where	word	mean	pinYin	toggle	pinYinSearch	Pronunciation	note	updated_at
南汇·周浦	我(我)	[空]	wu6(ɦu¹¹³)	true	wu6	暂无	自旧档汇入	2023-07-05T08:47:08+08:00
南汇·周浦	我(我)	[空]	vu6(vv̩¹¹³)	true	vu6	暂无	自旧档汇入	2023-07-05T08:47:08+08:00
南汇·周浦	沃(沃)	[空]	oq7(ʔoʔ⁵⁵)	true	oq7	暂无	自旧档汇入	2023-07-05T08:47:08+08:00
南汇·周浦	卧(臥)	[空]	ngu6(ŋu¹¹³)	true	ngu6	暂无	自旧档汇入	2023-07-05T08:47:08+08:00
南汇·周浦	握(握)	[空]	oq7(ʔoʔ⁵⁵)	true	oq7	暂无	自旧档汇入	2023-07-05T08:47:08+08:00
南汇·周浦	巫(巫)	[空]	u1(ʔu⁵²)	true	u1	暂无	自旧档汇入	2023-07-05T08:47:08+08:00
南汇·周浦	巫(巫)	[空]	vu1(ʔvv̩⁵²)	true	vu1	暂无	自旧档汇入	2023-07-05T08:47:08+08:00
南汇·周浦	屋(屋)	[空]	oq7(ʔoʔ⁵⁵)	true	oq7	暂无	自旧档汇入	2023-07-05T08:47:08+08:00
南汇·周浦	乌(烏)	[空]	u1(ʔu⁵²)	true	u1	暂无	自旧档汇入	2023-07-05T08:47:08+08:00
南汇·周浦	乌(烏)	[空]	uu1(ʔʋv̩⁵²)	true	uu1	暂无	自旧档汇入	2023-07-05T08:47:08+08:00
南汇·周浦	吾(吾)	[空]	wu6(ɦu¹¹³)	true	wu6	暂无	自旧档汇入	2023-07-05T08:47:08+08:00
南汇·周浦	吾(吾)	[空]	vu6(vv̩¹¹³)	true	vu6	暂无	自旧档汇入	2023-07-05T08:47:08+08:00
南汇·周浦	吴(吳)	[空]	vu6(vu¹¹³)	true	vu6	暂无	自旧档汇入	2023-07-05T08:47:08+08:00
南汇·周浦	梧(梧)	[空]	vu6(vv̩¹¹³)	true	vu6	暂无	自旧档汇入	2023-07-05T08:47:08+08:00
南汇·周浦	无(無)	[空]	vu6(vv̩¹¹³)	true	vu6	暂无	自旧档汇入	2023-07-05T08:47:08+08:00
南汇·周浦	蜈(蜈)	[空]	vu6(vv̩¹¹³)	true	vu6	暂无	自旧档汇入	2023-07-05T08:47:08+08:00
南汇·周浦	五(五)	[空]	ng6(ɦŋ̇¹¹³)	true	ng6	暂无	自旧档汇入	2023-07-05T08:47:08+08:00
南汇·周浦	午(午)	[空]	ng6(ɦŋ̇¹¹³)	true	ng6	暂无	自旧档汇入	2023-07-05T08:47:08+08:00
南汇·周浦	午(午)	[空]	vu6(vu¹¹³)	true	vu6	暂无	自旧档汇入	2023-07-05T08:47:08+08:00
南汇·周浦	武(武)	[空]	vu6(vv̩¹¹³)	true	vu6	暂无	自旧档汇入	2023-07-05T08:47:08+08:00
南汇·周浦	舞(舞)	[空]	wu6(ɦu¹¹³)	true	wu6	暂无	自旧档汇入	2023-07-05T08:47:08+08:00
南汇·周浦	舞(舞)	[空]	vu6(vv̩¹¹³)	true	vu6	暂无	自旧档汇入	2023-07-05T08:47:08+08:00
南汇·周浦	勿(勿)	[空]	veq7(ʔvəʔ⁵⁵)	true	veq7	暂无	自旧档汇入	2023-07-05T08:47:08+08:00
南汇·周浦	物(物)	[空]	veq8(vəʔ²³)	true	veq8	暂无	自旧档汇入	2023-07-05T08:47:08+08:00
南汇·周浦	悟(悟)	[空]	vu6(vv̩¹¹³)	true	vu6	暂无	自旧档汇入	2023-07-05T08:47:08+08:00
南汇·周浦	务(務)	[空]	wu6(ɦu¹¹³)	true	wu6	暂无	自旧档汇入	2023-07-05T08:47:08+08:00
南汇·周浦	务(務)	[空]	vu6(vv̩¹¹³)	true	vu6	暂无	自旧档汇入	2023-07-05T08:47:08+08:00
南汇·周浦	误(誤)	[空]	vu6(vv̩¹¹³)	true	vu6	暂无	自旧档汇入	2023-07-05T08:47:08+08:00
南汇·周浦	雾(霧)	[空]	wu6(ɦu¹¹³)	true	wu6	暂无	自旧档汇入	2023-07-05T08:47:08+08:00
南汇·周浦	夕(夕)	[空]	zhiq8(ʑɪʔ²³)	true	zhiq8	暂无	自旧档汇入	2023-07-05T08:47:08+08:00
南汇·周浦	西(西)	[空]	shi1(ɕi⁵²)	true	shi1	暂无	自旧档汇入	2023-07-05T08:47:08+08:00
南汇·周浦	吸(吸)	[空]	shiq7(ɕɪʔ⁵⁵)	true	shiq7	暂无	自旧档汇入	2023-07-05T08:47:08+08:00
南汇·周浦	希(希)	[空]	shi1(ɕi⁵²)	true	shi1	暂无	自旧档汇入	2023-07-05T08:47:08+08:00
南汇·周浦	昔(昔)	[空]	shiq7(ɕɪʔ⁵⁵)	true	shiq7	暂无	自旧档汇入	2023-07-05T08:47:08+08:00
南汇·周浦	析(析)	[空]	shiq7(ɕɪʔ⁵⁵)	true	shiq7	暂无	自旧档汇入	2023-07-05T08:47:08+08:00
南汇·周浦	息(息)	[空]	shiq7(ɕɪʔ⁵⁵)	true	shiq7	暂无	自旧档汇入	2023-07-05T08:47:08+08:00
南汇·周浦	奚(奚)	[空]	shi1(ɕi⁵²)	true	shi1	暂无	自旧档汇入	2023-07-05T08:47:08+08:00
南汇·周浦	奚(奚)	[空]	yi6(ɦi¹¹³)	true	yi6	暂无	自旧档汇入	2023-07-05T08:47:08+08:00
南汇·周浦	惜(惜)	[空]	shiq7(ɕɪʔ⁵⁵)	true	shiq7	暂无	自旧档汇入	2023-07-05T08:47:08+08:00
南汇·周浦	稀(稀)	[空]	shi1(ɕi⁵²)	true	shi1	暂无	自旧档汇入	2023-07-05T08:47:08+08:00
南汇·周浦	溪(溪)	[空]	chi1(tɕʰi⁵²)	true	chi1	暂无	自旧档汇入	2023-07-05T08:47:08+08:00
南汇·周浦	熄(熄)	[空]	shiq7(ɕɪʔ⁵⁵)	true	shiq7	暂无	自旧档汇入	2023-07-05T08:47:08+08:00
南汇·周浦	锡(錫)	[空]	shiq7(ɕɪʔ⁵⁵)	true	shiq7	暂无	自旧档汇入	2023-07-05T08:47:08+08:00
南汇·周浦	牺(犧)	[空]	shi1(ɕi⁵²)	true	shi1	暂无	自旧档汇入	2023-07-05T08:47:08+08:00
南汇·周浦	席(席)	[空]	zhiq8(ʑɪʔ²³)	true	zhiq8	暂无	自旧档汇入	2023-07-05T08:47:08+08:00
南汇·周浦	习(習)	[空]	zhiq8(ʑɪʔ²³)	true	zhiq8	暂无	自旧档汇入	2023-07-05T08:47:08+08:00
南汇·周浦	袭(襲)	[空]	zhiq8(ʑɪʔ²³)	true	zhiq8	暂无	自旧档汇入	2023-07-05T08:47:08+08:00
南汇·周浦	洗(洗)	[空]	shi3(ɕi⁴⁴)	true	shi3	暂无	自旧档汇入	2023-07-05T08:47:08+08:00
南汇·周浦	喜(喜)	[空]	shi3(ɕi⁴⁴)	true	shi3	暂无	自旧档汇入	2023-07-05T08:47:08+08:00
南汇·周浦	系(系)	[空]	yi6(ɦi¹¹³)	true	yi6	暂无	自旧档汇入	2023-07-05T08:47:08+08:00
南汇·周浦	系(係)	[空]	yi6(ɦi¹¹³)	true	yi6	暂无	自旧档汇入	2023-07-05T08:47:08+08:00
南汇·周浦	细(細)	[空]	shi5(ɕi³³⁵)	true	shi5	暂无	自旧档汇入	2023-07-05T08:47:08+08:00
南汇·周浦	戏(戲)	[空]	shi³⁵(ɕi³⁵)	true	shi³⁵	暂无	自旧档汇入	2023-07-05T08:47:08+08:00
南汇·周浦	瞎(瞎)	[空]	haq7(hɑʔ⁵⁵)	true	haq7	暂无	自旧档汇入	2023-07-05T08:47:08+08:00
南汇·周浦	虾(蝦)	[空]	hoe1(hø⁵²)	true	hoe1	暂无	自旧档汇入	2023-07-05T08:47:08+08:00
南汇·周浦	匣(匣)	[空]	ghaq8(ɦɑʔ²³)	true	ghaq8	暂无	自旧档汇入	2023-07-05T08:47:08+08:00
南汇·周浦	侠(俠)	[空]	yaq8(ɦiɑʔ²³)	true	yaq8	暂无	自旧档汇入	2023-07-05T08:47:08+08:00
南汇·周浦	狭(狹)	[空]	ghaq8(ɦɑʔ²³)	true	ghaq8	暂无	自旧档汇入	2023-07-05T08:47:08+08:00
南汇·周浦	辖(轄)	[空]	ghaq8(ɦɑʔ²³)	true	ghaq8	暂无	自旧档汇入	2023-07-05T08:47:08+08:00
南汇·周浦	霞(霞)	[空]	zhia6(ʑiɑ¹¹³)	true	zhia6	暂无	自旧档汇入	2023-07-05T08:47:08+08:00
南汇·周浦	下(下)	[空]	ghau6(ɦɔ¹¹³)	true	ghau6	暂无	自旧档汇入	2023-07-05T08:47:08+08:00
南汇·周浦	下(下)	[空]	ghau6(ɦɔ¹¹³)	true	ghau6	暂无	自旧档汇入	2023-07-05T08:47:08+08:00
南汇·周浦	下(下)	[空]	gho6(ɦo¹¹³)	true	gho6	暂无	自旧档汇入	2023-07-05T08:47:08+08:00
南汇·周浦	下(下)	[空]	gho6(ɦo¹¹³)	true	gho6	暂无	自旧档汇入	2023-07-05T08:47:08+08:00
南汇·周浦	夏(夏)	[空]	ghau6(ɦɔ¹¹³)	true	ghau6	暂无	自旧档汇入	2023-07-05T08:47:08+08:00
南汇·周浦	吓(嚇)	[空]	haq7(hɑʔ⁵⁵)	true	haq7	暂无	自旧档汇入	2023-07-05T08:47:08+08:00
南汇·周浦	仙(仙)	[空]	shi1(ɕi⁵²)	true	shi1	暂无	自旧档汇入	2023-07-05T08:47:08+08:00
南汇·周浦	屳(屳)	[空]	shi1(ɕi⁵²)	true	shi1	暂无	自旧档汇入	2023-07-05T08:47:08+08:00
南汇·周浦	先(先)	[空]	shi1(ɕi⁵²)	true	shi1	暂无	自旧档汇入	2023-07-05T08:47:08+08:00
南汇·周浦	掀(掀)	[空]	shi1(ɕi⁵²)	true	shi1	暂无	自旧档汇入	2023-07-05T08:47:08+08:00
南汇·周浦	鲜(鮮)	[空]	shi1(ɕi⁵²)	true	shi1	暂无	自旧档汇入	2023-07-05T08:47:08+08:00
南汇·周浦	闲(閑)	[空]	ghae6(ɦɛ¹¹³)	true	ghae6	暂无	自旧档汇入	2023-07-05T08:47:08+08:00
南汇·周浦	嫌(嫌)	[空]	yi6(ɦi¹¹³)	true	yi6	暂无	自旧档汇入	2023-07-05T08:47:08+08:00
南汇·周浦	衔(銜)	[空]	ghae6(ɦɛ¹¹³)	true	ghae6	暂无	自旧档汇入	2023-07-05T08:47:08+08:00
南汇·周浦	险(險)	[空]	shi3(ɕi⁴⁴)	true	shi3	暂无	自旧档汇入	2023-07-05T08:47:08+08:00
南汇·周浦	显(顯)	[空]	shi3(ɕi⁴⁴)	true	shi3	暂无	自旧档汇入	2023-07-05T08:47:08+08:00
南汇·周浦	限(限)	[空]	ghae6(ɦɛ¹¹³)	true	ghae6	暂无	自旧档汇入	2023-07-05T08:47:08+08:00
南汇·周浦	陷(陷)	[空]	ghae6(ɦɛ¹¹³)	true	ghae6	暂无	自旧档汇入	2023-07-05T08:47:08+08:00
南汇·周浦	陷(陷)	[空]	yae6(ɦiɛ¹¹³)	true	yae6	暂无	自旧档汇入	2023-07-05T08:47:08+08:00
南汇·周浦	现(現)	[空]	yi6(ɦi¹¹³)	true	yi6	暂无	自旧档汇入	2023-07-05T08:47:08+08:00
南汇·周浦	羡(羨)	[空]	yi6(ɦi¹¹³)	true	yi6	暂无	自旧档汇入	2023-07-05T08:47:08+08:00
南汇·周浦	线(綫)	[空]	shi5(ɕi³³⁵)	true	shi5	暂无	自旧档汇入	2023-07-05T08:47:08+08:00
南汇·周浦	县(縣)	[空]	yoe6(ɦyø¹¹³)	true	yoe6	暂无	自旧档汇入	2023-07-05T08:47:08+08:00
南汇·周浦	馅(餡)	[空]	ghae6(ɦɛ¹¹³)	true	ghae6	暂无	自旧档汇入	2023-07-05T08:47:08+08:00
南汇·周浦	献(獻)	[空]	shi5(ɕi³³⁵)	true	shi5	暂无	自旧档汇入	2023-07-05T08:47:08+08:00
南汇·周浦	相(相)	[空]	shian5(ɕiᴀ̃³³⁵)	true	shian5	暂无	自旧档汇入	2023-07-05T08:47:08+08:00
南汇·周浦	相(相)	[空]	shian1(ɕiᴀ̃⁵²)	true	shian1	暂无	自旧档汇入	2023-07-05T08:47:08+08:00
南汇·周浦	香(香)	[空]	shian1(ɕiᴀ̃⁵²)	true	shian1	暂无	自旧档汇入	2023-07-05T08:47:08+08:00
南汇·周浦	乡(鄉)	[空]	shian1(ɕiᴀ̃⁵²)	true	shian1	暂无	自旧档汇入	2023-07-05T08:47:08+08:00
南汇·周浦	厢(廂)	[空]	shian1(ɕiᴀ̃⁵²)	true	shian1	暂无	自旧档汇入	2023-07-05T08:47:08+08:00
南汇·周浦	箱(箱)	[空]	shian1(ɕiᴀ̃⁵²)	true	shian1	暂无	自旧档汇入	2023-07-05T08:47:08+08:00
南汇·周浦	襄(襄)	[空]	shian1(ɕiᴀ̃⁵²)	true	shian1	暂无	自旧档汇入	2023-07-05T08:47:08+08:00
南汇·周浦	祥(祥)	[空]	yan6(ɦiᴀ̃¹¹³)	true	yan6	暂无	自旧档汇入	2023-07-05T08:47:08+08:00
南汇·周浦	祥(祥)	[空]	zhian6(ʑiᴀ̃¹¹³)	true	zhian6	暂无	自旧档汇入	2023-07-05T08:47:08+08:00
南汇·周浦	详(詳)	[空]	yan6(ɦiᴀ̃¹¹³)	true	yan6	暂无	自旧档汇入	2023-07-05T08:47:08+08:00
南汇·周浦	详(詳)	[空]	zhian6(ʑiᴀ̃¹¹³)	true	zhian6	暂无	自旧档汇入	2023-07-05T08:47:08+08:00
南汇·周浦	享(享)	[空]	shian3(ɕiᴀ̃⁴⁴)	true	shian3	暂无	自旧档汇入	2023-07-05T08:47:08+08:00
南汇·周浦	想(想)	[空]	shian3(ɕiᴀ̃⁴⁴)	true	shian3	暂无	自旧档汇入	2023-07-05T08:47:08+08:00
南汇·周浦	响(響)	[空]	shian3(ɕiᴀ̃⁴⁴)	true	shian3	暂无	自旧档汇入	2023-07-05T08:47:08+08:00
南汇·周浦	向(向)	[空]	shian5(ɕiᴀ̃³³⁵)	true	shian5	暂无	自旧档汇入	2023-07-05T08:47:08+08:00
南汇·周浦	巷(巷)	[空]	ghaon6(ɦɒ̃¹¹³)	true	ghaon6	暂无	自旧档汇入	2023-07-05T08:47:08+08:00
南汇·周浦	象(象)	[空]	zhian6(ʑiᴀ̃¹¹³)	true	zhian6	暂无	自旧档汇入	2023-07-05T08:47:08+08:00
南汇·周浦	项(項)	[空]	ghaon6(ɦɒ̃¹¹³)	true	ghaon6	暂无	自旧档汇入	2023-07-05T08:47:08+08:00
南汇·周浦	像(像)	[空]	yan6(ɦiᴀ̃¹¹³)	true	yan6	暂无	自旧档汇入	2023-07-05T08:47:08+08:00
南汇·周浦	像(像)	[空]	zhian6(ʑiᴀ̃¹¹³)	true	zhian6	暂无	自旧档汇入	2023-07-05T08:47:08+08:00
南汇·周浦	消(消)	[空]	shiau1(ɕiɔ⁵²)	true	shiau1	暂无	自旧档汇入	2023-07-05T08:47:08+08:00
南汇·周浦	宵(宵)	[空]	shiau1(ɕiɔ⁵²)	true	shiau1	暂无	自旧档汇入	2023-07-05T08:47:08+08:00
南汇·周浦	销(銷)	[空]	shiau1(ɕiɔ⁵²)	true	shiau1	暂无	自旧档汇入	2023-07-05T08:47:08+08:00
南汇·周浦	萧(蕭)	[空]	shiau1(ɕiɔ⁵²)	true	shiau1	暂无	自旧档汇入	2023-07-05T08:47:08+08:00
南汇·周浦	嚣(囂)	[空]	shiau1(ɕiɔ⁵²)	true	shiau1	暂无	自旧档汇入	2023-07-05T08:47:08+08:00
南汇·周浦	小(小)	[空]	shiau3(ɕiɔ⁴⁴)	true	shiau3	暂无	自旧档汇入	2023-07-05T08:47:08+08:00
南汇·周浦	晓(曉)	[空]	shiau3(ɕiɔ⁴⁴)	true	shiau3	暂无	自旧档汇入	2023-07-05T08:47:08+08:00
南汇·周浦	孝(孝)	[空]	shiau5(ɕiɔ³³⁵)	true	shiau5	暂无	自旧档汇入	2023-07-05T08:47:08+08:00
南汇·周浦	校(校)	[空]	yau6(ɦiɔ¹¹³)	true	yau6	暂无	自旧档汇入	2023-07-05T08:47:08+08:00
南汇·周浦	校(校)	[空]	ciau5(tɕiɔ³³⁵)	true	ciau5	暂无	自旧档汇入	2023-07-05T08:47:08+08:00
南汇·周浦	笑(笑)	[空]	shiau5(ɕiɔ³³⁵)	true	shiau5	暂无	自旧档汇入	2023-07-05T08:47:08+08:00
南汇·周浦	些(些)	[空]	shiae1(ɕiɛ⁵²)	true	shiae1	暂无	自旧档汇入	2023-07-05T08:47:08+08:00
南汇·周浦	些(些)	[空]	shiq7(ɕiʔ⁵⁵)	true	shiq7	暂无	自旧档汇入	2023-07-05T08:47:08+08:00
南汇·周浦	歇(歇)	[空]	shiq7(ɕɪʔ⁵⁵)	true	shiq7	暂无	自旧档汇入	2023-07-05T08:47:08+08:00
南汇·周浦	邪(邪)	[空]	ya6(ɦiɑ¹¹³)	true	ya6	暂无	自旧档汇入	2023-07-05T08:47:08+08:00
南汇·周浦	邪(邪)	[空]	zhia6(ʑiɑ¹¹³)	true	zhia6	暂无	自旧档汇入	2023-07-05T08:47:08+08:00
南汇·周浦	协(協)	[空]	yaq8(ɦiɑʔ²³)	true	yaq8	暂无	自旧档汇入	2023-07-05T08:47:08+08:00
南汇·周浦	挟(挾)	[空]	ciq7(tɕɪʔ⁵⁵)	true	ciq7	暂无	自旧档汇入	2023-07-05T08:47:08+08:00
南汇·周浦	胁(脅)	[空]	shiq7(ɕɪʔ⁵⁵)	true	shiq7	暂无	自旧档汇入	2023-07-05T08:47:08+08:00
南汇·周浦	斜(斜)	[空]	zhia6(ʑiɑ¹¹³)	true	zhia6	暂无	自旧档汇入	2023-07-05T08:47:08+08:00
南汇·周浦	鞋(鞋)	[空]	gha6(ɦɑ¹¹³)	true	gha6	暂无	自旧档汇入	2023-07-05T08:47:08+08:00
南汇·周浦	谐(諧)	[空]	yae6(ɦiɛ¹¹³)	true	yae6	暂无	自旧档汇入	2023-07-05T08:47:08+08:00
南汇·周浦	写(寫)	[空]	shia3(ɕiɑ⁴⁴)	true	shia3	暂无	自旧档汇入	2023-07-05T08:47:08+08:00
南汇·周浦	卸(卸)	[空]	shia5(ɕiɑ³³⁵)	true	shia5	暂无	自旧档汇入	2023-07-05T08:47:08+08:00
南汇·周浦	屑(屑)	[空]	shiq7(ɕɪʔ⁵⁵)	true	shiq7	暂无	自旧档汇入	2023-07-05T08:47:08+08:00
南汇·周浦	谢(謝)	[空]	zhia6(ʑiɑ¹¹³)	true	zhia6	暂无	自旧档汇入	2023-07-05T08:47:08+08:00
南汇·周浦	泻(瀉)	[空]	shia5(ɕiɑ³³⁵)	true	shia5	暂无	自旧档汇入	2023-07-05T08:47:08+08:00
南汇·周浦	蟹(蟹)	[空]	ha3(hɑ⁴⁴)	true	ha3	暂无	自旧档汇入	2023-07-05T08:47:08+08:00
南汇·周浦	心(心)	[空]	shin1(ɕiɪŋ⁵²)	true	shin1	暂无	自旧档汇入	2023-07-05T08:47:08+08:00
南汇·周浦	辛(辛)	[空]	shin1(ɕiɪŋ⁵²)	true	shin1	暂无	自旧档汇入	2023-07-05T08:47:08+08:00
南汇·周浦	欣(欣)	[空]	shin1(ɕiɪŋ⁵²)	true	shin1	暂无	自旧档汇入	2023-07-05T08:47:08+08:00
南汇·周浦	新(新)	[空]	shin1(ɕiɪŋ⁵²)	true	shin1	暂无	自旧档汇入	2023-07-05T08:47:08+08:00
南汇·周浦	信(信)	[空]	shin5(ɕiɪŋ³³⁵)	true	shin5	暂无	自旧档汇入	2023-07-05T08:47:08+08:00
南汇·周浦	星(星)	[空]	shin1(ɕiɪŋ⁵²)	true	shin1	暂无	自旧档汇入	2023-07-05T08:47:08+08:00
南汇·周浦	腥(腥)	[空]	shin1(ɕiɪŋ⁵²)	true	shin1	暂无	自旧档汇入	2023-07-05T08:47:08+08:00
南汇·周浦	形(形)	[空]	yin6(ɦiɪŋ¹¹³)	true	yin6	暂无	自旧档汇入	2023-07-05T08:47:08+08:00
南汇·周浦	型(型)	[空]	yin6(ɦiɪŋ¹¹³)	true	yin6	暂无	自旧档汇入	2023-07-05T08:47:08+08:00
南汇·周浦	醒(醒)	[空]	shin3(ɕiɪŋ⁴⁴)	true	shin3	暂无	自旧档汇入	2023-07-05T08:47:08+08:00
南汇·周浦	杏(杏)	[空]	ghan6(ɦᴀ̃¹¹³)	true	ghan6	暂无	自旧档汇入	2023-07-05T08:47:08+08:00
南汇·周浦	幸(幸)	[空]	yin6(ɦiɪŋ¹¹³)	true	yin6	暂无	自旧档汇入	2023-07-05T08:47:08+08:00
南汇·周浦	性(性)	[空]	shin5(ɕiɪŋ³³⁵)	true	shin5	暂无	自旧档汇入	2023-07-05T08:47:08+08:00
南汇·周浦	姓(姓)	[空]	shin5(ɕiɪŋ³³⁵)	true	shin5	暂无	自旧档汇入	2023-07-05T08:47:08+08:00
南汇·周浦	兴(興)	[空]	shin5(ɕiɪŋ³³⁵)	true	shin5	暂无	自旧档汇入	2023-07-05T08:47:08+08:00
南汇·周浦	兴(興)	[空]	shin1(ɕiɪŋ⁵²)	true	shin1	暂无	自旧档汇入	2023-07-05T08:47:08+08:00
南汇·周浦	凶(凶)	[空]	shion1(ɕioŋ⁵²)	true	shion1	暂无	自旧档汇入	2023-07-05T08:47:08+08:00
南汇·周浦	兄(兄)	[空]	shion1(ɕioŋ⁵²)	true	shion1	暂无	自旧档汇入	2023-07-05T08:47:08+08:00
南汇·周浦	胸(胸)	[空]	shion1(ɕioŋ⁵²)	true	shion1	暂无	自旧档汇入	2023-07-05T08:47:08+08:00
南汇·周浦	雄(雄)	[空]	yon6(ɦioŋ¹¹³)	true	yon6	暂无	自旧档汇入	2023-07-05T08:47:08+08:00
南汇·周浦	熊(熊)	[空]	yon6(ɦioŋ¹¹³)	true	yon6	暂无	自旧档汇入	2023-07-05T08:47:08+08:00
南汇·周浦	休(休)	[空]	shieu1(ɕiɤ⁵²)	true	shieu1	暂无	自旧档汇入	2023-07-05T08:47:08+08:00
南汇·周浦	修(修)	[空]	shieu1(ɕiɤ⁵²)	true	shieu1	暂无	自旧档汇入	2023-07-05T08:47:08+08:00
南汇·周浦	羞(羞)	[空]	shieu1(ɕiɤ⁵²)	true	shieu1	暂无	自旧档汇入	2023-07-05T08:47:08+08:00
南汇·周浦	朽(朽)	[空]	shieu3(ɕiɤ⁴⁴)	true	shieu3	暂无	自旧档汇入	2023-07-05T08:47:08+08:00
南汇·周浦	宿(宿)	[空]	shieu5(ɕiɤ³³⁵)	true	shieu5	暂无	自旧档汇入	2023-07-05T08:47:08+08:00
南汇·周浦	宿(宿)	[空]	soq7(soʔ⁵⁵)	true	soq7	暂无	自旧档汇入	2023-07-05T08:47:08+08:00
南汇·周浦	秀(秀)	[空]	shieu5(ɕiɤ³³⁵)	true	shieu5	暂无	自旧档汇入	2023-07-05T08:47:08+08:00
南汇·周浦	袖(袖)	[空]	zhieu6(ʑiɤ¹¹³)	true	zhieu6	暂无	自旧档汇入	2023-07-05T08:47:08+08:00
南汇·周浦	嗅(嗅)	[空]	shieu5(ɕiɤ³³⁵)	true	shieu5	暂无	自旧档汇入	2023-07-05T08:47:08+08:00
南汇·周浦	绣(綉)	[空]	shieu5(ɕiɤ³³⁵)	true	shieu5	暂无	自旧档汇入	2023-07-05T08:47:08+08:00
南汇·周浦	绣(繡)	[空]	shieu5(ɕiɤ³³⁵)	true	shieu5	暂无	自旧档汇入	2023-07-05T08:47:08+08:00
南汇·周浦	虚(虛)	[空]	shiu1(ɕy⁵²)	true	shiu1	暂无	自旧档汇入	2023-07-05T08:47:08+08:00
南汇·周浦	须(須)	[空]	shiu1(ɕy⁵²)	true	shiu1	暂无	自旧档汇入	2023-07-05T08:47:08+08:00
南汇·周浦	需(需)	[空]	shiu1(ɕy⁵²)	true	shiu1	暂无	自旧档汇入	2023-07-05T08:47:08+08:00
南汇·周浦	须(鬚)	[空]	shiu1(ɕy⁵²)	true	shiu1	暂无	自旧档汇入	2023-07-05T08:47:08+08:00
南汇·周浦	徐(徐)	[空]	zhi6(ʑi¹¹³)	true	zhi6	暂无	自旧档汇入	2023-07-05T08:47:08+08:00
南汇·周浦	徐(徐)	[空]	zhiu6(ʑy¹¹³)	true	zhiu6	暂无	自旧档汇入	2023-07-05T08:47:08+08:00
南汇·周浦	序(序)	[空]	zhiu6(ʑy¹¹³)	true	zhiu6	暂无	自旧档汇入	2023-07-05T08:47:08+08:00
南汇·周浦	壻(壻)	[空]	shi5(ɕi³³⁵)	true	shi5	暂无	自旧档汇入	2023-07-05T08:47:08+08:00
南汇·周浦	婿(婿)	[空]	shi5(ɕi³³⁵)	true	shi5	暂无	自旧档汇入	2023-07-05T08:47:08+08:00
南汇·周浦	蓄(蓄)	[空]	shioq7(ɕioʔ⁵⁵)	true	shioq7	暂无	自旧档汇入	2023-07-05T08:47:08+08:00
南汇·周浦	绪(緒)	[空]	zhiu6(ʑy¹¹³)	true	zhiu6	暂无	自旧档汇入	2023-07-05T08:47:08+08:00
南汇·周浦	续(續)	[空]	zoq8(zoʔ²³)	true	zoq8	暂无	自旧档汇入	2023-07-05T08:47:08+08:00
南汇·周浦	宣(宣)	[空]	shi1(ɕi⁵²)	true	shi1	暂无	自旧档汇入	2023-07-05T08:47:08+08:00
南汇·周浦	轩(軒)	[空]	shi1(ɕi⁵²)	true	shi1	暂无	自旧档汇入	2023-07-05T08:47:08+08:00
南汇·周浦	喧(喧)	[空]	shioe1(ɕyø⁵²)	true	shioe1	暂无	自旧档汇入	2023-07-05T08:47:08+08:00
南汇·周浦	玄(玄)	[空]	yoe6(ɦyø¹¹³)	true	yoe6	暂无	自旧档汇入	2023-07-05T08:47:08+08:00
南汇·周浦	旋(旋)	[空]	zhi6(ʑi¹¹³)	true	zhi6	暂无	自旧档汇入	2023-07-05T08:47:08+08:00
南汇·周浦	悬(懸)	[空]	yoe6(ɦyø¹¹³)	true	yoe6	暂无	自旧档汇入	2023-07-05T08:47:08+08:00
南汇·周浦	选(選)	[空]	shi3(ɕi⁴⁴)	true	shi3	暂无	自旧档汇入	2023-07-05T08:47:08+08:00
南汇·周浦	癣(癬)	[空]	shi3(ɕi⁴⁴)	true	shi3	暂无	自旧档汇入	2023-07-05T08:47:08+08:00
南汇·周浦	削(削)	[空]	shiaq7(ɕiɑʔ⁵⁵)	true	shiaq7	暂无	自旧档汇入	2023-07-05T08:47:08+08:00
南汇·周浦	靴(靴)	[空]	shioe1(ɕyø⁵²)	true	shioe1	暂无	自旧档汇入	2023-07-05T08:47:08+08:00
南汇·周浦	穴(穴)	[空]	yoq8(ɦioʔ²³)	true	yoq8	暂无	自旧档汇入	2023-07-05T08:47:08+08:00
南汇·周浦	穴(穴)	[空]	yuq8(ɦyɪʔ²³)	true	yuq8	暂无	自旧档汇入	2023-07-05T08:47:08+08:00
南汇·周浦	学(學)	[空]	ghaoq8(ɦɒʔ²³)	true	ghaoq8	暂无	自旧档汇入	2023-07-05T08:47:08+08:00
南汇·周浦	学(學)	[空]	yaq8(ɦiɑʔ²³)	true	yaq8	暂无	自旧档汇入	2023-07-05T08:47:08+08:00
南汇·周浦	学(學)	[空]	ghoq8(ɦoʔ²³)	true	ghoq8	暂无	自旧档汇入	2023-07-05T08:47:08+08:00
南汇·周浦	雪(雪)	[空]	shiq7(ɕɪʔ⁵⁵)	true	shiq7	暂无	自旧档汇入	2023-07-05T08:47:08+08:00
南汇·周浦	雪(雪)	[空]	shiuq7(ɕyɪʔ⁵⁵)	true	shiuq7	暂无	自旧档汇入	2023-07-05T08:47:08+08:00
南汇·周浦	血(血)	[空]	shiuq7(ɕyɪʔ⁵⁵)	true	shiuq7	暂无	自旧档汇入	2023-07-05T08:47:08+08:00
南汇·周浦	熏(熏)	[空]	shion1(ɕioŋ⁵²)	true	shion1	暂无	自旧档汇入	2023-07-05T08:47:08+08:00
南汇·周浦	薰(薰)	[空]	shion1(ɕioŋ⁵²)	true	shion1	暂无	自旧档汇入	2023-07-05T08:47:08+08:00
南汇·周浦	旬(旬)	[空]	zhin6(ʑiɪŋ¹¹³)	true	zhin6	暂无	自旧档汇入	2023-07-05T08:47:08+08:00
南汇·周浦	旬(旬)	[空]	zhiun6(ʑyɪŋ¹¹³)	true	zhiun6	暂无	自旧档汇入	2023-07-05T08:47:08+08:00
南汇·周浦	巡(巡)	[空]	zhin6(ʑiɪŋ¹¹³)	true	zhin6	暂无	自旧档汇入	2023-07-05T08:47:08+08:00
南汇·周浦	巡(巡)	[空]	zhion6(ʑioŋ¹¹³)	true	zhion6	暂无	自旧档汇入	2023-07-05T08:47:08+08:00
南汇·周浦	寻(尋)	[空]	zhin6(ʑiɪŋ¹¹³)	true	zhin6	暂无	自旧档汇入	2023-07-05T08:47:08+08:00
南汇·周浦	殉(殉)	[空]	zhin6(ʑiɪŋ¹¹³)	true	zhin6	暂无	自旧档汇入	2023-07-05T08:47:08+08:00
南汇·周浦	殉(殉)	[空]	zhiuɪn6(ʑyɪn¹¹³)	true	zhiuɪn6	暂无	自旧档汇入	2023-07-05T08:47:08+08:00
南汇·周浦	训(訓)	[空]	shion5(ɕioŋ³³⁵)	true	shion5	暂无	自旧档汇入	2023-07-05T08:47:08+08:00
南汇·周浦	逊(遜)	[空]	shiuɪn5(ɕyɪn³³⁵)	true	shiuɪn5	暂无	自旧档汇入	2023-07-05T08:47:08+08:00
南汇·周浦	逊(遜)	[空]	sen5(səŋ³³⁵)	true	sen5	暂无	自旧档汇入	2023-07-05T08:47:08+08:00
南汇·周浦	丫(丫)	[空]	au1(ʔɔ⁵²)	true	au1	暂无	自旧档汇入	2023-07-05T08:47:08+08:00
南汇·周浦	押(押)	[空]	aq7(ʔɑʔ⁵⁵)	true	aq7	暂无	自旧档汇入	2023-07-05T08:47:08+08:00
南汇·周浦	鸦(鴉)	[空]	ia1(ʔiɑ⁵²)	true	ia1	暂无	自旧档汇入	2023-07-05T08:47:08+08:00
南汇·周浦	鸭(鴨)	[空]	aq7(ʔɑʔ⁵⁵)	true	aq7	暂无	自旧档汇入	2023-07-05T08:47:08+08:00
南汇·周浦	压(壓)	[空]	aq7(ʔɑʔ⁵⁵)	true	aq7	暂无	自旧档汇入	2023-07-05T08:47:08+08:00
南汇·周浦	牙(牙)	[空]	nga6(ŋɑ¹¹³)	true	nga6	暂无	自旧档汇入	2023-07-05T08:47:08+08:00
南汇·周浦	芽(芽)	[空]	nga6(ŋɑ¹¹³)	true	nga6	暂无	自旧档汇入	2023-07-05T08:47:08+08:00
南汇·周浦	崖(崖)	[空]	ya6(ɦiɑ¹¹³)	true	ya6	暂无	自旧档汇入	2023-07-05T08:47:08+08:00
南汇·周浦	衙(衙)	[空]	ya6(ɦiɑ¹¹³)	true	ya6	暂无	自旧档汇入	2023-07-05T08:47:08+08:00
南汇·周浦	衙(衙)	[空]	nga6(ŋɑ¹¹³)	true	nga6	暂无	自旧档汇入	2023-07-05T08:47:08+08:00
南汇·周浦	哑(啞)	[空]	au3(ʔɔ⁴⁴)	true	au3	暂无	自旧档汇入	2023-07-05T08:47:08+08:00
南汇·周浦	雅(雅)	[空]	ia3(ʔiɑ⁴⁴)	true	ia3	暂无	自旧档汇入	2023-07-05T08:47:08+08:00
南汇·周浦	亚(亞)	[空]	ia1(ʔiɑ⁵²)	true	ia1	暂无	自旧档汇入	2023-07-05T08:47:08+08:00
南汇·周浦	轧(軋)	[空]	ɡaq8(ɡɑʔ²³)	true	ɡaq8	暂无	自旧档汇入	2023-07-05T08:47:08+08:00
南汇·周浦	轧(軋)	[空]	ɡaq8(ɡɑʔ²³)	true	ɡaq8	暂无	自旧档汇入	2023-07-05T08:47:08+08:00
南汇·周浦	淹(淹)	[空]	i1(ʔi⁵²)	true	i1	暂无	自旧档汇入	2023-07-05T08:47:08+08:00
南汇·周浦	烟(煙)	[空]	i1(ʔi⁵²)	true	i1	暂无	自旧档汇入	2023-07-05T08:47:08+08:00
南汇·周浦	言(言)	[空]	yi6(ɦi¹¹³)	true	yi6	暂无	自旧档汇入	2023-07-05T08:47:08+08:00
南汇·周浦	炎(炎)	[空]	yi6(ɦi¹¹³)	true	yi6	暂无	自旧档汇入	2023-07-05T08:47:08+08:00
南汇·周浦	沿(沿)	[空]	yi6(ɦi¹¹³)	true	yi6	暂无	自旧档汇入	2023-07-05T08:47:08+08:00
南汇·周浦	研(研)	[空]	gni1(ʔȵi⁵²)	true	gni1	暂无	自旧档汇入	2023-07-05T08:47:08+08:00
南汇·周浦	颜(顏)	[空]	ngae6(ŋɛ¹¹³)	true	ngae6	暂无	自旧档汇入	2023-07-05T08:47:08+08:00
南汇·周浦	颜(顔)	[空]	ngae6(ŋɛ¹¹³)	true	ngae6	暂无	自旧档汇入	2023-07-05T08:47:08+08:00
南汇·周浦	严(嚴)	[空]	gni6(ȵi¹¹³)	true	gni6	暂无	自旧档汇入	2023-07-05T08:47:08+08:00
南汇·周浦	盐(鹽)	[空]	yi6(ɦi¹¹³)	true	yi6	暂无	自旧档汇入	2023-07-05T08:47:08+08:00
南汇·周浦	掩(掩)	[空]	i3(ʔi⁴⁴)	true	i3	暂无	自旧档汇入	2023-07-05T08:47:08+08:00
南汇·周浦	眼(眼)	[空]	ngae6(ŋɛ¹¹³)	true	ngae6	暂无	自旧档汇入	2023-07-05T08:47:08+08:00
南汇·周浦	演(演)	[空]	i3(ʔi⁴⁴)	true	i3	暂无	自旧档汇入	2023-07-05T08:47:08+08:00
南汇·周浦	晏(晏)	[空]	ae5(ʔĘ³³⁵)	true	ae5	暂无	自旧档汇入	2023-07-05T08:47:08+08:00
南汇·周浦	晏(晏)	[空]	i5(ʔi³³⁵)	true	i5	暂无	自旧档汇入	2023-07-05T08:47:08+08:00
南汇·周浦	雁(雁)	[空]	i5(ʔi³³⁵)	true	i5	暂无	自旧档汇入	2023-07-05T08:47:08+08:00
南汇·周浦	焰(焰)	[空]	yi6(ɦi¹¹³)	true	yi6	暂无	自旧档汇入	2023-07-05T08:47:08+08:00
南汇·周浦	厌(厭)	[空]	i5(ʔi³³⁵)	true	i5	暂无	自旧档汇入	2023-07-05T08:47:08+08:00
南汇·周浦	燕(燕)	[空]	i5(ʔi³³⁵)	true	i5	暂无	自旧档汇入	2023-07-05T08:47:08+08:00
南汇·周浦	验(驗)	[空]	gni6(ȵi¹¹³)	true	gni6	暂无	自旧档汇入	2023-07-05T08:47:08+08:00
南汇·周浦	艳(豔)	[空]	yi6(ɦi¹¹³)	true	yi6	暂无	自旧档汇入	2023-07-05T08:47:08+08:00
南汇·周浦	央(央)	[空]	ian1(ʔiᴀ̃⁵²)	true	ian1	暂无	自旧档汇入	2023-07-05T08:47:08+08:00
南汇·周浦	殃(殃)	[空]	ian1(ʔiᴀ̃⁵²)	true	ian1	暂无	自旧档汇入	2023-07-05T08:47:08+08:00
南汇·周浦	秧(秧)	[空]	ian1(ʔiᴀ̃⁵²)	true	ian1	暂无	自旧档汇入	2023-07-05T08:47:08+08:00
南汇·周浦	羊(羊)	[空]	yan6(ɦiᴀ̃¹¹³)	true	yan6	暂无	自旧档汇入	2023-07-05T08:47:08+08:00
南汇·周浦	洋(洋)	[空]	yan6(ɦiᴀ̃¹¹³)	true	yan6	暂无	自旧档汇入	2023-07-05T08:47:08+08:00
南汇·周浦	阳(陽)	[空]	yan6(ɦiᴀ̃¹¹³)	true	yan6	暂无	自旧档汇入	2023-07-05T08:47:08+08:00
南汇·周浦	杨(楊)	[空]	yan6(ɦiᴀ̃¹¹³)	true	yan6	暂无	自旧档汇入	2023-07-05T08:47:08+08:00
南汇·周浦	仰(仰)	[空]	gnian6(ȵiᴀ̃¹¹³)	true	gnian6	暂无	自旧档汇入	2023-07-05T08:47:08+08:00
南汇·周浦	养(養)	[空]	yan6(ɦiᴀ̃¹¹³)	true	yan6	暂无	自旧档汇入	2023-07-05T08:47:08+08:00
南汇·周浦	痒(癢)	[空]	yan6(ɦiᴀ̃¹¹³)	true	yan6	暂无	自旧档汇入	2023-07-05T08:47:08+08:00
南汇·周浦	样(樣)	[空]	yan6(ɦiᴀ̃¹¹³)	true	yan6	暂无	自旧档汇入	2023-07-05T08:47:08+08:00
南汇·周浦	妖(妖)	[空]	iau1(ʔiɔ⁵²)	true	iau1	暂无	自旧档汇入	2023-07-05T08:47:08+08:00
南汇·周浦	腰(腰)	[空]	iau1(ʔiɔ⁵²)	true	iau1	暂无	自旧档汇入	2023-07-05T08:47:08+08:00
南汇·周浦	邀(邀)	[空]	iau1(ʔiɔ⁵²)	true	iau1	暂无	自旧档汇入	2023-07-05T08:47:08+08:00
南汇·周浦	肴(肴)	[空]	yau6(ɦiɔ¹¹³)	true	yau6	暂无	自旧档汇入	2023-07-05T08:47:08+08:00
南汇·周浦	尧(堯)	[空]	yau6(ɦiɔ¹¹³)	true	yau6	暂无	自旧档汇入	2023-07-05T08:47:08+08:00
南汇·周浦	摇(搖)	[空]	yau6(ɦiɔ¹¹³)	true	yau6	暂无	自旧档汇入	2023-07-05T08:47:08+08:00
南汇·周浦	謡(謡)	[空]	yau6(ɦiɔ¹¹³)	true	yau6	暂无	自旧档汇入	2023-07-05T08:47:08+08:00
南汇·周浦	谣(謠)	[空]	yau6(ɦiɔ¹¹³)	true	yau6	暂无	自旧档汇入	2023-07-05T08:47:08+08:00
南汇·周浦	咬(咬)	[空]	ngau6(ŋɔ¹¹³)	true	ngau6	暂无	自旧档汇入	2023-07-05T08:47:08+08:00
南汇·周浦	舀(舀)	[空]	yau6(ɦiɔ¹¹³)	true	yau6	暂无	自旧档汇入	2023-07-05T08:47:08+08:00
南汇·周浦	要(要)	[空]	iau5(ʔiɔ³³⁵)	true	iau5	暂无	自旧档汇入	2023-07-05T08:47:08+08:00
南汇·周浦	药(藥)	[空]	yaq8(ɦiɑʔ²³)	true	yaq8	暂无	自旧档汇入	2023-07-05T08:47:08+08:00
南汇·周浦	耀(耀)	[空]	yau6(ɦiɔ¹¹³)	true	yau6	暂无	自旧档汇入	2023-07-05T08:47:08+08:00
南汇·周浦	噎(噎)	[空]	iq7(ʔɪʔ⁵⁵)	true	iq7	暂无	自旧档汇入	2023-07-05T08:47:08+08:00
南汇·周浦	爷(爺)	[空]	ya6(ɦiɑ¹¹³)	true	ya6	暂无	自旧档汇入	2023-07-05T08:47:08+08:00
南汇·周浦	也(也)	[空]	gha6(ɦɑ¹¹³)	true	gha6	暂无	自旧档汇入	2023-07-05T08:47:08+08:00
南汇·周浦	也(也)	[空]	yae6(ɦiɛ¹¹³)	true	yae6	暂无	自旧档汇入	2023-07-05T08:47:08+08:00
南汇·周浦	野(野)	[空]	ya6(ɦiɑ¹¹³)	true	ya6	暂无	自旧档汇入	2023-07-05T08:47:08+08:00
南汇·周浦	夜(夜)	[空]	ya6(ɦiɑ¹¹³)	true	ya6	暂无	自旧档汇入	2023-07-05T08:47:08+08:00
南汇·周浦	页(頁)	[空]	yiq8(ɦɪʔ²³)	true	yiq8	暂无	自旧档汇入	2023-07-05T08:47:08+08:00
南汇·周浦	液(液)	[空]	yiq8(ɦɪʔ²³)	true	yiq8	暂无	自旧档汇入	2023-07-05T08:47:08+08:00
南汇·周浦	叶(葉)	[空]	yiq8(ɦɪʔ²³)	true	yiq8	暂无	自旧档汇入	2023-07-05T08:47:08+08:00
南汇·周浦	业(業)	[空]	gniq8(ȵɪʔ²³)	true	gniq8	暂无	自旧档汇入	2023-07-05T08:47:08+08:00
南汇·周浦	一(一)	[空]	iq7(ʔiɪʔ⁵⁵)	true	iq7	暂无	自旧档汇入	2023-07-05T08:47:08+08:00
南汇·周浦	伊(伊)	[空]	yi6(ɦi¹¹³)	true	yi6	暂无	自旧档汇入	2023-07-05T08:47:08+08:00
南汇·周浦	衣(衣)	[空]	i1(ʔi⁵²)	true	i1	暂无	自旧档汇入	2023-07-05T08:47:08+08:00
南汇·周浦	依(依)	[空]	i1(ʔi⁵²)	true	i1	暂无	自旧档汇入	2023-07-05T08:47:08+08:00
南汇·周浦	揖(揖)	[空]	iq7(ʔiʔ⁵⁵)	true	iq7	暂无	自旧档汇入	2023-07-05T08:47:08+08:00
南汇·周浦	医(醫)	[空]	i1(ʔi⁵²)	true	i1	暂无	自旧档汇入	2023-07-05T08:47:08+08:00
南汇·周浦	夷(夷)	[空]	yi6(ɦi¹¹³)	true	yi6	暂无	自旧档汇入	2023-07-05T08:47:08+08:00
南汇·周浦	宜(宜)	[空]	gni6(ȵi¹¹³)	true	gni6	暂无	自旧档汇入	2023-07-05T08:47:08+08:00
南汇·周浦	姨(姨)	[空]	yi6(ɦi¹¹³)	true	yi6	暂无	自旧档汇入	2023-07-05T08:47:08+08:00
南汇·周浦	移(移)	[空]	yi6(ɦi¹¹³)	true	yi6	暂无	自旧档汇入	2023-07-05T08:47:08+08:00
南汇·周浦	疑(疑)	[空]	gni6(ȵi¹¹³)	true	gni6	暂无	自旧档汇入	2023-07-05T08:47:08+08:00
南汇·周浦	遗(遺)	[空]	yi6(ɦi¹¹³)	true	yi6	暂无	自旧档汇入	2023-07-05T08:47:08+08:00
南汇·周浦	乙(乙)	[空]	iq7(ʔiɪʔ⁵⁵)	true	iq7	暂无	自旧档汇入	2023-07-05T08:47:08+08:00
南汇·周浦	乙(乙)	[空]	iq7(ʔɪʔ⁵⁵)	true	iq7	暂无	自旧档汇入	2023-07-05T08:47:08+08:00
南汇·周浦	已(已)	[空]	i3(ʔi⁴⁴)	true	i3	暂无	自旧档汇入	2023-07-05T08:47:08+08:00
南汇·周浦	以(以)	[空]	i3(ʔi⁴⁴)	true	i3	暂无	自旧档汇入	2023-07-05T08:47:08+08:00
南汇·周浦	矣(矣)	[空]	i3(ʔi⁴⁴)	true	i3	暂无	自旧档汇入	2023-07-05T08:47:08+08:00
南汇·周浦	倚(倚)	[空]	i3(ʔi⁴⁴)	true	i3	暂无	自旧档汇入	2023-07-05T08:47:08+08:00
南汇·周浦	椅(椅)	[空]	i3(ʔi⁴⁴)	true	i3	暂无	自旧档汇入	2023-07-05T08:47:08+08:00
南汇·周浦	蚁(蟻)	[空]	gni6(ȵi¹¹³)	true	gni6	暂无	自旧档汇入	2023-07-05T08:47:08+08:00
南汇·周浦	亦(亦)	[空]	yiq8(ɦɪʔ²³)	true	yiq8	暂无	自旧档汇入	2023-07-05T08:47:08+08:00
南汇·周浦	抑(抑)	[空]	iq7(ʔɪʔ⁵⁵)	true	iq7	暂无	自旧档汇入	2023-07-05T08:47:08+08:00
南汇·周浦	邑(邑)	[空]	iq7(ʔiʔ⁵⁵)	true	iq7	暂无	自旧档汇入	2023-07-05T08:47:08+08:00
南汇·周浦	役(役)	[空]	yiq8(ɦɪʔ²³)	true	yiq8	暂无	自旧档汇入	2023-07-05T08:47:08+08:00
南汇·周浦	易(易)	[空]	yi6(ɦi¹¹³)	true	yi6	暂无	自旧档汇入	2023-07-05T08:47:08+08:00
南汇·周浦	易(易)	[空]	yiq8(ɦɪʔ²³)	true	yiq8	暂无	自旧档汇入	2023-07-05T08:47:08+08:00
南汇·周浦	疫(疫)	[空]	yiq8(ɦɪʔ²³)	true	yiq8	暂无	自旧档汇入	2023-07-05T08:47:08+08:00
南汇·周浦	益(益)	[空]	iq7(ʔiɪʔ⁵⁵)	true	iq7	暂无	自旧档汇入	2023-07-05T08:47:08+08:00
南汇·周浦	益(益)	[空]	iq7(ʔɪʔ⁵⁵)	true	iq7	暂无	自旧档汇入	2023-07-05T08:47:08+08:00
南汇·周浦	异(異)	[空]	yi6(ɦi¹¹³)	true	yi6	暂无	自旧档汇入	2023-07-05T08:47:08+08:00
南汇·周浦	意(意)	[空]	i5(ʔi³³⁵)	true	i5	暂无	自旧档汇入	2023-07-05T08:47:08+08:00
南汇·周浦	义(義)	[空]	gni6(ȵi¹¹³)	true	gni6	暂无	自旧档汇入	2023-07-05T08:47:08+08:00
南汇·周浦	亿(億)	[空]	i5(ʔi³³⁵)	true	i5	暂无	自旧档汇入	2023-07-05T08:47:08+08:00
南汇·周浦	毅(毅)	[空]	gni6(ȵi¹¹³)	true	gni6	暂无	自旧档汇入	2023-07-05T08:47:08+08:00
南汇·周浦	忆(憶)	[空]	i5(ʔi³³⁵)	true	i5	暂无	自旧档汇入	2023-07-05T08:47:08+08:00
南汇·周浦	翼(翼)	[空]	yiq8(ɦɪʔ²³)	true	yiq8	暂无	自旧档汇入	2023-07-05T08:47:08+08:00
南汇·周浦	艺(藝)	[空]	gni6(ȵi¹¹³)	true	gni6	暂无	自旧档汇入	2023-07-05T08:47:08+08:00
南汇·周浦	译(譯)	[空]	yiq8(ɦɪʔ²³)	true	yiq8	暂无	自旧档汇入	2023-07-05T08:47:08+08:00
南汇·周浦	议(議)	[空]	gni6(ȵi¹¹³)	true	gni6	暂无	自旧档汇入	2023-07-05T08:47:08+08:00
南汇·周浦	因(因)	[空]	in1(ʔiɪŋ⁵²)	true	in1	暂无	自旧档汇入	2023-07-05T08:47:08+08:00
南汇·周浦	音(音)	[空]	in1(ʔiɪŋ⁵²)	true	in1	暂无	自旧档汇入	2023-07-05T08:47:08+08:00
南汇·周浦	阴(陰)	[空]	in1(ʔiɪŋ⁵²)	true	in1	暂无	自旧档汇入	2023-07-05T08:47:08+08:00
南汇·周浦	荫(蔭)	[空]	in5(ʔiɪŋ³³⁵)	true	in5	暂无	自旧档汇入	2023-07-05T08:47:08+08:00
南汇·周浦	淫(淫)	[空]	yin6(ɦiɪŋ¹¹³)	true	yin6	暂无	自旧档汇入	2023-07-05T08:47:08+08:00
南汇·周浦	银(銀)	[空]	gnin6(ȵiɪŋ¹¹³)	true	gnin6	暂无	自旧档汇入	2023-07-05T08:47:08+08:00
南汇·周浦	引(引)	[空]	yin6(ɦiɪŋ¹¹³)	true	yin6	暂无	自旧档汇入	2023-07-05T08:47:08+08:00
南汇·周浦	饮(飲)	[空]	in3(ʔiɪŋ⁴⁴)	true	in3	暂无	自旧档汇入	2023-07-05T08:47:08+08:00
南汇·周浦	隐(隱)	[空]	in3(ʔiɪŋ⁴⁴)	true	in3	暂无	自旧档汇入	2023-07-05T08:47:08+08:00
南汇·周浦	瘾(癮)	[空]	in3(ʔiɪŋ⁴⁴)	true	in3	暂无	自旧档汇入	2023-07-05T08:47:08+08:00
南汇·周浦	印(印)	[空]	in5(ʔiɪŋ³³⁵)	true	in5	暂无	自旧档汇入	2023-07-05T08:47:08+08:00
南汇·周浦	英(英)	[空]	in1(ʔiɪŋ⁵²)	true	in1	暂无	自旧档汇入	2023-07-05T08:47:08+08:00
南汇·周浦	樱(櫻)	[空]	in1(ʔiɪŋ⁵²)	true	in1	暂无	自旧档汇入	2023-07-05T08:47:08+08:00
南汇·周浦	鹦(鸚)	[空]	an1(ʔᴀ̃⁵²)	true	an1	暂无	自旧档汇入	2023-07-05T08:47:08+08:00
南汇·周浦	鹦(鸚)	[空]	in1(ʔiɪŋ⁵²)	true	in1	暂无	自旧档汇入	2023-07-05T08:47:08+08:00
南汇·周浦	迎(迎)	[空]	gnin6(ȵiɪŋ¹¹³)	true	gnin6	暂无	自旧档汇入	2023-07-05T08:47:08+08:00
南汇·周浦	蝇(蠅)	[空]	yin6(ɦiɪŋ¹¹³)	true	yin6	暂无	自旧档汇入	2023-07-05T08:47:08+08:00
南汇·周浦	赢(贏)	[空]	yin6(ɦiɪŋ¹¹³)	true	yin6	暂无	自旧档汇入	2023-07-05T08:47:08+08:00
南汇·周浦	影(影)	[空]	in3(ʔiɪŋ⁴⁴)	true	in3	暂无	自旧档汇入	2023-07-05T08:47:08+08:00
南汇·周浦	映(映)	[空]	ian5(ʔiᴀ̃³³⁵)	true	ian5	暂无	自旧档汇入	2023-07-05T08:47:08+08:00
南汇·周浦	硬(硬)	[空]	ngan6(ŋᴀ̃¹¹³)	true	ngan6	暂无	自旧档汇入	2023-07-05T08:47:08+08:00
南汇·周浦	应(應)	[空]	in5(ʔiɪŋ³³⁵)	true	in5	暂无	自旧档汇入	2023-07-05T08:47:08+08:00
南汇·周浦	应(應)	[空]	in1(ʔiɪŋ⁵²)	true	in1	暂无	自旧档汇入	2023-07-05T08:47:08+08:00
南汇·周浦	雍(雍)	[空]	ion1(ʔioŋ⁵²)	true	ion1	暂无	自旧档汇入	2023-07-05T08:47:08+08:00
南汇·周浦	永(永)	[空]	ion3(ʔioŋ⁴⁴)	true	ion3	暂无	自旧档汇入	2023-07-05T08:47:08+08:00
南汇·周浦	泳(泳)	[空]	ion3(ʔioŋ⁴⁴)	true	ion3	暂无	自旧档汇入	2023-07-05T08:47:08+08:00
南汇·周浦	用(用)	[空]	yon6(ɦioŋ¹¹³)	true	yon6	暂无	自旧档汇入	2023-07-05T08:47:08+08:00
南汇·周浦	幽(幽)	[空]	ieu1(ʔiɤ⁵²)	true	ieu1	暂无	自旧档汇入	2023-07-05T08:47:08+08:00
南汇·周浦	忧(憂)	[空]	ieu1(ʔiɤ⁵²)	true	ieu1	暂无	自旧档汇入	2023-07-05T08:47:08+08:00
南汇·周浦	优(優)	[空]	ieu1(ʔiɤ⁵²)	true	ieu1	暂无	自旧档汇入	2023-07-05T08:47:08+08:00
南汇·周浦	由(由)	[空]	yeu6(ɦiɤ¹¹³)	true	yeu6	暂无	自旧档汇入	2023-07-05T08:47:08+08:00
南汇·周浦	油(油)	[空]	yeu6(ɦiɤ¹¹³)	true	yeu6	暂无	自旧档汇入	2023-07-05T08:47:08+08:00
南汇·周浦	邮(郵)	[空]	yeu6(ɦiɤ¹¹³)	true	yeu6	暂无	自旧档汇入	2023-07-05T08:47:08+08:00
南汇·周浦	犹(猶)	[空]	yeu6(ɦiɤ¹¹³)	true	yeu6	暂无	自旧档汇入	2023-07-05T08:47:08+08:00
南汇·周浦	游(遊)	[空]	yeu6(ɦiɤ¹¹³)	true	yeu6	暂无	自旧档汇入	2023-07-05T08:47:08+08:00
南汇·周浦	友(友)	[空]	yeu6(ɦiɤ¹¹³)	true	yeu6	暂无	自旧档汇入	2023-07-05T08:47:08+08:00
南汇·周浦	有(有)	[空]	yeu6(ɦiɤ¹¹³)	true	yeu6	暂无	自旧档汇入	2023-07-05T08:47:08+08:00
南汇·周浦	酉(酉)	[空]	yeu6(ɦiɤ¹¹³)	true	yeu6	暂无	自旧档汇入	2023-07-05T08:47:08+08:00
南汇·周浦	又(又)	[空]	yeu6(ɦiɤ¹¹³)	true	yeu6	暂无	自旧档汇入	2023-07-05T08:47:08+08:00
南汇·周浦	右(右)	[空]	yeu6(ɦiɤ¹¹³)	true	yeu6	暂无	自旧档汇入	2023-07-05T08:47:08+08:00
南汇·周浦	幼(幼)	[空]	ieu5(ʔiɤ³³⁵)	true	ieu5	暂无	自旧档汇入	2023-07-05T08:47:08+08:00
南汇·周浦	诱(誘)	[空]	yeu6(ɦiɤ¹¹³)	true	yeu6	暂无	自旧档汇入	2023-07-05T08:47:08+08:00
南汇·周浦	迂(迂)	[空]	iu1(ʔy⁵²)	true	iu1	暂无	自旧档汇入	2023-07-05T08:47:08+08:00
南汇·周浦	于(於)	[空]	iu1(ʔy⁵²)	true	iu1	暂无	自旧档汇入	2023-07-05T08:47:08+08:00
南汇·周浦	娱(娛)	[空]	yu6(ɦy¹¹³)	true	yu6	暂无	自旧档汇入	2023-07-05T08:47:08+08:00
南汇·周浦	鱼(魚)	[空]	ng6(ɦŋ̇¹¹³)	true	ng6	暂无	自旧档汇入	2023-07-05T08:47:08+08:00
南汇·周浦	虞(虞)	[空]	yu6(ɦy¹¹³)	true	yu6	暂无	自旧档汇入	2023-07-05T08:47:08+08:00
南汇·周浦	愚(愚)	[空]	yu6(ɦy¹¹³)	true	yu6	暂无	自旧档汇入	2023-07-05T08:47:08+08:00
南汇·周浦	余(餘)	[空]	yu6(ɦy¹¹³)	true	yu6	暂无	自旧档汇入	2023-07-05T08:47:08+08:00
南汇·周浦	宇(宇)	[空]	yu6(ɦy¹¹³)	true	yu6	暂无	自旧档汇入	2023-07-05T08:47:08+08:00
南汇·周浦	羽(羽)	[空]	yu6(ɦy¹¹³)	true	yu6	暂无	自旧档汇入	2023-07-05T08:47:08+08:00
南汇·周浦	雨(雨)	[空]	yu6(ɦy¹¹³)	true	yu6	暂无	自旧档汇入	2023-07-05T08:47:08+08:00
南汇·周浦	禹(禹)	[空]	yu6(ɦy¹¹³)	true	yu6	暂无	自旧档汇入	2023-07-05T08:47:08+08:00
南汇·周浦	语(語)	[空]	gniu6(ȵy¹¹³)	true	gniu6	暂无	自旧档汇入	2023-07-05T08:47:08+08:00
南汇·周浦	玉(玉)	[空]	gnioq8(ȵioʔ²³)	true	gnioq8	暂无	自旧档汇入	2023-07-05T08:47:08+08:00
南汇·周浦	育(育)	[空]	ioq7(ʔioʔ⁵⁵)	true	ioq7	暂无	自旧档汇入	2023-07-05T08:47:08+08:00
南汇·周浦	浴(浴)	[空]	yoq8(ɦioʔ²³)	true	yoq8	暂无	自旧档汇入	2023-07-05T08:47:08+08:00
南汇·周浦	遇(遇)	[空]	gniu6(ȵy¹¹³)	true	gniu6	暂无	自旧档汇入	2023-07-05T08:47:08+08:00
南汇·周浦	喻(喻)	[空]	yu6(ɦy¹¹³)	true	yu6	暂无	自旧档汇入	2023-07-05T08:47:08+08:00
南汇·周浦	寓(寓)	[空]	yu6(ɦy¹¹³)	true	yu6	暂无	自旧档汇入	2023-07-05T08:47:08+08:00
南汇·周浦	裕(裕)	[空]	yu6(ɦy¹¹³)	true	yu6	暂无	自旧档汇入	2023-07-05T08:47:08+08:00
南汇·周浦	愈(愈)	[空]	yu6(ɦy¹¹³)	true	yu6	暂无	自旧档汇入	2023-07-05T08:47:08+08:00
南汇·周浦	预(預)	[空]	yu6(ɦy¹¹³)	true	yu6	暂无	自旧档汇入	2023-07-05T08:47:08+08:00
南汇·周浦	狱(獄)	[空]	yoq8(ɦioʔ²³)	true	yoq8	暂无	自旧档汇入	2023-07-05T08:47:08+08:00
南汇·周浦	欲(慾)	[空]	yoq8(ɦioʔ²³)	true	yoq8	暂无	自旧档汇入	2023-07-05T08:47:08+08:00
南汇·周浦	郁(鬱)	[空]	ioq7(ʔioʔ⁵⁵)	true	ioq7	暂无	自旧档汇入	2023-07-05T08:47:08+08:00
南汇·周浦	冤(冤)	[空]	ioe1(ʔyø⁵²)	true	ioe1	暂无	自旧档汇入	2023-07-05T08:47:08+08:00
南汇·周浦	元(元)	[空]	gnioe6(ȵyø¹¹³)	true	gnioe6	暂无	自旧档汇入	2023-07-05T08:47:08+08:00
南汇·周浦	原(原)	[空]	gnioe6(ȵyø¹¹³)	true	gnioe6	暂无	自旧档汇入	2023-07-05T08:47:08+08:00
南汇·周浦	员(員)	[空]	yoe6(ɦyø¹¹³)	true	yoe6	暂无	自旧档汇入	2023-07-05T08:47:08+08:00
南汇·周浦	援(援)	[空]	yoe6(ɦyø¹¹³)	true	yoe6	暂无	自旧档汇入	2023-07-05T08:47:08+08:00
南汇·周浦	园(園)	[空]	yoe6(ɦyø¹¹³)	true	yoe6	暂无	自旧档汇入	2023-07-05T08:47:08+08:00
南汇·周浦	圆(圓)	[空]	yoe6(ɦyø¹¹³)	true	yoe6	暂无	自旧档汇入	2023-07-05T08:47:08+08:00
南汇·周浦	源(源)	[空]	gnioe6(ȵyø¹¹³)	true	gnioe6	暂无	自旧档汇入	2023-07-05T08:47:08+08:00
南汇·周浦	缘(緣)	[空]	yoe6(ɦyø¹¹³)	true	yoe6	暂无	自旧档汇入	2023-07-05T08:47:08+08:00
南汇·周浦	远(遠)	[空]	yoe6(ɦyø¹¹³)	true	yoe6	暂无	自旧档汇入	2023-07-05T08:47:08+08:00
南汇·周浦	怨(怨)	[空]	ioe5(ʔyø³³⁵)	true	ioe5	暂无	自旧档汇入	2023-07-05T08:47:08+08:00
南汇·周浦	院(院)	[空]	yoe6(ɦyø¹¹³)	true	yoe6	暂无	自旧档汇入	2023-07-05T08:47:08+08:00
南汇·周浦	愿(願)	[空]	gnioe6(ȵyø¹¹³)	true	gnioe6	暂无	自旧档汇入	2023-07-05T08:47:08+08:00
南汇·周浦	曰(曰)	[空]	yuq8(ɦyɪʔ²³)	true	yuq8	暂无	自旧档汇入	2023-07-05T08:47:08+08:00
南汇·周浦	约(約)	[空]	iaq7(ʔiɑʔ⁵⁵)	true	iaq7	暂无	自旧档汇入	2023-07-05T08:47:08+08:00
南汇·周浦	月(月)	[空]	gnioq8(ȵioʔ²³)	true	gnioq8	暂无	自旧档汇入	2023-07-05T08:47:08+08:00
南汇·周浦	月(月)	[空]	gniuq8(ȵyɪʔ²³)	true	gniuq8	暂无	自旧档汇入	2023-07-05T08:47:08+08:00
南汇·周浦	悦(悅)	[空]	yuq8(ɦyɪʔ²³)	true	yuq8	暂无	自旧档汇入	2023-07-05T08:47:08+08:00
南汇·周浦	越(越)	[空]	yuq8(ɦyɪʔ²³)	true	yuq8	暂无	自旧档汇入	2023-07-05T08:47:08+08:00
南汇·周浦	粤(粵)	[空]	yoq8(ɦioʔ²³)	true	yoq8	暂无	自旧档汇入	2023-07-05T08:47:08+08:00
南汇·周浦	粤(粵)	[空]	yuq8(ɦyɪʔ²³)	true	yuq8	暂无	自旧档汇入	2023-07-05T08:47:08+08:00
南汇·周浦	阅(閱)	[空]	yuq8(ɦyɪʔ²³)	true	yuq8	暂无	自旧档汇入	2023-07-05T08:47:08+08:00
南汇·周浦	阅(閲)	[空]	yuq8(ɦyɪʔ²³)	true	yuq8	暂无	自旧档汇入	2023-07-05T08:47:08+08:00
南汇·周浦	乐(樂)	[空]	laoq8(lɒʔ²³)	true	laoq8	暂无	自旧档汇入	2023-07-05T08:47:08+08:00
南汇·周浦	岳(嶽)	[空]	yoq8(ɦioʔ²³)	true	yoq8	暂无	自旧档汇入	2023-07-05T08:47:08+08:00
南汇·周浦	匀(勻)	[空]	yon6(ɦioŋ¹¹³)	true	yon6	暂无	自旧档汇入	2023-07-05T08:47:08+08:00
南汇·周浦	云(雲)	[空]	yon6(ɦioŋ¹¹³)	true	yon6	暂无	自旧档汇入	2023-07-05T08:47:08+08:00
南汇·周浦	允(允)	[空]	ion3(ʔioŋ⁴⁴)	true	ion3	暂无	自旧档汇入	2023-07-05T08:47:08+08:00
南汇·周浦	孕(孕)	[空]	yon6(ɦioŋ¹¹³)	true	yon6	暂无	自旧档汇入	2023-07-05T08:47:08+08:00
南汇·周浦	运(運)	[空]	yon6(ɦioŋ¹¹³)	true	yon6	暂无	自旧档汇入	2023-07-05T08:47:08+08:00
南汇·周浦	熨(熨)	[空]	in5(ʔiɪŋ³³⁵)	true	in5	暂无	自旧档汇入	2023-07-05T08:47:08+08:00
南汇·周浦	韵(韻)	[空]	yon6(ɦioŋ¹¹³)	true	yon6	暂无	自旧档汇入	2023-07-05T08:47:08+08:00
南汇·周浦	杂(雜)	[空]	zaq8(zɑʔ²³)	true	zaq8	暂无	自旧档汇入	2023-07-05T08:47:08+08:00
南汇·周浦	灾(災)	[空]	tse1(tse⁵²)	true	tse1	暂无	自旧档汇入	2023-07-05T08:47:08+08:00
南汇·周浦	哉(哉)	[空]	tse1(tse⁵²)	true	tse1	暂无	自旧档汇入	2023-07-05T08:47:08+08:00
南汇·周浦	栽(栽)	[空]	tse1(tse⁵²)	true	tse1	暂无	自旧档汇入	2023-07-05T08:47:08+08:00
南汇·周浦	宰(宰)	[空]	tse3(tse⁴⁴)	true	tse3	暂无	自旧档汇入	2023-07-05T08:47:08+08:00
南汇·周浦	载(載)	[空]	tse5(tse³³⁵)	true	tse5	暂无	自旧档汇入	2023-07-05T08:47:08+08:00
南汇·周浦	再(再)	[空]	tse5(tse³³⁵)	true	tse5	暂无	自旧档汇入	2023-07-05T08:47:08+08:00
南汇·周浦	在(在)	[空]	ze6(ze¹¹³)	true	ze6	暂无	自旧档汇入	2023-07-05T08:47:08+08:00
南汇·周浦	簪(簪)	[空]	tsoe1(tsø⁵²)	true	tsoe1	暂无	自旧档汇入	2023-07-05T08:47:08+08:00
南汇·周浦	暂(暫)	[空]	zae6(zɛ¹¹³)	true	zae6	暂无	自旧档汇入	2023-07-05T08:47:08+08:00
南汇·周浦	赞(贊)	[空]	tsae5(tsɛ³³⁵)	true	tsae5	暂无	自旧档汇入	2023-07-05T08:47:08+08:00
南汇·周浦	脏(髒)	[空]	tsaon1(tsɒ̃⁵²)	true	tsaon1	暂无	自旧档汇入	2023-07-05T08:47:08+08:00
南汇·周浦	葬(葬)	[空]	tsaon5(tsɒ̃³³⁵)	true	tsaon5	暂无	自旧档汇入	2023-07-05T08:47:08+08:00
南汇·周浦	遭(遭)	[空]	tsau1(tsɔ⁵²)	true	tsau1	暂无	自旧档汇入	2023-07-05T08:47:08+08:00
南汇·周浦	糟(糟)	[空]	tsau1(tsɔ⁵²)	true	tsau1	暂无	自旧档汇入	2023-07-05T08:47:08+08:00
南汇·周浦	凿(鑿)	[空]	zaoq8(zɒʔ²³)	true	zaoq8	暂无	自旧档汇入	2023-07-05T08:47:08+08:00
南汇·周浦	凿(鑿)	[空]	zoq8(zoʔ²³)	true	zoq8	暂无	自旧档汇入	2023-07-05T08:47:08+08:00
南汇·周浦	早(早)	[空]	tsau3(tsɔ⁴⁴)	true	tsau3	暂无	自旧档汇入	2023-07-05T08:47:08+08:00
南汇·周浦	蚤(蚤)	[空]	tsau3(tsɔ⁴⁴)	true	tsau3	暂无	自旧档汇入	2023-07-05T08:47:08+08:00
南汇·周浦	枣(棗)	[空]	tsau3(tsɔ⁴⁴)	true	tsau3	暂无	自旧档汇入	2023-07-05T08:47:08+08:00
南汇·周浦	缲(繰)	[空]	chiau1(tɕʰiɔ⁵²)	true	chiau1	暂无	自旧档汇入	2023-07-05T08:47:08+08:00
南汇·周浦	皂(皂)	[空]	zau6(zɔ¹¹³)	true	zau6	暂无	自旧档汇入	2023-07-05T08:47:08+08:00
南汇·周浦	灶(灶)	[空]	tsau5(tsɔ³³⁵)	true	tsau5	暂无	自旧档汇入	2023-07-05T08:47:08+08:00
南汇·周浦	造(造)	[空]	zau6(zɔ¹¹³)	true	zau6	暂无	自旧档汇入	2023-07-05T08:47:08+08:00
南汇·周浦	燥(燥)	[空]	sau5(sɔ³³⁵)	true	sau5	暂无	自旧档汇入	2023-07-05T08:47:08+08:00
南汇·周浦	躁(躁)	[空]	tsau5(tsɔ³³⁵)	true	tsau5	暂无	自旧档汇入	2023-07-05T08:47:08+08:00
南汇·周浦	躁(躁)	[空]	tshau5(tsʰɔ³³⁵)	true	tshau5	暂无	自旧档汇入	2023-07-05T08:47:08+08:00
南汇·周浦	则(則)	[空]	tseq7(tsəʔ⁵⁵)	true	tseq7	暂无	自旧档汇入	2023-07-05T08:47:08+08:00
南汇·周浦	责(責)	[空]	tseq7(tsəʔ⁵⁵)	true	tseq7	暂无	自旧档汇入	2023-07-05T08:47:08+08:00
南汇·周浦	择(擇)	[空]	zeq8(zəʔ²³)	true	zeq8	暂无	自旧档汇入	2023-07-05T08:47:08+08:00
南汇·周浦	泽(澤)	[空]	zeq8(zəʔ²³)	true	zeq8	暂无	自旧档汇入	2023-07-05T08:47:08+08:00
南汇·周浦	仄(仄)	[空]	tseq7(tsəʔ⁵⁵)	true	tseq7	暂无	自旧档汇入	2023-07-05T08:47:08+08:00
南汇·周浦	贼(賊)	[空]	zeq8(zəʔ²³)	true	zeq8	暂无	自旧档汇入	2023-07-05T08:47:08+08:00
南汇·周浦	怎(怎)	[空]	tsen3(tsəŋ⁴⁴)	true	tsen3	暂无	自旧档汇入	2023-07-05T08:47:08+08:00
南汇·周浦	增(增)	[空]	tsen1(tsəŋ⁵²)	true	tsen1	暂无	自旧档汇入	2023-07-05T08:47:08+08:00
南汇·周浦	鋥(鋥)	[空]	zan6(zᴀ̃¹¹³)	true	zan6	暂无	自旧档汇入	2023-07-05T08:47:08+08:00
南汇·周浦	赠(贈)	[空]	zen6(zəŋ¹¹³)	true	zen6	暂无	自旧档汇入	2023-07-05T08:47:08+08:00
南汇·周浦	渣(渣)	[空]	tso1(tso⁵²)	true	tso1	暂无	自旧档汇入	2023-07-05T08:47:08+08:00
南汇·周浦	札(劄)	[空]	tsaq7(tsɑʔ⁵⁵)	true	tsaq7	暂无	自旧档汇入	2023-07-05T08:47:08+08:00
南汇·周浦	闸(閘)	[空]	zaq8(zɑʔ²³)	true	zaq8	暂无	自旧档汇入	2023-07-05T08:47:08+08:00
南汇·周浦	煠(煠)	[空]	zaq8(zɑʔ²³)	true	zaq8	暂无	自旧档汇入	2023-07-05T08:47:08+08:00
南汇·周浦	铡(鍘)	[空]	zaq8(zɑʔ²³)	true	zaq8	暂无	自旧档汇入	2023-07-05T08:47:08+08:00
南汇·周浦	炸(炸)	[空]	tso5(tso³³⁵)	true	tso5	暂无	自旧档汇入	2023-07-05T08:47:08+08:00
南汇·周浦	诈(詐)	[空]	tso5(tso³³⁵)	true	tso5	暂无	自旧档汇入	2023-07-05T08:47:08+08:00
南汇·周浦	摘(摘)	[空]	tsaq7(tsɑʔ⁵⁵)	true	tsaq7	暂无	自旧档汇入	2023-07-05T08:47:08+08:00
南汇·周浦	斋(齋)	[空]	tsa1(tsɑ⁵²)	true	tsa1	暂无	自旧档汇入	2023-07-05T08:47:08+08:00
南汇·周浦	宅(宅)	[空]	zaq8(zɑʔ²³)	true	zaq8	暂无	自旧档汇入	2023-07-05T08:47:08+08:00
南汇·周浦	债(債)	[空]	tsa5(tsɑ³³⁵)	true	tsa5	暂无	自旧档汇入	2023-07-05T08:47:08+08:00
南汇·周浦	展(展)	[空]	tse3(tse⁴⁴)	true	tse3	暂无	自旧档汇入	2023-07-05T08:47:08+08:00
南汇·周浦	斩(斬)	[空]	tsae3(tsɛ⁴⁴)	true	tsae3	暂无	自旧档汇入	2023-07-05T08:47:08+08:00
南汇·周浦	盏(盞)	[空]	tsae3(tsɛ⁴⁴)	true	tsae3	暂无	自旧档汇入	2023-07-05T08:47:08+08:00
南汇·周浦	占(占)	[空]	tse5(tse³³⁵)	true	tse5	暂无	自旧档汇入	2023-07-05T08:47:08+08:00
南汇·周浦	占(佔)	[空]	tse5(tse³³⁵)	true	tse5	暂无	自旧档汇入	2023-07-05T08:47:08+08:00
南汇·周浦	站(站)	[空]	zae6(zɛ¹¹³)	true	zae6	暂无	自旧档汇入	2023-07-05T08:47:08+08:00
南汇·周浦	战(戰)	[空]	tse5(tse³³⁵)	true	tse5	暂无	自旧档汇入	2023-07-05T08:47:08+08:00
南汇·周浦	蘸(蘸)	[空]	tsae5(tsɛ³³⁵)	true	tsae5	暂无	自旧档汇入	2023-07-05T08:47:08+08:00
南汇·周浦	章(章)	[空]	tsan1(tsᴀ̃⁵²)	true	tsan1	暂无	自旧档汇入	2023-07-05T08:47:08+08:00
南汇·周浦	张(張)	[空]	tsan1(tsᴀ̃⁵²)	true	tsan1	暂无	自旧档汇入	2023-07-05T08:47:08+08:00
南汇·周浦	掌(掌)	[空]	tsan3(tsᴀ̃⁴⁴)	true	tsan3	暂无	自旧档汇入	2023-07-05T08:47:08+08:00
南汇·周浦	涨(漲)	[空]	tsan3(tsᴀ̃⁴⁴)	true	tsan3	暂无	自旧档汇入	2023-07-05T08:47:08+08:00
南汇·周浦	丈(丈)	[空]	zan6(zᴀ̃¹¹³)	true	zan6	暂无	自旧档汇入	2023-07-05T08:47:08+08:00
南汇·周浦	仗(仗)	[空]	tsan5(tsᴀ̃³³⁵)	true	tsan5	暂无	自旧档汇入	2023-07-05T08:47:08+08:00
南汇·周浦	杖(杖)	[空]	zan6(zᴀ̃¹¹³)	true	zan6	暂无	自旧档汇入	2023-07-05T08:47:08+08:00
南汇·周浦	账(賬)	[空]	tsan5(tsᴀ̃³³⁵)	true	tsan5	暂无	自旧档汇入	2023-07-05T08:47:08+08:00
南汇·周浦	招(招)	[空]	tsau1(tsɔ⁵²)	true	tsau1	暂无	自旧档汇入	2023-07-05T08:47:08+08:00
南汇·周浦	爪(爪)	[空]	tsau3(tsɔ⁴⁴)	true	tsau3	暂无	自旧档汇入	2023-07-05T08:47:08+08:00
南汇·周浦	找(找)	[空]	tsau3(tsɔ⁴⁴)	true	tsau3	暂无	自旧档汇入	2023-07-05T08:47:08+08:00
南汇·周浦	兆(兆)	[空]	zau6(zɔ¹¹³)	true	zau6	暂无	自旧档汇入	2023-07-05T08:47:08+08:00
南汇·周浦	照(照)	[空]	tsau5(tsɔ³³⁵)	true	tsau5	暂无	自旧档汇入	2023-07-05T08:47:08+08:00
南汇·周浦	罩(罩)	[空]	tsau5(tsɔ³³⁵)	true	tsau5	暂无	自旧档汇入	2023-07-05T08:47:08+08:00
南汇·周浦	赵(趙)	[空]	zau6(zɔ¹¹³)	true	zau6	暂无	自旧档汇入	2023-07-05T08:47:08+08:00
南汇·周浦	遮(遮)	[空]	tso1(tso⁵²)	true	tso1	暂无	自旧档汇入	2023-07-05T08:47:08+08:00
南汇·周浦	折(折)	[空]	tseq7(tsəʔ⁵⁵)	true	tseq7	暂无	自旧档汇入	2023-07-05T08:47:08+08:00
南汇·周浦	折(折)	[空]	zeq8(zəʔ²³)	true	zeq8	暂无	自旧档汇入	2023-07-05T08:47:08+08:00
南汇·周浦	哲(哲)	[空]	tseq7(tsəʔ⁵⁵)	true	tseq7	暂无	自旧档汇入	2023-07-05T08:47:08+08:00
南汇·周浦	折(摺)	[空]	tseq7(tsəʔ⁵⁵)	true	tseq7	暂无	自旧档汇入	2023-07-05T08:47:08+08:00
南汇·周浦	者(者)	[空]	tse3(tse⁴⁴)	true	tse3	暂无	自旧档汇入	2023-07-05T08:47:08+08:00
南汇·周浦	这(這)	[空]	tseq7(tsəʔ⁵⁵)	true	tseq7	暂无	自旧档汇入	2023-07-05T08:47:08+08:00
南汇·周浦	蔗(蔗)	[空]	tso1(tso⁵²)	true	tso1	暂无	自旧档汇入	2023-07-05T08:47:08+08:00
南汇·周浦	真(真)	[空]	tsen1(tsəŋ⁵²)	true	tsen1	暂无	自旧档汇入	2023-07-05T08:47:08+08:00
南汇·周浦	针(針)	[空]	tsen1(tsəŋ⁵²)	true	tsen1	暂无	自旧档汇入	2023-07-05T08:47:08+08:00
南汇·周浦	斟(斟)	[空]	tsen1(tsəŋ⁵²)	true	tsen1	暂无	自旧档汇入	2023-07-05T08:47:08+08:00
南汇·周浦	枕(枕)	[空]	tsen3(tsəŋ⁴⁴)	true	tsen3	暂无	自旧档汇入	2023-07-05T08:47:08+08:00
南汇·周浦	阵(陣)	[空]	zen6(zəŋ¹¹³)	true	zen6	暂无	自旧档汇入	2023-07-05T08:47:08+08:00
南汇·周浦	振(振)	[空]	tsen5(tsəŋ³³⁵)	true	tsen5	暂无	自旧档汇入	2023-07-05T08:47:08+08:00
南汇·周浦	震(震)	[空]	tsen5(tsəŋ³³⁵)	true	tsen5	暂无	自旧档汇入	2023-07-05T08:47:08+08:00
南汇·周浦	镇(鎮)	[空]	tsen5(tsəŋ³³⁵)	true	tsen5	暂无	自旧档汇入	2023-07-05T08:47:08+08:00
南汇·周浦	争(爭)	[空]	tsan1(tsᴀ̃⁵²)	true	tsan1	暂无	自旧档汇入	2023-07-05T08:47:08+08:00
南汇·周浦	争(爭)	[空]	tsen1(tsəŋ⁵²)	true	tsen1	暂无	自旧档汇入	2023-07-05T08:47:08+08:00
南汇·周浦	蒸(蒸)	[空]	tsen1(tsəŋ⁵²)	true	tsen1	暂无	自旧档汇入	2023-07-05T08:47:08+08:00
南汇·周浦	睁(睜)	[空]	tsan1(tsᴀ̃⁵²)	true	tsan1	暂无	自旧档汇入	2023-07-05T08:47:08+08:00
南汇·周浦	整(整)	[空]	tsen3(tsəŋ⁴⁴)	true	tsen3	暂无	自旧档汇入	2023-07-05T08:47:08+08:00
南汇·周浦	正(正)	[空]	tsen5(tsəŋ³³⁵)	true	tsen5	暂无	自旧档汇入	2023-07-05T08:47:08+08:00
南汇·周浦	正(正)	[空]	tsen1(tsəŋ⁵²)	true	tsen1	暂无	自旧档汇入	2023-07-05T08:47:08+08:00
南汇·周浦	政(政)	[空]	tsen5(tsəŋ³³⁵)	true	tsen5	暂无	自旧档汇入	2023-07-05T08:47:08+08:00
南汇·周浦	郑(鄭)	[空]	zen6(zəŋ¹¹³)	true	zen6	暂无	自旧档汇入	2023-07-05T08:47:08+08:00
南汇·周浦	证(證)	[空]	tsen5(tsəŋ³³⁵)	true	tsen5	暂无	自旧档汇入	2023-07-05T08:47:08+08:00
南汇·周浦	之(之)	[空]	tsy1(tsɿ⁵²)	true	tsy1	暂无	自旧档汇入	2023-07-05T08:47:08+08:00
南汇·周浦	支(支)	[空]	tsy1(tsɿ⁵²)	true	tsy1	暂无	自旧档汇入	2023-07-05T08:47:08+08:00
南汇·周浦	只(只)	[空]	tseq7(tsəʔ⁵⁵)	true	tseq7	暂无	自旧档汇入	2023-07-05T08:47:08+08:00
南汇·周浦	汁(汁)	[空]	tseq7(tsəʔ⁵⁵)	true	tseq7	暂无	自旧档汇入	2023-07-05T08:47:08+08:00
南汇·周浦	枝(枝)	[空]	tsy1(tsɿ⁵²)	true	tsy1	暂无	自旧档汇入	2023-07-05T08:47:08+08:00
南汇·周浦	知(知)	[空]	tsy1(tsɿ⁵²)	true	tsy1	暂无	自旧档汇入	2023-07-05T08:47:08+08:00
南汇·周浦	只(隻)	[空]	tsaq7(tsɑʔ⁵⁵)	true	tsaq7	暂无	自旧档汇入	2023-07-05T08:47:08+08:00
南汇·周浦	脂(脂)	[空]	tsy1(tsɿ⁵²)	true	tsy1	暂无	自旧档汇入	2023-07-05T08:47:08+08:00
南汇·周浦	蜘(蜘)	[空]	tsy1(tsɿ⁵²)	true	tsy1	暂无	自旧档汇入	2023-07-05T08:47:08+08:00
南汇·周浦	织(織)	[空]	tseq7(tsəʔ⁵⁵)	true	tseq7	暂无	自旧档汇入	2023-07-05T08:47:08+08:00
南汇·周浦	直(直)	[空]	zeq8(zəʔ²³)	true	zeq8	暂无	自旧档汇入	2023-07-05T08:47:08+08:00
南汇·周浦	侄(侄)	[空]	zeq8(zəʔ²³)	true	zeq8	暂无	自旧档汇入	2023-07-05T08:47:08+08:00
南汇·周浦	值(值)	[空]	zeq8(zəʔ²³)	true	zeq8	暂无	自旧档汇入	2023-07-05T08:47:08+08:00
南汇·周浦	执(執)	[空]	tseq7(tsəʔ⁵⁵)	true	tseq7	暂无	自旧档汇入	2023-07-05T08:47:08+08:00
南汇·周浦	植(植)	[空]	zeq8(zəʔ²³)	true	zeq8	暂无	自旧档汇入	2023-07-05T08:47:08+08:00
南汇·周浦	殖(殖)	[空]	zeq8(zəʔ²³)	true	zeq8	暂无	自旧档汇入	2023-07-05T08:47:08+08:00
南汇·周浦	职(職)	[空]	tseq7(tsəʔ⁵⁵)	true	tseq7	暂无	自旧档汇入	2023-07-05T08:47:08+08:00
南汇·周浦	止(止)	[空]	tsy3(tsɿ⁴⁴)	true	tsy3	暂无	自旧档汇入	2023-07-05T08:47:08+08:00
南汇·周浦	指(指)	[空]	tsy3(tsɿ⁴⁴)	true	tsy3	暂无	自旧档汇入	2023-07-05T08:47:08+08:00
南汇·周浦	纸(紙)	[空]	tsy3(tsɿ⁴⁴)	true	tsy3	暂无	自旧档汇入	2023-07-05T08:47:08+08:00
南汇·周浦	至(至)	[空]	tsy5(tsɿ³³⁵)	true	tsy5	暂无	自旧档汇入	2023-07-05T08:47:08+08:00
南汇·周浦	志(志)	[空]	tsy5(tsɿ³³⁵)	true	tsy5	暂无	自旧档汇入	2023-07-05T08:47:08+08:00
南汇·周浦	制(制)	[空]	tsy5(tsɿ³³⁵)	true	tsy5	暂无	自旧档汇入	2023-07-05T08:47:08+08:00
南汇·周浦	治(治)	[空]	zy6(zɿ¹¹³)	true	zy6	暂无	自旧档汇入	2023-07-05T08:47:08+08:00
南汇·周浦	智(智)	[空]	tsy1(tsɿ⁵²)	true	tsy1	暂无	自旧档汇入	2023-07-05T08:47:08+08:00
南汇·周浦	置(置)	[空]	tsy5(tsɿ³³⁵)	true	tsy5	暂无	自旧档汇入	2023-07-05T08:47:08+08:00
南汇·周浦	稚(稚)	[空]	zy6(zɿ¹¹³)	true	zy6	暂无	自旧档汇入	2023-07-05T08:47:08+08:00
南汇·周浦	制(製)	[空]	tsy5(tsɿ³³⁵)	true	tsy5	暂无	自旧档汇入	2023-07-05T08:47:08+08:00
南汇·周浦	滞(滯)	[空]	tsy5(tsɿ³³⁵)	true	tsy5	暂无	自旧档汇入	2023-07-05T08:47:08+08:00
南汇·周浦	滞(滯)	[空]	zy6(zɿ¹¹³)	true	zy6	暂无	自旧档汇入	2023-07-05T08:47:08+08:00
南汇·周浦	质(質)	[空]	tseq7(tsəʔ⁵⁵)	true	tseq7	暂无	自旧档汇入	2023-07-05T08:47:08+08:00
南汇·周浦	中(中)	[空]	tson5(tsoŋ³³⁵)	true	tson5	暂无	自旧档汇入	2023-07-05T08:47:08+08:00
南汇·周浦	中(中)	[空]	tson1(tsoŋ⁵²)	true	tson1	暂无	自旧档汇入	2023-07-05T08:47:08+08:00
南汇·周浦	忠(忠)	[空]	tson1(tsoŋ⁵²)	true	tson1	暂无	自旧档汇入	2023-07-05T08:47:08+08:00
南汇·周浦	终(終)	[空]	tson1(tsoŋ⁵²)	true	tson1	暂无	自旧档汇入	2023-07-05T08:47:08+08:00
南汇·周浦	钟(鍾)	[空]	tson1(tsoŋ⁵²)	true	tson1	暂无	自旧档汇入	2023-07-05T08:47:08+08:00
南汇·周浦	钟(鐘)	[空]	tson1(tsoŋ⁵²)	true	tson1	暂无	自旧档汇入	2023-07-05T08:47:08+08:00
南汇·周浦	肿(腫)	[空]	tson3(tsoŋ⁴⁴)	true	tson3	暂无	自旧档汇入	2023-07-05T08:47:08+08:00
南汇·周浦	种(種)	[空]	tson5(tsoŋ³³⁵)	true	tson5	暂无	自旧档汇入	2023-07-05T08:47:08+08:00
南汇·周浦	种(種)	[空]	tson3(tsoŋ⁴⁴)	true	tson3	暂无	自旧档汇入	2023-07-05T08:47:08+08:00
南汇·周浦	仲(仲)	[空]	zon6(zoŋ¹¹³)	true	zon6	暂无	自旧档汇入	2023-07-05T08:47:08+08:00
南汇·周浦	重(重)	[空]	zon6(zoŋ¹¹³)	true	zon6	暂无	自旧档汇入	2023-07-05T08:47:08+08:00
南汇·周浦	重(重)	[空]	zon6(zoŋ¹¹³)	true	zon6	暂无	自旧档汇入	2023-07-05T08:47:08+08:00
南汇·周浦	众(眾)	[空]	tson5(tsoŋ³³⁵)	true	tson5	暂无	自旧档汇入	2023-07-05T08:47:08+08:00
南汇·周浦	众(衆)	[空]	tson5(tsoŋ³³⁵)	true	tson5	暂无	自旧档汇入	2023-07-05T08:47:08+08:00
南汇·周浦	舟(舟)	[空]	tseu1(tsɤ⁵²)	true	tseu1	暂无	自旧档汇入	2023-07-05T08:47:08+08:00
南汇·周浦	州(州)	[空]	tseu1(tsɤ⁵²)	true	tseu1	暂无	自旧档汇入	2023-07-05T08:47:08+08:00
南汇·周浦	洲(洲)	[空]	tseu1(tsɤ⁵²)	true	tseu1	暂无	自旧档汇入	2023-07-05T08:47:08+08:00
南汇·周浦	粥(粥)	[空]	tsoq7(tsoʔ⁵⁵)	true	tsoq7	暂无	自旧档汇入	2023-07-05T08:47:08+08:00
南汇·周浦	轴(軸)	[空]	dzioq8(dzioʔ²³)	true	dzioq8	暂无	自旧档汇入	2023-07-05T08:47:08+08:00
南汇·周浦	轴(軸)	[空]	zoq8(zoʔ²³)	true	zoq8	暂无	自旧档汇入	2023-07-05T08:47:08+08:00
南汇·周浦	肘(肘)	[空]	tseu3(tsɤ⁴⁴)	true	tseu3	暂无	自旧档汇入	2023-07-05T08:47:08+08:00
南汇·周浦	咒(咒)	[空]	tseu5(tsɤ³³⁵)	true	tseu5	暂无	自旧档汇入	2023-07-05T08:47:08+08:00
南汇·周浦	宙(宙)	[空]	zeu6(zɤ¹¹³)	true	zeu6	暂无	自旧档汇入	2023-07-05T08:47:08+08:00
南汇·周浦	纣(紂)	[空]	zeu6(zɤ¹¹³)	true	zeu6	暂无	自旧档汇入	2023-07-05T08:47:08+08:00
南汇·周浦	昼(晝)	[空]	tseu5(tsɤ³³⁵)	true	tseu5	暂无	自旧档汇入	2023-07-05T08:47:08+08:00
南汇·周浦	皱(皺)	[空]	tseu5(tsɤ³³⁵)	true	tseu5	暂无	自旧档汇入	2023-07-05T08:47:08+08:00
南汇·周浦	绉(縐)	[空]	tseu5(tsɤ³³⁵)	true	tseu5	暂无	自旧档汇入	2023-07-05T08:47:08+08:00
南汇·周浦	帚(帚)	[空]	tseu3(tsɤ⁴⁴)	true	tseu3	暂无	自旧档汇入	2023-07-05T08:47:08+08:00
南汇·周浦	朱(朱)	[空]	ciu1(tɕy⁵²)	true	ciu1	暂无	自旧档汇入	2023-07-05T08:47:08+08:00
南汇·周浦	珠(珠)	[空]	ciu1(tɕy⁵²)	true	ciu1	暂无	自旧档汇入	2023-07-05T08:47:08+08:00
南汇·周浦	珠(珠)	[空]	tsy1(tsɿ⁵²)	true	tsy1	暂无	自旧档汇入	2023-07-05T08:47:08+08:00
南汇·周浦	猪(豬)	[空]	tsy1(tsɿ⁵²)	true	tsy1	暂无	自旧档汇入	2023-07-05T08:47:08+08:00
南汇·周浦	诸(諸)	[空]	tsy1(tsɿ⁵²)	true	tsy1	暂无	自旧档汇入	2023-07-05T08:47:08+08:00
南汇·周浦	竹(竹)	[空]	tsoq7(tsoʔ⁵⁵)	true	tsoq7	暂无	自旧档汇入	2023-07-05T08:47:08+08:00
南汇·周浦	烛(燭)	[空]	tsoq7(tsoʔ⁵⁵)	true	tsoq7	暂无	自旧档汇入	2023-07-05T08:47:08+08:00
南汇·周浦	主(主)	[空]	ciu3(tɕy⁴⁴)	true	ciu3	暂无	自旧档汇入	2023-07-05T08:47:08+08:00
南汇·周浦	主(主)	[空]	tsy3(tsɿ⁴⁴)	true	tsy3	暂无	自旧档汇入	2023-07-05T08:47:08+08:00
南汇·周浦	煮(煮)	[空]	tsy3(tsɿ⁴⁴)	true	tsy3	暂无	自旧档汇入	2023-07-05T08:47:08+08:00
南汇·周浦	嘱(囑)	[空]	tsoq7(tsoʔ⁵⁵)	true	tsoq7	暂无	自旧档汇入	2023-07-05T08:47:08+08:00
南汇·周浦	助(助)	[空]	zu6(zu¹¹³)	true	zu6	暂无	自旧档汇入	2023-07-05T08:47:08+08:00
南汇·周浦	住(住)	[空]	zy6(zɿ¹¹³)	true	zy6	暂无	自旧档汇入	2023-07-05T08:47:08+08:00
南汇·周浦	住(住)	[空]	zhiu6(ʑy¹¹³)	true	zhiu6	暂无	自旧档汇入	2023-07-05T08:47:08+08:00
南汇·周浦	注(注)	[空]	ciu5(tɕy³³⁵)	true	ciu5	暂无	自旧档汇入	2023-07-05T08:47:08+08:00
南汇·周浦	注(注)	[空]	tsy5(tsɿ³³⁵)	true	tsy5	暂无	自旧档汇入	2023-07-05T08:47:08+08:00
南汇·周浦	柱(柱)	[空]	zy6(zɿ¹¹³)	true	zy6	暂无	自旧档汇入	2023-07-05T08:47:08+08:00
南汇·周浦	柱(柱)	[空]	zhiu6(ʑy¹¹³)	true	zhiu6	暂无	自旧档汇入	2023-07-05T08:47:08+08:00
南汇·周浦	着(著)	[空]	tsaq7(tsɑʔ⁵⁵)	true	tsaq7	暂无	自旧档汇入	2023-07-05T08:47:08+08:00
南汇·周浦	着(著)	[空]	tsy5(tsɿ³³⁵)	true	tsy5	暂无	自旧档汇入	2023-07-05T08:47:08+08:00
南汇·周浦	着(著)	[空]	zaq8(zɑʔ²³)	true	zaq8	暂无	自旧档汇入	2023-07-05T08:47:08+08:00
南汇·周浦	蛀(蛀)	[空]	ciu5(tɕy³³⁵)	true	ciu5	暂无	自旧档汇入	2023-07-05T08:47:08+08:00
南汇·周浦	蛀(蛀)	[空]	tsy5(tsɿ³³⁵)	true	tsy5	暂无	自旧档汇入	2023-07-05T08:47:08+08:00
南汇·周浦	注(註)	[空]	ciu5(tɕy³³⁵)	true	ciu5	暂无	自旧档汇入	2023-07-05T08:47:08+08:00
南汇·周浦	注(註)	[空]	tsy5(tsɿ³³⁵)	true	tsy5	暂无	自旧档汇入	2023-07-05T08:47:08+08:00
南汇·周浦	驻(駐)	[空]	ciu5(tɕy³³⁵)	true	ciu5	暂无	自旧档汇入	2023-07-05T08:47:08+08:00
南汇·周浦	驻(駐)	[空]	tsy5(tsɿ³³⁵)	true	tsy5	暂无	自旧档汇入	2023-07-05T08:47:08+08:00
南汇·周浦	筑(築)	[空]	tsoq7(tsoʔ⁵⁵)	true	tsoq7	暂无	自旧档汇入	2023-07-05T08:47:08+08:00
南汇·周浦	抓(抓)	[空]	tsau1(tsɔ⁵²)	true	tsau1	暂无	自旧档汇入	2023-07-05T08:47:08+08:00
南汇·周浦	专(專)	[空]	tsoe1(tsø⁵²)	true	tsoe1	暂无	自旧档汇入	2023-07-05T08:47:08+08:00
南汇·周浦	砖(磚)	[空]	tsoe1(tsø⁵²)	true	tsoe1	暂无	自旧档汇入	2023-07-05T08:47:08+08:00
南汇·周浦	篆(篆)	[空]	zoe6(zø¹¹³)	true	zoe6	暂无	自旧档汇入	2023-07-05T08:47:08+08:00
南汇·周浦	赚(賺)	[空]	zae6(zɛ¹¹³)	true	zae6	暂无	自旧档汇入	2023-07-05T08:47:08+08:00
南汇·周浦	转(轉)	[空]	tsoe5(tsø³³⁵)	true	tsoe5	暂无	自旧档汇入	2023-07-05T08:47:08+08:00
南汇·周浦	转(轉)	[空]	tsoe3(tsø⁴⁴)	true	tsoe3	暂无	自旧档汇入	2023-07-05T08:47:08+08:00
南汇·周浦	庄(莊)	[空]	tsaon1(tsɒ̃⁵²)	true	tsaon1	暂无	自旧档汇入	2023-07-05T08:47:08+08:00
南汇·周浦	装(裝)	[空]	tsaon1(tsɒ̃⁵²)	true	tsaon1	暂无	自旧档汇入	2023-07-05T08:47:08+08:00
南汇·周浦	桩(樁)	[空]	tsaon1(tsɒ̃⁵²)	true	tsaon1	暂无	自旧档汇入	2023-07-05T08:47:08+08:00
南汇·周浦	壮(壯)	[空]	tsaon5(tsɒ̃³³⁵)	true	tsaon5	暂无	自旧档汇入	2023-07-05T08:47:08+08:00
南汇·周浦	状(狀)	[空]	zaon6(zɒ̃¹¹³)	true	zaon6	暂无	自旧档汇入	2023-07-05T08:47:08+08:00
南汇·周浦	撞(撞)	[空]	zaon6(zɒ̃¹¹³)	true	zaon6	暂无	自旧档汇入	2023-07-05T08:47:08+08:00
南汇·周浦	追(追)	[空]	tsoe1(tsø⁵²)	true	tsoe1	暂无	自旧档汇入	2023-07-05T08:47:08+08:00
南汇·周浦	锥(錐)	[空]	tsoe1(tsø⁵²)	true	tsoe1	暂无	自旧档汇入	2023-07-05T08:47:08+08:00
南汇·周浦	坠(墜)	[空]	zoe6(zø¹¹³)	true	zoe6	暂无	自旧档汇入	2023-07-05T08:47:08+08:00
南汇·周浦	肫(肫)	[空]	tsen1(tsəŋ⁵²)	true	tsen1	暂无	自旧档汇入	2023-07-05T08:47:08+08:00
南汇·周浦	谆(諄)	[空]	tsen1(tsəŋ⁵²)	true	tsen1	暂无	自旧档汇入	2023-07-05T08:47:08+08:00
南汇·周浦	准(准)	[空]	tsen3(tsəŋ⁴⁴)	true	tsen3	暂无	自旧档汇入	2023-07-05T08:47:08+08:00
南汇·周浦	准(準)	[空]	tsen3(tsəŋ⁴⁴)	true	tsen3	暂无	自旧档汇入	2023-07-05T08:47:08+08:00
南汇·周浦	拙(拙)	[空]	tsoq7(tsoʔ⁵⁵)	true	tsoq7	暂无	自旧档汇入	2023-07-05T08:47:08+08:00
南汇·周浦	捉(捉)	[空]	tsaoq7(tsɒʔ⁵⁵)	true	tsaoq7	暂无	自旧档汇入	2023-07-05T08:47:08+08:00
南汇·周浦	桌(桌)	[空]	tsaoq7(tsɒʔ⁵⁵)	true	tsaoq7	暂无	自旧档汇入	2023-07-05T08:47:08+08:00
南汇·周浦	桌(桌)	[空]	tsoq7(tsoʔ⁵⁵)	true	tsoq7	暂无	自旧档汇入	2023-07-05T08:47:08+08:00
南汇·周浦	卓(卓)	[空]	tsaoq7(tsɒʔ⁵⁵)	true	tsaoq7	暂无	自旧档汇入	2023-07-05T08:47:08+08:00
南汇·周浦	酌(酌)	[空]	tsaq7(tsɑʔ⁵⁵)	true	tsaq7	暂无	自旧档汇入	2023-07-05T08:47:08+08:00
南汇·周浦	浊(濁)	[空]	zoq8(zoʔ²³)	true	zoq8	暂无	自旧档汇入	2023-07-05T08:47:08+08:00
南汇·周浦	镯(鐲)	[空]	zaoq8(zɒʔ²³)	true	zaoq8	暂无	自旧档汇入	2023-07-05T08:47:08+08:00
南汇·周浦	镯(鐲)	[空]	zoq8(zoʔ²¹)	true	zoq8	暂无	自旧档汇入	2023-07-05T08:47:08+08:00
南汇·周浦	姿(姿)	[空]	tsy1(tsɿ⁵²)	true	tsy1	暂无	自旧档汇入	2023-07-05T08:47:08+08:00
南汇·周浦	滋(滋)	[空]	tsy1(tsɿ⁵²)	true	tsy1	暂无	自旧档汇入	2023-07-05T08:47:08+08:00
南汇·周浦	资(資)	[空]	tsy1(tsɿ⁵²)	true	tsy1	暂无	自旧档汇入	2023-07-05T08:47:08+08:00
南汇·周浦	子(子)	[空]	tsy3(tsɿ⁴⁴)	true	tsy3	暂无	自旧档汇入	2023-07-05T08:47:08+08:00
南汇·周浦	姊(姊)	[空]	tsy3(tsɿ⁴⁴)	true	tsy3	暂无	自旧档汇入	2023-07-05T08:47:08+08:00
南汇·周浦	紫(紫)	[空]	tsy3(tsɿ⁴⁴)	true	tsy3	暂无	自旧档汇入	2023-07-05T08:47:08+08:00
南汇·周浦	自(自)	[空]	zy6(zɿ¹¹³)	true	zy6	暂无	自旧档汇入	2023-07-05T08:47:08+08:00
南汇·周浦	字(字)	[空]	zy6(zɿ¹¹³)	true	zy6	暂无	自旧档汇入	2023-07-05T08:47:08+08:00
南汇·周浦	宗(宗)	[空]	tson1(tsoŋ⁵²)	true	tson1	暂无	自旧档汇入	2023-07-05T08:47:08+08:00
南汇·周浦	踪(蹤)	[空]	tson1(tsoŋ⁵²)	true	tson1	暂无	自旧档汇入	2023-07-05T08:47:08+08:00
南汇·周浦	总(總)	[空]	tson3(tsoŋ⁴⁴)	true	tson3	暂无	自旧档汇入	2023-07-05T08:47:08+08:00
南汇·周浦	粽(粽)	[空]	tson5(tsoŋ³³⁵)	true	tson5	暂无	自旧档汇入	2023-07-05T08:47:08+08:00
南汇·周浦	纵(縱)	[空]	tson5(tsoŋ³³⁵)	true	tson5	暂无	自旧档汇入	2023-07-05T08:47:08+08:00
南汇·周浦	纵(縱)	[空]	tson1(tsoŋ⁵²)	true	tson1	暂无	自旧档汇入	2023-07-05T08:47:08+08:00
南汇·周浦	邹(鄒)	[空]	tseu1(tsɤ⁵²)	true	tseu1	暂无	自旧档汇入	2023-07-05T08:47:08+08:00
南汇·周浦	走(走)	[空]	tseu3(tsɤ⁴⁴)	true	tseu3	暂无	自旧档汇入	2023-07-05T08:47:08+08:00
南汇·周浦	奏(奏)	[空]	tseu5(tsɤ³³⁵)	true	tseu5	暂无	自旧档汇入	2023-07-05T08:47:08+08:00
南汇·周浦	租(租)	[空]	tsu1(tsu⁵²)	true	tsu1	暂无	自旧档汇入	2023-07-05T08:47:08+08:00
南汇·周浦	足(足)	[空]	tsoq7(tsoʔ⁵⁵)	true	tsoq7	暂无	自旧档汇入	2023-07-05T08:47:08+08:00
南汇·周浦	卒(卒)	[空]	tseq7(tsəʔ⁵⁵)	true	tseq7	暂无	自旧档汇入	2023-07-05T08:47:08+08:00
南汇·周浦	卒(卒)	[空]	tsoq7(tsoʔ⁵⁵)	true	tsoq7	暂无	自旧档汇入	2023-07-05T08:47:08+08:00
南汇·周浦	族(族)	[空]	zoq8(zoʔ²³)	true	zoq8	暂无	自旧档汇入	2023-07-05T08:47:08+08:00
南汇·周浦	祖(祖)	[空]	tsu3(tsu⁴⁴)	true	tsu3	暂无	自旧档汇入	2023-07-05T08:47:08+08:00
南汇·周浦	组(組)	[空]	tsu3(tsu⁴⁴)	true	tsu3	暂无	自旧档汇入	2023-07-05T08:47:08+08:00
南汇·周浦	钻(鑽)	[空]	tsoe5(tsø³³⁵)	true	tsoe5	暂无	自旧档汇入	2023-07-05T08:47:08+08:00
南汇·周浦	钻(鑽)	[空]	tsoe1(tsø⁵²)	true	tsoe1	暂无	自旧档汇入	2023-07-05T08:47:08+08:00
南汇·周浦	嘴(嘴)	[空]	tsy3(tsɿ⁴⁴)	true	tsy3	暂无	自旧档汇入	2023-07-05T08:47:08+08:00
南汇·周浦	最(最)	[空]	tsoe5(tsø³³⁵)	true	tsoe5	暂无	自旧档汇入	2023-07-05T08:47:08+08:00
南汇·周浦	罪(罪)	[空]	zoe6(zø¹¹³)	true	zoe6	暂无	自旧档汇入	2023-07-05T08:47:08+08:00
南汇·周浦	醉(醉)	[空]	tsoe5(tsø³³⁵)	true	tsoe5	暂无	自旧档汇入	2023-07-05T08:47:08+08:00
南汇·周浦	尊(尊)	[空]	tsen1(tsəŋ⁵²)	true	tsen1	暂无	自旧档汇入	2023-07-05T08:47:08+08:00
南汇·周浦	昨(昨)	[空]	zoq8(zoʔ²³)	true	zoq8	暂无	自旧档汇入	2023-07-05T08:47:08+08:00
南汇·周浦	左(左)	[空]	tsu3(tsu⁴⁴)	true	tsu3	暂无	自旧档汇入	2023-07-05T08:47:08+08:00
南汇·周浦	作(作)	[空]	tsaoq7(tsɒʔ⁵⁵)	true	tsaoq7	暂无	自旧档汇入	2023-07-05T08:47:08+08:00
南汇·周浦	作(作)	[空]	tsoq7(tsoʔ⁵⁵)	true	tsoq7	暂无	自旧档汇入	2023-07-05T08:47:08+08:00
南汇·周浦	坐(坐)	[空]	zu6(zu¹¹³)	true	zu6	暂无	自旧档汇入	2023-07-05T08:47:08+08:00
南汇·周浦	座(座)	[空]	zu6(zu¹¹³)	true	zu6	暂无	自旧档汇入	2023-07-05T08:47:08+08:00
南汇·周浦	做(做)	[空]	tsu5(tsu³³⁵)	true	tsu5	暂无	自旧档汇入	2023-07-05T08:47:08+08:00
上海县·莘庄	部		bu⁶		bu6		自旧档汇入	2023-07-05T08:47:08+08:00
上海县·莘庄	簿		bu⁶		bu6		自旧档汇入	2023-07-05T08:47:08+08:00
上海县·莘庄	挑		tʰiɔ¹		thiau1		自旧档汇入	2023-07-05T08:47:08+08:00
上海县·莘庄	捅		tʰoŋ³		thon3		自旧档汇入	2023-07-05T08:47:08+08:00
上海县·莘庄	樱		iŋ¹		in1		自旧档汇入	2023-07-05T08:47:08+08:00
上海县·莘庄	鸭		æʔ⁷		aeq7		自旧档汇入	2023-07-05T08:47:08+08:00
上海县·莘庄	押		æʔ⁷		aeq7		自旧档汇入	2023-07-05T08:47:08+08:00
上海县·莘庄	压		æʔ⁷		aeq7		自旧档汇入	2023-07-05T08:47:08+08:00
上海县·莘庄	挨	~近	ᴀ¹		a1		自旧档汇入	2023-07-05T08:47:08+08:00
上海县·莘庄	矮		ᴀ³		a3		自旧档汇入	2023-07-05T08:47:08+08:00
上海县·莘庄	朋		bã²		ban2		自旧档汇入	2023-07-05T08:47:08+08:00
上海县·莘庄	彭		bã²		ban2		自旧档汇入	2023-07-05T08:47:08+08:00
上海县·莘庄	膨		bã²		ban2		自旧档汇入	2023-07-05T08:47:08+08:00
上海县·莘庄	棚		bã²		ban2		自旧档汇入	2023-07-05T08:47:08+08:00
上海县·莘庄	拔		bæʔ⁸		baeq8		自旧档汇入	2023-07-05T08:47:08+08:00
上海县·莘庄	排		bᴀ²		ba2		自旧档汇入	2023-07-05T08:47:08+08:00
上海县·莘庄	牌		bᴀ²		ba2		自旧档汇入	2023-07-05T08:47:08+08:00
上海县·莘庄	罢		bᴀ⁶		ba6		自旧档汇入	2023-07-05T08:47:08+08:00
上海县·莘庄	稗		bᴀ⁶		ba6		自旧档汇入	2023-07-05T08:47:08+08:00
上海县·莘庄	败		bᴀ⁶		ba6		自旧档汇入	2023-07-05T08:47:08+08:00
上海县·莘庄	白		bᴀʔ⁸		baq8		自旧档汇入	2023-07-05T08:47:08+08:00
上海县·莘庄	旁		bɑ̃²		baon2		自旧档汇入	2023-07-05T08:47:08+08:00
上海县·莘庄	螃		bɑ̃²		baon2		自旧档汇入	2023-07-05T08:47:08+08:00
上海县·莘庄	傍		bɑ̃²		baon2		自旧档汇入	2023-07-05T08:47:08+08:00
上海县·莘庄	防		bɑ̃²		baon2		自旧档汇入	2023-07-05T08:47:08+08:00
上海县·莘庄	庞		bɑ̃²		baon2		自旧档汇入	2023-07-05T08:47:08+08:00
上海县·莘庄	棒		bɑ̃⁶		baon6		自旧档汇入	2023-07-05T08:47:08+08:00
上海县·莘庄	培		be²		be2		自旧档汇入	2023-07-05T08:47:08+08:00
上海县·莘庄	陪		be²		be2		自旧档汇入	2023-07-05T08:47:08+08:00
上海县·莘庄	赔		be²		be2		自旧档汇入	2023-07-05T08:47:08+08:00
上海县·莘庄	裴		bi²		bi2		自旧档汇入	2023-07-05T08:47:08+08:00
上海县·莘庄	倍		be²		be2		自旧档汇入	2023-07-05T08:47:08+08:00
上海县·莘庄	被	~迫	bi⁶		bi6		自旧档汇入	2023-07-05T08:47:08+08:00
上海县·莘庄	盘		be²		be2		自旧档汇入	2023-07-05T08:47:08+08:00
上海县·莘庄	伴		be⁶		be6		自旧档汇入	2023-07-05T08:47:08+08:00
上海县·莘庄	拌		be⁶		be6		自旧档汇入	2023-07-05T08:47:08+08:00
上海县·莘庄	佩		bi²		bi2		自旧档汇入	2023-07-05T08:47:08+08:00
上海县·莘庄	备		bi⁶		bi6		自旧档汇入	2023-07-05T08:47:08+08:00
上海县·莘庄	叛		be⁶		be6		自旧档汇入	2023-07-05T08:47:08+08:00
上海县·莘庄	盆		bəŋ²		ben2		自旧档汇入	2023-07-05T08:47:08+08:00
上海县·莘庄	笨		bəŋ⁶		ben6		自旧档汇入	2023-07-05T08:47:08+08:00
上海县·莘庄	勃		bəʔ⁸		beq8		自旧档汇入	2023-07-05T08:47:08+08:00
上海县·莘庄	爿		bɛ²		bae2		自旧档汇入	2023-07-05T08:47:08+08:00
上海县·莘庄	瓣		bɛ⁶		bae6		自旧档汇入	2023-07-05T08:47:08+08:00
上海县·莘庄	办		bɛ⁶		bae6		自旧档汇入	2023-07-05T08:47:08+08:00
上海县·莘庄	皮		bi²		bi2		自旧档汇入	2023-07-05T08:47:08+08:00
上海县·莘庄	疲		bi²		bi2		自旧档汇入	2023-07-05T08:47:08+08:00
上海县·莘庄	脾		bi²		bi2		自旧档汇入	2023-07-05T08:47:08+08:00
上海县·莘庄	被	~子	bi⁶		bi6		自旧档汇入	2023-07-05T08:47:08+08:00
上海县·莘庄	辫		bi⁶		bi6		自旧档汇入	2023-07-05T08:47:08+08:00
上海县·莘庄	弊		bi⁶		bi6		自旧档汇入	2023-07-05T08:47:08+08:00
上海县·莘庄	币		bi⁶		bi6		自旧档汇入	2023-07-05T08:47:08+08:00
上海县·莘庄	斃		bi⁶		bi6		自旧档汇入	2023-07-05T08:47:08+08:00
上海县·莘庄	鐾		bi⁶		bi6		自旧档汇入	2023-07-05T08:47:08+08:00
上海县·莘庄	避		bi⁶		bi6		自旧档汇入	2023-07-05T08:47:08+08:00
上海县·莘庄	痹		bi⁶		bi6		自旧档汇入	2023-07-05T08:47:08+08:00
上海县·莘庄	辨		bi⁶		bi6		自旧档汇入	2023-07-05T08:47:08+08:00
上海县·莘庄	辩		bi⁶		bi6		自旧档汇入	2023-07-05T08:47:08+08:00
上海县·莘庄	便	方～	bi⁶		bi6		自旧档汇入	2023-07-05T08:47:08+08:00
上海县·莘庄	鼻		bəʔ⁸		beq8		自旧档汇入	2023-07-05T08:47:08+08:00
上海县·莘庄	鼻		biɪʔ⁸		biq8		自旧档汇入	2023-07-05T08:47:08+08:00
上海县·莘庄	贫		biŋ²		bin2		自旧档汇入	2023-07-05T08:47:08+08:00
上海县·莘庄	频		biŋ²		bin2		自旧档汇入	2023-07-05T08:47:08+08:00
上海县·莘庄	凭		biŋ²		bin2		自旧档汇入	2023-07-05T08:47:08+08:00
上海县·莘庄	平		biŋ²		bin2		自旧档汇入	2023-07-05T08:47:08+08:00
上海县·莘庄	评		biŋ²		bin2		自旧档汇入	2023-07-05T08:47:08+08:00
上海县·莘庄	并		ɸɑ̃¹		faon1		自旧档汇入	2023-07-05T08:47:08+08:00
上海县·莘庄	瓶		biŋ²		bin2		自旧档汇入	2023-07-05T08:47:08+08:00
上海县·莘庄	萍		ɸɑ̃¹		faon1		自旧档汇入	2023-07-05T08:47:08+08:00
上海县·莘庄	病		biŋ⁶		bin6		自旧档汇入	2023-07-05T08:47:08+08:00
上海县·莘庄	嫖		biɔ²		biau2		自旧档汇入	2023-07-05T08:47:08+08:00
上海县·莘庄	爬		bo²		bo2		自旧档汇入	2023-07-05T08:47:08+08:00
上海县·莘庄	杷		bo²		bo2		自旧档汇入	2023-07-05T08:47:08+08:00
上海县·莘庄	耙		bo⁶		bo6		自旧档汇入	2023-07-05T08:47:08+08:00
上海县·莘庄	篷		boŋ²		bon2		自旧档汇入	2023-07-05T08:47:08+08:00
上海县·莘庄	蓬		ɦyoŋ²		yon2		自旧档汇入	2023-07-05T08:47:08+08:00
上海县·莘庄	薄		bɔʔ⁸		baoq8		自旧档汇入	2023-07-05T08:47:08+08:00
上海县·莘庄	袍		bɔ²		bau2		自旧档汇入	2023-07-05T08:47:08+08:00
上海县·莘庄	抱		bɔ⁶		bau6		自旧档汇入	2023-07-05T08:47:08+08:00
上海县·莘庄	跑		bɔ²		bau2		自旧档汇入	2023-07-05T08:47:08+08:00
上海县·莘庄	鲍		bɔ⁶		bau6		自旧档汇入	2023-07-05T08:47:08+08:00
上海县·莘庄	刨		bɔ⁶		bau6		自旧档汇入	2023-07-05T08:47:08+08:00
上海县·莘庄	爆		bɔ⁶		bau6		自旧档汇入	2023-07-05T08:47:08+08:00
上海县·莘庄	爆		pʰɔ⁵		phau5		自旧档汇入	2023-07-05T08:47:08+08:00
上海县·莘庄	铇		bɔ⁶		bau6		自旧档汇入	2023-07-05T08:47:08+08:00
上海县·莘庄	雹		bɔ⁶		bau6		自旧档汇入	2023-07-05T08:47:08+08:00
上海县·莘庄	曝		bɔ⁶		bau6		自旧档汇入	2023-07-05T08:47:08+08:00
上海县·莘庄	暴		bɔ⁶		bau6		自旧档汇入	2023-07-05T08:47:08+08:00
上海县·莘庄	婆		bu²		bu2		自旧档汇入	2023-07-05T08:47:08+08:00
上海县·莘庄	蒲		bu²		bu2		自旧档汇入	2023-07-05T08:47:08+08:00
上海县·莘庄	菩		bu²		bu2		自旧档汇入	2023-07-05T08:47:08+08:00
上海县·莘庄	步		bu⁶		bu6		自旧档汇入	2023-07-05T08:47:08+08:00
上海县·莘庄	捕		bu⁶		bu6		自旧档汇入	2023-07-05T08:47:08+08:00
上海县·莘庄	牺		çi¹		shi1		自旧档汇入	2023-07-05T08:47:08+08:00
上海县·莘庄	希		çi¹		shi1		自旧档汇入	2023-07-05T08:47:08+08:00
上海县·莘庄	稀		çi¹		shi1		自旧档汇入	2023-07-05T08:47:08+08:00
上海县·莘庄	喜		çi³		shi3		自旧档汇入	2023-07-05T08:47:08+08:00
上海县·莘庄	险		çi³		shi3		自旧档汇入	2023-07-05T08:47:08+08:00
上海县·莘庄	显		çi⁵		shi5		自旧档汇入	2023-07-05T08:47:08+08:00
上海县·莘庄	戏		çi⁵		shi5		自旧档汇入	2023-07-05T08:47:08+08:00
上海县·莘庄	宪		çi⁵		shi5		自旧档汇入	2023-07-05T08:47:08+08:00
上海县·莘庄	献		çi⁵		shi5		自旧档汇入	2023-07-05T08:47:08+08:00
上海县·莘庄	香		çiã¹		shian1		自旧档汇入	2023-07-05T08:47:08+08:00
上海县·莘庄	乡		çiã¹		shian1		自旧档汇入	2023-07-05T08:47:08+08:00
上海县·莘庄	享		çiã⁵		shian5		自旧档汇入	2023-07-05T08:47:08+08:00
上海县·莘庄	响		çiã⁵		shian5		自旧档汇入	2023-07-05T08:47:08+08:00
上海县·莘庄	向		çiã⁵		shian5		自旧档汇入	2023-07-05T08:47:08+08:00
上海县·莘庄	休		çiɤ¹		shieu1		自旧档汇入	2023-07-05T08:47:08+08:00
上海县·莘庄	嗅		çiɤ⁵		shieu5		自旧档汇入	2023-07-05T08:47:08+08:00
上海县·莘庄	吸		çiɪʔ⁷		shiq7		自旧档汇入	2023-07-05T08:47:08+08:00
上海县·莘庄	歇		çiɪʔ⁷		shiq7		自旧档汇入	2023-07-05T08:47:08+08:00
上海县·莘庄	掀		ɕi¹		shi1		自旧档汇入	2023-07-05T08:47:08+08:00
上海县·莘庄	掀		ɕiŋ¹		shin1		自旧档汇入	2023-07-05T08:47:08+08:00
上海县·莘庄	欣		çiŋ¹		shin1		自旧档汇入	2023-07-05T08:47:08+08:00
上海县·莘庄	兄		çyoŋ¹		shion1		自旧档汇入	2023-07-05T08:47:08+08:00
上海县·莘庄	胸		çyoŋ¹		shion1		自旧档汇入	2023-07-05T08:47:08+08:00
上海县·莘庄	凶		ɦyoŋ²		ghion2		自旧档汇入	2023-07-05T08:47:08+08:00
上海县·莘庄	畜	～牧	çyoʔ⁷		shioq7		自旧档汇入	2023-07-05T08:47:08+08:00
上海县·莘庄	蓄		çyoʔ⁷		shioq7		自旧档汇入	2023-07-05T08:47:08+08:00
上海县·莘庄	嚣		çiɔ¹		shiau1		自旧档汇入	2023-07-05T08:47:08+08:00
上海县·莘庄	晓		çiɔ⁵		shiau5		自旧档汇入	2023-07-05T08:47:08+08:00
上海县·莘庄	靴		çiu¹		shiu1		自旧档汇入	2023-07-05T08:47:08+08:00
上海县·莘庄	兴		çiŋ¹		shin1		自旧档汇入	2023-07-05T08:47:08+08:00
上海县·莘庄	虚		çy¹		shiu1		自旧档汇入	2023-07-05T08:47:08+08:00
上海县·莘庄	嘘		çy¹		shiu1		自旧档汇入	2023-07-05T08:47:08+08:00
上海县·莘庄	许		çy³		shiu3		自旧档汇入	2023-07-05T08:47:08+08:00
上海县·莘庄	熏		çyŋ¹		shin1		自旧档汇入	2023-07-05T08:47:08+08:00
上海县·莘庄	勋		çyŋ¹		shin1		自旧档汇入	2023-07-05T08:47:08+08:00
上海县·莘庄	训		çyŋ⁵		shin5		自旧档汇入	2023-07-05T08:47:08+08:00
上海县·莘庄	楦		çyø¹		shioe1		自旧档汇入	2023-07-05T08:47:08+08:00
上海县·莘庄	血		çyəʔ⁷		shieq7		自旧档汇入	2023-07-05T08:47:08+08:00
上海县·莘庄	踏		dæʔ⁸		daeq8		自旧档汇入	2023-07-05T08:47:08+08:00
上海县·莘庄	达		dæʔ⁸		daeq8		自旧档汇入	2023-07-05T08:47:08+08:00
上海县·莘庄	大	（~夫）	dᴀ⁶		da6		自旧档汇入	2023-07-05T08:47:08+08:00
上海县·莘庄	堂		dɑ̃²		daon2		自旧档汇入	2023-07-05T08:47:08+08:00
上海县·莘庄	螳		dɑ̃²		daon2		自旧档汇入	2023-07-05T08:47:08+08:00
上海县·莘庄	唐		dɑ̃²		daon2		自旧档汇入	2023-07-05T08:47:08+08:00
上海县·莘庄	糖		dɑ̃²		daon2		自旧档汇入	2023-07-05T08:47:08+08:00
上海县·莘庄	塘		dɑ̃²		daon2		自旧档汇入	2023-07-05T08:47:08+08:00
上海县·莘庄	荡		dɑ̃⁶		daon6		自旧档汇入	2023-07-05T08:47:08+08:00
上海县·莘庄	台	（~子）	de²		de2		自旧档汇入	2023-07-05T08:47:08+08:00
上海县·莘庄	抬		de²		de2		自旧档汇入	2023-07-05T08:47:08+08:00
上海县·莘庄	待		de⁶		de6		自旧档汇入	2023-07-05T08:47:08+08:00
上海县·莘庄	怠		de⁶		de6		自旧档汇入	2023-07-05T08:47:08+08:00
上海县·莘庄	殆		de⁶		de6		自旧档汇入	2023-07-05T08:47:08+08:00
上海县·莘庄	潭		de²		de2		自旧档汇入	2023-07-05T08:47:08+08:00
上海县·莘庄	苔		de²		de2		自旧档汇入	2023-07-05T08:47:08+08:00
上海县·莘庄	代		de⁶		de6		自旧档汇入	2023-07-05T08:47:08+08:00
上海县·莘庄	袋		de⁶		de6		自旧档汇入	2023-07-05T08:47:08+08:00
上海县·莘庄	队		de⁶		de6		自旧档汇入	2023-07-05T08:47:08+08:00
上海县·莘庄	屯		dəŋ⁶		den6		自旧档汇入	2023-07-05T08:47:08+08:00
上海县·莘庄	臀		dəŋ²		den2		自旧档汇入	2023-07-05T08:47:08+08:00
上海县·莘庄	盾		dəŋ⁶		den6		自旧档汇入	2023-07-05T08:47:08+08:00
上海县·莘庄	盾		dəŋ⁶		den6		自旧档汇入	2023-07-05T08:47:08+08:00
上海县·莘庄	腾		dəŋ²		den2		自旧档汇入	2023-07-05T08:47:08+08:00
上海县·莘庄	藤		dəŋ²		den2		自旧档汇入	2023-07-05T08:47:08+08:00
上海县·莘庄	疼		dəŋ²		den2		自旧档汇入	2023-07-05T08:47:08+08:00
上海县·莘庄	钝		dəŋ⁶		den6		自旧档汇入	2023-07-05T08:47:08+08:00
上海县·莘庄	邓		dəŋ⁶		den6		自旧档汇入	2023-07-05T08:47:08+08:00
上海县·莘庄	瞪		dəŋ⁶		den6		自旧档汇入	2023-07-05T08:47:08+08:00
上海县·莘庄	突		dəʔ⁸		deq8		自旧档汇入	2023-07-05T08:47:08+08:00
上海县·莘庄	谭		de²		de2		自旧档汇入	2023-07-05T08:47:08+08:00
上海县·莘庄	谈		dɛ²		dae2		自旧档汇入	2023-07-05T08:47:08+08:00
上海县·莘庄	痰		dɛ²		dae2		自旧档汇入	2023-07-05T08:47:08+08:00
上海县·莘庄	淡		dɛ⁶		dae6		自旧档汇入	2023-07-05T08:47:08+08:00
上海县·莘庄	弹	~琴	dɛ²		dae2		自旧档汇入	2023-07-05T08:47:08+08:00
上海县·莘庄	但		dɛ⁶		dae6		自旧档汇入	2023-07-05T08:47:08+08:00
上海县·莘庄	弹	子~	dɛ⁶		dae6		自旧档汇入	2023-07-05T08:47:08+08:00
上海县·莘庄	蛋		dɛ⁶		dae6		自旧档汇入	2023-07-05T08:47:08+08:00
上海县·莘庄	头		dɤ²		deu2		自旧档汇入	2023-07-05T08:47:08+08:00
上海县·莘庄	投		dɤ²		deu2		自旧档汇入	2023-07-05T08:47:08+08:00
上海县·莘庄	豆		dɤ⁶		deu6		自旧档汇入	2023-07-05T08:47:08+08:00
上海县·莘庄	逗		dɤ⁶		deu6		自旧档汇入	2023-07-05T08:47:08+08:00
上海县·莘庄	堤		di²		di2		自旧档汇入	2023-07-05T08:47:08+08:00
上海县·莘庄	题		di²		di2		自旧档汇入	2023-07-05T08:47:08+08:00
上海县·莘庄	提		di²		di2		自旧档汇入	2023-07-05T08:47:08+08:00
上海县·莘庄	蹄		di²		di2		自旧档汇入	2023-07-05T08:47:08+08:00
上海县·莘庄	啼		di²		di2		自旧档汇入	2023-07-05T08:47:08+08:00
上海县·莘庄	弟		di⁶		di6		自旧档汇入	2023-07-05T08:47:08+08:00
上海县·莘庄	甜		di²		di2		自旧档汇入	2023-07-05T08:47:08+08:00
上海县·莘庄	田		di²		di2		自旧档汇入	2023-07-05T08:47:08+08:00
上海县·莘庄	填		di²		di2		自旧档汇入	2023-07-05T08:47:08+08:00
上海县·莘庄	第		di⁶		di6		自旧档汇入	2023-07-05T08:47:08+08:00
上海县·莘庄	隶		di⁶		di6		自旧档汇入	2023-07-05T08:47:08+08:00
上海县·莘庄	地		di⁶		di6		自旧档汇入	2023-07-05T08:47:08+08:00
上海县·莘庄	电		di⁶		di6		自旧档汇入	2023-07-05T08:47:08+08:00
上海县·莘庄	殿		di⁶		di6		自旧档汇入	2023-07-05T08:47:08+08:00
上海县·莘庄	垫		di⁶		di6		自旧档汇入	2023-07-05T08:47:08+08:00
上海县·莘庄	碟		diɪʔ⁸		diq8		自旧档汇入	2023-07-05T08:47:08+08:00
上海县·莘庄	蝶		diɪʔ⁸		diq8		自旧档汇入	2023-07-05T08:47:08+08:00
上海县·莘庄	谍		diɪʔ⁸		diq8		自旧档汇入	2023-07-05T08:47:08+08:00
上海县·莘庄	笛		diəʔ⁸		dieq8		自旧档汇入	2023-07-05T08:47:08+08:00
上海县·莘庄	敌		diəʔ⁸		dieq8		自旧档汇入	2023-07-05T08:47:08+08:00
上海县·莘庄	籴		diəʔ⁸		dieq8		自旧档汇入	2023-07-05T08:47:08+08:00
上海县·莘庄	亭		diŋ²		din2		自旧档汇入	2023-07-05T08:47:08+08:00
上海县·莘庄	停		diŋ²		din2		自旧档汇入	2023-07-05T08:47:08+08:00
上海县·莘庄	庭		diŋ²		din2		自旧档汇入	2023-07-05T08:47:08+08:00
上海县·莘庄	定		ɸɑ̃¹		faon1		自旧档汇入	2023-07-05T08:47:08+08:00
上海县·莘庄	条		diɔ²		diau2		自旧档汇入	2023-07-05T08:47:08+08:00
上海县·莘庄	调	(~和)	diɔ²		diau2		自旧档汇入	2023-07-05T08:47:08+08:00
上海县·莘庄	掉		diɔ⁶		diau6		自旧档汇入	2023-07-05T08:47:08+08:00
上海县·莘庄	调	（~动）	diɔ⁶		diau6		自旧档汇入	2023-07-05T08:47:08+08:00
上海县·莘庄	团		dø²		doe2		自旧档汇入	2023-07-05T08:47:08+08:00
上海县·莘庄	断	（~绝）	dø⁶		doe6		自旧档汇入	2023-07-05T08:47:08+08:00
上海县·莘庄	段		dø⁶		doe6		自旧档汇入	2023-07-05T08:47:08+08:00
上海县·莘庄	缎		dø⁶		doe6		自旧档汇入	2023-07-05T08:47:08+08:00
上海县·莘庄	夺		dœʔ⁸		doeq8		自旧档汇入	2023-07-05T08:47:08+08:00
上海县·莘庄	同		doŋ²		don2		自旧档汇入	2023-07-05T08:47:08+08:00
上海县·莘庄	铜		doŋ²		don2		自旧档汇入	2023-07-05T08:47:08+08:00
上海县·莘庄	童		ɦyoŋ²		ghyon2		自旧档汇入	2023-07-05T08:47:08+08:00
上海县·莘庄	桶		doŋ⁶		don6		自旧档汇入	2023-07-05T08:47:08+08:00
上海县·莘庄	动		doŋ⁶		don6		自旧档汇入	2023-07-05T08:47:08+08:00
上海县·莘庄	洞		ɦyoŋ²		ghyon2		自旧档汇入	2023-07-05T08:47:08+08:00
上海县·莘庄	独		doʔ⁸		doq8		自旧档汇入	2023-07-05T08:47:08+08:00
上海县·莘庄	读		doʔ⁸		doq8		自旧档汇入	2023-07-05T08:47:08+08:00
上海县·莘庄	毒		doʔ⁸		doq8		自旧档汇入	2023-07-05T08:47:08+08:00
上海县·莘庄	桃		dɔ²		dau2		自旧档汇入	2023-07-05T08:47:08+08:00
上海县·莘庄	逃		dɔ²		dau2		自旧档汇入	2023-07-05T08:47:08+08:00
上海县·莘庄	淘		dɔ²		dau2		自旧档汇入	2023-07-05T08:47:08+08:00
上海县·莘庄	陶		dɔ²		dau2		自旧档汇入	2023-07-05T08:47:08+08:00
上海县·莘庄	道		dɔ⁶		dau6		自旧档汇入	2023-07-05T08:47:08+08:00
上海县·莘庄	稻		dɔ⁶		dau6		自旧档汇入	2023-07-05T08:47:08+08:00
上海县·莘庄	盗		dɔ⁶		dau6		自旧档汇入	2023-07-05T08:47:08+08:00
上海县·莘庄	导		dɔ⁶		dau6		自旧档汇入	2023-07-05T08:47:08+08:00
上海县·莘庄	踱		dɔʔ⁸		daoq8		自旧档汇入	2023-07-05T08:47:08+08:00
上海县·莘庄	舵		du⁶		du6		自旧档汇入	2023-07-05T08:47:08+08:00
上海县·莘庄	惰		du⁶		du6		自旧档汇入	2023-07-05T08:47:08+08:00
上海县·莘庄	徒		du²		du2		自旧档汇入	2023-07-05T08:47:08+08:00
上海县·莘庄	屠		du²		du2		自旧档汇入	2023-07-05T08:47:08+08:00
上海县·莘庄	途		du²		du2		自旧档汇入	2023-07-05T08:47:08+08:00
上海县·莘庄	涂		du²		du2		自旧档汇入	2023-07-05T08:47:08+08:00
上海县·莘庄	图		du²		du2		自旧档汇入	2023-07-05T08:47:08+08:00
上海县·莘庄	杜		du⁶		du6		自旧档汇入	2023-07-05T08:47:08+08:00
上海县·莘庄	肚	（腹~）	du⁶		du6		自旧档汇入	2023-07-05T08:47:08+08:00
上海县·莘庄	度		du⁶		du6		自旧档汇入	2023-07-05T08:47:08+08:00
上海县·莘庄	镀		du²		du2		自旧档汇入	2023-07-05T08:47:08+08:00
上海县·莘庄	渡		du⁶		du6		自旧档汇入	2023-07-05T08:47:08+08:00
上海县·莘庄	大		du⁶		du6		自旧档汇入	2023-07-05T08:47:08+08:00
上海县·莘庄	大		dᴀ⁶		da6		自旧档汇入	2023-07-05T08:47:08+08:00
上海县·莘庄	特		dʌʔ⁸		deoq8		自旧档汇入	2023-07-05T08:47:08+08:00
上海县·莘庄	奇		ɟi²		ji2		自旧档汇入	2023-07-05T08:47:08+08:00
上海县·莘庄	骑		ɟi²		ji2		自旧档汇入	2023-07-05T08:47:08+08:00
上海县·莘庄	岐		ɟi²		ji2		自旧档汇入	2023-07-05T08:47:08+08:00
上海县·莘庄	其		ɟi²		ji2		自旧档汇入	2023-07-05T08:47:08+08:00
上海县·莘庄	棋		ɟi²		ji2		自旧档汇入	2023-07-05T08:47:08+08:00
上海县·莘庄	期	（时~）	ɟi²		ji2		自旧档汇入	2023-07-05T08:47:08+08:00
上海县·莘庄	旗		ɟi²		ji2		自旧档汇入	2023-07-05T08:47:08+08:00
上海县·莘庄	钳		ɟi²		ji2		自旧档汇入	2023-07-05T08:47:08+08:00
上海县·莘庄	掮		ɟi²		ji2		自旧档汇入	2023-07-05T08:47:08+08:00
上海县·莘庄	件		ɟi⁶		ji6		自旧档汇入	2023-07-05T08:47:08+08:00
上海县·莘庄	键		ɟi⁶		ji6		自旧档汇入	2023-07-05T08:47:08+08:00
上海县·莘庄	技		ɟi⁶		ji6		自旧档汇入	2023-07-05T08:47:08+08:00
上海县·莘庄	妓		ɟi⁶		ji6		自旧档汇入	2023-07-05T08:47:08+08:00
上海县·莘庄	忌		ɟi⁶		ji6		自旧档汇入	2023-07-05T08:47:08+08:00
上海县·莘庄	俭		ci⁵		ci5		自旧档汇入	2023-07-05T08:47:08+08:00
上海县·莘庄	健		ɟi⁶		ji6		自旧档汇入	2023-07-05T08:47:08+08:00
上海县·莘庄	强		ɟiã²		jian2		自旧档汇入	2023-07-05T08:47:08+08:00
上海县·莘庄	求		ɟiɤ²		jieu2		自旧档汇入	2023-07-05T08:47:08+08:00
上海县·莘庄	球		ɟiɤ²		jieu2		自旧档汇入	2023-07-05T08:47:08+08:00
上海县·莘庄	仇	（姓）	ɟiɤ²		jieu2		自旧档汇入	2023-07-05T08:47:08+08:00
上海县·莘庄	舅		ɟiɤ⁶		jieu6		自旧档汇入	2023-07-05T08:47:08+08:00
上海县·莘庄	旧		ɟiɤ⁶		jieu6		自旧档汇入	2023-07-05T08:47:08+08:00
上海县·莘庄	及		ɟiɪʔ⁸		jiq8		自旧档汇入	2023-07-05T08:47:08+08:00
上海县·莘庄	杰		ɟiɪʔ⁸		jiq8		自旧档汇入	2023-07-05T08:47:08+08:00
上海县·莘庄	琴		ɟiŋ²		jin2		自旧档汇入	2023-07-05T08:47:08+08:00
上海县·莘庄	禽		ɟiŋ²		jin2		自旧档汇入	2023-07-05T08:47:08+08:00
上海县·莘庄	擒		ɟiŋ²		jin2		自旧档汇入	2023-07-05T08:47:08+08:00
上海县·莘庄	勤		ɟiŋ²		jin2		自旧档汇入	2023-07-05T08:47:08+08:00
上海县·莘庄	芹		ɟiŋ²		jin2		自旧档汇入	2023-07-05T08:47:08+08:00
上海县·莘庄	近		ɟiŋ⁶		jin6		自旧档汇入	2023-07-05T08:47:08+08:00
上海县·莘庄	仅		ciŋ³		cin3		自旧档汇入	2023-07-05T08:47:08+08:00
上海县·莘庄	劲		ciŋ⁵		cin5		自旧档汇入	2023-07-05T08:47:08+08:00
上海县·莘庄	琼		ɟyoŋ²		jion2		自旧档汇入	2023-07-05T08:47:08+08:00
上海县·莘庄	穷		ɟyoŋ²		jion2		自旧档汇入	2023-07-05T08:47:08+08:00
上海县·莘庄	局		ɟyoʔ⁸		jioq8		自旧档汇入	2023-07-05T08:47:08+08:00
上海县·莘庄	乔		ɟiɔ²		jiau2		自旧档汇入	2023-07-05T08:47:08+08:00
上海县·莘庄	侨		ɟiɔ²		jiau2		自旧档汇入	2023-07-05T08:47:08+08:00
上海县·莘庄	桥		ɟiɔ²		jiau2		自旧档汇入	2023-07-05T08:47:08+08:00
上海县·莘庄	轿		ɟiɔ⁶		jiau6		自旧档汇入	2023-07-05T08:47:08+08:00
上海县·莘庄	鲸		ɟiŋ²		jin2		自旧档汇入	2023-07-05T08:47:08+08:00
上海县·莘庄	竞		ɟiŋ⁶		jin6		自旧档汇入	2023-07-05T08:47:08+08:00
上海县·莘庄	极		ɟiəʔ⁸		jieq8		自旧档汇入	2023-07-05T08:47:08+08:00
上海县·莘庄	乾	（~坤）	ɟi²		ji2		自旧档汇入	2023-07-05T08:47:08+08:00
上海县·莘庄	逐		zoʔ⁸		zoq8		自旧档汇入	2023-07-05T08:47:08+08:00
上海县·莘庄	渠		ɟy²		jiu2		自旧档汇入	2023-07-05T08:47:08+08:00
上海县·莘庄	巨		ɟy⁶		jiu6		自旧档汇入	2023-07-05T08:47:08+08:00
上海县·莘庄	拒		ɟy⁶		jiu6		自旧档汇入	2023-07-05T08:47:08+08:00
上海县·莘庄	距		ɟy⁶		jiu6		自旧档汇入	2023-07-05T08:47:08+08:00
上海县·莘庄	瞿		ɟy²		jiu2		自旧档汇入	2023-07-05T08:47:08+08:00
上海县·莘庄	跪		ɟy⁶		jiu6		自旧档汇入	2023-07-05T08:47:08+08:00
上海县·莘庄	跪		gue⁶		gue6		自旧档汇入	2023-07-05T08:47:08+08:00
上海县·莘庄	俱		ɟy⁶		jiu6		自旧档汇入	2023-07-05T08:47:08+08:00
上海县·莘庄	具		ɟy⁶		jiu6		自旧档汇入	2023-07-05T08:47:08+08:00
上海县·莘庄	遇		ɲy⁶		gniu6		自旧档汇入	2023-07-05T08:47:08+08:00
上海县·莘庄	柜		ɟy⁶		jiu6		自旧档汇入	2023-07-05T08:47:08+08:00
上海县·莘庄	柜		gue⁶		gue6		自旧档汇入	2023-07-05T08:47:08+08:00
上海县·莘庄	群		ɟyŋ²		jin2		自旧档汇入	2023-07-05T08:47:08+08:00
上海县·莘庄	裙		ɟyŋ²		jin2		自旧档汇入	2023-07-05T08:47:08+08:00
上海县·莘庄	郡		ɟyŋ⁶		jin6		自旧档汇入	2023-07-05T08:47:08+08:00
上海县·莘庄	圈		cʰyø¹		chioe1		自旧档汇入	2023-07-05T08:47:08+08:00
上海县·莘庄	拳		ɟyø²		jioe2		自旧档汇入	2023-07-05T08:47:08+08:00
上海县·莘庄	权		ɟyø²		jioe2		自旧档汇入	2023-07-05T08:47:08+08:00
上海县·莘庄	颧		ɟyø²		jioe2		自旧档汇入	2023-07-05T08:47:08+08:00
上海县·莘庄	倦		ɟyø⁶		jioe6		自旧档汇入	2023-07-05T08:47:08+08:00
上海县·莘庄	掘		ɟyəʔ⁷		jieq7		自旧档汇入	2023-07-05T08:47:08+08:00
上海县·莘庄	掘		ɟyəʔ⁸		jieq8		自旧档汇入	2023-07-05T08:47:08+08:00
上海县·莘庄	倔		ɟyəʔ⁸		jieq8		自旧档汇入	2023-07-05T08:47:08+08:00
上海县·莘庄	哀		e¹		e1		自旧档汇入	2023-07-05T08:47:08+08:00
上海县·莘庄	埃		e¹		e1		自旧档汇入	2023-07-05T08:47:08+08:00
上海县·莘庄	庵		e¹		e1		自旧档汇入	2023-07-05T08:47:08+08:00
上海县·莘庄	爱		e⁵		e5		自旧档汇入	2023-07-05T08:47:08+08:00
上海县·莘庄	暗		e⁵		e5		自旧档汇入	2023-07-05T08:47:08+08:00
上海县·莘庄	恩		əŋ¹		en1		自旧档汇入	2023-07-05T08:47:08+08:00
上海县·莘庄	晏		ɛ⁵		ae5		自旧档汇入	2023-07-05T08:47:08+08:00
上海县·莘庄	殴		ɤ³		eu3		自旧档汇入	2023-07-05T08:47:08+08:00
上海县·莘庄	欧		ɤ¹		eu1		自旧档汇入	2023-07-05T08:47:08+08:00
上海县·莘庄	呕		ɤ³		eu3		自旧档汇入	2023-07-05T08:47:08+08:00
上海县·莘庄	否		fɤ⁵		feu5		自旧档汇入	2023-07-05T08:47:08+08:00
上海县·莘庄	费	（~用）	ɸi⁵		fi5		自旧档汇入	2023-07-05T08:47:08+08:00
上海县·莘庄	费		βi⁶		vi6		自旧档汇入	2023-07-05T08:47:08+08:00
上海县·莘庄	茄		ɡᴀ²		ɡa2		自旧档汇入	2023-07-05T08:47:08+08:00
上海县·莘庄	搞		gɔ⁶		gau6		自旧档汇入	2023-07-05T08:47:08+08:00
上海县·莘庄	葵		gue²		gue2		自旧档汇入	2023-07-05T08:47:08+08:00
上海县·莘庄	溃		ɡue²		ɡue2		自旧档汇入	2023-07-05T08:47:08+08:00
上海县·莘庄	轧	（~棉花）	ɡæʔ⁸		ɡaeq8		自旧档汇入	2023-07-05T08:47:08+08:00
上海县·莘庄	共		ɡoŋ⁶		ɡon6		自旧档汇入	2023-07-05T08:47:08+08:00
上海县·莘庄	狂		ɡuɑ̃²		ɡuaon2		自旧档汇入	2023-07-05T08:47:08+08:00
上海县·莘庄	环		ɡuɛ²		ɡuae2		自旧档汇入	2023-07-05T08:47:08+08:00
上海县·莘庄	夯		hã¹		han1		自旧档汇入	2023-07-05T08:47:08+08:00
上海县·莘庄	亨		hã¹		han1		自旧档汇入	2023-07-05T08:47:08+08:00
上海县·莘庄	蟹		hᴀ³		ha3		自旧档汇入	2023-07-05T08:47:08+08:00
上海县·莘庄	吓		hᴀʔ⁷		haq⁷		自旧档汇入	2023-07-05T08:47:08+08:00
上海县·莘庄	吓		hᴀʔ⁷		haq⁷		自旧档汇入	2023-07-05T08:47:08+08:00
上海县·莘庄	海		he³		he3		自旧档汇入	2023-07-05T08:47:08+08:00
上海县·莘庄	很		həŋ³		hen3		自旧档汇入	2023-07-05T08:47:08+08:00
上海县·莘庄	喊		kɛ⁵		kae5		自旧档汇入	2023-07-05T08:47:08+08:00
上海县·莘庄	喊		hɛ⁵		hae5		自旧档汇入	2023-07-05T08:47:08+08:00
上海县·莘庄	吼		hɤ⁵		heu5		自旧档汇入	2023-07-05T08:47:08+08:00
上海县·莘庄	嗅		hoŋ⁵		hon5		自旧档汇入	2023-07-05T08:47:08+08:00
上海县·莘庄	嗅		çiɤ⁵		shieu5		自旧档汇入	2023-07-05T08:47:08+08:00
上海县·莘庄	蝦		hø¹		hoe1		自旧档汇入	2023-07-05T08:47:08+08:00
上海县·莘庄	汉		hø⁵		hoe5		自旧档汇入	2023-07-05T08:47:08+08:00
上海县·莘庄	喝		həʔ⁷		heq7		自旧档汇入	2023-07-05T08:47:08+08:00
上海县·莘庄	喝		həʔ⁷		heq7		自旧档汇入	2023-07-05T08:47:08+08:00
上海县·莘庄	轰		hoŋ¹		hon1		自旧档汇入	2023-07-05T08:47:08+08:00
上海县·莘庄	烘		ɦyoŋ²		ghion2		自旧档汇入	2023-07-05T08:47:08+08:00
上海县·莘庄	哄		hoŋ¹		hon1		自旧档汇入	2023-07-05T08:47:08+08:00
上海县·莘庄	风		hoŋ¹		hon1		自旧档汇入	2023-07-05T08:47:08+08:00
上海县·莘庄	枫		ɦyoŋ²		ghion2		自旧档汇入	2023-07-05T08:47:08+08:00
上海县·莘庄	疯		hoŋ¹		hon1		自旧档汇入	2023-07-05T08:47:08+08:00
上海县·莘庄	丰		hoŋ¹		hon1		自旧档汇入	2023-07-05T08:47:08+08:00
上海县·莘庄	讽		hoŋ¹		hon1		自旧档汇入	2023-07-05T08:47:08+08:00
上海县·莘庄	封		ɦyoŋ²		ghion2		自旧档汇入	2023-07-05T08:47:08+08:00
上海县·莘庄	峰		hoŋ¹		hon1		自旧档汇入	2023-07-05T08:47:08+08:00
上海县·莘庄	蜂		hoŋ¹		hon1		自旧档汇入	2023-07-05T08:47:08+08:00
上海县·莘庄	锋		hoŋ¹		hon1		自旧档汇入	2023-07-05T08:47:08+08:00
上海县·莘庄	捧		pʰoŋ⁵		phon5		自旧档汇入	2023-07-05T08:47:08+08:00
上海县·莘庄	福		hoʔ⁷		hoq7		自旧档汇入	2023-07-05T08:47:08+08:00
上海县·莘庄	幅		hoʔ⁷		hoq7		自旧档汇入	2023-07-05T08:47:08+08:00
上海县·莘庄	覆		hoʔ⁷		hoq7		自旧档汇入	2023-07-05T08:47:08+08:00
上海县·莘庄	蒿		hɔ¹		hau1		自旧档汇入	2023-07-05T08:47:08+08:00
上海县·莘庄	好	（~坏）	hɔ³		hau3		自旧档汇入	2023-07-05T08:47:08+08:00
上海县·莘庄	好	（喜~）	hɔ³		hau3		自旧档汇入	2023-07-05T08:47:08+08:00
上海县·莘庄	孝		çiɔ⁵		shiau5		自旧档汇入	2023-07-05T08:47:08+08:00
上海县·莘庄	霍		hɔʔ⁷		haoq7		自旧档汇入	2023-07-05T08:47:08+08:00
上海县·莘庄	郝		hʌʔ⁷		heoq7		自旧档汇入	2023-07-05T08:47:08+08:00
上海县·莘庄	黑		hʌʔ⁷		heoq7		自旧档汇入	2023-07-05T08:47:08+08:00
上海县·莘庄	赫		hʌʔ⁷		heoq7		自旧档汇入	2023-07-05T08:47:08+08:00
上海县·莘庄	杏		ã³		an3		自旧档汇入	2023-07-05T08:47:08+08:00
上海县·莘庄	盒	（匣的训读）	ɦæʔ⁸		ghaeq8		自旧档汇入	2023-07-05T08:47:08+08:00
上海县·莘庄	狭		ɦæʔ⁸		ghaeq8		自旧档汇入	2023-07-05T08:47:08+08:00
上海县·莘庄	匣		ɦæʔ⁸		ghaeq8		自旧档汇入	2023-07-05T08:47:08+08:00
上海县·莘庄	鞋		ɦᴀ²		gha2		自旧档汇入	2023-07-05T08:47:08+08:00
上海县·莘庄	行	（~列）	ɦɑ̃²		ghaon2		自旧档汇入	2023-07-05T08:47:08+08:00
上海县·莘庄	航		ɦɑ̃²		ghaon2		自旧档汇入	2023-07-05T08:47:08+08:00
上海县·莘庄	杭		ɦɑ̃²		ghaon2		自旧档汇入	2023-07-05T08:47:08+08:00
上海县·莘庄	项		ɦɑ̃⁶		ghaon6		自旧档汇入	2023-07-05T08:47:08+08:00
上海县·莘庄	巷		ɦɑ̃⁶		ghaon6		自旧档汇入	2023-07-05T08:47:08+08:00
上海县·莘庄	降	（投~）	ɦɑ̃⁶		ghaon6		自旧档汇入	2023-07-05T08:47:08+08:00
上海县·莘庄	孩		he³		he3		自旧档汇入	2023-07-05T08:47:08+08:00
上海县·莘庄	亥		ɦe⁶		ghe6		自旧档汇入	2023-07-05T08:47:08+08:00
上海县·莘庄	含		ɦe²		ghe2		自旧档汇入	2023-07-05T08:47:08+08:00
上海县·莘庄	害		ɦe⁶		ghe6		自旧档汇入	2023-07-05T08:47:08+08:00
上海县·莘庄	痕		ɦəŋ⁶		ghen6		自旧档汇入	2023-07-05T08:47:08+08:00
上海县·莘庄	恒		ɦəŋ²		ghen2		自旧档汇入	2023-07-05T08:47:08+08:00
上海县·莘庄	衡		ɦəŋ²		ghen2		自旧档汇入	2023-07-05T08:47:08+08:00
上海县·莘庄	恨		ɦəŋ⁶		ghen6		自旧档汇入	2023-07-05T08:47:08+08:00
上海县·莘庄	合		ɦəʔ⁸		gheq8		自旧档汇入	2023-07-05T08:47:08+08:00
上海县·莘庄	闲		ɦɛ²		ghae2		自旧档汇入	2023-07-05T08:47:08+08:00
上海县·莘庄	咸		ɦɛ²		ghae2		自旧档汇入	2023-07-05T08:47:08+08:00
上海县·莘庄	咸		ɦiɛ²		ghiae2		自旧档汇入	2023-07-05T08:47:08+08:00
上海县·莘庄	限	（有限）	ɦɛ⁶		ghae6		自旧档汇入	2023-07-05T08:47:08+08:00
上海县·莘庄	馅		ɦɛ⁶		ghae6		自旧档汇入	2023-07-05T08:47:08+08:00
上海县·莘庄	后		ɦɤ⁶		gheu6		自旧档汇入	2023-07-05T08:47:08+08:00
上海县·莘庄	厚		ɦɤ⁶		gheu6		自旧档汇入	2023-07-05T08:47:08+08:00
上海县·莘庄	候		ɦɤ⁶		gheu6		自旧档汇入	2023-07-05T08:47:08+08:00
上海县·莘庄	侯		ɦɤ²		gheu2		自旧档汇入	2023-07-05T08:47:08+08:00
上海县·莘庄	喉		ɦɤ²		gheu2		自旧档汇入	2023-07-05T08:47:08+08:00
上海县·莘庄	猴		ɦɤ²		gheu2		自旧档汇入	2023-07-05T08:47:08+08:00
上海县·莘庄	奚		ɦi²		ghi2		自旧档汇入	2023-07-05T08:47:08+08:00
上海县·莘庄	系		ɦi⁶		ghi6		自旧档汇入	2023-07-05T08:47:08+08:00
上海县·莘庄	移		ɦi²		ghi2		自旧档汇入	2023-07-05T08:47:08+08:00
上海县·莘庄	夷		ɦi²		ghi2		自旧档汇入	2023-07-05T08:47:08+08:00
上海县·莘庄	姨		ɦi²		ghi2		自旧档汇入	2023-07-05T08:47:08+08:00
上海县·莘庄	异		ɦi⁶		ghi6		自旧档汇入	2023-07-05T08:47:08+08:00
上海县·莘庄	遗		ɦi²		ghi2		自旧档汇入	2023-07-05T08:47:08+08:00
上海县·莘庄	盐		ɦi²		ghi2		自旧档汇入	2023-07-05T08:47:08+08:00
上海县·莘庄	延		ɦi²		ghi2		自旧档汇入	2023-07-05T08:47:08+08:00
上海县·莘庄	筵		ɦi²		ghi2		自旧档汇入	2023-07-05T08:47:08+08:00
上海县·莘庄	演		ɦi⁶		ghi6		自旧档汇入	2023-07-05T08:47:08+08:00
上海县·莘庄	言		ɦi²		ghi2		自旧档汇入	2023-07-05T08:47:08+08:00
上海县·莘庄	贤		ɦi²		ghi2		自旧档汇入	2023-07-05T08:47:08+08:00
上海县·莘庄	弦		ɦi²		ghi2		自旧档汇入	2023-07-05T08:47:08+08:00
上海县·莘庄	沿		ɦi⁶		ghi6		自旧档汇入	2023-07-05T08:47:08+08:00
上海县·莘庄	易	（难~）	ɦi⁶		ghi6		自旧档汇入	2023-07-05T08:47:08+08:00
上海县·莘庄	现		ɦi⁶		ghi6		自旧档汇入	2023-07-05T08:47:08+08:00
上海县·莘庄	羊		ɦiã²		ghian2		自旧档汇入	2023-07-05T08:47:08+08:00
上海县·莘庄	洋		ɦiã²		ghian2		自旧档汇入	2023-07-05T08:47:08+08:00
上海县·莘庄	烊		ɦiã²		ghian2		自旧档汇入	2023-07-05T08:47:08+08:00
上海县·莘庄	楊		ɦiã²		ghian2		自旧档汇入	2023-07-05T08:47:08+08:00
上海县·莘庄	阳		ɦiã²		ghian2		自旧档汇入	2023-07-05T08:47:08+08:00
上海县·莘庄	扬		ɦiã²		ghian2		自旧档汇入	2023-07-05T08:47:08+08:00
上海县·莘庄	疡		ɦiã²		ghian2		自旧档汇入	2023-07-05T08:47:08+08:00
上海县·莘庄	养		ɦiã⁶		ghian6		自旧档汇入	2023-07-05T08:47:08+08:00
上海县·莘庄	样		ɦiã⁶		ghian6		自旧档汇入	2023-07-05T08:47:08+08:00
上海县·莘庄	协		ɦiæʔ⁸		ghiaeq8		自旧档汇入	2023-07-05T08:47:08+08:00
上海县·莘庄	爷		ɦiᴀ²		ghia2		自旧档汇入	2023-07-05T08:47:08+08:00
上海县·莘庄	野		ɦiᴀ⁶		ghia6		自旧档汇入	2023-07-05T08:47:08+08:00
上海县·莘庄	涯		ɦiᴀ²		ghia2		自旧档汇入	2023-07-05T08:47:08+08:00
上海县·莘庄	夜		ɦiᴀ⁶		ghia6		自旧档汇入	2023-07-05T08:47:08+08:00
上海县·莘庄	药		ɦiᴀʔ⁸		ghiaq8		自旧档汇入	2023-07-05T08:47:08+08:00
上海县·莘庄	钥		ɦiᴀʔ⁸		ghiaq8		自旧档汇入	2023-07-05T08:47:08+08:00
上海县·莘庄	乐	（音~）	ɦiᴀʔ⁸		ghiaq8		自旧档汇入	2023-07-05T08:47:08+08:00
上海县·莘庄	旺	（火~）	ɦiɑ̃⁶		ghiaon6		自旧档汇入	2023-07-05T08:47:08+08:00
上海县·莘庄	旺		βɑ̃⁶		vaon6		自旧档汇入	2023-07-05T08:47:08+08:00
上海县·莘庄	炎		ɦiɛ²		ghiae2		自旧档汇入	2023-07-05T08:47:08+08:00
上海县·莘庄	艳		ɦiɛ²		ghiae2		自旧档汇入	2023-07-05T08:47:08+08:00
上海县·莘庄	焰		ɦiɛ²		ghiae2		自旧档汇入	2023-07-05T08:47:08+08:00
上海县·莘庄	尤		ɦiɤ²		ghieu2		自旧档汇入	2023-07-05T08:47:08+08:00
上海县·莘庄	邮		ɦiɤ²		ghieu2		自旧档汇入	2023-07-05T08:47:08+08:00
上海县·莘庄	由		ɦiɤ²		ghieu2		自旧档汇入	2023-07-05T08:47:08+08:00
上海县·莘庄	油		ɦiɤ²		ghieu2		自旧档汇入	2023-07-05T08:47:08+08:00
上海县·莘庄	游		ɦiɤ²		ghieu2		自旧档汇入	2023-07-05T08:47:08+08:00
上海县·莘庄	犹		ɦiɤ²		ghieu2		自旧档汇入	2023-07-05T08:47:08+08:00
上海县·莘庄	有		ɦiɤ⁶		ghieu6		自旧档汇入	2023-07-05T08:47:08+08:00
上海县·莘庄	友		ɦiɤ⁶		ghieu6		自旧档汇入	2023-07-05T08:47:08+08:00
上海县·莘庄	柚		ɦiɤ⁶		ghieu6		自旧档汇入	2023-07-05T08:47:08+08:00
上海县·莘庄	酉		ɦiɤ⁶		ghieu6		自旧档汇入	2023-07-05T08:47:08+08:00
上海县·莘庄	又		ɦiɤ⁶		ghieu6		自旧档汇入	2023-07-05T08:47:08+08:00
上海县·莘庄	右		ɦiɤ⁶		ghieu6		自旧档汇入	2023-07-05T08:47:08+08:00
上海县·莘庄	幼		iɤ³		ieu3		自旧档汇入	2023-07-05T08:47:08+08:00
上海县·莘庄	叶		ɦiɪʔ⁸		ghiq8		自旧档汇入	2023-07-05T08:47:08+08:00
上海县·莘庄	页		ɦiɪʔ⁸		ghiq8		自旧档汇入	2023-07-05T08:47:08+08:00
上海县·莘庄	逸		iəʔ⁷		ieq7		自旧档汇入	2023-07-05T08:47:08+08:00
上海县·莘庄	淫		ɦiŋ²		ghin2		自旧档汇入	2023-07-05T08:47:08+08:00
上海县·莘庄	寅		ɦiŋ²		ghin2		自旧档汇入	2023-07-05T08:47:08+08:00
上海县·莘庄	引		ɦiŋ⁶		ghin6		自旧档汇入	2023-07-05T08:47:08+08:00
上海县·莘庄	尹		ɦiŋ⁶		ghin6		自旧档汇入	2023-07-05T08:47:08+08:00
上海县·莘庄	行	（品~）	ɦiŋ²		ghin2		自旧档汇入	2023-07-05T08:47:08+08:00
上海县·莘庄	行	（~为）	ɦiŋ²		ghin2		自旧档汇入	2023-07-05T08:47:08+08:00
上海县·莘庄	行	（~为）	ɦɑ̃²		ghaon2		自旧档汇入	2023-07-05T08:47:08+08:00
上海县·莘庄	营		ɦyoŋ²		ghion2		自旧档汇入	2023-07-05T08:47:08+08:00
上海县·莘庄	荣		ɦyoŋ²		ghion2		自旧档汇入	2023-07-05T08:47:08+08:00
上海县·莘庄	萤		ɦiŋ²		ghin2		自旧档汇入	2023-07-05T08:47:08+08:00
上海县·莘庄	熊		ɦyoŋ²		ghion2		自旧档汇入	2023-07-05T08:47:08+08:00
上海县·莘庄	雄		ɦyoŋ²		ghion2		自旧档汇入	2023-07-05T08:47:08+08:00
上海县·莘庄	容		ɦyoŋ²		ghion2		自旧档汇入	2023-07-05T08:47:08+08:00
上海县·莘庄	蓉		ɦyoŋ²		ghion2		自旧档汇入	2023-07-05T08:47:08+08:00
上海县·莘庄	庸		ɦyoŋ²		ghion2		自旧档汇入	2023-07-05T08:47:08+08:00
上海县·莘庄	用		ɦyoŋ⁶		ghion2		自旧档汇入	2023-07-05T08:47:08+08:00
上海县·莘庄	疫		ɦyoʔ⁸		ghioq8		自旧档汇入	2023-07-05T08:47:08+08:00
上海县·莘庄	役		ɦyoʔ⁸		ghioq8		自旧档汇入	2023-07-05T08:47:08+08:00
上海县·莘庄	育		ɦyoʔ⁸		ghioq8		自旧档汇入	2023-07-05T08:47:08+08:00
上海县·莘庄	獄		ɦyoŋ²		ghion2		自旧档汇入	2023-07-05T08:47:08+08:00
上海县·莘庄	欲		ɦyoʔ⁸		ghioq8		自旧档汇入	2023-07-05T08:47:08+08:00
上海县·莘庄	浴		ɦyoʔ⁸		ghioq8		自旧档汇入	2023-07-05T08:47:08+08:00
上海县·莘庄	淆		ɕiɔ¹		shiau1		自旧档汇入	2023-07-05T08:47:08+08:00
上海县·莘庄	舀		ɦiɔ⁶		ghiau6		自旧档汇入	2023-07-05T08:47:08+08:00
上海县·莘庄	摇		ɦiɔ²		ghiau2		自旧档汇入	2023-07-05T08:47:08+08:00
上海县·莘庄	谣		ɦiɔ²		ghiau2		自旧档汇入	2023-07-05T08:47:08+08:00
上海县·莘庄	窑		ɦiɔ²		ghiau2		自旧档汇入	2023-07-05T08:47:08+08:00
上海县·莘庄	姚		ɦiɔ²		ghiau2		自旧档汇入	2023-07-05T08:47:08+08:00
上海县·莘庄	效		ɦiɔ⁶		ghiau6		自旧档汇入	2023-07-05T08:47:08+08:00
上海县·莘庄	校	（学~）	ɦiɔ⁶		ghiau6		自旧档汇入	2023-07-05T08:47:08+08:00
上海县·莘庄	耀		ɦiɔ⁶		ghiau6		自旧档汇入	2023-07-05T08:47:08+08:00
上海县·莘庄	鹞		ɦiɔ⁶		ghiau6		自旧档汇入	2023-07-05T08:47:08+08:00
上海县·莘庄	幸		ɦiŋ⁶		ghin6		自旧档汇入	2023-07-05T08:47:08+08:00
上海县·莘庄	赢		ɦiŋ²		ghin2		自旧档汇入	2023-07-05T08:47:08+08:00
上海县·莘庄	形		ɦiŋ²		ghin2		自旧档汇入	2023-07-05T08:47:08+08:00
上海县·莘庄	型		ɦiŋ²		ghin2		自旧档汇入	2023-07-05T08:47:08+08:00
上海县·莘庄	刑		ɦiŋ²		ghin2		自旧档汇入	2023-07-05T08:47:08+08:00
上海县·莘庄	盈		ɦiŋ²		ghin2		自旧档汇入	2023-07-05T08:47:08+08:00
上海县·莘庄	忆		i⁵		i5		自旧档汇入	2023-07-05T08:47:08+08:00
上海县·莘庄	译		ɸɑ̃¹		faon1		自旧档汇入	2023-07-05T08:47:08+08:00
上海县·莘庄	液		ɦiəʔ⁸		ghieq8		自旧档汇入	2023-07-05T08:47:08+08:00
上海县·莘庄	易	（交～）	ɦiəʔ⁸		ghieq8		自旧档汇入	2023-07-05T08:47:08+08:00
上海县·莘庄	亿		i⁵		i5		自旧档汇入	2023-07-05T08:47:08+08:00
上海县·莘庄	华	（中~）	ɦo²		gho2		自旧档汇入	2023-07-05T08:47:08+08:00
上海县·莘庄	划	（~船）	o¹		o1		自旧档汇入	2023-07-05T08:47:08+08:00
上海县·莘庄	华	（~山）	ɦo²		gho2		自旧档汇入	2023-07-05T08:47:08+08:00
上海县·莘庄	寒		ɦø²		ghoe2		自旧档汇入	2023-07-05T08:47:08+08:00
上海县·莘庄	韩		ɦø²		ghoe2		自旧档汇入	2023-07-05T08:47:08+08:00
上海县·莘庄	旱		ɦø⁶		ghoe6		自旧档汇入	2023-07-05T08:47:08+08:00
上海县·莘庄	画		ɦo⁶		gho6		自旧档汇入	2023-07-05T08:47:08+08:00
上海县·莘庄	话		ɦo⁶		gho6		自旧档汇入	2023-07-05T08:47:08+08:00
上海县·莘庄	汗		ɦø⁶		ghoe6		自旧档汇入	2023-07-05T08:47:08+08:00
上海县·莘庄	焊		ɦø⁶		ghoe6		自旧档汇入	2023-07-05T08:47:08+08:00
上海县·莘庄	岸		ŋø⁶		ngoe6		自旧档汇入	2023-07-05T08:47:08+08:00
上海县·莘庄	逢		ɦoŋ⁶		ghon6		自旧档汇入	2023-07-05T08:47:08+08:00
上海县·莘庄	虹		ɦoŋ²		ghon2		自旧档汇入	2023-07-05T08:47:08+08:00
上海县·莘庄	弘		ɦoŋ²		ghon2		自旧档汇入	2023-07-05T08:47:08+08:00
上海县·莘庄	宏		ɦoŋ²		ghon2		自旧档汇入	2023-07-05T08:47:08+08:00
上海县·莘庄	红		ɦoŋ²		ghon2		自旧档汇入	2023-07-05T08:47:08+08:00
上海县·莘庄	洪		ɦoŋ²		ghon2		自旧档汇入	2023-07-05T08:47:08+08:00
上海县·莘庄	鸿		ɦoŋ²		ghon2		自旧档汇入	2023-07-05T08:47:08+08:00
上海县·莘庄	虹		ɦoŋ²		ghon2		自旧档汇入	2023-07-05T08:47:08+08:00
上海县·莘庄	冯		ɦoŋ²		ghon2		自旧档汇入	2023-07-05T08:47:08+08:00
上海县·莘庄	缝		ɦoŋ²		ghon2		自旧档汇入	2023-07-05T08:47:08+08:00
上海县·莘庄	凤		ɦoŋ⁶		ghon6		自旧档汇入	2023-07-05T08:47:08+08:00
上海县·莘庄	奉		ɦyoŋ²		ghyon2		自旧档汇入	2023-07-05T08:47:08+08:00
上海县·莘庄	复		ɦoʔ⁸		ghoq8		自旧档汇入	2023-07-05T08:47:08+08:00
上海县·莘庄	或		ɦoʔ⁸		ghoq8		自旧档汇入	2023-07-05T08:47:08+08:00
上海县·莘庄	惑		ɦoʔ⁸		ghoq8		自旧档汇入	2023-07-05T08:47:08+08:00
上海县·莘庄	获		ɦɔʔ⁸		ghaoq8		自旧档汇入	2023-07-05T08:47:08+08:00
上海县·莘庄	服		ɦoʔ⁸		ghoq8		自旧档汇入	2023-07-05T08:47:08+08:00
上海县·莘庄	伏		ɦyoŋ²		ghyon2		自旧档汇入	2023-07-05T08:47:08+08:00
上海县·莘庄	复		ɦoʔ⁸		ghoq8		自旧档汇入	2023-07-05T08:47:08+08:00
上海县·莘庄	下	（底下）	ɦɔ⁶/ɦiᴀ⁶		ghau6/ghia6		自旧档汇入	2023-07-05T08:47:08+08:00
上海县·莘庄	夏	（姓）	ɦɔ⁶		ghau6		自旧档汇入	2023-07-05T08:47:08+08:00
上海县·莘庄	厦		ɔ³		au3		自旧档汇入	2023-07-05T08:47:08+08:00
上海县·莘庄	豪		ɦɔ²		ghau2		自旧档汇入	2023-07-05T08:47:08+08:00
上海县·莘庄	壕		ɦɔ²		ghau2		自旧档汇入	2023-07-05T08:47:08+08:00
上海县·莘庄	毫		ɦɔ²		ghau2		自旧档汇入	2023-07-05T08:47:08+08:00
上海县·莘庄	号	（呼~）	ɦɔ⁶		ghau6		自旧档汇入	2023-07-05T08:47:08+08:00
上海县·莘庄	浩		ɦɔ²		ghau2		自旧档汇入	2023-07-05T08:47:08+08:00
上海县·莘庄	下	（~降）	ɦɔ⁶		ghau6		自旧档汇入	2023-07-05T08:47:08+08:00
上海县·莘庄	夏	（春~）	ɦɔ⁶		ghau6		自旧档汇入	2023-07-05T08:47:08+08:00
上海县·莘庄	号	（~数）	ɦɔ⁶		ghau6		自旧档汇入	2023-07-05T08:47:08+08:00
上海县·莘庄	学		ɦɔʔ⁸		ghaoq8		自旧档汇入	2023-07-05T08:47:08+08:00
上海县·莘庄	学		ɦiᴀʔ⁸		ghiaq8		自旧档汇入	2023-07-05T08:47:08+08:00
上海县·莘庄	渔		ɦy²		ghiu2		自旧档汇入	2023-07-05T08:47:08+08:00
上海县·莘庄	余		ɦy²		ghiu2		自旧档汇入	2023-07-05T08:47:08+08:00
上海县·莘庄	与		ɦy²		ghiu2		自旧档汇入	2023-07-05T08:47:08+08:00
上海县·莘庄	誉		ɦy⁶		ghiu6		自旧档汇入	2023-07-05T08:47:08+08:00
上海县·莘庄	预		ɦy⁶		ghiu6		自旧档汇入	2023-07-05T08:47:08+08:00
上海县·莘庄	豫		ɦy⁶		ghiu6		自旧档汇入	2023-07-05T08:47:08+08:00
上海县·莘庄	于		ɦy²		ghiu2		自旧档汇入	2023-07-05T08:47:08+08:00
上海县·莘庄	盂		ɦy²		ghiu2		自旧档汇入	2023-07-05T08:47:08+08:00
上海县·莘庄	榆		ɦy²		ghiu2		自旧档汇入	2023-07-05T08:47:08+08:00
上海县·莘庄	逾		ɦy²		ghiu2		自旧档汇入	2023-07-05T08:47:08+08:00
上海县·莘庄	愉		ɦy²		ghiu2		自旧档汇入	2023-07-05T08:47:08+08:00
上海县·莘庄	雨		ɦy⁶		ghiu6		自旧档汇入	2023-07-05T08:47:08+08:00
上海县·莘庄	宇		ɦy⁶		ghiu6		自旧档汇入	2023-07-05T08:47:08+08:00
上海县·莘庄	禹		ɲy²		gniu2		自旧档汇入	2023-07-05T08:47:08+08:00
上海县·莘庄	羽		ɦy⁶		ghiu6		自旧档汇入	2023-07-05T08:47:08+08:00
上海县·莘庄	愈	（病~）	ɦy⁶		ghiu6		自旧档汇入	2023-07-05T08:47:08+08:00
上海县·莘庄	芋		ɦy⁶		ghiu6		自旧档汇入	2023-07-05T08:47:08+08:00
上海县·莘庄	喻		ɦy⁶		ghiu6		自旧档汇入	2023-07-05T08:47:08+08:00
上海县·莘庄	围		βi²		vi2		自旧档汇入	2023-07-05T08:47:08+08:00
上海县·莘庄	纬		βi²		vi2		自旧档汇入	2023-07-05T08:47:08+08:00
上海县·莘庄	裕		ɦy⁶		ghiu6		自旧档汇入	2023-07-05T08:47:08+08:00
上海县·莘庄	云		ɦyŋ²		ghyng²		自旧档汇入	2023-07-05T08:47:08+08:00
上海县·莘庄	匀		ɦyŋ²		ghyng²		自旧档汇入	2023-07-05T08:47:08+08:00
上海县·莘庄	允		yoŋ³		yon3		自旧档汇入	2023-07-05T08:47:08+08:00
上海县·莘庄	熨		ɦyŋ⁶		ghyng⁶		自旧档汇入	2023-07-05T08:47:08+08:00
上海县·莘庄	运		ɦyŋ⁶		ghyng⁶		自旧档汇入	2023-07-05T08:47:08+08:00
上海县·莘庄	晕		ɦyŋ⁶		ghyng⁶		自旧档汇入	2023-07-05T08:47:08+08:00
上海县·莘庄	孕		ɦiŋ⁶		ghin6		自旧档汇入	2023-07-05T08:47:08+08:00
上海县·莘庄	圆		ɦyø²		ghioe2		自旧档汇入	2023-07-05T08:47:08+08:00
上海县·莘庄	员		ɦyø²		ghioe2		自旧档汇入	2023-07-05T08:47:08+08:00
上海县·莘庄	缘		yø¹		ioe1		自旧档汇入	2023-07-05T08:47:08+08:00
上海县·莘庄	袁		ɦyø²		ghioe2		自旧档汇入	2023-07-05T08:47:08+08:00
上海县·莘庄	园		ɦyø		ghyoe		自旧档汇入	2023-07-05T08:47:08+08:00
上海县·莘庄	阮		ɲyø⁶		gnioe6		自旧档汇入	2023-07-05T08:47:08+08:00
上海县·莘庄	远		ɦyø⁶		ghioe6		自旧档汇入	2023-07-05T08:47:08+08:00
上海县·莘庄	县		ɦyø⁶		ghioe6		自旧档汇入	2023-07-05T08:47:08+08:00
上海县·莘庄	院		ɦyø⁶		ghioe6		自旧档汇入	2023-07-05T08:47:08+08:00
上海县·莘庄	悦		ɦyəʔ⁸		ghyeq8		自旧档汇入	2023-07-05T08:47:08+08:00
上海县·莘庄	阅		ɦyəʔ⁸		ghyeq8		自旧档汇入	2023-07-05T08:47:08+08:00
上海县·莘庄	越		ɦyəʔ⁸		ghyeq8		自旧档汇入	2023-07-05T08:47:08+08:00
上海县·莘庄	穴		çyəʔ⁷		shyeq7		自旧档汇入	2023-07-05T08:47:08+08:00
上海县·莘庄	瞖		i¹		i1		自旧档汇入	2023-07-05T08:47:08+08:00
上海县·莘庄	伊		i¹		i1		自旧档汇入	2023-07-05T08:47:08+08:00
上海县·莘庄	医		i¹		i1		自旧档汇入	2023-07-05T08:47:08+08:00
上海县·莘庄	已		i¹		i1		自旧档汇入	2023-07-05T08:47:08+08:00
上海县·莘庄	以		i¹		i1		自旧档汇入	2023-07-05T08:47:08+08:00
上海县·莘庄	衣		i¹		i1		自旧档汇入	2023-07-05T08:47:08+08:00
上海县·莘庄	依		i¹		i1		自旧档汇入	2023-07-05T08:47:08+08:00
上海县·莘庄	淹		i¹		i1		自旧档汇入	2023-07-05T08:47:08+08:00
上海县·莘庄	阉		i¹		i1		自旧档汇入	2023-07-05T08:47:08+08:00
上海县·莘庄	醃		i⁵		i5		自旧档汇入	2023-07-05T08:47:08+08:00
上海县·莘庄	醃	（“盐动词”的训读）	ɦi⁶		ghi6		自旧档汇入	2023-07-05T08:47:08+08:00
上海县·莘庄	腌	（“盐动词”的训读）	ɦi⁶		ghi6		自旧档汇入	2023-07-05T08:47:08+08:00
上海县·莘庄	烟		i¹		i1		自旧档汇入	2023-07-05T08:47:08+08:00
上海县·莘庄	燕	（姓）	i⁵		i5		自旧档汇入	2023-07-05T08:47:08+08:00
上海县·莘庄	掩		e⁵		e5		自旧档汇入	2023-07-05T08:47:08+08:00
上海县·莘庄	意		i⁵		i5		自旧档汇入	2023-07-05T08:47:08+08:00
上海县·莘庄	厌		i⁵		i5		自旧档汇入	2023-07-05T08:47:08+08:00
上海县·莘庄	燕	（~子）	i⁵		i5		自旧档汇入	2023-07-05T08:47:08+08:00
上海县·莘庄	咽		i⁵		i5		自旧档汇入	2023-07-05T08:47:08+08:00
上海县·莘庄	宴		i⁵		i5		自旧档汇入	2023-07-05T08:47:08+08:00
上海县·莘庄	央		iã¹		ian1		自旧档汇入	2023-07-05T08:47:08+08:00
上海县·莘庄	秧		iã¹		ian1		自旧档汇入	2023-07-05T08:47:08+08:00
上海县·莘庄	映		iã⁵		ian5		自旧档汇入	2023-07-05T08:47:08+08:00
上海县·莘庄	霞		iᴀ¹		ia1		自旧档汇入	2023-07-05T08:47:08+08:00
上海县·莘庄	亚		iᴀ⁵		ia5		自旧档汇入	2023-07-05T08:47:08+08:00
上海县·莘庄	雅		iᴀ³		ia3		自旧档汇入	2023-07-05T08:47:08+08:00
上海县·莘庄	约		iᴀʔ⁷		iaq⁷		自旧档汇入	2023-07-05T08:47:08+08:00
上海县·莘庄	忧		iɤ¹		ieu1		自旧档汇入	2023-07-05T08:47:08+08:00
上海县·莘庄	优		iɤ¹		ieu1		自旧档汇入	2023-07-05T08:47:08+08:00
上海县·莘庄	悠		iɤ¹		ieu1		自旧档汇入	2023-07-05T08:47:08+08:00
上海县·莘庄	幽		iɤ¹		ieu1		自旧档汇入	2023-07-05T08:47:08+08:00
上海县·莘庄	噎		iɪʔ⁷		iq7		自旧档汇入	2023-07-05T08:47:08+08:00
上海县·莘庄	乙		iɪʔ⁷		iq7		自旧档汇入	2023-07-05T08:47:08+08:00
上海县·莘庄	一		iɪʔ⁷		iq7		自旧档汇入	2023-07-05T08:47:08+08:00
上海县·莘庄	音		iŋ¹		in1		自旧档汇入	2023-07-05T08:47:08+08:00
上海县·莘庄	阴		iŋ¹		in1		自旧档汇入	2023-07-05T08:47:08+08:00
上海县·莘庄	因		iŋ¹		in1		自旧档汇入	2023-07-05T08:47:08+08:00
上海县·莘庄	姻		iŋ¹		in1		自旧档汇入	2023-07-05T08:47:08+08:00
上海县·莘庄	殷		iŋ¹		in1		自旧档汇入	2023-07-05T08:47:08+08:00
上海县·莘庄	隐		iŋ⁵		in5		自旧档汇入	2023-07-05T08:47:08+08:00
上海县·莘庄	饮		iŋ⁵		in5		自旧档汇入	2023-07-05T08:47:08+08:00
上海县·莘庄	荫		iŋ⁵		in5		自旧档汇入	2023-07-05T08:47:08+08:00
上海县·莘庄	饮	（~马）	iŋ⁵		in5		自旧档汇入	2023-07-05T08:47:08+08:00
上海县·莘庄	印		iŋ⁵		in5		自旧档汇入	2023-07-05T08:47:08+08:00
上海县·莘庄	永		yoŋ³		yon3		自旧档汇入	2023-07-05T08:47:08+08:00
上海县·莘庄	泳		ɦyoŋ²		ghyon2		自旧档汇入	2023-07-05T08:47:08+08:00
上海县·莘庄	詠		yoŋ³		yon3		自旧档汇入	2023-07-05T08:47:08+08:00
上海县·莘庄	雍		yoŋ³		yon3		自旧档汇入	2023-07-05T08:47:08+08:00
上海县·莘庄	拥		yoŋ³		yon3		自旧档汇入	2023-07-05T08:47:08+08:00
上海县·莘庄	勇		yoŋ³		yon3		自旧档汇入	2023-07-05T08:47:08+08:00
上海县·莘庄	涌		yoŋ³		yon3		自旧档汇入	2023-07-05T08:47:08+08:00
上海县·莘庄	妖		iɔ¹		iau1		自旧档汇入	2023-07-05T08:47:08+08:00
上海县·莘庄	邀		iɔ¹		iau1		自旧档汇入	2023-07-05T08:47:08+08:00
上海县·莘庄	腰		iɔ¹		iau1		自旧档汇入	2023-07-05T08:47:08+08:00
上海县·莘庄	要	（~求)	iɔ¹		iau1		自旧档汇入	2023-07-05T08:47:08+08:00
上海县·莘庄	么	（~二三）	iɔ¹		iau1		自旧档汇入	2023-07-05T08:47:08+08:00
上海县·莘庄	要	（重~）	ɦiɔ⁶		ghiau6		自旧档汇入	2023-07-05T08:47:08+08:00
上海县·莘庄	应	（~当）	iŋ¹		in1		自旧档汇入	2023-07-05T08:47:08+08:00
上海县·莘庄	鹰		iŋ¹		in1		自旧档汇入	2023-07-05T08:47:08+08:00
上海县·莘庄	蝇		iŋ¹		in1		自旧档汇入	2023-07-05T08:47:08+08:00
上海县·莘庄	应	（~对）	iŋ¹		in1		自旧档汇入	2023-07-05T08:47:08+08:00
上海县·莘庄	莺		iŋ¹		in1		自旧档汇入	2023-07-05T08:47:08+08:00
上海县·莘庄	英		iŋ¹		in1		自旧档汇入	2023-07-05T08:47:08+08:00
上海县·莘庄	婴		iŋ¹		in1		自旧档汇入	2023-07-05T08:47:08+08:00
上海县·莘庄	影		iŋ³		in3		自旧档汇入	2023-07-05T08:47:08+08:00
上海县·莘庄	益		iəʔ⁷		ieq7		自旧档汇入	2023-07-05T08:47:08+08:00
上海县·莘庄	更	（五~）	kã¹		kan1		自旧档汇入	2023-07-05T08:47:08+08:00
上海县·莘庄	粳		kã¹		kan1		自旧档汇入	2023-07-05T08:47:08+08:00
上海县·莘庄	庚		kã¹		kan1		自旧档汇入	2023-07-05T08:47:08+08:00
上海县·莘庄	羹		kã¹		kan1		自旧档汇入	2023-07-05T08:47:08+08:00
上海县·莘庄	埂		kã³		kan3		自旧档汇入	2023-07-05T08:47:08+08:00
上海县·莘庄	梗		kã³		kan3		自旧档汇入	2023-07-05T08:47:08+08:00
上海县·莘庄	夹		kæʔ⁷		kaeq7		自旧档汇入	2023-07-05T08:47:08+08:00
上海县·莘庄	裌		kæʔ⁷		kaeq7		自旧档汇入	2023-07-05T08:47:08+08:00
上海县·莘庄	峡		kæʔ⁷		kaeq7		自旧档汇入	2023-07-05T08:47:08+08:00
上海县·莘庄	甲		ciæʔ⁷		ciaeq7		自旧档汇入	2023-07-05T08:47:08+08:00
上海县·莘庄	街		kᴀ¹		ka1		自旧档汇入	2023-07-05T08:47:08+08:00
上海县·莘庄	家		kᴀ¹		ka1		自旧档汇入	2023-07-05T08:47:08+08:00
上海县·莘庄	加		kᴀ¹		ka1		自旧档汇入	2023-07-05T08:47:08+08:00
上海县·莘庄	嘉		kᴀ¹		ka1		自旧档汇入	2023-07-05T08:47:08+08:00
上海县·莘庄	傢		kᴀ¹		ka1		自旧档汇入	2023-07-05T08:47:08+08:00
上海县·莘庄	家		ciᴀ¹		cia1		自旧档汇入	2023-07-05T08:47:08+08:00
上海县·莘庄	加		ciᴀ¹		cia1		自旧档汇入	2023-07-05T08:47:08+08:00
上海县·莘庄	嘉		ciᴀ¹		cia1		自旧档汇入	2023-07-05T08:47:08+08:00
上海县·莘庄	傢		ciᴀ¹		cia1		自旧档汇入	2023-07-05T08:47:08+08:00
上海县·莘庄	階		ciᴀ¹		cia1		自旧档汇入	2023-07-05T08:47:08+08:00
上海县·莘庄	解	（姓）	ciᴀ³		cia3		自旧档汇入	2023-07-05T08:47:08+08:00
上海县·莘庄	假	（真~）	kᴀ³		ka3		自旧档汇入	2023-07-05T08:47:08+08:00
上海县·莘庄	假		ciᴀ³		cia3		自旧档汇入	2023-07-05T08:47:08+08:00
上海县·莘庄	贾		kᴀ³		ka3		自旧档汇入	2023-07-05T08:47:08+08:00
上海县·莘庄	贾		ciᴀ³		cia3		自旧档汇入	2023-07-05T08:47:08+08:00
上海县·莘庄	解	（~开）	kᴀ³		ka3		自旧档汇入	2023-07-05T08:47:08+08:00
上海县·莘庄	假	（放~）	kᴀ³		ka3		自旧档汇入	2023-07-05T08:47:08+08:00
上海县·莘庄	解		ciᴀ³		cia3		自旧档汇入	2023-07-05T08:47:08+08:00
上海县·莘庄	假		ciᴀ³		cia3		自旧档汇入	2023-07-05T08:47:08+08:00
上海县·莘庄	架		kᴀ³		ka3		自旧档汇入	2023-07-05T08:47:08+08:00
上海县·莘庄	架		ciᴀ³		cia3		自旧档汇入	2023-07-05T08:47:08+08:00
上海县·莘庄	嫁		kᴀ⁵		ka5		自旧档汇入	2023-07-05T08:47:08+08:00
上海县·莘庄	价		kᴀ⁵		ka5		自旧档汇入	2023-07-05T08:47:08+08:00
上海县·莘庄	界		kᴀ⁵		ka5		自旧档汇入	2023-07-05T08:47:08+08:00
上海县·莘庄	届		kᴀ⁵		ka5		自旧档汇入	2023-07-05T08:47:08+08:00
上海县·莘庄	戒		kᴀ⁵		ka5		自旧档汇入	2023-07-05T08:47:08+08:00
上海县·莘庄	界		ciᴀ⁵		cia5		自旧档汇入	2023-07-05T08:47:08+08:00
上海县·莘庄	届		ciᴀ⁵		cia5		自旧档汇入	2023-07-05T08:47:08+08:00
上海县·莘庄	戒		ciᴀ⁵		cia5		自旧档汇入	2023-07-05T08:47:08+08:00
上海县·莘庄	格		kʌʔ⁷		keoq7		自旧档汇入	2023-07-05T08:47:08+08:00
上海县·莘庄	隔		kᴀʔ⁷		kaq⁷		自旧档汇入	2023-07-05T08:47:08+08:00
上海县·莘庄	冈		kɑ̃¹		kaon1		自旧档汇入	2023-07-05T08:47:08+08:00
上海县·莘庄	岗		kɑ̃¹		kaon1		自旧档汇入	2023-07-05T08:47:08+08:00
上海县·莘庄	刚		kɑ̃¹		kaon1		自旧档汇入	2023-07-05T08:47:08+08:00
上海县·莘庄	纲		kɑ̃¹		kaon1		自旧档汇入	2023-07-05T08:47:08+08:00
上海县·莘庄	钢		kɑ̃¹		kaon1		自旧档汇入	2023-07-05T08:47:08+08:00
上海县·莘庄	缸		kɑ̃¹		kaon1		自旧档汇入	2023-07-05T08:47:08+08:00
上海县·莘庄	杠		kɑ̃¹		kaon1		自旧档汇入	2023-07-05T08:47:08+08:00
上海县·莘庄	江		kɑ̃¹		kaon1		自旧档汇入	2023-07-05T08:47:08+08:00
上海县·莘庄	扛		kɑ̃¹		kaon1		自旧档汇入	2023-07-05T08:47:08+08:00
上海县·莘庄	豇		ɸɑ̃¹		faon1		自旧档汇入	2023-07-05T08:47:08+08:00
上海县·莘庄	讲		kɑ̃³		kaon3		自旧档汇入	2023-07-05T08:47:08+08:00
上海县·莘庄	港		kɑ̃³		kaon3		自旧档汇入	2023-07-05T08:47:08+08:00
上海县·莘庄	降	（下~）	kɑ̃⁵		kaon5		自旧档汇入	2023-07-05T08:47:08+08:00
上海县·莘庄	该		ke¹		ke1		自旧档汇入	2023-07-05T08:47:08+08:00
上海县·莘庄	甘		ke¹		ke1		自旧档汇入	2023-07-05T08:47:08+08:00
上海县·莘庄	柑		ke¹		ke1		自旧档汇入	2023-07-05T08:47:08+08:00
上海县·莘庄	泔		ke¹		ke1		自旧档汇入	2023-07-05T08:47:08+08:00
上海县·莘庄	改		ke³		ke3		自旧档汇入	2023-07-05T08:47:08+08:00
上海县·莘庄	盖		ke³		ke3		自旧档汇入	2023-07-05T08:47:08+08:00
上海县·莘庄	感		ke³		ke3		自旧档汇入	2023-07-05T08:47:08+08:00
上海县·莘庄	敢		ke³		ke3		自旧档汇入	2023-07-05T08:47:08+08:00
上海县·莘庄	概		ke³		ke3		自旧档汇入	2023-07-05T08:47:08+08:00
上海县·莘庄	跟		kəŋ¹		ken1		自旧档汇入	2023-07-05T08:47:08+08:00
上海县·莘庄	根		kəŋ¹		ken1		自旧档汇入	2023-07-05T08:47:08+08:00
上海县·莘庄	耕		kəŋ¹		ken1		自旧档汇入	2023-07-05T08:47:08+08:00
上海县·莘庄	耿		kã³		kan3		自旧档汇入	2023-07-05T08:47:08+08:00
上海县·莘庄	更	（~加）	kəŋ⁵		ken5		自旧档汇入	2023-07-05T08:47:08+08:00
上海县·莘庄	合	(十～一升)	ɦəʔ⁸		gheq8		自旧档汇入	2023-07-05T08:47:08+08:00
上海县·莘庄	蛤		kəʔ⁷		keq7		自旧档汇入	2023-07-05T08:47:08+08:00
上海县·莘庄	鸽		kəʔ⁷		keq7		自旧档汇入	2023-07-05T08:47:08+08:00
上海县·莘庄	葛		kəʔ⁷		keq7		自旧档汇入	2023-07-05T08:47:08+08:00
上海县·莘庄	尴		kɛ¹		kae1		自旧档汇入	2023-07-05T08:47:08+08:00
上海县·莘庄	监		kɛ¹		kae1		自旧档汇入	2023-07-05T08:47:08+08:00
上海县·莘庄	间	（空~）	ci¹		ci1		自旧档汇入	2023-07-05T08:47:08+08:00
上海县·莘庄	奸		kɛ¹		kae1		自旧档汇入	2023-07-05T08:47:08+08:00
上海县·莘庄	奸		ciɛ¹		ciae1		自旧档汇入	2023-07-05T08:47:08+08:00
上海县·莘庄	拣		kɛ³		kae3		自旧档汇入	2023-07-05T08:47:08+08:00
上海县·莘庄	橄		kɛ³		kae3		自旧档汇入	2023-07-05T08:47:08+08:00
上海县·莘庄	减		kɛ³		kae3		自旧档汇入	2023-07-05T08:47:08+08:00
上海县·莘庄	鑑	（鉴）	ciɛ⁵		ciae5		自旧档汇入	2023-07-05T08:47:08+08:00
上海县·莘庄	监	（~生）	kɛ⁵		kae5		自旧档汇入	2023-07-05T08:47:08+08:00
上海县·莘庄	勾		kɤ¹		keu1		自旧档汇入	2023-07-05T08:47:08+08:00
上海县·莘庄	钩		kɤ¹		keu1		自旧档汇入	2023-07-05T08:47:08+08:00
上海县·莘庄	沟		kɤ¹		keu1		自旧档汇入	2023-07-05T08:47:08+08:00
上海县·莘庄	狗		kɤ³		keu3		自旧档汇入	2023-07-05T08:47:08+08:00
上海县·莘庄	构		kɤ⁵		keu5		自旧档汇入	2023-07-05T08:47:08+08:00
上海县·莘庄	购		kɤ⁵		keu5		自旧档汇入	2023-07-05T08:47:08+08:00
上海县·莘庄	个		kɤ⁵		keu5		自旧档汇入	2023-07-05T08:47:08+08:00
上海县·莘庄	够		kɤ⁵		keu5		自旧档汇入	2023-07-05T08:47:08+08:00
上海县·莘庄	垮		kʰo⁵		kho5		自旧档汇入	2023-07-05T08:47:08+08:00
上海县·莘庄	坑		kʰã¹		khan1		自旧档汇入	2023-07-05T08:47:08+08:00
上海县·莘庄	掐		kʰəʔ⁷		kheq7		自旧档汇入	2023-07-05T08:47:08+08:00
上海县·莘庄	揩		kʰᴀ¹		kha1		自旧档汇入	2023-07-05T08:47:08+08:00
上海县·莘庄	楷		kʰᴀ³		kha3		自旧档汇入	2023-07-05T08:47:08+08:00
上海县·莘庄	客		kʰᴀʔ⁷		khaq⁷		自旧档汇入	2023-07-05T08:47:08+08:00
上海县·莘庄	康		kʰɑ̃¹		khaon1		自旧档汇入	2023-07-05T08:47:08+08:00
上海县·莘庄	糠		kʰɑ̃¹		khaon1		自旧档汇入	2023-07-05T08:47:08+08:00
上海县·莘庄	昂		ŋɑ̃²		ngaon2		自旧档汇入	2023-07-05T08:47:08+08:00
上海县·莘庄	慷		kʰɑ̃¹		khaon1		自旧档汇入	2023-07-05T08:47:08+08:00
上海县·莘庄	抗		kʰɑ̃⁵		khaon5		自旧档汇入	2023-07-05T08:47:08+08:00
上海县·莘庄	炕		kʰɑ̃⁵		khaon5		自旧档汇入	2023-07-05T08:47:08+08:00
上海县·莘庄	囥		kʰɑ̃⁵		khaon5		自旧档汇入	2023-07-05T08:47:08+08:00
上海县·莘庄	开		kʰe¹		khe1		自旧档汇入	2023-07-05T08:47:08+08:00
上海县·莘庄	凯		kʰe¹		khe1		自旧档汇入	2023-07-05T08:47:08+08:00
上海县·莘庄	坎		kʰe¹		khe1		自旧档汇入	2023-07-05T08:47:08+08:00
上海县·莘庄	慨		kʰe⁵		khe5		自旧档汇入	2023-07-05T08:47:08+08:00
上海县·莘庄	堪		kʰe¹		khe1		自旧档汇入	2023-07-05T08:47:08+08:00
上海县·莘庄	砍		kʰe¹		khe1		自旧档汇入	2023-07-05T08:47:08+08:00
上海县·莘庄	勘		kʰe¹		khe1		自旧档汇入	2023-07-05T08:47:08+08:00
上海县·莘庄	刊		kʰø⁵		khoe5		自旧档汇入	2023-07-05T08:47:08+08:00
上海县·莘庄	肯		kʰəŋ³		khen3		自旧档汇入	2023-07-05T08:47:08+08:00
上海县·莘庄	恳		kʰəŋ³		khen3		自旧档汇入	2023-07-05T08:47:08+08:00
上海县·莘庄	垦		kʰəŋ³		khen3		自旧档汇入	2023-07-05T08:47:08+08:00
上海县·莘庄	磕		kʰəʔ⁷		kheq7		自旧档汇入	2023-07-05T08:47:08+08:00
上海县·莘庄	艦		kʰɛ⁵		khae5		自旧档汇入	2023-07-05T08:47:08+08:00
上海县·莘庄	嵌		kʰɛ⁵		khae5		自旧档汇入	2023-07-05T08:47:08+08:00
上海县·莘庄	抠		kʰɤ¹		kheu1		自旧档汇入	2023-07-05T08:47:08+08:00
上海县·莘庄	口		kʰɤ³		kheu3		自旧档汇入	2023-07-05T08:47:08+08:00
上海县·莘庄	扣		kʰɤ⁵		kheu5		自旧档汇入	2023-07-05T08:47:08+08:00
上海县·莘庄	寇		kʰɤ⁵		kheu5		自旧档汇入	2023-07-05T08:47:08+08:00
上海县·莘庄	誇		kʰuᴀ⁵		khua5		自旧档汇入	2023-07-05T08:47:08+08:00
上海县·莘庄	看	（~守)	kʰø⁵		khoe5		自旧档汇入	2023-07-05T08:47:08+08:00
上海县·莘庄	可		kʰo³		kho3		自旧档汇入	2023-07-05T08:47:08+08:00
上海县·莘庄	跨		kʰo⁵		kho5		自旧档汇入	2023-07-05T08:47:08+08:00
上海县·莘庄	看	（~见）	kʰø⁵		khoe5		自旧档汇入	2023-07-05T08:47:08+08:00
上海县·莘庄	渴		kʰəʔ⁷		kheq7		自旧档汇入	2023-07-05T08:47:08+08:00
上海县·莘庄	空	(～虚)	kʰoŋ¹		khon1		自旧档汇入	2023-07-05T08:47:08+08:00
上海县·莘庄	孔		kʰoŋ³		khon3		自旧档汇入	2023-07-05T08:47:08+08:00
上海县·莘庄	控		ɦyoŋ²		ghyon2		自旧档汇入	2023-07-05T08:47:08+08:00
上海县·莘庄	空	（～缺）	kʰoŋ¹		khon1		自旧档汇入	2023-07-05T08:47:08+08:00
上海县·莘庄	恐		ɦyoŋ²		ghyon2		自旧档汇入	2023-07-05T08:47:08+08:00
上海县·莘庄	哭		kʰoʔ⁷		khoq7		自旧档汇入	2023-07-05T08:47:08+08:00
上海县·莘庄	酷		kʰɔʔ⁷		khaoq7		自旧档汇入	2023-07-05T08:47:08+08:00
上海县·莘庄	敲		kʰɔ¹		khau1		自旧档汇入	2023-07-05T08:47:08+08:00
上海县·莘庄	考		kʰɔ³		khau3		自旧档汇入	2023-07-05T08:47:08+08:00
上海县·莘庄	烤		kʰɔ¹		khau1		自旧档汇入	2023-07-05T08:47:08+08:00
上海县·莘庄	靠		kʰɔ⁵		khau5		自旧档汇入	2023-07-05T08:47:08+08:00
上海县·莘庄	科		kʰu¹		khu1		自旧档汇入	2023-07-05T08:47:08+08:00
上海县·莘庄	窠		kʰu¹		khu1		自旧档汇入	2023-07-05T08:47:08+08:00
上海县·莘庄	棵		kʰu¹		khu1		自旧档汇入	2023-07-05T08:47:08+08:00
上海县·莘庄	颗		kʰu¹		khu1		自旧档汇入	2023-07-05T08:47:08+08:00
上海县·莘庄	枯		kʰu¹		khu1		自旧档汇入	2023-07-05T08:47:08+08:00
上海县·莘庄	窝		u¹		u1		自旧档汇入	2023-07-05T08:47:08+08:00
上海县·莘庄	苦		kʰu³		khu3		自旧档汇入	2023-07-05T08:47:08+08:00
上海县·莘庄	课		kʰu⁵		khu5		自旧档汇入	2023-07-05T08:47:08+08:00
上海县·莘庄	库		kʰu⁵		khu5		自旧档汇入	2023-07-05T08:47:08+08:00
上海县·莘庄	裤		kʰu⁵		khu5		自旧档汇入	2023-07-05T08:47:08+08:00
上海县·莘庄	快		kʰuᴀ⁵		khua5		自旧档汇入	2023-07-05T08:47:08+08:00
上海县·莘庄	眶		kʰuɑ̃⁵		khuaon5		自旧档汇入	2023-07-05T08:47:08+08:00
上海县·莘庄	筐		kʰuɑ̃⁵		khuaon5		自旧档汇入	2023-07-05T08:47:08+08:00
上海县·莘庄	矿		kʰuɑ̃⁵		khuaon5		自旧档汇入	2023-07-05T08:47:08+08:00
上海县·莘庄	盔		kʰue¹		khue1		自旧档汇入	2023-07-05T08:47:08+08:00
上海县·莘庄	宽		kʰue¹		khue1		自旧档汇入	2023-07-05T08:47:08+08:00
上海县·莘庄	恢		ɸi¹		fi1		自旧档汇入	2023-07-05T08:47:08+08:00
上海县·莘庄	亏		kʰue¹		khue1		自旧档汇入	2023-07-05T08:47:08+08:00
上海县·莘庄	款		kʰue³		khue3		自旧档汇入	2023-07-05T08:47:08+08:00
上海县·莘庄	块		kʰue⁵		khue5		自旧档汇入	2023-07-05T08:47:08+08:00
上海县·莘庄	昆		kʰuəŋ¹		khuen1		自旧档汇入	2023-07-05T08:47:08+08:00
上海县·莘庄	捆		kʰuəŋ³		khuen3		自旧档汇入	2023-07-05T08:47:08+08:00
上海县·莘庄	睏		kʰuəŋ¹		khuen1		自旧档汇入	2023-07-05T08:47:08+08:00
上海县·莘庄	困		kʰuəŋ¹		khuen1		自旧档汇入	2023-07-05T08:47:08+08:00
上海县·莘庄	阔		kʰuəʔ⁷		khueq7		自旧档汇入	2023-07-05T08:47:08+08:00
上海县·莘庄	筷		kʰuɛ⁵		khuae5		自旧档汇入	2023-07-05T08:47:08+08:00
上海县·莘庄	扩		kʰuɔʔ⁷		khuaoq7		自旧档汇入	2023-07-05T08:47:08+08:00
上海县·莘庄	刻		kʰʌʔ⁷		kheoq7		自旧档汇入	2023-07-05T08:47:08+08:00
上海县·莘庄	克		kʰʌʔ⁷		kheoq7		自旧档汇入	2023-07-05T08:47:08+08:00
上海县·莘庄	瓜		ko¹		ko1		自旧档汇入	2023-07-05T08:47:08+08:00
上海县·莘庄	干		kø¹		koe1		自旧档汇入	2023-07-05T08:47:08+08:00
上海县·莘庄	肝		kø¹		koe1		自旧档汇入	2023-07-05T08:47:08+08:00
上海县·莘庄	竿		kø¹		koe1		自旧档汇入	2023-07-05T08:47:08+08:00
上海县·莘庄	杆		kø³		koe3		自旧档汇入	2023-07-05T08:47:08+08:00
上海县·莘庄	赶		kø³		koe3		自旧档汇入	2023-07-05T08:47:08+08:00
上海县·莘庄	寡		ko³		ko3		自旧档汇入	2023-07-05T08:47:08+08:00
上海县·莘庄	挂		ko⁵		ko5		自旧档汇入	2023-07-05T08:47:08+08:00
上海县·莘庄	卦		ko⁵		ko5		自旧档汇入	2023-07-05T08:47:08+08:00
上海县·莘庄	擀		kø³		koe3		自旧档汇入	2023-07-05T08:47:08+08:00
上海县·莘庄	公		koŋ¹		kon1		自旧档汇入	2023-07-05T08:47:08+08:00
上海县·莘庄	工		koŋ¹		kon1		自旧档汇入	2023-07-05T08:47:08+08:00
上海县·莘庄	功		koŋ¹		kon1		自旧档汇入	2023-07-05T08:47:08+08:00
上海县·莘庄	攻		koŋ¹		kon1		自旧档汇入	2023-07-05T08:47:08+08:00
上海县·莘庄	弓		koŋ¹		kon1		自旧档汇入	2023-07-05T08:47:08+08:00
上海县·莘庄	躬		koŋ¹		kon1		自旧档汇入	2023-07-05T08:47:08+08:00
上海县·莘庄	宫		koŋ¹		kon1		自旧档汇入	2023-07-05T08:47:08+08:00
上海县·莘庄	供	（～给）	koŋ¹		kon1		自旧档汇入	2023-07-05T08:47:08+08:00
上海县·莘庄	贡		koŋ⁵		kon5		自旧档汇入	2023-07-05T08:47:08+08:00
上海县·莘庄	巩		kuŋ¹		kung¹		自旧档汇入	2023-07-05T08:47:08+08:00
上海县·莘庄	供	（上～）	koŋ¹		kon1		自旧档汇入	2023-07-05T08:47:08+08:00
上海县·莘庄	谷		koʔ⁷		koq7		自旧档汇入	2023-07-05T08:47:08+08:00
上海县·莘庄	高		kɔ¹		kau1		自旧档汇入	2023-07-05T08:47:08+08:00
上海县·莘庄	膏		kɔ¹		kau1		自旧档汇入	2023-07-05T08:47:08+08:00
上海县·莘庄	篙		kɔ¹		kau1		自旧档汇入	2023-07-05T08:47:08+08:00
上海县·莘庄	羔		kɔ¹		kau1		自旧档汇入	2023-07-05T08:47:08+08:00
上海县·莘庄	糕		kɔ¹		kau1		自旧档汇入	2023-07-05T08:47:08+08:00
上海县·莘庄	交		kɔ¹		kau1		自旧档汇入	2023-07-05T08:47:08+08:00
上海县·莘庄	胶		kɔ¹		kau1		自旧档汇入	2023-07-05T08:47:08+08:00
上海县·莘庄	交		ciɔ¹		ciau1		自旧档汇入	2023-07-05T08:47:08+08:00
上海县·莘庄	胶		ciɔ¹		ciau1		自旧档汇入	2023-07-05T08:47:08+08:00
上海县·莘庄	稿		kɔ³		kau3		自旧档汇入	2023-07-05T08:47:08+08:00
上海县·莘庄	搅		gɔ⁶		gau6		自旧档汇入	2023-07-05T08:47:08+08:00
上海县·莘庄	绞		kɔ³		kau3		自旧档汇入	2023-07-05T08:47:08+08:00
上海县·莘庄	绞		ciɔ³		ciau3		自旧档汇入	2023-07-05T08:47:08+08:00
上海县·莘庄	告		kɔ⁵		kau5		自旧档汇入	2023-07-05T08:47:08+08:00
上海县·莘庄	酵		kɔ⁵		kau5		自旧档汇入	2023-07-05T08:47:08+08:00
上海县·莘庄	教	（~书）	kɔ⁵		kau5		自旧档汇入	2023-07-05T08:47:08+08:00
上海县·莘庄	酵		çiɔ⁵		shiau5		自旧档汇入	2023-07-05T08:47:08+08:00
上海县·莘庄	教		ciɔ⁵		ciau5		自旧档汇入	2023-07-05T08:47:08+08:00
上海县·莘庄	各		kɔʔ⁷		kaoq7		自旧档汇入	2023-07-05T08:47:08+08:00
上海县·莘庄	阁		kɔʔ⁷		kaoq7		自旧档汇入	2023-07-05T08:47:08+08:00
上海县·莘庄	角		kɔʔ⁷		kaoq7		自旧档汇入	2023-07-05T08:47:08+08:00
上海县·莘庄	搁		kɔʔ⁷		kaoq7		自旧档汇入	2023-07-05T08:47:08+08:00
上海县·莘庄	歌		ku¹		ku1		自旧档汇入	2023-07-05T08:47:08+08:00
上海县·莘庄	哥		ku¹		ku1		自旧档汇入	2023-07-05T08:47:08+08:00
上海县·莘庄	锅		ku¹		ku1		自旧档汇入	2023-07-05T08:47:08+08:00
上海县·莘庄	戈		kʰu¹		khu1		自旧档汇入	2023-07-05T08:47:08+08:00
上海县·莘庄	姑		ku¹		ku1		自旧档汇入	2023-07-05T08:47:08+08:00
上海县·莘庄	孤		ku¹		ku1		自旧档汇入	2023-07-05T08:47:08+08:00
上海县·莘庄	果		ku³		ku3		自旧档汇入	2023-07-05T08:47:08+08:00
上海县·莘庄	裹		ku³		ku3		自旧档汇入	2023-07-05T08:47:08+08:00
上海县·莘庄	古		ku³		ku3		自旧档汇入	2023-07-05T08:47:08+08:00
上海县·莘庄	股		ku³		ku3		自旧档汇入	2023-07-05T08:47:08+08:00
上海县·莘庄	鼓		ku³		ku3		自旧档汇入	2023-07-05T08:47:08+08:00
上海县·莘庄	过	~逾	ku⁵		ku5		自旧档汇入	2023-07-05T08:47:08+08:00
上海县·莘庄	过	（~错）	ku⁵		ku5		自旧档汇入	2023-07-05T08:47:08+08:00
上海县·莘庄	估		ku³		ku3		自旧档汇入	2023-07-05T08:47:08+08:00
上海县·莘庄	故		ku⁵		ku5		自旧档汇入	2023-07-05T08:47:08+08:00
上海县·莘庄	固		ku⁵		ku5		自旧档汇入	2023-07-05T08:47:08+08:00
上海县·莘庄	雇		ku⁵		ku5		自旧档汇入	2023-07-05T08:47:08+08:00
上海县·莘庄	顾		ku⁵		ku5		自旧档汇入	2023-07-05T08:47:08+08:00
上海县·莘庄	括		kuæʔ⁷		kuaeq7		自旧档汇入	2023-07-05T08:47:08+08:00
上海县·莘庄	刮		kuᴀʔ⁷		kuaq⁷		自旧档汇入	2023-07-05T08:47:08+08:00
上海县·莘庄	乖		kuᴀ¹		kua1		自旧档汇入	2023-07-05T08:47:08+08:00
上海县·莘庄	怪		kuᴀ⁵		kua5		自旧档汇入	2023-07-05T08:47:08+08:00
上海县·莘庄	柺		kuᴀ³		kua3		自旧档汇入	2023-07-05T08:47:08+08:00
上海县·莘庄	光		kuɑ̃¹		kuaon1		自旧档汇入	2023-07-05T08:47:08+08:00
上海县·莘庄	光		kuã¹		kuan1		自旧档汇入	2023-07-05T08:47:08+08:00
上海县·莘庄	广		kuɑ̃³		kuaon3		自旧档汇入	2023-07-05T08:47:08+08:00
上海县·莘庄	规		kue¹		kue1		自旧档汇入	2023-07-05T08:47:08+08:00
上海县·莘庄	官		kue¹		kue1		自旧档汇入	2023-07-05T08:47:08+08:00
上海县·莘庄	棺		kue¹		kue1		自旧档汇入	2023-07-05T08:47:08+08:00
上海县·莘庄	观	（参~）	kue¹		kue1		自旧档汇入	2023-07-05T08:47:08+08:00
上海县·莘庄	冠	（衣~）	kue¹		kue1		自旧档汇入	2023-07-05T08:47:08+08:00
上海县·莘庄	诡		ue³		ue3		自旧档汇入	2023-07-05T08:47:08+08:00
上海县·莘庄	管		kue³		kue3		自旧档汇入	2023-07-05T08:47:08+08:00
上海县·莘庄	轨		kue³		kue3		自旧档汇入	2023-07-05T08:47:08+08:00
上海县·莘庄	刽		kue⁵		kue5		自旧档汇入	2023-07-05T08:47:08+08:00
上海县·莘庄	桂		kue⁵		kue5		自旧档汇入	2023-07-05T08:47:08+08:00
上海县·莘庄	癸		kue³		kue3		自旧档汇入	2023-07-05T08:47:08+08:00
上海县·莘庄	馆		kue⁵		kue5		自旧档汇入	2023-07-05T08:47:08+08:00
上海县·莘庄	灌		kue⁵		kue5		自旧档汇入	2023-07-05T08:47:08+08:00
上海县·莘庄	罐		kue⁵		kue5		自旧档汇入	2023-07-05T08:47:08+08:00
上海县·莘庄	冠	（~军）	kue⁵		kue5		自旧档汇入	2023-07-05T08:47:08+08:00
上海县·莘庄	会	（~计）	kue⁵		kue5		自旧档汇入	2023-07-05T08:47:08+08:00
上海县·莘庄	滚		kuəŋ³		kuen3		自旧档汇入	2023-07-05T08:47:08+08:00
上海县·莘庄	棍		kuəŋ³		kuen3		自旧档汇入	2023-07-05T08:47:08+08:00
上海县·莘庄	骨		kuəʔ⁷		kueq7		自旧档汇入	2023-07-05T08:47:08+08:00
上海县·莘庄	割		kəʔ⁷		keq7		自旧档汇入	2023-07-05T08:47:08+08:00
上海县·莘庄	关		kuɛ¹		kuae1		自旧档汇入	2023-07-05T08:47:08+08:00
上海县·莘庄	惯		kuɛ⁵		kuae5		自旧档汇入	2023-07-05T08:47:08+08:00
上海县·莘庄	贯		kue⁵		kue5		自旧档汇入	2023-07-05T08:47:08+08:00
上海县·莘庄	郭		kuɔʔ⁷		kuaoq7		自旧档汇入	2023-07-05T08:47:08+08:00
上海县·莘庄	廓		kʰuɔʔ⁷		khuaoq7		自旧档汇入	2023-07-05T08:47:08+08:00
上海县·莘庄	国		koʔ⁷		koq7		自旧档汇入	2023-07-05T08:47:08+08:00
上海县·莘庄	革		kʌʔ⁷		keoq7		自旧档汇入	2023-07-05T08:47:08+08:00
上海县·莘庄	尔		l̩³		er3		自旧档汇入	2023-07-05T08:47:08+08:00
上海县·莘庄	而		l̩⁶		er6		自旧档汇入	2023-07-05T08:47:08+08:00
上海县·莘庄	冷		lã⁶		lan6		自旧档汇入	2023-07-05T08:47:08+08:00
上海县·莘庄	腊		læʔ⁸		laeq8		自旧档汇入	2023-07-05T08:47:08+08:00
上海县·莘庄	蜡		læʔ⁸		laeq8		自旧档汇入	2023-07-05T08:47:08+08:00
上海县·莘庄	辣		læʔ⁸		laeq8		自旧档汇入	2023-07-05T08:47:08+08:00
上海县·莘庄	拉		lᴀ¹		la1		自旧档汇入	2023-07-05T08:47:08+08:00
上海县·莘庄	赖		lᴀ⁶		la6		自旧档汇入	2023-07-05T08:47:08+08:00
上海县·莘庄	癞		lᴀ⁶		la6		自旧档汇入	2023-07-05T08:47:08+08:00
上海县·莘庄	郎		lɑ̃²		laon2		自旧档汇入	2023-07-05T08:47:08+08:00
上海县·莘庄	廊		lɑ̃²		laon2		自旧档汇入	2023-07-05T08:47:08+08:00
上海县·莘庄	狼		lɑ̃²		laon2		自旧档汇入	2023-07-05T08:47:08+08:00
上海县·莘庄	朗		lɑ̃⁶		laon6		自旧档汇入	2023-07-05T08:47:08+08:00
上海县·莘庄	浪		lɑ̃⁶		laon6		自旧档汇入	2023-07-05T08:47:08+08:00
上海县·莘庄	来		le²		le2		自旧档汇入	2023-07-05T08:47:08+08:00
上海县·莘庄	雷		li²		li2		自旧档汇入	2023-07-05T08:47:08+08:00
上海县·莘庄	累	（~积）	li⁶		li6		自旧档汇入	2023-07-05T08:47:08+08:00
上海县·莘庄	累	（连~）	li⁶		li6		自旧档汇入	2023-07-05T08:47:08+08:00
上海县·莘庄	垒		li⁶		li6		自旧档汇入	2023-07-05T08:47:08+08:00
上海县·莘庄	类		li⁶		li6		自旧档汇入	2023-07-05T08:47:08+08:00
上海县·莘庄	累		li⁶		li6		自旧档汇入	2023-07-05T08:47:08+08:00
上海县·莘庄	伦		ləŋ²		len2		自旧档汇入	2023-07-05T08:47:08+08:00
上海县·莘庄	沦		ləŋ²		len2		自旧档汇入	2023-07-05T08:47:08+08:00
上海县·莘庄	轮		ləŋ²		len2		自旧档汇入	2023-07-05T08:47:08+08:00
上海县·莘庄	论		ləŋ⁶		len6		自旧档汇入	2023-07-05T08:47:08+08:00
上海县·莘庄	蓝		lɛ²		lae2		自旧档汇入	2023-07-05T08:47:08+08:00
上海县·莘庄	篮		lɛ²		lae2		自旧档汇入	2023-07-05T08:47:08+08:00
上海县·莘庄	览		lɛ⁶		lae6		自旧档汇入	2023-07-05T08:47:08+08:00
上海县·莘庄	揽		lɛ⁶		lae6		自旧档汇入	2023-07-05T08:47:08+08:00
上海县·莘庄	榄		lɛ⁶		lae6		自旧档汇入	2023-07-05T08:47:08+08:00
上海县·莘庄	兰		lɛ²		lae2		自旧档汇入	2023-07-05T08:47:08+08:00
上海县·莘庄	拦		lɛ²		lae2		自旧档汇入	2023-07-05T08:47:08+08:00
上海县·莘庄	栏		lɛ²		lae2		自旧档汇入	2023-07-05T08:47:08+08:00
上海县·莘庄	懒		lɛ⁶		lae6		自旧档汇入	2023-07-05T08:47:08+08:00
上海县·莘庄	滥		lɛ⁶		lae6		自旧档汇入	2023-07-05T08:47:08+08:00
上海县·莘庄	缆		lɛ⁶		lae6		自旧档汇入	2023-07-05T08:47:08+08:00
上海县·莘庄	烂		lɛ⁶		lae6		自旧档汇入	2023-07-05T08:47:08+08:00
上海县·莘庄	篓		lɤ²		leu2		自旧档汇入	2023-07-05T08:47:08+08:00
上海县·莘庄	搂		lɤ²		leu2		自旧档汇入	2023-07-05T08:47:08+08:00
上海县·莘庄	楼		lɤ²		leu2		自旧档汇入	2023-07-05T08:47:08+08:00
上海县·莘庄	漏		lɤ⁶		leu6		自旧档汇入	2023-07-05T08:47:08+08:00
上海县·莘庄	陋		lɤ⁶		leu6		自旧档汇入	2023-07-05T08:47:08+08:00
上海县·莘庄	犂		li²		li2		自旧档汇入	2023-07-05T08:47:08+08:00
上海县·莘庄	黎		li²		li2		自旧档汇入	2023-07-05T08:47:08+08:00
上海县·莘庄	礼		li⁶		li6		自旧档汇入	2023-07-05T08:47:08+08:00
上海县·莘庄	离	（~别）	li²		li2		自旧档汇入	2023-07-05T08:47:08+08:00
上海县·莘庄	篱		li²		li2		自旧档汇入	2023-07-05T08:47:08+08:00
上海县·莘庄	璃		li²		li2		自旧档汇入	2023-07-05T08:47:08+08:00
上海县·莘庄	离	（~开）	li²		li2		自旧档汇入	2023-07-05T08:47:08+08:00
上海县·莘庄	梨		li²		li2		自旧档汇入	2023-07-05T08:47:08+08:00
上海县·莘庄	狸		li²		li2		自旧档汇入	2023-07-05T08:47:08+08:00
上海县·莘庄	李		li⁶		li6		自旧档汇入	2023-07-05T08:47:08+08:00
上海县·莘庄	里		li⁶		li6		自旧档汇入	2023-07-05T08:47:08+08:00
上海县·莘庄	理		li⁶		li6		自旧档汇入	2023-07-05T08:47:08+08:00
上海县·莘庄	鲤		li⁶		li6		自旧档汇入	2023-07-05T08:47:08+08:00
上海县·莘庄	吏		li⁶		li6		自旧档汇入	2023-07-05T08:47:08+08:00
上海县·莘庄	泪		li⁶		li6		自旧档汇入	2023-07-05T08:47:08+08:00
上海县·莘庄	镰		li²		li2		自旧档汇入	2023-07-05T08:47:08+08:00
上海县·莘庄	簾		li²		li2		自旧档汇入	2023-07-05T08:47:08+08:00
上海县·莘庄	敛		li²		li2		自旧档汇入	2023-07-05T08:47:08+08:00
上海县·莘庄	脸		li⁶		li6		自旧档汇入	2023-07-05T08:47:08+08:00
上海县·莘庄	敛		li⁶		li6		自旧档汇入	2023-07-05T08:47:08+08:00
上海县·莘庄	殓		li⁶		li6		自旧档汇入	2023-07-05T08:47:08+08:00
上海县·莘庄	连		li²		li2		自旧档汇入	2023-07-05T08:47:08+08:00
上海县·莘庄	联		li²		li2		自旧档汇入	2023-07-05T08:47:08+08:00
上海县·莘庄	怜		liŋ²		lin2		自旧档汇入	2023-07-05T08:47:08+08:00
上海县·莘庄	莲		li²		li2		自旧档汇入	2023-07-05T08:47:08+08:00
上海县·莘庄	吕		ly⁶		liu6		自旧档汇入	2023-07-05T08:47:08+08:00
上海县·莘庄	例		li⁶		li6		自旧档汇入	2023-07-05T08:47:08+08:00
上海县·莘庄	厉		li⁶		li6		自旧档汇入	2023-07-05T08:47:08+08:00
上海县·莘庄	丽		li⁶		li6		自旧档汇入	2023-07-05T08:47:08+08:00
上海县·莘庄	利		li⁶		li6		自旧档汇入	2023-07-05T08:47:08+08:00
上海县·莘庄	痢		li⁶		li6		自旧档汇入	2023-07-05T08:47:08+08:00
上海县·莘庄	练		li⁶		li6		自旧档汇入	2023-07-05T08:47:08+08:00
上海县·莘庄	炼		li⁶		li6		自旧档汇入	2023-07-05T08:47:08+08:00
上海县·莘庄	恋		li²		li2		自旧档汇入	2023-07-05T08:47:08+08:00
上海县·莘庄	良		liã²		lian2		自旧档汇入	2023-07-05T08:47:08+08:00
上海县·莘庄	凉		liã²		lian2		自旧档汇入	2023-07-05T08:47:08+08:00
上海县·莘庄	量	（~长短）	liã²		lian2		自旧档汇入	2023-07-05T08:47:08+08:00
上海县·莘庄	粮		liã²		lian2		自旧档汇入	2023-07-05T08:47:08+08:00
上海县·莘庄	梁		liã²		lian2		自旧档汇入	2023-07-05T08:47:08+08:00
上海县·莘庄	两		liã⁶		lian6		自旧档汇入	2023-07-05T08:47:08+08:00
上海县·莘庄	亮		liã⁶		lian6		自旧档汇入	2023-07-05T08:47:08+08:00
上海县·莘庄	谅		liã⁶		lian6		自旧档汇入	2023-07-05T08:47:08+08:00
上海县·莘庄	辆		liã⁶		lian6		自旧档汇入	2023-07-05T08:47:08+08:00
上海县·莘庄	量	（数~）	liã⁶		lian6		自旧档汇入	2023-07-05T08:47:08+08:00
上海县·莘庄	略		liᴀʔ⁸		liaq8		自旧档汇入	2023-07-05T08:47:08+08:00
上海县·莘庄	掠		liᴀʔ⁸		liaq8		自旧档汇入	2023-07-05T08:47:08+08:00
上海县·莘庄	溜		liɤ¹		lieu1		自旧档汇入	2023-07-05T08:47:08+08:00
上海县·莘庄	馏		liɤ¹		lieu1		自旧档汇入	2023-07-05T08:47:08+08:00
上海县·莘庄	流		liɤ²		lieu2		自旧档汇入	2023-07-05T08:47:08+08:00
上海县·莘庄	刘		liɤ²		lieu2		自旧档汇入	2023-07-05T08:47:08+08:00
上海县·莘庄	留		liɤ²		lieu2		自旧档汇入	2023-07-05T08:47:08+08:00
上海县·莘庄	榴		liɤ²		lieu2		自旧档汇入	2023-07-05T08:47:08+08:00
上海县·莘庄	柳		liɤ⁶		lieu6		自旧档汇入	2023-07-05T08:47:08+08:00
上海县·莘庄	猎		læʔ⁸		laeq8		自旧档汇入	2023-07-05T08:47:08+08:00
上海县·莘庄	立		liɪʔ⁸		liq8		自旧档汇入	2023-07-05T08:47:08+08:00
上海县·莘庄	笠		liɪʔ⁸		liq8		自旧档汇入	2023-07-05T08:47:08+08:00
上海县·莘庄	粒		liəʔ⁸		lieq8		自旧档汇入	2023-07-05T08:47:08+08:00
上海县·莘庄	列		liɪʔ⁸		liq8		自旧档汇入	2023-07-05T08:47:08+08:00
上海县·莘庄	烈		liɪʔ⁸		liq8		自旧档汇入	2023-07-05T08:47:08+08:00
上海县·莘庄	裂		liɪʔ⁸		liq8		自旧档汇入	2023-07-05T08:47:08+08:00
上海县·莘庄	劣		liɪʔ⁸		liq8		自旧档汇入	2023-07-05T08:47:08+08:00
上海县·莘庄	栗		liɪʔ⁸		liq8		自旧档汇入	2023-07-05T08:47:08+08:00
上海县·莘庄	律		liɪʔ⁸		liq8		自旧档汇入	2023-07-05T08:47:08+08:00
上海县·莘庄	率	（速~）	liɪʔ⁸		liq8		自旧档汇入	2023-07-05T08:47:08+08:00
上海县·莘庄	力		liəʔ⁸		lieq8		自旧档汇入	2023-07-05T08:47:08+08:00
上海县·莘庄	历		liɪʔ⁸		liq8		自旧档汇入	2023-07-05T08:47:08+08:00
上海县·莘庄	林		liŋ²		lin2		自旧档汇入	2023-07-05T08:47:08+08:00
上海县·莘庄	淋		liŋ²		lin2		自旧档汇入	2023-07-05T08:47:08+08:00
上海县·莘庄	临		liŋ²		lin2		自旧档汇入	2023-07-05T08:47:08+08:00
上海县·莘庄	邻		liŋ²		lin2		自旧档汇入	2023-07-05T08:47:08+08:00
上海县·莘庄	鳞		liŋ²		lin2		自旧档汇入	2023-07-05T08:47:08+08:00
上海县·莘庄	燐		liŋ²		lin2		自旧档汇入	2023-07-05T08:47:08+08:00
上海县·莘庄	陵		liŋ²		lin2		自旧档汇入	2023-07-05T08:47:08+08:00
上海县·莘庄	菱		liŋ²		lin2		自旧档汇入	2023-07-05T08:47:08+08:00
上海县·莘庄	领		liŋ²		lin2		自旧档汇入	2023-07-05T08:47:08+08:00
上海县·莘庄	岺		liŋ²		lin2		自旧档汇入	2023-07-05T08:47:08+08:00
上海县·莘庄	灵		liŋ²		lin2		自旧档汇入	2023-07-05T08:47:08+08:00
上海县·莘庄	零		ɸɑ̃¹		faon1		自旧档汇入	2023-07-05T08:47:08+08:00
上海县·莘庄	铃		liŋ²		lin2		自旧档汇入	2023-07-05T08:47:08+08:00
上海县·莘庄	伶		liŋ²		lin2		自旧档汇入	2023-07-05T08:47:08+08:00
上海县·莘庄	拎		liŋ¹		lin1		自旧档汇入	2023-07-05T08:47:08+08:00
上海县·莘庄	翎		liŋ²		lin2		自旧档汇入	2023-07-05T08:47:08+08:00
上海县·莘庄	令		liŋ⁶		lin6		自旧档汇入	2023-07-05T08:47:08+08:00
上海县·莘庄	另		liŋ⁶		lin6		自旧档汇入	2023-07-05T08:47:08+08:00
上海县·莘庄	燎		liɔ²		liau2		自旧档汇入	2023-07-05T08:47:08+08:00
上海县·莘庄	了		liɔ⁶		liau6		自旧档汇入	2023-07-05T08:47:08+08:00
上海县·莘庄	瞭		liɔ²		liau2		自旧档汇入	2023-07-05T08:47:08+08:00
上海县·莘庄	廖		liɔ⁶		liau6		自旧档汇入	2023-07-05T08:47:08+08:00
上海县·莘庄	疗		liɔ²		liau2		自旧档汇入	2023-07-05T08:47:08+08:00
上海县·莘庄	聊		liɔ²		liau2		自旧档汇入	2023-07-05T08:47:08+08:00
上海县·莘庄	辽		liɔ²		liau2		自旧档汇入	2023-07-05T08:47:08+08:00
上海县·莘庄	撩		liɔ²		liau2		自旧档汇入	2023-07-05T08:47:08+08:00
上海县·莘庄	寥		liɔ²		liau2		自旧档汇入	2023-07-05T08:47:08+08:00
上海县·莘庄	料		liɔ⁶		liau6		自旧档汇入	2023-07-05T08:47:08+08:00
上海县·莘庄	卵		lu⁶		lu6		自旧档汇入	2023-07-05T08:47:08+08:00
上海县·莘庄	乱		lø⁶		loe6		自旧档汇入	2023-07-05T08:47:08+08:00
上海县·莘庄	捋		lœʔ⁸		loeq8		自旧档汇入	2023-07-05T08:47:08+08:00
上海县·莘庄	笼		loŋ²		lon2		自旧档汇入	2023-07-05T08:47:08+08:00
上海县·莘庄	聋		loŋ²		lon2		自旧档汇入	2023-07-05T08:47:08+08:00
上海县·莘庄	拢		loŋ²		lon2		自旧档汇入	2023-07-05T08:47:08+08:00
上海县·莘庄	隆		loŋ²		lon2		自旧档汇入	2023-07-05T08:47:08+08:00
上海县·莘庄	龙		loŋ²		lon2		自旧档汇入	2023-07-05T08:47:08+08:00
上海县·莘庄	弄		loŋ⁶		lon6		自旧档汇入	2023-07-05T08:47:08+08:00
上海县·莘庄	鹿		loʔ⁸		loq8		自旧档汇入	2023-07-05T08:47:08+08:00
上海县·莘庄	禄		loʔ⁸		loq8		自旧档汇入	2023-07-05T08:47:08+08:00
上海县·莘庄	六		loʔ⁸		loq8		自旧档汇入	2023-07-05T08:47:08+08:00
上海县·莘庄	陆		loʔ⁸		loq8		自旧档汇入	2023-07-05T08:47:08+08:00
上海县·莘庄	绿		loʔ⁸		loq8		自旧档汇入	2023-07-05T08:47:08+08:00
上海县·莘庄	录		loʔ⁸		loq8		自旧档汇入	2023-07-05T08:47:08+08:00
上海县·莘庄	捞		lɔ¹		lau1		自旧档汇入	2023-07-05T08:47:08+08:00
上海县·莘庄	劳		lɔ²		lau2		自旧档汇入	2023-07-05T08:47:08+08:00
上海县·莘庄	牢		lɔ²		lau2		自旧档汇入	2023-07-05T08:47:08+08:00
上海县·莘庄	老		lɔ⁶		lau6		自旧档汇入	2023-07-05T08:47:08+08:00
上海县·莘庄	涝		lɔ²		lau2		自旧档汇入	2023-07-05T08:47:08+08:00
上海县·莘庄	落		lɔʔ⁸		laoq8		自旧档汇入	2023-07-05T08:47:08+08:00
上海县·莘庄	洛		lɔʔ⁸		laoq8		自旧档汇入	2023-07-05T08:47:08+08:00
上海县·莘庄	络		lɔʔ⁸		laoq8		自旧档汇入	2023-07-05T08:47:08+08:00
上海县·莘庄	乐		lɔʔ⁸		laoq8		自旧档汇入	2023-07-05T08:47:08+08:00
上海县·莘庄	乐		ɦiᴀʔ⁸		ghiaq8		自旧档汇入	2023-07-05T08:47:08+08:00
上海县·莘庄	鲁		lu²		lu2		自旧档汇入	2023-07-05T08:47:08+08:00
上海县·莘庄	罗		lu²		lu2		自旧档汇入	2023-07-05T08:47:08+08:00
上海县·莘庄	锣		lu²		lu2		自旧档汇入	2023-07-05T08:47:08+08:00
上海县·莘庄	箩		lu²		lu2		自旧档汇入	2023-07-05T08:47:08+08:00
上海县·莘庄	螺		lu²		lu2		自旧档汇入	2023-07-05T08:47:08+08:00
上海县·莘庄	裸		lu²		lu2		自旧档汇入	2023-07-05T08:47:08+08:00
上海县·莘庄	卢		lu²		lu2		自旧档汇入	2023-07-05T08:47:08+08:00
上海县·莘庄	炉		lu²		lu2		自旧档汇入	2023-07-05T08:47:08+08:00
上海县·莘庄	芦		lu²		lu2		自旧档汇入	2023-07-05T08:47:08+08:00
上海县·莘庄	橹		lu⁶		lu6		自旧档汇入	2023-07-05T08:47:08+08:00
上海县·莘庄	滷		lu⁶		lu6		自旧档汇入	2023-07-05T08:47:08+08:00
上海县·莘庄	庐		lu²		lu2		自旧档汇入	2023-07-05T08:47:08+08:00
上海县·莘庄	驴		lu²		lu2		自旧档汇入	2023-07-05T08:47:08+08:00
上海县·莘庄	路		lu⁶		lu6		自旧档汇入	2023-07-05T08:47:08+08:00
上海县·莘庄	露		lu⁶		lu6		自旧档汇入	2023-07-05T08:47:08+08:00
上海县·莘庄	肋		lʌʔ⁸		leoq8		自旧档汇入	2023-07-05T08:47:08+08:00
上海县·莘庄	勒		lʌʔ⁸		leoq8		自旧档汇入	2023-07-05T08:47:08+08:00
上海县·莘庄	屡		ly³		liu3		自旧档汇入	2023-07-05T08:47:08+08:00
上海县·莘庄	旅		ly⁶		liu6		自旧档汇入	2023-07-05T08:47:08+08:00
上海县·莘庄	虑		ly⁶		liu6		自旧档汇入	2023-07-05T08:47:08+08:00
上海县·莘庄	滤		ly⁶		liu6		自旧档汇入	2023-07-05T08:47:08+08:00
上海县·莘庄	履		ly⁶		liu6		自旧档汇入	2023-07-05T08:47:08+08:00
上海县·莘庄	亩		mɤ⁶		meu6		自旧档汇入	2023-07-05T08:47:08+08:00
上海县·莘庄	猛		mã⁶		man6		自旧档汇入	2023-07-05T08:47:08+08:00
上海县·莘庄	孟		mã⁶		man6		自旧档汇入	2023-07-05T08:47:08+08:00
上海县·莘庄	妈		mᴀ¹		ma1		自旧档汇入	2023-07-05T08:47:08+08:00
上海县·莘庄	埋		mᴀ¹		ma1		自旧档汇入	2023-07-05T08:47:08+08:00
上海县·莘庄	买		mᴀ⁶		ma6		自旧档汇入	2023-07-05T08:47:08+08:00
上海县·莘庄	卖		mᴀ⁶		ma6		自旧档汇入	2023-07-05T08:47:08+08:00
上海县·莘庄	陌		mᴀʔ⁸		maq8		自旧档汇入	2023-07-05T08:47:08+08:00
上海县·莘庄	麦		mᴀʔ⁸		maq8		自旧档汇入	2023-07-05T08:47:08+08:00
上海县·莘庄	脉		mᴀʔ⁸		maq8		自旧档汇入	2023-07-05T08:47:08+08:00
上海县·莘庄	莽		mɑ̃²		maon2		自旧档汇入	2023-07-05T08:47:08+08:00
上海县·莘庄	忙		mɑ̃²		maon2		自旧档汇入	2023-07-05T08:47:08+08:00
上海县·莘庄	芒		mɑ̃²		maon2		自旧档汇入	2023-07-05T08:47:08+08:00
上海县·莘庄	茫		mɑ̃²		maon2		自旧档汇入	2023-07-05T08:47:08+08:00
上海县·莘庄	蟒		mɑ̃²		maon2		自旧档汇入	2023-07-05T08:47:08+08:00
上海县·莘庄	芒		mɑ̃²		maon2		自旧档汇入	2023-07-05T08:47:08+08:00
上海县·莘庄	網		mɑ̃⁶		maon6		自旧档汇入	2023-07-05T08:47:08+08:00
上海县·莘庄	盲		mã²		man2		自旧档汇入	2023-07-05T08:47:08+08:00
上海县·莘庄	亡		βɑ̃²		vaon2		自旧档汇入	2023-07-05T08:47:08+08:00
上海县·莘庄	梦		mɑ̃⁶		maon6		自旧档汇入	2023-07-05T08:47:08+08:00
上海县·莘庄	忘		mɑ̃⁶		maon6		自旧档汇入	2023-07-05T08:47:08+08:00
上海县·莘庄	妄		mɑ̃⁶		maon6		自旧档汇入	2023-07-05T08:47:08+08:00
上海县·莘庄	望		mɑ̃⁶		maon6		自旧档汇入	2023-07-05T08:47:08+08:00
上海县·莘庄	每		mi¹		mi1		自旧档汇入	2023-07-05T08:47:08+08:00
上海县·莘庄	梅		mi²		mi2		自旧档汇入	2023-07-05T08:47:08+08:00
上海县·莘庄	枚		mi²		mi2		自旧档汇入	2023-07-05T08:47:08+08:00
上海县·莘庄	媒		mi²		mi2		自旧档汇入	2023-07-05T08:47:08+08:00
上海县·莘庄	煤		mi²		mi2		自旧档汇入	2023-07-05T08:47:08+08:00
上海县·莘庄	瞒		me²		me2		自旧档汇入	2023-07-05T08:47:08+08:00
上海县·莘庄	馒		me²		me2		自旧档汇入	2023-07-05T08:47:08+08:00
上海县·莘庄	满		me⁶		me6		自旧档汇入	2023-07-05T08:47:08+08:00
上海县·莘庄	美		mi³		mi3		自旧档汇入	2023-07-05T08:47:08+08:00
上海县·莘庄	妹		mi⁶		mi6		自旧档汇入	2023-07-05T08:47:08+08:00
上海县·莘庄	漫		mɛ⁶		mae6		自旧档汇入	2023-07-05T08:47:08+08:00
上海县·莘庄	闷		məŋ⁶		men6		自旧档汇入	2023-07-05T08:47:08+08:00
上海县·莘庄	门		məŋ²		men2		自旧档汇入	2023-07-05T08:47:08+08:00
上海县·莘庄	盟		məŋ²		men2		自旧档汇入	2023-07-05T08:47:08+08:00
上海县·莘庄	蚊		məŋ²		men2		自旧档汇入	2023-07-05T08:47:08+08:00
上海县·莘庄	闻		məŋ²		men2		自旧档汇入	2023-07-05T08:47:08+08:00
上海县·莘庄	问		məŋ⁶		men6		自旧档汇入	2023-07-05T08:47:08+08:00
上海县·莘庄	蚊		βəŋ²		ven2		自旧档汇入	2023-07-05T08:47:08+08:00
上海县·莘庄	闻		βəŋ²		ven2		自旧档汇入	2023-07-05T08:47:08+08:00
上海县·莘庄	问		βəŋ⁶		ven6		自旧档汇入	2023-07-05T08:47:08+08:00
上海县·莘庄	萌		məŋ²		men2		自旧档汇入	2023-07-05T08:47:08+08:00
上海县·莘庄	没		məʔ⁷		meq7		自旧档汇入	2023-07-05T08:47:08+08:00
上海县·莘庄	抹	（~布）	məʔ⁸		meq8		自旧档汇入	2023-07-05T08:47:08+08:00
上海县·莘庄	末		məʔ⁸		meq8		自旧档汇入	2023-07-05T08:47:08+08:00
上海县·莘庄	抹		məʔ⁸		meq8		自旧档汇入	2023-07-05T08:47:08+08:00
上海县·莘庄	物		βəʔ⁸		veq8		自旧档汇入	2023-07-05T08:47:08+08:00
上海县·莘庄	物		məʔ⁸		meq8		自旧档汇入	2023-07-05T08:47:08+08:00
上海县·莘庄	蛮		mɛ²		mae2		自旧档汇入	2023-07-05T08:47:08+08:00
上海县·莘庄	迈		me⁶		me6		自旧档汇入	2023-07-05T08:47:08+08:00
上海县·莘庄	慢		mɛ⁶		mae6		自旧档汇入	2023-07-05T08:47:08+08:00
上海县·莘庄	谋		mɤ²		meu2		自旧档汇入	2023-07-05T08:47:08+08:00
上海县·莘庄	矛		mɤ²		meu2		自旧档汇入	2023-07-05T08:47:08+08:00
上海县·莘庄	某		mɤ⁶		meu6		自旧档汇入	2023-07-05T08:47:08+08:00
上海县·莘庄	茂		mɤ⁶		meu6		自旧档汇入	2023-07-05T08:47:08+08:00
上海县·莘庄	贸		mɤ⁶		meu6		自旧档汇入	2023-07-05T08:47:08+08:00
上海县·莘庄	迷		mi²		mi2		自旧档汇入	2023-07-05T08:47:08+08:00
上海县·莘庄	米		mi⁶		mi6		自旧档汇入	2023-07-05T08:47:08+08:00
上海县·莘庄	眉		mi²		mi2		自旧档汇入	2023-07-05T08:47:08+08:00
上海县·莘庄	楣		mi²		mi2		自旧档汇入	2023-07-05T08:47:08+08:00
上海县·莘庄	媚		mi⁶		mi6		自旧档汇入	2023-07-05T08:47:08+08:00
上海县·莘庄	绵		mi²		mi2		自旧档汇入	2023-07-05T08:47:08+08:00
上海县·莘庄	棉		mi²		mi2		自旧档汇入	2023-07-05T08:47:08+08:00
上海县·莘庄	免		mi⁶		mi6		自旧档汇入	2023-07-05T08:47:08+08:00
上海县·莘庄	眠		mi²		mi2		自旧档汇入	2023-07-05T08:47:08+08:00
上海县·莘庄	勉		mi⁶		mi6		自旧档汇入	2023-07-05T08:47:08+08:00
上海县·莘庄	缅		mi⁶		mi6		自旧档汇入	2023-07-05T08:47:08+08:00
上海县·莘庄	面		mi⁶		mi6		自旧档汇入	2023-07-05T08:47:08+08:00
上海县·莘庄	谜		mi²		mi2		自旧档汇入	2023-07-05T08:47:08+08:00
上海县·莘庄	灭		miɪʔ⁸		miq8		自旧档汇入	2023-07-05T08:47:08+08:00
上海县·莘庄	篾		miɪʔ⁸		miq8		自旧档汇入	2023-07-05T08:47:08+08:00
上海县·莘庄	密		miɪʔ⁸		miq8		自旧档汇入	2023-07-05T08:47:08+08:00
上海县·莘庄	蜜		miɪʔ⁸		miq8		自旧档汇入	2023-07-05T08:47:08+08:00
上海县·莘庄	觅		miɪʔ⁸		miq8		自旧档汇入	2023-07-05T08:47:08+08:00
上海县·莘庄	鸣		miŋ¹		min1		自旧档汇入	2023-07-05T08:47:08+08:00
上海县·莘庄	闽		miŋ¹		min1		自旧档汇入	2023-07-05T08:47:08+08:00
上海县·莘庄	民		miŋ²		min2		自旧档汇入	2023-07-05T08:47:08+08:00
上海县·莘庄	敏		miŋ³		min3		自旧档汇入	2023-07-05T08:47:08+08:00
上海县·莘庄	明		miŋ²		min2		自旧档汇入	2023-07-05T08:47:08+08:00
上海县·莘庄	名		miŋ²		min2		自旧档汇入	2023-07-05T08:47:08+08:00
上海县·莘庄	铭		miŋ²		min2		自旧档汇入	2023-07-05T08:47:08+08:00
上海县·莘庄	命		miŋ⁶		min6		自旧档汇入	2023-07-05T08:47:08+08:00
上海县·莘庄	苗		miɔ²		miau2		自旧档汇入	2023-07-05T08:47:08+08:00
上海县·莘庄	描		miɔ²		miau2		自旧档汇入	2023-07-05T08:47:08+08:00
上海县·莘庄	渺		miɔ⁶		miau6		自旧档汇入	2023-07-05T08:47:08+08:00
上海县·莘庄	秒		miɔ⁶		miau6		自旧档汇入	2023-07-05T08:47:08+08:00
上海县·莘庄	庙		miɔ⁶		miau6		自旧档汇入	2023-07-05T08:47:08+08:00
上海县·莘庄	妙		miɔ⁶		miau6		自旧档汇入	2023-07-05T08:47:08+08:00
上海县·莘庄	谬		miɔ⁶		miau6		自旧档汇入	2023-07-05T08:47:08+08:00
上海县·莘庄	麻		mo²		mo2		自旧档汇入	2023-07-05T08:47:08+08:00
上海县·莘庄	马		mo⁶		mo6		自旧档汇入	2023-07-05T08:47:08+08:00
上海县·莘庄	码		mo⁶		mo6		自旧档汇入	2023-07-05T08:47:08+08:00
上海县·莘庄	骂		mo⁶		mo6		自旧档汇入	2023-07-05T08:47:08+08:00
上海县·莘庄	蒙		moŋ²		mon2		自旧档汇入	2023-07-05T08:47:08+08:00
上海县·莘庄	莫		moʔ⁸		moq8		自旧档汇入	2023-07-05T08:47:08+08:00
上海县·莘庄	摸		moʔ⁸		moq8		自旧档汇入	2023-07-05T08:47:08+08:00
上海县·莘庄	木		ɦyoŋ²		ghyon2		自旧档汇入	2023-07-05T08:47:08+08:00
上海县·莘庄	目		mɔʔ⁸		maoq8		自旧档汇入	2023-07-05T08:47:08+08:00
上海县·莘庄	牧		mɔʔ⁷		maoq7		自旧档汇入	2023-07-05T08:47:08+08:00
上海县·莘庄	毛		mɔ²		mau2		自旧档汇入	2023-07-05T08:47:08+08:00
上海县·莘庄	茅		mɔ²		mau2		自旧档汇入	2023-07-05T08:47:08+08:00
上海县·莘庄	锚		mɔ²		mau2		自旧档汇入	2023-07-05T08:47:08+08:00
上海县·莘庄	卯		mɔ⁶		mau6		自旧档汇入	2023-07-05T08:47:08+08:00
上海县·莘庄	猫		mɔ²		mau2		自旧档汇入	2023-07-05T08:47:08+08:00
上海县·莘庄	冒		mɔ⁶		mau6		自旧档汇入	2023-07-05T08:47:08+08:00
上海县·莘庄	帽		mɔ⁶		mau6		自旧档汇入	2023-07-05T08:47:08+08:00
上海县·莘庄	貌		mɔ⁶		mau6		自旧档汇入	2023-07-05T08:47:08+08:00
上海县·莘庄	魔		mo²		mo2		自旧档汇入	2023-07-05T08:47:08+08:00
上海县·莘庄	磨		mo²		mo2		自旧档汇入	2023-07-05T08:47:08+08:00
上海县·莘庄	摩		mo²		mo2		自旧档汇入	2023-07-05T08:47:08+08:00
上海县·莘庄	模		mo²		mo2		自旧档汇入	2023-07-05T08:47:08+08:00
上海县·莘庄	摹		mo²		mo2		自旧档汇入	2023-07-05T08:47:08+08:00
上海县·莘庄	暮		mo⁶		mo6		自旧档汇入	2023-07-05T08:47:08+08:00
上海县·莘庄	慕		mo⁶		mo6		自旧档汇入	2023-07-05T08:47:08+08:00
上海县·莘庄	墓		mo⁶		mo6		自旧档汇入	2023-07-05T08:47:08+08:00
上海县·莘庄	募		mo⁶		mo6		自旧档汇入	2023-07-05T08:47:08+08:00
上海县·莘庄	母		mu³		mu3		自旧档汇入	2023-07-05T08:47:08+08:00
上海县·莘庄	拇		mu³		mu3		自旧档汇入	2023-07-05T08:47:08+08:00
上海县·莘庄	幕		mu⁶		mu6		自旧档汇入	2023-07-05T08:47:08+08:00
上海县·莘庄	墨		mʌʔ⁸		meoq8		自旧档汇入	2023-07-05T08:47:08+08:00
上海县·莘庄	默		mʌʔ⁸		meoq8		自旧档汇入	2023-07-05T08:47:08+08:00
上海县·莘庄	捺		næʔ⁸		naeq8		自旧档汇入	2023-07-05T08:47:08+08:00
上海县·莘庄	奶		nᴀ³		na3		自旧档汇入	2023-07-05T08:47:08+08:00
上海县·莘庄	奶		nᴀ⁶		na6		自旧档汇入	2023-07-05T08:47:08+08:00
上海县·莘庄	乃		ne³		ne3		自旧档汇入	2023-07-05T08:47:08+08:00
上海县·莘庄	奈		ne⁶		ne6		自旧档汇入	2023-07-05T08:47:08+08:00
上海县·莘庄	南		ne²		ne2		自旧档汇入	2023-07-05T08:47:08+08:00
上海县·莘庄	男		ne²		ne2		自旧档汇入	2023-07-05T08:47:08+08:00
上海县·莘庄	耐		ne⁶		ne6		自旧档汇入	2023-07-05T08:47:08+08:00
上海县·莘庄	内		ne⁶		ne6		自旧档汇入	2023-07-05T08:47:08+08:00
上海县·莘庄	能		nəŋ²		nen2		自旧档汇入	2023-07-05T08:47:08+08:00
上海县·莘庄	嫩		nəŋ⁶		nen6		自旧档汇入	2023-07-05T08:47:08+08:00
上海县·莘庄	纳		nəʔ⁸		neq8		自旧档汇入	2023-07-05T08:47:08+08:00
上海县·莘庄	难	（~易）	nɛ²		nae2		自旧档汇入	2023-07-05T08:47:08+08:00
上海县·莘庄	难	（患~）	nɛ⁶		nae6		自旧档汇入	2023-07-05T08:47:08+08:00
上海县·莘庄	暖		nø⁶		noe6		自旧档汇入	2023-07-05T08:47:08+08:00
上海县·莘庄	农		ɦyoŋ²		ghyon2		自旧档汇入	2023-07-05T08:47:08+08:00
上海县·莘庄	侬		noŋ⁶		non6		自旧档汇入	2023-07-05T08:47:08+08:00
上海县·莘庄	拿		nɛ¹		nae1		自旧档汇入	2023-07-05T08:47:08+08:00
上海县·莘庄	拿		no¹		no1		自旧档汇入	2023-07-05T08:47:08+08:00
上海县·莘庄	脑		nɔ⁶		nau6		自旧档汇入	2023-07-05T08:47:08+08:00
上海县·莘庄	恼		nɔ⁶		nau6		自旧档汇入	2023-07-05T08:47:08+08:00
上海县·莘庄	闹		nɔ⁶		nau6		自旧档汇入	2023-07-05T08:47:08+08:00
上海县·莘庄	诺		nɔʔ⁸		naoq8		自旧档汇入	2023-07-05T08:47:08+08:00
上海县·莘庄	奴		nu²		nu2		自旧档汇入	2023-07-05T08:47:08+08:00
上海县·莘庄	努		nu¹		nu1		自旧档汇入	2023-07-05T08:47:08+08:00
上海县·莘庄	糯		nu⁶		nu6		自旧档汇入	2023-07-05T08:47:08+08:00
上海县·莘庄	怒		nu¹		nu1		自旧档汇入	2023-07-05T08:47:08+08:00
上海县·莘庄	逆		ɲiəʔ⁸		gnieq8		自旧档汇入	2023-07-05T08:47:08+08:00
上海县·莘庄	玉		ɲyoʔ⁸		gnyoq8		自旧档汇入	2023-07-05T08:47:08+08:00
上海县·莘庄	你		ɲi³		gni3		自旧档汇入	2023-07-05T08:47:08+08:00
上海县·莘庄	黏		ɲi¹		gni1		自旧档汇入	2023-07-05T08:47:08+08:00
上海县·莘庄	研		ɲi¹		gni1		自旧档汇入	2023-07-05T08:47:08+08:00
上海县·莘庄	泥		ɲi²		gni2		自旧档汇入	2023-07-05T08:47:08+08:00
上海县·莘庄	倪		ɲi²		gni2		自旧档汇入	2023-07-05T08:47:08+08:00
上海县·莘庄	宜		ɲi²		gni2		自旧档汇入	2023-07-05T08:47:08+08:00
上海县·莘庄	仪		ɲi²		gni2		自旧档汇入	2023-07-05T08:47:08+08:00
上海县·莘庄	蚁		ɲi⁶		gni6		自旧档汇入	2023-07-05T08:47:08+08:00
上海县·莘庄	谊		ɲi⁵		gni5		自旧档汇入	2023-07-05T08:47:08+08:00
上海县·莘庄	议		ɲi⁵		gni5		自旧档汇入	2023-07-05T08:47:08+08:00
上海县·莘庄	尼		ɲi²		gni2		自旧档汇入	2023-07-05T08:47:08+08:00
上海县·莘庄	疑		ɲi²		gni2		自旧档汇入	2023-07-05T08:47:08+08:00
上海县·莘庄	拟		ɲi⁶		gni6		自旧档汇入	2023-07-05T08:47:08+08:00
上海县·莘庄	毅		ɲi⁶		gni6		自旧档汇入	2023-07-05T08:47:08+08:00
上海县·莘庄	阎		ɲi²		gni2		自旧档汇入	2023-07-05T08:47:08+08:00
上海县·莘庄	严		ɲi²		gni2		自旧档汇入	2023-07-05T08:47:08+08:00
上海县·莘庄	拈		ɲi¹		gni1		自旧档汇入	2023-07-05T08:47:08+08:00
上海县·莘庄	谚		ɦiɛ⁶		ghiae6		自旧档汇入	2023-07-05T08:47:08+08:00
上海县·莘庄	年		ɲi²		gni2		自旧档汇入	2023-07-05T08:47:08+08:00
上海县·莘庄	儿		ŋ̍⁶		ng6		自旧档汇入	2023-07-05T08:47:08+08:00
上海县·莘庄	儿		l̩³		er3		自旧档汇入	2023-07-05T08:47:08+08:00
上海县·莘庄	染		ɲi⁶		gni6		自旧档汇入	2023-07-05T08:47:08+08:00
上海县·莘庄	艺		ɲi⁶		gni6		自旧档汇入	2023-07-05T08:47:08+08:00
上海县·莘庄	义		ɲi⁵		gni5		自旧档汇入	2023-07-05T08:47:08+08:00
上海县·莘庄	腻		ɲi⁶		gni6		自旧档汇入	2023-07-05T08:47:08+08:00
上海县·莘庄	验		ɲi⁶		gni6		自旧档汇入	2023-07-05T08:47:08+08:00
上海县·莘庄	砚		ɲi⁶		gni6		自旧档汇入	2023-07-05T08:47:08+08:00
上海县·莘庄	耳		l̩⁵		er5		自旧档汇入	2023-07-05T08:47:08+08:00
上海县·莘庄	二		ɲi⁶		gni6		自旧档汇入	2023-07-05T08:47:08+08:00
上海县·莘庄	耳		ɲi⁶		gni6		自旧档汇入	2023-07-05T08:47:08+08:00
上海县·莘庄	二		l̩⁶		er6		自旧档汇入	2023-07-05T08:47:08+08:00
上海县·莘庄	娘		ɲiã²		gnian2		自旧档汇入	2023-07-05T08:47:08+08:00
上海县·莘庄	瓤		ɲiã²		gnian2		自旧档汇入	2023-07-05T08:47:08+08:00
上海县·莘庄	壤		ɲiã⁶		gnian6		自旧档汇入	2023-07-05T08:47:08+08:00
上海县·莘庄	釀		ɲiã¹		gnian1		自旧档汇入	2023-07-05T08:47:08+08:00
上海县·莘庄	让		ɲiã⁶		gnian6		自旧档汇入	2023-07-05T08:47:08+08:00
上海县·莘庄	捏		ɲiæʔ⁸		gniaeq8		自旧档汇入	2023-07-05T08:47:08+08:00
上海县·莘庄	虐		ɲiᴀʔ⁸		gniaq8		自旧档汇入	2023-07-05T08:47:08+08:00
上海县·莘庄	疟		ɲiᴀʔ⁸		gniaq8		自旧档汇入	2023-07-05T08:47:08+08:00
上海县·莘庄	念		ɲiɛ⁶		gniae6		自旧档汇入	2023-07-05T08:47:08+08:00
上海县·莘庄	扭		ɲiɤ⁶		gnieu6		自旧档汇入	2023-07-05T08:47:08+08:00
上海县·莘庄	牛		ɲiɤ²		gnieu2		自旧档汇入	2023-07-05T08:47:08+08:00
上海县·莘庄	纽		ɲiɤ⁶		gnieu6		自旧档汇入	2023-07-05T08:47:08+08:00
上海县·莘庄	聂		ɲiɪʔ⁸		gniq8		自旧档汇入	2023-07-05T08:47:08+08:00
上海县·莘庄	镊		ɲiɪʔ⁸		gniq8		自旧档汇入	2023-07-05T08:47:08+08:00
上海县·莘庄	业		ɲiɪʔ⁸		gniq8		自旧档汇入	2023-07-05T08:47:08+08:00
上海县·莘庄	热		ɲiɪʔ⁸		gniq8		自旧档汇入	2023-07-05T08:47:08+08:00
上海县·莘庄	孽		ɲiɪʔ⁸		gniq8		自旧档汇入	2023-07-05T08:47:08+08:00
上海县·莘庄	日		ɲiɪʔ⁸		gniq8		自旧档汇入	2023-07-05T08:47:08+08:00
上海县·莘庄	日		zəʔ⁸		zeq8		自旧档汇入	2023-07-05T08:47:08+08:00
上海县·莘庄	壬		ɲiŋ²		gnin2		自旧档汇入	2023-07-05T08:47:08+08:00
上海县·莘庄	银		ɲiŋ²		gnin2		自旧档汇入	2023-07-05T08:47:08+08:00
上海县·莘庄	凝		ɲiŋ²		gnin2		自旧档汇入	2023-07-05T08:47:08+08:00
上海县·莘庄	宁	（安～）	ɲiŋ²		gnin2		自旧档汇入	2023-07-05T08:47:08+08:00
上海县·莘庄	宁	（～可）	ɲiŋ²		gnin2		自旧档汇入	2023-07-05T08:47:08+08:00
上海县·莘庄	人		ɲiŋ²		gnin2		自旧档汇入	2023-07-05T08:47:08+08:00
上海县·莘庄	仁		ɲiŋ²		gnin2		自旧档汇入	2023-07-05T08:47:08+08:00
上海县·莘庄	人		zəŋ²		zen2		自旧档汇入	2023-07-05T08:47:08+08:00
上海县·莘庄	仁		zəŋ²		zen2		自旧档汇入	2023-07-05T08:47:08+08:00
上海县·莘庄	忍		ɲiŋ⁶		gnin6		自旧档汇入	2023-07-05T08:47:08+08:00
上海县·莘庄	闰		ɲiŋ⁶		gnin6		自旧档汇入	2023-07-05T08:47:08+08:00
上海县·莘庄	刃		ɲiŋ⁶		gnin6		自旧档汇入	2023-07-05T08:47:08+08:00
上海县·莘庄	忍		zəŋ⁶		zen6		自旧档汇入	2023-07-05T08:47:08+08:00
上海县·莘庄	闰		zəŋ⁶		zen6		自旧档汇入	2023-07-05T08:47:08+08:00
上海县·莘庄	刃		zəŋ⁶		zen6		自旧档汇入	2023-07-05T08:47:08+08:00
上海县·莘庄	绒		ɦyoŋ²		ghyon2		自旧档汇入	2023-07-05T08:47:08+08:00
上海县·莘庄	浓		ɦyoŋ²		ghyon2		自旧档汇入	2023-07-05T08:47:08+08:00
上海县·莘庄	肉		ɦyoŋ²		ghyon2		自旧档汇入	2023-07-05T08:47:08+08:00
上海县·莘庄	褥		ɲyoʔ⁸		gnyoq8		自旧档汇入	2023-07-05T08:47:08+08:00
上海县·莘庄	绕		ɲiɔ⁶		gniau6		自旧档汇入	2023-07-05T08:47:08+08:00
上海县·莘庄	褥		zoʔ⁸		zoq8		自旧档汇入	2023-07-05T08:47:08+08:00
上海县·莘庄	绕		zɔ⁶		zau6		自旧档汇入	2023-07-05T08:47:08+08:00
上海县·莘庄	饶		ɲiɔ²		gniau2		自旧档汇入	2023-07-05T08:47:08+08:00
上海县·莘庄	尿		ɲiɔ⁵		gniau5		自旧档汇入	2023-07-05T08:47:08+08:00
上海县·莘庄	任	姓	ɲiŋ²		gnin2		自旧档汇入	2023-07-05T08:47:08+08:00
上海县·莘庄	任		zəŋ²		zen2		自旧档汇入	2023-07-05T08:47:08+08:00
上海县·莘庄	迎		ɲiŋ²		gnin2		自旧档汇入	2023-07-05T08:47:08+08:00
上海县·莘庄	认		ɲiŋ⁶		gnin6		自旧档汇入	2023-07-05T08:47:08+08:00
上海县·莘庄	认		zəŋ⁶		zen6		自旧档汇入	2023-07-05T08:47:08+08:00
上海县·莘庄	匿		ɲiᴀʔ⁸		gniaq8		自旧档汇入	2023-07-05T08:47:08+08:00
上海县·莘庄	女		ɲy⁶		gniu6		自旧档汇入	2023-07-05T08:47:08+08:00
上海县·莘庄	语		ɲy⁶		gniu6		自旧档汇入	2023-07-05T08:47:08+08:00
上海县·莘庄	御		ɲy⁶		gniu6		自旧档汇入	2023-07-05T08:47:08+08:00
上海县·莘庄	愚		ɲy²		gniu2		自旧档汇入	2023-07-05T08:47:08+08:00
上海县·莘庄	虞		ɲy²		gniu2		自旧档汇入	2023-07-05T08:47:08+08:00
上海县·莘庄	娱		ɲy²		gniu2		自旧档汇入	2023-07-05T08:47:08+08:00
上海县·莘庄	寓		ɲy⁶		gniu6		自旧档汇入	2023-07-05T08:47:08+08:00
上海县·莘庄	软		ɲyø⁶		gnioe6		自旧档汇入	2023-07-05T08:47:08+08:00
上海县·莘庄	原		ɲyø		gnyoe		自旧档汇入	2023-07-05T08:47:08+08:00
上海县·莘庄	源		ɲyø		gnyoe		自旧档汇入	2023-07-05T08:47:08+08:00
上海县·莘庄	元		ɦyø		ghyoe		自旧档汇入	2023-07-05T08:47:08+08:00
上海县·莘庄	愿		ɲyø⁶		gnioe6		自旧档汇入	2023-07-05T08:47:08+08:00
上海县·莘庄	月		ɦyəʔ⁸		ghyeq8		自旧档汇入	2023-07-05T08:47:08+08:00
上海县·莘庄	鱼		ŋ̍²		ng2		自旧档汇入	2023-07-05T08:47:08+08:00
上海县·莘庄	五		ŋ̍⁶		ng6		自旧档汇入	2023-07-05T08:47:08+08:00
上海县·莘庄	吴		ŋ̍²		ng2		自旧档汇入	2023-07-05T08:47:08+08:00
上海县·莘庄	午		ŋ̍⁶		ng6		自旧档汇入	2023-07-05T08:47:08+08:00
上海县·莘庄	月		ɲyəʔ⁸		gniuq8		自旧档汇入	2023-07-05T08:47:08+08:00
上海县·莘庄	鱼		ɦy²		ghiu2		自旧档汇入	2023-07-05T08:47:08+08:00
上海县·莘庄	五		u¹		u1		自旧档汇入	2023-07-05T08:47:08+08:00
上海县·莘庄	吴		βu²		vu2		自旧档汇入	2023-07-05T08:47:08+08:00
上海县·莘庄	午		βu⁶		vu6		自旧档汇入	2023-07-05T08:47:08+08:00
上海县·莘庄	硬		ŋã⁶		ngan6		自旧档汇入	2023-07-05T08:47:08+08:00
上海县·莘庄	牙		ŋᴀ²		nga2		自旧档汇入	2023-07-05T08:47:08+08:00
上海县·莘庄	芽		ŋᴀ²		nga2		自旧档汇入	2023-07-05T08:47:08+08:00
上海县·莘庄	衙		ŋᴀ²		nga2		自旧档汇入	2023-07-05T08:47:08+08:00
上海县·莘庄	外		ŋᴀ⁶		nga6		自旧档汇入	2023-07-05T08:47:08+08:00
上海县·莘庄	额		ŋᴀʔ⁸		ngaq8		自旧档汇入	2023-07-05T08:47:08+08:00
上海县·莘庄	呆	（~板）	ŋe²		nge2		自旧档汇入	2023-07-05T08:47:08+08:00
上海县·莘庄	艾		ŋe⁶		nge6		自旧档汇入	2023-07-05T08:47:08+08:00
上海县·莘庄	杌		ŋəʔ⁸		ngeq8		自旧档汇入	2023-07-05T08:47:08+08:00
上海县·莘庄	扼		ŋəʔ⁸		ngeq8		自旧档汇入	2023-07-05T08:47:08+08:00
上海县·莘庄	核		ɦəʔ⁸		gheq8		自旧档汇入	2023-07-05T08:47:08+08:00
上海县·莘庄	核	（桃~）	βəʔ⁸		veq8		自旧档汇入	2023-07-05T08:47:08+08:00
上海县·莘庄	核		ŋəʔ⁸		ngeq8		自旧档汇入	2023-07-05T08:47:08+08:00
上海县·莘庄	岩		ŋe¹		nge1		自旧档汇入	2023-07-05T08:47:08+08:00
上海县·莘庄	眼		ŋɛ⁶		ngae6		自旧档汇入	2023-07-05T08:47:08+08:00
上海县·莘庄	衔		ɦɛ²		ghae2		自旧档汇入	2023-07-05T08:47:08+08:00
上海县·莘庄	颜		ŋɛ²		ngae2		自旧档汇入	2023-07-05T08:47:08+08:00
上海县·莘庄	雁		ŋɛ⁶		ngae6		自旧档汇入	2023-07-05T08:47:08+08:00
上海县·莘庄	雁		ɦiɛ⁶		ghiae6		自旧档汇入	2023-07-05T08:47:08+08:00
上海县·莘庄	藕		ŋɤ⁶		ngeu6		自旧档汇入	2023-07-05T08:47:08+08:00
上海县·莘庄	偶		ŋɤ⁶		ngeu6		自旧档汇入	2023-07-05T08:47:08+08:00
上海县·莘庄	瓦		ŋɔ⁶		ngau6		自旧档汇入	2023-07-05T08:47:08+08:00
上海县·莘庄	熬		ŋɔ²		ngau2		自旧档汇入	2023-07-05T08:47:08+08:00
上海县·莘庄	傲		ŋɔ⁶		ngau6		自旧档汇入	2023-07-05T08:47:08+08:00
上海县·莘庄	咬		ŋɔ⁶		ngau6		自旧档汇入	2023-07-05T08:47:08+08:00
上海县·莘庄	鹤		ŋɔʔ⁸		ngaoq8		自旧档汇入	2023-07-05T08:47:08+08:00
上海县·莘庄	岳		ŋɔʔ⁸		ngaoq8		自旧档汇入	2023-07-05T08:47:08+08:00
上海县·莘庄	蛾		ŋu²		ngu2		自旧档汇入	2023-07-05T08:47:08+08:00
上海县·莘庄	鹅		ŋu²		ngu2		自旧档汇入	2023-07-05T08:47:08+08:00
上海县·莘庄	俄		ŋu²		ngu2		自旧档汇入	2023-07-05T08:47:08+08:00
上海县·莘庄	吾		βu²		vu2		自旧档汇入	2023-07-05T08:47:08+08:00
上海县·莘庄	梧		βu²		vu2		自旧档汇入	2023-07-05T08:47:08+08:00
上海县·莘庄	饿		ŋu⁶		ngu6		自旧档汇入	2023-07-05T08:47:08+08:00
上海县·莘庄	卧		ŋu⁶		ngu6		自旧档汇入	2023-07-05T08:47:08+08:00
上海县·莘庄	误		ŋu⁶		ngu6		自旧档汇入	2023-07-05T08:47:08+08:00
上海县·莘庄	悟		ŋu⁶		ngu6		自旧档汇入	2023-07-05T08:47:08+08:00
上海县·莘庄	魏		ue⁵		ue5		自旧档汇入	2023-07-05T08:47:08+08:00
上海县·莘庄	安		ø¹		oe1		自旧档汇入	2023-07-05T08:47:08+08:00
上海县·莘庄	鞍		ø¹		oe1		自旧档汇入	2023-07-05T08:47:08+08:00
上海县·莘庄	按		ø¹		oe1		自旧档汇入	2023-07-05T08:47:08+08:00
上海县·莘庄	案		ø⁵		oe5		自旧档汇入	2023-07-05T08:47:08+08:00
上海县·莘庄	翁		oŋ¹		on1		自旧档汇入	2023-07-05T08:47:08+08:00
上海县·莘庄	屋		oʔ⁷		oq7		自旧档汇入	2023-07-05T08:47:08+08:00
上海县·莘庄	丫		o¹		o1		自旧档汇入	2023-07-05T08:47:08+08:00
上海县·莘庄	桠		o¹		o1		自旧档汇入	2023-07-05T08:47:08+08:00
上海县·莘庄	鸦		iᴀ¹		ia1		自旧档汇入	2023-07-05T08:47:08+08:00
上海县·莘庄	哑		ɔ³		au3		自旧档汇入	2023-07-05T08:47:08+08:00
上海县·莘庄	袄		ɔ¹		au1		自旧档汇入	2023-07-05T08:47:08+08:00
上海县·莘庄	懊	（~恼）	ɔ³		au3		自旧档汇入	2023-07-05T08:47:08+08:00
上海县·莘庄	懊	（~悔）	ɔ³		au3		自旧档汇入	2023-07-05T08:47:08+08:00
上海县·莘庄	奥		ɔ³		au3		自旧档汇入	2023-07-05T08:47:08+08:00
上海县·莘庄	恶	（善~）	ɔʔ⁷		aoq7		自旧档汇入	2023-07-05T08:47:08+08:00
上海县·莘庄	背		ɓi⁵		pi5		自旧档汇入	2023-07-05T08:47:08+08:00
上海县·莘庄	派		pʰᴀ⁵		pha5		自旧档汇入	2023-07-05T08:47:08+08:00
上海县·莘庄	迫		pʰᴀʔ⁷		phaq⁷		自旧档汇入	2023-07-05T08:47:08+08:00
上海县·莘庄	拍		pʰᴀʔ⁷		phaq⁷		自旧档汇入	2023-07-05T08:47:08+08:00
上海县·莘庄	胖		pʰɑ̃⁵		phaon5		自旧档汇入	2023-07-05T08:47:08+08:00
上海县·莘庄	丕		pʰe¹		phe1		自旧档汇入	2023-07-05T08:47:08+08:00
上海县·莘庄	潘		pʰe¹		phe1		自旧档汇入	2023-07-05T08:47:08+08:00
上海县·莘庄	胚	（~胎）	pʰe¹		phe1		自旧档汇入	2023-07-05T08:47:08+08:00
上海县·莘庄	拼	（~命）	pʰiŋ¹		phin1		自旧档汇入	2023-07-05T08:47:08+08:00
上海县·莘庄	沛		pʰi⁵		phi5		自旧档汇入	2023-07-05T08:47:08+08:00
上海县·莘庄	配		pʰe⁵		phe5		自旧档汇入	2023-07-05T08:47:08+08:00
上海县·莘庄	剖		pʰu⁵		phu5		自旧档汇入	2023-07-05T08:47:08+08:00
上海县·莘庄	判		pʰe⁵		phe5		自旧档汇入	2023-07-05T08:47:08+08:00
上海县·莘庄	喷		pʰəŋ¹		phen1		自旧档汇入	2023-07-05T08:47:08+08:00
上海县·莘庄	泼		pʰəʔ⁷		pheq7		自旧档汇入	2023-07-05T08:47:08+08:00
上海县·莘庄	泊		pʰᴀʔ⁷		phaq⁷		自旧档汇入	2023-07-05T08:47:08+08:00
上海县·莘庄	魄		pʰᴀʔ⁷		phaq⁷		自旧档汇入	2023-07-05T08:47:08+08:00
上海县·莘庄	盼		pʰɛ⁵		phae5		自旧档汇入	2023-07-05T08:47:08+08:00
上海县·莘庄	襻		pʰɛ⁵		phae5		自旧档汇入	2023-07-05T08:47:08+08:00
上海县·莘庄	批		pʰi¹		phi1		自旧档汇入	2023-07-05T08:47:08+08:00
上海县·莘庄	披		pʰi¹		phi1		自旧档汇入	2023-07-05T08:47:08+08:00
上海县·莘庄	屁		pʰi⁵		phi5		自旧档汇入	2023-07-05T08:47:08+08:00
上海县·莘庄	骗		pʰi⁵		phi5		自旧档汇入	2023-07-05T08:47:08+08:00
上海县·莘庄	片		pʰi⁵		phi5		自旧档汇入	2023-07-05T08:47:08+08:00
上海县·莘庄	撇		pʰiɪʔ⁷		phiq7		自旧档汇入	2023-07-05T08:47:08+08:00
上海县·莘庄	匹		pʰiəʔ⁷		phieq7		自旧档汇入	2023-07-05T08:47:08+08:00
上海县·莘庄	僻		ɸɑ̃¹		faon1		自旧档汇入	2023-07-05T08:47:08+08:00
上海县·莘庄	闢		pʰiɪʔ⁷		phiq7		自旧档汇入	2023-07-05T08:47:08+08:00
上海县·莘庄	劈		ɸɑ̃¹		faon1		自旧档汇入	2023-07-05T08:47:08+08:00
上海县·莘庄	品		pʰiŋ³		phin3		自旧档汇入	2023-07-05T08:47:08+08:00
上海县·莘庄	聘		ɸɑ̃¹		faon1		自旧档汇入	2023-07-05T08:47:08+08:00
上海县·莘庄	姘		pʰiŋ¹		phin1		自旧档汇入	2023-07-05T08:47:08+08:00
上海县·莘庄	拼		pʰiŋ¹		phin1		自旧档汇入	2023-07-05T08:47:08+08:00
上海县·莘庄	飘		pʰiɔ¹		phiau1		自旧档汇入	2023-07-05T08:47:08+08:00
上海县·莘庄	漂		ɓiɔ³		piau3		自旧档汇入	2023-07-05T08:47:08+08:00
上海县·莘庄	票		pʰiɔ⁵		phiau5		自旧档汇入	2023-07-05T08:47:08+08:00
上海县·莘庄	漂	（~亮）	pʰiɔ⁵		phiau5		自旧档汇入	2023-07-05T08:47:08+08:00
上海县·莘庄	怕		pʰo⁵		pho5		自旧档汇入	2023-07-05T08:47:08+08:00
上海县·莘庄	朴		pʰɔʔ⁷		phaoq7		自旧档汇入	2023-07-05T08:47:08+08:00
上海县·莘庄	扑		pʰoʔ⁷		phoq7		自旧档汇入	2023-07-05T08:47:08+08:00
上海县·莘庄	仆		pʰoʔ⁷		phoq7		自旧档汇入	2023-07-05T08:47:08+08:00
上海县·莘庄	泡		pʰɔ⁵		phau5		自旧档汇入	2023-07-05T08:47:08+08:00
上海县·莘庄	抛		pʰɔ¹		phau1		自旧档汇入	2023-07-05T08:47:08+08:00
上海县·莘庄	炮		pʰɔ⁵		phau5		自旧档汇入	2023-07-05T08:47:08+08:00
上海县·莘庄	坡		pʰu¹		phu1		自旧档汇入	2023-07-05T08:47:08+08:00
上海县·莘庄	铺	（~设）	pʰu¹		phu1		自旧档汇入	2023-07-05T08:47:08+08:00
上海县·莘庄	普		pʰu³		phu3		自旧档汇入	2023-07-05T08:47:08+08:00
上海县·莘庄	浦		pʰu³		phu3		自旧档汇入	2023-07-05T08:47:08+08:00
上海县·莘庄	破		pʰu⁵		phu5		自旧档汇入	2023-07-05T08:47:08+08:00
上海县·莘庄	铺	（店~）	pʰu⁵		phu5		自旧档汇入	2023-07-05T08:47:08+08:00
上海县·莘庄	谱		pʰu³		phu3		自旧档汇入	2023-07-05T08:47:08+08:00
上海县·莘庄	访		ɸɑ̃³		faon3		自旧档汇入	2023-07-05T08:47:08+08:00
上海县·莘庄	法		ɸæʔ⁷		faeq7		自旧档汇入	2023-07-05T08:47:08+08:00
上海县·莘庄	豁		ɸæʔ⁷		faeq7		自旧档汇入	2023-07-05T08:47:08+08:00
上海县·莘庄	发		ɸæʔ⁷		faeq7		自旧档汇入	2023-07-05T08:47:08+08:00
上海县·莘庄	歪		ɸᵘᴀ¹		fua1		自旧档汇入	2023-07-05T08:47:08+08:00
上海县·莘庄	荒		ɸɑ̃¹		faon1		自旧档汇入	2023-07-05T08:47:08+08:00
上海县·莘庄	慌		ɸɑ̃¹		faon1		自旧档汇入	2023-07-05T08:47:08+08:00
上海县·莘庄	方		ɸɑ̃¹		faon1		自旧档汇入	2023-07-05T08:47:08+08:00
上海县·莘庄	肪		ɸɑ̃¹		faon1		自旧档汇入	2023-07-05T08:47:08+08:00
上海县·莘庄	芳		ɸɑ̃¹		faon1		自旧档汇入	2023-07-05T08:47:08+08:00
上海县·莘庄	谎		ɸɑ̃³		faon3		自旧档汇入	2023-07-05T08:47:08+08:00
上海县·莘庄	纺		ɸɑ̃³		faon3		自旧档汇入	2023-07-05T08:47:08+08:00
上海县·莘庄	仿		ɸɑ̃³		faon3		自旧档汇入	2023-07-05T08:47:08+08:00
上海县·莘庄	放		ɸɑ̃⁵		faon5		自旧档汇入	2023-07-05T08:47:08+08:00
上海县·莘庄	况		kʰuɑ̃⁵		khuaon5		自旧档汇入	2023-07-05T08:47:08+08:00
上海县·莘庄	灰		ɸi¹		fi1		自旧档汇入	2023-07-05T08:47:08+08:00
上海县·莘庄	欢		ɸe¹		fe1		自旧档汇入	2023-07-05T08:47:08+08:00
上海县·莘庄	辉		ɸi¹		fi1		自旧档汇入	2023-07-05T08:47:08+08:00
上海县·莘庄	徽		ɸi¹		fi1		自旧档汇入	2023-07-05T08:47:08+08:00
上海县·莘庄	贿		ɸi⁵		fi5		自旧档汇入	2023-07-05T08:47:08+08:00
上海县·莘庄	悔		ɸi⁵		fi5		自旧档汇入	2023-07-05T08:47:08+08:00
上海县·莘庄	晦		ɸi⁵		fi5		自旧档汇入	2023-07-05T08:47:08+08:00
上海县·莘庄	毁		ɸi⁵		fi5		自旧档汇入	2023-07-05T08:47:08+08:00
上海县·莘庄	挥		ɸi¹		fi1		自旧档汇入	2023-07-05T08:47:08+08:00
上海县·莘庄	唤		ɸe⁵		fe5		自旧档汇入	2023-07-05T08:47:08+08:00
上海县·莘庄	昏		ɸəŋ¹		fen1		自旧档汇入	2023-07-05T08:47:08+08:00
上海县·莘庄	婚		ɸəŋ¹		fen1		自旧档汇入	2023-07-05T08:47:08+08:00
上海县·莘庄	分	（~开）	ɸəŋ¹		fen1		自旧档汇入	2023-07-05T08:47:08+08:00
上海县·莘庄	纷		ɸəŋ¹		fen1		自旧档汇入	2023-07-05T08:47:08+08:00
上海县·莘庄	荤		ɸəŋ¹		fen1		自旧档汇入	2023-07-05T08:47:08+08:00
上海县·莘庄	粉		ɸəŋ³		fen3		自旧档汇入	2023-07-05T08:47:08+08:00
上海县·莘庄	粪		ɸəŋ⁵		fen5		自旧档汇入	2023-07-05T08:47:08+08:00
上海县·莘庄	奋		ɸəŋ³		fen3		自旧档汇入	2023-07-05T08:47:08+08:00
上海县·莘庄	忽		ɸəʔ⁷		feq7		自旧档汇入	2023-07-05T08:47:08+08:00
上海县·莘庄	翻		ɸɛ¹		fae1		自旧档汇入	2023-07-05T08:47:08+08:00
上海县·莘庄	番		ɸɛ¹		fae1		自旧档汇入	2023-07-05T08:47:08+08:00
上海县·莘庄	反		ɸɛ³		fae3		自旧档汇入	2023-07-05T08:47:08+08:00
上海县·莘庄	泛		ɸɛ⁵		fae5		自旧档汇入	2023-07-05T08:47:08+08:00
上海县·莘庄	贩		ɸɛ⁵		fae5		自旧档汇入	2023-07-05T08:47:08+08:00
上海县·莘庄	非		ɸi¹		fi1		自旧档汇入	2023-07-05T08:47:08+08:00
上海县·莘庄	飞		ɸi¹		fi1		自旧档汇入	2023-07-05T08:47:08+08:00
上海县·莘庄	妃		ɸi¹		fi1		自旧档汇入	2023-07-05T08:47:08+08:00
上海县·莘庄	匪		ɸi¹		fi1		自旧档汇入	2023-07-05T08:47:08+08:00
上海县·莘庄	废		ɸi⁵		fi5		自旧档汇入	2023-07-05T08:47:08+08:00
上海县·莘庄	肺		ɸi⁵		fi5		自旧档汇入	2023-07-05T08:47:08+08:00
上海县·莘庄	花		ho¹		ho1		自旧档汇入	2023-07-05T08:47:08+08:00
上海县·莘庄	化		ho⁵		ho5		自旧档汇入	2023-07-05T08:47:08+08:00
上海县·莘庄	呼		ɸu¹		fu1		自旧档汇入	2023-07-05T08:47:08+08:00
上海县·莘庄	夫		ɸu¹		fu1		自旧档汇入	2023-07-05T08:47:08+08:00
上海县·莘庄	肤		ɸu¹		fu1		自旧档汇入	2023-07-05T08:47:08+08:00
上海县·莘庄	敷		ɸu¹		fu1		自旧档汇入	2023-07-05T08:47:08+08:00
上海县·莘庄	俘		ɸu¹		fu1		自旧档汇入	2023-07-05T08:47:08+08:00
上海县·莘庄	孵		bu⁶		bu6		自旧档汇入	2023-07-05T08:47:08+08:00
上海县·莘庄	火		ɸu³		fu3		自旧档汇入	2023-07-05T08:47:08+08:00
上海县·莘庄	虎		ɸu³		fu3		自旧档汇入	2023-07-05T08:47:08+08:00
上海县·莘庄	府		ɸu⁵		fu5		自旧档汇入	2023-07-05T08:47:08+08:00
上海县·莘庄	腑		ɸu⁵		fu5		自旧档汇入	2023-07-05T08:47:08+08:00
上海县·莘庄	甫		ɸu⁵		fu5		自旧档汇入	2023-07-05T08:47:08+08:00
上海县·莘庄	斧		ɸu³		fu3		自旧档汇入	2023-07-05T08:47:08+08:00
上海县·莘庄	货		ɸu⁵		fu5		自旧档汇入	2023-07-05T08:47:08+08:00
上海县·莘庄	俯		ɸu⁵		fu5		自旧档汇入	2023-07-05T08:47:08+08:00
上海县·莘庄	付		ɸu⁵		fu5		自旧档汇入	2023-07-05T08:47:08+08:00
上海县·莘庄	赋		ɸu⁵		fu5		自旧档汇入	2023-07-05T08:47:08+08:00
上海县·莘庄	傅		ɸu⁵		fu5		自旧档汇入	2023-07-05T08:47:08+08:00
上海县·莘庄	赴		ɸu⁵		fu5		自旧档汇入	2023-07-05T08:47:08+08:00
上海县·莘庄	讣		ɸu⁵		fu5		自旧档汇入	2023-07-05T08:47:08+08:00
上海县·莘庄	富		ɸu⁵		fu5		自旧档汇入	2023-07-05T08:47:08+08:00
上海县·莘庄	副		ɸu⁵		fu5		自旧档汇入	2023-07-05T08:47:08+08:00
上海县·莘庄	生		sã¹		san1		自旧档汇入	2023-07-05T08:47:08+08:00
上海县·莘庄	生		səŋ¹		sen1		自旧档汇入	2023-07-05T08:47:08+08:00
上海县·莘庄	牲		səŋ¹		sen1		自旧档汇入	2023-07-05T08:47:08+08:00
上海县·莘庄	甥		sã¹		san1		自旧档汇入	2023-07-05T08:47:08+08:00
上海县·莘庄	省		sã³		san3		自旧档汇入	2023-07-05T08:47:08+08:00
上海县·莘庄	杀		sæʔ⁷		saeq7		自旧档汇入	2023-07-05T08:47:08+08:00
上海县·莘庄	闩		sᴀʔ⁷		saq⁷		自旧档汇入	2023-07-05T08:47:08+08:00
上海县·莘庄	筛		sᴀ¹		sa1		自旧档汇入	2023-07-05T08:47:08+08:00
上海县·莘庄	洒		sᴀ³		sa3		自旧档汇入	2023-07-05T08:47:08+08:00
上海县·莘庄	洒		sᴀ³		sa3		自旧档汇入	2023-07-05T08:47:08+08:00
上海县·莘庄	栅		sᴀʔ⁷		saq⁷		自旧档汇入	2023-07-05T08:47:08+08:00
上海县·莘庄	湿		səʔ⁷		seq7		自旧档汇入	2023-07-05T08:47:08+08:00
上海县·莘庄	桑		sɑ̃¹		saon1		自旧档汇入	2023-07-05T08:47:08+08:00
上海县·莘庄	丧	（~事）	sɑ̃¹		saon1		自旧档汇入	2023-07-05T08:47:08+08:00
上海县·莘庄	嗓		sɑ̃¹		saon1		自旧档汇入	2023-07-05T08:47:08+08:00
上海县·莘庄	霜		sɑ̃¹		saon1		自旧档汇入	2023-07-05T08:47:08+08:00
上海县·莘庄	商		sã¹		san1		自旧档汇入	2023-07-05T08:47:08+08:00
上海县·莘庄	双		sɑ̃¹		saon1		自旧档汇入	2023-07-05T08:47:08+08:00
上海县·莘庄	伤		sɑ̃¹		saon1		自旧档汇入	2023-07-05T08:47:08+08:00
上海县·莘庄	爽		sɑ̃³		saon3		自旧档汇入	2023-07-05T08:47:08+08:00
上海县·莘庄	赏		sɑ̃³		saon3		自旧档汇入	2023-07-05T08:47:08+08:00
上海县·莘庄	丧	（~失）	sɑ̃¹		saon1		自旧档汇入	2023-07-05T08:47:08+08:00
上海县·莘庄	衰		se¹		se1		自旧档汇入	2023-07-05T08:47:08+08:00
上海县·莘庄	搧		se⁵		se5		自旧档汇入	2023-07-05T08:47:08+08:00
上海县·莘庄	陕		se³		se3		自旧档汇入	2023-07-05T08:47:08+08:00
上海县·莘庄	闪		se³		se3		自旧档汇入	2023-07-05T08:47:08+08:00
上海县·莘庄	赛		se⁵		se5		自旧档汇入	2023-07-05T08:47:08+08:00
上海县·莘庄	碎		se⁵		se5		自旧档汇入	2023-07-05T08:47:08+08:00
上海县·莘庄	扇		se⁵		se5		自旧档汇入	2023-07-05T08:47:08+08:00
上海县·莘庄	帅		se⁵		se5		自旧档汇入	2023-07-05T08:47:08+08:00
上海县·莘庄	森		səŋ¹		sen1		自旧档汇入	2023-07-05T08:47:08+08:00
上海县·莘庄	参	(人~)	səŋ¹		sen1		自旧档汇入	2023-07-05T08:47:08+08:00
上海县·莘庄	身		səŋ¹		sen1		自旧档汇入	2023-07-05T08:47:08+08:00
上海县·莘庄	申		səŋ¹		sen1		自旧档汇入	2023-07-05T08:47:08+08:00
上海县·莘庄	伸		səŋ¹		sen1		自旧档汇入	2023-07-05T08:47:08+08:00
上海县·莘庄	孙		səŋ¹		sen1		自旧档汇入	2023-07-05T08:47:08+08:00
上海县·莘庄	僧		səŋ¹		sen1		自旧档汇入	2023-07-05T08:47:08+08:00
上海县·莘庄	升		səŋ¹		sen1		自旧档汇入	2023-07-05T08:47:08+08:00
上海县·莘庄	声		səŋ¹		sen1		自旧档汇入	2023-07-05T08:47:08+08:00
上海县·莘庄	沈		səŋ³		sen3		自旧档汇入	2023-07-05T08:47:08+08:00
上海县·莘庄	审		səŋ³		sen3		自旧档汇入	2023-07-05T08:47:08+08:00
上海县·莘庄	婶		səŋ³		sen3		自旧档汇入	2023-07-05T08:47:08+08:00
上海县·莘庄	榫		səŋ³		sen3		自旧档汇入	2023-07-05T08:47:08+08:00
上海县·莘庄	损		səŋ⁵		sen5		自旧档汇入	2023-07-05T08:47:08+08:00
上海县·莘庄	胜		səŋ⁵		sen5		自旧档汇入	2023-07-05T08:47:08+08:00
上海县·莘庄	胜	（~败）	səŋ⁵		sen5		自旧档汇入	2023-07-05T08:47:08+08:00
上海县·莘庄	圣		səŋ⁵		sen5		自旧档汇入	2023-07-05T08:47:08+08:00
上海县·莘庄	摄		səʔ⁷		seq7		自旧档汇入	2023-07-05T08:47:08+08:00
上海县·莘庄	设		səʔ⁷		seq7		自旧档汇入	2023-07-05T08:47:08+08:00
上海县·莘庄	刷		səʔ⁷		seq7		自旧档汇入	2023-07-05T08:47:08+08:00
上海县·莘庄	失		səʔ⁷		seq7		自旧档汇入	2023-07-05T08:47:08+08:00
上海县·莘庄	室		sʌʔ⁷		seoq7		自旧档汇入	2023-07-05T08:47:08+08:00
上海县·莘庄	三		sɛ¹		sae1		自旧档汇入	2023-07-05T08:47:08+08:00
上海县·莘庄	杉		sɛ¹		sae1		自旧档汇入	2023-07-05T08:47:08+08:00
上海县·莘庄	衫		sɛ¹		sae1		自旧档汇入	2023-07-05T08:47:08+08:00
上海县·莘庄	山		sɛ¹		sae1		自旧档汇入	2023-07-05T08:47:08+08:00
上海县·莘庄	删		sɛ¹		sae1		自旧档汇入	2023-07-05T08:47:08+08:00
上海县·莘庄	散	（~文）	se⁵		se5		自旧档汇入	2023-07-05T08:47:08+08:00
上海县·莘庄	伞		se⁵		se5		自旧档汇入	2023-07-05T08:47:08+08:00
上海县·莘庄	散	（分~）	sɛ⁵		sae5		自旧档汇入	2023-07-05T08:47:08+08:00
上海县·莘庄	搜		sɤ¹		seu1		自旧档汇入	2023-07-05T08:47:08+08:00
上海县·莘庄	馊		sɤ¹		seu1		自旧档汇入	2023-07-05T08:47:08+08:00
上海县·莘庄	收		sɤ¹		seu1		自旧档汇入	2023-07-05T08:47:08+08:00
上海县·莘庄	手		sɤ³		seu3		自旧档汇入	2023-07-05T08:47:08+08:00
上海县·莘庄	首		sɤ³		seu3		自旧档汇入	2023-07-05T08:47:08+08:00
上海县·莘庄	守		sɤ³		seu3		自旧档汇入	2023-07-05T08:47:08+08:00
上海县·莘庄	叟		sɤ⁵		seu5		自旧档汇入	2023-07-05T08:47:08+08:00
上海县·莘庄	瘦		sɤ⁵		seu5		自旧档汇入	2023-07-05T08:47:08+08:00
上海县·莘庄	兽		sɤ⁵		seu5		自旧档汇入	2023-07-05T08:47:08+08:00
上海县·莘庄	西		si¹		si1		自旧档汇入	2023-07-05T08:47:08+08:00
上海县·莘庄	仙		si¹		si1		自旧档汇入	2023-07-05T08:47:08+08:00
上海县·莘庄	鲜	（新~）	si¹		si1		自旧档汇入	2023-07-05T08:47:08+08:00
上海县·莘庄	鲜	（~少）	si¹		si1		自旧档汇入	2023-07-05T08:47:08+08:00
上海县·莘庄	先		si¹		si1		自旧档汇入	2023-07-05T08:47:08+08:00
上海县·莘庄	宣		si¹		si1		自旧档汇入	2023-07-05T08:47:08+08:00
上海县·莘庄	洗		si³		si3		自旧档汇入	2023-07-05T08:47:08+08:00
上海县·莘庄	癣		si³		si3		自旧档汇入	2023-07-05T08:47:08+08:00
上海县·莘庄	死		si³		si3		自旧档汇入	2023-07-05T08:47:08+08:00
上海县·莘庄	细		si⁵		si5		自旧档汇入	2023-07-05T08:47:08+08:00
上海县·莘庄	壻		si⁵		si5		自旧档汇入	2023-07-05T08:47:08+08:00
上海县·莘庄	线		si⁵		si5		自旧档汇入	2023-07-05T08:47:08+08:00
上海县·莘庄	选		si³		si3		自旧档汇入	2023-07-05T08:47:08+08:00
上海县·莘庄	相	（互~）	siã¹		sian1		自旧档汇入	2023-07-05T08:47:08+08:00
上海县·莘庄	箱		siã¹		sian1		自旧档汇入	2023-07-05T08:47:08+08:00
上海县·莘庄	厢		siã¹		sian1		自旧档汇入	2023-07-05T08:47:08+08:00
上海县·莘庄	镶		siã¹		sian1		自旧档汇入	2023-07-05T08:47:08+08:00
上海县·莘庄	想		siã³		sian3		自旧档汇入	2023-07-05T08:47:08+08:00
上海县·莘庄	相	（~貌）	siã⁵		sian5		自旧档汇入	2023-07-05T08:47:08+08:00
上海县·莘庄	写		siᴀ³		sia3		自旧档汇入	2023-07-05T08:47:08+08:00
上海县·莘庄	泻		siᴀ⁵		sia5		自旧档汇入	2023-07-05T08:47:08+08:00
上海县·莘庄	卸		siᴀ⁵		sia5		自旧档汇入	2023-07-05T08:47:08+08:00
上海县·莘庄	削		siᴀʔ⁷		siaq⁷		自旧档汇入	2023-07-05T08:47:08+08:00
上海县·莘庄	膝		siəʔ⁷		sieq7		自旧档汇入	2023-07-05T08:47:08+08:00
上海县·莘庄	戌		siɪʔ⁷		siq7		自旧档汇入	2023-07-05T08:47:08+08:00
上海县·莘庄	修		siɤ¹		sieu1		自旧档汇入	2023-07-05T08:47:08+08:00
上海县·莘庄	羞		siɤ¹		sieu1		自旧档汇入	2023-07-05T08:47:08+08:00
上海县·莘庄	秀		siɤ⁵		sieu5		自旧档汇入	2023-07-05T08:47:08+08:00
上海县·莘庄	绣		siɤ⁵		sieu5		自旧档汇入	2023-07-05T08:47:08+08:00
上海县·莘庄	宿	（星~）	siɤ⁵		sieu5		自旧档汇入	2023-07-05T08:47:08+08:00
上海县·莘庄	锈		siɤ⁵		sieu5		自旧档汇入	2023-07-05T08:47:08+08:00
上海县·莘庄	薛		siɪʔ⁷		siq7		自旧档汇入	2023-07-05T08:47:08+08:00
上海县·莘庄	泄		siɪʔ⁷		siq7		自旧档汇入	2023-07-05T08:47:08+08:00
上海县·莘庄	屑		siɪʔ⁷		siq7		自旧档汇入	2023-07-05T08:47:08+08:00
上海县·莘庄	雪		siɪʔ⁷		siq7		自旧档汇入	2023-07-05T08:47:08+08:00
上海县·莘庄	息		siəʔ⁷		sieq7		自旧档汇入	2023-07-05T08:47:08+08:00
上海县·莘庄	熄		siəʔ⁷		sieq7		自旧档汇入	2023-07-05T08:47:08+08:00
上海县·莘庄	媳		siəʔ⁷		sieq7		自旧档汇入	2023-07-05T08:47:08+08:00
上海县·莘庄	媳	“新”字	siŋ¹		sin1		自旧档汇入	2023-07-05T08:47:08+08:00
上海县·莘庄	惜		ɸɑ̃¹		faon1		自旧档汇入	2023-07-05T08:47:08+08:00
上海县·莘庄	昔		siəʔ⁷		sieq7		自旧档汇入	2023-07-05T08:47:08+08:00
上海县·莘庄	锡		siəʔ⁷		sieq7		自旧档汇入	2023-07-05T08:47:08+08:00
上海县·莘庄	析		siəʔ⁷		sieq7		自旧档汇入	2023-07-05T08:47:08+08:00
上海县·莘庄	心		siŋ¹		sin1		自旧档汇入	2023-07-05T08:47:08+08:00
上海县·莘庄	辛		siŋ¹		sin1		自旧档汇入	2023-07-05T08:47:08+08:00
上海县·莘庄	新		siŋ¹		sin1		自旧档汇入	2023-07-05T08:47:08+08:00
上海县·莘庄	星		ɸɑ̃¹		faon1		自旧档汇入	2023-07-05T08:47:08+08:00
上海县·莘庄	腥		siŋ¹		sin1		自旧档汇入	2023-07-05T08:47:08+08:00
上海县·莘庄	信		siŋ⁵		sin5		自旧档汇入	2023-07-05T08:47:08+08:00
上海县·莘庄	讯		siŋ⁵		sin5		自旧档汇入	2023-07-05T08:47:08+08:00
上海县·莘庄	迅		siŋ⁵		sin5		自旧档汇入	2023-07-05T08:47:08+08:00
上海县·莘庄	性		siŋ⁵		sin5		自旧档汇入	2023-07-05T08:47:08+08:00
上海县·莘庄	姓		siŋ⁵		sin5		自旧档汇入	2023-07-05T08:47:08+08:00
上海县·莘庄	省	（反～）	siŋ³		sin3		自旧档汇入	2023-07-05T08:47:08+08:00
上海县·莘庄	醒		siŋ³		sin3		自旧档汇入	2023-07-05T08:47:08+08:00
上海县·莘庄	晒		so⁵		so5		自旧档汇入	2023-07-05T08:47:08+08:00
上海县·莘庄	晒		sᴀ⁵		sa5		自旧档汇入	2023-07-05T08:47:08+08:00
上海县·莘庄	沙		so¹		so1		自旧档汇入	2023-07-05T08:47:08+08:00
上海县·莘庄	纱		so¹		so1		自旧档汇入	2023-07-05T08:47:08+08:00
上海县·莘庄	箫		siɔ¹		siau1		自旧档汇入	2023-07-05T08:47:08+08:00
上海县·莘庄	消		siɔ¹		siau1		自旧档汇入	2023-07-05T08:47:08+08:00
上海县·莘庄	宵		siɔ¹		siau1		自旧档汇入	2023-07-05T08:47:08+08:00
上海县·莘庄	霄		siɔ¹		siau1		自旧档汇入	2023-07-05T08:47:08+08:00
上海县·莘庄	硝		siɔ¹		siau1		自旧档汇入	2023-07-05T08:47:08+08:00
上海县·莘庄	销		siɔ¹		siau1		自旧档汇入	2023-07-05T08:47:08+08:00
上海县·莘庄	萧		siɔ¹		siau1		自旧档汇入	2023-07-05T08:47:08+08:00
上海县·莘庄	捨		se⁵		se5		自旧档汇入	2023-07-05T08:47:08+08:00
上海县·莘庄	小		siɔ³		siau3		自旧档汇入	2023-07-05T08:47:08+08:00
上海县·莘庄	赦		so⁵		so5		自旧档汇入	2023-07-05T08:47:08+08:00
上海县·莘庄	笑		siɔ⁵		siau5		自旧档汇入	2023-07-05T08:47:08+08:00
上海县·莘庄	舍		se⁵		se5		自旧档汇入	2023-07-05T08:47:08+08:00
上海县·莘庄	虽		sø¹		soe1		自旧档汇入	2023-07-05T08:47:08+08:00
上海县·莘庄	酸		sø¹		soe1		自旧档汇入	2023-07-05T08:47:08+08:00
上海县·莘庄	岁		sø⁵		soe5		自旧档汇入	2023-07-05T08:47:08+08:00
上海县·莘庄	税		sø⁵		soe5		自旧档汇入	2023-07-05T08:47:08+08:00
上海县·莘庄	锐		sø⁵		soe5		自旧档汇入	2023-07-05T08:47:08+08:00
上海县·莘庄	算		sø⁵		soe5		自旧档汇入	2023-07-05T08:47:08+08:00
上海县·莘庄	蒜		sø⁵		soe5		自旧档汇入	2023-07-05T08:47:08+08:00
上海县·莘庄	松		soŋ¹		son1		自旧档汇入	2023-07-05T08:47:08+08:00
上海县·莘庄	嵩		soŋ¹		son1		自旧档汇入	2023-07-05T08:47:08+08:00
上海县·莘庄	松		soŋ¹		son1		自旧档汇入	2023-07-05T08:47:08+08:00
上海县·莘庄	送		soŋ⁵		son5		自旧档汇入	2023-07-05T08:47:08+08:00
上海县·莘庄	宋		ɦyoŋ²		ghyon2		自旧档汇入	2023-07-05T08:47:08+08:00
上海县·莘庄	速		soʔ⁷		soq7		自旧档汇入	2023-07-05T08:47:08+08:00
上海县·莘庄	肃		ɦyoŋ²		ghyon2		自旧档汇入	2023-07-05T08:47:08+08:00
上海县·莘庄	宿		soʔ⁷		soq7		自旧档汇入	2023-07-05T08:47:08+08:00
上海县·莘庄	缩		ɦyoŋ²		ghyon2		自旧档汇入	2023-07-05T08:47:08+08:00
上海县·莘庄	叔		soʔ⁷		soq7		自旧档汇入	2023-07-05T08:47:08+08:00
上海县·莘庄	粟		ɦyoŋ²		ghyon2		自旧档汇入	2023-07-05T08:47:08+08:00
上海县·莘庄	束		soʔ⁷		soq7		自旧档汇入	2023-07-05T08:47:08+08:00
上海县·莘庄	骚		sɔ¹		sau1		自旧档汇入	2023-07-05T08:47:08+08:00
上海县·莘庄	臊		sɔ⁵		sau5		自旧档汇入	2023-07-05T08:47:08+08:00
上海县·莘庄	梢		sɔ¹		sau1		自旧档汇入	2023-07-05T08:47:08+08:00
上海县·莘庄	捎		sɔ¹		sau1		自旧档汇入	2023-07-05T08:47:08+08:00
上海县·莘庄	烧		sɔ¹		sau1		自旧档汇入	2023-07-05T08:47:08+08:00
上海县·莘庄	稍		siɔ¹		siau1		自旧档汇入	2023-07-05T08:47:08+08:00
上海县·莘庄	扫	（~地）	sɔ³		sau3		自旧档汇入	2023-07-05T08:47:08+08:00
上海县·莘庄	嫂		sɔ³		sau3		自旧档汇入	2023-07-05T08:47:08+08:00
上海县·莘庄	少	（多~）	sɔ³		sau3		自旧档汇入	2023-07-05T08:47:08+08:00
上海县·莘庄	少	（~年）	sɔ³		sau3		自旧档汇入	2023-07-05T08:47:08+08:00
上海县·莘庄	扫	（~帚）	sɔ³		sau3		自旧档汇入	2023-07-05T08:47:08+08:00
上海县·莘庄	索		sɔʔ⁷		saoq7		自旧档汇入	2023-07-05T08:47:08+08:00
上海县·莘庄	朔		sɔʔ⁷		saoq7		自旧档汇入	2023-07-05T08:47:08+08:00
上海县·莘庄	屎		sɿ¹		sy1		自旧档汇入	2023-07-05T08:47:08+08:00
上海县·莘庄	斯		sɿ¹		sy1		自旧档汇入	2023-07-05T08:47:08+08:00
上海县·莘庄	厮		sɿ¹		sy1		自旧档汇入	2023-07-05T08:47:08+08:00
上海县·莘庄	撕		sɿ¹		sy1		自旧档汇入	2023-07-05T08:47:08+08:00
上海县·莘庄	施		sɿ¹		sy1		自旧档汇入	2023-07-05T08:47:08+08:00
上海县·莘庄	私		sɿ¹		sy1		自旧档汇入	2023-07-05T08:47:08+08:00
上海县·莘庄	师		sɿ¹		sy1		自旧档汇入	2023-07-05T08:47:08+08:00
上海县·莘庄	狮		sɿ¹		sy1		自旧档汇入	2023-07-05T08:47:08+08:00
上海县·莘庄	尸		sɿ¹		sy1		自旧档汇入	2023-07-05T08:47:08+08:00
上海县·莘庄	司		sɿ¹		sy1		自旧档汇入	2023-07-05T08:47:08+08:00
上海县·莘庄	絲		sɿ¹		sy1		自旧档汇入	2023-07-05T08:47:08+08:00
上海县·莘庄	思		sɿ¹		sy1		自旧档汇入	2023-07-05T08:47:08+08:00
上海县·莘庄	诗		sɿ¹		sy1		自旧档汇入	2023-07-05T08:47:08+08:00
上海县·莘庄	史		sɿ⁵		sy5		自旧档汇入	2023-07-05T08:47:08+08:00
上海县·莘庄	思		sɿ¹		sy1		自旧档汇入	2023-07-05T08:47:08+08:00
上海县·莘庄	梳		sɿ¹		sy1		自旧档汇入	2023-07-05T08:47:08+08:00
上海县·莘庄	似		zɿ⁶		zy6		自旧档汇入	2023-07-05T08:47:08+08:00
上海县·莘庄	使		sɿ⁵		sy5		自旧档汇入	2023-07-05T08:47:08+08:00
上海县·莘庄	驶		sɿ⁵		sy5		自旧档汇入	2023-07-05T08:47:08+08:00
上海县·莘庄	水		sɿ³		sy3		自旧档汇入	2023-07-05T08:47:08+08:00
上海县·莘庄	世		sɿ⁵		sy5		自旧档汇入	2023-07-05T08:47:08+08:00
上海县·莘庄	势		sɿ⁵		sy5		自旧档汇入	2023-07-05T08:47:08+08:00
上海县·莘庄	四		sɿ⁵		sy5		自旧档汇入	2023-07-05T08:47:08+08:00
上海县·莘庄	始		sɿ⁵		sy5		自旧档汇入	2023-07-05T08:47:08+08:00
上海县·莘庄	试		sɿ⁵		sy5		自旧档汇入	2023-07-05T08:47:08+08:00
上海县·莘庄	蓑		su¹		su1		自旧档汇入	2023-07-05T08:47:08+08:00
上海县·莘庄	梭		su¹		su1		自旧档汇入	2023-07-05T08:47:08+08:00
上海县·莘庄	苏		su¹		su1		自旧档汇入	2023-07-05T08:47:08+08:00
上海县·莘庄	酥		su¹		su1		自旧档汇入	2023-07-05T08:47:08+08:00
上海县·莘庄	疏		su¹		su1		自旧档汇入	2023-07-05T08:47:08+08:00
上海县·莘庄	蔬		su¹		su1		自旧档汇入	2023-07-05T08:47:08+08:00
上海县·莘庄	锁		su³		su3		自旧档汇入	2023-07-05T08:47:08+08:00
上海县·莘庄	琐		su³		su3		自旧档汇入	2023-07-05T08:47:08+08:00
上海县·莘庄	素		su⁵		su5		自旧档汇入	2023-07-05T08:47:08+08:00
上海县·莘庄	诉		su⁵		su5		自旧档汇入	2023-07-05T08:47:08+08:00
上海县·莘庄	所		su⁵		su5		自旧档汇入	2023-07-05T08:47:08+08:00
上海县·莘庄	疏	（注~）	su⁵		su5		自旧档汇入	2023-07-05T08:47:08+08:00
上海县·莘庄	说		suœʔ⁷		soeq7		自旧档汇入	2023-07-05T08:47:08+08:00
上海县·莘庄	塞		sʌʔ⁷		seoq7		自旧档汇入	2023-07-05T08:47:08+08:00
上海县·莘庄	色		sʌʔ⁷		seoq7		自旧档汇入	2023-07-05T08:47:08+08:00
上海县·莘庄	识		sʌʔ⁷		seoq7		自旧档汇入	2023-07-05T08:47:08+08:00
上海县·莘庄	式		sʌʔ⁷		seoq7		自旧档汇入	2023-07-05T08:47:08+08:00
上海县·莘庄	适		sʌʔ⁷		seoq7		自旧档汇入	2023-07-05T08:47:08+08:00
上海县·莘庄	释		sʌʔ⁷		seoq7		自旧档汇入	2023-07-05T08:47:08+08:00
上海县·莘庄	书		sy¹		siu1		自旧档汇入	2023-07-05T08:47:08+08:00
上海县·莘庄	舒		sy¹		siu1		自旧档汇入	2023-07-05T08:47:08+08:00
上海县·莘庄	须		sy¹		siu1		自旧档汇入	2023-07-05T08:47:08+08:00
上海县·莘庄	需		sy¹		siu1		自旧档汇入	2023-07-05T08:47:08+08:00
上海县·莘庄	输		sy¹		siu1		自旧档汇入	2023-07-05T08:47:08+08:00
上海县·莘庄	输	（运~）	sy⁵		siu5		自旧档汇入	2023-07-05T08:47:08+08:00
上海县·莘庄	暑		sy³		siu3		自旧档汇入	2023-07-05T08:47:08+08:00
上海县·莘庄	数	（动词）	sy³		siu3		自旧档汇入	2023-07-05T08:47:08+08:00
上海县·莘庄	鼠		sɿ³		sy3		自旧档汇入	2023-07-05T08:47:08+08:00
上海县·莘庄	数	（名词）	su⁵		su5		自旧档汇入	2023-07-05T08:47:08+08:00
上海县·莘庄	打		ʈã³		tan3		自旧档汇入	2023-07-05T08:47:08+08:00
上海县·莘庄	溪		cʰi¹		chi1		自旧档汇入	2023-07-05T08:47:08+08:00
上海县·莘庄	欺		cʰi¹		chi1		自旧档汇入	2023-07-05T08:47:08+08:00
上海县·莘庄	谦		cʰi¹		chi1		自旧档汇入	2023-07-05T08:47:08+08:00
上海县·莘庄	牵		cʰi¹		chi1		自旧档汇入	2023-07-05T08:47:08+08:00
上海县·莘庄	起		cʰi⁵		chi5		自旧档汇入	2023-07-05T08:47:08+08:00
上海县·莘庄	契		cʰi⁵		chi5		自旧档汇入	2023-07-05T08:47:08+08:00
上海县·莘庄	企		cʰi⁵		chi5		自旧档汇入	2023-07-05T08:47:08+08:00
上海县·莘庄	器		cʰi⁵		chi5		自旧档汇入	2023-07-05T08:47:08+08:00
上海县·莘庄	弃		cʰi¹		chi1		自旧档汇入	2023-07-05T08:47:08+08:00
上海县·莘庄	岂		cʰi³		chi3		自旧档汇入	2023-07-05T08:47:08+08:00
上海县·莘庄	气		cʰi⁵		chi5		自旧档汇入	2023-07-05T08:47:08+08:00
上海县·莘庄	汽		cʰi⁵		chi5		自旧档汇入	2023-07-05T08:47:08+08:00
上海县·莘庄	欠		cʰi⁵		chi5		自旧档汇入	2023-07-05T08:47:08+08:00
上海县·莘庄	歉		cʰi⁵		chi5		自旧档汇入	2023-07-05T08:47:08+08:00
上海县·莘庄	遣		cʰ i¹		ch i1		自旧档汇入	2023-07-05T08:47:08+08:00
上海县·莘庄	去		cʰi⁵/cʰy⁵		chi5/chiu5		自旧档汇入	2023-07-05T08:47:08+08:00
上海县·莘庄	腔		cʰiã¹		chian1		自旧档汇入	2023-07-05T08:47:08+08:00
上海县·莘庄	强	（勉~）	cʰiã³		chian3		自旧档汇入	2023-07-05T08:47:08+08:00
上海县·莘庄	确		cʰiᴀʔ⁷		chiaq⁷		自旧档汇入	2023-07-05T08:47:08+08:00
上海县·莘庄	丘		cʰiɤ¹		chieu1		自旧档汇入	2023-07-05T08:47:08+08:00
上海县·莘庄	泣		cʰiɪʔ⁷		chiq7		自旧档汇入	2023-07-05T08:47:08+08:00
上海县·莘庄	钦		cʰiŋ¹		chin1		自旧档汇入	2023-07-05T08:47:08+08:00
上海县·莘庄	揿		cʰiŋ⁵		chin5		自旧档汇入	2023-07-05T08:47:08+08:00
上海县·莘庄	倾		cʰiŋ¹		chin1		自旧档汇入	2023-07-05T08:47:08+08:00
上海县·莘庄	麹		cʰyoʔ⁷		chioq7		自旧档汇入	2023-07-05T08:47:08+08:00
上海县·莘庄	曲	（歌～）	cʰyoʔ⁷		chioq7		自旧档汇入	2023-07-05T08:47:08+08:00
上海县·莘庄	巧		cʰiɔ³		chiau3		自旧档汇入	2023-07-05T08:47:08+08:00
上海县·莘庄	卿		cʰiŋ¹		chin1		自旧档汇入	2023-07-05T08:47:08+08:00
上海县·莘庄	轻		cʰiŋ¹		chin1		自旧档汇入	2023-07-05T08:47:08+08:00
上海县·莘庄	顷		cʰiŋ		ching		自旧档汇入	2023-07-05T08:47:08+08:00
上海县·莘庄	庆		cʰiŋ⁵		chin5		自旧档汇入	2023-07-05T08:47:08+08:00
上海县·莘庄	吃		cʰiɔʔ⁷		chiaoq7		自旧档汇入	2023-07-05T08:47:08+08:00
上海县·莘庄	区		cʰy¹		chiu1		自旧档汇入	2023-07-05T08:47:08+08:00
上海县·莘庄	驱		cʰy¹		chiu1		自旧档汇入	2023-07-05T08:47:08+08:00
上海县·莘庄	菌		cʰyŋ¹		chyng¹		自旧档汇入	2023-07-05T08:47:08+08:00
上海县·莘庄	圈		cʰyø¹		chioe1		自旧档汇入	2023-07-05T08:47:08+08:00
上海县·莘庄	券		cʰyø³		chioe3		自旧档汇入	2023-07-05T08:47:08+08:00
上海县·莘庄	犬		cʰyø³		chioe3		自旧档汇入	2023-07-05T08:47:08+08:00
上海县·莘庄	劝		cʰyø⁵		chioe5		自旧档汇入	2023-07-05T08:47:08+08:00
上海县·莘庄	缺		cʰyəʔ⁷		chieq7		自旧档汇入	2023-07-05T08:47:08+08:00
上海县·莘庄	屈		cʰyəʔ⁷		chieq7		自旧档汇入	2023-07-05T08:47:08+08:00
上海县·莘庄	鸡		ci¹		ci1		自旧档汇入	2023-07-05T08:47:08+08:00
上海县·莘庄	饥		ci¹		ci1		自旧档汇入	2023-07-05T08:47:08+08:00
上海县·莘庄	肌		ci¹		ci1		自旧档汇入	2023-07-05T08:47:08+08:00
上海县·莘庄	几	（茶~）	ci¹		ci1		自旧档汇入	2023-07-05T08:47:08+08:00
上海县·莘庄	基		ci¹		ci1		自旧档汇入	2023-07-05T08:47:08+08:00
上海县·莘庄	几	（~乎）	ci⁵		ci5		自旧档汇入	2023-07-05T08:47:08+08:00
上海县·莘庄	机		ci¹		ci1		自旧档汇入	2023-07-05T08:47:08+08:00
上海县·莘庄	讥		ci¹		ci1		自旧档汇入	2023-07-05T08:47:08+08:00
上海县·莘庄	饥	（~荒）	ci¹		ci1		自旧档汇入	2023-07-05T08:47:08+08:00
上海县·莘庄	检		ci¹		ci1		自旧档汇入	2023-07-05T08:47:08+08:00
上海县·莘庄	兼		ci¹		ci1		自旧档汇入	2023-07-05T08:47:08+08:00
上海县·莘庄	搛		ci¹		ci1		自旧档汇入	2023-07-05T08:47:08+08:00
上海县·莘庄	艰		ci¹		ci1		自旧档汇入	2023-07-05T08:47:08+08:00
上海县·莘庄	肩		ci¹		ci1		自旧档汇入	2023-07-05T08:47:08+08:00
上海县·莘庄	坚		ci¹		ci1		自旧档汇入	2023-07-05T08:47:08+08:00
上海县·莘庄	稽		ci¹		ci1		自旧档汇入	2023-07-05T08:47:08+08:00
上海县·莘庄	启		cʰi³		chi3		自旧档汇入	2023-07-05T08:47:08+08:00
上海县·莘庄	几	（~个）	ci³		ci3		自旧档汇入	2023-07-05T08:47:08+08:00
上海县·莘庄	简		ci³		ci3		自旧档汇入	2023-07-05T08:47:08+08:00
上海县·莘庄	柬		ci³		ci3		自旧档汇入	2023-07-05T08:47:08+08:00
上海县·莘庄	茧		ci⁵		ci5		自旧档汇入	2023-07-05T08:47:08+08:00
上海县·莘庄	计		ci⁵		ci5		自旧档汇入	2023-07-05T08:47:08+08:00
上海县·莘庄	继		ci⁵		ci5		自旧档汇入	2023-07-05T08:47:08+08:00
上海县·莘庄	寄		ci⁵		ci5		自旧档汇入	2023-07-05T08:47:08+08:00
上海县·莘庄	己		ci⁵		ci5		自旧档汇入	2023-07-05T08:47:08+08:00
上海县·莘庄	纪		ci⁵		ci5		自旧档汇入	2023-07-05T08:47:08+08:00
上海县·莘庄	记		ci⁵		ci5		自旧档汇入	2023-07-05T08:47:08+08:00
上海县·莘庄	剑		ci⁵		ci5		自旧档汇入	2023-07-05T08:47:08+08:00
上海县·莘庄	间	（~断）	ci¹		ci1		自旧档汇入	2023-07-05T08:47:08+08:00
上海县·莘庄	建		ci⁵		ci5		自旧档汇入	2023-07-05T08:47:08+08:00
上海县·莘庄	见		ci⁵		ci5		自旧档汇入	2023-07-05T08:47:08+08:00
上海县·莘庄	季		ci⁵		ci5		自旧档汇入	2023-07-05T08:47:08+08:00
上海县·莘庄	疆		ciã¹		cian1		自旧档汇入	2023-07-05T08:47:08+08:00
上海县·莘庄	僵		ciã¹		cian1		自旧档汇入	2023-07-05T08:47:08+08:00
上海县·莘庄	薑		ciã¹		cian1		自旧档汇入	2023-07-05T08:47:08+08:00
上海县·莘庄	缰		ciã¹		cian1		自旧档汇入	2023-07-05T08:47:08+08:00
上海县·莘庄	姜		ciã¹		cian1		自旧档汇入	2023-07-05T08:47:08+08:00
上海县·莘庄	皆		ciᴀ¹		cia1		自旧档汇入	2023-07-05T08:47:08+08:00
上海县·莘庄	佳		ciᴀ¹		cia1		自旧档汇入	2023-07-05T08:47:08+08:00
上海县·莘庄	驾		ciᴀ⁵		cia5		自旧档汇入	2023-07-05T08:47:08+08:00
上海县·莘庄	稼		ciᴀ⁵		cia5		自旧档汇入	2023-07-05T08:47:08+08:00
上海县·莘庄	介		kᴀ⁵		ka5		自旧档汇入	2023-07-05T08:47:08+08:00
上海县·莘庄	介		ciᴀ⁵		cia5		自旧档汇入	2023-07-05T08:47:08+08:00
上海县·莘庄	脚		ciᴀʔ⁷		ciaq⁷		自旧档汇入	2023-07-05T08:47:08+08:00
上海县·莘庄	觉	（知~）	ciᴀʔ⁷		ciaq⁷		自旧档汇入	2023-07-05T08:47:08+08:00
上海县·莘庄	鸠		ciɤ¹		cieu1		自旧档汇入	2023-07-05T08:47:08+08:00
上海县·莘庄	纠	（~缠）	ciɤ¹		cieu1		自旧档汇入	2023-07-05T08:47:08+08:00
上海县·莘庄	纠	（~正）	ciɤ³		cieu3		自旧档汇入	2023-07-05T08:47:08+08:00
上海县·莘庄	九		ciɤ³		cieu3		自旧档汇入	2023-07-05T08:47:08+08:00
上海县·莘庄	久		ciɤ³		cieu3		自旧档汇入	2023-07-05T08:47:08+08:00
上海县·莘庄	韭		ciɤ³		cieu3		自旧档汇入	2023-07-05T08:47:08+08:00
上海县·莘庄	救		ciɤ⁵		cieu5		自旧档汇入	2023-07-05T08:47:08+08:00
上海县·莘庄	究		ciɤ⁵		cieu5		自旧档汇入	2023-07-05T08:47:08+08:00
上海县·莘庄	急		ciɪʔ⁷		ciq7		自旧档汇入	2023-07-05T08:47:08+08:00
上海县·莘庄	给	(供~）	ciɪʔ⁷		ciq7		自旧档汇入	2023-07-05T08:47:08+08:00
上海县·莘庄	揭		ciɪʔ⁷		ciq7		自旧档汇入	2023-07-05T08:47:08+08:00
上海县·莘庄	结		ciɪʔ⁷		ciq7		自旧档汇入	2023-07-05T08:47:08+08:00
上海县·莘庄	洁		ciɪʔ⁷		ciq7		自旧档汇入	2023-07-05T08:47:08+08:00
上海县·莘庄	吉		ciɪʔ⁷		ciq7		自旧档汇入	2023-07-05T08:47:08+08:00
上海县·莘庄	今		ciŋ¹		cin1		自旧档汇入	2023-07-05T08:47:08+08:00
上海县·莘庄	金		ciŋ¹		cin1		自旧档汇入	2023-07-05T08:47:08+08:00
上海县·莘庄	巾		ciŋ¹		cin1		自旧档汇入	2023-07-05T08:47:08+08:00
上海县·莘庄	斤		ciŋ¹		cin1		自旧档汇入	2023-07-05T08:47:08+08:00
上海县·莘庄	筋		ciŋ¹		cin1		自旧档汇入	2023-07-05T08:47:08+08:00
上海县·莘庄	锦		ciŋ³		cin3		自旧档汇入	2023-07-05T08:47:08+08:00
上海县·莘庄	紧		ciŋ³		cin3		自旧档汇入	2023-07-05T08:47:08+08:00
上海县·莘庄	禁	(~不住)	ciŋ¹		cin1		自旧档汇入	2023-07-05T08:47:08+08:00
上海县·莘庄	禁	(~止)	ciŋ⁵		cin5		自旧档汇入	2023-07-05T08:47:08+08:00
上海县·莘庄	劲		ciŋ⁵		cin5		自旧档汇入	2023-07-05T08:47:08+08:00
上海县·莘庄	郊		ciɔ¹		ciau1		自旧档汇入	2023-07-05T08:47:08+08:00
上海县·莘庄	狡		kɔ¹		kau1		自旧档汇入	2023-07-05T08:47:08+08:00
上海县·莘庄	狡		ciɔ¹		ciau1		自旧档汇入	2023-07-05T08:47:08+08:00
上海县·莘庄	骄		ciɔ¹		ciau1		自旧档汇入	2023-07-05T08:47:08+08:00
上海县·莘庄	娇		ciɔ¹		ciau1		自旧档汇入	2023-07-05T08:47:08+08:00
上海县·莘庄	浇		ciɔ¹		ciau1		自旧档汇入	2023-07-05T08:47:08+08:00
上海县·莘庄	缴		ciɔ³		ciau3		自旧档汇入	2023-07-05T08:47:08+08:00
上海县·莘庄	叫		ciɔ⁵		ciau5		自旧档汇入	2023-07-05T08:47:08+08:00
上海县·莘庄	教	（~育）	ciɔ⁵		ciau5		自旧档汇入	2023-07-05T08:47:08+08:00
上海县·莘庄	校		ciɔ⁵		ciau5		自旧档汇入	2023-07-05T08:47:08+08:00
上海县·莘庄	较		ciɔ⁵		ciau5		自旧档汇入	2023-07-05T08:47:08+08:00
上海县·莘庄	茎		ciŋ³		cin3		自旧档汇入	2023-07-05T08:47:08+08:00
上海县·莘庄	京		ciŋ¹		cin1		自旧档汇入	2023-07-05T08:47:08+08:00
上海县·莘庄	惊		ciŋ¹		cin1		自旧档汇入	2023-07-05T08:47:08+08:00
上海县·莘庄	经		ciŋ¹		cin1		自旧档汇入	2023-07-05T08:47:08+08:00
上海县·莘庄	经	（～纬）	ciŋ⁵		cin5		自旧档汇入	2023-07-05T08:47:08+08:00
上海县·莘庄	颈		ciŋ³		cin3		自旧档汇入	2023-07-05T08:47:08+08:00
上海县·莘庄	境		ciŋ⁵		cin5		自旧档汇入	2023-07-05T08:47:08+08:00
上海县·莘庄	景		ciŋ³		cin3		自旧档汇入	2023-07-05T08:47:08+08:00
上海县·莘庄	警		ɸɑ̃¹		faon1		自旧档汇入	2023-07-05T08:47:08+08:00
上海县·莘庄	敬		ciŋ⁵		cin5		自旧档汇入	2023-07-05T08:47:08+08:00
上海县·莘庄	竟		ɸɑ̃¹		faon1		自旧档汇入	2023-07-05T08:47:08+08:00
上海县·莘庄	镜		ciŋ⁵		cin5		自旧档汇入	2023-07-05T08:47:08+08:00
上海县·莘庄	径		ciŋ⁵		cin5		自旧档汇入	2023-07-05T08:47:08+08:00
上海县·莘庄	级		ciəʔ⁷		cieq7		自旧档汇入	2023-07-05T08:47:08+08:00
上海县·莘庄	击		ciəʔ⁷		cieq7		自旧档汇入	2023-07-05T08:47:08+08:00
上海县·莘庄	激		ciəʔ⁷		cieq7		自旧档汇入	2023-07-05T08:47:08+08:00
上海县·莘庄	居		cy¹		ciu1		自旧档汇入	2023-07-05T08:47:08+08:00
上海县·莘庄	车	（~马炮）	cy¹		ciu1		自旧档汇入	2023-07-05T08:47:08+08:00
上海县·莘庄	拘		cy¹		ciu1		自旧档汇入	2023-07-05T08:47:08+08:00
上海县·莘庄	归		kue¹		kue1		自旧档汇入	2023-07-05T08:47:08+08:00
上海县·莘庄	龟		kue¹		kue1		自旧档汇入	2023-07-05T08:47:08+08:00
上海县·莘庄	矩	（规~）	cy¹		ciu1		自旧档汇入	2023-07-05T08:47:08+08:00
上海县·莘庄	鬼		kue³		kue3		自旧档汇入	2023-07-05T08:47:08+08:00
上海县·莘庄	举		cy³		ciu3		自旧档汇入	2023-07-05T08:47:08+08:00
上海县·莘庄	据		cy⁵		ciu5		自旧档汇入	2023-07-05T08:47:08+08:00
上海县·莘庄	句		cy⁵		ciu5		自旧档汇入	2023-07-05T08:47:08+08:00
上海县·莘庄	锯	（~子）	cy⁵		ciu5		自旧档汇入	2023-07-05T08:47:08+08:00
上海县·莘庄	贵		cy⁵		ciu5		自旧档汇入	2023-07-05T08:47:08+08:00
上海县·莘庄	贵		kue⁵		kue5		自旧档汇入	2023-07-05T08:47:08+08:00
上海县·莘庄	均		cyŋ¹		cyng¹		自旧档汇入	2023-07-05T08:47:08+08:00
上海县·莘庄	钧		cyŋ¹		cyng¹		自旧档汇入	2023-07-05T08:47:08+08:00
上海县·莘庄	君		cyŋ¹		cyng¹		自旧档汇入	2023-07-05T08:47:08+08:00
上海县·莘庄	军		cyŋ¹		cyng¹		自旧档汇入	2023-07-05T08:47:08+08:00
上海县·莘庄	捐		cyø¹		cioe1		自旧档汇入	2023-07-05T08:47:08+08:00
上海县·莘庄	绢		cyø⁵		cioe5		自旧档汇入	2023-07-05T08:47:08+08:00
上海县·莘庄	捲		cyø⁵		cioe5		自旧档汇入	2023-07-05T08:47:08+08:00
上海县·莘庄	眷		cyø⁵		cioe5		自旧档汇入	2023-07-05T08:47:08+08:00
上海县·莘庄	卷		cyø³		cioe3		自旧档汇入	2023-07-05T08:47:08+08:00
上海县·莘庄	厥		cyəʔ⁷		cyeq7		自旧档汇入	2023-07-05T08:47:08+08:00
上海县·莘庄	决		cyəʔ⁷		cyeq7		自旧档汇入	2023-07-05T08:47:08+08:00
上海县·莘庄	诀		cyəʔ⁷		cyeq7		自旧档汇入	2023-07-05T08:47:08+08:00
上海县·莘庄	橘		cyəʔ⁷		cyeq7		自旧档汇入	2023-07-05T08:47:08+08:00
上海县·莘庄	菊		cyəʔ⁷		cyeq7		自旧档汇入	2023-07-05T08:47:08+08:00
上海县·莘庄	对		ɗi⁵		ti5		自旧档汇入	2023-07-05T08:47:08+08:00
上海县·莘庄	搨		dæʔ⁸		daeq8		自旧档汇入	2023-07-05T08:47:08+08:00
上海县·莘庄	塔		tʰæʔ⁷		thaeq7		自旧档汇入	2023-07-05T08:47:08+08:00
上海县·莘庄	獭		tʰæʔ⁷		thaeq7		自旧档汇入	2023-07-05T08:47:08+08:00
上海县·莘庄	他		tʰᴀ¹		tha1		自旧档汇入	2023-07-05T08:47:08+08:00
上海县·莘庄	太		tʰᴀ⁵		tha5		自旧档汇入	2023-07-05T08:47:08+08:00
上海县·莘庄	泰		tʰᴀ⁵		tha5		自旧档汇入	2023-07-05T08:47:08+08:00
上海县·莘庄	汤		tʰɑ̃¹		thaon1		自旧档汇入	2023-07-05T08:47:08+08:00
上海县·莘庄	躺		tʰɑ̃³		thaon3		自旧档汇入	2023-07-05T08:47:08+08:00
上海县·莘庄	烫		tʰɑ̃⁵		thaon5		自旧档汇入	2023-07-05T08:47:08+08:00
上海县·莘庄	胎		tʰe¹		the1		自旧档汇入	2023-07-05T08:47:08+08:00
上海县·莘庄	台	（天~）	de²		de2		自旧档汇入	2023-07-05T08:47:08+08:00
上海县·莘庄	推		tʰi¹		thi1		自旧档汇入	2023-07-05T08:47:08+08:00
上海县·莘庄	贪		tʰe¹		the1		自旧档汇入	2023-07-05T08:47:08+08:00
上海县·莘庄	腿		tʰi³		thi3		自旧档汇入	2023-07-05T08:47:08+08:00
上海县·莘庄	态		tʰe⁵		the5		自旧档汇入	2023-07-05T08:47:08+08:00
上海县·莘庄	退		tʰi⁵		thi5		自旧档汇入	2023-07-05T08:47:08+08:00
上海县·莘庄	探		tʰe⁵		the5		自旧档汇入	2023-07-05T08:47:08+08:00
上海县·莘庄	吞		tʰəŋ¹		then1		自旧档汇入	2023-07-05T08:47:08+08:00
上海县·莘庄	坍		tʰɛ¹		thae1		自旧档汇入	2023-07-05T08:47:08+08:00
上海县·莘庄	毯		tʰɛ¹		thae1		自旧档汇入	2023-07-05T08:47:08+08:00
上海县·莘庄	滩		tʰɛ¹		thae1		自旧档汇入	2023-07-05T08:47:08+08:00
上海县·莘庄	摊		tʰɛ¹		thae1		自旧档汇入	2023-07-05T08:47:08+08:00
上海县·莘庄	坦		tʰɛ⁵		thae5		自旧档汇入	2023-07-05T08:47:08+08:00
上海县·莘庄	炭		tʰɛ⁵		thae5		自旧档汇入	2023-07-05T08:47:08+08:00
上海县·莘庄	叹		tʰɛ⁵		thae5		自旧档汇入	2023-07-05T08:47:08+08:00
上海县·莘庄	偷		tʰɤ¹		theu1		自旧档汇入	2023-07-05T08:47:08+08:00
上海县·莘庄	敨		tʰɤ⁵		theu5		自旧档汇入	2023-07-05T08:47:08+08:00
上海县·莘庄	透		tʰɤ⁵		theu5		自旧档汇入	2023-07-05T08:47:08+08:00
上海县·莘庄	添		tʰi¹		thi1		自旧档汇入	2023-07-05T08:47:08+08:00
上海县·莘庄	天		tʰi¹		thi1		自旧档汇入	2023-07-05T08:47:08+08:00
上海县·莘庄	梯		tʰi¹		thi1		自旧档汇入	2023-07-05T08:47:08+08:00
上海县·莘庄	体		tʰi³		thi3		自旧档汇入	2023-07-05T08:47:08+08:00
上海县·莘庄	舔		tʰi³		thi3		自旧档汇入	2023-07-05T08:47:08+08:00
上海县·莘庄	替		tʰi⁵		thi5		自旧档汇入	2023-07-05T08:47:08+08:00
上海县·莘庄	涕		tʰi⁵		thi5		自旧档汇入	2023-07-05T08:47:08+08:00
上海县·莘庄	剃		tʰi⁵		thi5		自旧档汇入	2023-07-05T08:47:08+08:00
上海县·莘庄	屜		tʰi⁵		thi5		自旧档汇入	2023-07-05T08:47:08+08:00
上海县·莘庄	帖		tʰiɪʔ⁷		thiq7		自旧档汇入	2023-07-05T08:47:08+08:00
上海县·莘庄	贴		tʰiɪʔ⁷		thiq7		自旧档汇入	2023-07-05T08:47:08+08:00
上海县·莘庄	铁		tʰiɪʔ⁷		thiq7		自旧档汇入	2023-07-05T08:47:08+08:00
上海县·莘庄	踢		tʰiəʔ⁷		thieq7		自旧档汇入	2023-07-05T08:47:08+08:00
上海县·莘庄	剔		ɸɑ̃¹		faon1		自旧档汇入	2023-07-05T08:47:08+08:00
上海县·莘庄	听		tʰiŋ¹		thin1		自旧档汇入	2023-07-05T08:47:08+08:00
上海县·莘庄	厅		ɸɑ̃¹		faon1		自旧档汇入	2023-07-05T08:47:08+08:00
上海县·莘庄	艇		tʰiŋ¹		thin1		自旧档汇入	2023-07-05T08:47:08+08:00
上海县·莘庄	挺		tʰiŋ¹		thin1		自旧档汇入	2023-07-05T08:47:08+08:00
上海县·莘庄	跳		tʰiɔ⁵		thiau5		自旧档汇入	2023-07-05T08:47:08+08:00
上海县·莘庄	蜕		tʰø⁵		thoe5		自旧档汇入	2023-07-05T08:47:08+08:00
上海县·莘庄	脱		tʰəʔ⁷		theq7		自旧档汇入	2023-07-05T08:47:08+08:00
上海县·莘庄	通		tʰoŋ¹		thon1		自旧档汇入	2023-07-05T08:47:08+08:00
上海县·莘庄	统		tʰoŋ³		thon3		自旧档汇入	2023-07-05T08:47:08+08:00
上海县·莘庄	痛		tʰoŋ⁵		thon5		自旧档汇入	2023-07-05T08:47:08+08:00
上海县·莘庄	秃		tʰoʔ⁷		thoq7		自旧档汇入	2023-07-05T08:47:08+08:00
上海县·莘庄	滔		tʰɔ¹		thau1		自旧档汇入	2023-07-05T08:47:08+08:00
上海县·莘庄	掏		tʰɔ¹		thau1		自旧档汇入	2023-07-05T08:47:08+08:00
上海县·莘庄	讨		tʰɔ³		thau3		自旧档汇入	2023-07-05T08:47:08+08:00
上海县·莘庄	套		tʰɔ⁵		thau5		自旧档汇入	2023-07-05T08:47:08+08:00
上海县·莘庄	托		tʰɔʔ⁷		thaoq7		自旧档汇入	2023-07-05T08:47:08+08:00
上海县·莘庄	拓		tʰɔʔ⁷		thaoq7		自旧档汇入	2023-07-05T08:47:08+08:00
上海县·莘庄	拖		tʰu¹		thu1		自旧档汇入	2023-07-05T08:47:08+08:00
上海县·莘庄	妥		tʰu³		thu3		自旧档汇入	2023-07-05T08:47:08+08:00
上海县·莘庄	土		tʰu³		thu3		自旧档汇入	2023-07-05T08:47:08+08:00
上海县·莘庄	吐	（~痰）	tʰu⁵		thu5		自旧档汇入	2023-07-05T08:47:08+08:00
上海县·莘庄	唾		tʰu⁵		thu5		自旧档汇入	2023-07-05T08:47:08+08:00
上海县·莘庄	兔		tʰu⁵		thu5		自旧档汇入	2023-07-05T08:47:08+08:00
上海县·莘庄	忒		tʰʌʔ⁷		theoq7		自旧档汇入	2023-07-05T08:47:08+08:00
上海县·莘庄	张		tsã¹		tsan1		自旧档汇入	2023-07-05T08:47:08+08:00
上海县·莘庄	障		tsã³		tsan3		自旧档汇入	2023-07-05T08:47:08+08:00
上海县·莘庄	瘴		tsã³		tsan3		自旧档汇入	2023-07-05T08:47:08+08:00
上海县·莘庄	章		tsã¹		tsan1		自旧档汇入	2023-07-05T08:47:08+08:00
上海县·莘庄	争		tsəŋ¹		tsen1		自旧档汇入	2023-07-05T08:47:08+08:00
上海县·莘庄	睁		tsəŋ¹		tsen1		自旧档汇入	2023-07-05T08:47:08+08:00
上海县·莘庄	长	（生~）	tsã³		tsan3		自旧档汇入	2023-07-05T08:47:08+08:00
上海县·莘庄	涨		tsã³		tsan3		自旧档汇入	2023-07-05T08:47:08+08:00
上海县·莘庄	掌		tsã³		tsan3		自旧档汇入	2023-07-05T08:47:08+08:00
上海县·莘庄	仗		zã⁶		zan6		自旧档汇入	2023-07-05T08:47:08+08:00
上海县·莘庄	帐		tsã⁵		tsan5		自旧档汇入	2023-07-05T08:47:08+08:00
上海县·莘庄	账		tsã⁵		tsan5		自旧档汇入	2023-07-05T08:47:08+08:00
上海县·莘庄	札		tsæʔ⁷		tsaeq7		自旧档汇入	2023-07-05T08:47:08+08:00
上海县·莘庄	斋		tsᴀ¹		tsa1		自旧档汇入	2023-07-05T08:47:08+08:00
上海县·莘庄	抓		tsᴀ¹		tsa1		自旧档汇入	2023-07-05T08:47:08+08:00
上海县·莘庄	债		tsᴀ⁵		tsa5		自旧档汇入	2023-07-05T08:47:08+08:00
上海县·莘庄	着	（~衣）	tsᴀʔ⁷		tsaq⁷		自旧档汇入	2023-07-05T08:47:08+08:00
上海县·莘庄	酌		tsᴀʔ⁷		tsaq⁷		自旧档汇入	2023-07-05T08:47:08+08:00
上海县·莘庄	摘		ʔdiɪʔ⁷		tiq7		自旧档汇入	2023-07-05T08:47:08+08:00
上海县·莘庄	摘		tsᴀʔ⁷		tsaq7		自旧档汇入	2023-07-05T08:47:08+08:00
上海县·莘庄	只		tsᴀʔ⁷		tsaq⁷		自旧档汇入	2023-07-05T08:47:08+08:00
上海县·莘庄	庄		tsɑ̃¹		tsaon1		自旧档汇入	2023-07-05T08:47:08+08:00
上海县·莘庄	装		tsɑ̃¹		tsaon1		自旧档汇入	2023-07-05T08:47:08+08:00
上海县·莘庄	樟		tsã¹		tsan1		自旧档汇入	2023-07-05T08:47:08+08:00
上海县·莘庄	桩		tsɑ̃¹		tsaon1		自旧档汇入	2023-07-05T08:47:08+08:00
上海县·莘庄	壮		tsɑ̃⁵		tsaon5		自旧档汇入	2023-07-05T08:47:08+08:00
上海县·莘庄	者		tse⁵		tse5		自旧档汇入	2023-07-05T08:47:08+08:00
上海县·莘庄	灾		tse¹		tse1		自旧档汇入	2023-07-05T08:47:08+08:00
上海县·莘庄	栽		tse¹		tse1		自旧档汇入	2023-07-05T08:47:08+08:00
上海县·莘庄	宰		tse³		tse3		自旧档汇入	2023-07-05T08:47:08+08:00
上海县·莘庄	再		tse⁵		tse5		自旧档汇入	2023-07-05T08:47:08+08:00
上海县·莘庄	占	(~卜)	tse¹		tse1		自旧档汇入	2023-07-05T08:47:08+08:00
上海县·莘庄	专		tse¹		tse1		自旧档汇入	2023-07-05T08:47:08+08:00
上海县·莘庄	砖		tse¹		tse1		自旧档汇入	2023-07-05T08:47:08+08:00
上海县·莘庄	载	（年~）	tse⁵		tse5		自旧档汇入	2023-07-05T08:47:08+08:00
上海县·莘庄	转	（~眼）	tse³		tse3		自旧档汇入	2023-07-05T08:47:08+08:00
上海县·莘庄	载	（~重）	tse⁵		tse5		自旧档汇入	2023-07-05T08:47:08+08:00
上海县·莘庄	佔		tse¹		tse1		自旧档汇入	2023-07-05T08:47:08+08:00
上海县·莘庄	展		tse⁵		tse5		自旧档汇入	2023-07-05T08:47:08+08:00
上海县·莘庄	战		tse⁵		tse5		自旧档汇入	2023-07-05T08:47:08+08:00
上海县·莘庄	寨		zᴀ⁶		za6		自旧档汇入	2023-07-05T08:47:08+08:00
上海县·莘庄	寨		se⁵		se5		自旧档汇入	2023-07-05T08:47:08+08:00
上海县·莘庄	针		tsəŋ¹		tsen1		自旧档汇入	2023-07-05T08:47:08+08:00
上海县·莘庄	斟		tsəŋ¹		tsen1		自旧档汇入	2023-07-05T08:47:08+08:00
上海县·莘庄	珍		tsəŋ¹		tsen1		自旧档汇入	2023-07-05T08:47:08+08:00
上海县·莘庄	榛		tsəŋ¹		tsen1		自旧档汇入	2023-07-05T08:47:08+08:00
上海县·莘庄	真		tsəŋ¹		tsen1		自旧档汇入	2023-07-05T08:47:08+08:00
上海县·莘庄	诊		tsəŋ¹		tsen1		自旧档汇入	2023-07-05T08:47:08+08:00
上海县·莘庄	尊		tsəŋ¹		tsen1		自旧档汇入	2023-07-05T08:47:08+08:00
上海县·莘庄	遵		tsəŋ³		tsen3		自旧档汇入	2023-07-05T08:47:08+08:00
上海县·莘庄	肫		tsəŋ¹		tsen1		自旧档汇入	2023-07-05T08:47:08+08:00
上海县·莘庄	曾	（姓）	tsəŋ¹		tsen1		自旧档汇入	2023-07-05T08:47:08+08:00
上海县·莘庄	增		tsəŋ¹		tsen1		自旧档汇入	2023-07-05T08:47:08+08:00
上海县·莘庄	憎		tsəŋ¹		tsen1		自旧档汇入	2023-07-05T08:47:08+08:00
上海县·莘庄	征		tsəŋ¹		tsen1		自旧档汇入	2023-07-05T08:47:08+08:00
上海县·莘庄	蒸		tsəŋ¹		tsen1		自旧档汇入	2023-07-05T08:47:08+08:00
上海县·莘庄	贞		tsəŋ¹		tsen1		自旧档汇入	2023-07-05T08:47:08+08:00
上海县·莘庄	侦		tsəŋ¹		tsen1		自旧档汇入	2023-07-05T08:47:08+08:00
上海县·莘庄	正	（～月）	tsəŋ¹		tsen1		自旧档汇入	2023-07-05T08:47:08+08:00
上海县·莘庄	征		tsəŋ¹		tsen1		自旧档汇入	2023-07-05T08:47:08+08:00
上海县·莘庄	准		tsəŋ³		tsen3		自旧档汇入	2023-07-05T08:47:08+08:00
上海县·莘庄	拯		tsəŋ³		tsen3		自旧档汇入	2023-07-05T08:47:08+08:00
上海县·莘庄	枕		tsəŋ⁵		tsen5		自旧档汇入	2023-07-05T08:47:08+08:00
上海县·莘庄	枕	动词	tsəŋ⁵		tsen5		自旧档汇入	2023-07-05T08:47:08+08:00
上海县·莘庄	镇		tsəŋ⁵		tsen5		自旧档汇入	2023-07-05T08:47:08+08:00
上海县·莘庄	振		tsəŋ⁵		tsen5		自旧档汇入	2023-07-05T08:47:08+08:00
上海县·莘庄	震		tsəŋ⁵		tsen5		自旧档汇入	2023-07-05T08:47:08+08:00
上海县·莘庄	证		tsəŋ⁵		tsen5		自旧档汇入	2023-07-05T08:47:08+08:00
上海县·莘庄	症		tsəŋ⁵		tsen5		自旧档汇入	2023-07-05T08:47:08+08:00
上海县·莘庄	整		tsəŋ⁵		tsen5		自旧档汇入	2023-07-05T08:47:08+08:00
上海县·莘庄	正		ɸɑ̃¹		faon1		自旧档汇入	2023-07-05T08:47:08+08:00
上海县·莘庄	政		tsəŋ⁵		tsen5		自旧档汇入	2023-07-05T08:47:08+08:00
上海县·莘庄	只	（~有）	tsᴀʔ⁷		tsaq⁷		自旧档汇入	2023-07-05T08:47:08+08:00
上海县·莘庄	摺		tsəʔ⁷		tseq7		自旧档汇入	2023-07-05T08:47:08+08:00
上海县·莘庄	执		tsəʔ⁷		tseq7		自旧档汇入	2023-07-05T08:47:08+08:00
上海县·莘庄	汁		tsəʔ⁷		tseq7		自旧档汇入	2023-07-05T08:47:08+08:00
上海县·莘庄	哲		tsəʔ⁷		tseq7		自旧档汇入	2023-07-05T08:47:08+08:00
上海县·莘庄	折	（~断）	tsəʔ⁷		tseq7		自旧档汇入	2023-07-05T08:47:08+08:00
上海县·莘庄	浙		tsəʔ⁷		tseq7		自旧档汇入	2023-07-05T08:47:08+08:00
上海县·莘庄	折		tsəʔ⁷		tseq7		自旧档汇入	2023-07-05T08:47:08+08:00
上海县·莘庄	质		tsəʔ⁷		tseq7		自旧档汇入	2023-07-05T08:47:08+08:00
上海县·莘庄	斩		tsɛ³		tsae3		自旧档汇入	2023-07-05T08:47:08+08:00
上海县·莘庄	蘸		tsɛ⁵		tsae5		自旧档汇入	2023-07-05T08:47:08+08:00
上海县·莘庄	赞		tsɛ⁵		tsae5		自旧档汇入	2023-07-05T08:47:08+08:00
上海县·莘庄	盏		tsɛ³		tsae3		自旧档汇入	2023-07-05T08:47:08+08:00
上海县·莘庄	灒		tsɛ⁵		tsae5		自旧档汇入	2023-07-05T08:47:08+08:00
上海县·莘庄	邹		tsɤ¹		tseu1		自旧档汇入	2023-07-05T08:47:08+08:00
上海县·莘庄	周		tsɤ¹		tseu1		自旧档汇入	2023-07-05T08:47:08+08:00
上海县·莘庄	舟		tsɤ¹		tseu1		自旧档汇入	2023-07-05T08:47:08+08:00
上海县·莘庄	州		tsɤ¹		tseu1		自旧档汇入	2023-07-05T08:47:08+08:00
上海县·莘庄	洲		tsɤ¹		tseu1		自旧档汇入	2023-07-05T08:47:08+08:00
上海县·莘庄	走		tsɤ³		tseu3		自旧档汇入	2023-07-05T08:47:08+08:00
上海县·莘庄	帚		tsɤ³		tseu3		自旧档汇入	2023-07-05T08:47:08+08:00
上海县·莘庄	奏		tsɤ⁵		tseu5		自旧档汇入	2023-07-05T08:47:08+08:00
上海县·莘庄	咒		tsɤ⁵		tseu5		自旧档汇入	2023-07-05T08:47:08+08:00
上海县·莘庄	昌		tsʰã¹		tshan1		自旧档汇入	2023-07-05T08:47:08+08:00
上海县·莘庄	撑		tsʰã¹		tshan1		自旧档汇入	2023-07-05T08:47:08+08:00
上海县·莘庄	厂		tsʰã³		tshan3		自旧档汇入	2023-07-05T08:47:08+08:00
上海县·莘庄	插		tsʰæʔ⁷		tshaeq7		自旧档汇入	2023-07-05T08:47:08+08:00
上海县·莘庄	擦		tsʰæʔ⁷		tshaeq7		自旧档汇入	2023-07-05T08:47:08+08:00
上海县·莘庄	察		tsʰæʔ⁷		tshaeq7		自旧档汇入	2023-07-05T08:47:08+08:00
上海县·莘庄	差		tsʰo¹		tsho1		自旧档汇入	2023-07-05T08:47:08+08:00
上海县·莘庄	差	(出~)	tsʰᴀ¹		tsha1		自旧档汇入	2023-07-05T08:47:08+08:00
上海县·莘庄	扯		tsʰᴀ³		tsha3		自旧档汇入	2023-07-05T08:47:08+08:00
上海县·莘庄	蔡		tsʰᴀ⁵		tsha5		自旧档汇入	2023-07-05T08:47:08+08:00
上海县·莘庄	拆		tsʰᴀʔ⁷		tshaq⁷		自旧档汇入	2023-07-05T08:47:08+08:00
上海县·莘庄	策		tsʰᴀʔ⁷		tshaq⁷		自旧档汇入	2023-07-05T08:47:08+08:00
上海县·莘庄	册		tsʰᴀʔ⁷		tshaq⁷		自旧档汇入	2023-07-05T08:47:08+08:00
上海县·莘庄	尺		ɸɑ̃¹		faon1		自旧档汇入	2023-07-05T08:47:08+08:00
上海县·莘庄	赤		tsʰᴀʔ⁷		tshaq⁷		自旧档汇入	2023-07-05T08:47:08+08:00
上海县·莘庄	仓		tsʰɑ̃¹		tshaon1		自旧档汇入	2023-07-05T08:47:08+08:00
上海县·莘庄	苍		tsʰɑ̃¹		tshaon1		自旧档汇入	2023-07-05T08:47:08+08:00
上海县·莘庄	疮		tsʰɑ̃¹		tshaon1		自旧档汇入	2023-07-05T08:47:08+08:00
上海县·莘庄	窗		tsʰɑ̃¹		tshaon1		自旧档汇入	2023-07-05T08:47:08+08:00
上海县·莘庄	创		tsʰɑ̃³		tshaon3		自旧档汇入	2023-07-05T08:47:08+08:00
上海县·莘庄	唱		tsʰɑ̃⁵		tshaon5		自旧档汇入	2023-07-05T08:47:08+08:00
上海县·莘庄	参		tsʰe¹		tshe1		自旧档汇入	2023-07-05T08:47:08+08:00
上海县·莘庄	川		tsʰe¹		tshe1		自旧档汇入	2023-07-05T08:47:08+08:00
上海县·莘庄	穿		tsʰe¹		tshe1		自旧档汇入	2023-07-05T08:47:08+08:00
上海县·莘庄	串		tsʰe¹		tshe1		自旧档汇入	2023-07-05T08:47:08+08:00
上海县·莘庄	餐		tsʰe⁵		tshe5		自旧档汇入	2023-07-05T08:47:08+08:00
上海县·莘庄	彩		tsʰe³		tshe3		自旧档汇入	2023-07-05T08:47:08+08:00
上海县·莘庄	採		tsʰe³		tshe3		自旧档汇入	2023-07-05T08:47:08+08:00
上海县·莘庄	睬		tsʰe³		tshe3		自旧档汇入	2023-07-05T08:47:08+08:00
上海县·莘庄	惨		tsʰe¹		tshe1		自旧档汇入	2023-07-05T08:47:08+08:00
上海县·莘庄	菜		tsʰe⁵		tshe5		自旧档汇入	2023-07-05T08:47:08+08:00
上海县·莘庄	村		tsʰəŋ¹		tshen1		自旧档汇入	2023-07-05T08:47:08+08:00
上海县·莘庄	皴		tsʰəŋ¹		tshen1		自旧档汇入	2023-07-05T08:47:08+08:00
上海县·莘庄	春		tsʰəŋ¹		tshen1		自旧档汇入	2023-07-05T08:47:08+08:00
上海县·莘庄	蠢		tsʰəŋ⁵		tshen5		自旧档汇入	2023-07-05T08:47:08+08:00
上海县·莘庄	称	（~呼）	tsʰəŋ¹		tshen1		自旧档汇入	2023-07-05T08:47:08+08:00
上海县·莘庄	逞		zəŋ⁶		zen6		自旧档汇入	2023-07-05T08:47:08+08:00
上海县·莘庄	趁		tsʰəŋ⁵		tshen5		自旧档汇入	2023-07-05T08:47:08+08:00
上海县·莘庄	衬		tsʰəŋ⁵		tshen5		自旧档汇入	2023-07-05T08:47:08+08:00
上海县·莘庄	寸		tsʰəŋ⁵		tshen5		自旧档汇入	2023-07-05T08:47:08+08:00
上海县·莘庄	称		tsʰəŋ¹		tshen1		自旧档汇入	2023-07-05T08:47:08+08:00
上海县·莘庄	秤		tsʰəŋ⁵		tshen5		自旧档汇入	2023-07-05T08:47:08+08:00
上海县·莘庄	舂		tsʰoŋ⁵		tshon5		自旧档汇入	2023-07-05T08:47:08+08:00
上海县·莘庄	彻		tsʰəʔ⁷		tsheq7		自旧档汇入	2023-07-05T08:47:08+08:00
上海县·莘庄	撤		tsʰəʔ⁷		tsheq7		自旧档汇入	2023-07-05T08:47:08+08:00
上海县·莘庄	出		tsʰəʔ⁷		tsheq7		自旧档汇入	2023-07-05T08:47:08+08:00
上海县·莘庄	搀		tsʰɛ¹		tshae1		自旧档汇入	2023-07-05T08:47:08+08:00
上海县·莘庄	铲		tsʰɛ³		tshae3		自旧档汇入	2023-07-05T08:47:08+08:00
上海县·莘庄	产		tsʰɛ³		tshae3		自旧档汇入	2023-07-05T08:47:08+08:00
上海县·莘庄	抽		tsʰɤ¹		tsheu1		自旧档汇入	2023-07-05T08:47:08+08:00
上海县·莘庄	凑		tsʰɤ⁵		tsheu5		自旧档汇入	2023-07-05T08:47:08+08:00
上海县·莘庄	丑		tsʰɤ⁵		tsheu5		自旧档汇入	2023-07-05T08:47:08+08:00
上海县·莘庄	臭		tsʰɤ⁵		tsheu5		自旧档汇入	2023-07-05T08:47:08+08:00
上海县·莘庄	蛆	（生~）	tsʰiɛ¹		tshiae1		自旧档汇入	2023-07-05T08:47:08+08:00
上海县·莘庄	妻		tsʰi¹		tshi1		自旧档汇入	2023-07-05T08:47:08+08:00
上海县·莘庄	歼		tsʰi¹		tshi1		自旧档汇入	2023-07-05T08:47:08+08:00
上海县·莘庄	签		tsʰi¹		tshi1		自旧档汇入	2023-07-05T08:47:08+08:00
上海县·莘庄	迁		cʰi¹		chi1		自旧档汇入	2023-07-05T08:47:08+08:00
上海县·莘庄	笺		tsʰi¹		tshi1		自旧档汇入	2023-07-05T08:47:08+08:00
上海县·莘庄	千		tsʰi¹		tshi1		自旧档汇入	2023-07-05T08:47:08+08:00
上海县·莘庄	浅		tsʰi³		tshi3		自旧档汇入	2023-07-05T08:47:08+08:00
上海县·莘庄	且		tsʰie⁵		tshie5		自旧档汇入	2023-07-05T08:47:08+08:00
上海县·莘庄	砌		tsʰi⁵		tshi5		自旧档汇入	2023-07-05T08:47:08+08:00
上海县·莘庄	枪		tsʰiã¹		tshian1		自旧档汇入	2023-07-05T08:47:08+08:00
上海县·莘庄	抢		tsʰiã³		tshian3		自旧档汇入	2023-07-05T08:47:08+08:00
上海县·莘庄	笡		tsʰiᴀ⁵		tshia5		自旧档汇入	2023-07-05T08:47:08+08:00
上海县·莘庄	雀		tsʰiᴀʔ⁷		tshiaq⁷		自旧档汇入	2023-07-05T08:47:08+08:00
上海县·莘庄	鹊		tsʰiᴀʔ⁷		tshiaq⁷		自旧档汇入	2023-07-05T08:47:08+08:00
上海县·莘庄	秋		tsʰiɤ¹		tshieu1		自旧档汇入	2023-07-05T08:47:08+08:00
上海县·莘庄	妾		tsʰiɪʔ⁷		tshiq7		自旧档汇入	2023-07-05T08:47:08+08:00
上海县·莘庄	辑		tsʰiɪʔ⁷		tshiq7		自旧档汇入	2023-07-05T08:47:08+08:00
上海县·莘庄	切		tsʰiɪʔ⁷		tshiq7		自旧档汇入	2023-07-05T08:47:08+08:00
上海县·莘庄	七		tsʰiɪʔ⁷		tshiq7		自旧档汇入	2023-07-05T08:47:08+08:00
上海县·莘庄	漆		tsʰiəʔ⁷		tshieq7		自旧档汇入	2023-07-05T08:47:08+08:00
上海县·莘庄	戚		ɸɑ̃¹		faon1		自旧档汇入	2023-07-05T08:47:08+08:00
上海县·莘庄	侵		tsʰiŋ¹		tshin1		自旧档汇入	2023-07-05T08:47:08+08:00
上海县·莘庄	亲		tsʰiŋ¹		tshin1		自旧档汇入	2023-07-05T08:47:08+08:00
上海县·莘庄	亲	（~家）	tsʰiŋ¹		tshin1		自旧档汇入	2023-07-05T08:47:08+08:00
上海县·莘庄	清		ɸɑ̃¹		faon1		自旧档汇入	2023-07-05T08:47:08+08:00
上海县·莘庄	青		tsʰiŋ¹		tshin1		自旧档汇入	2023-07-05T08:47:08+08:00
上海县·莘庄	请		tsʰiŋ³		tshin3		自旧档汇入	2023-07-05T08:47:08+08:00
上海县·莘庄	叉		tsʰo¹		tsho1		自旧档汇入	2023-07-05T08:47:08+08:00
上海县·莘庄	杈		tsʰo¹		tsho1		自旧档汇入	2023-07-05T08:47:08+08:00
上海县·莘庄	差		tsʰo¹		tsho1		自旧档汇入	2023-07-05T08:47:08+08:00
上海县·莘庄	岔		tsʰo¹		tsho1		自旧档汇入	2023-07-05T08:47:08+08:00
上海县·莘庄	车	（马~）	tsʰo¹		tsho1		自旧档汇入	2023-07-05T08:47:08+08:00
上海县·莘庄	悄		tsʰiɔ¹		tshiau1		自旧档汇入	2023-07-05T08:47:08+08:00
上海县·莘庄	锹		tsʰiɔ¹		tshiau1		自旧档汇入	2023-07-05T08:47:08+08:00
上海县·莘庄	缲		tsʰiɔ¹		tshiau1		自旧档汇入	2023-07-05T08:47:08+08:00
上海县·莘庄	错		tsʰu¹		tshu1		自旧档汇入	2023-07-05T08:47:08+08:00
上海县·莘庄	钗		tsʰo¹		tsho1		自旧档汇入	2023-07-05T08:47:08+08:00
上海县·莘庄	错		tsʰo¹		tsho1		自旧档汇入	2023-07-05T08:47:08+08:00
上海县·莘庄	猜		tsʰø¹		tshoe1		自旧档汇入	2023-07-05T08:47:08+08:00
上海县·莘庄	催		tsʰø¹		tshoe1		自旧档汇入	2023-07-05T08:47:08+08:00
上海县·莘庄	崔		tsʰø¹		tshoe1		自旧档汇入	2023-07-05T08:47:08+08:00
上海县·莘庄	炊		tsʰe¹		tshe1		自旧档汇入	2023-07-05T08:47:08+08:00
上海县·莘庄	沾		tse¹		tse1		自旧档汇入	2023-07-05T08:47:08+08:00
上海县·莘庄	窜		tsʰø¹		tshoe1		自旧档汇入	2023-07-05T08:47:08+08:00
上海县·莘庄	喘		tsʰø¹		tshoe1		自旧档汇入	2023-07-05T08:47:08+08:00
上海县·莘庄	脆		tsʰø⁵		tshoe5		自旧档汇入	2023-07-05T08:47:08+08:00
上海县·莘庄	翠		tsʰy⁵		tshiu5		自旧档汇入	2023-07-05T08:47:08+08:00
上海县·莘庄	撮		tsʰəʔ⁷		tsheq7		自旧档汇入	2023-07-05T08:47:08+08:00
上海县·莘庄	聪		tsʰoŋ¹		tshon1		自旧档汇入	2023-07-05T08:47:08+08:00
上海县·莘庄	葱		tsʰoŋ¹		tshon1		自旧档汇入	2023-07-05T08:47:08+08:00
上海县·莘庄	囱		tsʰoŋ¹		tshon1		自旧档汇入	2023-07-05T08:47:08+08:00
上海县·莘庄	充		tsʰoŋ¹		tshon1		自旧档汇入	2023-07-05T08:47:08+08:00
上海县·莘庄	冲		tsʰoŋ¹		tshon1		自旧档汇入	2023-07-05T08:47:08+08:00
上海县·莘庄	综		tsʰoŋ¹		tshon1		自旧档汇入	2023-07-05T08:47:08+08:00
上海县·莘庄	宠		tsʰoŋ¹		tshon1		自旧档汇入	2023-07-05T08:47:08+08:00
上海县·莘庄	畜		çyoʔ⁷		shioq7		自旧档汇入	2023-07-05T08:47:08+08:00
上海县·莘庄	促		tsʰoʔ⁷		tshoq7		自旧档汇入	2023-07-05T08:47:08+08:00
上海县·莘庄	触		tsʰoʔ⁷		tshoq7		自旧档汇入	2023-07-05T08:47:08+08:00
上海县·莘庄	操		tsʰɔ¹		tshau1		自旧档汇入	2023-07-05T08:47:08+08:00
上海县·莘庄	抄	（~写）	tsʰɔ¹		tshau1		自旧档汇入	2023-07-05T08:47:08+08:00
上海县·莘庄	钞		tsʰɔ³		tshau3		自旧档汇入	2023-07-05T08:47:08+08:00
上海县·莘庄	超		tsʰɔ¹		tshau1		自旧档汇入	2023-07-05T08:47:08+08:00
上海县·莘庄	草		tsʰɔ³		tshau3		自旧档汇入	2023-07-05T08:47:08+08:00
上海县·莘庄	炒		tsʰɔ³		tshau3		自旧档汇入	2023-07-05T08:47:08+08:00
上海县·莘庄	吵		tsʰɔ³		tshau3		自旧档汇入	2023-07-05T08:47:08+08:00
上海县·莘庄	糙		tsʰɔ⁵		tshau5		自旧档汇入	2023-07-05T08:47:08+08:00
上海县·莘庄	戳		tsʰɔʔ⁷		tshaoq7		自旧档汇入	2023-07-05T08:47:08+08:00
上海县·莘庄	雌		tsʰɿ¹		tshy1		自旧档汇入	2023-07-05T08:47:08+08:00
上海县·莘庄	此		tsʰɿ⁵		tshy5		自旧档汇入	2023-07-05T08:47:08+08:00
上海县·莘庄	嗤		tsʰɿ¹		tshy1		自旧档汇入	2023-07-05T08:47:08+08:00
上海县·莘庄	吹		tsʰɿ¹		tshy1		自旧档汇入	2023-07-05T08:47:08+08:00
上海县·莘庄	刺		tsʰɿ⁵		tshy5		自旧档汇入	2023-07-05T08:47:08+08:00
上海县·莘庄	翅		tsʰɿ⁵		tshy5		自旧档汇入	2023-07-05T08:47:08+08:00
上海县·莘庄	次		tsʰɿ⁵		tshy5		自旧档汇入	2023-07-05T08:47:08+08:00
上海县·莘庄	耻		tsʰɿ⁵		tshy5		自旧档汇入	2023-07-05T08:47:08+08:00
上海县·莘庄	齿		tsʰɿ⁵		tshy5		自旧档汇入	2023-07-05T08:47:08+08:00
上海县·莘庄	厕		tsʰɿ⁵		tshy5		自旧档汇入	2023-07-05T08:47:08+08:00
上海县·莘庄	搓		tsʰo¹		tsho1		自旧档汇入	2023-07-05T08:47:08+08:00
上海县·莘庄	粗		tsʰu¹		tshu1		自旧档汇入	2023-07-05T08:47:08+08:00
上海县·莘庄	初		tsʰu¹		tshu1		自旧档汇入	2023-07-05T08:47:08+08:00
上海县·莘庄	锉		tsʰu⁵		tshu5		自旧档汇入	2023-07-05T08:47:08+08:00
上海县·莘庄	醋		tsʰu⁵		tshu5		自旧档汇入	2023-07-05T08:47:08+08:00
上海县·莘庄	措		tsʰu⁵		tshu5		自旧档汇入	2023-07-05T08:47:08+08:00
上海县·莘庄	楚		tsʰu⁵		tshu5		自旧档汇入	2023-07-05T08:47:08+08:00
上海县·莘庄	测		tsʰʌʔ⁷		tsheoq7		自旧档汇入	2023-07-05T08:47:08+08:00
上海县·莘庄	趋		tsʰy¹		tshiu1		自旧档汇入	2023-07-05T08:47:08+08:00
上海县·莘庄	枢		tsʰy¹		tshiu1		自旧档汇入	2023-07-05T08:47:08+08:00
上海县·莘庄	取		tsʰy³		tshiu3		自旧档汇入	2023-07-05T08:47:08+08:00
上海县·莘庄	娶		tsʰy³		tshiu3		自旧档汇入	2023-07-05T08:47:08+08:00
上海县·莘庄	处	相~）	tsʰy⁵		tshiu5		自旧档汇入	2023-07-05T08:47:08+08:00
上海县·莘庄	处	（~所）	tsʰy⁵		tshiu5		自旧档汇入	2023-07-05T08:47:08+08:00
上海县·莘庄	趣		tsʰy⁵		tshiu5		自旧档汇入	2023-07-05T08:47:08+08:00
上海县·莘庄	尖		tsi¹		tsi1		自旧档汇入	2023-07-05T08:47:08+08:00
上海县·莘庄	煎		ci¹		ci1		自旧档汇入	2023-07-05T08:47:08+08:00
上海县·莘庄	挤		tsi⁵		tsi5		自旧档汇入	2023-07-05T08:47:08+08:00
上海县·莘庄	剪		tsi³		tsi3		自旧档汇入	2023-07-05T08:47:08+08:00
上海县·莘庄	祭		tsi⁵		tsi5		自旧档汇入	2023-07-05T08:47:08+08:00
上海县·莘庄	际		tsi⁵		tsi5		自旧档汇入	2023-07-05T08:47:08+08:00
上海县·莘庄	济		tsi⁵		tsi5		自旧档汇入	2023-07-05T08:47:08+08:00
上海县·莘庄	箭		tsi⁵		tsi5		自旧档汇入	2023-07-05T08:47:08+08:00
上海县·莘庄	将	（~来）	tsiã¹		tsian1		自旧档汇入	2023-07-05T08:47:08+08:00
上海县·莘庄	蒋		tsiã³		tsian3		自旧档汇入	2023-07-05T08:47:08+08:00
上海县·莘庄	奖		tsiã³		tsian3		自旧档汇入	2023-07-05T08:47:08+08:00
上海县·莘庄	桨		tsiã¹		tsian1		自旧档汇入	2023-07-05T08:47:08+08:00
上海县·莘庄	酱		tsiã⁵		tsian5		自旧档汇入	2023-07-05T08:47:08+08:00
上海县·莘庄	将	（大~）	tsiã⁵		tsian5		自旧档汇入	2023-07-05T08:47:08+08:00
上海县·莘庄	姐		tsiᴀ³		tsia3		自旧档汇入	2023-07-05T08:47:08+08:00
上海县·莘庄	姐		tsi³		tsi3		自旧档汇入	2023-07-05T08:47:08+08:00
上海县·莘庄	借		tsiᴀ⁵		tsia5		自旧档汇入	2023-07-05T08:47:08+08:00
上海县·莘庄	揫		tsiɤ³		tsieu3		自旧档汇入	2023-07-05T08:47:08+08:00
上海县·莘庄	酒		tsiɤ³		tsieu3		自旧档汇入	2023-07-05T08:47:08+08:00
上海县·莘庄	皱		tsɤ⁵		tseu5		自旧档汇入	2023-07-05T08:47:08+08:00
上海县·莘庄	绉		tsɤ⁵		tseu5		自旧档汇入	2023-07-05T08:47:08+08:00
上海县·莘庄	接		tsiɪʔ⁷		tsiq7		自旧档汇入	2023-07-05T08:47:08+08:00
上海县·莘庄	节		tsiɪʔ⁷		tsiq7		自旧档汇入	2023-07-05T08:47:08+08:00
上海县·莘庄	即		tsiəʔ⁷		tsieq7		自旧档汇入	2023-07-05T08:47:08+08:00
上海县·莘庄	鲫		tsiɪʔ⁷		tsiq7		自旧档汇入	2023-07-05T08:47:08+08:00
上海县·莘庄	积		tsiəʔ⁷		tsieq7		自旧档汇入	2023-07-05T08:47:08+08:00
上海县·莘庄	迹		tsiəʔ⁷		tsieq7		自旧档汇入	2023-07-05T08:47:08+08:00
上海县·莘庄	脊		tsiəʔ⁷		tsieq7		自旧档汇入	2023-07-05T08:47:08+08:00
上海县·莘庄	绩		tsiəʔ⁷		tsieq7		自旧档汇入	2023-07-05T08:47:08+08:00
上海县·莘庄	津		tsiŋ¹		tsin1		自旧档汇入	2023-07-05T08:47:08+08:00
上海县·莘庄	精		tsiŋ¹		tsin1		自旧档汇入	2023-07-05T08:47:08+08:00
上海县·莘庄	晶		tsiŋ¹		tsin1		自旧档汇入	2023-07-05T08:47:08+08:00
上海县·莘庄	睛		tsiŋ¹		tsin1		自旧档汇入	2023-07-05T08:47:08+08:00
上海县·莘庄	浸		tsiŋ⁵		tsin5		自旧档汇入	2023-07-05T08:47:08+08:00
上海县·莘庄	进		tsiŋ⁵		tsin5		自旧档汇入	2023-07-05T08:47:08+08:00
上海县·莘庄	晋		tsiŋ⁵		tsin5		自旧档汇入	2023-07-05T08:47:08+08:00
上海县·莘庄	俊		tsiŋ⁵		tsin5		自旧档汇入	2023-07-05T08:47:08+08:00
上海县·莘庄	井		tsiŋ³		tsin3		自旧档汇入	2023-07-05T08:47:08+08:00
上海县·莘庄	查	(~山)	zo²		zo2		自旧档汇入	2023-07-05T08:47:08+08:00
上海县·莘庄	渣		tso¹		tso1		自旧档汇入	2023-07-05T08:47:08+08:00
上海县·莘庄	遮		tso¹		tso1		自旧档汇入	2023-07-05T08:47:08+08:00
上海县·莘庄	蔗		tso⁵		tso5		自旧档汇入	2023-07-05T08:47:08+08:00
上海县·莘庄	焦		tsiɔ¹		tsiau1		自旧档汇入	2023-07-05T08:47:08+08:00
上海县·莘庄	蕉		tsiɔ¹		tsiau1		自旧档汇入	2023-07-05T08:47:08+08:00
上海县·莘庄	椒		tsiɔ¹		tsiau1		自旧档汇入	2023-07-05T08:47:08+08:00
上海县·莘庄	诈		tso⁵		tso5		自旧档汇入	2023-07-05T08:47:08+08:00
上海县·莘庄	榨		tso⁵		tso5		自旧档汇入	2023-07-05T08:47:08+08:00
上海县·莘庄	炸		tso⁵		tso5		自旧档汇入	2023-07-05T08:47:08+08:00
上海县·莘庄	追		tsy¹		tsiu1		自旧档汇入	2023-07-05T08:47:08+08:00
上海县·莘庄	锥		tsø¹		tsoe1		自旧档汇入	2023-07-05T08:47:08+08:00
上海县·莘庄	钻	（动词）	tsø¹		tsoe1		自旧档汇入	2023-07-05T08:47:08+08:00
上海县·莘庄	最		tsø⁵		tsoe5		自旧档汇入	2023-07-05T08:47:08+08:00
上海县·莘庄	醉		tsø⁵		tsoe5		自旧档汇入	2023-07-05T08:47:08+08:00
上海县·莘庄	卒		tsəʔ⁷		tseq7		自旧档汇入	2023-07-05T08:47:08+08:00
上海县·莘庄	宗		tsoŋ¹		tson1		自旧档汇入	2023-07-05T08:47:08+08:00
上海县·莘庄	中	（当～）	ɦyoŋ²		ghyon2		自旧档汇入	2023-07-05T08:47:08+08:00
上海县·莘庄	忠		tsoŋ¹		tson1		自旧档汇入	2023-07-05T08:47:08+08:00
上海县·莘庄	踪		tsoŋ¹		tson1		自旧档汇入	2023-07-05T08:47:08+08:00
上海县·莘庄	纵	（～横）	tsoŋ¹		tson1		自旧档汇入	2023-07-05T08:47:08+08:00
上海县·莘庄	钟		tsoŋ¹		tson1		自旧档汇入	2023-07-05T08:47:08+08:00
上海县·莘庄	总		ɦyoŋ²		ghyon2		自旧档汇入	2023-07-05T08:47:08+08:00
上海县·莘庄	众		ɦyoŋ²		ghyon2		自旧档汇入	2023-07-05T08:47:08+08:00
上海县·莘庄	种	（～类）	tsoŋ³		tson3		自旧档汇入	2023-07-05T08:47:08+08:00
上海县·莘庄	肿		tsoŋ³		tson3		自旧档汇入	2023-07-05T08:47:08+08:00
上海县·莘庄	糉		tsoŋ⁵		tson5		自旧档汇入	2023-07-05T08:47:08+08:00
上海县·莘庄	终		tsoŋ³		tson3		自旧档汇入	2023-07-05T08:47:08+08:00
上海县·莘庄	中	（射～）	tsoŋ¹		tson1		自旧档汇入	2023-07-05T08:47:08+08:00
上海县·莘庄	纵	（放～）	tsoŋ¹		tson1		自旧档汇入	2023-07-05T08:47:08+08:00
上海县·莘庄	种	（～树）	tsoŋ⁵		tson5		自旧档汇入	2023-07-05T08:47:08+08:00
上海县·莘庄	竹		tsoʔ⁷		tsoq7		自旧档汇入	2023-07-05T08:47:08+08:00
上海县·莘庄	筑		tsoʔ⁷		tsoq7		自旧档汇入	2023-07-05T08:47:08+08:00
上海县·莘庄	祝		tsoʔ⁷		tsoq7		自旧档汇入	2023-07-05T08:47:08+08:00
上海县·莘庄	粥		tsoʔ⁷		tsoq7		自旧档汇入	2023-07-05T08:47:08+08:00
上海县·莘庄	足		tsoʔ⁷		tsoq7		自旧档汇入	2023-07-05T08:47:08+08:00
上海县·莘庄	烛		tsoʔ⁷		tsoq7		自旧档汇入	2023-07-05T08:47:08+08:00
上海县·莘庄	嘱		tsoʔ⁷		tsoq7		自旧档汇入	2023-07-05T08:47:08+08:00
上海县·莘庄	遭		tsɔ¹		tsau1		自旧档汇入	2023-07-05T08:47:08+08:00
上海县·莘庄	糟		tsɔ¹		tsau1		自旧档汇入	2023-07-05T08:47:08+08:00
上海县·莘庄	朝	（今~）	tsɔ¹		tsau1		自旧档汇入	2023-07-05T08:47:08+08:00
上海县·莘庄	昭		tsɔ¹		tsau1		自旧档汇入	2023-07-05T08:47:08+08:00
上海县·莘庄	招		tsɔ¹		tsau1		自旧档汇入	2023-07-05T08:47:08+08:00
上海县·莘庄	沼		tsɔ¹		tsau1		自旧档汇入	2023-07-05T08:47:08+08:00
上海县·莘庄	找		tsɔ¹		tsau1		自旧档汇入	2023-07-05T08:47:08+08:00
上海县·莘庄	早		tsɔ³		tsau3		自旧档汇入	2023-07-05T08:47:08+08:00
上海县·莘庄	枣		tsɔ³		tsau3		自旧档汇入	2023-07-05T08:47:08+08:00
上海县·莘庄	蚤		tsɔ³		tsau3		自旧档汇入	2023-07-05T08:47:08+08:00
上海县·莘庄	澡		tsɔ³		tsau3		自旧档汇入	2023-07-05T08:47:08+08:00
上海县·莘庄	爪		tsɔ³		tsau3		自旧档汇入	2023-07-05T08:47:08+08:00
上海县·莘庄	罩		tsɔ⁵		tsau5		自旧档汇入	2023-07-05T08:47:08+08:00
上海县·莘庄	照		tsɔ⁵		tsau5		自旧档汇入	2023-07-05T08:47:08+08:00
上海县·莘庄	灶		tsɔ⁵		tsau5		自旧档汇入	2023-07-05T08:47:08+08:00
上海县·莘庄	作		tsɔʔ⁷		tsaoq7		自旧档汇入	2023-07-05T08:47:08+08:00
上海县·莘庄	桌		tsɔʔ⁷		tsaoq7		自旧档汇入	2023-07-05T08:47:08+08:00
上海县·莘庄	捉		tsɔʔ⁷		tsaoq7		自旧档汇入	2023-07-05T08:47:08+08:00
上海县·莘庄	猪		tsɿ¹		tsy1		自旧档汇入	2023-07-05T08:47:08+08:00
上海县·莘庄	知		tsɿ¹		tsy1		自旧档汇入	2023-07-05T08:47:08+08:00
上海县·莘庄	蜘		tsɿ¹		tsy1		自旧档汇入	2023-07-05T08:47:08+08:00
上海县·莘庄	支		tsɿ¹		tsy1		自旧档汇入	2023-07-05T08:47:08+08:00
上海县·莘庄	枝		tsɿ¹		tsy1		自旧档汇入	2023-07-05T08:47:08+08:00
上海县·莘庄	肢		tsɿ¹		tsy1		自旧档汇入	2023-07-05T08:47:08+08:00
上海县·莘庄	栀		tsɿ¹		tsy1		自旧档汇入	2023-07-05T08:47:08+08:00
上海县·莘庄	智		tsɿ¹		tsy1		自旧档汇入	2023-07-05T08:47:08+08:00
上海县·莘庄	资		tsɿ¹		tsy1		自旧档汇入	2023-07-05T08:47:08+08:00
上海县·莘庄	姿		tsɿ¹		tsy1		自旧档汇入	2023-07-05T08:47:08+08:00
上海县·莘庄	咨		tsɿ¹		tsy1		自旧档汇入	2023-07-05T08:47:08+08:00
上海县·莘庄	脂		tsɿ¹		tsy1		自旧档汇入	2023-07-05T08:47:08+08:00
上海县·莘庄	滋		tsɿ¹		tsy1		自旧档汇入	2023-07-05T08:47:08+08:00
上海县·莘庄	慈		zɿ²		zy2		自旧档汇入	2023-07-05T08:47:08+08:00
上海县·莘庄	之		tsɿ³		tsy3		自旧档汇入	2023-07-05T08:47:08+08:00
上海县·莘庄	芝		tsɿ¹		tsy1		自旧档汇入	2023-07-05T08:47:08+08:00
上海县·莘庄	紫		tsɿ³		tsy3		自旧档汇入	2023-07-05T08:47:08+08:00
上海县·莘庄	纸		tsɿ³		tsy3		自旧档汇入	2023-07-05T08:47:08+08:00
上海县·莘庄	姊		tsi³		tsi3		自旧档汇入	2023-07-05T08:47:08+08:00
上海县·莘庄	至		tsɿ⁵		tsy5		自旧档汇入	2023-07-05T08:47:08+08:00
上海县·莘庄	子		tsɿ³		tsy3		自旧档汇入	2023-07-05T08:47:08+08:00
上海县·莘庄	嘴		tsɿ³		tsy3		自旧档汇入	2023-07-05T08:47:08+08:00
上海县·莘庄	制		tsɿ⁵		tsy5		自旧档汇入	2023-07-05T08:47:08+08:00
上海县·莘庄	旨		tsɿ⁵		tsy5		自旧档汇入	2023-07-05T08:47:08+08:00
上海县·莘庄	指		tsɿ³		tsy3		自旧档汇入	2023-07-05T08:47:08+08:00
上海县·莘庄	致		tsɿ⁵		tsy5		自旧档汇入	2023-07-05T08:47:08+08:00
上海县·莘庄	止		tsɿ⁵		tsy5		自旧档汇入	2023-07-05T08:47:08+08:00
上海县·莘庄	趾		tsɿ⁵		tsy5		自旧档汇入	2023-07-05T08:47:08+08:00
上海县·莘庄	址		tsɿ⁵		tsy5		自旧档汇入	2023-07-05T08:47:08+08:00
上海县·莘庄	置		tsɿ⁵		tsy5		自旧档汇入	2023-07-05T08:47:08+08:00
上海县·莘庄	志		tsɿ⁵		tsy5		自旧档汇入	2023-07-05T08:47:08+08:00
上海县·莘庄	痣		tsɿ⁵		tsy5		自旧档汇入	2023-07-05T08:47:08+08:00
上海县·莘庄	租		tsu¹		tsu1		自旧档汇入	2023-07-05T08:47:08+08:00
上海县·莘庄	左		tsu³		tsu3		自旧档汇入	2023-07-05T08:47:08+08:00
上海县·莘庄	佐		tsu³		tsu3		自旧档汇入	2023-07-05T08:47:08+08:00
上海县·莘庄	祖		tsu³		tsu3		自旧档汇入	2023-07-05T08:47:08+08:00
上海县·莘庄	组		tsu³		tsu3		自旧档汇入	2023-07-05T08:47:08+08:00
上海县·莘庄	阻		tsu³		tsu3		自旧档汇入	2023-07-05T08:47:08+08:00
上海县·莘庄	做		tsu⁵		tsu5		自旧档汇入	2023-07-05T08:47:08+08:00
上海县·莘庄	侧		tsʌʔ⁷		tseoq7		自旧档汇入	2023-07-05T08:47:08+08:00
上海县·莘庄	织		tsʌʔ⁷		tseoq7		自旧档汇入	2023-07-05T08:47:08+08:00
上海县·莘庄	职		tsʌʔ⁷		tseoq7		自旧档汇入	2023-07-05T08:47:08+08:00
上海县·莘庄	责		tsʌʔ⁷		tseoq7		自旧档汇入	2023-07-05T08:47:08+08:00
上海县·莘庄	诸		tsy¹		tsiu1		自旧档汇入	2023-07-05T08:47:08+08:00
上海县·莘庄	诛		tsy¹		tsiu1		自旧档汇入	2023-07-05T08:47:08+08:00
上海县·莘庄	蛛		tsy¹		tsiu1		自旧档汇入	2023-07-05T08:47:08+08:00
上海县·莘庄	株		tsy¹		tsiu1		自旧档汇入	2023-07-05T08:47:08+08:00
上海县·莘庄	朱		tsy¹		tsiu1		自旧档汇入	2023-07-05T08:47:08+08:00
上海县·莘庄	硃		tsy¹		tsiu1		自旧档汇入	2023-07-05T08:47:08+08:00
上海县·莘庄	珠		tsy¹		tsiu1		自旧档汇入	2023-07-05T08:47:08+08:00
上海县·莘庄	煮		tsy⁵		tsiu5		自旧档汇入	2023-07-05T08:47:08+08:00
上海县·莘庄	主		tsy³		tsiu3		自旧档汇入	2023-07-05T08:47:08+08:00
上海县·莘庄	著	（显~）	tsy⁵		tsiu5		自旧档汇入	2023-07-05T08:47:08+08:00
上海县·莘庄	驻		tsy⁵		tsiu5		自旧档汇入	2023-07-05T08:47:08+08:00
上海县·莘庄	註	（注）	tsy⁵		tsiu5		自旧档汇入	2023-07-05T08:47:08+08:00
上海县·莘庄	注		tsy⁵		tsiu5		自旧档汇入	2023-07-05T08:47:08+08:00
上海县·莘庄	蛀		tsy⁵		tsiu5		自旧档汇入	2023-07-05T08:47:08+08:00
上海县·莘庄	铸		tsy⁵		tsiu5		自旧档汇入	2023-07-05T08:47:08+08:00
上海县·莘庄	得		ɗʌʔ⁷		teoq7		自旧档汇入	2023-07-05T08:47:08+08:00
上海县·莘庄	德		ɗʌʔ⁷		teoq7		自旧档汇入	2023-07-05T08:47:08+08:00
上海县·莘庄	乌		u¹		u1		自旧档汇入	2023-07-05T08:47:08+08:00
上海县·莘庄	污		u¹		u1		自旧档汇入	2023-07-05T08:47:08+08:00
上海县·莘庄	阿	阿胶	u¹		u1		自旧档汇入	2023-07-05T08:47:08+08:00
上海县·莘庄	阿	阿哥	æʔ⁷		aeq7		自旧档汇入	2023-07-05T08:47:08+08:00
上海县·莘庄	恶	（可~）	ɔʔ⁷		aoq7		自旧档汇入	2023-07-05T08:47:08+08:00
上海县·莘庄	尾		ɲi⁶		gni6		自旧档汇入	2023-07-05T08:47:08+08:00
上海县·莘庄	尾		ue³		ue3		自旧档汇入	2023-07-05T08:47:08+08:00
上海县·莘庄	椅		y⁵		iu5		自旧档汇入	2023-07-05T08:47:08+08:00
上海县·莘庄	椅		i⁵		i5		自旧档汇入	2023-07-05T08:47:08+08:00
上海县·莘庄	冤		yø¹		ioe1		自旧档汇入	2023-07-05T08:47:08+08:00
上海县·莘庄	怨		yø⁵		ioe5		自旧档汇入	2023-07-05T08:47:08+08:00
上海县·莘庄	长	（~短）	zã²		zan2		自旧档汇入	2023-07-05T08:47:08+08:00
上海县·莘庄	肠		zã²		zan2		自旧档汇入	2023-07-05T08:47:08+08:00
上海县·莘庄	场		zã²		zan2		自旧档汇入	2023-07-05T08:47:08+08:00
上海县·莘庄	常		zã²		zan2		自旧档汇入	2023-07-05T08:47:08+08:00
上海县·莘庄	丈		zã⁶		zan6		自旧档汇入	2023-07-05T08:47:08+08:00
上海县·莘庄	锃		zã⁶		zan6		自旧档汇入	2023-07-05T08:47:08+08:00
上海县·莘庄	上	（~面）	zɑ̃⁶		zaon6		自旧档汇入	2023-07-05T08:47:08+08:00
上海县·莘庄	剩		zã⁶		zan6		自旧档汇入	2023-07-05T08:47:08+08:00
上海县·莘庄	上		zã⁶		zan6		自旧档汇入	2023-07-05T08:47:08+08:00
上海县·莘庄	剩		zəŋ⁶		zen6		自旧档汇入	2023-07-05T08:47:08+08:00
上海县·莘庄	盛	兴～）	zəŋ⁶		zen6		自旧档汇入	2023-07-05T08:47:08+08:00
上海县·莘庄	闸		zæʔ⁸		zaeq8		自旧档汇入	2023-07-05T08:47:08+08:00
上海县·莘庄	煠		zæʔ⁸		zaeq8		自旧档汇入	2023-07-05T08:47:08+08:00
上海县·莘庄	铡		zæʔ⁸		zaeq8		自旧档汇入	2023-07-05T08:47:08+08:00
上海县·莘庄	惹		zᴀ⁶		za6		自旧档汇入	2023-07-05T08:47:08+08:00
上海县·莘庄	豺		ze²		ze2		自旧档汇入	2023-07-05T08:47:08+08:00
上海县·莘庄	柴		zᴀ²		za2		自旧档汇入	2023-07-05T08:47:08+08:00
上海县·莘庄	若		zᴀʔ⁸		zaq8		自旧档汇入	2023-07-05T08:47:08+08:00
上海县·莘庄	弱		zᴀʔ⁸		zaq8		自旧档汇入	2023-07-05T08:47:08+08:00
上海县·莘庄	宅		zᴀʔ⁸		zaq8		自旧档汇入	2023-07-05T08:47:08+08:00
上海县·莘庄	石		zᴀʔ⁸		zaq8		自旧档汇入	2023-07-05T08:47:08+08:00
上海县·莘庄	床		zɑ̃²		zaon2		自旧档汇入	2023-07-05T08:47:08+08:00
上海县·莘庄	裳		zã²		zan2		自旧档汇入	2023-07-05T08:47:08+08:00
上海县·莘庄	上	（~山）	zɑ̃⁶		zaon6		自旧档汇入	2023-07-05T08:47:08+08:00
上海县·莘庄	藏	（西~）	zɑ̃⁶		zaon6		自旧档汇入	2023-07-05T08:47:08+08:00
上海县·莘庄	状		zɑ̃⁶		zaon6		自旧档汇入	2023-07-05T08:47:08+08:00
上海县·莘庄	撞		zɑ̃⁶		zaon6		自旧档汇入	2023-07-05T08:47:08+08:00
上海县·莘庄	才		ze²		ze2		自旧档汇入	2023-07-05T08:47:08+08:00
上海县·莘庄	材		ze²		ze2		自旧档汇入	2023-07-05T08:47:08+08:00
上海县·莘庄	财		ze²		ze2		自旧档汇入	2023-07-05T08:47:08+08:00
上海县·莘庄	裁		ze²		ze2		自旧档汇入	2023-07-05T08:47:08+08:00
上海县·莘庄	在		ze⁶		ze6		自旧档汇入	2023-07-05T08:47:08+08:00
上海县·莘庄	载	（满~）	tse⁵		tse5		自旧档汇入	2023-07-05T08:47:08+08:00
上海县·莘庄	蚕		ze²		ze2		自旧档汇入	2023-07-05T08:47:08+08:00
上海县·莘庄	禅		ze²		ze2		自旧档汇入	2023-07-05T08:47:08+08:00
上海县·莘庄	然		ze²		ze2		自旧档汇入	2023-07-05T08:47:08+08:00
上海县·莘庄	燃		ze²		ze2		自旧档汇入	2023-07-05T08:47:08+08:00
上海县·莘庄	善		ze⁶		ze6		自旧档汇入	2023-07-05T08:47:08+08:00
上海县·莘庄	传	（~达）	ze²		ze2		自旧档汇入	2023-07-05T08:47:08+08:00
上海县·莘庄	船		ze²		ze2		自旧档汇入	2023-07-05T08:47:08+08:00
上海县·莘庄	传	（~记）	ze⁶		ze6		自旧档汇入	2023-07-05T08:47:08+08:00
上海县·莘庄	缠		ze²		ze2		自旧档汇入	2023-07-05T08:47:08+08:00
上海县·莘庄	膳		ze⁶		ze6		自旧档汇入	2023-07-05T08:47:08+08:00
上海县·莘庄	单	（姓）	ze²		ze2		自旧档汇入	2023-07-05T08:47:08+08:00
上海县·莘庄	沉		zəŋ²		zen2		自旧档汇入	2023-07-05T08:47:08+08:00
上海县·莘庄	甚		zəŋ⁶		zen6		自旧档汇入	2023-07-05T08:47:08+08:00
上海县·莘庄	陈		zəŋ²		zen2		自旧档汇入	2023-07-05T08:47:08+08:00
上海县·莘庄	尘		zəŋ²		zen2		自旧档汇入	2023-07-05T08:47:08+08:00
上海县·莘庄	神		zəŋ²		zen2		自旧档汇入	2023-07-05T08:47:08+08:00
上海县·莘庄	辰		zəŋ²		zen2		自旧档汇入	2023-07-05T08:47:08+08:00
上海县·莘庄	晨		zəŋ²		zen2		自旧档汇入	2023-07-05T08:47:08+08:00
上海县·莘庄	臣		zəŋ²		zen2		自旧档汇入	2023-07-05T08:47:08+08:00
上海县·莘庄	肾		zəŋ⁶		zen6		自旧档汇入	2023-07-05T08:47:08+08:00
上海县·莘庄	存		zəŋ²		zen2		自旧档汇入	2023-07-05T08:47:08+08:00
上海县·莘庄	脣		zəŋ²		zen2		自旧档汇入	2023-07-05T08:47:08+08:00
上海县·莘庄	纯		zəŋ²		zen2		自旧档汇入	2023-07-05T08:47:08+08:00
上海县·莘庄	莼		zəŋ²		zen2		自旧档汇入	2023-07-05T08:47:08+08:00
上海县·莘庄	曾	（~经）	zəŋ²		zen2		自旧档汇入	2023-07-05T08:47:08+08:00
上海县·莘庄	层		zəŋ²		zen2		自旧档汇入	2023-07-05T08:47:08+08:00
上海县·莘庄	澄		zəŋ²		zen2		自旧档汇入	2023-07-05T08:47:08+08:00
上海县·莘庄	乘		zəŋ²		zen2		自旧档汇入	2023-07-05T08:47:08+08:00
上海县·莘庄	绳		zəŋ²		zen2		自旧档汇入	2023-07-05T08:47:08+08:00
上海县·莘庄	承		zəŋ²		zen2		自旧档汇入	2023-07-05T08:47:08+08:00
上海县·莘庄	丞		zəŋ²		zen2		自旧档汇入	2023-07-05T08:47:08+08:00
上海县·莘庄	仍		zəŋ²		zen2		自旧档汇入	2023-07-05T08:47:08+08:00
上海县·莘庄	橙		zəŋ⁶		zen6		自旧档汇入	2023-07-05T08:47:08+08:00
上海县·莘庄	呈		zəŋ⁶		zen6		自旧档汇入	2023-07-05T08:47:08+08:00
上海县·莘庄	程		ɸɑ̃¹		faon1		自旧档汇入	2023-07-05T08:47:08+08:00
上海县·莘庄	成		zəŋ⁶		zen6		自旧档汇入	2023-07-05T08:47:08+08:00
上海县·莘庄	城		zəŋ⁶		zen6		自旧档汇入	2023-07-05T08:47:08+08:00
上海县·莘庄	诚		ɸɑ̃¹		faon1		自旧档汇入	2023-07-05T08:47:08+08:00
上海县·莘庄	任	(责~）	zəŋ⁶		zen6		自旧档汇入	2023-07-05T08:47:08+08:00
上海县·莘庄	阵		zəŋ⁶		zen6		自旧档汇入	2023-07-05T08:47:08+08:00
上海县·莘庄	慎		zəŋ⁶		zen6		自旧档汇入	2023-07-05T08:47:08+08:00
上海县·莘庄	顺		zəŋ⁶		zen6		自旧档汇入	2023-07-05T08:47:08+08:00
上海县·莘庄	润		ɲiŋ⁶		gnin6		自旧档汇入	2023-07-05T08:47:08+08:00
上海县·莘庄	润		zəŋ⁶		zen6		自旧档汇入	2023-07-05T08:47:08+08:00
上海县·莘庄	赠		zəŋ⁶		zen6		自旧档汇入	2023-07-05T08:47:08+08:00
上海县·莘庄	郑		zəŋ⁶		zen6		自旧档汇入	2023-07-05T08:47:08+08:00
上海县·莘庄	盛	（～满）	zəŋ⁶		zen6		自旧档汇入	2023-07-05T08:47:08+08:00
上海县·莘庄	杂		zəʔ⁸		zeq8		自旧档汇入	2023-07-05T08:47:08+08:00
上海县·莘庄	涉		zəʔ⁸		zeq8		自旧档汇入	2023-07-05T08:47:08+08:00
上海县·莘庄	十		zəʔ⁸		zeq8		自旧档汇入	2023-07-05T08:47:08+08:00
上海县·莘庄	什	（~物）	zəʔ⁸		zeq8		自旧档汇入	2023-07-05T08:47:08+08:00
上海县·莘庄	入		zəʔ⁸		zeq8		自旧档汇入	2023-07-05T08:47:08+08:00
上海县·莘庄	舌		zəʔ⁸		zeq8		自旧档汇入	2023-07-05T08:47:08+08:00
上海县·莘庄	侄		zəʔ⁸		zeq8		自旧档汇入	2023-07-05T08:47:08+08:00
上海县·莘庄	秩		zəʔ⁸		zeq8		自旧档汇入	2023-07-05T08:47:08+08:00
上海县·莘庄	实		zəʔ⁸		zeq8		自旧档汇入	2023-07-05T08:47:08+08:00
上海县·莘庄	术		zəʔ⁸		zeq8		自旧档汇入	2023-07-05T08:47:08+08:00
上海县·莘庄	述		zəʔ⁸		zeq8		自旧档汇入	2023-07-05T08:47:08+08:00
上海县·莘庄	馋		zɛ²		zae2		自旧档汇入	2023-07-05T08:47:08+08:00
上海县·莘庄	赚		zɛ⁶		zae6		自旧档汇入	2023-07-05T08:47:08+08:00
上海县·莘庄	残		ze²		ze2		自旧档汇入	2023-07-05T08:47:08+08:00
上海县·莘庄	篅		ze²		ze2		自旧档汇入	2023-07-05T08:47:08+08:00
上海县·莘庄	暂		zɛ⁶		zae6		自旧档汇入	2023-07-05T08:47:08+08:00
上海县·莘庄	站		zɛ⁶		zae6		自旧档汇入	2023-07-05T08:47:08+08:00
上海县·莘庄	栈		zɛ⁶		zae6		自旧档汇入	2023-07-05T08:47:08+08:00
上海县·莘庄	绸		zɤ²		zeu2		自旧档汇入	2023-07-05T08:47:08+08:00
上海县·莘庄	稠		zɤ²		zeu2		自旧档汇入	2023-07-05T08:47:08+08:00
上海县·莘庄	筹		zɤ²		zeu2		自旧档汇入	2023-07-05T08:47:08+08:00
上海县·莘庄	愁		zɤ²		zeu2		自旧档汇入	2023-07-05T08:47:08+08:00
上海县·莘庄	仇		zɤ²		zeu2		自旧档汇入	2023-07-05T08:47:08+08:00
上海县·莘庄	酬		zɤ²		zeu2		自旧档汇入	2023-07-05T08:47:08+08:00
上海县·莘庄	受		zɤ⁶		zeu6		自旧档汇入	2023-07-05T08:47:08+08:00
上海县·莘庄	宙		zɤ⁶		zeu6		自旧档汇入	2023-07-05T08:47:08+08:00
上海县·莘庄	寿		zɤ⁶		zeu6		自旧档汇入	2023-07-05T08:47:08+08:00
上海县·莘庄	授		zɤ⁶		zeu6		自旧档汇入	2023-07-05T08:47:08+08:00
上海县·莘庄	售		zɤ⁶		zeu6		自旧档汇入	2023-07-05T08:47:08+08:00
上海县·莘庄	徐		zi²		zi2		自旧档汇入	2023-07-05T08:47:08+08:00
上海县·莘庄	齐		zi²		zi2		自旧档汇入	2023-07-05T08:47:08+08:00
上海县·莘庄	荠		zi⁶		zi6		自旧档汇入	2023-07-05T08:47:08+08:00
上海县·莘庄	潜		zi⁶		zi6		自旧档汇入	2023-07-05T08:47:08+08:00
上海县·莘庄	钱		zi²		zi2		自旧档汇入	2023-07-05T08:47:08+08:00
上海县·莘庄	前		zi²		zi2		自旧档汇入	2023-07-05T08:47:08+08:00
上海县·莘庄	全		zi²		zi2		自旧档汇入	2023-07-05T08:47:08+08:00
上海县·莘庄	泉		zi²		zi2		自旧档汇入	2023-07-05T08:47:08+08:00
上海县·莘庄	旋		zi²		zi2		自旧档汇入	2023-07-05T08:47:08+08:00
上海县·莘庄	贱		zi⁶		zi6		自旧档汇入	2023-07-05T08:47:08+08:00
上海县·莘庄	墙		ziã²		zian2		自旧档汇入	2023-07-05T08:47:08+08:00
上海县·莘庄	详		ziã²		zian2		自旧档汇入	2023-07-05T08:47:08+08:00
上海县·莘庄	祥		ziã²		zian2		自旧档汇入	2023-07-05T08:47:08+08:00
上海县·莘庄	象		ziã⁶		zian6		自旧档汇入	2023-07-05T08:47:08+08:00
上海县·莘庄	橡		ziã⁶		zian6		自旧档汇入	2023-07-05T08:47:08+08:00
上海县·莘庄	匠		ziã⁶		zian6		自旧档汇入	2023-07-05T08:47:08+08:00
上海县·莘庄	邪		ziᴀ²		zia2		自旧档汇入	2023-07-05T08:47:08+08:00
上海县·莘庄	斜		ziᴀ²		zia2		自旧档汇入	2023-07-05T08:47:08+08:00
上海县·莘庄	谢		ziᴀ⁶		zia6		自旧档汇入	2023-07-05T08:47:08+08:00
上海县·莘庄	嚼		ziᴀʔ⁸		ziaq8		自旧档汇入	2023-07-05T08:47:08+08:00
上海县·莘庄	疾		tsʰiəʔ⁷		tshieq7		自旧档汇入	2023-07-05T08:47:08+08:00
上海县·莘庄	囚		ziɤ²		zieu2		自旧档汇入	2023-07-05T08:47:08+08:00
上海县·莘庄	泅		ziɤ²		zieu2		自旧档汇入	2023-07-05T08:47:08+08:00
上海县·莘庄	就		ziɤ⁶		zieu6		自旧档汇入	2023-07-05T08:47:08+08:00
上海县·莘庄	袖		ziɤ⁶		zieu6		自旧档汇入	2023-07-05T08:47:08+08:00
上海县·莘庄	捷		ziɪʔ⁸		ziq8		自旧档汇入	2023-07-05T08:47:08+08:00
上海县·莘庄	集		ziɪʔ⁸		ziq8		自旧档汇入	2023-07-05T08:47:08+08:00
上海县·莘庄	习		ziɪʔ⁸		ziq8		自旧档汇入	2023-07-05T08:47:08+08:00
上海县·莘庄	袭		ziɪʔ⁸		ziq8		自旧档汇入	2023-07-05T08:47:08+08:00
上海县·莘庄	拾	（~起来）	zəʔ⁸		zeq8		自旧档汇入	2023-07-05T08:47:08+08:00
上海县·莘庄	绝		ziɪʔ⁸		ziq8		自旧档汇入	2023-07-05T08:47:08+08:00
上海县·莘庄	籍		ziəʔ⁸		zieq8		自旧档汇入	2023-07-05T08:47:08+08:00
上海县·莘庄	席		ziəʔ⁸		zieq8		自旧档汇入	2023-07-05T08:47:08+08:00
上海县·莘庄	夕		ziəʔ⁸		zieq8		自旧档汇入	2023-07-05T08:47:08+08:00
上海县·莘庄	寻		ziŋ²		zin2		自旧档汇入	2023-07-05T08:47:08+08:00
上海县·莘庄	秦		ziŋ²		zin2		自旧档汇入	2023-07-05T08:47:08+08:00
上海县·莘庄	尽		ziŋ⁶		zin6		自旧档汇入	2023-07-05T08:47:08+08:00
上海县·莘庄	旬		ziŋ²		zin2		自旧档汇入	2023-07-05T08:47:08+08:00
上海县·莘庄	循		ziŋ²		zin2		自旧档汇入	2023-07-05T08:47:08+08:00
上海县·莘庄	巡		ziŋ²		zin2		自旧档汇入	2023-07-05T08:47:08+08:00
上海县·莘庄	情		ziŋ²		zin2		自旧档汇入	2023-07-05T08:47:08+08:00
上海县·莘庄	晴		ziŋ²		zin2		自旧档汇入	2023-07-05T08:47:08+08:00
上海县·莘庄	静		ziŋ⁶		zin6		自旧档汇入	2023-07-05T08:47:08+08:00
上海县·莘庄	靖		ɸɑ̃¹		faon1		自旧档汇入	2023-07-05T08:47:08+08:00
上海县·莘庄	净		ziŋ⁶		zin6		自旧档汇入	2023-07-05T08:47:08+08:00
上海县·莘庄	茶		zo²		zo2		自旧档汇入	2023-07-05T08:47:08+08:00
上海县·莘庄	查	（调~）	zo²		zo2		自旧档汇入	2023-07-05T08:47:08+08:00
上海县·莘庄	蛇		zo²		zo2		自旧档汇入	2023-07-05T08:47:08+08:00
上海县·莘庄	佘		zo²		zo2		自旧档汇入	2023-07-05T08:47:08+08:00
上海县·莘庄	社		zo⁶		zo6		自旧档汇入	2023-07-05T08:47:08+08:00
上海县·莘庄	巢		ziɔ²		ziau2		自旧档汇入	2023-07-05T08:47:08+08:00
上海县·莘庄	乍		zo⁶		zo6		自旧档汇入	2023-07-05T08:47:08+08:00
上海县·莘庄	麝		zo⁶		zo6		自旧档汇入	2023-07-05T08:47:08+08:00
上海县·莘庄	射		zɔʔ⁸		zaoq8		自旧档汇入	2023-07-05T08:47:08+08:00
上海县·莘庄	随		zy²		ziu2		自旧档汇入	2023-07-05T08:47:08+08:00
上海县·莘庄	垂		zø²		zoe2		自旧档汇入	2023-07-05T08:47:08+08:00
上海县·莘庄	睡		zø⁶		zoe6		自旧档汇入	2023-07-05T08:47:08+08:00
上海县·莘庄	谁		zø²		zoe2		自旧档汇入	2023-07-05T08:47:08+08:00
上海县·莘庄	罪		zø⁶		zoe6		自旧档汇入	2023-07-05T08:47:08+08:00
上海县·莘庄	瑞		zy⁶		ziu6		自旧档汇入	2023-07-05T08:47:08+08:00
上海县·莘庄	隧		zø⁶		zoe6		自旧档汇入	2023-07-05T08:47:08+08:00
上海县·莘庄	丛		zoŋ²		zon2		自旧档汇入	2023-07-05T08:47:08+08:00
上海县·莘庄	虫		zoŋ²		zon2		自旧档汇入	2023-07-05T08:47:08+08:00
上海县·莘庄	崇		zoŋ⁶		zon6		自旧档汇入	2023-07-05T08:47:08+08:00
上海县·莘庄	从		zoŋ²		zon2		自旧档汇入	2023-07-05T08:47:08+08:00
上海县·莘庄	重	（～复）	ɦyoŋ²		ghyon2		自旧档汇入	2023-07-05T08:47:08+08:00
上海县·莘庄	重	（轻～）	zoŋ⁶		zon6		自旧档汇入	2023-07-05T08:47:08+08:00
上海县·莘庄	仲		zoŋ⁶		zon6		自旧档汇入	2023-07-05T08:47:08+08:00
上海县·莘庄	诵		zoŋ⁶		zon6		自旧档汇入	2023-07-05T08:47:08+08:00
上海县·莘庄	颂		ɦyoŋ²		ghyon2		自旧档汇入	2023-07-05T08:47:08+08:00
上海县·莘庄	讼		zoŋ⁶		zon6		自旧档汇入	2023-07-05T08:47:08+08:00
上海县·莘庄	族		ɦyoŋ²		ghyon2		自旧档汇入	2023-07-05T08:47:08+08:00
上海县·莘庄	熟		zoʔ⁸		zoq8		自旧档汇入	2023-07-05T08:47:08+08:00
上海县·莘庄	淑		zoʔ⁸		zoq8		自旧档汇入	2023-07-05T08:47:08+08:00
上海县·莘庄	俗		zoʔ⁸		zoq8		自旧档汇入	2023-07-05T08:47:08+08:00
上海县·莘庄	续		ɦyoŋ²		ghyon2		自旧档汇入	2023-07-05T08:47:08+08:00
上海县·莘庄	赎		zoʔ⁸		zoq8		自旧档汇入	2023-07-05T08:47:08+08:00
上海县·莘庄	属		ɦyoŋ²		ghyon2		自旧档汇入	2023-07-05T08:47:08+08:00
上海县·莘庄	辱		zoʔ⁸		zoq8		自旧档汇入	2023-07-05T08:47:08+08:00
上海县·莘庄	曹		zɔ²		zau2		自旧档汇入	2023-07-05T08:47:08+08:00
上海县·莘庄	槽		zɔ²		zau2		自旧档汇入	2023-07-05T08:47:08+08:00
上海县·莘庄	皂		zɔ⁶		zau6		自旧档汇入	2023-07-05T08:47:08+08:00
上海县·莘庄	造	（建~）	zɔ⁶		zau6		自旧档汇入	2023-07-05T08:47:08+08:00
上海县·莘庄	朝	（~代）	zɔ²		zau2		自旧档汇入	2023-07-05T08:47:08+08:00
上海县·莘庄	潮		zɔ²		zau2		自旧档汇入	2023-07-05T08:47:08+08:00
上海县·莘庄	赵		zɔ⁶		zau6		自旧档汇入	2023-07-05T08:47:08+08:00
上海县·莘庄	兆		zɔ⁶		zau6		自旧档汇入	2023-07-05T08:47:08+08:00
上海县·莘庄	绍		zɔ⁶		zau6		自旧档汇入	2023-07-05T08:47:08+08:00
上海县·莘庄	扰		ɲiɔ⁶/zɔ⁶		gniau6/zau6		自旧档汇入	2023-07-05T08:47:08+08:00
上海县·莘庄	韶		zɔ²		zau2		自旧档汇入	2023-07-05T08:47:08+08:00
上海县·莘庄	召	（号~）	zɔ⁶		zau6		自旧档汇入	2023-07-05T08:47:08+08:00
上海县·莘庄	邵		zɔ⁶		zau6		自旧档汇入	2023-07-05T08:47:08+08:00
上海县·莘庄	昨		zɔʔ⁸/zo⁶		zaoq8/zo6		自旧档汇入	2023-07-05T08:47:08+08:00
上海县·莘庄	勺		zɔʔ⁸		zaoq8		自旧档汇入	2023-07-05T08:47:08+08:00
上海县·莘庄	浊		zɔʔ⁸		zaoq8		自旧档汇入	2023-07-05T08:47:08+08:00
上海县·莘庄	镯		zɔʔ⁸		zaoq8		自旧档汇入	2023-07-05T08:47:08+08:00
上海县·莘庄	射		zɔʔ⁸		zaoq8		自旧档汇入	2023-07-05T08:47:08+08:00
上海县·莘庄	池		zɿ²		zy2		自旧档汇入	2023-07-05T08:47:08+08:00
上海县·莘庄	驰		zɿ²		zy2		自旧档汇入	2023-07-05T08:47:08+08:00
上海县·莘庄	是		zɿ⁶		zy6		自旧档汇入	2023-07-05T08:47:08+08:00
上海县·莘庄	瓷		zɿ²		zy2		自旧档汇入	2023-07-05T08:47:08+08:00
上海县·莘庄	迟		zɿ²		zy2		自旧档汇入	2023-07-05T08:47:08+08:00
上海县·莘庄	稚		zɿ²		zy2		自旧档汇入	2023-07-05T08:47:08+08:00
上海县·莘庄	示		zɿ⁶		zy6		自旧档汇入	2023-07-05T08:47:08+08:00
上海县·莘庄	视		zɿ⁶		zy6		自旧档汇入	2023-07-05T08:47:08+08:00
上海县·莘庄	磁		zɿ²		zy2		自旧档汇入	2023-07-05T08:47:08+08:00
上海县·莘庄	辞		zɿ²		zy2		自旧档汇入	2023-07-05T08:47:08+08:00
上海县·莘庄	词		zɿ²		zy2		自旧档汇入	2023-07-05T08:47:08+08:00
上海县·莘庄	祠		zɿ²		zy2		自旧档汇入	2023-07-05T08:47:08+08:00
上海县·莘庄	持		zɿ⁶		zy6		自旧档汇入	2023-07-05T08:47:08+08:00
上海县·莘庄	时		zɿ²		zy2		自旧档汇入	2023-07-05T08:47:08+08:00
上海县·莘庄	痔		zɿ⁶		zy6		自旧档汇入	2023-07-05T08:47:08+08:00
上海县·莘庄	士		zɿ⁶		zy6		自旧档汇入	2023-07-05T08:47:08+08:00
上海县·莘庄	柿		zɿ⁶		zy6		自旧档汇入	2023-07-05T08:47:08+08:00
上海县·莘庄	市		zɿ⁶		zy6		自旧档汇入	2023-07-05T08:47:08+08:00
上海县·莘庄	恃		zɿ⁶		zy6		自旧档汇入	2023-07-05T08:47:08+08:00
上海县·莘庄	誓		zɿ⁶		zy6		自旧档汇入	2023-07-05T08:47:08+08:00
上海县·莘庄	逝		zɿ⁶		zy6		自旧档汇入	2023-07-05T08:47:08+08:00
上海县·莘庄	氏		zɿ⁶		zy6		自旧档汇入	2023-07-05T08:47:08+08:00
上海县·莘庄	自		zɿ⁶		zy6		自旧档汇入	2023-07-05T08:47:08+08:00
上海县·莘庄	字		zɿ⁶		zy6		自旧档汇入	2023-07-05T08:47:08+08:00
上海县·莘庄	寺		zɿ⁶		zy6		自旧档汇入	2023-07-05T08:47:08+08:00
上海县·莘庄	嗣		zɿ⁶		zy6		自旧档汇入	2023-07-05T08:47:08+08:00
上海县·莘庄	饲		zɿ²		zy2		自旧档汇入	2023-07-05T08:47:08+08:00
上海县·莘庄	治		zɿ⁶		zy6		自旧档汇入	2023-07-05T08:47:08+08:00
上海县·莘庄	事		zɿ⁶		zy6		自旧档汇入	2023-07-05T08:47:08+08:00
上海县·莘庄	坐		zu⁶		zu6		自旧档汇入	2023-07-05T08:47:08+08:00
上海县·莘庄	座		zu⁶		zu6		自旧档汇入	2023-07-05T08:47:08+08:00
上海县·莘庄	助		zu⁶		zu6		自旧档汇入	2023-07-05T08:47:08+08:00
上海县·莘庄	锄		zɿ²/zu²		zy2/zu2		自旧档汇入	2023-07-05T08:47:08+08:00
上海县·莘庄	贼		zʌʔ⁸		zeoq8		自旧档汇入	2023-07-05T08:47:08+08:00
上海县·莘庄	直		zʌʔ⁸		zeoq8		自旧档汇入	2023-07-05T08:47:08+08:00
上海县·莘庄	值		zʌʔ⁸		zeoq8		自旧档汇入	2023-07-05T08:47:08+08:00
上海县·莘庄	食		zʌʔ⁸		zeoq8		自旧档汇入	2023-07-05T08:47:08+08:00
上海县·莘庄	殖		zʌʔ⁸		zeoq8		自旧档汇入	2023-07-05T08:47:08+08:00
上海县·莘庄	植		zʌʔ⁸		zeoq8		自旧档汇入	2023-07-05T08:47:08+08:00
上海县·莘庄	泽		zʌʔ⁸		zeoq8		自旧档汇入	2023-07-05T08:47:08+08:00
上海县·莘庄	择		zʌʔ⁸		zeoq8		自旧档汇入	2023-07-05T08:47:08+08:00
上海县·莘庄	除		zy²		ziu2		自旧档汇入	2023-07-05T08:47:08+08:00
上海县·莘庄	储		zy⁶		ziu6		自旧档汇入	2023-07-05T08:47:08+08:00
上海县·莘庄	如		zy²		ziu2		自旧档汇入	2023-07-05T08:47:08+08:00
上海县·莘庄	序		zy⁶		ziu6		自旧档汇入	2023-07-05T08:47:08+08:00
上海县·莘庄	叙		zy⁶		ziu6		自旧档汇入	2023-07-05T08:47:08+08:00
上海县·莘庄	绪		zy⁶		ziu6		自旧档汇入	2023-07-05T08:47:08+08:00
上海县·莘庄	汝		zy²		ziu2		自旧档汇入	2023-07-05T08:47:08+08:00
上海县·莘庄	薯	（白~）	zy⁶		ziu6		自旧档汇入	2023-07-05T08:47:08+08:00
上海县·莘庄	厨		zy²		ziu2		自旧档汇入	2023-07-05T08:47:08+08:00
上海县·莘庄	殊		zy²		ziu2		自旧档汇入	2023-07-05T08:47:08+08:00
上海县·莘庄	儒		zy²		ziu2		自旧档汇入	2023-07-05T08:47:08+08:00
上海县·莘庄	聚		zy⁶		ziu6		自旧档汇入	2023-07-05T08:47:08+08:00
上海县·莘庄	柱		zy⁶		ziu6		自旧档汇入	2023-07-05T08:47:08+08:00
上海县·莘庄	竖		zy⁶		ziu6		自旧档汇入	2023-07-05T08:47:08+08:00
上海县·莘庄	乳		zy⁶		ziu6		自旧档汇入	2023-07-05T08:47:08+08:00
上海县·莘庄	住		zy⁶		ziu6		自旧档汇入	2023-07-05T08:47:08+08:00
上海县·莘庄	树		zy⁶		ziu6		自旧档汇入	2023-07-05T08:47:08+08:00
上海县·莘庄	浜		ʔbã¹		pan1		自旧档汇入	2023-07-05T08:47:08+08:00
上海县·莘庄	八		ʔbæʔ⁷		paeq7		自旧档汇入	2023-07-05T08:47:08+08:00
上海县·莘庄	爸		ʔbᴀ⁵		pa5		自旧档汇入	2023-07-05T08:47:08+08:00
上海县·莘庄	摆		ʔbᴀ³		pa3		自旧档汇入	2023-07-05T08:47:08+08:00
上海县·莘庄	拜		ʔbᴀ⁵		pa5		自旧档汇入	2023-07-05T08:47:08+08:00
上海县·莘庄	百		ʔbᴀʔ⁷		paq⁷		自旧档汇入	2023-07-05T08:47:08+08:00
上海县·莘庄	柏		ʔbᴀʔ⁷		paq⁷		自旧档汇入	2023-07-05T08:47:08+08:00
上海县·莘庄	伯		ʔbᴀʔ⁷		paq⁷		自旧档汇入	2023-07-05T08:47:08+08:00
上海县·莘庄	擘		ʔbɛ¹		pae1		自旧档汇入	2023-07-05T08:47:08+08:00
上海县·莘庄	帮		ʔbɑ̃¹		paon1		自旧档汇入	2023-07-05T08:47:08+08:00
上海县·莘庄	邦		ʔbɑ̃¹		paon1		自旧档汇入	2023-07-05T08:47:08+08:00
上海县·莘庄	榜		ʔbɑ̃³		paon3		自旧档汇入	2023-07-05T08:47:08+08:00
上海县·莘庄	绑		ʔbɑ̃³		paon3		自旧档汇入	2023-07-05T08:47:08+08:00
上海县·莘庄	谤		ʔbɑ̃⁵		paon5		自旧档汇入	2023-07-05T08:47:08+08:00
上海县·莘庄	杯		ʔbe¹		pe1		自旧档汇入	2023-07-05T08:47:08+08:00
上海县·莘庄	碑		ʔbi¹		pi1		自旧档汇入	2023-07-05T08:47:08+08:00
上海县·莘庄	卑		ʔbi¹		pi1		自旧档汇入	2023-07-05T08:47:08+08:00
上海县·莘庄	悲		ʔbe¹		pe1		自旧档汇入	2023-07-05T08:47:08+08:00
上海县·莘庄	搬		ʔbe¹		pe1		自旧档汇入	2023-07-05T08:47:08+08:00
上海县·莘庄	贝		ʔbi⁵		pi5		自旧档汇入	2023-07-05T08:47:08+08:00
上海县·莘庄	辈		ʔbi⁵		pi5		自旧档汇入	2023-07-05T08:47:08+08:00
上海县·莘庄	背		ʔbi⁵		pi5		自旧档汇入	2023-07-05T08:47:08+08:00
上海县·莘庄	半		ʔbe⁵		pe5		自旧档汇入	2023-07-05T08:47:08+08:00
上海县·莘庄	奔		ʔbəŋ¹		pen1		自旧档汇入	2023-07-05T08:47:08+08:00
上海县·莘庄	崩		ʔbəŋ¹		pen1		自旧档汇入	2023-07-05T08:47:08+08:00
上海县·莘庄	本		ʔbəŋ³		pen3		自旧档汇入	2023-07-05T08:47:08+08:00
上海县·莘庄	拨		ʔbəʔ⁷		peq7		自旧档汇入	2023-07-05T08:47:08+08:00
上海县·莘庄	不		ʔbəʔ⁷		peq7		自旧档汇入	2023-07-05T08:47:08+08:00
上海县·莘庄	斑		ʔbɛ¹		pae1		自旧档汇入	2023-07-05T08:47:08+08:00
上海县·莘庄	班		ʔbɛ¹		pae1		自旧档汇入	2023-07-05T08:47:08+08:00
上海县·莘庄	颁		ʔbɛ¹		pae1		自旧档汇入	2023-07-05T08:47:08+08:00
上海县·莘庄	扳		ʔbɛ¹		pae1		自旧档汇入	2023-07-05T08:47:08+08:00
上海县·莘庄	般		ʔbɛ¹		pae1		自旧档汇入	2023-07-05T08:47:08+08:00
上海县·莘庄	板		ʔbɛ³		pae3		自旧档汇入	2023-07-05T08:47:08+08:00
上海县·莘庄	版		ʔbɛ³		pae3		自旧档汇入	2023-07-05T08:47:08+08:00
上海县·莘庄	扮		ʔbɛ⁵		pae5		自旧档汇入	2023-07-05T08:47:08+08:00
上海县·莘庄	绊		ʔbɛ⁵		pae5		自旧档汇入	2023-07-05T08:47:08+08:00
上海县·莘庄	褒		ʔbɔ³		pau3		自旧档汇入	2023-07-05T08:47:08+08:00
上海县·莘庄	憋		ʔbiɪ⁷		piɪ⁷		自旧档汇入	2023-07-05T08:47:08+08:00
上海县·莘庄	边		ʔbi¹		pi1		自旧档汇入	2023-07-05T08:47:08+08:00
上海县·莘庄	蝙		ʔbi¹		pi1		自旧档汇入	2023-07-05T08:47:08+08:00
上海县·莘庄	比		ʔbi³		pi3		自旧档汇入	2023-07-05T08:47:08+08:00
上海县·莘庄	扁		ʔbi³		pi3		自旧档汇入	2023-07-05T08:47:08+08:00
上海县·莘庄	匾		ʔbi³		pi3		自旧档汇入	2023-07-05T08:47:08+08:00
上海县·莘庄	闭		ʔbi⁵		pi5		自旧档汇入	2023-07-05T08:47:08+08:00
上海县·莘庄	臂		ʔbi⁵		pi5		自旧档汇入	2023-07-05T08:47:08+08:00
上海县·莘庄	秘		ʔbi⁵		pi5		自旧档汇入	2023-07-05T08:47:08+08:00
上海县·莘庄	泌		ʔbi⁵		pi5		自旧档汇入	2023-07-05T08:47:08+08:00
上海县·莘庄	庇		ʔbi⁵		pi5		自旧档汇入	2023-07-05T08:47:08+08:00
上海县·莘庄	贬		ʔbi⁵		pi5		自旧档汇入	2023-07-05T08:47:08+08:00
上海县·莘庄	变		ʔbi⁵		pi5		自旧档汇入	2023-07-05T08:47:08+08:00
上海县·莘庄	遍		ʔbi³		pi3		自旧档汇入	2023-07-05T08:47:08+08:00
上海县·莘庄	鳖		ʔbiɪʔ⁷		piq7		自旧档汇入	2023-07-05T08:47:08+08:00
上海县·莘庄	笔		ʔbiɪʔ⁷		piq7		自旧档汇入	2023-07-05T08:47:08+08:00
上海县·莘庄	毕		ʔbiɪʔ⁷		piq7		自旧档汇入	2023-07-05T08:47:08+08:00
上海县·莘庄	必		ʔbiɪʔ⁷		piq7		自旧档汇入	2023-07-05T08:47:08+08:00
上海县·莘庄	逼		ʔbiɪʔ⁷		piq7		自旧档汇入	2023-07-05T08:47:08+08:00
上海县·莘庄	碧		ʔbiəʔ⁷		pieq7		自旧档汇入	2023-07-05T08:47:08+08:00
上海县·莘庄	璧		ʔbiəʔ⁷		pieq7		自旧档汇入	2023-07-05T08:47:08+08:00
上海县·莘庄	壁		ʔbiəʔ⁷		pieq7		自旧档汇入	2023-07-05T08:47:08+08:00
上海县·莘庄	别		ʔbiɪʔ⁸		piq8		自旧档汇入	2023-07-05T08:47:08+08:00
上海县·莘庄	彬		ʔbiŋ¹		pin1		自旧档汇入	2023-07-05T08:47:08+08:00
上海县·莘庄	宾		ʔbiŋ¹		pin1		自旧档汇入	2023-07-05T08:47:08+08:00
上海县·莘庄	殡		ʔbiŋ¹		pin1		自旧档汇入	2023-07-05T08:47:08+08:00
上海县·莘庄	冰		ʔbiŋ¹		pin1		自旧档汇入	2023-07-05T08:47:08+08:00
上海县·莘庄	兵		ʔbiŋ¹		pin1		自旧档汇入	2023-07-05T08:47:08+08:00
上海县·莘庄	丙		ʔbiŋ³		pin3		自旧档汇入	2023-07-05T08:47:08+08:00
上海县·莘庄	柄		ʔbiŋ⁵		pin5		自旧档汇入	2023-07-05T08:47:08+08:00
上海县·莘庄	饼		ɸɑ̃¹		faon1		自旧档汇入	2023-07-05T08:47:08+08:00
上海县·莘庄	併		ʔbiŋ³		pin3		自旧档汇入	2023-07-05T08:47:08+08:00
上海县·莘庄	彪		ʔbiɔ¹		piau1		自旧档汇入	2023-07-05T08:47:08+08:00
上海县·莘庄	膘		ʔbiɔ¹		piau1		自旧档汇入	2023-07-05T08:47:08+08:00
上海县·莘庄	标		ʔbiɔ¹		piau1		自旧档汇入	2023-07-05T08:47:08+08:00
上海县·莘庄	表		ʔbiɔ³		piau3		自旧档汇入	2023-07-05T08:47:08+08:00
上海县·莘庄	巴		ʔbo¹		po1		自旧档汇入	2023-07-05T08:47:08+08:00
上海县·莘庄	芭		ʔbo¹		po1		自旧档汇入	2023-07-05T08:47:08+08:00
上海县·莘庄	疤		ʔbo¹		po1		自旧档汇入	2023-07-05T08:47:08+08:00
上海县·莘庄	把		ʔbo³		po3		自旧档汇入	2023-07-05T08:47:08+08:00
上海县·莘庄	霸		ʔbo⁵		po5		自旧档汇入	2023-07-05T08:47:08+08:00
上海县·莘庄	欛		ʔbo⁵		po5		自旧档汇入	2023-07-05T08:47:08+08:00
上海县·莘庄	壩		ʔbo⁵		po5		自旧档汇入	2023-07-05T08:47:08+08:00
上海县·莘庄	博		ʔbɔʔ⁷		paoq7		自旧档汇入	2023-07-05T08:47:08+08:00
上海县·莘庄	剥		ʔboʔ⁷		poq7		自旧档汇入	2023-07-05T08:47:08+08:00
上海县·莘庄	北		ʔboʔ⁷		poq7		自旧档汇入	2023-07-05T08:47:08+08:00
上海县·莘庄	卜		ʔboʔ⁷		poq7		自旧档汇入	2023-07-05T08:47:08+08:00
上海县·莘庄	包		ʔbɔ¹		pau1		自旧档汇入	2023-07-05T08:47:08+08:00
上海县·莘庄	胞		ʔbɔ¹		pau1		自旧档汇入	2023-07-05T08:47:08+08:00
上海县·莘庄	保		ʔbɔ³		pau3		自旧档汇入	2023-07-05T08:47:08+08:00
上海县·莘庄	堡		ʔbɔ³		pau3		自旧档汇入	2023-07-05T08:47:08+08:00
上海县·莘庄	宝		ʔbɔ³		pau3		自旧档汇入	2023-07-05T08:47:08+08:00
上海县·莘庄	饱		ʔbɔ³		pau3		自旧档汇入	2023-07-05T08:47:08+08:00
上海县·莘庄	报		ʔbɔ⁵		pau5		自旧档汇入	2023-07-05T08:47:08+08:00
上海县·莘庄	豹		ʔbɔ⁵		pau5		自旧档汇入	2023-07-05T08:47:08+08:00
上海县·莘庄	波		ʔbu¹		pu1		自旧档汇入	2023-07-05T08:47:08+08:00
上海县·莘庄	菠		ʔbu¹		pu1		自旧档汇入	2023-07-05T08:47:08+08:00
上海县·莘庄	补		ʔbu³		pu3		自旧档汇入	2023-07-05T08:47:08+08:00
上海县·莘庄	布		ʔbu⁵		pu5		自旧档汇入	2023-07-05T08:47:08+08:00
上海县·莘庄	佈		ʔbu³		pu3		自旧档汇入	2023-07-05T08:47:08+08:00
上海县·莘庄	答		ʔdəʔ⁷		teq7		自旧档汇入	2023-07-05T08:47:08+08:00
上海县·莘庄	搭		ʔdæʔ⁷		taeq7		自旧档汇入	2023-07-05T08:47:08+08:00
上海县·莘庄	带		ʔdᴀ⁵		ta5		自旧档汇入	2023-07-05T08:47:08+08:00
上海县·莘庄	戴		te⁵（ʔde⁵）		te5（te5）		自旧档汇入	2023-07-05T08:47:08+08:00
上海县·莘庄	当	（~时）	ʔdɑ̃¹		taon1		自旧档汇入	2023-07-05T08:47:08+08:00
上海县·莘庄	党		ʔdɑ̃³		taon3		自旧档汇入	2023-07-05T08:47:08+08:00
上海县·莘庄	当	（~作）	ʔdɑ̃⁵		taon5		自旧档汇入	2023-07-05T08:47:08+08:00
上海县·莘庄	呆	（~瓜）	ʔde¹		te1		自旧档汇入	2023-07-05T08:47:08+08:00
上海县·莘庄	堆		ʔdi¹		ti1		自旧档汇入	2023-07-05T08:47:08+08:00
上海县·莘庄	敦		ʔdəŋ¹		ten1		自旧档汇入	2023-07-05T08:47:08+08:00
上海县·莘庄	蹲		ʔdəŋ¹		ten1		自旧档汇入	2023-07-05T08:47:08+08:00
上海县·莘庄	登		ʔdəŋ¹		ten1		自旧档汇入	2023-07-05T08:47:08+08:00
上海县·莘庄	灯		ʔdəŋ¹		ten1		自旧档汇入	2023-07-05T08:47:08+08:00
上海县·莘庄	顿		ʔdəŋ⁵		ten5		自旧档汇入	2023-07-05T08:47:08+08:00
上海县·莘庄	等		ʔdəŋ³		ten3		自旧档汇入	2023-07-05T08:47:08+08:00
上海县·莘庄	凳		ʔdəŋ⁵		ten5		自旧档汇入	2023-07-05T08:47:08+08:00
上海县·莘庄	耽		ʔdɛ¹		tae1		自旧档汇入	2023-07-05T08:47:08+08:00
上海县·莘庄	担	(~任)	ʔdɛ¹		tae1		自旧档汇入	2023-07-05T08:47:08+08:00
上海县·莘庄	丹		ʔdɛ¹		tae1		自旧档汇入	2023-07-05T08:47:08+08:00
上海县·莘庄	单	（~独）	ʔdɛ¹		tae1		自旧档汇入	2023-07-05T08:47:08+08:00
上海县·莘庄	胆		ʔdɛ³		tae3		自旧档汇入	2023-07-05T08:47:08+08:00
上海县·莘庄	诞		ʔdɛ¹		tae1		自旧档汇入	2023-07-05T08:47:08+08:00
上海县·莘庄	担	(挑~)	ʔdɛ⁵		tae5		自旧档汇入	2023-07-05T08:47:08+08:00
上海县·莘庄	兜		ʔdɤ³		teu3		自旧档汇入	2023-07-05T08:47:08+08:00
上海县·莘庄	斗		ʔdɤ³		teu3		自旧档汇入	2023-07-05T08:47:08+08:00
上海县·莘庄	抖		ʔdɤ³		teu3		自旧档汇入	2023-07-05T08:47:08+08:00
上海县·莘庄	陡		ʔdɤ³		teu3		自旧档汇入	2023-07-05T08:47:08+08:00
上海县·莘庄	斗		ʔdɤ⁵		teu5		自旧档汇入	2023-07-05T08:47:08+08:00
上海县·莘庄	低		ʔdi¹		ti1		自旧档汇入	2023-07-05T08:47:08+08:00
上海县·莘庄	掂		ʔdi⁵		ti5		自旧档汇入	2023-07-05T08:47:08+08:00
上海县·莘庄	颠		ʔdi¹		ti1		自旧档汇入	2023-07-05T08:47:08+08:00
上海县·莘庄	底		ʔdi³		ti3		自旧档汇入	2023-07-05T08:47:08+08:00
上海县·莘庄	抵		ʔdi³		ti3		自旧档汇入	2023-07-05T08:47:08+08:00
上海县·莘庄	点		ʔdi³		ti3		自旧档汇入	2023-07-05T08:47:08+08:00
上海县·莘庄	典		ʔdi³		ti3		自旧档汇入	2023-07-05T08:47:08+08:00
上海县·莘庄	帝		ʔdi⁵		ti5		自旧档汇入	2023-07-05T08:47:08+08:00
上海县·莘庄	店		ʔdi⁵		ti5		自旧档汇入	2023-07-05T08:47:08+08:00
上海县·莘庄	爹		tiᴀ¹		tia1		自旧档汇入	2023-07-05T08:47:08+08:00
上海县·莘庄	丢		ʔdiɤ¹		tieu1		自旧档汇入	2023-07-05T08:47:08+08:00
上海县·莘庄	跌		ʔdiɪʔ⁷		tiq7		自旧档汇入	2023-07-05T08:47:08+08:00
上海县·莘庄	的		ʔdiɪʔ⁷		tiq7		自旧档汇入	2023-07-05T08:47:08+08:00
上海县·莘庄	滴		ʔdiəʔ⁷		tieq7		自旧档汇入	2023-07-05T08:47:08+08:00
上海县·莘庄	嫡		ʔdiəʔ⁷		tieq7		自旧档汇入	2023-07-05T08:47:08+08:00
上海县·莘庄	丁		ʔdiŋ¹		tin1		自旧档汇入	2023-07-05T08:47:08+08:00
上海县·莘庄	钉		ʔdiŋ¹		tin1		自旧档汇入	2023-07-05T08:47:08+08:00
上海县·莘庄	疔		ʔdiŋ¹		tin1		自旧档汇入	2023-07-05T08:47:08+08:00
上海县·莘庄	订		ʔdiŋ¹		tin1		自旧档汇入	2023-07-05T08:47:08+08:00
上海县·莘庄	顶		ʔdiŋ³		tin3		自旧档汇入	2023-07-05T08:47:08+08:00
上海县·莘庄	刁		ʔdiɔ¹		tiau1		自旧档汇入	2023-07-05T08:47:08+08:00
上海县·莘庄	貂		ʔdiɔ¹		tiau1		自旧档汇入	2023-07-05T08:47:08+08:00
上海县·莘庄	雕		ʔdiɔ¹		tiau1		自旧档汇入	2023-07-05T08:47:08+08:00
上海县·莘庄	鸟		tiɔ³（ʔdiɔ³）		tiau3（tiau3）		自旧档汇入	2023-07-05T08:47:08+08:00
上海县·莘庄	钓		ʔdiɔ⁵		tiau5		自旧档汇入	2023-07-05T08:47:08+08:00
上海县·莘庄	吊		ʔdiɔ⁵		tiau5		自旧档汇入	2023-07-05T08:47:08+08:00
上海县·莘庄	端		ʔdø¹		toe1		自旧档汇入	2023-07-05T08:47:08+08:00
上海县·莘庄	短		ʔdø³		toe3		自旧档汇入	2023-07-05T08:47:08+08:00
上海县·莘庄	掸		ʔdø³		toe3		自旧档汇入	2023-07-05T08:47:08+08:00
上海县·莘庄	断	（决~）	ʔdø⁵		toe5		自旧档汇入	2023-07-05T08:47:08+08:00
上海县·莘庄	锻		ʔdø⁵		toe5		自旧档汇入	2023-07-05T08:47:08+08:00
上海县·莘庄	掇		ʔdœʔ⁷		toeq7		自旧档汇入	2023-07-05T08:47:08+08:00
上海县·莘庄	东		ʔdoŋ¹		ton1		自旧档汇入	2023-07-05T08:47:08+08:00
上海县·莘庄	冬		ʔdoŋ¹		ton1		自旧档汇入	2023-07-05T08:47:08+08:00
上海县·莘庄	董		ɦyoŋ²		ghyon2		自旧档汇入	2023-07-05T08:47:08+08:00
上海县·莘庄	懂		ʔdoŋ³		ton3		自旧档汇入	2023-07-05T08:47:08+08:00
上海县·莘庄	冻		ʔdoŋ⁵		ton5		自旧档汇入	2023-07-05T08:47:08+08:00
上海县·莘庄	栋		ʔdoŋ¹		ton1		自旧档汇入	2023-07-05T08:47:08+08:00
上海县·莘庄	笃		ʔdoʔ⁷		toq7		自旧档汇入	2023-07-05T08:47:08+08:00
上海县·莘庄	督		ʔdoʔ⁷		toq7		自旧档汇入	2023-07-05T08:47:08+08:00
上海县·莘庄	刀		ʔdɔ¹		tau1		自旧档汇入	2023-07-05T08:47:08+08:00
上海县·莘庄	岛		ʔdɔ⁵		tau5		自旧档汇入	2023-07-05T08:47:08+08:00
上海县·莘庄	倒	（打~）	ʔdɔ³		tau3		自旧档汇入	2023-07-05T08:47:08+08:00
上海县·莘庄	到		ʔdɔ⁵		tau5		自旧档汇入	2023-07-05T08:47:08+08:00
上海县·莘庄	倒	（~水）	ʔdɔ³		tau3		自旧档汇入	2023-07-05T08:47:08+08:00
上海县·莘庄	多		ʔdu¹		tu1		自旧档汇入	2023-07-05T08:47:08+08:00
上海县·莘庄	都		ʔdu¹		tu1		自旧档汇入	2023-07-05T08:47:08+08:00
上海县·莘庄	朵		tu³		tu3		自旧档汇入	2023-07-05T08:47:08+08:00
上海县·莘庄	堵		ʔdu³		tu3		自旧档汇入	2023-07-05T08:47:08+08:00
上海县·莘庄	赌		ʔdu³		tu3		自旧档汇入	2023-07-05T08:47:08+08:00
上海县·莘庄	肚	（鱼~）	ʔdu³		tu3		自旧档汇入	2023-07-05T08:47:08+08:00
上海县·莘庄	妬		ʔdu³		tu3		自旧档汇入	2023-07-05T08:47:08+08:00
上海县·莘庄	横	（蛮～）	βã²		van2		自旧档汇入	2023-07-05T08:47:08+08:00
上海县·莘庄	横	（～直）	ɸɑ̃¹		faon1		自旧档汇入	2023-07-05T08:47:08+08:00
上海县·莘庄	挖		uæʔ⁷		uaeq7		自旧档汇入	2023-07-05T08:47:08+08:00
上海县·莘庄	乏		βæʔ⁸		vaeq8		自旧档汇入	2023-07-05T08:47:08+08:00
上海县·莘庄	滑		βæʔ⁸		vaeq8		自旧档汇入	2023-07-05T08:47:08+08:00
上海县·莘庄	猾		βæʔ⁸		vaeq8		自旧档汇入	2023-07-05T08:47:08+08:00
上海县·莘庄	伐		βæʔ⁸		vaeq8		自旧档汇入	2023-07-05T08:47:08+08:00
上海县·莘庄	筏		βæʔ⁸		vaeq8		自旧档汇入	2023-07-05T08:47:08+08:00
上海县·莘庄	罚		βæʔ⁸		vaeq8		自旧档汇入	2023-07-05T08:47:08+08:00
上海县·莘庄	槐		βuᴀ²		vua2		自旧档汇入	2023-07-05T08:47:08+08:00
上海县·莘庄	淮		βuᴀ²		vua2		自旧档汇入	2023-07-05T08:47:08+08:00
上海县·莘庄	怀		βuᴀ²（-u-没必要加，音系处理错误？）		vua2（-u-没必要加，音系处理错误？）		自旧档汇入	2023-07-05T08:47:08+08:00
上海县·莘庄	坏		βuᴀ⁶		vua6		自旧档汇入	2023-07-05T08:47:08+08:00
上海县·莘庄	划		ɸɑ̃¹		faon1		自旧档汇入	2023-07-05T08:47:08+08:00
上海县·莘庄	汪		uɑ̃¹		uaon1		自旧档汇入	2023-07-05T08:47:08+08:00
上海县·莘庄	黄		βɑ̃²		vaon2		自旧档汇入	2023-07-05T08:47:08+08:00
上海县·莘庄	皇		βɑ̃²		vaon2		自旧档汇入	2023-07-05T08:47:08+08:00
上海县·莘庄	蝗		βɑ̃²		vaon2		自旧档汇入	2023-07-05T08:47:08+08:00
上海县·莘庄	房		βɑ̃²		vaon2		自旧档汇入	2023-07-05T08:47:08+08:00
上海县·莘庄	王		βɑ̃²		vaon2		自旧档汇入	2023-07-05T08:47:08+08:00
上海县·莘庄	往		uɑ̃¹		uaon1		自旧档汇入	2023-07-05T08:47:08+08:00
上海县·莘庄	萎		ue¹		ue1		自旧档汇入	2023-07-05T08:47:08+08:00
上海县·莘庄	威		ue¹		ue1		自旧档汇入	2023-07-05T08:47:08+08:00
上海县·莘庄	慰		ue¹		ue1		自旧档汇入	2023-07-05T08:47:08+08:00
上海县·莘庄	桅		βi²		vi2		自旧档汇入	2023-07-05T08:47:08+08:00
上海县·莘庄	回		βi²		vi2		自旧档汇入	2023-07-05T08:47:08+08:00
上海县·莘庄	茴		βi²		vi2		自旧档汇入	2023-07-05T08:47:08+08:00
上海县·莘庄	汇		βi⁶		vi6		自旧档汇入	2023-07-05T08:47:08+08:00
上海县·莘庄	为	（作~）	βɪ⁶		ve6		自旧档汇入	2023-07-05T08:47:08+08:00
上海县·莘庄	伪		βi⁶		vi6		自旧档汇入	2023-07-05T08:47:08+08:00
上海县·莘庄	违		βi²		vi2		自旧档汇入	2023-07-05T08:47:08+08:00
上海县·莘庄	伟		βi²		vi2		自旧档汇入	2023-07-05T08:47:08+08:00
上海县·莘庄	苇		βi²		vi2		自旧档汇入	2023-07-05T08:47:08+08:00
上海县·莘庄	完		βe²		ve2		自旧档汇入	2023-07-05T08:47:08+08:00
上海县·莘庄	缓		ue³		ue3		自旧档汇入	2023-07-05T08:47:08+08:00
上海县·莘庄	皖		ue³		ue3		自旧档汇入	2023-07-05T08:47:08+08:00
上海县·莘庄	危		βɪ²		ve2		自旧档汇入	2023-07-05T08:47:08+08:00
上海县·莘庄	委		ue³		ue3		自旧档汇入	2023-07-05T08:47:08+08:00
上海县·莘庄	碗		ue³		ue3		自旧档汇入	2023-07-05T08:47:08+08:00
上海县·莘庄	腕		ue⁵		ue5		自旧档汇入	2023-07-05T08:47:08+08:00
上海县·莘庄	豌		ue³		ue3		自旧档汇入	2023-07-05T08:47:08+08:00
上海县·莘庄	畏		ue¹		ue1		自旧档汇入	2023-07-05T08:47:08+08:00
上海县·莘庄	会	（开~）	βi⁶		vi6		自旧档汇入	2023-07-05T08:47:08+08:00
上海县·莘庄	绘		βi⁶		vi6		自旧档汇入	2023-07-05T08:47:08+08:00
上海县·莘庄	卫		βi⁶		vi6		自旧档汇入	2023-07-05T08:47:08+08:00
上海县·莘庄	惠		βi⁶		vi6		自旧档汇入	2023-07-05T08:47:08+08:00
上海县·莘庄	慧		βi⁶		vi6		自旧档汇入	2023-07-05T08:47:08+08:00
上海县·莘庄	为	（~何）	βi⁶		vi6		自旧档汇入	2023-07-05T08:47:08+08:00
上海县·莘庄	位		βi⁶		vi6		自旧档汇入	2023-07-05T08:47:08+08:00
上海县·莘庄	胃		βi²		vi2		自旧档汇入	2023-07-05T08:47:08+08:00
上海县·莘庄	谓		βi²		vi2		自旧档汇入	2023-07-05T08:47:08+08:00
上海县·莘庄	汇		βi²		vi2		自旧档汇入	2023-07-05T08:47:08+08:00
上海县·莘庄	换		βe⁶		ve6		自旧档汇入	2023-07-05T08:47:08+08:00
上海县·莘庄	瘟		uəŋ¹		uen1		自旧档汇入	2023-07-05T08:47:08+08:00
上海县·莘庄	温		uəŋ¹		uen1		自旧档汇入	2023-07-05T08:47:08+08:00
上海县·莘庄	魂		βəŋ²		ven2		自旧档汇入	2023-07-05T08:47:08+08:00
上海县·莘庄	馄		βəŋ²		ven2		自旧档汇入	2023-07-05T08:47:08+08:00
上海县·莘庄	浑		βəŋ⁶		ven6		自旧档汇入	2023-07-05T08:47:08+08:00
上海县·莘庄	混		βəŋ⁶		ven6		自旧档汇入	2023-07-05T08:47:08+08:00
上海县·莘庄	焚		βəŋ²		ven2		自旧档汇入	2023-07-05T08:47:08+08:00
上海县·莘庄	坟		βəŋ²		ven2		自旧档汇入	2023-07-05T08:47:08+08:00
上海县·莘庄	文		βəŋ²		ven2		自旧档汇入	2023-07-05T08:47:08+08:00
上海县·莘庄	纹		βəŋ²		ven2		自旧档汇入	2023-07-05T08:47:08+08:00
上海县·莘庄	愤		βəŋ⁶		ven6		自旧档汇入	2023-07-05T08:47:08+08:00
上海县·莘庄	忿		βəŋ⁶		ven6		自旧档汇入	2023-07-05T08:47:08+08:00
上海县·莘庄	吻		βəŋ⁶		ven6		自旧档汇入	2023-07-05T08:47:08+08:00
上海县·莘庄	稳		uəŋ³		uen3		自旧档汇入	2023-07-05T08:47:08+08:00
上海县·莘庄	份		βəŋ⁶		ven6		自旧档汇入	2023-07-05T08:47:08+08:00
上海县·莘庄	活		βəʔ⁸		veq8		自旧档汇入	2023-07-05T08:47:08+08:00
上海县·莘庄	佛		βəʔ⁸		veq8		自旧档汇入	2023-07-05T08:47:08+08:00
上海县·莘庄	勿		ɸəʔ⁷		feq7		自旧档汇入	2023-07-05T08:47:08+08:00
上海县·莘庄	湾		uɛ¹		uae1		自旧档汇入	2023-07-05T08:47:08+08:00
上海县·莘庄	弯		uɛ¹		uae1		自旧档汇入	2023-07-05T08:47:08+08:00
上海县·莘庄	凡		βɛ²		vae2		自旧档汇入	2023-07-05T08:47:08+08:00
上海县·莘庄	帆		βɛ²		vae2		自旧档汇入	2023-07-05T08:47:08+08:00
上海县·莘庄	范		βɛ⁶		vae6		自旧档汇入	2023-07-05T08:47:08+08:00
上海县·莘庄	犯		βɛ⁶		vae6		自旧档汇入	2023-07-05T08:47:08+08:00
上海县·莘庄	还		βɛ²		vae2		自旧档汇入	2023-07-05T08:47:08+08:00
上海县·莘庄	烦		ɸɛ		fɛ		自旧档汇入	2023-07-05T08:47:08+08:00
上海县·莘庄	繁		ɸɛ		fɛ		自旧档汇入	2023-07-05T08:47:08+08:00
上海县·莘庄	晚		uɛ³		uae3		自旧档汇入	2023-07-05T08:47:08+08:00
上海县·莘庄	玩	（游~）	βɛ²		vae2		自旧档汇入	2023-07-05T08:47:08+08:00
上海县·莘庄	患		βɛ⁶		vae6		自旧档汇入	2023-07-05T08:47:08+08:00
上海县·莘庄	饭		βɛ⁶		vae6		自旧档汇入	2023-07-05T08:47:08+08:00
上海县·莘庄	万		βɛ⁶		vae6		自旧档汇入	2023-07-05T08:47:08+08:00
上海县·莘庄	顽		βɛ²		vae2		自旧档汇入	2023-07-05T08:47:08+08:00
上海县·莘庄	浮		βɤ²		veu2		自旧档汇入	2023-07-05T08:47:08+08:00
上海县·莘庄	负		βu⁶		vu6		自旧档汇入	2023-07-05T08:47:08+08:00
上海县·莘庄	维		βi²		vi2		自旧档汇入	2023-07-05T08:47:08+08:00
上海县·莘庄	惟		βi²		vi2		自旧档汇入	2023-07-05T08:47:08+08:00
上海县·莘庄	唯		βi²		vi2		自旧档汇入	2023-07-05T08:47:08+08:00
上海县·莘庄	微		βi²		vi2		自旧档汇入	2023-07-05T08:47:08+08:00
上海县·莘庄	肥		βi²/bi²		vi2/bi2		自旧档汇入	2023-07-05T08:47:08+08:00
上海县·莘庄	未		βi⁶		vi6		自旧档汇入	2023-07-05T08:47:08+08:00
上海县·莘庄	味		βi⁶/mi⁶		vi6/mi6		自旧档汇入	2023-07-05T08:47:08+08:00
上海县·莘庄	握		uoʔ⁷		oq7		自旧档汇入	2023-07-05T08:47:08+08:00
上海县·莘庄	镬		βɔʔ⁸		vaoq8		自旧档汇入	2023-07-05T08:47:08+08:00
上海县·莘庄	缚		boʔ⁸		boq8		自旧档汇入	2023-07-05T08:47:08+08:00
上海县·莘庄	河		βu²		vu2		自旧档汇入	2023-07-05T08:47:08+08:00
上海县·莘庄	何		βu²		vu2		自旧档汇入	2023-07-05T08:47:08+08:00
上海县·莘庄	荷		βu²		vu2		自旧档汇入	2023-07-05T08:47:08+08:00
上海县·莘庄	和		βu²		vu2		自旧档汇入	2023-07-05T08:47:08+08:00
上海县·莘庄	祸		βu⁶		vu6		自旧档汇入	2023-07-05T08:47:08+08:00
上海县·莘庄	蜈		βu²		vu2		自旧档汇入	2023-07-05T08:47:08+08:00
上海县·莘庄	胡		βu²		vu2		自旧档汇入	2023-07-05T08:47:08+08:00
上海县·莘庄	湖		βu²		vu2		自旧档汇入	2023-07-05T08:47:08+08:00
上海县·莘庄	狐		βu²		vu2		自旧档汇入	2023-07-05T08:47:08+08:00
上海县·莘庄	壶		βu²		vu2		自旧档汇入	2023-07-05T08:47:08+08:00
上海县·莘庄	伍		u¹		u1		自旧档汇入	2023-07-05T08:47:08+08:00
上海县·莘庄	户		βu⁶		vu6		自旧档汇入	2023-07-05T08:47:08+08:00
上海县·莘庄	沪		βu⁶		vu6		自旧档汇入	2023-07-05T08:47:08+08:00
上海县·莘庄	互		βu⁶		vu6		自旧档汇入	2023-07-05T08:47:08+08:00
上海县·莘庄	护		βu⁶		vu6		自旧档汇入	2023-07-05T08:47:08+08:00
上海县·莘庄	符		βu²		vu2		自旧档汇入	2023-07-05T08:47:08+08:00
上海县·莘庄	扶		βu²		vu2		自旧档汇入	2023-07-05T08:47:08+08:00
上海县·莘庄	芙		βu²		vu2		自旧档汇入	2023-07-05T08:47:08+08:00
上海县·莘庄	无		βu²		vu2		自旧档汇入	2023-07-05T08:47:08+08:00
上海县·莘庄	诬		βu⁶		vu6		自旧档汇入	2023-07-05T08:47:08+08:00
上海县·莘庄	抚		βu⁶		vu6		自旧档汇入	2023-07-05T08:47:08+08:00
上海县·莘庄	武		βu⁶		vu6		自旧档汇入	2023-07-05T08:47:08+08:00
上海县·莘庄	舞		βu⁶		vu6		自旧档汇入	2023-07-05T08:47:08+08:00
上海县·莘庄	附		βu⁶		vu6		自旧档汇入	2023-07-05T08:47:08+08:00
上海县·莘庄	务		βu⁶		vu6		自旧档汇入	2023-07-05T08:47:08+08:00
上海县·莘庄	雾		βu⁶		vu6		自旧档汇入	2023-07-05T08:47:08+08:00
上海县·莘庄	妇		βu⁶		vu6		自旧档汇入	2023-07-05T08:47:08+08:00
上海县·莘庄	贺		βu⁶		vu6		自旧档汇入	2023-07-05T08:47:08+08:00
上海县·莘庄	父		βu⁶		vu6		自旧档汇入	2023-07-05T08:47:08+08:00
上海县·莘庄	腐		βu⁶		vu6		自旧档汇入	2023-07-05T08:47:08+08:00
上海县·莘庄	辅		ɸu⁵		fu5		自旧档汇入	2023-07-05T08:47:08+08:00
上海县·莘庄	我		ŋu⁶		ngu6		自旧档汇入	2023-07-05T08:47:08+08:00
