where	word	mean	pinYin	toggle	pinYinSearch	Pronunciation	note	updated_at
嘉定·真如(南)	赞(贊)	[空]	tsae5(tsɛ³⁵)	true	tsae5	暂无	自旧档汇入	2023-07-05T08:47:08+08:00
嘉定·真如(南)	灒(灒)	[空]	tsae5(tsɛ³⁵)	true	tsae5	暂无	自旧档汇入	2023-07-05T08:47:08+08:00
嘉定·真如(南)	餐(餐)	[空]	tshe1(tsʰe⁵³)	true	tshe1	暂无	自旧档汇入	2023-07-05T08:47:08+08:00
嘉定·真如(南)	餐(餐)	[空]	tshoe1(tsʰø⁵³)	true	tshoe1	暂无	自旧档汇入	2023-07-05T08:47:08+08:00
嘉定·真如(南)	残(殘)	[空]	zae2(zɛ²²)	true	zae2	暂无	自旧档汇入	2023-07-05T08:47:08+08:00
嘉定·真如(南)	散(散)	[空]	sae5(sɛ³⁵)	true	sae5	暂无	自旧档汇入	2023-07-05T08:47:08+08:00
嘉定·真如(南)	伞(傘)	[空]	soe3(sø⁴⁴)	true	soe3	暂无	自旧档汇入	2023-07-05T08:47:08+08:00
嘉定·真如(南)	伞(傘)	[空]	sae3(sɛ⁴⁴)	true	sae3	暂无	自旧档汇入	2023-07-05T08:47:08+08:00
嘉定·真如(南)	干(幹)	[空]	koe1(kø⁵³)	true	koe1	暂无	自旧档汇入	2023-07-05T08:47:08+08:00
嘉定·真如(南)	竿(竿)	[空]	koe1(kø⁵³)	true	koe1	暂无	自旧档汇入	2023-07-05T08:47:08+08:00
嘉定·真如(南)	杆(桿)	[空]	koe1(kø⁵³)	true	koe1	暂无	自旧档汇入	2023-07-05T08:47:08+08:00
嘉定·真如(南)	肝(肝)	[空]	koe1(kø⁵³)	true	koe1	暂无	自旧档汇入	2023-07-05T08:47:08+08:00
嘉定·真如(南)	奸(姦)	[空]	kae1(kɛ⁵³)	true	kae1	暂无	自旧档汇入	2023-07-05T08:47:08+08:00
嘉定·真如(南)	奸(姦)	[空]	ciae1(tɕiɛ⁵³)	true	ciae1	暂无	自旧档汇入	2023-07-05T08:47:08+08:00
嘉定·真如(南)	赶(趕)	[空]	koe3(kø⁴⁴)	true	koe3	暂无	自旧档汇入	2023-07-05T08:47:08+08:00
嘉定·真如(南)	看(看)	~见	khoe5(kʰø³⁵)	true	khoe5	暂无	自旧档汇入	2023-07-05T08:47:08+08:00
嘉定·真如(南)	看(看)	~守	khoe1(kʰø⁵³)	true	khoe1	暂无	自旧档汇入	2023-07-05T08:47:08+08:00
嘉定·真如(南)	看(看)	居动词之后，表示尝试	khaeq7(kʰæʔ⁵)	true	khaeq7	暂无	自旧档汇入	2023-07-05T08:47:08+08:00
嘉定·真如(南)	看(看)	居动词之后，表示尝试	kheu5(kʰɤ³⁵)	true	kheu5	暂无	自旧档汇入	2023-07-05T08:47:08+08:00
嘉定·真如(南)	刊(刊)	[空]	khae5(kʰɛ³⁵)	true	khae5	暂无	自旧档汇入	2023-07-05T08:47:08+08:00
嘉定·真如(南)	岸(岸)	[空]	ngoe6(ŋø¹³)	true	ngoe6	暂无	自旧档汇入	2023-07-05T08:47:08+08:00
嘉定·真如(南)	汉(漢)	[空]	hoe5(hø³⁵)	true	hoe5	暂无	自旧档汇入	2023-07-05T08:47:08+08:00
嘉定·真如(南)	寒(寒)	[空]	ghoe2(ɦø²²)	true	ghoe2	暂无	自旧档汇入	2023-07-05T08:47:08+08:00
嘉定·真如(南)	韩(韓)	[空]	ghoe2(ɦø²²)	true	ghoe2	暂无	自旧档汇入	2023-07-05T08:47:08+08:00
嘉定·真如(南)	旱(旱)	[空]	ghoe6(ɦø¹³)	true	ghoe6	暂无	自旧档汇入	2023-07-05T08:47:08+08:00
嘉定·真如(南)	汗(汗)	[空]	ghoe6(ɦø¹³)	true	ghoe6	暂无	自旧档汇入	2023-07-05T08:47:08+08:00
嘉定·真如(南)	安(安)	[空]	oe1(Øø⁵³)	true	oe1	暂无	自旧档汇入	2023-07-05T08:47:08+08:00
嘉定·真如(南)	鞍(鞍)	[空]	oe1(Øø⁵³)	true	oe1	暂无	自旧档汇入	2023-07-05T08:47:08+08:00
嘉定·真如(南)	按(按)	[空]	oe5(Øø³⁵)	true	oe5	暂无	自旧档汇入	2023-07-05T08:47:08+08:00
嘉定·真如(南)	案(案)	[空]	oe5(Øø³⁵)	true	oe5	暂无	自旧档汇入	2023-07-05T08:47:08+08:00
嘉定·真如(南)	獭(獺)	[空]	thaeq7(tʰæʔ⁵)	true	thaeq7	暂无	自旧档汇入	2023-07-05T08:47:08+08:00
嘉定·真如(南)	达(達)	[空]	daeq8(dæʔ²³)	true	daeq8	暂无	自旧档汇入	2023-07-05T08:47:08+08:00
嘉定·真如(南)	辣(辣)	[空]	laeq8(læʔ²³)	true	laeq8	暂无	自旧档汇入	2023-07-05T08:47:08+08:00
嘉定·真如(南)	擦(擦)	[空]	tshaeq7(tsʰæʔ⁵)	true	tshaeq7	暂无	自旧档汇入	2023-07-05T08:47:08+08:00
嘉定·真如(南)	割(割)	[文]	keq7(kəʔ⁵)	true	keq7	暂无	自旧档汇入	2023-07-05T08:47:08+08:00
嘉定·真如(南)	割(割)	[白]	koeq7(kœʔ⁵)	true	koeq7	暂无	自旧档汇入	2023-07-05T08:47:08+08:00
嘉定·真如(南)	葛(葛)	[空]	keq7(kəʔ⁵)	true	keq7	暂无	自旧档汇入	2023-07-05T08:47:08+08:00
嘉定·真如(南)	渴(渴)	[空]	kheq7(kʰəʔ⁵)	true	kheq7	暂无	自旧档汇入	2023-07-05T08:47:08+08:00
嘉定·真如(南)	喝(喝)	[空]	hoeq7(hœʔ⁵)	true	hoeq7	暂无	自旧档汇入	2023-07-05T08:47:08+08:00
嘉定·真如(南)	扮(扮)	[空]	pae5(ɓɛ³⁵)	true	pae5	暂无	自旧档汇入	2023-07-05T08:47:08+08:00
嘉定·真如(南)	盼(盼)	[空]	phae5(pʰɛ³⁵)	true	phae5	暂无	自旧档汇入	2023-07-05T08:47:08+08:00
嘉定·真如(南)	办(辦)	[空]	bae6(bɛ¹³)	true	bae6	暂无	自旧档汇入	2023-07-05T08:47:08+08:00
嘉定·真如(南)	瓣(瓣)	[空]	pae5(ɓɛ³⁵)	true	pae5	暂无	自旧档汇入	2023-07-05T08:47:08+08:00
嘉定·真如(南)	盏(盞)	[空]	tsae3(tsɛ⁴⁴)	true	tsae3	暂无	自旧档汇入	2023-07-05T08:47:08+08:00
嘉定·真如(南)	铲(鏟)	[空]	tshae3(tsʰɛ⁴⁴)	true	tshae3	暂无	自旧档汇入	2023-07-05T08:47:08+08:00
嘉定·真如(南)	栈(棧)	[空]	zae6(zɛ¹³)	true	zae6	暂无	自旧档汇入	2023-07-05T08:47:08+08:00
嘉定·真如(南)	山(山)	[空]	sae1(sɛ⁵³)	true	sae1	暂无	自旧档汇入	2023-07-05T08:47:08+08:00
嘉定·真如(南)	产(產)	[空]	tshae3(tsʰɛ⁴⁴)	true	tshae3	暂无	自旧档汇入	2023-07-05T08:47:08+08:00
嘉定·真如(南)	间(間)	中~。	cie1(tɕie⁵³)	true	cie1	暂无	自旧档汇入	2023-07-05T08:47:08+08:00
嘉定·真如(南)	间(間)	房~。	kae1(kɛ⁵³)	true	kae1	暂无	自旧档汇入	2023-07-05T08:47:08+08:00
嘉定·真如(南)	间(間)	~断。	cie5(tɕie³⁵)	true	cie5	暂无	自旧档汇入	2023-07-05T08:47:08+08:00
嘉定·真如(南)	艰(艱)	[空]	cie1(tɕie⁵³)	true	cie1	暂无	自旧档汇入	2023-07-05T08:47:08+08:00
嘉定·真如(南)	简(簡)	[空]	cie3(tɕie⁴⁴)	true	cie3	暂无	自旧档汇入	2023-07-05T08:47:08+08:00
嘉定·真如(南)	柬(柬)	[空]	cie3(tɕie⁴⁴)	true	cie3	暂无	自旧档汇入	2023-07-05T08:47:08+08:00
嘉定·真如(南)	拣(揀)	[空]	kae3(kɛ⁴⁴)	true	kae3	暂无	自旧档汇入	2023-07-05T08:47:08+08:00
嘉定·真如(南)	眼(眼)	[空]	ngae6(ŋɛ¹³)	true	ngae6	暂无	自旧档汇入	2023-07-05T08:47:08+08:00
嘉定·真如(南)	闲(閒)	[空]	ghae2(ɦɛ²²)	true	ghae2	暂无	自旧档汇入	2023-07-05T08:47:08+08:00
嘉定·真如(南)	限(限)	[空]	ghae6(ɦɛ¹³)	true	ghae6	暂无	自旧档汇入	2023-07-05T08:47:08+08:00
嘉定·真如(南)	八(八)	[空]	paeq7(ɓæʔ⁵)	true	paeq7	暂无	自旧档汇入	2023-07-05T08:47:08+08:00
嘉定·真如(南)	拔(拔)	[空]	baeq8(bæʔ²³)	true	baeq8	暂无	自旧档汇入	2023-07-05T08:47:08+08:00
嘉定·真如(南)	札(札)	[空]	tsaeq7(tsæʔ⁵)	true	tsaeq7	暂无	自旧档汇入	2023-07-05T08:47:08+08:00
嘉定·真如(南)	察(察)	[空]	tshaeq7(tsʰæʔ⁵)	true	tshaeq7	暂无	自旧档汇入	2023-07-05T08:47:08+08:00
嘉定·真如(南)	杀(殺)	[空]	saeq7(sæʔ⁵)	true	saeq7	暂无	自旧档汇入	2023-07-05T08:47:08+08:00
嘉定·真如(南)	斑(斑)	[空]	pae1(ɓɛ⁵³)	true	pae1	暂无	自旧档汇入	2023-07-05T08:47:08+08:00
嘉定·真如(南)	班(班)	[空]	pae1(ɓɛ⁵³)	true	pae1	暂无	自旧档汇入	2023-07-05T08:47:08+08:00
嘉定·真如(南)	颁(頒)	[空]	pae1(ɓɛ⁵³)	true	pae1	暂无	自旧档汇入	2023-07-05T08:47:08+08:00
嘉定·真如(南)	扳(扳)	[空]	pae1(ɓɛ⁵³)	true	pae1	暂无	自旧档汇入	2023-07-05T08:47:08+08:00
嘉定·真如(南)	板(板)	[空]	pae3(ɓɛ⁴⁴)	true	pae3	暂无	自旧档汇入	2023-07-05T08:47:08+08:00
嘉定·真如(南)	版(版)	[空]	pae3(ɓɛ⁴⁴)	true	pae3	暂无	自旧档汇入	2023-07-05T08:47:08+08:00
嘉定·真如(南)	蛮(蠻)	[空]	mae2(mɛ²²)	true	mae2	暂无	自旧档汇入	2023-07-05T08:47:08+08:00
嘉定·真如(南)	慢(慢)	[空]	mae6(mɛ¹³)	true	mae6	暂无	自旧档汇入	2023-07-05T08:47:08+08:00
嘉定·真如(南)	删(刪)	[空]	sae1(sɛ⁵³)	true	sae1	暂无	自旧档汇入	2023-07-05T08:47:08+08:00
嘉定·真如(南)	颜(顏)	[空]	ngae2(ŋɛ²²)	true	ngae2	暂无	自旧档汇入	2023-07-05T08:47:08+08:00
嘉定·真如(南)	雁(雁)	[空]	ngae6(ŋɛ¹³)	true	ngae6	暂无	自旧档汇入	2023-07-05T08:47:08+08:00
嘉定·真如(南)	雁(雁)	[空]	ye6(ɦie¹³)	true	ye6	暂无	自旧档汇入	2023-07-05T08:47:08+08:00
嘉定·真如(南)	晏(晏)	[空]	ae5(Øɛ³⁵)	true	ae5	暂无	自旧档汇入	2023-07-05T08:47:08+08:00
嘉定·真如(南)	铡(鍘)	[空]	zaeq8(zæʔ²³)	true	zaeq8	暂无	自旧档汇入	2023-07-05T08:47:08+08:00
嘉定·真如(南)	瞎(瞎)	[空]	haeq7(hæʔ⁵)	true	haeq7	暂无	自旧档汇入	2023-07-05T08:47:08+08:00
嘉定·真如(南)	鞭(鞭)	[空]	pie1(ɓie⁵³)	true	pie1	暂无	自旧档汇入	2023-07-05T08:47:08+08:00
嘉定·真如(南)	编(編)	[空]	pie1(ɓie⁵³)	true	pie1	暂无	自旧档汇入	2023-07-05T08:47:08+08:00
嘉定·真如(南)	变(變)	[空]	pie5(ɓie³⁵)	true	pie5	暂无	自旧档汇入	2023-07-05T08:47:08+08:00
嘉定·真如(南)	篇(篇)	[空]	phie1(pʰie⁵³)	true	phie1	暂无	自旧档汇入	2023-07-05T08:47:08+08:00
嘉定·真如(南)	偏(偏)	[空]	phie1(pʰie⁵³)	true	phie1	暂无	自旧档汇入	2023-07-05T08:47:08+08:00
嘉定·真如(南)	骗(騙)	[空]	phie5(pʰie³⁵)	true	phie5	暂无	自旧档汇入	2023-07-05T08:47:08+08:00
嘉定·真如(南)	便(便)	~宜	bie2(bie²²)	true	bie2	暂无	自旧档汇入	2023-07-05T08:47:08+08:00
嘉定·真如(南)	便(便)	方~	bie6(bie¹³)	true	bie6	暂无	自旧档汇入	2023-07-05T08:47:08+08:00
嘉定·真如(南)	便(便)	[俗]~宜	biq8(bɪʔ²³)	true	biq8	暂无	自旧档汇入	2023-07-05T08:47:08+08:00
嘉定·真如(南)	辨(辨)	[空]	bie6(bie¹³)	true	bie6	暂无	自旧档汇入	2023-07-05T08:47:08+08:00
嘉定·真如(南)	辩(辯)	[空]	bie6(bie¹³)	true	bie6	暂无	自旧档汇入	2023-07-05T08:47:08+08:00
嘉定·真如(南)	棉(棉)	[空]	mie2(mie²²)	true	mie2	暂无	自旧档汇入	2023-07-05T08:47:08+08:00
嘉定·真如(南)	绵(綿)	[空]	mie2(mie²²)	true	mie2	暂无	自旧档汇入	2023-07-05T08:47:08+08:00
嘉定·真如(南)	免(免)	[空]	mie6(mie¹³)	true	mie6	暂无	自旧档汇入	2023-07-05T08:47:08+08:00
嘉定·真如(南)	勉(勉)	[空]	mie6(mie¹³)	true	mie6	暂无	自旧档汇入	2023-07-05T08:47:08+08:00
嘉定·真如(南)	娩(娩)	[空]	mie6(mie¹³)	true	mie6	暂无	自旧档汇入	2023-07-05T08:47:08+08:00
嘉定·真如(南)	面(面)	[空]	mie6(mie¹³)	true	mie6	暂无	自旧档汇入	2023-07-05T08:47:08+08:00
嘉定·真如(南)	连(連)	[空]	lie2(lie²²)	true	lie2	暂无	自旧档汇入	2023-07-05T08:47:08+08:00
嘉定·真如(南)	联(聯)	[空]	lie2(lie²²)	true	lie2	暂无	自旧档汇入	2023-07-05T08:47:08+08:00
嘉定·真如(南)	煎(煎)	[空]	tsie1(tsie⁵³)	true	tsie1	暂无	自旧档汇入	2023-07-05T08:47:08+08:00
嘉定·真如(南)	剪(剪)	[空]	tsie3(tsie⁴⁴)	true	tsie3	暂无	自旧档汇入	2023-07-05T08:47:08+08:00
嘉定·真如(南)	箭(箭)	[空]	tsie5(tsie³⁵)	true	tsie5	暂无	自旧档汇入	2023-07-05T08:47:08+08:00
嘉定·真如(南)	迁(遷)	[空]	tshie1(tsʰie⁵³)	true	tshie1	暂无	自旧档汇入	2023-07-05T08:47:08+08:00
嘉定·真如(南)	浅(淺)	[空]	tshie3(tsʰie⁴⁴)	true	tshie3	暂无	自旧档汇入	2023-07-05T08:47:08+08:00
嘉定·真如(南)	钱(錢)	[空]	zie2(zie²²)	true	zie2	暂无	自旧档汇入	2023-07-05T08:47:08+08:00
嘉定·真如(南)	贱(賤)	[空]	zie6(zie¹³)	true	zie6	暂无	自旧档汇入	2023-07-05T08:47:08+08:00
嘉定·真如(南)	仙(仙)	[空]	sie1(sie⁵³)	true	sie1	暂无	自旧档汇入	2023-07-05T08:47:08+08:00
嘉定·真如(南)	鲜(鮮)	[空]	sie1(sie⁵³)	true	sie1	暂无	自旧档汇入	2023-07-05T08:47:08+08:00
嘉定·真如(南)	癣(癬)	[空]	sie3(sie⁴⁴)	true	sie3	暂无	自旧档汇入	2023-07-05T08:47:08+08:00
嘉定·真如(南)	线(綫)	[空]	sie5(sie³⁵)	true	sie5	暂无	自旧档汇入	2023-07-05T08:47:08+08:00
嘉定·真如(南)	展(展)	[空]	tse3(tse⁴⁴)	true	tse3	暂无	自旧档汇入	2023-07-05T08:47:08+08:00
嘉定·真如(南)	缠(纏)	[空]	ze2(ze²²)	true	ze2	暂无	自旧档汇入	2023-07-05T08:47:08+08:00
嘉定·真如(南)	战(戰)	[空]	tse5(tse³⁵)	true	tse5	暂无	自旧档汇入	2023-07-05T08:47:08+08:00
嘉定·真如(南)	扇(扇)	动词	se1(se⁵³)	true	se1	暂无	自旧档汇入	2023-07-05T08:47:08+08:00
嘉定·真如(南)	扇(扇)	名词	se5(se³⁵)	true	se5	暂无	自旧档汇入	2023-07-05T08:47:08+08:00
嘉定·真如(南)	禅(禪)	[空]	ze2(ze²²)	true	ze2	暂无	自旧档汇入	2023-07-05T08:47:08+08:00
嘉定·真如(南)	善(善)	[空]	ze2(ze²²)	true	ze2	暂无	自旧档汇入	2023-07-05T08:47:08+08:00
嘉定·真如(南)	然(然)	[空]	ze2(ze²²)	true	ze2	暂无	自旧档汇入	2023-07-05T08:47:08+08:00
嘉定·真如(南)	燃(燃)	[空]	ze2(ze²²)	true	ze2	暂无	自旧档汇入	2023-07-05T08:47:08+08:00
嘉定·真如(南)	乾(乾)	[空]	jie2(dʑie²²)	true	jie2	暂无	自旧档汇入	2023-07-05T08:47:08+08:00
嘉定·真如(南)	件(件)	[空]	jie6(dʑie¹³)	true	jie6	暂无	自旧档汇入	2023-07-05T08:47:08+08:00
嘉定·真如(南)	谚(諺)	[空]	ngae6(ŋɛ¹³)	true	ngae6	暂无	自旧档汇入	2023-07-05T08:47:08+08:00
嘉定·真如(南)	延(延)	[空]	ye2(ɦie²²)	true	ye2	暂无	自旧档汇入	2023-07-05T08:47:08+08:00
嘉定·真如(南)	筵(筵)	[空]	ye2(ɦie²²)	true	ye2	暂无	自旧档汇入	2023-07-05T08:47:08+08:00
嘉定·真如(南)	演(演)	[空]	ie3(Øie⁴⁴)	true	ie3	暂无	自旧档汇入	2023-07-05T08:47:08+08:00
嘉定·真如(南)	鳖(鱉)	[空]	piq7(ɓɪʔ⁵)	true	piq7	暂无	自旧档汇入	2023-07-05T08:47:08+08:00
嘉定·真如(南)	别(別)	[空]	biq8(bɪʔ²³)	true	biq8	暂无	自旧档汇入	2023-07-05T08:47:08+08:00
嘉定·真如(南)	灭(滅)	[空]	miq8(mɪʔ²³)	true	miq8	暂无	自旧档汇入	2023-07-05T08:47:08+08:00
嘉定·真如(南)	列(列)	[空]	liq8(lɪʔ²³)	true	liq8	暂无	自旧档汇入	2023-07-05T08:47:08+08:00
嘉定·真如(南)	烈(烈)	[空]	liq8(lɪʔ²³)	true	liq8	暂无	自旧档汇入	2023-07-05T08:47:08+08:00
嘉定·真如(南)	裂(裂)	[空]	liq8(lɪʔ²³)	true	liq8	暂无	自旧档汇入	2023-07-05T08:47:08+08:00
嘉定·真如(南)	泄(洩)	[空]	siq7(sɪʔ⁵)	true	siq7	暂无	自旧档汇入	2023-07-05T08:47:08+08:00
嘉定·真如(南)	薛(薛)	[空]	siq7(sɪʔ⁵)	true	siq7	暂无	自旧档汇入	2023-07-05T08:47:08+08:00
嘉定·真如(南)	哲(哲)	[空]	tseq7(tsəʔ⁵)	true	tseq7	暂无	自旧档汇入	2023-07-05T08:47:08+08:00
嘉定·真如(南)	撤(撤)	[空]	tsheq7(tsʰəʔ⁵)	true	tsheq7	暂无	自旧档汇入	2023-07-05T08:47:08+08:00
嘉定·真如(南)	彻(徹)	[空]	tsheq7(tsʰəʔ⁵)	true	tsheq7	暂无	自旧档汇入	2023-07-05T08:47:08+08:00
嘉定·真如(南)	折(折)	[空]	tseq7(tsəʔ⁵)	true	tseq7	暂无	自旧档汇入	2023-07-05T08:47:08+08:00
嘉定·真如(南)	浙(浙)	[空]	tseq7(tsəʔ⁵)	true	tseq7	暂无	自旧档汇入	2023-07-05T08:47:08+08:00
嘉定·真如(南)	舌(舌)	[空]	zeq8(zəʔ²³)	true	zeq8	暂无	自旧档汇入	2023-07-05T08:47:08+08:00
嘉定·真如(南)	设(設)	[空]	seq7(səʔ⁵)	true	seq7	暂无	自旧档汇入	2023-07-05T08:47:08+08:00
嘉定·真如(南)	热(熱)	[空]	gniq8(ȵiɪʔ²³)	true	gniq8	暂无	自旧档汇入	2023-07-05T08:47:08+08:00
嘉定·真如(南)	杰(傑)	[空]	jiq8(dʑiɪʔ²³)	true	jiq8	暂无	自旧档汇入	2023-07-05T08:47:08+08:00
嘉定·真如(南)	孽(孽)	[空]	gniq8(ȵiɪʔ²³)	true	gniq8	暂无	自旧档汇入	2023-07-05T08:47:08+08:00
嘉定·真如(南)	建(建)	[空]	cie5(tɕie³⁵)	true	cie5	暂无	自旧档汇入	2023-07-05T08:47:08+08:00
嘉定·真如(南)	健(健)	[空]	jie6(dʑie¹³)	true	jie6	暂无	自旧档汇入	2023-07-05T08:47:08+08:00
嘉定·真如(南)	言(言)	[空]	ye2(ɦie²²)	true	ye2	暂无	自旧档汇入	2023-07-05T08:47:08+08:00
嘉定·真如(南)	掀(掀)	[空]	shie1(ɕie⁵³)	true	shie1	暂无	自旧档汇入	2023-07-05T08:47:08+08:00
嘉定·真如(南)	掀(掀)	[空]	shien1(ɕiəŋ⁵³)	true	shien1	暂无	自旧档汇入	2023-07-05T08:47:08+08:00
嘉定·真如(南)	宪(憲)	[空]	shie5(ɕie³⁵)	true	shie5	暂无	自旧档汇入	2023-07-05T08:47:08+08:00
嘉定·真如(南)	献(獻)	[空]	shie5(ɕie³⁵)	true	shie5	暂无	自旧档汇入	2023-07-05T08:47:08+08:00
嘉定·真如(南)	揭(揭)	[空]	ciq7(tɕiɪʔ⁵)	true	ciq7	暂无	自旧档汇入	2023-07-05T08:47:08+08:00
嘉定·真如(南)	歇(歇)	[空]	shiq7(ɕiɪʔ⁵)	true	shiq7	暂无	自旧档汇入	2023-07-05T08:47:08+08:00
嘉定·真如(南)	边(邊)	[空]	pie1(ɓie⁵³)	true	pie1	暂无	自旧档汇入	2023-07-05T08:47:08+08:00
嘉定·真如(南)	蝙(蝙)	[空]	pie1(ɓie⁵³)	true	pie1	暂无	自旧档汇入	2023-07-05T08:47:08+08:00
嘉定·真如(南)	扁(扁)	[空]	pie3(ɓie⁴⁴)	true	pie3	暂无	自旧档汇入	2023-07-05T08:47:08+08:00
嘉定·真如(南)	匾(匾)	[空]	pie3(ɓie⁴⁴)	true	pie3	暂无	自旧档汇入	2023-07-05T08:47:08+08:00
嘉定·真如(南)	遍(遍)	一~	pie5(ɓie³⁵)	true	pie5	暂无	自旧档汇入	2023-07-05T08:47:08+08:00
嘉定·真如(南)	遍(遍)	普~	phie5(pʰie³⁵)	true	phie5	暂无	自旧档汇入	2023-07-05T08:47:08+08:00
嘉定·真如(南)	片(片)	[空]	phie5(pʰie³⁵)	true	phie5	暂无	自旧档汇入	2023-07-05T08:47:08+08:00
嘉定·真如(南)	辫(辮)	[空]	bie6(bie¹³)	true	bie6	暂无	自旧档汇入	2023-07-05T08:47:08+08:00
嘉定·真如(南)	眠(眠)	[空]	mie2(mie²²)	true	mie2	暂无	自旧档汇入	2023-07-05T08:47:08+08:00
嘉定·真如(南)	面(面)	[空]	mie6(mie¹³)	true	mie6	暂无	自旧档汇入	2023-07-05T08:47:08+08:00
嘉定·真如(南)	面(麵)	[空]	mie6(mie¹³)	true	mie6	暂无	自旧档汇入	2023-07-05T08:47:08+08:00
嘉定·真如(南)	颠(顛)	[空]	tie1(ɗie⁵³)	true	tie1	暂无	自旧档汇入	2023-07-05T08:47:08+08:00
嘉定·真如(南)	典(典)	[空]	tie3(ɗie⁴⁴)	true	tie3	暂无	自旧档汇入	2023-07-05T08:47:08+08:00
嘉定·真如(南)	天(天)	[空]	thie1(tʰie⁵³)	true	thie1	暂无	自旧档汇入	2023-07-05T08:47:08+08:00
嘉定·真如(南)	田(田)	[空]	die2(die²²)	true	die2	暂无	自旧档汇入	2023-07-05T08:47:08+08:00
嘉定·真如(南)	填(填)	[空]	die2(die²²)	true	die2	暂无	自旧档汇入	2023-07-05T08:47:08+08:00
嘉定·真如(南)	电(電)	[空]	die6(die¹³)	true	die6	暂无	自旧档汇入	2023-07-05T08:47:08+08:00
嘉定·真如(南)	殿(殿)	[空]	die6(die¹³)	true	die6	暂无	自旧档汇入	2023-07-05T08:47:08+08:00
嘉定·真如(南)	垫(墊)	[空]	die6(die¹³)	true	die6	暂无	自旧档汇入	2023-07-05T08:47:08+08:00
嘉定·真如(南)	年(年)	[空]	gnie2(ȵie²²)	true	gnie2	暂无	自旧档汇入	2023-07-05T08:47:08+08:00
嘉定·真如(南)	怜(憐)	[空]	lie2(lie²²)	true	lie2	暂无	自旧档汇入	2023-07-05T08:47:08+08:00
嘉定·真如(南)	莲(蓮)	[空]	lie2(lie²²)	true	lie2	暂无	自旧档汇入	2023-07-05T08:47:08+08:00
嘉定·真如(南)	练(練)	[空]	lie6(lie¹³)	true	lie6	暂无	自旧档汇入	2023-07-05T08:47:08+08:00
嘉定·真如(南)	炼(煉)	[空]	lie6(lie¹³)	true	lie6	暂无	自旧档汇入	2023-07-05T08:47:08+08:00
嘉定·真如(南)	笺(箋)	[空]	tshie1(tsʰie⁵³)	true	tshie1	暂无	自旧档汇入	2023-07-05T08:47:08+08:00
嘉定·真如(南)	千(千)	[空]	tshie1(tsʰie⁵³)	true	tshie1	暂无	自旧档汇入	2023-07-05T08:47:08+08:00
嘉定·真如(南)	前(前)	[空]	zie2(zie²²)	true	zie2	暂无	自旧档汇入	2023-07-05T08:47:08+08:00
嘉定·真如(南)	先(先)	[空]	sie1(sie⁵³)	true	sie1	暂无	自旧档汇入	2023-07-05T08:47:08+08:00
嘉定·真如(南)	肩(肩)	[空]	cie1(tɕie⁵³)	true	cie1	暂无	自旧档汇入	2023-07-05T08:47:08+08:00
嘉定·真如(南)	坚(堅)	[空]	cie1(tɕie⁵³)	true	cie1	暂无	自旧档汇入	2023-07-05T08:47:08+08:00
嘉定·真如(南)	茧(繭)	[空]	cie3(tɕie⁴⁴)	true	cie3	暂无	自旧档汇入	2023-07-05T08:47:08+08:00
嘉定·真如(南)	见(見)	[空]	cie5(tɕie³⁵)	true	cie5	暂无	自旧档汇入	2023-07-05T08:47:08+08:00
嘉定·真如(南)	见(見)	[俗]看~	cioe5(tɕyœ³⁵)	true	cioe5	暂无	自旧档汇入	2023-07-05T08:47:08+08:00
嘉定·真如(南)	牵(牽)	[空]	chie1(tɕʰie⁵³)	true	chie1	暂无	自旧档汇入	2023-07-05T08:47:08+08:00
嘉定·真如(南)	研(研)	[空]	gnie1(ȵie⁵³)	true	gnie1	暂无	自旧档汇入	2023-07-05T08:47:08+08:00
嘉定·真如(南)	砚(硯)	[空]	gnie6(ȵie¹³)	true	gnie6	暂无	自旧档汇入	2023-07-05T08:47:08+08:00
嘉定·真如(南)	苋(莧)	[空]	shiae5(ɕiɛ³⁵)	true	shiae5	暂无	自旧档汇入	2023-07-05T08:47:08+08:00
嘉定·真如(南)	显(顯)	[空]	shie3(ɕie⁴⁴)	true	shie3	暂无	自旧档汇入	2023-07-05T08:47:08+08:00
嘉定·真如(南)	贤(賢)	[空]	ye2(ɦie²²)	true	ye2	暂无	自旧档汇入	2023-07-05T08:47:08+08:00
嘉定·真如(南)	弦(弦)	[空]	ye2(ɦie²²)	true	ye2	暂无	自旧档汇入	2023-07-05T08:47:08+08:00
嘉定·真如(南)	现(現)	[空]	ye6(ɦie¹³)	true	ye6	暂无	自旧档汇入	2023-07-05T08:47:08+08:00
嘉定·真如(南)	烟(煙)	[空]	ie1(Øie⁵³)	true	ie1	暂无	自旧档汇入	2023-07-05T08:47:08+08:00
嘉定·真如(南)	燕(燕)	[空]	ie1(Øie⁵³)	true	ie1	暂无	自旧档汇入	2023-07-05T08:47:08+08:00
嘉定·真如(南)	咽(嚥)	[空]	ie5(Øie³⁵)	true	ie5	暂无	自旧档汇入	2023-07-05T08:47:08+08:00
嘉定·真如(南)	宴(宴)	[空]	ie5(Øie³⁵)	true	ie5	暂无	自旧档汇入	2023-07-05T08:47:08+08:00
嘉定·真如(南)	铁(鐵)	[空]	thiq7(tʰɪʔ⁵)	true	thiq7	暂无	自旧档汇入	2023-07-05T08:47:08+08:00
嘉定·真如(南)	跌(跌)	[空]	tiq7(ɗɪʔ⁵)	true	tiq7	暂无	自旧档汇入	2023-07-05T08:47:08+08:00
嘉定·真如(南)	捏(捏)	[空]	gniaeq8(ȵiæʔ²³)	true	gniaeq8	暂无	自旧档汇入	2023-07-05T08:47:08+08:00
嘉定·真如(南)	节(節)	[空]	tsiq7(tsɪʔ⁵)	true	tsiq7	暂无	自旧档汇入	2023-07-05T08:47:08+08:00
嘉定·真如(南)	切(切)	[空]	tshiq7(tsʰɪʔ⁵)	true	tshiq7	暂无	自旧档汇入	2023-07-05T08:47:08+08:00
嘉定·真如(南)	截(截)	[空]	ziq8(zɪʔ²³)	true	ziq8	暂无	自旧档汇入	2023-07-05T08:47:08+08:00
嘉定·真如(南)	屑(屑)	[空]	siq7(sɪʔ⁵)	true	siq7	暂无	自旧档汇入	2023-07-05T08:47:08+08:00
嘉定·真如(南)	结(結)	[空]	ciq7(tɕiɪʔ⁵)	true	ciq7	暂无	自旧档汇入	2023-07-05T08:47:08+08:00
嘉定·真如(南)	洁(潔)	[空]	ciq7(tɕiɪʔ⁵)	true	ciq7	暂无	自旧档汇入	2023-07-05T08:47:08+08:00
嘉定·真如(南)	噎(噎)	[空]	iq7(Øɪʔ⁵)	true	iq7	暂无	自旧档汇入	2023-07-05T08:47:08+08:00
嘉定·真如(南)	般(般)	[空]	pae1(ɓɛ⁵³)	true	pae1	暂无	自旧档汇入	2023-07-05T08:47:08+08:00
嘉定·真如(南)	搬(搬)	[空]	pe1(ɓe⁵³)	true	pe1	暂无	自旧档汇入	2023-07-05T08:47:08+08:00
嘉定·真如(南)	半(半)	[空]	pe5(ɓe³⁵)	true	pe5	暂无	自旧档汇入	2023-07-05T08:47:08+08:00
嘉定·真如(南)	绊(絆)	[空]	be6(be¹³)	true	be6	暂无	自旧档汇入	2023-07-05T08:47:08+08:00
嘉定·真如(南)	潘(潘)	[空]	phe1(pʰe⁵³)	true	phe1	暂无	自旧档汇入	2023-07-05T08:47:08+08:00
嘉定·真如(南)	判(判)	[空]	phe5(pʰe³⁵)	true	phe5	暂无	自旧档汇入	2023-07-05T08:47:08+08:00
嘉定·真如(南)	盘(盤)	[空]	be2(be²²)	true	be2	暂无	自旧档汇入	2023-07-05T08:47:08+08:00
嘉定·真如(南)	伴(伴)	[空]	be6(be¹³)	true	be6	暂无	自旧档汇入	2023-07-05T08:47:08+08:00
嘉定·真如(南)	拌(拌)	[空]	be6(be¹³)	true	be6	暂无	自旧档汇入	2023-07-05T08:47:08+08:00
嘉定·真如(南)	叛(叛)	[空]	be6(be¹³)	true	be6	暂无	自旧档汇入	2023-07-05T08:47:08+08:00
嘉定·真如(南)	瞒(瞞)	[空]	me2(me²²)	true	me2	暂无	自旧档汇入	2023-07-05T08:47:08+08:00
嘉定·真如(南)	满(滿)	[空]	me6(me¹³)	true	me6	暂无	自旧档汇入	2023-07-05T08:47:08+08:00
嘉定·真如(南)	端(端)	[空]	toe1(ɗø⁵³)	true	toe1	暂无	自旧档汇入	2023-07-05T08:47:08+08:00
嘉定·真如(南)	端(端)	[俗]~午节	taon1(ɗɑ̃⁵³)	true	taon1	暂无	自旧档汇入	2023-07-05T08:47:08+08:00
嘉定·真如(南)	短(短)	[空]	toe3(ɗø⁴⁴)	true	toe3	暂无	自旧档汇入	2023-07-05T08:47:08+08:00
嘉定·真如(南)	断(斷)	[空]	toe5(ɗø³⁵)	true	toe5	暂无	自旧档汇入	2023-07-05T08:47:08+08:00
嘉定·真如(南)	锻(鍛)	[空]	toe5(ɗø³⁵)	true	toe5	暂无	自旧档汇入	2023-07-05T08:47:08+08:00
嘉定·真如(南)	团(團)	[空]	doe2(dø²²)	true	doe2	暂无	自旧档汇入	2023-07-05T08:47:08+08:00
嘉定·真如(南)	团(團)	[俗]~~转，偏嘉定口音	deu2(dɤ²²)	true	deu2	暂无	自旧档汇入	2023-07-05T08:47:08+08:00
嘉定·真如(南)	段(段)	[空]	doe6(dø¹³)	true	doe6	暂无	自旧档汇入	2023-07-05T08:47:08+08:00
嘉定·真如(南)	缎(緞)	[空]	doe6(dø¹³)	true	doe6	暂无	自旧档汇入	2023-07-05T08:47:08+08:00
嘉定·真如(南)	暖(暖)	[空]	noe6(nø¹³)	true	noe6	暂无	自旧档汇入	2023-07-05T08:47:08+08:00
嘉定·真如(南)	卵(卵)	[空]	loe6(lø¹³)	true	loe6	暂无	自旧档汇入	2023-07-05T08:47:08+08:00
嘉定·真如(南)	乱(亂)	[空]	loe6(lø¹³)	true	loe6	暂无	自旧档汇入	2023-07-05T08:47:08+08:00
嘉定·真如(南)	钻(鑽)	~洞	tsoe1(tsø⁵³)	true	tsoe1	暂无	自旧档汇入	2023-07-05T08:47:08+08:00
嘉定·真如(南)	钻(鑽)	~石	tsoe5(tsø³⁵)	true	tsoe5	暂无	自旧档汇入	2023-07-05T08:47:08+08:00
嘉定·真如(南)	酸(酸)	[空]	soe1(sø⁵³)	true	soe1	暂无	自旧档汇入	2023-07-05T08:47:08+08:00
嘉定·真如(南)	算(算)	[空]	soe5(sø³⁵)	true	soe5	暂无	自旧档汇入	2023-07-05T08:47:08+08:00
嘉定·真如(南)	蒜(蒜)	[空]	soe5(sø³⁵)	true	soe5	暂无	自旧档汇入	2023-07-05T08:47:08+08:00
嘉定·真如(南)	官(官)	[空]	kue1(kue⁵³)	true	kue1	暂无	自旧档汇入	2023-07-05T08:47:08+08:00
嘉定·真如(南)	观(觀)	[空]	kue1(kue⁵³)	true	kue1	暂无	自旧档汇入	2023-07-05T08:47:08+08:00
嘉定·真如(南)	冠(冠)	[空]	kue1(kue⁵³)	true	kue1	暂无	自旧档汇入	2023-07-05T08:47:08+08:00
嘉定·真如(南)	棺(棺)	[空]	kue1(kue⁵³)	true	kue1	暂无	自旧档汇入	2023-07-05T08:47:08+08:00
嘉定·真如(南)	管(管)	[空]	kue3(kue⁴⁴)	true	kue3	暂无	自旧档汇入	2023-07-05T08:47:08+08:00
嘉定·真如(南)	馆(館)	[空]	kue3(kue⁴⁴)	true	kue3	暂无	自旧档汇入	2023-07-05T08:47:08+08:00
嘉定·真如(南)	贯(貫)	[空]	kue5(kue³⁵)	true	kue5	暂无	自旧档汇入	2023-07-05T08:47:08+08:00
嘉定·真如(南)	贯(貫)	[空]	kuae5(kuɛ³⁵)	true	kuae5	暂无	自旧档汇入	2023-07-05T08:47:08+08:00
嘉定·真如(南)	罐(罐)	[空]	kue5(kue³⁵)	true	kue5	暂无	自旧档汇入	2023-07-05T08:47:08+08:00
嘉定·真如(南)	灌(灌)	[空]	kue5(kue³⁵)	true	kue5	暂无	自旧档汇入	2023-07-05T08:47:08+08:00
嘉定·真如(南)	宽(寬)	[空]	khue1(kʰue⁵³)	true	khue1	暂无	自旧档汇入	2023-07-05T08:47:08+08:00
嘉定·真如(南)	款(款)	[空]	khue3(kʰue⁴⁴)	true	khue3	暂无	自旧档汇入	2023-07-05T08:47:08+08:00
嘉定·真如(南)	玩(玩)	[空]	vae2(βɛ²²)	true	vae2	暂无	自旧档汇入	2023-07-05T08:47:08+08:00
嘉定·真如(南)	玩(玩)	[空]	mae2(mɛ²²)	true	mae2	暂无	自旧档汇入	2023-07-05T08:47:08+08:00
嘉定·真如(南)	欢(歡)	[空]	fe1(ɸe⁵³)	true	fe1	暂无	自旧档汇入	2023-07-05T08:47:08+08:00
嘉定·真如(南)	唤(喚)	[空]	fe5(ɸe³⁵)	true	fe5	暂无	自旧档汇入	2023-07-05T08:47:08+08:00
嘉定·真如(南)	完(完)	[空]	ve2(βe²²)	true	ve2	暂无	自旧档汇入	2023-07-05T08:47:08+08:00
嘉定·真如(南)	缓(緩)	[空]	ue3(Øue⁴⁴)	true	ue3	暂无	自旧档汇入	2023-07-05T08:47:08+08:00
嘉定·真如(南)	皖(皖)	[空]	ve6(βe¹³)	true	ve6	暂无	自旧档汇入	2023-07-05T08:47:08+08:00
嘉定·真如(南)	换(換)	[空]	ve6(βe¹³)	true	ve6	暂无	自旧档汇入	2023-07-05T08:47:08+08:00
嘉定·真如(南)	豌(豌)	[空]	ue3(Øue⁴⁴)	true	ue3	暂无	自旧档汇入	2023-07-05T08:47:08+08:00
嘉定·真如(南)	碗(碗)	[空]	ue3(Øue⁴⁴)	true	ue3	暂无	自旧档汇入	2023-07-05T08:47:08+08:00
嘉定·真如(南)	腕(腕)	[空]	ue3(Øue⁴⁴)	true	ue3	暂无	自旧档汇入	2023-07-05T08:47:08+08:00
嘉定·真如(南)	拨(撥)	[空]	peq7(ɓəʔ⁵)	true	peq7	暂无	自旧档汇入	2023-07-05T08:47:08+08:00
嘉定·真如(南)	泼(潑)	[空]	pheq7(pʰəʔ⁵)	true	pheq7	暂无	自旧档汇入	2023-07-05T08:47:08+08:00
嘉定·真如(南)	抹(抹)	[空]	meq8(məʔ²³)	true	meq8	暂无	自旧档汇入	2023-07-05T08:47:08+08:00
嘉定·真如(南)	末(末)	[空]	meq8(məʔ²³)	true	meq8	暂无	自旧档汇入	2023-07-05T08:47:08+08:00
嘉定·真如(南)	脱(脫)	[空]	thoeq7(tʰœʔ⁵)	true	thoeq7	暂无	自旧档汇入	2023-07-05T08:47:08+08:00
嘉定·真如(南)	脱(脫)	[空]	theq7(tʰəʔ⁵)	true	theq7	暂无	自旧档汇入	2023-07-05T08:47:08+08:00
嘉定·真如(南)	夺(奪)	[空]	doeq8(dœʔ²³)	true	doeq8	暂无	自旧档汇入	2023-07-05T08:47:08+08:00
嘉定·真如(南)	撮(撮)	[空]	tshoeq7(tsʰœʔ⁵)	true	tshoeq7	暂无	自旧档汇入	2023-07-05T08:47:08+08:00
嘉定·真如(南)	括(括)	[空]	kuaeq7(kuæʔ⁵)	true	kuaeq7	暂无	自旧档汇入	2023-07-05T08:47:08+08:00
嘉定·真如(南)	阔(闊)	[空]	khueq7(kʰuəʔ⁵)	true	khueq7	暂无	自旧档汇入	2023-07-05T08:47:08+08:00
嘉定·真如(南)	豁(豁)	[空]	faeq7(ɸæʔ⁵)	true	faeq7	暂无	自旧档汇入	2023-07-05T08:47:08+08:00
嘉定·真如(南)	活(活)	[空]	veq8(βəʔ²³)	true	veq8	暂无	自旧档汇入	2023-07-05T08:47:08+08:00
嘉定·真如(南)	顽(頑)	[空]	vae2(βɛ²²)	true	vae2	暂无	自旧档汇入	2023-07-05T08:47:08+08:00
嘉定·真如(南)	滑(滑)	[空]	vaeq8(βæʔ²³)	true	vaeq8	暂无	自旧档汇入	2023-07-05T08:47:08+08:00
嘉定·真如(南)	猾(猾)	[空]	vaeq8(βæʔ²³)	true	vaeq8	暂无	自旧档汇入	2023-07-05T08:47:08+08:00
嘉定·真如(南)	挖(挖)	[空]	uaeq7(Øuæʔ⁵)	true	uaeq7	暂无	自旧档汇入	2023-07-05T08:47:08+08:00
嘉定·真如(南)	闩(閂)	[空]	se1(se⁵³)	true	se1	暂无	自旧档汇入	2023-07-05T08:47:08+08:00
嘉定·真如(南)	关(關)	[空]	kuae1(kuɛ⁵³)	true	kuae1	暂无	自旧档汇入	2023-07-05T08:47:08+08:00
嘉定·真如(南)	惯(慣)	[空]	kuae5(kuɛ³⁵)	true	kuae5	暂无	自旧档汇入	2023-07-05T08:47:08+08:00
嘉定·真如(南)	还(還)	[空]	vae2(βɛ²²)	true	vae2	暂无	自旧档汇入	2023-07-05T08:47:08+08:00
嘉定·真如(南)	还(還)	[空]	ae1(Øɛ⁵³)	true	ae1	暂无	自旧档汇入	2023-07-05T08:47:08+08:00
嘉定·真如(南)	环(環)	[空]	guae2(ɡuɛ²²)	true	guae2	暂无	自旧档汇入	2023-07-05T08:47:08+08:00
嘉定·真如(南)	患(患)	[空]	vae6(βɛ¹³)	true	vae6	暂无	自旧档汇入	2023-07-05T08:47:08+08:00
嘉定·真如(南)	弯(彎)	[空]	uae1(Øuɛ⁵³)	true	uae1	暂无	自旧档汇入	2023-07-05T08:47:08+08:00
嘉定·真如(南)	湾(灣)	[空]	uae1(Øuɛ⁵³)	true	uae1	暂无	自旧档汇入	2023-07-05T08:47:08+08:00
嘉定·真如(南)	刷(刷)	[空]	seq7(səʔ⁵)	true	seq7	暂无	自旧档汇入	2023-07-05T08:47:08+08:00
嘉定·真如(南)	刮(刮)	[空]	kuaeq7(kuæʔ⁵)	true	kuaeq7	暂无	自旧档汇入	2023-07-05T08:47:08+08:00
嘉定·真如(南)	恋(戀)	[空]	lie6(lie¹³)	true	lie6	暂无	自旧档汇入	2023-07-05T08:47:08+08:00
嘉定·真如(南)	泉(泉)	[空]	zie2(zie²²)	true	zie2	暂无	自旧档汇入	2023-07-05T08:47:08+08:00
嘉定·真如(南)	全(全)	[空]	zie2(zie²²)	true	zie2	暂无	自旧档汇入	2023-07-05T08:47:08+08:00
嘉定·真如(南)	宣(宣)	[空]	sie1(sie⁵³)	true	sie1	暂无	自旧档汇入	2023-07-05T08:47:08+08:00
嘉定·真如(南)	选(選)	[空]	sie3(sie⁴⁴)	true	sie3	暂无	自旧档汇入	2023-07-05T08:47:08+08:00
嘉定·真如(南)	旋(旋)	[空]	zie2(zie²²)	true	zie2	暂无	自旧档汇入	2023-07-05T08:47:08+08:00
嘉定·真如(南)	转(轉)	[空]	tse5(tse³⁵)	true	tse5	暂无	自旧档汇入	2023-07-05T08:47:08+08:00
嘉定·真如(南)	转(轉)	[空]	tse3(tse⁴⁴)	true	tse3	暂无	自旧档汇入	2023-07-05T08:47:08+08:00
嘉定·真如(南)	传(傳)	[空]	ze2(ze²²)	true	ze2	暂无	自旧档汇入	2023-07-05T08:47:08+08:00
嘉定·真如(南)	椽(椽)	[空]	ze2(ze²²)	true	ze2	暂无	自旧档汇入	2023-07-05T08:47:08+08:00
嘉定·真如(南)	专(專)	[空]	tse1(tse⁵³)	true	tse1	暂无	自旧档汇入	2023-07-05T08:47:08+08:00
嘉定·真如(南)	砖(磚)	[空]	tse1(tse⁵³)	true	tse1	暂无	自旧档汇入	2023-07-05T08:47:08+08:00
嘉定·真如(南)	川(川)	[空]	tshe1(tsʰe⁵³)	true	tshe1	暂无	自旧档汇入	2023-07-05T08:47:08+08:00
嘉定·真如(南)	穿(穿)	[空]	tshe1(tsʰe⁵³)	true	tshe1	暂无	自旧档汇入	2023-07-05T08:47:08+08:00
嘉定·真如(南)	喘(喘)	[空]	tshe3(tsʰe⁴⁴)	true	tshe3	暂无	自旧档汇入	2023-07-05T08:47:08+08:00
嘉定·真如(南)	串(串)	[空]	tshoe5(tsʰø³⁵)	true	tshoe5	暂无	自旧档汇入	2023-07-05T08:47:08+08:00
嘉定·真如(南)	船(船)	[空]	ze2(ze²²)	true	ze2	暂无	自旧档汇入	2023-07-05T08:47:08+08:00
嘉定·真如(南)	软(軟)	[空]	gnioe6(ȵyœ¹³)	true	gnioe6	暂无	自旧档汇入	2023-07-05T08:47:08+08:00
嘉定·真如(南)	卷(卷)	[空]	cioe5(tɕyœ³⁵)	true	cioe5	暂无	自旧档汇入	2023-07-05T08:47:08+08:00
嘉定·真如(南)	卷(捲)	[空]	cioe3(tɕyœ⁴⁴)	true	cioe3	暂无	自旧档汇入	2023-07-05T08:47:08+08:00
嘉定·真如(南)	眷(眷)	[空]	cioe5(tɕyœ³⁵)	true	cioe5	暂无	自旧档汇入	2023-07-05T08:47:08+08:00
嘉定·真如(南)	绢(絹)	[空]	cioe5(tɕyœ³⁵)	true	cioe5	暂无	自旧档汇入	2023-07-05T08:47:08+08:00
嘉定·真如(南)	圈(圈)	[空]	chioe1(tɕʰyœ⁵³)	true	chioe1	暂无	自旧档汇入	2023-07-05T08:47:08+08:00
嘉定·真如(南)	权(權)	[空]	jioe2(dʑyœ²²)	true	jioe2	暂无	自旧档汇入	2023-07-05T08:47:08+08:00
嘉定·真如(南)	拳(拳)	[空]	jioe2(dʑyœ²²)	true	jioe2	暂无	自旧档汇入	2023-07-05T08:47:08+08:00
嘉定·真如(南)	颧(顴)	[空]	jioe2(dʑyœ²²)	true	jioe2	暂无	自旧档汇入	2023-07-05T08:47:08+08:00
嘉定·真如(南)	倦(倦)	[空]	jioe6(dʑyœ¹³)	true	jioe6	暂无	自旧档汇入	2023-07-05T08:47:08+08:00
嘉定·真如(南)	员(員)	[空]	yoe2(ɦyœ²²)	true	yoe2	暂无	自旧档汇入	2023-07-05T08:47:08+08:00
嘉定·真如(南)	圆(圓)	[空]	yoe2(ɦyœ²²)	true	yoe2	暂无	自旧档汇入	2023-07-05T08:47:08+08:00
嘉定·真如(南)	院(院)	[空]	yoe2(ɦyœ²²)	true	yoe2	暂无	自旧档汇入	2023-07-05T08:47:08+08:00
嘉定·真如(南)	缘(緣)	[空]	yoe2(ɦyœ²²)	true	yoe2	暂无	自旧档汇入	2023-07-05T08:47:08+08:00
嘉定·真如(南)	铅(鉛)	[空]	ye2(ɦie²²)	true	ye2	暂无	自旧档汇入	2023-07-05T08:47:08+08:00
嘉定·真如(南)	铅(鉛)	~笔	khae1(kʰɛ⁵³)	true	khae1	暂无	自旧档汇入	2023-07-05T08:47:08+08:00
嘉定·真如(南)	沿(沿)	[空]	ye2(ɦie²²)	true	ye2	暂无	自旧档汇入	2023-07-05T08:47:08+08:00
嘉定·真如(南)	捐(捐)	[空]	cioe1(tɕyœ⁵³)	true	cioe1	暂无	自旧档汇入	2023-07-05T08:47:08+08:00
嘉定·真如(南)	劣(劣)	[空]	liq8(lɪʔ²³)	true	liq8	暂无	自旧档汇入	2023-07-05T08:47:08+08:00
嘉定·真如(南)	绝(絕)	[空]	ziq8(zɪʔ²³)	true	ziq8	暂无	自旧档汇入	2023-07-05T08:47:08+08:00
嘉定·真如(南)	雪(雪)	[空]	siq7(sɪʔ⁵)	true	siq7	暂无	自旧档汇入	2023-07-05T08:47:08+08:00
嘉定·真如(南)	说(說)	[空]	seq7(səʔ⁵)	true	seq7	暂无	自旧档汇入	2023-07-05T08:47:08+08:00
嘉定·真如(南)	悦(悅)	[空]	yoeq8(ɦyœʔ²³)	true	yoeq8	暂无	自旧档汇入	2023-07-05T08:47:08+08:00
嘉定·真如(南)	阅(閱)	[空]	yoeq8(ɦyœʔ²³)	true	yoeq8	暂无	自旧档汇入	2023-07-05T08:47:08+08:00
嘉定·真如(南)	反(反)	[空]	fae3(ɸɛ⁴⁴)	true	fae3	暂无	自旧档汇入	2023-07-05T08:47:08+08:00
嘉定·真如(南)	贩(販)	[空]	fae5(ɸɛ³⁵)	true	fae5	暂无	自旧档汇入	2023-07-05T08:47:08+08:00
嘉定·真如(南)	番(番)	[空]	fae1(ɸɛ⁵³)	true	fae1	暂无	自旧档汇入	2023-07-05T08:47:08+08:00
嘉定·真如(南)	翻(翻)	[空]	fae1(ɸɛ⁵³)	true	fae1	暂无	自旧档汇入	2023-07-05T08:47:08+08:00
嘉定·真如(南)	烦(煩)	[空]	vae2(βɛ²²)	true	vae2	暂无	自旧档汇入	2023-07-05T08:47:08+08:00
嘉定·真如(南)	繁(繁)	[空]	vae2(βɛ²²)	true	vae2	暂无	自旧档汇入	2023-07-05T08:47:08+08:00
嘉定·真如(南)	饭(飯)	[空]	vae6(βɛ¹³)	true	vae6	暂无	自旧档汇入	2023-07-05T08:47:08+08:00
嘉定·真如(南)	晚(晚)	[文]	vae6(βɛ¹³)	true	vae6	暂无	自旧档汇入	2023-07-05T08:47:08+08:00
嘉定·真如(南)	晚(晚)	[白]~娘；~稻；~叫	mae6(mɛ¹³)	true	mae6	暂无	自旧档汇入	2023-07-05T08:47:08+08:00
嘉定·真如(南)	愿(願)	[空]	gnioe6(ȵyœ¹³)	true	gnioe6	暂无	自旧档汇入	2023-07-05T08:47:08+08:00
嘉定·真如(南)	楦(楦)	[空]	shioe5(ɕyœ³⁵)	true	shioe5	暂无	自旧档汇入	2023-07-05T08:47:08+08:00
嘉定·真如(南)	冤(冤)	[空]	ioe1(Øyœ⁵³)	true	ioe1	暂无	自旧档汇入	2023-07-05T08:47:08+08:00
嘉定·真如(南)	怨(怨)	[空]	ioe5(Øyœ³⁵)	true	ioe5	暂无	自旧档汇入	2023-07-05T08:47:08+08:00
嘉定·真如(南)	袁(袁)	[空]	yoe2(ɦyœ²²)	true	yoe2	暂无	自旧档汇入	2023-07-05T08:47:08+08:00
嘉定·真如(南)	园(園)	[空]	yoe2(ɦyœ²²)	true	yoe2	暂无	自旧档汇入	2023-07-05T08:47:08+08:00
嘉定·真如(南)	万(萬)	[文]	vae6(βɛ¹³)	true	vae6	暂无	自旧档汇入	2023-07-05T08:47:08+08:00
嘉定·真如(南)	万(萬)	[白]	mae6(mɛ¹³)	true	mae6	暂无	自旧档汇入	2023-07-05T08:47:08+08:00
嘉定·真如(南)	劝(勸)	[空]	chioe5(tɕʰyœ³⁵)	true	chioe5	暂无	自旧档汇入	2023-07-05T08:47:08+08:00
嘉定·真如(南)	券(券)	[空]	chioe5(tɕʰyœ³⁵)	true	chioe5	暂无	自旧档汇入	2023-07-05T08:47:08+08:00
嘉定·真如(南)	原(原)	[空]	gnioe2(ȵyœ²²)	true	gnioe2	暂无	自旧档汇入	2023-07-05T08:47:08+08:00
嘉定·真如(南)	源(源)	[空]	gnioe2(ȵyœ²²)	true	gnioe2	暂无	自旧档汇入	2023-07-05T08:47:08+08:00
嘉定·真如(南)	元(元)	[空]	yoe2(ɦyœ²²)	true	yoe2	暂无	自旧档汇入	2023-07-05T08:47:08+08:00
嘉定·真如(南)	元(元)	[空]	gnioe2(ȵyœ²²)	true	gnioe2	暂无	自旧档汇入	2023-07-05T08:47:08+08:00
嘉定·真如(南)	援(援)	[空]	yoe2(ɦyœ²²)	true	yoe2	暂无	自旧档汇入	2023-07-05T08:47:08+08:00
嘉定·真如(南)	远(遠)	[空]	yoe6(ɦyœ¹³)	true	yoe6	暂无	自旧档汇入	2023-07-05T08:47:08+08:00
嘉定·真如(南)	发(髮)	[空]	faeq7(ɸæʔ⁵)	true	faeq7	暂无	自旧档汇入	2023-07-05T08:47:08+08:00
嘉定·真如(南)	发(發)	[空]	faeq7(ɸæʔ⁵)	true	faeq7	暂无	自旧档汇入	2023-07-05T08:47:08+08:00
嘉定·真如(南)	伐(伐)	[空]	vaeq8(βæʔ²³)	true	vaeq8	暂无	自旧档汇入	2023-07-05T08:47:08+08:00
嘉定·真如(南)	罚(罰)	[空]	vaeq8(βæʔ²³)	true	vaeq8	暂无	自旧档汇入	2023-07-05T08:47:08+08:00
嘉定·真如(南)	筏(筏)	[空]	vaeq8(βæʔ²³)	true	vaeq8	暂无	自旧档汇入	2023-07-05T08:47:08+08:00
嘉定·真如(南)	袜(襪)	[空]	maeq8(mæʔ²³)	true	maeq8	暂无	自旧档汇入	2023-07-05T08:47:08+08:00
嘉定·真如(南)	月(月)	[空]	gnioeq8(ȵyœʔ²³)	true	gnioeq8	暂无	自旧档汇入	2023-07-05T08:47:08+08:00
嘉定·真如(南)	越(越)	[文]	yoeq8(ɦyœʔ²³)	true	yoeq8	暂无	自旧档汇入	2023-07-05T08:47:08+08:00
嘉定·真如(南)	越(越)	[白]	yeq8(ɦiəʔ²³)	true	yeq8	暂无	自旧档汇入	2023-07-05T08:47:08+08:00
嘉定·真如(南)	犬(犬)	[空]	chioe3(tɕʰyœ⁴⁴)	true	chioe3	暂无	自旧档汇入	2023-07-05T08:47:08+08:00
嘉定·真如(南)	县(縣)	[空]	yoe6(ɦyœ¹³)	true	yoe6	暂无	自旧档汇入	2023-07-05T08:47:08+08:00
嘉定·真如(南)	决(決)	[空]	cioeq7(tɕyœʔ⁵)	true	cioeq7	暂无	自旧档汇入	2023-07-05T08:47:08+08:00
嘉定·真如(南)	缺(缺)	[空]	chioeq7(tɕʰyœʔ⁵)	true	chioeq7	暂无	自旧档汇入	2023-07-05T08:47:08+08:00
嘉定·真如(南)	血(血)	[空]	shioeq7(ɕyœʔ⁵)	true	shioeq7	暂无	自旧档汇入	2023-07-05T08:47:08+08:00
嘉定·真如(南)	穴(穴)	[空]	yoeq8(ɦyœʔ²³)	true	yoeq8	暂无	自旧档汇入	2023-07-05T08:47:08+08:00
嘉定·真如(南)	吞(吞)	[空]	then1(tʰəŋ⁵³)	true	then1	暂无	自旧档汇入	2023-07-05T08:47:08+08:00
嘉定·真如(南)	跟(跟)	[空]	ken1(kəŋ⁵³)	true	ken1	暂无	自旧档汇入	2023-07-05T08:47:08+08:00
嘉定·真如(南)	根(根)	[空]	ken1(kəŋ⁵³)	true	ken1	暂无	自旧档汇入	2023-07-05T08:47:08+08:00
嘉定·真如(南)	恳(懇)	[空]	khen3(kʰəŋ⁴⁴)	true	khen3	暂无	自旧档汇入	2023-07-05T08:47:08+08:00
嘉定·真如(南)	垦(墾)	[空]	khen3(kʰəŋ⁴⁴)	true	khen3	暂无	自旧档汇入	2023-07-05T08:47:08+08:00
嘉定·真如(南)	痕(痕)	[空]	ghen2(ɦəŋ²²)	true	ghen2	暂无	自旧档汇入	2023-07-05T08:47:08+08:00
嘉定·真如(南)	很(很)	[空]	hen3(həŋ⁴⁴)	true	hen3	暂无	自旧档汇入	2023-07-05T08:47:08+08:00
嘉定·真如(南)	恨(恨)	[空]	ghen6(ɦəŋ¹³)	true	ghen6	暂无	自旧档汇入	2023-07-05T08:47:08+08:00
嘉定·真如(南)	恩(恩)	[空]	en1(Øəŋ⁵³)	true	en1	暂无	自旧档汇入	2023-07-05T08:47:08+08:00
嘉定·真如(南)	宾(賓)	[空]	pin1(ɓiŋ⁵³)	true	pin1	暂无	自旧档汇入	2023-07-05T08:47:08+08:00
嘉定·真如(南)	彬(彬)	[空]	pin1(ɓiŋ⁵³)	true	pin1	暂无	自旧档汇入	2023-07-05T08:47:08+08:00
嘉定·真如(南)	贫(貧)	[空]	bin2(biŋ²²)	true	bin2	暂无	自旧档汇入	2023-07-05T08:47:08+08:00
嘉定·真如(南)	频(頻)	[空]	bin2(biŋ²²)	true	bin2	暂无	自旧档汇入	2023-07-05T08:47:08+08:00
嘉定·真如(南)	民(民)	[空]	min2(miŋ²²)	true	min2	暂无	自旧档汇入	2023-07-05T08:47:08+08:00
嘉定·真如(南)	闽(閩)	[空]	min2(miŋ²²)	true	min2	暂无	自旧档汇入	2023-07-05T08:47:08+08:00
嘉定·真如(南)	敏(敏)	[空]	min6(miŋ¹³)	true	min6	暂无	自旧档汇入	2023-07-05T08:47:08+08:00
嘉定·真如(南)	邻(鄰)	[空]	lin2(liŋ²²)	true	lin2	暂无	自旧档汇入	2023-07-05T08:47:08+08:00
嘉定·真如(南)	磷(磷)	[空]	lin2(liŋ²²)	true	lin2	暂无	自旧档汇入	2023-07-05T08:47:08+08:00
嘉定·真如(南)	津(津)	[空]	tsin1(tsiŋ⁵³)	true	tsin1	暂无	自旧档汇入	2023-07-05T08:47:08+08:00
嘉定·真如(南)	进(進)	[空]	tsin5(tsiŋ³⁵)	true	tsin5	暂无	自旧档汇入	2023-07-05T08:47:08+08:00
嘉定·真如(南)	晋(晉)	[空]	tsin5(tsiŋ³⁵)	true	tsin5	暂无	自旧档汇入	2023-07-05T08:47:08+08:00
嘉定·真如(南)	亲(親)	[空]	tshin1(tsʰiŋ⁵³)	true	tshin1	暂无	自旧档汇入	2023-07-05T08:47:08+08:00
嘉定·真如(南)	秦(秦)	[空]	zin2(ziŋ²²)	true	zin2	暂无	自旧档汇入	2023-07-05T08:47:08+08:00
嘉定·真如(南)	尽(儘)	[空]	zin6(ziŋ¹³)	true	zin6	暂无	自旧档汇入	2023-07-05T08:47:08+08:00
嘉定·真如(南)	尽(盡)	[空]	zin6(ziŋ¹³)	true	zin6	暂无	自旧档汇入	2023-07-05T08:47:08+08:00
嘉定·真如(南)	辛(辛)	[空]	sin1(siŋ⁵³)	true	sin1	暂无	自旧档汇入	2023-07-05T08:47:08+08:00
嘉定·真如(南)	新(新)	[空]	sin1(siŋ⁵³)	true	sin1	暂无	自旧档汇入	2023-07-05T08:47:08+08:00
嘉定·真如(南)	信(信)	[空]	sin5(siŋ³⁵)	true	sin5	暂无	自旧档汇入	2023-07-05T08:47:08+08:00
嘉定·真如(南)	讯(訊)	[空]	sin5(siŋ³⁵)	true	sin5	暂无	自旧档汇入	2023-07-05T08:47:08+08:00
嘉定·真如(南)	迅(迅)	[空]	sin5(siŋ³⁵)	true	sin5	暂无	自旧档汇入	2023-07-05T08:47:08+08:00
嘉定·真如(南)	珍(珍)	[空]	tsen1(tsəŋ⁵³)	true	tsen1	暂无	自旧档汇入	2023-07-05T08:47:08+08:00
嘉定·真如(南)	镇(鎮)	[空]	tsen5(tsəŋ³⁵)	true	tsen5	暂无	自旧档汇入	2023-07-05T08:47:08+08:00
嘉定·真如(南)	趁(趁)	[空]	tshen5(tsʰəŋ³⁵)	true	tshen5	暂无	自旧档汇入	2023-07-05T08:47:08+08:00
嘉定·真如(南)	陈(陳)	[空]	zen2(zəŋ²²)	true	zen2	暂无	自旧档汇入	2023-07-05T08:47:08+08:00
嘉定·真如(南)	尘(塵)	[空]	zen2(zəŋ²²)	true	zen2	暂无	自旧档汇入	2023-07-05T08:47:08+08:00
嘉定·真如(南)	阵(陣)	[空]	zen6(zəŋ¹³)	true	zen6	暂无	自旧档汇入	2023-07-05T08:47:08+08:00
嘉定·真如(南)	衬(襯)	[空]	tshen5(tsʰəŋ³⁵)	true	tshen5	暂无	自旧档汇入	2023-07-05T08:47:08+08:00
嘉定·真如(南)	真(真)	[空]	tsen1(tsəŋ⁵³)	true	tsen1	暂无	自旧档汇入	2023-07-05T08:47:08+08:00
嘉定·真如(南)	诊(診)	[空]	tsen3(tsəŋ⁴⁴)	true	tsen3	暂无	自旧档汇入	2023-07-05T08:47:08+08:00
嘉定·真如(南)	振(振)	[空]	tsen5(tsəŋ³⁵)	true	tsen5	暂无	自旧档汇入	2023-07-05T08:47:08+08:00
嘉定·真如(南)	震(震)	[空]	tsen5(tsəŋ³⁵)	true	tsen5	暂无	自旧档汇入	2023-07-05T08:47:08+08:00
嘉定·真如(南)	神(神)	[空]	zen2(zəŋ²²)	true	zen2	暂无	自旧档汇入	2023-07-05T08:47:08+08:00
嘉定·真如(南)	身(身)	[空]	sen1(səŋ⁵³)	true	sen1	暂无	自旧档汇入	2023-07-05T08:47:08+08:00
嘉定·真如(南)	申(申)	[空]	sen1(səŋ⁵³)	true	sen1	暂无	自旧档汇入	2023-07-05T08:47:08+08:00
嘉定·真如(南)	伸(伸)	[空]	sen1(səŋ⁵³)	true	sen1	暂无	自旧档汇入	2023-07-05T08:47:08+08:00
嘉定·真如(南)	晨(晨)	[空]	zen2(zəŋ²²)	true	zen2	暂无	自旧档汇入	2023-07-05T08:47:08+08:00
嘉定·真如(南)	辰(辰)	[空]	zen2(zəŋ²²)	true	zen2	暂无	自旧档汇入	2023-07-05T08:47:08+08:00
嘉定·真如(南)	臣(臣)	[空]	zen2(zəŋ²²)	true	zen2	暂无	自旧档汇入	2023-07-05T08:47:08+08:00
嘉定·真如(南)	肾(腎)	[空]	zen6(zəŋ¹³)	true	zen6	暂无	自旧档汇入	2023-07-05T08:47:08+08:00
嘉定·真如(南)	慎(慎)	[空]	zen6(zəŋ¹³)	true	zen6	暂无	自旧档汇入	2023-07-05T08:47:08+08:00
嘉定·真如(南)	人(人)	[白]	gnien2(ȵiəŋ²²)	true	gnien2	暂无	自旧档汇入	2023-07-05T08:47:08+08:00
嘉定·真如(南)	人(人)	[文]	zen2(zəŋ²²)	true	zen2	暂无	自旧档汇入	2023-07-05T08:47:08+08:00
嘉定·真如(南)	仁(仁)	[白]	gnien2(ȵiəŋ²²)	true	gnien2	暂无	自旧档汇入	2023-07-05T08:47:08+08:00
嘉定·真如(南)	仁(仁)	[文]	zen2(zəŋ²²)	true	zen2	暂无	自旧档汇入	2023-07-05T08:47:08+08:00
嘉定·真如(南)	忍(忍)	[空]	gnien6(ȵiəŋ¹³)	true	gnien6	暂无	自旧档汇入	2023-07-05T08:47:08+08:00
嘉定·真如(南)	刃(刃)	[空]	zen6(zəŋ¹³)	true	zen6	暂无	自旧档汇入	2023-07-05T08:47:08+08:00
嘉定·真如(南)	认(認)	[文]	zen6(zəŋ¹³)	true	zen6	暂无	自旧档汇入	2023-07-05T08:47:08+08:00
嘉定·真如(南)	认(認)	[白]	gnien6(ȵiəŋ¹³)	true	gnien6	暂无	自旧档汇入	2023-07-05T08:47:08+08:00
嘉定·真如(南)	巾(巾)	[空]	cien1(tɕiəŋ⁵³)	true	cien1	暂无	自旧档汇入	2023-07-05T08:47:08+08:00
嘉定·真如(南)	紧(緊)	[空]	cien3(tɕiəŋ⁴⁴)	true	cien3	暂无	自旧档汇入	2023-07-05T08:47:08+08:00
嘉定·真如(南)	仅(僅)	[空]	jien6(dʑiəŋ¹³)	true	jien6	暂无	自旧档汇入	2023-07-05T08:47:08+08:00
嘉定·真如(南)	银(銀)	[空]	gnien2(ȵiəŋ²²)	true	gnien2	暂无	自旧档汇入	2023-07-05T08:47:08+08:00
嘉定·真如(南)	因(因)	[空]	ien1(Øiəŋ⁵³)	true	ien1	暂无	自旧档汇入	2023-07-05T08:47:08+08:00
嘉定·真如(南)	姻(姻)	[空]	ien1(Øiəŋ⁵³)	true	ien1	暂无	自旧档汇入	2023-07-05T08:47:08+08:00
嘉定·真如(南)	印(印)	[空]	ien5(Øiəŋ³⁵)	true	ien5	暂无	自旧档汇入	2023-07-05T08:47:08+08:00
嘉定·真如(南)	寅(寅)	[空]	yen2(ɦiəŋ²²)	true	yen2	暂无	自旧档汇入	2023-07-05T08:47:08+08:00
嘉定·真如(南)	引(引)	[空]	yen6(ɦiəŋ¹³)	true	yen6	暂无	自旧档汇入	2023-07-05T08:47:08+08:00
嘉定·真如(南)	笔(筆)	[空]	piq7(ɓɪʔ⁵)	true	piq7	暂无	自旧档汇入	2023-07-05T08:47:08+08:00
嘉定·真如(南)	毕(畢)	[空]	piq7(ɓɪʔ⁵)	true	piq7	暂无	自旧档汇入	2023-07-05T08:47:08+08:00
嘉定·真如(南)	必(必)	[空]	piq7(ɓɪʔ⁵)	true	piq7	暂无	自旧档汇入	2023-07-05T08:47:08+08:00
嘉定·真如(南)	匹(匹)	[空]	phiq7(pʰɪʔ⁵)	true	phiq7	暂无	自旧档汇入	2023-07-05T08:47:08+08:00
嘉定·真如(南)	密(密)	[空]	miq8(mɪʔ²³)	true	miq8	暂无	自旧档汇入	2023-07-05T08:47:08+08:00
嘉定·真如(南)	蜜(蜜)	[空]	miq8(mɪʔ²³)	true	miq8	暂无	自旧档汇入	2023-07-05T08:47:08+08:00
嘉定·真如(南)	栗(栗)	[空]	liq8(lɪʔ²³)	true	liq8	暂无	自旧档汇入	2023-07-05T08:47:08+08:00
嘉定·真如(南)	七(七)	[空]	tshiq7(tsʰɪʔ⁵)	true	tshiq7	暂无	自旧档汇入	2023-07-05T08:47:08+08:00
嘉定·真如(南)	漆(漆)	[空]	tshiq7(tsʰɪʔ⁵)	true	tshiq7	暂无	自旧档汇入	2023-07-05T08:47:08+08:00
嘉定·真如(南)	疾(疾)	[空]	ziq8(zɪʔ²³)	true	ziq8	暂无	自旧档汇入	2023-07-05T08:47:08+08:00
嘉定·真如(南)	膝(膝)	[空]	siq7(sɪʔ⁵)	true	siq7	暂无	自旧档汇入	2023-07-05T08:47:08+08:00
嘉定·真如(南)	侄(侄)	[空]	zeq8(zəʔ²³)	true	zeq8	暂无	自旧档汇入	2023-07-05T08:47:08+08:00
嘉定·真如(南)	秩(秩)	[空]	zeq8(zəʔ²³)	true	zeq8	暂无	自旧档汇入	2023-07-05T08:47:08+08:00
嘉定·真如(南)	质(質)	[空]	tseq7(tsəʔ⁵)	true	tseq7	暂无	自旧档汇入	2023-07-05T08:47:08+08:00
嘉定·真如(南)	实(實)	[空]	zeq8(zəʔ²³)	true	zeq8	暂无	自旧档汇入	2023-07-05T08:47:08+08:00
嘉定·真如(南)	失(失)	[空]	seq7(səʔ⁵)	true	seq7	暂无	自旧档汇入	2023-07-05T08:47:08+08:00
嘉定·真如(南)	室(室)	[空]	seq7(səʔ⁵)	true	seq7	暂无	自旧档汇入	2023-07-05T08:47:08+08:00
嘉定·真如(南)	日(日)	[白]	gniq8(ȵiɪʔ²³)	true	gniq8	暂无	自旧档汇入	2023-07-05T08:47:08+08:00
嘉定·真如(南)	日(日)	[文]	zeq8(zəʔ²³)	true	zeq8	暂无	自旧档汇入	2023-07-05T08:47:08+08:00
嘉定·真如(南)	吉(吉)	[空]	ciq7(tɕiɪʔ⁵)	true	ciq7	暂无	自旧档汇入	2023-07-05T08:47:08+08:00
嘉定·真如(南)	乙(乙)	[空]	iq7(Øɪʔ⁵)	true	iq7	暂无	自旧档汇入	2023-07-05T08:47:08+08:00
嘉定·真如(南)	一(一)	[空]	iq7(Øɪʔ⁵)	true	iq7	暂无	自旧档汇入	2023-07-05T08:47:08+08:00
嘉定·真如(南)	逸(逸)	[空]	yiq8(ɦiɪʔ²³)	true	yiq8	暂无	自旧档汇入	2023-07-05T08:47:08+08:00
嘉定·真如(南)	斤(斤)	[空]	cien1(tɕiəŋ⁵³)	true	cien1	暂无	自旧档汇入	2023-07-05T08:47:08+08:00
嘉定·真如(南)	筋(筋)	[空]	cien1(tɕiəŋ⁵³)	true	cien1	暂无	自旧档汇入	2023-07-05T08:47:08+08:00
嘉定·真如(南)	勤(勤)	[空]	jien2(dʑiəŋ²²)	true	jien2	暂无	自旧档汇入	2023-07-05T08:47:08+08:00
嘉定·真如(南)	芹(芹)	[空]	jien2(dʑiəŋ²²)	true	jien2	暂无	自旧档汇入	2023-07-05T08:47:08+08:00
嘉定·真如(南)	近(近)	[空]	jien6(dʑiəŋ¹³)	true	jien6	暂无	自旧档汇入	2023-07-05T08:47:08+08:00
嘉定·真如(南)	殷(殷)	[空]	ien1(Øiəŋ⁵³)	true	ien1	暂无	自旧档汇入	2023-07-05T08:47:08+08:00
嘉定·真如(南)	隐(隱)	[空]	ien3(Øiəŋ⁴⁴)	true	ien3	暂无	自旧档汇入	2023-07-05T08:47:08+08:00
嘉定·真如(南)	奔(奔)	[空]	pen1(ɓəŋ⁵³)	true	pen1	暂无	自旧档汇入	2023-07-05T08:47:08+08:00
嘉定·真如(南)	本(本)	[空]	pen3(ɓəŋ⁴⁴)	true	pen3	暂无	自旧档汇入	2023-07-05T08:47:08+08:00
嘉定·真如(南)	喷(噴)	[空]	phen1(pʰəŋ⁵³)	true	phen1	暂无	自旧档汇入	2023-07-05T08:47:08+08:00
嘉定·真如(南)	盆(盆)	[空]	ben2(bəŋ²²)	true	ben2	暂无	自旧档汇入	2023-07-05T08:47:08+08:00
嘉定·真如(南)	笨(笨)	[空]	ben6(bəŋ¹³)	true	ben6	暂无	自旧档汇入	2023-07-05T08:47:08+08:00
嘉定·真如(南)	门(門)	[空]	men2(məŋ²²)	true	men2	暂无	自旧档汇入	2023-07-05T08:47:08+08:00
嘉定·真如(南)	闷(悶)	[空]	men1(məŋ⁵³)	true	men1	暂无	自旧档汇入	2023-07-05T08:47:08+08:00
嘉定·真如(南)	敦(敦)	[空]	ten1(ɗəŋ⁵³)	true	ten1	暂无	自旧档汇入	2023-07-05T08:47:08+08:00
嘉定·真如(南)	顿(頓)	[空]	ten5(ɗəŋ³⁵)	true	ten5	暂无	自旧档汇入	2023-07-05T08:47:08+08:00
嘉定·真如(南)	屯(屯)	[空]	den6(dəŋ¹³)	true	den6	暂无	自旧档汇入	2023-07-05T08:47:08+08:00
嘉定·真如(南)	臀(臀)	[空]	den2(dəŋ²²)	true	den2	暂无	自旧档汇入	2023-07-05T08:47:08+08:00
嘉定·真如(南)	盾(盾)	[空]	den6(dəŋ¹³)	true	den6	暂无	自旧档汇入	2023-07-05T08:47:08+08:00
嘉定·真如(南)	钝(鈍)	[空]	den6(dəŋ¹³)	true	den6	暂无	自旧档汇入	2023-07-05T08:47:08+08:00
嘉定·真如(南)	嫩(嫩)	[空]	nen6(nəŋ¹³)	true	nen6	暂无	自旧档汇入	2023-07-05T08:47:08+08:00
嘉定·真如(南)	论(論)	[空]	len6(ləŋ¹³)	true	len6	暂无	自旧档汇入	2023-07-05T08:47:08+08:00
嘉定·真如(南)	尊(尊)	[空]	tsen1(tsəŋ⁵³)	true	tsen1	暂无	自旧档汇入	2023-07-05T08:47:08+08:00
嘉定·真如(南)	村(村)	[空]	tshen1(tsʰəŋ⁵³)	true	tshen1	暂无	自旧档汇入	2023-07-05T08:47:08+08:00
嘉定·真如(南)	寸(寸)	[空]	tshen5(tsʰəŋ³⁵)	true	tshen5	暂无	自旧档汇入	2023-07-05T08:47:08+08:00
嘉定·真如(南)	存(存)	[空]	zen2(zəŋ²²)	true	zen2	暂无	自旧档汇入	2023-07-05T08:47:08+08:00
嘉定·真如(南)	蹲(蹲)	[空]	ten1(ɗəŋ⁵³)	true	ten1	暂无	自旧档汇入	2023-07-05T08:47:08+08:00
嘉定·真如(南)	孙(孫)	[空]	sen1(səŋ⁵³)	true	sen1	暂无	自旧档汇入	2023-07-05T08:47:08+08:00
嘉定·真如(南)	孙(孫)	姓氏	sen5(səŋ³⁵)	true	sen5	暂无	自旧档汇入	2023-07-05T08:47:08+08:00
嘉定·真如(南)	损(損)	[空]	sen5(səŋ³⁵)	true	sen5	暂无	自旧档汇入	2023-07-05T08:47:08+08:00
嘉定·真如(南)	昆(昆)	[空]	khuen1(kʰuəŋ⁵³)	true	khuen1	暂无	自旧档汇入	2023-07-05T08:47:08+08:00
嘉定·真如(南)	滚(滾)	[空]	kuen3(kuəŋ⁴⁴)	true	kuen3	暂无	自旧档汇入	2023-07-05T08:47:08+08:00
嘉定·真如(南)	棍(棍)	参考《上海地区方言调查研究》真如方音字汇表	kuen3(kuəŋ⁴⁴)	true	kuen3	暂无	自旧档汇入	2023-07-05T08:47:08+08:00
嘉定·真如(南)	捆(捆)	[空]	khuen3(kʰuəŋ⁴⁴)	true	khuen3	暂无	自旧档汇入	2023-07-05T08:47:08+08:00
嘉定·真如(南)	困(困)	[空]	khuen5(kʰuəŋ³⁵)	true	khuen5	暂无	自旧档汇入	2023-07-05T08:47:08+08:00
嘉定·真如(南)	困(睏)	[空]	khuen5(kʰuəŋ³⁵)	true	khuen5	暂无	自旧档汇入	2023-07-05T08:47:08+08:00
嘉定·真如(南)	昏(昏)	[空]	fen1(ɸəŋ⁵³)	true	fen1	暂无	自旧档汇入	2023-07-05T08:47:08+08:00
嘉定·真如(南)	婚(婚)	[空]	fen1(ɸəŋ⁵³)	true	fen1	暂无	自旧档汇入	2023-07-05T08:47:08+08:00
嘉定·真如(南)	浑(渾)	[空]	ven2(βəŋ²²)	true	ven2	暂无	自旧档汇入	2023-07-05T08:47:08+08:00
嘉定·真如(南)	魂(魂)	[空]	ven2(βəŋ²²)	true	ven2	暂无	自旧档汇入	2023-07-05T08:47:08+08:00
嘉定·真如(南)	馄(餛)	[空]	ven2(βəŋ²²)	true	ven2	暂无	自旧档汇入	2023-07-05T08:47:08+08:00
嘉定·真如(南)	混(混)	[空]	ven6(βəŋ¹³)	true	ven6	暂无	自旧档汇入	2023-07-05T08:47:08+08:00
嘉定·真如(南)	温(溫)	[空]	uen1(Øuəŋ⁵³)	true	uen1	暂无	自旧档汇入	2023-07-05T08:47:08+08:00
嘉定·真如(南)	瘟(瘟)	[空]	uen1(Øuəŋ⁵³)	true	uen1	暂无	自旧档汇入	2023-07-05T08:47:08+08:00
嘉定·真如(南)	稳(穩)	[空]	uen3(Øuəŋ⁴⁴)	true	uen3	暂无	自旧档汇入	2023-07-05T08:47:08+08:00
嘉定·真如(南)	不(不)	[空]	peq7(ɓəʔ⁵)	true	peq7	暂无	自旧档汇入	2023-07-05T08:47:08+08:00
嘉定·真如(南)	勃(勃)	[空]	beq8(bəʔ²³)	true	beq8	暂无	自旧档汇入	2023-07-05T08:47:08+08:00
嘉定·真如(南)	没(沒)	本音	meq8(məʔ²³)	true	meq8	暂无	自旧档汇入	2023-07-05T08:47:08+08:00
嘉定·真如(南)	没(沒)	[俗]	me1(me⁵³)	true	me1	暂无	自旧档汇入	2023-07-05T08:47:08+08:00
嘉定·真如(南)	没(沒)	“呒没”的合音	meq7(məʔ⁵)	true	meq7	暂无	自旧档汇入	2023-07-05T08:47:08+08:00
嘉定·真如(南)	突(突)	[空]	deq8(dəʔ²³)	true	deq8	暂无	自旧档汇入	2023-07-05T08:47:08+08:00
嘉定·真如(南)	卒(卒)	[空]	tseq7(tsəʔ⁵)	true	tseq7	暂无	自旧档汇入	2023-07-05T08:47:08+08:00
嘉定·真如(南)	骨(骨)	[空]	kueq7(kuəʔ⁵)	true	kueq7	暂无	自旧档汇入	2023-07-05T08:47:08+08:00
嘉定·真如(南)	忽(忽)	[空]	feq7(ɸəʔ⁵)	true	feq7	暂无	自旧档汇入	2023-07-05T08:47:08+08:00
嘉定·真如(南)	核(核)	[空]	veq8(βəʔ²³)	true	veq8	暂无	自旧档汇入	2023-07-05T08:47:08+08:00
嘉定·真如(南)	轮(輪)	[空]	len2(ləŋ²²)	true	len2	暂无	自旧档汇入	2023-07-05T08:47:08+08:00
嘉定·真如(南)	伦(倫)	[空]	len2(ləŋ²²)	true	len2	暂无	自旧档汇入	2023-07-05T08:47:08+08:00
嘉定·真如(南)	沦(淪)	[空]	len2(ləŋ²²)	true	len2	暂无	自旧档汇入	2023-07-05T08:47:08+08:00
嘉定·真如(南)	遵(遵)	[空]	tsen1(tsəŋ⁵³)	true	tsen1	暂无	自旧档汇入	2023-07-05T08:47:08+08:00
嘉定·真如(南)	俊(俊)	[空]	tsin5(tsiŋ³⁵)	true	tsin5	暂无	自旧档汇入	2023-07-05T08:47:08+08:00
嘉定·真如(南)	笋(筍)	[空]	sen3(səŋ⁴⁴)	true	sen3	暂无	自旧档汇入	2023-07-05T08:47:08+08:00
嘉定·真如(南)	榫(榫)	[空]	sen3(səŋ⁴⁴)	true	sen3	暂无	自旧档汇入	2023-07-05T08:47:08+08:00
嘉定·真如(南)	循(循)	[空]	zin2(ziŋ²²)	true	zin2	暂无	自旧档汇入	2023-07-05T08:47:08+08:00
嘉定·真如(南)	旬(旬)	[空]	zin2(ziŋ²²)	true	zin2	暂无	自旧档汇入	2023-07-05T08:47:08+08:00
嘉定·真如(南)	巡(巡)	[空]	zin2(ziŋ²²)	true	zin2	暂无	自旧档汇入	2023-07-05T08:47:08+08:00
嘉定·真如(南)	准(準)	[空]	tsen3(tsəŋ⁴⁴)	true	tsen3	暂无	自旧档汇入	2023-07-05T08:47:08+08:00
嘉定·真如(南)	春(春)	[空]	tshen1(tsʰəŋ⁵³)	true	tshen1	暂无	自旧档汇入	2023-07-05T08:47:08+08:00
嘉定·真如(南)	蠢(蠢)	[空]	tshen3(tsʰəŋ⁴⁴)	true	tshen3	暂无	自旧档汇入	2023-07-05T08:47:08+08:00
嘉定·真如(南)	唇(唇)	[空]	zen2(zəŋ²²)	true	zen2	暂无	自旧档汇入	2023-07-05T08:47:08+08:00
嘉定·真如(南)	盾(盾)	[空]	den6(dəŋ¹³)	true	den6	暂无	自旧档汇入	2023-07-05T08:47:08+08:00
嘉定·真如(南)	顺(順)	[空]	zen6(zəŋ¹³)	true	zen6	暂无	自旧档汇入	2023-07-05T08:47:08+08:00
嘉定·真如(南)	纯(純)	[空]	zen2(zəŋ²²)	true	zen2	暂无	自旧档汇入	2023-07-05T08:47:08+08:00
嘉定·真如(南)	润(潤)	[空]	zen6(zəŋ¹³)	true	zen6	暂无	自旧档汇入	2023-07-05T08:47:08+08:00
嘉定·真如(南)	闰(閏)	[空]	gnien6(ȵiəŋ¹³)	true	gnien6	暂无	自旧档汇入	2023-07-05T08:47:08+08:00
嘉定·真如(南)	均(均)	[空]	cien1(tɕiəŋ⁵³)	true	cien1	暂无	自旧档汇入	2023-07-05T08:47:08+08:00
嘉定·真如(南)	钧(鈞)	[空]	cien1(tɕiəŋ⁵³)	true	cien1	暂无	自旧档汇入	2023-07-05T08:47:08+08:00
嘉定·真如(南)	匀(勻)	[空]	yen2(ɦiəŋ²²)	true	yen2	暂无	自旧档汇入	2023-07-05T08:47:08+08:00
嘉定·真如(南)	允(允)	[空]	ien3(Øiəŋ⁴⁴)	true	ien3	暂无	自旧档汇入	2023-07-05T08:47:08+08:00
嘉定·真如(南)	尹(尹)	[空]	ien3(Øiəŋ⁴⁴)	true	ien3	暂无	自旧档汇入	2023-07-05T08:47:08+08:00
嘉定·真如(南)	律(律)	[空]	liq8(lɪʔ²³)	true	liq8	暂无	自旧档汇入	2023-07-05T08:47:08+08:00
嘉定·真如(南)	率(率)	[空]	liq8(lɪʔ²³)	true	liq8	暂无	自旧档汇入	2023-07-05T08:47:08+08:00
嘉定·真如(南)	戌(戌)	[空]	siq7(sɪʔ⁵)	true	siq7	暂无	自旧档汇入	2023-07-05T08:47:08+08:00
嘉定·真如(南)	出(出)	[空]	tsheq7(tsʰəʔ⁵)	true	tsheq7	暂无	自旧档汇入	2023-07-05T08:47:08+08:00
嘉定·真如(南)	术(術)	[空]	zeq8(zəʔ²³)	true	zeq8	暂无	自旧档汇入	2023-07-05T08:47:08+08:00
嘉定·真如(南)	述(述)	[空]	zeq8(zəʔ²³)	true	zeq8	暂无	自旧档汇入	2023-07-05T08:47:08+08:00
嘉定·真如(南)	橘(橘)	[空]	cioeq7(tɕyœʔ⁵)	true	cioeq7	暂无	自旧档汇入	2023-07-05T08:47:08+08:00
嘉定·真如(南)	分(分)	[空]	fen1(ɸəŋ⁵³)	true	fen1	暂无	自旧档汇入	2023-07-05T08:47:08+08:00
嘉定·真如(南)	粉(粉)	[空]	fen3(ɸəŋ⁴⁴)	true	fen3	暂无	自旧档汇入	2023-07-05T08:47:08+08:00
嘉定·真如(南)	粪(糞)	[空]	fen5(ɸəŋ³⁵)	true	fen5	暂无	自旧档汇入	2023-07-05T08:47:08+08:00
嘉定·真如(南)	奋(奮)	[空]	fen5(ɸəŋ³⁵)	true	fen5	暂无	自旧档汇入	2023-07-05T08:47:08+08:00
嘉定·真如(南)	纷(紛)	[空]	fen1(ɸəŋ⁵³)	true	fen1	暂无	自旧档汇入	2023-07-05T08:47:08+08:00
嘉定·真如(南)	忿(忿)	[空]	ven6(βəŋ¹³)	true	ven6	暂无	自旧档汇入	2023-07-05T08:47:08+08:00
嘉定·真如(南)	坟(墳)	[空]	ven2(βəŋ²²)	true	ven2	暂无	自旧档汇入	2023-07-05T08:47:08+08:00
嘉定·真如(南)	焚(焚)	[空]	ven2(βəŋ²²)	true	ven2	暂无	自旧档汇入	2023-07-05T08:47:08+08:00
嘉定·真如(南)	愤(憤)	[空]	ven6(βəŋ¹³)	true	ven6	暂无	自旧档汇入	2023-07-05T08:47:08+08:00
嘉定·真如(南)	份(份)	[空]	ven6(βəŋ¹³)	true	ven6	暂无	自旧档汇入	2023-07-05T08:47:08+08:00
嘉定·真如(南)	文(文)	[空]	ven2(βəŋ²²)	true	ven2	暂无	自旧档汇入	2023-07-05T08:47:08+08:00
嘉定·真如(南)	蚊(蚊)	[白]	men2(məŋ²²)	true	men2	暂无	自旧档汇入	2023-07-05T08:47:08+08:00
嘉定·真如(南)	蚊(蚊)	[文]	ven2(βəŋ²²)	true	ven2	暂无	自旧档汇入	2023-07-05T08:47:08+08:00
嘉定·真如(南)	纹(紋)	[空]	ven2(βəŋ²²)	true	ven2	暂无	自旧档汇入	2023-07-05T08:47:08+08:00
嘉定·真如(南)	闻(聞)	[白]	men2(məŋ²²)	true	men2	暂无	自旧档汇入	2023-07-05T08:47:08+08:00
嘉定·真如(南)	闻(聞)	[文]	ven2(βəŋ²²)	true	ven2	暂无	自旧档汇入	2023-07-05T08:47:08+08:00
嘉定·真如(南)	问(問)	[白]	men6(məŋ¹³)	true	men6	暂无	自旧档汇入	2023-07-05T08:47:08+08:00
嘉定·真如(南)	问(問)	[文]	ven6(βəŋ¹³)	true	ven6	暂无	自旧档汇入	2023-07-05T08:47:08+08:00
嘉定·真如(南)	君(君)	[空]	cien1(tɕiəŋ⁵³)	true	cien1	暂无	自旧档汇入	2023-07-05T08:47:08+08:00
嘉定·真如(南)	军(軍)	[空]	cien1(tɕiəŋ⁵³)	true	cien1	暂无	自旧档汇入	2023-07-05T08:47:08+08:00
嘉定·真如(南)	群(群)	[空]	jien2(dʑiəŋ²²)	true	jien2	暂无	自旧档汇入	2023-07-05T08:47:08+08:00
嘉定·真如(南)	裙(裙)	[空]	jien2(dʑiəŋ²²)	true	jien2	暂无	自旧档汇入	2023-07-05T08:47:08+08:00
嘉定·真如(南)	熏(熏)	[空]	shien1(ɕiəŋ⁵³)	true	shien1	暂无	自旧档汇入	2023-07-05T08:47:08+08:00
嘉定·真如(南)	勋(勳)	[空]	shien1(ɕiəŋ⁵³)	true	shien1	暂无	自旧档汇入	2023-07-05T08:47:08+08:00
嘉定·真如(南)	荤(葷)	[空]	fen1(ɸəŋ⁵³)	true	fen1	暂无	自旧档汇入	2023-07-05T08:47:08+08:00
嘉定·真如(南)	训(訓)	[空]	shien5(ɕiəŋ³⁵)	true	shien5	暂无	自旧档汇入	2023-07-05T08:47:08+08:00
嘉定·真如(南)	云(雲)	[空]	yen2(ɦiəŋ²²)	true	yen2	暂无	自旧档汇入	2023-07-05T08:47:08+08:00
嘉定·真如(南)	云(云)	[空]	yen2(ɦiəŋ²²)	true	yen2	暂无	自旧档汇入	2023-07-05T08:47:08+08:00
嘉定·真如(南)	运(運)	[空]	yen6(ɦiəŋ¹³)	true	yen6	暂无	自旧档汇入	2023-07-05T08:47:08+08:00
嘉定·真如(南)	佛(佛)	[空]	veq8(βəʔ²³)	true	veq8	暂无	自旧档汇入	2023-07-05T08:47:08+08:00
嘉定·真如(南)	物(物)	[文]~理。	veq8(βəʔ²³)	true	veq8	暂无	自旧档汇入	2023-07-05T08:47:08+08:00
嘉定·真如(南)	物(物)	[白]~事。	meq8(məʔ²³)	true	meq8	暂无	自旧档汇入	2023-07-05T08:47:08+08:00
嘉定·真如(南)	勿(勿)	[空]	ueq7(Øuəʔ⁵)	true	ueq7	暂无	自旧档汇入	2023-07-05T08:47:08+08:00
嘉定·真如(南)	屈(屈)	[空]	chioeq7(tɕʰyœʔ⁵)	true	chioeq7	暂无	自旧档汇入	2023-07-05T08:47:08+08:00
嘉定·真如(南)	熨(熨)	[空]	yen6(ɦiəŋ¹³)	true	yen6	暂无	自旧档汇入	2023-07-05T08:47:08+08:00
嘉定·真如(南)	帮(幫)	[空]	paon1(ɓɑ̃⁵³)	true	paon1	暂无	自旧档汇入	2023-07-05T08:47:08+08:00
嘉定·真如(南)	榜(榜)	[空]	paon3(ɓɑ̃⁴⁴)	true	paon3	暂无	自旧档汇入	2023-07-05T08:47:08+08:00
嘉定·真如(南)	旁(旁)	[空]	baon2(bɑ̃²²)	true	baon2	暂无	自旧档汇入	2023-07-05T08:47:08+08:00
嘉定·真如(南)	螃(螃)	[空]	baon2(bɑ̃²²)	true	baon2	暂无	自旧档汇入	2023-07-05T08:47:08+08:00
嘉定·真如(南)	忙(忙)	[空]	maon2(mɑ̃²²)	true	maon2	暂无	自旧档汇入	2023-07-05T08:47:08+08:00
嘉定·真如(南)	芒(芒)	[空]	maon2(mɑ̃²²)	true	maon2	暂无	自旧档汇入	2023-07-05T08:47:08+08:00
嘉定·真如(南)	茫(茫)	[空]	maon2(mɑ̃²²)	true	maon2	暂无	自旧档汇入	2023-07-05T08:47:08+08:00
嘉定·真如(南)	蟒(蟒)	[空]	maon6(mɑ̃¹³)	true	maon6	暂无	自旧档汇入	2023-07-05T08:47:08+08:00
嘉定·真如(南)	当(當)	[空]	taon1(ɗɑ̃⁵³)	true	taon1	暂无	自旧档汇入	2023-07-05T08:47:08+08:00
嘉定·真如(南)	党(黨)	[空]	taon3(ɗɑ̃⁴⁴)	true	taon3	暂无	自旧档汇入	2023-07-05T08:47:08+08:00
嘉定·真如(南)	汤(湯)	[空]	thaon1(tʰɑ̃⁵³)	true	thaon1	暂无	自旧档汇入	2023-07-05T08:47:08+08:00
嘉定·真如(南)	躺(躺)	[空]	thaon3(tʰɑ̃⁴⁴)	true	thaon3	暂无	自旧档汇入	2023-07-05T08:47:08+08:00
嘉定·真如(南)	烫(燙)	[空]	thaon5(tʰɑ̃³⁵)	true	thaon5	暂无	自旧档汇入	2023-07-05T08:47:08+08:00
嘉定·真如(南)	堂(堂)	[空]	daon2(dɑ̃²²)	true	daon2	暂无	自旧档汇入	2023-07-05T08:47:08+08:00
嘉定·真如(南)	唐(唐)	[空]	daon2(dɑ̃²²)	true	daon2	暂无	自旧档汇入	2023-07-05T08:47:08+08:00
嘉定·真如(南)	塘(塘)	[空]	daon2(dɑ̃²²)	true	daon2	暂无	自旧档汇入	2023-07-05T08:47:08+08:00
嘉定·真如(南)	糖(糖)	[空]	daon2(dɑ̃²²)	true	daon2	暂无	自旧档汇入	2023-07-05T08:47:08+08:00
嘉定·真如(南)	荡(盪)	[空]	daon6(dɑ̃¹³)	true	daon6	暂无	自旧档汇入	2023-07-05T08:47:08+08:00
嘉定·真如(南)	狼(狼)	[空]	laon2(lɑ̃²²)	true	laon2	暂无	自旧档汇入	2023-07-05T08:47:08+08:00
嘉定·真如(南)	郞(郞)	[空]	laon2(lɑ̃²²)	true	laon2	暂无	自旧档汇入	2023-07-05T08:47:08+08:00
嘉定·真如(南)	廊(廊)	[空]	laon2(lɑ̃²²)	true	laon2	暂无	自旧档汇入	2023-07-05T08:47:08+08:00
嘉定·真如(南)	浪(浪)	[空]	laon6(lɑ̃¹³)	true	laon6	暂无	自旧档汇入	2023-07-05T08:47:08+08:00
嘉定·真如(南)	仓(倉)	[空]	tshaon1(tsʰɑ̃⁵³)	true	tshaon1	暂无	自旧档汇入	2023-07-05T08:47:08+08:00
嘉定·真如(南)	苍(蒼)	[空]	tshaon1(tsʰɑ̃⁵³)	true	tshaon1	暂无	自旧档汇入	2023-07-05T08:47:08+08:00
嘉定·真如(南)	藏(藏)	西~。	zaon6(zɑ̃¹³)	true	zaon6	暂无	自旧档汇入	2023-07-05T08:47:08+08:00
嘉定·真如(南)	藏(藏)	躲~。	zaon2(zɑ̃²²)	true	zaon2	暂无	自旧档汇入	2023-07-05T08:47:08+08:00
嘉定·真如(南)	桑(桑)	[空]	saon1(sɑ̃⁵³)	true	saon1	暂无	自旧档汇入	2023-07-05T08:47:08+08:00
嘉定·真如(南)	丧(喪)	婚~。	saon1(sɑ̃⁵³)	true	saon1	暂无	自旧档汇入	2023-07-05T08:47:08+08:00
嘉定·真如(南)	丧(喪)	~失。	saon5(sɑ̃³⁵)	true	saon5	暂无	自旧档汇入	2023-07-05T08:47:08+08:00
嘉定·真如(南)	冈(岡)	[空]	kaon1(kɑ̃⁵³)	true	kaon1	暂无	自旧档汇入	2023-07-05T08:47:08+08:00
嘉定·真如(南)	刚(剛)	[空]	kaon1(kɑ̃⁵³)	true	kaon1	暂无	自旧档汇入	2023-07-05T08:47:08+08:00
嘉定·真如(南)	纲(綱)	[空]	kaon1(kɑ̃⁵³)	true	kaon1	暂无	自旧档汇入	2023-07-05T08:47:08+08:00
嘉定·真如(南)	钢(鋼)	[空]	kaon1(kɑ̃⁵³)	true	kaon1	暂无	自旧档汇入	2023-07-05T08:47:08+08:00
嘉定·真如(南)	缸(缸)	[空]	kaon1(kɑ̃⁵³)	true	kaon1	暂无	自旧档汇入	2023-07-05T08:47:08+08:00
嘉定·真如(南)	杠(槓)	[空]	kaon5(kɑ̃³⁵)	true	kaon5	暂无	自旧档汇入	2023-07-05T08:47:08+08:00
嘉定·真如(南)	康(康)	[空]	khaon1(kʰɑ̃⁵³)	true	khaon1	暂无	自旧档汇入	2023-07-05T08:47:08+08:00
嘉定·真如(南)	糠(糠)	[空]	khaon1(kʰɑ̃⁵³)	true	khaon1	暂无	自旧档汇入	2023-07-05T08:47:08+08:00
嘉定·真如(南)	慷(慷)	[空]	khaon1(kʰɑ̃⁵³)	true	khaon1	暂无	自旧档汇入	2023-07-05T08:47:08+08:00
嘉定·真如(南)	抗(抗)	[空]	khaon5(kʰɑ̃³⁵)	true	khaon5	暂无	自旧档汇入	2023-07-05T08:47:08+08:00
嘉定·真如(南)	囥(囥)	[空]	khaon5(kʰɑ̃³⁵)	true	khaon5	暂无	自旧档汇入	2023-07-05T08:47:08+08:00
嘉定·真如(南)	昂(昂)	[空]	ngaon2(ŋɑ̃²²)	true	ngaon2	暂无	自旧档汇入	2023-07-05T08:47:08+08:00
嘉定·真如(南)	行(行)	[空]	ghaon2(ɦɑ̃²²)	true	ghaon2	暂无	自旧档汇入	2023-07-05T08:47:08+08:00
嘉定·真如(南)	杭(杭)	[空]	ghaon2(ɦɑ̃²²)	true	ghaon2	暂无	自旧档汇入	2023-07-05T08:47:08+08:00
嘉定·真如(南)	航(航)	[空]	ghaon2(ɦɑ̃²²)	true	ghaon2	暂无	自旧档汇入	2023-07-05T08:47:08+08:00
嘉定·真如(南)	博(博)	[空]	poq7(ɓoʔ⁵)	true	poq7	暂无	自旧档汇入	2023-07-05T08:47:08+08:00
嘉定·真如(南)	薄(薄)	[空]	boq8(boʔ²³)	true	boq8	暂无	自旧档汇入	2023-07-05T08:47:08+08:00
嘉定·真如(南)	摸(摸)	[空]	moq8(moʔ²³)	true	moq8	暂无	自旧档汇入	2023-07-05T08:47:08+08:00
嘉定·真如(南)	莫(莫)	[空]	moq8(moʔ²³)	true	moq8	暂无	自旧档汇入	2023-07-05T08:47:08+08:00
嘉定·真如(南)	幕(幕)	[空]	mu2(mu²²)	true	mu2	暂无	自旧档汇入	2023-07-05T08:47:08+08:00
嘉定·真如(南)	托(托)	[空]	thaoq7(tʰɔʔ⁵)	true	thaoq7	暂无	自旧档汇入	2023-07-05T08:47:08+08:00
嘉定·真如(南)	诺(諾)	[空]	naoq8(nɔʔ²³)	true	naoq8	暂无	自旧档汇入	2023-07-05T08:47:08+08:00
嘉定·真如(南)	洛(洛)	[空]	laoq8(lɔʔ²³)	true	laoq8	暂无	自旧档汇入	2023-07-05T08:47:08+08:00
嘉定·真如(南)	落(落)	[空]	laoq8(lɔʔ²³)	true	laoq8	暂无	自旧档汇入	2023-07-05T08:47:08+08:00
嘉定·真如(南)	络(絡)	[空]	laoq8(lɔʔ²³)	true	laoq8	暂无	自旧档汇入	2023-07-05T08:47:08+08:00
嘉定·真如(南)	乐(樂)	[空]	laoq8(lɔʔ²³)	true	laoq8	暂无	自旧档汇入	2023-07-05T08:47:08+08:00
嘉定·真如(南)	作(作)	[空]	tsaoq7(tsɔʔ⁵)	true	tsaoq7	暂无	自旧档汇入	2023-07-05T08:47:08+08:00
嘉定·真如(南)	锉(銼)	[空]	tshu5(tsʰu³⁵)	true	tshu5	暂无	自旧档汇入	2023-07-05T08:47:08+08:00
嘉定·真如(南)	错(錯)	[空]	tshuo5(tsʰuo³⁵)	true	tshuo5	暂无	自旧档汇入	2023-07-05T08:47:08+08:00
嘉定·真如(南)	错(錯)	[空]	tshio1(tsʰio⁵³)	true	tshio1	暂无	自旧档汇入	2023-07-05T08:47:08+08:00
嘉定·真如(南)	昨(昨)	[空]	zaoq8(zɔʔ²³)	true	zaoq8	暂无	自旧档汇入	2023-07-05T08:47:08+08:00
嘉定·真如(南)	索(索)	[空]	saoq7(sɔʔ⁵)	true	saoq7	暂无	自旧档汇入	2023-07-05T08:47:08+08:00
嘉定·真如(南)	阁(閣)	[空]	kaoq7(kɔʔ⁵)	true	kaoq7	暂无	自旧档汇入	2023-07-05T08:47:08+08:00
嘉定·真如(南)	搁(擱)	[空]	kaoq7(kɔʔ⁵)	true	kaoq7	暂无	自旧档汇入	2023-07-05T08:47:08+08:00
嘉定·真如(南)	各(各)	[空]	kaoq7(kɔʔ⁵)	true	kaoq7	暂无	自旧档汇入	2023-07-05T08:47:08+08:00
嘉定·真如(南)	鹤(鶴)	[空]	ngaoq8(ŋɔʔ²³)	true	ngaoq8	暂无	自旧档汇入	2023-07-05T08:47:08+08:00
嘉定·真如(南)	娘(娘)	[空]	gnian2(ȵiã²²)	true	gnian2	暂无	自旧档汇入	2023-07-05T08:47:08+08:00
嘉定·真如(南)	酿(釀)	[空]	gnian6(ȵiã¹³)	true	gnian6	暂无	自旧档汇入	2023-07-05T08:47:08+08:00
嘉定·真如(南)	良(良)	[空]	lian2(liã²²)	true	lian2	暂无	自旧档汇入	2023-07-05T08:47:08+08:00
嘉定·真如(南)	凉(涼)	[空]	lian2(liã²²)	true	lian2	暂无	自旧档汇入	2023-07-05T08:47:08+08:00
嘉定·真如(南)	梁(梁)	[空]	lian2(liã²²)	true	lian2	暂无	自旧档汇入	2023-07-05T08:47:08+08:00
嘉定·真如(南)	量(量)	[空]	lian2(liã²²)	true	lian2	暂无	自旧档汇入	2023-07-05T08:47:08+08:00
嘉定·真如(南)	两(兩)	[空]	lian2(liã²²)	true	lian2	暂无	自旧档汇入	2023-07-05T08:47:08+08:00
嘉定·真如(南)	亮(亮)	[空]	lian6(liã¹³)	true	lian6	暂无	自旧档汇入	2023-07-05T08:47:08+08:00
嘉定·真如(南)	谅(諒)	[空]	lian6(liã¹³)	true	lian6	暂无	自旧档汇入	2023-07-05T08:47:08+08:00
嘉定·真如(南)	将(將)	~来。	tsian1(tsiã⁵³)	true	tsian1	暂无	自旧档汇入	2023-07-05T08:47:08+08:00
嘉定·真如(南)	将(將)	~军。	tsian5(tsiã³⁵)	true	tsian5	暂无	自旧档汇入	2023-07-05T08:47:08+08:00
嘉定·真如(南)	蒋(蔣)	[空]	tsian3(tsiã⁴⁴)	true	tsian3	暂无	自旧档汇入	2023-07-05T08:47:08+08:00
嘉定·真如(南)	桨(槳)	[空]	tsian3(tsiã⁴⁴)	true	tsian3	暂无	自旧档汇入	2023-07-05T08:47:08+08:00
嘉定·真如(南)	奖(獎)	[空]	tsian3(tsiã⁴⁴)	true	tsian3	暂无	自旧档汇入	2023-07-05T08:47:08+08:00
嘉定·真如(南)	酱(醬)	[空]	tsian5(tsiã³⁵)	true	tsian5	暂无	自旧档汇入	2023-07-05T08:47:08+08:00
嘉定·真如(南)	枪(槍)	[空]	tshian1(tsʰiã⁵³)	true	tshian1	暂无	自旧档汇入	2023-07-05T08:47:08+08:00
嘉定·真如(南)	抢(搶)	[空]	tshian3(tsʰiã⁴⁴)	true	tshian3	暂无	自旧档汇入	2023-07-05T08:47:08+08:00
嘉定·真如(南)	墙(牆)	[空]	zian2(ziã²²)	true	zian2	暂无	自旧档汇入	2023-07-05T08:47:08+08:00
嘉定·真如(南)	匠(匠)	[空]	zian6(ziã¹³)	true	zian6	暂无	自旧档汇入	2023-07-05T08:47:08+08:00
嘉定·真如(南)	相(相)	~互	sian1(siã⁵³)	true	sian1	暂无	自旧档汇入	2023-07-05T08:47:08+08:00
嘉定·真如(南)	相(相)	~貌	sian5(siã³⁵)	true	sian5	暂无	自旧档汇入	2023-07-05T08:47:08+08:00
嘉定·真如(南)	箱(箱)	[空]	sian1(siã⁵³)	true	sian1	暂无	自旧档汇入	2023-07-05T08:47:08+08:00
嘉定·真如(南)	厢(廂)	[空]	sian1(siã⁵³)	true	sian1	暂无	自旧档汇入	2023-07-05T08:47:08+08:00
嘉定·真如(南)	镶(鑲)	[空]	sian1(siã⁵³)	true	sian1	暂无	自旧档汇入	2023-07-05T08:47:08+08:00
嘉定·真如(南)	想(想)	[空]	sian3(siã⁴⁴)	true	sian3	暂无	自旧档汇入	2023-07-05T08:47:08+08:00
嘉定·真如(南)	详(詳)	[空]	zian2(ziã²²)	true	zian2	暂无	自旧档汇入	2023-07-05T08:47:08+08:00
嘉定·真如(南)	祥(祥)	[空]	zian2(ziã²²)	true	zian2	暂无	自旧档汇入	2023-07-05T08:47:08+08:00
嘉定·真如(南)	橡(橡)	[空]	zian6(ziã¹³)	true	zian6	暂无	自旧档汇入	2023-07-05T08:47:08+08:00
嘉定·真如(南)	象(象)	[空]	zian6(ziã¹³)	true	zian6	暂无	自旧档汇入	2023-07-05T08:47:08+08:00
嘉定·真如(南)	张(張)	[空]	tsan1(tsã⁵³)	true	tsan1	暂无	自旧档汇入	2023-07-05T08:47:08+08:00
嘉定·真如(南)	长(長)	生~。	tsan3(tsã⁴⁴)	true	tsan3	暂无	自旧档汇入	2023-07-05T08:47:08+08:00
嘉定·真如(南)	长(長)	~短。	zan2(zã²²)	true	zan2	暂无	自旧档汇入	2023-07-05T08:47:08+08:00
嘉定·真如(南)	涨(漲)	[空]	tsan5(tsã³⁵)	true	tsan5	暂无	自旧档汇入	2023-07-05T08:47:08+08:00
嘉定·真如(南)	帐(帳)	[空]	tsan5(tsã³⁵)	true	tsan5	暂无	自旧档汇入	2023-07-05T08:47:08+08:00
嘉定·真如(南)	畅(暢)	[空]	tshan5(tsʰã³⁵)	true	tshan5	暂无	自旧档汇入	2023-07-05T08:47:08+08:00
嘉定·真如(南)	肠(腸)	[空]	zan2(zã²²)	true	zan2	暂无	自旧档汇入	2023-07-05T08:47:08+08:00
嘉定·真如(南)	场(場)	[空]	zan2(zã²²)	true	zan2	暂无	自旧档汇入	2023-07-05T08:47:08+08:00
嘉定·真如(南)	丈(丈)	[空]	zan6(zã¹³)	true	zan6	暂无	自旧档汇入	2023-07-05T08:47:08+08:00
嘉定·真如(南)	仗(仗)	打~。	tsan5(tsã³⁵)	true	tsan5	暂无	自旧档汇入	2023-07-05T08:47:08+08:00
嘉定·真如(南)	仗(仗)	炮~。	zan6(zã¹³)	true	zan6	暂无	自旧档汇入	2023-07-05T08:47:08+08:00
嘉定·真如(南)	庄(莊)	[空]	tsaon1(tsɑ̃⁵³)	true	tsaon1	暂无	自旧档汇入	2023-07-05T08:47:08+08:00
嘉定·真如(南)	装(裝)	[空]	tsaon1(tsɑ̃⁵³)	true	tsaon1	暂无	自旧档汇入	2023-07-05T08:47:08+08:00
嘉定·真如(南)	壮(壯)	[空]	tsaon5(tsɑ̃³⁵)	true	tsaon5	暂无	自旧档汇入	2023-07-05T08:47:08+08:00
嘉定·真如(南)	疮(瘡)	[空]	tshaon1(tsʰɑ̃⁵³)	true	tshaon1	暂无	自旧档汇入	2023-07-05T08:47:08+08:00
嘉定·真如(南)	创(創)	[空]	tshaon5(tsʰɑ̃³⁵)	true	tshaon5	暂无	自旧档汇入	2023-07-05T08:47:08+08:00
嘉定·真如(南)	床(床)	[空]	zaon2(zɑ̃²²)	true	zaon2	暂无	自旧档汇入	2023-07-05T08:47:08+08:00
嘉定·真如(南)	状(狀)	[空]	zaon6(zɑ̃¹³)	true	zaon6	暂无	自旧档汇入	2023-07-05T08:47:08+08:00
嘉定·真如(南)	霜(霜)	[空]	saon1(sɑ̃⁵³)	true	saon1	暂无	自旧档汇入	2023-07-05T08:47:08+08:00
嘉定·真如(南)	爽(爽)	[空]	saon3(sɑ̃⁴⁴)	true	saon3	暂无	自旧档汇入	2023-07-05T08:47:08+08:00
嘉定·真如(南)	章(章)	[空]	tsaon1(tsɑ̃⁵³)	true	tsaon1	暂无	自旧档汇入	2023-07-05T08:47:08+08:00
嘉定·真如(南)	樟(樟)	[空]	tsaon1(tsɑ̃⁵³)	true	tsaon1	暂无	自旧档汇入	2023-07-05T08:47:08+08:00
嘉定·真如(南)	掌(掌)	[空]	tsaon3(tsɑ̃⁴⁴)	true	tsaon3	暂无	自旧档汇入	2023-07-05T08:47:08+08:00
嘉定·真如(南)	障(障)	[空]	tsaon1(tsɑ̃⁵³)	true	tsaon1	暂无	自旧档汇入	2023-07-05T08:47:08+08:00
嘉定·真如(南)	昌(昌)	[空]	tshaon1(tsʰɑ̃⁵³)	true	tshaon1	暂无	自旧档汇入	2023-07-05T08:47:08+08:00
嘉定·真如(南)	厂(廠)	[空]	tshan3(tsʰã⁴⁴)	true	tshan3	暂无	自旧档汇入	2023-07-05T08:47:08+08:00
嘉定·真如(南)	唱(唱)	[空]	tshaon5(tsʰɑ̃³⁵)	true	tshaon5	暂无	自旧档汇入	2023-07-05T08:47:08+08:00
嘉定·真如(南)	商(商)	[空]	saon1(sɑ̃⁵³)	true	saon1	暂无	自旧档汇入	2023-07-05T08:47:08+08:00
嘉定·真如(南)	伤(傷)	[空]	saon1(sɑ̃⁵³)	true	saon1	暂无	自旧档汇入	2023-07-05T08:47:08+08:00
嘉定·真如(南)	赏(賞)	[空]	saon3(sɑ̃⁴⁴)	true	saon3	暂无	自旧档汇入	2023-07-05T08:47:08+08:00
嘉定·真如(南)	常(常)	[空]	zan2(zã²²)	true	zan2	暂无	自旧档汇入	2023-07-05T08:47:08+08:00
嘉定·真如(南)	裳(裳)	[空]	zaon2(zɑ̃²²)	true	zaon2	暂无	自旧档汇入	2023-07-05T08:47:08+08:00
嘉定·真如(南)	上(上)	[空]	zaon6(zɑ̃¹³)	true	zaon6	暂无	自旧档汇入	2023-07-05T08:47:08+08:00
嘉定·真如(南)	瓤(瓤)	[空]	naon2(nɑ̃²²)	true	naon2	暂无	自旧档汇入	2023-07-05T08:47:08+08:00
嘉定·真如(南)	让(讓)	[空]	gnian6(ȵiã¹³)	true	gnian6	暂无	自旧档汇入	2023-07-05T08:47:08+08:00
嘉定·真如(南)	疆(疆)	[空]	cian1(tɕiã⁵³)	true	cian1	暂无	自旧档汇入	2023-07-05T08:47:08+08:00
嘉定·真如(南)	僵(僵)	[空]	cian1(tɕiã⁵³)	true	cian1	暂无	自旧档汇入	2023-07-05T08:47:08+08:00
嘉定·真如(南)	姜(姜)	[空]	cian1(tɕiã⁵³)	true	cian1	暂无	自旧档汇入	2023-07-05T08:47:08+08:00
嘉定·真如(南)	强(強)	~大。	jian2(dʑiã²²)	true	jian2	暂无	自旧档汇入	2023-07-05T08:47:08+08:00
嘉定·真如(南)	强(強)	勉~。	chian3(tɕʰiã⁴⁴)	true	chian3	暂无	自旧档汇入	2023-07-05T08:47:08+08:00
嘉定·真如(南)	香(香)	[空]	shian1(ɕiã⁵³)	true	shian1	暂无	自旧档汇入	2023-07-05T08:47:08+08:00
嘉定·真如(南)	乡(鄉)	[空]	shian1(ɕiã⁵³)	true	shian1	暂无	自旧档汇入	2023-07-05T08:47:08+08:00
嘉定·真如(南)	享(享)	[空]	shian5(ɕiã³⁵)	true	shian5	暂无	自旧档汇入	2023-07-05T08:47:08+08:00
嘉定·真如(南)	响(響)	[空]	shian5(ɕiã³⁵)	true	shian5	暂无	自旧档汇入	2023-07-05T08:47:08+08:00
嘉定·真如(南)	向(向)	[空]	shian5(ɕiã³⁵)	true	shian5	暂无	自旧档汇入	2023-07-05T08:47:08+08:00
嘉定·真如(南)	央(央)	[空]	ian1(Øiã⁵³)	true	ian1	暂无	自旧档汇入	2023-07-05T08:47:08+08:00
嘉定·真如(南)	秧(秧)	[空]	ian1(Øiã⁵³)	true	ian1	暂无	自旧档汇入	2023-07-05T08:47:08+08:00
嘉定·真如(南)	羊(羊)	[空]	yan2(ɦiã²²)	true	yan2	暂无	自旧档汇入	2023-07-05T08:47:08+08:00
嘉定·真如(南)	洋(洋)	[空]	yan2(ɦiã²²)	true	yan2	暂无	自旧档汇入	2023-07-05T08:47:08+08:00
嘉定·真如(南)	杨(楊)	[空]	yan2(ɦiã²²)	true	yan2	暂无	自旧档汇入	2023-07-05T08:47:08+08:00
嘉定·真如(南)	扬(揚)	[空]	yan2(ɦiã²²)	true	yan2	暂无	自旧档汇入	2023-07-05T08:47:08+08:00
嘉定·真如(南)	阳(陽)	[空]	yan2(ɦiã²²)	true	yan2	暂无	自旧档汇入	2023-07-05T08:47:08+08:00
嘉定·真如(南)	烊(烊)	[空]	yan2(ɦiã²²)	true	yan2	暂无	自旧档汇入	2023-07-05T08:47:08+08:00
嘉定·真如(南)	养(養)	[空]	yan6(ɦiã¹³)	true	yan6	暂无	自旧档汇入	2023-07-05T08:47:08+08:00
嘉定·真如(南)	样(樣)	[空]	yan6(ɦiã¹³)	true	yan6	暂无	自旧档汇入	2023-07-05T08:47:08+08:00
嘉定·真如(南)	略(略)	[空]	liaeq8(liæʔ²³)	true	liaeq8	暂无	自旧档汇入	2023-07-05T08:47:08+08:00
嘉定·真如(南)	掠(掠)	[空]	liaeq8(liæʔ²³)	true	liaeq8	暂无	自旧档汇入	2023-07-05T08:47:08+08:00
嘉定·真如(南)	雀(雀)	[空]	tshiaeq7(tsʰiæʔ⁵)	true	tshiaeq7	暂无	自旧档汇入	2023-07-05T08:47:08+08:00
嘉定·真如(南)	鹊(鵲)	[空]	tshiaeq7(tsʰiæʔ⁵)	true	tshiaeq7	暂无	自旧档汇入	2023-07-05T08:47:08+08:00
嘉定·真如(南)	嚼(嚼)	[空]	ziaeq8(ziæʔ²³)	true	ziaeq8	暂无	自旧档汇入	2023-07-05T08:47:08+08:00
嘉定·真如(南)	削(削)	[空]	siaeq7(siæʔ⁵)	true	siaeq7	暂无	自旧档汇入	2023-07-05T08:47:08+08:00
嘉定·真如(南)	着(着)	[空]	tsaeq7(tsæʔ⁵)	true	tsaeq7	暂无	自旧档汇入	2023-07-05T08:47:08+08:00
嘉定·真如(南)	勺(勺)	[空]	zaoq8(zɔʔ²³)	true	zaoq8	暂无	自旧档汇入	2023-07-05T08:47:08+08:00
嘉定·真如(南)	若(若)	[空]	zaeq8(zæʔ²³)	true	zaeq8	暂无	自旧档汇入	2023-07-05T08:47:08+08:00
嘉定·真如(南)	弱(弱)	[空]	zaeq8(zæʔ²³)	true	zaeq8	暂无	自旧档汇入	2023-07-05T08:47:08+08:00
嘉定·真如(南)	脚(腳)	[空]	ciaeq7(tɕiæʔ⁵)	true	ciaeq7	暂无	自旧档汇入	2023-07-05T08:47:08+08:00
嘉定·真如(南)	虐(虐)	[空]	gniaeq8(ȵiæʔ²³)	true	gniaeq8	暂无	自旧档汇入	2023-07-05T08:47:08+08:00
嘉定·真如(南)	约(約)	[空]	iaeq7(Øiæʔ⁵)	true	iaeq7	暂无	自旧档汇入	2023-07-05T08:47:08+08:00
嘉定·真如(南)	药(藥)	[空]	yaeq8(ɦiæʔ²³)	true	yaeq8	暂无	自旧档汇入	2023-07-05T08:47:08+08:00
嘉定·真如(南)	钥(鑰)	[空]	yaeq8(ɦiæʔ²³)	true	yaeq8	暂无	自旧档汇入	2023-07-05T08:47:08+08:00
嘉定·真如(南)	光(光)	[文]	kuaon1(kuɑ̃⁵³)	true	kuaon1	暂无	自旧档汇入	2023-07-05T08:47:08+08:00
嘉定·真如(南)	光(光)	[白]	kuan1(kuã⁵³)	true	kuan1	暂无	自旧档汇入	2023-07-05T08:47:08+08:00
嘉定·真如(南)	广(廣)	[空]	kuaon3(kuɑ̃⁴⁴)	true	kuaon3	暂无	自旧档汇入	2023-07-05T08:47:08+08:00
嘉定·真如(南)	荒(荒)	[空]	faon1(ɸɑ̃⁵³)	true	faon1	暂无	自旧档汇入	2023-07-05T08:47:08+08:00
嘉定·真如(南)	慌(慌)	[空]	faon1(ɸɑ̃⁵³)	true	faon1	暂无	自旧档汇入	2023-07-05T08:47:08+08:00
嘉定·真如(南)	谎(謊)	[空]	faon3(ɸɑ̃⁴⁴)	true	faon3	暂无	自旧档汇入	2023-07-05T08:47:08+08:00
嘉定·真如(南)	簧(簧)	[空]	vaon2(βɑ̃²²)	true	vaon2	暂无	自旧档汇入	2023-07-05T08:47:08+08:00
嘉定·真如(南)	皇(皇)	[空]	vaon2(βɑ̃²²)	true	vaon2	暂无	自旧档汇入	2023-07-05T08:47:08+08:00
嘉定·真如(南)	郭(郭)	[空]	kuaoq7(kuɔʔ⁵)	true	kuaoq7	暂无	自旧档汇入	2023-07-05T08:47:08+08:00
嘉定·真如(南)	扩(擴)	[空]	khuaoq7(kʰuɔʔ⁵)	true	khuaoq7	暂无	自旧档汇入	2023-07-05T08:47:08+08:00
嘉定·真如(南)	廓(廓)	[空]	khuaoq7(kʰuɔʔ⁵)	true	khuaoq7	暂无	自旧档汇入	2023-07-05T08:47:08+08:00
嘉定·真如(南)	霍(霍)	[空]	haoq7(hɔʔ⁵)	true	haoq7	暂无	自旧档汇入	2023-07-05T08:47:08+08:00
嘉定·真如(南)	方(方)	[空]	faon1(ɸɑ̃⁵³)	true	faon1	暂无	自旧档汇入	2023-07-05T08:47:08+08:00
嘉定·真如(南)	肪(肪)	[空]	faon1(ɸɑ̃⁵³)	true	faon1	暂无	自旧档汇入	2023-07-05T08:47:08+08:00
嘉定·真如(南)	仿(仿)	[空]	faon3(ɸɑ̃⁴⁴)	true	faon3	暂无	自旧档汇入	2023-07-05T08:47:08+08:00
嘉定·真如(南)	放(放)	[空]	faon5(ɸɑ̃³⁵)	true	faon5	暂无	自旧档汇入	2023-07-05T08:47:08+08:00
嘉定·真如(南)	芳(芳)	[空]	faon1(ɸɑ̃⁵³)	true	faon1	暂无	自旧档汇入	2023-07-05T08:47:08+08:00
嘉定·真如(南)	纺(紡)	[空]	faon3(ɸɑ̃⁴⁴)	true	faon3	暂无	自旧档汇入	2023-07-05T08:47:08+08:00
嘉定·真如(南)	仿(仿)	[空]	faon3(ɸɑ̃⁴⁴)	true	faon3	暂无	自旧档汇入	2023-07-05T08:47:08+08:00
嘉定·真如(南)	访(訪)	[空]	faon3(ɸɑ̃⁴⁴)	true	faon3	暂无	自旧档汇入	2023-07-05T08:47:08+08:00
嘉定·真如(南)	防(防)	[空]	baon2(bɑ̃²²)	true	baon2	暂无	自旧档汇入	2023-07-05T08:47:08+08:00
嘉定·真如(南)	房(房)	[文]	vaon2(βɑ̃²²)	true	vaon2	暂无	自旧档汇入	2023-07-05T08:47:08+08:00
嘉定·真如(南)	房(房)	[白]	baon2(bɑ̃²²)	true	baon2	暂无	自旧档汇入	2023-07-05T08:47:08+08:00
嘉定·真如(南)	亡(亡)	[文]	vaon2(βɑ̃²²)	true	vaon2	暂无	自旧档汇入	2023-07-05T08:47:08+08:00
嘉定·真如(南)	亡(亡)	[白]	maon2(mɑ̃²²)	true	maon2	暂无	自旧档汇入	2023-07-05T08:47:08+08:00
嘉定·真如(南)	芒(芒)	[空]	maon2(mɑ̃²²)	true	maon2	暂无	自旧档汇入	2023-07-05T08:47:08+08:00
嘉定·真如(南)	网(網)	[空]	maon6(mɑ̃¹³)	true	maon6	暂无	自旧档汇入	2023-07-05T08:47:08+08:00
嘉定·真如(南)	忘(忘)	[空]	maon6(mɑ̃¹³)	true	maon6	暂无	自旧档汇入	2023-07-05T08:47:08+08:00
嘉定·真如(南)	望(望)	[空]	maon6(mɑ̃¹³)	true	maon6	暂无	自旧档汇入	2023-07-05T08:47:08+08:00
嘉定·真如(南)	妄(妄)	[空]	vaon6(βɑ̃¹³)	true	vaon6	暂无	自旧档汇入	2023-07-05T08:47:08+08:00
嘉定·真如(南)	狂(狂)	[空]	guaon2(ɡuɑ̃²²)	true	guaon2	暂无	自旧档汇入	2023-07-05T08:47:08+08:00
嘉定·真如(南)	况(況)	[空]	faon5(ɸɑ̃³⁵)	true	faon5	暂无	自旧档汇入	2023-07-05T08:47:08+08:00
嘉定·真如(南)	王(王)	[空]	vaon2(βɑ̃²²)	true	vaon2	暂无	自旧档汇入	2023-07-05T08:47:08+08:00
嘉定·真如(南)	王(王)	[白]滞古音，长征乡南有“王民港”（河流），今作“姚明港”。	yaon2(ɦiɑ̃²²)	true	yaon2	暂无	自旧档汇入	2023-07-05T08:47:08+08:00
嘉定·真如(南)	往(往)	[空]	uaon3(Øuɑ̃⁴⁴)	true	uaon3	暂无	自旧档汇入	2023-07-05T08:47:08+08:00
嘉定·真如(南)	旺(旺)	[白]	yaon6(ɦiɑ̃¹³)	true	yaon6	暂无	自旧档汇入	2023-07-05T08:47:08+08:00
嘉定·真如(南)	旺(旺)	[文]	vaon6(βɑ̃¹³)	true	vaon6	暂无	自旧档汇入	2023-07-05T08:47:08+08:00
嘉定·真如(南)	缚(縛)	[空]	boq8(boʔ²³)	true	boq8	暂无	自旧档汇入	2023-07-05T08:47:08+08:00
嘉定·真如(南)	邦(邦)	[空]	paon1(ɓɑ̃⁵³)	true	paon1	暂无	自旧档汇入	2023-07-05T08:47:08+08:00
嘉定·真如(南)	绑(綁)	[空]	paon3(ɓɑ̃⁴⁴)	true	paon3	暂无	自旧档汇入	2023-07-05T08:47:08+08:00
嘉定·真如(南)	胖(胖)	[空]	phaon5(pʰɑ̃³⁵)	true	phaon5	暂无	自旧档汇入	2023-07-05T08:47:08+08:00
嘉定·真如(南)	庞(龐)	[空]	baon2(bɑ̃²²)	true	baon2	暂无	自旧档汇入	2023-07-05T08:47:08+08:00
嘉定·真如(南)	棒(棒)	[空]	baon6(bɑ̃¹³)	true	baon6	暂无	自旧档汇入	2023-07-05T08:47:08+08:00
嘉定·真如(南)	桩(樁)	[空]	tsaon1(tsɑ̃⁵³)	true	tsaon1	暂无	自旧档汇入	2023-07-05T08:47:08+08:00
嘉定·真如(南)	撞(撞)	[空]	zaon6(zɑ̃¹³)	true	zaon6	暂无	自旧档汇入	2023-07-05T08:47:08+08:00
嘉定·真如(南)	窗(窗)	[空]	tshaon1(tsʰɑ̃⁵³)	true	tshaon1	暂无	自旧档汇入	2023-07-05T08:47:08+08:00
嘉定·真如(南)	双(雙)	[空]	saon1(sɑ̃⁵³)	true	saon1	暂无	自旧档汇入	2023-07-05T08:47:08+08:00
嘉定·真如(南)	江(江)	[白]	kaon1(kɑ̃⁵³)	true	kaon1	暂无	自旧档汇入	2023-07-05T08:47:08+08:00
嘉定·真如(南)	江(江)	[文]	cian1(tɕiã⁵³)	true	cian1	暂无	自旧档汇入	2023-07-05T08:47:08+08:00
嘉定·真如(南)	讲(講)	[白]	kaon3(kɑ̃⁴⁴)	true	kaon3	暂无	自旧档汇入	2023-07-05T08:47:08+08:00
嘉定·真如(南)	讲(講)	[文]	cian3(tɕiã⁴⁴)	true	cian3	暂无	自旧档汇入	2023-07-05T08:47:08+08:00
嘉定·真如(南)	港(港)	[空]	kaon3(kɑ̃⁴⁴)	true	kaon3	暂无	自旧档汇入	2023-07-05T08:47:08+08:00
嘉定·真如(南)	降(降)	[白]下~	kaon5(kɑ̃³⁵)	true	kaon5	暂无	自旧档汇入	2023-07-05T08:47:08+08:00
嘉定·真如(南)	降(降)	投~	ghaon2(ɦɑ̃²²)	true	ghaon2	暂无	自旧档汇入	2023-07-05T08:47:08+08:00
嘉定·真如(南)	降(降)	[文]	cian5(tɕiã³⁵)	true	cian5	暂无	自旧档汇入	2023-07-05T08:47:08+08:00
嘉定·真如(南)	腔(腔)	[空]	chian1(tɕʰiã⁵³)	true	chian1	暂无	自旧档汇入	2023-07-05T08:47:08+08:00
嘉定·真如(南)	项(項)	[空]	ghaon6(ɦɑ̃¹³)	true	ghaon6	暂无	自旧档汇入	2023-07-05T08:47:08+08:00
嘉定·真如(南)	巷(巷)	[空]	ghaon6(ɦɑ̃¹³)	true	ghaon6	暂无	自旧档汇入	2023-07-05T08:47:08+08:00
嘉定·真如(南)	剥(剝)	[空]	poq7(ɓoʔ⁵)	true	poq7	暂无	自旧档汇入	2023-07-05T08:47:08+08:00
嘉定·真如(南)	朴(樸)	[空]	phoq7(pʰoʔ⁵)	true	phoq7	暂无	自旧档汇入	2023-07-05T08:47:08+08:00
嘉定·真如(南)	雹(雹)	[空]	bau6(bɔ¹³)	true	bau6	暂无	自旧档汇入	2023-07-05T08:47:08+08:00
嘉定·真如(南)	桌(桌)	[空]	tsaoq7(tsɔʔ⁵)	true	tsaoq7	暂无	自旧档汇入	2023-07-05T08:47:08+08:00
嘉定·真如(南)	戳(戳)	[空]	tshaoq7(tsʰɔʔ⁵)	true	tshaoq7	暂无	自旧档汇入	2023-07-05T08:47:08+08:00
嘉定·真如(南)	浊(濁)	[空]	zaoq8(zɔʔ²³)	true	zaoq8	暂无	自旧档汇入	2023-07-05T08:47:08+08:00
嘉定·真如(南)	捉(捉)	[空]	tsaoq7(tsɔʔ⁵)	true	tsaoq7	暂无	自旧档汇入	2023-07-05T08:47:08+08:00
嘉定·真如(南)	镯(鐲)	[空]	zaoq8(zɔʔ²³)	true	zaoq8	暂无	自旧档汇入	2023-07-05T08:47:08+08:00
嘉定·真如(南)	朔(朔)	[空]	saoq7(sɔʔ⁵)	true	saoq7	暂无	自旧档汇入	2023-07-05T08:47:08+08:00
嘉定·真如(南)	觉(覺)	~得。	kaoq7(kɔʔ⁵)	true	kaoq7	暂无	自旧档汇入	2023-07-05T08:47:08+08:00
嘉定·真如(南)	觉(覺)	醒。	gau6(ɡɔ¹³)	true	gau6	暂无	自旧档汇入	2023-07-05T08:47:08+08:00
嘉定·真如(南)	觉(覺)	[空]	ciaoq7(tɕiɔʔ⁵)	true	ciaoq7	暂无	自旧档汇入	2023-07-05T08:47:08+08:00
嘉定·真如(南)	角(角)	[空]	kaoq7(kɔʔ⁵)	true	kaoq7	暂无	自旧档汇入	2023-07-05T08:47:08+08:00
嘉定·真如(南)	确(確)	[空]	chiaeq7(tɕʰiæʔ⁵)	true	chiaeq7	暂无	自旧档汇入	2023-07-05T08:47:08+08:00
嘉定·真如(南)	岳(岳)	[空]	ngaoq8(ŋɔʔ²³)	true	ngaoq8	暂无	自旧档汇入	2023-07-05T08:47:08+08:00
嘉定·真如(南)	乐(樂)	[空]	yaeq8(ɦiæʔ²³)	true	yaeq8	暂无	自旧档汇入	2023-07-05T08:47:08+08:00
嘉定·真如(南)	学(學)	[白]~习。	ghaoq8(ɦɔʔ²³)	true	ghaoq8	暂无	自旧档汇入	2023-07-05T08:47:08+08:00
嘉定·真如(南)	学(學)	[文]~校。	yaeq8(ɦiæʔ²³)	true	yaeq8	暂无	自旧档汇入	2023-07-05T08:47:08+08:00
嘉定·真如(南)	握(握)	[空]	aoq7(Øɔʔ⁵)	true	aoq7	暂无	自旧档汇入	2023-07-05T08:47:08+08:00
嘉定·真如(南)	崩(崩)	[空]	pen1(ɓəŋ⁵³)	true	pen1	暂无	自旧档汇入	2023-07-05T08:47:08+08:00
嘉定·真如(南)	朋(朋)	[空]	ban2(bã²²)	true	ban2	暂无	自旧档汇入	2023-07-05T08:47:08+08:00
嘉定·真如(南)	登(登)	[空]	ten1(ɗəŋ⁵³)	true	ten1	暂无	自旧档汇入	2023-07-05T08:47:08+08:00
嘉定·真如(南)	灯(燈)	[空]	ten1(ɗəŋ⁵³)	true	ten1	暂无	自旧档汇入	2023-07-05T08:47:08+08:00
嘉定·真如(南)	等(等)	[空]	ten3(ɗəŋ⁴⁴)	true	ten3	暂无	自旧档汇入	2023-07-05T08:47:08+08:00
嘉定·真如(南)	凳(凳)	[空]	ten5(ɗəŋ³⁵)	true	ten5	暂无	自旧档汇入	2023-07-05T08:47:08+08:00
嘉定·真如(南)	腾(騰)	[空]	den2(dəŋ²²)	true	den2	暂无	自旧档汇入	2023-07-05T08:47:08+08:00
嘉定·真如(南)	藤(藤)	[空]	den2(dəŋ²²)	true	den2	暂无	自旧档汇入	2023-07-05T08:47:08+08:00
嘉定·真如(南)	邓(鄧)	[空]	den6(dəŋ¹³)	true	den6	暂无	自旧档汇入	2023-07-05T08:47:08+08:00
嘉定·真如(南)	能(能)	[空]	nen2(nəŋ²²)	true	nen2	暂无	自旧档汇入	2023-07-05T08:47:08+08:00
嘉定·真如(南)	增(增)	[空]	tsen1(tsəŋ⁵³)	true	tsen1	暂无	自旧档汇入	2023-07-05T08:47:08+08:00
嘉定·真如(南)	曾(曾)	[空]	tsen1(tsəŋ⁵³)	true	tsen1	暂无	自旧档汇入	2023-07-05T08:47:08+08:00
嘉定·真如(南)	层(層)	[空]	zen2(zəŋ²²)	true	zen2	暂无	自旧档汇入	2023-07-05T08:47:08+08:00
嘉定·真如(南)	赠(贈)	[空]	zen6(zəŋ¹³)	true	zen6	暂无	自旧档汇入	2023-07-05T08:47:08+08:00
嘉定·真如(南)	僧(僧)	[空]	sen1(səŋ⁵³)	true	sen1	暂无	自旧档汇入	2023-07-05T08:47:08+08:00
嘉定·真如(南)	肯(肯)	[空]	khen3(kʰəŋ⁴⁴)	true	khen3	暂无	自旧档汇入	2023-07-05T08:47:08+08:00
嘉定·真如(南)	恒(恆)	[空]	ghen2(ɦəŋ²²)	true	ghen2	暂无	自旧档汇入	2023-07-05T08:47:08+08:00
嘉定·真如(南)	北(北)	[空]	poq7(ɓoʔ⁵)	true	poq7	暂无	自旧档汇入	2023-07-05T08:47:08+08:00
嘉定·真如(南)	墨(墨)	[空]	meq8(məʔ²³)	true	meq8	暂无	自旧档汇入	2023-07-05T08:47:08+08:00
嘉定·真如(南)	默(默)	[空]	meq8(məʔ²³)	true	meq8	暂无	自旧档汇入	2023-07-05T08:47:08+08:00
嘉定·真如(南)	得(得)	[空]	teq7(ɗəʔ⁵)	true	teq7	暂无	自旧档汇入	2023-07-05T08:47:08+08:00
嘉定·真如(南)	德(德)	[空]	teq7(ɗəʔ⁵)	true	teq7	暂无	自旧档汇入	2023-07-05T08:47:08+08:00
嘉定·真如(南)	特(特)	[空]	deq8(dəʔ²³)	true	deq8	暂无	自旧档汇入	2023-07-05T08:47:08+08:00
嘉定·真如(南)	肋(肋)	[空]	leq8(ləʔ²³)	true	leq8	暂无	自旧档汇入	2023-07-05T08:47:08+08:00
嘉定·真如(南)	勒(勒)	[空]	leq8(ləʔ²³)	true	leq8	暂无	自旧档汇入	2023-07-05T08:47:08+08:00
嘉定·真如(南)	贼(賊)	[空]	zeq8(zəʔ²³)	true	zeq8	暂无	自旧档汇入	2023-07-05T08:47:08+08:00
嘉定·真如(南)	塞(塞)	[空]	seq7(səʔ⁵)	true	seq7	暂无	自旧档汇入	2023-07-05T08:47:08+08:00
嘉定·真如(南)	克(克)	[空]	kheq7(kʰəʔ⁵)	true	kheq7	暂无	自旧档汇入	2023-07-05T08:47:08+08:00
嘉定·真如(南)	刻(刻)	[空]	kheq7(kʰəʔ⁵)	true	kheq7	暂无	自旧档汇入	2023-07-05T08:47:08+08:00
嘉定·真如(南)	黑(黑)	[空]	heq7(həʔ⁵)	true	heq7	暂无	自旧档汇入	2023-07-05T08:47:08+08:00
嘉定·真如(南)	冰(冰)	[空]	pin1(ɓiŋ⁵³)	true	pin1	暂无	自旧档汇入	2023-07-05T08:47:08+08:00
嘉定·真如(南)	凭(憑)	[空]	bin2(biŋ²²)	true	bin2	暂无	自旧档汇入	2023-07-05T08:47:08+08:00
嘉定·真如(南)	陵(陵)	[空]	lin2(liŋ²²)	true	lin2	暂无	自旧档汇入	2023-07-05T08:47:08+08:00
嘉定·真如(南)	菱(菱)	[空]	lin2(liŋ²²)	true	lin2	暂无	自旧档汇入	2023-07-05T08:47:08+08:00
嘉定·真如(南)	征(徵)	[空]	tsen1(tsəŋ⁵³)	true	tsen1	暂无	自旧档汇入	2023-07-05T08:47:08+08:00
嘉定·真如(南)	征(征)	[空]	tsen1(tsəŋ⁵³)	true	tsen1	暂无	自旧档汇入	2023-07-05T08:47:08+08:00
嘉定·真如(南)	澄(澄)	[空]	zen2(zəŋ²²)	true	zen2	暂无	自旧档汇入	2023-07-05T08:47:08+08:00
嘉定·真如(南)	澄(澄)	[白]阳~湖	zan2(zã²²)	true	zan2	暂无	自旧档汇入	2023-07-05T08:47:08+08:00
嘉定·真如(南)	橙(橙)	[空]	zen2(zəŋ²²)	true	zen2	暂无	自旧档汇入	2023-07-05T08:47:08+08:00
嘉定·真如(南)	蒸(蒸)	[空]	tsen1(tsəŋ⁵³)	true	tsen1	暂无	自旧档汇入	2023-07-05T08:47:08+08:00
嘉定·真如(南)	证(證)	[空]	tsen5(tsəŋ³⁵)	true	tsen5	暂无	自旧档汇入	2023-07-05T08:47:08+08:00
嘉定·真如(南)	症(症)	[空]	tsen5(tsəŋ³⁵)	true	tsen5	暂无	自旧档汇入	2023-07-05T08:47:08+08:00
嘉定·真如(南)	称(稱)	~呼	tshen1(tsʰəŋ⁵³)	true	tshen1	暂无	自旧档汇入	2023-07-05T08:47:08+08:00
嘉定·真如(南)	称(稱)	~心	tshen5(tsʰəŋ³⁵)	true	tshen5	暂无	自旧档汇入	2023-07-05T08:47:08+08:00
嘉定·真如(南)	秤(秤)	[空]	tshen5(tsʰəŋ³⁵)	true	tshen5	暂无	自旧档汇入	2023-07-05T08:47:08+08:00
嘉定·真如(南)	乘(乘)	[空]	zen2(zəŋ²²)	true	zen2	暂无	自旧档汇入	2023-07-05T08:47:08+08:00
嘉定·真如(南)	绳(繩)	[空]	zen2(zəŋ²²)	true	zen2	暂无	自旧档汇入	2023-07-05T08:47:08+08:00
嘉定·真如(南)	剩(剩)	[文]	zen6(zəŋ¹³)	true	zen6	暂无	自旧档汇入	2023-07-05T08:47:08+08:00
嘉定·真如(南)	剩(剩)	[白]	zan6(zã¹³)	true	zan6	暂无	自旧档汇入	2023-07-05T08:47:08+08:00
嘉定·真如(南)	升(升)	[空]	sen1(səŋ⁵³)	true	sen1	暂无	自旧档汇入	2023-07-05T08:47:08+08:00
嘉定·真如(南)	胜(勝)	[空]	sen3(səŋ⁴⁴)	true	sen3	暂无	自旧档汇入	2023-07-05T08:47:08+08:00
嘉定·真如(南)	承(承)	[空]	zen2(zəŋ²²)	true	zen2	暂无	自旧档汇入	2023-07-05T08:47:08+08:00
嘉定·真如(南)	丞(丞)	[空]	zen2(zəŋ²²)	true	zen2	暂无	自旧档汇入	2023-07-05T08:47:08+08:00
嘉定·真如(南)	仍(仍)	[空]	zen2(zəŋ²²)	true	zen2	暂无	自旧档汇入	2023-07-05T08:47:08+08:00
嘉定·真如(南)	仍(仍)	[空]	gnien2(ȵiəŋ²²)	true	gnien2	暂无	自旧档汇入	2023-07-05T08:47:08+08:00
嘉定·真如(南)	扔(扔)	[空]	gnien2(ȵiəŋ²²)	true	gnien2	暂无	自旧档汇入	2023-07-05T08:47:08+08:00
嘉定·真如(南)	扔(扔)	[空]	gnien2(ȵiəŋ²²)	true	gnien2	暂无	自旧档汇入	2023-07-05T08:47:08+08:00
嘉定·真如(南)	应(應)	[空]	ien1(Øiəŋ⁵³)	true	ien1	暂无	自旧档汇入	2023-07-05T08:47:08+08:00
嘉定·真如(南)	应(應)	[空]	ien5(Øiəŋ³⁵)	true	ien5	暂无	自旧档汇入	2023-07-05T08:47:08+08:00
嘉定·真如(南)	鹰(鷹)	[空]	ien1(Øiəŋ⁵³)	true	ien1	暂无	自旧档汇入	2023-07-05T08:47:08+08:00
嘉定·真如(南)	孕(孕)	[空]	yen6(ɦiəŋ¹³)	true	yen6	暂无	自旧档汇入	2023-07-05T08:47:08+08:00
嘉定·真如(南)	逼(逼)	[空]	piq7(ɓɪʔ⁵)	true	piq7	暂无	自旧档汇入	2023-07-05T08:47:08+08:00
嘉定·真如(南)	力(力)	[空]	liq8(lɪʔ²³)	true	liq8	暂无	自旧档汇入	2023-07-05T08:47:08+08:00
嘉定·真如(南)	即(即)	[空]	tsiq7(tsɪʔ⁵)	true	tsiq7	暂无	自旧档汇入	2023-07-05T08:47:08+08:00
嘉定·真如(南)	鲫(鯽)	[空]	tsiq7(tsɪʔ⁵)	true	tsiq7	暂无	自旧档汇入	2023-07-05T08:47:08+08:00
嘉定·真如(南)	息(息)	[空]	siq7(sɪʔ⁵)	true	siq7	暂无	自旧档汇入	2023-07-05T08:47:08+08:00
嘉定·真如(南)	熄(熄)	[空]	siq7(sɪʔ⁵)	true	siq7	暂无	自旧档汇入	2023-07-05T08:47:08+08:00
嘉定·真如(南)	直(直)	[空]	zeq8(zəʔ²³)	true	zeq8	暂无	自旧档汇入	2023-07-05T08:47:08+08:00
嘉定·真如(南)	值(值)	[空]	zeq8(zəʔ²³)	true	zeq8	暂无	自旧档汇入	2023-07-05T08:47:08+08:00
嘉定·真如(南)	侧(側)	[空]	tseq7(tsəʔ⁵)	true	tseq7	暂无	自旧档汇入	2023-07-05T08:47:08+08:00
嘉定·真如(南)	测(測)	[空]	tsheq7(tsʰəʔ⁵)	true	tsheq7	暂无	自旧档汇入	2023-07-05T08:47:08+08:00
嘉定·真如(南)	色(色)	[空]	seq7(səʔ⁵)	true	seq7	暂无	自旧档汇入	2023-07-05T08:47:08+08:00
嘉定·真如(南)	织(織)	[空]	tseq7(tsəʔ⁵)	true	tseq7	暂无	自旧档汇入	2023-07-05T08:47:08+08:00
嘉定·真如(南)	职(職)	[空]	tseq7(tsəʔ⁵)	true	tseq7	暂无	自旧档汇入	2023-07-05T08:47:08+08:00
嘉定·真如(南)	食(食)	[空]	zeq8(zəʔ²³)	true	zeq8	暂无	自旧档汇入	2023-07-05T08:47:08+08:00
嘉定·真如(南)	识(識)	[空]	seq7(səʔ⁵)	true	seq7	暂无	自旧档汇入	2023-07-05T08:47:08+08:00
嘉定·真如(南)	式(式)	[空]	seq7(səʔ⁵)	true	seq7	暂无	自旧档汇入	2023-07-05T08:47:08+08:00
嘉定·真如(南)	植(植)	[空]	zeq8(zəʔ²³)	true	zeq8	暂无	自旧档汇入	2023-07-05T08:47:08+08:00
嘉定·真如(南)	殖(殖)	[空]	zeq8(zəʔ²³)	true	zeq8	暂无	自旧档汇入	2023-07-05T08:47:08+08:00
嘉定·真如(南)	极(極)	[空]	jieq8(dʑiəʔ²³)	true	jieq8	暂无	自旧档汇入	2023-07-05T08:47:08+08:00
嘉定·真如(南)	忆(憶)	[空]	i5(Øi³⁵)	true	i5	暂无	自旧档汇入	2023-07-05T08:47:08+08:00
嘉定·真如(南)	亿(億)	[空]	i5(Øi³⁵)	true	i5	暂无	自旧档汇入	2023-07-05T08:47:08+08:00
嘉定·真如(南)	弘(弘)	[空]	ghon2(ɦoŋ²²)	true	ghon2	暂无	自旧档汇入	2023-07-05T08:47:08+08:00
嘉定·真如(南)	国(國)	[空]	kueq7(kuəʔ⁵)	true	kueq7	暂无	自旧档汇入	2023-07-05T08:47:08+08:00
嘉定·真如(南)	或(或)	[空]	veq8(βəʔ²³)	true	veq8	暂无	自旧档汇入	2023-07-05T08:47:08+08:00
嘉定·真如(南)	彭(彭)	[空]	ban2(bã²²)	true	ban2	暂无	自旧档汇入	2023-07-05T08:47:08+08:00
嘉定·真如(南)	膨(膨)	[空]	ban2(bã²²)	true	ban2	暂无	自旧档汇入	2023-07-05T08:47:08+08:00
嘉定·真如(南)	盲(盲)	[空]	maon2(mɑ̃²²)	true	maon2	暂无	自旧档汇入	2023-07-05T08:47:08+08:00
嘉定·真如(南)	猛(猛)	[空]	man6(mã¹³)	true	man6	暂无	自旧档汇入	2023-07-05T08:47:08+08:00
嘉定·真如(南)	孟(孟)	[空]	man6(mã¹³)	true	man6	暂无	自旧档汇入	2023-07-05T08:47:08+08:00
嘉定·真如(南)	打(打)	[空]	tan3(ɗã⁴⁴)	true	tan3	暂无	自旧档汇入	2023-07-05T08:47:08+08:00
嘉定·真如(南)	冷(冷)	[空]	lan6(lã¹³)	true	lan6	暂无	自旧档汇入	2023-07-05T08:47:08+08:00
嘉定·真如(南)	撑(撐)	~船	tshan1(tsʰã⁵³)	true	tshan1	暂无	自旧档汇入	2023-07-05T08:47:08+08:00
嘉定·真如(南)	撑(撐)	~起来	tshan5(tsʰã³⁵)	true	tshan5	暂无	自旧档汇入	2023-07-05T08:47:08+08:00
嘉定·真如(南)	生(生)	[白]	san1(sã⁵³)	true	san1	暂无	自旧档汇入	2023-07-05T08:47:08+08:00
嘉定·真如(南)	生(生)	[文]	sen1(səŋ⁵³)	true	sen1	暂无	自旧档汇入	2023-07-05T08:47:08+08:00
嘉定·真如(南)	甥(甥)	[白]	san1(sã⁵³)	true	san1	暂无	自旧档汇入	2023-07-05T08:47:08+08:00
嘉定·真如(南)	甥(甥)	[文]	sen1(səŋ⁵³)	true	sen1	暂无	自旧档汇入	2023-07-05T08:47:08+08:00
嘉定·真如(南)	牲(牲)	[白]	san1(sã⁵³)	true	san1	暂无	自旧档汇入	2023-07-05T08:47:08+08:00
嘉定·真如(南)	牲(牲)	[文]	sen1(səŋ⁵³)	true	sen1	暂无	自旧档汇入	2023-07-05T08:47:08+08:00
嘉定·真如(南)	省(省)	~份	san3(sã⁴⁴)	true	san3	暂无	自旧档汇入	2023-07-05T08:47:08+08:00
嘉定·真如(南)	省(省)	反~	sin3(siŋ⁴⁴)	true	sin3	暂无	自旧档汇入	2023-07-05T08:47:08+08:00
嘉定·真如(南)	更(更)	打~	kan1(kã⁵³)	true	kan1	暂无	自旧档汇入	2023-07-05T08:47:08+08:00
嘉定·真如(南)	更(更)	~加	ken5(kəŋ³⁵)	true	ken5	暂无	自旧档汇入	2023-07-05T08:47:08+08:00
嘉定·真如(南)	羹(羹)	[空]	kan1(kã⁵³)	true	kan1	暂无	自旧档汇入	2023-07-05T08:47:08+08:00
嘉定·真如(南)	庚(庚)	[空]	kan1(kã⁵³)	true	kan1	暂无	自旧档汇入	2023-07-05T08:47:08+08:00
嘉定·真如(南)	粳(粳)	[空]	kan1(kã⁵³)	true	kan1	暂无	自旧档汇入	2023-07-05T08:47:08+08:00
嘉定·真如(南)	梗(梗)	[空]	kan3(kã⁴⁴)	true	kan3	暂无	自旧档汇入	2023-07-05T08:47:08+08:00
嘉定·真如(南)	坑(坑)	[空]	khan1(kʰã⁵³)	true	khan1	暂无	自旧档汇入	2023-07-05T08:47:08+08:00
嘉定·真如(南)	硬(硬)	[空]	ngan6(ŋã¹³)	true	ngan6	暂无	自旧档汇入	2023-07-05T08:47:08+08:00
嘉定·真如(南)	杏(杏)	[空]	ghan2(ɦã²²)	true	ghan2	暂无	自旧档汇入	2023-07-05T08:47:08+08:00
嘉定·真如(南)	百(百)	[空]	paeq7(ɓæʔ⁵)	true	paeq7	暂无	自旧档汇入	2023-07-05T08:47:08+08:00
嘉定·真如(南)	柏(柏)	[空]	paeq7(ɓæʔ⁵)	true	paeq7	暂无	自旧档汇入	2023-07-05T08:47:08+08:00
嘉定·真如(南)	伯(伯)	[空]	paeq7(ɓæʔ⁵)	true	paeq7	暂无	自旧档汇入	2023-07-05T08:47:08+08:00
嘉定·真如(南)	迫(迫)	[空]	phaeq7(pʰæʔ⁵)	true	phaeq7	暂无	自旧档汇入	2023-07-05T08:47:08+08:00
嘉定·真如(南)	拍(拍)	[空]	phaeq7(pʰæʔ⁵)	true	phaeq7	暂无	自旧档汇入	2023-07-05T08:47:08+08:00
嘉定·真如(南)	魄(魄)	[空]	pheq7(pʰəʔ⁵)	true	pheq7	暂无	自旧档汇入	2023-07-05T08:47:08+08:00
嘉定·真如(南)	白(白)	[空]	baeq8(bæʔ²³)	true	baeq8	暂无	自旧档汇入	2023-07-05T08:47:08+08:00
嘉定·真如(南)	陌(陌)	[空]	maeq8(mæʔ²³)	true	maeq8	暂无	自旧档汇入	2023-07-05T08:47:08+08:00
嘉定·真如(南)	拆(拆)	[空]	tshaeq7(tsʰæʔ⁵)	true	tshaeq7	暂无	自旧档汇入	2023-07-05T08:47:08+08:00
嘉定·真如(南)	择(擇)	[空]	zeq8(zəʔ²³)	true	zeq8	暂无	自旧档汇入	2023-07-05T08:47:08+08:00
嘉定·真如(南)	泽(澤)	[空]	zeq8(zəʔ²³)	true	zeq8	暂无	自旧档汇入	2023-07-05T08:47:08+08:00
嘉定·真如(南)	宅(宅)	[空]	zaeq8(zæʔ²³)	true	zaeq8	暂无	自旧档汇入	2023-07-05T08:47:08+08:00
嘉定·真如(南)	格(格)	[空]	kaeq7(kæʔ⁵)	true	kaeq7	暂无	自旧档汇入	2023-07-05T08:47:08+08:00
嘉定·真如(南)	客(客)	[空]	khaeq7(kʰæʔ⁵)	true	khaeq7	暂无	自旧档汇入	2023-07-05T08:47:08+08:00
嘉定·真如(南)	额(額)	[空]	ngaeq8(ŋæʔ²³)	true	ngaeq8	暂无	自旧档汇入	2023-07-05T08:47:08+08:00
嘉定·真如(南)	吓(嚇)	[空]	haeq7(hæʔ⁵)	true	haeq7	暂无	自旧档汇入	2023-07-05T08:47:08+08:00
嘉定·真如(南)	赫(赫)	[空]	heq7(həʔ⁵)	true	heq7	暂无	自旧档汇入	2023-07-05T08:47:08+08:00
嘉定·真如(南)	棚(棚)	[空]	ban2(bã²²)	true	ban2	暂无	自旧档汇入	2023-07-05T08:47:08+08:00
嘉定·真如(南)	萌(萌)	[空]	men2(məŋ²²)	true	men2	暂无	自旧档汇入	2023-07-05T08:47:08+08:00
嘉定·真如(南)	争(爭)	[白]	tsan1(tsã⁵³)	true	tsan1	暂无	自旧档汇入	2023-07-05T08:47:08+08:00
嘉定·真如(南)	争(爭)	[文]	tsen1(tsəŋ⁵³)	true	tsen1	暂无	自旧档汇入	2023-07-05T08:47:08+08:00
嘉定·真如(南)	睁(睜)	[白]	tsan1(tsã⁵³)	true	tsan1	暂无	自旧档汇入	2023-07-05T08:47:08+08:00
嘉定·真如(南)	睁(睜)	[文]	tsen1(tsəŋ⁵³)	true	tsen1	暂无	自旧档汇入	2023-07-05T08:47:08+08:00
嘉定·真如(南)	耕(耕)	[白]	kan1(kã⁵³)	true	kan1	暂无	自旧档汇入	2023-07-05T08:47:08+08:00
嘉定·真如(南)	耕(耕)	[文]	ken1(kəŋ⁵³)	true	ken1	暂无	自旧档汇入	2023-07-05T08:47:08+08:00
嘉定·真如(南)	耿(耿)	[空]	ken3(kəŋ⁴⁴)	true	ken3	暂无	自旧档汇入	2023-07-05T08:47:08+08:00
嘉定·真如(南)	茎(莖)	[空]	cien5(tɕiəŋ³⁵)	true	cien5	暂无	自旧档汇入	2023-07-05T08:47:08+08:00
嘉定·真如(南)	樱(櫻)	[空]	an1(Øã⁵³)	true	an1	暂无	自旧档汇入	2023-07-05T08:47:08+08:00
嘉定·真如(南)	樱(櫻)	[空]	ien1(Øiəŋ⁵³)	true	ien1	暂无	自旧档汇入	2023-07-05T08:47:08+08:00
嘉定·真如(南)	莺(鶯)	[空]	ien1(Øiəŋ⁵³)	true	ien1	暂无	自旧档汇入	2023-07-05T08:47:08+08:00
嘉定·真如(南)	麦(麥)	[空]	maeq8(mæʔ²³)	true	maeq8	暂无	自旧档汇入	2023-07-05T08:47:08+08:00
嘉定·真如(南)	脉(脈)	[空]	maeq8(mæʔ²³)	true	maeq8	暂无	自旧档汇入	2023-07-05T08:47:08+08:00
嘉定·真如(南)	摘(摘)	[空]	tsaeq7(tsæʔ⁵)	true	tsaeq7	暂无	自旧档汇入	2023-07-05T08:47:08+08:00
嘉定·真如(南)	责(責)	[空]	tseq7(tsəʔ⁵)	true	tseq7	暂无	自旧档汇入	2023-07-05T08:47:08+08:00
嘉定·真如(南)	策(策)	[空]	tshaeq7(tsʰæʔ⁵)	true	tshaeq7	暂无	自旧档汇入	2023-07-05T08:47:08+08:00
嘉定·真如(南)	册(冊)	[空]	tshaeq7(tsʰæʔ⁵)	true	tshaeq7	暂无	自旧档汇入	2023-07-05T08:47:08+08:00
嘉定·真如(南)	栅(柵)	~桥村，在江桥乡	saeq7(sæʔ⁵)	true	saeq7	暂无	自旧档汇入	2023-07-05T08:47:08+08:00
嘉定·真如(南)	隔(隔)	[空]	kaeq7(kæʔ⁵)	true	kaeq7	暂无	自旧档汇入	2023-07-05T08:47:08+08:00
嘉定·真如(南)	革(革)	[空]	keq7(kəʔ⁵)	true	keq7	暂无	自旧档汇入	2023-07-05T08:47:08+08:00
嘉定·真如(南)	兵(兵)	[空]	pin1(ɓiŋ⁵³)	true	pin1	暂无	自旧档汇入	2023-07-05T08:47:08+08:00
嘉定·真如(南)	丙(丙)	[空]	pin3(ɓiŋ⁴⁴)	true	pin3	暂无	自旧档汇入	2023-07-05T08:47:08+08:00
嘉定·真如(南)	平(平)	[空]	bin2(biŋ²²)	true	bin2	暂无	自旧档汇入	2023-07-05T08:47:08+08:00
嘉定·真如(南)	评(評)	[空]	bin2(biŋ²²)	true	bin2	暂无	自旧档汇入	2023-07-05T08:47:08+08:00
嘉定·真如(南)	病(病)	[空]	bin6(biŋ¹³)	true	bin6	暂无	自旧档汇入	2023-07-05T08:47:08+08:00
嘉定·真如(南)	明(明)	[空]	min2(miŋ²²)	true	min2	暂无	自旧档汇入	2023-07-05T08:47:08+08:00
嘉定·真如(南)	鸣(鳴)	[空]	min2(miŋ²²)	true	min2	暂无	自旧档汇入	2023-07-05T08:47:08+08:00
嘉定·真如(南)	盟(盟)	[空]	men2(məŋ²²)	true	men2	暂无	自旧档汇入	2023-07-05T08:47:08+08:00
嘉定·真如(南)	命(命)	[空]	min6(miŋ¹³)	true	min6	暂无	自旧档汇入	2023-07-05T08:47:08+08:00
嘉定·真如(南)	京(京)	[空]	cien1(tɕiəŋ⁵³)	true	cien1	暂无	自旧档汇入	2023-07-05T08:47:08+08:00
嘉定·真如(南)	惊(驚)	[空]	cien1(tɕiəŋ⁵³)	true	cien1	暂无	自旧档汇入	2023-07-05T08:47:08+08:00
嘉定·真如(南)	景(景)	[空]	cien3(tɕiəŋ⁴⁴)	true	cien3	暂无	自旧档汇入	2023-07-05T08:47:08+08:00
嘉定·真如(南)	警(警)	[空]	cien3(tɕiəŋ⁴⁴)	true	cien3	暂无	自旧档汇入	2023-07-05T08:47:08+08:00
嘉定·真如(南)	境(境)	[空]	cien5(tɕiəŋ³⁵)	true	cien5	暂无	自旧档汇入	2023-07-05T08:47:08+08:00
嘉定·真如(南)	竟(竟)	[空]	cien5(tɕiəŋ³⁵)	true	cien5	暂无	自旧档汇入	2023-07-05T08:47:08+08:00
嘉定·真如(南)	镜(鏡)	[空]	cien5(tɕiəŋ³⁵)	true	cien5	暂无	自旧档汇入	2023-07-05T08:47:08+08:00
嘉定·真如(南)	敬(敬)	[空]	cien5(tɕiəŋ³⁵)	true	cien5	暂无	自旧档汇入	2023-07-05T08:47:08+08:00
嘉定·真如(南)	卿(卿)	[空]	chien1(tɕʰiəŋ⁵³)	true	chien1	暂无	自旧档汇入	2023-07-05T08:47:08+08:00
嘉定·真如(南)	庆(慶)	[空]	chien5(tɕʰiəŋ³⁵)	true	chien5	暂无	自旧档汇入	2023-07-05T08:47:08+08:00
嘉定·真如(南)	竞(競)	[空]	jien6(dʑiəŋ¹³)	true	jien6	暂无	自旧档汇入	2023-07-05T08:47:08+08:00
嘉定·真如(南)	迎(迎)	[空]	gnien2(ȵiəŋ²²)	true	gnien2	暂无	自旧档汇入	2023-07-05T08:47:08+08:00
嘉定·真如(南)	英(英)	[空]	ien1(Øiəŋ⁵³)	true	ien1	暂无	自旧档汇入	2023-07-05T08:47:08+08:00
嘉定·真如(南)	影(影)	[空]	ien3(Øiəŋ⁴⁴)	true	ien3	暂无	自旧档汇入	2023-07-05T08:47:08+08:00
嘉定·真如(南)	碧(碧)	[空]	piq7(ɓɪʔ⁵)	true	piq7	暂无	自旧档汇入	2023-07-05T08:47:08+08:00
嘉定·真如(南)	剧(劇)	[空]	jieq8(dʑiəʔ²³)	true	jieq8	暂无	自旧档汇入	2023-07-05T08:47:08+08:00
嘉定·真如(南)	逆(逆)	[空]	gniq8(ȵiɪʔ²³)	true	gniq8	暂无	自旧档汇入	2023-07-05T08:47:08+08:00
嘉定·真如(南)	饼(餅)	[空]	pin3(ɓiŋ⁴⁴)	true	pin3	暂无	自旧档汇入	2023-07-05T08:47:08+08:00
嘉定·真如(南)	并(併)	[空]	pin5(ɓiŋ³⁵)	true	pin5	暂无	自旧档汇入	2023-07-05T08:47:08+08:00
嘉定·真如(南)	并(並)	[空]	bin6(biŋ¹³)	true	bin6	暂无	自旧档汇入	2023-07-05T08:47:08+08:00
嘉定·真如(南)	聘(聘)	[空]	phin5(pʰiŋ³⁵)	true	phin5	暂无	自旧档汇入	2023-07-05T08:47:08+08:00
嘉定·真如(南)	名(名)	[空]	min2(miŋ²²)	true	min2	暂无	自旧档汇入	2023-07-05T08:47:08+08:00
嘉定·真如(南)	领(領)	[空]	lin6(liŋ¹³)	true	lin6	暂无	自旧档汇入	2023-07-05T08:47:08+08:00
嘉定·真如(南)	岭(嶺)	[空]	lin6(liŋ¹³)	true	lin6	暂无	自旧档汇入	2023-07-05T08:47:08+08:00
嘉定·真如(南)	令(令)	[空]	lin6(liŋ¹³)	true	lin6	暂无	自旧档汇入	2023-07-05T08:47:08+08:00
嘉定·真如(南)	精(精)	[空]	tsin1(tsiŋ⁵³)	true	tsin1	暂无	自旧档汇入	2023-07-05T08:47:08+08:00
嘉定·真如(南)	晶(晶)	[空]	tsin1(tsiŋ⁵³)	true	tsin1	暂无	自旧档汇入	2023-07-05T08:47:08+08:00
嘉定·真如(南)	睛(睛)	[空]	tsin1(tsiŋ⁵³)	true	tsin1	暂无	自旧档汇入	2023-07-05T08:47:08+08:00
嘉定·真如(南)	井(井)	[空]	tsin3(tsiŋ⁴⁴)	true	tsin3	暂无	自旧档汇入	2023-07-05T08:47:08+08:00
嘉定·真如(南)	清(清)	[空]	tshin1(tsʰiŋ⁵³)	true	tshin1	暂无	自旧档汇入	2023-07-05T08:47:08+08:00
嘉定·真如(南)	请(請)	[空]	tshin3(tsʰiŋ⁴⁴)	true	tshin3	暂无	自旧档汇入	2023-07-05T08:47:08+08:00
嘉定·真如(南)	情(情)	[空]	zin2(ziŋ²²)	true	zin2	暂无	自旧档汇入	2023-07-05T08:47:08+08:00
嘉定·真如(南)	晴(晴)	[空]	zin2(ziŋ²²)	true	zin2	暂无	自旧档汇入	2023-07-05T08:47:08+08:00
嘉定·真如(南)	静(靜)	[空]	zin6(ziŋ¹³)	true	zin6	暂无	自旧档汇入	2023-07-05T08:47:08+08:00
嘉定·真如(南)	靖(靖)	[空]	zin6(ziŋ¹³)	true	zin6	暂无	自旧档汇入	2023-07-05T08:47:08+08:00
嘉定·真如(南)	净(淨)	[空]	zin6(ziŋ¹³)	true	zin6	暂无	自旧档汇入	2023-07-05T08:47:08+08:00
嘉定·真如(南)	性(性)	[空]	sin5(siŋ³⁵)	true	sin5	暂无	自旧档汇入	2023-07-05T08:47:08+08:00
嘉定·真如(南)	姓(姓)	[空]	sin5(siŋ³⁵)	true	sin5	暂无	自旧档汇入	2023-07-05T08:47:08+08:00
嘉定·真如(南)	贞(貞)	[空]	tsen1(tsəŋ⁵³)	true	tsen1	暂无	自旧档汇入	2023-07-05T08:47:08+08:00
嘉定·真如(南)	侦(偵)	[空]	tsen1(tsəŋ⁵³)	true	tsen1	暂无	自旧档汇入	2023-07-05T08:47:08+08:00
嘉定·真如(南)	呈(呈)	[空]	zen2(zəŋ²²)	true	zen2	暂无	自旧档汇入	2023-07-05T08:47:08+08:00
嘉定·真如(南)	程(程)	[空]	zen2(zəŋ²²)	true	zen2	暂无	自旧档汇入	2023-07-05T08:47:08+08:00
嘉定·真如(南)	郑(鄭)	[空]	zen6(zəŋ¹³)	true	zen6	暂无	自旧档汇入	2023-07-05T08:47:08+08:00
嘉定·真如(南)	正(正)	~月	tsen1(tsəŋ⁵³)	true	tsen1	暂无	自旧档汇入	2023-07-05T08:47:08+08:00
嘉定·真如(南)	正(正)	公~	tsen5(tsəŋ³⁵)	true	tsen5	暂无	自旧档汇入	2023-07-05T08:47:08+08:00
嘉定·真如(南)	整(整)	[空]	tsen3(tsəŋ⁴⁴)	true	tsen3	暂无	自旧档汇入	2023-07-05T08:47:08+08:00
嘉定·真如(南)	政(政)	[空]	tsen5(tsəŋ³⁵)	true	tsen5	暂无	自旧档汇入	2023-07-05T08:47:08+08:00
嘉定·真如(南)	声(聲)	[文]	sen1(səŋ⁵³)	true	sen1	暂无	自旧档汇入	2023-07-05T08:47:08+08:00
嘉定·真如(南)	声(聲)	[白]	san1(sã⁵³)	true	san1	暂无	自旧档汇入	2023-07-05T08:47:08+08:00
嘉定·真如(南)	圣(聖)	[空]	sen5(səŋ³⁵)	true	sen5	暂无	自旧档汇入	2023-07-05T08:47:08+08:00
嘉定·真如(南)	成(成)	[空]	zen2(zəŋ²²)	true	zen2	暂无	自旧档汇入	2023-07-05T08:47:08+08:00
嘉定·真如(南)	城(城)	[空]	zen2(zəŋ²²)	true	zen2	暂无	自旧档汇入	2023-07-05T08:47:08+08:00
嘉定·真如(南)	诚(誠)	[空]	zen2(zəŋ²²)	true	zen2	暂无	自旧档汇入	2023-07-05T08:47:08+08:00
嘉定·真如(南)	盛(盛)	兴~	zen6(zəŋ¹³)	true	zen6	暂无	自旧档汇入	2023-07-05T08:47:08+08:00
嘉定·真如(南)	盛(盛)	姓氏	zan6(zã¹³)	true	zan6	暂无	自旧档汇入	2023-07-05T08:47:08+08:00
嘉定·真如(南)	盛(盛)	动词，~满	zen2(zəŋ²²)	true	zen2	暂无	自旧档汇入	2023-07-05T08:47:08+08:00
嘉定·真如(南)	颈(頸)	[空]	cien3(tɕiəŋ⁴⁴)	true	cien3	暂无	自旧档汇入	2023-07-05T08:47:08+08:00
嘉定·真如(南)	劲(勁)	[空]	cien5(tɕiəŋ³⁵)	true	cien5	暂无	自旧档汇入	2023-07-05T08:47:08+08:00
嘉定·真如(南)	轻(輕)	[空]	chien1(tɕʰiəŋ⁵³)	true	chien1	暂无	自旧档汇入	2023-07-05T08:47:08+08:00
嘉定·真如(南)	婴(嬰)	[空]	ien1(Øiəŋ⁵³)	true	ien1	暂无	自旧档汇入	2023-07-05T08:47:08+08:00
嘉定·真如(南)	盈(盈)	[空]	yen2(ɦiəŋ²²)	true	yen2	暂无	自旧档汇入	2023-07-05T08:47:08+08:00
嘉定·真如(南)	赢(贏)	[空]	yen2(ɦiəŋ²²)	true	yen2	暂无	自旧档汇入	2023-07-05T08:47:08+08:00
嘉定·真如(南)	璧(璧)	[空]	piq7(ɓɪʔ⁵)	true	piq7	暂无	自旧档汇入	2023-07-05T08:47:08+08:00
嘉定·真如(南)	僻(僻)	[空]	phiq7(pʰɪʔ⁵)	true	phiq7	暂无	自旧档汇入	2023-07-05T08:47:08+08:00
嘉定·真如(南)	辟(闢)	[空]	phiq7(pʰɪʔ⁵)	true	phiq7	暂无	自旧档汇入	2023-07-05T08:47:08+08:00
嘉定·真如(南)	积(積)	[空]	tsiq7(tsɪʔ⁵)	true	tsiq7	暂无	自旧档汇入	2023-07-05T08:47:08+08:00
嘉定·真如(南)	迹(跡)	[空]	tsiq7(tsɪʔ⁵)	true	tsiq7	暂无	自旧档汇入	2023-07-05T08:47:08+08:00
嘉定·真如(南)	脊(脊)	[空]	tsiq7(tsɪʔ⁵)	true	tsiq7	暂无	自旧档汇入	2023-07-05T08:47:08+08:00
嘉定·真如(南)	惜(惜)	[空]	siq7(sɪʔ⁵)	true	siq7	暂无	自旧档汇入	2023-07-05T08:47:08+08:00
嘉定·真如(南)	昔(昔)	[空]	siq7(sɪʔ⁵)	true	siq7	暂无	自旧档汇入	2023-07-05T08:47:08+08:00
嘉定·真如(南)	夕(夕)	[空]	ziq8(zɪʔ²³)	true	ziq8	暂无	自旧档汇入	2023-07-05T08:47:08+08:00
嘉定·真如(南)	席(席)	[空]	ziq8(zɪʔ²³)	true	ziq8	暂无	自旧档汇入	2023-07-05T08:47:08+08:00
嘉定·真如(南)	尺(尺)	[空]	tshaeq7(tsʰæʔ⁵)	true	tshaeq7	暂无	自旧档汇入	2023-07-05T08:47:08+08:00
嘉定·真如(南)	赤(赤)	[空]	tshaeq7(tsʰæʔ⁵)	true	tshaeq7	暂无	自旧档汇入	2023-07-05T08:47:08+08:00
嘉定·真如(南)	适(適)	[空]	seq7(səʔ⁵)	true	seq7	暂无	自旧档汇入	2023-07-05T08:47:08+08:00
嘉定·真如(南)	释(釋)	[空]	seq7(səʔ⁵)	true	seq7	暂无	自旧档汇入	2023-07-05T08:47:08+08:00
嘉定·真如(南)	石(石)	[空]	zaeq8(zæʔ²³)	true	zaeq8	暂无	自旧档汇入	2023-07-05T08:47:08+08:00
嘉定·真如(南)	译(譯)	[空]	yiq8(ɦiɪʔ²³)	true	yiq8	暂无	自旧档汇入	2023-07-05T08:47:08+08:00
嘉定·真如(南)	易(易)	交~	yiq8(ɦiɪʔ²³)	true	yiq8	暂无	自旧档汇入	2023-07-05T08:47:08+08:00
嘉定·真如(南)	液(液)	[空]	yiq8(ɦiɪʔ²³)	true	yiq8	暂无	自旧档汇入	2023-07-05T08:47:08+08:00
嘉定·真如(南)	拼(拼)	[空]	phin1(pʰiŋ⁵³)	true	phin1	暂无	自旧档汇入	2023-07-05T08:47:08+08:00
嘉定·真如(南)	姘(姘)	[空]	phin1(pʰiŋ⁵³)	true	phin1	暂无	自旧档汇入	2023-07-05T08:47:08+08:00
嘉定·真如(南)	瓶(瓶)	[空]	bin2(biŋ²²)	true	bin2	暂无	自旧档汇入	2023-07-05T08:47:08+08:00
嘉定·真如(南)	萍(萍)	[空]	bin2(biŋ²²)	true	bin2	暂无	自旧档汇入	2023-07-05T08:47:08+08:00
嘉定·真如(南)	并(並)	[空]	bin6(biŋ¹³)	true	bin6	暂无	自旧档汇入	2023-07-05T08:47:08+08:00
嘉定·真如(南)	铭(銘)	[空]	min2(miŋ²²)	true	min2	暂无	自旧档汇入	2023-07-05T08:47:08+08:00
嘉定·真如(南)	丁(丁)	[空]	tin1(ɗiŋ⁵³)	true	tin1	暂无	自旧档汇入	2023-07-05T08:47:08+08:00
嘉定·真如(南)	钉(釘)	[空]	tin1(ɗiŋ⁵³)	true	tin1	暂无	自旧档汇入	2023-07-05T08:47:08+08:00
嘉定·真如(南)	顶(頂)	[空]	tin3(ɗiŋ⁴⁴)	true	tin3	暂无	自旧档汇入	2023-07-05T08:47:08+08:00
嘉定·真如(南)	订(訂)	[空]	tin5(ɗiŋ³⁵)	true	tin5	暂无	自旧档汇入	2023-07-05T08:47:08+08:00
嘉定·真如(南)	听(聽)	[空]	thin1(tʰiŋ⁵³)	true	thin1	暂无	自旧档汇入	2023-07-05T08:47:08+08:00
嘉定·真如(南)	厅(廳)	[空]	thin1(tʰiŋ⁵³)	true	thin1	暂无	自旧档汇入	2023-07-05T08:47:08+08:00
嘉定·真如(南)	亭(亭)	[空]	din2(diŋ²²)	true	din2	暂无	自旧档汇入	2023-07-05T08:47:08+08:00
嘉定·真如(南)	框(框)	[空]	khuaon5(kʰuɑ̃³⁵)	true	khuaon5	暂无	自旧档汇入	2023-07-05T08:47:08+08:00
嘉定·真如(南)	筐(筐)	[空]	khuaon5(kʰuɑ̃³⁵)	true	khuaon5	暂无	自旧档汇入	2023-07-05T08:47:08+08:00
嘉定·真如(南)	停(停)	[空]	din2(diŋ²²)	true	din2	暂无	自旧档汇入	2023-07-05T08:47:08+08:00
嘉定·真如(南)	庭(庭)	[空]	din2(diŋ²²)	true	din2	暂无	自旧档汇入	2023-07-05T08:47:08+08:00
嘉定·真如(南)	艇(艇)	[空]	thin3(tʰiŋ⁴⁴)	true	thin3	暂无	自旧档汇入	2023-07-05T08:47:08+08:00
嘉定·真如(南)	挺(挺)	[空]	thin3(tʰiŋ⁴⁴)	true	thin3	暂无	自旧档汇入	2023-07-05T08:47:08+08:00
嘉定·真如(南)	定(定)	[空]	din6(diŋ¹³)	true	din6	暂无	自旧档汇入	2023-07-05T08:47:08+08:00
嘉定·真如(南)	宁(寧)	[空]	gnien2(ȵiəŋ²²)	true	gnien2	暂无	自旧档汇入	2023-07-05T08:47:08+08:00
嘉定·真如(南)	灵(靈)	[空]	lin2(liŋ²²)	true	lin2	暂无	自旧档汇入	2023-07-05T08:47:08+08:00
嘉定·真如(南)	铃(鈴)	[空]	lin2(liŋ²²)	true	lin2	暂无	自旧档汇入	2023-07-05T08:47:08+08:00
嘉定·真如(南)	零(零)	[空]	lin2(liŋ²²)	true	lin2	暂无	自旧档汇入	2023-07-05T08:47:08+08:00
嘉定·真如(南)	另(另)	[空]	lin6(liŋ¹³)	true	lin6	暂无	自旧档汇入	2023-07-05T08:47:08+08:00
嘉定·真如(南)	青(青)	[空]	tshin1(tsʰiŋ⁵³)	true	tshin1	暂无	自旧档汇入	2023-07-05T08:47:08+08:00
嘉定·真如(南)	星(星)	[空]	sin1(siŋ⁵³)	true	sin1	暂无	自旧档汇入	2023-07-05T08:47:08+08:00
嘉定·真如(南)	腥(腥)	[空]	sin1(siŋ⁵³)	true	sin1	暂无	自旧档汇入	2023-07-05T08:47:08+08:00
嘉定·真如(南)	醒(醒)	[空]	sin3(siŋ⁴⁴)	true	sin3	暂无	自旧档汇入	2023-07-05T08:47:08+08:00
嘉定·真如(南)	经(經)	[空]	cien1(tɕiəŋ⁵³)	true	cien1	暂无	自旧档汇入	2023-07-05T08:47:08+08:00
嘉定·真如(南)	形(形)	[空]	yen2(ɦiəŋ²²)	true	yen2	暂无	自旧档汇入	2023-07-05T08:47:08+08:00
嘉定·真如(南)	刑(刑)	[空]	yen2(ɦiəŋ²²)	true	yen2	暂无	自旧档汇入	2023-07-05T08:47:08+08:00
嘉定·真如(南)	型(型)	[空]	yen2(ɦiəŋ²²)	true	yen2	暂无	自旧档汇入	2023-07-05T08:47:08+08:00
嘉定·真如(南)	壁(壁)	[空]	piq7(ɓɪʔ⁵)	true	piq7	暂无	自旧档汇入	2023-07-05T08:47:08+08:00
嘉定·真如(南)	劈(劈)	[空]	phiq7(pʰɪʔ⁵)	true	phiq7	暂无	自旧档汇入	2023-07-05T08:47:08+08:00
嘉定·真如(南)	觅(覓)	[空]	miq8(mɪʔ²³)	true	miq8	暂无	自旧档汇入	2023-07-05T08:47:08+08:00
嘉定·真如(南)	滴(滴)	[空]	tiq7(ɗɪʔ⁵)	true	tiq7	暂无	自旧档汇入	2023-07-05T08:47:08+08:00
嘉定·真如(南)	的(的)	[空]	tiq7(ɗɪʔ⁵)	true	tiq7	暂无	自旧档汇入	2023-07-05T08:47:08+08:00
嘉定·真如(南)	踢(踢)	[空]	thiq7(tʰɪʔ⁵)	true	thiq7	暂无	自旧档汇入	2023-07-05T08:47:08+08:00
嘉定·真如(南)	剔(剔)	[空]	thiq7(tʰɪʔ⁵)	true	thiq7	暂无	自旧档汇入	2023-07-05T08:47:08+08:00
嘉定·真如(南)	敌(敵)	[空]	diq8(dɪʔ²³)	true	diq8	暂无	自旧档汇入	2023-07-05T08:47:08+08:00
嘉定·真如(南)	笛(笛)	[空]	diq8(dɪʔ²³)	true	diq8	暂无	自旧档汇入	2023-07-05T08:47:08+08:00
嘉定·真如(南)	籴(糴)	[空]	diq8(dɪʔ²³)	true	diq8	暂无	自旧档汇入	2023-07-05T08:47:08+08:00
嘉定·真如(南)	历(歷)	[空]	liq8(lɪʔ²³)	true	liq8	暂无	自旧档汇入	2023-07-05T08:47:08+08:00
嘉定·真如(南)	绩(績)	[空]	tsiq7(tsɪʔ⁵)	true	tsiq7	暂无	自旧档汇入	2023-07-05T08:47:08+08:00
嘉定·真如(南)	戚(戚)	[空]	tshiq7(tsʰɪʔ⁵)	true	tshiq7	暂无	自旧档汇入	2023-07-05T08:47:08+08:00
嘉定·真如(南)	析(析)	[空]	siq7(sɪʔ⁵)	true	siq7	暂无	自旧档汇入	2023-07-05T08:47:08+08:00
嘉定·真如(南)	锡(錫)	[空]	siq7(sɪʔ⁵)	true	siq7	暂无	自旧档汇入	2023-07-05T08:47:08+08:00
嘉定·真如(南)	激(激)	[空]	ciq7(tɕiɪʔ⁵)	true	ciq7	暂无	自旧档汇入	2023-07-05T08:47:08+08:00
嘉定·真如(南)	击(擊)	[空]	ciq7(tɕiɪʔ⁵)	true	ciq7	暂无	自旧档汇入	2023-07-05T08:47:08+08:00
嘉定·真如(南)	吃(吃)	[空]	chieq7(tɕʰiəʔ⁵)	true	chieq7	暂无	自旧档汇入	2023-07-05T08:47:08+08:00
嘉定·真如(南)	矿(礦)	[空]	khuaon5(kʰuɑ̃³⁵)	true	khuaon5	暂无	自旧档汇入	2023-07-05T08:47:08+08:00
嘉定·真如(南)	横(橫)	[空]	van2(βã²²)	true	van2	暂无	自旧档汇入	2023-07-05T08:47:08+08:00
嘉定·真如(南)	横(橫)	[俗]~竖（读“势”）	ghan2(ɦã²²)	true	ghan2	暂无	自旧档汇入	2023-07-05T08:47:08+08:00
嘉定·真如(南)	轰(轟)	[空]	hon1(hoŋ⁵³)	true	hon1	暂无	自旧档汇入	2023-07-05T08:47:08+08:00
嘉定·真如(南)	宏(宏)	[空]	ghon2(ɦoŋ²²)	true	ghon2	暂无	自旧档汇入	2023-07-05T08:47:08+08:00
嘉定·真如(南)	获(獲)	[空]	ghoq8(ɦoʔ²³)	true	ghoq8	暂无	自旧档汇入	2023-07-05T08:47:08+08:00
嘉定·真如(南)	划(劃)	[空]	vaeq8(βæʔ²³)	true	vaeq8	暂无	自旧档汇入	2023-07-05T08:47:08+08:00
嘉定·真如(南)	兄(兄)	[空]	shion1(ɕioŋ⁵³)	true	shion1	暂无	自旧档汇入	2023-07-05T08:47:08+08:00
嘉定·真如(南)	荣(榮)	[空]	yon2(ɦioŋ²²)	true	yon2	暂无	自旧档汇入	2023-07-05T08:47:08+08:00
嘉定·真如(南)	永(永)	[空]	ion3(Øioŋ⁴⁴)	true	ion3	暂无	自旧档汇入	2023-07-05T08:47:08+08:00
嘉定·真如(南)	泳(泳)	[空]	ion3(Øioŋ⁴⁴)	true	ion3	暂无	自旧档汇入	2023-07-05T08:47:08+08:00
嘉定·真如(南)	咏(詠)	[空]	ion3(Øioŋ⁴⁴)	true	ion3	暂无	自旧档汇入	2023-07-05T08:47:08+08:00
嘉定·真如(南)	倾(傾)	[空]	chien1(tɕʰiəŋ⁵³)	true	chien1	暂无	自旧档汇入	2023-07-05T08:47:08+08:00
嘉定·真如(南)	顷(頃)	[空]	chien3(tɕʰiəŋ⁴⁴)	true	chien3	暂无	自旧档汇入	2023-07-05T08:47:08+08:00
嘉定·真如(南)	顷(頃)	[空]	chien1(tɕʰiəŋ⁵³)	true	chien1	暂无	自旧档汇入	2023-07-05T08:47:08+08:00
嘉定·真如(南)	琼(瓊)	[空]	jien2(dʑiəŋ²²)	true	jien2	暂无	自旧档汇入	2023-07-05T08:47:08+08:00
嘉定·真如(南)	营(營)	[空]	yen2(ɦiəŋ²²)	true	yen2	暂无	自旧档汇入	2023-07-05T08:47:08+08:00
嘉定·真如(南)	疫(疫)	[空]	yoq8(ɦioʔ²³)	true	yoq8	暂无	自旧档汇入	2023-07-05T08:47:08+08:00
嘉定·真如(南)	役(役)	[空]	yoq8(ɦioʔ²³)	true	yoq8	暂无	自旧档汇入	2023-07-05T08:47:08+08:00
嘉定·真如(南)	萤(螢)	[空]	yen2(ɦiəŋ²²)	true	yen2	暂无	自旧档汇入	2023-07-05T08:47:08+08:00
嘉定·真如(南)	篷(篷)	[空]	bon2(boŋ²²)	true	bon2	暂无	自旧档汇入	2023-07-05T08:47:08+08:00
嘉定·真如(南)	蓬(蓬)	[空]	bon2(boŋ²²)	true	bon2	暂无	自旧档汇入	2023-07-05T08:47:08+08:00
嘉定·真如(南)	蒙(蒙)	[空]	mon2(moŋ²²)	true	mon2	暂无	自旧档汇入	2023-07-05T08:47:08+08:00
嘉定·真如(南)	东(東)	[空]	ton1(ɗoŋ⁵³)	true	ton1	暂无	自旧档汇入	2023-07-05T08:47:08+08:00
嘉定·真如(南)	董(董)	[空]	ton3(ɗoŋ⁴⁴)	true	ton3	暂无	自旧档汇入	2023-07-05T08:47:08+08:00
嘉定·真如(南)	懂(懂)	[空]	ton3(ɗoŋ⁴⁴)	true	ton3	暂无	自旧档汇入	2023-07-05T08:47:08+08:00
嘉定·真如(南)	冻(凍)	[空]	ton5(ɗoŋ³⁵)	true	ton5	暂无	自旧档汇入	2023-07-05T08:47:08+08:00
嘉定·真如(南)	栋(棟)	[空]	ton5(ɗoŋ³⁵)	true	ton5	暂无	自旧档汇入	2023-07-05T08:47:08+08:00
嘉定·真如(南)	通(通)	[空]	thon1(tʰoŋ⁵³)	true	thon1	暂无	自旧档汇入	2023-07-05T08:47:08+08:00
嘉定·真如(南)	桶(桶)	[空]	don6(doŋ¹³)	true	don6	暂无	自旧档汇入	2023-07-05T08:47:08+08:00
嘉定·真如(南)	痛(痛)	[空]	thon5(tʰoŋ³⁵)	true	thon5	暂无	自旧档汇入	2023-07-05T08:47:08+08:00
嘉定·真如(南)	同(同)	[空]	don2(doŋ²²)	true	don2	暂无	自旧档汇入	2023-07-05T08:47:08+08:00
嘉定·真如(南)	铜(銅)	[空]	don2(doŋ²²)	true	don2	暂无	自旧档汇入	2023-07-05T08:47:08+08:00
嘉定·真如(南)	童(童)	[空]	don2(doŋ²²)	true	don2	暂无	自旧档汇入	2023-07-05T08:47:08+08:00
嘉定·真如(南)	动(動)	[空]	don6(doŋ¹³)	true	don6	暂无	自旧档汇入	2023-07-05T08:47:08+08:00
嘉定·真如(南)	洞(洞)	[空]	don6(doŋ¹³)	true	don6	暂无	自旧档汇入	2023-07-05T08:47:08+08:00
嘉定·真如(南)	笼(籠)	[空]	lon2(loŋ²²)	true	lon2	暂无	自旧档汇入	2023-07-05T08:47:08+08:00
嘉定·真如(南)	聋(聾)	[空]	lon2(loŋ²²)	true	lon2	暂无	自旧档汇入	2023-07-05T08:47:08+08:00
嘉定·真如(南)	拢(攏)	[空]	lon6(loŋ¹³)	true	lon6	暂无	自旧档汇入	2023-07-05T08:47:08+08:00
嘉定·真如(南)	弄(弄)	[空]	lon6(loŋ¹³)	true	lon6	暂无	自旧档汇入	2023-07-05T08:47:08+08:00
嘉定·真如(南)	总(總)	[空]	tson3(tsoŋ⁴⁴)	true	tson3	暂无	自旧档汇入	2023-07-05T08:47:08+08:00
嘉定·真如(南)	粽(粽)	[空]	tson5(tsoŋ³⁵)	true	tson5	暂无	自旧档汇入	2023-07-05T08:47:08+08:00
嘉定·真如(南)	聪(聰)	[空]	tshon1(tsʰoŋ⁵³)	true	tshon1	暂无	自旧档汇入	2023-07-05T08:47:08+08:00
嘉定·真如(南)	葱(蔥)	[空]	tshon1(tsʰoŋ⁵³)	true	tshon1	暂无	自旧档汇入	2023-07-05T08:47:08+08:00
嘉定·真如(南)	囱(囪)	[空]	tshon1(tsʰoŋ⁵³)	true	tshon1	暂无	自旧档汇入	2023-07-05T08:47:08+08:00
嘉定·真如(南)	丛(叢)	[空]	zon2(zoŋ²²)	true	zon2	暂无	自旧档汇入	2023-07-05T08:47:08+08:00
嘉定·真如(南)	送(送)	[空]	son5(soŋ³⁵)	true	son5	暂无	自旧档汇入	2023-07-05T08:47:08+08:00
嘉定·真如(南)	公(公)	[空]	kon1(koŋ⁵³)	true	kon1	暂无	自旧档汇入	2023-07-05T08:47:08+08:00
嘉定·真如(南)	工(工)	[空]	kon1(koŋ⁵³)	true	kon1	暂无	自旧档汇入	2023-07-05T08:47:08+08:00
嘉定·真如(南)	功(功)	[空]	kon1(koŋ⁵³)	true	kon1	暂无	自旧档汇入	2023-07-05T08:47:08+08:00
嘉定·真如(南)	攻(攻)	[空]	kon1(koŋ⁵³)	true	kon1	暂无	自旧档汇入	2023-07-05T08:47:08+08:00
嘉定·真如(南)	贡(貢)	[空]	kon5(koŋ³⁵)	true	kon5	暂无	自旧档汇入	2023-07-05T08:47:08+08:00
嘉定·真如(南)	空(空)	[空]	khon1(kʰoŋ⁵³)	true	khon1	暂无	自旧档汇入	2023-07-05T08:47:08+08:00
嘉定·真如(南)	孔(孔)	[空]	khon3(kʰoŋ⁴⁴)	true	khon3	暂无	自旧档汇入	2023-07-05T08:47:08+08:00
嘉定·真如(南)	控(控)	[空]	khon5(kʰoŋ³⁵)	true	khon5	暂无	自旧档汇入	2023-07-05T08:47:08+08:00
嘉定·真如(南)	空(空)	[空]	khon5(kʰoŋ³⁵)	true	khon5	暂无	自旧档汇入	2023-07-05T08:47:08+08:00
嘉定·真如(南)	烘(烘)	[空]	hon1(hoŋ⁵³)	true	hon1	暂无	自旧档汇入	2023-07-05T08:47:08+08:00
嘉定·真如(南)	哄(哄)	[空]	hon1(hoŋ⁵³)	true	hon1	暂无	自旧档汇入	2023-07-05T08:47:08+08:00
嘉定·真如(南)	哄(哄)	[空]	hon3(hoŋ⁴⁴)	true	hon3	暂无	自旧档汇入	2023-07-05T08:47:08+08:00
嘉定·真如(南)	哄(哄)	[空]	hon5(hoŋ³⁵)	true	hon5	暂无	自旧档汇入	2023-07-05T08:47:08+08:00
嘉定·真如(南)	蕻(蕻)	雪里~	hon5(hoŋ³⁵)	true	hon5	暂无	自旧档汇入	2023-07-05T08:47:08+08:00
嘉定·真如(南)	红(紅)	[空]	ghon2(ɦoŋ²²)	true	ghon2	暂无	自旧档汇入	2023-07-05T08:47:08+08:00
嘉定·真如(南)	洪(洪)	[空]	ghon2(ɦoŋ²²)	true	ghon2	暂无	自旧档汇入	2023-07-05T08:47:08+08:00
嘉定·真如(南)	鸿(鴻)	[空]	ghon2(ɦoŋ²²)	true	ghon2	暂无	自旧档汇入	2023-07-05T08:47:08+08:00
嘉定·真如(南)	虹(虹)	[空]	ghon2(ɦoŋ²²)	true	ghon2	暂无	自旧档汇入	2023-07-05T08:47:08+08:00
嘉定·真如(南)	翁(翁)	[空]	on1(Øoŋ⁵³)	true	on1	暂无	自旧档汇入	2023-07-05T08:47:08+08:00
嘉定·真如(南)	扑(撲)	[空]	phoq7(pʰoʔ⁵)	true	phoq7	暂无	自旧档汇入	2023-07-05T08:47:08+08:00
嘉定·真如(南)	仆(僕)	[空]	phoq7(pʰoʔ⁵)	true	phoq7	暂无	自旧档汇入	2023-07-05T08:47:08+08:00
嘉定·真如(南)	木(木)	[空]	moq8(moʔ²³)	true	moq8	暂无	自旧档汇入	2023-07-05T08:47:08+08:00
嘉定·真如(南)	秃(禿)	[空]	thoq7(tʰoʔ⁵)	true	thoq7	暂无	自旧档汇入	2023-07-05T08:47:08+08:00
嘉定·真如(南)	独(獨)	[空]	doq8(doʔ²³)	true	doq8	暂无	自旧档汇入	2023-07-05T08:47:08+08:00
嘉定·真如(南)	读(讀)	[空]	doq8(doʔ²³)	true	doq8	暂无	自旧档汇入	2023-07-05T08:47:08+08:00
嘉定·真如(南)	鹿(鹿)	[空]	loq8(loʔ²³)	true	loq8	暂无	自旧档汇入	2023-07-05T08:47:08+08:00
嘉定·真如(南)	禄(祿)	[空]	loq8(loʔ²³)	true	loq8	暂无	自旧档汇入	2023-07-05T08:47:08+08:00
嘉定·真如(南)	族(族)	[空]	zoq8(zoʔ²³)	true	zoq8	暂无	自旧档汇入	2023-07-05T08:47:08+08:00
嘉定·真如(南)	速(速)	[空]	soq7(soʔ⁵)	true	soq7	暂无	自旧档汇入	2023-07-05T08:47:08+08:00
嘉定·真如(南)	谷(穀)	[空]	kuoq7(kuoʔ⁵)	true	kuoq7	暂无	自旧档汇入	2023-07-05T08:47:08+08:00
嘉定·真如(南)	哭(哭)	[空]	khoq7(kʰoʔ⁵)	true	khoq7	暂无	自旧档汇入	2023-07-05T08:47:08+08:00
嘉定·真如(南)	屋(屋)	[空]	oq7(Øoʔ⁵)	true	oq7	暂无	自旧档汇入	2023-07-05T08:47:08+08:00
嘉定·真如(南)	冬(冬)	[空]	ton1(ɗoŋ⁵³)	true	ton1	暂无	自旧档汇入	2023-07-05T08:47:08+08:00
嘉定·真如(南)	统(統)	[空]	thon3(tʰoŋ⁴⁴)	true	thon3	暂无	自旧档汇入	2023-07-05T08:47:08+08:00
嘉定·真如(南)	农(農)	[空]	non2(noŋ²²)	true	non2	暂无	自旧档汇入	2023-07-05T08:47:08+08:00
嘉定·真如(南)	脓(膿)	[空]	non2(noŋ²²)	true	non2	暂无	自旧档汇入	2023-07-05T08:47:08+08:00
嘉定·真如(南)	宗(宗)	[空]	tson1(tsoŋ⁵³)	true	tson1	暂无	自旧档汇入	2023-07-05T08:47:08+08:00
嘉定·真如(南)	综(綜)	[空]	tson1(tsoŋ⁵³)	true	tson1	暂无	自旧档汇入	2023-07-05T08:47:08+08:00
嘉定·真如(南)	松(松)	[空]	son1(soŋ⁵³)	true	son1	暂无	自旧档汇入	2023-07-05T08:47:08+08:00
嘉定·真如(南)	松(鬆)	[空]	son1(soŋ⁵³)	true	son1	暂无	自旧档汇入	2023-07-05T08:47:08+08:00
嘉定·真如(南)	宋(宋)	[空]	son5(soŋ³⁵)	true	son5	暂无	自旧档汇入	2023-07-05T08:47:08+08:00
嘉定·真如(南)	督(督)	[空]	toq7(ɗoʔ⁵)	true	toq7	暂无	自旧档汇入	2023-07-05T08:47:08+08:00
嘉定·真如(南)	笃(篤)	避女阴之讳	taoq7(ɗɔʔ⁵)	true	taoq7	暂无	自旧档汇入	2023-07-05T08:47:08+08:00
嘉定·真如(南)	毒(毒)	[空]	doq8(doʔ²³)	true	doq8	暂无	自旧档汇入	2023-07-05T08:47:08+08:00
嘉定·真如(南)	酷(酷)	[空]	khoq7(kʰoʔ⁵)	true	khoq7	暂无	自旧档汇入	2023-07-05T08:47:08+08:00
嘉定·真如(南)	风(風)	[空]	hon1(hoŋ⁵³)	true	hon1	暂无	自旧档汇入	2023-07-05T08:47:08+08:00
嘉定·真如(南)	疯(瘋)	[空]	hon1(hoŋ⁵³)	true	hon1	暂无	自旧档汇入	2023-07-05T08:47:08+08:00
嘉定·真如(南)	讽(諷)	[空]	hon1(hoŋ⁵³)	true	hon1	暂无	自旧档汇入	2023-07-05T08:47:08+08:00
嘉定·真如(南)	丰(豐)	[空]	hon1(hoŋ⁵³)	true	hon1	暂无	自旧档汇入	2023-07-05T08:47:08+08:00
嘉定·真如(南)	冯(馮)	[空]	ghon2(ɦoŋ²²)	true	ghon2	暂无	自旧档汇入	2023-07-05T08:47:08+08:00
嘉定·真如(南)	凤(鳳)	[空]	ghon6(ɦoŋ¹³)	true	ghon6	暂无	自旧档汇入	2023-07-05T08:47:08+08:00
嘉定·真如(南)	梦(夢)	[空]	maon6(mɑ̃¹³)	true	maon6	暂无	自旧档汇入	2023-07-05T08:47:08+08:00
嘉定·真如(南)	隆(隆)	[空]	lon2(loŋ²²)	true	lon2	暂无	自旧档汇入	2023-07-05T08:47:08+08:00
嘉定·真如(南)	中(中)	当~	tson1(tsoŋ⁵³)	true	tson1	暂无	自旧档汇入	2023-07-05T08:47:08+08:00
嘉定·真如(南)	中(中)	射~	tson5(tsoŋ³⁵)	true	tson5	暂无	自旧档汇入	2023-07-05T08:47:08+08:00
嘉定·真如(南)	忠(忠)	[空]	tson1(tsoŋ⁵³)	true	tson1	暂无	自旧档汇入	2023-07-05T08:47:08+08:00
嘉定·真如(南)	虫(蟲)	[空]	zon2(zoŋ²²)	true	zon2	暂无	自旧档汇入	2023-07-05T08:47:08+08:00
嘉定·真如(南)	仲(仲)	[空]	zon6(zoŋ¹³)	true	zon6	暂无	自旧档汇入	2023-07-05T08:47:08+08:00
嘉定·真如(南)	崇(崇)	[空]	zon2(zoŋ²²)	true	zon2	暂无	自旧档汇入	2023-07-05T08:47:08+08:00
嘉定·真如(南)	终(終)	[空]	tson1(tsoŋ⁵³)	true	tson1	暂无	自旧档汇入	2023-07-05T08:47:08+08:00
嘉定·真如(南)	众(眾)	[空]	tson5(tsoŋ³⁵)	true	tson5	暂无	自旧档汇入	2023-07-05T08:47:08+08:00
嘉定·真如(南)	充(充)	[空]	tshon1(tsʰoŋ⁵³)	true	tshon1	暂无	自旧档汇入	2023-07-05T08:47:08+08:00
嘉定·真如(南)	绒(絨)	[空]	gnion2(ȵioŋ²²)	true	gnion2	暂无	自旧档汇入	2023-07-05T08:47:08+08:00
嘉定·真如(南)	弓(弓)	[空]	kon1(koŋ⁵³)	true	kon1	暂无	自旧档汇入	2023-07-05T08:47:08+08:00
嘉定·真如(南)	躬(躬)	[空]	kon1(koŋ⁵³)	true	kon1	暂无	自旧档汇入	2023-07-05T08:47:08+08:00
嘉定·真如(南)	宫(宮)	[空]	kon1(koŋ⁵³)	true	kon1	暂无	自旧档汇入	2023-07-05T08:47:08+08:00
嘉定·真如(南)	穷(窮)	[空]	jion2(dʑioŋ²²)	true	jion2	暂无	自旧档汇入	2023-07-05T08:47:08+08:00
嘉定·真如(南)	熊(熊)	[空]	yon2(ɦioŋ²²)	true	yon2	暂无	自旧档汇入	2023-07-05T08:47:08+08:00
嘉定·真如(南)	雄(雄)	[空]	yon2(ɦioŋ²²)	true	yon2	暂无	自旧档汇入	2023-07-05T08:47:08+08:00
嘉定·真如(南)	福(福)	[空]	hoq7(hoʔ⁵)	true	hoq7	暂无	自旧档汇入	2023-07-05T08:47:08+08:00
嘉定·真如(南)	复(復)	恢~	ghoq8(ɦoʔ²³)	true	ghoq8	暂无	自旧档汇入	2023-07-05T08:47:08+08:00
嘉定·真如(南)	复(複)	~杂；重~	hoq7(hoʔ⁵)	true	hoq7	暂无	自旧档汇入	2023-07-05T08:47:08+08:00
嘉定·真如(南)	腹(腹)	[空]	hoq7(hoʔ⁵)	true	hoq7	暂无	自旧档汇入	2023-07-05T08:47:08+08:00
嘉定·真如(南)	覆(覆)	[空]	hoq7(hoʔ⁵)	true	hoq7	暂无	自旧档汇入	2023-07-05T08:47:08+08:00
嘉定·真如(南)	覆(覆)	[空]	phoq7(pʰoʔ⁵)	true	phoq7	暂无	自旧档汇入	2023-07-05T08:47:08+08:00
嘉定·真如(南)	服(服)	[空]	ghoq8(ɦoʔ²³)	true	ghoq8	暂无	自旧档汇入	2023-07-05T08:47:08+08:00
嘉定·真如(南)	伏(伏)	[空]	ghoq8(ɦoʔ²³)	true	ghoq8	暂无	自旧档汇入	2023-07-05T08:47:08+08:00
嘉定·真如(南)	目(目)	[空]	moq8(moʔ²³)	true	moq8	暂无	自旧档汇入	2023-07-05T08:47:08+08:00
嘉定·真如(南)	牧(牧)	[空]	moq8(moʔ²³)	true	moq8	暂无	自旧档汇入	2023-07-05T08:47:08+08:00
嘉定·真如(南)	六(六)	[空]	loq8(loʔ²³)	true	loq8	暂无	自旧档汇入	2023-07-05T08:47:08+08:00
嘉定·真如(南)	陆(陸)	[空]	loq8(loʔ²³)	true	loq8	暂无	自旧档汇入	2023-07-05T08:47:08+08:00
嘉定·真如(南)	肃(肅)	[空]	soq7(soʔ⁵)	true	soq7	暂无	自旧档汇入	2023-07-05T08:47:08+08:00
嘉定·真如(南)	宿(宿)	[空]	soq7(soʔ⁵)	true	soq7	暂无	自旧档汇入	2023-07-05T08:47:08+08:00
嘉定·真如(南)	竹(竹)	[空]	tsoq7(tsoʔ⁵)	true	tsoq7	暂无	自旧档汇入	2023-07-05T08:47:08+08:00
嘉定·真如(南)	筑(築)	[空]	tsoq7(tsoʔ⁵)	true	tsoq7	暂无	自旧档汇入	2023-07-05T08:47:08+08:00
嘉定·真如(南)	畜(畜)	~牲	tshoq7(tsʰoʔ⁵)	true	tshoq7	暂无	自旧档汇入	2023-07-05T08:47:08+08:00
嘉定·真如(南)	逐(逐)	[空]	zoq8(zoʔ²³)	true	zoq8	暂无	自旧档汇入	2023-07-05T08:47:08+08:00
嘉定·真如(南)	轴(軸)	[空]	jioq8(dʑioʔ²³)	true	jioq8	暂无	自旧档汇入	2023-07-05T08:47:08+08:00
嘉定·真如(南)	缩(縮)	[空]	soq7(soʔ⁵)	true	soq7	暂无	自旧档汇入	2023-07-05T08:47:08+08:00
嘉定·真如(南)	祝(祝)	[空]	tsoq7(tsoʔ⁵)	true	tsoq7	暂无	自旧档汇入	2023-07-05T08:47:08+08:00
嘉定·真如(南)	粥(粥)	[空]	tsoq7(tsoʔ⁵)	true	tsoq7	暂无	自旧档汇入	2023-07-05T08:47:08+08:00
嘉定·真如(南)	叔(叔)	[空]	soq7(soʔ⁵)	true	soq7	暂无	自旧档汇入	2023-07-05T08:47:08+08:00
嘉定·真如(南)	熟(熟)	[空]	zoq8(zoʔ²³)	true	zoq8	暂无	自旧档汇入	2023-07-05T08:47:08+08:00
嘉定·真如(南)	肉(肉)	[空]	gnioq8(ȵioʔ²³)	true	gnioq8	暂无	自旧档汇入	2023-07-05T08:47:08+08:00
嘉定·真如(南)	菊(菊)	[空]	cioq7(tɕioʔ⁵)	true	cioq7	暂无	自旧档汇入	2023-07-05T08:47:08+08:00
嘉定·真如(南)	曲(麴)	[空]	chioq7(tɕʰioʔ⁵)	true	chioq7	暂无	自旧档汇入	2023-07-05T08:47:08+08:00
嘉定·真如(南)	畜(畜)	~牧业	shioq7(ɕioʔ⁵)	true	shioq7	暂无	自旧档汇入	2023-07-05T08:47:08+08:00
嘉定·真如(南)	蓄(蓄)	[空]	shioq7(ɕioʔ⁵)	true	shioq7	暂无	自旧档汇入	2023-07-05T08:47:08+08:00
嘉定·真如(南)	育(育)	[空]	yoq8(ɦioʔ²³)	true	yoq8	暂无	自旧档汇入	2023-07-05T08:47:08+08:00
嘉定·真如(南)	封(封)	[空]	hon1(hoŋ⁵³)	true	hon1	暂无	自旧档汇入	2023-07-05T08:47:08+08:00
嘉定·真如(南)	峰(峰)	[空]	hon1(hoŋ⁵³)	true	hon1	暂无	自旧档汇入	2023-07-05T08:47:08+08:00
嘉定·真如(南)	锋(鋒)	[空]	hon1(hoŋ⁵³)	true	hon1	暂无	自旧档汇入	2023-07-05T08:47:08+08:00
嘉定·真如(南)	蜂(蜂)	[空]	hon1(hoŋ⁵³)	true	hon1	暂无	自旧档汇入	2023-07-05T08:47:08+08:00
嘉定·真如(南)	捧(捧)	[空]	phon3(pʰoŋ⁴⁴)	true	phon3	暂无	自旧档汇入	2023-07-05T08:47:08+08:00
嘉定·真如(南)	逢(逢)	[空]	ghon2(ɦoŋ²²)	true	ghon2	暂无	自旧档汇入	2023-07-05T08:47:08+08:00
嘉定·真如(南)	缝(縫)	[空]	ghon2(ɦoŋ²²)	true	ghon2	暂无	自旧档汇入	2023-07-05T08:47:08+08:00
嘉定·真如(南)	奉(奉)	[空]	ghon6(ɦoŋ¹³)	true	ghon6	暂无	自旧档汇入	2023-07-05T08:47:08+08:00
嘉定·真如(南)	浓(濃)	[空]	gnion2(ȵioŋ²²)	true	gnion2	暂无	自旧档汇入	2023-07-05T08:47:08+08:00
嘉定·真如(南)	龙(龍)	[空]	lon2(loŋ²²)	true	lon2	暂无	自旧档汇入	2023-07-05T08:47:08+08:00
嘉定·真如(南)	踪(踪)	[空]	tson1(tsoŋ⁵³)	true	tson1	暂无	自旧档汇入	2023-07-05T08:47:08+08:00
嘉定·真如(南)	纵(縱)	[空]	tson5(tsoŋ³⁵)	true	tson5	暂无	自旧档汇入	2023-07-05T08:47:08+08:00
嘉定·真如(南)	从(從)	[空]	zon2(zoŋ²²)	true	zon2	暂无	自旧档汇入	2023-07-05T08:47:08+08:00
嘉定·真如(南)	松(松)	[空]	son1(soŋ⁵³)	true	son1	暂无	自旧档汇入	2023-07-05T08:47:08+08:00
嘉定·真如(南)	诵(誦)	[空]	zon6(zoŋ¹³)	true	zon6	暂无	自旧档汇入	2023-07-05T08:47:08+08:00
嘉定·真如(南)	颂(頌)	[空]	zon6(zoŋ¹³)	true	zon6	暂无	自旧档汇入	2023-07-05T08:47:08+08:00
嘉定·真如(南)	讼(訟)	[空]	zon6(zoŋ¹³)	true	zon6	暂无	自旧档汇入	2023-07-05T08:47:08+08:00
嘉定·真如(南)	宠(寵)	[空]	tshon1(tsʰoŋ⁵³)	true	tshon1	暂无	自旧档汇入	2023-07-05T08:47:08+08:00
嘉定·真如(南)	宠(寵)	[空]	tshon3(tsʰoŋ⁴⁴)	true	tshon3	暂无	自旧档汇入	2023-07-05T08:47:08+08:00
嘉定·真如(南)	重(重)	~量。	zon6(zoŋ¹³)	true	zon6	暂无	自旧档汇入	2023-07-05T08:47:08+08:00
嘉定·真如(南)	重(重)	~复。	zon2(zoŋ²²)	true	zon2	暂无	自旧档汇入	2023-07-05T08:47:08+08:00
嘉定·真如(南)	钟(鐘)	[空]	tson1(tsoŋ⁵³)	true	tson1	暂无	自旧档汇入	2023-07-05T08:47:08+08:00
嘉定·真如(南)	种(種)	[空]	tson5(tsoŋ³⁵)	true	tson5	暂无	自旧档汇入	2023-07-05T08:47:08+08:00
嘉定·真如(南)	肿(腫)	[空]	tson3(tsoŋ⁴⁴)	true	tson3	暂无	自旧档汇入	2023-07-05T08:47:08+08:00
嘉定·真如(南)	种(種)	[空]	tson5(tsoŋ³⁵)	true	tson5	暂无	自旧档汇入	2023-07-05T08:47:08+08:00
嘉定·真如(南)	冲(衝)	[空]	tshon1(tsʰoŋ⁵³)	true	tshon1	暂无	自旧档汇入	2023-07-05T08:47:08+08:00
嘉定·真如(南)	冲(衝)	[空]	tshon5(tsʰoŋ³⁵)	true	tshon5	暂无	自旧档汇入	2023-07-05T08:47:08+08:00
嘉定·真如(南)	舂(舂)	[空]	tshen1(tsʰəŋ⁵³)	true	tshen1	暂无	自旧档汇入	2023-07-05T08:47:08+08:00
嘉定·真如(南)	供(供)	[空]	kon1(koŋ⁵³)	true	kon1	暂无	自旧档汇入	2023-07-05T08:47:08+08:00
嘉定·真如(南)	拱(拱)	[空]	kon3(koŋ⁴⁴)	true	kon3	暂无	自旧档汇入	2023-07-05T08:47:08+08:00
嘉定·真如(南)	拱(拱)	[空]	kon1(koŋ⁵³)	true	kon1	暂无	自旧档汇入	2023-07-05T08:47:08+08:00
嘉定·真如(南)	巩(鞏)	[空]	kon3(koŋ⁴⁴)	true	kon3	暂无	自旧档汇入	2023-07-05T08:47:08+08:00
嘉定·真如(南)	恐(恐)	[空]	khon3(kʰoŋ⁴⁴)	true	khon3	暂无	自旧档汇入	2023-07-05T08:47:08+08:00
嘉定·真如(南)	共(共)	[空]	gon6(ɡoŋ¹³)	true	gon6	暂无	自旧档汇入	2023-07-05T08:47:08+08:00
嘉定·真如(南)	凶(兇)	[空]	shion1(ɕioŋ⁵³)	true	shion1	暂无	自旧档汇入	2023-07-05T08:47:08+08:00
嘉定·真如(南)	胸(胸)	[空]	shion1(ɕioŋ⁵³)	true	shion1	暂无	自旧档汇入	2023-07-05T08:47:08+08:00
嘉定·真如(南)	拥(擁)	[空]	ion3(Øioŋ⁴⁴)	true	ion3	暂无	自旧档汇入	2023-07-05T08:47:08+08:00
嘉定·真如(南)	容(容)	[空]	yon2(ɦioŋ²²)	true	yon2	暂无	自旧档汇入	2023-07-05T08:47:08+08:00
嘉定·真如(南)	勇(勇)	[空]	ion3(Øioŋ⁴⁴)	true	ion3	暂无	自旧档汇入	2023-07-05T08:47:08+08:00
嘉定·真如(南)	涌(湧)	[空]	ion3(Øioŋ⁴⁴)	true	ion3	暂无	自旧档汇入	2023-07-05T08:47:08+08:00
嘉定·真如(南)	用(用)	[空]	yon6(ɦioŋ¹³)	true	yon6	暂无	自旧档汇入	2023-07-05T08:47:08+08:00
嘉定·真如(南)	绿(綠)	[空]	loq8(loʔ²³)	true	loq8	暂无	自旧档汇入	2023-07-05T08:47:08+08:00
嘉定·真如(南)	录(錄)	[空]	loq8(loʔ²³)	true	loq8	暂无	自旧档汇入	2023-07-05T08:47:08+08:00
嘉定·真如(南)	足(足)	[空]	tsoq7(tsoʔ⁵)	true	tsoq7	暂无	自旧档汇入	2023-07-05T08:47:08+08:00
嘉定·真如(南)	促(促)	[空]	tshoq7(tsʰoʔ⁵)	true	tshoq7	暂无	自旧档汇入	2023-07-05T08:47:08+08:00
嘉定·真如(南)	粟(粟)	[空]	soq7(soʔ⁵)	true	soq7	暂无	自旧档汇入	2023-07-05T08:47:08+08:00
嘉定·真如(南)	俗(俗)	[空]	zoq8(zoʔ²³)	true	zoq8	暂无	自旧档汇入	2023-07-05T08:47:08+08:00
嘉定·真如(南)	续(續)	[空]	zoq8(zoʔ²³)	true	zoq8	暂无	自旧档汇入	2023-07-05T08:47:08+08:00
嘉定·真如(南)	烛(燭)	[空]	tsoq7(tsoʔ⁵)	true	tsoq7	暂无	自旧档汇入	2023-07-05T08:47:08+08:00
嘉定·真如(南)	嘱(囑)	[空]	tsoq7(tsoʔ⁵)	true	tsoq7	暂无	自旧档汇入	2023-07-05T08:47:08+08:00
嘉定·真如(南)	触(觸)	[空]	tshoq7(tsʰoʔ⁵)	true	tshoq7	暂无	自旧档汇入	2023-07-05T08:47:08+08:00
嘉定·真如(南)	赎(贖)	[空]	zoq8(zoʔ²³)	true	zoq8	暂无	自旧档汇入	2023-07-05T08:47:08+08:00
嘉定·真如(南)	束(束)	[空]	soq7(soʔ⁵)	true	soq7	暂无	自旧档汇入	2023-07-05T08:47:08+08:00
嘉定·真如(南)	属(屬)	[空]	zoq8(zoʔ²³)	true	zoq8	暂无	自旧档汇入	2023-07-05T08:47:08+08:00
嘉定·真如(南)	辱(辱)	[空]	zoq8(zoʔ²³)	true	zoq8	暂无	自旧档汇入	2023-07-05T08:47:08+08:00
嘉定·真如(南)	褥(褥)	[空]	gnioq8(ȵioʔ²³)	true	gnioq8	暂无	自旧档汇入	2023-07-05T08:47:08+08:00
嘉定·真如(南)	曲(曲)	[空]	chioq7(tɕʰioʔ⁵)	true	chioq7	暂无	自旧档汇入	2023-07-05T08:47:08+08:00
嘉定·真如(南)	局(局)	[空]	jioq8(dʑioʔ²³)	true	jioq8	暂无	自旧档汇入	2023-07-05T08:47:08+08:00
嘉定·真如(南)	玉(玉)	[空]	gnioq8(ȵioʔ²³)	true	gnioq8	暂无	自旧档汇入	2023-07-05T08:47:08+08:00
嘉定·真如(南)	狱(獄)	[空]	gnioq8(ȵioʔ²³)	true	gnioq8	暂无	自旧档汇入	2023-07-05T08:47:08+08:00
嘉定·真如(南)	欲(欲)	[空]	yoq8(ɦioʔ²³)	true	yoq8	暂无	自旧档汇入	2023-07-05T08:47:08+08:00
嘉定·真如(南)	浴(浴)	[空]	yoq8(ɦioʔ²³)	true	yoq8	暂无	自旧档汇入	2023-07-05T08:47:08+08:00
嘉定·真如(南)	翟(翟)	[空]	zaeq8(zæʔ²³)	true	zaeq8	暂无	自旧档汇入	2023-07-05T08:47:08+08:00
嘉定·真如(南)	翟(翟)	北~路（北新泾-诸翟）	diq8(dɪʔ²³)	true	diq8	暂无	自旧档汇入	2023-07-05T08:47:08+08:00
嘉定·真如(南)	翟(翟)	训作“堤”，诸~镇	di2(di²²)	true	di2	暂无	自旧档汇入	2023-07-05T08:47:08+08:00
嘉定·真如(南)	号(號)	~叫	ghau2(ɦɔ²²)	true	ghau2	暂无	自旧档汇入	2023-07-05T08:47:08+08:00
嘉定·真如(南)	郁(郁)	姓氏	ioq7(Øioʔ⁵)	true	ioq7	暂无	自旧档汇入	2023-07-05T08:47:08+08:00
嘉定·真如(南)	郁(鬱)	~闷	ioeq7(Øyœʔ⁵)	true	ioeq7	暂无	自旧档汇入	2023-07-05T08:47:08+08:00
嘉定·真如(南)	傍(傍)	[空]	baon6(bɑ̃¹³)	true	baon6	暂无	自旧档汇入	2023-07-05T08:47:08+08:00
嘉定·真如(南)	浜(浜)	[空]	pan1(ɓã⁵³)	true	pan1	暂无	自旧档汇入	2023-07-05T08:47:08+08:00
嘉定·真如(南)	荡(蕩)	[空]	daon6(dɑ̃¹³)	true	daon6	暂无	自旧档汇入	2023-07-05T08:47:08+08:00
嘉定·真如(南)	忒(忒)	[空]	theq7(tʰəʔ⁵)	true	theq7	暂无	自旧档汇入	2023-07-05T08:47:08+08:00
嘉定·真如(南)	卜(蔔)	[空]	boq8(boʔ²³)	true	boq8	暂无	自旧档汇入	2023-07-05T08:47:08+08:00
嘉定·真如(南)	伲(伲)	[空]	gni2(ȵi²²)	true	gni2	暂无	自旧档汇入	2023-07-05T08:47:08+08:00
嘉定·真如(南)	㑚(㑚)	[空]	na6(na¹³)	true	na6	暂无	自旧档汇入	2023-07-05T08:47:08+08:00
嘉定·真如(南)	侬(儂)	[空]	non2(noŋ²²)	true	non2	暂无	自旧档汇入	2023-07-05T08:47:08+08:00
嘉定·真如(南)	伏(伏)	~日旺	bu2(bu²²)	true	bu2	暂无	自旧档汇入	2023-07-05T08:47:08+08:00
嘉定·真如(南)	伏(伏)	平~	boq8(boʔ²³)	true	boq8	暂无	自旧档汇入	2023-07-05T08:47:08+08:00
嘉定·真如(南)	华(華)	龙~镇；法~镇	huo1(huo⁵³)	true	huo1	暂无	自旧档汇入	2023-07-05T08:47:08+08:00
嘉定·真如(南)	蛮(蠻)	副词，~好	mae1(mɛ⁵³)	true	mae1	暂无	自旧档汇入	2023-07-05T08:47:08+08:00
嘉定·真如(南)	河(河)	[空]	vu2(βu²²)	true	vu2	暂无	自旧档汇入	2023-07-05T08:47:08+08:00
嘉定·真如(南)	俸(俸)	[空]	hon5(hoŋ³⁵)	true	hon5	暂无	自旧档汇入	2023-07-05T08:47:08+08:00
嘉定·真如(南)	戏(戲)	[空]	shi5(ɕi³⁵)	true	shi5	暂无	自旧档汇入	2023-07-05T08:47:08+08:00
嘉定·真如(南)	爿(爿)	[空]	bae2(bɛ²²)	true	bae2	暂无	自旧档汇入	2023-07-05T08:47:08+08:00
嘉定·真如(南)	蒿(蒿)	[空]	hau1(hɔ⁵³)	true	hau1	暂无	自旧档汇入	2023-07-05T08:47:08+08:00
嘉定·真如(南)	㞘(㞘)	女阴	toq7(ɗoʔ⁵)	true	toq7	暂无	自旧档汇入	2023-07-05T08:47:08+08:00
嘉定·真如(南)	屄(屄)	[空]	pi1(ɓi⁵³)	true	pi1	暂无	自旧档汇入	2023-07-05T08:47:08+08:00
嘉定·真如(南)	啥(啥)	[空]	sa5(sa³⁵)	true	sa5	暂无	自旧档汇入	2023-07-05T08:47:08+08:00
嘉定·真如(南)	啥(啥)	[俗]~人	ha5(ha³⁵)	true	ha5	暂无	自旧档汇入	2023-07-05T08:47:08+08:00
嘉定·真如(南)	骱(骱)	关节	ga6(ɡa¹³)	true	ga6	暂无	自旧档汇入	2023-07-05T08:47:08+08:00
嘉定·真如(南)	也(也)	[文]	ya6(ɦia¹³)	true	ya6	暂无	自旧档汇入	2023-07-05T08:47:08+08:00
嘉定·真如(南)	也(也)	[白]	gha6(ɦa¹³)	true	gha6	暂无	自旧档汇入	2023-07-05T08:47:08+08:00
嘉定·真如(南)	齑(齏)	[空]	tsi1(tsi⁵³)	true	tsi1	暂无	自旧档汇入	2023-07-05T08:47:08+08:00
嘉定·真如(南)	颬(颬)	[空]	ha1(ha⁵³)	true	ha1	暂无	自旧档汇入	2023-07-05T08:47:08+08:00
嘉定·真如(南)	哈(哈)	[空]	ha1(ha⁵³)	true	ha1	暂无	自旧档汇入	2023-07-05T08:47:08+08:00
嘉定·真如(南)	□(□)	割，划	ha1(ha⁵³)	true	ha1	暂无	自旧档汇入	2023-07-05T08:47:08+08:00
嘉定·真如(南)	罅(罅)	[空]	ha5(ha³⁵)	true	ha5	暂无	自旧档汇入	2023-07-05T08:47:08+08:00
嘉定·真如(南)	挠(撓)	[空]	nau2(nɔ²²)	true	nau2	暂无	自旧档汇入	2023-07-05T08:47:08+08:00
嘉定·真如(南)	那(那)	[文]	na1(na⁵³)	true	na1	暂无	自旧档汇入	2023-07-05T08:47:08+08:00
嘉定·真如(南)	啰(囉)	[空]	lu1(lu⁵³)	true	lu1	暂无	自旧档汇入	2023-07-05T08:47:08+08:00
嘉定·真如(南)	痞(痞)	[空]	phi3(pʰi⁴⁴)	true	phi3	暂无	自旧档汇入	2023-07-05T08:47:08+08:00
嘉定·真如(南)	趴(趴)	北方话俗字	pha1(pʰa⁵³)	true	pha1	暂无	自旧档汇入	2023-07-05T08:47:08+08:00
嘉定·真如(南)	攀(攀)	[空]	phae1(pʰɛ⁵³)	true	phae1	暂无	自旧档汇入	2023-07-05T08:47:08+08:00
嘉定·真如(南)	劗(劗)	[空]	tsae1(tsɛ⁵³)	true	tsae1	暂无	自旧档汇入	2023-07-05T08:47:08+08:00
嘉定·真如(南)	忏(懺)	[空]	tshae5(tsʰɛ³⁵)	true	tshae5	暂无	自旧档汇入	2023-07-05T08:47:08+08:00
嘉定·真如(南)	□(□)	语气词,表揣测	vau1(βɔ⁵³)	true	vau1	暂无	自旧档汇入	2023-07-05T08:47:08+08:00
嘉定·真如(南)	恶(惡)	粪便	u5(Øu³⁵)	true	u5	暂无	自旧档汇入	2023-07-05T08:47:08+08:00
嘉定·真如(南)	痢(痢)	粪便	li6(li¹³)	true	li6	暂无	自旧档汇入	2023-07-05T08:47:08+08:00
嘉定·真如(南)	拎(拎)	[空]	lin1(liŋ⁵³)	true	lin1	暂无	自旧档汇入	2023-07-05T08:47:08+08:00
嘉定·真如(南)	滂(滂)	[空]	phaon1(pʰɑ̃⁵³)	true	phaon1	暂无	自旧档汇入	2023-07-05T08:47:08+08:00
嘉定·真如(南)	□(□)	剩	thin5(tʰiŋ³⁵)	true	thin5	暂无	自旧档汇入	2023-07-05T08:47:08+08:00
嘉定·真如(南)	氽(氽)	[空]	then3(tʰəŋ⁴⁴)	true	then3	暂无	自旧档汇入	2023-07-05T08:47:08+08:00
嘉定·真如(南)	削(削)	[空]	siaeq7(siæʔ⁵)	true	siaeq7	暂无	自旧档汇入	2023-07-05T08:47:08+08:00
嘉定·真如(南)	犟(犟)	[空]	jian6(dʑiã¹³)	true	jian6	暂无	自旧档汇入	2023-07-05T08:47:08+08:00
嘉定·真如(南)	□(□)	掀开	hiq7(hɪʔ⁵)	true	hiq7	暂无	自旧档汇入	2023-07-05T08:47:08+08:00
嘉定·真如(南)	耸(聳)	[空]	son3(soŋ⁴⁴)	true	son3	暂无	自旧档汇入	2023-07-05T08:47:08+08:00
嘉定·真如(南)	匡(匡)	[空]	khuaon1(kʰuɑ̃⁵³)	true	khuaon1	暂无	自旧档汇入	2023-07-05T08:47:08+08:00
嘉定·真如(南)	橫(橫)	形容词,蛮横	uan1(Øuã⁵³)	true	uan1	暂无	自旧档汇入	2023-07-05T08:47:08+08:00
嘉定·真如(南)	□(□)	塞满	guaeq8(ɡuæʔ²³)	true	guaeq8	暂无	自旧档汇入	2023-07-05T08:47:08+08:00
嘉定·真如(南)	兴(興)	绍~	shien1(ɕiəŋ⁵³)	true	shien1	暂无	自旧档汇入	2023-07-05T08:47:08+08:00
嘉定·真如(南)	兴(興)	形容词,人多	shien5(ɕiəŋ³⁵)	true	shien5	暂无	自旧档汇入	2023-07-05T08:47:08+08:00
嘉定·真如(南)	擤(擤)	[空]	hen3(həŋ⁴⁴)	true	hen3	暂无	自旧档汇入	2023-07-05T08:47:08+08:00
嘉定·真如(南)	轿(轎)	[空]	jiau6(dʑiɔ¹³)	true	jiau6	暂无	自旧档汇入	2023-07-05T08:47:08+08:00
嘉定·真如(南)	□(□)	形容词,固执	gen6(ɡəŋ¹³)	true	gen6	暂无	自旧档汇入	2023-07-05T08:47:08+08:00
嘉定·真如(南)	闯(闖)	[空]	tshaon3(tsʰɑ̃⁴⁴)	true	tshaon3	暂无	自旧档汇入	2023-07-05T08:47:08+08:00
嘉定·真如(南)	𢳚(𢳚)	[空]	shiau1(ɕiɔ⁵³)	true	shiau1	暂无	自旧档汇入	2023-07-05T08:47:08+08:00
嘉定·真如(南)	箬(箬)	[空]	gniaeq8(ȵiæʔ²³)	true	gniaeq8	暂无	自旧档汇入	2023-07-05T08:47:08+08:00
嘉定·真如(南)	抠(摳)	[空]	kheu1(kʰɤ⁵³)	true	kheu1	暂无	自旧档汇入	2023-07-05T08:47:08+08:00
嘉定·真如(南)	鲎(鱟)	[空]	heu5(hɤ³⁵)	true	heu5	暂无	自旧档汇入	2023-07-05T08:47:08+08:00
嘉定·真如(南)	齁(齁)	[空]	heu1(hɤ⁵³)	true	heu1	暂无	自旧档汇入	2023-07-05T08:47:08+08:00
浦东·川沙	排(排)	[空]	ba2(bᴀ²¹³)	true	ba2	暂无	自旧档汇入	2023-07-05T08:47:08+08:00
浦东·川沙	牌(牌)	[空]	ba2(bᴀ²¹³)	true	ba2	暂无	自旧档汇入	2023-07-05T08:47:08+08:00
浦东·川沙	罢(罷)	[空]	ba2(bᴀ²¹³)	true	ba2	暂无	自旧档汇入	2023-07-05T08:47:08+08:00
浦东·川沙	败(敗)	[空]	ba6(bᴀ¹³)	true	ba6	暂无	自旧档汇入	2023-07-05T08:47:08+08:00
浦东·川沙	稗(稗)	[空]	ba6(bᴀ¹³)	true	ba6	暂无	自旧档汇入	2023-07-05T08:47:08+08:00
浦东·川沙	叭(叭)	喇~	pa1(ɓᴀ⁵³)	true	pa1	暂无	自旧档汇入	2023-07-05T08:47:08+08:00
浦东·川沙	爸(爸)	[空]	pa1(ɓᴀ⁵³)	true	pa1	暂无	自旧档汇入	2023-07-05T08:47:08+08:00
浦东·川沙	摆(擺)	[空]	pa3(ɓᴀ⁴⁴)	true	pa3	暂无	自旧档汇入	2023-07-05T08:47:08+08:00
浦东·川沙	拜(拜)	[空]	pa5(ɓᴀ³⁵)	true	pa5	暂无	自旧档汇入	2023-07-05T08:47:08+08:00
浦东·川沙	汏(汏)	洗	da2(dᴀ²¹³)	true	da2	暂无	自旧档汇入	2023-07-05T08:47:08+08:00
浦东·川沙	□(□)	事体~到明朝作，拖延	da2(dᴀ²¹³)	true	da2	暂无	自旧档汇入	2023-07-05T08:47:08+08:00
浦东·川沙	□(□)	格~，竹器	da4(dᴀ²¹³)	true	da4	暂无	自旧档汇入	2023-07-05T08:47:08+08:00
浦东·川沙	埭(埭)	[空]	da6(dᴀ¹³)	true	da6	暂无	自旧档汇入	2023-07-05T08:47:08+08:00
浦东·川沙	大(大)	[空]	da6(dᴀ¹³)	true	da6	暂无	自旧档汇入	2023-07-05T08:47:08+08:00
浦东·川沙	多(多)	~年	ta1(ɗᴀ⁵³)	true	ta1	暂无	自旧档汇入	2023-07-05T08:47:08+08:00
浦东·川沙	带(帶)	[空]	ta5(ɗᴀ³⁵)	true	ta5	暂无	自旧档汇入	2023-07-05T08:47:08+08:00
浦东·川沙	戴(戴)	白	ta5(ɗᴀ³⁵)	true	ta5	暂无	自旧档汇入	2023-07-05T08:47:08+08:00
浦东·川沙	澥(澥)	粥~脱	ga2(ɡᴀ²¹³)	true	ga2	暂无	自旧档汇入	2023-07-05T08:47:08+08:00
浦东·川沙	懈(懈)	做事体~	ga2(ɡᴀ²¹³)	true	ga2	暂无	自旧档汇入	2023-07-05T08:47:08+08:00
浦东·川沙	茄(茄)	白	ga2(ɡᴀ²¹³)	true	ga2	暂无	自旧档汇入	2023-07-05T08:47:08+08:00
浦东·川沙	□(□)	~进来，挤进	ga2(ɡᴀ²¹³)	true	ga2	暂无	自旧档汇入	2023-07-05T08:47:08+08:00
浦东·川沙	骱(骱)	关节	ga6(ɡᴀ¹³)	true	ga6	暂无	自旧档汇入	2023-07-05T08:47:08+08:00
浦东·川沙	哈(哈)	~气	ha1(hᴀ⁵³)	true	ha1	暂无	自旧档汇入	2023-07-05T08:47:08+08:00
浦东·川沙	蟹(蟹)	[空]	ha3(hᴀ⁴⁴)	true	ha3	暂无	自旧档汇入	2023-07-05T08:47:08+08:00
浦东·川沙	也(也)	白	gha2(ɦᴀ²¹³)	true	gha2	暂无	自旧档汇入	2023-07-05T08:47:08+08:00
浦东·川沙	鞋(鞋)	[空]	gha2(ɦᴀ²¹³)	true	gha2	暂无	自旧档汇入	2023-07-05T08:47:08+08:00
浦东·川沙	加(加)	白	ka1(kᴀ⁵³)	true	ka1	暂无	自旧档汇入	2023-07-05T08:47:08+08:00
浦东·川沙	嘉(嘉)	白	ka1(kᴀ⁵³)	true	ka1	暂无	自旧档汇入	2023-07-05T08:47:08+08:00
浦东·川沙	家(家)	白	ka1(kᴀ⁵³)	true	ka1	暂无	自旧档汇入	2023-07-05T08:47:08+08:00
浦东·川沙	痂(痂)	白	ka1(kᴀ⁵³)	true	ka1	暂无	自旧档汇入	2023-07-05T08:47:08+08:00
浦东·川沙	街(街)	[空]	ka1(kᴀ⁵³)	true	ka1	暂无	自旧档汇入	2023-07-05T08:47:08+08:00
浦东·川沙	阶(階)	白	ka1(kᴀ⁵³)	true	ka1	暂无	自旧档汇入	2023-07-05T08:47:08+08:00
浦东·川沙	假(假)	真~。白	ka3(kᴀ⁴⁴)	true	ka3	暂无	自旧档汇入	2023-07-05T08:47:08+08:00
浦东·川沙	解(解)	~开，~木头，~匠，锯开	ka3(kᴀ⁴⁴)	true	ka3	暂无	自旧档汇入	2023-07-05T08:47:08+08:00
浦东·川沙	贾(賈)	姓	ka3(kᴀ⁴⁴)	true	ka3	暂无	自旧档汇入	2023-07-05T08:47:08+08:00
浦东·川沙	假(假)	放~。白	ka5(kᴀ³⁵)	true	ka5	暂无	自旧档汇入	2023-07-05T08:47:08+08:00
浦东·川沙	价(價)	白	ka5(kᴀ³⁵)	true	ka5	暂无	自旧档汇入	2023-07-05T08:47:08+08:00
浦东·川沙	嫁(嫁)	白	ka5(kᴀ³⁵)	true	ka5	暂无	自旧档汇入	2023-07-05T08:47:08+08:00
浦东·川沙	尬(尬)	[空]	ka5(kᴀ³⁵)	true	ka5	暂无	自旧档汇入	2023-07-05T08:47:08+08:00
浦东·川沙	届(屆)	白	ka5(kᴀ³⁵)	true	ka5	暂无	自旧档汇入	2023-07-05T08:47:08+08:00
浦东·川沙	戒(戒)	白	ka5(kᴀ³⁵)	true	ka5	暂无	自旧档汇入	2023-07-05T08:47:08+08:00
浦东·川沙	架(架)	白	ka5(kᴀ³⁵)	true	ka5	暂无	自旧档汇入	2023-07-05T08:47:08+08:00
浦东·川沙	界(界)	白	ka5(kᴀ³⁵)	true	ka5	暂无	自旧档汇入	2023-07-05T08:47:08+08:00
浦东·川沙	稼(稼)	白	ka5(kᴀ³⁵)	true	ka5	暂无	自旧档汇入	2023-07-05T08:47:08+08:00
浦东·川沙	芥(芥)	[空]	ka5(kᴀ³⁵)	true	ka5	暂无	自旧档汇入	2023-07-05T08:47:08+08:00
浦东·川沙	疥(疥)	[空]	ka5(kᴀ³⁵)	true	ka5	暂无	自旧档汇入	2023-07-05T08:47:08+08:00
浦东·川沙	卡(卡)	~车	kha1(kʰᴀ⁵³)	true	kha1	暂无	自旧档汇入	2023-07-05T08:47:08+08:00
浦东·川沙	揩(揩)	[空]	kha1(kʰᴀ⁵³)	true	kha1	暂无	自旧档汇入	2023-07-05T08:47:08+08:00
浦东·川沙	楷(楷)	[空]	kha3(kʰᴀ⁴⁴)	true	kha3	暂无	自旧档汇入	2023-07-05T08:47:08+08:00
浦东·川沙	卡(卡)	~子，关卡	kha5(kʰᴀ³⁵)	true	kha5	暂无	自旧档汇入	2023-07-05T08:47:08+08:00
浦东·川沙	拉(拉)	[空]	la1(lᴀ⁵³)	true	la1	暂无	自旧档汇入	2023-07-05T08:47:08+08:00
浦东·川沙	喇(喇)	~叭	la2(lᴀ²¹³)	true	la2	暂无	自旧档汇入	2023-07-05T08:47:08+08:00
浦东·川沙	垃(垃)	~圾	la2(lᴀ²¹³)	true	la2	暂无	自旧档汇入	2023-07-05T08:47:08+08:00
浦东·川沙	癞(癞)	[空]	la6(lᴀ¹³)	true	la6	暂无	自旧档汇入	2023-07-05T08:47:08+08:00
浦东·川沙	赖(賴)	[空]	la6(lᴀ¹³)	true	la6	暂无	自旧档汇入	2023-07-05T08:47:08+08:00
浦东·川沙	埋(埋)	[空]	ma1(mᴀ⁵³)	true	ma1	暂无	自旧档汇入	2023-07-05T08:47:08+08:00
浦东·川沙	妈(媽)	阿~	ma1(mᴀ⁵³)	true	ma1	暂无	自旧档汇入	2023-07-05T08:47:08+08:00
浦东·川沙	买(買)	[空]	ma2(mᴀ²¹³)	true	ma2	暂无	自旧档汇入	2023-07-05T08:47:08+08:00
浦东·川沙	卖(賣)	[空]	ma6(mᴀ¹³)	true	ma6	暂无	自旧档汇入	2023-07-05T08:47:08+08:00
浦东·川沙	哪(哪)	[空]	na1(nᴀ⁵³)	true	na1	暂无	自旧档汇入	2023-07-05T08:47:08+08:00
浦东·川沙	那(那)	[空]	na1(nᴀ⁵³)	true	na1	暂无	自旧档汇入	2023-07-05T08:47:08+08:00
浦东·川沙	哪(哪)	~能，怎样	na2(nᴀ²¹³)	true	na2	暂无	自旧档汇入	2023-07-05T08:47:08+08:00
浦东·川沙	奶(奶)	[空]	na2(nᴀ²¹³)	true	na2	暂无	自旧档汇入	2023-07-05T08:47:08+08:00
浦东·川沙	艿(艿)	毛芋~	na2(nᴀ²¹³)	true	na2	暂无	自旧档汇入	2023-07-05T08:47:08+08:00
浦东·川沙	㑚(㑚)	你们	na6(nᴀ¹³)	true	na6	暂无	自旧档汇入	2023-07-05T08:47:08+08:00
浦东·川沙	吶(吶)	唢~	na6(nᴀ¹³)	true	na6	暂无	自旧档汇入	2023-07-05T08:47:08+08:00
浦东·川沙	捱(捱)	~辰光	nga1(ŋᴀ⁵³)	true	nga1	暂无	自旧档汇入	2023-07-05T08:47:08+08:00
浦东·川沙	砑(砑)	~光	nga1(ŋᴀ⁵³)	true	nga1	暂无	自旧档汇入	2023-07-05T08:47:08+08:00
浦东·川沙	捱(捱)	~辰光	nga2(ŋᴀ²¹³)	true	nga2	暂无	自旧档汇入	2023-07-05T08:47:08+08:00
浦东·川沙	牙(牙)	[空]	nga2(ŋᴀ²¹³)	true	nga2	暂无	自旧档汇入	2023-07-05T08:47:08+08:00
浦东·川沙	芽(芽)	[空]	nga2(ŋᴀ²¹³)	true	nga2	暂无	自旧档汇入	2023-07-05T08:47:08+08:00
浦东·川沙	衙(衙)	[空]	nga2(ŋᴀ²¹³)	true	nga2	暂无	自旧档汇入	2023-07-05T08:47:08+08:00
浦东·川沙	□(□)	~骨	nga2(ŋᴀ²¹³)	true	nga2	暂无	自旧档汇入	2023-07-05T08:47:08+08:00
浦东·川沙	外(外)	[空]	nga6(ŋᴀ¹³)	true	nga6	暂无	自旧档汇入	2023-07-05T08:47:08+08:00
浦东·川沙	歪(歪)	[空]	fa1(ɸᴀ⁵³)	true	fa1	暂无	自旧档汇入	2023-07-05T08:47:08+08:00
浦东·川沙	派(派)	~司	pha1(pʰᴀ⁵³)	true	pha1	暂无	自旧档汇入	2023-07-05T08:47:08+08:00
浦东·川沙	派(派)	[空]	pha5(pʰᴀ³⁵)	true	pha5	暂无	自旧档汇入	2023-07-05T08:47:08+08:00
浦东·川沙	三(三)	~五个	sa1(sᴀ⁵³)	true	sa1	暂无	自旧档汇入	2023-07-05T08:47:08+08:00
浦东·川沙	筛(篩)	[空]	sa1(sᴀ⁵³)	true	sa1	暂无	自旧档汇入	2023-07-05T08:47:08+08:00
浦东·川沙	酾(釃)	~酒，~水，倒，斟	sa1(sᴀ⁵³)	true	sa1	暂无	自旧档汇入	2023-07-05T08:47:08+08:00
浦东·川沙	□(□)	~木头，锯开	sa1(sᴀ⁵³)	true	sa1	暂无	自旧档汇入	2023-07-05T08:47:08+08:00
浦东·川沙	洒(灑)	[空]	sa3(sᴀ⁴⁴)	true	sa3	暂无	自旧档汇入	2023-07-05T08:47:08+08:00
浦东·川沙	啥(啥)	什么	sa5(sᴀ³⁵)	true	sa5	暂无	自旧档汇入	2023-07-05T08:47:08+08:00
浦东·川沙	他(他)	[空]	tha1(tʰᴀ⁵³)	true	tha1	暂无	自旧档汇入	2023-07-05T08:47:08+08:00
浦东·川沙	她(她)	[空]	tha1(tʰᴀ⁵³)	true	tha1	暂无	自旧档汇入	2023-07-05T08:47:08+08:00
浦东·川沙	它(它)	[空]	tha1(tʰᴀ⁵³)	true	tha1	暂无	自旧档汇入	2023-07-05T08:47:08+08:00
浦东·川沙	拖(拖)	~鼻涕	tha1(tʰᴀ⁵³)	true	tha1	暂无	自旧档汇入	2023-07-05T08:47:08+08:00
浦东·川沙	太(太)	白	tha5(tʰᴀ³⁵)	true	tha5	暂无	自旧档汇入	2023-07-05T08:47:08+08:00
浦东·川沙	泰(泰)	[空]	tha5(tʰᴀ³⁵)	true	tha5	暂无	自旧档汇入	2023-07-05T08:47:08+08:00
浦东·川沙	抓(抓)	[空]	tsa1(tsᴀ⁵³)	true	tsa1	暂无	自旧档汇入	2023-07-05T08:47:08+08:00
浦东·川沙	斋(齋)	[空]	tsa1(tsᴀ⁵³)	true	tsa1	暂无	自旧档汇入	2023-07-05T08:47:08+08:00
浦东·川沙	□(□)	ɕiᴀ~⁵⁵-²¹聪明，能干	tsa1(tsᴀ⁵³)	true	tsa1	暂无	自旧档汇入	2023-07-05T08:47:08+08:00
浦东·川沙	债(債)	[空]	tsa5(tsᴀ³⁵)	true	tsa5	暂无	自旧档汇入	2023-07-05T08:47:08+08:00
浦东·川沙	笊(笊)	~篱	tsa5(tsᴀ³⁵)	true	tsa5	暂无	自旧档汇入	2023-07-05T08:47:08+08:00
浦东·川沙	差(差)	出~	tsha1(tsʰᴀ⁵³)	true	tsha1	暂无	自旧档汇入	2023-07-05T08:47:08+08:00
浦东·川沙	扯(扯)	~旗，~二胡	tsha1(tsʰᴀ⁵³)	true	tsha1	暂无	自旧档汇入	2023-07-05T08:47:08+08:00
浦东·川沙	钗(釵)	[空]	tsha1(tsʰᴀ⁵³)	true	tsha1	暂无	自旧档汇入	2023-07-05T08:47:08+08:00
浦东·川沙	□(□)	台子~开，~点铜钿来，挪	tsha1(tsʰᴀ⁵³)	true	tsha1	暂无	自旧档汇入	2023-07-05T08:47:08+08:00
浦东·川沙	扯(扯)	~破	tsha3(tsʰᴀ⁴⁴)	true	tsha3	暂无	自旧档汇入	2023-07-05T08:47:08+08:00
浦东·川沙	□(□)	~匀，搞平均，补偿	tsha3(tsʰᴀ⁴⁴)	true	tsha3	暂无	自旧档汇入	2023-07-05T08:47:08+08:00
浦东·川沙	蔡(蔡)	[空]	tsha5(tsʰᴀ³⁵)	true	tsha5	暂无	自旧档汇入	2023-07-05T08:47:08+08:00
浦东·川沙	柴(柴)	[空]	za2(zᴀ²¹³)	true	za2	暂无	自旧档汇入	2023-07-05T08:47:08+08:00
浦东·川沙	豺(豺)	[空]	za2(zᴀ²¹³)	true	za2	暂无	自旧档汇入	2023-07-05T08:47:08+08:00
浦东·川沙	惹(惹)	[空]	za2(zᴀ²¹³)	true	za2	暂无	自旧档汇入	2023-07-05T08:47:08+08:00
浦东·川沙	□(□)	pʰi⁴⁴咾~，站不稳	za2(zᴀ²¹³)	true	za2	暂无	自旧档汇入	2023-07-05T08:47:08+08:00
浦东·川沙	□(□)	肚皮~，泻，拉（大便）	za4(zᴀ²¹³)	true	za4	暂无	自旧档汇入	2023-07-05T08:47:08+08:00
浦东·川沙	寨(寨)	~门	za6(zᴀ¹³)	true	za6	暂无	自旧档汇入	2023-07-05T08:47:08+08:00
浦东·川沙	娃(娃)	[空]	ua1(βᴀ⁵³)	true	ua1	暂无	自旧档汇入	2023-07-05T08:47:08+08:00
浦东·川沙	怀(懷)	白	va2(βᴀ²¹³)	true	va2	暂无	自旧档汇入	2023-07-05T08:47:08+08:00
浦东·川沙	槐(槐)	[空]	va2(βᴀ²¹³)	true	va2	暂无	自旧档汇入	2023-07-05T08:47:08+08:00
浦东·川沙	淮(淮)	[空]	va2(βᴀ²¹³)	true	va2	暂无	自旧档汇入	2023-07-05T08:47:08+08:00
浦东·川沙	坏(壞)	[空]	va6(βᴀ¹³)	true	va6	暂无	自旧档汇入	2023-07-05T08:47:08+08:00
浦东·川沙	唉(唉)	~声叹气。白	a1(ᴀ⁵³)	true	a1	暂无	自旧档汇入	2023-07-05T08:47:08+08:00
浦东·川沙	挨(挨)	~次序	a1(ᴀ⁵³)	true	a1	暂无	自旧档汇入	2023-07-05T08:47:08+08:00
浦东·川沙	阿(阿)	~姨	a1(ᴀ⁵³)	true	a1	暂无	自旧档汇入	2023-07-05T08:47:08+08:00
浦东·川沙	矮(矮)	[空]	a3(ᴀ⁴⁴)	true	a3	暂无	自旧档汇入	2023-07-05T08:47:08+08:00
浦东·川沙	彭(彭)	[空]	ban2(bã²¹³)	true	ban2	暂无	自旧档汇入	2023-07-05T08:47:08+08:00
浦东·川沙	朋(朋)	[空]	ban2(bã²¹³)	true	ban2	暂无	自旧档汇入	2023-07-05T08:47:08+08:00
浦东·川沙	棚(棚)	[空]	ban2(bã²¹³)	true	ban2	暂无	自旧档汇入	2023-07-05T08:47:08+08:00
浦东·川沙	膨(膨)	[空]	ban2(bã²¹³)	true	ban2	暂无	自旧档汇入	2023-07-05T08:47:08+08:00
浦东·川沙	膨(膨)	[空]	ban2(bã²¹³)	true	ban2	暂无	自旧档汇入	2023-07-05T08:47:08+08:00
浦东·川沙	蟛(蟛)	[空]	ban2(bã²¹³)	true	ban2	暂无	自旧档汇入	2023-07-05T08:47:08+08:00
浦东·川沙	鹏(鵬)	[空]	ban2(bã²¹³)	true	ban2	暂无	自旧档汇入	2023-07-05T08:47:08+08:00
浦东·川沙	蚌(蚌)	[空]	ban2(bã²¹³)	true	ban2	暂无	自旧档汇入	2023-07-05T08:47:08+08:00
浦东·川沙	甏(甏)	[空]	ban6(bã¹³)	true	ban6	暂无	自旧档汇入	2023-07-05T08:47:08+08:00
浦东·川沙	碰(碰)	[空]	ban6(bã¹³)	true	ban6	暂无	自旧档汇入	2023-07-05T08:47:08+08:00
浦东·川沙	□(□)	~门，不讲理，又说“猛门”	ban6(bã¹³)	true	ban6	暂无	自旧档汇入	2023-07-05T08:47:08+08:00
浦东·川沙	浜(浜)	[空]	pan1(ɓã⁵³)	true	pan1	暂无	自旧档汇入	2023-07-05T08:47:08+08:00
浦东·川沙	绷(繃)	[空]	pan1(ɓã⁵³)	true	pan1	暂无	自旧档汇入	2023-07-05T08:47:08+08:00
浦东·川沙	迸(迸)	~开来	pan5(ɓã³⁵)	true	pan5	暂无	自旧档汇入	2023-07-05T08:47:08+08:00
浦东·川沙	□(□)	~拉，悬挂着	dan6(dã¹³)	true	dan6	暂无	自旧档汇入	2023-07-05T08:47:08+08:00
浦东·川沙	打(打)	[空]	tan3(ɗã⁴⁴)	true	tan3	暂无	自旧档汇入	2023-07-05T08:47:08+08:00
浦东·川沙	□(□)	~过去，挤，擦	gan2(ɡã²¹³)	true	gan2	暂无	自旧档汇入	2023-07-05T08:47:08+08:00
浦东·川沙	亨(亨)	大~。白	han1(hã⁵³)	true	han1	暂无	自旧档汇入	2023-07-05T08:47:08+08:00
浦东·川沙	夯(夯)	[空]	han1(hã⁵³)	true	han1	暂无	自旧档汇入	2023-07-05T08:47:08+08:00
浦东·川沙	桁(桁)	~条	ghan2(ɦã²¹³)	true	ghan2	暂无	自旧档汇入	2023-07-05T08:47:08+08:00
浦东·川沙	行(行)	~勿通	ghan2(ɦã²¹³)	true	ghan2	暂无	自旧档汇入	2023-07-05T08:47:08+08:00
浦东·川沙	杏(杏)	[空]	ghan2(ɦã²¹³)	true	ghan2	暂无	自旧档汇入	2023-07-05T08:47:08+08:00
浦东·川沙	庚(庚)	[空]	kan1(kã⁵³)	true	kan1	暂无	自旧档汇入	2023-07-05T08:47:08+08:00
浦东·川沙	更(更)	打~。白	kan1(kã⁵³)	true	kan1	暂无	自旧档汇入	2023-07-05T08:47:08+08:00
浦东·川沙	粳(粳)	[空]	kan1(kã⁵³)	true	kan1	暂无	自旧档汇入	2023-07-05T08:47:08+08:00
浦东·川沙	羹(羹)	[空]	kan1(kã⁵³)	true	kan1	暂无	自旧档汇入	2023-07-05T08:47:08+08:00
浦东·川沙	哽(哽)	[空]	kan3(kã⁴⁴)	true	kan3	暂无	自旧档汇入	2023-07-05T08:47:08+08:00
浦东·川沙	梗(梗)	[空]	kan3(kã⁴⁴)	true	kan3	暂无	自旧档汇入	2023-07-05T08:47:08+08:00
浦东·川沙	耿(耿)	姓。白	kan3(kã⁴⁴)	true	kan3	暂无	自旧档汇入	2023-07-05T08:47:08+08:00
浦东·川沙	鲠(鯁)	[空]	kan3(kã⁴⁴)	true	kan3	暂无	自旧档汇入	2023-07-05T08:47:08+08:00
浦东·川沙	坑(坑)	~缸，粪缸	khan1(kʰã⁵³)	true	khan1	暂无	自旧档汇入	2023-07-05T08:47:08+08:00
浦东·川沙	冷(冷)	[空]	lan2(lã²¹³)	true	lan2	暂无	自旧档汇入	2023-07-05T08:47:08+08:00
浦东·川沙	猫(貓)	白	man1(mã⁵³)	true	man1	暂无	自旧档汇入	2023-07-05T08:47:08+08:00
浦东·川沙	虻(虻)	~蝇	man2(mã²¹³)	true	man2	暂无	自旧档汇入	2023-07-05T08:47:08+08:00
浦东·川沙	猛(猛)	[空]	man2(mã²¹³)	true	man2	暂无	自旧档汇入	2023-07-05T08:47:08+08:00
浦东·川沙	稝(稝)	稠密	man2(mã²¹³)	true	man2	暂无	自旧档汇入	2023-07-05T08:47:08+08:00
浦东·川沙	孟(孟)	[空]	man6(mã¹³)	true	man6	暂无	自旧档汇入	2023-07-05T08:47:08+08:00
浦东·川沙	硬(硬)	[空]	ngan2(ŋã²¹³)	true	ngan2	暂无	自旧档汇入	2023-07-05T08:47:08+08:00
浦东·川沙	乓(乓)	[空]	phan1(pʰã⁵³)	true	phan1	暂无	自旧档汇入	2023-07-05T08:47:08+08:00
浦东·川沙	□(□)	~雨，潲雨	phan1(pʰã⁵³)	true	phan1	暂无	自旧档汇入	2023-07-05T08:47:08+08:00
浦东·川沙	□(□)	~点酒，加（料酒）	phan1(pʰã⁵³)	true	phan1	暂无	自旧档汇入	2023-07-05T08:47:08+08:00
浦东·川沙	碰(碰)	~得拢头；~台子，拍	phan5(pʰã³⁵)	true	phan5	暂无	自旧档汇入	2023-07-05T08:47:08+08:00
浦东·川沙	牲(牲)	白	san1(sã⁵³)	true	san1	暂无	自旧档汇入	2023-07-05T08:47:08+08:00
浦东·川沙	生(生)	白	san1(sã⁵³)	true	san1	暂无	自旧档汇入	2023-07-05T08:47:08+08:00
浦东·川沙	甥(甥)	白	san1(sã⁵³)	true	san1	暂无	自旧档汇入	2023-07-05T08:47:08+08:00
浦东·川沙	笙(笙)	白	san1(sã⁵³)	true	san1	暂无	自旧档汇入	2023-07-05T08:47:08+08:00
浦东·川沙	声(聲)	白	san1(sã⁵³)	true	san1	暂无	自旧档汇入	2023-07-05T08:47:08+08:00
浦东·川沙	省(省)	[空]	san3(sã⁴⁴)	true	san3	暂无	自旧档汇入	2023-07-05T08:47:08+08:00
浦东·川沙	□(□)	~~渧，湿貌	than1(tʰã⁵³)	true	than1	暂无	自旧档汇入	2023-07-05T08:47:08+08:00
浦东·川沙	张(張)	[空]	tsan1(tsã⁵³)	true	tsan1	暂无	自旧档汇入	2023-07-05T08:47:08+08:00
浦东·川沙	争(爭)	白	tsan1(tsã⁵³)	true	tsan1	暂无	自旧档汇入	2023-07-05T08:47:08+08:00
浦东·川沙	瘴(瘴)	[空]	tsan1(tsã⁵³)	true	tsan1	暂无	自旧档汇入	2023-07-05T08:47:08+08:00
浦东·川沙	睁(睜)	白	tsan1(tsã⁵³)	true	tsan1	暂无	自旧档汇入	2023-07-05T08:47:08+08:00
浦东·川沙	章(章)	[空]	tsan1(tsã⁵³)	true	tsan1	暂无	自旧档汇入	2023-07-05T08:47:08+08:00
浦东·川沙	障(障)	[空]	tsan1(tsã⁵³)	true	tsan1	暂无	自旧档汇入	2023-07-05T08:47:08+08:00
浦东·川沙	掌(掌)	[空]	tsan3(tsã⁴⁴)	true	tsan3	暂无	自旧档汇入	2023-07-05T08:47:08+08:00
浦东·川沙	涨(漲)	[空]	tsan3(tsã⁴⁴)	true	tsan3	暂无	自旧档汇入	2023-07-05T08:47:08+08:00
浦东·川沙	长(長)	生~	tsan3(tsã⁴⁴)	true	tsan3	暂无	自旧档汇入	2023-07-05T08:47:08+08:00
浦东·川沙	仗(仗)	打~	tsan5(tsã³⁵)	true	tsan5	暂无	自旧档汇入	2023-07-05T08:47:08+08:00
浦东·川沙	帐(帳)	[空]	tsan5(tsã³⁵)	true	tsan5	暂无	自旧档汇入	2023-07-05T08:47:08+08:00
浦东·川沙	胀(脹)	[空]	tsan5(tsã³⁵)	true	tsan5	暂无	自旧档汇入	2023-07-05T08:47:08+08:00
浦东·川沙	账(賬)	[空]	tsan5(tsã³⁵)	true	tsan5	暂无	自旧档汇入	2023-07-05T08:47:08+08:00
浦东·川沙	撑(撐)	~船	tshan1(tsʰã⁵³)	true	tshan1	暂无	自旧档汇入	2023-07-05T08:47:08+08:00
浦东·川沙	昌(昌)	[空]	tshan1(tsʰã⁵³)	true	tshan1	暂无	自旧档汇入	2023-07-05T08:47:08+08:00
浦东·川沙	厂(廠)	[空]	tshan5(tsʰã³⁵)	true	tshan5	暂无	自旧档汇入	2023-07-05T08:47:08+08:00
浦东·川沙	撑(撐)	~起来	tshan5(tsʰã³⁵)	true	tshan5	暂无	自旧档汇入	2023-07-05T08:47:08+08:00
浦东·川沙	畅(暢)	[空]	tshan5(tsʰã³⁵)	true	tshan5	暂无	自旧档汇入	2023-07-05T08:47:08+08:00
浦东·川沙	牚(牚)	打~，名词	tshan5(tsʰã³⁵)	true	tshan5	暂无	自旧档汇入	2023-07-05T08:47:08+08:00
浦东·川沙	场(場)	[空]	zan2(zã²¹³)	true	zan2	暂无	自旧档汇入	2023-07-05T08:47:08+08:00
浦东·川沙	始(始)	[空]	zan2(zã²¹³)	true	zan2	暂无	自旧档汇入	2023-07-05T08:47:08+08:00
浦东·川沙	常(常)	[空]	zan2(zã²¹³)	true	zan2	暂无	自旧档汇入	2023-07-05T08:47:08+08:00
浦东·川沙	肠(腸)	[空]	zan2(zã²¹³)	true	zan2	暂无	自旧档汇入	2023-07-05T08:47:08+08:00
浦东·川沙	长(長)	~短	zan2(zã²¹³)	true	zan2	暂无	自旧档汇入	2023-07-05T08:47:08+08:00
浦东·川沙	丈(丈)	[空]	zan2(zã²¹³)	true	zan2	暂无	自旧档汇入	2023-07-05T08:47:08+08:00
浦东·川沙	仗(仗)	~势	zan2(zã²¹³)	true	zan2	暂无	自旧档汇入	2023-07-05T08:47:08+08:00
浦东·川沙	壤(壤)	[空]	zan2(zã²¹³)	true	zan2	暂无	自旧档汇入	2023-07-05T08:47:08+08:00
浦东·川沙	杖(杖)	[空]	zan2(zã²¹³)	true	zan2	暂无	自旧档汇入	2023-07-05T08:47:08+08:00
浦东·川沙	剩(剩)	白	zan6(zã¹³)	true	zan6	暂无	自旧档汇入	2023-07-05T08:47:08+08:00
浦东·川沙	盛(盛)	姓	zan6(zã¹³)	true	zan6	暂无	自旧档汇入	2023-07-05T08:47:08+08:00
浦东·川沙	让(讓)	[空]	zan6(zã¹³)	true	zan6	暂无	自旧档汇入	2023-07-05T08:47:08+08:00
浦东·川沙	锃(鋥)	~亮	zan6(zã¹³)	true	zan6	暂无	自旧档汇入	2023-07-05T08:47:08+08:00
浦东·川沙	䂻(䂻)	~紧	zan6(zã¹³)	true	zan6	暂无	自旧档汇入	2023-07-05T08:47:08+08:00
浦东·川沙	横(橫)	~理	uan1(βã⁵³)	true	uan1	暂无	自旧档汇入	2023-07-05T08:47:08+08:00
浦东·川沙	横(橫)	[空]	van2(βã²¹³)	true	van2	暂无	自旧档汇入	2023-07-05T08:47:08+08:00
浦东·川沙	□(□)	镰刀	van2(βã²¹³)	true	van2	暂无	自旧档汇入	2023-07-05T08:47:08+08:00
浦东·川沙	樱(櫻)	~桃。白	an1(ã⁵³)	true	an1	暂无	自旧档汇入	2023-07-05T08:47:08+08:00
浦东·川沙	鹦(鸚)	~哥。白	an1(ã⁵³)	true	an1	暂无	自旧档汇入	2023-07-05T08:47:08+08:00
浦东·川沙	旁(旁)	[空]	baon2(bɑ̃²¹³)	true	baon2	暂无	自旧档汇入	2023-07-05T08:47:08+08:00
浦东·川沙	螃(螃)	[空]	baon2(bɑ̃²¹³)	true	baon2	暂无	自旧档汇入	2023-07-05T08:47:08+08:00
浦东·川沙	防(防)	[空]	baon2(bɑ̃²¹³)	true	baon2	暂无	自旧档汇入	2023-07-05T08:47:08+08:00
浦东·川沙	鳑(鰟)	~皮郎，鱼	baon2(bɑ̃²¹³)	true	baon2	暂无	自旧档汇入	2023-07-05T08:47:08+08:00
浦东·川沙	庞(龐)	[空]	baon2(bɑ̃²¹³)	true	baon2	暂无	自旧档汇入	2023-07-05T08:47:08+08:00
浦东·川沙	棒(棒)	[空]	baon2(bɑ̃²¹³)	true	baon2	暂无	自旧档汇入	2023-07-05T08:47:08+08:00
浦东·川沙	傍(傍)	[空]	baon6(bɑ̃¹³)	true	baon6	暂无	自旧档汇入	2023-07-05T08:47:08+08:00
浦东·川沙	帮(幫)	[空]	paon1(ɓɑ̃⁵³)	true	paon1	暂无	自旧档汇入	2023-07-05T08:47:08+08:00
浦东·川沙	梆(梆)	[空]	paon1(ɓɑ̃⁵³)	true	paon1	暂无	自旧档汇入	2023-07-05T08:47:08+08:00
浦东·川沙	泵(泵)	[空]	paon1(ɓɑ̃⁵³)	true	paon1	暂无	自旧档汇入	2023-07-05T08:47:08+08:00
浦东·川沙	邦(邦)	[空]	paon1(ɓɑ̃⁵³)	true	paon1	暂无	自旧档汇入	2023-07-05T08:47:08+08:00
浦东·川沙	榜(榜)	[空]	paon3(ɓɑ̃⁴⁴)	true	paon3	暂无	自旧档汇入	2023-07-05T08:47:08+08:00
浦东·川沙	磅(磅)	[空]	paon3(ɓɑ̃⁴⁴)	true	paon3	暂无	自旧档汇入	2023-07-05T08:47:08+08:00
浦东·川沙	绑(綁)	[空]	paon3(ɓɑ̃⁴⁴)	true	paon3	暂无	自旧档汇入	2023-07-05T08:47:08+08:00
浦东·川沙	唐(唐)	[空]	daon2(dɑ̃²¹³)	true	daon2	暂无	自旧档汇入	2023-07-05T08:47:08+08:00
浦东·川沙	堂(堂)	[空]	daon2(dɑ̃²¹³)	true	daon2	暂无	自旧档汇入	2023-07-05T08:47:08+08:00
浦东·川沙	塘(塘)	[空]	daon2(dɑ̃²¹³)	true	daon2	暂无	自旧档汇入	2023-07-05T08:47:08+08:00
浦东·川沙	搪(搪)	[空]	daon2(dɑ̃²¹³)	true	daon2	暂无	自旧档汇入	2023-07-05T08:47:08+08:00
浦东·川沙	糖(糖)	[空]	daon2(dɑ̃²¹³)	true	daon2	暂无	自旧档汇入	2023-07-05T08:47:08+08:00
浦东·川沙	螳(螳)	[空]	daon2(dɑ̃²¹³)	true	daon2	暂无	自旧档汇入	2023-07-05T08:47:08+08:00
浦东·川沙	荡(蕩)	[空]	daon2(dɑ̃²¹³)	true	daon2	暂无	自旧档汇入	2023-07-05T08:47:08+08:00
浦东·川沙	宕(宕)	[空]	daon6(dɑ̃¹³)	true	daon6	暂无	自旧档汇入	2023-07-05T08:47:08+08:00
浦东·川沙	当(當)	应~	taon1(ɗɑ̃⁵³)	true	taon1	暂无	自旧档汇入	2023-07-05T08:47:08+08:00
浦东·川沙	端(端)	~午	taon1(ɗɑ̃⁵³)	true	taon1	暂无	自旧档汇入	2023-07-05T08:47:08+08:00
浦东·川沙	裆(襠)	[空]	taon1(ɗɑ̃⁵³)	true	taon1	暂无	自旧档汇入	2023-07-05T08:47:08+08:00
浦东·川沙	挡(擋)	[空]	taon3(ɗɑ̃⁴⁴)	true	taon3	暂无	自旧档汇入	2023-07-05T08:47:08+08:00
浦东·川沙	党(黨)	[空]	taon3(ɗɑ̃⁴⁴)	true	taon3	暂无	自旧档汇入	2023-07-05T08:47:08+08:00
浦东·川沙	挡(擋)	~牢，扶	taon5(ɗɑ̃³⁵)	true	taon5	暂无	自旧档汇入	2023-07-05T08:47:08+08:00
浦东·川沙	当(當)	典~	taon5(ɗɑ̃³⁵)	true	taon5	暂无	自旧档汇入	2023-07-05T08:47:08+08:00
浦东·川沙	戆(戇)	傻	gaon2(ɡɑ̃²¹³)	true	gaon2	暂无	自旧档汇入	2023-07-05T08:47:08+08:00
浦东·川沙	□(□)	气喘	haon1(hɑ̃⁵³)	true	haon1	暂无	自旧档汇入	2023-07-05T08:47:08+08:00
浦东·川沙	杭(杭)	[空]	ghaon2(ɦɑ̃²¹³)	true	ghaon2	暂无	自旧档汇入	2023-07-05T08:47:08+08:00
浦东·川沙	绗(絎)	[空]	ghaon2(ɦɑ̃²¹³)	true	ghaon2	暂无	自旧档汇入	2023-07-05T08:47:08+08:00
浦东·川沙	航(航)	[空]	ghaon2(ɦɑ̃²¹³)	true	ghaon2	暂无	自旧档汇入	2023-07-05T08:47:08+08:00
浦东·川沙	行(行)	银~	ghaon2(ɦɑ̃²¹³)	true	ghaon2	暂无	自旧档汇入	2023-07-05T08:47:08+08:00
浦东·川沙	降(降)	投~。白	ghaon2(ɦɑ̃²¹³)	true	ghaon2	暂无	自旧档汇入	2023-07-05T08:47:08+08:00
浦东·川沙	项(項)	[空]	ghaon2(ɦɑ̃²¹³)	true	ghaon2	暂无	自旧档汇入	2023-07-05T08:47:08+08:00
浦东·川沙	□(□)	~一记，忍受	ghaon2(ɦɑ̃²¹³)	true	ghaon2	暂无	自旧档汇入	2023-07-05T08:47:08+08:00
浦东·川沙	巷(巷)	[空]	ghaon6(ɦɑ̃¹³)	true	ghaon6	暂无	自旧档汇入	2023-07-05T08:47:08+08:00
浦东·川沙	刚(剛)	[空]	kaon1(kɑ̃⁵³)	true	kaon1	暂无	自旧档汇入	2023-07-05T08:47:08+08:00
浦东·川沙	冈(岡)	[空]	kaon1(kɑ̃⁵³)	true	kaon1	暂无	自旧档汇入	2023-07-05T08:47:08+08:00
浦东·川沙	岗(崗)	[空]	kaon1(kɑ̃⁵³)	true	kaon1	暂无	自旧档汇入	2023-07-05T08:47:08+08:00
浦东·川沙	扛(扛)	[空]	kaon1(kɑ̃⁵³)	true	kaon1	暂无	自旧档汇入	2023-07-05T08:47:08+08:00
浦东·川沙	江(江)	白	kaon1(kɑ̃⁵³)	true	kaon1	暂无	自旧档汇入	2023-07-05T08:47:08+08:00
浦东·川沙	纲(綱)	[空]	kaon1(kɑ̃⁵³)	true	kaon1	暂无	自旧档汇入	2023-07-05T08:47:08+08:00
浦东·川沙	缸(缸)	[空]	kaon1(kɑ̃⁵³)	true	kaon1	暂无	自旧档汇入	2023-07-05T08:47:08+08:00
浦东·川沙	豇(豇)	[空]	kaon1(kɑ̃⁵³)	true	kaon1	暂无	自旧档汇入	2023-07-05T08:47:08+08:00
浦东·川沙	钢(鋼)	[空]	kaon1(kɑ̃⁵³)	true	kaon1	暂无	自旧档汇入	2023-07-05T08:47:08+08:00
浦东·川沙	港(港)	[空]	kaon3(kɑ̃⁴⁴)	true	kaon3	暂无	自旧档汇入	2023-07-05T08:47:08+08:00
浦东·川沙	讲(講)	白	kaon3(kɑ̃⁴⁴)	true	kaon3	暂无	自旧档汇入	2023-07-05T08:47:08+08:00
浦东·川沙	杠(杠)	[空]	kaon5(kɑ̃³⁵)	true	kaon5	暂无	自旧档汇入	2023-07-05T08:47:08+08:00
浦东·川沙	降(降)	下~。白	kaon5(kɑ̃³⁵)	true	kaon5	暂无	自旧档汇入	2023-07-05T08:47:08+08:00
浦东·川沙	坑(坑)	[空]	khaon1(kʰɑ̃⁵³)	true	khaon1	暂无	自旧档汇入	2023-07-05T08:47:08+08:00
浦东·川沙	康(康)	[空]	khaon1(kʰɑ̃⁵³)	true	khaon1	暂无	自旧档汇入	2023-07-05T08:47:08+08:00
浦东·川沙	糠(糠)	[空]	khaon1(kʰɑ̃⁵³)	true	khaon1	暂无	自旧档汇入	2023-07-05T08:47:08+08:00
浦东·川沙	慷(慷)	[空]	khaon3(kʰɑ̃⁴⁴)	true	khaon3	暂无	自旧档汇入	2023-07-05T08:47:08+08:00
浦东·川沙	囥(囥)	~起来，藏	khaon5(kʰɑ̃³⁵)	true	khaon5	暂无	自旧档汇入	2023-07-05T08:47:08+08:00
浦东·川沙	抗(抗)	[空]	khaon5(kʰɑ̃³⁵)	true	khaon5	暂无	自旧档汇入	2023-07-05T08:47:08+08:00
浦东·川沙	炕(炕)	[空]	khaon5(kʰɑ̃³⁵)	true	khaon5	暂无	自旧档汇入	2023-07-05T08:47:08+08:00
浦东·川沙	誏(誏)	~声，指桑骂槐	laon1(lɑ̃⁵³)	true	laon1	暂无	自旧档汇入	2023-07-05T08:47:08+08:00
浦东·川沙	廊(廊)	[空]	laon2(lɑ̃²¹³)	true	laon2	暂无	自旧档汇入	2023-07-05T08:47:08+08:00
浦东·川沙	狼(狼)	[空]	laon2(lɑ̃²¹³)	true	laon2	暂无	自旧档汇入	2023-07-05T08:47:08+08:00
浦东·川沙	郎(郎)	[空]	laon2(lɑ̃²¹³)	true	laon2	暂无	自旧档汇入	2023-07-05T08:47:08+08:00
浦东·川沙	郎(郎)	[空]	laon2(lɑ̃²¹³)	true	laon2	暂无	自旧档汇入	2023-07-05T08:47:08+08:00
浦东·川沙	朗(朗)	[空]	laon2(lɑ̃²¹³)	true	laon2	暂无	自旧档汇入	2023-07-05T08:47:08+08:00
浦东·川沙	浪(浪)	[空]	laon6(lɑ̃¹³)	true	laon6	暂无	自旧档汇入	2023-07-05T08:47:08+08:00
浦东·川沙	㫰(㫰)	~衣裳，晾	laon6(lɑ̃¹³)	true	laon6	暂无	自旧档汇入	2023-07-05T08:47:08+08:00
浦东·川沙	莽(莽)	~撞	maon1(mɑ̃⁵³)	true	maon1	暂无	自旧档汇入	2023-07-05T08:47:08+08:00
浦东·川沙	亡(亡)	~人。白	maon2(mɑ̃²¹³)	true	maon2	暂无	自旧档汇入	2023-07-05T08:47:08+08:00
浦东·川沙	忙(忙)	[空]	maon2(mɑ̃²¹³)	true	maon2	暂无	自旧档汇入	2023-07-05T08:47:08+08:00
浦东·川沙	盲(盲)	[空]	maon2(mɑ̃²¹³)	true	maon2	暂无	自旧档汇入	2023-07-05T08:47:08+08:00
浦东·川沙	芒(芒)	[空]	maon2(mɑ̃²¹³)	true	maon2	暂无	自旧档汇入	2023-07-05T08:47:08+08:00
浦东·川沙	茫(茫)	[空]	maon2(mɑ̃²¹³)	true	maon2	暂无	自旧档汇入	2023-07-05T08:47:08+08:00
浦东·川沙	网(網)	[空]	maon2(mɑ̃²¹³)	true	maon2	暂无	自旧档汇入	2023-07-05T08:47:08+08:00
浦东·川沙	莽(莽)	[空]	maon2(mɑ̃²¹³)	true	maon2	暂无	自旧档汇入	2023-07-05T08:47:08+08:00
浦东·川沙	蟒(蟒)	[空]	maon2(mɑ̃²¹³)	true	maon2	暂无	自旧档汇入	2023-07-05T08:47:08+08:00
浦东·川沙	梦(夢)	[空]	maon6(mɑ̃¹³)	true	maon6	暂无	自旧档汇入	2023-07-05T08:47:08+08:00
浦东·川沙	妄(妄)	白	maon6(mɑ̃¹³)	true	maon6	暂无	自旧档汇入	2023-07-05T08:47:08+08:00
浦东·川沙	忘(忘)	白	maon6(mɑ̃¹³)	true	maon6	暂无	自旧档汇入	2023-07-05T08:47:08+08:00
浦东·川沙	望(望)	白	maon6(mɑ̃¹³)	true	maon6	暂无	自旧档汇入	2023-07-05T08:47:08+08:00
浦东·川沙	囊(囊)	[空]	naon2(nɑ̃²¹³)	true	naon2	暂无	自旧档汇入	2023-07-05T08:47:08+08:00
浦东·川沙	昂(昂)	[空]	ngaon2(ŋɑ̃²¹³)	true	ngaon2	暂无	自旧档汇入	2023-07-05T08:47:08+08:00
浦东·川沙	慌(慌)	[空]	faon1(ɸɑ̃⁵³)	true	faon1	暂无	自旧档汇入	2023-07-05T08:47:08+08:00
浦东·川沙	房(房)	[空]	faon1(ɸɑ̃⁵³)	true	faon1	暂无	自旧档汇入	2023-07-05T08:47:08+08:00
浦东·川沙	方(方)	[空]	faon1(ɸɑ̃⁵³)	true	faon1	暂无	自旧档汇入	2023-07-05T08:47:08+08:00
浦东·川沙	肪(肪)	[空]	faon1(ɸɑ̃⁵³)	true	faon1	暂无	自旧档汇入	2023-07-05T08:47:08+08:00
浦东·川沙	芳(芳)	[空]	faon1(ɸɑ̃⁵³)	true	faon1	暂无	自旧档汇入	2023-07-05T08:47:08+08:00
浦东·川沙	荒(荒)	[空]	faon1(ɸɑ̃⁵³)	true	faon1	暂无	自旧档汇入	2023-07-05T08:47:08+08:00
浦东·川沙	黄(黃)	蛋~	faon1(ɸɑ̃⁵³)	true	faon1	暂无	自旧档汇入	2023-07-05T08:47:08+08:00
浦东·川沙	仿(仿)	[空]	faon3(ɸɑ̃⁴⁴)	true	faon3	暂无	自旧档汇入	2023-07-05T08:47:08+08:00
浦东·川沙	晃(晃)	[空]	faon3(ɸɑ̃⁴⁴)	true	faon3	暂无	自旧档汇入	2023-07-05T08:47:08+08:00
浦东·川沙	纺(紡)	[空]	faon3(ɸɑ̃⁴⁴)	true	faon3	暂无	自旧档汇入	2023-07-05T08:47:08+08:00
浦东·川沙	谎(謊)	[空]	faon3(ɸɑ̃⁴⁴)	true	faon3	暂无	自旧档汇入	2023-07-05T08:47:08+08:00
浦东·川沙	放(放)	[空]	faon5(ɸɑ̃³⁵)	true	faon5	暂无	自旧档汇入	2023-07-05T08:47:08+08:00
浦东·川沙	况(況)	[空]	faon5(ɸɑ̃³⁵)	true	faon5	暂无	自旧档汇入	2023-07-05T08:47:08+08:00
浦东·川沙	访(訪)	[空]	faon5(ɸɑ̃³⁵)	true	faon5	暂无	自旧档汇入	2023-07-05T08:47:08+08:00
浦东·川沙	髈(髈)	腿【校】原文声调作阳平，显误，径改	phaon1(pʰɑ̃⁵³)	true	phaon1	暂无	自旧档汇入	2023-07-05T08:47:08+08:00
浦东·川沙	胖(胖)	[空]	phaon5(pʰɑ̃³⁵)	true	phaon5	暂无	自旧档汇入	2023-07-05T08:47:08+08:00
浦东·川沙	伤(傷)	[空]	saon1(sɑ̃⁵³)	true	saon1	暂无	自旧档汇入	2023-07-05T08:47:08+08:00
浦东·川沙	商(商)	[空]	saon1(sɑ̃⁵³)	true	saon1	暂无	自旧档汇入	2023-07-05T08:47:08+08:00
浦东·川沙	丧(喪)	~事	saon1(sɑ̃⁵³)	true	saon1	暂无	自旧档汇入	2023-07-05T08:47:08+08:00
浦东·川沙	嗓(嗓)	吊~子	saon1(sɑ̃⁵³)	true	saon1	暂无	自旧档汇入	2023-07-05T08:47:08+08:00
浦东·川沙	桑(桑)	[空]	saon1(sɑ̃⁵³)	true	saon1	暂无	自旧档汇入	2023-07-05T08:47:08+08:00
浦东·川沙	双(雙)	[空]	saon1(sɑ̃⁵³)	true	saon1	暂无	自旧档汇入	2023-07-05T08:47:08+08:00
浦东·川沙	爽(爽)	[空]	saon3(sɑ̃⁴⁴)	true	saon3	暂无	自旧档汇入	2023-07-05T08:47:08+08:00
浦东·川沙	赏(賞)	[空]	saon3(sɑ̃⁴⁴)	true	saon3	暂无	自旧档汇入	2023-07-05T08:47:08+08:00
浦东·川沙	丧(喪)	~失	saon5(sɑ̃³⁵)	true	saon5	暂无	自旧档汇入	2023-07-05T08:47:08+08:00
浦东·川沙	汤(湯)	[空]	thaon1(tʰɑ̃⁵³)	true	thaon1	暂无	自旧档汇入	2023-07-05T08:47:08+08:00
浦东·川沙	□(□)	~没亮光，遮掩，挡	thaon1(tʰɑ̃⁵³)	true	thaon1	暂无	自旧档汇入	2023-07-05T08:47:08+08:00
浦东·川沙	倘(倘)	[空]	thaon3(tʰɑ̃⁴⁴)	true	thaon3	暂无	自旧档汇入	2023-07-05T08:47:08+08:00
浦东·川沙	躺(躺)	[空]	thaon3(tʰɑ̃⁴⁴)	true	thaon3	暂无	自旧档汇入	2023-07-05T08:47:08+08:00
浦东·川沙	妆(妝)	[空]	tsaon1(tsɑ̃⁵³)	true	tsaon1	暂无	自旧档汇入	2023-07-05T08:47:08+08:00
浦东·川沙	桩(樁)	[空]	tsaon1(tsɑ̃⁵³)	true	tsaon1	暂无	自旧档汇入	2023-07-05T08:47:08+08:00
浦东·川沙	樟(樟)	[空]	tsaon1(tsɑ̃⁵³)	true	tsaon1	暂无	自旧档汇入	2023-07-05T08:47:08+08:00
浦东·川沙	庄(莊)	[空]	tsaon1(tsɑ̃⁵³)	true	tsaon1	暂无	自旧档汇入	2023-07-05T08:47:08+08:00
浦东·川沙	装(裝)	[空]	tsaon1(tsɑ̃⁵³)	true	tsaon1	暂无	自旧档汇入	2023-07-05T08:47:08+08:00
浦东·川沙	赃(贓)	[空]	tsaon1(tsɑ̃⁵³)	true	tsaon1	暂无	自旧档汇入	2023-07-05T08:47:08+08:00
浦东·川沙	脏(髒)	肮~	tsaon1(tsɑ̃⁵³)	true	tsaon1	暂无	自旧档汇入	2023-07-05T08:47:08+08:00
浦东·川沙	壮(壯)	[空]	tsaon5(tsɑ̃³⁵)	true	tsaon5	暂无	自旧档汇入	2023-07-05T08:47:08+08:00
浦东·川沙	奘(奘)	人~来，胖	tsaon5(tsɑ̃³⁵)	true	tsaon5	暂无	自旧档汇入	2023-07-05T08:47:08+08:00
浦东·川沙	葬(葬)	[空]	tsaon5(tsɑ̃³⁵)	true	tsaon5	暂无	自旧档汇入	2023-07-05T08:47:08+08:00
浦东·川沙	仓(倉)	[空]	tshaon1(tsʰɑ̃⁵³)	true	tshaon1	暂无	自旧档汇入	2023-07-05T08:47:08+08:00
浦东·川沙	疮(瘡)	[空]	tshaon1(tsʰɑ̃⁵³)	true	tshaon1	暂无	自旧档汇入	2023-07-05T08:47:08+08:00
浦东·川沙	窗(窗)	[空]	tshaon1(tsʰɑ̃⁵³)	true	tshaon1	暂无	自旧档汇入	2023-07-05T08:47:08+08:00
浦东·川沙	菖(菖)	~蒲	tshaon1(tsʰɑ̃⁵³)	true	tshaon1	暂无	自旧档汇入	2023-07-05T08:47:08+08:00
浦东·川沙	苍(蒼)	[空]	tshaon1(tsʰɑ̃⁵³)	true	tshaon1	暂无	自旧档汇入	2023-07-05T08:47:08+08:00
浦东·川沙	闯(闖)	[空]	tshaon3(tsʰɑ̃⁴⁴)	true	tshaon3	暂无	自旧档汇入	2023-07-05T08:47:08+08:00
浦东·川沙	倡(倡)	提~	tshaon5(tsʰɑ̃³⁵)	true	tshaon5	暂无	自旧档汇入	2023-07-05T08:47:08+08:00
浦东·川沙	创(創)	[空]	tshaon5(tsʰɑ̃³⁵)	true	tshaon5	暂无	自旧档汇入	2023-07-05T08:47:08+08:00
浦东·川沙	唱(唱)	[空]	tshaon5(tsʰɑ̃³⁵)	true	tshaon5	暂无	自旧档汇入	2023-07-05T08:47:08+08:00
浦东·川沙	偿(償)	[空]	zaon2(zɑ̃²¹³)	true	zaon2	暂无	自旧档汇入	2023-07-05T08:47:08+08:00
浦东·川沙	尝(嘗)	[空]	zaon2(zɑ̃²¹³)	true	zaon2	暂无	自旧档汇入	2023-07-05T08:47:08+08:00
浦东·川沙	藏(藏)	隐~	zaon2(zɑ̃²¹³)	true	zaon2	暂无	自旧档汇入	2023-07-05T08:47:08+08:00
浦东·川沙	裳(裳)	[空]	zaon2(zɑ̃²¹³)	true	zaon2	暂无	自旧档汇入	2023-07-05T08:47:08+08:00
浦东·川沙	上(上)	[空]	zaon2(zɑ̃²¹³)	true	zaon2	暂无	自旧档汇入	2023-07-05T08:47:08+08:00
浦东·川沙	奘(奘)	玄~	zaon6(zɑ̃¹³)	true	zaon6	暂无	自旧档汇入	2023-07-05T08:47:08+08:00
浦东·川沙	尚(尚)	[空]	zaon6(zɑ̃¹³)	true	zaon6	暂无	自旧档汇入	2023-07-05T08:47:08+08:00
浦东·川沙	幢(幢)	[空]	zaon6(zɑ̃¹³)	true	zaon6	暂无	自旧档汇入	2023-07-05T08:47:08+08:00
浦东·川沙	撞(撞)	[空]	zaon6(zɑ̃¹³)	true	zaon6	暂无	自旧档汇入	2023-07-05T08:47:08+08:00
浦东·川沙	状(狀)	[空]	zaon6(zɑ̃¹³)	true	zaon6	暂无	自旧档汇入	2023-07-05T08:47:08+08:00
浦东·川沙	藏(藏)	西~	zaon6(zɑ̃¹³)	true	zaon6	暂无	自旧档汇入	2023-07-05T08:47:08+08:00
浦东·川沙	脏(臟)	五~	zaon6(zɑ̃¹³)	true	zaon6	暂无	自旧档汇入	2023-07-05T08:47:08+08:00
浦东·川沙	□(□)	性交	zaon6(zɑ̃¹³)	true	zaon6	暂无	自旧档汇入	2023-07-05T08:47:08+08:00
浦东·川沙	汪(汪)	[空]	uaon1(βɑ̃⁵³)	true	uaon1	暂无	自旧档汇入	2023-07-05T08:47:08+08:00
浦东·川沙	亡(亡)	[空]	vaon2(βɑ̃²¹³)	true	vaon2	暂无	自旧档汇入	2023-07-05T08:47:08+08:00
浦东·川沙	房(房)	过~亲	vaon2(βɑ̃²¹³)	true	vaon2	暂无	自旧档汇入	2023-07-05T08:47:08+08:00
浦东·川沙	煌(煌)	[空]	vaon2(βɑ̃²¹³)	true	vaon2	暂无	自旧档汇入	2023-07-05T08:47:08+08:00
浦东·川沙	王(王)	[空]	vaon2(βɑ̃²¹³)	true	vaon2	暂无	自旧档汇入	2023-07-05T08:47:08+08:00
浦东·川沙	皇(皇)	[空]	vaon2(βɑ̃²¹³)	true	vaon2	暂无	自旧档汇入	2023-07-05T08:47:08+08:00
浦东·川沙	簧(簧)	[空]	vaon2(βɑ̃²¹³)	true	vaon2	暂无	自旧档汇入	2023-07-05T08:47:08+08:00
浦东·川沙	黄(黃)	[空]	vaon2(βɑ̃²¹³)	true	vaon2	暂无	自旧档汇入	2023-07-05T08:47:08+08:00
浦东·川沙	往(往)	[空]	uaon3(βɑ̃⁴⁴)	true	uaon3	暂无	自旧档汇入	2023-07-05T08:47:08+08:00
浦东·川沙	枉(枉)	[空]	uaon3(βɑ̃⁴⁴)	true	uaon3	暂无	自旧档汇入	2023-07-05T08:47:08+08:00
浦东·川沙	妄(妄)	[空]	vaon6(βɑ̃¹³)	true	vaon6	暂无	自旧档汇入	2023-07-05T08:47:08+08:00
浦东·川沙	忘(忘)	[空]	vaon6(βɑ̃¹³)	true	vaon6	暂无	自旧档汇入	2023-07-05T08:47:08+08:00
浦东·川沙	旺(旺)	[空]	vaon6(βɑ̃¹³)	true	vaon6	暂无	自旧档汇入	2023-07-05T08:47:08+08:00
浦东·川沙	晃(晃)	走路~勒~，摇晃	vaon6(βɑ̃¹³)	true	vaon6	暂无	自旧档汇入	2023-07-05T08:47:08+08:00
浦东·川沙	望(望)	[空]	vaon6(βɑ̃¹³)	true	vaon6	暂无	自旧档汇入	2023-07-05T08:47:08+08:00
浦东·川沙	肮(骯)	~脏	aon1(ɑ̃⁵³)	true	aon1	暂无	自旧档汇入	2023-07-05T08:47:08+08:00
浦东·川沙	□(□)	~小人困，抱着哄拍	aon1(ɑ̃⁵³)	true	aon1	暂无	自旧档汇入	2023-07-05T08:47:08+08:00
浦东·川沙	拔(拔)	[空]	baeq8(bæʔ²³)	true	baeq8	暂无	自旧档汇入	2023-07-05T08:47:08+08:00
浦东·川沙	爿(爿)	一~店	baeq8(bæʔ²³)	true	baeq8	暂无	自旧档汇入	2023-07-05T08:47:08+08:00
浦东·川沙	白(白)	茭~	baeq8(bæʔ²³)	true	baeq8	暂无	自旧档汇入	2023-07-05T08:47:08+08:00
浦东·川沙	八(八)	[空]	paeq7(ɓæʔ⁵)	true	paeq7	暂无	自旧档汇入	2023-07-05T08:47:08+08:00
浦东·川沙	踏(踏)	[空]	daeq8(dæʔ²³)	true	daeq8	暂无	自旧档汇入	2023-07-05T08:47:08+08:00
浦东·川沙	达(達)	[空]	daeq8(dæʔ²³)	true	daeq8	暂无	自旧档汇入	2023-07-05T08:47:08+08:00
浦东·川沙	闼(闥)	窗~，上为窗，下为~	daeq8(dæʔ²³)	true	daeq8	暂无	自旧档汇入	2023-07-05T08:47:08+08:00
浦东·川沙	搭(搭)	[空]	taeq7(ɗæʔ⁵)	true	taeq7	暂无	自旧档汇入	2023-07-05T08:47:08+08:00
浦东·川沙	答(答)	[空]	taeq7(ɗæʔ⁵)	true	taeq7	暂无	自旧档汇入	2023-07-05T08:47:08+08:00
浦东·川沙	褡(褡)	~裢	taeq7(ɗæʔ⁵)	true	taeq7	暂无	自旧档汇入	2023-07-05T08:47:08+08:00
浦东·川沙	轧(軋)	挤，压	gaeq8(ɡæʔ²³)	true	gaeq8	暂无	自旧档汇入	2023-07-05T08:47:08+08:00
浦东·川沙	呻(呻)	[空]	haeq7(hæʔ⁵)	true	haeq7	暂无	自旧档汇入	2023-07-05T08:47:08+08:00
浦东·川沙	喝(喝)	~茶	haeq7(hæʔ⁵)	true	haeq7	暂无	自旧档汇入	2023-07-05T08:47:08+08:00
浦东·川沙	恰(恰)	~好	haeq7(hæʔ⁵)	true	haeq7	暂无	自旧档汇入	2023-07-05T08:47:08+08:00
浦东·川沙	瞎(瞎)	[空]	haeq7(hæʔ⁵)	true	haeq7	暂无	自旧档汇入	2023-07-05T08:47:08+08:00
浦东·川沙	辖(轄)	[空]	haeq7(hæʔ⁵)	true	haeq7	暂无	自旧档汇入	2023-07-05T08:47:08+08:00
浦东·川沙	匣(匣)	[空]	ghaeq8(ɦæʔ²³)	true	ghaeq8	暂无	自旧档汇入	2023-07-05T08:47:08+08:00
浦东·川沙	峡(峽)	[空]	ghaeq8(ɦæʔ²³)	true	ghaeq8	暂无	自旧档汇入	2023-07-05T08:47:08+08:00
浦东·川沙	狭(狹)	[空]	ghaeq8(ɦæʔ²³)	true	ghaeq8	暂无	自旧档汇入	2023-07-05T08:47:08+08:00
浦东·川沙	盒(盒)	[空]	ghaeq8(ɦæʔ²³)	true	ghaeq8	暂无	自旧档汇入	2023-07-05T08:47:08+08:00
浦东·川沙	夹(夾)	[空]	kaeq7(kæʔ⁵)	true	kaeq7	暂无	自旧档汇入	2023-07-05T08:47:08+08:00
浦东·川沙	甲(甲)	盔~	kaeq7(kæʔ⁵)	true	kaeq7	暂无	自旧档汇入	2023-07-05T08:47:08+08:00
浦东·川沙	恰(恰)	~~，刚才	khaeq7(kʰæʔ⁵)	true	khaeq7	暂无	自旧档汇入	2023-07-05T08:47:08+08:00
浦东·川沙	掐(掐)	~卦	khaeq7(kʰæʔ⁵)	true	khaeq7	暂无	自旧档汇入	2023-07-05T08:47:08+08:00
浦东·川沙	□(□)	~牢住，压住	khaeq7(kʰæʔ⁵)	true	khaeq7	暂无	自旧档汇入	2023-07-05T08:47:08+08:00
浦东·川沙	栏(欄)	栅~	laeq8(læʔ²³)	true	laeq8	暂无	自旧档汇入	2023-07-05T08:47:08+08:00
浦东·川沙	猎(獵)	~狗	laeq8(læʔ²³)	true	laeq8	暂无	自旧档汇入	2023-07-05T08:47:08+08:00
浦东·川沙	瘌(瘌)	[空]	laeq8(læʔ²³)	true	laeq8	暂无	自旧档汇入	2023-07-05T08:47:08+08:00
浦东·川沙	腊(臘)	[空]	laeq8(læʔ²³)	true	laeq8	暂无	自旧档汇入	2023-07-05T08:47:08+08:00
浦东·川沙	蜡(蠟)	[空]	laeq8(læʔ²³)	true	laeq8	暂无	自旧档汇入	2023-07-05T08:47:08+08:00
浦东·川沙	辣(辣)	[空]	laeq8(læʔ²³)	true	laeq8	暂无	自旧档汇入	2023-07-05T08:47:08+08:00
浦东·川沙	邋(邋)	[空]	laeq8(læʔ²³)	true	laeq8	暂无	自旧档汇入	2023-07-05T08:47:08+08:00
浦东·川沙	□(□)	~水，泼	laeq8(læʔ²³)	true	laeq8	暂无	自旧档汇入	2023-07-05T08:47:08+08:00
浦东·川沙	袜(襪)	[空]	maeq8(mæʔ²³)	true	maeq8	暂无	自旧档汇入	2023-07-05T08:47:08+08:00
浦东·川沙	捺(捺)	[空]	naeq8(næʔ²³)	true	naeq8	暂无	自旧档汇入	2023-07-05T08:47:08+08:00
浦东·川沙	齾(齾)	~口，缺	ngaeq8(ŋæʔ²³)	true	ngaeq8	暂无	自旧档汇入	2023-07-05T08:47:08+08:00
浦东·川沙	法(法)	[空]	faeq7(ɸæʔ⁵)	true	faeq7	暂无	自旧档汇入	2023-07-05T08:47:08+08:00
浦东·川沙	发(發)	[空]	faeq7(ɸæʔ⁵)	true	faeq7	暂无	自旧档汇入	2023-07-05T08:47:08+08:00
浦东·川沙	豁(豁)	[空]	faeq7(ɸæʔ⁵)	true	faeq7	暂无	自旧档汇入	2023-07-05T08:47:08+08:00
浦东·川沙	杀(殺)	[空]	saeq7(sæʔ⁵)	true	saeq7	暂无	自旧档汇入	2023-07-05T08:47:08+08:00
浦东·川沙	煞(煞)	开心~，~车	saeq7(sæʔ⁵)	true	saeq7	暂无	自旧档汇入	2023-07-05T08:47:08+08:00
浦东·川沙	眨(眨)	[空]	saeq7(sæʔ⁵)	true	saeq7	暂无	自旧档汇入	2023-07-05T08:47:08+08:00
浦东·川沙	萨(薩)	[空]	saeq7(sæʔ⁵)	true	saeq7	暂无	自旧档汇入	2023-07-05T08:47:08+08:00
浦东·川沙	□(□)	~孵，母鸡抱窝	saeq7(sæʔ⁵)	true	saeq7	暂无	自旧档汇入	2023-07-05T08:47:08+08:00
浦东·川沙	塔(塔)	[空]	thaeq7(tʰæʔ⁵)	true	thaeq7	暂无	自旧档汇入	2023-07-05T08:47:08+08:00
浦东·川沙	搨(搨)	~粉，搽，抹	thaeq7(tʰæʔ⁵)	true	thaeq7	暂无	自旧档汇入	2023-07-05T08:47:08+08:00
浦东·川沙	榻(榻)	[空]	thaeq7(tʰæʔ⁵)	true	thaeq7	暂无	自旧档汇入	2023-07-05T08:47:08+08:00
浦东·川沙	獭(獺)	[空]	thaeq7(tʰæʔ⁵)	true	thaeq7	暂无	自旧档汇入	2023-07-05T08:47:08+08:00
浦东·川沙	遢(遢)	邋~	thaeq7(tʰæʔ⁵)	true	thaeq7	暂无	自旧档汇入	2023-07-05T08:47:08+08:00
浦东·川沙	咂(咂)	~滋味，辨	tsaeq7(tsæʔ⁵)	true	tsaeq7	暂无	自旧档汇入	2023-07-05T08:47:08+08:00
浦东·川沙	札(札)	[空]	tsaeq7(tsæʔ⁵)	true	tsaeq7	暂无	自旧档汇入	2023-07-05T08:47:08+08:00
浦东·川沙	扎(紮)	[空]	tsaeq7(tsæʔ⁵)	true	tsaeq7	暂无	自旧档汇入	2023-07-05T08:47:08+08:00
浦东·川沙	察(察)	[空]	tshaeq7(tsʰæʔ⁵)	true	tshaeq7	暂无	自旧档汇入	2023-07-05T08:47:08+08:00
浦东·川沙	插(插)	[空]	tshaeq7(tsʰæʔ⁵)	true	tshaeq7	暂无	自旧档汇入	2023-07-05T08:47:08+08:00
浦东·川沙	擦(擦)	[空]	tshaeq7(tsʰæʔ⁵)	true	tshaeq7	暂无	自旧档汇入	2023-07-05T08:47:08+08:00
浦东·川沙	侧(側)	[空]	zaeq8(zæʔ²³)	true	zaeq8	暂无	自旧档汇入	2023-07-05T08:47:08+08:00
浦东·川沙	煠(煠)	~~酥，久煮	zaeq8(zæʔ²³)	true	zaeq8	暂无	自旧档汇入	2023-07-05T08:47:08+08:00
浦东·川沙	闸(閘)	[空]	zaeq8(zæʔ²³)	true	zaeq8	暂无	自旧档汇入	2023-07-05T08:47:08+08:00
浦东·川沙	□(□)	~出来，凸出	zaeq8(zæʔ²³)	true	zaeq8	暂无	自旧档汇入	2023-07-05T08:47:08+08:00
浦东·川沙	挖(挖)	[空]	uaeq7(βæʔ⁵)	true	uaeq7	暂无	自旧档汇入	2023-07-05T08:47:08+08:00
浦东·川沙	乏(乏)	[空]	vaeq8(βæʔ²³)	true	vaeq8	暂无	自旧档汇入	2023-07-05T08:47:08+08:00
浦东·川沙	伐(伐)	[空]	vaeq8(βæʔ²³)	true	vaeq8	暂无	自旧档汇入	2023-07-05T08:47:08+08:00
浦东·川沙	滑(滑)	[空]	vaeq8(βæʔ²³)	true	vaeq8	暂无	自旧档汇入	2023-07-05T08:47:08+08:00
浦东·川沙	猾(猾)	[空]	vaeq8(βæʔ²³)	true	vaeq8	暂无	自旧档汇入	2023-07-05T08:47:08+08:00
浦东·川沙	筏(筏)	[空]	vaeq8(βæʔ²³)	true	vaeq8	暂无	自旧档汇入	2023-07-05T08:47:08+08:00
浦东·川沙	罚(罰)	[空]	vaeq8(βæʔ²³)	true	vaeq8	暂无	自旧档汇入	2023-07-05T08:47:08+08:00
浦东·川沙	□(□)	~水，泼	vaeq8(βæʔ²³)	true	vaeq8	暂无	自旧档汇入	2023-07-05T08:47:08+08:00
浦东·川沙	压(壓)	[空]	aeq7(æʔ⁵)	true	aeq7	暂无	自旧档汇入	2023-07-05T08:47:08+08:00
浦东·川沙	押(押)	[空]	aeq7(æʔ⁵)	true	aeq7	暂无	自旧档汇入	2023-07-05T08:47:08+08:00
浦东·川沙	阿(阿)	~三	aeq7(æʔ⁵)	true	aeq7	暂无	自旧档汇入	2023-07-05T08:47:08+08:00
浦东·川沙	鸭(鴨)	[空]	aeq7(æʔ⁵)	true	aeq7	暂无	自旧档汇入	2023-07-05T08:47:08+08:00
浦东·川沙	白(白)	[空]	baq8(bᴀʔ²³)	true	baq8	暂无	自旧档汇入	2023-07-05T08:47:08+08:00
浦东·川沙	伯(伯)	[空]	paq7(ɓᴀʔ⁵)	true	paq7	暂无	自旧档汇入	2023-07-05T08:47:08+08:00
浦东·川沙	擘(擘)	~开	paq7(ɓᴀʔ⁵)	true	paq7	暂无	自旧档汇入	2023-07-05T08:47:08+08:00
浦东·川沙	柏(柏)	[空]	paq7(ɓᴀʔ⁵)	true	paq7	暂无	自旧档汇入	2023-07-05T08:47:08+08:00
浦东·川沙	百(百)	[空]	paq7(ɓᴀʔ⁵)	true	paq7	暂无	自旧档汇入	2023-07-05T08:47:08+08:00
浦东·川沙	□(□)	水~，水垢	paq7(ɓᴀʔ⁵)	true	paq7	暂无	自旧档汇入	2023-07-05T08:47:08+08:00
浦东·川沙	吓(嚇)	[空]	haq7(hᴀʔ⁵)	true	haq7	暂无	自旧档汇入	2023-07-05T08:47:08+08:00
浦东·川沙	格(格)	[空]	kaq7(kᴀʔ⁵)	true	kaq7	暂无	自旧档汇入	2023-07-05T08:47:08+08:00
浦东·川沙	隔(隔)	[空]	kaq7(kᴀʔ⁵)	true	kaq7	暂无	自旧档汇入	2023-07-05T08:47:08+08:00
浦东·川沙	□(□)	~电台，~~准，校，旋	kaq7(kᴀʔ⁵)	true	kaq7	暂无	自旧档汇入	2023-07-05T08:47:08+08:00
浦东·川沙	客(客)	[空]	khaq7(kʰᴀʔ⁵)	true	khaq7	暂无	自旧档汇入	2023-07-05T08:47:08+08:00
浦东·川沙	脉(脈)	[空]	maq8(mᴀʔ²³)	true	maq8	暂无	自旧档汇入	2023-07-05T08:47:08+08:00
浦东·川沙	陌(陌)	[空]	maq8(mᴀʔ²³)	true	maq8	暂无	自旧档汇入	2023-07-05T08:47:08+08:00
浦东·川沙	麦(麥)	[空]	maq8(mᴀʔ²³)	true	maq8	暂无	自旧档汇入	2023-07-05T08:47:08+08:00
浦东·川沙	额(額)	[空]	ngaq8(ŋᴀʔ²³)	true	ngaq8	暂无	自旧档汇入	2023-07-05T08:47:08+08:00
浦东·川沙	□(□)	~断，摇晃，推动	ngaq8(ŋᴀʔ²³)	true	ngaq8	暂无	自旧档汇入	2023-07-05T08:47:08+08:00
浦东·川沙	拍(拍)	[空]	phaq7(pʰᴀʔ⁵)	true	phaq7	暂无	自旧档汇入	2023-07-05T08:47:08+08:00
浦东·川沙	𤖼(𤖼)	~开脚，分开	phaq7(pʰᴀʔ⁵)	true	phaq7	暂无	自旧档汇入	2023-07-05T08:47:08+08:00
浦东·川沙	□(□)	~开脚，分开	phaq7(pʰᴀʔ⁵)	true	phaq7	暂无	自旧档汇入	2023-07-05T08:47:08+08:00
浦东·川沙	栅(柵)	[空]	saq7(sᴀʔ⁵)	true	saq7	暂无	自旧档汇入	2023-07-05T08:47:08+08:00
浦东·川沙	湿(濕)	[空]	saq7(sᴀʔ⁵)	true	saq7	暂无	自旧档汇入	2023-07-05T08:47:08+08:00
浦东·川沙	□(□)	门~，~门，闩（不固定的）	saq7(sᴀʔ⁵)	true	saq7	暂无	自旧档汇入	2023-07-05T08:47:08+08:00
浦东·川沙	脱(脫)	弄坏~，助词	thaq7(tʰᴀʔ⁵)	true	thaq7	暂无	自旧档汇入	2023-07-05T08:47:08+08:00
浦东·川沙	只(只)	[空]	tsaq7(tsᴀʔ⁵)	true	tsaq7	暂无	自旧档汇入	2023-07-05T08:47:08+08:00
浦东·川沙	摘(摘)	[空]	tsaq7(tsᴀʔ⁵)	true	tsaq7	暂无	自旧档汇入	2023-07-05T08:47:08+08:00
浦东·川沙	着(著)	~衣裳	tsaq7(tsᴀʔ⁵)	true	tsaq7	暂无	自旧档汇入	2023-07-05T08:47:08+08:00
浦东·川沙	酌(酌)	[空]	tsaq7(tsᴀʔ⁵)	true	tsaq7	暂无	自旧档汇入	2023-07-05T08:47:08+08:00
浦东·川沙	□(□)	~水，略洒	tsaq7(tsᴀʔ⁵)	true	tsaq7	暂无	自旧档汇入	2023-07-05T08:47:08+08:00
浦东·川沙	册(冊)	[空]	tshaq7(tsʰᴀʔ⁵)	true	tshaq7	暂无	自旧档汇入	2023-07-05T08:47:08+08:00
浦东·川沙	坼(坼)	开~，裂开	tshaq7(tsʰᴀʔ⁵)	true	tshaq7	暂无	自旧档汇入	2023-07-05T08:47:08+08:00
浦东·川沙	尺(尺)	[空]	tshaq7(tsʰᴀʔ⁵)	true	tshaq7	暂无	自旧档汇入	2023-07-05T08:47:08+08:00
浦东·川沙	拆(拆)	[空]	tshaq7(tsʰᴀʔ⁵)	true	tshaq7	暂无	自旧档汇入	2023-07-05T08:47:08+08:00
浦东·川沙	焯(焯)	肉~白水	tshaq7(tsʰᴀʔ⁵)	true	tshaq7	暂无	自旧档汇入	2023-07-05T08:47:08+08:00
浦东·川沙	策(策)	[空]	tshaq7(tsʰᴀʔ⁵)	true	tshaq7	暂无	自旧档汇入	2023-07-05T08:47:08+08:00
浦东·川沙	绰(綽)	[空]	tshaq7(tsʰᴀʔ⁵)	true	tshaq7	暂无	自旧档汇入	2023-07-05T08:47:08+08:00
浦东·川沙	赤(赤)	~豆	tshaq7(tsʰᴀʔ⁵)	true	tshaq7	暂无	自旧档汇入	2023-07-05T08:47:08+08:00
浦东·川沙	□(□)	~尿，~蛋，排泻，下	tshaq7(tsʰᴀʔ⁵)	true	tshaq7	暂无	自旧档汇入	2023-07-05T08:47:08+08:00
浦东·川沙	宅(宅)	[空]	zaq8(zᴀʔ²³)	true	zaq8	暂无	自旧档汇入	2023-07-05T08:47:08+08:00
浦东·川沙	弱(弱)	[空]	zaq8(zᴀʔ²³)	true	zaq8	暂无	自旧档汇入	2023-07-05T08:47:08+08:00
浦东·川沙	掷(擲)	~骰子	zaq8(zᴀʔ²³)	true	zaq8	暂无	自旧档汇入	2023-07-05T08:47:08+08:00
浦东·川沙	石(石)	[空]	zaq8(zᴀʔ²³)	true	zaq8	暂无	自旧档汇入	2023-07-05T08:47:08+08:00
浦东·川沙	芍(芍)	[空]	zaq8(zᴀʔ²³)	true	zaq8	暂无	自旧档汇入	2023-07-05T08:47:08+08:00
浦东·川沙	若(若)	[空]	zaq8(zᴀʔ²³)	true	zaq8	暂无	自旧档汇入	2023-07-05T08:47:08+08:00
浦东·川沙	着(著)	困~	zaq8(zᴀʔ²³)	true	zaq8	暂无	自旧档汇入	2023-07-05T08:47:08+08:00
浦东·川沙	踯(躑)	~脚，跺	zaq8(zᴀʔ²³)	true	zaq8	暂无	自旧档汇入	2023-07-05T08:47:08+08:00
浦东·川沙	阿(阿)	~哥	aq7(ᴀʔ⁵)	true	aq7	暂无	自旧档汇入	2023-07-05T08:47:08+08:00
浦东·川沙	袍(袍)	[空]	bau2(bɔ²¹³)	true	bau2	暂无	自旧档汇入	2023-07-05T08:47:08+08:00
浦东·川沙	跑(跑)	[空]	bau2(bɔ²¹³)	true	bau2	暂无	自旧档汇入	2023-07-05T08:47:08+08:00
浦东·川沙	抱(抱)	[空]	bau2(bɔ²¹³)	true	bau2	暂无	自旧档汇入	2023-07-05T08:47:08+08:00
浦东·川沙	鲍(鮑)	[空]	bau2(bɔ²¹³)	true	bau2	暂无	自旧档汇入	2023-07-05T08:47:08+08:00
浦东·川沙	刨(刨)	[空]	bau6(bɔ¹³)	true	bau6	暂无	自旧档汇入	2023-07-05T08:47:08+08:00
浦东·川沙	暴(暴)	[空]	bau6(bɔ¹³)	true	bau6	暂无	自旧档汇入	2023-07-05T08:47:08+08:00
浦东·川沙	爆(爆)	~炸	bau6(bɔ¹³)	true	bau6	暂无	自旧档汇入	2023-07-05T08:47:08+08:00
浦东·川沙	包(包)	[空]	pau1(ɓɔ⁵³)	true	pau1	暂无	自旧档汇入	2023-07-05T08:47:08+08:00
浦东·川沙	胞(胞)	[空]	pau1(ɓɔ⁵³)	true	pau1	暂无	自旧档汇入	2023-07-05T08:47:08+08:00
浦东·川沙	保(保)	[空]	pau3(ɓɔ⁴⁴)	true	pau3	暂无	自旧档汇入	2023-07-05T08:47:08+08:00
浦东·川沙	堡(堡)	[空]	pau3(ɓɔ⁴⁴)	true	pau3	暂无	自旧档汇入	2023-07-05T08:47:08+08:00
浦东·川沙	宝(寶)	[空]	pau3(ɓɔ⁴⁴)	true	pau3	暂无	自旧档汇入	2023-07-05T08:47:08+08:00
浦东·川沙	饱(飽)	[空]	pau3(ɓɔ⁴⁴)	true	pau3	暂无	自旧档汇入	2023-07-05T08:47:08+08:00
浦东·川沙	报(報)	[空]	pau5(ɓɔ³⁵)	true	pau5	暂无	自旧档汇入	2023-07-05T08:47:08+08:00
浦东·川沙	爆(爆)	~开来，迸裂	pau5(ɓɔ³⁵)	true	pau5	暂无	自旧档汇入	2023-07-05T08:47:08+08:00
浦东·川沙	豹(豹)	[空]	pau5(ɓɔ³⁵)	true	pau5	暂无	自旧档汇入	2023-07-05T08:47:08+08:00
浦东·川沙	□(□)	~勿动，走	pau5(ɓɔ³⁵)	true	pau5	暂无	自旧档汇入	2023-07-05T08:47:08+08:00
浦东·川沙	桃(桃)	[空]	dau2(dɔ²¹³)	true	dau2	暂无	自旧档汇入	2023-07-05T08:47:08+08:00
浦东·川沙	淘(淘)	[空]	dau2(dɔ²¹³)	true	dau2	暂无	自旧档汇入	2023-07-05T08:47:08+08:00
浦东·川沙	涛(濤)	[空]	dau2(dɔ²¹³)	true	dau2	暂无	自旧档汇入	2023-07-05T08:47:08+08:00
浦东·川沙	萄(萄)	[空]	dau2(dɔ²¹³)	true	dau2	暂无	自旧档汇入	2023-07-05T08:47:08+08:00
浦东·川沙	逃(逃)	[空]	dau2(dɔ²¹³)	true	dau2	暂无	自旧档汇入	2023-07-05T08:47:08+08:00
浦东·川沙	陶(陶)	[空]	dau2(dɔ²¹³)	true	dau2	暂无	自旧档汇入	2023-07-05T08:47:08+08:00
浦东·川沙	稻(稻)	[空]	dau2(dɔ²¹³)	true	dau2	暂无	自旧档汇入	2023-07-05T08:47:08+08:00
浦东·川沙	道(道)	[空]	dau2(dɔ²¹³)	true	dau2	暂无	自旧档汇入	2023-07-05T08:47:08+08:00
浦东·川沙	导(導)	[空]	dau6(dɔ¹³)	true	dau6	暂无	自旧档汇入	2023-07-05T08:47:08+08:00
浦东·川沙	悼(悼)	[空]	dau6(dɔ¹³)	true	dau6	暂无	自旧档汇入	2023-07-05T08:47:08+08:00
浦东·川沙	盗(盜)	[空]	dau6(dɔ¹³)	true	dau6	暂无	自旧档汇入	2023-07-05T08:47:08+08:00
浦东·川沙	蹈(蹈)	[空]	dau6(dɔ¹³)	true	dau6	暂无	自旧档汇入	2023-07-05T08:47:08+08:00
浦东·川沙	□(□)	~一~，搅拌	dau6(dɔ¹³)	true	dau6	暂无	自旧档汇入	2023-07-05T08:47:08+08:00
浦东·川沙	刀(刀)	[空]	tau1(ɗɔ⁵³)	true	tau1	暂无	自旧档汇入	2023-07-05T08:47:08+08:00
浦东·川沙	倒(倒)	~过来	tau3(ɗɔ⁴⁴)	true	tau3	暂无	自旧档汇入	2023-07-05T08:47:08+08:00
浦东·川沙	岛(島)	[空]	tau3(ɗɔ⁴⁴)	true	tau3	暂无	自旧档汇入	2023-07-05T08:47:08+08:00
浦东·川沙	捣(搗)	[空]	tau3(ɗɔ⁴⁴)	true	tau3	暂无	自旧档汇入	2023-07-05T08:47:08+08:00
浦东·川沙	祷(禱)	[空]	tau3(ɗɔ⁴⁴)	true	tau3	暂无	自旧档汇入	2023-07-05T08:47:08+08:00
浦东·川沙	倒(倒)	~水	tau5(ɗɔ³⁵)	true	tau5	暂无	自旧档汇入	2023-07-05T08:47:08+08:00
浦东·川沙	到(到)	[空]	tau5(ɗɔ³⁵)	true	tau5	暂无	自旧档汇入	2023-07-05T08:47:08+08:00
浦东·川沙	搞(搞)	[空]	gau2(ɡɔ²¹³)	true	gau2	暂无	自旧档汇入	2023-07-05T08:47:08+08:00
浦东·川沙	□(□)	蟹~，螯	gau2(ɡɔ²¹³)	true	gau2	暂无	自旧档汇入	2023-07-05T08:47:08+08:00
浦东·川沙	蒿(蒿)	[空]	hau1(hɔ⁵³)	true	hau1	暂无	自旧档汇入	2023-07-05T08:47:08+08:00
浦东·川沙	□(□)	咸肉~脱，变质，哈喇	hau1(hɔ⁵³)	true	hau1	暂无	自旧档汇入	2023-07-05T08:47:08+08:00
浦东·川沙	好(好)	[空]	hau3(hɔ⁴⁴)	true	hau3	暂无	自旧档汇入	2023-07-05T08:47:08+08:00
浦东·川沙	晓(曉)	~得，知道	hau3(hɔ⁴⁴)	true	hau3	暂无	自旧档汇入	2023-07-05T08:47:08+08:00
浦东·川沙	孝(孝)	戴~。白	hau5(hɔ³⁵)	true	hau5	暂无	自旧档汇入	2023-07-05T08:47:08+08:00
浦东·川沙	嚎(嚎)	[空]	ghau2(ɦɔ²¹³)	true	ghau2	暂无	自旧档汇入	2023-07-05T08:47:08+08:00
浦东·川沙	毫(毫)	[空]	ghau2(ɦɔ²¹³)	true	ghau2	暂无	自旧档汇入	2023-07-05T08:47:08+08:00
浦东·川沙	号(號)	~叫	ghau2(ɦɔ²¹³)	true	ghau2	暂无	自旧档汇入	2023-07-05T08:47:08+08:00
浦东·川沙	豪(豪)	[空]	ghau2(ɦɔ²¹³)	true	ghau2	暂无	自旧档汇入	2023-07-05T08:47:08+08:00
浦东·川沙	下(下)	[空]	ghau2(ɦɔ²¹³)	true	ghau2	暂无	自旧档汇入	2023-07-05T08:47:08+08:00
浦东·川沙	夏(夏)	[空]	ghau2(ɦɔ²¹³)	true	ghau2	暂无	自旧档汇入	2023-07-05T08:47:08+08:00
浦东·川沙	厦(廈)	[空]	ghau2(ɦɔ²¹³)	true	ghau2	暂无	自旧档汇入	2023-07-05T08:47:08+08:00
浦东·川沙	浩(浩)	[空]	ghau2(ɦɔ²¹³)	true	ghau2	暂无	自旧档汇入	2023-07-05T08:47:08+08:00
浦东·川沙	□(□)	~好份量，算准	ghau2(ɦɔ²¹³)	true	ghau2	暂无	自旧档汇入	2023-07-05T08:47:08+08:00
浦东·川沙	号(號)	~数	ghau6(ɦɔ¹³)	true	ghau6	暂无	自旧档汇入	2023-07-05T08:47:08+08:00
浦东·川沙	交(交)	白	kau1(kɔ⁵³)	true	kau1	暂无	自旧档汇入	2023-07-05T08:47:08+08:00
浦东·川沙	篙(篙)	[空]	kau1(kɔ⁵³)	true	kau1	暂无	自旧档汇入	2023-07-05T08:47:08+08:00
浦东·川沙	糕(糕)	[空]	kau1(kɔ⁵³)	true	kau1	暂无	自旧档汇入	2023-07-05T08:47:08+08:00
浦东·川沙	羔(羔)	[空]	kau1(kɔ⁵³)	true	kau1	暂无	自旧档汇入	2023-07-05T08:47:08+08:00
浦东·川沙	膏(膏)	[空]	kau1(kɔ⁵³)	true	kau1	暂无	自旧档汇入	2023-07-05T08:47:08+08:00
浦东·川沙	胶(膠)	白	kau1(kɔ⁵³)	true	kau1	暂无	自旧档汇入	2023-07-05T08:47:08+08:00
浦东·川沙	茭(茭)	~白	kau1(kɔ⁵³)	true	kau1	暂无	自旧档汇入	2023-07-05T08:47:08+08:00
浦东·川沙	跤(跤)	[空]	kau1(kɔ⁵³)	true	kau1	暂无	自旧档汇入	2023-07-05T08:47:08+08:00
浦东·川沙	铰(鉸)	~链	kau1(kɔ⁵³)	true	kau1	暂无	自旧档汇入	2023-07-05T08:47:08+08:00
浦东·川沙	高(高)	[空]	kau1(kɔ⁵³)	true	kau1	暂无	自旧档汇入	2023-07-05T08:47:08+08:00
浦东·川沙	搅(攪)	[空]	kau3(kɔ⁴⁴)	true	kau3	暂无	自旧档汇入	2023-07-05T08:47:08+08:00
浦东·川沙	稿(稿)	[空]	kau3(kɔ⁴⁴)	true	kau3	暂无	自旧档汇入	2023-07-05T08:47:08+08:00
浦东·川沙	绞(絞)	[空]	kau3(kɔ⁴⁴)	true	kau3	暂无	自旧档汇入	2023-07-05T08:47:08+08:00
浦东·川沙	告(告)	[空]	kau5(kɔ³⁵)	true	kau5	暂无	自旧档汇入	2023-07-05T08:47:08+08:00
浦东·川沙	教(教)	白	kau5(kɔ³⁵)	true	kau5	暂无	自旧档汇入	2023-07-05T08:47:08+08:00
浦东·川沙	校(校)	~准。白	kau5(kɔ³⁵)	true	kau5	暂无	自旧档汇入	2023-07-05T08:47:08+08:00
浦东·川沙	窖(窖)	白	kau5(kɔ³⁵)	true	kau5	暂无	自旧档汇入	2023-07-05T08:47:08+08:00
浦东·川沙	觉(覺)	困~，睡觉。白	kau5(kɔ³⁵)	true	kau5	暂无	自旧档汇入	2023-07-05T08:47:08+08:00
浦东·川沙	酵(酵)	白	kau5(kɔ³⁵)	true	kau5	暂无	自旧档汇入	2023-07-05T08:47:08+08:00
浦东·川沙	□(□)	~头，肥料	kau5(kɔ³⁵)	true	kau5	暂无	自旧档汇入	2023-07-05T08:47:08+08:00
浦东·川沙	敲(敲)	白	khau1(kʰɔ⁵³)	true	khau1	暂无	自旧档汇入	2023-07-05T08:47:08+08:00
浦东·川沙	烤(烤)	[空]	khau1(kʰɔ⁵³)	true	khau1	暂无	自旧档汇入	2023-07-05T08:47:08+08:00
浦东·川沙	考(考)	[空]	khau3(kʰɔ⁴⁴)	true	khau3	暂无	自旧档汇入	2023-07-05T08:47:08+08:00
浦东·川沙	拷(拷)	~酒，打酒	khau5(kʰɔ³⁵)	true	khau5	暂无	自旧档汇入	2023-07-05T08:47:08+08:00
浦东·川沙	靠(靠)	[空]	khau5(kʰɔ³⁵)	true	khau5	暂无	自旧档汇入	2023-07-05T08:47:08+08:00
浦东·川沙	捞(撈)	[空]	lau1(lɔ⁵³)	true	lau1	暂无	自旧档汇入	2023-07-05T08:47:08+08:00
浦东·川沙	劳(勞)	[空]	lau2(lɔ²¹³)	true	lau2	暂无	自旧档汇入	2023-07-05T08:47:08+08:00
浦东·川沙	牢(牢)	[空]	lau2(lɔ²¹³)	true	lau2	暂无	自旧档汇入	2023-07-05T08:47:08+08:00
浦东·川沙	痨(癆)	[空]	lau2(lɔ²¹³)	true	lau2	暂无	自旧档汇入	2023-07-05T08:47:08+08:00
浦东·川沙	佬(佬)	大好~	lau2(lɔ²¹³)	true	lau2	暂无	自旧档汇入	2023-07-05T08:47:08+08:00
浦东·川沙	老(老)	[空]	lau2(lɔ²¹³)	true	lau2	暂无	自旧档汇入	2023-07-05T08:47:08+08:00
浦东·川沙	涝(澇)	[空]	lau6(lɔ¹³)	true	lau6	暂无	自旧档汇入	2023-07-05T08:47:08+08:00
浦东·川沙	毛(毛)	[空]	mau2(mɔ²¹³)	true	mau2	暂无	自旧档汇入	2023-07-05T08:47:08+08:00
浦东·川沙	牡(牡)	[空]	mau2(mɔ²¹³)	true	mau2	暂无	自旧档汇入	2023-07-05T08:47:08+08:00
浦东·川沙	矛(矛)	~盾	mau2(mɔ²¹³)	true	mau2	暂无	自旧档汇入	2023-07-05T08:47:08+08:00
浦东·川沙	茅(茅)	[空]	mau2(mɔ²¹³)	true	mau2	暂无	自旧档汇入	2023-07-05T08:47:08+08:00
浦东·川沙	猫(貓)	[空]	mau2(mɔ²¹³)	true	mau2	暂无	自旧档汇入	2023-07-05T08:47:08+08:00
浦东·川沙	锚(錨)	[空]	mau2(mɔ²¹³)	true	mau2	暂无	自旧档汇入	2023-07-05T08:47:08+08:00
浦东·川沙	卯(卯)	[空]	mau2(mɔ²¹³)	true	mau2	暂无	自旧档汇入	2023-07-05T08:47:08+08:00
浦东·川沙	冒(冒)	[空]	mau6(mɔ¹³)	true	mau6	暂无	自旧档汇入	2023-07-05T08:47:08+08:00
浦东·川沙	帽(帽)	[空]	mau6(mɔ¹³)	true	mau6	暂无	自旧档汇入	2023-07-05T08:47:08+08:00
浦东·川沙	貌(貌)	[空]	mau6(mɔ¹³)	true	mau6	暂无	自旧档汇入	2023-07-05T08:47:08+08:00
浦东·川沙	拿(拿)	[空]	nau1(nɔ⁵³)	true	nau1	暂无	自旧档汇入	2023-07-05T08:47:08+08:00
浦东·川沙	挠(撓)	[空]	nau2(nɔ²¹³)	true	nau2	暂无	自旧档汇入	2023-07-05T08:47:08+08:00
浦东·川沙	饶(饒)	[空]	nau2(nɔ²¹³)	true	nau2	暂无	自旧档汇入	2023-07-05T08:47:08+08:00
浦东·川沙	恼(惱)	[空]	nau2(nɔ²¹³)	true	nau2	暂无	自旧档汇入	2023-07-05T08:47:08+08:00
浦东·川沙	脑(腦)	[空]	nau2(nɔ²¹³)	true	nau2	暂无	自旧档汇入	2023-07-05T08:47:08+08:00
浦东·川沙	闹(鬧)	[空]	nau6(nɔ¹³)	true	nau6	暂无	自旧档汇入	2023-07-05T08:47:08+08:00
浦东·川沙	熬(熬)	[空]	ngau2(ŋɔ²¹³)	true	ngau2	暂无	自旧档汇入	2023-07-05T08:47:08+08:00
浦东·川沙	咬(咬)	[空]	ngau2(ŋɔ²¹³)	true	ngau2	暂无	自旧档汇入	2023-07-05T08:47:08+08:00
浦东·川沙	瓦(瓦)	[空]	ngau2(ŋɔ²¹³)	true	ngau2	暂无	自旧档汇入	2023-07-05T08:47:08+08:00
浦东·川沙	傲(傲)	[空]	ngau6(ŋɔ¹³)	true	ngau6	暂无	自旧档汇入	2023-07-05T08:47:08+08:00
浦东·川沙	抛(拋)	[空]	phau1(pʰɔ⁵³)	true	phau1	暂无	自旧档汇入	2023-07-05T08:47:08+08:00
浦东·川沙	爆(爆)	~米花	phau1(pʰɔ⁵³)	true	phau1	暂无	自旧档汇入	2023-07-05T08:47:08+08:00
浦东·川沙	脬(脬)	猪尿~	phau1(pʰɔ⁵³)	true	phau1	暂无	自旧档汇入	2023-07-05T08:47:08+08:00
浦东·川沙	泡(泡)	[空]	phau5(pʰɔ³⁵)	true	phau5	暂无	自旧档汇入	2023-07-05T08:47:08+08:00
浦东·川沙	炮(炮)	[空]	phau5(pʰɔ³⁵)	true	phau5	暂无	自旧档汇入	2023-07-05T08:47:08+08:00
浦东·川沙	梢(梢)	[空]	sau1(sɔ⁵³)	true	sau1	暂无	自旧档汇入	2023-07-05T08:47:08+08:00
浦东·川沙	烧(燒)	[空]	sau1(sɔ⁵³)	true	sau1	暂无	自旧档汇入	2023-07-05T08:47:08+08:00
浦东·川沙	稍(稍)	[空]	sau1(sɔ⁵³)	true	sau1	暂无	自旧档汇入	2023-07-05T08:47:08+08:00
浦东·川沙	筲(筲)	~箕	sau1(sɔ⁵³)	true	sau1	暂无	自旧档汇入	2023-07-05T08:47:08+08:00
浦东·川沙	肖(肖)	生~	sau1(sɔ⁵³)	true	sau1	暂无	自旧档汇入	2023-07-05T08:47:08+08:00
浦东·川沙	臊(臊)	[空]	sau1(sɔ⁵³)	true	sau1	暂无	自旧档汇入	2023-07-05T08:47:08+08:00
浦东·川沙	艄(艄)	[空]	sau1(sɔ⁵³)	true	sau1	暂无	自旧档汇入	2023-07-05T08:47:08+08:00
浦东·川沙	骚(騷)	[空]	sau1(sɔ⁵³)	true	sau1	暂无	自旧档汇入	2023-07-05T08:47:08+08:00
浦东·川沙	嫂(嫂)	[空]	sau3(sɔ⁴⁴)	true	sau3	暂无	自旧档汇入	2023-07-05T08:47:08+08:00
浦东·川沙	少(少)	多~	sau3(sɔ⁴⁴)	true	sau3	暂无	自旧档汇入	2023-07-05T08:47:08+08:00
浦东·川沙	扫(掃)	~地	sau3(sɔ⁴⁴)	true	sau3	暂无	自旧档汇入	2023-07-05T08:47:08+08:00
浦东·川沙	少(少)	~年	sau5(sɔ³⁵)	true	sau5	暂无	自旧档汇入	2023-07-05T08:47:08+08:00
浦东·川沙	扫(掃)	~帚	sau5(sɔ³⁵)	true	sau5	暂无	自旧档汇入	2023-07-05T08:47:08+08:00
浦东·川沙	燥(燥)	天气~来，干	sau5(sɔ³⁵)	true	sau5	暂无	自旧档汇入	2023-07-05T08:47:08+08:00
浦东·川沙	叨(叨)	~光	thau1(tʰɔ⁵³)	true	thau1	暂无	自旧档汇入	2023-07-05T08:47:08+08:00
浦东·川沙	掏(掏)	[空]	thau1(tʰɔ⁵³)	true	thau1	暂无	自旧档汇入	2023-07-05T08:47:08+08:00
浦东·川沙	滔(滔)	[空]	thau1(tʰɔ⁵³)	true	thau1	暂无	自旧档汇入	2023-07-05T08:47:08+08:00
浦东·川沙	讨(討)	[空]	thau3(tʰɔ⁴⁴)	true	thau3	暂无	自旧档汇入	2023-07-05T08:47:08+08:00
浦东·川沙	套(套)	[空]	thau5(tʰɔ³⁵)	true	thau5	暂无	自旧档汇入	2023-07-05T08:47:08+08:00
浦东·川沙	招(招)	[空]	tsau1(tsɔ⁵³)	true	tsau1	暂无	自旧档汇入	2023-07-05T08:47:08+08:00
浦东·川沙	搔(搔)	~头皮，挠	tsau1(tsɔ⁵³)	true	tsau1	暂无	自旧档汇入	2023-07-05T08:47:08+08:00
浦东·川沙	昭(昭)	[空]	tsau1(tsɔ⁵³)	true	tsau1	暂无	自旧档汇入	2023-07-05T08:47:08+08:00
浦东·川沙	朝(朝)	今~，今天	tsau1(tsɔ⁵³)	true	tsau1	暂无	自旧档汇入	2023-07-05T08:47:08+08:00
浦东·川沙	沼(沼)	[空]	tsau1(tsɔ⁵³)	true	tsau1	暂无	自旧档汇入	2023-07-05T08:47:08+08:00
浦东·川沙	糟(糟)	[空]	tsau1(tsɔ⁵³)	true	tsau1	暂无	自旧档汇入	2023-07-05T08:47:08+08:00
浦东·川沙	遭(遭)	[空]	tsau1(tsɔ⁵³)	true	tsau1	暂无	自旧档汇入	2023-07-05T08:47:08+08:00
浦东·川沙	找(找)	~钞票	tsau3(tsɔ⁴⁴)	true	tsau3	暂无	自旧档汇入	2023-07-05T08:47:08+08:00
浦东·川沙	早(早)	[空]	tsau3(tsɔ⁴⁴)	true	tsau3	暂无	自旧档汇入	2023-07-05T08:47:08+08:00
浦东·川沙	枣(棗)	[空]	tsau3(tsɔ⁴⁴)	true	tsau3	暂无	自旧档汇入	2023-07-05T08:47:08+08:00
浦东·川沙	澡(澡)	[空]	tsau3(tsɔ⁴⁴)	true	tsau3	暂无	自旧档汇入	2023-07-05T08:47:08+08:00
浦东·川沙	爪(爪)	脚~	tsau3(tsɔ⁴⁴)	true	tsau3	暂无	自旧档汇入	2023-07-05T08:47:08+08:00
浦东·川沙	蚤(蚤)	[空]	tsau3(tsɔ⁴⁴)	true	tsau3	暂无	自旧档汇入	2023-07-05T08:47:08+08:00
浦东·川沙	灶(灶)	[空]	tsau5(tsɔ³⁵)	true	tsau5	暂无	自旧档汇入	2023-07-05T08:47:08+08:00
浦东·川沙	照(照)	[空]	tsau5(tsɔ³⁵)	true	tsau5	暂无	自旧档汇入	2023-07-05T08:47:08+08:00
浦东·川沙	罩(罩)	[空]	tsau5(tsɔ³⁵)	true	tsau5	暂无	自旧档汇入	2023-07-05T08:47:08+08:00
浦东·川沙	诏(詔)	[空]	tsau5(tsɔ³⁵)	true	tsau5	暂无	自旧档汇入	2023-07-05T08:47:08+08:00
浦东·川沙	抄(抄)	[空]	tshau1(tsʰɔ⁵³)	true	tshau1	暂无	自旧档汇入	2023-07-05T08:47:08+08:00
浦东·川沙	操(操)	[空]	tshau1(tsʰɔ⁵³)	true	tshau1	暂无	自旧档汇入	2023-07-05T08:47:08+08:00
浦东·川沙	超(超)	[空]	tshau1(tsʰɔ⁵³)	true	tshau1	暂无	自旧档汇入	2023-07-05T08:47:08+08:00
浦东·川沙	钞(鈔)	[空]	tshau1(tsʰɔ⁵³)	true	tshau1	暂无	自旧档汇入	2023-07-05T08:47:08+08:00
浦东·川沙	□(□)	~尿布，包	tshau1(tsʰɔ⁵³)	true	tshau1	暂无	自旧档汇入	2023-07-05T08:47:08+08:00
浦东·川沙	吵(吵)	[空]	tshau3(tsʰɔ⁴⁴)	true	tshau3	暂无	自旧档汇入	2023-07-05T08:47:08+08:00
浦东·川沙	炒(炒)	[空]	tshau3(tsʰɔ⁴⁴)	true	tshau3	暂无	自旧档汇入	2023-07-05T08:47:08+08:00
浦东·川沙	草(草)	[空]	tshau3(tsʰɔ⁴⁴)	true	tshau3	暂无	自旧档汇入	2023-07-05T08:47:08+08:00
浦东·川沙	钞(鈔)	~票	tshau3(tsʰɔ⁴⁴)	true	tshau3	暂无	自旧档汇入	2023-07-05T08:47:08+08:00
浦东·川沙	糙(糙)	[空]	tshau5(tsʰɔ³⁵)	true	tshau5	暂无	自旧档汇入	2023-07-05T08:47:08+08:00
浦东·川沙	耖(耖)	~田，耕田	tshau5(tsʰɔ³⁵)	true	tshau5	暂无	自旧档汇入	2023-07-05T08:47:08+08:00
浦东·川沙	躁(躁)	[空]	tshau5(tsʰɔ³⁵)	true	tshau5	暂无	自旧档汇入	2023-07-05T08:47:08+08:00
浦东·川沙	□(□)	~手，洗擦	tshau5(tsʰɔ³⁵)	true	tshau5	暂无	自旧档汇入	2023-07-05T08:47:08+08:00
浦东·川沙	嘲(嘲)	[空]	zau2(zɔ²¹³)	true	zau2	暂无	自旧档汇入	2023-07-05T08:47:08+08:00
浦东·川沙	曹(曹)	[空]	zau2(zɔ²¹³)	true	zau2	暂无	自旧档汇入	2023-07-05T08:47:08+08:00
浦东·川沙	朝(朝)	~代	zau2(zɔ²¹³)	true	zau2	暂无	自旧档汇入	2023-07-05T08:47:08+08:00
浦东·川沙	槽(槽)	[空]	zau2(zɔ²¹³)	true	zau2	暂无	自旧档汇入	2023-07-05T08:47:08+08:00
浦东·川沙	潮(潮)	[空]	zau2(zɔ²¹³)	true	zau2	暂无	自旧档汇入	2023-07-05T08:47:08+08:00
浦东·川沙	韶(韶)	[空]	zau2(zɔ²¹³)	true	zau2	暂无	自旧档汇入	2023-07-05T08:47:08+08:00
浦东·川沙	饶(饒)	[空]	zau2(zɔ²¹³)	true	zau2	暂无	自旧档汇入	2023-07-05T08:47:08+08:00
浦东·川沙	兆(兆)	[空]	zau2(zɔ²¹³)	true	zau2	暂无	自旧档汇入	2023-07-05T08:47:08+08:00
浦东·川沙	扰(擾)	[空]	zau2(zɔ²¹³)	true	zau2	暂无	自旧档汇入	2023-07-05T08:47:08+08:00
浦东·川沙	皂(皂)	[空]	zau2(zɔ²¹³)	true	zau2	暂无	自旧档汇入	2023-07-05T08:47:08+08:00
浦东·川沙	绍(紹)	[空]	zau2(zɔ²¹³)	true	zau2	暂无	自旧档汇入	2023-07-05T08:47:08+08:00
浦东·川沙	赵(趙)	[空]	zau2(zɔ²¹³)	true	zau2	暂无	自旧档汇入	2023-07-05T08:47:08+08:00
浦东·川沙	造(造)	[空]	zau2(zɔ²¹³)	true	zau2	暂无	自旧档汇入	2023-07-05T08:47:08+08:00
浦东·川沙	□(□)	~篮头，抄，挎	zau2(zɔ²¹³)	true	zau2	暂无	自旧档汇入	2023-07-05T08:47:08+08:00
浦东·川沙	召(召)	[空]	zau6(zɔ¹³)	true	zau6	暂无	自旧档汇入	2023-07-05T08:47:08+08:00
浦东·川沙	昨(昨)	~日	zau6(zɔ¹³)	true	zau6	暂无	自旧档汇入	2023-07-05T08:47:08+08:00
浦东·川沙	邵(邵)	[空]	zau6(zɔ¹³)	true	zau6	暂无	自旧档汇入	2023-07-05T08:47:08+08:00
浦东·川沙	□(□)	语气词，表示征询、不定语气	uau1(βɔ⁵³)	true	uau1	暂无	自旧档汇入	2023-07-05T08:47:08+08:00
浦东·川沙	丫(丫)	[空]	au1(ɔ⁵³)	true	au1	暂无	自旧档汇入	2023-07-05T08:47:08+08:00
浦东·川沙	亚(亞)	旧读，~钿~火油	au1(ɔ⁵³)	true	au1	暂无	自旧档汇入	2023-07-05T08:47:08+08:00
浦东·川沙	挜(掗)	强予	au1(ɔ⁵³)	true	au1	暂无	自旧档汇入	2023-07-05T08:47:08+08:00
浦东·川沙	桠(椏)	[空]	au1(ɔ⁵³)	true	au1	暂无	自旧档汇入	2023-07-05T08:47:08+08:00
浦东·川沙	阿(阿)	~弥陀佛	au1(ɔ⁵³)	true	au1	暂无	自旧档汇入	2023-07-05T08:47:08+08:00
浦东·川沙	鸦(鴉)	~鹊，乌鸦	au1(ɔ⁵³)	true	au1	暂无	自旧档汇入	2023-07-05T08:47:08+08:00
浦东·川沙	哑(啞)	[空]	au3(ɔ⁴⁴)	true	au3	暂无	自旧档汇入	2023-07-05T08:47:08+08:00
浦东·川沙	袄(襖)	[空]	au3(ɔ⁴⁴)	true	au3	暂无	自旧档汇入	2023-07-05T08:47:08+08:00
浦东·川沙	凹(凹)	[空]	au5(ɔ³⁵)	true	au5	暂无	自旧档汇入	2023-07-05T08:47:08+08:00
浦东·川沙	奥(奧)	[空]	au5(ɔ³⁵)	true	au5	暂无	自旧档汇入	2023-07-05T08:47:08+08:00
浦东·川沙	懊(懊)	[空]	au5(ɔ³⁵)	true	au5	暂无	自旧档汇入	2023-07-05T08:47:08+08:00
浦东·川沙	拗(拗)	~断	au5(ɔ³⁵)	true	au5	暂无	自旧档汇入	2023-07-05T08:47:08+08:00
浦东·川沙	澳(澳)	[空]	au5(ɔ³⁵)	true	au5	暂无	自旧档汇入	2023-07-05T08:47:08+08:00
浦东·川沙	□(□)	~磨子，~药水拨小囡吃，（用勺）倒入（米或液体）	au5(ɔ³⁵)	true	au5	暂无	自旧档汇入	2023-07-05T08:47:08+08:00
浦东·川沙	凙(凙)	凌~，檐冰	daoq8(dɔʔ²³)	true	daoq8	暂无	自旧档汇入	2023-07-05T08:47:08+08:00
浦东·川沙	度(度)	忖~	daoq8(dɔʔ²³)	true	daoq8	暂无	自旧档汇入	2023-07-05T08:47:08+08:00
浦东·川沙	踱(踱)	[空]	daoq8(dɔʔ²³)	true	daoq8	暂无	自旧档汇入	2023-07-05T08:47:08+08:00
浦东·川沙	铎(鐸)	[空]	daoq8(dɔʔ²³)	true	daoq8	暂无	自旧档汇入	2023-07-05T08:47:08+08:00
浦东·川沙	厾(厾)	~开，丢，扔	taoq7(ɗɔʔ⁵)	true	taoq7	暂无	自旧档汇入	2023-07-05T08:47:08+08:00
浦东·川沙	沰(沰)	一~水，滴	taoq7(ɗɔʔ⁵)	true	taoq7	暂无	自旧档汇入	2023-07-05T08:47:08+08:00
浦东·川沙	笃(篤)	~定	taoq7(ɗɔʔ⁵)	true	taoq7	暂无	自旧档汇入	2023-07-05T08:47:08+08:00
浦东·川沙	□(□)	头浪~一记，打、敲打	taoq7(ɗɔʔ⁵)	true	taoq7	暂无	自旧档汇入	2023-07-05T08:47:08+08:00
浦东·川沙	搁(擱)	~浅	gaoq8(ɡɔʔ²³)	true	gaoq8	暂无	自旧档汇入	2023-07-05T08:47:08+08:00
浦东·川沙	藿(藿)	[空]	haoq7(hɔʔ⁵)	true	haoq7	暂无	自旧档汇入	2023-07-05T08:47:08+08:00
浦东·川沙	霍(霍)	[空]	haoq7(hɔʔ⁵)	true	haoq7	暂无	自旧档汇入	2023-07-05T08:47:08+08:00
浦东·川沙	□(□)	~牢墙头，贴近	haoq7(hɔʔ⁵)	true	haoq7	暂无	自旧档汇入	2023-07-05T08:47:08+08:00
浦东·川沙	□(□)	贴个纸头~起拉，有点拱起，脱开（附着物的表面）	haoq7(hɔʔ⁵)	true	haoq7	暂无	自旧档汇入	2023-07-05T08:47:08+08:00
浦东·川沙	学(學)	[空]	ghaoq8(ɦɔʔ²³)	true	ghaoq8	暂无	自旧档汇入	2023-07-05T08:47:08+08:00
浦东·川沙	各(各)	[空]	kaoq7(kɔʔ⁵)	true	kaoq7	暂无	自旧档汇入	2023-07-05T08:47:08+08:00
浦东·川沙	搁(擱)	[空]	kaoq7(kɔʔ⁵)	true	kaoq7	暂无	自旧档汇入	2023-07-05T08:47:08+08:00
浦东·川沙	觉(覺)	~着，感觉到	kaoq7(kɔʔ⁵)	true	kaoq7	暂无	自旧档汇入	2023-07-05T08:47:08+08:00
浦东·川沙	角(角)	[空]	kaoq7(kɔʔ⁵)	true	kaoq7	暂无	自旧档汇入	2023-07-05T08:47:08+08:00
浦东·川沙	阁(閣)	[空]	kaoq7(kɔʔ⁵)	true	kaoq7	暂无	自旧档汇入	2023-07-05T08:47:08+08:00
浦东·川沙	壳(殼)	[空]	khaoq7(kʰɔʔ⁵)	true	khaoq7	暂无	自旧档汇入	2023-07-05T08:47:08+08:00
浦东·川沙	乐(樂)	快~	laoq8(lɔʔ²³)	true	laoq8	暂无	自旧档汇入	2023-07-05T08:47:08+08:00
浦东·川沙	洛(洛)	[空]	laoq8(lɔʔ²³)	true	laoq8	暂无	自旧档汇入	2023-07-05T08:47:08+08:00
浦东·川沙	烙(烙)	[空]	laoq8(lɔʔ²³)	true	laoq8	暂无	自旧档汇入	2023-07-05T08:47:08+08:00
浦东·川沙	络(絡)	[空]	laoq8(lɔʔ²³)	true	laoq8	暂无	自旧档汇入	2023-07-05T08:47:08+08:00
浦东·川沙	落(落)	[空]	laoq8(lɔʔ²³)	true	laoq8	暂无	自旧档汇入	2023-07-05T08:47:08+08:00
浦东·川沙	醋(醋)	[空]	laoq8(lɔʔ²³)	true	laoq8	暂无	自旧档汇入	2023-07-05T08:47:08+08:00
浦东·川沙	骆(駱)	[空]	laoq8(lɔʔ²³)	true	laoq8	暂无	自旧档汇入	2023-07-05T08:47:08+08:00
浦东·川沙	诺(諾)	[空]	naoq8(nɔʔ²³)	true	naoq8	暂无	自旧档汇入	2023-07-05T08:47:08+08:00
浦东·川沙	噩(噩)	[空]	ngaoq8(ŋɔʔ²³)	true	ngaoq8	暂无	自旧档汇入	2023-07-05T08:47:08+08:00
浦东·川沙	岳(岳)	[空]	ngaoq8(ŋɔʔ²³)	true	ngaoq8	暂无	自旧档汇入	2023-07-05T08:47:08+08:00
浦东·川沙	岳(嶽)	[空]	ngaoq8(ŋɔʔ²³)	true	ngaoq8	暂无	自旧档汇入	2023-07-05T08:47:08+08:00
浦东·川沙	疟(瘧)	发~子，打摆子	ngaoq8(ŋɔʔ²³)	true	ngaoq8	暂无	自旧档汇入	2023-07-05T08:47:08+08:00
浦东·川沙	鄂(鄂)	[空]	ngaoq8(ŋɔʔ²³)	true	ngaoq8	暂无	自旧档汇入	2023-07-05T08:47:08+08:00
浦东·川沙	鹤(鶴)	[空]	ngaoq8(ŋɔʔ²³)	true	ngaoq8	暂无	自旧档汇入	2023-07-05T08:47:08+08:00
浦东·川沙	□(□)	头~起，昂起	ngaoq8(ŋɔʔ²³)	true	ngaoq8	暂无	自旧档汇入	2023-07-05T08:47:08+08:00
浦东·川沙	嗍(嗍)	~一口，吮吸	saoq7(sɔʔ⁵)	true	saoq7	暂无	自旧档汇入	2023-07-05T08:47:08+08:00
浦东·川沙	朔(朔)	[空]	saoq7(sɔʔ⁵)	true	saoq7	暂无	自旧档汇入	2023-07-05T08:47:08+08:00
浦东·川沙	索(索)	[空]	saoq7(sɔʔ⁵)	true	saoq7	暂无	自旧档汇入	2023-07-05T08:47:08+08:00
浦东·川沙	缩(縮)	[空]	saoq7(sɔʔ⁵)	true	saoq7	暂无	自旧档汇入	2023-07-05T08:47:08+08:00
浦东·川沙	庹(庹)	量长度的单位	thaoq7(tʰɔʔ⁵)	true	thaoq7	暂无	自旧档汇入	2023-07-05T08:47:08+08:00
浦东·川沙	托(托)	[空]	thaoq7(tʰɔʔ⁵)	true	thaoq7	暂无	自旧档汇入	2023-07-05T08:47:08+08:00
浦东·川沙	柝(柝)	[空]	thaoq7(tʰɔʔ⁵)	true	thaoq7	暂无	自旧档汇入	2023-07-05T08:47:08+08:00
浦东·川沙	作(作)	[空]	tsaoq7(tsɔʔ⁵)	true	tsaoq7	暂无	自旧档汇入	2023-07-05T08:47:08+08:00
浦东·川沙	卓(卓)	[空]	tsaoq7(tsɔʔ⁵)	true	tsaoq7	暂无	自旧档汇入	2023-07-05T08:47:08+08:00
浦东·川沙	捉(捉)	[空]	tsaoq7(tsɔʔ⁵)	true	tsaoq7	暂无	自旧档汇入	2023-07-05T08:47:08+08:00
浦东·川沙	斫(斫)	~稻，割	tsaoq7(tsɔʔ⁵)	true	tsaoq7	暂无	自旧档汇入	2023-07-05T08:47:08+08:00
浦东·川沙	桌(桌)	[空]	tsaoq7(tsɔʔ⁵)	true	tsaoq7	暂无	自旧档汇入	2023-07-05T08:47:08+08:00
浦东·川沙	琢(琢)	[空]	tsaoq7(tsɔʔ⁵)	true	tsaoq7	暂无	自旧档汇入	2023-07-05T08:47:08+08:00
浦东·川沙	龊(齪)	龌~	tshaoq7(tsʰɔʔ⁵)	true	tshaoq7	暂无	自旧档汇入	2023-07-05T08:47:08+08:00
浦东·川沙	勺(勺)	[空]	zaoq8(zɔʔ²³)	true	zaoq8	暂无	自旧档汇入	2023-07-05T08:47:08+08:00
浦东·川沙	啄(啄)	[空]	zaoq8(zɔʔ²³)	true	zaoq8	暂无	自旧档汇入	2023-07-05T08:47:08+08:00
浦东·川沙	射(射)	~箭	zaoq8(zɔʔ²³)	true	zaoq8	暂无	自旧档汇入	2023-07-05T08:47:08+08:00
浦东·川沙	昨(昨)	[空]	zaoq8(zɔʔ²³)	true	zaoq8	暂无	自旧档汇入	2023-07-05T08:47:08+08:00
浦东·川沙	浊(濁)	[空]	zaoq8(zɔʔ²³)	true	zaoq8	暂无	自旧档汇入	2023-07-05T08:47:08+08:00
浦东·川沙	镯(鐲)	[空]	zaoq8(zɔʔ²³)	true	zaoq8	暂无	自旧档汇入	2023-07-05T08:47:08+08:00
浦东·川沙	凿(鑿)	[空]	zaoq8(zɔʔ²³)	true	zaoq8	暂无	自旧档汇入	2023-07-05T08:47:08+08:00
浦东·川沙	□(□)	~一刀，戳	zaoq8(zɔʔ²³)	true	zaoq8	暂无	自旧档汇入	2023-07-05T08:47:08+08:00
浦东·川沙	握(握)	[空]	uaoq7(βɔʔ⁵)	true	uaoq7	暂无	自旧档汇入	2023-07-05T08:47:08+08:00
浦东·川沙	缚(縛)	[空]	vaoq8(βɔʔ²³)	true	vaoq8	暂无	自旧档汇入	2023-07-05T08:47:08+08:00
浦东·川沙	镬(鑊)	[空]	vaoq8(βɔʔ²³)	true	vaoq8	暂无	自旧档汇入	2023-07-05T08:47:08+08:00
浦东·川沙	恶(惡)	[空]	aoq7(ɔʔ⁵)	true	aoq7	暂无	自旧档汇入	2023-07-05T08:47:08+08:00
浦东·川沙	龌(齷)	~龊	aoq7(ɔʔ⁵)	true	aoq7	暂无	自旧档汇入	2023-07-05T08:47:08+08:00
浦东·川沙	伴(伴)	[空]	be2(be²¹³)	true	be2	暂无	自旧档汇入	2023-07-05T08:47:08+08:00
浦东·川沙	培(培)	[空]	be2(be²¹³)	true	be2	暂无	自旧档汇入	2023-07-05T08:47:08+08:00
浦东·川沙	瀊(瀊)	水~出来，溢出	be2(be²¹³)	true	be2	暂无	自旧档汇入	2023-07-05T08:47:08+08:00
浦东·川沙	盘(盤)	[空]	be2(be²¹³)	true	be2	暂无	自旧档汇入	2023-07-05T08:47:08+08:00
浦东·川沙	裴(裴)	[空]	be2(be²¹³)	true	be2	暂无	自旧档汇入	2023-07-05T08:47:08+08:00
浦东·川沙	赔(賠)	[空]	be2(be²¹³)	true	be2	暂无	自旧档汇入	2023-07-05T08:47:08+08:00
浦东·川沙	陪(陪)	[空]	be2(be²¹³)	true	be2	暂无	自旧档汇入	2023-07-05T08:47:08+08:00
浦东·川沙	倍(倍)	[空]	be2(be²¹³)	true	be2	暂无	自旧档汇入	2023-07-05T08:47:08+08:00
浦东·川沙	陛(陛)	[空]	be2(be²¹³)	true	be2	暂无	自旧档汇入	2023-07-05T08:47:08+08:00
浦东·川沙	□(□)	勿大好~，打交道	be2(be²¹³)	true	be2	暂无	自旧档汇入	2023-07-05T08:47:08+08:00
浦东·川沙	佩(佩)	[空]	be6(be¹³)	true	be6	暂无	自旧档汇入	2023-07-05T08:47:08+08:00
浦东·川沙	备(備)	[空]	be6(be¹³)	true	be6	暂无	自旧档汇入	2023-07-05T08:47:08+08:00
浦东·川沙	叛(叛)	[空]	be6(be¹³)	true	be6	暂无	自旧档汇入	2023-07-05T08:47:08+08:00
浦东·川沙	焙(焙)	[空]	be6(be¹³)	true	be6	暂无	自旧档汇入	2023-07-05T08:47:08+08:00
浦东·川沙	疿(疿)	~子	be6(be¹³)	true	be6	暂无	自旧档汇入	2023-07-05T08:47:08+08:00
浦东·川沙	绊(絆)	[空]	be6(be¹³)	true	be6	暂无	自旧档汇入	2023-07-05T08:47:08+08:00
浦东·川沙	被(被)	~动	be6(be¹³)	true	be6	暂无	自旧档汇入	2023-07-05T08:47:08+08:00
浦东·川沙	□(□)	~起来，躲藏	be6(be¹³)	true	be6	暂无	自旧档汇入	2023-07-05T08:47:08+08:00
浦东·川沙	俾(俾)	[空]	pe1(ɓe⁵³)	true	pe1	暂无	自旧档汇入	2023-07-05T08:47:08+08:00
浦东·川沙	卑(卑)	[空]	pe1(ɓe⁵³)	true	pe1	暂无	自旧档汇入	2023-07-05T08:47:08+08:00
浦东·川沙	彼(彼)	[空]	pe1(ɓe⁵³)	true	pe1	暂无	自旧档汇入	2023-07-05T08:47:08+08:00
浦东·川沙	悲(悲)	[空]	pe1(ɓe⁵³)	true	pe1	暂无	自旧档汇入	2023-07-05T08:47:08+08:00
浦东·川沙	搬(搬)	[空]	pe1(ɓe⁵³)	true	pe1	暂无	自旧档汇入	2023-07-05T08:47:08+08:00
浦东·川沙	杯(杯)	[空]	pe1(ɓe⁵³)	true	pe1	暂无	自旧档汇入	2023-07-05T08:47:08+08:00
浦东·川沙	碑(碑)	[空]	pe1(ɓe⁵³)	true	pe1	暂无	自旧档汇入	2023-07-05T08:47:08+08:00
浦东·川沙	般(般)	~若	pe1(ɓe⁵³)	true	pe1	暂无	自旧档汇入	2023-07-05T08:47:08+08:00
浦东·川沙	半(半)	[空]	pe5(ɓe³⁵)	true	pe5	暂无	自旧档汇入	2023-07-05T08:47:08+08:00
浦东·川沙	背(背)	~心，~书	pe5(ɓe³⁵)	true	pe5	暂无	自旧档汇入	2023-07-05T08:47:08+08:00
浦东·川沙	贝(貝)	[空]	pe5(ɓe³⁵)	true	pe5	暂无	自旧档汇入	2023-07-05T08:47:08+08:00
浦东·川沙	辈(輩)	[空]	pe5(ɓe³⁵)	true	pe5	暂无	自旧档汇入	2023-07-05T08:47:08+08:00
浦东·川沙	台(台)	[空]	de2(de²¹³)	true	de2	暂无	自旧档汇入	2023-07-05T08:47:08+08:00
浦东·川沙	抬(抬)	[空]	de2(de²¹³)	true	de2	暂无	自旧档汇入	2023-07-05T08:47:08+08:00
浦东·川沙	潭(潭)	水~~，水坑	de2(de²¹³)	true	de2	暂无	自旧档汇入	2023-07-05T08:47:08+08:00
浦东·川沙	苔(苔)	青~	de2(de²¹³)	true	de2	暂无	自旧档汇入	2023-07-05T08:47:08+08:00
浦东·川沙	待(待)	[空]	de2(de²¹³)	true	de2	暂无	自旧档汇入	2023-07-05T08:47:08+08:00
浦东·川沙	怠(怠)	[空]	de2(de²¹³)	true	de2	暂无	自旧档汇入	2023-07-05T08:47:08+08:00
浦东·川沙	绐(紿)	棕绷~脱，松，失去弹性	de2(de²¹³)	true	de2	暂无	自旧档汇入	2023-07-05T08:47:08+08:00
浦东·川沙	代(代)	[空]	de6(de¹³)	true	de6	暂无	自旧档汇入	2023-07-05T08:47:08+08:00
浦东·川沙	兑(兌)	[空]	de6(de¹³)	true	de6	暂无	自旧档汇入	2023-07-05T08:47:08+08:00
浦东·川沙	袋(袋)	[空]	de6(de¹³)	true	de6	暂无	自旧档汇入	2023-07-05T08:47:08+08:00
浦东·川沙	贷(貸)	[空]	de6(de¹³)	true	de6	暂无	自旧档汇入	2023-07-05T08:47:08+08:00
浦东·川沙	队(隊)	[空]	de6(de¹³)	true	de6	暂无	自旧档汇入	2023-07-05T08:47:08+08:00
浦东·川沙	呆(呆)	~子	te1(ɗe⁵³)	true	te1	暂无	自旧档汇入	2023-07-05T08:47:08+08:00
浦东·川沙	堆(堆)	[空]	te1(ɗe⁵³)	true	te1	暂无	自旧档汇入	2023-07-05T08:47:08+08:00
浦东·川沙	□(□)	~拉水里，略浸	te1(ɗe⁵³)	true	te1	暂无	自旧档汇入	2023-07-05T08:47:08+08:00
浦东·川沙	对(對)	[空]	te5(ɗe³⁵)	true	te5	暂无	自旧档汇入	2023-07-05T08:47:08+08:00
浦东·川沙	戴(戴)	[空]	te5(ɗe³⁵)	true	te5	暂无	自旧档汇入	2023-07-05T08:47:08+08:00
浦东·川沙	□(□)	打~，打呃	ge4(ɡe²¹³)	true	ge4	暂无	自旧档汇入	2023-07-05T08:47:08+08:00
浦东·川沙	□(□)	老~，污垢	ge4(ɡe²¹³)	true	ge4	暂无	自旧档汇入	2023-07-05T08:47:08+08:00
浦东·川沙	隑(隑)	斜靠	ge6(ɡe¹³)	true	ge6	暂无	自旧档汇入	2023-07-05T08:47:08+08:00
浦东·川沙	□(□)	虚肿	he1(he⁵³)	true	he1	暂无	自旧档汇入	2023-07-05T08:47:08+08:00
浦东·川沙	□(□)	~汤，舀	he1(he⁵³)	true	he1	暂无	自旧档汇入	2023-07-05T08:47:08+08:00
浦东·川沙	海(海)	[空]	he3(he⁴⁴)	true	he3	暂无	自旧档汇入	2023-07-05T08:47:08+08:00
浦东·川沙	函(函)	[空]	ghe2(ɦe²¹³)	true	ghe2	暂无	自旧档汇入	2023-07-05T08:47:08+08:00
浦东·川沙	含(含)	[空]	ghe2(ɦe²¹³)	true	ghe2	暂无	自旧档汇入	2023-07-05T08:47:08+08:00
浦东·川沙	孩(孩)	[空]	ghe2(ɦe²¹³)	true	ghe2	暂无	自旧档汇入	2023-07-05T08:47:08+08:00
浦东·川沙	亥(亥)	[空]	ghe2(ɦe²¹³)	true	ghe2	暂无	自旧档汇入	2023-07-05T08:47:08+08:00
浦东·川沙	害(害)	[空]	ghe6(ɦe¹³)	true	ghe6	暂无	自旧档汇入	2023-07-05T08:47:08+08:00
浦东·川沙	憾(憾)	[空]	ghe6(ɦe¹³)	true	ghe6	暂无	自旧档汇入	2023-07-05T08:47:08+08:00
浦东·川沙	柑(柑)	[空]	ke1(ke⁵³)	true	ke1	暂无	自旧档汇入	2023-07-05T08:47:08+08:00
浦东·川沙	泔(泔)	[空]	ke1(ke⁵³)	true	ke1	暂无	自旧档汇入	2023-07-05T08:47:08+08:00
浦东·川沙	甘(甘)	[空]	ke1(ke⁵³)	true	ke1	暂无	自旧档汇入	2023-07-05T08:47:08+08:00
浦东·川沙	该(該)	[空]	ke1(ke⁵³)	true	ke1	暂无	自旧档汇入	2023-07-05T08:47:08+08:00
浦东·川沙	赅(賅)	~家当，拥有	ke1(ke⁵³)	true	ke1	暂无	自旧档汇入	2023-07-05T08:47:08+08:00
浦东·川沙	□(□)	~家当，拥有	ke1(ke⁵³)	true	ke1	暂无	自旧档汇入	2023-07-05T08:47:08+08:00
浦东·川沙	感(感)	[空]	ke3(ke⁴⁴)	true	ke3	暂无	自旧档汇入	2023-07-05T08:47:08+08:00
浦东·川沙	改(改)	[空]	ke3(ke⁴⁴)	true	ke3	暂无	自旧档汇入	2023-07-05T08:47:08+08:00
浦东·川沙	敢(敢)	[空]	ke3(ke⁴⁴)	true	ke3	暂无	自旧档汇入	2023-07-05T08:47:08+08:00
浦东·川沙	盖(蓋)	~头	ke3(ke⁴⁴)	true	ke3	暂无	自旧档汇入	2023-07-05T08:47:08+08:00
浦东·川沙	丐(丐)	[空]	ke5(ke³⁵)	true	ke5	暂无	自旧档汇入	2023-07-05T08:47:08+08:00
浦东·川沙	概(概)	[空]	ke5(ke³⁵)	true	ke5	暂无	自旧档汇入	2023-07-05T08:47:08+08:00
浦东·川沙	溉(溉)	[空]	ke5(ke³⁵)	true	ke5	暂无	自旧档汇入	2023-07-05T08:47:08+08:00
浦东·川沙	盖(蓋)	结~，痂	ke5(ke³⁵)	true	ke5	暂无	自旧档汇入	2023-07-05T08:47:08+08:00
浦东·川沙	钙(鈣)	[空]	ke5(ke³⁵)	true	ke5	暂无	自旧档汇入	2023-07-05T08:47:08+08:00
浦东·川沙	锯(鋸)	~子	ke5(ke³⁵)	true	ke5	暂无	自旧档汇入	2023-07-05T08:47:08+08:00
浦东·川沙	凯(凱)	[空]	khe1(kʰe⁵³)	true	khe1	暂无	自旧档汇入	2023-07-05T08:47:08+08:00
浦东·川沙	开(開)	[空]	khe1(kʰe⁵³)	true	khe1	暂无	自旧档汇入	2023-07-05T08:47:08+08:00
浦东·川沙	□(□)	~痛，碰撞	khe3(kʰe⁴⁴)	true	khe3	暂无	自旧档汇入	2023-07-05T08:47:08+08:00
浦东·川沙	刊(刊)	[空]	khe5(kʰe³⁵)	true	khe5	暂无	自旧档汇入	2023-07-05T08:47:08+08:00
浦东·川沙	勘(勘)	[空]	khe5(kʰe³⁵)	true	khe5	暂无	自旧档汇入	2023-07-05T08:47:08+08:00
浦东·川沙	坎(坎)	[空]	khe5(kʰe³⁵)	true	khe5	暂无	自旧档汇入	2023-07-05T08:47:08+08:00
浦东·川沙	堪(堪)	[空]	khe5(kʰe³⁵)	true	khe5	暂无	自旧档汇入	2023-07-05T08:47:08+08:00
浦东·川沙	慨(慨)	[空]	khe5(kʰe³⁵)	true	khe5	暂无	自旧档汇入	2023-07-05T08:47:08+08:00
浦东·川沙	砍(砍)	[空]	khe5(kʰe³⁵)	true	khe5	暂无	自旧档汇入	2023-07-05T08:47:08+08:00
浦东·川沙	龛(龕)	[空]	khe5(kʰe³⁵)	true	khe5	暂无	自旧档汇入	2023-07-05T08:47:08+08:00
浦东·川沙	来(來)	[空]	le2(le²¹³)	true	le2	暂无	自旧档汇入	2023-07-05T08:47:08+08:00
浦东·川沙	擂(擂)	~鼓，重击	le2(le²¹³)	true	le2	暂无	自旧档汇入	2023-07-05T08:47:08+08:00
浦东·川沙	雷(雷)	[空]	le2(le²¹³)	true	le2	暂无	自旧档汇入	2023-07-05T08:47:08+08:00
浦东·川沙	儡(儡)	[空]	le2(le²¹³)	true	le2	暂无	自旧档汇入	2023-07-05T08:47:08+08:00
浦东·川沙	垒(壘)	[空]	le2(le²¹³)	true	le2	暂无	自旧档汇入	2023-07-05T08:47:08+08:00
浦东·川沙	累(累)	[空]	le6(le¹³)	true	le6	暂无	自旧档汇入	2023-07-05T08:47:08+08:00
浦东·川沙	类(類)	[空]	le6(le¹³)	true	le6	暂无	自旧档汇入	2023-07-05T08:47:08+08:00
浦东·川沙	每(每)	[空]	me1(me⁵³)	true	me1	暂无	自旧档汇入	2023-07-05T08:47:08+08:00
浦东·川沙	媒(媒)	[空]	me2(me²¹³)	true	me2	暂无	自旧档汇入	2023-07-05T08:47:08+08:00
浦东·川沙	枚(枚)	[空]	me2(me²¹³)	true	me2	暂无	自旧档汇入	2023-07-05T08:47:08+08:00
浦东·川沙	梅(梅)	[空]	me2(me²¹³)	true	me2	暂无	自旧档汇入	2023-07-05T08:47:08+08:00
浦东·川沙	煤(煤)	[空]	me2(me²¹³)	true	me2	暂无	自旧档汇入	2023-07-05T08:47:08+08:00
浦东·川沙	瞒(瞞)	[空]	me2(me²¹³)	true	me2	暂无	自旧档汇入	2023-07-05T08:47:08+08:00
浦东·川沙	薇(薇)	蔷~花	me2(me²¹³)	true	me2	暂无	自旧档汇入	2023-07-05T08:47:08+08:00
浦东·川沙	馒(饅)	[空]	me2(me²¹³)	true	me2	暂无	自旧档汇入	2023-07-05T08:47:08+08:00
浦东·川沙	霉(黴)	[空]	me2(me²¹³)	true	me2	暂无	自旧档汇入	2023-07-05T08:47:08+08:00
浦东·川沙	满(滿)	[空]	me2(me²¹³)	true	me2	暂无	自旧档汇入	2023-07-05T08:47:08+08:00
浦东·川沙	美(美)	[空]	me3(me⁴⁴)	true	me3	暂无	自旧档汇入	2023-07-05T08:47:08+08:00
浦东·川沙	妹(妹)	[空]	me6(me¹³)	true	me6	暂无	自旧档汇入	2023-07-05T08:47:08+08:00
浦东·川沙	寐(寐)	[空]	me6(me¹³)	true	me6	暂无	自旧档汇入	2023-07-05T08:47:08+08:00
浦东·川沙	昧(昧)	[空]	me6(me¹³)	true	me6	暂无	自旧档汇入	2023-07-05T08:47:08+08:00
浦东·川沙	乃(乃)	[空]	ne1(ne⁵³)	true	ne1	暂无	自旧档汇入	2023-07-05T08:47:08+08:00
浦东·川沙	奈(奈)	[空]	ne1(ne⁵³)	true	ne1	暂无	自旧档汇入	2023-07-05T08:47:08+08:00
浦东·川沙	南(南)	[空]	ne2(ne²¹³)	true	ne2	暂无	自旧档汇入	2023-07-05T08:47:08+08:00
浦东·川沙	楠(楠)	[空]	ne2(ne²¹³)	true	ne2	暂无	自旧档汇入	2023-07-05T08:47:08+08:00
浦东·川沙	男(男)	[空]	ne2(ne²¹³)	true	ne2	暂无	自旧档汇入	2023-07-05T08:47:08+08:00
浦东·川沙	内(內)	[空]	ne6(ne¹³)	true	ne6	暂无	自旧档汇入	2023-07-05T08:47:08+08:00
浦东·川沙	耐(耐)	[空]	ne6(ne¹³)	true	ne6	暂无	自旧档汇入	2023-07-05T08:47:08+08:00
浦东·川沙	俨(儼)	[空]	nge2(ŋe²¹³)	true	nge2	暂无	自旧档汇入	2023-07-05T08:47:08+08:00
浦东·川沙	呆(呆)	~头~脑	nge2(ŋe²¹³)	true	nge2	暂无	自旧档汇入	2023-07-05T08:47:08+08:00
浦东·川沙	岩(岩)	[空]	nge2(ŋe²¹³)	true	nge2	暂无	自旧档汇入	2023-07-05T08:47:08+08:00
浦东·川沙	癌(癌)	[空]	nge2(ŋe²¹³)	true	nge2	暂无	自旧档汇入	2023-07-05T08:47:08+08:00
浦东·川沙	衔(銜)	~头，头衔	nge2(ŋe²¹³)	true	nge2	暂无	自旧档汇入	2023-07-05T08:47:08+08:00
浦东·川沙	碍(礙)	[空]	nge6(ŋe¹³)	true	nge6	暂无	自旧档汇入	2023-07-05T08:47:08+08:00
浦东·川沙	艾(艾)	[空]	nge6(ŋe¹³)	true	nge6	暂无	自旧档汇入	2023-07-05T08:47:08+08:00
浦东·川沙	徽(徽)	[空]	fe1(ɸe⁵³)	true	fe1	暂无	自旧档汇入	2023-07-05T08:47:08+08:00
浦东·川沙	恢(恢)	[空]	fe1(ɸe⁵³)	true	fe1	暂无	自旧档汇入	2023-07-05T08:47:08+08:00
浦东·川沙	欢(歡)	[空]	fe1(ɸe⁵³)	true	fe1	暂无	自旧档汇入	2023-07-05T08:47:08+08:00
浦东·川沙	灰(灰)	[空]	fe1(ɸe⁵³)	true	fe1	暂无	自旧档汇入	2023-07-05T08:47:08+08:00
浦东·川沙	辉(輝)	[空]	fe1(ɸe⁵³)	true	fe1	暂无	自旧档汇入	2023-07-05T08:47:08+08:00
浦东·川沙	麾(麾)	[空]	fe1(ɸe⁵³)	true	fe1	暂无	自旧档汇入	2023-07-05T08:47:08+08:00
浦东·川沙	贿(賄)	[空]	fe3(ɸe⁴⁴)	true	fe3	暂无	自旧档汇入	2023-07-05T08:47:08+08:00
浦东·川沙	唤(喚)	[空]	fe5(ɸe³⁵)	true	fe5	暂无	自旧档汇入	2023-07-05T08:47:08+08:00
浦东·川沙	悔(悔)	[空]	fe5(ɸe³⁵)	true	fe5	暂无	自旧档汇入	2023-07-05T08:47:08+08:00
浦东·川沙	挥(揮)	[空]	fe5(ɸe³⁵)	true	fe5	暂无	自旧档汇入	2023-07-05T08:47:08+08:00
浦东·川沙	晦(晦)	[空]	fe5(ɸe³⁵)	true	fe5	暂无	自旧档汇入	2023-07-05T08:47:08+08:00
浦东·川沙	毁(毀)	[空]	fe5(ɸe³⁵)	true	fe5	暂无	自旧档汇入	2023-07-05T08:47:08+08:00
浦东·川沙	焕(煥)	[空]	fe5(ɸe³⁵)	true	fe5	暂无	自旧档汇入	2023-07-05T08:47:08+08:00
浦东·川沙	痪(瘓)	[空]	fe5(ɸe³⁵)	true	fe5	暂无	自旧档汇入	2023-07-05T08:47:08+08:00
浦东·川沙	讳(諱)	[空]	fe5(ɸe³⁵)	true	fe5	暂无	自旧档汇入	2023-07-05T08:47:08+08:00
浦东·川沙	丕(丕)	[空]	phe1(pʰe⁵³)	true	phe1	暂无	自旧档汇入	2023-07-05T08:47:08+08:00
浦东·川沙	坯(坯)	[空]	phe1(pʰe⁵³)	true	phe1	暂无	自旧档汇入	2023-07-05T08:47:08+08:00
浦东·川沙	拚(拚)	~死吃河豚	phe1(pʰe⁵³)	true	phe1	暂无	自旧档汇入	2023-07-05T08:47:08+08:00
浦东·川沙	潘(潘)	[空]	phe1(pʰe⁵³)	true	phe1	暂无	自旧档汇入	2023-07-05T08:47:08+08:00
浦东·川沙	判(判)	[空]	phe5(pʰe³⁵)	true	phe5	暂无	自旧档汇入	2023-07-05T08:47:08+08:00
浦东·川沙	剖(剖)	[空]	phe5(pʰe³⁵)	true	phe5	暂无	自旧档汇入	2023-07-05T08:47:08+08:00
浦东·川沙	沛(沛)	[空]	phe5(pʰe³⁵)	true	phe5	暂无	自旧档汇入	2023-07-05T08:47:08+08:00
浦东·川沙	辔(轡)	[空]	phe5(pʰe³⁵)	true	phe5	暂无	自旧档汇入	2023-07-05T08:47:08+08:00
浦东·川沙	配(配)	[空]	phe5(pʰe³⁵)	true	phe5	暂无	自旧档汇入	2023-07-05T08:47:08+08:00
浦东·川沙	扇(扇)	~风	se1(se⁵³)	true	se1	暂无	自旧档汇入	2023-07-05T08:47:08+08:00
浦东·川沙	腮(腮)	[空]	se1(se⁵³)	true	se1	暂无	自旧档汇入	2023-07-05T08:47:08+08:00
浦东·川沙	苫(苫)	[空]	se1(se⁵³)	true	se1	暂无	自旧档汇入	2023-07-05T08:47:08+08:00
浦东·川沙	衰(衰)	[空]	se1(se⁵³)	true	se1	暂无	自旧档汇入	2023-07-05T08:47:08+08:00
浦东·川沙	闩(閂)	门~，固定的	se1(se⁵³)	true	se1	暂无	自旧档汇入	2023-07-05T08:47:08+08:00
浦东·川沙	鳃(鰓)	[空]	se1(se⁵³)	true	se1	暂无	自旧档汇入	2023-07-05T08:47:08+08:00
浦东·川沙	□(□)	~豆，种	se1(se⁵³)	true	se1	暂无	自旧档汇入	2023-07-05T08:47:08+08:00
浦东·川沙	糁(糝)	饭米~，米粒	se3(se⁴⁴)	true	se3	暂无	自旧档汇入	2023-07-05T08:47:08+08:00
浦东·川沙	闪(閃)	[空]	se3(se⁴⁴)	true	se3	暂无	自旧档汇入	2023-07-05T08:47:08+08:00
浦东·川沙	陕(陝)	[空]	se3(se⁴⁴)	true	se3	暂无	自旧档汇入	2023-07-05T08:47:08+08:00
浦东·川沙	舍(舍)	宿~	se5(se³⁵)	true	se5	暂无	自旧档汇入	2023-07-05T08:47:08+08:00
浦东·川沙	帅(帥)	[空]	se5(se³⁵)	true	se5	暂无	自旧档汇入	2023-07-05T08:47:08+08:00
浦东·川沙	扇(扇)	~子	se5(se³⁵)	true	se5	暂无	自旧档汇入	2023-07-05T08:47:08+08:00
浦东·川沙	碎(碎)	[空]	se5(se³⁵)	true	se5	暂无	自旧档汇入	2023-07-05T08:47:08+08:00
浦东·川沙	赛(賽)	[空]	se5(se³⁵)	true	se5	暂无	自旧档汇入	2023-07-05T08:47:08+08:00
浦东·川沙	台(台)	~州	the1(tʰe⁵³)	true	the1	暂无	自旧档汇入	2023-07-05T08:47:08+08:00
浦东·川沙	推(推)	[空]	the1(tʰe⁵³)	true	the1	暂无	自旧档汇入	2023-07-05T08:47:08+08:00
浦东·川沙	煺(煺)	~毛	the1(tʰe⁵³)	true	the1	暂无	自旧档汇入	2023-07-05T08:47:08+08:00
浦东·川沙	胎(胎)	[空]	the1(tʰe⁵³)	true	the1	暂无	自旧档汇入	2023-07-05T08:47:08+08:00
浦东·川沙	苔(苔)	舌~	the1(tʰe⁵³)	true	the1	暂无	自旧档汇入	2023-07-05T08:47:08+08:00
浦东·川沙	贪(貪)	[空]	the1(tʰe⁵³)	true	the1	暂无	自旧档汇入	2023-07-05T08:47:08+08:00
浦东·川沙	□(□)	~拉嘴里，塞进	the1(tʰe⁵³)	true	the1	暂无	自旧档汇入	2023-07-05T08:47:08+08:00
浦东·川沙	腿(腿)	[空]	the3(tʰe⁴⁴)	true	the3	暂无	自旧档汇入	2023-07-05T08:47:08+08:00
浦东·川沙	太(太)	[空]	the5(tʰe³⁵)	true	the5	暂无	自旧档汇入	2023-07-05T08:47:08+08:00
浦东·川沙	态(態)	[空]	the5(tʰe³⁵)	true	the5	暂无	自旧档汇入	2023-07-05T08:47:08+08:00
浦东·川沙	探(探)	[空]	the5(tʰe³⁵)	true	the5	暂无	自旧档汇入	2023-07-05T08:47:08+08:00
浦东·川沙	汰(汰)	淘~	the5(tʰe³⁵)	true	the5	暂无	自旧档汇入	2023-07-05T08:47:08+08:00
浦东·川沙	色(色)	[空]	the5(tʰe³⁵)	true	the5	暂无	自旧档汇入	2023-07-05T08:47:08+08:00
浦东·川沙	褪(褪)	~颜色	the5(tʰe³⁵)	true	the5	暂无	自旧档汇入	2023-07-05T08:47:08+08:00
浦东·川沙	退(退)	[空]	the5(tʰe³⁵)	true	the5	暂无	自旧档汇入	2023-07-05T08:47:08+08:00
浦东·川沙	颜(顏)	[空]	the5(tʰe³⁵)	true	the5	暂无	自旧档汇入	2023-07-05T08:47:08+08:00
浦东·川沙	再(再)	[空]	tse1(tse⁵³)	true	tse1	暂无	自旧档汇入	2023-07-05T08:47:08+08:00
浦东·川沙	占(占)	~卜	tse1(tse⁵³)	true	tse1	暂无	自旧档汇入	2023-07-05T08:47:08+08:00
浦东·川沙	寨(寨)	[空]	tse1(tse⁵³)	true	tse1	暂无	自旧档汇入	2023-07-05T08:47:08+08:00
浦东·川沙	专(專)	[空]	tse1(tse⁵³)	true	tse1	暂无	自旧档汇入	2023-07-05T08:47:08+08:00
浦东·川沙	栽(栽)	[空]	tse1(tse⁵³)	true	tse1	暂无	自旧档汇入	2023-07-05T08:47:08+08:00
浦东·川沙	毡(氈)	[空]	tse1(tse⁵³)	true	tse1	暂无	自旧档汇入	2023-07-05T08:47:08+08:00
浦东·川沙	沾(沾)	[空]	tse1(tse⁵³)	true	tse1	暂无	自旧档汇入	2023-07-05T08:47:08+08:00
浦东·川沙	灾(災)	[空]	tse1(tse⁵³)	true	tse1	暂无	自旧档汇入	2023-07-05T08:47:08+08:00
浦东·川沙	瞻(瞻)	[空]	tse1(tse⁵³)	true	tse1	暂无	自旧档汇入	2023-07-05T08:47:08+08:00
浦东·川沙	砖(磚)	[空]	tse1(tse⁵³)	true	tse1	暂无	自旧档汇入	2023-07-05T08:47:08+08:00
浦东·川沙	簪(簪)	[空]	tse1(tse⁵³)	true	tse1	暂无	自旧档汇入	2023-07-05T08:47:08+08:00
浦东·川沙	者(者)	[空]	tse1(tse⁵³)	true	tse1	暂无	自旧档汇入	2023-07-05T08:47:08+08:00
浦东·川沙	转(轉)	~送	tse3(tse⁴⁴)	true	tse3	暂无	自旧档汇入	2023-07-05T08:47:08+08:00
浦东·川沙	占(佔)	~领	tse5(tse³⁵)	true	tse5	暂无	自旧档汇入	2023-07-05T08:47:08+08:00
浦东·川沙	战(戰)	[空]	tse5(tse³⁵)	true	tse5	暂无	自旧档汇入	2023-07-05T08:47:08+08:00
浦东·川沙	载(載)	~重	tse5(tse³⁵)	true	tse5	暂无	自旧档汇入	2023-07-05T08:47:08+08:00
浦东·川沙	辗(輾)	[空]	tse5(tse³⁵)	true	tse5	暂无	自旧档汇入	2023-07-05T08:47:08+08:00
浦东·川沙	转(轉)	~圈子	tse5(tse³⁵)	true	tse5	暂无	自旧档汇入	2023-07-05T08:47:08+08:00
浦东·川沙	串(串)	[空]	tshe1(tsʰe⁵³)	true	tshe1	暂无	自旧档汇入	2023-07-05T08:47:08+08:00
浦东·川沙	参(參)	[空]	tshe1(tsʰe⁵³)	true	tshe1	暂无	自旧档汇入	2023-07-05T08:47:08+08:00
浦东·川沙	川(川)	[空]	tshe1(tsʰe⁵³)	true	tshe1	暂无	自旧档汇入	2023-07-05T08:47:08+08:00
浦东·川沙	扦(扦)	~插	tshe1(tsʰe⁵³)	true	tshe1	暂无	自旧档汇入	2023-07-05T08:47:08+08:00
浦东·川沙	穿(穿)	[空]	tshe1(tsʰe⁵³)	true	tshe1	暂无	自旧档汇入	2023-07-05T08:47:08+08:00
浦东·川沙	餐(餐)	[空]	tshe1(tsʰe⁵³)	true	tshe1	暂无	自旧档汇入	2023-07-05T08:47:08+08:00
浦东·川沙	喘(喘)	[空]	tshe3(tsʰe⁴⁴)	true	tshe3	暂无	自旧档汇入	2023-07-05T08:47:08+08:00
浦东·川沙	彩(彩)	[空]	tshe3(tsʰe⁴⁴)	true	tshe3	暂无	自旧档汇入	2023-07-05T08:47:08+08:00
浦东·川沙	惨(慘)	[空]	tshe3(tsʰe⁴⁴)	true	tshe3	暂无	自旧档汇入	2023-07-05T08:47:08+08:00
浦东·川沙	睬(睬)	[空]	tshe3(tsʰe⁴⁴)	true	tshe3	暂无	自旧档汇入	2023-07-05T08:47:08+08:00
浦东·川沙	采(采)	[空]	tshe3(tsʰe⁴⁴)	true	tshe3	暂无	自旧档汇入	2023-07-05T08:47:08+08:00
浦东·川沙	菜(菜)	[空]	tshe5(tsʰe³⁵)	true	tshe5	暂无	自旧档汇入	2023-07-05T08:47:08+08:00
浦东·川沙	传(傳)	~达	ze2(ze²¹³)	true	ze2	暂无	自旧档汇入	2023-07-05T08:47:08+08:00
浦东·川沙	侪(儕)	副词，都	ze2(ze²¹³)	true	ze2	暂无	自旧档汇入	2023-07-05T08:47:08+08:00
浦东·川沙	才(才)	[空]	ze2(ze²¹³)	true	ze2	暂无	自旧档汇入	2023-07-05T08:47:08+08:00
浦东·川沙	材(材)	[空]	ze2(ze²¹³)	true	ze2	暂无	自旧档汇入	2023-07-05T08:47:08+08:00
浦东·川沙	椽(椽)	[空]	ze2(ze²¹³)	true	ze2	暂无	自旧档汇入	2023-07-05T08:47:08+08:00
浦东·川沙	然(然)	[空]	ze2(ze²¹³)	true	ze2	暂无	自旧档汇入	2023-07-05T08:47:08+08:00
浦东·川沙	燃(燃)	[空]	ze2(ze²¹³)	true	ze2	暂无	自旧档汇入	2023-07-05T08:47:08+08:00
浦东·川沙	禅(禪)	~宗	ze2(ze²¹³)	true	ze2	暂无	自旧档汇入	2023-07-05T08:47:08+08:00
浦东·川沙	缠(纏)	[空]	ze2(ze²¹³)	true	ze2	暂无	自旧档汇入	2023-07-05T08:47:08+08:00
浦东·川沙	船(船)	[空]	ze2(ze²¹³)	true	ze2	暂无	自旧档汇入	2023-07-05T08:47:08+08:00
浦东·川沙	蝉(蟬)	[空]	ze2(ze²¹³)	true	ze2	暂无	自旧档汇入	2023-07-05T08:47:08+08:00
浦东·川沙	蟾(蟾)	[空]	ze2(ze²¹³)	true	ze2	暂无	自旧档汇入	2023-07-05T08:47:08+08:00
浦东·川沙	蚕(蠶)	[空]	ze2(ze²¹³)	true	ze2	暂无	自旧档汇入	2023-07-05T08:47:08+08:00
浦东·川沙	裁(裁)	[空]	ze2(ze²¹³)	true	ze2	暂无	自旧档汇入	2023-07-05T08:47:08+08:00
浦东·川沙	财(財)	[空]	ze2(ze²¹³)	true	ze2	暂无	自旧档汇入	2023-07-05T08:47:08+08:00
浦东·川沙	冉(冉)	[空]	ze2(ze²¹³)	true	ze2	暂无	自旧档汇入	2023-07-05T08:47:08+08:00
浦东·川沙	善(善)	[空]	ze2(ze²¹³)	true	ze2	暂无	自旧档汇入	2023-07-05T08:47:08+08:00
浦东·川沙	在(在)	[空]	ze2(ze²¹³)	true	ze2	暂无	自旧档汇入	2023-07-05T08:47:08+08:00
浦东·川沙	染(染)	[空]	ze2(ze²¹³)	true	ze2	暂无	自旧档汇入	2023-07-05T08:47:08+08:00
浦东·川沙	社(社)	[空]	ze2(ze²¹³)	true	ze2	暂无	自旧档汇入	2023-07-05T08:47:08+08:00
浦东·川沙	篆(篆)	[空]	ze2(ze²¹³)	true	ze2	暂无	自旧档汇入	2023-07-05T08:47:08+08:00
浦东·川沙	罪(罪)	~过	ze2(ze²¹³)	true	ze2	暂无	自旧档汇入	2023-07-05T08:47:08+08:00
浦东·川沙	传(傳)	左~	ze6(ze¹³)	true	ze6	暂无	自旧档汇入	2023-07-05T08:47:08+08:00
浦东·川沙	单(單)	姓	ze6(ze¹³)	true	ze6	暂无	自旧档汇入	2023-07-05T08:47:08+08:00
浦东·川沙	寨(寨)	[空]	ze6(ze¹³)	true	ze6	暂无	自旧档汇入	2023-07-05T08:47:08+08:00
浦东·川沙	射(射)	高~炮	ze6(ze¹³)	true	ze6	暂无	自旧档汇入	2023-07-05T08:47:08+08:00
浦东·川沙	左(左)	[空]	ze6(ze¹³)	true	ze6	暂无	自旧档汇入	2023-07-05T08:47:08+08:00
浦东·川沙	禅(禪)	~让	ze6(ze¹³)	true	ze6	暂无	自旧档汇入	2023-07-05T08:47:08+08:00
浦东·川沙	膳(膳)	[空]	ze6(ze¹³)	true	ze6	暂无	自旧档汇入	2023-07-05T08:47:08+08:00
浦东·川沙	威(威)	[空]	ue1(βe⁵³)	true	ue1	暂无	自旧档汇入	2023-07-05T08:47:08+08:00
浦东·川沙	煨(煨)	[空]	ue1(βe⁵³)	true	ue1	暂无	自旧档汇入	2023-07-05T08:47:08+08:00
浦东·川沙	萎(萎)	[空]	ue1(βe⁵³)	true	ue1	暂无	自旧档汇入	2023-07-05T08:47:08+08:00
浦东·川沙	丸(丸)	[空]	ve2(βe²¹³)	true	ve2	暂无	自旧档汇入	2023-07-05T08:47:08+08:00
浦东·川沙	危(危)	[空]	ve2(βe²¹³)	true	ve2	暂无	自旧档汇入	2023-07-05T08:47:08+08:00
浦东·川沙	回(回)	[空]	ve2(βe²¹³)	true	ve2	暂无	自旧档汇入	2023-07-05T08:47:08+08:00
浦东·川沙	围(圍)	[空]	ve2(βe²¹³)	true	ve2	暂无	自旧档汇入	2023-07-05T08:47:08+08:00
浦东·川沙	完(完)	[空]	ve2(βe²¹³)	true	ve2	暂无	自旧档汇入	2023-07-05T08:47:08+08:00
浦东·川沙	怀(懷)	胸~	ve2(βe²¹³)	true	ve2	暂无	自旧档汇入	2023-07-05T08:47:08+08:00
浦东·川沙	桅(桅)	[空]	ve2(βe²¹³)	true	ve2	暂无	自旧档汇入	2023-07-05T08:47:08+08:00
浦东·川沙	桓(桓)	[空]	ve2(βe²¹³)	true	ve2	暂无	自旧档汇入	2023-07-05T08:47:08+08:00
浦东·川沙	为(為)	作~	ve2(βe²¹³)	true	ve2	暂无	自旧档汇入	2023-07-05T08:47:08+08:00
浦东·川沙	茴(茴)	[空]	ve2(βe²¹³)	true	ve2	暂无	自旧档汇入	2023-07-05T08:47:08+08:00
浦东·川沙	违(違)	[空]	ve2(βe²¹³)	true	ve2	暂无	自旧档汇入	2023-07-05T08:47:08+08:00
浦东·川沙	伟(偉)	[空]	ve2(βe²¹³)	true	ve2	暂无	自旧档汇入	2023-07-05T08:47:08+08:00
浦东·川沙	皖(皖)	[空]	ve2(βe²¹³)	true	ve2	暂无	自旧档汇入	2023-07-05T08:47:08+08:00
浦东·川沙	缓(緩)	[空]	ve2(βe²¹³)	true	ve2	暂无	自旧档汇入	2023-07-05T08:47:08+08:00
浦东·川沙	苇(葦)	[空]	ve2(βe²¹³)	true	ve2	暂无	自旧档汇入	2023-07-05T08:47:08+08:00
浦东·川沙	委(委)	[空]	ue3(βe⁴⁴)	true	ue3	暂无	自旧档汇入	2023-07-05T08:47:08+08:00
浦东·川沙	惋(惋)	[空]	ue3(βe⁴⁴)	true	ue3	暂无	自旧档汇入	2023-07-05T08:47:08+08:00
浦东·川沙	碗(碗)	[空]	ue3(βe⁴⁴)	true	ue3	暂无	自旧档汇入	2023-07-05T08:47:08+08:00
浦东·川沙	喂(餵)	~养	ue5(βe³⁵)	true	ue5	暂无	自旧档汇入	2023-07-05T08:47:08+08:00
浦东·川沙	畏(畏)	[空]	ue5(βe³⁵)	true	ue5	暂无	自旧档汇入	2023-07-05T08:47:08+08:00
浦东·川沙	腕(腕)	[空]	ue5(βe³⁵)	true	ue5	暂无	自旧档汇入	2023-07-05T08:47:08+08:00
浦东·川沙	位(位)	[空]	ve6(βe¹³)	true	ve6	暂无	自旧档汇入	2023-07-05T08:47:08+08:00
浦东·川沙	伪(偽)	[空]	ve6(βe¹³)	true	ve6	暂无	自旧档汇入	2023-07-05T08:47:08+08:00
浦东·川沙	汇(匯)	[空]	ve6(βe¹³)	true	ve6	暂无	自旧档汇入	2023-07-05T08:47:08+08:00
浦东·川沙	外(外)	[空]	ve6(βe¹³)	true	ve6	暂无	自旧档汇入	2023-07-05T08:47:08+08:00
浦东·川沙	巍(巍)	[空]	ve6(βe¹³)	true	ve6	暂无	自旧档汇入	2023-07-05T08:47:08+08:00
浦东·川沙	汇(彙)	[空]	ve6(βe¹³)	true	ve6	暂无	自旧档汇入	2023-07-05T08:47:08+08:00
浦东·川沙	惠(惠)	[空]	ve6(βe¹³)	true	ve6	暂无	自旧档汇入	2023-07-05T08:47:08+08:00
浦东·川沙	慧(慧)	[空]	ve6(βe¹³)	true	ve6	暂无	自旧档汇入	2023-07-05T08:47:08+08:00
浦东·川沙	慰(慰)	[空]	ve6(βe¹³)	true	ve6	暂无	自旧档汇入	2023-07-05T08:47:08+08:00
浦东·川沙	换(換)	[空]	ve6(βe¹³)	true	ve6	暂无	自旧档汇入	2023-07-05T08:47:08+08:00
浦东·川沙	会(會)	[空]	ve6(βe¹³)	true	ve6	暂无	自旧档汇入	2023-07-05T08:47:08+08:00
浦东·川沙	为(為)	~啥	ve6(βe¹³)	true	ve6	暂无	自旧档汇入	2023-07-05T08:47:08+08:00
浦东·川沙	猬(猬)	[空]	ve6(βe¹³)	true	ve6	暂无	自旧档汇入	2023-07-05T08:47:08+08:00
浦东·川沙	纬(緯)	[空]	ve6(βe¹³)	true	ve6	暂无	自旧档汇入	2023-07-05T08:47:08+08:00
浦东·川沙	绘(繪)	[空]	ve6(βe¹³)	true	ve6	暂无	自旧档汇入	2023-07-05T08:47:08+08:00
浦东·川沙	胃(胃)	[空]	ve6(βe¹³)	true	ve6	暂无	自旧档汇入	2023-07-05T08:47:08+08:00
浦东·川沙	蕙(蕙)	[空]	ve6(βe¹³)	true	ve6	暂无	自旧档汇入	2023-07-05T08:47:08+08:00
浦东·川沙	卫(衛)	[空]	ve6(βe¹³)	true	ve6	暂无	自旧档汇入	2023-07-05T08:47:08+08:00
浦东·川沙	谓(謂)	[空]	ve6(βe¹³)	true	ve6	暂无	自旧档汇入	2023-07-05T08:47:08+08:00
浦东·川沙	魏(魏)	[空]	ve6(βe¹³)	true	ve6	暂无	自旧档汇入	2023-07-05T08:47:08+08:00
浦东·川沙	哀(哀)	[空]	e1(e⁵³)	true	e1	暂无	自旧档汇入	2023-07-05T08:47:08+08:00
浦东·川沙	唉(唉)	[空]	e1(e⁵³)	true	e1	暂无	自旧档汇入	2023-07-05T08:47:08+08:00
浦东·川沙	埃(埃)	[空]	e1(e⁵³)	true	e1	暂无	自旧档汇入	2023-07-05T08:47:08+08:00
浦东·川沙	庵(庵)	[空]	e1(e⁵³)	true	e1	暂无	自旧档汇入	2023-07-05T08:47:08+08:00
浦东·川沙	揞(揞)	用手~没，遮盖	e3(e⁴⁴)	true	e3	暂无	自旧档汇入	2023-07-05T08:47:08+08:00
浦东·川沙	爱(愛)	[空]	e5(e³⁵)	true	e5	暂无	自旧档汇入	2023-07-05T08:47:08+08:00
浦东·川沙	暗(暗)	[空]	e5(e³⁵)	true	e5	暂无	自旧档汇入	2023-07-05T08:47:08+08:00
浦东·川沙	蔼(藹)	[空]	e5(e³⁵)	true	e5	暂无	自旧档汇入	2023-07-05T08:47:08+08:00
浦东·川沙	儿(兒)	~戏【校】原文韵母表中此韵作[əl]，同音字汇中作[l]，结合作者其他文献，确定为[əl]	er1(əl⁵³)	true	er1	暂无	自旧档汇入	2023-07-05T08:47:08+08:00
浦东·川沙	尔(爾)	【校】原文韵母表中此韵作[əl]，同音字汇中作[l]，结合作者其他文献，确定为[əl]	er1(əl⁵³)	true	er1	暂无	自旧档汇入	2023-07-05T08:47:08+08:00
浦东·川沙	耳(耳)	【校】原文韵母表中此韵作[əl]，同音字汇中作[l]，结合作者其他文献，确定为[əl]	er1(əl⁵³)	true	er1	暂无	自旧档汇入	2023-07-05T08:47:08+08:00
浦东·川沙	而(而)	【校】原文韵母表中此韵作[əl]，同音字汇中作[l]，结合作者其他文献，确定为[əl]	er2(əl²¹³)	true	er2	暂无	自旧档汇入	2023-07-05T08:47:08+08:00
浦东·川沙	尔(爾)	【校】原文韵母表中此韵作[əl]，同音字汇中作[l]，结合作者其他文献，确定为[əl]	er2(əl²¹³)	true	er2	暂无	自旧档汇入	2023-07-05T08:47:08+08:00
浦东·川沙	二(二)	【校】原文韵母表中此韵作[əl]，同音字汇中作[l]，结合作者其他文献，确定为[əl]	er6(əl¹³)	true	er6	暂无	自旧档汇入	2023-07-05T08:47:08+08:00
浦东·川沙	贰(貳)	【校】原文韵母表中此韵作[əl]，同音字汇中作[l]，结合作者其他文献，确定为[əl]	er6(əl¹³)	true	er6	暂无	自旧档汇入	2023-07-05T08:47:08+08:00
浦东·川沙	盆(盆)	[空]	ben2(bən²¹³)	true	ben2	暂无	自旧档汇入	2023-07-05T08:47:08+08:00
浦东·川沙	坌(坌)	[空]	ben6(bən¹³)	true	ben6	暂无	自旧档汇入	2023-07-05T08:47:08+08:00
浦东·川沙	笨(笨)	[空]	ben6(bən¹³)	true	ben6	暂无	自旧档汇入	2023-07-05T08:47:08+08:00
浦东·川沙	奔(奔)	[空]	pen1(ɓən⁵³)	true	pen1	暂无	自旧档汇入	2023-07-05T08:47:08+08:00
浦东·川沙	崩(崩)	[空]	pen1(ɓən⁵³)	true	pen1	暂无	自旧档汇入	2023-07-05T08:47:08+08:00
浦东·川沙	畚(畚)	~箕，~垃圾	pen1(ɓən⁵³)	true	pen1	暂无	自旧档汇入	2023-07-05T08:47:08+08:00
浦东·川沙	本(本)	[空]	pen3(ɓən⁴⁴)	true	pen3	暂无	自旧档汇入	2023-07-05T08:47:08+08:00
浦东·川沙	□(□)	开，皲裂	pen5(ɓən³⁵)	true	pen5	暂无	自旧档汇入	2023-07-05T08:47:08+08:00
浦东·川沙	囤(囤)	[空]	den2(dən²¹³)	true	den2	暂无	自旧档汇入	2023-07-05T08:47:08+08:00
浦东·川沙	屯(屯)	[空]	den2(dən²¹³)	true	den2	暂无	自旧档汇入	2023-07-05T08:47:08+08:00
浦东·川沙	沌(沌)	[空]	den2(dən²¹³)	true	den2	暂无	自旧档汇入	2023-07-05T08:47:08+08:00
浦东·川沙	臀(臀)	[空]	den2(dən²¹³)	true	den2	暂无	自旧档汇入	2023-07-05T08:47:08+08:00
浦东·川沙	藤(藤)	[空]	den2(dən²¹³)	true	den2	暂无	自旧档汇入	2023-07-05T08:47:08+08:00
浦东·川沙	誊(謄)	[空]	den2(dən²¹³)	true	den2	暂无	自旧档汇入	2023-07-05T08:47:08+08:00
浦东·川沙	豚(豚)	[空]	den2(dən²¹³)	true	den2	暂无	自旧档汇入	2023-07-05T08:47:08+08:00
浦东·川沙	饨(飩)	[空]	den2(dən²¹³)	true	den2	暂无	自旧档汇入	2023-07-05T08:47:08+08:00
浦东·川沙	腾(騰)	[空]	den2(dən²¹³)	true	den2	暂无	自旧档汇入	2023-07-05T08:47:08+08:00
浦东·川沙	盾(盾)	[空]	den2(dən²¹³)	true	den2	暂无	自旧档汇入	2023-07-05T08:47:08+08:00
浦东·川沙	□(□)	踩，踏	den2(dən²¹³)	true	den2	暂无	自旧档汇入	2023-07-05T08:47:08+08:00
浦东·川沙	瞪(瞪)	眼睛~出	den6(dən¹³)	true	den6	暂无	自旧档汇入	2023-07-05T08:47:08+08:00
浦东·川沙	遁(遁)	[空]	den6(dən¹³)	true	den6	暂无	自旧档汇入	2023-07-05T08:47:08+08:00
浦东·川沙	邓(鄧)	[空]	den6(dən¹³)	true	den6	暂无	自旧档汇入	2023-07-05T08:47:08+08:00
浦东·川沙	钝(鈍)	[空]	den6(dən¹³)	true	den6	暂无	自旧档汇入	2023-07-05T08:47:08+08:00
浦东·川沙	□(□)	~伊两句，挖苦	den6(dən¹³)	true	den6	暂无	自旧档汇入	2023-07-05T08:47:08+08:00
浦东·川沙	吨(噸)	[空]	ten1(ɗən⁵³)	true	ten1	暂无	自旧档汇入	2023-07-05T08:47:08+08:00
浦东·川沙	墩(墩)	[空]	ten1(ɗən⁵³)	true	ten1	暂无	自旧档汇入	2023-07-05T08:47:08+08:00
浦东·川沙	敦(敦)	[空]	ten1(ɗən⁵³)	true	ten1	暂无	自旧档汇入	2023-07-05T08:47:08+08:00
浦东·川沙	灯(燈)	[空]	ten1(ɗən⁵³)	true	ten1	暂无	自旧档汇入	2023-07-05T08:47:08+08:00
浦东·川沙	登(登)	[空]	ten1(ɗən⁵³)	true	ten1	暂无	自旧档汇入	2023-07-05T08:47:08+08:00
浦东·川沙	膯(膯)	鸡~，嗉囊	ten1(ɗən⁵³)	true	ten1	暂无	自旧档汇入	2023-07-05T08:47:08+08:00
浦东·川沙	蹲(蹲)	[空]	ten1(ɗən⁵³)	true	ten1	暂无	自旧档汇入	2023-07-05T08:47:08+08:00
浦东·川沙	镦(鐓)	~鸡，阉割	ten1(ɗən⁵³)	true	ten1	暂无	自旧档汇入	2023-07-05T08:47:08+08:00
浦东·川沙	□(□)	~拉屋里，呆	ten1(ɗən⁵³)	true	ten1	暂无	自旧档汇入	2023-07-05T08:47:08+08:00
浦东·川沙	等(等)	[空]	ten3(ɗən⁴⁴)	true	ten3	暂无	自旧档汇入	2023-07-05T08:47:08+08:00
浦东·川沙	凳(凳)	[空]	ten5(ɗən³⁵)	true	ten5	暂无	自旧档汇入	2023-07-05T08:47:08+08:00
浦东·川沙	戥(戥)	[空]	ten5(ɗən³⁵)	true	ten5	暂无	自旧档汇入	2023-07-05T08:47:08+08:00
浦东·川沙	炖(燉)	[空]	ten5(ɗən³⁵)	true	ten5	暂无	自旧档汇入	2023-07-05T08:47:08+08:00
浦东·川沙	镫(鐙)	[空]	ten5(ɗən³⁵)	true	ten5	暂无	自旧档汇入	2023-07-05T08:47:08+08:00
浦东·川沙	顿(頓)	[空]	ten5(ɗən³⁵)	true	ten5	暂无	自旧档汇入	2023-07-05T08:47:08+08:00
浦东·川沙	□(□)	~份量，掂	ten5(ɗən³⁵)	true	ten5	暂无	自旧档汇入	2023-07-05T08:47:08+08:00
浦东·川沙	□(□)	吃~脱，吃得过饱	ten5(ɗən³⁵)	true	ten5	暂无	自旧档汇入	2023-07-05T08:47:08+08:00
浦东·川沙	□(□)	脾气~，倔	gen6(ɡən¹³)	true	gen6	暂无	自旧档汇入	2023-07-05T08:47:08+08:00
浦东·川沙	亨(亨)	[空]	hen1(hən⁵³)	true	hen1	暂无	自旧档汇入	2023-07-05T08:47:08+08:00
浦东·川沙	哼(哼)	[空]	hen1(hən⁵³)	true	hen1	暂无	自旧档汇入	2023-07-05T08:47:08+08:00
浦东·川沙	很(很)	[空]	hen3(hən⁴⁴)	true	hen3	暂无	自旧档汇入	2023-07-05T08:47:08+08:00
浦东·川沙	狠(狠)	[空]	hen3(hən⁴⁴)	true	hen3	暂无	自旧档汇入	2023-07-05T08:47:08+08:00
浦东·川沙	擤(擤)	[空]	hen5(hən³⁵)	true	hen5	暂无	自旧档汇入	2023-07-05T08:47:08+08:00
浦东·川沙	恒(恒)	[空]	ghen2(ɦən²¹³)	true	ghen2	暂无	自旧档汇入	2023-07-05T08:47:08+08:00
浦东·川沙	痕(痕)	[空]	ghen2(ɦən²¹³)	true	ghen2	暂无	自旧档汇入	2023-07-05T08:47:08+08:00
浦东·川沙	衡(衡)	平~	ghen2(ɦən²¹³)	true	ghen2	暂无	自旧档汇入	2023-07-05T08:47:08+08:00
浦东·川沙	恨(恨)	[空]	ghen6(ɦən¹³)	true	ghen6	暂无	自旧档汇入	2023-07-05T08:47:08+08:00
浦东·川沙	更(更)	~换	ken1(kən⁵³)	true	ken1	暂无	自旧档汇入	2023-07-05T08:47:08+08:00
浦东·川沙	根(根)	[空]	ken1(kən⁵³)	true	ken1	暂无	自旧档汇入	2023-07-05T08:47:08+08:00
浦东·川沙	耕(耕)	[空]	ken1(kən⁵³)	true	ken1	暂无	自旧档汇入	2023-07-05T08:47:08+08:00
浦东·川沙	跟(跟)	[空]	ken1(kən⁵³)	true	ken1	暂无	自旧档汇入	2023-07-05T08:47:08+08:00
浦东·川沙	耿(耿)	[空]	ken3(kən⁴⁴)	true	ken3	暂无	自旧档汇入	2023-07-05T08:47:08+08:00
浦东·川沙	更(更)	~加	ken5(kən³⁵)	true	ken5	暂无	自旧档汇入	2023-07-05T08:47:08+08:00
浦东·川沙	□(□)	~抽斗，翻寻	khen1(kʰən⁵³)	true	khen1	暂无	自旧档汇入	2023-07-05T08:47:08+08:00
浦东·川沙	□(□)	~个潭潭，挖掘	khen1(kʰən⁵³)	true	khen1	暂无	自旧档汇入	2023-07-05T08:47:08+08:00
浦东·川沙	啃(啃)	[空]	khen3(kʰən⁴⁴)	true	khen3	暂无	自旧档汇入	2023-07-05T08:47:08+08:00
浦东·川沙	垦(墾)	[空]	khen3(kʰən⁴⁴)	true	khen3	暂无	自旧档汇入	2023-07-05T08:47:08+08:00
浦东·川沙	恳(懇)	[空]	khen3(kʰən⁴⁴)	true	khen3	暂无	自旧档汇入	2023-07-05T08:47:08+08:00
浦东·川沙	肯(肯)	[空]	khen3(kʰən⁴⁴)	true	khen3	暂无	自旧档汇入	2023-07-05T08:47:08+08:00
浦东·川沙	□(□)	污垢	khen5(kʰən³⁵)	true	khen5	暂无	自旧档汇入	2023-07-05T08:47:08+08:00
浦东·川沙	仑(侖)	[空]	len2(lən²¹³)	true	len2	暂无	自旧档汇入	2023-07-05T08:47:08+08:00
浦东·川沙	伦(倫)	[空]	len2(lən²¹³)	true	len2	暂无	自旧档汇入	2023-07-05T08:47:08+08:00
浦东·川沙	棱(棱)	[空]	len2(lən²¹³)	true	len2	暂无	自旧档汇入	2023-07-05T08:47:08+08:00
浦东·川沙	沦(淪)	[空]	len2(lən²¹³)	true	len2	暂无	自旧档汇入	2023-07-05T08:47:08+08:00
浦东·川沙	轮(輪)	[空]	len2(lən²¹³)	true	len2	暂无	自旧档汇入	2023-07-05T08:47:08+08:00
浦东·川沙	冷(冷)	[空]	len2(lən²¹³)	true	len2	暂无	自旧档汇入	2023-07-05T08:47:08+08:00
浦东·川沙	□(□)	~一~，想，回想	len2(lən²¹³)	true	len2	暂无	自旧档汇入	2023-07-05T08:47:08+08:00
浦东·川沙	另(另)	~外	len6(lən¹³)	true	len6	暂无	自旧档汇入	2023-07-05T08:47:08+08:00
浦东·川沙	论(論)	[空]	len6(lən¹³)	true	len6	暂无	自旧档汇入	2023-07-05T08:47:08+08:00
浦东·川沙	闷(悶)	[空]	men1(mən⁵³)	true	men1	暂无	自旧档汇入	2023-07-05T08:47:08+08:00
浦东·川沙	焖(燜)	[空]	men1(mən⁵³)	true	men1	暂无	自旧档汇入	2023-07-05T08:47:08+08:00
浦东·川沙	盟(盟)	[空]	men2(mən²¹³)	true	men2	暂无	自旧档汇入	2023-07-05T08:47:08+08:00
浦东·川沙	闻(聞)	白	men2(mən²¹³)	true	men2	暂无	自旧档汇入	2023-07-05T08:47:08+08:00
浦东·川沙	萌(萌)	[空]	men2(mən²¹³)	true	men2	暂无	自旧档汇入	2023-07-05T08:47:08+08:00
浦东·川沙	蚊(蚊)	[空]	men2(mən²¹³)	true	men2	暂无	自旧档汇入	2023-07-05T08:47:08+08:00
浦东·川沙	门(門)	[空]	men2(mən²¹³)	true	men2	暂无	自旧档汇入	2023-07-05T08:47:08+08:00
浦东·川沙	猛(猛)	[空]	men3(mən⁴⁴)	true	men3	暂无	自旧档汇入	2023-07-05T08:47:08+08:00
浦东·川沙	问(問)	白	men6(mən¹³)	true	men6	暂无	自旧档汇入	2023-07-05T08:47:08+08:00
浦东·川沙	孟(孟)	[空]	men6(mən¹³)	true	men6	暂无	自旧档汇入	2023-07-05T08:47:08+08:00
浦东·川沙	□(□)	~紧嘴，抿	men6(mən¹³)	true	men6	暂无	自旧档汇入	2023-07-05T08:47:08+08:00
浦东·川沙	能(能)	[空]	nen2(nən²¹³)	true	nen2	暂无	自旧档汇入	2023-07-05T08:47:08+08:00
浦东·川沙	嫩(嫩)	[空]	nen6(nən¹³)	true	nen6	暂无	自旧档汇入	2023-07-05T08:47:08+08:00
浦东·川沙	分(分)	[空]	fen1(ɸən⁵³)	true	fen1	暂无	自旧档汇入	2023-07-05T08:47:08+08:00
浦东·川沙	婚(婚)	[空]	fen1(ɸən⁵³)	true	fen1	暂无	自旧档汇入	2023-07-05T08:47:08+08:00
浦东·川沙	昏(昏)	[空]	fen1(ɸən⁵³)	true	fen1	暂无	自旧档汇入	2023-07-05T08:47:08+08:00
浦东·川沙	纷(紛)	[空]	fen1(ɸən⁵³)	true	fen1	暂无	自旧档汇入	2023-07-05T08:47:08+08:00
浦东·川沙	芬(芬)	[空]	fen1(ɸən⁵³)	true	fen1	暂无	自旧档汇入	2023-07-05T08:47:08+08:00
浦东·川沙	荤(葷)	荤菜	fen1(ɸən⁵³)	true	fen1	暂无	自旧档汇入	2023-07-05T08:47:08+08:00
浦东·川沙	轰(轟)	雷~霹雳	fen1(ɸən⁵³)	true	fen1	暂无	自旧档汇入	2023-07-05T08:47:08+08:00
浦东·川沙	粉(粉)	[空]	fen3(ɸən⁴⁴)	true	fen3	暂无	自旧档汇入	2023-07-05T08:47:08+08:00
浦东·川沙	奋(奮)	[空]	fen5(ɸən³⁵)	true	fen5	暂无	自旧档汇入	2023-07-05T08:47:08+08:00
浦东·川沙	粪(糞)	[空]	fen5(ɸən³⁵)	true	fen5	暂无	自旧档汇入	2023-07-05T08:47:08+08:00
浦东·川沙	喷(噴)	[空]	phen1(pʰən⁵³)	true	phen1	暂无	自旧档汇入	2023-07-05T08:47:08+08:00
浦东·川沙	烹(烹)	[空]	phen1(pʰən⁵³)	true	phen1	暂无	自旧档汇入	2023-07-05T08:47:08+08:00
浦东·川沙	伸(伸)	[空]	sen1(sən⁵³)	true	sen1	暂无	自旧档汇入	2023-07-05T08:47:08+08:00
浦东·川沙	僧(僧)	[空]	sen1(sən⁵³)	true	sen1	暂无	自旧档汇入	2023-07-05T08:47:08+08:00
浦东·川沙	升(升)	[空]	sen1(sən⁵³)	true	sen1	暂无	自旧档汇入	2023-07-05T08:47:08+08:00
浦东·川沙	参(參)	人~	sen1(sən⁵³)	true	sen1	暂无	自旧档汇入	2023-07-05T08:47:08+08:00
浦东·川沙	孙(孫)	[空]	sen1(sən⁵³)	true	sen1	暂无	自旧档汇入	2023-07-05T08:47:08+08:00
浦东·川沙	森(森)	[空]	sen1(sən⁵³)	true	sen1	暂无	自旧档汇入	2023-07-05T08:47:08+08:00
浦东·川沙	深(深)	[空]	sen1(sən⁵³)	true	sen1	暂无	自旧档汇入	2023-07-05T08:47:08+08:00
浦东·川沙	牲(牲)	[空]	sen1(sən⁵³)	true	sen1	暂无	自旧档汇入	2023-07-05T08:47:08+08:00
浦东·川沙	狲(猻)	[空]	sen1(sən⁵³)	true	sen1	暂无	自旧档汇入	2023-07-05T08:47:08+08:00
浦东·川沙	生(生)	[空]	sen1(sən⁵³)	true	sen1	暂无	自旧档汇入	2023-07-05T08:47:08+08:00
浦东·川沙	甥(甥)	[空]	sen1(sən⁵³)	true	sen1	暂无	自旧档汇入	2023-07-05T08:47:08+08:00
浦东·川沙	申(申)	[空]	sen1(sən⁵³)	true	sen1	暂无	自旧档汇入	2023-07-05T08:47:08+08:00
浦东·川沙	笙(笙)	[空]	sen1(sən⁵³)	true	sen1	暂无	自旧档汇入	2023-07-05T08:47:08+08:00
浦东·川沙	声(聲)	[空]	sen1(sən⁵³)	true	sen1	暂无	自旧档汇入	2023-07-05T08:47:08+08:00
浦东·川沙	身(身)	[空]	sen1(sən⁵³)	true	sen1	暂无	自旧档汇入	2023-07-05T08:47:08+08:00
浦东·川沙	逊(遜)	[空]	sen1(sən⁵³)	true	sen1	暂无	自旧档汇入	2023-07-05T08:47:08+08:00
浦东·川沙	婶(嬸)	[空]	sen3(sən⁴⁴)	true	sen3	暂无	自旧档汇入	2023-07-05T08:47:08+08:00
浦东·川沙	审(審)	[空]	sen3(sən⁴⁴)	true	sen3	暂无	自旧档汇入	2023-07-05T08:47:08+08:00
浦东·川沙	损(損)	[空]	sen3(sən⁴⁴)	true	sen3	暂无	自旧档汇入	2023-07-05T08:47:08+08:00
浦东·川沙	榫(榫)	[空]	sen3(sən⁴⁴)	true	sen3	暂无	自旧档汇入	2023-07-05T08:47:08+08:00
浦东·川沙	沈(沈)	[空]	sen3(sən⁴⁴)	true	sen3	暂无	自旧档汇入	2023-07-05T08:47:08+08:00
浦东·川沙	笋(筍)	[空]	sen3(sən⁴⁴)	true	sen3	暂无	自旧档汇入	2023-07-05T08:47:08+08:00
浦东·川沙	胜(勝)	[空]	sen5(sən³⁵)	true	sen5	暂无	自旧档汇入	2023-07-05T08:47:08+08:00
浦东·川沙	渗(滲)	[空]	sen5(sən³⁵)	true	sen5	暂无	自旧档汇入	2023-07-05T08:47:08+08:00
浦东·川沙	圣(聖)	[空]	sen5(sən³⁵)	true	sen5	暂无	自旧档汇入	2023-07-05T08:47:08+08:00
浦东·川沙	舜(舜)	[空]	sen5(sən³⁵)	true	sen5	暂无	自旧档汇入	2023-07-05T08:47:08+08:00
浦东·川沙	吞(吞)	[空]	then1(tʰən⁵³)	true	then1	暂无	自旧档汇入	2023-07-05T08:47:08+08:00
浦东·川沙	□(□)	~着气味，气味袭人	then1(tʰən⁵³)	true	then1	暂无	自旧档汇入	2023-07-05T08:47:08+08:00
浦东·川沙	氽(氽)	[空]	then3(tʰən⁴⁴)	true	then3	暂无	自旧档汇入	2023-07-05T08:47:08+08:00
浦东·川沙	侦(偵)	[空]	tsen1(tsən⁵³)	true	tsen1	暂无	自旧档汇入	2023-07-05T08:47:08+08:00
浦东·川沙	增(增)	[空]	tsen1(tsən⁵³)	true	tsen1	暂无	自旧档汇入	2023-07-05T08:47:08+08:00
浦东·川沙	尊(尊)	[空]	tsen1(tsən⁵³)	true	tsen1	暂无	自旧档汇入	2023-07-05T08:47:08+08:00
浦东·川沙	征(征)	[空]	tsen1(tsən⁵³)	true	tsen1	暂无	自旧档汇入	2023-07-05T08:47:08+08:00
浦东·川沙	憎(憎)	[空]	tsen1(tsən⁵³)	true	tsen1	暂无	自旧档汇入	2023-07-05T08:47:08+08:00
浦东·川沙	捘(捘)	~奶，挤	tsen1(tsən⁵³)	true	tsen1	暂无	自旧档汇入	2023-07-05T08:47:08+08:00
浦东·川沙	擦(擦)	[空]	tsen1(tsən⁵³)	true	tsen1	暂无	自旧档汇入	2023-07-05T08:47:08+08:00
浦东·川沙	斟(斟)	[空]	tsen1(tsən⁵³)	true	tsen1	暂无	自旧档汇入	2023-07-05T08:47:08+08:00
浦东·川沙	曾(曾)	姓	tsen1(tsən⁵³)	true	tsen1	暂无	自旧档汇入	2023-07-05T08:47:08+08:00
浦东·川沙	正(正)	~月	tsen1(tsən⁵³)	true	tsen1	暂无	自旧档汇入	2023-07-05T08:47:08+08:00
浦东·川沙	争(爭)	[空]	tsen1(tsən⁵³)	true	tsen1	暂无	自旧档汇入	2023-07-05T08:47:08+08:00
浦东·川沙	珍(珍)	[空]	tsen1(tsən⁵³)	true	tsen1	暂无	自旧档汇入	2023-07-05T08:47:08+08:00
浦东·川沙	真(真)	[空]	tsen1(tsən⁵³)	true	tsen1	暂无	自旧档汇入	2023-07-05T08:47:08+08:00
浦东·川沙	睁(睜)	[空]	tsen1(tsən⁵³)	true	tsen1	暂无	自旧档汇入	2023-07-05T08:47:08+08:00
浦东·川沙	筝(箏)	[空]	tsen1(tsən⁵³)	true	tsen1	暂无	自旧档汇入	2023-07-05T08:47:08+08:00
浦东·川沙	肫(肫)	~肝	tsen1(tsən⁵³)	true	tsen1	暂无	自旧档汇入	2023-07-05T08:47:08+08:00
浦东·川沙	臻(臻)	[空]	tsen1(tsən⁵³)	true	tsen1	暂无	自旧档汇入	2023-07-05T08:47:08+08:00
浦东·川沙	蒸(蒸)	[空]	tsen1(tsən⁵³)	true	tsen1	暂无	自旧档汇入	2023-07-05T08:47:08+08:00
浦东·川沙	贞(貞)	[空]	tsen1(tsən⁵³)	true	tsen1	暂无	自旧档汇入	2023-07-05T08:47:08+08:00
浦东·川沙	遵(遵)	[空]	tsen1(tsən⁵³)	true	tsen1	暂无	自旧档汇入	2023-07-05T08:47:08+08:00
浦东·川沙	针(針)	[空]	tsen1(tsən⁵³)	true	tsen1	暂无	自旧档汇入	2023-07-05T08:47:08+08:00
浦东·川沙	□(□)	楔子	tsen1(tsən⁵³)	true	tsen1	暂无	自旧档汇入	2023-07-05T08:47:08+08:00
浦东·川沙	□(□)	~奶，挤	tsen1(tsən⁵³)	true	tsen1	暂无	自旧档汇入	2023-07-05T08:47:08+08:00
浦东·川沙	准(准)	[空]	tsen3(tsən⁴⁴)	true	tsen3	暂无	自旧档汇入	2023-07-05T08:47:08+08:00
浦东·川沙	拯(拯)	[空]	tsen3(tsən⁴⁴)	true	tsen3	暂无	自旧档汇入	2023-07-05T08:47:08+08:00
浦东·川沙	整(整)	[空]	tsen3(tsən⁴⁴)	true	tsen3	暂无	自旧档汇入	2023-07-05T08:47:08+08:00
浦东·川沙	振(振)	[空]	tsen5(tsən³⁵)	true	tsen5	暂无	自旧档汇入	2023-07-05T08:47:08+08:00
浦东·川沙	政(政)	[空]	tsen5(tsən³⁵)	true	tsen5	暂无	自旧档汇入	2023-07-05T08:47:08+08:00
浦东·川沙	枕(枕)	[空]	tsen5(tsən³⁵)	true	tsen5	暂无	自旧档汇入	2023-07-05T08:47:08+08:00
浦东·川沙	正(正)	[空]	tsen5(tsən³⁵)	true	tsen5	暂无	自旧档汇入	2023-07-05T08:47:08+08:00
浦东·川沙	疹(疹)	[空]	tsen5(tsən³⁵)	true	tsen5	暂无	自旧档汇入	2023-07-05T08:47:08+08:00
浦东·川沙	症(症)	[空]	tsen5(tsən³⁵)	true	tsen5	暂无	自旧档汇入	2023-07-05T08:47:08+08:00
浦东·川沙	诊(診)	[空]	tsen5(tsən³⁵)	true	tsen5	暂无	自旧档汇入	2023-07-05T08:47:08+08:00
浦东·川沙	证(證)	[空]	tsen5(tsən³⁵)	true	tsen5	暂无	自旧档汇入	2023-07-05T08:47:08+08:00
浦东·川沙	镇(鎮)	[空]	tsen5(tsən³⁵)	true	tsen5	暂无	自旧档汇入	2023-07-05T08:47:08+08:00
浦东·川沙	震(震)	[空]	tsen5(tsən³⁵)	true	tsen5	暂无	自旧档汇入	2023-07-05T08:47:08+08:00
浦东·川沙	□(□)	~过去，掷	tsen5(tsən³⁵)	true	tsen5	暂无	自旧档汇入	2023-07-05T08:47:08+08:00
浦东·川沙	忖(忖)	想	tshen1(tsʰən⁵³)	true	tshen1	暂无	自旧档汇入	2023-07-05T08:47:08+08:00
浦东·川沙	春(春)	[空]	tshen1(tsʰən⁵³)	true	tshen1	暂无	自旧档汇入	2023-07-05T08:47:08+08:00
浦东·川沙	村(村)	[空]	tshen1(tsʰən⁵³)	true	tshen1	暂无	自旧档汇入	2023-07-05T08:47:08+08:00
浦东·川沙	椿(椿)	[空]	tshen1(tsʰən⁵³)	true	tshen1	暂无	自旧档汇入	2023-07-05T08:47:08+08:00
浦东·川沙	皴(皴)	[空]	tshen1(tsʰən⁵³)	true	tshen1	暂无	自旧档汇入	2023-07-05T08:47:08+08:00
浦东·川沙	称(稱)	~呼	tshen1(tsʰən⁵³)	true	tshen1	暂无	自旧档汇入	2023-07-05T08:47:08+08:00
浦东·川沙	蛏(蟶)	~壳	tshen1(tsʰən⁵³)	true	tshen1	暂无	自旧档汇入	2023-07-05T08:47:08+08:00
浦东·川沙	蠢(蠢)	[空]	tshen1(tsʰən⁵³)	true	tshen1	暂无	自旧档汇入	2023-07-05T08:47:08+08:00
浦东·川沙	寸(寸)	[空]	tshen5(tsʰən³⁵)	true	tshen5	暂无	自旧档汇入	2023-07-05T08:47:08+08:00
浦东·川沙	秤(秤)	[空]	tshen5(tsʰən³⁵)	true	tshen5	暂无	自旧档汇入	2023-07-05T08:47:08+08:00
浦东·川沙	称(稱)	相~	tshen5(tsʰən³⁵)	true	tshen5	暂无	自旧档汇入	2023-07-05T08:47:08+08:00
浦东·川沙	舂(舂)	~米	tshen5(tsʰən³⁵)	true	tshen5	暂无	自旧档汇入	2023-07-05T08:47:08+08:00
浦东·川沙	衬(襯)	[空]	tshen5(tsʰən³⁵)	true	tshen5	暂无	自旧档汇入	2023-07-05T08:47:08+08:00
浦东·川沙	趁(趁)	[空]	tshen5(tsʰən³⁵)	true	tshen5	暂无	自旧档汇入	2023-07-05T08:47:08+08:00
浦东·川沙	逞(逞)	[空]	tshen5(tsʰən³⁵)	true	tshen5	暂无	自旧档汇入	2023-07-05T08:47:08+08:00
浦东·川沙	丞(丞)	[空]	zen2(zən²¹³)	true	zen2	暂无	自旧档汇入	2023-07-05T08:47:08+08:00
浦东·川沙	乘(乘)	[空]	zen2(zən²¹³)	true	zen2	暂无	自旧档汇入	2023-07-05T08:47:08+08:00
浦东·川沙	人(人)	[空]	zen2(zən²¹³)	true	zen2	暂无	自旧档汇入	2023-07-05T08:47:08+08:00
浦东·川沙	仁(仁)	[空]	zen2(zən²¹³)	true	zen2	暂无	自旧档汇入	2023-07-05T08:47:08+08:00
浦东·川沙	仍(仍)	[空]	zen2(zən²¹³)	true	zen2	暂无	自旧档汇入	2023-07-05T08:47:08+08:00
浦东·川沙	呈(呈)	[空]	zen2(zən²¹³)	true	zen2	暂无	自旧档汇入	2023-07-05T08:47:08+08:00
浦东·川沙	唇(唇)	[空]	zen2(zən²¹³)	true	zen2	暂无	自旧档汇入	2023-07-05T08:47:08+08:00
浦东·川沙	城(城)	[空]	zen2(zən²¹³)	true	zen2	暂无	自旧档汇入	2023-07-05T08:47:08+08:00
浦东·川沙	尘(塵)	[空]	zen2(zən²¹³)	true	zen2	暂无	自旧档汇入	2023-07-05T08:47:08+08:00
浦东·川沙	娠(娠)	[空]	zen2(zən²¹³)	true	zen2	暂无	自旧档汇入	2023-07-05T08:47:08+08:00
浦东·川沙	存(存)	[空]	zen2(zən²¹³)	true	zen2	暂无	自旧档汇入	2023-07-05T08:47:08+08:00
浦东·川沙	层(層)	[空]	zen2(zən²¹³)	true	zen2	暂无	自旧档汇入	2023-07-05T08:47:08+08:00
浦东·川沙	惩(懲)	[空]	zen2(zən²¹³)	true	zen2	暂无	自旧档汇入	2023-07-05T08:47:08+08:00
浦东·川沙	成(成)	[空]	zen2(zən²¹³)	true	zen2	暂无	自旧档汇入	2023-07-05T08:47:08+08:00
浦东·川沙	承(承)	[空]	zen2(zən²¹³)	true	zen2	暂无	自旧档汇入	2023-07-05T08:47:08+08:00
浦东·川沙	晨(晨)	[空]	zen2(zən²¹³)	true	zen2	暂无	自旧档汇入	2023-07-05T08:47:08+08:00
浦东·川沙	曾(曾)	~经	zen2(zən²¹³)	true	zen2	暂无	自旧档汇入	2023-07-05T08:47:08+08:00
浦东·川沙	橙(橙)	[空]	zen2(zən²¹³)	true	zen2	暂无	自旧档汇入	2023-07-05T08:47:08+08:00
浦东·川沙	沉(沉)	[空]	zen2(zən²¹³)	true	zen2	暂无	自旧档汇入	2023-07-05T08:47:08+08:00
浦东·川沙	澄(澄)	[空]	zen2(zən²¹³)	true	zen2	暂无	自旧档汇入	2023-07-05T08:47:08+08:00
浦东·川沙	盛(盛)	~饭	zen2(zən²¹³)	true	zen2	暂无	自旧档汇入	2023-07-05T08:47:08+08:00
浦东·川沙	神(神)	[空]	zen2(zən²¹³)	true	zen2	暂无	自旧档汇入	2023-07-05T08:47:08+08:00
浦东·川沙	程(程)	[空]	zen2(zən²¹³)	true	zen2	暂无	自旧档汇入	2023-07-05T08:47:08+08:00
浦东·川沙	纯(純)	[空]	zen2(zən²¹³)	true	zen2	暂无	自旧档汇入	2023-07-05T08:47:08+08:00
浦东·川沙	绳(繩)	[空]	zen2(zən²¹³)	true	zen2	暂无	自旧档汇入	2023-07-05T08:47:08+08:00
浦东·川沙	臣(臣)	[空]	zen2(zən²¹³)	true	zen2	暂无	自旧档汇入	2023-07-05T08:47:08+08:00
浦东·川沙	莼(蒓)	[空]	zen2(zən²¹³)	true	zen2	暂无	自旧档汇入	2023-07-05T08:47:08+08:00
浦东·川沙	诚(誠)	[空]	zen2(zən²¹³)	true	zen2	暂无	自旧档汇入	2023-07-05T08:47:08+08:00
浦东·川沙	辰(辰)	[空]	zen2(zən²¹³)	true	zen2	暂无	自旧档汇入	2023-07-05T08:47:08+08:00
浦东·川沙	醇(醇)	[空]	zen2(zən²¹³)	true	zen2	暂无	自旧档汇入	2023-07-05T08:47:08+08:00
浦东·川沙	陈(陳)	[空]	zen2(zən²¹³)	true	zen2	暂无	自旧档汇入	2023-07-05T08:47:08+08:00
浦东·川沙	忍(忍)	[空]	zen2(zən²¹³)	true	zen2	暂无	自旧档汇入	2023-07-05T08:47:08+08:00
浦东·川沙	甚(甚)	[空]	zen2(zən²¹³)	true	zen2	暂无	自旧档汇入	2023-07-05T08:47:08+08:00
浦东·川沙	肾(腎)	[空]	zen2(zən²¹³)	true	zen2	暂无	自旧档汇入	2023-07-05T08:47:08+08:00
浦东·川沙	任(任)	[空]	zen6(zən¹³)	true	zen6	暂无	自旧档汇入	2023-07-05T08:47:08+08:00
浦东·川沙	刃(刃)	[空]	zen6(zən¹³)	true	zen6	暂无	自旧档汇入	2023-07-05T08:47:08+08:00
浦东·川沙	剩(剩)	[空]	zen6(zən¹³)	true	zen6	暂无	自旧档汇入	2023-07-05T08:47:08+08:00
浦东·川沙	慎(慎)	[空]	zen6(zən¹³)	true	zen6	暂无	自旧档汇入	2023-07-05T08:47:08+08:00
浦东·川沙	润(潤)	[空]	zen6(zən¹³)	true	zen6	暂无	自旧档汇入	2023-07-05T08:47:08+08:00
浦东·川沙	盛(盛)	兴~	zen6(zən¹³)	true	zen6	暂无	自旧档汇入	2023-07-05T08:47:08+08:00
浦东·川沙	纫(紉)	[空]	zen6(zən¹³)	true	zen6	暂无	自旧档汇入	2023-07-05T08:47:08+08:00
浦东·川沙	认(認)	[空]	zen6(zən¹³)	true	zen6	暂无	自旧档汇入	2023-07-05T08:47:08+08:00
浦东·川沙	赠(贈)	[空]	zen6(zən¹³)	true	zen6	暂无	自旧档汇入	2023-07-05T08:47:08+08:00
浦东·川沙	郑(鄭)	[空]	zen6(zən¹³)	true	zen6	暂无	自旧档汇入	2023-07-05T08:47:08+08:00
浦东·川沙	阵(陣)	[空]	zen6(zən¹³)	true	zen6	暂无	自旧档汇入	2023-07-05T08:47:08+08:00
浦东·川沙	韧(韌)	[空]	zen6(zən¹³)	true	zen6	暂无	自旧档汇入	2023-07-05T08:47:08+08:00
浦东·川沙	顺(順)	[空]	zen6(zən¹³)	true	zen6	暂无	自旧档汇入	2023-07-05T08:47:08+08:00
浦东·川沙	温(溫)	[空]	uen1(βən⁵³)	true	uen1	暂无	自旧档汇入	2023-07-05T08:47:08+08:00
浦东·川沙	瘟(瘟)	[空]	uen1(βən⁵³)	true	uen1	暂无	自旧档汇入	2023-07-05T08:47:08+08:00
浦东·川沙	坟(墳)	[空]	ven2(βən²¹³)	true	ven2	暂无	自旧档汇入	2023-07-05T08:47:08+08:00
浦东·川沙	文(文)	[空]	ven2(βən²¹³)	true	ven2	暂无	自旧档汇入	2023-07-05T08:47:08+08:00
浦东·川沙	浑(渾)	[空]	ven2(βən²¹³)	true	ven2	暂无	自旧档汇入	2023-07-05T08:47:08+08:00
浦东·川沙	焚(焚)	[空]	ven2(βən²¹³)	true	ven2	暂无	自旧档汇入	2023-07-05T08:47:08+08:00
浦东·川沙	纹(紋)	[空]	ven2(βən²¹³)	true	ven2	暂无	自旧档汇入	2023-07-05T08:47:08+08:00
浦东·川沙	闻(聞)	[空]	ven2(βən²¹³)	true	ven2	暂无	自旧档汇入	2023-07-05T08:47:08+08:00
浦东·川沙	馄(餛)	[空]	ven2(βən²¹³)	true	ven2	暂无	自旧档汇入	2023-07-05T08:47:08+08:00
浦东·川沙	魂(魂)	[空]	ven2(βən²¹³)	true	ven2	暂无	自旧档汇入	2023-07-05T08:47:08+08:00
浦东·川沙	刎(刎)	[空]	ven2(βən²¹³)	true	ven2	暂无	自旧档汇入	2023-07-05T08:47:08+08:00
浦东·川沙	吻(吻)	[空]	ven2(βən²¹³)	true	ven2	暂无	自旧档汇入	2023-07-05T08:47:08+08:00
浦东·川沙	忿(忿)	[空]	ven2(βən²¹³)	true	ven2	暂无	自旧档汇入	2023-07-05T08:47:08+08:00
浦东·川沙	愤(憤)	[空]	ven2(βən²¹³)	true	ven2	暂无	自旧档汇入	2023-07-05T08:47:08+08:00
浦东·川沙	混(混)	[空]	ven2(βən²¹³)	true	ven2	暂无	自旧档汇入	2023-07-05T08:47:08+08:00
浦东·川沙	稳(穩)	[空]	uen3(βən⁴⁴)	true	uen3	暂无	自旧档汇入	2023-07-05T08:47:08+08:00
浦东·川沙	份(份)	本~	ven6(βən¹³)	true	ven6	暂无	自旧档汇入	2023-07-05T08:47:08+08:00
浦东·川沙	问(問)	[空]	ven6(βən¹³)	true	ven6	暂无	自旧档汇入	2023-07-05T08:47:08+08:00
浦东·川沙	恩(恩)	[空]	en1(ən⁵³)	true	en1	暂无	自旧档汇入	2023-07-05T08:47:08+08:00
浦东·川沙	别(別)	~人	beq8(bəʔ²³)	true	beq8	暂无	自旧档汇入	2023-07-05T08:47:08+08:00
浦东·川沙	勃(勃)	[空]	beq8(bəʔ²³)	true	beq8	暂无	自旧档汇入	2023-07-05T08:47:08+08:00
浦东·川沙	钱(錢)	[空]	beq8(bəʔ²³)	true	beq8	暂无	自旧档汇入	2023-07-05T08:47:08+08:00
浦东·川沙	鼻(鼻)	[空]	beq8(bəʔ²³)	true	beq8	暂无	自旧档汇入	2023-07-05T08:47:08+08:00
浦东·川沙	□(□)	~石头，搬	beq8(bəʔ²³)	true	beq8	暂无	自旧档汇入	2023-07-05T08:47:08+08:00
浦东·川沙	不(不)	[空]	peq7(ɓəʔ⁵)	true	peq7	暂无	自旧档汇入	2023-07-05T08:47:08+08:00
浦东·川沙	拨(撥)	[空]	peq7(ɓəʔ⁵)	true	peq7	暂无	自旧档汇入	2023-07-05T08:47:08+08:00
浦东·川沙	钵(缽)	[空]	peq7(ɓəʔ⁵)	true	peq7	暂无	自旧档汇入	2023-07-05T08:47:08+08:00
浦东·川沙	凸(凸)	~出	deq8(dəʔ²³)	true	deq8	暂无	自旧档汇入	2023-07-05T08:47:08+08:00
浦东·川沙	突(突)	[空]	deq8(dəʔ²³)	true	deq8	暂无	自旧档汇入	2023-07-05T08:47:08+08:00
浦东·川沙	答(答)	[空]	teq7(ɗəʔ⁵)	true	teq7	暂无	自旧档汇入	2023-07-05T08:47:08+08:00
浦东·川沙	□(□)	黏，贴	teq7(ɗəʔ⁵)	true	teq7	暂无	自旧档汇入	2023-07-05T08:47:08+08:00
浦东·川沙	搿(搿)	[空]	geq8(ɡəʔ²³)	true	geq8	暂无	自旧档汇入	2023-07-05T08:47:08+08:00
浦东·川沙	□(□)	~脱，因被树荫等遮盖而长不好	heq7(həʔ⁵)	true	heq7	暂无	自旧档汇入	2023-07-05T08:47:08+08:00
浦东·川沙	合(合)	[空]	gheq8(ɦəʔ²³)	true	gheq8	暂无	自旧档汇入	2023-07-05T08:47:08+08:00
浦东·川沙	核(核)	~心	gheq8(ɦəʔ²³)	true	gheq8	暂无	自旧档汇入	2023-07-05T08:47:08+08:00
浦东·川沙	佮(佮)	~做生意，合	keq7(kəʔ⁵)	true	keq7	暂无	自旧档汇入	2023-07-05T08:47:08+08:00
浦东·川沙	割(割)	[空]	keq7(kəʔ⁵)	true	keq7	暂无	自旧档汇入	2023-07-05T08:47:08+08:00
浦东·川沙	割(割)	[空]	keq7(kəʔ⁵)	true	keq7	暂无	自旧档汇入	2023-07-05T08:47:08+08:00
浦东·川沙	合(合)	十~为一升	keq7(kəʔ⁵)	true	keq7	暂无	自旧档汇入	2023-07-05T08:47:08+08:00
浦东·川沙	葛(葛)	[空]	keq7(kəʔ⁵)	true	keq7	暂无	自旧档汇入	2023-07-05T08:47:08+08:00
浦东·川沙	蛤(蛤)	[空]	keq7(kəʔ⁵)	true	keq7	暂无	自旧档汇入	2023-07-05T08:47:08+08:00
浦东·川沙	骨(骨)	[空]	keq7(kəʔ⁵)	true	keq7	暂无	自旧档汇入	2023-07-05T08:47:08+08:00
浦东·川沙	鸽(鴿)	[空]	keq7(kəʔ⁵)	true	keq7	暂无	自旧档汇入	2023-07-05T08:47:08+08:00
浦东·川沙	窟(窟)	[空]	kheq7(kʰəʔ⁵)	true	kheq7	暂无	自旧档汇入	2023-07-05T08:47:08+08:00
浦东·川沙	阔(闊)	[空]	kheq7(kʰəʔ⁵)	true	kheq7	暂无	自旧档汇入	2023-07-05T08:47:08+08:00
浦东·川沙	抹(抹)	[空]	meq8(məʔ²³)	true	meq8	暂无	自旧档汇入	2023-07-05T08:47:08+08:00
浦东·川沙	末(末)	[空]	meq8(məʔ²³)	true	meq8	暂无	自旧档汇入	2023-07-05T08:47:08+08:00
浦东·川沙	没(沒)	[空]	meq8(məʔ²³)	true	meq8	暂无	自旧档汇入	2023-07-05T08:47:08+08:00
浦东·川沙	沫(沫)	[空]	meq8(məʔ²³)	true	meq8	暂无	自旧档汇入	2023-07-05T08:47:08+08:00
浦东·川沙	物(物)	~事，东西	meq8(məʔ²³)	true	meq8	暂无	自旧档汇入	2023-07-05T08:47:08+08:00
浦东·川沙	纳(納)	[空]	neq8(nəʔ²³)	true	neq8	暂无	自旧档汇入	2023-07-05T08:47:08+08:00
浦东·川沙	兀(兀)	[空]	ngeq8(ŋəʔ²³)	true	ngeq8	暂无	自旧档汇入	2023-07-05T08:47:08+08:00
浦东·川沙	覈(覈)	审~	ngeq8(ŋəʔ²³)	true	ngeq8	暂无	自旧档汇入	2023-07-05T08:47:08+08:00
浦东·川沙	杌(杌)	~子	ngeq8(ŋəʔ²³)	true	ngeq8	暂无	自旧档汇入	2023-07-05T08:47:08+08:00
浦东·川沙	□(□)	凳子~，要垫一垫，脚不平	ngeq8(ŋəʔ²³)	true	ngeq8	暂无	自旧档汇入	2023-07-05T08:47:08+08:00
浦东·川沙	佛(佛)	仿~	feq7(ɸəʔ⁵)	true	feq7	暂无	自旧档汇入	2023-07-05T08:47:08+08:00
浦东·川沙	勿(勿)	[空]	feq7(ɸəʔ⁵)	true	feq7	暂无	自旧档汇入	2023-07-05T08:47:08+08:00
浦东·川沙	寣(寣)	困一~，一觉	feq7(ɸəʔ⁵)	true	feq7	暂无	自旧档汇入	2023-07-05T08:47:08+08:00
浦东·川沙	忽(忽)	[空]	feq7(ɸəʔ⁵)	true	feq7	暂无	自旧档汇入	2023-07-05T08:47:08+08:00
浦东·川沙	□(□)	布~脱，变朽	feq7(ɸəʔ⁵)	true	feq7	暂无	自旧档汇入	2023-07-05T08:47:08+08:00
浦东·川沙	泼(潑)	[空]	pheq7(pʰəʔ⁵)	true	pheq7	暂无	自旧档汇入	2023-07-05T08:47:08+08:00
浦东·川沙	刷(刷)	[空]	seq7(səʔ⁵)	true	seq7	暂无	自旧档汇入	2023-07-05T08:47:08+08:00
浦东·川沙	失(失)	[空]	seq7(səʔ⁵)	true	seq7	暂无	自旧档汇入	2023-07-05T08:47:08+08:00
浦东·川沙	室(室)	[空]	seq7(səʔ⁵)	true	seq7	暂无	自旧档汇入	2023-07-05T08:47:08+08:00
浦东·川沙	摄(攝)	[空]	seq7(səʔ⁵)	true	seq7	暂无	自旧档汇入	2023-07-05T08:47:08+08:00
浦东·川沙	涩(澀)	[空]	seq7(səʔ⁵)	true	seq7	暂无	自旧档汇入	2023-07-05T08:47:08+08:00
浦东·川沙	湿(濕)	[空]	seq7(səʔ⁵)	true	seq7	暂无	自旧档汇入	2023-07-05T08:47:08+08:00
浦东·川沙	瑟(瑟)	[空]	seq7(səʔ⁵)	true	seq7	暂无	自旧档汇入	2023-07-05T08:47:08+08:00
浦东·川沙	虱(虱)	[空]	seq7(səʔ⁵)	true	seq7	暂无	自旧档汇入	2023-07-05T08:47:08+08:00
浦东·川沙	设(設)	[空]	seq7(səʔ⁵)	true	seq7	暂无	自旧档汇入	2023-07-05T08:47:08+08:00
浦东·川沙	□(□)	麦~头，穗	seq7(səʔ⁵)	true	seq7	暂无	自旧档汇入	2023-07-05T08:47:08+08:00
浦东·川沙	脱(脫)	坏~，助词	theq7(tʰəʔ⁵)	true	theq7	暂无	自旧档汇入	2023-07-05T08:47:08+08:00
浦东·川沙	□(□)	我~侬，连词	theq7(tʰəʔ⁵)	true	theq7	暂无	自旧档汇入	2023-07-05T08:47:08+08:00
浦东·川沙	只(只)	~有	tseq7(tsəʔ⁵)	true	tseq7	暂无	自旧档汇入	2023-07-05T08:47:08+08:00
浦东·川沙	哲(哲)	[空]	tseq7(tsəʔ⁵)	true	tseq7	暂无	自旧档汇入	2023-07-05T08:47:08+08:00
浦东·川沙	执(執)	[空]	tseq7(tsəʔ⁵)	true	tseq7	暂无	自旧档汇入	2023-07-05T08:47:08+08:00
浦东·川沙	折(折)	[空]	tseq7(tsəʔ⁵)	true	tseq7	暂无	自旧档汇入	2023-07-05T08:47:08+08:00
浦东·川沙	拙(拙)	[空]	tseq7(tsəʔ⁵)	true	tseq7	暂无	自旧档汇入	2023-07-05T08:47:08+08:00
浦东·川沙	汁(汁)	[空]	tseq7(tsəʔ⁵)	true	tseq7	暂无	自旧档汇入	2023-07-05T08:47:08+08:00
浦东·川沙	浙(浙)	[空]	tseq7(tsəʔ⁵)	true	tseq7	暂无	自旧档汇入	2023-07-05T08:47:08+08:00
浦东·川沙	褶(褶)	[空]	tseq7(tsəʔ⁵)	true	tseq7	暂无	自旧档汇入	2023-07-05T08:47:08+08:00
浦东·川沙	质(質)	[空]	tseq7(tsəʔ⁵)	true	tseq7	暂无	自旧档汇入	2023-07-05T08:47:08+08:00
浦东·川沙	出(出)	[空]	tsheq7(tsʰəʔ⁵)	true	tsheq7	暂无	自旧档汇入	2023-07-05T08:47:08+08:00
浦东·川沙	彻(徹)	[空]	tsheq7(tsʰəʔ⁵)	true	tsheq7	暂无	自旧档汇入	2023-07-05T08:47:08+08:00
浦东·川沙	撤(撤)	[空]	tsheq7(tsʰəʔ⁵)	true	tsheq7	暂无	自旧档汇入	2023-07-05T08:47:08+08:00
浦东·川沙	辙(轍)	[空]	tsheq7(tsʰəʔ⁵)	true	tsheq7	暂无	自旧档汇入	2023-07-05T08:47:08+08:00
浦东·川沙	什(什)	[空]	zeq8(zəʔ²³)	true	zeq8	暂无	自旧档汇入	2023-07-05T08:47:08+08:00
浦东·川沙	侄(侄)	[空]	zeq8(zəʔ²³)	true	zeq8	暂无	自旧档汇入	2023-07-05T08:47:08+08:00
浦东·川沙	入(入)	[空]	zeq8(zəʔ²³)	true	zeq8	暂无	自旧档汇入	2023-07-05T08:47:08+08:00
浦东·川沙	十(十)	[空]	zeq8(zəʔ²³)	true	zeq8	暂无	自旧档汇入	2023-07-05T08:47:08+08:00
浦东·川沙	实(實)	[空]	zeq8(zəʔ²³)	true	zeq8	暂无	自旧档汇入	2023-07-05T08:47:08+08:00
浦东·川沙	拾(拾)	[空]	zeq8(zəʔ²³)	true	zeq8	暂无	自旧档汇入	2023-07-05T08:47:08+08:00
浦东·川沙	日(日)	[空]	zeq8(zəʔ²³)	true	zeq8	暂无	自旧档汇入	2023-07-05T08:47:08+08:00
浦东·川沙	涉(涉)	[空]	zeq8(zəʔ²³)	true	zeq8	暂无	自旧档汇入	2023-07-05T08:47:08+08:00
浦东·川沙	秩(秩)	[空]	zeq8(zəʔ²³)	true	zeq8	暂无	自旧档汇入	2023-07-05T08:47:08+08:00
浦东·川沙	舌(舌)	[空]	zeq8(zəʔ²³)	true	zeq8	暂无	自旧档汇入	2023-07-05T08:47:08+08:00
浦东·川沙	蛰(蟄)	惊~	zeq8(zəʔ²³)	true	zeq8	暂无	自旧档汇入	2023-07-05T08:47:08+08:00
浦东·川沙	术(術)	[空]	zeq8(zəʔ²³)	true	zeq8	暂无	自旧档汇入	2023-07-05T08:47:08+08:00
浦东·川沙	述(述)	[空]	zeq8(zəʔ²³)	true	zeq8	暂无	自旧档汇入	2023-07-05T08:47:08+08:00
浦东·川沙	杂(雜)	[空]	zeq8(zəʔ²³)	true	zeq8	暂无	自旧档汇入	2023-07-05T08:47:08+08:00
浦东·川沙	勿(勿)	[空]	ueq7(βəʔ⁵)	true	ueq7	暂无	自旧档汇入	2023-07-05T08:47:08+08:00
浦东·川沙	屋(屋)	~里，家里	ueq7(βəʔ⁵)	true	ueq7	暂无	自旧档汇入	2023-07-05T08:47:08+08:00
浦东·川沙	殟(殟)	~塞，心中郁闷，不快	ueq7(βəʔ⁵)	true	ueq7	暂无	自旧档汇入	2023-07-05T08:47:08+08:00
浦东·川沙	𩑦(𩑦)	~杀，淹	ueq7(βəʔ⁵)	true	ueq7	暂无	自旧档汇入	2023-07-05T08:47:08+08:00
浦东·川沙	活(活)	[空]	veq8(βəʔ²³)	true	veq8	暂无	自旧档汇入	2023-07-05T08:47:08+08:00
浦东·川沙	核(核)	桃~	veq8(βəʔ²³)	true	veq8	暂无	自旧档汇入	2023-07-05T08:47:08+08:00
浦东·川沙	佛(佛)	[空]	veq8(βəʔ²³)	true	veq8	暂无	自旧档汇入	2023-07-05T08:47:08+08:00
浦东·川沙	物(物)	[空]	veq8(βəʔ²³)	true	veq8	暂无	自旧档汇入	2023-07-05T08:47:08+08:00
浦东·川沙	活(活)	~狲，猴子	veq8(βəʔ²³)	true	veq8	暂无	自旧档汇入	2023-07-05T08:47:08+08:00
浦东·川沙	□(□)	~səʔ，心中郁闷，不快	veq8(βəʔ²³)	true	veq8	暂无	自旧档汇入	2023-07-05T08:47:08+08:00
浦东·川沙	□(□)	~没，遮盖	eq7(əʔ⁵)	true	eq7	暂无	自旧档汇入	2023-07-05T08:47:08+08:00
浦东·川沙	爿(爿)	一~田，块	bae2(bɛ²¹³)	true	bae2	暂无	自旧档汇入	2023-07-05T08:47:08+08:00
浦东·川沙	□(□)	~乌龟，爬行	bae2(bɛ²¹³)	true	bae2	暂无	自旧档汇入	2023-07-05T08:47:08+08:00
浦东·川沙	办(辦)	[空]	bae6(bɛ¹³)	true	bae6	暂无	自旧档汇入	2023-07-05T08:47:08+08:00
浦东·川沙	扳(扳)	[空]	pae1(ɓɛ⁵³)	true	pae1	暂无	自旧档汇入	2023-07-05T08:47:08+08:00
浦东·川沙	斑(斑)	[空]	pae1(ɓɛ⁵³)	true	pae1	暂无	自旧档汇入	2023-07-05T08:47:08+08:00
浦东·川沙	班(班)	[空]	pae1(ɓɛ⁵³)	true	pae1	暂无	自旧档汇入	2023-07-05T08:47:08+08:00
浦东·川沙	般(般)	一~	pae1(ɓɛ⁵³)	true	pae1	暂无	自旧档汇入	2023-07-05T08:47:08+08:00
浦东·川沙	颁(頒)	[空]	pae1(ɓɛ⁵³)	true	pae1	暂无	自旧档汇入	2023-07-05T08:47:08+08:00
浦东·川沙	板(板)	[空]	pae3(ɓɛ⁴⁴)	true	pae3	暂无	自旧档汇入	2023-07-05T08:47:08+08:00
浦东·川沙	版(版)	[空]	pae3(ɓɛ⁴⁴)	true	pae3	暂无	自旧档汇入	2023-07-05T08:47:08+08:00
浦东·川沙	扮(扮)	[空]	pae5(ɓɛ³⁵)	true	pae5	暂无	自旧档汇入	2023-07-05T08:47:08+08:00
浦东·川沙	瓣(瓣)	一~叶子	pae5(ɓɛ³⁵)	true	pae5	暂无	自旧档汇入	2023-07-05T08:47:08+08:00
浦东·川沙	坛(壇)	[空]	dae2(dɛ²¹³)	true	dae2	暂无	自旧档汇入	2023-07-05T08:47:08+08:00
浦东·川沙	弹(彈)	~琴	dae2(dɛ²¹³)	true	dae2	暂无	自旧档汇入	2023-07-05T08:47:08+08:00
浦东·川沙	檀(檀)	[空]	dae2(dɛ²¹³)	true	dae2	暂无	自旧档汇入	2023-07-05T08:47:08+08:00
浦东·川沙	潭(潭)	龙~	dae2(dɛ²¹³)	true	dae2	暂无	自旧档汇入	2023-07-05T08:47:08+08:00
浦东·川沙	痰(痰)	[空]	dae2(dɛ²¹³)	true	dae2	暂无	自旧档汇入	2023-07-05T08:47:08+08:00
浦东·川沙	谈(談)	[空]	dae2(dɛ²¹³)	true	dae2	暂无	自旧档汇入	2023-07-05T08:47:08+08:00
浦东·川沙	谭(譚)	[空]	dae2(dɛ²¹³)	true	dae2	暂无	自旧档汇入	2023-07-05T08:47:08+08:00
浦东·川沙	氮(氮)	[空]	dae2(dɛ²¹³)	true	dae2	暂无	自旧档汇入	2023-07-05T08:47:08+08:00
浦东·川沙	淡(淡)	[空]	dae2(dɛ²¹³)	true	dae2	暂无	自旧档汇入	2023-07-05T08:47:08+08:00
浦东·川沙	诞(誕)	[空]	dae2(dɛ²¹³)	true	dae2	暂无	自旧档汇入	2023-07-05T08:47:08+08:00
浦东·川沙	但(但)	[空]	dae6(dɛ¹³)	true	dae6	暂无	自旧档汇入	2023-07-05T08:47:08+08:00
浦东·川沙	弹(彈)	~子	dae6(dɛ¹³)	true	dae6	暂无	自旧档汇入	2023-07-05T08:47:08+08:00
浦东·川沙	蛋(蛋)	[空]	dae6(dɛ¹³)	true	dae6	暂无	自旧档汇入	2023-07-05T08:47:08+08:00
浦东·川沙	丹(丹)	[空]	tae1(ɗɛ⁵³)	true	tae1	暂无	自旧档汇入	2023-07-05T08:47:08+08:00
浦东·川沙	任(任)	[空]	tae1(ɗɛ⁵³)	true	tae1	暂无	自旧档汇入	2023-07-05T08:47:08+08:00
浦东·川沙	单(單)	[空]	tae1(ɗɛ⁵³)	true	tae1	暂无	自旧档汇入	2023-07-05T08:47:08+08:00
浦东·川沙	担(擔)	~任	tae1(ɗɛ⁵³)	true	tae1	暂无	自旧档汇入	2023-07-05T08:47:08+08:00
浦东·川沙	耽(耽)	[空]	tae1(ɗɛ⁵³)	true	tae1	暂无	自旧档汇入	2023-07-05T08:47:08+08:00
浦东·川沙	诞(誕)	[空]	tae1(ɗɛ⁵³)	true	tae1	暂无	自旧档汇入	2023-07-05T08:47:08+08:00
浦东·川沙	□(□)	~过来，拿	tae1(ɗɛ⁵³)	true	tae1	暂无	自旧档汇入	2023-07-05T08:47:08+08:00
浦东·川沙	胆(膽)	[空]	tae3(ɗɛ⁴⁴)	true	tae3	暂无	自旧档汇入	2023-07-05T08:47:08+08:00
浦东·川沙	担(擔)	挑~	tae5(ɗɛ³⁵)	true	tae5	暂无	自旧档汇入	2023-07-05T08:47:08+08:00
浦东·川沙	旦(旦)	[空]	tae5(ɗɛ³⁵)	true	tae5	暂无	自旧档汇入	2023-07-05T08:47:08+08:00
浦东·川沙	□(□)	黄~，蟹类；蟹要~人，夹	gae2(ɡɛ²¹³)	true	gae2	暂无	自旧档汇入	2023-07-05T08:47:08+08:00
浦东·川沙	喊(喊)	[空]	hae5(hɛ³⁵)	true	hae5	暂无	自旧档汇入	2023-07-05T08:47:08+08:00
浦东·川沙	还(還)	~有	ghae2(ɦɛ²¹³)	true	ghae2	暂无	自旧档汇入	2023-07-05T08:47:08+08:00
浦东·川沙	衔(銜)	~拉嘴浪	ghae2(ɦɛ²¹³)	true	ghae2	暂无	自旧档汇入	2023-07-05T08:47:08+08:00
浦东·川沙	闲(閑)	[空]	ghae2(ɦɛ²¹³)	true	ghae2	暂无	自旧档汇入	2023-07-05T08:47:08+08:00
浦东·川沙	咸(鹹)	~味	ghae2(ɦɛ²¹³)	true	ghae2	暂无	自旧档汇入	2023-07-05T08:47:08+08:00
浦东·川沙	限(限)	白	ghae2(ɦɛ²¹³)	true	ghae2	暂无	自旧档汇入	2023-07-05T08:47:08+08:00
浦东·川沙	陷(陷)	白	ghae6(ɦɛ¹³)	true	ghae6	暂无	自旧档汇入	2023-07-05T08:47:08+08:00
浦东·川沙	馅(餡)	~头，馅	ghae6(ɦɛ¹³)	true	ghae6	暂无	自旧档汇入	2023-07-05T08:47:08+08:00
浦东·川沙	奸(奸)	白	kae1(kɛ⁵³)	true	kae1	暂无	自旧档汇入	2023-07-05T08:47:08+08:00
浦东·川沙	奸(姦)	白	kae1(kɛ⁵³)	true	kae1	暂无	自旧档汇入	2023-07-05T08:47:08+08:00
浦东·川沙	尴(尷)	~尬	kae1(kɛ⁵³)	true	kae1	暂无	自旧档汇入	2023-07-05T08:47:08+08:00
浦东·川沙	监(監)	[空]	kae1(kɛ⁵³)	true	kae1	暂无	自旧档汇入	2023-07-05T08:47:08+08:00
浦东·川沙	间(間)	白	kae1(kɛ⁵³)	true	kae1	暂无	自旧档汇入	2023-07-05T08:47:08+08:00
浦东·川沙	碱(堿)	[空]	kae3(kɛ⁴⁴)	true	kae3	暂无	自旧档汇入	2023-07-05T08:47:08+08:00
浦东·川沙	拣(揀)	[空]	kae3(kɛ⁴⁴)	true	kae3	暂无	自旧档汇入	2023-07-05T08:47:08+08:00
浦东·川沙	柬(柬)	[空]	kae3(kɛ⁴⁴)	true	kae3	暂无	自旧档汇入	2023-07-05T08:47:08+08:00
浦东·川沙	减(減)	[空]	kae3(kɛ⁴⁴)	true	kae3	暂无	自旧档汇入	2023-07-05T08:47:08+08:00
浦东·川沙	裥(襇)	[空]	kae3(kɛ⁴⁴)	true	kae3	暂无	自旧档汇入	2023-07-05T08:47:08+08:00
浦东·川沙	□(□)	~出眼饭来，分出一点（饭菜）	kae3(kɛ⁴⁴)	true	kae3	暂无	自旧档汇入	2023-07-05T08:47:08+08:00
浦东·川沙	两(兩)	[空]	kae5(kɛ³⁵)	true	kae5	暂无	自旧档汇入	2023-07-05T08:47:08+08:00
浦东·川沙	橄(橄)	[空]	kae5(kɛ³⁵)	true	kae5	暂无	自旧档汇入	2023-07-05T08:47:08+08:00
浦东·川沙	涧(澗)	[空]	kae5(kɛ³⁵)	true	kae5	暂无	自旧档汇入	2023-07-05T08:47:08+08:00
浦东·川沙	谏(諫)	[空]	kae5(kɛ³⁵)	true	kae5	暂无	自旧档汇入	2023-07-05T08:47:08+08:00
浦东·川沙	间(間)	~两日，间隔	kae5(kɛ³⁵)	true	kae5	暂无	自旧档汇入	2023-07-05T08:47:08+08:00
浦东·川沙	槛(檻)	门~	khae1(kʰɛ⁵³)	true	khae1	暂无	自旧档汇入	2023-07-05T08:47:08+08:00
浦东·川沙	铅(鉛)	白	khae1(kʰɛ⁵³)	true	khae1	暂无	自旧档汇入	2023-07-05T08:47:08+08:00
浦东·川沙	嵌(嵌)	[空]	khae5(kʰɛ³⁵)	true	khae5	暂无	自旧档汇入	2023-07-05T08:47:08+08:00
浦东·川沙	舰(艦)	[空]	khae5(kʰɛ³⁵)	true	khae5	暂无	自旧档汇入	2023-07-05T08:47:08+08:00
浦东·川沙	拦(攔)	阻~	lae2(lɛ²¹³)	true	lae2	暂无	自旧档汇入	2023-07-05T08:47:08+08:00
浦东·川沙	栏(欄)	~杆	lae2(lɛ²¹³)	true	lae2	暂无	自旧档汇入	2023-07-05T08:47:08+08:00
浦东·川沙	篮(籃)	[空]	lae2(lɛ²¹³)	true	lae2	暂无	自旧档汇入	2023-07-05T08:47:08+08:00
浦东·川沙	蓝(藍)	[空]	lae2(lɛ²¹³)	true	lae2	暂无	自旧档汇入	2023-07-05T08:47:08+08:00
浦东·川沙	兰(蘭)	[空]	lae2(lɛ²¹³)	true	lae2	暂无	自旧档汇入	2023-07-05T08:47:08+08:00
浦东·川沙	懒(懶)	[空]	lae2(lɛ²¹³)	true	lae2	暂无	自旧档汇入	2023-07-05T08:47:08+08:00
浦东·川沙	揽(攬)	[空]	lae2(lɛ²¹³)	true	lae2	暂无	自旧档汇入	2023-07-05T08:47:08+08:00
浦东·川沙	榄(欖)	[空]	lae2(lɛ²¹³)	true	lae2	暂无	自旧档汇入	2023-07-05T08:47:08+08:00
浦东·川沙	览(覽)	[空]	lae2(lɛ²¹³)	true	lae2	暂无	自旧档汇入	2023-07-05T08:47:08+08:00
浦东·川沙	滥(濫)	[空]	lae6(lɛ¹³)	true	lae6	暂无	自旧档汇入	2023-07-05T08:47:08+08:00
浦东·川沙	烂(爛)	[空]	lae6(lɛ¹³)	true	lae6	暂无	自旧档汇入	2023-07-05T08:47:08+08:00
浦东·川沙	缆(纜)	[空]	lae6(lɛ¹³)	true	lae6	暂无	自旧档汇入	2023-07-05T08:47:08+08:00
浦东·川沙	蛮(蠻)	副词，~好	mae1(mɛ⁵³)	true	mae1	暂无	自旧档汇入	2023-07-05T08:47:08+08:00
浦东·川沙	蛮(蠻)	野~	mae2(mɛ²¹³)	true	mae2	暂无	自旧档汇入	2023-07-05T08:47:08+08:00
浦东·川沙	慢(慢)	[空]	mae6(mɛ¹³)	true	mae6	暂无	自旧档汇入	2023-07-05T08:47:08+08:00
浦东·川沙	万(萬)	千叮~嘱	mae6(mɛ¹³)	true	mae6	暂无	自旧档汇入	2023-07-05T08:47:08+08:00
浦东·川沙	迈(邁)	[空]	mae6(mɛ¹³)	true	mae6	暂无	自旧档汇入	2023-07-05T08:47:08+08:00
浦东·川沙	拿(拿)	[空]	nae1(nɛ⁵³)	true	nae1	暂无	自旧档汇入	2023-07-05T08:47:08+08:00
浦东·川沙	难(難)	[空]	nae2(nɛ²¹³)	true	nae2	暂无	自旧档汇入	2023-07-05T08:47:08+08:00
浦东·川沙	颜(顏)	白	ngae2(ŋɛ²¹³)	true	ngae2	暂无	自旧档汇入	2023-07-05T08:47:08+08:00
浦东·川沙	眼(眼)	[空]	ngae2(ŋɛ²¹³)	true	ngae2	暂无	自旧档汇入	2023-07-05T08:47:08+08:00
浦东·川沙	雁(雁)	[空]	ngae6(ŋɛ¹³)	true	ngae6	暂无	自旧档汇入	2023-07-05T08:47:08+08:00
浦东·川沙	番(番)	[空]	fae1(ɸɛ⁵³)	true	fae1	暂无	自旧档汇入	2023-07-05T08:47:08+08:00
浦东·川沙	翻(翻)	[空]	fae1(ɸɛ⁵³)	true	fae1	暂无	自旧档汇入	2023-07-05T08:47:08+08:00
浦东·川沙	蕃(蕃)	~茄	fae1(ɸɛ⁵³)	true	fae1	暂无	自旧档汇入	2023-07-05T08:47:08+08:00
浦东·川沙	反(反)	[空]	fae3(ɸɛ⁴⁴)	true	fae3	暂无	自旧档汇入	2023-07-05T08:47:08+08:00
浦东·川沙	□(□)	～能，胃中不适，欲呕	fae3(ɸɛ⁴⁴)	true	fae3	暂无	自旧档汇入	2023-07-05T08:47:08+08:00
浦东·川沙	泛(泛)	[空]	fae5(ɸɛ³⁵)	true	fae5	暂无	自旧档汇入	2023-07-05T08:47:08+08:00
浦东·川沙	贩(販)	[空]	fae5(ɸɛ³⁵)	true	fae5	暂无	自旧档汇入	2023-07-05T08:47:08+08:00
浦东·川沙	□(□)	~尾巴，甩	fae5(ɸɛ³⁵)	true	fae5	暂无	自旧档汇入	2023-07-05T08:47:08+08:00
浦东·川沙	攀(攀)	[空]	phae1(pʰɛ⁵³)	true	phae1	暂无	自旧档汇入	2023-07-05T08:47:08+08:00
浦东·川沙	□(□)	~根绳子晒衣裳，拉	phae1(pʰɛ⁵³)	true	phae1	暂无	自旧档汇入	2023-07-05T08:47:08+08:00
浦东·川沙	盼(盼)	[空]	phae5(pʰɛ³⁵)	true	phae5	暂无	自旧档汇入	2023-07-05T08:47:08+08:00
浦东·川沙	袢(袢)	[空]	phae5(pʰɛ³⁵)	true	phae5	暂无	自旧档汇入	2023-07-05T08:47:08+08:00
浦东·川沙	襻(襻)	纽~	phae5(pʰɛ³⁵)	true	phae5	暂无	自旧档汇入	2023-07-05T08:47:08+08:00
浦东·川沙	鋬(鋬)	茶壶~	phae5(pʰɛ³⁵)	true	phae5	暂无	自旧档汇入	2023-07-05T08:47:08+08:00
浦东·川沙	三(三)	[空]	sae1(sɛ⁵³)	true	sae1	暂无	自旧档汇入	2023-07-05T08:47:08+08:00
浦东·川沙	删(刪)	[空]	sae1(sɛ⁵³)	true	sae1	暂无	自旧档汇入	2023-07-05T08:47:08+08:00
浦东·川沙	山(山)	[空]	sae1(sɛ⁵³)	true	sae1	暂无	自旧档汇入	2023-07-05T08:47:08+08:00
浦东·川沙	杉(杉)	[空]	sae1(sɛ⁵³)	true	sae1	暂无	自旧档汇入	2023-07-05T08:47:08+08:00
浦东·川沙	汕(汕)	[空]	sae1(sɛ⁵³)	true	sae1	暂无	自旧档汇入	2023-07-05T08:47:08+08:00
浦东·川沙	珊(珊)	[空]	sae1(sɛ⁵³)	true	sae1	暂无	自旧档汇入	2023-07-05T08:47:08+08:00
浦东·川沙	疝(疝)	[空]	sae1(sɛ⁵³)	true	sae1	暂无	自旧档汇入	2023-07-05T08:47:08+08:00
浦东·川沙	衫(衫)	[空]	sae1(sɛ⁵³)	true	sae1	暂无	自旧档汇入	2023-07-05T08:47:08+08:00
浦东·川沙	讪(訕)	搭~	sae1(sɛ⁵³)	true	sae1	暂无	自旧档汇入	2023-07-05T08:47:08+08:00
浦东·川沙	散(散)	[空]	sae3(sɛ⁴⁴)	true	sae3	暂无	自旧档汇入	2023-07-05T08:47:08+08:00
浦东·川沙	伞(傘)	[空]	sae5(sɛ³⁵)	true	sae5	暂无	自旧档汇入	2023-07-05T08:47:08+08:00
浦东·川沙	啥(啥)	~人，谁	sae5(sɛ³⁵)	true	sae5	暂无	自旧档汇入	2023-07-05T08:47:08+08:00
浦东·川沙	坍(坍)	[空]	thae1(tʰɛ⁵³)	true	thae1	暂无	自旧档汇入	2023-07-05T08:47:08+08:00
浦东·川沙	摊(攤)	[空]	thae1(tʰɛ⁵³)	true	thae1	暂无	自旧档汇入	2023-07-05T08:47:08+08:00
浦东·川沙	毯(毯)	[空]	thae1(tʰɛ⁵³)	true	thae1	暂无	自旧档汇入	2023-07-05T08:47:08+08:00
浦东·川沙	滩(灘)	[空]	thae1(tʰɛ⁵³)	true	thae1	暂无	自旧档汇入	2023-07-05T08:47:08+08:00
浦东·川沙	瘫(癱)	[空]	thae1(tʰɛ⁵³)	true	thae1	暂无	自旧档汇入	2023-07-05T08:47:08+08:00
浦东·川沙	坦(坦)	[空]	thae3(tʰɛ⁴⁴)	true	thae3	暂无	自旧档汇入	2023-07-05T08:47:08+08:00
浦东·川沙	袒(袒)	[空]	thae3(tʰɛ⁴⁴)	true	thae3	暂无	自旧档汇入	2023-07-05T08:47:08+08:00
浦东·川沙	叹(歎)	[空]	thae5(tʰɛ³⁵)	true	thae5	暂无	自旧档汇入	2023-07-05T08:47:08+08:00
浦东·川沙	炭(炭)	[空]	thae5(tʰɛ³⁵)	true	thae5	暂无	自旧档汇入	2023-07-05T08:47:08+08:00
浦东·川沙	劗(劗)	~肉，切，剁	tsae1(tsɛ⁵³)	true	tsae1	暂无	自旧档汇入	2023-07-05T08:47:08+08:00
浦东·川沙	崭(嶄)	[空]	tsae3(tsɛ⁴⁴)	true	tsae3	暂无	自旧档汇入	2023-07-05T08:47:08+08:00
浦东·川沙	斩(斬)	[空]	tsae3(tsɛ⁴⁴)	true	tsae3	暂无	自旧档汇入	2023-07-05T08:47:08+08:00
浦东·川沙	盏(盞)	[空]	tsae3(tsɛ⁴⁴)	true	tsae3	暂无	自旧档汇入	2023-07-05T08:47:08+08:00
浦东·川沙	□(□)	好	tsae3(tsɛ⁴⁴)	true	tsae3	暂无	自旧档汇入	2023-07-05T08:47:08+08:00
浦东·川沙	□(□)	侬去~脱歇，小睡	tsae3(tsɛ⁴⁴)	true	tsae3	暂无	自旧档汇入	2023-07-05T08:47:08+08:00
浦东·川沙	蘸(蘸)	[空]	tsae5(tsɛ³⁵)	true	tsae5	暂无	自旧档汇入	2023-07-05T08:47:08+08:00
浦东·川沙	赞(贊)	[空]	tsae5(tsɛ³⁵)	true	tsae5	暂无	自旧档汇入	2023-07-05T08:47:08+08:00
浦东·川沙	搀(攙)	[空]	tshae1(tsʰɛ⁵³)	true	tshae1	暂无	自旧档汇入	2023-07-05T08:47:08+08:00
浦东·川沙	□(□)	~伊一跤，推	tshae1(tsʰɛ⁵³)	true	tshae1	暂无	自旧档汇入	2023-07-05T08:47:08+08:00
浦东·川沙	□(□)	来~拉甏里，倾倒	tshae1(tsʰɛ⁵³)	true	tshae1	暂无	自旧档汇入	2023-07-05T08:47:08+08:00
浦东·川沙	产(產)	[空]	tshae3(tsʰɛ⁴⁴)	true	tshae3	暂无	自旧档汇入	2023-07-05T08:47:08+08:00
浦东·川沙	铲(鏟)	[空]	tshae3(tsʰɛ⁴⁴)	true	tshae3	暂无	自旧档汇入	2023-07-05T08:47:08+08:00
浦东·川沙	□(□)	~伊两声，责骂	tshae3(tsʰɛ⁴⁴)	true	tshae3	暂无	自旧档汇入	2023-07-05T08:47:08+08:00
浦东·川沙	灿(燦)	[空]	tshae5(tsʰɛ³⁵)	true	tshae5	暂无	自旧档汇入	2023-07-05T08:47:08+08:00
浦东·川沙	惭(慚)	[空]	zae2(zɛ²¹³)	true	zae2	暂无	自旧档汇入	2023-07-05T08:47:08+08:00
浦东·川沙	残(殘)	[空]	zae2(zɛ²¹³)	true	zae2	暂无	自旧档汇入	2023-07-05T08:47:08+08:00
浦东·川沙	涎(涎)	~唾，唾沫	zae2(zɛ²¹³)	true	zae2	暂无	自旧档汇入	2023-07-05T08:47:08+08:00
浦东·川沙	谗(讒)	[空]	zae2(zɛ²¹³)	true	zae2	暂无	自旧档汇入	2023-07-05T08:47:08+08:00
浦东·川沙	馋(饞)	[空]	zae2(zɛ²¹³)	true	zae2	暂无	自旧档汇入	2023-07-05T08:47:08+08:00
浦东·川沙	巉(巉)	扶梯~，陡	zae6(zɛ¹³)	true	zae6	暂无	自旧档汇入	2023-07-05T08:47:08+08:00
浦东·川沙	暂(暫)	[空]	zae6(zɛ¹³)	true	zae6	暂无	自旧档汇入	2023-07-05T08:47:08+08:00
浦东·川沙	栈(棧)	[空]	zae6(zɛ¹³)	true	zae6	暂无	自旧档汇入	2023-07-05T08:47:08+08:00
浦东·川沙	湛(湛)	[空]	zae6(zɛ¹³)	true	zae6	暂无	自旧档汇入	2023-07-05T08:47:08+08:00
浦东·川沙	溅(濺)	[空]	zae6(zɛ¹³)	true	zae6	暂无	自旧档汇入	2023-07-05T08:47:08+08:00
浦东·川沙	站(站)	[空]	zae6(zɛ¹³)	true	zae6	暂无	自旧档汇入	2023-07-05T08:47:08+08:00
浦东·川沙	绽(綻)	[空]	zae6(zɛ¹³)	true	zae6	暂无	自旧档汇入	2023-07-05T08:47:08+08:00
浦东·川沙	赚(賺)	[空]	zae6(zɛ¹³)	true	zae6	暂无	自旧档汇入	2023-07-05T08:47:08+08:00
浦东·川沙	□(□)	扶梯~，陡	zae6(zɛ¹³)	true	zae6	暂无	自旧档汇入	2023-07-05T08:47:08+08:00
浦东·川沙	弯(彎)	[空]	uae1(βɛ⁵³)	true	uae1	暂无	自旧档汇入	2023-07-05T08:47:08+08:00
浦东·川沙	湾(灣)	[空]	uae1(βɛ⁵³)	true	uae1	暂无	自旧档汇入	2023-07-05T08:47:08+08:00
浦东·川沙	□(□)	顺便~一~，顺路去	uae1(βɛ⁵³)	true	uae1	暂无	自旧档汇入	2023-07-05T08:47:08+08:00
浦东·川沙	凡(凡)	[空]	vae2(βɛ²¹³)	true	vae2	暂无	自旧档汇入	2023-07-05T08:47:08+08:00
浦东·川沙	帆(帆)	[空]	vae2(βɛ²¹³)	true	vae2	暂无	自旧档汇入	2023-07-05T08:47:08+08:00
浦东·川沙	烦(煩)	[空]	vae2(βɛ²¹³)	true	vae2	暂无	自旧档汇入	2023-07-05T08:47:08+08:00
浦东·川沙	矾(礬)	[空]	vae2(βɛ²¹³)	true	vae2	暂无	自旧档汇入	2023-07-05T08:47:08+08:00
浦东·川沙	繁(繁)	[空]	vae2(βɛ²¹³)	true	vae2	暂无	自旧档汇入	2023-07-05T08:47:08+08:00
浦东·川沙	藩(藩)	[空]	vae2(βɛ²¹³)	true	vae2	暂无	自旧档汇入	2023-07-05T08:47:08+08:00
浦东·川沙	还(還)	归~	vae2(βɛ²¹³)	true	vae2	暂无	自旧档汇入	2023-07-05T08:47:08+08:00
浦东·川沙	顽(頑)	[空]	vae2(βɛ²¹³)	true	vae2	暂无	自旧档汇入	2023-07-05T08:47:08+08:00
浦东·川沙	犯(犯)	[空]	vae2(βɛ²¹³)	true	vae2	暂无	自旧档汇入	2023-07-05T08:47:08+08:00
浦东·川沙	范(範)	[空]	vae2(βɛ²¹³)	true	vae2	暂无	自旧档汇入	2023-07-05T08:47:08+08:00
浦东·川沙	挽(挽)	[空]	uae3(βɛ⁴⁴)	true	uae3	暂无	自旧档汇入	2023-07-05T08:47:08+08:00
浦东·川沙	晚(晚)	[空]	uae3(βɛ⁴⁴)	true	uae3	暂无	自旧档汇入	2023-07-05T08:47:08+08:00
浦东·川沙	□(□)	~水，打水	vae4(βɛ²¹³)	true	vae4	暂无	自旧档汇入	2023-07-05T08:47:08+08:00
浦东·川沙	宦(宦)	[空]	vae6(βɛ¹³)	true	vae6	暂无	自旧档汇入	2023-07-05T08:47:08+08:00
浦东·川沙	幻(幻)	[空]	vae6(βɛ¹³)	true	vae6	暂无	自旧档汇入	2023-07-05T08:47:08+08:00
浦东·川沙	患(患)	[空]	vae6(βɛ¹³)	true	vae6	暂无	自旧档汇入	2023-07-05T08:47:08+08:00
浦东·川沙	玩(玩)	[空]	vae6(βɛ¹³)	true	vae6	暂无	自旧档汇入	2023-07-05T08:47:08+08:00
浦东·川沙	万(萬)	[空]	vae6(βɛ¹³)	true	vae6	暂无	自旧档汇入	2023-07-05T08:47:08+08:00
浦东·川沙	饭(飯)	[空]	vae6(βɛ¹³)	true	vae6	暂无	自旧档汇入	2023-07-05T08:47:08+08:00
浦东·川沙	还(還)	~有	ae1(ɛ⁵³)	true	ae1	暂无	自旧档汇入	2023-07-05T08:47:08+08:00
浦东·川沙	晏(晏)	（时间）晚。白	ae5(ɛ³⁵)	true	ae5	暂无	自旧档汇入	2023-07-05T08:47:08+08:00
浦东·川沙	投(投)	[空]	deu2(dɤ²¹³)	true	deu2	暂无	自旧档汇入	2023-07-05T08:47:08+08:00
浦东·川沙	头(頭)	[空]	deu2(dɤ²¹³)	true	deu2	暂无	自旧档汇入	2023-07-05T08:47:08+08:00
浦东·川沙	骰(骰)	[空]	deu2(dɤ²¹³)	true	deu2	暂无	自旧档汇入	2023-07-05T08:47:08+08:00
浦东·川沙	痘(痘)	[空]	deu6(dɤ¹³)	true	deu6	暂无	自旧档汇入	2023-07-05T08:47:08+08:00
浦东·川沙	窦(竇)	[空]	deu6(dɤ¹³)	true	deu6	暂无	自旧档汇入	2023-07-05T08:47:08+08:00
浦东·川沙	豆(豆)	[空]	deu6(dɤ¹³)	true	deu6	暂无	自旧档汇入	2023-07-05T08:47:08+08:00
浦东·川沙	逗(逗)	[空]	deu6(dɤ¹³)	true	deu6	暂无	自旧档汇入	2023-07-05T08:47:08+08:00
浦东·川沙	兜(兜)	[空]	teu1(ɗɤ⁵³)	true	teu1	暂无	自旧档汇入	2023-07-05T08:47:08+08:00
浦东·川沙	抖(抖)	[空]	teu3(ɗɤ⁴⁴)	true	teu3	暂无	自旧档汇入	2023-07-05T08:47:08+08:00
浦东·川沙	斗(斗)	一~米	teu3(ɗɤ⁴⁴)	true	teu3	暂无	自旧档汇入	2023-07-05T08:47:08+08:00
浦东·川沙	斗(鬥)	~争	teu5(ɗɤ³⁵)	true	teu5	暂无	自旧档汇入	2023-07-05T08:47:08+08:00
浦东·川沙	□(□)	~头缩颈，缩	geu2(ɡɤ²¹³)	true	geu2	暂无	自旧档汇入	2023-07-05T08:47:08+08:00
浦东·川沙	吼(吼)	[空]	heu1(hɤ⁵³)	true	heu1	暂无	自旧档汇入	2023-07-05T08:47:08+08:00
浦东·川沙	□(□)	~背，驼背	heu1(hɤ⁵³)	true	heu1	暂无	自旧档汇入	2023-07-05T08:47:08+08:00
浦东·川沙	吼(吼)	[空]	heu3(hɤ⁴⁴)	true	heu3	暂无	自旧档汇入	2023-07-05T08:47:08+08:00
浦东·川沙	□(□)	~退，吓唬	heu3(hɤ⁴⁴)	true	heu3	暂无	自旧档汇入	2023-07-05T08:47:08+08:00
浦东·川沙	鲎(鱟)	[空]	heu5(hɤ³⁵)	true	heu5	暂无	自旧档汇入	2023-07-05T08:47:08+08:00
浦东·川沙	侯(侯)	[空]	gheu2(ɦɤ²¹³)	true	gheu2	暂无	自旧档汇入	2023-07-05T08:47:08+08:00
浦东·川沙	儿(兒)	~子	gheu2(ɦɤ²¹³)	true	gheu2	暂无	自旧档汇入	2023-07-05T08:47:08+08:00
浦东·川沙	喉(喉)	[空]	gheu2(ɦɤ²¹³)	true	gheu2	暂无	自旧档汇入	2023-07-05T08:47:08+08:00
浦东·川沙	猴(猴)	[空]	gheu2(ɦɤ²¹³)	true	gheu2	暂无	自旧档汇入	2023-07-05T08:47:08+08:00
浦东·川沙	厚(厚)	[空]	gheu2(ɦɤ²¹³)	true	gheu2	暂无	自旧档汇入	2023-07-05T08:47:08+08:00
浦东·川沙	后(后)	[空]	gheu2(ɦɤ²¹³)	true	gheu2	暂无	自旧档汇入	2023-07-05T08:47:08+08:00
浦东·川沙	候(候)	[空]	gheu6(ɦɤ¹³)	true	gheu6	暂无	自旧档汇入	2023-07-05T08:47:08+08:00
浦东·川沙	勾(勾)	[空]	keu1(kɤ⁵³)	true	keu1	暂无	自旧档汇入	2023-07-05T08:47:08+08:00
浦东·川沙	沟(溝)	[空]	keu1(kɤ⁵³)	true	keu1	暂无	自旧档汇入	2023-07-05T08:47:08+08:00
浦东·川沙	钩(鉤)	[空]	keu1(kɤ⁵³)	true	keu1	暂无	自旧档汇入	2023-07-05T08:47:08+08:00
浦东·川沙	构(構)	[空]	keu3(kɤ⁴⁴)	true	keu3	暂无	自旧档汇入	2023-07-05T08:47:08+08:00
浦东·川沙	狗(狗)	[空]	keu3(kɤ⁴⁴)	true	keu3	暂无	自旧档汇入	2023-07-05T08:47:08+08:00
浦东·川沙	苟(苟)	[空]	keu3(kɤ⁴⁴)	true	keu3	暂无	自旧档汇入	2023-07-05T08:47:08+08:00
浦东·川沙	购(購)	[空]	keu3(kɤ⁴⁴)	true	keu3	暂无	自旧档汇入	2023-07-05T08:47:08+08:00
浦东·川沙	人(人)	[空]	keu5(kɤ³⁵)	true	keu5	暂无	自旧档汇入	2023-07-05T08:47:08+08:00
浦东·川沙	个(個)	~人	keu5(kɤ³⁵)	true	keu5	暂无	自旧档汇入	2023-07-05T08:47:08+08:00
浦东·川沙	够(夠)	[空]	keu5(kɤ³⁵)	true	keu5	暂无	自旧档汇入	2023-07-05T08:47:08+08:00
浦东·川沙	抠(摳)	[空]	kheu1(kʰɤ⁵³)	true	kheu1	暂无	自旧档汇入	2023-07-05T08:47:08+08:00
浦东·川沙	眍(瞘)	[空]	kheu1(kʰɤ⁵³)	true	kheu1	暂无	自旧档汇入	2023-07-05T08:47:08+08:00
浦东·川沙	口(口)	[空]	kheu3(kʰɤ⁴⁴)	true	kheu3	暂无	自旧档汇入	2023-07-05T08:47:08+08:00
浦东·川沙	叩(叩)	[空]	kheu3(kʰɤ⁴⁴)	true	kheu3	暂无	自旧档汇入	2023-07-05T08:47:08+08:00
浦东·川沙	寇(寇)	[空]	kheu5(kʰɤ³⁵)	true	kheu5	暂无	自旧档汇入	2023-07-05T08:47:08+08:00
浦东·川沙	扣(扣)	[空]	kheu5(kʰɤ³⁵)	true	kheu5	暂无	自旧档汇入	2023-07-05T08:47:08+08:00
浦东·川沙	□(□)	~来，小气	kheu5(kʰɤ³⁵)	true	kheu5	暂无	自旧档汇入	2023-07-05T08:47:08+08:00
浦东·川沙	娄(婁)	[空]	leu2(lɤ²¹³)	true	leu2	暂无	自旧档汇入	2023-07-05T08:47:08+08:00
浦东·川沙	搂(摟)	[空]	leu2(lɤ²¹³)	true	leu2	暂无	自旧档汇入	2023-07-05T08:47:08+08:00
浦东·川沙	楼(樓)	[空]	leu2(lɤ²¹³)	true	leu2	暂无	自旧档汇入	2023-07-05T08:47:08+08:00
浦东·川沙	瘤(瘤)	白	leu2(lɤ²¹³)	true	leu2	暂无	自旧档汇入	2023-07-05T08:47:08+08:00
浦东·川沙	蝼(螻)	[空]	leu2(lɤ²¹³)	true	leu2	暂无	自旧档汇入	2023-07-05T08:47:08+08:00
浦东·川沙	篓(簍)	[空]	leu2(lɤ²¹³)	true	leu2	暂无	自旧档汇入	2023-07-05T08:47:08+08:00
浦东·川沙	漏(漏)	[空]	leu6(lɤ¹³)	true	leu6	暂无	自旧档汇入	2023-07-05T08:47:08+08:00
浦东·川沙	陋(陋)	[空]	leu6(lɤ¹³)	true	leu6	暂无	自旧档汇入	2023-07-05T08:47:08+08:00
浦东·川沙	某(某)	[空]	meu2(mɤ²¹³)	true	meu2	暂无	自旧档汇入	2023-07-05T08:47:08+08:00
浦东·川沙	牟(牟)	[空]	meu2(mɤ²¹³)	true	meu2	暂无	自旧档汇入	2023-07-05T08:47:08+08:00
浦东·川沙	矛(矛)	[空]	meu2(mɤ²¹³)	true	meu2	暂无	自旧档汇入	2023-07-05T08:47:08+08:00
浦东·川沙	谋(謀)	[空]	meu2(mɤ²¹³)	true	meu2	暂无	自旧档汇入	2023-07-05T08:47:08+08:00
浦东·川沙	牡(牡)	[空]	meu2(mɤ²¹³)	true	meu2	暂无	自旧档汇入	2023-07-05T08:47:08+08:00
浦东·川沙	亩(畝)	[空]	meu2(mɤ²¹³)	true	meu2	暂无	自旧档汇入	2023-07-05T08:47:08+08:00
浦东·川沙	茂(茂)	[空]	meu6(mɤ¹³)	true	meu6	暂无	自旧档汇入	2023-07-05T08:47:08+08:00
浦东·川沙	贸(貿)	[空]	meu6(mɤ¹³)	true	meu6	暂无	自旧档汇入	2023-07-05T08:47:08+08:00
浦东·川沙	偶(偶)	[空]	ngeu2(ŋɤ²¹³)	true	ngeu2	暂无	自旧档汇入	2023-07-05T08:47:08+08:00
浦东·川沙	藕(藕)	[空]	ngeu2(ŋɤ²¹³)	true	ngeu2	暂无	自旧档汇入	2023-07-05T08:47:08+08:00
浦东·川沙	否(否)	[空]	feu5(ɸɤ³⁵)	true	feu5	暂无	自旧档汇入	2023-07-05T08:47:08+08:00
浦东·川沙	搜(搜)	[空]	seu1(sɤ⁵³)	true	seu1	暂无	自旧档汇入	2023-07-05T08:47:08+08:00
浦东·川沙	收(收)	[空]	seu1(sɤ⁵³)	true	seu1	暂无	自旧档汇入	2023-07-05T08:47:08+08:00
浦东·川沙	飕(颼)	[空]	seu1(sɤ⁵³)	true	seu1	暂无	自旧档汇入	2023-07-05T08:47:08+08:00
浦东·川沙	馊(餿)	~气，馊	seu1(sɤ⁵³)	true	seu1	暂无	自旧档汇入	2023-07-05T08:47:08+08:00
浦东·川沙	叟(叟)	[空]	seu3(sɤ⁴⁴)	true	seu3	暂无	自旧档汇入	2023-07-05T08:47:08+08:00
浦东·川沙	守(守)	[空]	seu3(sɤ⁴⁴)	true	seu3	暂无	自旧档汇入	2023-07-05T08:47:08+08:00
浦东·川沙	手(手)	[空]	seu3(sɤ⁴⁴)	true	seu3	暂无	自旧档汇入	2023-07-05T08:47:08+08:00
浦东·川沙	首(首)	[空]	seu3(sɤ⁴⁴)	true	seu3	暂无	自旧档汇入	2023-07-05T08:47:08+08:00
浦东·川沙	□(□)	~粉，揉，和面	seu3(sɤ⁴⁴)	true	seu3	暂无	自旧档汇入	2023-07-05T08:47:08+08:00
浦东·川沙	嗽(嗽)	~来，咳嗽	seu5(sɤ³⁵)	true	seu5	暂无	自旧档汇入	2023-07-05T08:47:08+08:00
浦东·川沙	兽(獸)	[空]	seu5(sɤ³⁵)	true	seu5	暂无	自旧档汇入	2023-07-05T08:47:08+08:00
浦东·川沙	瘦(瘦)	[空]	seu5(sɤ³⁵)	true	seu5	暂无	自旧档汇入	2023-07-05T08:47:08+08:00
浦东·川沙	偷(偷)	[空]	theu1(tʰɤ⁵³)	true	theu1	暂无	自旧档汇入	2023-07-05T08:47:08+08:00
浦东·川沙	㪗(㪗)	~开被头，抖开	theu3(tʰɤ⁴⁴)	true	theu3	暂无	自旧档汇入	2023-07-05T08:47:08+08:00
浦东·川沙	透(透)	[空]	theu5(tʰɤ³⁵)	true	theu5	暂无	自旧档汇入	2023-07-05T08:47:08+08:00
浦东·川沙	周(周)	[空]	tseu1(tsɤ⁵³)	true	tseu1	暂无	自旧档汇入	2023-07-05T08:47:08+08:00
浦东·川沙	州(州)	[空]	tseu1(tsɤ⁵³)	true	tseu1	暂无	自旧档汇入	2023-07-05T08:47:08+08:00
浦东·川沙	洲(洲)	[空]	tseu1(tsɤ⁵³)	true	tseu1	暂无	自旧档汇入	2023-07-05T08:47:08+08:00
浦东·川沙	舟(舟)	[空]	tseu1(tsɤ⁵³)	true	tseu1	暂无	自旧档汇入	2023-07-05T08:47:08+08:00
浦东·川沙	邹(鄒)	[空]	tseu1(tsɤ⁵³)	true	tseu1	暂无	自旧档汇入	2023-07-05T08:47:08+08:00
浦东·川沙	帚(帚)	[空]	tseu3(tsɤ⁴⁴)	true	tseu3	暂无	自旧档汇入	2023-07-05T08:47:08+08:00
浦东·川沙	肘(肘)	[空]	tseu3(tsɤ⁴⁴)	true	tseu3	暂无	自旧档汇入	2023-07-05T08:47:08+08:00
浦东·川沙	走(走)	[空]	tseu3(tsɤ⁴⁴)	true	tseu3	暂无	自旧档汇入	2023-07-05T08:47:08+08:00
浦东·川沙	咒(咒)	[空]	tseu5(tsɤ³⁵)	true	tseu5	暂无	自旧档汇入	2023-07-05T08:47:08+08:00
浦东·川沙	奏(奏)	[空]	tseu5(tsɤ³⁵)	true	tseu5	暂无	自旧档汇入	2023-07-05T08:47:08+08:00
浦东·川沙	昼(晝)	[空]	tseu5(tsɤ³⁵)	true	tseu5	暂无	自旧档汇入	2023-07-05T08:47:08+08:00
浦东·川沙	绉(縐)	~纱	tseu5(tsɤ³⁵)	true	tseu5	暂无	自旧档汇入	2023-07-05T08:47:08+08:00
浦东·川沙	抽(抽)	[空]	tsheu1(tsʰɤ⁵³)	true	tsheu1	暂无	自旧档汇入	2023-07-05T08:47:08+08:00
浦东·川沙	丑(丑)	[空]	tsheu5(tsʰɤ³⁵)	true	tsheu5	暂无	自旧档汇入	2023-07-05T08:47:08+08:00
浦东·川沙	凑(湊)	[空]	tsheu5(tsʰɤ³⁵)	true	tsheu5	暂无	自旧档汇入	2023-07-05T08:47:08+08:00
浦东·川沙	臭(臭)	[空]	tsheu5(tsʰɤ³⁵)	true	tsheu5	暂无	自旧档汇入	2023-07-05T08:47:08+08:00
浦东·川沙	丑(醜)	[空]	tsheu5(tsʰɤ³⁵)	true	tsheu5	暂无	自旧档汇入	2023-07-05T08:47:08+08:00
浦东·川沙	仇(仇)	[空]	zeu2(zɤ²¹³)	true	zeu2	暂无	自旧档汇入	2023-07-05T08:47:08+08:00
浦东·川沙	愁(愁)	[空]	zeu2(zɤ²¹³)	true	zeu2	暂无	自旧档汇入	2023-07-05T08:47:08+08:00
浦东·川沙	揉(揉)	[空]	zeu2(zɤ²¹³)	true	zeu2	暂无	自旧档汇入	2023-07-05T08:47:08+08:00
浦东·川沙	柔(柔)	[空]	zeu2(zɤ²¹³)	true	zeu2	暂无	自旧档汇入	2023-07-05T08:47:08+08:00
浦东·川沙	筹(籌)	[空]	zeu2(zɤ²¹³)	true	zeu2	暂无	自旧档汇入	2023-07-05T08:47:08+08:00
浦东·川沙	绸(綢)	[空]	zeu2(zɤ²¹³)	true	zeu2	暂无	自旧档汇入	2023-07-05T08:47:08+08:00
浦东·川沙	酬(酬)	[空]	zeu2(zɤ²¹³)	true	zeu2	暂无	自旧档汇入	2023-07-05T08:47:08+08:00
浦东·川沙	受(受)	[空]	zeu2(zɤ²¹³)	true	zeu2	暂无	自旧档汇入	2023-07-05T08:47:08+08:00
浦东·川沙	纣(紂)	[空]	zeu2(zɤ²¹³)	true	zeu2	暂无	自旧档汇入	2023-07-05T08:47:08+08:00
浦东·川沙	售(售)	[空]	zeu6(zɤ¹³)	true	zeu6	暂无	自旧档汇入	2023-07-05T08:47:08+08:00
浦东·川沙	寿(壽)	[空]	zeu6(zɤ¹³)	true	zeu6	暂无	自旧档汇入	2023-07-05T08:47:08+08:00
浦东·川沙	宙(宙)	[空]	zeu6(zɤ¹³)	true	zeu6	暂无	自旧档汇入	2023-07-05T08:47:08+08:00
浦东·川沙	授(授)	[空]	zeu6(zɤ¹³)	true	zeu6	暂无	自旧档汇入	2023-07-05T08:47:08+08:00
浦东·川沙	骤(驟)	[空]	zeu6(zɤ¹³)	true	zeu6	暂无	自旧档汇入	2023-07-05T08:47:08+08:00
浦东·川沙	浮(浮)	[空]	veu2(βɤ²¹³)	true	veu2	暂无	自旧档汇入	2023-07-05T08:47:08+08:00
浦东·川沙	负(負)	[空]	veu2(βɤ²¹³)	true	veu2	暂无	自旧档汇入	2023-07-05T08:47:08+08:00
浦东·川沙	阜(阜)	[空]	veu2(βɤ²¹³)	true	veu2	暂无	自旧档汇入	2023-07-05T08:47:08+08:00
浦东·川沙	伛(傴)	~腰曲背	eu1(ɤ⁵³)	true	eu1	暂无	自旧档汇入	2023-07-05T08:47:08+08:00
浦东·川沙	欧(歐)	[空]	eu1(ɤ⁵³)	true	eu1	暂无	自旧档汇入	2023-07-05T08:47:08+08:00
浦东·川沙	殴(毆)	[空]	eu1(ɤ⁵³)	true	eu1	暂无	自旧档汇入	2023-07-05T08:47:08+08:00
浦东·川沙	瓯(甌)	[空]	eu1(ɤ⁵³)	true	eu1	暂无	自旧档汇入	2023-07-05T08:47:08+08:00
浦东·川沙	呕(嘔)	[空]	eu3(ɤ⁴⁴)	true	eu3	暂无	自旧档汇入	2023-07-05T08:47:08+08:00
浦东·川沙	伛(傴)	~下去，弯腰	eu5(ɤ³⁵)	true	eu5	暂无	自旧档汇入	2023-07-05T08:47:08+08:00
浦东·川沙	便(便)	~宜	bi2(bi²¹³)	true	bi2	暂无	自旧档汇入	2023-07-05T08:47:08+08:00
浦东·川沙	啤(啤)	~酒	bi2(bi²¹³)	true	bi2	暂无	自旧档汇入	2023-07-05T08:47:08+08:00
浦东·川沙	琵(琵)	[空]	bi2(bi²¹³)	true	bi2	暂无	自旧档汇入	2023-07-05T08:47:08+08:00
浦东·川沙	疲(疲)	[空]	bi2(bi²¹³)	true	bi2	暂无	自旧档汇入	2023-07-05T08:47:08+08:00
浦东·川沙	皮(皮)	[空]	bi2(bi²¹³)	true	bi2	暂无	自旧档汇入	2023-07-05T08:47:08+08:00
浦东·川沙	肥(肥)	~皂	bi2(bi²¹³)	true	bi2	暂无	自旧档汇入	2023-07-05T08:47:08+08:00
浦东·川沙	脾(脾)	[空]	bi2(bi²¹³)	true	bi2	暂无	自旧档汇入	2023-07-05T08:47:08+08:00
浦东·川沙	鲏(鮍)	鳑~鱼	bi2(bi²¹³)	true	bi2	暂无	自旧档汇入	2023-07-05T08:47:08+08:00
浦东·川沙	婢(婢)	[空]	bi2(bi²¹³)	true	bi2	暂无	自旧档汇入	2023-07-05T08:47:08+08:00
浦东·川沙	痹(痹)	[空]	bi2(bi²¹³)	true	bi2	暂无	自旧档汇入	2023-07-05T08:47:08+08:00
浦东·川沙	被(被)	~头	bi2(bi²¹³)	true	bi2	暂无	自旧档汇入	2023-07-05T08:47:08+08:00
浦东·川沙	辨(辨)	[空]	bi2(bi²¹³)	true	bi2	暂无	自旧档汇入	2023-07-05T08:47:08+08:00
浦东·川沙	辫(辮)	[空]	bi2(bi²¹³)	true	bi2	暂无	自旧档汇入	2023-07-05T08:47:08+08:00
浦东·川沙	辩(辯)	[空]	bi2(bi²¹³)	true	bi2	暂无	自旧档汇入	2023-07-05T08:47:08+08:00
浦东·川沙	鄙(鄙)	~人	bi2(bi²¹³)	true	bi2	暂无	自旧档汇入	2023-07-05T08:47:08+08:00
浦东·川沙	陛(陛)	[空]	bi2(bi²¹³)	true	bi2	暂无	自旧档汇入	2023-07-05T08:47:08+08:00
浦东·川沙	□(□)	~辫子，梳	bi4(bi²¹³)	true	bi4	暂无	自旧档汇入	2023-07-05T08:47:08+08:00
浦东·川沙	便(便)	方~	bi6(bi¹³)	true	bi6	暂无	自旧档汇入	2023-07-05T08:47:08+08:00
浦东·川沙	币(幣)	[空]	bi6(bi¹³)	true	bi6	暂无	自旧档汇入	2023-07-05T08:47:08+08:00
浦东·川沙	弊(弊)	[空]	bi6(bi¹³)	true	bi6	暂无	自旧档汇入	2023-07-05T08:47:08+08:00
浦东·川沙	敝(敝)	[空]	bi6(bi¹³)	true	bi6	暂无	自旧档汇入	2023-07-05T08:47:08+08:00
浦东·川沙	毙(斃)	[空]	bi6(bi¹³)	true	bi6	暂无	自旧档汇入	2023-07-05T08:47:08+08:00
浦东·川沙	汴(汴)	[空]	bi6(bi¹³)	true	bi6	暂无	自旧档汇入	2023-07-05T08:47:08+08:00
浦东·川沙	璧(璧)	~刀	bi6(bi¹³)	true	bi6	暂无	自旧档汇入	2023-07-05T08:47:08+08:00
浦东·川沙	避(避)	[空]	bi6(bi¹³)	true	bi6	暂无	自旧档汇入	2023-07-05T08:47:08+08:00
浦东·川沙	屄(屄)	女阴	pi1(ɓi⁵³)	true	pi1	暂无	自旧档汇入	2023-07-05T08:47:08+08:00
浦东·川沙	篦(篦)	[空]	pi1(ɓi⁵³)	true	pi1	暂无	自旧档汇入	2023-07-05T08:47:08+08:00
浦东·川沙	编(編)	[空]	pi1(ɓi⁵³)	true	pi1	暂无	自旧档汇入	2023-07-05T08:47:08+08:00
浦东·川沙	蓖(蓖)	[空]	pi1(ɓi⁵³)	true	pi1	暂无	自旧档汇入	2023-07-05T08:47:08+08:00
浦东·川沙	蝙(蝙)	[空]	pi1(ɓi⁵³)	true	pi1	暂无	自旧档汇入	2023-07-05T08:47:08+08:00
浦东·川沙	边(邊)	[空]	pi1(ɓi⁵³)	true	pi1	暂无	自旧档汇入	2023-07-05T08:47:08+08:00
浦东·川沙	鞭(鞭)	[空]	pi1(ɓi⁵³)	true	pi1	暂无	自旧档汇入	2023-07-05T08:47:08+08:00
浦东·川沙	匾(匾)	[空]	pi3(ɓi⁴⁴)	true	pi3	暂无	自旧档汇入	2023-07-05T08:47:08+08:00
浦东·川沙	扁(扁)	[空]	pi3(ɓi⁴⁴)	true	pi3	暂无	自旧档汇入	2023-07-05T08:47:08+08:00
浦东·川沙	比(比)	[空]	pi3(ɓi⁴⁴)	true	pi3	暂无	自旧档汇入	2023-07-05T08:47:08+08:00
浦东·川沙	鄙(鄙)	卑~	pi3(ɓi⁴⁴)	true	pi3	暂无	自旧档汇入	2023-07-05T08:47:08+08:00
浦东·川沙	庇(庇)	[空]	pi5(ɓi³⁵)	true	pi5	暂无	自旧档汇入	2023-07-05T08:47:08+08:00
浦东·川沙	泌(泌)	[空]	pi5(ɓi³⁵)	true	pi5	暂无	自旧档汇入	2023-07-05T08:47:08+08:00
浦东·川沙	秘(秘)	[空]	pi5(ɓi³⁵)	true	pi5	暂无	自旧档汇入	2023-07-05T08:47:08+08:00
浦东·川沙	臂(臂)	[空]	pi5(ɓi³⁵)	true	pi5	暂无	自旧档汇入	2023-07-05T08:47:08+08:00
浦东·川沙	蔽(蔽)	[空]	pi5(ɓi³⁵)	true	pi5	暂无	自旧档汇入	2023-07-05T08:47:08+08:00
浦东·川沙	变(變)	[空]	pi5(ɓi³⁵)	true	pi5	暂无	自旧档汇入	2023-07-05T08:47:08+08:00
浦东·川沙	贬(貶)	[空]	pi5(ɓi³⁵)	true	pi5	暂无	自旧档汇入	2023-07-05T08:47:08+08:00
浦东·川沙	遍(遍)	一~	pi5(ɓi³⁵)	true	pi5	暂无	自旧档汇入	2023-07-05T08:47:08+08:00
浦东·川沙	闭(閉)	[空]	pi5(ɓi³⁵)	true	pi5	暂无	自旧档汇入	2023-07-05T08:47:08+08:00
浦东·川沙	嬉(嬉)	[空]	shi1(ɕi⁵³)	true	shi1	暂无	自旧档汇入	2023-07-05T08:47:08+08:00
浦东·川沙	希(希)	[空]	shi1(ɕi⁵³)	true	shi1	暂无	自旧档汇入	2023-07-05T08:47:08+08:00
浦东·川沙	熙(熙)	[空]	shi1(ɕi⁵³)	true	shi1	暂无	自旧档汇入	2023-07-05T08:47:08+08:00
浦东·川沙	牺(犧)	[空]	shi1(ɕi⁵³)	true	shi1	暂无	自旧档汇入	2023-07-05T08:47:08+08:00
浦东·川沙	稀(稀)	[空]	shi1(ɕi⁵³)	true	shi1	暂无	自旧档汇入	2023-07-05T08:47:08+08:00
浦东·川沙	轩(軒)	[空]	shi1(ɕi⁵³)	true	shi1	暂无	自旧档汇入	2023-07-05T08:47:08+08:00
浦东·川沙	喜(喜)	[空]	shi3(ɕi⁴⁴)	true	shi3	暂无	自旧档汇入	2023-07-05T08:47:08+08:00
浦东·川沙	蟢(蟢)	[空]	shi3(ɕi⁴⁴)	true	shi3	暂无	自旧档汇入	2023-07-05T08:47:08+08:00
浦东·川沙	险(險)	[空]	shi3(ɕi⁴⁴)	true	shi3	暂无	自旧档汇入	2023-07-05T08:47:08+08:00
浦东·川沙	显(顯)	[空]	shi3(ɕi⁴⁴)	true	shi3	暂无	自旧档汇入	2023-07-05T08:47:08+08:00
浦东·川沙	宪(憲)	[空]	shi5(ɕi³⁵)	true	shi5	暂无	自旧档汇入	2023-07-05T08:47:08+08:00
浦东·川沙	戏(戲)	[空]	shi5(ɕi³⁵)	true	shi5	暂无	自旧档汇入	2023-07-05T08:47:08+08:00
浦东·川沙	献(獻)	[空]	shi5(ɕi³⁵)	true	shi5	暂无	自旧档汇入	2023-07-05T08:47:08+08:00
浦东·川沙	系(係)	关~	shi5(ɕi³⁵)	true	shi5	暂无	自旧档汇入	2023-07-05T08:47:08+08:00
浦东·川沙	苋(莧)	米~，苋菜	shi5(ɕi³⁵)	true	shi5	暂无	自旧档汇入	2023-07-05T08:47:08+08:00
浦东·川沙	□(□)	颜色~，鲜艳	shi5(ɕi³⁵)	true	shi5	暂无	自旧档汇入	2023-07-05T08:47:08+08:00
浦东·川沙	啼(啼)	[空]	di2(di²¹³)	true	di2	暂无	自旧档汇入	2023-07-05T08:47:08+08:00
浦东·川沙	堤(堤)	[空]	di2(di²¹³)	true	di2	暂无	自旧档汇入	2023-07-05T08:47:08+08:00
浦东·川沙	填(填)	[空]	di2(di²¹³)	true	di2	暂无	自旧档汇入	2023-07-05T08:47:08+08:00
浦东·川沙	提(提)	[空]	di2(di²¹³)	true	di2	暂无	自旧档汇入	2023-07-05T08:47:08+08:00
浦东·川沙	甜(甜)	[空]	di2(di²¹³)	true	di2	暂无	自旧档汇入	2023-07-05T08:47:08+08:00
浦东·川沙	田(田)	[空]	di2(di²¹³)	true	di2	暂无	自旧档汇入	2023-07-05T08:47:08+08:00
浦东·川沙	蹄(蹄)	[空]	di2(di²¹³)	true	di2	暂无	自旧档汇入	2023-07-05T08:47:08+08:00
浦东·川沙	钿(鈿)	铜~，钱	di2(di²¹³)	true	di2	暂无	自旧档汇入	2023-07-05T08:47:08+08:00
浦东·川沙	题(題)	[空]	di2(di²¹³)	true	di2	暂无	自旧档汇入	2023-07-05T08:47:08+08:00
浦东·川沙	弟(弟)	[空]	di2(di²¹³)	true	di2	暂无	自旧档汇入	2023-07-05T08:47:08+08:00
浦东·川沙	佃(佃)	[空]	di6(di¹³)	true	di6	暂无	自旧档汇入	2023-07-05T08:47:08+08:00
浦东·川沙	地(地)	[空]	di6(di¹³)	true	di6	暂无	自旧档汇入	2023-07-05T08:47:08+08:00
浦东·川沙	垫(墊)	[空]	di6(di¹³)	true	di6	暂无	自旧档汇入	2023-07-05T08:47:08+08:00
浦东·川沙	奠(奠)	[空]	di6(di¹³)	true	di6	暂无	自旧档汇入	2023-07-05T08:47:08+08:00
浦东·川沙	殿(殿)	[空]	di6(di¹³)	true	di6	暂无	自旧档汇入	2023-07-05T08:47:08+08:00
浦东·川沙	淀(淀)	~山湖，上海湖名	di6(di¹³)	true	di6	暂无	自旧档汇入	2023-07-05T08:47:08+08:00
浦东·川沙	淀(澱)	[空]	di6(di¹³)	true	di6	暂无	自旧档汇入	2023-07-05T08:47:08+08:00
浦东·川沙	第(第)	[空]	di6(di¹³)	true	di6	暂无	自旧档汇入	2023-07-05T08:47:08+08:00
浦东·川沙	递(遞)	[空]	di6(di¹³)	true	di6	暂无	自旧档汇入	2023-07-05T08:47:08+08:00
浦东·川沙	隶(隸)	[空]	di6(di¹³)	true	di6	暂无	自旧档汇入	2023-07-05T08:47:08+08:00
浦东·川沙	电(電)	[空]	di6(di¹³)	true	di6	暂无	自旧档汇入	2023-07-05T08:47:08+08:00
浦东·川沙	低(低)	[空]	ti1(ɗi⁵³)	true	ti1	暂无	自旧档汇入	2023-07-05T08:47:08+08:00
浦东·川沙	掂(掂)	[空]	ti1(ɗi⁵³)	true	ti1	暂无	自旧档汇入	2023-07-05T08:47:08+08:00
浦东·川沙	踮(踮)	[空]	ti1(ɗi⁵³)	true	ti1	暂无	自旧档汇入	2023-07-05T08:47:08+08:00
浦东·川沙	颠(顛)	[空]	ti1(ɗi⁵³)	true	ti1	暂无	自旧档汇入	2023-07-05T08:47:08+08:00
浦东·川沙	典(典)	[空]	ti3(ɗi⁴⁴)	true	ti3	暂无	自旧档汇入	2023-07-05T08:47:08+08:00
浦东·川沙	底(底)	[空]	ti3(ɗi⁴⁴)	true	ti3	暂无	自旧档汇入	2023-07-05T08:47:08+08:00
浦东·川沙	抵(抵)	[空]	ti3(ɗi⁴⁴)	true	ti3	暂无	自旧档汇入	2023-07-05T08:47:08+08:00
浦东·川沙	点(點)	[空]	ti3(ɗi⁴⁴)	true	ti3	暂无	自旧档汇入	2023-07-05T08:47:08+08:00
浦东·川沙	帝(帝)	[空]	ti5(ɗi³⁵)	true	ti5	暂无	自旧档汇入	2023-07-05T08:47:08+08:00
浦东·川沙	店(店)	[空]	ti5(ɗi³⁵)	true	ti5	暂无	自旧档汇入	2023-07-05T08:47:08+08:00
浦东·川沙	渧(渧)	水~下来，滴落	ti5(ɗi³⁵)	true	ti5	暂无	自旧档汇入	2023-07-05T08:47:08+08:00
浦东·川沙	乾(乾)	~坤	ji2(dʑi²¹³)	true	ji2	暂无	自旧档汇入	2023-07-05T08:47:08+08:00
浦东·川沙	其(其)	[空]	ji2(dʑi²¹³)	true	ji2	暂无	自旧档汇入	2023-07-05T08:47:08+08:00
浦东·川沙	奇(奇)	[空]	ji2(dʑi²¹³)	true	ji2	暂无	自旧档汇入	2023-07-05T08:47:08+08:00
浦东·川沙	岐(岐)	[空]	ji2(dʑi²¹³)	true	ji2	暂无	自旧档汇入	2023-07-05T08:47:08+08:00
浦东·川沙	掮(掮)	[空]	ji2(dʑi²¹³)	true	ji2	暂无	自旧档汇入	2023-07-05T08:47:08+08:00
浦东·川沙	旗(旗)	[空]	ji2(dʑi²¹³)	true	ji2	暂无	自旧档汇入	2023-07-05T08:47:08+08:00
浦东·川沙	棋(棋)	[空]	ji2(dʑi²¹³)	true	ji2	暂无	自旧档汇入	2023-07-05T08:47:08+08:00
浦东·川沙	期(期)	[空]	ji2(dʑi²¹³)	true	ji2	暂无	自旧档汇入	2023-07-05T08:47:08+08:00
浦东·川沙	祁(祁)	[空]	ji2(dʑi²¹³)	true	ji2	暂无	自旧档汇入	2023-07-05T08:47:08+08:00
浦东·川沙	祈(祈)	[空]	ji2(dʑi²¹³)	true	ji2	暂无	自旧档汇入	2023-07-05T08:47:08+08:00
浦东·川沙	萁(萁)	花~柴，棉花秸	ji2(dʑi²¹³)	true	ji2	暂无	自旧档汇入	2023-07-05T08:47:08+08:00
浦东·川沙	虔(虔)	[空]	ji2(dʑi²¹³)	true	ji2	暂无	自旧档汇入	2023-07-05T08:47:08+08:00
浦东·川沙	蜞(蜞)	蟛~	ji2(dʑi²¹³)	true	ji2	暂无	自旧档汇入	2023-07-05T08:47:08+08:00
浦东·川沙	钳(鉗)	[空]	ji2(dʑi²¹³)	true	ji2	暂无	自旧档汇入	2023-07-05T08:47:08+08:00
浦东·川沙	骑(騎)	[空]	ji2(dʑi²¹³)	true	ji2	暂无	自旧档汇入	2023-07-05T08:47:08+08:00
浦东·川沙	鳍(鰭)	[空]	ji2(dʑi²¹³)	true	ji2	暂无	自旧档汇入	2023-07-05T08:47:08+08:00
浦东·川沙	件(件)	[空]	ji2(dʑi²¹³)	true	ji2	暂无	自旧档汇入	2023-07-05T08:47:08+08:00
浦东·川沙	妓(妓)	[空]	ji2(dʑi²¹³)	true	ji2	暂无	自旧档汇入	2023-07-05T08:47:08+08:00
浦东·川沙	技(技)	[空]	ji2(dʑi²¹³)	true	ji2	暂无	自旧档汇入	2023-07-05T08:47:08+08:00
浦东·川沙	键(鍵)	[空]	ji2(dʑi²¹³)	true	ji2	暂无	自旧档汇入	2023-07-05T08:47:08+08:00
浦东·川沙	健(健)	[空]	ji6(dʑi¹³)	true	ji6	暂无	自旧档汇入	2023-07-05T08:47:08+08:00
浦东·川沙	忌(忌)	[空]	ji6(dʑi¹³)	true	ji6	暂无	自旧档汇入	2023-07-05T08:47:08+08:00
浦东·川沙	伊(伊)	他	yi2(ɦi²¹³)	true	yi2	暂无	自旧档汇入	2023-07-05T08:47:08+08:00
浦东·川沙	兮(兮)	[空]	yi2(ɦi²¹³)	true	yi2	暂无	自旧档汇入	2023-07-05T08:47:08+08:00
浦东·川沙	夷(夷)	[空]	yi2(ɦi²¹³)	true	yi2	暂无	自旧档汇入	2023-07-05T08:47:08+08:00
浦东·川沙	奚(奚)	[空]	yi2(ɦi²¹³)	true	yi2	暂无	自旧档汇入	2023-07-05T08:47:08+08:00
浦东·川沙	姨(姨)	[空]	yi2(ɦi²¹³)	true	yi2	暂无	自旧档汇入	2023-07-05T08:47:08+08:00
浦东·川沙	嫌(嫌)	[空]	yi2(ɦi²¹³)	true	yi2	暂无	自旧档汇入	2023-07-05T08:47:08+08:00
浦东·川沙	延(延)	[空]	yi2(ɦi²¹³)	true	yi2	暂无	自旧档汇入	2023-07-05T08:47:08+08:00
浦东·川沙	弦(弦)	[空]	yi2(ɦi²¹³)	true	yi2	暂无	自旧档汇入	2023-07-05T08:47:08+08:00
浦东·川沙	携(攜)	[空]	yi2(ɦi²¹³)	true	yi2	暂无	自旧档汇入	2023-07-05T08:47:08+08:00
浦东·川沙	沂(沂)	[空]	yi2(ɦi²¹³)	true	yi2	暂无	自旧档汇入	2023-07-05T08:47:08+08:00
浦东·川沙	沿(沿)	[空]	yi2(ɦi²¹³)	true	yi2	暂无	自旧档汇入	2023-07-05T08:47:08+08:00
浦东·川沙	涎(涎)	[空]	yi2(ɦi²¹³)	true	yi2	暂无	自旧档汇入	2023-07-05T08:47:08+08:00
浦东·川沙	炎(炎)	发~	yi2(ɦi²¹³)	true	yi2	暂无	自旧档汇入	2023-07-05T08:47:08+08:00
浦东·川沙	焉(焉)	[空]	yi2(ɦi²¹³)	true	yi2	暂无	自旧档汇入	2023-07-05T08:47:08+08:00
浦东·川沙	矣(矣)	[空]	yi2(ɦi²¹³)	true	yi2	暂无	自旧档汇入	2023-07-05T08:47:08+08:00
浦东·川沙	移(移)	[空]	yi2(ɦi²¹³)	true	yi2	暂无	自旧档汇入	2023-07-05T08:47:08+08:00
浦东·川沙	檐(簷)	[空]	yi2(ɦi²¹³)	true	yi2	暂无	自旧档汇入	2023-07-05T08:47:08+08:00
浦东·川沙	蜒(蜒)	水~蚰	yi2(ɦi²¹³)	true	yi2	暂无	自旧档汇入	2023-07-05T08:47:08+08:00
浦东·川沙	言(言)	[空]	yi2(ɦi²¹³)	true	yi2	暂无	自旧档汇入	2023-07-05T08:47:08+08:00
浦东·川沙	谐(諧)	[空]	yi2(ɦi²¹³)	true	yi2	暂无	自旧档汇入	2023-07-05T08:47:08+08:00
浦东·川沙	贤(賢)	[空]	yi2(ɦi²¹³)	true	yi2	暂无	自旧档汇入	2023-07-05T08:47:08+08:00
浦东·川沙	遗(遺)	[空]	yi2(ɦi²¹³)	true	yi2	暂无	自旧档汇入	2023-07-05T08:47:08+08:00
浦东·川沙	铅(鉛)	[空]	yi2(ɦi²¹³)	true	yi2	暂无	自旧档汇入	2023-07-05T08:47:08+08:00
浦东·川沙	颜(顏)	[空]	yi2(ɦi²¹³)	true	yi2	暂无	自旧档汇入	2023-07-05T08:47:08+08:00
浦东·川沙	饴(飴)	[空]	yi2(ɦi²¹³)	true	yi2	暂无	自旧档汇入	2023-07-05T08:47:08+08:00
浦东·川沙	盐(鹽)	[空]	yi2(ɦi²¹³)	true	yi2	暂无	自旧档汇入	2023-07-05T08:47:08+08:00
浦东·川沙	演(演)	[空]	yi2(ɦi²¹³)	true	yi2	暂无	自旧档汇入	2023-07-05T08:47:08+08:00
浦东·川沙	勚(勩)	~脱，磨损	yi6(ɦi¹³)	true	yi6	暂无	自旧档汇入	2023-07-05T08:47:08+08:00
浦东·川沙	懈(懈)	[空]	yi6(ɦi¹³)	true	yi6	暂无	自旧档汇入	2023-07-05T08:47:08+08:00
浦东·川沙	易(易)	容~	yi6(ɦi¹³)	true	yi6	暂无	自旧档汇入	2023-07-05T08:47:08+08:00
浦东·川沙	现(現)	[空]	yi6(ɦi¹³)	true	yi6	暂无	自旧档汇入	2023-07-05T08:47:08+08:00
浦东·川沙	异(異)	[空]	yi6(ɦi¹³)	true	yi6	暂无	自旧档汇入	2023-07-05T08:47:08+08:00
浦东·川沙	疑(疑)	[空]	yi6(ɦi¹³)	true	yi6	暂无	自旧档汇入	2023-07-05T08:47:08+08:00
浦东·川沙	系(系)	[空]	yi6(ɦi¹³)	true	yi6	暂无	自旧档汇入	2023-07-05T08:47:08+08:00
浦东·川沙	腌(醃)	~菜	yi6(ɦi¹³)	true	yi6	暂无	自旧档汇入	2023-07-05T08:47:08+08:00
浦东·川沙	□(□)	称得~，（份量）不足	li1(li⁵³)	true	li1	暂无	自旧档汇入	2023-07-05T08:47:08+08:00
浦东·川沙	厘(厘)	[空]	li2(li²¹³)	true	li2	暂无	自旧档汇入	2023-07-05T08:47:08+08:00
浦东·川沙	廉(廉)	[空]	li2(li²¹³)	true	li2	暂无	自旧档汇入	2023-07-05T08:47:08+08:00
浦东·川沙	怜(憐)	[空]	li2(li²¹³)	true	li2	暂无	自旧档汇入	2023-07-05T08:47:08+08:00
浦东·川沙	犁(犁)	[空]	li2(li²¹³)	true	li2	暂无	自旧档汇入	2023-07-05T08:47:08+08:00
浦东·川沙	狸(狸)	[空]	li2(li²¹³)	true	li2	暂无	自旧档汇入	2023-07-05T08:47:08+08:00
浦东·川沙	璃(璃)	[空]	li2(li²¹³)	true	li2	暂无	自旧档汇入	2023-07-05T08:47:08+08:00
浦东·川沙	帘(簾)	[空]	li2(li²¹³)	true	li2	暂无	自旧档汇入	2023-07-05T08:47:08+08:00
浦东·川沙	篱(籬)	[空]	li2(li²¹³)	true	li2	暂无	自旧档汇入	2023-07-05T08:47:08+08:00
浦东·川沙	联(聯)	[空]	li2(li²¹³)	true	li2	暂无	自旧档汇入	2023-07-05T08:47:08+08:00
浦东·川沙	莲(蓮)	[空]	li2(li²¹³)	true	li2	暂无	自旧档汇入	2023-07-05T08:47:08+08:00
浦东·川沙	裢(褳)	褡~	li2(li²¹³)	true	li2	暂无	自旧档汇入	2023-07-05T08:47:08+08:00
浦东·川沙	连(連)	[空]	li2(li²¹³)	true	li2	暂无	自旧档汇入	2023-07-05T08:47:08+08:00
浦东·川沙	镰(鐮)	[空]	li2(li²¹³)	true	li2	暂无	自旧档汇入	2023-07-05T08:47:08+08:00
浦东·川沙	离(離)	[空]	li2(li²¹³)	true	li2	暂无	自旧档汇入	2023-07-05T08:47:08+08:00
浦东·川沙	鲢(鰱)	花~	li2(li²¹³)	true	li2	暂无	自旧档汇入	2023-07-05T08:47:08+08:00
浦东·川沙	黎(黎)	[空]	li2(li²¹³)	true	li2	暂无	自旧档汇入	2023-07-05T08:47:08+08:00
浦东·川沙	吕(呂)	[空]	li2(li²¹³)	true	li2	暂无	自旧档汇入	2023-07-05T08:47:08+08:00
浦东·川沙	敛(斂)	[空]	li2(li²¹³)	true	li2	暂无	自旧档汇入	2023-07-05T08:47:08+08:00
浦东·川沙	李(李)	[空]	li2(li²¹³)	true	li2	暂无	自旧档汇入	2023-07-05T08:47:08+08:00
浦东·川沙	理(理)	[空]	li2(li²¹³)	true	li2	暂无	自旧档汇入	2023-07-05T08:47:08+08:00
浦东·川沙	礼(禮)	[空]	li2(li²¹³)	true	li2	暂无	自旧档汇入	2023-07-05T08:47:08+08:00
浦东·川沙	脸(臉)	[空]	li2(li²¹³)	true	li2	暂无	自旧档汇入	2023-07-05T08:47:08+08:00
浦东·川沙	里(裡)	[空]	li2(li²¹³)	true	li2	暂无	自旧档汇入	2023-07-05T08:47:08+08:00
浦东·川沙	里(里)	[空]	li2(li²¹³)	true	li2	暂无	自旧档汇入	2023-07-05T08:47:08+08:00
浦东·川沙	鲤(鯉)	[空]	li2(li²¹³)	true	li2	暂无	自旧档汇入	2023-07-05T08:47:08+08:00
浦东·川沙	例(例)	[空]	li6(li¹³)	true	li6	暂无	自旧档汇入	2023-07-05T08:47:08+08:00
浦东·川沙	利(利)	[空]	li6(li¹³)	true	li6	暂无	自旧档汇入	2023-07-05T08:47:08+08:00
浦东·川沙	励(勵)	[空]	li6(li¹³)	true	li6	暂无	自旧档汇入	2023-07-05T08:47:08+08:00
浦东·川沙	厉(厲)	[空]	li6(li¹³)	true	li6	暂无	自旧档汇入	2023-07-05T08:47:08+08:00
浦东·川沙	吏(吏)	[空]	li6(li¹³)	true	li6	暂无	自旧档汇入	2023-07-05T08:47:08+08:00
浦东·川沙	恋(戀)	[空]	li6(li¹³)	true	li6	暂无	自旧档汇入	2023-07-05T08:47:08+08:00
浦东·川沙	楝(楝)	[空]	li6(li¹³)	true	li6	暂无	自旧档汇入	2023-07-05T08:47:08+08:00
浦东·川沙	殓(殮)	[空]	li6(li¹³)	true	li6	暂无	自旧档汇入	2023-07-05T08:47:08+08:00
浦东·川沙	泪(淚)	[空]	li6(li¹³)	true	li6	暂无	自旧档汇入	2023-07-05T08:47:08+08:00
浦东·川沙	痢(痢)	[空]	li6(li¹³)	true	li6	暂无	自旧档汇入	2023-07-05T08:47:08+08:00
浦东·川沙	练(練)	[空]	li6(li¹³)	true	li6	暂无	自旧档汇入	2023-07-05T08:47:08+08:00
浦东·川沙	链(鏈)	[空]	li6(li¹³)	true	li6	暂无	自旧档汇入	2023-07-05T08:47:08+08:00
浦东·川沙	丽(麗)	[空]	li6(li¹³)	true	li6	暂无	自旧档汇入	2023-07-05T08:47:08+08:00
浦东·川沙	咪(咪)	~口酒，小口喝	mi1(mi⁵³)	true	mi1	暂无	自旧档汇入	2023-07-05T08:47:08+08:00
浦东·川沙	眯(眯)	~眼睛	mi1(mi⁵³)	true	mi1	暂无	自旧档汇入	2023-07-05T08:47:08+08:00
浦东·川沙	弥(彌)	[空]	mi2(mi²¹³)	true	mi2	暂无	自旧档汇入	2023-07-05T08:47:08+08:00
浦东·川沙	棉(棉)	[空]	mi2(mi²¹³)	true	mi2	暂无	自旧档汇入	2023-07-05T08:47:08+08:00
浦东·川沙	楣(楣)	[空]	mi2(mi²¹³)	true	mi2	暂无	自旧档汇入	2023-07-05T08:47:08+08:00
浦东·川沙	眉(眉)	[空]	mi2(mi²¹³)	true	mi2	暂无	自旧档汇入	2023-07-05T08:47:08+08:00
浦东·川沙	眠(眠)	[空]	mi2(mi²¹³)	true	mi2	暂无	自旧档汇入	2023-07-05T08:47:08+08:00
浦东·川沙	糜(糜)	[空]	mi2(mi²¹³)	true	mi2	暂无	自旧档汇入	2023-07-05T08:47:08+08:00
浦东·川沙	绵(綿)	[空]	mi2(mi²¹³)	true	mi2	暂无	自旧档汇入	2023-07-05T08:47:08+08:00
浦东·川沙	谜(謎)	[空]	mi2(mi²¹³)	true	mi2	暂无	自旧档汇入	2023-07-05T08:47:08+08:00
浦东·川沙	迷(迷)	[空]	mi2(mi²¹³)	true	mi2	暂无	自旧档汇入	2023-07-05T08:47:08+08:00
浦东·川沙	免(免)	[空]	mi2(mi²¹³)	true	mi2	暂无	自旧档汇入	2023-07-05T08:47:08+08:00
浦东·川沙	娩(娩)	[空]	mi2(mi²¹³)	true	mi2	暂无	自旧档汇入	2023-07-05T08:47:08+08:00
浦东·川沙	米(米)	[空]	mi2(mi²¹³)	true	mi2	暂无	自旧档汇入	2023-07-05T08:47:08+08:00
浦东·川沙	糜(糜)	[空]	mi2(mi²¹³)	true	mi2	暂无	自旧档汇入	2023-07-05T08:47:08+08:00
浦东·川沙	缅(緬)	[空]	mi2(mi²¹³)	true	mi2	暂无	自旧档汇入	2023-07-05T08:47:08+08:00
浦东·川沙	勉(勉)	[空]	mi3(mi⁴⁴)	true	mi3	暂无	自旧档汇入	2023-07-05T08:47:08+08:00
浦东·川沙	味(味)	~道。白	mi6(mi¹³)	true	mi6	暂无	自旧档汇入	2023-07-05T08:47:08+08:00
浦东·川沙	媚(媚)	[空]	mi6(mi¹³)	true	mi6	暂无	自旧档汇入	2023-07-05T08:47:08+08:00
浦东·川沙	眠(眠)	[空]	mi6(mi¹³)	true	mi6	暂无	自旧档汇入	2023-07-05T08:47:08+08:00
浦东·川沙	面(面)	[空]	mi6(mi¹³)	true	mi6	暂无	自旧档汇入	2023-07-05T08:47:08+08:00
浦东·川沙	你(你)	[空]	ni1(ni⁵³)	true	ni1	暂无	自旧档汇入	2023-07-05T08:47:08+08:00
浦东·川沙	拈(拈)	~开	gni1(ȵi⁵³)	true	gni1	暂无	自旧档汇入	2023-07-05T08:47:08+08:00
浦东·川沙	拟(擬)	[空]	gni1(ȵi⁵³)	true	gni1	暂无	自旧档汇入	2023-07-05T08:47:08+08:00
浦东·川沙	研(研)	~究	gni1(ȵi⁵³)	true	gni1	暂无	自旧档汇入	2023-07-05T08:47:08+08:00
浦东·川沙	黏(黏)	[空]	gni1(ȵi⁵³)	true	gni1	暂无	自旧档汇入	2023-07-05T08:47:08+08:00
浦东·川沙	□(□)	~~嘴，擦	gni1(ȵi⁵³)	true	gni1	暂无	自旧档汇入	2023-07-05T08:47:08+08:00
浦东·川沙	□(□)	~螺丝，~开盖头，旋，拧	gni1(ȵi⁵³)	true	gni1	暂无	自旧档汇入	2023-07-05T08:47:08+08:00
浦东·川沙	倪(倪)	[空]	gni2(ȵi²¹³)	true	gni2	暂无	自旧档汇入	2023-07-05T08:47:08+08:00
浦东·川沙	仪(儀)	[空]	gni2(ȵi²¹³)	true	gni2	暂无	自旧档汇入	2023-07-05T08:47:08+08:00
浦东·川沙	呢(呢)	[空]	gni2(ȵi²¹³)	true	gni2	暂无	自旧档汇入	2023-07-05T08:47:08+08:00
浦东·川沙	严(嚴)	[空]	gni2(ȵi²¹³)	true	gni2	暂无	自旧档汇入	2023-07-05T08:47:08+08:00
浦东·川沙	宜(宜)	[空]	gni2(ȵi²¹³)	true	gni2	暂无	自旧档汇入	2023-07-05T08:47:08+08:00
浦东·川沙	尼(尼)	[空]	gni2(ȵi²¹³)	true	gni2	暂无	自旧档汇入	2023-07-05T08:47:08+08:00
浦东·川沙	年(年)	[空]	gni2(ȵi²¹³)	true	gni2	暂无	自旧档汇入	2023-07-05T08:47:08+08:00
浦东·川沙	拈(拈)	~香	gni2(ȵi²¹³)	true	gni2	暂无	自旧档汇入	2023-07-05T08:47:08+08:00
浦东·川沙	泥(泥)	[空]	gni2(ȵi²¹³)	true	gni2	暂无	自旧档汇入	2023-07-05T08:47:08+08:00
浦东·川沙	疑(疑)	[空]	gni2(ȵi²¹³)	true	gni2	暂无	自旧档汇入	2023-07-05T08:47:08+08:00
浦东·川沙	研(研)	~墨	gni2(ȵi²¹³)	true	gni2	暂无	自旧档汇入	2023-07-05T08:47:08+08:00
浦东·川沙	谚(諺)	[空]	gni2(ȵi²¹³)	true	gni2	暂无	自旧档汇入	2023-07-05T08:47:08+08:00
浦东·川沙	阎(閻)	[空]	gni2(ȵi²¹³)	true	gni2	暂无	自旧档汇入	2023-07-05T08:47:08+08:00
浦东·川沙	女(女)	~婿	gni2(ȵi²¹³)	true	gni2	暂无	自旧档汇入	2023-07-05T08:47:08+08:00
浦东·川沙	尾(尾)	~巴	gni2(ȵi²¹³)	true	gni2	暂无	自旧档汇入	2023-07-05T08:47:08+08:00
浦东·川沙	碾(碾)	[空]	gni2(ȵi²¹³)	true	gni2	暂无	自旧档汇入	2023-07-05T08:47:08+08:00
浦东·川沙	罱(罱)	~泥	gni2(ȵi²¹³)	true	gni2	暂无	自旧档汇入	2023-07-05T08:47:08+08:00
浦东·川沙	耳(耳)	~朵	gni2(ȵi²¹³)	true	gni2	暂无	自旧档汇入	2023-07-05T08:47:08+08:00
浦东·川沙	辇(輦)	[空]	gni2(ȵi²¹³)	true	gni2	暂无	自旧档汇入	2023-07-05T08:47:08+08:00
浦东·川沙	□(□)	~头，瘾	gni2(ȵi²¹³)	true	gni2	暂无	自旧档汇入	2023-07-05T08:47:08+08:00
浦东·川沙	二(二)	白	gni6(ȵi¹³)	true	gni6	暂无	自旧档汇入	2023-07-05T08:47:08+08:00
浦东·川沙	貳(貳)	白	gni6(ȵi¹³)	true	gni6	暂无	自旧档汇入	2023-07-05T08:47:08+08:00
浦东·川沙	伲(伲)	我们	gni6(ȵi¹³)	true	gni6	暂无	自旧档汇入	2023-07-05T08:47:08+08:00
浦东·川沙	毅(毅)	[空]	gni6(ȵi¹³)	true	gni6	暂无	自旧档汇入	2023-07-05T08:47:08+08:00
浦东·川沙	砚(硯)	[空]	gni6(ȵi¹³)	true	gni6	暂无	自旧档汇入	2023-07-05T08:47:08+08:00
浦东·川沙	义(義)	[空]	gni6(ȵi¹³)	true	gni6	暂无	自旧档汇入	2023-07-05T08:47:08+08:00
浦东·川沙	腻(膩)	[空]	gni6(ȵi¹³)	true	gni6	暂无	自旧档汇入	2023-07-05T08:47:08+08:00
浦东·川沙	艺(藝)	[空]	gni6(ȵi¹³)	true	gni6	暂无	自旧档汇入	2023-07-05T08:47:08+08:00
浦东·川沙	谊(誼)	[空]	gni6(ȵi¹³)	true	gni6	暂无	自旧档汇入	2023-07-05T08:47:08+08:00
浦东·川沙	议(議)	[空]	gni6(ȵi¹³)	true	gni6	暂无	自旧档汇入	2023-07-05T08:47:08+08:00
浦东·川沙	妃(妃)	[空]	fi1(ɸi⁵³)	true	fi1	暂无	自旧档汇入	2023-07-05T08:47:08+08:00
浦东·川沙	翡(翡)	[空]	fi1(ɸi⁵³)	true	fi1	暂无	自旧档汇入	2023-07-05T08:47:08+08:00
浦东·川沙	非(非)	[空]	fi1(ɸi⁵³)	true	fi1	暂无	自旧档汇入	2023-07-05T08:47:08+08:00
浦东·川沙	飞(飛)	[空]	fi1(ɸi⁵³)	true	fi1	暂无	自旧档汇入	2023-07-05T08:47:08+08:00
浦东·川沙	匪(匪)	[空]	fi3(ɸi⁴⁴)	true	fi3	暂无	自旧档汇入	2023-07-05T08:47:08+08:00
浦东·川沙	榧(榧)	[空]	fi3(ɸi⁴⁴)	true	fi3	暂无	自旧档汇入	2023-07-05T08:47:08+08:00
浦东·川沙	废(廢)	[空]	fi5(ɸi³⁵)	true	fi5	暂无	自旧档汇入	2023-07-05T08:47:08+08:00
浦东·川沙	沸(沸)	[空]	fi5(ɸi³⁵)	true	fi5	暂无	自旧档汇入	2023-07-05T08:47:08+08:00
浦东·川沙	肺(肺)	[空]	fi5(ɸi³⁵)	true	fi5	暂无	自旧档汇入	2023-07-05T08:47:08+08:00
浦东·川沙	费(費)	[空]	fi5(ɸi³⁵)	true	fi5	暂无	自旧档汇入	2023-07-05T08:47:08+08:00
浦东·川沙	批(批)	[空]	phi1(pʰi⁵³)	true	phi1	暂无	自旧档汇入	2023-07-05T08:47:08+08:00
浦东·川沙	披(披)	[空]	phi1(pʰi⁵³)	true	phi1	暂无	自旧档汇入	2023-07-05T08:47:08+08:00
浦东·川沙	篇(篇)	[空]	phi1(pʰi⁵³)	true	phi1	暂无	自旧档汇入	2023-07-05T08:47:08+08:00
浦东·川沙	纰(紕)	~漏	phi1(pʰi⁵³)	true	phi1	暂无	自旧档汇入	2023-07-05T08:47:08+08:00
浦东·川沙	遍(遍)	~地	phi1(pʰi⁵³)	true	phi1	暂无	自旧档汇入	2023-07-05T08:47:08+08:00
浦东·川沙	𠜱(𠜱)	~肉片	phi1(pʰi⁵³)	true	phi1	暂无	自旧档汇入	2023-07-05T08:47:08+08:00
浦东·川沙	()(())	~咾zᴀ213:摇晃，站不稳	phi3(pʰi⁴⁴)	true	phi3	暂无	自旧档汇入	2023-07-05T08:47:08+08:00
浦东·川沙	□(□)	~咾，zᴀ²¹³，摇晃，站不稳	phi3(pʰi⁴⁴)	true	phi3	暂无	自旧档汇入	2023-07-05T08:47:08+08:00
浦东·川沙	屁(屁)	[空]	phi5(pʰi³⁵)	true	phi5	暂无	自旧档汇入	2023-07-05T08:47:08+08:00
浦东·川沙	譬(譬)	~如	phi5(pʰi³⁵)	true	phi5	暂无	自旧档汇入	2023-07-05T08:47:08+08:00
浦东·川沙	些(些)	[空]	si1(si⁵³)	true	si1	暂无	自旧档汇入	2023-07-05T08:47:08+08:00
浦东·川沙	仙(仙)	[空]	si1(si⁵³)	true	si1	暂无	自旧档汇入	2023-07-05T08:47:08+08:00
浦东·川沙	先(先)	[空]	si1(si⁵³)	true	si1	暂无	自旧档汇入	2023-07-05T08:47:08+08:00
浦东·川沙	圾(圾)	垃~	si1(si⁵³)	true	si1	暂无	自旧档汇入	2023-07-05T08:47:08+08:00
浦东·川沙	宣(宣)	[空]	si1(si⁵³)	true	si1	暂无	自旧档汇入	2023-07-05T08:47:08+08:00
浦东·川沙	犀(犀)	[空]	si1(si⁵³)	true	si1	暂无	自旧档汇入	2023-07-05T08:47:08+08:00
浦东·川沙	西(西)	[空]	si1(si⁵³)	true	si1	暂无	自旧档汇入	2023-07-05T08:47:08+08:00
浦东·川沙	鲜(鮮)	[空]	si1(si⁵³)	true	si1	暂无	自旧档汇入	2023-07-05T08:47:08+08:00
浦东·川沙	□(□)	称得~，秤足	si1(si⁵³)	true	si1	暂无	自旧档汇入	2023-07-05T08:47:08+08:00
浦东·川沙	死(死)	[空]	si3(si⁴⁴)	true	si3	暂无	自旧档汇入	2023-07-05T08:47:08+08:00
浦东·川沙	洗(洗)	[空]	si3(si⁴⁴)	true	si3	暂无	自旧档汇入	2023-07-05T08:47:08+08:00
浦东·川沙	癣(癬)	[空]	si3(si⁴⁴)	true	si3	暂无	自旧档汇入	2023-07-05T08:47:08+08:00
浦东·川沙	选(選)	[空]	si3(si⁴⁴)	true	si3	暂无	自旧档汇入	2023-07-05T08:47:08+08:00
浦东·川沙	婿(婿)	[空]	si5(si³⁵)	true	si5	暂无	自旧档汇入	2023-07-05T08:47:08+08:00
浦东·川沙	细(細)	[空]	si5(si³⁵)	true	si5	暂无	自旧档汇入	2023-07-05T08:47:08+08:00
浦东·川沙	絮(絮)	被~	si5(si³⁵)	true	si5	暂无	自旧档汇入	2023-07-05T08:47:08+08:00
浦东·川沙	线(線)	[空]	si5(si³⁵)	true	si5	暂无	自旧档汇入	2023-07-05T08:47:08+08:00
浦东·川沙	鏾(鏾)	~鸡，阉割	si5(si³⁵)	true	si5	暂无	自旧档汇入	2023-07-05T08:47:08+08:00
浦东·川沙	兼(兼)	[空]	ci1(tɕi⁵³)	true	ci1	暂无	自旧档汇入	2023-07-05T08:47:08+08:00
浦东·川沙	几(几)	茶~	ci1(tɕi⁵³)	true	ci1	暂无	自旧档汇入	2023-07-05T08:47:08+08:00
浦东·川沙	基(基)	[空]	ci1(tɕi⁵³)	true	ci1	暂无	自旧档汇入	2023-07-05T08:47:08+08:00
浦东·川沙	坚(堅)	[空]	ci1(tɕi⁵³)	true	ci1	暂无	自旧档汇入	2023-07-05T08:47:08+08:00
浦东·川沙	几(幾)	[空]	ci1(tɕi⁵³)	true	ci1	暂无	自旧档汇入	2023-07-05T08:47:08+08:00
浦东·川沙	搛(搛)	[空]	ci1(tɕi⁵³)	true	ci1	暂无	自旧档汇入	2023-07-05T08:47:08+08:00
浦东·川沙	机(機)	[空]	ci1(tɕi⁵³)	true	ci1	暂无	自旧档汇入	2023-07-05T08:47:08+08:00
浦东·川沙	稽(稽)	~查	ci1(tɕi⁵³)	true	ci1	暂无	自旧档汇入	2023-07-05T08:47:08+08:00
浦东·川沙	箕(箕)	畚~	ci1(tɕi⁵³)	true	ci1	暂无	自旧档汇入	2023-07-05T08:47:08+08:00
浦东·川沙	肌(肌)	[空]	ci1(tɕi⁵³)	true	ci1	暂无	自旧档汇入	2023-07-05T08:47:08+08:00
浦东·川沙	肩(肩)	[空]	ci1(tɕi⁵³)	true	ci1	暂无	自旧档汇入	2023-07-05T08:47:08+08:00
浦东·川沙	艰(艱)	[空]	ci1(tɕi⁵³)	true	ci1	暂无	自旧档汇入	2023-07-05T08:47:08+08:00
浦东·川沙	讥(譏)	[空]	ci1(tɕi⁵³)	true	ci1	暂无	自旧档汇入	2023-07-05T08:47:08+08:00
浦东·川沙	间(間)	[空]	ci1(tɕi⁵³)	true	ci1	暂无	自旧档汇入	2023-07-05T08:47:08+08:00
浦东·川沙	鸡(雞)	[空]	ci1(tɕi⁵³)	true	ci1	暂无	自旧档汇入	2023-07-05T08:47:08+08:00
浦东·川沙	饥(饑)	[空]	ci1(tɕi⁵³)	true	ci1	暂无	自旧档汇入	2023-07-05T08:47:08+08:00
浦东·川沙	□(□)	镰刀	ci1(tɕi⁵³)	true	ci1	暂无	自旧档汇入	2023-07-05T08:47:08+08:00
浦东·川沙	□(□)	~咾轧，挤，推搡	ci1(tɕi⁵³)	true	ci1	暂无	自旧档汇入	2023-07-05T08:47:08+08:00
浦东·川沙	己(己)	[空]	ci3(tɕi⁴⁴)	true	ci3	暂无	自旧档汇入	2023-07-05T08:47:08+08:00
浦东·川沙	几(幾)	~个	ci3(tɕi⁴⁴)	true	ci3	暂无	自旧档汇入	2023-07-05T08:47:08+08:00
浦东·川沙	检(檢)	[空]	ci3(tɕi⁴⁴)	true	ci3	暂无	自旧档汇入	2023-07-05T08:47:08+08:00
浦东·川沙	简(簡)	[空]	ci3(tɕi⁴⁴)	true	ci3	暂无	自旧档汇入	2023-07-05T08:47:08+08:00
浦东·川沙	纪(紀)	[空]	ci3(tɕi⁴⁴)	true	ci3	暂无	自旧档汇入	2023-07-05T08:47:08+08:00
浦东·川沙	茧(繭)	[空]	ci3(tɕi⁴⁴)	true	ci3	暂无	自旧档汇入	2023-07-05T08:47:08+08:00
浦东·川沙	冀(冀)	[空]	ci5(tɕi³⁵)	true	ci5	暂无	自旧档汇入	2023-07-05T08:47:08+08:00
浦东·川沙	剑(劍)	[空]	ci5(tɕi³⁵)	true	ci5	暂无	自旧档汇入	2023-07-05T08:47:08+08:00
浦东·川沙	季(季)	[空]	ci5(tɕi³⁵)	true	ci5	暂无	自旧档汇入	2023-07-05T08:47:08+08:00
浦东·川沙	寄(寄)	[空]	ci5(tɕi³⁵)	true	ci5	暂无	自旧档汇入	2023-07-05T08:47:08+08:00
浦东·川沙	建(建)	[空]	ci5(tɕi³⁵)	true	ci5	暂无	自旧档汇入	2023-07-05T08:47:08+08:00
浦东·川沙	悸(悸)	[空]	ci5(tɕi³⁵)	true	ci5	暂无	自旧档汇入	2023-07-05T08:47:08+08:00
浦东·川沙	既(既)	[空]	ci5(tɕi³⁵)	true	ci5	暂无	自旧档汇入	2023-07-05T08:47:08+08:00
浦东·川沙	系(繫)	~鞋带	ci5(tɕi³⁵)	true	ci5	暂无	自旧档汇入	2023-07-05T08:47:08+08:00
浦东·川沙	继(繼)	[空]	ci5(tɕi³⁵)	true	ci5	暂无	自旧档汇入	2023-07-05T08:47:08+08:00
浦东·川沙	见(見)	[空]	ci5(tɕi³⁵)	true	ci5	暂无	自旧档汇入	2023-07-05T08:47:08+08:00
浦东·川沙	计(計)	[空]	ci5(tɕi³⁵)	true	ci5	暂无	自旧档汇入	2023-07-05T08:47:08+08:00
浦东·川沙	记(記)	[空]	ci5(tɕi³⁵)	true	ci5	暂无	自旧档汇入	2023-07-05T08:47:08+08:00
浦东·川沙	间(間)	~断	ci5(tɕi³⁵)	true	ci5	暂无	自旧档汇入	2023-07-05T08:47:08+08:00
浦东·川沙	弃(棄)	[空]	chi1(tɕʰi⁵³)	true	chi1	暂无	自旧档汇入	2023-07-05T08:47:08+08:00
浦东·川沙	欺(欺)	[空]	chi1(tɕʰi⁵³)	true	chi1	暂无	自旧档汇入	2023-07-05T08:47:08+08:00
浦东·川沙	溪(溪)	[空]	chi1(tɕʰi⁵³)	true	chi1	暂无	自旧档汇入	2023-07-05T08:47:08+08:00
浦东·川沙	牵(牽)	[空]	chi1(tɕʰi⁵³)	true	chi1	暂无	自旧档汇入	2023-07-05T08:47:08+08:00
浦东·川沙	稽(稽)	~首	chi1(tɕʰi⁵³)	true	chi1	暂无	自旧档汇入	2023-07-05T08:47:08+08:00
浦东·川沙	谦(謙)	[空]	chi1(tɕʰi⁵³)	true	chi1	暂无	自旧档汇入	2023-07-05T08:47:08+08:00
浦东·川沙	岂(豈)	[空]	chi1(tɕʰi⁵³)	true	chi1	暂无	自旧档汇入	2023-07-05T08:47:08+08:00
浦东·川沙	启(啟)	[空]	chi3(tɕʰi⁴⁴)	true	chi3	暂无	自旧档汇入	2023-07-05T08:47:08+08:00
浦东·川沙	杞(杞)	枸~子	chi3(tɕʰi⁴⁴)	true	chi3	暂无	自旧档汇入	2023-07-05T08:47:08+08:00
浦东·川沙	岂(豈)	[空]	chi3(tɕʰi⁴⁴)	true	chi3	暂无	自旧档汇入	2023-07-05T08:47:08+08:00
浦东·川沙	起(起)	[空]	chi3(tɕʰi⁴⁴)	true	chi3	暂无	自旧档汇入	2023-07-05T08:47:08+08:00
浦东·川沙	企(企)	[空]	chi5(tɕʰi³⁵)	true	chi5	暂无	自旧档汇入	2023-07-05T08:47:08+08:00
浦东·川沙	去(去)	白	chi5(tɕʰi³⁵)	true	chi5	暂无	自旧档汇入	2023-07-05T08:47:08+08:00
浦东·川沙	器(器)	[空]	chi5(tɕʰi³⁵)	true	chi5	暂无	自旧档汇入	2023-07-05T08:47:08+08:00
浦东·川沙	契(契)	地~	chi5(tɕʰi³⁵)	true	chi5	暂无	自旧档汇入	2023-07-05T08:47:08+08:00
浦东·川沙	欠(欠)	[空]	chi5(tɕʰi³⁵)	true	chi5	暂无	自旧档汇入	2023-07-05T08:47:08+08:00
浦东·川沙	歉(歉)	[空]	chi5(tɕʰi³⁵)	true	chi5	暂无	自旧档汇入	2023-07-05T08:47:08+08:00
浦东·川沙	气(氣)	[空]	chi5(tɕʰi³⁵)	true	chi5	暂无	自旧档汇入	2023-07-05T08:47:08+08:00
浦东·川沙	汽(汽)	[空]	chi5(tɕʰi³⁵)	true	chi5	暂无	自旧档汇入	2023-07-05T08:47:08+08:00
浦东·川沙	纤(纖)	~绳	chi5(tɕʰi³⁵)	true	chi5	暂无	自旧档汇入	2023-07-05T08:47:08+08:00
浦东·川沙	谴(譴)	[空]	chi5(tɕʰi³⁵)	true	chi5	暂无	自旧档汇入	2023-07-05T08:47:08+08:00
浦东·川沙	遣(遣)	[空]	chi5(tɕʰi³⁵)	true	chi5	暂无	自旧档汇入	2023-07-05T08:47:08+08:00
浦东·川沙	天(天)	[空]	thi1(tʰi⁵³)	true	thi1	暂无	自旧档汇入	2023-07-05T08:47:08+08:00
浦东·川沙	梯(梯)	[空]	thi1(tʰi⁵³)	true	thi1	暂无	自旧档汇入	2023-07-05T08:47:08+08:00
浦东·川沙	添(添)	[空]	thi1(tʰi⁵³)	true	thi1	暂无	自旧档汇入	2023-07-05T08:47:08+08:00
浦东·川沙	舔(舔)	[空]	thi3(tʰi⁴⁴)	true	thi3	暂无	自旧档汇入	2023-07-05T08:47:08+08:00
浦东·川沙	体(體)	[空]	thi3(tʰi⁴⁴)	true	thi3	暂无	自旧档汇入	2023-07-05T08:47:08+08:00
浦东·川沙	剃(剃)	[空]	thi5(tʰi³⁵)	true	thi5	暂无	自旧档汇入	2023-07-05T08:47:08+08:00
浦东·川沙	屉(屜)	抽~	thi5(tʰi³⁵)	true	thi5	暂无	自旧档汇入	2023-07-05T08:47:08+08:00
浦东·川沙	替(替)	[空]	thi5(tʰi³⁵)	true	thi5	暂无	自旧档汇入	2023-07-05T08:47:08+08:00
浦东·川沙	涕(涕)	[空]	thi5(tʰi³⁵)	true	thi5	暂无	自旧档汇入	2023-07-05T08:47:08+08:00
浦东·川沙	剂(劑)	[空]	tsi1(tsi⁵³)	true	tsi1	暂无	自旧档汇入	2023-07-05T08:47:08+08:00
浦东·川沙	尖(尖)	[空]	tsi1(tsi⁵³)	true	tsi1	暂无	自旧档汇入	2023-07-05T08:47:08+08:00
浦东·川沙	煎(煎)	[空]	tsi1(tsi⁵³)	true	tsi1	暂无	自旧档汇入	2023-07-05T08:47:08+08:00
浦东·川沙	笺(箋)	[空]	tsi1(tsi⁵³)	true	tsi1	暂无	自旧档汇入	2023-07-05T08:47:08+08:00
浦东·川沙	饯(餞)	蜜~	tsi1(tsi⁵³)	true	tsi1	暂无	自旧档汇入	2023-07-05T08:47:08+08:00
浦东·川沙	剪(剪)	[空]	tsi3(tsi⁴⁴)	true	tsi3	暂无	自旧档汇入	2023-07-05T08:47:08+08:00
浦东·川沙	姐(姐)	[空]	tsi3(tsi⁴⁴)	true	tsi3	暂无	自旧档汇入	2023-07-05T08:47:08+08:00
浦东·川沙	挤(擠)	[空]	tsi3(tsi⁴⁴)	true	tsi3	暂无	自旧档汇入	2023-07-05T08:47:08+08:00
浦东·川沙	占(占)	~便宜	tsi5(tsi³⁵)	true	tsi5	暂无	自旧档汇入	2023-07-05T08:47:08+08:00
浦东·川沙	左(左)	~手	tsi5(tsi³⁵)	true	tsi5	暂无	自旧档汇入	2023-07-05T08:47:08+08:00
浦东·川沙	济(濟)	[空]	tsi5(tsi³⁵)	true	tsi5	暂无	自旧档汇入	2023-07-05T08:47:08+08:00
浦东·川沙	祭(祭)	[空]	tsi5(tsi³⁵)	true	tsi5	暂无	自旧档汇入	2023-07-05T08:47:08+08:00
浦东·川沙	箭(箭)	[空]	tsi5(tsi³⁵)	true	tsi5	暂无	自旧档汇入	2023-07-05T08:47:08+08:00
浦东·川沙	荐(薦)	[空]	tsi5(tsi³⁵)	true	tsi5	暂无	自旧档汇入	2023-07-05T08:47:08+08:00
浦东·川沙	际(際)	[空]	tsi5(tsi³⁵)	true	tsi5	暂无	自旧档汇入	2023-07-05T08:47:08+08:00
浦东·川沙	且(且)	[空]	tshi1(tsʰi⁵³)	true	tshi1	暂无	自旧档汇入	2023-07-05T08:47:08+08:00
浦东·川沙	千(千)	[空]	tshi1(tsʰi⁵³)	true	tshi1	暂无	自旧档汇入	2023-07-05T08:47:08+08:00
浦东·川沙	妻(妻)	[空]	tshi1(tsʰi⁵³)	true	tshi1	暂无	自旧档汇入	2023-07-05T08:47:08+08:00
浦东·川沙	栖(棲)	[空]	tshi1(tsʰi⁵³)	true	tshi1	暂无	自旧档汇入	2023-07-05T08:47:08+08:00
浦东·川沙	椠(槧)	~皮，削	tshi1(tsʰi⁵³)	true	tshi1	暂无	自旧档汇入	2023-07-05T08:47:08+08:00
浦东·川沙	歼(殲)	[空]	tshi1(tsʰi⁵³)	true	tshi1	暂无	自旧档汇入	2023-07-05T08:47:08+08:00
浦东·川沙	痊(痊)	[空]	tshi1(tsʰi⁵³)	true	tshi1	暂无	自旧档汇入	2023-07-05T08:47:08+08:00
浦东·川沙	签(簽)	[空]	tshi1(tsʰi⁵³)	true	tshi1	暂无	自旧档汇入	2023-07-05T08:47:08+08:00
浦东·川沙	签(籤)	[空]	tshi1(tsʰi⁵³)	true	tshi1	暂无	自旧档汇入	2023-07-05T08:47:08+08:00
浦东·川沙	纤(纖)	[空]	tshi1(tsʰi⁵³)	true	tshi1	暂无	自旧档汇入	2023-07-05T08:47:08+08:00
浦东·川沙	蛆(蛆)	[空]	tshi1(tsʰi⁵³)	true	tshi1	暂无	自旧档汇入	2023-07-05T08:47:08+08:00
浦东·川沙	迁(遷)	[空]	tshi1(tsʰi⁵³)	true	tshi1	暂无	自旧档汇入	2023-07-05T08:47:08+08:00
浦东·川沙	千(韆)	[空]	tshi1(tsʰi⁵³)	true	tshi1	暂无	自旧档汇入	2023-07-05T08:47:08+08:00
浦东·川沙	𩸸(𩸸)	乌~，青鱼	tshi1(tsʰi⁵³)	true	tshi1	暂无	自旧档汇入	2023-07-05T08:47:08+08:00
浦东·川沙	全(全)	[空]	zi2(zi²¹³)	true	zi2	暂无	自旧档汇入	2023-07-05T08:47:08+08:00
浦东·川沙	前(前)	[空]	zi2(zi²¹³)	true	zi2	暂无	自旧档汇入	2023-07-05T08:47:08+08:00
浦东·川沙	徐(徐)	[空]	zi2(zi²¹³)	true	zi2	暂无	自旧档汇入	2023-07-05T08:47:08+08:00
浦东·川沙	旋(旋)	[空]	zi2(zi²¹³)	true	zi2	暂无	自旧档汇入	2023-07-05T08:47:08+08:00
浦东·川沙	泉(泉)	[空]	zi2(zi²¹³)	true	zi2	暂无	自旧档汇入	2023-07-05T08:47:08+08:00
浦东·川沙	潜(潛)	[空]	zi2(zi²¹³)	true	zi2	暂无	自旧档汇入	2023-07-05T08:47:08+08:00
浦东·川沙	痊(痊)	[空]	zi2(zi²¹³)	true	zi2	暂无	自旧档汇入	2023-07-05T08:47:08+08:00
浦东·川沙	脐(臍)	[空]	zi2(zi²¹³)	true	zi2	暂无	自旧档汇入	2023-07-05T08:47:08+08:00
浦东·川沙	荠(薺)	[空]	zi2(zi²¹³)	true	zi2	暂无	自旧档汇入	2023-07-05T08:47:08+08:00
浦东·川沙	钱(錢)	[空]	zi2(zi²¹³)	true	zi2	暂无	自旧档汇入	2023-07-05T08:47:08+08:00
浦东·川沙	齐(齊)	[空]	zi2(zi²¹³)	true	zi2	暂无	自旧档汇入	2023-07-05T08:47:08+08:00
浦东·川沙	渐(漸)	[空]	zi2(zi²¹³)	true	zi2	暂无	自旧档汇入	2023-07-05T08:47:08+08:00
浦东·川沙	践(踐)	[空]	zi2(zi²¹³)	true	zi2	暂无	自旧档汇入	2023-07-05T08:47:08+08:00
浦东·川沙	溅(濺)	[空]	zi6(zi¹³)	true	zi6	暂无	自旧档汇入	2023-07-05T08:47:08+08:00
浦东·川沙	羡(羨)	[空]	zi6(zi¹³)	true	zi6	暂无	自旧档汇入	2023-07-05T08:47:08+08:00
浦东·川沙	贱(賤)	[空]	zi6(zi¹³)	true	zi6	暂无	自旧档汇入	2023-07-05T08:47:08+08:00
浦东·川沙	钱(錢)	[空]	zi6(zi¹³)	true	zi6	暂无	自旧档汇入	2023-07-05T08:47:08+08:00
浦东·川沙	唯(唯)	[空]	vi2(βi²¹³)	true	vi2	暂无	自旧档汇入	2023-07-05T08:47:08+08:00
浦东·川沙	微(微)	[空]	vi2(βi²¹³)	true	vi2	暂无	自旧档汇入	2023-07-05T08:47:08+08:00
浦东·川沙	惟(惟)	[空]	vi2(βi²¹³)	true	vi2	暂无	自旧档汇入	2023-07-05T08:47:08+08:00
浦东·川沙	维(維)	[空]	vi2(βi²¹³)	true	vi2	暂无	自旧档汇入	2023-07-05T08:47:08+08:00
浦东·川沙	肥(肥)	[空]	vi2(βi²¹³)	true	vi2	暂无	自旧档汇入	2023-07-05T08:47:08+08:00
浦东·川沙	尾(尾)	[空]	vi2(βi²¹³)	true	vi2	暂无	自旧档汇入	2023-07-05T08:47:08+08:00
浦东·川沙	味(味)	~精	vi6(βi¹³)	true	vi6	暂无	自旧档汇入	2023-07-05T08:47:08+08:00
浦东·川沙	未(未)	[空]	vi6(βi¹³)	true	vi6	暂无	自旧档汇入	2023-07-05T08:47:08+08:00
浦东·川沙	费(費)	姓	vi6(βi¹³)	true	vi6	暂无	自旧档汇入	2023-07-05T08:47:08+08:00
浦东·川沙	也(也)	[空]	i1(i⁵³)	true	i1	暂无	自旧档汇入	2023-07-05T08:47:08+08:00
浦东·川沙	依(依)	[空]	i1(i⁵³)	true	i1	暂无	自旧档汇入	2023-07-05T08:47:08+08:00
浦东·川沙	已(已)	[空]	i1(i⁵³)	true	i1	暂无	自旧档汇入	2023-07-05T08:47:08+08:00
浦东·川沙	淹(淹)	[空]	i1(i⁵³)	true	i1	暂无	自旧档汇入	2023-07-05T08:47:08+08:00
浦东·川沙	焉(焉)	[空]	i1(i⁵³)	true	i1	暂无	自旧档汇入	2023-07-05T08:47:08+08:00
浦东·川沙	烟(煙)	[空]	i1(i⁵³)	true	i1	暂无	自旧档汇入	2023-07-05T08:47:08+08:00
浦东·川沙	燕(燕)	~京	i1(i⁵³)	true	i1	暂无	自旧档汇入	2023-07-05T08:47:08+08:00
浦东·川沙	翳(翳)	[空]	i1(i⁵³)	true	i1	暂无	自旧档汇入	2023-07-05T08:47:08+08:00
浦东·川沙	蔫(蔫)	[空]	i1(i⁵³)	true	i1	暂无	自旧档汇入	2023-07-05T08:47:08+08:00
浦东·川沙	衣(衣)	[空]	i1(i⁵³)	true	i1	暂无	自旧档汇入	2023-07-05T08:47:08+08:00
浦东·川沙	腌(醃)	~笃鲜，鲜咸肉和笋同煮的菜	i1(i⁵³)	true	i1	暂无	自旧档汇入	2023-07-05T08:47:08+08:00
浦东·川沙	医(醫)	[空]	i1(i⁵³)	true	i1	暂无	自旧档汇入	2023-07-05T08:47:08+08:00
浦东·川沙	阉(閹)	[空]	i1(i⁵³)	true	i1	暂无	自旧档汇入	2023-07-05T08:47:08+08:00
浦东·川沙	以(以)	[空]	i3(i⁴⁴)	true	i3	暂无	自旧档汇入	2023-07-05T08:47:08+08:00
浦东·川沙	掩(掩)	[空]	i3(i⁴⁴)	true	i3	暂无	自旧档汇入	2023-07-05T08:47:08+08:00
浦东·川沙	魇(魘)	[空]	i3(i⁴⁴)	true	i3	暂无	自旧档汇入	2023-07-05T08:47:08+08:00
浦东·川沙	亿(億)	[空]	i5(i³⁵)	true	i5	暂无	自旧档汇入	2023-07-05T08:47:08+08:00
浦东·川沙	厌(厭)	[空]	i5(i³⁵)	true	i5	暂无	自旧档汇入	2023-07-05T08:47:08+08:00
浦东·川沙	咽(咽)	~下去	i5(i³⁵)	true	i5	暂无	自旧档汇入	2023-07-05T08:47:08+08:00
浦东·川沙	堰(堰)	[空]	i5(i³⁵)	true	i5	暂无	自旧档汇入	2023-07-05T08:47:08+08:00
浦东·川沙	宴(宴)	[空]	i5(i³⁵)	true	i5	暂无	自旧档汇入	2023-07-05T08:47:08+08:00
浦东·川沙	意(意)	[空]	i5(i³⁵)	true	i5	暂无	自旧档汇入	2023-07-05T08:47:08+08:00
浦东·川沙	忆(憶)	[空]	i5(i³⁵)	true	i5	暂无	自旧档汇入	2023-07-05T08:47:08+08:00
浦东·川沙	晏(晏)	[空]	i5(i³⁵)	true	i5	暂无	自旧档汇入	2023-07-05T08:47:08+08:00
浦东·川沙	燕(燕)	~子	i5(i³⁵)	true	i5	暂无	自旧档汇入	2023-07-05T08:47:08+08:00
浦东·川沙	䞁(䞁)	~长短，比量	i5(i³⁵)	true	i5	暂无	自旧档汇入	2023-07-05T08:47:08+08:00
浦东·川沙	□(□)	~长短，比量	i5(i³⁵)	true	i5	暂无	自旧档汇入	2023-07-05T08:47:08+08:00
浦东·川沙	□(□)	~tsᴀ，乖，聪明	shia1(ɕiᴀ⁵³)	true	shia1	暂无	自旧档汇入	2023-07-05T08:47:08+08:00
浦东·川沙	爹(爹)	[空]	tia1(ɗiᴀ⁵³)	true	tia1	暂无	自旧档汇入	2023-07-05T08:47:08+08:00
浦东·川沙	嗲(嗲)	[空]	tia3(ɗiᴀ⁴⁴)	true	tia3	暂无	自旧档汇入	2023-07-05T08:47:08+08:00
浦东·川沙	茄(茄)	~克衫	jia2(dʑiᴀ²¹³)	true	jia2	暂无	自旧档汇入	2023-07-05T08:47:08+08:00
浦东·川沙	□(□)	能干	jia2(dʑiᴀ²¹³)	true	jia2	暂无	自旧档汇入	2023-07-05T08:47:08+08:00
浦东·川沙	崖(崖)	[空]	ya2(ɦiᴀ²¹³)	true	ya2	暂无	自旧档汇入	2023-07-05T08:47:08+08:00
浦东·川沙	涯(涯)	[空]	ya2(ɦiᴀ²¹³)	true	ya2	暂无	自旧档汇入	2023-07-05T08:47:08+08:00
浦东·川沙	爷(爺)	[空]	ya2(ɦiᴀ²¹³)	true	ya2	暂无	自旧档汇入	2023-07-05T08:47:08+08:00
浦东·川沙	野(野)	[空]	ya2(ɦiᴀ²¹³)	true	ya2	暂无	自旧档汇入	2023-07-05T08:47:08+08:00
浦东·川沙	夜(夜)	[空]	ya6(ɦiᴀ¹³)	true	ya6	暂无	自旧档汇入	2023-07-05T08:47:08+08:00
浦东·川沙	廿(廿)	~五	gnia6(ȵiᴀ¹³)	true	gnia6	暂无	自旧档汇入	2023-07-05T08:47:08+08:00
浦东·川沙	鲇(鮎)	~鱼	gnia6(ȵiᴀ¹³)	true	gnia6	暂无	自旧档汇入	2023-07-05T08:47:08+08:00
浦东·川沙	写(寫)	[空]	sia3(siᴀ⁴⁴)	true	sia3	暂无	自旧档汇入	2023-07-05T08:47:08+08:00
浦东·川沙	卸(卸)	[空]	sia5(siᴀ³⁵)	true	sia5	暂无	自旧档汇入	2023-07-05T08:47:08+08:00
浦东·川沙	泻(瀉)	[空]	sia5(siᴀ³⁵)	true	sia5	暂无	自旧档汇入	2023-07-05T08:47:08+08:00
浦东·川沙	加(加)	[空]	cia1(tɕiᴀ⁵³)	true	cia1	暂无	自旧档汇入	2023-07-05T08:47:08+08:00
浦东·川沙	嘉(嘉)	[空]	cia1(tɕiᴀ⁵³)	true	cia1	暂无	自旧档汇入	2023-07-05T08:47:08+08:00
浦东·川沙	家(家)	[空]	cia1(tɕiᴀ⁵³)	true	cia1	暂无	自旧档汇入	2023-07-05T08:47:08+08:00
浦东·川沙	痂(痂)	[空]	cia1(tɕiᴀ⁵³)	true	cia1	暂无	自旧档汇入	2023-07-05T08:47:08+08:00
浦东·川沙	皆(皆)	[空]	cia1(tɕiᴀ⁵³)	true	cia1	暂无	自旧档汇入	2023-07-05T08:47:08+08:00
浦东·川沙	阶(階)	[空]	cia1(tɕiᴀ⁵³)	true	cia1	暂无	自旧档汇入	2023-07-05T08:47:08+08:00
浦东·川沙	假(假)	真~。文	cia3(tɕiᴀ⁴⁴)	true	cia3	暂无	自旧档汇入	2023-07-05T08:47:08+08:00
浦东·川沙	介(介)	[空]	cia5(tɕiᴀ³⁵)	true	cia5	暂无	自旧档汇入	2023-07-05T08:47:08+08:00
浦东·川沙	假(假)	放~	cia5(tɕiᴀ³⁵)	true	cia5	暂无	自旧档汇入	2023-07-05T08:47:08+08:00
浦东·川沙	价(價)	[空]	cia5(tɕiᴀ³⁵)	true	cia5	暂无	自旧档汇入	2023-07-05T08:47:08+08:00
浦东·川沙	嫁(嫁)	[空]	cia5(tɕiᴀ³⁵)	true	cia5	暂无	自旧档汇入	2023-07-05T08:47:08+08:00
浦东·川沙	届(屆)	[空]	cia5(tɕiᴀ³⁵)	true	cia5	暂无	自旧档汇入	2023-07-05T08:47:08+08:00
浦东·川沙	戒(戒)	[空]	cia5(tɕiᴀ³⁵)	true	cia5	暂无	自旧档汇入	2023-07-05T08:47:08+08:00
浦东·川沙	架(架)	[空]	cia5(tɕiᴀ³⁵)	true	cia5	暂无	自旧档汇入	2023-07-05T08:47:08+08:00
浦东·川沙	稼(稼)	[空]	cia5(tɕiᴀ³⁵)	true	cia5	暂无	自旧档汇入	2023-07-05T08:47:08+08:00
浦东·川沙	驾(駕)	[空]	cia5(tɕiᴀ³⁵)	true	cia5	暂无	自旧档汇入	2023-07-05T08:47:08+08:00
浦东·川沙	姐(姐)	[空]	tsia3(tsiᴀ⁴⁴)	true	tsia3	暂无	自旧档汇入	2023-07-05T08:47:08+08:00
浦东·川沙	借(借)	[空]	tsia5(tsiᴀ³⁵)	true	tsia5	暂无	自旧档汇入	2023-07-05T08:47:08+08:00
浦东·川沙	七(七)	~八个	tshia1(tsʰiᴀ⁵³)	true	tshia1	暂无	自旧档汇入	2023-07-05T08:47:08+08:00
浦东·川沙	笡(笡)	斜	tshia5(tsʰiᴀ³⁵)	true	tshia5	暂无	自旧档汇入	2023-07-05T08:47:08+08:00
浦东·川沙	斜(斜)	[空]	zia2(ziᴀ²¹³)	true	zia2	暂无	自旧档汇入	2023-07-05T08:47:08+08:00
浦东·川沙	邪(邪)	[空]	zia2(ziᴀ²¹³)	true	zia2	暂无	自旧档汇入	2023-07-05T08:47:08+08:00
浦东·川沙	□(□)	事体勿做，~拉外头，浪荡，不驯服	zia2(ziᴀ²¹³)	true	zia2	暂无	自旧档汇入	2023-07-05T08:47:08+08:00
浦东·川沙	塮(塮)	猪~	zia6(ziᴀ¹³)	true	zia6	暂无	自旧档汇入	2023-07-05T08:47:08+08:00
浦东·川沙	谢(謝)	[空]	zia6(ziᴀ¹³)	true	zia6	暂无	自旧档汇入	2023-07-05T08:47:08+08:00
浦东·川沙	亚(亞)	[空]	ia1(iᴀ⁵³)	true	ia1	暂无	自旧档汇入	2023-07-05T08:47:08+08:00
浦东·川沙	椰(椰)	[空]	ia1(iᴀ⁵³)	true	ia1	暂无	自旧档汇入	2023-07-05T08:47:08+08:00
浦东·川沙	耶(耶)	[空]	ia1(iᴀ⁵³)	true	ia1	暂无	自旧档汇入	2023-07-05T08:47:08+08:00
浦东·川沙	霞(霞)	[空]	ia1(iᴀ⁵³)	true	ia1	暂无	自旧档汇入	2023-07-05T08:47:08+08:00
浦东·川沙	鸦(鴉)	[空]	ia1(iᴀ⁵³)	true	ia1	暂无	自旧档汇入	2023-07-05T08:47:08+08:00
浦东·川沙	□(□)	~进去，躲藏，偷偷	ia1(iᴀ⁵³)	true	ia1	暂无	自旧档汇入	2023-07-05T08:47:08+08:00
浦东·川沙	雅(雅)	[空]	ia3(iᴀ⁴⁴)	true	ia3	暂无	自旧档汇入	2023-07-05T08:47:08+08:00
浦东·川沙	乡(鄉)	[空]	shian1(ɕiã⁵³)	true	shian1	暂无	自旧档汇入	2023-07-05T08:47:08+08:00
浦东·川沙	香(香)	[空]	shian1(ɕiã⁵³)	true	shian1	暂无	自旧档汇入	2023-07-05T08:47:08+08:00
浦东·川沙	享(享)	[空]	shian3(ɕiã⁴⁴)	true	shian3	暂无	自旧档汇入	2023-07-05T08:47:08+08:00
浦东·川沙	响(響)	[空]	shian3(ɕiã⁴⁴)	true	shian3	暂无	自旧档汇入	2023-07-05T08:47:08+08:00
浦东·川沙	向(向)	[空]	shian5(ɕiã³⁵)	true	shian5	暂无	自旧档汇入	2023-07-05T08:47:08+08:00
浦东·川沙	向(嚮)	[空]	shian5(ɕiã³⁵)	true	shian5	暂无	自旧档汇入	2023-07-05T08:47:08+08:00
浦东·川沙	饷(餉)	[空]	shian5(ɕiã³⁵)	true	shian5	暂无	自旧档汇入	2023-07-05T08:47:08+08:00
浦东·川沙	强(強)	~大	jian2(dʑiã²¹³)	true	jian2	暂无	自旧档汇入	2023-07-05T08:47:08+08:00
浦东·川沙	𠼢(𠼢)	价钱贱	jian2(dʑiã²¹³)	true	jian2	暂无	自旧档汇入	2023-07-05T08:47:08+08:00
浦东·川沙	犟(犟)	脾气~	jian2(dʑiã²¹³)	true	jian2	暂无	自旧档汇入	2023-07-05T08:47:08+08:00
浦东·川沙	扬(揚)	[空]	yan2(ɦiã²¹³)	true	yan2	暂无	自旧档汇入	2023-07-05T08:47:08+08:00
浦东·川沙	杨(楊)	[空]	yan2(ɦiã²¹³)	true	yan2	暂无	自旧档汇入	2023-07-05T08:47:08+08:00
浦东·川沙	洋(洋)	[空]	yan2(ɦiã²¹³)	true	yan2	暂无	自旧档汇入	2023-07-05T08:47:08+08:00
浦东·川沙	烊(烊)	[空]	yan2(ɦiã²¹³)	true	yan2	暂无	自旧档汇入	2023-07-05T08:47:08+08:00
浦东·川沙	疡(瘍)	[空]	yan2(ɦiã²¹³)	true	yan2	暂无	自旧档汇入	2023-07-05T08:47:08+08:00
浦东·川沙	羊(羊)	[空]	yan2(ɦiã²¹³)	true	yan2	暂无	自旧档汇入	2023-07-05T08:47:08+08:00
浦东·川沙	降(降)	投~	yan2(ɦiã²¹³)	true	yan2	暂无	自旧档汇入	2023-07-05T08:47:08+08:00
浦东·川沙	阳(陽)	[空]	yan2(ɦiã²¹³)	true	yan2	暂无	自旧档汇入	2023-07-05T08:47:08+08:00
浦东·川沙	氧(氧)	[空]	yan2(ɦiã²¹³)	true	yan2	暂无	自旧档汇入	2023-07-05T08:47:08+08:00
浦东·川沙	痒(癢)	[空]	yan2(ɦiã²¹³)	true	yan2	暂无	自旧档汇入	2023-07-05T08:47:08+08:00
浦东·川沙	养(養)	[空]	yan2(ɦiã²¹³)	true	yan2	暂无	自旧档汇入	2023-07-05T08:47:08+08:00
浦东·川沙	样(樣)	[空]	yan6(ɦiã¹³)	true	yan6	暂无	自旧档汇入	2023-07-05T08:47:08+08:00
浦东·川沙	寸(寸)	[空]	lian2(liã²¹³)	true	lian2	暂无	自旧档汇入	2023-07-05T08:47:08+08:00
浦东·川沙	尺(尺)	[空]	lian2(liã²¹³)	true	lian2	暂无	自旧档汇入	2023-07-05T08:47:08+08:00
浦东·川沙	梁(梁)	[空]	lian2(liã²¹³)	true	lian2	暂无	自旧档汇入	2023-07-05T08:47:08+08:00
浦东·川沙	凉(涼)	[空]	lian2(liã²¹³)	true	lian2	暂无	自旧档汇入	2023-07-05T08:47:08+08:00
浦东·川沙	粱(粱)	[空]	lian2(liã²¹³)	true	lian2	暂无	自旧档汇入	2023-07-05T08:47:08+08:00
浦东·川沙	粮(糧)	[空]	lian2(liã²¹³)	true	lian2	暂无	自旧档汇入	2023-07-05T08:47:08+08:00
浦东·川沙	良(良)	[空]	lian2(liã²¹³)	true	lian2	暂无	自旧档汇入	2023-07-05T08:47:08+08:00
浦东·川沙	量(量)	~尺寸	lian2(liã²¹³)	true	lian2	暂无	自旧档汇入	2023-07-05T08:47:08+08:00
浦东·川沙	两(兩)	[空]	lian2(liã²¹³)	true	lian2	暂无	自旧档汇入	2023-07-05T08:47:08+08:00
浦东·川沙	亮(亮)	[空]	lian6(liã¹³)	true	lian6	暂无	自旧档汇入	2023-07-05T08:47:08+08:00
浦东·川沙	谅(諒)	[空]	lian6(liã¹³)	true	lian6	暂无	自旧档汇入	2023-07-05T08:47:08+08:00
浦东·川沙	辆(輛)	[空]	lian6(liã¹³)	true	lian6	暂无	自旧档汇入	2023-07-05T08:47:08+08:00
浦东·川沙	量(量)	数~	lian6(liã¹³)	true	lian6	暂无	自旧档汇入	2023-07-05T08:47:08+08:00
浦东·川沙	酿(釀)	[空]	gnian1(ȵiã⁵³)	true	gnian1	暂无	自旧档汇入	2023-07-05T08:47:08+08:00
浦东·川沙	娘(娘)	[空]	gnian2(ȵiã²¹³)	true	gnian2	暂无	自旧档汇入	2023-07-05T08:47:08+08:00
浦东·川沙	娘(孃)	[空]	gnian2(ȵiã²¹³)	true	gnian2	暂无	自旧档汇入	2023-07-05T08:47:08+08:00
浦东·川沙	酿(釀)	酒~	gnian2(ȵiã²¹³)	true	gnian2	暂无	自旧档汇入	2023-07-05T08:47:08+08:00
浦东·川沙	嚷(嚷)	[空]	gnian2(ȵiã²¹³)	true	gnian2	暂无	自旧档汇入	2023-07-05T08:47:08+08:00
浦东·川沙	壤(壤)	白	gnian2(ȵiã²¹³)	true	gnian2	暂无	自旧档汇入	2023-07-05T08:47:08+08:00
浦东·川沙	瓤(瓤)	[空]	gnian2(ȵiã²¹³)	true	gnian2	暂无	自旧档汇入	2023-07-05T08:47:08+08:00
浦东·川沙	仰(仰)	[空]	gnian3(ȵiã⁴⁴)	true	gnian3	暂无	自旧档汇入	2023-07-05T08:47:08+08:00
浦东·川沙	让(讓)	白	gnian6(ȵiã¹³)	true	gnian6	暂无	自旧档汇入	2023-07-05T08:47:08+08:00
浦东·川沙	厢(廂)	[空]	sian1(siã⁵³)	true	sian1	暂无	自旧档汇入	2023-07-05T08:47:08+08:00
浦东·川沙	湘(湘)	[空]	sian1(siã⁵³)	true	sian1	暂无	自旧档汇入	2023-07-05T08:47:08+08:00
浦东·川沙	相(相)	~互	sian1(siã⁵³)	true	sian1	暂无	自旧档汇入	2023-07-05T08:47:08+08:00
浦东·川沙	箱(箱)	[空]	sian1(siã⁵³)	true	sian1	暂无	自旧档汇入	2023-07-05T08:47:08+08:00
浦东·川沙	襄(襄)	[空]	sian1(siã⁵³)	true	sian1	暂无	自旧档汇入	2023-07-05T08:47:08+08:00
浦东·川沙	镶(鑲)	[空]	sian1(siã⁵³)	true	sian1	暂无	自旧档汇入	2023-07-05T08:47:08+08:00
浦东·川沙	想(想)	[空]	sian3(siã⁴⁴)	true	sian3	暂无	自旧档汇入	2023-07-05T08:47:08+08:00
浦东·川沙	鲞(鯗)	~鱼	sian3(siã⁴⁴)	true	sian3	暂无	自旧档汇入	2023-07-05T08:47:08+08:00
浦东·川沙	□(□)	谷，撒开	sian3(siã⁴⁴)	true	sian3	暂无	自旧档汇入	2023-07-05T08:47:08+08:00
浦东·川沙	相(相)	~亲	sian5(siã³⁵)	true	sian5	暂无	自旧档汇入	2023-07-05T08:47:08+08:00
浦东·川沙	僵(僵)	[空]	cian1(tɕiã⁵³)	true	cian1	暂无	自旧档汇入	2023-07-05T08:47:08+08:00
浦东·川沙	姜(姜)	[空]	cian1(tɕiã⁵³)	true	cian1	暂无	自旧档汇入	2023-07-05T08:47:08+08:00
浦东·川沙	江(江)	[空]	cian1(tɕiã⁵³)	true	cian1	暂无	自旧档汇入	2023-07-05T08:47:08+08:00
浦东·川沙	疆(疆)	[空]	cian1(tɕiã⁵³)	true	cian1	暂无	自旧档汇入	2023-07-05T08:47:08+08:00
浦东·川沙	姜(薑)	[空]	cian1(tɕiã⁵³)	true	cian1	暂无	自旧档汇入	2023-07-05T08:47:08+08:00
浦东·川沙	缰(韁)	[空]	cian1(tɕiã⁵³)	true	cian1	暂无	自旧档汇入	2023-07-05T08:47:08+08:00
浦东·川沙	讲(講)	[空]	cian3(tɕiã⁴⁴)	true	cian3	暂无	自旧档汇入	2023-07-05T08:47:08+08:00
浦东·川沙	降(降)	~落	cian5(tɕiã³⁵)	true	cian5	暂无	自旧档汇入	2023-07-05T08:47:08+08:00
浦东·川沙	羌(羌)	[空]	chian1(tɕʰiã⁵³)	true	chian1	暂无	自旧档汇入	2023-07-05T08:47:08+08:00
浦东·川沙	腔(腔)	[空]	chian1(tɕʰiã⁵³)	true	chian1	暂无	自旧档汇入	2023-07-05T08:47:08+08:00
浦东·川沙	强(強)	勉~	chian3(tɕʰiã⁴⁴)	true	chian3	暂无	自旧档汇入	2023-07-05T08:47:08+08:00
浦东·川沙	犟(犟)	~料，倔脾气的人	chian3(tɕʰiã⁴⁴)	true	chian3	暂无	自旧档汇入	2023-07-05T08:47:08+08:00
浦东·川沙	□(□)	讲~脱，讲得走样	chian3(tɕʰiã⁴⁴)	true	chian3	暂无	自旧档汇入	2023-07-05T08:47:08+08:00
浦东·川沙	将(將)	~来	tsian1(tsiã⁵³)	true	tsian1	暂无	自旧档汇入	2023-07-05T08:47:08+08:00
浦东·川沙	浆(漿)	[空]	tsian1(tsiã⁵³)	true	tsian1	暂无	自旧档汇入	2023-07-05T08:47:08+08:00
浦东·川沙	桨(槳)	[空]	tsian3(tsiã⁴⁴)	true	tsian3	暂无	自旧档汇入	2023-07-05T08:47:08+08:00
浦东·川沙	奖(獎)	[空]	tsian3(tsiã⁴⁴)	true	tsian3	暂无	自旧档汇入	2023-07-05T08:47:08+08:00
浦东·川沙	蒋(蔣)	[空]	tsian3(tsiã⁴⁴)	true	tsian3	暂无	自旧档汇入	2023-07-05T08:47:08+08:00
浦东·川沙	将(將)	~领	tsian5(tsiã³⁵)	true	tsian5	暂无	自旧档汇入	2023-07-05T08:47:08+08:00
浦东·川沙	酱(醬)	[空]	tsian5(tsiã³⁵)	true	tsian5	暂无	自旧档汇入	2023-07-05T08:47:08+08:00
浦东·川沙	枪(槍)	[空]	tshian1(tsʰiã⁵³)	true	tshian1	暂无	自旧档汇入	2023-07-05T08:47:08+08:00
浦东·川沙	□(□)	~冷水，掺和	tshian1(tsʰiã⁵³)	true	tshian1	暂无	自旧档汇入	2023-07-05T08:47:08+08:00
浦东·川沙	抢(搶)	[空]	tshian3(tsʰiã⁴⁴)	true	tshian3	暂无	自旧档汇入	2023-07-05T08:47:08+08:00
浦东·川沙	呛(嗆)	[空]	tshian5(tsʰiã³⁵)	true	tshian5	暂无	自旧档汇入	2023-07-05T08:47:08+08:00
浦东·川沙	𪉨(𪉨)	~蟹，用酒和盐水浸泡，略腌	tshian5(tsʰiã³⁵)	true	tshian5	暂无	自旧档汇入	2023-07-05T08:47:08+08:00
浦东·川沙	□(□)	~牙，~出来，突出	tshian5(tsʰiã³⁵)	true	tshian5	暂无	自旧档汇入	2023-07-05T08:47:08+08:00
浦东·川沙	樯(檣)	~子，桅杆	zian2(ziã²¹³)	true	zian2	暂无	自旧档汇入	2023-07-05T08:47:08+08:00
浦东·川沙	墙(牆)	[空]	zian2(ziã²¹³)	true	zian2	暂无	自旧档汇入	2023-07-05T08:47:08+08:00
浦东·川沙	祥(祥)	[空]	zian2(ziã²¹³)	true	zian2	暂无	自旧档汇入	2023-07-05T08:47:08+08:00
浦东·川沙	详(詳)	[空]	zian2(ziã²¹³)	true	zian2	暂无	自旧档汇入	2023-07-05T08:47:08+08:00
浦东·川沙	像(像)	[空]	zian2(ziã²¹³)	true	zian2	暂无	自旧档汇入	2023-07-05T08:47:08+08:00
浦东·川沙	橡(橡)	[空]	zian2(ziã²¹³)	true	zian2	暂无	自旧档汇入	2023-07-05T08:47:08+08:00
浦东·川沙	象(象)	[空]	zian2(ziã²¹³)	true	zian2	暂无	自旧档汇入	2023-07-05T08:47:08+08:00
浦东·川沙	匠(匠)	[空]	zian6(ziã¹³)	true	zian6	暂无	自旧档汇入	2023-07-05T08:47:08+08:00
浦东·川沙	央(央)	[空]	ian1(iã⁵³)	true	ian1	暂无	自旧档汇入	2023-07-05T08:47:08+08:00
浦东·川沙	殃(殃)	[空]	ian1(iã⁵³)	true	ian1	暂无	自旧档汇入	2023-07-05T08:47:08+08:00
浦东·川沙	秧(秧)	[空]	ian1(iã⁵³)	true	ian1	暂无	自旧档汇入	2023-07-05T08:47:08+08:00
浦东·川沙	鸯(鴦)	[空]	ian1(iã⁵³)	true	ian1	暂无	自旧档汇入	2023-07-05T08:47:08+08:00
浦东·川沙	映(映)	放~	ian5(iã³⁵)	true	ian5	暂无	自旧档汇入	2023-07-05T08:47:08+08:00
浦东·川沙	王(王)	~家港；姓	yaon2(ɦiɑ̃²¹³)	true	yaon2	暂无	自旧档汇入	2023-07-05T08:47:08+08:00
浦东·川沙	旺(旺)	[空]	yaon6(ɦiɑ̃¹³)	true	yaon6	暂无	自旧档汇入	2023-07-05T08:47:08+08:00
浦东·川沙	□(□)	~伊一跤，推	gniaon1(ȵiɑ̃⁵³)	true	gniaon1	暂无	自旧档汇入	2023-07-05T08:47:08+08:00
浦东·川沙	协(協)	[空]	yaeq8(ɦiæʔ²³)	true	yaeq8	暂无	自旧档汇入	2023-07-05T08:47:08+08:00
浦东·川沙	洽(洽)	[空]	yaeq8(ɦiæʔ²³)	true	yaeq8	暂无	自旧档汇入	2023-07-05T08:47:08+08:00
浦东·川沙	捏(捏)	[空]	gniaeq8(ȵiæʔ²³)	true	gniaeq8	暂无	自旧档汇入	2023-07-05T08:47:08+08:00
浦东·川沙	箬(箬)	~帽	gniaeq8(ȵiæʔ²³)	true	gniaeq8	暂无	自旧档汇入	2023-07-05T08:47:08+08:00
浦东·川沙	甲(甲)	~子	ciaeq7(tɕiæʔ⁵)	true	ciaeq7	暂无	自旧档汇入	2023-07-05T08:47:08+08:00
浦东·川沙	恰(恰)	[空]	chiaeq7(tɕʰiæʔ⁵)	true	chiaeq7	暂无	自旧档汇入	2023-07-05T08:47:08+08:00
浦东·川沙	剧(劇)	[空]	jiaq8(dʑiᴀʔ²³)	true	jiaq8	暂无	自旧档汇入	2023-07-05T08:47:08+08:00
浦东·川沙	学(學)	[空]	yaq8(ɦiᴀʔ²³)	true	yaq8	暂无	自旧档汇入	2023-07-05T08:47:08+08:00
浦东·川沙	乐(樂)	音~	yaq8(ɦiᴀʔ²³)	true	yaq8	暂无	自旧档汇入	2023-07-05T08:47:08+08:00
浦东·川沙	药(藥)	[空]	yaq8(ɦiᴀʔ²³)	true	yaq8	暂无	自旧档汇入	2023-07-05T08:47:08+08:00
浦东·川沙	跃(躍)	[空]	yaq8(ɦiᴀʔ²³)	true	yaq8	暂无	自旧档汇入	2023-07-05T08:47:08+08:00
浦东·川沙	钥(鑰)	[空]	yaq8(ɦiᴀʔ²³)	true	yaq8	暂无	自旧档汇入	2023-07-05T08:47:08+08:00
浦东·川沙	掠(掠)	[空]	liaq8(liᴀʔ²³)	true	liaq8	暂无	自旧档汇入	2023-07-05T08:47:08+08:00
浦东·川沙	疟(瘧)	[空]	gniaq8(ȵiᴀʔ²³)	true	gniaq8	暂无	自旧档汇入	2023-07-05T08:47:08+08:00
浦东·川沙	箬(箬)	芦~，芦叶	gniaq8(ȵiᴀʔ²³)	true	gniaq8	暂无	自旧档汇入	2023-07-05T08:47:08+08:00
浦东·川沙	虐(虐)	[空]	gniaq8(ȵiᴀʔ²³)	true	gniaq8	暂无	自旧档汇入	2023-07-05T08:47:08+08:00
浦东·川沙	削(削)	[空]	siaq7(siᴀʔ⁵)	true	siaq7	暂无	自旧档汇入	2023-07-05T08:47:08+08:00
浦东·川沙	鹊(鵲)	鸦~	siaq7(siᴀʔ⁵)	true	siaq7	暂无	自旧档汇入	2023-07-05T08:47:08+08:00
浦东·川沙	级(級)	[空]	ciaq7(tɕiᴀʔ⁵)	true	ciaq7	暂无	自旧档汇入	2023-07-05T08:47:08+08:00
浦东·川沙	脚(腳)	[空]	ciaq7(tɕiᴀʔ⁵)	true	ciaq7	暂无	自旧档汇入	2023-07-05T08:47:08+08:00
浦东·川沙	觉(覺)	[空]	ciaq7(tɕiᴀʔ⁵)	true	ciaq7	暂无	自旧档汇入	2023-07-05T08:47:08+08:00
浦东·川沙	角(角)	~色	ciaq7(tɕiᴀʔ⁵)	true	ciaq7	暂无	自旧档汇入	2023-07-05T08:47:08+08:00
浦东·川沙	却(卻)	[空]	chiaq7(tɕʰiᴀʔ⁵)	true	chiaq7	暂无	自旧档汇入	2023-07-05T08:47:08+08:00
浦东·川沙	确(確)	[空]	chiaq7(tɕʰiᴀʔ⁵)	true	chiaq7	暂无	自旧档汇入	2023-07-05T08:47:08+08:00
浦东·川沙	爵(爵)	[空]	tsiaq7(tsiᴀʔ⁵)	true	tsiaq7	暂无	自旧档汇入	2023-07-05T08:47:08+08:00
浦东·川沙	皵(皵)	肉~皮，肉刺	tshiaq7(tsʰiᴀʔ⁵)	true	tshiaq7	暂无	自旧档汇入	2023-07-05T08:47:08+08:00
浦东·川沙	雀(雀)	[空]	tshiaq7(tsʰiᴀʔ⁵)	true	tshiaq7	暂无	自旧档汇入	2023-07-05T08:47:08+08:00
浦东·川沙	鹊(鵲)	[空]	tshiaq7(tsʰiᴀʔ⁵)	true	tshiaq7	暂无	自旧档汇入	2023-07-05T08:47:08+08:00
浦东·川沙	□(□)	~~趣，逗乐	tshiaq7(tsʰiᴀʔ⁵)	true	tshiaq7	暂无	自旧档汇入	2023-07-05T08:47:08+08:00
浦东·川沙	嚼(嚼)	[空]	ziaq8(ziᴀʔ²³)	true	ziaq8	暂无	自旧档汇入	2023-07-05T08:47:08+08:00
浦东·川沙	约(約)	[空]	iaq7(iᴀʔ⁵)	true	iaq7	暂无	自旧档汇入	2023-07-05T08:47:08+08:00
浦东·川沙	嫖(嫖)	[空]	biau2(biɔ²¹³)	true	biau2	暂无	自旧档汇入	2023-07-05T08:47:08+08:00
浦东·川沙	瓢(瓢)	[空]	biau2(biɔ²¹³)	true	biau2	暂无	自旧档汇入	2023-07-05T08:47:08+08:00
浦东·川沙	婊(婊)	[空]	piau1(ɓiɔ⁵³)	true	piau1	暂无	自旧档汇入	2023-07-05T08:47:08+08:00
浦东·川沙	彪(彪)	[空]	piau1(ɓiɔ⁵³)	true	piau1	暂无	自旧档汇入	2023-07-05T08:47:08+08:00
浦东·川沙	标(標)	[空]	piau1(ɓiɔ⁵³)	true	piau1	暂无	自旧档汇入	2023-07-05T08:47:08+08:00
浦东·川沙	膘(膘)	[空]	piau1(ɓiɔ⁵³)	true	piau1	暂无	自旧档汇入	2023-07-05T08:47:08+08:00
浦东·川沙	表(錶)	手~	piau1(ɓiɔ⁵³)	true	piau1	暂无	自旧档汇入	2023-07-05T08:47:08+08:00
浦东·川沙	□(□)	水~出来，急射	piau1(ɓiɔ⁵³)	true	piau1	暂无	自旧档汇入	2023-07-05T08:47:08+08:00
浦东·川沙	表(表)	[空]	piau3(ɓiɔ⁴⁴)	true	piau3	暂无	自旧档汇入	2023-07-05T08:47:08+08:00
浦东·川沙	裱(裱)	[空]	piau3(ɓiɔ⁴⁴)	true	piau3	暂无	自旧档汇入	2023-07-05T08:47:08+08:00
浦东·川沙	嚣(囂)	[空]	shiau1(ɕiɔ⁵³)	true	shiau1	暂无	自旧档汇入	2023-07-05T08:47:08+08:00
浦东·川沙	枵(枵)	[空]	shiau1(ɕiɔ⁵³)	true	shiau1	暂无	自旧档汇入	2023-07-05T08:47:08+08:00
浦东·川沙	□(□)	~开盖头，揭开	shiau1(ɕiɔ⁵³)	true	shiau1	暂无	自旧档汇入	2023-07-05T08:47:08+08:00
浦东·川沙	晓(曉)	[空]	shiau3(ɕiɔ⁴⁴)	true	shiau3	暂无	自旧档汇入	2023-07-05T08:47:08+08:00
浦东·川沙	哮(哮)	[空]	shiau5(ɕiɔ³⁵)	true	shiau5	暂无	自旧档汇入	2023-07-05T08:47:08+08:00
浦东·川沙	孝(孝)	[空]	shiau5(ɕiɔ³⁵)	true	shiau5	暂无	自旧档汇入	2023-07-05T08:47:08+08:00
浦东·川沙	酵(酵)	[空]	shiau5(ɕiɔ³⁵)	true	shiau5	暂无	自旧档汇入	2023-07-05T08:47:08+08:00
浦东·川沙	条(條)	[空]	diau2(diɔ²¹³)	true	diau2	暂无	自旧档汇入	2023-07-05T08:47:08+08:00
浦东·川沙	调(調)	~换	diau2(diɔ²¹³)	true	diau2	暂无	自旧档汇入	2023-07-05T08:47:08+08:00
浦东·川沙	跳(跳)	~脚，跺	diau2(diɔ²¹³)	true	diau2	暂无	自旧档汇入	2023-07-05T08:47:08+08:00
浦东·川沙	调(調)	音~	diau6(diɔ¹³)	true	diau6	暂无	自旧档汇入	2023-07-05T08:47:08+08:00
浦东·川沙	刁(刁)	[空]	tiau1(ɗiɔ⁵³)	true	tiau1	暂无	自旧档汇入	2023-07-05T08:47:08+08:00
浦东·川沙	貂(貂)	[空]	tiau1(ɗiɔ⁵³)	true	tiau1	暂无	自旧档汇入	2023-07-05T08:47:08+08:00
浦东·川沙	雕(雕)	[空]	tiau1(ɗiɔ⁵³)	true	tiau1	暂无	自旧档汇入	2023-07-05T08:47:08+08:00
浦东·川沙	鸟(鳥)	[空]	tiau3(ɗiɔ⁴⁴)	true	tiau3	暂无	自旧档汇入	2023-07-05T08:47:08+08:00
浦东·川沙	□(□)	~馄饨皮子，擀	tiau3(ɗiɔ⁴⁴)	true	tiau3	暂无	自旧档汇入	2023-07-05T08:47:08+08:00
浦东·川沙	□(□)	一~花，朵	tiau3(ɗiɔ⁴⁴)	true	tiau3	暂无	自旧档汇入	2023-07-05T08:47:08+08:00
浦东·川沙	吊(吊)	[空]	tiau5(ɗiɔ³⁵)	true	tiau5	暂无	自旧档汇入	2023-07-05T08:47:08+08:00
浦东·川沙	钓(釣)	[空]	tiau5(ɗiɔ³⁵)	true	tiau5	暂无	自旧档汇入	2023-07-05T08:47:08+08:00
浦东·川沙	侨(僑)	[空]	jiau2(dʑiɔ²¹³)	true	jiau2	暂无	自旧档汇入	2023-07-05T08:47:08+08:00
浦东·川沙	乔(喬)	[空]	jiau2(dʑiɔ²¹³)	true	jiau2	暂无	自旧档汇入	2023-07-05T08:47:08+08:00
浦东·川沙	桥(橋)	[空]	jiau2(dʑiɔ²¹³)	true	jiau2	暂无	自旧档汇入	2023-07-05T08:47:08+08:00
浦东·川沙	翘(翹)	木头~脱，变形	jiau2(dʑiɔ²¹³)	true	jiau2	暂无	自旧档汇入	2023-07-05T08:47:08+08:00
浦东·川沙	荞(蕎)	[空]	jiau2(dʑiɔ²¹³)	true	jiau2	暂无	自旧档汇入	2023-07-05T08:47:08+08:00
浦东·川沙	挢(撟)	~石头，撬	jiau6(dʑiɔ¹³)	true	jiau6	暂无	自旧档汇入	2023-07-05T08:47:08+08:00
浦东·川沙	轿(轎)	[空]	jiau6(dʑiɔ¹³)	true	jiau6	暂无	自旧档汇入	2023-07-05T08:47:08+08:00
浦东·川沙	尧(堯)	[空]	yau2(ɦiɔ²¹³)	true	yau2	暂无	自旧档汇入	2023-07-05T08:47:08+08:00
浦东·川沙	姚(姚)	[空]	yau2(ɦiɔ²¹³)	true	yau2	暂无	自旧档汇入	2023-07-05T08:47:08+08:00
浦东·川沙	摇(搖)	[空]	yau2(ɦiɔ²¹³)	true	yau2	暂无	自旧档汇入	2023-07-05T08:47:08+08:00
浦东·川沙	淆(淆)	[空]	yau2(ɦiɔ²¹³)	true	yau2	暂无	自旧档汇入	2023-07-05T08:47:08+08:00
浦东·川沙	窑(窯)	[空]	yau2(ɦiɔ²¹³)	true	yau2	暂无	自旧档汇入	2023-07-05T08:47:08+08:00
浦东·川沙	肴(肴)	[空]	yau2(ɦiɔ²¹³)	true	yau2	暂无	自旧档汇入	2023-07-05T08:47:08+08:00
浦东·川沙	谣(謠)	[空]	yau2(ɦiɔ²¹³)	true	yau2	暂无	自旧档汇入	2023-07-05T08:47:08+08:00
浦东·川沙	舀(舀)	~水	yau2(ɦiɔ²¹³)	true	yau2	暂无	自旧档汇入	2023-07-05T08:47:08+08:00
浦东·川沙	□(□)	门~起来，合上	yau4(ɦiɔ²¹³)	true	yau4	暂无	自旧档汇入	2023-07-05T08:47:08+08:00
浦东·川沙	效(效)	[空]	yau6(ɦiɔ¹³)	true	yau6	暂无	自旧档汇入	2023-07-05T08:47:08+08:00
浦东·川沙	校(校)	学~	yau6(ɦiɔ¹³)	true	yau6	暂无	自旧档汇入	2023-07-05T08:47:08+08:00
浦东·川沙	耀(耀)	[空]	yau6(ɦiɔ¹³)	true	yau6	暂无	自旧档汇入	2023-07-05T08:47:08+08:00
浦东·川沙	要(要)	[空]	yau6(ɦiɔ¹³)	true	yau6	暂无	自旧档汇入	2023-07-05T08:47:08+08:00
浦东·川沙	鹞(鷂)	[空]	yau6(ɦiɔ¹³)	true	yau6	暂无	自旧档汇入	2023-07-05T08:47:08+08:00
浦东·川沙	捞(撈)	[空]	liau1(liɔ⁵³)	true	liau1	暂无	自旧档汇入	2023-07-05T08:47:08+08:00
浦东·川沙	撩(撩)	[空]	liau1(liɔ⁵³)	true	liau1	暂无	自旧档汇入	2023-07-05T08:47:08+08:00
浦东·川沙	寥(寥)	[空]	liau2(liɔ²¹³)	true	liau2	暂无	自旧档汇入	2023-07-05T08:47:08+08:00
浦东·川沙	捞(撈)	[空]	liau2(liɔ²¹³)	true	liau2	暂无	自旧档汇入	2023-07-05T08:47:08+08:00
浦东·川沙	潦(潦)	~草	liau2(liɔ²¹³)	true	liau2	暂无	自旧档汇入	2023-07-05T08:47:08+08:00
浦东·川沙	燎(燎)	[空]	liau2(liɔ²¹³)	true	liau2	暂无	自旧档汇入	2023-07-05T08:47:08+08:00
浦东·川沙	聊(聊)	[空]	liau2(liɔ²¹³)	true	liau2	暂无	自旧档汇入	2023-07-05T08:47:08+08:00
浦东·川沙	辽(遼)	[空]	liau2(liɔ²¹³)	true	liau2	暂无	自旧档汇入	2023-07-05T08:47:08+08:00
浦东·川沙	了(了)	~结	liau2(liɔ²¹³)	true	liau2	暂无	自旧档汇入	2023-07-05T08:47:08+08:00
浦东·川沙	暸(暸)	[空]	liau2(liɔ²¹³)	true	liau2	暂无	自旧档汇入	2023-07-05T08:47:08+08:00
浦东·川沙	瞭(瞭)	[空]	liau2(liɔ²¹³)	true	liau2	暂无	自旧档汇入	2023-07-05T08:47:08+08:00
浦东·川沙	廖(廖)	[空]	liau6(liɔ¹³)	true	liau6	暂无	自旧档汇入	2023-07-05T08:47:08+08:00
浦东·川沙	料(料)	[空]	liau6(liɔ¹³)	true	liau6	暂无	自旧档汇入	2023-07-05T08:47:08+08:00
浦东·川沙	疗(療)	[空]	liau6(liɔ¹³)	true	liau6	暂无	自旧档汇入	2023-07-05T08:47:08+08:00
浦东·川沙	镣(鐐)	[空]	liau6(liɔ¹³)	true	liau6	暂无	自旧档汇入	2023-07-05T08:47:08+08:00
浦东·川沙	藐(藐)	[空]	miau1(miɔ⁵³)	true	miau1	暂无	自旧档汇入	2023-07-05T08:47:08+08:00
浦东·川沙	描(描)	[空]	miau2(miɔ²¹³)	true	miau2	暂无	自旧档汇入	2023-07-05T08:47:08+08:00
浦东·川沙	渺(渺)	[空]	miau2(miɔ²¹³)	true	miau2	暂无	自旧档汇入	2023-07-05T08:47:08+08:00
浦东·川沙	苗(苗)	[空]	miau2(miɔ²¹³)	true	miau2	暂无	自旧档汇入	2023-07-05T08:47:08+08:00
浦东·川沙	秒(秒)	[空]	miau2(miɔ²¹³)	true	miau2	暂无	自旧档汇入	2023-07-05T08:47:08+08:00
浦东·川沙	妙(妙)	[空]	miau6(miɔ¹³)	true	miau6	暂无	自旧档汇入	2023-07-05T08:47:08+08:00
浦东·川沙	庙(廟)	[空]	miau6(miɔ¹³)	true	miau6	暂无	自旧档汇入	2023-07-05T08:47:08+08:00
浦东·川沙	缪(繆)	姓	miau6(miɔ¹³)	true	miau6	暂无	自旧档汇入	2023-07-05T08:47:08+08:00
浦东·川沙	谬(謬)	[空]	miau6(miɔ¹³)	true	miau6	暂无	自旧档汇入	2023-07-05T08:47:08+08:00
浦东·川沙	绕(繞)	~勿清，纠缠	gniau2(ȵiɔ²¹³)	true	gniau2	暂无	自旧档汇入	2023-07-05T08:47:08+08:00
浦东·川沙	饶(饒)	[空]	gniau2(ȵiɔ²¹³)	true	gniau2	暂无	自旧档汇入	2023-07-05T08:47:08+08:00
浦东·川沙	鸟(鳥)	[空]	gniau3(ȵiɔ⁴⁴)	true	gniau3	暂无	自旧档汇入	2023-07-05T08:47:08+08:00
浦东·川沙	尿(尿)	~素	gniau6(ȵiɔ¹³)	true	gniau6	暂无	自旧档汇入	2023-07-05T08:47:08+08:00
浦东·川沙	绕(繞)	~纱	gniau6(ȵiɔ¹³)	true	gniau6	暂无	自旧档汇入	2023-07-05T08:47:08+08:00
浦东·川沙	漂(漂)	~浮	phiau1(pʰiɔ⁵³)	true	phiau1	暂无	自旧档汇入	2023-07-05T08:47:08+08:00
浦东·川沙	飘(飄)	[空]	phiau1(pʰiɔ⁵³)	true	phiau1	暂无	自旧档汇入	2023-07-05T08:47:08+08:00
浦东·川沙	漂(漂)	~白	phiau3(pʰiɔ⁴⁴)	true	phiau3	暂无	自旧档汇入	2023-07-05T08:47:08+08:00
浦东·川沙	票(票)	[空]	phiau5(pʰiɔ³⁵)	true	phiau5	暂无	自旧档汇入	2023-07-05T08:47:08+08:00
浦东·川沙	沙(沙)	[空]	siau1(siɔ⁵³)	true	siau1	暂无	自旧档汇入	2023-07-05T08:47:08+08:00
浦东·川沙	消(消)	[空]	siau1(siɔ⁵³)	true	siau1	暂无	自旧档汇入	2023-07-05T08:47:08+08:00
浦东·川沙	痧(痧)	[空]	siau1(siɔ⁵³)	true	siau1	暂无	自旧档汇入	2023-07-05T08:47:08+08:00
浦东·川沙	硝(硝)	[空]	siau1(siɔ⁵³)	true	siau1	暂无	自旧档汇入	2023-07-05T08:47:08+08:00
浦东·川沙	箫(簫)	[空]	siau1(siɔ⁵³)	true	siau1	暂无	自旧档汇入	2023-07-05T08:47:08+08:00
浦东·川沙	纱(紗)	[空]	siau1(siɔ⁵³)	true	siau1	暂无	自旧档汇入	2023-07-05T08:47:08+08:00
浦东·川沙	萧(蕭)	[空]	siau1(siɔ⁵³)	true	siau1	暂无	自旧档汇入	2023-07-05T08:47:08+08:00
浦东·川沙	赊(賒)	[空]	siau1(siɔ⁵³)	true	siau1	暂无	自旧档汇入	2023-07-05T08:47:08+08:00
浦东·川沙	逍(逍)	[空]	siau1(siɔ⁵³)	true	siau1	暂无	自旧档汇入	2023-07-05T08:47:08+08:00
浦东·川沙	销(銷)	[空]	siau1(siɔ⁵³)	true	siau1	暂无	自旧档汇入	2023-07-05T08:47:08+08:00
浦东·川沙	霄(霄)	[空]	siau1(siɔ⁵³)	true	siau1	暂无	自旧档汇入	2023-07-05T08:47:08+08:00
浦东·川沙	鞘(鞘)	刀~	siau1(siɔ⁵³)	true	siau1	暂无	自旧档汇入	2023-07-05T08:47:08+08:00
浦东·川沙	□(□)	~耳朵，搅	siau1(siɔ⁵³)	true	siau1	暂无	自旧档汇入	2023-07-05T08:47:08+08:00
浦东·川沙	十(十)	~五	siau3(siɔ⁴⁴)	true	siau3	暂无	自旧档汇入	2023-07-05T08:47:08+08:00
浦东·川沙	小(小)	[空]	siau3(siɔ⁴⁴)	true	siau3	暂无	自旧档汇入	2023-07-05T08:47:08+08:00
浦东·川沙	筱(筱)	[空]	siau3(siɔ⁴⁴)	true	siau3	暂无	自旧档汇入	2023-07-05T08:47:08+08:00
浦东·川沙	舍(舍)	~得	siau3(siɔ⁴⁴)	true	siau3	暂无	自旧档汇入	2023-07-05T08:47:08+08:00
浦东·川沙	晒(曬)	[空]	siau5(siɔ³⁵)	true	siau5	暂无	自旧档汇入	2023-07-05T08:47:08+08:00
浦东·川沙	笑(笑)	[空]	siau5(siɔ³⁵)	true	siau5	暂无	自旧档汇入	2023-07-05T08:47:08+08:00
浦东·川沙	舍(舍)	邻~	siau5(siɔ³⁵)	true	siau5	暂无	自旧档汇入	2023-07-05T08:47:08+08:00
浦东·川沙	赦(赦)	[空]	siau5(siɔ³⁵)	true	siau5	暂无	自旧档汇入	2023-07-05T08:47:08+08:00
浦东·川沙	交(交)	[空]	ciau1(tɕiɔ⁵³)	true	ciau1	暂无	自旧档汇入	2023-07-05T08:47:08+08:00
浦东·川沙	娇(嬌)	[空]	ciau1(tɕiɔ⁵³)	true	ciau1	暂无	自旧档汇入	2023-07-05T08:47:08+08:00
浦东·川沙	浇(澆)	[空]	ciau1(tɕiɔ⁵³)	true	ciau1	暂无	自旧档汇入	2023-07-05T08:47:08+08:00
浦东·川沙	狡(狡)	[空]	ciau1(tɕiɔ⁵³)	true	ciau1	暂无	自旧档汇入	2023-07-05T08:47:08+08:00
浦东·川沙	胶(膠)	[空]	ciau1(tɕiɔ⁵³)	true	ciau1	暂无	自旧档汇入	2023-07-05T08:47:08+08:00
浦东·川沙	郊(郊)	[空]	ciau1(tɕiɔ⁵³)	true	ciau1	暂无	自旧档汇入	2023-07-05T08:47:08+08:00
浦东·川沙	骄(驕)	[空]	ciau1(tɕiɔ⁵³)	true	ciau1	暂无	自旧档汇入	2023-07-05T08:47:08+08:00
浦东·川沙	侥(僥)	~幸	ciau3(tɕiɔ⁴⁴)	true	ciau3	暂无	自旧档汇入	2023-07-05T08:47:08+08:00
浦东·川沙	矫(矯)	[空]	ciau3(tɕiɔ⁴⁴)	true	ciau3	暂无	自旧档汇入	2023-07-05T08:47:08+08:00
浦东·川沙	绞(絞)	[空]	ciau3(tɕiɔ⁴⁴)	true	ciau3	暂无	自旧档汇入	2023-07-05T08:47:08+08:00
浦东·川沙	缴(繳)	[空]	ciau3(tɕiɔ⁴⁴)	true	ciau3	暂无	自旧档汇入	2023-07-05T08:47:08+08:00
浦东·川沙	叫(叫)	[空]	ciau5(tɕiɔ³⁵)	true	ciau5	暂无	自旧档汇入	2023-07-05T08:47:08+08:00
浦东·川沙	教(教)	~育	ciau5(tɕiɔ³⁵)	true	ciau5	暂无	自旧档汇入	2023-07-05T08:47:08+08:00
浦东·川沙	校(校)	~对	ciau5(tɕiɔ³⁵)	true	ciau5	暂无	自旧档汇入	2023-07-05T08:47:08+08:00
浦东·川沙	较(較)	[空]	ciau5(tɕiɔ³⁵)	true	ciau5	暂无	自旧档汇入	2023-07-05T08:47:08+08:00
浦东·川沙	敲(敲)	[空]	chiau1(tɕʰiɔ⁵³)	true	chiau1	暂无	自旧档汇入	2023-07-05T08:47:08+08:00
浦东·川沙	跷(蹺)	[空]	chiau1(tɕʰiɔ⁵³)	true	chiau1	暂无	自旧档汇入	2023-07-05T08:47:08+08:00
浦东·川沙	巧(巧)	[空]	chiau3(tɕʰiɔ⁴⁴)	true	chiau3	暂无	自旧档汇入	2023-07-05T08:47:08+08:00
浦东·川沙	窍(竅)	[空]	chiau3(tɕʰiɔ⁴⁴)	true	chiau3	暂无	自旧档汇入	2023-07-05T08:47:08+08:00
浦东·川沙	翘(翹)	[空]	chiau5(tɕʰiɔ³⁵)	true	chiau5	暂无	自旧档汇入	2023-07-05T08:47:08+08:00
浦东·川沙	挑(挑)	[空]	thiau1(tʰiɔ⁵³)	true	thiau1	暂无	自旧档汇入	2023-07-05T08:47:08+08:00
浦东·川沙	□(□)	~~伊，让他获利	thiau1(tʰiɔ⁵³)	true	thiau1	暂无	自旧档汇入	2023-07-05T08:47:08+08:00
浦东·川沙	粜(糶)	[空]	thiau5(tʰiɔ³⁵)	true	thiau5	暂无	自旧档汇入	2023-07-05T08:47:08+08:00
浦东·川沙	跳(跳)	[空]	thiau5(tʰiɔ³⁵)	true	thiau5	暂无	自旧档汇入	2023-07-05T08:47:08+08:00
浦东·川沙	查(查)	姓	tsiau1(tsiɔ⁵³)	true	tsiau1	暂无	自旧档汇入	2023-07-05T08:47:08+08:00
浦东·川沙	椒(椒)	[空]	tsiau1(tsiɔ⁵³)	true	tsiau1	暂无	自旧档汇入	2023-07-05T08:47:08+08:00
浦东·川沙	楂(楂)	[空]	tsiau1(tsiɔ⁵³)	true	tsiau1	暂无	自旧档汇入	2023-07-05T08:47:08+08:00
浦东·川沙	渣(渣)	[空]	tsiau1(tsiɔ⁵³)	true	tsiau1	暂无	自旧档汇入	2023-07-05T08:47:08+08:00
浦东·川沙	焦(焦)	[空]	tsiau1(tsiɔ⁵³)	true	tsiau1	暂无	自旧档汇入	2023-07-05T08:47:08+08:00
浦东·川沙	蕉(蕉)	[空]	tsiau1(tsiɔ⁵³)	true	tsiau1	暂无	自旧档汇入	2023-07-05T08:47:08+08:00
浦东·川沙	遮(遮)	[空]	tsiau1(tsiɔ⁵³)	true	tsiau1	暂无	自旧档汇入	2023-07-05T08:47:08+08:00
浦东·川沙	□(□)	~一把，抓	tsiau1(tsiɔ⁵³)	true	tsiau1	暂无	自旧档汇入	2023-07-05T08:47:08+08:00
浦东·川沙	榨(榨)	[空]	tsiau5(tsiɔ³⁵)	true	tsiau5	暂无	自旧档汇入	2023-07-05T08:47:08+08:00
浦东·川沙	炸(炸)	[空]	tsiau5(tsiɔ³⁵)	true	tsiau5	暂无	自旧档汇入	2023-07-05T08:47:08+08:00
浦东·川沙	蔗(蔗)	[空]	tsiau5(tsiɔ³⁵)	true	tsiau5	暂无	自旧档汇入	2023-07-05T08:47:08+08:00
浦东·川沙	诈(詐)	[空]	tsiau5(tsiɔ³⁵)	true	tsiau5	暂无	自旧档汇入	2023-07-05T08:47:08+08:00
浦东·川沙	醮(醮)	[空]	tsiau5(tsiɔ³⁵)	true	tsiau5	暂无	自旧档汇入	2023-07-05T08:47:08+08:00
浦东·川沙	叉(叉)	[空]	tshiau1(tsʰiɔ⁵³)	true	tshiau1	暂无	自旧档汇入	2023-07-05T08:47:08+08:00
浦东·川沙	差(差)	~勿多	tshiau1(tsʰiɔ⁵³)	true	tshiau1	暂无	自旧档汇入	2023-07-05T08:47:08+08:00
浦东·川沙	杈(杈)	[空]	tshiau1(tsʰiɔ⁵³)	true	tshiau1	暂无	自旧档汇入	2023-07-05T08:47:08+08:00
浦东·川沙	缲(繰)	~立，缲边，~起袖子	tshiau1(tsʰiɔ⁵³)	true	tshiau1	暂无	自旧档汇入	2023-07-05T08:47:08+08:00
浦东·川沙	车(車)	[空]	tshiau1(tsʰiɔ⁵³)	true	tshiau1	暂无	自旧档汇入	2023-07-05T08:47:08+08:00
浦东·川沙	错(錯)	~脱铜钿，交易中不慎把钱多给了对方	tshiau1(tsʰiɔ⁵³)	true	tshiau1	暂无	自旧档汇入	2023-07-05T08:47:08+08:00
浦东·川沙	俏(俏)	[空]	tshiau5(tsʰiɔ³⁵)	true	tshiau5	暂无	自旧档汇入	2023-07-05T08:47:08+08:00
浦东·川沙	岔(岔)	[空]	tshiau5(tsʰiɔ³⁵)	true	tshiau5	暂无	自旧档汇入	2023-07-05T08:47:08+08:00
浦东·川沙	帩(帩)	~紧绳，勒，抽（紧）	tshiau5(tsʰiɔ³⁵)	true	tshiau5	暂无	自旧档汇入	2023-07-05T08:47:08+08:00
浦东·川沙	□(□)	覅来~，捣乱	tshiau5(tsʰiɔ³⁵)	true	tshiau5	暂无	自旧档汇入	2023-07-05T08:47:08+08:00
浦东·川沙	畲(佘)	[空]	ziau2(ziɔ²¹³)	true	ziau2	暂无	自旧档汇入	2023-07-05T08:47:08+08:00
浦东·川沙	剿(剿)	[空]	ziau2(ziɔ²¹³)	true	ziau2	暂无	自旧档汇入	2023-07-05T08:47:08+08:00
浦东·川沙	巢(巢)	[空]	ziau2(ziɔ²¹³)	true	ziau2	暂无	自旧档汇入	2023-07-05T08:47:08+08:00
浦东·川沙	查(查)	调~	ziau2(ziɔ²¹³)	true	ziau2	暂无	自旧档汇入	2023-07-05T08:47:08+08:00
浦东·川沙	樵(樵)	[空]	ziau2(ziɔ²¹³)	true	ziau2	暂无	自旧档汇入	2023-07-05T08:47:08+08:00
浦东·川沙	蛇(蛇)	[空]	ziau2(ziɔ²¹³)	true	ziau2	暂无	自旧档汇入	2023-07-05T08:47:08+08:00
浦东·川沙	喏(喏)	唱~	ziau2(ziɔ²¹³)	true	ziau2	暂无	自旧档汇入	2023-07-05T08:47:08+08:00
浦东·川沙	社(社)	[空]	ziau2(ziɔ²¹³)	true	ziau2	暂无	自旧档汇入	2023-07-05T08:47:08+08:00
浦东·川沙	乍(乍)	[空]	ziau6(ziɔ¹³)	true	ziau6	暂无	自旧档汇入	2023-07-05T08:47:08+08:00
浦东·川沙	射(射)	[空]	ziau6(ziɔ¹³)	true	ziau6	暂无	自旧档汇入	2023-07-05T08:47:08+08:00
浦东·川沙	麝(麝)	[空]	ziau6(ziɔ¹³)	true	ziau6	暂无	自旧档汇入	2023-07-05T08:47:08+08:00
浦东·川沙	覅(覅)	【校】原文未标调？	viau6(βiɔ¹³)	true	viau6	暂无	自旧档汇入	2023-07-05T08:47:08+08:00
浦东·川沙	吆(吆)	五~喝六	iau1(iɔ⁵³)	true	iau1	暂无	自旧档汇入	2023-07-05T08:47:08+08:00
浦东·川沙	妖(妖)	[空]	iau1(iɔ⁵³)	true	iau1	暂无	自旧档汇入	2023-07-05T08:47:08+08:00
浦东·川沙	幺(幺)	~二三	iau1(iɔ⁵³)	true	iau1	暂无	自旧档汇入	2023-07-05T08:47:08+08:00
浦东·川沙	杳(杳)	[空]	iau1(iɔ⁵³)	true	iau1	暂无	自旧档汇入	2023-07-05T08:47:08+08:00
浦东·川沙	腰(腰)	[空]	iau1(iɔ⁵³)	true	iau1	暂无	自旧档汇入	2023-07-05T08:47:08+08:00
浦东·川沙	要(要)	~求	iau1(iɔ⁵³)	true	iau1	暂无	自旧档汇入	2023-07-05T08:47:08+08:00
浦东·川沙	邀(邀)	[空]	iau1(iɔ⁵³)	true	iau1	暂无	自旧档汇入	2023-07-05T08:47:08+08:00
浦东·川沙	闄(闄)	~纸头，折叠	iau1(iɔ⁵³)	true	iau1	暂无	自旧档汇入	2023-07-05T08:47:08+08:00
浦东·川沙	𢫭(𢫭)	~面，揉	gniaoq8(ȵiɔʔ²³)	true	gniaoq8	暂无	自旧档汇入	2023-07-05T08:47:08+08:00
浦东·川沙	咸(咸)	~丰	yae2(ɦiɛ²¹³)	true	yae2	暂无	自旧档汇入	2023-07-05T08:47:08+08:00
浦东·川沙	炎(炎)	[空]	yae2(ɦiɛ²¹³)	true	yae2	暂无	自旧档汇入	2023-07-05T08:47:08+08:00
浦东·川沙	艳(豔)	[空]	yae2(ɦiɛ²¹³)	true	yae2	暂无	自旧档汇入	2023-07-05T08:47:08+08:00
浦东·川沙	械(械)	[空]	yae6(ɦiɛ¹³)	true	yae6	暂无	自旧档汇入	2023-07-05T08:47:08+08:00
浦东·川沙	焰(焰)	[空]	yae6(ɦiɛ¹³)	true	yae6	暂无	自旧档汇入	2023-07-05T08:47:08+08:00
浦东·川沙	陷(陷)	[空]	yae6(ɦiɛ¹³)	true	yae6	暂无	自旧档汇入	2023-07-05T08:47:08+08:00
浦东·川沙	罱(罱)	~泥	gniae2(ȵiɛ²¹³)	true	gniae2	暂无	自旧档汇入	2023-07-05T08:47:08+08:00
浦东·川沙	廿(廿)	[空]	gniae6(ȵiɛ¹³)	true	gniae6	暂无	自旧档汇入	2023-07-05T08:47:08+08:00
浦东·川沙	念(念)	[空]	gniae6(ȵiɛ¹³)	true	gniae6	暂无	自旧档汇入	2023-07-05T08:47:08+08:00
浦东·川沙	奸(奸)	[空]	ciae1(tɕiɛ⁵³)	true	ciae1	暂无	自旧档汇入	2023-07-05T08:47:08+08:00
浦东·川沙	也(也)	[空]	iae1(iɛ⁵³)	true	iae1	暂无	自旧档汇入	2023-07-05T08:47:08+08:00
浦东·川沙	休(休)	[空]	shieu1(ɕiɤ⁵³)	true	shieu1	暂无	自旧档汇入	2023-07-05T08:47:08+08:00
浦东·川沙	朽(朽)	[空]	shieu3(ɕiɤ⁴⁴)	true	shieu3	暂无	自旧档汇入	2023-07-05T08:47:08+08:00
浦东·川沙	嗅(嗅)	[空]	shieu5(ɕiɤ³⁵)	true	shieu5	暂无	自旧档汇入	2023-07-05T08:47:08+08:00
浦东·川沙	丢(丟)	[空]	tieu1(ɗiɤ⁵³)	true	tieu1	暂无	自旧档汇入	2023-07-05T08:47:08+08:00
浦东·川沙	仇(仇)	姓	jieu2(dʑiɤ²¹³)	true	jieu2	暂无	自旧档汇入	2023-07-05T08:47:08+08:00
浦东·川沙	求(求)	[空]	jieu2(dʑiɤ²¹³)	true	jieu2	暂无	自旧档汇入	2023-07-05T08:47:08+08:00
浦东·川沙	球(球)	[空]	jieu2(dʑiɤ²¹³)	true	jieu2	暂无	自旧档汇入	2023-07-05T08:47:08+08:00
浦东·川沙	咎(咎)	休~	jieu2(dʑiɤ²¹³)	true	jieu2	暂无	自旧档汇入	2023-07-05T08:47:08+08:00
浦东·川沙	柏(柏)	[空]	jieu2(dʑiɤ²¹³)	true	jieu2	暂无	自旧档汇入	2023-07-05T08:47:08+08:00
浦东·川沙	臼(臼)	[空]	jieu2(dʑiɤ²¹³)	true	jieu2	暂无	自旧档汇入	2023-07-05T08:47:08+08:00
浦东·川沙	舅(舅)	[空]	jieu2(dʑiɤ²¹³)	true	jieu2	暂无	自旧档汇入	2023-07-05T08:47:08+08:00
浦东·川沙	柩(柩)	[空]	jieu6(dʑiɤ¹³)	true	jieu6	暂无	自旧档汇入	2023-07-05T08:47:08+08:00
浦东·川沙	旧(舊)	[空]	jieu6(dʑiɤ¹³)	true	jieu6	暂无	自旧档汇入	2023-07-05T08:47:08+08:00
浦东·川沙	尤(尤)	[空]	yeu2(ɦiɤ²¹³)	true	yeu2	暂无	自旧档汇入	2023-07-05T08:47:08+08:00
浦东·川沙	油(油)	[空]	yeu2(ɦiɤ²¹³)	true	yeu2	暂无	自旧档汇入	2023-07-05T08:47:08+08:00
浦东·川沙	游(游)	[空]	yeu2(ɦiɤ²¹³)	true	yeu2	暂无	自旧档汇入	2023-07-05T08:47:08+08:00
浦东·川沙	犹(猶)	[空]	yeu2(ɦiɤ²¹³)	true	yeu2	暂无	自旧档汇入	2023-07-05T08:47:08+08:00
浦东·川沙	由(由)	[空]	yeu2(ɦiɤ²¹³)	true	yeu2	暂无	自旧档汇入	2023-07-05T08:47:08+08:00
浦东·川沙	蚰(蚰)	水蜒~	yeu2(ɦiɤ²¹³)	true	yeu2	暂无	自旧档汇入	2023-07-05T08:47:08+08:00
浦东·川沙	游(遊)	[空]	yeu2(ɦiɤ²¹³)	true	yeu2	暂无	自旧档汇入	2023-07-05T08:47:08+08:00
浦东·川沙	邮(郵)	[空]	yeu2(ɦiɤ²¹³)	true	yeu2	暂无	自旧档汇入	2023-07-05T08:47:08+08:00
浦东·川沙	友(友)	[空]	yeu2(ɦiɤ²¹³)	true	yeu2	暂无	自旧档汇入	2023-07-05T08:47:08+08:00
浦东·川沙	有(有)	[空]	yeu2(ɦiɤ²¹³)	true	yeu2	暂无	自旧档汇入	2023-07-05T08:47:08+08:00
浦东·川沙	诱(誘)	[空]	yeu2(ɦiɤ²¹³)	true	yeu2	暂无	自旧档汇入	2023-07-05T08:47:08+08:00
浦东·川沙	酉(酉)	[空]	yeu2(ɦiɤ²¹³)	true	yeu2	暂无	自旧档汇入	2023-07-05T08:47:08+08:00
浦东·川沙	佑(佑)	[空]	yeu6(ɦiɤ¹³)	true	yeu6	暂无	自旧档汇入	2023-07-05T08:47:08+08:00
浦东·川沙	又(又)	[空]	yeu6(ɦiɤ¹³)	true	yeu6	暂无	自旧档汇入	2023-07-05T08:47:08+08:00
浦东·川沙	右(右)	[空]	yeu6(ɦiɤ¹³)	true	yeu6	暂无	自旧档汇入	2023-07-05T08:47:08+08:00
浦东·川沙	幼(幼)	[空]	yeu6(ɦiɤ¹³)	true	yeu6	暂无	自旧档汇入	2023-07-05T08:47:08+08:00
浦东·川沙	柚(柚)	[空]	yeu6(ɦiɤ¹³)	true	yeu6	暂无	自旧档汇入	2023-07-05T08:47:08+08:00
浦东·川沙	釉(釉)	[空]	yeu6(ɦiɤ¹³)	true	yeu6	暂无	自旧档汇入	2023-07-05T08:47:08+08:00
浦东·川沙	鼬(鼬)	[空]	yeu6(ɦiɤ¹³)	true	yeu6	暂无	自旧档汇入	2023-07-05T08:47:08+08:00
浦东·川沙	溜(溜)	[空]	lieu1(liɤ⁵³)	true	lieu1	暂无	自旧档汇入	2023-07-05T08:47:08+08:00
浦东·川沙	刘(劉)	[空]	lieu2(liɤ²¹³)	true	lieu2	暂无	自旧档汇入	2023-07-05T08:47:08+08:00
浦东·川沙	榴(榴)	[空]	lieu2(liɤ²¹³)	true	lieu2	暂无	自旧档汇入	2023-07-05T08:47:08+08:00
浦东·川沙	流(流)	[空]	lieu2(liɤ²¹³)	true	lieu2	暂无	自旧档汇入	2023-07-05T08:47:08+08:00
浦东·川沙	琉(琉)	[空]	lieu2(liɤ²¹³)	true	lieu2	暂无	自旧档汇入	2023-07-05T08:47:08+08:00
浦东·川沙	留(留)	[空]	lieu2(liɤ²¹³)	true	lieu2	暂无	自旧档汇入	2023-07-05T08:47:08+08:00
浦东·川沙	瘤(瘤)	肿~	lieu2(liɤ²¹³)	true	lieu2	暂无	自旧档汇入	2023-07-05T08:47:08+08:00
浦东·川沙	硫(硫)	[空]	lieu2(liɤ²¹³)	true	lieu2	暂无	自旧档汇入	2023-07-05T08:47:08+08:00
浦东·川沙	柳(柳)	[空]	lieu2(liɤ²¹³)	true	lieu2	暂无	自旧档汇入	2023-07-05T08:47:08+08:00
浦东·川沙	馏(餾)	[空]	lieu6(liɤ¹³)	true	lieu6	暂无	自旧档汇入	2023-07-05T08:47:08+08:00
浦东·川沙	扭(扭)	[空]	gnieu1(ȵiɤ⁵³)	true	gnieu1	暂无	自旧档汇入	2023-07-05T08:47:08+08:00
浦东·川沙	牛(牛)	[空]	gnieu2(ȵiɤ²¹³)	true	gnieu2	暂无	自旧档汇入	2023-07-05T08:47:08+08:00
浦东·川沙	纽(紐)	[空]	gnieu2(ȵiɤ²¹³)	true	gnieu2	暂无	自旧档汇入	2023-07-05T08:47:08+08:00
浦东·川沙	钮(鈕)	[空]	gnieu2(ȵiɤ²¹³)	true	gnieu2	暂无	自旧档汇入	2023-07-05T08:47:08+08:00
浦东·川沙	谬(謬)	[空]	gnieu6(ȵiɤ¹³)	true	gnieu6	暂无	自旧档汇入	2023-07-05T08:47:08+08:00
浦东·川沙	修(修)	[空]	sieu1(siɤ⁵³)	true	sieu1	暂无	自旧档汇入	2023-07-05T08:47:08+08:00
浦东·川沙	羞(羞)	[空]	sieu1(siɤ⁵³)	true	sieu1	暂无	自旧档汇入	2023-07-05T08:47:08+08:00
浦东·川沙	宿(宿)	星~	sieu5(siɤ³⁵)	true	sieu5	暂无	自旧档汇入	2023-07-05T08:47:08+08:00
浦东·川沙	秀(秀)	[空]	sieu5(siɤ³⁵)	true	sieu5	暂无	自旧档汇入	2023-07-05T08:47:08+08:00
浦东·川沙	绣(繡)	[空]	sieu5(siɤ³⁵)	true	sieu5	暂无	自旧档汇入	2023-07-05T08:47:08+08:00
浦东·川沙	锈(鏽)	[空]	sieu5(siɤ³⁵)	true	sieu5	暂无	自旧档汇入	2023-07-05T08:47:08+08:00
浦东·川沙	纠(糾)	[空]	cieu1(tɕiɤ⁵³)	true	cieu1	暂无	自旧档汇入	2023-07-05T08:47:08+08:00
浦东·川沙	赳(赳)	[空]	cieu1(tɕiɤ⁵³)	true	cieu1	暂无	自旧档汇入	2023-07-05T08:47:08+08:00
浦东·川沙	阄(鬮)	[空]	cieu1(tɕiɤ⁵³)	true	cieu1	暂无	自旧档汇入	2023-07-05T08:47:08+08:00
浦东·川沙	鸠(鳩)	[空]	cieu1(tɕiɤ⁵³)	true	cieu1	暂无	自旧档汇入	2023-07-05T08:47:08+08:00
浦东·川沙	久(久)	[空]	cieu3(tɕiɤ⁴⁴)	true	cieu3	暂无	自旧档汇入	2023-07-05T08:47:08+08:00
浦东·川沙	九(九)	[空]	cieu3(tɕiɤ⁴⁴)	true	cieu3	暂无	自旧档汇入	2023-07-05T08:47:08+08:00
浦东·川沙	灸(灸)	[空]	cieu3(tɕiɤ⁴⁴)	true	cieu3	暂无	自旧档汇入	2023-07-05T08:47:08+08:00
浦东·川沙	韭(韭)	[空]	cieu3(tɕiɤ⁴⁴)	true	cieu3	暂无	自旧档汇入	2023-07-05T08:47:08+08:00
浦东·川沙	救(救)	[空]	cieu5(tɕiɤ³⁵)	true	cieu5	暂无	自旧档汇入	2023-07-05T08:47:08+08:00
浦东·川沙	究(究)	[空]	cieu5(tɕiɤ³⁵)	true	cieu5	暂无	自旧档汇入	2023-07-05T08:47:08+08:00
浦东·川沙	丘(丘)	[空]	chieu1(tɕʰiɤ⁵³)	true	chieu1	暂无	自旧档汇入	2023-07-05T08:47:08+08:00
浦东·川沙	恘(恘)	坏	chieu1(tɕʰiɤ⁵³)	true	chieu1	暂无	自旧档汇入	2023-07-05T08:47:08+08:00
浦东·川沙	揪(揪)	~伊一把，抓	tsieu1(tsiɤ⁵³)	true	tsieu1	暂无	自旧档汇入	2023-07-05T08:47:08+08:00
浦东·川沙	酒(酒)	[空]	tsieu3(tsiɤ⁴⁴)	true	tsieu3	暂无	自旧档汇入	2023-07-05T08:47:08+08:00
浦东·川沙	皱(皺)	[空]	tsieu5(tsiɤ³⁵)	true	tsieu5	暂无	自旧档汇入	2023-07-05T08:47:08+08:00
浦东·川沙	绉(縐)	[空]	tsieu5(tsiɤ³⁵)	true	tsieu5	暂无	自旧档汇入	2023-07-05T08:47:08+08:00
浦东·川沙	揪(揪)	[空]	tshieu1(tsʰiɤ⁵³)	true	tshieu1	暂无	自旧档汇入	2023-07-05T08:47:08+08:00
浦东·川沙	秋(秋)	[空]	tshieu1(tsʰiɤ⁵³)	true	tshieu1	暂无	自旧档汇入	2023-07-05T08:47:08+08:00
浦东·川沙	锹(鍬)	[空]	tshieu1(tsʰiɤ⁵³)	true	tshieu1	暂无	自旧档汇入	2023-07-05T08:47:08+08:00
浦东·川沙	囚(囚)	[空]	zieu2(ziɤ²¹³)	true	zieu2	暂无	自旧档汇入	2023-07-05T08:47:08+08:00
浦东·川沙	泅(泅)	[空]	zieu2(ziɤ²¹³)	true	zieu2	暂无	自旧档汇入	2023-07-05T08:47:08+08:00
浦东·川沙	酋(酋)	[空]	zieu2(ziɤ²¹³)	true	zieu2	暂无	自旧档汇入	2023-07-05T08:47:08+08:00
浦东·川沙	就(就)	[空]	zieu6(ziɤ¹³)	true	zieu6	暂无	自旧档汇入	2023-07-05T08:47:08+08:00
浦东·川沙	袖(袖)	[空]	zieu6(ziɤ¹³)	true	zieu6	暂无	自旧档汇入	2023-07-05T08:47:08+08:00
浦东·川沙	优(優)	[空]	ieu1(iɤ⁵³)	true	ieu1	暂无	自旧档汇入	2023-07-05T08:47:08+08:00
浦东·川沙	幽(幽)	[空]	ieu1(iɤ⁵³)	true	ieu1	暂无	自旧档汇入	2023-07-05T08:47:08+08:00
浦东·川沙	悠(悠)	[空]	ieu1(iɤ⁵³)	true	ieu1	暂无	自旧档汇入	2023-07-05T08:47:08+08:00
浦东·川沙	忧(憂)	[空]	ieu1(iɤ⁵³)	true	ieu1	暂无	自旧档汇入	2023-07-05T08:47:08+08:00
浦东·川沙	攸(攸)	[空]	ieu1(iɤ⁵³)	true	ieu1	暂无	自旧档汇入	2023-07-05T08:47:08+08:00
浦东·川沙	别(別)	[空]	biq8(biɪʔ²³)	true	biq8	暂无	自旧档汇入	2023-07-05T08:47:08+08:00
浦东·川沙	弼(弼)	[空]	biq8(biɪʔ²³)	true	biq8	暂无	自旧档汇入	2023-07-05T08:47:08+08:00
浦东·川沙	枇(枇)	~杷	biq8(biɪʔ²³)	true	biq8	暂无	自旧档汇入	2023-07-05T08:47:08+08:00
浦东·川沙	鼻(鼻)	[空]	biq8(biɪʔ²³)	true	biq8	暂无	自旧档汇入	2023-07-05T08:47:08+08:00
浦东·川沙	壁(壁)	[空]	piq7(ɓiɪʔ⁵)	true	piq7	暂无	自旧档汇入	2023-07-05T08:47:08+08:00
浦东·川沙	必(必)	[空]	piq7(ɓiɪʔ⁵)	true	piq7	暂无	自旧档汇入	2023-07-05T08:47:08+08:00
浦东·川沙	憋(憋)	[空]	piq7(ɓiɪʔ⁵)	true	piq7	暂无	自旧档汇入	2023-07-05T08:47:08+08:00
浦东·川沙	滗(潷)	~干，沥去水	piq7(ɓiɪʔ⁵)	true	piq7	暂无	自旧档汇入	2023-07-05T08:47:08+08:00
浦东·川沙	璧(璧)	[空]	piq7(ɓiɪʔ⁵)	true	piq7	暂无	自旧档汇入	2023-07-05T08:47:08+08:00
浦东·川沙	毕(畢)	[空]	piq7(ɓiɪʔ⁵)	true	piq7	暂无	自旧档汇入	2023-07-05T08:47:08+08:00
浦东·川沙	瘪(癟)	[空]	piq7(ɓiɪʔ⁵)	true	piq7	暂无	自旧档汇入	2023-07-05T08:47:08+08:00
浦东·川沙	笔(筆)	[空]	piq7(ɓiɪʔ⁵)	true	piq7	暂无	自旧档汇入	2023-07-05T08:47:08+08:00
浦东·川沙	逼(逼)	[空]	piq7(ɓiɪʔ⁵)	true	piq7	暂无	自旧档汇入	2023-07-05T08:47:08+08:00
浦东·川沙	鳖(鱉)	[空]	piq7(ɓiɪʔ⁵)	true	piq7	暂无	自旧档汇入	2023-07-05T08:47:08+08:00
浦东·川沙	吸(吸)	[空]	shiq7(ɕiɪʔ⁵)	true	shiq7	暂无	自旧档汇入	2023-07-05T08:47:08+08:00
浦东·川沙	歇(歇)	[空]	shiq7(ɕiɪʔ⁵)	true	shiq7	暂无	自旧档汇入	2023-07-05T08:47:08+08:00
浦东·川沙	胁(脅)	[空]	shiq7(ɕiɪʔ⁵)	true	shiq7	暂无	自旧档汇入	2023-07-05T08:47:08+08:00
浦东·川沙	蝎(蠍)	[空]	shiq7(ɕiɪʔ⁵)	true	shiq7	暂无	自旧档汇入	2023-07-05T08:47:08+08:00
浦东·川沙	凸(凸)	~出	diq8(diɪʔ²³)	true	diq8	暂无	自旧档汇入	2023-07-05T08:47:08+08:00
浦东·川沙	敌(敵)	[空]	diq8(diɪʔ²³)	true	diq8	暂无	自旧档汇入	2023-07-05T08:47:08+08:00
浦东·川沙	牒(牒)	[空]	diq8(diɪʔ²³)	true	diq8	暂无	自旧档汇入	2023-07-05T08:47:08+08:00
浦东·川沙	狄(狄)	[空]	diq8(diɪʔ²³)	true	diq8	暂无	自旧档汇入	2023-07-05T08:47:08+08:00
浦东·川沙	碟(碟)	[空]	diq8(diɪʔ²³)	true	diq8	暂无	自旧档汇入	2023-07-05T08:47:08+08:00
浦东·川沙	笛(笛)	[空]	diq8(diɪʔ²³)	true	diq8	暂无	自旧档汇入	2023-07-05T08:47:08+08:00
浦东·川沙	籴(糴)	[空]	diq8(diɪʔ²³)	true	diq8	暂无	自旧档汇入	2023-07-05T08:47:08+08:00
浦东·川沙	蝶(蝶)	[空]	diq8(diɪʔ²³)	true	diq8	暂无	自旧档汇入	2023-07-05T08:47:08+08:00
浦东·川沙	谍(諜)	[空]	diq8(diɪʔ²³)	true	diq8	暂无	自旧档汇入	2023-07-05T08:47:08+08:00
浦东·川沙	嫡(嫡)	[空]	tiq7(ɗiɪʔ⁵)	true	tiq7	暂无	自旧档汇入	2023-07-05T08:47:08+08:00
浦东·川沙	摘(摘)	拧，掐：~脱头，~人	tiq7(ɗiɪʔ⁵)	true	tiq7	暂无	自旧档汇入	2023-07-05T08:47:08+08:00
浦东·川沙	滴(滴)	[空]	tiq7(ɗiɪʔ⁵)	true	tiq7	暂无	自旧档汇入	2023-07-05T08:47:08+08:00
浦东·川沙	的(的)	[空]	tiq7(ɗiɪʔ⁵)	true	tiq7	暂无	自旧档汇入	2023-07-05T08:47:08+08:00
浦东·川沙	跌(跌)	[空]	tiq7(ɗiɪʔ⁵)	true	tiq7	暂无	自旧档汇入	2023-07-05T08:47:08+08:00
浦东·川沙	杰(傑)	[空]	jiq8(dʑiɪʔ²³)	true	jiq8	暂无	自旧档汇入	2023-07-05T08:47:08+08:00
浦东·川沙	及(及)	[空]	jiq8(dʑiɪʔ²³)	true	jiq8	暂无	自旧档汇入	2023-07-05T08:47:08+08:00
浦东·川沙	叶(葉)	~子	yiq8(ɦiɪʔ²³)	true	yiq8	暂无	自旧档汇入	2023-07-05T08:47:08+08:00
浦东·川沙	逸(逸)	[空]	yiq8(ɦiɪʔ²³)	true	yiq8	暂无	自旧档汇入	2023-07-05T08:47:08+08:00
浦东·川沙	页(頁)	[空]	yiq8(ɦiɪʔ²³)	true	yiq8	暂无	自旧档汇入	2023-07-05T08:47:08+08:00
浦东·川沙	列(列)	[空]	liq8(liɪʔ²³)	true	liq8	暂无	自旧档汇入	2023-07-05T08:47:08+08:00
浦东·川沙	力(力)	[空]	liq8(liɪʔ²³)	true	liq8	暂无	自旧档汇入	2023-07-05T08:47:08+08:00
浦东·川沙	劣(劣)	[空]	liq8(liɪʔ²³)	true	liq8	暂无	自旧档汇入	2023-07-05T08:47:08+08:00
浦东·川沙	律(律)	[空]	liq8(liɪʔ²³)	true	liq8	暂无	自旧档汇入	2023-07-05T08:47:08+08:00
浦东·川沙	捩(捩)	[空]	liq8(liɪʔ²³)	true	liq8	暂无	自旧档汇入	2023-07-05T08:47:08+08:00
浦东·川沙	历(曆)	[空]	liq8(liɪʔ²³)	true	liq8	暂无	自旧档汇入	2023-07-05T08:47:08+08:00
浦东·川沙	栗(栗)	[空]	liq8(liɪʔ²³)	true	liq8	暂无	自旧档汇入	2023-07-05T08:47:08+08:00
浦东·川沙	沥(瀝)	~干	liq8(liɪʔ²³)	true	liq8	暂无	自旧档汇入	2023-07-05T08:47:08+08:00
浦东·川沙	烈(烈)	[空]	liq8(liɪʔ²³)	true	liq8	暂无	自旧档汇入	2023-07-05T08:47:08+08:00
浦东·川沙	猎(獵)	~狗	liq8(liɪʔ²³)	true	liq8	暂无	自旧档汇入	2023-07-05T08:47:08+08:00
浦东·川沙	率(率)	效~	liq8(liɪʔ²³)	true	liq8	暂无	自旧档汇入	2023-07-05T08:47:08+08:00
浦东·川沙	立(立)	[空]	liq8(liɪʔ²³)	true	liq8	暂无	自旧档汇入	2023-07-05T08:47:08+08:00
浦东·川沙	笠(笠)	[空]	liq8(liɪʔ²³)	true	liq8	暂无	自旧档汇入	2023-07-05T08:47:08+08:00
浦东·川沙	粒(粒)	[空]	liq8(liɪʔ²³)	true	liq8	暂无	自旧档汇入	2023-07-05T08:47:08+08:00
浦东·川沙	荔(荔)	~枝	liq8(liɪʔ²³)	true	liq8	暂无	自旧档汇入	2023-07-05T08:47:08+08:00
浦东·川沙	裂(裂)	[空]	liq8(liɪʔ²³)	true	liq8	暂无	自旧档汇入	2023-07-05T08:47:08+08:00
浦东·川沙	□(□)	~人，拧，扭	liq8(liɪʔ²³)	true	liq8	暂无	自旧档汇入	2023-07-05T08:47:08+08:00
浦东·川沙	密(密)	[空]	miq8(miɪʔ²³)	true	miq8	暂无	自旧档汇入	2023-07-05T08:47:08+08:00
浦东·川沙	搣(搣)	~螺丝，拧，旋	miq8(miɪʔ²³)	true	miq8	暂无	自旧档汇入	2023-07-05T08:47:08+08:00
浦东·川沙	灭(滅)	[空]	miq8(miɪʔ²³)	true	miq8	暂无	自旧档汇入	2023-07-05T08:47:08+08:00
浦东·川沙	篾(篾)	[空]	miq8(miɪʔ²³)	true	miq8	暂无	自旧档汇入	2023-07-05T08:47:08+08:00
浦东·川沙	蔑(蔑)	[空]	miq8(miɪʔ²³)	true	miq8	暂无	自旧档汇入	2023-07-05T08:47:08+08:00
浦东·川沙	蜜(蜜)	[空]	miq8(miɪʔ²³)	true	miq8	暂无	自旧档汇入	2023-07-05T08:47:08+08:00
浦东·川沙	觅(覓)	[空]	miq8(miɪʔ²³)	true	miq8	暂无	自旧档汇入	2023-07-05T08:47:08+08:00
浦东·川沙	孽(孽)	[空]	gniq8(ȵiɪʔ²³)	true	gniq8	暂无	自旧档汇入	2023-07-05T08:47:08+08:00
浦东·川沙	日(日)	白	gniq8(ȵiɪʔ²³)	true	gniq8	暂无	自旧档汇入	2023-07-05T08:47:08+08:00
浦东·川沙	业(業)	[空]	gniq8(ȵiɪʔ²³)	true	gniq8	暂无	自旧档汇入	2023-07-05T08:47:08+08:00
浦东·川沙	热(熱)	[空]	gniq8(ȵiɪʔ²³)	true	gniq8	暂无	自旧档汇入	2023-07-05T08:47:08+08:00
浦东·川沙	聂(聶)	[空]	gniq8(ȵiɪʔ²³)	true	gniq8	暂无	自旧档汇入	2023-07-05T08:47:08+08:00
浦东·川沙	镊(鑷)	[空]	gniq8(ȵiɪʔ²³)	true	gniq8	暂无	自旧档汇入	2023-07-05T08:47:08+08:00
浦东·川沙	僻(僻)	[空]	phiq7(pʰiɪʔ⁵)	true	phiq7	暂无	自旧档汇入	2023-07-05T08:47:08+08:00
浦东·川沙	劈(劈)	[空]	phiq7(pʰiɪʔ⁵)	true	phiq7	暂无	自旧档汇入	2023-07-05T08:47:08+08:00
浦东·川沙	匹(匹)	[空]	phiq7(pʰiɪʔ⁵)	true	phiq7	暂无	自旧档汇入	2023-07-05T08:47:08+08:00
浦东·川沙	撇(撇)	~沫	phiq7(pʰiɪʔ⁵)	true	phiq7	暂无	自旧档汇入	2023-07-05T08:47:08+08:00
浦东·川沙	辟(辟)	开~	phiq7(pʰiɪʔ⁵)	true	phiq7	暂无	自旧档汇入	2023-07-05T08:47:08+08:00
浦东·川沙	屑(屑)	[空]	siq7(siɪʔ⁵)	true	siq7	暂无	自旧档汇入	2023-07-05T08:47:08+08:00
浦东·川沙	恤(恤)	[空]	siq7(siɪʔ⁵)	true	siq7	暂无	自旧档汇入	2023-07-05T08:47:08+08:00
浦东·川沙	悉(悉)	[空]	siq7(siɪʔ⁵)	true	siq7	暂无	自旧档汇入	2023-07-05T08:47:08+08:00
浦东·川沙	惜(惜)	[空]	siq7(siɪʔ⁵)	true	siq7	暂无	自旧档汇入	2023-07-05T08:47:08+08:00
浦东·川沙	戊(戊)	[空]	siq7(siɪʔ⁵)	true	siq7	暂无	自旧档汇入	2023-07-05T08:47:08+08:00
浦东·川沙	昔(昔)	[空]	siq7(siɪʔ⁵)	true	siq7	暂无	自旧档汇入	2023-07-05T08:47:08+08:00
浦东·川沙	析(析)	[空]	siq7(siɪʔ⁵)	true	siq7	暂无	自旧档汇入	2023-07-05T08:47:08+08:00
浦东·川沙	泄(泄)	[空]	siq7(siɪʔ⁵)	true	siq7	暂无	自旧档汇入	2023-07-05T08:47:08+08:00
浦东·川沙	玺(璽)	玉~印	siq7(siɪʔ⁵)	true	siq7	暂无	自旧档汇入	2023-07-05T08:47:08+08:00
浦东·川沙	薛(薛)	[空]	siq7(siɪʔ⁵)	true	siq7	暂无	自旧档汇入	2023-07-05T08:47:08+08:00
浦东·川沙	锡(錫)	[空]	siq7(siɪʔ⁵)	true	siq7	暂无	自旧档汇入	2023-07-05T08:47:08+08:00
浦东·川沙	雪(雪)	[空]	siq7(siɪʔ⁵)	true	siq7	暂无	自旧档汇入	2023-07-05T08:47:08+08:00
浦东·川沙	髓(髓)	骨~	siq7(siɪʔ⁵)	true	siq7	暂无	自旧档汇入	2023-07-05T08:47:08+08:00
浦东·川沙	劫(劫)	[空]	ciq7(tɕiɪʔ⁵)	true	ciq7	暂无	自旧档汇入	2023-07-05T08:47:08+08:00
浦东·川沙	吉(吉)	[空]	ciq7(tɕiɪʔ⁵)	true	ciq7	暂无	自旧档汇入	2023-07-05T08:47:08+08:00
浦东·川沙	急(急)	[空]	ciq7(tɕiɪʔ⁵)	true	ciq7	暂无	自旧档汇入	2023-07-05T08:47:08+08:00
浦东·川沙	挟(挾)	~菜	ciq7(tɕiɪʔ⁵)	true	ciq7	暂无	自旧档汇入	2023-07-05T08:47:08+08:00
浦东·川沙	揭(揭)	[空]	ciq7(tɕiɪʔ⁵)	true	ciq7	暂无	自旧档汇入	2023-07-05T08:47:08+08:00
浦东·川沙	洁(潔)	[空]	ciq7(tɕiɪʔ⁵)	true	ciq7	暂无	自旧档汇入	2023-07-05T08:47:08+08:00
浦东·川沙	结(結)	[空]	ciq7(tɕiɪʔ⁵)	true	ciq7	暂无	自旧档汇入	2023-07-05T08:47:08+08:00
浦东·川沙	给(給)	[空]	ciq7(tɕiɪʔ⁵)	true	ciq7	暂无	自旧档汇入	2023-07-05T08:47:08+08:00
浦东·川沙	荚(莢)	毛豆~	ciq7(tɕiɪʔ⁵)	true	ciq7	暂无	自旧档汇入	2023-07-05T08:47:08+08:00
浦东·川沙	颊(頰)	面~骨（骨读[ku]）	ciq7(tɕiɪʔ⁵)	true	ciq7	暂无	自旧档汇入	2023-07-05T08:47:08+08:00
浦东·川沙	乞(乞)	[空]	chiq7(tɕʰiɪʔ⁵)	true	chiq7	暂无	自旧档汇入	2023-07-05T08:47:08+08:00
浦东·川沙	泣(泣)	[空]	chiq7(tɕʰiɪʔ⁵)	true	chiq7	暂无	自旧档汇入	2023-07-05T08:47:08+08:00
浦东·川沙	讫(訖)	[空]	chiq7(tɕʰiɪʔ⁵)	true	chiq7	暂无	自旧档汇入	2023-07-05T08:47:08+08:00
浦东·川沙	剔(剔)	[空]	thiq7(tʰiɪʔ⁵)	true	thiq7	暂无	自旧档汇入	2023-07-05T08:47:08+08:00
浦东·川沙	帖(帖)	[空]	thiq7(tʰiɪʔ⁵)	true	thiq7	暂无	自旧档汇入	2023-07-05T08:47:08+08:00
浦东·川沙	梯(梯)	扶~	thiq7(tʰiɪʔ⁵)	true	thiq7	暂无	自旧档汇入	2023-07-05T08:47:08+08:00
浦东·川沙	贴(貼)	[空]	thiq7(tʰiɪʔ⁵)	true	thiq7	暂无	自旧档汇入	2023-07-05T08:47:08+08:00
浦东·川沙	踢(踢)	[空]	thiq7(tʰiɪʔ⁵)	true	thiq7	暂无	自旧档汇入	2023-07-05T08:47:08+08:00
浦东·川沙	铁(鐵)	[空]	thiq7(tʰiɪʔ⁵)	true	thiq7	暂无	自旧档汇入	2023-07-05T08:47:08+08:00
浦东·川沙	即(即)	[空]	tsiq7(tsiɪʔ⁵)	true	tsiq7	暂无	自旧档汇入	2023-07-05T08:47:08+08:00
浦东·川沙	接(接)	[空]	tsiq7(tsiɪʔ⁵)	true	tsiq7	暂无	自旧档汇入	2023-07-05T08:47:08+08:00
浦东·川沙	疖(癤)	[空]	tsiq7(tsiɪʔ⁵)	true	tsiq7	暂无	自旧档汇入	2023-07-05T08:47:08+08:00
浦东·川沙	积(積)	[空]	tsiq7(tsiɪʔ⁵)	true	tsiq7	暂无	自旧档汇入	2023-07-05T08:47:08+08:00
浦东·川沙	节(節)	[空]	tsiq7(tsiɪʔ⁵)	true	tsiq7	暂无	自旧档汇入	2023-07-05T08:47:08+08:00
浦东·川沙	绩(績)	[空]	tsiq7(tsiɪʔ⁵)	true	tsiq7	暂无	自旧档汇入	2023-07-05T08:47:08+08:00
浦东·川沙	脊(脊)	[空]	tsiq7(tsiɪʔ⁵)	true	tsiq7	暂无	自旧档汇入	2023-07-05T08:47:08+08:00
浦东·川沙	迹(跡)	[空]	tsiq7(tsiɪʔ⁵)	true	tsiq7	暂无	自旧档汇入	2023-07-05T08:47:08+08:00
浦东·川沙	鲫(鯽)	[空]	tsiq7(tsiɪʔ⁵)	true	tsiq7	暂无	自旧档汇入	2023-07-05T08:47:08+08:00
浦东·川沙	七(七)	[空]	tshiq7(tsʰiɪʔ⁵)	true	tshiq7	暂无	自旧档汇入	2023-07-05T08:47:08+08:00
浦东·川沙	切(切)	[空]	tshiq7(tsʰiɪʔ⁵)	true	tshiq7	暂无	自旧档汇入	2023-07-05T08:47:08+08:00
浦东·川沙	妾(妾)	[空]	tshiq7(tsʰiɪʔ⁵)	true	tshiq7	暂无	自旧档汇入	2023-07-05T08:47:08+08:00
浦东·川沙	戚(戚)	[空]	tshiq7(tsʰiɪʔ⁵)	true	tshiq7	暂无	自旧档汇入	2023-07-05T08:47:08+08:00
浦东·川沙	缉(緝)	[空]	tshiq7(tsʰiɪʔ⁵)	true	tshiq7	暂无	自旧档汇入	2023-07-05T08:47:08+08:00
浦东·川沙	辑(輯)	[空]	tshiq7(tsʰiɪʔ⁵)	true	tshiq7	暂无	自旧档汇入	2023-07-05T08:47:08+08:00
浦东·川沙	□(□)	~紧，~杀脱，抽，勒	tshiq7(tsʰiɪʔ⁵)	true	tshiq7	暂无	自旧档汇入	2023-07-05T08:47:08+08:00
浦东·川沙	夕(夕)	[空]	ziq8(ziɪʔ²³)	true	ziq8	暂无	自旧档汇入	2023-07-05T08:47:08+08:00
浦东·川沙	寂(寂)	[空]	ziq8(ziɪʔ²³)	true	ziq8	暂无	自旧档汇入	2023-07-05T08:47:08+08:00
浦东·川沙	席(席)	[空]	ziq8(ziɪʔ²³)	true	ziq8	暂无	自旧档汇入	2023-07-05T08:47:08+08:00
浦东·川沙	截(截)	[空]	ziq8(ziɪʔ²³)	true	ziq8	暂无	自旧档汇入	2023-07-05T08:47:08+08:00
浦东·川沙	拾(拾)	~起来	ziq8(ziɪʔ²³)	true	ziq8	暂无	自旧档汇入	2023-07-05T08:47:08+08:00
浦东·川沙	捷(捷)	[空]	ziq8(ziɪʔ²³)	true	ziq8	暂无	自旧档汇入	2023-07-05T08:47:08+08:00
浦东·川沙	疾(疾)	[空]	ziq8(ziɪʔ²³)	true	ziq8	暂无	自旧档汇入	2023-07-05T08:47:08+08:00
浦东·川沙	绝(絕)	[空]	ziq8(ziɪʔ²³)	true	ziq8	暂无	自旧档汇入	2023-07-05T08:47:08+08:00
浦东·川沙	习(習)	[空]	ziq8(ziɪʔ²³)	true	ziq8	暂无	自旧档汇入	2023-07-05T08:47:08+08:00
浦东·川沙	袭(襲)	[空]	ziq8(ziɪʔ²³)	true	ziq8	暂无	自旧档汇入	2023-07-05T08:47:08+08:00
浦东·川沙	集(集)	[空]	ziq8(ziɪʔ²³)	true	ziq8	暂无	自旧档汇入	2023-07-05T08:47:08+08:00
浦东·川沙	一(一)	[空]	iq7(iɪʔ⁵)	true	iq7	暂无	自旧档汇入	2023-07-05T08:47:08+08:00
浦东·川沙	乙(乙)	[空]	iq7(iɪʔ⁵)	true	iq7	暂无	自旧档汇入	2023-07-05T08:47:08+08:00
浦东·川沙	噎(噎)	[空]	iq7(iɪʔ⁵)	true	iq7	暂无	自旧档汇入	2023-07-05T08:47:08+08:00
浦东·川沙	揖(揖)	作~	iq7(iɪʔ⁵)	true	iq7	暂无	自旧档汇入	2023-07-05T08:47:08+08:00
浦东·川沙	坪(坪)	[空]	bin2(bin²¹³)	true	bin2	暂无	自旧档汇入	2023-07-05T08:47:08+08:00
浦东·川沙	屏(屏)	~风	bin2(bin²¹³)	true	bin2	暂无	自旧档汇入	2023-07-05T08:47:08+08:00
浦东·川沙	平(平)	[空]	bin2(bin²¹³)	true	bin2	暂无	自旧档汇入	2023-07-05T08:47:08+08:00
浦东·川沙	凭(憑)	[空]	bin2(bin²¹³)	true	bin2	暂无	自旧档汇入	2023-07-05T08:47:08+08:00
浦东·川沙	瓶(瓶)	[空]	bin2(bin²¹³)	true	bin2	暂无	自旧档汇入	2023-07-05T08:47:08+08:00
浦东·川沙	萍(萍)	[空]	bin2(bin²¹³)	true	bin2	暂无	自旧档汇入	2023-07-05T08:47:08+08:00
浦东·川沙	评(評)	[空]	bin2(bin²¹³)	true	bin2	暂无	自旧档汇入	2023-07-05T08:47:08+08:00
浦东·川沙	贫(貧)	[空]	bin2(bin²¹³)	true	bin2	暂无	自旧档汇入	2023-07-05T08:47:08+08:00
浦东·川沙	频(頻)	[空]	bin2(bin²¹³)	true	bin2	暂无	自旧档汇入	2023-07-05T08:47:08+08:00
浦东·川沙	并(並)	~排	bin2(bin²¹³)	true	bin2	暂无	自旧档汇入	2023-07-05T08:47:08+08:00
浦东·川沙	病(病)	[空]	bin6(bin¹³)	true	bin6	暂无	自旧档汇入	2023-07-05T08:47:08+08:00
浦东·川沙	兵(兵)	[空]	pin1(ɓin⁵³)	true	pin1	暂无	自旧档汇入	2023-07-05T08:47:08+08:00
浦东·川沙	冰(冰)	[空]	pin1(ɓin⁵³)	true	pin1	暂无	自旧档汇入	2023-07-05T08:47:08+08:00
浦东·川沙	彬(彬)	[空]	pin1(ɓin⁵³)	true	pin1	暂无	自旧档汇入	2023-07-05T08:47:08+08:00
浦东·川沙	斌(斌)	[空]	pin1(ɓin⁵³)	true	pin1	暂无	自旧档汇入	2023-07-05T08:47:08+08:00
浦东·川沙	槟(檳)	[空]	pin1(ɓin⁵³)	true	pin1	暂无	自旧档汇入	2023-07-05T08:47:08+08:00
浦东·川沙	殡(殯)	[空]	pin1(ɓin⁵³)	true	pin1	暂无	自旧档汇入	2023-07-05T08:47:08+08:00
浦东·川沙	滨(濱)	[空]	pin1(ɓin⁵³)	true	pin1	暂无	自旧档汇入	2023-07-05T08:47:08+08:00
浦东·川沙	宾(賓)	[空]	pin1(ɓin⁵³)	true	pin1	暂无	自旧档汇入	2023-07-05T08:47:08+08:00
浦东·川沙	鬓(鬢)	[空]	pin1(ɓin⁵³)	true	pin1	暂无	自旧档汇入	2023-07-05T08:47:08+08:00
浦东·川沙	禀(稟)	[空]	pin3(ɓin⁴⁴)	true	pin3	暂无	自旧档汇入	2023-07-05T08:47:08+08:00
浦东·川沙	饼(餅)	[空]	pin3(ɓin⁴⁴)	true	pin3	暂无	自旧档汇入	2023-07-05T08:47:08+08:00
浦东·川沙	丙(丙)	[空]	pin5(ɓin³⁵)	true	pin5	暂无	自旧档汇入	2023-07-05T08:47:08+08:00
浦东·川沙	并(併)	合~	pin5(ɓin³⁵)	true	pin5	暂无	自旧档汇入	2023-07-05T08:47:08+08:00
浦东·川沙	柄(柄)	[空]	pin5(ɓin³⁵)	true	pin5	暂无	自旧档汇入	2023-07-05T08:47:08+08:00
浦东·川沙	炳(炳)	[空]	pin5(ɓin³⁵)	true	pin5	暂无	自旧档汇入	2023-07-05T08:47:08+08:00
浦东·川沙	秉(秉)	[空]	pin5(ɓin³⁵)	true	pin5	暂无	自旧档汇入	2023-07-05T08:47:08+08:00
浦东·川沙	□(□)	~辰光，挨，相持	pin5(ɓin³⁵)	true	pin5	暂无	自旧档汇入	2023-07-05T08:47:08+08:00
浦东·川沙	欣(欣)	[空]	shin1(ɕin⁵³)	true	shin1	暂无	自旧档汇入	2023-07-05T08:47:08+08:00
浦东·川沙	馨(馨)	[空]	shin1(ɕin⁵³)	true	shin1	暂无	自旧档汇入	2023-07-05T08:47:08+08:00
浦东·川沙	亭(亭)	[空]	din2(din²¹³)	true	din2	暂无	自旧档汇入	2023-07-05T08:47:08+08:00
浦东·川沙	停(停)	[空]	din2(din²¹³)	true	din2	暂无	自旧档汇入	2023-07-05T08:47:08+08:00
浦东·川沙	庭(庭)	[空]	din2(din²¹³)	true	din2	暂无	自旧档汇入	2023-07-05T08:47:08+08:00
浦东·川沙	廷(廷)	[空]	din2(din²¹³)	true	din2	暂无	自旧档汇入	2023-07-05T08:47:08+08:00
浦东·川沙	蜓(蜓)	[空]	din2(din²¹³)	true	din2	暂无	自旧档汇入	2023-07-05T08:47:08+08:00
浦东·川沙	绽(綻)	[空]	din2(din²¹³)	true	din2	暂无	自旧档汇入	2023-07-05T08:47:08+08:00
浦东·川沙	定(定)	[空]	din6(din¹³)	true	din6	暂无	自旧档汇入	2023-07-05T08:47:08+08:00
浦东·川沙	丁(丁)	[空]	tin1(ɗin⁵³)	true	tin1	暂无	自旧档汇入	2023-07-05T08:47:08+08:00
浦东·川沙	叮(叮)	形容词，痒	tin1(ɗin⁵³)	true	tin1	暂无	自旧档汇入	2023-07-05T08:47:08+08:00
浦东·川沙	汀(汀)	水~	tin1(ɗin⁵³)	true	tin1	暂无	自旧档汇入	2023-07-05T08:47:08+08:00
浦东·川沙	疔(疔)	[空]	tin1(ɗin⁵³)	true	tin1	暂无	自旧档汇入	2023-07-05T08:47:08+08:00
浦东·川沙	盯(盯)	[空]	tin1(ɗin⁵³)	true	tin1	暂无	自旧档汇入	2023-07-05T08:47:08+08:00
浦东·川沙	钉(釘)	[空]	tin1(ɗin⁵³)	true	tin1	暂无	自旧档汇入	2023-07-05T08:47:08+08:00
浦东·川沙	顶(頂)	[空]	tin3(ɗin⁴⁴)	true	tin3	暂无	自旧档汇入	2023-07-05T08:47:08+08:00
浦东·川沙	鼎(鼎)	[空]	tin3(ɗin⁴⁴)	true	tin3	暂无	自旧档汇入	2023-07-05T08:47:08+08:00
浦东·川沙	濎(濎)	[空]	tin5(ɗin³⁵)	true	tin5	暂无	自旧档汇入	2023-07-05T08:47:08+08:00
浦东·川沙	订(訂)	[空]	tin5(ɗin³⁵)	true	tin5	暂无	自旧档汇入	2023-07-05T08:47:08+08:00
浦东·川沙	钉(釘)	[空]	tin5(ɗin³⁵)	true	tin5	暂无	自旧档汇入	2023-07-05T08:47:08+08:00
浦东·川沙	勤(勤)	[空]	jin2(dʑin²¹³)	true	jin2	暂无	自旧档汇入	2023-07-05T08:47:08+08:00
浦东·川沙	擒(擒)	[空]	jin2(dʑin²¹³)	true	jin2	暂无	自旧档汇入	2023-07-05T08:47:08+08:00
浦东·川沙	琴(琴)	[空]	jin2(dʑin²¹³)	true	jin2	暂无	自旧档汇入	2023-07-05T08:47:08+08:00
浦东·川沙	禽(禽)	[空]	jin2(dʑin²¹³)	true	jin2	暂无	自旧档汇入	2023-07-05T08:47:08+08:00
浦东·川沙	芹(芹)	药~	jin2(dʑin²¹³)	true	jin2	暂无	自旧档汇入	2023-07-05T08:47:08+08:00
浦东·川沙	近(近)	[空]	jin2(dʑin²¹³)	true	jin2	暂无	自旧档汇入	2023-07-05T08:47:08+08:00
浦东·川沙	劲(勁)	~道	jin6(dʑin¹³)	true	jin6	暂无	自旧档汇入	2023-07-05T08:47:08+08:00
浦东·川沙	寅(寅)	[空]	yin2(ɦin²¹³)	true	yin2	暂无	自旧档汇入	2023-07-05T08:47:08+08:00
浦东·川沙	淫(淫)	[空]	yin2(ɦin²¹³)	true	yin2	暂无	自旧档汇入	2023-07-05T08:47:08+08:00
浦东·川沙	尹(尹)	[空]	yin2(ɦin²¹³)	true	yin2	暂无	自旧档汇入	2023-07-05T08:47:08+08:00
浦东·川沙	引(引)	[空]	yin2(ɦin²¹³)	true	yin2	暂无	自旧档汇入	2023-07-05T08:47:08+08:00
浦东·川沙	铃(鈴)	[空]	lin1(lin⁵³)	true	lin1	暂无	自旧档汇入	2023-07-05T08:47:08+08:00
浦东·川沙	伶(伶)	[空]	lin2(lin²¹³)	true	lin2	暂无	自旧档汇入	2023-07-05T08:47:08+08:00
浦东·川沙	林(林)	[空]	lin2(lin²¹³)	true	lin2	暂无	自旧档汇入	2023-07-05T08:47:08+08:00
浦东·川沙	淋(淋)	[空]	lin2(lin²¹³)	true	lin2	暂无	自旧档汇入	2023-07-05T08:47:08+08:00
浦东·川沙	凌(淩)	[空]	lin2(lin²¹³)	true	lin2	暂无	自旧档汇入	2023-07-05T08:47:08+08:00
浦东·川沙	磷(磷)	[空]	lin2(lin²¹³)	true	lin2	暂无	自旧档汇入	2023-07-05T08:47:08+08:00
浦东·川沙	繗(繗)	~衣裳，缝	lin2(lin²¹³)	true	lin2	暂无	自旧档汇入	2023-07-05T08:47:08+08:00
浦东·川沙	临(臨)	[空]	lin2(lin²¹³)	true	lin2	暂无	自旧档汇入	2023-07-05T08:47:08+08:00
浦东·川沙	菱(菱)	[空]	lin2(lin²¹³)	true	lin2	暂无	自旧档汇入	2023-07-05T08:47:08+08:00
浦东·川沙	邻(鄰)	[空]	lin2(lin²¹³)	true	lin2	暂无	自旧档汇入	2023-07-05T08:47:08+08:00
浦东·川沙	铃(鈴)	[空]	lin2(lin²¹³)	true	lin2	暂无	自旧档汇入	2023-07-05T08:47:08+08:00
浦东·川沙	陵(陵)	[空]	lin2(lin²¹³)	true	lin2	暂无	自旧档汇入	2023-07-05T08:47:08+08:00
浦东·川沙	零(零)	[空]	lin2(lin²¹³)	true	lin2	暂无	自旧档汇入	2023-07-05T08:47:08+08:00
浦东·川沙	灵(靈)	[空]	lin2(lin²¹³)	true	lin2	暂无	自旧档汇入	2023-07-05T08:47:08+08:00
浦东·川沙	领(領)	[空]	lin2(lin²¹³)	true	lin2	暂无	自旧档汇入	2023-07-05T08:47:08+08:00
浦东·川沙	鳞(鱗)	[空]	lin2(lin²¹³)	true	lin2	暂无	自旧档汇入	2023-07-05T08:47:08+08:00
浦东·川沙	岭(嶺)	[空]	lin2(lin²¹³)	true	lin2	暂无	自旧档汇入	2023-07-05T08:47:08+08:00
浦东·川沙	领(領)	[空]	lin2(lin²¹³)	true	lin2	暂无	自旧档汇入	2023-07-05T08:47:08+08:00
浦东·川沙	令(令)	[空]	lin6(lin¹³)	true	lin6	暂无	自旧档汇入	2023-07-05T08:47:08+08:00
浦东·川沙	另(另)	[空]	lin6(lin¹³)	true	lin6	暂无	自旧档汇入	2023-07-05T08:47:08+08:00
浦东·川沙	吝(吝)	[空]	lin6(lin¹³)	true	lin6	暂无	自旧档汇入	2023-07-05T08:47:08+08:00
浦东·川沙	闰(閏)	[空]	lin6(lin¹³)	true	lin6	暂无	自旧档汇入	2023-07-05T08:47:08+08:00
浦东·川沙	鸣(鳴)	[空]	min1(min⁵³)	true	min1	暂无	自旧档汇入	2023-07-05T08:47:08+08:00
浦东·川沙	名(名)	[空]	min2(min²¹³)	true	min2	暂无	自旧档汇入	2023-07-05T08:47:08+08:00
浦东·川沙	明(明)	[空]	min2(min²¹³)	true	min2	暂无	自旧档汇入	2023-07-05T08:47:08+08:00
浦东·川沙	民(民)	[空]	min2(min²¹³)	true	min2	暂无	自旧档汇入	2023-07-05T08:47:08+08:00
浦东·川沙	铭(銘)	[空]	min2(min²¹³)	true	min2	暂无	自旧档汇入	2023-07-05T08:47:08+08:00
浦东·川沙	闽(閩)	[空]	min2(min²¹³)	true	min2	暂无	自旧档汇入	2023-07-05T08:47:08+08:00
浦东·川沙	悯(憫)	[空]	min2(min²¹³)	true	min2	暂无	自旧档汇入	2023-07-05T08:47:08+08:00
浦东·川沙	敏(敏)	[空]	min2(min²¹³)	true	min2	暂无	自旧档汇入	2023-07-05T08:47:08+08:00
浦东·川沙	皿(皿)	[空]	min2(min²¹³)	true	min2	暂无	自旧档汇入	2023-07-05T08:47:08+08:00
浦东·川沙	脗(脗)	~缝，合缝	min2(min²¹³)	true	min2	暂无	自旧档汇入	2023-07-05T08:47:08+08:00
浦东·川沙	闵(閔)	[空]	min2(min²¹³)	true	min2	暂无	自旧档汇入	2023-07-05T08:47:08+08:00
浦东·川沙	抿(抿)	~紧	min5(min³⁵)	true	min5	暂无	自旧档汇入	2023-07-05T08:47:08+08:00
浦东·川沙	命(命)	[空]	min6(min¹³)	true	min6	暂无	自旧档汇入	2023-07-05T08:47:08+08:00
浦东·川沙	人(人)	[空]	gnin2(ȵin²¹³)	true	gnin2	暂无	自旧档汇入	2023-07-05T08:47:08+08:00
浦东·川沙	仁(仁)	[空]	gnin2(ȵin²¹³)	true	gnin2	暂无	自旧档汇入	2023-07-05T08:47:08+08:00
浦东·川沙	凝(凝)	[空]	gnin2(ȵin²¹³)	true	gnin2	暂无	自旧档汇入	2023-07-05T08:47:08+08:00
浦东·川沙	吟(吟)	[空]	gnin2(ȵin²¹³)	true	gnin2	暂无	自旧档汇入	2023-07-05T08:47:08+08:00
浦东·川沙	宁(寧)	[空]	gnin2(ȵin²¹³)	true	gnin2	暂无	自旧档汇入	2023-07-05T08:47:08+08:00
浦东·川沙	银(銀)	[空]	gnin2(ȵin²¹³)	true	gnin2	暂无	自旧档汇入	2023-07-05T08:47:08+08:00
浦东·川沙	龈(齦)	牙~肉	gnin2(ȵin²¹³)	true	gnin2	暂无	自旧档汇入	2023-07-05T08:47:08+08:00
浦东·川沙	凝(凝)	粥~起，凝结	gnin6(ȵin¹³)	true	gnin6	暂无	自旧档汇入	2023-07-05T08:47:08+08:00
浦东·川沙	乒(乒)	[空]	phin1(pʰin⁵³)	true	phin1	暂无	自旧档汇入	2023-07-05T08:47:08+08:00
浦东·川沙	姘(姘)	[空]	phin1(pʰin⁵³)	true	phin1	暂无	自旧档汇入	2023-07-05T08:47:08+08:00
浦东·川沙	拼(拼)	[空]	phin1(pʰin⁵³)	true	phin1	暂无	自旧档汇入	2023-07-05T08:47:08+08:00
浦东·川沙	品(品)	[空]	phin3(pʰin⁴⁴)	true	phin3	暂无	自旧档汇入	2023-07-05T08:47:08+08:00
浦东·川沙	聘(聘)	[空]	phin3(pʰin⁴⁴)	true	phin3	暂无	自旧档汇入	2023-07-05T08:47:08+08:00
浦东·川沙	心(心)	[空]	sin1(sin⁵³)	true	sin1	暂无	自旧档汇入	2023-07-05T08:47:08+08:00
浦东·川沙	新(新)	[空]	sin1(sin⁵³)	true	sin1	暂无	自旧档汇入	2023-07-05T08:47:08+08:00
浦东·川沙	星(星)	[空]	sin1(sin⁵³)	true	sin1	暂无	自旧档汇入	2023-07-05T08:47:08+08:00
浦东·川沙	猩(猩)	[空]	sin1(sin⁵³)	true	sin1	暂无	自旧档汇入	2023-07-05T08:47:08+08:00
浦东·川沙	腥(腥)	[空]	sin1(sin⁵³)	true	sin1	暂无	自旧档汇入	2023-07-05T08:47:08+08:00
浦东·川沙	薪(薪)	[空]	sin1(sin⁵³)	true	sin1	暂无	自旧档汇入	2023-07-05T08:47:08+08:00
浦东·川沙	蜻(蜻)	~蜓	sin1(sin⁵³)	true	sin1	暂无	自旧档汇入	2023-07-05T08:47:08+08:00
浦东·川沙	辛(辛)	[空]	sin1(sin⁵³)	true	sin1	暂无	自旧档汇入	2023-07-05T08:47:08+08:00
浦东·川沙	省(省)	反~	sin3(sin⁴⁴)	true	sin3	暂无	自旧档汇入	2023-07-05T08:47:08+08:00
浦东·川沙	醒(醒)	[空]	sin3(sin⁴⁴)	true	sin3	暂无	自旧档汇入	2023-07-05T08:47:08+08:00
浦东·川沙	信(信)	[空]	sin5(sin³⁵)	true	sin5	暂无	自旧档汇入	2023-07-05T08:47:08+08:00
浦东·川沙	姓(姓)	[空]	sin5(sin³⁵)	true	sin5	暂无	自旧档汇入	2023-07-05T08:47:08+08:00
浦东·川沙	性(性)	[空]	sin5(sin³⁵)	true	sin5	暂无	自旧档汇入	2023-07-05T08:47:08+08:00
浦东·川沙	汛(汛)	[空]	sin5(sin³⁵)	true	sin5	暂无	自旧档汇入	2023-07-05T08:47:08+08:00
浦东·川沙	讯(訊)	[空]	sin5(sin³⁵)	true	sin5	暂无	自旧档汇入	2023-07-05T08:47:08+08:00
浦东·川沙	今(今)	[空]	cin1(tɕin⁵³)	true	cin1	暂无	自旧档汇入	2023-07-05T08:47:08+08:00
浦东·川沙	巾(巾)	[空]	cin1(tɕin⁵³)	true	cin1	暂无	自旧档汇入	2023-07-05T08:47:08+08:00
浦东·川沙	斤(斤)	[空]	cin1(tɕin⁵³)	true	cin1	暂无	自旧档汇入	2023-07-05T08:47:08+08:00
浦东·川沙	筋(筋)	[空]	cin1(tɕin⁵³)	true	cin1	暂无	自旧档汇入	2023-07-05T08:47:08+08:00
浦东·川沙	襟(襟)	连~	cin1(tɕin⁵³)	true	cin1	暂无	自旧档汇入	2023-07-05T08:47:08+08:00
浦东·川沙	金(金)	[空]	cin1(tɕin⁵³)	true	cin1	暂无	自旧档汇入	2023-07-05T08:47:08+08:00
浦东·川沙	紧(緊)	[空]	cin3(tɕin⁴⁴)	true	cin3	暂无	自旧档汇入	2023-07-05T08:47:08+08:00
浦东·川沙	谨(謹)	[空]	cin3(tɕin⁴⁴)	true	cin3	暂无	自旧档汇入	2023-07-05T08:47:08+08:00
浦东·川沙	锦(錦)	[空]	cin3(tɕin⁴⁴)	true	cin3	暂无	自旧档汇入	2023-07-05T08:47:08+08:00
浦东·川沙	仅(僅)	[空]	cin5(tɕin³⁵)	true	cin5	暂无	自旧档汇入	2023-07-05T08:47:08+08:00
浦东·川沙	禁(禁)	[空]	cin5(tɕin³⁵)	true	cin5	暂无	自旧档汇入	2023-07-05T08:47:08+08:00
浦东·川沙	钦(欽)	[空]	chin1(tɕʰin⁵³)	true	chin1	暂无	自旧档汇入	2023-07-05T08:47:08+08:00
浦东·川沙	揿(撳)	[空]	chin5(tɕʰin³⁵)	true	chin5	暂无	自旧档汇入	2023-07-05T08:47:08+08:00
浦东·川沙	厅(廳)	[空]	thin1(tʰin⁵³)	true	thin1	暂无	自旧档汇入	2023-07-05T08:47:08+08:00
浦东·川沙	汀(汀)	水门~，水泥	thin1(tʰin⁵³)	true	thin1	暂无	自旧档汇入	2023-07-05T08:47:08+08:00
浦东·川沙	听(聽)	[空]	thin1(tʰin⁵³)	true	thin1	暂无	自旧档汇入	2023-07-05T08:47:08+08:00
浦东·川沙	挺(挺)	[空]	thin3(tʰin⁴⁴)	true	thin3	暂无	自旧档汇入	2023-07-05T08:47:08+08:00
浦东·川沙	艇(艇)	[空]	thin3(tʰin⁴⁴)	true	thin3	暂无	自旧档汇入	2023-07-05T08:47:08+08:00
浦东·川沙	□(□)	剩下，留下	thin5(tʰin³⁵)	true	thin5	暂无	自旧档汇入	2023-07-05T08:47:08+08:00
浦东·川沙	晶(晶)	[空]	tsin1(tsin⁵³)	true	tsin1	暂无	自旧档汇入	2023-07-05T08:47:08+08:00
浦东·川沙	津(津)	[空]	tsin1(tsin⁵³)	true	tsin1	暂无	自旧档汇入	2023-07-05T08:47:08+08:00
浦东·川沙	睛(睛)	[空]	tsin1(tsin⁵³)	true	tsin1	暂无	自旧档汇入	2023-07-05T08:47:08+08:00
浦东·川沙	精(精)	[空]	tsin1(tsin⁵³)	true	tsin1	暂无	自旧档汇入	2023-07-05T08:47:08+08:00
浦东·川沙	井(井)	[空]	tsin3(tsin⁴⁴)	true	tsin3	暂无	自旧档汇入	2023-07-05T08:47:08+08:00
浦东·川沙	尽(盡)	~管，~侬吃	tsin3(tsin⁴⁴)	true	tsin3	暂无	自旧档汇入	2023-07-05T08:47:08+08:00
浦东·川沙	俊(俊)	[空]	tsin5(tsin³⁵)	true	tsin5	暂无	自旧档汇入	2023-07-05T08:47:08+08:00
浦东·川沙	晋(晉)	[空]	tsin5(tsin³⁵)	true	tsin5	暂无	自旧档汇入	2023-07-05T08:47:08+08:00
浦东·川沙	浸(浸)	[空]	tsin5(tsin³⁵)	true	tsin5	暂无	自旧档汇入	2023-07-05T08:47:08+08:00
浦东·川沙	竣(竣)	[空]	tsin5(tsin³⁵)	true	tsin5	暂无	自旧档汇入	2023-07-05T08:47:08+08:00
浦东·川沙	进(進)	[空]	tsin5(tsin³⁵)	true	tsin5	暂无	自旧档汇入	2023-07-05T08:47:08+08:00
浦东·川沙	骏(駿)	[空]	tsin5(tsin³⁵)	true	tsin5	暂无	自旧档汇入	2023-07-05T08:47:08+08:00
浦东·川沙	侵(侵)	[空]	tshin1(tsʰin⁵³)	true	tshin1	暂无	自旧档汇入	2023-07-05T08:47:08+08:00
浦东·川沙	清(清)	[空]	tshin1(tsʰin⁵³)	true	tshin1	暂无	自旧档汇入	2023-07-05T08:47:08+08:00
浦东·川沙	亲(親)	[空]	tshin1(tsʰin⁵³)	true	tshin1	暂无	自旧档汇入	2023-07-05T08:47:08+08:00
浦东·川沙	青(青)	[空]	tshin1(tsʰin⁵³)	true	tshin1	暂无	自旧档汇入	2023-07-05T08:47:08+08:00
浦东·川沙	寝(寢)	[空]	tshin3(tsʰin⁴⁴)	true	tshin3	暂无	自旧档汇入	2023-07-05T08:47:08+08:00
浦东·川沙	请(請)	[空]	tshin3(tsʰin⁴⁴)	true	tshin3	暂无	自旧档汇入	2023-07-05T08:47:08+08:00
浦东·川沙	寻(尋)	[空]	zin2(zin²¹³)	true	zin2	暂无	自旧档汇入	2023-07-05T08:47:08+08:00
浦东·川沙	巡(巡)	[空]	zin2(zin²¹³)	true	zin2	暂无	自旧档汇入	2023-07-05T08:47:08+08:00
浦东·川沙	循(循)	[空]	zin2(zin²¹³)	true	zin2	暂无	自旧档汇入	2023-07-05T08:47:08+08:00
浦东·川沙	情(情)	[空]	zin2(zin²¹³)	true	zin2	暂无	自旧档汇入	2023-07-05T08:47:08+08:00
浦东·川沙	旬(旬)	[空]	zin2(zin²¹³)	true	zin2	暂无	自旧档汇入	2023-07-05T08:47:08+08:00
浦东·川沙	晴(晴)	[空]	zin2(zin²¹³)	true	zin2	暂无	自旧档汇入	2023-07-05T08:47:08+08:00
浦东·川沙	秦(秦)	[空]	zin2(zin²¹³)	true	zin2	暂无	自旧档汇入	2023-07-05T08:47:08+08:00
浦东·川沙	饧(餳)	~糖，饴糖	zin2(zin²¹³)	true	zin2	暂无	自旧档汇入	2023-07-05T08:47:08+08:00
浦东·川沙	尽(盡)	[空]	zin2(zin²¹³)	true	zin2	暂无	自旧档汇入	2023-07-05T08:47:08+08:00
浦东·川沙	靖(靖)	[空]	zin2(zin²¹³)	true	zin2	暂无	自旧档汇入	2023-07-05T08:47:08+08:00
浦东·川沙	静(靜)	[空]	zin2(zin²¹³)	true	zin2	暂无	自旧档汇入	2023-07-05T08:47:08+08:00
浦东·川沙	殉(殉)	[空]	zin6(zin¹³)	true	zin6	暂无	自旧档汇入	2023-07-05T08:47:08+08:00
浦东·川沙	净(淨)	[空]	zin6(zin¹³)	true	zin6	暂无	自旧档汇入	2023-07-05T08:47:08+08:00
浦东·川沙	蕈(蕈)	香~	zin6(zin¹³)	true	zin6	暂无	自旧档汇入	2023-07-05T08:47:08+08:00
浦东·川沙	因(因)	[空]	in1(in⁵³)	true	in1	暂无	自旧档汇入	2023-07-05T08:47:08+08:00
浦东·川沙	姻(姻)	[空]	in1(in⁵³)	true	in1	暂无	自旧档汇入	2023-07-05T08:47:08+08:00
浦东·川沙	殷(殷)	[空]	in1(in⁵³)	true	in1	暂无	自旧档汇入	2023-07-05T08:47:08+08:00
浦东·川沙	阴(陰)	[空]	in1(in⁵³)	true	in1	暂无	自旧档汇入	2023-07-05T08:47:08+08:00
浦东·川沙	音(音)	[空]	in1(in⁵³)	true	in1	暂无	自旧档汇入	2023-07-05T08:47:08+08:00
浦东·川沙	隐(隱)	[空]	in3(in⁴⁴)	true	in3	暂无	自旧档汇入	2023-07-05T08:47:08+08:00
浦东·川沙	□(□)	火~脱，熄	in3(in⁴⁴)	true	in3	暂无	自旧档汇入	2023-07-05T08:47:08+08:00
浦东·川沙	印(印)	[空]	in5(in³⁵)	true	in5	暂无	自旧档汇入	2023-07-05T08:47:08+08:00
浦东·川沙	瀴(瀴)	水~，凉、冷	in5(in³⁵)	true	in5	暂无	自旧档汇入	2023-07-05T08:47:08+08:00
浦东·川沙	窨(窨)	[空]	in5(in³⁵)	true	in5	暂无	自旧档汇入	2023-07-05T08:47:08+08:00
浦东·川沙	荫(蔭)	[空]	in5(in³⁵)	true	in5	暂无	自旧档汇入	2023-07-05T08:47:08+08:00
浦东·川沙	饮(飲)	[空]	in5(in³⁵)	true	in5	暂无	自旧档汇入	2023-07-05T08:47:08+08:00
浦东·川沙	□(□)	水~，凉、冷	in5(in³⁵)	true	in5	暂无	自旧档汇入	2023-07-05T08:47:08+08:00
浦东·川沙	兄(兄)	[空]	shion1(ɕioŋ⁵³)	true	shion1	暂无	自旧档汇入	2023-07-05T08:47:08+08:00
浦东·川沙	凶(凶)	[空]	shion1(ɕioŋ⁵³)	true	shion1	暂无	自旧档汇入	2023-07-05T08:47:08+08:00
浦东·川沙	胸(胸)	[空]	shion1(ɕioŋ⁵³)	true	shion1	暂无	自旧档汇入	2023-07-05T08:47:08+08:00
浦东·川沙	琼(瓊)	[空]	jion2(dʑioŋ²¹³)	true	jion2	暂无	自旧档汇入	2023-07-05T08:47:08+08:00
浦东·川沙	穷(窮)	[空]	jion2(dʑioŋ²¹³)	true	jion2	暂无	自旧档汇入	2023-07-05T08:47:08+08:00
浦东·川沙	茔(塋)	[空]	yon2(ɦioŋ²¹³)	true	yon2	暂无	自旧档汇入	2023-07-05T08:47:08+08:00
浦东·川沙	容(容)	[空]	yon2(ɦioŋ²¹³)	true	yon2	暂无	自旧档汇入	2023-07-05T08:47:08+08:00
浦东·川沙	庸(庸)	[空]	yon2(ɦioŋ²¹³)	true	yon2	暂无	自旧档汇入	2023-07-05T08:47:08+08:00
浦东·川沙	荣(榮)	[空]	yon2(ɦioŋ²¹³)	true	yon2	暂无	自旧档汇入	2023-07-05T08:47:08+08:00
浦东·川沙	溶(溶)	[空]	yon2(ɦioŋ²¹³)	true	yon2	暂无	自旧档汇入	2023-07-05T08:47:08+08:00
浦东·川沙	荥(滎)	[空]	yon2(ɦioŋ²¹³)	true	yon2	暂无	自旧档汇入	2023-07-05T08:47:08+08:00
浦东·川沙	熊(熊)	[空]	yon2(ɦioŋ²¹³)	true	yon2	暂无	自旧档汇入	2023-07-05T08:47:08+08:00
浦东·川沙	营(營)	小~房，地名	yon2(ɦioŋ²¹³)	true	yon2	暂无	自旧档汇入	2023-07-05T08:47:08+08:00
浦东·川沙	莹(瑩)	[空]	yon2(ɦioŋ²¹³)	true	yon2	暂无	自旧档汇入	2023-07-05T08:47:08+08:00
浦东·川沙	痛(痛)	[空]	yon2(ɦioŋ²¹³)	true	yon2	暂无	自旧档汇入	2023-07-05T08:47:08+08:00
浦东·川沙	蓉(蓉)	[空]	yon2(ɦioŋ²¹³)	true	yon2	暂无	自旧档汇入	2023-07-05T08:47:08+08:00
浦东·川沙	融(融)	[空]	yon2(ɦioŋ²¹³)	true	yon2	暂无	自旧档汇入	2023-07-05T08:47:08+08:00
浦东·川沙	萤(螢)	[空]	yon2(ɦioŋ²¹³)	true	yon2	暂无	自旧档汇入	2023-07-05T08:47:08+08:00
浦东·川沙	雄(雄)	[空]	yon2(ɦioŋ²¹³)	true	yon2	暂无	自旧档汇入	2023-07-05T08:47:08+08:00
浦东·川沙	佣(傭)	[空]	yon6(ɦioŋ¹³)	true	yon6	暂无	自旧档汇入	2023-07-05T08:47:08+08:00
浦东·川沙	用(用)	[空]	yon6(ɦioŋ¹³)	true	yon6	暂无	自旧档汇入	2023-07-05T08:47:08+08:00
浦东·川沙	浓(濃)	[空]	gnion2(ȵioŋ²¹³)	true	gnion2	暂无	自旧档汇入	2023-07-05T08:47:08+08:00
浦东·川沙	绒(絨)	[空]	gnion2(ȵioŋ²¹³)	true	gnion2	暂无	自旧档汇入	2023-07-05T08:47:08+08:00
浦东·川沙	弓(弓)	弹棉花的弓	cion1(tɕioŋ⁵³)	true	cion1	暂无	自旧档汇入	2023-07-05T08:47:08+08:00
浦东·川沙	龚(龔)	[空]	cion1(tɕioŋ⁵³)	true	cion1	暂无	自旧档汇入	2023-07-05T08:47:08+08:00
浦东·川沙	迥(迥)	[空]	cion3(tɕioŋ⁴⁴)	true	cion3	暂无	自旧档汇入	2023-07-05T08:47:08+08:00
浦东·川沙	穹(穹)	[空]	chion1(tɕʰioŋ⁵³)	true	chion1	暂无	自旧档汇入	2023-07-05T08:47:08+08:00
浦东·川沙	菌(菌)	[空]	chion1(tɕʰioŋ⁵³)	true	chion1	暂无	自旧档汇入	2023-07-05T08:47:08+08:00
浦东·川沙	勇(勇)	[空]	ion3(ioŋ⁴⁴)	true	ion3	暂无	自旧档汇入	2023-07-05T08:47:08+08:00
浦东·川沙	南(南)	[空]	ion3(ioŋ⁴⁴)	true	ion3	暂无	自旧档汇入	2023-07-05T08:47:08+08:00
浦东·川沙	娟(娟)	[空]	ion3(ioŋ⁴⁴)	true	ion3	暂无	自旧档汇入	2023-07-05T08:47:08+08:00
浦东·川沙	拥(擁)	[空]	ion3(ioŋ⁴⁴)	true	ion3	暂无	自旧档汇入	2023-07-05T08:47:08+08:00
浦东·川沙	永(永)	[空]	ion3(ioŋ⁴⁴)	true	ion3	暂无	自旧档汇入	2023-07-05T08:47:08+08:00
浦东·川沙	泳(泳)	[空]	ion3(ioŋ⁴⁴)	true	ion3	暂无	自旧档汇入	2023-07-05T08:47:08+08:00
浦东·川沙	涌(湧)	[空]	ion3(ioŋ⁴⁴)	true	ion3	暂无	自旧档汇入	2023-07-05T08:47:08+08:00
浦东·川沙	咏(詠)	[空]	ion3(ioŋ⁴⁴)	true	ion3	暂无	自旧档汇入	2023-07-05T08:47:08+08:00
浦东·川沙	雍(雍)	[空]	ion3(ioŋ⁴⁴)	true	ion3	暂无	自旧档汇入	2023-07-05T08:47:08+08:00
浦东·川沙	畜(畜)	~牧	shioq7(ɕioʔ⁵)	true	shioq7	暂无	自旧档汇入	2023-07-05T08:47:08+08:00
浦东·川沙	蓄(蓄)	[空]	shioq7(ɕioʔ⁵)	true	shioq7	暂无	自旧档汇入	2023-07-05T08:47:08+08:00
浦东·川沙	局(局)	[空]	jioq8(dʑioʔ²³)	true	jioq8	暂无	自旧档汇入	2023-07-05T08:47:08+08:00
浦东·川沙	轴(軸)	[空]	jioq8(dʑioʔ²³)	true	jioq8	暂无	自旧档汇入	2023-07-05T08:47:08+08:00
浦东·川沙	逐(逐)	[空]	jioq8(dʑioʔ²³)	true	jioq8	暂无	自旧档汇入	2023-07-05T08:47:08+08:00
浦东·川沙	域(域)	[空]	yoq8(ɦioʔ²³)	true	yoq8	暂无	自旧档汇入	2023-07-05T08:47:08+08:00
浦东·川沙	役(役)	[空]	yoq8(ɦioʔ²³)	true	yoq8	暂无	自旧档汇入	2023-07-05T08:47:08+08:00
浦东·川沙	欲(欲)	[空]	yoq8(ɦioʔ²³)	true	yoq8	暂无	自旧档汇入	2023-07-05T08:47:08+08:00
浦东·川沙	浴(浴)	[空]	yoq8(ɦioʔ²³)	true	yoq8	暂无	自旧档汇入	2023-07-05T08:47:08+08:00
浦东·川沙	狱(獄)	[空]	yoq8(ɦioʔ²³)	true	yoq8	暂无	自旧档汇入	2023-07-05T08:47:08+08:00
浦东·川沙	疫(疫)	[空]	yoq8(ɦioʔ²³)	true	yoq8	暂无	自旧档汇入	2023-07-05T08:47:08+08:00
浦东·川沙	育(育)	[空]	yoq8(ɦioʔ²³)	true	yoq8	暂无	自旧档汇入	2023-07-05T08:47:08+08:00
浦东·川沙	狱(獄)	地~	gnioq8(ȵioʔ²³)	true	gnioq8	暂无	自旧档汇入	2023-07-05T08:47:08+08:00
浦东·川沙	玉(玉)	[空]	gnioq8(ȵioʔ²³)	true	gnioq8	暂无	自旧档汇入	2023-07-05T08:47:08+08:00
浦东·川沙	肉(肉)	[空]	gnioq8(ȵioʔ²³)	true	gnioq8	暂无	自旧档汇入	2023-07-05T08:47:08+08:00
浦东·川沙	𢫭(𢫭)	~面，揉	gnioq8(ȵioʔ²³)	true	gnioq8	暂无	自旧档汇入	2023-07-05T08:47:08+08:00
浦东·川沙	褥(褥)	~子	gnioq8(ȵioʔ²³)	true	gnioq8	暂无	自旧档汇入	2023-07-05T08:47:08+08:00
浦东·川沙	曲(曲)	歌~	chioq7(tɕʰioʔ⁵)	true	chioq7	暂无	自旧档汇入	2023-07-05T08:47:08+08:00
浦东·川沙	郁(郁)	[空]	ioq7(ioʔ⁵)	true	ioq7	暂无	自旧档汇入	2023-07-05T08:47:08+08:00
浦东·川沙	郁(鬱)	[空]	ioq7(ioʔ⁵)	true	ioq7	暂无	自旧档汇入	2023-07-05T08:47:08+08:00
浦东·川沙	靴(靴)	[空]	shiuu1(ɕiu⁵³)	true	shiuu1	暂无	自旧档汇入	2023-07-05T08:47:08+08:00
浦东·川沙	兴(興)	~旺	shieon1(ɕiʌŋ⁵³)	true	shieon1	暂无	自旧档汇入	2023-07-05T08:47:08+08:00
浦东·川沙	兴(興)	高~	shieon5(ɕiʌŋ³⁵)	true	shieon5	暂无	自旧档汇入	2023-07-05T08:47:08+08:00
浦东·川沙	衅(釁)	[空]	shieon5(ɕiʌŋ³⁵)	true	shieon5	暂无	自旧档汇入	2023-07-05T08:47:08+08:00
浦东·川沙	擎(擎)	[空]	jieon2(dʑiʌŋ²¹³)	true	jieon2	暂无	自旧档汇入	2023-07-05T08:47:08+08:00
浦东·川沙	鲸(鯨)	[空]	jieon2(dʑiʌŋ²¹³)	true	jieon2	暂无	自旧档汇入	2023-07-05T08:47:08+08:00
浦东·川沙	□(□)	一~田，量词	jieon2(dʑiʌŋ²¹³)	true	jieon2	暂无	自旧档汇入	2023-07-05T08:47:08+08:00
浦东·川沙	竞(競)	[空]	jieon6(dʑiʌŋ¹³)	true	jieon6	暂无	自旧档汇入	2023-07-05T08:47:08+08:00
浦东·川沙	刑(刑)	[空]	yeon2(ɦiʌŋ²¹³)	true	yeon2	暂无	自旧档汇入	2023-07-05T08:47:08+08:00
浦东·川沙	型(型)	[空]	yeon2(ɦiʌŋ²¹³)	true	yeon2	暂无	自旧档汇入	2023-07-05T08:47:08+08:00
浦东·川沙	形(形)	[空]	yeon2(ɦiʌŋ²¹³)	true	yeon2	暂无	自旧档汇入	2023-07-05T08:47:08+08:00
浦东·川沙	营(營)	[空]	yeon2(ɦiʌŋ²¹³)	true	yeon2	暂无	自旧档汇入	2023-07-05T08:47:08+08:00
浦东·川沙	盈(盈)	[空]	yeon2(ɦiʌŋ²¹³)	true	yeon2	暂无	自旧档汇入	2023-07-05T08:47:08+08:00
浦东·川沙	行(行)	~动	yeon2(ɦiʌŋ²¹³)	true	yeon2	暂无	自旧档汇入	2023-07-05T08:47:08+08:00
浦东·川沙	衡(衡)	~山	yeon2(ɦiʌŋ²¹³)	true	yeon2	暂无	自旧档汇入	2023-07-05T08:47:08+08:00
浦东·川沙	赢(贏)	[空]	yeon2(ɦiʌŋ²¹³)	true	yeon2	暂无	自旧档汇入	2023-07-05T08:47:08+08:00
浦东·川沙	幸(幸)	[空]	yeon2(ɦiʌŋ²¹³)	true	yeon2	暂无	自旧档汇入	2023-07-05T08:47:08+08:00
浦东·川沙	颖(穎)	[空]	yeon2(ɦiʌŋ²¹³)	true	yeon2	暂无	自旧档汇入	2023-07-05T08:47:08+08:00
浦东·川沙	任(任)	姓	gnieon2(ȵiʌŋ²¹³)	true	gnieon2	暂无	自旧档汇入	2023-07-05T08:47:08+08:00
浦东·川沙	壬(壬)	[空]	gnieon2(ȵiʌŋ²¹³)	true	gnieon2	暂无	自旧档汇入	2023-07-05T08:47:08+08:00
浦东·川沙	迎(迎)	[空]	gnieon2(ȵiʌŋ²¹³)	true	gnieon2	暂无	自旧档汇入	2023-07-05T08:47:08+08:00
浦东·川沙	认(認)	[空]	gnieon6(ȵiʌŋ¹³)	true	gnieon6	暂无	自旧档汇入	2023-07-05T08:47:08+08:00
浦东·川沙	闰(閏)	~月	gnieon6(ȵiʌŋ¹³)	true	gnieon6	暂无	自旧档汇入	2023-07-05T08:47:08+08:00
浦东·川沙	韧(韌)	[空]	gnieon6(ȵiʌŋ¹³)	true	gnieon6	暂无	自旧档汇入	2023-07-05T08:47:08+08:00
浦东·川沙	京(京)	[空]	cieon1(tɕiʌŋ⁵³)	true	cieon1	暂无	自旧档汇入	2023-07-05T08:47:08+08:00
浦东·川沙	泾(涇)	[空]	cieon1(tɕiʌŋ⁵³)	true	cieon1	暂无	自旧档汇入	2023-07-05T08:47:08+08:00
浦东·川沙	经(經)	[空]	cieon1(tɕiʌŋ⁵³)	true	cieon1	暂无	自旧档汇入	2023-07-05T08:47:08+08:00
浦东·川沙	荆(荊)	[空]	cieon1(tɕiʌŋ⁵³)	true	cieon1	暂无	自旧档汇入	2023-07-05T08:47:08+08:00
浦东·川沙	惊(驚)	[空]	cieon1(tɕiʌŋ⁵³)	true	cieon1	暂无	自旧档汇入	2023-07-05T08:47:08+08:00
浦东·川沙	境(境)	[空]	cieon3(tɕiʌŋ⁴⁴)	true	cieon3	暂无	自旧档汇入	2023-07-05T08:47:08+08:00
浦东·川沙	景(景)	[空]	cieon3(tɕiʌŋ⁴⁴)	true	cieon3	暂无	自旧档汇入	2023-07-05T08:47:08+08:00
浦东·川沙	茎(莖)	[空]	cieon3(tɕiʌŋ⁴⁴)	true	cieon3	暂无	自旧档汇入	2023-07-05T08:47:08+08:00
浦东·川沙	警(警)	[空]	cieon3(tɕiʌŋ⁴⁴)	true	cieon3	暂无	自旧档汇入	2023-07-05T08:47:08+08:00
浦东·川沙	颈(頸)	[空]	cieon3(tɕiʌŋ⁴⁴)	true	cieon3	暂无	自旧档汇入	2023-07-05T08:47:08+08:00
浦东·川沙	径(徑)	[空]	cieon5(tɕiʌŋ³⁵)	true	cieon5	暂无	自旧档汇入	2023-07-05T08:47:08+08:00
浦东·川沙	敬(敬)	[空]	cieon5(tɕiʌŋ³⁵)	true	cieon5	暂无	自旧档汇入	2023-07-05T08:47:08+08:00
浦东·川沙	竞(競)	[空]	cieon5(tɕiʌŋ³⁵)	true	cieon5	暂无	自旧档汇入	2023-07-05T08:47:08+08:00
浦东·川沙	镜(鏡)	[空]	cieon5(tɕiʌŋ³⁵)	true	cieon5	暂无	自旧档汇入	2023-07-05T08:47:08+08:00
浦东·川沙	倾(傾)	[空]	chieon1(tɕʰiʌŋ⁵³)	true	chieon1	暂无	自旧档汇入	2023-07-05T08:47:08+08:00
浦东·川沙	卿(卿)	[空]	chieon1(tɕʰiʌŋ⁵³)	true	chieon1	暂无	自旧档汇入	2023-07-05T08:47:08+08:00
浦东·川沙	氢(氫)	[空]	chieon1(tɕʰiʌŋ⁵³)	true	chieon1	暂无	自旧档汇入	2023-07-05T08:47:08+08:00
浦东·川沙	轻(輕)	[空]	chieon1(tɕʰiʌŋ⁵³)	true	chieon1	暂无	自旧档汇入	2023-07-05T08:47:08+08:00
浦东·川沙	顷(頃)	[空]	chieon1(tɕʰiʌŋ⁵³)	true	chieon1	暂无	自旧档汇入	2023-07-05T08:47:08+08:00
浦东·川沙	庆(慶)	[空]	chieon5(tɕʰiʌŋ³⁵)	true	chieon5	暂无	自旧档汇入	2023-07-05T08:47:08+08:00
浦东·川沙	盘(磐)	[空]	chieon5(tɕʰiʌŋ³⁵)	true	chieon5	暂无	自旧档汇入	2023-07-05T08:47:08+08:00
浦东·川沙	罄(罄)	[空]	chieon5(tɕʰiʌŋ³⁵)	true	chieon5	暂无	自旧档汇入	2023-07-05T08:47:08+08:00
浦东·川沙	婴(嬰)	[空]	ieon1(iʌŋ⁵³)	true	ieon1	暂无	自旧档汇入	2023-07-05T08:47:08+08:00
浦东·川沙	应(應)	[空]	ieon1(iʌŋ⁵³)	true	ieon1	暂无	自旧档汇入	2023-07-05T08:47:08+08:00
浦东·川沙	樱(櫻)	[空]	ieon1(iʌŋ⁵³)	true	ieon1	暂无	自旧档汇入	2023-07-05T08:47:08+08:00
浦东·川沙	缕(縷)	[空]	ieon1(iʌŋ⁵³)	true	ieon1	暂无	自旧档汇入	2023-07-05T08:47:08+08:00
浦东·川沙	英(英)	[空]	ieon1(iʌŋ⁵³)	true	ieon1	暂无	自旧档汇入	2023-07-05T08:47:08+08:00
浦东·川沙	蝇(蠅)	[空]	ieon1(iʌŋ⁵³)	true	ieon1	暂无	自旧档汇入	2023-07-05T08:47:08+08:00
浦东·川沙	莺(鶯)	[空]	ieon1(iʌŋ⁵³)	true	ieon1	暂无	自旧档汇入	2023-07-05T08:47:08+08:00
浦东·川沙	鹰(鷹)	[空]	ieon1(iʌŋ⁵³)	true	ieon1	暂无	自旧档汇入	2023-07-05T08:47:08+08:00
浦东·川沙	鹦(鸚)	[空]	ieon1(iʌŋ⁵³)	true	ieon1	暂无	自旧档汇入	2023-07-05T08:47:08+08:00
浦东·川沙	影(影)	[空]	ieon3(iʌŋ⁴⁴)	true	ieon3	暂无	自旧档汇入	2023-07-05T08:47:08+08:00
浦东·川沙	幸(幸)	[空]	ieon5(iʌŋ³⁵)	true	ieon5	暂无	自旧档汇入	2023-07-05T08:47:08+08:00
浦东·川沙	应(應)	响~	ieon5(iʌŋ³⁵)	true	ieon5	暂无	自旧档汇入	2023-07-05T08:47:08+08:00
浦东·川沙	映(映)	反~	ieon5(iʌŋ³⁵)	true	ieon5	暂无	自旧档汇入	2023-07-05T08:47:08+08:00
浦东·川沙	洇(洇)	（墨迹）~开来，渗透	ieon5(iʌŋ³⁵)	true	ieon5	暂无	自旧档汇入	2023-07-05T08:47:08+08:00
浦东·川沙	□(□)	用揩布~干水，吸干	ieon5(iʌŋ³⁵)	true	ieon5	暂无	自旧档汇入	2023-07-05T08:47:08+08:00
浦东·川沙	履(履)	[空]	jieoq8(dʑiʌʔ²³)	true	jieoq8	暂无	自旧档汇入	2023-07-05T08:47:08+08:00
浦东·川沙	极(極)	[空]	jieoq8(dʑiʌʔ²³)	true	jieoq8	暂无	自旧档汇入	2023-07-05T08:47:08+08:00
浦东·川沙	□(□)	~子，夏夜的小飞虫【校】原文声母作[h]，显误，径改	yeoq8(ɦiʌʔ²³)	true	yeoq8	暂无	自旧档汇入	2023-07-05T08:47:08+08:00
浦东·川沙	亦(亦)	【校】原文声母作[h]，显误，径改	yeoq8(ɦiʌʔ²³)	true	yeoq8	暂无	自旧档汇入	2023-07-05T08:47:08+08:00
浦东·川沙	亿(億)	【校】原文声母作[h]，显误，径改	yeoq8(ɦiʌʔ²³)	true	yeoq8	暂无	自旧档汇入	2023-07-05T08:47:08+08:00
浦东·川沙	忆(憶)	【校】原文声母作[h]，显误，径改	yeoq8(ɦiʌʔ²³)	true	yeoq8	暂无	自旧档汇入	2023-07-05T08:47:08+08:00
浦东·川沙	易(易)	交~【校】原文声母作[h]，显误，径改	yeoq8(ɦiʌʔ²³)	true	yeoq8	暂无	自旧档汇入	2023-07-05T08:47:08+08:00
浦东·川沙	液(液)	【校】原文声母作[h]，显误，径改	yeoq8(ɦiʌʔ²³)	true	yeoq8	暂无	自旧档汇入	2023-07-05T08:47:08+08:00
浦东·川沙	翼(翼)	【校】原文声母作[h]，显误，径改	yeoq8(ɦiʌʔ²³)	true	yeoq8	暂无	自旧档汇入	2023-07-05T08:47:08+08:00
浦东·川沙	腋(腋)	【校】原文声母作[h]，显误，径改	yeoq8(ɦiʌʔ²³)	true	yeoq8	暂无	自旧档汇入	2023-07-05T08:47:08+08:00
浦东·川沙	译(譯)	【校】原文声母作[h]，显误，径改	yeoq8(ɦiʌʔ²³)	true	yeoq8	暂无	自旧档汇入	2023-07-05T08:47:08+08:00
浦东·川沙	匿(匿)	[空]	gnieoq8(ȵiʌʔ²³)	true	gnieoq8	暂无	自旧档汇入	2023-07-05T08:47:08+08:00
浦东·川沙	戟(戟)	[空]	cieoq7(tɕiʌʔ⁵)	true	cieoq7	暂无	自旧档汇入	2023-07-05T08:47:08+08:00
浦东·川沙	击(擊)	[空]	cieoq7(tɕiʌʔ⁵)	true	cieoq7	暂无	自旧档汇入	2023-07-05T08:47:08+08:00
浦东·川沙	激(激)	[空]	cieoq7(tɕiʌʔ⁵)	true	cieoq7	暂无	自旧档汇入	2023-07-05T08:47:08+08:00
浦东·川沙	吃(喫)	[空]	chieoq7(tɕʰiʌʔ⁵)	true	chieoq7	暂无	自旧档汇入	2023-07-05T08:47:08+08:00
浦东·川沙	抑(抑)	[空]	ieoq7(iʌʔ⁵)	true	ieoq7	暂无	自旧档汇入	2023-07-05T08:47:08+08:00
浦东·川沙	溢(溢)	[空]	ieoq7(iʌʔ⁵)	true	ieoq7	暂无	自旧档汇入	2023-07-05T08:47:08+08:00
浦东·川沙	益(益)	[空]	ieoq7(iʌʔ⁵)	true	ieoq7	暂无	自旧档汇入	2023-07-05T08:47:08+08:00
浦东·川沙	姆(姆)	伯~淘里，妯娌	m1(m⁵³)	true	m1	暂无	自旧档汇入	2023-07-05T08:47:08+08:00
浦东·川沙	呒(嘸)	~没，没有	m2(m²¹³)	true	m2	暂无	自旧档汇入	2023-07-05T08:47:08+08:00
浦东·川沙	亩(畝)	[空]	m2(m²¹³)	true	m2	暂无	自旧档汇入	2023-07-05T08:47:08+08:00
浦东·川沙	□(□)	~奶，祖母，同"阿奶"	n1(n⁵³)	true	n1	暂无	自旧档汇入	2023-07-05T08:47:08+08:00
浦东·川沙	嗅(嗅)	[空]	hng5(hŋ³⁵)	true	hng5	暂无	自旧档汇入	2023-07-05T08:47:08+08:00
浦东·川沙	擤(擤)	[空]	hng5(hŋ³⁵)	true	hng5	暂无	自旧档汇入	2023-07-05T08:47:08+08:00
浦东·川沙	吴(吳)	姓。白【校】原文声母作[ɦ]，现根据音系结构及原文其他成音节韵处理而舍去	ng2(ŋ²¹³)	true	ng2	暂无	自旧档汇入	2023-07-05T08:47:08+08:00
浦东·川沙	鱼(魚)	白【校】原文声母作[ɦ]，现根据音系结构及原文其他成音节韵处理而舍去	ng2(ŋ²¹³)	true	ng2	暂无	自旧档汇入	2023-07-05T08:47:08+08:00
浦东·川沙	五(五)	白【校】原文声母作[ɦ]，现根据音系结构及原文其他成音节韵处理而舍去	ng2(ŋ²¹³)	true	ng2	暂无	自旧档汇入	2023-07-05T08:47:08+08:00
浦东·川沙	伍(伍)	白【校】原文声母作[ɦ]，现根据音系结构及原文其他成音节韵处理而舍去	ng2(ŋ²¹³)	true	ng2	暂无	自旧档汇入	2023-07-05T08:47:08+08:00
浦东·川沙	午(午)	端~，~时。白【校】原文声母作[ɦ]，现根据音系结构及原文其他成音节韵处理而舍去	ng2(ŋ²¹³)	true	ng2	暂无	自旧档汇入	2023-07-05T08:47:08+08:00
浦东·川沙	忤(忤)	~逆【校】原文声母作[ɦ]，现根据音系结构及原文其他成音节韵处理而舍去	ng6(ŋ¹³)	true	ng6	暂无	自旧档汇入	2023-07-05T08:47:08+08:00
浦东·川沙	扒(扒)	[空]	bo2(bo²¹³)	true	bo2	暂无	自旧档汇入	2023-07-05T08:47:08+08:00
浦东·川沙	杷(杷)	枇~	bo2(bo²¹³)	true	bo2	暂无	自旧档汇入	2023-07-05T08:47:08+08:00
浦东·川沙	爬(爬)	[空]	bo2(bo²¹³)	true	bo2	暂无	自旧档汇入	2023-07-05T08:47:08+08:00
浦东·川沙	琶(琶)	[空]	bo2(bo²¹³)	true	bo2	暂无	自旧档汇入	2023-07-05T08:47:08+08:00
浦东·川沙	䶕(䶕)	~牙齿	bo2(bo²¹³)	true	bo2	暂无	自旧档汇入	2023-07-05T08:47:08+08:00
浦东·川沙	刨(刨)	~木头	bo6(bo¹³)	true	bo6	暂无	自旧档汇入	2023-07-05T08:47:08+08:00
浦东·川沙	耙(耙)	[空]	bo6(bo¹³)	true	bo6	暂无	自旧档汇入	2023-07-05T08:47:08+08:00
浦东·川沙	巴(巴)	[空]	po1(ɓo⁵³)	true	po1	暂无	自旧档汇入	2023-07-05T08:47:08+08:00
浦东·川沙	疤(疤)	[空]	po1(ɓo⁵³)	true	po1	暂无	自旧档汇入	2023-07-05T08:47:08+08:00
浦东·川沙	笆(笆)	~斗	po1(ɓo⁵³)	true	po1	暂无	自旧档汇入	2023-07-05T08:47:08+08:00
浦东·川沙	芭(芭)	[空]	po1(ɓo⁵³)	true	po1	暂无	自旧档汇入	2023-07-05T08:47:08+08:00
浦东·川沙	把(把)	~柄	po3(ɓo⁴⁴)	true	po3	暂无	自旧档汇入	2023-07-05T08:47:08+08:00
浦东·川沙	坝(壩)	[空]	po5(ɓo³⁵)	true	po5	暂无	自旧档汇入	2023-07-05T08:47:08+08:00
浦东·川沙	把(把)	[空]	po5(ɓo³⁵)	true	po5	暂无	自旧档汇入	2023-07-05T08:47:08+08:00
浦东·川沙	霸(霸)	[空]	po5(ɓo³⁵)	true	po5	暂无	自旧档汇入	2023-07-05T08:47:08+08:00
浦东·川沙	□(□)	~馄饨皮子，擀	to1(ɗo⁵³)	true	to1	暂无	自旧档汇入	2023-07-05T08:47:08+08:00
浦东·川沙	划(划)	[空]	gho2(ɦo²¹³)	true	gho2	暂无	自旧档汇入	2023-07-05T08:47:08+08:00
浦东·川沙	桦(樺)	[空]	gho2(ɦo²¹³)	true	gho2	暂无	自旧档汇入	2023-07-05T08:47:08+08:00
浦东·川沙	华(華)	[空]	gho2(ɦo²¹³)	true	gho2	暂无	自旧档汇入	2023-07-05T08:47:08+08:00
浦东·川沙	画(畫)	[空]	gho6(ɦo¹³)	true	gho6	暂无	自旧档汇入	2023-07-05T08:47:08+08:00
浦东·川沙	华(華)	[空]	gho6(ɦo¹³)	true	gho6	暂无	自旧档汇入	2023-07-05T08:47:08+08:00
浦东·川沙	话(話)	[空]	gho6(ɦo¹³)	true	gho6	暂无	自旧档汇入	2023-07-05T08:47:08+08:00
浦东·川沙	瓜(瓜)	[空]	ko1(ko⁵³)	true	ko1	暂无	自旧档汇入	2023-07-05T08:47:08+08:00
浦东·川沙	寡(寡)	[空]	ko3(ko⁴⁴)	true	ko3	暂无	自旧档汇入	2023-07-05T08:47:08+08:00
浦东·川沙	卦(卦)	[空]	ko5(ko³⁵)	true	ko5	暂无	自旧档汇入	2023-07-05T08:47:08+08:00
浦东·川沙	挂(掛)	[空]	ko5(ko³⁵)	true	ko5	暂无	自旧档汇入	2023-07-05T08:47:08+08:00
浦东·川沙	夸(誇)	[空]	kho1(kʰo⁵³)	true	kho1	暂无	自旧档汇入	2023-07-05T08:47:08+08:00
浦东·川沙	可(可)	~惜	kho3(kʰo⁴⁴)	true	kho3	暂无	自旧档汇入	2023-07-05T08:47:08+08:00
浦东·川沙	跨(跨)	[空]	kho5(kʰo³⁵)	true	kho5	暂无	自旧档汇入	2023-07-05T08:47:08+08:00
浦东·川沙	麻(麻)	[空]	mo2(mo²¹³)	true	mo2	暂无	自旧档汇入	2023-07-05T08:47:08+08:00
浦东·川沙	码(碼)	[空]	mo2(mo²¹³)	true	mo2	暂无	自旧档汇入	2023-07-05T08:47:08+08:00
浦东·川沙	马(馬)	[空]	mo2(mo²¹³)	true	mo2	暂无	自旧档汇入	2023-07-05T08:47:08+08:00
浦东·川沙	骂(罵)	[空]	mo6(mo¹³)	true	mo6	暂无	自旧档汇入	2023-07-05T08:47:08+08:00
浦东·川沙	劐(劐)	~开来，用刀割	fo1(ɸo⁵³)	true	fo1	暂无	自旧档汇入	2023-07-05T08:47:08+08:00
浦东·川沙	花(花)	[空]	fo1(ɸo⁵³)	true	fo1	暂无	自旧档汇入	2023-07-05T08:47:08+08:00
浦东·川沙	化(化)	[空]	fo5(ɸo³⁵)	true	fo5	暂无	自旧档汇入	2023-07-05T08:47:08+08:00
浦东·川沙	怕(怕)	[空]	pho5(pʰo³⁵)	true	pho5	暂无	自旧档汇入	2023-07-05T08:47:08+08:00
浦东·川沙	划(划)	~船	vo2(βo²¹³)	true	vo2	暂无	自旧档汇入	2023-07-05T08:47:08+08:00
浦东·川沙	华(華)	[空]	vo2(βo²¹³)	true	vo2	暂无	自旧档汇入	2023-07-05T08:47:08+08:00
浦东·川沙	画(畫)	[空]	vo6(βo¹³)	true	vo6	暂无	自旧档汇入	2023-07-05T08:47:08+08:00
浦东·川沙	华(華)	~家巷，姓	vo6(βo¹³)	true	vo6	暂无	自旧档汇入	2023-07-05T08:47:08+08:00
浦东·川沙	话(話)	[空]	vo6(βo¹³)	true	vo6	暂无	自旧档汇入	2023-07-05T08:47:08+08:00
浦东·川沙	亚(亞)	[空]	o1(o⁵³)	true	o1	暂无	自旧档汇入	2023-07-05T08:47:08+08:00
浦东·川沙	搲(搲)	~米，抓	o1(o⁵³)	true	o1	暂无	自旧档汇入	2023-07-05T08:47:08+08:00
浦东·川沙	蛙(蛙)	[空]	o1(o⁵³)	true	o1	暂无	自旧档汇入	2023-07-05T08:47:08+08:00
浦东·川沙	团(團)	[空]	d02(dø²¹³)	true	d02	暂无	自旧档汇入	2023-07-05T08:47:08+08:00
浦东·川沙	弹(彈)	~花衣，弹棉花	d02(dø²¹³)	true	d02	暂无	自旧档汇入	2023-07-05T08:47:08+08:00
浦东·川沙	团(糰)	[空]	d02(dø²¹³)	true	d02	暂无	自旧档汇入	2023-07-05T08:47:08+08:00
浦东·川沙	断(斷)	~绝	d02(dø²¹³)	true	d02	暂无	自旧档汇入	2023-07-05T08:47:08+08:00
浦东·川沙	段(段)	[空]	d06(dø¹³)	true	d06	暂无	自旧档汇入	2023-07-05T08:47:08+08:00
浦东·川沙	缎(緞)	[空]	d06(dø¹³)	true	d06	暂无	自旧档汇入	2023-07-05T08:47:08+08:00
浦东·川沙	端(端)	[空]	t01(ɗø⁵³)	true	t01	暂无	自旧档汇入	2023-07-05T08:47:08+08:00
浦东·川沙	掸(撣)	~灰	t03(ɗø⁴⁴)	true	t03	暂无	自旧档汇入	2023-07-05T08:47:08+08:00
浦东·川沙	短(短)	[空]	t03(ɗø⁴⁴)	true	t03	暂无	自旧档汇入	2023-07-05T08:47:08+08:00
浦东·川沙	断(斷)	决~	t05(ɗø³⁵)	true	t05	暂无	自旧档汇入	2023-07-05T08:47:08+08:00
浦东·川沙	锻(鍛)	[空]	t05(ɗø³⁵)	true	t05	暂无	自旧档汇入	2023-07-05T08:47:08+08:00
浦东·川沙	虾(蝦)	[空]	h01(hø⁵³)	true	h01	暂无	自旧档汇入	2023-07-05T08:47:08+08:00
浦东·川沙	汉(漢)	[空]	h05(hø³⁵)	true	h05	暂无	自旧档汇入	2023-07-05T08:47:08+08:00
浦东·川沙	熯(熯)	~饼，用少量的油煎	h05(hø³⁵)	true	h05	暂无	自旧档汇入	2023-07-05T08:47:08+08:00
浦东·川沙	寒(寒)	[空]	gh02(ɦø²¹³)	true	gh02	暂无	自旧档汇入	2023-07-05T08:47:08+08:00
浦东·川沙	翰(翰)	[空]	gh02(ɦø²¹³)	true	gh02	暂无	自旧档汇入	2023-07-05T08:47:08+08:00
浦东·川沙	旱(旱)	[空]	gh02(ɦø²¹³)	true	gh02	暂无	自旧档汇入	2023-07-05T08:47:08+08:00
浦东·川沙	岸(岸)	[空]	gh06(ɦø¹³)	true	gh06	暂无	自旧档汇入	2023-07-05T08:47:08+08:00
浦东·川沙	汗(汗)	[空]	gh06(ɦø¹³)	true	gh06	暂无	自旧档汇入	2023-07-05T08:47:08+08:00
浦东·川沙	焊(焊)	[空]	gh06(ɦø¹³)	true	gh06	暂无	自旧档汇入	2023-07-05T08:47:08+08:00
浦东·川沙	干(乾)	~湿	k01(kø⁵³)	true	k01	暂无	自旧档汇入	2023-07-05T08:47:08+08:00
浦东·川沙	干(干)	~支	k01(kø⁵³)	true	k01	暂无	自旧档汇入	2023-07-05T08:47:08+08:00
浦东·川沙	竿(竿)	[空]	k01(kø⁵³)	true	k01	暂无	自旧档汇入	2023-07-05T08:47:08+08:00
浦东·川沙	肝(肝)	[空]	k01(kø⁵³)	true	k01	暂无	自旧档汇入	2023-07-05T08:47:08+08:00
浦东·川沙	杆(桿)	[空]	k03(kø⁴⁴)	true	k03	暂无	自旧档汇入	2023-07-05T08:47:08+08:00
浦东·川沙	秆(稈)	[空]	k03(kø⁴⁴)	true	k03	暂无	自旧档汇入	2023-07-05T08:47:08+08:00
浦东·川沙	赶(趕)	[空]	k03(kø⁴⁴)	true	k03	暂无	自旧档汇入	2023-07-05T08:47:08+08:00
浦东·川沙	干(幹)	~部	k05(kø³⁵)	true	k05	暂无	自旧档汇入	2023-07-05T08:47:08+08:00
浦东·川沙	看(看)	~门	kh01(kʰø⁵³)	true	kh01	暂无	自旧档汇入	2023-07-05T08:47:08+08:00
浦东·川沙	可(可)	~以	kh03(kʰø⁴⁴)	true	kh03	暂无	自旧档汇入	2023-07-05T08:47:08+08:00
浦东·川沙	看(看)	~戏	kh05(kʰø³⁵)	true	kh05	暂无	自旧档汇入	2023-07-05T08:47:08+08:00
浦东·川沙	鵉(鵉)	[空]	l02(lø²¹³)	true	l02	暂无	自旧档汇入	2023-07-05T08:47:08+08:00
浦东·川沙	卵(卵)	男阴。白	l02(lø²¹³)	true	l02	暂无	自旧档汇入	2023-07-05T08:47:08+08:00
浦东·川沙	□(□)	~鸡，拦阻，驱赶	l02(lø²¹³)	true	l02	暂无	自旧档汇入	2023-07-05T08:47:08+08:00
浦东·川沙	乱(亂)	[空]	l06(lø¹³)	true	l06	暂无	自旧档汇入	2023-07-05T08:47:08+08:00
浦东·川沙	暖(暖)	[空]	n02(nø²¹³)	true	n02	暂无	自旧档汇入	2023-07-05T08:47:08+08:00
浦东·川沙	囡(囡)	[空]	n06(nø¹³)	true	n06	暂无	自旧档汇入	2023-07-05T08:47:08+08:00
浦东·川沙	岸(岸)	[空]	ng06(ŋø¹³)	true	ng06	暂无	自旧档汇入	2023-07-05T08:47:08+08:00
浦东·川沙	酸(酸)	[空]	s01(sø⁵³)	true	s01	暂无	自旧档汇入	2023-07-05T08:47:08+08:00
浦东·川沙	虽(雖)	[空]	s01(sø⁵³)	true	s01	暂无	自旧档汇入	2023-07-05T08:47:08+08:00
浦东·川沙	水(水)	[空]	s03(sø⁴⁴)	true	s03	暂无	自旧档汇入	2023-07-05T08:47:08+08:00
浦东·川沙	岁(歲)	[空]	s05(sø³⁵)	true	s05	暂无	自旧档汇入	2023-07-05T08:47:08+08:00
浦东·川沙	税(稅)	[空]	s05(sø³⁵)	true	s05	暂无	自旧档汇入	2023-07-05T08:47:08+08:00
浦东·川沙	算(算)	[空]	s05(sø³⁵)	true	s05	暂无	自旧档汇入	2023-07-05T08:47:08+08:00
浦东·川沙	绥(綏)	[空]	s05(sø³⁵)	true	s05	暂无	自旧档汇入	2023-07-05T08:47:08+08:00
浦东·川沙	蒜(蒜)	[空]	s05(sø³⁵)	true	s05	暂无	自旧档汇入	2023-07-05T08:47:08+08:00
浦东·川沙	锐(銳)	[空]	s05(sø³⁵)	true	s05	暂无	自旧档汇入	2023-07-05T08:47:08+08:00
浦东·川沙	蜕(蛻)	蛇~壳	th05(tʰø³⁵)	true	th05	暂无	自旧档汇入	2023-07-05T08:47:08+08:00
浦东·川沙	□(□)	~戒指，除下	th05(tʰø³⁵)	true	th05	暂无	自旧档汇入	2023-07-05T08:47:08+08:00
浦东·川沙	追(追)	[空]	ts01(tsø⁵³)	true	ts01	暂无	自旧档汇入	2023-07-05T08:47:08+08:00
浦东·川沙	锥(錐)	[空]	ts01(tsø⁵³)	true	ts01	暂无	自旧档汇入	2023-07-05T08:47:08+08:00
浦东·川沙	钻(鑽)	~洞	ts01(tsø⁵³)	true	ts01	暂无	自旧档汇入	2023-07-05T08:47:08+08:00
浦东·川沙	嘴(嘴)	[空]	ts03(tsø⁴⁴)	true	ts03	暂无	自旧档汇入	2023-07-05T08:47:08+08:00
浦东·川沙	最(最)	[空]	ts05(tsø³⁵)	true	ts05	暂无	自旧档汇入	2023-07-05T08:47:08+08:00
浦东·川沙	缀(綴)	[空]	ts05(tsø³⁵)	true	ts05	暂无	自旧档汇入	2023-07-05T08:47:08+08:00
浦东·川沙	赘(贅)	[空]	ts05(tsø³⁵)	true	ts05	暂无	自旧档汇入	2023-07-05T08:47:08+08:00
浦东·川沙	醉(醉)	[空]	ts05(tsø³⁵)	true	ts05	暂无	自旧档汇入	2023-07-05T08:47:08+08:00
浦东·川沙	钻(鑽)	~头	ts05(tsø³⁵)	true	ts05	暂无	自旧档汇入	2023-07-05T08:47:08+08:00
浦东·川沙	催(催)	[空]	tsh01(tsʰø⁵³)	true	tsh01	暂无	自旧档汇入	2023-07-05T08:47:08+08:00
浦东·川沙	吹(吹)	文	tsh01(tsʰø⁵³)	true	tsh01	暂无	自旧档汇入	2023-07-05T08:47:08+08:00
浦东·川沙	喘(喘)	[空]	tsh01(tsʰø⁵³)	true	tsh01	暂无	自旧档汇入	2023-07-05T08:47:08+08:00
浦东·川沙	崔(崔)	[空]	tsh01(tsʰø⁵³)	true	tsh01	暂无	自旧档汇入	2023-07-05T08:47:08+08:00
浦东·川沙	汆(汆)	[空]	tsh01(tsʰø⁵³)	true	tsh01	暂无	自旧档汇入	2023-07-05T08:47:08+08:00
浦东·川沙	炊(炊)	[空]	tsh01(tsʰø⁵³)	true	tsh01	暂无	自旧档汇入	2023-07-05T08:47:08+08:00
浦东·川沙	猜(猜)	[空]	tsh01(tsʰø⁵³)	true	tsh01	暂无	自旧档汇入	2023-07-05T08:47:08+08:00
浦东·川沙	窜(竄)	[空]	tsh01(tsʰø⁵³)	true	tsh01	暂无	自旧档汇入	2023-07-05T08:47:08+08:00
浦东·川沙	车(車)	旧式手推童车	tsh01(tsʰø⁵³)	true	tsh01	暂无	自旧档汇入	2023-07-05T08:47:08+08:00
浦东·川沙	餐(餐)	[空]	tsh01(tsʰø⁵³)	true	tsh01	暂无	自旧档汇入	2023-07-05T08:47:08+08:00
浦东·川沙	采(采)	白	tsh03(tsʰø⁴⁴)	true	tsh03	暂无	自旧档汇入	2023-07-05T08:47:08+08:00
浦东·川沙	篡(篡)	[空]	tsh05(tsʰø³⁵)	true	tsh05	暂无	自旧档汇入	2023-07-05T08:47:08+08:00
浦东·川沙	翠(翠)	[空]	tsh05(tsʰø³⁵)	true	tsh05	暂无	自旧档汇入	2023-07-05T08:47:08+08:00
浦东·川沙	脆(脆)	[空]	tsh05(tsʰø³⁵)	true	tsh05	暂无	自旧档汇入	2023-07-05T08:47:08+08:00
浦东·川沙	垂(垂)	[空]	z02(zø²¹³)	true	z02	暂无	自旧档汇入	2023-07-05T08:47:08+08:00
浦东·川沙	槌(槌)	[空]	z02(zø²¹³)	true	z02	暂无	自旧档汇入	2023-07-05T08:47:08+08:00
浦东·川沙	谁(誰)	[空]	z02(zø²¹³)	true	z02	暂无	自旧档汇入	2023-07-05T08:47:08+08:00
浦东·川沙	锤(錘)	[空]	z02(zø²¹³)	true	z02	暂无	自旧档汇入	2023-07-05T08:47:08+08:00
浦东·川沙	随(隨)	[空]	z02(zø²¹³)	true	z02	暂无	自旧档汇入	2023-07-05T08:47:08+08:00
浦东·川沙	髓(髓)	骨~	z02(zø²¹³)	true	z02	暂无	自旧档汇入	2023-07-05T08:47:08+08:00
浦东·川沙	罪(罪)	[空]	z02(zø²¹³)	true	z02	暂无	自旧档汇入	2023-07-05T08:47:08+08:00
浦东·川沙	蕊(蕊)	[空]	z02(zø²¹³)	true	z02	暂无	自旧档汇入	2023-07-05T08:47:08+08:00
浦东·川沙	坠(墜)	[空]	z06(zø¹³)	true	z06	暂无	自旧档汇入	2023-07-05T08:47:08+08:00
浦东·川沙	瑞(瑞)	[空]	z06(zø¹³)	true	z06	暂无	自旧档汇入	2023-07-05T08:47:08+08:00
浦东·川沙	睡(睡)	[空]	z06(zø¹³)	true	z06	暂无	自旧档汇入	2023-07-05T08:47:08+08:00
浦东·川沙	穗(穗)	[空]	z06(zø¹³)	true	z06	暂无	自旧档汇入	2023-07-05T08:47:08+08:00
浦东·川沙	粹(粹)	[空]	z06(zø¹³)	true	z06	暂无	自旧档汇入	2023-07-05T08:47:08+08:00
浦东·川沙	遂(遂)	[空]	z06(zø¹³)	true	z06	暂无	自旧档汇入	2023-07-05T08:47:08+08:00
浦东·川沙	隧(隧)	[空]	z06(zø¹³)	true	z06	暂无	自旧档汇入	2023-07-05T08:47:08+08:00
浦东·川沙	安(安)	[空]	01(ø⁵³)	true	1	暂无	自旧档汇入	2023-07-05T08:47:08+08:00
浦东·川沙	氨(氨)	[空]	01(ø⁵³)	true	1	暂无	自旧档汇入	2023-07-05T08:47:08+08:00
浦东·川沙	鞍(鞍)	[空]	01(ø⁵³)	true	1	暂无	自旧档汇入	2023-07-05T08:47:08+08:00
浦东·川沙	按(按)	[空]	05(ø³⁵)	true	5	暂无	自旧档汇入	2023-07-05T08:47:08+08:00
浦东·川沙	案(案)	[空]	05(ø³⁵)	true	5	暂无	自旧档汇入	2023-07-05T08:47:08+08:00
浦东·川沙	夺(奪)	[空]	doeq8(dœʔ²³)	true	doeq8	暂无	自旧档汇入	2023-07-05T08:47:08+08:00
浦东·川沙	掇(掇)	~凳子，端	toeq7(ɗœʔ⁵)	true	toeq7	暂无	自旧档汇入	2023-07-05T08:47:08+08:00
浦东·川沙	喝(喝)	~彩，五吆~六	hoeq7(hœʔ⁵)	true	hoeq7	暂无	自旧档汇入	2023-07-05T08:47:08+08:00
浦东·川沙	割(割)	[空]	koeq7(kœʔ⁵)	true	koeq7	暂无	自旧档汇入	2023-07-05T08:47:08+08:00
浦东·川沙	渴(渴)	[空]	khoeq7(kʰœʔ⁵)	true	khoeq7	暂无	自旧档汇入	2023-07-05T08:47:08+08:00
浦东·川沙	捋(捋)	[空]	loeq8(lœʔ²³)	true	loeq8	暂无	自旧档汇入	2023-07-05T08:47:08+08:00
浦东·川沙	脱(脫)	~衣裳	thoeq7(tʰœʔ⁵)	true	thoeq7	暂无	自旧档汇入	2023-07-05T08:47:08+08:00
浦东·川沙	□(□)	~草，用锄除（草）	thoeq7(tʰœʔ⁵)	true	thoeq7	暂无	自旧档汇入	2023-07-05T08:47:08+08:00
浦东·川沙	卒(卒)	[空]	tsoeq7(tsœʔ⁵)	true	tsoeq7	暂无	自旧档汇入	2023-07-05T08:47:08+08:00
浦东·川沙	□(□)	~蛛，蜘蛛	tsoeq7(tsœʔ⁵)	true	tsoeq7	暂无	自旧档汇入	2023-07-05T08:47:08+08:00
浦东·川沙	撮(撮)	[空]	tshoeq7(tsʰœʔ⁵)	true	tshoeq7	暂无	自旧档汇入	2023-07-05T08:47:08+08:00
浦东·川沙	塳(塳)	~尘，灰~起来，（灰尘）扬起	bon2(boŋ²¹³)	true	bon2	暂无	自旧档汇入	2023-07-05T08:47:08+08:00
浦东·川沙	篷(篷)	[空]	bon2(boŋ²¹³)	true	bon2	暂无	自旧档汇入	2023-07-05T08:47:08+08:00
浦东·川沙	蓬(蓬)	[空]	bon2(boŋ²¹³)	true	bon2	暂无	自旧档汇入	2023-07-05T08:47:08+08:00
浦东·川沙	同(同)	[空]	don2(doŋ²¹³)	true	don2	暂无	自旧档汇入	2023-07-05T08:47:08+08:00
浦东·川沙	桐(桐)	[空]	don2(doŋ²¹³)	true	don2	暂无	自旧档汇入	2023-07-05T08:47:08+08:00
浦东·川沙	瞳(瞳)	[空]	don2(doŋ²¹³)	true	don2	暂无	自旧档汇入	2023-07-05T08:47:08+08:00
浦东·川沙	童(童)	[空]	don2(doŋ²¹³)	true	don2	暂无	自旧档汇入	2023-07-05T08:47:08+08:00
浦东·川沙	筒(筒)	[空]	don2(doŋ²¹³)	true	don2	暂无	自旧档汇入	2023-07-05T08:47:08+08:00
浦东·川沙	铜(銅)	[空]	don2(doŋ²¹³)	true	don2	暂无	自旧档汇入	2023-07-05T08:47:08+08:00
浦东·川沙	动(動)	[空]	don2(doŋ²¹³)	true	don2	暂无	自旧档汇入	2023-07-05T08:47:08+08:00
浦东·川沙	桶(桶)	[空]	don2(doŋ²¹³)	true	don2	暂无	自旧档汇入	2023-07-05T08:47:08+08:00
浦东·川沙	洞(洞)	[空]	don6(doŋ¹³)	true	don6	暂无	自旧档汇入	2023-07-05T08:47:08+08:00
浦东·川沙	冬(冬)	[空]	ton1(ɗoŋ⁵³)	true	ton1	暂无	自旧档汇入	2023-07-05T08:47:08+08:00
浦东·川沙	东(東)	[空]	ton1(ɗoŋ⁵³)	true	ton1	暂无	自旧档汇入	2023-07-05T08:47:08+08:00
浦东·川沙	懂(懂)	[空]	ton3(ɗoŋ⁴⁴)	true	ton3	暂无	自旧档汇入	2023-07-05T08:47:08+08:00
浦东·川沙	董(董)	[空]	ton3(ɗoŋ⁴⁴)	true	ton3	暂无	自旧档汇入	2023-07-05T08:47:08+08:00
浦东·川沙	冻(凍)	[空]	ton5(ɗoŋ³⁵)	true	ton5	暂无	自旧档汇入	2023-07-05T08:47:08+08:00
浦东·川沙	栋(棟)	[空]	ton5(ɗoŋ³⁵)	true	ton5	暂无	自旧档汇入	2023-07-05T08:47:08+08:00
浦东·川沙	共(共)	[空]	gon6(ɡoŋ¹³)	true	gon6	暂无	自旧档汇入	2023-07-05T08:47:08+08:00
浦东·川沙	哄(哄)	[空]	hon1(hoŋ⁵³)	true	hon1	暂无	自旧档汇入	2023-07-05T08:47:08+08:00
浦东·川沙	封(封)	[空]	hon1(hoŋ⁵³)	true	hon1	暂无	自旧档汇入	2023-07-05T08:47:08+08:00
浦东·川沙	峰(峰)	[空]	hon1(hoŋ⁵³)	true	hon1	暂无	自旧档汇入	2023-07-05T08:47:08+08:00
浦东·川沙	枫(楓)	[空]	hon1(hoŋ⁵³)	true	hon1	暂无	自旧档汇入	2023-07-05T08:47:08+08:00
浦东·川沙	烘(烘)	[空]	hon1(hoŋ⁵³)	true	hon1	暂无	自旧档汇入	2023-07-05T08:47:08+08:00
浦东·川沙	烽(烽)	[空]	hon1(hoŋ⁵³)	true	hon1	暂无	自旧档汇入	2023-07-05T08:47:08+08:00
浦东·川沙	疯(瘋)	[空]	hon1(hoŋ⁵³)	true	hon1	暂无	自旧档汇入	2023-07-05T08:47:08+08:00
浦东·川沙	蕻(蕻)	雪里~	hon1(hoŋ⁵³)	true	hon1	暂无	自旧档汇入	2023-07-05T08:47:08+08:00
浦东·川沙	蜂(蜂)	[空]	hon1(hoŋ⁵³)	true	hon1	暂无	自旧档汇入	2023-07-05T08:47:08+08:00
浦东·川沙	讽(諷)	[空]	hon1(hoŋ⁵³)	true	hon1	暂无	自旧档汇入	2023-07-05T08:47:08+08:00
浦东·川沙	丰(豐)	[空]	hon1(hoŋ⁵³)	true	hon1	暂无	自旧档汇入	2023-07-05T08:47:08+08:00
浦东·川沙	轰(轟)	[空]	hon1(hoŋ⁵³)	true	hon1	暂无	自旧档汇入	2023-07-05T08:47:08+08:00
浦东·川沙	锋(鋒)	[空]	hon1(hoŋ⁵³)	true	hon1	暂无	自旧档汇入	2023-07-05T08:47:08+08:00
浦东·川沙	风(風)	[空]	hon1(hoŋ⁵³)	true	hon1	暂无	自旧档汇入	2023-07-05T08:47:08+08:00
浦东·川沙	□(□)	人~来~去，挤，拥	hon1(hoŋ⁵³)	true	hon1	暂无	自旧档汇入	2023-07-05T08:47:08+08:00
浦东·川沙	捧(捧)	[空]	hon3(hoŋ⁴⁴)	true	hon3	暂无	自旧档汇入	2023-07-05T08:47:08+08:00
浦东·川沙	俸(俸)	[空]	hon5(hoŋ³⁵)	true	hon5	暂无	自旧档汇入	2023-07-05T08:47:08+08:00
浦东·川沙	宏(宏)	[空]	ghon2(ɦoŋ²¹³)	true	ghon2	暂无	自旧档汇入	2023-07-05T08:47:08+08:00
浦东·川沙	汞(汞)	[空]	ghon2(ɦoŋ²¹³)	true	ghon2	暂无	自旧档汇入	2023-07-05T08:47:08+08:00
浦东·川沙	洪(洪)	[空]	ghon2(ɦoŋ²¹³)	true	ghon2	暂无	自旧档汇入	2023-07-05T08:47:08+08:00
浦东·川沙	红(紅)	[空]	ghon2(ɦoŋ²¹³)	true	ghon2	暂无	自旧档汇入	2023-07-05T08:47:08+08:00
浦东·川沙	缝(縫)	裁~	ghon2(ɦoŋ²¹³)	true	ghon2	暂无	自旧档汇入	2023-07-05T08:47:08+08:00
浦东·川沙	虹(虹)	[空]	ghon2(ɦoŋ²¹³)	true	ghon2	暂无	自旧档汇入	2023-07-05T08:47:08+08:00
浦东·川沙	逢(逢)	[空]	ghon2(ɦoŋ²¹³)	true	ghon2	暂无	自旧档汇入	2023-07-05T08:47:08+08:00
浦东·川沙	鸿(鴻)	[空]	ghon2(ɦoŋ²¹³)	true	ghon2	暂无	自旧档汇入	2023-07-05T08:47:08+08:00
浦东·川沙	奉(奉)	[空]	ghon6(ɦoŋ¹³)	true	ghon6	暂无	自旧档汇入	2023-07-05T08:47:08+08:00
浦东·川沙	缝(縫)	一条~	ghon6(ɦoŋ¹³)	true	ghon6	暂无	自旧档汇入	2023-07-05T08:47:08+08:00
浦东·川沙	冯(馮)	[空]	ghon6(ɦoŋ¹³)	true	ghon6	暂无	自旧档汇入	2023-07-05T08:47:08+08:00
浦东·川沙	凤(鳳)	[空]	ghon6(ɦoŋ¹³)	true	ghon6	暂无	自旧档汇入	2023-07-05T08:47:08+08:00
浦东·川沙	□(□)	疮疖将溃	ghon6(ɦoŋ¹³)	true	ghon6	暂无	自旧档汇入	2023-07-05T08:47:08+08:00
浦东·川沙	供(供)	~给	kon1(koŋ⁵³)	true	kon1	暂无	自旧档汇入	2023-07-05T08:47:08+08:00
浦东·川沙	公(公)	[空]	kon1(koŋ⁵³)	true	kon1	暂无	自旧档汇入	2023-07-05T08:47:08+08:00
浦东·川沙	功(功)	[空]	kon1(koŋ⁵³)	true	kon1	暂无	自旧档汇入	2023-07-05T08:47:08+08:00
浦东·川沙	宫(宮)	[空]	kon1(koŋ⁵³)	true	kon1	暂无	自旧档汇入	2023-07-05T08:47:08+08:00
浦东·川沙	工(工)	[空]	kon1(koŋ⁵³)	true	kon1	暂无	自旧档汇入	2023-07-05T08:47:08+08:00
浦东·川沙	弓(弓)	~箭	kon1(koŋ⁵³)	true	kon1	暂无	自旧档汇入	2023-07-05T08:47:08+08:00
浦东·川沙	恭(恭)	[空]	kon1(koŋ⁵³)	true	kon1	暂无	自旧档汇入	2023-07-05T08:47:08+08:00
浦东·川沙	攻(攻)	[空]	kon1(koŋ⁵³)	true	kon1	暂无	自旧档汇入	2023-07-05T08:47:08+08:00
浦东·川沙	蚣(蚣)	[空]	kon1(koŋ⁵³)	true	kon1	暂无	自旧档汇入	2023-07-05T08:47:08+08:00
浦东·川沙	躬(躬)	[空]	kon1(koŋ⁵³)	true	kon1	暂无	自旧档汇入	2023-07-05T08:47:08+08:00
浦东·川沙	巩(鞏)	[空]	kon3(koŋ⁴⁴)	true	kon3	暂无	自旧档汇入	2023-07-05T08:47:08+08:00
浦东·川沙	供(供)	~佛	kon5(koŋ³⁵)	true	kon5	暂无	自旧档汇入	2023-07-05T08:47:08+08:00
浦东·川沙	拱(拱)	~起来	kon5(koŋ³⁵)	true	kon5	暂无	自旧档汇入	2023-07-05T08:47:08+08:00
浦东·川沙	贡(貢)	[空]	kon5(koŋ³⁵)	true	kon5	暂无	自旧档汇入	2023-07-05T08:47:08+08:00
浦东·川沙	空(空)	~虚	khon1(kʰoŋ⁵³)	true	khon1	暂无	自旧档汇入	2023-07-05T08:47:08+08:00
浦东·川沙	孔(孔)	[空]	khon3(kʰoŋ⁴⁴)	true	khon3	暂无	自旧档汇入	2023-07-05T08:47:08+08:00
浦东·川沙	恐(恐)	[空]	khon3(kʰoŋ⁴⁴)	true	khon3	暂无	自旧档汇入	2023-07-05T08:47:08+08:00
浦东·川沙	控(控)	[空]	khon5(kʰoŋ³⁵)	true	khon5	暂无	自旧档汇入	2023-07-05T08:47:08+08:00
浦东·川沙	空(空)	有~	khon5(kʰoŋ³⁵)	true	khon5	暂无	自旧档汇入	2023-07-05T08:47:08+08:00
浦东·川沙	弄(弄)	~坏脱	lon1(loŋ⁵³)	true	lon1	暂无	自旧档汇入	2023-07-05T08:47:08+08:00
浦东·川沙	珑(瓏)	[空]	lon2(loŋ²¹³)	true	lon2	暂无	自旧档汇入	2023-07-05T08:47:08+08:00
浦东·川沙	窘(窘)	[空]	lon2(loŋ²¹³)	true	lon2	暂无	自旧档汇入	2023-07-05T08:47:08+08:00
浦东·川沙	笼(籠)	[空]	lon2(loŋ²¹³)	true	lon2	暂无	自旧档汇入	2023-07-05T08:47:08+08:00
浦东·川沙	聋(聾)	[空]	lon2(loŋ²¹³)	true	lon2	暂无	自旧档汇入	2023-07-05T08:47:08+08:00
浦东·川沙	隆(隆)	[空]	lon2(loŋ²¹³)	true	lon2	暂无	自旧档汇入	2023-07-05T08:47:08+08:00
浦东·川沙	龙(龍)	[空]	lon2(loŋ²¹³)	true	lon2	暂无	自旧档汇入	2023-07-05T08:47:08+08:00
浦东·川沙	垄(壟)	[空]	lon2(loŋ²¹³)	true	lon2	暂无	自旧档汇入	2023-07-05T08:47:08+08:00
浦东·川沙	拢(攏)	[空]	lon2(loŋ²¹³)	true	lon2	暂无	自旧档汇入	2023-07-05T08:47:08+08:00
浦东·川沙	陇(隴)	[空]	lon2(loŋ²¹³)	true	lon2	暂无	自旧档汇入	2023-07-05T08:47:08+08:00
浦东·川沙	弄(弄)	~堂，~坏	lon6(loŋ¹³)	true	lon6	暂无	自旧档汇入	2023-07-05T08:47:08+08:00
浦东·川沙	懵(懵)	[空]	mon2(moŋ²¹³)	true	mon2	暂无	自旧档汇入	2023-07-05T08:47:08+08:00
浦东·川沙	蒙(蒙)	~懂	mon2(moŋ²¹³)	true	mon2	暂无	自旧档汇入	2023-07-05T08:47:08+08:00
浦东·川沙	脓(膿)	[空]	non2(noŋ²¹³)	true	non2	暂无	自旧档汇入	2023-07-05T08:47:08+08:00
浦东·川沙	农(農)	[空]	non2(noŋ²¹³)	true	non2	暂无	自旧档汇入	2023-07-05T08:47:08+08:00
浦东·川沙	侬(儂)	你	non6(noŋ¹³)	true	non6	暂无	自旧档汇入	2023-07-05T08:47:08+08:00
浦东·川沙	□(□)	被头一晒~起来，变蓬松	phon1(pʰoŋ⁵³)	true	phon1	暂无	自旧档汇入	2023-07-05T08:47:08+08:00
浦东·川沙	嵩(嵩)	[空]	son1(soŋ⁵³)	true	son1	暂无	自旧档汇入	2023-07-05T08:47:08+08:00
浦东·川沙	摏(摏)	~一拳，~碎，击	son1(soŋ⁵³)	true	son1	暂无	自旧档汇入	2023-07-05T08:47:08+08:00
浦东·川沙	松(松)	[空]	son1(soŋ⁵³)	true	son1	暂无	自旧档汇入	2023-07-05T08:47:08+08:00
浦东·川沙	淞(淞)	[空]	son1(soŋ⁵³)	true	son1	暂无	自旧档汇入	2023-07-05T08:47:08+08:00
浦东·川沙	□(□)	~一拳、~碎，击	son1(soŋ⁵³)	true	son1	暂无	自旧档汇入	2023-07-05T08:47:08+08:00
浦东·川沙	宋(宋)	[空]	son5(soŋ³⁵)	true	son5	暂无	自旧档汇入	2023-07-05T08:47:08+08:00
浦东·川沙	送(送)	[空]	son5(soŋ³⁵)	true	son5	暂无	自旧档汇入	2023-07-05T08:47:08+08:00
浦东·川沙	通(通)	[空]	thon1(tʰoŋ⁵³)	true	thon1	暂无	自旧档汇入	2023-07-05T08:47:08+08:00
浦东·川沙	统(統)	[空]	thon3(tʰoŋ⁴⁴)	true	thon3	暂无	自旧档汇入	2023-07-05T08:47:08+08:00
浦东·川沙	痛(痛)	[空]	thon5(tʰoŋ³⁵)	true	thon5	暂无	自旧档汇入	2023-07-05T08:47:08+08:00
浦东·川沙	中(中)	[空]	tson1(tsoŋ⁵³)	true	tson1	暂无	自旧档汇入	2023-07-05T08:47:08+08:00
浦东·川沙	宗(宗)	[空]	tson1(tsoŋ⁵³)	true	tson1	暂无	自旧档汇入	2023-07-05T08:47:08+08:00
浦东·川沙	忠(忠)	[空]	tson1(tsoŋ⁵³)	true	tson1	暂无	自旧档汇入	2023-07-05T08:47:08+08:00
浦东·川沙	棕(棕)	[空]	tson1(tsoŋ⁵³)	true	tson1	暂无	自旧档汇入	2023-07-05T08:47:08+08:00
浦东·川沙	蛊(蠱)	[空]	tson1(tsoŋ⁵³)	true	tson1	暂无	自旧档汇入	2023-07-05T08:47:08+08:00
浦东·川沙	衷(衷)	[空]	tson1(tsoŋ⁵³)	true	tson1	暂无	自旧档汇入	2023-07-05T08:47:08+08:00
浦东·川沙	踪(蹤)	[空]	tson1(tsoŋ⁵³)	true	tson1	暂无	自旧档汇入	2023-07-05T08:47:08+08:00
浦东·川沙	钟(鐘)	[空]	tson1(tsoŋ⁵³)	true	tson1	暂无	自旧档汇入	2023-07-05T08:47:08+08:00
浦东·川沙	鬃(鬃)	[空]	tson1(tsoŋ⁵³)	true	tson1	暂无	自旧档汇入	2023-07-05T08:47:08+08:00
浦东·川沙	□(□)	~齐， ~碎，击，舂	tson1(tsoŋ⁵³)	true	tson1	暂无	自旧档汇入	2023-07-05T08:47:08+08:00
浦东·川沙	种(種)	~子	tson3(tsoŋ⁴⁴)	true	tson3	暂无	自旧档汇入	2023-07-05T08:47:08+08:00
浦东·川沙	总(總)	[空]	tson3(tsoŋ⁴⁴)	true	tson3	暂无	自旧档汇入	2023-07-05T08:47:08+08:00
浦东·川沙	肿(腫)	[空]	tson3(tsoŋ⁴⁴)	true	tson3	暂无	自旧档汇入	2023-07-05T08:47:08+08:00
浦东·川沙	中(中)	打~	tson5(tsoŋ³⁵)	true	tson5	暂无	自旧档汇入	2023-07-05T08:47:08+08:00
浦东·川沙	冢(冢)	[空]	tson5(tsoŋ³⁵)	true	tson5	暂无	自旧档汇入	2023-07-05T08:47:08+08:00
浦东·川沙	囚(囚)	[空]	tson5(tsoŋ³⁵)	true	tson5	暂无	自旧档汇入	2023-07-05T08:47:08+08:00
浦东·川沙	棕(棕)	[空]	tson5(tsoŋ³⁵)	true	tson5	暂无	自旧档汇入	2023-07-05T08:47:08+08:00
浦东·川沙	众(眾)	[空]	tson5(tsoŋ³⁵)	true	tson5	暂无	自旧档汇入	2023-07-05T08:47:08+08:00
浦东·川沙	种(種)	~田	tson5(tsoŋ³⁵)	true	tson5	暂无	自旧档汇入	2023-07-05T08:47:08+08:00
浦东·川沙	终(終)	[空]	tson5(tsoŋ³⁵)	true	tson5	暂无	自旧档汇入	2023-07-05T08:47:08+08:00
浦东·川沙	综(綜)	[空]	tson5(tsoŋ³⁵)	true	tson5	暂无	自旧档汇入	2023-07-05T08:47:08+08:00
浦东·川沙	纵(縱)	~上去，跃	tson5(tsoŋ³⁵)	true	tson5	暂无	自旧档汇入	2023-07-05T08:47:08+08:00
浦东·川沙	充(充)	[空]	tshon1(tsʰoŋ⁵³)	true	tshon1	暂无	自旧档汇入	2023-07-05T08:47:08+08:00
浦东·川沙	匆(匆)	[空]	tshon1(tsʰoŋ⁵³)	true	tshon1	暂无	自旧档汇入	2023-07-05T08:47:08+08:00
浦东·川沙	囱(囪)	[空]	tshon1(tsʰoŋ⁵³)	true	tshon1	暂无	自旧档汇入	2023-07-05T08:47:08+08:00
浦东·川沙	从(從)	~容	tshon1(tsʰoŋ⁵³)	true	tshon1	暂无	自旧档汇入	2023-07-05T08:47:08+08:00
浦东·川沙	冲(沖)	[空]	tshon1(tsʰoŋ⁵³)	true	tshon1	暂无	自旧档汇入	2023-07-05T08:47:08+08:00
浦东·川沙	聪(聰)	[空]	tshon1(tsʰoŋ⁵³)	true	tshon1	暂无	自旧档汇入	2023-07-05T08:47:08+08:00
浦东·川沙	葱(蔥)	[空]	tshon1(tsʰoŋ⁵³)	true	tshon1	暂无	自旧档汇入	2023-07-05T08:47:08+08:00
浦东·川沙	宠(寵)	[空]	tshon5(tsʰoŋ³⁵)	true	tshon5	暂无	自旧档汇入	2023-07-05T08:47:08+08:00
浦东·川沙	铳(銃)	[空]	tshon5(tsʰoŋ³⁵)	true	tshon5	暂无	自旧档汇入	2023-07-05T08:47:08+08:00
浦东·川沙	𥅻(𥅻)	瞌~，瞌睡	tshon5(tsʰoŋ³⁵)	true	tshon5	暂无	自旧档汇入	2023-07-05T08:47:08+08:00
浦东·川沙	□(□)	~出去，向前倾	tshon5(tsʰoŋ³⁵)	true	tshon5	暂无	自旧档汇入	2023-07-05T08:47:08+08:00
浦东·川沙	丛(叢)	[空]	zon2(zoŋ²¹³)	true	zon2	暂无	自旧档汇入	2023-07-05T08:47:08+08:00
浦东·川沙	崇(崇)	[空]	zon2(zoŋ²¹³)	true	zon2	暂无	自旧档汇入	2023-07-05T08:47:08+08:00
浦东·川沙	从(從)	[空]	zon2(zoŋ²¹³)	true	zon2	暂无	自旧档汇入	2023-07-05T08:47:08+08:00
浦东·川沙	戎(戎)	[空]	zon2(zoŋ²¹³)	true	zon2	暂无	自旧档汇入	2023-07-05T08:47:08+08:00
浦东·川沙	迭(疊)	[空]	zon2(zoŋ²¹³)	true	zon2	暂无	自旧档汇入	2023-07-05T08:47:08+08:00
浦东·川沙	茸(茸)	[空]	zon2(zoŋ²¹³)	true	zon2	暂无	自旧档汇入	2023-07-05T08:47:08+08:00
浦东·川沙	虫(蟲)	[空]	zon2(zoŋ²¹³)	true	zon2	暂无	自旧档汇入	2023-07-05T08:47:08+08:00
浦东·川沙	重(重)	~叠	zon2(zoŋ²¹³)	true	zon2	暂无	自旧档汇入	2023-07-05T08:47:08+08:00
浦东·川沙	重(重)	轻~	zon2(zoŋ²¹³)	true	zon2	暂无	自旧档汇入	2023-07-05T08:47:08+08:00
浦东·川沙	仲(仲)	[空]	zon6(zoŋ¹³)	true	zon6	暂无	自旧档汇入	2023-07-05T08:47:08+08:00
浦东·川沙	讼(訟)	[空]	zon6(zoŋ¹³)	true	zon6	暂无	自旧档汇入	2023-07-05T08:47:08+08:00
浦东·川沙	诵(誦)	[空]	zon6(zoŋ¹³)	true	zon6	暂无	自旧档汇入	2023-07-05T08:47:08+08:00
浦东·川沙	颂(頌)	[空]	zon6(zoŋ¹³)	true	zon6	暂无	自旧档汇入	2023-07-05T08:47:08+08:00
浦东·川沙	翁(翁)	[空]	on1(oŋ⁵³)	true	on1	暂无	自旧档汇入	2023-07-05T08:47:08+08:00
浦东·川沙	蕹(蕹)	~菜，空心菜	on1(oŋ⁵³)	true	on1	暂无	自旧档汇入	2023-07-05T08:47:08+08:00
浦东·川沙	瓮(甕)	[空]	on5(oŋ³⁵)	true	on5	暂无	自旧档汇入	2023-07-05T08:47:08+08:00
浦东·川沙	齆(齆)	[空]	on5(oŋ³⁵)	true	on5	暂无	自旧档汇入	2023-07-05T08:47:08+08:00
浦东·川沙	□(□)	脚~下去，陷	on5(oŋ³⁵)	true	on5	暂无	自旧档汇入	2023-07-05T08:47:08+08:00
浦东·川沙	仆(僕)	~人	boq8(boʔ²³)	true	boq8	暂无	自旧档汇入	2023-07-05T08:47:08+08:00
浦东·川沙	箔(箔)	[空]	boq8(boʔ²³)	true	boq8	暂无	自旧档汇入	2023-07-05T08:47:08+08:00
浦东·川沙	薄(薄)	[空]	boq8(boʔ²³)	true	boq8	暂无	自旧档汇入	2023-07-05T08:47:08+08:00
浦东·川沙	剥(剝)	[空]	poq7(ɓoʔ⁵)	true	poq7	暂无	自旧档汇入	2023-07-05T08:47:08+08:00
浦东·川沙	北(北)	[空]	poq7(ɓoʔ⁵)	true	poq7	暂无	自旧档汇入	2023-07-05T08:47:08+08:00
浦东·川沙	博(博)	[空]	poq7(ɓoʔ⁵)	true	poq7	暂无	自旧档汇入	2023-07-05T08:47:08+08:00
浦东·川沙	卜(卜)	~卦	poq7(ɓoʔ⁵)	true	poq7	暂无	自旧档汇入	2023-07-05T08:47:08+08:00
浦东·川沙	膊(膊)	赤~	poq7(ɓoʔ⁵)	true	poq7	暂无	自旧档汇入	2023-07-05T08:47:08+08:00
浦东·川沙	驳(駁)	[空]	poq7(ɓoʔ⁵)	true	poq7	暂无	自旧档汇入	2023-07-05T08:47:08+08:00
浦东·川沙	椟(櫝)	[空]	doq8(doʔ²³)	true	doq8	暂无	自旧档汇入	2023-07-05T08:47:08+08:00
浦东·川沙	毒(毒)	[空]	doq8(doʔ²³)	true	doq8	暂无	自旧档汇入	2023-07-05T08:47:08+08:00
浦东·川沙	牍(牘)	[空]	doq8(doʔ²³)	true	doq8	暂无	自旧档汇入	2023-07-05T08:47:08+08:00
浦东·川沙	犊(犢)	[空]	doq8(doʔ²³)	true	doq8	暂无	自旧档汇入	2023-07-05T08:47:08+08:00
浦东·川沙	独(獨)	[空]	doq8(doʔ²³)	true	doq8	暂无	自旧档汇入	2023-07-05T08:47:08+08:00
浦东·川沙	读(讀)	[空]	doq8(doʔ²³)	true	doq8	暂无	自旧档汇入	2023-07-05T08:47:08+08:00
浦东·川沙	□(□)	水拉~，沸腾	doq8(doʔ²³)	true	doq8	暂无	自旧档汇入	2023-07-05T08:47:08+08:00
浦东·川沙	督(督)	[空]	toq7(ɗoʔ⁵)	true	toq7	暂无	自旧档汇入	2023-07-05T08:47:08+08:00
浦东·川沙	笃(篤)	[空]	toq7(ɗoʔ⁵)	true	toq7	暂无	自旧档汇入	2023-07-05T08:47:08+08:00
浦东·川沙	𡰪(𡰪)	女阴	toq7(ɗoʔ⁵)	true	toq7	暂无	自旧档汇入	2023-07-05T08:47:08+08:00
浦东·川沙	□(□)	女阴	toq7(ɗoʔ⁵)	true	toq7	暂无	自旧档汇入	2023-07-05T08:47:08+08:00
浦东·川沙	幅(幅)	[空]	hoq7(hoʔ⁵)	true	hoq7	暂无	自旧档汇入	2023-07-05T08:47:08+08:00
浦东·川沙	福(福)	[空]	hoq7(hoʔ⁵)	true	hoq7	暂无	自旧档汇入	2023-07-05T08:47:08+08:00
浦东·川沙	腹(腹)	[空]	hoq7(hoʔ⁵)	true	hoq7	暂无	自旧档汇入	2023-07-05T08:47:08+08:00
浦东·川沙	蝠(蝠)	[空]	hoq7(hoʔ⁵)	true	hoq7	暂无	自旧档汇入	2023-07-05T08:47:08+08:00
浦东·川沙	复(複)	[空]	hoq7(hoʔ⁵)	true	hoq7	暂无	自旧档汇入	2023-07-05T08:47:08+08:00
浦东·川沙	覆(覆)	[空]	hoq7(hoʔ⁵)	true	hoq7	暂无	自旧档汇入	2023-07-05T08:47:08+08:00
浦东·川沙	伏(伏)	[空]	ghoq8(ɦoʔ²³)	true	ghoq8	暂无	自旧档汇入	2023-07-05T08:47:08+08:00
浦东·川沙	惑(惑)	[空]	ghoq8(ɦoʔ²³)	true	ghoq8	暂无	自旧档汇入	2023-07-05T08:47:08+08:00
浦东·川沙	或(或)	[空]	ghoq8(ɦoʔ²³)	true	ghoq8	暂无	自旧档汇入	2023-07-05T08:47:08+08:00
浦东·川沙	斛(斛)	两~一石	ghoq8(ɦoʔ²³)	true	ghoq8	暂无	自旧档汇入	2023-07-05T08:47:08+08:00
浦东·川沙	服(服)	[空]	ghoq8(ɦoʔ²³)	true	ghoq8	暂无	自旧档汇入	2023-07-05T08:47:08+08:00
浦东·川沙	获(獲)	[空]	ghoq8(ɦoʔ²³)	true	ghoq8	暂无	自旧档汇入	2023-07-05T08:47:08+08:00
浦东·川沙	复(復)	恢~	ghoq8(ɦoʔ²³)	true	ghoq8	暂无	自旧档汇入	2023-07-05T08:47:08+08:00
浦东·川沙	国(國)	[空]	koq7(koʔ⁵)	true	koq7	暂无	自旧档汇入	2023-07-05T08:47:08+08:00
浦东·川沙	谷(穀)	[空]	koq7(koʔ⁵)	true	koq7	暂无	自旧档汇入	2023-07-05T08:47:08+08:00
浦东·川沙	谷(谷)	[空]	koq7(koʔ⁵)	true	koq7	暂无	自旧档汇入	2023-07-05T08:47:08+08:00
浦东·川沙	哭(哭)	[空]	khoq7(kʰoʔ⁵)	true	khoq7	暂无	自旧档汇入	2023-07-05T08:47:08+08:00
浦东·川沙	醋(醋)	[空]	khoq7(kʰoʔ⁵)	true	khoq7	暂无	自旧档汇入	2023-07-05T08:47:08+08:00
浦东·川沙	六(六)	[空]	loq8(loʔ²³)	true	loq8	暂无	自旧档汇入	2023-07-05T08:47:08+08:00
浦东·川沙	禄(祿)	[空]	loq8(loʔ²³)	true	loq8	暂无	自旧档汇入	2023-07-05T08:47:08+08:00
浦东·川沙	绿(綠)	[空]	loq8(loʔ²³)	true	loq8	暂无	自旧档汇入	2023-07-05T08:47:08+08:00
浦东·川沙	录(錄)	[空]	loq8(loʔ²³)	true	loq8	暂无	自旧档汇入	2023-07-05T08:47:08+08:00
浦东·川沙	陆(陸)	[空]	loq8(loʔ²³)	true	loq8	暂无	自旧档汇入	2023-07-05T08:47:08+08:00
浦东·川沙	鹿(鹿)	[空]	loq8(loʔ²³)	true	loq8	暂无	自旧档汇入	2023-07-05T08:47:08+08:00
浦东·川沙	䟿(䟿)	[空]	loq8(loʔ²³)	true	loq8	暂无	自旧档汇入	2023-07-05T08:47:08+08:00
浦东·川沙	□(□)	~起来，起床，起来	loq8(loʔ²³)	true	loq8	暂无	自旧档汇入	2023-07-05T08:47:08+08:00
浦东·川沙	寞(寞)	[空]	moq8(moʔ²³)	true	moq8	暂无	自旧档汇入	2023-07-05T08:47:08+08:00
浦东·川沙	摸(摸)	[空]	moq8(moʔ²³)	true	moq8	暂无	自旧档汇入	2023-07-05T08:47:08+08:00
浦东·川沙	木(木)	[空]	moq8(moʔ²³)	true	moq8	暂无	自旧档汇入	2023-07-05T08:47:08+08:00
浦东·川沙	漠(漠)	[空]	moq8(moʔ²³)	true	moq8	暂无	自旧档汇入	2023-07-05T08:47:08+08:00
浦东·川沙	牧(牧)	[空]	moq8(moʔ²³)	true	moq8	暂无	自旧档汇入	2023-07-05T08:47:08+08:00
浦东·川沙	目(目)	[空]	moq8(moʔ²³)	true	moq8	暂无	自旧档汇入	2023-07-05T08:47:08+08:00
浦东·川沙	睦(睦)	[空]	moq8(moʔ²³)	true	moq8	暂无	自旧档汇入	2023-07-05T08:47:08+08:00
浦东·川沙	穆(穆)	[空]	moq8(moʔ²³)	true	moq8	暂无	自旧档汇入	2023-07-05T08:47:08+08:00
浦东·川沙	膜(膜)	[空]	moq8(moʔ²³)	true	moq8	暂无	自旧档汇入	2023-07-05T08:47:08+08:00
浦东·川沙	莫(莫)	[空]	moq8(moʔ²³)	true	moq8	暂无	自旧档汇入	2023-07-05T08:47:08+08:00
浦东·川沙	仆(僕)	~倒	phoq7(pʰoʔ⁵)	true	phoq7	暂无	自旧档汇入	2023-07-05T08:47:08+08:00
浦东·川沙	扑(撲)	[空]	phoq7(pʰoʔ⁵)	true	phoq7	暂无	自旧档汇入	2023-07-05T08:47:08+08:00
浦东·川沙	朴(樸)	[空]	phoq7(pʰoʔ⁵)	true	phoq7	暂无	自旧档汇入	2023-07-05T08:47:08+08:00
浦东·川沙	□(□)	~肉，肥肉	phoq7(pʰoʔ⁵)	true	phoq7	暂无	自旧档汇入	2023-07-05T08:47:08+08:00
浦东·川沙	叔(叔)	[空]	soq7(soʔ⁵)	true	soq7	暂无	自旧档汇入	2023-07-05T08:47:08+08:00
浦东·川沙	塑(塑)	~料	soq7(soʔ⁵)	true	soq7	暂无	自旧档汇入	2023-07-05T08:47:08+08:00
浦东·川沙	宿(宿)	[空]	soq7(soʔ⁵)	true	soq7	暂无	自旧档汇入	2023-07-05T08:47:08+08:00
浦东·川沙	料(料)	[空]	soq7(soʔ⁵)	true	soq7	暂无	自旧档汇入	2023-07-05T08:47:08+08:00
浦东·川沙	束(束)	[空]	soq7(soʔ⁵)	true	soq7	暂无	自旧档汇入	2023-07-05T08:47:08+08:00
浦东·川沙	粟(粟)	[空]	soq7(soʔ⁵)	true	soq7	暂无	自旧档汇入	2023-07-05T08:47:08+08:00
浦东·川沙	肃(肅)	[空]	soq7(soʔ⁵)	true	soq7	暂无	自旧档汇入	2023-07-05T08:47:08+08:00
浦东·川沙	速(速)	[空]	soq7(soʔ⁵)	true	soq7	暂无	自旧档汇入	2023-07-05T08:47:08+08:00
浦东·川沙	秃(禿)	[空]	thoq7(tʰoʔ⁵)	true	thoq7	暂无	自旧档汇入	2023-07-05T08:47:08+08:00
浦东·川沙	□(□)	人~来哉，都	thoq7(tʰoʔ⁵)	true	thoq7	暂无	自旧档汇入	2023-07-05T08:47:08+08:00
浦东·川沙	嘱(囑)	[空]	tsoq7(tsoʔ⁵)	true	tsoq7	暂无	自旧档汇入	2023-07-05T08:47:08+08:00
浦东·川沙	烛(燭)	[空]	tsoq7(tsoʔ⁵)	true	tsoq7	暂无	自旧档汇入	2023-07-05T08:47:08+08:00
浦东·川沙	祝(祝)	[空]	tsoq7(tsoʔ⁵)	true	tsoq7	暂无	自旧档汇入	2023-07-05T08:47:08+08:00
浦东·川沙	竹(竹)	[空]	tsoq7(tsoʔ⁵)	true	tsoq7	暂无	自旧档汇入	2023-07-05T08:47:08+08:00
浦东·川沙	筑(築)	[空]	tsoq7(tsoʔ⁵)	true	tsoq7	暂无	自旧档汇入	2023-07-05T08:47:08+08:00
浦东·川沙	粥(粥)	[空]	tsoq7(tsoʔ⁵)	true	tsoq7	暂无	自旧档汇入	2023-07-05T08:47:08+08:00
浦东·川沙	足(足)	[空]	tsoq7(tsoʔ⁵)	true	tsoq7	暂无	自旧档汇入	2023-07-05T08:47:08+08:00
浦东·川沙	□(□)	~紧眉头，蹙	tsoq7(tsoʔ⁵)	true	tsoq7	暂无	自旧档汇入	2023-07-05T08:47:08+08:00
浦东·川沙	促(促)	[空]	tshoq7(tsʰoʔ⁵)	true	tshoq7	暂无	自旧档汇入	2023-07-05T08:47:08+08:00
浦东·川沙	戳(戳)	[空]	tshoq7(tsʰoʔ⁵)	true	tshoq7	暂无	自旧档汇入	2023-07-05T08:47:08+08:00
浦东·川沙	畜(畜)	~牲	tshoq7(tsʰoʔ⁵)	true	tshoq7	暂无	自旧档汇入	2023-07-05T08:47:08+08:00
浦东·川沙	触(觸)	[空]	tshoq7(tsʰoʔ⁵)	true	tshoq7	暂无	自旧档汇入	2023-07-05T08:47:08+08:00
浦东·川沙	俗(俗)	[空]	zoq8(zoʔ²³)	true	zoq8	暂无	自旧档汇入	2023-07-05T08:47:08+08:00
浦东·川沙	属(屬)	[空]	zoq8(zoʔ²³)	true	zoq8	暂无	自旧档汇入	2023-07-05T08:47:08+08:00
浦东·川沙	擉(擉)	~痛，戳	zoq8(zoʔ²³)	true	zoq8	暂无	自旧档汇入	2023-07-05T08:47:08+08:00
浦东·川沙	族(族)	[空]	zoq8(zoʔ²³)	true	zoq8	暂无	自旧档汇入	2023-07-05T08:47:08+08:00
浦东·川沙	淑(淑)	[空]	zoq8(zoʔ²³)	true	zoq8	暂无	自旧档汇入	2023-07-05T08:47:08+08:00
浦东·川沙	熟(熟)	[空]	zoq8(zoʔ²³)	true	zoq8	暂无	自旧档汇入	2023-07-05T08:47:08+08:00
浦东·川沙	续(續)	[空]	zoq8(zoʔ²³)	true	zoq8	暂无	自旧档汇入	2023-07-05T08:47:08+08:00
浦东·川沙	蜀(蜀)	[空]	zoq8(zoʔ²³)	true	zoq8	暂无	自旧档汇入	2023-07-05T08:47:08+08:00
浦东·川沙	赎(贖)	[空]	zoq8(zoʔ²³)	true	zoq8	暂无	自旧档汇入	2023-07-05T08:47:08+08:00
浦东·川沙	辱(辱)	[空]	zoq8(zoʔ²³)	true	zoq8	暂无	自旧档汇入	2023-07-05T08:47:08+08:00
浦东·川沙	屋(屋)	[空]	oq7(oʔ⁵)	true	oq7	暂无	自旧档汇入	2023-07-05T08:47:08+08:00
浦东·川沙	司(司)	[空]	sy1(sɿ⁵³)	true	sy1	暂无	自旧档汇入	2023-07-05T08:47:08+08:00
浦东·川沙	尿(尿)	[空]	sy1(sɿ⁵³)	true	sy1	暂无	自旧档汇入	2023-07-05T08:47:08+08:00
浦东·川沙	尸(屍)	[空]	sy1(sɿ⁵³)	true	sy1	暂无	自旧档汇入	2023-07-05T08:47:08+08:00
浦东·川沙	师(師)	[空]	sy1(sɿ⁵³)	true	sy1	暂无	自旧档汇入	2023-07-05T08:47:08+08:00
浦东·川沙	厮(廝)	[空]	sy1(sɿ⁵³)	true	sy1	暂无	自旧档汇入	2023-07-05T08:47:08+08:00
浦东·川沙	思(思)	[空]	sy1(sɿ⁵³)	true	sy1	暂无	自旧档汇入	2023-07-05T08:47:08+08:00
浦东·川沙	撕(撕)	[空]	sy1(sɿ⁵³)	true	sy1	暂无	自旧档汇入	2023-07-05T08:47:08+08:00
浦东·川沙	斯(斯)	[空]	sy1(sɿ⁵³)	true	sy1	暂无	自旧档汇入	2023-07-05T08:47:08+08:00
浦东·川沙	施(施)	[空]	sy1(sɿ⁵³)	true	sy1	暂无	自旧档汇入	2023-07-05T08:47:08+08:00
浦东·川沙	梳(梳)	[空]	sy1(sɿ⁵³)	true	sy1	暂无	自旧档汇入	2023-07-05T08:47:08+08:00
浦东·川沙	狮(獅)	[空]	sy1(sɿ⁵³)	true	sy1	暂无	自旧档汇入	2023-07-05T08:47:08+08:00
浦东·川沙	私(私)	[空]	sy1(sɿ⁵³)	true	sy1	暂无	自旧档汇入	2023-07-05T08:47:08+08:00
浦东·川沙	筛(篩)	[空]	sy1(sɿ⁵³)	true	sy1	暂无	自旧档汇入	2023-07-05T08:47:08+08:00
浦东·川沙	丝(絲)	[空]	sy1(sɿ⁵³)	true	sy1	暂无	自旧档汇入	2023-07-05T08:47:08+08:00
浦东·川沙	蛳(螄)	螺~	sy1(sɿ⁵³)	true	sy1	暂无	自旧档汇入	2023-07-05T08:47:08+08:00
浦东·川沙	诗(詩)	[空]	sy1(sɿ⁵³)	true	sy1	暂无	自旧档汇入	2023-07-05T08:47:08+08:00
浦东·川沙	豕(豕)	[空]	sy1(sɿ⁵³)	true	sy1	暂无	自旧档汇入	2023-07-05T08:47:08+08:00
浦东·川沙	使(使)	[空]	sy3(sɿ⁴⁴)	true	sy3	暂无	自旧档汇入	2023-07-05T08:47:08+08:00
浦东·川沙	史(史)	[空]	sy3(sɿ⁴⁴)	true	sy3	暂无	自旧档汇入	2023-07-05T08:47:08+08:00
浦东·川沙	始(始)	[空]	sy3(sɿ⁴⁴)	true	sy3	暂无	自旧档汇入	2023-07-05T08:47:08+08:00
浦东·川沙	死(死)	[空]	sy3(sɿ⁴⁴)	true	sy3	暂无	自旧档汇入	2023-07-05T08:47:08+08:00
浦东·川沙	水(水)	白	sy3(sɿ⁴⁴)	true	sy3	暂无	自旧档汇入	2023-07-05T08:47:08+08:00
浦东·川沙	矢(矢)	[空]	sy3(sɿ⁴⁴)	true	sy3	暂无	自旧档汇入	2023-07-05T08:47:08+08:00
浦东·川沙	驶(駛)	[空]	sy3(sɿ⁴⁴)	true	sy3	暂无	自旧档汇入	2023-07-05T08:47:08+08:00
浦东·川沙	鼠(鼠)	老~。白	sy3(sɿ⁴⁴)	true	sy3	暂无	自旧档汇入	2023-07-05T08:47:08+08:00
浦东·川沙	世(世)	[空]	sy5(sɿ³⁵)	true	sy5	暂无	自旧档汇入	2023-07-05T08:47:08+08:00
浦东·川沙	势(勢)	[空]	sy5(sɿ³⁵)	true	sy5	暂无	自旧档汇入	2023-07-05T08:47:08+08:00
浦东·川沙	四(四)	[空]	sy5(sɿ³⁵)	true	sy5	暂无	自旧档汇入	2023-07-05T08:47:08+08:00
浦东·川沙	肆(肆)	[空]	sy5(sɿ³⁵)	true	sy5	暂无	自旧档汇入	2023-07-05T08:47:08+08:00
浦东·川沙	试(試)	[空]	sy5(sɿ³⁵)	true	sy5	暂无	自旧档汇入	2023-07-05T08:47:08+08:00
浦东·川沙	赐(賜)	[空]	sy5(sɿ³⁵)	true	sy5	暂无	自旧档汇入	2023-07-05T08:47:08+08:00
浦东·川沙	之(之)	[空]	tsy1(tsɿ⁵³)	true	tsy1	暂无	自旧档汇入	2023-07-05T08:47:08+08:00
浦东·川沙	姿(姿)	[空]	tsy1(tsɿ⁵³)	true	tsy1	暂无	自旧档汇入	2023-07-05T08:47:08+08:00
浦东·川沙	支(支)	[空]	tsy1(tsɿ⁵³)	true	tsy1	暂无	自旧档汇入	2023-07-05T08:47:08+08:00
浦东·川沙	枝(枝)	[空]	tsy1(tsɿ⁵³)	true	tsy1	暂无	自旧档汇入	2023-07-05T08:47:08+08:00
浦东·川沙	栀(梔)	[空]	tsy1(tsɿ⁵³)	true	tsy1	暂无	自旧档汇入	2023-07-05T08:47:08+08:00
浦东·川沙	滋(滋)	[空]	tsy1(tsɿ⁵³)	true	tsy1	暂无	自旧档汇入	2023-07-05T08:47:08+08:00
浦东·川沙	知(知)	[空]	tsy1(tsɿ⁵³)	true	tsy1	暂无	自旧档汇入	2023-07-05T08:47:08+08:00
浦东·川沙	肢(肢)	[空]	tsy1(tsɿ⁵³)	true	tsy1	暂无	自旧档汇入	2023-07-05T08:47:08+08:00
浦东·川沙	脂(脂)	[空]	tsy1(tsɿ⁵³)	true	tsy1	暂无	自旧档汇入	2023-07-05T08:47:08+08:00
浦东·川沙	芝(芝)	[空]	tsy1(tsɿ⁵³)	true	tsy1	暂无	自旧档汇入	2023-07-05T08:47:08+08:00
浦东·川沙	兹(茲)	[空]	tsy1(tsɿ⁵³)	true	tsy1	暂无	自旧档汇入	2023-07-05T08:47:08+08:00
浦东·川沙	咨(諮)	[空]	tsy1(tsɿ⁵³)	true	tsy1	暂无	自旧档汇入	2023-07-05T08:47:08+08:00
浦东·川沙	猪(豬)	[空]	tsy1(tsɿ⁵³)	true	tsy1	暂无	自旧档汇入	2023-07-05T08:47:08+08:00
浦东·川沙	资(資)	[空]	tsy1(tsɿ⁵³)	true	tsy1	暂无	自旧档汇入	2023-07-05T08:47:08+08:00
浦东·川沙	□(□)	水~出来，（从孔中）冒出	tsy1(tsɿ⁵³)	true	tsy1	暂无	自旧档汇入	2023-07-05T08:47:08+08:00
浦东·川沙	嘴(嘴)	白	tsy3(tsɿ⁴⁴)	true	tsy3	暂无	自旧档汇入	2023-07-05T08:47:08+08:00
浦东·川沙	址(址)	[空]	tsy3(tsɿ⁴⁴)	true	tsy3	暂无	自旧档汇入	2023-07-05T08:47:08+08:00
浦东·川沙	姊(姊)	~妹淘里	tsy3(tsɿ⁴⁴)	true	tsy3	暂无	自旧档汇入	2023-07-05T08:47:08+08:00
浦东·川沙	子(子)	[空]	tsy3(tsɿ⁴⁴)	true	tsy3	暂无	自旧档汇入	2023-07-05T08:47:08+08:00
浦东·川沙	指(指)	[空]	tsy3(tsɿ⁴⁴)	true	tsy3	暂无	自旧档汇入	2023-07-05T08:47:08+08:00
浦东·川沙	旨(旨)	[空]	tsy3(tsɿ⁴⁴)	true	tsy3	暂无	自旧档汇入	2023-07-05T08:47:08+08:00
浦东·川沙	梓(梓)	[空]	tsy3(tsɿ⁴⁴)	true	tsy3	暂无	自旧档汇入	2023-07-05T08:47:08+08:00
浦东·川沙	止(止)	[空]	tsy3(tsɿ⁴⁴)	true	tsy3	暂无	自旧档汇入	2023-07-05T08:47:08+08:00
浦东·川沙	淘(淘)	[空]	tsy3(tsɿ⁴⁴)	true	tsy3	暂无	自旧档汇入	2023-07-05T08:47:08+08:00
浦东·川沙	紫(紫)	[空]	tsy3(tsɿ⁴⁴)	true	tsy3	暂无	自旧档汇入	2023-07-05T08:47:08+08:00
浦东·川沙	里(裡)	[空]	tsy3(tsɿ⁴⁴)	true	tsy3	暂无	自旧档汇入	2023-07-05T08:47:08+08:00
浦东·川沙	趾(趾)	[空]	tsy3(tsɿ⁴⁴)	true	tsy3	暂无	自旧档汇入	2023-07-05T08:47:08+08:00
浦东·川沙	制(制)	[空]	tsy5(tsɿ³⁵)	true	tsy5	暂无	自旧档汇入	2023-07-05T08:47:08+08:00
浦东·川沙	剚(剚)	~鞋子：緔鞋	tsy5(tsɿ³⁵)	true	tsy5	暂无	自旧档汇入	2023-07-05T08:47:08+08:00
浦东·川沙	志(志)	[空]	tsy5(tsɿ³⁵)	true	tsy5	暂无	自旧档汇入	2023-07-05T08:47:08+08:00
浦东·川沙	智(智)	[空]	tsy5(tsɿ³⁵)	true	tsy5	暂无	自旧档汇入	2023-07-05T08:47:08+08:00
浦东·川沙	痣(痣)	[空]	tsy5(tsɿ³⁵)	true	tsy5	暂无	自旧档汇入	2023-07-05T08:47:08+08:00
浦东·川沙	置(置)	[空]	tsy5(tsɿ³⁵)	true	tsy5	暂无	自旧档汇入	2023-07-05T08:47:08+08:00
浦东·川沙	至(至)	[空]	tsy5(tsɿ³⁵)	true	tsy5	暂无	自旧档汇入	2023-07-05T08:47:08+08:00
浦东·川沙	吹(吹)	白	tshy1(tsʰɿ⁵³)	true	tshy1	暂无	自旧档汇入	2023-07-05T08:47:08+08:00
浦东·川沙	嗤(嗤)	[空]	tshy1(tsʰɿ⁵³)	true	tshy1	暂无	自旧档汇入	2023-07-05T08:47:08+08:00
浦东·川沙	此(此)	[空]	tshy1(tsʰɿ⁵³)	true	tshy1	暂无	自旧档汇入	2023-07-05T08:47:08+08:00
浦东·川沙	痴(癡)	[空]	tshy1(tsʰɿ⁵³)	true	tshy1	暂无	自旧档汇入	2023-07-05T08:47:08+08:00
浦东·川沙	眵(眵)	[空]	tshy1(tsʰɿ⁵³)	true	tshy1	暂无	自旧档汇入	2023-07-05T08:47:08+08:00
浦东·川沙	雌(雌)	[空]	tshy1(tsʰɿ⁵³)	true	tshy1	暂无	自旧档汇入	2023-07-05T08:47:08+08:00
浦东·川沙	侈(侈)	[空]	tshy3(tsʰɿ⁴⁴)	true	tshy3	暂无	自旧档汇入	2023-07-05T08:47:08+08:00
浦东·川沙	齿(齒)	[空]	tshy3(tsʰɿ⁴⁴)	true	tshy3	暂无	自旧档汇入	2023-07-05T08:47:08+08:00
浦东·川沙	刺(刺)	[空]	tshy5(tsʰɿ³⁵)	true	tshy5	暂无	自旧档汇入	2023-07-05T08:47:08+08:00
浦东·川沙	厕(廁)	[空]	tshy5(tsʰɿ³⁵)	true	tshy5	暂无	自旧档汇入	2023-07-05T08:47:08+08:00
浦东·川沙	次(次)	[空]	tshy5(tsʰɿ³⁵)	true	tshy5	暂无	自旧档汇入	2023-07-05T08:47:08+08:00
浦东·川沙	疵(疵)	[空]	tshy5(tsʰɿ³⁵)	true	tshy5	暂无	自旧档汇入	2023-07-05T08:47:08+08:00
浦东·川沙	翅(翅)	[空]	tshy5(tsʰɿ³⁵)	true	tshy5	暂无	自旧档汇入	2023-07-05T08:47:08+08:00
浦东·川沙	伺(伺)	[空]	zy2(zɿ²¹³)	true	zy2	暂无	自旧档汇入	2023-07-05T08:47:08+08:00
浦东·川沙	匙(匙)	钥~	zy2(zɿ²¹³)	true	zy2	暂无	自旧档汇入	2023-07-05T08:47:08+08:00
浦东·川沙	慈(慈)	[空]	zy2(zɿ²¹³)	true	zy2	暂无	自旧档汇入	2023-07-05T08:47:08+08:00
浦东·川沙	持(持)	[空]	zy2(zɿ²¹³)	true	zy2	暂无	自旧档汇入	2023-07-05T08:47:08+08:00
浦东·川沙	时(時)	[空]	zy2(zɿ²¹³)	true	zy2	暂无	自旧档汇入	2023-07-05T08:47:08+08:00
浦东·川沙	池(池)	[空]	zy2(zɿ²¹³)	true	zy2	暂无	自旧档汇入	2023-07-05T08:47:08+08:00
浦东·川沙	瓷(瓷)	[空]	zy2(zɿ²¹³)	true	zy2	暂无	自旧档汇入	2023-07-05T08:47:08+08:00
浦东·川沙	磁(磁)	[空]	zy2(zɿ²¹³)	true	zy2	暂无	自旧档汇入	2023-07-05T08:47:08+08:00
浦东·川沙	祠(祠)	[空]	zy2(zɿ²¹³)	true	zy2	暂无	自旧档汇入	2023-07-05T08:47:08+08:00
浦东·川沙	莳(蒔)	[空]	zy2(zɿ²¹³)	true	zy2	暂无	自旧档汇入	2023-07-05T08:47:08+08:00
浦东·川沙	词(詞)	[空]	zy2(zɿ²¹³)	true	zy2	暂无	自旧档汇入	2023-07-05T08:47:08+08:00
浦东·川沙	辞(辭)	[空]	zy2(zɿ²¹³)	true	zy2	暂无	自旧档汇入	2023-07-05T08:47:08+08:00
浦东·川沙	迟(遲)	[空]	zy2(zɿ²¹³)	true	zy2	暂无	自旧档汇入	2023-07-05T08:47:08+08:00
浦东·川沙	锄(鋤)	~头	zy2(zɿ²¹³)	true	zy2	暂无	自旧档汇入	2023-07-05T08:47:08+08:00
浦东·川沙	驰(馳)	[空]	zy2(zɿ²¹³)	true	zy2	暂无	自旧档汇入	2023-07-05T08:47:08+08:00
浦东·川沙	鲥(鰣)	[空]	zy2(zɿ²¹³)	true	zy2	暂无	自旧档汇入	2023-07-05T08:47:08+08:00
浦东·川沙	乳(乳)	~腐	zy2(zɿ²¹³)	true	zy2	暂无	自旧档汇入	2023-07-05T08:47:08+08:00
浦东·川沙	仕(仕)	[空]	zy2(zɿ²¹³)	true	zy2	暂无	自旧档汇入	2023-07-05T08:47:08+08:00
浦东·川沙	似(似)	[空]	zy2(zɿ²¹³)	true	zy2	暂无	自旧档汇入	2023-07-05T08:47:08+08:00
浦东·川沙	俟(俟)	[空]	zy2(zɿ²¹³)	true	zy2	暂无	自旧档汇入	2023-07-05T08:47:08+08:00
浦东·川沙	士(士)	[空]	zy2(zɿ²¹³)	true	zy2	暂无	自旧档汇入	2023-07-05T08:47:08+08:00
浦东·川沙	巳(巳)	[空]	zy2(zɿ²¹³)	true	zy2	暂无	自旧档汇入	2023-07-05T08:47:08+08:00
浦东·川沙	市(市)	[空]	zy2(zɿ²¹³)	true	zy2	暂无	自旧档汇入	2023-07-05T08:47:08+08:00
浦东·川沙	恃(恃)	[空]	zy2(zɿ²¹³)	true	zy2	暂无	自旧档汇入	2023-07-05T08:47:08+08:00
浦东·川沙	是(是)	[空]	zy2(zɿ²¹³)	true	zy2	暂无	自旧档汇入	2023-07-05T08:47:08+08:00
浦东·川沙	柿(柿)	[空]	zy2(zɿ²¹³)	true	zy2	暂无	自旧档汇入	2023-07-05T08:47:08+08:00
浦东·川沙	氏(氏)	[空]	zy2(zɿ²¹³)	true	zy2	暂无	自旧档汇入	2023-07-05T08:47:08+08:00
浦东·川沙	痔(痔)	[空]	zy2(zɿ²¹³)	true	zy2	暂无	自旧档汇入	2023-07-05T08:47:08+08:00
浦东·川沙	祀(祀)	[空]	zy2(zɿ²¹³)	true	zy2	暂无	自旧档汇入	2023-07-05T08:47:08+08:00
浦东·川沙	事(事)	[空]	zy6(zɿ¹³)	true	zy6	暂无	自旧档汇入	2023-07-05T08:47:08+08:00
浦东·川沙	侍(侍)	[空]	zy6(zɿ¹³)	true	zy6	暂无	自旧档汇入	2023-07-05T08:47:08+08:00
浦东·川沙	嗜(嗜)	[空]	zy6(zɿ¹³)	true	zy6	暂无	自旧档汇入	2023-07-05T08:47:08+08:00
浦东·川沙	嗣(嗣)	[空]	zy6(zɿ¹³)	true	zy6	暂无	自旧档汇入	2023-07-05T08:47:08+08:00
浦东·川沙	字(字)	[空]	zy6(zɿ¹³)	true	zy6	暂无	自旧档汇入	2023-07-05T08:47:08+08:00
浦东·川沙	寺(寺)	[空]	zy6(zɿ¹³)	true	zy6	暂无	自旧档汇入	2023-07-05T08:47:08+08:00
浦东·川沙	治(治)	[空]	zy6(zɿ¹³)	true	zy6	暂无	自旧档汇入	2023-07-05T08:47:08+08:00
浦东·川沙	滞(滯)	[空]	zy6(zɿ¹³)	true	zy6	暂无	自旧档汇入	2023-07-05T08:47:08+08:00
浦东·川沙	示(示)	[空]	zy6(zɿ¹³)	true	zy6	暂无	自旧档汇入	2023-07-05T08:47:08+08:00
浦东·川沙	稚(稚)	[空]	zy6(zɿ¹³)	true	zy6	暂无	自旧档汇入	2023-07-05T08:47:08+08:00
浦东·川沙	自(自)	[空]	zy6(zɿ¹³)	true	zy6	暂无	自旧档汇入	2023-07-05T08:47:08+08:00
浦东·川沙	视(視)	[空]	zy6(zɿ¹³)	true	zy6	暂无	自旧档汇入	2023-07-05T08:47:08+08:00
浦东·川沙	誓(誓)	[空]	zy6(zɿ¹³)	true	zy6	暂无	自旧档汇入	2023-07-05T08:47:08+08:00
浦东·川沙	逝(逝)	[空]	zy6(zɿ¹³)	true	zy6	暂无	自旧档汇入	2023-07-05T08:47:08+08:00
浦东·川沙	饲(飼)	[空]	zy6(zɿ¹³)	true	zy6	暂无	自旧档汇入	2023-07-05T08:47:08+08:00
浦东·川沙	婆(婆)	[空]	bu2(bu²¹³)	true	bu2	暂无	自旧档汇入	2023-07-05T08:47:08+08:00
浦东·川沙	脯(脯)	胸~	bu2(bu²¹³)	true	bu2	暂无	自旧档汇入	2023-07-05T08:47:08+08:00
浦东·川沙	菩(菩)	[空]	bu2(bu²¹³)	true	bu2	暂无	自旧档汇入	2023-07-05T08:47:08+08:00
浦东·川沙	蒲(蒲)	[空]	bu2(bu²¹³)	true	bu2	暂无	自旧档汇入	2023-07-05T08:47:08+08:00
浦东·川沙	篰(篰)	竹筐	bu2(bu²¹³)	true	bu2	暂无	自旧档汇入	2023-07-05T08:47:08+08:00
浦东·川沙	簿(簿)	[空]	bu2(bu²¹³)	true	bu2	暂无	自旧档汇入	2023-07-05T08:47:08+08:00
浦东·川沙	部(部)	[空]	bu2(bu²¹³)	true	bu2	暂无	自旧档汇入	2023-07-05T08:47:08+08:00
浦东·川沙	伏(伏)	~下来，蹲下	bu6(bu¹³)	true	bu6	暂无	自旧档汇入	2023-07-05T08:47:08+08:00
浦东·川沙	埠(埠)	[空]	bu6(bu¹³)	true	bu6	暂无	自旧档汇入	2023-07-05T08:47:08+08:00
浦东·川沙	孵(孵)	[空]	bu6(bu¹³)	true	bu6	暂无	自旧档汇入	2023-07-05T08:47:08+08:00
浦东·川沙	捕(捕)	[空]	bu6(bu¹³)	true	bu6	暂无	自旧档汇入	2023-07-05T08:47:08+08:00
浦东·川沙	步(步)	[空]	bu6(bu¹³)	true	bu6	暂无	自旧档汇入	2023-07-05T08:47:08+08:00
浦东·川沙	□(□)	~下来，蹲下	bu6(bu¹³)	true	bu6	暂无	自旧档汇入	2023-07-05T08:47:08+08:00
浦东·川沙	波(波)	[空]	pu1(ɓu⁵³)	true	pu1	暂无	自旧档汇入	2023-07-05T08:47:08+08:00
浦东·川沙	玻(玻)	[空]	pu1(ɓu⁵³)	true	pu1	暂无	自旧档汇入	2023-07-05T08:47:08+08:00
浦东·川沙	菠(菠)	[空]	pu1(ɓu⁵³)	true	pu1	暂无	自旧档汇入	2023-07-05T08:47:08+08:00
浦东·川沙	簸(簸)	[空]	pu3(ɓu⁴⁴)	true	pu3	暂无	自旧档汇入	2023-07-05T08:47:08+08:00
浦东·川沙	补(補)	[空]	pu3(ɓu⁴⁴)	true	pu3	暂无	自旧档汇入	2023-07-05T08:47:08+08:00
浦东·川沙	谱(譜)	家~	pu3(ɓu⁴⁴)	true	pu3	暂无	自旧档汇入	2023-07-05T08:47:08+08:00
浦东·川沙	布(布)	[空]	pu5(ɓu³⁵)	true	pu5	暂无	自旧档汇入	2023-07-05T08:47:08+08:00
浦东·川沙	怖(怖)	[空]	pu5(ɓu³⁵)	true	pu5	暂无	自旧档汇入	2023-07-05T08:47:08+08:00
浦东·川沙	播(播)	[空]	pu5(ɓu³⁵)	true	pu5	暂无	自旧档汇入	2023-07-05T08:47:08+08:00
浦东·川沙	图(圖)	【校】原文声调作阴平，显误，径改	du2(du²¹³)	true	du2	暂无	自旧档汇入	2023-07-05T08:47:08+08:00
浦东·川沙	涂(塗)	【校】原文声调作阴平，显误，径改	du2(du²¹³)	true	du2	暂无	自旧档汇入	2023-07-05T08:47:08+08:00
浦东·川沙	屠(屠)	【校】原文声调作阴平，显误，径改	du2(du²¹³)	true	du2	暂无	自旧档汇入	2023-07-05T08:47:08+08:00
浦东·川沙	徒(徒)	【校】原文声调作阴平，显误，径改	du2(du²¹³)	true	du2	暂无	自旧档汇入	2023-07-05T08:47:08+08:00
浦东·川沙	途(途)	【校】原文声调作阴平，显误，径改	du2(du²¹³)	true	du2	暂无	自旧档汇入	2023-07-05T08:47:08+08:00
浦东·川沙	驮(馱)	【校】原文声调作阴平，显误，径改	du2(du²¹³)	true	du2	暂无	自旧档汇入	2023-07-05T08:47:08+08:00
浦东·川沙	驼(駝)	【校】原文声调作阴平，显误，径改	du2(du²¹³)	true	du2	暂无	自旧档汇入	2023-07-05T08:47:08+08:00
浦东·川沙	惰(惰)	[空]	du2(du²¹³)	true	du2	暂无	自旧档汇入	2023-07-05T08:47:08+08:00
浦东·川沙	杜(杜)	[空]	du2(du²¹³)	true	du2	暂无	自旧档汇入	2023-07-05T08:47:08+08:00
浦东·川沙	肚(肚)	~皮，肚子	du2(du²¹³)	true	du2	暂无	自旧档汇入	2023-07-05T08:47:08+08:00
浦东·川沙	舵(舵)	[空]	du2(du²¹³)	true	du2	暂无	自旧档汇入	2023-07-05T08:47:08+08:00
浦东·川沙	大(大)	[空]	du6(du¹³)	true	du6	暂无	自旧档汇入	2023-07-05T08:47:08+08:00
浦东·川沙	度(度)	[空]	du6(du¹³)	true	du6	暂无	自旧档汇入	2023-07-05T08:47:08+08:00
浦东·川沙	渡(渡)	[空]	du6(du¹³)	true	du6	暂无	自旧档汇入	2023-07-05T08:47:08+08:00
浦东·川沙	镀(鍍)	[空]	du6(du¹³)	true	du6	暂无	自旧档汇入	2023-07-05T08:47:08+08:00
浦东·川沙	多(多)	[空]	tu1(ɗu⁵³)	true	tu1	暂无	自旧档汇入	2023-07-05T08:47:08+08:00
浦东·川沙	都(都)	[空]	tu1(ɗu⁵³)	true	tu1	暂无	自旧档汇入	2023-07-05T08:47:08+08:00
浦东·川沙	堵(堵)	[空]	tu3(ɗu⁴⁴)	true	tu3	暂无	自旧档汇入	2023-07-05T08:47:08+08:00
浦东·川沙	朵(朵)	[空]	tu3(ɗu⁴⁴)	true	tu3	暂无	自旧档汇入	2023-07-05T08:47:08+08:00
浦东·川沙	睹(睹)	[空]	tu3(ɗu⁴⁴)	true	tu3	暂无	自旧档汇入	2023-07-05T08:47:08+08:00
浦东·川沙	肚(肚)	猪~	tu3(ɗu⁴⁴)	true	tu3	暂无	自旧档汇入	2023-07-05T08:47:08+08:00
浦东·川沙	赌(賭)	[空]	tu3(ɗu⁴⁴)	true	tu3	暂无	自旧档汇入	2023-07-05T08:47:08+08:00
浦东·川沙	躲(躲)	[空]	tu3(ɗu⁴⁴)	true	tu3	暂无	自旧档汇入	2023-07-05T08:47:08+08:00
浦东·川沙	妒(妒)	[空]	tu5(ɗu³⁵)	true	tu5	暂无	自旧档汇入	2023-07-05T08:47:08+08:00
浦东·川沙	□(□)	唠叨，咕哝	gu2(ɡu²¹³)	true	gu2	暂无	自旧档汇入	2023-07-05T08:47:08+08:00
浦东·川沙	哥(哥)	[空]	ku1(ku⁵³)	true	ku1	暂无	自旧档汇入	2023-07-05T08:47:08+08:00
浦东·川沙	姑(姑)	[空]	ku1(ku⁵³)	true	ku1	暂无	自旧档汇入	2023-07-05T08:47:08+08:00
浦东·川沙	姑(姑)	[空]	ku1(ku⁵³)	true	ku1	暂无	自旧档汇入	2023-07-05T08:47:08+08:00
浦东·川沙	孤(孤)	[空]	ku1(ku⁵³)	true	ku1	暂无	自旧档汇入	2023-07-05T08:47:08+08:00
浦东·川沙	戈(戈)	[空]	ku1(ku⁵³)	true	ku1	暂无	自旧档汇入	2023-07-05T08:47:08+08:00
浦东·川沙	歌(歌)	[空]	ku1(ku⁵³)	true	ku1	暂无	自旧档汇入	2023-07-05T08:47:08+08:00
浦东·川沙	箍(箍)	[空]	ku1(ku⁵³)	true	ku1	暂无	自旧档汇入	2023-07-05T08:47:08+08:00
浦东·川沙	蜗(蝸)	~牛	ku1(ku⁵³)	true	ku1	暂无	自旧档汇入	2023-07-05T08:47:08+08:00
浦东·川沙	锅(鍋)	[空]	ku1(ku⁵³)	true	ku1	暂无	自旧档汇入	2023-07-05T08:47:08+08:00
浦东·川沙	估(估)	[空]	ku3(ku⁴⁴)	true	ku3	暂无	自旧档汇入	2023-07-05T08:47:08+08:00
浦东·川沙	古(古)	[空]	ku3(ku⁴⁴)	true	ku3	暂无	自旧档汇入	2023-07-05T08:47:08+08:00
浦东·川沙	果(果)	[空]	ku3(ku⁴⁴)	true	ku3	暂无	自旧档汇入	2023-07-05T08:47:08+08:00
浦东·川沙	枯(枯)	[空]	ku3(ku⁴⁴)	true	ku3	暂无	自旧档汇入	2023-07-05T08:47:08+08:00
浦东·川沙	股(股)	[空]	ku3(ku⁴⁴)	true	ku3	暂无	自旧档汇入	2023-07-05T08:47:08+08:00
浦东·川沙	裹(裹)	[空]	ku3(ku⁴⁴)	true	ku3	暂无	自旧档汇入	2023-07-05T08:47:08+08:00
浦东·川沙	鼓(鼓)	[空]	ku3(ku⁴⁴)	true	ku3	暂无	自旧档汇入	2023-07-05T08:47:08+08:00
浦东·川沙	个(個)	~人	ku5(ku³⁵)	true	ku5	暂无	自旧档汇入	2023-07-05T08:47:08+08:00
浦东·川沙	固(固)	[空]	ku5(ku³⁵)	true	ku5	暂无	自旧档汇入	2023-07-05T08:47:08+08:00
浦东·川沙	故(故)	[空]	ku5(ku³⁵)	true	ku5	暂无	自旧档汇入	2023-07-05T08:47:08+08:00
浦东·川沙	过(過)	[空]	ku5(ku³⁵)	true	ku5	暂无	自旧档汇入	2023-07-05T08:47:08+08:00
浦东·川沙	雇(雇)	[空]	ku5(ku³⁵)	true	ku5	暂无	自旧档汇入	2023-07-05T08:47:08+08:00
浦东·川沙	顾(顧)	[空]	ku5(ku³⁵)	true	ku5	暂无	自旧档汇入	2023-07-05T08:47:08+08:00
浦东·川沙	枯(枯)	[空]	khu1(kʰu⁵³)	true	khu1	暂无	自旧档汇入	2023-07-05T08:47:08+08:00
浦东·川沙	棵(棵)	[空]	khu1(kʰu⁵³)	true	khu1	暂无	自旧档汇入	2023-07-05T08:47:08+08:00
浦东·川沙	科(科)	[空]	khu1(kʰu⁵³)	true	khu1	暂无	自旧档汇入	2023-07-05T08:47:08+08:00
浦东·川沙	窠(窠)	[空]	khu1(kʰu⁵³)	true	khu1	暂无	自旧档汇入	2023-07-05T08:47:08+08:00
浦东·川沙	颗(顆)	[空]	khu1(kʰu⁵³)	true	khu1	暂无	自旧档汇入	2023-07-05T08:47:08+08:00
浦东·川沙	苦(苦)	[空]	khu3(kʰu⁴⁴)	true	khu3	暂无	自旧档汇入	2023-07-05T08:47:08+08:00
浦东·川沙	库(庫)	[空]	khu5(kʰu³⁵)	true	khu5	暂无	自旧档汇入	2023-07-05T08:47:08+08:00
浦东·川沙	裤(褲)	[空]	khu5(kʰu³⁵)	true	khu5	暂无	自旧档汇入	2023-07-05T08:47:08+08:00
浦东·川沙	课(課)	[空]	khu5(kʰu³⁵)	true	khu5	暂无	自旧档汇入	2023-07-05T08:47:08+08:00
浦东·川沙	啰(啰)	~唆	lu1(lu⁵³)	true	lu1	暂无	自旧档汇入	2023-07-05T08:47:08+08:00
浦东·川沙	鲁(魯)	姓	lu1(lu⁵³)	true	lu1	暂无	自旧档汇入	2023-07-05T08:47:08+08:00
浦东·川沙	□(□)	用手贴近表面轻掠	lu1(lu⁵³)	true	lu1	暂无	自旧档汇入	2023-07-05T08:47:08+08:00
浦东·川沙	庐(廬)	[空]	lu2(lu²¹³)	true	lu2	暂无	自旧档汇入	2023-07-05T08:47:08+08:00
浦东·川沙	炉(爐)	[空]	lu2(lu²¹³)	true	lu2	暂无	自旧档汇入	2023-07-05T08:47:08+08:00
浦东·川沙	猡(玀)	猪~	lu2(lu²¹³)	true	lu2	暂无	自旧档汇入	2023-07-05T08:47:08+08:00
浦东·川沙	卢(盧)	[空]	lu2(lu²¹³)	true	lu2	暂无	自旧档汇入	2023-07-05T08:47:08+08:00
浦东·川沙	箩(籮)	[空]	lu2(lu²¹³)	true	lu2	暂无	自旧档汇入	2023-07-05T08:47:08+08:00
浦东·川沙	罗(羅)	[空]	lu2(lu²¹³)	true	lu2	暂无	自旧档汇入	2023-07-05T08:47:08+08:00
浦东·川沙	脶(腡)	[空]	lu2(lu²¹³)	true	lu2	暂无	自旧档汇入	2023-07-05T08:47:08+08:00
浦东·川沙	芦(蘆)	[空]	lu2(lu²¹³)	true	lu2	暂无	自旧档汇入	2023-07-05T08:47:08+08:00
浦东·川沙	螺(螺)	[空]	lu2(lu²¹³)	true	lu2	暂无	自旧档汇入	2023-07-05T08:47:08+08:00
浦东·川沙	锣(鑼)	[空]	lu2(lu²¹³)	true	lu2	暂无	自旧档汇入	2023-07-05T08:47:08+08:00
浦东·川沙	驴(驢)	[空]	lu2(lu²¹³)	true	lu2	暂无	自旧档汇入	2023-07-05T08:47:08+08:00
浦东·川沙	卵(卵)	[空]	lu2(lu²¹³)	true	lu2	暂无	自旧档汇入	2023-07-05T08:47:08+08:00
浦东·川沙	橹(櫓)	[空]	lu2(lu²¹³)	true	lu2	暂无	自旧档汇入	2023-07-05T08:47:08+08:00
浦东·川沙	虏(虜)	[空]	lu2(lu²¹³)	true	lu2	暂无	自旧档汇入	2023-07-05T08:47:08+08:00
浦东·川沙	裸(裸)	[空]	lu2(lu²¹³)	true	lu2	暂无	自旧档汇入	2023-07-05T08:47:08+08:00
浦东·川沙	鲁(魯)	山东	lu2(lu²¹³)	true	lu2	暂无	自旧档汇入	2023-07-05T08:47:08+08:00
浦东·川沙	卤(鹵)	[空]	lu2(lu²¹³)	true	lu2	暂无	自旧档汇入	2023-07-05T08:47:08+08:00
浦东·川沙	赂(賂)	[空]	lu6(lu¹³)	true	lu6	暂无	自旧档汇入	2023-07-05T08:47:08+08:00
浦东·川沙	路(路)	[空]	lu6(lu¹³)	true	lu6	暂无	自旧档汇入	2023-07-05T08:47:08+08:00
浦东·川沙	露(露)	[空]	lu6(lu¹³)	true	lu6	暂无	自旧档汇入	2023-07-05T08:47:08+08:00
浦东·川沙	鹭(鷺)	[空]	lu6(lu¹³)	true	lu6	暂无	自旧档汇入	2023-07-05T08:47:08+08:00
浦东·川沙	□(□)	~~亮，天色微明	mu1(mu⁵³)	true	mu1	暂无	自旧档汇入	2023-07-05T08:47:08+08:00
浦东·川沙	摩(摩)	[空]	mu2(mu²¹³)	true	mu2	暂无	自旧档汇入	2023-07-05T08:47:08+08:00
浦东·川沙	摹(摹)	[空]	mu2(mu²¹³)	true	mu2	暂无	自旧档汇入	2023-07-05T08:47:08+08:00
浦东·川沙	模(模)	[空]	mu2(mu²¹³)	true	mu2	暂无	自旧档汇入	2023-07-05T08:47:08+08:00
浦东·川沙	磨(磨)	~刀	mu2(mu²¹³)	true	mu2	暂无	自旧档汇入	2023-07-05T08:47:08+08:00
浦东·川沙	魔(魔)	[空]	mu2(mu²¹³)	true	mu2	暂无	自旧档汇入	2023-07-05T08:47:08+08:00
浦东·川沙	拇(拇)	[空]	mu2(mu²¹³)	true	mu2	暂无	自旧档汇入	2023-07-05T08:47:08+08:00
浦东·川沙	母(母)	[空]	mu2(mu²¹³)	true	mu2	暂无	自旧档汇入	2023-07-05T08:47:08+08:00
浦东·川沙	□(□)	泡沫	mu2(mu²¹³)	true	mu2	暂无	自旧档汇入	2023-07-05T08:47:08+08:00
浦东·川沙	募(募)	[空]	mu6(mu¹³)	true	mu6	暂无	自旧档汇入	2023-07-05T08:47:08+08:00
浦东·川沙	墓(墓)	[空]	mu6(mu¹³)	true	mu6	暂无	自旧档汇入	2023-07-05T08:47:08+08:00
浦东·川沙	幕(幕)	[空]	mu6(mu¹³)	true	mu6	暂无	自旧档汇入	2023-07-05T08:47:08+08:00
浦东·川沙	慕(慕)	[空]	mu6(mu¹³)	true	mu6	暂无	自旧档汇入	2023-07-05T08:47:08+08:00
浦东·川沙	暮(暮)	[空]	mu6(mu¹³)	true	mu6	暂无	自旧档汇入	2023-07-05T08:47:08+08:00
浦东·川沙	磨(磨)	~子	mu6(mu¹³)	true	mu6	暂无	自旧档汇入	2023-07-05T08:47:08+08:00
浦东·川沙	奴(奴)	[空]	nu1(nu⁵³)	true	nu1	暂无	自旧档汇入	2023-07-05T08:47:08+08:00
浦东·川沙	捼(捼)	抚摸，揉	nu1(nu⁵³)	true	nu1	暂无	自旧档汇入	2023-07-05T08:47:08+08:00
浦东·川沙	努(努)	[空]	nu3(nu⁴⁴)	true	nu3	暂无	自旧档汇入	2023-07-05T08:47:08+08:00
浦东·川沙	怒(怒)	[空]	nu6(nu¹³)	true	nu6	暂无	自旧档汇入	2023-07-05T08:47:08+08:00
浦东·川沙	糯(糯)	[空]	nu6(nu¹³)	true	nu6	暂无	自旧档汇入	2023-07-05T08:47:08+08:00
浦东·川沙	我(我)	[空]	ngu1(ŋu⁵³)	true	ngu1	暂无	自旧档汇入	2023-07-05T08:47:08+08:00
浦东·川沙	俄(俄)	[空]	ngu2(ŋu²¹³)	true	ngu2	暂无	自旧档汇入	2023-07-05T08:47:08+08:00
浦东·川沙	吾(吾)	[空]	ngu2(ŋu²¹³)	true	ngu2	暂无	自旧档汇入	2023-07-05T08:47:08+08:00
浦东·川沙	娥(娥)	[空]	ngu2(ŋu²¹³)	true	ngu2	暂无	自旧档汇入	2023-07-05T08:47:08+08:00
浦东·川沙	梧(梧)	[空]	ngu2(ŋu²¹³)	true	ngu2	暂无	自旧档汇入	2023-07-05T08:47:08+08:00
浦东·川沙	鹅(鵝)	[空]	ngu2(ŋu²¹³)	true	ngu2	暂无	自旧档汇入	2023-07-05T08:47:08+08:00
浦东·川沙	我(我)	白	ngu2(ŋu²¹³)	true	ngu2	暂无	自旧档汇入	2023-07-05T08:47:08+08:00
浦东·川沙	悟(悟)	[空]	ngu6(ŋu¹³)	true	ngu6	暂无	自旧档汇入	2023-07-05T08:47:08+08:00
浦东·川沙	卧(臥)	[空]	ngu6(ŋu¹³)	true	ngu6	暂无	自旧档汇入	2023-07-05T08:47:08+08:00
浦东·川沙	误(誤)	[空]	ngu6(ŋu¹³)	true	ngu6	暂无	自旧档汇入	2023-07-05T08:47:08+08:00
浦东·川沙	饿(餓)	[空]	ngu6(ŋu¹³)	true	ngu6	暂无	自旧档汇入	2023-07-05T08:47:08+08:00
浦东·川沙	俘(俘)	[空]	fu1(ɸu⁵³)	true	fu1	暂无	自旧档汇入	2023-07-05T08:47:08+08:00
浦东·川沙	呼(呼)	[空]	fu1(ɸu⁵³)	true	fu1	暂无	自旧档汇入	2023-07-05T08:47:08+08:00
浦东·川沙	夫(夫)	[空]	fu1(ɸu⁵³)	true	fu1	暂无	自旧档汇入	2023-07-05T08:47:08+08:00
浦东·川沙	敷(敷)	[空]	fu1(ɸu⁵³)	true	fu1	暂无	自旧档汇入	2023-07-05T08:47:08+08:00
浦东·川沙	肤(膚)	[空]	fu1(ɸu⁵³)	true	fu1	暂无	自旧档汇入	2023-07-05T08:47:08+08:00
浦东·川沙	麸(麩)	[空]	fu1(ɸu⁵³)	true	fu1	暂无	自旧档汇入	2023-07-05T08:47:08+08:00
浦东·川沙	□(□)	~一口香烟，吸	fu1(ɸu⁵³)	true	fu1	暂无	自旧档汇入	2023-07-05T08:47:08+08:00
浦东·川沙	伙(夥)	[空]	fu3(ɸu⁴⁴)	true	fu3	暂无	自旧档汇入	2023-07-05T08:47:08+08:00
浦东·川沙	府(府)	[空]	fu3(ɸu⁴⁴)	true	fu3	暂无	自旧档汇入	2023-07-05T08:47:08+08:00
浦东·川沙	斧(斧)	[空]	fu3(ɸu⁴⁴)	true	fu3	暂无	自旧档汇入	2023-07-05T08:47:08+08:00
浦东·川沙	浒(滸)	水~	fu3(ɸu⁴⁴)	true	fu3	暂无	自旧档汇入	2023-07-05T08:47:08+08:00
浦东·川沙	火(火)	[空]	fu3(ɸu⁴⁴)	true	fu3	暂无	自旧档汇入	2023-07-05T08:47:08+08:00
浦东·川沙	甫(甫)	[空]	fu3(ɸu⁴⁴)	true	fu3	暂无	自旧档汇入	2023-07-05T08:47:08+08:00
浦东·川沙	腑(腑)	[空]	fu3(ɸu⁴⁴)	true	fu3	暂无	自旧档汇入	2023-07-05T08:47:08+08:00
浦东·川沙	虎(虎)	[空]	fu3(ɸu⁴⁴)	true	fu3	暂无	自旧档汇入	2023-07-05T08:47:08+08:00
浦东·川沙	辅(輔)	[空]	fu3(ɸu⁴⁴)	true	fu3	暂无	自旧档汇入	2023-07-05T08:47:08+08:00
浦东·川沙	釜(釜)	[空]	fu3(ɸu⁴⁴)	true	fu3	暂无	自旧档汇入	2023-07-05T08:47:08+08:00
浦东·川沙	付(付)	[空]	fu5(ɸu³⁵)	true	fu5	暂无	自旧档汇入	2023-07-05T08:47:08+08:00
浦东·川沙	俯(俯)	[空]	fu5(ɸu³⁵)	true	fu5	暂无	自旧档汇入	2023-07-05T08:47:08+08:00
浦东·川沙	傅(傅)	[空]	fu5(ɸu³⁵)	true	fu5	暂无	自旧档汇入	2023-07-05T08:47:08+08:00
浦东·川沙	副(副)	[空]	fu5(ɸu³⁵)	true	fu5	暂无	自旧档汇入	2023-07-05T08:47:08+08:00
浦东·川沙	富(富)	[空]	fu5(ɸu³⁵)	true	fu5	暂无	自旧档汇入	2023-07-05T08:47:08+08:00
浦东·川沙	讣(訃)	[空]	fu5(ɸu³⁵)	true	fu5	暂无	自旧档汇入	2023-07-05T08:47:08+08:00
浦东·川沙	货(貨)	[空]	fu5(ɸu³⁵)	true	fu5	暂无	自旧档汇入	2023-07-05T08:47:08+08:00
浦东·川沙	赋(賦)	[空]	fu5(ɸu³⁵)	true	fu5	暂无	自旧档汇入	2023-07-05T08:47:08+08:00
浦东·川沙	赴(赴)	[空]	fu5(ɸu³⁵)	true	fu5	暂无	自旧档汇入	2023-07-05T08:47:08+08:00
浦东·川沙	坡(坡)	[空]	phu1(pʰu⁵³)	true	phu1	暂无	自旧档汇入	2023-07-05T08:47:08+08:00
浦东·川沙	普(普)	[空]	phu1(pʰu⁵³)	true	phu1	暂无	自旧档汇入	2023-07-05T08:47:08+08:00
浦东·川沙	潽(潽)	水~出来，溢	phu1(pʰu⁵³)	true	phu1	暂无	自旧档汇入	2023-07-05T08:47:08+08:00
浦东·川沙	铺(鋪)	~路	phu1(pʰu⁵³)	true	phu1	暂无	自旧档汇入	2023-07-05T08:47:08+08:00
浦东·川沙	浦(浦)	[空]	phu3(pʰu⁴⁴)	true	phu3	暂无	自旧档汇入	2023-07-05T08:47:08+08:00
浦东·川沙	谱(譜)	乐~	phu3(pʰu⁴⁴)	true	phu3	暂无	自旧档汇入	2023-07-05T08:47:08+08:00
浦东·川沙	店(店)	[空]	phu5(pʰu³⁵)	true	phu5	暂无	自旧档汇入	2023-07-05T08:47:08+08:00
浦东·川沙	破(破)	[空]	phu5(pʰu³⁵)	true	phu5	暂无	自旧档汇入	2023-07-05T08:47:08+08:00
浦东·川沙	铺(鋪)	店~	phu5(pʰu³⁵)	true	phu5	暂无	自旧档汇入	2023-07-05T08:47:08+08:00
浦东·川沙	唆(唆)	[空]	su1(su⁵³)	true	su1	暂无	自旧档汇入	2023-07-05T08:47:08+08:00
浦东·川沙	梭(梭)	[空]	su1(su⁵³)	true	su1	暂无	自旧档汇入	2023-07-05T08:47:08+08:00
浦东·川沙	梳(梳)	[空]	su1(su⁵³)	true	su1	暂无	自旧档汇入	2023-07-05T08:47:08+08:00
浦东·川沙	疏(疏)	[空]	su1(su⁵³)	true	su1	暂无	自旧档汇入	2023-07-05T08:47:08+08:00
浦东·川沙	睃(睃)	[空]	su1(su⁵³)	true	su1	暂无	自旧档汇入	2023-07-05T08:47:08+08:00
浦东·川沙	蓑(蓑)	[空]	su1(su⁵³)	true	su1	暂无	自旧档汇入	2023-07-05T08:47:08+08:00
浦东·川沙	蔬(蔬)	[空]	su1(su⁵³)	true	su1	暂无	自旧档汇入	2023-07-05T08:47:08+08:00
浦东·川沙	苏(蘇)	[空]	su1(su⁵³)	true	su1	暂无	自旧档汇入	2023-07-05T08:47:08+08:00
浦东·川沙	酥(酥)	[空]	su1(su⁵³)	true	su1	暂无	自旧档汇入	2023-07-05T08:47:08+08:00
浦东·川沙	唢(嗩)	[空]	su3(su⁴⁴)	true	su3	暂无	自旧档汇入	2023-07-05T08:47:08+08:00
浦东·川沙	所(所)	[空]	su3(su⁴⁴)	true	su3	暂无	自旧档汇入	2023-07-05T08:47:08+08:00
浦东·川沙	琐(瑣)	[空]	su3(su⁴⁴)	true	su3	暂无	自旧档汇入	2023-07-05T08:47:08+08:00
浦东·川沙	锁(鎖)	[空]	su3(su⁴⁴)	true	su3	暂无	自旧档汇入	2023-07-05T08:47:08+08:00
浦东·川沙	塑(塑)	[空]	su5(su³⁵)	true	su5	暂无	自旧档汇入	2023-07-05T08:47:08+08:00
浦东·川沙	数(數)	[空]	su5(su³⁵)	true	su5	暂无	自旧档汇入	2023-07-05T08:47:08+08:00
浦东·川沙	疏(疏)	[空]	su5(su³⁵)	true	su5	暂无	自旧档汇入	2023-07-05T08:47:08+08:00
浦东·川沙	素(素)	[空]	su5(su³⁵)	true	su5	暂无	自旧档汇入	2023-07-05T08:47:08+08:00
浦东·川沙	诉(訴)	[空]	su5(su³⁵)	true	su5	暂无	自旧档汇入	2023-07-05T08:47:08+08:00
浦东·川沙	拖(拖)	[空]	thu1(tʰu⁵³)	true	thu1	暂无	自旧档汇入	2023-07-05T08:47:08+08:00
浦东·川沙	土(土)	[空]	thu3(tʰu⁴⁴)	true	thu3	暂无	自旧档汇入	2023-07-05T08:47:08+08:00
浦东·川沙	妥(妥)	[空]	thu3(tʰu⁴⁴)	true	thu3	暂无	自旧档汇入	2023-07-05T08:47:08+08:00
浦东·川沙	兔(兔)	[空]	thu5(tʰu³⁵)	true	thu5	暂无	自旧档汇入	2023-07-05T08:47:08+08:00
浦东·川沙	吐(吐)	[空]	thu5(tʰu³⁵)	true	thu5	暂无	自旧档汇入	2023-07-05T08:47:08+08:00
浦东·川沙	唾(唾)	[空]	thu5(tʰu³⁵)	true	thu5	暂无	自旧档汇入	2023-07-05T08:47:08+08:00
浦东·川沙	租(租)	[空]	tsu1(tsu⁵³)	true	tsu1	暂无	自旧档汇入	2023-07-05T08:47:08+08:00
浦东·川沙	佐(佐)	[空]	tsu3(tsu⁴⁴)	true	tsu3	暂无	自旧档汇入	2023-07-05T08:47:08+08:00
浦东·川沙	左(左)	[空]	tsu3(tsu⁴⁴)	true	tsu3	暂无	自旧档汇入	2023-07-05T08:47:08+08:00
浦东·川沙	祖(祖)	[空]	tsu3(tsu⁴⁴)	true	tsu3	暂无	自旧档汇入	2023-07-05T08:47:08+08:00
浦东·川沙	组(組)	[空]	tsu3(tsu⁴⁴)	true	tsu3	暂无	自旧档汇入	2023-07-05T08:47:08+08:00
浦东·川沙	阻(阻)	[空]	tsu3(tsu⁴⁴)	true	tsu3	暂无	自旧档汇入	2023-07-05T08:47:08+08:00
浦东·川沙	初(初)	[空]	tshu1(tsʰu⁵³)	true	tshu1	暂无	自旧档汇入	2023-07-05T08:47:08+08:00
浦东·川沙	搓(搓)	[空]	tshu1(tsʰu⁵³)	true	tshu1	暂无	自旧档汇入	2023-07-05T08:47:08+08:00
浦东·川沙	粗(粗)	[空]	tshu1(tsʰu⁵³)	true	tshu1	暂无	自旧档汇入	2023-07-05T08:47:08+08:00
浦东·川沙	楚(楚)	[空]	tshu3(tsʰu⁴⁴)	true	tshu3	暂无	自旧档汇入	2023-07-05T08:47:08+08:00
浦东·川沙	础(礎)	[空]	tshu3(tsʰu⁴⁴)	true	tshu3	暂无	自旧档汇入	2023-07-05T08:47:08+08:00
浦东·川沙	措(措)	[空]	tshu5(tsʰu³⁵)	true	tshu5	暂无	自旧档汇入	2023-07-05T08:47:08+08:00
浦东·川沙	醋(醋)	[空]	tshu5(tsʰu³⁵)	true	tshu5	暂无	自旧档汇入	2023-07-05T08:47:08+08:00
浦东·川沙	锉(銼)	[空]	tshu5(tsʰu³⁵)	true	tshu5	暂无	自旧档汇入	2023-07-05T08:47:08+08:00
浦东·川沙	错(錯)	[空]	tshu5(tsʰu³⁵)	true	tshu5	暂无	自旧档汇入	2023-07-05T08:47:08+08:00
浦东·川沙	锄(鋤)	[空]	zu2(zu²¹³)	true	zu2	暂无	自旧档汇入	2023-07-05T08:47:08+08:00
浦东·川沙	坐(坐)	[空]	zu2(zu²¹³)	true	zu2	暂无	自旧档汇入	2023-07-05T08:47:08+08:00
浦东·川沙	助(助)	[空]	zu6(zu¹³)	true	zu6	暂无	自旧档汇入	2023-07-05T08:47:08+08:00
浦东·川沙	座(座)	[空]	zu6(zu¹³)	true	zu6	暂无	自旧档汇入	2023-07-05T08:47:08+08:00
浦东·川沙	伍(伍)	[空]	vu2(βu²¹³)	true	vu2	暂无	自旧档汇入	2023-07-05T08:47:08+08:00
浦东·川沙	何(何)	[空]	vu2(βu²¹³)	true	vu2	暂无	自旧档汇入	2023-07-05T08:47:08+08:00
浦东·川沙	午(午)	[空]	vu2(βu²¹³)	true	vu2	暂无	自旧档汇入	2023-07-05T08:47:08+08:00
浦东·川沙	吴(吳)	[空]	vu2(βu²¹³)	true	vu2	暂无	自旧档汇入	2023-07-05T08:47:08+08:00
浦东·川沙	和(和)	[空]	vu2(βu²¹³)	true	vu2	暂无	自旧档汇入	2023-07-05T08:47:08+08:00
浦东·川沙	壶(壺)	[空]	vu2(βu²¹³)	true	vu2	暂无	自旧档汇入	2023-07-05T08:47:08+08:00
浦东·川沙	巫(巫)	[空]	vu2(βu²¹³)	true	vu2	暂无	自旧档汇入	2023-07-05T08:47:08+08:00
浦东·川沙	扶(扶)	[空]	vu2(βu²¹³)	true	vu2	暂无	自旧档汇入	2023-07-05T08:47:08+08:00
浦东·川沙	河(河)	[空]	vu2(βu²¹³)	true	vu2	暂无	自旧档汇入	2023-07-05T08:47:08+08:00
浦东·川沙	湖(湖)	[空]	vu2(βu²¹³)	true	vu2	暂无	自旧档汇入	2023-07-05T08:47:08+08:00
浦东·川沙	无(無)	[空]	vu2(βu²¹³)	true	vu2	暂无	自旧档汇入	2023-07-05T08:47:08+08:00
浦东·川沙	狐(狐)	[空]	vu2(βu²¹³)	true	vu2	暂无	自旧档汇入	2023-07-05T08:47:08+08:00
浦东·川沙	禾(禾)	[空]	vu2(βu²¹³)	true	vu2	暂无	自旧档汇入	2023-07-05T08:47:08+08:00
浦东·川沙	符(符)	[空]	vu2(βu²¹³)	true	vu2	暂无	自旧档汇入	2023-07-05T08:47:08+08:00
浦东·川沙	糊(糊)	[空]	vu2(βu²¹³)	true	vu2	暂无	自旧档汇入	2023-07-05T08:47:08+08:00
浦东·川沙	胡(胡)	[空]	vu2(βu²¹³)	true	vu2	暂无	自旧档汇入	2023-07-05T08:47:08+08:00
浦东·川沙	芙(芙)	~蓉	vu2(βu²¹³)	true	vu2	暂无	自旧档汇入	2023-07-05T08:47:08+08:00
浦东·川沙	荷(荷)	[空]	vu2(βu²¹³)	true	vu2	暂无	自旧档汇入	2023-07-05T08:47:08+08:00
浦东·川沙	葫(葫)	[空]	vu2(βu²¹³)	true	vu2	暂无	自旧档汇入	2023-07-05T08:47:08+08:00
浦东·川沙	蜈(蜈)	[空]	vu2(βu²¹³)	true	vu2	暂无	自旧档汇入	2023-07-05T08:47:08+08:00
浦东·川沙	蝴(蝴)	[空]	vu2(βu²¹³)	true	vu2	暂无	自旧档汇入	2023-07-05T08:47:08+08:00
浦东·川沙	讹(訛)	[空]	vu2(βu²¹³)	true	vu2	暂无	自旧档汇入	2023-07-05T08:47:08+08:00
浦东·川沙	诬(誣)	[空]	vu2(βu²¹³)	true	vu2	暂无	自旧档汇入	2023-07-05T08:47:08+08:00
浦东·川沙	侮(侮)	[空]	vu2(βu²¹³)	true	vu2	暂无	自旧档汇入	2023-07-05T08:47:08+08:00
浦东·川沙	妇(婦)	[空]	vu2(βu²¹³)	true	vu2	暂无	自旧档汇入	2023-07-05T08:47:08+08:00
浦东·川沙	我(我)	白	vu2(βu²¹³)	true	vu2	暂无	自旧档汇入	2023-07-05T08:47:08+08:00
浦东·川沙	户(戶)	[空]	vu2(βu²¹³)	true	vu2	暂无	自旧档汇入	2023-07-05T08:47:08+08:00
浦东·川沙	武(武)	[空]	vu2(βu²¹³)	true	vu2	暂无	自旧档汇入	2023-07-05T08:47:08+08:00
浦东·川沙	沪(滬)	[空]	vu2(βu²¹³)	true	vu2	暂无	自旧档汇入	2023-07-05T08:47:08+08:00
浦东·川沙	父(父)	[空]	vu2(βu²¹³)	true	vu2	暂无	自旧档汇入	2023-07-05T08:47:08+08:00
浦东·川沙	祸(禍)	[空]	vu2(βu²¹³)	true	vu2	暂无	自旧档汇入	2023-07-05T08:47:08+08:00
浦东·川沙	腐(腐)	[空]	vu2(βu²¹³)	true	vu2	暂无	自旧档汇入	2023-07-05T08:47:08+08:00
浦东·川沙	舞(舞)	[空]	vu2(βu²¹³)	true	vu2	暂无	自旧档汇入	2023-07-05T08:47:08+08:00
浦东·川沙	辅(輔)	左~右弼	vu2(βu²¹³)	true	vu2	暂无	自旧档汇入	2023-07-05T08:47:08+08:00
浦东·川沙	鹉(鵡)	[空]	vu2(βu²¹³)	true	vu2	暂无	自旧档汇入	2023-07-05T08:47:08+08:00
浦东·川沙	互(互)	[空]	vu6(βu¹³)	true	vu6	暂无	自旧档汇入	2023-07-05T08:47:08+08:00
浦东·川沙	务(務)	[空]	vu6(βu¹³)	true	vu6	暂无	自旧档汇入	2023-07-05T08:47:08+08:00
浦东·川沙	戊(戊)	[空]	vu6(βu¹³)	true	vu6	暂无	自旧档汇入	2023-07-05T08:47:08+08:00
浦东·川沙	护(護)	[空]	vu6(βu¹³)	true	vu6	暂无	自旧档汇入	2023-07-05T08:47:08+08:00
浦东·川沙	贺(賀)	[空]	vu6(βu¹³)	true	vu6	暂无	自旧档汇入	2023-07-05T08:47:08+08:00
浦东·川沙	雾(霧)	[空]	vu6(βu¹³)	true	vu6	暂无	自旧档汇入	2023-07-05T08:47:08+08:00
浦东·川沙	倭(倭)	[空]	u1(u⁵³)	true	u1	暂无	自旧档汇入	2023-07-05T08:47:08+08:00
浦东·川沙	坞(塢)	[空]	u1(u⁵³)	true	u1	暂无	自旧档汇入	2023-07-05T08:47:08+08:00
浦东·川沙	捂(捂)	~热	u1(u⁵³)	true	u1	暂无	自旧档汇入	2023-07-05T08:47:08+08:00
浦东·川沙	污(汙)	[空]	u1(u⁵³)	true	u1	暂无	自旧档汇入	2023-07-05T08:47:08+08:00
浦东·川沙	乌(烏)	[空]	u1(u⁵³)	true	u1	暂无	自旧档汇入	2023-07-05T08:47:08+08:00
浦东·川沙	莴(萵)	[空]	u1(u⁵³)	true	u1	暂无	自旧档汇入	2023-07-05T08:47:08+08:00
浦东·川沙	阿(阿)	~胶	u1(u⁵³)	true	u1	暂无	自旧档汇入	2023-07-05T08:47:08+08:00
浦东·川沙	屙(屙)	大便	u5(u³⁵)	true	u5	暂无	自旧档汇入	2023-07-05T08:47:08+08:00
浦东·川沙	乖(乖)	[空]	kua1(kuᴀ⁵³)	true	kua1	暂无	自旧档汇入	2023-07-05T08:47:08+08:00
浦东·川沙	拐(拐)	[空]	kua3(kuᴀ⁴⁴)	true	kua3	暂无	自旧档汇入	2023-07-05T08:47:08+08:00
浦东·川沙	怪(怪)	[空]	kua5(kuᴀ³⁵)	true	kua5	暂无	自旧档汇入	2023-07-05T08:47:08+08:00
浦东·川沙	快(快)	[空]	khua5(kʰuᴀ³⁵)	true	khua5	暂无	自旧档汇入	2023-07-05T08:47:08+08:00
浦东·川沙	光(光)	~火，发怒	kuan1(kuã⁵³)	true	kuan1	暂无	自旧档汇入	2023-07-05T08:47:08+08:00
浦东·川沙	□(□)	肿起来	kuan1(kuã⁵³)	true	kuan1	暂无	自旧档汇入	2023-07-05T08:47:08+08:00
浦东·川沙	□(□)	~出一条路来，开裂	kuan3(kuã⁴⁴)	true	kuan3	暂无	自旧档汇入	2023-07-05T08:47:08+08:00
浦东·川沙	狂(狂)	[空]	guaon2(ɡuɑ̃²¹³)	true	guaon2	暂无	自旧档汇入	2023-07-05T08:47:08+08:00
浦东·川沙	逛(逛)	[空]	guaon2(ɡuɑ̃²¹³)	true	guaon2	暂无	自旧档汇入	2023-07-05T08:47:08+08:00
浦东·川沙	光(光)	[空]	kuaon1(kuɑ̃⁵³)	true	kuaon1	暂无	自旧档汇入	2023-07-05T08:47:08+08:00
浦东·川沙	广(廣)	[空]	kuaon3(kuɑ̃⁴⁴)	true	kuaon3	暂无	自旧档汇入	2023-07-05T08:47:08+08:00
浦东·川沙	□(□)	侬拉缸里~~看，还有么？摸，搜寻	kuaon5(kuɑ̃³⁵)	true	kuaon5	暂无	自旧档汇入	2023-07-05T08:47:08+08:00
浦东·川沙	匡(匡)	[空]	khuaon5(kʰuɑ̃³⁵)	true	khuaon5	暂无	自旧档汇入	2023-07-05T08:47:08+08:00
浦东·川沙	旷(曠)	[空]	khuaon5(kʰuɑ̃³⁵)	true	khuaon5	暂无	自旧档汇入	2023-07-05T08:47:08+08:00
浦东·川沙	眶(眶)	[空]	khuaon5(kʰuɑ̃³⁵)	true	khuaon5	暂无	自旧档汇入	2023-07-05T08:47:08+08:00
浦东·川沙	矿(礦)	[空]	khuaon5(kʰuɑ̃³⁵)	true	khuaon5	暂无	自旧档汇入	2023-07-05T08:47:08+08:00
浦东·川沙	筐(筐)	[空]	khuaon5(kʰuɑ̃³⁵)	true	khuaon5	暂无	自旧档汇入	2023-07-05T08:47:08+08:00
浦东·川沙	□(□)	衣裳~着个龌龊，耳朵里~着句闲话，偶尔碰到	guaeq8(ɡuæʔ²³)	true	guaeq8	暂无	自旧档汇入	2023-07-05T08:47:08+08:00
浦东·川沙	刮(刮)	[空]	kuaeq7(kuæʔ⁵)	true	kuaeq7	暂无	自旧档汇入	2023-07-05T08:47:08+08:00
浦东·川沙	括(括)	[空]	kuaeq7(kuæʔ⁵)	true	kuaeq7	暂无	自旧档汇入	2023-07-05T08:47:08+08:00
浦东·川沙	□(□)	~开一条路路，裂开	kuaq7(kuᴀʔ⁵)	true	kuaq7	暂无	自旧档汇入	2023-07-05T08:47:08+08:00
浦东·川沙	廓(廓)	[空]	kuaoq7(kuɔʔ⁵)	true	kuaoq7	暂无	自旧档汇入	2023-07-05T08:47:08+08:00
浦东·川沙	椁(槨)	[空]	kuaoq7(kuɔʔ⁵)	true	kuaoq7	暂无	自旧档汇入	2023-07-05T08:47:08+08:00
浦东·川沙	郭(郭)	[空]	kuaoq7(kuɔʔ⁵)	true	kuaoq7	暂无	自旧档汇入	2023-07-05T08:47:08+08:00
浦东·川沙	□(□)	~嘴，漱口；水~出来，晃荡	kuaoq7(kuɔʔ⁵)	true	kuaoq7	暂无	自旧档汇入	2023-07-05T08:47:08+08:00
浦东·川沙	扩(擴)	[空]	khuaoq7(kʰuɔʔ⁵)	true	khuaoq7	暂无	自旧档汇入	2023-07-05T08:47:08+08:00
浦东·川沙	葵(葵)	[空]	gue2(ɡue²¹³)	true	gue2	暂无	自旧档汇入	2023-07-05T08:47:08+08:00
浦东·川沙	逵(逵)	[空]	gue2(ɡue²¹³)	true	gue2	暂无	自旧档汇入	2023-07-05T08:47:08+08:00
浦东·川沙	馗(馗)	[空]	gue2(ɡue²¹³)	true	gue2	暂无	自旧档汇入	2023-07-05T08:47:08+08:00
浦东·川沙	跪(跪)	[空]	gue2(ɡue²¹³)	true	gue2	暂无	自旧档汇入	2023-07-05T08:47:08+08:00
浦东·川沙	愧(愧)	[空]	gue6(ɡue¹³)	true	gue6	暂无	自旧档汇入	2023-07-05T08:47:08+08:00
浦东·川沙	柜(櫃)	[空]	gue6(ɡue¹³)	true	gue6	暂无	自旧档汇入	2023-07-05T08:47:08+08:00
浦东·川沙	溃(潰)	[空]	gue6(ɡue¹³)	true	gue6	暂无	自旧档汇入	2023-07-05T08:47:08+08:00
浦东·川沙	冠(冠)	衣~	kue1(kue⁵³)	true	kue1	暂无	自旧档汇入	2023-07-05T08:47:08+08:00
浦东·川沙	圭(圭)	[空]	kue1(kue⁵³)	true	kue1	暂无	自旧档汇入	2023-07-05T08:47:08+08:00
浦东·川沙	官(官)	[空]	kue1(kue⁵³)	true	kue1	暂无	自旧档汇入	2023-07-05T08:47:08+08:00
浦东·川沙	棺(棺)	[空]	kue1(kue⁵³)	true	kue1	暂无	自旧档汇入	2023-07-05T08:47:08+08:00
浦东·川沙	归(歸)	[空]	kue1(kue⁵³)	true	kue1	暂无	自旧档汇入	2023-07-05T08:47:08+08:00
浦东·川沙	规(規)	[空]	kue1(kue⁵³)	true	kue1	暂无	自旧档汇入	2023-07-05T08:47:08+08:00
浦东·川沙	观(觀)	~看	kue1(kue⁵³)	true	kue1	暂无	自旧档汇入	2023-07-05T08:47:08+08:00
浦东·川沙	龟(龜)	[空]	kue1(kue⁵³)	true	kue1	暂无	自旧档汇入	2023-07-05T08:47:08+08:00
浦东·川沙	管(管)	[空]	kue3(kue⁴⁴)	true	kue3	暂无	自旧档汇入	2023-07-05T08:47:08+08:00
浦东·川沙	诡(詭)	[空]	kue3(kue⁴⁴)	true	kue3	暂无	自旧档汇入	2023-07-05T08:47:08+08:00
浦东·川沙	轨(軌)	[空]	kue3(kue⁴⁴)	true	kue3	暂无	自旧档汇入	2023-07-05T08:47:08+08:00
浦东·川沙	馆(館)	[空]	kue3(kue⁴⁴)	true	kue3	暂无	自旧档汇入	2023-07-05T08:47:08+08:00
浦东·川沙	鬼(鬼)	[空]	kue3(kue⁴⁴)	true	kue3	暂无	自旧档汇入	2023-07-05T08:47:08+08:00
浦东·川沙	冠(冠)	~军	kue5(kue³⁵)	true	kue5	暂无	自旧档汇入	2023-07-05T08:47:08+08:00
浦东·川沙	刽(劊)	[空]	kue5(kue³⁵)	true	kue5	暂无	自旧档汇入	2023-07-05T08:47:08+08:00
浦东·川沙	会(會)	~计	kue5(kue³⁵)	true	kue5	暂无	自旧档汇入	2023-07-05T08:47:08+08:00
浦东·川沙	桧(檜)	[空]	kue5(kue³⁵)	true	kue5	暂无	自旧档汇入	2023-07-05T08:47:08+08:00
浦东·川沙	灌(灌)	[空]	kue5(kue³⁵)	true	kue5	暂无	自旧档汇入	2023-07-05T08:47:08+08:00
浦东·川沙	癸(癸)	[空]	kue5(kue³⁵)	true	kue5	暂无	自旧档汇入	2023-07-05T08:47:08+08:00
浦东·川沙	罐(罐)	[空]	kue5(kue³⁵)	true	kue5	暂无	自旧档汇入	2023-07-05T08:47:08+08:00
浦东·川沙	观(觀)	寺~	kue5(kue³⁵)	true	kue5	暂无	自旧档汇入	2023-07-05T08:47:08+08:00
浦东·川沙	贯(貫)	十五~	kue5(kue³⁵)	true	kue5	暂无	自旧档汇入	2023-07-05T08:47:08+08:00
浦东·川沙	贵(貴)	[空]	kue5(kue³⁵)	true	kue5	暂无	自旧档汇入	2023-07-05T08:47:08+08:00
浦东·川沙	闺(閨)	[空]	kue5(kue³⁵)	true	kue5	暂无	自旧档汇入	2023-07-05T08:47:08+08:00
浦东·川沙	鳜(鱖)	[空]	kue5(kue³⁵)	true	kue5	暂无	自旧档汇入	2023-07-05T08:47:08+08:00
浦东·川沙	奎(奎)	[空]	khue1(kʰue⁵³)	true	khue1	暂无	自旧档汇入	2023-07-05T08:47:08+08:00
浦东·川沙	宽(寬)	[空]	khue1(kʰue⁵³)	true	khue1	暂无	自旧档汇入	2023-07-05T08:47:08+08:00
浦东·川沙	恢(恢)	[空]	khue1(kʰue⁵³)	true	khue1	暂无	自旧档汇入	2023-07-05T08:47:08+08:00
浦东·川沙	盔(盔)	[空]	khue1(kʰue⁵³)	true	khue1	暂无	自旧档汇入	2023-07-05T08:47:08+08:00
浦东·川沙	蒯(蒯)	[空]	khue1(kʰue⁵³)	true	khue1	暂无	自旧档汇入	2023-07-05T08:47:08+08:00
浦东·川沙	亏(虧)	[空]	khue1(kʰue⁵³)	true	khue1	暂无	自旧档汇入	2023-07-05T08:47:08+08:00
浦东·川沙	魁(魁)	[空]	khue1(kʰue⁵³)	true	khue1	暂无	自旧档汇入	2023-07-05T08:47:08+08:00
浦东·川沙	傀(傀)	[空]	khue3(kʰue⁴⁴)	true	khue3	暂无	自旧档汇入	2023-07-05T08:47:08+08:00
浦东·川沙	款(款)	[空]	khue3(kʰue⁴⁴)	true	khue3	暂无	自旧档汇入	2023-07-05T08:47:08+08:00
浦东·川沙	窥(窺)	[空]	khue3(kʰue⁴⁴)	true	khue3	暂无	自旧档汇入	2023-07-05T08:47:08+08:00
浦东·川沙	块(塊)	[空]	khue5(kʰue³⁵)	true	khue5	暂无	自旧档汇入	2023-07-05T08:47:08+08:00
浦东·川沙	危(危)	[空]	ngue1(ŋue⁵³)	true	ngue1	暂无	自旧档汇入	2023-07-05T08:47:08+08:00
浦东·川沙	巍(巍)	[空]	ngue6(ŋue¹³)	true	ngue6	暂无	自旧档汇入	2023-07-05T08:47:08+08:00
浦东·川沙	魏(魏)	[空]	ngue6(ŋue¹³)	true	ngue6	暂无	自旧档汇入	2023-07-05T08:47:08+08:00
浦东·川沙	滚(滾)	[空]	kuen3(kuən⁴⁴)	true	kuen3	暂无	自旧档汇入	2023-07-05T08:47:08+08:00
浦东·川沙	棍(棍)	[空]	kuen5(kuən³⁵)	true	kuen5	暂无	自旧档汇入	2023-07-05T08:47:08+08:00
浦东·川沙	坤(坤)	[空]	khuen1(kʰuən⁵³)	true	khuen1	暂无	自旧档汇入	2023-07-05T08:47:08+08:00
浦东·川沙	昆(昆)	[空]	khuen1(kʰuən⁵³)	true	khuen1	暂无	自旧档汇入	2023-07-05T08:47:08+08:00
浦东·川沙	捆(捆)	[空]	khuen3(kʰuən⁴⁴)	true	khuen3	暂无	自旧档汇入	2023-07-05T08:47:08+08:00
浦东·川沙	困(困)	[空]	khuen5(kʰuən³⁵)	true	khuen5	暂无	自旧档汇入	2023-07-05T08:47:08+08:00
浦东·川沙	捆(捆)	[空]	khuen5(kʰuən³⁵)	true	khuen5	暂无	自旧档汇入	2023-07-05T08:47:08+08:00
浦东·川沙	□(□)	肥料要~一~，山芋放拉地窟里拉，放置一段时间，保存或使之发酵	khueq7(kʰuəʔ⁵)	true	khueq7	暂无	自旧档汇入	2023-07-05T08:47:08+08:00
浦东·川沙	环(環)	[空]	guae2(ɡuɛ²¹³)	true	guae2	暂无	自旧档汇入	2023-07-05T08:47:08+08:00
浦东·川沙	损(損)	[空]	guae6(ɡuɛ¹³)	true	guae6	暂无	自旧档汇入	2023-07-05T08:47:08+08:00
浦东·川沙	关(關)	[空]	kuae1(kuɛ⁵³)	true	kuae1	暂无	自旧档汇入	2023-07-05T08:47:08+08:00
浦东·川沙	鳏(鰥)	[空]	kuae1(kuɛ⁵³)	true	kuae1	暂无	自旧档汇入	2023-07-05T08:47:08+08:00
浦东·川沙	惯(慣)	[空]	kuae5(kuɛ³⁵)	true	kuae5	暂无	自旧档汇入	2023-07-05T08:47:08+08:00
浦东·川沙	贯(貫)	[空]	kuae5(kuɛ³⁵)	true	kuae5	暂无	自旧档汇入	2023-07-05T08:47:08+08:00
浦东·川沙	筷(筷)	[空]	khuae1(kʰuɛ⁵³)	true	khuae1	暂无	自旧档汇入	2023-07-05T08:47:08+08:00
浦东·川沙	顽(頑)	~固	nguae2(ŋuɛ²¹³)	true	nguae2	暂无	自旧档汇入	2023-07-05T08:47:08+08:00
浦东·川沙	率(率)	~领	suoeq7(suœʔ⁵)	true	suoeq7	暂无	自旧档汇入	2023-07-05T08:47:08+08:00
浦东·川沙	蟀(蟀)	[空]	suoeq7(suœʔ⁵)	true	suoeq7	暂无	自旧档汇入	2023-07-05T08:47:08+08:00
浦东·川沙	说(說)	[空]	suoeq7(suœʔ⁵)	true	suoeq7	暂无	自旧档汇入	2023-07-05T08:47:08+08:00
浦东·川沙	帛(帛)	财~	beoq8(bʌʔ²³)	true	beoq8	暂无	自旧档汇入	2023-07-05T08:47:08+08:00
浦东·川沙	特(特)	[空]	deoq8(dʌʔ²³)	true	deoq8	暂无	自旧档汇入	2023-07-05T08:47:08+08:00
浦东·川沙	得(得)	[空]	teoq7(ɗʌʔ⁵)	true	teoq7	暂无	自旧档汇入	2023-07-05T08:47:08+08:00
浦东·川沙	德(德)	[空]	teoq7(ɗʌʔ⁵)	true	teoq7	暂无	自旧档汇入	2023-07-05T08:47:08+08:00
浦东·川沙	赫(赫)	[空]	heoq7(hʌʔ⁵)	true	heoq7	暂无	自旧档汇入	2023-07-05T08:47:08+08:00
浦东·川沙	郝(郝)	[空]	heoq7(hʌʔ⁵)	true	heoq7	暂无	自旧档汇入	2023-07-05T08:47:08+08:00
浦东·川沙	黑(黑)	[空]	heoq7(hʌʔ⁵)	true	heoq7	暂无	自旧档汇入	2023-07-05T08:47:08+08:00
浦东·川沙	革(革)	[空]	keoq7(kʌʔ⁵)	true	keoq7	暂无	自旧档汇入	2023-07-05T08:47:08+08:00
浦东·川沙	克(克)	[空]	kheoq7(kʰʌʔ⁵)	true	kheoq7	暂无	自旧档汇入	2023-07-05T08:47:08+08:00
浦东·川沙	刻(刻)	[空]	kheoq7(kʰʌʔ⁵)	true	kheoq7	暂无	自旧档汇入	2023-07-05T08:47:08+08:00
浦东·川沙	掐(掐)	白	kheoq7(kʰʌʔ⁵)	true	kheoq7	暂无	自旧档汇入	2023-07-05T08:47:08+08:00
浦东·川沙	勒(勒)	[空]	leoq8(lʌʔ²³)	true	leoq8	暂无	自旧档汇入	2023-07-05T08:47:08+08:00
浦东·川沙	肋(肋)	[空]	leoq8(lʌʔ²³)	true	leoq8	暂无	自旧档汇入	2023-07-05T08:47:08+08:00
浦东·川沙	墨(墨)	[空]	meoq8(mʌʔ²³)	true	meoq8	暂无	自旧档汇入	2023-07-05T08:47:08+08:00
浦东·川沙	默(默)	[空]	meoq8(mʌʔ²³)	true	meoq8	暂无	自旧档汇入	2023-07-05T08:47:08+08:00
浦东·川沙	泊(泊)	梁山~	pheoq7(pʰʌʔ⁵)	true	pheoq7	暂无	自旧档汇入	2023-07-05T08:47:08+08:00
浦东·川沙	迫(迫)	[空]	pheoq7(pʰʌʔ⁵)	true	pheoq7	暂无	自旧档汇入	2023-07-05T08:47:08+08:00
浦东·川沙	魄(魄)	[空]	pheoq7(pʰʌʔ⁵)	true	pheoq7	暂无	自旧档汇入	2023-07-05T08:47:08+08:00
浦东·川沙	塞(塞)	[空]	seoq7(sʌʔ⁵)	true	seoq7	暂无	自旧档汇入	2023-07-05T08:47:08+08:00
浦东·川沙	室(室)	[空]	seoq7(sʌʔ⁵)	true	seoq7	暂无	自旧档汇入	2023-07-05T08:47:08+08:00
浦东·川沙	式(式)	[空]	seoq7(sʌʔ⁵)	true	seoq7	暂无	自旧档汇入	2023-07-05T08:47:08+08:00
浦东·川沙	色(色)	[空]	seoq7(sʌʔ⁵)	true	seoq7	暂无	自旧档汇入	2023-07-05T08:47:08+08:00
浦东·川沙	识(識)	[空]	seoq7(sʌʔ⁵)	true	seoq7	暂无	自旧档汇入	2023-07-05T08:47:08+08:00
浦东·川沙	适(適)	[空]	seoq7(sʌʔ⁵)	true	seoq7	暂无	自旧档汇入	2023-07-05T08:47:08+08:00
浦东·川沙	释(釋)	[空]	seoq7(sʌʔ⁵)	true	seoq7	暂无	自旧档汇入	2023-07-05T08:47:08+08:00
浦东·川沙	饰(飾)	[空]	seoq7(sʌʔ⁵)	true	seoq7	暂无	自旧档汇入	2023-07-05T08:47:08+08:00
浦东·川沙	忒(忒)	[空]	theoq7(tʰʌʔ⁵)	true	theoq7	暂无	自旧档汇入	2023-07-05T08:47:08+08:00
浦东·川沙	侧(側)	~转	tseoq7(tsʌʔ⁵)	true	tseoq7	暂无	自旧档汇入	2023-07-05T08:47:08+08:00
浦东·川沙	则(則)	[空]	tseoq7(tsʌʔ⁵)	true	tseoq7	暂无	自旧档汇入	2023-07-05T08:47:08+08:00
浦东·川沙	织(織)	[空]	tseoq7(tsʌʔ⁵)	true	tseoq7	暂无	自旧档汇入	2023-07-05T08:47:08+08:00
浦东·川沙	职(職)	[空]	tseoq7(tsʌʔ⁵)	true	tseoq7	暂无	自旧档汇入	2023-07-05T08:47:08+08:00
浦东·川沙	责(責)	[空]	tseoq7(tsʌʔ⁵)	true	tseoq7	暂无	自旧档汇入	2023-07-05T08:47:08+08:00
浦东·川沙	斥(斥)	[空]	tsheoq7(tsʰʌʔ⁵)	true	tsheoq7	暂无	自旧档汇入	2023-07-05T08:47:08+08:00
浦东·川沙	测(測)	[空]	tsheoq7(tsʰʌʔ⁵)	true	tsheoq7	暂无	自旧档汇入	2023-07-05T08:47:08+08:00
浦东·川沙	策(策)	[空]	tsheoq7(tsʰʌʔ⁵)	true	tsheoq7	暂无	自旧档汇入	2023-07-05T08:47:08+08:00
浦东·川沙	赤(赤)	[空]	tsheoq7(tsʰʌʔ⁵)	true	tsheoq7	暂无	自旧档汇入	2023-07-05T08:47:08+08:00
浦东·川沙	饬(飭)	[空]	tsheoq7(tsʰʌʔ⁵)	true	tsheoq7	暂无	自旧档汇入	2023-07-05T08:47:08+08:00
浦东·川沙	值(值)	[空]	zeoq8(zʌʔ²³)	true	zeoq8	暂无	自旧档汇入	2023-07-05T08:47:08+08:00
浦东·川沙	择(擇)	[空]	zeoq8(zʌʔ²³)	true	zeoq8	暂无	自旧档汇入	2023-07-05T08:47:08+08:00
浦东·川沙	掷(擲)	[空]	zeoq8(zʌʔ²³)	true	zeoq8	暂无	自旧档汇入	2023-07-05T08:47:08+08:00
浦东·川沙	植(植)	[空]	zeoq8(zʌʔ²³)	true	zeoq8	暂无	自旧档汇入	2023-07-05T08:47:08+08:00
浦东·川沙	殖(殖)	[空]	zeoq8(zʌʔ²³)	true	zeoq8	暂无	自旧档汇入	2023-07-05T08:47:08+08:00
浦东·川沙	泽(澤)	[空]	zeoq8(zʌʔ²³)	true	zeoq8	暂无	自旧档汇入	2023-07-05T08:47:08+08:00
浦东·川沙	直(直)	[空]	zeoq8(zʌʔ²³)	true	zeoq8	暂无	自旧档汇入	2023-07-05T08:47:08+08:00
浦东·川沙	蚀(蝕)	[空]	zeoq8(zʌʔ²³)	true	zeoq8	暂无	自旧档汇入	2023-07-05T08:47:08+08:00
浦东·川沙	贼(賊)	[空]	zeoq8(zʌʔ²³)	true	zeoq8	暂无	自旧档汇入	2023-07-05T08:47:08+08:00
浦东·川沙	食(食)	[空]	zeoq8(zʌʔ²³)	true	zeoq8	暂无	自旧档汇入	2023-07-05T08:47:08+08:00
浦东·川沙	嘘(噓)	[空]	shiu1(ɕy⁵³)	true	shiu1	暂无	自旧档汇入	2023-07-05T08:47:08+08:00
浦东·川沙	吁(吁)	长~短叹	shiu1(ɕy⁵³)	true	shiu1	暂无	自旧档汇入	2023-07-05T08:47:08+08:00
浦东·川沙	虚(虛)	[空]	shiu1(ɕy⁵³)	true	shiu1	暂无	自旧档汇入	2023-07-05T08:47:08+08:00
浦东·川沙	毁(毀)	~牙齿，小儿换牙。白	shiu3(ɕy⁴⁴)	true	shiu3	暂无	自旧档汇入	2023-07-05T08:47:08+08:00
浦东·川沙	许(許)	[空]	shiu3(ɕy⁴⁴)	true	shiu3	暂无	自旧档汇入	2023-07-05T08:47:08+08:00
浦东·川沙	渠(渠)	[空]	jiu2(dʑy²¹³)	true	jiu2	暂无	自旧档汇入	2023-07-05T08:47:08+08:00
浦东·川沙	瞿(瞿)	[空]	jiu2(dʑy²¹³)	true	jiu2	暂无	自旧档汇入	2023-07-05T08:47:08+08:00
浦东·川沙	馗(馗)	钟~轴子	jiu2(dʑy²¹³)	true	jiu2	暂无	自旧档汇入	2023-07-05T08:47:08+08:00
浦东·川沙	巨(巨)	[空]	jiu2(dʑy²¹³)	true	jiu2	暂无	自旧档汇入	2023-07-05T08:47:08+08:00
浦东·川沙	拒(拒)	[空]	jiu2(dʑy²¹³)	true	jiu2	暂无	自旧档汇入	2023-07-05T08:47:08+08:00
浦东·川沙	炬(炬)	[空]	jiu2(dʑy²¹³)	true	jiu2	暂无	自旧档汇入	2023-07-05T08:47:08+08:00
浦东·川沙	距(距)	[空]	jiu2(dʑy²¹³)	true	jiu2	暂无	自旧档汇入	2023-07-05T08:47:08+08:00
浦东·川沙	跪(跪)	白	jiu2(dʑy²¹³)	true	jiu2	暂无	自旧档汇入	2023-07-05T08:47:08+08:00
浦东·川沙	俱(俱)	家~	jiu6(dʑy¹³)	true	jiu6	暂无	自旧档汇入	2023-07-05T08:47:08+08:00
浦东·川沙	具(具)	[空]	jiu6(dʑy¹³)	true	jiu6	暂无	自旧档汇入	2023-07-05T08:47:08+08:00
浦东·川沙	惧(懼)	[空]	jiu6(dʑy¹³)	true	jiu6	暂无	自旧档汇入	2023-07-05T08:47:08+08:00
浦东·川沙	柜(櫃)	白	jiu6(dʑy¹³)	true	jiu6	暂无	自旧档汇入	2023-07-05T08:47:08+08:00
浦东·川沙	于(于)	[空]	yu2(ɦy²¹³)	true	yu2	暂无	自旧档汇入	2023-07-05T08:47:08+08:00
浦东·川沙	余(余)	[空]	yu2(ɦy²¹³)	true	yu2	暂无	自旧档汇入	2023-07-05T08:47:08+08:00
浦东·川沙	围(圍)	~巾	yu2(ɦy²¹³)	true	yu2	暂无	自旧档汇入	2023-07-05T08:47:08+08:00
浦东·川沙	圩(圩)	~塘	yu2(ɦy²¹³)	true	yu2	暂无	自旧档汇入	2023-07-05T08:47:08+08:00
浦东·川沙	愉(愉)	[空]	yu2(ɦy²¹³)	true	yu2	暂无	自旧档汇入	2023-07-05T08:47:08+08:00
浦东·川沙	榆(榆)	[空]	yu2(ɦy²¹³)	true	yu2	暂无	自旧档汇入	2023-07-05T08:47:08+08:00
浦东·川沙	渝(渝)	[空]	yu2(ɦy²¹³)	true	yu2	暂无	自旧档汇入	2023-07-05T08:47:08+08:00
浦东·川沙	渔(漁)	[空]	yu2(ɦy²¹³)	true	yu2	暂无	自旧档汇入	2023-07-05T08:47:08+08:00
浦东·川沙	盂(盂)	[空]	yu2(ɦy²¹³)	true	yu2	暂无	自旧档汇入	2023-07-05T08:47:08+08:00
浦东·川沙	逾(逾)	[空]	yu2(ɦy²¹³)	true	yu2	暂无	自旧档汇入	2023-07-05T08:47:08+08:00
浦东·川沙	余(餘)	[空]	yu2(ɦy²¹³)	true	yu2	暂无	自旧档汇入	2023-07-05T08:47:08+08:00
浦东·川沙	鱼(魚)	[空]	yu2(ɦy²¹³)	true	yu2	暂无	自旧档汇入	2023-07-05T08:47:08+08:00
浦东·川沙	宇(宇)	[空]	yu2(ɦy²¹³)	true	yu2	暂无	自旧档汇入	2023-07-05T08:47:08+08:00
浦东·川沙	愈(愈)	[空]	yu2(ɦy²¹³)	true	yu2	暂无	自旧档汇入	2023-07-05T08:47:08+08:00
浦东·川沙	禹(禹)	[空]	yu2(ɦy²¹³)	true	yu2	暂无	自旧档汇入	2023-07-05T08:47:08+08:00
浦东·川沙	羽(羽)	[空]	yu2(ɦy²¹³)	true	yu2	暂无	自旧档汇入	2023-07-05T08:47:08+08:00
浦东·川沙	与(與)	[空]	yu2(ɦy²¹³)	true	yu2	暂无	自旧档汇入	2023-07-05T08:47:08+08:00
浦东·川沙	雨(雨)	[空]	yu2(ɦy²¹³)	true	yu2	暂无	自旧档汇入	2023-07-05T08:47:08+08:00
浦东·川沙	吁(籲)	呼~	yu6(ɦy¹³)	true	yu6	暂无	自旧档汇入	2023-07-05T08:47:08+08:00
浦东·川沙	喻(喻)	[空]	yu6(ɦy¹³)	true	yu6	暂无	自旧档汇入	2023-07-05T08:47:08+08:00
浦东·川沙	芋(芋)	[空]	yu6(ɦy¹³)	true	yu6	暂无	自旧档汇入	2023-07-05T08:47:08+08:00
浦东·川沙	裕(裕)	[空]	yu6(ɦy¹³)	true	yu6	暂无	自旧档汇入	2023-07-05T08:47:08+08:00
浦东·川沙	誉(譽)	[空]	yu6(ɦy¹³)	true	yu6	暂无	自旧档汇入	2023-07-05T08:47:08+08:00
浦东·川沙	豫(豫)	[空]	yu6(ɦy¹³)	true	yu6	暂无	自旧档汇入	2023-07-05T08:47:08+08:00
浦东·川沙	预(預)	[空]	yu6(ɦy¹³)	true	yu6	暂无	自旧档汇入	2023-07-05T08:47:08+08:00
浦东·川沙	纬(緯)	~纱。白	yu6(ɦy¹³)	true	yu6	暂无	自旧档汇入	2023-07-05T08:47:08+08:00
浦东·川沙	侣(侶)	【校】原文作阴平，显误，径改	liu2(ly²¹³)	true	liu2	暂无	自旧档汇入	2023-07-05T08:47:08+08:00
浦东·川沙	吕(呂)	【校】原文作阴平，显误，径改	liu2(ly²¹³)	true	liu2	暂无	自旧档汇入	2023-07-05T08:47:08+08:00
浦东·川沙	屡(屢)	【校】原文作阴平，显误，径改	liu2(ly²¹³)	true	liu2	暂无	自旧档汇入	2023-07-05T08:47:08+08:00
浦东·川沙	旅(旅)	【校】原文作阴平，显误，径改	liu2(ly²¹³)	true	liu2	暂无	自旧档汇入	2023-07-05T08:47:08+08:00
浦东·川沙	缕(縷)	【校】原文作阴平，显误，径改	liu2(ly²¹³)	true	liu2	暂无	自旧档汇入	2023-07-05T08:47:08+08:00
浦东·川沙	铝(鋁)	【校】原文作阴平，显误，径改	liu2(ly²¹³)	true	liu2	暂无	自旧档汇入	2023-07-05T08:47:08+08:00
浦东·川沙	履(履)	[空]	liu2(ly²¹³)	true	liu2	暂无	自旧档汇入	2023-07-05T08:47:08+08:00
浦东·川沙	旅(旅)	[空]	liu2(ly²¹³)	true	liu2	暂无	自旧档汇入	2023-07-05T08:47:08+08:00
浦东·川沙	虑(慮)	[空]	liu6(ly¹³)	true	liu6	暂无	自旧档汇入	2023-07-05T08:47:08+08:00
浦东·川沙	滤(濾)	[空]	liu6(ly¹³)	true	liu6	暂无	自旧档汇入	2023-07-05T08:47:08+08:00
浦东·川沙	娱(娛)	[空]	gniu2(ȵy²¹³)	true	gniu2	暂无	自旧档汇入	2023-07-05T08:47:08+08:00
浦东·川沙	愚(愚)	[空]	gniu2(ȵy²¹³)	true	gniu2	暂无	自旧档汇入	2023-07-05T08:47:08+08:00
浦东·川沙	虞(虞)	[空]	gniu2(ȵy²¹³)	true	gniu2	暂无	自旧档汇入	2023-07-05T08:47:08+08:00
浦东·川沙	女(女)	[空]	gniu2(ȵy²¹³)	true	gniu2	暂无	自旧档汇入	2023-07-05T08:47:08+08:00
浦东·川沙	语(語)	[空]	gniu2(ȵy²¹³)	true	gniu2	暂无	自旧档汇入	2023-07-05T08:47:08+08:00
浦东·川沙	寓(寓)	[空]	gniu6(ȵy¹³)	true	gniu6	暂无	自旧档汇入	2023-07-05T08:47:08+08:00
浦东·川沙	御(禦)	[空]	gniu6(ȵy¹³)	true	gniu6	暂无	自旧档汇入	2023-07-05T08:47:08+08:00
浦东·川沙	遇(遇)	[空]	gniu6(ȵy¹³)	true	gniu6	暂无	自旧档汇入	2023-07-05T08:47:08+08:00
浦东·川沙	书(書)	[空]	siu1(sy⁵³)	true	siu1	暂无	自旧档汇入	2023-07-05T08:47:08+08:00
浦东·川沙	舒(舒)	[空]	siu1(sy⁵³)	true	siu1	暂无	自旧档汇入	2023-07-05T08:47:08+08:00
浦东·川沙	输(輸)	[空]	siu1(sy⁵³)	true	siu1	暂无	自旧档汇入	2023-07-05T08:47:08+08:00
浦东·川沙	需(需)	[空]	siu1(sy⁵³)	true	siu1	暂无	自旧档汇入	2023-07-05T08:47:08+08:00
浦东·川沙	须(須)	[空]	siu1(sy⁵³)	true	siu1	暂无	自旧档汇入	2023-07-05T08:47:08+08:00
浦东·川沙	数(數)	~~看	siu3(sy⁴⁴)	true	siu3	暂无	自旧档汇入	2023-07-05T08:47:08+08:00
浦东·川沙	暑(暑)	[空]	siu3(sy⁴⁴)	true	siu3	暂无	自旧档汇入	2023-07-05T08:47:08+08:00
浦东·川沙	泰(泰)	[空]	siu3(sy⁴⁴)	true	siu3	暂无	自旧档汇入	2023-07-05T08:47:08+08:00
浦东·川沙	鼠(鼠)	[空]	siu3(sy⁴⁴)	true	siu3	暂无	自旧档汇入	2023-07-05T08:47:08+08:00
浦东·川沙	庶(庶)	[空]	siu5(sy³⁵)	true	siu5	暂无	自旧档汇入	2023-07-05T08:47:08+08:00
浦东·川沙	恕(恕)	[空]	siu5(sy³⁵)	true	siu5	暂无	自旧档汇入	2023-07-05T08:47:08+08:00
浦东·川沙	戍(戍)	[空]	siu5(sy³⁵)	true	siu5	暂无	自旧档汇入	2023-07-05T08:47:08+08:00
浦东·川沙	俱(俱)	一应~全	ciu1(tɕy⁵³)	true	ciu1	暂无	自旧档汇入	2023-07-05T08:47:08+08:00
浦东·川沙	居(居)	[空]	ciu1(tɕy⁵³)	true	ciu1	暂无	自旧档汇入	2023-07-05T08:47:08+08:00
浦东·川沙	拘(拘)	[空]	ciu1(tɕy⁵³)	true	ciu1	暂无	自旧档汇入	2023-07-05T08:47:08+08:00
浦东·川沙	归(歸)	~去。白	ciu1(tɕy⁵³)	true	ciu1	暂无	自旧档汇入	2023-07-05T08:47:08+08:00
浦东·川沙	炮(炮)	[空]	ciu1(tɕy⁵³)	true	ciu1	暂无	自旧档汇入	2023-07-05T08:47:08+08:00
浦东·川沙	车(車)	~马炮	ciu1(tɕy⁵³)	true	ciu1	暂无	自旧档汇入	2023-07-05T08:47:08+08:00
浦东·川沙	驹(駒)	[空]	ciu1(tɕy⁵³)	true	ciu1	暂无	自旧档汇入	2023-07-05T08:47:08+08:00
浦东·川沙	龟(龜)	白	ciu1(tɕy⁵³)	true	ciu1	暂无	自旧档汇入	2023-07-05T08:47:08+08:00
浦东·川沙	矩(矩)	[空]	ciu3(tɕy⁴⁴)	true	ciu3	暂无	自旧档汇入	2023-07-05T08:47:08+08:00
浦东·川沙	鬼(鬼)	白	ciu3(tɕy⁴⁴)	true	ciu3	暂无	自旧档汇入	2023-07-05T08:47:08+08:00
浦东·川沙	句(句)	[空]	ciu5(tɕy³⁵)	true	ciu5	暂无	自旧档汇入	2023-07-05T08:47:08+08:00
浦东·川沙	据(據)	[空]	ciu5(tɕy³⁵)	true	ciu5	暂无	自旧档汇入	2023-07-05T08:47:08+08:00
浦东·川沙	举(舉)	[空]	ciu5(tɕy³⁵)	true	ciu5	暂无	自旧档汇入	2023-07-05T08:47:08+08:00
浦东·川沙	苣(苣)	莴~笋	ciu5(tɕy³⁵)	true	ciu5	暂无	自旧档汇入	2023-07-05T08:47:08+08:00
浦东·川沙	贵(貴)	价钿~。白	ciu5(tɕy³⁵)	true	ciu5	暂无	自旧档汇入	2023-07-05T08:47:08+08:00
浦东·川沙	区(區)	[空]	chiu1(tɕʰy⁵³)	true	chiu1	暂无	自旧档汇入	2023-07-05T08:47:08+08:00
浦东·川沙	亏(虧)	吃~。白	chiu1(tɕʰy⁵³)	true	chiu1	暂无	自旧档汇入	2023-07-05T08:47:08+08:00
浦东·川沙	驱(驅)	[空]	chiu1(tɕʰy⁵³)	true	chiu1	暂无	自旧档汇入	2023-07-05T08:47:08+08:00
浦东·川沙	去(去)	[空]	chiu5(tɕʰy³⁵)	true	chiu5	暂无	自旧档汇入	2023-07-05T08:47:08+08:00
浦东·川沙	朱(朱)	[空]	tsiu1(tsy⁵³)	true	tsiu1	暂无	自旧档汇入	2023-07-05T08:47:08+08:00
浦东·川沙	株(株)	[空]	tsiu1(tsy⁵³)	true	tsiu1	暂无	自旧档汇入	2023-07-05T08:47:08+08:00
浦东·川沙	殊(殊)	[空]	tsiu1(tsy⁵³)	true	tsiu1	暂无	自旧档汇入	2023-07-05T08:47:08+08:00
浦东·川沙	珠(珠)	[空]	tsiu1(tsy⁵³)	true	tsiu1	暂无	自旧档汇入	2023-07-05T08:47:08+08:00
浦东·川沙	蛛(蛛)	[空]	tsiu1(tsy⁵³)	true	tsiu1	暂无	自旧档汇入	2023-07-05T08:47:08+08:00
浦东·川沙	诛(誅)	[空]	tsiu1(tsy⁵³)	true	tsiu1	暂无	自旧档汇入	2023-07-05T08:47:08+08:00
浦东·川沙	诸(諸)	[空]	tsiu1(tsy⁵³)	true	tsiu1	暂无	自旧档汇入	2023-07-05T08:47:08+08:00
浦东·川沙	主(主)	[空]	tsiu3(tsy⁴⁴)	true	tsiu3	暂无	自旧档汇入	2023-07-05T08:47:08+08:00
浦东·川沙	注(注)	[空]	tsiu5(tsy³⁵)	true	tsiu5	暂无	自旧档汇入	2023-07-05T08:47:08+08:00
浦东·川沙	疰(疰)	~夏	tsiu5(tsy³⁵)	true	tsiu5	暂无	自旧档汇入	2023-07-05T08:47:08+08:00
浦东·川沙	着(著)	~名	tsiu5(tsy³⁵)	true	tsiu5	暂无	自旧档汇入	2023-07-05T08:47:08+08:00
浦东·川沙	蛀(蛀)	[空]	tsiu5(tsy³⁵)	true	tsiu5	暂无	自旧档汇入	2023-07-05T08:47:08+08:00
浦东·川沙	铸(鑄)	[空]	tsiu5(tsy³⁵)	true	tsiu5	暂无	自旧档汇入	2023-07-05T08:47:08+08:00
浦东·川沙	驻(駐)	[空]	tsiu5(tsy³⁵)	true	tsiu5	暂无	自旧档汇入	2023-07-05T08:47:08+08:00
浦东·川沙	趋(趨)	[空]	tshiu1(tsʰy⁵³)	true	tshiu1	暂无	自旧档汇入	2023-07-05T08:47:08+08:00
浦东·川沙	取(取)	[空]	tshiu3(tsʰy⁴⁴)	true	tshiu3	暂无	自旧档汇入	2023-07-05T08:47:08+08:00
浦东·川沙	娶(娶)	[空]	tshiu3(tsʰy⁴⁴)	true	tshiu3	暂无	自旧档汇入	2023-07-05T08:47:08+08:00
浦东·川沙	杵(杵)	[空]	tshiu3(tsʰy⁴⁴)	true	tshiu3	暂无	自旧档汇入	2023-07-05T08:47:08+08:00
浦东·川沙	处(處)	相~	tshiu3(tsʰy⁴⁴)	true	tshiu3	暂无	自旧档汇入	2023-07-05T08:47:08+08:00
浦东·川沙	处(處)	~所	tshiu5(tsʰy³⁵)	true	tshiu5	暂无	自旧档汇入	2023-07-05T08:47:08+08:00
浦东·川沙	趣(趣)	[空]	tshiu5(tsʰy³⁵)	true	tshiu5	暂无	自旧档汇入	2023-07-05T08:47:08+08:00
浦东·川沙	□(□)	漂亮	tshiu5(tsʰy³⁵)	true	tshiu5	暂无	自旧档汇入	2023-07-05T08:47:08+08:00
浦东·川沙	储(儲)	[空]	ziu2(zy²¹³)	true	ziu2	暂无	自旧档汇入	2023-07-05T08:47:08+08:00
浦东·川沙	如(如)	[空]	ziu2(zy²¹³)	true	ziu2	暂无	自旧档汇入	2023-07-05T08:47:08+08:00
浦东·川沙	厨(廚)	[空]	ziu2(zy²¹³)	true	ziu2	暂无	自旧档汇入	2023-07-05T08:47:08+08:00
浦东·川沙	橱(櫥)	[空]	ziu2(zy²¹³)	true	ziu2	暂无	自旧档汇入	2023-07-05T08:47:08+08:00
浦东·川沙	殊(殊)	[空]	ziu2(zy²¹³)	true	ziu2	暂无	自旧档汇入	2023-07-05T08:47:08+08:00
浦东·川沙	除(除)	[空]	ziu2(zy²¹³)	true	ziu2	暂无	自旧档汇入	2023-07-05T08:47:08+08:00
浦东·川沙	乳(乳)	[空]	ziu2(zy²¹³)	true	ziu2	暂无	自旧档汇入	2023-07-05T08:47:08+08:00
浦东·川沙	儒(儒)	[空]	ziu2(zy²¹³)	true	ziu2	暂无	自旧档汇入	2023-07-05T08:47:08+08:00
浦东·川沙	序(序)	[空]	ziu2(zy²¹³)	true	ziu2	暂无	自旧档汇入	2023-07-05T08:47:08+08:00
浦东·川沙	叙(敘)	[空]	ziu2(zy²¹³)	true	ziu2	暂无	自旧档汇入	2023-07-05T08:47:08+08:00
浦东·川沙	曙(曙)	[空]	ziu2(zy²¹³)	true	ziu2	暂无	自旧档汇入	2023-07-05T08:47:08+08:00
浦东·川沙	柱(柱)	[空]	ziu2(zy²¹³)	true	ziu2	暂无	自旧档汇入	2023-07-05T08:47:08+08:00
浦东·川沙	汝(汝)	[空]	ziu2(zy²¹³)	true	ziu2	暂无	自旧档汇入	2023-07-05T08:47:08+08:00
浦东·川沙	绪(緒)	[空]	ziu2(zy²¹³)	true	ziu2	暂无	自旧档汇入	2023-07-05T08:47:08+08:00
浦东·川沙	聚(聚)	[空]	ziu2(zy²¹³)	true	ziu2	暂无	自旧档汇入	2023-07-05T08:47:08+08:00
浦东·川沙	苎(苧)	~麻	ziu2(zy²¹³)	true	ziu2	暂无	自旧档汇入	2023-07-05T08:47:08+08:00
浦东·川沙	竖(豎)	[空]	ziu2(zy²¹³)	true	ziu2	暂无	自旧档汇入	2023-07-05T08:47:08+08:00
浦东·川沙	住(住)	[空]	ziu6(zy¹³)	true	ziu6	暂无	自旧档汇入	2023-07-05T08:47:08+08:00
浦东·川沙	树(樹)	[空]	ziu6(zy¹³)	true	ziu6	暂无	自旧档汇入	2023-07-05T08:47:08+08:00
浦东·川沙	署(署)	[空]	ziu6(zy¹³)	true	ziu6	暂无	自旧档汇入	2023-07-05T08:47:08+08:00
浦东·川沙	薯(薯)	[空]	ziu6(zy¹³)	true	ziu6	暂无	自旧档汇入	2023-07-05T08:47:08+08:00
浦东·川沙	淤(淤)	[空]	iu1(y⁵³)	true	iu1	暂无	自旧档汇入	2023-07-05T08:47:08+08:00
浦东·川沙	瘀(瘀)	[空]	iu1(y⁵³)	true	iu1	暂无	自旧档汇入	2023-07-05T08:47:08+08:00
浦东·川沙	与(與)	~众不同	iu1(y⁵³)	true	iu1	暂无	自旧档汇入	2023-07-05T08:47:08+08:00
浦东·川沙	迂(迂)	[空]	iu1(y⁵³)	true	iu1	暂无	自旧档汇入	2023-07-05T08:47:08+08:00
浦东·川沙	椅(椅)	[空]	iu3(y⁴⁴)	true	iu3	暂无	自旧档汇入	2023-07-05T08:47:08+08:00
浦东·川沙	喂(餵)	~饭。白	iu5(y³⁵)	true	iu5	暂无	自旧档汇入	2023-07-05T08:47:08+08:00
浦东·川沙	勋(勳)	[空]	shiun1(ɕyn⁵³)	true	shiun1	暂无	自旧档汇入	2023-07-05T08:47:08+08:00
浦东·川沙	熏(熏)	[空]	shiun1(ɕyn⁵³)	true	shiun1	暂无	自旧档汇入	2023-07-05T08:47:08+08:00
浦东·川沙	熏(薰)	[空]	shiun1(ɕyn⁵³)	true	shiun1	暂无	自旧档汇入	2023-07-05T08:47:08+08:00
浦东·川沙	训(訓)	[空]	shiun5(ɕyn³⁵)	true	shiun5	暂无	自旧档汇入	2023-07-05T08:47:08+08:00
浦东·川沙	驯(馴)	[空]	shiun5(ɕyn³⁵)	true	shiun5	暂无	自旧档汇入	2023-07-05T08:47:08+08:00
浦东·川沙	群(群)	[空]	jiun2(dʑyn²¹³)	true	jiun2	暂无	自旧档汇入	2023-07-05T08:47:08+08:00
浦东·川沙	芹(芹)	~菜	jiun2(dʑyn²¹³)	true	jiun2	暂无	自旧档汇入	2023-07-05T08:47:08+08:00
浦东·川沙	裙(裙)	[空]	jiun2(dʑyn²¹³)	true	jiun2	暂无	自旧档汇入	2023-07-05T08:47:08+08:00
浦东·川沙	郡(郡)	[空]	jiun6(dʑyn¹³)	true	jiun6	暂无	自旧档汇入	2023-07-05T08:47:08+08:00
浦东·川沙	云(云)	[空]	yun2(ɦyn²¹³)	true	yun2	暂无	自旧档汇入	2023-07-05T08:47:08+08:00
浦东·川沙	匀(勻)	[空]	yun2(ɦyn²¹³)	true	yun2	暂无	自旧档汇入	2023-07-05T08:47:08+08:00
浦东·川沙	寅(寅)	~卯勿通光	yun2(ɦyn²¹³)	true	yun2	暂无	自旧档汇入	2023-07-05T08:47:08+08:00
浦东·川沙	盈(盈)	[空]	yun2(ɦyn²¹³)	true	yun2	暂无	自旧档汇入	2023-07-05T08:47:08+08:00
浦东·川沙	云(雲)	[空]	yun2(ɦyn²¹³)	true	yun2	暂无	自旧档汇入	2023-07-05T08:47:08+08:00
浦东·川沙	允(允)	[空]	yun2(ɦyn²¹³)	true	yun2	暂无	自旧档汇入	2023-07-05T08:47:08+08:00
浦东·川沙	孕(孕)	[空]	yun6(ɦyn¹³)	true	yun6	暂无	自旧档汇入	2023-07-05T08:47:08+08:00
浦东·川沙	晕(暈)	[空]	yun6(ɦyn¹³)	true	yun6	暂无	自旧档汇入	2023-07-05T08:47:08+08:00
浦东·川沙	熨(熨)	[空]	yun6(ɦyn¹³)	true	yun6	暂无	自旧档汇入	2023-07-05T08:47:08+08:00
浦东·川沙	运(運)	[空]	yun6(ɦyn¹³)	true	yun6	暂无	自旧档汇入	2023-07-05T08:47:08+08:00
浦东·川沙	韵(韻)	[空]	yun6(ɦyn¹³)	true	yun6	暂无	自旧档汇入	2023-07-05T08:47:08+08:00
浦东·川沙	君(君)	[空]	ciun1(tɕyn⁵³)	true	ciun1	暂无	自旧档汇入	2023-07-05T08:47:08+08:00
浦东·川沙	均(均)	[空]	ciun1(tɕyn⁵³)	true	ciun1	暂无	自旧档汇入	2023-07-05T08:47:08+08:00
浦东·川沙	军(軍)	[空]	ciun1(tɕyn⁵³)	true	ciun1	暂无	自旧档汇入	2023-07-05T08:47:08+08:00
浦东·川沙	钧(鈞)	[空]	ciun1(tɕyn⁵³)	true	ciun1	暂无	自旧档汇入	2023-07-05T08:47:08+08:00
浦东·川沙	窘(窘)	[空]	ciun5(tɕyn³⁵)	true	ciun5	暂无	自旧档汇入	2023-07-05T08:47:08+08:00
浦东·川沙	菌(菌)	[空]	chiun1(tɕʰyn⁵³)	true	chiun1	暂无	自旧档汇入	2023-07-05T08:47:08+08:00
浦东·川沙	喧(喧)	[空]	shioe1(ɕyø⁵³)	true	shioe1	暂无	自旧档汇入	2023-07-05T08:47:08+08:00
浦东·川沙	揎(揎)	~一记，打	shioe1(ɕyø⁵³)	true	shioe1	暂无	自旧档汇入	2023-07-05T08:47:08+08:00
浦东·川沙	□(□)	~到上海，赶路	shioe1(ɕyø⁵³)	true	shioe1	暂无	自旧档汇入	2023-07-05T08:47:08+08:00
浦东·川沙	楦(楦)	[空]	shioe5(ɕyø³⁵)	true	shioe5	暂无	自旧档汇入	2023-07-05T08:47:08+08:00
浦东·川沙	拳(拳)	[空]	jioe2(dʑyø²¹³)	true	jioe2	暂无	自旧档汇入	2023-07-05T08:47:08+08:00
浦东·川沙	权(權)	[空]	jioe2(dʑyø²¹³)	true	jioe2	暂无	自旧档汇入	2023-07-05T08:47:08+08:00
浦东·川沙	蜷(踡)	人~气，蜷缩	jioe2(dʑyø²¹³)	true	jioe2	暂无	自旧档汇入	2023-07-05T08:47:08+08:00
浦东·川沙	圈(圈)	猪~	jioe2(dʑyø²¹³)	true	jioe2	暂无	自旧档汇入	2023-07-05T08:47:08+08:00
浦东·川沙	□(□)	纸头~成一团，揉搓	jioe2(dʑyø²¹³)	true	jioe2	暂无	自旧档汇入	2023-07-05T08:47:08+08:00
浦东·川沙	倦(倦)	[空]	jioe6(dʑyø¹³)	true	jioe6	暂无	自旧档汇入	2023-07-05T08:47:08+08:00
浦东·川沙	元(元)	[空]	yoe2(ɦyø²¹³)	true	yoe2	暂无	自旧档汇入	2023-07-05T08:47:08+08:00
浦东·川沙	员(員)	[空]	yoe2(ɦyø²¹³)	true	yoe2	暂无	自旧档汇入	2023-07-05T08:47:08+08:00
浦东·川沙	园(園)	[空]	yoe2(ɦyø²¹³)	true	yoe2	暂无	自旧档汇入	2023-07-05T08:47:08+08:00
浦东·川沙	圆(圓)	[空]	yoe2(ɦyø²¹³)	true	yoe2	暂无	自旧档汇入	2023-07-05T08:47:08+08:00
浦东·川沙	悬(懸)	[空]	yoe2(ɦyø²¹³)	true	yoe2	暂无	自旧档汇入	2023-07-05T08:47:08+08:00
浦东·川沙	援(援)	[空]	yoe2(ɦyø²¹³)	true	yoe2	暂无	自旧档汇入	2023-07-05T08:47:08+08:00
浦东·川沙	渊(淵)	[空]	yoe2(ɦyø²¹³)	true	yoe2	暂无	自旧档汇入	2023-07-05T08:47:08+08:00
浦东·川沙	玄(玄)	[空]	yoe2(ɦyø²¹³)	true	yoe2	暂无	自旧档汇入	2023-07-05T08:47:08+08:00
浦东·川沙	缘(緣)	[空]	yoe2(ɦyø²¹³)	true	yoe2	暂无	自旧档汇入	2023-07-05T08:47:08+08:00
浦东·川沙	袁(袁)	[空]	yoe2(ɦyø²¹³)	true	yoe2	暂无	自旧档汇入	2023-07-05T08:47:08+08:00
浦东·川沙	辕(轅)	[空]	yoe2(ɦyø²¹³)	true	yoe2	暂无	自旧档汇入	2023-07-05T08:47:08+08:00
浦东·川沙	远(遠)	[空]	yoe2(ɦyø²¹³)	true	yoe2	暂无	自旧档汇入	2023-07-05T08:47:08+08:00
浦东·川沙	阮(阮)	[空]	yoe2(ɦyø²¹³)	true	yoe2	暂无	自旧档汇入	2023-07-05T08:47:08+08:00
浦东·川沙	眩(眩)	头~，眩晕	yoe6(ɦyø¹³)	true	yoe6	暂无	自旧档汇入	2023-07-05T08:47:08+08:00
浦东·川沙	县(縣)	[空]	yoe6(ɦyø¹³)	true	yoe6	暂无	自旧档汇入	2023-07-05T08:47:08+08:00
浦东·川沙	院(院)	[空]	yoe6(ɦyø¹³)	true	yoe6	暂无	自旧档汇入	2023-07-05T08:47:08+08:00
浦东·川沙	元(元)	[空]	gnioe2(ȵyø²¹³)	true	gnioe2	暂无	自旧档汇入	2023-07-05T08:47:08+08:00
浦东·川沙	原(原)	[空]	gnioe2(ȵyø²¹³)	true	gnioe2	暂无	自旧档汇入	2023-07-05T08:47:08+08:00
浦东·川沙	源(源)	[空]	gnioe2(ȵyø²¹³)	true	gnioe2	暂无	自旧档汇入	2023-07-05T08:47:08+08:00
浦东·川沙	软(軟)	[空]	gnioe2(ȵyø²¹³)	true	gnioe2	暂无	自旧档汇入	2023-07-05T08:47:08+08:00
浦东·川沙	愿(願)	[空]	gnioe6(ȵyø¹³)	true	gnioe6	暂无	自旧档汇入	2023-07-05T08:47:08+08:00
浦东·川沙	娟(娟)	[空]	cioe1(tɕyø⁵³)	true	cioe1	暂无	自旧档汇入	2023-07-05T08:47:08+08:00
浦东·川沙	捐(捐)	[空]	cioe1(tɕyø⁵³)	true	cioe1	暂无	自旧档汇入	2023-07-05T08:47:08+08:00
浦东·川沙	鹃(鵑)	[空]	cioe1(tɕyø⁵³)	true	cioe1	暂无	自旧档汇入	2023-07-05T08:47:08+08:00
浦东·川沙	卷(卷)	~起来	cioe3(tɕyø⁴⁴)	true	cioe3	暂无	自旧档汇入	2023-07-05T08:47:08+08:00
浦东·川沙	卷(卷)	~子	cioe5(tɕyø³⁵)	true	cioe5	暂无	自旧档汇入	2023-07-05T08:47:08+08:00
浦东·川沙	娟(娟)	[空]	cioe5(tɕyø³⁵)	true	cioe5	暂无	自旧档汇入	2023-07-05T08:47:08+08:00
浦东·川沙	眷(眷)	[空]	cioe5(tɕyø³⁵)	true	cioe5	暂无	自旧档汇入	2023-07-05T08:47:08+08:00
浦东·川沙	圈(圈)	~子	chioe1(tɕʰyø⁵³)	true	chioe1	暂无	自旧档汇入	2023-07-05T08:47:08+08:00
浦东·川沙	券(券)	[空]	chioe3(tɕʰyø⁴⁴)	true	chioe3	暂无	自旧档汇入	2023-07-05T08:47:08+08:00
浦东·川沙	犬(犬)	[空]	chioe3(tɕʰyø⁴⁴)	true	chioe3	暂无	自旧档汇入	2023-07-05T08:47:08+08:00
浦东·川沙	劝(勸)	[空]	chioe5(tɕʰyø³⁵)	true	chioe5	暂无	自旧档汇入	2023-07-05T08:47:08+08:00
浦东·川沙	冤(冤)	[空]	ioe1(yø⁵³)	true	ioe1	暂无	自旧档汇入	2023-07-05T08:47:08+08:00
浦东·川沙	鸳(鴛)	[空]	ioe1(yø⁵³)	true	ioe1	暂无	自旧档汇入	2023-07-05T08:47:08+08:00
浦东·川沙	怨(怨)	[空]	ioe5(yø³⁵)	true	ioe5	暂无	自旧档汇入	2023-07-05T08:47:08+08:00
浦东·川沙	噱(噱)	~头	shioeq7(ɕyœʔ⁵)	true	shioeq7	暂无	自旧档汇入	2023-07-05T08:47:08+08:00
浦东·川沙	血(血)	[空]	shioeq7(ɕyœʔ⁵)	true	shioeq7	暂无	自旧档汇入	2023-07-05T08:47:08+08:00
浦东·川沙	倔(倔)	[空]	jioeq8(dʑyœʔ²³)	true	jioeq8	暂无	自旧档汇入	2023-07-05T08:47:08+08:00
浦东·川沙	掘(掘)	[空]	jioeq8(dʑyœʔ²³)	true	jioeq8	暂无	自旧档汇入	2023-07-05T08:47:08+08:00
浦东·川沙	□(□)	~出去，气鼓鼓地走开	jioeq8(dʑyœʔ²³)	true	jioeq8	暂无	自旧档汇入	2023-07-05T08:47:08+08:00
浦东·川沙	悦(悅)	[空]	yoeq8(ɦyœʔ²³)	true	yoeq8	暂无	自旧档汇入	2023-07-05T08:47:08+08:00
浦东·川沙	曰(曰)	[空]	yoeq8(ɦyœʔ²³)	true	yoeq8	暂无	自旧档汇入	2023-07-05T08:47:08+08:00
浦东·川沙	月(月)	[空]	yoeq8(ɦyœʔ²³)	true	yoeq8	暂无	自旧档汇入	2023-07-05T08:47:08+08:00
浦东·川沙	穴(穴)	[空]	yoeq8(ɦyœʔ²³)	true	yoeq8	暂无	自旧档汇入	2023-07-05T08:47:08+08:00
浦东·川沙	粤(粵)	[空]	yoeq8(ɦyœʔ²³)	true	yoeq8	暂无	自旧档汇入	2023-07-05T08:47:08+08:00
浦东·川沙	越(越)	[空]	yoeq8(ɦyœʔ²³)	true	yoeq8	暂无	自旧档汇入	2023-07-05T08:47:08+08:00
浦东·川沙	阅(閱)	[空]	yoeq8(ɦyœʔ²³)	true	yoeq8	暂无	自旧档汇入	2023-07-05T08:47:08+08:00
浦东·川沙	月(月)	[空]	gnioeq8(ȵyœʔ²³)	true	gnioeq8	暂无	自旧档汇入	2023-07-05T08:47:08+08:00
浦东·川沙	厥(厥)	[空]	cioeq7(tɕyœʔ⁵)	true	cioeq7	暂无	自旧档汇入	2023-07-05T08:47:08+08:00
浦东·川沙	掬(掬)	[空]	cioeq7(tɕyœʔ⁵)	true	cioeq7	暂无	自旧档汇入	2023-07-05T08:47:08+08:00
浦东·川沙	橘(橘)	[空]	cioeq7(tɕyœʔ⁵)	true	cioeq7	暂无	自旧档汇入	2023-07-05T08:47:08+08:00
浦东·川沙	决(決)	[空]	cioeq7(tɕyœʔ⁵)	true	cioeq7	暂无	自旧档汇入	2023-07-05T08:47:08+08:00
浦东·川沙	菊(菊)	[空]	cioeq7(tɕyœʔ⁵)	true	cioeq7	暂无	自旧档汇入	2023-07-05T08:47:08+08:00
浦东·川沙	诀(訣)	[空]	cioeq7(tɕyœʔ⁵)	true	cioeq7	暂无	自旧档汇入	2023-07-05T08:47:08+08:00
浦东·川沙	鞠(鞠)	[空]	cioeq7(tɕyœʔ⁵)	true	cioeq7	暂无	自旧档汇入	2023-07-05T08:47:08+08:00
浦东·川沙	屈(屈)	[空]	chioeq7(tɕʰyœʔ⁵)	true	chioeq7	暂无	自旧档汇入	2023-07-05T08:47:08+08:00
浦东·川沙	缺(缺)	[空]	chioeq7(tɕʰyœʔ⁵)	true	chioeq7	暂无	自旧档汇入	2023-07-05T08:47:08+08:00
浦东·川沙	□(□)	~纸头，折叠	ioeq7(yœʔ⁵)	true	ioeq7	暂无	自旧档汇入	2023-07-05T08:47:08+08:00
奉贤	多(多)	[空]	tu1(ɗu⁵³)	true	tu1	暂无	自旧档汇入	2023-07-05T08:47:08+08:00
奉贤	多(多)	[空]	ta1(ɗɑ⁵³)	true	ta1	暂无	自旧档汇入	2023-07-05T08:47:08+08:00
奉贤	拖(拖)	[空]	thu1(tʰu⁵³)	true	thu1	暂无	自旧档汇入	2023-07-05T08:47:08+08:00
奉贤	拖(拖)	[空]	tha1(tʰɑ⁵³)	true	tha1	暂无	自旧档汇入	2023-07-05T08:47:08+08:00
奉贤	他(他)	[空]	tha1(tʰɑ⁵³)	true	tha1	暂无	自旧档汇入	2023-07-05T08:47:08+08:00
奉贤	舵(舵)	[空]	du6(du¹¹³)	true	du6	暂无	自旧档汇入	2023-07-05T08:47:08+08:00
奉贤	大(大)	[空]	du6(du¹¹³)	true	du6	暂无	自旧档汇入	2023-07-05T08:47:08+08:00
奉贤	大(大)	[空]	da6(dɑ¹¹³)	true	da6	暂无	自旧档汇入	2023-07-05T08:47:08+08:00
奉贤	罗(羅)	[空]	lu2(lu³¹)	true	lu2	暂无	自旧档汇入	2023-07-05T08:47:08+08:00
奉贤	锣(鑼)	[空]	lu2(lu³¹)	true	lu2	暂无	自旧档汇入	2023-07-05T08:47:08+08:00
奉贤	箩(籮)	[空]	lu2(lu³¹)	true	lu2	暂无	自旧档汇入	2023-07-05T08:47:08+08:00
奉贤	左(左)	[空]	tsu3(tsu⁴⁴)	true	tsu3	暂无	自旧档汇入	2023-07-05T08:47:08+08:00
奉贤	左(左)	[空]	tsi3(tsi⁴⁴)	true	tsi3	暂无	自旧档汇入	2023-07-05T08:47:08+08:00
奉贤	搓(搓)	[空]	tshu1(tsʰu⁵³)	true	tshu1	暂无	自旧档汇入	2023-07-05T08:47:08+08:00
奉贤	歌(歌)	[空]	ku1(ku⁵³)	true	ku1	暂无	自旧档汇入	2023-07-05T08:47:08+08:00
奉贤	哥(哥)	[空]	ku1(ku⁵³)	true	ku1	暂无	自旧档汇入	2023-07-05T08:47:08+08:00
奉贤	个(個)	[空]	keu5(kɯ³³⁵)	true	keu5	暂无	自旧档汇入	2023-07-05T08:47:08+08:00
奉贤	个(個)	[空]	ku5(ku³³⁵)	true	ku5	暂无	自旧档汇入	2023-07-05T08:47:08+08:00
奉贤	可(可)	[空]	khau3(kʰɔ⁴⁴)	true	khau3	暂无	自旧档汇入	2023-07-05T08:47:08+08:00
奉贤	鹅(鵝)	[空]	ngu2(ŋu³¹)	true	ngu2	暂无	自旧档汇入	2023-07-05T08:47:08+08:00
奉贤	蛾(蛾)	[空]	ngu2(ŋu³¹)	true	ngu2	暂无	自旧档汇入	2023-07-05T08:47:08+08:00
奉贤	俄(俄)	[空]	ngu2(ŋu³¹)	true	ngu2	暂无	自旧档汇入	2023-07-05T08:47:08+08:00
奉贤	我(我)	[空]	ngu6(ŋu¹¹³)	true	ngu6	暂无	自旧档汇入	2023-07-05T08:47:08+08:00
奉贤	我(我)	[空]	ngu1(ŋu⁵³)	true	ngu1	暂无	自旧档汇入	2023-07-05T08:47:08+08:00
奉贤	饿(餓)	[空]	ngu6(ŋu¹¹³)	true	ngu6	暂无	自旧档汇入	2023-07-05T08:47:08+08:00
奉贤	何(何)	[空]	vu2(βu³¹)	true	vu2	暂无	自旧档汇入	2023-07-05T08:47:08+08:00
奉贤	河(河)	[空]	vu2(βu³¹)	true	vu2	暂无	自旧档汇入	2023-07-05T08:47:08+08:00
奉贤	荷(荷)	[空]	vu2(βu³¹)	true	vu2	暂无	自旧档汇入	2023-07-05T08:47:08+08:00
奉贤	贺(賀)	[空]	vu6(βu¹¹³)	true	vu6	暂无	自旧档汇入	2023-07-05T08:47:08+08:00
奉贤	阿(阿)	[空]	u1(∅u⁵³)	true	u1	暂无	自旧档汇入	2023-07-05T08:47:08+08:00
奉贤	阿(阿)	[空]	aeq7(∅æʔ⁵)	true	aeq7	暂无	自旧档汇入	2023-07-05T08:47:08+08:00
奉贤	茄(茄)	[空]	ga2(gɑ³¹)	true	ga2	暂无	自旧档汇入	2023-07-05T08:47:08+08:00
奉贤	波(波)	[空]	pu1(ɓu⁵³)	true	pu1	暂无	自旧档汇入	2023-07-05T08:47:08+08:00
奉贤	菠(菠)	[空]	pu1(ɓu⁵³)	true	pu1	暂无	自旧档汇入	2023-07-05T08:47:08+08:00
奉贤	颇(頗)	[空]	phu1(pʰu⁵³)	true	phu1	暂无	自旧档汇入	2023-07-05T08:47:08+08:00
奉贤	破(破)	[空]	phu5(pʰu³³⁵)	true	phu5	暂无	自旧档汇入	2023-07-05T08:47:08+08:00
奉贤	婆(婆)	[空]	bu2(bu³¹)	true	bu2	暂无	自旧档汇入	2023-07-05T08:47:08+08:00
奉贤	爸(爸)	[空]	pa1(ɓɑ⁵³)	true	pa1	暂无	自旧档汇入	2023-07-05T08:47:08+08:00
奉贤	摩(摩)	[空]	mo2(mo³¹)	true	mo2	暂无	自旧档汇入	2023-07-05T08:47:08+08:00
奉贤	磨(磨)	[空]	mo2(mo³¹)	true	mo2	暂无	自旧档汇入	2023-07-05T08:47:08+08:00
奉贤	魔(魔)	[空]	mo2(mo³¹)	true	mo2	暂无	自旧档汇入	2023-07-05T08:47:08+08:00
奉贤	磨(磨)	[空]	mo6(mo¹¹³)	true	mo6	暂无	自旧档汇入	2023-07-05T08:47:08+08:00
奉贤	朵(朵)	[空]	to3(ɗo⁴⁴)	true	to3	暂无	自旧档汇入	2023-07-05T08:47:08+08:00
奉贤	朵(朵)	[空]	tu3(ɗu⁴⁴)	true	tu3	暂无	自旧档汇入	2023-07-05T08:47:08+08:00
奉贤	妥(妥)	[空]	thu5(tʰu³³⁵)	true	thu5	暂无	自旧档汇入	2023-07-05T08:47:08+08:00
奉贤	惰(惰)	[空]	du6(du¹¹³)	true	du6	暂无	自旧档汇入	2023-07-05T08:47:08+08:00
奉贤	糯(糯)	[空]	nu6(nu¹¹³)	true	nu6	暂无	自旧档汇入	2023-07-05T08:47:08+08:00
奉贤	螺(螺)	[空]	lu2(lu³¹)	true	lu2	暂无	自旧档汇入	2023-07-05T08:47:08+08:00
奉贤	坐(坐)	[空]	zu6(zu¹¹³)	true	zu6	暂无	自旧档汇入	2023-07-05T08:47:08+08:00
奉贤	座(座)	[空]	zu6(zu¹¹³)	true	zu6	暂无	自旧档汇入	2023-07-05T08:47:08+08:00
奉贤	蓑(蓑)	[空]	su1(su⁵³)	true	su1	暂无	自旧档汇入	2023-07-05T08:47:08+08:00
奉贤	梭(梭)	[空]	su1(su⁵³)	true	su1	暂无	自旧档汇入	2023-07-05T08:47:08+08:00
奉贤	锁(鎖)	[空]	su3(su⁴⁴)	true	su3	暂无	自旧档汇入	2023-07-05T08:47:08+08:00
奉贤	琐(瑣)	[空]	su3(su⁴⁴)	true	su3	暂无	自旧档汇入	2023-07-05T08:47:08+08:00
奉贤	过(過)	[空]	ku5(ku³³⁵)	true	ku5	暂无	自旧档汇入	2023-07-05T08:47:08+08:00
奉贤	锅(鍋)	[空]	ku1(ku⁵³)	true	ku1	暂无	自旧档汇入	2023-07-05T08:47:08+08:00
奉贤	戈(戈)	[空]	khu1(kʰu⁵³)	true	khu1	暂无	自旧档汇入	2023-07-05T08:47:08+08:00
奉贤	戈(戈)	又。~牛：戈牙鱼	gua2(guɑ³¹)	true	gua2	暂无	自旧档汇入	2023-07-05T08:47:08+08:00
奉贤	果(果)	[空]	ku3(ku⁴⁴)	true	ku3	暂无	自旧档汇入	2023-07-05T08:47:08+08:00
奉贤	裹(裹)	[空]	ku3(ku⁴⁴)	true	ku3	暂无	自旧档汇入	2023-07-05T08:47:08+08:00
奉贤	科(科)	[空]	khu1(kʰu⁵³)	true	khu1	暂无	自旧档汇入	2023-07-05T08:47:08+08:00
奉贤	裸(裸)	[空]	lu6(lu¹¹³)	true	lu6	暂无	自旧档汇入	2023-07-05T08:47:08+08:00
奉贤	颗(顆)	[空]	khu1(kʰu⁵³)	true	khu1	暂无	自旧档汇入	2023-07-05T08:47:08+08:00
奉贤	课(課)	[空]	khu5(kʰu³³⁵)	true	khu5	暂无	自旧档汇入	2023-07-05T08:47:08+08:00
奉贤	卧(臥)	[空]	ngu6(ŋu¹¹³)	true	ngu6	暂无	自旧档汇入	2023-07-05T08:47:08+08:00
奉贤	火(火)	[空]	fu3(ɸu⁴⁴)	true	fu3	暂无	自旧档汇入	2023-07-05T08:47:08+08:00
奉贤	货(貨)	[空]	fu5(ɸu³³⁵)	true	fu5	暂无	自旧档汇入	2023-07-05T08:47:08+08:00
奉贤	和(和)	[空]	vu2(βu³¹)	true	vu2	暂无	自旧档汇入	2023-07-05T08:47:08+08:00
奉贤	祸(禍)	[空]	vu6(βu¹¹³)	true	vu6	暂无	自旧档汇入	2023-07-05T08:47:08+08:00
奉贤	窝(窩)	[空]	u1(∅u⁵³)	true	u1	暂无	自旧档汇入	2023-07-05T08:47:08+08:00
奉贤	靴(靴)	[空]	shio1(çiu⁵³)	true	shio1	暂无	自旧档汇入	2023-07-05T08:47:08+08:00
奉贤	靴(靴)	又	shiu1(çy⁵³)	true	shiu1	暂无	自旧档汇入	2023-07-05T08:47:08+08:00
奉贤	巴(巴)	白	po1(ɓo⁵³)	true	po1	暂无	自旧档汇入	2023-07-05T08:47:08+08:00
奉贤	巴(巴)	文	pa1(ɓɑ⁵³)	true	pa1	暂无	自旧档汇入	2023-07-05T08:47:08+08:00
奉贤	疤(疤)	白	po1(ɓo⁵³)	true	po1	暂无	自旧档汇入	2023-07-05T08:47:08+08:00
奉贤	疤(疤)	文	pa1(ɓɑ⁵³)	true	pa1	暂无	自旧档汇入	2023-07-05T08:47:08+08:00
奉贤	芭(芭)	白	po1(ɓo⁵³)	true	po1	暂无	自旧档汇入	2023-07-05T08:47:08+08:00
奉贤	芭(芭)	文	pa1(ɓɑ⁵³)	true	pa1	暂无	自旧档汇入	2023-07-05T08:47:08+08:00
奉贤	把(把)	白	po3(ɓo⁴⁴)	true	po3	暂无	自旧档汇入	2023-07-05T08:47:08+08:00
奉贤	把(把)	文	pa3(ɓɑ⁴⁴)	true	pa3	暂无	自旧档汇入	2023-07-05T08:47:08+08:00
奉贤	霸(霸)	[空]	po5(ɓo³³⁵)	true	po5	暂无	自旧档汇入	2023-07-05T08:47:08+08:00
奉贤	怕(怕)	白	pho5(pʰo³³⁵)	true	pho5	暂无	自旧档汇入	2023-07-05T08:47:08+08:00
奉贤	怕(怕)	文	pha5(pʰɑ³³⁵)	true	pha5	暂无	自旧档汇入	2023-07-05T08:47:08+08:00
奉贤	爬(爬)	[空]	bo2(bo³¹)	true	bo2	暂无	自旧档汇入	2023-07-05T08:47:08+08:00
奉贤	杷(杷)	[空]	bo2(bo³¹)	true	bo2	暂无	自旧档汇入	2023-07-05T08:47:08+08:00
奉贤	妈(媽)	[空]	ma1(mɑ⁵³)	true	ma1	暂无	自旧档汇入	2023-07-05T08:47:08+08:00
奉贤	麻(麻)	[空]	mo2(mo³¹)	true	mo2	暂无	自旧档汇入	2023-07-05T08:47:08+08:00
奉贤	马(馬)	[空]	mo6(mo¹¹³)	true	mo6	暂无	自旧档汇入	2023-07-05T08:47:08+08:00
奉贤	马(馬)	文。~上	ma3(mɑ⁴⁴)	true	ma3	暂无	自旧档汇入	2023-07-05T08:47:08+08:00
奉贤	码(碼)	【校】原mo6	mo4(mo²²)	true	mo4	暂无	自旧档汇入	2023-07-05T08:47:08+08:00
奉贤	骂(罵)	[空]	mo6(mo¹¹³)	true	mo6	暂无	自旧档汇入	2023-07-05T08:47:08+08:00
奉贤	拿(拿)	[空]	na1(nɑ⁵³)	true	na1	暂无	自旧档汇入	2023-07-05T08:47:08+08:00
奉贤	拿(拿)	[空]	no1(no⁵³)	true	no1	暂无	自旧档汇入	2023-07-05T08:47:08+08:00
奉贤	茶(茶)	[空]	zo2(zo³¹)	true	zo2	暂无	自旧档汇入	2023-07-05T08:47:08+08:00
奉贤	渣(渣)	[空]	tso1(tso⁵³)	true	tso1	暂无	自旧档汇入	2023-07-05T08:47:08+08:00
奉贤	诈(詐)	[空]	tso5(tso³³⁵)	true	tso5	暂无	自旧档汇入	2023-07-05T08:47:08+08:00
奉贤	炸(炸)	[空]	tso5(tso³³⁵)	true	tso5	暂无	自旧档汇入	2023-07-05T08:47:08+08:00
奉贤	叉(叉)	[空]	tsho1(tsʰo⁵³)	true	tsho1	暂无	自旧档汇入	2023-07-05T08:47:08+08:00
奉贤	差(差)	[空]	tsho1(tsʰo⁵³)	true	tsho1	暂无	自旧档汇入	2023-07-05T08:47:08+08:00
奉贤	差(差)	[空]	tsha1(tsʰɑ⁵³)	true	tsha1	暂无	自旧档汇入	2023-07-05T08:47:08+08:00
奉贤	岔(岔)	[空]	tsho1(tsʰo⁵³)	true	tsho1	暂无	自旧档汇入	2023-07-05T08:47:08+08:00
奉贤	查(查)	[空]	zo2(zo³¹)	true	zo2	暂无	自旧档汇入	2023-07-05T08:47:08+08:00
奉贤	沙(沙)	白	so1(so⁵³)	true	so1	暂无	自旧档汇入	2023-07-05T08:47:08+08:00
奉贤	沙(沙)	文	sa1(sɑ⁵³)	true	sa1	暂无	自旧档汇入	2023-07-05T08:47:08+08:00
奉贤	纱(紗)	[空]	so1(so⁵³)	true	so1	暂无	自旧档汇入	2023-07-05T08:47:08+08:00
奉贤	洒(灑)	[空]	sa3(sɑ⁴⁴)	true	sa3	暂无	自旧档汇入	2023-07-05T08:47:08+08:00
奉贤	加(加)	白	ka1(kɑ⁵³)	true	ka1	暂无	自旧档汇入	2023-07-05T08:47:08+08:00
奉贤	加(加)	文	cia1(ʄiɑ⁵³)	true	cia1	暂无	自旧档汇入	2023-07-05T08:47:08+08:00
奉贤	嘉(嘉)	白	ka1(kɑ⁵³)	true	ka1	暂无	自旧档汇入	2023-07-05T08:47:08+08:00
奉贤	嘉(嘉)	文	cia1(ʄiɑ⁵³)	true	cia1	暂无	自旧档汇入	2023-07-05T08:47:08+08:00
奉贤	家(家)	白	ka1(kɑ⁵³)	true	ka1	暂无	自旧档汇入	2023-07-05T08:47:08+08:00
奉贤	家(家)	文	cia1(ʄiɑ⁵³)	true	cia1	暂无	自旧档汇入	2023-07-05T08:47:08+08:00
奉贤	傢(傢)	白	ka1(kɑ⁵³)	true	ka1	暂无	自旧档汇入	2023-07-05T08:47:08+08:00
奉贤	傢(傢)	文	cia1(ʄiɑ⁵³)	true	cia1	暂无	自旧档汇入	2023-07-05T08:47:08+08:00
奉贤	假(假)	白	ka3(kɑ⁴⁴)	true	ka3	暂无	自旧档汇入	2023-07-05T08:47:08+08:00
奉贤	假(假)	文	cia3(ʄiɑ⁴⁴)	true	cia3	暂无	自旧档汇入	2023-07-05T08:47:08+08:00
奉贤	假(假)	白	ka5(kɑ³³⁵)	true	ka5	暂无	自旧档汇入	2023-07-05T08:47:08+08:00
奉贤	假(假)	文	cia5(ʄiɑ³³⁵)	true	cia5	暂无	自旧档汇入	2023-07-05T08:47:08+08:00
奉贤	贾(賈)	[空]	cia3(ʄiɑ⁴⁴)	true	cia3	暂无	自旧档汇入	2023-07-05T08:47:08+08:00
奉贤	稼(稼)	[空]	cia5(ʄiɑ³³⁵)	true	cia5	暂无	自旧档汇入	2023-07-05T08:47:08+08:00
奉贤	嫁(嫁)	白	ka5(kɑ³³⁵)	true	ka5	暂无	自旧档汇入	2023-07-05T08:47:08+08:00
奉贤	嫁(嫁)	文	cia5(ʄiɑ³³⁵)	true	cia5	暂无	自旧档汇入	2023-07-05T08:47:08+08:00
奉贤	架(架)	白	ka5(kɑ³³⁵)	true	ka5	暂无	自旧档汇入	2023-07-05T08:47:08+08:00
奉贤	架(架)	文	cia5(ʄiɑ³³⁵)	true	cia5	暂无	自旧档汇入	2023-07-05T08:47:08+08:00
奉贤	驾(駕)	白	ka5(kɑ³³⁵)	true	ka5	暂无	自旧档汇入	2023-07-05T08:47:08+08:00
奉贤	驾(駕)	文	cia5(ʄiɑ³³⁵)	true	cia5	暂无	自旧档汇入	2023-07-05T08:47:08+08:00
奉贤	价(價)	白	ka5(kɑ³³⁵)	true	ka5	暂无	自旧档汇入	2023-07-05T08:47:08+08:00
奉贤	价(價)	文	cia5(ʄiɑ³³⁵)	true	cia5	暂无	自旧档汇入	2023-07-05T08:47:08+08:00
奉贤	牙(牙)	[空]	nga2(ŋɑ³¹)	true	nga2	暂无	自旧档汇入	2023-07-05T08:47:08+08:00
奉贤	芽(芽)	白	nga2(ŋɑ³¹)	true	nga2	暂无	自旧档汇入	2023-07-05T08:47:08+08:00
奉贤	芽(芽)	文	ya2(ɦiɑ³¹)	true	ya2	暂无	自旧档汇入	2023-07-05T08:47:08+08:00
奉贤	衙(衙)	白	nga2(ŋɑ³¹)	true	nga2	暂无	自旧档汇入	2023-07-05T08:47:08+08:00
奉贤	衙(衙)	文	ya2(ɦiɑ³¹)	true	ya2	暂无	自旧档汇入	2023-07-05T08:47:08+08:00
奉贤	雅(雅)	[空]	ia3(∅iɑ⁴⁴)	true	ia3	暂无	自旧档汇入	2023-07-05T08:47:08+08:00
奉贤	霞(霞)	[空]	ia1(∅iɑ⁵³)	true	ia1	暂无	自旧档汇入	2023-07-05T08:47:08+08:00
奉贤	霞(霞)	[空]	ya2(ɦiɑ³¹)	true	ya2	暂无	自旧档汇入	2023-07-05T08:47:08+08:00
奉贤	下(下)	白	ghau6(ɦɔ¹¹³)	true	ghau6	暂无	自旧档汇入	2023-07-05T08:47:08+08:00
奉贤	下(下)	文	shia5(çiɑ³³⁵)	true	shia5	暂无	自旧档汇入	2023-07-05T08:47:08+08:00
奉贤	夏(夏)	白	ghau6(ɦɔ¹¹³)	true	ghau6	暂无	自旧档汇入	2023-07-05T08:47:08+08:00
奉贤	夏(夏)	文	shia5(çiɑ³³⁵)	true	shia5	暂无	自旧档汇入	2023-07-05T08:47:08+08:00
奉贤	鸦(鴉)	[空]	ia1(∅iɑ⁵³)	true	ia1	暂无	自旧档汇入	2023-07-05T08:47:08+08:00
奉贤	丫(丫)	白	o1(∅o⁵³)	true	o1	暂无	自旧档汇入	2023-07-05T08:47:08+08:00
奉贤	丫(丫)	[空]	au1(∅ɔ⁵³)	true	au1	暂无	自旧档汇入	2023-07-05T08:47:08+08:00
奉贤	丫(丫)	文	ia1(∅iɑ⁵³)	true	ia1	暂无	自旧档汇入	2023-07-05T08:47:08+08:00
奉贤	哑(啞)	白	o3(∅o⁴⁴)	true	o3	暂无	自旧档汇入	2023-07-05T08:47:08+08:00
奉贤	哑(啞)	白	au3(∅ɔ⁴⁴)	true	au3	暂无	自旧档汇入	2023-07-05T08:47:08+08:00
奉贤	哑(啞)	文	ia3(∅iɑ⁴⁴)	true	ia3	暂无	自旧档汇入	2023-07-05T08:47:08+08:00
奉贤	亚(亞)	[空]	ia3(∅iɑ⁴⁴)	true	ia3	暂无	自旧档汇入	2023-07-05T08:47:08+08:00
奉贤	姐(姐)	[空]	tsia3(tsiɑ⁴⁴)	true	tsia3	暂无	自旧档汇入	2023-07-05T08:47:08+08:00
奉贤	借(借)	[空]	tsia5(tsiɑ³³⁵)	true	tsia5	暂无	自旧档汇入	2023-07-05T08:47:08+08:00
奉贤	且(且)	[空]	tshi3(tsʰi⁴⁴)	true	tshi3	暂无	自旧档汇入	2023-07-05T08:47:08+08:00
奉贤	写(寫)	[空]	sia3(siɑ⁴⁴)	true	sia3	暂无	自旧档汇入	2023-07-05T08:47:08+08:00
奉贤	泻(瀉)	[空]	sia5(siɑ³³⁵)	true	sia5	暂无	自旧档汇入	2023-07-05T08:47:08+08:00
奉贤	卸(卸)	[空]	sia5(siɑ³³⁵)	true	sia5	暂无	自旧档汇入	2023-07-05T08:47:08+08:00
奉贤	邪(邪)	[空]	zia2(ziɑ³¹)	true	zia2	暂无	自旧档汇入	2023-07-05T08:47:08+08:00
奉贤	斜(斜)	[空]	zia2(ziɑ³¹)	true	zia2	暂无	自旧档汇入	2023-07-05T08:47:08+08:00
奉贤	谢(謝)	[空]	zia6(ziɑ¹¹³)	true	zia6	暂无	自旧档汇入	2023-07-05T08:47:08+08:00
奉贤	爹(爹)	[空]	tia1(ɗiɑ⁵³)	true	tia1	暂无	自旧档汇入	2023-07-05T08:47:08+08:00
奉贤	遮(遮)	[空]	tso1(tso⁵³)	true	tso1	暂无	自旧档汇入	2023-07-05T08:47:08+08:00
奉贤	者(者)	[空]	tse3(tse⁴⁴)	true	tse3	暂无	自旧档汇入	2023-07-05T08:47:08+08:00
奉贤	蔗(蔗)	[空]	tso5(tso³³⁵)	true	tso5	暂无	自旧档汇入	2023-07-05T08:47:08+08:00
奉贤	车(車)	[空]	tsho1(tsʰo⁵³)	true	tsho1	暂无	自旧档汇入	2023-07-05T08:47:08+08:00
奉贤	扯(扯)	[空]	tsha3(tsʰɑ⁴⁴)	true	tsha3	暂无	自旧档汇入	2023-07-05T08:47:08+08:00
奉贤	蛇(蛇)	[空]	zo2(zo³¹)	true	zo2	暂无	自旧档汇入	2023-07-05T08:47:08+08:00
奉贤	射(射)	[空]	zo5(zo³³⁵)	true	zo5	暂无	自旧档汇入	2023-07-05T08:47:08+08:00
奉贤	射(射)	[空]	zaoq8(zɔʔ³)	true	zaoq8	暂无	自旧档汇入	2023-07-05T08:47:08+08:00
奉贤	射(射)	[空]	ze6(ze¹¹³)	true	ze6	暂无	自旧档汇入	2023-07-05T08:47:08+08:00
奉贤	舍(舍)	[空]	se5(se³³⁵)	true	se5	暂无	自旧档汇入	2023-07-05T08:47:08+08:00
奉贤	舍(捨)	[空]	so3(so⁴⁴)	true	so3	暂无	自旧档汇入	2023-07-05T08:47:08+08:00
奉贤	舍(舍)	[空]	soe5(sø³³⁵)	true	soe5	暂无	自旧档汇入	2023-07-05T08:47:08+08:00
奉贤	赦(赦)	[空]	so5(so³³⁵)	true	so5	暂无	自旧档汇入	2023-07-05T08:47:08+08:00
奉贤	社(社)	[空]	zo6(zo¹¹³)	true	zo6	暂无	自旧档汇入	2023-07-05T08:47:08+08:00
奉贤	惹(惹)	[空]	za6(zɑ¹¹³)	true	za6	暂无	自旧档汇入	2023-07-05T08:47:08+08:00
奉贤	爷(爺)	[空]	ya2(ɦiɑ³¹)	true	ya2	暂无	自旧档汇入	2023-07-05T08:47:08+08:00
奉贤	野(野)	[空]	ya6(ɦiɑ¹¹³)	true	ya6	暂无	自旧档汇入	2023-07-05T08:47:08+08:00
奉贤	夜(夜)	[空]	ya6(ɦiɑ¹¹³)	true	ya6	暂无	自旧档汇入	2023-07-05T08:47:08+08:00
奉贤	瓜(瓜)	[空]	ko1(ko⁵³)	true	ko1	暂无	自旧档汇入	2023-07-05T08:47:08+08:00
奉贤	寡(寡)	[空]	ko5(ko³³⁵)	true	ko5	暂无	自旧档汇入	2023-07-05T08:47:08+08:00
奉贤	夸(誇)	[空]	kho1(kʰo⁵³)	true	kho1	暂无	自旧档汇入	2023-07-05T08:47:08+08:00
奉贤	垮(垮)	[空]	khua3(kʰuɑ⁴⁴)	true	khua3	暂无	自旧档汇入	2023-07-05T08:47:08+08:00
奉贤	跨(跨)	白	kho5(kʰo³³⁵)	true	kho5	暂无	自旧档汇入	2023-07-05T08:47:08+08:00
奉贤	跨(跨)	文	khua5(kʰuɑ³³⁵)	true	khua5	暂无	自旧档汇入	2023-07-05T08:47:08+08:00
奉贤	瓦(瓦)	[空]	ngo4(ŋo²²)	true	ngo4	暂无	自旧档汇入	2023-07-05T08:47:08+08:00
奉贤	瓦(瓦)	又	ngau4(ŋɔ²²)	true	ngau4	暂无	自旧档汇入	2023-07-05T08:47:08+08:00
奉贤	花(花)	[空]	ho1(ho⁵³)	true	ho1	暂无	自旧档汇入	2023-07-05T08:47:08+08:00
奉贤	化(化)	[空]	ho5(ho³³⁵)	true	ho5	暂无	自旧档汇入	2023-07-05T08:47:08+08:00
奉贤	华(華)	[空]	gho2(ɦo³¹)	true	gho2	暂无	自旧档汇入	2023-07-05T08:47:08+08:00
奉贤	划(劃)	[空]	o1(∅o⁵³)	true	o1	暂无	自旧档汇入	2023-07-05T08:47:08+08:00
奉贤	补(補)	[空]	pu3(ɓu⁴⁴)	true	pu3	暂无	自旧档汇入	2023-07-05T08:47:08+08:00
奉贤	谱(譜)	[空]	pu5(ɓu³³⁵)	true	pu5	暂无	自旧档汇入	2023-07-05T08:47:08+08:00
奉贤	布(布)	[空]	pu5(ɓu³³⁵)	true	pu5	暂无	自旧档汇入	2023-07-05T08:47:08+08:00
奉贤	铺(鋪)	[空]	phu1(pʰu⁵³)	true	phu1	暂无	自旧档汇入	2023-07-05T08:47:08+08:00
奉贤	普(普)	[空]	phu5(pʰu³³⁵)	true	phu5	暂无	自旧档汇入	2023-07-05T08:47:08+08:00
奉贤	浦(浦)	【校】原phu5	phu3(pʰu⁴⁴)	true	phu3	暂无	自旧档汇入	2023-07-05T08:47:08+08:00
奉贤	蒲(蒲)	[空]	bu2(bu³¹)	true	bu2	暂无	自旧档汇入	2023-07-05T08:47:08+08:00
奉贤	菩(菩)	[空]	bu2(bu³¹)	true	bu2	暂无	自旧档汇入	2023-07-05T08:47:08+08:00
奉贤	部(部)	[空]	bu6(bu¹¹³)	true	bu6	暂无	自旧档汇入	2023-07-05T08:47:08+08:00
奉贤	簿(簿)	[空]	bu6(bu¹¹³)	true	bu6	暂无	自旧档汇入	2023-07-05T08:47:08+08:00
奉贤	捕(捕)	[空]	bu6(bu¹¹³)	true	bu6	暂无	自旧档汇入	2023-07-05T08:47:08+08:00
奉贤	步(步)	[空]	bu6(bu¹¹³)	true	bu6	暂无	自旧档汇入	2023-07-05T08:47:08+08:00
奉贤	模(模)	[空]	mo2(mo³¹)	true	mo2	暂无	自旧档汇入	2023-07-05T08:47:08+08:00
奉贤	暮(暮)	[空]	mo6(mo¹¹³)	true	mo6	暂无	自旧档汇入	2023-07-05T08:47:08+08:00
奉贤	慕(慕)	[空]	mo6(mo¹¹³)	true	mo6	暂无	自旧档汇入	2023-07-05T08:47:08+08:00
奉贤	墓(墓)	[空]	mo6(mo¹¹³)	true	mo6	暂无	自旧档汇入	2023-07-05T08:47:08+08:00
奉贤	募(募)	[空]	mo6(mo¹¹³)	true	mo6	暂无	自旧档汇入	2023-07-05T08:47:08+08:00
奉贤	都(都)	[空]	tu1(ɗu⁵³)	true	tu1	暂无	自旧档汇入	2023-07-05T08:47:08+08:00
奉贤	赌(賭)	[空]	tu3(ɗu⁴⁴)	true	tu3	暂无	自旧档汇入	2023-07-05T08:47:08+08:00
奉贤	堵(堵)	[空]	tu3(ɗu⁴⁴)	true	tu3	暂无	自旧档汇入	2023-07-05T08:47:08+08:00
奉贤	肚(肚)	[空]	tu3(ɗu⁴⁴)	true	tu3	暂无	自旧档汇入	2023-07-05T08:47:08+08:00
奉贤	妒(妒)	[空]	tu5(ɗu³³⁵)	true	tu5	暂无	自旧档汇入	2023-07-05T08:47:08+08:00
奉贤	土(土)	[空]	thu3(tʰu⁴⁴)	true	thu3	暂无	自旧档汇入	2023-07-05T08:47:08+08:00
奉贤	吐(吐)	[空]	thu3(tʰu⁴⁴)	true	thu3	暂无	自旧档汇入	2023-07-05T08:47:08+08:00
奉贤	兔(兔)	[空]	thu5(tʰu³³⁵)	true	thu5	暂无	自旧档汇入	2023-07-05T08:47:08+08:00
奉贤	徒(徒)	[空]	du2(du³¹)	true	du2	暂无	自旧档汇入	2023-07-05T08:47:08+08:00
奉贤	徒(徒)	[空]	du6(du¹¹³)	true	du6	暂无	自旧档汇入	2023-07-05T08:47:08+08:00
奉贤	途(途)	[空]	du6(du¹¹³)	true	du6	暂无	自旧档汇入	2023-07-05T08:47:08+08:00
奉贤	涂(塗)	[空]	du2(du³¹)	true	du2	暂无	自旧档汇入	2023-07-05T08:47:08+08:00
奉贤	图(圖)	[空]	du2(du³¹)	true	du2	暂无	自旧档汇入	2023-07-05T08:47:08+08:00
奉贤	屠(屠)	[空]	du2(du³¹)	true	du2	暂无	自旧档汇入	2023-07-05T08:47:08+08:00
奉贤	杜(杜)	[空]	du6(du¹¹³)	true	du6	暂无	自旧档汇入	2023-07-05T08:47:08+08:00
奉贤	肚(肚)	[空]	du6(du¹¹³)	true	du6	暂无	自旧档汇入	2023-07-05T08:47:08+08:00
奉贤	度(度)	[空]	du6(du¹¹³)	true	du6	暂无	自旧档汇入	2023-07-05T08:47:08+08:00
奉贤	渡(渡)	[空]	du6(du¹¹³)	true	du6	暂无	自旧档汇入	2023-07-05T08:47:08+08:00
奉贤	镀(鍍)	[空]	du6(du¹¹³)	true	du6	暂无	自旧档汇入	2023-07-05T08:47:08+08:00
奉贤	奴(奴)	[空]	nu2(nu³¹)	true	nu2	暂无	自旧档汇入	2023-07-05T08:47:08+08:00
奉贤	努(努)	[空]	nu1(nu⁵³)	true	nu1	暂无	自旧档汇入	2023-07-05T08:47:08+08:00
奉贤	怒(怒)	[空]	nu6(nu¹¹³)	true	nu6	暂无	自旧档汇入	2023-07-05T08:47:08+08:00
奉贤	卢(盧)	[空]	lu2(lu³¹)	true	lu2	暂无	自旧档汇入	2023-07-05T08:47:08+08:00
奉贤	炉(爐)	[空]	lu2(lu³¹)	true	lu2	暂无	自旧档汇入	2023-07-05T08:47:08+08:00
奉贤	芦(蘆)	[空]	lu2(lu³¹)	true	lu2	暂无	自旧档汇入	2023-07-05T08:47:08+08:00
奉贤	鲁(魯)	[空]	lu6(lu¹¹³)	true	lu6	暂无	自旧档汇入	2023-07-05T08:47:08+08:00
奉贤	橹(櫓)	[空]	lu6(lu¹¹³)	true	lu6	暂无	自旧档汇入	2023-07-05T08:47:08+08:00
奉贤	露(露)	[空]	lu6(lu¹¹³)	true	lu6	暂无	自旧档汇入	2023-07-05T08:47:08+08:00
奉贤	路(路)	[空]	lu6(lu¹¹³)	true	lu6	暂无	自旧档汇入	2023-07-05T08:47:08+08:00
奉贤	租(租)	[空]	tsu1(tsu⁵³)	true	tsu1	暂无	自旧档汇入	2023-07-05T08:47:08+08:00
奉贤	祖(祖)	[空]	tsu3(tsu⁴⁴)	true	tsu3	暂无	自旧档汇入	2023-07-05T08:47:08+08:00
奉贤	组(組)	[空]	tsu3(tsu⁴⁴)	true	tsu3	暂无	自旧档汇入	2023-07-05T08:47:08+08:00
奉贤	粗(粗)	[空]	tshu1(tsʰu⁵³)	true	tshu1	暂无	自旧档汇入	2023-07-05T08:47:08+08:00
奉贤	醋(醋)	[空]	tshu5(tsʰu³³⁵)	true	tshu5	暂无	自旧档汇入	2023-07-05T08:47:08+08:00
奉贤	措(措)	[空]	tshu5(tsʰu³³⁵)	true	tshu5	暂无	自旧档汇入	2023-07-05T08:47:08+08:00
奉贤	错(錯)	[空]	tsho1(tsʰo⁵³)	true	tsho1	暂无	自旧档汇入	2023-07-05T08:47:08+08:00
奉贤	苏(蘇)	[空]	su1(su⁵³)	true	su1	暂无	自旧档汇入	2023-07-05T08:47:08+08:00
奉贤	酥(酥)	[空]	su1(su⁵³)	true	su1	暂无	自旧档汇入	2023-07-05T08:47:08+08:00
奉贤	素(素)	[空]	su5(su³³⁵)	true	su5	暂无	自旧档汇入	2023-07-05T08:47:08+08:00
奉贤	诉(訴)	[空]	su5(su³³⁵)	true	su5	暂无	自旧档汇入	2023-07-05T08:47:08+08:00
奉贤	姑(姑)	[空]	ku1(ku⁵³)	true	ku1	暂无	自旧档汇入	2023-07-05T08:47:08+08:00
奉贤	孤(孤)	[空]	ku1(ku⁵³)	true	ku1	暂无	自旧档汇入	2023-07-05T08:47:08+08:00
奉贤	估(估)	[空]	ku3(ku⁴⁴)	true	ku3	暂无	自旧档汇入	2023-07-05T08:47:08+08:00
奉贤	古(古)	[空]	ku3(ku⁴⁴)	true	ku3	暂无	自旧档汇入	2023-07-05T08:47:08+08:00
奉贤	股(股)	[空]	ku3(ku⁴⁴)	true	ku3	暂无	自旧档汇入	2023-07-05T08:47:08+08:00
奉贤	鼓(鼓)	[空]	ku3(ku⁴⁴)	true	ku3	暂无	自旧档汇入	2023-07-05T08:47:08+08:00
奉贤	故(故)	[空]	ku5(ku³³⁵)	true	ku5	暂无	自旧档汇入	2023-07-05T08:47:08+08:00
奉贤	固(固)	[空]	ku5(ku³³⁵)	true	ku5	暂无	自旧档汇入	2023-07-05T08:47:08+08:00
奉贤	顾(顧)	[空]	ku5(ku³³⁵)	true	ku5	暂无	自旧档汇入	2023-07-05T08:47:08+08:00
奉贤	雇(僱)	[空]	ku5(ku³³⁵)	true	ku5	暂无	自旧档汇入	2023-07-05T08:47:08+08:00
奉贤	枯(枯)	[空]	khu1(kʰu⁵³)	true	khu1	暂无	自旧档汇入	2023-07-05T08:47:08+08:00
奉贤	苦(苦)	[空]	khu3(kʰu⁴⁴)	true	khu3	暂无	自旧档汇入	2023-07-05T08:47:08+08:00
奉贤	库(庫)	[空]	khu5(kʰu³³⁵)	true	khu5	暂无	自旧档汇入	2023-07-05T08:47:08+08:00
奉贤	裤(褲)	[空]	khu5(kʰu³³⁵)	true	khu5	暂无	自旧档汇入	2023-07-05T08:47:08+08:00
奉贤	吴(吳)	白	ng2(ŋ³¹)	true	ng2	暂无	自旧档汇入	2023-07-05T08:47:08+08:00
奉贤	吴(吳)	文	vu2(βu³¹)	true	vu2	暂无	自旧档汇入	2023-07-05T08:47:08+08:00
奉贤	梧(梧)	[空]	ngu2(ŋu³¹)	true	ngu2	暂无	自旧档汇入	2023-07-05T08:47:08+08:00
奉贤	吾(吾)	[空]	ngu6(ŋu¹¹³)	true	ngu6	暂无	自旧档汇入	2023-07-05T08:47:08+08:00
奉贤	午(午)	[空]	ng6(ŋ¹¹³)	true	ng6	暂无	自旧档汇入	2023-07-05T08:47:08+08:00
奉贤	午(午)	[空]	vu6(βu¹¹³)	true	vu6	暂无	自旧档汇入	2023-07-05T08:47:08+08:00
奉贤	伍(伍)	[空]	vu4(βu²²)	true	vu4	暂无	自旧档汇入	2023-07-05T08:47:08+08:00
奉贤	五(五)	[空]	ng4(ŋ²²)	true	ng4	暂无	自旧档汇入	2023-07-05T08:47:08+08:00
奉贤	五(五)	[空]	vu6(βu¹¹³)	true	vu6	暂无	自旧档汇入	2023-07-05T08:47:08+08:00
奉贤	误(誤)	[空]	ngu6(ŋu¹¹³)	true	ngu6	暂无	自旧档汇入	2023-07-05T08:47:08+08:00
奉贤	悟(悟)	[空]	ngu6(ŋu¹¹³)	true	ngu6	暂无	自旧档汇入	2023-07-05T08:47:08+08:00
奉贤	蜈(蜈)	[空]	vu2(βu³¹)	true	vu2	暂无	自旧档汇入	2023-07-05T08:47:08+08:00
奉贤	呼(呼)	[空]	fu1(ɸu⁵³)	true	fu1	暂无	自旧档汇入	2023-07-05T08:47:08+08:00
奉贤	虎(虎)	[空]	fu3(ɸu⁴⁴)	true	fu3	暂无	自旧档汇入	2023-07-05T08:47:08+08:00
奉贤	虎(虎)	又	hu3(hu⁴⁴)	true	hu3	暂无	自旧档汇入	2023-07-05T08:47:08+08:00
奉贤	胡(胡)	[空]	vu2(βu³¹)	true	vu2	暂无	自旧档汇入	2023-07-05T08:47:08+08:00
奉贤	湖(湖)	[空]	vu2(βu³¹)	true	vu2	暂无	自旧档汇入	2023-07-05T08:47:08+08:00
奉贤	狐(狐)	[空]	vu2(βu³¹)	true	vu2	暂无	自旧档汇入	2023-07-05T08:47:08+08:00
奉贤	壸(壼)	[空]	vu2(βu³¹)	true	vu2	暂无	自旧档汇入	2023-07-05T08:47:08+08:00
奉贤	户(戶)	[空]	vu6(βu¹¹³)	true	vu6	暂无	自旧档汇入	2023-07-05T08:47:08+08:00
奉贤	护(護)	[空]	vu6(βu¹¹³)	true	vu6	暂无	自旧档汇入	2023-07-05T08:47:08+08:00
奉贤	互(互)	[空]	ngu6(ŋu¹¹³)	true	ngu6	暂无	自旧档汇入	2023-07-05T08:47:08+08:00
奉贤	乌(烏)	[空]	u1(∅u⁵³)	true	u1	暂无	自旧档汇入	2023-07-05T08:47:08+08:00
奉贤	女(女)	[空]	gniu4(ɲy²²)	true	gniu4	暂无	自旧档汇入	2023-07-05T08:47:08+08:00
奉贤	驴(驢)	[空]	liu2(ly³¹)	true	liu2	暂无	自旧档汇入	2023-07-05T08:47:08+08:00
奉贤	庐(廬)	[空]	lu2(lu³¹)	true	lu2	暂无	自旧档汇入	2023-07-05T08:47:08+08:00
奉贤	吕(呂)	[空]	liu4(ly²²)	true	liu4	暂无	自旧档汇入	2023-07-05T08:47:08+08:00
奉贤	吕(呂)	白。~洞宾	li4(li²²)	true	li4	暂无	自旧档汇入	2023-07-05T08:47:08+08:00
奉贤	旅(旅)	[空]	liu4(ly²²)	true	liu4	暂无	自旧档汇入	2023-07-05T08:47:08+08:00
奉贤	虑(慮)	[空]	liu6(ly¹¹³)	true	liu6	暂无	自旧档汇入	2023-07-05T08:47:08+08:00
奉贤	滤(濾)	[空]	liu6(ly¹¹³)	true	liu6	暂无	自旧档汇入	2023-07-05T08:47:08+08:00
奉贤	蛆(蛆)	[空]	tshi1(tsʰi⁵³)	true	tshi1	暂无	自旧档汇入	2023-07-05T08:47:08+08:00
奉贤	徐(徐)	[空]	zi2(zi³¹)	true	zi2	暂无	自旧档汇入	2023-07-05T08:47:08+08:00
奉贤	序(序)	[空]	zhiu6(ʑy¹¹³)	true	zhiu6	暂无	自旧档汇入	2023-07-05T08:47:08+08:00
奉贤	叙(敘)	[空]	zhiu6(ʑy¹¹³)	true	zhiu6	暂无	自旧档汇入	2023-07-05T08:47:08+08:00
奉贤	绪(緒)	[空]	zhiu6(ʑy¹¹³)	true	zhiu6	暂无	自旧档汇入	2023-07-05T08:47:08+08:00
奉贤	猪(豬)	[空]	tsy1(tsy⁵³)	true	tsy1	暂无	自旧档汇入	2023-07-05T08:47:08+08:00
奉贤	著(著)	[空]	ciu5(ʄy³³⁵)	true	ciu5	暂无	自旧档汇入	2023-07-05T08:47:08+08:00
奉贤	除(除)	[空]	zhiu2(ʑy³¹)	true	zhiu2	暂无	自旧档汇入	2023-07-05T08:47:08+08:00
奉贤	储(儲)	[空]	zhiu6(ʑy¹¹³)	true	zhiu6	暂无	自旧档汇入	2023-07-05T08:47:08+08:00
奉贤	阻(阻)	[空]	tsu5(tsu³³⁵)	true	tsu5	暂无	自旧档汇入	2023-07-05T08:47:08+08:00
奉贤	初(初)	[空]	tshu1(tsʰu⁵³)	true	tshu1	暂无	自旧档汇入	2023-07-05T08:47:08+08:00
奉贤	楚(楚)	[空]	tshu5(tsʰu³³⁵)	true	tshu5	暂无	自旧档汇入	2023-07-05T08:47:08+08:00
奉贤	锄(鋤)	文【校对】原zu6	zu2(zu³¹)	true	zu2	暂无	自旧档汇入	2023-07-05T08:47:08+08:00
奉贤	锄(鋤)	白【校对】原zy6	zy2(zy³¹)	true	zy2	暂无	自旧档汇入	2023-07-05T08:47:08+08:00
奉贤	助(助)	[空]	zu6(zu¹¹³)	true	zu6	暂无	自旧档汇入	2023-07-05T08:47:08+08:00
奉贤	梳(梳)	[空]	su1(su⁵³)	true	su1	暂无	自旧档汇入	2023-07-05T08:47:08+08:00
奉贤	梳(梳)	白	sy1(sy⁵³)	true	sy1	暂无	自旧档汇入	2023-07-05T08:47:08+08:00
奉贤	疏(疏)	[空]	su1(su⁵³)	true	su1	暂无	自旧档汇入	2023-07-05T08:47:08+08:00
奉贤	所(所)	[空]	su3(su⁴⁴)	true	su3	暂无	自旧档汇入	2023-07-05T08:47:08+08:00
奉贤	所(所)	~在：房子	shiu3(çy⁴⁴)	true	shiu3	暂无	自旧档汇入	2023-07-05T08:47:08+08:00
奉贤	诸(諸)	文	ciu1(ʄy⁵³)	true	ciu1	暂无	自旧档汇入	2023-07-05T08:47:08+08:00
奉贤	诸(諸)	白	tsy1(tsy⁵³)	true	tsy1	暂无	自旧档汇入	2023-07-05T08:47:08+08:00
奉贤	煮(煮)	[空]	ciu3(ʄy⁴⁴)	true	ciu3	暂无	自旧档汇入	2023-07-05T08:47:08+08:00
奉贤	处(處)	[空]	chiu3(cʰy⁴⁴)	true	chiu3	暂无	自旧档汇入	2023-07-05T08:47:08+08:00
奉贤	处(處)	文	tshy3(tsʰy⁴⁴)	true	tshy3	暂无	自旧档汇入	2023-07-05T08:47:08+08:00
奉贤	处(處)	[空]	chiu5(cʰy³³⁵)	true	chiu5	暂无	自旧档汇入	2023-07-05T08:47:08+08:00
奉贤	处(處)	文	tshy5(tsʰy³³⁵)	true	tshy5	暂无	自旧档汇入	2023-07-05T08:47:08+08:00
奉贤	书(書)	[空]	shiu1(çy⁵³)	true	shiu1	暂无	自旧档汇入	2023-07-05T08:47:08+08:00
奉贤	舒(舒)	[空]	shiu1(çy⁵³)	true	shiu1	暂无	自旧档汇入	2023-07-05T08:47:08+08:00
奉贤	署(署)	[空]	shiu3(çy⁴⁴)	true	shiu3	暂无	自旧档汇入	2023-07-05T08:47:08+08:00
奉贤	鼠(鼠)	文	shiu3(çy⁴⁴)	true	shiu3	暂无	自旧档汇入	2023-07-05T08:47:08+08:00
奉贤	鼠(鼠)	白	sy(sy)	true	sy	暂无	自旧档汇入	2023-07-05T08:47:08+08:00
奉贤	薯(薯)	[空]	zhiu6(ʑy¹¹³)	true	zhiu6	暂无	自旧档汇入	2023-07-05T08:47:08+08:00
奉贤	如(如)	[空]	zhiu2(ʑy³¹)	true	zhiu2	暂无	自旧档汇入	2023-07-05T08:47:08+08:00
奉贤	居(居)	[空]	ciu1(ʄy⁵³)	true	ciu1	暂无	自旧档汇入	2023-07-05T08:47:08+08:00
奉贤	举(舉)	[空]	ciu3(ʄy⁴⁴)	true	ciu3	暂无	自旧档汇入	2023-07-05T08:47:08+08:00
奉贤	据(據)	[空]	ciu5(ʄy³³⁵)	true	ciu5	暂无	自旧档汇入	2023-07-05T08:47:08+08:00
奉贤	锯(鋸)	[空]	ciu5(ʄy³³⁵)	true	ciu5	暂无	自旧档汇入	2023-07-05T08:47:08+08:00
奉贤	去(去)	文	chiu5(cʰy³³⁵)	true	chiu5	暂无	自旧档汇入	2023-07-05T08:47:08+08:00
奉贤	去(去)	白	chi5(cʰi³³⁵)	true	chi5	暂无	自旧档汇入	2023-07-05T08:47:08+08:00
奉贤	渠(渠)	[空]	jiu2(ɟy³¹)	true	jiu2	暂无	自旧档汇入	2023-07-05T08:47:08+08:00
奉贤	巨(巨)	[空]	jiu6(ɟy¹¹³)	true	jiu6	暂无	自旧档汇入	2023-07-05T08:47:08+08:00
奉贤	拒(拒)	[空]	jiu6(ɟy¹¹³)	true	jiu6	暂无	自旧档汇入	2023-07-05T08:47:08+08:00
奉贤	距(距)	[空]	jiu6(ɟy¹¹³)	true	jiu6	暂无	自旧档汇入	2023-07-05T08:47:08+08:00
奉贤	鱼(魚)	白	ng2(ŋ³¹)	true	ng2	暂无	自旧档汇入	2023-07-05T08:47:08+08:00
奉贤	鱼(魚)	文	yu2(ɦy³¹)	true	yu2	暂无	自旧档汇入	2023-07-05T08:47:08+08:00
奉贤	渔(漁)	[空]	yu2(ɦy³¹)	true	yu2	暂无	自旧档汇入	2023-07-05T08:47:08+08:00
奉贤	语(語)	[空]	gniu6(ɲy¹¹³)	true	gniu6	暂无	自旧档汇入	2023-07-05T08:47:08+08:00
奉贤	御(禦)	[空]	gniu6(ɲy¹¹³)	true	gniu6	暂无	自旧档汇入	2023-07-05T08:47:08+08:00
奉贤	虚(虛)	[空]	shiu1(çy⁵³)	true	shiu1	暂无	自旧档汇入	2023-07-05T08:47:08+08:00
奉贤	嘘(噓)	[空]	shiu1(çy⁵³)	true	shiu1	暂无	自旧档汇入	2023-07-05T08:47:08+08:00
奉贤	许(許)	[空]	shiu3(çy⁴⁴)	true	shiu3	暂无	自旧档汇入	2023-07-05T08:47:08+08:00
奉贤	许(許)	几~	shiu3(çy⁴⁴)	true	shiu3	暂无	自旧档汇入	2023-07-05T08:47:08+08:00
奉贤	余(餘)	[空]	yu2(ɦy³¹)	true	yu2	暂无	自旧档汇入	2023-07-05T08:47:08+08:00
奉贤	与(與)	[空]	yu2(ɦy³¹)	true	yu2	暂无	自旧档汇入	2023-07-05T08:47:08+08:00
奉贤	预(預)	[空]	yu6(ɦy¹¹³)	true	yu6	暂无	自旧档汇入	2023-07-05T08:47:08+08:00
奉贤	誉(譽)	[空]	yu6(ɦy¹¹³)	true	yu6	暂无	自旧档汇入	2023-07-05T08:47:08+08:00
奉贤	豫(豫)	[空]	yu6(ɦy¹¹³)	true	yu6	暂无	自旧档汇入	2023-07-05T08:47:08+08:00
奉贤	肤(膚)	[空]	fu1(ɸu⁵³)	true	fu1	暂无	自旧档汇入	2023-07-05T08:47:08+08:00
奉贤	夫(夫)	[空]	fu1(ɸu⁵³)	true	fu1	暂无	自旧档汇入	2023-07-05T08:47:08+08:00
奉贤	府(府)	[空]	fu5(ɸu³³⁵)	true	fu5	暂无	自旧档汇入	2023-07-05T08:47:08+08:00
奉贤	俯(俯)	[空]	fu5(ɸu³³⁵)	true	fu5	暂无	自旧档汇入	2023-07-05T08:47:08+08:00
奉贤	腑(腑)	[空]	fu5(ɸu³³⁵)	true	fu5	暂无	自旧档汇入	2023-07-05T08:47:08+08:00
奉贤	斧(斧)	[空]	fu5(ɸu³³⁵)	true	fu5	暂无	自旧档汇入	2023-07-05T08:47:08+08:00
奉贤	付(付)	[空]	fu5(ɸu³³⁵)	true	fu5	暂无	自旧档汇入	2023-07-05T08:47:08+08:00
奉贤	傅(傅)	[空]	fu5(ɸu³³⁵)	true	fu5	暂无	自旧档汇入	2023-07-05T08:47:08+08:00
奉贤	俘(俘)	[空]	fu1(ɸu⁵³)	true	fu1	暂无	自旧档汇入	2023-07-05T08:47:08+08:00
奉贤	敷(敷)	[空]	fu1(ɸu⁵³)	true	fu1	暂无	自旧档汇入	2023-07-05T08:47:08+08:00
奉贤	赴(赴)	[空]	fu5(ɸu³³⁵)	true	fu5	暂无	自旧档汇入	2023-07-05T08:47:08+08:00
奉贤	符(符)	[空]	vu2(βu³¹)	true	vu2	暂无	自旧档汇入	2023-07-05T08:47:08+08:00
奉贤	扶(扶)	[空]	vu2(βu³¹)	true	vu2	暂无	自旧档汇入	2023-07-05T08:47:08+08:00
奉贤	腐(腐)	[空]	vu6(βu¹¹³)	true	vu6	暂无	自旧档汇入	2023-07-05T08:47:08+08:00
奉贤	辅(輔)	[空]	vu6(βu¹¹³)	true	vu6	暂无	自旧档汇入	2023-07-05T08:47:08+08:00
奉贤	父(父)	[空]	vu6(βu¹¹³)	true	vu6	暂无	自旧档汇入	2023-07-05T08:47:08+08:00
奉贤	附(附)	[空]	vu6(βu¹¹³)	true	vu6	暂无	自旧档汇入	2023-07-05T08:47:08+08:00
奉贤	无(無)	[空]	vu2(βu³¹)	true	vu2	暂无	自旧档汇入	2023-07-05T08:47:08+08:00
奉贤	诬(誣)	[空]	vu6(βu¹¹³)	true	vu6	暂无	自旧档汇入	2023-07-05T08:47:08+08:00
奉贤	舞(舞)	【校】原vu6	vu4(βu²²)	true	vu4	暂无	自旧档汇入	2023-07-05T08:47:08+08:00
奉贤	武(武)	【校】原vu6	vu4(βu²²)	true	vu4	暂无	自旧档汇入	2023-07-05T08:47:08+08:00
奉贤	务(務)	[空]	vu6(βu¹¹³)	true	vu6	暂无	自旧档汇入	2023-07-05T08:47:08+08:00
奉贤	雾(霧)	[空]	vu6(βu¹¹³)	true	vu6	暂无	自旧档汇入	2023-07-05T08:47:08+08:00
奉贤	屡(屢)	[空]	liu3(ly⁴⁴)	true	liu3	暂无	自旧档汇入	2023-07-05T08:47:08+08:00
奉贤	趋(趨)	[空]	chiu1(cʰy⁵³)	true	chiu1	暂无	自旧档汇入	2023-07-05T08:47:08+08:00
奉贤	取(取)	[空]	chiu3(cʰy⁴⁴)	true	chiu3	暂无	自旧档汇入	2023-07-05T08:47:08+08:00
奉贤	娶(娶)	[空]	chiu3(cʰy⁴⁴)	true	chiu3	暂无	自旧档汇入	2023-07-05T08:47:08+08:00
奉贤	趣(趣)	[空]	chiu5(cʰy³³⁵)	true	chiu5	暂无	自旧档汇入	2023-07-05T08:47:08+08:00
奉贤	聚(聚)	[空]	zhiu6(ʑy¹¹³)	true	zhiu6	暂无	自旧档汇入	2023-07-05T08:47:08+08:00
奉贤	需(需)	[空]	shiu1(çy⁵³)	true	shiu1	暂无	自旧档汇入	2023-07-05T08:47:08+08:00
奉贤	须(須)	[空]	shiu1(çy⁵³)	true	shiu1	暂无	自旧档汇入	2023-07-05T08:47:08+08:00
奉贤	须(鬚)	[空]	su1(su⁵³)	true	su1	暂无	自旧档汇入	2023-07-05T08:47:08+08:00
奉贤	蛛(蛛)	[空]	ciu1(ʄy⁵³)	true	ciu1	暂无	自旧档汇入	2023-07-05T08:47:08+08:00
奉贤	株(株)	[空]	ciu1(ʄy⁵³)	true	ciu1	暂无	自旧档汇入	2023-07-05T08:47:08+08:00
奉贤	驻(駐)	[空]	ciu5(ʄy³³⁵)	true	ciu5	暂无	自旧档汇入	2023-07-05T08:47:08+08:00
奉贤	注(注)	[空]	ciu5(ʄy³³⁵)	true	ciu5	暂无	自旧档汇入	2023-07-05T08:47:08+08:00
奉贤	厨(廚)	[空]	zhiu2(ʑy³¹)	true	zhiu2	暂无	自旧档汇入	2023-07-05T08:47:08+08:00
奉贤	柱(柱)	[空]	zhiu6(ʑy¹¹³)	true	zhiu6	暂无	自旧档汇入	2023-07-05T08:47:08+08:00
奉贤	住(住)	[空]	zhiu6(ʑy¹¹³)	true	zhiu6	暂无	自旧档汇入	2023-07-05T08:47:08+08:00
奉贤	数(數)	[空]	su3(su⁴⁴)	true	su3	暂无	自旧档汇入	2023-07-05T08:47:08+08:00
奉贤	数(數)	白。动词	shiu3(çy⁴⁴)	true	shiu3	暂无	自旧档汇入	2023-07-05T08:47:08+08:00
奉贤	数(數)	名	su5(su³³⁵)	true	su5	暂无	自旧档汇入	2023-07-05T08:47:08+08:00
奉贤	朱(朱)	[空]	ciu1(ʄy⁵³)	true	ciu1	暂无	自旧档汇入	2023-07-05T08:47:08+08:00
奉贤	珠(珠)	[空]	ciu1(ʄy⁵³)	true	ciu1	暂无	自旧档汇入	2023-07-05T08:47:08+08:00
奉贤	主(主)	[空]	ciu3(ʄy⁴⁴)	true	ciu3	暂无	自旧档汇入	2023-07-05T08:47:08+08:00
奉贤	注(注)	[空]	ciu5(ʄy³³⁵)	true	ciu5	暂无	自旧档汇入	2023-07-05T08:47:08+08:00
奉贤	蛀(蛀)	[空]	ciu5(ʄy³³⁵)	true	ciu5	暂无	自旧档汇入	2023-07-05T08:47:08+08:00
奉贤	铸(鑄)	[空]	ciu5(ʄy³³⁵)	true	ciu5	暂无	自旧档汇入	2023-07-05T08:47:08+08:00
奉贤	输(輸)	[空]	shiu1(çy⁵³)	true	shiu1	暂无	自旧档汇入	2023-07-05T08:47:08+08:00
奉贤	殊(殊)	[空]	zhiu6(ʑy¹¹³)	true	zhiu6	暂无	自旧档汇入	2023-07-05T08:47:08+08:00
奉贤	竖(豎)	[空]	zhiu6(ʑy¹¹³)	true	zhiu6	暂无	自旧档汇入	2023-07-05T08:47:08+08:00
奉贤	树(樹)	[空]	zhiu6(ʑy¹¹³)	true	zhiu6	暂无	自旧档汇入	2023-07-05T08:47:08+08:00
奉贤	儒(儒)	[空]	zhiu6(ʑy¹¹³)	true	zhiu6	暂无	自旧档汇入	2023-07-05T08:47:08+08:00
奉贤	乳(乳)	【校】原zhiu2	zhiu4(ʑy²²)	true	zhiu4	暂无	自旧档汇入	2023-07-05T08:47:08+08:00
奉贤	拘(拘)	[空]	ciu1(ʄy⁵³)	true	ciu1	暂无	自旧档汇入	2023-07-05T08:47:08+08:00
奉贤	句(句)	[空]	ciu5(ʄy³³⁵)	true	ciu5	暂无	自旧档汇入	2023-07-05T08:47:08+08:00
奉贤	区(區)	[空]	chiu1(cʰy⁵³)	true	chiu1	暂无	自旧档汇入	2023-07-05T08:47:08+08:00
奉贤	驱(驅)	[空]	chiu1(cʰy⁵³)	true	chiu1	暂无	自旧档汇入	2023-07-05T08:47:08+08:00
奉贤	瞿(瞿)	【校】原jiu6	jiu2(ɟy³¹)	true	jiu2	暂无	自旧档汇入	2023-07-05T08:47:08+08:00
奉贤	具(具)	[空]	jiu6(ɟy¹¹³)	true	jiu6	暂无	自旧档汇入	2023-07-05T08:47:08+08:00
奉贤	愚(愚)	[空]	gniu2(ɲy³¹)	true	gniu2	暂无	自旧档汇入	2023-07-05T08:47:08+08:00
奉贤	虞(虞)	[空]	gniu2(ɲy³¹)	true	gniu2	暂无	自旧档汇入	2023-07-05T08:47:08+08:00
奉贤	娱(娛)	[空]	gniu2(ɲy³¹)	true	gniu2	暂无	自旧档汇入	2023-07-05T08:47:08+08:00
奉贤	遇(遇)	[空]	gniu6(ɲy¹¹³)	true	gniu6	暂无	自旧档汇入	2023-07-05T08:47:08+08:00
奉贤	寓(寓)	[空]	gniu6(ɲy¹¹³)	true	gniu6	暂无	自旧档汇入	2023-07-05T08:47:08+08:00
奉贤	于(於)	[空]	yu2(ɦy³¹)	true	yu2	暂无	自旧档汇入	2023-07-05T08:47:08+08:00
奉贤	盂(盂)	[空]	yu2(ɦy³¹)	true	yu2	暂无	自旧档汇入	2023-07-05T08:47:08+08:00
奉贤	雨(雨)	[空]	yu6(ɦy¹¹³)	true	yu6	暂无	自旧档汇入	2023-07-05T08:47:08+08:00
奉贤	羽(羽)	[空]	yu6(ɦy¹¹³)	true	yu6	暂无	自旧档汇入	2023-07-05T08:47:08+08:00
奉贤	宇(宇)	[空]	yu6(ɦy¹¹³)	true	yu6	暂无	自旧档汇入	2023-07-05T08:47:08+08:00
奉贤	禹(禹)	[空]	yu6(ɦy¹¹³)	true	yu6	暂无	自旧档汇入	2023-07-05T08:47:08+08:00
奉贤	榆(榆)	[空]	yu2(ɦy³¹)	true	yu2	暂无	自旧档汇入	2023-07-05T08:47:08+08:00
奉贤	愉(愉)	[空]	yu2(ɦy³¹)	true	yu2	暂无	自旧档汇入	2023-07-05T08:47:08+08:00
奉贤	愈(愈)	[空]	yu6(ɦy¹¹³)	true	yu6	暂无	自旧档汇入	2023-07-05T08:47:08+08:00
奉贤	裕(裕)	[空]	yu6(ɦy¹¹³)	true	yu6	暂无	自旧档汇入	2023-07-05T08:47:08+08:00
奉贤	喻(喻)	[空]	yu6(ɦy¹¹³)	true	yu6	暂无	自旧档汇入	2023-07-05T08:47:08+08:00
奉贤	戴(戴)	[空]	ta5(ɗɑ³³⁵)	true	ta5	暂无	自旧档汇入	2023-07-05T08:47:08+08:00
奉贤	戴(戴)	[空]	te5(ɗe³³⁵)	true	te5	暂无	自旧档汇入	2023-07-05T08:47:08+08:00
奉贤	胎(胎)	[空]	the1(tʰe⁵³)	true	the1	暂无	自旧档汇入	2023-07-05T08:47:08+08:00
奉贤	态(態)	[空]	the3(tʰe⁴⁴)	true	the3	暂无	自旧档汇入	2023-07-05T08:47:08+08:00
奉贤	台(台)	[空]	de2(de³¹)	true	de2	暂无	自旧档汇入	2023-07-05T08:47:08+08:00
奉贤	苔(苔)	[空]	de2(de³¹)	true	de2	暂无	自旧档汇入	2023-07-05T08:47:08+08:00
奉贤	抬(抬)	[空]	de2(de³¹)	true	de2	暂无	自旧档汇入	2023-07-05T08:47:08+08:00
奉贤	待(待)	[空]	de6(de¹¹³)	true	de6	暂无	自旧档汇入	2023-07-05T08:47:08+08:00
奉贤	怠(怠)	[空]	de6(de¹¹³)	true	de6	暂无	自旧档汇入	2023-07-05T08:47:08+08:00
奉贤	代(代)	[空]	de6(de¹¹³)	true	de6	暂无	自旧档汇入	2023-07-05T08:47:08+08:00
奉贤	袋(袋)	[空]	de6(de¹¹³)	true	de6	暂无	自旧档汇入	2023-07-05T08:47:08+08:00
奉贤	乃(乃)	[空]	ne3(ne⁴⁴)	true	ne3	暂无	自旧档汇入	2023-07-05T08:47:08+08:00
奉贤	耐(耐)	[空]	ne6(ne¹¹³)	true	ne6	暂无	自旧档汇入	2023-07-05T08:47:08+08:00
奉贤	来(來)	[空]	lae2(lɛ³¹)	true	lae2	暂无	自旧档汇入	2023-07-05T08:47:08+08:00
奉贤	来(來)	[空]	le2(le³¹)	true	le2	暂无	自旧档汇入	2023-07-05T08:47:08+08:00
奉贤	灾(災)	[空]	tse1(tse⁵³)	true	tse1	暂无	自旧档汇入	2023-07-05T08:47:08+08:00
奉贤	栽(栽)	【校】原tse3	tse1(tse⁵³)	true	tse1	暂无	自旧档汇入	2023-07-05T08:47:08+08:00
奉贤	宰(宰)	[空]	tse3(tse⁴⁴)	true	tse3	暂无	自旧档汇入	2023-07-05T08:47:08+08:00
奉贤	载(載)	[空]	tse3(tse⁴⁴)	true	tse3	暂无	自旧档汇入	2023-07-05T08:47:08+08:00
奉贤	再(再)	[空]	tse5(tse³³⁵)	true	tse5	暂无	自旧档汇入	2023-07-05T08:47:08+08:00
奉贤	载(載)	[空]	tse5(tse³³⁵)	true	tse5	暂无	自旧档汇入	2023-07-05T08:47:08+08:00
奉贤	猜(猜)	[空]	tshoe1(tsʰø⁵³)	true	tshoe1	暂无	自旧档汇入	2023-07-05T08:47:08+08:00
奉贤	彩(彩)	[空]	tshe3(tsʰe⁴⁴)	true	tshe3	暂无	自旧档汇入	2023-07-05T08:47:08+08:00
奉贤	采(採)	[空]	tshe3(tsʰe⁴⁴)	true	tshe3	暂无	自旧档汇入	2023-07-05T08:47:08+08:00
奉贤	睬(睬)	[空]	tshe3(tsʰe⁴⁴)	true	tshe3	暂无	自旧档汇入	2023-07-05T08:47:08+08:00
奉贤	菜(菜)	[空]	tshe5(tsʰe³³⁵)	true	tshe5	暂无	自旧档汇入	2023-07-05T08:47:08+08:00
奉贤	才(才)	[空]	ze2(ze³¹)	true	ze2	暂无	自旧档汇入	2023-07-05T08:47:08+08:00
奉贤	财(財)	[空]	ze2(ze³¹)	true	ze2	暂无	自旧档汇入	2023-07-05T08:47:08+08:00
奉贤	材(材)	[空]	ze2(ze³¹)	true	ze2	暂无	自旧档汇入	2023-07-05T08:47:08+08:00
奉贤	裁(裁)	[空]	ze2(ze³¹)	true	ze2	暂无	自旧档汇入	2023-07-05T08:47:08+08:00
奉贤	在(在)	[空]	ze6(ze¹¹³)	true	ze6	暂无	自旧档汇入	2023-07-05T08:47:08+08:00
奉贤	载(載)	[空]	tse5(tse³³⁵)	true	tse5	暂无	自旧档汇入	2023-07-05T08:47:08+08:00
奉贤	赛(賽)	[空]	se5(se³³⁵)	true	se5	暂无	自旧档汇入	2023-07-05T08:47:08+08:00
奉贤	赛(賽)	又	sae5(sɛ³³⁵)	true	sae5	暂无	自旧档汇入	2023-07-05T08:47:08+08:00
奉贤	该(該)	[空]	ke1(ke⁵³)	true	ke1	暂无	自旧档汇入	2023-07-05T08:47:08+08:00
奉贤	改(改)	[空]	ke3(ke⁴⁴)	true	ke3	暂无	自旧档汇入	2023-07-05T08:47:08+08:00
奉贤	概(概)	[空]	ke5(ke³³⁵)	true	ke5	暂无	自旧档汇入	2023-07-05T08:47:08+08:00
奉贤	概(概)	又	kae5(kɛ³³⁵)	true	kae5	暂无	自旧档汇入	2023-07-05T08:47:08+08:00
奉贤	开(開)	[空]	khe1(kʰe⁵³)	true	khe1	暂无	自旧档汇入	2023-07-05T08:47:08+08:00
奉贤	慨(慨)	[空]	khe5(kʰe³³⁵)	true	khe5	暂无	自旧档汇入	2023-07-05T08:47:08+08:00
奉贤	碍(礙)	[空]	nge5(ŋe³³⁵)	true	nge5	暂无	自旧档汇入	2023-07-05T08:47:08+08:00
奉贤	海(海)	[空]	he3(he⁴⁴)	true	he3	暂无	自旧档汇入	2023-07-05T08:47:08+08:00
奉贤	孩(孩)	[空]	ghe2(ɦe³¹)	true	ghe2	暂无	自旧档汇入	2023-07-05T08:47:08+08:00
奉贤	哀(哀)	[空]	e1(∅e⁵³)	true	e1	暂无	自旧档汇入	2023-07-05T08:47:08+08:00
奉贤	爱(愛)	[空]	e5(∅e³³⁵)	true	e5	暂无	自旧档汇入	2023-07-05T08:47:08+08:00
奉贤	贝(貝)	[空]	pe5(ɓe³³⁵)	true	pe5	暂无	自旧档汇入	2023-07-05T08:47:08+08:00
奉贤	沛(沛)	[空]	phe1(pʰe⁵³)	true	phe1	暂无	自旧档汇入	2023-07-05T08:47:08+08:00
奉贤	带(帶)	[空]	ta5(ɗɑ³³⁵)	true	ta5	暂无	自旧档汇入	2023-07-05T08:47:08+08:00
奉贤	太(太)	[空]	tha5(tʰɑ³³⁵)	true	tha5	暂无	自旧档汇入	2023-07-05T08:47:08+08:00
奉贤	泰(泰)	[空]	tha5(tʰɑ³³⁵)	true	tha5	暂无	自旧档汇入	2023-07-05T08:47:08+08:00
奉贤	奈(奈)	[空]	ne6(ne¹¹³)	true	ne6	暂无	自旧档汇入	2023-07-05T08:47:08+08:00
奉贤	癞(癩)	[空]	la6(lɑ¹¹³)	true	la6	暂无	自旧档汇入	2023-07-05T08:47:08+08:00
奉贤	赖(賴)	[空]	la6(lɑ¹¹³)	true	la6	暂无	自旧档汇入	2023-07-05T08:47:08+08:00
奉贤	蔡(蔡)	[空]	tsha5(tsʰɑ³³⁵)	true	tsha5	暂无	自旧档汇入	2023-07-05T08:47:08+08:00
奉贤	盖(蓋)	本字为㔶	ke3(ke⁴⁴)	true	ke3	暂无	自旧档汇入	2023-07-05T08:47:08+08:00
奉贤	艾(艾)	[空]	nge6(ŋe¹¹³)	true	nge6	暂无	自旧档汇入	2023-07-05T08:47:08+08:00
奉贤	害(害)	[空]	ghe6(ɦe¹¹³)	true	ghe6	暂无	自旧档汇入	2023-07-05T08:47:08+08:00
奉贤	拜(拜)	[空]	pa5(ɓɑ³³⁵)	true	pa5	暂无	自旧档汇入	2023-07-05T08:47:08+08:00
奉贤	排(排)	[空]	ba2(bɑ³¹)	true	ba2	暂无	自旧档汇入	2023-07-05T08:47:08+08:00
奉贤	埋(埋)	[空]	ma1(mɑ⁵³)	true	ma1	暂无	自旧档汇入	2023-07-05T08:47:08+08:00
奉贤	斋(齋)	[空]	tsa1(tsɑ⁵³)	true	tsa1	暂无	自旧档汇入	2023-07-05T08:47:08+08:00
奉贤	豺(豺)	[空]	za2(zɑ³¹)	true	za2	暂无	自旧档汇入	2023-07-05T08:47:08+08:00
奉贤	皆(皆)	[空]	cia1(ʄiɑ⁵³)	true	cia1	暂无	自旧档汇入	2023-07-05T08:47:08+08:00
奉贤	阶(階)	白	ka1(kɑ⁵³)	true	ka1	暂无	自旧档汇入	2023-07-05T08:47:08+08:00
奉贤	阶(階)	文	cia1(ʄiɑ⁵³)	true	cia1	暂无	自旧档汇入	2023-07-05T08:47:08+08:00
奉贤	介(介)	[空]	cia5(ʄiɑ³³⁵)	true	cia5	暂无	自旧档汇入	2023-07-05T08:47:08+08:00
奉贤	界(界)	[空]	cia5(ʄiɑ³³⁵)	true	cia5	暂无	自旧档汇入	2023-07-05T08:47:08+08:00
奉贤	界(界)	白	ka5(kɑ³³⁵)	true	ka5	暂无	自旧档汇入	2023-07-05T08:47:08+08:00
奉贤	戒(戒)	[空]	cia5(ʄiɑ³³⁵)	true	cia5	暂无	自旧档汇入	2023-07-05T08:47:08+08:00
奉贤	戒(戒)	白	ka5(kɑ³³⁵)	true	ka5	暂无	自旧档汇入	2023-07-05T08:47:08+08:00
奉贤	届(屆)	[空]	ka5(kɑ³³⁵)	true	ka5	暂无	自旧档汇入	2023-07-05T08:47:08+08:00
奉贤	届(屆)	文	cia5(ʄiɑ³³⁵)	true	cia5	暂无	自旧档汇入	2023-07-05T08:47:08+08:00
奉贤	楷(楷)	[空]	kha1(kʰɑ⁵³)	true	kha1	暂无	自旧档汇入	2023-07-05T08:47:08+08:00
奉贤	挨(挨)	白	a1(∅ɑ⁵³)	true	a1	暂无	自旧档汇入	2023-07-05T08:47:08+08:00
奉贤	挨(挨)	文	e1(∅e⁵³)	true	e1	暂无	自旧档汇入	2023-07-05T08:47:08+08:00
奉贤	摆(擺)	【校】原pa5	pa3(ɓɑ⁴⁴)	true	pa3	暂无	自旧档汇入	2023-07-05T08:47:08+08:00
奉贤	派(派)	[空]	pha5(pʰɑ³³⁵)	true	pha5	暂无	自旧档汇入	2023-07-05T08:47:08+08:00
奉贤	牌(牌)	[空]	ba2(bɑ³¹)	true	ba2	暂无	自旧档汇入	2023-07-05T08:47:08+08:00
奉贤	罢(罷)	[空]	ba6(bɑ¹¹³)	true	ba6	暂无	自旧档汇入	2023-07-05T08:47:08+08:00
奉贤	稗(稗)	[空]	ba6(bɑ¹¹³)	true	ba6	暂无	自旧档汇入	2023-07-05T08:47:08+08:00
奉贤	买(買)	[空]	ma4(mɑ²²)	true	ma4	暂无	自旧档汇入	2023-07-05T08:47:08+08:00
奉贤	买(買)	又	ma6(mɑ¹¹³)	true	ma6	暂无	自旧档汇入	2023-07-05T08:47:08+08:00
奉贤	卖(賣)	[空]	ma6(mɑ¹¹³)	true	ma6	暂无	自旧档汇入	2023-07-05T08:47:08+08:00
奉贤	奶(奶)	[空]	na4(nɑ²²)	true	na4	暂无	自旧档汇入	2023-07-05T08:47:08+08:00
奉贤	奶(奶)	又	na6(nɑ¹¹³)	true	na6	暂无	自旧档汇入	2023-07-05T08:47:08+08:00
奉贤	债(債)	[空]	tsa5(tsɑ³³⁵)	true	tsa5	暂无	自旧档汇入	2023-07-05T08:47:08+08:00
奉贤	差(差)	[空]	tsha1(tsʰɑ⁵³)	true	tsha1	暂无	自旧档汇入	2023-07-05T08:47:08+08:00
奉贤	钗(釵)	[空]	tsha1(tsʰɑ⁵³)	true	tsha1	暂无	自旧档汇入	2023-07-05T08:47:08+08:00
奉贤	柴(柴)	[空]	za2(zɑ³¹)	true	za2	暂无	自旧档汇入	2023-07-05T08:47:08+08:00
奉贤	筛(篩)	[空]	sy1(sy⁵³)	true	sy1	暂无	自旧档汇入	2023-07-05T08:47:08+08:00
奉贤	筛(篩)	[空]	sa1(sɑ⁵³)	true	sa1	暂无	自旧档汇入	2023-07-05T08:47:08+08:00
奉贤	晒(曬)	文	sa5(sɑ³³⁵)	true	sa5	暂无	自旧档汇入	2023-07-05T08:47:08+08:00
奉贤	晒(曬)	白	so5(so³³⁵)	true	so5	暂无	自旧档汇入	2023-07-05T08:47:08+08:00
奉贤	佳(佳)	文	cia1(ʄiɑ⁵³)	true	cia1	暂无	自旧档汇入	2023-07-05T08:47:08+08:00
奉贤	佳(佳)	白	ka1(kɑ⁵³)	true	ka1	暂无	自旧档汇入	2023-07-05T08:47:08+08:00
奉贤	街(街)	[空]	ka1(kɑ⁵³)	true	ka1	暂无	自旧档汇入	2023-07-05T08:47:08+08:00
奉贤	解(解)	白	ka3(kɑ⁴⁴)	true	ka3	暂无	自旧档汇入	2023-07-05T08:47:08+08:00
奉贤	解(解)	文	cia3(ʄiɑ⁴⁴)	true	cia3	暂无	自旧档汇入	2023-07-05T08:47:08+08:00
奉贤	涯(涯)	【校】原ia1	ya2(ɦiɑ³¹)	true	ya2	暂无	自旧档汇入	2023-07-05T08:47:08+08:00
奉贤	鞋(鞋)	[空]	gha2(ɦɑ³¹)	true	gha2	暂无	自旧档汇入	2023-07-05T08:47:08+08:00
奉贤	蟹(蟹)	【校】原ha5	ha3(hɑ⁴⁴)	true	ha3	暂无	自旧档汇入	2023-07-05T08:47:08+08:00
奉贤	矮(矮)	[空]	a3(∅ɑ⁴⁴)	true	a3	暂无	自旧档汇入	2023-07-05T08:47:08+08:00
奉贤	败(敗)	[空]	ba6(bɑ¹¹³)	true	ba6	暂无	自旧档汇入	2023-07-05T08:47:08+08:00
奉贤	迈(邁)	[空]	mae6(mɛ¹¹³)	true	mae6	暂无	自旧档汇入	2023-07-05T08:47:08+08:00
奉贤	弊(弊)	[空]	bi6(bi¹¹³)	true	bi6	暂无	自旧档汇入	2023-07-05T08:47:08+08:00
奉贤	币(幣)	[空]	bi6(bi¹¹³)	true	bi6	暂无	自旧档汇入	2023-07-05T08:47:08+08:00
奉贤	毙(斃)	[空]	bi6(bi¹¹³)	true	bi6	暂无	自旧档汇入	2023-07-05T08:47:08+08:00
奉贤	例(例)	【校】原liq8	li6(li¹¹³)	true	li6	暂无	自旧档汇入	2023-07-05T08:47:08+08:00
奉贤	厉(厲)	[空]	li6(li¹¹³)	true	li6	暂无	自旧档汇入	2023-07-05T08:47:08+08:00
奉贤	祭(祭)	[空]	tsi5(tsi³³⁵)	true	tsi5	暂无	自旧档汇入	2023-07-05T08:47:08+08:00
奉贤	际(際)	[空]	tsi5(tsi³³⁵)	true	tsi5	暂无	自旧档汇入	2023-07-05T08:47:08+08:00
奉贤	制(制)	[空]	tsy3(tsy⁴⁴)	true	tsy3	暂无	自旧档汇入	2023-07-05T08:47:08+08:00
奉贤	制(制)	[空]	tsy5(tsy³³⁵)	true	tsy5	暂无	自旧档汇入	2023-07-05T08:47:08+08:00
奉贤	世(世)	[空]	sy3(sy⁴⁴)	true	sy3	暂无	自旧档汇入	2023-07-05T08:47:08+08:00
奉贤	世(世)	[空]	sy3(sy⁴⁴)	true	sy3	暂无	自旧档汇入	2023-07-05T08:47:08+08:00
奉贤	势(勢)	[空]	sy5(sy³³⁵)	true	sy5	暂无	自旧档汇入	2023-07-05T08:47:08+08:00
奉贤	誓(誓)	[空]	zy6(zy¹¹³)	true	zy6	暂无	自旧档汇入	2023-07-05T08:47:08+08:00
奉贤	逝(逝)	[空]	zy6(zy¹¹³)	true	zy6	暂无	自旧档汇入	2023-07-05T08:47:08+08:00
奉贤	艺(藝)	[空]	gni6(ɲi¹¹³)	true	gni6	暂无	自旧档汇入	2023-07-05T08:47:08+08:00
奉贤	闭(閉)	[空]	pi5(ɓi³³⁵)	true	pi5	暂无	自旧档汇入	2023-07-05T08:47:08+08:00
奉贤	批(批)	[空]	phi1(pʰi⁵³)	true	phi1	暂无	自旧档汇入	2023-07-05T08:47:08+08:00
奉贤	迷(迷)	[空]	mi2(mi³¹)	true	mi2	暂无	自旧档汇入	2023-07-05T08:47:08+08:00
奉贤	米(米)	[空]	mi6(mi¹¹³)	true	mi6	暂无	自旧档汇入	2023-07-05T08:47:08+08:00
奉贤	谜(謎)	[空]	mi6(mi¹¹³)	true	mi6	暂无	自旧档汇入	2023-07-05T08:47:08+08:00
奉贤	低(低)	[空]	ti1(ɗi⁵³)	true	ti1	暂无	自旧档汇入	2023-07-05T08:47:08+08:00
奉贤	堤(堤)	[空]	di2(di³¹)	true	di2	暂无	自旧档汇入	2023-07-05T08:47:08+08:00
奉贤	底(底)	[空]	ti3(ɗi⁴⁴)	true	ti3	暂无	自旧档汇入	2023-07-05T08:47:08+08:00
奉贤	抵(抵)	[空]	ti3(ɗi⁴⁴)	true	ti3	暂无	自旧档汇入	2023-07-05T08:47:08+08:00
奉贤	帝(帝)	【校】原ti3	ti5(ɗi³³⁵)	true	ti5	暂无	自旧档汇入	2023-07-05T08:47:08+08:00
奉贤	梯(梯)	[空]	thi1(tʰi⁵³)	true	thi1	暂无	自旧档汇入	2023-07-05T08:47:08+08:00
奉贤	体(體)	【校】原thi5	thi3(tʰi⁴⁴)	true	thi3	暂无	自旧档汇入	2023-07-05T08:47:08+08:00
奉贤	替(替)	[空]	thi5(tʰi³³⁵)	true	thi5	暂无	自旧档汇入	2023-07-05T08:47:08+08:00
奉贤	涕(涕)	【校】原thi1	thi5(tʰi³³⁵)	true	thi5	暂无	自旧档汇入	2023-07-05T08:47:08+08:00
奉贤	剃(剃)	[空]	thi5(tʰi³³⁵)	true	thi5	暂无	自旧档汇入	2023-07-05T08:47:08+08:00
奉贤	题(題)	[空]	di2(di³¹)	true	di2	暂无	自旧档汇入	2023-07-05T08:47:08+08:00
奉贤	提(提)	[空]	di2(di³¹)	true	di2	暂无	自旧档汇入	2023-07-05T08:47:08+08:00
奉贤	啼(啼)	[空]	di2(di³¹)	true	di2	暂无	自旧档汇入	2023-07-05T08:47:08+08:00
奉贤	蹄(蹄)	[空]	di2(di³¹)	true	di2	暂无	自旧档汇入	2023-07-05T08:47:08+08:00
奉贤	弟(弟)	[空]	di6(di¹¹³)	true	di6	暂无	自旧档汇入	2023-07-05T08:47:08+08:00
奉贤	第(第)	[空]	di6(di¹¹³)	true	di6	暂无	自旧档汇入	2023-07-05T08:47:08+08:00
奉贤	泥(泥)	[空]	gni2(ɲi³¹)	true	gni2	暂无	自旧档汇入	2023-07-05T08:47:08+08:00
奉贤	犁(犁)	[空]	li2(li³¹)	true	li2	暂无	自旧档汇入	2023-07-05T08:47:08+08:00
奉贤	黎(黎)	[空]	li2(li³¹)	true	li2	暂无	自旧档汇入	2023-07-05T08:47:08+08:00
奉贤	礼(禮)	[空]	li4(li²²)	true	li4	暂无	自旧档汇入	2023-07-05T08:47:08+08:00
奉贤	丽(麗)	[空]	li6(li¹¹³)	true	li6	暂无	自旧档汇入	2023-07-05T08:47:08+08:00
奉贤	隶(隸)	[空]	di6(di¹¹³)	true	di6	暂无	自旧档汇入	2023-07-05T08:47:08+08:00
奉贤	挤(擠)	[空]	tsi3(tsi⁴⁴)	true	tsi3	暂无	自旧档汇入	2023-07-05T08:47:08+08:00
奉贤	济(濟)	[空]	tsi5(tsi³³⁵)	true	tsi5	暂无	自旧档汇入	2023-07-05T08:47:08+08:00
奉贤	妻(妻)	[空]	tshi1(tsʰi⁵³)	true	tshi1	暂无	自旧档汇入	2023-07-05T08:47:08+08:00
奉贤	齐(齊)	[空]	zi2(zi³¹)	true	zi2	暂无	自旧档汇入	2023-07-05T08:47:08+08:00
奉贤	西(西)	[空]	si1(si⁵³)	true	si1	暂无	自旧档汇入	2023-07-05T08:47:08+08:00
奉贤	洗(洗)	[空]	si3(si⁴⁴)	true	si3	暂无	自旧档汇入	2023-07-05T08:47:08+08:00
奉贤	细(細)	[空]	si5(si³³⁵)	true	si5	暂无	自旧档汇入	2023-07-05T08:47:08+08:00
奉贤	婿(婿)	[空]	shiu1(çy⁵³)	true	shiu1	暂无	自旧档汇入	2023-07-05T08:47:08+08:00
奉贤	婿(婿)	白	si1(si⁵³)	true	si1	暂无	自旧档汇入	2023-07-05T08:47:08+08:00
奉贤	稽(稽)	[空]	ci1(ʄi⁵³)	true	ci1	暂无	自旧档汇入	2023-07-05T08:47:08+08:00
奉贤	鸡(雞)	[空]	ci1(ʄi⁵³)	true	ci1	暂无	自旧档汇入	2023-07-05T08:47:08+08:00
奉贤	计(計)	[空]	ci5(ʄi³³⁵)	true	ci5	暂无	自旧档汇入	2023-07-05T08:47:08+08:00
奉贤	继(繼)	[空]	ci5(ʄi³³⁵)	true	ci5	暂无	自旧档汇入	2023-07-05T08:47:08+08:00
奉贤	溪(溪)	[空]	chi1(cʰi⁵³)	true	chi1	暂无	自旧档汇入	2023-07-05T08:47:08+08:00
奉贤	启(啟)	[空]	chi5(cʰi³³⁵)	true	chi5	暂无	自旧档汇入	2023-07-05T08:47:08+08:00
奉贤	启(啟)	[空]	chi3(cʰi⁴⁴)	true	chi3	暂无	自旧档汇入	2023-07-05T08:47:08+08:00
奉贤	契(契)	[空]	chi5(cʰi³³⁵)	true	chi5	暂无	自旧档汇入	2023-07-05T08:47:08+08:00
奉贤	系(系)	【校】原yi2	yi6(ɦi¹¹³)	true	yi6	暂无	自旧档汇入	2023-07-05T08:47:08+08:00
奉贤	杯(杯)	[空]	pe1(ɓe⁵³)	true	pe1	暂无	自旧档汇入	2023-07-05T08:47:08+08:00
奉贤	辈(輩)	[空]	pe5(ɓe³³⁵)	true	pe5	暂无	自旧档汇入	2023-07-05T08:47:08+08:00
奉贤	背(背)	[空]	pe5(ɓe³³⁵)	true	pe5	暂无	自旧档汇入	2023-07-05T08:47:08+08:00
奉贤	配(配)	[空]	phe5(pʰe³³⁵)	true	phe5	暂无	自旧档汇入	2023-07-05T08:47:08+08:00
奉贤	培(培)	[空]	be6(be¹¹³)	true	be6	暂无	自旧档汇入	2023-07-05T08:47:08+08:00
奉贤	培(培)	[空]	be2(be³¹)	true	be2	暂无	自旧档汇入	2023-07-05T08:47:08+08:00
奉贤	陪(陪)	【校】原be6	be2(be³¹)	true	be2	暂无	自旧档汇入	2023-07-05T08:47:08+08:00
奉贤	赔(賠)	【校】原be6	be2(be³¹)	true	be2	暂无	自旧档汇入	2023-07-05T08:47:08+08:00
奉贤	倍(倍)	[空]	be6(be¹¹³)	true	be6	暂无	自旧档汇入	2023-07-05T08:47:08+08:00
奉贤	背(背)	[空]	be6(be¹¹³)	true	be6	暂无	自旧档汇入	2023-07-05T08:47:08+08:00
奉贤	背(背)	又	pe6(ɓe¹¹³)	true	pe6	暂无	自旧档汇入	2023-07-05T08:47:08+08:00
奉贤	佩(佩)	[空]	be6(be¹¹³)	true	be6	暂无	自旧档汇入	2023-07-05T08:47:08+08:00
奉贤	梅(梅)	[空]	me2(me³¹)	true	me2	暂无	自旧档汇入	2023-07-05T08:47:08+08:00
奉贤	枚(枚)	[空]	me2(me³¹)	true	me2	暂无	自旧档汇入	2023-07-05T08:47:08+08:00
奉贤	媒(媒)	[空]	me2(me³¹)	true	me2	暂无	自旧档汇入	2023-07-05T08:47:08+08:00
奉贤	煤(煤)	[空]	me2(me³¹)	true	me2	暂无	自旧档汇入	2023-07-05T08:47:08+08:00
奉贤	每(每)	[空]	me1(me⁵³)	true	me1	暂无	自旧档汇入	2023-07-05T08:47:08+08:00
奉贤	每(每)	又	me3(me⁴⁴)	true	me3	暂无	自旧档汇入	2023-07-05T08:47:08+08:00
奉贤	妹(妹)	[空]	me6(me¹¹³)	true	me6	暂无	自旧档汇入	2023-07-05T08:47:08+08:00
奉贤	堆(堆)	[空]	te1(ɗe⁵³)	true	te1	暂无	自旧档汇入	2023-07-05T08:47:08+08:00
奉贤	对(對)	[空]	te5(ɗe³³⁵)	true	te5	暂无	自旧档汇入	2023-07-05T08:47:08+08:00
奉贤	推(推)	[空]	the1(tʰe⁵³)	true	the1	暂无	自旧档汇入	2023-07-05T08:47:08+08:00
奉贤	腿(腿)	[空]	the3(tʰe⁴⁴)	true	the3	暂无	自旧档汇入	2023-07-05T08:47:08+08:00
奉贤	退(退)	[空]	the5(tʰe³³⁵)	true	the5	暂无	自旧档汇入	2023-07-05T08:47:08+08:00
奉贤	队(隊)	[空]	de6(de¹¹³)	true	de6	暂无	自旧档汇入	2023-07-05T08:47:08+08:00
奉贤	内(內)	[空]	ne6(ne¹¹³)	true	ne6	暂无	自旧档汇入	2023-07-05T08:47:08+08:00
奉贤	雷(雷)	[空]	le2(le³¹)	true	le2	暂无	自旧档汇入	2023-07-05T08:47:08+08:00
奉贤	累(累)	[空]	le6(le¹¹³)	true	le6	暂无	自旧档汇入	2023-07-05T08:47:08+08:00
奉贤	累(累)	白	li6(li¹¹³)	true	li6	暂无	自旧档汇入	2023-07-05T08:47:08+08:00
奉贤	催(催)	[空]	tshoe1(tsʰø⁵³)	true	tshoe1	暂无	自旧档汇入	2023-07-05T08:47:08+08:00
奉贤	崔(崔)	[空]	tshoe1(tsʰø⁵³)	true	tshoe1	暂无	自旧档汇入	2023-07-05T08:47:08+08:00
奉贤	罪(罪)	[空]	zoe6(zø¹¹³)	true	zoe6	暂无	自旧档汇入	2023-07-05T08:47:08+08:00
奉贤	罪(罪)	~过	ze6(ze¹¹³)	true	ze6	暂无	自旧档汇入	2023-07-05T08:47:08+08:00
奉贤	碎(碎)	[空]	se5(se³³⁵)	true	se5	暂无	自旧档汇入	2023-07-05T08:47:08+08:00
奉贤	恢(恢)	[空]	fe1(ɸe⁵³)	true	fe1	暂无	自旧档汇入	2023-07-05T08:47:08+08:00
奉贤	恢(恢)	又	fi1(ɸi⁵³)	true	fi1	暂无	自旧档汇入	2023-07-05T08:47:08+08:00
奉贤	恢(恢)	白	khue1(kʰue⁵³)	true	khue1	暂无	自旧档汇入	2023-07-05T08:47:08+08:00
奉贤	桅(桅)	[空]	ngue2(ŋue³¹)	true	ngue2	暂无	自旧档汇入	2023-07-05T08:47:08+08:00
奉贤	灰(灰)	[空]	fe1(ɸe⁵³)	true	fe1	暂无	自旧档汇入	2023-07-05T08:47:08+08:00
奉贤	灰(灰)	又	fi1(ɸi⁵³)	true	fi1	暂无	自旧档汇入	2023-07-05T08:47:08+08:00
奉贤	悔(悔)	[空]	fe5(ɸe³³⁵)	true	fe5	暂无	自旧档汇入	2023-07-05T08:47:08+08:00
奉贤	悔(悔)	[空]	fi3(ɸi⁴⁴)	true	fi3	暂无	自旧档汇入	2023-07-05T08:47:08+08:00
奉贤	贿(賄)	[空]	fe5(ɸe³³⁵)	true	fe5	暂无	自旧档汇入	2023-07-05T08:47:08+08:00
奉贤	回(回)	[空]	ve2(βe³¹)	true	ve2	暂无	自旧档汇入	2023-07-05T08:47:08+08:00
奉贤	茴(茴)	[空]	ve2(βe³¹)	true	ve2	暂无	自旧档汇入	2023-07-05T08:47:08+08:00
奉贤	汇(匯)	[空]	ve6(βe¹¹³)	true	ve6	暂无	自旧档汇入	2023-07-05T08:47:08+08:00
奉贤	溃(潰)	[空]	gue6(gue¹¹³)	true	gue6	暂无	自旧档汇入	2023-07-05T08:47:08+08:00
奉贤	蜕(蛻)	[空]	thoe5(tʰø³³⁵)	true	thoe5	暂无	自旧档汇入	2023-07-05T08:47:08+08:00
奉贤	最(最)	[空]	tsoe5(tsø³³⁵)	true	tsoe5	暂无	自旧档汇入	2023-07-05T08:47:08+08:00
奉贤	会(會)	~计	kue5(kue³³⁵)	true	kue5	暂无	自旧档汇入	2023-07-05T08:47:08+08:00
奉贤	外(外)	[空]	nga6(ŋɑ¹¹³)	true	nga6	暂无	自旧档汇入	2023-07-05T08:47:08+08:00
奉贤	会(會)	开~	ve6(βe¹¹³)	true	ve6	暂无	自旧档汇入	2023-07-05T08:47:08+08:00
奉贤	绘(繪)	[空]	ve6(βe¹¹³)	true	ve6	暂无	自旧档汇入	2023-07-05T08:47:08+08:00
奉贤	乖(乖)	[空]	kua1(kuɑ⁵³)	true	kua1	暂无	自旧档汇入	2023-07-05T08:47:08+08:00
奉贤	怪(怪)	[空]	kua5(kuɑ³³⁵)	true	kua5	暂无	自旧档汇入	2023-07-05T08:47:08+08:00
奉贤	块(塊)	[空]	khue5(kʰue³³⁵)	true	khue5	暂无	自旧档汇入	2023-07-05T08:47:08+08:00
奉贤	怀(懷)	[空]	va2(βɑ³¹)	true	va2	暂无	自旧档汇入	2023-07-05T08:47:08+08:00
奉贤	槐(槐)	[空]	va2(βɑ³¹)	true	va2	暂无	自旧档汇入	2023-07-05T08:47:08+08:00
奉贤	淮(淮)	[空]	va2(βɑ³¹)	true	va2	暂无	自旧档汇入	2023-07-05T08:47:08+08:00
奉贤	坏(壞)	[空]	va6(βɑ¹¹³)	true	va6	暂无	自旧档汇入	2023-07-05T08:47:08+08:00
奉贤	拐(拐)	[空]	kua3(kuɑ⁴⁴)	true	kua3	暂无	自旧档汇入	2023-07-05T08:47:08+08:00
奉贤	挂(掛)	[空]	ko5(ko³³⁵)	true	ko5	暂无	自旧档汇入	2023-07-05T08:47:08+08:00
奉贤	卦(卦)	白	ko5(ko³³⁵)	true	ko5	暂无	自旧档汇入	2023-07-05T08:47:08+08:00
奉贤	卦(卦)	文	kua5(kuɑ³³⁵)	true	kua5	暂无	自旧档汇入	2023-07-05T08:47:08+08:00
奉贤	歪(歪)	[空]	fa1(ɸɑ⁵³)	true	fa1	暂无	自旧档汇入	2023-07-05T08:47:08+08:00
奉贤	画(畫)	[空]	gho6(ɦo¹¹³)	true	gho6	暂无	自旧档汇入	2023-07-05T08:47:08+08:00
奉贤	快(快)	[空]	khua5(kʰuɑ³³⁵)	true	khua5	暂无	自旧档汇入	2023-07-05T08:47:08+08:00
奉贤	筷(筷)	[空]	khua5(kʰuɑ³³⁵)	true	khua5	暂无	自旧档汇入	2023-07-05T08:47:08+08:00
奉贤	筷(筷)	[空]	khuae3(kʰɛ⁴⁴)	true	khuae3	暂无	自旧档汇入	2023-07-05T08:47:08+08:00
奉贤	话(話)	[空]	gho6(ɦo¹¹³)	true	gho6	暂无	自旧档汇入	2023-07-05T08:47:08+08:00
奉贤	脆(脆)	[空]	tshoe5(tsʰø³³⁵)	true	tshoe5	暂无	自旧档汇入	2023-07-05T08:47:08+08:00
奉贤	岁(歲)	[空]	soe5(sø³³⁵)	true	soe5	暂无	自旧档汇入	2023-07-05T08:47:08+08:00
奉贤	税(稅)	[空]	soe5(sø³³⁵)	true	soe5	暂无	自旧档汇入	2023-07-05T08:47:08+08:00
奉贤	卫(衛)	[空]	ve6(βe¹¹³)	true	ve6	暂无	自旧档汇入	2023-07-05T08:47:08+08:00
奉贤	锐(銳)	[空]	soe5(sø³³⁵)	true	soe5	暂无	自旧档汇入	2023-07-05T08:47:08+08:00
奉贤	废(廢)	[空]	fi5(ɸi³³⁵)	true	fi5	暂无	自旧档汇入	2023-07-05T08:47:08+08:00
奉贤	肺(肺)	[空]	fi5(ɸi³³⁵)	true	fi5	暂无	自旧档汇入	2023-07-05T08:47:08+08:00
奉贤	桂(桂)	[空]	kue5(kue³³⁵)	true	kue5	暂无	自旧档汇入	2023-07-05T08:47:08+08:00
奉贤	惠(惠)	[空]	ve6(βe¹¹³)	true	ve6	暂无	自旧档汇入	2023-07-05T08:47:08+08:00
奉贤	惠(惠)	[空]	vi6(βi¹¹³)	true	vi6	暂无	自旧档汇入	2023-07-05T08:47:08+08:00
奉贤	慧(慧)	[空]	ve6(βe¹¹³)	true	ve6	暂无	自旧档汇入	2023-07-05T08:47:08+08:00
奉贤	碑(碑)	[空]	pe1(ɓe⁵³)	true	pe1	暂无	自旧档汇入	2023-07-05T08:47:08+08:00
奉贤	卑(卑)	[空]	pe1(ɓe⁵³)	true	pe1	暂无	自旧档汇入	2023-07-05T08:47:08+08:00
奉贤	臂(臂)	[空]	pi5(ɓi³³⁵)	true	pi5	暂无	自旧档汇入	2023-07-05T08:47:08+08:00
奉贤	臂(臂)	~撑子	piq7(ɓiɪʔ⁵)	true	piq7	暂无	自旧档汇入	2023-07-05T08:47:08+08:00
奉贤	披(披)	[空]	phi1(pʰi⁵³)	true	phi1	暂无	自旧档汇入	2023-07-05T08:47:08+08:00
奉贤	皮(皮)	[空]	bi2(bi³¹)	true	bi2	暂无	自旧档汇入	2023-07-05T08:47:08+08:00
奉贤	疲(疲)	[空]	bi2(bi³¹)	true	bi2	暂无	自旧档汇入	2023-07-05T08:47:08+08:00
奉贤	脾(脾)	[空]	bi2(bi³¹)	true	bi2	暂无	自旧档汇入	2023-07-05T08:47:08+08:00
奉贤	被(被)	[空]	bi6(bi¹¹³)	true	bi6	暂无	自旧档汇入	2023-07-05T08:47:08+08:00
奉贤	避(避)	[空]	bi6(bi¹¹³)	true	bi6	暂无	自旧档汇入	2023-07-05T08:47:08+08:00
奉贤	离(離)	[空]	li2(li³¹)	true	li2	暂无	自旧档汇入	2023-07-05T08:47:08+08:00
奉贤	篱(籬)	[空]	li2(li³¹)	true	li2	暂无	自旧档汇入	2023-07-05T08:47:08+08:00
奉贤	璃(璃)	[空]	li2(li³¹)	true	li2	暂无	自旧档汇入	2023-07-05T08:47:08+08:00
奉贤	离(離)	[空]	li2(li³¹)	true	li2	暂无	自旧档汇入	2023-07-05T08:47:08+08:00
奉贤	紫(紫)	[空]	tsy3(tsy⁴⁴)	true	tsy3	暂无	自旧档汇入	2023-07-05T08:47:08+08:00
奉贤	雌(雌)	[空]	tshy1(tsʰy⁵³)	true	tshy1	暂无	自旧档汇入	2023-07-05T08:47:08+08:00
奉贤	此(此)	[空]	tshy3(tsʰy⁴⁴)	true	tshy3	暂无	自旧档汇入	2023-07-05T08:47:08+08:00
奉贤	刺(刺)	[空]	tshy5(tsʰy³³⁵)	true	tshy5	暂无	自旧档汇入	2023-07-05T08:47:08+08:00
奉贤	斯(斯)	[空]	sy1(sy⁵³)	true	sy1	暂无	自旧档汇入	2023-07-05T08:47:08+08:00
奉贤	撕(撕)	[空]	sy1(sy⁵³)	true	sy1	暂无	自旧档汇入	2023-07-05T08:47:08+08:00
奉贤	廝(廝)	[空]	sy1(sy⁵³)	true	sy1	暂无	自旧档汇入	2023-07-05T08:47:08+08:00
奉贤	知(知)	[空]	tsy1(tsy⁵³)	true	tsy1	暂无	自旧档汇入	2023-07-05T08:47:08+08:00
奉贤	蜘(蜘)	[空]	tsy1(tsy⁵³)	true	tsy1	暂无	自旧档汇入	2023-07-05T08:47:08+08:00
奉贤	智(智)	【校】原tsy1	tsy5(tsy³³⁵)	true	tsy5	暂无	自旧档汇入	2023-07-05T08:47:08+08:00
奉贤	池(池)	[空]	zy2(zy³¹)	true	zy2	暂无	自旧档汇入	2023-07-05T08:47:08+08:00
奉贤	驰(馳)	[空]	zy2(zy³¹)	true	zy2	暂无	自旧档汇入	2023-07-05T08:47:08+08:00
奉贤	支(支)	[空]	tsy1(tsy⁵³)	true	tsy1	暂无	自旧档汇入	2023-07-05T08:47:08+08:00
奉贤	枝(枝)	[空]	tsy1(tsy⁵³)	true	tsy1	暂无	自旧档汇入	2023-07-05T08:47:08+08:00
奉贤	肢(肢)	[空]	tsy1(tsy⁵³)	true	tsy1	暂无	自旧档汇入	2023-07-05T08:47:08+08:00
奉贤	栀(梔)	[空]	tsy1(tsy⁵³)	true	tsy1	暂无	自旧档汇入	2023-07-05T08:47:08+08:00
奉贤	只(只)	[空]	tseq7(tseʔ⁵)	true	tseq7	暂无	自旧档汇入	2023-07-05T08:47:08+08:00
奉贤	纸(紙)	[空]	tsy3(tsy⁴⁴)	true	tsy3	暂无	自旧档汇入	2023-07-05T08:47:08+08:00
奉贤	施(施)	[空]	sy1(sy⁵³)	true	sy1	暂无	自旧档汇入	2023-07-05T08:47:08+08:00
奉贤	翅(翅)	[空]	tshy5(tsʰy³³⁵)	true	tshy5	暂无	自旧档汇入	2023-07-05T08:47:08+08:00
奉贤	是(是)	[空]	zy6(zy¹¹³)	true	zy6	暂无	自旧档汇入	2023-07-05T08:47:08+08:00
奉贤	氏(氏)	[空]	zy6(zy¹¹³)	true	zy6	暂无	自旧档汇入	2023-07-05T08:47:08+08:00
奉贤	儿(兒)	【校】原gni6	gni2(ɲi³¹)	true	gni2	暂无	自旧档汇入	2023-07-05T08:47:08+08:00
奉贤	儿(兒)	[空]	ng2(ŋ³¹)	true	ng2	暂无	自旧档汇入	2023-07-05T08:47:08+08:00
奉贤	儿(兒)	【校】原er3	er2(∅əl³¹)	true	er2	暂无	自旧档汇入	2023-07-05T08:47:08+08:00
奉贤	寄(寄)	[空]	ci5(ʄi³³⁵)	true	ci5	暂无	自旧档汇入	2023-07-05T08:47:08+08:00
奉贤	企(企)	[空]	chi3(cʰi⁴⁴)	true	chi3	暂无	自旧档汇入	2023-07-05T08:47:08+08:00
奉贤	奇(奇)	[空]	ji2(ɟi³¹)	true	ji2	暂无	自旧档汇入	2023-07-05T08:47:08+08:00
奉贤	骑(騎)	[空]	ji2(ɟi³¹)	true	ji2	暂无	自旧档汇入	2023-07-05T08:47:08+08:00
奉贤	岐(岐)	[空]	ji2(ɟi³¹)	true	ji2	暂无	自旧档汇入	2023-07-05T08:47:08+08:00
奉贤	技(技)	[空]	ji6(ɟi¹¹³)	true	ji6	暂无	自旧档汇入	2023-07-05T08:47:08+08:00
奉贤	妓(妓)	[空]	ji6(ɟi¹¹³)	true	ji6	暂无	自旧档汇入	2023-07-05T08:47:08+08:00
奉贤	宜(宜)	[空]	gni2(ɲi³¹)	true	gni2	暂无	自旧档汇入	2023-07-05T08:47:08+08:00
奉贤	仪(儀)	[空]	gni2(ɲi³¹)	true	gni2	暂无	自旧档汇入	2023-07-05T08:47:08+08:00
奉贤	蚁(蟻)	[空]	gni6(ɲi¹¹³)	true	gni6	暂无	自旧档汇入	2023-07-05T08:47:08+08:00
奉贤	义(義)	[空]	gni6(ɲi¹¹³)	true	gni6	暂无	自旧档汇入	2023-07-05T08:47:08+08:00
奉贤	议(議)	[空]	gni6(ɲi¹¹³)	true	gni6	暂无	自旧档汇入	2023-07-05T08:47:08+08:00
奉贤	谊(誼)	[空]	gni6(ɲi¹¹³)	true	gni6	暂无	自旧档汇入	2023-07-05T08:47:08+08:00
奉贤	牺(犧)	[空]	shi1(çi⁵³)	true	shi1	暂无	自旧档汇入	2023-07-05T08:47:08+08:00
奉贤	椅(椅)	【校】原i5	i3(∅i⁴⁴)	true	i3	暂无	自旧档汇入	2023-07-05T08:47:08+08:00
奉贤	椅(椅)	白	iu3(∅y⁴⁴)	true	iu3	暂无	自旧档汇入	2023-07-05T08:47:08+08:00
奉贤	移(移)	[空]	yi2(ɦi³¹)	true	yi2	暂无	自旧档汇入	2023-07-05T08:47:08+08:00
奉贤	易(易)	[空]	yi6(ɦi¹¹³)	true	yi6	暂无	自旧档汇入	2023-07-05T08:47:08+08:00
奉贤	悲(悲)	[空]	pe1(ɓe⁵³)	true	pe1	暂无	自旧档汇入	2023-07-05T08:47:08+08:00
奉贤	比(比)	[空]	pi3(ɓi⁴⁴)	true	pi3	暂无	自旧档汇入	2023-07-05T08:47:08+08:00
奉贤	泌(泌)	[空]	pi5(ɓi³³⁵)	true	pi5	暂无	自旧档汇入	2023-07-05T08:47:08+08:00
奉贤	庇(庇)	[空]	pi5(ɓi³³⁵)	true	pi5	暂无	自旧档汇入	2023-07-05T08:47:08+08:00
奉贤	痺(痺)	[空]	bi6(bi¹¹³)	true	bi6	暂无	自旧档汇入	2023-07-05T08:47:08+08:00
奉贤	屁(屁)	[空]	phi5(pʰi³³⁵)	true	phi5	暂无	自旧档汇入	2023-07-05T08:47:08+08:00
奉贤	备(備)	[空]	be6(be¹¹³)	true	be6	暂无	自旧档汇入	2023-07-05T08:47:08+08:00
奉贤	鼻(鼻)	[空]	biq8(biɪʔ³)	true	biq8	暂无	自旧档汇入	2023-07-05T08:47:08+08:00
奉贤	鼻(鼻)	又	beq8(beʔ³)	true	beq8	暂无	自旧档汇入	2023-07-05T08:47:08+08:00
奉贤	眉(眉)	[空]	mi2(mi³¹)	true	mi2	暂无	自旧档汇入	2023-07-05T08:47:08+08:00
奉贤	美(美)	[空]	me3(me⁴⁴)	true	me3	暂无	自旧档汇入	2023-07-05T08:47:08+08:00
奉贤	美(美)	[空]	mi3(mi⁴⁴)	true	mi3	暂无	自旧档汇入	2023-07-05T08:47:08+08:00
奉贤	地(地)	[空]	di6(di¹¹³)	true	di6	暂无	自旧档汇入	2023-07-05T08:47:08+08:00
奉贤	尼(尼)	[空]	gni2(ɲi³¹)	true	gni2	暂无	自旧档汇入	2023-07-05T08:47:08+08:00
奉贤	腻(膩)	[空]	gni6(ɲi¹¹³)	true	gni6	暂无	自旧档汇入	2023-07-05T08:47:08+08:00
奉贤	梨(梨)	[空]	li2(li³¹)	true	li2	暂无	自旧档汇入	2023-07-05T08:47:08+08:00
奉贤	梨(梨)	[空]	li6(li¹¹³)	true	li6	暂无	自旧档汇入	2023-07-05T08:47:08+08:00
奉贤	利(利)	[空]	li6(li¹¹³)	true	li6	暂无	自旧档汇入	2023-07-05T08:47:08+08:00
奉贤	痢(痢)	[空]	li6(li¹¹³)	true	li6	暂无	自旧档汇入	2023-07-05T08:47:08+08:00
奉贤	资(資)	[空]	tsy1(tsy⁵³)	true	tsy1	暂无	自旧档汇入	2023-07-05T08:47:08+08:00
奉贤	姿(姿)	[空]	tsy1(tsy⁵³)	true	tsy1	暂无	自旧档汇入	2023-07-05T08:47:08+08:00
奉贤	咨(諮)	[空]	tsy1(tsy⁵³)	true	tsy1	暂无	自旧档汇入	2023-07-05T08:47:08+08:00
奉贤	姊(姊)	[空]	tsy3(tsy⁴⁴)	true	tsy3	暂无	自旧档汇入	2023-07-05T08:47:08+08:00
奉贤	次(次)	【校】原tshy3	tshy5(tsʰy³³⁵)	true	tshy5	暂无	自旧档汇入	2023-07-05T08:47:08+08:00
奉贤	瓷(瓷)	[空]	zy2(zy³¹)	true	zy2	暂无	自旧档汇入	2023-07-05T08:47:08+08:00
奉贤	自(自)	[空]	zy6(zy¹¹³)	true	zy6	暂无	自旧档汇入	2023-07-05T08:47:08+08:00
奉贤	私(私)	[空]	sy1(sy⁵³)	true	sy1	暂无	自旧档汇入	2023-07-05T08:47:08+08:00
奉贤	死(死)	[空]	si3(si⁴⁴)	true	si3	暂无	自旧档汇入	2023-07-05T08:47:08+08:00
奉贤	死(死)	文	sy3(sy⁴⁴)	true	sy3	暂无	自旧档汇入	2023-07-05T08:47:08+08:00
奉贤	四(四)	[空]	sy5(sy³³⁵)	true	sy5	暂无	自旧档汇入	2023-07-05T08:47:08+08:00
奉贤	致(致)	[空]	tsy3(tsy⁴⁴)	true	tsy3	暂无	自旧档汇入	2023-07-05T08:47:08+08:00
奉贤	致(致)	[空]	tsy5(tsy³³⁵)	true	tsy5	暂无	自旧档汇入	2023-07-05T08:47:08+08:00
奉贤	迟(遲)	[空]	zy2(zy³¹)	true	zy2	暂无	自旧档汇入	2023-07-05T08:47:08+08:00
奉贤	稚(稚)	[空]	zy6(zy¹¹³)	true	zy6	暂无	自旧档汇入	2023-07-05T08:47:08+08:00
奉贤	师(師)	[空]	sy1(sy⁵³)	true	sy1	暂无	自旧档汇入	2023-07-05T08:47:08+08:00
奉贤	狮(獅)	[空]	sy1(sy⁵³)	true	sy1	暂无	自旧档汇入	2023-07-05T08:47:08+08:00
奉贤	脂(脂)	[空]	tsy1(tsy⁵³)	true	tsy1	暂无	自旧档汇入	2023-07-05T08:47:08+08:00
奉贤	旨(旨)	[空]	tsy3(tsy⁴⁴)	true	tsy3	暂无	自旧档汇入	2023-07-05T08:47:08+08:00
奉贤	指(指)	[空]	tsy3(tsy⁴⁴)	true	tsy3	暂无	自旧档汇入	2023-07-05T08:47:08+08:00
奉贤	至(至)	[空]	tsy3(tsy⁴⁴)	true	tsy3	暂无	自旧档汇入	2023-07-05T08:47:08+08:00
奉贤	至(至)	[空]	tsy5(tsy³³⁵)	true	tsy5	暂无	自旧档汇入	2023-07-05T08:47:08+08:00
奉贤	示(示)	[空]	zy6(zy¹¹³)	true	zy6	暂无	自旧档汇入	2023-07-05T08:47:08+08:00
奉贤	尸(屍)	[空]	sy1(sy⁵³)	true	sy1	暂无	自旧档汇入	2023-07-05T08:47:08+08:00
奉贤	视(視)	[空]	zy6(zy¹¹³)	true	zy6	暂无	自旧档汇入	2023-07-05T08:47:08+08:00
奉贤	二(二)	[空]	gni6(ɲi¹¹³)	true	gni6	暂无	自旧档汇入	2023-07-05T08:47:08+08:00
奉贤	饥(飢)	[空]	ci1(ʄi⁵³)	true	ci1	暂无	自旧档汇入	2023-07-05T08:47:08+08:00
奉贤	器(器)	[空]	chi5(cʰi³³⁵)	true	chi5	暂无	自旧档汇入	2023-07-05T08:47:08+08:00
奉贤	弃(棄)	[空]	chi5(cʰi³³⁵)	true	chi5	暂无	自旧档汇入	2023-07-05T08:47:08+08:00
奉贤	夷(夷)	[空]	yi2(ɦi³¹)	true	yi2	暂无	自旧档汇入	2023-07-05T08:47:08+08:00
奉贤	姨(姨)	[空]	yi2(ɦi³¹)	true	yi2	暂无	自旧档汇入	2023-07-05T08:47:08+08:00
奉贤	你(你)	[空]	gni3(ɲi⁴⁴)	true	gni3	暂无	自旧档汇入	2023-07-05T08:47:08+08:00
奉贤	狸(狸)	[空]	li2(li³¹)	true	li2	暂无	自旧档汇入	2023-07-05T08:47:08+08:00
奉贤	李(李)	[空]	li4(li²²)	true	li4	暂无	自旧档汇入	2023-07-05T08:47:08+08:00
奉贤	里(裡)	【校】原li6	li4(li²²)	true	li4	暂无	自旧档汇入	2023-07-05T08:47:08+08:00
奉贤	理(理)	【校】原li6	li4(li²²)	true	li4	暂无	自旧档汇入	2023-07-05T08:47:08+08:00
奉贤	鲤(鯉)	【校】原li6	li4(li²²)	true	li4	暂无	自旧档汇入	2023-07-05T08:47:08+08:00
奉贤	吏(吏)	[空]	li6(li¹¹³)	true	li6	暂无	自旧档汇入	2023-07-05T08:47:08+08:00
奉贤	滋(滋)	[空]	tsy1(tsy⁵³)	true	tsy1	暂无	自旧档汇入	2023-07-05T08:47:08+08:00
奉贤	子(子)	[空]	tsy3(tsy⁴⁴)	true	tsy3	暂无	自旧档汇入	2023-07-05T08:47:08+08:00
奉贤	慈(慈)	[空]	zy2(zy³¹)	true	zy2	暂无	自旧档汇入	2023-07-05T08:47:08+08:00
奉贤	磁(磁)	[空]	zy2(zy³¹)	true	zy2	暂无	自旧档汇入	2023-07-05T08:47:08+08:00
奉贤	字(字)	[空]	zy6(zy¹¹³)	true	zy6	暂无	自旧档汇入	2023-07-05T08:47:08+08:00
奉贤	司(司)	[空]	sy1(sy⁵³)	true	sy1	暂无	自旧档汇入	2023-07-05T08:47:08+08:00
奉贤	司(司)	又	sy3(sy⁴⁴)	true	sy3	暂无	自旧档汇入	2023-07-05T08:47:08+08:00
奉贤	丝(絲)	[空]	sy1(sy⁵³)	true	sy1	暂无	自旧档汇入	2023-07-05T08:47:08+08:00
奉贤	思(思)	【校】原sy3	sy1(sy⁵³)	true	sy1	暂无	自旧档汇入	2023-07-05T08:47:08+08:00
奉贤	辞(辭)	【校】原zy6	zy2(zy³¹)	true	zy2	暂无	自旧档汇入	2023-07-05T08:47:08+08:00
奉贤	词(詞)	[空]	zy2(zy³¹)	true	zy2	暂无	自旧档汇入	2023-07-05T08:47:08+08:00
奉贤	祠(祠)	[空]	zy2(zy³¹)	true	zy2	暂无	自旧档汇入	2023-07-05T08:47:08+08:00
奉贤	似(似)	[空]	zy6(zy¹¹³)	true	zy6	暂无	自旧档汇入	2023-07-05T08:47:08+08:00
奉贤	寺(寺)	[空]	zy6(zy¹¹³)	true	zy6	暂无	自旧档汇入	2023-07-05T08:47:08+08:00
奉贤	饲(飼)	[空]	zy6(zy¹¹³)	true	zy6	暂无	自旧档汇入	2023-07-05T08:47:08+08:00
奉贤	嗣(嗣)	[空]	zy6(zy¹¹³)	true	zy6	暂无	自旧档汇入	2023-07-05T08:47:08+08:00
奉贤	置(置)	[空]	tsy3(tsy⁴⁴)	true	tsy3	暂无	自旧档汇入	2023-07-05T08:47:08+08:00
奉贤	耻(恥)	[空]	tshy3(tsʰy⁴⁴)	true	tshy3	暂无	自旧档汇入	2023-07-05T08:47:08+08:00
奉贤	持(持)	【校】原zy6	zy2(zy³¹)	true	zy2	暂无	自旧档汇入	2023-07-05T08:47:08+08:00
奉贤	治(治)	[空]	zy6(zy¹¹³)	true	zy6	暂无	自旧档汇入	2023-07-05T08:47:08+08:00
奉贤	厕(廁)	[空]	tshy3(tsʰy⁴⁴)	true	tshy3	暂无	自旧档汇入	2023-07-05T08:47:08+08:00
奉贤	士(士)	[空]	zy6(zy¹¹³)	true	zy6	暂无	自旧档汇入	2023-07-05T08:47:08+08:00
奉贤	柿(柿)	[空]	zy6(zy¹¹³)	true	zy6	暂无	自旧档汇入	2023-07-05T08:47:08+08:00
奉贤	事(事)	[空]	zy6(zy¹¹³)	true	zy6	暂无	自旧档汇入	2023-07-05T08:47:08+08:00
奉贤	史(史)	[空]	sy3(sy⁴⁴)	true	sy3	暂无	自旧档汇入	2023-07-05T08:47:08+08:00
奉贤	使(使)	[空]	sy3(sy⁴⁴)	true	sy3	暂无	自旧档汇入	2023-07-05T08:47:08+08:00
奉贤	驶(駛)	[空]	sy3(sy⁴⁴)	true	sy3	暂无	自旧档汇入	2023-07-05T08:47:08+08:00
奉贤	之(之)	[空]	tsy1(tsy⁵³)	true	tsy1	暂无	自旧档汇入	2023-07-05T08:47:08+08:00
奉贤	芝(芝)	【校】原tsy3	tsy1(tsy⁵³)	true	tsy1	暂无	自旧档汇入	2023-07-05T08:47:08+08:00
奉贤	止(止)	[空]	tsy3(tsy⁴⁴)	true	tsy3	暂无	自旧档汇入	2023-07-05T08:47:08+08:00
奉贤	址(址)	[空]	tsy3(tsy⁴⁴)	true	tsy3	暂无	自旧档汇入	2023-07-05T08:47:08+08:00
奉贤	志(志)	[空]	tsy3(tsy⁴⁴)	true	tsy3	暂无	自旧档汇入	2023-07-05T08:47:08+08:00
奉贤	志(志)	[空]	tsy5(tsy³³⁵)	true	tsy5	暂无	自旧档汇入	2023-07-05T08:47:08+08:00
奉贤	痣(痣)	[空]	tsy3(tsy⁴⁴)	true	tsy3	暂无	自旧档汇入	2023-07-05T08:47:08+08:00
奉贤	痣(痣)	[空]	tsy5(tsy³³⁵)	true	tsy5	暂无	自旧档汇入	2023-07-05T08:47:08+08:00
奉贤	齿(齒)	[空]	tshy3(tsʰy⁴⁴)	true	tshy3	暂无	自旧档汇入	2023-07-05T08:47:08+08:00
奉贤	诗(詩)	[空]	sy1(sy⁵³)	true	sy1	暂无	自旧档汇入	2023-07-05T08:47:08+08:00
奉贤	始(始)	【校】原sy5	sy3(sy⁴⁴)	true	sy3	暂无	自旧档汇入	2023-07-05T08:47:08+08:00
奉贤	试(試)	[空]	sy3(sy⁴⁴)	true	sy3	暂无	自旧档汇入	2023-07-05T08:47:08+08:00
奉贤	试(試)	[空]	sy5(sy³³⁵)	true	sy5	暂无	自旧档汇入	2023-07-05T08:47:08+08:00
奉贤	时(時)	【校】原zy6	zy2(zy³¹)	true	zy2	暂无	自旧档汇入	2023-07-05T08:47:08+08:00
奉贤	市(市)	【校】原zy6	zy4(zy²²)	true	zy4	暂无	自旧档汇入	2023-07-05T08:47:08+08:00
奉贤	恃(恃)	[空]	zy6(zy¹¹³)	true	zy6	暂无	自旧档汇入	2023-07-05T08:47:08+08:00
奉贤	而(而)	【校】原er3	er2(∅əl³¹)	true	er2	暂无	自旧档汇入	2023-07-05T08:47:08+08:00
奉贤	耳(耳)	【校】原gni2	gni4(ɲi²²)	true	gni4	暂无	自旧档汇入	2023-07-05T08:47:08+08:00
奉贤	耳(耳)	[空]	er3(∅əl⁴⁴)	true	er3	暂无	自旧档汇入	2023-07-05T08:47:08+08:00
奉贤	基(基)	[空]	ci1(ʄi⁵³)	true	ci1	暂无	自旧档汇入	2023-07-05T08:47:08+08:00
奉贤	己(己)	[空]	ci3(ʄi⁴⁴)	true	ci3	暂无	自旧档汇入	2023-07-05T08:47:08+08:00
奉贤	纪(紀)	[空]	ci3(ʄi⁴⁴)	true	ci3	暂无	自旧档汇入	2023-07-05T08:47:08+08:00
奉贤	记(記)	[空]	ci5(ʄi³³⁵)	true	ci5	暂无	自旧档汇入	2023-07-05T08:47:08+08:00
奉贤	欺(欺)	[空]	chi1(cʰi⁵³)	true	chi1	暂无	自旧档汇入	2023-07-05T08:47:08+08:00
奉贤	起(起)	[空]	chi3(cʰi⁴⁴)	true	chi3	暂无	自旧档汇入	2023-07-05T08:47:08+08:00
奉贤	期(期)	[空]	ji2(ɟi³¹)	true	ji2	暂无	自旧档汇入	2023-07-05T08:47:08+08:00
奉贤	其(其)	[空]	ji2(ɟi³¹)	true	ji2	暂无	自旧档汇入	2023-07-05T08:47:08+08:00
奉贤	旗(旗)	[空]	ji2(ɟi³¹)	true	ji2	暂无	自旧档汇入	2023-07-05T08:47:08+08:00
奉贤	棋(棋)	[空]	ji2(ɟi³¹)	true	ji2	暂无	自旧档汇入	2023-07-05T08:47:08+08:00
奉贤	忌(忌)	[空]	ji6(ɟi¹¹³)	true	ji6	暂无	自旧档汇入	2023-07-05T08:47:08+08:00
奉贤	疑(疑)	[空]	gni2(ɲi³¹)	true	gni2	暂无	自旧档汇入	2023-07-05T08:47:08+08:00
奉贤	喜(喜)	[空]	shi3(çi⁴⁴)	true	shi3	暂无	自旧档汇入	2023-07-05T08:47:08+08:00
奉贤	医(醫)	[空]	i1(∅i⁵³)	true	i1	暂无	自旧档汇入	2023-07-05T08:47:08+08:00
奉贤	意(意)	[空]	i5(∅i³³⁵)	true	i5	暂无	自旧档汇入	2023-07-05T08:47:08+08:00
奉贤	已(已)	[空]	i3(∅i⁴⁴)	true	i3	暂无	自旧档汇入	2023-07-05T08:47:08+08:00
奉贤	已(已)	[空]	yi6(ɦi¹¹³)	true	yi6	暂无	自旧档汇入	2023-07-05T08:47:08+08:00
奉贤	以(以)	【校】原i1	i3(∅i⁴⁴)	true	i3	暂无	自旧档汇入	2023-07-05T08:47:08+08:00
奉贤	以(以)	[空]	yi6(ɦi¹¹³)	true	yi6	暂无	自旧档汇入	2023-07-05T08:47:08+08:00
奉贤	异(異)	[空]	yi6(ɦi¹¹³)	true	yi6	暂无	自旧档汇入	2023-07-05T08:47:08+08:00
奉贤	机(機)	[空]	ci1(ʄi⁵³)	true	ci1	暂无	自旧档汇入	2023-07-05T08:47:08+08:00
奉贤	讥(譏)	[空]	ci1(ʄi⁵³)	true	ci1	暂无	自旧档汇入	2023-07-05T08:47:08+08:00
奉贤	饥(飢)	[空]	ci1(ʄi⁵³)	true	ci1	暂无	自旧档汇入	2023-07-05T08:47:08+08:00
奉贤	几(幾)	~個	ci3(ʄi⁴⁴)	true	ci3	暂无	自旧档汇入	2023-07-05T08:47:08+08:00
奉贤	岂(豈)	[空]	chi3(cʰi⁴⁴)	true	chi3	暂无	自旧档汇入	2023-07-05T08:47:08+08:00
奉贤	气(氣)	[空]	chi5(cʰi³³⁵)	true	chi5	暂无	自旧档汇入	2023-07-05T08:47:08+08:00
奉贤	汽(汽)	[空]	chi5(cʰi³³⁵)	true	chi5	暂无	自旧档汇入	2023-07-05T08:47:08+08:00
奉贤	希(希)	[空]	shi1(çi⁵³)	true	shi1	暂无	自旧档汇入	2023-07-05T08:47:08+08:00
奉贤	稀(稀)	[空]	shi1(çi⁵³)	true	shi1	暂无	自旧档汇入	2023-07-05T08:47:08+08:00
奉贤	衣(衣)	[空]	i1(∅i⁵³)	true	i1	暂无	自旧档汇入	2023-07-05T08:47:08+08:00
奉贤	依(依)	[空]	i1(∅i⁵³)	true	i1	暂无	自旧档汇入	2023-07-05T08:47:08+08:00
奉贤	累(累)	[空]	le6(le¹¹³)	true	le6	暂无	自旧档汇入	2023-07-05T08:47:08+08:00
奉贤	嘴(嘴)	白	tsy3(tsy⁴⁴)	true	tsy3	暂无	自旧档汇入	2023-07-05T08:47:08+08:00
奉贤	嘴(嘴)	文	tsoe3(tsø⁴⁴)	true	tsoe3	暂无	自旧档汇入	2023-07-05T08:47:08+08:00
奉贤	随(隨)	[空]	zoe2(zø³¹)	true	zoe2	暂无	自旧档汇入	2023-07-05T08:47:08+08:00
奉贤	吹(吹)	[空]	tshy1(tsʰy⁵³)	true	tshy1	暂无	自旧档汇入	2023-07-05T08:47:08+08:00
奉贤	炊(炊)	[空]	tshoe1(tsʰø⁵³)	true	tshoe1	暂无	自旧档汇入	2023-07-05T08:47:08+08:00
奉贤	垂(垂)	[空]	zoe2(zø³¹)	true	zoe2	暂无	自旧档汇入	2023-07-05T08:47:08+08:00
奉贤	垂(垂)	白	zy2(zy³¹)	true	zy2	暂无	自旧档汇入	2023-07-05T08:47:08+08:00
奉贤	睡(睡)	[空]	zoe6(zø¹¹³)	true	zoe6	暂无	自旧档汇入	2023-07-05T08:47:08+08:00
奉贤	瑞(瑞)	[空]	zoe6(zø¹¹³)	true	zoe6	暂无	自旧档汇入	2023-07-05T08:47:08+08:00
奉贤	瑞(瑞)	又	ze6(ze¹¹³)	true	ze6	暂无	自旧档汇入	2023-07-05T08:47:08+08:00
奉贤	规(規)	[空]	kue1(kue⁵³)	true	kue1	暂无	自旧档汇入	2023-07-05T08:47:08+08:00
奉贤	诡(詭)	[空]	kue3(kue⁴⁴)	true	kue3	暂无	自旧档汇入	2023-07-05T08:47:08+08:00
奉贤	亏(虧)	文	khue1(kʰue⁵³)	true	khue1	暂无	自旧档汇入	2023-07-05T08:47:08+08:00
奉贤	亏(虧)	白	chiu1(cʰy⁵³)	true	chiu1	暂无	自旧档汇入	2023-07-05T08:47:08+08:00
奉贤	跪(跪)	白	jiu6(ɟy¹¹³)	true	jiu6	暂无	自旧档汇入	2023-07-05T08:47:08+08:00
奉贤	跪(跪)	又	zhiu6(ʑy¹¹³)	true	zhiu6	暂无	自旧档汇入	2023-07-05T08:47:08+08:00
奉贤	跪(跪)	文	gue6(gue¹¹³)	true	gue6	暂无	自旧档汇入	2023-07-05T08:47:08+08:00
奉贤	危(危)	[空]	ngue2(ŋue³¹)	true	ngue2	暂无	自旧档汇入	2023-07-05T08:47:08+08:00
奉贤	伪(偽)	[空]	ue3(∅ue⁴⁴)	true	ue3	暂无	自旧档汇入	2023-07-05T08:47:08+08:00
奉贤	毁(毀)	[空]	fe5(ɸe³³⁵)	true	fe5	暂无	自旧档汇入	2023-07-05T08:47:08+08:00
奉贤	委(委)	[空]	ue3(∅ue⁴⁴)	true	ue3	暂无	自旧档汇入	2023-07-05T08:47:08+08:00
奉贤	喂(餵)	[空]	ue5(∅ue³³⁵)	true	ue5	暂无	自旧档汇入	2023-07-05T08:47:08+08:00
奉贤	喂(餵)	白	iu5(∅y⁴⁴)	true	iu5	暂无	自旧档汇入	2023-07-05T08:47:08+08:00
奉贤	为(爲)	作~【校】原ve4	ve2(βe³¹)	true	ve2	暂无	自旧档汇入	2023-07-05T08:47:08+08:00
奉贤	为(爲)	因~	ve6(βe¹¹³)	true	ve6	暂无	自旧档汇入	2023-07-05T08:47:08+08:00
奉贤	垒(壘)	【校】原le2	le4(le²²)	true	le4	暂无	自旧档汇入	2023-07-05T08:47:08+08:00
奉贤	类(類)	[空]	le6(le¹¹³)	true	le6	暂无	自旧档汇入	2023-07-05T08:47:08+08:00
奉贤	泪(淚)	[空]	li6(li¹¹³)	true	li6	暂无	自旧档汇入	2023-07-05T08:47:08+08:00
奉贤	醉(醉)	[空]	tsoe5(tsø³³⁵)	true	tsoe5	暂无	自旧档汇入	2023-07-05T08:47:08+08:00
奉贤	醉(醉)	白	ciu5(ʄy³³⁵)	true	ciu5	暂无	自旧档汇入	2023-07-05T08:47:08+08:00
奉贤	翠(翠)	[空]	tshoe5(tsʰø³³⁵)	true	tshoe5	暂无	自旧档汇入	2023-07-05T08:47:08+08:00
奉贤	虽(雖)	[空]	soe1(sø⁵³)	true	soe1	暂无	自旧档汇入	2023-07-05T08:47:08+08:00
奉贤	隧(隧)	[空]	zoe6(zø¹¹³)	true	zoe6	暂无	自旧档汇入	2023-07-05T08:47:08+08:00
奉贤	追(追)	[空]	tsoe1(tsø⁵³)	true	tsoe1	暂无	自旧档汇入	2023-07-05T08:47:08+08:00
奉贤	衰(衰)	[空]	se1(se⁵³)	true	se1	暂无	自旧档汇入	2023-07-05T08:47:08+08:00
奉贤	衰(衰)	又	sa1(sɑ⁵³)	true	sa1	暂无	自旧档汇入	2023-07-05T08:47:08+08:00
奉贤	帅(帥)	[空]	se5(se³³⁵)	true	se5	暂无	自旧档汇入	2023-07-05T08:47:08+08:00
奉贤	锥(錐)	[空]	tsoe1(tsø⁵³)	true	tsoe1	暂无	自旧档汇入	2023-07-05T08:47:08+08:00
奉贤	水(水)	白	sy3(sy⁴⁴)	true	sy3	暂无	自旧档汇入	2023-07-05T08:47:08+08:00
奉贤	水(水)	文	soe3(sø⁴⁴)	true	soe3	暂无	自旧档汇入	2023-07-05T08:47:08+08:00
奉贤	谁(誰)	[空]	zoe2(zø³¹)	true	zoe2	暂无	自旧档汇入	2023-07-05T08:47:08+08:00
奉贤	龟(龜)	白	ciu1(ʄy⁵³)	true	ciu1	暂无	自旧档汇入	2023-07-05T08:47:08+08:00
奉贤	龟(龜)	文	kue1(kue⁵³)	true	kue1	暂无	自旧档汇入	2023-07-05T08:47:08+08:00
奉贤	轨(軌)	[空]	kue3(kue⁴⁴)	true	kue3	暂无	自旧档汇入	2023-07-05T08:47:08+08:00
奉贤	癸(癸)	[空]	kue3(kue⁴⁴)	true	kue3	暂无	自旧档汇入	2023-07-05T08:47:08+08:00
奉贤	季(季)	[空]	ci5(ʄi³³⁵)	true	ci5	暂无	自旧档汇入	2023-07-05T08:47:08+08:00
奉贤	葵(葵)	[空]	gue2(gue³¹)	true	gue2	暂无	自旧档汇入	2023-07-05T08:47:08+08:00
奉贤	柜(櫃)	文	gue6(gue¹¹³)	true	gue6	暂无	自旧档汇入	2023-07-05T08:47:08+08:00
奉贤	柜(櫃)	白	zhiu6(ʑy¹¹³)	true	zhiu6	暂无	自旧档汇入	2023-07-05T08:47:08+08:00
奉贤	位(位)	[空]	ve6(βe¹¹³)	true	ve6	暂无	自旧档汇入	2023-07-05T08:47:08+08:00
奉贤	维(維)	白	vi2(βi³¹)	true	vi2	暂无	自旧档汇入	2023-07-05T08:47:08+08:00
奉贤	维(維)	文	ue5(∅ue³³⁵)	true	ue5	暂无	自旧档汇入	2023-07-05T08:47:08+08:00
奉贤	唯(唯)	【校】原ve6	vi2(βi³¹)	true	vi2	暂无	自旧档汇入	2023-07-05T08:47:08+08:00
奉贤	惟(惟)	白	vi2(βi³¹)	true	vi2	暂无	自旧档汇入	2023-07-05T08:47:08+08:00
奉贤	惟(惟)	文	ue5(∅ue³³⁵)	true	ue5	暂无	自旧档汇入	2023-07-05T08:47:08+08:00
奉贤	遗(遺)	[空]	yi2(ɦi³¹)	true	yi2	暂无	自旧档汇入	2023-07-05T08:47:08+08:00
奉贤	飞(飛)	[空]	fi1(ɸi⁵³)	true	fi1	暂无	自旧档汇入	2023-07-05T08:47:08+08:00
奉贤	非(非)	[空]	fi1(ɸi⁵³)	true	fi1	暂无	自旧档汇入	2023-07-05T08:47:08+08:00
奉贤	匪(匪)	[空]	fi3(ɸi⁴⁴)	true	fi3	暂无	自旧档汇入	2023-07-05T08:47:08+08:00
奉贤	匪(匪)	[空]	fi5(ɸi³³⁵)	true	fi5	暂无	自旧档汇入	2023-07-05T08:47:08+08:00
奉贤	妃(妃)	[空]	fi1(ɸi⁵³)	true	fi1	暂无	自旧档汇入	2023-07-05T08:47:08+08:00
奉贤	费(費)	[空]	fi5(ɸi³³⁵)	true	fi5	暂无	自旧档汇入	2023-07-05T08:47:08+08:00
奉贤	费(費)	姓氏	vi6(βi¹¹³)	true	vi6	暂无	自旧档汇入	2023-07-05T08:47:08+08:00
奉贤	肥(肥)	文	vi2(βi³¹)	true	vi2	暂无	自旧档汇入	2023-07-05T08:47:08+08:00
奉贤	肥(肥)	白	bi2(bi³¹)	true	bi2	暂无	自旧档汇入	2023-07-05T08:47:08+08:00
奉贤	微(微)	[空]	vi2(βi³¹)	true	vi2	暂无	自旧档汇入	2023-07-05T08:47:08+08:00
奉贤	尾(尾)	文【校】原vi2	vi4(βi²²)	true	vi4	暂无	自旧档汇入	2023-07-05T08:47:08+08:00
奉贤	尾(尾)	白	gni4(ɲi²²)	true	gni4	暂无	自旧档汇入	2023-07-05T08:47:08+08:00
奉贤	未(未)	[空]	vi6(βi¹¹³)	true	vi6	暂无	自旧档汇入	2023-07-05T08:47:08+08:00
奉贤	味(味)	白	mi6(mi¹¹³)	true	mi6	暂无	自旧档汇入	2023-07-05T08:47:08+08:00
奉贤	味(味)	文	vi6(βi¹¹³)	true	vi6	暂无	自旧档汇入	2023-07-05T08:47:08+08:00
奉贤	归(歸)	文	kue1(kue⁵³)	true	kue1	暂无	自旧档汇入	2023-07-05T08:47:08+08:00
奉贤	归(歸)	白	ciu1(ʄy⁵³)	true	ciu1	暂无	自旧档汇入	2023-07-05T08:47:08+08:00
奉贤	鬼(鬼)	文	kue3(kue⁴⁴)	true	kue3	暂无	自旧档汇入	2023-07-05T08:47:08+08:00
奉贤	鬼(鬼)	白	ciu3(ʄy⁴⁴)	true	ciu3	暂无	自旧档汇入	2023-07-05T08:47:08+08:00
奉贤	贵(貴)	文	kue5(kue³³⁵)	true	kue5	暂无	自旧档汇入	2023-07-05T08:47:08+08:00
奉贤	贵(貴)	白	ciu5(ʄy³³⁵)	true	ciu5	暂无	自旧档汇入	2023-07-05T08:47:08+08:00
奉贤	魏(魏)	[空]	ngue6(ŋue¹¹³)	true	ngue6	暂无	自旧档汇入	2023-07-05T08:47:08+08:00
奉贤	挥(揮)	[空]	fe5(ɸe³³⁵)	true	fe5	暂无	自旧档汇入	2023-07-05T08:47:08+08:00
奉贤	辉(輝)	[空]	fe1(ɸe⁵³)	true	fe1	暂无	自旧档汇入	2023-07-05T08:47:08+08:00
奉贤	辉(輝)	又	fi1(ɸi⁵³)	true	fi1	暂无	自旧档汇入	2023-07-05T08:47:08+08:00
奉贤	徽(徽)	[空]	fe1(ɸe⁵³)	true	fe1	暂无	自旧档汇入	2023-07-05T08:47:08+08:00
奉贤	徽(徽)	又	fi1(ɸi⁵³)	true	fi1	暂无	自旧档汇入	2023-07-05T08:47:08+08:00
奉贤	威(威)	[空]	ue1(∅ue⁵³)	true	ue1	暂无	自旧档汇入	2023-07-05T08:47:08+08:00
奉贤	畏(畏)	[空]	ue5(∅ue³³⁵)	true	ue5	暂无	自旧档汇入	2023-07-05T08:47:08+08:00
奉贤	慰(慰)	[空]	ve6(βe¹¹³)	true	ve6	暂无	自旧档汇入	2023-07-05T08:47:08+08:00
奉贤	违(違)	[空]	ve2(βe³¹)	true	ve2	暂无	自旧档汇入	2023-07-05T08:47:08+08:00
奉贤	围(圍)	文	ve2(βe³¹)	true	ve2	暂无	自旧档汇入	2023-07-05T08:47:08+08:00
奉贤	围(圍)	白	yu2(ɦy³¹)	true	yu2	暂无	自旧档汇入	2023-07-05T08:47:08+08:00
奉贤	伟(偉)	【校】原ve2	ve6(βe¹¹³)	true	ve6	暂无	自旧档汇入	2023-07-05T08:47:08+08:00
奉贤	伟(偉)	又	vi6(βi¹¹³)	true	vi6	暂无	自旧档汇入	2023-07-05T08:47:08+08:00
奉贤	苇(葦)	[空]	ve2(βe³¹)	true	ve2	暂无	自旧档汇入	2023-07-05T08:47:08+08:00
奉贤	纬(緯)	[空]	ve6(βe¹¹³)	true	ve6	暂无	自旧档汇入	2023-07-05T08:47:08+08:00
奉贤	胃(胃)	[空]	ve6(βe¹¹³)	true	ve6	暂无	自旧档汇入	2023-07-05T08:47:08+08:00
奉贤	谓(謂)	[空]	ve6(βe¹¹³)	true	ve6	暂无	自旧档汇入	2023-07-05T08:47:08+08:00
奉贤	汇(匯)	[空]	ve6(βe¹¹³)	true	ve6	暂无	自旧档汇入	2023-07-05T08:47:08+08:00
奉贤	褒(褒)	[空]	peu1(ɓɯ⁵³)	true	peu1	暂无	自旧档汇入	2023-07-05T08:47:08+08:00
奉贤	褒(褒)	新读	pau3(ɓɔ⁴⁴)	true	pau3	暂无	自旧档汇入	2023-07-05T08:47:08+08:00
奉贤	宝(寶)	[空]	pau3(ɓɔ⁴⁴)	true	pau3	暂无	自旧档汇入	2023-07-05T08:47:08+08:00
奉贤	保(保)	[空]	pau3(ɓɔ⁴⁴)	true	pau3	暂无	自旧档汇入	2023-07-05T08:47:08+08:00
奉贤	堡(堡)	[空]	pau3(ɓɔ⁴⁴)	true	pau3	暂无	自旧档汇入	2023-07-05T08:47:08+08:00
奉贤	报(報)	[空]	pau5(ɓɔ³³⁵)	true	pau5	暂无	自旧档汇入	2023-07-05T08:47:08+08:00
奉贤	袍(袍)	[空]	bau2(bɔ³¹)	true	bau2	暂无	自旧档汇入	2023-07-05T08:47:08+08:00
奉贤	抱(抱)	[空]	bau6(bɔ¹¹³)	true	bau6	暂无	自旧档汇入	2023-07-05T08:47:08+08:00
奉贤	暴(暴)	[空]	bau6(bɔ¹¹³)	true	bau6	暂无	自旧档汇入	2023-07-05T08:47:08+08:00
奉贤	毛(毛)	[空]	mau2(mɔ³¹)	true	mau2	暂无	自旧档汇入	2023-07-05T08:47:08+08:00
奉贤	冒(冒)	[空]	mau6(mɔ¹¹³)	true	mau6	暂无	自旧档汇入	2023-07-05T08:47:08+08:00
奉贤	帽(帽)	[空]	mau6(mɔ¹¹³)	true	mau6	暂无	自旧档汇入	2023-07-05T08:47:08+08:00
奉贤	刀(刀)	[空]	tau1(ɗɔ⁵³)	true	tau1	暂无	自旧档汇入	2023-07-05T08:47:08+08:00
奉贤	岛(島)	【校】原tau5	tau3(ɗɔ⁴⁴)	true	tau3	暂无	自旧档汇入	2023-07-05T08:47:08+08:00
奉贤	倒(倒)	[空]	tau3(ɗɔ⁴⁴)	true	tau3	暂无	自旧档汇入	2023-07-05T08:47:08+08:00
奉贤	倒(倒)	[空]	tau5(ɗɔ³³⁵)	true	tau5	暂无	自旧档汇入	2023-07-05T08:47:08+08:00
奉贤	到(到)	[空]	tau5(ɗɔ³³⁵)	true	tau5	暂无	自旧档汇入	2023-07-05T08:47:08+08:00
奉贤	滔(滔)	[空]	thau1(tʰɔ⁵³)	true	thau1	暂无	自旧档汇入	2023-07-05T08:47:08+08:00
奉贤	掏(掏)	[空]	dau2(dɔ³¹)	true	dau2	暂无	自旧档汇入	2023-07-05T08:47:08+08:00
奉贤	掏(掏)	[空]	thau1(tʰɔ⁵³)	true	thau1	暂无	自旧档汇入	2023-07-05T08:47:08+08:00
奉贤	讨(討)	[空]	thau3(tʰɔ⁴⁴)	true	thau3	暂无	自旧档汇入	2023-07-05T08:47:08+08:00
奉贤	套(套)	[空]	thau5(tʰɔ³³⁵)	true	thau5	暂无	自旧档汇入	2023-07-05T08:47:08+08:00
奉贤	桃(桃)	[空]	dau2(dɔ³¹)	true	dau2	暂无	自旧档汇入	2023-07-05T08:47:08+08:00
奉贤	逃(逃)	[空]	dau2(dɔ³¹)	true	dau2	暂无	自旧档汇入	2023-07-05T08:47:08+08:00
奉贤	陶(陶)	[空]	dau2(dɔ³¹)	true	dau2	暂无	自旧档汇入	2023-07-05T08:47:08+08:00
奉贤	道(道)	[空]	dau6(dɔ¹¹³)	true	dau6	暂无	自旧档汇入	2023-07-05T08:47:08+08:00
奉贤	道(道)	[空]	dau4(dɔ²²)	true	dau4	暂无	自旧档汇入	2023-07-05T08:47:08+08:00
奉贤	稻(稻)	[空]	dau6(dɔ¹¹³)	true	dau6	暂无	自旧档汇入	2023-07-05T08:47:08+08:00
奉贤	导(導)	[空]	dau6(dɔ¹¹³)	true	dau6	暂无	自旧档汇入	2023-07-05T08:47:08+08:00
奉贤	盗(盜)	[空]	dau6(dɔ¹¹³)	true	dau6	暂无	自旧档汇入	2023-07-05T08:47:08+08:00
奉贤	脑(腦)	[空]	nau6(nɔ¹¹³)	true	nau6	暂无	自旧档汇入	2023-07-05T08:47:08+08:00
奉贤	恼(惱)	[空]	nau6(nɔ¹¹³)	true	nau6	暂无	自旧档汇入	2023-07-05T08:47:08+08:00
奉贤	捞(撈)	[空]	lau1(lɔ⁵³)	true	lau1	暂无	自旧档汇入	2023-07-05T08:47:08+08:00
奉贤	劳(勞)	[空]	lau2(lɔ³¹)	true	lau2	暂无	自旧档汇入	2023-07-05T08:47:08+08:00
奉贤	牢(牢)	[空]	lau2(lɔ³¹)	true	lau2	暂无	自旧档汇入	2023-07-05T08:47:08+08:00
奉贤	老(老)	【校】原lau6	lau3(lɔ⁴⁴)	true	lau3	暂无	自旧档汇入	2023-07-05T08:47:08+08:00
奉贤	涝(澇)	[空]	lau6(lɔ¹¹³)	true	lau6	暂无	自旧档汇入	2023-07-05T08:47:08+08:00
奉贤	遭(遭)	[空]	tsau1(tsɔ⁵³)	true	tsau1	暂无	自旧档汇入	2023-07-05T08:47:08+08:00
奉贤	糟(糟)	[空]	tsau1(tsɔ⁵³)	true	tsau1	暂无	自旧档汇入	2023-07-05T08:47:08+08:00
奉贤	早(早)	[空]	tsau3(tsɔ⁴⁴)	true	tsau3	暂无	自旧档汇入	2023-07-05T08:47:08+08:00
奉贤	枣(棗)	[空]	tsau3(tsɔ⁴⁴)	true	tsau3	暂无	自旧档汇入	2023-07-05T08:47:08+08:00
奉贤	灶(灶)	[空]	tsau5(tsɔ³³⁵)	true	tsau5	暂无	自旧档汇入	2023-07-05T08:47:08+08:00
奉贤	操(操)	[空]	tshau1(tsʰɔ⁵³)	true	tshau1	暂无	自旧档汇入	2023-07-05T08:47:08+08:00
奉贤	草(草)	[空]	tshau3(tsʰɔ⁴⁴)	true	tshau3	暂无	自旧档汇入	2023-07-05T08:47:08+08:00
奉贤	糙(糙)	[空]	tshau5(tsʰɔ³³⁵)	true	tshau5	暂无	自旧档汇入	2023-07-05T08:47:08+08:00
奉贤	曹(曹)	[空]	zau2(zɔ³¹)	true	zau2	暂无	自旧档汇入	2023-07-05T08:47:08+08:00
奉贤	曹(曹)	又	zau4(zɔ²²)	true	zau4	暂无	自旧档汇入	2023-07-05T08:47:08+08:00
奉贤	槽(槽)	[空]	zau2(zɔ³¹)	true	zau2	暂无	自旧档汇入	2023-07-05T08:47:08+08:00
奉贤	皂(皂)	[空]	zau6(zɔ¹¹³)	true	zau6	暂无	自旧档汇入	2023-07-05T08:47:08+08:00
奉贤	皂(皂)	[空]	zau4(zɔ²²)	true	zau4	暂无	自旧档汇入	2023-07-05T08:47:08+08:00
奉贤	造(造)	【校】原zau6	zau4(zɔ²²)	true	zau4	暂无	自旧档汇入	2023-07-05T08:47:08+08:00
奉贤	騒(騒)	[空]	sau1(sɔ⁵³)	true	sau1	暂无	自旧档汇入	2023-07-05T08:47:08+08:00
奉贤	扫(掃)	【校】原sau5	sau3(sɔ⁴⁴)	true	sau3	暂无	自旧档汇入	2023-07-05T08:47:08+08:00
奉贤	嫂(嫂)	[空]	sau3(sɔ⁴⁴)	true	sau3	暂无	自旧档汇入	2023-07-05T08:47:08+08:00
奉贤	高(高)	[空]	kau1(kɔ⁵³)	true	kau1	暂无	自旧档汇入	2023-07-05T08:47:08+08:00
奉贤	膏(膏)	[空]	kau1(kɔ⁵³)	true	kau1	暂无	自旧档汇入	2023-07-05T08:47:08+08:00
奉贤	糕(糕)	[空]	kau1(kɔ⁵³)	true	kau1	暂无	自旧档汇入	2023-07-05T08:47:08+08:00
奉贤	羔(羔)	[空]	kau1(kɔ⁵³)	true	kau1	暂无	自旧档汇入	2023-07-05T08:47:08+08:00
奉贤	稿(稿)	[空]	kau3(kɔ⁴⁴)	true	kau3	暂无	自旧档汇入	2023-07-05T08:47:08+08:00
奉贤	告(告)	[空]	kau5(kɔ³³⁵)	true	kau5	暂无	自旧档汇入	2023-07-05T08:47:08+08:00
奉贤	考(考)	[空]	khau3(kʰɔ⁴⁴)	true	khau3	暂无	自旧档汇入	2023-07-05T08:47:08+08:00
奉贤	烤(烤)	[空]	khau3(kʰɔ⁴⁴)	true	khau3	暂无	自旧档汇入	2023-07-05T08:47:08+08:00
奉贤	靠(靠)	[空]	khau5(kʰɔ³³⁵)	true	khau5	暂无	自旧档汇入	2023-07-05T08:47:08+08:00
奉贤	熬(熬)	[空]	ngau2(ŋɔ³¹)	true	ngau2	暂无	自旧档汇入	2023-07-05T08:47:08+08:00
奉贤	傲(傲)	【校】原ngau2	ngau6(ŋɔ¹¹³)	true	ngau6	暂无	自旧档汇入	2023-07-05T08:47:08+08:00
奉贤	好(好)	[空]	hau3(hɔ⁴⁴)	true	hau3	暂无	自旧档汇入	2023-07-05T08:47:08+08:00
奉贤	豪(豪)	[空]	ghau2(ɦɔ³¹)	true	ghau2	暂无	自旧档汇入	2023-07-05T08:47:08+08:00
奉贤	毫(毫)	[空]	ghau2(ɦɔ³¹)	true	ghau2	暂无	自旧档汇入	2023-07-05T08:47:08+08:00
奉贤	号(號)	[空]	ghau6(ɦɔ¹¹³)	true	ghau6	暂无	自旧档汇入	2023-07-05T08:47:08+08:00
奉贤	袄(襖)	[空]	au3(∅ɔ⁴⁴)	true	au3	暂无	自旧档汇入	2023-07-05T08:47:08+08:00
奉贤	懊(懊)	[空]	au3(∅ɔ⁴⁴)	true	au3	暂无	自旧档汇入	2023-07-05T08:47:08+08:00
奉贤	奥(奧)	[空]	au5(∅ɔ³³⁵)	true	au5	暂无	自旧档汇入	2023-07-05T08:47:08+08:00
奉贤	包(包)	[空]	pau1(ɓɔ⁵³)	true	pau1	暂无	自旧档汇入	2023-07-05T08:47:08+08:00
奉贤	胞(胞)	[空]	pau1(ɓɔ⁵³)	true	pau1	暂无	自旧档汇入	2023-07-05T08:47:08+08:00
奉贤	饱(飽)	[空]	pau3(ɓɔ⁴⁴)	true	pau3	暂无	自旧档汇入	2023-07-05T08:47:08+08:00
奉贤	豹(豹)	[空]	pau5(ɓɔ³³⁵)	true	pau5	暂无	自旧档汇入	2023-07-05T08:47:08+08:00
奉贤	爆(爆)	[空]	pau5(ɓɔ³³⁵)	true	pau5	暂无	自旧档汇入	2023-07-05T08:47:08+08:00
奉贤	爆(爆)	[空]	bau6(bɔ¹¹³)	true	bau6	暂无	自旧档汇入	2023-07-05T08:47:08+08:00
奉贤	抛(拋)	[空]	phau1(pʰɔ⁵³)	true	phau1	暂无	自旧档汇入	2023-07-05T08:47:08+08:00
奉贤	泡(泡)	[空]	phau5(pʰɔ³³⁵)	true	phau5	暂无	自旧档汇入	2023-07-05T08:47:08+08:00
奉贤	炮(炮)	[空]	phau5(pʰɔ³³⁵)	true	phau5	暂无	自旧档汇入	2023-07-05T08:47:08+08:00
奉贤	跑(跑)	[空]	bau2(bɔ³¹)	true	bau2	暂无	自旧档汇入	2023-07-05T08:47:08+08:00
奉贤	跑(跑)	又。走	pau5(ɓɔ³³⁵)	true	pau5	暂无	自旧档汇入	2023-07-05T08:47:08+08:00
奉贤	鲍(鮑)	[空]	bau6(bɔ¹¹³)	true	bau6	暂无	自旧档汇入	2023-07-05T08:47:08+08:00
奉贤	刨(刨)	[空]	bau6(bɔ¹¹³)	true	bau6	暂无	自旧档汇入	2023-07-05T08:47:08+08:00
奉贤	猫(貓)	[空]	mau2(mɔ³¹)	true	mau2	暂无	自旧档汇入	2023-07-05T08:47:08+08:00
奉贤	猫(貓)	【校】原mau3	mau1(mɔ⁵³)	true	mau1	暂无	自旧档汇入	2023-07-05T08:47:08+08:00
奉贤	茅(茅)	[空]	mau2(mɔ³¹)	true	mau2	暂无	自旧档汇入	2023-07-05T08:47:08+08:00
奉贤	锚(錨)	[空]	mau2(mɔ³¹)	true	mau2	暂无	自旧档汇入	2023-07-05T08:47:08+08:00
奉贤	卯(卯)	[空]	mau6(mɔ¹¹³)	true	mau6	暂无	自旧档汇入	2023-07-05T08:47:08+08:00
奉贤	貌(貌)	[空]	mau6(mɔ¹¹³)	true	mau6	暂无	自旧档汇入	2023-07-05T08:47:08+08:00
奉贤	挠(撓)	[空]	gniau6(ɲiɔ¹¹³)	true	gniau6	暂无	自旧档汇入	2023-07-05T08:47:08+08:00
奉贤	闹(鬧)	[空]	nau6(nɔ¹¹³)	true	nau6	暂无	自旧档汇入	2023-07-05T08:47:08+08:00
奉贤	罩(罩)	[空]	tsau5(tsɔ³³⁵)	true	tsau5	暂无	自旧档汇入	2023-07-05T08:47:08+08:00
奉贤	抓(抓)	[空]	tsa1(tsɑ⁵³)	true	tsa1	暂无	自旧档汇入	2023-07-05T08:47:08+08:00
奉贤	爪(爪)	[空]	tsau3(tsɔ⁴⁴)	true	tsau3	暂无	自旧档汇入	2023-07-05T08:47:08+08:00
奉贤	找(找)	[空]	tsau3(tsɔ⁴⁴)	true	tsau3	暂无	自旧档汇入	2023-07-05T08:47:08+08:00
奉贤	抄(抄)	[空]	tshau1(tsʰɔ⁵³)	true	tshau1	暂无	自旧档汇入	2023-07-05T08:47:08+08:00
奉贤	炒(炒)	[空]	tshau3(tsʰɔ⁴⁴)	true	tshau3	暂无	自旧档汇入	2023-07-05T08:47:08+08:00
奉贤	吵(吵)	[空]	tshau3(tsʰɔ⁴⁴)	true	tshau3	暂无	自旧档汇入	2023-07-05T08:47:08+08:00
奉贤	巢(巢)	[空]	ziau2(ziɔ³¹)	true	ziau2	暂无	自旧档汇入	2023-07-05T08:47:08+08:00
奉贤	梢(梢)	[空]	siau1(siɔ⁵³)	true	siau1	暂无	自旧档汇入	2023-07-05T08:47:08+08:00
奉贤	捎(捎)	[空]	siau1(siɔ⁵³)	true	siau1	暂无	自旧档汇入	2023-07-05T08:47:08+08:00
奉贤	稍(稍)	[空]	sau1(sɔ⁵³)	true	sau1	暂无	自旧档汇入	2023-07-05T08:47:08+08:00
奉贤	交(交)	白	kau1(kɔ⁵³)	true	kau1	暂无	自旧档汇入	2023-07-05T08:47:08+08:00
奉贤	交(交)	文	ciau1(ʄiɔ⁵³)	true	ciau1	暂无	自旧档汇入	2023-07-05T08:47:08+08:00
奉贤	郊(郊)	[空]	ciau1(ʄiɔ⁵³)	true	ciau1	暂无	自旧档汇入	2023-07-05T08:47:08+08:00
奉贤	胶(膠)	白	kau1(kɔ⁵³)	true	kau1	暂无	自旧档汇入	2023-07-05T08:47:08+08:00
奉贤	胶(膠)	文	ciau1(ʄiɔ⁵³)	true	ciau1	暂无	自旧档汇入	2023-07-05T08:47:08+08:00
奉贤	教(教)	白	kau5(kɔ³³⁵)	true	kau5	暂无	自旧档汇入	2023-07-05T08:47:08+08:00
奉贤	教(教)	文	ciau5(ʄiɔ³³⁵)	true	ciau5	暂无	自旧档汇入	2023-07-05T08:47:08+08:00
奉贤	绞(絞)	白	kau3(kɔ⁴⁴)	true	kau3	暂无	自旧档汇入	2023-07-05T08:47:08+08:00
奉贤	绞(絞)	文	ciau3(ʄiɔ⁴⁴)	true	ciau3	暂无	自旧档汇入	2023-07-05T08:47:08+08:00
奉贤	狡(狡)	[空]	ciau3(ʄiɔ⁴⁴)	true	ciau3	暂无	自旧档汇入	2023-07-05T08:47:08+08:00
奉贤	搅(攪)	【校】原kau5	kau3(kɔ⁴⁴)	true	kau3	暂无	自旧档汇入	2023-07-05T08:47:08+08:00
奉贤	搞(搞)	[空]	gau6(gɔ¹¹³)	true	gau6	暂无	自旧档汇入	2023-07-05T08:47:08+08:00
奉贤	搞(搞)	[空]	kau3(kɔ⁴⁴)	true	kau3	暂无	自旧档汇入	2023-07-05T08:47:08+08:00
奉贤	酵(酵)	白	kau5(kɔ³³⁵)	true	kau5	暂无	自旧档汇入	2023-07-05T08:47:08+08:00
奉贤	酵(酵)	文	shiau5(çiɔ³³⁵)	true	shiau5	暂无	自旧档汇入	2023-07-05T08:47:08+08:00
奉贤	校(校)	~對	ciau5(ʄiɔ³³⁵)	true	ciau5	暂无	自旧档汇入	2023-07-05T08:47:08+08:00
奉贤	较(較)	[空]	ciau5(ʄiɔ³³⁵)	true	ciau5	暂无	自旧档汇入	2023-07-05T08:47:08+08:00
奉贤	敲(敲)	[空]	khau1(kʰɔ⁵³)	true	khau1	暂无	自旧档汇入	2023-07-05T08:47:08+08:00
奉贤	巧(巧)	[空]	chiau3(cʰiɔ⁴⁴)	true	chiau3	暂无	自旧档汇入	2023-07-05T08:47:08+08:00
奉贤	咬(咬)	[空]	ngau6(ŋɔ¹¹³)	true	ngau6	暂无	自旧档汇入	2023-07-05T08:47:08+08:00
奉贤	孝(孝)	[空]	shiau5(çiɔ³³⁵)	true	shiau5	暂无	自旧档汇入	2023-07-05T08:47:08+08:00
奉贤	孝(孝)	白	hau5(hɔ³³⁵)	true	hau5	暂无	自旧档汇入	2023-07-05T08:47:08+08:00
奉贤	淆(淆)	[空]	yau2(ɦiɔ³¹)	true	yau2	暂无	自旧档汇入	2023-07-05T08:47:08+08:00
奉贤	效(效)	[空]	yau6(ɦiɔ¹¹³)	true	yau6	暂无	自旧档汇入	2023-07-05T08:47:08+08:00
奉贤	校(校)	學~	yau6(ɦiɔ¹¹³)	true	yau6	暂无	自旧档汇入	2023-07-05T08:47:08+08:00
奉贤	标(標)	[空]	piau1(ɓiɔ⁵³)	true	piau1	暂无	自旧档汇入	2023-07-05T08:47:08+08:00
奉贤	表(表)	[空]	piau3(ɓiɔ⁴⁴)	true	piau3	暂无	自旧档汇入	2023-07-05T08:47:08+08:00
奉贤	飘(飄)	[空]	phiau1(pʰiɔ⁵³)	true	phiau1	暂无	自旧档汇入	2023-07-05T08:47:08+08:00
奉贤	漂(漂)	[空]	phiau3(pʰiɔ⁴⁴)	true	phiau3	暂无	自旧档汇入	2023-07-05T08:47:08+08:00
奉贤	票(票)	[空]	phiau5(pʰiɔ³³⁵)	true	phiau5	暂无	自旧档汇入	2023-07-05T08:47:08+08:00
奉贤	漂(漂)	~亮	phiau5(pʰiɔ³³⁵)	true	phiau5	暂无	自旧档汇入	2023-07-05T08:47:08+08:00
奉贤	嫖(嫖)	[空]	biau2(biɔ³¹)	true	biau2	暂无	自旧档汇入	2023-07-05T08:47:08+08:00
奉贤	苗(苗)	[空]	miau2(miɔ³¹)	true	miau2	暂无	自旧档汇入	2023-07-05T08:47:08+08:00
奉贤	描(描)	[空]	miau2(miɔ³¹)	true	miau2	暂无	自旧档汇入	2023-07-05T08:47:08+08:00
奉贤	秒(秒)	【校】原miau4	miau3(miɔ²²)	true	miau3	暂无	自旧档汇入	2023-07-05T08:47:08+08:00
奉贤	渺(渺)	【校】原miau4	miau3(miɔ²²)	true	miau3	暂无	自旧档汇入	2023-07-05T08:47:08+08:00
奉贤	庙(廟)	[空]	miau6(miɔ¹¹³)	true	miau6	暂无	自旧档汇入	2023-07-05T08:47:08+08:00
奉贤	妙(妙)	[空]	miau3(miɔ⁴⁴)	true	miau3	暂无	自旧档汇入	2023-07-05T08:47:08+08:00
奉贤	妙(妙)	[空]	miau6(miɔ¹¹³)	true	miau6	暂无	自旧档汇入	2023-07-05T08:47:08+08:00
奉贤	燎(燎)	[空]	liau2(liɔ³¹)	true	liau2	暂无	自旧档汇入	2023-07-05T08:47:08+08:00
奉贤	疗(療)	[空]	liau6(liɔ¹¹³)	true	liau6	暂无	自旧档汇入	2023-07-05T08:47:08+08:00
奉贤	疗(療)	[空]	liau2(liɔ³¹)	true	liau2	暂无	自旧档汇入	2023-07-05T08:47:08+08:00
奉贤	焦(焦)	[空]	tsiau1(tsiɔ⁵³)	true	tsiau1	暂无	自旧档汇入	2023-07-05T08:47:08+08:00
奉贤	蕉(蕉)	[空]	tsiau1(tsiɔ⁵³)	true	tsiau1	暂无	自旧档汇入	2023-07-05T08:47:08+08:00
奉贤	椒(椒)	[空]	tsiau1(tsiɔ⁵³)	true	tsiau1	暂无	自旧档汇入	2023-07-05T08:47:08+08:00
奉贤	锹(鍬)	[空]	tshiau1(tsʰiɔ⁵³)	true	tshiau1	暂无	自旧档汇入	2023-07-05T08:47:08+08:00
奉贤	缲(繰)	[空]	tshiau1(tsʰiɔ⁵³)	true	tshiau1	暂无	自旧档汇入	2023-07-05T08:47:08+08:00
奉贤	消(消)	[空]	siau1(siɔ⁵³)	true	siau1	暂无	自旧档汇入	2023-07-05T08:47:08+08:00
奉贤	宵(宵)	[空]	siau1(siɔ⁵³)	true	siau1	暂无	自旧档汇入	2023-07-05T08:47:08+08:00
奉贤	霄(霄)	[空]	siau1(siɔ⁵³)	true	siau1	暂无	自旧档汇入	2023-07-05T08:47:08+08:00
奉贤	销(銷)	[空]	siau1(siɔ⁵³)	true	siau1	暂无	自旧档汇入	2023-07-05T08:47:08+08:00
奉贤	小(小)	[空]	siau3(siɔ⁴⁴)	true	siau3	暂无	自旧档汇入	2023-07-05T08:47:08+08:00
奉贤	笑(笑)	[空]	siau5(siɔ³³⁵)	true	siau5	暂无	自旧档汇入	2023-07-05T08:47:08+08:00
奉贤	朝(朝)	[空]	tsau1(tsɔ⁵³)	true	tsau1	暂无	自旧档汇入	2023-07-05T08:47:08+08:00
奉贤	超(超)	[空]	tshau1(tsʰɔ⁵³)	true	tshau1	暂无	自旧档汇入	2023-07-05T08:47:08+08:00
奉贤	朝(朝)	[空]	zau2(zɔ³¹)	true	zau2	暂无	自旧档汇入	2023-07-05T08:47:08+08:00
奉贤	潮(潮)	[空]	zau2(zɔ³¹)	true	zau2	暂无	自旧档汇入	2023-07-05T08:47:08+08:00
奉贤	赵(趙)	[空]	zau6(zɔ¹¹³)	true	zau6	暂无	自旧档汇入	2023-07-05T08:47:08+08:00
奉贤	兆(兆)	[空]	zau4(zɔ²²)	true	zau4	暂无	自旧档汇入	2023-07-05T08:47:08+08:00
奉贤	兆(兆)	[空]	zau4(zɔ²²)	true	zau4	暂无	自旧档汇入	2023-07-05T08:47:08+08:00
奉贤	昭(昭)	[空]	tsau1(tsɔ⁵³)	true	tsau1	暂无	自旧档汇入	2023-07-05T08:47:08+08:00
奉贤	照(照)	[空]	tsau5(tsɔ³³⁵)	true	tsau5	暂无	自旧档汇入	2023-07-05T08:47:08+08:00
奉贤	少(少)	[空]	sau3(sɔ⁴⁴)	true	sau3	暂无	自旧档汇入	2023-07-05T08:47:08+08:00
奉贤	少(少)	~年	sau5(sɔ³³⁵)	true	sau5	暂无	自旧档汇入	2023-07-05T08:47:08+08:00
奉贤	绍(紹)	[空]	zau6(zɔ¹¹³)	true	zau6	暂无	自旧档汇入	2023-07-05T08:47:08+08:00
奉贤	绕(繞)	[空]	gniau4(ɲiɔ²²)	true	gniau4	暂无	自旧档汇入	2023-07-05T08:47:08+08:00
奉贤	乔(喬)	[空]	jiau2(ɟiɔ³¹)	true	jiau2	暂无	自旧档汇入	2023-07-05T08:47:08+08:00
奉贤	桥(橋)	[空]	jiau2(ɟiɔ³¹)	true	jiau2	暂无	自旧档汇入	2023-07-05T08:47:08+08:00
奉贤	侨(僑)	[空]	jiau2(ɟiɔ³¹)	true	jiau2	暂无	自旧档汇入	2023-07-05T08:47:08+08:00
奉贤	轿(轎)	[空]	jiau6(ɟiɔ¹¹³)	true	jiau6	暂无	自旧档汇入	2023-07-05T08:47:08+08:00
奉贤	妖(妖)	[空]	iau1(∅iɔ⁵³)	true	iau1	暂无	自旧档汇入	2023-07-05T08:47:08+08:00
奉贤	邀(邀)	[空]	iau1(∅iɔ⁵³)	true	iau1	暂无	自旧档汇入	2023-07-05T08:47:08+08:00
奉贤	腰(腰)	[空]	iau1(∅iɔ⁵³)	true	iau1	暂无	自旧档汇入	2023-07-05T08:47:08+08:00
奉贤	要(要)	~求	iau1(∅iɔ⁵³)	true	iau1	暂无	自旧档汇入	2023-07-05T08:47:08+08:00
奉贤	要(要)	[空]	iau5(∅iɔ³³⁵)	true	iau5	暂无	自旧档汇入	2023-07-05T08:47:08+08:00
奉贤	揺(揺)	[空]	yau2(ɦiɔ³¹)	true	yau2	暂无	自旧档汇入	2023-07-05T08:47:08+08:00
奉贤	谣(謠)	[空]	yau2(ɦiɔ³¹)	true	yau2	暂无	自旧档汇入	2023-07-05T08:47:08+08:00
奉贤	窑(窯)	[空]	yau2(ɦiɔ³¹)	true	yau2	暂无	自旧档汇入	2023-07-05T08:47:08+08:00
奉贤	姚(姚)	[空]	yau2(ɦiɔ³¹)	true	yau2	暂无	自旧档汇入	2023-07-05T08:47:08+08:00
奉贤	舀(舀)	[空]	yau6(ɦiɔ¹¹³)	true	yau6	暂无	自旧档汇入	2023-07-05T08:47:08+08:00
奉贤	耀(耀)	[空]	yau6(ɦiɔ¹¹³)	true	yau6	暂无	自旧档汇入	2023-07-05T08:47:08+08:00
奉贤	鹞(鷂)	[空]	yau6(ɦiɔ¹¹³)	true	yau6	暂无	自旧档汇入	2023-07-05T08:47:08+08:00
奉贤	刁(刁)	[空]	tiau1(ɗiɔ⁵³)	true	tiau1	暂无	自旧档汇入	2023-07-05T08:47:08+08:00
奉贤	貂(貂)	[空]	tiau1(ɗiɔ⁵³)	true	tiau1	暂无	自旧档汇入	2023-07-05T08:47:08+08:00
奉贤	雕(雕)	[空]	tiau1(ɗiɔ⁵³)	true	tiau1	暂无	自旧档汇入	2023-07-05T08:47:08+08:00
奉贤	鸟(鳥)	[空]	tiau3(ɗiɔ⁴⁴)	true	tiau3	暂无	自旧档汇入	2023-07-05T08:47:08+08:00
奉贤	钓(釣)	[空]	tiau5(ɗiɔ³³⁵)	true	tiau5	暂无	自旧档汇入	2023-07-05T08:47:08+08:00
奉贤	吊(吊)	[空]	tiau5(ɗiɔ³³⁵)	true	tiau5	暂无	自旧档汇入	2023-07-05T08:47:08+08:00
奉贤	挑(挑)	[空]	thiau1(tʰiɔ⁵³)	true	thiau1	暂无	自旧档汇入	2023-07-05T08:47:08+08:00
奉贤	挑(挑)	又。~绑绑	chiau1(cʰiɔ⁵³)	true	chiau1	暂无	自旧档汇入	2023-07-05T08:47:08+08:00
奉贤	跳(跳)	[空]	thiau5(tʰiɔ³³⁵)	true	thiau5	暂无	自旧档汇入	2023-07-05T08:47:08+08:00
奉贤	条(條)	[空]	diau2(diɔ³¹)	true	diau2	暂无	自旧档汇入	2023-07-05T08:47:08+08:00
奉贤	调(調)	[空]	diau2(diɔ³¹)	true	diau2	暂无	自旧档汇入	2023-07-05T08:47:08+08:00
奉贤	掉(掉)	[空]	diau6(diɔ¹¹³)	true	diau6	暂无	自旧档汇入	2023-07-05T08:47:08+08:00
奉贤	尿(尿)	文	gniau3(ɲiɔ⁴⁴)	true	gniau3	暂无	自旧档汇入	2023-07-05T08:47:08+08:00
奉贤	尿(尿)	白	sy1(sy⁵³)	true	sy1	暂无	自旧档汇入	2023-07-05T08:47:08+08:00
奉贤	辽(遼)	[空]	liau2(liɔ³¹)	true	liau2	暂无	自旧档汇入	2023-07-05T08:47:08+08:00
奉贤	聊(聊)	[空]	liau2(liɔ³¹)	true	liau2	暂无	自旧档汇入	2023-07-05T08:47:08+08:00
奉贤	撩(撩)	[空]	liau2(liɔ³¹)	true	liau2	暂无	自旧档汇入	2023-07-05T08:47:08+08:00
奉贤	寥(寥)	[空]	liau2(liɔ³¹)	true	liau2	暂无	自旧档汇入	2023-07-05T08:47:08+08:00
奉贤	了(了)	[空]	liau4(liɔ²²)	true	liau4	暂无	自旧档汇入	2023-07-05T08:47:08+08:00
奉贤	料(料)	[空]	liau6(liɔ¹¹³)	true	liau6	暂无	自旧档汇入	2023-07-05T08:47:08+08:00
奉贤	萧(蕭)	[空]	siau1(siɔ⁵³)	true	siau1	暂无	自旧档汇入	2023-07-05T08:47:08+08:00
奉贤	箫(簫)	[空]	siau1(siɔ⁵³)	true	siau1	暂无	自旧档汇入	2023-07-05T08:47:08+08:00
奉贤	浇(澆)	文	ciau1(ʄiɔ⁵³)	true	ciau1	暂无	自旧档汇入	2023-07-05T08:47:08+08:00
奉贤	浇(澆)	白	kau1(kɔ⁵³)	true	kau1	暂无	自旧档汇入	2023-07-05T08:47:08+08:00
奉贤	缴(繳)	[空]	ciau1(ʄiɔ⁵³)	true	ciau1	暂无	自旧档汇入	2023-07-05T08:47:08+08:00
奉贤	叫(叫)	[空]	ciau5(ʄiɔ³³⁵)	true	ciau5	暂无	自旧档汇入	2023-07-05T08:47:08+08:00
奉贤	晓(曉)	【校】原shiau5	shiau3(çiɔ⁴⁴)	true	shiau3	暂无	自旧档汇入	2023-07-05T08:47:08+08:00
奉贤	晓(曉)	又	hau3(hɔ⁴⁴)	true	hau3	暂无	自旧档汇入	2023-07-05T08:47:08+08:00
奉贤	么(麼)	[空]	iau1(∅iɔ⁵³)	true	iau1	暂无	自旧档汇入	2023-07-05T08:47:08+08:00
奉贤	剖(剖)	[空]	pheu5(pʰɯ³³⁵)	true	pheu5	暂无	自旧档汇入	2023-07-05T08:47:08+08:00
奉贤	某(某)	[空]	meu4(mɯ²²)	true	meu4	暂无	自旧档汇入	2023-07-05T08:47:08+08:00
奉贤	母(母)	[空]	mu4(mu²²)	true	mu4	暂无	自旧档汇入	2023-07-05T08:47:08+08:00
奉贤	亩(畝)	文	meu4(mɯ²²)	true	meu4	暂无	自旧档汇入	2023-07-05T08:47:08+08:00
奉贤	亩(畝)	白	m4(m²²)	true	m4	暂无	自旧档汇入	2023-07-05T08:47:08+08:00
奉贤	拇(拇)	文	mu4(mu²²)	true	mu4	暂无	自旧档汇入	2023-07-05T08:47:08+08:00
奉贤	拇(拇)	白	m5(m³³⁵)	true	m5	暂无	自旧档汇入	2023-07-05T08:47:08+08:00
奉贤	茂(茂)	[空]	meu6(mɯ¹¹³)	true	meu6	暂无	自旧档汇入	2023-07-05T08:47:08+08:00
奉贤	贸(貿)	[空]	meu6(mɯ¹¹³)	true	meu6	暂无	自旧档汇入	2023-07-05T08:47:08+08:00
奉贤	兜(兜)	[空]	teu1(ɗɯ⁵³)	true	teu1	暂无	自旧档汇入	2023-07-05T08:47:08+08:00
奉贤	斗(鬥)	[空]	teu5(ɗɯ³³⁵)	true	teu5	暂无	自旧档汇入	2023-07-05T08:47:08+08:00
奉贤	抖(抖)	[空]	teu3(ɗɯ⁴⁴)	true	teu3	暂无	自旧档汇入	2023-07-05T08:47:08+08:00
奉贤	陡(陡)	[空]	teu3(ɗɯ⁴⁴)	true	teu3	暂无	自旧档汇入	2023-07-05T08:47:08+08:00
奉贤	斗(斗)	[空]	teu3(ɗɯ⁴⁴)	true	teu3	暂无	自旧档汇入	2023-07-05T08:47:08+08:00
奉贤	偷(偷)	[空]	theu1(tʰɯ⁵³)	true	theu1	暂无	自旧档汇入	2023-07-05T08:47:08+08:00
奉贤	透(透)	[空]	theu5(tʰɯ³³⁵)	true	theu5	暂无	自旧档汇入	2023-07-05T08:47:08+08:00
奉贤	头(頭)	[空]	deu2(dɯ³¹)	true	deu2	暂无	自旧档汇入	2023-07-05T08:47:08+08:00
奉贤	投(投)	[空]	deu2(dɯ³¹)	true	deu2	暂无	自旧档汇入	2023-07-05T08:47:08+08:00
奉贤	豆(豆)	[空]	deu6(dɯ¹¹³)	true	deu6	暂无	自旧档汇入	2023-07-05T08:47:08+08:00
奉贤	楼(樓)	[空]	leu2(lɯ³¹)	true	leu2	暂无	自旧档汇入	2023-07-05T08:47:08+08:00
奉贤	搂(摟)	【校】原leu2	leu4(lɯ²²)	true	leu4	暂无	自旧档汇入	2023-07-05T08:47:08+08:00
奉贤	篓(簍)	[空]	leu2(lɯ³¹)	true	leu2	暂无	自旧档汇入	2023-07-05T08:47:08+08:00
奉贤	漏(漏)	[空]	leu6(lɯ¹¹³)	true	leu6	暂无	自旧档汇入	2023-07-05T08:47:08+08:00
奉贤	陋(陋)	[空]	leu6(lɯ¹¹³)	true	leu6	暂无	自旧档汇入	2023-07-05T08:47:08+08:00
奉贤	走(走)	[空]	tseu3(tsɯ⁴⁴)	true	tseu3	暂无	自旧档汇入	2023-07-05T08:47:08+08:00
奉贤	奏(奏)	[空]	tseu5(tsɯ³³⁵)	true	tseu5	暂无	自旧档汇入	2023-07-05T08:47:08+08:00
奉贤	凑(湊)	[空]	tsheu5(tsʰɯ³³⁵)	true	tsheu5	暂无	自旧档汇入	2023-07-05T08:47:08+08:00
奉贤	勾(勾)	[空]	keu1(kɯ⁵³)	true	keu1	暂无	自旧档汇入	2023-07-05T08:47:08+08:00
奉贤	钩(鉤)	[空]	keu1(kɯ⁵³)	true	keu1	暂无	自旧档汇入	2023-07-05T08:47:08+08:00
奉贤	沟(溝)	[空]	keu1(kɯ⁵³)	true	keu1	暂无	自旧档汇入	2023-07-05T08:47:08+08:00
奉贤	狗(狗)	[空]	keu3(kɯ⁴⁴)	true	keu3	暂无	自旧档汇入	2023-07-05T08:47:08+08:00
奉贤	够(夠)	[空]	keu5(kɯ³³⁵)	true	keu5	暂无	自旧档汇入	2023-07-05T08:47:08+08:00
奉贤	购(購)	[空]	keu5(kɯ³³⁵)	true	keu5	暂无	自旧档汇入	2023-07-05T08:47:08+08:00
奉贤	构(構)	[空]	keu5(kɯ³³⁵)	true	keu5	暂无	自旧档汇入	2023-07-05T08:47:08+08:00
奉贤	口(口)	[空]	kheu3(kʰɯ⁴⁴)	true	kheu3	暂无	自旧档汇入	2023-07-05T08:47:08+08:00
奉贤	扣(扣)	[空]	kheu5(kʰɯ³³⁵)	true	kheu5	暂无	自旧档汇入	2023-07-05T08:47:08+08:00
奉贤	藕(藕)	[空]	ngeu4(ŋɯ²²)	true	ngeu4	暂无	自旧档汇入	2023-07-05T08:47:08+08:00
奉贤	偶(偶)	[空]	ngeu4(ŋɯ²²)	true	ngeu4	暂无	自旧档汇入	2023-07-05T08:47:08+08:00
奉贤	吼(吼)	[空]	heu5(hɯ³³⁵)	true	heu5	暂无	自旧档汇入	2023-07-05T08:47:08+08:00
奉贤	吼(吼)	[空]	heu3(hɯ⁴⁴)	true	heu3	暂无	自旧档汇入	2023-07-05T08:47:08+08:00
奉贤	侯(侯)	[空]	gheu2(ɦɯ³¹)	true	gheu2	暂无	自旧档汇入	2023-07-05T08:47:08+08:00
奉贤	喉(喉)	[空]	gheu2(ɦɯ³¹)	true	gheu2	暂无	自旧档汇入	2023-07-05T08:47:08+08:00
奉贤	喉(喉)	[空]	vu2(βu³¹)	true	vu2	暂无	自旧档汇入	2023-07-05T08:47:08+08:00
奉贤	猴(猴)	[空]	gheu2(ɦɯ³¹)	true	gheu2	暂无	自旧档汇入	2023-07-05T08:47:08+08:00
奉贤	厚(厚)	[空]	gheu6(ɦɯ¹¹³)	true	gheu6	暂无	自旧档汇入	2023-07-05T08:47:08+08:00
奉贤	后(後)	[空]	gheu6(ɦɯ¹¹³)	true	gheu6	暂无	自旧档汇入	2023-07-05T08:47:08+08:00
奉贤	候(候)	[空]	gheu2(ɦɯ³¹)	true	gheu2	暂无	自旧档汇入	2023-07-05T08:47:08+08:00
奉贤	欧(歐)	[空]	eu1(∅ɯ⁵³)	true	eu1	暂无	自旧档汇入	2023-07-05T08:47:08+08:00
奉贤	呕(嘔)	[空]	eu3(∅ɯ⁴⁴)	true	eu3	暂无	自旧档汇入	2023-07-05T08:47:08+08:00
奉贤	殴(毆)	[空]	eu3(∅ɯ⁴⁴)	true	eu3	暂无	自旧档汇入	2023-07-05T08:47:08+08:00
奉贤	否(否)	[空]	feu5(ɸɯ³³⁵)	true	feu5	暂无	自旧档汇入	2023-07-05T08:47:08+08:00
奉贤	富(富)	[空]	fu5(ɸu³³⁵)	true	fu5	暂无	自旧档汇入	2023-07-05T08:47:08+08:00
奉贤	副(副)	[空]	fu5(ɸu³³⁵)	true	fu5	暂无	自旧档汇入	2023-07-05T08:47:08+08:00
奉贤	浮(浮)	[空]	veu2(βɯ³¹)	true	veu2	暂无	自旧档汇入	2023-07-05T08:47:08+08:00
奉贤	妇(婦)	[空]	vu4(βu²²)	true	vu4	暂无	自旧档汇入	2023-07-05T08:47:08+08:00
奉贤	负(負)	【校】原vu4	veu4(βɯ²²)	true	veu4	暂无	自旧档汇入	2023-07-05T08:47:08+08:00
奉贤	谋(謀)	[空]	meu2(mɯ³¹)	true	meu2	暂无	自旧档汇入	2023-07-05T08:47:08+08:00
奉贤	矛(矛)	[空]	meu2(mɯ³¹)	true	meu2	暂无	自旧档汇入	2023-07-05T08:47:08+08:00
奉贤	扭(扭)	【校】原gnieu5	gnieu3(ɲiɯ⁴⁴)	true	gnieu3	暂无	自旧档汇入	2023-07-05T08:47:08+08:00
奉贤	流(流)	[空]	lieu2(liɯ³¹)	true	lieu2	暂无	自旧档汇入	2023-07-05T08:47:08+08:00
奉贤	刘(劉)	[空]	lieu2(liɯ³¹)	true	lieu2	暂无	自旧档汇入	2023-07-05T08:47:08+08:00
奉贤	留(留)	[空]	lieu2(liɯ³¹)	true	lieu2	暂无	自旧档汇入	2023-07-05T08:47:08+08:00
奉贤	榴(榴)	[空]	lieu2(liɯ³¹)	true	lieu2	暂无	自旧档汇入	2023-07-05T08:47:08+08:00
奉贤	柳(柳)	【校】原lieu2	lieu4(liɯ²²)	true	lieu4	暂无	自旧档汇入	2023-07-05T08:47:08+08:00
奉贤	溜(溜)	[空]	lieu1(liɯ⁵³)	true	lieu1	暂无	自旧档汇入	2023-07-05T08:47:08+08:00
奉贤	酒(酒)	[空]	tsieu3(tsiɯ⁴⁴)	true	tsieu3	暂无	自旧档汇入	2023-07-05T08:47:08+08:00
奉贤	秋(秋)	[空]	tshieu1(tsʰiɯ⁵³)	true	tshieu1	暂无	自旧档汇入	2023-07-05T08:47:08+08:00
奉贤	就(就)	[空]	zieu6(ziɯ¹¹³)	true	zieu6	暂无	自旧档汇入	2023-07-05T08:47:08+08:00
奉贤	修(修)	[空]	sieu1(siɯ⁵³)	true	sieu1	暂无	自旧档汇入	2023-07-05T08:47:08+08:00
奉贤	羞(羞)	[空]	sieu1(siɯ⁵³)	true	sieu1	暂无	自旧档汇入	2023-07-05T08:47:08+08:00
奉贤	秀(秀)	[空]	sieu5(siɯ³³⁵)	true	sieu5	暂无	自旧档汇入	2023-07-05T08:47:08+08:00
奉贤	绣(繡)	[空]	sieu5(siɯ³³⁵)	true	sieu5	暂无	自旧档汇入	2023-07-05T08:47:08+08:00
奉贤	锈(銹)	[空]	sieu5(siɯ³³⁵)	true	sieu5	暂无	自旧档汇入	2023-07-05T08:47:08+08:00
奉贤	宿(宿)	[空]	sieu5(siɯ³³⁵)	true	sieu5	暂无	自旧档汇入	2023-07-05T08:47:08+08:00
奉贤	囚(囚)	[空]	zieu2(ziɯ³¹)	true	zieu2	暂无	自旧档汇入	2023-07-05T08:47:08+08:00
奉贤	泅(泅)	[空]	zieu2(ziɯ³¹)	true	zieu2	暂无	自旧档汇入	2023-07-05T08:47:08+08:00
奉贤	袖(袖)	[空]	ziu6(zy¹¹³)	true	ziu6	暂无	自旧档汇入	2023-07-05T08:47:08+08:00
奉贤	抽(抽)	[空]	tsheu1(tsʰɯ⁵³)	true	tsheu1	暂无	自旧档汇入	2023-07-05T08:47:08+08:00
奉贤	丑(醜)	[空]	tsheu3(tsʰɯ⁴⁴)	true	tsheu3	暂无	自旧档汇入	2023-07-05T08:47:08+08:00
奉贤	绸(綢)	[空]	zeu2(zɯ³¹)	true	zeu2	暂无	自旧档汇入	2023-07-05T08:47:08+08:00
奉贤	稠(稠)	[空]	zeu2(zɯ³¹)	true	zeu2	暂无	自旧档汇入	2023-07-05T08:47:08+08:00
奉贤	筹(籌)	[空]	zeu2(zɯ³¹)	true	zeu2	暂无	自旧档汇入	2023-07-05T08:47:08+08:00
奉贤	邹(鄒)	[空]	tseu1(tsɯ⁵³)	true	tseu1	暂无	自旧档汇入	2023-07-05T08:47:08+08:00
奉贤	皱(皺)	文	tseu5(tsɯ³³⁵)	true	tseu5	暂无	自旧档汇入	2023-07-05T08:47:08+08:00
奉贤	皱(皺)	白	tsieu5(tsiɯ³³⁵)	true	tsieu5	暂无	自旧档汇入	2023-07-05T08:47:08+08:00
奉贤	愁(愁)	[空]	zeu2(zɯ³¹)	true	zeu2	暂无	自旧档汇入	2023-07-05T08:47:08+08:00
奉贤	搜(搜)	[空]	seu1(sɯ⁵³)	true	seu1	暂无	自旧档汇入	2023-07-05T08:47:08+08:00
奉贤	馊(餿)	[空]	seu1(sɯ⁵³)	true	seu1	暂无	自旧档汇入	2023-07-05T08:47:08+08:00
奉贤	瘦(瘦)	[空]	seu5(sɯ³³⁵)	true	seu5	暂无	自旧档汇入	2023-07-05T08:47:08+08:00
奉贤	周(週)	[空]	tseu1(tsɯ⁵³)	true	tseu1	暂无	自旧档汇入	2023-07-05T08:47:08+08:00
奉贤	舟(舟)	[空]	tseu1(tsɯ⁵³)	true	tseu1	暂无	自旧档汇入	2023-07-05T08:47:08+08:00
奉贤	州(州)	[空]	tseu1(tsɯ⁵³)	true	tseu1	暂无	自旧档汇入	2023-07-05T08:47:08+08:00
奉贤	洲(洲)	[空]	tseu1(tsɯ⁵³)	true	tseu1	暂无	自旧档汇入	2023-07-05T08:47:08+08:00
奉贤	帚(帚)	[空]	tseu3(tsɯ⁴⁴)	true	tseu3	暂无	自旧档汇入	2023-07-05T08:47:08+08:00
奉贤	咒(咒)	[空]	tseu5(tsɯ³³⁵)	true	tseu5	暂无	自旧档汇入	2023-07-05T08:47:08+08:00
奉贤	臭(臭)	[空]	tsheu5(tsʰɯ³³⁵)	true	tsheu5	暂无	自旧档汇入	2023-07-05T08:47:08+08:00
奉贤	收(收)	[空]	seu1(sɯ⁵³)	true	seu1	暂无	自旧档汇入	2023-07-05T08:47:08+08:00
奉贤	手(手)	[空]	seu3(sɯ⁴⁴)	true	seu3	暂无	自旧档汇入	2023-07-05T08:47:08+08:00
奉贤	首(首)	[空]	seu3(sɯ⁴⁴)	true	seu3	暂无	自旧档汇入	2023-07-05T08:47:08+08:00
奉贤	守(守)	[空]	seu3(sɯ⁴⁴)	true	seu3	暂无	自旧档汇入	2023-07-05T08:47:08+08:00
奉贤	兽(獸)	[空]	seu5(sɯ³³⁵)	true	seu5	暂无	自旧档汇入	2023-07-05T08:47:08+08:00
奉贤	仇(仇)	[空]	zeu2(zɯ³¹)	true	zeu2	暂无	自旧档汇入	2023-07-05T08:47:08+08:00
奉贤	酬(酬)	[空]	zeu2(zɯ³¹)	true	zeu2	暂无	自旧档汇入	2023-07-05T08:47:08+08:00
奉贤	受(受)	[空]	zeu4(zɯ²²)	true	zeu4	暂无	自旧档汇入	2023-07-05T08:47:08+08:00
奉贤	受(受)	[空]	zeu6(zɯ¹¹³)	true	zeu6	暂无	自旧档汇入	2023-07-05T08:47:08+08:00
奉贤	寿(壽)	[空]	zeu4(zɯ²²)	true	zeu4	暂无	自旧档汇入	2023-07-05T08:47:08+08:00
奉贤	寿(壽)	[空]	zeu6(zɯ¹¹³)	true	zeu6	暂无	自旧档汇入	2023-07-05T08:47:08+08:00
奉贤	授(授)	[空]	zeu6(zɯ¹¹³)	true	zeu6	暂无	自旧档汇入	2023-07-05T08:47:08+08:00
奉贤	售(售)	[空]	zeu6(zɯ¹¹³)	true	zeu6	暂无	自旧档汇入	2023-07-05T08:47:08+08:00
奉贤	纠(糾)	[空]	cieu1(ʄiɯ⁵³)	true	cieu1	暂无	自旧档汇入	2023-07-05T08:47:08+08:00
奉贤	鸠(鳩)	[空]	cieu1(ʄiɯ⁵³)	true	cieu1	暂无	自旧档汇入	2023-07-05T08:47:08+08:00
奉贤	九(九)	[空]	cieu3(ʄiɯ⁴⁴)	true	cieu3	暂无	自旧档汇入	2023-07-05T08:47:08+08:00
奉贤	久(久)	[空]	cieu3(ʄiɯ⁴⁴)	true	cieu3	暂无	自旧档汇入	2023-07-05T08:47:08+08:00
奉贤	韭(韭)	[空]	cieu3(ʄiɯ⁴⁴)	true	cieu3	暂无	自旧档汇入	2023-07-05T08:47:08+08:00
奉贤	究(究)	[空]	cieu5(ʄiɯ³³⁵)	true	cieu5	暂无	自旧档汇入	2023-07-05T08:47:08+08:00
奉贤	救(救)	[空]	cieu5(ʄiɯ³³⁵)	true	cieu5	暂无	自旧档汇入	2023-07-05T08:47:08+08:00
奉贤	丘(丘)	[空]	chieu1(cʰiɯ⁵³)	true	chieu1	暂无	自旧档汇入	2023-07-05T08:47:08+08:00
奉贤	求(求)	[空]	jieu2(ɟiɯ³¹)	true	jieu2	暂无	自旧档汇入	2023-07-05T08:47:08+08:00
奉贤	球(球)	[空]	jieu2(ɟiɯ³¹)	true	jieu2	暂无	自旧档汇入	2023-07-05T08:47:08+08:00
奉贤	舅(舅)	[空]	jieu6(ɟiɯ¹¹³)	true	jieu6	暂无	自旧档汇入	2023-07-05T08:47:08+08:00
奉贤	旧(舊)	[空]	jieu6(ɟiɯ¹¹³)	true	jieu6	暂无	自旧档汇入	2023-07-05T08:47:08+08:00
奉贤	牛(牛)	[空]	gnieu2(ɲiɯ³¹)	true	gnieu2	暂无	自旧档汇入	2023-07-05T08:47:08+08:00
奉贤	休(休)	[空]	shieu1(çiɯ⁵³)	true	shieu1	暂无	自旧档汇入	2023-07-05T08:47:08+08:00
奉贤	嗅(嗅)	[空]	shieu5(çiɯ³³⁵)	true	shieu5	暂无	自旧档汇入	2023-07-05T08:47:08+08:00
奉贤	忧(憂)	[空]	ieu1(∅iɯ⁵³)	true	ieu1	暂无	自旧档汇入	2023-07-05T08:47:08+08:00
奉贤	优(優)	[空]	ieu1(∅iɯ⁵³)	true	ieu1	暂无	自旧档汇入	2023-07-05T08:47:08+08:00
奉贤	尤(尤)	[空]	yeu2(ɦiɯ³¹)	true	yeu2	暂无	自旧档汇入	2023-07-05T08:47:08+08:00
奉贤	邮(郵)	[空]	yeu2(ɦiɯ³¹)	true	yeu2	暂无	自旧档汇入	2023-07-05T08:47:08+08:00
奉贤	有(有)	[空]	yeu4(ɦiɯ²²)	true	yeu4	暂无	自旧档汇入	2023-07-05T08:47:08+08:00
奉贤	有(有)	又	yeu6(ɦiɯ¹¹³)	true	yeu6	暂无	自旧档汇入	2023-07-05T08:47:08+08:00
奉贤	友(友)	[空]	yeu6(ɦiɯ¹¹³)	true	yeu6	暂无	自旧档汇入	2023-07-05T08:47:08+08:00
奉贤	又(又)	[空]	yeu6(ɦiɯ¹¹³)	true	yeu6	暂无	自旧档汇入	2023-07-05T08:47:08+08:00
奉贤	右(右)	[空]	yeu6(ɦiɯ¹¹³)	true	yeu6	暂无	自旧档汇入	2023-07-05T08:47:08+08:00
奉贤	悠(悠)	[空]	ieu1(∅iɯ⁵³)	true	ieu1	暂无	自旧档汇入	2023-07-05T08:47:08+08:00
奉贤	犹(猶)	[空]	yeu2(ɦiɯ³¹)	true	yeu2	暂无	自旧档汇入	2023-07-05T08:47:08+08:00
奉贤	由(由)	[空]	yeu2(ɦiɯ³¹)	true	yeu2	暂无	自旧档汇入	2023-07-05T08:47:08+08:00
奉贤	油(油)	[空]	yeu2(ɦiɯ³¹)	true	yeu2	暂无	自旧档汇入	2023-07-05T08:47:08+08:00
奉贤	游(遊)	[空]	yeu2(ɦiɯ³¹)	true	yeu2	暂无	自旧档汇入	2023-07-05T08:47:08+08:00
奉贤	釉(釉)	【校】原yeu2	yeu6(ɦiɯ¹¹³)	true	yeu6	暂无	自旧档汇入	2023-07-05T08:47:08+08:00
奉贤	彪(彪)	[空]	piau1(ɓiɔ⁵³)	true	piau1	暂无	自旧档汇入	2023-07-05T08:47:08+08:00
奉贤	谬(謬)	[空]	mieu6(miɯ¹¹³)	true	mieu6	暂无	自旧档汇入	2023-07-05T08:47:08+08:00
奉贤	丢(丟)	[空]	tieu1(ɗiɯ⁵³)	true	tieu1	暂无	自旧档汇入	2023-07-05T08:47:08+08:00
奉贤	纠(糾)	[空]	cieu3(ʄiɯ⁴⁴)	true	cieu3	暂无	自旧档汇入	2023-07-05T08:47:08+08:00
奉贤	幽(幽)	[空]	ieu1(∅iɯ⁵³)	true	ieu1	暂无	自旧档汇入	2023-07-05T08:47:08+08:00
奉贤	幼(幼)	【校】原ieu1	ieu5(∅iɯ³³⁵)	true	ieu5	暂无	自旧档汇入	2023-07-05T08:47:08+08:00
奉贤	耽(耽)	[空]	tae1(ɗɛ⁵³)	true	tae1	暂无	自旧档汇入	2023-07-05T08:47:08+08:00
奉贤	贪(貪)	[空]	the1(tʰe⁵³)	true	the1	暂无	自旧档汇入	2023-07-05T08:47:08+08:00
奉贤	探(探)	[空]	the5(tʰe³³⁵)	true	the5	暂无	自旧档汇入	2023-07-05T08:47:08+08:00
奉贤	谭(譚)	[空]	dae2(dɛ³¹)	true	dae2	暂无	自旧档汇入	2023-07-05T08:47:08+08:00
奉贤	男(男)	[空]	ne2(ne³¹)	true	ne2	暂无	自旧档汇入	2023-07-05T08:47:08+08:00
奉贤	南(南)	[空]	ne2(ne³¹)	true	ne2	暂无	自旧档汇入	2023-07-05T08:47:08+08:00
奉贤	参(參)	[空]	tshe1(tsʰe⁵³)	true	tshe1	暂无	自旧档汇入	2023-07-05T08:47:08+08:00
奉贤	惨(慘)	【校】原tshae1	tshe3(tsʰe⁴⁴)	true	tshe3	暂无	自旧档汇入	2023-07-05T08:47:08+08:00
奉贤	蚕(蠶)	[空]	ze2(ze³¹)	true	ze2	暂无	自旧档汇入	2023-07-05T08:47:08+08:00
奉贤	感(感)	[空]	ke3(ke⁴⁴)	true	ke3	暂无	自旧档汇入	2023-07-05T08:47:08+08:00
奉贤	堪(堪)	[空]	khe1(kʰe⁵³)	true	khe1	暂无	自旧档汇入	2023-07-05T08:47:08+08:00
奉贤	坎(坎)	[空]	khe3(kʰe⁴⁴)	true	khe3	暂无	自旧档汇入	2023-07-05T08:47:08+08:00
奉贤	砍(砍)	[空]	khe3(kʰe⁴⁴)	true	khe3	暂无	自旧档汇入	2023-07-05T08:47:08+08:00
奉贤	勘(勘)	[空]	khe5(kʰe³³⁵)	true	khe5	暂无	自旧档汇入	2023-07-05T08:47:08+08:00
奉贤	含(含)	[空]	ghe2(ɦe³¹)	true	ghe2	暂无	自旧档汇入	2023-07-05T08:47:08+08:00
奉贤	庵(庵)	[空]	e1(∅e⁵³)	true	e1	暂无	自旧档汇入	2023-07-05T08:47:08+08:00
奉贤	暗(暗)	[空]	e5(∅e³³⁵)	true	e5	暂无	自旧档汇入	2023-07-05T08:47:08+08:00
奉贤	搭(搭)	[空]	taeq7(ɗæʔ⁵)	true	taeq7	暂无	自旧档汇入	2023-07-05T08:47:08+08:00
奉贤	答(答)	[空]	teq7(ɗeʔ⁵)	true	teq7	暂无	自旧档汇入	2023-07-05T08:47:08+08:00
奉贤	答(答)	[空]	taeq7(ɗæʔ⁵)	true	taeq7	暂无	自旧档汇入	2023-07-05T08:47:08+08:00
奉贤	踏(踏)	[空]	daeq8(dæʔ³)	true	daeq8	暂无	自旧档汇入	2023-07-05T08:47:08+08:00
奉贤	纳(納)	[空]	neq8(neʔ³)	true	neq8	暂无	自旧档汇入	2023-07-05T08:47:08+08:00
奉贤	拉(拉)	[空]	la1(lɑ⁵³)	true	la1	暂无	自旧档汇入	2023-07-05T08:47:08+08:00
奉贤	杂(雜)	[空]	zeq8(zeʔ³)	true	zeq8	暂无	自旧档汇入	2023-07-05T08:47:08+08:00
奉贤	鸽(鴿)	[空]	koeq7(kœʔ⁵)	true	koeq7	暂无	自旧档汇入	2023-07-05T08:47:08+08:00
奉贤	鸽(鴿)	[空]	keq7(keʔ⁵)	true	keq7	暂无	自旧档汇入	2023-07-05T08:47:08+08:00
奉贤	喝(喝)	[空]	hoeq7(hœʔ⁵)	true	hoeq7	暂无	自旧档汇入	2023-07-05T08:47:08+08:00
奉贤	喝(喝)	[空]	heq7(heʔ⁵)	true	heq7	暂无	自旧档汇入	2023-07-05T08:47:08+08:00
奉贤	合(合)	[空]	gheq8(ɦeʔ³)	true	gheq8	暂无	自旧档汇入	2023-07-05T08:47:08+08:00
奉贤	合(合)	[空]	ghoeq8(ɦœʔ³)	true	ghoeq8	暂无	自旧档汇入	2023-07-05T08:47:08+08:00
奉贤	盒(盒)	訓讀	ghaeq8(ɦæʔ³)	true	ghaeq8	暂无	自旧档汇入	2023-07-05T08:47:08+08:00
奉贤	担(擔)	[空]	tae1(ɗɛ⁵³)	true	tae1	暂无	自旧档汇入	2023-07-05T08:47:08+08:00
奉贤	胆(膽)	[空]	tae3(ɗɛ⁴⁴)	true	tae3	暂无	自旧档汇入	2023-07-05T08:47:08+08:00
奉贤	担(擔)	挑~	tae5(ɗɛ³³⁵)	true	tae5	暂无	自旧档汇入	2023-07-05T08:47:08+08:00
奉贤	毯(毯)	[空]	thae1(tʰɛ⁵³)	true	thae1	暂无	自旧档汇入	2023-07-05T08:47:08+08:00
奉贤	毯(毯)	[空]	thae3(tʰɛ⁴⁴)	true	thae3	暂无	自旧档汇入	2023-07-05T08:47:08+08:00
奉贤	谈(談)	[空]	dae2(dɛ³¹)	true	dae2	暂无	自旧档汇入	2023-07-05T08:47:08+08:00
奉贤	痰(痰)	[空]	dae2(dɛ³¹)	true	dae2	暂无	自旧档汇入	2023-07-05T08:47:08+08:00
奉贤	淡(淡)	[空]	dae6(dɛ¹¹³)	true	dae6	暂无	自旧档汇入	2023-07-05T08:47:08+08:00
奉贤	蓝(藍)	[空]	lae2(lɛ³¹)	true	lae2	暂无	自旧档汇入	2023-07-05T08:47:08+08:00
奉贤	篮(籃)	[空]	lae2(lɛ³¹)	true	lae2	暂无	自旧档汇入	2023-07-05T08:47:08+08:00
奉贤	览(覽)	[空]	lae6(lɛ¹¹³)	true	lae6	暂无	自旧档汇入	2023-07-05T08:47:08+08:00
奉贤	揽(攬)	[空]	lae6(lɛ¹¹³)	true	lae6	暂无	自旧档汇入	2023-07-05T08:47:08+08:00
奉贤	榄(欖)	[空]	lae6(lɛ¹¹³)	true	lae6	暂无	自旧档汇入	2023-07-05T08:47:08+08:00
奉贤	滥(濫)	[空]	lae6(lɛ¹¹³)	true	lae6	暂无	自旧档汇入	2023-07-05T08:47:08+08:00
奉贤	缆(纜)	[空]	lae6(lɛ¹¹³)	true	lae6	暂无	自旧档汇入	2023-07-05T08:47:08+08:00
奉贤	缆(纜)	[空]	lae4(lɛ²²)	true	lae4	暂无	自旧档汇入	2023-07-05T08:47:08+08:00
奉贤	暂(暫)	[空]	zae6(zɛ¹¹³)	true	zae6	暂无	自旧档汇入	2023-07-05T08:47:08+08:00
奉贤	三(三)	[空]	sae1(sɛ⁵³)	true	sae1	暂无	自旧档汇入	2023-07-05T08:47:08+08:00
奉贤	甘(甘)	[空]	ke1(ke⁵³)	true	ke1	暂无	自旧档汇入	2023-07-05T08:47:08+08:00
奉贤	柑(柑)	[空]	ke1(ke⁵³)	true	ke1	暂无	自旧档汇入	2023-07-05T08:47:08+08:00
奉贤	敢(敢)	[空]	ke3(ke⁴⁴)	true	ke3	暂无	自旧档汇入	2023-07-05T08:47:08+08:00
奉贤	喊(喊)	[空]	hae5(hɛ³³⁵)	true	hae5	暂无	自旧档汇入	2023-07-05T08:47:08+08:00
奉贤	塔(塔)	[空]	thaeq7(tʰæʔ⁵)	true	thaeq7	暂无	自旧档汇入	2023-07-05T08:47:08+08:00
奉贤	腊(臘)	[空]	laeq8(læʔ³)	true	laeq8	暂无	自旧档汇入	2023-07-05T08:47:08+08:00
奉贤	蜡(蠟)	[空]	laeq8(læʔ³)	true	laeq8	暂无	自旧档汇入	2023-07-05T08:47:08+08:00
奉贤	磕(磕)	[空]	kheq7(kʰeʔ⁵)	true	kheq7	暂无	自旧档汇入	2023-07-05T08:47:08+08:00
奉贤	站(站)	[空]	zae6(zɛ¹¹³)	true	zae6	暂无	自旧档汇入	2023-07-05T08:47:08+08:00
奉贤	赚(賺)	[空]	zae6(zɛ¹¹³)	true	zae6	暂无	自旧档汇入	2023-07-05T08:47:08+08:00
奉贤	赚(賺)	[空]	zae4(zɛ²²)	true	zae4	暂无	自旧档汇入	2023-07-05T08:47:08+08:00
奉贤	斩(斬)	【校】原tsae3	tsae1(tsɛ⁵³)	true	tsae1	暂无	自旧档汇入	2023-07-05T08:47:08+08:00
奉贤	蘸(蘸)	[空]	tsae5(tsɛ³³⁵)	true	tsae5	暂无	自旧档汇入	2023-07-05T08:47:08+08:00
奉贤	馋(饞)	[空]	zae2(zɛ³¹)	true	zae2	暂无	自旧档汇入	2023-07-05T08:47:08+08:00
奉贤	杉(杉)	[空]	sae1(sɛ⁵³)	true	sae1	暂无	自旧档汇入	2023-07-05T08:47:08+08:00
奉贤	减(減)	[空]	kae3(kɛ⁴⁴)	true	kae3	暂无	自旧档汇入	2023-07-05T08:47:08+08:00
奉贤	碱(鹼)	[空]	kae3(kɛ⁴⁴)	true	kae3	暂无	自旧档汇入	2023-07-05T08:47:08+08:00
奉贤	咸(鹹)	白	ghae2(ɦɛ³¹)	true	ghae2	暂无	自旧档汇入	2023-07-05T08:47:08+08:00
奉贤	咸(鹹)	文	yae(ɦiɛ)	true	yae	暂无	自旧档汇入	2023-07-05T08:47:08+08:00
奉贤	馅(餡)	白	ghae6(ɦɛ¹¹³)	true	ghae6	暂无	自旧档汇入	2023-07-05T08:47:08+08:00
奉贤	馅(餡)	文	yae6(ɦiɛ¹¹³)	true	yae6	暂无	自旧档汇入	2023-07-05T08:47:08+08:00
奉贤	插(插)	[空]	tshaeq7(tsʰæʔ⁵)	true	tshaeq7	暂无	自旧档汇入	2023-07-05T08:47:08+08:00
奉贤	闸(閘)	[空]	zaeq8(zæʔ³)	true	zaeq8	暂无	自旧档汇入	2023-07-05T08:47:08+08:00
奉贤	炸(炸)	[空]	zaeq8(zæʔ³)	true	zaeq8	暂无	自旧档汇入	2023-07-05T08:47:08+08:00
奉贤	夹(夾)	[空]	kaeq7(kæʔ⁵)	true	kaeq7	暂无	自旧档汇入	2023-07-05T08:47:08+08:00
奉贤	掐(掐)	[空]	khaeq7(kʰæʔ⁵)	true	khaeq7	暂无	自旧档汇入	2023-07-05T08:47:08+08:00
奉贤	狭(狹)	[空]	ghaeq8(ɦæʔ³)	true	ghaeq8	暂无	自旧档汇入	2023-07-05T08:47:08+08:00
奉贤	峡(峽)	[空]	kaeq7(kæʔ⁵)	true	kaeq7	暂无	自旧档汇入	2023-07-05T08:47:08+08:00
奉贤	搀(攙)	[空]	tshae1(tsʰɛ⁵³)	true	tshae1	暂无	自旧档汇入	2023-07-05T08:47:08+08:00
奉贤	衫(衫)	[空]	sae1(sɛ⁵³)	true	sae1	暂无	自旧档汇入	2023-07-05T08:47:08+08:00
奉贤	监(監)	[空]	kae1(kɛ⁵³)	true	kae1	暂无	自旧档汇入	2023-07-05T08:47:08+08:00
奉贤	鑑(鑑)	白	kae1(kɛ⁵³)	true	kae1	暂无	自旧档汇入	2023-07-05T08:47:08+08:00
奉贤	鑑(鑑)	文	ciae1(ʄiɛ⁵³)	true	ciae1	暂无	自旧档汇入	2023-07-05T08:47:08+08:00
奉贤	岩(岩)	[空]	nge2(ŋe³¹)	true	nge2	暂无	自旧档汇入	2023-07-05T08:47:08+08:00
奉贤	衔(銜)	白	ghae2(ɦɛ³¹)	true	ghae2	暂无	自旧档汇入	2023-07-05T08:47:08+08:00
奉贤	衔(銜)	文	yae2(ɦiɛ³¹)	true	yae2	暂无	自旧档汇入	2023-07-05T08:47:08+08:00
奉贤	甲(甲)	白	kaeq7(kæʔ⁵)	true	kaeq7	暂无	自旧档汇入	2023-07-05T08:47:08+08:00
奉贤	甲(甲)	文	ciaeq7(ʄiæʔ⁵)	true	ciaeq7	暂无	自旧档汇入	2023-07-05T08:47:08+08:00
奉贤	甲(甲)	[空]	ciaq7(ʄiɑʔ⁵)	true	ciaq7	暂无	自旧档汇入	2023-07-05T08:47:08+08:00
奉贤	鸭(鴨)	[空]	aeq7(∅æʔ⁵)	true	aeq7	暂无	自旧档汇入	2023-07-05T08:47:08+08:00
奉贤	押(押)	[空]	aeq7(∅æʔ⁵)	true	aeq7	暂无	自旧档汇入	2023-07-05T08:47:08+08:00
奉贤	压(壓)	[空]	aeq7(∅æʔ⁵)	true	aeq7	暂无	自旧档汇入	2023-07-05T08:47:08+08:00
奉贤	压(壓)	又	khaeq7(kʰæʔ⁵)	true	khaeq7	暂无	自旧档汇入	2023-07-05T08:47:08+08:00
奉贤	贬(貶)	[空]	pi5(ɓi³³⁵)	true	pi5	暂无	自旧档汇入	2023-07-05T08:47:08+08:00
奉贤	黏(黏)	[空]	gni1(ɲi⁵³)	true	gni1	暂无	自旧档汇入	2023-07-05T08:47:08+08:00
奉贤	镰(鐮)	[空]	li2(li³¹)	true	li2	暂无	自旧档汇入	2023-07-05T08:47:08+08:00
奉贤	敛(斂)	[空]	li4(li²²)	true	li4	暂无	自旧档汇入	2023-07-05T08:47:08+08:00
奉贤	尖(尖)	[空]	tsi1(tsi⁵³)	true	tsi1	暂无	自旧档汇入	2023-07-05T08:47:08+08:00
奉贤	歼(殲)	[空]	tshi1(tsʰi⁵³)	true	tshi1	暂无	自旧档汇入	2023-07-05T08:47:08+08:00
奉贤	歼(殲)	[空]	tsi1(tsi⁵³)	true	tsi1	暂无	自旧档汇入	2023-07-05T08:47:08+08:00
奉贤	签(簽)	[空]	tshi1(tsʰi⁵³)	true	tshi1	暂无	自旧档汇入	2023-07-05T08:47:08+08:00
奉贤	潜(潛)	[空]	zi2(zi³¹)	true	zi2	暂无	自旧档汇入	2023-07-05T08:47:08+08:00
奉贤	沾(沾)	[空]	tse1(tse⁵³)	true	tse1	暂无	自旧档汇入	2023-07-05T08:47:08+08:00
奉贤	占(佔)	[空]	tse1(tse⁵³)	true	tse1	暂无	自旧档汇入	2023-07-05T08:47:08+08:00
奉贤	占(佔)	白	tsi5(tsi³³⁵)	true	tsi5	暂无	自旧档汇入	2023-07-05T08:47:08+08:00
奉贤	陕(陝)	【校】原se5	se3(se⁴⁴)	true	se3	暂无	自旧档汇入	2023-07-05T08:47:08+08:00
奉贤	闪(閃)	【校】原se5	se3(se⁴⁴)	true	se3	暂无	自旧档汇入	2023-07-05T08:47:08+08:00
奉贤	染(染)	[空]	gni6(ɲi¹¹³)	true	gni6	暂无	自旧档汇入	2023-07-05T08:47:08+08:00
奉贤	检(檢)	[空]	ci3(ʄi⁴⁴)	true	ci3	暂无	自旧档汇入	2023-07-05T08:47:08+08:00
奉贤	脸(臉)	【校】原li6	li4(li²²)	true	li4	暂无	自旧档汇入	2023-07-05T08:47:08+08:00
奉贤	钳(鉗)	[空]	ji2(ɟi³¹)	true	ji2	暂无	自旧档汇入	2023-07-05T08:47:08+08:00
奉贤	俭(儉)	[空]	ji6(ɟi¹¹³)	true	ji6	暂无	自旧档汇入	2023-07-05T08:47:08+08:00
奉贤	验(驗)	[空]	gni6(ɲi¹¹³)	true	gni6	暂无	自旧档汇入	2023-07-05T08:47:08+08:00
奉贤	险(險)	[空]	shi3(çi⁴⁴)	true	shi3	暂无	自旧档汇入	2023-07-05T08:47:08+08:00
奉贤	险(險)	白	hae3(hɛ⁴⁴)	true	hae3	暂无	自旧档汇入	2023-07-05T08:47:08+08:00
奉贤	淹(淹)	[空]	i1(∅i⁵³)	true	i1	暂无	自旧档汇入	2023-07-05T08:47:08+08:00
奉贤	腌(醃)	【校】原i5	i(∅i)	true	i	暂无	自旧档汇入	2023-07-05T08:47:08+08:00
奉贤	阉(閹)	[空]	i1(∅i⁵³)	true	i1	暂无	自旧档汇入	2023-07-05T08:47:08+08:00
奉贤	掩(掩)	[空]	i1(∅i⁵³)	true	i1	暂无	自旧档汇入	2023-07-05T08:47:08+08:00
奉贤	厌(厭)	[空]	i5(∅i³³⁵)	true	i5	暂无	自旧档汇入	2023-07-05T08:47:08+08:00
奉贤	炎(炎)	[空]	yae2(ɦiɛ³¹)	true	yae2	暂无	自旧档汇入	2023-07-05T08:47:08+08:00
奉贤	炎(炎)	白	ghae2(ɦɛ³¹)	true	ghae2	暂无	自旧档汇入	2023-07-05T08:47:08+08:00
奉贤	盐(鹽)	[空]	yi2(ɦi³¹)	true	yi2	暂无	自旧档汇入	2023-07-05T08:47:08+08:00
奉贤	阎(閻)	[空]	gni2(ɲi³¹)	true	gni2	暂无	自旧档汇入	2023-07-05T08:47:08+08:00
奉贤	艳(艷)	[空]	yae6(ɦiɛ¹¹³)	true	yae6	暂无	自旧档汇入	2023-07-05T08:47:08+08:00
奉贤	焰(焰)	[空]	yae6(ɦiɛ¹¹³)	true	yae6	暂无	自旧档汇入	2023-07-05T08:47:08+08:00
奉贤	聂(聶)	[空]	gniq8(ɲiɪʔ³)	true	gniq8	暂无	自旧档汇入	2023-07-05T08:47:08+08:00
奉贤	猎(獵)	[空]	laeq8(læʔ³)	true	laeq8	暂无	自旧档汇入	2023-07-05T08:47:08+08:00
奉贤	接(接)	[空]	tsiq7(tsiɪʔ⁵)	true	tsiq7	暂无	自旧档汇入	2023-07-05T08:47:08+08:00
奉贤	妾(妾)	[空]	tshiq7(tsʰiɪʔ⁵)	true	tshiq7	暂无	自旧档汇入	2023-07-05T08:47:08+08:00
奉贤	捷(捷)	[空]	ziq8(ziɪʔ³)	true	ziq8	暂无	自旧档汇入	2023-07-05T08:47:08+08:00
奉贤	折(折)	[空]	tseq7(tseʔ⁵)	true	tseq7	暂无	自旧档汇入	2023-07-05T08:47:08+08:00
奉贤	摄(攝)	[空]	seq7(seʔ⁵)	true	seq7	暂无	自旧档汇入	2023-07-05T08:47:08+08:00
奉贤	涉(涉)	[空]	zeq8(zeʔ³)	true	zeq8	暂无	自旧档汇入	2023-07-05T08:47:08+08:00
奉贤	叶(葉)	[空]	yiq8(ɦiɪʔ³)	true	yiq8	暂无	自旧档汇入	2023-07-05T08:47:08+08:00
奉贤	剑(劍)	[空]	ci5(ʄi³³⁵)	true	ci5	暂无	自旧档汇入	2023-07-05T08:47:08+08:00
奉贤	欠(欠)	[空]	chi5(cʰi³³⁵)	true	chi5	暂无	自旧档汇入	2023-07-05T08:47:08+08:00
奉贤	严(嚴)	[空]	gni2(ɲi³¹)	true	gni2	暂无	自旧档汇入	2023-07-05T08:47:08+08:00
奉贤	业(業)	[空]	gniq8(ɲiɪʔ³)	true	gniq8	暂无	自旧档汇入	2023-07-05T08:47:08+08:00
奉贤	点(點)	[空]	ti3(ɗi⁴⁴)	true	ti3	暂无	自旧档汇入	2023-07-05T08:47:08+08:00
奉贤	店(店)	[空]	ti5(ɗi³³⁵)	true	ti5	暂无	自旧档汇入	2023-07-05T08:47:08+08:00
奉贤	添(添)	[空]	thi1(tʰi⁵³)	true	thi1	暂无	自旧档汇入	2023-07-05T08:47:08+08:00
奉贤	舔(舔)	[空]	thi3(tʰi⁴⁴)	true	thi3	暂无	自旧档汇入	2023-07-05T08:47:08+08:00
奉贤	甜(甜)	[空]	di2(di³¹)	true	di2	暂无	自旧档汇入	2023-07-05T08:47:08+08:00
奉贤	拈(拈)	[空]	gni2(ɲi³¹)	true	gni2	暂无	自旧档汇入	2023-07-05T08:47:08+08:00
奉贤	念(念)	[空]	gniae6(ɲiɛ¹¹³)	true	gniae6	暂无	自旧档汇入	2023-07-05T08:47:08+08:00
奉贤	兼(兼)	[空]	ci1(ʄi⁵³)	true	ci1	暂无	自旧档汇入	2023-07-05T08:47:08+08:00
奉贤	谦(謙)	[空]	chi1(cʰi⁵³)	true	chi1	暂无	自旧档汇入	2023-07-05T08:47:08+08:00
奉贤	歉(歉)	[空]	chi5(cʰi³³⁵)	true	chi5	暂无	自旧档汇入	2023-07-05T08:47:08+08:00
奉贤	贴(貼)	[空]	thiq7(tʰiɪʔ⁵)	true	thiq7	暂无	自旧档汇入	2023-07-05T08:47:08+08:00
奉贤	帖(帖)	[空]	thiq7(tʰiɪʔ⁵)	true	thiq7	暂无	自旧档汇入	2023-07-05T08:47:08+08:00
奉贤	叠(疊)	[空]	diq8(diɪʔ³)	true	diq8	暂无	自旧档汇入	2023-07-05T08:47:08+08:00
奉贤	蝶(蝶)	[空]	diq8(diɪʔ³)	true	diq8	暂无	自旧档汇入	2023-07-05T08:47:08+08:00
奉贤	碟(碟)	[空]	diq8(diɪʔ³)	true	diq8	暂无	自旧档汇入	2023-07-05T08:47:08+08:00
奉贤	谍(諜)	[空]	diq8(diɪʔ³)	true	diq8	暂无	自旧档汇入	2023-07-05T08:47:08+08:00
奉贤	协(協)	【校】yaq8	yaeq8(ɦiæʔ³)	true	yaeq8	暂无	自旧档汇入	2023-07-05T08:47:08+08:00
奉贤	泛(泛)	[空]	fae5(ɸɛ³³⁵)	true	fae5	暂无	自旧档汇入	2023-07-05T08:47:08+08:00
奉贤	帆(帆)	[空]	vae2(βɛ³¹)	true	vae2	暂无	自旧档汇入	2023-07-05T08:47:08+08:00
奉贤	凡(凡)	[空]	vae2(βɛ³¹)	true	vae2	暂无	自旧档汇入	2023-07-05T08:47:08+08:00
奉贤	犯(犯)	[空]	vae6(βɛ¹¹³)	true	vae6	暂无	自旧档汇入	2023-07-05T08:47:08+08:00
奉贤	范(範)	[空]	vae6(βɛ¹¹³)	true	vae6	暂无	自旧档汇入	2023-07-05T08:47:08+08:00
奉贤	法(法)	[空]	faeq7(ɸæʔ⁵)	true	faeq7	暂无	自旧档汇入	2023-07-05T08:47:08+08:00
奉贤	乏(乏)	[空]	vaeq8(βæʔ³)	true	vaeq8	暂无	自旧档汇入	2023-07-05T08:47:08+08:00
奉贤	品(品)	[空]	phin3(pʰiɐŋ⁴⁴)	true	phin3	暂无	自旧档汇入	2023-07-05T08:47:08+08:00
奉贤	临(臨)	[空]	lin2(liɐŋ³¹)	true	lin2	暂无	自旧档汇入	2023-07-05T08:47:08+08:00
奉贤	林(林)	[空]	lin2(liɐŋ³¹)	true	lin2	暂无	自旧档汇入	2023-07-05T08:47:08+08:00
奉贤	淋(淋)	[空]	lin2(liɐŋ³¹)	true	lin2	暂无	自旧档汇入	2023-07-05T08:47:08+08:00
奉贤	浸(浸)	[空]	tsin5(tsiɐŋ³³⁵)	true	tsin5	暂无	自旧档汇入	2023-07-05T08:47:08+08:00
奉贤	侵(侵)	[空]	tshin1(tsʰiɐŋ⁵³)	true	tshin1	暂无	自旧档汇入	2023-07-05T08:47:08+08:00
奉贤	心(心)	[空]	sin1(siɐŋ⁵³)	true	sin1	暂无	自旧档汇入	2023-07-05T08:47:08+08:00
奉贤	寻(尋)	[空]	zin2(ziɐŋ³¹)	true	zin2	暂无	自旧档汇入	2023-07-05T08:47:08+08:00
奉贤	沉(沉)	[空]	zen2(zɐŋ³¹)	true	zen2	暂无	自旧档汇入	2023-07-05T08:47:08+08:00
奉贤	森(森)	[空]	sen1(sɐŋ⁵³)	true	sen1	暂无	自旧档汇入	2023-07-05T08:47:08+08:00
奉贤	参(參)	[空]	sen1(sɐŋ⁵³)	true	sen1	暂无	自旧档汇入	2023-07-05T08:47:08+08:00
奉贤	针(針)	[空]	tsen1(tsɐŋ⁵³)	true	tsen1	暂无	自旧档汇入	2023-07-05T08:47:08+08:00
奉贤	斟(斟)	[空]	tsen1(tsɐŋ⁵³)	true	tsen1	暂无	自旧档汇入	2023-07-05T08:47:08+08:00
奉贤	枕(枕)	[空]	tsen3(tsɐŋ⁴⁴)	true	tsen3	暂无	自旧档汇入	2023-07-05T08:47:08+08:00
奉贤	审(審)	[空]	sen5(sɐŋ³³⁵)	true	sen5	暂无	自旧档汇入	2023-07-05T08:47:08+08:00
奉贤	婶(嬸)	[空]	sen5(sɐŋ³³⁵)	true	sen5	暂无	自旧档汇入	2023-07-05T08:47:08+08:00
奉贤	沈(沈)	[空]	sen5(sɐŋ³³⁵)	true	sen5	暂无	自旧档汇入	2023-07-05T08:47:08+08:00
奉贤	甚(甚)	[空]	zen6(zɐŋ¹¹³)	true	zen6	暂无	自旧档汇入	2023-07-05T08:47:08+08:00
奉贤	任(任)	[空]	zen6(zɐŋ¹¹³)	true	zen6	暂无	自旧档汇入	2023-07-05T08:47:08+08:00
奉贤	任(任)	白	gnin2(ɲiɐŋ³¹)	true	gnin2	暂无	自旧档汇入	2023-07-05T08:47:08+08:00
奉贤	今(今)	[空]	cin1(ʄiɐŋ⁵³)	true	cin1	暂无	自旧档汇入	2023-07-05T08:47:08+08:00
奉贤	金(金)	[空]	cin1(ʄiɐŋ⁵³)	true	cin1	暂无	自旧档汇入	2023-07-05T08:47:08+08:00
奉贤	禁(禁)	[空]	cin5(ʄiɐŋ³³⁵)	true	cin5	暂无	自旧档汇入	2023-07-05T08:47:08+08:00
奉贤	锦(錦)	[空]	cin3(ʄiɐŋ⁴⁴)	true	cin3	暂无	自旧档汇入	2023-07-05T08:47:08+08:00
奉贤	钦(欽)	[空]	chin1(cʰiɐŋ⁵³)	true	chin1	暂无	自旧档汇入	2023-07-05T08:47:08+08:00
奉贤	琴(琴)	[空]	jin2(ɟiɐŋ³¹)	true	jin2	暂无	自旧档汇入	2023-07-05T08:47:08+08:00
奉贤	禽(禽)	[空]	jin2(ɟiɐŋ³¹)	true	jin2	暂无	自旧档汇入	2023-07-05T08:47:08+08:00
奉贤	擒(擒)	[空]	jin2(ɟiɐŋ³¹)	true	jin2	暂无	自旧档汇入	2023-07-05T08:47:08+08:00
奉贤	音(音)	[空]	in1(∅iɐŋ⁵³)	true	in1	暂无	自旧档汇入	2023-07-05T08:47:08+08:00
奉贤	阴(陰)	[空]	in1(∅iɐŋ⁵³)	true	in1	暂无	自旧档汇入	2023-07-05T08:47:08+08:00
奉贤	饮(飲)	[空]	in5(∅iɐŋ³³⁵)	true	in5	暂无	自旧档汇入	2023-07-05T08:47:08+08:00
奉贤	淫(淫)	[空]	yin2(ɦiɐŋ³¹)	true	yin2	暂无	自旧档汇入	2023-07-05T08:47:08+08:00
奉贤	立(立)	[空]	liq8(liɪʔ³)	true	liq8	暂无	自旧档汇入	2023-07-05T08:47:08+08:00
奉贤	粒(粒)	[空]	lieq8(liʌʔ³)	true	lieq8	暂无	自旧档汇入	2023-07-05T08:47:08+08:00
奉贤	笠(笠)	[空]	liq8(liɪʔ³)	true	liq8	暂无	自旧档汇入	2023-07-05T08:47:08+08:00
奉贤	集(集)	[空]	ziq8(ziɪʔ³)	true	ziq8	暂无	自旧档汇入	2023-07-05T08:47:08+08:00
奉贤	辑(輯)	[空]	tshiq7(tsʰiɪʔ⁵)	true	tshiq7	暂无	自旧档汇入	2023-07-05T08:47:08+08:00
奉贤	习(習)	[空]	ziq8(ziɪʔ³)	true	ziq8	暂无	自旧档汇入	2023-07-05T08:47:08+08:00
奉贤	袭(襲)	[空]	ziq8(ziɪʔ³)	true	ziq8	暂无	自旧档汇入	2023-07-05T08:47:08+08:00
奉贤	涩(澀)	[空]	seq7(seʔ⁵)	true	seq7	暂无	自旧档汇入	2023-07-05T08:47:08+08:00
奉贤	汁(汁)	[空]	tseq7(tseʔ⁵)	true	tseq7	暂无	自旧档汇入	2023-07-05T08:47:08+08:00
奉贤	执(執)	[空]	tseq7(tseʔ⁵)	true	tseq7	暂无	自旧档汇入	2023-07-05T08:47:08+08:00
奉贤	湿(濕)	[空]	seq7(seʔ⁵)	true	seq7	暂无	自旧档汇入	2023-07-05T08:47:08+08:00
奉贤	湿(濕)	[空]	saq7(sɑʔ⁵)	true	saq7	暂无	自旧档汇入	2023-07-05T08:47:08+08:00
奉贤	十(十)	[空]	zeq8(zeʔ³)	true	zeq8	暂无	自旧档汇入	2023-07-05T08:47:08+08:00
奉贤	拾(拾)	[空]	zeq8(zeʔ³)	true	zeq8	暂无	自旧档汇入	2023-07-05T08:47:08+08:00
奉贤	入(入)	[空]	zeq8(zeʔ³)	true	zeq8	暂无	自旧档汇入	2023-07-05T08:47:08+08:00
奉贤	急(急)	[空]	ciq8(ʄiɪʔ³)	true	ciq8	暂无	自旧档汇入	2023-07-05T08:47:08+08:00
奉贤	级(級)	[空]	cieq7(ʄiʌʔ⁵)	true	cieq7	暂无	自旧档汇入	2023-07-05T08:47:08+08:00
奉贤	给(給)	[空]	ciq7(ʄiɪʔ⁵)	true	ciq7	暂无	自旧档汇入	2023-07-05T08:47:08+08:00
奉贤	泣(泣)	[空]	chiq7(cʰiɪʔ⁵)	true	chiq7	暂无	自旧档汇入	2023-07-05T08:47:08+08:00
奉贤	及(及)	[空]	jiq8(ɟiɪʔ³)	true	jiq8	暂无	自旧档汇入	2023-07-05T08:47:08+08:00
奉贤	吸(吸)	[空]	shiq7(çiɪʔ⁵)	true	shiq7	暂无	自旧档汇入	2023-07-05T08:47:08+08:00
奉贤	丹(丹)	[空]	tae1(ɗɛ⁵³)	true	tae1	暂无	自旧档汇入	2023-07-05T08:47:08+08:00
奉贤	单(單)	[空]	tae1(ɗɛ⁵³)	true	tae1	暂无	自旧档汇入	2023-07-05T08:47:08+08:00
奉贤	旦(旦)	[空]	tae5(ɗɛ³³⁵)	true	tae5	暂无	自旧档汇入	2023-07-05T08:47:08+08:00
奉贤	滩(灘)	[空]	thae1(tʰɛ⁵³)	true	thae1	暂无	自旧档汇入	2023-07-05T08:47:08+08:00
奉贤	摊(攤)	[空]	thae1(tʰɛ⁵³)	true	thae1	暂无	自旧档汇入	2023-07-05T08:47:08+08:00
奉贤	坦(坦)	[空]	thae3(tʰɛ⁴⁴)	true	thae3	暂无	自旧档汇入	2023-07-05T08:47:08+08:00
奉贤	炭(炭)	[空]	thae5(tʰɛ³³⁵)	true	thae5	暂无	自旧档汇入	2023-07-05T08:47:08+08:00
奉贤	叹(嘆)	[空]	thae5(tʰɛ³³⁵)	true	thae5	暂无	自旧档汇入	2023-07-05T08:47:08+08:00
奉贤	弹(彈)	[空]	dae2(dɛ³¹)	true	dae2	暂无	自旧档汇入	2023-07-05T08:47:08+08:00
奉贤	但(但)	[空]	dae6(dɛ¹¹³)	true	dae6	暂无	自旧档汇入	2023-07-05T08:47:08+08:00
奉贤	蛋(蛋)	[空]	dae6(dɛ¹¹³)	true	dae6	暂无	自旧档汇入	2023-07-05T08:47:08+08:00
奉贤	弹(彈)	~藥	dae6(dɛ¹¹³)	true	dae6	暂无	自旧档汇入	2023-07-05T08:47:08+08:00
奉贤	难(難)	[空]	nae2(nɛ³¹)	true	nae2	暂无	自旧档汇入	2023-07-05T08:47:08+08:00
奉贤	兰(蘭)	[空]	lae2(lɛ³¹)	true	lae2	暂无	自旧档汇入	2023-07-05T08:47:08+08:00
奉贤	拦(攔)	[空]	lae2(lɛ³¹)	true	lae2	暂无	自旧档汇入	2023-07-05T08:47:08+08:00
奉贤	栏(欄)	[空]	lae2(lɛ³¹)	true	lae2	暂无	自旧档汇入	2023-07-05T08:47:08+08:00
奉贤	懒(懶)	[空]	lae4(lɛ²²)	true	lae4	暂无	自旧档汇入	2023-07-05T08:47:08+08:00
奉贤	烂(爛)	[空]	lae6(lɛ¹¹³)	true	lae6	暂无	自旧档汇入	2023-07-05T08:47:08+08:00
奉贤	赞(贊)	[空]	tsae5(tsɛ³³⁵)	true	tsae5	暂无	自旧档汇入	2023-07-05T08:47:08+08:00
奉贤	灒(灒)	[空]	tsae5(tsɛ³³⁵)	true	tsae5	暂无	自旧档汇入	2023-07-05T08:47:08+08:00
奉贤	餐(餐)	[空]	tshoe1(tsʰø⁵³)	true	tshoe1	暂无	自旧档汇入	2023-07-05T08:47:08+08:00
奉贤	餐(餐)	又	tshe1(tsʰe⁵³)	true	tshe1	暂无	自旧档汇入	2023-07-05T08:47:08+08:00
奉贤	残(殘)	[空]	zae2(zɛ³¹)	true	zae2	暂无	自旧档汇入	2023-07-05T08:47:08+08:00
奉贤	散(散)	[空]	sae5(sɛ³³⁵)	true	sae5	暂无	自旧档汇入	2023-07-05T08:47:08+08:00
奉贤	伞(傘)	[空]	sae5(sɛ³³⁵)	true	sae5	暂无	自旧档汇入	2023-07-05T08:47:08+08:00
奉贤	干(幹)	[空]	koe1(kø⁵³)	true	koe1	暂无	自旧档汇入	2023-07-05T08:47:08+08:00
奉贤	竿(竿)	[空]	koe1(kø⁵³)	true	koe1	暂无	自旧档汇入	2023-07-05T08:47:08+08:00
奉贤	杆(桿)	[空]	koe3(kø⁴⁴)	true	koe3	暂无	自旧档汇入	2023-07-05T08:47:08+08:00
奉贤	肝(肝)	[空]	koe1(kø⁵³)	true	koe1	暂无	自旧档汇入	2023-07-05T08:47:08+08:00
奉贤	奸(姦)	白	kae1(kɛ⁵³)	true	kae1	暂无	自旧档汇入	2023-07-05T08:47:08+08:00
奉贤	奸(姦)	文	ci1(ʄi⁵³)	true	ci1	暂无	自旧档汇入	2023-07-05T08:47:08+08:00
奉贤	奸(姦)	文	ciae1(ʄiɛ⁵³)	true	ciae1	暂无	自旧档汇入	2023-07-05T08:47:08+08:00
奉贤	赶(趕)	[空]	koe3(kø⁴⁴)	true	koe3	暂无	自旧档汇入	2023-07-05T08:47:08+08:00
奉贤	看(看)	~守	khoe1(kʰø⁵³)	true	khoe1	暂无	自旧档汇入	2023-07-05T08:47:08+08:00
奉贤	刊(刊)	白	khae1(kʰɛ⁵³)	true	khae1	暂无	自旧档汇入	2023-07-05T08:47:08+08:00
奉贤	刊(刊)	文	chiae1(cʰiɛ⁵³)	true	chiae1	暂无	自旧档汇入	2023-07-05T08:47:08+08:00
奉贤	看(看)	~見	khoe5(kʰø³³⁵)	true	khoe5	暂无	自旧档汇入	2023-07-05T08:47:08+08:00
奉贤	岸(岸)	[空]	ngoe6(ŋø¹¹³)	true	ngoe6	暂无	自旧档汇入	2023-07-05T08:47:08+08:00
奉贤	汉(漢)	[空]	hoe5(hø³³⁵)	true	hoe5	暂无	自旧档汇入	2023-07-05T08:47:08+08:00
奉贤	寒(寒)	[空]	ghoe2(ɦø³¹)	true	ghoe2	暂无	自旧档汇入	2023-07-05T08:47:08+08:00
奉贤	韩(韓)	[空]	ghoe2(ɦø³¹)	true	ghoe2	暂无	自旧档汇入	2023-07-05T08:47:08+08:00
奉贤	旱(旱)	[空]	ghoe6(ɦø¹¹³)	true	ghoe6	暂无	自旧档汇入	2023-07-05T08:47:08+08:00
奉贤	汗(汗)	[空]	ghoe6(ɦø¹¹³)	true	ghoe6	暂无	自旧档汇入	2023-07-05T08:47:08+08:00
奉贤	安(安)	[空]	oe1(∅ø⁵³)	true	oe1	暂无	自旧档汇入	2023-07-05T08:47:08+08:00
奉贤	鞍(鞍)	[空]	oe1(∅ø⁵³)	true	oe1	暂无	自旧档汇入	2023-07-05T08:47:08+08:00
奉贤	按(按)	[空]	oe5(∅ø³³⁵)	true	oe5	暂无	自旧档汇入	2023-07-05T08:47:08+08:00
奉贤	案(案)	[空]	oe5(∅ø³³⁵)	true	oe5	暂无	自旧档汇入	2023-07-05T08:47:08+08:00
奉贤	獭(獺)	[空]	thaeq7(tʰæʔ⁵)	true	thaeq7	暂无	自旧档汇入	2023-07-05T08:47:08+08:00
奉贤	达(達)	[空]	daeq8(dæʔ³)	true	daeq8	暂无	自旧档汇入	2023-07-05T08:47:08+08:00
奉贤	辣(辣)	[空]	laeq8(læʔ³)	true	laeq8	暂无	自旧档汇入	2023-07-05T08:47:08+08:00
奉贤	擦(擦)	[空]	tshaeq7(tsʰæʔ⁵)	true	tshaeq7	暂无	自旧档汇入	2023-07-05T08:47:08+08:00
奉贤	割(割)	[空]	koeq7(kœʔ⁵)	true	koeq7	暂无	自旧档汇入	2023-07-05T08:47:08+08:00
奉贤	葛(葛)	[空]	keq7(keʔ⁵)	true	keq7	暂无	自旧档汇入	2023-07-05T08:47:08+08:00
奉贤	渴(渴)	[空]	khoeq7(kʰœʔ⁵)	true	khoeq7	暂无	自旧档汇入	2023-07-05T08:47:08+08:00
奉贤	扮(扮)	[空]	pae5(ɓɛ³³⁵)	true	pae5	暂无	自旧档汇入	2023-07-05T08:47:08+08:00
奉贤	盼(盼)	[空]	phae5(pʰɛ³³⁵)	true	phae5	暂无	自旧档汇入	2023-07-05T08:47:08+08:00
奉贤	办(辦)	[空]	bae6(bɛ¹¹³)	true	bae6	暂无	自旧档汇入	2023-07-05T08:47:08+08:00
奉贤	瓣(瓣)	[空]	bae6(bɛ¹¹³)	true	bae6	暂无	自旧档汇入	2023-07-05T08:47:08+08:00
奉贤	盏(盞)	[空]	tsae5(tsɛ³³⁵)	true	tsae5	暂无	自旧档汇入	2023-07-05T08:47:08+08:00
奉贤	铲(鏟)	[空]	tshae5(tsʰɛ³³⁵)	true	tshae5	暂无	自旧档汇入	2023-07-05T08:47:08+08:00
奉贤	栈(棧)	[空]	zae6(zɛ¹¹³)	true	zae6	暂无	自旧档汇入	2023-07-05T08:47:08+08:00
奉贤	山(山)	[空]	sae1(sɛ⁵³)	true	sae1	暂无	自旧档汇入	2023-07-05T08:47:08+08:00
奉贤	产(產)	【校】原tshae5	tshae3(tsʰɛ⁴⁴)	true	tshae3	暂无	自旧档汇入	2023-07-05T08:47:08+08:00
奉贤	间(間)	[空]	ci1(ʄi⁵³)	true	ci1	暂无	自旧档汇入	2023-07-05T08:47:08+08:00
奉贤	间(間)	白	kae1(kɛ⁵³)	true	kae1	暂无	自旧档汇入	2023-07-05T08:47:08+08:00
奉贤	艰(艱)	[空]	ci1(ʄi⁵³)	true	ci1	暂无	自旧档汇入	2023-07-05T08:47:08+08:00
奉贤	简(簡)	[空]	ci3(ʄi⁴⁴)	true	ci3	暂无	自旧档汇入	2023-07-05T08:47:08+08:00
奉贤	柬(柬)	[空]	ci3(ʄi⁴⁴)	true	ci3	暂无	自旧档汇入	2023-07-05T08:47:08+08:00
奉贤	拣(揀)	[空]	kae3(kɛ⁴⁴)	true	kae3	暂无	自旧档汇入	2023-07-05T08:47:08+08:00
奉贤	眼(眼)	[空]	ngae6(ŋɛ¹¹³)	true	ngae6	暂无	自旧档汇入	2023-07-05T08:47:08+08:00
奉贤	眼(眼)	又	gniae6(ɲiɛ¹¹³)	true	gniae6	暂无	自旧档汇入	2023-07-05T08:47:08+08:00
奉贤	闲(閒)	白	ghae2(ɦɛ³¹)	true	ghae2	暂无	自旧档汇入	2023-07-05T08:47:08+08:00
奉贤	闲(閒)	文	yae2(ɦiɛ³¹)	true	yae2	暂无	自旧档汇入	2023-07-05T08:47:08+08:00
奉贤	限(限)	[空]	ghae6(ɦɛ¹¹³)	true	ghae6	暂无	自旧档汇入	2023-07-05T08:47:08+08:00
奉贤	限(限)	文	yi6(ɦi¹¹³)	true	yi6	暂无	自旧档汇入	2023-07-05T08:47:08+08:00
奉贤	八(八)	[空]	paeq7(ɓæʔ⁵)	true	paeq7	暂无	自旧档汇入	2023-07-05T08:47:08+08:00
奉贤	拔(拔)	[空]	baeq8(bæʔ³)	true	baeq8	暂无	自旧档汇入	2023-07-05T08:47:08+08:00
奉贤	札(札)	[空]	tsaeq7(tsæʔ⁵)	true	tsaeq7	暂无	自旧档汇入	2023-07-05T08:47:08+08:00
奉贤	察(察)	[空]	tshaeq7(tsʰæʔ⁵)	true	tshaeq7	暂无	自旧档汇入	2023-07-05T08:47:08+08:00
奉贤	杀(殺)	[空]	saeq7(sæʔ⁵)	true	saeq7	暂无	自旧档汇入	2023-07-05T08:47:08+08:00
奉贤	斑(斑)	[空]	pae1(ɓɛ⁵³)	true	pae1	暂无	自旧档汇入	2023-07-05T08:47:08+08:00
奉贤	班(班)	[空]	pae1(ɓɛ⁵³)	true	pae1	暂无	自旧档汇入	2023-07-05T08:47:08+08:00
奉贤	颁(頒)	[空]	pae1(ɓɛ⁵³)	true	pae1	暂无	自旧档汇入	2023-07-05T08:47:08+08:00
奉贤	扳(扳)	[空]	pae1(ɓɛ⁵³)	true	pae1	暂无	自旧档汇入	2023-07-05T08:47:08+08:00
奉贤	板(板)	[空]	pae3(ɓɛ⁴⁴)	true	pae3	暂无	自旧档汇入	2023-07-05T08:47:08+08:00
奉贤	版(版)	[空]	pae3(ɓɛ⁴⁴)	true	pae3	暂无	自旧档汇入	2023-07-05T08:47:08+08:00
奉贤	蛮(蠻)	[空]	mae2(mɛ³¹)	true	mae2	暂无	自旧档汇入	2023-07-05T08:47:08+08:00
奉贤	慢(慢)	[空]	mae6(mɛ¹¹³)	true	mae6	暂无	自旧档汇入	2023-07-05T08:47:08+08:00
奉贤	删(刪)	[空]	sae1(sɛ⁵³)	true	sae1	暂无	自旧档汇入	2023-07-05T08:47:08+08:00
奉贤	颜(顏)	[空]	ngae2(ŋɛ³¹)	true	ngae2	暂无	自旧档汇入	2023-07-05T08:47:08+08:00
奉贤	雁(雁)	[空]	yae6(ɦiɛ¹¹³)	true	yae6	暂无	自旧档汇入	2023-07-05T08:47:08+08:00
奉贤	雁(雁)	白	ngae6(ŋɛ¹¹³)	true	ngae6	暂无	自旧档汇入	2023-07-05T08:47:08+08:00
奉贤	晏(晏)	[空]	ae5(∅ɛ³³⁵)	true	ae5	暂无	自旧档汇入	2023-07-05T08:47:08+08:00
奉贤	铡(鍘)	[空]	zaeq8(zæʔ³)	true	zaeq8	暂无	自旧档汇入	2023-07-05T08:47:08+08:00
奉贤	瞎(瞎)	[空]	haeq7(hæʔ⁵)	true	haeq7	暂无	自旧档汇入	2023-07-05T08:47:08+08:00
奉贤	鞭(鞭)	[空]	pi1(ɓi⁵³)	true	pi1	暂无	自旧档汇入	2023-07-05T08:47:08+08:00
奉贤	编(編)	[空]	pi1(ɓi⁵³)	true	pi1	暂无	自旧档汇入	2023-07-05T08:47:08+08:00
奉贤	变(變)	[空]	pi5(ɓi³³⁵)	true	pi5	暂无	自旧档汇入	2023-07-05T08:47:08+08:00
奉贤	篇(篇)	[空]	phi1(pʰi⁵³)	true	phi1	暂无	自旧档汇入	2023-07-05T08:47:08+08:00
奉贤	偏(偏)	[空]	phi1(pʰi⁵³)	true	phi1	暂无	自旧档汇入	2023-07-05T08:47:08+08:00
奉贤	骗(騙)	[空]	phi5(pʰi³³⁵)	true	phi5	暂无	自旧档汇入	2023-07-05T08:47:08+08:00
奉贤	便(便)	~宜	bi2(bi³¹)	true	bi2	暂无	自旧档汇入	2023-07-05T08:47:08+08:00
奉贤	辨(辨)	[空]	bi6(bi¹¹³)	true	bi6	暂无	自旧档汇入	2023-07-05T08:47:08+08:00
奉贤	辩(辯)	[空]	bi6(bi¹¹³)	true	bi6	暂无	自旧档汇入	2023-07-05T08:47:08+08:00
奉贤	便(便)	[空]	bi6(bi¹¹³)	true	bi6	暂无	自旧档汇入	2023-07-05T08:47:08+08:00
奉贤	棉(棉)	[空]	mi2(mi³¹)	true	mi2	暂无	自旧档汇入	2023-07-05T08:47:08+08:00
奉贤	绵(綿)	[空]	mi2(mi³¹)	true	mi2	暂无	自旧档汇入	2023-07-05T08:47:08+08:00
奉贤	免(免)	【校】原mi1	mi4(mi²²)	true	mi4	暂无	自旧档汇入	2023-07-05T08:47:08+08:00
奉贤	勉(勉)	[空]	mi6(mi¹¹³)	true	mi6	暂无	自旧档汇入	2023-07-05T08:47:08+08:00
奉贤	娩(娩)	[空]	mi6(mi¹¹³)	true	mi6	暂无	自旧档汇入	2023-07-05T08:47:08+08:00
奉贤	面(面)	[空]	mi6(mi¹¹³)	true	mi6	暂无	自旧档汇入	2023-07-05T08:47:08+08:00
奉贤	连(連)	[空]	li2(li³¹)	true	li2	暂无	自旧档汇入	2023-07-05T08:47:08+08:00
奉贤	联(聯)	[空]	li2(li³¹)	true	li2	暂无	自旧档汇入	2023-07-05T08:47:08+08:00
奉贤	联(聯)	[空]	li6(li¹¹³)	true	li6	暂无	自旧档汇入	2023-07-05T08:47:08+08:00
奉贤	煎(煎)	[空]	tsi1(tsi⁵³)	true	tsi1	暂无	自旧档汇入	2023-07-05T08:47:08+08:00
奉贤	剪(剪)	[空]	tsi3(tsi⁴⁴)	true	tsi3	暂无	自旧档汇入	2023-07-05T08:47:08+08:00
奉贤	箭(箭)	[空]	tsi5(tsi³³⁵)	true	tsi5	暂无	自旧档汇入	2023-07-05T08:47:08+08:00
奉贤	迁(遷)	[空]	tshi1(tsʰi⁵³)	true	tshi1	暂无	自旧档汇入	2023-07-05T08:47:08+08:00
奉贤	浅(淺)	[空]	tshi3(tsʰi⁴⁴)	true	tshi3	暂无	自旧档汇入	2023-07-05T08:47:08+08:00
奉贤	钱(錢)	[空]	zi2(zi³¹)	true	zi2	暂无	自旧档汇入	2023-07-05T08:47:08+08:00
奉贤	贱(賤)	[空]	zi6(zi¹¹³)	true	zi6	暂无	自旧档汇入	2023-07-05T08:47:08+08:00
奉贤	贱(賤)	[空]	ze6(ze¹¹³)	true	ze6	暂无	自旧档汇入	2023-07-05T08:47:08+08:00
奉贤	仙(仙)	[空]	si1(si⁵³)	true	si1	暂无	自旧档汇入	2023-07-05T08:47:08+08:00
奉贤	鲜(鮮)	[空]	si1(si⁵³)	true	si1	暂无	自旧档汇入	2023-07-05T08:47:08+08:00
奉贤	癣(癬)	[空]	si3(si⁴⁴)	true	si3	暂无	自旧档汇入	2023-07-05T08:47:08+08:00
奉贤	线(線)	[空]	si5(si³³⁵)	true	si5	暂无	自旧档汇入	2023-07-05T08:47:08+08:00
奉贤	展(展)	[空]	tse3(tse⁴⁴)	true	tse3	暂无	自旧档汇入	2023-07-05T08:47:08+08:00
奉贤	缠(纏)	[空]	ze2(ze³¹)	true	ze2	暂无	自旧档汇入	2023-07-05T08:47:08+08:00
奉贤	战(戰)	[空]	tse5(tse³³⁵)	true	tse5	暂无	自旧档汇入	2023-07-05T08:47:08+08:00
奉贤	扇(扇)	[空]	se5(se³³⁵)	true	se5	暂无	自旧档汇入	2023-07-05T08:47:08+08:00
奉贤	禅(禪)	[空]	ze2(ze³¹)	true	ze2	暂无	自旧档汇入	2023-07-05T08:47:08+08:00
奉贤	善(善)	[空]	ze6(ze¹¹³)	true	ze6	暂无	自旧档汇入	2023-07-05T08:47:08+08:00
奉贤	然(然)	[空]	ze2(ze³¹)	true	ze2	暂无	自旧档汇入	2023-07-05T08:47:08+08:00
奉贤	燃(燃)	[空]	ze2(ze³¹)	true	ze2	暂无	自旧档汇入	2023-07-05T08:47:08+08:00
奉贤	乾(乾)	[空]	ji2(ɟi³¹)	true	ji2	暂无	自旧档汇入	2023-07-05T08:47:08+08:00
奉贤	件(件)	[空]	ji6(ɟi¹¹³)	true	ji6	暂无	自旧档汇入	2023-07-05T08:47:08+08:00
奉贤	谚(諺)	[空]	yi6(ɦi¹¹³)	true	yi6	暂无	自旧档汇入	2023-07-05T08:47:08+08:00
奉贤	谚(諺)	白	ngae6(ŋɛ¹¹³)	true	ngae6	暂无	自旧档汇入	2023-07-05T08:47:08+08:00
奉贤	延(延)	[空]	yi2(ɦi³¹)	true	yi2	暂无	自旧档汇入	2023-07-05T08:47:08+08:00
奉贤	筵(筵)	[空]	yi2(ɦi³¹)	true	yi2	暂无	自旧档汇入	2023-07-05T08:47:08+08:00
奉贤	演(演)	[空]	yi6(ɦi¹¹³)	true	yi6	暂无	自旧档汇入	2023-07-05T08:47:08+08:00
奉贤	鳖(鱉)	[空]	piq7(ɓiɪʔ⁵)	true	piq7	暂无	自旧档汇入	2023-07-05T08:47:08+08:00
奉贤	别(別)	[空]	biq8(biɪʔ³)	true	biq8	暂无	自旧档汇入	2023-07-05T08:47:08+08:00
奉贤	别(別)	白	beq8(beʔ³)	true	beq8	暂无	自旧档汇入	2023-07-05T08:47:08+08:00
奉贤	灭(滅)	[空]	miq8(miɪʔ³)	true	miq8	暂无	自旧档汇入	2023-07-05T08:47:08+08:00
奉贤	列(列)	[空]	liq8(liɪʔ³)	true	liq8	暂无	自旧档汇入	2023-07-05T08:47:08+08:00
奉贤	烈(烈)	[空]	liq8(liɪʔ³)	true	liq8	暂无	自旧档汇入	2023-07-05T08:47:08+08:00
奉贤	裂(裂)	[空]	liq8(liɪʔ³)	true	liq8	暂无	自旧档汇入	2023-07-05T08:47:08+08:00
奉贤	泄(洩)	[空]	siq7(siɪʔ⁵)	true	siq7	暂无	自旧档汇入	2023-07-05T08:47:08+08:00
奉贤	薛(薛)	[空]	siq7(siɪʔ⁵)	true	siq7	暂无	自旧档汇入	2023-07-05T08:47:08+08:00
奉贤	哲(哲)	[空]	tseq7(tseʔ⁵)	true	tseq7	暂无	自旧档汇入	2023-07-05T08:47:08+08:00
奉贤	撤(撤)	[空]	tsheq7(tsʰeʔ⁵)	true	tsheq7	暂无	自旧档汇入	2023-07-05T08:47:08+08:00
奉贤	彻(徹)	[空]	tsheq7(tsʰeʔ⁵)	true	tsheq7	暂无	自旧档汇入	2023-07-05T08:47:08+08:00
奉贤	折(折)	[空]	tseq7(tseʔ⁵)	true	tseq7	暂无	自旧档汇入	2023-07-05T08:47:08+08:00
奉贤	折(折)	白。~被头	tsiq7(tsiɪʔ⁵)	true	tsiq7	暂无	自旧档汇入	2023-07-05T08:47:08+08:00
奉贤	浙(浙)	[空]	tseq7(tseʔ⁵)	true	tseq7	暂无	自旧档汇入	2023-07-05T08:47:08+08:00
奉贤	舌(舌)	[空]	zeq8(zeʔ³)	true	zeq8	暂无	自旧档汇入	2023-07-05T08:47:08+08:00
奉贤	设(設)	[空]	seq7(seʔ⁵)	true	seq7	暂无	自旧档汇入	2023-07-05T08:47:08+08:00
奉贤	热(熱)	[空]	gniq8(ɲiɪʔ³)	true	gniq8	暂无	自旧档汇入	2023-07-05T08:47:08+08:00
奉贤	杰(傑)	[空]	jiq8(ɟiɪʔ³)	true	jiq8	暂无	自旧档汇入	2023-07-05T08:47:08+08:00
奉贤	孽(孽)	[空]	gniq8(ɲiɪʔ³)	true	gniq8	暂无	自旧档汇入	2023-07-05T08:47:08+08:00
奉贤	建(建)	[空]	ci5(ʄi³³⁵)	true	ci5	暂无	自旧档汇入	2023-07-05T08:47:08+08:00
奉贤	健(健)	[空]	ji6(ɟi¹¹³)	true	ji6	暂无	自旧档汇入	2023-07-05T08:47:08+08:00
奉贤	言(言)	[空]	yi2(ɦi³¹)	true	yi2	暂无	自旧档汇入	2023-07-05T08:47:08+08:00
奉贤	掀(掀)	[空]	shi1(çi⁵³)	true	shi1	暂无	自旧档汇入	2023-07-05T08:47:08+08:00
奉贤	掀(掀)	[空]	shin1(çiɐŋ⁵³)	true	shin1	暂无	自旧档汇入	2023-07-05T08:47:08+08:00
奉贤	宪(憲)	[空]	shi5(çi³³⁵)	true	shi5	暂无	自旧档汇入	2023-07-05T08:47:08+08:00
奉贤	献(獻)	[空]	shi5(çi³³⁵)	true	shi5	暂无	自旧档汇入	2023-07-05T08:47:08+08:00
奉贤	揭(揭)	[空]	ciq7(ʄiɪʔ⁵)	true	ciq7	暂无	自旧档汇入	2023-07-05T08:47:08+08:00
奉贤	歇(歇)	[空]	shiq7(çiɪʔ⁵)	true	shiq7	暂无	自旧档汇入	2023-07-05T08:47:08+08:00
奉贤	歇(歇)	又	shi3(çi⁴⁴)	true	shi3	暂无	自旧档汇入	2023-07-05T08:47:08+08:00
奉贤	边(邊)	[空]	pi1(ɓi⁵³)	true	pi1	暂无	自旧档汇入	2023-07-05T08:47:08+08:00
奉贤	蝙(蝙)	[空]	pi1(ɓi⁵³)	true	pi1	暂无	自旧档汇入	2023-07-05T08:47:08+08:00
奉贤	扁(扁)	[空]	pi3(ɓi⁴⁴)	true	pi3	暂无	自旧档汇入	2023-07-05T08:47:08+08:00
奉贤	匾(匾)	[空]	pi3(ɓi⁴⁴)	true	pi3	暂无	自旧档汇入	2023-07-05T08:47:08+08:00
奉贤	遍(遍)	[空]	pi5(ɓi³³⁵)	true	pi5	暂无	自旧档汇入	2023-07-05T08:47:08+08:00
奉贤	片(片)	[空]	phi5(pʰi³³⁵)	true	phi5	暂无	自旧档汇入	2023-07-05T08:47:08+08:00
奉贤	辫(辮)	[空]	bi6(bi¹¹³)	true	bi6	暂无	自旧档汇入	2023-07-05T08:47:08+08:00
奉贤	眠(眠)	[空]	mi2(mi³¹)	true	mi2	暂无	自旧档汇入	2023-07-05T08:47:08+08:00
奉贤	面(面)	[空]	mi6(mi¹¹³)	true	mi6	暂无	自旧档汇入	2023-07-05T08:47:08+08:00
奉贤	颠(顛)	[空]	ti1(ɗi⁵³)	true	ti1	暂无	自旧档汇入	2023-07-05T08:47:08+08:00
奉贤	典(典)	[空]	ti3(ɗi⁴⁴)	true	ti3	暂无	自旧档汇入	2023-07-05T08:47:08+08:00
奉贤	天(天)	[空]	thi1(tʰi⁵³)	true	thi1	暂无	自旧档汇入	2023-07-05T08:47:08+08:00
奉贤	田(田)	[空]	di2(di³¹)	true	di2	暂无	自旧档汇入	2023-07-05T08:47:08+08:00
奉贤	填(填)	[空]	di2(di³¹)	true	di2	暂无	自旧档汇入	2023-07-05T08:47:08+08:00
奉贤	电(電)	[空]	di6(di¹¹³)	true	di6	暂无	自旧档汇入	2023-07-05T08:47:08+08:00
奉贤	殿(殿)	[空]	di6(di¹¹³)	true	di6	暂无	自旧档汇入	2023-07-05T08:47:08+08:00
奉贤	垫(墊)	[空]	di6(di¹¹³)	true	di6	暂无	自旧档汇入	2023-07-05T08:47:08+08:00
奉贤	年(年)	[空]	gni2(ɲi³¹)	true	gni2	暂无	自旧档汇入	2023-07-05T08:47:08+08:00
奉贤	怜(憐)	【校】原li6	li2(li³¹)	true	li2	暂无	自旧档汇入	2023-07-05T08:47:08+08:00
奉贤	莲(蓮)	[空]	li2(li³¹)	true	li2	暂无	自旧档汇入	2023-07-05T08:47:08+08:00
奉贤	练(練)	[空]	li6(li¹¹³)	true	li6	暂无	自旧档汇入	2023-07-05T08:47:08+08:00
奉贤	炼(煉)	[空]	li6(li¹¹³)	true	li6	暂无	自旧档汇入	2023-07-05T08:47:08+08:00
奉贤	笺(箋)	[空]	tsi1(tsi⁵³)	true	tsi1	暂无	自旧档汇入	2023-07-05T08:47:08+08:00
奉贤	千(千)	[空]	tshi1(tsʰi⁵³)	true	tshi1	暂无	自旧档汇入	2023-07-05T08:47:08+08:00
奉贤	前(前)	[空]	zi2(zi³¹)	true	zi2	暂无	自旧档汇入	2023-07-05T08:47:08+08:00
奉贤	先(先)	[空]	si1(si⁵³)	true	si1	暂无	自旧档汇入	2023-07-05T08:47:08+08:00
奉贤	肩(肩)	[空]	ci1(ʄi⁵³)	true	ci1	暂无	自旧档汇入	2023-07-05T08:47:08+08:00
奉贤	坚(堅)	[空]	ci1(ʄi⁵³)	true	ci1	暂无	自旧档汇入	2023-07-05T08:47:08+08:00
奉贤	茧(繭)	[空]	ci3(ʄi⁴⁴)	true	ci3	暂无	自旧档汇入	2023-07-05T08:47:08+08:00
奉贤	见(見)	[空]	ci5(ʄi³³⁵)	true	ci5	暂无	自旧档汇入	2023-07-05T08:47:08+08:00
奉贤	牵(牽)	[空]	chi1(cʰi⁵³)	true	chi1	暂无	自旧档汇入	2023-07-05T08:47:08+08:00
奉贤	研(研)	[空]	gni1(ɲi⁵³)	true	gni1	暂无	自旧档汇入	2023-07-05T08:47:08+08:00
奉贤	砚(硯)	[空]	gni6(ɲi¹¹³)	true	gni6	暂无	自旧档汇入	2023-07-05T08:47:08+08:00
奉贤	显(顯)	[空]	shi3(çi⁴⁴)	true	shi3	暂无	自旧档汇入	2023-07-05T08:47:08+08:00
奉贤	贤(賢)	[空]	yi2(ɦi³¹)	true	yi2	暂无	自旧档汇入	2023-07-05T08:47:08+08:00
奉贤	弦(弦)	[空]	yi2(ɦi³¹)	true	yi2	暂无	自旧档汇入	2023-07-05T08:47:08+08:00
奉贤	现(現)	[空]	yi6(ɦi¹¹³)	true	yi6	暂无	自旧档汇入	2023-07-05T08:47:08+08:00
奉贤	烟(煙)	[空]	i1(∅i⁵³)	true	i1	暂无	自旧档汇入	2023-07-05T08:47:08+08:00
奉贤	燕(燕)	[空]	i5(∅i³³⁵)	true	i5	暂无	自旧档汇入	2023-07-05T08:47:08+08:00
奉贤	咽(咽)	[空]	i5(∅i³³⁵)	true	i5	暂无	自旧档汇入	2023-07-05T08:47:08+08:00
奉贤	宴(宴)	[空]	i5(∅i³³⁵)	true	i5	暂无	自旧档汇入	2023-07-05T08:47:08+08:00
奉贤	撤(撤)	[空]	tsheq7(tsʰeʔ⁵)	true	tsheq7	暂无	自旧档汇入	2023-07-05T08:47:08+08:00
奉贤	铁(鐵)	[空]	thiq7(tʰiɪʔ⁵)	true	thiq7	暂无	自旧档汇入	2023-07-05T08:47:08+08:00
奉贤	跌(跌)	[空]	tiq7(ɗiɪʔ⁵)	true	tiq7	暂无	自旧档汇入	2023-07-05T08:47:08+08:00
奉贤	捏(捏)	[空]	gniaeq8(ɲiæʔ³)	true	gniaeq8	暂无	自旧档汇入	2023-07-05T08:47:08+08:00
奉贤	捏(捏)	又。~忙	gniaq8(ɲiɑʔ³)	true	gniaq8	暂无	自旧档汇入	2023-07-05T08:47:08+08:00
奉贤	节(節)	[空]	tsiq7(tsiɪʔ⁵)	true	tsiq7	暂无	自旧档汇入	2023-07-05T08:47:08+08:00
奉贤	切(切)	[空]	tshiq7(tsʰiɪʔ⁵)	true	tshiq7	暂无	自旧档汇入	2023-07-05T08:47:08+08:00
奉贤	截(截)	[空]	ciq7(ʄiɪʔ⁵)	true	ciq7	暂无	自旧档汇入	2023-07-05T08:47:08+08:00
奉贤	屑(屑)	[空]	siq7(siɪʔ⁵)	true	siq7	暂无	自旧档汇入	2023-07-05T08:47:08+08:00
奉贤	结(結)	[空]	ciq7(ʄiɪʔ⁵)	true	ciq7	暂无	自旧档汇入	2023-07-05T08:47:08+08:00
奉贤	洁(潔)	[空]	ciq7(ʄiɪʔ⁵)	true	ciq7	暂无	自旧档汇入	2023-07-05T08:47:08+08:00
奉贤	噎(噎)	[空]	iq7(∅iɪʔ⁵)	true	iq7	暂无	自旧档汇入	2023-07-05T08:47:08+08:00
奉贤	般(般)	[空]	pae1(ɓɛ⁵³)	true	pae1	暂无	自旧档汇入	2023-07-05T08:47:08+08:00
奉贤	搬(搬)	[空]	pe1(ɓe⁵³)	true	pe1	暂无	自旧档汇入	2023-07-05T08:47:08+08:00
奉贤	半(半)	[空]	pe5(ɓe³³⁵)	true	pe5	暂无	自旧档汇入	2023-07-05T08:47:08+08:00
奉贤	绊(絆)	[空]	be6(be¹¹³)	true	be6	暂无	自旧档汇入	2023-07-05T08:47:08+08:00
奉贤	潘(潘)	[空]	phe1(pʰe⁵³)	true	phe1	暂无	自旧档汇入	2023-07-05T08:47:08+08:00
奉贤	判(判)	[空]	phe5(pʰe³³⁵)	true	phe5	暂无	自旧档汇入	2023-07-05T08:47:08+08:00
奉贤	盘(盤)	[空]	be2(be³¹)	true	be2	暂无	自旧档汇入	2023-07-05T08:47:08+08:00
奉贤	伴(伴)	[空]	be6(be¹¹³)	true	be6	暂无	自旧档汇入	2023-07-05T08:47:08+08:00
奉贤	拌(拌)	[空]	be6(be¹¹³)	true	be6	暂无	自旧档汇入	2023-07-05T08:47:08+08:00
奉贤	叛(叛)	[空]	be6(be¹¹³)	true	be6	暂无	自旧档汇入	2023-07-05T08:47:08+08:00
奉贤	瞒(瞞)	[空]	me2(me³¹)	true	me2	暂无	自旧档汇入	2023-07-05T08:47:08+08:00
奉贤	满(滿)	[空]	me6(me¹¹³)	true	me6	暂无	自旧档汇入	2023-07-05T08:47:08+08:00
奉贤	漫(漫)	[空]	me6(me¹¹³)	true	me6	暂无	自旧档汇入	2023-07-05T08:47:08+08:00
奉贤	端(端)	[空]	toe1(ɗø⁵³)	true	toe1	暂无	自旧档汇入	2023-07-05T08:47:08+08:00
奉贤	短(短)	[空]	toe3(ɗø⁴⁴)	true	toe3	暂无	自旧档汇入	2023-07-05T08:47:08+08:00
奉贤	断(斷)	決~	toe5(ɗø³³⁵)	true	toe5	暂无	自旧档汇入	2023-07-05T08:47:08+08:00
奉贤	锻(鍛)	[空]	toe5(ɗø³³⁵)	true	toe5	暂无	自旧档汇入	2023-07-05T08:47:08+08:00
奉贤	团(團)	[空]	doe2(dø³¹)	true	doe2	暂无	自旧档汇入	2023-07-05T08:47:08+08:00
奉贤	断(斷)	~絕	doe6(dø¹¹³)	true	doe6	暂无	自旧档汇入	2023-07-05T08:47:08+08:00
奉贤	段(段)	[空]	doe6(dø¹¹³)	true	doe6	暂无	自旧档汇入	2023-07-05T08:47:08+08:00
奉贤	缎(緞)	[空]	doe6(dø¹¹³)	true	doe6	暂无	自旧档汇入	2023-07-05T08:47:08+08:00
奉贤	暖(暖)	【校】原noe6	noe4(nø²²)	true	noe4	暂无	自旧档汇入	2023-07-05T08:47:08+08:00
奉贤	卵(卵)	文	lu6(lu¹¹³)	true	lu6	暂无	自旧档汇入	2023-07-05T08:47:08+08:00
奉贤	卵(卵)	白	loe4(lø²²)	true	loe4	暂无	自旧档汇入	2023-07-05T08:47:08+08:00
奉贤	乱(亂)	[空]	loe6(lø¹¹³)	true	loe6	暂无	自旧档汇入	2023-07-05T08:47:08+08:00
奉贤	钻(鑽)	~洞	tsoe1(tsø⁵³)	true	tsoe1	暂无	自旧档汇入	2023-07-05T08:47:08+08:00
奉贤	钻(鑽)	~子	tshoe1(tsʰø⁵³)	true	tshoe1	暂无	自旧档汇入	2023-07-05T08:47:08+08:00
奉贤	酸(酸)	[空]	soe1(sø⁵³)	true	soe1	暂无	自旧档汇入	2023-07-05T08:47:08+08:00
奉贤	酸(酸)	白。咸~饭	shiu1(çy⁵³)	true	shiu1	暂无	自旧档汇入	2023-07-05T08:47:08+08:00
奉贤	算(算)	[空]	soe5(sø³³⁵)	true	soe5	暂无	自旧档汇入	2023-07-05T08:47:08+08:00
奉贤	蒜(蒜)	[空]	soe5(sø³³⁵)	true	soe5	暂无	自旧档汇入	2023-07-05T08:47:08+08:00
奉贤	官(官)	[空]	kue1(kue⁵³)	true	kue1	暂无	自旧档汇入	2023-07-05T08:47:08+08:00
奉贤	观(觀)	[空]	kue1(kue⁵³)	true	kue1	暂无	自旧档汇入	2023-07-05T08:47:08+08:00
奉贤	冠(冠)	[空]	kue1(kue⁵³)	true	kue1	暂无	自旧档汇入	2023-07-05T08:47:08+08:00
奉贤	棺(棺)	[空]	kue1(kue⁵³)	true	kue1	暂无	自旧档汇入	2023-07-05T08:47:08+08:00
奉贤	管(管)	[空]	kue3(kue⁴⁴)	true	kue3	暂无	自旧档汇入	2023-07-05T08:47:08+08:00
奉贤	馆(館)	[空]	kue3(kue⁴⁴)	true	kue3	暂无	自旧档汇入	2023-07-05T08:47:08+08:00
奉贤	贯(貫)	[空]	kue5(kue³³⁵)	true	kue5	暂无	自旧档汇入	2023-07-05T08:47:08+08:00
奉贤	贯(貫)	[空]	kuae5(kɛ³³⁵)	true	kuae5	暂无	自旧档汇入	2023-07-05T08:47:08+08:00
奉贤	罐(罐)	[空]	kue5(kue³³⁵)	true	kue5	暂无	自旧档汇入	2023-07-05T08:47:08+08:00
奉贤	灌(灌)	[空]	kue5(kue³³⁵)	true	kue5	暂无	自旧档汇入	2023-07-05T08:47:08+08:00
奉贤	冠(冠)	~軍	kue5(kue³³⁵)	true	kue5	暂无	自旧档汇入	2023-07-05T08:47:08+08:00
奉贤	冠(冠)	鸡~	kuae5(kɛ³³⁵)	true	kuae5	暂无	自旧档汇入	2023-07-05T08:47:08+08:00
奉贤	宽(寬)	[空]	khue1(kʰue⁵³)	true	khue1	暂无	自旧档汇入	2023-07-05T08:47:08+08:00
奉贤	款(款)	[空]	khue3(kʰue⁴⁴)	true	khue3	暂无	自旧档汇入	2023-07-05T08:47:08+08:00
奉贤	玩(玩)	白【校】原mae6	mae2(mɛ³¹)	true	mae2	暂无	自旧档汇入	2023-07-05T08:47:08+08:00
奉贤	玩(玩)	文【校】原vae6	vae2(βɛ³¹)	true	vae2	暂无	自旧档汇入	2023-07-05T08:47:08+08:00
奉贤	欢(歡)	[空]	fe1(ɸe⁵³)	true	fe1	暂无	自旧档汇入	2023-07-05T08:47:08+08:00
奉贤	唤(喚)	[空]	fe5(ɸe³³⁵)	true	fe5	暂无	自旧档汇入	2023-07-05T08:47:08+08:00
奉贤	完(完)	[空]	ve2(βe³¹)	true	ve2	暂无	自旧档汇入	2023-07-05T08:47:08+08:00
奉贤	缓(緩)	[空]	ue3(∅ue⁴⁴)	true	ue3	暂无	自旧档汇入	2023-07-05T08:47:08+08:00
奉贤	皖(皖)	[空]	ue3(∅ue⁴⁴)	true	ue3	暂无	自旧档汇入	2023-07-05T08:47:08+08:00
奉贤	换(換)	[空]	ve6(βe¹¹³)	true	ve6	暂无	自旧档汇入	2023-07-05T08:47:08+08:00
奉贤	豌(豌)	[空]	ue3(∅ue⁴⁴)	true	ue3	暂无	自旧档汇入	2023-07-05T08:47:08+08:00
奉贤	碗(碗)	[空]	ue3(∅ue⁴⁴)	true	ue3	暂无	自旧档汇入	2023-07-05T08:47:08+08:00
奉贤	腕(腕)	[空]	ue5(∅ue³³⁵)	true	ue5	暂无	自旧档汇入	2023-07-05T08:47:08+08:00
奉贤	拨(撥)	[空]	peq7(ɓeʔ⁵)	true	peq7	暂无	自旧档汇入	2023-07-05T08:47:08+08:00
奉贤	泼(潑)	[空]	pheq7(pʰeʔ⁵)	true	pheq7	暂无	自旧档汇入	2023-07-05T08:47:08+08:00
奉贤	抹(抹)	[空]	meq8(meʔ³)	true	meq8	暂无	自旧档汇入	2023-07-05T08:47:08+08:00
奉贤	末(末)	[空]	meq8(meʔ³)	true	meq8	暂无	自旧档汇入	2023-07-05T08:47:08+08:00
奉贤	脱(脫)	[空]	thoeq7(tʰœʔ⁵)	true	thoeq7	暂无	自旧档汇入	2023-07-05T08:47:08+08:00
奉贤	夺(奪)	[空]	doeq8(dœʔ³)	true	doeq8	暂无	自旧档汇入	2023-07-05T08:47:08+08:00
奉贤	撮(撮)	[空]	tshuoeq7(tsʰuœʔ⁵)	true	tshuoeq7	暂无	自旧档汇入	2023-07-05T08:47:08+08:00
奉贤	括(括)	[空]	kuaeq7(kuæʔ⁵)	true	kuaeq7	暂无	自旧档汇入	2023-07-05T08:47:08+08:00
奉贤	阔(闊)	[空]	khueq7(kʰueʔ⁵)	true	khueq7	暂无	自旧档汇入	2023-07-05T08:47:08+08:00
奉贤	豁(豁)	[空]	faeq7(ɸæʔ⁵)	true	faeq7	暂无	自旧档汇入	2023-07-05T08:47:08+08:00
奉贤	活(活)	[空]	veq8(βeʔ³)	true	veq8	暂无	自旧档汇入	2023-07-05T08:47:08+08:00
奉贤	顽(頑)	[空]	vae2(βɛ³¹)	true	vae2	暂无	自旧档汇入	2023-07-05T08:47:08+08:00
奉贤	滑(滑)	[空]	vaeq8(βæʔ³)	true	vaeq8	暂无	自旧档汇入	2023-07-05T08:47:08+08:00
奉贤	猾(猾)	[空]	vaeq8(βæʔ³)	true	vaeq8	暂无	自旧档汇入	2023-07-05T08:47:08+08:00
奉贤	挖(挖)	[空]	uaeq7(∅uæʔ⁵)	true	uaeq7	暂无	自旧档汇入	2023-07-05T08:47:08+08:00
奉贤	关(關)	[空]	kuae1(kɛ⁵³)	true	kuae1	暂无	自旧档汇入	2023-07-05T08:47:08+08:00
奉贤	惯(慣)	[空]	kuae5(kɛ³³⁵)	true	kuae5	暂无	自旧档汇入	2023-07-05T08:47:08+08:00
奉贤	还(還)	[空]	vae2(βɛ³¹)	true	vae2	暂无	自旧档汇入	2023-07-05T08:47:08+08:00
奉贤	环(環)	白	guae2(gɛ³¹)	true	guae2	暂无	自旧档汇入	2023-07-05T08:47:08+08:00
奉贤	患(患)	[空]	vae6(βɛ¹¹³)	true	vae6	暂无	自旧档汇入	2023-07-05T08:47:08+08:00
奉贤	弯(彎)	[空]	uae1(∅ɛ⁵³)	true	uae1	暂无	自旧档汇入	2023-07-05T08:47:08+08:00
奉贤	湾(灣)	[空]	uae1(∅ɛ⁵³)	true	uae1	暂无	自旧档汇入	2023-07-05T08:47:08+08:00
奉贤	刷(刷)	[空]	seq7(seʔ⁵)	true	seq7	暂无	自旧档汇入	2023-07-05T08:47:08+08:00
奉贤	刮(刮)	[空]	kuaeq7(kuæʔ⁵)	true	kuaeq7	暂无	自旧档汇入	2023-07-05T08:47:08+08:00
奉贤	恋(戀)	[空]	li6(li¹¹³)	true	li6	暂无	自旧档汇入	2023-07-05T08:47:08+08:00
奉贤	泉(泉)	[空]	zi2(zi³¹)	true	zi2	暂无	自旧档汇入	2023-07-05T08:47:08+08:00
奉贤	全(全)	[空]	zi2(zi³¹)	true	zi2	暂无	自旧档汇入	2023-07-05T08:47:08+08:00
奉贤	全(全)	[空]	ze2(ze³¹)	true	ze2	暂无	自旧档汇入	2023-07-05T08:47:08+08:00
奉贤	宣(宣)	[空]	si1(si⁵³)	true	si1	暂无	自旧档汇入	2023-07-05T08:47:08+08:00
奉贤	选(選)	[空]	si3(si⁴⁴)	true	si3	暂无	自旧档汇入	2023-07-05T08:47:08+08:00
奉贤	旋(旋)	[空]	zi2(zi³¹)	true	zi2	暂无	自旧档汇入	2023-07-05T08:47:08+08:00
奉贤	转(轉)	[空]	tse3(tse⁴⁴)	true	tse3	暂无	自旧档汇入	2023-07-05T08:47:08+08:00
奉贤	传(傳)	~達	ze2(ze³¹)	true	ze2	暂无	自旧档汇入	2023-07-05T08:47:08+08:00
奉贤	椽(椽)	[空]	ze2(ze³¹)	true	ze2	暂无	自旧档汇入	2023-07-05T08:47:08+08:00
奉贤	传(傳)	~記	ze6(ze¹¹³)	true	ze6	暂无	自旧档汇入	2023-07-05T08:47:08+08:00
奉贤	专(專)	[空]	tse1(tse⁵³)	true	tse1	暂无	自旧档汇入	2023-07-05T08:47:08+08:00
奉贤	砖(磚)	[空]	tse1(tse⁵³)	true	tse1	暂无	自旧档汇入	2023-07-05T08:47:08+08:00
奉贤	川(川)	[空]	tshe1(tsʰe⁵³)	true	tshe1	暂无	自旧档汇入	2023-07-05T08:47:08+08:00
奉贤	穿(穿)	[空]	tshe1(tsʰe⁵³)	true	tshe1	暂无	自旧档汇入	2023-07-05T08:47:08+08:00
奉贤	喘(喘)	[空]	tshoe5(tsʰø³³⁵)	true	tshoe5	暂无	自旧档汇入	2023-07-05T08:47:08+08:00
奉贤	串(串)	[空]	tshe5(tsʰe³³⁵)	true	tshe5	暂无	自旧档汇入	2023-07-05T08:47:08+08:00
奉贤	船(船)	[空]	ze2(ze³¹)	true	ze2	暂无	自旧档汇入	2023-07-05T08:47:08+08:00
奉贤	软(軟)	[空]	gnioe4(ɲyø²²)	true	gnioe4	暂无	自旧档汇入	2023-07-05T08:47:08+08:00
奉贤	软(軟)	又	gnioe6(ɲyø¹¹³)	true	gnioe6	暂无	自旧档汇入	2023-07-05T08:47:08+08:00
奉贤	卷(卷)	【校】原cioe3	cioe3(ʄyø⁴⁴)	true	cioe3	暂无	自旧档汇入	2023-07-05T08:47:08+08:00
奉贤	眷(眷)	[空]	cioe5(ʄyø³³⁵)	true	cioe5	暂无	自旧档汇入	2023-07-05T08:47:08+08:00
奉贤	绢(絹)	[空]	cioe5(ʄyø³³⁵)	true	cioe5	暂无	自旧档汇入	2023-07-05T08:47:08+08:00
奉贤	圈(圈)	[空]	chioe1(cʰyø⁵³)	true	chioe1	暂无	自旧档汇入	2023-07-05T08:47:08+08:00
奉贤	权(權)	[空]	jioe2(ɟyø³¹)	true	jioe2	暂无	自旧档汇入	2023-07-05T08:47:08+08:00
奉贤	拳(拳)	[空]	jioe2(ɟyø³¹)	true	jioe2	暂无	自旧档汇入	2023-07-05T08:47:08+08:00
奉贤	颧(顴)	[空]	jioe2(ɟyø³¹)	true	jioe2	暂无	自旧档汇入	2023-07-05T08:47:08+08:00
奉贤	倦(倦)	[空]	jioe6(ɟyø¹¹³)	true	jioe6	暂无	自旧档汇入	2023-07-05T08:47:08+08:00
奉贤	员(員)	[空]	ghoe2(ɦø³¹)	true	ghoe2	暂无	自旧档汇入	2023-07-05T08:47:08+08:00
奉贤	圆(圓)	[空]	ghoe2(ɦø³¹)	true	ghoe2	暂无	自旧档汇入	2023-07-05T08:47:08+08:00
奉贤	院(院)	[空]	ghoe6(ɦø¹¹³)	true	ghoe6	暂无	自旧档汇入	2023-07-05T08:47:08+08:00
奉贤	缘(緣)	[空]	ghoe2(ɦø³¹)	true	ghoe2	暂无	自旧档汇入	2023-07-05T08:47:08+08:00
奉贤	铅(鉛)	【校】原yi2	khae1(kʰɛ⁵³)	true	khae1	暂无	自旧档汇入	2023-07-05T08:47:08+08:00
奉贤	沿(沿)	[空]	yi2(ɦi³¹)	true	yi2	暂无	自旧档汇入	2023-07-05T08:47:08+08:00
奉贤	捐(捐)	[空]	cioe1(ʄyø⁵³)	true	cioe1	暂无	自旧档汇入	2023-07-05T08:47:08+08:00
奉贤	劣(劣)	[空]	liq8(liɪʔ³)	true	liq8	暂无	自旧档汇入	2023-07-05T08:47:08+08:00
奉贤	绝(絕)	[空]	ziq8(ziɪʔ³)	true	ziq8	暂无	自旧档汇入	2023-07-05T08:47:08+08:00
奉贤	雪(雪)	[空]	siq7(siɪʔ⁵)	true	siq7	暂无	自旧档汇入	2023-07-05T08:47:08+08:00
奉贤	说(說)	[空]	suoeq7(suœʔ⁵)	true	suoeq7	暂无	自旧档汇入	2023-07-05T08:47:08+08:00
奉贤	悦(悅)	[空]	yoeq8(ɦyœʔ³)	true	yoeq8	暂无	自旧档汇入	2023-07-05T08:47:08+08:00
奉贤	阅(閱)	[空]	yoeq8(ɦyœʔ³)	true	yoeq8	暂无	自旧档汇入	2023-07-05T08:47:08+08:00
奉贤	反(反)	【校】原fae5	fae3(ɸɛ⁴⁴)	true	fae3	暂无	自旧档汇入	2023-07-05T08:47:08+08:00
奉贤	贩(販)	[空]	fae5(ɸɛ³³⁵)	true	fae5	暂无	自旧档汇入	2023-07-05T08:47:08+08:00
奉贤	番(番)	[空]	fae1(ɸɛ⁵³)	true	fae1	暂无	自旧档汇入	2023-07-05T08:47:08+08:00
奉贤	翻(翻)	[空]	fae1(ɸɛ⁵³)	true	fae1	暂无	自旧档汇入	2023-07-05T08:47:08+08:00
奉贤	烦(煩)	[空]	vae2(βɛ³¹)	true	vae2	暂无	自旧档汇入	2023-07-05T08:47:08+08:00
奉贤	繁(繁)	[空]	vae2(βɛ³¹)	true	vae2	暂无	自旧档汇入	2023-07-05T08:47:08+08:00
奉贤	饭(飯)	[空]	vae6(βɛ¹¹³)	true	vae6	暂无	自旧档汇入	2023-07-05T08:47:08+08:00
奉贤	晚(晚)	[空]	uae5(∅ɛ³³⁵)	true	uae5	暂无	自旧档汇入	2023-07-05T08:47:08+08:00
奉贤	晚(晚)	白	mae4(mɛ²²)	true	mae4	暂无	自旧档汇入	2023-07-05T08:47:08+08:00
奉贤	愿(願)	[空]	gnioe6(ɲyø¹¹³)	true	gnioe6	暂无	自旧档汇入	2023-07-05T08:47:08+08:00
奉贤	楦(楦)	[空]	shioe1(çyø⁵³)	true	shioe1	暂无	自旧档汇入	2023-07-05T08:47:08+08:00
奉贤	冤(冤)	[空]	oe1(∅ø⁵³)	true	oe1	暂无	自旧档汇入	2023-07-05T08:47:08+08:00
奉贤	怨(怨)	[空]	oe5(∅ø³³⁵)	true	oe5	暂无	自旧档汇入	2023-07-05T08:47:08+08:00
奉贤	袁(袁)	[空]	ghoe2(ɦø³¹)	true	ghoe2	暂无	自旧档汇入	2023-07-05T08:47:08+08:00
奉贤	园(園)	[空]	ghoe2(ɦø³¹)	true	ghoe2	暂无	自旧档汇入	2023-07-05T08:47:08+08:00
奉贤	万(萬)	文	vae6(βɛ¹¹³)	true	vae6	暂无	自旧档汇入	2023-07-05T08:47:08+08:00
奉贤	万(萬)	白	mae6(mɛ¹¹³)	true	mae6	暂无	自旧档汇入	2023-07-05T08:47:08+08:00
奉贤	劝(勸)	[空]	chioe5(cʰyø³³⁵)	true	chioe5	暂无	自旧档汇入	2023-07-05T08:47:08+08:00
奉贤	券(券)	[空]	chioe5(cʰyø³³⁵)	true	chioe5	暂无	自旧档汇入	2023-07-05T08:47:08+08:00
奉贤	原(原)	[空]	gnioe2(ɲyø³¹)	true	gnioe2	暂无	自旧档汇入	2023-07-05T08:47:08+08:00
奉贤	源(源)	[空]	gnioe2(ɲyø³¹)	true	gnioe2	暂无	自旧档汇入	2023-07-05T08:47:08+08:00
奉贤	元(元)	[空]	gnioe2(ɲyø³¹)	true	gnioe2	暂无	自旧档汇入	2023-07-05T08:47:08+08:00
奉贤	援(援)	[空]	ghoe6(ɦø¹¹³)	true	ghoe6	暂无	自旧档汇入	2023-07-05T08:47:08+08:00
奉贤	远(遠)	[空]	ghoe4(ɦø²²)	true	ghoe4	暂无	自旧档汇入	2023-07-05T08:47:08+08:00
奉贤	远(遠)	又。长~	hoe3(hø⁴⁴)	true	hoe3	暂无	自旧档汇入	2023-07-05T08:47:08+08:00
奉贤	发(髮)	[空]	faeq7(ɸæʔ⁵)	true	faeq7	暂无	自旧档汇入	2023-07-05T08:47:08+08:00
奉贤	伐(伐)	[空]	vaeq8(βæʔ³)	true	vaeq8	暂无	自旧档汇入	2023-07-05T08:47:08+08:00
奉贤	罚(罰)	[空]	vaeq8(βæʔ³)	true	vaeq8	暂无	自旧档汇入	2023-07-05T08:47:08+08:00
奉贤	筏(筏)	[空]	vaeq8(βæʔ³)	true	vaeq8	暂无	自旧档汇入	2023-07-05T08:47:08+08:00
奉贤	袜(襪)	[空]	maeq8(mæʔ³)	true	maeq8	暂无	自旧档汇入	2023-07-05T08:47:08+08:00
奉贤	掘(掘)	[空]	jioeq8(ɟyœʔ³)	true	jioeq8	暂无	自旧档汇入	2023-07-05T08:47:08+08:00
奉贤	月(月)	白	gnioeq8(ɲyœʔ³)	true	gnioeq8	暂无	自旧档汇入	2023-07-05T08:47:08+08:00
奉贤	月(月)	文	yoeq8(ɦyœʔ³)	true	yoeq8	暂无	自旧档汇入	2023-07-05T08:47:08+08:00
奉贤	越(越)	[空]	yoeq8(ɦyœʔ³)	true	yoeq8	暂无	自旧档汇入	2023-07-05T08:47:08+08:00
奉贤	犬(犬)	[空]	chioe3(cʰyø⁴⁴)	true	chioe3	暂无	自旧档汇入	2023-07-05T08:47:08+08:00
奉贤	县(縣)	[空]	ghoe6(ɦø¹¹³)	true	ghoe6	暂无	自旧档汇入	2023-07-05T08:47:08+08:00
奉贤	决(決)	[空]	cioeq7(ʄyœʔ⁵)	true	cioeq7	暂无	自旧档汇入	2023-07-05T08:47:08+08:00
奉贤	缺(缺)	[空]	chioeq7(cʰyœʔ⁵)	true	chioeq7	暂无	自旧档汇入	2023-07-05T08:47:08+08:00
奉贤	血(血)	[空]	shioeq7(çyœʔ⁵)	true	shioeq7	暂无	自旧档汇入	2023-07-05T08:47:08+08:00
奉贤	穴(穴)	[空]	yoeq8(ɦyœʔ³)	true	yoeq8	暂无	自旧档汇入	2023-07-05T08:47:08+08:00
奉贤	吞(吞)	[空]	then1(tʰɐŋ⁵³)	true	then1	暂无	自旧档汇入	2023-07-05T08:47:08+08:00
奉贤	跟(跟)	[空]	ken1(kɐŋ⁵³)	true	ken1	暂无	自旧档汇入	2023-07-05T08:47:08+08:00
奉贤	根(根)	[空]	ken1(kɐŋ⁵³)	true	ken1	暂无	自旧档汇入	2023-07-05T08:47:08+08:00
奉贤	恳(懇)	【校】原khen5	khen3(kʰɐŋ⁴⁴)	true	khen3	暂无	自旧档汇入	2023-07-05T08:47:08+08:00
奉贤	垦(墾)	【校】原khen5	khen1(kʰɐŋ⁵³)	true	khen1	暂无	自旧档汇入	2023-07-05T08:47:08+08:00
奉贤	痕(痕)	[空]	ghen2(ɦɐŋ³¹)	true	ghen2	暂无	自旧档汇入	2023-07-05T08:47:08+08:00
奉贤	很(很)	[空]	hen3(hɐŋ⁴⁴)	true	hen3	暂无	自旧档汇入	2023-07-05T08:47:08+08:00
奉贤	恨(恨)	[空]	ghen6(ɦɐŋ¹¹³)	true	ghen6	暂无	自旧档汇入	2023-07-05T08:47:08+08:00
奉贤	恩(恩)	[空]	en1(∅ɐŋ⁵³)	true	en1	暂无	自旧档汇入	2023-07-05T08:47:08+08:00
奉贤	宾(賓)	[空]	pin1(ɓiɐŋ⁵³)	true	pin1	暂无	自旧档汇入	2023-07-05T08:47:08+08:00
奉贤	彬(彬)	[空]	pin1(ɓiɐŋ⁵³)	true	pin1	暂无	自旧档汇入	2023-07-05T08:47:08+08:00
奉贤	贫(貧)	[空]	bin2(biɐŋ³¹)	true	bin2	暂无	自旧档汇入	2023-07-05T08:47:08+08:00
奉贤	频(頻)	[空]	bin2(biɐŋ³¹)	true	bin2	暂无	自旧档汇入	2023-07-05T08:47:08+08:00
奉贤	民(民)	[空]	min2(miɐŋ³¹)	true	min2	暂无	自旧档汇入	2023-07-05T08:47:08+08:00
奉贤	闽(閩)	【校】原min2	min3(miɐŋ⁴⁴)	true	min3	暂无	自旧档汇入	2023-07-05T08:47:08+08:00
奉贤	敏(敏)	[空]	min4(miɐŋ²²)	true	min4	暂无	自旧档汇入	2023-07-05T08:47:08+08:00
奉贤	邻(鄰)	[空]	lin2(liɐŋ³¹)	true	lin2	暂无	自旧档汇入	2023-07-05T08:47:08+08:00
奉贤	磷(磷)	[空]	lin2(liɐŋ³¹)	true	lin2	暂无	自旧档汇入	2023-07-05T08:47:08+08:00
奉贤	津(津)	【校】原tshin1	tsin1(tsiɐŋ⁵³)	true	tsin1	暂无	自旧档汇入	2023-07-05T08:47:08+08:00
奉贤	进(進)	[空]	tsin5(tsiɐŋ³³⁵)	true	tsin5	暂无	自旧档汇入	2023-07-05T08:47:08+08:00
奉贤	晋(晉)	[空]	tsin5(tsiɐŋ³³⁵)	true	tsin5	暂无	自旧档汇入	2023-07-05T08:47:08+08:00
奉贤	亲(親)	[空]	tshin1(tsʰiɐŋ⁵³)	true	tshin1	暂无	自旧档汇入	2023-07-05T08:47:08+08:00
奉贤	秦(秦)	[空]	zin2(ziɐŋ³¹)	true	zin2	暂无	自旧档汇入	2023-07-05T08:47:08+08:00
奉贤	尽(盡)	[空]	zin6(ziɐŋ¹¹³)	true	zin6	暂无	自旧档汇入	2023-07-05T08:47:08+08:00
奉贤	辛(辛)	[空]	sin1(siɐŋ⁵³)	true	sin1	暂无	自旧档汇入	2023-07-05T08:47:08+08:00
奉贤	新(新)	[空]	sin1(siɐŋ⁵³)	true	sin1	暂无	自旧档汇入	2023-07-05T08:47:08+08:00
奉贤	信(信)	[空]	sin5(siɐŋ³³⁵)	true	sin5	暂无	自旧档汇入	2023-07-05T08:47:08+08:00
奉贤	讯(訊)	[空]	sin5(siɐŋ³³⁵)	true	sin5	暂无	自旧档汇入	2023-07-05T08:47:08+08:00
奉贤	迅(迅)	[空]	sin5(siɐŋ³³⁵)	true	sin5	暂无	自旧档汇入	2023-07-05T08:47:08+08:00
奉贤	珍(珍)	[空]	tsen1(tsɐŋ⁵³)	true	tsen1	暂无	自旧档汇入	2023-07-05T08:47:08+08:00
奉贤	镇(鎮)	[空]	tsen5(tsɐŋ³³⁵)	true	tsen5	暂无	自旧档汇入	2023-07-05T08:47:08+08:00
奉贤	趁(趁)	[空]	tshen5(tsʰɐŋ³³⁵)	true	tshen5	暂无	自旧档汇入	2023-07-05T08:47:08+08:00
奉贤	陈(陳)	[空]	zen2(zɐŋ³¹)	true	zen2	暂无	自旧档汇入	2023-07-05T08:47:08+08:00
奉贤	尘(塵)	[空]	zen2(zɐŋ³¹)	true	zen2	暂无	自旧档汇入	2023-07-05T08:47:08+08:00
奉贤	阵(陣)	[空]	zen6(zɐŋ¹¹³)	true	zen6	暂无	自旧档汇入	2023-07-05T08:47:08+08:00
奉贤	衬(襯)	[空]	tshen5(tsʰɐŋ³³⁵)	true	tshen5	暂无	自旧档汇入	2023-07-05T08:47:08+08:00
奉贤	真(真)	[空]	tsen1(tsɐŋ⁵³)	true	tsen1	暂无	自旧档汇入	2023-07-05T08:47:08+08:00
奉贤	诊(診)	[空]	tsen1(tsɐŋ⁵³)	true	tsen1	暂无	自旧档汇入	2023-07-05T08:47:08+08:00
奉贤	振(振)	[空]	tsen5(tsɐŋ³³⁵)	true	tsen5	暂无	自旧档汇入	2023-07-05T08:47:08+08:00
奉贤	震(震)	[空]	tsen5(tsɐŋ³³⁵)	true	tsen5	暂无	自旧档汇入	2023-07-05T08:47:08+08:00
奉贤	神(神)	[空]	zen2(zɐŋ³¹)	true	zen2	暂无	自旧档汇入	2023-07-05T08:47:08+08:00
奉贤	身(身)	[空]	sen1(sɐŋ⁵³)	true	sen1	暂无	自旧档汇入	2023-07-05T08:47:08+08:00
奉贤	申(申)	[空]	sen1(sɐŋ⁵³)	true	sen1	暂无	自旧档汇入	2023-07-05T08:47:08+08:00
奉贤	伸(伸)	[空]	sen1(sɐŋ⁵³)	true	sen1	暂无	自旧档汇入	2023-07-05T08:47:08+08:00
奉贤	晨(晨)	[空]	zen2(zɐŋ³¹)	true	zen2	暂无	自旧档汇入	2023-07-05T08:47:08+08:00
奉贤	辰(辰)	[空]	zen2(zɐŋ³¹)	true	zen2	暂无	自旧档汇入	2023-07-05T08:47:08+08:00
奉贤	臣(臣)	[空]	zen2(zɐŋ³¹)	true	zen2	暂无	自旧档汇入	2023-07-05T08:47:08+08:00
奉贤	肾(腎)	[空]	zen6(zɐŋ¹¹³)	true	zen6	暂无	自旧档汇入	2023-07-05T08:47:08+08:00
奉贤	慎(慎)	[空]	zen6(zɐŋ¹¹³)	true	zen6	暂无	自旧档汇入	2023-07-05T08:47:08+08:00
奉贤	人(人)	白	gnin2(ɲiɐŋ³¹)	true	gnin2	暂无	自旧档汇入	2023-07-05T08:47:08+08:00
奉贤	人(人)	文	zen2(zɐŋ³¹)	true	zen2	暂无	自旧档汇入	2023-07-05T08:47:08+08:00
奉贤	仁(仁)	白	gnin2(ɲiɐŋ³¹)	true	gnin2	暂无	自旧档汇入	2023-07-05T08:47:08+08:00
奉贤	仁(仁)	文	zen2(zɐŋ³¹)	true	zen2	暂无	自旧档汇入	2023-07-05T08:47:08+08:00
奉贤	忍(忍)	白	gnin6(ɲiɐŋ¹¹³)	true	gnin6	暂无	自旧档汇入	2023-07-05T08:47:08+08:00
奉贤	忍(忍)	文	zen6(zɐŋ¹¹³)	true	zen6	暂无	自旧档汇入	2023-07-05T08:47:08+08:00
奉贤	刃(刃)	白	gnin6(ɲiɐŋ¹¹³)	true	gnin6	暂无	自旧档汇入	2023-07-05T08:47:08+08:00
奉贤	刃(刃)	文	zen6(zɐŋ¹¹³)	true	zen6	暂无	自旧档汇入	2023-07-05T08:47:08+08:00
奉贤	认(認)	白	gnin6(ɲiɐŋ¹¹³)	true	gnin6	暂无	自旧档汇入	2023-07-05T08:47:08+08:00
奉贤	认(認)	文	zen6(zɐŋ¹¹³)	true	zen6	暂无	自旧档汇入	2023-07-05T08:47:08+08:00
奉贤	巾(巾)	[空]	cin1(ʄiɐŋ⁵³)	true	cin1	暂无	自旧档汇入	2023-07-05T08:47:08+08:00
奉贤	紧(緊)	[空]	cin3(ʄiɐŋ⁴⁴)	true	cin3	暂无	自旧档汇入	2023-07-05T08:47:08+08:00
奉贤	仅(僅)	【校】原jin6	jin4(ɟiɐŋ²²)	true	jin4	暂无	自旧档汇入	2023-07-05T08:47:08+08:00
奉贤	银(銀)	[空]	gnin2(ɲiɐŋ³¹)	true	gnin2	暂无	自旧档汇入	2023-07-05T08:47:08+08:00
奉贤	因(因)	[空]	in1(∅iɐŋ⁵³)	true	in1	暂无	自旧档汇入	2023-07-05T08:47:08+08:00
奉贤	姻(姻)	[空]	in1(∅iɐŋ⁵³)	true	in1	暂无	自旧档汇入	2023-07-05T08:47:08+08:00
奉贤	印(印)	[空]	in5(∅iɐŋ³³⁵)	true	in5	暂无	自旧档汇入	2023-07-05T08:47:08+08:00
奉贤	寅(寅)	[空]	yin2(ɦiɐŋ³¹)	true	yin2	暂无	自旧档汇入	2023-07-05T08:47:08+08:00
奉贤	引(引)	[空]	yin6(ɦiɐŋ¹¹³)	true	yin6	暂无	自旧档汇入	2023-07-05T08:47:08+08:00
奉贤	笔(筆)	[空]	piq7(ɓiɪʔ⁵)	true	piq7	暂无	自旧档汇入	2023-07-05T08:47:08+08:00
奉贤	毕(畢)	[空]	piq7(ɓiɪʔ⁵)	true	piq7	暂无	自旧档汇入	2023-07-05T08:47:08+08:00
奉贤	必(必)	[空]	piq7(ɓiɪʔ⁵)	true	piq7	暂无	自旧档汇入	2023-07-05T08:47:08+08:00
奉贤	匹(匹)	[空]	phiq7(pʰiɪʔ⁵)	true	phiq7	暂无	自旧档汇入	2023-07-05T08:47:08+08:00
奉贤	密(密)	[空]	miq8(miɪʔ³)	true	miq8	暂无	自旧档汇入	2023-07-05T08:47:08+08:00
奉贤	蜜(蜜)	[空]	miq8(miɪʔ³)	true	miq8	暂无	自旧档汇入	2023-07-05T08:47:08+08:00
奉贤	栗(栗)	[空]	liq8(liɪʔ³)	true	liq8	暂无	自旧档汇入	2023-07-05T08:47:08+08:00
奉贤	七(七)	[空]	tshiq7(tsʰiɪʔ⁵)	true	tshiq7	暂无	自旧档汇入	2023-07-05T08:47:08+08:00
奉贤	漆(漆)	[空]	tshieq7(tsʰiʌʔ⁵)	true	tshieq7	暂无	自旧档汇入	2023-07-05T08:47:08+08:00
奉贤	疾(疾)	[空]	zieq8(ziʌʔ³)	true	zieq8	暂无	自旧档汇入	2023-07-05T08:47:08+08:00
奉贤	膝(膝)	[空]	sieq7(siʌʔ⁵)	true	sieq7	暂无	自旧档汇入	2023-07-05T08:47:08+08:00
奉贤	侄(侄)	[空]	zeq8(zeʔ³)	true	zeq8	暂无	自旧档汇入	2023-07-05T08:47:08+08:00
奉贤	秩(秩)	[空]	zeq8(zeʔ³)	true	zeq8	暂无	自旧档汇入	2023-07-05T08:47:08+08:00
奉贤	秩(秩)	[空]	zeoq8(zʌʔ³)	true	zeoq8	暂无	自旧档汇入	2023-07-05T08:47:08+08:00
奉贤	质(質)	[空]	tseq7(tseʔ⁵)	true	tseq7	暂无	自旧档汇入	2023-07-05T08:47:08+08:00
奉贤	实(實)	[空]	zeq8(zeʔ³)	true	zeq8	暂无	自旧档汇入	2023-07-05T08:47:08+08:00
奉贤	失(失)	[空]	seq7(seʔ⁵)	true	seq7	暂无	自旧档汇入	2023-07-05T08:47:08+08:00
奉贤	室(室)	[空]	seq7(seʔ⁵)	true	seq7	暂无	自旧档汇入	2023-07-05T08:47:08+08:00
奉贤	日(日)	白	gniq8(ɲiɪʔ³)	true	gniq8	暂无	自旧档汇入	2023-07-05T08:47:08+08:00
奉贤	日(日)	文	zeq8(zeʔ³)	true	zeq8	暂无	自旧档汇入	2023-07-05T08:47:08+08:00
奉贤	吉(吉)	[空]	ciq7(ʄiɪʔ⁵)	true	ciq7	暂无	自旧档汇入	2023-07-05T08:47:08+08:00
奉贤	乙(乙)	[空]	iq7(∅iɪʔ⁵)	true	iq7	暂无	自旧档汇入	2023-07-05T08:47:08+08:00
奉贤	一(一)	[空]	iq7(∅iɪʔ⁵)	true	iq7	暂无	自旧档汇入	2023-07-05T08:47:08+08:00
奉贤	逸(逸)	[空]	yeq8(ɦiʌʔ³)	true	yeq8	暂无	自旧档汇入	2023-07-05T08:47:08+08:00
奉贤	斤(斤)	[空]	cin1(ʄiɐŋ⁵³)	true	cin1	暂无	自旧档汇入	2023-07-05T08:47:08+08:00
奉贤	筋(筋)	[空]	cin1(ʄiɐŋ⁵³)	true	cin1	暂无	自旧档汇入	2023-07-05T08:47:08+08:00
奉贤	劲(勁)	[空]	cin5(ʄiɐŋ³³⁵)	true	cin5	暂无	自旧档汇入	2023-07-05T08:47:08+08:00
奉贤	勤(勤)	[空]	jin2(ɟiɐŋ³¹)	true	jin2	暂无	自旧档汇入	2023-07-05T08:47:08+08:00
奉贤	芹(芹)	[空]	jin2(ɟiɐŋ³¹)	true	jin2	暂无	自旧档汇入	2023-07-05T08:47:08+08:00
奉贤	近(近)	【校】原jin6	jin4(ɟiɐŋ²²)	true	jin4	暂无	自旧档汇入	2023-07-05T08:47:08+08:00
奉贤	殷(殷)	[空]	in1(∅iɐŋ⁵³)	true	in1	暂无	自旧档汇入	2023-07-05T08:47:08+08:00
奉贤	隐(隱)	[空]	in3(∅iɐŋ⁴⁴)	true	in3	暂无	自旧档汇入	2023-07-05T08:47:08+08:00
奉贤	奔(奔)	[空]	pen1(ɓɐŋ⁵³)	true	pen1	暂无	自旧档汇入	2023-07-05T08:47:08+08:00
奉贤	本(本)	【校】原pen5	pen3(ɓɐŋ⁴⁴)	true	pen3	暂无	自旧档汇入	2023-07-05T08:47:08+08:00
奉贤	喷(噴)	[空]	phen1(pʰɐŋ⁵³)	true	phen1	暂无	自旧档汇入	2023-07-05T08:47:08+08:00
奉贤	盆(盆)	[空]	ben2(bɐŋ³¹)	true	ben2	暂无	自旧档汇入	2023-07-05T08:47:08+08:00
奉贤	笨(笨)	【校】原ben2	ben4(bɐŋ²²)	true	ben4	暂无	自旧档汇入	2023-07-05T08:47:08+08:00
奉贤	门(門)	[空]	men2(mɐŋ³¹)	true	men2	暂无	自旧档汇入	2023-07-05T08:47:08+08:00
奉贤	闷(悶)	[空]	men1(mɐŋ⁵³)	true	men1	暂无	自旧档汇入	2023-07-05T08:47:08+08:00
奉贤	敦(敦)	[空]	ten1(ɗɐŋ⁵³)	true	ten1	暂无	自旧档汇入	2023-07-05T08:47:08+08:00
奉贤	顿(頓)	[空]	ten5(ɗɐŋ³³⁵)	true	ten5	暂无	自旧档汇入	2023-07-05T08:47:08+08:00
奉贤	屯(屯)	[空]	den2(dɐŋ³¹)	true	den2	暂无	自旧档汇入	2023-07-05T08:47:08+08:00
奉贤	臀(臀)	[空]	den2(dɐŋ³¹)	true	den2	暂无	自旧档汇入	2023-07-05T08:47:08+08:00
奉贤	盾(盾)	【校】原den2	den6(dɐŋ¹¹³)	true	den6	暂无	自旧档汇入	2023-07-05T08:47:08+08:00
奉贤	钝(鈍)	[空]	den6(dɐŋ¹¹³)	true	den6	暂无	自旧档汇入	2023-07-05T08:47:08+08:00
奉贤	嫩(嫩)	[空]	nen6(nɐŋ¹¹³)	true	nen6	暂无	自旧档汇入	2023-07-05T08:47:08+08:00
奉贤	论(論)	[空]	len6(lɐŋ¹¹³)	true	len6	暂无	自旧档汇入	2023-07-05T08:47:08+08:00
奉贤	尊(尊)	[空]	tsen1(tsɐŋ⁵³)	true	tsen1	暂无	自旧档汇入	2023-07-05T08:47:08+08:00
奉贤	村(村)	[空]	tshen1(tsʰɐŋ⁵³)	true	tshen1	暂无	自旧档汇入	2023-07-05T08:47:08+08:00
奉贤	寸(寸)	[空]	tshen5(tsʰɐŋ³³⁵)	true	tshen5	暂无	自旧档汇入	2023-07-05T08:47:08+08:00
奉贤	存(存)	[空]	zen2(zɐŋ³¹)	true	zen2	暂无	自旧档汇入	2023-07-05T08:47:08+08:00
奉贤	蹲(蹲)	[空]	ten1(ɗɐŋ⁵³)	true	ten1	暂无	自旧档汇入	2023-07-05T08:47:08+08:00
奉贤	孙(孫)	[空]	sen1(sɐŋ⁵³)	true	sen1	暂无	自旧档汇入	2023-07-05T08:47:08+08:00
奉贤	损(損)	【校】原sen5	sen3(sɐŋ⁴⁴)	true	sen3	暂无	自旧档汇入	2023-07-05T08:47:08+08:00
奉贤	昆(昆)	[空]	khuen1(kʰuɐŋ⁵³)	true	khuen1	暂无	自旧档汇入	2023-07-05T08:47:08+08:00
奉贤	滚(滾)	[空]	kuen3(kuɐŋ⁴⁴)	true	kuen3	暂无	自旧档汇入	2023-07-05T08:47:08+08:00
奉贤	棍(棍)	[空]	kuen5(kuɐŋ³³⁵)	true	kuen5	暂无	自旧档汇入	2023-07-05T08:47:08+08:00
奉贤	捆(捆)	[空]	khuen3(kʰuɐŋ⁴⁴)	true	khuen3	暂无	自旧档汇入	2023-07-05T08:47:08+08:00
奉贤	困(困)	[空]	khuen5(kʰuɐŋ³³⁵)	true	khuen5	暂无	自旧档汇入	2023-07-05T08:47:08+08:00
奉贤	昏(昏)	[空]	fen1(ɸɐŋ⁵³)	true	fen1	暂无	自旧档汇入	2023-07-05T08:47:08+08:00
奉贤	婚(婚)	[空]	fen1(ɸɐŋ⁵³)	true	fen1	暂无	自旧档汇入	2023-07-05T08:47:08+08:00
奉贤	浑(渾)	[空]	ven2(βɐŋ³¹)	true	ven2	暂无	自旧档汇入	2023-07-05T08:47:08+08:00
奉贤	魂(魂)	[空]	ven2(βɐŋ³¹)	true	ven2	暂无	自旧档汇入	2023-07-05T08:47:08+08:00
奉贤	馄(餛)	[空]	ven2(βɐŋ³¹)	true	ven2	暂无	自旧档汇入	2023-07-05T08:47:08+08:00
奉贤	混(混)	[空]	ven6(βɐŋ¹¹³)	true	ven6	暂无	自旧档汇入	2023-07-05T08:47:08+08:00
奉贤	温(溫)	[空]	uen1(∅uɐŋ⁵³)	true	uen1	暂无	自旧档汇入	2023-07-05T08:47:08+08:00
奉贤	瘟(瘟)	[空]	uen1(∅uɐŋ⁵³)	true	uen1	暂无	自旧档汇入	2023-07-05T08:47:08+08:00
奉贤	稳(穩)	[空]	uen3(∅uɐŋ⁴⁴)	true	uen3	暂无	自旧档汇入	2023-07-05T08:47:08+08:00
奉贤	不(不)	[空]	peq7(ɓeʔ⁵)	true	peq7	暂无	自旧档汇入	2023-07-05T08:47:08+08:00
奉贤	勃(勃)	[空]	beq8(beʔ³)	true	beq8	暂无	自旧档汇入	2023-07-05T08:47:08+08:00
奉贤	没(沒)	[空]	meq8(meʔ³)	true	meq8	暂无	自旧档汇入	2023-07-05T08:47:08+08:00
奉贤	突(突)	[空]	deq8(deʔ³)	true	deq8	暂无	自旧档汇入	2023-07-05T08:47:08+08:00
奉贤	卒(卒)	[空]	tseq7(tseʔ⁵)	true	tseq7	暂无	自旧档汇入	2023-07-05T08:47:08+08:00
奉贤	卒(卒)	[空]	tsoeq7(tsœʔ⁵)	true	tsoeq7	暂无	自旧档汇入	2023-07-05T08:47:08+08:00
奉贤	骨(骨)	[空]	kueq7(kueʔ⁵)	true	kueq7	暂无	自旧档汇入	2023-07-05T08:47:08+08:00
奉贤	忽(忽)	[空]	feq7(ɸeʔ⁵)	true	feq7	暂无	自旧档汇入	2023-07-05T08:47:08+08:00
奉贤	核(核)	[空]	ngeq8(ŋeʔ³)	true	ngeq8	暂无	自旧档汇入	2023-07-05T08:47:08+08:00
奉贤	轮(輪)	[空]	len2(lɐŋ³¹)	true	len2	暂无	自旧档汇入	2023-07-05T08:47:08+08:00
奉贤	伦(倫)	[空]	len2(lɐŋ³¹)	true	len2	暂无	自旧档汇入	2023-07-05T08:47:08+08:00
奉贤	沦(淪)	[空]	len2(lɐŋ³¹)	true	len2	暂无	自旧档汇入	2023-07-05T08:47:08+08:00
奉贤	遵(遵)	[空]	tsen1(tsɐŋ⁵³)	true	tsen1	暂无	自旧档汇入	2023-07-05T08:47:08+08:00
奉贤	俊(俊)	[空]	tsin5(tsiɐŋ³³⁵)	true	tsin5	暂无	自旧档汇入	2023-07-05T08:47:08+08:00
奉贤	筍(筍)	[空]	sen3(sɐŋ⁴⁴)	true	sen3	暂无	自旧档汇入	2023-07-05T08:47:08+08:00
奉贤	榫(榫)	[空]	sen3(sɐŋ⁴⁴)	true	sen3	暂无	自旧档汇入	2023-07-05T08:47:08+08:00
奉贤	循(循)	[空]	zin2(ziɐŋ³¹)	true	zin2	暂无	自旧档汇入	2023-07-05T08:47:08+08:00
奉贤	旬(旬)	[空]	zin2(ziɐŋ³¹)	true	zin2	暂无	自旧档汇入	2023-07-05T08:47:08+08:00
奉贤	巡(巡)	[空]	zin2(ziɐŋ³¹)	true	zin2	暂无	自旧档汇入	2023-07-05T08:47:08+08:00
奉贤	准(準)	[空]	tsen3(tsɐŋ⁴⁴)	true	tsen3	暂无	自旧档汇入	2023-07-05T08:47:08+08:00
奉贤	春(春)	[空]	tshen1(tsʰɐŋ⁵³)	true	tshen1	暂无	自旧档汇入	2023-07-05T08:47:08+08:00
奉贤	蠢(蠢)	[空]	tshen3(tsʰɐŋ⁴⁴)	true	tshen3	暂无	自旧档汇入	2023-07-05T08:47:08+08:00
奉贤	唇(唇)	[空]	zen2(zɐŋ³¹)	true	zen2	暂无	自旧档汇入	2023-07-05T08:47:08+08:00
奉贤	盾(盾)	【校】原den4	den6(dɐŋ¹¹³)	true	den6	暂无	自旧档汇入	2023-07-05T08:47:08+08:00
奉贤	顺(順)	[空]	zen6(zɐŋ¹¹³)	true	zen6	暂无	自旧档汇入	2023-07-05T08:47:08+08:00
奉贤	纯(純)	[空]	zen2(zɐŋ³¹)	true	zen2	暂无	自旧档汇入	2023-07-05T08:47:08+08:00
奉贤	润(潤)	[空]	zen6(zɐŋ¹¹³)	true	zen6	暂无	自旧档汇入	2023-07-05T08:47:08+08:00
奉贤	闰(閏)	白	gnin6(ɲiɐŋ¹¹³)	true	gnin6	暂无	自旧档汇入	2023-07-05T08:47:08+08:00
奉贤	闰(閏)	文	zen6(zɐŋ¹¹³)	true	zen6	暂无	自旧档汇入	2023-07-05T08:47:08+08:00
奉贤	均(均)	[空]	ciun1(ʄyɐ̃⁵³)	true	ciun1	暂无	自旧档汇入	2023-07-05T08:47:08+08:00
奉贤	钧(鈞)	[空]	ciun1(ʄyɐ̃⁵³)	true	ciun1	暂无	自旧档汇入	2023-07-05T08:47:08+08:00
奉贤	匀(勻)	[空]	yun2(ɦyɐ̃³¹)	true	yun2	暂无	自旧档汇入	2023-07-05T08:47:08+08:00
奉贤	允(允)	[空]	iun3(∅yɐ̃⁴⁴)	true	iun3	暂无	自旧档汇入	2023-07-05T08:47:08+08:00
奉贤	尹(尹)	【校】原in5	yin4(ɦiɐŋ²²)	true	yin4	暂无	自旧档汇入	2023-07-05T08:47:08+08:00
奉贤	律(律)	[空]	liq8(liɪʔ³)	true	liq8	暂无	自旧档汇入	2023-07-05T08:47:08+08:00
奉贤	率(率)	[空]	liq8(liɪʔ³)	true	liq8	暂无	自旧档汇入	2023-07-05T08:47:08+08:00
奉贤	戌(戌)	【校】原siq7	sieq7(siʌʔ⁵)	true	sieq7	暂无	自旧档汇入	2023-07-05T08:47:08+08:00
奉贤	出(出)	[空]	tsheq7(tsʰeʔ⁵)	true	tsheq7	暂无	自旧档汇入	2023-07-05T08:47:08+08:00
奉贤	术(術)	[空]	zeq8(zeʔ³)	true	zeq8	暂无	自旧档汇入	2023-07-05T08:47:08+08:00
奉贤	述(述)	[空]	zeq8(zeʔ³)	true	zeq8	暂无	自旧档汇入	2023-07-05T08:47:08+08:00
奉贤	橘(橘)	[空]	cioeq7(ʄyœʔ⁵)	true	cioeq7	暂无	自旧档汇入	2023-07-05T08:47:08+08:00
奉贤	分(分)	[空]	fen1(ɸɐŋ⁵³)	true	fen1	暂无	自旧档汇入	2023-07-05T08:47:08+08:00
奉贤	粉(粉)	[空]	fen3(ɸɐŋ⁴⁴)	true	fen3	暂无	自旧档汇入	2023-07-05T08:47:08+08:00
奉贤	粪(糞)	[空]	fen5(ɸɐŋ³³⁵)	true	fen5	暂无	自旧档汇入	2023-07-05T08:47:08+08:00
奉贤	奋(奮)	[空]	fen5(ɸɐŋ³³⁵)	true	fen5	暂无	自旧档汇入	2023-07-05T08:47:08+08:00
奉贤	纷(紛)	[空]	fen1(ɸɐŋ⁵³)	true	fen1	暂无	自旧档汇入	2023-07-05T08:47:08+08:00
奉贤	忿(忿)	[空]	ven6(βɐŋ¹¹³)	true	ven6	暂无	自旧档汇入	2023-07-05T08:47:08+08:00
奉贤	坟(墳)	[空]	ven2(βɐŋ³¹)	true	ven2	暂无	自旧档汇入	2023-07-05T08:47:08+08:00
奉贤	焚(焚)	[空]	ven2(βɐŋ³¹)	true	ven2	暂无	自旧档汇入	2023-07-05T08:47:08+08:00
奉贤	愤(憤)	[空]	ven6(βɐŋ¹¹³)	true	ven6	暂无	自旧档汇入	2023-07-05T08:47:08+08:00
奉贤	份(份)	[空]	ven6(βɐŋ¹¹³)	true	ven6	暂无	自旧档汇入	2023-07-05T08:47:08+08:00
奉贤	文(文)	[空]	ven2(βɐŋ³¹)	true	ven2	暂无	自旧档汇入	2023-07-05T08:47:08+08:00
奉贤	蚊(蚊)	白	men2(mɐŋ³¹)	true	men2	暂无	自旧档汇入	2023-07-05T08:47:08+08:00
奉贤	蚊(蚊)	文	ven2(βɐŋ³¹)	true	ven2	暂无	自旧档汇入	2023-07-05T08:47:08+08:00
奉贤	纹(紋)	[空]	ven2(βɐŋ³¹)	true	ven2	暂无	自旧档汇入	2023-07-05T08:47:08+08:00
奉贤	闻(聞)	白	men2(mɐŋ³¹)	true	men2	暂无	自旧档汇入	2023-07-05T08:47:08+08:00
奉贤	闻(聞)	文	ven2(βɐŋ³¹)	true	ven2	暂无	自旧档汇入	2023-07-05T08:47:08+08:00
奉贤	问(問)	白	men6(mɐŋ¹¹³)	true	men6	暂无	自旧档汇入	2023-07-05T08:47:08+08:00
奉贤	问(問)	文	ven6(βɐŋ¹¹³)	true	ven6	暂无	自旧档汇入	2023-07-05T08:47:08+08:00
奉贤	君(君)	[空]	ciun1(ʄyɐ̃⁵³)	true	ciun1	暂无	自旧档汇入	2023-07-05T08:47:08+08:00
奉贤	军(軍)	[空]	ciun1(ʄyɐ̃⁵³)	true	ciun1	暂无	自旧档汇入	2023-07-05T08:47:08+08:00
奉贤	群(群)	[空]	jiun2(ɟyɐ̃³¹)	true	jiun2	暂无	自旧档汇入	2023-07-05T08:47:08+08:00
奉贤	裙(裙)	[空]	jiun2(ɟyɐ̃³¹)	true	jiun2	暂无	自旧档汇入	2023-07-05T08:47:08+08:00
奉贤	熏(熏)	[空]	shiun1(çyɐ̃⁵³)	true	shiun1	暂无	自旧档汇入	2023-07-05T08:47:08+08:00
奉贤	勋(勳)	[空]	shiun1(çyɐ̃⁵³)	true	shiun1	暂无	自旧档汇入	2023-07-05T08:47:08+08:00
奉贤	荤(葷)	[空]	fen1(ɸɐŋ⁵³)	true	fen1	暂无	自旧档汇入	2023-07-05T08:47:08+08:00
奉贤	训(訓)	[空]	shiun5(çyɐ̃³³⁵)	true	shiun5	暂无	自旧档汇入	2023-07-05T08:47:08+08:00
奉贤	云(雲)	[空]	yun2(ɦyɐ̃³¹)	true	yun2	暂无	自旧档汇入	2023-07-05T08:47:08+08:00
奉贤	晕(暈)	[空]	yun6(ɦyɐ̃¹¹³)	true	yun6	暂无	自旧档汇入	2023-07-05T08:47:08+08:00
奉贤	运(運)	[空]	yun6(ɦyɐ̃¹¹³)	true	yun6	暂无	自旧档汇入	2023-07-05T08:47:08+08:00
奉贤	佛(佛)	[空]	veq8(βeʔ³)	true	veq8	暂无	自旧档汇入	2023-07-05T08:47:08+08:00
奉贤	物(物)	[空]	veq8(βeʔ³)	true	veq8	暂无	自旧档汇入	2023-07-05T08:47:08+08:00
奉贤	物(物)	白	meq8(meʔ³)	true	meq8	暂无	自旧档汇入	2023-07-05T08:47:08+08:00
奉贤	勿(勿)	[空]	ueq7(∅ueʔ⁵)	true	ueq7	暂无	自旧档汇入	2023-07-05T08:47:08+08:00
奉贤	屈(屈)	[空]	chioeq7(cʰyœʔ⁵)	true	chioeq7	暂无	自旧档汇入	2023-07-05T08:47:08+08:00
奉贤	熨(熨)	[空]	yun6(ɦyɐ̃¹¹³)	true	yun6	暂无	自旧档汇入	2023-07-05T08:47:08+08:00
奉贤	帮(幫)	[空]	paon1(ɓɑ̃⁵³)	true	paon1	暂无	自旧档汇入	2023-07-05T08:47:08+08:00
奉贤	榜(榜)	[空]	paon5(ɓɑ̃³³⁵)	true	paon5	暂无	自旧档汇入	2023-07-05T08:47:08+08:00
奉贤	旁(旁)	[空]	baon2(bɑ̃³¹)	true	baon2	暂无	自旧档汇入	2023-07-05T08:47:08+08:00
奉贤	螃(螃)	[空]	baon2(bɑ̃³¹)	true	baon2	暂无	自旧档汇入	2023-07-05T08:47:08+08:00
奉贤	忙(忙)	[空]	maon2(mɑ̃³¹)	true	maon2	暂无	自旧档汇入	2023-07-05T08:47:08+08:00
奉贤	芒(芒)	[空]	maon2(mɑ̃³¹)	true	maon2	暂无	自旧档汇入	2023-07-05T08:47:08+08:00
奉贤	茫(茫)	[空]	maon2(mɑ̃³¹)	true	maon2	暂无	自旧档汇入	2023-07-05T08:47:08+08:00
奉贤	蟒(蟒)	【校】原maon6	maon4(mɑ̃²²)	true	maon4	暂无	自旧档汇入	2023-07-05T08:47:08+08:00
奉贤	当(當)	[空]	taon1(ɗɑ̃⁵³)	true	taon1	暂无	自旧档汇入	2023-07-05T08:47:08+08:00
奉贤	党(黨)	[空]	taon3(ɗɑ̃⁴⁴)	true	taon3	暂无	自旧档汇入	2023-07-05T08:47:08+08:00
奉贤	当(當)	[空]	taon5(ɗɑ̃³³⁵)	true	taon5	暂无	自旧档汇入	2023-07-05T08:47:08+08:00
奉贤	汤(湯)	[空]	thaon1(tʰɑ̃⁵³)	true	thaon1	暂无	自旧档汇入	2023-07-05T08:47:08+08:00
奉贤	躺(躺)	[空]	thaon3(tʰɑ̃⁴⁴)	true	thaon3	暂无	自旧档汇入	2023-07-05T08:47:08+08:00
奉贤	烫(燙)	[空]	thaon5(tʰɑ̃³³⁵)	true	thaon5	暂无	自旧档汇入	2023-07-05T08:47:08+08:00
奉贤	堂(堂)	[空]	daon2(dɑ̃³¹)	true	daon2	暂无	自旧档汇入	2023-07-05T08:47:08+08:00
奉贤	唐(唐)	[空]	daon2(dɑ̃³¹)	true	daon2	暂无	自旧档汇入	2023-07-05T08:47:08+08:00
奉贤	塘(塘)	[空]	daon2(dɑ̃³¹)	true	daon2	暂无	自旧档汇入	2023-07-05T08:47:08+08:00
奉贤	糖(糖)	[空]	daon2(dɑ̃³¹)	true	daon2	暂无	自旧档汇入	2023-07-05T08:47:08+08:00
奉贤	荡(盪)	[空]	daon6(dɑ̃¹¹³)	true	daon6	暂无	自旧档汇入	2023-07-05T08:47:08+08:00
奉贤	狼(狼)	[空]	laon2(lɑ̃³¹)	true	laon2	暂无	自旧档汇入	2023-07-05T08:47:08+08:00
奉贤	郞(郞)	[空]	laon2(lɑ̃³¹)	true	laon2	暂无	自旧档汇入	2023-07-05T08:47:08+08:00
奉贤	廊(廊)	[空]	laon2(lɑ̃³¹)	true	laon2	暂无	自旧档汇入	2023-07-05T08:47:08+08:00
奉贤	浪(浪)	[空]	laon6(lɑ̃¹¹³)	true	laon6	暂无	自旧档汇入	2023-07-05T08:47:08+08:00
奉贤	仓(倉)	[空]	tshaon1(tsʰɑ̃⁵³)	true	tshaon1	暂无	自旧档汇入	2023-07-05T08:47:08+08:00
奉贤	苍(蒼)	[空]	tshaon1(tsʰɑ̃⁵³)	true	tshaon1	暂无	自旧档汇入	2023-07-05T08:47:08+08:00
奉贤	藏(藏)	[空]	zaon6(zɑ̃¹¹³)	true	zaon6	暂无	自旧档汇入	2023-07-05T08:47:08+08:00
奉贤	桑(桑)	[空]	saon1(sɑ̃⁵³)	true	saon1	暂无	自旧档汇入	2023-07-05T08:47:08+08:00
奉贤	丧(喪)	[空]	saon1(sɑ̃⁵³)	true	saon1	暂无	自旧档汇入	2023-07-05T08:47:08+08:00
奉贤	丧(喪)	又	saon5(sɑ̃³³⁵)	true	saon5	暂无	自旧档汇入	2023-07-05T08:47:08+08:00
奉贤	冈(岡)	[空]	kaon1(kɑ̃⁵³)	true	kaon1	暂无	自旧档汇入	2023-07-05T08:47:08+08:00
奉贤	刚(剛)	[空]	kaon1(kɑ̃⁵³)	true	kaon1	暂无	自旧档汇入	2023-07-05T08:47:08+08:00
奉贤	纲(綱)	[空]	kaon1(kɑ̃⁵³)	true	kaon1	暂无	自旧档汇入	2023-07-05T08:47:08+08:00
奉贤	钢(鋼)	[空]	kaon1(kɑ̃⁵³)	true	kaon1	暂无	自旧档汇入	2023-07-05T08:47:08+08:00
奉贤	缸(缸)	[空]	kaon1(kɑ̃⁵³)	true	kaon1	暂无	自旧档汇入	2023-07-05T08:47:08+08:00
奉贤	杠(槓)	[空]	kaon5(kɑ̃³³⁵)	true	kaon5	暂无	自旧档汇入	2023-07-05T08:47:08+08:00
奉贤	康(康)	[空]	khaon1(kʰɑ̃⁵³)	true	khaon1	暂无	自旧档汇入	2023-07-05T08:47:08+08:00
奉贤	糠(糠)	[空]	khaon1(kʰɑ̃⁵³)	true	khaon1	暂无	自旧档汇入	2023-07-05T08:47:08+08:00
奉贤	慷(慷)	【校】原khaon5	khaon1(kʰɑ̃⁵³)	true	khaon1	暂无	自旧档汇入	2023-07-05T08:47:08+08:00
奉贤	抗(抗)	[空]	khaon5(kʰɑ̃³³⁵)	true	khaon5	暂无	自旧档汇入	2023-07-05T08:47:08+08:00
奉贤	囥(囥)	[空]	khaon5(kʰɑ̃³³⁵)	true	khaon5	暂无	自旧档汇入	2023-07-05T08:47:08+08:00
奉贤	昂(昂)	[空]	ngaon2(ŋɑ̃³¹)	true	ngaon2	暂无	自旧档汇入	2023-07-05T08:47:08+08:00
奉贤	行(行)	[空]	ghaon2(ɦɑ̃³¹)	true	ghaon2	暂无	自旧档汇入	2023-07-05T08:47:08+08:00
奉贤	杭(杭)	[空]	ghaon2(ɦɑ̃³¹)	true	ghaon2	暂无	自旧档汇入	2023-07-05T08:47:08+08:00
奉贤	航(航)	[空]	ghaon2(ɦɑ̃³¹)	true	ghaon2	暂无	自旧档汇入	2023-07-05T08:47:08+08:00
奉贤	博(博)	[空]	paoq7(ɓɔʔ⁵)	true	paoq7	暂无	自旧档汇入	2023-07-05T08:47:08+08:00
奉贤	薄(薄)	[空]	baoq8(bɔʔ³)	true	baoq8	暂无	自旧档汇入	2023-07-05T08:47:08+08:00
奉贤	摸(摸)	[空]	maoq8(mɔʔ³)	true	maoq8	暂无	自旧档汇入	2023-07-05T08:47:08+08:00
奉贤	莫(莫)	[空]	maoq8(mɔʔ³)	true	maoq8	暂无	自旧档汇入	2023-07-05T08:47:08+08:00
奉贤	幕(幕)	[空]	mo6(mo¹¹³)	true	mo6	暂无	自旧档汇入	2023-07-05T08:47:08+08:00
奉贤	托(托)	[空]	thaoq7(tʰɔʔ⁵)	true	thaoq7	暂无	自旧档汇入	2023-07-05T08:47:08+08:00
奉贤	诺(諾)	[空]	naoq8(nɔʔ³)	true	naoq8	暂无	自旧档汇入	2023-07-05T08:47:08+08:00
奉贤	洛(洛)	[空]	laoq8(lɔʔ³)	true	laoq8	暂无	自旧档汇入	2023-07-05T08:47:08+08:00
奉贤	落(落)	[空]	laoq8(lɔʔ³)	true	laoq8	暂无	自旧档汇入	2023-07-05T08:47:08+08:00
奉贤	络(絡)	[空]	laoq8(lɔʔ³)	true	laoq8	暂无	自旧档汇入	2023-07-05T08:47:08+08:00
奉贤	乐(樂)	[空]	laoq8(lɔʔ³)	true	laoq8	暂无	自旧档汇入	2023-07-05T08:47:08+08:00
奉贤	作(作)	[空]	tsaoq7(tsɔʔ⁵)	true	tsaoq7	暂无	自旧档汇入	2023-07-05T08:47:08+08:00
奉贤	锉(銼)	[空]	tshu5(tsʰu³³⁵)	true	tshu5	暂无	自旧档汇入	2023-07-05T08:47:08+08:00
奉贤	昨(昨)	[空]	zaoq8(zɔʔ³)	true	zaoq8	暂无	自旧档汇入	2023-07-05T08:47:08+08:00
奉贤	昨(昨)	又	zo2(zo³¹)	true	zo2	暂无	自旧档汇入	2023-07-05T08:47:08+08:00
奉贤	索(索)	[空]	saoq7(sɔʔ⁵)	true	saoq7	暂无	自旧档汇入	2023-07-05T08:47:08+08:00
奉贤	阁(閣)	[空]	kaoq7(kɔʔ⁵)	true	kaoq7	暂无	自旧档汇入	2023-07-05T08:47:08+08:00
奉贤	搁(擱)	[空]	kaoq7(kɔʔ⁵)	true	kaoq7	暂无	自旧档汇入	2023-07-05T08:47:08+08:00
奉贤	各(各)	[空]	kaoq7(kɔʔ⁵)	true	kaoq7	暂无	自旧档汇入	2023-07-05T08:47:08+08:00
奉贤	鹤(鶴)	[空]	ngaoq8(ŋɔʔ³)	true	ngaoq8	暂无	自旧档汇入	2023-07-05T08:47:08+08:00
奉贤	恶(惡)	[空]	aoq7(∅ɔʔ⁵)	true	aoq7	暂无	自旧档汇入	2023-07-05T08:47:08+08:00
奉贤	娘(娘)	[空]	gnian2(ɲiɛ̃³¹)	true	gnian2	暂无	自旧档汇入	2023-07-05T08:47:08+08:00
奉贤	酿(釀)	[空]	gnian6(ɲiɛ̃¹¹³)	true	gnian6	暂无	自旧档汇入	2023-07-05T08:47:08+08:00
奉贤	良(良)	[空]	lian2(liɛ̃³¹)	true	lian2	暂无	自旧档汇入	2023-07-05T08:47:08+08:00
奉贤	凉(涼)	[空]	lian2(liɛ̃³¹)	true	lian2	暂无	自旧档汇入	2023-07-05T08:47:08+08:00
奉贤	梁(梁)	[空]	lian2(liɛ̃³¹)	true	lian2	暂无	自旧档汇入	2023-07-05T08:47:08+08:00
奉贤	粮(糧)	[空]	lian2(liɛ̃³¹)	true	lian2	暂无	自旧档汇入	2023-07-05T08:47:08+08:00
奉贤	量(量)	[空]	lian2(liɛ̃³¹)	true	lian2	暂无	自旧档汇入	2023-07-05T08:47:08+08:00
奉贤	两(兩)	【校】原lian6	lian4(liɛ̃²²)	true	lian4	暂无	自旧档汇入	2023-07-05T08:47:08+08:00
奉贤	亮(亮)	[空]	lian6(liɛ̃¹¹³)	true	lian6	暂无	自旧档汇入	2023-07-05T08:47:08+08:00
奉贤	谅(諒)	[空]	lian6(liɛ̃¹¹³)	true	lian6	暂无	自旧档汇入	2023-07-05T08:47:08+08:00
奉贤	将(將)	[空]	tsian1(tsiɛ̃⁵³)	true	tsian1	暂无	自旧档汇入	2023-07-05T08:47:08+08:00
奉贤	蒋(蔣)	【校】原tsian5	tsian3(tsiɛ̃⁴⁴)	true	tsian3	暂无	自旧档汇入	2023-07-05T08:47:08+08:00
奉贤	桨(槳)	【校】原tsian5	tsian3(tsiɛ̃⁴⁴)	true	tsian3	暂无	自旧档汇入	2023-07-05T08:47:08+08:00
奉贤	奖(獎)	【校】原tsian5	tsian3(tsiɛ̃⁴⁴)	true	tsian3	暂无	自旧档汇入	2023-07-05T08:47:08+08:00
奉贤	酱(醬)	[空]	tsian5(tsiɛ̃³³⁵)	true	tsian5	暂无	自旧档汇入	2023-07-05T08:47:08+08:00
奉贤	将(將)	大~	tsian5(tsiɛ̃³³⁵)	true	tsian5	暂无	自旧档汇入	2023-07-05T08:47:08+08:00
奉贤	枪(槍)	[空]	tshian1(tsʰiɛ̃⁵³)	true	tshian1	暂无	自旧档汇入	2023-07-05T08:47:08+08:00
奉贤	抢(搶)	【校】原tshian5	tshian3(tsʰiɛ̃⁴⁴)	true	tshian3	暂无	自旧档汇入	2023-07-05T08:47:08+08:00
奉贤	墙(牆)	[空]	zian2(ziɛ̃³¹)	true	zian2	暂无	自旧档汇入	2023-07-05T08:47:08+08:00
奉贤	匠(匠)	[空]	zian6(ziɛ̃¹¹³)	true	zian6	暂无	自旧档汇入	2023-07-05T08:47:08+08:00
奉贤	相(相)	~互	sian1(siɛ̃⁵³)	true	sian1	暂无	自旧档汇入	2023-07-05T08:47:08+08:00
奉贤	箱(箱)	[空]	sian1(siɛ̃⁵³)	true	sian1	暂无	自旧档汇入	2023-07-05T08:47:08+08:00
奉贤	厢(廂)	[空]	sian1(siɛ̃⁵³)	true	sian1	暂无	自旧档汇入	2023-07-05T08:47:08+08:00
奉贤	镶(鑲)	[空]	sian1(siɛ̃⁵³)	true	sian1	暂无	自旧档汇入	2023-07-05T08:47:08+08:00
奉贤	想(想)	【校】原sian5	sian3(siɛ̃⁴⁴)	true	sian3	暂无	自旧档汇入	2023-07-05T08:47:08+08:00
奉贤	相(相)	~貌	sian5(siɛ̃³³⁵)	true	sian5	暂无	自旧档汇入	2023-07-05T08:47:08+08:00
奉贤	详(詳)	[空]	zian2(ziɛ̃³¹)	true	zian2	暂无	自旧档汇入	2023-07-05T08:47:08+08:00
奉贤	祥(祥)	[空]	zian2(ziɛ̃³¹)	true	zian2	暂无	自旧档汇入	2023-07-05T08:47:08+08:00
奉贤	橡(橡)	[空]	zian6(ziɛ̃¹¹³)	true	zian6	暂无	自旧档汇入	2023-07-05T08:47:08+08:00
奉贤	象(象)	[空]	zian6(ziɛ̃¹¹³)	true	zian6	暂无	自旧档汇入	2023-07-05T08:47:08+08:00
奉贤	张(張)	[空]	tsan1(tsɛ̃⁵³)	true	tsan1	暂无	自旧档汇入	2023-07-05T08:47:08+08:00
奉贤	长(長)	生~【校】原tsan5	tsan3(tsɛ̃⁴⁴)	true	tsan3	暂无	自旧档汇入	2023-07-05T08:47:08+08:00
奉贤	涨(漲)	【校】原tsan5	tsan3(tsɛ̃⁴⁴)	true	tsan3	暂无	自旧档汇入	2023-07-05T08:47:08+08:00
奉贤	帐(帳)	[空]	tsan5(tsɛ̃³³⁵)	true	tsan5	暂无	自旧档汇入	2023-07-05T08:47:08+08:00
奉贤	畅(暢)	[空]	tshaon5(tsʰɑ̃³³⁵)	true	tshaon5	暂无	自旧档汇入	2023-07-05T08:47:08+08:00
奉贤	长(長)	~短	zan2(zɛ̃³¹)	true	zan2	暂无	自旧档汇入	2023-07-05T08:47:08+08:00
奉贤	肠(腸)	[空]	zan2(zɛ̃³¹)	true	zan2	暂无	自旧档汇入	2023-07-05T08:47:08+08:00
奉贤	场(場)	[空]	zan2(zɛ̃³¹)	true	zan2	暂无	自旧档汇入	2023-07-05T08:47:08+08:00
奉贤	丈(丈)	[空]	zan6(zɛ̃¹¹³)	true	zan6	暂无	自旧档汇入	2023-07-05T08:47:08+08:00
奉贤	仗(仗)	[空]	tsan5(tsɛ̃³³⁵)	true	tsan5	暂无	自旧档汇入	2023-07-05T08:47:08+08:00
奉贤	庄(莊)	[空]	tsaon1(tsɑ̃⁵³)	true	tsaon1	暂无	自旧档汇入	2023-07-05T08:47:08+08:00
奉贤	装(裝)	[空]	tsaon1(tsɑ̃⁵³)	true	tsaon1	暂无	自旧档汇入	2023-07-05T08:47:08+08:00
奉贤	壮(壯)	[空]	tsaon5(tsɑ̃³³⁵)	true	tsaon5	暂无	自旧档汇入	2023-07-05T08:47:08+08:00
奉贤	疮(瘡)	[空]	tshaon1(tsʰɑ̃⁵³)	true	tshaon1	暂无	自旧档汇入	2023-07-05T08:47:08+08:00
奉贤	创(創)	[空]	tshaon5(tsʰɑ̃³³⁵)	true	tshaon5	暂无	自旧档汇入	2023-07-05T08:47:08+08:00
奉贤	床(床)	[空]	zaon2(zɑ̃³¹)	true	zaon2	暂无	自旧档汇入	2023-07-05T08:47:08+08:00
奉贤	状(狀)	[空]	zaon6(zɑ̃¹¹³)	true	zaon6	暂无	自旧档汇入	2023-07-05T08:47:08+08:00
奉贤	霜(霜)	[空]	saon1(sɑ̃⁵³)	true	saon1	暂无	自旧档汇入	2023-07-05T08:47:08+08:00
奉贤	爽(爽)	[空]	saon3(sɑ̃⁴⁴)	true	saon3	暂无	自旧档汇入	2023-07-05T08:47:08+08:00
奉贤	章(章)	[空]	tsan1(tsɛ̃⁵³)	true	tsan1	暂无	自旧档汇入	2023-07-05T08:47:08+08:00
奉贤	章(章)	[空]	tsaon1(tsɑ̃⁵³)	true	tsaon1	暂无	自旧档汇入	2023-07-05T08:47:08+08:00
奉贤	樟(樟)	[空]	tsan1(tsɛ̃⁵³)	true	tsan1	暂无	自旧档汇入	2023-07-05T08:47:08+08:00
奉贤	樟(樟)	[空]	tsaon1(tsɑ̃⁵³)	true	tsaon1	暂无	自旧档汇入	2023-07-05T08:47:08+08:00
奉贤	掌(掌)	[空]	tsan3(tsɛ̃⁴⁴)	true	tsan3	暂无	自旧档汇入	2023-07-05T08:47:08+08:00
奉贤	障(障)	[空]	tsan5(tsɛ̃³³⁵)	true	tsan5	暂无	自旧档汇入	2023-07-05T08:47:08+08:00
奉贤	昌(昌)	[空]	tshan1(tsʰɛ̃⁵³)	true	tshan1	暂无	自旧档汇入	2023-07-05T08:47:08+08:00
奉贤	厂(廠)	[空]	tshan3(tsʰɛ̃⁴⁴)	true	tshan3	暂无	自旧档汇入	2023-07-05T08:47:08+08:00
奉贤	唱(唱)	[空]	tshaon5(tsʰɑ̃³³⁵)	true	tshaon5	暂无	自旧档汇入	2023-07-05T08:47:08+08:00
奉贤	商(商)	[空]	san1(sɛ̃⁵³)	true	san1	暂无	自旧档汇入	2023-07-05T08:47:08+08:00
奉贤	商(商)	[空]	saon1(sɑ̃⁵³)	true	saon1	暂无	自旧档汇入	2023-07-05T08:47:08+08:00
奉贤	伤(傷)	【校】原san1	saon1(sɑ̃⁵³)	true	saon1	暂无	自旧档汇入	2023-07-05T08:47:08+08:00
奉贤	赏(賞)	[空]	saon3(sɑ̃⁴⁴)	true	saon3	暂无	自旧档汇入	2023-07-05T08:47:08+08:00
奉贤	赏(賞)	[空]	san3(sɛ̃⁴⁴)	true	san3	暂无	自旧档汇入	2023-07-05T08:47:08+08:00
奉贤	常(常)	[空]	zan2(zɛ̃³¹)	true	zan2	暂无	自旧档汇入	2023-07-05T08:47:08+08:00
奉贤	裳(裳)	[空]	zaon2(zɑ̃³¹)	true	zaon2	暂无	自旧档汇入	2023-07-05T08:47:08+08:00
奉贤	裳(裳)	[空]	zan2(zɛ̃³¹)	true	zan2	暂无	自旧档汇入	2023-07-05T08:47:08+08:00
奉贤	上(上)	[空]	zaon6(zɑ̃¹¹³)	true	zaon6	暂无	自旧档汇入	2023-07-05T08:47:08+08:00
奉贤	上(上)	[空]	zan6(zɛ̃¹¹³)	true	zan6	暂无	自旧档汇入	2023-07-05T08:47:08+08:00
奉贤	瓤(瓤)	【校】原gnian2	gnian4(ɲiɛ̃²²)	true	gnian4	暂无	自旧档汇入	2023-07-05T08:47:08+08:00
奉贤	让(讓)	[空]	gnian6(ɲiɛ̃¹¹³)	true	gnian6	暂无	自旧档汇入	2023-07-05T08:47:08+08:00
奉贤	疆(疆)	[空]	cian1(ʄiɛ̃⁵³)	true	cian1	暂无	自旧档汇入	2023-07-05T08:47:08+08:00
奉贤	僵(僵)	[空]	cian1(ʄiɛ̃⁵³)	true	cian1	暂无	自旧档汇入	2023-07-05T08:47:08+08:00
奉贤	姜(姜)	[空]	cian1(ʄiɛ̃⁵³)	true	cian1	暂无	自旧档汇入	2023-07-05T08:47:08+08:00
奉贤	强(強)	[空]	jian2(ɟiɛ̃³¹)	true	jian2	暂无	自旧档汇入	2023-07-05T08:47:08+08:00
奉贤	强(強)	勉~【校】原chian1	chian3(cʰiɛ̃⁴⁴)	true	chian3	暂无	自旧档汇入	2023-07-05T08:47:08+08:00
奉贤	香(香)	[空]	shian1(çiɛ̃⁵³)	true	shian1	暂无	自旧档汇入	2023-07-05T08:47:08+08:00
奉贤	乡(鄉)	[空]	shian1(çiɛ̃⁵³)	true	shian1	暂无	自旧档汇入	2023-07-05T08:47:08+08:00
奉贤	享(享)	[空]	shian3(çiɛ̃⁴⁴)	true	shian3	暂无	自旧档汇入	2023-07-05T08:47:08+08:00
奉贤	响(響)	[空]	shian3(çiɛ̃⁴⁴)	true	shian3	暂无	自旧档汇入	2023-07-05T08:47:08+08:00
奉贤	向(向)	[空]	shian5(çiɛ̃³³⁵)	true	shian5	暂无	自旧档汇入	2023-07-05T08:47:08+08:00
奉贤	央(央)	[空]	ian1(∅iɛ̃⁵³)	true	ian1	暂无	自旧档汇入	2023-07-05T08:47:08+08:00
奉贤	秧(秧)	[空]	ian1(∅iɛ̃⁵³)	true	ian1	暂无	自旧档汇入	2023-07-05T08:47:08+08:00
奉贤	羊(羊)	[空]	yan2(ɦiɛ̃³¹)	true	yan2	暂无	自旧档汇入	2023-07-05T08:47:08+08:00
奉贤	洋(洋)	[空]	yan2(ɦiɛ̃³¹)	true	yan2	暂无	自旧档汇入	2023-07-05T08:47:08+08:00
奉贤	杨(楊)	[空]	yan2(ɦiɛ̃³¹)	true	yan2	暂无	自旧档汇入	2023-07-05T08:47:08+08:00
奉贤	扬(揚)	[空]	yan2(ɦiɛ̃³¹)	true	yan2	暂无	自旧档汇入	2023-07-05T08:47:08+08:00
奉贤	阳(陽)	[空]	yan2(ɦiɛ̃³¹)	true	yan2	暂无	自旧档汇入	2023-07-05T08:47:08+08:00
奉贤	烊(烊)	[空]	yan2(ɦiɛ̃³¹)	true	yan2	暂无	自旧档汇入	2023-07-05T08:47:08+08:00
奉贤	养(養)	[空]	yan4(ɦiɛ̃²²)	true	yan4	暂无	自旧档汇入	2023-07-05T08:47:08+08:00
奉贤	样(樣)	[空]	ian5(∅iɛ̃³³⁵)	true	ian5	暂无	自旧档汇入	2023-07-05T08:47:08+08:00
奉贤	略(略)	[空]	liaq8(liɑʔ³)	true	liaq8	暂无	自旧档汇入	2023-07-05T08:47:08+08:00
奉贤	掠(掠)	[空]	liaq8(liɑʔ³)	true	liaq8	暂无	自旧档汇入	2023-07-05T08:47:08+08:00
奉贤	雀(雀)	[空]	tshiaq7(tsʰiɑʔ⁵)	true	tshiaq7	暂无	自旧档汇入	2023-07-05T08:47:08+08:00
奉贤	雀(雀)	tsiaq7	tsiaq7(tsiɑʔ⁵)	true	tsiaq7	暂无	自旧档汇入	2023-07-05T08:47:08+08:00
奉贤	鹊(鵲)	[空]	tshiaq7(tsʰiɑʔ⁵)	true	tshiaq7	暂无	自旧档汇入	2023-07-05T08:47:08+08:00
奉贤	嚼(嚼)	[空]	ziaq8(ziɑʔ³)	true	ziaq8	暂无	自旧档汇入	2023-07-05T08:47:08+08:00
奉贤	削(削)	[空]	siaq7(siɑʔ⁵)	true	siaq7	暂无	自旧档汇入	2023-07-05T08:47:08+08:00
奉贤	着(著)	[空]	tsaq7(tsɑʔ⁵)	true	tsaq7	暂无	自旧档汇入	2023-07-05T08:47:08+08:00
奉贤	勺(勺)	[空]	zaoq8(zɔʔ³)	true	zaoq8	暂无	自旧档汇入	2023-07-05T08:47:08+08:00
奉贤	若(若)	[空]	zaq8(zɑʔ³)	true	zaq8	暂无	自旧档汇入	2023-07-05T08:47:08+08:00
奉贤	弱(弱)	[空]	zaq8(zɑʔ³)	true	zaq8	暂无	自旧档汇入	2023-07-05T08:47:08+08:00
奉贤	脚(腳)	[空]	ciaq7(ʄiɑʔ⁵)	true	ciaq7	暂无	自旧档汇入	2023-07-05T08:47:08+08:00
奉贤	虐(虐)	[空]	gniaq8(ɲiɑʔ³)	true	gniaq8	暂无	自旧档汇入	2023-07-05T08:47:08+08:00
奉贤	约(約)	[空]	iaq7(∅iɑʔ⁵)	true	iaq7	暂无	自旧档汇入	2023-07-05T08:47:08+08:00
奉贤	药(藥)	[空]	yaq8(ɦiɑʔ³)	true	yaq8	暂无	自旧档汇入	2023-07-05T08:47:08+08:00
奉贤	钥(鑰)	[空]	yaq8(ɦiɑʔ³)	true	yaq8	暂无	自旧档汇入	2023-07-05T08:47:08+08:00
奉贤	光(光)	[空]	kuaon1(kuɑ̃⁵³)	true	kuaon1	暂无	自旧档汇入	2023-07-05T08:47:08+08:00
奉贤	光(光)	~火	kuan1(kuɛ̃⁵³)	true	kuan1	暂无	自旧档汇入	2023-07-05T08:47:08+08:00
奉贤	广(廣)	[空]	kuaon3(kuɑ̃⁴⁴)	true	kuaon3	暂无	自旧档汇入	2023-07-05T08:47:08+08:00
奉贤	荒(荒)	[空]	faon1(ɸɑ̃⁵³)	true	faon1	暂无	自旧档汇入	2023-07-05T08:47:08+08:00
奉贤	慌(慌)	[空]	faon1(ɸɑ̃⁵³)	true	faon1	暂无	自旧档汇入	2023-07-05T08:47:08+08:00
奉贤	谎(謊)	[空]	faon5(ɸɑ̃³³⁵)	true	faon5	暂无	自旧档汇入	2023-07-05T08:47:08+08:00
奉贤	晃(晃)	搖~【校】原vaon2	vaon6(βɑ̃¹¹³)	true	vaon6	暂无	自旧档汇入	2023-07-05T08:47:08+08:00
奉贤	簧(簧)	[空]	vaon2(βɑ̃³¹)	true	vaon2	暂无	自旧档汇入	2023-07-05T08:47:08+08:00
奉贤	皇(皇)	[空]	vaon2(βɑ̃³¹)	true	vaon2	暂无	自旧档汇入	2023-07-05T08:47:08+08:00
奉贤	晃(晃)	~眼【校】原uaon1	faon5(ɸɑ̃⁵³)	true	faon5	暂无	自旧档汇入	2023-07-05T08:47:08+08:00
奉贤	郭(郭)	[空]	kuaoq7(kuɔʔ⁵)	true	kuaoq7	暂无	自旧档汇入	2023-07-05T08:47:08+08:00
奉贤	扩(擴)	[空]	khuaoq7(kʰuɔʔ⁵)	true	khuaoq7	暂无	自旧档汇入	2023-07-05T08:47:08+08:00
奉贤	廓(廓)	【校】原kuaoq7	khuaoq7(kʰuɔʔ⁵)	true	khuaoq7	暂无	自旧档汇入	2023-07-05T08:47:08+08:00
奉贤	霍(霍)	[空]	haoq7(hɔʔ⁵)	true	haoq7	暂无	自旧档汇入	2023-07-05T08:47:08+08:00
奉贤	方(方)	[空]	faon1(ɸɑ̃⁵³)	true	faon1	暂无	自旧档汇入	2023-07-05T08:47:08+08:00
奉贤	肪(肪)	[空]	faon1(ɸɑ̃⁵³)	true	faon1	暂无	自旧档汇入	2023-07-05T08:47:08+08:00
奉贤	仿(仿)	[空]	faon3(ɸɑ̃⁴⁴)	true	faon3	暂无	自旧档汇入	2023-07-05T08:47:08+08:00
奉贤	放(放)	[空]	faon5(ɸɑ̃³³⁵)	true	faon5	暂无	自旧档汇入	2023-07-05T08:47:08+08:00
奉贤	芳(芳)	[空]	faon1(ɸɑ̃⁵³)	true	faon1	暂无	自旧档汇入	2023-07-05T08:47:08+08:00
奉贤	纺(紡)	[空]	faon3(ɸɑ̃⁴⁴)	true	faon3	暂无	自旧档汇入	2023-07-05T08:47:08+08:00
奉贤	仿(仿)	[空]	faon3(ɸɑ̃⁴⁴)	true	faon3	暂无	自旧档汇入	2023-07-05T08:47:08+08:00
奉贤	访(訪)	【校】原faon5	faon3(ɸɑ̃⁴⁴)	true	faon3	暂无	自旧档汇入	2023-07-05T08:47:08+08:00
奉贤	防(防)	[空]	baon2(bɑ̃³¹)	true	baon2	暂无	自旧档汇入	2023-07-05T08:47:08+08:00
奉贤	房(房)	[空]	vaon2(βɑ̃³¹)	true	vaon2	暂无	自旧档汇入	2023-07-05T08:47:08+08:00
奉贤	亡(亡)	文	maon2(mɑ̃³¹)	true	maon2	暂无	自旧档汇入	2023-07-05T08:47:08+08:00
奉贤	亡(亡)	白	vaon2(βɑ̃³¹)	true	vaon2	暂无	自旧档汇入	2023-07-05T08:47:08+08:00
奉贤	芒(芒)	[空]	maon2(mɑ̃³¹)	true	maon2	暂无	自旧档汇入	2023-07-05T08:47:08+08:00
奉贤	网(網)	【校】原maon6	maon4(mɑ̃²²)	true	maon4	暂无	自旧档汇入	2023-07-05T08:47:08+08:00
奉贤	忘(忘)	白	maon6(mɑ̃¹¹³)	true	maon6	暂无	自旧档汇入	2023-07-05T08:47:08+08:00
奉贤	忘(忘)	文	vaon6(βɑ̃¹¹³)	true	vaon6	暂无	自旧档汇入	2023-07-05T08:47:08+08:00
奉贤	望(望)	白	maon6(mɑ̃¹¹³)	true	maon6	暂无	自旧档汇入	2023-07-05T08:47:08+08:00
奉贤	望(望)	文	vaon6(βɑ̃¹¹³)	true	vaon6	暂无	自旧档汇入	2023-07-05T08:47:08+08:00
奉贤	妄(妄)	[空]	vaon6(βɑ̃¹¹³)	true	vaon6	暂无	自旧档汇入	2023-07-05T08:47:08+08:00
奉贤	筐(筐)	[空]	khaon1(kʰɑ̃⁵³)	true	khaon1	暂无	自旧档汇入	2023-07-05T08:47:08+08:00
奉贤	狂(狂)	【校】原guaon6	guaon2(guɑ̃³¹)	true	guaon2	暂无	自旧档汇入	2023-07-05T08:47:08+08:00
奉贤	况(況)	[空]	faon5(ɸɑ̃³³⁵)	true	faon5	暂无	自旧档汇入	2023-07-05T08:47:08+08:00
奉贤	王(王)	[空]	vaon2(βɑ̃³¹)	true	vaon2	暂无	自旧档汇入	2023-07-05T08:47:08+08:00
奉贤	王(王)	[空]	yaon2(ɦiɑ̃³¹)	true	yaon2	暂无	自旧档汇入	2023-07-05T08:47:08+08:00
奉贤	往(往)	[空]	maon6(mɑ̃¹¹³)	true	maon6	暂无	自旧档汇入	2023-07-05T08:47:08+08:00
奉贤	往(往)	【校】原uaon5	uaon3(∅uɑ̃⁴⁴)	true	uaon3	暂无	自旧档汇入	2023-07-05T08:47:08+08:00
奉贤	旺(旺)	[空]	yaon6(ɦiɑ̃¹¹³)	true	yaon6	暂无	自旧档汇入	2023-07-05T08:47:08+08:00
奉贤	缚(縛)	[空]	baoq8(bɔʔ³)	true	baoq8	暂无	自旧档汇入	2023-07-05T08:47:08+08:00
奉贤	缚(縛)	[空]	vaoq8(βɔʔ³)	true	vaoq8	暂无	自旧档汇入	2023-07-05T08:47:08+08:00
奉贤	邦(邦)	[空]	paon1(ɓɑ̃⁵³)	true	paon1	暂无	自旧档汇入	2023-07-05T08:47:08+08:00
奉贤	绑(綁)	[空]	paon3(ɓɑ̃⁴⁴)	true	paon3	暂无	自旧档汇入	2023-07-05T08:47:08+08:00
奉贤	胖(胖)	[空]	phaon5(pʰɑ̃³³⁵)	true	phaon5	暂无	自旧档汇入	2023-07-05T08:47:08+08:00
奉贤	庞(龐)	[空]	baon2(bɑ̃³¹)	true	baon2	暂无	自旧档汇入	2023-07-05T08:47:08+08:00
奉贤	棒(棒)	[空]	baon6(bɑ̃¹¹³)	true	baon6	暂无	自旧档汇入	2023-07-05T08:47:08+08:00
奉贤	桩(樁)	[空]	tsaon1(tsɑ̃⁵³)	true	tsaon1	暂无	自旧档汇入	2023-07-05T08:47:08+08:00
奉贤	撞(撞)	[空]	zaon6(zɑ̃¹¹³)	true	zaon6	暂无	自旧档汇入	2023-07-05T08:47:08+08:00
奉贤	窗(窗)	[空]	tshaon1(tsʰɑ̃⁵³)	true	tshaon1	暂无	自旧档汇入	2023-07-05T08:47:08+08:00
奉贤	双(雙)	[空]	saon1(sɑ̃⁵³)	true	saon1	暂无	自旧档汇入	2023-07-05T08:47:08+08:00
奉贤	江(江)	[空]	kaon1(kɑ̃⁵³)	true	kaon1	暂无	自旧档汇入	2023-07-05T08:47:08+08:00
奉贤	讲(講)	白	kaon3(kɑ̃⁴⁴)	true	kaon3	暂无	自旧档汇入	2023-07-05T08:47:08+08:00
奉贤	讲(講)	文	cian3(ʄiɛ̃⁴⁴)	true	cian3	暂无	自旧档汇入	2023-07-05T08:47:08+08:00
奉贤	港(港)	【校】原kaon5	kaon3(kɑ̃⁴⁴)	true	kaon3	暂无	自旧档汇入	2023-07-05T08:47:08+08:00
奉贤	降(降)	~落	kaon5(kɑ̃³³⁵)	true	kaon5	暂无	自旧档汇入	2023-07-05T08:47:08+08:00
奉贤	腔(腔)	[空]	chian1(cʰiɛ̃⁵³)	true	chian1	暂无	自旧档汇入	2023-07-05T08:47:08+08:00
奉贤	降(降)	投~	ghaon2(ɦɑ̃³¹)	true	ghaon2	暂无	自旧档汇入	2023-07-05T08:47:08+08:00
奉贤	降(降)	又	vaon2(βɑ̃³¹)	true	vaon2	暂无	自旧档汇入	2023-07-05T08:47:08+08:00
奉贤	项(項)	[空]	ghaon6(ɦɑ̃¹¹³)	true	ghaon6	暂无	自旧档汇入	2023-07-05T08:47:08+08:00
奉贤	巷(巷)	[空]	ghaon6(ɦɑ̃¹¹³)	true	ghaon6	暂无	自旧档汇入	2023-07-05T08:47:08+08:00
奉贤	剥(剝)	[空]	poq7(ɓoʔ⁵)	true	poq7	暂无	自旧档汇入	2023-07-05T08:47:08+08:00
奉贤	朴(樸)	[空]	phaoq7(pʰɔʔ⁵)	true	phaoq7	暂无	自旧档汇入	2023-07-05T08:47:08+08:00
奉贤	雹(雹)	[空]	bau6(bɔ¹¹³)	true	bau6	暂无	自旧档汇入	2023-07-05T08:47:08+08:00
奉贤	桌(桌)	[空]	tsaoq7(tsɔʔ⁵)	true	tsaoq7	暂无	自旧档汇入	2023-07-05T08:47:08+08:00
奉贤	戳(戳)	【校】原tshoq7	tshaoq7(tsʰɔʔ⁵)	true	tshaoq7	暂无	自旧档汇入	2023-07-05T08:47:08+08:00
奉贤	戳(戳)	[空]	chiaoq7(cʰiɔʔ⁵)	true	chiaoq7	暂无	自旧档汇入	2023-07-05T08:47:08+08:00
奉贤	浊(濁)	[空]	zaoq8(zɔʔ³)	true	zaoq8	暂无	自旧档汇入	2023-07-05T08:47:08+08:00
奉贤	捉(捉)	[空]	tsaoq7(tsɔʔ⁵)	true	tsaoq7	暂无	自旧档汇入	2023-07-05T08:47:08+08:00
奉贤	镯(鐲)	[空]	zaoq8(zɔʔ³)	true	zaoq8	暂无	自旧档汇入	2023-07-05T08:47:08+08:00
奉贤	朔(朔)	[空]	saoq7(sɔʔ⁵)	true	saoq7	暂无	自旧档汇入	2023-07-05T08:47:08+08:00
奉贤	觉(覺)	白	kaoq7(kɔʔ⁵)	true	kaoq7	暂无	自旧档汇入	2023-07-05T08:47:08+08:00
奉贤	觉(覺)	文	ciaq7(ʄiɑʔ⁵)	true	ciaq7	暂无	自旧档汇入	2023-07-05T08:47:08+08:00
奉贤	角(角)	[空]	kaoq7(kɔʔ⁵)	true	kaoq7	暂无	自旧档汇入	2023-07-05T08:47:08+08:00
奉贤	确(確)	[空]	chiaq7(cʰiɑʔ⁵)	true	chiaq7	暂无	自旧档汇入	2023-07-05T08:47:08+08:00
奉贤	确(確)	文	chiaoq7(cʰiɔʔ⁵)	true	chiaoq7	暂无	自旧档汇入	2023-07-05T08:47:08+08:00
奉贤	岳(岳)	[空]	ngaoq8(ŋɔʔ³)	true	ngaoq8	暂无	自旧档汇入	2023-07-05T08:47:08+08:00
奉贤	乐(樂)	[空]	yaq8(ɦiɑʔ³)	true	yaq8	暂无	自旧档汇入	2023-07-05T08:47:08+08:00
奉贤	学(學)	白	ghaoq8(ɦɔʔ³)	true	ghaoq8	暂无	自旧档汇入	2023-07-05T08:47:08+08:00
奉贤	学(學)	文	yaq8(ɦiɑʔ³)	true	yaq8	暂无	自旧档汇入	2023-07-05T08:47:08+08:00
奉贤	握(握)	[空]	uaoq7(∅uɔʔ⁵)	true	uaoq7	暂无	自旧档汇入	2023-07-05T08:47:08+08:00
奉贤	崩(崩)	[空]	pen1(ɓɐŋ⁵³)	true	pen1	暂无	自旧档汇入	2023-07-05T08:47:08+08:00
奉贤	朋(朋)	白	ban2(bɛ̃³¹)	true	ban2	暂无	自旧档汇入	2023-07-05T08:47:08+08:00
奉贤	朋(朋)	文	ben2(bɐŋ³¹)	true	ben2	暂无	自旧档汇入	2023-07-05T08:47:08+08:00
奉贤	登(登)	[空]	ten1(ɗɐŋ⁵³)	true	ten1	暂无	自旧档汇入	2023-07-05T08:47:08+08:00
奉贤	灯(燈)	[空]	ten1(ɗɐŋ⁵³)	true	ten1	暂无	自旧档汇入	2023-07-05T08:47:08+08:00
奉贤	等(等)	[空]	ten3(ɗɐŋ⁴⁴)	true	ten3	暂无	自旧档汇入	2023-07-05T08:47:08+08:00
奉贤	凳(凳)	[空]	ten5(ɗɐŋ³³⁵)	true	ten5	暂无	自旧档汇入	2023-07-05T08:47:08+08:00
奉贤	腾(騰)	【校】原den6	den2(dɐŋ³¹)	true	den2	暂无	自旧档汇入	2023-07-05T08:47:08+08:00
奉贤	藤(藤)	【校】原den6	den2(dɐŋ³¹)	true	den2	暂无	自旧档汇入	2023-07-05T08:47:08+08:00
奉贤	邓(鄧)	[空]	den6(dɐŋ¹¹³)	true	den6	暂无	自旧档汇入	2023-07-05T08:47:08+08:00
奉贤	能(能)	[空]	nen2(nɐŋ³¹)	true	nen2	暂无	自旧档汇入	2023-07-05T08:47:08+08:00
奉贤	增(增)	[空]	tsen1(tsɐŋ⁵³)	true	tsen1	暂无	自旧档汇入	2023-07-05T08:47:08+08:00
奉贤	曾(曾)	~孫	tsen1(tsɐŋ⁵³)	true	tsen1	暂无	自旧档汇入	2023-07-05T08:47:08+08:00
奉贤	曾(曾)	~經【校】原zen6	zen2(zɐŋ³¹)	true	zen2	暂无	自旧档汇入	2023-07-05T08:47:08+08:00
奉贤	层(層)	【校】原zen6	zen2(zɐŋ³¹)	true	zen2	暂无	自旧档汇入	2023-07-05T08:47:08+08:00
奉贤	赠(贈)	[空]	zen6(zɐŋ¹¹³)	true	zen6	暂无	自旧档汇入	2023-07-05T08:47:08+08:00
奉贤	僧(僧)	[空]	sen1(sɐŋ⁵³)	true	sen1	暂无	自旧档汇入	2023-07-05T08:47:08+08:00
奉贤	肯(肯)	[空]	khen3(kʰɐŋ⁴⁴)	true	khen3	暂无	自旧档汇入	2023-07-05T08:47:08+08:00
奉贤	恒(恆)	[空]	ghen2(ɦɐŋ³¹)	true	ghen2	暂无	自旧档汇入	2023-07-05T08:47:08+08:00
奉贤	北(北)	[空]	poq7(ɓoʔ⁵)	true	poq7	暂无	自旧档汇入	2023-07-05T08:47:08+08:00
奉贤	墨(墨)	[空]	meoq8(mʌʔ³)	true	meoq8	暂无	自旧档汇入	2023-07-05T08:47:08+08:00
奉贤	默(默)	[空]	meoq8(mʌʔ³)	true	meoq8	暂无	自旧档汇入	2023-07-05T08:47:08+08:00
奉贤	得(得)	[空]	teoq7(ɗʌʔ⁵)	true	teoq7	暂无	自旧档汇入	2023-07-05T08:47:08+08:00
奉贤	德(德)	[空]	teoq7(ɗʌʔ⁵)	true	teoq7	暂无	自旧档汇入	2023-07-05T08:47:08+08:00
奉贤	特(特)	[空]	deoq8(dʌʔ³)	true	deoq8	暂无	自旧档汇入	2023-07-05T08:47:08+08:00
奉贤	肋(肋)	[空]	leoq8(lʌʔ³)	true	leoq8	暂无	自旧档汇入	2023-07-05T08:47:08+08:00
奉贤	勒(勒)	[空]	leoq8(lʌʔ³)	true	leoq8	暂无	自旧档汇入	2023-07-05T08:47:08+08:00
奉贤	贼(賊)	[空]	zeoq8(zʌʔ³)	true	zeoq8	暂无	自旧档汇入	2023-07-05T08:47:08+08:00
奉贤	塞(塞)	[空]	seoq7(sʌʔ⁵)	true	seoq7	暂无	自旧档汇入	2023-07-05T08:47:08+08:00
奉贤	克(克)	[空]	kheoq7(kʰʌʔ⁵)	true	kheoq7	暂无	自旧档汇入	2023-07-05T08:47:08+08:00
奉贤	刻(刻)	[空]	kheoq7(kʰʌʔ⁵)	true	kheoq7	暂无	自旧档汇入	2023-07-05T08:47:08+08:00
奉贤	黑(黑)	[空]	heoq7(hʌʔ⁵)	true	heoq7	暂无	自旧档汇入	2023-07-05T08:47:08+08:00
奉贤	冰(冰)	[空]	pin1(ɓiɐŋ⁵³)	true	pin1	暂无	自旧档汇入	2023-07-05T08:47:08+08:00
奉贤	凭(憑)	[空]	bin2(biɐŋ³¹)	true	bin2	暂无	自旧档汇入	2023-07-05T08:47:08+08:00
奉贤	陵(陵)	[空]	lin2(liɐŋ³¹)	true	lin2	暂无	自旧档汇入	2023-07-05T08:47:08+08:00
奉贤	菱(菱)	[空]	lin2(liɐŋ³¹)	true	lin2	暂无	自旧档汇入	2023-07-05T08:47:08+08:00
奉贤	征(徵)	[空]	tsen1(tsɐŋ⁵³)	true	tsen1	暂无	自旧档汇入	2023-07-05T08:47:08+08:00
奉贤	澄(澄)	[空]	zen2(zɐŋ³¹)	true	zen2	暂无	自旧档汇入	2023-07-05T08:47:08+08:00
奉贤	橙(橙)	[空]	zen2(zɐŋ³¹)	true	zen2	暂无	自旧档汇入	2023-07-05T08:47:08+08:00
奉贤	蒸(蒸)	[空]	tsen1(tsɐŋ⁵³)	true	tsen1	暂无	自旧档汇入	2023-07-05T08:47:08+08:00
奉贤	证(證)	[空]	tsen5(tsɐŋ³³⁵)	true	tsen5	暂无	自旧档汇入	2023-07-05T08:47:08+08:00
奉贤	症(症)	[空]	tsen5(tsɐŋ³³⁵)	true	tsen5	暂无	自旧档汇入	2023-07-05T08:47:08+08:00
奉贤	称(稱)	[空]	tshen1(tsʰɐŋ⁵³)	true	tshen1	暂无	自旧档汇入	2023-07-05T08:47:08+08:00
奉贤	称(稱)	相~	tshen5(tsʰɐŋ³³⁵)	true	tshen5	暂无	自旧档汇入	2023-07-05T08:47:08+08:00
奉贤	秤(秤)	[空]	tshen5(tsʰɐŋ³³⁵)	true	tshen5	暂无	自旧档汇入	2023-07-05T08:47:08+08:00
奉贤	乘(乘)	[空]	zen2(zɐŋ³¹)	true	zen2	暂无	自旧档汇入	2023-07-05T08:47:08+08:00
奉贤	绳(繩)	[空]	zen2(zɐŋ³¹)	true	zen2	暂无	自旧档汇入	2023-07-05T08:47:08+08:00
奉贤	剩(剩)	文	zen6(zɐŋ¹¹³)	true	zen6	暂无	自旧档汇入	2023-07-05T08:47:08+08:00
奉贤	剩(剩)	白	zan6(zɛ̃¹¹³)	true	zan6	暂无	自旧档汇入	2023-07-05T08:47:08+08:00
奉贤	升(升)	[空]	sen1(sɐŋ⁵³)	true	sen1	暂无	自旧档汇入	2023-07-05T08:47:08+08:00
奉贤	胜(勝)	[空]	sen5(sɐŋ³³⁵)	true	sen5	暂无	自旧档汇入	2023-07-05T08:47:08+08:00
奉贤	承(承)	[空]	zen2(zɐŋ³¹)	true	zen2	暂无	自旧档汇入	2023-07-05T08:47:08+08:00
奉贤	丞(丞)	[空]	zen2(zɐŋ³¹)	true	zen2	暂无	自旧档汇入	2023-07-05T08:47:08+08:00
奉贤	仍(仍)	[空]	zen2(zɐŋ³¹)	true	zen2	暂无	自旧档汇入	2023-07-05T08:47:08+08:00
奉贤	扔(扔)	[空]	gnin2(ɲiɐŋ³¹)	true	gnin2	暂无	自旧档汇入	2023-07-05T08:47:08+08:00
奉贤	应(應)	[空]	in1(∅iɐŋ⁵³)	true	in1	暂无	自旧档汇入	2023-07-05T08:47:08+08:00
奉贤	鹰(鷹)	[空]	in1(∅iɐŋ⁵³)	true	in1	暂无	自旧档汇入	2023-07-05T08:47:08+08:00
奉贤	应(應)	響~	in5(∅iɐŋ³³⁵)	true	in5	暂无	自旧档汇入	2023-07-05T08:47:08+08:00
奉贤	蝇(蠅)	[空]	in1(∅iɐŋ⁵³)	true	in1	暂无	自旧档汇入	2023-07-05T08:47:08+08:00
奉贤	孕(孕)	[空]	yun6(ɦyɐ̃¹¹³)	true	yun6	暂无	自旧档汇入	2023-07-05T08:47:08+08:00
奉贤	逼(逼)	[空]	pieq7(ɓiʌʔ⁵)	true	pieq7	暂无	自旧档汇入	2023-07-05T08:47:08+08:00
奉贤	力(力)	[空]	lieq8(liʌʔ³)	true	lieq8	暂无	自旧档汇入	2023-07-05T08:47:08+08:00
奉贤	即(即)	[空]	tsieq7(tsiʌʔ⁵)	true	tsieq7	暂无	自旧档汇入	2023-07-05T08:47:08+08:00
奉贤	鲫(鯽)	[空]	tsieq7(tsiʌʔ⁵)	true	tsieq7	暂无	自旧档汇入	2023-07-05T08:47:08+08:00
奉贤	鲫(鯽)	[空]	tsi1(tsi⁵³)	true	tsi1	暂无	自旧档汇入	2023-07-05T08:47:08+08:00
奉贤	息(息)	[空]	sieq7(siʌʔ⁵)	true	sieq7	暂无	自旧档汇入	2023-07-05T08:47:08+08:00
奉贤	熄(熄)	[空]	sieq7(siʌʔ⁵)	true	sieq7	暂无	自旧档汇入	2023-07-05T08:47:08+08:00
奉贤	直(直)	[空]	zeoq8(zʌʔ³)	true	zeoq8	暂无	自旧档汇入	2023-07-05T08:47:08+08:00
奉贤	值(值)	[空]	zeoq8(zʌʔ³)	true	zeoq8	暂无	自旧档汇入	2023-07-05T08:47:08+08:00
奉贤	侧(側)	[空]	tseoq7(tsʌʔ⁵)	true	tseoq7	暂无	自旧档汇入	2023-07-05T08:47:08+08:00
奉贤	测(測)	[空]	tsheoq7(tsʰʌʔ⁵)	true	tsheoq7	暂无	自旧档汇入	2023-07-05T08:47:08+08:00
奉贤	色(色)	[空]	seoq7(sʌʔ⁵)	true	seoq7	暂无	自旧档汇入	2023-07-05T08:47:08+08:00
奉贤	织(織)	[空]	tseoq7(tsʌʔ⁵)	true	tseoq7	暂无	自旧档汇入	2023-07-05T08:47:08+08:00
奉贤	职(職)	[空]	tseoq7(tsʌʔ⁵)	true	tseoq7	暂无	自旧档汇入	2023-07-05T08:47:08+08:00
奉贤	食(食)	[空]	zeoq8(zʌʔ³)	true	zeoq8	暂无	自旧档汇入	2023-07-05T08:47:08+08:00
奉贤	识(識)	[空]	seoq7(sʌʔ⁵)	true	seoq7	暂无	自旧档汇入	2023-07-05T08:47:08+08:00
奉贤	式(式)	[空]	seoq7(sʌʔ⁵)	true	seoq7	暂无	自旧档汇入	2023-07-05T08:47:08+08:00
奉贤	植(植)	[空]	zeoq8(zʌʔ³)	true	zeoq8	暂无	自旧档汇入	2023-07-05T08:47:08+08:00
奉贤	殖(殖)	[空]	zeoq8(zʌʔ³)	true	zeoq8	暂无	自旧档汇入	2023-07-05T08:47:08+08:00
奉贤	极(極)	[空]	jieq8(ɟiʌʔ³)	true	jieq8	暂无	自旧档汇入	2023-07-05T08:47:08+08:00
奉贤	忆(憶)	[空]	yeq7(ɦiʌʔ⁵)	true	yeq7	暂无	自旧档汇入	2023-07-05T08:47:08+08:00
奉贤	亿(億)	[空]	yeq7(ɦiʌʔ⁵)	true	yeq7	暂无	自旧档汇入	2023-07-05T08:47:08+08:00
奉贤	亿(億)	文	yi2(ɦi³¹)	true	yi2	暂无	自旧档汇入	2023-07-05T08:47:08+08:00
奉贤	弘(弘)	[空]	ghon2(ɦʊŋ³¹)	true	ghon2	暂无	自旧档汇入	2023-07-05T08:47:08+08:00
奉贤	国(國)	[空]	koq7(koʔ⁵)	true	koq7	暂无	自旧档汇入	2023-07-05T08:47:08+08:00
奉贤	或(或)	[空]	voq8(βoʔ³)	true	voq8	暂无	自旧档汇入	2023-07-05T08:47:08+08:00
奉贤	或(或)	又。	ghoq8(ɦoʔ³)	true	ghoq8	暂无	自旧档汇入	2023-07-05T08:47:08+08:00
奉贤	域(域)	【校】原voq8	yoq8(ɦioʔ³)	true	yoq8	暂无	自旧档汇入	2023-07-05T08:47:08+08:00
奉贤	彭(彭)	[空]	ban2(bɛ̃³¹)	true	ban2	暂无	自旧档汇入	2023-07-05T08:47:08+08:00
奉贤	膨(膨)	[空]	ban2(bɛ̃³¹)	true	ban2	暂无	自旧档汇入	2023-07-05T08:47:08+08:00
奉贤	盲(盲)	[空]	maon2(mɑ̃³¹)	true	maon2	暂无	自旧档汇入	2023-07-05T08:47:08+08:00
奉贤	猛(猛)	【校】原man6	man4(mɛ̃²²)	true	man4	暂无	自旧档汇入	2023-07-05T08:47:08+08:00
奉贤	孟(孟)	[空]	man6(mɛ̃¹¹³)	true	man6	暂无	自旧档汇入	2023-07-05T08:47:08+08:00
奉贤	打(打)	[空]	tan3(ɗɛ̃⁴⁴)	true	tan3	暂无	自旧档汇入	2023-07-05T08:47:08+08:00
奉贤	冷(冷)	[空]	lan4(lɛ̃²²)	true	lan4	暂无	自旧档汇入	2023-07-05T08:47:08+08:00
奉贤	撑(撐)	[空]	tshan1(tsʰɛ̃⁵³)	true	tshan1	暂无	自旧档汇入	2023-07-05T08:47:08+08:00
奉贤	生(生)	白	san1(sɛ̃⁵³)	true	san1	暂无	自旧档汇入	2023-07-05T08:47:08+08:00
奉贤	生(生)	文	sen1(sɐŋ⁵³)	true	sen1	暂无	自旧档汇入	2023-07-05T08:47:08+08:00
奉贤	甥(甥)	白	san1(sɛ̃⁵³)	true	san1	暂无	自旧档汇入	2023-07-05T08:47:08+08:00
奉贤	甥(甥)	文	sen1(sɐŋ⁵³)	true	sen1	暂无	自旧档汇入	2023-07-05T08:47:08+08:00
奉贤	牲(牲)	白	san1(sɛ̃⁵³)	true	san1	暂无	自旧档汇入	2023-07-05T08:47:08+08:00
奉贤	牲(牲)	文	sen1(sɐŋ⁵³)	true	sen1	暂无	自旧档汇入	2023-07-05T08:47:08+08:00
奉贤	省(省)	【校】原san5	san3(sɛ̃⁴⁴)	true	san3	暂无	自旧档汇入	2023-07-05T08:47:08+08:00
奉贤	更(更)	[空]	kan1(kɛ̃⁵³)	true	kan1	暂无	自旧档汇入	2023-07-05T08:47:08+08:00
奉贤	更(更)	又。~加	cin1(ʄiɐŋ⁵³)	true	cin1	暂无	自旧档汇入	2023-07-05T08:47:08+08:00
奉贤	羹(羹)	[空]	kan1(kɛ̃⁵³)	true	kan1	暂无	自旧档汇入	2023-07-05T08:47:08+08:00
奉贤	庚(庚)	[空]	kan1(kɛ̃⁵³)	true	kan1	暂无	自旧档汇入	2023-07-05T08:47:08+08:00
奉贤	粳(粳)	[空]	kan1(kɛ̃⁵³)	true	kan1	暂无	自旧档汇入	2023-07-05T08:47:08+08:00
奉贤	梗(梗)	[空]	kan3(kɛ̃⁴⁴)	true	kan3	暂无	自旧档汇入	2023-07-05T08:47:08+08:00
奉贤	更(更)	文。~加	ken5(kɐŋ³³⁵)	true	ken5	暂无	自旧档汇入	2023-07-05T08:47:08+08:00
奉贤	坑(坑)	[空]	khaon1(kʰɑ̃⁵³)	true	khaon1	暂无	自旧档汇入	2023-07-05T08:47:08+08:00
奉贤	坑(坑)	白	khan1(kʰɛ̃⁵³)	true	khan1	暂无	自旧档汇入	2023-07-05T08:47:08+08:00
奉贤	硬(硬)	[空]	ngan6(ŋɛ̃¹¹³)	true	ngan6	暂无	自旧档汇入	2023-07-05T08:47:08+08:00
奉贤	行(行)	[空]	yin2(ɦiɐŋ³¹)	true	yin2	暂无	自旧档汇入	2023-07-05T08:47:08+08:00
奉贤	行(行)	白	ghan2(ɦɛ̃³¹)	true	ghan2	暂无	自旧档汇入	2023-07-05T08:47:08+08:00
奉贤	杏(杏)	[空]	an3(∅ɛ̃⁴⁴)	true	an3	暂无	自旧档汇入	2023-07-05T08:47:08+08:00
奉贤	百(百)	[空]	paq7(ɓɑʔ⁵)	true	paq7	暂无	自旧档汇入	2023-07-05T08:47:08+08:00
奉贤	柏(柏)	[空]	paq7(ɓɑʔ⁵)	true	paq7	暂无	自旧档汇入	2023-07-05T08:47:08+08:00
奉贤	伯(伯)	[空]	paq7(ɓɑʔ⁵)	true	paq7	暂无	自旧档汇入	2023-07-05T08:47:08+08:00
奉贤	迫(迫)	[空]	paq7(ɓɑʔ⁵)	true	paq7	暂无	自旧档汇入	2023-07-05T08:47:08+08:00
奉贤	迫(迫)	[空]	phaq7(pʰɑʔ⁵)	true	phaq7	暂无	自旧档汇入	2023-07-05T08:47:08+08:00
奉贤	迫(迫)	[空]	pheoq7(pʰʌʔ⁵)	true	pheoq7	暂无	自旧档汇入	2023-07-05T08:47:08+08:00
奉贤	拍(拍)	[空]	phaq7(pʰɑʔ⁵)	true	phaq7	暂无	自旧档汇入	2023-07-05T08:47:08+08:00
奉贤	魄(魄)	[空]	phaq7(pʰɑʔ⁵)	true	phaq7	暂无	自旧档汇入	2023-07-05T08:47:08+08:00
奉贤	白(白)	[空]	baq8(bɑʔ³)	true	baq8	暂无	自旧档汇入	2023-07-05T08:47:08+08:00
奉贤	陌(陌)	[空]	maq8(mɑʔ³)	true	maq8	暂无	自旧档汇入	2023-07-05T08:47:08+08:00
奉贤	拆(拆)	[空]	tshaq7(tsʰɑʔ⁵)	true	tshaq7	暂无	自旧档汇入	2023-07-05T08:47:08+08:00
奉贤	择(擇)	[空]	zeoq8(zʌʔ³)	true	zeoq8	暂无	自旧档汇入	2023-07-05T08:47:08+08:00
奉贤	泽(澤)	[空]	zeoq8(zʌʔ³)	true	zeoq8	暂无	自旧档汇入	2023-07-05T08:47:08+08:00
奉贤	宅(宅)	[空]	zaq8(zɑʔ³)	true	zaq8	暂无	自旧档汇入	2023-07-05T08:47:08+08:00
奉贤	格(格)	[空]	keoq7(kʌʔ⁵)	true	keoq7	暂无	自旧档汇入	2023-07-05T08:47:08+08:00
奉贤	客(客)	[空]	khaq7(kʰɑʔ⁵)	true	khaq7	暂无	自旧档汇入	2023-07-05T08:47:08+08:00
奉贤	客(客)	老~人	khaeq7(kʰæʔ⁵)	true	khaeq7	暂无	自旧档汇入	2023-07-05T08:47:08+08:00
奉贤	额(額)	[空]	ngaq8(ŋɑʔ³)	true	ngaq8	暂无	自旧档汇入	2023-07-05T08:47:08+08:00
奉贤	吓(嚇)	[空]	haq7(hɑʔ⁵)	true	haq7	暂无	自旧档汇入	2023-07-05T08:47:08+08:00
奉贤	赫(赫)	[空]	haq7(hɑʔ⁵)	true	haq7	暂无	自旧档汇入	2023-07-05T08:47:08+08:00
奉贤	棚(棚)	[空]	ban2(bɛ̃³¹)	true	ban2	暂无	自旧档汇入	2023-07-05T08:47:08+08:00
奉贤	萌(萌)	[空]	men2(mɐŋ³¹)	true	men2	暂无	自旧档汇入	2023-07-05T08:47:08+08:00
奉贤	争(爭)	白	tsan1(tsɛ̃⁵³)	true	tsan1	暂无	自旧档汇入	2023-07-05T08:47:08+08:00
奉贤	争(爭)	文	tsen1(tsɐŋ⁵³)	true	tsen1	暂无	自旧档汇入	2023-07-05T08:47:08+08:00
奉贤	睁(睜)	白	tsan1(tsɛ̃⁵³)	true	tsan1	暂无	自旧档汇入	2023-07-05T08:47:08+08:00
奉贤	睁(睜)	文	tsen1(tsɐŋ⁵³)	true	tsen1	暂无	自旧档汇入	2023-07-05T08:47:08+08:00
奉贤	耕(耕)	[空]	ken1(kɐŋ⁵³)	true	ken1	暂无	自旧档汇入	2023-07-05T08:47:08+08:00
奉贤	耿(耿)	[空]	ken5(kɐŋ³³⁵)	true	ken5	暂无	自旧档汇入	2023-07-05T08:47:08+08:00
奉贤	茎(莖)	【校】原cin5	cin1(ʄiɐŋ⁵³)	true	cin1	暂无	自旧档汇入	2023-07-05T08:47:08+08:00
奉贤	幸(幸)	[空]	yin6(ɦiɐŋ¹¹³)	true	yin6	暂无	自旧档汇入	2023-07-05T08:47:08+08:00
奉贤	樱(櫻)	白	an1(∅ɛ̃⁵³)	true	an1	暂无	自旧档汇入	2023-07-05T08:47:08+08:00
奉贤	樱(櫻)	文	in1(∅iɐŋ⁵³)	true	in1	暂无	自旧档汇入	2023-07-05T08:47:08+08:00
奉贤	莺(鶯)	[空]	in1(∅iɐŋ⁵³)	true	in1	暂无	自旧档汇入	2023-07-05T08:47:08+08:00
奉贤	麦(麥)	[空]	maq8(mɑʔ³)	true	maq8	暂无	自旧档汇入	2023-07-05T08:47:08+08:00
奉贤	脉(脈)	[空]	maq8(mɑʔ³)	true	maq8	暂无	自旧档汇入	2023-07-05T08:47:08+08:00
奉贤	摘(摘)	[空]	tsaq7(tsɑʔ⁵)	true	tsaq7	暂无	自旧档汇入	2023-07-05T08:47:08+08:00
奉贤	摘(摘)	[空]	tieq7(ɗiʌʔ⁵)	true	tieq7	暂无	自旧档汇入	2023-07-05T08:47:08+08:00
奉贤	责(責)	[空]	tseoq7(tsʌʔ⁵)	true	tseoq7	暂无	自旧档汇入	2023-07-05T08:47:08+08:00
奉贤	策(策)	[空]	tshaq7(tsʰɑʔ⁵)	true	tshaq7	暂无	自旧档汇入	2023-07-05T08:47:08+08:00
奉贤	册(冊)	[空]	tshaq7(tsʰɑʔ⁵)	true	tshaq7	暂无	自旧档汇入	2023-07-05T08:47:08+08:00
奉贤	栅(柵)	[空]	saq7(sɑʔ⁵)	true	saq7	暂无	自旧档汇入	2023-07-05T08:47:08+08:00
奉贤	隔(隔)	[空]	kaq7(kɑʔ⁵)	true	kaq7	暂无	自旧档汇入	2023-07-05T08:47:08+08:00
奉贤	革(革)	[空]	keoq7(kʌʔ⁵)	true	keoq7	暂无	自旧档汇入	2023-07-05T08:47:08+08:00
奉贤	革(革)	白。~革	kaq7(kɑʔ⁵)	true	kaq7	暂无	自旧档汇入	2023-07-05T08:47:08+08:00
奉贤	核(核)	[空]	ngeoq8(ŋʌʔ³)	true	ngeoq8	暂无	自旧档汇入	2023-07-05T08:47:08+08:00
奉贤	核(核)	果~	veq8(βeʔ³)	true	veq8	暂无	自旧档汇入	2023-07-05T08:47:08+08:00
奉贤	兵(兵)	[空]	pin1(ɓiɐŋ⁵³)	true	pin1	暂无	自旧档汇入	2023-07-05T08:47:08+08:00
奉贤	丙(丙)	[空]	pin3(ɓiɐŋ⁴⁴)	true	pin3	暂无	自旧档汇入	2023-07-05T08:47:08+08:00
奉贤	平(平)	[空]	bin2(biɐŋ³¹)	true	bin2	暂无	自旧档汇入	2023-07-05T08:47:08+08:00
奉贤	评(評)	[空]	bin2(biɐŋ³¹)	true	bin2	暂无	自旧档汇入	2023-07-05T08:47:08+08:00
奉贤	病(病)	[空]	bin6(biɐŋ¹¹³)	true	bin6	暂无	自旧档汇入	2023-07-05T08:47:08+08:00
奉贤	明(明)	[空]	min2(miɐŋ³¹)	true	min2	暂无	自旧档汇入	2023-07-05T08:47:08+08:00
奉贤	鸣(鳴)	[空]	min2(miɐŋ³¹)	true	min2	暂无	自旧档汇入	2023-07-05T08:47:08+08:00
奉贤	盟(盟)	[空]	men2(mɐŋ³¹)	true	men2	暂无	自旧档汇入	2023-07-05T08:47:08+08:00
奉贤	命(命)	[空]	min6(miɐŋ¹¹³)	true	min6	暂无	自旧档汇入	2023-07-05T08:47:08+08:00
奉贤	京(京)	[空]	cin1(ʄiɐŋ⁵³)	true	cin1	暂无	自旧档汇入	2023-07-05T08:47:08+08:00
奉贤	惊(驚)	[空]	cin1(ʄiɐŋ⁵³)	true	cin1	暂无	自旧档汇入	2023-07-05T08:47:08+08:00
奉贤	景(景)	【校】原cin5	cin3(ʄiɐŋ⁴⁴)	true	cin3	暂无	自旧档汇入	2023-07-05T08:47:08+08:00
奉贤	警(警)	【校】原cin5	cin3(ʄiɐŋ⁴⁴)	true	cin3	暂无	自旧档汇入	2023-07-05T08:47:08+08:00
奉贤	境(境)	[空]	cin5(ʄiɐŋ³³⁵)	true	cin5	暂无	自旧档汇入	2023-07-05T08:47:08+08:00
奉贤	竟(竟)	[空]	cin5(ʄiɐŋ³³⁵)	true	cin5	暂无	自旧档汇入	2023-07-05T08:47:08+08:00
奉贤	镜(鏡)	[空]	cin5(ʄiɐŋ³³⁵)	true	cin5	暂无	自旧档汇入	2023-07-05T08:47:08+08:00
奉贤	敬(敬)	[空]	cin5(ʄiɐŋ³³⁵)	true	cin5	暂无	自旧档汇入	2023-07-05T08:47:08+08:00
奉贤	卿(卿)	[空]	chin1(cʰiɐŋ⁵³)	true	chin1	暂无	自旧档汇入	2023-07-05T08:47:08+08:00
奉贤	庆(慶)	[空]	chin5(cʰiɐŋ³³⁵)	true	chin5	暂无	自旧档汇入	2023-07-05T08:47:08+08:00
奉贤	竞(競)	[空]	jin6(ɟiɐŋ¹¹³)	true	jin6	暂无	自旧档汇入	2023-07-05T08:47:08+08:00
奉贤	迎(迎)	[空]	gnin2(ɲiɐŋ³¹)	true	gnin2	暂无	自旧档汇入	2023-07-05T08:47:08+08:00
奉贤	英(英)	[空]	in1(∅iɐŋ⁵³)	true	in1	暂无	自旧档汇入	2023-07-05T08:47:08+08:00
奉贤	影(影)	【校】原in5	in3(∅iɐŋ⁴⁴)	true	in3	暂无	自旧档汇入	2023-07-05T08:47:08+08:00
奉贤	碧(碧)	[空]	pieq7(ɓiʌʔ⁵)	true	pieq7	暂无	自旧档汇入	2023-07-05T08:47:08+08:00
奉贤	剧(劇)	[空]	jiaq8(ɟiɑʔ³)	true	jiaq8	暂无	自旧档汇入	2023-07-05T08:47:08+08:00
奉贤	逆(逆)	[空]	gnieq8(ɲiʌʔ³)	true	gnieq8	暂无	自旧档汇入	2023-07-05T08:47:08+08:00
奉贤	饼(餅)	[空]	pin3(ɓiɐŋ⁴⁴)	true	pin3	暂无	自旧档汇入	2023-07-05T08:47:08+08:00
奉贤	并(並)	[空]	pin5(ɓiɐŋ³³⁵)	true	pin5	暂无	自旧档汇入	2023-07-05T08:47:08+08:00
奉贤	聘(聘)	[空]	phin5(pʰiɐŋ³³⁵)	true	phin5	暂无	自旧档汇入	2023-07-05T08:47:08+08:00
奉贤	名(名)	[空]	min2(miɐŋ³¹)	true	min2	暂无	自旧档汇入	2023-07-05T08:47:08+08:00
奉贤	领(領)	[空]	lin6(liɐŋ¹¹³)	true	lin6	暂无	自旧档汇入	2023-07-05T08:47:08+08:00
奉贤	岭(嶺)	[空]	lin6(liɐŋ¹¹³)	true	lin6	暂无	自旧档汇入	2023-07-05T08:47:08+08:00
奉贤	令(令)	[空]	lin6(liɐŋ¹¹³)	true	lin6	暂无	自旧档汇入	2023-07-05T08:47:08+08:00
奉贤	精(精)	[空]	tsin1(tsiɐŋ⁵³)	true	tsin1	暂无	自旧档汇入	2023-07-05T08:47:08+08:00
奉贤	晶(晶)	[空]	tsin1(tsiɐŋ⁵³)	true	tsin1	暂无	自旧档汇入	2023-07-05T08:47:08+08:00
奉贤	睛(睛)	[空]	tsin1(tsiɐŋ⁵³)	true	tsin1	暂无	自旧档汇入	2023-07-05T08:47:08+08:00
奉贤	井(井)	[空]	tsin3(tsiɐŋ⁴⁴)	true	tsin3	暂无	自旧档汇入	2023-07-05T08:47:08+08:00
奉贤	清(清)	[空]	tshin1(tsʰiɐŋ⁵³)	true	tshin1	暂无	自旧档汇入	2023-07-05T08:47:08+08:00
奉贤	请(請)	[空]	tshin3(tsʰiɐŋ⁴⁴)	true	tshin3	暂无	自旧档汇入	2023-07-05T08:47:08+08:00
奉贤	情(情)	[空]	zin2(ziɐŋ³¹)	true	zin2	暂无	自旧档汇入	2023-07-05T08:47:08+08:00
奉贤	晴(晴)	[空]	zin2(ziɐŋ³¹)	true	zin2	暂无	自旧档汇入	2023-07-05T08:47:08+08:00
奉贤	静(靜)	[空]	zin6(ziɐŋ¹¹³)	true	zin6	暂无	自旧档汇入	2023-07-05T08:47:08+08:00
奉贤	靖(靖)	[空]	zin6(ziɐŋ¹¹³)	true	zin6	暂无	自旧档汇入	2023-07-05T08:47:08+08:00
奉贤	净(淨)	[空]	zin6(ziɐŋ¹¹³)	true	zin6	暂无	自旧档汇入	2023-07-05T08:47:08+08:00
奉贤	省(省)	[空]	sin3(siɐŋ⁴⁴)	true	sin3	暂无	自旧档汇入	2023-07-05T08:47:08+08:00
奉贤	性(性)	[空]	sin5(siɐŋ³³⁵)	true	sin5	暂无	自旧档汇入	2023-07-05T08:47:08+08:00
奉贤	姓(姓)	[空]	sin5(siɐŋ³³⁵)	true	sin5	暂无	自旧档汇入	2023-07-05T08:47:08+08:00
奉贤	贞(貞)	[空]	tsen1(tsɐŋ⁵³)	true	tsen1	暂无	自旧档汇入	2023-07-05T08:47:08+08:00
奉贤	侦(偵)	[空]	tsen1(tsɐŋ⁵³)	true	tsen1	暂无	自旧档汇入	2023-07-05T08:47:08+08:00
奉贤	呈(呈)	[空]	zen2(zɐŋ³¹)	true	zen2	暂无	自旧档汇入	2023-07-05T08:47:08+08:00
奉贤	程(程)	[空]	zen2(zɐŋ³¹)	true	zen2	暂无	自旧档汇入	2023-07-05T08:47:08+08:00
奉贤	郑(鄭)	[空]	zen6(zɐŋ¹¹³)	true	zen6	暂无	自旧档汇入	2023-07-05T08:47:08+08:00
奉贤	正(正)	~月	tsen1(tsɐŋ⁵³)	true	tsen1	暂无	自旧档汇入	2023-07-05T08:47:08+08:00
奉贤	征(徵)	[空]	tsen1(tsɐŋ⁵³)	true	tsen1	暂无	自旧档汇入	2023-07-05T08:47:08+08:00
奉贤	整(整)	[空]	tsen5(tsɐŋ³³⁵)	true	tsen5	暂无	自旧档汇入	2023-07-05T08:47:08+08:00
奉贤	政(政)	[空]	tsen5(tsɐŋ³³⁵)	true	tsen5	暂无	自旧档汇入	2023-07-05T08:47:08+08:00
奉贤	正(正)	[空]	tsen5(tsɐŋ³³⁵)	true	tsen5	暂无	自旧档汇入	2023-07-05T08:47:08+08:00
奉贤	声(聲)	文	sen1(sɐŋ⁵³)	true	sen1	暂无	自旧档汇入	2023-07-05T08:47:08+08:00
奉贤	声(聲)	白	san1(sɛ̃⁵³)	true	san1	暂无	自旧档汇入	2023-07-05T08:47:08+08:00
奉贤	圣(聖)	[空]	sen5(sɐŋ³³⁵)	true	sen5	暂无	自旧档汇入	2023-07-05T08:47:08+08:00
奉贤	成(成)	[空]	zen2(zɐŋ³¹)	true	zen2	暂无	自旧档汇入	2023-07-05T08:47:08+08:00
奉贤	城(城)	[空]	zen2(zɐŋ³¹)	true	zen2	暂无	自旧档汇入	2023-07-05T08:47:08+08:00
奉贤	诚(誠)	[空]	zen2(zɐŋ³¹)	true	zen2	暂无	自旧档汇入	2023-07-05T08:47:08+08:00
奉贤	盛(盛)	[空]	zen2(zɐŋ³¹)	true	zen2	暂无	自旧档汇入	2023-07-05T08:47:08+08:00
奉贤	盛(盛)	[空]	zen6(zɐŋ¹¹³)	true	zen6	暂无	自旧档汇入	2023-07-05T08:47:08+08:00
奉贤	盛(盛)	白	zan6(zɛ̃¹¹³)	true	zan6	暂无	自旧档汇入	2023-07-05T08:47:08+08:00
奉贤	颈(頸)	[空]	cin5(ʄiɐŋ³³⁵)	true	cin5	暂无	自旧档汇入	2023-07-05T08:47:08+08:00
奉贤	劲(勁)	[空]	cin5(ʄiɐŋ³³⁵)	true	cin5	暂无	自旧档汇入	2023-07-05T08:47:08+08:00
奉贤	轻(輕)	[空]	chin1(cʰiɐŋ⁵³)	true	chin1	暂无	自旧档汇入	2023-07-05T08:47:08+08:00
奉贤	婴(嬰)	[空]	in1(∅iɐŋ⁵³)	true	in1	暂无	自旧档汇入	2023-07-05T08:47:08+08:00
奉贤	盈(盈)	[空]	in5(∅iɐŋ³³⁵)	true	in5	暂无	自旧档汇入	2023-07-05T08:47:08+08:00
奉贤	盈(盈)	[空]	yin6(ɦiɐŋ¹¹³)	true	yin6	暂无	自旧档汇入	2023-07-05T08:47:08+08:00
奉贤	赢(贏)	[空]	yin6(ɦiɐŋ¹¹³)	true	yin6	暂无	自旧档汇入	2023-07-05T08:47:08+08:00
奉贤	璧(璧)	[空]	pieq7(ɓiʌʔ⁵)	true	pieq7	暂无	自旧档汇入	2023-07-05T08:47:08+08:00
奉贤	僻(僻)	[空]	phieq7(pʰiʌʔ⁵)	true	phieq7	暂无	自旧档汇入	2023-07-05T08:47:08+08:00
奉贤	辟(闢)	[空]	phieq7(pʰiʌʔ⁵)	true	phieq7	暂无	自旧档汇入	2023-07-05T08:47:08+08:00
奉贤	积(積)	[空]	tsieq7(tsiʌʔ⁵)	true	tsieq7	暂无	自旧档汇入	2023-07-05T08:47:08+08:00
奉贤	迹(跡)	[空]	tsieq7(tsiʌʔ⁵)	true	tsieq7	暂无	自旧档汇入	2023-07-05T08:47:08+08:00
奉贤	脊(脊)	[空]	tsieq7(tsiʌʔ⁵)	true	tsieq7	暂无	自旧档汇入	2023-07-05T08:47:08+08:00
奉贤	惜(惜)	[空]	sieq7(siʌʔ⁵)	true	sieq7	暂无	自旧档汇入	2023-07-05T08:47:08+08:00
奉贤	昔(昔)	[空]	sieq7(siʌʔ⁵)	true	sieq7	暂无	自旧档汇入	2023-07-05T08:47:08+08:00
奉贤	夕(夕)	[空]	zieq8(ziʌʔ³)	true	zieq8	暂无	自旧档汇入	2023-07-05T08:47:08+08:00
奉贤	席(席)	[空]	zieq8(ziʌʔ³)	true	zieq8	暂无	自旧档汇入	2023-07-05T08:47:08+08:00
奉贤	只(隻)	[空]	tsaq7(tsɑʔ⁵)	true	tsaq7	暂无	自旧档汇入	2023-07-05T08:47:08+08:00
奉贤	尺(尺)	[空]	tshaq7(tsʰɑʔ⁵)	true	tshaq7	暂无	自旧档汇入	2023-07-05T08:47:08+08:00
奉贤	赤(赤)	[空]	tshaq7(tsʰɑʔ⁵)	true	tshaq7	暂无	自旧档汇入	2023-07-05T08:47:08+08:00
奉贤	适(適)	[空]	seoq7(sʌʔ⁵)	true	seoq7	暂无	自旧档汇入	2023-07-05T08:47:08+08:00
奉贤	释(釋)	[空]	seoq7(sʌʔ⁵)	true	seoq7	暂无	自旧档汇入	2023-07-05T08:47:08+08:00
奉贤	石(石)	[空]	zaq8(zɑʔ³)	true	zaq8	暂无	自旧档汇入	2023-07-05T08:47:08+08:00
奉贤	石(石)	文	zeoq8(zʌʔ³)	true	zeoq8	暂无	自旧档汇入	2023-07-05T08:47:08+08:00
奉贤	益(益)	[空]	ieq7(∅iʌʔ⁵)	true	ieq7	暂无	自旧档汇入	2023-07-05T08:47:08+08:00
奉贤	译(譯)	[空]	yeq8(ɦiʌʔ³)	true	yeq8	暂无	自旧档汇入	2023-07-05T08:47:08+08:00
奉贤	易(易)	[空]	yeq8(ɦiʌʔ³)	true	yeq8	暂无	自旧档汇入	2023-07-05T08:47:08+08:00
奉贤	液(液)	[空]	yeq8(ɦiʌʔ³)	true	yeq8	暂无	自旧档汇入	2023-07-05T08:47:08+08:00
奉贤	拼(拼)	[空]	phin1(pʰiɐŋ⁵³)	true	phin1	暂无	自旧档汇入	2023-07-05T08:47:08+08:00
奉贤	姘(姘)	[空]	phin1(pʰiɐŋ⁵³)	true	phin1	暂无	自旧档汇入	2023-07-05T08:47:08+08:00
奉贤	瓶(瓶)	[空]	bin2(biɐŋ³¹)	true	bin2	暂无	自旧档汇入	2023-07-05T08:47:08+08:00
奉贤	萍(萍)	[空]	bin2(biɐŋ³¹)	true	bin2	暂无	自旧档汇入	2023-07-05T08:47:08+08:00
奉贤	并(並)	[空]	bin6(biɐŋ¹¹³)	true	bin6	暂无	自旧档汇入	2023-07-05T08:47:08+08:00
奉贤	铭(銘)	[空]	min2(miɐŋ³¹)	true	min2	暂无	自旧档汇入	2023-07-05T08:47:08+08:00
奉贤	丁(丁)	[空]	tin1(ɗiɐŋ⁵³)	true	tin1	暂无	自旧档汇入	2023-07-05T08:47:08+08:00
奉贤	钉(釘)	[空]	tin1(ɗiɐŋ⁵³)	true	tin1	暂无	自旧档汇入	2023-07-05T08:47:08+08:00
奉贤	顶(頂)	[空]	tin3(ɗiɐŋ⁴⁴)	true	tin3	暂无	自旧档汇入	2023-07-05T08:47:08+08:00
奉贤	订(訂)	[空]	tin5(ɗiɐŋ³³⁵)	true	tin5	暂无	自旧档汇入	2023-07-05T08:47:08+08:00
奉贤	钉(釘)	[空]	tin5(ɗiɐŋ³³⁵)	true	tin5	暂无	自旧档汇入	2023-07-05T08:47:08+08:00
奉贤	听(聽)	[空]	thin1(tʰiɐŋ⁵³)	true	thin1	暂无	自旧档汇入	2023-07-05T08:47:08+08:00
奉贤	厅(廳)	[空]	thin1(tʰiɐŋ⁵³)	true	thin1	暂无	自旧档汇入	2023-07-05T08:47:08+08:00
奉贤	亭(亭)	[空]	din2(diɐŋ³¹)	true	din2	暂无	自旧档汇入	2023-07-05T08:47:08+08:00
奉贤	停(停)	[空]	din2(diɐŋ³¹)	true	din2	暂无	自旧档汇入	2023-07-05T08:47:08+08:00
奉贤	庭(庭)	[空]	din2(diɐŋ³¹)	true	din2	暂无	自旧档汇入	2023-07-05T08:47:08+08:00
奉贤	艇(艇)	[空]	thin3(tʰiɐŋ⁴⁴)	true	thin3	暂无	自旧档汇入	2023-07-05T08:47:08+08:00
奉贤	挺(挺)	[空]	thin3(tʰiɐŋ⁴⁴)	true	thin3	暂无	自旧档汇入	2023-07-05T08:47:08+08:00
奉贤	定(定)	[空]	din6(diɐŋ¹¹³)	true	din6	暂无	自旧档汇入	2023-07-05T08:47:08+08:00
奉贤	宁(寧)	[空]	gnin2(ɲiɐŋ³¹)	true	gnin2	暂无	自旧档汇入	2023-07-05T08:47:08+08:00
奉贤	灵(靈)	[空]	lin2(liɐŋ³¹)	true	lin2	暂无	自旧档汇入	2023-07-05T08:47:08+08:00
奉贤	铃(鈴)	[空]	lin2(liɐŋ³¹)	true	lin2	暂无	自旧档汇入	2023-07-05T08:47:08+08:00
奉贤	零(零)	[空]	lin2(liɐŋ³¹)	true	lin2	暂无	自旧档汇入	2023-07-05T08:47:08+08:00
奉贤	另(另)	[空]	lin6(liɐŋ¹¹³)	true	lin6	暂无	自旧档汇入	2023-07-05T08:47:08+08:00
奉贤	青(青)	[空]	tshin1(tsʰiɐŋ⁵³)	true	tshin1	暂无	自旧档汇入	2023-07-05T08:47:08+08:00
奉贤	星(星)	[空]	sin1(siɐŋ⁵³)	true	sin1	暂无	自旧档汇入	2023-07-05T08:47:08+08:00
奉贤	腥(腥)	[空]	sin1(siɐŋ⁵³)	true	sin1	暂无	自旧档汇入	2023-07-05T08:47:08+08:00
奉贤	醒(醒)	【校】原sin5	sin3(siɐŋ⁴⁴)	true	sin3	暂无	自旧档汇入	2023-07-05T08:47:08+08:00
奉贤	经(經)	[空]	cin1(ʄiɐŋ⁵³)	true	cin1	暂无	自旧档汇入	2023-07-05T08:47:08+08:00
奉贤	形(形)	[空]	yin2(ɦiɐŋ³¹)	true	yin2	暂无	自旧档汇入	2023-07-05T08:47:08+08:00
奉贤	刑(刑)	[空]	yin2(ɦiɐŋ³¹)	true	yin2	暂无	自旧档汇入	2023-07-05T08:47:08+08:00
奉贤	型(型)	[空]	yin2(ɦiɐŋ³¹)	true	yin2	暂无	自旧档汇入	2023-07-05T08:47:08+08:00
奉贤	壁(壁)	[空]	pieq7(ɓiʌʔ⁵)	true	pieq7	暂无	自旧档汇入	2023-07-05T08:47:08+08:00
奉贤	劈(劈)	[空]	phieq7(pʰiʌʔ⁵)	true	phieq7	暂无	自旧档汇入	2023-07-05T08:47:08+08:00
奉贤	觅(覓)	[空]	mieq8(miʌʔ³)	true	mieq8	暂无	自旧档汇入	2023-07-05T08:47:08+08:00
奉贤	滴(滴)	[空]	tieq7(ɗiʌʔ⁵)	true	tieq7	暂无	自旧档汇入	2023-07-05T08:47:08+08:00
奉贤	的(的)	[空]	tieq7(ɗiʌʔ⁵)	true	tieq7	暂无	自旧档汇入	2023-07-05T08:47:08+08:00
奉贤	踢(踢)	[空]	thieq7(tʰiʌʔ⁵)	true	thieq7	暂无	自旧档汇入	2023-07-05T08:47:08+08:00
奉贤	剔(剔)	[空]	thieq7(tʰiʌʔ⁵)	true	thieq7	暂无	自旧档汇入	2023-07-05T08:47:08+08:00
奉贤	敌(敵)	[空]	dieq8(diʌʔ³)	true	dieq8	暂无	自旧档汇入	2023-07-05T08:47:08+08:00
奉贤	笛(笛)	[空]	dieq8(diʌʔ³)	true	dieq8	暂无	自旧档汇入	2023-07-05T08:47:08+08:00
奉贤	糴(糴)	[空]	dieq8(diʌʔ³)	true	dieq8	暂无	自旧档汇入	2023-07-05T08:47:08+08:00
奉贤	历(歷)	[空]	lieq8(liʌʔ³)	true	lieq8	暂无	自旧档汇入	2023-07-05T08:47:08+08:00
奉贤	绩(績)	[空]	tsieq7(tsiʌʔ⁵)	true	tsieq7	暂无	自旧档汇入	2023-07-05T08:47:08+08:00
奉贤	戚(戚)	[空]	tshieq7(tsʰiʌʔ⁵)	true	tshieq7	暂无	自旧档汇入	2023-07-05T08:47:08+08:00
奉贤	析(析)	[空]	sieq7(siʌʔ⁵)	true	sieq7	暂无	自旧档汇入	2023-07-05T08:47:08+08:00
奉贤	锡(錫)	[空]	sieq7(siʌʔ⁵)	true	sieq7	暂无	自旧档汇入	2023-07-05T08:47:08+08:00
奉贤	激(激)	[空]	cieq7(ʄiʌʔ⁵)	true	cieq7	暂无	自旧档汇入	2023-07-05T08:47:08+08:00
奉贤	击(擊)	[空]	cieq7(ʄiʌʔ⁵)	true	cieq7	暂无	自旧档汇入	2023-07-05T08:47:08+08:00
奉贤	吃(吃)	[空]	chieq7(cʰiʌʔ⁵)	true	chieq7	暂无	自旧档汇入	2023-07-05T08:47:08+08:00
奉贤	矿(礦)	[空]	khuaon5(kʰuɑ̃³³⁵)	true	khuaon5	暂无	自旧档汇入	2023-07-05T08:47:08+08:00
奉贤	横(橫)	[空]	van2(βɛ̃³¹)	true	van2	暂无	自旧档汇入	2023-07-05T08:47:08+08:00
奉贤	轰(轟)	[空]	hon1(hʊŋ⁵³)	true	hon1	暂无	自旧档汇入	2023-07-05T08:47:08+08:00
奉贤	宏(宏)	[空]	ghon2(ɦʊŋ³¹)	true	ghon2	暂无	自旧档汇入	2023-07-05T08:47:08+08:00
奉贤	获(獲)	[空]	ghaoq8(ɦɔʔ³)	true	ghaoq8	暂无	自旧档汇入	2023-07-05T08:47:08+08:00
奉贤	划(劃)	[空]	vaq8(βɑʔ³)	true	vaq8	暂无	自旧档汇入	2023-07-05T08:47:08+08:00
奉贤	兄(兄)	[空]	shion1(çiʊŋ⁵³)	true	shion1	暂无	自旧档汇入	2023-07-05T08:47:08+08:00
奉贤	荣(榮)	[空]	yon2(ɦiʊŋ³¹)	true	yon2	暂无	自旧档汇入	2023-07-05T08:47:08+08:00
奉贤	永(永)	[空]	ion3(∅iʊŋ⁴⁴)	true	ion3	暂无	自旧档汇入	2023-07-05T08:47:08+08:00
奉贤	泳(泳)	【校】原yon2	ion3(∅iʊŋ⁴⁴)	true	ion3	暂无	自旧档汇入	2023-07-05T08:47:08+08:00
奉贤	咏(詠)	【校】原yon2	ion3(∅iʊŋ⁴⁴)	true	ion3	暂无	自旧档汇入	2023-07-05T08:47:08+08:00
奉贤	倾(傾)	[空]	chin1(cʰiɐŋ⁵³)	true	chin1	暂无	自旧档汇入	2023-07-05T08:47:08+08:00
奉贤	顷(頃)	[空]	chin3(cʰiɐŋ⁴⁴)	true	chin3	暂无	自旧档汇入	2023-07-05T08:47:08+08:00
奉贤	琼(瓊)	[空]	jion2(ɟiʊŋ³¹)	true	jion2	暂无	自旧档汇入	2023-07-05T08:47:08+08:00
奉贤	营(營)	[空]	yon2(ɦiʊŋ³¹)	true	yon2	暂无	自旧档汇入	2023-07-05T08:47:08+08:00
奉贤	疫(疫)	[空]	yoq8(ɦioʔ³)	true	yoq8	暂无	自旧档汇入	2023-07-05T08:47:08+08:00
奉贤	疫(疫)	又	yoeq8(ɦyœʔ³)	true	yoeq8	暂无	自旧档汇入	2023-07-05T08:47:08+08:00
奉贤	役(役)	[空]	yoq8(ɦioʔ³)	true	yoq8	暂无	自旧档汇入	2023-07-05T08:47:08+08:00
奉贤	萤(螢)	[空]	yon2(ɦiʊŋ³¹)	true	yon2	暂无	自旧档汇入	2023-07-05T08:47:08+08:00
奉贤	篷(篷)	[空]	bon2(bʊŋ³¹)	true	bon2	暂无	自旧档汇入	2023-07-05T08:47:08+08:00
奉贤	蓬(蓬)	[空]	bon2(bʊŋ³¹)	true	bon2	暂无	自旧档汇入	2023-07-05T08:47:08+08:00
奉贤	蒙(蒙)	[空]	mon2(mʊŋ³¹)	true	mon2	暂无	自旧档汇入	2023-07-05T08:47:08+08:00
奉贤	东(東)	[空]	ton1(ɗʊŋ⁵³)	true	ton1	暂无	自旧档汇入	2023-07-05T08:47:08+08:00
奉贤	董(董)	[空]	ton3(ɗʊŋ⁴⁴)	true	ton3	暂无	自旧档汇入	2023-07-05T08:47:08+08:00
奉贤	懂(懂)	[空]	ton3(ɗʊŋ⁴⁴)	true	ton3	暂无	自旧档汇入	2023-07-05T08:47:08+08:00
奉贤	冻(凍)	[空]	ton5(ɗʊŋ³³⁵)	true	ton5	暂无	自旧档汇入	2023-07-05T08:47:08+08:00
奉贤	栋(棟)	[空]	ton5(ɗʊŋ³³⁵)	true	ton5	暂无	自旧档汇入	2023-07-05T08:47:08+08:00
奉贤	通(通)	[空]	thon1(tʰʊŋ⁵³)	true	thon1	暂无	自旧档汇入	2023-07-05T08:47:08+08:00
奉贤	桶(桶)	[空]	don4(dʊŋ²²)	true	don4	暂无	自旧档汇入	2023-07-05T08:47:08+08:00
奉贤	痛(痛)	[空]	thon5(tʰʊŋ³³⁵)	true	thon5	暂无	自旧档汇入	2023-07-05T08:47:08+08:00
奉贤	同(同)	[空]	don2(dʊŋ³¹)	true	don2	暂无	自旧档汇入	2023-07-05T08:47:08+08:00
奉贤	铜(銅)	[空]	don2(dʊŋ³¹)	true	don2	暂无	自旧档汇入	2023-07-05T08:47:08+08:00
奉贤	童(童)	[空]	don2(dʊŋ³¹)	true	don2	暂无	自旧档汇入	2023-07-05T08:47:08+08:00
奉贤	动(動)	[空]	don6(dʊŋ¹¹³)	true	don6	暂无	自旧档汇入	2023-07-05T08:47:08+08:00
奉贤	洞(洞)	[空]	don6(dʊŋ¹¹³)	true	don6	暂无	自旧档汇入	2023-07-05T08:47:08+08:00
奉贤	笼(籠)	[空]	lon2(lʊŋ³¹)	true	lon2	暂无	自旧档汇入	2023-07-05T08:47:08+08:00
奉贤	聋(聾)	[空]	lon2(lʊŋ³¹)	true	lon2	暂无	自旧档汇入	2023-07-05T08:47:08+08:00
奉贤	拢(攏)	【校】原lon2	lon4(lʊŋ²²)	true	lon4	暂无	自旧档汇入	2023-07-05T08:47:08+08:00
奉贤	弄(弄)	[空]	lon6(lʊŋ¹¹³)	true	lon6	暂无	自旧档汇入	2023-07-05T08:47:08+08:00
奉贤	总(總)	[空]	tson3(tsʊŋ⁴⁴)	true	tson3	暂无	自旧档汇入	2023-07-05T08:47:08+08:00
奉贤	粽(粽)	[空]	tson5(tsʊŋ³³⁵)	true	tson5	暂无	自旧档汇入	2023-07-05T08:47:08+08:00
奉贤	聪(聰)	[空]	tshon1(tsʰʊŋ⁵³)	true	tshon1	暂无	自旧档汇入	2023-07-05T08:47:08+08:00
奉贤	葱(蔥)	[空]	tshon1(tsʰʊŋ⁵³)	true	tshon1	暂无	自旧档汇入	2023-07-05T08:47:08+08:00
奉贤	囱(囪)	[空]	tshon1(tsʰʊŋ⁵³)	true	tshon1	暂无	自旧档汇入	2023-07-05T08:47:08+08:00
奉贤	丛(叢)	[空]	zon2(zʊŋ³¹)	true	zon2	暂无	自旧档汇入	2023-07-05T08:47:08+08:00
奉贤	送(送)	[空]	son5(sʊŋ³³⁵)	true	son5	暂无	自旧档汇入	2023-07-05T08:47:08+08:00
奉贤	公(公)	[空]	kon1(kʊŋ⁵³)	true	kon1	暂无	自旧档汇入	2023-07-05T08:47:08+08:00
奉贤	工(工)	[空]	kon1(kʊŋ⁵³)	true	kon1	暂无	自旧档汇入	2023-07-05T08:47:08+08:00
奉贤	功(功)	[空]	kon1(kʊŋ⁵³)	true	kon1	暂无	自旧档汇入	2023-07-05T08:47:08+08:00
奉贤	攻(攻)	[空]	kon1(kʊŋ⁵³)	true	kon1	暂无	自旧档汇入	2023-07-05T08:47:08+08:00
奉贤	贡(貢)	[空]	kon5(kʊŋ³³⁵)	true	kon5	暂无	自旧档汇入	2023-07-05T08:47:08+08:00
奉贤	空(空)	[空]	khon1(kʰʊŋ⁵³)	true	khon1	暂无	自旧档汇入	2023-07-05T08:47:08+08:00
奉贤	孔(孔)	[空]	khon3(kʰʊŋ⁴⁴)	true	khon3	暂无	自旧档汇入	2023-07-05T08:47:08+08:00
奉贤	控(控)	[空]	khon5(kʰʊŋ³³⁵)	true	khon5	暂无	自旧档汇入	2023-07-05T08:47:08+08:00
奉贤	空(空)	[空]	khon5(kʰʊŋ³³⁵)	true	khon5	暂无	自旧档汇入	2023-07-05T08:47:08+08:00
奉贤	烘(烘)	[空]	hon1(hʊŋ⁵³)	true	hon1	暂无	自旧档汇入	2023-07-05T08:47:08+08:00
奉贤	哄(哄)	[空]	hon1(hʊŋ⁵³)	true	hon1	暂无	自旧档汇入	2023-07-05T08:47:08+08:00
奉贤	红(紅)	[空]	ghon2(ɦʊŋ³¹)	true	ghon2	暂无	自旧档汇入	2023-07-05T08:47:08+08:00
奉贤	洪(洪)	[空]	ghon2(ɦʊŋ³¹)	true	ghon2	暂无	自旧档汇入	2023-07-05T08:47:08+08:00
奉贤	鸿(鴻)	[空]	ghon2(ɦʊŋ³¹)	true	ghon2	暂无	自旧档汇入	2023-07-05T08:47:08+08:00
奉贤	虹(虹)	[空]	ghon2(ɦʊŋ³¹)	true	ghon2	暂无	自旧档汇入	2023-07-05T08:47:08+08:00
奉贤	翁(翁)	[空]	on1(∅ʊŋ⁵³)	true	on1	暂无	自旧档汇入	2023-07-05T08:47:08+08:00
奉贤	扑(撲)	[空]	phaoq7(pʰɔʔ⁵)	true	phaoq7	暂无	自旧档汇入	2023-07-05T08:47:08+08:00
奉贤	仆(僕)	[空]	phaoq7(pʰɔʔ⁵)	true	phaoq7	暂无	自旧档汇入	2023-07-05T08:47:08+08:00
奉贤	木(木)	[空]	maoq8(mɔʔ³)	true	maoq8	暂无	自旧档汇入	2023-07-05T08:47:08+08:00
奉贤	秃(禿)	[空]	thoq7(tʰoʔ⁵)	true	thoq7	暂无	自旧档汇入	2023-07-05T08:47:08+08:00
奉贤	独(獨)	[空]	doq8(doʔ³)	true	doq8	暂无	自旧档汇入	2023-07-05T08:47:08+08:00
奉贤	读(讀)	[空]	doq8(doʔ³)	true	doq8	暂无	自旧档汇入	2023-07-05T08:47:08+08:00
奉贤	鹿(鹿)	[空]	loq8(loʔ³)	true	loq8	暂无	自旧档汇入	2023-07-05T08:47:08+08:00
奉贤	禄(祿)	[空]	loq8(loʔ³)	true	loq8	暂无	自旧档汇入	2023-07-05T08:47:08+08:00
奉贤	族(族)	[空]	zoq8(zoʔ³)	true	zoq8	暂无	自旧档汇入	2023-07-05T08:47:08+08:00
奉贤	速(速)	[空]	soq7(soʔ⁵)	true	soq7	暂无	自旧档汇入	2023-07-05T08:47:08+08:00
奉贤	谷(谷)	[空]	koq7(koʔ⁵)	true	koq7	暂无	自旧档汇入	2023-07-05T08:47:08+08:00
奉贤	哭(哭)	[空]	khoq7(kʰoʔ⁵)	true	khoq7	暂无	自旧档汇入	2023-07-05T08:47:08+08:00
奉贤	屋(屋)	[空]	oq7(∅oʔ⁵)	true	oq7	暂无	自旧档汇入	2023-07-05T08:47:08+08:00
奉贤	冬(冬)	[空]	ton1(ɗʊŋ⁵³)	true	ton1	暂无	自旧档汇入	2023-07-05T08:47:08+08:00
奉贤	统(統)	[空]	thon5(tʰʊŋ³³⁵)	true	thon5	暂无	自旧档汇入	2023-07-05T08:47:08+08:00
奉贤	农(農)	[空]	non2(nʊŋ³¹)	true	non2	暂无	自旧档汇入	2023-07-05T08:47:08+08:00
奉贤	脓(膿)	[空]	non2(nʊŋ³¹)	true	non2	暂无	自旧档汇入	2023-07-05T08:47:08+08:00
奉贤	宗(宗)	[空]	tson1(tsʊŋ⁵³)	true	tson1	暂无	自旧档汇入	2023-07-05T08:47:08+08:00
奉贤	综(綜)	【校】原tson5	tson1(tsʊŋ⁵³)	true	tson1	暂无	自旧档汇入	2023-07-05T08:47:08+08:00
奉贤	松(松)	[空]	son1(sʊŋ⁵³)	true	son1	暂无	自旧档汇入	2023-07-05T08:47:08+08:00
奉贤	宋(宋)	[空]	son5(sʊŋ³³⁵)	true	son5	暂无	自旧档汇入	2023-07-05T08:47:08+08:00
奉贤	督(督)	[空]	toq7(ɗoʔ⁵)	true	toq7	暂无	自旧档汇入	2023-07-05T08:47:08+08:00
奉贤	笃(篤)	[空]	toq7(ɗoʔ⁵)	true	toq7	暂无	自旧档汇入	2023-07-05T08:47:08+08:00
奉贤	笃(篤)	避讳	taoq7(ɗɔʔ⁵)	true	taoq7	暂无	自旧档汇入	2023-07-05T08:47:08+08:00
奉贤	毒(毒)	[空]	doq8(doʔ³)	true	doq8	暂无	自旧档汇入	2023-07-05T08:47:08+08:00
奉贤	酷(酷)	[空]	khoq7(kʰoʔ⁵)	true	khoq7	暂无	自旧档汇入	2023-07-05T08:47:08+08:00
奉贤	风(風)	[空]	hon1(hʊŋ⁵³)	true	hon1	暂无	自旧档汇入	2023-07-05T08:47:08+08:00
奉贤	疯(瘋)	[空]	hon1(hʊŋ⁵³)	true	hon1	暂无	自旧档汇入	2023-07-05T08:47:08+08:00
奉贤	讽(諷)	[空]	hon1(hʊŋ⁵³)	true	hon1	暂无	自旧档汇入	2023-07-05T08:47:08+08:00
奉贤	丰(豐)	[空]	hon1(hʊŋ⁵³)	true	hon1	暂无	自旧档汇入	2023-07-05T08:47:08+08:00
奉贤	冯(馮)	[空]	ghon2(ɦʊŋ³¹)	true	ghon2	暂无	自旧档汇入	2023-07-05T08:47:08+08:00
奉贤	凤(鳳)	[空]	ghon6(ɦʊŋ¹¹³)	true	ghon6	暂无	自旧档汇入	2023-07-05T08:47:08+08:00
奉贤	梦(夢)	[空]	maon6(mɑ̃¹¹³)	true	maon6	暂无	自旧档汇入	2023-07-05T08:47:08+08:00
奉贤	隆(隆)	[空]	lon2(lʊŋ³¹)	true	lon2	暂无	自旧档汇入	2023-07-05T08:47:08+08:00
奉贤	中(中)	[空]	tson1(tsʊŋ⁵³)	true	tson1	暂无	自旧档汇入	2023-07-05T08:47:08+08:00
奉贤	忠(忠)	[空]	tson1(tsʊŋ⁵³)	true	tson1	暂无	自旧档汇入	2023-07-05T08:47:08+08:00
奉贤	中(中)	[空]	tson5(tsʊŋ³³⁵)	true	tson5	暂无	自旧档汇入	2023-07-05T08:47:08+08:00
奉贤	虫(蟲)	[空]	zon2(zʊŋ³¹)	true	zon2	暂无	自旧档汇入	2023-07-05T08:47:08+08:00
奉贤	仲(仲)	[空]	zon6(zʊŋ¹¹³)	true	zon6	暂无	自旧档汇入	2023-07-05T08:47:08+08:00
奉贤	崇(崇)	[空]	zon2(zʊŋ³¹)	true	zon2	暂无	自旧档汇入	2023-07-05T08:47:08+08:00
奉贤	终(終)	[空]	tson1(tsʊŋ⁵³)	true	tson1	暂无	自旧档汇入	2023-07-05T08:47:08+08:00
奉贤	众(眾)	[空]	tson5(tsʊŋ³³⁵)	true	tson5	暂无	自旧档汇入	2023-07-05T08:47:08+08:00
奉贤	充(充)	[空]	tshon1(tsʰʊŋ⁵³)	true	tshon1	暂无	自旧档汇入	2023-07-05T08:47:08+08:00
奉贤	绒(絨)	[空]	gnion2(ɲiʊŋ³¹)	true	gnion2	暂无	自旧档汇入	2023-07-05T08:47:08+08:00
奉贤	弓(弓)	[空]	kon1(kʊŋ⁵³)	true	kon1	暂无	自旧档汇入	2023-07-05T08:47:08+08:00
奉贤	躬(躬)	[空]	kon1(kʊŋ⁵³)	true	kon1	暂无	自旧档汇入	2023-07-05T08:47:08+08:00
奉贤	宫(宮)	[空]	kon1(kʊŋ⁵³)	true	kon1	暂无	自旧档汇入	2023-07-05T08:47:08+08:00
奉贤	穷(窮)	[空]	jion2(ɟiʊŋ³¹)	true	jion2	暂无	自旧档汇入	2023-07-05T08:47:08+08:00
奉贤	熊(熊)	[空]	yon2(ɦiʊŋ³¹)	true	yon2	暂无	自旧档汇入	2023-07-05T08:47:08+08:00
奉贤	雄(雄)	[空]	yon2(ɦiʊŋ³¹)	true	yon2	暂无	自旧档汇入	2023-07-05T08:47:08+08:00
奉贤	福(福)	[空]	hoq7(hoʔ⁵)	true	hoq7	暂无	自旧档汇入	2023-07-05T08:47:08+08:00
奉贤	复(複)	[空]	hoq8(hoʔ³)	true	hoq8	暂无	自旧档汇入	2023-07-05T08:47:08+08:00
奉贤	复(復)	[空]	ghoq8(ɦoʔ³)	true	ghoq8	暂无	自旧档汇入	2023-07-05T08:47:08+08:00
奉贤	腹(腹)	[空]	hoq7(hoʔ⁵)	true	hoq7	暂无	自旧档汇入	2023-07-05T08:47:08+08:00
奉贤	覆(覆)	[空]	hoq7(hoʔ⁵)	true	hoq7	暂无	自旧档汇入	2023-07-05T08:47:08+08:00
奉贤	服(服)	[空]	ghoq8(ɦoʔ³)	true	ghoq8	暂无	自旧档汇入	2023-07-05T08:47:08+08:00
奉贤	伏(伏)	[空]	ghoq8(ɦoʔ³)	true	ghoq8	暂无	自旧档汇入	2023-07-05T08:47:08+08:00
奉贤	目(目)	[空]	maoq8(mɔʔ³)	true	maoq8	暂无	自旧档汇入	2023-07-05T08:47:08+08:00
奉贤	牧(牧)	[空]	maoq8(mɔʔ³)	true	maoq8	暂无	自旧档汇入	2023-07-05T08:47:08+08:00
奉贤	六(六)	[空]	loq8(loʔ³)	true	loq8	暂无	自旧档汇入	2023-07-05T08:47:08+08:00
奉贤	陆(陸)	[空]	loq8(loʔ³)	true	loq8	暂无	自旧档汇入	2023-07-05T08:47:08+08:00
奉贤	肃(肅)	[空]	soq7(soʔ⁵)	true	soq7	暂无	自旧档汇入	2023-07-05T08:47:08+08:00
奉贤	宿(宿)	[空]	soq7(soʔ⁵)	true	soq7	暂无	自旧档汇入	2023-07-05T08:47:08+08:00
奉贤	竹(竹)	[空]	tsoq7(tsoʔ⁵)	true	tsoq7	暂无	自旧档汇入	2023-07-05T08:47:08+08:00
奉贤	筑(築)	[空]	tsoq7(tsoʔ⁵)	true	tsoq7	暂无	自旧档汇入	2023-07-05T08:47:08+08:00
奉贤	畜(畜)	[空]	tshoq7(tsʰoʔ⁵)	true	tshoq7	暂无	自旧档汇入	2023-07-05T08:47:08+08:00
奉贤	逐(逐)	[空]	zoq8(zoʔ³)	true	zoq8	暂无	自旧档汇入	2023-07-05T08:47:08+08:00
奉贤	轴(軸)	[空]	zoq8(zoʔ³)	true	zoq8	暂无	自旧档汇入	2023-07-05T08:47:08+08:00
奉贤	轴(軸)	[空]	jioq8(ɟioʔ³)	true	jioq8	暂无	自旧档汇入	2023-07-05T08:47:08+08:00
奉贤	缩(縮)	[空]	soq7(soʔ⁵)	true	soq7	暂无	自旧档汇入	2023-07-05T08:47:08+08:00
奉贤	缩(縮)	[空]	saoq7(sɔʔ⁵)	true	saoq7	暂无	自旧档汇入	2023-07-05T08:47:08+08:00
奉贤	祝(祝)	[空]	tsoq7(tsoʔ⁵)	true	tsoq7	暂无	自旧档汇入	2023-07-05T08:47:08+08:00
奉贤	粥(粥)	[空]	tsoq7(tsoʔ⁵)	true	tsoq7	暂无	自旧档汇入	2023-07-05T08:47:08+08:00
奉贤	叔(叔)	[空]	soq7(soʔ⁵)	true	soq7	暂无	自旧档汇入	2023-07-05T08:47:08+08:00
奉贤	熟(熟)	[空]	zoq8(zoʔ³)	true	zoq8	暂无	自旧档汇入	2023-07-05T08:47:08+08:00
奉贤	肉(肉)	[空]	gnioq8(ɲioʔ³)	true	gnioq8	暂无	自旧档汇入	2023-07-05T08:47:08+08:00
奉贤	菊(菊)	[空]	cioq7(ʄioʔ⁵)	true	cioq7	暂无	自旧档汇入	2023-07-05T08:47:08+08:00
奉贤	菊(菊)	新读	cioeq7(ʄyœʔ⁵)	true	cioeq7	暂无	自旧档汇入	2023-07-05T08:47:08+08:00
奉贤	麴(麴)	[空]	chioq7(cʰioʔ⁵)	true	chioq7	暂无	自旧档汇入	2023-07-05T08:47:08+08:00
奉贤	畜(畜)	[空]	shioq7(çioʔ⁵)	true	shioq7	暂无	自旧档汇入	2023-07-05T08:47:08+08:00
奉贤	蓄(蓄)	[空]	shioq7(çioʔ⁵)	true	shioq7	暂无	自旧档汇入	2023-07-05T08:47:08+08:00
奉贤	育(育)	[空]	yoq8(ɦioʔ³)	true	yoq8	暂无	自旧档汇入	2023-07-05T08:47:08+08:00
奉贤	封(封)	[空]	hon1(hʊŋ⁵³)	true	hon1	暂无	自旧档汇入	2023-07-05T08:47:08+08:00
奉贤	峰(峰)	[空]	hon1(hʊŋ⁵³)	true	hon1	暂无	自旧档汇入	2023-07-05T08:47:08+08:00
奉贤	锋(鋒)	[空]	hon1(hʊŋ⁵³)	true	hon1	暂无	自旧档汇入	2023-07-05T08:47:08+08:00
奉贤	蜂(蜂)	[空]	hon1(hʊŋ⁵³)	true	hon1	暂无	自旧档汇入	2023-07-05T08:47:08+08:00
奉贤	捧(捧)	[空]	hon3(hʊŋ⁴⁴)	true	hon3	暂无	自旧档汇入	2023-07-05T08:47:08+08:00
奉贤	逢(逢)	[空]	ghon2(ɦʊŋ³¹)	true	ghon2	暂无	自旧档汇入	2023-07-05T08:47:08+08:00
奉贤	缝(縫)	[空]	ghon2(ɦʊŋ³¹)	true	ghon2	暂无	自旧档汇入	2023-07-05T08:47:08+08:00
奉贤	缝(縫)	[空]	ghon6(ɦʊŋ¹¹³)	true	ghon6	暂无	自旧档汇入	2023-07-05T08:47:08+08:00
奉贤	奉(奉)	【校】原ghon2	ghon6(ɦʊŋ¹¹³)	true	ghon6	暂无	自旧档汇入	2023-07-05T08:47:08+08:00
奉贤	浓(濃)	[空]	gnion2(ɲiʊŋ³¹)	true	gnion2	暂无	自旧档汇入	2023-07-05T08:47:08+08:00
奉贤	龙(龍)	[空]	lon2(lʊŋ³¹)	true	lon2	暂无	自旧档汇入	2023-07-05T08:47:08+08:00
奉贤	踪(踪)	[空]	tson1(tsʊŋ⁵³)	true	tson1	暂无	自旧档汇入	2023-07-05T08:47:08+08:00
奉贤	纵(縱)	~橫	tson1(tsʊŋ⁵³)	true	tson1	暂无	自旧档汇入	2023-07-05T08:47:08+08:00
奉贤	纵(縱)	放~	tson5(tsʊŋ³³⁵)	true	tson5	暂无	自旧档汇入	2023-07-05T08:47:08+08:00
奉贤	从(從)	[空]	zon2(zʊŋ³¹)	true	zon2	暂无	自旧档汇入	2023-07-05T08:47:08+08:00
奉贤	松(松)	[空]	son1(sʊŋ⁵³)	true	son1	暂无	自旧档汇入	2023-07-05T08:47:08+08:00
奉贤	诵(誦)	[空]	zon6(zʊŋ¹¹³)	true	zon6	暂无	自旧档汇入	2023-07-05T08:47:08+08:00
奉贤	颂(頌)	[空]	zon6(zʊŋ¹¹³)	true	zon6	暂无	自旧档汇入	2023-07-05T08:47:08+08:00
奉贤	讼(訟)	[空]	zon6(zʊŋ¹¹³)	true	zon6	暂无	自旧档汇入	2023-07-05T08:47:08+08:00
奉贤	宠(寵)	【校】原tshon5	tshon3(tsʰʊŋ⁴⁴)	true	tshon3	暂无	自旧档汇入	2023-07-05T08:47:08+08:00
奉贤	重(重)	~複	zon2(zʊŋ³¹)	true	zon2	暂无	自旧档汇入	2023-07-05T08:47:08+08:00
奉贤	重(重)	~量	zon6(zʊŋ¹¹³)	true	zon6	暂无	自旧档汇入	2023-07-05T08:47:08+08:00
奉贤	钟(鐘)	[空]	tson1(tsʊŋ⁵³)	true	tson1	暂无	自旧档汇入	2023-07-05T08:47:08+08:00
奉贤	种(種)	[空]	tson3(tsʊŋ⁴⁴)	true	tson3	暂无	自旧档汇入	2023-07-05T08:47:08+08:00
奉贤	种(種)	[空]	tson5(tsʊŋ³³⁵)	true	tson5	暂无	自旧档汇入	2023-07-05T08:47:08+08:00
奉贤	肿(腫)	[空]	tson3(tsʊŋ⁴⁴)	true	tson3	暂无	自旧档汇入	2023-07-05T08:47:08+08:00
奉贤	冲(衝)	[空]	tshon1(tsʰʊŋ⁵³)	true	tshon1	暂无	自旧档汇入	2023-07-05T08:47:08+08:00
奉贤	舂(舂)	[空]	son1(sʊŋ⁵³)	true	son1	暂无	自旧档汇入	2023-07-05T08:47:08+08:00
奉贤	供(供)	[空]	kon1(kʊŋ⁵³)	true	kon1	暂无	自旧档汇入	2023-07-05T08:47:08+08:00
奉贤	拱(拱)	[空]	kon5(kʊŋ³³⁵)	true	kon5	暂无	自旧档汇入	2023-07-05T08:47:08+08:00
奉贤	巩(鞏)	【校】原kon5	kon3(kʊŋ⁴⁴)	true	kon3	暂无	自旧档汇入	2023-07-05T08:47:08+08:00
奉贤	恐(恐)	【校】原khon5	khon3(kʰʊŋ⁴⁴)	true	khon3	暂无	自旧档汇入	2023-07-05T08:47:08+08:00
奉贤	共(共)	[空]	gon6(gʊŋ¹¹³)	true	gon6	暂无	自旧档汇入	2023-07-05T08:47:08+08:00
奉贤	凶(兇)	[空]	shion1(çiʊŋ⁵³)	true	shion1	暂无	自旧档汇入	2023-07-05T08:47:08+08:00
奉贤	胸(胸)	[空]	shion1(çiʊŋ⁵³)	true	shion1	暂无	自旧档汇入	2023-07-05T08:47:08+08:00
奉贤	拥(擁)	[空]	ion3(∅iʊŋ⁴⁴)	true	ion3	暂无	自旧档汇入	2023-07-05T08:47:08+08:00
奉贤	容(容)	[空]	yon2(ɦiʊŋ³¹)	true	yon2	暂无	自旧档汇入	2023-07-05T08:47:08+08:00
奉贤	勇(勇)	[空]	ion3(∅iʊŋ⁴⁴)	true	ion3	暂无	自旧档汇入	2023-07-05T08:47:08+08:00
奉贤	涌(湧)	[空]	ion3(∅iʊŋ⁴⁴)	true	ion3	暂无	自旧档汇入	2023-07-05T08:47:08+08:00
奉贤	用(用)	[空]	yon6(ɦiʊŋ¹¹³)	true	yon6	暂无	自旧档汇入	2023-07-05T08:47:08+08:00
奉贤	绿(綠)	[空]	loq8(loʔ³)	true	loq8	暂无	自旧档汇入	2023-07-05T08:47:08+08:00
奉贤	录(錄)	[空]	loq8(loʔ³)	true	loq8	暂无	自旧档汇入	2023-07-05T08:47:08+08:00
奉贤	录(錄)	[空]	laoq8(lɔʔ³)	true	laoq8	暂无	自旧档汇入	2023-07-05T08:47:08+08:00
奉贤	足(足)	[空]	tsoq7(tsoʔ⁵)	true	tsoq7	暂无	自旧档汇入	2023-07-05T08:47:08+08:00
奉贤	促(促)	[空]	tshoq7(tsʰoʔ⁵)	true	tshoq7	暂无	自旧档汇入	2023-07-05T08:47:08+08:00
奉贤	粟(粟)	[空]	soq7(soʔ⁵)	true	soq7	暂无	自旧档汇入	2023-07-05T08:47:08+08:00
奉贤	俗(俗)	[空]	zoq8(zoʔ³)	true	zoq8	暂无	自旧档汇入	2023-07-05T08:47:08+08:00
奉贤	续(續)	[空]	zoq8(zoʔ³)	true	zoq8	暂无	自旧档汇入	2023-07-05T08:47:08+08:00
奉贤	烛(燭)	[空]	tsoq7(tsoʔ⁵)	true	tsoq7	暂无	自旧档汇入	2023-07-05T08:47:08+08:00
奉贤	嘱(囑)	[空]	tsoq7(tsoʔ⁵)	true	tsoq7	暂无	自旧档汇入	2023-07-05T08:47:08+08:00
奉贤	触(觸)	[空]	tshoq7(tsʰoʔ⁵)	true	tshoq7	暂无	自旧档汇入	2023-07-05T08:47:08+08:00
奉贤	赎(贖)	[空]	zoq8(zoʔ³)	true	zoq8	暂无	自旧档汇入	2023-07-05T08:47:08+08:00
奉贤	束(束)	[空]	soq7(soʔ⁵)	true	soq7	暂无	自旧档汇入	2023-07-05T08:47:08+08:00
奉贤	属(屬)	[空]	zoq8(zoʔ³)	true	zoq8	暂无	自旧档汇入	2023-07-05T08:47:08+08:00
奉贤	辱(辱)	[空]	zoq8(zoʔ³)	true	zoq8	暂无	自旧档汇入	2023-07-05T08:47:08+08:00
奉贤	褥(褥)	文	zoq8(zoʔ³)	true	zoq8	暂无	自旧档汇入	2023-07-05T08:47:08+08:00
奉贤	褥(褥)	白	gnioq8(ɲioʔ³)	true	gnioq8	暂无	自旧档汇入	2023-07-05T08:47:08+08:00
奉贤	曲(曲)	[空]	chioq7(cʰioʔ⁵)	true	chioq7	暂无	自旧档汇入	2023-07-05T08:47:08+08:00
奉贤	局(局)	[空]	jioq8(ɟioʔ³)	true	jioq8	暂无	自旧档汇入	2023-07-05T08:47:08+08:00
奉贤	玉(玉)	[空]	gnioq8(ɲioʔ³)	true	gnioq8	暂无	自旧档汇入	2023-07-05T08:47:08+08:00
奉贤	狱(獄)	[空]	gnioq8(ɲioʔ³)	true	gnioq8	暂无	自旧档汇入	2023-07-05T08:47:08+08:00
奉贤	欲(欲)	[空]	yoq8(ɦioʔ³)	true	yoq8	暂无	自旧档汇入	2023-07-05T08:47:08+08:00
奉贤	浴(浴)	[空]	yoq8(ɦioʔ³)	true	yoq8	暂无	自旧档汇入	2023-07-05T08:47:08+08:00
崇明	朱(朱)	[空]	tsy1(tsɿ⁵⁵)	true	tsy1	暂无	自旧档汇入	2023-07-05T08:47:08+08:00
崇明	猪(豬)	[空]	tsy1(tsɿ⁵⁵)	true	tsy1	暂无	自旧档汇入	2023-07-05T08:47:08+08:00
崇明	珠(珠)	[空]	tsy1(tsɿ⁵⁵)	true	tsy1	暂无	自旧档汇入	2023-07-05T08:47:08+08:00
崇明	诸(諸)	[空]	tsy1(tsɿ⁵⁵)	true	tsy1	暂无	自旧档汇入	2023-07-05T08:47:08+08:00
崇明	藷(藷)	[空]	tsy1(tsɿ⁵⁵)	true	tsy1	暂无	自旧档汇入	2023-07-05T08:47:08+08:00
崇明	株(株)	[空]	tsy1(tsɿ⁵⁵)	true	tsy1	暂无	自旧档汇入	2023-07-05T08:47:08+08:00
崇明	诛(誅)	[空]	tsy1(tsɿ⁵⁵)	true	tsy1	暂无	自旧档汇入	2023-07-05T08:47:08+08:00
崇明	褚(褚)	姓	tsy1(tsɿ⁵⁵)	true	tsy1	暂无	自旧档汇入	2023-07-05T08:47:08+08:00
崇明	渚(渚)	[空]	tsy1(tsɿ⁵⁵)	true	tsy1	暂无	自旧档汇入	2023-07-05T08:47:08+08:00
崇明	铢(銖)	[空]	tsy1(tsɿ⁵⁵)	true	tsy1	暂无	自旧档汇入	2023-07-05T08:47:08+08:00
崇明	蛛(蛛)	[空]	tsy1(tsɿ⁵⁵)	true	tsy1	暂无	自旧档汇入	2023-07-05T08:47:08+08:00
崇明	茱(茱)	[空]	tsy1(tsɿ⁵⁵)	true	tsy1	暂无	自旧档汇入	2023-07-05T08:47:08+08:00
崇明	潴(瀦)	[空]	tsy1(tsɿ⁵⁵)	true	tsy1	暂无	自旧档汇入	2023-07-05T08:47:08+08:00
崇明	洙(洙)	[空]	tsy1(tsɿ⁵⁵)	true	tsy1	暂无	自旧档汇入	2023-07-05T08:47:08+08:00
崇明	侏(侏)	[空]	tsy1(tsɿ⁵⁵)	true	tsy1	暂无	自旧档汇入	2023-07-05T08:47:08+08:00
崇明	絑(絑)	[空]	tsy1(tsɿ⁵⁵)	true	tsy1	暂无	自旧档汇入	2023-07-05T08:47:08+08:00
崇明	朱(朱)	[空]	tsy1(tsɿ⁵⁵)	true	tsy1	暂无	自旧档汇入	2023-07-05T08:47:08+08:00
崇明	之(之)	[空]	tsy1(tsɿ⁵⁵)	true	tsy1	暂无	自旧档汇入	2023-07-05T08:47:08+08:00
崇明	知(知)	[空]	tsy1(tsɿ⁵⁵)	true	tsy1	暂无	自旧档汇入	2023-07-05T08:47:08+08:00
崇明	枝(枝)	[空]	tsy1(tsɿ⁵⁵)	true	tsy1	暂无	自旧档汇入	2023-07-05T08:47:08+08:00
崇明	支(支)	[空]	tsy1(tsɿ⁵⁵)	true	tsy1	暂无	自旧档汇入	2023-07-05T08:47:08+08:00
崇明	智(智)	[空]	tsy1(tsɿ⁵⁵)	true	tsy1	暂无	自旧档汇入	2023-07-05T08:47:08+08:00
崇明	芝(芝)	[空]	tsy1(tsɿ⁵⁵)	true	tsy1	暂无	自旧档汇入	2023-07-05T08:47:08+08:00
崇明	脂(脂)	[空]	tsy1(tsɿ⁵⁵)	true	tsy1	暂无	自旧档汇入	2023-07-05T08:47:08+08:00
崇明	肢(肢)	[空]	tsy1(tsɿ⁵⁵)	true	tsy1	暂无	自旧档汇入	2023-07-05T08:47:08+08:00
崇明	吱(吱)	[空]	tsy1(tsɿ⁵⁵)	true	tsy1	暂无	自旧档汇入	2023-07-05T08:47:08+08:00
崇明	卮(卮)	[空]	tsy1(tsɿ⁵⁵)	true	tsy1	暂无	自旧档汇入	2023-07-05T08:47:08+08:00
崇明	酯(酯)	[空]	tsy1(tsɿ⁵⁵)	true	tsy1	暂无	自旧档汇入	2023-07-05T08:47:08+08:00
崇明	蜘(蜘)	[空]	tsy1(tsɿ⁵⁵)	true	tsy1	暂无	自旧档汇入	2023-07-05T08:47:08+08:00
崇明	觯(觶)	[空]	tsy1(tsɿ⁵⁵)	true	tsy1	暂无	自旧档汇入	2023-07-05T08:47:08+08:00
崇明	资(資)	[空]	tsy1(tsɿ⁵⁵)	true	tsy1	暂无	自旧档汇入	2023-07-05T08:47:08+08:00
崇明	滋(滋)	[空]	tsy1(tsɿ⁵⁵)	true	tsy1	暂无	自旧档汇入	2023-07-05T08:47:08+08:00
崇明	嗞(嗞)	[空]	tsy1(tsɿ⁵⁵)	true	tsy1	暂无	自旧档汇入	2023-07-05T08:47:08+08:00
崇明	孳(孳)	[空]	tsy1(tsɿ⁵⁵)	true	tsy1	暂无	自旧档汇入	2023-07-05T08:47:08+08:00
崇明	孜(孜)	[空]	tsy1(tsɿ⁵⁵)	true	tsy1	暂无	自旧档汇入	2023-07-05T08:47:08+08:00
崇明	姿(姿)	[空]	tsy1(tsɿ⁵⁵)	true	tsy1	暂无	自旧档汇入	2023-07-05T08:47:08+08:00
崇明	咨(諮)	[空]	tsy1(tsɿ⁵⁵)	true	tsy1	暂无	自旧档汇入	2023-07-05T08:47:08+08:00
崇明	恣(恣)	[空]	tsy1(tsɿ⁵⁵)	true	tsy1	暂无	自旧档汇入	2023-07-05T08:47:08+08:00
崇明	咨(諮)	[空]	tsy1(tsɿ⁵⁵)	true	tsy1	暂无	自旧档汇入	2023-07-05T08:47:08+08:00
崇明	辎(輜)	[空]	tsy1(tsɿ⁵⁵)	true	tsy1	暂无	自旧档汇入	2023-07-05T08:47:08+08:00
崇明	缁(緇)	[空]	tsy1(tsɿ⁵⁵)	true	tsy1	暂无	自旧档汇入	2023-07-05T08:47:08+08:00
崇明	淄(淄)	[空]	tsy1(tsɿ⁵⁵)	true	tsy1	暂无	自旧档汇入	2023-07-05T08:47:08+08:00
崇明	鲻(鯔)	[空]	tsy1(tsɿ⁵⁵)	true	tsy1	暂无	自旧档汇入	2023-07-05T08:47:08+08:00
崇明	菑(菑)	[空]	tsy1(tsɿ⁵⁵)	true	tsy1	暂无	自旧档汇入	2023-07-05T08:47:08+08:00
崇明	雉(雉)	[空]	tsy1(tsɿ⁵⁵)	true	tsy1	暂无	自旧档汇入	2023-07-05T08:47:08+08:00
崇明	锥(錐)	~钻(锥子)	tsy1(tsɿ⁵⁵)	true	tsy1	暂无	自旧档汇入	2023-07-05T08:47:08+08:00
崇明	栽(栽)	~跟斗(翻跟斗)；~几粒豆	tsy1(tsɿ⁵⁵)	true	tsy1	暂无	自旧档汇入	2023-07-05T08:47:08+08:00
崇明	煮(煮)	[空]	tsy3(tsɿ⁴²⁴)	true	tsy3	暂无	自旧档汇入	2023-07-05T08:47:08+08:00
崇明	主(主)	[空]	tsy3(tsɿ⁴²⁴)	true	tsy3	暂无	自旧档汇入	2023-07-05T08:47:08+08:00
崇明	炷(炷)	[空]	tsy3(tsɿ⁴²⁴)	true	tsy3	暂无	自旧档汇入	2023-07-05T08:47:08+08:00
崇明	助(助)	[空]	tsy3(tsɿ⁴²⁴)	true	tsy3	暂无	自旧档汇入	2023-07-05T08:47:08+08:00
崇明	拄(拄)	[空]	tsy3(tsɿ⁴²⁴)	true	tsy3	暂无	自旧档汇入	2023-07-05T08:47:08+08:00
崇明	箸(箸)	[空]	tsy3(tsɿ⁴²⁴)	true	tsy3	暂无	自旧档汇入	2023-07-05T08:47:08+08:00
崇明	豸(豸)	[空]	tsy3(tsɿ⁴²⁴)	true	tsy3	暂无	自旧档汇入	2023-07-05T08:47:08+08:00
崇明	彘(彘)	[空]	tsy3(tsɿ⁴²⁴)	true	tsy3	暂无	自旧档汇入	2023-07-05T08:47:08+08:00
崇明	指(指)	[空]	tsy3(tsɿ⁴²⁴)	true	tsy3	暂无	自旧档汇入	2023-07-05T08:47:08+08:00
崇明	纸(紙)	[空]	tsy3(tsɿ⁴²⁴)	true	tsy3	暂无	自旧档汇入	2023-07-05T08:47:08+08:00
崇明	止(止)	[空]	tsy3(tsɿ⁴²⁴)	true	tsy3	暂无	自旧档汇入	2023-07-05T08:47:08+08:00
崇明	子(子)	[空]	tsy3(tsɿ⁴²⁴)	true	tsy3	暂无	自旧档汇入	2023-07-05T08:47:08+08:00
崇明	仔(仔)	[空]	tsy3(tsɿ⁴²⁴)	true	tsy3	暂无	自旧档汇入	2023-07-05T08:47:08+08:00
崇明	籽(籽)	[空]	tsy3(tsɿ⁴²⁴)	true	tsy3	暂无	自旧档汇入	2023-07-05T08:47:08+08:00
崇明	姊(姊)	~妹(妹妹)	tsy3(tsɿ⁴²⁴)	true	tsy3	暂无	自旧档汇入	2023-07-05T08:47:08+08:00
崇明	滓(滓)	[空]	tsy3(tsɿ⁴²⁴)	true	tsy3	暂无	自旧档汇入	2023-07-05T08:47:08+08:00
崇明	梓(梓)	[空]	tsy3(tsɿ⁴²⁴)	true	tsy3	暂无	自旧档汇入	2023-07-05T08:47:08+08:00
崇明	趾(趾)	[空]	tsy3(tsɿ⁴²⁴)	true	tsy3	暂无	自旧档汇入	2023-07-05T08:47:08+08:00
崇明	嘴(嘴)	[空]	tsy3(tsɿ⁴²⁴)	true	tsy3	暂无	自旧档汇入	2023-07-05T08:47:08+08:00
崇明	祗(祗)	[空]	tsy3(tsɿ⁴²⁴)	true	tsy3	暂无	自旧档汇入	2023-07-05T08:47:08+08:00
崇明	帜(幟)	[空]	tsy3(tsɿ⁴²⁴)	true	tsy3	暂无	自旧档汇入	2023-07-05T08:47:08+08:00
崇明	置(置)	[空]	tsy5(tsɿ³³)	true	tsy5	暂无	自旧档汇入	2023-07-05T08:47:08+08:00
崇明	致(致)	[空]	tsy5(tsɿ³³)	true	tsy5	暂无	自旧档汇入	2023-07-05T08:47:08+08:00
崇明	至(至)	[空]	tsy5(tsɿ³³)	true	tsy5	暂无	自旧档汇入	2023-07-05T08:47:08+08:00
崇明	志(志)	[空]	tsy5(tsɿ³³)	true	tsy5	暂无	自旧档汇入	2023-07-05T08:47:08+08:00
崇明	痣(痣)	[空]	tsy5(tsɿ³³)	true	tsy5	暂无	自旧档汇入	2023-07-05T08:47:08+08:00
崇明	制(制)	[空]	tsy5(tsɿ³³)	true	tsy5	暂无	自旧档汇入	2023-07-05T08:47:08+08:00
崇明	驻(駐)	[空]	tsy5(tsɿ³³)	true	tsy5	暂无	自旧档汇入	2023-07-05T08:47:08+08:00
崇明	铸(鑄)	[空]	tsy5(tsɿ³³)	true	tsy5	暂无	自旧档汇入	2023-07-05T08:47:08+08:00
崇明	注(注)	[空]	tsy5(tsɿ³³)	true	tsy5	暂无	自旧档汇入	2023-07-05T08:47:08+08:00
崇明	蛀(蛀)	[空]	tsy5(tsɿ³³)	true	tsy5	暂无	自旧档汇入	2023-07-05T08:47:08+08:00
崇明	址(址)	[空]	tsy5(tsɿ³³)	true	tsy5	暂无	自旧档汇入	2023-07-05T08:47:08+08:00
崇明	着(著)	显~	tsy5(tsɿ³³)	true	tsy5	暂无	自旧档汇入	2023-07-05T08:47:08+08:00
崇明	注(注)	[空]	tsy5(tsɿ³³)	true	tsy5	暂无	自旧档汇入	2023-07-05T08:47:08+08:00
崇明	枢(樞)	[空]	tshy1(tsʰɿ⁵⁵)	true	tshy1	暂无	自旧档汇入	2023-07-05T08:47:08+08:00
崇明	雌(雌)	[空]	tshy1(tsʰɿ⁵⁵)	true	tshy1	暂无	自旧档汇入	2023-07-05T08:47:08+08:00
崇明	痴(癡)	[空]	tshy1(tsʰɿ⁵⁵)	true	tshy1	暂无	自旧档汇入	2023-07-05T08:47:08+08:00
崇明	嗤(嗤)	[空]	tshy1(tsʰɿ⁵⁵)	true	tshy1	暂无	自旧档汇入	2023-07-05T08:47:08+08:00
崇明	魑(魑)	[空]	tshy1(tsʰɿ⁵⁵)	true	tshy1	暂无	自旧档汇入	2023-07-05T08:47:08+08:00
崇明	侈(侈)	[空]	tshy1(tsʰɿ⁵⁵)	true	tshy1	暂无	自旧档汇入	2023-07-05T08:47:08+08:00
崇明	鸱(鴟)	[空]	tshy1(tsʰɿ⁵⁵)	true	tshy1	暂无	自旧档汇入	2023-07-05T08:47:08+08:00
崇明	媸(媸)	[空]	tshy1(tsʰɿ⁵⁵)	true	tshy1	暂无	自旧档汇入	2023-07-05T08:47:08+08:00
崇明	蚩(蚩)	[空]	tshy1(tsʰɿ⁵⁵)	true	tshy1	暂无	自旧档汇入	2023-07-05T08:47:08+08:00
崇明	啻(啻)	[空]	tshy1(tsʰɿ⁵⁵)	true	tshy1	暂无	自旧档汇入	2023-07-05T08:47:08+08:00
崇明	笞(笞)	[空]	tshy1(tsʰɿ⁵⁵)	true	tshy1	暂无	自旧档汇入	2023-07-05T08:47:08+08:00
崇明	差(差)	参~	tshy1(tsʰɿ⁵⁵)	true	tshy1	暂无	自旧档汇入	2023-07-05T08:47:08+08:00
崇明	吹(吹)	白读	tshy1(tsʰɿ⁵⁵)	true	tshy1	暂无	自旧档汇入	2023-07-05T08:47:08+08:00
崇明	踟(踟)	[空]	tshy1(tsʰɿ⁵⁵)	true	tshy1	暂无	自旧档汇入	2023-07-05T08:47:08+08:00
崇明	眵(眵)	眼~(眼屎)	tshy1(tsʰɿ⁵⁵)	true	tshy1	暂无	自旧档汇入	2023-07-05T08:47:08+08:00
崇明	此(此)	[空]	tshy3(tsʰɿ⁴²⁴)	true	tshy3	暂无	自旧档汇入	2023-07-05T08:47:08+08:00
崇明	耻(恥)	[空]	tshy3(tsʰɿ⁴²⁴)	true	tshy3	暂无	自旧档汇入	2023-07-05T08:47:08+08:00
崇明	处(處)	~分；~理	tshy3(tsʰɿ⁴²⁴)	true	tshy3	暂无	自旧档汇入	2023-07-05T08:47:08+08:00
崇明	处(處)	住~	tshy5(tsʰɿ³³)	true	tshy5	暂无	自旧档汇入	2023-07-05T08:47:08+08:00
崇明	鼠(鼠)	[空]	tshy5(tsʰɿ³³)	true	tshy5	暂无	自旧档汇入	2023-07-05T08:47:08+08:00
崇明	齿(齒)	[空]	tshy5(tsʰɿ³³)	true	tshy5	暂无	自旧档汇入	2023-07-05T08:47:08+08:00
崇明	次(次)	[空]	tshy5(tsʰɿ³³)	true	tshy5	暂无	自旧档汇入	2023-07-05T08:47:08+08:00
崇明	刺(刺)	[空]	tshy5(tsʰɿ³³)	true	tshy5	暂无	自旧档汇入	2023-07-05T08:47:08+08:00
崇明	厕(廁)	[空]	tshy5(tsʰɿ³³)	true	tshy5	暂无	自旧档汇入	2023-07-05T08:47:08+08:00
崇明	翅(翅)	[空]	tshy5(tsʰɿ³³)	true	tshy5	暂无	自旧档汇入	2023-07-05T08:47:08+08:00
崇明	疵(疵)	[空]	tshy5(tsʰɿ³³)	true	tshy5	暂无	自旧档汇入	2023-07-05T08:47:08+08:00
崇明	除(除)	[空]	dzy2(dzɿ²⁴)	true	dzy2	暂无	自旧档汇入	2023-07-05T08:47:08+08:00
崇明	储(儲)	[空]	dzy2(dzɿ²⁴)	true	dzy2	暂无	自旧档汇入	2023-07-05T08:47:08+08:00
崇明	厨(廚)	[空]	dzy2(dzɿ²⁴)	true	dzy2	暂无	自旧档汇入	2023-07-05T08:47:08+08:00
崇明	橱(櫥)	[空]	dzy2(dzɿ²⁴)	true	dzy2	暂无	自旧档汇入	2023-07-05T08:47:08+08:00
崇明	滁(滁)	[空]	dzy2(dzɿ²⁴)	true	dzy2	暂无	自旧档汇入	2023-07-05T08:47:08+08:00
崇明	磁(磁)	[空]	dzy2(dzɿ²⁴)	true	dzy2	暂无	自旧档汇入	2023-07-05T08:47:08+08:00
崇明	词(詞)	[空]	dzy2(dzɿ²⁴)	true	dzy2	暂无	自旧档汇入	2023-07-05T08:47:08+08:00
崇明	兹(茲)	[空]	dzy2(dzɿ²⁴)	true	dzy2	暂无	自旧档汇入	2023-07-05T08:47:08+08:00
崇明	慈(慈)	[空]	dzy2(dzɿ²⁴)	true	dzy2	暂无	自旧档汇入	2023-07-05T08:47:08+08:00
崇明	辞(辭)	[空]	dzy2(dzɿ²⁴)	true	dzy2	暂无	自旧档汇入	2023-07-05T08:47:08+08:00
崇明	瓷(瓷)	[空]	dzy2(dzɿ²⁴)	true	dzy2	暂无	自旧档汇入	2023-07-05T08:47:08+08:00
崇明	糍(糍)	[空]	dzy2(dzɿ²⁴)	true	dzy2	暂无	自旧档汇入	2023-07-05T08:47:08+08:00
崇明	伺(伺)	[空]	dzy2(dzɿ²⁴)	true	dzy2	暂无	自旧档汇入	2023-07-05T08:47:08+08:00
崇明	持(持)	坚~	dzy2(dzɿ²⁴)	true	dzy2	暂无	自旧档汇入	2023-07-05T08:47:08+08:00
崇明	驰(馳)	[空]	dzy2(dzɿ²⁴)	true	dzy2	暂无	自旧档汇入	2023-07-05T08:47:08+08:00
崇明	池(池)	[空]	dzy2(dzɿ²⁴)	true	dzy2	暂无	自旧档汇入	2023-07-05T08:47:08+08:00
崇明	迟(遲)	[空]	dzy2(dzɿ²⁴)	true	dzy2	暂无	自旧档汇入	2023-07-05T08:47:08+08:00
崇明	墀(墀)	[空]	dzy2(dzɿ²⁴)	true	dzy2	暂无	自旧档汇入	2023-07-05T08:47:08+08:00
崇明	嗣(嗣)	[空]	dzy2(dzɿ²⁴)	true	dzy2	暂无	自旧档汇入	2023-07-05T08:47:08+08:00
崇明	饲(飼)	[空]	dzy2(dzɿ²⁴)	true	dzy2	暂无	自旧档汇入	2023-07-05T08:47:08+08:00
崇明	稚(稚)	幼~	dzy2(dzɿ²⁴)	true	dzy2	暂无	自旧档汇入	2023-07-05T08:47:08+08:00
崇明	柱(柱)	[空]	dzy4(dzɿ²⁴²)	true	dzy4	暂无	自旧档汇入	2023-07-05T08:47:08+08:00
崇明	躇(躇)	踌~	dzy4(dzɿ²⁴²)	true	dzy4	暂无	自旧档汇入	2023-07-05T08:47:08+08:00
崇明	持(持)	维~	dzy4(dzɿ²⁴²)	true	dzy4	暂无	自旧档汇入	2023-07-05T08:47:08+08:00
崇明	住(住)	[空]	dzy6(dzɿ³¹³)	true	dzy6	暂无	自旧档汇入	2023-07-05T08:47:08+08:00
崇明	治(治)	[空]	dzy6(dzɿ³¹³)	true	dzy6	暂无	自旧档汇入	2023-07-05T08:47:08+08:00
崇明	舒(舒)	[空]	sy1(sɿ⁵⁵)	true	sy1	暂无	自旧档汇入	2023-07-05T08:47:08+08:00
崇明	书(書)	[空]	sy1(sɿ⁵⁵)	true	sy1	暂无	自旧档汇入	2023-07-05T08:47:08+08:00
崇明	梳(梳)	白读：~头	sy1(sɿ⁵⁵)	true	sy1	暂无	自旧档汇入	2023-07-05T08:47:08+08:00
崇明	疏(疏)	白读：粗~(粗糙)	sy1(sɿ⁵⁵)	true	sy1	暂无	自旧档汇入	2023-07-05T08:47:08+08:00
崇明	输(輸)	[空]	sy1(sɿ⁵⁵)	true	sy1	暂无	自旧档汇入	2023-07-05T08:47:08+08:00
崇明	丝(絲)	[空]	sy1(sɿ⁵⁵)	true	sy1	暂无	自旧档汇入	2023-07-05T08:47:08+08:00
崇明	斯(斯)	[空]	sy1(sɿ⁵⁵)	true	sy1	暂无	自旧档汇入	2023-07-05T08:47:08+08:00
崇明	思(思)	~念	sy1(sɿ⁵⁵)	true	sy1	暂无	自旧档汇入	2023-07-05T08:47:08+08:00
崇明	司(司)	[空]	sy1(sɿ⁵⁵)	true	sy1	暂无	自旧档汇入	2023-07-05T08:47:08+08:00
崇明	私(私)	[空]	sy1(sɿ⁵⁵)	true	sy1	暂无	自旧档汇入	2023-07-05T08:47:08+08:00
崇明	撕(撕)	[空]	sy1(sɿ⁵⁵)	true	sy1	暂无	自旧档汇入	2023-07-05T08:47:08+08:00
崇明	嘶(嘶)	[空]	sy1(sɿ⁵⁵)	true	sy1	暂无	自旧档汇入	2023-07-05T08:47:08+08:00
崇明	厮(廝)	[空]	sy1(sɿ⁵⁵)	true	sy1	暂无	自旧档汇入	2023-07-05T08:47:08+08:00
崇明	咝(噝)	[空]	sy1(sɿ⁵⁵)	true	sy1	暂无	自旧档汇入	2023-07-05T08:47:08+08:00
崇明	锶(鍶)	[空]	sy1(sɿ⁵⁵)	true	sy1	暂无	自旧档汇入	2023-07-05T08:47:08+08:00
崇明	笥(笥)	[空]	sy1(sɿ⁵⁵)	true	sy1	暂无	自旧档汇入	2023-07-05T08:47:08+08:00
崇明	蛳(螄)	[空]	sy1(sɿ⁵⁵)	true	sy1	暂无	自旧档汇入	2023-07-05T08:47:08+08:00
崇明	施(施)	[空]	sy1(sɿ⁵⁵)	true	sy1	暂无	自旧档汇入	2023-07-05T08:47:08+08:00
崇明	诗(詩)	[空]	sy1(sɿ⁵⁵)	true	sy1	暂无	自旧档汇入	2023-07-05T08:47:08+08:00
崇明	尸(屍)	[空]	sy1(sɿ⁵⁵)	true	sy1	暂无	自旧档汇入	2023-07-05T08:47:08+08:00
崇明	尸(屍)	[空]	sy1(sɿ⁵⁵)	true	sy1	暂无	自旧档汇入	2023-07-05T08:47:08+08:00
崇明	师(師)	[空]	sy1(sɿ⁵⁵)	true	sy1	暂无	自旧档汇入	2023-07-05T08:47:08+08:00
崇明	尿(尿)	白读。和北京话尿一读sui的音对应	sy1(sɿ⁵⁵)	true	sy1	暂无	自旧档汇入	2023-07-05T08:47:08+08:00
崇明	屎(屎)	文读	sy1(sɿ⁵⁵)	true	sy1	暂无	自旧档汇入	2023-07-05T08:47:08+08:00
崇明	狮(獅)	[空]	sy1(sɿ⁵⁵)	true	sy1	暂无	自旧档汇入	2023-07-05T08:47:08+08:00
崇明	施(施)	[空]	sy1(sɿ⁵⁵)	true	sy1	暂无	自旧档汇入	2023-07-05T08:47:08+08:00
崇明	死(死)	一读喜	sy3(sɿ⁴²⁴)	true	sy3	暂无	自旧档汇入	2023-07-05T08:47:08+08:00
崇明	史(史)	[空]	sy3(sɿ⁴²⁴)	true	sy3	暂无	自旧档汇入	2023-07-05T08:47:08+08:00
崇明	使(使)	动词	sy3(sɿ⁴²⁴)	true	sy3	暂无	自旧档汇入	2023-07-05T08:47:08+08:00
崇明	始(始)	[空]	sy3(sɿ⁴²⁴)	true	sy3	暂无	自旧档汇入	2023-07-05T08:47:08+08:00
崇明	矢(矢)	[空]	sy3(sɿ⁴²⁴)	true	sy3	暂无	自旧档汇入	2023-07-05T08:47:08+08:00
崇明	暑(暑)	[空]	sy3(sɿ⁴²⁴)	true	sy3	暂无	自旧档汇入	2023-07-05T08:47:08+08:00
崇明	驶(駛)	[空]	sy3(sɿ⁴²⁴)	true	sy3	暂无	自旧档汇入	2023-07-05T08:47:08+08:00
崇明	水(水)	白读	sy3(sɿ⁴²⁴)	true	sy3	暂无	自旧档汇入	2023-07-05T08:47:08+08:00
崇明	黍(黍)	[空]	sy3(sɿ⁴²⁴)	true	sy3	暂无	自旧档汇入	2023-07-05T08:47:08+08:00
崇明	豕(豕)	[空]	sy3(sɿ⁴²⁴)	true	sy3	暂无	自旧档汇入	2023-07-05T08:47:08+08:00
崇明	四(四)	[空]	sy5(sɿ³³)	true	sy5	暂无	自旧档汇入	2023-07-05T08:47:08+08:00
崇明	思(思)	意~	sy5(sɿ³³)	true	sy5	暂无	自旧档汇入	2023-07-05T08:47:08+08:00
崇明	世(世)	[空]	sy5(sɿ³³)	true	sy5	暂无	自旧档汇入	2023-07-05T08:47:08+08:00
崇明	试(試)	[空]	sy5(sɿ³³)	true	sy5	暂无	自旧档汇入	2023-07-05T08:47:08+08:00
崇明	赐(賜)	[空]	sy5(sɿ³³)	true	sy5	暂无	自旧档汇入	2023-07-05T08:47:08+08:00
崇明	势(勢)	[空]	sy5(sɿ³³)	true	sy5	暂无	自旧档汇入	2023-07-05T08:47:08+08:00
崇明	使(使)	大~	sy5(sɿ³³)	true	sy5	暂无	自旧档汇入	2023-07-05T08:47:08+08:00
崇明	庶(庶)	[空]	sy5(sɿ³³)	true	sy5	暂无	自旧档汇入	2023-07-05T08:47:08+08:00
崇明	戍(戍)	[空]	sy5(sɿ³³)	true	sy5	暂无	自旧档汇入	2023-07-05T08:47:08+08:00
崇明	噬(噬)	[空]	sy5(sɿ³³)	true	sy5	暂无	自旧档汇入	2023-07-05T08:47:08+08:00
崇明	肆(肆)	[空]	sy5(sɿ³³)	true	sy5	暂无	自旧档汇入	2023-07-05T08:47:08+08:00
崇明	锄(鋤)	白读：~头	zy2(zɿ²⁴)	true	zy2	暂无	自旧档汇入	2023-07-05T08:47:08+08:00
崇明	如(如)	~意	zy2(zɿ²⁴)	true	zy2	暂无	自旧档汇入	2023-07-05T08:47:08+08:00
崇明	儒(儒)	[空]	zy2(zɿ²⁴)	true	zy2	暂无	自旧档汇入	2023-07-05T08:47:08+08:00
崇明	孺(孺)	[空]	zy2(zɿ²⁴)	true	zy2	暂无	自旧档汇入	2023-07-05T08:47:08+08:00
崇明	匙(匙)	[空]	zy2(zɿ²⁴)	true	zy2	暂无	自旧档汇入	2023-07-05T08:47:08+08:00
崇明	时(時)	[空]	zy2(zɿ²⁴)	true	zy2	暂无	自旧档汇入	2023-07-05T08:47:08+08:00
崇明	鲥(鰣)	[空]	zy2(zɿ²⁴)	true	zy2	暂无	自旧档汇入	2023-07-05T08:47:08+08:00
崇明	垂(垂)	白读：~下来	zy2(zɿ²⁴)	true	zy2	暂无	自旧档汇入	2023-07-05T08:47:08+08:00
崇明	腄(腄)	皮肤上成片的红斑	zy2(zɿ²⁴)	true	zy2	暂无	自旧档汇入	2023-07-05T08:47:08+08:00
崇明	是(是)	[空]	zy4(zɿ²⁴²)	true	zy4	暂无	自旧档汇入	2023-07-05T08:47:08+08:00
崇明	竖(豎)	[空]	zy4(zɿ²⁴²)	true	zy4	暂无	自旧档汇入	2023-07-05T08:47:08+08:00
崇明	市(市)	~镇	zy4(zɿ²⁴²)	true	zy4	暂无	自旧档汇入	2023-07-05T08:47:08+08:00
崇明	似(似)	[空]	zy4(zɿ²⁴²)	true	zy4	暂无	自旧档汇入	2023-07-05T08:47:08+08:00
崇明	如(如)	~何(文读)	zy4(zɿ²⁴²)	true	zy4	暂无	自旧档汇入	2023-07-05T08:47:08+08:00
崇明	乳(乳)	~腐(豆腐乳)	zy4(zɿ²⁴²)	true	zy4	暂无	自旧档汇入	2023-07-05T08:47:08+08:00
崇明	自(自)	[空]	zy6(zɿ³¹³)	true	zy6	暂无	自旧档汇入	2023-07-05T08:47:08+08:00
崇明	誓(誓)	[空]	zy6(zɿ³¹³)	true	zy6	暂无	自旧档汇入	2023-07-05T08:47:08+08:00
崇明	视(視)	[空]	zy6(zɿ³¹³)	true	zy6	暂无	自旧档汇入	2023-07-05T08:47:08+08:00
崇明	事(事)	[空]	zy6(zɿ³¹³)	true	zy6	暂无	自旧档汇入	2023-07-05T08:47:08+08:00
崇明	仕(仕)	[空]	zy6(zɿ³¹³)	true	zy6	暂无	自旧档汇入	2023-07-05T08:47:08+08:00
崇明	士(士)	[空]	zy6(zɿ³¹³)	true	zy6	暂无	自旧档汇入	2023-07-05T08:47:08+08:00
崇明	逝(逝)	[空]	zy6(zɿ³¹³)	true	zy6	暂无	自旧档汇入	2023-07-05T08:47:08+08:00
崇明	氏(氏)	[空]	zy6(zɿ³¹³)	true	zy6	暂无	自旧档汇入	2023-07-05T08:47:08+08:00
崇明	峙(峙)	[空]	zy6(zɿ³¹³)	true	zy6	暂无	自旧档汇入	2023-07-05T08:47:08+08:00
崇明	示(示)	[空]	zy6(zɿ³¹³)	true	zy6	暂无	自旧档汇入	2023-07-05T08:47:08+08:00
崇明	巳(巳)	[空]	zy6(zɿ³¹³)	true	zy6	暂无	自旧档汇入	2023-07-05T08:47:08+08:00
崇明	寺(寺)	[空]	zy6(zɿ³¹³)	true	zy6	暂无	自旧档汇入	2023-07-05T08:47:08+08:00
崇明	侍(侍)	[空]	zy6(zɿ³¹³)	true	zy6	暂无	自旧档汇入	2023-07-05T08:47:08+08:00
崇明	祀(祀)	[空]	zy6(zɿ³¹³)	true	zy6	暂无	自旧档汇入	2023-07-05T08:47:08+08:00
崇明	墅(墅)	[空]	zy6(zɿ³¹³)	true	zy6	暂无	自旧档汇入	2023-07-05T08:47:08+08:00
崇明	汝(汝)	[空]	zy6(zɿ³¹³)	true	zy6	暂无	自旧档汇入	2023-07-05T08:47:08+08:00
崇明	树(樹)	[空]	zy6(zɿ³¹³)	true	zy6	暂无	自旧档汇入	2023-07-05T08:47:08+08:00
崇明	乳(乳)	[空]	zy6(zɿ³¹³)	true	zy6	暂无	自旧档汇入	2023-07-05T08:47:08+08:00
崇明	市(市)	上海~	zy6(zɿ³¹³)	true	zy6	暂无	自旧档汇入	2023-07-05T08:47:08+08:00
崇明	屄(屄)	[空]	pi1(pi⁵⁵)	true	pi1	暂无	自旧档汇入	2023-07-05T08:47:08+08:00
崇明	比(比)	[空]	pi3(pi⁴²⁴)	true	pi3	暂无	自旧档汇入	2023-07-05T08:47:08+08:00
崇明	鄙(鄙)	[空]	pi3(pi⁴²⁴)	true	pi3	暂无	自旧档汇入	2023-07-05T08:47:08+08:00
崇明	闭(閉)	[空]	pi5(pi³³)	true	pi5	暂无	自旧档汇入	2023-07-05T08:47:08+08:00
崇明	臂(臂)	[空]	pi5(pi³³)	true	pi5	暂无	自旧档汇入	2023-07-05T08:47:08+08:00
崇明	蔽(蔽)	[空]	pi5(pi³³)	true	pi5	暂无	自旧档汇入	2023-07-05T08:47:08+08:00
崇明	庇(庇)	[空]	pi5(pi³³)	true	pi5	暂无	自旧档汇入	2023-07-05T08:47:08+08:00
崇明	秘(秘)	[空]	pi5(pi³³)	true	pi5	暂无	自旧档汇入	2023-07-05T08:47:08+08:00
崇明	泌(泌)	[空]	pi5(pi³³)	true	pi5	暂无	自旧档汇入	2023-07-05T08:47:08+08:00
崇明	批(批)	[空]	phi1(pʰi⁵⁵)	true	phi1	暂无	自旧档汇入	2023-07-05T08:47:08+08:00
崇明	披(披)	[空]	phi1(pʰi⁵⁵)	true	phi1	暂无	自旧档汇入	2023-07-05T08:47:08+08:00
崇明	譬(譬)	[空]	phi3(pʰi⁴²⁴)	true	phi3	暂无	自旧档汇入	2023-07-05T08:47:08+08:00
崇明	屁(屁)	[空]	phi5(pʰi³³)	true	phi5	暂无	自旧档汇入	2023-07-05T08:47:08+08:00
崇明	脾(脾)	[空]	bi2(bi²⁴)	true	bi2	暂无	自旧档汇入	2023-07-05T08:47:08+08:00
崇明	皮(皮)	[空]	bi2(bi²⁴)	true	bi2	暂无	自旧档汇入	2023-07-05T08:47:08+08:00
崇明	疲(疲)	~劳	bi2(bi²⁴)	true	bi2	暂无	自旧档汇入	2023-07-05T08:47:08+08:00
崇明	裨(裨)	[空]	bi2(bi²⁴)	true	bi2	暂无	自旧档汇入	2023-07-05T08:47:08+08:00
崇明	婢(婢)	[空]	bi2(bi²⁴)	true	bi2	暂无	自旧档汇入	2023-07-05T08:47:08+08:00
崇明	琵(琵)	~琶	bi2(bi²⁴)	true	bi2	暂无	自旧档汇入	2023-07-05T08:47:08+08:00
崇明	被(被)	[空]	bi4(bi²⁴²)	true	bi4	暂无	自旧档汇入	2023-07-05T08:47:08+08:00
崇明	坒(坒)	[空]	bi4(bi²⁴²)	true	bi4	暂无	自旧档汇入	2023-07-05T08:47:08+08:00
崇明	疲(疲)	~倦	bi4(bi²⁴²)	true	bi4	暂无	自旧档汇入	2023-07-05T08:47:08+08:00
崇明	弊(弊)	[空]	bi6(bi³¹³)	true	bi6	暂无	自旧档汇入	2023-07-05T08:47:08+08:00
崇明	敝(敝)	[空]	bi6(bi³¹³)	true	bi6	暂无	自旧档汇入	2023-07-05T08:47:08+08:00
崇明	币(幣)	[空]	bi6(bi³¹³)	true	bi6	暂无	自旧档汇入	2023-07-05T08:47:08+08:00
崇明	毙(斃)	[空]	bi6(bi³¹³)	true	bi6	暂无	自旧档汇入	2023-07-05T08:47:08+08:00
崇明	陛(陛)	[空]	bi6(bi³¹³)	true	bi6	暂无	自旧档汇入	2023-07-05T08:47:08+08:00
崇明	鐾(鐾)	~刀	bi6(bi³¹³)	true	bi6	暂无	自旧档汇入	2023-07-05T08:47:08+08:00
崇明	眯(瞇)	~秋眼(近视眼，眯着眼)	mi1(ʔmi⁵⁵)	true	mi1	暂无	自旧档汇入	2023-07-05T08:47:08+08:00
崇明	咪(咪)	笑~~	mi1(ʔmi⁵⁵)	true	mi1	暂无	自旧档汇入	2023-07-05T08:47:08+08:00
崇明	眉(眉)	~眼全无(不象样子)	mi1(ʔmi⁵⁵)	true	mi1	暂无	自旧档汇入	2023-07-05T08:47:08+08:00
崇明	迷(迷)	[空]	mi2(ɦmi²⁴)	true	mi2	暂无	自旧档汇入	2023-07-05T08:47:08+08:00
崇明	蜜(蜜)	[空]	mi2(ɦmi²⁴)	true	mi2	暂无	自旧档汇入	2023-07-05T08:47:08+08:00
崇明	谜(謎)	书面音	mi2(ɦmi²⁴)	true	mi2	暂无	自旧档汇入	2023-07-05T08:47:08+08:00
崇明	祢(禰)	[空]	mi2(ɦmi²⁴)	true	mi2	暂无	自旧档汇入	2023-07-05T08:47:08+08:00
崇明	弥(彌)	[空]	mi2(ɦmi²⁴)	true	mi2	暂无	自旧档汇入	2023-07-05T08:47:08+08:00
崇明	猕(獼)	[空]	mi2(ɦmi²⁴)	true	mi2	暂无	自旧档汇入	2023-07-05T08:47:08+08:00
崇明	醚(醚)	[空]	mi2(ɦmi²⁴)	true	mi2	暂无	自旧档汇入	2023-07-05T08:47:08+08:00
崇明	麋(麋)	[空]	mi2(ɦmi²⁴)	true	mi2	暂无	自旧档汇入	2023-07-05T08:47:08+08:00
崇明	弭(弭)	[空]	mi2(ɦmi²⁴)	true	mi2	暂无	自旧档汇入	2023-07-05T08:47:08+08:00
崇明	沵(濔)	[空]	mi2(ɦmi²⁴)	true	mi2	暂无	自旧档汇入	2023-07-05T08:47:08+08:00
崇明	靡(靡)	[空]	mi2(ɦmi²⁴)	true	mi2	暂无	自旧档汇入	2023-07-05T08:47:08+08:00
崇明	糜(糜)	[空]	mi2(ɦmi²⁴)	true	mi2	暂无	自旧档汇入	2023-07-05T08:47:08+08:00
崇明	眉(眉)	~毛	mi2(ɦmi²⁴)	true	mi2	暂无	自旧档汇入	2023-07-05T08:47:08+08:00
崇明	棉(棉)	~花	mi2(ɦmi²⁴)	true	mi2	暂无	自旧档汇入	2023-07-05T08:47:08+08:00
崇明	米(米)	[空]	mi4(ɦmi²⁴²)	true	mi4	暂无	自旧档汇入	2023-07-05T08:47:08+08:00
崇明	未(未)	~勒(有的是时间或机会)	mi6(ɦmi³¹³)	true	mi6	暂无	自旧档汇入	2023-07-05T08:47:08+08:00
崇明	味(味)	白读：~道	mi6(ɦmi³¹³)	true	mi6	暂无	自旧档汇入	2023-07-05T08:47:08+08:00
崇明	眯(瞇)	视力模糊	mi6(ɦmi³¹³)	true	mi6	暂无	自旧档汇入	2023-07-05T08:47:08+08:00
崇明	非(非)	[空]	fi1(fi⁵⁵)	true	fi1	暂无	自旧档汇入	2023-07-05T08:47:08+08:00
崇明	飞(飛)	[空]	fi1(fi⁵⁵)	true	fi1	暂无	自旧档汇入	2023-07-05T08:47:08+08:00
崇明	菲(菲)	[空]	fi1(fi⁵⁵)	true	fi1	暂无	自旧档汇入	2023-07-05T08:47:08+08:00
崇明	妃(妃)	[空]	fi1(fi⁵⁵)	true	fi1	暂无	自旧档汇入	2023-07-05T08:47:08+08:00
崇明	斐(斐)	[空]	fi1(fi⁵⁵)	true	fi1	暂无	自旧档汇入	2023-07-05T08:47:08+08:00
崇明	匪(匪)	[空]	fi1(fi⁵⁵)	true	fi1	暂无	自旧档汇入	2023-07-05T08:47:08+08:00
崇明	绯(緋)	~红	fi1(fi⁵⁵)	true	fi1	暂无	自旧档汇入	2023-07-05T08:47:08+08:00
崇明	霏(霏)	[空]	fi1(fi⁵⁵)	true	fi1	暂无	自旧档汇入	2023-07-05T08:47:08+08:00
崇明	翡(翡)	~翠	fi1(fi⁵⁵)	true	fi1	暂无	自旧档汇入	2023-07-05T08:47:08+08:00
崇明	啡(啡)	咖~	fi1(fi⁵⁵)	true	fi1	暂无	自旧档汇入	2023-07-05T08:47:08+08:00
崇明	榧(榧)	[空]	fi1(fi⁵⁵)	true	fi1	暂无	自旧档汇入	2023-07-05T08:47:08+08:00
崇明	费(費)	[空]	fi5(fi³³)	true	fi5	暂无	自旧档汇入	2023-07-05T08:47:08+08:00
崇明	肺(肺)	[空]	fi5(fi³³)	true	fi5	暂无	自旧档汇入	2023-07-05T08:47:08+08:00
崇明	废(廢)	[空]	fi5(fi³³)	true	fi5	暂无	自旧档汇入	2023-07-05T08:47:08+08:00
崇明	沸(沸)	[空]	fi5(fi³³)	true	fi5	暂无	自旧档汇入	2023-07-05T08:47:08+08:00
崇明	吠(吠)	[空]	fi5(fi³³)	true	fi5	暂无	自旧档汇入	2023-07-05T08:47:08+08:00
崇明	蜚(蜚)	[空]	fi5(fi³³)	true	fi5	暂无	自旧档汇入	2023-07-05T08:47:08+08:00
崇明	扉(扉)	[空]	fi5(fi³³)	true	fi5	暂无	自旧档汇入	2023-07-05T08:47:08+08:00
崇明	䕠(䕠)	芦~(芦苇席)	fi5(fi³³)	true	fi5	暂无	自旧档汇入	2023-07-05T08:47:08+08:00
崇明	肥(肥)	~肉，另读皮	vi2(vi²⁴)	true	vi2	暂无	自旧档汇入	2023-07-05T08:47:08+08:00
崇明	维(維)	思~	vi2(vi²⁴)	true	vi2	暂无	自旧档汇入	2023-07-05T08:47:08+08:00
崇明	唯(唯)	[空]	vi2(vi²⁴)	true	vi2	暂无	自旧档汇入	2023-07-05T08:47:08+08:00
崇明	微(微)	[空]	vi2(vi²⁴)	true	vi2	暂无	自旧档汇入	2023-07-05T08:47:08+08:00
崇明	薇(薇)	[空]	vi2(vi²⁴)	true	vi2	暂无	自旧档汇入	2023-07-05T08:47:08+08:00
崇明	帷(帷)	[空]	vi2(vi²⁴)	true	vi2	暂无	自旧档汇入	2023-07-05T08:47:08+08:00
崇明	维(維)	~持；~护	vi4(vi²⁴²)	true	vi4	暂无	自旧档汇入	2023-07-05T08:47:08+08:00
崇明	未(未)	~防	vi6(vi³¹³)	true	vi6	暂无	自旧档汇入	2023-07-05T08:47:08+08:00
崇明	尾(尾)	文读	vi6(vi³¹³)	true	vi6	暂无	自旧档汇入	2023-07-05T08:47:08+08:00
崇明	味(味)	~之素	vi6(vi³¹³)	true	vi6	暂无	自旧档汇入	2023-07-05T08:47:08+08:00
崇明	低(低)	[空]	ti1(ti⁵⁵)	true	ti1	暂无	自旧档汇入	2023-07-05T08:47:08+08:00
崇明	底(底)	[空]	ti3(ti⁴²⁴)	true	ti3	暂无	自旧档汇入	2023-07-05T08:47:08+08:00
崇明	帝(帝)	[空]	ti3(ti⁴²⁴)	true	ti3	暂无	自旧档汇入	2023-07-05T08:47:08+08:00
崇明	抵(抵)	[空]	ti3(ti⁴²⁴)	true	ti3	暂无	自旧档汇入	2023-07-05T08:47:08+08:00
崇明	蒂(蒂)	[空]	ti3(ti⁴²⁴)	true	ti3	暂无	自旧档汇入	2023-07-05T08:47:08+08:00
崇明	氐(氐)	[空]	ti3(ti⁴²⁴)	true	ti3	暂无	自旧档汇入	2023-07-05T08:47:08+08:00
崇明	诋(詆)	[空]	ti3(ti⁴²⁴)	true	ti3	暂无	自旧档汇入	2023-07-05T08:47:08+08:00
崇明	邸(邸)	[空]	ti3(ti⁴²⁴)	true	ti3	暂无	自旧档汇入	2023-07-05T08:47:08+08:00
崇明	缔(締)	[空]	ti3(ti⁴²⁴)	true	ti3	暂无	自旧档汇入	2023-07-05T08:47:08+08:00
崇明	羝(羝)	[空]	ti3(ti⁴²⁴)	true	ti3	暂无	自旧档汇入	2023-07-05T08:47:08+08:00
崇明	柢(柢)	[空]	ti3(ti⁴²⁴)	true	ti3	暂无	自旧档汇入	2023-07-05T08:47:08+08:00
崇明	骶(骶)	[空]	ti3(ti⁴²⁴)	true	ti3	暂无	自旧档汇入	2023-07-05T08:47:08+08:00
崇明	觗(觗)	[空]	ti3(ti⁴²⁴)	true	ti3	暂无	自旧档汇入	2023-07-05T08:47:08+08:00
崇明	谛(諦)	[空]	ti5(ti³³)	true	ti5	暂无	自旧档汇入	2023-07-05T08:47:08+08:00
崇明	褅(褅)	[空]	ti5(ti³³)	true	ti5	暂无	自旧档汇入	2023-07-05T08:47:08+08:00
崇明	渧(渧)	[空]	ti5(ti³³)	true	ti5	暂无	自旧档汇入	2023-07-05T08:47:08+08:00
崇明	梯(梯)	[空]	thi1(tʰi⁵⁵)	true	thi1	暂无	自旧档汇入	2023-07-05T08:47:08+08:00
崇明	屉(屜)	[空]	thi1(tʰi⁵⁵)	true	thi1	暂无	自旧档汇入	2023-07-05T08:47:08+08:00
崇明	绨(綈)	《广韵》平声齐韵杜奚切，崇明话“线绨”(一种绸子)读阴平调	thi1(tʰi⁵⁵)	true	thi1	暂无	自旧档汇入	2023-07-05T08:47:08+08:00
崇明	锑(銻)	[空]	thi1(tʰi⁵⁵)	true	thi1	暂无	自旧档汇入	2023-07-05T08:47:08+08:00
崇明	体(體)	[空]	thi3(tʰi⁴²⁴)	true	thi3	暂无	自旧档汇入	2023-07-05T08:47:08+08:00
崇明	替(替)	[空]	thi5(tʰi³³)	true	thi5	暂无	自旧档汇入	2023-07-05T08:47:08+08:00
崇明	剃(剃)	[空]	thi5(tʰi³³)	true	thi5	暂无	自旧档汇入	2023-07-05T08:47:08+08:00
崇明	涕(涕)	[空]	thi5(tʰi³³)	true	thi5	暂无	自旧档汇入	2023-07-05T08:47:08+08:00
崇明	剃(剃)	[空]	thi5(tʰi³³)	true	thi5	暂无	自旧档汇入	2023-07-05T08:47:08+08:00
崇明	嚏(嚏)	[空]	thi5(tʰi³³)	true	thi5	暂无	自旧档汇入	2023-07-05T08:47:08+08:00
崇明	提(提)	[空]	di2(di²⁴)	true	di2	暂无	自旧档汇入	2023-07-05T08:47:08+08:00
崇明	题(題)	[空]	di2(di²⁴)	true	di2	暂无	自旧档汇入	2023-07-05T08:47:08+08:00
崇明	蹄(蹄)	[空]	di2(di²⁴)	true	di2	暂无	自旧档汇入	2023-07-05T08:47:08+08:00
崇明	啼(啼)	[空]	di2(di²⁴)	true	di2	暂无	自旧档汇入	2023-07-05T08:47:08+08:00
崇明	騠(騠)	[空]	di2(di²⁴)	true	di2	暂无	自旧档汇入	2023-07-05T08:47:08+08:00
崇明	荑(荑)	[空]	di2(di²⁴)	true	di2	暂无	自旧档汇入	2023-07-05T08:47:08+08:00
崇明	弟(弟)	[空]	di4(di²⁴²)	true	di4	暂无	自旧档汇入	2023-07-05T08:47:08+08:00
崇明	弟(弟)	[空]	di6(di³¹³)	true	di6	暂无	自旧档汇入	2023-07-05T08:47:08+08:00
崇明	第(第)	[空]	di6(di³¹³)	true	di6	暂无	自旧档汇入	2023-07-05T08:47:08+08:00
崇明	地(地)	[空]	di6(di³¹³)	true	di6	暂无	自旧档汇入	2023-07-05T08:47:08+08:00
崇明	递(遞)	[空]	di6(di³¹³)	true	di6	暂无	自旧档汇入	2023-07-05T08:47:08+08:00
崇明	娣(娣)	[空]	di6(di³¹³)	true	di6	暂无	自旧档汇入	2023-07-05T08:47:08+08:00
崇明	棣(棣)	[空]	di6(di³¹³)	true	di6	暂无	自旧档汇入	2023-07-05T08:47:08+08:00
崇明	悌(悌)	[空]	di6(di³¹³)	true	di6	暂无	自旧档汇入	2023-07-05T08:47:08+08:00
崇明	捚(捚)	提水也说捚水	li1(ʔli⁵⁵)	true	li1	暂无	自旧档汇入	2023-07-05T08:47:08+08:00
崇明	哩(哩)	衬字用，叽哩咕噜	li1(ʔli⁵⁵)	true	li1	暂无	自旧档汇入	2023-07-05T08:47:08+08:00
崇明	励(勵)	[空]	li3(ʔli⁴²⁴)	true	li3	暂无	自旧档汇入	2023-07-05T08:47:08+08:00
崇明	屡(屢)	[空]	li3(ʔli⁴²⁴)	true	li3	暂无	自旧档汇入	2023-07-05T08:47:08+08:00
崇明	离(離)	[空]	li2(ɦli²⁴)	true	li2	暂无	自旧档汇入	2023-07-05T08:47:08+08:00
崇明	梨(梨)	[空]	li2(ɦli²⁴)	true	li2	暂无	自旧档汇入	2023-07-05T08:47:08+08:00
崇明	厘(厘)	[空]	li2(ɦli²⁴)	true	li2	暂无	自旧档汇入	2023-07-05T08:47:08+08:00
崇明	黎(黎)	[空]	li2(ɦli²⁴)	true	li2	暂无	自旧档汇入	2023-07-05T08:47:08+08:00
崇明	犁(犁)	[空]	li2(ɦli²⁴)	true	li2	暂无	自旧档汇入	2023-07-05T08:47:08+08:00
崇明	锂(鋰)	[空]	li2(ɦli²⁴)	true	li2	暂无	自旧档汇入	2023-07-05T08:47:08+08:00
崇明	漓(漓)	[空]	li2(ɦli²⁴)	true	li2	暂无	自旧档汇入	2023-07-05T08:47:08+08:00
崇明	骊(驪)	[空]	li2(ɦli²⁴)	true	li2	暂无	自旧档汇入	2023-07-05T08:47:08+08:00
崇明	狸(狸)	[空]	li2(ɦli²⁴)	true	li2	暂无	自旧档汇入	2023-07-05T08:47:08+08:00
崇明	篱(籬)	[空]	li2(ɦli²⁴)	true	li2	暂无	自旧档汇入	2023-07-05T08:47:08+08:00
崇明	璃(璃)	[空]	li2(ɦli²⁴)	true	li2	暂无	自旧档汇入	2023-07-05T08:47:08+08:00
崇明	蠡(蠡)	[空]	li2(ɦli²⁴)	true	li2	暂无	自旧档汇入	2023-07-05T08:47:08+08:00
崇明	藜(藜)	[空]	li2(ɦli²⁴)	true	li2	暂无	自旧档汇入	2023-07-05T08:47:08+08:00
崇明	俚(俚)	[空]	li2(ɦli²⁴)	true	li2	暂无	自旧档汇入	2023-07-05T08:47:08+08:00
崇明	罹(罹)	[空]	li2(ɦli²⁴)	true	li2	暂无	自旧档汇入	2023-07-05T08:47:08+08:00
崇明	驴(驢)	[空]	li2(ɦli²⁴)	true	li2	暂无	自旧档汇入	2023-07-05T08:47:08+08:00
崇明	理(理)	[空]	li4(ɦli²⁴²)	true	li4	暂无	自旧档汇入	2023-07-05T08:47:08+08:00
崇明	礼(禮)	[空]	li4(ɦli²⁴²)	true	li4	暂无	自旧档汇入	2023-07-05T08:47:08+08:00
崇明	李(李)	[空]	li4(ɦli²⁴²)	true	li4	暂无	自旧档汇入	2023-07-05T08:47:08+08:00
崇明	里(裡)	[空]	li4(ɦli²⁴²)	true	li4	暂无	自旧档汇入	2023-07-05T08:47:08+08:00
崇明	裹(裹)	[空]	li4(ɦli²⁴²)	true	li4	暂无	自旧档汇入	2023-07-05T08:47:08+08:00
崇明	厉(厲)	[空]	li4(ɦli²⁴²)	true	li4	暂无	自旧档汇入	2023-07-05T08:47:08+08:00
崇明	吕(呂)	[空]	li4(ɦli²⁴²)	true	li4	暂无	自旧档汇入	2023-07-05T08:47:08+08:00
崇明	利(利)	[空]	li6(ɦli³¹³)	true	li6	暂无	自旧档汇入	2023-07-05T08:47:08+08:00
崇明	例(例)	[空]	li6(ɦli³¹³)	true	li6	暂无	自旧档汇入	2023-07-05T08:47:08+08:00
崇明	丽(麗)	[空]	li6(ɦli³¹³)	true	li6	暂无	自旧档汇入	2023-07-05T08:47:08+08:00
崇明	吏(吏)	[空]	li6(ɦli³¹³)	true	li6	暂无	自旧档汇入	2023-07-05T08:47:08+08:00
崇明	隶(隸)	[空]	li6(ɦli³¹³)	true	li6	暂无	自旧档汇入	2023-07-05T08:47:08+08:00
崇明	鲤(鯉)	[空]	li6(ɦli³¹³)	true	li6	暂无	自旧档汇入	2023-07-05T08:47:08+08:00
崇明	莉(莉)	[空]	li6(ɦli³¹³)	true	li6	暂无	自旧档汇入	2023-07-05T08:47:08+08:00
崇明	痢(痢)	[空]	li6(ɦli³¹³)	true	li6	暂无	自旧档汇入	2023-07-05T08:47:08+08:00
崇明	俐(俐)	[空]	li6(ɦli³¹³)	true	li6	暂无	自旧档汇入	2023-07-05T08:47:08+08:00
崇明	澧(澧)	[空]	li6(ɦli³¹³)	true	li6	暂无	自旧档汇入	2023-07-05T08:47:08+08:00
崇明	戾(戾)	[空]	li6(ɦli³¹³)	true	li6	暂无	自旧档汇入	2023-07-05T08:47:08+08:00
崇明	砺(礪)	[空]	li6(ɦli³¹³)	true	li6	暂无	自旧档汇入	2023-07-05T08:47:08+08:00
崇明	俪(儷)	[空]	li6(ɦli³¹³)	true	li6	暂无	自旧档汇入	2023-07-05T08:47:08+08:00
崇明	铝(鋁)	[空]	li6(ɦli³¹³)	true	li6	暂无	自旧档汇入	2023-07-05T08:47:08+08:00
崇明	旅(旅)	[空]	li6(ɦli³¹³)	true	li6	暂无	自旧档汇入	2023-07-05T08:47:08+08:00
崇明	虑(慮)	[空]	li6(ɦli³¹³)	true	li6	暂无	自旧档汇入	2023-07-05T08:47:08+08:00
崇明	滤(濾)	[空]	li6(ɦli³¹³)	true	li6	暂无	自旧档汇入	2023-07-05T08:47:08+08:00
崇明	侣(侶)	[空]	li6(ɦli³¹³)	true	li6	暂无	自旧档汇入	2023-07-05T08:47:08+08:00
崇明	榈(櫚)	[空]	li6(ɦli³¹³)	true	li6	暂无	自旧档汇入	2023-07-05T08:47:08+08:00
崇明	膂(膂)	[空]	li6(ɦli³¹³)	true	li6	暂无	自旧档汇入	2023-07-05T08:47:08+08:00
崇明	泪(淚)	[空]	li6(ɦli³¹³)	true	li6	暂无	自旧档汇入	2023-07-05T08:47:08+08:00
崇明	履(履)	[空]	li6(ɦli³¹³)	true	li6	暂无	自旧档汇入	2023-07-05T08:47:08+08:00
崇明	基(基)	[空]	ci1(tɕi⁵⁵)	true	ci1	暂无	自旧档汇入	2023-07-05T08:47:08+08:00
崇明	机(機)	[空]	ci1(tɕi⁵⁵)	true	ci1	暂无	自旧档汇入	2023-07-05T08:47:08+08:00
崇明	鸡(雞)	[空]	ci1(tɕi⁵⁵)	true	ci1	暂无	自旧档汇入	2023-07-05T08:47:08+08:00
崇明	己(己)	自己的书面读音	ci1(tɕi⁵⁵)	true	ci1	暂无	自旧档汇入	2023-07-05T08:47:08+08:00
崇明	姬(姬)	[空]	ci1(tɕi⁵⁵)	true	ci1	暂无	自旧档汇入	2023-07-05T08:47:08+08:00
崇明	䇫(䇫)	编(篦子)	ci1(tɕi⁵⁵)	true	ci1	暂无	自旧档汇入	2023-07-05T08:47:08+08:00
崇明	箕(箕)	[空]	ci1(tɕi⁵⁵)	true	ci1	暂无	自旧档汇入	2023-07-05T08:47:08+08:00
崇明	羁(羈)	[空]	ci1(tɕi⁵⁵)	true	ci1	暂无	自旧档汇入	2023-07-05T08:47:08+08:00
崇明	骥(驥)	[空]	ci1(tɕi⁵⁵)	true	ci1	暂无	自旧档汇入	2023-07-05T08:47:08+08:00
崇明	讥(譏)	[空]	ci1(tɕi⁵⁵)	true	ci1	暂无	自旧档汇入	2023-07-05T08:47:08+08:00
崇明	肌(肌)	[空]	ci1(tɕi⁵⁵)	true	ci1	暂无	自旧档汇入	2023-07-05T08:47:08+08:00
崇明	饥(饑)	[空]	ci1(tɕi⁵⁵)	true	ci1	暂无	自旧档汇入	2023-07-05T08:47:08+08:00
崇明	期(期)	~过(小孩满周岁)	ci1(tɕi⁵⁵)	true	ci1	暂无	自旧档汇入	2023-07-05T08:47:08+08:00
崇明	稽(稽)	[空]	ci1(tɕi⁵⁵)	true	ci1	暂无	自旧档汇入	2023-07-05T08:47:08+08:00
崇明	嵇(嵇)	[空]	ci1(tɕi⁵⁵)	true	ci1	暂无	自旧档汇入	2023-07-05T08:47:08+08:00
崇明	几(幾)	~何学；茶~	ci1(tɕi⁵⁵)	true	ci1	暂无	自旧档汇入	2023-07-05T08:47:08+08:00
崇明	奇(奇)	~数	ci1(tɕi⁵⁵)	true	ci1	暂无	自旧档汇入	2023-07-05T08:47:08+08:00
崇明	居(居)	文读	ci1(tɕi⁵⁵)	true	ci1	暂无	自旧档汇入	2023-07-05T08:47:08+08:00
崇明	车(車)	~马炮	ci1(tɕi⁵⁵)	true	ci1	暂无	自旧档汇入	2023-07-05T08:47:08+08:00
崇明	龟(龜)	乌~	ci1(tɕi⁵⁵)	true	ci1	暂无	自旧档汇入	2023-07-05T08:47:08+08:00
崇明	姐(姐)	阿~(称姐姐)	ci1(tɕi⁵⁵)	true	ci1	暂无	自旧档汇入	2023-07-05T08:47:08+08:00
崇明	姊(姊)	文读	ci1(tɕi⁵⁵)	true	ci1	暂无	自旧档汇入	2023-07-05T08:47:08+08:00
崇明	圾(圾)	文读：垃~	ci1(tɕi⁵⁵)	true	ci1	暂无	自旧档汇入	2023-07-05T08:47:08+08:00
崇明	几(幾)	~个	ci3(tɕi⁴²⁴)	true	ci3	暂无	自旧档汇入	2023-07-05T08:47:08+08:00
崇明	己(己)	单字音	ci3(tɕi⁴²⁴)	true	ci3	暂无	自旧档汇入	2023-07-05T08:47:08+08:00
崇明	挤(擠)	[空]	ci3(tɕi⁴²⁴)	true	ci3	暂无	自旧档汇入	2023-07-05T08:47:08+08:00
崇明	虮(蟣)	[空]	ci3(tɕi⁴²⁴)	true	ci3	暂无	自旧档汇入	2023-07-05T08:47:08+08:00
崇明	举(舉)	[空]	ci3(tɕi⁴²⁴)	true	ci3	暂无	自旧档汇入	2023-07-05T08:47:08+08:00
崇明	鬼(鬼)	白读	ci3(tɕi⁴²⁴)	true	ci3	暂无	自旧档汇入	2023-07-05T08:47:08+08:00
崇明	姐(姐)	妻阿~(妻子的姐)	ci3(tɕi⁴²⁴)	true	ci3	暂无	自旧档汇入	2023-07-05T08:47:08+08:00
崇明	剂(劑)	[空]	ci5(tɕi³³)	true	ci5	暂无	自旧档汇入	2023-07-05T08:47:08+08:00
崇明	季(季)	[空]	ci5(tɕi³³)	true	ci5	暂无	自旧档汇入	2023-07-05T08:47:08+08:00
崇明	记(記)	[空]	ci5(tɕi³³)	true	ci5	暂无	自旧档汇入	2023-07-05T08:47:08+08:00
崇明	纪(紀)	[空]	ci5(tɕi³³)	true	ci5	暂无	自旧档汇入	2023-07-05T08:47:08+08:00
崇明	既(既)	[空]	ci5(tɕi³³)	true	ci5	暂无	自旧档汇入	2023-07-05T08:47:08+08:00
崇明	寄(寄)	[空]	ci5(tɕi³³)	true	ci5	暂无	自旧档汇入	2023-07-05T08:47:08+08:00
崇明	计(計)	[空]	ci5(tɕi³³)	true	ci5	暂无	自旧档汇入	2023-07-05T08:47:08+08:00
崇明	继(繼)	[空]	ci5(tɕi³³)	true	ci5	暂无	自旧档汇入	2023-07-05T08:47:08+08:00
崇明	祭(祭)	[空]	ci5(tɕi³³)	true	ci5	暂无	自旧档汇入	2023-07-05T08:47:08+08:00
崇明	冀(冀)	[空]	ci5(tɕi³³)	true	ci5	暂无	自旧档汇入	2023-07-05T08:47:08+08:00
崇明	际(際)	[空]	ci5(tɕi³³)	true	ci5	暂无	自旧档汇入	2023-07-05T08:47:08+08:00
崇明	系(系)	~鞋带	ci5(tɕi³³)	true	ci5	暂无	自旧档汇入	2023-07-05T08:47:08+08:00
崇明	贵(貴)	价钱高的白读音	ci5(tɕi³³)	true	ci5	暂无	自旧档汇入	2023-07-05T08:47:08+08:00
崇明	区(區)	白读	chi1(tɕʰi⁵⁵)	true	chi1	暂无	自旧档汇入	2023-07-05T08:47:08+08:00
崇明	趋(趨)	[空]	chi1(tɕʰi⁵⁵)	true	chi1	暂无	自旧档汇入	2023-07-05T08:47:08+08:00
崇明	蛆(蛆)	[空]	chi1(tɕʰi⁵⁵)	true	chi1	暂无	自旧档汇入	2023-07-05T08:47:08+08:00
崇明	妻(妻)	[空]	chi1(tɕʰi⁵⁵)	true	chi1	暂无	自旧档汇入	2023-07-05T08:47:08+08:00
崇明	凄(淒)	[空]	chi1(tɕʰi⁵⁵)	true	chi1	暂无	自旧档汇入	2023-07-05T08:47:08+08:00
崇明	溪(溪)	[空]	chi1(tɕʰi⁵⁵)	true	chi1	暂无	自旧档汇入	2023-07-05T08:47:08+08:00
崇明	欺(欺)	[空]	chi1(tɕʰi⁵⁵)	true	chi1	暂无	自旧档汇入	2023-07-05T08:47:08+08:00
崇明	栖(棲)	[空]	chi1(tɕʰi⁵⁵)	true	chi1	暂无	自旧档汇入	2023-07-05T08:47:08+08:00
崇明	奚(奚)	文读	chi1(tɕʰi⁵⁵)	true	chi1	暂无	自旧档汇入	2023-07-05T08:47:08+08:00
崇明	驱(驅)	[空]	chi1(tɕʰi⁵⁵)	true	chi1	暂无	自旧档汇入	2023-07-05T08:47:08+08:00
崇明	起(起)	[空]	chi3(tɕʰi⁴²⁴)	true	chi3	暂无	自旧档汇入	2023-07-05T08:47:08+08:00
崇明	启(啟)	[空]	chi3(tɕʰi⁴²⁴)	true	chi3	暂无	自旧档汇入	2023-07-05T08:47:08+08:00
崇明	企(企)	[空]	chi3(tɕʰi⁴²⁴)	true	chi3	暂无	自旧档汇入	2023-07-05T08:47:08+08:00
崇明	弃(棄)	[空]	chi3(tɕʰi⁴²⁴)	true	chi3	暂无	自旧档汇入	2023-07-05T08:47:08+08:00
崇明	岂(豈)	[空]	chi3(tɕʰi⁴²⁴)	true	chi3	暂无	自旧档汇入	2023-07-05T08:47:08+08:00
崇明	砌(砌)	[空]	chi3(tɕʰi⁴²⁴)	true	chi3	暂无	自旧档汇入	2023-07-05T08:47:08+08:00
崇明	取(取)	[空]	chi3(tɕʰi⁴²⁴)	true	chi3	暂无	自旧档汇入	2023-07-05T08:47:08+08:00
崇明	娶(娶)	[空]	chi3(tɕʰi⁴²⁴)	true	chi3	暂无	自旧档汇入	2023-07-05T08:47:08+08:00
崇明	气(氣)	[空]	chi5(tɕʰi³³)	true	chi5	暂无	自旧档汇入	2023-07-05T08:47:08+08:00
崇明	汽(汽)	[空]	chi5(tɕʰi³³)	true	chi5	暂无	自旧档汇入	2023-07-05T08:47:08+08:00
崇明	器(器)	[空]	chi5(tɕʰi³³)	true	chi5	暂无	自旧档汇入	2023-07-05T08:47:08+08:00
崇明	契(契)	~约	chi5(tɕʰi³³)	true	chi5	暂无	自旧档汇入	2023-07-05T08:47:08+08:00
崇明	去(去)	文读	chi5(tɕʰi³³)	true	chi5	暂无	自旧档汇入	2023-07-05T08:47:08+08:00
崇明	期(期)	时~	ji2(dʑi²⁴)	true	ji2	暂无	自旧档汇入	2023-07-05T08:47:08+08:00
崇明	其(其)	及~	ji2(dʑi²⁴)	true	ji2	暂无	自旧档汇入	2023-07-05T08:47:08+08:00
崇明	旗(旗)	[空]	ji2(dʑi²⁴)	true	ji2	暂无	自旧档汇入	2023-07-05T08:47:08+08:00
崇明	棋(棋)	[空]	ji2(dʑi²⁴)	true	ji2	暂无	自旧档汇入	2023-07-05T08:47:08+08:00
崇明	歧(歧)	[空]	ji2(dʑi²⁴)	true	ji2	暂无	自旧档汇入	2023-07-05T08:47:08+08:00
崇明	岐(岐)	[空]	ji2(dʑi²⁴)	true	ji2	暂无	自旧档汇入	2023-07-05T08:47:08+08:00
崇明	骑(騎)	[空]	ji2(dʑi²⁴)	true	ji2	暂无	自旧档汇入	2023-07-05T08:47:08+08:00
崇明	奇(奇)	~怪	ji2(dʑi²⁴)	true	ji2	暂无	自旧档汇入	2023-07-05T08:47:08+08:00
崇明	琪(琪)	[空]	ji2(dʑi²⁴)	true	ji2	暂无	自旧档汇入	2023-07-05T08:47:08+08:00
崇明	齐(齊)	文读	ji2(dʑi²⁴)	true	ji2	暂无	自旧档汇入	2023-07-05T08:47:08+08:00
崇明	脐(臍)	[空]	ji2(dʑi²⁴)	true	ji2	暂无	自旧档汇入	2023-07-05T08:47:08+08:00
崇明	荠(薺)	文读	ji2(dʑi²⁴)	true	ji2	暂无	自旧档汇入	2023-07-05T08:47:08+08:00
崇明	祁(祁)	[空]	ji2(dʑi²⁴)	true	ji2	暂无	自旧档汇入	2023-07-05T08:47:08+08:00
崇明	祈(祈)	[空]	ji2(dʑi²⁴)	true	ji2	暂无	自旧档汇入	2023-07-05T08:47:08+08:00
崇明	颀(頎)	[空]	ji2(dʑi²⁴)	true	ji2	暂无	自旧档汇入	2023-07-05T08:47:08+08:00
崇明	瞿(瞿)	白读	ji2(dʑi²⁴)	true	ji2	暂无	自旧档汇入	2023-07-05T08:47:08+08:00
崇明	渠(渠)	白读	ji2(dʑi²⁴)	true	ji2	暂无	自旧档汇入	2023-07-05T08:47:08+08:00
崇明	衢(衢)	[空]	ji2(dʑi²⁴)	true	ji2	暂无	自旧档汇入	2023-07-05T08:47:08+08:00
崇明	惧(懼)	文读：~怕	ji2(dʑi²⁴)	true	ji2	暂无	自旧档汇入	2023-07-05T08:47:08+08:00
崇明	跪(跪)	白读	ji4(dʑi²⁴²)	true	ji4	暂无	自旧档汇入	2023-07-05T08:47:08+08:00
崇明	聚(聚)	文读	ji4(dʑi²⁴²)	true	ji4	暂无	自旧档汇入	2023-07-05T08:47:08+08:00
崇明	其(其)	~他，~余	ji4(dʑi²⁴²)	true	ji4	暂无	自旧档汇入	2023-07-05T08:47:08+08:00
崇明	技(技)	[空]	ji6(dʑi³¹³)	true	ji6	暂无	自旧档汇入	2023-07-05T08:47:08+08:00
崇明	忌(忌)	[空]	ji6(dʑi³¹³)	true	ji6	暂无	自旧档汇入	2023-07-05T08:47:08+08:00
崇明	妓(妓)	[空]	ji6(dʑi³¹³)	true	ji6	暂无	自旧档汇入	2023-07-05T08:47:08+08:00
崇明	巨(巨)	[空]	ji6(dʑi³¹³)	true	ji6	暂无	自旧档汇入	2023-07-05T08:47:08+08:00
崇明	柜(櫃)	白读	ji6(dʑi³¹³)	true	ji6	暂无	自旧档汇入	2023-07-05T08:47:08+08:00
崇明	序(序)	[空]	ji6(dʑi³¹³)	true	ji6	暂无	自旧档汇入	2023-07-05T08:47:08+08:00
崇明	叙(敘)	[空]	ji6(dʑi³¹³)	true	ji6	暂无	自旧档汇入	2023-07-05T08:47:08+08:00
崇明	绪(緒)	[空]	ji6(dʑi³¹³)	true	ji6	暂无	自旧档汇入	2023-07-05T08:47:08+08:00
崇明	薯(薯)	[空]	ji6(dʑi³¹³)	true	ji6	暂无	自旧档汇入	2023-07-05T08:47:08+08:00
崇明	曙(曙)	[空]	ji6(dʑi³¹³)	true	ji6	暂无	自旧档汇入	2023-07-05T08:47:08+08:00
崇明	署(署)	[空]	ji6(dʑi³¹³)	true	ji6	暂无	自旧档汇入	2023-07-05T08:47:08+08:00
崇明	惧(懼)	~虐(敬畏)	ji6(dʑi³¹³)	true	ji6	暂无	自旧档汇入	2023-07-05T08:47:08+08:00
崇明	你(你)	文读	gni1(ʔȵi⁵⁵)	true	gni1	暂无	自旧档汇入	2023-07-05T08:47:08+08:00
崇明	腻(膩)	油~(指食物油性大)	gni1(ʔȵi⁵⁵)	true	gni1	暂无	自旧档汇入	2023-07-05T08:47:08+08:00
崇明	耳(耳)	~线(缝衣针)	gni1(ʔȵi⁵⁵)	true	gni1	暂无	自旧档汇入	2023-07-05T08:47:08+08:00
崇明	日(日)	昨~头(昨天)	gni1(ʔȵi⁵⁵)	true	gni1	暂无	自旧档汇入	2023-07-05T08:47:08+08:00
崇明	拟(擬)	[空]	gni3(ʔȵi⁴²⁴)	true	gni3	暂无	自旧档汇入	2023-07-05T08:47:08+08:00
崇明	尼(尼)	[空]	gni2(ɦȵi²⁴)	true	gni2	暂无	自旧档汇入	2023-07-05T08:47:08+08:00
崇明	呢(呢)	~绒	gni2(ɦȵi²⁴)	true	gni2	暂无	自旧档汇入	2023-07-05T08:47:08+08:00
崇明	泥(泥)	[空]	gni2(ɦȵi²⁴)	true	gni2	暂无	自旧档汇入	2023-07-05T08:47:08+08:00
崇明	妮(妮)	[空]	gni2(ɦȵi²⁴)	true	gni2	暂无	自旧档汇入	2023-07-05T08:47:08+08:00
崇明	倪(倪)	[空]	gni2(ɦȵi²⁴)	true	gni2	暂无	自旧档汇入	2023-07-05T08:47:08+08:00
崇明	霓(霓)	[空]	gni2(ɦȵi²⁴)	true	gni2	暂无	自旧档汇入	2023-07-05T08:47:08+08:00
崇明	睨(睨)	[空]	gni2(ɦȵi²⁴)	true	gni2	暂无	自旧档汇入	2023-07-05T08:47:08+08:00
崇明	猊(猊)	猫~(猫)	gni2(ɦȵi²⁴)	true	gni2	暂无	自旧档汇入	2023-07-05T08:47:08+08:00
崇明	宜(宜)	[空]	gni2(ɦȵi²⁴)	true	gni2	暂无	自旧档汇入	2023-07-05T08:47:08+08:00
崇明	疑(疑)	[空]	gni2(ɦȵi²⁴)	true	gni2	暂无	自旧档汇入	2023-07-05T08:47:08+08:00
崇明	虞(虞)	白读	gni2(ɦȵi²⁴)	true	gni2	暂无	自旧档汇入	2023-07-05T08:47:08+08:00
崇明	愚(愚)	白读	gni2(ɦȵi²⁴)	true	gni2	暂无	自旧档汇入	2023-07-05T08:47:08+08:00
崇明	娱(娛)	白读	gni2(ɦȵi²⁴)	true	gni2	暂无	自旧档汇入	2023-07-05T08:47:08+08:00
崇明	女(女)	[空]	gni4(ɦȵi²⁴²)	true	gni4	暂无	自旧档汇入	2023-07-05T08:47:08+08:00
崇明	入(入)	~舍女婿	gni4(ɦȵi²⁴²)	true	gni4	暂无	自旧档汇入	2023-07-05T08:47:08+08:00
崇明	毅(毅)	[空]	gni6(ɦȵi³¹³)	true	gni6	暂无	自旧档汇入	2023-07-05T08:47:08+08:00
崇明	蚁(蟻)	[空]	gni6(ɦȵi³¹³)	true	gni6	暂无	自旧档汇入	2023-07-05T08:47:08+08:00
崇明	义(義)	[空]	gni6(ɦȵi³¹³)	true	gni6	暂无	自旧档汇入	2023-07-05T08:47:08+08:00
崇明	议(議)	[空]	gni6(ɦȵi³¹³)	true	gni6	暂无	自旧档汇入	2023-07-05T08:47:08+08:00
崇明	艺(藝)	[空]	gni6(ɦȵi³¹³)	true	gni6	暂无	自旧档汇入	2023-07-05T08:47:08+08:00
崇明	吃(吃)	[空]	gni6(ɦȵi³¹³)	true	gni6	暂无	自旧档汇入	2023-07-05T08:47:08+08:00
崇明	腻(膩)	油~(指污垢)	gni6(ɦȵi³¹³)	true	gni6	暂无	自旧档汇入	2023-07-05T08:47:08+08:00
崇明	诣(詣)	[空]	gni6(ɦȵi³¹³)	true	gni6	暂无	自旧档汇入	2023-07-05T08:47:08+08:00
崇明	谊(誼)	[空]	gni6(ɦȵi³¹³)	true	gni6	暂无	自旧档汇入	2023-07-05T08:47:08+08:00
崇明	二(二)	也读数词两	gni6(ɦȵi³¹³)	true	gni6	暂无	自旧档汇入	2023-07-05T08:47:08+08:00
崇明	贰(貳)	[空]	gni6(ɦȵi³¹³)	true	gni6	暂无	自旧档汇入	2023-07-05T08:47:08+08:00
崇明	弍(弍)	[空]	gni6(ɦȵi³¹³)	true	gni6	暂无	自旧档汇入	2023-07-05T08:47:08+08:00
崇明	蕊(蕊)	白读	gni6(ɦȵi³¹³)	true	gni6	暂无	自旧档汇入	2023-07-05T08:47:08+08:00
崇明	尾(尾)	~巴	gni6(ɦȵi³¹³)	true	gni6	暂无	自旧档汇入	2023-07-05T08:47:08+08:00
崇明	耳(耳)	~朵	gni6(ɦȵi³¹³)	true	gni6	暂无	自旧档汇入	2023-07-05T08:47:08+08:00
崇明	芋(芋)	~艿(受艿字声母影响而致)	gni6(ɦȵi³¹³)	true	gni6	暂无	自旧档汇入	2023-07-05T08:47:08+08:00
崇明	语(語)	白读	gni6(ɦȵi³¹³)	true	gni6	暂无	自旧档汇入	2023-07-05T08:47:08+08:00
崇明	遇(遇)	白读	gni6(ɦȵi³¹³)	true	gni6	暂无	自旧档汇入	2023-07-05T08:47:08+08:00
崇明	西(西)	[空]	shi1(ɕi⁵⁵)	true	shi1	暂无	自旧档汇入	2023-07-05T08:47:08+08:00
崇明	兮(兮)	[空]	shi1(ɕi⁵⁵)	true	shi1	暂无	自旧档汇入	2023-07-05T08:47:08+08:00
崇明	粞(粞)	[空]	shi1(ɕi⁵⁵)	true	shi1	暂无	自旧档汇入	2023-07-05T08:47:08+08:00
崇明	希(希)	[空]	shi1(ɕi⁵⁵)	true	shi1	暂无	自旧档汇入	2023-07-05T08:47:08+08:00
崇明	稀(稀)	[空]	shi1(ɕi⁵⁵)	true	shi1	暂无	自旧档汇入	2023-07-05T08:47:08+08:00
崇明	硒(硒)	[空]	shi1(ɕi⁵⁵)	true	shi1	暂无	自旧档汇入	2023-07-05T08:47:08+08:00
崇明	熙(熙)	[空]	shi1(ɕi⁵⁵)	true	shi1	暂无	自旧档汇入	2023-07-05T08:47:08+08:00
崇明	玺(璽)	[空]	shi1(ɕi⁵⁵)	true	shi1	暂无	自旧档汇入	2023-07-05T08:47:08+08:00
崇明	徙(徙)	[空]	shi1(ɕi⁵⁵)	true	shi1	暂无	自旧档汇入	2023-07-05T08:47:08+08:00
崇明	嘻(嘻)	[空]	shi1(ɕi⁵⁵)	true	shi1	暂无	自旧档汇入	2023-07-05T08:47:08+08:00
崇明	牺(犧)	[空]	shi1(ɕi⁵⁵)	true	shi1	暂无	自旧档汇入	2023-07-05T08:47:08+08:00
崇明	犀(犀)	[空]	shi1(ɕi⁵⁵)	true	shi1	暂无	自旧档汇入	2023-07-05T08:47:08+08:00
崇明	羲(羲)	[空]	shi1(ɕi⁵⁵)	true	shi1	暂无	自旧档汇入	2023-07-05T08:47:08+08:00
崇明	曦(曦)	[空]	shi1(ɕi⁵⁵)	true	shi1	暂无	自旧档汇入	2023-07-05T08:47:08+08:00
崇明	荠(薺)	口语	shi1(ɕi⁵⁵)	true	shi1	暂无	自旧档汇入	2023-07-05T08:47:08+08:00
崇明	须(須)	[空]	shi1(ɕi⁵⁵)	true	shi1	暂无	自旧档汇入	2023-07-05T08:47:08+08:00
崇明	须(須)	文读	shi1(ɕi⁵⁵)	true	shi1	暂无	自旧档汇入	2023-07-05T08:47:08+08:00
崇明	需(需)	[空]	shi1(ɕi⁵⁵)	true	shi1	暂无	自旧档汇入	2023-07-05T08:47:08+08:00
崇明	熹(熹)	[空]	shi1(ɕi⁵⁵)	true	shi1	暂无	自旧档汇入	2023-07-05T08:47:08+08:00
崇明	虚(虛)	文读	shi1(ɕi⁵⁵)	true	shi1	暂无	自旧档汇入	2023-07-05T08:47:08+08:00
崇明	嘘(噓)	[空]	shi1(ɕi⁵⁵)	true	shi1	暂无	自旧档汇入	2023-07-05T08:47:08+08:00
崇明	墟(墟)	文读	shi1(ɕi⁵⁵)	true	shi1	暂无	自旧档汇入	2023-07-05T08:47:08+08:00
崇明	诩(詡)	[空]	shi1(ɕi⁵⁵)	true	shi1	暂无	自旧档汇入	2023-07-05T08:47:08+08:00
崇明	煦(煦)	[空]	shi1(ɕi⁵⁵)	true	shi1	暂无	自旧档汇入	2023-07-05T08:47:08+08:00
崇明	喜(喜)	[空]	shi3(ɕi⁴²⁴)	true	shi3	暂无	自旧档汇入	2023-07-05T08:47:08+08:00
崇明	死(死)	[空]	shi3(ɕi⁴²⁴)	true	shi3	暂无	自旧档汇入	2023-07-05T08:47:08+08:00
崇明	许(許)	允~	shi3(ɕi⁴²⁴)	true	shi3	暂无	自旧档汇入	2023-07-05T08:47:08+08:00
崇明	细(細)	[空]	shi5(ɕi³³)	true	shi5	暂无	自旧档汇入	2023-07-05T08:47:08+08:00
崇明	戏(戲)	[空]	shi5(ɕi³³)	true	shi5	暂无	自旧档汇入	2023-07-05T08:47:08+08:00
崇明	婿(婿)	[空]	shi5(ɕi³³)	true	shi5	暂无	自旧档汇入	2023-07-05T08:47:08+08:00
崇明	胥(胥)	[空]	shi5(ɕi³³)	true	shi5	暂无	自旧档汇入	2023-07-05T08:47:08+08:00
崇明	絮(絮)	[空]	shi5(ɕi³³)	true	shi5	暂无	自旧档汇入	2023-07-05T08:47:08+08:00
崇明	圾(圾)	垃~	shi5(ɕi³³)	true	shi5	暂无	自旧档汇入	2023-07-05T08:47:08+08:00
崇明	脐(臍)	白读	zhi2(ʑi²⁴)	true	zhi2	暂无	自旧档汇入	2023-07-05T08:47:08+08:00
崇明	齐(齊)	白读	zhi2(ʑi²⁴)	true	zhi2	暂无	自旧档汇入	2023-07-05T08:47:08+08:00
崇明	徐(徐)	[空]	zhi2(ʑi²⁴)	true	zhi2	暂无	自旧档汇入	2023-07-05T08:47:08+08:00
崇明	聚(聚)	白读	zhi4(ʑi²⁴²)	true	zhi4	暂无	自旧档汇入	2023-07-05T08:47:08+08:00
崇明	其(其)	这，那；个：吉~(这个)，个~(那个)	ki1(ki⁵⁵)	true	ki1	暂无	自旧档汇入	2023-07-05T08:47:08+08:00
崇明	唭(唭)	你~：那要：呆郎子你~)	ki1(ki⁵⁵)	true	ki1	暂无	自旧档汇入	2023-07-05T08:47:08+08:00
崇明	去(去)	出~(连读调)	khi1(kʰi⁵⁵)	true	khi1	暂无	自旧档汇入	2023-07-05T08:47:08+08:00
崇明	去(去)	口语	khi5(kʰi³³)	true	khi5	暂无	自旧档汇入	2023-07-05T08:47:08+08:00
崇明	其(其)	实~(这样)	gi2(gi²⁴)	true	gi2	暂无	自旧档汇入	2023-07-05T08:47:08+08:00
崇明	以(以)	~后	i1(i⁵⁵)	true	i1	暂无	自旧档汇入	2023-07-05T08:47:08+08:00
崇明	依(依)	[空]	i1(i⁵⁵)	true	i1	暂无	自旧档汇入	2023-07-05T08:47:08+08:00
崇明	倚(倚)	[空]	i1(i⁵⁵)	true	i1	暂无	自旧档汇入	2023-07-05T08:47:08+08:00
崇明	衣(衣)	[空]	i1(i⁵⁵)	true	i1	暂无	自旧档汇入	2023-07-05T08:47:08+08:00
崇明	医(醫)	[空]	i1(i⁵⁵)	true	i1	暂无	自旧档汇入	2023-07-05T08:47:08+08:00
崇明	懿(懿)	[空]	i1(i⁵⁵)	true	i1	暂无	自旧档汇入	2023-07-05T08:47:08+08:00
崇明	漪(漪)	[空]	i1(i⁵⁵)	true	i1	暂无	自旧档汇入	2023-07-05T08:47:08+08:00
崇明	椅(椅)	~子	i1(i⁵⁵)	true	i1	暂无	自旧档汇入	2023-07-05T08:47:08+08:00
崇明	奚(奚)	~家港(地名)	i1(i⁵⁵)	true	i1	暂无	自旧档汇入	2023-07-05T08:47:08+08:00
崇明	意(意)	~思	i1(i⁵⁵)	true	i1	暂无	自旧档汇入	2023-07-05T08:47:08+08:00
崇明	已(已)	~经	i3(i⁴²⁴)	true	i3	暂无	自旧档汇入	2023-07-05T08:47:08+08:00
崇明	以(以)	所~	i3(i⁴²⁴)	true	i3	暂无	自旧档汇入	2023-07-05T08:47:08+08:00
崇明	亿(億)	[空]	i5(i³³)	true	i5	暂无	自旧档汇入	2023-07-05T08:47:08+08:00
崇明	意(意)	注~	i5(i³³)	true	i5	暂无	自旧档汇入	2023-07-05T08:47:08+08:00
崇明	忆(憶)	[空]	i5(i³³)	true	i5	暂无	自旧档汇入	2023-07-05T08:47:08+08:00
崇明	喂(喂)	白读	i5(i³³)	true	i5	暂无	自旧档汇入	2023-07-05T08:47:08+08:00
崇明	鱼(魚)	子~(凤尾鱼)	i5(i³³)	true	i5	暂无	自旧档汇入	2023-07-05T08:47:08+08:00
崇明	仪(儀)	[空]	yi2(ɦi²⁴)	true	yi2	暂无	自旧档汇入	2023-07-05T08:47:08+08:00
崇明	移(移)	[空]	yi2(ɦi²⁴)	true	yi2	暂无	自旧档汇入	2023-07-05T08:47:08+08:00
崇明	怡(怡)	[空]	yi2(ɦi²⁴)	true	yi2	暂无	自旧档汇入	2023-07-05T08:47:08+08:00
崇明	夷(夷)	[空]	yi2(ɦi²⁴)	true	yi2	暂无	自旧档汇入	2023-07-05T08:47:08+08:00
崇明	遗(遺)	[空]	yi2(ɦi²⁴)	true	yi2	暂无	自旧档汇入	2023-07-05T08:47:08+08:00
崇明	咦(咦)	语气词	yi2(ɦi²⁴)	true	yi2	暂无	自旧档汇入	2023-07-05T08:47:08+08:00
崇明	伊(伊)	[空]	yi2(ɦi²⁴)	true	yi2	暂无	自旧档汇入	2023-07-05T08:47:08+08:00
崇明	围(圍)	~腰(围裙)	yi2(ɦi²⁴)	true	yi2	暂无	自旧档汇入	2023-07-05T08:47:08+08:00
崇明	圩(圩)	[空]	yi2(ɦi²⁴)	true	yi2	暂无	自旧档汇入	2023-07-05T08:47:08+08:00
崇明	姨(姨)	[空]	yi2(ɦi²⁴)	true	yi2	暂无	自旧档汇入	2023-07-05T08:47:08+08:00
崇明	颐(頤)	[空]	yi2(ɦi²⁴)	true	yi2	暂无	自旧档汇入	2023-07-05T08:47:08+08:00
崇明	彝(彝)	[空]	yi2(ɦi²⁴)	true	yi2	暂无	自旧档汇入	2023-07-05T08:47:08+08:00
崇明	肄(肄)	[空]	yi2(ɦi²⁴)	true	yi2	暂无	自旧档汇入	2023-07-05T08:47:08+08:00
崇明	于(於)	姓	yi2(ɦi²⁴)	true	yi2	暂无	自旧档汇入	2023-07-05T08:47:08+08:00
崇明	又(又)	白读	yi4(ɦi²⁴²)	true	yi4	暂无	自旧档汇入	2023-07-05T08:47:08+08:00
崇明	雨(雨)	白读	yi4(ɦi²⁴²)	true	yi4	暂无	自旧档汇入	2023-07-05T08:47:08+08:00
崇明	纬(緯)	~纱(横向的纱)	yi4(ɦi²⁴²)	true	yi4	暂无	自旧档汇入	2023-07-05T08:47:08+08:00
崇明	矣(矣)	[空]	yi4(ɦi²⁴²)	true	yi4	暂无	自旧档汇入	2023-07-05T08:47:08+08:00
崇明	翼(翼)	[空]	yi6(ɦi³¹³)	true	yi6	暂无	自旧档汇入	2023-07-05T08:47:08+08:00
崇明	易(易)	容~	yi6(ɦi³¹³)	true	yi6	暂无	自旧档汇入	2023-07-05T08:47:08+08:00
崇明	异(異)	[空]	yi6(ɦi³¹³)	true	yi6	暂无	自旧档汇入	2023-07-05T08:47:08+08:00
崇明	勚(勩)	[空]	yi6(ɦi³¹³)	true	yi6	暂无	自旧档汇入	2023-07-05T08:47:08+08:00
崇明	系(系)	[空]	yi6(ɦi³¹³)	true	yi6	暂无	自旧档汇入	2023-07-05T08:47:08+08:00
崇明	系(系)	[空]	yi6(ɦi³¹³)	true	yi6	暂无	自旧档汇入	2023-07-05T08:47:08+08:00
崇明	咦(咦)	表示惊异的语气	yi6(ɦi³¹³)	true	yi6	暂无	自旧档汇入	2023-07-05T08:47:08+08:00
崇明	预(預)	~备	yi6(ɦi³¹³)	true	yi6	暂无	自旧档汇入	2023-07-05T08:47:08+08:00
崇明	裕(裕)	富~	yi6(ɦi³¹³)	true	yi6	暂无	自旧档汇入	2023-07-05T08:47:08+08:00
崇明	芋(芋)	番~(白薯)	yi6(ɦi³¹³)	true	yi6	暂无	自旧档汇入	2023-07-05T08:47:08+08:00
崇明	鱼(魚)	子~(凤尾鱼)	yi6(ɦi³¹³)	true	yi6	暂无	自旧档汇入	2023-07-05T08:47:08+08:00
崇明	纬(緯)	~纱(布机上横向的纱)	yi6(ɦi³¹³)	true	yi6	暂无	自旧档汇入	2023-07-05T08:47:08+08:00
崇明	波(波)	[空]	pu1(pu⁵⁵)	true	pu1	暂无	自旧档汇入	2023-07-05T08:47:08+08:00
崇明	玻(玻)	[空]	pu1(pu⁵⁵)	true	pu1	暂无	自旧档汇入	2023-07-05T08:47:08+08:00
崇明	播(播)	[空]	pu3(pu⁴²⁴)	true	pu3	暂无	自旧档汇入	2023-07-05T08:47:08+08:00
崇明	谱(譜)	老~说话(老一代传下来的话)	pu3(pu⁴²⁴)	true	pu3	暂无	自旧档汇入	2023-07-05T08:47:08+08:00
崇明	补(補)	[空]	pu3(pu⁴²⁴)	true	pu3	暂无	自旧档汇入	2023-07-05T08:47:08+08:00
崇明	堡(堡)	~镇(地名)	pu3(pu⁴²⁴)	true	pu3	暂无	自旧档汇入	2023-07-05T08:47:08+08:00
崇明	簸(簸)	[空]	pu5(pu³³)	true	pu5	暂无	自旧档汇入	2023-07-05T08:47:08+08:00
崇明	怖(怖)	[空]	pu5(pu³³)	true	pu5	暂无	自旧档汇入	2023-07-05T08:47:08+08:00
崇明	铺(鋪)	~路	phu1(pʰu⁵⁵)	true	phu1	暂无	自旧档汇入	2023-07-05T08:47:08+08:00
崇明	坡(坡)	[空]	phu1(pʰu⁵⁵)	true	phu1	暂无	自旧档汇入	2023-07-05T08:47:08+08:00
崇明	颇(頗)	[空]	phu1(pʰu⁵⁵)	true	phu1	暂无	自旧档汇入	2023-07-05T08:47:08+08:00
崇明	谱(譜)	文读	phu3(pʰu⁴²⁴)	true	phu3	暂无	自旧档汇入	2023-07-05T08:47:08+08:00
崇明	普(普)	[空]	phu3(pʰu⁴²⁴)	true	phu3	暂无	自旧档汇入	2023-07-05T08:47:08+08:00
崇明	浦(浦)	[空]	phu3(pʰu⁴²⁴)	true	phu3	暂无	自旧档汇入	2023-07-05T08:47:08+08:00
崇明	铺(鋪)	店~	phu5(pʰu³³)	true	phu5	暂无	自旧档汇入	2023-07-05T08:47:08+08:00
崇明	婆(婆)	[空]	bu2(bu²⁴)	true	bu2	暂无	自旧档汇入	2023-07-05T08:47:08+08:00
崇明	蒲(蒲)	[空]	bu2(bu²⁴)	true	bu2	暂无	自旧档汇入	2023-07-05T08:47:08+08:00
崇明	菩(菩)	[空]	bu2(bu²⁴)	true	bu2	暂无	自旧档汇入	2023-07-05T08:47:08+08:00
崇明	捕(捕)	[空]	bu2(bu²⁴)	true	bu2	暂无	自旧档汇入	2023-07-05T08:47:08+08:00
崇明	葡(葡)	[空]	bu2(bu²⁴)	true	bu2	暂无	自旧档汇入	2023-07-05T08:47:08+08:00
崇明	匍(匍)	[空]	bu2(bu²⁴)	true	bu2	暂无	自旧档汇入	2023-07-05T08:47:08+08:00
崇明	脯(脯)	胸~	bu2(bu²⁴)	true	bu2	暂无	自旧档汇入	2023-07-05T08:47:08+08:00
崇明	薄(薄)	~荷	bu4(bu²⁴²)	true	bu4	暂无	自旧档汇入	2023-07-05T08:47:08+08:00
崇明	伏(伏)	直着坍下	bu4(bu²⁴²)	true	bu4	暂无	自旧档汇入	2023-07-05T08:47:08+08:00
崇明	部(部)	[空]	bu6(bu³¹³)	true	bu6	暂无	自旧档汇入	2023-07-05T08:47:08+08:00
崇明	簿(簿)	[空]	bu6(bu³¹³)	true	bu6	暂无	自旧档汇入	2023-07-05T08:47:08+08:00
崇明	步(步)	[空]	bu6(bu³¹³)	true	bu6	暂无	自旧档汇入	2023-07-05T08:47:08+08:00
崇明	埠(埠)	[空]	bu6(bu³¹³)	true	bu6	暂无	自旧档汇入	2023-07-05T08:47:08+08:00
崇明	伏(伏)	~小鸡。《广韵》去声宥韵扶富切“鸟菢子”	bu6(bu³¹³)	true	bu6	暂无	自旧档汇入	2023-07-05T08:47:08+08:00
崇明	姆(姆)	~~(称天主教修女)	mu1(ʔmu⁵⁵)	true	mu1	暂无	自旧档汇入	2023-07-05T08:47:08+08:00
崇明	母(母)	[空]	mu3(ʔmu⁴²⁴)	true	mu3	暂无	自旧档汇入	2023-07-05T08:47:08+08:00
崇明	姆(姆)	文读	mu3(ʔmu⁴²⁴)	true	mu3	暂无	自旧档汇入	2023-07-05T08:47:08+08:00
崇明	拇(拇)	[空]	mu3(ʔmu⁴²⁴)	true	mu3	暂无	自旧档汇入	2023-07-05T08:47:08+08:00
崇明	模(模)	[空]	mu2(ɦmu²⁴)	true	mu2	暂无	自旧档汇入	2023-07-05T08:47:08+08:00
崇明	磨(磨)	~刀	mu2(ɦmu²⁴)	true	mu2	暂无	自旧档汇入	2023-07-05T08:47:08+08:00
崇明	膜(膜)	泡沫	mu2(ɦmu²⁴)	true	mu2	暂无	自旧档汇入	2023-07-05T08:47:08+08:00
崇明	摹(摹)	[空]	mu2(ɦmu²⁴)	true	mu2	暂无	自旧档汇入	2023-07-05T08:47:08+08:00
崇明	谟(謨)	[空]	mu2(ɦmu²⁴)	true	mu2	暂无	自旧档汇入	2023-07-05T08:47:08+08:00
崇明	魔(魔)	[空]	mu2(ɦmu²⁴)	true	mu2	暂无	自旧档汇入	2023-07-05T08:47:08+08:00
崇明	摩(摩)	[空]	mu2(ɦmu²⁴)	true	mu2	暂无	自旧档汇入	2023-07-05T08:47:08+08:00
崇明	磨(磨)	老人或幼儿用牙龈磨咬食物	mu4(ɦmu²⁴²)	true	mu4	暂无	自旧档汇入	2023-07-05T08:47:08+08:00
崇明	磨(磨)	牵~(推磨)	mu6(ɦmu³¹³)	true	mu6	暂无	自旧档汇入	2023-07-05T08:47:08+08:00
崇明	墓(墓)	[空]	mu6(ɦmu³¹³)	true	mu6	暂无	自旧档汇入	2023-07-05T08:47:08+08:00
崇明	幕(幕)	[空]	mu6(ɦmu³¹³)	true	mu6	暂无	自旧档汇入	2023-07-05T08:47:08+08:00
崇明	慕(慕)	[空]	mu6(ɦmu³¹³)	true	mu6	暂无	自旧档汇入	2023-07-05T08:47:08+08:00
崇明	暮(暮)	[空]	mu6(ɦmu³¹³)	true	mu6	暂无	自旧档汇入	2023-07-05T08:47:08+08:00
崇明	募(募)	[空]	mu6(ɦmu³¹³)	true	mu6	暂无	自旧档汇入	2023-07-05T08:47:08+08:00
崇明	夫(夫)	[空]	fu1(fu⁵⁵)	true	fu1	暂无	自旧档汇入	2023-07-05T08:47:08+08:00
崇明	夫(夫)	[空]	fu1(fu⁵⁵)	true	fu1	暂无	自旧档汇入	2023-07-05T08:47:08+08:00
崇明	肤(膚)	[空]	fu1(fu⁵⁵)	true	fu1	暂无	自旧档汇入	2023-07-05T08:47:08+08:00
崇明	孚(孚)	[空]	fu1(fu⁵⁵)	true	fu1	暂无	自旧档汇入	2023-07-05T08:47:08+08:00
崇明	敷(敷)	[空]	fu1(fu⁵⁵)	true	fu1	暂无	自旧档汇入	2023-07-05T08:47:08+08:00
崇明	俘(俘)	[空]	fu1(fu⁵⁵)	true	fu1	暂无	自旧档汇入	2023-07-05T08:47:08+08:00
崇明	趺(趺)	[空]	fu1(fu⁵⁵)	true	fu1	暂无	自旧档汇入	2023-07-05T08:47:08+08:00
崇明	麸(麩)	[空]	fu1(fu⁵⁵)	true	fu1	暂无	自旧档汇入	2023-07-05T08:47:08+08:00
崇明	抚(撫)	[空]	fu3(fu⁴²⁴)	true	fu3	暂无	自旧档汇入	2023-07-05T08:47:08+08:00
崇明	斧(斧)	[空]	fu3(fu⁴²⁴)	true	fu3	暂无	自旧档汇入	2023-07-05T08:47:08+08:00
崇明	釜(釜)	[空]	fu3(fu⁴²⁴)	true	fu3	暂无	自旧档汇入	2023-07-05T08:47:08+08:00
崇明	腑(腑)	[空]	fu3(fu⁴²⁴)	true	fu3	暂无	自旧档汇入	2023-07-05T08:47:08+08:00
崇明	俯(俯)	[空]	fu3(fu⁴²⁴)	true	fu3	暂无	自旧档汇入	2023-07-05T08:47:08+08:00
崇明	府(府)	[空]	fu3(fu⁴²⁴)	true	fu3	暂无	自旧档汇入	2023-07-05T08:47:08+08:00
崇明	辅(輔)	[空]	fu3(fu⁴²⁴)	true	fu3	暂无	自旧档汇入	2023-07-05T08:47:08+08:00
崇明	脯(脯)	文读：果~	fu3(fu⁴²⁴)	true	fu3	暂无	自旧档汇入	2023-07-05T08:47:08+08:00
崇明	富(富)	[空]	fu5(fu³³)	true	fu5	暂无	自旧档汇入	2023-07-05T08:47:08+08:00
崇明	付(付)	[空]	fu5(fu³³)	true	fu5	暂无	自旧档汇入	2023-07-05T08:47:08+08:00
崇明	赴(赴)	[空]	fu5(fu³³)	true	fu5	暂无	自旧档汇入	2023-07-05T08:47:08+08:00
崇明	副(副)	[空]	fu5(fu³³)	true	fu5	暂无	自旧档汇入	2023-07-05T08:47:08+08:00
崇明	傅(傅)	[空]	fu5(fu³³)	true	fu5	暂无	自旧档汇入	2023-07-05T08:47:08+08:00
崇明	甫(甫)	[空]	fu5(fu³³)	true	fu5	暂无	自旧档汇入	2023-07-05T08:47:08+08:00
崇明	赋(賦)	[空]	fu5(fu³³)	true	fu5	暂无	自旧档汇入	2023-07-05T08:47:08+08:00
崇明	讣(訃)	[空]	fu5(fu³³)	true	fu5	暂无	自旧档汇入	2023-07-05T08:47:08+08:00
崇明	罘(罘)	[空]	fu5(fu³³)	true	fu5	暂无	自旧档汇入	2023-07-05T08:47:08+08:00
崇明	咐(咐)	[空]	fu5(fu³³)	true	fu5	暂无	自旧档汇入	2023-07-05T08:47:08+08:00
崇明	无(無)	一无事体(没有任何事情)	vu2(vu²⁴)	true	vu2	暂无	自旧档汇入	2023-07-05T08:47:08+08:00
崇明	芙(芙)	[空]	vu2(vu²⁴)	true	vu2	暂无	自旧档汇入	2023-07-05T08:47:08+08:00
崇明	凫(鳧)	[空]	vu2(vu²⁴)	true	vu2	暂无	自旧档汇入	2023-07-05T08:47:08+08:00
崇明	扶(扶)	[空]	vu2(vu²⁴)	true	vu2	暂无	自旧档汇入	2023-07-05T08:47:08+08:00
崇明	巫(巫)	[空]	vu2(vu²⁴)	true	vu2	暂无	自旧档汇入	2023-07-05T08:47:08+08:00
崇明	浮(浮)	牙齿~(牙齿根部动摇)	vu2(vu²⁴)	true	vu2	暂无	自旧档汇入	2023-07-05T08:47:08+08:00
崇明	舞(舞)	[空]	vu4(vu²⁴²)	true	vu4	暂无	自旧档汇入	2023-07-05T08:47:08+08:00
崇明	武(武)	[空]	vu4(vu²⁴²)	true	vu4	暂无	自旧档汇入	2023-07-05T08:47:08+08:00
崇明	无(無)	文读	vu4(vu²⁴²)	true	vu4	暂无	自旧档汇入	2023-07-05T08:47:08+08:00
崇明	附(附)	[空]	vu6(vu³¹³)	true	vu6	暂无	自旧档汇入	2023-07-05T08:47:08+08:00
崇明	父(父)	[空]	vu6(vu³¹³)	true	vu6	暂无	自旧档汇入	2023-07-05T08:47:08+08:00
崇明	扶(扶)	[空]	vu6(vu³¹³)	true	vu6	暂无	自旧档汇入	2023-07-05T08:47:08+08:00
崇明	符(符)	[空]	vu6(vu³¹³)	true	vu6	暂无	自旧档汇入	2023-07-05T08:47:08+08:00
崇明	腐(腐)	[空]	vu6(vu³¹³)	true	vu6	暂无	自旧档汇入	2023-07-05T08:47:08+08:00
崇明	妇(婦)	[空]	vu6(vu³¹³)	true	vu6	暂无	自旧档汇入	2023-07-05T08:47:08+08:00
崇明	负(負)	[空]	vu6(vu³¹³)	true	vu6	暂无	自旧档汇入	2023-07-05T08:47:08+08:00
崇明	务(務)	[空]	vu6(vu³¹³)	true	vu6	暂无	自旧档汇入	2023-07-05T08:47:08+08:00
崇明	驸(駙)	[空]	vu6(vu³¹³)	true	vu6	暂无	自旧档汇入	2023-07-05T08:47:08+08:00
崇明	侮(侮)	[空]	vu6(vu³¹³)	true	vu6	暂无	自旧档汇入	2023-07-05T08:47:08+08:00
崇明	戊(戊)	[空]	vu6(vu³¹³)	true	vu6	暂无	自旧档汇入	2023-07-05T08:47:08+08:00
崇明	紨(紨)	柴~：捆柴草、农作物的草绳	vu6(vu³¹³)	true	vu6	暂无	自旧档汇入	2023-07-05T08:47:08+08:00
崇明	多(多)	~少	tu1(tu⁵⁵)	true	tu1	暂无	自旧档汇入	2023-07-05T08:47:08+08:00
崇明	都(都)	[空]	tu1(tu⁵⁵)	true	tu1	暂无	自旧档汇入	2023-07-05T08:47:08+08:00
崇明	嘟(嘟)	[空]	tu1(tu⁵⁵)	true	tu1	暂无	自旧档汇入	2023-07-05T08:47:08+08:00
崇明	朵(朵)	[空]	tu3(tu⁴²⁴)	true	tu3	暂无	自旧档汇入	2023-07-05T08:47:08+08:00
崇明	赌(賭)	[空]	tu3(tu⁴²⁴)	true	tu3	暂无	自旧档汇入	2023-07-05T08:47:08+08:00
崇明	堵(堵)	[空]	tu3(tu⁴²⁴)	true	tu3	暂无	自旧档汇入	2023-07-05T08:47:08+08:00
崇明	睹(睹)	[空]	tu3(tu⁴²⁴)	true	tu3	暂无	自旧档汇入	2023-07-05T08:47:08+08:00
崇明	肚(肚)	鱼~	tu3(tu⁴²⁴)	true	tu3	暂无	自旧档汇入	2023-07-05T08:47:08+08:00
崇明	躲(躲)	[空]	tu3(tu⁴²⁴)	true	tu3	暂无	自旧档汇入	2023-07-05T08:47:08+08:00
崇明	垛(垛)	[空]	tu3(tu⁴²⁴)	true	tu3	暂无	自旧档汇入	2023-07-05T08:47:08+08:00
崇明	剁(剁)	[空]	tu3(tu⁴²⁴)	true	tu3	暂无	自旧档汇入	2023-07-05T08:47:08+08:00
崇明	妒(妒)	[空]	tu3(tu⁴²⁴)	true	tu3	暂无	自旧档汇入	2023-07-05T08:47:08+08:00
崇明	拖(拖)	~拉	thu1(tʰu⁵⁵)	true	thu1	暂无	自旧档汇入	2023-07-05T08:47:08+08:00
崇明	兔(兔)	[空]	thu1(tʰu⁵⁵)	true	thu1	暂无	自旧档汇入	2023-07-05T08:47:08+08:00
崇明	土(土)	[空]	thu3(tʰu⁴²⁴)	true	thu3	暂无	自旧档汇入	2023-07-05T08:47:08+08:00
崇明	吐(吐)	[空]	thu3(tʰu⁴²⁴)	true	thu3	暂无	自旧档汇入	2023-07-05T08:47:08+08:00
崇明	妥(妥)	[空]	thu3(tʰu⁴²⁴)	true	thu3	暂无	自旧档汇入	2023-07-05T08:47:08+08:00
崇明	唾(唾)	[空]	thu3(tʰu⁴²⁴)	true	thu3	暂无	自旧档汇入	2023-07-05T08:47:08+08:00
崇明	椭(橢)	[空]	thu3(tʰu⁴²⁴)	true	thu3	暂无	自旧档汇入	2023-07-05T08:47:08+08:00
崇明	毻(毻)	《集韵》去声过韵吐卧切	thu5(tʰu³³)	true	thu5	暂无	自旧档汇入	2023-07-05T08:47:08+08:00
崇明	蜕(蛻)	《集韵》去声过韵吐卧切	thu5(tʰu³³)	true	thu5	暂无	自旧档汇入	2023-07-05T08:47:08+08:00
崇明	徒(徒)	[空]	du2(du²⁴)	true	du2	暂无	自旧档汇入	2023-07-05T08:47:08+08:00
崇明	图(圖)	[空]	du2(du²⁴)	true	du2	暂无	自旧档汇入	2023-07-05T08:47:08+08:00
崇明	涂(塗)	[空]	du2(du²⁴)	true	du2	暂无	自旧档汇入	2023-07-05T08:47:08+08:00
崇明	途(途)	[空]	du2(du²⁴)	true	du2	暂无	自旧档汇入	2023-07-05T08:47:08+08:00
崇明	屠(屠)	[空]	du2(du²⁴)	true	du2	暂无	自旧档汇入	2023-07-05T08:47:08+08:00
崇明	荼(荼)	[空]	du2(du²⁴)	true	du2	暂无	自旧档汇入	2023-07-05T08:47:08+08:00
崇明	沱(沱)	[空]	du2(du²⁴)	true	du2	暂无	自旧档汇入	2023-07-05T08:47:08+08:00
崇明	鸵(鴕)	[空]	du2(du²⁴)	true	du2	暂无	自旧档汇入	2023-07-05T08:47:08+08:00
崇明	陀(陀)	[空]	du2(du²⁴)	true	du2	暂无	自旧档汇入	2023-07-05T08:47:08+08:00
崇明	驼(駝)	[空]	du2(du²⁴)	true	du2	暂无	自旧档汇入	2023-07-05T08:47:08+08:00
崇明	驮(馱)	[空]	du2(du²⁴)	true	du2	暂无	自旧档汇入	2023-07-05T08:47:08+08:00
崇明	跎(跎)	[空]	du2(du²⁴)	true	du2	暂无	自旧档汇入	2023-07-05T08:47:08+08:00
崇明	酡(酡)	[空]	du2(du²⁴)	true	du2	暂无	自旧档汇入	2023-07-05T08:47:08+08:00
崇明	舵(舵)	文读	du2(du²⁴)	true	du2	暂无	自旧档汇入	2023-07-05T08:47:08+08:00
崇明	堕(墮)	~落	du2(du²⁴)	true	du2	暂无	自旧档汇入	2023-07-05T08:47:08+08:00
崇明	杜(杜)	~想(自己想)	du4(du²⁴²)	true	du4	暂无	自旧档汇入	2023-07-05T08:47:08+08:00
崇明	惰(惰)	懒~	du4(du²⁴²)	true	du4	暂无	自旧档汇入	2023-07-05T08:47:08+08:00
崇明	嶞(嶞)	趴在人背上或其他物体上，《广韵》上声果韵徒果切“山高”	du4(du²⁴²)	true	du4	暂无	自旧档汇入	2023-07-05T08:47:08+08:00
崇明	度(度)	过~	du6(du³¹³)	true	du6	暂无	自旧档汇入	2023-07-05T08:47:08+08:00
崇明	渡(渡)	[空]	du6(du³¹³)	true	du6	暂无	自旧档汇入	2023-07-05T08:47:08+08:00
崇明	大(大)	~小	du6(du³¹³)	true	du6	暂无	自旧档汇入	2023-07-05T08:47:08+08:00
崇明	肚(肚)	~皮(肚子)	du6(du³¹³)	true	du6	暂无	自旧档汇入	2023-07-05T08:47:08+08:00
崇明	努(努)	[空]	nu3(ʔnu⁴²⁴)	true	nu3	暂无	自旧档汇入	2023-07-05T08:47:08+08:00
崇明	奴(奴)	~隶	nu2(ɦnu²⁴)	true	nu2	暂无	自旧档汇入	2023-07-05T08:47:08+08:00
崇明	弩(弩)	[空]	nu2(ɦnu²⁴)	true	nu2	暂无	自旧档汇入	2023-07-05T08:47:08+08:00
崇明	驽(駑)	[空]	nu2(ɦnu²⁴)	true	nu2	暂无	自旧档汇入	2023-07-05T08:47:08+08:00
崇明	帑(帑)	[空]	nu2(ɦnu²⁴)	true	nu2	暂无	自旧档汇入	2023-07-05T08:47:08+08:00
崇明	驽(駑)	[空]	nu2(ɦnu²⁴)	true	nu2	暂无	自旧档汇入	2023-07-05T08:47:08+08:00
崇明	胬(胬)	[空]	nu2(ɦnu²⁴)	true	nu2	暂无	自旧档汇入	2023-07-05T08:47:08+08:00
崇明	奴(奴)	自称	nu4(ɦnu²⁴²)	true	nu4	暂无	自旧档汇入	2023-07-05T08:47:08+08:00
崇明	呶(呶)	没有牙齿时用牙龈磨咬	nu4(ɦnu²⁴²)	true	nu4	暂无	自旧档汇入	2023-07-05T08:47:08+08:00
崇明	怒(怒)	[空]	nu6(ɦnu³¹³)	true	nu6	暂无	自旧档汇入	2023-07-05T08:47:08+08:00
崇明	糯(糯)	[空]	nu6(ɦnu³¹³)	true	nu6	暂无	自旧档汇入	2023-07-05T08:47:08+08:00
崇明	撸(擼)	抚摸	lu1(ʔlu⁵⁵)	true	lu1	暂无	自旧档汇入	2023-07-05T08:47:08+08:00
崇明	噜(嚕)	~苏	lu1(ʔlu⁵⁵)	true	lu1	暂无	自旧档汇入	2023-07-05T08:47:08+08:00
崇明	啰(囉)	~嗦	lu1(ʔlu⁵⁵)	true	lu1	暂无	自旧档汇入	2023-07-05T08:47:08+08:00
崇明	虏(虜)	俘~	lu1(ʔlu⁵⁵)	true	lu1	暂无	自旧档汇入	2023-07-05T08:47:08+08:00
崇明	鲁(魯)	[空]	lu3(ʔlu⁴²⁴)	true	lu3	暂无	自旧档汇入	2023-07-05T08:47:08+08:00
崇明	卵(卵)	文读，读上声果韵郎果切	lu3(ʔlu⁴²⁴)	true	lu3	暂无	自旧档汇入	2023-07-05T08:47:08+08:00
崇明	掳(擄)	[空]	lu3(ʔlu⁴²⁴)	true	lu3	暂无	自旧档汇入	2023-07-05T08:47:08+08:00
崇明	罗(羅)	[空]	lu2(ɦlu²⁴)	true	lu2	暂无	自旧档汇入	2023-07-05T08:47:08+08:00
崇明	骡(騾)	[空]	lu2(ɦlu²⁴)	true	lu2	暂无	自旧档汇入	2023-07-05T08:47:08+08:00
崇明	螺(螺)	[空]	lu2(ɦlu²⁴)	true	lu2	暂无	自旧档汇入	2023-07-05T08:47:08+08:00
崇明	裸(裸)	[空]	lu2(ɦlu²⁴)	true	lu2	暂无	自旧档汇入	2023-07-05T08:47:08+08:00
崇明	萝(蘿)	[空]	lu2(ɦlu²⁴)	true	lu2	暂无	自旧档汇入	2023-07-05T08:47:08+08:00
崇明	锣(鑼)	[空]	lu2(ɦlu²⁴)	true	lu2	暂无	自旧档汇入	2023-07-05T08:47:08+08:00
崇明	逻(邏)	[空]	lu2(ɦlu²⁴)	true	lu2	暂无	自旧档汇入	2023-07-05T08:47:08+08:00
崇明	箩(籮)	[空]	lu2(ɦlu²⁴)	true	lu2	暂无	自旧档汇入	2023-07-05T08:47:08+08:00
崇明	漯(漯)	[空]	lu2(ɦlu²⁴)	true	lu2	暂无	自旧档汇入	2023-07-05T08:47:08+08:00
崇明	脶(腡)	[空]	lu2(ɦlu²⁴)	true	lu2	暂无	自旧档汇入	2023-07-05T08:47:08+08:00
崇明	卢(盧)	[空]	lu2(ɦlu²⁴)	true	lu2	暂无	自旧档汇入	2023-07-05T08:47:08+08:00
崇明	芦(蘆)	[空]	lu2(ɦlu²⁴)	true	lu2	暂无	自旧档汇入	2023-07-05T08:47:08+08:00
崇明	庐(廬)	[空]	lu2(ɦlu²⁴)	true	lu2	暂无	自旧档汇入	2023-07-05T08:47:08+08:00
崇明	炉(爐)	[空]	lu2(ɦlu²⁴)	true	lu2	暂无	自旧档汇入	2023-07-05T08:47:08+08:00
崇明	鲈(鱸)	[空]	lu2(ɦlu²⁴)	true	lu2	暂无	自旧档汇入	2023-07-05T08:47:08+08:00
崇明	颅(顱)	[空]	lu2(ɦlu²⁴)	true	lu2	暂无	自旧档汇入	2023-07-05T08:47:08+08:00
崇明	鸬(鸕)	[空]	lu2(ɦlu²⁴)	true	lu2	暂无	自旧档汇入	2023-07-05T08:47:08+08:00
崇明	泸(瀘)	[空]	lu2(ɦlu²⁴)	true	lu2	暂无	自旧档汇入	2023-07-05T08:47:08+08:00
崇明	橹(櫓)	[空]	lu4(ɦlu²⁴²)	true	lu4	暂无	自旧档汇入	2023-07-05T08:47:08+08:00
崇明	卤(鹵)	[空]	lu4(ɦlu²⁴²)	true	lu4	暂无	自旧档汇入	2023-07-05T08:47:08+08:00
崇明	路(路)	[空]	lu6(ɦlu³¹³)	true	lu6	暂无	自旧档汇入	2023-07-05T08:47:08+08:00
崇明	潞(潞)	[空]	lu6(ɦlu³¹³)	true	lu6	暂无	自旧档汇入	2023-07-05T08:47:08+08:00
崇明	露(露)	[空]	lu6(ɦlu³¹³)	true	lu6	暂无	自旧档汇入	2023-07-05T08:47:08+08:00
崇明	璐(璐)	[空]	lu6(ɦlu³¹³)	true	lu6	暂无	自旧档汇入	2023-07-05T08:47:08+08:00
崇明	鹭(鷺)	[空]	lu6(ɦlu³¹³)	true	lu6	暂无	自旧档汇入	2023-07-05T08:47:08+08:00
崇明	赂(賂)	[空]	lu6(ɦlu³¹³)	true	lu6	暂无	自旧档汇入	2023-07-05T08:47:08+08:00
崇明	租(租)	[空]	tsu1(tsu⁵⁵)	true	tsu1	暂无	自旧档汇入	2023-07-05T08:47:08+08:00
崇明	组(組)	[空]	tsu3(tsu⁴²⁴)	true	tsu3	暂无	自旧档汇入	2023-07-05T08:47:08+08:00
崇明	祖(祖)	[空]	tsu3(tsu⁴²⁴)	true	tsu3	暂无	自旧档汇入	2023-07-05T08:47:08+08:00
崇明	阻(阻)	[空]	tsu3(tsu⁴²⁴)	true	tsu3	暂无	自旧档汇入	2023-07-05T08:47:08+08:00
崇明	诅(詛)	[空]	tsu3(tsu⁴²⁴)	true	tsu3	暂无	自旧档汇入	2023-07-05T08:47:08+08:00
崇明	左(左)	文读	tsu3(tsu⁴²⁴)	true	tsu3	暂无	自旧档汇入	2023-07-05T08:47:08+08:00
崇明	佐(佐)	[空]	tsu3(tsu⁴²⁴)	true	tsu3	暂无	自旧档汇入	2023-07-05T08:47:08+08:00
崇明	沮(沮)	[空]	tsu3(tsu⁴²⁴)	true	tsu3	暂无	自旧档汇入	2023-07-05T08:47:08+08:00
崇明	狙(狙)	[空]	tsu3(tsu⁴²⁴)	true	tsu3	暂无	自旧档汇入	2023-07-05T08:47:08+08:00
崇明	做(做)	[空]	tsu5(tsu³³)	true	tsu5	暂无	自旧档汇入	2023-07-05T08:47:08+08:00
崇明	粗(粗)	[空]	tshu1(tsʰu⁵⁵)	true	tshu1	暂无	自旧档汇入	2023-07-05T08:47:08+08:00
崇明	初(初)	[空]	tshu1(tsʰu⁵⁵)	true	tshu1	暂无	自旧档汇入	2023-07-05T08:47:08+08:00
崇明	楚(楚)	[空]	tshu1(tsʰu⁵⁵)	true	tshu1	暂无	自旧档汇入	2023-07-05T08:47:08+08:00
崇明	搓(搓)	~绳	tshu1(tsʰu⁵⁵)	true	tshu1	暂无	自旧档汇入	2023-07-05T08:47:08+08:00
崇明	础(礎)	[空]	tshu3(tsʰu⁴²⁴)	true	tshu3	暂无	自旧档汇入	2023-07-05T08:47:08+08:00
崇明	措(措)	[空]	tshu3(tsʰu⁴²⁴)	true	tshu3	暂无	自旧档汇入	2023-07-05T08:47:08+08:00
崇明	挫(挫)	[空]	tshu3(tsʰu⁴²⁴)	true	tshu3	暂无	自旧档汇入	2023-07-05T08:47:08+08:00
崇明	锉(銼)	[空]	tshu5(tsʰu³³)	true	tshu5	暂无	自旧档汇入	2023-07-05T08:47:08+08:00
崇明	错(錯)	~误	tshu5(tsʰu³³)	true	tshu5	暂无	自旧档汇入	2023-07-05T08:47:08+08:00
崇明	醋(醋)	[空]	tshu5(tsʰu³³)	true	tshu5	暂无	自旧档汇入	2023-07-05T08:47:08+08:00
崇明	雏(雛)	[空]	dzu2(dzu²⁴)	true	dzu2	暂无	自旧档汇入	2023-07-05T08:47:08+08:00
崇明	锄(鋤)	文读	dzu2(dzu²⁴)	true	dzu2	暂无	自旧档汇入	2023-07-05T08:47:08+08:00
崇明	刍(芻)	[空]	dzu2(dzu²⁴)	true	dzu2	暂无	自旧档汇入	2023-07-05T08:47:08+08:00
崇明	助(助)	[空]	dzu6(dzu³¹³)	true	dzu6	暂无	自旧档汇入	2023-07-05T08:47:08+08:00
崇明	苏(蘇)	[空]	su1(su⁵⁵)	true	su1	暂无	自旧档汇入	2023-07-05T08:47:08+08:00
崇明	酥(酥)	[空]	su1(su⁵⁵)	true	su1	暂无	自旧档汇入	2023-07-05T08:47:08+08:00
崇明	须(須)	~牙(胡须)	su1(su⁵⁵)	true	su1	暂无	自旧档汇入	2023-07-05T08:47:08+08:00
崇明	梭(梭)	[空]	su1(su⁵⁵)	true	su1	暂无	自旧档汇入	2023-07-05T08:47:08+08:00
崇明	唆(唆)	[空]	su1(su⁵⁵)	true	su1	暂无	自旧档汇入	2023-07-05T08:47:08+08:00
崇明	睃(睃)	瞧，探望	su1(su⁵⁵)	true	su1	暂无	自旧档汇入	2023-07-05T08:47:08+08:00
崇明	疏(疏)	~远	su1(su⁵⁵)	true	su1	暂无	自旧档汇入	2023-07-05T08:47:08+08:00
崇明	梳(梳)	~妆台	su1(su⁵⁵)	true	su1	暂无	自旧档汇入	2023-07-05T08:47:08+08:00
崇明	蔬(蔬)	[空]	su1(su⁵⁵)	true	su1	暂无	自旧档汇入	2023-07-05T08:47:08+08:00
崇明	稣(穌)	[空]	su1(su⁵⁵)	true	su1	暂无	自旧档汇入	2023-07-05T08:47:08+08:00
崇明	苏(蘇)	[空]	su1(su⁵⁵)	true	su1	暂无	自旧档汇入	2023-07-05T08:47:08+08:00
崇明	蓑(蓑)	[空]	su1(su⁵⁵)	true	su1	暂无	自旧档汇入	2023-07-05T08:47:08+08:00
崇明	所(所)	~以	su1(su⁵⁵)	true	su1	暂无	自旧档汇入	2023-07-05T08:47:08+08:00
崇明	锁(鎖)	[空]	su3(su⁴²⁴)	true	su3	暂无	自旧档汇入	2023-07-05T08:47:08+08:00
崇明	琐(瑣)	[空]	su3(su⁴²⁴)	true	su3	暂无	自旧档汇入	2023-07-05T08:47:08+08:00
崇明	唢(嗩)	[空]	su3(su⁴²⁴)	true	su3	暂无	自旧档汇入	2023-07-05T08:47:08+08:00
崇明	数(數)	动词	su3(su⁴²⁴)	true	su3	暂无	自旧档汇入	2023-07-05T08:47:08+08:00
崇明	所(所)	厕~	su3(su⁴²⁴)	true	su3	暂无	自旧档汇入	2023-07-05T08:47:08+08:00
崇明	素(素)	[空]	su5(su³³)	true	su5	暂无	自旧档汇入	2023-07-05T08:47:08+08:00
崇明	诉(訴)	[空]	su5(su³³)	true	su5	暂无	自旧档汇入	2023-07-05T08:47:08+08:00
崇明	塑(塑)	泥~木雕	su5(su³³)	true	su5	暂无	自旧档汇入	2023-07-05T08:47:08+08:00
崇明	数(數)	~目	su5(su³³)	true	su5	暂无	自旧档汇入	2023-07-05T08:47:08+08:00
崇明	殂(殂)	《广韵》平声模韵昨胡切：死也	zu2(zu²⁴)	true	zu2	暂无	自旧档汇入	2023-07-05T08:47:08+08:00
崇明	坐(坐)	[空]	zu4(zu²⁴²)	true	zu4	暂无	自旧档汇入	2023-07-05T08:47:08+08:00
崇明	座(座)	[空]	zu4(zu²⁴²)	true	zu4	暂无	自旧档汇入	2023-07-05T08:47:08+08:00
崇明	蜗(蝸)	~牛	ku1(ku⁵⁵)	true	ku1	暂无	自旧档汇入	2023-07-05T08:47:08+08:00
崇明	哥(哥)	[空]	ku1(ku⁵⁵)	true	ku1	暂无	自旧档汇入	2023-07-05T08:47:08+08:00
崇明	歌(歌)	[空]	ku1(ku⁵⁵)	true	ku1	暂无	自旧档汇入	2023-07-05T08:47:08+08:00
崇明	戈(戈)	[空]	ku1(ku⁵⁵)	true	ku1	暂无	自旧档汇入	2023-07-05T08:47:08+08:00
崇明	个(個)	~数(数目字)；~半(一个半)；一~~把(个把，才一个)	ku1(ku⁵⁵)	true	ku1	暂无	自旧档汇入	2023-07-05T08:47:08+08:00
崇明	过(過)	超~	ku1(ku⁵⁵)	true	ku1	暂无	自旧档汇入	2023-07-05T08:47:08+08:00
崇明	锅(鍋)	[空]	ku1(ku⁵⁵)	true	ku1	暂无	自旧档汇入	2023-07-05T08:47:08+08:00
崇明	埚(堝)	[空]	ku1(ku⁵⁵)	true	ku1	暂无	自旧档汇入	2023-07-05T08:47:08+08:00
崇明	孤(孤)	[空]	ku1(ku⁵⁵)	true	ku1	暂无	自旧档汇入	2023-07-05T08:47:08+08:00
崇明	鸪(鴣)	文读	ku1(ku⁵⁵)	true	ku1	暂无	自旧档汇入	2023-07-05T08:47:08+08:00
崇明	估(估)	[空]	ku1(ku⁵⁵)	true	ku1	暂无	自旧档汇入	2023-07-05T08:47:08+08:00
崇明	沽(沽)	[空]	ku1(ku⁵⁵)	true	ku1	暂无	自旧档汇入	2023-07-05T08:47:08+08:00
崇明	箍(箍)	~桶	ku1(ku⁵⁵)	true	ku1	暂无	自旧档汇入	2023-07-05T08:47:08+08:00
崇明	姑(姑)	[空]	ku1(ku⁵⁵)	true	ku1	暂无	自旧档汇入	2023-07-05T08:47:08+08:00
崇明	菇(菇)	[空]	ku1(ku⁵⁵)	true	ku1	暂无	自旧档汇入	2023-07-05T08:47:08+08:00
崇明	菰(菰)	[空]	ku1(ku⁵⁵)	true	ku1	暂无	自旧档汇入	2023-07-05T08:47:08+08:00
崇明	辜(辜)	[空]	ku1(ku⁵⁵)	true	ku1	暂无	自旧档汇入	2023-07-05T08:47:08+08:00
崇明	咕(咕)	~~叫	ku1(ku⁵⁵)	true	ku1	暂无	自旧档汇入	2023-07-05T08:47:08+08:00
崇明	牯(牯)	[空]	ku3(ku⁴²⁴)	true	ku3	暂无	自旧档汇入	2023-07-05T08:47:08+08:00
崇明	贾(賈)	商~	ku3(ku⁴²⁴)	true	ku3	暂无	自旧档汇入	2023-07-05T08:47:08+08:00
崇明	诂(詁)	[空]	ku3(ku⁴²⁴)	true	ku3	暂无	自旧档汇入	2023-07-05T08:47:08+08:00
崇明	崮(崮)	[空]	ku3(ku⁴²⁴)	true	ku3	暂无	自旧档汇入	2023-07-05T08:47:08+08:00
崇明	瞽(瞽)	[空]	ku3(ku⁴²⁴)	true	ku3	暂无	自旧档汇入	2023-07-05T08:47:08+08:00
崇明	蛊(蠱)	[空]	ku3(ku⁴²⁴)	true	ku3	暂无	自旧档汇入	2023-07-05T08:47:08+08:00
崇明	股(股)	[空]	ku3(ku⁴²⁴)	true	ku3	暂无	自旧档汇入	2023-07-05T08:47:08+08:00
崇明	臌(臌)	[空]	ku3(ku⁴²⁴)	true	ku3	暂无	自旧档汇入	2023-07-05T08:47:08+08:00
崇明	古(古)	[空]	ku3(ku⁴²⁴)	true	ku3	暂无	自旧档汇入	2023-07-05T08:47:08+08:00
崇明	果(果)	[空]	ku3(ku⁴²⁴)	true	ku3	暂无	自旧档汇入	2023-07-05T08:47:08+08:00
崇明	裹(裹)	[空]	ku3(ku⁴²⁴)	true	ku3	暂无	自旧档汇入	2023-07-05T08:47:08+08:00
崇明	故(故)	缘~	ku3(ku⁴²⁴)	true	ku3	暂无	自旧档汇入	2023-07-05T08:47:08+08:00
崇明	鸪(鴣)	别~(口语指布谷鸟)	ku3(ku⁴²⁴)	true	ku3	暂无	自旧档汇入	2023-07-05T08:47:08+08:00
崇明	个(個)	~别；原~子(整个儿)	ku5(ku³³)	true	ku5	暂无	自旧档汇入	2023-07-05T08:47:08+08:00
崇明	顾(顧)	[空]	ku5(ku³³)	true	ku5	暂无	自旧档汇入	2023-07-05T08:47:08+08:00
崇明	过(過)	~年	ku5(ku³³)	true	ku5	暂无	自旧档汇入	2023-07-05T08:47:08+08:00
崇明	酤(酤)	[空]	ku5(ku³³)	true	ku5	暂无	自旧档汇入	2023-07-05T08:47:08+08:00
崇明	固(固)	[空]	ku5(ku³³)	true	ku5	暂无	自旧档汇入	2023-07-05T08:47:08+08:00
崇明	雇(雇)	[空]	ku5(ku³³)	true	ku5	暂无	自旧档汇入	2023-07-05T08:47:08+08:00
崇明	故(故)	事~	ku5(ku³³)	true	ku5	暂无	自旧档汇入	2023-07-05T08:47:08+08:00
崇明	科(科)	[空]	khu1(kʰu⁵⁵)	true	khu1	暂无	自旧档汇入	2023-07-05T08:47:08+08:00
崇明	蝌(蝌)	[空]	khu1(kʰu⁵⁵)	true	khu1	暂无	自旧档汇入	2023-07-05T08:47:08+08:00
崇明	柯(柯)	[空]	khu1(kʰu⁵⁵)	true	khu1	暂无	自旧档汇入	2023-07-05T08:47:08+08:00
崇明	苛(苛)	[空]	khu1(kʰu⁵⁵)	true	khu1	暂无	自旧档汇入	2023-07-05T08:47:08+08:00
崇明	珂(珂)	[空]	khu1(kʰu⁵⁵)	true	khu1	暂无	自旧档汇入	2023-07-05T08:47:08+08:00
崇明	轲(軻)	[空]	khu1(kʰu⁵⁵)	true	khu1	暂无	自旧档汇入	2023-07-05T08:47:08+08:00
崇明	牁(牁)	[空]	khu1(kʰu⁵⁵)	true	khu1	暂无	自旧档汇入	2023-07-05T08:47:08+08:00
崇明	棵(棵)	[空]	khu1(kʰu⁵⁵)	true	khu1	暂无	自旧档汇入	2023-07-05T08:47:08+08:00
崇明	窠(窠)	[空]	khu1(kʰu⁵⁵)	true	khu1	暂无	自旧档汇入	2023-07-05T08:47:08+08:00
崇明	稞(稞)	[空]	khu1(kʰu⁵⁵)	true	khu1	暂无	自旧档汇入	2023-07-05T08:47:08+08:00
崇明	颗(顆)	[空]	khu1(kʰu⁵⁵)	true	khu1	暂无	自旧档汇入	2023-07-05T08:47:08+08:00
崇明	库(庫)	仓~	khu1(kʰu⁵⁵)	true	khu1	暂无	自旧档汇入	2023-07-05T08:47:08+08:00
崇明	枯(枯)	[空]	khu1(kʰu⁵⁵)	true	khu1	暂无	自旧档汇入	2023-07-05T08:47:08+08:00
崇明	骷(骷)	[空]	khu1(kʰu⁵⁵)	true	khu1	暂无	自旧档汇入	2023-07-05T08:47:08+08:00
崇明	箍(箍)	~锭(把纸钱扎在一起)	khu1(kʰu⁵⁵)	true	khu1	暂无	自旧档汇入	2023-07-05T08:47:08+08:00
崇明	苦(苦)	[空]	khu3(kʰu⁴²⁴)	true	khu3	暂无	自旧档汇入	2023-07-05T08:47:08+08:00
崇明	可(可)	[空]	khu3(kʰu⁴²⁴)	true	khu3	暂无	自旧档汇入	2023-07-05T08:47:08+08:00
崇明	课(課)	[空]	khu5(kʰu³³)	true	khu5	暂无	自旧档汇入	2023-07-05T08:47:08+08:00
崇明	库(庫)	扎纸~(烧给死者的房子等家用物品叫库)	khu5(kʰu³³)	true	khu5	暂无	自旧档汇入	2023-07-05T08:47:08+08:00
崇明	裤(褲)	棉~	khu5(kʰu³³)	true	khu5	暂无	自旧档汇入	2023-07-05T08:47:08+08:00
崇明	咕(咕)	形容词词尾：活~~(鼓胀的样子)	gu4(gu²⁴²)	true	gu4	暂无	自旧档汇入	2023-07-05T08:47:08+08:00
崇明	呼(呼)	[空]	hu1(hu⁵⁵)	true	hu1	暂无	自旧档汇入	2023-07-05T08:47:08+08:00
崇明	乎(乎)	之~者也	hu1(hu⁵⁵)	true	hu1	暂无	自旧档汇入	2023-07-05T08:47:08+08:00
崇明	呵(呵)	~斥	hu1(hu⁵⁵)	true	hu1	暂无	自旧档汇入	2023-07-05T08:47:08+08:00
崇明	呵(呵)	呀~嗨	hu1(hu⁵⁵)	true	hu1	暂无	自旧档汇入	2023-07-05T08:47:08+08:00
崇明	伙(夥)	小~子(男青年)	hu1(hu⁵⁵)	true	hu1	暂无	自旧档汇入	2023-07-05T08:47:08+08:00
崇明	虎(虎)	马~	hu1(hu⁵⁵)	true	hu1	暂无	自旧档汇入	2023-07-05T08:47:08+08:00
崇明	浒(滸)	[空]	hu3(hu⁴²⁴)	true	hu3	暂无	自旧档汇入	2023-07-05T08:47:08+08:00
崇明	虎(虎)	[空]	hu3(hu⁴²⁴)	true	hu3	暂无	自旧档汇入	2023-07-05T08:47:08+08:00
崇明	唬(唬)	[空]	hu3(hu⁴²⁴)	true	hu3	暂无	自旧档汇入	2023-07-05T08:47:08+08:00
崇明	戽(戽)	[空]	hu3(hu⁴²⁴)	true	hu3	暂无	自旧档汇入	2023-07-05T08:47:08+08:00
崇明	伙(夥)	~计	hu3(hu⁴²⁴)	true	hu3	暂无	自旧档汇入	2023-07-05T08:47:08+08:00
崇明	火(火)	[空]	hu3(hu⁴²⁴)	true	hu3	暂无	自旧档汇入	2023-07-05T08:47:08+08:00
崇明	脯(脯)	鱼~	hu3(hu⁴²⁴)	true	hu3	暂无	自旧档汇入	2023-07-05T08:47:08+08:00
崇明	货(貨)	[空]	hu5(hu³³)	true	hu5	暂无	自旧档汇入	2023-07-05T08:47:08+08:00
崇明	荷(荷)	薄~	hu5(hu³³)	true	hu5	暂无	自旧档汇入	2023-07-05T08:47:08+08:00
崇明	和(和)	~气	ghu2(hɦu²⁴)	true	ghu2	暂无	自旧档汇入	2023-07-05T08:47:08+08:00
崇明	河(河)	[空]	ghu2(hɦu²⁴)	true	ghu2	暂无	自旧档汇入	2023-07-05T08:47:08+08:00
崇明	禾(禾)	[空]	ghu2(hɦu²⁴)	true	ghu2	暂无	自旧档汇入	2023-07-05T08:47:08+08:00
崇明	何(何)	姓	ghu2(hɦu²⁴)	true	ghu2	暂无	自旧档汇入	2023-07-05T08:47:08+08:00
崇明	荷(荷)	~花	ghu2(hɦu²⁴)	true	ghu2	暂无	自旧档汇入	2023-07-05T08:47:08+08:00
崇明	龢(龢)	[空]	ghu2(hɦu²⁴)	true	ghu2	暂无	自旧档汇入	2023-07-05T08:47:08+08:00
崇明	祸(禍)	[空]	ghu4(hɦu²⁴²)	true	ghu4	暂无	自旧档汇入	2023-07-05T08:47:08+08:00
崇明	贺(賀)	[空]	ghu6(hɦu³¹³)	true	ghu6	暂无	自旧档汇入	2023-07-05T08:47:08+08:00
崇明	和(和)	~勒一淘(混在一起)	ghu6(hɦu³¹³)	true	ghu6	暂无	自旧档汇入	2023-07-05T08:47:08+08:00
崇明	乌(烏)	[空]	u1(u⁵⁵)	true	u1	暂无	自旧档汇入	2023-07-05T08:47:08+08:00
崇明	钨(鎢)	[空]	u1(u⁵⁵)	true	u1	暂无	自旧档汇入	2023-07-05T08:47:08+08:00
崇明	坞(塢)	[空]	u1(u⁵⁵)	true	u1	暂无	自旧档汇入	2023-07-05T08:47:08+08:00
崇明	邬(鄔)	[空]	u1(u⁵⁵)	true	u1	暂无	自旧档汇入	2023-07-05T08:47:08+08:00
崇明	呜(嗚)	[空]	u1(u⁵⁵)	true	u1	暂无	自旧档汇入	2023-07-05T08:47:08+08:00
崇明	五(五)	文读	u1(u⁵⁵)	true	u1	暂无	自旧档汇入	2023-07-05T08:47:08+08:00
崇明	乎(乎)	弗在~	u1(u⁵⁵)	true	u1	暂无	自旧档汇入	2023-07-05T08:47:08+08:00
崇明	污(汙)	[空]	u1(u⁵⁵)	true	u1	暂无	自旧档汇入	2023-07-05T08:47:08+08:00
崇明	恶(惡)	厌~	u1(u⁵⁵)	true	u1	暂无	自旧档汇入	2023-07-05T08:47:08+08:00
崇明	倭(倭)	[空]	u1(u⁵⁵)	true	u1	暂无	自旧档汇入	2023-07-05T08:47:08+08:00
崇明	涡(渦)	旋~	u1(u⁵⁵)	true	u1	暂无	自旧档汇入	2023-07-05T08:47:08+08:00
崇明	毋(毋)	[空]	u1(u⁵⁵)	true	u1	暂无	自旧档汇入	2023-07-05T08:47:08+08:00
崇明	恶(惡)	粪	u5(u³³)	true	u5	暂无	自旧档汇入	2023-07-05T08:47:08+08:00
崇明	莴(萵)	~笋	u5(u³³)	true	u5	暂无	自旧档汇入	2023-07-05T08:47:08+08:00
崇明	捂(捂)	[空]	u5(u³³)	true	u5	暂无	自旧档汇入	2023-07-05T08:47:08+08:00
崇明	户(戶)	~槛(门坎)	u5(u³³)	true	u5	暂无	自旧档汇入	2023-07-05T08:47:08+08:00
崇明	吴(吳)	~越	wu2(ɦu²⁴)	true	wu2	暂无	自旧档汇入	2023-07-05T08:47:08+08:00
崇明	胡(胡)	[空]	wu2(ɦu²⁴)	true	wu2	暂无	自旧档汇入	2023-07-05T08:47:08+08:00
崇明	胡(胡)	[空]	wu2(ɦu²⁴)	true	wu2	暂无	自旧档汇入	2023-07-05T08:47:08+08:00
崇明	糊(糊)	[空]	wu2(ɦu²⁴)	true	wu2	暂无	自旧档汇入	2023-07-05T08:47:08+08:00
崇明	蝴(蝴)	[空]	wu2(ɦu²⁴)	true	wu2	暂无	自旧档汇入	2023-07-05T08:47:08+08:00
崇明	葫(葫)	[空]	wu2(ɦu²⁴)	true	wu2	暂无	自旧档汇入	2023-07-05T08:47:08+08:00
崇明	猢(猢)	[空]	wu2(ɦu²⁴)	true	wu2	暂无	自旧档汇入	2023-07-05T08:47:08+08:00
崇明	湖(湖)	[空]	wu2(ɦu²⁴)	true	wu2	暂无	自旧档汇入	2023-07-05T08:47:08+08:00
崇明	扈(扈)	[空]	wu2(ɦu²⁴)	true	wu2	暂无	自旧档汇入	2023-07-05T08:47:08+08:00
崇明	沪(滬)	[空]	wu2(ɦu²⁴)	true	wu2	暂无	自旧档汇入	2023-07-05T08:47:08+08:00
崇明	狐(狐)	[空]	wu2(ɦu²⁴)	true	wu2	暂无	自旧档汇入	2023-07-05T08:47:08+08:00
崇明	壶(壺)	[空]	wu2(ɦu²⁴)	true	wu2	暂无	自旧档汇入	2023-07-05T08:47:08+08:00
崇明	垩(堊)	[空]	wu2(ɦu²⁴)	true	wu2	暂无	自旧档汇入	2023-07-05T08:47:08+08:00
崇明	讹(訛)	以~传~	wu2(ɦu²⁴)	true	wu2	暂无	自旧档汇入	2023-07-05T08:47:08+08:00
崇明	户(戶)	[空]	wu6(ɦu³¹³)	true	wu6	暂无	自旧档汇入	2023-07-05T08:47:08+08:00
崇明	伍(伍)	队~	wu6(ɦu³¹³)	true	wu6	暂无	自旧档汇入	2023-07-05T08:47:08+08:00
崇明	互(互)	[空]	wu6(ɦu³¹³)	true	wu6	暂无	自旧档汇入	2023-07-05T08:47:08+08:00
崇明	护(護)	[空]	wu6(ɦu³¹³)	true	wu6	暂无	自旧档汇入	2023-07-05T08:47:08+08:00
崇明	误(誤)	[空]	wu6(ɦu³¹³)	true	wu6	暂无	自旧档汇入	2023-07-05T08:47:08+08:00
崇明	午(午)	[空]	wu6(ɦu³¹³)	true	wu6	暂无	自旧档汇入	2023-07-05T08:47:08+08:00
崇明	居(居)	文读	ciu1(tɕy⁵⁵)	true	ciu1	暂无	自旧档汇入	2023-07-05T08:47:08+08:00
崇明	车(車)	~马炮	ciu1(tɕy⁵⁵)	true	ciu1	暂无	自旧档汇入	2023-07-05T08:47:08+08:00
崇明	驹(駒)	[空]	ciu1(tɕy⁵⁵)	true	ciu1	暂无	自旧档汇入	2023-07-05T08:47:08+08:00
崇明	锯(鋸)	文读	ciu1(tɕy⁵⁵)	true	ciu1	暂无	自旧档汇入	2023-07-05T08:47:08+08:00
崇明	踞(踞)	[空]	ciu1(tɕy⁵⁵)	true	ciu1	暂无	自旧档汇入	2023-07-05T08:47:08+08:00
崇明	疽(疽)	[空]	ciu1(tɕy⁵⁵)	true	ciu1	暂无	自旧档汇入	2023-07-05T08:47:08+08:00
崇明	矩(矩)	~形	ciu1(tɕy⁵⁵)	true	ciu1	暂无	自旧档汇入	2023-07-05T08:47:08+08:00
崇明	句(句)	[空]	ciu5(tɕy³³)	true	ciu5	暂无	自旧档汇入	2023-07-05T08:47:08+08:00
崇明	矩(矩)	规~	ciu5(tɕy³³)	true	ciu5	暂无	自旧档汇入	2023-07-05T08:47:08+08:00
崇明	据(據)	[空]	ciu5(tɕy³³)	true	ciu5	暂无	自旧档汇入	2023-07-05T08:47:08+08:00
崇明	举(舉)	[空]	ciu5(tɕy³³)	true	ciu5	暂无	自旧档汇入	2023-07-05T08:47:08+08:00
崇明	躯(軀)	[空]	chiu1(tɕʰy⁵⁵)	true	chiu1	暂无	自旧档汇入	2023-07-05T08:47:08+08:00
崇明	觑(覷)	[空]	chiu1(tɕʰy⁵⁵)	true	chiu1	暂无	自旧档汇入	2023-07-05T08:47:08+08:00
崇明	区(區)	文读	chiu1(tɕʰy⁵⁵)	true	chiu1	暂无	自旧档汇入	2023-07-05T08:47:08+08:00
崇明	去(去)	文读	chiu5(tɕʰy³³)	true	chiu5	暂无	自旧档汇入	2023-07-05T08:47:08+08:00
崇明	惧(懼)	[空]	jiu2(dʑy²⁴)	true	jiu2	暂无	自旧档汇入	2023-07-05T08:47:08+08:00
崇明	瞿(瞿)	[空]	jiu2(dʑy²⁴)	true	jiu2	暂无	自旧档汇入	2023-07-05T08:47:08+08:00
崇明	衢(衢)	[空]	jiu2(dʑy²⁴)	true	jiu2	暂无	自旧档汇入	2023-07-05T08:47:08+08:00
崇明	渠(渠)	[空]	jiu2(dʑy²⁴)	true	jiu2	暂无	自旧档汇入	2023-07-05T08:47:08+08:00
崇明	聚(聚)	文读	jiu4(dʑy²⁴²)	true	jiu4	暂无	自旧档汇入	2023-07-05T08:47:08+08:00
崇明	屿(嶼)	文读	jiu4(dʑy²⁴²)	true	jiu4	暂无	自旧档汇入	2023-07-05T08:47:08+08:00
崇明	巨(巨)	[空]	jiu6(dʑy³¹³)	true	jiu6	暂无	自旧档汇入	2023-07-05T08:47:08+08:00
崇明	距(距)	[空]	jiu6(dʑy³¹³)	true	jiu6	暂无	自旧档汇入	2023-07-05T08:47:08+08:00
崇明	具(具)	[空]	jiu6(dʑy³¹³)	true	jiu6	暂无	自旧档汇入	2023-07-05T08:47:08+08:00
崇明	俱(俱)	[空]	jiu6(dʑy³¹³)	true	jiu6	暂无	自旧档汇入	2023-07-05T08:47:08+08:00
崇明	炬(炬)	[空]	jiu6(dʑy³¹³)	true	jiu6	暂无	自旧档汇入	2023-07-05T08:47:08+08:00
崇明	拒(拒)	[空]	jiu6(dʑy³¹³)	true	jiu6	暂无	自旧档汇入	2023-07-05T08:47:08+08:00
崇明	飓(颶)	[空]	jiu6(dʑy³¹³)	true	jiu6	暂无	自旧档汇入	2023-07-05T08:47:08+08:00
崇明	鉅(钜)	[空]	jiu6(dʑy³¹³)	true	jiu6	暂无	自旧档汇入	2023-07-05T08:47:08+08:00
崇明	柩(柩)	文读	jiu6(dʑy³¹³)	true	jiu6	暂无	自旧档汇入	2023-07-05T08:47:08+08:00
崇明	虞(虞)	文读	gniu2(ɦȵy²⁴)	true	gniu2	暂无	自旧档汇入	2023-07-05T08:47:08+08:00
崇明	愚(愚)	文读	gniu2(ɦȵy²⁴)	true	gniu2	暂无	自旧档汇入	2023-07-05T08:47:08+08:00
崇明	娱(娛)	文读	gniu2(ɦȵy²⁴)	true	gniu2	暂无	自旧档汇入	2023-07-05T08:47:08+08:00
崇明	寓(寓)	~言	gniu2(ɦȵy²⁴)	true	gniu2	暂无	自旧档汇入	2023-07-05T08:47:08+08:00
崇明	女(女)	文读	gniu4(ɦȵy²⁴²)	true	gniu4	暂无	自旧档汇入	2023-07-05T08:47:08+08:00
崇明	遇(遇)	文读	gniu6(ɦȵy³¹³)	true	gniu6	暂无	自旧档汇入	2023-07-05T08:47:08+08:00
崇明	语(語)	文读	gniu6(ɦȵy³¹³)	true	gniu6	暂无	自旧档汇入	2023-07-05T08:47:08+08:00
崇明	虚(虛)	文读	shiu1(ɕy⁵⁵)	true	shiu1	暂无	自旧档汇入	2023-07-05T08:47:08+08:00
崇明	墟(墟)	文读	shiu1(ɕy⁵⁵)	true	shiu1	暂无	自旧档汇入	2023-07-05T08:47:08+08:00
崇明	嘘(噓)	给小儿把尿时发的声音	shiu1(ɕy⁵⁵)	true	shiu1	暂无	自旧档汇入	2023-07-05T08:47:08+08:00
崇明	许(許)	文读	shiu3(ɕy⁴²⁴)	true	shiu3	暂无	自旧档汇入	2023-07-05T08:47:08+08:00
崇明	瘀(瘀)	[空]	iu1(y⁵⁵)	true	iu1	暂无	自旧档汇入	2023-07-05T08:47:08+08:00
崇明	淤(淤)	[空]	iu1(y⁵⁵)	true	iu1	暂无	自旧档汇入	2023-07-05T08:47:08+08:00
崇明	羽(羽)	[空]	iu3(y⁴²⁴)	true	iu3	暂无	自旧档汇入	2023-07-05T08:47:08+08:00
崇明	予(予)	[空]	iu3(y⁴²⁴)	true	iu3	暂无	自旧档汇入	2023-07-05T08:47:08+08:00
崇明	与(與)	[空]	iu5(y³³)	true	iu5	暂无	自旧档汇入	2023-07-05T08:47:08+08:00
崇明	于(於)	[空]	iu5(y³³)	true	iu5	暂无	自旧档汇入	2023-07-05T08:47:08+08:00
崇明	禹(禹)	[空]	iu5(y³³)	true	iu5	暂无	自旧档汇入	2023-07-05T08:47:08+08:00
崇明	于(於)	在~	iu5(y³³)	true	iu5	暂无	自旧档汇入	2023-07-05T08:47:08+08:00
崇明	余(餘)	文读	yu2(ɦy²⁴)	true	yu2	暂无	自旧档汇入	2023-07-05T08:47:08+08:00
崇明	余(餘)	文读	yu2(ɦy²⁴)	true	yu2	暂无	自旧档汇入	2023-07-05T08:47:08+08:00
崇明	玙(璵)	王鲁~镇(口语“鲈鱼镇”)	yu2(ɦy²⁴)	true	yu2	暂无	自旧档汇入	2023-07-05T08:47:08+08:00
崇明	于(於)	姓	yu2(ɦy²⁴)	true	yu2	暂无	自旧档汇入	2023-07-05T08:47:08+08:00
崇明	余(餘)	[空]	yu2(ɦy²⁴)	true	yu2	暂无	自旧档汇入	2023-07-05T08:47:08+08:00
崇明	逾(逾)	[空]	yu2(ɦy²⁴)	true	yu2	暂无	自旧档汇入	2023-07-05T08:47:08+08:00
崇明	俞(俞)	[空]	yu2(ɦy²⁴)	true	yu2	暂无	自旧档汇入	2023-07-05T08:47:08+08:00
崇明	踰(踰)	[空]	yu2(ɦy²⁴)	true	yu2	暂无	自旧档汇入	2023-07-05T08:47:08+08:00
崇明	愈(愈)	[空]	yu2(ɦy²⁴)	true	yu2	暂无	自旧档汇入	2023-07-05T08:47:08+08:00
崇明	鱼(魚)	文读	yu2(ɦy²⁴)	true	yu2	暂无	自旧档汇入	2023-07-05T08:47:08+08:00
崇明	渝(渝)	[空]	yu2(ɦy²⁴)	true	yu2	暂无	自旧档汇入	2023-07-05T08:47:08+08:00
崇明	瑜(瑜)	[空]	yu2(ɦy²⁴)	true	yu2	暂无	自旧档汇入	2023-07-05T08:47:08+08:00
崇明	雨(雨)	文读	yu4(ɦy²⁴²)	true	yu4	暂无	自旧档汇入	2023-07-05T08:47:08+08:00
崇明	于(於)	~是	yu4(ɦy²⁴²)	true	yu4	暂无	自旧档汇入	2023-07-05T08:47:08+08:00
崇明	预(預)	文读	yu6(ɦy³¹³)	true	yu6	暂无	自旧档汇入	2023-07-05T08:47:08+08:00
崇明	裕(裕)	文读	yu6(ɦy³¹³)	true	yu6	暂无	自旧档汇入	2023-07-05T08:47:08+08:00
崇明	宇(宇)	[空]	yu6(ɦy³¹³)	true	yu6	暂无	自旧档汇入	2023-07-05T08:47:08+08:00
崇明	御(禦)	[空]	yu6(ɦy³¹³)	true	yu6	暂无	自旧档汇入	2023-07-05T08:47:08+08:00
崇明	豫(豫)	[空]	yu6(ɦy³¹³)	true	yu6	暂无	自旧档汇入	2023-07-05T08:47:08+08:00
崇明	喻(喻)	文读	yu6(ɦy³¹³)	true	yu6	暂无	自旧档汇入	2023-07-05T08:47:08+08:00
崇明	爸(爸)	[空]	pa1(pɑ⁵⁵)	true	pa1	暂无	自旧档汇入	2023-07-05T08:47:08+08:00
崇明	摆(擺)	白读	pa3(pɑ⁴²⁴)	true	pa3	暂无	自旧档汇入	2023-07-05T08:47:08+08:00
崇明	襬(襬)	下~	pa3(pɑ⁴²⁴)	true	pa3	暂无	自旧档汇入	2023-07-05T08:47:08+08:00
崇明	拜(拜)	白读	pa5(pɑ³³)	true	pa5	暂无	自旧档汇入	2023-07-05T08:47:08+08:00
崇明	派(派)	~司牌(扑克牌)	pha1(pʰɑ⁵⁵)	true	pha1	暂无	自旧档汇入	2023-07-05T08:47:08+08:00
崇明	派(派)	白读	pha5(pʰɑ³³)	true	pha5	暂无	自旧档汇入	2023-07-05T08:47:08+08:00
崇明	牌(牌)	[空]	ba2(bɑ²⁴)	true	ba2	暂无	自旧档汇入	2023-07-05T08:47:08+08:00
崇明	排(排)	白读	ba2(bɑ²⁴)	true	ba2	暂无	自旧档汇入	2023-07-05T08:47:08+08:00
崇明	排(排)	~人(拉人)	ba2(bɑ²⁴)	true	ba2	暂无	自旧档汇入	2023-07-05T08:47:08+08:00
崇明	罢(罷)	~得(可以不去)	ba4(bɑ²⁴²)	true	ba4	暂无	自旧档汇入	2023-07-05T08:47:08+08:00
崇明	败(敗)	白读	ba6(bɑ³¹³)	true	ba6	暂无	自旧档汇入	2023-07-05T08:47:08+08:00
崇明	稗(稗)	[空]	ba6(bɑ³¹³)	true	ba6	暂无	自旧档汇入	2023-07-05T08:47:08+08:00
崇明	妈(媽)	[空]	ma1(ʔmɑ⁵⁵)	true	ma1	暂无	自旧档汇入	2023-07-05T08:47:08+08:00
崇明	马(馬)	~虎	ma1(ʔmɑ⁵⁵)	true	ma1	暂无	自旧档汇入	2023-07-05T08:47:08+08:00
崇明	埋(埋)	白读	ma2(ɦmɑ²⁴)	true	ma2	暂无	自旧档汇入	2023-07-05T08:47:08+08:00
崇明	买(買)	白读	ma4(ɦmɑ²⁴²)	true	ma4	暂无	自旧档汇入	2023-07-05T08:47:08+08:00
崇明	卖(賣)	白读	ma6(ɦmɑ³¹³)	true	ma6	暂无	自旧档汇入	2023-07-05T08:47:08+08:00
崇明	多(多)	口语：多时	ta1(tɑ⁵⁵)	true	ta1	暂无	自旧档汇入	2023-07-05T08:47:08+08:00
崇明	带(帶)	白读	ta5(tɑ³³)	true	ta5	暂无	自旧档汇入	2023-07-05T08:47:08+08:00
崇明	戴(戴)	口语：~帽子	ta5(tɑ³³)	true	ta5	暂无	自旧档汇入	2023-07-05T08:47:08+08:00
崇明	拖(拖)	口语：~尾巴	tha1(tʰɑ⁵⁵)	true	tha1	暂无	自旧档汇入	2023-07-05T08:47:08+08:00
崇明	太(太)	口语：~太	tha1(tʰɑ⁵⁵)	true	tha1	暂无	自旧档汇入	2023-07-05T08:47:08+08:00
崇明	泰(泰)	白读	tha5(tʰɑ³³)	true	tha5	暂无	自旧档汇入	2023-07-05T08:47:08+08:00
崇明	太(太)	口语：老太~	tha5(tʰɑ³³)	true	tha5	暂无	自旧档汇入	2023-07-05T08:47:08+08:00
崇明	驮(馱)	挪动，移动；挪借	da2(dɑ²⁴)	true	da2	暂无	自旧档汇入	2023-07-05T08:47:08+08:00
崇明	舵(舵)	口语，车、船等因重心不稳而晃动	da4(dɑ²⁴²)	true	da4	暂无	自旧档汇入	2023-07-05T08:47:08+08:00
崇明	大(大)	~麦	da6(dɑ³¹³)	true	da6	暂无	自旧档汇入	2023-07-05T08:47:08+08:00
崇明	汏(汏)	《广韵》去声豪韵徒盖切“涛汏，说文曰渐㶕也”	da6(dɑ³¹³)	true	da6	暂无	自旧档汇入	2023-07-05T08:47:08+08:00
崇明	那(那)	文读	na1(ʔnɑ⁵⁵)	true	na1	暂无	自旧档汇入	2023-07-05T08:47:08+08:00
崇明	奶(奶)	儿语：奶~(乳头；乳汁)	na1(ʔnɑ⁵⁵)	true	na1	暂无	自旧档汇入	2023-07-05T08:47:08+08:00
崇明	奶(奶)	儿语：奶~(乳头；乳汁)	na3(ʔnɑ⁴²⁴)	true	na3	暂无	自旧档汇入	2023-07-05T08:47:08+08:00
崇明	挪(挪)	[空]	na2(ɦnɑ²⁴)	true	na2	暂无	自旧档汇入	2023-07-05T08:47:08+08:00
崇明	哪(哪)	文读	na4(ɦnɑ²⁴²)	true	na4	暂无	自旧档汇入	2023-07-05T08:47:08+08:00
崇明	奶(奶)	白读	na4(ɦnɑ²⁴²)	true	na4	暂无	自旧档汇入	2023-07-05T08:47:08+08:00
崇明	艿(艿)	白读	na4(ɦnɑ²⁴²)	true	na4	暂无	自旧档汇入	2023-07-05T08:47:08+08:00
崇明	拉(拉)	[空]	la1(ʔlɑ⁵⁵)	true	la1	暂无	自旧档汇入	2023-07-05T08:47:08+08:00
崇明	垃(垃)	文读：~圾	la1(ʔlɑ⁵⁵)	true	la1	暂无	自旧档汇入	2023-07-05T08:47:08+08:00
崇明	拉(拉)	~馋：流口水	la2(ɦlɑ²⁴)	true	la2	暂无	自旧档汇入	2023-07-05T08:47:08+08:00
崇明	拉(拉)	嚎哭的声音：~两声(哭几声)	la2(ɦlɑ²⁴)	true	la2	暂无	自旧档汇入	2023-07-05T08:47:08+08:00
崇明	垃(垃)	~圾	la2(ɦlɑ²⁴)	true	la2	暂无	自旧档汇入	2023-07-05T08:47:08+08:00
崇明	喇(喇)	~叭	la2(ɦlɑ²⁴)	true	la2	暂无	自旧档汇入	2023-07-05T08:47:08+08:00
崇明	攋(攋)	用手指爪爪。《集韵》上声骇韵洛骇切：把攋“	la4(ɦlɑ²⁴²)	true	la4	暂无	自旧档汇入	2023-07-05T08:47:08+08:00
崇明	哪(哪)	口语：~墩(哪里)	la4(ɦlɑ²⁴²)	true	la4	暂无	自旧档汇入	2023-07-05T08:47:08+08:00
崇明	赖(賴)	口语：~皮	la6(ɦlɑ³¹³)	true	la6	暂无	自旧档汇入	2023-07-05T08:47:08+08:00
崇明	癞(癩)	~沟把(癞蛤蟆)	la6(ɦlɑ³¹³)	true	la6	暂无	自旧档汇入	2023-07-05T08:47:08+08:00
崇明	斋(齋)	[空]	tsa1(tsɑ⁵⁵)	true	tsa1	暂无	自旧档汇入	2023-07-05T08:47:08+08:00
崇明	抓(抓)	~住	tsa1(tsɑ⁵⁵)	true	tsa1	暂无	自旧档汇入	2023-07-05T08:47:08+08:00
崇明	爪(爪)	用脚趾扎住地面	tsa3(tsɑ⁴²⁴)	true	tsa3	暂无	自旧档汇入	2023-07-05T08:47:08+08:00
崇明	债(債)	[空]	tsa5(tsɑ³³)	true	tsa5	暂无	自旧档汇入	2023-07-05T08:47:08+08:00
崇明	差(差)	~使	tsha1(tsʰɑ⁵⁵)	true	tsha1	暂无	自旧档汇入	2023-07-05T08:47:08+08:00
崇明	扯(扯)	撕~	tsha1(tsʰɑ⁵⁵)	true	tsha1	暂无	自旧档汇入	2023-07-05T08:47:08+08:00
崇明	扯(扯)	平均分开	tsha3(tsʰɑ⁴²⁴)	true	tsha3	暂无	自旧档汇入	2023-07-05T08:47:08+08:00
崇明	菜(菜)	口语：~烟(土制的旱烟)	tsha3(tsʰɑ⁴²⁴)	true	tsha3	暂无	自旧档汇入	2023-07-05T08:47:08+08:00
崇明	蔡(蔡)	[空]	tsha5(tsʰɑ³³)	true	tsha5	暂无	自旧档汇入	2023-07-05T08:47:08+08:00
崇明	绰(綽)	~号	tsha5(tsʰɑ³³)	true	tsha5	暂无	自旧档汇入	2023-07-05T08:47:08+08:00
崇明	射(射)	坐时臀部往后突出	dza4(dzɑ²⁴²)	true	dza4	暂无	自旧档汇入	2023-07-05T08:47:08+08:00
崇明	射(射)	大小便的动作	dza6(dzɑ³¹³)	true	dza6	暂无	自旧档汇入	2023-07-05T08:47:08+08:00
崇明	筛(篩)	[空]	sa1(sɑ⁵⁵)	true	sa1	暂无	自旧档汇入	2023-07-05T08:47:08+08:00
崇明	洒(灑)	[空]	sa3(sɑ⁴²⁴)	true	sa3	暂无	自旧档汇入	2023-07-05T08:47:08+08:00
崇明	傻(傻)	[空]	sa3(sɑ⁴²⁴)	true	sa3	暂无	自旧档汇入	2023-07-05T08:47:08+08:00
崇明	啥(啥)	[空]	sa5(sɑ³³)	true	sa5	暂无	自旧档汇入	2023-07-05T08:47:08+08:00
崇明	柴(柴)	[空]	za2(zɑ²⁴)	true	za2	暂无	自旧档汇入	2023-07-05T08:47:08+08:00
崇明	惹(惹)	[空]	za4(zɑ²⁴²)	true	za4	暂无	自旧档汇入	2023-07-05T08:47:08+08:00
崇明	麝(麝)	~香	za6(zɑ³¹³)	true	za6	暂无	自旧档汇入	2023-07-05T08:47:08+08:00
崇明	射(射)	秋~~(形容秋天的细雨)	za6(zɑ³¹³)	true	za6	暂无	自旧档汇入	2023-07-05T08:47:08+08:00
崇明	家(家)	白读	ka1(kɑ⁵⁵)	true	ka1	暂无	自旧档汇入	2023-07-05T08:47:08+08:00
崇明	加(加)	白读	ka1(kɑ⁵⁵)	true	ka1	暂无	自旧档汇入	2023-07-05T08:47:08+08:00
崇明	皆(皆)	白读	ka1(kɑ⁵⁵)	true	ka1	暂无	自旧档汇入	2023-07-05T08:47:08+08:00
崇明	街(街)	[空]	ka1(kɑ⁵⁵)	true	ka1	暂无	自旧档汇入	2023-07-05T08:47:08+08:00
崇明	阶(階)	[空]	ka1(kɑ⁵⁵)	true	ka1	暂无	自旧档汇入	2023-07-05T08:47:08+08:00
崇明	嘉(嘉)	~定(地名)	ka1(kɑ⁵⁵)	true	ka1	暂无	自旧档汇入	2023-07-05T08:47:08+08:00
崇明	枷(枷)	白读	ka1(kɑ⁵⁵)	true	ka1	暂无	自旧档汇入	2023-07-05T08:47:08+08:00
崇明	假(假)	真~	ka3(kɑ⁴²⁴)	true	ka3	暂无	自旧档汇入	2023-07-05T08:47:08+08:00
崇明	解(解)	解一个结	ka3(kɑ⁴²⁴)	true	ka3	暂无	自旧档汇入	2023-07-05T08:47:08+08:00
崇明	戒(戒)	白读	ka3(kɑ⁴²⁴)	true	ka3	暂无	自旧档汇入	2023-07-05T08:47:08+08:00
崇明	假(假)	请~	ka5(kɑ³³)	true	ka5	暂无	自旧档汇入	2023-07-05T08:47:08+08:00
崇明	架(架)	白读	ka5(kɑ³³)	true	ka5	暂无	自旧档汇入	2023-07-05T08:47:08+08:00
崇明	嫁(嫁)	白读	ka5(kɑ³³)	true	ka5	暂无	自旧档汇入	2023-07-05T08:47:08+08:00
崇明	价(價)	白读	ka5(kɑ³³)	true	ka5	暂无	自旧档汇入	2023-07-05T08:47:08+08:00
崇明	解(解)	押解	ka5(kɑ³³)	true	ka5	暂无	自旧档汇入	2023-07-05T08:47:08+08:00
崇明	介(介)	白读	ka5(kɑ³³)	true	ka5	暂无	自旧档汇入	2023-07-05T08:47:08+08:00
崇明	界(界)	白读	ka5(kɑ³³)	true	ka5	暂无	自旧档汇入	2023-07-05T08:47:08+08:00
崇明	届(屆)	白读	ka5(kɑ³³)	true	ka5	暂无	自旧档汇入	2023-07-05T08:47:08+08:00
崇明	尬(尬)	尴~	ka5(kɑ³³)	true	ka5	暂无	自旧档汇入	2023-07-05T08:47:08+08:00
崇明	咖(咖)	~啡	kha1(kʰɑ⁵⁵)	true	kha1	暂无	自旧档汇入	2023-07-05T08:47:08+08:00
崇明	楷(楷)	大~小~	kha1(kʰɑ⁵⁵)	true	kha1	暂无	自旧档汇入	2023-07-05T08:47:08+08:00
崇明	揩(揩)	[空]	kha1(kʰɑ⁵⁵)	true	kha1	暂无	自旧档汇入	2023-07-05T08:47:08+08:00
崇明	卡(卡)	卡片	kha1(kʰɑ⁵⁵)	true	kha1	暂无	自旧档汇入	2023-07-05T08:47:08+08:00
崇明	卡(卡)	~住	kha3(kʰɑ⁴²⁴)	true	kha3	暂无	自旧档汇入	2023-07-05T08:47:08+08:00
崇明	快(快)	~活	kha3(kʰɑ⁴²⁴)	true	kha3	暂无	自旧档汇入	2023-07-05T08:47:08+08:00
崇明	茄(茄)	[空]	ga2(gɑ²⁴)	true	ga2	暂无	自旧档汇入	2023-07-05T08:47:08+08:00
崇明	秸(秸)	[空]	ga2(gɑ²⁴)	true	ga2	暂无	自旧档汇入	2023-07-05T08:47:08+08:00
崇明	枷(枷)	磨、擦	ga2(gɑ²⁴)	true	ga2	暂无	自旧档汇入	2023-07-05T08:47:08+08:00
崇明	芥(芥)	~末	ga2(gɑ²⁴)	true	ga2	暂无	自旧档汇入	2023-07-05T08:47:08+08:00
崇明	懈(懈)	松懈。俗写字。声音是《广韵》上声蟹韵求蟹切的拐。	ga4(gɑ²⁴²)	true	ga4	暂无	自旧档汇入	2023-07-05T08:47:08+08:00
崇明	个(個)	句末疑问词：你~(你的吗？)	ga4(gɑ²⁴²)	true	ga4	暂无	自旧档汇入	2023-07-05T08:47:08+08:00
崇明	拐(拐)	身体的关节处。《广韵》上声蟹韵求蟹切“手脚之物枝也”	ga6(gɑ³¹³)	true	ga6	暂无	自旧档汇入	2023-07-05T08:47:08+08:00
崇明	拐(拐)	硬挤入	ga6(gɑ³¹³)	true	ga6	暂无	自旧档汇入	2023-07-05T08:47:08+08:00
崇明	捱(捱)	紧挨着	nga1(ʔŋɑ⁵⁵)	true	nga1	暂无	自旧档汇入	2023-07-05T08:47:08+08:00
崇明	牙(牙)	[空]	nga2(ŋɑ²⁴)	true	nga2	暂无	自旧档汇入	2023-07-05T08:47:08+08:00
崇明	芽(芽)	[空]	nga2(ŋɑ²⁴)	true	nga2	暂无	自旧档汇入	2023-07-05T08:47:08+08:00
崇明	衙(衙)	[空]	nga2(ŋɑ²⁴)	true	nga2	暂无	自旧档汇入	2023-07-05T08:47:08+08:00
崇明	外(外)	~面	nga4(ŋɑ²⁴²)	true	nga4	暂无	自旧档汇入	2023-07-05T08:47:08+08:00
崇明	外(外)	~食(馋人家的食物)	nga6(ŋɑ³¹³)	true	nga6	暂无	自旧档汇入	2023-07-05T08:47:08+08:00
崇明	哈(哈)	~~笑	ha1(hɑ⁵⁵)	true	ha1	暂无	自旧档汇入	2023-07-05T08:47:08+08:00
崇明	哈(哈)	疑问词，单独成句	ha1(hɑ⁵⁵)	true	ha1	暂无	自旧档汇入	2023-07-05T08:47:08+08:00
崇明	呵(呵)	~气	ha1(hɑ⁵⁵)	true	ha1	暂无	自旧档汇入	2023-07-05T08:47:08+08:00
崇明	花(花)	~碎(划破皮肤)	ha1(hɑ⁵⁵)	true	ha1	暂无	自旧档汇入	2023-07-05T08:47:08+08:00
崇明	蟹(蟹)	[空]	ha3(hɑ⁴²⁴)	true	ha3	暂无	自旧档汇入	2023-07-05T08:47:08+08:00
崇明	何(何)	吃~(吃什么)	ha5(hɑ³³)	true	ha5	暂无	自旧档汇入	2023-07-05T08:47:08+08:00
崇明	鞋(鞋)	[空]	gha2(hɦɑ²⁴)	true	gha2	暂无	自旧档汇入	2023-07-05T08:47:08+08:00
崇明	何(何)	~物事(什么东西)	gha4(hɦɑ²⁴²)	true	gha4	暂无	自旧档汇入	2023-07-05T08:47:08+08:00
崇明	挨(挨)	[空]	a1(ɑ⁵⁵)	true	a1	暂无	自旧档汇入	2023-07-05T08:47:08+08:00
崇明	捱(捱)	文读	a1(ɑ⁵⁵)	true	a1	暂无	自旧档汇入	2023-07-05T08:47:08+08:00
崇明	矮(矮)	特别的连读调：~凳	a1(ɑ⁵⁵)	true	a1	暂无	自旧档汇入	2023-07-05T08:47:08+08:00
崇明	矮(矮)	[空]	a3(ɑ⁴²⁴)	true	a3	暂无	自旧档汇入	2023-07-05T08:47:08+08:00
崇明	阿(阿)	~婆(称姥姥或奶奶)	a3(ɑ⁴²⁴)	true	a3	暂无	自旧档汇入	2023-07-05T08:47:08+08:00
崇明	压(壓)	[空]	a5(ɑ³³)	true	a5	暂无	自旧档汇入	2023-07-05T08:47:08+08:00
崇明	也(也)	我~去	a6(ɦɑ³¹³)	true	a6	暂无	自旧档汇入	2023-07-05T08:47:08+08:00
崇明	爹(爹)	[空]	tia1(tiɑ⁵⁵)	true	tia1	暂无	自旧档汇入	2023-07-05T08:47:08+08:00
崇明	嗲(嗲)	[空]	tia3(tiɑ⁴²⁴)	true	tia3	暂无	自旧档汇入	2023-07-05T08:47:08+08:00
崇明	家(家)	文读	cia1(tɕiɑ⁵⁵)	true	cia1	暂无	自旧档汇入	2023-07-05T08:47:08+08:00
崇明	加(加)	文读	cia1(tɕiɑ⁵⁵)	true	cia1	暂无	自旧档汇入	2023-07-05T08:47:08+08:00
崇明	皆(皆)	文读	cia1(tɕiɑ⁵⁵)	true	cia1	暂无	自旧档汇入	2023-07-05T08:47:08+08:00
崇明	嘉(嘉)	~奖	cia1(tɕiɑ⁵⁵)	true	cia1	暂无	自旧档汇入	2023-07-05T08:47:08+08:00
崇明	枷(枷)	文读	cia1(tɕiɑ⁵⁵)	true	cia1	暂无	自旧档汇入	2023-07-05T08:47:08+08:00
崇明	假(假)	文读，真~	cia3(tɕiɑ⁴²⁴)	true	cia3	暂无	自旧档汇入	2023-07-05T08:47:08+08:00
崇明	解(解)	文读，~放	cia3(tɕiɑ⁴²⁴)	true	cia3	暂无	自旧档汇入	2023-07-05T08:47:08+08:00
崇明	戒(戒)	文读	cia3(tɕiɑ⁴²⁴)	true	cia3	暂无	自旧档汇入	2023-07-05T08:47:08+08:00
崇明	姐(姐)	[空]	cia3(tɕiɑ⁴²⁴)	true	cia3	暂无	自旧档汇入	2023-07-05T08:47:08+08:00
崇明	假(假)	文读，请~	cia5(tɕiɑ³³)	true	cia5	暂无	自旧档汇入	2023-07-05T08:47:08+08:00
崇明	架(架)	文读	cia5(tɕiɑ³³)	true	cia5	暂无	自旧档汇入	2023-07-05T08:47:08+08:00
崇明	嫁(嫁)	文读	cia5(tɕiɑ³³)	true	cia5	暂无	自旧档汇入	2023-07-05T08:47:08+08:00
崇明	价(價)	文读	cia5(tɕiɑ³³)	true	cia5	暂无	自旧档汇入	2023-07-05T08:47:08+08:00
崇明	解(解)	文读：押~	cia5(tɕiɑ³³)	true	cia5	暂无	自旧档汇入	2023-07-05T08:47:08+08:00
崇明	介(介)	文读	cia5(tɕiɑ³³)	true	cia5	暂无	自旧档汇入	2023-07-05T08:47:08+08:00
崇明	界(界)	文读	cia5(tɕiɑ³³)	true	cia5	暂无	自旧档汇入	2023-07-05T08:47:08+08:00
崇明	届(屆)	文读	cia5(tɕiɑ³³)	true	cia5	暂无	自旧档汇入	2023-07-05T08:47:08+08:00
崇明	借(借)	[空]	cia5(tɕiɑ³³)	true	cia5	暂无	自旧档汇入	2023-07-05T08:47:08+08:00
崇明	笡(笡)	~头：歪头《广韵》去声韵迁谢切：斜逆也。崇明话读阴平调	chia1(tɕʰiɑ⁵⁵)	true	chia1	暂无	自旧档汇入	2023-07-05T08:47:08+08:00
崇明	且(且)	~勒(等到)	chia5(tɕʰiɑ³³)	true	chia5	暂无	自旧档汇入	2023-07-05T08:47:08+08:00
崇明	斜(斜)	~勾(扑克牌J)	jia2(dʑiɑ²⁴)	true	jia2	暂无	自旧档汇入	2023-07-05T08:47:08+08:00
崇明	邪(邪)	~人头(能干的人)	jia2(dʑiɑ²⁴)	true	jia2	暂无	自旧档汇入	2023-07-05T08:47:08+08:00
崇明	蹃(蹃)	避让。《集韵》上声马韵尔者切：“蹃，䠚蹃，距地用力也”(和惹的反切相同)	gnia4(ɦȵiɑ²⁴²)	true	gnia4	暂无	自旧档汇入	2023-07-05T08:47:08+08:00
崇明	写(寫)	[空]	shia3(ɕiɑ⁴²⁴)	true	shia3	暂无	自旧档汇入	2023-07-05T08:47:08+08:00
崇明	泻(瀉)	[空]	shia5(ɕiɑ³³)	true	shia5	暂无	自旧档汇入	2023-07-05T08:47:08+08:00
崇明	卸(卸)	[空]	shia5(ɕiɑ³³)	true	shia5	暂无	自旧档汇入	2023-07-05T08:47:08+08:00
崇明	斜(斜)	[空]	zhia2(ʑiɑ²⁴)	true	zhia2	暂无	自旧档汇入	2023-07-05T08:47:08+08:00
崇明	邪(邪)	[空]	zhia2(ʑiɑ²⁴)	true	zhia2	暂无	自旧档汇入	2023-07-05T08:47:08+08:00
崇明	谢(謝)	[空]	zhia6(ʑiɑ³¹³)	true	zhia6	暂无	自旧档汇入	2023-07-05T08:47:08+08:00
崇明	耶(耶)	~酥	ia1(iɑ⁵⁵)	true	ia1	暂无	自旧档汇入	2023-07-05T08:47:08+08:00
崇明	野(野)	回避远去	ia1(iɑ⁵⁵)	true	ia1	暂无	自旧档汇入	2023-07-05T08:47:08+08:00
崇明	崖(崖)	[空]	ia1(iɑ⁵⁵)	true	ia1	暂无	自旧档汇入	2023-07-05T08:47:08+08:00
崇明	涯(涯)	[空]	ia1(iɑ⁵⁵)	true	ia1	暂无	自旧档汇入	2023-07-05T08:47:08+08:00
崇明	椰(椰)	[空]	ia1(iɑ⁵⁵)	true	ia1	暂无	自旧档汇入	2023-07-05T08:47:08+08:00
崇明	霞(霞)	[空]	ia1(iɑ⁵⁵)	true	ia1	暂无	自旧档汇入	2023-07-05T08:47:08+08:00
崇明	暇(暇)	[空]	ia1(iɑ⁵⁵)	true	ia1	暂无	自旧档汇入	2023-07-05T08:47:08+08:00
崇明	瑕(瑕)	[空]	ia1(iɑ⁵⁵)	true	ia1	暂无	自旧档汇入	2023-07-05T08:47:08+08:00
崇明	丫(丫)	文读	ia1(iɑ⁵⁵)	true	ia1	暂无	自旧档汇入	2023-07-05T08:47:08+08:00
崇明	鸦(鴉)	[空]	ia1(iɑ⁵⁵)	true	ia1	暂无	自旧档汇入	2023-07-05T08:47:08+08:00
崇明	雅(雅)	[空]	ia3(iɑ⁴²⁴)	true	ia3	暂无	自旧档汇入	2023-07-05T08:47:08+08:00
崇明	亚(亞)	[空]	ia5(iɑ³³)	true	ia5	暂无	自旧档汇入	2023-07-05T08:47:08+08:00
崇明	耶(耶)	~稣	ya2(ɦiɑ²⁴)	true	ya2	暂无	自旧档汇入	2023-07-05T08:47:08+08:00
崇明	野(野)	白读	ya4(ɦiɑ²⁴²)	true	ya4	暂无	自旧档汇入	2023-07-05T08:47:08+08:00
崇明	也(也)	白读	ya4(ɦiɑ²⁴²)	true	ya4	暂无	自旧档汇入	2023-07-05T08:47:08+08:00
崇明	下(下)	文读	ya4(ɦiɑ²⁴²)	true	ya4	暂无	自旧档汇入	2023-07-05T08:47:08+08:00
崇明	夜(夜)	白读	ya6(ɦiɑ³¹³)	true	ya6	暂无	自旧档汇入	2023-07-05T08:47:08+08:00
崇明	下(下)	文读	ya6(ɦiɑ³¹³)	true	ya6	暂无	自旧档汇入	2023-07-05T08:47:08+08:00
崇明	夏(夏)	文读	ya6(ɦiɑ³¹³)	true	ya6	暂无	自旧档汇入	2023-07-05T08:47:08+08:00
崇明	厦(廈)	文读	ya6(ɦiɑ³¹³)	true	ya6	暂无	自旧档汇入	2023-07-05T08:47:08+08:00
崇明	乖(乖)	白读	kua1(kuɑ⁵⁵)	true	kua1	暂无	自旧档汇入	2023-07-05T08:47:08+08:00
崇明	拐(拐)	~骗	kua3(kuɑ⁴²⁴)	true	kua3	暂无	自旧档汇入	2023-07-05T08:47:08+08:00
崇明	拐(拐)	[空]	kua3(kuɑ⁴²⁴)	true	kua3	暂无	自旧档汇入	2023-07-05T08:47:08+08:00
崇明	怪(怪)	白读	kua5(kuɑ³³)	true	kua5	暂无	自旧档汇入	2023-07-05T08:47:08+08:00
崇明	快(快)	白读	khua5(kʰuɑ³³)	true	khua5	暂无	自旧档汇入	2023-07-05T08:47:08+08:00
崇明	拐(拐)	~脚子(瘸子)《广韵》上声蟹韵求蟹切：手指之物枝也”	gua4(guɑ²⁴²)	true	gua4	暂无	自旧档汇入	2023-07-05T08:47:08+08:00
崇明	竵(竵)	歪	hua1(huɑ⁵⁵)	true	hua1	暂无	自旧档汇入	2023-07-05T08:47:08+08:00
崇明	竵(竵)	歪。偏斜开去	hua3(huɑ⁴²⁴)	true	hua3	暂无	自旧档汇入	2023-07-05T08:47:08+08:00
崇明	歪(歪)	[空]	ua1(uɑ⁵⁵)	true	ua1	暂无	自旧档汇入	2023-07-05T08:47:08+08:00
崇明	娃(娃)	娃~	ua1(uɑ⁵⁵)	true	ua1	暂无	自旧档汇入	2023-07-05T08:47:08+08:00
崇明	哇(哇)	[空]	ua1(uɑ⁵⁵)	true	ua1	暂无	自旧档汇入	2023-07-05T08:47:08+08:00
崇明	洼(窪)	[空]	ua1(uɑ⁵⁵)	true	ua1	暂无	自旧档汇入	2023-07-05T08:47:08+08:00
崇明	娃(娃)	娃~	ua3(uɑ⁴²⁴)	true	ua3	暂无	自旧档汇入	2023-07-05T08:47:08+08:00
崇明	哇(哇)	象声词：~~叫	wa2(ɦuɑ²⁴)	true	wa2	暂无	自旧档汇入	2023-07-05T08:47:08+08:00
崇明	淮(淮)	白读	wa2(ɦuɑ²⁴)	true	wa2	暂无	自旧档汇入	2023-07-05T08:47:08+08:00
崇明	槐(槐)	白读	wa2(ɦuɑ²⁴)	true	wa2	暂无	自旧档汇入	2023-07-05T08:47:08+08:00
崇明	哇(哇)	象声词：~啦~啦(大声嚷嚷)	wa4(ɦuɑ²⁴²)	true	wa4	暂无	自旧档汇入	2023-07-05T08:47:08+08:00
崇明	坏(壞)	白读	wa6(ɦuɑ³¹³)	true	wa6	暂无	自旧档汇入	2023-07-05T08:47:08+08:00
崇明	盦(盦)	头发~起子(头发遮掩额头的样子)，《广韵》平声覃韵乌含切：“说文曰覆盖也”	e1(e⁵⁵)	true	e1	暂无	自旧档汇入	2023-07-05T08:47:08+08:00
崇明	掩(掩)	[空]	e3(e⁴²⁴)	true	e3	暂无	自旧档汇入	2023-07-05T08:47:08+08:00
崇明	咽(咽)	饭~下去	e5(e³³)	true	e5	暂无	自旧档汇入	2023-07-05T08:47:08+08:00
崇明	淹(淹)	[空]	e5(e³³)	true	e5	暂无	自旧档汇入	2023-07-05T08:47:08+08:00
崇明	俺(俺)	[空]	e5(e³³)	true	e5	暂无	自旧档汇入	2023-07-05T08:47:08+08:00
崇明	暗(暗)	[空]	e5(e³³)	true	e5	暂无	自旧档汇入	2023-07-05T08:47:08+08:00
崇明	庵(庵)	[空]	e5(e³³)	true	e5	暂无	自旧档汇入	2023-07-05T08:47:08+08:00
崇明	黯(黯)	[空]	e5(e³³)	true	e5	暂无	自旧档汇入	2023-07-05T08:47:08+08:00
崇明	谙(諳)	[空]	e5(e³³)	true	e5	暂无	自旧档汇入	2023-07-05T08:47:08+08:00
崇明	编(編)	[空]	pie1(pie⁵⁵)	true	pie1	暂无	自旧档汇入	2023-07-05T08:47:08+08:00
崇明	边(邊)	[空]	pie1(pie⁵⁵)	true	pie1	暂无	自旧档汇入	2023-07-05T08:47:08+08:00
崇明	遍(遍)	[空]	pie1(pie⁵⁵)	true	pie1	暂无	自旧档汇入	2023-07-05T08:47:08+08:00
崇明	鞭(鞭)	[空]	pie1(pie⁵⁵)	true	pie1	暂无	自旧档汇入	2023-07-05T08:47:08+08:00
崇明	煸(煸)	[空]	pie1(pie⁵⁵)	true	pie1	暂无	自旧档汇入	2023-07-05T08:47:08+08:00
崇明	搬(搬)	[空]	pie1(pie⁵⁵)	true	pie1	暂无	自旧档汇入	2023-07-05T08:47:08+08:00
崇明	扁(扁)	[空]	pie3(pie⁴²⁴)	true	pie3	暂无	自旧档汇入	2023-07-05T08:47:08+08:00
崇明	匾(匾)	[空]	pie3(pie⁴²⁴)	true	pie3	暂无	自旧档汇入	2023-07-05T08:47:08+08:00
崇明	蝙(蝙)	[空]	pie3(pie⁴²⁴)	true	pie3	暂无	自旧档汇入	2023-07-05T08:47:08+08:00
崇明	变(變)	[空]	pie5(pie³³)	true	pie5	暂无	自旧档汇入	2023-07-05T08:47:08+08:00
崇明	半(半)	[空]	pie5(pie³³)	true	pie5	暂无	自旧档汇入	2023-07-05T08:47:08+08:00
崇明	笾(籩)	[空]	pie5(pie³³)	true	pie5	暂无	自旧档汇入	2023-07-05T08:47:08+08:00
崇明	徧(徧)	[空]	phie1(pʰie⁵⁵)	true	phie1	暂无	自旧档汇入	2023-07-05T08:47:08+08:00
崇明	偏(偏)	[空]	phie1(pʰie⁵⁵)	true	phie1	暂无	自旧档汇入	2023-07-05T08:47:08+08:00
崇明	篇(篇)	[空]	phie1(pʰie⁵⁵)	true	phie1	暂无	自旧档汇入	2023-07-05T08:47:08+08:00
崇明	翩(翩)	[空]	phie1(pʰie⁵⁵)	true	phie1	暂无	自旧档汇入	2023-07-05T08:47:08+08:00
崇明	潘(潘)	[空]	phie1(pʰie⁵⁵)	true	phie1	暂无	自旧档汇入	2023-07-05T08:47:08+08:00
崇明	片(片)	[空]	phie5(pʰie³³)	true	phie5	暂无	自旧档汇入	2023-07-05T08:47:08+08:00
崇明	骗(騙)	[空]	phie5(pʰie³³)	true	phie5	暂无	自旧档汇入	2023-07-05T08:47:08+08:00
崇明	便(便)	~宜	bie2(bie²⁴)	true	bie2	暂无	自旧档汇入	2023-07-05T08:47:08+08:00
崇明	骈(駢)	[空]	bie2(bie²⁴)	true	bie2	暂无	自旧档汇入	2023-07-05T08:47:08+08:00
崇明	盘(盤)	[空]	bie2(bie²⁴)	true	bie2	暂无	自旧档汇入	2023-07-05T08:47:08+08:00
崇明	釆(釆)	[空]	bie4(bie²⁴²)	true	bie4	暂无	自旧档汇入	2023-07-05T08:47:08+08:00
崇明	辩(辯)	[空]	bie4(bie²⁴²)	true	bie4	暂无	自旧档汇入	2023-07-05T08:47:08+08:00
崇明	辫(辮)	[空]	bie4(bie²⁴²)	true	bie4	暂无	自旧档汇入	2023-07-05T08:47:08+08:00
崇明	辨(辨)	[空]	bie4(bie²⁴²)	true	bie4	暂无	自旧档汇入	2023-07-05T08:47:08+08:00
崇明	拌(拌)	[空]	bie4(bie²⁴²)	true	bie4	暂无	自旧档汇入	2023-07-05T08:47:08+08:00
崇明	便(便)	方~	bie6(bie³¹³)	true	bie6	暂无	自旧档汇入	2023-07-05T08:47:08+08:00
崇明	卞(卞)	[空]	bie6(bie³¹³)	true	bie6	暂无	自旧档汇入	2023-07-05T08:47:08+08:00
崇明	汴(汴)	[空]	bie6(bie³¹³)	true	bie6	暂无	自旧档汇入	2023-07-05T08:47:08+08:00
崇明	伴(伴)	[空]	bie6(bie³¹³)	true	bie6	暂无	自旧档汇入	2023-07-05T08:47:08+08:00
崇明	贬(貶)	[空]	bie6(bie³¹³)	true	bie6	暂无	自旧档汇入	2023-07-05T08:47:08+08:00
崇明	叛(叛)	[空]	bie6(bie³¹³)	true	bie6	暂无	自旧档汇入	2023-07-05T08:47:08+08:00
崇明	免(免)	[空]	mie1(ʔmie⁵⁵)	true	mie1	暂无	自旧档汇入	2023-07-05T08:47:08+08:00
崇明	勉(勉)	[空]	mie3(ʔmie⁴²⁴)	true	mie3	暂无	自旧档汇入	2023-07-05T08:47:08+08:00
崇明	娩(娩)	[空]	mie3(ʔmie⁴²⁴)	true	mie3	暂无	自旧档汇入	2023-07-05T08:47:08+08:00
崇明	冕(冕)	[空]	mie3(ʔmie⁴²⁴)	true	mie3	暂无	自旧档汇入	2023-07-05T08:47:08+08:00
崇明	棉(棉)	~絮	mie2(ɦmie²⁴)	true	mie2	暂无	自旧档汇入	2023-07-05T08:47:08+08:00
崇明	眠(眠)	[空]	mie2(ɦmie²⁴)	true	mie2	暂无	自旧档汇入	2023-07-05T08:47:08+08:00
崇明	绵(綿)	[空]	mie2(ɦmie²⁴)	true	mie2	暂无	自旧档汇入	2023-07-05T08:47:08+08:00
崇明	媒(媒)	口语：~人	mie2(ɦmie²⁴)	true	mie2	暂无	自旧档汇入	2023-07-05T08:47:08+08:00
崇明	鳗(鰻)	~鲡	mie2(ɦmie²⁴)	true	mie2	暂无	自旧档汇入	2023-07-05T08:47:08+08:00
崇明	满(滿)	[空]	mie4(ɦmie²⁴²)	true	mie4	暂无	自旧档汇入	2023-07-05T08:47:08+08:00
崇明	棉(棉)	~袍	mie4(ɦmie²⁴²)	true	mie4	暂无	自旧档汇入	2023-07-05T08:47:08+08:00
崇明	面(面)	[空]	mie6(ɦmie³¹³)	true	mie6	暂无	自旧档汇入	2023-07-05T08:47:08+08:00
崇明	缅(緬)	[空]	mie6(ɦmie³¹³)	true	mie6	暂无	自旧档汇入	2023-07-05T08:47:08+08:00
崇明	面(面)	[空]	mie6(ɦmie³¹³)	true	mie6	暂无	自旧档汇入	2023-07-05T08:47:08+08:00
崇明	范(範)	姓	vie4(vie²⁴²)	true	vie4	暂无	自旧档汇入	2023-07-05T08:47:08+08:00
崇明	颠(顛)	[空]	tie1(tie⁵⁵)	true	tie1	暂无	自旧档汇入	2023-07-05T08:47:08+08:00
崇明	巅(巔)	[空]	tie1(tie⁵⁵)	true	tie1	暂无	自旧档汇入	2023-07-05T08:47:08+08:00
崇明	掂(掂)	[空]	tie1(tie⁵⁵)	true	tie1	暂无	自旧档汇入	2023-07-05T08:47:08+08:00
崇明	敁(敁)	[空]	tie1(tie⁵⁵)	true	tie1	暂无	自旧档汇入	2023-07-05T08:47:08+08:00
崇明	癫(癲)	[空]	tie1(tie⁵⁵)	true	tie1	暂无	自旧档汇入	2023-07-05T08:47:08+08:00
崇明	踮(踮)	[空]	tie1(tie⁵⁵)	true	tie1	暂无	自旧档汇入	2023-07-05T08:47:08+08:00
崇明	癜(癜)	[空]	tie1(tie⁵⁵)	true	tie1	暂无	自旧档汇入	2023-07-05T08:47:08+08:00
崇明	点(點)	一~一(一点儿)	tie1(tie⁵⁵)	true	tie1	暂无	自旧档汇入	2023-07-05T08:47:08+08:00
崇明	点(點)	[空]	tie3(tie⁴²⁴)	true	tie3	暂无	自旧档汇入	2023-07-05T08:47:08+08:00
崇明	典(典)	[空]	tie3(tie⁴²⁴)	true	tie3	暂无	自旧档汇入	2023-07-05T08:47:08+08:00
崇明	碘(碘)	[空]	tie3(tie⁴²⁴)	true	tie3	暂无	自旧档汇入	2023-07-05T08:47:08+08:00
崇明	玷(玷)	[空]	tie3(tie⁴²⁴)	true	tie3	暂无	自旧档汇入	2023-07-05T08:47:08+08:00
崇明	店(店)	[空]	tie5(tie³³)	true	tie5	暂无	自旧档汇入	2023-07-05T08:47:08+08:00
崇明	惦(惦)	[空]	tie5(tie³³)	true	tie5	暂无	自旧档汇入	2023-07-05T08:47:08+08:00
崇明	天(天)	[空]	thie1(tʰie⁵⁵)	true	thie1	暂无	自旧档汇入	2023-07-05T08:47:08+08:00
崇明	添(添)	[空]	thie1(tʰie⁵⁵)	true	thie1	暂无	自旧档汇入	2023-07-05T08:47:08+08:00
崇明	贪(貪)	[空]	thie1(tʰie⁵⁵)	true	thie1	暂无	自旧档汇入	2023-07-05T08:47:08+08:00
崇明	舔(舔)	[空]	thie3(tʰie⁴²⁴)	true	thie3	暂无	自旧档汇入	2023-07-05T08:47:08+08:00
崇明	忝(忝)	[空]	thie3(tʰie⁴²⁴)	true	thie3	暂无	自旧档汇入	2023-07-05T08:47:08+08:00
崇明	掭(掭)	[空]	thie5(tʰie³³)	true	thie5	暂无	自旧档汇入	2023-07-05T08:47:08+08:00
崇明	滇(滇)	[空]	die2(die²⁴)	true	die2	暂无	自旧档汇入	2023-07-05T08:47:08+08:00
崇明	韧(韌)	[空]	die2(die²⁴)	true	die2	暂无	自旧档汇入	2023-07-05T08:47:08+08:00
崇明	田(田)	[空]	die2(die²⁴)	true	die2	暂无	自旧档汇入	2023-07-05T08:47:08+08:00
崇明	填(填)	[空]	die2(die²⁴)	true	die2	暂无	自旧档汇入	2023-07-05T08:47:08+08:00
崇明	甜(甜)	[空]	die2(die²⁴)	true	die2	暂无	自旧档汇入	2023-07-05T08:47:08+08:00
崇明	恬(恬)	[空]	die2(die²⁴)	true	die2	暂无	自旧档汇入	2023-07-05T08:47:08+08:00
崇明	坛(壇)	口语：一~	die2(die²⁴)	true	die2	暂无	自旧档汇入	2023-07-05T08:47:08+08:00
崇明	电(電)	[空]	die4(die²⁴²)	true	die4	暂无	自旧档汇入	2023-07-05T08:47:08+08:00
崇明	垫(墊)	~钞票(先由一人支付)	die4(die²⁴²)	true	die4	暂无	自旧档汇入	2023-07-05T08:47:08+08:00
崇明	奠(奠)	[空]	die4(die²⁴²)	true	die4	暂无	自旧档汇入	2023-07-05T08:47:08+08:00
崇明	殿(殿)	~一条被	die6(die³¹³)	true	die6	暂无	自旧档汇入	2023-07-05T08:47:08+08:00
崇明	垫(墊)	[空]	die6(die³¹³)	true	die6	暂无	自旧档汇入	2023-07-05T08:47:08+08:00
崇明	甸(甸)	[空]	die6(die³¹³)	true	die6	暂无	自旧档汇入	2023-07-05T08:47:08+08:00
崇明	淀(澱)	[空]	die6(die³¹³)	true	die6	暂无	自旧档汇入	2023-07-05T08:47:08+08:00
崇明	佃(佃)	[空]	die6(die³¹³)	true	die6	暂无	自旧档汇入	2023-07-05T08:47:08+08:00
崇明	南(南)	[空]	nie2(ɦnie²⁴)	true	nie2	暂无	自旧档汇入	2023-07-05T08:47:08+08:00
崇明	喃(喃)	[空]	nie2(ɦnie²⁴)	true	nie2	暂无	自旧档汇入	2023-07-05T08:47:08+08:00
崇明	楠(楠)	[空]	nie2(ɦnie²⁴)	true	nie2	暂无	自旧档汇入	2023-07-05T08:47:08+08:00
崇明	男(男)	[空]	nie2(ɦnie²⁴)	true	nie2	暂无	自旧档汇入	2023-07-05T08:47:08+08:00
崇明	难(難)	口语：~为你(谢谢你)	nie2(ɦnie²⁴)	true	nie2	暂无	自旧档汇入	2023-07-05T08:47:08+08:00
崇明	腩(腩)	多	nie4(ɦnie²⁴²)	true	nie4	暂无	自旧档汇入	2023-07-05T08:47:08+08:00
崇明	莲(蓮)	~部(人民。亲昵的相反数	lie1(ʔlie⁵⁵)	true	lie1	暂无	自旧档汇入	2023-07-05T08:47:08+08:00
崇明	莲(蓮)	[空]	lie2(ɦlie²⁴)	true	lie2	暂无	自旧档汇入	2023-07-05T08:47:08+08:00
崇明	廉(廉)	[空]	lie2(ɦlie²⁴)	true	lie2	暂无	自旧档汇入	2023-07-05T08:47:08+08:00
崇明	连(連)	[空]	lie2(ɦlie²⁴)	true	lie2	暂无	自旧档汇入	2023-07-05T08:47:08+08:00
崇明	联(聯)	[空]	lie2(ɦlie²⁴)	true	lie2	暂无	自旧档汇入	2023-07-05T08:47:08+08:00
崇明	恋(戀)	[空]	lie2(ɦlie²⁴)	true	lie2	暂无	自旧档汇入	2023-07-05T08:47:08+08:00
崇明	帘(簾)	[空]	lie2(ɦlie²⁴)	true	lie2	暂无	自旧档汇入	2023-07-05T08:47:08+08:00
崇明	涟(漣)	[空]	lie2(ɦlie²⁴)	true	lie2	暂无	自旧档汇入	2023-07-05T08:47:08+08:00
崇明	镰(鐮)	[空]	lie2(ɦlie²⁴)	true	lie2	暂无	自旧档汇入	2023-07-05T08:47:08+08:00
崇明	鳃(鰓)	[空]	lie2(ɦlie²⁴)	true	lie2	暂无	自旧档汇入	2023-07-05T08:47:08+08:00
崇明	镰(鐮)	[空]	lie2(ɦlie²⁴)	true	lie2	暂无	自旧档汇入	2023-07-05T08:47:08+08:00
崇明	琏(璉)	[空]	lie2(ɦlie²⁴)	true	lie2	暂无	自旧档汇入	2023-07-05T08:47:08+08:00
崇明	殓(殮)	[空]	lie2(ɦlie²⁴)	true	lie2	暂无	自旧档汇入	2023-07-05T08:47:08+08:00
崇明	奁(奩)	[空]	lie2(ɦlie²⁴)	true	lie2	暂无	自旧档汇入	2023-07-05T08:47:08+08:00
崇明	帘(簾)	[空]	lie2(ɦlie²⁴)	true	lie2	暂无	自旧档汇入	2023-07-05T08:47:08+08:00
崇明	楝(楝)	~树菇	lie2(ɦlie²⁴)	true	lie2	暂无	自旧档汇入	2023-07-05T08:47:08+08:00
崇明	敛(斂)	[空]	lie4(ɦlie²⁴²)	true	lie4	暂无	自旧档汇入	2023-07-05T08:47:08+08:00
崇明	脸(臉)	[空]	lie6(ɦlie³¹³)	true	lie6	暂无	自旧档汇入	2023-07-05T08:47:08+08:00
崇明	链(鏈)	[空]	lie6(ɦlie³¹³)	true	lie6	暂无	自旧档汇入	2023-07-05T08:47:08+08:00
崇明	练(練)	[空]	lie6(ɦlie³¹³)	true	lie6	暂无	自旧档汇入	2023-07-05T08:47:08+08:00
崇明	炼(煉)	[空]	lie6(ɦlie³¹³)	true	lie6	暂无	自旧档汇入	2023-07-05T08:47:08+08:00
崇明	怜(憐)	[空]	lie6(ɦlie³¹³)	true	lie6	暂无	自旧档汇入	2023-07-05T08:47:08+08:00
崇明	楝(楝)	~树菇	lie6(ɦlie³¹³)	true	lie6	暂无	自旧档汇入	2023-07-05T08:47:08+08:00
崇明	簪(簪)	[空]	tsie1(tsie⁵⁵)	true	tsie1	暂无	自旧档汇入	2023-07-05T08:47:08+08:00
崇明	参(參)	~加	tshie1(tsʰie⁵⁵)	true	tshie1	暂无	自旧档汇入	2023-07-05T08:47:08+08:00
崇明	惨(慘)	[空]	tshie3(tsʰie⁴²⁴)	true	tshie3	暂无	自旧档汇入	2023-07-05T08:47:08+08:00
崇明	掺(摻)	[空]	tshie5(tsʰie³³)	true	tshie5	暂无	自旧档汇入	2023-07-05T08:47:08+08:00
崇明	挦(撏)	掏取	dzie2(dzie²⁴)	true	dzie2	暂无	自旧档汇入	2023-07-05T08:47:08+08:00
崇明	奢(奢)	[空]	sie1(sie⁵⁵)	true	sie1	暂无	自旧档汇入	2023-07-05T08:47:08+08:00
崇明	舍(舍)	文读	sie3(sie⁴²⁴)	true	sie3	暂无	自旧档汇入	2023-07-05T08:47:08+08:00
崇明	糁(糝)	饭粞~(掉下的饭粒)	sie3(sie⁴²⁴)	true	sie3	暂无	自旧档汇入	2023-07-05T08:47:08+08:00
崇明	舍(舍)	宿~	sie5(sie³³)	true	sie5	暂无	自旧档汇入	2023-07-05T08:47:08+08:00
崇明	蚕(蠶)	[空]	zie2(zie²⁴)	true	zie2	暂无	自旧档汇入	2023-07-05T08:47:08+08:00
崇明	射(射)	~箭	zie4(zie²⁴²)	true	zie4	暂无	自旧档汇入	2023-07-05T08:47:08+08:00
崇明	社(社)	[空]	zie4(zie²⁴²)	true	zie4	暂无	自旧档汇入	2023-07-05T08:47:08+08:00
崇明	尖(尖)	[空]	cie1(tɕie⁵⁵)	true	cie1	暂无	自旧档汇入	2023-07-05T08:47:08+08:00
崇明	间(間)	文读	cie1(tɕie⁵⁵)	true	cie1	暂无	自旧档汇入	2023-07-05T08:47:08+08:00
崇明	涧(澗)	[空]	cie1(tɕie⁵⁵)	true	cie1	暂无	自旧档汇入	2023-07-05T08:47:08+08:00
崇明	兼(兼)	[空]	cie1(tɕie⁵⁵)	true	cie1	暂无	自旧档汇入	2023-07-05T08:47:08+08:00
崇明	坚(堅)	[空]	cie1(tɕie⁵⁵)	true	cie1	暂无	自旧档汇入	2023-07-05T08:47:08+08:00
崇明	肩(肩)	[空]	cie1(tɕie⁵⁵)	true	cie1	暂无	自旧档汇入	2023-07-05T08:47:08+08:00
崇明	煎(煎)	[空]	cie1(tɕie⁵⁵)	true	cie1	暂无	自旧档汇入	2023-07-05T08:47:08+08:00
崇明	湔(湔)	《广韵》平声仙韵子仙切“洗也”	cie1(tɕie⁵⁵)	true	cie1	暂无	自旧档汇入	2023-07-05T08:47:08+08:00
崇明	艰(艱)	文读	cie1(tɕie⁵⁵)	true	cie1	暂无	自旧档汇入	2023-07-05T08:47:08+08:00
崇明	笺(箋)	信~子	cie1(tɕie⁵⁵)	true	cie1	暂无	自旧档汇入	2023-07-05T08:47:08+08:00
崇明	奸(奸)	文读‘	cie1(tɕie⁵⁵)	true	cie1	暂无	自旧档汇入	2023-07-05T08:47:08+08:00
崇明	简(簡)	[空]	cie3(tɕie⁴²⁴)	true	cie3	暂无	自旧档汇入	2023-07-05T08:47:08+08:00
崇明	检(檢)	[空]	cie3(tɕie⁴²⁴)	true	cie3	暂无	自旧档汇入	2023-07-05T08:47:08+08:00
崇明	剪(剪)	[空]	cie3(tɕie⁴²⁴)	true	cie3	暂无	自旧档汇入	2023-07-05T08:47:08+08:00
崇明	捡(撿)	[空]	cie3(tɕie⁴²⁴)	true	cie3	暂无	自旧档汇入	2023-07-05T08:47:08+08:00
崇明	柬(柬)	[空]	cie3(tɕie⁴²⁴)	true	cie3	暂无	自旧档汇入	2023-07-05T08:47:08+08:00
崇明	间(間)	文读，~隔	cie5(tɕie³³)	true	cie5	暂无	自旧档汇入	2023-07-05T08:47:08+08:00
崇明	见(見)	[空]	cie5(tɕie³³)	true	cie5	暂无	自旧档汇入	2023-07-05T08:47:08+08:00
崇明	建(建)	[空]	cie5(tɕie³³)	true	cie5	暂无	自旧档汇入	2023-07-05T08:47:08+08:00
崇明	剑(劍)	[空]	cie5(tɕie³³)	true	cie5	暂无	自旧档汇入	2023-07-05T08:47:08+08:00
崇明	箭(箭)	[空]	cie5(tɕie³³)	true	cie5	暂无	自旧档汇入	2023-07-05T08:47:08+08:00
崇明	鉴(鑒)	[空]	cie5(tɕie³³)	true	cie5	暂无	自旧档汇入	2023-07-05T08:47:08+08:00
崇明	荐(薦)	[空]	cie5(tɕie³³)	true	cie5	暂无	自旧档汇入	2023-07-05T08:47:08+08:00
崇明	笺(箋)	[空]	cie5(tɕie³³)	true	cie5	暂无	自旧档汇入	2023-07-05T08:47:08+08:00
崇明	笺(箋)	信~	cie5(tɕie³³)	true	cie5	暂无	自旧档汇入	2023-07-05T08:47:08+08:00
崇明	溅(濺)	水~筒(喷射水珠的竹筒	cie5(tɕie³³)	true	cie5	暂无	自旧档汇入	2023-07-05T08:47:08+08:00
崇明	饯(餞)	[空]	cie5(tɕie³³)	true	cie5	暂无	自旧档汇入	2023-07-05T08:47:08+08:00
崇明	骞(騫)	[空]	chie1(tɕʰie⁵⁵)	true	chie1	暂无	自旧档汇入	2023-07-05T08:47:08+08:00
崇明	蹇(蹇)	[空]	chie1(tɕʰie⁵⁵)	true	chie1	暂无	自旧档汇入	2023-07-05T08:47:08+08:00
崇明	牵(牽)	[空]	chie1(tɕʰie⁵⁵)	true	chie1	暂无	自旧档汇入	2023-07-05T08:47:08+08:00
崇明	千(千)	[空]	chie1(tɕʰie⁵⁵)	true	chie1	暂无	自旧档汇入	2023-07-05T08:47:08+08:00
崇明	签(簽)	[空]	chie1(tɕʰie⁵⁵)	true	chie1	暂无	自旧档汇入	2023-07-05T08:47:08+08:00
崇明	椠(槧)	[空]	chie1(tɕʰie⁵⁵)	true	chie1	暂无	自旧档汇入	2023-07-05T08:47:08+08:00
崇明	钱(錢)	[空]	chie1(tɕʰie⁵⁵)	true	chie1	暂无	自旧档汇入	2023-07-05T08:47:08+08:00
崇明	迁(遷)	[空]	chie1(tɕʰie⁵⁵)	true	chie1	暂无	自旧档汇入	2023-07-05T08:47:08+08:00
崇明	茜(茜)	[空]	chie1(tɕʰie⁵⁵)	true	chie1	暂无	自旧档汇入	2023-07-05T08:47:08+08:00
崇明	倩(倩)	[空]	chie1(tɕʰie⁵⁵)	true	chie1	暂无	自旧档汇入	2023-07-05T08:47:08+08:00
崇明	谦(謙)	[空]	chie1(tɕʰie⁵⁵)	true	chie1	暂无	自旧档汇入	2023-07-05T08:47:08+08:00
崇明	仟(仟)	[空]	chie1(tɕʰie⁵⁵)	true	chie1	暂无	自旧档汇入	2023-07-05T08:47:08+08:00
崇明	佥(僉)	[空]	chie1(tɕʰie⁵⁵)	true	chie1	暂无	自旧档汇入	2023-07-05T08:47:08+08:00
崇明	阡(阡)	[空]	chie1(tɕʰie⁵⁵)	true	chie1	暂无	自旧档汇入	2023-07-05T08:47:08+08:00
崇明	扦(扡)	[空]	chie1(tɕʰie⁵⁵)	true	chie1	暂无	自旧档汇入	2023-07-05T08:47:08+08:00
崇明	纤(纖)	[空]	chie1(tɕʰie⁵⁵)	true	chie1	暂无	自旧档汇入	2023-07-05T08:47:08+08:00
崇明	堑(塹)	[空]	chie3(tɕʰie⁴²⁴)	true	chie3	暂无	自旧档汇入	2023-07-05T08:47:08+08:00
崇明	歼(殲)	[空]	chie3(tɕʰie⁴²⁴)	true	chie3	暂无	自旧档汇入	2023-07-05T08:47:08+08:00
崇明	浅(淺)	[空]	chie3(tɕʰie⁴²⁴)	true	chie3	暂无	自旧档汇入	2023-07-05T08:47:08+08:00
崇明	悭(慳)	[空]	chie3(tɕʰie⁴²⁴)	true	chie3	暂无	自旧档汇入	2023-07-05T08:47:08+08:00
崇明	谴(譴)	[空]	chie3(tɕʰie⁴²⁴)	true	chie3	暂无	自旧档汇入	2023-07-05T08:47:08+08:00
崇明	欠(欠)	[空]	chie5(tɕʰie³³)	true	chie5	暂无	自旧档汇入	2023-07-05T08:47:08+08:00
崇明	遣(遣)	[空]	chie5(tɕʰie³³)	true	chie5	暂无	自旧档汇入	2023-07-05T08:47:08+08:00
崇明	歉(歉)	[空]	chie5(tɕʰie³³)	true	chie5	暂无	自旧档汇入	2023-07-05T08:47:08+08:00
崇明	愆(愆)	[空]	chie5(tɕʰie³³)	true	chie5	暂无	自旧档汇入	2023-07-05T08:47:08+08:00
崇明	黔(黔)	[空]	jie2(dʑie²⁴)	true	jie2	暂无	自旧档汇入	2023-07-05T08:47:08+08:00
崇明	前(前)	文读	jie2(dʑie²⁴)	true	jie2	暂无	自旧档汇入	2023-07-05T08:47:08+08:00
崇明	干(幹)	~隆	jie2(dʑie²⁴)	true	jie2	暂无	自旧档汇入	2023-07-05T08:47:08+08:00
崇明	拑(拑)	[空]	jie2(dʑie²⁴)	true	jie2	暂无	自旧档汇入	2023-07-05T08:47:08+08:00
崇明	虔(虔)	[空]	jie2(dʑie²⁴)	true	jie2	暂无	自旧档汇入	2023-07-05T08:47:08+08:00
崇明	潜(潛)	[空]	jie2(dʑie²⁴)	true	jie2	暂无	自旧档汇入	2023-07-05T08:47:08+08:00
崇明	褰(褰)	[空]	jie2(dʑie²⁴)	true	jie2	暂无	自旧档汇入	2023-07-05T08:47:08+08:00
崇明	掮(掮)	[空]	jie2(dʑie²⁴)	true	jie2	暂无	自旧档汇入	2023-07-05T08:47:08+08:00
崇明	泉(泉)	[空]	jie2(dʑie²⁴)	true	jie2	暂无	自旧档汇入	2023-07-05T08:47:08+08:00
崇明	全(全)	文读	jie2(dʑie²⁴)	true	jie2	暂无	自旧档汇入	2023-07-05T08:47:08+08:00
崇明	旋(旋)	文读	jie2(dʑie²⁴)	true	jie2	暂无	自旧档汇入	2023-07-05T08:47:08+08:00
崇明	教(教)	[空]	jie2(dʑie²⁴)	true	jie2	暂无	自旧档汇入	2023-07-05T08:47:08+08:00
崇明	全(全)	~靠	jie4(dʑie²⁴²)	true	jie4	暂无	自旧档汇入	2023-07-05T08:47:08+08:00
崇明	藉(藉)	[空]	jie6(dʑie³¹³)	true	jie6	暂无	自旧档汇入	2023-07-05T08:47:08+08:00
崇明	践(踐)	[空]	jie6(dʑie³¹³)	true	jie6	暂无	自旧档汇入	2023-07-05T08:47:08+08:00
崇明	件(件)	[空]	jie6(dʑie³¹³)	true	jie6	暂无	自旧档汇入	2023-07-05T08:47:08+08:00
崇明	键(鍵)	[空]	jie6(dʑie³¹³)	true	jie6	暂无	自旧档汇入	2023-07-05T08:47:08+08:00
崇明	渐(漸)	[空]	jie6(dʑie³¹³)	true	jie6	暂无	自旧档汇入	2023-07-05T08:47:08+08:00
崇明	贱(賤)	文读	jie6(dʑie³¹³)	true	jie6	暂无	自旧档汇入	2023-07-05T08:47:08+08:00
崇明	俭(儉)	[空]	jie6(dʑie³¹³)	true	jie6	暂无	自旧档汇入	2023-07-05T08:47:08+08:00
崇明	痊(痊)	[空]	jie6(dʑie³¹³)	true	jie6	暂无	自旧档汇入	2023-07-05T08:47:08+08:00
崇明	谢(謝)	文读	jie6(dʑie³¹³)	true	jie6	暂无	自旧档汇入	2023-07-05T08:47:08+08:00
崇明	粘(粘)	[空]	gnie1(ʔȵie⁵⁵)	true	gnie1	暂无	自旧档汇入	2023-07-05T08:47:08+08:00
崇明	拈(拈)	[空]	gnie1(ʔȵie⁵⁵)	true	gnie1	暂无	自旧档汇入	2023-07-05T08:47:08+08:00
崇明	捻(撚)	[空]	gnie1(ʔȵie⁵⁵)	true	gnie1	暂无	自旧档汇入	2023-07-05T08:47:08+08:00
崇明	黏(黏)	[空]	gnie1(ʔȵie⁵⁵)	true	gnie1	暂无	自旧档汇入	2023-07-05T08:47:08+08:00
崇明	蔫(蔫)	[空]	gnie1(ʔȵie⁵⁵)	true	gnie1	暂无	自旧档汇入	2023-07-05T08:47:08+08:00
崇明	撵(攆)	[空]	gnie1(ʔȵie⁵⁵)	true	gnie1	暂无	自旧档汇入	2023-07-05T08:47:08+08:00
崇明	捻(撚)	[空]	gnie1(ʔȵie⁵⁵)	true	gnie1	暂无	自旧档汇入	2023-07-05T08:47:08+08:00
崇明	妍(妍)	[空]	gnie1(ʔȵie⁵⁵)	true	gnie1	暂无	自旧档汇入	2023-07-05T08:47:08+08:00
崇明	研(研)	~究	gnie1(ʔȵie⁵⁵)	true	gnie1	暂无	自旧档汇入	2023-07-05T08:47:08+08:00
崇明	严(嚴)	[空]	gnie2(ɦȵie²⁴)	true	gnie2	暂无	自旧档汇入	2023-07-05T08:47:08+08:00
崇明	年(年)	[空]	gnie2(ɦȵie²⁴)	true	gnie2	暂无	自旧档汇入	2023-07-05T08:47:08+08:00
崇明	阎(閻)	[空]	gnie2(ɦȵie²⁴)	true	gnie2	暂无	自旧档汇入	2023-07-05T08:47:08+08:00
崇明	研(研)	~大米(把玉米粒从玉米棒上搓下来)	gnie2(ɦȵie²⁴)	true	gnie2	暂无	自旧档汇入	2023-07-05T08:47:08+08:00
崇明	难(難)	口语：~为你(谢谢你)	gnie2(ɦȵie²⁴)	true	gnie2	暂无	自旧档汇入	2023-07-05T08:47:08+08:00
崇明	辗(輾)	[空]	gnie4(ɦȵie²⁴²)	true	gnie4	暂无	自旧档汇入	2023-07-05T08:47:08+08:00
崇明	碾(碾)	[空]	gnie4(ɦȵie²⁴²)	true	gnie4	暂无	自旧档汇入	2023-07-05T08:47:08+08:00
崇明	辇(輦)	[空]	gnie4(ɦȵie²⁴²)	true	gnie4	暂无	自旧档汇入	2023-07-05T08:47:08+08:00
崇明	彦(彥)	[空]	gnie4(ɦȵie²⁴²)	true	gnie4	暂无	自旧档汇入	2023-07-05T08:47:08+08:00
崇明	谚(諺)	[空]	gnie4(ɦȵie²⁴²)	true	gnie4	暂无	自旧档汇入	2023-07-05T08:47:08+08:00
崇明	验(驗)	[空]	gnie4(ɦȵie²⁴²)	true	gnie4	暂无	自旧档汇入	2023-07-05T08:47:08+08:00
崇明	染(染)	口语：~头发	gnie4(ɦȵie²⁴²)	true	gnie4	暂无	自旧档汇入	2023-07-05T08:47:08+08:00
崇明	念(念)	[空]	gnie6(ɦȵie³¹³)	true	gnie6	暂无	自旧档汇入	2023-07-05T08:47:08+08:00
崇明	念(念)	[空]	gnie6(ɦȵie³¹³)	true	gnie6	暂无	自旧档汇入	2023-07-05T08:47:08+08:00
崇明	廿(廿)	[空]	gnie6(ɦȵie³¹³)	true	gnie6	暂无	自旧档汇入	2023-07-05T08:47:08+08:00
崇明	砚(硯)	[空]	gnie6(ɦȵie³¹³)	true	gnie6	暂无	自旧档汇入	2023-07-05T08:47:08+08:00
崇明	仙(仙)	[空]	shie1(ɕie⁵⁵)	true	shie1	暂无	自旧档汇入	2023-07-05T08:47:08+08:00
崇明	籼(秈)	[空]	shie1(ɕie⁵⁵)	true	shie1	暂无	自旧档汇入	2023-07-05T08:47:08+08:00
崇明	鲜(鮮)	[空]	shie1(ɕie⁵⁵)	true	shie1	暂无	自旧档汇入	2023-07-05T08:47:08+08:00
崇明	先(先)	[空]	shie1(ɕie⁵⁵)	true	shie1	暂无	自旧档汇入	2023-07-05T08:47:08+08:00
崇明	杴(杴)	[空]	shie1(ɕie⁵⁵)	true	shie1	暂无	自旧档汇入	2023-07-05T08:47:08+08:00
崇明	锨(鍁)	[空]	shie1(ɕie⁵⁵)	true	shie1	暂无	自旧档汇入	2023-07-05T08:47:08+08:00
崇明	忺(忺)	[空]	shie1(ɕie⁵⁵)	true	shie1	暂无	自旧档汇入	2023-07-05T08:47:08+08:00
崇明	萱(萱)	[空]	shie1(ɕie⁵⁵)	true	shie1	暂无	自旧档汇入	2023-07-05T08:47:08+08:00
崇明	喧(喧)	[空]	shie1(ɕie⁵⁵)	true	shie1	暂无	自旧档汇入	2023-07-05T08:47:08+08:00
崇明	煊(煊)	[空]	shie1(ɕie⁵⁵)	true	shie1	暂无	自旧档汇入	2023-07-05T08:47:08+08:00
崇明	轩(軒)	[空]	shie1(ɕie⁵⁵)	true	shie1	暂无	自旧档汇入	2023-07-05T08:47:08+08:00
崇明	宣(宣)	[空]	shie1(ɕie⁵⁵)	true	shie1	暂无	自旧档汇入	2023-07-05T08:47:08+08:00
崇明	暹(暹)	[空]	shie1(ɕie⁵⁵)	true	shie1	暂无	自旧档汇入	2023-07-05T08:47:08+08:00
崇明	纤(纖)	[空]	shie3(ɕie⁴²⁴)	true	shie3	暂无	自旧档汇入	2023-07-05T08:47:08+08:00
崇明	选(選)	[空]	shie3(ɕie⁴²⁴)	true	shie3	暂无	自旧档汇入	2023-07-05T08:47:08+08:00
崇明	显(顯)	[空]	shie3(ɕie⁴²⁴)	true	shie3	暂无	自旧档汇入	2023-07-05T08:47:08+08:00
崇明	洗(洗)	[空]	shie3(ɕie⁴²⁴)	true	shie3	暂无	自旧档汇入	2023-07-05T08:47:08+08:00
崇明	冼(冼)	[空]	shie3(ɕie⁴²⁴)	true	shie3	暂无	自旧档汇入	2023-07-05T08:47:08+08:00
崇明	筅(筅)	筅帚	shie3(ɕie⁴²⁴)	true	shie3	暂无	自旧档汇入	2023-07-05T08:47:08+08:00
崇明	险(險)	[空]	shie3(ɕie⁴²⁴)	true	shie3	暂无	自旧档汇入	2023-07-05T08:47:08+08:00
崇明	宪(憲)	[空]	shie3(ɕie⁴²⁴)	true	shie3	暂无	自旧档汇入	2023-07-05T08:47:08+08:00
崇明	献(獻)	[空]	shie3(ɕie⁴²⁴)	true	shie3	暂无	自旧档汇入	2023-07-05T08:47:08+08:00
崇明	癣(癬)	[空]	shie3(ɕie⁴²⁴)	true	shie3	暂无	自旧档汇入	2023-07-05T08:47:08+08:00
崇明	综(綜)	[空]	shie5(ɕie³³)	true	shie5	暂无	自旧档汇入	2023-07-05T08:47:08+08:00
崇明	线(線)	[空]	shie5(ɕie³³)	true	shie5	暂无	自旧档汇入	2023-07-05T08:47:08+08:00
崇明	腺(腺)	[空]	shie5(ɕie³³)	true	shie5	暂无	自旧档汇入	2023-07-05T08:47:08+08:00
崇明	前(前)	白读	zhie2(ʑie²⁴)	true	zhie2	暂无	自旧档汇入	2023-07-05T08:47:08+08:00
崇明	全(全)	~夜(整夜)	zhie2(ʑie²⁴)	true	zhie2	暂无	自旧档汇入	2023-07-05T08:47:08+08:00
崇明	贱(賤)	~坯：骂不识好歹的人	zhie6(ʑie³¹³)	true	zhie6	暂无	自旧档汇入	2023-07-05T08:47:08+08:00
崇明	旋(旋)	~头：转过头。《广韵》“旋”有平声仙韵似宣切和去声线韵辞恋切两读	zhie6(ʑie³¹³)	true	zhie6	暂无	自旧档汇入	2023-07-05T08:47:08+08:00
崇明	甘(甘)	[空]	kie1(kie⁵⁵)	true	kie1	暂无	自旧档汇入	2023-07-05T08:47:08+08:00
崇明	柑(柑)	[空]	kie1(kie⁵⁵)	true	kie1	暂无	自旧档汇入	2023-07-05T08:47:08+08:00
崇明	淦(淦)	[空]	kie1(kie⁵⁵)	true	kie1	暂无	自旧档汇入	2023-07-05T08:47:08+08:00
崇明	绀(紺)	[空]	kie1(kie⁵⁵)	true	kie1	暂无	自旧档汇入	2023-07-05T08:47:08+08:00
崇明	泔(泔)	[空]	kie1(kie⁵⁵)	true	kie1	暂无	自旧档汇入	2023-07-05T08:47:08+08:00
崇明	感(感)	[空]	kie3(kie⁴²⁴)	true	kie3	暂无	自旧档汇入	2023-07-05T08:47:08+08:00
崇明	敢(敢)	[空]	kie3(kie⁴²⁴)	true	kie3	暂无	自旧档汇入	2023-07-05T08:47:08+08:00
崇明	赣(贛)	[空]	kie3(kie⁴²⁴)	true	kie3	暂无	自旧档汇入	2023-07-05T08:47:08+08:00
崇明	㔶(㔶)	《广韵》上声感韵古𧝓切“覆头也”	kie3(kie⁴²⁴)	true	kie3	暂无	自旧档汇入	2023-07-05T08:47:08+08:00
崇明	堪(堪)	[空]	khie1(kʰie⁵⁵)	true	khie1	暂无	自旧档汇入	2023-07-05T08:47:08+08:00
崇明	坎(坎)	~坷；~额骨头(额头上部往前突出)	khie1(kʰie⁵⁵)	true	khie1	暂无	自旧档汇入	2023-07-05T08:47:08+08:00
崇明	砍(砍)	[空]	khie3(kʰie⁴²⁴)	true	khie3	暂无	自旧档汇入	2023-07-05T08:47:08+08:00
崇明	侃(侃)	[空]	khie3(kʰie⁴²⁴)	true	khie3	暂无	自旧档汇入	2023-07-05T08:47:08+08:00
崇明	勘(勘)	[空]	khie3(kʰie⁴²⁴)	true	khie3	暂无	自旧档汇入	2023-07-05T08:47:08+08:00
崇明	阚(闞)	[空]	khie3(kʰie⁴²⁴)	true	khie3	暂无	自旧档汇入	2023-07-05T08:47:08+08:00
崇明	巖(巖)	[空]	ngie2(ɦŋie²⁴)	true	ngie2	暂无	自旧档汇入	2023-07-05T08:47:08+08:00
崇明	岩(岩)	[空]	ngie2(ɦŋie²⁴)	true	ngie2	暂无	自旧档汇入	2023-07-05T08:47:08+08:00
崇明	癌(癌)	《广韵》平声咸韵五咸切：嵒，巖也。癌字字形字音当源自此。加疒字头表示意义。普通话今读ai为避开同音字炎	ngie2(ɦŋie²⁴)	true	ngie2	暂无	自旧档汇入	2023-07-05T08:47:08+08:00
崇明	研(研)	摇动	ngie2(ɦŋie²⁴)	true	ngie2	暂无	自旧档汇入	2023-07-05T08:47:08+08:00
崇明	俨(儼)	~然。《广韵》上声俨韵鱼掩切	ngie4(ɦŋie²⁴²)	true	ngie4	暂无	自旧档汇入	2023-07-05T08:47:08+08:00
崇明	妍(妍)	[空]	ngie4(ɦŋie²⁴²)	true	ngie4	暂无	自旧档汇入	2023-07-05T08:47:08+08:00
崇明	嫣(嫣)	[空]	ngie4(ɦŋie²⁴²)	true	ngie4	暂无	自旧档汇入	2023-07-05T08:47:08+08:00
崇明	憨(憨)	文读	hie1(hie⁵⁵)	true	hie1	暂无	自旧档汇入	2023-07-05T08:47:08+08:00
崇明	酣(酣)	[空]	hie1(hie⁵⁵)	true	hie1	暂无	自旧档汇入	2023-07-05T08:47:08+08:00
崇明	蚶(蚶)	[空]	hie1(hie⁵⁵)	true	hie1	暂无	自旧档汇入	2023-07-05T08:47:08+08:00
崇明	撼(撼)	[空]	hie1(hie⁵⁵)	true	hie1	暂无	自旧档汇入	2023-07-05T08:47:08+08:00
崇明	憾(憾)	遗~	hie3(hie⁴²⁴)	true	hie3	暂无	自旧档汇入	2023-07-05T08:47:08+08:00
崇明	含(含)	[空]	ghie2(hɦie²⁴)	true	ghie2	暂无	自旧档汇入	2023-07-05T08:47:08+08:00
崇明	函(函)	[空]	ghie2(hɦie²⁴)	true	ghie2	暂无	自旧档汇入	2023-07-05T08:47:08+08:00
崇明	涵(涵)	[空]	ghie2(hɦie²⁴)	true	ghie2	暂无	自旧档汇入	2023-07-05T08:47:08+08:00
崇明	菡(菡)	[空]	ghie2(hɦie²⁴)	true	ghie2	暂无	自旧档汇入	2023-07-05T08:47:08+08:00
崇明	晗(晗)	[空]	ghie2(hɦie²⁴)	true	ghie2	暂无	自旧档汇入	2023-07-05T08:47:08+08:00
崇明	颔(頷)	[空]	ghie2(hɦie²⁴)	true	ghie2	暂无	自旧档汇入	2023-07-05T08:47:08+08:00
崇明	憾(憾)	胆怯，害怕。《集韵》上声感韵户感切：憾，感，恨也	ghie4(hɦie²⁴²)	true	ghie4	暂无	自旧档汇入	2023-07-05T08:47:08+08:00
崇明	艳(豔)	鲜~	ie1(ie⁵⁵)	true	ie1	暂无	自旧档汇入	2023-07-05T08:47:08+08:00
崇明	燕(燕)	~子	ie1(ie⁵⁵)	true	ie1	暂无	自旧档汇入	2023-07-05T08:47:08+08:00
崇明	烟(煙)	[空]	ie1(ie⁵⁵)	true	ie1	暂无	自旧档汇入	2023-07-05T08:47:08+08:00
崇明	烟(煙)	[空]	ie1(ie⁵⁵)	true	ie1	暂无	自旧档汇入	2023-07-05T08:47:08+08:00
崇明	胭(胭)	[空]	ie1(ie⁵⁵)	true	ie1	暂无	自旧档汇入	2023-07-05T08:47:08+08:00
崇明	嫣(嫣)	[空]	ie1(ie⁵⁵)	true	ie1	暂无	自旧档汇入	2023-07-05T08:47:08+08:00
崇明	焉(焉)	[空]	ie1(ie⁵⁵)	true	ie1	暂无	自旧档汇入	2023-07-05T08:47:08+08:00
崇明	也(也)	文读	ie1(ie⁵⁵)	true	ie1	暂无	自旧档汇入	2023-07-05T08:47:08+08:00
崇明	宴(宴)	[空]	ie5(ie³³)	true	ie5	暂无	自旧档汇入	2023-07-05T08:47:08+08:00
崇明	厌(厭)	[空]	ie5(ie³³)	true	ie5	暂无	自旧档汇入	2023-07-05T08:47:08+08:00
崇明	堰(堰)	[空]	ie5(ie³³)	true	ie5	暂无	自旧档汇入	2023-07-05T08:47:08+08:00
崇明	䞁(䞁)	《集韵》去声愿韵於建切“物相当也”	ie5(ie³³)	true	ie5	暂无	自旧档汇入	2023-07-05T08:47:08+08:00
崇明	燕(燕)	莺歌~舞	ie5(ie³³)	true	ie5	暂无	自旧档汇入	2023-07-05T08:47:08+08:00
崇明	咽(咽)	~喉	ie5(ie³³)	true	ie5	暂无	自旧档汇入	2023-07-05T08:47:08+08:00
崇明	言(言)	[空]	ye2(ɦie²⁴)	true	ye2	暂无	自旧档汇入	2023-07-05T08:47:08+08:00
崇明	筵(筵)	[空]	ye2(ɦie²⁴)	true	ye2	暂无	自旧档汇入	2023-07-05T08:47:08+08:00
崇明	盐(鹽)	[空]	ye2(ɦie²⁴)	true	ye2	暂无	自旧档汇入	2023-07-05T08:47:08+08:00
崇明	颜(顏)	文读	ye2(ɦie²⁴)	true	ye2	暂无	自旧档汇入	2023-07-05T08:47:08+08:00
崇明	延(延)	[空]	ye2(ɦie²⁴)	true	ye2	暂无	自旧档汇入	2023-07-05T08:47:08+08:00
崇明	炎(炎)	[空]	ye2(ɦie²⁴)	true	ye2	暂无	自旧档汇入	2023-07-05T08:47:08+08:00
崇明	贤(賢)	[空]	ye2(ɦie²⁴)	true	ye2	暂无	自旧档汇入	2023-07-05T08:47:08+08:00
崇明	娴(嫻)	[空]	ye2(ɦie²⁴)	true	ye2	暂无	自旧档汇入	2023-07-05T08:47:08+08:00
崇明	弦(弦)	[空]	ye2(ɦie²⁴)	true	ye2	暂无	自旧档汇入	2023-07-05T08:47:08+08:00
崇明	嫌(嫌)	[空]	ye2(ɦie²⁴)	true	ye2	暂无	自旧档汇入	2023-07-05T08:47:08+08:00
崇明	檐(簷)	[空]	ye2(ɦie²⁴)	true	ye2	暂无	自旧档汇入	2023-07-05T08:47:08+08:00
崇明	沿(沿)	~海	ye2(ɦie²⁴)	true	ye2	暂无	自旧档汇入	2023-07-05T08:47:08+08:00
崇明	咸(鹹)	~阳	ye2(ɦie²⁴)	true	ye2	暂无	自旧档汇入	2023-07-05T08:47:08+08:00
崇明	沿(沿)	路~(路边)	ye4(ɦie²⁴²)	true	ye4	暂无	自旧档汇入	2023-07-05T08:47:08+08:00
崇明	野(野)	文读	ye4(ɦie²⁴²)	true	ye4	暂无	自旧档汇入	2023-07-05T08:47:08+08:00
崇明	陷(陷)	[空]	ye4(ɦie²⁴²)	true	ye4	暂无	自旧档汇入	2023-07-05T08:47:08+08:00
崇明	馅(餡)	[空]	ye4(ɦie²⁴²)	true	ye4	暂无	自旧档汇入	2023-07-05T08:47:08+08:00
崇明	亦(亦)	[空]	ye4(ɦie²⁴²)	true	ye4	暂无	自旧档汇入	2023-07-05T08:47:08+08:00
崇明	盐(鹽)	《广韵》去声艳韵以赡切：盐，以盐腌也。本音平声	ye6(ɦie³¹³)	true	ye6	暂无	自旧档汇入	2023-07-05T08:47:08+08:00
崇明	腌(醃)	[空]	ye6(ɦie³¹³)	true	ye6	暂无	自旧档汇入	2023-07-05T08:47:08+08:00
崇明	演(演)	[空]	ye6(ɦie³¹³)	true	ye6	暂无	自旧档汇入	2023-07-05T08:47:08+08:00
崇明	现(現)	[空]	ye6(ɦie³¹³)	true	ye6	暂无	自旧档汇入	2023-07-05T08:47:08+08:00
崇明	衍(衍)	[空]	ye6(ɦie³¹³)	true	ye6	暂无	自旧档汇入	2023-07-05T08:47:08+08:00
崇明	雁(雁)	文读	ye6(ɦie³¹³)	true	ye6	暂无	自旧档汇入	2023-07-05T08:47:08+08:00
崇明	野(野)	文读	ye6(ɦie³¹³)	true	ye6	暂无	自旧档汇入	2023-07-05T08:47:08+08:00
崇明	夜(夜)	文读	ye6(ɦie³¹³)	true	ye6	暂无	自旧档汇入	2023-07-05T08:47:08+08:00
崇明	液(液)	[空]	ye6(ɦie³¹³)	true	ye6	暂无	自旧档汇入	2023-07-05T08:47:08+08:00
崇明	冶(冶)	[空]	ye6(ɦie³¹³)	true	ye6	暂无	自旧档汇入	2023-07-05T08:47:08+08:00
崇明	腋(腋)	[空]	ye6(ɦie³¹³)	true	ye6	暂无	自旧档汇入	2023-07-05T08:47:08+08:00
崇明	官(官)	[空]	kue1(kue⁵⁵)	true	kue1	暂无	自旧档汇入	2023-07-05T08:47:08+08:00
崇明	棺(棺)	[空]	kue1(kue⁵⁵)	true	kue1	暂无	自旧档汇入	2023-07-05T08:47:08+08:00
崇明	倌(倌)	[空]	kue1(kue⁵⁵)	true	kue1	暂无	自旧档汇入	2023-07-05T08:47:08+08:00
崇明	观(觀)	~音	kue1(kue⁵⁵)	true	kue1	暂无	自旧档汇入	2023-07-05T08:47:08+08:00
崇明	冠(冠)	衣~	kue1(kue⁵⁵)	true	kue1	暂无	自旧档汇入	2023-07-05T08:47:08+08:00
崇明	管(管)	[空]	kue3(kue⁴²⁴)	true	kue3	暂无	自旧档汇入	2023-07-05T08:47:08+08:00
崇明	馆(館)	[空]	kue3(kue⁴²⁴)	true	kue3	暂无	自旧档汇入	2023-07-05T08:47:08+08:00
崇明	盥(盥)	[空]	kue3(kue⁴²⁴)	true	kue3	暂无	自旧档汇入	2023-07-05T08:47:08+08:00
崇明	莞(莞)	东~	kue3(kue⁴²⁴)	true	kue3	暂无	自旧档汇入	2023-07-05T08:47:08+08:00
崇明	贯(貫)	[空]	kue5(kue³³)	true	kue5	暂无	自旧档汇入	2023-07-05T08:47:08+08:00
崇明	观(觀)	道~	kue5(kue³³)	true	kue5	暂无	自旧档汇入	2023-07-05T08:47:08+08:00
崇明	冠(冠)	~军	kue5(kue³³)	true	kue5	暂无	自旧档汇入	2023-07-05T08:47:08+08:00
崇明	罐(罐)	[空]	kue5(kue³³)	true	kue5	暂无	自旧档汇入	2023-07-05T08:47:08+08:00
崇明	灌(灌)	[空]	kue5(kue³³)	true	kue5	暂无	自旧档汇入	2023-07-05T08:47:08+08:00
崇明	宽(寬)	[空]	khue1(kʰue⁵⁵)	true	khue1	暂无	自旧档汇入	2023-07-05T08:47:08+08:00
崇明	髋(髖)	[空]	khue1(kʰue⁵⁵)	true	khue1	暂无	自旧档汇入	2023-07-05T08:47:08+08:00
崇明	款(款)	[空]	khue3(kʰue⁴²⁴)	true	khue3	暂无	自旧档汇入	2023-07-05T08:47:08+08:00
崇明	欢(歡)	[空]	hue1(hue⁵⁵)	true	hue1	暂无	自旧档汇入	2023-07-05T08:47:08+08:00
崇明	罐(罐)	[空]	hue1(hue⁵⁵)	true	hue1	暂无	自旧档汇入	2023-07-05T08:47:08+08:00
崇明	焕(煥)	[空]	hue5(hue³³)	true	hue5	暂无	自旧档汇入	2023-07-05T08:47:08+08:00
崇明	唤(喚)	[空]	hue5(hue³³)	true	hue5	暂无	自旧档汇入	2023-07-05T08:47:08+08:00
崇明	涣(渙)	[空]	hue5(hue³³)	true	hue5	暂无	自旧档汇入	2023-07-05T08:47:08+08:00
崇明	奂(奐)	[空]	hue5(hue³³)	true	hue5	暂无	自旧档汇入	2023-07-05T08:47:08+08:00
崇明	缓(緩)	~几天(推迟几天)	ue1(ue⁵⁵)	true	ue1	暂无	自旧档汇入	2023-07-05T08:47:08+08:00
崇明	缓(緩)	~和	ue3(ue⁴²⁴)	true	ue3	暂无	自旧档汇入	2023-07-05T08:47:08+08:00
崇明	碗(碗)	[空]	ue3(ue⁴²⁴)	true	ue3	暂无	自旧档汇入	2023-07-05T08:47:08+08:00
崇明	腕(腕)	[空]	ue3(ue⁴²⁴)	true	ue3	暂无	自旧档汇入	2023-07-05T08:47:08+08:00
崇明	婉(婉)	[空]	ue3(ue⁴²⁴)	true	ue3	暂无	自旧档汇入	2023-07-05T08:47:08+08:00
崇明	宛(宛)	[空]	ue3(ue⁴²⁴)	true	ue3	暂无	自旧档汇入	2023-07-05T08:47:08+08:00
崇明	畹(畹)	[空]	ue3(ue⁴²⁴)	true	ue3	暂无	自旧档汇入	2023-07-05T08:47:08+08:00
