text	verb	explanation	madarian	romen	ro_correct	hanzi	han_correct	page	description	toggle	note	updated_at
Médire	vn		毁谤，说坏话，话人是非	wo’ k‘ieû.		話恘		363		true	自旧档汇入	2026-04-13T01:27:08+08:00
Médire	vn		毁谤，说坏话，话人是非	wo’ gnen ke’ véh ’h‘ao(ze’ fi)(kou’ séh).		話人个勿好（是非）（過失）		363		true	自旧档汇入	2026-04-13T01:27:08+08:00
Médire	vn		毁谤，说坏话，话人是非	’kaong zang ’kaong ’teu.		講長講短		363		true	自旧档汇入	2026-04-13T01:27:08+08:00
Méditation	sf		沉思，思考	meh ’siang.		默想		363		true	自旧档汇入	2026-04-13T01:27:08+08:00
Méditation	sf	Sujet, points de - (C.).	默想题目	meh ’siang di moh.		默想題目		363		true	自旧档汇入	2026-04-13T01:27:08+08:00
Méditer	va. Et vn.		思考	’siang ih ’siang.		想一想		363		true	自旧档汇入	2026-04-13T01:27:08+08:00
Méditer	va. Et vn.		思考	meh ’siang.		默想		363		true	自旧档汇入	2026-04-13T01:27:08+08:00
Méfait	sm		坏事，罪过	wa’ ze’.		壞事		363		true	自旧档汇入	2026-04-13T01:27:08+08:00
Méfait	sm		坏事，罪过	zu’ kou’.		罪過		363		true	自旧档汇入	2026-04-13T01:27:08+08:00
Méfiant	adj		多疑的	gni woh ke’.		疑惑个		363		true	自旧档汇入	2026-04-13T01:27:08+08:00
Méfiant	adj		多疑的	gni sin.		疑心		363		true	自旧档汇入	2026-04-13T01:27:08+08:00
Méfier	vr	(Se) de qqn.	怀疑某人	gni woh i.		疑惑伊		363		true	自旧档汇入	2026-04-13T01:27:08+08:00
Mégarde	loc.adv	(Par).	不留心	ts‘éh yu wou sin ke’.		出于無心个		363		true	自旧档汇入	2026-04-13T01:27:08+08:00
Mégère	sf		泼妇	p‘éh wou’.		潑婦		363		true	自旧档汇入	2026-04-13T01:27:08+08:00
Mégère	sf		泼妇	tiao wou’.		刁婦		363		true	自旧档汇入	2026-04-13T01:27:08+08:00
Meilleur	adj		更好的	keng ’h‘ao.		更好		363		true	自旧档汇入	2026-04-13T01:27:08+08:00
Meilleur	adj		更好的	keng ka ’h‘ao.		更加好		363		true	自旧档汇入	2026-04-13T01:27:08+08:00
Meilleur	adj	Le -.	最好的，再好不过的	’ting ’h‘ao.		頂好		363		true	自旧档汇入	2026-04-13T01:27:08+08:00
Meilleur	adj	Le -.	最好的，再好不过的	tsu’ ’h‘ao.		最好		363		true	自旧档汇入	2026-04-13T01:27:08+08:00
Meilleur	adj	Le -.	最好的，再好不过的	tsai’ ’h‘ao m méh.		再好無末	再好嘸末	363		true	自旧档汇入	2026-04-13T01:27:08+08:00
Mélancolie	sf		忧闷的，气闷的	yeû men’.		憂悶		363		true	自旧档汇入	2026-04-13T01:27:08+08:00
Mélancolie	sf		忧闷的，气闷的	k‘i’ men’.		氣悶		363		true	自旧档汇入	2026-04-13T01:27:08+08:00
Mélancolie	sf		忧闷的，气闷的	sin ’li men’.		心裏悶		363		true	自旧档汇入	2026-04-13T01:27:08+08:00
Mélancolique	adj		愁闷的	zeû men’.		愁悶		363		true	自旧档汇入	2026-04-13T01:27:08+08:00
Mélancolique	adj		愁闷的	k‘i’.		氣		363		true	自旧档汇入	2026-04-13T01:27:08+08:00
Mélancolique	adj		愁闷的	zeû.		愁		363		true	自旧档汇入	2026-04-13T01:27:08+08:00
Mélangé	pp		混合的	wen’ zéh.		混雜		363		true	自旧档汇入	2026-04-13T01:27:08+08:00
Mélangé	pp		混合的	dao wou’ ’la ke’.		淘和拉个		363		true	自旧档汇入	2026-04-13T01:27:08+08:00
Mélasse	sf		糖水	mih tséh.		蜜汁		363		true	自旧档汇入	2026-04-13T01:27:08+08:00
Mélasse	sf		糖水	daong ’se.		糖水		363		true	自旧档汇入	2026-04-13T01:27:08+08:00
Mêlé	pp		混合的	zéh leu’.		雜亂		363		true	自旧档汇入	2026-04-13T01:27:08+08:00
Mêlé	pp		混合的	’ts‘iang wou’ ’la ke’.		搶和拉个	？和拉个	363	待定	true	自旧档汇入	2026-04-13T01:27:08+08:00
Mêler	va		搅拌	’kao wou’.		攪和		363		true	自旧档汇入	2026-04-13T01:27:08+08:00
Mêler	va		搅拌	’bé wou’.		拌和		363		true	自旧档汇入	2026-04-13T01:27:08+08:00
Mêler	vr	Se - des affaires des autres.	管闲事	’koé hè ze’.		管閑事		363		true	自旧档汇入	2026-04-13T01:27:08+08:00
Mêler	va	De quoi te mêles-tu?	关你什么事	koè nong’ sa’ ze’?		關儂啥事		363		true	自旧档汇入	2026-04-13T01:27:08+08:00
Méli-Mélo	sm		乱来，混杂	leu’ lai.		亂來		363		true	自旧档汇入	2026-04-13T01:27:08+08:00
Méli-Mélo	sm		乱来，混杂	wen’ zéh.		混雜		363		true	自旧档汇入	2026-04-13T01:27:08+08:00
Mélodieux	adj		悦耳的，好听的	mè ’h‘ao t‘ing.		蠻好聽		363		true	自旧档汇入	2026-04-13T01:27:08+08:00
Mélodieux	adj		悦耳的，好听的	wou k‘i’ ke’.		和氣个		363		true	自旧档汇入	2026-04-13T01:27:08+08:00
Melon	sm		瓜	kouo.		瓜		363		true	自旧档汇入	2026-04-13T01:27:08+08:00
Melon	sm	 - sucré.	甜瓜	dié kouo.		甜瓜		363		true	自旧档汇入	2026-04-13T01:27:08+08:00
Melon	sm	 - d'eau.	西瓜	si kouo.		西瓜		363		true	自旧档汇入	2026-04-13T01:27:08+08:00
Melonnière	sf		瓜地，瓜园	kouo di’.		瓜地		363		true	自旧档汇入	2026-04-13T01:27:08+08:00
Melonnière	sf		瓜地，瓜园	kouo’ yeu.		瓜園		363		true	自旧档汇入	2026-04-13T01:27:08+08:00
Membre	sm		一肢，手脚	ih tse.		一肢		363		true	自旧档汇入	2026-04-13T01:27:08+08:00
Membre	sm		一肢，手脚	’seû kiah.		手脚		363		true	自旧档汇入	2026-04-13T01:27:08+08:00
Membre	sm	Les 4 -s.	四肢	se’ tse.		四肢		363		true	自旧档汇入	2026-04-13T01:27:08+08:00
Même	adj		一样	dong.		同		363		true	自旧档汇入	2026-04-13T01:27:08+08:00
Même	adj		一样	ih yang’.		一樣		363		true	自旧档汇入	2026-04-13T01:27:08+08:00
Même	adj	 - nom, - prénom.	是同名同姓的人	ze’ dong ming dong sing’ ke’ gnen.		是同名同姓个人		363		true	自旧档汇入	2026-04-13T01:27:08+08:00
Même	adj	Du - âge.	同岁的，同年的	dong su’ sou’ ke’.		同歲數个		363		true	自旧档汇入	2026-04-13T01:27:08+08:00
Même	adj	Du - âge.	同岁的，同年的	dong gné ke’.		同年个		363		true	自旧档汇入	2026-04-13T01:27:08+08:00
Même	adj	De la - taille que vous.	和你一样高	dong(tèh) nong’ ih yang’ zang.		同（搭）儂一樣長		363		true	自旧档汇入	2026-04-13T01:27:08+08:00
Même	adj	Moi--.	我	’ngou ze’ ka.		我自家		363		true	自旧档汇入	2026-04-13T01:27:08+08:00
Même	adj	Toi--.	你	nong’ ze’ ka.		儂自家		363		true	自旧档汇入	2026-04-13T01:27:08+08:00
Même	adv	Il ose maudire - son maître.	连先生他也敢骂	lié sié sang i zi ’ké mô’ ke’.		連先生伊齊敢駡个		363		true	自旧档汇入	2026-04-13T01:27:08+08:00
Même	adv	N'avoir pas - de quoi manger.	连饭都吃不饱	lié ta’ k‘ieh zi m méh.		連帶吃齊無末	連帶吃齊嘸末	363		true	自旧档汇入	2026-04-13T01:27:08+08:00
Même	adv	Quand -. Et - si…	哪怕	’na p‘ouo’.		那怕		364		true	自旧档汇入	2026-04-13T01:27:08+08:00
Même	adv	Quand -. Et - si…	哪怕	zieû’ ze’.		就是		364		true	自旧档汇入	2026-04-13T01:27:08+08:00
Même	adv	Quand -. Et - si…	哪怕	’t‘aong ’se.		倘使		364		true	自旧档汇入	2026-04-13T01:27:08+08:00
Même	adv	Le fait est que je n'ai pas d'argent et - si j'en avais, voudrais-je..?	我没有铜钱，即使有铜钱我也……	’ngou m méh dong dié, zieû’ ze’ ’yeû dong dié, ’ngou ’a…		我無末銅錢，就是有銅錢我也…	我嘸末銅錢，就是有銅錢我也…	364	待定 標點	true	自旧档汇入	2026-04-13T01:27:08+08:00
Mémento	sm	Abrégé.	略记	liah ki’.		略記		364		true	自旧档汇入	2026-04-13T01:27:08+08:00
Mémoire	sf		记性	ki’ sing’(hé).		記性（含）		364		true	自旧档汇入	2026-04-13T01:27:08+08:00
Mémoire	sf	Graver dans sa -.	记在心里	ki’ ’la sin ’li.		記拉心裏		364		true	自旧档汇入	2026-04-13T01:27:08+08:00
Mémoire	sf	Graver dans sa -.	放在心上	faong’ ’la sin laong’		放拉心上		364		true	自旧档汇入	2026-04-13T01:27:08+08:00
Mémoire	sf	Ma - est en défaut.	我记错了	’ngou ki’ ts‘ouo’ ke’.		我記錯个		364		true	自旧档汇入	2026-04-13T01:27:08+08:00
Mémorable	adj		可以记载的，记得的	’k‘o ’i ki’ tsai’ ke’.		可以記載个		364		true	自旧档汇入	2026-04-13T01:27:08+08:00
Mémorable	adj		可以记载的，记得的	ki’ teh ke’.		記得个		364		true	自旧档汇入	2026-04-13T01:27:08+08:00
Mémorial	sm	au trône.	奏折，奏章	tseû’ tséh.		奏摺		364		true	自旧档汇入	2026-04-13T01:27:08+08:00
Mémorial	sm	au trône.	奏折，奏章	tseû’ tsang’.	tseû’ tsang.	奏章		364		true	自旧档汇入	2026-04-13T01:27:08+08:00
Menacer	va		吓，恐吓	’hah.	h‘ah.	嚇		364	印刷錯誤	true	自旧档汇入	2026-04-13T01:27:08+08:00
Menacer	va		吓，恐吓	’k‘ong hah.	’k‘ong h‘ah.	恐嚇		364		true	自旧档汇入	2026-04-13T01:27:08+08:00
Menacer	va		吓，恐吓	zeû ki’.		仇記		364		true	自旧档汇入	2026-04-13T01:27:08+08:00
Menacer	vn	 -.	将要	yao’.		要		364		true	自旧档汇入	2026-04-13T01:27:08+08:00
Menacer	va	Le mur menace de tomber.	墙快要倒了	ziang yao’ ’tao k‘oa’ ’tsé.		墻要倒快者		364		true	自旧档汇入	2026-04-13T01:27:08+08:00
Ménage	sm		一副灶头	ih fou’ tsao’ deû.		一副灶頭		364	保留簡體	true	自旧档汇入	2026-04-13T01:27:08+08:00
Ménage	sm	Entrer en -.	家具器具	zeng ka.		成家		364		true	自旧档汇入	2026-04-13T01:27:08+08:00
Ménage	sm	Faire - à part.	单身过日子	tè ling’ kou’ gnéh ’tse.		單另過日子		364		true	自旧档汇入	2026-04-13T01:27:08+08:00
Ménage	sm	Faire - à part.	单身过日子	dôh keu ’tse wéh ming’.		獨干子活命		364		true	自旧档汇入	2026-04-13T01:27:08+08:00
Ménager	adj		省俭的	tsou’ gnen ka.		做人家		364		true	自旧档汇入	2026-04-13T01:27:08+08:00
Ménager	adj		省俭的	’sang ghié’ ke’.		省儉个		364		true	自旧档汇入	2026-04-13T01:27:08+08:00
Ménager	va		省，节用	’sang.		省		364		true	自旧档汇入	2026-04-13T01:27:08+08:00
Ménager	va		省，节用	tsih yong’.		節用		364		true	自旧档汇入	2026-04-13T01:27:08+08:00
Ménager	va	 - son argent.	省钱	’sang dong dié.		省銅錢		364		true	自旧档汇入	2026-04-13T01:27:08+08:00
Ménager	va	 - son argent.	省钱	yong’ dong dié ’yeû tsih tse’.		用銅錢有節制		364		true	自旧档汇入	2026-04-13T01:27:08+08:00
Ménager	va	 - ses forces.	省力	’sang lih.		省力		364		true	自旧档汇入	2026-04-13T01:27:08+08:00
Ménager	va	 - ses forces.	省力	’pao ’zong ze’ ka.		保重自家		364		true	自旧档汇入	2026-04-13T01:27:08+08:00
Ménager	va	 - qqn.	原谅别人	k‘oé ’dai(gneu liang) biéh gnen.	k‘oé ’dai(gneu liang’) biéh gnen.	寬待（原諒）别人		364		true	自旧档汇入	2026-04-13T01:27:08+08:00
Ménagère	sf		家庭主妇	taong ka gnang gnang.		當家娘娘		364		true	自旧档汇入	2026-04-13T01:27:08+08:00
Ménagère	sf	Sa femme n'est pas bonne -.	他女人当不来家	i ke’ ’gnu gnen taong ka véh lai(’pouo ka véh ’long).		伊个女人當家勿來（把家勿攏）		364		true	自旧档汇入	2026-04-13T01:27:08+08:00
Ménagerie	sf		动物园	yang’ ghien seû’ ke’ yeu’.	’yang ghien seû’ ke’ yeu’.	養禽獸个院		364		true	自旧档汇入	2026-04-13T01:27:08+08:00
Mendiant	sm		乞丐	yao’ vè’ ke’.		要飯个		364		true	自旧档汇入	2026-04-13T01:27:08+08:00
Mendiant	sm		乞丐	kao’ h‘ouo’ ’tse.		叫化子	教化子	364		true	自旧档汇入	2026-04-13T01:27:08+08:00
Mendiant	sm		乞丐	souo kou ’taong.		沙鍋黨		364		true	自旧档汇入	2026-04-13T01:27:08+08:00
Mendiant	sm		乞丐	yao moh toh gnen	yao moh doh gnen	摇木鐸人		364		true	自旧档汇入	2026-04-13T01:27:08+08:00
Mendiant	sm	Qui demande du riz.	讨饭的	’t‘ao vè’ ke’.		討飯个		364		true	自旧档汇入	2026-04-13T01:27:08+08:00
Mendiant	sm	Ayant charge des -s.	乞丐	kao’ h‘ouo’ deû.		叫化頭	叫化子	364		true	自旧档汇入	2026-04-13T01:27:08+08:00
Mendier	va		讨饭的	yao’ vè’.		要飯		364		true	自旧档汇入	2026-04-13T01:27:08+08:00
Mendier	va		讨饭的	’t‘ao vè’.		討飯		364		true	自旧档汇入	2026-04-13T01:27:08+08:00
Mendier	va		讨饭的	ghieû k‘ieh.		求吃		364		true	自旧档汇入	2026-04-13T01:27:08+08:00
Menée	sf		心机，暗算	sin ki.		心機		364		true	自旧档汇入	2026-04-13T01:27:08+08:00
Menée	sf		心机，暗算	é’ seu’.		暗算		364		true	自旧档汇入	2026-04-13T01:27:08+08:00
Meneur	sm		领头，出头人	’ling deû.		領頭		364		true	自旧档汇入	2026-04-13T01:27:08+08:00
Meneur	sm		领头，出头人	ts‘éh deû gnen.		出頭人		364		true	自旧档汇入	2026-04-13T01:27:08+08:00
Meneur	sm	 - dans les troubles.	倡乱	ts‘ang leu’.		倡亂		364	待定	true	自旧档汇入	2026-04-13T01:27:08+08:00
Mener	va		带，领	ta’.		帶		364		true	自旧档汇入	2026-04-13T01:27:08+08:00
Mener	va		带，领	ling.	’ling.	領		364		true	自旧档汇入	2026-04-13T01:27:08+08:00
Mener	va		拉，牵	’la.		拉		364		true	自旧档汇入	2026-04-13T01:27:08+08:00
Mener	va		拉，牵	k‘ié.		牽		364	原作“撁”	true	自旧档汇入	2026-04-13T01:27:08+08:00
Mener	va	Se laisser -.	听话	t‘ing gnen wo’.		聽人話		364		true	自旧档汇入	2026-04-13T01:27:08+08:00
Mener	va		听话	pah wou yé ke’.		百和言个		364		true	自旧档汇入	2026-04-13T01:27:08+08:00
Menottes	sf.pl.		手铐	’seû k‘ao’.		手銬		365		true	自旧档汇入	2026-04-13T01:27:08+08:00
Menottes	sf.pl.	Mettre les - à qqn.	替某人戴上手铐	t‘i’ i zaong’ ’k‘i ’seû k‘ao’ lai.		替伊上起手銬來		365		true	自旧档汇入	2026-04-13T01:27:08+08:00
Mensonge	sm		谎话	hiu wo’.		虚話		365		true	自旧档汇入	2026-04-13T01:27:08+08:00
Mensonge	sm		谎话	’hoang wo’.	’h‘oang wo’.	謊話		365		true	自旧档汇入	2026-04-13T01:27:08+08:00
Mensonger	adj		假的	’ka ke’.		假个		365		true	自旧档汇入	2026-04-13T01:27:08+08:00
Mensonger	adj		假的	hiu ’ka ke’.		虚假个		365		true	自旧档汇入	2026-04-13T01:27:08+08:00
Menstrues	sf.pl.		月经	gneuh sin’.		月信		365		true	自旧档汇入	2026-04-13T01:27:08+08:00
Menstrues	sf.pl.		月经	kieng ’se.		經水		365		true	自旧档汇入	2026-04-13T01:27:08+08:00
Mental	adj		心里的	sin ’li ke’.		心裏个		365		true	自旧档汇入	2026-04-13T01:27:08+08:00
Mentalement	adv		心里的	sin ’li hiang’.		心裏向		365		true	自旧档汇入	2026-04-13T01:27:08+08:00
Menteur	sm		骗子	hiu wo’ k‘ah gnen.		虚話客人		365		true	自旧档汇入	2026-04-13T01:27:08+08:00
Menteur	sm		骗子	véh lao zéh ke’.		勿牢實个		365		true	自旧档汇入	2026-04-13T01:27:08+08:00
Menteur	sm		骗子	wèh k‘ah.		猾客		365		true	自旧档汇入	2026-04-13T01:27:08+08:00
Menthe	sf	poivrée.	薄荷	bôh wou.		薄荷		365		true	自旧档汇入	2026-04-13T01:27:08+08:00
Mentionner	va		提着	di zah.		提着		365		true	自旧档汇入	2026-04-13T01:27:08+08:00
Mentionner	va		提着	di ’k‘i.		提起		365		true	自旧档汇入	2026-04-13T01:27:08+08:00
Mentir	vn		说谎话	wo’ hiu wo’.		話虚話		365		true	自旧档汇入	2026-04-13T01:27:08+08:00
Mentir	vn		说谎话	seh ’hoang wo’.	seh ’h‘oang wo’.	説謊話		365		true	自旧档汇入	2026-04-13T01:27:08+08:00
Mentir	vn		说谎话	hèh wo’.	h‘èh wo’.	瞎話		365		true	自旧档汇入	2026-04-13T01:27:08+08:00
Menton	sm		下巴	’hao pouo.		下巴		365		true	自旧档汇入	2026-04-13T01:27:08+08:00
Menu	adj 		细，细微	si’.		細		365		true	自旧档汇入	2026-04-13T01:27:08+08:00
Menu	adj 		细，细微	si’ wei.		細微		365		true	自旧档汇入	2026-04-13T01:27:08+08:00
Menu	adj 	 -s objets.	零碎东西	lih lih sih sih.		粒粒屑屑		365		true	自旧档汇入	2026-04-13T01:27:08+08:00
Menu	adj 	 -s objets.	零碎东西	ling sé’ tong si.		零碎東西		365		true	自旧档汇入	2026-04-13T01:27:08+08:00
Menu	adj 	 -es dépenses.	零用	ling yong’.		零用		365		true	自旧档汇入	2026-04-13T01:27:08+08:00
Menu	adj 	Coupé en -s morceaux.	切细	ts‘ih(’tsè) si’.		切（斬）細		365		true	自旧档汇入	2026-04-13T01:27:08+08:00
Menu	sm	Gens du -.	微不足道的人们	’siao pah sing’.		小百姓		365		true	自旧档汇入	2026-04-13T01:27:08+08:00
Menu	sm	 - d'un repas.	菜单	ts‘ai’ tè [ih tsang].		菜單[一張]		365		true	自旧档汇入	2026-04-13T01:27:08+08:00
Menuisier	sm		木匠，小木作	moh ziang’.		木匠		365		true	自旧档汇入	2026-04-13T01:27:08+08:00
Menuisier	sm		木匠，小木作	’siao moh tsoh.		小木作		365		true	自旧档汇入	2026-04-13T01:27:08+08:00
Méphitique	adj	Air -.	恶臭的	dôh k‘i’.		毒氣		365		true	自旧档汇入	2026-04-13T01:27:08+08:00
Méprisable	adj		卑贱的，看不起的	pei zié’ ke’.		卑賤个		365		true	自旧档汇入	2026-04-13T01:27:08+08:00
Méprisant	adj		卑贱的，看不起的	k‘eu’ véh ’k‘i ke’.		看勿起个		365		true	自旧档汇入	2026-04-13T01:27:08+08:00
Méprise	sf	Faire une -.	错	ts‘ouo’.		錯		365		true	自旧档汇入	2026-04-13T01:27:08+08:00
Méprise	sf	Faire une -.	错	ts‘ouo’ ngou’.		錯誤		365		true	自旧档汇入	2026-04-13T01:27:08+08:00
Mépriser	va	Dédaigner.	看轻	k‘eu’ k‘ieng.		看輕		365		true	自旧档汇入	2026-04-13T01:27:08+08:00
Mépriser	va	Dédaigner.	看轻	k‘ieng mè’.		看慢		365		true	自旧档汇入	2026-04-13T01:27:08+08:00
Mer	sf		海	’h‘ai.		海		365		true	自旧档汇入	2026-04-13T01:27:08+08:00
Mer	sf		海	da’ yang.		大洋		365		true	自旧档汇入	2026-04-13T01:27:08+08:00
Mercenaire	sm		雇佣的，为钱的	teh kong dié ke’.		得工錢个		365		true	自旧档汇入	2026-04-13T01:27:08+08:00
Mercenaire	sm.Fig.	Homme intéressé.	追求利益的	’tè ’siang dong dié ke’	dè’ ’siang dong dié ke’	但想銅錢个		365		true	自旧档汇入	2026-04-13T01:27:08+08:00
Merci	sm		谢谢	zia’ zia’.		謝謝		365		true	自旧档汇入	2026-04-13T01:27:08+08:00
Merci	sm	Un grand -.	多谢	tou zia’.		多謝		365		true	自旧档汇入	2026-04-13T01:27:08+08:00
Merci	sm	 - de votre bonté.	承你一番好心	zeng nong’ ih fè ’h‘ao sin.		承儂一番好心		365		true	自旧档汇入	2026-04-13T01:27:08+08:00
Merci	sm	Vs allez bien? Oui, -.	您好吗？好，谢谢。	’h‘ao ’la ’va? k‘ao’ foh.		好拉否？靠福		365		true	自旧档汇入	2026-04-13T01:27:08+08:00
Mercier	sm		服饰用品商	k‘ai zéh fou’ tié’.		開雜貨店		365		true	自旧档汇入	2026-04-13T01:27:08+08:00
Mercier	sm		服饰用品商	ma’ sié’ ke’.		賣綫个		365		true	自旧档汇入	2026-04-13T01:27:08+08:00
Mercredi	sm		礼拜三	tsé ’li se’.		瞻禮四		365		true	自旧档汇入	2026-04-13T01:27:08+08:00
Mercredi	sm	 -.(Pr.)	礼拜三	’li pa’ sè.		禮拜三		365		true	自旧档汇入	2026-04-13T01:27:08+08:00
Mercure	sm		水银	’se gnen.		水銀		365		true	自旧档汇入	2026-04-13T01:27:08+08:00
Mercure	sm	Planète.	水星	’se sing.		水星		365		true	自旧档汇入	2026-04-13T01:27:08+08:00
Mère	sf		母亲	’mou ts‘in.		母親		365		true	自旧档汇入	2026-04-13T01:27:08+08:00
Mère	sf		母亲	gnang.		娘		365		true	自旧档汇入	2026-04-13T01:27:08+08:00
Mère	sf	La - de Dieu (C.)	天主的圣母	T‘ié ’tsu ke’ seng’ ’mou.		天主个聖母		365		true	自旧档汇入	2026-04-13T01:27:08+08:00
Mère	sf	Ma -.	家母	ka ’mou(ze).		家母（慈）		365		true	自旧档汇入	2026-04-13T01:27:08+08:00
Mère	sf	Les poussins suivent leur -.	小鸡跟着大鸡	’siao ki ken dou’ ki.		小鷄跟大鷄		365		true	自旧档汇入	2026-04-13T01:27:08+08:00
Méridien	sm		子午线，经络	kieng sié’.		經綫		365		true	自旧档汇入	2026-04-13T01:27:08+08:00
Méridional	adj		南，南面的	né.		南		366		true	自旧档汇入	2026-04-13T01:27:08+08:00
Méridional	adj		南，南面的	né mié’ ke’.		南面个		366		true	自旧档汇入	2026-04-13T01:27:08+08:00
Mérite	sm		功劳，功德	kong.		功		366		true	自旧档汇入	2026-04-13T01:27:08+08:00
Mérite	sm		功劳，功德	kong lao.		功勞		366		true	自旧档汇入	2026-04-13T01:27:08+08:00
Mérite	sm		功劳，功德	kong teh.		功德		366		true	自旧档汇入	2026-04-13T01:27:08+08:00
Mérite	sm	Acquérir des -s.	立功劳	lih kong lao.		立功勞		366		true	自旧档汇入	2026-04-13T01:27:08+08:00
Mérite	sm	Personne de -.	大才能	dou’ zai neng.		大才能		366		true	自旧档汇入	2026-04-13T01:27:08+08:00
Mériter	va		應該受	yeng kai ’zeû		應該受		366		true	自旧档汇入	2026-04-13T01:27:08+08:00
Mériter	vn		有功勞	’yeû kong lao		有功勞		366		true	自旧档汇入	2026-04-13T01:27:08+08:00
Merle	sm		乌鸫	ou tsen		烏[春鳥]	烏？	366	待定	true	自旧档汇入	2026-04-13T01:27:08+08:00
Merveille	sf		奇迹	ghi miao’ ke’ ze’ ’t‘i.		奇妙个事體		366		true	自旧档汇入	2026-04-13T01:27:08+08:00
Merveille	sf	À -.	奇迹	ghieh ’h‘ao.		極好		366		true	自旧档汇入	2026-04-13T01:27:08+08:00
Merveille	sf	À -.	奇迹	ghi ghieh.		奇極		366		true	自旧档汇入	2026-04-13T01:27:08+08:00
Merveilleux	adj		奇迹的	ghi miao’.		奇妙		366		true	自旧档汇入	2026-04-13T01:27:08+08:00
Merveilleux	adj		奇迹的	miao’ ghieh.		妙極		366		true	自旧档汇入	2026-04-13T01:27:08+08:00
Mésalliance	sf		门不当户不对	men wou’ véh siang tei’.		門户勿相對		366		true	自旧档汇入	2026-04-13T01:27:08+08:00
Mésaventure	sf		不称心的事	véh ts‘eng’ sin ke’ ze’ ’t‘i.		勿稱心个事體		366		true	自旧档汇入	2026-04-13T01:27:08+08:00
Mésintelligence	sf		不和睦	véh wou moh(tei’ kieng’).		勿和睦（對勁）		366		true	自旧档汇入	2026-04-13T01:27:08+08:00
Mesquin	adj	[Homme].	小气的	’siao k‘i’.		小氣		366		true	自旧档汇入	2026-04-13T01:27:08+08:00
Mesquin	adj	[Homme].	小气的	seu’ kien seu’ ’liang.		算斤算兩		366		true	自旧档汇入	2026-04-13T01:27:08+08:00
Mesquin	adj	[Homme].	小气的	mih si’ gnen.		密細人		366	另有“密息人”	true	自旧档汇入	2026-04-13T01:27:08+08:00
Mesquin	adj	[Chose]. C'est par trop -.	不体面的	ih ’tié véh ’t‘i mié’.		一點勿體面		366		true	自旧档汇入	2026-04-13T01:27:08+08:00
Mesquinement	adv		小心眼地，气量小地	’dou bi neng ke’ ’siao ya.		肚皮能个小呀		366		true	自旧档汇入	2026-04-13T01:27:08+08:00
Mesquinement	adv	Traiter -.	待人刻薄	’dai gnen k‘eh bôh.		待人刻薄		366		true	自旧档汇入	2026-04-13T01:27:08+08:00
Message	sm	oral.	口信	’k‘eû sin’.		口信		366		true	自旧档汇入	2026-04-13T01:27:08+08:00
Message	sm	 - écrit.	书信	sin’.		信		366		true	自旧档汇入	2026-04-13T01:27:08+08:00
Message	sm	 - écrit.	书信	su sin’.		書信		366		true	自旧档汇入	2026-04-13T01:27:08+08:00
Messager	sm		送信的，报信的	song’ sin’ ke’.		送信个		366		true	自旧档汇入	2026-04-13T01:27:08+08:00
Messager	sm		送信的，报信的	pao’ sin’ ke’.		報信个		366		true	自旧档汇入	2026-04-13T01:27:08+08:00
Messe	sf	(C.)	弥撒	mi-sèh.		彌撒		366		true	自旧档汇入	2026-04-13T01:27:08+08:00
Messe	sf	Dire une -.(C.)	做弥撒	tsou’ ih dai mi-sèh.		做一台彌撒		366	保留簡體	true	自旧档汇入	2026-04-13T01:27:08+08:00
Messe	sf	Servir une -.(C.)	辅弥撒，辅祭	wou’ mi-sèh.		輔彌撒		366	待定	true	自旧档汇入	2026-04-13T01:27:08+08:00
Messe	sf	Servir une -.(C.)	辅弥撒，辅祭	wou’ tsi’.		輔祭		366		true	自旧档汇入	2026-04-13T01:27:08+08:00
Messe	sf	Assister à la -.	望弥撒	maong’ mi-sèh.		望彌撒		366		true	自旧档汇入	2026-04-13T01:27:08+08:00
Messe	sf	 - sans honoraires.	哀矜弥撒	ai kieng mi-sèh.		哀矜彌撒		366		true	自旧档汇入	2026-04-13T01:27:08+08:00
Messe	sf	 - d'anniversaire.	周年弥撒	tseû gné mi-sèh.		周年彌撒		366		true	自旧档汇入	2026-04-13T01:27:08+08:00
Messéant	adj		不合礼的，不合时宜的	véh héh ’li.		無合禮		366		true	自旧档汇入	2026-04-13T01:27:08+08:00
Messéant	adj		不合礼的，不合时宜的	véh siang gni.		勿相宜		366		true	自旧档汇入	2026-04-13T01:27:08+08:00
Messie	sm	(C.)	救世主	kieû’ se’ ’tsu.		救世主		366		true	自旧档汇入	2026-04-13T01:27:08+08:00
Mesure	sf	de longueur.	尺寸	ts‘ah ts‘en’.		尺寸		366		true	自旧档汇入	2026-04-13T01:27:08+08:00
Mesure	sf	 - de capacité.	升斗	seng ’teû.		升斗		366		true	自旧档汇入	2026-04-13T01:27:08+08:00
Mesure	sf	 - de capacité.	升斗	’teû woh.		斗斛		366		true	自旧档汇入	2026-04-13T01:27:08+08:00
Mesure	sf	N'avoir pas la - voulue.	尺寸不够	ts‘ah ts‘en’ véh keû’.		尺寸勿彀		366		true	自旧档汇入	2026-04-13T01:27:08+08:00
Mesure	sf	User de fausses -s.	大寸进，小寸出	dou’ ts‘en’ tsin’, ’siao ts‘en’ ts‘éh.		大寸進，小寸出		366	格式	true	自旧档汇入	2026-04-13T01:27:08+08:00
Mesure	sf	Battre la -(musique).	打板	’tang ’pè.		打板		366		true	自旧档汇入	2026-04-13T01:27:08+08:00
Mesure	sf	Oublier à - que l'on apprend.	一头学一头忘	ih deû hoh ih deû maong’ ki’.		一頭學一頭忘記		366		true	自旧档汇入	2026-04-13T01:27:08+08:00
Mesure	sf	Outre -.	过分	kou’ ven’.		過分		366		true	自旧档汇入	2026-04-13T01:27:08+08:00
Mesure	sf	Outre -.	过分	t‘ai’ kou’ ven’.		太過分		366		true	自旧档汇入	2026-04-13T01:27:08+08:00
Mesure	sf	Sans -.	无限无量的	wou yè’ wou liang’ ke’.		無限無量个		366		true	自旧档汇入	2026-04-13T01:27:08+08:00
Mesure	sf	Prendre des -s préventives.	防备	baong bei’.		防備		366		true	自旧档汇入	2026-04-13T01:27:08+08:00
Mesurer	va		量一量	liang ih liang.		量一量		366		true	自旧档汇入	2026-04-13T01:27:08+08:00
Mesurer	va		量一量	kou’ kou’ ’teû.		過過斗		366		true	自旧档汇入	2026-04-13T01:27:08+08:00
Mesurer	va	Ne pouvoir se - avec qqn.	敌不住某人	tieh véh zu’ i.	dieh véh zu’ i.	敵勿住伊		366		true	自旧档汇入	2026-04-13T01:27:08+08:00
Mesurer	va	Ne pouvoir se - avec qqn.	敌不住某人	ghiang véh kou’ i.		强勿過伊		366		true	自旧档汇入	2026-04-13T01:27:08+08:00
Mesurer	va	Ne pouvoir se - en paroles.	说不过某人	wo’ véh kou’ i.		話勿過伊		367		true	自旧档汇入	2026-04-13T01:27:08+08:00
Métairie	sf		宅	zah.		宅		367		true	自旧档汇入	2026-04-13T01:27:08+08:00
Métayer	sm		佃户	dié’ wou’.		佃户		367		true	自旧档汇入	2026-04-13T01:27:08+08:00
Métallurgie	sf		炼金学	lié’ kien yah.		鏈金學	煉金學	367		true	自旧档汇入	2026-04-13T01:27:08+08:00
Métal	sm		金属	kien.		金		367		true	自旧档汇入	2026-04-13T01:27:08+08:00
Métal	sm	Les 5 métaux: Or. Argent. Cuivre. Fer. Étain.	五金：金；银；铜；铁；锡	’n kien: kien; gnen; dong; t‘ih; sih.		五金：金；銀；銅；鐵；錫		367		true	自旧档汇入	2026-04-13T01:27:08+08:00
Métamorphoser	va		改变	pié’.		變		367		true	自旧档汇入	2026-04-13T01:27:08+08:00
Métamorphoser	va		改变	’kai pié’.		改變		367		true	自旧档汇入	2026-04-13T01:27:08+08:00
Métaphore	sf		比方，比喻	’pi faong.		比方		367		true	自旧档汇入	2026-04-13T01:27:08+08:00
Métaphore	sf		比方，比喻	’pi yu’.		比喻		367		true	自旧档汇入	2026-04-13T01:27:08+08:00
Métaphorique	adj	(Sens).	借意	tsia’ i’.		借意		367		true	自旧档汇入	2026-04-13T01:27:08+08:00
Métempsycose	sf		轮回	deû sang.		投生		367		true	自旧档汇入	2026-04-13T01:27:08+08:00
Métempsycose	sf		轮回	len wei.		輪迴		367		true	自旧档汇入	2026-04-13T01:27:08+08:00
Météore	sm		流星	yi’ sing.		异星		367		true	自旧档汇入	2026-04-13T01:27:08+08:00
Météorologie	sf		气象学	fong ’yu yah.		風雨學		367		true	自旧档汇入	2026-04-13T01:27:08+08:00
Méthode	sf	Moyen.	方法	fèh ’tse.		法子		367		true	自旧档汇入	2026-04-13T01:27:08+08:00
Méthode	sf	Moyen.	方法	faong fèh.		方法		367		true	自旧档汇入	2026-04-13T01:27:08+08:00
Méthode	sf	Moyen.	方法	men lou’.		門路		367		true	自旧档汇入	2026-04-13T01:27:08+08:00
Méthode	sf	Règles.	规矩	koei ’kiu.		規矩		367		true	自旧档汇入	2026-04-13T01:27:08+08:00
Méthode	sf	Ordre.	次序	tse’ zu’.	ts‘e’ zu’.	次序		367		true	自旧档汇入	2026-04-13T01:27:08+08:00
Méthodique	adj		有条有理的，按次序的	a tse’ zu’.	a ts‘e’ zu’.	挨次序		367		true	自旧档汇入	2026-04-13T01:27:08+08:00
Méthodique	adj		有条有理的，按次序的	’yeû diao ’yeû ’li.		有條有理		367		true	自旧档汇入	2026-04-13T01:27:08+08:00
Méticuleux	adj		过分小心的	t‘ai’ ’siao sin.		太小心		367		true	自旧档汇入	2026-04-13T01:27:08+08:00
Méticuleux	adj		过分小心的	t‘ai’ si’ sin.		太細心		367		true	自旧档汇入	2026-04-13T01:27:08+08:00
Méticuleux	sm		细心的人	kéh tèh.		合搭	？？	367	待定 一作“疙瘩”	true	自旧档汇入	2026-04-13T01:27:08+08:00
Méticuleux	sm		细心的人	mih si’ gnen.		密細人		367		true	自旧档汇入	2026-04-13T01:27:08+08:00
Métier	sm		手艺，行当	’seû gni’.		手藝		367		true	自旧档汇入	2026-04-13T01:27:08+08:00
Métier	sm		手艺，行当	hang taong.		行當		367		true	自旧档汇入	2026-04-13T01:27:08+08:00
Métier	sm	Vivre de son -.	靠手业过活	k‘ao’ ’seû gnéh wéh gnéh ’tse.		靠手業活日子		367		true	自旧档汇入	2026-04-13T01:27:08+08:00
Métier	sm	 - de tisserand.	布机	pou’ ki [ih tsah].		布機[一隻]		367		true	自旧档汇入	2026-04-13T01:27:08+08:00
Métropole	sf	de l'Empire.	京城	kieng zeng.		京城		367		true	自旧档汇入	2026-04-13T01:27:08+08:00
Métropole	sf	 - d'une province.	省城	’sang zeng.		省城		367		true	自旧档汇入	2026-04-13T01:27:08+08:00
Mots	sm		菜肴	’siao ts‘ai’.		小菜		367		true	自旧档汇入	2026-04-13T01:27:08+08:00
Mots	sm		菜肴	ts‘ai’ ’se.		菜水		367		true	自旧档汇入	2026-04-13T01:27:08+08:00
Mots	sm		菜肴	k‘ieh ghiôh.		吃局		367		true	自旧档汇入	2026-04-13T01:27:08+08:00
Mettre	va		放，摆	faong’.		放		367		true	自旧档汇入	2026-04-13T01:27:08+08:00
Mettre	va		放，摆	eu.		安		367		true	自旧档汇入	2026-04-13T01:27:08+08:00
Mettre	va		放，摆	’pa.		擺		367		true	自旧档汇入	2026-04-13T01:27:08+08:00
Mettre	va	 - de l'huile.	添油	t‘ié(ka) yeû.		添（加）油		367		true	自旧档汇入	2026-04-13T01:27:08+08:00
Mettre	va	 - dans.	装，放	tsaong.		裝		367		true	自旧档汇入	2026-04-13T01:27:08+08:00
Mettre	va	 - dans.	装，放	faong’.		放		367		true	自旧档汇入	2026-04-13T01:27:08+08:00
Mettre	va	 - dans.	装，放	eu.		安		367		true	自旧档汇入	2026-04-13T01:27:08+08:00
Mettre	va	 - [un habit, des bottes].	穿	tsah(tsé).		著（穿）		367		true	自旧档汇入	2026-04-13T01:27:08+08:00
Mettre	va	 - [un chapeau].	戴	ta’.		戴		367		true	自旧档汇入	2026-04-13T01:27:08+08:00
Mettre	vr	Se - en avant.	有出息	ts‘éh zang.		出場		367		true	自旧档汇入	2026-04-13T01:27:08+08:00
Mettre	vr	Se - en avant.	敢於出頭	tsou’ ts‘éh deû zé ’tse.		做出頭椽子		367		true	自旧档汇入	2026-04-13T01:27:08+08:00
Mettre	va	On se mit à se battre.	互相打起来	siang ’tang ’k‘i lai ’tsé.		相打起來者		367		true	自旧档汇入	2026-04-13T01:27:08+08:00
Mettre	va	Se - à l'œuvre.	动工	dong’ kong.		動工		367		true	自旧档汇入	2026-04-13T01:27:08+08:00
Mettre	va	Se - à l'œuvre.	动工	k‘ai kong.		開工		367		true	自旧档汇入	2026-04-13T01:27:08+08:00
Mettre	va	Se - à écrire.	下笔	hao’ pieh.	’hao pieh.	下筆		367		true	自旧档汇入	2026-04-13T01:27:08+08:00
Mettre	va	Mettons-nous-y tous.	大家出力	da’ ka ts‘éh lih.		大家出力		367		true	自旧档汇入	2026-04-13T01:27:08+08:00
Meuble	sm		家具	waong kè ’li dong’ yong’ zéh wéh.		房間裏動用什物		367		true	自旧档汇入	2026-04-13T01:27:08+08:00
Meuble	sm	Ustensile.	家具	ka sang.		傢生		367		true	自旧档汇入	2026-04-13T01:27:08+08:00
Meuble	sm	Ustensile.	家具	k‘i’ ghiu’.		器具		367		true	自旧档汇入	2026-04-13T01:27:08+08:00
Meubler	va		摆设出来	’pa séh ts‘éh lai.		擺設出來		367		true	自旧档汇入	2026-04-13T01:27:08+08:00
Meule	sf		磨子	mô ’tse.		磨子		367		true	自旧档汇入	2026-04-13T01:27:08+08:00
Meule	sf		磨子	mô.		磨		367		true	自旧档汇入	2026-04-13T01:27:08+08:00
Meule	sf	Tourner la -.	推磨	t‘ei mô.		推磨		367		true	自旧档汇入	2026-04-13T01:27:08+08:00
Meule	sf	Tourner la -.	推磨	’la(k‘ié) mô.		拉（牽）磨		367		true	自旧档汇入	2026-04-13T01:27:08+08:00
Meule	sf	 - de foin.	草堆	’ts‘ao tei.		草堆		368		true	自旧档汇入	2026-04-13T01:27:08+08:00
Meule	sf	Mettre en -.	上堆，上柴	zaong’ tei;		上堆		368		true	自旧档汇入	2026-04-13T01:27:08+08:00
Meule	sf	Mettre en -.	上堆，上柴	zaong’ za.		上柴		368		true	自旧档汇入	2026-04-13T01:27:08+08:00
Meunier	sm		磨坊人	mô faong gnen.		磨坊人		368		true	自旧档汇入	2026-04-13T01:27:08+08:00
Meurtre	sm		杀人罪	sèh gnen ke’ zu’.		殺人个罪		368		true	自旧档汇入	2026-04-13T01:27:08+08:00
Meurtrier	sm		凶手	hiong ’seù.		凶手		368		true	自旧档汇入	2026-04-13T01:27:08+08:00
Meurtrière	sf		枪眼	p‘ao’ men(dong’).		炮門（洞）		368		true	自旧档汇入	2026-04-13T01:27:08+08:00
Meurtrir	va		打伤，打坏，打青	’tang saong.		打傷		368		true	自旧档汇入	2026-04-13T01:27:08+08:00
Meurtrir	va		打伤，打坏，打青	’tang wa’.		打壞		368		true	自旧档汇入	2026-04-13T01:27:08+08:00
Meurtrir	va		打伤，打坏，打青	’tang ts‘ing.		打青		368		true	自旧档汇入	2026-04-13T01:27:08+08:00
Meurtrissure	sf		乌青，发青	wou ts‘ing k‘oei’.		烏青塊		368		true	自旧档汇入	2026-04-13T01:27:08+08:00
Meurtrissure	sf		乌青，发青	féh ts‘ing.	fèh ts‘ing.	發青		368		true	自旧档汇入	2026-04-13T01:27:08+08:00
Mi	adj		半	pé’.		半		368		true	自旧档汇入	2026-04-13T01:27:08+08:00
Mi	adj	À --chemin.	半路上	pé’ lou’ laong’.		半路上		368		true	自旧档汇入	2026-04-13T01:27:08+08:00
Mi	adj	S'arrêter à --chemin.	半途而废	pé’ dou eul fi’.		半途而廢		368		true	自旧档汇入	2026-04-13T01:27:08+08:00
Mi	adj	À --côté.	半山上	pé’ sè laong’.		半山上		368		true	自旧档汇入	2026-04-13T01:27:08+08:00
Mi	adj	À --côté.	半山上	tsong sè.		中山		368		true	自旧档汇入	2026-04-13T01:27:08+08:00
Miasme	sm		毒气，臭气	dôh k‘i’.		毒氣		368		true	自旧档汇入	2026-04-13T01:27:08+08:00
Miasme	sm		毒气，臭气	wen k‘i’.		瘟氣		368		true	自旧档汇入	2026-04-13T01:27:08+08:00
Miasme	sm		毒气，臭气	tseû k‘i’.	ts‘eû’ k‘i’.	臭氣		368		true	自旧档汇入	2026-04-13T01:27:08+08:00
Miauler	vn		猫叫	mao kiao’.		猫叫		368		true	自旧档汇入	2026-04-13T01:27:08+08:00
Michel	sm		弥额尔	mi-ngah-’eul.		彌額爾		368		true	自旧档汇入	2026-04-13T01:27:08+08:00
Microscope	sm		显微镜	’hié wei kieng’.		顯微鏡		368		true	自旧档汇入	2026-04-13T01:27:08+08:00
Midi	sm		中午，午时，十二点	gnéh tsong.		日中		368		true	自旧档汇入	2026-04-13T01:27:08+08:00
Midi	sm		中午，午时，十二点	’ou(’n) ze.		午時		368		true	自旧档汇入	2026-04-13T01:27:08+08:00
Midi	sm		中午，午时，十二点	zéh gni’ ’tié tsong.		十二點鐘		368		true	自旧档汇入	2026-04-13T01:27:08+08:00
Midi	sm	À -.	正午	gnéh tsong sin ’li.		日中心裏		368		true	自旧档汇入	2026-04-13T01:27:08+08:00
Midi	sm	Avant -.	上半天	zaong’ pé’ gnéh.		上半日		368		true	自旧档汇入	2026-04-13T01:27:08+08:00
Midi	sm	Après -.	下半天	’hao pé’ gnéh.		下半日		368		true	自旧档汇入	2026-04-13T01:27:08+08:00
Midi	sm	Après -.	下午	’hao tseû’.		下晝		368		true	自旧档汇入	2026-04-13T01:27:08+08:00
Midi	sm	Sud: tourné au -.	朝南，向阳	zao né.		朝南		368		true	自旧档汇入	2026-04-13T01:27:08+08:00
Midi	sm	Sud: tourné au -.	朝南，向阳	hiang’ yang’.		向陽		368		true	自旧档汇入	2026-04-13T01:27:08+08:00
Mie	sf		面包心	mé deû sin.		饅頭心		368		true	自旧档汇入	2026-04-13T01:27:08+08:00
Miel	sm		蜂蜜	mih.		蜜汁		368		true	自旧档汇入	2026-04-13T01:27:08+08:00
Miel	sm		蜂蜜	fong mih.		蜂蜜		368		true	自旧档汇入	2026-04-13T01:27:08+08:00
Mielleux	adj		蜜甜的	dié zu mih.		甜如蜜		368		true	自旧档汇入	2026-04-13T01:27:08+08:00
Mien	pron	pos.	我的	’ngou ke’.		我个		368		true	自旧档汇入	2026-04-13T01:27:08+08:00
Miette	sf	de pain.	面包屑	mé deû lih sih.		饅頭粒屑		368		true	自旧档汇入	2026-04-13T01:27:08+08:00
Mieux	adv		更好	keng ka ’h‘ao.		更加好		368		true	自旧档汇入	2026-04-13T01:27:08+08:00
Mieux	adv	Aller -.	好一点	’h‘ao ih ’tié.		好一點		368		true	自旧档汇入	2026-04-13T01:27:08+08:00
Mieux	adv	Ne pas aller -.	不见好	véh kié’(teh) ’h‘ao.		勿見（得）好		368		true	自旧档汇入	2026-04-13T01:27:08+08:00
Mieux	adv	 - vaut mourir que de le faire.	宁死不做	gneng ’k‘o ’si véh yao’ tsou’.		寧可死勿要做		368	待定	true	自旧档汇入	2026-04-13T01:27:08+08:00
Mieux	adv	Faire de son -.	尽心	zin’ sin.		盡心		368		true	自旧档汇入	2026-04-13T01:27:08+08:00
Mieux	adv	Faire de son -.	尽心	yao’ ’h‘ao.		要好		368		true	自旧档汇入	2026-04-13T01:27:08+08:00
Mieux	adv	Traiter une affaire de son -.	尽力做	zin’ lih bè’.		盡力辦		368		true	自旧档汇入	2026-04-13T01:27:08+08:00
Mieux	adv	Le -.	最好	’ting ’h‘ao.		頂好		368		true	自旧档汇入	2026-04-13T01:27:08+08:00
Mieux	adv	Tout ce qu'il y a de -.	再好不过	tsai’ ’h‘ao m méh.		再好無末	再好嘸末	368		true	自旧档汇入	2026-04-13T01:27:08+08:00
Mieux	adv	Tout ce qu'il y a de -.	再好不过	’h‘ao véh kou’.		好勿過		368		true	自旧档汇入	2026-04-13T01:27:08+08:00
Mignon	adj		美的，俏的	’mei.		美		368		true	自旧档汇入	2026-04-13T01:27:08+08:00
Mignon	adj		美的，俏的	ts‘iao’.		俏		368		true	自旧档汇入	2026-04-13T01:27:08+08:00
Mignon	adj		美的，俏的	ts‘u’.		翠	趣	368		true	自旧档汇入	2026-04-13T01:27:08+08:00
Mignon	sm	Mon petit -!	我的小宝贝！	’ngou ke’ ’siao ’pao pei’.		我个小寶貝		368		true	自旧档汇入	2026-04-13T01:27:08+08:00
Migraine	sf		偏头痛	deû fong.		頭瘋		368		true	自旧档汇入	2026-04-13T01:27:08+08:00
Migraine	sf		偏头痛	deû t‘ong’ bing’.		頭痛病		368		true	自旧档汇入	2026-04-13T01:27:08+08:00
Mijoter	va	Faire -.	煨，炖	ten’.		炖		368		true	自旧档汇入	2026-04-13T01:27:08+08:00
Mijoter	va	Faire -.	煨，炖	’siao ’h‘ou tsié.		小火煎		368		true	自旧档汇入	2026-04-13T01:27:08+08:00
Milan	sm		老鹰	’lao yeng [ih tsah].		老鷹[一隻]		369		true	自旧档汇入	2026-04-13T01:27:08+08:00
Milice	sf	locale.	自卫队，民兵部队	hiang ’yong.		鄉勇		369		true	自旧档汇入	2026-04-13T01:27:08+08:00
Milice	sf	locale.	自卫队，民兵部队	deu baong.		團防		369		true	自旧档汇入	2026-04-13T01:27:08+08:00
Milieu	sm		当中，中间	taong tsong.		當中		369		true	自旧档汇入	2026-04-13T01:27:08+08:00
Milieu	sm		当中，中间	taong tsong kè ’li.		當中間裏		369		true	自旧档汇入	2026-04-13T01:27:08+08:00
Milieu	sm	Au - de la nuit.	半夜三更	pé’ ya’.		半夜		369		true	自旧档汇入	2026-04-13T01:27:08+08:00
Milieu	sm	Au - de la nuit.	半夜三更	pé’ ya’ sè kang.		半夜三更		369		true	自旧档汇入	2026-04-13T01:27:08+08:00
Milieu	sm	Au - de…	在……当中	’la…taong tsong.		拉…當中		369		true	自旧档汇入	2026-04-13T01:27:08+08:00
Militaire	sm		兵	ping.		兵		369		true	自旧档汇入	2026-04-13T01:27:08+08:00
Militaire	adj		武	’wou.		武		369		true	自旧档汇入	2026-04-13T01:27:08+08:00
Militaire	adj	Loi -.	军法	kiun fèh.		軍法		369		true	自旧档汇入	2026-04-13T01:27:08+08:00
Mille	adj		一千	ih ts‘ié.		一千		369		true	自旧档汇入	2026-04-13T01:27:08+08:00
Mille	adj	Dix -.	一万	ih mè’.		一萬		369		true	自旧档汇入	2026-04-13T01:27:08+08:00
Mille	adj	Cent -.	十万，亿	zéh mè’.		十萬		369		true	自旧档汇入	2026-04-13T01:27:08+08:00
Mille	adj	Cent -.	十万，亿	ih.		億		369		true	自旧档汇入	2026-04-13T01:27:08+08:00
Mille-feuille	sf		多叶蓍	se’ ’ts‘ao.	ze’ ’ts‘ao.	筮草		369		true	自旧档汇入	2026-04-13T01:27:08+08:00
Mille-pieds	sm		蜈蚣	pah kiah.		百脚		369		true	自旧档汇入	2026-04-13T01:27:08+08:00
Mille-pieds	sm		蜈蚣	ou kong [ih diao].		蜈蚣[一條]		369	待定	true	自旧档汇入	2026-04-13T01:27:08+08:00
Millet	sm		小米，黍子	’siao ’mi.		小米		369		true	自旧档汇入	2026-04-13T01:27:08+08:00
Millet	sm		小米，黍子	’su ’tse.		黍子		369		true	自旧档汇入	2026-04-13T01:27:08+08:00
Millet	sm	 - des oiseaux.	谷子	kôh ’tse.		穀子		369		true	自旧档汇入	2026-04-13T01:27:08+08:00
Milliard	sm		百亿	zéh mè’mè’.		十萬萬		369		true	自旧档汇入	2026-04-13T01:27:08+08:00
Milliard	sm		百亿	ih pah ts‘ié mè’.		一百千萬		369		true	自旧档汇入	2026-04-13T01:27:08+08:00
Millième	adj		第一千	di’ ih ts‘ié.		第一千		369		true	自旧档汇入	2026-04-13T01:27:08+08:00
Millième	adj	Un -.	一千分之一	ih ts‘ié ven’ tse ih.		一千分之一		369		true	自旧档汇入	2026-04-13T01:27:08+08:00
Millier	sm		一千	ih ts‘ié.		一千		369		true	自旧档汇入	2026-04-13T01:27:08+08:00
Million	sm		一百万	ih pah mè’.		一百萬		369		true	自旧档汇入	2026-04-13T01:27:08+08:00
Million	sm		一兆	ih zao’.		一兆		369		true	自旧档汇入	2026-04-13T01:27:08+08:00
Millionième	adj		第一百万	di’ ih pah mè’.		第一百萬		369		true	自旧档汇入	2026-04-13T01:27:08+08:00
Millionième	adj	Un -.	一百万分之一	ih pah mè’ ven’ tse ih.		一百萬分之一		369		true	自旧档汇入	2026-04-13T01:27:08+08:00
Millionnaire	sm		百万家当	pah mè’ ka taong’.		百萬家當		369		true	自旧档汇入	2026-04-13T01:27:08+08:00
Mince	adj	Pas épais.	薄	bôh.		薄		369		true	自旧档汇入	2026-04-13T01:27:08+08:00
Mince	adj	Pas gros.	细，稀薄的	si’.		細		369		true	自旧档汇入	2026-04-13T01:27:08+08:00
Mince	adj	Pas gros.	细，稀薄的	hi bôh.		稀薄		369		true	自旧档汇入	2026-04-13T01:27:08+08:00
Mince	adj	Pas gros.	细，稀薄的	si’ wei.		細微		369		true	自旧档汇入	2026-04-13T01:27:08+08:00
Mince	adj.Fig.	 - reconnaissance.	薄情	bôh zing.		薄情		369		true	自旧档汇入	2026-04-13T01:27:08+08:00
Mine	sf		容貌，面貌，面色	yong mao’.		容貌		369		true	自旧档汇入	2026-04-13T01:27:08+08:00
Mine	sf		容貌，面貌，面色	mié’ mao’.		面貌		369		true	自旧档汇入	2026-04-13T01:27:08+08:00
Mine	sf		容貌，面貌，面色	mié’ seh.		面色		369		true	自旧档汇入	2026-04-13T01:27:08+08:00
Mine	sf	Il ne faut pas juger les gens sur la -.	不能以貌取人	véh ’k‘o ’i nga’ mao’ p‘é’ teu’ biéh gnen.		勿可以外貌判斷别人		369		true	自旧档汇入	2026-04-13T01:27:08+08:00
Mine	sf		矿	koang’.	k‘oang’.	礦		369		true	自旧档汇入	2026-04-13T01:27:08+08:00
Mine	sf	 - de charbon.	煤矿	mei koang’.	mei k‘oang’.	煤礦		369		true	自旧档汇入	2026-04-13T01:27:08+08:00
Mine	sf	 - d'or.	金矿	kien koang’.	kien k‘oang’.	金礦		369		true	自旧档汇入	2026-04-13T01:27:08+08:00
Mine	sf	 - d'argent.	银矿	gnen koang’.	gnen k‘oang’.	銀礦		369		true	自旧档汇入	2026-04-13T01:27:08+08:00
Mine	sf	Explosion d'une -.	地雷轰开来	di’ lei hong k‘ai lai.	di’ lei h‘ong k‘ai lai.	地雷轟開來		369		true	自旧档汇入	2026-04-13T01:27:08+08:00
Mine	sf.Fig.	La - est éventée.	机密被泄漏了	ki mih ze’ ts‘é p‘ou’ ’tsé.		機密事穿破者		369		true	自旧档汇入	2026-04-13T01:27:08+08:00
Miner	va		在……布地雷	zaong(ma) di’ lei ’h‘ou p‘ao’.		藏（埋）地雷火炮		369		true	自旧档汇入	2026-04-13T01:27:08+08:00
Miner	va	 - le tempérament.	伤身体	saong(hai’, wa’) sen ’t‘i.		傷（害，壞）身體		369		true	自旧档汇入	2026-04-13T01:27:08+08:00
Minéral	sm		矿	koang’.	k‘oang’.	礦		369		true	自旧档汇入	2026-04-13T01:27:08+08:00
Minéral	sm	 - de fer.	铁石	t‘ih zah.		鐵石		369		true	自旧档汇入	2026-04-13T01:27:08+08:00
Minéralogie	sf		金石学	kien zah yah.		金石學		369		true	自旧档汇入	2026-04-13T01:27:08+08:00
Mineur	sm.pl.		矿工	k‘ai koang’ ke’ gnen.	k‘ai k‘oang’ ke’ gnen.	開礦个人		369		true	自旧档汇入	2026-04-13T01:27:08+08:00
Mineur	adj		未成年人	véh zeng zeng gnen.		勿曾成人		369		true	自旧档汇入	2026-04-13T01:27:08+08:00
Minime	adj		最小的	tsu’ ’siao ke’.		最小个		369		true	自旧档汇入	2026-04-13T01:27:08+08:00
Minime	adj		最小的	hi ’siao ke’.		稀小个		369		true	自旧档汇入	2026-04-13T01:27:08+08:00
Ministère	sm	Emploi.	职位，工作	’pen ven’.		本分		369		true	自旧档汇入	2026-04-13T01:27:08+08:00
Ministère	sm	Emploi.	职位，工作	sang wéh.		生活		369		true	自旧档汇入	2026-04-13T01:27:08+08:00
Ministère	sm	Tribunal. Les 6 -s.	六部	lôh ’bou.		六部		370		true	自旧档汇入	2026-04-13T01:27:08+08:00
Ministre	sm	 - d'État.	宰相，阁老，中堂	’tsai siang’.		宰相		370		true	自旧档汇入	2026-04-13T01:27:08+08:00
Ministre	sm	 - d'État.	宰相，阁老，中堂	koh ’lao.		閣老		370		true	自旧档汇入	2026-04-13T01:27:08+08:00
Ministre	sm	 - d'État.	宰相，阁老，中堂	tsong daong.		中堂		370		true	自旧档汇入	2026-04-13T01:27:08+08:00
Ministre	sm	 - à l'étranger.	钦差	k‘ien tsa.	k‘ien ts‘a.	欽差		370		true	自旧档汇入	2026-04-13T01:27:08+08:00
Minium	sm		红丹	hong tè.		紅丹		370		true	自旧档汇入	2026-04-13T01:27:08+08:00
Minoré	sm	(C.)	四品相公	se’ ’p‘in siang’ kong(sieû dao’).		四品相公（修道）		370		true	自旧档汇入	2026-04-13T01:27:08+08:00
Minuit			半夜，子时	pé’ ya’.		半夜		370		true	自旧档汇入	2026-04-13T01:27:08+08:00
Minuit			半夜，子时	’tse ze.		子時		370		true	自旧档汇入	2026-04-13T01:27:08+08:00
Minuit		Messe de -(C.).	子时弥撒	’tse ze mi-sèh.		子時彌撒		370		true	自旧档汇入	2026-04-13T01:27:08+08:00
Minute		Une -(temps).	一分钟	ih fen.		一分		370		true	自旧档汇入	2026-04-13T01:27:08+08:00
Minute		Une -(temps).	一分钟	ih fen kong fou.		一分工夫		370		true	自旧档汇入	2026-04-13T01:27:08+08:00
Minute		4h.30m.	四点半	se’ ’tié pé’.		四點半		370		true	自旧档汇入	2026-04-13T01:27:08+08:00
Minute		4h.20m.	四点二十	se’ ’tié ih k‘eh ’n fen.		四點一刻五分		370		true	自旧档汇入	2026-04-13T01:27:08+08:00
Minute		4h.20m.	四点二十	se’ ’tié kou’ gnè’ fen.		四點過廿分		370		true	自旧档汇入	2026-04-13T01:27:08+08:00
Minute		4h.moins 10m.	三点五十	sè’ ’tié sè k‘eh ’n fen.		三點三刻五分		370		true	自旧档汇入	2026-04-13T01:27:08+08:00
Minute		4h.moins 10m.	三点五十	se’ ’tié è ’yeû zéh fen.		四點還有十分		370		true	自旧档汇入	2026-04-13T01:27:08+08:00
Minute		 - d'arc.	分	fen.		分		370		true	自旧档汇入	2026-04-13T01:27:08+08:00
Minute		 - d'une pièce officielle.	稿子，底稿	’kao ’tse.		稿子		370		true	自旧档汇入	2026-04-13T01:27:08+08:00
Minute		 - d'une pièce officielle.	稿子，底稿	’ti ’tse.		底子		370		true	自旧档汇入	2026-04-13T01:27:08+08:00
Minutie	sf		小事	’siao ze’.		小事		370		true	自旧档汇入	2026-04-13T01:27:08+08:00
Minutie	sf	S'arrêter à des -s.	谨小慎微	’kien ’siao zen’ wei.		謹小慎微		370		true	自旧档汇入	2026-04-13T01:27:08+08:00
Minutieusement	adv		详详细细的	’pouo ’pouo si’ si’.		把把細細		370		true	自旧档汇入	2026-04-13T01:27:08+08:00
Minutieusement	adv		详详细细的	ziang ziang si’ si’ ke’.		詳詳細細个		370		true	自旧档汇入	2026-04-13T01:27:08+08:00
Minutieux	adj		细心的	tèh si’.		搭細		370		true	自旧档汇入	2026-04-13T01:27:08+08:00
Minutieux	adj		细心的	mih’ si’.	mih si’.	密細人		370	印刷錯誤	true	自旧档汇入	2026-04-13T01:27:08+08:00
Minutieux	adj		细心的	sin t‘eh si’.		心忒細		370		true	自旧档汇入	2026-04-13T01:27:08+08:00
Mi-parti	adj		半	pé’.		半		370		true	自旧档汇入	2026-04-13T01:27:08+08:00
Mi-parti	adj	 - de bleu et de noir.	半蓝半黑的	pé’ lè pé’ h‘eh ke’.		半藍半黑个		370		true	自旧档汇入	2026-04-13T01:27:08+08:00
Miracle	sm	(C.)	圣迹	seng’ tsih.		聖迹		370		true	自旧档汇入	2026-04-13T01:27:08+08:00
Miraculeux	adj		显灵	’hié ling.		顯靈		370		true	自旧档汇入	2026-04-13T01:27:08+08:00
Miraculeux	adj		灵验	ling gné’.		靈驗		370		true	自旧档汇入	2026-04-13T01:27:08+08:00
Mirage	sm		海市蜃楼	’h‘ai ze’ zen’ leû.		海市蜃樓		370		true	自旧档汇入	2026-04-13T01:27:08+08:00
Mirer	vr	(Se).	照镜子	tsao’ kieng’ ’tse(mié’ ’k‘ong).		照鏡子（面孔）		370		true	自旧档汇入	2026-04-13T01:27:08+08:00
Miroir	sm		镜子	kieng’ ’tse [ih mié’].		鏡子[一面]		370		true	自旧档汇入	2026-04-13T01:27:08+08:00
Miroir	sm	Étui pour -.	镜匣子	kieng’ hèh ’tse.		鏡匣子		370		true	自旧档汇入	2026-04-13T01:27:08+08:00
Miroir	sm	 - ardent.	火镜，凹镜	’h‘ou kieng’.		火鏡		370		true	自旧档汇入	2026-04-13T01:27:08+08:00
Misaine	sf	(Mât de).	前桅帆	deû wei.		頭桅		370		true	自旧档汇入	2026-04-13T01:27:08+08:00
Misanthrope	sm		不近人情，不合众	véh ghien’ gnen zing.		勿近人情		370		true	自旧档汇入	2026-04-13T01:27:08+08:00
Misanthrope	sm		不近人情，不合众	véh wou tsong’.		勿和衆		370		true	自旧档汇入	2026-04-13T01:27:08+08:00
Mise	sf	 - au jeu.	赌本	’tou ’pen.		賭本		370		true	自旧档汇入	2026-04-13T01:27:08+08:00
Mise	sf	 - dans une entreprise.	本钱	’pen dié.		本錢		370		true	自旧档汇入	2026-04-13T01:27:08+08:00
Mise	sf	 - dans une entreprise.	本钱	’kou deû dong dié.		股頭銅錢		370		true	自旧档汇入	2026-04-13T01:27:08+08:00
Mise	sf	A en juger par sa -.	看衣服的样子	k‘eu’ i zaong ke’ yang’ ’tse.		看衣裳个樣子		370		true	自旧档汇入	2026-04-13T01:27:08+08:00
Mise	sf	 - en cercueil.	入殓	zéh lié’.		入殮		370		true	自旧档汇入	2026-04-13T01:27:08+08:00
Mise	sf	 - en cercueil.	入殓	zéh(gnéh) moh.		入（拾）木		370	待定	true	自旧档汇入	2026-04-13T01:27:08+08:00
Mise	sf	 - en terre.	落葬，埋葬	loh tsaong’.		落葬		370		true	自旧档汇入	2026-04-13T01:27:08+08:00
Mise	sf	 - en terre.	落葬，埋葬	ma tsaong’.		埋葬		370		true	自旧档汇入	2026-04-13T01:27:08+08:00
Mise	sf	N'être plus de -.	不行	véh hang.		勿行		370		true	自旧档汇入	2026-04-13T01:27:08+08:00
Mise	sf	N'être plus de -.	不行	véh ze’ ze mao(lou’).		勿是時貌（路）		370		true	自旧档汇入	2026-04-13T01:27:08+08:00
Misérable	adj		穷苦的，苦恼的，落单的	ghiong ’k‘ou.		窮苦		370		true	自旧档汇入	2026-04-13T01:27:08+08:00
Misérable	adj		穷苦的，苦恼的，落单的	’k‘ou ’nao ’tse.		苦惱子		370		true	自旧档汇入	2026-04-13T01:27:08+08:00
Misérable	adj		穷苦的，苦恼的，落单的	loh tè ’tsé.		落單者		370		true	自旧档汇入	2026-04-13T01:27:08+08:00
Misérable	sm.Fig.	Vaurien.	流氓	lieû mang.		流氓		370		true	自旧档汇入	2026-04-13T01:27:08+08:00
Misérable	sm.Fig.	Vaurien.	流氓	wou liao.		無聊		370		true	自旧档汇入	2026-04-13T01:27:08+08:00
Misère	sf		苦	’k‘ou.		苦		371		true	自旧档汇入	2026-04-13T01:27:08+08:00
Misère	sf	Mourir de -.	苦透了	’k‘ou sèh.		苦殺		371		true	自旧档汇入	2026-04-13T01:27:08+08:00
Misère	sf	Mourir de -.	苦透了	’k‘ou t‘eû’.		苦透		371		true	自旧档汇入	2026-04-13T01:27:08+08:00
Misère	sf	Jeter qqn dans la -.	让某人吃苦头	long’ ghiong.		弄窮		371		true	自旧档汇入	2026-04-13T01:27:08+08:00
Misère	sf	Jeter qqn dans la -.	让某人吃苦头	long’ i k‘ieh ’k‘ou deû.		弄伊吃苦頭		371		true	自旧档汇入	2026-04-13T01:27:08+08:00
Miséricorde	sf		仁慈	zen ze.		仁慈		371		true	自旧档汇入	2026-04-13T01:27:08+08:00
Miséricorde	sf	Plein de -.	仁慈的人	’gneu sin gnen.		軟心人		371		true	自旧档汇入	2026-04-13T01:27:08+08:00
Miséricorde	sf	Faire - à qqn.	饶赦	gnao souo’ i.		饒赦伊		371		true	自旧档汇入	2026-04-13T01:27:08+08:00
Miséricorde	sf	À tout péché -.	真心痛悔必得全赦	tsen sin t‘ong’ hoei’ pih teh zié souo’.	tsen sin t‘ong’ h‘oei’ pih teh zié souo’.	真心痛悔必得全赦		371		true	自旧档汇入	2026-04-13T01:27:08+08:00
Miséricordieux	adj		仁慈的	zen ze ke’.		仁慈个		371		true	自旧档汇入	2026-04-13T01:27:08+08:00
Miséricordieux	adj		仁慈的	’gneu sin gnen.		軟心人		371		true	自旧档汇入	2026-04-13T01:27:08+08:00
Missel	sm	(C.)	弥撒经本	mi-sèh kieng ’pen.		彌撒經本		371		true	自旧档汇入	2026-04-13T01:27:08+08:00
Mission	sf	Mandat.	差遣	ts‘a ’k‘ié.		差遣		371		true	自旧档汇入	2026-04-13T01:27:08+08:00
Mission	sf	Mandat.	差遣	wong’ ts‘a.		奉差		371		true	自旧档汇入	2026-04-13T01:27:08+08:00
Mission	sf	Donner - à qqn.	派人，派委员	’p‘a gnen.	p‘a’ gnen.	派人		371		true	自旧档汇入	2026-04-13T01:27:08+08:00
Mission	sf	Donner - à qqn.	派人，派委员	’p‘a ’wei yeû.	p‘a’ ’wei yeu.	派委員		371		true	自旧档汇入	2026-04-13T01:27:08+08:00
Mission	sf	Faire la -.(C.)	开四规	k‘ai se’ koei.		開四規		371		true	自旧档汇入	2026-04-13T01:27:08+08:00
Mission	sf	Confession de -.	四规神工	se’ koei zen kong.		四規神工		371		true	自旧档汇入	2026-04-13T01:27:08+08:00
Missionnaire	sm	(C.)	传教士，司铎，神父	zé kiao’ ze’.		傳教士		371		true	自旧档汇入	2026-04-13T01:27:08+08:00
Missionnaire	sm	(C.)	传教士，司铎，神父	se doh.		司鐸		371		true	自旧档汇入	2026-04-13T01:27:08+08:00
Missionnaire	sm	(C.)	传教士，司铎，神父	zen wou’.		神父		371		true	自旧档汇入	2026-04-13T01:27:08+08:00
Missive	sf		书信	sin’.		信		371		true	自旧档汇入	2026-04-13T01:27:08+08:00
Missive	sf		书信	su sin’ [ih fong].		書信[一封]		371		true	自旧档汇入	2026-04-13T01:27:08+08:00
Mitaine	sf		手套	’seû t‘ao’ [ih fou’].		手套[一副]		371		true	自旧档汇入	2026-04-13T01:27:08+08:00
Mitiger	va	une peine.	减刑	’kè yeng vèh.		减刑罰		371		true	自旧档汇入	2026-04-13T01:27:08+08:00
Mitoyen	adj	(Mur).	中间的墙壁	kah ziang.		隔墻		371		true	自旧档汇入	2026-04-13T01:27:08+08:00
Mitre	sf	(C.)	主教帽子	’tsu kiao’ mao’ ’tse [ih tsah].		主教帽子[一隻]		371		true	自旧档汇入	2026-04-13T01:27:08+08:00
Mixtionner	va		搅和	wou’.		和		371		true	自旧档汇入	2026-04-13T01:27:08+08:00
Mixtionner	va		搅和	’kao wou’.		攪和		371		true	自旧档汇入	2026-04-13T01:27:08+08:00
Mobile	adj		活的，可活动的	wéh ke’.		活个		371		true	自旧档汇入	2026-04-13T01:27:08+08:00
Mobile	adj		活的，可活动的	wéh dong’ ke’.		活動个		371		true	自旧档汇入	2026-04-13T01:27:08+08:00
Mobile	adj	Esprit -. Inconstant.	无常的	m zang sin.		無常心	嘸常心	371		true	自旧档汇入	2026-04-13T01:27:08+08:00
Mobile	adj	Esprit -. Inconstant.	无常的	sin deû wéh.		心頭活		371		true	自旧档汇入	2026-04-13T01:27:08+08:00
Mobilier	sm		家具	ka ’h‘ou.		傢伙		371		true	自旧档汇入	2026-04-13T01:27:08+08:00
Mobilier	sm		家具	dai diao yu’ teng’.		枲條椅橙	枲條椅凳	371	待定	true	自旧档汇入	2026-04-13T01:27:08+08:00
Mobilier	sm	 - d'une boutique.	店铺的动产	tié’ ’ti.		店底		371		true	自旧档汇入	2026-04-13T01:27:08+08:00
Mode	sf		时式，时兴	ze seh.		時式		371		true	自旧档汇入	2026-04-13T01:27:08+08:00
Mode	sf		时式，时兴	ze hang.		時行		371		true	自旧档汇入	2026-04-13T01:27:08+08:00
Mode	sf		时式，时兴	ze ’p‘a	ze p‘a’	時派		371	原作“時泒”	true	自旧档汇入	2026-04-13T01:27:08+08:00
Mode	sf	Cette - n'a plus cours.	这个样式不行	kou’ ke’ yang’ seh véh hang ’tsé.		箇个樣式勿行者		371		true	自旧档汇入	2026-04-13T01:27:08+08:00
Modèle	sm		样式，模样，格式	yang’ ’tse.		樣子		371		true	自旧档汇入	2026-04-13T01:27:08+08:00
Modèle	sm		样式，模样，格式	mo yang’.		模樣		371		true	自旧档汇入	2026-04-13T01:27:08+08:00
Modèle	sm		样式，模样，格式	yang’ seh.		樣式		371	待定 一作“樣色”	true	自旧档汇入	2026-04-13T01:27:08+08:00
Modèle	sm		样式，模样，格式	kah seh.		格式		371		true	自旧档汇入	2026-04-13T01:27:08+08:00
Modèle	sm	 - d'écriture.	字帖	ze’ t‘ih.		字帖		371		true	自旧档汇入	2026-04-13T01:27:08+08:00
Modèle	sm	 - d'écriture.	字帖	yen’ kah.		印格		371		true	自旧档汇入	2026-04-13T01:27:08+08:00
Modeler	va	en terre.	塑造	gni sou’ ke’.		泥塑个		371		true	自旧档汇入	2026-04-13T01:27:08+08:00
Modeler	vr	(Se) sur…	效法	yao’ fèh.		效法		371		true	自旧档汇入	2026-04-13T01:27:08+08:00
Modeler	vr	(Se) sur…	效法	k‘eu’ yang’ hoh yang’.		看樣學樣		371		true	自旧档汇入	2026-04-13T01:27:08+08:00
Modération	sf		省俭	tsih teh.		節德		371		true	自旧档汇入	2026-04-13T01:27:08+08:00
Modération	sf		省俭	tsih tse’.		節制		371		true	自旧档汇入	2026-04-13T01:27:08+08:00
Modérer	va	ses dépenses.	节用，省俭	tsih yong’.		節用		371		true	自旧档汇入	2026-04-13T01:27:08+08:00
Modérer	va	ses dépenses.	节用，省俭	’sang ghié’.		省儉		371		true	自旧档汇入	2026-04-13T01:27:08+08:00
Modéré	adj	Sans excès.	不过度，不过分	véh kou’ dou’.		勿過度		371		true	自旧档汇入	2026-04-13T01:27:08+08:00
Modéré	adj	Sans excès.	不过度，不过分	véh kou’ ven’.		勿過分		371		true	自旧档汇入	2026-04-13T01:27:08+08:00
Modéré	adj	 - quant à la longueur.	不大不小	véh dou’ véh ’siao.		勿大勿小		371		true	自旧档汇入	2026-04-13T01:27:08+08:00
Modéré	adj	 - quant à la quantité.	不多不少	véh tou véh ’sao.		勿多勿少		371		true	自旧档汇入	2026-04-13T01:27:08+08:00
Modéré	adj	 - quant à l'allure.	不慢不快	véh mè’ véh k‘oa’.		勿慢勿快		371		true	自旧档汇入	2026-04-13T01:27:08+08:00
Moderue	adj		如今的，近来的	zu kien ke’.		如今个		372		true	自旧档汇入	2026-04-13T01:27:08+08:00
Moderue	adj		如今的，近来的	ghien’ lai ke’.		近來个		372		true	自旧档汇入	2026-04-13T01:27:08+08:00
Modeste	adj		稳重的	teu tseng’.		端正		372		true	自旧档汇入	2026-04-13T01:27:08+08:00
Modeste	adj		稳重的	’heû ’zong.		厚重		372		true	自旧档汇入	2026-04-13T01:27:08+08:00
Modeste	adj	Humble.	虚心的	k‘ié hiu.		謙虚		372		true	自旧档汇入	2026-04-13T01:27:08+08:00
Modestie	sf		稳重	teu tseng’.		端正		372		true	自旧档汇入	2026-04-13T01:27:08+08:00
Modestie	sf	Humilité.	虚心	k‘ié sen’.		謙遜		372		true	自旧档汇入	2026-04-13T01:27:08+08:00
Modestie	sf	Parole de -.	谦虚说话	k‘ié hiu seh wo’.		謙虚説話		372		true	自旧档汇入	2026-04-13T01:27:08+08:00
Modifier	va		改变	’kai.		改		372		true	自旧档汇入	2026-04-13T01:27:08+08:00
Modifier	va		改变	’kai pié’.		改變		372		true	自旧档汇入	2026-04-13T01:27:08+08:00
Modique	adj		少，不多的	’sao.		少		372		true	自旧档汇入	2026-04-13T01:27:08+08:00
Modique	adj		少，不多的	véh tou ke’.		勿多个		372		true	自旧档汇入	2026-04-13T01:27:08+08:00
Moelle	sf	des os.	骨髓	koéh ’sen.		骨笋	骨？	372	待定	true	自旧档汇入	2026-04-13T01:27:08+08:00
Moelle	sf	des os.	骨髓	koéh si’.		骨髓		372	待定	true	自旧档汇入	2026-04-13T01:27:08+08:00
Moelle	sf	 - des végétaux.	植物的髓质	’ts‘ao moh laong’ ke’ kien.		草木上个筋		372		true	自旧档汇入	2026-04-13T01:27:08+08:00
Moelleux	adj		柔软的	’gneu ke’.		軟个		372		true	自旧档汇入	2026-04-13T01:27:08+08:00
Moelleux	adj		柔软的	zeû ’gneu ke’.		柔軟个		372		true	自旧档汇入	2026-04-13T01:27:08+08:00
Mœurs	sf.pl.		风俗	fong zôh.		風俗		372		true	自旧档汇入	2026-04-13T01:27:08+08:00
Mœurs	sf.pl.	Bonnes -.	好风俗	’h‘ao fong zôh.		好風俗		372		true	自旧档汇入	2026-04-13T01:27:08+08:00
Mœurs	sf.pl.	 - d'un individu.	规矩，行为	koei ’kiu.		規矩		372		true	自旧档汇入	2026-04-13T01:27:08+08:00
Mœurs	sf.pl.	 - d'un individu.	规矩，行为	hang wei.		行為		372		true	自旧档汇入	2026-04-13T01:27:08+08:00
Moi	pron.	pers. Je.	我	’ngou.		我		372		true	自旧档汇入	2026-04-13T01:27:08+08:00
Moi	pron.	pers. Je.	我	ze’ ’ngou.		是我		372		true	自旧档汇入	2026-04-13T01:27:08+08:00
Moi	pron.	[L'élève au maître.]	门生	men sang.		門生		372		true	自旧档汇入	2026-04-13T01:27:08+08:00
Moi	pron.	[Un domestique.]	小的	’siao tih.		小的		372		true	自旧档汇入	2026-04-13T01:27:08+08:00
Moi	pron.	[Un chrétien au prêtre.]	罪人	zu’ gnen.		罪人		372		true	自旧档汇入	2026-04-13T01:27:08+08:00
Moi	pron.	[Entre égaux.]	兄弟，小弟	’siao di’.		小弟		372		true	自旧档汇入	2026-04-13T01:27:08+08:00
Moi	pron.	[Entre égaux.]	兄弟，小弟	hiong di’.		兄弟		372		true	自旧档汇入	2026-04-13T01:27:08+08:00
Moindre	adj		更小的	keng ’siao.		更小		372		true	自旧档汇入	2026-04-13T01:27:08+08:00
Moindre	adj		更小的	keng ka ’siao.		更加小		372		true	自旧档汇入	2026-04-13T01:27:08+08:00
Moindre	adj		更小的	’siao ’tié.		小点		372		true	自旧档汇入	2026-04-13T01:27:08+08:00
Moindre	adj	Le -.	最小的	tsu’ ’siao ke’.		最小个		372		true	自旧档汇入	2026-04-13T01:27:08+08:00
Moindre	adj	Pour la - chose.	为一点小事	wei’ ih ’tié ’siao ze’ ’t‘i.		為一點小事體		372		true	自旧档汇入	2026-04-13T01:27:08+08:00
Moindre	adj	Il n'y a pas la - erreur.	一点没错	ih ’tié véh ts‘ouo’.		一點勿錯		372		true	自旧档汇入	2026-04-13T01:27:08+08:00
Moine	sm		修士，隐修	sieû ze’.		修士		372		true	自旧档汇入	2026-04-13T01:27:08+08:00
Moine	sm		修士，隐修	’yen sieû.		隱修		372		true	自旧档汇入	2026-04-13T01:27:08+08:00
Moineau	sm		麻雀	mô tsiah [ih tsah].		䳸雀[一隻]		372	待定	true	自旧档汇入	2026-04-13T01:27:08+08:00
Moins	adv		少，少点，更少	’sao.		少		372		true	自旧档汇入	2026-04-13T01:27:08+08:00
Moins	adv		少，少点，更少	’sao ’tié.		少點		372		true	自旧档汇入	2026-04-13T01:27:08+08:00
Moins	adv		少，少点，更少	keng ’sao.		更少		372		true	自旧档汇入	2026-04-13T01:27:08+08:00
Moins	adv	Au -, à tout le -.	至少	tse’ ’sao.		至少		372		true	自旧档汇入	2026-04-13T01:27:08+08:00
Moins	adv	À - que.	除非……不	véh.		勿		372		true	自旧档汇入	2026-04-13T01:27:08+08:00
Moins	adv	À - que.	除非……不	zu fi…véh.		除非…勿		372		true	自旧档汇入	2026-04-13T01:27:08+08:00
Moins	adv	Pas le - du monde.	一点不	ih ’tié(’ngè) véh.		一點（眼）勿		372		true	自旧档汇入	2026-04-13T01:27:08+08:00
Moins	adv	4 heures - 10. Cf. Minute.	三点五十	——		——		372	待定	true	自旧档汇入	2026-04-13T01:27:08+08:00
Moins	adv	Il y a 3 sapèques de -.	缺三钱	k‘ieuh(’sao) sè dié.		缺（少）三錢		372		true	自旧档汇入	2026-04-13T01:27:08+08:00
Moins	adv	Je ne vendrai pas à -.	不少卖	’sao véh ma’.		少勿賣		372		true	自旧档汇入	2026-04-13T01:27:08+08:00
Moins	adv	En - d'1 an.[ce sera fini.]	不到一年	véh ’siao ih gné.		勿小一年	勿消一年	372	待定	true	自旧档汇入	2026-04-13T01:27:08+08:00
Moins	adv	En - d'1 an.[ce sera fini.]	不到一年	véh tao’ ih gné.		勿到一年		372		true	自旧档汇入	2026-04-13T01:27:08+08:00
Mois	sm		月份	gneuh.		月		372		true	自旧档汇入	2026-04-13T01:27:08+08:00
Mois	sm		月份	gneuh ven’.		月份		372		true	自旧档汇入	2026-04-13T01:27:08+08:00
Mois	sm	Le 1er -.	正月	tseng’ gneuh.		正月		372	待定	true	自旧档汇入	2026-04-13T01:27:08+08:00
Mois	sm	Le 11er -.	冬月	tong gneuh.		冬月		372		true	自旧档汇入	2026-04-13T01:27:08+08:00
Mois	sm	Le 12er -.	腊月	lèh gneuh.		臘月		372	原作“蠟月”	true	自旧档汇入	2026-04-13T01:27:08+08:00
Mois	sm	Le 2e, 3e, 4e…-.	二，三，四月	gni’, sè, se’ gneuh.		二，三，四月		372		true	自旧档汇入	2026-04-13T01:27:08+08:00
Mois	sm	La fin du mois.	月底	gneuh ’ti.		月底		372		true	自旧档汇入	2026-04-13T01:27:08+08:00
Mois	sm	Vers le 1er du -.	月初	gneuh deû.		月頭		372		true	自旧档汇入	2026-04-13T01:27:08+08:00
Mois	sm	Quel jour du - est-ce?	今天几号	kien tsao ze’(’ki ze) sa’ gnéh ’tse?		今朝是（幾時）啥日子		372		true	自旧档汇入	2026-04-13T01:27:08+08:00
Mois	sm	 - solaire(européen).	西洋月	si yang gneuh.		西洋月		372		true	自旧档汇入	2026-04-13T01:27:08+08:00
Moisir	vn		发霉	fèh mei.		發霉		372		true	自旧档汇入	2026-04-13T01:27:08+08:00
Moisir	vn		发霉	zaong’ mei.		上霉		372		true	自旧档汇入	2026-04-13T01:27:08+08:00
Moisissure	sf		霉	mei mao(k‘i’).		霉毛（氣）		373		true	自旧档汇入	2026-04-13T01:27:08+08:00
Moisson	sf		收成	seû zeng.		收成		373		true	自旧档汇入	2026-04-13T01:27:08+08:00
Moisson	sf		收成	gné zeng.		年成		373		true	自旧档汇入	2026-04-13T01:27:08+08:00
Moisson	sf	 - en herbe.	苗	miao.		苗		373		true	自旧档汇入	2026-04-13T01:27:08+08:00
Moissonner	va		收货	seû.		收		373		true	自旧档汇入	2026-04-13T01:27:08+08:00
Moissonner	va		收货	tsoh.		斫		373		true	自旧档汇入	2026-04-13T01:27:08+08:00
Moissonner	va		收货	seû zeng.		收成		373		true	自旧档汇入	2026-04-13T01:27:08+08:00
Moitié	sf		一半	ih pé’.		一半		373		true	自旧档汇入	2026-04-13T01:27:08+08:00
Moitié	sf	La 1ère(2e) - du jour.	上（下）半天	zaong’ (’hao) pé’ gnéh.		上（下）半日		373		true	自旧档汇入	2026-04-13T01:27:08+08:00
Moitié	sf	La 1ère(2e) - de la nuit.	前（后）半夜	zié(’hao, heû’) pé’ ya’.		前（下，後）半夜		373		true	自旧档汇入	2026-04-13T01:27:08+08:00
Moitié	sf	La 1ère - du Luen-yu.	论语前半部分	deû ih len’ ’gnu.		頭一論語		373		true	自旧档汇入	2026-04-13T01:27:08+08:00
Moitié	sf	La 2e - de Mong-tse.	孟子后半部分	heû’ lai meng’ ’tse.		後來孟子		373		true	自旧档汇入	2026-04-13T01:27:08+08:00
Moitié	sf	Croire à -.	半信半疑	pé’ sin’ pé’ gni.		半信半疑		373		true	自旧档汇入	2026-04-13T01:27:08+08:00
Moitié	sf	Croire à -.	半信半疑	tsiang sin’ tsiang gni.		將信將疑		373		true	自旧档汇入	2026-04-13T01:27:08+08:00
Moitié	sf	 - plus grand.	大的一半	dou’ ih pé’.		大一半		373		true	自旧档汇入	2026-04-13T01:27:08+08:00
Moitié	sf	 - plus petit.	小的一半	’siao ih pé’.		小一半		373		true	自旧档汇入	2026-04-13T01:27:08+08:00
Moitié	sf	À - ivre.	半醉的人	pé’ tsu’ ’tsé.		半醉者		373		true	自旧档汇入	2026-04-13T01:27:08+08:00
Moitié	sf	À - mort.	半死半活	pé’ ’si pé’ wéh.		半死半活		373		true	自旧档汇入	2026-04-13T01:27:08+08:00
Moitié	sf	À - endormi.	半觉半醒	pé’ kao’(’sing) pé’ k‘oen’.		半覺（醒）半睏		373		true	自旧档汇入	2026-04-13T01:27:08+08:00
Moitié	sf	Chère -. Épouse.	配偶	’lao dao bé’.		老淘伴		373		true	自旧档汇入	2026-04-13T01:27:08+08:00
Molaire	sm	Dent -.	舀齿	bé nga [ih tsah].		盤牙[一隻]		373		true	自旧档汇入	2026-04-13T01:27:08+08:00
Molécule	sf		尘埃	zen yai.		塵埃		373	待定	true	自旧档汇入	2026-04-13T01:27:08+08:00
Molécule	sf		尘埃	bong zen.		塳塵		373		true	自旧档汇入	2026-04-13T01:27:08+08:00
Molester	va		打扰，折磨	lou sou.		囉唆		373		true	自旧档汇入	2026-04-13T01:27:08+08:00
Molester	va		打扰，折磨	nè wei.		難為		373		true	自旧档汇入	2026-04-13T01:27:08+08:00
Molester	va		打扰，折磨	kieng dong’.		驚動		373		true	自旧档汇入	2026-04-13T01:27:08+08:00
Mollesse	sf		柔和，无精打采	m tsing zen.		無精神	嘸精神	373		true	自旧档汇入	2026-04-13T01:27:08+08:00
Mollesse	sf		柔和，无精打采	’gneu mi mi(kieû kieû)(tsao tsao).		軟迷迷（疚疚）（招招）	軟？？	373	待定	true	自旧档汇入	2026-04-13T01:27:08+08:00
Mollet	sm		腿肚	’p‘aong ’dou ’tse.		膀肚子		373		true	自旧档汇入	2026-04-13T01:27:08+08:00
Mollet	sm		腿肚	’siao ’p‘aong.		小膀		373	原作“小朥”	true	自旧档汇入	2026-04-13T01:27:08+08:00
Mollr	vn		软弱无力	fèh ’gneu.		發軟		373		true	自旧档汇入	2026-04-13T01:27:08+08:00
Mollr	vn		软弱无力	fèh sou.		發酥		373		true	自旧档汇入	2026-04-13T01:27:08+08:00
Moment	sm	(Un).	片刻	p‘ié’ k‘eh.		片刻		373		true	自旧档汇入	2026-04-13T01:27:08+08:00
Moment	sm	(Un).	片刻	ih hiéh kong fou.		一歇工夫		373		true	自旧档汇入	2026-04-13T01:27:08+08:00
Moment	sm	Four le -.	暂时	zè’ ze.		暫時		373		true	自旧档汇入	2026-04-13T01:27:08+08:00
Moment	sm	Sur le -.	这时候	di’ ke’ zen koang.		第个辰光		373		true	自旧档汇入	2026-04-13T01:27:08+08:00
Moment	sm	À ce --là.	当时	taong ze.		當時		373		true	自旧档汇入	2026-04-13T01:27:08+08:00
Moment	sm	Au - où…	……的时候	…ze heû’.		…時候		373		true	自旧档汇入	2026-04-13T01:27:08+08:00
Moment	sm	Au - voulu.	恰好	ts‘eû’(bang) ’k‘iao.	ts‘eû’(bang’) ’k‘iao.	凑（碰）巧		373		true	自旧档汇入	2026-04-13T01:27:08+08:00
Moment	sm	Au - voulu.	恰好	hèh ’h‘ao.	h‘èh ’h‘ao.	恰好		373		true	自旧档汇入	2026-04-13T01:27:08+08:00
Momentané	adj		一时的，暂时的	ih ze ke’.		一時个		373		true	自旧档汇入	2026-04-13T01:27:08+08:00
Momentané	adj		一时的，暂时的	zè’ ts‘ié ke’.	zè’ ’ts‘ié ke’.	暫且个		373		true	自旧档汇入	2026-04-13T01:27:08+08:00
Momentané	adj		一时的，暂时的	zè’ ze ke’.		暫時个		373		true	自旧档汇入	2026-04-13T01:27:08+08:00
Mon	adj	poss.	我的	’ngou ke’.		我个		373		true	自旧档汇入	2026-04-13T01:27:08+08:00
Mon	adj	 - père.	家父	kia vou’.		家父		373		true	自旧档汇入	2026-04-13T01:27:08+08:00
Mon	adj	Ma mère.[Pol.]	家母，家慈	kia ’mou.		家母		373		true	自旧档汇入	2026-04-13T01:27:08+08:00
Mon	adj	Ma mère.[Pol.]	家母，家慈	kia ze.		家慈		373		true	自旧档汇入	2026-04-13T01:27:08+08:00
Mon	adj	 - aîné.	家兄	kia hiong.		家兄		373		true	自旧档汇入	2026-04-13T01:27:08+08:00
Mon	adj	 - aînée.	家姐	kia ’tsi.		家姐		373		true	自旧档汇入	2026-04-13T01:27:08+08:00
Mon	adj	Mes neveux. Etc…	家侄	kia zéh…		家姪…		373		true	自旧档汇入	2026-04-13T01:27:08+08:00
Mon	adj	Ma femme.	贱内，内人	zié’ nei’.		賤内		373		true	自旧档汇入	2026-04-13T01:27:08+08:00
Mon	adj	Ma femme.	贱内，内人	nei’ zen.		内人		373		true	自旧档汇入	2026-04-13T01:27:08+08:00
Mon	adj	 - fils.	小犬	’siao ’neu.		小囝		373		true	自旧档汇入	2026-04-13T01:27:08+08:00
Mon	adj	 - fils.	小犬	’siao ’k‘eu.	’siao ’k‘ieu.	小犬		373		true	自旧档汇入	2026-04-13T01:27:08+08:00
Mon	adj	 - nom.	贱姓，敝姓	zié’ sing’.		賤姓		373		true	自旧档汇入	2026-04-13T01:27:08+08:00
Mon	adj	 - nom.	贱姓，敝姓	bi’ sing’.		敝姓		373		true	自旧档汇入	2026-04-13T01:27:08+08:00
Mon	adj	 - prénom.	贱名，草字	zié’ ming.		賤名		373		true	自旧档汇入	2026-04-13T01:27:08+08:00
Mon	adj	 - prénom.	贱名，草字	’ts‘ao ze’.		草字		373		true	自旧档汇入	2026-04-13T01:27:08+08:00
Mon	adj	 - pays.	敝地，敝处	bi’ di’.		敝地		373		true	自旧档汇入	2026-04-13T01:27:08+08:00
Mon	adj	 - pays.	敝地，敝处	bi’ ts‘u’(kiu).		敝處（居）		373		true	自旧档汇入	2026-04-13T01:27:08+08:00
Mon	adj	Ma maison.	寒舍，舍下	h‘eu sô’.	heu sô’.	寒舍		374		true	自旧档汇入	2026-04-13T01:27:08+08:00
Mon	adj	Ma maison.	寒舍，舍下	sô’ ’ya.		舍下		374		true	自旧档汇入	2026-04-13T01:27:08+08:00
Monarque	sm		国王，皇帝	kôh waong.		國王		374		true	自旧档汇入	2026-04-13T01:27:08+08:00
Monarque	sm		国王，皇帝	waong ti’.		皇帝		374		true	自旧档汇入	2026-04-13T01:27:08+08:00
Monastère	sm		隐修院	’yen sieû yeu’.		隱修院		374		true	自旧档汇入	2026-04-13T01:27:08+08:00
Monceau	sm		堆	tei.		堆		374		true	自旧档汇入	2026-04-13T01:27:08+08:00
Monceau	sm	Un -.	一堆	ih tei.		一堆		374		true	自旧档汇入	2026-04-13T01:27:08+08:00
Mondain	adj		世俗的	se’ zôh ke’.		世俗个		374		true	自旧档汇入	2026-04-13T01:27:08+08:00
Monde	sm	L'univers.	天地，世界，天地万物	t‘ié di’.		天地		374		true	自旧档汇入	2026-04-13T01:27:08+08:00
Monde	sm	L'univers.	天地，世界，天地万物	se’ ka’.		世界		374		true	自旧档汇入	2026-04-13T01:27:08+08:00
Monde	sm	L'univers.	天地，世界，天地万物	t‘ié di’ vè’ wéh.		天地萬物		374		true	自旧档汇入	2026-04-13T01:27:08+08:00
Monde	sm	Depuis le commencement du -.	从开天辟地以来	zong k‘ai t‘ié p‘ih di’ ’i lai.		從開天闢地以來		374		true	自旧档汇入	2026-04-13T01:27:08+08:00
Monde	sm	Depuis le commencement du -.	从开天辟地以来	zong k‘ai p‘ih ’i lai.		從開闢以來		374		true	自旧档汇入	2026-04-13T01:27:08+08:00
Monde	sm	Terre. Dans ce -.	世界上	’la se’ ka’ laong’.		拉世界上		374		true	自旧档汇入	2026-04-13T01:27:08+08:00
Monde	sm	Terre. Dans ce -.	世界上	se’ ka’ deû laong’.		世界頭上		374		true	自旧档汇入	2026-04-13T01:27:08+08:00
Monde	sm	Tous les pays du -.	普天下	’p‘ou(héh) t‘ié ’ya.		普（合）天下		374		true	自旧档汇入	2026-04-13T01:27:08+08:00
Monde	sm	Courir le -.	周游天下	tseû lieû t‘ié ’ya.		周流天下		374		true	自旧档汇入	2026-04-13T01:27:08+08:00
Monde	sm	Venir au -.	出生	sang ts‘éh lai.		生出來		374		true	自旧档汇入	2026-04-13T01:27:08+08:00
Monde	sm	Quitter ce -. Mourir.	去世	k‘i’ se’.		去世		374		true	自旧档汇入	2026-04-13T01:27:08+08:00
Monde	sm	Quitter ce -. Mourir.	去世	’si.		死		374		true	自旧档汇入	2026-04-13T01:27:08+08:00
Monde	sm	Tout le -.	全部，所有	gnen zi(tou).		人齊（都）		374	待定 一作“人多”“日多”	true	自旧档汇入	2026-04-13T01:27:08+08:00
Monde	sm	Tout le -.	全部，所有	ka ka.		家家		374		true	自旧档汇入	2026-04-13T01:27:08+08:00
Monde	sm	Tout le -.	全部，所有	da’ kai’.		大概		374		true	自旧档汇入	2026-04-13T01:27:08+08:00
Monde	sm	Mœurs du siècle.	世俗的	se’ zôh.		世俗		374		true	自旧档汇入	2026-04-13T01:27:08+08:00
Monde	sm	Renoncer au -.	丢开世俗	k‘i’ ziéh(tieû k‘ai) se’ zôh.		棄絶（丢開）世俗		374		true	自旧档汇入	2026-04-13T01:27:08+08:00
Monder	va		弄干净	long’ keu zing.		弄乾净		374		true	自旧档汇入	2026-04-13T01:27:08+08:00
Mongol	sm		蒙古人	mong-’kou gnen.		蒙古人		374		true	自旧档汇入	2026-04-13T01:27:08+08:00
Mongolie	sf		蒙古	mong-’kou.		蒙古		374		true	自旧档汇入	2026-04-13T01:27:08+08:00
Monique	sf		莫尼加	moh-gni-kia.		莫尼加		374		true	自旧档汇入	2026-04-13T01:27:08+08:00
Monnaie	sf		铜钱	dong dié.		銅錢		374		true	自旧档汇入	2026-04-13T01:27:08+08:00
Monnaie	sf		银钱	gnen zié(’tse).		銀錢（子）		374		true	自旧档汇入	2026-04-13T01:27:08+08:00
Monnaie	sf	Hôtel des -s.	钱局	zié ghiôh.		錢局		374		true	自旧档汇入	2026-04-13T01:27:08+08:00
Monnaie	sf	Donner de la -.	给予铜钱	’tsao dong dié.		抄銅錢	找銅錢	374		true	自旧档汇入	2026-04-13T01:27:08+08:00
Monnayer	va		铸铜钱	tsu’ dong dié.		鑄銅錢		374		true	自旧档汇入	2026-04-13T01:27:08+08:00
Monnayeur	sm	(Faux).	造币厂工人	tsu’ ’siao dong dié(se gnen ’tse) ke’.		鑄小銅錢（私銀子）个		374		true	自旧档汇入	2026-04-13T01:27:08+08:00
Monopole	sm		垄断，专利	dôh hang sang i’.		獨行生意		374		true	自旧档汇入	2026-04-13T01:27:08+08:00
Monopole	sm	Exercer le - du sel.	垄断卖盐	dôh hang ma’ yé.		獨行賣鹽		374		true	自旧档汇入	2026-04-13T01:27:08+08:00
Monopoliser	va		包揽，独卖	pao ’lè.		包攬		374		true	自旧档汇入	2026-04-13T01:27:08+08:00
Monopoliser	va		包揽，独卖	dôh ma’.		獨賣		374		true	自旧档汇入	2026-04-13T01:27:08+08:00
Monotone	adj.Fig.		单调的	zang zang ih yang’.		常常一樣		374		true	自旧档汇入	2026-04-13T01:27:08+08:00
Monseigneur	sm	(C.)	主教大人	’tsu kiao’ da’ zen.		主教大人		374		true	自旧档汇入	2026-04-13T01:27:08+08:00
Monsieur	sm	(Pol.)	先生	sié sang.		先生		374		true	自旧档汇入	2026-04-13T01:27:08+08:00
Monsieur	sm	(Pol.)	先生	’lao hiong.		老兄		374		true	自旧档汇入	2026-04-13T01:27:08+08:00
Monsieur	sm	Messieurs.	众位	tsong’ wei’.		衆位		374		true	自旧档汇入	2026-04-13T01:27:08+08:00
Monstre	sm		怪物，妖怪，奇怪	koa’ wéh.		怪物		374		true	自旧档汇入	2026-04-13T01:27:08+08:00
Monstre	sm		怪物，妖怪，奇怪	yao(tsing) koa’.		妖（精）怪		374		true	自旧档汇入	2026-04-13T01:27:08+08:00
Monstre	sm		怪物，妖怪，奇怪	ghi koa’.		奇怪		374		true	自旧档汇入	2026-04-13T01:27:08+08:00
Monstre	sm		怪物，妖怪，奇怪	koa’ zaong’.		怪狀		374		true	自旧档汇入	2026-04-13T01:27:08+08:00
Monstre	sm	 - à face humaine.	人面兽心	zen mié’ seû’ sin.		人面獸心		374		true	自旧档汇入	2026-04-13T01:27:08+08:00
Mont	sm		山	sè [ih ke’].		山[一个]		374		true	自旧档汇入	2026-04-13T01:27:08+08:00
Mont	sm	Aller par -s et par vaux.	翻山越岭	bè sè kou’ ’ling.		[並足]山過嶺		374		true	自旧档汇入	2026-04-13T01:27:08+08:00
Mont	sm.Fig.	Promettre -s et merveilles.	说大话	wo’ dou’ wo’.		話大話		374		true	自旧档汇入	2026-04-13T01:27:08+08:00
Montagnard	sm		山上的人	sè ’li gnen.		山裏人		375		true	自旧档汇入	2026-04-13T01:27:08+08:00
Montagnard	sm		山上的人	sè laong’ ke’ gnen.		山上个人		375		true	自旧档汇入	2026-04-13T01:27:08+08:00
Montagne	sf		山	sè.		山		375		true	自旧档汇入	2026-04-13T01:27:08+08:00
Montagne	sf	Chaine de -s.	山脉	ih da’ sè.		一[土大]山	一埭山	375		true	自旧档汇入	2026-04-13T01:27:08+08:00
Montagne	sf	Cime de -.	山顶	sè ’ting.		山頂		375		true	自旧档汇入	2026-04-13T01:27:08+08:00
Montagne	sf	Pied de -.	山脚	sè kiah.		山脚		375		true	自旧档汇入	2026-04-13T01:27:08+08:00
Montagne	sf	Versant d'une -.	山背	sè pei’.		山背		375		true	自旧档汇入	2026-04-13T01:27:08+08:00
Montagne	sf	Les 5 -s sacrées.	五岳	’n yôh.		五嶽		375	待定	true	自旧档汇入	2026-04-13T01:27:08+08:00
Mont-de-piété	sm		当铺，典当	taong’ p‘ou’.		當鋪		375		true	自旧档汇入	2026-04-13T01:27:08+08:00
Mont-de-piété	sm		当铺，典当	’tié taong’.		典當		375		true	自旧档汇入	2026-04-13T01:27:08+08:00
Montant	sm		框	k‘oang’.		框		375	待定	true	自旧档汇入	2026-04-13T01:27:08+08:00
Montant	sm		框	’t‘ing.		朾		375	待定	true	自旧档汇入	2026-04-13T01:27:08+08:00
Monter	va		爬上，登上	seng zaong’ k‘i’.		升上去		375		true	自旧档汇入	2026-04-13T01:27:08+08:00
Monter	va		爬上，登上	zaong’ k‘i’.		上去		375		true	自旧档汇入	2026-04-13T01:27:08+08:00
Monter	va		爬上，登上	lôh zaong’ k‘i’.		䟿上去		375		true	自旧档汇入	2026-04-13T01:27:08+08:00
Monter	va	 - une montre.	开表	zaong’ yé.		上弦		375		true	自旧档汇入	2026-04-13T01:27:08+08:00
Monter	va	 - une montre.	开表	k‘ai ’piao.		開表		375		true	自旧档汇入	2026-04-13T01:27:08+08:00
Monter	va	 - un bijou.	镶嵌	’k‘è.	k‘è’.	嵌		375		true	自旧档汇入	2026-04-13T01:27:08+08:00
Monter	va	 - un bijou.	镶嵌	siang ’k‘è.	siang k‘è’.	鑲嵌		375		true	自旧档汇入	2026-04-13T01:27:08+08:00
Monter	va	C'est lui qui a monté ce coup.	是他起的事	ze’ i ’k‘i ke’ ze’ ’t‘i.		是伊起个事體		375		true	自旧档汇入	2026-04-13T01:27:08+08:00
Monter	vn	 - en grade.	升官，高升	seng koé.		升官		375		true	自旧档汇入	2026-04-13T01:27:08+08:00
Monter	va	 - en grade.	升官，高升	kao seng.		高升		375		true	自旧档汇入	2026-04-13T01:27:08+08:00
Monter	va	 - à cheval.	骑马	ghi ’mô.		騎馬		375		true	自旧档汇入	2026-04-13T01:27:08+08:00
Monter	va	Croitre.	长	’tsang.		長		375		true	自旧档汇入	2026-04-13T01:27:08+08:00
Monter	va	Le prix monte.	涨价	ka’ dié(hang zing) ’tsang ’tsé.		價錢（行情）漲者		375	待定	true	自旧档汇入	2026-04-13T01:27:08+08:00
Monter	va	Cela ne monte pas à 2000.	不满两千	véh ’mé(tao’) gni’ ts‘ié.		勿滿（到）二千		375		true	自旧档汇入	2026-04-13T01:27:08+08:00
Monter	va	Cela monte à 10000.	涨到一万	ih mè’ véh k‘ieuh sa’.		一萬勿缺啥		375		true	自旧档汇入	2026-04-13T01:27:08+08:00
Monticule	sm		小山	’siao sè.		小山		375		true	自旧档汇入	2026-04-13T01:27:08+08:00
Montrable	adj	(Pas.)	见不得的	kié’ véh teh ke’.		見勿得个		375		true	自旧档汇入	2026-04-13T01:27:08+08:00
Montre	sf		表	’piao [ih tsah].		表[一隻]		375		true	自旧档汇入	2026-04-13T01:27:08+08:00
Montre	sf		表	ze zen ’piao.		時辰表		375		true	自旧档汇入	2026-04-13T01:27:08+08:00
Montre	sf	Parade.	场面	zang mié’.		場面		375		true	自旧档汇入	2026-04-13T01:27:08+08:00
Montre	sf	Ce n'est que pour la -.	不过是空场面	péh kou’ ze’ k‘ong zang mié’.		不過是空場面		375		true	自旧档汇入	2026-04-13T01:27:08+08:00
Montre	sf	Faire -.	显	’hié.		顯		375		true	自旧档汇入	2026-04-13T01:27:08+08:00
Montre	sf	Faire - d'habileté.	摆架子	ma’ ghia.		賣强		375		true	自旧档汇入	2026-04-13T01:27:08+08:00
Montre	sf	Faire - d'habileté.	摆架子	’pa ka’ ’tse.		擺架子		375		true	自旧档汇入	2026-04-13T01:27:08+08:00
Montrer	va	Faire voir.	出示，指示	péh gnen k‘eu’.		撥人看		375		true	自旧档汇入	2026-04-13T01:27:08+08:00
Montrer	va	Faire voir.	出示，指示	kiao’ gnen k‘eu’ ih k‘eu’.		叫人看一看		375		true	自旧档汇入	2026-04-13T01:27:08+08:00
Montrer	va	Manifester.	发显，显出来	fèh ’hié.		發顯		375		true	自旧档汇入	2026-04-13T01:27:08+08:00
Montrer	va	Manifester.	发显，显出来	’hié ts‘éh lai.		顯出來		375		true	自旧档汇入	2026-04-13T01:27:08+08:00
Montrer	va	 - sa sottise.	发现自己糊涂	fèh ’hié ze’ ka wou dou.		發現自家糊塗		375		true	自旧档汇入	2026-04-13T01:27:08+08:00
Montrer	va	Indiquer.	指示	’tse ze’.		指示		375		true	自旧档汇入	2026-04-13T01:27:08+08:00
Montrer	va	 - le chemin.	指点路径	’tse ’tié lou’ kieng’.		指點路徑		375		true	自旧档汇入	2026-04-13T01:27:08+08:00
Montrer	va	Enseigner.	教	kao’.		教		375		true	自旧档汇入	2026-04-13T01:27:08+08:00
Montrer	va	 - à écrire.	教写字	kao’ ’sia ze’.		教寫字		375		true	自旧档汇入	2026-04-13T01:27:08+08:00
Montrer	vr	Se -.	露出来，显出来	fèh ’hié ts‘éh lai.		發顯出來		375		true	自旧档汇入	2026-04-13T01:27:08+08:00
Montrer	vr	Se -.	露出来，显出来	lou’ ts‘éh lai.		露出來		375		true	自旧档汇入	2026-04-13T01:27:08+08:00
Monture	sf		坐骑	ghi ke’ sang ’k‘eû.		騎个牲口		375		true	自旧档汇入	2026-04-13T01:27:08+08:00
Monture	sf	 - de lunettes.	眼镜框	’ngè kieng’ k‘oang’ ’tse.		眼鏡框子		375		true	自旧档汇入	2026-04-13T01:27:08+08:00
Monture	sf	 -[de parapluie…]	骨头，架子	koéh deû.		骨頭		375		true	自旧档汇入	2026-04-13T01:27:08+08:00
Monture	sf	 -[de parapluie…]	骨头，架子	ka’ ’tse.		架子		375		true	自旧档汇入	2026-04-13T01:27:08+08:00
Monument	sm	Arc de triomphe.	纪念碑，纪念性的建筑物	ba leû.		牌樓		375	原作“脾樓”	true	自旧档汇入	2026-04-13T01:27:08+08:00
Monument	sm	Arc de triomphe.	纪念碑，纪念性的建筑物	ba faong.		牌坊		375		true	自旧档汇入	2026-04-13T01:27:08+08:00
Monument	sm	 - antique.	古迹	’kou tsih.		古迹		375		true	自旧档汇入	2026-04-13T01:27:08+08:00
Moquer	vr	(Se).	嘲笑	hieû siao’.		咻笑	？	375	待定	true	自旧档汇入	2026-04-13T01:27:08+08:00
Moquer	vr	(Se).	嘲笑	hi’(ki) siao’.		戲（譏）笑		375		true	自旧档汇入	2026-04-13T01:27:08+08:00
Moquer	vr	Se faire -.	引人笑	’za gnen siao’		惹人笑		375		true	自旧档汇入	2026-04-13T01:27:08+08:00
Moquer	vr		引人笑	’yen gnen siao’		引人笑		375		true	自旧档汇入	2026-04-13T01:27:08+08:00
morale	sf		道德，道义；伦理	koei ’kiu		規矩		376		true	自旧档汇入	2026-04-13T01:27:08+08:00
morale	sf	Les 4 principes de -	四项道德原则，礼义廉耻	’li gni’ lié ’ts‘e		禮義廉耻		376		true	自旧档汇入	2026-04-13T01:27:08+08:00
morale	sf	La - dece fait c'est que...	这件事的寓意是...	di’ kiu’ wo’ ze’ kiao’ gnen		第句話是教人...		376	待定 標點	true	自旧档汇入	2026-04-13T01:27:08+08:00
moraliser	va	le peuple	教化人民	kiao’ h‘ouo’ pah sing’		教化百姓		376		true	自旧档汇入	2026-04-13T01:27:08+08:00
moraliser	va	le peuple	教化人民	kiao’ gnen hoh ’h‘ao		教人學好		376		true	自旧档汇入	2026-04-13T01:27:08+08:00
morceau	sm		一块，一片；一口	k‘oei’		塊		376		true	自旧档汇入	2026-04-13T01:27:08+08:00
morceau	sm		一块，一片；一口	k‘oei’ deû		塊頭		376		true	自旧档汇入	2026-04-13T01:27:08+08:00
morceau	sm	En menus -x	小块状	ling sé’		零碎		376		true	自旧档汇入	2026-04-13T01:27:08+08:00
morceau	sm	#NAME?		’yao deû		肴頭		376	待定	true	自旧档汇入	2026-04-13T01:27:08+08:00
morceau	sm	#NAME?		gnéh ’ts‘ao		熱炒		376		true	自旧档汇入	2026-04-13T01:27:08+08:00
morceler	va		分，分割，把…分成几块	si’ si’ neng fen k‘ai(sé’)		細細能分開（碎）		376		true	自旧档汇入	2026-04-13T01:27:08+08:00
mordant	sm		媒染剂	’gné liao’		染料		376		true	自旧档汇入	2026-04-13T01:27:08+08:00
mordant	adj	Parole -e	讽刺	ki ziao’		譏誚		376		true	自旧档汇入	2026-04-13T01:27:08+08:00
mordant	adj	Parole -e	讽刺	ki ts‘é’		譏刺		376		true	自旧档汇入	2026-04-13T01:27:08+08:00
mordant	adj	Parole -e	讽刺	ts‘ôh ’vè		觸犯		376		true	自旧档汇入	2026-04-13T01:27:08+08:00
mordicus	adv		顽固地，固执地，顽强地	p‘ié sang		偏生		376		true	自旧档汇入	2026-04-13T01:27:08+08:00
mordicus	adv	Soutenir son idée -	固执己见	’kou tséh ’ki kié’	kou’ tséh ’ki kié’	固執己見		376		true	自旧档汇入	2026-04-13T01:27:08+08:00
mordicus	adv	Soutenir son idée -	固执己见	tséh sing’ ke’		執性个		376		true	自旧档汇入	2026-04-13T01:27:08+08:00
mordicus	adv	Résister - à un ordre	固执地违抗命令	’si méh ’li véh t‘ing		死未裏勿聽		376		true	自旧档汇入	2026-04-13T01:27:08+08:00
mordre	va		咬，啄；叮，蜇	’ngao		咬		376		true	自旧档汇入	2026-04-13T01:27:08+08:00
mordre	va		咬，啄；叮，蜇	’ngao ih ’k‘eû 		咬一口		376		true	自旧档汇入	2026-04-13T01:27:08+08:00
mordre	va	Le chien va -	狗要咬人	’keû yao’ ’ngao gnen (zaong’ sen) ke’		狗要咬人（上身）个		376		true	自旧档汇入	2026-04-13T01:27:08+08:00
moribond	adj	Cf. Mourant	垂死的，临终的	yao’ ’si k‘oa’ ke’ ’tsé		要死快个者		376		true	自旧档汇入	2026-04-13T01:27:08+08:00
moribond	adj	Cf. Mourant	垂死的，临终的	lin tsong ke’ gnen		臨終个人		376		true	自旧档汇入	2026-04-13T01:27:08+08:00
morigéner	va		教训	èh èh		壓壓		376		true	自旧档汇入	2026-04-13T01:27:08+08:00
morigéner	va		教训	’koé sôh		管束		376		true	自旧档汇入	2026-04-13T01:27:08+08:00
morigéner	va		教训	kiao’ hiun’		教訓		376		true	自旧档汇入	2026-04-13T01:27:08+08:00
morigéner	va	Gronder	训斥，责骂	ma yeu’		埋怨		376		true	自旧档汇入	2026-04-13T01:27:08+08:00
morne	adj		忧愁的，忧郁的，闷闷不乐的，沮丧的	yeû zeû		憂愁		376		true	自旧档汇入	2026-04-13T01:27:08+08:00
morne	adj		忧愁的，忧郁的，闷闷不乐的，沮丧的	yeû men’		憂悶		376		true	自旧档汇入	2026-04-13T01:27:08+08:00
morose	adj		忧愁的，忧郁的，闷闷不乐的，沮丧的	zeû		愁		376		true	自旧档汇入	2026-04-13T01:27:08+08:00
morose	adj		忧愁的，忧郁的，闷闷不乐的，沮丧的	k‘i’ k‘i’ men’ men’		氣氣悶悶		376		true	自旧档汇入	2026-04-13T01:27:08+08:00
morphine	sf		吗啡	moh-fi yah		嗼啡藥		376		true	自旧档汇入	2026-04-13T01:27:08+08:00
mors	sm		嚼子，马衔	’mô ziah		馬嚼		376		true	自旧档汇入	2026-04-13T01:27:08+08:00
mors	sm		嚼子，马衔	’mô ziah t‘ih		馬嚼鐵		376		true	自旧档汇入	2026-04-13T01:27:08+08:00
mors	sm	Le cheval prit le - aux dents	咬紧嚼子；溜缰，狂奔	’mô hah ’tsé	’mô h‘ah ’tsé	馬嚇者		376		true	自旧档汇入	2026-04-13T01:27:08+08:00
morsure	sf		咬，啮；叮，蜇	’ngao		咬		376		true	自旧档汇入	2026-04-13T01:27:08+08:00
morsure	sf	Faire une -	咬一口	’ngao ih ’k‘eû 		咬一口		376		true	自旧档汇入	2026-04-13T01:27:08+08:00
mort	sf		死，死亡	’si		死		376		true	自旧档汇入	2026-04-13T01:27:08+08:00
mort	sf		死，死亡	tsong		終		376		true	自旧档汇入	2026-04-13T01:27:08+08:00
mort	sf	Digne de -	该死	kai ’si		該死		376	值得一死？	true	自旧档汇入	2026-04-13T01:27:08+08:00
mort	sf	Se battre à -	殊死搏斗	siang ’tang ’lao ’tang sèh		相打咾打殺		376		true	自旧档汇入	2026-04-13T01:27:08+08:00
mort	sf	Se battre à -	殊死搏斗	’tang tei’		打對		376		true	自旧档汇入	2026-04-13T01:27:08+08:00
mort	sf	Bonne -	善终	zé’ tsong		善終		376		true	自旧档汇入	2026-04-13T01:27:08+08:00
mort	sf	Bonne vie, bonne -	善生善终	zé’ seng eu ’se		善生安死		376	翻译	true	自旧档汇入	2026-04-13T01:27:08+08:00
mort	sf	Bonne vie, bonne -	善生善终	wéh teh ’h‘ao ’si teh ’h‘ao		活得好死得好		376		true	自旧档汇入	2026-04-13T01:27:08+08:00
mort	sf	Mettre à -	处死	sèh gnen		殺人		376		true	自旧档汇入	2026-04-13T01:27:08+08:00
mort	sf	Mettre à -	处死	long’ sèh		弄殺		376		true	自旧档汇入	2026-04-13T01:27:08+08:00
mort	sm		死人，死者	’si gnen		死人		376		true	自旧档汇入	2026-04-13T01:27:08+08:00
mort	sm	Faire des habits au -	为死者做寿衣	tsou’ ’si gnen i zaong		做死人衣裳		376		true	自旧档汇入	2026-04-13T01:27:08+08:00
mort	sm	Faire des habits au -	为死者做寿衣	tsou’ zeû’ i		做壽衣		376		true	自旧档汇入	2026-04-13T01:27:08+08:00
mort	sm	Revêtir le -	给死人穿寿衣	tsou’ ’si se		着死屍		376		true	自旧档汇入	2026-04-13T01:27:08+08:00
mort	sm	Revêtir le -	给死人穿寿衣	t‘i’ ’si gnen tsah i zaong		替死人著衣裳		376		true	自旧档汇入	2026-04-13T01:27:08+08:00
mort	sm	Mettre le - en bière	把死人放入棺材，入殓	zéh lié’		入殮		376		true	自旧档汇入	2026-04-13T01:27:08+08:00
mort	sm	Mettre le - en bière	把死人放入棺材，入殓	zéh (gnéh) moh		入（拾）木		376		true	自旧档汇入	2026-04-13T01:27:08+08:00
mort	sm	Exposer le -	停尸	ding ’si se		停死屍		376		true	自旧档汇入	2026-04-13T01:27:08+08:00
mort	sm	Exposer le -	停尸	koh koé zai		擱棺材		376		true	自旧档汇入	2026-04-13T01:27:08+08:00
mort	sm	La levée du corps	起棺出殡	’k‘i koé		起棺		377		true	自旧档汇入	2026-04-13T01:27:08+08:00
mort	sm	La levée du corps	起棺出殡	ts‘éh ’pin	ts‘éh pin’	出殯		377		true	自旧档汇入	2026-04-13T01:27:08+08:00
mort	sm	La levée du corps	起棺出殡	song’ tsaong’		送葬		377		true	自旧档汇入	2026-04-13T01:27:08+08:00
mort	sm	La levée du corps	起棺出殡	loh (ma) tsaong’		落（埋）葬		377		true	自旧档汇入	2026-04-13T01:27:08+08:00
mort	adj	Être -	死了	’si ’tsé		死者		377	demi-x,暂时这样用两连续短横处理	true	自旧档汇入	2026-04-13T01:27:08+08:00
mort	adj	Être -	死了	tsong ’tsé		終者		377		true	自旧档汇入	2026-04-13T01:27:08+08:00
mort	adj	Être -	死了	k‘i’ se’ ’tsé		去世者		377		true	自旧档汇入	2026-04-13T01:27:08+08:00
mort	adj	Être -	死了	véh léh ’la ’tsé		勿垃拉者		377		true	自旧档汇入	2026-04-13T01:27:08+08:00
mort	adj	Être à demi--	半死的	pé’ ’si pé’ wéh		半死半活		377		true	自旧档汇入	2026-04-13T01:27:08+08:00
mort	adj	- sous les coups	打死	’tang sèh ’tsé		打殺者		377		true	自旧档汇入	2026-04-13T01:27:08+08:00
mort	adj	[Bois]-	枯死的，枯萎的	keu k‘ou		乾枯		377		true	自旧档汇入	2026-04-13T01:27:08+08:00
mortaise	sf		榫孔，榫眼，榫槽	’sen deû		榫頭		377		true	自旧档汇入	2026-04-13T01:27:08+08:00
mortaise	sf		榫孔，榫眼，榫槽	tsen ’ngè		椹眼		377		true	自旧档汇入	2026-04-13T01:27:08+08:00
morte	sf	(La Mer)	死海	’si ’h‘ai		死海		377		true	自旧档汇入	2026-04-13T01:27:08+08:00
mortel	adj		要死的，必死的；致死的，致命的	’si		死		377		true	自旧档汇入	2026-04-13T01:27:08+08:00
mortel	adj	Maladie -le	绝症，不治之症	’zong bing’		重病		377		true	自旧档汇入	2026-04-13T01:27:08+08:00
mortel	adj	Maladie -le	绝症，不治之症	’si tseng’		死症		377		true	自旧档汇入	2026-04-13T01:27:08+08:00
mortel	adj	Le corps est -	肉身会死	gnôh sen yao’ ’si ke’		肉身要死个		377		true	自旧档汇入	2026-04-13T01:27:08+08:00
mortel	adj	Péché - (C.)	死罪	dou’ (’si) zu’		大（死）罪		377	宗教翻译	true	自旧档汇入	2026-04-13T01:27:08+08:00
morte-saison	sf		淡季，闲季	hè ke’ ze heû’		閑个時候		377		true	自旧档汇入	2026-04-13T01:27:08+08:00
morte-saison	sf		淡季，闲季	hè deû ’li		閑頭裏		377		true	自旧档汇入	2026-04-13T01:27:08+08:00
mortier	sm	à la chaux	石灰砂浆	h‘oei souo		灰沙		377		true	自旧档汇入	2026-04-13T01:27:08+08:00
mortier	sm	- sans chaux	无石灰的砂浆	gni		泥		377		true	自旧档汇入	2026-04-13T01:27:08+08:00
mortier	sm	Vase pour piler	研钵	tei (ts‘eng’) ’ghieû [ih tsah]	tei’ (ts‘eng’) ’ghieû [ih tsah]	碓（舂）臼[一隻]		377	原作“碓（摏）臼[一隻]”	true	自旧档汇入	2026-04-13T01:27:08+08:00
mortier	sm	Bouche à feu	炮	si kouo p‘ao’		西瓜炮		377		true	自旧档汇入	2026-04-13T01:27:08+08:00
mortification	sf		苦修	’k‘ou kong		苦工		377		true	自旧档汇入	2026-04-13T01:27:08+08:00
mortification	sf	#NAME?	内在苦修	nei’ k‘eh ’k‘ou		内克苦		377		true	自旧档汇入	2026-04-13T01:27:08+08:00
mortification	sf	#NAME?	外在苦修	nga’ k‘eh ’k‘ou		外克苦		377	ex 原文上标	true	自旧档汇入	2026-04-13T01:27:08+08:00
mortifié	pp	Humilié	侮辱，凌辱	sieû koei’	sieû goei’	羞愧		377		true	自旧档汇入	2026-04-13T01:27:08+08:00
mortifié	pp	Humilié	侮辱，凌辱	t‘è ts‘ong’		坍㧤		377		true	自旧档汇入	2026-04-13T01:27:08+08:00
mortifier	va	qqn	侮辱人	long’ i véh ’h‘ao i’ se		弄伊勿好意思		377		true	自旧档汇入	2026-04-13T01:27:08+08:00
mortifier	va	Le -		long’ i lai t‘è ts‘ong’		弄伊來坍㧤		377		true	自旧档汇入	2026-04-13T01:27:08+08:00
mortifier	va	Le -		long’ i lai ’zeû m ts‘u’		弄伊來受無趣	弄伊來受嘸趣	377		true	自旧档汇入	2026-04-13T01:27:08+08:00
mortifier	vr	Se -	苦修，禁欲修行	k‘eh ’k‘ou		克苦		377		true	自旧档汇入	2026-04-13T01:27:08+08:00
mortifier	vr	Se -	苦修，禁欲修行	k‘eh ’ki		克己		377		true	自旧档汇入	2026-04-13T01:27:08+08:00
mort-né	pp		死产的	t‘ai ’li ’si ke’		胎裏死个		377		true	自旧档汇入	2026-04-13T01:27:08+08:00
morve	sf		鼻涕	bieh t‘i’	biéh t‘i’	鼻涕		377		true	自旧档汇入	2026-04-13T01:27:08+08:00
morveux	adj		流鼻涕的	lieû bieh t‘i’	lieû biéh t‘i’	流鼻涕		377		true	自旧档汇入	2026-04-13T01:27:08+08:00
mosquée	sf		清真寺	wei kiao’ daong		回教堂		377		true	自旧档汇入	2026-04-13T01:27:08+08:00
mot	sm		句子，话	seh wo’ [ih kiu’]		説話[一句]		377		true	自旧档汇入	2026-04-13T01:27:08+08:00
mot	sm	#NAME?	文字	ze’		字		377		true	自旧档汇入	2026-04-13T01:27:08+08:00
mot	sm	Chaque -	每句话	kiu’ kiu’ wo’		句句話		377		true	自旧档汇入	2026-04-13T01:27:08+08:00
mot	sm	- à -	逐字逐句	ih kiu’ ih kiu’		一句一句		377		true	自旧档汇入	2026-04-13T01:27:08+08:00
mot	sm	En un -	一句话，总而言之	’tsong eul yé tse		總而言之		377		true	自旧档汇入	2026-04-13T01:27:08+08:00
mot	sm	Venez m'en dire un -	你来告诉我一声	nong’ lai kao’ sou’ ’ngou ih sang		儂來告訴我一聲		377		true	自旧档汇入	2026-04-13T01:27:08+08:00
mot	sm	Veuillez dire un - pour moi	替我说一声	t‘i’ ’ngou ’tsé yé ih kiu’ (diao ts‘u’ diao ts‘u’)(’tsé yé ih sang)		替我轉言一句（調處調處）（轉言一聲）		377		true	自旧档汇入	2026-04-13T01:27:08+08:00
mot	sm	Veuillez dire un - pour moi	替我说一声	t‘i’ ’ngou wo’ ih sang		替我話一聲		377		true	自旧档汇入	2026-04-13T01:27:08+08:00
mot	sm	Se donner le -	事先商量好，串通好	da’ ka t‘ong k‘i’ ke’		大家通氣个		377		true	自旧档汇入	2026-04-13T01:27:08+08:00
mot	sm	Se donner le -	事先商量好，串通好	wo’ t‘ong		話通		377		true	自旧档汇入	2026-04-13T01:27:08+08:00
mot	sm	Ne dire -	一声不吭，不置一词	véh k‘ai ’k‘eû		勿開口		378		true	自旧档汇入	2026-04-13T01:27:08+08:00
mot	sm	Ne dire -	一声不吭，不置一词	véh ’hiang sa’		勿响啥		378	保留簡體	true	自旧档汇入	2026-04-13T01:27:08+08:00
mot	sm	Ne dire -	一声不吭，不置一词	véh wo’ ’k‘i sa’		勿話起啥		378		true	自旧档汇入	2026-04-13T01:27:08+08:00
mot	sm	Ne dire -	一声不吭，不置一词	véh tsoh (ts‘éh) sang		勿作（出）聲		378		true	自旧档汇入	2026-04-13T01:27:08+08:00
mot	sm	Il n'en a plus soufflé -	再没说过一句话	lié di ’a véh di ’k‘i ’tsé		連提也勿提起者		378		true	自旧档汇入	2026-04-13T01:27:08+08:00
mot	sm	Ne pouvoir placer son -	难置一词	’tse ts‘èh véh zaong’		嘴插勿上		378		true	自旧档汇入	2026-04-13T01:27:08+08:00
mot	sm	Vouloir toujours avoir le dernier -	好争辩	’tse véh gnang’		嘴勿讓		378		true	自旧档汇入	2026-04-13T01:27:08+08:00
mot	sm	Vouloir toujour avoir le dernier -	好争辩	’tse ngang’		嘴硬		378		true	自旧档汇入	2026-04-13T01:27:08+08:00
mot	sm	Gros -	粗字眼；脏话，骂人话；脏话	ts‘ou seh wo’		粗説話		378		true	自旧档汇入	2026-04-13T01:27:08+08:00
moteur	sm	d'une machine	发动机	ki koè		機關		378		true	自旧档汇入	2026-04-13T01:27:08+08:00
moteur	sm	Machine	发动机，引擎	yng-ghien [ih tsah]		英琴[一隻]		378	待定 特殊	true	自旧档汇入	2026-04-13T01:27:08+08:00
motif	sm		动机；理由，原因	wei’ deû		爲頭		378		true	自旧档汇入	2026-04-13T01:27:08+08:00
motif	sm		动机；理由，原因	yeu kou’		緣故		378		true	自旧档汇入	2026-04-13T01:27:08+08:00
motif	sm		动机；理由，原因	’k‘i kié’		起見		378		true	自旧档汇入	2026-04-13T01:27:08+08:00
motif	sm	C'est par un bou - que	出于良好的动机，出于好心	’ngou ts‘éh yu ’h‘ao sin		我出于好心		378	#NAME?	true	自旧档汇入	2026-04-13T01:27:08+08:00
motif	sm	Sans -	无故	m yeu m kou’		無緣無故	嘸緣嘸故	378		true	自旧档汇入	2026-04-13T01:27:08+08:00
motif	sm	Sans -	无故	m ze’ m fi		無是無非	嘸是嘸非	378		true	自旧档汇入	2026-04-13T01:27:08+08:00
motte	sf	de terre	土块，土团	gni k‘oei’		泥塊		378		true	自旧档汇入	2026-04-13T01:27:08+08:00
motus!	Excl	latine.Ne réponds rien!	别说话，不要出声，别开口	nong’ véh yao’ ’hiang		儂勿要响		378	latine写的位置 保留簡體	true	自旧档汇入	2026-04-13T01:27:08+08:00
motus!	Excl	latine.Ne réponds rien!		véh yao’ k‘ai ’k‘eû		勿要開口		378		true	自旧档汇入	2026-04-13T01:27:08+08:00
mou	adj		软的，无力的，柔软的；无精打采的，懒洋洋的	’gneu		軟		378		true	自旧档汇入	2026-04-13T01:27:08+08:00
mou	adj		软的，无力的，柔软的；无精打采的，懒洋洋的	’gneu wou		軟和		378		true	自旧档汇入	2026-04-13T01:27:08+08:00
mou	adj		软的，无力的，柔软的；无精打采的，懒洋洋的	bi ghieu’		疲倦		378		true	自旧档汇入	2026-04-13T01:27:08+08:00
mou	sm. Fig.	Sans énergie	无精打采的，懒洋洋的，怠惰的；软弱无力的，萎靡不振的 	’gneu zah		軟弱		378		true	自旧档汇入	2026-04-13T01:27:08+08:00
mou	sm. Fig.	Sans énergie	无精打采的，懒洋洋的，怠惰的；软弱无力的，萎靡不振的 	’gneu sing’ ’tse		軟性子		378		true	自旧档汇入	2026-04-13T01:27:08+08:00
mou	sm. Fig.	Sans énergie	无精打采的，懒洋洋的，怠惰的；软弱无力的，萎靡不振的 	m teh tsing zen		没得精神	嘸得精神	378		true	自旧档汇入	2026-04-13T01:27:08+08:00
mouche	sf		蝇，苍蝇	ts‘aong yeng		蒼蠅		378		true	自旧档汇入	2026-04-13T01:27:08+08:00
moucher	vr	(Se)	擤鼻涕	h‘eng’ (k‘a) bieh t‘i’		哼（揩）鼻涕	洵（揩）鼻涕	378	待定	true	自旧档汇入	2026-04-13T01:27:08+08:00
moucher	va	- la chandelle	剪烛花	kiéh (ghié) lèh tsôh mei deû		㓤（钳）蠟燭煤頭	挾（钳）蠟燭煤頭	378		true	自旧档汇入	2026-04-13T01:27:08+08:00
moucheron	sm		(蚊、蚋等）小飞虫；小蝇	’siao mong (zong)		小蠓（虫）		378	保留簡體	true	自旧档汇入	2026-04-13T01:27:08+08:00
moucheter	va		使布满点子，使布满斑点	’tié ngè seh		點顔色		378		true	自旧档汇入	2026-04-13T01:27:08+08:00
moucheter	va		使布满点子，使布满斑点	tsah ngè seh		着顔色		378		true	自旧档汇入	2026-04-13T01:27:08+08:00
mouchettes	sf.pl.			kiéh gnéh		㓤鑷	挾鑷	378		true	自旧档汇入	2026-04-13T01:27:08+08:00
mouchoir	sm		手帕，手绢	’seû kien [ih diao]		手巾[一條]		378		true	自旧档汇入	2026-04-13T01:27:08+08:00
moudre	va		磨研，研成粉末	mô		磨		378		true	自旧档汇入	2026-04-13T01:27:08+08:00
moudre	va		磨研，研成粉末	k‘ié mô		牽磨		378	原作“撁磨”	true	自旧档汇入	2026-04-13T01:27:08+08:00
moudre	va	- du blé	磨小麦	k‘ié mié’		牽麵		378	原作“撁麵”	true	自旧档汇入	2026-04-13T01:27:08+08:00
moue	sf	Faire la -	撅嘴，撇嘴	k‘ieuh ’tse	kieuh ’tse	噘嘴		378	待定	true	自旧档汇入	2026-04-13T01:27:08+08:00
moue	sf	Faire la -	撅嘴，撇嘴	’tse zen k‘iao’ ’k‘i ’tié		嘴唇翹起點		378	原作“嘴唇髚起點”	true	自旧档汇入	2026-04-13T01:27:08+08:00
mouillé	pp		湿的，潮湿的，湿润的	séh		濕		378		true	自旧档汇入	2026-04-13T01:27:08+08:00
mouillé	pp		湿的，潮湿的，湿润的	sah		[氵智亍]	濕	378		true	自旧档汇入	2026-04-13T01:27:08+08:00
mouiller	vn	Jeter l'ancre	抛锚	hao’ mao	’hao mao	下錨		378		true	自旧档汇入	2026-04-13T01:27:08+08:00
mouiller	vn	Jeter l'ancre	抛锚	p‘ao mao		拋錨		378		true	自旧档汇入	2026-04-13T01:27:08+08:00
mouiller	va		弄湿，沾湿，浸湿，润湿	sah		[氵智亍]	濕	378		true	自旧档汇入	2026-04-13T01:27:08+08:00
mouiller	va		弄湿，沾湿，浸湿，润湿	tsin’ sah		浸[氵智亍]	浸濕	378		true	自旧档汇入	2026-04-13T01:27:08+08:00
mouiller	va		弄湿，沾湿，浸湿，润湿	sah ih sah ’tsé		[氵智亍]一[氵智亍]者	濕一濕者	378		true	自旧档汇入	2026-04-13T01:27:08+08:00
mouiller	vr	Se -	被弄湿，被沾湿，被浸湿，被润湿	séh		濕		378		true	自旧档汇入	2026-04-13T01:27:08+08:00
mouiller	vr	Se -	被弄湿，被沾湿，被浸湿，被润湿	lin séh ’tsé		淋濕者		378		true	自旧档汇入	2026-04-13T01:27:08+08:00
mouiller	vr	Se -	被弄湿，被沾湿，被浸湿，被润湿	long’ sah		弄[氵智亍]	弄濕	378		true	自旧档汇入	2026-04-13T01:27:08+08:00
moukden		La ville de -	奉天	zen kieng	zeng kieng	盛京		378	待定	true	自旧档汇入	2026-04-13T01:27:08+08:00
moukden		La ville de -	奉天	wong’ t‘ié ’fou		奉天府		378		true	自旧档汇入	2026-04-13T01:27:08+08:00
moule	sm		模子，模型，铸模，铸型	p‘ei (t‘euh) ’tse		坯（脱）子		378		true	自旧档汇入	2026-04-13T01:27:08+08:00
moule	sm		模子，模型，铸模，铸型	koei mo		規模		378		true	自旧档汇入	2026-04-13T01:27:08+08:00
moule	sf		贻贝，壳菜，淡菜	’bang		蚌		378		true	自旧档汇入	2026-04-13T01:27:08+08:00
moule	sf	-s sèches	贻贝干	’se ts‘ai’		水菜		378		true	自旧档汇入	2026-04-13T01:27:08+08:00
mouler	va	en métal	用模子制造；铸造，浇铸	kiao		澆		378		true	自旧档汇入	2026-04-13T01:27:08+08:00
mouler	va	en métal	用模子制造；铸造，浇铸	tsu’		鑄		378		true	自旧档汇入	2026-04-13T01:27:08+08:00
mouler	va	en argile	用模子制造；铸造，浇铸	sou’		塑		378		true	自旧档汇入	2026-04-13T01:27:08+08:00
moulin	sm		磨；磨坊	mô faong		磨坊		378		true	自旧档汇入	2026-04-13T01:27:08+08:00
moulin	sm	- à vent	风磨，风车	fong mô		風磨		378		true	自旧档汇入	2026-04-13T01:27:08+08:00
moulin	sm	- à eau	水磨	’se mô		水磨		378		true	自旧档汇入	2026-04-13T01:27:08+08:00
moulin	sm	Petit - à manivelle	手摇磨	’teû mô		斗磨		379		true	自旧档汇入	2026-04-13T01:27:08+08:00
moulin	sm	Petit - à manivelle	手摇磨	mô ’tse		磨子		379		true	自旧档汇入	2026-04-13T01:27:08+08:00
moulinet		(Faire le) avec un bâton		long’ ’koen ’tse		弄棍子		379		true	自旧档汇入	2026-04-13T01:27:08+08:00
mourant	adj	Cf. Morbond	垂死的，濒死的	’si ’hao lai ’tsé		死下來者		379		true	自旧档汇入	2026-04-13T01:27:08+08:00
mourant	adj	Cf. Morbond	垂死的，濒死的	’yao ’si ’tsé	yao’ ’si ’tsé	要死者		379		true	自旧档汇入	2026-04-13T01:27:08+08:00
mourant	adj	Cf. Morbond	垂死的，濒死的	tsong ’hao lai ’tsé		終下來者		379		true	自旧档汇入	2026-04-13T01:27:08+08:00
mourant	adj	Cf. Morbond	垂死的，濒死的	’si k‘oa’ ’tsé		死快者		379		true	自旧档汇入	2026-04-13T01:27:08+08:00
mourir	vn		死，死亡	’si		死		379		true	自旧档汇入	2026-04-13T01:27:08+08:00
mourir	vn		死，死亡	k‘i’ se’		去世		379		true	自旧档汇入	2026-04-13T01:27:08+08:00
mourir	vn	#NAME?	夭折；英年早逝	’teu ming’		短命		379		true	自旧档汇入	2026-04-13T01:27:08+08:00
mourir	vn	#NAME?	夭折；英年早逝	zeû’ ’teu		壽短		379		true	自旧档汇入	2026-04-13T01:27:08+08:00
mourir	vn	Puissiez-vous - jeune!		nong’ tsah ’tsao ’si		儂隻早死	儂隻？？	379	待定 tsao si	true	自旧档汇入	2026-04-13T01:27:08+08:00
mourir	vn	- de faim	饿死	ngou’ ’si (sèh)		餓死（殺）		379		true	自旧档汇入	2026-04-13T01:27:08+08:00
mourir	vn	- de froid	冻死	tong’ ’si (sèh)		凍死（殺）		379		true	自旧档汇入	2026-04-13T01:27:08+08:00
mourir	vn	-de vieillesse	老死	’lao ’si		老死		379		true	自旧档汇入	2026-04-13T01:27:08+08:00
mourir	vn	Faire - qqn de peur	吓死某人	hah sèh i	h‘ah sèh i	嚇殺伊		379		true	自旧档汇入	2026-04-13T01:27:08+08:00
mourir	vn	Faire - sous les coups	打死	’tang ’si (sèh) i		打死（殺）伊		379		true	自旧档汇入	2026-04-13T01:27:08+08:00
mourre	sf	Jouer à la -	豁拳	hoèh ghieû	h‘oèh ghieû	豁拳		379		true	自旧档汇入	2026-04-13T01:27:08+08:00
mourre	sf	Jouer à la -	豁拳	ts‘ai ghieû		猜拳		379		true	自旧档汇入	2026-04-13T01:27:08+08:00
mousse	sf		苔藓，青苔；地衣	ts‘ing dai		青苔		379		true	自旧档汇入	2026-04-13T01:27:08+08:00
mousse	sf		苔藓，青苔；地衣	lôh dai		緑苔		379		true	自旧档汇入	2026-04-13T01:27:08+08:00
mousse	sf	Écume	泡沫，沫子，气泡	’se mô		水沫		379		true	自旧档汇入	2026-04-13T01:27:08+08:00
mousse	sf	Écume	泡沫，沫子，气泡	bah mô		白沫		379		true	自旧档汇入	2026-04-13T01:27:08+08:00
moustache	sf		髭，小胡子	sou		鬚		379		true	自旧档汇入	2026-04-13T01:27:08+08:00
moustache	sf	- et mouche	小胡子	sè ’ngè sou		三眼鬚		379		true	自旧档汇入	2026-04-13T01:27:08+08:00
moustique	sm		蚊	men ’tse [ih ke’]		蚊子[一个]		379		true	自旧档汇入	2026-04-13T01:27:08+08:00
moustiquaire	sf		蚊帐	men tsang’		蚊帳		379		true	自旧档汇入	2026-04-13T01:27:08+08:00
moustiquaire	sf		蚊帐	tsang’ ’tse [ih ’ting]		帳子[一頂]		379		true	自旧档汇入	2026-04-13T01:27:08+08:00
moutarde	sf		芥，芥菜；芥子	ka’ ts‘ai’ ’tse		芥菜子		379		true	自旧档汇入	2026-04-13T01:27:08+08:00
moutarde	sf		芥，芥菜；芥子	ka’ lèh		芥辣		379	待定	true	自旧档汇入	2026-04-13T01:27:08+08:00
moutardier	sm		芥末罐	ka’ lèh bing		芥辣瓶		379		true	自旧档汇入	2026-04-13T01:27:08+08:00
mouton	sm		绵羊	yang		羊		379		true	自旧档汇入	2026-04-13T01:27:08+08:00
mouton	sm		绵羊	wou yang [ih tsah]		湖羊[一隻]		379		true	自旧档汇入	2026-04-13T01:27:08+08:00
mouvant	adj		不断运动的；变幻不停的；游移不定的	dong’ ke’		動个		379		true	自旧档汇入	2026-04-13T01:27:08+08:00
mouvant	adj	Sable -	流沙	’yong souo		壅沙		379		true	自旧档汇入	2026-04-13T01:27:08+08:00
mouvement	sm		运动，移动；行动，动作，活动	dong’		動		379		true	自旧档汇入	2026-04-13T01:27:08+08:00
mouvement	sm	Prendre du -	活动	wéh dong’ wéh dong’		活動活動		379	一种意义	true	自旧档汇入	2026-04-13T01:27:08+08:00
mouvement	sm	Prendre du -	活动	su sè’		舒散		379		true	自旧档汇入	2026-04-13T01:27:08+08:00
mouvement	sm	De son propre -	自愿，主动	zing gneu’		情願		379		true	自旧档汇入	2026-04-13T01:27:08+08:00
mouvement	sm	De son propre -	自愿，主动	ké sin		甘心		379		true	自旧档汇入	2026-04-13T01:27:08+08:00
mouvement	sm	- dans les rues	人群在街上移动；骚动	leu’ hong hong ke’	leu’ h‘ong h‘ong ke’	亂轟轟个		379	待定	true	自旧档汇入	2026-04-13T01:27:08+08:00
mouvement	sm	- dans les rues	人群在街上移动；骚动	nao’ gnéh ke’		鬧熱个		379		true	自旧档汇入	2026-04-13T01:27:08+08:00
mouvoir	va		使动，移动，搬动；驱动	dong’		動		379		true	自旧档汇入	2026-04-13T01:27:08+08:00
mouvoir	va	- en tirant	拉动，拖动	’la		拉		379		true	自旧档汇入	2026-04-13T01:27:08+08:00
mouvoir	va	- en tirant	拉动，拖动	t‘ou		拖		379		true	自旧档汇入	2026-04-13T01:27:08+08:00
mouvoir	va	- en tirant	拉动，拖动	yao		摇		379		true	自旧档汇入	2026-04-13T01:27:08+08:00
mouvoir	va	Ne pouvoir - en tirant	拉不动	’la véh dong’		拉勿動		379		true	自旧档汇入	2026-04-13T01:27:08+08:00
mouvoir	va	- en poussant	推动	t‘ei		推		379		true	自旧档汇入	2026-04-13T01:27:08+08:00
mouvoir	va	Ne le pouvoir	推不动	t‘ei véh dong’		推勿動		379	解释只是“不能”？	true	自旧档汇入	2026-04-13T01:27:08+08:00
mouvoir	vn	Se -	动，运动，移动	wéh dong’		活動		379		true	自旧档汇入	2026-04-13T01:27:08+08:00
mouvoir	vn	Se -	动，运动，移动	dong’ dong’ sen		動動身		379		true	自旧档汇入	2026-04-13T01:27:08+08:00
mouvoir	vn	Ne pouvoir se -	无法行动	dong’ véh dong’		動勿動		379		true	自旧档汇入	2026-04-13T01:27:08+08:00
moyen	sm		方法，手段，办法	fèh ’tse		法子		379		true	自旧档汇入	2026-04-13T01:27:08+08:00
moyen	sm		方法，手段，办法	faong fèh		方法		379		true	自旧档汇入	2026-04-13T01:27:08+08:00
moyen	sm	Par tous les -s possibles	以一切可能的方式，尽一切可能	ts‘ié faong pah ki’		千方百計		379		true	自旧档汇入	2026-04-13T01:27:08+08:00
moyen	sm	Il ne reste qu'un -	只剩一个办法	tè ’yeû ih ke’ fèh ’tse		單有一个法子		379		true	自旧档汇入	2026-04-13T01:27:08+08:00
moyen	sm	Il ne reste qu'un -	只剩一个办法	tséh zeng’ teh ih sié’ tse lou’		只剩得一綫之路		379		true	自旧档汇入	2026-04-13T01:27:08+08:00
moyen	sm	Pas - de couper	没法切割，切不动	’tsè véh dong’		斬勿動		379		true	自旧档汇入	2026-04-13T01:27:08+08:00
moyen	sm	Il n'y a pas -	没办法	m sa’ fèh ’tse		無啥法子	嘸啥法子	379		true	自旧档汇入	2026-04-13T01:27:08+08:00
moyen	sm	Il n'y a pas -	没办法	m fèh		無法	嘸法	379		true	自旧档汇入	2026-04-13T01:27:08+08:00
moyen	sm	Pas -	没办法，办不到	hao wou men lou’		毫無門路		379		true	自旧档汇入	2026-04-13T01:27:08+08:00
moyen	sm	Pas de -	没有办法	m fèh nai’ wou		無法奈何	嘸法奈何	380		true	自旧档汇入	2026-04-13T01:27:08+08:00
moyen	sm	Appui: par son -	靠了某人，通过某人	k‘iu teh ’yeû i		虧得有伊		380		true	自旧档汇入	2026-04-13T01:27:08+08:00
moyen	sm	Appui: par son -	靠了某人，通过某人	’yeû gnen bao’ yao		有人抱腰		380		true	自旧档汇入	2026-04-13T01:27:08+08:00
moyen	sm	Ressources: d'aprèsses -s	不超过自己的能力	tsao’ ze’ ka ke’ lih liang’		照自家个力量		380		true	自旧档汇入	2026-04-13T01:27:08+08:00
moyen	sm	Faire selon ses -s	量力而行	liang’ lih eul yeng		量力而行		380		true	自旧档汇入	2026-04-13T01:27:08+08:00
moyen	adj	Cf. Modéré	中等的	tsong ’teng ke’		中等个		380		true	自旧档汇入	2026-04-13T01:27:08+08:00
moyen	adj	D'age	中年	tsong gné		中年		380		true	自旧档汇入	2026-04-13T01:27:08+08:00
moyen	adj	D'age	中年	tsaong’ gné		壯年		380		true	自旧档汇入	2026-04-13T01:27:08+08:00
moyennant	prép		用，以，依靠，通过	yong’		用		380		true	自旧档汇入	2026-04-13T01:27:08+08:00
moyennant	prép		用，以，依靠，通过	’yeû tse		有之		380		true	自旧档汇入	2026-04-13T01:27:08+08:00
moyenne	sf		中数，平均数，平均值	kiun yun sou’ moh		均匀數目		380		true	自旧档汇入	2026-04-13T01:27:08+08:00
moyenne	sf	En -	平均	da’ yah		大約		380		true	自旧档汇入	2026-04-13T01:27:08+08:00
moyenne	sf	En -	平均	yah moh		約目	約摸	380	待定 一作“約摸”	true	自旧档汇入	2026-04-13T01:27:08+08:00
moyenne	sf	En -	平均	’la ’la ’ts‘a ’ts‘a		拉拉扯扯		380		true	自旧档汇入	2026-04-13T01:27:08+08:00
moyeu	sm		(轮)毂	koh ghiôh	kôh ghiôh	轂軸		380		true	自旧档汇入	2026-04-13T01:27:08+08:00
moyeu	sm		(轮)毂	koh deû	kôh deû	轂頭		380		true	自旧档汇入	2026-04-13T01:27:08+08:00
mucus	sm	nasal	鼻粘液；鼻涕	bieh t‘i’		鼻涕		380		true	自旧档汇入	2026-04-13T01:27:08+08:00
muer	vn	[poil,plumes]	换毛，换羽毛	t‘euh (loh) mao		脱（落）毛		380		true	自旧档汇入	2026-04-13T01:27:08+08:00
muer	vn	- de peau	蜕皮，蜕壳	t‘euh bi		脱皮		380		true	自旧档汇入	2026-04-13T01:27:08+08:00
muer	vn	Sa voix a mué	他的嗓音在变	pié’ wé’ tse sang k‘i’		變换之聲氣		380		true	自旧档汇入	2026-04-13T01:27:08+08:00
muet	sm		哑巴，哑子	’o ’tse		啞子		380	原本词性是adj.et.sm. 中文有分号	true	自旧档汇入	2026-04-13T01:27:08+08:00
muet	adj		不会说话的	véh k‘ai ’k‘eû		勿開口		380		true	自旧档汇入	2026-04-13T01:27:08+08:00
mugir	vn	Le bœuf mugit	牛哞哞叫	gneû kiao’		牛叫		380		true	自旧档汇入	2026-04-13T01:27:08+08:00
mule	sf		母骡	lou ’tse		騾子		380		true	自旧档汇入	2026-04-13T01:27:08+08:00
mule	sf		母骡	ts‘e lou ’tse [ih tsah,ih p‘ieh]		雌騾子[一隻，一匹]		380		true	自旧档汇入	2026-04-13T01:27:08+08:00
mulet	sm		公骡，骡子	lou ’tse		騾子		380		true	自旧档汇入	2026-04-13T01:27:08+08:00
muletier	sm		赶骡子的人	’keu lou ’tse		赶騾子		380	保留簡體	true	自旧档汇入	2026-04-13T01:27:08+08:00
multiplicande	sm		被乘数	zéh sou’		實數		380		true	自旧档汇入	2026-04-13T01:27:08+08:00
multiplicateur	sm		乘数	fèh sou’		法數		380		true	自旧档汇入	2026-04-13T01:27:08+08:00
multiplication	sf		乘法，相乘	zeng fèh		乘法		380		true	自旧档汇入	2026-04-13T01:27:08+08:00
multiplication	sf	Produit de la -	乘积	kiéh sou’		結數		380		true	自旧档汇入	2026-04-13T01:27:08+08:00
multiple	sm		倍数	bei’ sou’		倍數		380		true	自旧档汇入	2026-04-13T01:27:08+08:00
multiple	sm	Sous- -	约数，因数	fen bei’ sou’		分倍數		380	两短横	true	自旧档汇入	2026-04-13T01:27:08+08:00
multiplier	va		乘	zeng		乘		380		true	自旧档汇入	2026-04-13T01:27:08+08:00
multitude	sf	(Une)	多，许多，大量，大批	tou		多		380		true	自旧档汇入	2026-04-13T01:27:08+08:00
multitude	sf	La-	一大群人，人群	pah sing’		百姓		380		true	自旧档汇入	2026-04-13T01:27:08+08:00
multitude	sf	La-	一大群人，人群	gnu min		愚民		380		true	自旧档汇入	2026-04-13T01:27:08+08:00
munificence	sf		慷慨，大方，豪爽	da’ k‘i’		大氣		380		true	自旧档汇入	2026-04-13T01:27:08+08:00
munificence	sf		慷慨，大方，豪爽	da’ liang’		大量		380		true	自旧档汇入	2026-04-13T01:27:08+08:00
munir	va		供应，补充，装备，配备	bei’		備		380		true	自旧档汇入	2026-04-13T01:27:08+08:00
munir	va	- une place	以军需品供应一要塞	bei’ kiun k‘i’		備軍器		380		true	自旧档汇入	2026-04-13T01:27:08+08:00
munir	va	- de vivres pr voyage	为旅行准备食物	fèh lou’ ts‘ai’		發路菜		380		true	自旧档汇入	2026-04-13T01:27:08+08:00
munitions	sf	de guerre	弹药；军火，军需品	’h‘ou yah dè ’tse ’lao sa’		火藥彈子咾啥		380	待定	true	自旧档汇入	2026-04-13T01:27:08+08:00
muqueuse	sf		粘膜	moh		膜		380		true	自旧档汇入	2026-04-13T01:27:08+08:00
muqueuse	sf		粘膜	t‘i’ moh		涕膜		380		true	自旧档汇入	2026-04-13T01:27:08+08:00
mur	sm		墙，壁，围墙	ziang [ih tou’]		墻[一垛]		380	待定 	true	自旧档汇入	2026-04-13T01:27:08+08:00
mur	sm	- d'honneur		tsao’ ziang		照墻		380		true	自旧档汇入	2026-04-13T01:27:08+08:00
mur	sm	- d'honneur		pèh ze’ deû ziang		八字頭墻		380		true	自旧档汇入	2026-04-13T01:27:08+08:00
mur	sm	- cachant l'entrée		k‘eu’ ziang		看墻		380		true	自旧档汇入	2026-04-13T01:27:08+08:00
mur	sm	- à jour	花墙	h‘ouo  ziang		花墻		380		true	自旧档汇入	2026-04-13T01:27:08+08:00
mur	sm	Les -s ont des oreilles	隔墙有耳	m teh véh t‘ong fong ke’ ziang		没得勿通風个墻	嘸得勿通風个墻	380		true	自旧档汇入	2026-04-13T01:27:08+08:00
mur	sm	Les -s ont des oreilles	隔墙有耳	ziang ’yeû  wong’, pieh ’yeû ’eul		墻有縫，壁有耳		380	两句合并	true	自旧档汇入	2026-04-13T01:27:08+08:00
mûr	adj		成熟的，熟了的	zôh		熟		380		true	自旧档汇入	2026-04-13T01:27:08+08:00
mûr	adj	Avoir un jugement -	有成熟的判断力	’yeû dou’ gnen ke’ kié’ seh		有大人个見識		381		true	自旧档汇入	2026-04-13T01:27:08+08:00
mûr	adj	Avoir un jugement -	有成熟的判断力	’sao gné ’lao zeng		少年老成		381		true	自旧档汇入	2026-04-13T01:27:08+08:00
muraille	sf		厚壁高墙；城墙，堡垒等的围墙	ziang [ih tou’]		墻[一垛]		381		true	自旧档汇入	2026-04-13T01:27:08+08:00
muraille	sf	Rempats	（城堡等的）围墙，壁垒	zeng		城		381		true	自旧档汇入	2026-04-13T01:27:08+08:00
muraille	sf	Rempats	（城堡等的）围墙，壁垒	zeng ziang		城墻		381		true	自旧档汇入	2026-04-13T01:27:08+08:00
muraille	sf	La grande -	万里长城	vè’ ’li zang zeng		萬里長城		381		true	自旧档汇入	2026-04-13T01:27:08+08:00
mûre	sf		桑葚，桑果	saong ’tse		桑子		381		true	自旧档汇入	2026-04-13T01:27:08+08:00
mûre	sf		桑葚，桑果	saong ’tsao		桑棗		381		true	自旧档汇入	2026-04-13T01:27:08+08:00
mûrement	adv	(Réfléchir)	反复地，深思熟虑地	zah zéh ’siang ih ’siang		着實想一想		381		true	自旧档汇入	2026-04-13T01:27:08+08:00
mûrement	adv	(Réfléchir)	反复地，深思熟虑地	sié heû’ yao’ ’siang ih ’siang		先後要想一想		381		true	自旧档汇入	2026-04-13T01:27:08+08:00
murer	va	une fenêtre	把窗子堵死	koè sèh		關殺		381		true	自旧档汇入	2026-04-13T01:27:08+08:00
murer	va	une fenêtre	把窗子堵死	nao ts‘aong ’k‘eû ts‘i’ ’mé		拿窗口砌滿		381		true	自旧档汇入	2026-04-13T01:27:08+08:00
mûrier	sm		桑树	saong zu’ [ih k‘ou]		桑樹[一棵]		381		true	自旧档汇入	2026-04-13T01:27:08+08:00
mûrir	vn		长熟，成熟	zôh		熟		381		true	自旧档汇入	2026-04-13T01:27:08+08:00
mûrir	vn		长熟，成熟	zeng zôh		成熟		381		true	自旧档汇入	2026-04-13T01:27:08+08:00
murmure	sm	Bruit léger	低沉连续的声音	sih soh tse seng		屑索之聲	？	381	待定	true	自旧档汇入	2026-04-13T01:27:08+08:00
murmure	sm	Parole confuse	埋怨声，怨言	’tse ’li ki ’li kou ’lou		嘴裏嘰唎𠹭囉		381	待定 一作“嘰哩𠹭囉”	true	自旧档汇入	2026-04-13T01:27:08+08:00
murmurer	vn	contre qqn. Cf. Marmotter	低声埋怨某人	ma yeu’ i		埋怨伊		381		true	自旧档汇入	2026-04-13T01:27:08+08:00
murmurer	vn	contre qqn. Cf. Marmotter	低声埋怨某人	koa’ i		怪伊		381		true	自旧档汇入	2026-04-13T01:27:08+08:00
murmurer	vn	contre qqn. Cf. Marmotter	低声埋怨某人	se ’ti ’hao gni’ len’		私底下議論		381		true	自旧档汇入	2026-04-13T01:27:08+08:00
murmurer	vn	contre qqn. Cf. Marmotter	低声埋怨某人	tsih nong tsih nong		唧噥唧噥	？	381	待定	true	自旧档汇入	2026-04-13T01:27:08+08:00
murmurer	vn	Tapager. Trouver à redire.	低语，悄声说话，窃窃议论	ts‘ih wo’ pèh wo’		七話八話		381		true	自旧档汇入	2026-04-13T01:27:08+08:00
murmurer	vn	Tapager. Trouver à redire.	低语，悄声说话，窃窃议论	lao lao t‘ao t‘ao	lao lao tao tao	嘮嘮叨叨		381	待定	true	自旧档汇入	2026-04-13T01:27:08+08:00
musc	sm	Parfum	麝香	zouo’ (za’) hiang		麝香		381		true	自旧档汇入	2026-04-13T01:27:08+08:00
muscade	sf	Noix de -	肉豆蔻	deû’ k‘eû’		豆蔻		381		true	自旧档汇入	2026-04-13T01:27:08+08:00
muscle	sm		肌，肌肉	kien		筋		381		true	自旧档汇入	2026-04-13T01:27:08+08:00
muscle	sm		肌，肌肉	kien loh		筋絡		381		true	自旧档汇入	2026-04-13T01:27:08+08:00
museau	sm		口鼻部，吻	’tse [ih tsah]		嘴[一隻]		381		true	自旧档汇入	2026-04-13T01:27:08+08:00
museler	va		给戴上嘴套	tè long kou deû		担籠箍頭		381		true	自旧档汇入	2026-04-13T01:27:08+08:00
museler	va		给戴上嘴套	kou zu’ ’la		箍住拉		381		true	自旧档汇入	2026-04-13T01:27:08+08:00
muselière	sf		嘴套	long kou deû		籠箍頭		381		true	自旧档汇入	2026-04-13T01:27:08+08:00
muselière	sf		嘴套	’tse t‘ao’		嘴套		381		true	自旧档汇入	2026-04-13T01:27:08+08:00
musicien	sm	#NAME?	音乐家；作曲家；乐师，演奏家	tsoh yah ke’		作樂个		381		true	自旧档汇入	2026-04-13T01:27:08+08:00
musicien	sm	#NAME?	音乐家；作曲家；乐师，演奏家	yah se		樂師		381		true	自旧档汇入	2026-04-13T01:27:08+08:00
musicien	sm	d'instrumᵗˢ à vent, et à percussion	管乐手	ts‘e ’kou ’seû		吹鼓手		381	或许et前后两项应该上下分开	true	自旧档汇入	2026-04-13T01:27:08+08:00
musicien	sm	d'instrumᵗˢ à vent, et à percussion	打击乐手	ts‘e ’tang ke’		吹打个		381	ments的缩写?	true	自旧档汇入	2026-04-13T01:27:08+08:00
musicien	sm	Bande de -s	乐队，乐班	tsoh yah pè		作樂班		381		true	自旧档汇入	2026-04-13T01:27:08+08:00
musique	sf		音乐；乐曲	yen yah		音樂		381		true	自旧档汇入	2026-04-13T01:27:08+08:00
musique	sf	#NAME?	器乐曲	ts‘e ’tang		吹打		381		true	自旧档汇入	2026-04-13T01:27:08+08:00
musique	sf	#NAME?	器乐曲	’kou ’seû		鼓手		381		true	自旧档汇入	2026-04-13T01:27:08+08:00
musique	sf	Faire de la -	演奏音乐	tsoh yah		作樂		381		true	自旧档汇入	2026-04-13T01:27:08+08:00
musulman	sm		伊斯兰教徒，穆斯林 	wei wei ’tse		回回子		381		true	自旧档汇入	2026-04-13T01:27:08+08:00
mutilé	pp		残废者	zè zih tse zen		殘疾之人		381		true	自旧档汇入	2026-04-13T01:27:08+08:00
mutiler	va		切去（手或足），毁伤（肢体），使残废	’tsè t‘éh		斬脱		381		true	自旧档汇入	2026-04-13T01:27:08+08:00
mutiler	va		切去（手或足），毁伤（肢体），使残废	keuh t‘éh		割脱		381		true	自旧档汇入	2026-04-13T01:27:08+08:00
mutiler	va		切去（手或足），毁伤（肢体），使残废	zè hai’		殘害		381		true	自旧档汇入	2026-04-13T01:27:08+08:00
mutiler	va		切去（手或足），毁伤（肢体），使残废	saong hai’		傷害		381		true	自旧档汇入	2026-04-13T01:27:08+08:00
mutiner	vr	(Se)	反抗，反叛，叛乱	zao’ ’fè		造反		381		true	自旧档汇入	2026-04-13T01:27:08+08:00
mutiner	vr	(Se)	反抗，反叛，叛乱	’k‘i (tsoh) ’fè		起（作）反		381		true	自旧档汇入	2026-04-13T01:27:08+08:00
mutuellement	adv		相互地，彼此地	da’ ka		大家		381		true	自旧档汇入	2026-04-13T01:27:08+08:00
mutuellement	adv		相互地，彼此地	’pei ’ts‘e		彼此		381		true	自旧档汇入	2026-04-13T01:27:08+08:00
mutuellement	adv		相互地，彼此地	da’ tou		大都		381		true	自旧档汇入	2026-04-13T01:27:08+08:00
myope	sm		近视的人	ghien’ ze’ ’ngè		近視眼		381		true	自旧档汇入	2026-04-13T01:27:08+08:00
myope	sm		近视的人	mah sih ’ngè		眽䀙眼	？？眼	381	待定	true	自旧档汇入	2026-04-13T01:27:08+08:00
myriade	sf		一万	ih mè’		一萬		381		true	自旧档汇入	2026-04-13T01:27:08+08:00
myriapode	sm		多足类动物	pah kiah		百脚		381		true	自旧档汇入	2026-04-13T01:27:08+08:00
myriapode	sm		多足类动物	ou kong [ih diao]		蜈蚣[一條]		381	待定	true	自旧档汇入	2026-04-13T01:27:08+08:00
myrrhe	sf		没药	méh-yah		没藥		381		true	自旧档汇入	2026-04-13T01:27:08+08:00
mystère	sm		奥秘；（基督教的）奥义	ao’ miao’ ke’ dao’ ’li		奥妙个道理		382		true	自旧档汇入	2026-04-13T01:27:08+08:00
mystère	sm	-s de la vie de N. S.		Ya-sou ke’ hang zéh		耶穌个行實		382		true	自旧档汇入	2026-04-13T01:27:08+08:00
mystère	sm	Les 15 -s du Rosaire (C.)		mei koei’ ’song ’n teu		玫瑰十五端		382		true	自旧档汇入	2026-04-13T01:27:08+08:00
mystérieux	adj	Secret	秘密的，隐秘的	mih mih ke’		密密个		382		true	自旧档汇入	2026-04-13T01:27:08+08:00
mystérieux	adj	Incompréhensible	神秘的；深奥莫测的；	ao’ miao’ ke’		奥妙个		382		true	自旧档汇入	2026-04-13T01:27:08+08:00
mystérieux	adj	Incompréhensible	神秘的；深奥莫测的；	véh neng ’tong ke’		勿能懂个		382		true	自旧档汇入	2026-04-13T01:27:08+08:00
mystifier	va	qqn	哄骗，愚弄；欺骗，蒙蔽(某人)	long’ béh siang’ ’lao p‘ié’ i		弄孛相咾騙伊		382	不清楚	true	自旧档汇入	2026-04-13T01:27:08+08:00
nacelle	sf	Petite barque	无桅小船，划艇	’siao zé		小船		382		true	自旧档汇入	2026-04-13T01:27:08+08:00
nacelle	sf	Petite barque	无桅小船，划艇	sè ’pè		三板	舢舨	382		true	自旧档汇入	2026-04-13T01:27:08+08:00
nacre	sf		江珧；珠母	lou		螺		382		true	自旧档汇入	2026-04-13T01:27:08+08:00
nageoire	sf		鳍	n ts‘e’		魚翅		382		true	自旧档汇入	2026-04-13T01:27:08+08:00
nageoire	sf	- de requin	鲨鱼翅	souo n ts‘e’		鯊魚翅		382		true	自旧档汇入	2026-04-13T01:27:08+08:00
nager	vn		游水，游泳	yeû ’se		游水		382		true	自旧档汇入	2026-04-13T01:27:08+08:00
nager	vn		游水，游泳	wei’ ’se sing’ ke’		會水性个		382		true	自旧档汇入	2026-04-13T01:27:08+08:00
nager	vn	Flotter	漂浮，飘荡	t‘en		氽		382	待定	true	自旧档汇入	2026-04-13T01:27:08+08:00
nager	vn	Flotter	漂浮，飘荡	p‘iao lieû		漂流		382		true	自旧档汇入	2026-04-13T01:27:08+08:00
naguère	adv		不久以前，最近	ghien’ lai		近來		382		true	自旧档汇入	2026-04-13T01:27:08+08:00
naguère	adv		不久以前，最近	’sin ghien’	sin ghien’	新近		382	變調	true	自旧档汇入	2026-04-13T01:27:08+08:00
naïf	adj		天真的；幼稚的	lao zéh		牢實		382		true	自旧档汇入	2026-04-13T01:27:08+08:00
naïf	adj		天真的；幼稚的	lao zéh deû		牢實頭		382		true	自旧档汇入	2026-04-13T01:27:08+08:00
nain	sm		矮子；侏儒	’a ’tse		矮子		382		true	自旧档汇入	2026-04-13T01:27:08+08:00
nain	sm		矮子；侏儒	’a gnen		矮人		382		true	自旧档汇入	2026-04-13T01:27:08+08:00
nain	sm		矮子；侏儒	’teu gnen		短人		382		true	自旧档汇入	2026-04-13T01:27:08+08:00
naissance	sf		诞生，出生	sang		生		382		true	自旧档汇入	2026-04-13T01:27:08+08:00
naissance	sf	Anniversaire de -	诞辰，生日	sang gnéh		生日		382		true	自旧档汇入	2026-04-13T01:27:08+08:00
naissance	sf	Sourd et muet de -	生下来就是聋哑的	t‘ai sang ke’ long bang’ ’o ’tse		胎生个聾甏啞子	胎生个聾[彭耳]啞子	382		true	自旧档汇入	2026-04-13T01:27:08+08:00
naissance	sf	D'une - illustre	显赫的出身	dou’ gnen ka ts‘éh sen		大人家出身		382		true	自旧档汇入	2026-04-13T01:27:08+08:00
naissance	sf	D'une - obscure. Cf. Né		’siao gnen ka ts‘éh sen		小人家出身		382		true	自旧档汇入	2026-04-13T01:27:08+08:00
naître	vn		诞生，出生	sang		生		382		true	自旧档汇入	2026-04-13T01:27:08+08:00
naître	vn		诞生，出生	sang (’yang) ts‘éh lai		生（養）出來		382		true	自旧档汇入	2026-04-13T01:27:08+08:00
naître	vn	Croître	长，生长；成长	ts‘éh		出		382		true	自旧档汇入	2026-04-13T01:27:08+08:00
naître	vn	Les feuilles naissent	（植物）发芽，开花	’tsang yéh ’tse		長葉子		382		true	自旧档汇入	2026-04-13T01:27:08+08:00
naître	vn	Survenir	产生；开始出现	sang ts‘éh		生出		382		true	自旧档汇入	2026-04-13T01:27:08+08:00
naître	vn	Survenir	产生；开始出现	bang’ zah		碰着		382		true	自旧档汇入	2026-04-13T01:27:08+08:00
naître	vn	Il naît des différends	出现争议	sang ts‘éh ze’ ’t‘i lai		生出事體來		382		true	自旧档汇入	2026-04-13T01:27:08+08:00
nankin	sm		南京	né kieng		南京		382		true	自旧档汇入	2026-04-13T01:27:08+08:00
nankin	sm		南京	kaong gneng ’fou		江寧府		382		true	自旧档汇入	2026-04-13T01:27:08+08:00
nantissement	sm		抵押；抵押品；抵押契约	èh deû		押頭		382		true	自旧档汇入	2026-04-13T01:27:08+08:00
naphte	sm		石油	zah yeû		石油		382		true	自旧档汇入	2026-04-13T01:27:08+08:00
nappe	sf	de table	桌布，台布	dai pou’		台布		382	保留簡體	true	自旧档汇入	2026-04-13T01:27:08+08:00
nappe	sf	de table	桌布，台布	dai tè [ih diao]		台單[一條]		382	保留簡體	true	自旧档汇入	2026-04-13T01:27:08+08:00
nappe	sf	- d'autel (C.)	祭坛罩布	dai pou’		台布		382	保留簡體	true	自旧档汇入	2026-04-13T01:27:08+08:00
nappe	sf	- de communion (C.)	圣餐桌布	’ling seng’ ’t‘i pou’		領聖體布		382		true	自旧档汇入	2026-04-13T01:27:08+08:00
nareisse	sm		水仙花	’se sié h‘ouo		水仙花		382		true	自旧档汇入	2026-04-13T01:27:08+08:00
narguer	va		蔑视，嘲弄	ki siao’		譏笑		382		true	自旧档汇入	2026-04-13T01:27:08+08:00
narguer	va		蔑视，嘲弄	hi’ siao’		戲笑		382		true	自旧档汇入	2026-04-13T01:27:08+08:00
narine	sf		鼻孔	bieh deû ’koé		鼻頭管		382		true	自旧档汇入	2026-04-13T01:27:08+08:00
narrer	va		叙述，讲述	’kaong		講		382		true	自旧档汇入	2026-04-13T01:27:08+08:00
narrer	va		叙述，讲述	zéh (’kaong) sin ven’		述（講）新聞		382		true	自旧档汇入	2026-04-13T01:27:08+08:00
nasal	adj		鼻的	bieh		鼻		382		true	自旧档汇入	2026-04-13T01:27:08+08:00
nasal	adj	Son -	鼻化音	bieh yen		鼻音		382		true	自旧档汇入	2026-04-13T01:27:08+08:00
nasiller	vn		带鼻音讲话，说话发齉	wong bieh deû		翁鼻頭	齆鼻頭	382		true	自旧档汇入	2026-04-13T01:27:08+08:00
nasiller	vn		带鼻音讲话，说话发齉	bieh deû ’li ’tsé seng ke’		鼻頭裏轉聲个		382		true	自旧档汇入	2026-04-13T01:27:08+08:00
natal	adj	(Pays)	故乡，家乡；祖国	ts‘éh sen ke’ di faong	ts‘éh sen ke’ di’ faong	出身个地方		383		true	自旧档汇入	2026-04-13T01:27:08+08:00
natal	adj	(Pays)	故乡，家乡；祖国	’pen hiang		本鄉		383		true	自旧档汇入	2026-04-13T01:27:08+08:00
natif	adj	de Pékin	生长在北京的	pôh kieng gnen		北京人		383		true	自旧档汇入	2026-04-13T01:27:08+08:00
nation	sf		国家	kôh dou’		國度		383		true	自旧档汇入	2026-04-13T01:27:08+08:00
nation	sf		民族	pah sing’		百姓		383		true	自旧档汇入	2026-04-13T01:27:08+08:00
nativité	sf	de N.S. (C.)	耶稣诞生日	Ya-sou seng’ tè’		耶穌聖誕		383		true	自旧档汇入	2026-04-13T01:27:08+08:00
nativité	sf	- de la Sᵗᵉ Vierge (C.)	圣母诞生日	Seng’ ’mou seng’ tè’		聖母聖誕		383		true	自旧档汇入	2026-04-13T01:27:08+08:00
natte	sf		席，席状编织物	zieh [ih diao]		席[一條]		383		true	自旧档汇入	2026-04-13T01:27:08+08:00
natte	sf	- en jonc	灯心草席子	bou zieh		蒲席		383		true	自旧档汇入	2026-04-13T01:27:08+08:00
natte	sf	- en jonc	灯心草席子	’ts‘ao zieh		草席		383		true	自旧档汇入	2026-04-13T01:27:08+08:00
natte	sf	- en roseaux	芦席	lou zieh		蘆席		383		true	自旧档汇入	2026-04-13T01:27:08+08:00
natte	sf	- en bambou	竹席	tsôh zieh		竹席		383		true	自旧档汇入	2026-04-13T01:27:08+08:00
natte	sf	- en bambou	竹席	mieh zieh	miéh zieh	篾席		383		true	自旧档汇入	2026-04-13T01:27:08+08:00
natte	sf	Faire des -s	编席	tseh zieh		織席		383		true	自旧档汇入	2026-04-13T01:27:08+08:00
nature		(La) en général	大自然，自然界	vè’ wéh		萬物		383		true	自旧档汇入	2026-04-13T01:27:08+08:00
nature		- d'un être. Caractère.	本性，本质，性质；性格，性情	sing’		性		383		true	自旧档汇入	2026-04-13T01:27:08+08:00
nature		- d'un être. Caractère.	本性，本质，性质；性格，性情	’pen sing’		本性		383		true	自旧档汇入	2026-04-13T01:27:08+08:00
nature		- d'un être. Caractère.	本性，本质，性质；性格，性情	sing’ ’tse		性子		383		true	自旧档汇入	2026-04-13T01:27:08+08:00
nature		- d'un être. Caractère.	本性，本质，性质；性格，性情	sing’ zing		性情		383		true	自旧档汇入	2026-04-13T01:27:08+08:00
nature		Il est d'une - lente		ze’ ke’ mè’ sing’ ’tse		是个慢性子		383		true	自旧档汇入	2026-04-13T01:27:08+08:00
nature		C'est une seconde -	这是第二天性	ziang’ t‘ié sang zeng kong ’la ih yang’ ke’		像天生成功拉一樣个		383		true	自旧档汇入	2026-04-13T01:27:08+08:00
naturel	sm	Indigène	本地人，当地人	’pen di’ gnen		本地人		383		true	自旧档汇入	2026-04-13T01:27:08+08:00
naturel	sm	Caractère	本性，天性	ts‘éh sing’		出性		383		true	自旧档汇入	2026-04-13T01:27:08+08:00
naturel	sm	Caractère	本性，天性	’pen sing’		本性		383		true	自旧档汇入	2026-04-13T01:27:08+08:00
naturel	adj	Inné	天赋的，天生的	t‘ai sang ke’		胎生个		383		true	自旧档汇入	2026-04-13T01:27:08+08:00
naturel	adj	Inné	天赋的，天生的	t‘ié sang ke’		天生个		383		true	自旧档汇入	2026-04-13T01:27:08+08:00
naturel	adj	Vertu - le		teh yeng ts‘éh ’la ’pen sing’ laong’	teh yeng’ ts‘éh ’la ’pen sing’ laong’	德行出拉本性上		383		true	自旧档汇入	2026-04-13T01:27:08+08:00
naturel	adj	C'est -. Cela va de soi	这是自然的，这是当然的	ze’ zé ke’		自然个		383		true	自旧档汇入	2026-04-13T01:27:08+08:00
naturel	adj	Propre: conleur - le		ze’ zé eul zé		自然而然		383		true	自旧档汇入	2026-04-13T01:27:08+08:00
naturel	adj	Propre: conleur - le		’pen seh		本色		383		true	自旧档汇入	2026-04-13T01:27:08+08:00
naturel	adj	Vivant		wéh zah zah ke’		活着着个		383		true	自旧档汇入	2026-04-13T01:27:08+08:00
naturellement	adv		生来，生就，天生	sang lai		生來		383		true	自旧档汇入	2026-04-13T01:27:08+08:00
naturellement	adv		生来，生就，天生	’pen lai		本來		383		true	自旧档汇入	2026-04-13T01:27:08+08:00
naturellement	adv		生来，生就，天生	t‘ié sang ke’		天生个		383		true	自旧档汇入	2026-04-13T01:27:08+08:00
naturellement	adv	Sans effort	合乎自然规律地；天然地	ze’ zé		自然		383		true	自旧档汇入	2026-04-13T01:27:08+08:00
naturellement	adv	Sans effort	合乎自然规律地；天然地	ze’ zé eul zé		自然而然		383		true	自旧档汇入	2026-04-13T01:27:08+08:00
naturellement	adv	Évidemment	必然地，自然而然地	’kou ze’ ze’ zé ke’		果是自然个		383		true	自旧档汇入	2026-04-13T01:27:08+08:00
naturellement	adv	Évidemment	必然地，自然而然地	’kou ze’ véh yao’ wo’ teh ke’		果是勿要話得个		383		true	自旧档汇入	2026-04-13T01:27:08+08:00
naufrage	sm		(船舶在海上的)失事，遭难，遇险	séh fong		失風		383		true	自旧档汇入	2026-04-13T01:27:08+08:00
naufrage	sm		(船舶在海上的)失事，遭难，遇险	fè zé		翻船		383		true	自旧档汇入	2026-04-13T01:27:08+08:00
naufrage	sm	Faire -	(船舶)遇险，失事，沉没	zé zen t‘éh ’tsé		船沉脱者		383		true	自旧档汇入	2026-04-13T01:27:08+08:00
naufrage	sm	Faire -	(船舶)遇险，失事，沉没	zé ’tang fè ’tsé		船打翻者		383		true	自旧档汇入	2026-04-13T01:27:08+08:00
nausée	sf	Avoir des -s	恶心，想吐	’eû tseû tseû		嘔㖄㖄		383	待定	true	自旧档汇入	2026-04-13T01:27:08+08:00
nausée	sf	Avoir des -s	恶心，想吐	fèh ’eû sin		發嘔心		383		true	自旧档汇入	2026-04-13T01:27:08+08:00
nausée	sf	Avoir des -s	恶心，想吐	’tang oh		打惡		383		true	自旧档汇入	2026-04-13T01:27:08+08:00
nausée	sf	Avoir des -s	恶心，想吐	yao’ ’eû		要嘔		383		true	自旧档汇入	2026-04-13T01:27:08+08:00
naval	adj	(Combat)	海军的	’se tsé’		水戰		383		true	自旧档汇入	2026-04-13T01:27:08+08:00
naval	adj	Armée -e	海军	’se se(ping)		水師（兵）		383		true	自旧档汇入	2026-04-13T01:27:08+08:00
navet	sm		芜菁；蔓菁；萝卜	loh bôh		蘿蔔		383		true	自旧档汇入	2026-04-13T01:27:08+08:00
navet	sm	#NAME?	咸萝卜	hè loh bôh		鹹蘿蔔		383		true	自旧档汇入	2026-04-13T01:27:08+08:00
navette	sf	de tisserand	（纺织的）梭，梭子	sou ’tse [ih tsah]		梭子[一隻]		383		true	自旧档汇入	2026-04-13T01:27:08+08:00
navette	sf	La lancer	投梭	ts‘ôh sou ’tse		擉捘子	觸梭子	383		true	自旧档汇入	2026-04-13T01:27:08+08:00
navette	sf	- pr encens		hiang zé [ih tsah]		香船[一隻]		383		true	自旧档汇入	2026-04-13T01:27:08+08:00
navigation	sf		航行，航海	hang zé		行船		383		true	自旧档汇入	2026-04-13T01:27:08+08:00
naviguer	vn		航行，航海	hang zé		行船		383		true	自旧档汇入	2026-04-13T01:27:08+08:00
naviguer	vn	- sur mer	海上航行	kou’ ’h‘ai		過海		383		true	自旧档汇入	2026-04-13T01:27:08+08:00
navire	sm		船，船舶，舰	zé [ih tsah]		船[一隻]		383		true	自旧档汇入	2026-04-13T01:27:08+08:00
navire	sm	- de guerre	军舰	ping zé		兵船		384	无分号，按照意义分开	true	自旧档汇入	2026-04-13T01:27:08+08:00
navire	sm	#NAME?	商船	sang i’ zé		生意船		384		true	自旧档汇入	2026-04-13T01:27:08+08:00
navrant	adj	(C'est)	(这真)可悲，可怜	zéh zai’ ’k‘o lié teh fi vè		實在可憐得非凡		384		true	自旧档汇入	2026-04-13T01:27:08+08:00
navrer	va		使痛心，使伤心	saong sin		傷心		384		true	自旧档汇入	2026-04-13T01:27:08+08:00
ne	adv	de négation	不，没有	m		無	嘸	384		true	自旧档汇入	2026-04-13T01:27:08+08:00
ne	adv	de négation	不，没有	méh		没		384		true	自旧档汇入	2026-04-13T01:27:08+08:00
ne	adv	de négation	不，没有	péh		不		384		true	自旧档汇入	2026-04-13T01:27:08+08:00
ne	adv	Je - veux pas	不愿，不要	véh yao’		勿要		384		true	自旧档汇入	2026-04-13T01:27:08+08:00
ne	adv	Je - veux pas	不愿，不要	véh ’k‘eng		勿肯		384		true	自旧档汇入	2026-04-13T01:27:08+08:00
ne	adv	Il n'y a pas moyen	没有办法	m fèh		無法	嘸法	384	原注有“Cf.Moyen.”	true	自旧档汇入	2026-04-13T01:27:08+08:00
ne	adv	- pas pouvoir - pas	不能不	véh teh véh		勿得勿		384		true	自旧档汇入	2026-04-13T01:27:08+08:00
ne	adv	- pas pouvoir - pas	不能不	véh neng véh		勿能勿		384		true	自旧档汇入	2026-04-13T01:27:08+08:00
ne	adv	Il n'y a pas de faute	没有错	m teh zu’		無得罪	嘸得罪	384		true	自旧档汇入	2026-04-13T01:27:08+08:00
ne	adv	prohibitif		véh		勿		384		true	自旧档汇入	2026-04-13T01:27:08+08:00
ne	adv	prohibitif		péh		不		384		true	自旧档汇入	2026-04-13T01:27:08+08:00
ne	adv	- venez pas	不要来	nong’ véh yao’ lai		儂勿要來		384		true	自旧档汇入	2026-04-13T01:27:08+08:00
ne	adv	- bougez pas	不要动	véh yao’ dong’		勿要動		384		true	自旧档汇入	2026-04-13T01:27:08+08:00
ne	adv	- craignez pas	不用怕	véh yao’ p‘ouo’		勿要怕		384		true	自旧档汇入	2026-04-13T01:27:08+08:00
ne	adv	- parlez pas	别说话	véh yao’ ’hiang		勿要响		384	保留簡體	true	自旧档汇入	2026-04-13T01:27:08+08:00
ne	adv	- .,., tant	不要说那么多话	véh yao’ kai’ neng tou bah wo’		勿要盖能多白話		384	保留简体	true	自旧档汇入	2026-04-13T01:27:08+08:00
ne	adv	#NAME?	难道不是...，岂不是...	moh fi...?		莫非...?		384		true	自旧档汇入	2026-04-13T01:27:08+08:00
ne	adv	N'est-ce pas?	难道不是吗？	ze’ ’va?		是否？		384		true	自旧档汇入	2026-04-13T01:27:08+08:00
ne	adv	N'est-ce pas?	难道不是吗？	véh ze’ ’mo?		勿是麽？		384		true	自旧档汇入	2026-04-13T01:27:08+08:00
ne	adv	,, ,, ,, cela?		ze’ gni véh ze’ ?		是呢勿是？		384		true	自旧档汇入	2026-04-13T01:27:08+08:00
ne	adv	,, ,, ,, cela?		a ze’ ’lao?		呵是咾？	阿是呢？	384	待定	true	自旧档汇入	2026-04-13T01:27:08+08:00
ne	adv	Oui c'est cela	是的，就是这样	tseng’ ze’		正是		384		true	自旧档汇入	2026-04-13T01:27:08+08:00
né	pp		出生的，诞生的	sang		生		384		true	自旧档汇入	2026-04-13T01:27:08+08:00
né	pp	Bien -	出身高贵	sang teh ’h‘ao		生得好		384		true	自旧档汇入	2026-04-13T01:27:08+08:00
né	pp	- dans l'opulence	出身富贵	sang lai fèh zai		生來發財		384		true	自旧档汇入	2026-04-13T01:27:08+08:00
né	pp	Premier- -	头胎生的儿子，长子	p‘ao deû gni’ ’tse	pao deû gni ’tse	胞頭兒子		384	原作“胞頭倪子”	true	自旧档汇入	2026-04-13T01:27:08+08:00
né	pp	Premier- -	头胎生的儿子，长子	’tsang ’tse		長子		384		true	自旧档汇入	2026-04-13T01:27:08+08:00
né	pp	Premier- -	头胎生的儿子，长子	dou’ gni’ ’tse	dou’ gni ’tse	大兒子		384	原作“大倪子”	true	自旧档汇入	2026-04-13T01:27:08+08:00
né	pp	Dernier -	末胎生的儿子	’na méh deû gni’ ’tse	’na méh deû gni ’tse	奶末頭兒子		384	原作“奶末頭倪子”	true	自旧档汇入	2026-04-13T01:27:08+08:00
né	pp	Dernier -	末胎生的儿子	’siao gni’ ’tse	’siao gni ’tse	小兒子		384	原作“小倪子”	true	自旧档汇入	2026-04-13T01:27:08+08:00
né	pp	Nouveau- -	新生的，刚生的	sin sang ke’		新生个		384		true	自旧档汇入	2026-04-13T01:27:08+08:00
né	pp	Avoir un nouveau- -	新生一个婴儿	sin t‘ié ih ke’ ’siao ’neu		新添一個小囝		384		true	自旧档汇入	2026-04-13T01:27:08+08:00
né	pp	Aveugle- -	先天性盲的	t‘ai sang hèh ’tse	t‘ai sang h‘èh ’tse	胎生瞎子		384		true	自旧档汇入	2026-04-13T01:27:08+08:00
né	pp	Mort- -	死产的	t‘ai ’li ’si ke’		胎裏死个		384		true	自旧档汇入	2026-04-13T01:27:08+08:00
né	pp	Madame Li -e Ma		’Li ’Mô-ze’		李馬氏		384	大概指 本姓马夫姓李	true	自旧档汇入	2026-04-13T01:27:08+08:00
néanmoins	adv		然而，不过，尽管如此，虽然如此	su zé zu ’ts‘e		雖然如此		384		true	自旧档汇入	2026-04-13T01:27:08+08:00
néanmoins	adv		然而，不过，尽管如此，虽然如此	tao’ ’ti		到底		384		true	自旧档汇入	2026-04-13T01:27:08+08:00
néant	sm	(Tiré du)	创造，创立；无中生有	ze’ wou eul ’yeû ke’		自無而有个		384		true	自旧档汇入	2026-04-13T01:27:08+08:00
nébuleuses	sf.pl.		星云	sing k‘i’		星氣		384		true	自旧档汇入	2026-04-13T01:27:08+08:00
nébuleux	adj		阴的，阴霾的；云雾溟濛的	wou’ yun		霧雲		384		true	自旧档汇入	2026-04-13T01:27:08+08:00
nébuleux	adj	Ciel -	阴天	zaong’ yun t‘ié		上雲天		384		true	自旧档汇入	2026-04-13T01:27:08+08:00
nébuleux	adj	Ciel -	阴天	yen ’tse t‘ié		陰子天		384		true	自旧档汇入	2026-04-13T01:27:08+08:00
nécessaire	sm	N'avoir que le strict -	只拥有最起码的必需品	péh kou’ ’kien pang pang keû’ yong’ méh ze’ ’tsé		不過緊挷挷彀用末是者	不過緊？？彀用末是者	384	待定	true	自旧档汇入	2026-04-13T01:27:08+08:00
nécessaire	sm	- de toilette	妆奁，梳头匣	se deû hèh		梳頭匣		384		true	自旧档汇入	2026-04-13T01:27:08+08:00
nécessaire	adj		必需的，必要的	yao’ ’kien ke’		要緊个		384		true	自旧档汇入	2026-04-13T01:27:08+08:00
nécessaire	adj		必需的，必要的	’sao véh teh ke’		少勿得个		384		true	自旧档汇入	2026-04-13T01:27:08+08:00
nécessairement	adv		必须，务必	su yao’		須要		384		true	自旧档汇入	2026-04-13T01:27:08+08:00
nécessairement	adv		必须，务必	pih teh yao’		必得要		384		true	自旧档汇入	2026-04-13T01:27:08+08:00
nécessairement	adv		必须，务必	’ba véh teh		罷勿得		384		true	自旧档汇入	2026-04-13T01:27:08+08:00
nécessairement	adv		必须，务必	véh teh véh zé		勿得勿然		384		true	自旧档汇入	2026-04-13T01:27:08+08:00
nécessité	sf	Être dans la -	有需要	véh keu’ ze’ yeng yong’		勿够是應用		384	待定	true	自旧档汇入	2026-04-13T01:27:08+08:00
nécessité	sf	Quelle - de?	有什么需要	sa’ yao’ ’kien?		啥要緊		385		true	自旧档汇入	2026-04-13T01:27:08+08:00
nécessité	sf	Par -	迫不得已地；由于急需	’mié véh t‘éh		免勿脱		385		true	自旧档汇入	2026-04-13T01:27:08+08:00
nécessiteux	adj		贫困的，贫乏的，缺吃少穿的	ghiong ’k‘ou gnen		窮苦人		385		true	自旧档汇入	2026-04-13T01:27:08+08:00
nécessiteux	adj		贫困的，贫乏的，缺吃少穿的	’k‘ou ’nao ’tse		苦惱子		385		true	自旧档汇入	2026-04-13T01:27:08+08:00
nécromancien	sm		招魂卜卦者；巫师，巫婆	yen yang sié sang		陰陽先生		385		true	自旧档汇入	2026-04-13T01:27:08+08:00
néfaste	adj		不吉的，不祥的；有害的	hiong		凶		385		true	自旧档汇入	2026-04-13T01:27:08+08:00
néfaste	adj	Jour -	凶日，禁忌日	hiong gnéh ’tse		凶日子		385		true	自旧档汇入	2026-04-13T01:27:08+08:00
néfaste	adj	Jour -	凶日，禁忌日	ghi’ zéh (gnéh)		忌日		385		true	自旧档汇入	2026-04-13T01:27:08+08:00
nèfle	sf	du Japon	枇杷	bi bouo [ih tsah]		枇杷[一隻]		385	待定	true	自旧档汇入	2026-04-13T01:27:08+08:00
négligé	sf		衣着随便，未经打扮；不修边幅	lèh t‘èh		邋遢		385		true	自旧档汇入	2026-04-13T01:27:08+08:00
négligé	sf		衣着随便，未经打扮；不修边幅	lèh ’li lèh t‘èh		邋裏邋遢		385		true	自旧档汇入	2026-04-13T01:27:08+08:00
négligé	sf	dans sa tenue	他穿着邋遢	véh ’ya ke’		勿雅个		385		true	自旧档汇入	2026-04-13T01:27:08+08:00
négligence	sf		疏忽；粗心大意，粗枝大叶；漫不经心，随随便便	ts‘ou sin		粗心		385		true	自旧档汇入	2026-04-13T01:27:08+08:00
négligence	sf		疏忽；粗心大意，粗枝大叶；漫不经心，随随便便	véh ’siao sin		勿小心		385		true	自旧档汇入	2026-04-13T01:27:08+08:00
négligence	sf	Commettre une -	犯有过失；犯疏忽	séh ts‘ouo’		失錯	失措	385		true	自旧档汇入	2026-04-13T01:27:08+08:00
négligence	sf	Agir avec -	行事疏忽	koang (waong) ts‘a	koang (waong) ’ts‘a	撗扯	？？	385	待定 一作“撗拆”	true	自旧档汇入	2026-04-13T01:27:08+08:00
négligence	sf	Agir avec -	行事疏忽	tèh tsiang tsou’		搭將做		385		true	自旧档汇入	2026-04-13T01:27:08+08:00
négligent	adj		粗心大意的，粗枝大叶的；漫不经心的，随随便便的	véh taong sin		勿當心		385		true	自旧档汇入	2026-04-13T01:27:08+08:00
négliger	va	Laisser de côté	忽略，忽视，不注意	tè ngou’		耽誤		385		true	自旧档汇入	2026-04-13T01:27:08+08:00
négliger	va	Laisser de côté	忽略，忽视，不注意	féh liah		忽略		385		true	自旧档汇入	2026-04-13T01:27:08+08:00
négliger	va	Laisser de côté	忽略，忽视，不注意	da’ i’		大意		385		true	自旧档汇入	2026-04-13T01:27:08+08:00
négliger	va	N'avoir cure	不关心	véh ’koé		勿管		385		true	自旧档汇入	2026-04-13T01:27:08+08:00
négliger	va	N'avoir cure	不关心	véh yong’ sin		勿用心		385		true	自旧档汇入	2026-04-13T01:27:08+08:00
négoce	sm		事务；交易，买卖	sang i’		生意		385		true	自旧档汇入	2026-04-13T01:27:08+08:00
négoce	sm		事务；交易，买卖	kiao yi’	kiao yeh	交易		385	待定	true	自旧档汇入	2026-04-13T01:27:08+08:00
négocier	va	une affaire	商谈一笔生意，商议一件事	bè’ (’koé) ih ghié’ ze’ ’t‘i		辦（管）一件事體		385		true	自旧档汇入	2026-04-13T01:27:08+08:00
négocier	va	- un mariage	说亲	seh ts‘in		説親		385		true	自旧档汇入	2026-04-13T01:27:08+08:00
négocier	va	- un mariage	说亲	tsou’ mei gnen		做媒人		385		true	自旧档汇入	2026-04-13T01:27:08+08:00
nègre	sm		黑人；黑奴	h‘eh gnen		黑人		385		true	自旧档汇入	2026-04-13T01:27:08+08:00
nègre	sm	Parler -		wo’ lai sé’ ’li sé’ zao	wo’ lai sé’ ’li sé’ tsao	話來碎裏碎糟		385	待定	true	自旧档汇入	2026-04-13T01:27:08+08:00
nègre	sm	Parler -		zé kèh ’gnu		纏夾語		385		true	自旧档汇入	2026-04-13T01:27:08+08:00
neige	sf		雪	sih		雪		385		true	自旧档汇入	2026-04-13T01:27:08+08:00
neige	sf	Blanc comme la -	洁白如雪	sih bah ke’		雪白个		385		true	自旧档汇入	2026-04-13T01:27:08+08:00
neiger	vn	Il neige	下雪	loh sih		落雪		385		true	自旧档汇入	2026-04-13T01:27:08+08:00
nénuphar	sm		睡莲	lié h‘ouo		蓮花		385		true	自旧档汇入	2026-04-13T01:27:08+08:00
nénuphar	sm	Graine de -	莲子	lié gnôh (sin)		蓮肉（心）		385		true	自旧档汇入	2026-04-13T01:27:08+08:00
nénuphar	sm	Racine de -	莲藕	’ngeû		藕		385		true	自旧档汇入	2026-04-13T01:27:08+08:00
nénuphar	sm	Feuille de -	睡莲叶；荷叶	wou yéh		荷葉		385		true	自旧档汇入	2026-04-13T01:27:08+08:00
nénuphar	sm	Société du - blanc	白莲教	bah lié kiao’		白蓮教		385		true	自旧档汇入	2026-04-13T01:27:08+08:00
néologisme	sm		新词，新词义	sin wo’		新話		385		true	自旧档汇入	2026-04-13T01:27:08+08:00
néologisme	sm		新词，新词义	sang ze’ ’ngè		生字眼		385		true	自旧档汇入	2026-04-13T01:27:08+08:00
néophyte	sm	(C.)	早期基督教中刚皈依的异教徒，新教徒	sin kiao’ ’yeû		新教友		385		true	自旧档汇入	2026-04-13T01:27:08+08:00
nerf	sm		筋，腱	kien [ih ken]		筋[一根]		385		true	自旧档汇入	2026-04-13T01:27:08+08:00
nerf	sm	Contraction de -	抽筋	ts‘eû (k‘ié) kien		抽（牽）筋		385		true	自旧档汇入	2026-04-13T01:27:08+08:00
nerf	sm	Contraction de -	抽筋	’tsé kien		轉筋		385		true	自旧档汇入	2026-04-13T01:27:08+08:00
net	adj	Propre	干净的，清洁的，整洁的	keu zing’		乾净		385		true	自旧档汇入	2026-04-13T01:27:08+08:00
net	adj	Clair	清楚的，清晰的，分明的；明显的	ts‘ing ’saong		清爽		385		true	自旧档汇入	2026-04-13T01:27:08+08:00
nettement	adj		干净地，清洁地	keu keu zing’ zing’		乾乾净净		385		true	自旧档汇入	2026-04-13T01:27:08+08:00
nettement	adj		干净地，清洁地	keuh lih		割瀝	？？	385	待定 	true	自旧档汇入	2026-04-13T01:27:08+08:00
netteté	sf		清楚，清晰	ts‘ing ts‘ou	ts‘ing ’ts‘ou	清楚		385		true	自旧档汇入	2026-04-13T01:27:08+08:00
netteté	sf	Imprimé sans -	印刷得不清晰	yen’ lai véh ts‘ing ’saong		印來勿清爽		385		true	自旧档汇入	2026-04-13T01:27:08+08:00
nettoyer	va		把…打扫干净，把…洗净，把…弄干净	long’ keu zing’		弄乾净		385		true	自旧档汇入	2026-04-13T01:27:08+08:00
nettoyer	va	- en essuyant	擦干净	k‘a (ts‘èh) keu zing’		揩（擦）乾净		385		true	自旧档汇入	2026-04-13T01:27:08+08:00
nettoyer	va	- en lavant	洗干净	’si (zing’) keu zing’		洗（净）乾净		385		true	自旧档汇入	2026-04-13T01:27:08+08:00
nettoyer	va	- en balayant	扫干净	sao’ (’teu) keu zing’	’sao (’teu) keu zing’	掃([扌㡭])乾净	掃（撣）乾净	386		true	自旧档汇入	2026-04-13T01:27:08+08:00
neuf	adj		九	’kieû		九		386		true	自旧档汇入	2026-04-13T01:27:08+08:00
neuf	adj	Récent	新的，新建的，新做的，尚未用过的	sin ke’		新个		386		true	自旧档汇入	2026-04-13T01:27:08+08:00
neuf	adj	Inexpérimenté	新颖的，新出现的，新产生的	sang ke’		生个		386		true	自旧档汇入	2026-04-13T01:27:08+08:00
neuf	adj	Inexpérimenté	新颖的，新出现的，新产生的	véh da’ zôh sih ke’		勿大熟悉个		386		true	自旧档汇入	2026-04-13T01:27:08+08:00
neutraliser	va		抵消；使失去作用	’se teh véh yong’		使得勿用		386		true	自旧档汇入	2026-04-13T01:27:08+08:00
neutraliser	va	- l'effet du poison	抵消毒物的作用；解毒	’ka dôh		解毒		386		true	自旧档汇入	2026-04-13T01:27:08+08:00
neutre	adj	(Rester)	中立的，处于中立地位的	ghiôh wai’ ke’ 		局外个		386		true	自旧档汇入	2026-04-13T01:27:08+08:00
neutre	adj	(Rester)	中立的，处于中立地位的	zieû’ ’seû baong koé		袖手旁觀		386		true	自旧档汇入	2026-04-13T01:27:08+08:00
neutre	adj	(Rester)	中立的，处于中立地位的	tsong lih		中立		386		true	自旧档汇入	2026-04-13T01:27:08+08:00
neuvaine	sf	de prières (C.)	九日经(礼)，九日祈祷	’kieû gnéh kieng		九日經		386		true	自旧档汇入	2026-04-13T01:27:08+08:00
neuvième	adj		第九	di’ ’kieû		第九		386		true	自旧档汇入	2026-04-13T01:27:08+08:00
neuvième	adj	Un -	九分之一的	’kieû fen tse ih		九分之一		386		true	自旧档汇入	2026-04-13T01:27:08+08:00
neuvième	adj	Neuvièmement	第九	di’ ’kieû		第九		386		true	自旧档汇入	2026-04-13T01:27:08+08:00
neveu	sm	Fils de frère	侄子	ah zéh		阿姪		386		true	自旧档汇入	2026-04-13T01:27:08+08:00
neveu	sm	Fils de sœur	外甥	nga’ sang		外甥		386		true	自旧档汇入	2026-04-13T01:27:08+08:00
nez	sm		鼻，鼻子	bieh deû		鼻頭		386		true	自旧档汇入	2026-04-13T01:27:08+08:00
nez	sm	Grand -	大鼻子	bieh deû kao		鼻頭高		386		true	自旧档汇入	2026-04-13T01:27:08+08:00
nez	sm	#NAME?	嗅觉灵敏	bieh deû tsié		鼻頭尖		386		true	自旧档汇入	2026-04-13T01:27:08+08:00
nez	sm	- de travers	歪鼻子	bieh deû foa		鼻頭歪		386		true	自旧档汇入	2026-04-13T01:27:08+08:00
nez	sm	#NAME?	鼻塞，鼻子堵塞	bieh deû ’li véh t‘ong k‘i’		鼻頭裏勿通氣		386		true	自旧档汇入	2026-04-13T01:27:08+08:00
nez	sm	#NAME?	鼻塞，鼻子堵塞	wong (ong) bieh deû		滃鼻頭	齆鼻頭	386	待定	true	自旧档汇入	2026-04-13T01:27:08+08:00
nez	sm	Le bout du -	鼻尖	bieh deû tsie gné		鼻頭尖拈		386	待定	true	自旧档汇入	2026-04-13T01:27:08+08:00
ni	conj		也不	véh		勿		386		true	自旧档汇入	2026-04-13T01:27:08+08:00
ni	conj		也不	’a véh		也勿		386		true	自旧档汇入	2026-04-13T01:27:08+08:00
ni	conj	#NAME?	不冷不热	véh ’lang véh gnéh		勿冷勿熱		386		true	自旧档汇入	2026-04-13T01:27:08+08:00
ni	conj	N'avalez - thé, - vin, - eau	茶、酒、水都不要喝	zouo ’tsieû ’se véh ’k‘o ’i yé ’hao k‘i’	zouo ’tsieû ’se véh ’k‘o ’i yé’ ’hao k‘i’	茶酒水勿可以咽下去		386		true	自旧档汇入	2026-04-13T01:27:08+08:00
ni	conj	Ne rendre - capital - intérêts	不归还本金或利息	’pen dié tèh li’ dié zè véh wè		本錢搭利錢儕勿還		386		true	自旧档汇入	2026-04-13T01:27:08+08:00
niais	sm. et adj.		幼稚无知的，愚蠢的；傻的	véh ’tong se’ wou’ ke’		勿懂世務个		386		true	自旧档汇入	2026-04-13T01:27:08+08:00
niais	sm. et adj.		幼稚无知的，愚蠢的；傻的	gang dou kié ka’	gaong dou kié ka’	狂徒肩架	戇大肩架	386	待定	true	自旧档汇入	2026-04-13T01:27:08+08:00
niais	sm. et adj.		幼稚无知的，愚蠢的；傻的	’mong ’tong		懵懂		386		true	自旧档汇入	2026-04-13T01:27:08+08:00
niaiserie	sf		愚蠢；傻；糊涂	véh zah loh		勿着落		386		true	自旧档汇入	2026-04-13T01:27:08+08:00
niaiserie	sf		愚蠢；傻；糊涂	véh loh ’li lou’ ke’		勿落理路个		386		true	自旧档汇入	2026-04-13T01:27:08+08:00
niaiserie	sf	Dire des -s	说蠢话；说傻话	wo’ k‘ong wo’		話空話		386		true	自旧档汇入	2026-04-13T01:27:08+08:00
niche	sf	pour statue	塑像龛	seng’ ziang’ k‘é ’tse		聖像龕子		386		true	自旧档汇入	2026-04-13T01:27:08+08:00
niche	sf	- pour animal	(狗、猫等的)窝	k‘ou		窩	窠	386		true	自旧档汇入	2026-04-13T01:27:08+08:00
niche	sf	- pour animal	(狗、猫等的)窝	bang		棚		386		true	自旧档汇入	2026-04-13T01:27:08+08:00
niche	sf	Fig. Faire des -s (malices)	开一个玩笑；恶作剧	’siao kiè wèh		小奸猾		386		true	自旧档汇入	2026-04-13T01:27:08+08:00
niche	sf	Fig. Faire des -s (malices)	开一个玩笑；恶作剧	tsoh koa’		作怪		386		true	自旧档汇入	2026-04-13T01:27:08+08:00
nichée	sf	(Une)d'oiseaux	一窝雏鸟	ih k‘ou ’tiao		一窩窵	一窠鳥	386		true	自旧档汇入	2026-04-13T01:27:08+08:00
nicolas	sm		尼古拉斯	gni-koh-’lao		尼各老		386		true	自旧档汇入	2026-04-13T01:27:08+08:00
nid	sm		巢，窝，穴，窠	’tiao k‘ou		窵窩	鳥窠	386		true	自旧档汇入	2026-04-13T01:27:08+08:00
nid	sm	Faire son -	筑巢	tsou’ k‘ou		做窩	做窠	386		true	自旧档汇入	2026-04-13T01:27:08+08:00
nièce	sf	Fille de frère	侄女	zéh ’gnu		姪女		386		true	自旧档汇入	2026-04-13T01:27:08+08:00
nièce	sf	Fille de sœur	外甥女	nga’ sang ’gnu		外甥女		386		true	自旧档汇入	2026-04-13T01:27:08+08:00
nier	va		否认，否定；拒绝，不承认，抵赖	véh gnen’		勿認		386		true	自旧档汇入	2026-04-13T01:27:08+08:00
nier	va		否认，否定；拒绝，不承认，抵赖	véh ’i wei zé		勿以爲然		386		true	自旧档汇入	2026-04-13T01:27:08+08:00
nigaud	sm		傻瓜	ngou deû		蛾頭	？	386	待定 一作“娿头”	true	自旧档汇入	2026-04-13T01:27:08+08:00
nigaud	sm		傻瓜	véh ’tong ze’ ’t‘i		勿懂事體		386		true	自旧档汇入	2026-04-13T01:27:08+08:00
nigaud	sm		傻瓜	véh seh ki ’pao		勿識饑飽		386		true	自旧档汇入	2026-04-13T01:27:08+08:00
nimbe	sm	(C.)	(神像、圣像头部的)光轮，光环	yeu koang		圓光		386		true	自旧档汇入	2026-04-13T01:27:08+08:00
nitre	sm	Salpêtre	硝石，硝酸钾	siao		硝		387		true	自旧档汇入	2026-04-13T01:27:08+08:00
niveau	sm	d'eau	水准器	’se bing ’piao		水平表		387		true	自旧档汇入	2026-04-13T01:27:08+08:00
niveau	sm	De -	一般高，在同一平面上；相同程度，相同水平	bing		平		387		true	自旧档汇入	2026-04-13T01:27:08+08:00
niveler	va		使成水平，把…弄平，整平	bing ih bing		平一平		387		true	自旧档汇入	2026-04-13T01:27:08+08:00
niveler	va		使成水平，把…弄平，整平	pouo bing	bouo bing	扒平		387		true	自旧档汇入	2026-04-13T01:27:08+08:00
niveler	va		使成水平，把…弄平，整平	long’ bing		弄平		387		true	自旧档汇入	2026-04-13T01:27:08+08:00
noble	adj		贵族的	tsen koei’		尊貴		387		true	自旧档汇入	2026-04-13T01:27:08+08:00
noblesse	sf		贵族(身份)；贵族阶级	tsen koei’		尊貴		387		true	自旧档汇入	2026-04-13T01:27:08+08:00
noblesse	sf	Conférer un titre de -	授予贵族头衔	fong tsiah		封爵		387	本来合在一起	true	自旧档汇入	2026-04-13T01:27:08+08:00
noblesse	sf	,, ,, à une femme	授予女性贵族头衔	kao’ fong		誥封		387		true	自旧档汇入	2026-04-13T01:27:08+08:00
noblesse	sf	Les 5 titres de -	五种贵族头衔	kong heû péh ’tse né		公侯伯子男		387		true	自旧档汇入	2026-04-13T01:27:08+08:00
noce	sf		婚礼，(结婚)喜庆	’h‘ao gnéh		好日		387		true	自旧档汇入	2026-04-13T01:27:08+08:00
noce	sf		婚礼，(结婚)喜庆	’hi ze’		喜事		387		true	自旧档汇入	2026-04-13T01:27:08+08:00
noce	sf	Secondes -s	第二次婚姻	zôh yé		續弦		387		true	自旧档汇入	2026-04-13T01:27:08+08:00
noce	sf	Mariés en ,, -s	第二次结婚	gni’ hoen	gni’ h‘oen	二婚		387		true	自旧档汇入	2026-04-13T01:27:08+08:00
noce	sf	Mariés en ,, -s	第二次结婚	gni’ ’ts‘u		二娶		387		true	自旧档汇入	2026-04-13T01:27:08+08:00
nocturne	adj		夜间的，夜间发生的，夜间活动的	ya’ ’li hiang’		夜裏向		387		true	自旧档汇入	2026-04-13T01:27:08+08:00
nocturne	adj		夜间的，夜间发生的，夜间活动的	ya’ ’li ke’		夜裏个		387		true	自旧档汇入	2026-04-13T01:27:08+08:00
noël	sm	(C.)	圣诞节	Ya-sou seng’ tè’		耶穌聖誕		387		true	自旧档汇入	2026-04-13T01:27:08+08:00
nœud	sm		结，扣	kiéh		結		387		true	自旧档汇入	2026-04-13T01:27:08+08:00
nœud	sm	Faire un -	打结	’tang ih ke’ kiéh		打一个結		387		true	自旧档汇入	2026-04-13T01:27:08+08:00
nœud	sm	#NAME?	活结	wéh kiéh		活結		387		true	自旧档汇入	2026-04-13T01:27:08+08:00
nœud	sm	#NAME?	固定的结；死结	’si kiéh		死結		387		true	自旧档汇入	2026-04-13T01:27:08+08:00
nœud	sm	- marin: combien de -s? 	多少节（航速单位）	ih ’tié tsong hang ’ki ’h‘ai ’li?		一點鐘行幾海里		387		true	自旧档汇入	2026-04-13T01:27:08+08:00
nœud	sm	- dans le bois	节，节子，木疤	tsih		節		387		true	自旧档汇入	2026-04-13T01:27:08+08:00
nœud	sm	- dans le bois	节，节子，木疤	moh tsih		木節		387		true	自旧档汇入	2026-04-13T01:27:08+08:00
nœud	sm	- dans le bois	节，节子，木疤	tsôh tsih		竹節		387		true	自旧档汇入	2026-04-13T01:27:08+08:00
nœud	sm	Fig. - d'une affaire	焦点；关键，症结	nè ts‘u’		難處		387		true	自旧档汇入	2026-04-13T01:27:08+08:00
nœud	sm	Fig. - d'une affaire	焦点；关键，症结	yeu ’li yeu kou’		緣裏緣故		387		true	自旧档汇入	2026-04-13T01:27:08+08:00
noir	adj		黑的，黑色的	h‘eh		黑		387		true	自旧档汇入	2026-04-13T01:27:08+08:00
noir	adj		黑的，黑色的	méh tséh h‘eh		[黑末]黜黑	？？黑	387	待定	true	自旧档汇入	2026-04-13T01:27:08+08:00
noir	adj	Il fait -	天黑了	t‘ié h‘eh ’tsé		天黑者		387		true	自旧档汇入	2026-04-13T01:27:08+08:00
noir	adj	Il fait -	天黑了	é’ ’tsé		暗者		387		true	自旧档汇入	2026-04-13T01:27:08+08:00
noir	adj	Intentions -es	邪恶的意图，卑劣的意图	h‘eh sin		黑心		387		true	自旧档汇入	2026-04-13T01:27:08+08:00
noir	sm	- de fumée		yé mei		烟煤		387		true	自旧档汇入	2026-04-13T01:27:08+08:00
noir	sm	- de fumée		’zong mei		重煤		387		true	自旧档汇入	2026-04-13T01:27:08+08:00
noirâtre	adj		稍黑的，带黑的，黑魆魆的	’yeû ih ’ngè h‘eh		有一眼黑		387		true	自旧档汇入	2026-04-13T01:27:08+08:00
noirâtre	adj		稍黑的，带黑的，黑魆魆的	h‘eh ’ts‘ié ’ts‘ié		黑淺淺		387		true	自旧档汇入	2026-04-13T01:27:08+08:00
noirci	pp		弄黑了	h‘eh ’tsé		黑者		387		true	自旧档汇入	2026-04-13T01:27:08+08:00
noircir	vn		使成黑色，弄黑	’k‘i h‘eh		起黑		387		true	自旧档汇入	2026-04-13T01:27:08+08:00
noircir	vn		使成黑色，弄黑	fèh h‘eh		發黑		387		true	自旧档汇入	2026-04-13T01:27:08+08:00
noircir	va	Fig.	抹黑，诽谤，诋毁	’hoei paong’	’h‘oei paong’	毁謗		387		true	自旧档汇入	2026-04-13T01:27:08+08:00
noise	sf		口角，争吵	dao k‘i’		啕氣		387		true	自旧档汇入	2026-04-13T01:27:08+08:00
noise	sf		口角，争吵	tsou’ nao’		做鬧		387		true	自旧档汇入	2026-04-13T01:27:08+08:00
noise	sf	Chercher -	寻衅滋事，惹事生非	zin ze’		尋事		387		true	自旧档汇入	2026-04-13T01:27:08+08:00
noisetier	sm		榛树	tsen ’tse zu’ [ih k‘ou]		榛子樹[一棵]		387		true	自旧档汇入	2026-04-13T01:27:08+08:00
noisette	sf		榛子	tsen ’tse		榛子		387		true	自旧档汇入	2026-04-13T01:27:08+08:00
noix	sf		胡桃	bou dao		胡桃		387		true	自旧档汇入	2026-04-13T01:27:08+08:00
noix	sf	Écale de -	胡桃壳	bou dao k‘oh		胡桃殼		387		true	自旧档汇入	2026-04-13T01:27:08+08:00
nom	sm		名字；姓名	ming ze’		名字		387		true	自旧档汇入	2026-04-13T01:27:08+08:00
nom	sm	- de baptême (C.)	受洗时取的名字，教名	seng’ ming		聖名		387		true	自旧档汇入	2026-04-13T01:27:08+08:00
nom	sm	- de famille	姓；姓氏	sing’		姓		387		true	自旧档汇入	2026-04-13T01:27:08+08:00
nom	sm	Avoir le même - ,, ,,	有同样的姓氏，同姓	dong sing’		同姓		387		true	自旧档汇入	2026-04-13T01:27:08+08:00
nom	sm	- reçu en basâge	小名	’na (’siao) ming		奶（小）名		387		true	自旧档汇入	2026-04-13T01:27:08+08:00
nom	sm	- d'école	入学时使用的正式名字，学名	hoh ming		學名		387		true	自旧档汇入	2026-04-13T01:27:08+08:00
nom	sm	- de fantaisie	绰号	ts‘ah hao’		綽號		387		true	自旧档汇入	2026-04-13T01:27:08+08:00
nom	sm	- de fantaisie	绰号	biéh hao’		别號		387		true	自旧档汇入	2026-04-13T01:27:08+08:00
nom	sm	- d'une boutique	店名	ze’ hao’		字號		387		true	自旧档汇入	2026-04-13T01:27:08+08:00
nom	sm	- d'une boutique	店名	tié’ hao’		店號		387		true	自旧档汇入	2026-04-13T01:27:08+08:00
nom	sm	Donner son -	报上名字，提供你的姓名	pao’ ming		報名		387		true	自旧档汇入	2026-04-13T01:27:08+08:00
nom	sm	Inscrire le -	填上名字，登记名字	loh ming ze’		落名字		387		true	自旧档汇入	2026-04-13T01:27:08+08:00
nom	sm	Écris en mon -	写上我的名字，记在我名下	’sia ’ngou ming ’ya		寫我名下		387		true	自旧档汇入	2026-04-13T01:27:08+08:00
nom	sm	Au - de. loc. prép.	以某人的名义	t‘i’		替		387	词组的性质，loc prep暂时放在后面	true	自旧档汇入	2026-04-13T01:27:08+08:00
nom	sm	Au - de. loc. prép.	以某人的名义	dai’ t‘i’		代替		387		true	自旧档汇入	2026-04-13T01:27:08+08:00
nom	sm	Au - de. loc. prép.	以某人的名义	wei’		爲		387		true	自旧档汇入	2026-04-13T01:27:08+08:00
nom	sm	Se faire un -	出名	ts‘éh ming (se’)		出名（世）		387		true	自旧档汇入	2026-04-13T01:27:08+08:00
nom	sm	N'être... (v.g. chrétien) que de -	徒有其名的基督徒	’yeû ming wou zéh ke’ kiao’ ’yeû		有名無實个教友		387		true	自旧档汇入	2026-04-13T01:27:08+08:00
nom	sm	N'être... (v.g. chrétien) que de -	徒有其名的基督徒	péh kou’ ’yeû kiao’ ’yeû ke’ hiu ming deû		不過有教友个虚名頭		388		true	自旧档汇入	2026-04-13T01:27:08+08:00
nom	sm	Votre - de famille?	贵姓？	sing’ sa’?		姓啥？		388		true	自旧档汇入	2026-04-13T01:27:08+08:00
nom	sm	Votre - de famille?	贵姓？	koei’ sing’ ?		貴姓		388		true	自旧档汇入	2026-04-13T01:27:08+08:00
nom	sm	Mon - ,, ,, est Wang	我姓王	bi’ (zié’) sing’ Waong		敝（賤）姓黄		388		true	自旧档汇入	2026-04-13T01:27:08+08:00
nomade	adj. et sm.		不定居的，游牧的；流浪的	p‘iao daong’		漂蕩		388		true	自旧档汇入	2026-04-13T01:27:08+08:00
nomade	adj. et sm.		不定居的，游牧的；流浪的	tao’ ts‘u’ wei kia		到處爲家		388		true	自旧档汇入	2026-04-13T01:27:08+08:00
nomade	adj. et sm.	Tribu -	游牧部落	yeû zôh		游族		388		true	自旧档汇入	2026-04-13T01:27:08+08:00
nombre	sm		数目	sou’ moh		數目		388		true	自旧档汇入	2026-04-13T01:27:08+08:00
nombre	sm	#NAME?	约整数	’tseng sou’		整數		388		true	自旧档汇入	2026-04-13T01:27:08+08:00
nombre	sm	Un certain -	若干，一些	’ki ke’		幾个		388		true	自旧档汇入	2026-04-13T01:27:08+08:00
nombre	sm	Un grand -	很多，大量	tou		多		388		true	自旧档汇入	2026-04-13T01:27:08+08:00
nombre	sm	Un grand -	很多，大量	’h‘ao ta ke’		好多个		388		true	自旧档汇入	2026-04-13T01:27:08+08:00
nombre	sm	Le plus grand -	大多数	dou’ pé’		大半		388		true	自旧档汇入	2026-04-13T01:27:08+08:00
nombrer	va		数，计数，计算	sou’ sou’ (su’ su’)		數數		388	待定 數讀音	true	自旧档汇入	2026-04-13T01:27:08+08:00
nombreux	adj		为数众多的	tou		多		388		true	自旧档汇入	2026-04-13T01:27:08+08:00
nombreux	adj		为数众多的	tou ke’		多个		388		true	自旧档汇入	2026-04-13T01:27:08+08:00
nombreux	adj		为数众多的	kiao koè		交關		388		true	自旧档汇入	2026-04-13T01:27:08+08:00
nombril	sm		肚脐眼；肚脐	’dou zi’	’dou zi	肚臍		388	待定	true	自旧档汇入	2026-04-13T01:27:08+08:00
nomenclature	sf		目录，品名表	moh lôh		目録		388		true	自旧档汇入	2026-04-13T01:27:08+08:00
nomenclature	sf		目录，品名表	tsang’		帳		388		true	自旧档汇入	2026-04-13T01:27:08+08:00
nominal	adj		名义上的，有名无实的，挂名的	’yeû ming wou zéh		有名無實		388		true	自旧档汇入	2026-04-13T01:27:08+08:00
nominal	adj	Appel -	点名	’tié ming		點名		388		true	自旧档汇入	2026-04-13T01:27:08+08:00
nommé			名叫…的人	sing’		姓		388		true	自旧档汇入	2026-04-13T01:27:08+08:00
nommé		Le - Li	姓李的人	sing’ ’Li		姓李		388		true	自旧档汇入	2026-04-13T01:27:08+08:00
nommé		À point -	及时	t‘ih tseng’		貼正		388		true	自旧档汇入	2026-04-13T01:27:08+08:00
nommé		À point -	及时	hèh ’h‘ao	h‘èh ’h‘ao	恰好		388		true	自旧档汇入	2026-04-13T01:27:08+08:00
nommer	va		给…取名，给…起名，命名	kiao’		叫		388		true	自旧档汇入	2026-04-13T01:27:08+08:00
nommer	va		给…取名，给…起名，命名	di ming		題名		388		true	自旧档汇入	2026-04-13T01:27:08+08:00
nommer	va		给…取名，给…起名，命名	di ming deû		題名頭		388		true	自旧档汇入	2026-04-13T01:27:08+08:00
nommer	va	Nommez-le	命名	nong’ kiao’ i kiao’ sa’		儂叫伊叫啥		388		true	自旧档汇入	2026-04-13T01:27:08+08:00
nommer	va	Choisir: - à une charge	任命、指定某人担任某职务	’sié koé		選官		388		true	自旧档汇入	2026-04-13T01:27:08+08:00
nommer	va	Choisir: - à une charge	任命、指定某人担任某职务	fong koé		封官		388		true	自旧档汇入	2026-04-13T01:27:08+08:00
non	adv		不，不是，没有	véh		勿		388		true	自旧档汇入	2026-04-13T01:27:08+08:00
non	adv	-! -!	不！不！	véh véh		勿勿		388		true	自旧档汇入	2026-04-13T01:27:08+08:00
non	adv	Voulez-vous oui ou - ? Non.		yao’ gni véh yao’?véh yao’		要呢勿要？勿要		388	待定 问答句合在一起	true	自旧档汇入	2026-04-13T01:27:08+08:00
non	adv	#NAME?	也不	’a véh		也勿		388		true	自旧档汇入	2026-04-13T01:27:08+08:00
non	adv	- pas que... mais	并不是...只是...	véh ze’ ... zieû’ (tè’) ze’	véh ze’ ... zieû’ (dè’) ze’	勿是...就（但）是		388		true	自旧档汇入	2026-04-13T01:27:08+08:00
nonagénaire	adj		九十多岁的	’kieû séh su’ ’tsé		九十歲者		388		true	自旧档汇入	2026-04-13T01:27:08+08:00
nonce	sm		教廷大使	kiao’ h‘ouo’ waong ke’ k‘ien ts‘a		教化皇个欽差		388		true	自旧档汇入	2026-04-13T01:27:08+08:00
nonchalance	sf		懒散，没精打采	yai’ dai’		懈怠		388		true	自旧档汇入	2026-04-13T01:27:08+08:00
nonchalance	sf		懒散，没精打采	’lè dou’		懶惰		388		true	自旧档汇入	2026-04-13T01:27:08+08:00
nonchalant	adj		漫不经心的，随便的；懒散的，无精打采的	loh t‘ôh gnen		落拓人		388	待定	true	自旧档汇入	2026-04-13T01:27:08+08:00
nonchalamment	adv		漫不经心地，马马虎虎地；懒洋洋地，没精打采地	loh² t‘ôh²		落落拓拓		388		true	自旧档汇入	2026-04-13T01:27:08+08:00
nord	sm		北，北面	pôh		北		388		true	自旧档汇入	2026-04-13T01:27:08+08:00
nord	sm		北，北面	pôh pié		北邊		388		true	自旧档汇入	2026-04-13T01:27:08+08:00
nord	sm	#NAME?	东北	tong pôh		東北		388		true	自旧档汇入	2026-04-13T01:27:08+08:00
nord	sm	#NAME?	西北	si pôh		西北		388		true	自旧档汇入	2026-04-13T01:27:08+08:00
noria	sf		戽斗水车	’se ts‘ouo		水車		388		true	自旧档汇入	2026-04-13T01:27:08+08:00
noria	sf		戽斗水车	ts‘ouo		車		388		true	自旧档汇入	2026-04-13T01:27:08+08:00
normal	adj		正常的，正规的	tsao’ koei ’kiu ke’		照規矩个		388		true	自旧档汇入	2026-04-13T01:27:08+08:00
norwège	sf		挪威	nao’-wei kôh	’nao-wei kôh	瑙威國		388	待定 瑙聲調	true	自旧档汇入	2026-04-13T01:27:08+08:00
nostalgie	sf	Avoir la -	思乡，怀乡	’siang ôh ’li		想屋裏		388		true	自旧档汇入	2026-04-13T01:27:08+08:00
notable	adj		值得注意的；显著的	fi vè		非凡		388		true	自旧档汇入	2026-04-13T01:27:08+08:00
notable	adj		值得注意的；显著的	fi zang		非常		388		true	自旧档汇入	2026-04-13T01:27:08+08:00
notable	adj		值得注意的；显著的	ts‘éh ’teng ke’		出等个		388		true	自旧档汇入	2026-04-13T01:27:08+08:00
notable	sm	Les -	名人，显要人物，显贵	hiang sen		鄉紳		388		true	自旧档汇入	2026-04-13T01:27:08+08:00
notable	sm	Les -	名人，显要人物，显贵	sen ’tong		紳董		388		true	自旧档汇入	2026-04-13T01:27:08+08:00
notable	sm	Les -	名人，显要人物，显贵	’tong ze’		董事		388		true	自旧档汇入	2026-04-13T01:27:08+08:00
notaire	sm		公证人	su li’		書吏		388		true	自旧档汇入	2026-04-13T01:27:08+08:00
notaire	sm		公证人	ki’ ze’		記事		388		true	自旧档汇入	2026-04-13T01:27:08+08:00
notation	sf	musicale	乐谱；记谱法	tsoh yah fèh		作樂法		388		true	自旧档汇入	2026-04-13T01:27:08+08:00
note	sf	explicative	说明，注解	tsu’ ’ka		注解		389		true	自旧档汇入	2026-04-13T01:27:08+08:00
note	sf	explicative	说明，注解	’siao tsu’		小注		389		true	自旧档汇入	2026-04-13T01:27:08+08:00
note	sf	- de musique. Signe	音符	yen hao’		音號		389	signe 和de musique 一起还是 son一起	true	自旧档汇入	2026-04-13T01:27:08+08:00
note	sf	Son		kong ts‘ah		工尺		389		true	自旧档汇入	2026-04-13T01:27:08+08:00
note	sf	-s des élèves	学生成绩册	kong k‘ou’ tè (ts‘ah)		功課單（册）		389		true	自旧档汇入	2026-04-13T01:27:08+08:00
note	sf	- à payer	清单，账单	tsang’		賬		389		true	自旧档汇入	2026-04-13T01:27:08+08:00
noter	va	Prender note de	记下，写下	ki’ ’h‘ao		記好		389		true	自旧档汇入	2026-04-13T01:27:08+08:00
noter	va	Prender note de	记下，写下	ki’ (’sia) ’la laong’		記（寫）拉上		389		true	自旧档汇入	2026-04-13T01:27:08+08:00
noter	va	- sur un calepin	记在备忘录上，记在笔记本上	zaong’ tsang’		上賬		389		true	自旧档汇入	2026-04-13T01:27:08+08:00
noter	va	- sur un calepin	记在备忘录上，记在笔记本上	zaong’ts‘ah		上册		389		true	自旧档汇入	2026-04-13T01:27:08+08:00
notice	sf		通知；说明	pao’ tè		報單		389		true	自旧档汇入	2026-04-13T01:27:08+08:00
notifier	va		正式通知，通知，告知	kao’ sou’		告訴		389		true	自旧档汇入	2026-04-13T01:27:08+08:00
notifier	va		正式通知，通知，告知	wei deû		回頭		389		true	自旧档汇入	2026-04-13T01:27:08+08:00
notifier	va		正式通知，通知，告知	koè tsao’		關照		389		true	自旧档汇入	2026-04-13T01:27:08+08:00
notion	sf	(Avoir une exacte) de	有一个确切的概念	’tong ming bah		懂明白		389		true	自旧档汇入	2026-04-13T01:27:08+08:00
notoire	adj		人所共知的，众所周知的；著名的，很出名的	da’ kai’ zi ’hiao teh ke’		大概齊曉得个		389		true	自旧档汇入	2026-04-13T01:27:08+08:00
notoire	adj		人所共知的，众所周知的；著名的，很出名的	tsang ming kiao’ tsu’		彰明較著		389		true	自旧档汇入	2026-04-13T01:27:08+08:00
notre	adj	le nôtre.pron.	我们的；我的	ze’ gni ke’		自呢个	是伲个	389		true	自旧档汇入	2026-04-13T01:27:08+08:00
nouer	va		把…打结，系；结牢，系牢	’tang kiéh		打結		389		true	自旧档汇入	2026-04-13T01:27:08+08:00
nouer	va		把…打结，系；结牢，系牢	’tang kiéh ’tse		打結子		389		true	自旧档汇入	2026-04-13T01:27:08+08:00
nouilles	sf.pl.		面条	mié’ diao		麵條		389		true	自旧档汇入	2026-04-13T01:27:08+08:00
nourrice	sf		喂奶的妇女；奶妈，乳母	’na gnang		奶娘		389		true	自旧档汇入	2026-04-13T01:27:08+08:00
nourricier	adj	(Père)	奶妈的丈夫，奶公	kiôh ’yang ke’ vou’ ts‘in		鞠養个父親		389		true	自旧档汇入	2026-04-13T01:27:08+08:00
nourrir	va		培养，培育；喂食，喂养	’yang		養		389		true	自旧档汇入	2026-04-13T01:27:08+08:00
nourrir	va		培养，培育；喂食，喂养	’yang wéh		養活		389		true	自旧档汇入	2026-04-13T01:27:08+08:00
nourrir	vr	Se -	吃，进食	k‘ieh		吃		389		true	自旧档汇入	2026-04-13T01:27:08+08:00
nourrissant	adj		滋养的，滋补的；有营养价值的，富有营养的	’yang gnen ke’		養人个		389		true	自旧档汇入	2026-04-13T01:27:08+08:00
nourrissant	adj		滋养的，滋补的；有营养价值的，富有营养的	’yang sen ke’		養身个		389		true	自旧档汇入	2026-04-13T01:27:08+08:00
nourrisson	sm		乳儿，婴儿	k‘ieh ’na ’siao ’neu		吃奶小囝		389		true	自旧档汇入	2026-04-13T01:27:08+08:00
nourrisson	sm		乳儿，婴儿	k‘ieh ’na ’neu		吃奶囝		389		true	自旧档汇入	2026-04-13T01:27:08+08:00
nourriture	sf		食物，膳食	k‘ieh ghiôh		吃局		389		true	自旧档汇入	2026-04-13T01:27:08+08:00
nourriture	sf		食物，膳食	k‘ieh ke’ méh ze’		吃个物事		389		true	自旧档汇入	2026-04-13T01:27:08+08:00
nourriture	sf	Dépense pour la -	伙食开支，食品支出	vè’ dié		飯錢		389		true	自旧档汇入	2026-04-13T01:27:08+08:00
nourriture	sf	Compte de la -	伙食账目	’h‘ou zeh tsang’		伙食賬		389		true	自旧档汇入	2026-04-13T01:27:08+08:00
nourriture	sf	- de l'homme(thé,riz)	食物，茶饭	zouo (vè’) zeh		茶（飯）食		389		true	自旧档汇入	2026-04-13T01:27:08+08:00
nourriture	sf	- de l'âme	精神食粮	ling wen ke’ zen liang		靈魂个神糧		389		true	自旧档汇入	2026-04-13T01:27:08+08:00
nous	pron		我们，咱们	ze’ gni		自呢	是伲	389		true	自旧档汇入	2026-04-13T01:27:08+08:00
nous	pron	- deux. Vous et moi	我们两个	ze’ gni ’liang ka deû		自呢兩家頭	是伲兩家頭	389		true	自旧档汇入	2026-04-13T01:27:08+08:00
nouveau	adj	Récent	新出现的，初次显露的；新创的；新制成的	sin ke’		新个		389		true	自旧档汇入	2026-04-13T01:27:08+08:00
nouveau	adj	Récent	新出现的，初次显露的；新创的；新制成的	tsôh sin	ts‘ôh sin	簇新		389		true	自旧档汇入	2026-04-13T01:27:08+08:00
nouveau	adj	#NAME?	新来者，新成员	sin lai ke’		新來个		389		true	自旧档汇入	2026-04-13T01:27:08+08:00
nouveau	adj	Tout - tout beau	新的总是好的	nè pè k‘eu’ kié’ ’tsong hi ghi ’tié		難班看見總希奇點		389		true	自旧档汇入	2026-04-13T01:27:08+08:00
nouveau	adj	De -	再	tsai’		再		389		true	自旧档汇入	2026-04-13T01:27:08+08:00
nouveau	adj	De -	再	zong sin		從新		389		true	自旧档汇入	2026-04-13T01:27:08+08:00
nouveau	adj	De -	再	i’		又		389		true	自旧档汇入	2026-04-13T01:27:08+08:00
nouveauté	sf		新，新颖；新生事物；新鲜事物	sin ze’		新事		389		true	自旧档汇入	2026-04-13T01:27:08+08:00
nouveauté	sf	Amateur de -	爱好新奇事物的人	’hi foé sin fèh ’tse		喜歡新法子		389		true	自旧档汇入	2026-04-13T01:27:08+08:00
nouvelle	sf		消息；新闻，新闻报道	sin ze’ ’t‘i		新事體		389		true	自旧档汇入	2026-04-13T01:27:08+08:00
nouvelle	sf		消息；新闻，新闻报道	sin wen		新聞		389		true	自旧档汇入	2026-04-13T01:27:08+08:00
nouvelle	sf	Mauvaise - 	坏消息	k‘ieû sin’ sieh		恘信息		389		true	自旧档汇入	2026-04-13T01:27:08+08:00
nouvelle	sf	- qui court		fong seng (wen)		風聲（聞）		389		true	自旧档汇入	2026-04-13T01:27:08+08:00
nouvellement	adj		新近，刚才	sin ghien’		新近		389		true	自旧档汇入	2026-04-13T01:27:08+08:00
novembre	sm		十一月	si yang zéh ih gneuh		西洋十一月		389		true	自旧档汇入	2026-04-13T01:27:08+08:00
novembre	sm	Vers le 7-	11月7日左右，立冬	lih tong		立冬		390		true	自旧档汇入	2026-04-13T01:27:08+08:00
novembre	sm	Vers le 22-	11月22日左右，立冬	’siao sih		小雪		390		true	自旧档汇入	2026-04-13T01:27:08+08:00
noviciat	sm		初修期	ts‘ou yah		初學		390		true	自旧档汇入	2026-04-13T01:27:08+08:00
noviciat	sm	[local]	初修院	ts‘ou yah yeu’		初學院		390		true	自旧档汇入	2026-04-13T01:27:08+08:00
novice	sm		新手，生手，初学者；初学修士	ts‘ou yah ke’		初學个		390		true	自旧档汇入	2026-04-13T01:27:08+08:00
novice	sm	(C.)	初学修士	dou di’		徒弟		390		true	自旧档汇入	2026-04-13T01:27:08+08:00
novice	sm	Fig. Inexpérimenté	新手，生手，初学者	sang ’seû		生手		390		true	自旧档汇入	2026-04-13T01:27:08+08:00
noyau	sm		果核	wéh [ih ke’]		核[一个]	[木月骨][一个]	390		true	自旧档汇入	2026-04-13T01:27:08+08:00
noyer	sm		胡桃树	bou dao zu’ [ih k‘ou]		胡桃樹[一棵]		390		true	自旧档汇入	2026-04-13T01:27:08+08:00
noyer	va	qqn	把…淹死，把…溺死	zen sèh gnen		沉殺人		390		true	自旧档汇入	2026-04-13T01:27:08+08:00
noyer	vr	Se -	淹死，溺死	zen sèh		沉殺		390		true	自旧档汇入	2026-04-13T01:27:08+08:00
noyer	vr	Se -	淹死，溺死	tsin’ séh	tsin’ sèh	浸殺		390		true	自旧档汇入	2026-04-13T01:27:08+08:00
noyer	vr	Se - volontairement	投水自杀	ze’ ka zen sèh ze’ ka		自家沉殺自家		390		true	自旧档汇入	2026-04-13T01:27:08+08:00
noyer	vr	Se - volontairement	投水自杀	deû wou ’si		投河死		390	投河死 的上下归属参看拼音	true	自旧档汇入	2026-04-13T01:27:08+08:00
noyer	vr	Se - en se jetant dans un puits	投井淹死	deû ’tsing zin ’si		投井尋死		390		true	自旧档汇入	2026-04-13T01:27:08+08:00
nu	adj		裸体的，裸露的	ts‘ah sen ke’		赤身个		390		true	自旧档汇入	2026-04-13T01:27:08+08:00
nu	adj		裸体的，裸露的	ts‘ah pôh		赤膊		390		true	自旧档汇入	2026-04-13T01:27:08+08:00
nu	adj	Pieds -s. - pieds	光脚	ts‘ah kiah		赤脚		390		true	自旧档汇入	2026-04-13T01:27:08+08:00
nu	adj	Tout -	全裸	véh tsah i zaong ke’		勿著衣裳个		390		true	自旧档汇入	2026-04-13T01:27:08+08:00
nu	adj	Tout -	全裸	tsing ts‘éh ts‘ah pôh		精出赤膊		390		true	自旧档汇入	2026-04-13T01:27:08+08:00
nu	adj	Tout -	全裸	ts‘ah (lou’) sen lou’ ’t‘i		赤（露）身露體		390		true	自旧档汇入	2026-04-13T01:27:08+08:00
nuage	sm		云	yun		雲		390		true	自旧档汇入	2026-04-13T01:27:08+08:00
nuage	sm		云	’ts‘ai yun		彩雲		390		true	自旧档汇入	2026-04-13T01:27:08+08:00
nuageux	adj	(Temps)	阴天，多云天气	yen ts‘e’ t‘ié		陰次天		390		true	自旧档汇入	2026-04-13T01:27:08+08:00
nuageux	adj	(Temps)	阴天，多云天气	zaong’ yun ’tsé		上雲者		390		true	自旧档汇入	2026-04-13T01:27:08+08:00
nuance	sf	Petite différence	细微差别	’yeû ’tié fen biéh		有點分别		390		true	自旧档汇入	2026-04-13T01:27:08+08:00
nuance	sf	Petite différence	细微差别	’yeû ih ’ngè ’siao fen biéh		有一眼小分别		390		true	自旧档汇入	2026-04-13T01:27:08+08:00
nuance	sf	Petite différence	细微差别	da’ dong ’siao yi’		大同小异		390		true	自旧档汇入	2026-04-13T01:27:08+08:00
nuancer	va	des couleurs	使具有细微的色调差别；细腻地表达深浅的色调变化	p‘ei’ ngè seh		配顔色		390		true	自旧档汇入	2026-04-13T01:27:08+08:00
nuire	vn		损害，危害	hai’		害		390		true	自旧档汇入	2026-04-13T01:27:08+08:00
nuire	vn		损害，危害	saong hai’		傷害		390		true	自旧档汇入	2026-04-13T01:27:08+08:00
nuire	vn	Gêner	妨碍	koè ngai	koè ngai’	關碍		390		true	自旧档汇入	2026-04-13T01:27:08+08:00
nuit	sf		夜，夜晚，夜间	ya’		夜		390		true	自旧档汇入	2026-04-13T01:27:08+08:00
nuit	sf	Il fait -	天黑了	ya’ ’tsé		夜者		390		true	自旧档汇入	2026-04-13T01:27:08+08:00
nuit	sf	Il fait -	天黑了	é’ ’tsé		暗者		390		true	自旧档汇入	2026-04-13T01:27:08+08:00
nuit	sf	Il fait -	天黑了	t‘ié h‘eh ’tsé		天黑者		390		true	自旧档汇入	2026-04-13T01:27:08+08:00
nuit	sf	Le milieu de la -	半夜	pé’ ya’		半夜		390		true	自旧档汇入	2026-04-13T01:27:08+08:00
nuit	sf	Durant la -	在夜里	ya’ ’li		夜裏		390		true	自旧档汇入	2026-04-13T01:27:08+08:00
nuit	sf	Durant la -	在夜里	h‘eh ya’		黑夜		390		true	自旧档汇入	2026-04-13T01:27:08+08:00
nuit	sf	Durant la -	在夜里	h‘eh ya’ ’li		黑夜裏		390		true	自旧档汇入	2026-04-13T01:27:08+08:00
nuit	sf	Voyager de -	夜间旅行	’tseû ya’ lou’		走夜路		390		true	自旧档汇入	2026-04-13T01:27:08+08:00
nuit	sf	Jour et -	白天和黑夜，昼夜	gnéh ’li (bah) ya’ ’li		日裏（白）夜裏		390		true	自旧档汇入	2026-04-13T01:27:08+08:00
nuit	sf	Cette -, la - dernière	昨夜	zô’ ya’ deû		昨夜頭		390		true	自旧档汇入	2026-04-13T01:27:08+08:00
nuit	sf	la - prochaine	下一夜；今夜	kien ya’		今夜		390	下一个晚上是今天晚上？	true	自旧档汇入	2026-04-13T01:27:08+08:00
nuit	sf	passer la -	过夜	kou’ ya’		過夜		390		true	自旧档汇入	2026-04-13T01:27:08+08:00
nuit	sf	passer la - à l'auberge	在旅馆里过夜	kou’ ya’ ’la gnu’ ’li		過夜拉寓裏		390		true	自旧档汇入	2026-04-13T01:27:08+08:00
nuit	sf	passer la - à l'auberge	在旅馆里过夜	hiéh ’la vè’ tié’ ’li		歇拉飯店裏		390		true	自旧档汇入	2026-04-13T01:27:08+08:00
nul	adj		无价值的；无能的	m sa’ yong’ deû ke’		無啥用頭个	嘸啥用頭个	390		true	自旧档汇入	2026-04-13T01:27:08+08:00
nul	adj	Homme -	无能的人	ih ’ngè tsou’ véh lai sa’ ke’		一眼做勿來啥个		390		true	自旧档汇入	2026-04-13T01:27:08+08:00
nul	adj	Invalide. [Mariage] -	无效的，无法律效力的	véh ’t‘ou taong’ ke’		勿妥當个		390		true	自旧档汇入	2026-04-13T01:27:08+08:00
nul	pron	- ne sait	谁也不知道	m sa’ gnen ’hiao teh		無啥人曉得	嘸啥人曉得	390		true	自旧档汇入	2026-04-13T01:27:08+08:00
nullement	adv		决不，绝不，一点也不	wé zié véh		完全勿		390		true	自旧档汇入	2026-04-13T01:27:08+08:00
nullement	adv	Ne s'occuper -	毫不关心，一点也不照管	ih ’ngè (’long ’tsong) véh ’koé		一眼（攏總）勿管		390		true	自旧档汇入	2026-04-13T01:27:08+08:00
nullement	adv	Ne pouvoir -	绝对不能	vè’ vè’ véh neng		萬萬勿能		390		true	自旧档汇入	2026-04-13T01:27:08+08:00
nullement	adv	Il ne désire -	无心，毫不希望	dou’ véh gneu’ i’		大勿願意		391		true	自旧档汇入	2026-04-13T01:27:08+08:00
Noméraire. 	sm.		硬币	dong dié gnen ’tse.		銅錢銀子		391		true	自旧档汇入	2026-04-13T01:27:08+08:00
Numérateur. 	sm.		分子	yong’ ’mô		用碼		391		true	自旧档汇入	2026-04-13T01:27:08+08:00
Numérateur. 	sm.		分子	’tse sou’.		子數		391		true	自旧档汇入	2026-04-13T01:27:08+08:00
Nombre. 	sm.		数	hao’ ’mô (deû).		號碼（頭）		391		true	自旧档汇入	2026-04-13T01:27:08+08:00
Nombre. 	sm.		数	hao’.		號		391		true	自旧档汇入	2026-04-13T01:27:08+08:00
Nombre. 	sm.		数	’mô ’tse.		碼子		391		true	自旧档汇入	2026-04-13T01:27:08+08:00
Numéroter. 	va.		编号码	p‘a’ hao’ deû.		派號頭		391		true	自旧档汇入	2026-04-13T01:27:08+08:00
Numéroter. 	va.		编号码	’sia (’tang) ’mô ’tse.		寫（打）碼子		391		true	自旧档汇入	2026-04-13T01:27:08+08:00
Nuptial.	adj. 	Chambre nuptiale.	交配	sin waong.		新房		391		true	自旧档汇入	2026-04-13T01:27:08+08:00
Nuque. 	sf.		颈背	deû ’kieng.		頭頸		391		true	自旧档汇入	2026-04-13T01:27:08+08:00
Nuque. 	sf.		颈背	deû ’tsen koéh.		頭枕骨		391		true	自旧档汇入	2026-04-13T01:27:08+08:00
Obéir.	vn.	Se soumettre.	服从	t‘ing ming’.		聽命		391		true	自旧档汇入	2026-04-13T01:27:08+08:00
Obéir.	vn.		服从	zen’ zong.		順從		391		true	自旧档汇入	2026-04-13T01:27:08+08:00
Obéir.	vn.	 -à Dieu.	服从	t‘ing T‘ié ’tsu ming’		聽天主命		391		true	自旧档汇入	2026-04-13T01:27:08+08:00
Obéir.	vn.	 -à ses parents. Cf. Ordre.	服从	t‘ing ya gnang ke’ ming’.		聽爺娘个命		391		true	自旧档汇入	2026-04-13T01:27:08+08:00
Obéissance.	sf.		服从	t‘ing ming’.		聽命		391		true	自旧档汇入	2026-04-13T01:27:08+08:00
Obéissance.	sf.	Esprit d'-.	服从	sin’ woh.		信服		391		true	自旧档汇入	2026-04-13T01:27:08+08:00
Obéissance.	sf.		服从	sen’ tse’.		遜志		391		true	自旧档汇入	2026-04-13T01:27:08+08:00
Obéissance.	sf.	 -d'exécution,de volonté, de jugement (C.).	服从	hang ze’ (ai’ yôh) (ming ngou’) ’li t‘ing ming’.		行事（愛欲）（明悟）裏聽命		391		true	自旧档汇入	2026-04-13T01:27:08+08:00
Obéissance.	sf.	 -vaut mieux que révérence.	服从	kong kieng’ véh zu zong ming’.		恭敬勿如從命		391		true	自旧档汇入	2026-04-13T01:27:08+08:00
Obéissant. 	adj.		听话的	t‘ing ming’ ke’.		聽命个		391		true	自旧档汇入	2026-04-13T01:27:08+08:00
Obéissant. 	adj.		听话的	t‘ing gnen wo’ ke’.		聽人話个		391		true	自旧档汇入	2026-04-13T01:27:08+08:00
Obérer.	(S’). vr. 	S'endetter.	使负债累累	k‘ié’ tsang’.		欠賬		391		true	自旧档汇入	2026-04-13T01:27:08+08:00
Obérer.	(S’). vr. 		使负债累累	k‘ong’ tsa’.		空債		391		true	自旧档汇入	2026-04-13T01:27:08+08:00
Obèse.	adj.		肥胖的	t‘eh p‘aong’.		忒胖		391		true	自旧档汇入	2026-04-13T01:27:08+08:00
Obèse.	adj.		肥胖的	t‘eh tsaong’.		忒壯		391		true	自旧档汇入	2026-04-13T01:27:08+08:00
Objecter.	va.	Reprocher.	提出…来反对	’pié pôh.	’bié pôh.	辯駁		391		true	自旧档汇入	2026-04-13T01:27:08+08:00
Objecter.	va.		提出…来反对	’pié len’.	’bié len’.	辯論		391		true	自旧档汇入	2026-04-13T01:27:08+08:00
Objecter.	va.		提出…来反对	tsah bei’.		責備		391		true	自旧档汇入	2026-04-13T01:27:08+08:00
Objet.	sm.	Un -.	物	méh ze’		物事		391		true	自旧档汇入	2026-04-13T01:27:08+08:00
Objet.	sm.		物	tong si.		東西		391		true	自旧档汇入	2026-04-13T01:27:08+08:00
Objet.	sm.		物	ih yang’ méh ze’.		一樣物事		391		true	自旧档汇入	2026-04-13T01:27:08+08:00
Objet.	sm.	Fig. But.	物	tse’ hiang’.		志向		391		true	自旧档汇入	2026-04-13T01:27:08+08:00
Objurgation.	sf.		怒斥	hiong ke’ tsah bei’.		凶个責備		391		true	自旧档汇入	2026-04-13T01:27:08+08:00
Oblation. 	sf. (C.).		祭献	wong’ hié’ mié’ ’ping.		奉獻麵餅		391		true	自旧档汇入	2026-04-13T01:27:08+08:00
Oblation. 	sf. (C.).		祭献	k‘ai seng’ tsiah.		開聖爵		391		true	自旧档汇入	2026-04-13T01:27:08+08:00
Oblation. 	sf. (C.).	 -s.	祭献	tsi’ hié’ ke’ ’li wéh.		祭獻个禮物		391		true	自旧档汇入	2026-04-13T01:27:08+08:00
Obligation.	sf.		义务	’pen ven’.		本分		391		true	自旧档汇入	2026-04-13T01:27:08+08:00
Obligation.	sf.		义务	kai taong.		該當		391		true	自旧档汇入	2026-04-13T01:27:08+08:00
Obligation.	sf.	Avoir des -s à qqn.	义务	zeng i ke’ zing.		承伊个情		391		true	自旧档汇入	2026-04-13T01:27:08+08:00
Obligation.	sf.	Fête d'-(C.).	义务	bouo’ kong tsé ’li.		罷工瞻禮		391		true	自旧档汇入	2026-04-13T01:27:08+08:00
Obligatoire. 	adj.		义务的	yeng kai ke’		應該个		391		true	自旧档汇入	2026-04-13T01:27:08+08:00
Obligatoire. 	adj.	Inévitable.	义务的	’mié (’sao) véh t‘éh ke’.		免（少）勿脱个		391		true	自旧档汇入	2026-04-13T01:27:08+08:00
Obligeance.	(Ayez l’).sf.		客气	vè lao.		煩勞		391		true	自旧档汇入	2026-04-13T01:27:08+08:00
Obligeance.	(Ayez l’).sf.		客气	vè lao nong’.		煩勞儂		391		true	自旧档汇入	2026-04-13T01:27:08+08:00
Obligeance.	(Ayez l’).sf.		客气	’ts‘ing.		請		391		true	自旧档汇入	2026-04-13T01:27:08+08:00
Obligeance.	(Ayez l’).sf.	C'est trop d'- de votre part.	客气	kou’ yu fi’ sin.		過於費心		391		true	自旧档汇入	2026-04-13T01:27:08+08:00
Obligeance.	(Ayez l’).sf.		客气	t‘eh sa’ vè lao nong’ ’tsé.		忒啥煩勞儂者		391		true	自旧档汇入	2026-04-13T01:27:08+08:00
Obligeant. 	adj.		乐于助人的	tou zing ke’.		多情人		391		true	自旧档汇入	2026-04-13T01:27:08+08:00
Obligeant. 	adj.		乐于助人的	’gneu sin zang ke’.		軟心腸个		391		true	自旧档汇入	2026-04-13T01:27:08+08:00
Obligé. 	adj.	 (Je vous suis bien). 	承担义务的	tou zia’.		多謝		392		true	自旧档汇入	2026-04-13T01:27:08+08:00
Obligé. 	adj.		承担义务的	’ngou ’ké en péh zin’. 		我感恩不盡		392		true	自旧档汇入	2026-04-13T01:27:08+08:00
Obligé. 	adj.		承担义务的	t‘ao zing.		叨情		392		true	自旧档汇入	2026-04-13T01:27:08+08:00
Obligé. 	adj.		承担义务的	i’ véh kou’ teh ghieh.		意勿過得極		392		true	自旧档汇入	2026-04-13T01:27:08+08:00
Obligé. 	adj.	Cf. Obligatoire.		——		——		392	待定	true	自旧档汇入	2026-04-13T01:27:08+08:00
Obliger.	va.	Ordonner. 	使承担义务	kiao’.		叫		392		true	自旧档汇入	2026-04-13T01:27:08+08:00
Obliger.	va.		使承担义务	fen fou.	fen fou’.	吩咐		392		true	自旧档汇入	2026-04-13T01:27:08+08:00
Obliger.	va.		使承担义务	ming’.		命		392		true	自旧档汇入	2026-04-13T01:27:08+08:00
Obliger.	va.	Contraindre. 	使承担义务	’mié ’k‘iang.		勉强		392		true	自旧档汇入	2026-04-13T01:27:08+08:00
Obliger.	va.	Rendre service. 	使承担义务	paong zou’.		帮助		392		true	自旧档汇入	2026-04-13T01:27:08+08:00
Obliger.	va.		使承担义务	siang paong.		相帮		392		true	自旧档汇入	2026-04-13T01:27:08+08:00
Obliger.	S'-à. vr. 	Promettre.	使承担义务	’yun ’hiu. 		允許		392		true	自旧档汇入	2026-04-13T01:27:08+08:00
Oblique.	adj.		倾斜的	wang ke’.		横个		392		true	自旧档汇入	2026-04-13T01:27:08+08:00
Oblique.	adj.		倾斜的	zia ke’ .		斜个		392		true	自旧档汇入	2026-04-13T01:27:08+08:00
Oblique.	adj.		倾斜的	foa ke’.		歪个		392		true	自旧档汇入	2026-04-13T01:27:08+08:00
Oblique.	adj.		倾斜的	wang zia ke’.		横斜个		392		true	自旧档汇入	2026-04-13T01:27:08+08:00
Obscène. 	adj. 		猥亵的	wou wei’ ke’.		污穢个		392		true	自旧档汇入	2026-04-13T01:27:08+08:00
Obscène. 	adj. 		猥亵的	zia yen ke’.		邪洷个		392		true	自旧档汇入	2026-04-13T01:27:08+08:00
Obscène. 	adj. 		猥亵的	véh kiéh zing’ ke’.		勿潔净个		392		true	自旧档汇入	2026-04-13T01:27:08+08:00
Obscène. 	adj. 	Peintures -s.	猥亵的	yen wo’.		淫畫		392		true	自旧档汇入	2026-04-13T01:27:08+08:00
Obscène. 	adj. 		猥亵的	ts‘en kong dou.		春宫圖		392		true	自旧档汇入	2026-04-13T01:27:08+08:00
Obscur. 	adj.		暗的	h‘eh.		黑		392		true	自旧档汇入	2026-04-13T01:27:08+08:00
Obscur. 	adj.		暗的	é’.		暗		392		true	自旧档汇入	2026-04-13T01:27:08+08:00
Obscurcir.	(S’). vr.	Le ciel s’ -t.	使黑暗	t‘ié é’ (h‘eh) tsé.	t‘ié é’ (h‘eh) ’tsé.	天暗（黑）者		392		true	自旧档汇入	2026-04-13T01:27:08+08:00
Obscurité.	sf.	 – Fig.	黑暗	h‘eh é’.		黑暗		392		true	自旧档汇入	2026-04-13T01:27:08+08:00
Obscurité.	sf.		黑暗	é’ dong’ ’li.		暗洞裹		392		true	自旧档汇入	2026-04-13T01:27:08+08:00
Obscurité.	sf.		黑暗	véh ming liang’.		勿明亮		392		true	自旧档汇入	2026-04-13T01:27:08+08:00
Obscurité.	sf.		黑暗	véh ts‘ing ’saong.		勿清爽		392		true	自旧档汇入	2026-04-13T01:27:08+08:00
Obséder.	va.		纠缠	lou sou.		囉唆		392		true	自旧档汇入	2026-04-13T01:27:08+08:00
Obséder.	va.		纠缠	nè wei.		難为		392		true	自旧档汇入	2026-04-13T01:27:08+08:00
Obsèques.	sf. pl. 		葬礼	saong ze’.		喪事		392		true	自旧档汇入	2026-04-13T01:27:08+08:00
Obsèques.	sf. pl. 		葬礼	tsaong’ ’li.		葬禮		392		true	自旧档汇入	2026-04-13T01:27:08+08:00
Obsèques.	sf. pl. 	Faire les -.	葬礼	ts‘éh pin’.		出殯		392		true	自旧档汇入	2026-04-13T01:27:08+08:00
Obsèques.	sf. pl. 		葬礼	song’ saong.		送喪		392		true	自旧档汇入	2026-04-13T01:27:08+08:00
Obséquieux.	adj. 		卑躬屈膝的	t‘eh tou zing.		忒多情		392		true	自旧档汇入	2026-04-13T01:27:08+08:00
Obséquieux.	adj. 		卑躬屈膝的	t‘eh kah k‘i’.		忒客氣		392		true	自旧档汇入	2026-04-13T01:27:08+08:00
Obséquieux.	adj. 		卑躬屈膝的	t‘eh yao’ ’h‘ao.		忒要好		392		true	自旧档汇入	2026-04-13T01:27:08+08:00
Obséquieux.	adj. 	Sycophante -.	卑躬屈膝的	h‘ouo deû h‘ouo ’nao.		花頭花腦		392		true	自旧档汇入	2026-04-13T01:27:08+08:00
Observation. 	sf. 	Avis. 	遵守	ting tsôh.		叮囑		392		true	自旧档汇入	2026-04-13T01:27:08+08:00
Observation. 	sf. 	 - physique.	遵守	kié’ ven.		見聞		392		true	自旧档汇入	2026-04-13T01:27:08+08:00
Observatoire. 	sm.		天文台	t‘ié wen (k‘eu’ sing) dai.		天文（看星）臺		392		true	自旧档汇入	2026-04-13T01:27:08+08:00
Observer.	va. 		观察	k‘eu’.		看		392		true	自旧档汇入	2026-04-13T01:27:08+08:00
Observer.	va. 		观察	k‘eu’ k‘eu’ .		看看		392		true	自旧档汇入	2026-04-13T01:27:08+08:00
Observer.	va. 	 - les astres.	观察	keu’ sing sieû’.		看星宿		392		true	自旧档汇入	2026-04-13T01:27:08+08:00
Observer.	va. 	 - la conduite de qqu. 	观察	ts‘èh ts‘èh i.		察察伊		392		true	自旧档汇入	2026-04-13T01:27:08+08:00
Observer.	va. 		观察	lieû sin i.		留心伊		392		true	自旧档汇入	2026-04-13T01:27:08+08:00
Observer.	va. 	 Garder.	观察	’seû.		守		392		true	自旧档汇入	2026-04-13T01:27:08+08:00
Observer.	va. 	 -le Décalogue. 	观察	’seû zéh kia’.		守十诫		392		true	自旧档汇入	2026-04-13T01:27:08+08:00
Observer.	va. 	Remarquer. 	观察	k‘eu’ ts‘éh lai.		看出來		392		true	自旧档汇入	2026-04-13T01:27:08+08:00
Observer.	va. 	Examiner. 	观察	’k‘ao kiao’.		考較		392		true	自旧档汇入	2026-04-13T01:27:08+08:00
Observer.	va. 		观察	kiao’ tei’.		較對		392		true	自旧档汇入	2026-04-13T01:27:08+08:00
Observer.	 S'-. vr. 	S'- partout.	观察	hang.		行		392		true	自旧档汇入	2026-04-13T01:27:08+08:00
Observer.	 S'-. vr. 		观察	t‘ong hang.		通行		392		true	自旧档汇入	2026-04-13T01:27:08+08:00
Observer.	 S'-. vr. 	Cet usage ne s’observe plus.	观察	véh hang ’la ’tsé.		勿行拉者		392		true	自旧档汇入	2026-04-13T01:27:08+08:00
Obstacle.	sm. 		障碍（物）	’tsou ’taong.		阻擋		392		true	自旧档汇入	2026-04-13T01:27:08+08:00
Obstacle.	sm. 		障碍（物）	faong ngai’.		妨礙		392		true	自旧档汇入	2026-04-13T01:27:08+08:00
Obstacle.	sm. 		障碍（物）	koè ngai’.		關礙		392		true	自旧档汇入	2026-04-13T01:27:08+08:00
Obstacle.	sm. 	 Il n'y a pas d'-.	障碍（物）	véh ngai’ sa’. 		勿礙啥		392		true	自旧档汇入	2026-04-13T01:27:08+08:00
Obstacle.	sm. 		障碍（物）	véh ngai’ ze’. 		勿礙事		392		true	自旧档汇入	2026-04-13T01:27:08+08:00
Obstacle.	sm. 		障碍（物）	m faong. 		無妨	嘸妨	392		true	自旧档汇入	2026-04-13T01:27:08+08:00
Obstiné. 	adj.		固执的	k‘ieuh ghiang.	ghieuh ghiang.	倔强		392		true	自旧档汇入	2026-04-13T01:27:08+08:00
Obstiné. 	adj.		固执的	tséh sèh fèh.		執殺法		392		true	自旧档汇入	2026-04-13T01:27:08+08:00
Obstiné. 	adj.		固执的	kou’ tséh.		固執		392		true	自旧档汇入	2026-04-13T01:27:08+08:00
Obstiner 	vr.	 (S') dens ses idées.	固执	kou’ tséh ze’ ka ke’ i’ se.		固執自家个煮思		393		true	自旧档汇入	2026-04-13T01:27:08+08:00
Obstrué. 	pp. 		阻塞的	véh t‘ong.		勿通		393		true	自旧档汇入	2026-04-13T01:27:08+08:00
Obstruer.	va. 	Boucher.	阻塞	seh zu’.		塞住		393		true	自旧档汇入	2026-04-13T01:27:08+08:00
Obstruer.	va. 	Encombrer.	阻塞	’taong zu’ .		擋住		393		true	自旧档汇入	2026-04-13T01:27:08+08:00
Obstruer.	va. 	 -une rue.	阻塞	ghèh ’deu lou’.		[扌劼]斷路		393		true	自旧档汇入	2026-04-13T01:27:08+08:00
Obstruer.	va. 	 -le canal.	阻塞	wou(kaong) ghèh ’deu.		河（江）[扌劼]斷		393		true	自旧档汇入	2026-04-13T01:27:08+08:00
Obtempérer.	vn.		服从	zong ming’.		從命		393		true	自旧档汇入	2026-04-13T01:27:08+08:00
Obtempérer.	vn.		服从	t‘ing ming’.		聽命		393		true	自旧档汇入	2026-04-13T01:27:08+08:00
Obtenir.	va.		获得	teh zah.		得着		393		true	自旧档汇入	2026-04-13T01:27:08+08:00
Obtenir.	va.		获得	’ts‘u.		取		393		true	自旧档汇入	2026-04-13T01:27:08+08:00
Obtenir.	va.		获得	tao’ ’seû.		到手		393		true	自旧档汇入	2026-04-13T01:27:08+08:00
Obtus.	(Angle). adj.		迟钝的	den’ koh.		鈍角		393		true	自旧档汇入	2026-04-13T01:27:08+08:00
Obtus.	(Angle). adj.	Fig. Esprit-.	迟钝的	gnu ’ts‘en.		愚蠢		393		true	自旧档汇入	2026-04-13T01:27:08+08:00
Obtus.	(Angle). adj.		迟钝的	’ts‘en ben’.		蠢笨		393		true	自旧档汇入	2026-04-13T01:27:08+08:00
Obtus.	(Angle). adj.		迟钝的	ngai ben’.		呆笨		393		true	自旧档汇入	2026-04-13T01:27:08+08:00
Obus. 	sm.		炮弹	k‘ai h‘ouo dè.		開花彈		393		true	自旧档汇入	2026-04-13T01:27:08+08:00
Obusier. 	sm.		榴弹炮	kong zeng p‘ao’.		攻城炮		393		true	自旧档汇入	2026-04-13T01:27:08+08:00
Obvier. 	vu.		预防	baong bei ’.		防備		393		true	自旧档汇入	2026-04-13T01:27:08+08:00
Occasion. 	sf.		机会	ze heû’.		時候		393		true	自旧档汇入	2026-04-13T01:27:08+08:00
Occasion. 	sf.		机会	koang ’kieng.		光景		393		true	自旧档汇入	2026-04-13T01:27:08+08:00
Occasion. 	sf.		机会	ki wei’.		機會		393		true	自旧档汇入	2026-04-13T01:27:08+08:00
Occasion. 	sf.	Une bonne-	机会	’h‘ao ki wei ’.		好機會		393		true	自旧档汇入	2026-04-13T01:27:08+08:00
Occasion. 	sf.	Marchandises d’-. Cf. Rebut.	机会	’k‘iao fou’.		巧货		393		true	自旧档汇入	2026-04-13T01:27:08+08:00
Occasion. 	sf.	Profiter de l'-.	机会	ts‘en’ bié’.		趁便		393		true	自旧档汇入	2026-04-13T01:27:08+08:00
Occasion. 	sf.		机会	ts‘en’ zah ki wei’.		趁着機會		393		true	自旧档汇入	2026-04-13T01:27:08+08:00
Occasion. 	sf.	Par la même-.	机会	zen’ bié’.		順便		393		true	自旧档汇入	2026-04-13T01:27:08+08:00
Occasion. 	sf.		机会	ts‘en’ ta’ bié’.		趁帶便		393		true	自旧档汇入	2026-04-13T01:27:08+08:00
Occasion. 	sf.	Négliger l'-.	机会	ts‘ouo’ kou’ ki wei’.		錯過機會		393	待定	true	自旧档汇入	2026-04-13T01:27:08+08:00
Occasion. 	sf.	Fuite des -s de péché.	机会	bi’ k‘ai ’vè zu’ ke’ ki wei’.		避開犯罪个機會		393		true	自旧档汇入	2026-04-13T01:27:08+08:00
Occasionner.	va.		造成	kiao’.		叫		393		true	自旧档汇入	2026-04-13T01:27:08+08:00
Occasionner.	va.		造成	ta’ lei’.		帶累		393		true	自旧档汇入	2026-04-13T01:27:08+08:00
Occident.	sm.		西方	si.		西		393		true	自旧档汇入	2026-04-13T01:27:08+08:00
Occident.	sm.		西方	si t‘ié.		西天		393		true	自旧档汇入	2026-04-13T01:27:08+08:00
Occident.	sm.		西方	si faong.		西方		393		true	自旧档汇入	2026-04-13T01:27:08+08:00
Occident.	sm.		西方	si pié.		西邊		393		true	自旧档汇入	2026-04-13T01:27:08+08:00
Occiput. 	sm.		[拉][解]枕(骨)部	deû ’tsen koéh.		頭枕骨		393		true	自旧档汇入	2026-04-13T01:27:08+08:00
Occulte. 	adj.		神秘的	t‘eû yen gnèh bé’.		偷陰捏[半辶]		393		true	自旧档汇入	2026-04-13T01:27:08+08:00
Occulte. 	adj.		神秘的	se ’ti ’hao.		私底下		393		true	自旧档汇入	2026-04-13T01:27:08+08:00
Occulte. 	adj.		神秘的	é’ é’ ’li.		暗暗裏		393		true	自旧档汇入	2026-04-13T01:27:08+08:00
Occulte. 	adj.	Sciences -s.	神秘的	zia fèh.		邪法		393		true	自旧档汇入	2026-04-13T01:27:08+08:00
Occupation.	sf.	Emploi.	事情	’pen ven’.		本分		393		true	自旧档汇入	2026-04-13T01:27:08+08:00
Occupation.	sf.		事情	kong fou.		工夫		393		true	自旧档汇入	2026-04-13T01:27:08+08:00
Occupation.	sf.	Quelles sont vos -s?	事情	nong’ tsou’ sa’? 		儂做啥?		393		true	自旧档汇入	2026-04-13T01:27:08+08:00
Occupation.	sf.		事情	koei’ keu’?		貴幹		393		true	自旧档汇入	2026-04-13T01:27:08+08:00
Occupant.	(Au ler). sm.		占有的	sa’ gnen sié tao’ ’seû sié zah zéh ke’ .		啥人先到手先着實个		393		true	自旧档汇入	2026-04-13T01:27:08+08:00
Occupé. 	adj.		忙的	’yeû ze’ ’t‘i.		有事體		393		true	自旧档汇入	2026-04-13T01:27:08+08:00
Occupé. 	adj.		忙的	m kong fou.		無工夫	嘸工夫	393		true	自旧档汇入	2026-04-13T01:27:08+08:00
Occupé. 	adj.	Très -.	忙的	maong lai ’si.		忙來死		393		true	自旧档汇入	2026-04-13T01:27:08+08:00
Occupé. 	adj.		忙的	maong lôh teû teû.		忙碌兜兜		393	待定	true	自旧档汇入	2026-04-13T01:27:08+08:00
Occupé. 	adj.		忙的	maong lai véh kou’ deû.		忙來勿過頭		393		true	自旧档汇入	2026-04-13T01:27:08+08:00
Occupé. 	adj.		忙的	maong t‘eû’.		忙透		393		true	自旧档汇入	2026-04-13T01:27:08+08:00
Occupé. 	adj.	Ne pouvoir faire un pas.	被占用的	véh neng ’tsé kiah.		勿能轉脚		393		true	自旧档汇入	2026-04-13T01:27:08+08:00
Occupé. 	adj.	[Chose]-e. 	被占用的	’yeû ’tsu ’la ’tsé.		有主拉者		393		true	自旧档汇入	2026-04-13T01:27:08+08:00
Occupé. 	adj.	[Maison]-e.	被占用的	’yeû gnen teng ke’.		有人登个		393		true	自旧档汇入	2026-04-13T01:27:08+08:00
Occuper. 	va.	Employer.	占据	yong’.		用		393		true	自旧档汇入	2026-04-13T01:27:08+08:00
Occuper. 	va.		占据	’la yong’. 		拉用		393		true	自旧档汇入	2026-04-13T01:27:08+08:00
Occuper. 	va.	Habiter.	占据	zu’ ’la.		住拉		393		true	自旧档汇入	2026-04-13T01:27:08+08:00
Occuper. 	vr. 	S'- de. 	占据	’koé.		管		393		true	自旧档汇入	2026-04-13T01:27:08+08:00
Occuper. 	vr. 	S’- à.	占据	tsé men.		專門		393		true	自旧档汇入	2026-04-13T01:27:08+08:00
Occuper. 	vr. 	Je ne m'occupe pas de tout cela.	占据	’ngou véh lai ’koé kou’ ’tsong neng ke’ ze’ ’t‘i.		我勿來管箇種能个事體		394		true	自旧档汇入	2026-04-13T01:27:08+08:00
Occurrence.	sf.	(En cette). 	情况	bang zah zéh kai’ neng koang ’kieng.	bang’ zah zéh kai’ neng koang ’kieng.	碰着實盖能光景		394	鄰近錯誤	true	自旧档汇入	2026-04-13T01:27:08+08:00
Occurrence.	sf.		情况	bang zah di’ ke’ koang kieng’.	bang’ zah di’ ke’ koang ’kieng.	碰着第个光景		394		true	自旧档汇入	2026-04-13T01:27:08+08:00
Océan.	sm.		海	dou’ ’h‘ai.		大海		394		true	自旧档汇入	2026-04-13T01:27:08+08:00
Océan.	sm.		海	da’ yang.		大洋		394		true	自旧档汇入	2026-04-13T01:27:08+08:00
Océan.	sm.	L'-pacifique.	海	t‘a’ bing yang. 		太平洋		394		true	自旧档汇入	2026-04-13T01:27:08+08:00
Océan.	sm.	L'- atlantique. 	海	dou’ si yang.		大西洋		394		true	自旧档汇入	2026-04-13T01:27:08+08:00
Océan.	sm.	L’- indien.	海	yen’-dou’ yang.		印度洋		394		true	自旧档汇入	2026-04-13T01:27:08+08:00
Océan.	sm.	L'- glacial arctique.	海	pôh ping yang.		北冰洋		394		true	自旧档汇入	2026-04-13T01:27:08+08:00
Océan.	sm.	L’- antarctique.	海	né ping yang.		南冰洋		394		true	自旧档汇入	2026-04-13T01:27:08+08:00
Océanie.	sf.		大洋洲	’ao-seh-’ya-gni-’ya.	ao’-seh-’ya-gni-’ya.	澳塞亞尼亞		394		true	自旧档汇入	2026-04-13T01:27:08+08:00
Octave.	sf. 	Fête ayant une -.	【宗教】八日庆期的最后一日	pèh gnéh tsé ’li.		八日瞻禮		394		true	自旧档汇入	2026-04-13T01:27:08+08:00
Octave.	sf. 	Le jour de l'-(C.).	【宗教】八日庆期的最后一日	tsé ’li heû’ di’ pèh gnéh.		瞻禮後第八日		394		true	自旧档汇入	2026-04-13T01:27:08+08:00
Octobre.	sm.		十月	si yang zéh gneuh.		西洋十月		394		true	自旧档汇入	2026-04-13T01:27:08+08:00
Octobre.	sm.	Vers le 8-.	十一月	h‘eu lou’.	heu lou’.	寒露		394		true	自旧档汇入	2026-04-13T01:27:08+08:00
Octobre.	sm.	Vers le 26-	腊月	saong kiang’.		霜降		394	待定	true	自旧档汇入	2026-04-13T01:27:08+08:00
Octogénaire.	s. et adj.		八十岁的(人)	pèh séh su’ ’tsé.		八十歲者		394		true	自旧档汇入	2026-04-13T01:27:08+08:00
Octogone.	adj.		八角的	pèh koh ke’.		八角个		394		true	自旧档汇入	2026-04-13T01:27:08+08:00
Octroi.	sm.		入市税	zeng men su’		城門税		394		true	自旧档汇入	2026-04-13T01:27:08+08:00
Octroyer.	va.		给与	’hiu.		許		394		true	自旧档汇入	2026-04-13T01:27:08+08:00
Octroyer.	va.		给与	’yun ’hiu.		允許		394		true	自旧档汇入	2026-04-13T01:27:08+08:00
Octroyer.	va.		给与	’saong se’.		賞賜		394		true	自旧档汇入	2026-04-13T01:27:08+08:00
Octuple. 	adj.		八倍的	dou’ (tou) pèh bei’.		大（多）八倍		394		true	自旧档汇入	2026-04-13T01:27:08+08:00
Oculaire.	adj.	(Témoin).	亲眼看到的,	ts‘in ’ngè ke’ kié’ tseng’.		亲眼个見証		394		true	自旧档汇入	2026-04-13T01:27:08+08:00
Oculiste. 	sm.		眼科	kié’ gnen.		見人		394		true	自旧档汇入	2026-04-13T01:27:08+08:00
Ode.	sf. 	Une -.	颂诗	’ngè k‘ou sié sang.		眼科先生		394		true	自旧档汇入	2026-04-13T01:27:08+08:00
Odeur.	sf. 	Bonne -.	气味	ih ’seû se.		一首诗		394		true	自旧档汇入	2026-04-13T01:27:08+08:00
Odeur.	sf. 		气味	k‘i’ mi’.		氣味		394		true	自旧档汇入	2026-04-13T01:27:08+08:00
Odeur.	sf. 		气味	hiang mi’.		香味		394		true	自旧档汇入	2026-04-13T01:27:08+08:00
Odeur.	sf. 		气味	hiang k‘i’.		香氣		394		true	自旧档汇入	2026-04-13T01:27:08+08:00
Odieux. 	adj.		可憎的	‘k‘o ou’ ke’.		可恶个		394		true	自旧档汇入	2026-04-13T01:27:08+08:00
Odieux. 	adj.		可憎的	’k‘o hen’ ke’.		可恨个		394		true	自旧档汇入	2026-04-13T01:27:08+08:00
Odorant.	adj.	Odoriférant.	有气味的	hiang ke’.		香个		394		true	自旧档汇入	2026-04-13T01:27:08+08:00
Odorant.	adj.		有气味的	hieng hiang ke’.		馨香个		394		true	自旧档汇入	2026-04-13T01:27:08+08:00
Odorat.	sm.		嗅觉	bieh koé (se).		鼻官（司）		394		true	自旧档汇入	2026-04-13T01:27:08+08:00
Oecouménique.	adj.	(Concile). 	合一	seng’ kiao’ kong wei’ gni’.		聖教公會議		394		true	自旧档汇入	2026-04-13T01:27:08+08:00
OEil. 	sm.		眼睛	’ngè tsing.		眼睛		394		true	自旧档汇入	2026-04-13T01:27:08+08:00
OEil. 	sm.		眼睛	’ngè moh [ih tsah].		眼目[一隻]		394		true	自旧档汇入	2026-04-13T01:27:08+08:00
OEil. 	sm.	Coin de l'-.	眼睛	’ngè koh (sao). 		眼角（梢）		394		true	自旧档汇入	2026-04-13T01:27:08+08:00
OEil. 	sm.	Yeux de travers.	眼睛	wang ts‘éh ’tié ’ngè tsing.		横出点眼睛		394		true	自旧档汇入	2026-04-13T01:27:08+08:00
OEil. 	sm.	Yeux de travers.	眼睛	’ngè tsing wang zah.		眼睛横着		394		true	自旧档汇入	2026-04-13T01:27:08+08:00
OEil. 	sm.	Yeux de travers.	眼睛	koh ze’ ’tié.		角是點		394		true	自旧档汇入	2026-04-13T01:27:08+08:00
OEil. 	sm.	Yeux de travers.	眼睛	zia k‘eu’.		斜看		394		true	自旧档汇入	2026-04-13T01:27:08+08:00
OEil. 	sm.	Devant les yeux.	眼睛	’ngè zié.		眼前		394		true	自旧档汇入	2026-04-13T01:27:08+08:00
OEil. 	sm.	Ne pouvoir fermer l'- de la nuit.	眼睛	ih ya’ fè lai lôh k‘i’ k‘oen’ véh k‘i’.		一夜翻來碌去睏勿去		394		true	自旧档汇入	2026-04-13T01:27:08+08:00
OEil. 	sm.	Coup d'-. 	眼睛	ih maong’.		一望		394		true	自旧档汇入	2026-04-13T01:27:08+08:00
OEil. 	sm.	Coup d'-. 	眼睛	ih k‘eu’.		一看		394		true	自旧档汇入	2026-04-13T01:27:08+08:00
OEil. 	sm.	Jeter un coup d'-.	眼睛	’ngè tsing ih tieû(maong’).		眼睛一丢（望）		395		true	自旧档汇入	2026-04-13T01:27:08+08:00
OEil. 	sm.	Voir au 1er coup d'-.	眼睛	ih k‘eu’ zieû’ ’hiao teh.		一看就曉得		395		true	自旧档汇入	2026-04-13T01:27:08+08:00
OEil. 	sm.		眼睛	ih moh liao zé. 		一目了然		395		true	自旧档汇入	2026-04-13T01:27:08+08:00
OEil. 	sm.	J'ai vu, de mes yeux vu.	眼睛	’ngou ts‘in’ ngè tsing k‘eu’ kié’		我亲眼睛看见		395		true	自旧档汇入	2026-04-13T01:27:08+08:00
OEil. 	sm.	Fig. Avoir du coup d'-.	眼睛	’yeû ’ngè lih,		有眼力		395		true	自旧档汇入	2026-04-13T01:27:08+08:00
OEil. 	sm.		眼睛	’ngè lih ’hao.		眼力好		395		true	自旧档汇入	2026-04-13T01:27:08+08:00
OEil. 	sm.	Jeter un coup d'- de convoitise.	眼睛	’ngè hong (gnéh).		眼紅（熱）		395		true	自旧档汇入	2026-04-13T01:27:08+08:00
OEil. 	sm.	-de lynx.	眼睛	’ngè tsing tsié.		眼睛尖		395		true	自旧档汇入	2026-04-13T01:27:08+08:00
OEil. 	sm.	Faire de gros yeux	眼睛	’ngè tsing bah ’lao bah.		眼晴白咾白		395		true	自旧档汇入	2026-04-13T01:27:08+08:00
OEil. 	sm.		眼睛	’ngè tsing dè ts‘éh ’tié.		眼睛彈出點		395		true	自旧档汇入	2026-04-13T01:27:08+08:00
OEil. 	sm.	Voir de mauvais -.	眼睛	k‘eu’ véh zaong’ ’ngè.		看勿上眼		395		true	自旧档汇入	2026-04-13T01:27:08+08:00
OEil. 	sm.		眼睛	k‘eu’ véh tsong’.		看勿中		395		true	自旧档汇入	2026-04-13T01:27:08+08:00
OEil. 	sm.	Fig. Avoir les yeux fermés.	眼睛	’ngè tsing pi’ ’la.		眼睛閉拉		395		true	自旧档汇入	2026-04-13T01:27:08+08:00
OEil. 	sm.	Ouvrir les yeux.	眼睛	’ngè tsing tsang k‘ai ’la (k‘ai k‘ai lai).		眼睛張開拉（開開來）		395		true	自旧档汇入	2026-04-13T01:27:08+08:00
OEil. 	sm.	Avoir l'-d'un connaisseur.	眼睛	seh fou’.		識貨		395		true	自旧档汇入	2026-04-13T01:27:08+08:00
OEil. 	sm.		眼睛	’ngè lih kao.		眼力高		395		true	自旧档汇入	2026-04-13T01:27:08+08:00
OEil. 	sm.	Être tout yeux.	眼睛	zah ts‘éh tse ’ngè tsing maong’ ’la		着出之眼睛望拉		395	待定	true	自旧档汇入	2026-04-13T01:27:08+08:00
Œil-de-boeuf.	sm.		眼洞窗	yeu ts‘aong.		圓窗		395		true	自旧档汇入	2026-04-13T01:27:08+08:00
Œillet. 	sm.		扣眼	tsôh deû h‘ouo [ih ’tou].		竹頭花[一朵]		395		true	自旧档汇入	2026-04-13T01:27:08+08:00
Œsophage. 	sm.		食道	hou ’koé	wou ’koé	喉管		395		true	自旧档汇入	2026-04-13T01:27:08+08:00
Œsophage. 	sm.		食道	zeh ’koé.		食管				true	自旧档汇入	2026-04-13T01:27:08+08:00
Œuf.	sm. 	 - de poule.	蛋	dè’ [ih ke’]		蛋[一个]		395		true	自旧档汇入	2026-04-13T01:27:08+08:00
Œuf.	sm. 		蛋	’tse.		子		395		true	自旧档汇入	2026-04-13T01:27:08+08:00
Œuf.	sm. 		蛋	ki dè’.		鷄蛋		395		true	自旧档汇入	2026-04-13T01:27:08+08:00
Œuf.	sm. 	Blanc d'-.	蛋	dè’ bah		蛋白		395		true	自旧档汇入	2026-04-13T01:27:08+08:00
Œuf.	sm. 	Jaune d'-.	蛋	dè’ waong.		蛋黄		395	待定	true	自旧档汇入	2026-04-13T01:27:08+08:00
Œuf.	sm. 	 - de cane conservé ds la chaux.	蛋	bi dè’.		皮蛋		395		true	自旧档汇入	2026-04-13T01:27:08+08:00
Œuf.	sm. 	 -au miroir. 	蛋	hong ki dè’.	h‘ong ki dè’.	烘鷄蛋		395		true	自旧档汇入	2026-04-13T01:27:08+08:00
Œuf.	sm. 	 - au bain-marie.	蛋	t‘en’ ki dè’.	ten’ ki dè’.	炖鷄蛋		395		true	自旧档汇入	2026-04-13T01:27:08+08:00
Œuf.	sm. 	 - en fricassée.	蛋	’ts‘ao ki dè’.		炒鷄蛋		395		true	自旧档汇入	2026-04-13T01:27:08+08:00
Œuf.	sm. 	 -poché.	蛋	wou pao dè’.		荷包蛋		395		true	自旧档汇入	2026-04-13T01:27:08+08:00
Œuf.	sm. 	 - à la coque.	蛋	p‘ao’ ki dè’.		泡鷄蛋		395		true	自旧档汇入	2026-04-13T01:27:08+08:00
Œuf.	sm. 	 -dur.	蛋	zôh dè’.		熟蛋		395		true	自旧档汇入	2026-04-13T01:27:08+08:00
Œuvre. 	sf. 	Bonne -.	工作	ze’ ’t‘i.		事體		395		true	自旧档汇入	2026-04-13T01:27:08+08:00
Œuvre. 	sf. 		工作	kong fou.		工夫		395		true	自旧档汇入	2026-04-13T01:27:08+08:00
Œuvre. 	sf. 		工作	zé’ kong.		善工		395		true	自旧档汇入	2026-04-13T01:27:08+08:00
Œuvre. 	sf. 	Faire de bonnes -s.	工作	hang ’h‘ao.		行好		395		true	自旧档汇入	2026-04-13T01:27:08+08:00
Œuvre. 	sf. 		工作	tsou’ ’h‘ao ze’.		做好事		395		true	自旧档汇入	2026-04-13T01:27:08+08:00
Œuvre. 	sf. 		工作	tsou’ ’h‘ao kong fou.		做好工夫		395		true	自旧档汇入	2026-04-13T01:27:08+08:00
Œuvre. 	sf. 	Rendre à chacun selon ses -s.	工作	’saong zé’ vèh oh.		賞善罰惡		395		true	自旧档汇入	2026-04-13T01:27:08+08:00
Œuvre. 	sf. 		工作	zé’ ’yeû zé’ pao’ .		善有善報		395		true	自旧档汇入	2026-04-13T01:27:08+08:00
Œuvre. 	sf. 		工作	oh ’yeû oh pao’.		惡有惡報		395		true	自旧档汇入	2026-04-13T01:27:08+08:00
Œuvre. 	sf. 	Se mettre à l'-	工作	dong’ (k‘ai) ’seû (kong).		動（開）手（工）		395		true	自旧档汇入	2026-04-13T01:27:08+08:00
Œuvre. 	sf. 	A I'- on connait l'artisan.	工作	kié’ ghi kong seh ghi neng.		見其工識其能		395		true	自旧档汇入	2026-04-13T01:27:08+08:00
Offense.	sf.		触犯	zu’ kou’.		罪過		395		true	自旧档汇入	2026-04-13T01:27:08+08:00
Offense.	sf.		触犯	kou’ séh.		過失		395		true	自旧档汇入	2026-04-13T01:27:08+08:00
Offenser.	va.	Dieu.	触犯	’vè zu’.		犯罪		395		true	自旧档汇入	2026-04-13T01:27:08+08:00
Offenser.	va.		触犯	teh zu’ T‘ié ’tsu.		得罪天主		395		true	自旧档汇入	2026-04-13T01:27:08+08:00
Offenser.	va.	- qqn. Offusquer.	触犯	teh zu’.		得罪		395		true	自旧档汇入	2026-04-13T01:27:08+08:00
Offenser.	va.		触犯	mao’ ’vè.		冒犯		395		true	自旧档汇入	2026-04-13T01:27:08+08:00
Offenser.	va.		触犯	keu ’vè.		干犯		395		true	自旧档汇入	2026-04-13T01:27:08+08:00
Offenser.	va.		触犯	ts‘ong zaong’.		衝撞		395		true	自旧档汇入	2026-04-13T01:27:08+08:00
Offenser.	vr.	S'-. 	触犯	kié’ k‘i’. 		見氣		395		true	自旧档汇入	2026-04-13T01:27:08+08:00
Offenser.	vr.	Ne vous offensez pas.	触犯	véh yao’ kié’ koa’.		勿要見怪		396		true	自旧档汇入	2026-04-13T01:27:08+08:00
Offertoire.	sm.	(C.).	[宗]奉献祭品礼	wong’ hié’ tsi’ ’ping (seng’ tsiah)		奉獻祭餅（聖爵）		396		true	自旧档汇入	2026-04-13T01:27:08+08:00
Office. 	sm. 	Charge.	职务	’pen ven’.		本分		396		true	自旧档汇入	2026-04-13T01:27:08+08:00
Office. 	sm. 		职务	tseh se.		職司		396		true	自旧档汇入	2026-04-13T01:27:08+08:00
Office. 	sm. 	Rendre de bons -s.	职务	siang paong.		相帮		396		true	自旧档汇入	2026-04-13T01:27:08+08:00
Office. 	sm. 		职务	paong zou’.		帮助		396		true	自旧档汇入	2026-04-13T01:27:08+08:00
Office. 	sm. 	- divin. Le réciter.	日课	gnéh k‘ou’.		日課		396		true	自旧档汇入	2026-04-13T01:27:08+08:00
Office. 	sm. 		日课	gnè’ gnéh k‘ou’.		念日課		396		true	自旧档汇入	2026-04-13T01:27:08+08:00
Office. 	sm. 	- de la Ste Vierge.	日课	seng’ ’mou ’siao gnéh k‘ou’.		聖母小日課		396		true	自旧档汇入	2026-04-13T01:27:08+08:00
Office. 	sm. 	- des morts.	日课	’i waong gnéh k‘ou’.		已亡日課		396		true	自旧档汇入	2026-04-13T01:27:08+08:00
Officiel.		Prix-.	官方的	taong koé ke’ .		當官个		396		true	自旧档汇入	2026-04-13T01:27:08+08:00
Officiel.		Pied-.	官方的	koé ka’.		官价		396		true	自旧档汇入	2026-04-13T01:27:08+08:00
Officiel.			官方的	koé ts‘ah.		官尺		396		true	自旧档汇入	2026-04-13T01:27:08+08:00
Officiel.		Position-le.	官方的	tseh zen.		職任		396		true	自旧档汇入	2026-04-13T01:27:08+08:00
Officiel.			官方的	koé tsiah.		官爵		396		true	自旧档汇入	2026-04-13T01:27:08+08:00
Officiel.		Emploi-.	官方的	ts‘a ’se.		差使		396		true	自旧档汇入	2026-04-13T01:27:08+08:00
Officiel.		Affaire -le.	官方的	kong ze’.		公事		396		true	自旧档汇入	2026-04-13T01:27:08+08:00
Officiellement. 	adv.		官方地	taong kong ze’ ke’ neng.		當公事个能		396		true	自旧档汇入	2026-04-13T01:27:08+08:00
Officier.	sm.	 -s.sm.pl.	官员	’wou koé.		武官		396		true	自旧档汇入	2026-04-13T01:27:08+08:00
Officier.	sm.		官员	ping deû.		兵頭		396		true	自旧档汇入	2026-04-13T01:27:08+08:00
Officier.	sm.		官员	koé yeu.        		官員		396		true	自旧档汇入	2026-04-13T01:27:08+08:00
Officier.	sm.	- de marine.	官员	’se se ping deû.		水師兵頭		396		true	自旧档汇入	2026-04-13T01:27:08+08:00
Officier.	sm.	- de l'armée de terre.	官员	lôh se ping deû.		陸師兵頭		396		true	自旧档汇入	2026-04-13T01:27:08+08:00
Officier.	sm.	- de police. ,, ,, rurale.	官员	bou’ t‘ing.		捕廳		396		true	自旧档汇入	2026-04-13T01:27:08+08:00
Officier.	sm.		官员	’pao tseng’.		保正		396		true	自旧档汇入	2026-04-13T01:27:08+08:00
Officier.	sm.		官员	di’ ‘pao.		地保		396		true	自旧档汇入	2026-04-13T01:27:08+08:00
Officicusement. 	adv.		非正式地	se ’hao ’ti.		私下底		396		true	自旧档汇入	2026-04-13T01:27:08+08:00
Officieux. 	adj. 	obligeant.	殷勤的	tou zing ven’ ke’.		多情分个		396		true	自旧档汇入	2026-04-13T01:27:08+08:00
Officieux. 	adj. 		殷勤的	’yeû zing mié’ ke’.		有情面个		396		true	自旧档汇入	2026-04-13T01:27:08+08:00
Officieux. 	adj. 	Non officiel.	殷勤的	se ’ti ’hao ke’.		私底下个		396		true	自旧档汇入	2026-04-13T01:27:08+08:00
Officieux. 	adj. 		殷勤的	se ke’.		私个		396		true	自旧档汇入	2026-04-13T01:27:08+08:00
Offrande.	sf.	Présenter des -s.	祭品	kong’ hié’.		供獻		396		true	自旧档汇入	2026-04-13T01:27:08+08:00
Offrande.	sf.		祭品	wong’ hié’.		奉獻		396		true	自旧档汇入	2026-04-13T01:27:08+08:00
Offrir. 	va.		赠献	song’.		送		396		true	自旧档汇入	2026-04-13T01:27:08+08:00
Offrir. 	va.		赠献	song’ péh.		送撥		396		true	自旧档汇入	2026-04-13T01:27:08+08:00
Offrir. 	va.		赠献	hié’.		獻		396		true	自旧档汇入	2026-04-13T01:27:08+08:00
Offrir. 	va.	- en sacrifice.	赠献	tsi’.		祭		396		true	自旧档汇入	2026-04-13T01:27:08+08:00
Offrir. 	va.		赠献	tsi’ hié’.		祭獻		396		true	自旧档汇入	2026-04-13T01:27:08+08:00
Offrir. 	va.	-du riz aux ancêtres. (Pa.)	[宗]奉献	sao (’pa) kang vè’.		燒（擺）更飯		396		true	自旧档汇入	2026-04-13T01:27:08+08:00
Offusquer	va.	qqn. 	惹人讨厌	’za yé’.		惹厭		396		true	自旧档汇入	2026-04-13T01:27:08+08:00
Offusquer	va.		惹人讨厌	teh zu’.		得罪		396		true	自旧档汇入	2026-04-13T01:27:08+08:00
Ogre.	sm.	Fig. Méchant.	吃人妖魔	hiong zen.		凶神		396		true	自旧档汇入	2026-04-13T01:27:08+08:00
Ogre.	sm.		吃人妖魔	oh gnen.		惡人		396		true	自旧档汇入	2026-04-13T01:27:08+08:00
Ogre.	sm.	Glouton.	吃人妖魔	t‘é t‘ao.		貪饕		396		true	自旧档汇入	2026-04-13T01:27:08+08:00
Oie. 	sf. 	 - domestique.	鹅	ngou [ih tsah].		鹅[一隻]		396		true	自旧档汇入	2026-04-13T01:27:08+08:00
Oie. 	sf. 		鹅	ka ngou.		家鵝		396		true	自旧档汇入	2026-04-13T01:27:08+08:00
Oie. 	sf. 	 - sauvage.	鹅	’ya ngou.		野鵝		396		true	自旧档汇入	2026-04-13T01:27:08+08:00
Oie. 	sf. 		鹅	ngè’ ngou.		雁鵝		396		true	自旧档汇入	2026-04-13T01:27:08+08:00
Oignon.	sm.	[1 pied; 3 botte.]	洋葱	ts‘ong [ih ken;ih ’k‘oen]		葱[一根；一捆]		396		true	自旧档汇入	2026-04-13T01:27:08+08:00
Oindre.	va.	d'huile sainte.	擦油	ts‘èh seng’ yeû.		擦聖油		396		true	自旧档汇入	2026-04-13T01:27:08+08:00
Oiseau.	sm.	Les-x.	鸟	’tiao [ih tsah].		窵[一隻]	鳥[一隻]	396		true	自旧档汇入	2026-04-13T01:27:08+08:00
Oiseau.	sm.		鸟	fi ghien.		飛禽		396		true	自旧档汇入	2026-04-13T01:27:08+08:00
Oiseleur. 	sm.		捕鸟者	tsoh (’tang) ’tiao ke’.		捉（打）窵个	捉(打)鳥个	396		true	自旧档汇入	2026-04-13T01:27:08+08:00
Oiseux.	adj. 	Propos -.	无用的	hè wo’.		閑話		396		true	自旧档汇入	2026-04-13T01:27:08+08:00
Oiseux.	adj. 		无用的	fong diao ’siao mah		風調小麥		396		true	自旧档汇入	2026-04-13T01:27:08+08:00
Oiseux.	adj. 	Affaires oiseuses.	无用的	hè ze’.		閑事		396		true	自旧档汇入	2026-04-13T01:27:08+08:00
Oisif.	adj.		游手好闲的	véh tsou’ sa’.		勿做啥		396		true	自旧档汇入	2026-04-13T01:27:08+08:00
Oisif.	adj.		游手好闲的	m sa’ tsou’		無啥做	嘸啥做	396		true	自旧档汇入	2026-04-13T01:27:08+08:00
Oisillon.	sm.		小鸟	’siao ’tiao.		小窵	小鳥	396		true	自旧档汇入	2026-04-13T01:27:08+08:00
Oisiveté.	sf.		游手好闲	hè.		閑		397		true	自旧档汇入	2026-04-13T01:27:08+08:00
Oisiveté.			游手好闲	k‘ong hè.	k‘ong’ hè.	空閑		397		true	自旧档汇入	2026-04-13T01:27:08+08:00
Oisiveté.		L'-ne produit rien de bon.	游手好闲	hè daong’ lai sang véh ts‘éh ’h‘ao ze’ ’t‘i.	hè daong’ lai sang véh ts‘éh ’h‘ao ze’ ’t‘i lai.	閑宕來生勿出好事體來		397	按照漢字改正	true	自旧档汇入	2026-04-13T01:27:08+08:00
Oisiveté.		Vivre dans l'-	游手好闲	tè ’k‘ieh véh tsou’.	dè’ k‘ieh véh tsou’.	但吃勿做		397	印刷錯誤	true	自旧档汇入	2026-04-13T01:27:08+08:00
Oisiveté.			游手好闲	hè daong’ koè’.		閑宕惯	閑趤惯	397		true	自旧档汇入	2026-04-13T01:27:08+08:00
Olive	sf.	 Olive chinoise.	橄榄	’kè ’lè.		橄欖		397		true	自旧档汇入	2026-04-13T01:27:08+08:00
Olivâtre. 	adj.		带橄榄绿的	zouo ts‘ing.		茶青		397		true	自旧档汇入	2026-04-13T01:27:08+08:00
Olivier.	sm.	Olivier chinois.	油橄榄树	’kè ’lè zu’ [ih k‘ou].		橄欖樹[一棵]		397		true	自旧档汇入	2026-04-13T01:27:08+08:00
Olivier.	sm.	Jardin des -s.(C.)	油橄榄树	sè yeu.		山園		397		true	自旧档汇入	2026-04-13T01:27:08+08:00
Ombrage.	sm.		绿荫	zu’ yen.		樹陰		397		true	自旧档汇入	2026-04-13T01:27:08+08:00
Ombrage.	sm.		绿荫	yen liang.		陰凉		397		true	自旧档汇入	2026-04-13T01:27:08+08:00
Ombrage.	sm.	S'asseoir au frais sous l’-.	绿荫	zu’ yen liang ’li zou’ zou’.		樹陰凉裏坐坐		397		true	自旧档汇入	2026-04-13T01:27:08+08:00
Ombrager.	va. 		遮蔽	’taong koang.		擋光		397		true	自旧档汇入	2026-04-13T01:27:08+08:00
Ombrager.	va. 		遮蔽	tsouo ’yeng.		遮影		397		true	自旧档汇入	2026-04-13T01:27:08+08:00
Ombrageux.	adj.	(Cheval).	易惊的	’tè ’siao ’mô. 		胆小馬		397	保留簡體	true	自旧档汇入	2026-04-13T01:27:08+08:00
Ombrageux.	adj.	-. Fig.	多疑的	tou gni woh ke’.		多疑惑个		397		true	自旧档汇入	2026-04-13T01:27:08+08:00
Ombrageux.	adj.		多疑的	hèh gni sin ke’.	h‘èh gni sin ke’.	瞎疑心个		397		true	自旧档汇入	2026-04-13T01:27:08+08:00
Ombre.	sf. 	A l'-.	阴影	’yeng ’tse.		影子		397		true	自旧档汇入	2026-04-13T01:27:08+08:00
Ombre.	sf. 		阴影	yen liang ’li.		陰凉裹		397		true	自旧档汇入	2026-04-13T01:27:08+08:00
Ombre.	sf. 	Dans l'-.	阴影	é’ é’ ’li.		暗暗裹		397		true	自旧档汇入	2026-04-13T01:27:08+08:00
Ombre.	sf. 		阴影	é’ ’ti ’li.		暗底裏		397		true	自旧档汇入	2026-04-13T01:27:08+08:00
Ombre.	sf. 	Comédie des -s chinoises.	阴影	’yeng hi’.		影戲		397		true	自旧档汇入	2026-04-13T01:27:08+08:00
Ombre.	sf. 	Bruit sans - de vérité.	阴影	wou ’yeng wou tsong ke’ yao yé’.	wou ’yeng wou tsong ke’ yao yé.	無影無踪个謡言		397		true	自旧档汇入	2026-04-13T01:27:08+08:00
Ombrer.	va.	un dessin. 	涂上阴影	wah yen yang.		劃陰陽		397		true	自旧档汇入	2026-04-13T01:27:08+08:00
Ombrelle.	sf.		女用小阳伞	sè’.		傘		397		true	自旧档汇入	2026-04-13T01:27:08+08:00
Ombrelle.	sf.		女用小阳伞	yang sè’ [ih ’pouo]		洋傘[一把]		397		true	自旧档汇入	2026-04-13T01:27:08+08:00
Omelette. 	sf.		煎蛋卷	’ts‘ao dè’ .		炒蛋		397		true	自旧档汇入	2026-04-13T01:27:08+08:00
Omelette. 	sf.		煎蛋卷	’ts‘ao ki dè’.		炒鷄蛋		397		true	自旧档汇入	2026-04-13T01:27:08+08:00
Omettre. 	va.		遗漏	k‘ieuh séh.		缺失		397		true	自旧档汇入	2026-04-13T01:27:08+08:00
Omettre. 	va.		遗漏	leû’ t‘éh.		漏脱		397		true	自旧档汇入	2026-04-13T01:27:08+08:00
Omettre. 	va.		遗漏	kè’ t‘éh.		间脱		397		true	自旧档汇入	2026-04-13T01:27:08+08:00
Omnipotence. 	sf.		全能	zié neng.		全能		397		true	自旧档汇入	2026-04-13T01:27:08+08:00
Omoplate. 	sf.		肩胛骨	kié ka’ koéh.		肩架骨		397		true	自旧档汇入	2026-04-13T01:27:08+08:00
On.	pron.	 - ne doit pas...	人	gnen.		人		397		true	自旧档汇入	2026-04-13T01:27:08+08:00
On.	pron.		人	véh ’k‘o ’i.		勿可以		397		true	自旧档汇入	2026-04-13T01:27:08+08:00
On.	pron.		人	véh yeng kai.		勿應該		397		true	自旧档汇入	2026-04-13T01:27:08+08:00
On.	pron.	Mais, dira-t -.	人	’k‘ong p‘ouo’ ’yeû gnen wo’.		恐怕有人話		397		true	自旧档汇入	2026-04-13T01:27:08+08:00
Once.		Once chinoise=37gr798.	盎司	’liang.		兩		397		true	自旧档汇入	2026-04-13T01:27:08+08:00
Once.		Une - (tael) d'argent.	盎司	ih ’liang gnen ’tse.		一兩銀子		397		true	自旧档汇入	2026-04-13T01:27:08+08:00
Oncle. 	sm.		伯父	pah vou’.		伯父		397		true	自旧档汇入	2026-04-13T01:27:08+08:00
Oncle. 	sm.		伯父	sôh vou’.		叔父		397		true	自旧档汇入	2026-04-13T01:27:08+08:00
Oncle. 	sm.	Frère aîné du père.	伯父	ah pah.		阿伯		397		true	自旧档汇入	2026-04-13T01:27:08+08:00
Oncle. 	sm.		伯父	pah pah.		伯伯		397		true	自旧档汇入	2026-04-13T01:27:08+08:00
Oncle. 	sm.	Frère cadet du père.	伯父	ah (ya) sôh.		阿（爺）叔		397		true	自旧档汇入	2026-04-13T01:27:08+08:00
Oncle. 	sm.		伯父	sôh sôh.		叔叔		397		true	自旧档汇入	2026-04-13T01:27:08+08:00
Oncle. 	sm.	Mari de la sœur du père.	伯父	kou fou.		姑夫		397		true	自旧档汇入	2026-04-13T01:27:08+08:00
Oncle. 	sm.		伯父	fou fou.		夫夫		397		true	自旧档汇入	2026-04-13T01:27:08+08:00
Oncle. 	sm.	Frère de la mère.	伯父	gnang ghieû’.	gnang ’ghieû	娘舅		397		true	自旧档汇入	2026-04-13T01:27:08+08:00
Oncle. 	sm.	Mari de la sœur de la mère.	伯父	yi fou.		姨夫		397		true	自旧档汇入	2026-04-13T01:27:08+08:00
Onction.	sf.(C.)		擦油	ts‘èh seng’ yeû.		擦聖油		397		true	自旧档汇入	2026-04-13T01:27:08+08:00
Ondée. 	sf.		骤雨	zen deû ’yu.	zen’ deû ’yu.	陣頭雨		397	原作“[雨陣]頭雨”	true	自旧档汇入	2026-04-13T01:27:08+08:00
Ondée. 	sf.		骤雨	ih zen’ wang yu.		一陣横雨		397		true	自旧档汇入	2026-04-13T01:27:08+08:00
Ondée. 	sf.		骤雨	yun ’li ’yu.		雲裹雨		397		true	自旧档汇入	2026-04-13T01:27:08+08:00
Ondoyer.	va. (C.)		波动	ghieu fou’.		權付		397		true	自旧档汇入	2026-04-13T01:27:08+08:00
Onéreux.	adj.		负担重的	’zong.		重		397		true	自旧档汇入	2026-04-13T01:27:08+08:00
Onéreux.	adj.		负担重的	lao ’k‘ou ke’ .		勞苦个		397		true	自旧档汇入	2026-04-13T01:27:08+08:00
Onéreux.	adj.	A charge. 	耗费巨大的	fi’ dong dié.		费銅錢		398		true	自旧档汇入	2026-04-13T01:27:08+08:00
Onéreux.	adj.		耗费巨大的	fi’ ze’.		费事		398		true	自旧档汇入	2026-04-13T01:27:08+08:00
Ongle.	sm.	Laisser croitre les -s.	指甲	tsih kèh.		指甲	節甲	398		true	自旧档汇入	2026-04-13T01:27:08+08:00
Ongle.	sm.		指甲	lieû tsih kèh.		留指甲	留節甲	398		true	自旧档汇入	2026-04-13T01:27:08+08:00
Ongle.	sm.	Étui qui les protège.	指甲	tsih kèh t‘ao’.		指甲套	節甲套	398		true	自旧档汇入	2026-04-13T01:27:08+08:00
Onglée.	sf. 	Avoir l’-.	手指冻伤	’seû tsih deû tong’ teh t‘ong’ lai.		手指頭凍得痛來	手節頭凍得痛來	398		true	自旧档汇入	2026-04-13T01:27:08+08:00
Onguent.	sm.		香脂	kao yah.		膏藥		398		true	自旧档汇入	2026-04-13T01:27:08+08:00
Onze. 	adj.		十一	zéh ih.		十一		398		true	自旧档汇入	2026-04-13T01:27:08+08:00
Onzième. 	adj. 	Un -.	第十一	di’ zéh ih.		第十一		398		true	自旧档汇入	2026-04-13T01:27:08+08:00
Onzième. 	adj. 		第十一	zéh ih fen tse ih.		十一分之一		398		true	自旧档汇入	2026-04-13T01:27:08+08:00
Onzièmement. 	adv.		第十一地	di’ zéh ih. 		第十一		398		true	自旧档汇入	2026-04-13T01:27:08+08:00
Opaque. 	adj.		不透明的	véh t‘eû’ koang ke’.		勿透光个		398		true	自旧档汇入	2026-04-13T01:27:08+08:00
Opaque. 	adj.		不透明的	tsao’ véh tsin’.		照勿進		398		true	自旧档汇入	2026-04-13T01:27:08+08:00
Opération.	sf.	 –(chirurg.)	活动	kong fou.		工夫		398		true	自旧档汇入	2026-04-13T01:27:08+08:00
Opération.	sf.		活动	k‘ai tao.		開刀		398		true	自旧档汇入	2026-04-13T01:27:08+08:00
Opérer.	va. 		进行	tsou’.		做		398		true	自旧档汇入	2026-04-13T01:27:08+08:00
Opérer.	vn. 	Agir.	进行	kié’ yao’.		見效		398		true	自旧档汇入	2026-04-13T01:27:08+08:00
Ophthalmie.	sf.		眼炎	’ngè tseng’.		眼症		398		true	自旧档汇入	2026-04-13T01:27:08+08:00
Opiner. 	vn.		发表意见	ts‘éh ’tsu i’.		出主意		398		true	自旧档汇入	2026-04-13T01:27:08+08:00
Opiner. 	vn.		发表意见	’siang ’k‘i lai.		想起來		398		true	自旧档汇入	2026-04-13T01:27:08+08:00
Opiniâtre.	adj.		固执的	kou’ tséh ke’.		固執个		398		true	自旧档汇入	2026-04-13T01:27:08+08:00
Opiniâtre.	adj.		固执的	kaong ghiang ke’.		剛强个		398		true	自旧档汇入	2026-04-13T01:27:08+08:00
Opiniâtrer.	(S’). vr.		固执	kou’ tséh ze’ ka ke’ i’ kié’.		固執自家个意見		398		true	自旧档汇入	2026-04-13T01:27:08+08:00
Opinion. 	sf.		意见	i’ kié’.		意見		398		true	自旧档汇入	2026-04-13T01:27:08+08:00
Opinion. 	sf.		意见	i’ se.		意思		398		true	自旧档汇入	2026-04-13T01:27:08+08:00
Opinion. 	sf.	(Pol.) Votre-. 	意见	kao kié’.		高見		398		true	自旧档汇入	2026-04-13T01:27:08+08:00
Opinion. 	sf.	Mon -.	意见	gnu kié’.		愚見		398		true	自旧档汇入	2026-04-13T01:27:08+08:00
Opinion. 	sf.	Avoir une haute – de soi-même.	意见	ze’ kao ze’ da’.		自高自大		398		true	自旧档汇入	2026-04-13T01:27:08+08:00
Opium.	sm.		鸦片	dou’ yé.		大烟		398		true	自旧档汇入	2026-04-13T01:27:08+08:00
Opium.	sm.		鸦片	yé ’t‘ou.		烟土		398		true	自旧档汇入	2026-04-13T01:27:08+08:00
Opium.	sm.		鸦片	a p‘ié’ yé.		鴉片烟		398	待定	true	自旧档汇入	2026-04-13T01:27:08+08:00
Opium.	sm.		鸦片	yang yé.		洋烟		398		true	自旧档汇入	2026-04-13T01:27:08+08:00
Opium.	sm.		鸦片	k‘ieh a p‘ié’ yé.		吃鴉片烟		398		true	自旧档汇入	2026-04-13T01:27:08+08:00
Opium.	sm.	Fumer I'-.	鸦片	k‘ieh dou’ yé.		吃大烟		398		true	自旧档汇入	2026-04-13T01:27:08+08:00
Opium.	sm.		鸦片	’yeû ’gné deû.		有癮頭	有念頭	398		true	自旧档汇入	2026-04-13T01:27:08+08:00
Opium.	sm.	En avoir l'habitude.	鸦片	k‘ieh zaong’ ’gné ’la ’tsé.		吃上癮拉者	吃上念拉者	398		true	自旧档汇入	2026-04-13T01:27:08+08:00
Opium.	sm.		鸦片	ka’ yé yah.		戒烟藥		398		true	自旧档汇入	2026-04-13T01:27:08+08:00
Opium.	sm.	Remède contre l'-.	鸦片	’gné deû lai ’tsé		癮頭來者	念頭來者	398		true	自旧档汇入	2026-04-13T01:27:08+08:00
Opium.	sm.	Quand le besoin en vient.	鸦片	héh gni.		合宜		398		true	自旧档汇入	2026-04-13T01:27:08+08:00
Opportun. 	adj.		适当的	héh ze.		合時		398		true	自旧档汇入	2026-04-13T01:27:08+08:00
Opportun. 	adj.		适当的	ghieh ze.		及時		398		true	自旧档汇入	2026-04-13T01:27:08+08:00
Opportun. 	adj.		适当的	tsoh tei’.		作對		398		true	自旧档汇入	2026-04-13T01:27:08+08:00
Opposant. 	sm.		反对的	tei’ ’seû.		對手		398		true	自旧档汇入	2026-04-13T01:27:08+08:00
Opposant. 	sm.		反对的	siang ’fè.		相反		398		true	自旧档汇入	2026-04-13T01:27:08+08:00
Opposé. 	adj.		相对的	véh sin’ (woh).		勿信（服）		398		true	自旧档汇入	2026-04-13T01:27:08+08:00
Opposé. 	adj.		相对的	ze’ ih ’fè ih tseng’.		是一反一正		398		true	自旧档汇入	2026-04-13T01:27:08+08:00
Opposé. 	adj.	Diamétralement -.	相对的	pei’ tei’ pei’.		背對背		398		true	自旧档汇入	2026-04-13T01:27:08+08:00
Opposé. 	adj.		相对的	tei’ mié’ (kou’). 		對面（過）		398		true	自旧档汇入	2026-04-13T01:27:08+08:00
Opposé. 	adj.	Situé en face.	相对的	’ti ’taong.		扺擋		398		true	自旧档汇入	2026-04-13T01:27:08+08:00
Opposer.	va.		使…对抗	’tsou ’taong.		阻擋		398		true	自旧档汇入	2026-04-13T01:27:08+08:00
Opposer.	S'-. vr. 	Empêcher.	使…对抗	kien’ ‘tse		禁止		398		true	自旧档汇入	2026-04-13T01:27:08+08:00
Opposer.	S'-. vr. 		使…对抗	véh gnang’ .		勿讓		398		true	自旧档汇入	2026-04-13T01:27:08+08:00
Opposer.	S'-. vr. 		使…对抗	véh i.		勿依		398		true	自旧档汇入	2026-04-13T01:27:08+08:00
Opposer.	S'-. vr. 		使…对抗	k‘i’ kiéh.		氣急		398		true	自旧档汇入	2026-04-13T01:27:08+08:00
Oppressé.	adj.		透不过气来的	k‘i’ t‘eû’ véh ts‘éh.		氣透勿出		398		true	自旧档汇入	2026-04-13T01:27:08+08:00
Oppressé.	adj.		透不过气来的	yeu k‘ieuh. 		冤屈		398		true	自旧档汇入	2026-04-13T01:27:08+08:00
Oppression. 	sf.		透不过气	péh gnen k‘ieh ’k‘ou deû.		撥人吃苦頭		398		true	自旧档汇入	2026-04-13T01:27:08+08:00
Opprimer. 	va.		压迫	èh ’hao lai.		壓下來		398	到這錯位結束	true	自旧档汇入	2026-04-13T01:27:08+08:00
Opprimer. 	va.	- tout le monde.	压迫	’k‘ou k‘eh ih tsong’ gnen.		苦尅一衆人		398		true	自旧档汇入	2026-04-13T01:27:08+08:00
Opprimer. 	va.	- le peuple.	压迫	k‘eh bôh (kiah dèh) pah sing’.		刻薄（脚踏）百姓		399		true	自旧档汇入	2026-04-13T01:27:08+08:00
Opprobre.	sm.		耻辱	sieû ’ts‘e.		羞耻		399		true	自旧档汇入	2026-04-13T01:27:08+08:00
Opprobre.	sm.		耻辱	ling zôh.		凌辱		399		true	自旧档汇入	2026-04-13T01:27:08+08:00
Opter. 	va.		选择	’kè.		揀		399		true	自旧档汇入	2026-04-13T01:27:08+08:00
Opter. 	va.		选择	’kè ’sié.		揀選		399		true	自旧档汇入	2026-04-13T01:27:08+08:00
Opter. 	va.		选择	t‘iao ’sié.		挑選		399		true	自旧档汇入	2026-04-13T01:27:08+08:00
Optique.	sf.		视觉的	koang yah.		光學		399		true	自旧档汇入	2026-04-13T01:27:08+08:00
Opulence. 	sf.		富裕	yong’ dou’ k‘oé tsah.	yong’ dou’ k‘oé ts‘ah.	用度寬綽		399		true	自旧档汇入	2026-04-13T01:27:08+08:00
Opulence. 	sf.		富裕	’yeû dou’ liao’ tsoh.		有大料作		399		true	自旧档汇入	2026-04-13T01:27:08+08:00
Opulence. 	sf.	Famille dans I'-.	富裕	fou’ koei’ (da’ fou’, fou’ tsôh) gnen ka.		富貴（大富，富足）人家		399		true	自旧档汇入	2026-04-13T01:27:08+08:00
Opulent. 	adj.		富裕的	fou’ ong.		富翁		399		true	自旧档汇入	2026-04-13T01:27:08+08:00
Opulent. 	adj.		富裕的	da’ zai ’tsu.		大財主		399		true	自旧档汇入	2026-04-13T01:27:08+08:00
Opulent. 	adj.		富裕的	zai tong.		財東		399		true	自旧档汇入	2026-04-13T01:27:08+08:00
Or.	sm.		金	kien ’tse.		金子		399		true	自旧档汇入	2026-04-13T01:27:08+08:00
Or.	sm.		金	waong kien.		黄金		399		true	自旧档汇入	2026-04-13T01:27:08+08:00
Or.	sm.	En -. D'or.	金	kien ke’.		金个		399		true	自旧档汇入	2026-04-13T01:27:08+08:00
Orage. 	sm.		暴风雨	zen deû.	zen’ deû.	陣頭		399	待定 原作“[雨陣]頭”	true	自旧档汇入	2026-04-13T01:27:08+08:00
Orage. 	sm.		暴风雨	wang fong(’yu).		横風（雨）		399		true	自旧档汇入	2026-04-13T01:27:08+08:00
Oraison 	(C.).	Oraison dominicale.	祈祷	T‘ié ’tsu kieng.		天主經		399		true	自旧档汇入	2026-04-13T01:27:08+08:00
Oraison 	(C.).	 -mentale.	祈祷	meh ’tao.		默禱		399		true	自旧档汇入	2026-04-13T01:27:08+08:00
Oraison 	(C.).		祈祷	meh ’siang.		默想		399		true	自旧档汇入	2026-04-13T01:27:08+08:00
Oraison 	(C.).	 -vocale.	祈祷	zong’ ’tao.		誦禱		399		true	自旧档汇入	2026-04-13T01:27:08+08:00
Oraison 	(C.).		祈祷	gnè’ kieng.		念經		399		true	自旧档汇入	2026-04-13T01:27:08+08:00
Oraison 	(C.).	 -jaculatoire.	祈祷	zong’ kiu’.		誦句		399		true	自旧档汇入	2026-04-13T01:27:08+08:00
Oraison 	(C.).	#NAME?	祈祷	tsôh wen.		祝文		399		true	自旧档汇入	2026-04-13T01:27:08+08:00
Oral.	adj.		口头的	ts‘in ’k‘eû wo’ ke’.		親口話个		399		true	自旧档汇入	2026-04-13T01:27:08+08:00
Orange. 	sf. 	Mandarine.	柑	kieuh ’tse.		橘子		399		true	自旧档汇入	2026-04-13T01:27:08+08:00
Orange. 	sf. 		柑	ké ’tse [ih tsah].		柑子[一隻]		399		true	自旧档汇入	2026-04-13T01:27:08+08:00
Orange. 	sf. 	Peau d'-. ,, ,,. sèche.	柑	kieuh bi.		橘皮		399		true	自旧档汇入	2026-04-13T01:27:08+08:00
Orange. 	sf. 		柑	zen kieuh bi.		陳橘皮		399		true	自旧档汇入	2026-04-13T01:27:08+08:00
Orangé.	sm.	Couleur -.	橘黄色（的）	kien waong seh.		金黄色		399		true	自旧档汇入	2026-04-13T01:27:08+08:00
Oranger. 	sm.		柑树	kieuh ’tse zu’ [ih k‘ou].		橘子樹	橘子樹[一棵]	399	按照羅馬字改正	true	自旧档汇入	2026-04-13T01:27:08+08:00
Orateur. 	sn.		演说家	’h‘ao ’k‘eû zai ke’ gnen.		好口才个人		399		true	自旧档汇入	2026-04-13T01:27:08+08:00
Orateur. 	sn.		演说家	ts‘éh ’k‘eû zeng tsang.		出口成章		399		true	自旧档汇入	2026-04-13T01:27:08+08:00
Oratoire. 	sm.		演说的	gnè’ kieng di’ faong.		念經地方		399		true	自旧档汇入	2026-04-13T01:27:08+08:00
Oratoire. 	sm.		演说的	’siao daong.		小堂		399		true	自旧档汇入	2026-04-13T01:27:08+08:00
Orbite.	sm.	Orbite de l'œil. 	眼眶	’ngè k‘oang(k‘ieu).		眼眶（圈）		399		true	自旧档汇入	2026-04-13T01:27:08+08:00
Orchestre. 	sm.		管弦乐队	ih pè yen yah.		一班音樂		399		true	自旧档汇入	2026-04-13T01:27:08+08:00
Orchidée.	sf.		兰科植物	lè h‘ouo.		蘭花		399		true	自旧档汇入	2026-04-13T01:27:08+08:00
Ordinaire.	adj. 	Thé -.	普通的	bing zang.		平常		399		true	自旧档汇入	2026-04-13T01:27:08+08:00
Ordinaire.	adj. 		普通的	zin zang.		寻常		399		true	自旧档汇入	2026-04-13T01:27:08+08:00
Ordinaire.	adj. 		普通的	ka zang.		家常		399		true	自旧档汇入	2026-04-13T01:27:08+08:00
Ordinaire.	adj. 		普通的	bié’ zouo.		便茶		399		true	自旧档汇入	2026-04-13T01:27:08+08:00
Ordinaire.	loc. adv.	D'-. 	普通的	bing sou’ gnéh kè (kiah).		平素日间（脚）		399		true	自旧档汇入	2026-04-13T01:27:08+08:00
Ordinairement. 	adv.		通常	koè’ zang.		惯常		399		true	自旧档汇入	2026-04-13T01:27:08+08:00
Ordination.	sf.	Ordination (Faire une).	[宗]圣职授任礼	seng’ (fou’) zen ’p‘in.		聖（付）神品		399		true	自旧档汇入	2026-04-13T01:27:08+08:00
Ordonnance. 	sf.		法令	ming’.		命		399		true	自旧档汇入	2026-04-13T01:27:08+08:00
Ordonnance. 	sf.	#NAME?	药方	yah faong.		藥方		399		true	自旧档汇入	2026-04-13T01:27:08+08:00
Ordonnance. 	sf.		药方	faong ’tse [ih tsang].		方子[一張]		399		true	自旧档汇入	2026-04-13T01:27:08+08:00
Ordonner.	va.	Disposer.	命令	ming’.		命		399		true	自旧档汇入	2026-04-13T01:27:08+08:00
Ordonner.	va.		命令	kiao’.		教		399		true	自旧档汇入	2026-04-13T01:27:08+08:00
Ordonner.	va.		安排	eu ba.		安排		399		true	自旧档汇入	2026-04-13T01:27:08+08:00
Ordonner.	va.		安排	liao’ ’li.		料理		399		true	自旧档汇入	2026-04-13T01:27:08+08:00
Ordonner.	va.	Conférer les Ordres(C.).	[宗]授圣职	seng’ (fou’) zen ’p‘in.		聖（付）神品		399		true	自旧档汇入	2026-04-13T01:27:08+08:00
Ordre.	sm. 	Commandement.	命令	ming’.		命		399		true	自旧档汇入	2026-04-13T01:27:08+08:00
Ordre.	sm. 	#NAME?	命令	gné ming’		嚴命		399		true	自旧档汇入	2026-04-13T01:27:08+08:00
Ordre.	sm. 	Demander des -s.	命令	’ts‘ing ming’.		請命		400		true	自旧档汇入	2026-04-13T01:27:08+08:00
Ordre.	sm. 	Monsieur, à vos -s.	命令	t‘ing sié sang ke’ ming’.		聽先生个命		400		true	自旧档汇入	2026-04-13T01:27:08+08:00
Ordre.	sm. 		命令	’teng nong’ ze ’ya.	’teng nong’ ze’ ’ya.	等儂示下		400		true	自旧档汇入	2026-04-13T01:27:08+08:00
Ordre.	sm. 		命令	tsen kiao’.		遵教		400		true	自旧档汇入	2026-04-13T01:27:08+08:00
Ordre.	sm. 	-d'un chef militaire.	命令	hao’ ling’.		號令		400		true	自旧档汇入	2026-04-13T01:27:08+08:00
Ordre.	sm. 	Mettre en - (disposer).	命令	eu ba.		安排		400		true	自旧档汇入	2026-04-13T01:27:08+08:00
Ordre.	sm. 		命令	’pa séh.		擺設		400		true	自旧档汇入	2026-04-13T01:27:08+08:00
Ordre.	sm. 		命令	eu tse’.		安置		400		true	自旧档汇入	2026-04-13T01:27:08+08:00
Ordre.	sm. 		顺序	a a ts‘e’ ’zu.		挨次序		400		true	自旧档汇入	2026-04-13T01:27:08+08:00
Ordre.	sm. 		顺序	seû gnéh ’h‘ao.		收拾好		400		true	自旧档汇入	2026-04-13T01:27:08+08:00
Ordre.	sm. 	Suivre l'-. 	顺序	a ih a gni’.		挨一挨二		400		true	自旧档汇入	2026-04-13T01:27:08+08:00
Ordre.	sm. 	Tour à tour.	顺序	t‘i’ wé’.		替换		400		true	自旧档汇入	2026-04-13T01:27:08+08:00
Ordre.	sm. 		顺序	len pè.		輪班		400		true	自旧档汇入	2026-04-13T01:27:08+08:00
Ordre.	sm. 	Société religieuse (C.).	[宗]修会	sieû dao’ wei’. 		修道會		400		true	自旧档汇入	2026-04-13T01:27:08+08:00
Ordre.	sm. 	- de St François.	[宗]修会	seng’ faong-tsi’-koh wei’.		聖方濟各會		400		true	自旧档汇入	2026-04-13T01:27:08+08:00
Ordre.	sm. 	Sacrement.	[宗]神品	zen ’p‘in.		神品		400		true	自旧档汇入	2026-04-13T01:27:08+08:00
Ordre.	sm. 	Recevoir les -s (C.).	[宗]神品	’ling zen ’p‘in.		領神品		400		true	自旧档汇入	2026-04-13T01:27:08+08:00
Ordre.	sm. 	Les 4-s mineurs (C.).	社会等级	se’ ’p‘in.		四品		400		true	自旧档汇入	2026-04-13T01:27:08+08:00
Ordre.	sm. 	Quel est son degré dans les -s ?	社会等级	seng’ ’ki ’p‘in ’la ’tsé.		聖幾品拉者		400		true	自旧档汇入	2026-04-13T01:27:08+08:00
Ordre.	sm. 		社会等级	ze’ ’ki ’p‘in.		是幾品		400		true	自旧档汇入	2026-04-13T01:27:08+08:00
Ordre.	sm. 	Autorité: il a 100 soldats sous ses -s.	社会等级	i ’koé ih pah ping.		伊管一百兵		400		true	自旧档汇入	2026-04-13T01:27:08+08:00
Ordre.	sm. 	Mot d'-. 	顺序	’k‘eû hao’. 		口號		400		true	自旧档汇入	2026-04-13T01:27:08+08:00
Ordre.	sm. 	En -.	顺序	ih ’tsè ih zi.		一斬一齊		400		true	自旧档汇入	2026-04-13T01:27:08+08:00
Ordre.	sm. 	S'asseoir en -.	顺序	zou’ ’la ’yeû ts‘e’ ’yeû ’zu.		坐拉有次有序		400		true	自旧档汇入	2026-04-13T01:27:08+08:00
Ordure.	sf.		粪便	fen’.		糞		400		true	自旧档汇入	2026-04-13T01:27:08+08:00
Ordure.	sf.		粪便	fen’ ’t‘ou.		糞土		400		true	自旧档汇入	2026-04-13T01:27:08+08:00
Ordure.	sf.		污物	’la si’.		拉絮	？	400	待定	true	自旧档汇入	2026-04-13T01:27:08+08:00
Ordurier. 	adj.		下流的	lèh tèh ’tse.		邋遢嘴		400	原作“擸遢嘴”	true	自旧档汇入	2026-04-13T01:27:08+08:00
Ordurier. 	adj.	Langage -.	下流的	wou wei’ (oh ts‘oh )ke’ seh wo.		污穢（齷齪）个説話		400		true	自旧档汇入	2026-04-13T01:27:08+08:00
Oreille.	sf.		耳	’gni ’tou [ih tsah].		耳朵[一隻] 		400		true	自旧档汇入	2026-04-13T01:27:08+08:00
Oreille.	sf.	Ouverture de l'-.	耳	’gni ’tou ’koé.		耳朵管		400		true	自旧档汇入	2026-04-13T01:27:08+08:00
Oreille.	sf.	Couvre-oreille.	耳	’gni ’tou dai’ (t‘ao’).		耳朵袋（套）		400		true	自旧档汇入	2026-04-13T01:27:08+08:00
Oreille.	sf.	Faire la sourde -.	耳	’ka tsou’ véh t‘ing kié’.		假做勿聽見		400		true	自旧档汇入	2026-04-13T01:27:08+08:00
Oreiller. 	sm.		枕头	’tsen deû [ih ke’].		枕頭[一个]		400		true	自旧档汇入	2026-04-13T01:27:08+08:00
Orfèvre.	sm. 		金银匠	gnen ziang’.		銀匠		400		true	自旧档汇入	2026-04-13T01:27:08+08:00
Orfèvrerie.	sf.	(Objets d'). 	金银细工	gnen k‘i’.		銀器		400		true	自旧档汇入	2026-04-13T01:27:08+08:00
Organes.	sm.pl. 	Membres et -.	器官	n koé.	’n koé.	五官		400		true	自旧档汇入	2026-04-13T01:27:08+08:00
Organes.	sm.pl. 		器官	se’ ’t‘i pah tse.		四體百肢		400		true	自旧档汇入	2026-04-13T01:27:08+08:00
Organes.	sm.pl. 	#NAME?	器官	’n zang’ lôh ’fou.	’n zaong’ lôh ’fou.	五臟六腑		400		true	自旧档汇入	2026-04-13T01:27:08+08:00
Organiser. 	va.		安排	eu ba.		安排		400		true	自旧档汇入	2026-04-13T01:27:08+08:00
Organiser. 	va.		安排	ba lih.		排列		400		true	自旧档汇入	2026-04-13T01:27:08+08:00
Orge.	sf.		大麦	da’ mah. 		大麥		400		true	自旧档汇入	2026-04-13T01:27:08+08:00
Orgie. 	sf.		狂饮	da’ hèh da’ t‘en.	da’ h‘èh da’ t‘en.	大嗑大吞	大呷大吞	400	呷	true	自旧档汇入	2026-04-13T01:27:08+08:00
Orgie. 	sf.		狂饮	dou’ k‘ieh dou’ hèh.	dou’ k‘ieh dou’ h‘èh.	大吃大嗑	大吃大呷	400		true	自旧档汇入	2026-04-13T01:27:08+08:00
Orgue.	sm.		管风琴	fong ghien [ih tsah].		風琴[一隻]		400		true	自旧档汇入	2026-04-13T01:27:08+08:00
Organiste. 	sm.		管风琴演奏者	k‘èh(’tang)fong ghien ke’.		壓（打）風琴个	？	400		true	自旧档汇入	2026-04-13T01:27:08+08:00
Orgueil.	sm.		骄傲	kiao ngao’.		驕傲		400		true	自旧档汇入	2026-04-13T01:27:08+08:00
Orgueil.	sm.		骄傲	ngao’ k‘i’.		傲氣		400		true	自旧档汇入	2026-04-13T01:27:08+08:00
Orgueilleux. 	adj.		骄傲的	kiao ngao’ ke’ .		驕傲个		400		true	自旧档汇入	2026-04-13T01:27:08+08:00
Orgueilleux. 	adj.		骄傲的	ngao’ k‘i’ deng deng.		傲氣騰騰		400		true	自旧档汇入	2026-04-13T01:27:08+08:00
Orgueilleux. 	adj.	Très -.	骄傲的	’ngè ka’ dou’ lai. 		眼架大來	眼界大來	400		true	自旧档汇入	2026-04-13T01:27:08+08:00
Orient.	sm.		东	tong.		東		401		true	自旧档汇入	2026-04-13T01:27:08+08:00
Orient.	sm.		东	tong pié.		東邊		401		true	自旧档汇入	2026-04-13T01:27:08+08:00
Orient.	sm.		东	tong faong.		東方		401		true	自旧档汇入	2026-04-13T01:27:08+08:00
Orienter.	(S’). vr.		为…定方向	maong’ tseng’ faong hiang’.		望正方向		401		true	自旧档汇入	2026-04-13T01:27:08+08:00
Oriental.	adj.		东方的	tong faong ke’.		東方个		401		true	自旧档汇入	2026-04-13T01:27:08+08:00
Oriental.	adj.		东方的	tong mié’ ke’.		東面个		401		true	自旧档汇入	2026-04-13T01:27:08+08:00
Orientation. 	sf.		定向	faong hiang’.		方向		401		true	自旧档汇入	2026-04-13T01:27:08+08:00
Orientation. 	sf.	Chercher une bonne -.	定向	k‘eu’ ih ke’ faong hiang’.		看一个方向		401		true	自旧档汇入	2026-04-13T01:27:08+08:00
Orienté.	pp.	(Bien).	定了方向的	faong hiang’ mè tseng’.		方向蠻正		401		true	自旧档汇入	2026-04-13T01:27:08+08:00
Orienté.	pp.	Mal -.	定了方向的	faong hiang’ foa zia.		方向歪斜		401		true	自旧档汇入	2026-04-13T01:27:08+08:00
Orienté.	pp.		定了方向的	faong hiang’ véh tseng’.		方向勿正		401		true	自旧档汇入	2026-04-13T01:27:08+08:00
Orifice. 	sm.		口子	’k‘eû.		口		401		true	自旧档汇入	2026-04-13T01:27:08+08:00
Orifice. 	sm.		口子	k‘iao’.		竅		401		true	自旧档汇入	2026-04-13T01:27:08+08:00
Orifice. 	sm.		口子	’k‘ong.		孔		401		true	自旧档汇入	2026-04-13T01:27:08+08:00
Oriflamme.	sf.		装饰小旗	ghi [ih mié’].		旗[一面]		401		true	自旧档汇入	2026-04-13T01:27:08+08:00
Originaire.	adj.	Originaire de…	出生于(某地)的	…ts‘éh sen.		…出身		401		true	自旧档汇入	2026-04-13T01:27:08+08:00
Originaire.	adj.		出生于(某地)的	sang ’la..		生拉…		401		true	自旧档汇入	2026-04-13T01:27:08+08:00
Originairement.	adv.		原来	gneu lai.		原來		401		true	自旧档汇入	2026-04-13T01:27:08+08:00
Originairement.	adv.		原来	’k‘i deû.		起頭		401		true	自旧档汇入	2026-04-13T01:27:08+08:00
Originairement.	adv.		原来	taong is’ou.		當初		401		true	自旧档汇入	2026-04-13T01:27:08+08:00
Original.	sm. 	Cocasse.	古怪的	’kou koa’ gnen.		古怪人		401		true	自旧档汇入	2026-04-13T01:27:08+08:00
Original.	sm. 	Drôle.	古怪的	dong biéh gnen ’liang yang’ ke’.		同别人兩樣个		401		true	自旧档汇入	2026-04-13T01:27:08+08:00
Original.	adj. 	Chose -e. 	原文的	gneu tsoh.		原作		401		true	自旧档汇入	2026-04-13T01:27:08+08:00
Original.	adj. 	Texte -.	原文的	gneu wen.		原文		401		true	自旧档汇入	2026-04-13T01:27:08+08:00
Original.	adj. 	Titre -. Pièce -e	原文的	’lao k‘i’.		老契		401		true	自旧档汇入	2026-04-13T01:27:08+08:00
Origine.	sf.		起源	ken gneu.		根原		401		true	自旧档汇入	2026-04-13T01:27:08+08:00
Origine.	sf.		起源	ken yeû.		根由		401		true	自旧档汇入	2026-04-13T01:27:08+08:00
Origine.	sf.		起源	lai yeû.		來由		401		true	自旧档汇入	2026-04-13T01:27:08+08:00
Origine.	sf.		起源	’ti ’tse.		底子		401		true	自旧档汇入	2026-04-13T01:27:08+08:00
Origine.	sf.	- d'une chose.	起源	gneu yeû.		原由		401		true	自旧档汇入	2026-04-13T01:27:08+08:00
Origine.	sf.		起源	lai lih.		來歷		401		true	自旧档汇入	2026-04-13T01:27:08+08:00
Origine.	sf.	Pays d'-.	起源	’pen di’ faong.		本地方		401		true	自旧档汇入	2026-04-13T01:27:08+08:00
Origine.	sf.		起源	’lao ka hiang.		老家鄉		401		true	自旧档汇入	2026-04-13T01:27:08+08:00
Origine.	sf.	Tout a une -.	起源	moh ’yeû ken.		木有根		401		true	自旧档汇入	2026-04-13T01:27:08+08:00
Origine.	sf.		起源	’se ’yeû gneu.		水有源		401		true	自旧档汇入	2026-04-13T01:27:08+08:00
Originel.		(Péché). (C.).	原始的	gneu zu’.		原罪		401		true	自旧档汇入	2026-04-13T01:27:08+08:00
Orion.	sm.	 (Constellation). 	[天]猎户(星)座	sen sieû’.		參宿		401		true	自旧档汇入	2026-04-13T01:27:08+08:00
Orme.	sm.		榆树	yu zu’ [ih k‘ou].		榆樹[一棵]		401		true	自旧档汇入	2026-04-13T01:27:08+08:00
Ornement. 	sm.	 - de tête.	装饰	tsaong seh.		妝飾		401		true	自旧档汇入	2026-04-13T01:27:08+08:00
Ornement. 	sm.		装饰	’seû seh.		首飾		401		true	自旧档汇入	2026-04-13T01:27:08+08:00
Orner.	va.		装饰	tsaong seh.		裝飾		401		true	自旧档汇入	2026-04-13T01:27:08+08:00
Orner.	va.		装饰	sieû seh.		修飾		401		true	自旧档汇入	2026-04-13T01:27:08+08:00
Orner.	va.		装饰	tsaong sieû.		裝修		401		true	自旧档汇入	2026-04-13T01:27:08+08:00
Ornière.	sf.		车辙	ts‘ouo tseh.	ts‘ouo ts‘éh.	車轍		401	待定	true	自旧档汇入	2026-04-13T01:27:08+08:00
Ornière.	sf.		车辙	ts‘ouo yeu’ ‘tse.		車印子		401		true	自旧档汇入	2026-04-13T01:27:08+08:00
Ornithologie. 	sf.		鸟类学	ghien yah.		禽學		401		true	自旧档汇入	2026-04-13T01:27:08+08:00
Orphelin.	 sm.		孤儿	m ya gnang ke’.		無爺娘个	嘸爺娘个	401		true	自旧档汇入	2026-04-13T01:27:08+08:00
Orphelin.	 sm.		孤儿	kou ’tse (dôh).		孤子（獨）		401		true	自旧档汇入	2026-04-13T01:27:08+08:00
Orphelinat. 	sm.		孤儿院	yôh yeng daong.		育嬰堂		401		true	自旧档汇入	2026-04-13T01:27:08+08:00
Orphelinat. 	sm.		孤儿院	yeng hai yeu’.		嬰孩院		401		true	自旧档汇入	2026-04-13T01:27:08+08:00
Orteil. 	sm.	Le gros -.	脚趾	kiah tsih deû.		脚指頭	脚節頭	401		true	自旧档汇入	2026-04-13T01:27:08+08:00
Orteil. 	sm.		脚趾	dou’ kiah tsih deû.		大脚指頭	大脚節頭	401		true	自旧档汇入	2026-04-13T01:27:08+08:00
Orthodoxe.	adj.	Doctrine-.	正统派的	tseng’.		正		401		true	自旧档汇入	2026-04-13T01:27:08+08:00
Orthodoxe.	adj.		正统派的	tseng’ dao’.		正道		401		true	自旧档汇入	2026-04-13T01:27:08+08:00
Orthographe.	sf.		正字法	’sia tseng’ ze’ fèh.		寫正字法		401		true	自旧档汇入	2026-04-13T01:27:08+08:00
Ortie. 	sf.		荨麻	’zu mô.		苧麻		401		true	自旧档汇入	2026-04-13T01:27:08+08:00
Os.	sm.		骨	koéh deû [ih ken].		骨頭[一根]		401		true	自旧档汇入	2026-04-13T01:27:08+08:00
Osciller.	vn.		摆动	yao ’lao yao.		摇咾摇		401		true	自旧档汇入	2026-04-13T01:27:08+08:00
Osciller.	vn.		摆动	tsao’ lai.		躁來		401		true	自旧档汇入	2026-04-13T01:27:08+08:00
Oseille. 	sf.		【植物学】酸模	seu ’ts‘ao.		酸草		402		true	自旧档汇入	2026-04-13T01:27:08+08:00
Oser. 	va.	Je n'ose. (Pol).	敢	’ké.		敢		402		true	自旧档汇入	2026-04-13T01:27:08+08:00
Oser. 	va.		敢	véh ’ké taong.		勿敢當		402		true	自旧档汇入	2026-04-13T01:27:08+08:00
Oser. 	va.		敢	taong véh ’k‘i.		當勿起		402		true	自旧档汇入	2026-04-13T01:27:08+08:00
Oser. 	va.	Comment l'oserais-je?	敢	’k‘i ’ké.		豈敢		402		true	自旧档汇入	2026-04-13T01:27:08+08:00
Oser. 	va.	Ne pas – reparaître devant qqn.	敢	tei’ véh kou’ i.		對勿過伊		402		true	自旧档汇入	2026-04-13T01:27:08+08:00
Oser. 	va.	Quoi! tu oses! 	敢	nong’ neng ’tè dou’.		儂能胆大		402	保留簡體 讀音待定	true	自旧档汇入	2026-04-13T01:27:08+08:00
Oser. 	va.	Ne pas - réclamer par délicatesse.	敢	véh ’h‘ao i’ se men’ i yao’.		勿好意思問伊要		402		true	自旧档汇入	2026-04-13T01:27:08+08:00
Osier.	sm.		柳树	yang ’lieû diao.		楊柳條		402		true	自旧档汇入	2026-04-13T01:27:08+08:00
Osier.	sm.		柳树	’lieû diao.		柳條		402		true	自旧档汇入	2026-04-13T01:27:08+08:00
Ossements. 	sm.pl.		骸骨	k‘ou koéh.		枯骨		402		true	自旧档汇入	2026-04-13T01:27:08+08:00
Ossements. 	sm.pl.		骸骨	koéh zeh.		骨殖		402		true	自旧档汇入	2026-04-13T01:27:08+08:00
Ostensible.	adj.		公开的	k‘eu’ teh kié’ ke’.		看得見个		402		true	自旧档汇入	2026-04-13T01:27:08+08:00
Ostensible.	adj.		公开的	ming ming ’hié liang’ ke’.		明明顯亮个		402		true	自旧档汇入	2026-04-13T01:27:08+08:00
Ostensoir.	sm. 	 (C.).	（天主）圣体显供台	seng’ ’t‘i fèh koang [ih tsah].		聖體發光[一隻]		402		true	自旧档汇入	2026-04-13T01:27:08+08:00
Ostentation.	sf.	(Plein d'). 	夸耀	’pa ka’ ’tse.		擺架子		402		true	自旧档汇入	2026-04-13T01:27:08+08:00
Ostentation.	sf.		夸耀	ma’ kia.		賣嘉		402	待定	true	自旧档汇入	2026-04-13T01:27:08+08:00
Otage. 	sm.		人质	èh deû.		押頭		402		true	自旧档汇入	2026-04-13T01:27:08+08:00
Otage. 	sm.		人质	èh ’la ke’ gnen.		押拉个人		402		true	自旧档汇入	2026-04-13T01:27:08+08:00
Oter. 	va.	 - la boue en lavant.	拿走	nao t‘éh.		拿脱		402		true	自旧档汇入	2026-04-13T01:27:08+08:00
Oter. 	va.		拿走	zing’ t‘éh lè’ gni.		净脱爛泥		402		true	自旧档汇入	2026-04-13T01:27:08+08:00
Oter. 	va.	- le fer d'une flèche.	拿走	nao t‘éh tsié’ deû.		拿脱箭頭		402		true	自旧档汇入	2026-04-13T01:27:08+08:00
Oter. 	va.	- son chapeau.	拿走	t‘euh mao’ ’tse.		脱帽子		402		true	自旧档汇入	2026-04-13T01:27:08+08:00
Oter. 	va.		拿走	zu mao’ ’tse.		除帽子		402		true	自旧档汇入	2026-04-13T01:27:08+08:00
Oter. 	va.	- [sa robe].	拿走	t‘euh.		脱		402		true	自旧档汇入	2026-04-13T01:27:08+08:00
Oter. 	va.		拿走	t‘euh ’hao lai.		脱下來		402		true	自旧档汇入	2026-04-13T01:27:08+08:00
Oter. 	va.	- les pouvoirs.	拿走	tséh ghieu.		摘權		402		true	自旧档汇入	2026-04-13T01:27:08+08:00
Oter. 	va.	Retrancher (arithm.).	拿走	zu.		除		402		true	自旧档汇入	2026-04-13T01:27:08+08:00
Où. 	adv.	 - allez-vous?	在…地方	sa’ di’ faong.		啥地方		402		true	自旧档汇入	2026-04-13T01:27:08+08:00
Où. 	adv.		在…地方	tao’ ’a ’li k‘i’ ?		到那裏去		402		true	自旧档汇入	2026-04-13T01:27:08+08:00
Où. 	adv.	D'- venez-vous?	在…地方	zong ’a ’li (sa’ ’su) lai?		從那裏（啥所）來		402		true	自旧档汇入	2026-04-13T01:27:08+08:00
Où. 	adv.	Le jour – j’y allai.	在…地方	’ngou k‘i’ ke’ ih gnéh.		我去个一日		402		true	自旧档汇入	2026-04-13T01:27:08+08:00
Où. 	adv.	Par - irez-vous?	在…地方	yao’ ’tang sa’ wou’ ‘daong k‘i’?		要打啥户荡去		402		true	自旧档汇入	2026-04-13T01:27:08+08:00
Ou. 	Conj. 		或者	woh ’tsé.		或者		402		true	自旧档汇入	2026-04-13T01:27:08+08:00
Ou. 	Conj. 	Souvent sous-entendu: Tôt - tard.	或者	’tsao ’tié è’ ‘tié.		早點晚點	早點晏點	402		true	自旧档汇入	2026-04-13T01:27:08+08:00
Ou. 	Conj. 	3-4.	或者	sè se’ ke’.		三四个		402		true	自旧档汇入	2026-04-13T01:27:08+08:00
Ou. 	Conj. 	20, 30-40.	或者	gni’ sè séh，sè se’ séh.		二三十，三四十		402	待定 格式	true	自旧档汇入	2026-04-13T01:27:08+08:00
Ouate. 	sf.		棉絮	mié h‘ouo.		棉花		402		true	自旧档汇入	2026-04-13T01:27:08+08:00
Ouate. 	sf.		棉絮	mié si’.		棉絮		402		true	自旧档汇入	2026-04-13T01:27:08+08:00
Ouaté. 	adj. 		絮了棉花的	mié.		棉		402		true	自旧档汇入	2026-04-13T01:27:08+08:00
Ouaté. 	adj. 	Habit -.	絮了棉花的	mié i zaong.		棉衣裳		402		true	自旧档汇入	2026-04-13T01:27:08+08:00
Ouaté. 	adj. 	Robe -e.	絮了棉花的	mié mé.		棉襔		402		true	自旧档汇入	2026-04-13T01:27:08+08:00
Ouater.	va.	Ouater un habit. 	给…絮棉花	fè mié si’ k‘i’.		翻棉絮去		402		true	自旧档汇入	2026-04-13T01:27:08+08:00
Ouater.	va.		给…絮棉花	p‘ah si’ ’la i zaong ’li.		拍絮拉衣裳裏		402		true	自旧档汇入	2026-04-13T01:27:08+08:00
Oublie.	sf.		<旧>蛋卷	ki dè’ ’kieu. 		鷄蛋捲		402		true	自旧档汇入	2026-04-13T01:27:08+08:00
Oublier.	va.		忘记	maong’ ki’.		忘記		402		true	自旧档汇入	2026-04-13T01:27:08+08:00
Oublier.	va.	 -totalement..	忘记	wé zié maong’ ki’.		完全忘記		402		true	自旧档汇入	2026-04-13T01:27:08+08:00
Oublier.	va.	-une lettre en écrivant.	忘记	loh t‘éh ze.		落脱字		402		true	自旧档汇入	2026-04-13T01:27:08+08:00
Oublieux. 	adj. 		健忘的	ki’ sing’ k‘ieû		記性恘		402		true	自旧档汇入	2026-04-13T01:27:08+08:00
Oublieux. 	adj. 		健忘的	m teh ki’ sing’.		無得記性	嘸得記性	402		true	自旧档汇入	2026-04-13T01:27:08+08:00
Oublieux. 	adj. 	Très -.	健忘的	maong’ ki’ dou’.		忘記大		402		true	自旧档汇入	2026-04-13T01:27:08+08:00
Ouest.	sm. 	N.-O. 	西	si pié(mié’, pé’ bè).		西邊（面，半爿）		402		true	自旧档汇入	2026-04-13T01:27:08+08:00
Ouest.	sm. 		西	si pôh.		西北		402		true	自旧档汇入	2026-04-13T01:27:08+08:00
Ouest.	sm. 	S.-O.	西	si né.		西南		402		true	自旧档汇入	2026-04-13T01:27:08+08:00
Ouest.	sm. 	Rue qui va de l'E. à l'O.	西	tong si ka. 		東西街		402		true	自旧档汇入	2026-04-13T01:27:08+08:00
Ouest.	sm. 	À l'O. du fleuve.	西	wou si.		河西		403		true	自旧档汇入	2026-04-13T01:27:08+08:00
Oui.	adv.	 - vraiment.	是	ze’.		是		403		true	自旧档汇入	2026-04-13T01:27:08+08:00
Oui.	adv.		是	ze’ ke’.		是个		403		true	自旧档汇入	2026-04-13T01:27:08+08:00
Oui.	adv.		是	véh ts‘ouo’ ke’.		勿錯个		403		true	自旧档汇入	2026-04-13T01:27:08+08:00
Oui.	adv.	 -, c'est cela.	是	tsen ze.		真是		403		true	自旧档汇入	2026-04-13T01:27:08+08:00
Oui.	adv.		是	ze’ ’la ke’.		是拉个		403		true	自旧档汇入	2026-04-13T01:27:08+08:00
Oui.	adv.		是	tei’ ke’.		對个		403		true	自旧档汇入	2026-04-13T01:27:08+08:00
Oui.	adv.	Oui-da.	是	ih ding’.		一定		403		true	自旧档汇入	2026-04-13T01:27:08+08:00
Oui.	adv.		是	’yeû sa’ véh ze’.		有啥勿是		403		true	自旧档汇入	2026-04-13T01:27:08+08:00
Oui.	adv.		是	m ’yeû véh ze’.		無有勿是	嘸有勿是	403		true	自旧档汇入	2026-04-13T01:27:08+08:00
Oui.	adv.	Mais - .	是	tao’ véh ze’ ’lao sa’.		到勿是咾啥		403		true	自旧档汇入	2026-04-13T01:27:08+08:00
Oui.	adv.	Est-ce vrai? -.	是	ze’ gni véh ze’ ? ze’ ke’.		是呢勿是？是个		403	格式	true	自旧档汇入	2026-04-13T01:27:08+08:00
Oui.	adv.	Est-ce nécessaire? -.	是	yao’ ’kien gni sa’? yao’ ’kien ke’.		要紧呢啥？要緊个		403	格式	true	自旧档汇入	2026-04-13T01:27:08+08:00
Ouï-dire.	sm. 	Bruit.	传闻	fong wen.		風聞		403		true	自旧档汇入	2026-04-13T01:27:08+08:00
Ouï-dire.	sm. 	Des -. Rumeurs.	传闻	yao yé.		謡言		403		true	自旧档汇入	2026-04-13T01:27:08+08:00
Ouïe. 	sf.		听觉	’gni ’tou.		耳朵		403		true	自旧档汇入	2026-04-13T01:27:08+08:00
Ouïe. 	sf.		听觉	’eul se.		耳司		403		true	自旧档汇入	2026-04-13T01:27:08+08:00
Ouïes. 	sf. pl. 	Branchies.	鳃	n kièh sai.		魚頰鰓		403	待定	true	自旧档汇入	2026-04-13T01:27:08+08:00
Ouïr. 	va.		听到	t‘ing’.		聽		403		true	自旧档汇入	2026-04-13T01:27:08+08:00
Ouïr. 	va.		听到	t‘ing kié’.		聽見		403	待定 鄰近	true	自旧档汇入	2026-04-13T01:27:08+08:00
Ouïr. 	va.		听到	wen teh.		聞得		403		true	自旧档汇入	2026-04-13T01:27:08+08:00
Ouragan. 	sm.		飓风	fong pao’	fong bao’	風雹	風暴	403	待定	true	自旧档汇入	2026-04-13T01:27:08+08:00
Ouragan. 	sm.		飓风	bao’ (goang) fong.		暴（狂）風		403		true	自旧档汇入	2026-04-13T01:27:08+08:00
Ourdir. 	va. 	Machiner.	整经	kieng pou’.		經布		403		true	自旧档汇入	2026-04-13T01:27:08+08:00
Ourdir. 	va. 		策划	é’ meû.		暗謀		403		true	自旧档汇入	2026-04-13T01:27:08+08:00
Ourlet.	sm.		(衣服等的)折边	ts‘iao.		䘯	繰	403		true	自旧档汇入	2026-04-13T01:27:08+08:00
Ourlet.	sm.		(衣服等的)折边	i yeu.		衣缘		403		true	自旧档汇入	2026-04-13T01:27:08+08:00
Ourler.	va.		缲边	ts‘iao pié.		稍邊	䘯邊	403		true	自旧档汇入	2026-04-13T01:27:08+08:00
Ours.	sm. 	Pattes d'-.	熊	yong.		熊		403		true	自旧档汇入	2026-04-13T01:27:08+08:00
Ours.	sm. 		熊	yong ’tsang.		熊掌		403		true	自旧档汇入	2026-04-13T01:27:08+08:00
Ours.	sm. 	Montreur de chiens, d'-.	熊	long’ ’keû ’lao yong béh siang’ ke’.		弄狗咾熊孛相个		403		true	自旧档汇入	2026-04-13T01:27:08+08:00
Ourse.	sf.	 (La Grande). 	【天文学】大 [小] 熊星座	pôh ’teû sing. 		北斗星		403		true	自旧档汇入	2026-04-13T01:27:08+08:00
Outil. 	sm.		工具	ka sang(’h‘ou).		傢生（伙）		403		true	自旧档汇入	2026-04-13T01:27:08+08:00
Outil. 	sm.		工具	k‘i’ ghiu’.		器具		403		true	自旧档汇入	2026-04-13T01:27:08+08:00
Outrage.	sm. 	Affront.	侮辱	ling zôh.		凌辱		403		true	自旧档汇入	2026-04-13T01:27:08+08:00
Outrage.	sm. 		侮辱	’wou zôh.		侮辱		403		true	自旧档汇入	2026-04-13T01:27:08+08:00
Outrage.	sm. 	Subir un -.	侮辱	’zeû ling zôh (sieh dôh).	’zeû ling zôh (siéh dôh).	受凌辱(亵渎）		403		true	自旧档汇入	2026-04-13T01:27:08+08:00
Outrager.	va.		侮辱	k‘ieng mè’.		輕慢		403		true	自旧档汇入	2026-04-13T01:27:08+08:00
Outrance.	loc. adv.	(A).	过分	p‘ing ming’.		拚命		403		true	自旧档汇入	2026-04-13T01:27:08+08:00
Outre.	sf.		皮袋	bi dai’ [ih tsah].		皮袋[一隻]		403		true	自旧档汇入	2026-04-13T01:27:08+08:00
Outre.	prép.	D'-mer.	除…之外	’h‘ai nga’.		海外		403		true	自旧档汇入	2026-04-13T01:27:08+08:00
Outre.	prép.	#NAME?	过分地	kou’ dou’(ven’).		過度（分）		403		true	自旧档汇入	2026-04-13T01:27:08+08:00
Outre.	prép.		过分地	t‘ai’ kou’		太過		403		true	自旧档汇入	2026-04-13T01:27:08+08:00
Outre.	loc. adv.	 - cela. En -. 	除…之外	’i wai’.		以外		403		true	自旧档汇入	2026-04-13T01:27:08+08:00
Outre.	loc. adv.		除…之外	ling’ nga’ .		另外		403		true	自旧档汇入	2026-04-13T01:27:08+08:00
Outre.	loc. adv.		除…之外	yu wai’.		餘外		403		true	自旧档汇入	2026-04-13T01:27:08+08:00
Outre.	loc. adv.		除…之外	fen’ wai’.		分外		403		true	自旧档汇入	2026-04-13T01:27:08+08:00
Outre.	loc. adv.		除…之外	zu t‘éh.		除脱		403		true	自旧档汇入	2026-04-13T01:27:08+08:00
Outre.	adv. 	Passer -.	除…之外	kou’ k‘i’.		過去 		403		true	自旧档汇入	2026-04-13T01:27:08+08:00
Outre.	adv. 	Percé d'- en -.	除…之外	tseu t‘eû’ ’tsé.		鑽透者		403		true	自旧档汇入	2026-04-13T01:27:08+08:00
Outre.	adv. 		除…之外	ts‘é t‘eû’ ’tsé.		穿透者		403		true	自旧档汇入	2026-04-13T01:27:08+08:00
Outrecuidant. 	 adj.		自负的	ze’ kao ke.		自高个		403		true	自旧档汇入	2026-04-13T01:27:08+08:00
Outrecuidant. 	 adj.		自负的	ze’ ming’ péh vè.		自命不凡		403		true	自旧档汇入	2026-04-13T01:27:08+08:00
Outrecuidant. 	 adj.		自负的	fi vè kiao ngao’.		非凡骄傲		403		true	自旧档汇入	2026-04-13T01:27:08+08:00
Outrepasser. 	va. Fig.		超越	kou’ ven’ (k‘i’). 		過分（去）		403		true	自旧档汇入	2026-04-13T01:27:08+08:00
Outré.	adj.	Outré de colère. 	激怒的	fèh ’h‘ou ’k‘i lai m tsao’ ka’ ke’.	fèh ’h‘ou ’k‘i lai m tsao ka’ ke’.	发火起来無招架个	发火起来嘸招架个	403		true	自旧档汇入	2026-04-13T01:27:08+08:00
Ouvert. 	adj. 	Est-ce -?	开着的	k‘ai ’la ke’.		開拉个		403		true	自旧档汇入	2026-04-13T01:27:08+08:00
Ouvert. 	adj. 		开着的	k‘ai ’la méh?		開拉末		403		true	自旧档汇入	2026-04-13T01:27:08+08:00
Ouvert. 	Fig. 	Esprit -. 	宽广的	ming bah.		明白		403		true	自旧档汇入	2026-04-13T01:27:08+08:00
Ouvert. 	Fig. 	Franc.	宽广的	lao zéh.		牢實		403		true	自旧档汇入	2026-04-13T01:27:08+08:00
Ouvert. 	Fig. 		宽广的	zeh ’saong.		直爽		403		true	自旧档汇入	2026-04-13T01:27:08+08:00
Ouvertement. 	adv.		坦率地	ts‘ing t‘ié bah zéh.		青天白日		404		true	自旧档汇入	2026-04-13T01:27:08+08:00
Ouvertement. 	adv.		坦率地	ming ming bah bah.		明明白白		404		true	自旧档汇入	2026-04-13T01:27:08+08:00
Ouvertement. 	adv.		坦率地	’hié ’hié liang’ liang’.		顯顯亮亮		404		true	自旧档汇入	2026-04-13T01:27:08+08:00
Ouverture. 	sf. 	Trou.	开口	’k‘eû.		口		404		true	自旧档汇入	2026-04-13T01:27:08+08:00
Ouverture. 	sf. 		开口	men ’k‘eû.		門口		404		true	自旧档汇入	2026-04-13T01:27:08+08:00
Ouverture. 	sf. 		开口	dong’.		洞		404		true	自旧档汇入	2026-04-13T01:27:08+08:00
Ouverture. 	sf. 	Issue.	开口	men lou’.		門路		404		true	自旧档汇入	2026-04-13T01:27:08+08:00
Ouverture. 	sf. 		开口	deû lou’.		頭路		404		true	自旧档汇入	2026-04-13T01:27:08+08:00
Ouverture. 	sf. 	- d'esprit (Grande).	开放	yong i’ t‘ong k‘iao’.		容易通竅		404		true	自旧档汇入	2026-04-13T01:27:08+08:00
Ouverture. 	sf. 		开放	yong i’ ’tong.		容易懂		404		true	自旧档汇入	2026-04-13T01:27:08+08:00
Ouverture. 	sf. 	-de cœur.	开放	’zéh sin.	zéh sin.	實心		404	印刷錯誤	true	自旧档汇入	2026-04-13T01:27:08+08:00
Ouverture. 	sf. 	- de conscience(C.).	开放	sou’ sin.		訴心		404		true	自旧档汇入	2026-04-13T01:27:08+08:00
Ouverture. 	sf. 	- des classes.	开放	k‘ai hoh.		開學		404		true	自旧档汇入	2026-04-13T01:27:08+08:00
Ouverture. 	sf. 	À l'- du printemps.	开放	k‘ai ts‘en.		開春		404		true	自旧档汇入	2026-04-13T01:27:08+08:00
Ouvrable.	adj.	(Jour). 	工作日	tsou’ sang wéh ke’ gnéh kiah.		做生活个日脚		404		true	自旧档汇入	2026-04-13T01:27:08+08:00
Ouvrage. 	sm. 	Travail.	工作	sang wéh.		生活		404		true	自旧档汇入	2026-04-13T01:27:08+08:00
Ouvrage. 	sm. 		工作	kong fou.		工夫		404		true	自旧档汇入	2026-04-13T01:27:08+08:00
Ouvrage. 	sm. 	Commencer l'-.	工作	dong’ kong.		動工		404		true	自旧档汇入	2026-04-13T01:27:08+08:00
Ouvrage. 	sm. 		工作	k’ai kong.		開工		404		true	自旧档汇入	2026-04-13T01:27:08+08:00
Ouvrage. 	sm. 	Cesser l'- à la fin de la journée.	工作	ding kong.		停工		404		true	自旧档汇入	2026-04-13T01:27:08+08:00
Ouvrage. 	sm. 		工作	hiéh kong.		歇工		404		true	自旧档汇入	2026-04-13T01:27:08+08:00
Ouvrage. 	sm. 	Se mettre à l'-.	工作	dong’ ’seû.		動手		404		true	自旧档汇入	2026-04-13T01:27:08+08:00
Ouvrage. 	sm. 	Livre.	工作	su.		書		404		true	自旧档汇入	2026-04-13T01:27:08+08:00
Ouvrage. 	sm. 	Un - complet.	工作	ih ’bou su.		一部書		404		true	自旧档汇入	2026-04-13T01:27:08+08:00
Ouvrage. 	sm. 	Cet – a 2 volumes.	工作	di’ ’bou su ’yeû ’liang ’pen.		第部書有兩本		404		true	自旧档汇入	2026-04-13T01:27:08+08:00
Ouvragé. 	adj.		加过工的	’yeû h‘ouo.		有花		404		true	自旧档汇入	2026-04-13T01:27:08+08:00
Ouvré.	adj.	 (Fer). 	加过工的	t‘ih k‘i’.		鐵器		404		true	自旧档汇入	2026-04-13T01:27:08+08:00
Ouvrier.	sm. 	Artisan.	工人	ziang’ gnen		匠人		404		true	自旧档汇入	2026-04-13T01:27:08+08:00
Ouvrier.	sm. 		工人	kong ziang’.		工匠		404		true	自旧档汇入	2026-04-13T01:27:08+08:00
Ouvrier.	sm. 		工人	se wou’.		司務		404		true	自旧档汇入	2026-04-13T01:27:08+08:00
Ouvrier.	sm. 	Travailleur gagé.	工人	tsou’ sang wéh gnen.		做生活人		404		true	自旧档汇入	2026-04-13T01:27:08+08:00
Ouvrier.	sm. 	 - à l'année.	工人	zang kong.		長工		404		true	自旧档汇入	2026-04-13T01:27:08+08:00
Ouvrier.	sm. 	 - à la journée.                    	工人	gnéh kong.		日工		404		true	自旧档汇入	2026-04-13T01:27:08+08:00
Ouvrier.	sm. 	Manœuvre. 	工人	’sino kong.		小工		404		true	自旧档汇入	2026-04-13T01:27:08+08:00
Ouvrir. 	va.		开	k‘ai.		開		404		true	自旧档汇入	2026-04-13T01:27:08+08:00
Ouvrir. 	va.		开	’tang k‘ai.		打開		404		true	自旧档汇入	2026-04-13T01:27:08+08:00
Ouvrir. 	va.	 - une lettre.	开	sin’ ts‘ah k‘ai lai.		信拆開來		404		true	自旧档汇入	2026-04-13T01:27:08+08:00
Ouvrir. 	va.	Ouvrez la porte.	开	k‘ai men.		開門		404		true	自旧档汇入	2026-04-13T01:27:08+08:00
Ovale. 	adj.		卵形的	èh dè’ yeng.		鴨蛋形		404		true	自旧档汇入	2026-04-13T01:27:08+08:00
Ovale. 	adj.		卵形的	yao ’tse seh.		腰子式		404		true	自旧档汇入	2026-04-13T01:27:08+08:00
Ovoïde. 	adj.		卵球形的	ziang’ dè’ neng yang’ ’tse.		像蛋能樣子		404		true	自旧档汇入	2026-04-13T01:27:08+08:00
Ovation.	sf.	Faire une-.	欢呼	da’ ka kong wou’.		大家恭賀		404		true	自旧档汇入	2026-04-13T01:27:08+08:00
Ovation.	sf.	Recevoir une-.	欢呼	’zeû kong wou’.		受恭賀		404		true	自旧档汇入	2026-04-13T01:27:08+08:00
Ovine.	adj.	(Race). 	羊类的	yang lei’.		羊類		404		true	自旧档汇入	2026-04-13T01:27:08+08:00
Ovipare. 	adj.		【动】卵生的	dè’(’lou)sang ke’.		蛋（卵）生个		404		true	自旧档汇入	2026-04-13T01:27:08+08:00
Oxydé.	pp. 		氧化的	sieû’.		銹		404		true	自旧档汇入	2026-04-13T01:27:08+08:00
Oxydé.	pp. 		氧化的	zaong’ sieû’ ’tsé.		上銹者		404		true	自旧档汇入	2026-04-13T01:27:08+08:00
Oxygène.	sm.		氧	’yang k‘i’.		養氣		404		true	自旧档汇入	2026-04-13T01:27:08+08:00
Oxygène.	sm.		氧	zou’ sang k‘i’.		助生氣		404		true	自旧档汇入	2026-04-13T01:27:08+08:00
Pacifié.	pp.		平缓的	bing eu ’tsé.		平安者		404		true	自旧档汇入	2026-04-13T01:27:08+08:00
Pacifié.	pp.		平缓的	t‘a’ bing ke’.		太平个		404		true	自旧档汇入	2026-04-13T01:27:08+08:00
Pacifier. 	va.		平定	bing sih (woh).		平息（服）		404		true	自旧档汇入	2026-04-13T01:27:08+08:00
Pacifier. 	va.	- un pays.	平定	bing en kôh kia.		平安國家		404		true	自旧档汇入	2026-04-13T01:27:08+08:00
Pacifier. 	va.	- des différends.	平定	’kaong wou.		講和		404		true	自旧档汇入	2026-04-13T01:27:08+08:00
Pacifier. 	va.		平定	wou bing.		和平		404		true	自旧档汇入	2026-04-13T01:27:08+08:00
Pacifique.	adj.		和平的	wou k‘i’ ke’.		和氣个		404		true	自旧档汇入	2026-04-13T01:27:08+08:00
Pacifique.	adj.		和平的	eu ten’.		安頓		404		true	自旧档汇入	2026-04-13T01:27:08+08:00
Pacifique.	adj.		和平的	bing wou ke’.		平和个		404		true	自旧档汇入	2026-04-13T01:27:08+08:00
Pacifique.	adj.	Le -. sm. L'Océan -.	太平洋	t‘a’ bing yang.		太平洋		404		true	自旧档汇入	2026-04-13T01:27:08+08:00
Pacifiquement. 	adv.		和平地	t‘a’ t‘a’ bing bing.		太太平平		405		true	自旧档汇入	2026-04-13T01:27:08+08:00
Pacotille.	sf.	(Marchandises de) 	劣货	’hao ’teng fou’ seh.		下等貨色		405		true	自旧档汇入	2026-04-13T01:27:08+08:00
Pacotille.	sf.		劣货	bih kiah fou’.		蹩脚貨		405		true	自旧档汇入	2026-04-13T01:27:08+08:00
Pacte.	sm. 		条约	yah.		約		405		true	自旧档汇入	2026-04-13T01:27:08+08:00
Pacte.	sm. 		条约	wou yah.		合約		405		true	自旧档汇入	2026-04-13T01:27:08+08:00
Pacte.	sm. 		条约	héh dong.		合同		405		true	自旧档汇入	2026-04-13T01:27:08+08:00
Paganisme.	sm.		异教	nga’ kiao’.		外教		405		true	自旧档汇入	2026-04-13T01:27:08+08:00
Page.	sf.		页	ih bè.		一爿		405		true	自旧档汇入	2026-04-13T01:27:08+08:00
Page.	sf.		页	pé’ yéh (tsang).		半頁（張）		405		true	自旧档汇入	2026-04-13T01:27:08+08:00
Paginer.	va. 		编页码	ki’ (pié) tsang sou’.		記（編）張數		405		true	自旧档汇入	2026-04-13T01:27:08+08:00
Pagode.	sf. 	 - de bonzesses.	塔	miao’ [ih tsah].		廟[一隻]		405		true	自旧档汇入	2026-04-13T01:27:08+08:00
Pagode.	sf. 		塔	é.		庵		405		true	自旧档汇入	2026-04-13T01:27:08+08:00
Paie.	sf.		工资	Cf. Paye.		——		405	待定	true	自旧档汇入	2026-04-13T01:27:08+08:00
Païen.	sm.		异教的	nga’ kiao’ gnen.		外教人		405		true	自旧档汇入	2026-04-13T01:27:08+08:00
Paillasse. 	sf.		草褥	’ts‘ao gnôh ’tse.		草褥子		405		true	自旧档汇入	2026-04-13T01:27:08+08:00
Paillasson.	sm.		草席	pa’ tè.		拜單		405		true	自旧档汇入	2026-04-13T01:27:08+08:00
Paillasson.	sm.		草席	’ts‘ao kai’.		草蓋		405		true	自旧档汇入	2026-04-13T01:27:08+08:00
Paille.	sf. 	 - de riz.	稻草	’ts‘ao.		草		405		true	自旧档汇入	2026-04-13T01:27:08+08:00
Paille.	sf. 		稻草	za.		柴		405		true	自旧档汇入	2026-04-13T01:27:08+08:00
Paille.	sf. 		稻草	dao’ za	’dao za	稻柴		405		true	自旧档汇入	2026-04-13T01:27:08+08:00
Paille.	sf. 	Tirer à la courte -.	稻草	ts‘eû zeû.		抽籌		405		true	自旧档汇入	2026-04-13T01:27:08+08:00
Pain. 	sm.		面包	mé deû [ih ke’].		饅頭[一个]		405		true	自旧档汇入	2026-04-13T01:27:08+08:00
Pain. 	sm.	- cuit à la vapeur.	面包	tseng zôh mé deû.		蒸熟饅頭		405		true	自旧档汇入	2026-04-13T01:27:08+08:00
Pain. 	sm.		面包	mô mô.		饃饃		405	另作“[麻食][麻食]”	true	自旧档汇入	2026-04-13T01:27:08+08:00
Pair.	adj. 	Nombre -.	同等的物	saong.		雙		405		true	自旧档汇入	2026-04-13T01:27:08+08:00
Pair.	adj. 		偶数的	saong sou’.		雙數		405		true	自旧档汇入	2026-04-13T01:27:08+08:00
Pair.	adj. 	Ne pouvoir aller de -.	偶数的	véh neng dong i tèh pè ke’.		勿能同伊搭班个		405		true	自旧档汇入	2026-04-13T01:27:08+08:00
Pair.	adj. 	Hors de -. 	偶数的	dôh ih wou eul’.		獨一無二		405		true	自旧档汇入	2026-04-13T01:27:08+08:00
Pair.	adj. 	Hors de -. 	偶数的	fi vè’.	fi vè.	非凡		405		true	自旧档汇入	2026-04-13T01:27:08+08:00
Pair.	adj. 	Hors ligne.	偶数的	ts‘éh ’teng.		出等		405		true	自旧档汇入	2026-04-13T01:27:08+08:00
Paire.	sf. 	 - de bottes.	一双	ih saong.		一雙		405		true	自旧档汇入	2026-04-13T01:27:08+08:00
Paire.	sf. 		一双	ih saong hiou.		一雙靴		405		true	自旧档汇入	2026-04-13T01:27:08+08:00
Paire.	sf. 	- de lunettes.	一双	ih fou’ ’ngè kieng’.		一副眼鏡		405		true	自旧档汇入	2026-04-13T01:27:08+08:00
Paire.	sf. 	- (faisant pendants).	一双	ih tei’.		一對		405		true	自旧档汇入	2026-04-13T01:27:08+08:00
Paire.	sf. 	Faire la -.	一双	p‘ei’ (tei’) ’long lai. 		配（對）攏來		405		true	自旧档汇入	2026-04-13T01:27:08+08:00
Paisible. 	adj. 	Tranquille.	安宁的	t‘a’ bing.		太平		405		true	自旧档汇入	2026-04-13T01:27:08+08:00
Paisible. 	adj. 		安宁的	wou bing.		和平		405		true	自旧档汇入	2026-04-13T01:27:08+08:00
Paisible. 	adj. 		温和的	liang zé’.		良善		405		true	自旧档汇入	2026-04-13T01:27:08+08:00
Paisible. 	adj. 	Un homme -.	温和的	eu zing’ gnen.		安静人		405		true	自旧档汇入	2026-04-13T01:27:08+08:00
Paisible. 	adj. 		温和的	eu ten’.		安頓		405		true	自旧档汇入	2026-04-13T01:27:08+08:00
Paisiblement. 	adv.		安定地	bing bing eu eu.		平平安安		405		true	自旧档汇入	2026-04-13T01:27:08+08:00
Paisiblement. 	adv.		安定地	eu eu gneng gneng.		安安寧寧		405		true	自旧档汇入	2026-04-13T01:27:08+08:00
Paître.	vn. 	Mener -.	放牧	faong’ tsong’ sang.	faong’ tsong sang.	放中生		405		true	自旧档汇入	2026-04-13T01:27:08+08:00
Paître.	vn. 		放牧	faong’ ’ts‘ao. 		放草		405		true	自旧档汇入	2026-04-13T01:27:08+08:00
Paix.	sf. 	Traité de -.	和睦	t‘a’ bing.		太平		405		true	自旧档汇入	2026-04-13T01:27:08+08:00
Paix.	sf. 		和睦	wou bing.		和平		405		true	自旧档汇入	2026-04-13T01:27:08+08:00
Paix.	sf. 		和睦	bing eu.		平安		405		true	自旧档汇入	2026-04-13T01:27:08+08:00
Paix.	sf. 		和睦	wou yah.		和約		405		true	自旧档汇入	2026-04-13T01:27:08+08:00
Paix.	sf. 	Faire la -.	和睦	bing sih.		平息		405		true	自旧档汇入	2026-04-13T01:27:08+08:00
Paix.	sf. 		和平	’kaong wou yah.		講和約		405		true	自旧档汇入	2026-04-13T01:27:08+08:00
Paix.	sf. 	L'empire est en -.	和平	t‘ié ’ya bing ding’.		天下平定		405		true	自旧档汇入	2026-04-13T01:27:08+08:00
Paix.	sf. 	Conscience en -.	和平	liang sin bing eu (bôh).		良心平安（薄）		405		true	自旧档汇入	2026-04-13T01:27:08+08:00
Palais. 	sm.		宫殿	t‘ing daong da’ ôh.		廳堂大屋		405		true	自旧档汇入	2026-04-13T01:27:08+08:00
Palais. 	sm.		宫殿	kong dié’.		宫殿		405		true	自旧档汇入	2026-04-13T01:27:08+08:00
Palais. 	sm.	Le - de la bouche.	宫殿	hoh.		腭		405	待定	true	自旧档汇入	2026-04-13T01:27:08+08:00
Palais. 	sm.		宫殿	zaong’ hoh. 		上腭		405		true	自旧档汇入	2026-04-13T01:27:08+08:00
Palan.	sm.		【机械】复滑车	wou lôh.		葫轆		405	待定	true	自旧档汇入	2026-04-13T01:27:08+08:00
Palanquin.	sm.		轿子	ghiao’ ’tse [ih ’ting].		轎子[一頂]		405		true	自旧档汇入	2026-04-13T01:27:08+08:00
Pale, Palle.	sf. 	(C.).	n. f. 【宗教】圣爵[圣杯]盖	seng’ kai’.		聖蓋		405		true	自旧档汇入	2026-04-13T01:27:08+08:00
Pâle	adj.	Couleur -	淡色	dé’ ngè seh		淡顔色		406		true	自旧档汇入	2026-04-13T01:27:08+08:00
Pâle	adj.	Visage -	脸色发黄	waong mié’		黄面		406		true	自旧档汇入	2026-04-13T01:27:08+08:00
Pâle	adj.	Visage -	脸色青白	mié’ seh ts‘ing bah liao liao		面色青白䩍䩍		406	待定	true	自旧档汇入	2026-04-13T01:27:08+08:00
Pâle	adj.	- de frayeur	吓得脸色发白	hah lai mié’ ’k‘ong kèh liao ’se bah	h‘ah lai mié’ ’k‘ong kèh liao ’se bah	嚇來面孔夾䩍水白		406		true	自旧档汇入	2026-04-13T01:27:08+08:00
Palefrenier	sm.		马夫	’mô fou		馬夫		406		true	自旧档汇入	2026-04-13T01:27:08+08:00
Pâlir	vn.		脸色发白	mié’ ’k‘ong t‘euh seh		面孔脱色		406		true	自旧档汇入	2026-04-13T01:27:08+08:00
Pâlir	vn.		脸色发黄	fèh waong		發黄		406		true	自旧档汇入	2026-04-13T01:27:08+08:00
Palissade	sf.		枪篱	ts‘iang li		槍籬		406		true	自旧档汇入	2026-04-13T01:27:08+08:00
Palissade	sf.		篱笆	li pouo		籬笆		406		true	自旧档汇入	2026-04-13T01:27:08+08:00
Palissade	sf.		栅栏	sah lè		栅欄		406		true	自旧档汇入	2026-04-13T01:27:08+08:00
Palmier	sm.		棕树[一颗]	tsong zu’ [ih k‘ou]		棕樹[一棵]		406		true	自旧档汇入	2026-04-13T01:27:08+08:00
Palmipède	adj. et sm.		蹼足（类的）	p‘ing ’tsang		駢掌		406		true	自旧档汇入	2026-04-13T01:27:08+08:00
Palpable	adj.		摸得到的	moh teh zah ke’		摸得着个		406		true	自旧档汇入	2026-04-13T01:27:08+08:00
Palpable	adj.		讲得出的	koang’ teh ts‘éh ke’		撗得出个	？	406	待定	true	自旧档汇入	2026-04-13T01:27:08+08:00
Palpable	adj.	Clair	明显的	’hié liang’ ke’		顯亮个		406		true	自旧档汇入	2026-04-13T01:27:08+08:00
Palper	va.		摸一摸	moh ih moh		摸一摸		406		true	自旧档汇入	2026-04-13T01:27:08+08:00
Palper	va.		讲一讲	koang’ ih koang’		撗一撗	？	406	中文解释不確定	true	自旧档汇入	2026-04-13T01:27:08+08:00
Palpitation	sf.	de cœur	心跳	sin t‘iao’		心跳		406		true	自旧档汇入	2026-04-13T01:27:08+08:00
Palpiter	vn.		跳动	t‘iao’		跳		406		true	自旧档汇入	2026-04-13T01:27:08+08:00
Palpiter	vn.	Le cœur palpite	心里突突跳	sin ’li fèh t‘iao’ lai		心裏發跳來		406		true	自旧档汇入	2026-04-13T01:27:08+08:00
Pamoison	sf.	(Tomber en)	昏倒	yun ’tao	yun’ ’tao	暈倒		406		true	自旧档汇入	2026-04-13T01:27:08+08:00
Pamoison	sf.	(Tomber en)	发昏	fèh hoen	fèh h‘oen	發昏		406		true	自旧档汇入	2026-04-13T01:27:08+08:00
Pamoison	sf.	(Tomber en)	昏的	hoen ’tsé	h‘oen ’tsé	昏者		406		true	自旧档汇入	2026-04-13T01:27:08+08:00
Pamplemousse	sf.		柚子	wen tè		文丹		406		true	自旧档汇入	2026-04-13T01:27:08+08:00
Pamphlet	sm.		匿名书信	gneh ming su sin’		匿名書信		406		true	自旧档汇入	2026-04-13T01:27:08+08:00
Pan	sm.	d'un habit	衣裾	i ké		衣弇		406		true	自旧档汇入	2026-04-13T01:27:08+08:00
Pan	sm.	d'un habit	衣裾	zang sè ké (ki)		長衫弇（裾）		406	特殊	true	自旧档汇入	2026-04-13T01:27:08+08:00
Pan	sm.	Un - de mur	一道墙	ih k‘oei’ (dao’) ziang		一塊（道）墙		406		true	自旧档汇入	2026-04-13T01:27:08+08:00
Panache	sm.		翎饰	ling mao		翎毛		406	字典上的翎找不到	true	自旧档汇入	2026-04-13T01:27:08+08:00
Panache	sm.		帽子上的一篷毛	mao’ ’tse laong’ ih bong mao		帽子上一篷毛		406		true	自旧档汇入	2026-04-13T01:27:08+08:00
Panaris	sm.		瘭疽	zouo deû ting		蛇頭疔		406		true	自旧档汇入	2026-04-13T01:27:08+08:00
Pancarte	sf.		布告[一张]	kao’ bah [ih tsang]		告白[一張]		406		true	自旧档汇入	2026-04-13T01:27:08+08:00
Pancarte	sf.	- du cens affichée à la porte	门牌[一张]	men ba [ih tsang]		門牌[一張]		406		true	自旧档汇入	2026-04-13T01:27:08+08:00
Panier	sm.		篮[一只]	lè [ih tsah]		籃[一隻]		406		true	自旧档汇入	2026-04-13T01:27:08+08:00
Panier	sm.	- pr l'huile	油篓	yeû ’leû		油簍		406		true	自旧档汇入	2026-04-13T01:27:08+08:00
Panier	sm.	Un - de pêches	一篮桃子	ih lè dao ’tse		一籃桃子		406		true	自旧档汇入	2026-04-13T01:27:08+08:00
Panique	sf.		惊恐，突然惊恐	féh zé ziang’ hah sèh ’tsé	féh zé ziang’ h‘ah sèh ’tsé	忽然像嚇殺者		406		true	自旧档汇入	2026-04-13T01:27:08+08:00
Panka	sm.		风扇	fong sé’		風扇		406		true	自旧档汇入	2026-04-13T01:27:08+08:00
Panneau	sm.		板	’daong		蕩		406	中文解释不確定	true	自旧档汇入	2026-04-13T01:27:08+08:00
Panneau	sm.	Tendre un -	用计谋	yong’ tiao bi ki’ ts‘ah		用刁皮計策		406		true	自旧档汇入	2026-04-13T01:27:08+08:00
Panneau	sm.	Donner dans le -	受骗上当	zaong’ taong’		上當		406		true	自旧档汇入	2026-04-13T01:27:08+08:00
Panneau	sm.	Donner dans le -	受骗上当	zaong’ se’ k‘ieu laong		上四圈廊		406		true	自旧档汇入	2026-04-13T01:27:08+08:00
Panorama	sm.		全景，景致	’kieng tse’		景緻	景致	406		true	自旧档汇入	2026-04-13T01:27:08+08:00
Panse	sf.		肚皮	dou’ bi		肚皮		406		true	自旧档汇入	2026-04-13T01:27:08+08:00
Panse	sf.	- de ruminant	复胃	’ts‘ao pao		草胞		406		true	自旧档汇入	2026-04-13T01:27:08+08:00
Panser	va.		检查伤口	k‘eu’ ts‘aong		看瘡		406		true	自旧档汇入	2026-04-13T01:27:08+08:00
Panser	va.		处理伤口	seû tsoh saong ts‘u’		收作傷處		406		true	自旧档汇入	2026-04-13T01:27:08+08:00
Panser	va.		敷药	fou yah		敷藥		406		true	自旧档汇入	2026-04-13T01:27:08+08:00
Pantalon	sm.		裤子	k‘ou’ ’tse [ih diao]		褲子[一條]		406		true	自旧档汇入	2026-04-13T01:27:08+08:00
Pantelant	adj.		气喘吁吁的	haong	h‘aong	吭		406		true	自旧档汇入	2026-04-13T01:27:08+08:00
Pantelant	adj.		喘气的	’ts‘é k‘i’		喘氣		406		true	自旧档汇入	2026-04-13T01:27:08+08:00
Panthère	sf.		豹子	pao’ ’tse		豹子		407		true	自旧档汇入	2026-04-13T01:27:08+08:00
Panthère	sf.		豹[一只]	pao’ [ih tsah]		豹[一隻]		407		true	自旧档汇入	2026-04-13T01:27:08+08:00
Pantomime	sf.		跳舞	t‘iao’ ’wou		跳舞		407		true	自旧档汇入	2026-04-13T01:27:08+08:00
Pantomime	sf.		哑剧	’wou hi’		舞戲		407		true	自旧档汇入	2026-04-13T01:27:08+08:00
Pantoufle	sf.	[Paire]	拖鞋	’gneu ’ti ha [ih saong]		軟底鞋[一雙]		407		true	自旧档汇入	2026-04-13T01:27:08+08:00
Paon	sm.		孔雀	’k‘ong tsiah [ih tsah]		孔雀[一隻]		407	待定	true	自旧档汇入	2026-04-13T01:27:08+08:00
Paon	sm.	Décoré d'une plume de -	戴孔雀翎	ta’ ling mao (h‘ouo ling)		戴翎毛（花翎）		407		true	自旧档汇入	2026-04-13T01:27:08+08:00
Paon	sm.	Plume de - à 2(3) yeux	双眼（三眼）花翎	saong ’ngè (sè ’ngè) h‘ouo ling		雙眼（三眼）花翎		407		true	自旧档汇入	2026-04-13T01:27:08+08:00
Papa	sm.		爷	ya		爺		407		true	自旧档汇入	2026-04-13T01:27:08+08:00
Papa	sm.		爷爷	ya ya		爺爺		407		true	自旧档汇入	2026-04-13T01:27:08+08:00
Papa	sm.		爹爹	tia tia		爹爹		407		true	自旧档汇入	2026-04-13T01:27:08+08:00
Papa	sm.		伯伯	pah pah		伯伯		407		true	自旧档汇入	2026-04-13T01:27:08+08:00
Pape	sm.		教皇	kiao’ h‘ouo’ waong		教化皇		407	字典中的繁体教字没找到	true	自旧档汇入	2026-04-13T01:27:08+08:00
Pape	sm.		教皇	kiao’ waong		教皇		407		true	自旧档汇入	2026-04-13T01:27:08+08:00
Pape	sm.	Le -Pie X.	教皇庇护十世	kiao’ h‘ouo’ waong pi’-wou’ di’ zéh wei’		教化皇庇護第十位		407	待定	true	自旧档汇入	2026-04-13T01:27:08+08:00
Papier	sm.		纸	’tse		紙		407		true	自旧档汇入	2026-04-13T01:27:08+08:00
Papier	sm.		纸张	’tse deû		紙頭		407		true	自旧档汇入	2026-04-13T01:27:08+08:00
Papier	sm.	- pour les morts	纸钱（锭）	’tse zié (’ding)		紙錢（錠）		407		true	自旧档汇入	2026-04-13T01:27:08+08:00
Papier	sm.	- pour les morts	纸元宝	’tse gneu ’pao		紙元寶		407		true	自旧档汇入	2026-04-13T01:27:08+08:00
Papier	sm.	- d'emballage	包装纸	pao ’kou ’tse		包裹紙		407		true	自旧档汇入	2026-04-13T01:27:08+08:00
Papier	sm.	- de verre	砂纸	souo ’tse		沙紙		407		true	自旧档汇入	2026-04-13T01:27:08+08:00
Papier	sm.	- de rebut	废纸	p‘ou’ ’tse deû		破紙頭		407		true	自旧档汇入	2026-04-13T01:27:08+08:00
Papier	sm.	- de rebut	废纸	ze’ ’tse		字紙		407	中文解释不確定，或许是无法投递的信件	true	自旧档汇入	2026-04-13T01:27:08+08:00
Papier	sm.	Papier-monnaie	钱（银，洋）票	zié (gnen, yang) p‘iao’		錢（銀，洋）票		407		true	自旧档汇入	2026-04-13T01:27:08+08:00
Papier	sm.	Papier-monnaie	钞票	ts‘ao’ p‘iao’		鈔票		407		true	自旧档汇入	2026-04-13T01:27:08+08:00
Papier	sm.	Monnaie de - (pr morts)	纸锭	’tse ’ding		紙錠		407		true	自旧档汇入	2026-04-13T01:27:08+08:00
Papillon	sm.		蝴蝶[一只]	wou diéh [ih tsah]		蝴蝶[一隻]		407		true	自旧档汇入	2026-04-13T01:27:08+08:00
Papillon	sm.	- petit et unicolore	蜴蝶，单色蝶	yeh diéh		蜴蝶		407		true	自旧档汇入	2026-04-13T01:27:08+08:00
Papillon	sm.	#NAME?	花蝴蝶	h‘ouo wou diéh		花蝴蝶		407		true	自旧档汇入	2026-04-13T01:27:08+08:00
Papillon	sm.	- de nuit	飞（夜）蛾	fi (ya’) ngou		飛（夜）蛾		407		true	自旧档汇入	2026-04-13T01:27:08+08:00
Papillon	sm.	- de lampe	灯蛾	teng ngou		燈蛾		407		true	自旧档汇入	2026-04-13T01:27:08+08:00
Papillon	sm.	- du ver-à-soie	蚕蛾	zé ngou		蠶蛾		407		true	自旧档汇入	2026-04-13T01:27:08+08:00
Pâques	sf.	Fête de -	复活节，复活瞻礼	woh wéh (k‘ai tsa) tsé ’li		復活（開齋）瞻禮		407		true	自旧档汇入	2026-04-13T01:27:08+08:00
Pâques	sf. pl.	Faire ses -	开四规	k‘ai se’ koei		開四規		407		true	自旧档汇入	2026-04-13T01:27:08+08:00
Paquet	sm.		包	pao		包		407		true	自旧档汇入	2026-04-13T01:27:08+08:00
Paquet	sm.		包裹	pao ’kou		包裹		407		true	自旧档汇入	2026-04-13T01:27:08+08:00
Paquet	sm.	Un - de tabac	一包烟	ih pao yé		一包烟		407		true	自旧档汇入	2026-04-13T01:27:08+08:00
Par	prép.		从	zong		從		407		true	自旧档汇入	2026-04-13T01:27:08+08:00
Par	prép.	On voit - là que	从此可以知道	zong ’ts‘e ’k‘o ’i ’hiao teh		從此可以曉得		407		true	自旧档汇入	2026-04-13T01:27:08+08:00
Par	prép.	- les rues [Aller]	在街上	’la ka laong’		拉街上		407		true	自旧档汇入	2026-04-13T01:27:08+08:00
Par	prép.	- terre [Se coucher]	在地上	’la di’ laong’		拉地上		407	中文解释不確定，或许是三乘三	true	自旧档汇入	2026-04-13T01:27:08+08:00
Par	prép.	Trois - trois	三个三个	sè ke’ sè ke’		三個三個		407		true	自旧档汇入	2026-04-13T01:27:08+08:00
Par	prép.	Quatre fois - mois	一个月四次	ih ke’ gneuh se’ wei		一個月四回		407		true	自旧档汇入	2026-04-13T01:27:08+08:00
Par	prép.	Cent sapèques - tête	每个人一百钱	’mei ih ke’ gnen ih pah dié		每一個人一百錢		407		true	自旧档汇入	2026-04-13T01:27:08+08:00
Par	prép.	Combien - mois	一个月多少？	ih gneuh tou ’sao (h‘ouo’)?		一月多少（化）		407		true	自旧档汇入	2026-04-13T01:27:08+08:00
Parabole	sf.		比如	’pi faong		比方		407		true	自旧档汇入	2026-04-13T01:27:08+08:00
Parabole	sf.		比喻	p‘i’ yu’		譬喻		407		true	自旧档汇入	2026-04-13T01:27:08+08:00
Parade	sf.	Faire la -	阅兵	yuéh ping	yeuh ping	閲兵		407		true	自旧档汇入	2026-04-13T01:27:08+08:00
Parade	sf.	Faire la -	操练军队	ts‘ao ping		操兵		407		true	自旧档汇入	2026-04-13T01:27:08+08:00
Parade	sf.	Faire - de ses richesses	炫耀自家财产	k‘ouo tsang ze’ ka zai ’tsu (kai dong dié)		誇張自家財主（該銅錢）	誇張自家財主（居銅錢）	407		true	自旧档汇入	2026-04-13T01:27:08+08:00
Paradis	sm.		天堂	t‘ié daong		天堂		408		true	自旧档汇入	2026-04-13T01:27:08+08:00
Paradis	sm.	#NAME?	地堂	di’ daong		地堂		408		true	自旧档汇入	2026-04-13T01:27:08+08:00
Parafe	sm.	Paraphe	花押	h‘ouo yah(èh)		花押		408	待定	true	自旧档汇入	2026-04-13T01:27:08+08:00
Parafe	sm.	Paraphe	花字	h‘ouo ze’		花字		408		true	自旧档汇入	2026-04-13T01:27:08+08:00
Parage	sm.		地方	di’ faong		地方		408		true	自旧档汇入	2026-04-13T01:27:08+08:00
Parage	sm.		附近	wou’ ’daong		户蕩		408		true	自旧档汇入	2026-04-13T01:27:08+08:00
Paragraphe	sm.		一节	ih tsih		一節		408		true	自旧档汇入	2026-04-13T01:27:08+08:00
Paragraphe	sm.	(Un)	一段书	ih deu’ su		一段書		408		true	自旧档汇入	2026-04-13T01:27:08+08:00
Paraître	vn.	Apparaître	出现	ts‘éh yé’		出現		408		true	自旧档汇入	2026-04-13T01:27:08+08:00
Paraître	vn.	Apparaître	出现	fèh ’hié ts‘éh lai		發顯出來		408		true	自旧档汇入	2026-04-13T01:27:08+08:00
Paraître	vn.	Sembler	像	ziang’		像		408		true	自旧档汇入	2026-04-13T01:27:08+08:00
Paraître	vn.	Sembler	好像	’h‘ao ziang’		好像		408		true	自旧档汇入	2026-04-13T01:27:08+08:00
Paraître	vn.	Sembler	仿佛	’faong féh		彷彿		408		true	自旧档汇入	2026-04-13T01:27:08+08:00
Paraître	vn.	Sembler	差不多	ts‘ouo véh tou		差不多		408		true	自旧档汇入	2026-04-13T01:27:08+08:00
Paraître	vn.	Mieux vaut être fort (bon) que le -	比起看起来强壮，真正强壮才更好； 名副其实才更好	mié’ ’tse ghia’ (’h‘ao) véh zu kèh ’li ghia’ (’h‘ao)		面子健（好）勿如夾裏健（好）	？	408		true	自旧档汇入	2026-04-13T01:27:08+08:00
Paraître	vn.	D’où il parait que …	从此看来	zong ’ts‘e k‘eu’ lai		從此看來		408		true	自旧档汇入	2026-04-13T01:27:08+08:00
Paraître	vn.	D’où il parait que …	从此看来	zéh kai’ neng k‘eu’ ’k‘i lai		實蓋能看起來		408		true	自旧档汇入	2026-04-13T01:27:08+08:00
Paraître	vn.	Il ne parait pas …	不见得	véh kié’ teh...		勿見得…		408		true	自旧档汇入	2026-04-13T01:27:08+08:00
Paraître	vn.	- en public	上台面	zaong’ dè zang (dai mié’)		上談場（臺面）		408		true	自旧档汇入	2026-04-13T01:27:08+08:00
Parallèle	adj.		平行	bing hang		平行		408	两点朝外的平（旧形字）没找到	true	自旧档汇入	2026-04-13T01:27:08+08:00
Parallèle	sf.		平行线	bing hang sié’		平行綫		408		true	自旧档汇入	2026-04-13T01:27:08+08:00
Parallèle	sm. Cf.	Latitude	维度（线）	wei’ dou’ (sié’)		緯度（綫）		408	Cf.是“即”的意思，不确定放在词性部分好还是放在法文词义部分好	true	自旧档汇入	2026-04-13T01:27:08+08:00
Parallélipipède	sm.		立方体	lih faong ’t‘i		立方體		408		true	自旧档汇入	2026-04-13T01:27:08+08:00
Parallélogramme	sm.		平行四边形	bing hang pié yeng		平行邊形		408		true	自旧档汇入	2026-04-13T01:27:08+08:00
Paralysé	pp.		中风的	tsong’ fong		中風		408		true	自旧档汇入	2026-04-13T01:27:08+08:00
Paralysé	pp.		瘫的	t‘è tsé’	t‘è ’tsé	癱者		408		true	自旧档汇入	2026-04-13T01:27:08+08:00
Paralysé	pp.	- des pieds et des mains	四肢瘫痪	se’ tse fong		四肢瘋		408		true	自旧档汇入	2026-04-13T01:27:08+08:00
Paralysé	pp.	- des pieds et des mains	四肢瘫痪	t‘è kiah t‘è ’seû		癱脚癱手		408		true	自旧档汇入	2026-04-13T01:27:08+08:00
Paralysie	sf.		麻痹，瘫痪	fong		瘋		408		true	自旧档汇入	2026-04-13T01:27:08+08:00
Paralysie	sf.		瘫痪病	fong t‘è bing’		瘋癱病		408		true	自旧档汇入	2026-04-13T01:27:08+08:00
Paralysie	sf.		瘫痪病	t‘è bing’		癱病		408		true	自旧档汇入	2026-04-13T01:27:08+08:00
Paralysie	sf.	Avoir une attaque de -	瘫痪发作	sang ze’ t‘è bing’ ’tsé		生是癱病者		408		true	自旧档汇入	2026-04-13T01:27:08+08:00
Paralytique	s. et adj.		瘫痪的	t‘è ’tse		癱子		408		true	自旧档汇入	2026-04-13T01:27:08+08:00
Parapet	sm.		护墙	zeng tou ’tse	zeng ’tou ’tse	城堵子		408		true	自旧档汇入	2026-04-13T01:27:08+08:00
Parapet	sm.	- d'un pont	桥栏杆	ghiao lè keu(’siao ziang)		橋欄杆（小墻）		408		true	自旧档汇入	2026-04-13T01:27:08+08:00
Paraphraser	va.		讲书，解述	’kaong su		講書		408		true	自旧档汇入	2026-04-13T01:27:08+08:00
Paraphraser	va.		注解	tsu’ ’ka		注解		408		true	自旧档汇入	2026-04-13T01:27:08+08:00
Parapluie	sm.		伞[一把]	sè’ [ih ’pouo]		傘[一把]		408		true	自旧档汇入	2026-04-13T01:27:08+08:00
Parapluie	sm.		雨伞	’yu sè’		雨傘		408		true	自旧档汇入	2026-04-13T01:27:08+08:00
Parasite	sm.		吃闲饭的，寄生虫	k‘ieh hè (’ké) vè’ ke’		吃閑（戡）飯个	吃閑（？）飯个	408	待定	true	自旧档汇入	2026-04-13T01:27:08+08:00
Parasite	adj.	Plante -	寄生草	ki’ sang ’ts‘ao		寄生草		408		true	自旧档汇入	2026-04-13T01:27:08+08:00
Parasol	sm.		伞[一把]	sè’ [ih ’pouo]		傘[一把]		408		true	自旧档汇入	2026-04-13T01:27:08+08:00
Parasol	sm.		日照伞	gnéh tsao’ sè’		日照傘		408		true	自旧档汇入	2026-04-13T01:27:08+08:00
Parasol	sm.	- d'honneur à mimandarin	万民伞	vè’ min sè’		萬民傘		408		true	自旧档汇入	2026-04-13T01:27:08+08:00
Paratonnerre			避雷针	taong’ dié’ tsen	’taong dié’ tsen	擋電針		408		true	自旧档汇入	2026-04-13T01:27:08+08:00
Paravent	sm.		屏风	bing fong		屏風		408		true	自旧档汇入	2026-04-13T01:27:08+08:00
Parc	sm.		树林	zu’ lin		樹林		408		true	自旧档汇入	2026-04-13T01:27:08+08:00
Parc	sm.		树园	zu’ yeu		樹園		408		true	自旧档汇入	2026-04-13T01:27:08+08:00
Parc	sm.	- d'animaux	圈	k‘ieu		圈		408		true	自旧档汇入	2026-04-13T01:27:08+08:00
Parcelle	sf.		小块	’siao k‘oei’ deû		小塊頭		408		true	自旧档汇入	2026-04-13T01:27:08+08:00
Parcelle	sf.		小粒	lih sih 		粒屑		408		true	自旧档汇入	2026-04-13T01:27:08+08:00
Parcelle	sf.		零碎	ling sé’		零碎		408		true	自旧档汇入	2026-04-13T01:27:08+08:00
Parce que	loc. conj.		因为	yen wei’		因為		408		true	自旧档汇入	2026-04-13T01:27:08+08:00
Parchemin	sm.		羊皮紙	zôh yang bi		熟羊皮		408		true	自旧档汇入	2026-04-13T01:27:08+08:00
Parcimonie	sf.		小气	’siao k‘i’		小氣		408		true	自旧档汇入	2026-04-13T01:27:08+08:00
Parcimonie	sf.		悭吝	k‘è lin’		慳吝		408		true	自旧档汇入	2026-04-13T01:27:08+08:00
Parcimonieux	adj.		不舍得用钱的	’souo véh teh yong’ dong dié		捨勿得用銅錢		409		true	自旧档汇入	2026-04-13T01:27:08+08:00
Parcourir	va.		走一圈	’tseû ih ’tsé		走一轉		409		true	自旧档汇入	2026-04-13T01:27:08+08:00
Parcourir	va.		转来转去	deû lai deû k‘i’		逗來逗去	？	409	待定 一作“投”	true	自旧档汇入	2026-04-13T01:27:08+08:00
Parcourir	va.	- des yeux	过过眼	kou’ kou’ ’ngè		過過眼		409		true	自旧档汇入	2026-04-13T01:27:08+08:00
Parcours	sm.		一条路	ih diao lou’		一條路		409		true	自旧档汇入	2026-04-13T01:27:08+08:00
Pardessus	sm.	court	马褂	’mô kouo’		馬褂		409		true	自旧档汇入	2026-04-13T01:27:08+08:00
Pardon	sm.	- ! 	饶恕	gnao souo’		饒赦		409		true	自旧档汇入	2026-04-13T01:27:08+08:00
Pardon	sm.	- ! 	得罪得罪	teh zu’ teh zu’		得罪得罪		409		true	自旧档汇入	2026-04-13T01:27:08+08:00
Pardon	sm.		求饶恕	ghieû gnao souo’		求饒赦		409		true	自旧档汇入	2026-04-13T01:27:08+08:00
Pardon	sm.		求宽免	ghieû k‘oé ’mié		求寬免		409		true	自旧档汇入	2026-04-13T01:27:08+08:00
Pardon	sm.		得罪	teh zu’ 		得罪		409		true	自旧档汇入	2026-04-13T01:27:08+08:00
Pardonnable	adj.		可以原谅的	’k‘o ’i gneu liang’ ke’		可以原諒个		409		true	自旧档汇入	2026-04-13T01:27:08+08:00
Pardonner	va.		饶	gnao		饒		409		true	自旧档汇入	2026-04-13T01:27:08+08:00
Pardonner	va.		宽免	k‘oé ’mié		寬免		409		true	自旧档汇入	2026-04-13T01:27:08+08:00
Pardonner	va.		宽恕	k‘oé su’		寬恕		409		true	自旧档汇入	2026-04-13T01:27:08+08:00
Pardonner	va.	Se - tout à soi, rien aux autres	严以待人，宽以律己	’dai ze’ ka zé’, ’dai biéh gnen hiong		待自家善，待别人凶		409	格式	true	自旧档汇入	2026-04-13T01:27:08+08:00
Pareil	sm.	Sans -	与众不同	’pi tsong’ péh dong		比衆不同		409		true	自旧档汇入	2026-04-13T01:27:08+08:00
Pareil	sm.	Sans -	独一无二	m teh di’ gni’ ke’		没得第二个	嘸得第二个	409		true	自旧档汇入	2026-04-13T01:27:08+08:00
Pareil	sm.	Force sans pareille	无与伦比的力量	lih liang’ dou’ lai m kai’		力量大來無蓋	力量大來嘸蓋	409		true	自旧档汇入	2026-04-13T01:27:08+08:00
Pareil	adj.	Semblable à	一样	ih yang’		一樣		409		true	自旧档汇入	2026-04-13T01:27:08+08:00
Pareil	adj.	Semblable à	如同	zu dong		如同		409		true	自旧档汇入	2026-04-13T01:27:08+08:00
Pareil	adj.	Semblable à	好像	’h‘ao ziang’		好像		409		true	自旧档汇入	2026-04-13T01:27:08+08:00
Pareil	adj.	Semblable à	仿佛	’faong féh		彷彿		409		true	自旧档汇入	2026-04-13T01:27:08+08:00
Pareil	adj.	Semblable à	相像	siang ziang’		相像		409		true	自旧档汇入	2026-04-13T01:27:08+08:00
Pareillement	adv.		一模一样	ih seh ih yang’		一式一樣		409		true	自旧档汇入	2026-04-13T01:27:08+08:00
Parement	sm.		花饰	h‘ouo deû		花頭		409		true	自旧档汇入	2026-04-13T01:27:08+08:00
Parement	sm.		装饰	tsaong seh		妝飾		409		true	自旧档汇入	2026-04-13T01:27:08+08:00
Parement	sm.		摆设	’pa séh		擺設		409		true	自旧档汇入	2026-04-13T01:27:08+08:00
Parement	sm. (C.)	Devant d'autel	台帷	dai wei		臺幃		409		true	自旧档汇入	2026-04-13T01:27:08+08:00
Parement	sm.	Poignet de manche	袖口	zieû’ deû		袖頭		409		true	自旧档汇入	2026-04-13T01:27:08+08:00
Parent	sm. et adj.		亲属	ts‘in kieu’		親眷		409		true	自旧档汇入	2026-04-13T01:27:08+08:00
Parent	sm. et adj.		嫡亲	tieh ts‘in		嫡親		409		true	自旧档汇入	2026-04-13T01:27:08+08:00
Parent	sm. et adj.	Être -	是一家人	ze’ ih ka		是一家		409		true	自旧档汇入	2026-04-13T01:27:08+08:00
Parent	sm. et adj.	Être -	自家人	ze’ ka ôh ’li		自家屋裏		409		true	自旧档汇入	2026-04-13T01:27:08+08:00
Parent	sm. et adj.	À quel degré … ? Cf. Degré	你与他什么亲属关系？	nong’ tèh ’tse i sa’ ts‘eng hou ? sa’ ts‘in kieu’?	nong’ tèh tse i sa’ ts‘eng h‘ou ? sa’ ts‘in kieu’?	儂搭之伊啥稱呼？啥親眷		409	格式	true	自旧档汇入	2026-04-13T01:27:08+08:00
Parent	sm. et adj.	Proche -	近亲	ghien’ zôh		近族		409		true	自旧档汇入	2026-04-13T01:27:08+08:00
Parent	sm. et adj.	Proche -	至亲骨肉	tse’ ts‘in ke’ koéh zôh		至親个骨肉		409	待定	true	自旧档汇入	2026-04-13T01:27:08+08:00
Parent	sm. et adj.	Les -s. Père et mère	父母	vou’ ’mou		父母		409		true	自旧档汇入	2026-04-13T01:27:08+08:00
Parent	sm. et adj.	Les -s. Père et mère	爹娘	ya gnang		爺娘		409		true	自旧档汇入	2026-04-13T01:27:08+08:00
Parent	sm. et adj.	Les -s. Père et mère	亲爹娘	ts‘in ya gnang		親爺娘		409		true	自旧档汇入	2026-04-13T01:27:08+08:00
Parent	sm. et adj.	Les -s. Père et mère	双亲	’liang (saong) ts‘in		兩（雙）親		409		true	自旧档汇入	2026-04-13T01:27:08+08:00
Parent	sm. et adj.	Aux -s de …	由大人担当	dou’ gnen tè taong		大人担當		409	中文解释不确定 保留簡體	true	自旧档汇入	2026-04-13T01:27:08+08:00
Parent	sm. et adj.	Aimer, respecter ses -s	孝敬父母	hiao’ kieng’ vou’ ’mou’	hiao’ kieng’ vou’ ’mou	孝敬父母		409	印刷錯誤	true	自旧档汇入	2026-04-13T01:27:08+08:00
Parent	sm. et adj.	Maltraiter ses -s	骂父母，打父母	mô’ ’lao ’tang ya gnang		駡咾打爺娘		409		true	自旧档汇入	2026-04-13T01:27:08+08:00
Parenté	sf.		亲戚	ts‘in ts‘ih		親戚		409		true	自旧档汇入	2026-04-13T01:27:08+08:00
Parenté	sf.		六亲三眷	lôh ts‘in sè kieu’		六親三眷		409		true	自旧档汇入	2026-04-13T01:27:08+08:00
Parenté	sf.	- par les hommes	族内	zôh tsong		族中		409		true	自旧档汇入	2026-04-13T01:27:08+08:00
Parenté	sf.	- par les hommes	宗亲	nei’ ts‘in zôh		内親族		409		true	自旧档汇入	2026-04-13T01:27:08+08:00
Parenté	sf.	- par les femmes	亲眷	ts‘in kieu’		親眷		409		true	自旧档汇入	2026-04-13T01:27:08+08:00
Parenté	sf.	- par les femmes	表亲戚	piao ts‘in	’piao ts‘in	表親		409		true	自旧档汇入	2026-04-13T01:27:08+08:00
Parenté	sf.	- par les femmes	外亲	nga’ ts‘in ts‘ih		外親戚		409		true	自旧档汇入	2026-04-13T01:27:08+08:00
Parenté	sf. (C.)	#NAME?	神亲	zen ts‘in		神親		409		true	自旧档汇入	2026-04-13T01:27:08+08:00
Parer	va.	un coup	防备	baong bei’		防備		409		true	自旧档汇入	2026-04-13T01:27:08+08:00
Parer	va.	un coup	躲避	t‘aong t‘éh		[扌党]脱	[湯手]脱	409		true	自旧档汇入	2026-04-13T01:27:08+08:00
Parer	va.	Orner	装饰	tsaong seh		裝飾		409		true	自旧档汇入	2026-04-13T01:27:08+08:00
Parer	vr.	Se -	打扮自己，炫耀自己	’tang pè’ ze’ ka		打扮自家		409		true	自旧档汇入	2026-04-13T01:27:08+08:00
Paresse	sf.		懒惰	’lè dou’		懶惰		410		true	自旧档汇入	2026-04-13T01:27:08+08:00
Paresse	sf.		懒惰	’lè p‘oh		懶朴	懶[革頁]	410		true	自旧档汇入	2026-04-13T01:27:08+08:00
Paresse	sf.	S'adonner à la -	好吃懒做	h‘ao’ ’lè		好懶		410		true	自旧档汇入	2026-04-13T01:27:08+08:00
Paresse	sf.	S'adonner à la -	闲游浪荡	hè yeû laong’ daong’		閑游浪宕	閑游[走良]趤	410		true	自旧档汇入	2026-04-13T01:27:08+08:00
Paresseux	adj.		懒惰	’lè dou’		懶惰		410		true	自旧档汇入	2026-04-13T01:27:08+08:00
Paresseux	adj.		懒	’lè		懶		410		true	自旧档汇入	2026-04-13T01:27:08+08:00
Paresseux	adj.		懈怠	yai’ dai’		懈怠		410	懈字竖不出头，打不出	true	自旧档汇入	2026-04-13T01:27:08+08:00
Parfaire	va.		成全	zeng zié		成全		410		true	自旧档汇入	2026-04-13T01:27:08+08:00
Parfaire	va.		使完善	tsou’ tao’ men (ka’)		做到門（界）		410		true	自旧档汇入	2026-04-13T01:27:08+08:00
Parfait	adj.	Excellent	十分好	zéh fen ’h‘ao		十分好		410		true	自旧档汇入	2026-04-13T01:27:08+08:00
Parfait	adj.	Excellent	十全十美	zéh zié zéh ’mei		十全十美		410		true	自旧档汇入	2026-04-13T01:27:08+08:00
Parfait	adj.	Dieu est -.	上帝是完美的	T‘ié ’tsu zié ’h‘ao ke’, zié bei’ ke’		天主全好个，全備个		410	格式	true	自旧档汇入	2026-04-13T01:27:08+08:00
Parfait	adj.	Complet	完全的	zeng zié ke’		成全个		410		true	自旧档汇入	2026-04-13T01:27:08+08:00
Parfait	adj.	Complet	完全的	wé zié ke’		完全者		410		true	自旧档汇入	2026-04-13T01:27:08+08:00
Parfaitement	adv.		蛮好，完美地	mè ’h‘ao		蠻好		410		true	自旧档汇入	2026-04-13T01:27:08+08:00
Parfois	adv.		有时候，有几回	’yeû zang ze		有常時		410		true	自旧档汇入	2026-04-13T01:27:08+08:00
Parfois	adv.		有时候，有几回	’yeû ze heû’		有時候		410		true	自旧档汇入	2026-04-13T01:27:08+08:00
Parfois	adv.		有时候，有几回	’yeû ’ki wei		有幾回		410		true	自旧档汇入	2026-04-13T01:27:08+08:00
Parfum	sm.		香	hiang		香		410		true	自旧档汇入	2026-04-13T01:27:08+08:00
Parfum	sm.		香味（气）	hiang wi’(k‘i’）		香味（氣）		410		true	自旧档汇入	2026-04-13T01:27:08+08:00
Parfumer	va.		熏香	hiun hiang		薰香		410		true	自旧档汇入	2026-04-13T01:27:08+08:00
Pari	sm.	Parier.va.	赌注，下赌	’tou kong dao’		賭公道		410	此处名词和动词在字典上被放置在同一行，为了整理清晰度，我将他们分开整理	true	自旧档汇入	2026-04-13T01:27:08+08:00
Pari	sm.		赌输赢	’tou su yeng		賭輸贏		410		true	自旧档汇入	2026-04-13T01:27:08+08:00
Parier	va.	Il y a gros à - que (8/10)	有八分机会	’yeû pèh fen		有八分		410	字典上十分之八的表示方法无法输入	true	自旧档汇入	2026-04-13T01:27:08+08:00
Parier	va.	Il y a gros à - que (8/11)	十成里有八成机会	zéh zeng ’li ’yeû pèh zeng		十成裏有八成		410		true	自旧档汇入	2026-04-13T01:27:08+08:00
Parjure 	sm. et adj.		伪誓，发伪誓的人	hiu ze’		虚誓		410		true	自旧档汇入	2026-04-13T01:27:08+08:00
Parjurer	vr.	(Se)	发伪誓	fèh hiu ze’		發虚誓		410		true	自旧档汇入	2026-04-13T01:27:08+08:00
Parlementer	vn. Fig.		谈判，商量	wo’ wou		話和		410		true	自旧档汇入	2026-04-13T01:27:08+08:00
Parlementer	vn. Fig.		谈判，商量	saong liang		商量		410		true	自旧档汇入	2026-04-13T01:27:08+08:00
Parler	vn. et va.		说话，讲话	wo’		話和		410		true	自旧档汇入	2026-04-13T01:27:08+08:00
Parler	vn. et va.		说话，讲话	wo’ seh wo’		話説話		410		true	自旧档汇入	2026-04-13T01:27:08+08:00
Parler	vn. et va.		说话，讲话	bah wo’		白話		410		true	自旧档汇入	2026-04-13T01:27:08+08:00
Parler	vn. et va.	Ne pouvoir -	说不出（来）	wo’ véh lai (ts‘éh)		話勿來（出）		410		true	自旧档汇入	2026-04-13T01:27:08+08:00
Parler	vn. et va.	N'être bon qu'à -	光说不做	tè wei’ wo’ véh wei’ tsou’		單會話勿會做		410		true	自旧档汇入	2026-04-13T01:27:08+08:00
Parler	vn. et va.	N'être bon qu'à -	光说不做	tè ts‘éh tsah ’tse wo’ ’lao tsou’ véh lai		單出隻嘴話咾做勿來		410		true	自旧档汇入	2026-04-13T01:27:08+08:00
Parler	vn. et va.	N'être bon qu'à -	嘴动手不动	’tse dong’ ’seû véh dong’		嘴動手不動		410		true	自旧档汇入	2026-04-13T01:27:08+08:00
Parler	vn. et va.	- contre sa pensée	口是心非	sin ’k‘eû véh tei’(dong)		心口勿對（同）		410		true	自旧档汇入	2026-04-13T01:27:08+08:00
Parler	vn. et va.	- contre sa pensée	口是心非	’k‘eû ze’ sin fi		口是心非		410		true	自旧档汇入	2026-04-13T01:27:08+08:00
Parler	vn. et va.	#NAME?	失言	séh yé		失言		410		true	自旧档汇入	2026-04-13T01:27:08+08:00
Parler	vn. et va.	#NAME?	失言	wo’ zah ’ba wo’ t‘euh ba	wo’ zah ’ba wo’ t‘euh ’ba	話着罷話脱罷		410	第二個“罷”的聲調	true	自旧档汇入	2026-04-13T01:27:08+08:00
Parler	vn. et va.	#NAME?	杂七杂八地说	wo’ lai zéh ts‘ih zéh pèh		話來雜七雜八		410		true	自旧档汇入	2026-04-13T01:27:08+08:00
Parler	vn. et va.	#NAME?	瞎说	hèh wo’	h‘èh wo’	瞎話		410		true	自旧档汇入	2026-04-13T01:27:08+08:00
Parler	vn. et va.	#NAME?	乱说	leu’ dao’		亂道		410		true	自旧档汇入	2026-04-13T01:27:08+08:00
Parler	vn. et va.	#NAME?	没着落地乱说话	wo’ lai véh zah véh loh		話來勿着勿落		410		true	自旧档汇入	2026-04-13T01:27:08+08:00
Parler	vn. et va.	- sans suite	讲话东一句西一句	seh wo’ tong ih kiu’ si ih kiu’		説話東一句西一句		410		true	自旧档汇入	2026-04-13T01:27:08+08:00
Parler	vn. et va.	- sans suite	说话不连贯	véh lié ke’		勿連个		410		true	自旧档汇入	2026-04-13T01:27:08+08:00
Parler	vn. et va.	- sans suite	前后不连贯	zié heû’ véh tsih		前後勿接		410		true	自旧档汇入	2026-04-13T01:27:08+08:00
Parler	vn. et va.	De qui parlez-vous ?	你在说谁？	nong’ wo’ sa’ gnen ?		儂話啥人		410		true	自旧档汇入	2026-04-13T01:27:08+08:00
Parler	vn. et va.	On parle de vous en mauvaise part.	有人谈论你。	’yeû gnen wo’ nong’		有人話儂		410		true	自旧档汇入	2026-04-13T01:27:08+08:00
Parler	vn. et va.	On parle de vous en mauvaise part.	有人说你闲话。	’yeû gnen hè yé hè ’gnu wo’ nong’		有人閑言閑語話儂		410		true	自旧档汇入	2026-04-13T01:27:08+08:00
Parler	vn. et va.	- de qqch.	提起	di ’k‘i		提起		410		true	自旧档汇入	2026-04-13T01:27:08+08:00
Parler	vn. et va.	- de qqch.	说起	wo’ ’k‘i		話起		410		true	自旧档汇入	2026-04-13T01:27:08+08:00
Parler	vn. et va.	Cela ne vaut pas la peine d'en -.	说也不要说起。	wo’ ’a véh yao’ wo’ ’k‘i		話也勿要話起		410		true	自旧档汇入	2026-04-13T01:27:08+08:00
Parler	vn. et va.	Cela ne vaut pas la peine d'en -.	提也不要提起。	di ’a véh yao’ di ’k‘i		提也勿要提起		411	待定 格式	true	自旧档汇入	2026-04-13T01:27:08+08:00
Parler	vn. et va.	Ne parlez pas	不要发声	véh yao’ ’hiang		勿要响		411	保留簡體	true	自旧档汇入	2026-04-13T01:27:08+08:00
Parler	vn. et va.	N'en ,, ,,	不要说	véh yao’ wo’		勿要話		411		true	自旧档汇入	2026-04-13T01:27:08+08:00
Parleur	sm.	Beau -	说话有好风采的	dè fong ’h‘ao ke’		談風好个		411		true	自旧档汇入	2026-04-13T01:27:08+08:00
Parleur	sm.	Beau -	说起话来绘声绘色	wei’ wo’ lai ts‘éh zen ts‘éh h‘ouo		會話來出神出花		411		true	自旧档汇入	2026-04-13T01:27:08+08:00
Parleur	sm.	Beau -	有口才的	’yeû ’k‘eû zai ke’		有口才个		411		true	自旧档汇入	2026-04-13T01:27:08+08:00
Parleur	sm.	Beau -	能说会道的	wei’ seh wei’ wo’ ke’		會説會話个		411		true	自旧档汇入	2026-04-13T01:27:08+08:00
Parloir	sm.		客厅	k‘ah t‘ing		客廳		411		true	自旧档汇入	2026-04-13T01:27:08+08:00
Parloir	sm.		会客室	k‘ah wei’ kè		客會間		411		true	自旧档汇入	2026-04-13T01:27:08+08:00
Parmi	prép.		当中	taong tsong		當中		411		true	自旧档汇入	2026-04-13T01:27:08+08:00
Parmi	prép.	#NAME?	在他们当中	’la i ’la taong tsong		拉伊拉當中		411		true	自旧档汇入	2026-04-13T01:27:08+08:00
Parmi	prép.	- les hommes, les uns sont bons, les autres mauvais.	人有好有坏	gnen ’yeû ’h‘ao ’yeû k‘ieû		人有好有恘		411		true	自旧档汇入	2026-04-13T01:27:08+08:00
Paroi	sf.		墙壁	kè pih		間壁		411		true	自旧档汇入	2026-04-13T01:27:08+08:00
Paroi	sf.		墙壁	pih kiah		壁脚		411		true	自旧档汇入	2026-04-13T01:27:08+08:00
Parole	sf.		一句话，话语	ih kiu’ seh wo’, wo’ deû		一句説話，話頭		411	此处法文词义与中文不匹配 格式	true	自旧档汇入	2026-04-13T01:27:08+08:00
Parole	sf.	#NAME?		hè wo’		閑話		411		true	自旧档汇入	2026-04-13T01:27:08+08:00
Parole	sf.	#NAME?	说话不恰当，不投机，不中听	wo’ lai véh hèh ’h‘ao, véh deû ki, véh tsong’ t‘ing	wo’ lai véh h‘èh ’h‘ao, véh deû ki, véh tsong’ t‘ing	話來勿恰好，勿投機，勿中聽		411	此处若是分开写就会出现语义断裂，故放在一栏 格式	true	自旧档汇入	2026-04-13T01:27:08+08:00
Parole	sf.	#NAME?	说话莽撞	seh wo’ maong zaong’		説話忙撞		411	待定	true	自旧档汇入	2026-04-13T01:27:08+08:00
Parole	sf.	- en l'air	空话，凭空讲话	bing k‘ong ke’ seh wo’		憑空个説話		411		true	自旧档汇入	2026-04-13T01:27:08+08:00
Parole	sf.	En dire à pleine bouche	满口说闲话	’mé ’k‘eû wo’ hè wo’		滿口話閑話		411		true	自旧档汇入	2026-04-13T01:27:08+08:00
Parole	sf.	Donner de bonnes -s	说好话	’tse ’li wo’ ’h‘ao wo’		嘴裏話好話		411		true	自旧档汇入	2026-04-13T01:27:08+08:00
Parole	sf.	Donner sa -	允诺	’yun ’hiu		允許		411		true	自旧档汇入	2026-04-13T01:27:08+08:00
Parole	sf.	Y manquer	食言	zeh yé		食言		411		true	自旧档汇入	2026-04-13T01:27:08+08:00
Parole	sf.	Y manquer	失信	séh sin’		失信		411		true	自旧档汇入	2026-04-13T01:27:08+08:00
Parole	sf.	Avoir deux -s	前言不搭后语	heû’ yé véh kou’ zié ’gnu		後言勿顧前語		411		true	自旧档汇入	2026-04-13T01:27:08+08:00
Parole	sf.	Être homme de -	讲一句是一句	wo’ ih kiu’ ze’ ih kiu’		話一句是一句		411		true	自旧档汇入	2026-04-13T01:27:08+08:00
Parole	sf.	Être homme de -	说一是一	wo’ ih ze’ ih		話一是一		411		true	自旧档汇入	2026-04-13T01:27:08+08:00
Parole	sf.	Être homme de -	一言为定，守信用	’i ih wei ding’ 		以一為定		411		true	自旧档汇入	2026-04-13T01:27:08+08:00
Parole	sf.	Être homme de -	遵守诺言，言出必行	’tse zah wei kien		指石為金		411		true	自旧档汇入	2026-04-13T01:27:08+08:00
Parole	sf.	Couper la - aux gens.	插嘴	ts‘èh ’tse		插嘴		411		true	自旧档汇入	2026-04-13T01:27:08+08:00
Parole	sf.	Vous n'avez pas la -.	不用你插嘴	véh zeng a zah nong’ k‘ai ’k‘eû		勿曾挨着儂開口		411		true	自旧档汇入	2026-04-13T01:27:08+08:00
Paroxysme	sm.		极点	ghieh deû di’ bou’		極頭地步		411		true	自旧档汇入	2026-04-13T01:27:08+08:00
Paroxysme	sm.	Être au - de la colère	在气头上	’la k‘i’ deû laong’		拉氣頭上		411		true	自旧档汇入	2026-04-13T01:27:08+08:00
Paroxysme	sm.	Être au - de la colère	极度生气	koang ’h‘ou ’lao mao’ k‘i’ ts‘ong t‘ié		黆火咾冒氣衝天	？	411	找不到字典上左边为黄右边为欠的字	true	自旧档汇入	2026-04-13T01:27:08+08:00
Parquer	va.		圈起来，关押	k‘ieu ’k‘i lai		圈起来		411		true	自旧档汇入	2026-04-13T01:27:08+08:00
Parquet	sm.		地板	di’ koh ’pè		地擱板		411		true	自旧档汇入	2026-04-13T01:27:08+08:00
Parquet	sm.	- à l'étage	搁板	koh ’pè		擱板		411		true	自旧档汇入	2026-04-13T01:27:08+08:00
Parquet	sm.	- à l'étage	楼板	leû ’pè		樓板		411		true	自旧档汇入	2026-04-13T01:27:08+08:00
Parrain	sm. (C.)		代父	dai’ vou’		代父		411		true	自旧档汇入	2026-04-13T01:27:08+08:00
Parricide	sm.		杀父的	sèh ya ke’		殺爺个		411		true	自旧档汇入	2026-04-13T01:27:08+08:00
Part	sf.		分开，分头	ven’		分		411	待定	true	自旧档汇入	2026-04-13T01:27:08+08:00
Part	sf.		分开，分头	ven’ deû		分頭		411		true	自旧档汇入	2026-04-13T01:27:08+08:00
Part	sf.	De toute -	四面八方	se’ mié’ pèh faong		四面八方		411		true	自旧档汇入	2026-04-13T01:27:08+08:00
Part	sf.	De toutes -s	四面八方	sè’ faong tseû ’tsé		四方周轉		411		true	自旧档汇入	2026-04-13T01:27:08+08:00
Part	sf.	Prendre en bonne -	从好的方面想	zong ’h‘ao ke’ ih mié’ ’siang		從好个一面想		411		true	自旧档汇入	2026-04-13T01:27:08+08:00
Part	sf.	Saluez ma -	替我问好	t‘i’ ’ngou maong’ maong’ (’ts‘ing eu ’ba)		替我望望（請安罷）		411		true	自旧档汇入	2026-04-13T01:27:08+08:00
Part	sf.	Lettre de faire-part de mort.	死讯	’si sin’		死信		412		true	自旧档汇入	2026-04-13T01:27:08+08:00
Part	sf.	Lettre de faire-part de mort.	报丧	pao’ saong		報喪		412		true	自旧档汇入	2026-04-13T01:27:08+08:00
Part	sf.	Être un homme à -	与众不同的人	dong biéh gnen keh wai’ ’liang yang’ ke’		同别人格外兩樣个		412		true	自旧档汇入	2026-04-13T01:27:08+08:00
Part	sf.	Vivre à -	自己生活，自给自足	ze’ ka k‘ai ’h‘ou ts‘aong		自家開火窗		412		true	自旧档汇入	2026-04-13T01:27:08+08:00
Part	sf.	Se dire à - soi	在心里与自己说话	sin ’li ze’ ka ’la wo’		心理自家拉話		412	中文解释不明	true	自旧档汇入	2026-04-13T01:27:08+08:00
Part	sf.	À - cela	除此之外	zu ts‘éh di’ ke’ ’i wai’		除出第个以外		412		true	自旧档汇入	2026-04-13T01:27:08+08:00
Part	sf.	- d'intérêt. Action.	分股份	ven’		分		412		true	自旧档汇入	2026-04-13T01:27:08+08:00
Part	sf.	- d'intérêt. Action.	分股份	’kou		股		412		true	自旧档汇入	2026-04-13T01:27:08+08:00
Part	sf.	- d'intérêt. Action.	分股份	ven’ deû		分頭		412		true	自旧档汇入	2026-04-13T01:27:08+08:00
Part	sf.	- d'intérêt. Action.	分股份	’kou deû		股頭		412		true	自旧档汇入	2026-04-13T01:27:08+08:00
Partage	sm.		分	fen		分		412	前作ven	true	自旧档汇入	2026-04-13T01:27:08+08:00
Partage	sm.	Le - n'est pas égal.	不是对半分	véh ze’ tei’ fen		勿是對分		412		true	自旧档汇入	2026-04-13T01:27:08+08:00
Partage	sm.	Le - n'est pas égal.	分得不公平	fen teh véh kong bing (dao’)		分得勿公平（道）		412		true	自旧档汇入	2026-04-13T01:27:08+08:00
Partage	sm.	Faire le - des biens	分家	fen ka		分家		412		true	自旧档汇入	2026-04-13T01:27:08+08:00
Partage	sm.	Le - fait, les frères restent voisins.	分家不分户	fen ka véh fen wou’		分家勿分户		412		true	自旧档汇入	2026-04-13T01:27:08+08:00
Partage	sm.	Acte de -	分配书（凭据，纸）	fen su (kiu’, ’tse)		分書（據，紙）		412		true	自旧档汇入	2026-04-13T01:27:08+08:00
Partage	sm.	Part réservée par les parents	养老田	’yang zé’		養膳		412		true	自旧档汇入	2026-04-13T01:27:08+08:00
Partage	sm.	Part réservée par les parents	养老田	zé’ dié		膳田		412		true	自旧档汇入	2026-04-13T01:27:08+08:00
Partage	sm.	Part réservée par les parents	养老田	’yang ’lao dié		養老田		412		true	自旧档汇入	2026-04-13T01:27:08+08:00
Partage	va.		分	fen		分		412		true	自旧档汇入	2026-04-13T01:27:08+08:00
Partage	va.		分开	fen k‘ai		分開		412		true	自旧档汇入	2026-04-13T01:27:08+08:00
Partage	va.		分派	p‘a’		派		412		true	自旧档汇入	2026-04-13T01:27:08+08:00
Partance	sf.	(En)	即将出发，临行	lin ghi ’tseû		臨期走		412		true	自旧档汇入	2026-04-13T01:27:08+08:00
Partance	sf.	(En)	即将出发，临行	dong’ sen k‘oa’		動身快		412		true	自旧档汇入	2026-04-13T01:27:08+08:00
Partance	sf.	Navire en -	即将起航的船	yao’ k‘ai zé		要開船		412		true	自旧档汇入	2026-04-13T01:27:08+08:00
Partenaire	sm.		搭档，伙伴	kéh tsou’		合做		412		true	自旧档汇入	2026-04-13T01:27:08+08:00
Partenaire	sm.		搭档，伙伴	dao bé’		淘伴		412		true	自旧档汇入	2026-04-13T01:27:08+08:00
Partenaire	sm.		搭档，伙伴	’tou dong dié bang ’yeû		賭銅錢朋友		412		true	自旧档汇入	2026-04-13T01:27:08+08:00
Parti	sm.		党	’taong		黨		412		true	自旧档汇入	2026-04-13T01:27:08+08:00
Parti	sm.	Former un -	结党	kiéh ’taong		結黨		412		true	自旧档汇入	2026-04-13T01:27:08+08:00
Parti	sm.	Être du - de qqn	跟着某人	ken i		跟伊		412		true	自旧档汇入	2026-04-13T01:27:08+08:00
Parti	sm.	Être du - de qqn	支持某人，帮助某人	siang paong i		相帮伊		412		true	自旧档汇入	2026-04-13T01:27:08+08:00
Parti	sm.	Prendre un parti	拿定主意，做出选择	nao (lih) ding’ ’tsu i’		拏（立）定主意		412		true	自旧档汇入	2026-04-13T01:27:08+08:00
Parti	sm.	Quel - prendre ?	用什么办法呢？	yong’ sa’ fèh ’tse gni ?		用啥法子呢		412		true	自旧档汇入	2026-04-13T01:27:08+08:00
Parti	sm.	Tirer - de	利用，驾驭	yong’		用		412		true	自旧档汇入	2026-04-13T01:27:08+08:00
Parti	sm.	Tirer - de	利用，驾驭	ts‘en’ zah		趁着		412		true	自旧档汇入	2026-04-13T01:27:08+08:00
Partial	adj.		偏心的	’yeû se sin		有私心		412		true	自旧档汇入	2026-04-13T01:27:08+08:00
Partial	adj.		偏心的	p‘ié ai’		偏愛		412		true	自旧档汇入	2026-04-13T01:27:08+08:00
Partialité	sf.		偏向，偏袒	p‘ié hiang’		偏向		412		true	自旧档汇入	2026-04-13T01:27:08+08:00
Partialité	sf.		偏向，偏袒	sin hiang’ ih mié’		心向一面		412		true	自旧档汇入	2026-04-13T01:27:08+08:00
Partialité	sf.	Sans aucune -	偏向，偏袒	ih ’tié se sin m teh ke’		一點私心没得个	一點私心嘸得个	412		true	自旧档汇入	2026-04-13T01:27:08+08:00
Participer	vn.		参加	’yeû ven’		有分		412		true	自旧档汇入	2026-04-13T01:27:08+08:00
Participer	vn.		有名分	’yeû ming ven’		有名分		412		true	自旧档汇入	2026-04-13T01:27:08+08:00
Participer	vn.	Être de connivence	与人相帮	siang paong		相帮		412		true	自旧档汇入	2026-04-13T01:27:08+08:00
Participer	vn.	Être de connivence	与人串通	t‘ong		通		412		true	自旧档汇入	2026-04-13T01:27:08+08:00
Particularité 	sf.		特色，特点	koang ’kieng		光景		412		true	自旧档汇入	2026-04-13T01:27:08+08:00
Particularité 	sf.		来历	lai lih		來歷		412		true	自旧档汇入	2026-04-13T01:27:08+08:00
Particularité 	sf.		特点，条目	diao moh		條目		412		true	自旧档汇入	2026-04-13T01:27:08+08:00
Particularité 	sf.	Les -s d'une affaire	情节，情景	zing tsih		情節		412		true	自旧档汇入	2026-04-13T01:27:08+08:00
Particularité 	sf.	Les -s d'une affaire	枝节	tse tsih		枝節		412		true	自旧档汇入	2026-04-13T01:27:08+08:00
Particule	sf.	#NAME?	小颗粒	’siao ling sé’		小零碎		412		true	自旧档汇入	2026-04-13T01:27:08+08:00
Particule	sf.	#NAME?	虚词	hiu ze’ ’ngè 		虚字眼		412		true	自旧档汇入	2026-04-13T01:27:08+08:00
Particulier	adj.		私人的	se ke’		私个		412		true	自旧档汇入	2026-04-13T01:27:08+08:00
Particulier	adj.	En -. À part	私底下	se ’hao ’ti		私下底		412		true	自旧档汇入	2026-04-13T01:27:08+08:00
Particulier	adj.	En -. À part	暗地里	é’ ’ti ’li		暗底裏		412		true	自旧档汇入	2026-04-13T01:27:08+08:00
Particulier	adj.	J'ai qqch. À vs dire en -	我有一句话要对你讲	’ngou ling’ nga’ ’yeû ih kiu’ seh wo’ tei’ nong’ wo’		我另外有一句説話对儂話		412		true	自旧档汇入	2026-04-13T01:27:08+08:00
Particulier	adj.	En -. Spécialement	特意	déh i’	deh i’	特意		412		true	自旧档汇入	2026-04-13T01:27:08+08:00
Particulier	adj.	En -. Spécialement	特地	déh di’	deh di’	特地		412		true	自旧档汇入	2026-04-13T01:27:08+08:00
Partie	sf.	- d'un tout.	（整体的）一分	ven		分		412		true	自旧档汇入	2026-04-13T01:27:08+08:00
Partie	sf.	- d'un tout.	（整体的）一分	ih ven		一分		412		true	自旧档汇入	2026-04-13T01:27:08+08:00
Partie	sf.	Les cinp -s du monde	五大洲	’n tseû		五洲		413		true	自旧档汇入	2026-04-13T01:27:08+08:00
Partie	sf.	Morceau	片	p‘ié’		片		413		true	自旧档汇入	2026-04-13T01:27:08+08:00
Partie	sf.	Morceau	块	k‘oei’ deû		塊頭		413		true	自旧档汇入	2026-04-13T01:27:08+08:00
Partie	sf.	Fendre du bois en quatre -s	一块木头劈成四片	ih k‘oei’ moh deû p‘ih se’ p‘ié’		一塊木頭劈四片		413		true	自旧档汇入	2026-04-13T01:27:08+08:00
Partie	sf.	Endroit : - malade	患病的地方	’yeû bing’ ke’ di’ faong		有病个地方		413		true	自旧档汇入	2026-04-13T01:27:08+08:00
Partie	sf.	Endroit : - malade	病处	bing’ ts‘u’		病處		413		true	自旧档汇入	2026-04-13T01:27:08+08:00
Partie	sf.	- la plus élevée	最高的地方	tsu’ kao ke’ di’ faong		最高个地方		413		true	自旧档汇入	2026-04-13T01:27:08+08:00
Partie	sf.	Côté : dans la - sud	在南面	’la né mié’		拉南面		413		true	自旧档汇入	2026-04-13T01:27:08+08:00
Partie	sf.	La plus grande -	大半	dou’ pé’		大半		413		true	自旧档汇入	2026-04-13T01:27:08+08:00
Partie	sf.	Profession : il est de la partie.	这是他的行当。	ze’ ze’ i ke’ hang taong		是是伊个行當		413		true	自旧档汇入	2026-04-13T01:27:08+08:00
Partie	sf.	#NAME?	对方，对头	tei’ deû		對頭		413		true	自旧档汇入	2026-04-13T01:27:08+08:00
Partie	sf.	Les deux -s en justice	双面，双方(于法庭）	’liang mié’		兩面		413	中文解释不确定	true	自旧档汇入	2026-04-13T01:27:08+08:00
Partie	sf.	Les deux -s en justice	双面，双方(于法庭）	’liang zao’		兩造		413		true	自旧档汇入	2026-04-13T01:27:08+08:00
Partie	sf.	N'allez pas écouter seulement une des - s.	不要只听一面之言	véh yao’ tè t‘ing ih mié’ tse yé (ih mié’ seh wo’) 		勿要單聽一面之言（一面説話）		413		true	自旧档汇入	2026-04-13T01:27:08+08:00
Partie	sf.	Prendre à -	寻事	zin ze’		尋事		413		true	自旧档汇入	2026-04-13T01:27:08+08:00
Partie	sf.	Jouer une - d'échecs	下一盘棋	tsah ih bé ghi		着一盤棋		413		true	自旧档汇入	2026-04-13T01:27:08+08:00
Partie	sf.	Jouer une - de cartes	打一副牌	teû ih fou’ ba	teû’ ih fou’ ba	鬥一副牌		413		true	自旧档汇入	2026-04-13T01:27:08+08:00
Partie	sf.	- de plaisir	游玩，愉快	yeû wè	yeû wè’	游玩		413	待定	true	自旧档汇入	2026-04-13T01:27:08+08:00
Partiel	adj.		不完全的	véh wé zié ke’		勿完全个		413		true	自旧档汇入	2026-04-13T01:27:08+08:00
Partiel	adj.		稍微，部分	sao wei		稍微		413		true	自旧档汇入	2026-04-13T01:27:08+08:00
Partir	vn.	- en voyage	出发，动身，启程	k‘i’		去		413		true	自旧档汇入	2026-04-13T01:27:08+08:00
Partir	vn.	- en voyage	出发，动身，启程	dong’ sen		動身		413		true	自旧档汇入	2026-04-13T01:27:08+08:00
Partir	vn.	- en voyage	出发，动身，启程	fèh kiah		發脚		413		true	自旧档汇入	2026-04-13T01:27:08+08:00
Partir	vn.	À - de …	从…开始	zong … ’k‘i deû		從…起頭		413		true	自旧档汇入	2026-04-13T01:27:08+08:00
Partir	vn.	Partez ! Filez !	走开！滚开！	k‘i’ ’ba		去罷		413		true	自旧档汇入	2026-04-13T01:27:08+08:00
Partir	vn.	Partez ! Filez !	走开！滚开！	t‘i’ ’ngou ’koen ’ba		替我滚罷（行）		413		true	自旧档汇入	2026-04-13T01:27:08+08:00
Partisan	sm.		拥护者，支持者	ih paong		一帮		413		true	自旧档汇入	2026-04-13T01:27:08+08:00
Partisan	sm.		拥护者，支持者	ih mié’		一面		413		true	自旧档汇入	2026-04-13T01:27:08+08:00
Partisan	sm.		拥护者，支持者	dong k‘i’ ke’		同氣个		413		true	自旧档汇入	2026-04-13T01:27:08+08:00
Partout	adv.		各处	koh ts‘u’		各處		413		true	自旧档汇入	2026-04-13T01:27:08+08:00
Partout	adv.		处处	ts‘u’ ts‘u’		處處		413		true	自旧档汇入	2026-04-13T01:27:08+08:00
Partout	adv.		到处	tao’ ts‘u’		到處		413		true	自旧档汇入	2026-04-13T01:27:08+08:00
Parure	sf.		装饰	tsaong seh		妝飾		413		true	自旧档汇入	2026-04-13T01:27:08+08:00
Parure	sf.	Aimer la -	喜欢打扮	’hi hoé ’tang pè’	’hi h‘oé ’tang pè’	喜歡打扮		413		true	自旧档汇入	2026-04-13T01:27:08+08:00
Parure	sf.	Aimer la -	喜欢变得体面	’hi hoé ’t‘i mié’	’hi h‘oé ’t‘i mié’	喜歡體面		413		true	自旧档汇入	2026-04-13T01:27:08+08:00
Parvenir	vn.		到达	tao’		到		413		true	自旧档汇入	2026-04-13T01:27:08+08:00
Parvenir	vn.	- aux honneurs 	发达	fèh dèh		發達		413		true	自旧档汇入	2026-04-13T01:27:08+08:00
Parvenir	vn.	- aux honneurs 	发科发甲	fèh k‘ou fèh kèh		發科發甲		413		true	自旧档汇入	2026-04-13T01:27:08+08:00
Parvenir	vn.	- à la fortune	发财	fèh zai		發財		413		true	自旧档汇入	2026-04-13T01:27:08+08:00
Parvenir	vn.	- à la fortune	发财	fèh gnen ka		發人家		413		true	自旧档汇入	2026-04-13T01:27:08+08:00
Parvenu	sm.		暴发户	bao’ fèh gnen ka		暴發人家		413		true	自旧档汇入	2026-04-13T01:27:08+08:00
Pas	sm.		步子，脚步	bou’		步		413		true	自旧档汇入	2026-04-13T01:27:08+08:00
Pas	sm.	Avoir le - long	步子大	bou’ deû dou’		步頭大		413		true	自旧档汇入	2026-04-13T01:27:08+08:00
Pas	sm.	Marcher au pas	齐步走	dong bou’ ’tseû		同步走		413		true	自旧档汇入	2026-04-13T01:27:08+08:00
Pas	sm.	Prendre garde à chaque -	步步留心	bou’ bou’ lieû sin		步步留心		413		true	自旧档汇入	2026-04-13T01:27:08+08:00
Pas	sm.	- à -	一步一步	ih bou’ ih bou’		一步一步		413		true	自旧档汇入	2026-04-13T01:27:08+08:00
Pas	sm.	Faire un faux -	失足	séh kiah		失脚		413		true	自旧档汇入	2026-04-13T01:27:08+08:00
Pas	sm.	Faire un faux -	失足	séh tsôh		失足		413		true	自旧档汇入	2026-04-13T01:27:08+08:00
Pas	sm.	Faire un faux -	踉跄一下	ts‘ong’ tse ih ts‘ong’		㧤之一㧤	蹱之一蹱	413		true	自旧档汇入	2026-04-13T01:27:08+08:00
Pas	sm.	,, ,, ,, - et tomber	摔了一跤	t‘ih ih kao		跌一跤		413		true	自旧档汇入	2026-04-13T01:27:08+08:00
Pas	sm.	Mesure de 5 pieds	步	bou’		步		413		true	自旧档汇入	2026-04-13T01:27:08+08:00
Pas	sm.	Mesure de 6 pieds	步弓	bou’ kong		步弓		413		true	自旧档汇入	2026-04-13T01:27:08+08:00
Pas	adv.	Ne -	不，无，不是	véh		勿		413		true	自旧档汇入	2026-04-13T01:27:08+08:00
Pas	adv.	Ne -	不，无，不是	——		未		413	待定	true	自旧档汇入	2026-04-13T01:27:08+08:00
Pas	adv.	Ne -	不，无，不是	wou		無		413		true	自旧档汇入	2026-04-13T01:27:08+08:00
Pas	adv.	Ne -	不，无，不是	m méh		無未	嘸未	413		true	自旧档汇入	2026-04-13T01:27:08+08:00
Pas	adv.	#NAME?	还没有	véh zeng		勿曾		413		true	自旧档汇入	2026-04-13T01:27:08+08:00
Passable	adj.		还可以的	’k‘o ’i		可以		414		true	自旧档汇入	2026-04-13T01:27:08+08:00
Passable	adj.		尚好的	wè ’h‘ao		還好		414		true	自旧档汇入	2026-04-13T01:27:08+08:00
Passable	adj.		还算好的	wè seu’ ’h‘ao		還算好		414		true	自旧档汇入	2026-04-13T01:27:08+08:00
Passable	adj.		过得去的	kou’ teh kou’ k‘i’		過得過去		414		true	自旧档汇入	2026-04-13T01:27:08+08:00
Passage	sm.		道路	lou’		路		414		true	自旧档汇入	2026-04-13T01:27:08+08:00
Passage	sm.		过道	kou’ lou’		過路		414		true	自旧档汇入	2026-04-13T01:27:08+08:00
Passage	sm.	Barrer le -	拦路	lè ka (lou’)		攔街（路）		414		true	自旧档汇入	2026-04-13T01:27:08+08:00
Passage	sm.	#NAME?	关卡，有人看守的道路	’ka ’tse	’k‘a ’tse	卡子		414		true	自旧档汇入	2026-04-13T01:27:08+08:00
Passage	sm.	Prendre - sur une barque	乘船	ts‘en’ zé		趁船		414		true	自旧档汇入	2026-04-13T01:27:08+08:00
Passage	sm.	Prendre - sur une barque	搭船	tèh zé		搭船		414		true	自旧档汇入	2026-04-13T01:27:08+08:00
Passager	sm.		游客，旅客	k‘ah gnen		客人		414		true	自旧档汇入	2026-04-13T01:27:08+08:00
Passager	sm.		游客，旅客	zé k‘ah gnen		船客人		414	原作“般客人”	true	自旧档汇入	2026-04-13T01:27:08+08:00
Passager	adj.		短暂的，暂时的	zè’ ’ts‘ié ke’		暫且个		414		true	自旧档汇入	2026-04-13T01:27:08+08:00
Passager	adj.		短暂的，暂时的	zè’ ze ke’		暫時个		414		true	自旧档汇入	2026-04-13T01:27:08+08:00
Passager	adj.	C'est un plaisir -.	这是一种短暂（空虚）的快乐	ze’ k‘ong hiu ke’ k‘a’ wéh		是空虚个快活		414		true	自旧档汇入	2026-04-13T01:27:08+08:00
Passant	sm.		过路人，行人	kou’ lou’ gnen		過路人		414		true	自旧档汇入	2026-04-13T01:27:08+08:00
Passant	sm.	Les -s	来来往往的人	lai lai k‘i’ k‘i’ ke’ gnen		來來去去个人		414		true	自旧档汇入	2026-04-13T01:27:08+08:00
Passavant	sm.	Permis de la douane	报单	pao’ tè		報單		414		true	自旧档汇入	2026-04-13T01:27:08+08:00
Passavant	sm.	Permis de la douane	税单	su’ tè		税單		414		true	自旧档汇入	2026-04-13T01:27:08+08:00
Passavant	sm.	Permis de la douane	卷票	kieu p‘iao’		捐票		414	中文解释不确定	true	自旧档汇入	2026-04-13T01:27:08+08:00
Passe	sf.		关口	koè		關		414		true	自旧档汇入	2026-04-13T01:27:08+08:00
Passe	sf.		关口	koè ’k‘eû		關口		414		true	自旧档汇入	2026-04-13T01:27:08+08:00
Passe	sf.	Être en mauvaise -	进退两难	tsin’ t‘ei’ ’liang nè		進退兩難		414		true	自旧档汇入	2026-04-13T01:27:08+08:00
Passe	sf.	Être en mauvaise -	进退两难	liang kiang deû		凉僵頭		414		true	自旧档汇入	2026-04-13T01:27:08+08:00
Passe	sf.	Transmettre le mot de -	传通行口号	ti’ zé ’k‘eû hao’	di’ zé ’k‘eû hao’	遞傳口號		414		true	自旧档汇入	2026-04-13T01:27:08+08:00
Passe-passe	sm. Cf.	Adresse	地址	Cf.Adresse.		——		414	词典上本词的罗马音及汉字缺失	true	自旧档汇入	2026-04-13T01:27:08+08:00
Passé	adj.	Ancien	古时的	’kou		古		414		true	自旧档汇入	2026-04-13T01:27:08+08:00
Passé	adj.	Ancien	古时的	’kou ze kè ke’		古時間个		414		true	自旧档汇入	2026-04-13T01:27:08+08:00
Passé	adj.	Écoulé	过去的	kou’ k‘i’ ’la ke’		過去拉个		414		true	自旧档汇入	2026-04-13T01:27:08+08:00
Passé	adj.	Année -e	去年	ghieû’ gné		舊年		414		true	自旧档汇入	2026-04-13T01:27:08+08:00
Passé	adj.	Dernier : le mois -	上一个月	zaong’ ih ke’ gneuh		上一個月		414		true	自旧档汇入	2026-04-13T01:27:08+08:00
Passé	adj.	Vieux : couleur -e	褪色的	t‘ei’ seh ’tsé		退色者		414		true	自旧档汇入	2026-04-13T01:27:08+08:00
Passé	sm.		前年	zié gné		前年		414	汉字与法文词义不太符合，法文直译为“往昔”	true	自旧档汇入	2026-04-13T01:27:08+08:00
Passé	sm.	Comme par le -	仍旧，照旧	zeng ghieû’		仍舊		414		true	自旧档汇入	2026-04-13T01:27:08+08:00
Passé	sm.	Comme par le -	仍旧，照旧	tsao’ zié deû		照前頭		414		true	自旧档汇入	2026-04-13T01:27:08+08:00
Passe-partout	sm.		万能钥匙	kong yah ze		公鑰匙		414		true	自旧档汇入	2026-04-13T01:27:08+08:00
Passeport	sm.		路票	lou’ p‘iao’		路票		414		true	自旧档汇入	2026-04-13T01:27:08+08:00
Passeport	sm.		执照	tséh tsao’		執照		414		true	自旧档汇入	2026-04-13T01:27:08+08:00
Passeport	sm.		护照	wou’ tsao’		護照		414		true	自旧档汇入	2026-04-13T01:27:08+08:00
Passer	va.		过	kou’		過		414		true	自旧档汇入	2026-04-13T01:27:08+08:00
Passer	va.		经过	kieng kou’		經過		414		true	自旧档汇入	2026-04-13T01:27:08+08:00
Passer	va.	- la rivière	过河	kou’ wou		過河		414		true	自旧档汇入	2026-04-13T01:27:08+08:00
Passer	va.	- la rivière	摆渡过河	’pa dou’ kou’ k‘i’		擺渡過去		414		true	自旧档汇入	2026-04-13T01:27:08+08:00
Passer	va. (C.)	- une fête	过瞻礼	kou’ tsé ’li		過瞻禮		414		true	自旧档汇入	2026-04-13T01:27:08+08:00
Passer	va.	Il ne passera pas la nuit.	活不过今晚	kou’ véh kou’ kien ya’ deû		過勿過今夜頭		414		true	自旧档汇入	2026-04-13T01:27:08+08:00
Passer	va.	Il ne passera pas la nuit.	活不到天亮	wéh véh tao’ t‘ié liang’		活勿到天亮		414		true	自旧档汇入	2026-04-13T01:27:08+08:00
Passer	va.	Omettre : - un feuillet	隔一篇	kah ih pié	kah ih p‘ié	隔一篇		414		true	自旧档汇入	2026-04-13T01:27:08+08:00
Passer	va.	Omettre : - un feuillet	跳过一页	t‘iao’ kou’ ih yéh		跳過一頁		414		true	自旧档汇入	2026-04-13T01:27:08+08:00
Passer	va.	Transmettre à …	传递给，交代	kao dai’		交代		414		true	自旧档汇入	2026-04-13T01:27:08+08:00
Passer	va.	- un livre à un autre	把一本书递给他人	nao su kao dai’ biéh gnen		拿書交代别人		414		true	自旧档汇入	2026-04-13T01:27:08+08:00
Passer	va.	Subir : - un examen	考	’k‘ao		考		414		true	自旧档汇入	2026-04-13T01:27:08+08:00
Passer	va.	Subir : - un examen	考试	’k‘ao su		考書		414		true	自旧档汇入	2026-04-13T01:27:08+08:00
Passer	vn.	Être à découvert	露出，显露	p‘ou’ ts‘éh		破出		414		true	自旧档汇入	2026-04-13T01:27:08+08:00
Passer	va.	Être à découvert	露出，显露	lou’		露		414		true	自旧档汇入	2026-04-13T01:27:08+08:00
Passer	va.	Être à découvert	露出，显露	lou’ ts‘éh lai		露出來		414		true	自旧档汇入	2026-04-13T01:27:08+08:00
Passer	va.	L'oreille passe	露出马脚	lou’ ts‘éh ’mô kiah lai		露出馬脚來		414		true	自旧档汇入	2026-04-13T01:27:08+08:00
Passer	va.	Pénétrer	透过	t‘eû’		透		414		true	自旧档汇入	2026-04-13T01:27:08+08:00
Passer	va.	Pénétrer	通过	t‘ong		通		414		true	自旧档汇入	2026-04-13T01:27:08+08:00
Passer	va.	Mur qui la laisse - le vent	透风墙	t‘eû’ fong ziang		透風墻		414		true	自旧档汇入	2026-04-13T01:27:08+08:00
Passer	va.	La marmite laisse - l'eau.	锅子漏	woh ’tse leû’ ke’		鑊子漏个		414		true	自旧档汇入	2026-04-13T01:27:08+08:00
Passer	va.	- par un endroit	从一个地方经过	’tang ih ke’ di’ faong ’tseû		打一个地方走		414		true	自旧档汇入	2026-04-13T01:27:08+08:00
Passer	va.	J'ai passé par là.	我经历过这样的事。	di’ ke’ ze’ ’t‘i ’ngou yuéh lih (kieng lih) kou’ ke’	di’ ke’ ze’ ’t‘i ’ngou yeuh lih (kieng lih) kou’ ke’	第个事體我閲歷（經歷）過个		415		true	自旧档汇入	2026-04-13T01:27:08+08:00
Passer	va.	Cela peut -.	可以的	’k‘o ’i		可以		415		true	自旧档汇入	2026-04-13T01:27:08+08:00
Passer	va.	Cela peut -.	过得去的	kou’ teh kou’ k‘i’		過得過去		415		true	自旧档汇入	2026-04-13T01:27:08+08:00
Passer	va.	Avoir cours: les piastres passent difficilement	银圆不好用	yeng yang véh da’ ’h‘ao yong’		鷹洋勿大好用		415		true	自旧档汇入	2026-04-13T01:27:08+08:00
Passer	va.	Avoir cours: les piastres passent difficilement	银圆不通用	véh t‘ong yong’		勿通用		415		true	自旧档汇入	2026-04-13T01:27:08+08:00
Passer	va.	Passe !	可以了，无所谓	’h‘ao ’tsé		好者		415	中文解释不确定	true	自旧档汇入	2026-04-13T01:27:08+08:00
Passer	va.	Passe encore !	可以了，无所谓	’a ’h‘ao ’tsé		也好者		415	中文解释不确定	true	自旧档汇入	2026-04-13T01:27:08+08:00
Passer	va.	Succomber : l'un de nous doit y -.	你死或者我亡	woh ’tsé nong’ ’si woh ’tsé ’ngou ’si		或者儂死或者我死		415		true	自旧档汇入	2026-04-13T01:27:08+08:00
Passer	va.	- pour honnête homme	当他是好人	zè taong i ’h‘ao gnen		儕當伊好人		415		true	自旧档汇入	2026-04-13T01:27:08+08:00
Passer	va.	- pour honnête homme	算是正经人	seu’ ze’ tseng’ kieng gnen		算是正經人		415		true	自旧档汇入	2026-04-13T01:27:08+08:00
Passer	vr.	Ne pouvoir se - de …	离不开的	li véh k‘ai ke’		離勿開个		415		true	自旧档汇入	2026-04-13T01:27:08+08:00
Passer	vr.	Ne pouvoir se - de …	不舍得的	’sao (’ba, ’souo) véh teh ke’		少（罷，捨）勿得个		415		true	自旧档汇入	2026-04-13T01:27:08+08:00
Passereau	sm.		麻雀	mô tsiah [ih tsah]		麻雀[一隻]		415	原作“䳸雀[一隻]”	true	自旧档汇入	2026-04-13T01:27:08+08:00
Passerelle	sf.		板桥	’pè ghiao		板橋		415		true	自旧档汇入	2026-04-13T01:27:08+08:00
Passerelle	sf.		小木桥	’siao moh ghiao		小木橋		415		true	自旧档汇入	2026-04-13T01:27:08+08:00
Passerelle	sf.		跳板	t‘iao’ ’pè		跳板		415		true	自旧档汇入	2026-04-13T01:27:08+08:00
Passe-temps	sm.		消遣，玩乐	béh siang’ sang wéh		孛相生活		415		true	自旧档汇入	2026-04-13T01:27:08+08:00
Passe-temps	sm.		消遣，玩乐	béh siang’		孛相		415		true	自旧档汇入	2026-04-13T01:27:08+08:00
Passeur	sm.		艄公	’pa dou’ ke’		擺渡个		415		true	自旧档汇入	2026-04-13T01:27:08+08:00
Passible	adj.	d'une peine	应该受罚	yeng kai ’zeû vèh		應該受罰		415		true	自旧档汇入	2026-04-13T01:27:08+08:00
Passif	adj.		被动的，受到	’zeû		受		415		true	自旧档汇入	2026-04-13T01:27:08+08:00
Passion	sf.	de N.S.	耶稣受难	Ya-sou ke’ ’zeû ’k‘ou ’zeû nè’		耶穌个受苦受難		415		true	自旧档汇入	2026-04-13T01:27:08+08:00
Passion	sf.	Dimanche de la -	受难主日	’k‘ou nè’ ’tsu gnéh		苦難主日		415		true	自旧档汇入	2026-04-13T01:27:08+08:00
Passion	sf.		心情，情感	sin zing		心情		415		true	自旧档汇入	2026-04-13T01:27:08+08:00
Passion	sf.	de l'envie	嫉妒心	zih tou’ ke’ sin		嫉妒个心		415		true	自旧档汇入	2026-04-13T01:27:08+08:00
Passion	sf.	Avoir la - de l'argent	贪婪，贪图钱财	t‘é sin ’zong		貪心重		415		true	自旧档汇入	2026-04-13T01:27:08+08:00
Passion	sf.	Avoir la - du jeu	赌心重	’tou sin li’ hai’		賭心利害		415		true	自旧档汇入	2026-04-13T01:27:08+08:00
Passion	sf.	Les mauvaises -s	私欲	se yôh p‘ié zing		私欲偏情		415	中文解释不完善	true	自旧档汇入	2026-04-13T01:27:08+08:00
Passion	sf.	Se livrer à ses -s	放纵私欲	faong’ tsong’ se yôh		放縱私欲		415		true	自旧档汇入	2026-04-13T01:27:08+08:00
Passion	sf.	Se livrer à ses -s	放肆	faong’ se’		放肆		415		true	自旧档汇入	2026-04-13T01:27:08+08:00
Passoire	sf.		漏勺[一把]	leû’ zoh [ih ’pouo]		漏勺[一把]		415		true	自旧档汇入	2026-04-13T01:27:08+08:00
Pastèque	sf.		西瓜[一个]	si kouo [ih ke’]		西瓜[一个]		415		true	自旧档汇入	2026-04-13T01:27:08+08:00
Pasteur	sm.	Pâtre	牧人，牧羊人	faong’ yang ke’		放羊个		415		true	自旧档汇入	2026-04-13T01:27:08+08:00
Pasteur	sm.	Pâtre	牧人，牧羊人	k‘eu yang ke’		看羊个		415		true	自旧档汇入	2026-04-13T01:27:08+08:00
Pasteur	sm. Fig. (C.)	Le bon -	好牧童，耶稣	’h‘ao moh dong		好牧童		415	字典上写明是fig.但汉字采取了直译，意译应为耶稣	true	自旧档汇入	2026-04-13T01:27:08+08:00
Pasteur	sm.	- protestant. Ministre	牧师	moh se		牧師		415		true	自旧档汇入	2026-04-13T01:27:08+08:00
Patache	sf.	de la douane	海关检察艇	’ka ’tse zé	’k‘a ’tse zé	卡子船		415		true	自旧档汇入	2026-04-13T01:27:08+08:00
Patate	sf.	douce	山芋	sè yu’		山芋		415		true	自旧档汇入	2026-04-13T01:27:08+08:00
Patate	sf.	douce	番薯	fè yu’		番芋		415		true	自旧档汇入	2026-04-13T01:27:08+08:00
Patauger	vn.		在泥泞地里行走	lè’ gni ’li ’tseû		爛泥裏走		415		true	自旧档汇入	2026-04-13T01:27:08+08:00
Patauger	vn.		脚陷在泥里	kiah wou ’la gni ’li		脚糊拉泥裏		415		true	自旧档汇入	2026-04-13T01:27:08+08:00
Pâte	sf.	de froment (de riz)	面团（米，小麦）	’seû ’la ke’ mié’ (’fen)		[氵灾又]拉个麵（粉）	？拉个麵（粉）	415	待定	true	自旧档汇入	2026-04-13T01:27:08+08:00
Pâte	sf.	Rubans de -	面条	mié’ diao		麵條		415		true	自旧档汇入	2026-04-13T01:27:08+08:00
Pâté	sm.	- cuit à la vapeur	面包	mié’ pao		麵包		416		true	自旧档汇入	2026-04-13T01:27:08+08:00
Pâté	sm.	- à la viande	肉包	gnôh pao		肉包		416		true	自旧档汇入	2026-04-13T01:27:08+08:00
Pâté	sm.	- à la viande	肉馒头	gnôh mé deû		肉饅頭		416		true	自旧档汇入	2026-04-13T01:27:08+08:00
Pâté	sm.	- à la viande	馄饨	wen den		餛飩		416		true	自旧档汇入	2026-04-13T01:27:08+08:00
Patène	sf. (C.)		圣盘	seng’ bé		聖盤		416		true	自旧档汇入	2026-04-13T01:27:08+08:00
Patent	adj.		明显的	’hié ming ke’		顯明个		416		true	自旧档汇入	2026-04-13T01:27:08+08:00
Patent	adj.		明亮的	ming liang’ ke’		明亮个		416		true	自旧档汇入	2026-04-13T01:27:08+08:00
Patente	sf.		执照	nga t‘ih		牙帖		416	中文解释不确定	true	自旧档汇入	2026-04-13T01:27:08+08:00
Patente	sf.		执照	tséh tsao’		執照		416		true	自旧档汇入	2026-04-13T01:27:08+08:00
Patente	sf.	Prendre une - de commerce	领取营业执照	’ling t‘ih k‘ai hang		領帖開行		416		true	自旧档汇入	2026-04-13T01:27:08+08:00
Pater	sm.		天主经	T‘ié ’tsu kieng		天主經		416		true	自旧档汇入	2026-04-13T01:27:08+08:00
Pater	sm.	Réciter dix -	念十遍天主经	gnè’ zéh pié’ T‘ié ’tsu kieng		念十遍天主經		416		true	自旧档汇入	2026-04-13T01:27:08+08:00
Pâteux	adj.		面团状的	ziang’ mié’ neng		像麵能		416		true	自旧档汇入	2026-04-13T01:27:08+08:00
Pâteux	adj.		黏糊糊的，韧的	gnen’		肕	韌	416		true	自旧档汇入	2026-04-13T01:27:08+08:00
Pâteux	adj.	Bouche pâteuse	嘴巴黏糊糊的	’tse ’li wou ’kien ’la ih zeng bah ke’		嘴裏糊緊拉一層白个		416		true	自旧档汇入	2026-04-13T01:27:08+08:00
Pathétique	adj.		感人的	’ké dong’ gnen sin ke’		感動人心个		416		true	自旧档汇入	2026-04-13T01:27:08+08:00
Patience	sf.	Prendre -	忍耐	’zen nai’		忍耐		416		true	自旧档汇入	2026-04-13T01:27:08+08:00
Patience	sf.	Prendre -	有耐心	’yeû nai’ sing’		有耐性		416		true	自旧档汇入	2026-04-13T01:27:08+08:00
Patience	sf.	Perdre -	忍不住	’zen véh zu’		忍勿住		416	另有白读音 待定	true	自旧档汇入	2026-04-13T01:27:08+08:00
Patience	sf.	Perdre -	熬不住	ngao (’zeû) véh ’k‘i		敖（受）勿起	熬（受）勿起	416		true	自旧档汇入	2026-04-13T01:27:08+08:00
Patience	sf.	Perdre -	经不起	nai’ véh ’k‘i		耐勿起		416		true	自旧档汇入	2026-04-13T01:27:08+08:00
Patience	sf.	Exercer la - des gens	考验人们的耐心，给人磨难	ts‘ih ba		切排		416		true	自旧档汇入	2026-04-13T01:27:08+08:00
Patience	sf.	Exercer la - des gens	考验人们的耐心，给人磨难	mô nè’		磨難		416		true	自旧档汇入	2026-04-13T01:27:08+08:00
Patience	sf.	Exercer la - des gens	考验人们的耐心，给人磨难	bang’ mao		碰毛		416		true	自旧档汇入	2026-04-13T01:27:08+08:00
Patient	adj.		忍耐的，有耐心的	’zen nai’ ke	’zen nai’ ke’	忍耐个		416		true	自旧档汇入	2026-04-13T01:27:08+08:00
Patient	adj.		忍耐的，有耐心的	’zen ’zeû ke’		忍受个		416		true	自旧档汇入	2026-04-13T01:27:08+08:00
Patin	sm.		冰鞋	ping ha		冰鞋		416		true	自旧档汇入	2026-04-13T01:27:08+08:00
Patiner	vn.		溜冰	bao ping		跑冰		416		true	自旧档汇入	2026-04-13T01:27:08+08:00
Pâtir	vn.		吃苦，吃亏	k‘ieh ’k‘ou		吃苦		416		true	自旧档汇入	2026-04-13T01:27:08+08:00
Pâtir	vn.		吃苦，吃亏	k‘ieh ’k‘ou deû		吃苦頭		416		true	自旧档汇入	2026-04-13T01:27:08+08:00
Pâtir	vn.		吃苦，吃亏	k‘ieh k‘iu		吃虧		416		true	自旧档汇入	2026-04-13T01:27:08+08:00
Pâtisserie	sf.		糕饼	kao ’ping		糕餅		416		true	自旧档汇入	2026-04-13T01:27:08+08:00
Pâtisserie	sf.	Boutique de -	点心店，茶饼店	zouo zeh tié’		茶食店		416		true	自旧档汇入	2026-04-13T01:27:08+08:00
Pâtisserie	sf.	Boutique de -	点心店，茶饼店	’tié sin tié’		點心店		416		true	自旧档汇入	2026-04-13T01:27:08+08:00
Patois	sm.		方言，土话	’t‘ou wo’		土話		416		true	自旧档汇入	2026-04-13T01:27:08+08:00
Patois	sm.		方言，土话	’t‘ou bah		土白		416		true	自旧档汇入	2026-04-13T01:27:08+08:00
Patois	sm.		方言，土话	hiang dè		鄉談		416		true	自旧档汇入	2026-04-13T01:27:08+08:00
Patois	sm.		方言，土话	’pen di’ ’fè		本地反		416		true	自旧档汇入	2026-04-13T01:27:08+08:00
Pâtre	sm.	Pasteur	牧童，看羊的人	moh dong		牧童		416		true	自旧档汇入	2026-04-13T01:27:08+08:00
Pâtre	sm.	Pasteur	牧童，看羊的人	k‘eu yang ke’		看羊个		416		true	自旧档汇入	2026-04-13T01:27:08+08:00
Patriarche	sm. (C.)		圣祖	seng’ ’tsou		聖祖		416		true	自旧档汇入	2026-04-13T01:27:08+08:00
Patriarche	sm. (C.)	Anciens -s	古圣祖	’kou seng’ ’tsou		古聖祖		416		true	自旧档汇入	2026-04-13T01:27:08+08:00
Patrie	sf.		故乡	’pen hiang		本鄉		416		true	自旧档汇入	2026-04-13T01:27:08+08:00
Patrie	sf.		故乡	’pen di’ faong		本地方		416		true	自旧档汇入	2026-04-13T01:27:08+08:00
Patrie	sf.		祖国	’pen kôh		本國		416		true	自旧档汇入	2026-04-13T01:27:08+08:00
Patrimoine	sm.		产业	’ts‘è gnéh		産業		416		true	自旧档汇入	2026-04-13T01:27:08+08:00
Patrimoine	sm.		家当	ka taong’		家當		416		true	自旧档汇入	2026-04-13T01:27:08+08:00
Patrimoine	sm.		家产	ka ’ts‘è		家産		416		true	自旧档汇入	2026-04-13T01:27:08+08:00
Patrimoine	sm.		家业	ka gnéh		家業		416		true	自旧档汇入	2026-04-13T01:27:08+08:00
Patrimoine	sm.	Conserver son -	守住家产	’seû zu’ ’ts‘è gnéh		守住産業		416		true	自旧档汇入	2026-04-13T01:27:08+08:00
Patriotisme	sm.		爱国心	ai’ kôh ke’ gnéh sin		愛國个熱心		416		true	自旧档汇入	2026-04-13T01:27:08+08:00
Patron	sm.		保护主	’pao gnen		保人		416	中文解释不确定	true	自旧档汇入	2026-04-13T01:27:08+08:00
Patron	sm.		保护主	tsié’ deû		薦頭		416	中文解释不确定	true	自旧档汇入	2026-04-13T01:27:08+08:00
Patron	sm.		主保圣人	’tsu ’pao seng’ gnen		主保聖人		416		true	自旧档汇入	2026-04-13T01:27:08+08:00
Patron	sm.	Maître. - dans un métier	主人	’tsu gnen		主人		416		true	自旧档汇入	2026-04-13T01:27:08+08:00
Patron	sm.	Maître. - dans un métier	师傅	se wou’ (wou’)		司務（傅）		416		true	自旧档汇入	2026-04-13T01:27:08+08:00
Patron	sm.	- de barque	船长，船老大	’lao da’		老大		416		true	自旧档汇入	2026-04-13T01:27:08+08:00
Patron	sm.	Modèle	样子	yang’		樣		416		true	自旧档汇入	2026-04-13T01:27:08+08:00
Patron	sm.	Modèle	样子	yang’ ’tse		樣子		416		true	自旧档汇入	2026-04-13T01:27:08+08:00
Patronage	sm.		主保，主保圣人的庇护	’tsu ’pao		主保		416		true	自旧档汇入	2026-04-13T01:27:08+08:00
Patronal	adj.	Fêtes -e du lieu	主保瞻礼，本堂瞻礼	’pen daong tsé ’li		本堂瞻禮		417		true	自旧档汇入	2026-04-13T01:27:08+08:00
Patronner	va.		推举，保举	’pao ’kiu		保舉		417		true	自旧档汇入	2026-04-13T01:27:08+08:00
Patronner	va.		推举，保举	tsié’ ’kiu		薦舉		417		true	自旧档汇入	2026-04-13T01:27:08+08:00
Patrouille	sf.		巡查的兵	zin zouo (’seû ya’) ke’ ping		巡查（守夜）个兵		417		true	自旧档汇入	2026-04-13T01:27:08+08:00
Patte	sf.		脚[一只]	kiah [ih tsah]		脚[一隻]		417		true	自旧档汇入	2026-04-13T01:27:08+08:00
Patte	sf.	- d'oiseau	爪	’tsao		爪		417		true	自旧档汇入	2026-04-13T01:27:08+08:00
Patte	sf.	- d'animal plantigrade	脚掌	kiah ’tsang		脚掌		417		true	自旧档汇入	2026-04-13T01:27:08+08:00
Patte	sf.	Marcher à quatre -s	爬，匍匐前进	bè		[並足]		417		true	自旧档汇入	2026-04-13T01:27:08+08:00
Patte	sf.	Marcher à quatre -s	爬，匍匐前进	t‘è	t‘è’	攤	[足並]	417	待定	true	自旧档汇入	2026-04-13T01:27:08+08:00
Patte	sf.	Marcher à quatre -s	爬，匍匐前进	bè t‘è	bè t‘è’	[並足]攤	[並足][足並]	417	待定	true	自旧档汇入	2026-04-13T01:27:08+08:00
Patte	sf. Fig.	Graisser la -	收买，向某人行贿	séh foei’	seh foei’	塞賄		417		true	自旧档汇入	2026-04-13T01:27:08+08:00
Patte	sf. Fig.	Graisser la -	收买，向某人行贿	séh heû’ ’seû	seh heû’ ’seû	塞後手		417		true	自旧档汇入	2026-04-13T01:27:08+08:00
Pâturage	sm.		牧场	moh zang		牧場		417		true	自旧档汇入	2026-04-13T01:27:08+08:00
Pâturage	sm.		草原	’ts‘ao yeu		草園		417		true	自旧档汇入	2026-04-13T01:27:08+08:00
Pâturage	sm.		草地	’ts‘ao di’		草地		417		true	自旧档汇入	2026-04-13T01:27:08+08:00
Pâture	sf.		食料，草料	zeh		食		417		true	自旧档汇入	2026-04-13T01:27:08+08:00
Pâture	sf.		食料，草料	’ts‘ao liang		草糧		417		true	自旧档汇入	2026-04-13T01:27:08+08:00
Paul	sm.		保罗	’pao-lôh		保禄		417		true	自旧档汇入	2026-04-13T01:27:08+08:00
Paume	sf.	de la main	手心，手掌	’seû sin		手心		417		true	自旧档汇入	2026-04-13T01:27:08+08:00
Paume	sf.	de la main	手心，手掌	’seû ’tsang		手掌		417		true	自旧档汇入	2026-04-13T01:27:08+08:00
Paupière	sf.		眼皮	’ngè bi		眼皮		417		true	自旧档汇入	2026-04-13T01:27:08+08:00
Paupière	sf.		眼皮	’ngè pao bi		眼包皮		417		true	自旧档汇入	2026-04-13T01:27:08+08:00
Pauvre	adj.		穷	ghiong		窮		417		true	自旧档汇入	2026-04-13T01:27:08+08:00
Pauvre	adj.		贫穷	bin ghiong		貧窮		417		true	自旧档汇入	2026-04-13T01:27:08+08:00
Pauvre	adj.		穷苦	ghiong ’k‘ou		窮苦		417		true	自旧档汇入	2026-04-13T01:27:08+08:00
Pauvre	adj.		苦恼，贫苦	’k‘ou ’nao		苦惱		417		true	自旧档汇入	2026-04-13T01:27:08+08:00
Pauvre	adj.	- comme Job	非常贫穷，穷得要什么没什么	ghiong lai yao’ sa’ m sa’		窮來要啥無啥	窮來要啥嘸啥	417		true	自旧档汇入	2026-04-13T01:27:08+08:00
Pauvre	adj.	- comme Job	非常贫穷，穷得要什么没什么	tsai’ ’k‘ou m ’k‘ou		再苦無苦	再苦嘸苦	417		true	自旧档汇入	2026-04-13T01:27:08+08:00
Pauvre	adj.	Passer pour riche, et être -	富得有名无实	fou’ lai ’yeû ming wou zéh ke’		富來有名無實个		417		true	自旧档汇入	2026-04-13T01:27:08+08:00
Pauvre	adj. Fig.	#NAME?	穷鬼	ghiong ’kiu		窮鬼		417		true	自旧档汇入	2026-04-13T01:27:08+08:00
Pauvreté	sf.		穷苦，生活穷苦	ghiong ’k‘ou		窮苦		417		true	自旧档汇入	2026-04-13T01:27:08+08:00
Pauvreté	sf.	Dans la -	穷苦，生活穷苦	’k‘ou véh ts‘éh deû gné		苦勿出頭年		417		true	自旧档汇入	2026-04-13T01:27:08+08:00
Pavaner	vr.	(Se)	摇摇摆摆	yao yao ’pa ’pa		摇摇擺襬		417		true	自旧档汇入	2026-04-13T01:27:08+08:00
Pavé	sm.		石头	zah deû		石頭		417		true	自旧档汇入	2026-04-13T01:27:08+08:00
Pavé	adj.	Route -e	石路	zah lou’		石路		417		true	自旧档汇入	2026-04-13T01:27:08+08:00
Paver	va.	en pierre	铺石头	p‘ou zah deû		鋪石頭		417		true	自旧档汇入	2026-04-13T01:27:08+08:00
Paver	va.	- en dalles	铺石板	p‘ou zah bi		鋪石皮		417		true	自旧档汇入	2026-04-13T01:27:08+08:00
Pavillon	sm.		亭子	ding ’tse		亭子		417		true	自旧档汇入	2026-04-13T01:27:08+08:00
Pavillon	sm.		凉亭	liang ding		凉亭		417		true	自旧档汇入	2026-04-13T01:27:08+08:00
Pavillon	sm.	Drapeau	旗帜[一面]	ghi [ih mié’]		旗[一面]		417		true	自旧档汇入	2026-04-13T01:27:08+08:00
Pavillon	sm.	Les -s noirs	黑旗	h‘eh ghi		黑旗		417		true	自旧档汇入	2026-04-13T01:27:08+08:00
Pavillon	sm.	- de l'oreille	耳边	’gni ’tou pié		耳朵邊		417		true	自旧档汇入	2026-04-13T01:27:08+08:00
Pavoiser	va.		悬挂旗帜	’ts‘a ghi		扯旗		417		true	自旧档汇入	2026-04-13T01:27:08+08:00
Pavot	sm.		罂粟	ang sôh		鶯粟	罌粟	417		true	自旧档汇入	2026-04-13T01:27:08+08:00
Pavot	sm.		罂粟花	ang sôh h‘ouo		鶯粟花	罌粟花	417		true	自旧档汇入	2026-04-13T01:27:08+08:00
Paye	sf.	(Paie) des soldats	粮	liang		粮		417	保留簡體	true	自旧档汇入	2026-04-13T01:27:08+08:00
Paye	sf.	(Paie) des soldats	兵饷	ping ’hiang		兵餉		417		true	自旧档汇入	2026-04-13T01:27:08+08:00
Paye	sf.	(Paie) des soldats	粮饷	liang ’hiang		粮餉		417	保留簡體	true	自旧档汇入	2026-04-13T01:27:08+08:00
Paye	sf.	- des ouvriers	工钱	kong dié’		工錢		417		true	自旧档汇入	2026-04-13T01:27:08+08:00
Paye	sf.	Faire la -	发工钱	fèh kong dié		發工錢		417		true	自旧档汇入	2026-04-13T01:27:08+08:00
Payement	sm.	Paiement	缴纳，还债	wè tsang’		還賬		417		true	自旧档汇入	2026-04-13T01:27:08+08:00
Payement	sm.	Paiement	缴纳，还债	wè tsa’		還債		417		true	自旧档汇入	2026-04-13T01:27:08+08:00
Payement	sm.	Exiger un paiement	要债，讨债	yao’ tsang’		要賬		417		true	自旧档汇入	2026-04-13T01:27:08+08:00
Payement	sm.	Exiger un paiement	要债，讨债	yao’ dong dié		要銅錢		417		true	自旧档汇入	2026-04-13T01:27:08+08:00
Payement	sm.	Exiger un paiement	要债，讨债	’t‘ao tsang’ deû		討賬頭		417		true	自旧档汇入	2026-04-13T01:27:08+08:00
Payer	va.		还（付）钱	wè (fou’) dong dié		還（付）銅錢		417		true	自旧档汇入	2026-04-13T01:27:08+08:00
Payer	va.		赔钱	bei		賠		417		true	自旧档汇入	2026-04-13T01:27:08+08:00
Payer	va.		赔钱	bei wè		賠還		417		true	自旧档汇入	2026-04-13T01:27:08+08:00
Payer	va.	#NAME?	付现款，付现金	yé’ dong dié		現銅錢		417		true	自旧档汇入	2026-04-13T01:27:08+08:00
Payer	va.	- un repas	办酒席	bé’ ’tsieû		辦酒		417		true	自旧档汇入	2026-04-13T01:27:08+08:00
Payer	va.	- un repas	请客，做东	wei tong		為東		417		true	自旧档汇入	2026-04-13T01:27:08+08:00
Payer	va.	- un retour	报答，报偿	pao’ tèh		報答		417		true	自旧档汇入	2026-04-13T01:27:08+08:00
Payer	va.	- un retour	报答，报偿	zia’ en		謝恩		417		true	自旧档汇入	2026-04-13T01:27:08+08:00
Payer	va.	- un retour	报答，报偿	’pou zing		補情		417		true	自旧档汇入	2026-04-13T01:27:08+08:00
Payer	va.	- d'ingratitude	忘恩负义	waong’ en		忘恩		418		true	自旧档汇入	2026-04-13T01:27:08+08:00
Payer	va.	- d'ingratitude	忘恩负义	waong’ en wou’ gni’		忘恩負義		418		true	自旧档汇入	2026-04-13T01:27:08+08:00
Payer	va.	- d'audace	表现得大胆	fèh ’hié ’tè dou’		發顯胆大		418	保留簡體	true	自旧档汇入	2026-04-13T01:27:08+08:00
Payer	va.	Je ne me paie pas de mots.	我不说空话	k‘ong wo’ wei’ ’ngou véh seu’ sou’		空話為我勿算數		418		true	自旧档汇入	2026-04-13T01:27:08+08:00
Pays	sm.		地方，地区	di’ faong		地方		418		true	自旧档汇入	2026-04-13T01:27:08+08:00
Pays	sm.	Du même -	同乡	dong hiang		同鄉		418		true	自旧档汇入	2026-04-13T01:27:08+08:00
Pays	sm.	Du même -	同国	dong kôh		同國		418		true	自旧档汇入	2026-04-13T01:27:08+08:00
Pays	sm.	Avoir le mal du -	思乡，想念家乡	’siang ka hiang		想家鄉		418		true	自旧档汇入	2026-04-13T01:27:08+08:00
Paysage	sm.		山水	sè ’se		山水		418		true	自旧档汇入	2026-04-13T01:27:08+08:00
Paysage	sm.		景致	’kieng tse’		景緻	景致	418		true	自旧档汇入	2026-04-13T01:27:08+08:00
Paysage	sm.		风景，乡景	hiang ’kieng		鄉景		418		true	自旧档汇入	2026-04-13T01:27:08+08:00
Paysage	sm.	Jouir du -	欣赏风景	k‘eu’ k‘eu’ ’kieng tse’ ’saong k‘oa’		看看景緻爽快	看看景致爽快	418		true	自旧档汇入	2026-04-13T01:27:08+08:00
Paysan	sm.	Campagnard	乡下人，乡里人	hiang ’hao gnen		鄉下人		418		true	自旧档汇入	2026-04-13T01:27:08+08:00
Paysan	sm.	Campagnard	乡下人，乡里人	hiang ’li gnen		鄉裏人		418		true	自旧档汇入	2026-04-13T01:27:08+08:00
Paysan	sm.	Cultivateur	耕作者，农民	tsong’ dié gnen		種田人		418		true	自旧档汇入	2026-04-13T01:27:08+08:00
Péage	sm.	à un pont	过桥税	ghiao kieu		橋捐		418		true	自旧档汇入	2026-04-13T01:27:08+08:00
Peau	sf.		皮肤	bi		皮		418		true	自旧档汇入	2026-04-13T01:27:08+08:00
Peau	sf.		皮肤	bi fou		皮膚		418		true	自旧档汇入	2026-04-13T01:27:08+08:00
Peau	sf.	N'avoir que la - sur les os	瘦得皮包骨头	seû’ lai bi pao koéh		瘦來皮包骨		418		true	自旧档汇入	2026-04-13T01:27:08+08:00
Peaussier	sm.		经营皮革，贩卖皮货	fè’ ma’ bi hou’	fè’ ma’ bi h‘ou’	販賣皮貨		418		true	自旧档汇入	2026-04-13T01:27:08+08:00
Peccadille	sf.		小差错，小过错	’siao ts‘ouo ts‘u’		小差處		418		true	自旧档汇入	2026-04-13T01:27:08+08:00
Peccadille	sf.		小罪	’siao zu’		小罪		418		true	自旧档汇入	2026-04-13T01:27:08+08:00
Pêche	sf.		桃子	dao ’tse		桃子		418		true	自旧档汇入	2026-04-13T01:27:08+08:00
Pêche	sf.		毛桃	mao dao		毛桃		418		true	自旧档汇入	2026-04-13T01:27:08+08:00
Pêche	sf.		扁桃	’pié dao		扁桃		418		true	自旧档汇入	2026-04-13T01:27:08+08:00
Péché	sm.		罪恶	zu’		罪		418		true	自旧档汇入	2026-04-13T01:27:08+08:00
Péché	sm. (C.)	#NAME?	大（死）罪	dou’ (’si) zu’		大（死）罪		418		true	自旧档汇入	2026-04-13T01:27:08+08:00
Péché	sm. (C.)	#NAME?	小（轻）罪	’siao (k‘ieng) zu’		小（輕）罪		418		true	自旧档汇入	2026-04-13T01:27:08+08:00
Péché	sm. (C.)	#NAME?	原罪	gneu zu’		原罪		418		true	自旧档汇入	2026-04-13T01:27:08+08:00
Péché	sm. (C.)	#NAME?	本罪	’pen zu’		本罪		418		true	自旧档汇入	2026-04-13T01:27:08+08:00
Péché	sm. (C.)	- contre le 6e	违反六戒之罪	di’ lôh ka’ ’li zu’		第六誡裏罪		418	中文解释不确定	true	自旧档汇入	2026-04-13T01:27:08+08:00
Péché	sm. (C.)	Les sept -s capitaux	七宗罪	ts‘ih zu’ tsong		七罪宗		418		true	自旧档汇入	2026-04-13T01:27:08+08:00
Pécher 	vn.		犯罪	’vé zu’		犯罪		418		true	自旧档汇入	2026-04-13T01:27:08+08:00
Pêcher	sm.		桃树[一棵]	dao zu’ [ih k‘ou]		桃樹[一棵]		418		true	自旧档汇入	2026-04-13T01:27:08+08:00
Pêcher	va.	au filer	捉鱼	tsoh (t‘ou) n		捉（拖）魚		418		true	自旧档汇入	2026-04-13T01:27:08+08:00
Pêcher	va.	à la main	摸鱼	moh n		摸魚		418		true	自旧档汇入	2026-04-13T01:27:08+08:00
Pêcher	va.	à la ligne	钓鱼	tiao’ n		釣魚		418		true	自旧档汇入	2026-04-13T01:27:08+08:00
Pêcher	va. Fig.	Trouver	找出来	zin ts‘éh lai		尋出來		418		true	自旧档汇入	2026-04-13T01:27:08+08:00
Pêcher	va. Fig.	Trouver	找到	’tsao zah		找着		418		true	自旧档汇入	2026-04-13T01:27:08+08:00
Pécheur	sm.		罪人	zu’ gnen		罪人		418		true	自旧档汇入	2026-04-13T01:27:08+08:00
Pêcheur	sm.		渔夫	tsoh n ke’		捉魚个		418		true	自旧档汇入	2026-04-13T01:27:08+08:00
Pêcheur	sm.		渔夫	yu fou		漁夫		418		true	自旧档汇入	2026-04-13T01:27:08+08:00
Pédale	sf.		踏脚板	dèh kiah ’pè		踏脚板		418		true	自旧档汇入	2026-04-13T01:27:08+08:00
Pédant	sm.		学究，假明白的人	’ka ming bah gnen		假明白人		418	中文解释不确定	true	自旧档汇入	2026-04-13T01:27:08+08:00
Pédant	sm.	#NAME?	书呆子，迂腐	su tai ’tse		書呆子		418	原作“書懛子”	true	自旧档汇入	2026-04-13T01:27:08+08:00
Pédant	sm.	#NAME?	书呆子，迂腐	’wou zu		腐儒		418		true	自旧档汇入	2026-04-13T01:27:08+08:00
Pédant	sm.	#NAME?	书呆子，迂腐	su gaong		書狂		418	待定	true	自旧档汇入	2026-04-13T01:27:08+08:00
Pédantesque	adj.		学究式的，咬文嚼字的	kieng k‘ouo		矜誇		418		true	自旧档汇入	2026-04-13T01:27:08+08:00
Pédantesque	adj.		学究式的，咬文嚼字的	’ngao wen ziah ze’		咬文嚼字		418		true	自旧档汇入	2026-04-13T01:27:08+08:00
Pédicure	sm.		修脚者，治脚病者	’sieû kiah ke’	sieû kiah ke’	修脚个		418		true	自旧档汇入	2026-04-13T01:27:08+08:00
Pédicure	sm.		修脚者，治脚病者	t‘iao ki ’ngè ke’		挑鷄眼个		418		true	自旧档汇入	2026-04-13T01:27:08+08:00
Pédoncule	sm.		花蒂	ti’		蒂		418		true	自旧档汇入	2026-04-13T01:27:08+08:00
Pédoncule	sm.		花蒂	h‘ouo ti’ den		花蒂臀		418		true	自旧档汇入	2026-04-13T01:27:08+08:00
Peigne	sm.	fin	篦子	pié ki		篦箕		418	待定	true	自旧档汇入	2026-04-13T01:27:08+08:00
Peigne	sm.	Démêloir	木梳	moh se		木梳		418		true	自旧档汇入	2026-04-13T01:27:08+08:00
Peigner	va. 	Se - (vr.)	梳头	se deû		梳頭		418		true	自旧档汇入	2026-04-13T01:27:08+08:00
Peigner	va. 	Se - (vr.)	梳一梳，篦一篦	pié ih pié		篦一篦		418		true	自旧档汇入	2026-04-13T01:27:08+08:00
Peindre	va.		画画	wo’ wo’		畫畫		419		true	自旧档汇入	2026-04-13T01:27:08+08:00
Peindre	va.		画画	wo’ 		畫		419		true	自旧档汇入	2026-04-13T01:27:08+08:00
Peindre	va.	Enduire de couleurs	上色	zaong’ ngè seh		上顔色		419		true	自旧档汇入	2026-04-13T01:27:08+08:00
Peindre	va.	Enduire de couleurs	上色	tsah ngè seh		着顔色		419		true	自旧档汇入	2026-04-13T01:27:08+08:00
Peine	sf.	Châtiment	处罚	yeng vèh		刑罰		419		true	自旧档汇入	2026-04-13T01:27:08+08:00
Peine	sf.	Châtiment	惩罚	vèh deû		罰頭		419		true	自旧档汇入	2026-04-13T01:27:08+08:00
Peine	sf.	Châtiment	恶报	oh pao’		惡報		419		true	自旧档汇入	2026-04-13T01:27:08+08:00
Peine	sf.	Porter la - d'une fautre	受罚	’zeû vèh		受罰		419		true	自旧档汇入	2026-04-13T01:27:08+08:00
Peine	sf.	Affliction. Souffrances	痛苦	’k‘ou ts‘u’		苦處		419		true	自旧档汇入	2026-04-13T01:27:08+08:00
Peine	sf.	Affliction. Souffrances	痛苦	t‘ong’ ’k‘ou		痛苦		419		true	自旧档汇入	2026-04-13T01:27:08+08:00
Peine	sf.	Être dans la -	受苦	’zeû ’k‘ou		受苦		419		true	自旧档汇入	2026-04-13T01:27:08+08:00
Peine	sf.	Être dans la -	忧闷	yeû men’		憂悶		419		true	自旧档汇入	2026-04-13T01:27:08+08:00
Peine	sf.	Être dans la -	伤心，忧心	zaong’ sin ze’		上心事		419		true	自旧档汇入	2026-04-13T01:27:08+08:00
Peine	sf.	Fatigue : homme de -	劳苦的人	lao ’k‘ou gnen		勞苦人		419		true	自旧档汇入	2026-04-13T01:27:08+08:00
Peine	sf.	Fatigue : homme de -	苦力	’k‘ou lih		苦力		419		true	自旧档汇入	2026-04-13T01:27:08+08:00
Peine	sf.	Se donner de la -	辛苦	sin ’k‘ou		辛苦		419		true	自旧档汇入	2026-04-13T01:27:08+08:00
Peine	sf.	Se donner de la -	劳苦的人	lao ’k‘ou		勞苦		419		true	自旧档汇入	2026-04-13T01:27:08+08:00
Peine	sf.	Se donner de la -	费心	fi’ sin		費心		419		true	自旧档汇入	2026-04-13T01:27:08+08:00
Peine	sf.	C'est - perdue.	白费劲了	di’ ke’ ze’ bah k‘ieh ’k‘ou ke’.		第个是白吃苦个		419		true	自旧档汇入	2026-04-13T01:27:08+08:00
Peine	sf.	Pourquoi prendre la - de … ?	何苦	wou ’k‘ou tse teh ?		何苦之得		419		true	自旧档汇入	2026-04-13T01:27:08+08:00
Peine	sf.	(Pol.) Vous vous donnez trop de -.	太费心了	t‘eh fi’ sin ’tsé.		忒费心者		419		true	自旧档汇入	2026-04-13T01:27:08+08:00
Peine	sf.	(Pol.) Vous vous donnez trop de -.	劳心了	lao sin ’tsé.		勞心者		419		true	自旧档汇入	2026-04-13T01:27:08+08:00
Peine	sf.	Merci de la - prise pour moi.	感谢您为我费心	zia’ nong’ tou fi’ sin (dai’ lao).		謝儂多費心（代勞）		419		true	自旧档汇入	2026-04-13T01:27:08+08:00
Peine	sf.	Cela ne vaut pas la -.	不值得	véh zeh ke’.		勿值个		419		true	自旧档汇入	2026-04-13T01:27:08+08:00
Peine	sf.	,, ,, ,, ,, d'en parler	不必说	véh pih wo’		勿必話		419	此处与上一行为一整句（Cela ne vaut pas la - …）	true	自旧档汇入	2026-04-13T01:27:08+08:00
Peine	sf.	,, ,, ,, ,, d'en parler	不用提起	véh yao’ di ’k‘i		勿要提起		419	同上	true	自旧档汇入	2026-04-13T01:27:08+08:00
Peine	sf.	Se mettre en - de	想念	’siang gnè’		想念		419		true	自旧档汇入	2026-04-13T01:27:08+08:00
Peine	sf.	Se mettre en - de	挂心，牵挂	kouo’ sin		掛心		419		true	自旧档汇入	2026-04-13T01:27:08+08:00
Peine	sf.	À -. Strictement	几乎不	’ki ’ki wou véh tao’	ki ki wou véh tao’	幾幾乎勿到		419	待定	true	自旧档汇入	2026-04-13T01:27:08+08:00
Peine	sf.	Cela suffit à -.	勉强正好，一点也不多	k‘eû’ k‘èh k‘eû’ ih ’ngè m teh tou.		扣壓扣一眼無得多	扣？扣一眼嘸得多	419	待定 口	true	自旧档汇入	2026-04-13T01:27:08+08:00
Peiné	adj.		难过	nè kou’		難過		419		true	自旧档汇入	2026-04-13T01:27:08+08:00
Peiné	adj.		伤心	saong sin		傷心		419		true	自旧档汇入	2026-04-13T01:27:08+08:00
Peiné	adj.	- au plus haut point	伤心至极	pei saong teh ghieh		悲傷得極		419		true	自旧档汇入	2026-04-13T01:27:08+08:00
Peiné	adj.	- au plus haut point	苦不堪言	’k‘ou péh seng’ yé		苦不勝言		419		true	自旧档汇入	2026-04-13T01:27:08+08:00
Peiner	vn.		操劳	lao		勞		419		true	自旧档汇入	2026-04-13T01:27:08+08:00
Peiner	vn.	- d'esprit	劳心	lao sin		勞心		419		true	自旧档汇入	2026-04-13T01:27:08+08:00
Peiner	vn.	- de corps	辛苦	sin ’k‘ou		辛苦		419		true	自旧档汇入	2026-04-13T01:27:08+08:00
Peiner	vn.	- de corps	劳力	lao lih		勞力		419		true	自旧档汇入	2026-04-13T01:27:08+08:00
Peiner	va. Cf.	Chagriner	使疲劳	sa dou		衰瘏		419		true	自旧档汇入	2026-04-13T01:27:08+08:00
Peintre	sm.		画家	wo’ wo’ sié sang		畫畫先生		419		true	自旧档汇入	2026-04-13T01:27:08+08:00
Peintre	sm.		画家	wo’ ka		畫家		419		true	自旧档汇入	2026-04-13T01:27:08+08:00
Peintre	sm.	- en bâtiments	油漆匠	ts‘ih ziang’		漆匠		419		true	自旧档汇入	2026-04-13T01:27:08+08:00
Peintre	sm.	- en bâtiments	油漆匠	yeû ts‘ih ziang’		油漆匠		419		true	自旧档汇入	2026-04-13T01:27:08+08:00
Peinture	sf.		画作	wo’		畫		419		true	自旧档汇入	2026-04-13T01:27:08+08:00
Peinture	sf.	Faire des -s	画画	wo’ wo’		畫畫		419		true	自旧档汇入	2026-04-13T01:27:08+08:00
Peinture	sf.	Ces -s sont bien faites.	这些（张）画作画得好	ke’ tsang wo’ wo’ teh ’h‘ao	kou’ tsang wo’ wo’ teh ’h‘ao	箇張畫畫得好		419	汉字表达为单数，法语为复数 待定	true	自旧档汇入	2026-04-13T01:27:08+08:00
Pékin	sm.		北京	pôh kieng		北京		419		true	自旧档汇入	2026-04-13T01:27:08+08:00
Pékin	sm.		顺天府	zen’ t‘ié ’fou		順天府		419		true	自旧档汇入	2026-04-13T01:27:08+08:00
Pékin	sm.	Aller à -	上京	zaong’ kieng ’li k‘i	zaong’ kieng ’li k‘i’	上京裏去		419		true	自旧档汇入	2026-04-13T01:27:08+08:00
Pelage	sm.		皮色	bi seh		皮色		419		true	自旧档汇入	2026-04-13T01:27:08+08:00
Pelage	sm.		毛色	mao seh		毛色		419		true	自旧档汇入	2026-04-13T01:27:08+08:00
Pêle-mêle	loc.adv.		乱七八糟的	leu’ ts‘ih pèh tsao’	leu’ ts‘ih pèh tsao	亂七八糟		419	原作“亂七八蹧”	true	自旧档汇入	2026-04-13T01:27:08+08:00
Pêle-mêle	loc.adv.		七零八落的	ts‘ih ling pèh loh ke’		七零八落个		419		true	自旧档汇入	2026-04-13T01:27:08+08:00
Peler	va.		剥皮	pôh bi		剥皮		419		true	自旧档汇入	2026-04-13T01:27:08+08:00
Peler	va.	- avec un couteau	削皮	siah bi		削皮		419		true	自旧档汇入	2026-04-13T01:27:08+08:00
Peler	vn.	S'en aller par écailles	脱毛	t‘euh mao		脱毛		419		true	自旧档汇入	2026-04-13T01:27:08+08:00
Peler	vn.	S'en aller par écailles	脱皮	t‘euh bi		脱皮		419		true	自旧档汇入	2026-04-13T01:27:08+08:00
Pélican	sm.		鹈鹕[一只]	daong ngou [ih tsah]		塘鵝[一隻]		419	待定	true	自旧档汇入	2026-04-13T01:27:08+08:00
Pelle	sf.	en bois	木铲	moh ’hié		木鍁		419		true	自旧档汇入	2026-04-13T01:27:08+08:00
Pelle	sf.	- en fer	铁锹	ts‘iao		鍬		419	待定	true	自旧档汇入	2026-04-13T01:27:08+08:00
Pelle	sf.	- en fer	铁铲	t‘ih ’ts‘è		鐵鏟		419		true	自旧档汇入	2026-04-13T01:27:08+08:00
Pelle	sf.	Petite - à feu	一把铲子	ih ’pouo ’ts‘è tao		一把鏟刀		420	中文解释不确定	true	自旧档汇入	2026-04-13T01:27:08+08:00
Pelletée	sf.	(Une) deterre	一锹土	ih ts‘iao gni		一鍬泥		420		true	自旧档汇入	2026-04-13T01:27:08+08:00
Pelletée	sf.	(Une) deterre	一铲土	ih ’ts‘è gni		一鏟泥		420		true	自旧档汇入	2026-04-13T01:27:08+08:00
Pelleteries	sf.pl.		毛皮	bi		皮		420		true	自旧档汇入	2026-04-13T01:27:08+08:00
Pelleteries	sf.pl.		皮货	bi hou’	bi h‘ou’	皮貨		420		true	自旧档汇入	2026-04-13T01:27:08+08:00
Pelletier	sm.		皮货商	fè’ ma’ bi hou’ ke’	fè’ ma’ bi h‘ou’ ke’	販賣皮貨个		420		true	自旧档汇入	2026-04-13T01:27:08+08:00
Pellicule	sf.		薄皮	bôh bi		薄皮		420		true	自旧档汇入	2026-04-13T01:27:08+08:00
Pellicule	sf.	- d'une -plaie	伤疤	saong pouo		傷疤		420		true	自旧档汇入	2026-04-13T01:27:08+08:00
Pelote	sf.	de fil	线团	sié’ ghieû		綫球		420		true	自旧档汇入	2026-04-13T01:27:08+08:00
Pelote	sf.	de fil	线球	sié deu		綫團		420		true	自旧档汇入	2026-04-13T01:27:08+08:00
Peloter	va.		绕线球（团）	’gnao sié’ ghieû (deu)	gnao’ sié’ ghieû (deu)	裊綫球（團）	繞綫球（團）	420	待定	true	自旧档汇入	2026-04-13T01:27:08+08:00
Pelouse	sf.		草地，草坪	ts‘ing ’ts‘ao zang		青草場		420		true	自旧档汇入	2026-04-13T01:27:08+08:00
Pelure	sf.	d'orange	橘子皮	kieuh bi		橘皮		420		true	自旧档汇入	2026-04-13T01:27:08+08:00
Pelure	sf.	,, ,, sèche	陈橘皮	zen kieuh bi		陳橘皮		420		true	自旧档汇入	2026-04-13T01:27:08+08:00
Pénal	adj.	Loi -e	刑法	yeng fèh		刑法		420		true	自旧档汇入	2026-04-13T01:27:08+08:00
Penaud	adj.	Tout -	窘迫的，狼狈的	t‘è t‘è ts‘ong’ ts‘ong’		坍坍㧤㧤		420		true	自旧档汇入	2026-04-13T01:27:08+08:00
Penaud	adj.	Tout -	窘迫的，狼狈的	ti deû ’zen k‘i’		低頭忍氣		420		true	自旧档汇入	2026-04-13T01:27:08+08:00
Penchant	sm.	d'une colline	山坡	sè p‘ou		山坡		420		true	自旧档汇入	2026-04-13T01:27:08+08:00
Penchant	sm.	d'une colline	山背	sè pei’		山背		420		true	自旧档汇入	2026-04-13T01:27:08+08:00
Penchant	sm.	d'une colline	山侧	sè ke’ tseh ’li		山个側裏		420		true	自旧档汇入	2026-04-13T01:27:08+08:00
Penchant	sm.	#NAME?	毛病，恶习	mao bing’		毛病		420		true	自旧档汇入	2026-04-13T01:27:08+08:00
Penchant	sm.	#NAME?	偏向，偏好	p‘ié zing		偏情		420		true	自旧档汇入	2026-04-13T01:27:08+08:00
Pencher	vn.		倾斜，歪斜	zia		斜		420		true	自旧档汇入	2026-04-13T01:27:08+08:00
Pencher	vn.		倾斜，歪斜	foa		歪		420		true	自旧档汇入	2026-04-13T01:27:08+08:00
Pencher	vn.		倾斜，歪斜	bih		蹩		420		true	自旧档汇入	2026-04-13T01:27:08+08:00
Pendable	adj.		罪大恶极的	sèh p‘ei		殺胚		420		true	自旧档汇入	2026-04-13T01:27:08+08:00
Pendable	adj.		罪大恶极的	’lao diao		老條		420		true	自旧档汇入	2026-04-13T01:27:08+08:00
Pendant	sm.	d'oreilles	耳环	’gni ’tou k‘ieu (goè)		耳朵圈（環）		420		true	自旧档汇入	2026-04-13T01:27:08+08:00
Pendant	adj.		下垂的，耷拉着的	t‘a		拖		420		true	自旧档汇入	2026-04-13T01:27:08+08:00
Pendant	adj.		下垂的，耷拉着的	daong’		宕		420		true	自旧档汇入	2026-04-13T01:27:08+08:00
Pendant	adj.	Lèvres -es.	耷拉着嘴唇	loh k‘ai ze’ tsah ’tse		落開是隻嘴		420		true	自旧档汇入	2026-04-13T01:27:08+08:00
Pendant	prép.	- … (Cf. Durant)	…的时候	… ze heû		…時候		420		true	自旧档汇入	2026-04-13T01:27:08+08:00
Pendant	prép.	- … (Cf. Durant)	…的时候	… zen koang		…辰光		420		true	自旧档汇入	2026-04-13T01:27:08+08:00
Pendant	prép.	- la nuit	夜里	ya’ ’li		夜裏		420		true	自旧档汇入	2026-04-13T01:27:08+08:00
Pendard	sm.		该绞死的人	sèh liao’		殺料		420		true	自旧档汇入	2026-04-13T01:27:08+08:00
Pendre	va.	qqn.	吊死他	tiao’ sèh i		吊殺伊		420		true	自旧档汇入	2026-04-13T01:27:08+08:00
Pendre	va.	#NAME?	吊起（东西）来	kouo’ (tiao’) ’k‘i lai		掛（吊）起來		420		true	自旧档汇入	2026-04-13T01:27:08+08:00
Pendre	va.	Laisser - les bras	两只手耷拉下来	’liang tsah ’seû t‘a loh ’la (daong’ ’hao lai)		兩只手拖落拉（宕下來）		420	待定 dang’	true	自旧档汇入	2026-04-13T01:27:08+08:00
Pendre	vr.	Se -	上吊	zaong’ tiao’		上吊		420		true	自旧档汇入	2026-04-13T01:27:08+08:00
Pendre	vr.	Se -	上吊	tiao’ sèh		吊殺		420		true	自旧档汇入	2026-04-13T01:27:08+08:00
Pendule	sm.		钟摆	tsong ze deû		鐘錘頭	鐘縋頭	420		true	自旧档汇入	2026-04-13T01:27:08+08:00
Pendule	sm.		钟摆	daong’ deû		宕頭	趤頭	420		true	自旧档汇入	2026-04-13T01:27:08+08:00
Pendule	sf.		钟[一只]	tsong [ih tsah]		鐘[一隻]		420		true	自旧档汇入	2026-04-13T01:27:08+08:00
Pénétration	sf.		洞察力，眼力	kao kié’		高見		420		true	自旧档汇入	2026-04-13T01:27:08+08:00
Pénétration	sf.		洞察力，眼力	’ngè lih		眼力		420		true	自旧档汇入	2026-04-13T01:27:08+08:00
Pénétration	sf.	Avoir de la -	通情达理	t‘ong ming tèh ’li	t‘ong ming dèh ’li	通明達理		420	中文解释不确定	true	自旧档汇入	2026-04-13T01:27:08+08:00
Pénétrer	vn.	#NAME?	穿透，钻进去	tseu’ tsin’ k‘i’		鑽進去		420		true	自旧档汇入	2026-04-13T01:27:08+08:00
Pénétrer	va.	- qqch. Saisir à fond	通透，贯通，深入理解	t‘ong (k‘eu’) t‘eû’		通（看）透		420		true	自旧档汇入	2026-04-13T01:27:08+08:00
Pénétrer	vn.	- qqch. Saisir à fond	通透，贯通，深入理解	koé’ t‘ong		貫通		420		true	自旧档汇入	2026-04-13T01:27:08+08:00
Pénétrer	vn.	- à fond	看破	k‘eu’ p‘ou’		看破		420		true	自旧档汇入	2026-04-13T01:27:08+08:00
Pénétrer	vn.	- à fond	看穿	k‘eu’ teh ts‘é		看得穿		420		true	自旧档汇入	2026-04-13T01:27:08+08:00
Pénible	adj.	Fatigant	费力的，吃力的	fi’ lih		費力		420		true	自旧档汇入	2026-04-13T01:27:08+08:00
Pénible	adj.	Fatigant	费力的，吃力的	fi’ ze’ ke’		費事个		420		true	自旧档汇入	2026-04-13T01:27:08+08:00
Pénible	adj.	Fatigant	费力的，吃力的	k‘ieh lih		吃力		420		true	自旧档汇入	2026-04-13T01:27:08+08:00
Pénible	adj.	Chagrinant	使人难过的，难受的	’za gnen nè kou’ ke’		惹人難過个		420		true	自旧档汇入	2026-04-13T01:27:08+08:00
Pénible	adj.	Chagrinant	使人难过的，难受的	nè ’zeû ke’		難受个		420		true	自旧档汇入	2026-04-13T01:27:08+08:00
Péninsule	sf.		半岛	’t‘ou ’kou		土股		420		true	自旧档汇入	2026-04-13T01:27:08+08:00
Péninsule	sf.		半岛	di’ ’kieng		地頸		420		true	自旧档汇入	2026-04-13T01:27:08+08:00
Péninsule	sf.		半岛	siu	zu	嶼		420	待定	true	自旧档汇入	2026-04-13T01:27:08+08:00
Pénitence	sf. (C.)		补赎	’pou zôh		補贖		420		true	自旧档汇入	2026-04-13T01:27:08+08:00
Pénitence	sf. (C.)		苦行，苦修	’k‘ou kong		苦工		420		true	自旧档汇入	2026-04-13T01:27:08+08:00
Pénitence	sf. (C.)	#NAME?	补赎经	’pou zôh kieng		補贖經		420		true	自旧档汇入	2026-04-13T01:27:08+08:00
Pénitence	sf	Sacrement de --.(C.)	忏悔的圣事	kao’ ’ka seng’ ze’		告解聖事		421		true	自旧档汇入	2026-04-13T01:27:08+08:00
Pensée	sf	Idée, intention	点子，意图	gnè’ deû		念頭		421		true	自旧档汇入	2026-04-13T01:27:08+08:00
Pensée	sf	Idée, intention	点子，意图	i’ se		意思		421		true	自旧档汇入	2026-04-13T01:27:08+08:00
Pensée	sf	Idée, intention	点子，意图	i’ hiang’		意向		421		true	自旧档汇入	2026-04-13T01:27:08+08:00
Pensée	sf	Idée, intention	点子，意图	’siang deû		想頭		421		true	自旧档汇入	2026-04-13T01:27:08+08:00
Pensée	sf	Motif	动机	’k‘i kié’		起見		421		true	自旧档汇入	2026-04-13T01:27:08+08:00
Pensée	sf	Ne pouvoir avoir la -- de	想不到	’siang véh tao’		想勿到		421		true	自旧档汇入	2026-04-13T01:27:08+08:00
Pensée	sf	Ne pouvoir avoir la -- de	想不到	’siang véh ts‘éh lai		想勿出來		421		true	自旧档汇入	2026-04-13T01:27:08+08:00
Pensée	sf	Opinion	观点	i’ kié’		意見		421		true	自旧档汇入	2026-04-13T01:27:08+08:00
Pensée	sf	Quelle est votre --?	您是什么想法？	nong’ ’siang sa’?		儂想啥？		421		true	自旧档汇入	2026-04-13T01:27:08+08:00
Pensée	sf	Quelle est votre --?	您是什么想法？	kao kié’ ’na neng?		高見那能		421		true	自旧档汇入	2026-04-13T01:27:08+08:00
Penser	vn		想法	’siang		想		421		true	自旧档汇入	2026-04-13T01:27:08+08:00
Penser	vn		想法	’siang ih ’siang		想一想		421		true	自旧档汇入	2026-04-13T01:27:08+08:00
Penser	vn		想法	’siang ’siang k‘eu’		想想看		421		true	自旧档汇入	2026-04-13T01:27:08+08:00
Penser	vn	 -- à qqn	想念某人	’siang gnè’ i		想念伊		421		true	自旧档汇入	2026-04-13T01:27:08+08:00
Penser	vn	Ne -- qu'à soi	只想自己	tséh kou’ ze’ ka véh kou’ biéh gnen		只顧自家勿顧别人		421		true	自旧档汇入	2026-04-13T01:27:08+08:00
Penser	vn	Ne -- qu'à soi	只想自己	tè’ ’siang ze’ ka	dè’ ’siang ze’ ka	但想自家		421		true	自旧档汇入	2026-04-13T01:27:08+08:00
Penser	vn	Je pense qu'il viendra	我想他来	’ngou ’siang i yao’ lai ke’		我想伊要來个		421		true	自旧档汇入	2026-04-13T01:27:08+08:00
Pensif	adj		深思的	véh ’hiang sa’		勿响啥		421	保留簡體	true	自旧档汇入	2026-04-13T01:27:08+08:00
Pension	sf	(Prendre)	领救助	ki’ vè’		寄飯		421		true	自旧档汇入	2026-04-13T01:27:08+08:00
Pension	sf	 -- d'école	学费	hoh dié.		學錢		421	原注有“Cf.Collège.”	true	自旧档汇入	2026-04-13T01:27:08+08:00
Pentagonal	adj		五边形的	’n koh ke’		五角个		421		true	自旧档汇入	2026-04-13T01:27:08+08:00
Pente	sf		倾斜	zè		巉		421		true	自旧档汇入	2026-04-13T01:27:08+08:00
Pente	sf		倾斜	zia p‘ou		斜坡		421		true	自旧档汇入	2026-04-13T01:27:08+08:00
Pente	sf		倾斜	t‘è dou’		灘渡		421	待定	true	自旧档汇入	2026-04-13T01:27:08+08:00
Pente	sf		倾斜	èh zaong’ t‘è		鴨上灘		421		true	自旧档汇入	2026-04-13T01:27:08+08:00
Pentecôte	sf	(C.)	圣灵降临节	seng’ zen kiang’ lin tsé ’li		聖神降臨瞻禮		421		true	自旧档汇入	2026-04-13T01:27:08+08:00
Pénurie	sf	Être ds la--	生活穷困	ghiong ’k‘ou (ghieh)		窮苦（極）		421		true	自旧档汇入	2026-04-13T01:27:08+08:00
Pépin	sm		籽	wéh		核	[木月骨]	421		true	自旧档汇入	2026-04-13T01:27:08+08:00
Pépinière	sf		苗圃	zu’ yang yeu		樹秧園		421		true	自旧档汇入	2026-04-13T01:27:08+08:00
Pépinière	sf		苗圃	tsong’ zu’ yang ke’ di’ yeu		種樹秧个地園		421		true	自旧档汇入	2026-04-13T01:27:08+08:00
Perçant	adj	(Esprit)	精神方面	sin ’li ming bah ke’		心裏明白个		421		true	自旧档汇入	2026-04-13T01:27:08+08:00
Perçant	adj	(Esprit)	精神方面	tsing ming		精明		421		true	自旧档汇入	2026-04-13T01:27:08+08:00
Perçant	adj	Vue --e	视力好	’ngè tsing koang tsié ke’		眼睛光尖个		421		true	自旧档汇入	2026-04-13T01:27:08+08:00
Perçant	adj	Vue --e	视力好	’ngè lih tsié		眼力尖		421		true	自旧档汇入	2026-04-13T01:27:08+08:00
Percepteur	sm	des taxes	税	su’ li’		税吏		421		true	自旧档汇入	2026-04-13T01:27:08+08:00
Percepteur	sm	des taxes	税	’ka liang koé		解粮官		421	保留簡體	true	自旧档汇入	2026-04-13T01:27:08+08:00
Percepteur	sm	des taxes	税	zao ’tsong		槽總		421	原作“糟總”	true	自旧档汇入	2026-04-13T01:27:08+08:00
Percepteur	sm	des taxes	税	tôh liang dao’		督糧道		421		true	自旧档汇入	2026-04-13T01:27:08+08:00
Perceptible	adj	à la vue	视力	k‘eu’ teh kié’ ke’		看得見个		421		true	自旧档汇入	2026-04-13T01:27:08+08:00
Perceptible	adj	à la vue	视力	maong’ teh ts‘éh ke’		望得出个		421		true	自旧档汇入	2026-04-13T01:27:08+08:00
Perceptible	adj	à l'ouïe	听力	t‘ing teh kié’ ke’		聽得見个		421		true	自旧档汇入	2026-04-13T01:27:08+08:00
Percer	va		凿穿	tseu tsin’(kou’)k‘i’		鑽進（過）去		421		true	自旧档汇入	2026-04-13T01:27:08+08:00
Percer	va	 -- avec une pointe	用尖刺	ts‘e’		刺		421		true	自旧档汇入	2026-04-13T01:27:08+08:00
Percer	va	 -- avec une pointe	用尖刺	ts‘ôh		擉	觸	421	待定	true	自旧档汇入	2026-04-13T01:27:08+08:00
Percer	va	 -- avec une pointe	用尖刺	ts‘é		穿		421		true	自旧档汇入	2026-04-13T01:27:08+08:00
Percer	va	 -- un abcès	挑破脓	k‘ai(t‘iao)ts‘aong		開（挑）創		421	原作“開（[兆刂]）創”	true	自旧档汇入	2026-04-13T01:27:08+08:00
Percer	va	Fig -- le cœur	穿心之痛	saong sin		傷心		421		true	自旧档汇入	2026-04-13T01:27:08+08:00
Percer	va	Fig -- le cœur	穿心之痛	ts‘ôh sin		觸心		421		true	自旧档汇入	2026-04-13T01:27:08+08:00
Percer	vn		脱出来	t‘euh ts‘éh lai		脱出來		421		true	自旧档汇入	2026-04-13T01:27:08+08:00
Percer	vn	Laisser -- le bout de la queue	露出尾巴末端	lou’ ts‘éh ’gni pouo sao lai		露出尾巴梢來		421		true	自旧档汇入	2026-04-13T01:27:08+08:00
Percer	vn	Fig --	显露头角	fèh dèh		發達		421		true	自旧档汇入	2026-04-13T01:27:08+08:00
Percevoir		les impôts	税	seû zié liang		收錢糧		421		true	自旧档汇入	2026-04-13T01:27:08+08:00
Percevoir		les impôts	税	seû su’(kieu)		收税（捐）		421		true	自旧档汇入	2026-04-13T01:27:08+08:00
Perche	sf		鲈鱼	bah lou n		白鱸魚		421		true	自旧档汇入	2026-04-13T01:27:08+08:00
Perche	sf	Gaule	长杆	tsôh keu [ih ken]		竹竿（一根）		421		true	自旧档汇入	2026-04-13T01:27:08+08:00
Perche	sf	 -- de batelier	撑杆	kao ’tse		篙子		421		true	自旧档汇入	2026-04-13T01:27:08+08:00
Perche	sf	la manier	撑船	ts‘ang zé		撑船		421		true	自旧档汇入	2026-04-13T01:27:08+08:00
Perché	pp		栖息的	’dou		踱	？	422	待定	true	自旧档汇入	2026-04-13T01:27:08+08:00
Perché	pp		栖息的	ding		停		422		true	自旧档汇入	2026-04-13T01:27:08+08:00
Perché	pp	 --sur l'arbre	栖息在树上	’dou ’la zu’ o tse laong’		踱拉樹椏枝上		422		true	自旧档汇入	2026-04-13T01:27:08+08:00
Perchoir	sm	pr poules	鸡架	ki ka’		鷄架		422		true	自旧档汇入	2026-04-13T01:27:08+08:00
Perclus	adj		瘫痪的	t‘è ’tse		癱子		422		true	自旧档汇入	2026-04-13T01:27:08+08:00
Perclus	adj		瘫痪的	zè zih		殘疾		422		true	自旧档汇入	2026-04-13T01:27:08+08:00
Perclus	adj		瘫痪的	fi’ wéh		廢物		422		true	自旧档汇入	2026-04-13T01:27:08+08:00
Perdant	sm	Le --	输家	su ka 		輸家		422		true	自旧档汇入	2026-04-13T01:27:08+08:00
Perdant	sm	Le --	输家	’tang su ke’		打輸个		422		true	自旧档汇入	2026-04-13T01:27:08+08:00
Perdre	va	 -- bataille	打败仗	loh t‘éh		落脱		422		true	自旧档汇入	2026-04-13T01:27:08+08:00
Perdre	va	 -- bataille	打败仗	’tang ba’ tsang’		打敗仗		422		true	自旧档汇入	2026-04-13T01:27:08+08:00
Perdre	va	 -- un procès	官司打输	koé se ’tang su ’tsé		官司打輸者		422		true	自旧档汇入	2026-04-13T01:27:08+08:00
Perdre	va	 -- au jeu	输掉游戏	su		輸		422		true	自旧档汇入	2026-04-13T01:27:08+08:00
Perdre	va	 -- cheveux, couleur	掉头发，颜色脱落	t‘euh 		脱出來		422		true	自旧档汇入	2026-04-13T01:27:08+08:00
Perdre	va	 -- cheveux, couleur	掉头发，颜色脱落	loh		落		422		true	自旧档汇入	2026-04-13T01:27:08+08:00
Perdre	va	Égarer.-- un mouchoir	丢掉，丢掉手帕	tieû t‘éh		丢脱		422		true	自旧档汇入	2026-04-13T01:27:08+08:00
Perdre	va	Égarer.-- un mouchoir	丢掉，丢掉手帕	séh loh t‘éh		失落脱		422		true	自旧档汇入	2026-04-13T01:27:08+08:00
Perdre	va	Égarer.-- un mouchoir	丢掉，丢掉手帕	loh t‘éh ih diao ’seû kien		落脱一條手巾		422		true	自旧档汇入	2026-04-13T01:27:08+08:00
Perdre	va	 -- sa peine	白费力气	bah fi’ sin se ih zang k‘ong		白費心思一場空		422		true	自旧档汇入	2026-04-13T01:27:08+08:00
Perdre	va	 -- sa peine	白费力气	tei’ long bang’ bah wo’		對龍甏白話	對聾[彭耳]白話	422		true	自旧档汇入	2026-04-13T01:27:08+08:00
Perdre	va	 -- son temps	白费时间	bah fi’(laong tèh) kong fou	bah fi’(laong’ tèh) kong fou	白費（浪搭）工夫		422		true	自旧档汇入	2026-04-13T01:27:08+08:00
Perdre	va	 -- l'occasion	错过机会	ts‘ouo’ t‘éh kong fou(ki wei’)		錯脱工夫（機會）		422		true	自旧档汇入	2026-04-13T01:27:08+08:00
Perdre	va	 -- de l'argent	掉钱	k‘ieh k‘iu		吃虧		422		true	自旧档汇入	2026-04-13T01:27:08+08:00
Perdre	va	 -- de l'argent	掉钱	véh tao’ ’pen		勿到本		422		true	自旧档汇入	2026-04-13T01:27:08+08:00
Perdre	va	 --son capital	亏掉本钱	zéh ’pen		蝕本		422	原作“𧵳本”	true	自旧档汇入	2026-04-13T01:27:08+08:00
Perdre	va	 --son capital	亏掉本钱	wè véh ’k‘i ’pen dié		還勿起本錢		422		true	自旧档汇入	2026-04-13T01:27:08+08:00
Perdre	va	Fig. -- la tête	昏了头	h‘oen ’tsé		昏者		422	原作“惛者”	true	自旧档汇入	2026-04-13T01:27:08+08:00
Perdre	va	 -- la face	失掉脸面	t‘è ts‘ong’		坍㧤		422		true	自旧档汇入	2026-04-13T01:27:08+08:00
Perdre	vr	 -- la face	失掉脸面	m teh mié’ ’k‘ong		無得面孔	嘸得面孔	422		true	自旧档汇入	2026-04-13T01:27:08+08:00
Perdre	vr	Se-, Fig-.	自我迷失	’tseû ts‘ouo’ lou’		走錯路		422		true	自旧档汇入	2026-04-13T01:27:08+08:00
Perdre	vr	Se-, Fig-.	自我迷失	ba’ wa’		敗壞		422		true	自旧档汇入	2026-04-13T01:27:08+08:00
Perdre	vr	Il s'est perdu en fumant l'opium.	他在吸烟中迷失	k‘ieh yé k‘ieh wa’ ’tsé		吃烟吃壞者		422		true	自旧档汇入	2026-04-13T01:27:08+08:00
Perdrix	sf	rouge	红色山鹑	ts‘ôh ki		竹鷄		422		true	自旧档汇入	2026-04-13T01:27:08+08:00
Perdrix	sf	rouge	红色山鹑	tsouo kou [ih tsah]		鷓鴣[一隻]		422		true	自旧档汇入	2026-04-13T01:27:08+08:00
Perdrix	sf	œil de --	鸡眼	ki ’ngè		鷄眼		422		true	自旧档汇入	2026-04-13T01:27:08+08:00
Perdu	adj	voyageur --	迷路的旅行者	mi lou’ ’tsé		迷路者		422		true	自旧档汇入	2026-04-13T01:27:08+08:00
Perdu	adj	malade --	无药可救	m p‘è’ maong’		無盼望	嘸盼望	422		true	自旧档汇入	2026-04-13T01:27:08+08:00
Perdu	adj	malade --	无药可救	yao’ ’si		要死		422		true	自旧档汇入	2026-04-13T01:27:08+08:00
Perdu	adj	affaire --e	事情变坏	ze’ ’t‘i wa’ ’tsé		事體壞者		422		true	自旧档汇入	2026-04-13T01:27:08+08:00
Père	sm		父亲	vou’ ts‘in		父親		422		true	自旧档汇入	2026-04-13T01:27:08+08:00
Père	sm		父亲	ya		爺		422		true	自旧档汇入	2026-04-13T01:27:08+08:00
Père	sm		父亲	’lao gnen ka		老人家		422		true	自旧档汇入	2026-04-13T01:27:08+08:00
Père	sm	Monsieur votre --(Pol.)	令尊	ling’ tsen		令尊		422		true	自旧档汇入	2026-04-13T01:27:08+08:00
Père	sm	Monsieur votre --(Pol.)	令尊	tsen da’ zen		尊大人		422		true	自旧档汇入	2026-04-13T01:27:08+08:00
Père	sm	Tel -- tel fils.	什么样的父亲什么样的孩子	long sang long wong’ sang wong’,zeh ng ’tse ghieuh pih dong’		龍生龍鳳生鳳，賊兒子掘壁洞		422		true	自旧档汇入	2026-04-13T01:27:08+08:00
Père	sm	 -- et mère. Parents	父母	vou’ ’mou		父母		422		true	自旧档汇入	2026-04-13T01:27:08+08:00
Père	sm	 -- et mère. Parents	父母	ya gnang		爺娘		422		true	自旧档汇入	2026-04-13T01:27:08+08:00
Père	sm	 -- et mère. Parents	父母	saong ts‘in		雙親		422		true	自旧档汇入	2026-04-13T01:27:08+08:00
Père	sm	De -- en fils, tous sont…	子子孙孙	’tsou zé		祖傳		422		true	自旧档汇入	2026-04-13T01:27:08+08:00
Père	sm	De -- en fils, tous sont…	子子孙孙	’ tse ’tse sen sen		子子孫孫		422		true	自旧档汇入	2026-04-13T01:27:08+08:00
Père	sm	Dieu le --(C.)	天主	T‘ié’ ’tsu seng’ vou’		天主聖父		422		true	自旧档汇入	2026-04-13T01:27:08+08:00
Père	sm	 -- spirituel(C.)	神父	zen vou’		神父		422		true	自旧档汇入	2026-04-13T01:27:08+08:00
Père	sm	 -- de l'Église	圣师	seng’ se		聖師		422		true	自旧档汇入	2026-04-13T01:27:08+08:00
Père	sm	 -- du désert	隐修圣人	’yen sieû seng’ gnen		隱修聖人		422		true	自旧档汇入	2026-04-13T01:27:08+08:00
Péremptoire	adj		断然的	k‘iah ke’		確个		422		true	自旧档汇入	2026-04-13T01:27:08+08:00
Péremptoire	adj	C'est --	这是不容置疑的	den’ t‘éh i m k‘ai ’k‘eû		鈍脱伊無開口	鈍脱伊嘸開口	423	待定	true	自旧档汇入	2026-04-13T01:27:08+08:00
Perfection	sf		完美	m ’sa t‘ei ze	m sa’ t‘ei ze	無啥推辭	嘸啥推辭	423		true	自旧档汇入	2026-04-13T01:27:08+08:00
Perfection	sf	Travailler à sa --	修得圆满	zeng zieû’		成就		423		true	自旧档汇入	2026-04-13T01:27:08+08:00
Perfection	sf	Travailler à sa --	修得圆满	sieû zeng		修成		423		true	自旧档汇入	2026-04-13T01:27:08+08:00
Perfection	sf	Travailler à sa --	修得圆满	sieû teh lih kong		修德立功		423		true	自旧档汇入	2026-04-13T01:27:08+08:00
Perfection	sf	Les --s divines(C.)	神的完德	T‘ié ’tsu ke’ zié zé’		天主个全善		423		true	自旧档汇入	2026-04-13T01:27:08+08:00
Perfide	adj	Déloyal	不忠诚	véh tsong sin’		勿忠信		423		true	自旧档汇入	2026-04-13T01:27:08+08:00
Perfide	adj	Déloyal	不忠诚	’ka zen ’ka gni’		假仁假義		423		true	自旧档汇入	2026-04-13T01:27:08+08:00
Perforer	va		钻孔	tseu kou’ k‘i’		鑽過去		423		true	自旧档汇入	2026-04-13T01:27:08+08:00
Perforer	va		钻孔	zôh kou’	zoh kou’	鑿過		423	待定	true	自旧档汇入	2026-04-13T01:27:08+08:00
Périgée	sm		近地点	zéh yeuh ghien’ di’ tse ts‘u’	zéh gneuh ghien’ di’ tse ts‘u’	日月近地之處		423	待定	true	自旧档汇入	2026-04-13T01:27:08+08:00
Péril	sm		危险	ngoei ’hié		危險		423		true	自旧档汇入	2026-04-13T01:27:08+08:00
Périlleux	adj		危险的	’hié ke’		險个		423		true	自旧档汇入	2026-04-13T01:27:08+08:00
Périlleux	adj		危险的	ngoei ’hié		危險		423		true	自旧档汇入	2026-04-13T01:27:08+08:00
Périlleux	adj		危险的	sing’ ming’ kiao koè		性命交關		423		true	自旧档汇入	2026-04-13T01:27:08+08:00
Périmètre	sm		周	tseû wei		周圍		423		true	自旧档汇入	2026-04-13T01:27:08+08:00
Périmètre	sm		周	se’ mié’		四面		423		true	自旧档汇入	2026-04-13T01:27:08+08:00
Périphrase	sf		迂回说法	’yeu teû ’tsé ke’ seh wo’		遠兜轉个説話		423		true	自旧档汇入	2026-04-13T01:27:08+08:00
Périr	vn		死亡	’si		死		423		true	自旧档汇入	2026-04-13T01:27:08+08:00
Périr	vn		死亡	siao miéh		消减		423		true	自旧档汇入	2026-04-13T01:27:08+08:00
Périssable	adj		要消失的	zè’ ze ke’		暫時个		423		true	自旧档汇入	2026-04-13T01:27:08+08:00
Périssable	adj		要消失的	yao’ wa’ ke’		要壞个		423		true	自旧档汇入	2026-04-13T01:27:08+08:00
Péristyle	sm		柱廊	yeû laong		游廊		423		true	自旧档汇入	2026-04-13T01:27:08+08:00
Péristyle	sm		柱廊	’tseû laong		走廊		423		true	自旧档汇入	2026-04-13T01:27:08+08:00
Perle	sf		珍珠	tsu ’tse		珠子		423		true	自旧档汇入	2026-04-13T01:27:08+08:00
Perle	sf		珍珠	tsen tsu		珍珠		423		true	自旧档汇入	2026-04-13T01:27:08+08:00
Permanent	adj		永久的	zang zang ke’		常常个		423		true	自旧档汇入	2026-04-13T01:27:08+08:00
Permanent	adj		永久的	zang ’kieû ke’		長久个		423		true	自旧档汇入	2026-04-13T01:27:08+08:00
Permanent	adj		永久的	zang ’yeu ke’		長遠个		423		true	自旧档汇入	2026-04-13T01:27:08+08:00
Permanent	adj	Continuel	持续	zang tsaong		常庄	常樁	423		true	自旧档汇入	2026-04-13T01:27:08+08:00
Permanent	adj	sans fin	无尽	’yong ’yeu ke’		永遠个		423		true	自旧档汇入	2026-04-13T01:27:08+08:00
Permanent	adj	sans fin	无尽	m zin’ deû ke’		無盡頭个	嘸盡頭个	423		true	自旧档汇入	2026-04-13T01:27:08+08:00
Perméable	adj		可被渗透的	t‘eû’ teh kou’ ke’		透得過个		423		true	自旧档汇入	2026-04-13T01:27:08+08:00
Perméable	adj		可被渗透的	yeng ’se ke’	yeng’ ’se ke’	映水个		423		true	自旧档汇入	2026-04-13T01:27:08+08:00
Permettre	va		允许	’hiu		許		423		true	自旧档汇入	2026-04-13T01:27:08+08:00
Permettre	va		允许	yeng’ ’hiu		應許		423		true	自旧档汇入	2026-04-13T01:27:08+08:00
Permettre	va		允许	’tsen ’hiu		准許		423		true	自旧档汇入	2026-04-13T01:27:08+08:00
Permettre	va		允许	gnang’		讓		423		true	自旧档汇入	2026-04-13T01:27:08+08:00
Permettre	va	(Pol.) Permettez-moi de vous demander	（礼貌用语）请允许我问您	’ts‘ing men’		請問		423		true	自旧档汇入	2026-04-13T01:27:08+08:00
Permettre	va	(Pol.) Permettez-moi de vous demander	（礼貌用语）请允许我问您	’ké men’ nong’ ih kiu’ seh wo’		敢問儂一句話		423		true	自旧档汇入	2026-04-13T01:27:08+08:00
Permis	adj		允许	’k‘o ’i		可以		423		true	自旧档汇入	2026-04-13T01:27:08+08:00
Permis	adj		允许	m faong		無妨	嘸妨	423		true	自旧档汇入	2026-04-13T01:27:08+08:00
Permis	adj	C'est --	允许	véh ngai’		勿礙		423		true	自旧档汇入	2026-04-13T01:27:08+08:00
Permis	adj	C'est --	允许	’se teh 		使得		423		true	自旧档汇入	2026-04-13T01:27:08+08:00
Permis	adj	C'est --	允许	tsou’ teh		做得		423		true	自旧档汇入	2026-04-13T01:27:08+08:00
Permis	sm	 -- de la douane	免税单	tsao’ wei’		照會		423		true	自旧档汇入	2026-04-13T01:27:08+08:00
Permis	sm	 -- de la douane	免税单	’mié su’ tè		免税單		423		true	自旧档汇入	2026-04-13T01:27:08+08:00
Permission	sf		许可	’hiu 		許		423		true	自旧档汇入	2026-04-13T01:27:08+08:00
Permission	sf		许可	k‘oé ’mié		寬免		423		true	自旧档汇入	2026-04-13T01:27:08+08:00
Permuter	va		交换	diao		調		423		true	自旧档汇入	2026-04-13T01:27:08+08:00
Permuter	va		交换	diao wé’		調换		423		true	自旧档汇入	2026-04-13T01:27:08+08:00
Permuter	va		交换	ti’ wé’	di’ wé’	遞换		423		true	自旧档汇入	2026-04-13T01:27:08+08:00
Pernicieux	adj		有害的	oh ke’		惡个		423		true	自旧档汇入	2026-04-13T01:27:08+08:00
Pernicieux	adj		有害的	hiong ke’		凶个		423		true	自旧档汇入	2026-04-13T01:27:08+08:00
Pernicieux	adj		有害的	hai’ gnen ke’		害人个		423		true	自旧档汇入	2026-04-13T01:27:08+08:00
Perpendiculaire	adj		竖的	zu’ zeh		竪直		423		true	自旧档汇入	2026-04-13T01:27:08+08:00
Perpendiculaire	adj		竖的	pih lih zeh		壁立直		423		true	自旧档汇入	2026-04-13T01:27:08+08:00
Perpendiculaire	sf		竖的	zei sié’		垂綫		423		true	自旧档汇入	2026-04-13T01:27:08+08:00
Perpétuel	adj		永久的	zang zang véh ’deu ke’		常常勿斷个		423		true	自旧档汇入	2026-04-13T01:27:08+08:00
Perpétuellement	adv		永久地	’yong ’yong ’yeu ’yeu		永永遠遠		423		true	自旧档汇入	2026-04-13T01:27:08+08:00
Perpétuer	va		使永存	zé ’hao lai		傳下來		423		true	自旧档汇入	2026-04-13T01:27:08+08:00
Perpétuer	va	 -- l'espèce	传类	zé lei’		傳類		423		true	自旧档汇入	2026-04-13T01:27:08+08:00
Perpétuer	va	 -- son nom	留名	lieû(zé)ming		留（傳）名		423		true	自旧档汇入	2026-04-13T01:27:08+08:00
Perplexe	adj		困惑的	sin nè ding’		心難定		424		true	自旧档汇入	2026-04-13T01:27:08+08:00
Perplexe	adj		困惑的	moh véh zah deû zu’(’nao)		摸勿着頭緒（腦）		424		true	自旧档汇入	2026-04-13T01:27:08+08:00
Perquisitionner	va		搜查	zouo		查		424		true	自旧档汇入	2026-04-13T01:27:08+08:00
Perquisitionner	va		搜查	zin		尋		424		true	自旧档汇入	2026-04-13T01:27:08+08:00
Perquisitionner	va		搜查	seû ts‘èh		搜察		424		true	自旧档汇入	2026-04-13T01:27:08+08:00
Perquisitionner	va	Découvrir en perquisitionnant	通过搜查发现	seû ts‘éh lai		搜出來		424		true	自旧档汇入	2026-04-13T01:27:08+08:00
Perron	sm		台阶	ka dai		階臺		424		true	自旧档汇入	2026-04-13T01:27:08+08:00
Perroquet	sm		鹦鹉	ang kou [ih tsah]		鸚鵡[一隻]	鸚哥[一隻]	424		true	自旧档汇入	2026-04-13T01:27:08+08:00
Perruque	sf		假发	’ka deû fèh		假頭髮		424		true	自旧档汇入	2026-04-13T01:27:08+08:00
Perruquier	sm		假发师	t‘i’ deû se wou’		剃頭司務		424		true	自旧档汇入	2026-04-13T01:27:08+08:00
Persécuter	va		迫害	nè wei		難為		424		true	自旧档汇入	2026-04-13T01:27:08+08:00
Persécuter	va		迫害	pih hai’		逼害		424		true	自旧档汇入	2026-04-13T01:27:08+08:00
Persécution	sf		迫害	pih peh	pih p‘eh	逼迫		424		true	自旧档汇入	2026-04-13T01:27:08+08:00
Persécution	sf		迫害	kiè nè’		艱難		424		true	自旧档汇入	2026-04-13T01:27:08+08:00
Persécution	sf	souffrir --	受迫害	’zeû pih peh		受逼迫		424		true	自旧档汇入	2026-04-13T01:27:08+08:00
Persécution	sf	souffrir --	受迫害	’zeû kiè nè’		受艱難		424		true	自旧档汇入	2026-04-13T01:27:08+08:00
Persévérance	sf		坚持	zang sin		常心		424		true	自旧档汇入	2026-04-13T01:27:08+08:00
Persévérance	sf		坚持	heng sin		恒心		424		true	自旧档汇入	2026-04-13T01:27:08+08:00
Persévérant	adj		坚持	heng sin gnen		恒心人		424		true	自旧档汇入	2026-04-13T01:27:08+08:00
Persévérant	adj		坚持	’yeû zang sin ke’		有常心个		424		true	自旧档汇入	2026-04-13T01:27:08+08:00
Persévérer	vn		坚定不移	zang sin tao’ ’ti		常心到底		424		true	自旧档汇入	2026-04-13T01:27:08+08:00
Persévérer	vn	Persister 	坚持	véh ’kai ’tsu i’		勿改主意		424		true	自旧档汇入	2026-04-13T01:27:08+08:00
Persienne	sf		百叶窗	pah yéh ts‘aong		百葉窗		424		true	自旧档汇入	2026-04-13T01:27:08+08:00
Persifler	va		挖苦	ki siao’		譏笑		424		true	自旧档汇入	2026-04-13T01:27:08+08:00
Persil	sm		欧芹	ghien ts‘ai’		芹菜		424		true	自旧档汇入	2026-04-13T01:27:08+08:00
Personnage	sm	distingué	大人物	da’ zen		大人		424		true	自旧档汇入	2026-04-13T01:27:08+08:00
Personnage	sm	distingué	大人物	dou’ kiah seh		大脚色		424		true	自旧档汇入	2026-04-13T01:27:08+08:00
Personnage	sm	distingué	大人物	dou’ ’h‘ao ’lao		大好老		424		true	自旧档汇入	2026-04-13T01:27:08+08:00
Personnage	sm	Faire le -- de	装模作样	tsaong		妝	裝	424		true	自旧档汇入	2026-04-13T01:27:08+08:00
Personne	sf		人	ih ke’ gnen		一个人		424		true	自旧档汇入	2026-04-13T01:27:08+08:00
Personne	sf	 -- de la maison	家里的人	ôh ’li ke’ gnen		屋裏个人		424		true	自旧档汇入	2026-04-13T01:27:08+08:00
Personne	sf	Combien de --s chez vous ？	你家有多少人	nong’ ôh ’li ’yeû ’ki ke’ gnen？		儂屋裏有幾個人		424		true	自旧档汇入	2026-04-13T01:27:08+08:00
Personne	sf	En Dieu il y a 3 --s	天主三位一体	T‘ié tsu sè wei’ ih ’t‘i	T‘ié ’tsu sè wei’ ih ’t‘i	天主三位一體		424		true	自旧档汇入	2026-04-13T01:27:08+08:00
Personne	sf	En personne.loc.adv	亲自	’pen gnen		本人		424		true	自旧档汇入	2026-04-13T01:27:08+08:00
Personne	sf	En personne.loc.adv	亲自	ze’ ka		自家		424		true	自旧档汇入	2026-04-13T01:27:08+08:00
Personne	sf	En personne.loc.adv	亲自	ts‘in ze’		親自		424		true	自旧档汇入	2026-04-13T01:27:08+08:00
Personne	sf	Inviter en --	亲自邀请	taong mié’ ’ts‘ing		當面請		424		true	自旧档汇入	2026-04-13T01:27:08+08:00
Personne	sf	Remercier en --	亲自感谢	taong mié’ ’zia’		當面謝		424		true	自旧档汇入	2026-04-13T01:27:08+08:00
Personne	pron		任何人	m sa’ gnen		無啥人	嘸啥人	424		true	自旧档汇入	2026-04-13T01:27:08+08:00
Personne	pron	 -- n'est venu	没有人来	m sa’ gnen lai		無啥人來	嘸啥人來	424		true	自旧档汇入	2026-04-13T01:27:08+08:00
Personne	pron	 -- ne pense	没有人想	m gnen ’siang		無人想	嘸人想	424		true	自旧档汇入	2026-04-13T01:27:08+08:00
Personne	pron	 -- de vous ne parle	没有人要和你说话	ze’ na’ zi véh wo’ sa’		是那齊勿話啥	是㑚齊勿話啥	424		true	自旧档汇入	2026-04-13T01:27:08+08:00
Personne	pron	 -- ne veut céder	没有人想让	m sa’ gnen ’k‘eng gnang’		無啥人肯讓	嘸啥人肯讓	424		true	自旧档汇入	2026-04-13T01:27:08+08:00
Personnel	sm		人员	gnen		人		424		true	自旧档汇入	2026-04-13T01:27:08+08:00
Personnel	sm		人员	gnen ’seû		人手		424		true	自旧档汇入	2026-04-13T01:27:08+08:00
Personnel	sm		人员	gnen ’k‘eû		人口		424		true	自旧档汇入	2026-04-13T01:27:08+08:00
Personnel	sm	Le -- d'une boutique	商店里的人手	haong ’li ke’ gnen		行裏个人		424		true	自旧档汇入	2026-04-13T01:27:08+08:00
Personnel	sm	Le -- d'une barque	船夫	zé laong’ ke’ gnen		船上个人		424		true	自旧档汇入	2026-04-13T01:27:08+08:00
Personnel	adj		个人的	’pen gnen ke’		本人个		424		true	自旧档汇入	2026-04-13T01:27:08+08:00
Personnel	adj		个人的	koh gnen ke’		各人个		424		true	自旧档汇入	2026-04-13T01:27:08+08:00
Personnel	adj	C'est mon affaire --le.	这是我自己的事情	di’ ke’ ze’ ’ngou ze’ ka ke’ ze’ ’t‘i		第个是我自家个事體		424		true	自旧档汇入	2026-04-13T01:27:08+08:00
Personnel	adj	C'est mon affaire --le.	这是我自己的事情	koè i’ ze’ ka ke’		關係自家个		424		true	自旧档汇入	2026-04-13T01:27:08+08:00
Personnifié	adj		拟人的	ih sen		一身		425		true	自旧档汇入	2026-04-13T01:27:08+08:00
Personnifié	adj	C'est le courage --.	全身是胆	i wen sen zi ze’ ’tè		伊渾身齊是膽		425		true	自旧档汇入	2026-04-13T01:27:08+08:00
Personnifié	adj	C'est la douceur --e.	一团和气	i ze’ ih deu wou k‘i’		伊是一團和氣		425		true	自旧档汇入	2026-04-13T01:27:08+08:00
Perspective	sf	Paysage	风景	’kieng tse’		景緻	景致	425		true	自旧档汇入	2026-04-13T01:27:08+08:00
Perspective	sf	Paysage	风景	sè ’se		山水		425		true	自旧档汇入	2026-04-13T01:27:08+08:00
Perspective	sf	avoir en perspective	期盼	p‘è’ maong’		盼望		425		true	自旧档汇入	2026-04-13T01:27:08+08:00
Perspicace	adj		敏锐的	ts‘ong ming		聰明		425		true	自旧档汇入	2026-04-13T01:27:08+08:00
Perspicace	adj		敏锐的	koa ’k‘iao		乖巧		425		true	自旧档汇入	2026-04-13T01:27:08+08:00
Perspicacité	sf		敏锐	ling li’		伶俐		425		true	自旧档汇入	2026-04-13T01:27:08+08:00
Perspicacité	sf		敏锐	’yeû ’ngè lih		有眼力		425		true	自旧档汇入	2026-04-13T01:27:08+08:00
Persuader	va		说服	kiao’ gnen siang sin’(sin’ woh)		叫人相信（信服）		425		true	自旧档汇入	2026-04-13T01:27:08+08:00
Persuader	va		说服	k‘ieu’ teh ’li		勸得裏		425		true	自旧档汇入	2026-04-13T01:27:08+08:00
Persuasion	sf	Employer tous les moyens de	说尽好话	yong’ ts‘ié mè’(koh yang’)’h‘ao seh wo’		用千萬（各樣）好説話		425		true	自旧档汇入	2026-04-13T01:27:08+08:00
Perte	sf	Souffrir une --	受损失	k‘ieh k‘iu		吃虧		425		true	自旧档汇入	2026-04-13T01:27:08+08:00
Perte	sf	Vendre à perte	亏本卖	zéh ’pen ma’		蝕本賣		425	原作“趞本賣”	true	自旧档汇入	2026-04-13T01:27:08+08:00
Perte	sf	Vendre à perte	亏本卖	véh tao’ ’pen		勿到本		425		true	自旧档汇入	2026-04-13T01:27:08+08:00
Perte	sf	En pure --. loc. adv	徒然	bah bah ’li		白白裏		425		true	自旧档汇入	2026-04-13T01:27:08+08:00
Perte	sf	Faire l'aumône ,, ,,	施舍	hèh ai kieng	h‘èh ai kieng	瞎哀矜		425	这个我不是很确定法文的翻译，这个词组本身的意思就是施舍，但是perte在里面所起的角色我不确定	true	自旧档汇入	2026-04-13T01:27:08+08:00
Perte	sf	Sans -- ni gain	无输无赢	véh su véh yeng		勿輸勿贏		425		true	自旧档汇入	2026-04-13T01:27:08+08:00
Pertinacité	sf		固执	kou’ tséh 		固執		425		true	自旧档汇入	2026-04-13T01:27:08+08:00
Pertinacité	sf		固执	ngang’ deû ’kieng		硬頭頸		425		true	自旧档汇入	2026-04-13T01:27:08+08:00
Pervers	adj		邪恶的	tiao oh		刁惡		425		true	自旧档汇入	2026-04-13T01:27:08+08:00
Pervers	adj		邪恶的	wa’ wa’		壞壞		425		true	自旧档汇入	2026-04-13T01:27:08+08:00
Pervers	adj		邪恶的	tsen wa’ fou’		真壞貨		425		true	自旧档汇入	2026-04-13T01:27:08+08:00
Pervers	adj		邪恶的	oh ’tè t‘ié pao		惡胆天包		425	保留簡體	true	自旧档汇入	2026-04-13T01:27:08+08:00
Pervertir	va		使堕落	kao’ wa’		教壞		425		true	自旧档汇入	2026-04-13T01:27:08+08:00
Pesant	adj		重的	’zong ke’		重个		425		true	自旧档汇入	2026-04-13T01:27:08+08:00
Pesant	adj		重的	’yeû ven’ ’liang		有分兩		425		true	自旧档汇入	2026-04-13T01:27:08+08:00
Pesé	pp	Tout bien	经过深思熟虑	’siang lai ’siang k‘i’		想來想去		425		true	自旧档汇入	2026-04-13T01:27:08+08:00
Peser	va		过秤	ts‘eng		稱		425		true	自旧档汇入	2026-04-13T01:27:08+08:00
Peser	va		过秤	ts‘eng ih ts‘eng		稱一稱		425		true	自旧档汇入	2026-04-13T01:27:08+08:00
Peser	va	 -- avec une balance	用天秤称一下	kou’ ts‘eng’		過秤		425		true	自旧档汇入	2026-04-13T01:27:08+08:00
Peser	va	 -- dans la main	用手掂量	’teng ’teng kien ’liang		戥戥斤兩		425		true	自旧档汇入	2026-04-13T01:27:08+08:00
Peser	va	 Fig. faire réflexion	重新思虑	’siang ih ’siang		想一想		425		true	自旧档汇入	2026-04-13T01:27:08+08:00
Peser	va	 Fig. faire réflexion	重新思虑	’siang ding’ ’tsu i’		想定主意		425		true	自旧档汇入	2026-04-13T01:27:08+08:00
Peser	vn	-- 100 livres	五十公斤重	’zong 		重		425		true	自旧档汇入	2026-04-13T01:27:08+08:00
Peser	vn	-- 101 livres	五十公斤重	ih tè’ ’zong		一担重		425	保留簡體	true	自旧档汇入	2026-04-13T01:27:08+08:00
Peser	vn	Fig. être à charge	对…是负担	lou sou biéh gnen		囉嗦别人		425		true	自旧档汇入	2026-04-13T01:27:08+08:00
Peser	vn	Fig. être à charge	对…是负担	’za gnen yé’		惹人厭		425		true	自旧档汇入	2026-04-13T01:27:08+08:00
Peste	sf		鼠疫	wen bing’		瘟病		425		true	自旧档汇入	2026-04-13T01:27:08+08:00
Peste	sf		鼠疫	wen yôh		瘟疫		425		true	自旧档汇入	2026-04-13T01:27:08+08:00
Pet	sm		屁	p‘i’		屁		425		true	自旧档汇入	2026-04-13T01:27:08+08:00
Pet	sm	Faire un pet	放屁	faong’ p‘i’		放屁		425		true	自旧档汇入	2026-04-13T01:27:08+08:00
Pétale	sf		花瓣	h‘ouo pè’		花瓣		425		true	自旧档汇入	2026-04-13T01:27:08+08:00
Pétard	sm		炸药包	p‘ao’ zang’		炮仗		425	原作“炮[敞囱]”	true	自旧档汇入	2026-04-13T01:27:08+08:00
Pétard	sm		炸药包	pié p‘ao’		鞭炮		425		true	自旧档汇入	2026-04-13T01:27:08+08:00
Pétard	sm	Tirer des --s	放炮竹	faong’ p‘ao’ zang’		放炮仗		425	原作“放炮[敞囱]”	true	自旧档汇入	2026-04-13T01:27:08+08:00
Pétiller	vn		劈劈啪啪地响	bao’ k‘ai lai	pao’ k‘ai lai	爆開來		425	待定	true	自旧档汇入	2026-04-13T01:27:08+08:00
Pétiller	vn		劈劈啪啪地响	fèh ’h‘ou sing		發火星		425		true	自旧档汇入	2026-04-13T01:27:08+08:00
Pétiller	vn	Fig -- d'esprit	才思敏捷	’k‘eû zai ’min zih		口才敏捷		425		true	自旧档汇入	2026-04-13T01:27:08+08:00
Pétiole	sm		有叶柄的	yéh ti’(’kang)		葉蒂（梗）		425		true	自旧档汇入	2026-04-13T01:27:08+08:00
Petit	sm	 -- d'un oiseau	小鸟	’siao ’tiao		小窵	小鳥	426		true	自旧档汇入	2026-04-13T01:27:08+08:00
Petit	sm	 -- d'une tigresse	小老虎	’siao ’lao ’hou	’siao ’lao ’h‘ou	小老虎		426		true	自旧档汇入	2026-04-13T01:27:08+08:00
Petit	adj	Menu	细小的	’siao		小		426		true	自旧档汇入	2026-04-13T01:27:08+08:00
Petit	adj	 -- de taille	体型小	’teu yeû yeû		短幽幽	？	426	待定	true	自旧档汇入	2026-04-13T01:27:08+08:00
Petit	adj	 -- de taille	体型小	’a ’teu ’teu		矮短短		426		true	自旧档汇入	2026-04-13T01:27:08+08:00
Petit	adv	 -- à --	慢慢地	mè’ mè’ kiao’		慢慢叫		426		true	自旧档汇入	2026-04-13T01:27:08+08:00
Petit	adv	 -- à --	慢慢地	eu eu neng		安安能		426		true	自旧档汇入	2026-04-13T01:27:08+08:00
Petit	adv	 -- à --	慢慢地	zié’ zié’ ’tse	zié’ zié’ tse	漸漸之		426		true	自旧档汇入	2026-04-13T01:27:08+08:00
Petitesse	sf		小	’siao		小		426		true	自旧档汇入	2026-04-13T01:27:08+08:00
Petitesse	sf	Fig. Montrer de la petitesse	显得小气	’siao k‘i’		小器		426		true	自旧档汇入	2026-04-13T01:27:08+08:00
Petitesse	sf	Fig. Montrer de la petitesse	显得小气	véh dou’ liang’		勿大量		426		true	自旧档汇入	2026-04-13T01:27:08+08:00
Petit-fils 	sm	par le fils	儿子的儿子	sen ’tse		孫子		426		true	自旧档汇入	2026-04-13T01:27:08+08:00
Petit-fils 	sm	2ème(3ème) génération	第二第三代儿子的儿子	zong (tseng) sen ’tse		重（曾）孫子		426		true	自旧档汇入	2026-04-13T01:27:08+08:00
Petit-fils 	sm	par la fille.1ère gènèr	女儿的儿子	nga’ sen ’tse		外孫子		426		true	自旧档汇入	2026-04-13T01:27:08+08:00
Petit-fils 	sm	2ème génération	女儿女儿的儿子	zong nga’ sen ’tse		重外孫子		426		true	自旧档汇入	2026-04-13T01:27:08+08:00
Petite-fille	sf		孙女	sen ’gnu...(zong sen ’gnu)		孫女…（重孫女）		426	原注有“etc.”	true	自旧档汇入	2026-04-13T01:27:08+08:00
Pétition	sf		请愿书	zeng ’tse		呈紙		426		true	自旧档汇入	2026-04-13T01:27:08+08:00
Pétition	sf		请愿书	’pin t‘ih		禀帖		426		true	自旧档汇入	2026-04-13T01:27:08+08:00
Pétition	sf	presser une sentence	催告	ts‘u  ’pin		催禀		426		true	自旧档汇入	2026-04-13T01:27:08+08:00
Petit-neveu	sm		侄孙	zéh sen		侄孫		426		true	自旧档汇入	2026-04-13T01:27:08+08:00
Petite-nièce	sf		侄孙女	zéh sen ’gnu		姪孫女		426		true	自旧档汇入	2026-04-13T01:27:08+08:00
Pétrifier	vr	(Se)	石化	pié’ zeng kong zah deû		變成工石頭	？	426	待定	true	自旧档汇入	2026-04-13T01:27:08+08:00
Pétrir	va	de la pâte	揉面	’seû mié’		[氵灾又]麵	？	426		true	自旧档汇入	2026-04-13T01:27:08+08:00
Pétrir	va	de la pâte	揉面	gnôh ’fen		搙粉	[扌肉]粉	426		true	自旧档汇入	2026-04-13T01:27:08+08:00
Pétrole	sm		石油	’h‘ou yeû		火油		426		true	自旧档汇入	2026-04-13T01:27:08+08:00
Pétrole	sm		石油	yang yeû		洋油		426		true	自旧档汇入	2026-04-13T01:27:08+08:00
Pétulant	adj		活跃的	yé’ ke’		厭个		426		true	自旧档汇入	2026-04-13T01:27:08+08:00
Pétulant	adj		活跃的	’la foa ke’		拉歪个		426		true	自旧档汇入	2026-04-13T01:27:08+08:00
Pétunzé	sm	Poudre de quartz	石英粉	bah ’ten ’tse		白𣎴子	白？子	426		true	自旧档汇入	2026-04-13T01:27:08+08:00
Pétunzé	sm	Poudre de quartz	石英粉	zaong’ ’teng ze gni		上等磁泥		426		true	自旧档汇入	2026-04-13T01:27:08+08:00
Peu	sm		少量	’sao 		少		426		true	自旧档汇入	2026-04-13T01:27:08+08:00
Peu	sm		少量	véh tou 		勿多		426		true	自旧档汇入	2026-04-13T01:27:08+08:00
Peu	sm		少量	’yeû yè’		有限		426		true	自旧档汇入	2026-04-13T01:27:08+08:00
Peu	sm		少量	kié’ ’sao		見少		426		true	自旧档汇入	2026-04-13T01:27:08+08:00
Peu	sm	Très --	很少	ih ’tié ’tié		一點點		426		true	自旧档汇入	2026-04-13T01:27:08+08:00
Peu	sm	Très --	很少	ih ’ngè ’ngè		一眼眼		426		true	自旧档汇入	2026-04-13T01:27:08+08:00
Peu	sm	Très --	很少	’siao i’ se		小意思		426		true	自旧档汇入	2026-04-13T01:27:08+08:00
Peu	sm	Très --	很少	’sao véh kou’		少勿過		426		true	自旧档汇入	2026-04-13T01:27:08+08:00
Peu	sm	Un petit -- mieux	少点更好	’sao ’su(’hiu) ’h‘ao ’tié		少些（許）好點		426	待定 特殊	true	自旧档汇入	2026-04-13T01:27:08+08:00
Peu	sm	Un petit 	一点	’sao ’tié		少點		426		true	自旧档汇入	2026-04-13T01:27:08+08:00
Peu	sm	Un petit 	一点	ih si si		一些些		426		true	自旧档汇入	2026-04-13T01:27:08+08:00
Peu	sm	Un petit 	一点	’sao (su) wei		少（須）微		426	待定 另些	true	自旧档汇入	2026-04-13T01:27:08+08:00
Peu	sm	Un homme de --	出身低下	’siao gnen ka ts‘éh sen		小人家出身		426		true	自旧档汇入	2026-04-13T01:27:08+08:00
Peu	sm	 -- à --. loc adv	逐渐	zié’ zié’ ’tse	zié’ zié’ tse	漸漸之		426		true	自旧档汇入	2026-04-13T01:27:08+08:00
Peu	sm	 -- à --. loc adv	逐渐	mè’ mè’ ’tse(kiao’)	mè’ mè’ tse(kiao’)	慢慢之（叫）		426		true	自旧档汇入	2026-04-13T01:27:08+08:00
Peu	sm	À -- près	差不多	ts‘ouo véh tou		差勿多		426		true	自旧档汇入	2026-04-13T01:27:08+08:00
Peu	sm	À -- près	差不多	t‘ei pè véh tou		推班勿多	推扳勿多	426		true	自旧档汇入	2026-04-13T01:27:08+08:00
Peu	sm	À -- près	差不多	ghien’ ghien’ wou		近近乎		426		true	自旧档汇入	2026-04-13T01:27:08+08:00
Peu	sm	À très -- près	就差一点点	véh ts‘ouo sa’ ’ki ’h‘ao		勿差啥幾好		426		true	自旧档汇入	2026-04-13T01:27:08+08:00
Peu	sm	À très -- près	就差一点点	’ki ’ki wou véh teh tao’	ki ki wou véh teh tao’	幾幾乎勿得到		426		true	自旧档汇入	2026-04-13T01:27:08+08:00
Peu	sm	Sous, dans, depuis --	一会	tsih k‘eh 		即刻		426		true	自旧档汇入	2026-04-13T01:27:08+08:00
Peu	sm	Sous, dans, depuis --	一会	véh tou ’ki gnéh		勿多幾日		426		true	自旧档汇入	2026-04-13T01:27:08+08:00
Peu	sm	Un tant soit petit	一点点	ih se ih hao		一絲一毫		426		true	自旧档汇入	2026-04-13T01:27:08+08:00
Peu	sm	Un tant soit petit	一点点	m ka’ dao’		無介道	嘸介道	426		true	自旧档汇入	2026-04-13T01:27:08+08:00
Peu	sm	 -- de jours auparavant	没早几天	zié véh tou ’ki gnéh		前勿多幾日		426		true	自旧档汇入	2026-04-13T01:27:08+08:00
Peu	sm	 -- de jours après	没晚几天	véh tou ’ki gnéh heû’ lai		勿多幾日後來		426		true	自旧档汇入	2026-04-13T01:27:08+08:00
Peu	sm	 -- de temps	一会	ih hiéh kong fou		一歇工夫		426		true	自旧档汇入	2026-04-13T01:27:08+08:00
Peu	sm	 -- de temps	一会	véh tou hiéh kong fou		勿多歇工夫		426		true	自旧档汇入	2026-04-13T01:27:08+08:00
Peu	sm	Avoir -- d'esprit	缺乏才识	ming ngou’ ’siao(’ts‘ié)		明悟小（淺）		427		true	自旧档汇入	2026-04-13T01:27:08+08:00
Peu	sm	En -- de mots	寥寥几句	liao ’piao wo’		聊表話		427		true	自旧档汇入	2026-04-13T01:27:08+08:00
Peu	adv	 -- éloigné	不太远	véh da’ ’li ’yeu		勿大裏遠		427		true	自旧档汇入	2026-04-13T01:27:08+08:00
Peu	adv	 -- éloigné	不太远	véh da’ ’yeu		勿大遠		427		true	自旧档汇入	2026-04-13T01:27:08+08:00
Peu	adv	Désirer --	不太愿意	véh ’na neng(véh da’)gneu’ i’		勿那能（勿大）願意		427		true	自旧档汇入	2026-04-13T01:27:08+08:00
Peuplade	sf	barbare	野人	ih dao fè gnen		一淘番人		427		true	自旧档汇入	2026-04-13T01:27:08+08:00
Peuplade	sf	barbare	野人	ih ghiun fè ’tse		一群番子		427		true	自旧档汇入	2026-04-13T01:27:08+08:00
Peuple	sm		民族	gnen		人		427		true	自旧档汇入	2026-04-13T01:27:08+08:00
Peuple	sm	le -- chinois	中国人	tsong kôh gnen		中國人		427		true	自旧档汇入	2026-04-13T01:27:08+08:00
Peuple	sm	 -- d'État	百姓	pah sing’		百姓		427		true	自旧档汇入	2026-04-13T01:27:08+08:00
Peuple	sm	 -- d'État	百姓	tsong’ pah sing’		眾百姓		427		true	自旧档汇入	2026-04-13T01:27:08+08:00
Peuple	sm	le menu --	小百姓	’siao pah sing’		小百姓		427		true	自旧档汇入	2026-04-13T01:27:08+08:00
Peuple	sm	le menu --	小百姓	gnu min		愚民		427		true	自旧档汇入	2026-04-13T01:27:08+08:00
Peuplé		Endroit très --	居民很多的地方	gnen hieng’(tou)ke’		人興（多）个		427		true	自旧档汇入	2026-04-13T01:27:08+08:00
Peuplier	sm		杨树	yang zu’		楊樹		427		true	自旧档汇入	2026-04-13T01:27:08+08:00
Peur	sf		害怕	p‘ouo’		怕		427		true	自旧档汇入	2026-04-13T01:27:08+08:00
Peur	sf		害怕	hah	h‘ah	嚇		427		true	自旧档汇入	2026-04-13T01:27:08+08:00
Peur	sf		害怕	nei’ hiu		内虚		427		true	自旧档汇入	2026-04-13T01:27:08+08:00
Peur	sf	Avoir --	害怕	k‘ieh kieng hah	k‘ieh kieng h‘ah	吃驚嚇		427		true	自旧档汇入	2026-04-13T01:27:08+08:00
Peur	sf	Faire --	激发恐惧	hah	h‘ah	嚇		427		true	自旧档汇入	2026-04-13T01:27:08+08:00
Peur	sf	Faire --	激发恐惧	da’ kieng ’siao koa’		大驚小怪		427		true	自旧档汇入	2026-04-13T01:27:08+08:00
Peur	sf	Mort de --	吓死了	hah sèh ’tsé 	h‘ah sèh ’tsé 	嚇殺者		427		true	自旧档汇入	2026-04-13T01:27:08+08:00
Peur	sf	Faire mourir de --	吓死了	hah sèh	h‘ah sèh	嚇殺		427		true	自旧档汇入	2026-04-13T01:27:08+08:00
Peur	sf	Avoir -- de tout 	惧怕一切	yang’ yang’ p‘ouo’		樣樣怕		427		true	自旧档汇入	2026-04-13T01:27:08+08:00
Peur	sf	N'avoir -- de rien	什么也不怕	ih yang’ véh p‘ouo’		一樣勿怕		427		true	自旧档汇入	2026-04-13T01:27:08+08:00
Peur	sf	De -- de. De -- que	由于害怕	zang p‘ouo’		常怕		427		true	自旧档汇入	2026-04-13T01:27:08+08:00
Peur	sf	De -- de. De -- que	由于害怕	’k‘ong baong		恐防		427		true	自旧档汇入	2026-04-13T01:27:08+08:00
Peur	sf	De -- de. De -- que	由于害怕	’k‘ong p‘ouo’		恐怕		427		true	自旧档汇入	2026-04-13T01:27:08+08:00
Peureux	adj	craintif	胆怯	’tè’ siao(si’)		膽小（細）		427		true	自旧档汇入	2026-04-13T01:27:08+08:00
Peut-être	adv		也许	’k‘ong p‘ouo’		恐怕		427		true	自旧档汇入	2026-04-13T01:27:08+08:00
Peut-être	adv		也许	vè’ ih		萬一		427		true	自旧档汇入	2026-04-13T01:27:08+08:00
Peut-être	adv	 -- y a-t-il un peu de cela	可能有点这个	’k‘ong p‘ouo’ ’yeû ka’ ze’		恐怕有介是		427		true	自旧档汇入	2026-04-13T01:27:08+08:00
Phalange	sf	d'un doigt	一节指头	ih tsih tsih deû koéh		一節指頭骨	一節節頭骨	427		true	自旧档汇入	2026-04-13T01:27:08+08:00
Phalange	sf	 -- de soldats	一队军人	ih dei’(tse)ping		一隊（枝）兵		427	待定	true	自旧档汇入	2026-04-13T01:27:08+08:00
Phare	sm		灯塔	’se lou’ ke’ teng t‘èh		水路个燈塔		427		true	自旧档汇入	2026-04-13T01:27:08+08:00
Pharmacie	sf	Art	艺术	kéh yah fèh ’tse		合藥法子		427		true	自旧档汇入	2026-04-13T01:27:08+08:00
Pharmacie	sf	Boutique	商店	yah tié’		藥店		427		true	自旧档汇入	2026-04-13T01:27:08+08:00
Pharmacie	sf	Boutique	商店	yah p‘ou’		藥鋪		427		true	自旧档汇入	2026-04-13T01:27:08+08:00
Pharmacie	sf	Boutique	商店	yah ghiôh		藥局		427		true	自旧档汇入	2026-04-13T01:27:08+08:00
Pharmacien	sm		药学家	k‘ai yah (p‘ou’)tié’ ke’		開藥（鋪）店个		427		true	自旧档汇入	2026-04-13T01:27:08+08:00
Pharynx	sm		咽部	zeh heû		食喉		427		true	自旧档汇入	2026-04-13T01:27:08+08:00
Pharynx	sm		咽部	hou long	wou long	喉嚨		427		true	自旧档汇入	2026-04-13T01:27:08+08:00
Phénix	sm		凤凰	wong’ waong [ih tsah]		鳳凰[一隻]		427		true	自旧档汇入	2026-04-13T01:27:08+08:00
Phénix	sm	Fig. Le-- de son temps	时代之模范	ts‘éh lei béh zu’	ts‘éh lei’ bèh zu’	出類拔萃		427		true	自旧档汇入	2026-04-13T01:27:08+08:00
Phénomène	sm		现象	yeng ziang’		形像		427		true	自旧档汇入	2026-04-13T01:27:08+08:00
Phénomène	sm		现象	yi’ ziang’		异像		427		true	自旧档汇入	2026-04-13T01:27:08+08:00
Phénomène	sm	 -- merveilleux	奇异现象	ghi miao’ ze’ ’t‘i		奇妙事體		427		true	自旧档汇入	2026-04-13T01:27:08+08:00
Philippe	sm		菲利普	fi-’li-peh		斐理伯		427		true	自旧档汇入	2026-04-13T01:27:08+08:00
Philomène	sf		菲洛奈特	fi-loh-meh-néh		斐落默納		427		true	自旧档汇入	2026-04-13T01:27:08+08:00
Philosophie	sf		哲学	keh wéh yah		格物學		427		true	自旧档汇入	2026-04-13T01:27:08+08:00
Philosophie	sf		哲学	sing’ ’li yah		性理學		427		true	自旧档汇入	2026-04-13T01:27:08+08:00
Philtre	sm		媚药	mi yah		迷藥		427		true	自旧档汇入	2026-04-13T01:27:08+08:00
Phoque	sm		海豹	’h‘ai ’keû [ih tsah].		海狗[一隻]		427		true	自旧档汇入	2026-04-13T01:27:08+08:00
Phosphore	sm		磷 	lin		燐		427		true	自旧档汇入	2026-04-13T01:27:08+08:00
Phosphore	sm		磷 	lin tseh	lin tséh	燐質		427		true	自旧档汇入	2026-04-13T01:27:08+08:00
Photographe	sm		摄影者	tsao’ (p‘ah)’siao tsao’ ke’		照（拍）小照个		428		true	自旧档汇入	2026-04-13T01:27:08+08:00
Photographie	sf		摄影术	’siao tsao’		小照		428		true	自旧档汇入	2026-04-13T01:27:08+08:00
Photographie	sf		摄影术	gnéh tsao’ ziang’		日照像		428		true	自旧档汇入	2026-04-13T01:27:08+08:00
Photographier	va		拍摄	p‘ah ’siao tsao’		拍小照		428		true	自旧档汇入	2026-04-13T01:27:08+08:00
Photographier	va		拍摄	tsao’ ziang’		照像		428		true	自旧档汇入	2026-04-13T01:27:08+08:00
Photographier	va	Se faire --	请人给自己拍照	kiao’ gnen tsao’ i ke’ siao’ tsao’	kiao’ gnen tsao’ i ke’ ’siao tsao’	叫人照伊个小照		428		true	自旧档汇入	2026-04-13T01:27:08+08:00
Photolithographié	adj		摄影石印术	sôh yen’ ke’	soh yen’ ke’	縮印个		428	待定	true	自旧档汇入	2026-04-13T01:27:08+08:00
Phrase	sf		句子	ih kiu’		一句		428		true	自旧档汇入	2026-04-13T01:27:08+08:00
Phrase	sf	Il comprend chaque --	他每句都理解	kiu’ kiu’ ’tong ke’		句句懂个		428		true	自旧档汇入	2026-04-13T01:27:08+08:00
Phtisie 	sf		肺痨	lao bing’		癆病		428		true	自旧档汇入	2026-04-13T01:27:08+08:00
Phtisique	adj		患肺结核的	’yeû lao bing’		有癆病		428		true	自旧档汇入	2026-04-13T01:27:08+08:00
Phtisique	adj		患肺结核的	lao saong ’tsé		癆傷者		428		true	自旧档汇入	2026-04-13T01:27:08+08:00
Physionomie	sf		相貌	mié’ mao’		面貌		428		true	自旧档汇入	2026-04-13T01:27:08+08:00
Physionomie	sf		相貌	siang’ mao’		相貌		428		true	自旧档汇入	2026-04-13T01:27:08+08:00
Physionomie	sf		相貌	nga’ mao’		外貌		428		true	自旧档汇入	2026-04-13T01:27:08+08:00
Physionomiste	sm		善于记住别人面貌的(人)	siang’ mié’ ke’		相面个		428		true	自旧档汇入	2026-04-13T01:27:08+08:00
Physique	sf		物质的	yeng sing’ yah 		形性學		428		true	自旧档汇入	2026-04-13T01:27:08+08:00
Physique	sf		物质的	keh wéh yah		格物學		428		true	自旧档汇入	2026-04-13T01:27:08+08:00
Physique	sm	Il a un -- agréable.	他相貌不错	sang teh ’h‘ao k‘eu’		生得好看		428		true	自旧档汇入	2026-04-13T01:27:08+08:00
Piastre	sf		皮阿斯特[埃及等国的货币名]	ih k‘oei’ yang dié		一塊洋錢		428		true	自旧档汇入	2026-04-13T01:27:08+08:00
Piastre	sf	1.3	一块三	ih yeu sè koh		一圓三角		428		true	自旧档汇入	2026-04-13T01:27:08+08:00
Piastre	sf	0.8	八毛	pèh koh yang dié		八角洋錢		428		true	自旧档汇入	2026-04-13T01:27:08+08:00
Piastre	sf	 -- mexicaine(aigle)	墨西哥货币（鹰元）	yeng yang		鷹洋		428		true	自旧档汇入	2026-04-13T01:27:08+08:00
Piastre	sf	 -- espagnole(carolus)	西班牙货币（卡洛勒斯）	’pen yang		本洋		428		true	自旧档汇入	2026-04-13T01:27:08+08:00
Piastre	sf	 -- chinoise(dragon)	中国货币（龙元）	long yang		龍洋		428		true	自旧档汇入	2026-04-13T01:27:08+08:00
Pic	sm	pr creuser	挖掘	sè tse’		山[金事]	山？	428	待定	true	自旧档汇入	2026-04-13T01:27:08+08:00
Pic	sm	Montagne	山峰	sè fong		山峰		428		true	自旧档汇入	2026-04-13T01:27:08+08:00
Pic	sm	Montagne	山峰	sè tsié		山尖		428		true	自旧档汇入	2026-04-13T01:27:08+08:00
Pic	loc. adv	À -- 	陡峭地	zè lai		巉來		428		true	自旧档汇入	2026-04-13T01:27:08+08:00
Pic	loc. adv	À -- 	笔直地	zu’ lai		竪來		428		true	自旧档汇入	2026-04-13T01:27:08+08:00
Picotement	sm		针扎似的感觉	ting 		叮	疔	428		true	自旧档汇入	2026-04-13T01:27:08+08:00
Picotement	sm		针扎似的感觉	ting gneng		叮嚀	疔嚀	428		true	自旧档汇入	2026-04-13T01:27:08+08:00
Picotement	sm		针扎似的感觉	sen laong’ ting lai		身上叮	身上疔來	428	按照羅馬字改正	true	自旧档汇入	2026-04-13T01:27:08+08:00
Picul	sm	=60kg, 443	担=60公斤，443	ih zah		一石		428		true	自旧档汇入	2026-04-13T01:27:08+08:00
Picul	sm	=100 livres chinoises	担=100中国磅	ih tè’		一擔		428		true	自旧档汇入	2026-04-13T01:27:08+08:00
Pie	sm		喜鹊	o tsiah		鴉鵲		428	待定	true	自旧档汇入	2026-04-13T01:27:08+08:00
Pie	sm		喜鹊	’hi tsiah [ih tsah]		喜鵲[一隻]		428		true	自旧档汇入	2026-04-13T01:27:08+08:00
Pièce	sf	Morceau	一块	ih k‘oei’ 		一塊		428		true	自旧档汇入	2026-04-13T01:27:08+08:00
Pièce	sf	Morceau	一块	ih deu’		一段		428		true	自旧档汇入	2026-04-13T01:27:08+08:00
Pièce	sf	Une petite -- de toile	一小块布	ih ’siao k‘oei’ pou’		一小塊布		428		true	自旧档汇入	2026-04-13T01:27:08+08:00
Pièce	sf	Mettre une --	放一块布	nao k‘oei’ pou’ lai ’pou ’la laong’		拿塊布來補拉上		428		true	自旧档汇入	2026-04-13T01:27:08+08:00
Pièce	sf	Une -- de toile	一块布	ih p‘ieh pou’		一匹布		428		true	自旧档汇入	2026-04-13T01:27:08+08:00
Pièce	sf	Une -- de toile	一块布	ih foh		一幅		428		true	自旧档汇入	2026-04-13T01:27:08+08:00
Pièce	sf	Une -- de vin	一桶酒	ih ’dong ’tsieû		一桶酒		428		true	自旧档汇入	2026-04-13T01:27:08+08:00
Pièce	sf	Une -- de théâtre	一场戏	ih dai hi’		一台戲		428	保留簡體	true	自旧档汇入	2026-04-13T01:27:08+08:00
Pièce	sf	Une -- de théâtre	一场戏	ih ’pen hi’		一本戲		428		true	自旧档汇入	2026-04-13T01:27:08+08:00
Pièce	sf	Donner la -- à qqn	给某人酒钱	fou’ i ’tsieû dié		付伊酒錢		428		true	自旧档汇入	2026-04-13T01:27:08+08:00
Pièce	sf	Donner la -- à qqn	给某人小费	péh i ’saong dié		撥伊賞錢		428		true	自旧档汇入	2026-04-13T01:27:08+08:00
Pièce	v	Aux -s.Tâche	按件计费	——		——		428	待定 这条有法文但是没有中文对应	true	自旧档汇入	2026-04-13T01:27:08+08:00
Pièce	sf	Chaque -- est en bon état.	每个都很好	ghié’ ghié’ ’h‘ao ke’		件件好个		428		true	自旧档汇入	2026-04-13T01:27:08+08:00
Pièce	sf	Chaque -- est en bon état.	每个都很好	k‘oei’ k‘oei’ ’h‘ao ke’		塊塊好个		428		true	自旧档汇入	2026-04-13T01:27:08+08:00
Pièce	sf	À la --	计件	’kaong k‘oei’ sou’		講塊數		428		true	自旧档汇入	2026-04-13T01:27:08+08:00
Pièce	sf	Les fruits s'achètent ,, ,, 	按个数购买水果	’ma ’kou ’tse ke’ ze’ ’kaong tsah (kou’)deû ke’		買果子个是講雙（個）頭个		428		true	自旧档汇入	2026-04-13T01:27:08+08:00
Pièce	sf	Mettre en -- 	打得粉碎	k‘ao sé’		敲碎		428		true	自旧档汇入	2026-04-13T01:27:08+08:00
Pièce	sf	Mettre 【l'armée】en --	杀退	sèh t‘ei’		殺退		428		true	自旧档汇入	2026-04-13T01:27:08+08:00
Pied	sm		足	kiah [ih tsah]		脚[一雙]		429		true	自旧档汇入	2026-04-13T01:27:08+08:00
Pied	sm	Le cou de --	踝关节	kiah koéh laong		脚骨[月郎]	脚骨？	429	待定 另郎	true	自旧档汇入	2026-04-13T01:27:08+08:00
Pied	sm	Dos du --	脚背	kiah pei’		脚背		429		true	自旧档汇入	2026-04-13T01:27:08+08:00
Pied	sm	Pointe du --	脚尖	kiah tsié tsih deû		脚尖指頭	脚尖節頭	429		true	自旧档汇入	2026-04-13T01:27:08+08:00
Pied	sm	Pointe du --	脚尖	kiah ’pè deû		脚板頭		429		true	自旧档汇入	2026-04-13T01:27:08+08:00
Pied	sm	Plante du --	脚底	kiah ’ti		脚底		429		true	自旧档汇入	2026-04-13T01:27:08+08:00
Pied	sm	Se tenir sur la pointe du --	垫脚	k‘iao kiah		蹺脚	？	429	待定	true	自旧档汇入	2026-04-13T01:27:08+08:00
Pied	sm	Se tenir sur la pointe du --	垫脚	tié ’k‘i tse kiah		顛起之脚		429	待定	true	自旧档汇入	2026-04-13T01:27:08+08:00
Pied	sm	Aller à --	步行	’tseû k‘i’		走去		429		true	自旧档汇入	2026-04-13T01:27:08+08:00
Pied	sm	Aller à --	步行	kiah bao		脚跑		429		true	自旧档汇入	2026-04-13T01:27:08+08:00
Pied	sm	Aller à --	步行	bou’ hang		步行		429		true	自旧档汇入	2026-04-13T01:27:08+08:00
Pied	sm	Se tenir sur ses --s	站立	lih ’la		立拉		429		true	自旧档汇入	2026-04-13T01:27:08+08:00
Pied	sm	Perdre -- dans l'eau	脚没过水中	méh deû ’ting ta	méh deû ’ting ta’	没頭頂戴		429		true	自旧档汇入	2026-04-13T01:27:08+08:00
Pied	sm	Perdre -- dans l'eau	脚没过水中	’se sen lai kiah tié véh keû’		水深來脚顛勿彀		429		true	自旧档汇入	2026-04-13T01:27:08+08:00
Pied	sm	Lancer un coup de --	踢一脚	t‘ih ih kiah		踢一脚		429		true	自旧档汇入	2026-04-13T01:27:08+08:00
Pied	sm	Tuer qqn à coups de --	踢死人	t‘ih sèh i		踢殺伊		429		true	自旧档汇入	2026-04-13T01:27:08+08:00
Pied	sm	Gros --s (maladie)	肿脚（病）	’tsong kiah		腫脚		429		true	自旧档汇入	2026-04-13T01:27:08+08:00
Pied	loc. adv	 -- à --	一步步	ih bou’ ih bou’ ke’		一步一步个		429		true	自旧档汇入	2026-04-13T01:27:08+08:00
Pied	sm	 -- d'animal	动物脚	kiah		脚		429		true	自旧档汇入	2026-04-13T01:27:08+08:00
Pied	sm	 -- d'animal	动物脚	di ’tse		蹄子		429		true	自旧档汇入	2026-04-13T01:27:08+08:00
Pied	sm	 -- de meuble	家具脚	kiah		脚		429		true	自旧档汇入	2026-04-13T01:27:08+08:00
Pied	sm	Table à trois --s	三脚桌	sè kiah dai ’tse		三脚台子		429	保留簡體	true	自旧档汇入	2026-04-13T01:27:08+08:00
Pied	sm	 -- d'arbre	桌脚	zu’ ken		樹根		429		true	自旧档汇入	2026-04-13T01:27:08+08:00
Pied	sm	 -- de montagne	山脚	sè kiah 		山脚		429		true	自旧档汇入	2026-04-13T01:27:08+08:00
Pied	sm	Mesure = 0m,358	一尺	ts‘ah		尺		429		true	自旧档汇入	2026-04-13T01:27:08+08:00
Pied	sm	= 10 ts‘uen	十寸	zéh ts‘en’		十寸		429		true	自旧档汇入	2026-04-13T01:27:08+08:00
Pied	sm	= 100 fen	一百分	pah fen		百分		429		true	自旧档汇入	2026-04-13T01:27:08+08:00
Pied-à-terre	sm		临时住所	tsèh kiah di’ faong		紮脚地方		429		true	自旧档汇入	2026-04-13T01:27:08+08:00
Piédestal	sm		柱座	zou’ ’tse		座子		429		true	自旧档汇入	2026-04-13T01:27:08+08:00
Piédestal	sm		柱座	zu’ kiah	’zu kiah	柱脚		429		true	自旧档汇入	2026-04-13T01:27:08+08:00
Piédestal	sm		柱座	zah ’saong (’kou)teng’		石磉（鼓）凳		429		true	自旧档汇入	2026-04-13T01:27:08+08:00
Piège	sm		捕兽器	k‘ieu t‘ao’		圈套		429		true	自旧档汇入	2026-04-13T01:27:08+08:00
Piège	sm		捕兽器	ki ’k‘è		機檻		429		true	自旧档汇入	2026-04-13T01:27:08+08:00
Piège	sm		捕兽器	kèh		夾		429		true	自旧档汇入	2026-04-13T01:27:08+08:00
Piège	sm	 -- filet	捕捉网	lou maong	lou ’maong	羅網		429		true	自旧档汇入	2026-04-13T01:27:08+08:00
Piège	sm	Prendre au --	捕捉	loh k‘ieu t‘ao’		落圈套		429		true	自旧档汇入	2026-04-13T01:27:08+08:00
Piège	sm	Pris au --	落网	loh ’la maong ’li	loh ’la ’maong ’li	落拉網裏		429		true	自旧档汇入	2026-04-13T01:27:08+08:00
Piège	sm	Fig. Tomber dans le --	上当	zaong’ taong’		上當		429		true	自旧档汇入	2026-04-13T01:27:08+08:00
Piège	sm	Fig. Tomber dans le --	上当	zaong’ se’ k‘ieu laong		上四圈廊		429		true	自旧档汇入	2026-04-13T01:27:08+08:00
Pierre	sm		皮埃尔	peh-tou-lôh		伯多禄		429		true	自旧档汇入	2026-04-13T01:27:08+08:00
Pierre	sf		石头	zah 		石		429		true	自旧档汇入	2026-04-13T01:27:08+08:00
Pierre	sf		石头	zah deû [ih k‘oei’]		石頭[一塊]		429		true	自旧档汇入	2026-04-13T01:27:08+08:00
Pierre	sf	 -- d'autel	圣坛石头	seng’ zah		聖石		429		true	自旧档汇入	2026-04-13T01:27:08+08:00
Pierre	sf	 -- à aiguiser	磨刀石	mô tao zah		磨刀石		429		true	自旧档汇入	2026-04-13T01:27:08+08:00
Pierre	sf	 -- à feu	火石	’h‘ou zah		火石		429		true	自旧档汇入	2026-04-13T01:27:08+08:00
Pierre	sf	Faire d'une -- 2 coups	一石二鸟	ih ’kiu ’liang teh		一舉兩得		429		true	自旧档汇入	2026-04-13T01:27:08+08:00
Pierre	sf	 --	结石	zah lin		石淋		429		true	自旧档汇入	2026-04-13T01:27:08+08:00
Pierre	sf	Maladie de la --	淋症	lin tseng’		淋症		429		true	自旧档汇入	2026-04-13T01:27:08+08:00
Pierreries	sf.pl		宝石	’pao zah		寶石		429		true	自旧档汇入	2026-04-13T01:27:08+08:00
Pierreries	sf.pl		宝石	gnôh zah		玉石		429		true	自旧档汇入	2026-04-13T01:27:08+08:00
Piété	sf		虔诚	gnéh sin 		熱心		429		true	自旧档汇入	2026-04-13T01:27:08+08:00
Piété	sf		虔诚	kien sin	ghié sin	虔心		429		true	自旧档汇入	2026-04-13T01:27:08+08:00
Piété	sf	Objet de --	圣物	seng’ wéh		聖物		429		true	自旧档汇入	2026-04-13T01:27:08+08:00
Piété	sf	 -- filiale	孝心	hiao’		孝		429		true	自旧档汇入	2026-04-13T01:27:08+08:00
Piété	sf	 -- filiale	孝心	hiao’ sin		孝心		429		true	自旧档汇入	2026-04-13T01:27:08+08:00
Piété	sf	Avoir de la -- ,,	孝顺	hiao’ kieng’		孝敬		429		true	自旧档汇入	2026-04-13T01:27:08+08:00
Piété	sf	Avoir de la -- ,,	孝顺	hiao’ zen’		孝順		429		true	自旧档汇入	2026-04-13T01:27:08+08:00
Piété	sf	En manquer	忤逆	’n gneh		忤逆		429		true	自旧档汇入	2026-04-13T01:27:08+08:00
Piété	sf	En manquer	忤逆	véh hiao’		勿孝		429		true	自旧档汇入	2026-04-13T01:27:08+08:00
Piétiner	va	Fouler aux pieds	践踏	kiah dèh		脚踏		429		true	自旧档汇入	2026-04-13T01:27:08+08:00
Piétiner	va	Fouler aux pieds	践踏	tsié’ dèh	zié’ dèh	踐踏		429		true	自旧档汇入	2026-04-13T01:27:08+08:00
Piétiner	va	Remuer vivenment les ,,.	快速移动	zah kiah		擲脚		430		true	自旧档汇入	2026-04-13T01:27:08+08:00
Piéton	sm		行人	bou’ hang ke’		步行个		430		true	自旧档汇入	2026-04-13T01:27:08+08:00
Piéton	sm	Fantassin	步兵	bou’ ping		步兵		430		true	自旧档汇入	2026-04-13T01:27:08+08:00
Piètre	adj		蹩脚的	ti wei		低微		430		true	自旧档汇入	2026-04-13T01:27:08+08:00
Piètre	adj		蹩脚的	pei zié’		卑賤		430		true	自旧档汇入	2026-04-13T01:27:08+08:00
Piètre	adj		蹩脚的	bih kiah		蹩脚		430		true	自旧档汇入	2026-04-13T01:27:08+08:00
Pieu	sm		木桩	tsaong		樁		430		true	自旧档汇入	2026-04-13T01:27:08+08:00
Pieu	sm		木桩	moh tsaong		木樁		430		true	自旧档汇入	2026-04-13T01:27:08+08:00
Pieux	adj	Homme --	虔诚之人	gnéh sin gnen		熱心人		430		true	自旧档汇入	2026-04-13T01:27:08+08:00
Pigeon	sm		鸽子	kéh ’tse [ih tsah]		鴿子[一隻]		430		true	自旧档汇入	2026-04-13T01:27:08+08:00
Pigeon	sm	 -- ramier	野鸽子	’ya kéh ’tse		野鴿子		430		true	自旧档汇入	2026-04-13T01:27:08+08:00
Pigeonnier	sm		鸽棚	kéh bang		鴿棚		430		true	自旧档汇入	2026-04-13T01:27:08+08:00
Pignon	sm	（Mur de）	山墙	sè ziang		山墻		430		true	自旧档汇入	2026-04-13T01:27:08+08:00
Pignon	sm	（Mur de）	山墙	sè deû		山頭		430		true	自旧档汇入	2026-04-13T01:27:08+08:00
Pile	sf	（Une）de bois	一堆木头	ih ’tou moh deû		一垛木頭		430	原作“一[禾朵]木頭”	true	自旧档汇入	2026-04-13T01:27:08+08:00
Pile	sf	（Une）de bois	一堆木头	ih tei moh liao’		一堆木料		430		true	自旧档汇入	2026-04-13T01:27:08+08:00
Pile	sf	Une -- d'assiettes	一堆碟子	ih t‘ao’ diéh ’tse		一套碟子		430		true	自旧档汇入	2026-04-13T01:27:08+08:00
Pile	sf	Jouer à -- ou face	抛硬币猜正反面	ze’ pei’		字背		430		true	自旧档汇入	2026-04-13T01:27:08+08:00
Pile	sf	Jouer à -- ou face	抛硬币猜正反面	tih sè pei’		跌三背		430		true	自旧档汇入	2026-04-13T01:27:08+08:00
Pile	sf	Jouer à -- ou face	抛硬币猜正反面	bôh dong dié		薄銅錢		430		true	自旧档汇入	2026-04-13T01:27:08+08:00
Piler	va		捣碎	’tang（ts‘eng’,tei’）’ghieû		打（舂，碓）臼		430		true	自旧档汇入	2026-04-13T01:27:08+08:00
Piler	va		捣碎	gné sé’		研碎		430		true	自旧档汇入	2026-04-13T01:27:08+08:00
Pilier	sm		柱	zu’ deû	’zu deû	柱頭		430		true	自旧档汇入	2026-04-13T01:27:08+08:00
Pillard	sm		掠夺者	ghiang dao’		强盗		430		true	自旧档汇入	2026-04-13T01:27:08+08:00
Piller	va		掠夺	’ts‘iang		搶		430		true	自旧档汇入	2026-04-13T01:27:08+08:00
Piller	va		掠夺	’ts‘iang deuh		搶奪		430		true	自旧档汇入	2026-04-13T01:27:08+08:00
Piller	va		掠夺	’tang kieh	’tang kiéh	打劫		430		true	自旧档汇入	2026-04-13T01:27:08+08:00
Pilon	sm		杵	tei’ ’ghieû		碓臼		430		true	自旧档汇入	2026-04-13T01:27:08+08:00
Pilon	sm		杵	tei’（ts‘eng’）’mi laong deû		碓（舂）米榔頭		430		true	自旧档汇入	2026-04-13T01:27:08+08:00
Pilon	sm		杵	’ghieû ’koé ’tse		臼管子		430		true	自旧档汇入	2026-04-13T01:27:08+08:00
Pilori	sm		犯人示众柱	yeng ka’		刑架		430		true	自旧档汇入	2026-04-13T01:27:08+08:00
Pilori	sm		犯人示众柱	piao keu		標竿		430		true	自旧档汇入	2026-04-13T01:27:08+08:00
Pilote	sm		领港员	’ling ’se lou’ ke’		領水路个		430		true	自旧档汇入	2026-04-13T01:27:08+08:00
Pilote	sm		领港员	’ling ’kaong ke’		領港个		430		true	自旧档汇入	2026-04-13T01:27:08+08:00
Pilote	sm		领港员	’ling zé ’lao da’		領船老大		430		true	自旧档汇入	2026-04-13T01:27:08+08:00
Pilotis	sm		桩基	tsaong 		樁		430		true	自旧档汇入	2026-04-13T01:27:08+08:00
Pilotis	sm	Enfoncer des --	打桩	’tang tsaong		打樁		430		true	自旧档汇入	2026-04-13T01:27:08+08:00
Pilule	sm		丸药	wé yah		丸藥		430		true	自旧档汇入	2026-04-13T01:27:08+08:00
Pilule	sm		丸药	ih lih wé yah		一粒丸藥		430		true	自旧档汇入	2026-04-13T01:27:08+08:00
Pilule	sm	Faire des --s	做丸药	tsou’ （yeu） wé yah		做（圓）丸藥		430		true	自旧档汇入	2026-04-13T01:27:08+08:00
Piment	sm		辣椒	lèh tsiao		辣椒		430		true	自旧档汇入	2026-04-13T01:27:08+08:00
Piment	sm	 -- rouge	红辣椒	hong lèh tsiao		紅辣椒		430		true	自旧档汇入	2026-04-13T01:27:08+08:00
Pimpant	adj		娇艳的	fong lieû		風流		430		true	自旧档汇入	2026-04-13T01:27:08+08:00
Pimpant	adj		娇艳的	’tang pè’ lai h‘ouo h‘ouo lôh lôh		打扮來花花緑緑		430		true	自旧档汇入	2026-04-13T01:27:08+08:00
Pimpant	adj		娇艳的	ts‘éh seh ’tang pè’		出色打扮		430		true	自旧档汇入	2026-04-13T01:27:08+08:00
Pin	sm		松树	song(sè)zu’		松（杉）樹		430		true	自旧档汇入	2026-04-13T01:27:08+08:00
Pin	sm		松树	sè moh		杉木		430		true	自旧档汇入	2026-04-13T01:27:08+08:00
Pin	sm	Pomme de --	松果	song ’tse		松子		430		true	自旧档汇入	2026-04-13T01:27:08+08:00
Pinacle	sm		尖顶	daong ’ting 		堂頂		430		true	自旧档汇入	2026-04-13T01:27:08+08:00
Pinacle	sm	Fig. Sur le --	身居高位	ts‘éh zen deû di’		出人頭地		430		true	自旧档汇入	2026-04-13T01:27:08+08:00
Pince	sf		钳子	ghié [ih ’pouo]		鉗[一把]		430		true	自旧档汇入	2026-04-13T01:27:08+08:00
Pince	sf	 -- pour épiler	拔毛镊子	kiéh gnéh		㓤鑷	挾鑷	430		true	自旧档汇入	2026-04-13T01:27:08+08:00
Pinceau	sm		画笔	ih ’koé pieh 		一管筆		430		true	自旧档汇入	2026-04-13T01:27:08+08:00
Pinceau	sm		画笔	ih tse pieh		一枝筆		430		true	自旧档汇入	2026-04-13T01:27:08+08:00
Pinceau	sm	 -- d'ouvrier peintre	油漆笔	séh ’tseû		刷帚		430		true	自旧档汇入	2026-04-13T01:27:08+08:00
Pinceau	sm	 -- d'ouvrier peintre	油漆笔	ba mao	ba pieh	排笔	排筆	430	待定 特殊	true	自旧档汇入	2026-04-13T01:27:08+08:00
Pinceau	sm	 -- de charpentier	木匠的笔	meh ts‘en’		墨趁		430		true	自旧档汇入	2026-04-13T01:27:08+08:00
Pinceau	sm	Fabricant de --x	制笔人	tsou’ pieh ke’		做筆个		430		true	自旧档汇入	2026-04-13T01:27:08+08:00
Pincée	sf	avec 3 doigts	用三个手指	ih ts‘euh		一撮		430		true	自旧档汇入	2026-04-13T01:27:08+08:00
Pincée	sf	-- avec 2 doignts	用两个手指	ih gnèh		一捏		430		true	自旧档汇入	2026-04-13T01:27:08+08:00
Pincée	sf	 -- avec les bâtonnets	用小棍子夹	ih kèh		一夾		431		true	自旧档汇入	2026-04-13T01:27:08+08:00
Pincée	sf	Prendre une -- de farine	一点面粉	ts‘euh ih ’tié mié’		撮一點麵		431		true	自旧档汇入	2026-04-13T01:27:08+08:00
Pincer	va		钳	tieh 		摘	？	431	待定	true	自旧档汇入	2026-04-13T01:27:08+08:00
Pincer	va		钳	tieh tieh ’mô gni’ zang		摘摘螞蟻長		431		true	自旧档汇入	2026-04-13T01:27:08+08:00
Pincer	va	 -- jusqu'au sang	刺到血出来	tieh hieuh ts‘éh lai		摘血出來		431		true	自旧档汇入	2026-04-13T01:27:08+08:00
Pincer	va	 -- en tordant	扭紧	lih ih ’pouo 		裂一把	?一把	431		true	自旧档汇入	2026-04-13T01:27:08+08:00
Pincer	va	 -- en tordant	扭紧	’kao		絞		431		true	自旧档汇入	2026-04-13T01:27:08+08:00
Pincer	va	 -- de la guitare	弹琴	dè yé ’tse 		彈弦子		431		true	自旧档汇入	2026-04-13T01:27:08+08:00
Pincer	va	 -- un voleur 	抓贼	tsoh zeh		捉賊		431		true	自旧档汇入	2026-04-13T01:27:08+08:00
Pincer	vr	 Se -- les lèvres	抿紧嘴唇	ziah t‘éh ’tse zen bi		嚼脱嘴唇皮		431		true	自旧档汇入	2026-04-13T01:27:08+08:00
Pincettes	sf.pl		镊子	’h‘ou ghié		火鉗		431		true	自旧档汇入	2026-04-13T01:27:08+08:00
Pinte	sf	chinoise(1 litre03)	中国品脱（一升03）	ih seng		一升		431		true	自旧档汇入	2026-04-13T01:27:08+08:00
Pinte	sf	chinoise(1 litre04)	中国品脱（一升04）	pé’ bing		半瓶		431		true	自旧档汇入	2026-04-13T01:27:08+08:00
Pioche	sf		十字镐	zu deû		鋤頭		431	待定	true	自旧档汇入	2026-04-13T01:27:08+08:00
Pioche	sf		十字镐	sè tse		山鎡		431	待定	true	自旧档汇入	2026-04-13T01:27:08+08:00
Piocher	va		（用鹤嘴镐）挖	ben’ di’		坌地		431		true	自旧档汇入	2026-04-13T01:27:08+08:00
Pion	sm	au jeu d'échecs	象棋中	ping 		兵		431		true	自旧档汇入	2026-04-13T01:27:08+08:00
Pion	sm	au jeu d'échecs	象棋中	tséh		卒		431		true	自旧档汇入	2026-04-13T01:27:08+08:00
Pion	sm	au jeu d'échecs	象棋中	ghi ’tse		棋子		431		true	自旧档汇入	2026-04-13T01:27:08+08:00
Pionnier	sm		先驱者	k‘ai dao’ ke’		開道个		431		true	自旧档汇入	2026-04-13T01:27:08+08:00
Pionnier	sm		先驱者	k‘ai lou’ ke’		開路个		431		true	自旧档汇入	2026-04-13T01:27:08+08:00
Pipe	sf	Tuyau de --	管道	yé ’koé 		烟管		431		true	自旧档汇入	2026-04-13T01:27:08+08:00
Pipe	sf	Tuyau de --	管道	yé dong		烟筒		431		true	自旧档汇入	2026-04-13T01:27:08+08:00
Pipe	sf	Tuyau de --	管道	yé dong ’kang [ih ken]		烟筒梗[一根]		431		true	自旧档汇入	2026-04-13T01:27:08+08:00
Pipe	sf	Fourneau de --	管道炉子	yé dong deû		烟筒頭		431		true	自旧档汇入	2026-04-13T01:27:08+08:00
Pipe	sf	Fourneau de --	管道炉子	woh ’tse		鑊子		431		true	自旧档汇入	2026-04-13T01:27:08+08:00
Pipe	sf	Embouchure de --	管道口	yé dong k‘ieh ’tse		烟筒吃嘴		431		true	自旧档汇入	2026-04-13T01:27:08+08:00
Pipe	sf	 -- à eau	水管	’se yé dong		水烟筒		431		true	自旧档汇入	2026-04-13T01:27:08+08:00
Pipe	sf	 -- pour l'opium	鸦片管子	yé ts‘iang(dong)		烟槍（筒）		431		true	自旧档汇入	2026-04-13T01:27:08+08:00
Pipe	sf	Bourrer la --	填满管子	tsaong yé		裝烟		431		true	自旧档汇入	2026-04-13T01:27:08+08:00
Pipe	sf	Allumer la --	点燃管子	tié’ ’h‘ou	’tié ’h‘ou	点火		431	保留簡體	true	自旧档汇入	2026-04-13T01:27:08+08:00
Pipe	sf	Fumer une --	吸烟	ts‘e ’h‘ou k‘ieh yé		吹火吃烟		431		true	自旧档汇入	2026-04-13T01:27:08+08:00
Pipe	sf	Fumer une --	吸烟	k‘ieh ih dong(’koé)yé		吃一筒（管）烟		431		true	自旧档汇入	2026-04-13T01:27:08+08:00
Pipe	sf	Débourrer la --	熄烟	ts‘éh yé dong deû		撤烟筒頭		431		true	自旧档汇入	2026-04-13T01:27:08+08:00
Pipée	sf	(Prendre à la)	欺骗	h‘è’ ’keu tsoh ’tiao		喊赶捉窵		431	保留簡體	true	自旧档汇入	2026-04-13T01:27:08+08:00
Piquant	adj	Pointu	尖的	ts‘e’ ke’		刺个		431		true	自旧档汇入	2026-04-13T01:27:08+08:00
Piquant	adj	Pointu	尖的	tsié ke’		尖个		431		true	自旧档汇入	2026-04-13T01:27:08+08:00
Piquant	adj	D'une saveur --e	辣味	lèh ke’		辣个		431		true	自旧档汇入	2026-04-13T01:27:08+08:00
Piquant	adj	D'une saveur --e	辣味	lèh zéh deû		辣舌頭		431		true	自旧档汇入	2026-04-13T01:27:08+08:00
Piquant	adj	Fig. Spirituel	精神上的刺激	’yeû ts‘u’ ke’		有趣个		431		true	自旧档汇入	2026-04-13T01:27:08+08:00
Piquant	adj	Fig. Spirituel	精神上的刺激	’yeû tse mi’ ke’		有滋味个		431		true	自旧档汇入	2026-04-13T01:27:08+08:00
Piquant	adj	Qu'y a-t-il de -- dans ces paroles ？	话里有话？	di’ ’tsong neng seh wo’ wo’ i tsou’ sa’ ke’ ya？		第種能説話話伊做啥个耶		431		true	自旧档汇入	2026-04-13T01:27:08+08:00
Piquant	adj	Paroles --es	刺人的话	seh wo’ lèh		説話辣		431		true	自旧档汇入	2026-04-13T01:27:08+08:00
Piquant	adj		有刺的	ts‘ôh ’vé ke’		觸犯个		431	觸	true	自旧档汇入	2026-04-13T01:27:08+08:00
Piquant	sm		有刺的	ts‘e’ 		刺		431		true	自旧档汇入	2026-04-13T01:27:08+08:00
Pique	sf		带刺的话	zang ts‘iang [ih ken]		長槍[一根]		431		true	自旧档汇入	2026-04-13T01:27:08+08:00
Piquer	va		刺	ts‘èh		插		431		true	自旧档汇入	2026-04-13T01:27:08+08:00
Piquer	va		刺	ts‘ôh		擉	觸	431		true	自旧档汇入	2026-04-13T01:27:08+08:00
Piquer	va		刺	leû		搂		431	保留簡體 待定	true	自旧档汇入	2026-04-13T01:27:08+08:00
Piquer	va		刺	ting’		釘		431		true	自旧档汇入	2026-04-13T01:27:08+08:00
Piquer	va		刺	’koen		滚		431		true	自旧档汇入	2026-04-13T01:27:08+08:00
Piquer	va	 --【Abeille, scorpion】	蜜蜂，天蝎蛰	ts‘e’		刺		431		true	自旧档汇入	2026-04-13T01:27:08+08:00
Piquer	va	 --【Abeille, scorpion】	蜜蜂，天蝎蛰	’ngao		咬		431		true	自旧档汇入	2026-04-13T01:27:08+08:00
Piquer	va	 --【Abeille, scorpion】	蜜蜂，天蝎蛰	ting		叮	疔	431		true	自旧档汇入	2026-04-13T01:27:08+08:00
Piquer	va	 --【Abeille, scorpion】	蜜蜂，天蝎蛰	sah		螫		431		true	自旧档汇入	2026-04-13T01:27:08+08:00
Piquer	vr	Se -- d'honneur	特别卖力	tsang k‘i’ ’tié		張氣點		431	待定 可能是爭氣	true	自旧档汇入	2026-04-13T01:27:08+08:00
Piquer	vr	Se -- d'honneur	特别卖力	’tou ’pi k‘i’		賭比氣		431		true	自旧档汇入	2026-04-13T01:27:08+08:00
Piquet	sm		小木桩	tsié moh ’pè		尖木板		431		true	自旧档汇入	2026-04-13T01:27:08+08:00
Piquet	sm		小木桩	ts‘èh diao ’tse		插條子		431		true	自旧档汇入	2026-04-13T01:27:08+08:00
Piqûre	sf	d'aiguille	用针	tsen ts‘e’		針刺		431		true	自旧档汇入	2026-04-13T01:27:08+08:00
Piqûre	sf	d'aiguille	用针	’yen sié’ ts‘ôh		引綫擉	引綫觸	431		true	自旧档汇入	2026-04-13T01:27:08+08:00
Pirate	sm		海盗	’h‘ai zeh		海賊		431		true	自旧档汇入	2026-04-13T01:27:08+08:00
Pirate	sm		海盗	’h‘ai dao’		海盗		431		true	自旧档汇入	2026-04-13T01:27:08+08:00
Pire	adj		更坏的	keng ka véh ’h‘ao		更加勿好		431		true	自旧档汇入	2026-04-13T01:27:08+08:00
Pire	adj	Le --	最差的	’ting k‘ieû		頂恘		431		true	自旧档汇入	2026-04-13T01:27:08+08:00
Pire	sm	Il n'y pas -- que lui	他是最差的	tsai’ k‘ieû m méh		再恘無末	再恘嘸末	432		true	自旧档汇入	2026-04-13T01:27:08+08:00
Pirouette	sf		陀螺	zié deû yeu		旋頭圓		432		true	自旧档汇入	2026-04-13T01:27:08+08:00
Pis	sm	d'une vache	牛奶头	gneû ’na deû		牛奶頭		432		true	自旧档汇入	2026-04-13T01:27:08+08:00
Pis	adv		更坏地	yu’ ka véh ’h‘ao		愈加勿好		432		true	自旧档汇入	2026-04-13T01:27:08+08:00
Pis	adv	de mal en --	越来越差	ih gnéh véh ’h‘ao(ghiôh)ih gnéh		一日勿好（局）一日		432		true	自旧档汇入	2026-04-13T01:27:08+08:00
Pis-aller	sm		万不得已而选择	tè’ zeng’ di’ diao lou’	dè’ zeng’ di’ diao lou’	但剩第條路		432		true	自旧档汇入	2026-04-13T01:27:08+08:00
Piscine	sf	(C.)	游泳池	seng’ ’tsing [ih tsah, ih ’k‘eû]		聖井[一隻，一口]		432		true	自旧档汇入	2026-04-13T01:27:08+08:00
Pisé	sm	(Mur en)	土墙	gni ziang		泥墻		432		true	自旧档汇入	2026-04-13T01:27:08+08:00
Pissenlit	sm		蒲公英	waong h‘ouo laong ’ts‘ao		黄花郎草		432		true	自旧档汇入	2026-04-13T01:27:08+08:00
Pisser	vn		撒尿	ts‘éh ’siao kong		出小公	出小恭	432		true	自旧档汇入	2026-04-13T01:27:08+08:00
Pisser	vn		撒尿	ts‘ah (za’) se		折（瀉）尿	拆（？）尿	432		true	自旧档汇入	2026-04-13T01:27:08+08:00
Pisser	vn		撒尿	’ka ’seû		解手		432		true	自旧档汇入	2026-04-13T01:27:08+08:00
Pisser	vn	 -- au lit	尿床	se ts‘éh ’neu		尿出囝		432		true	自旧档汇入	2026-04-13T01:27:08+08:00
Pisser	vn	 -- au lit	尿床	kouo’ long ke’		掛龍个		432		true	自旧档汇入	2026-04-13T01:27:08+08:00
Pisser	vn	 -- au lit	尿床	sah se		撒尿		432		true	自旧档汇入	2026-04-13T01:27:08+08:00
Piste	sf		足迹	tsong tsih		踪迹		432		true	自旧档汇入	2026-04-13T01:27:08+08:00
Piste	sf		足迹	kiah tsih		脚迹		432		true	自旧档汇入	2026-04-13T01:27:08+08:00
Piste	sf	Trouver la --	寻找踪迹	zin zah kiah tsih yen’		尋着脚迹印		432		true	自旧档汇入	2026-04-13T01:27:08+08:00
Piste	sf	Suivre à la --	追着脚印	tsu kiah tsih		追脚迹		432		true	自旧档汇入	2026-04-13T01:27:08+08:00
Piste	sf	【Cheval】habitué à la --	【马】寻着脚印	ken tsouo lou’	ken ts‘ouo lou’	跟車路		432		true	自旧档汇入	2026-04-13T01:27:08+08:00
Pistil	sm		雌蕊	h‘ouo yen ’gnu		花陰蕊		432		true	自旧档汇入	2026-04-13T01:27:08+08:00
Pistolet	sm		手枪	’seû ts‘iang [ih ’koé]		手槍[一管]		432		true	自旧档汇入	2026-04-13T01:27:08+08:00
Piston	sm		活塞	t‘ei ki		推機		432		true	自旧档汇入	2026-04-13T01:27:08+08:00
Piston	sm		活塞	wéh séh ’tse	wéh seh ’tse	活塞子		432		true	自旧档汇入	2026-04-13T01:27:08+08:00
Pitié	sf	Avoir -- de 	怜悯	’k‘o lié		可憐		432		true	自旧档汇入	2026-04-13T01:27:08+08:00
Pitié	sf	Avoir -- de 	怜悯	ai lié		哀憐		432		true	自旧档汇入	2026-04-13T01:27:08+08:00
Pitié	sf	Avoir -- de 	怜悯	lié sieh		憐惜		432		true	自旧档汇入	2026-04-13T01:27:08+08:00
Pitié	sf	Avoir -- de 	怜悯	ai’ sieh		愛惜		432		true	自旧档汇入	2026-04-13T01:27:08+08:00
Pitié	sf	Ayez -- de nous （C.）	可怜我们	’k‘o lié ’ngou ’teng		可憐我等		432		true	自旧档汇入	2026-04-13T01:27:08+08:00
Pitoyable 	adj		值得怜悯的 	’k‘o sieh		可惜		432		true	自旧档汇入	2026-04-13T01:27:08+08:00
Pitoyable 	adj		值得怜悯的 	’k‘o lié ke’		可憐个		432		true	自旧档汇入	2026-04-13T01:27:08+08:00
Piton	sf		吊环螺钉	k‘ieu deû ting		圓頭釘		432		true	自旧档汇入	2026-04-13T01:27:08+08:00
Pituite	sf		鼻涕	dè 		痰		432		true	自旧档汇入	2026-04-13T01:27:08+08:00
Pituite	sf		鼻涕	dè séh		痰濕		432		true	自旧档汇入	2026-04-13T01:27:08+08:00
Pituite	sf	Fièvre de --	痰火病	dè ’h‘ou bing’		痰火病		432		true	自旧档汇入	2026-04-13T01:27:08+08:00
Pivert	sm		啄木鸟	zôh moh ’tiao		啄木窵	啄木鳥	432		true	自旧档汇入	2026-04-13T01:27:08+08:00
Pivoine	sf		牡丹 	zah yah h‘ouo		芍藥花		432		true	自旧档汇入	2026-04-13T01:27:08+08:00
Pivoine	sf	 -- en arbre 	牡丹	’mo tè h‘ouo		牡丹花		432		true	自旧档汇入	2026-04-13T01:27:08+08:00
Pivot	sm		枢纽	’gné		櫋	？	432	待定	true	自旧档汇入	2026-04-13T01:27:08+08:00
Pivot	sm	 -- d'une porte 	门轴	men yao ’kang 		門摇梗		432		true	自旧档汇入	2026-04-13T01:27:08+08:00
Pivot	sm	 -- d'une porte 	门轴	men k‘iu		門樞		432		true	自旧档汇入	2026-04-13T01:27:08+08:00
Pivot	sm	 -- d'une porte 	门轴	men ’ghieû		門臼		432		true	自旧档汇入	2026-04-13T01:27:08+08:00
Placard	sm	ds un mur	在墙里面	ziang zu		墻厨		432		true	自旧档汇入	2026-04-13T01:27:08+08:00
Placard	sm	 -- sur un mur	在墙上	kao’ bah		告白		432		true	自旧档汇入	2026-04-13T01:27:08+08:00
Placard	sm	 -- sur un mur	在墙上	tsao ’tse		招紙		432		true	自旧档汇入	2026-04-13T01:27:08+08:00
Placard	sm	 -- anonyme	匿名标语	m deû ’paong		無頭榜	嘸頭榜	432		true	自旧档汇入	2026-04-13T01:27:08+08:00
Placard	sm	 -- anonyme	匿名标语	gneh ming kiéh t‘ih		匿名揭帖		432		true	自旧档汇入	2026-04-13T01:27:08+08:00
Place	sf	Endroit	地方	di’ faong		地方		432		true	自旧档汇入	2026-04-13T01:27:08+08:00
Place	sf	Allez à votre --	去你的地方	k‘i’ ’ba		去罷		432		true	自旧档汇入	2026-04-13T01:27:08+08:00
Place	sf	Rester ,,.	不要动	véh yao’ dong’		勿要動		432		true	自旧档汇入	2026-04-13T01:27:08+08:00
Place	sf	Manquer de -- pour…	没有位置做…	…véh loh		…勿落		432		true	自旧档汇入	2026-04-13T01:27:08+08:00
Place	sf	,, ,, ,, s'asseoir 	没有坐的位置	m ’zou ts‘u’ 		無坐處	嘸坐處	432		true	自旧档汇入	2026-04-13T01:27:08+08:00
Place	sf	,, ,, ,, s'asseoir 	没有坐的位置	’zou véh loh		坐勿落		432		true	自旧档汇入	2026-04-13T01:27:08+08:00
Place	sf	,, ,, ,, étaler des objets 	没有放东西的地方	méh ze’ ’pa véh loh		物事擺勿落		432		true	自旧档汇入	2026-04-13T01:27:08+08:00
Place	sf	Il n'y pas de --	没有地方	m méh wou’ ’daong(k‘ong ’daong)	m méh wou’ ’daong(k‘ong’ ’daong)	無没户蕩（空蕩）	嘸没户蕩（空蕩）	432		true	自旧档汇入	2026-04-13T01:27:08+08:00
Place	sf	Faire --	让开	t‘ei k‘ai		推開		433		true	自旧档汇入	2026-04-13T01:27:08+08:00
Place	sf	Faire --	让开	’tseû k‘ai		走開		433		true	自旧档汇入	2026-04-13T01:27:08+08:00
Place	sf	Faites --	请让开	gnang’ k‘ai ’tié		讓開點		433		true	自旧档汇入	2026-04-13T01:27:08+08:00
Place	sf	Veuillez prendre --	请坐	’ts‘ing ’zou		請坐		433		true	自旧档汇入	2026-04-13T01:27:08+08:00
Place	sf	Avoir la -- d'honneur	上座	zaong’ ’zou		上坐		433		true	自旧档汇入	2026-04-13T01:27:08+08:00
Place	sf	Avoir la -- d'honneur	上座	’zou deû wei’		坐頭位		433		true	自旧档汇入	2026-04-13T01:27:08+08:00
Place	sf	Quelle -- occupe-t-il ？	他坐的什么位置？	ze’ di’ ’ki ke’？		是第幾個		433		true	自旧档汇入	2026-04-13T01:27:08+08:00
Place	sf	Chercher une --	找一个位置	zin ke’ k‘ieuh ven’(sang i’)		尋个缺分（生意）		433		true	自旧档汇入	2026-04-13T01:27:08+08:00
Place	sf	À la -- de	代替	t‘i’ 		替		433		true	自旧档汇入	2026-04-13T01:27:08+08:00
Place	sf	À la -- de	代替	dai t‘i’		代替		433		true	自旧档汇入	2026-04-13T01:27:08+08:00
Placer 	va		放置	faong’		放		433		true	自旧档汇入	2026-04-13T01:27:08+08:00
Placer 	va		放置	eu faong’		安放		433		true	自旧档汇入	2026-04-13T01:27:08+08:00
Placer 	va	Où le -- ？	放在哪里？	’pa ’la ’a ’li？		擺拉那裏		433		true	自旧档汇入	2026-04-13T01:27:08+08:00
Placer 	va	 -- des convives 	安排宾客	eu ba k‘ah gnen		安排客人		433		true	自旧档汇入	2026-04-13T01:27:08+08:00
Placet	sm		请求书	’pin t‘ih		禀帖		433		true	自旧档汇入	2026-04-13T01:27:08+08:00
Plafond	sm		天花板	bing ’ting		平頂		433		true	自旧档汇入	2026-04-13T01:27:08+08:00
Plafond	sm		天花板	t‘ié h‘ouo ’pè		天花板		433		true	自旧档汇入	2026-04-13T01:27:08+08:00
Plafonner	va	en nattes	席子编织的	tsaong lou zieh bing ’ting		裝蘆席平頂		433		true	自旧档汇入	2026-04-13T01:27:08+08:00
Plafonner	va	 -- en papier	纸糊天花板	’tse bing ’ting 		紙平頂		433		true	自旧档汇入	2026-04-13T01:27:08+08:00
Plafonner	va	 -- en plâtre 	石膏天花板	’fen zah kao bing ’ting		粉石膏平頂		433		true	自旧档汇入	2026-04-13T01:27:08+08:00
Plage	sf		沙滩	’h‘ai pié		海邊		433		true	自旧档汇入	2026-04-13T01:27:08+08:00
Plage	sf		沙滩	’h‘ai t‘è		海灘		433		true	自旧档汇入	2026-04-13T01:27:08+08:00
Plagiat	sm		剽窃	lei dong		雷同		433		true	自旧档汇入	2026-04-13T01:27:08+08:00
Plagiat	sm		剽窃	ts‘ao zih ghieû’ wen		抄襲舊文		433		true	自旧档汇入	2026-04-13T01:27:08+08:00
Plaider	vn		进行诉讼	’tang koé se		打官司		433		true	自旧档汇入	2026-04-13T01:27:08+08:00
Plaider	vn	 -- pr un autre	为他人辩护	bao kao’		抱告		433	待定 抱聲調	true	自旧档汇入	2026-04-13T01:27:08+08:00
Plaidoyer	sm	Pétition	诉状	zeng ’tse		呈紙		433		true	自旧档汇入	2026-04-13T01:27:08+08:00
Plaie	sf		伤口	ts‘aong		瘡		433		true	自旧档汇入	2026-04-13T01:27:08+08:00
Plaie	sf		伤口	saong		傷		433		true	自旧档汇入	2026-04-13T01:27:08+08:00
Plaie	sf	Lèvre d'une	嘴唇上的伤口	ts‘aong ’ngè(dong’)		瘡眼（洞）		433		true	自旧档汇入	2026-04-13T01:27:08+08:00
Plaie	sf	Avoir une --	生疮	sang ts‘aong		生瘡		433		true	自旧档汇入	2026-04-13T01:27:08+08:00
Plaie	sf	Les 5 --s （C.）	五个疮	’n saong		五傷		433		true	自旧档汇入	2026-04-13T01:27:08+08:00
Plaignant	sm		原告	gneu kao’		原告		433		true	自旧档汇入	2026-04-13T01:27:08+08:00
Plain	adj		平坦的	bing ke’		平个		433		true	自旧档汇入	2026-04-13T01:27:08+08:00
Plaindre	va		同情	’k‘o lié		可憐		433		true	自旧档汇入	2026-04-13T01:27:08+08:00
Plaindre	vr	Se -- des gens	抱怨他人	koa’ yeu’ biéh gnen 		怪怨别人		433		true	自旧档汇入	2026-04-13T01:27:08+08:00
Plaindre	vr	Se -- des gens	抱怨他人	ma yeu’		埋怨		433		true	自旧档汇入	2026-04-13T01:27:08+08:00
Plaindre	vr	Se --. Trouver à redire	指责	yé tou (zang) yé sao (’teu)	yé tou (zang) yé ’sao (’teu)	嫌多（長）嫌少（短）		433		true	自旧档汇入	2026-04-13T01:27:08+08:00
Plaindre	vr	Se --. Trouver à redire	指责	yé ’h‘ao yé k‘ieû 		嫌好嫌恘		433		true	自旧档汇入	2026-04-13T01:27:08+08:00
Plaindre	va	Gémir. Murmurer	呻吟，嘀咕	k‘ai’ t‘è’		慨嘆		433		true	自旧档汇入	2026-04-13T01:27:08+08:00
Plaindre	va	Gémir. Murmurer	呻吟，嘀咕	t‘è’ sieh		嘆惜		433		true	自旧档汇入	2026-04-13T01:27:08+08:00
Plaindre	va	Gémir. Murmurer	呻吟，嘀咕	yeu’ hen’		怨恨		433		true	自旧档汇入	2026-04-13T01:27:08+08:00
Plaindre	va	Gémir. Murmurer	呻吟，嘀咕	t‘è’ k‘i’		嘆氣		433		true	自旧档汇入	2026-04-13T01:27:08+08:00
Plaine	sf		平原	bing di’		平地		433		true	自旧档汇入	2026-04-13T01:27:08+08:00
Plaine	sf	En --	在平地上	’la bing yang tse di’ laong’		拉平陽之地上		433		true	自旧档汇入	2026-04-13T01:27:08+08:00
Plainte	sf		牢骚	h‘è’ ’k‘ou ’nao 		喊苦惱		433		true	自旧档汇入	2026-04-13T01:27:08+08:00
Plainte	sf		牢骚	kiao’ kieû’ ming’		叫救命		433		true	自旧档汇入	2026-04-13T01:27:08+08:00
Plainte	sf		牢骚	yeu’ seng		怨聲		433		true	自旧档汇入	2026-04-13T01:27:08+08:00
Plainte	sf	Accusation. Porter --	控诉	kao’		告		433		true	自旧档汇入	2026-04-13T01:27:08+08:00
Plainte	sf	Accusation. Porter --	控诉	di’ zeng ’tse		遞呈紙		433		true	自旧档汇入	2026-04-13T01:27:08+08:00
Plainte	sf	Accusation. Porter --	控诉	sou’ zaong’		訴狀		433		true	自旧档汇入	2026-04-13T01:27:08+08:00
Plaintif	adj	(Ton)	声音	k‘ôh k‘ôh di di		哭哭啼啼		433		true	自旧档汇入	2026-04-13T01:27:08+08:00
Plaire	vn	à qqn	取悦某人	ts‘eng’ biéh gnen ke’ sin		稱别人个心		433	待定	true	自旧档汇入	2026-04-13T01:27:08+08:00
Plaire	vn	à qqn	取悦某人	teh gnen sin		得人心		433		true	自旧档汇入	2026-04-13T01:27:08+08:00
Plaire	vn	Comme il vous plaira	随您所愿	zu bié’ 		隨便		433		true	自旧档汇入	2026-04-13T01:27:08+08:00
Plaire	vn	Comme il vous plaira	随您所愿	zu bié’ nong’		隨便儂		433		true	自旧档汇入	2026-04-13T01:27:08+08:00
Plaire	vn	Comme il vous plaira	随您所愿	t‘ing bing nong’		聽憑儂		433		true	自旧档汇入	2026-04-13T01:27:08+08:00
Plaire	vn	S'il vous plaît	请	’ts‘ing		請		433		true	自旧档汇入	2026-04-13T01:27:08+08:00
Plaire	vn	Plût à Dieu que !	愿！	pouo véh teh		巴勿得		433		true	自旧档汇入	2026-04-13T01:27:08+08:00
Plaire	vr	Se -- à 	开心	’hi hoé	’hi h‘oé	喜歡		434		true	自旧档汇入	2026-04-13T01:27:08+08:00
Plaire	vr	Se -- à 	开心	kao hieng’		高興		434		true	自旧档汇入	2026-04-13T01:27:08+08:00
Plaire	vr	Se -- à 	开心	ai’ 		愛		434		true	自旧档汇入	2026-04-13T01:27:08+08:00
Plaire	vr	Se -- à 	开心	’k‘eng		肯		434		true	自旧档汇入	2026-04-13T01:27:08+08:00
Plaire	vr	Se -- à 	开心	h‘ao’		好		434		true	自旧档汇入	2026-04-13T01:27:08+08:00
Plaisant	sm	Faire le --	让人开心	’yen gnen k‘à’ wéh ke’		引人快活个		434		true	自旧档汇入	2026-04-13T01:27:08+08:00
Plaisant	sm	Faire le --	让人开心	’za gnen siao’		惹人笑		434		true	自旧档汇入	2026-04-13T01:27:08+08:00
Plaisant	adj	【Chose】Risible	惹人发笑	’k‘o siao’ ke’.		可笑个		434		true	自旧档汇入	2026-04-13T01:27:08+08:00
Plaisant	adj	【Chose】Risible	惹人发笑	’h‘ao siao’		好笑		434		true	自旧档汇入	2026-04-13T01:27:08+08:00
Plaisant	adj	Agréable	愉快	’yeû ts‘u’ ke’		有趣个		434		true	自旧档汇入	2026-04-13T01:27:08+08:00
Plaisanter	vn		开玩笑	wo’ siao’ wo’		話笑話		434		true	自旧档汇入	2026-04-13T01:27:08+08:00
Plaisanter	vn		开玩笑	wo’ béh siang’		話孛相		434		true	自旧档汇入	2026-04-13T01:27:08+08:00
Plaisanter	vn	Aimer à --	喜欢开玩笑	tséh koè’ ’tang bang(zin k‘ai sin)		只慣打棚（尋開心）	？	434	待定	true	自旧档汇入	2026-04-13T01:27:08+08:00
Plaisanter	va	Railler	嘲笑	siao’		笑		434		true	自旧档汇入	2026-04-13T01:27:08+08:00
Plaisanter	va	Railler	嘲笑	hi’ siao’		戲笑		434		true	自旧档汇入	2026-04-13T01:27:08+08:00
Plaisanter	va	Railler	嘲笑	ki ziao’		譏誚		434		true	自旧档汇入	2026-04-13T01:27:08+08:00
Plaisanterie	sf		笑话	siao’ wo’		笑話		434		true	自旧档汇入	2026-04-13T01:27:08+08:00
Plaisanterie	sf		笑话	’h‘ao siao’ ke’ seh wo’		好笑个説話		434		true	自旧档汇入	2026-04-13T01:27:08+08:00
Plaisanterie	sf		笑话	wo’ béh siang’		話孛相		434		true	自旧档汇入	2026-04-13T01:27:08+08:00
Plaisir	sm		愉快	tsoh loh 		作樂		434		true	自旧档汇入	2026-04-13T01:27:08+08:00
Plaisir	sm		愉快	hoé loh	h‘oé loh	歡樂		434		true	自旧档汇入	2026-04-13T01:27:08+08:00
Plaisir	sm		愉快	k‘oa’ loh		快樂		434		true	自旧档汇入	2026-04-13T01:27:08+08:00
Plaisir	sm	 -- charnel	肉体的快乐	gnôh zing’		肉情		434		true	自旧档汇入	2026-04-13T01:27:08+08:00
Plaisir	sm	Trouver du -- à 	在…之中寻找快乐	hoé ’hi	h‘oé ’hi	歡喜		434		true	自旧档汇入	2026-04-13T01:27:08+08:00
Plaisir	sm	Trouver du -- à 	在…之中寻找快乐	’siang sin’		想信		434	待定 另相信	true	自旧档汇入	2026-04-13T01:27:08+08:00
Plaisir	sm	Faites-moi le -- de	请帮我	’ts‘ing nong’		請儂		434		true	自旧档汇入	2026-04-13T01:27:08+08:00
Plaisir	sm	Faites-moi le -- de	请帮我	vè lao’ (teh zu’)nong’	vè lao (teh zu’)nong’	煩勞（得罪）儂		434		true	自旧档汇入	2026-04-13T01:27:08+08:00
Plaisir	sm	Argent pour menus -s	施舍以获得细微的快乐	ling sé’ dong dié		零碎銅錢		434		true	自旧档汇入	2026-04-13T01:27:08+08:00
Plaisir	sm	Faire --	让人开心	kiao’ gnen k‘a’ wéh(’hi hoé)	kiao’ gnen k‘a’ wéh(’hi h‘oé)	叫人快活（喜歡）		434		true	自旧档汇入	2026-04-13T01:27:08+08:00
Plan 	sm	Forme	样子	yang’ ’tse		樣子		434		true	自旧档汇入	2026-04-13T01:27:08+08:00
Plan 	sm	Forme	样子	’kao ’tse		稿子		434		true	自旧档汇入	2026-04-13T01:27:08+08:00
Plan 	sm	Position : au 1 er --	在前面	zié mié’		前面		434		true	自旧档汇入	2026-04-13T01:27:08+08:00
Plan 	sm	Position : au 1 er --	在前面	men zié		門前		434		true	自旧档汇入	2026-04-13T01:27:08+08:00
Plan 	sm	Projet	计划	’tsu i’		主意		434		true	自旧档汇入	2026-04-13T01:27:08+08:00
Plan 	sm	Projet	计划	tsang zeng		章程		434		true	自旧档汇入	2026-04-13T01:27:08+08:00
Plan 	sm	Calculer un --	筹备一个计划	’tang seu’		打算		434		true	自旧档汇入	2026-04-13T01:27:08+08:00
Plan 	adj		平坦的	bing		平		434		true	自旧档汇入	2026-04-13T01:27:08+08:00
Plan 	adj		平坦的	bing tseng’ ke’		平正个		434		true	自旧档汇入	2026-04-13T01:27:08+08:00
Planche	sf		木板	moh ’pè		木板		434		true	自旧档汇入	2026-04-13T01:27:08+08:00
Planche	sf	Une -- de bois	一块板子	ih k‘oei’ ’pè		一塊板		434		true	自旧档汇入	2026-04-13T01:27:08+08:00
Planche	sf	 -- d'imprimerie	一块印刷版	yen’ ’pè		印板		434		true	自旧档汇入	2026-04-13T01:27:08+08:00
Planche	sf	 -- de légumes	一块菜地	ih len ts‘ai’		一疄菜		434	待定	true	自旧档汇入	2026-04-13T01:27:08+08:00
Planchéier	va		铺以地板	p‘ou di’ ’pè		鋪地板		434		true	自旧档汇入	2026-04-13T01:27:08+08:00
Planchéier	va		铺以地板	p‘ou leû ’pè		鋪樓板		434		true	自旧档汇入	2026-04-13T01:27:08+08:00
Plancher	sm		地板	di’ bing		地平		434		true	自旧档汇入	2026-04-13T01:27:08+08:00
Plancher	sm		地板	di’ koh		地閣		434		true	自旧档汇入	2026-04-13T01:27:08+08:00
Plancher	sm	 -- de l'étage	台阶上的地板	leû ’pè		樓板		434		true	自旧档汇入	2026-04-13T01:27:08+08:00
Planchette	sf		小木板	’pè p‘ié’		板片		434		true	自旧档汇入	2026-04-13T01:27:08+08:00
Planchette	sf		小木板	’siao ’pè ’tse		小板子		434		true	自旧档汇入	2026-04-13T01:27:08+08:00
Planchette	sf	Torture	酷刑	kèh ’pè ’tse		夾板子		434		true	自旧档汇入	2026-04-13T01:27:08+08:00
Plane	sf		梧桐	t‘ei bao’ [ih tsah]		推刨[一隻]		434		true	自旧档汇入	2026-04-13T01:27:08+08:00
Planer	va	du bois	刨木头	bao’ ih bao’		刨一刨		434		true	自旧档汇入	2026-04-13T01:27:08+08:00
Planer	va	du bois	刨木头	bao’ bing		刨平		434		true	自旧档汇入	2026-04-13T01:27:08+08:00
Planer	vn	 -- en l'air	翱翔在天空	ziang ’la k‘ong tsong		翔拉空中		434		true	自旧档汇入	2026-04-13T01:27:08+08:00
Planer	vn	 -- en l'air	翱翔在天空	fi yang’		飛漾	飛翔	434	特殊	true	自旧档汇入	2026-04-13T01:27:08+08:00
Planète	sf		行星	yeng sing		行星		434		true	自旧档汇入	2026-04-13T01:27:08+08:00
Plant	sm		苗	zu’ yang 		樹秧		434		true	自旧档汇入	2026-04-13T01:27:08+08:00
Plant	sm		苗	h‘ouo yang		花秧		434		true	自旧档汇入	2026-04-13T01:27:08+08:00
Plant	sm	 -- riz	秧苗	yang		秧		434		true	自旧档汇入	2026-04-13T01:27:08+08:00
Plantain	sm		车前属 	ts‘ouo zié ’ts‘ao		車前草		434		true	自旧档汇入	2026-04-13T01:27:08+08:00
Plantain	sm		车前属 	’lao gneû zéh		老牛舌		434		true	自旧档汇入	2026-04-13T01:27:08+08:00
Plante	sf		花草	h‘ouo ’ts‘ao 		花草		434		true	自旧档汇入	2026-04-13T01:27:08+08:00
Plante	sf		花草	’ts‘ao moh		草木		434		true	自旧档汇入	2026-04-13T01:27:08+08:00
Plante	sf	Fig. -- du pied	脚底	kiah ’pè		脚板		434		true	自旧档汇入	2026-04-13T01:27:08+08:00
Plante	sf	Fig. -- du pied	脚底	kiah ’ti		脚底		434		true	自旧档汇入	2026-04-13T01:27:08+08:00
Planter	va		种植	tsong’		種		435		true	自旧档汇入	2026-04-13T01:27:08+08:00
Planter	va		种植	tsai		栽		435		true	自旧档汇入	2026-04-13T01:27:08+08:00
Planter	va	 -- un drapeau	插旗	ts‘èh ghi		插旗		435		true	自旧档汇入	2026-04-13T01:27:08+08:00
Planter	va	 -- un poteau	插杆	ts‘èh moh tsaong(tsaong deû)		插木樁（樁頭）		435		true	自旧档汇入	2026-04-13T01:27:08+08:00
Planure	sf		木屑	bao’ h‘ouo		刨花		435		true	自旧档汇入	2026-04-13T01:27:08+08:00
Plaque	sf		贴金	’pè		板		435		true	自旧档汇入	2026-04-13T01:27:08+08:00
Plaque	sf		贴金	p‘ié’		片		435		true	自旧档汇入	2026-04-13T01:27:08+08:00
Plaque	sf		贴金	bi		皮		435		true	自旧档汇入	2026-04-13T01:27:08+08:00
Plaque	sf	 -- de marbre	大理石板	h‘ouo zah ’pè		花石板		435		true	自旧档汇入	2026-04-13T01:27:08+08:00
Plaqueminier	sm		柿树	’ze ’tse zu’ [ih k‘ou]		柿子樹[一棵]		435		true	自旧档汇入	2026-04-13T01:27:08+08:00
Plaqueminier	sm	Son fruit	果实	’ze ’tse 		柿子		435		true	自旧档汇入	2026-04-13T01:27:08+08:00
Plaqueminier	sm	,, ,, desséché	柿饼	’ze ’ping		柿餅		435		true	自旧档汇入	2026-04-13T01:27:08+08:00
Plastron	sm		胸甲	wou’ ’hiong kèh	wou’ hiong kèh	護胸甲		435		true	自旧档汇入	2026-04-13T01:27:08+08:00
Plastron	sm		胸甲	wou’ sin kieng’		護心鏡		435		true	自旧档汇入	2026-04-13T01:27:08+08:00
Plastron	sm	Fig. Servir de --	取笑对象	tsou’(taong) wo’ ping’		做（當）話柄		435		true	自旧档汇入	2026-04-13T01:27:08+08:00
Plat	sm		餐盘	bé		盤		435		true	自旧档汇入	2026-04-13T01:27:08+08:00
Plat	sm		餐盘	ben ’tse		盆子		435		true	自旧档汇入	2026-04-13T01:27:08+08:00
Plat	sm		餐盘	diéh ’tse		碟子		435		true	自旧档汇入	2026-04-13T01:27:08+08:00
Plat	sm	Un -- de viande 	一盘肉	ih bé gnôh		一盤肉		435		true	自旧档汇入	2026-04-13T01:27:08+08:00
Plat	sm	Œufs sur le --	盘子上的鸡蛋	hong ki dè’	h‘ong ki dè’	烘鷄蛋		435		true	自旧档汇入	2026-04-13T01:27:08+08:00
Plat	sm	Mets	菜	’siao ts‘ai’		小菜		435		true	自旧档汇入	2026-04-13T01:27:08+08:00
Plat	sm	Combien de --s	有几样菜	’ki yang’ ’siao ts‘ai’		幾樣小菜		435		true	自旧档汇入	2026-04-13T01:27:08+08:00
Plat	sm	3 --s gras et 3 maigres	三荤三素	sè hoen sè sou’	sè h‘oen sè sou’	三葷三素		435		true	自旧档汇入	2026-04-13T01:27:08+08:00
Plat	adj	Uni	平坦	bing		平		435		true	自旧档汇入	2026-04-13T01:27:08+08:00
Plat	adj	Uni	平坦	ih t‘aong bing		一[車尚]平		435	一作“一淌平”	true	自旧档汇入	2026-04-13T01:27:08+08:00
Plat	adj	Aplati	扁的	’pié ke’		匾个	扁个	435		true	自旧档汇入	2026-04-13T01:27:08+08:00
Plateau	sm		托盘	bé 		盤		435		true	自旧档汇入	2026-04-13T01:27:08+08:00
Plateau	sm		托盘	t‘oh bé		托盤		435		true	自旧档汇入	2026-04-13T01:27:08+08:00
Plateau	sm	Terrain élevé	高原	kao deû di’		高頭地		435		true	自旧档汇入	2026-04-13T01:27:08+08:00
Plateau	sm	Terrain élevé	高原	kao gneu		高原		435		true	自旧档汇入	2026-04-13T01:27:08+08:00
Platée	sf	de haricots	豆子	ih ben ’tse deû’		一盆子豆		435		true	自旧档汇入	2026-04-13T01:27:08+08:00
Plate-forme	sf		平台	dai		臺		435		true	自旧档汇入	2026-04-13T01:27:08+08:00
Plate-forme	sf		平台	lou’ dai		露臺		435		true	自旧档汇入	2026-04-13T01:27:08+08:00
Plate-forme	sf	 -- toit plat	平顶	bing ’ting		平頂		435		true	自旧档汇入	2026-04-13T01:27:08+08:00
Platine	sm		白金	bah kien 		白金		435		true	自旧档汇入	2026-04-13T01:27:08+08:00
Platine	sm		白金	bôh		鉑		435		true	自旧档汇入	2026-04-13T01:27:08+08:00
Plâtre	sm		石膏	zah kao		石膏		435		true	自旧档汇入	2026-04-13T01:27:08+08:00
Plausible	adj		说得过去的	ziang’ ze’ ke’		像是个		435		true	自旧档汇入	2026-04-13T01:27:08+08:00
Plausible	adj	Pas --	不可信	véh ’k‘o sin’ ke’		勿可信个		435		true	自旧档汇入	2026-04-13T01:27:08+08:00
Pléiades	sf.pl		昴星团	’mao sing		昴星		435		true	自旧档汇入	2026-04-13T01:27:08+08:00
Pléiades	sf.pl		昴星团	zen sing		辰星		435		true	自旧档汇入	2026-04-13T01:27:08+08:00
Plein	adj	Rempli	满	’mé		滿		435		true	自旧档汇入	2026-04-13T01:27:08+08:00
Plein	adj	Rempli	满	ts‘ong tsôh		充足		435		true	自旧档汇入	2026-04-13T01:27:08+08:00
Plein	adj	Rempli	满	’mé tsôh		滿足		435		true	自旧档汇入	2026-04-13T01:27:08+08:00
Plein	adj	L'épi est --	麦穗熟了	séh deû ’pao ’mé 		稡頭飽滿	穡頭飽滿	435		true	自旧档汇入	2026-04-13T01:27:08+08:00
Plein	adj	L'épi est --	麦穗熟了	zè		綻		435	原作“[麥毚]”	true	自旧档汇入	2026-04-13T01:27:08+08:00
Plein	adj	Ventre --	肚子吃饱了	k‘ieh ’pao ’tsé		吃飽者		435		true	自旧档汇入	2026-04-13T01:27:08+08:00
Plein	adj	Ventre --	肚子吃饱了	’dou ’li ’pao		肚裏飽		435		true	自旧档汇入	2026-04-13T01:27:08+08:00
Plein	adj	À --e bouche	嘴巴吃满了	’mé ’tse		滿嘴		435		true	自旧档汇入	2026-04-13T01:27:08+08:00
Plein	adj	À --e bouche	嘴巴吃满了	’mé ’k‘eû		滿口		435		true	自旧档汇入	2026-04-13T01:27:08+08:00
Plein	adj	À --e bouche	嘴巴吃满了	ih ’k‘eû		一口		435		true	自旧档汇入	2026-04-13T01:27:08+08:00
Plein	adj	 --e lune	满月	gneuh yeu(’mé)		月圓（滿）		435		true	自旧档汇入	2026-04-13T01:27:08+08:00
Plein	adj	 --e lune	满月	gneuh pé’		月半		435		true	自旧档汇入	2026-04-13T01:27:08+08:00
Plein	adj	Non creux, massif	没有空缺，实心	zéh sin ke’		實心个		435		true	自旧档汇入	2026-04-13T01:27:08+08:00
Plein	adj	Non creux, massif	没有空缺，实心	kiéh zéh ke’		結實个		435		true	自旧档汇入	2026-04-13T01:27:08+08:00
Plein	adj	Complet : un jour --	一整天	wéh len ih gnéh kong fou		囫圇一日工夫		435		true	自旧档汇入	2026-04-13T01:27:08+08:00
Plein	adj	Complet : un jour --	一整天	ih ke’ tseû’ ze		一個晝時		435		true	自旧档汇入	2026-04-13T01:27:08+08:00
Plein	adj	Il n'y a pas un mois	不到一个月	véh ’mé ih ke’ gneuh		勿滿一個月		435		true	自旧档汇入	2026-04-13T01:27:08+08:00
Plein	adj	En --e rue	满大街	’la taong ka lou’		拉當街路		435		true	自旧档汇入	2026-04-13T01:27:08+08:00
Plein	adj	Fig. -- de soi-même	自满	ze’ ’mé ze’ tsôh 		自滿自足		435		true	自旧档汇入	2026-04-13T01:27:08+08:00
Plein	adj	Fig. -- de soi-même	自满	sin kiao k‘i’ ngao’		心驕氣傲		435		true	自旧档汇入	2026-04-13T01:27:08+08:00
Plein	adj	Avoir de l'or -- ses poches 	盆满钵满	wou pao dai’ ’li tsah tsôh		荷包袋裏著足		435	待定	true	自旧档汇入	2026-04-13T01:27:08+08:00
Pleinement 	adj		充分	zié		全		435		true	自旧档汇入	2026-04-13T01:27:08+08:00
Pleinement 	adj		充分	wé wé zié zié		完完全全		435		true	自旧档汇入	2026-04-13T01:27:08+08:00
Plénipotentiaire	sm		全权代表	zié ghieu da’ zen		全權大臣		435		true	自旧档汇入	2026-04-13T01:27:08+08:00
Pleurer	vn		哭	loh (ts‘éh)’ngè li’		落（出）眼淚		435		true	自旧档汇入	2026-04-13T01:27:08+08:00
Pleurer	vn	 -- et gémir	哭并呻吟	k‘ôh		哭		435		true	自旧档汇入	2026-04-13T01:27:08+08:00
pleurer	vn	Ne pleure pas!	别哭	véh yao’ k‘ôh!		勿要哭		436		true	自旧档汇入	2026-04-13T01:27:08+08:00
pleurer	va	- les morts	哀悼死者	tiao’ hao’	tiao’ h‘ao’	吊孝		436		true	自旧档汇入	2026-04-13T01:27:08+08:00
pleurer	va	- les morts	哀悼死者	tiao’ saong		吊喪		436		true	自旧档汇入	2026-04-13T01:27:08+08:00
pleurésie	sf		胸膜炎	fi’ pao gnéh		肺胞熱		436		true	自旧档汇入	2026-04-13T01:27:08+08:00
pleurésie	sf		胸膜炎	ts‘e’ leh saong heu		刺肋傷寒		436		true	自旧档汇入	2026-04-13T01:27:08+08:00
pleurs	sm. pl.		流泪	’ngè li’		眼淚		436		true	自旧档汇入	2026-04-13T01:27:08+08:00
pleurs	sm. pl.	Verser des -	流泪	ih pouo ’ngè li’	ih ’pouo ’ngè li’	一把眼淚		436		true	自旧档汇入	2026-04-13T01:27:08+08:00
pleuvoir	v. imp.		下雨	loh ’yu		落雨		436		true	自旧档汇入	2026-04-13T01:27:08+08:00
pleuvoir	v. imp.		下雨	’yu loh		雨落		436		true	自旧档汇入	2026-04-13T01:27:08+08:00
pleuvoir	v. imp.	Il va -	要下雨了	yao’ loh ’yu		要落雨		436		true	自旧档汇入	2026-04-13T01:27:08+08:00
pleuvoir	v. imp. Fig.		纷纷落下，倾泻	ziang’ ’yu neng tou		像雨能多		436		true	自旧档汇入	2026-04-13T01:27:08+08:00
pli	sm		褶子，裥，褶痕 	tséh kè		摺襉	褶襉	436		true	自旧档汇入	2026-04-13T01:27:08+08:00
pli	sm		褶子，裥，褶痕 	tseû’ kè		[衤芻]襉	皺襉	436	待定	true	自旧档汇入	2026-04-13T01:27:08+08:00
pli	sm	Il y a un -	有一个褶子 	’yeû ih k‘oei’ tseû’ lai		有一塊[衤芻]來	有一塊皺來	436	待定 字、標點	true	自旧档汇入	2026-04-13T01:27:08+08:00
pli	sm	Lettre. Document.	信封；信	tséh ’tse		摺子	褶子	436		true	自旧档汇入	2026-04-13T01:27:08+08:00
pli	sm	- du bras	肘弯	pi’ wè		臂彎		436		true	自旧档汇入	2026-04-13T01:27:08+08:00
pli	sm	- du jarret	腿弯	’t‘ei (’p‘aong) wè		腿（膀）彎		436		true	自旧档汇入	2026-04-13T01:27:08+08:00
pli	sm	Cela ne fait pas un -	这不成问题。这是十拿九稳的。	kou’ ke’ véh seu’ vè nè ke’		箇个勿算煩難个		436		true	自旧档汇入	2026-04-13T01:27:08+08:00
pli	sm	Cela ne fait pas un -	这不成问题。这是十拿九稳的。	’h‘ao bè’ ke’		好辦个		436		true	自旧档汇入	2026-04-13T01:27:08+08:00
pli	sm	Prendre un mauvais -	养成坏习惯	sang mao bing’		生毛病		436		true	自旧档汇入	2026-04-13T01:27:08+08:00
pli	sm	Prendre un mauvais -	养成坏习惯	oh zih		惡習		436		true	自旧档汇入	2026-04-13T01:27:08+08:00
pliable	adj		可折叠的，易弯曲的，柔软的	tséh teh ’long ke’		摺得攏个		436		true	自旧档汇入	2026-04-13T01:27:08+08:00
pliable	adj		可折叠的，易弯曲的，柔软的	tséh teh ’tsé ke’		摺得轉个		436		true	自旧档汇入	2026-04-13T01:27:08+08:00
pliable	adj		可折叠的，易弯曲的，柔软的	yeu teh ’tsé ke’		[弓淵]得轉个	？得轉个	436	待定	true	自旧档汇入	2026-04-13T01:27:08+08:00
pliable	adj. Fig.	Souple	可折叠的，易弯曲的，柔软的	’gneu ’gneu ’tsé ’tsé		軟軟轉轉		436		true	自旧档汇入	2026-04-13T01:27:08+08:00
pliable	adj. Fig.	Souple	可折叠的，易弯曲的，柔软的	wou wou zen’ zen’		和和順順		436		true	自旧档汇入	2026-04-13T01:27:08+08:00
pliant	sm		马扎，帆布折凳	tséh yu’		摺椅		436		true	自旧档汇入	2026-04-13T01:27:08+08:00
pliant	sm		马扎，帆布折凳	’mô dèh yu’		馬踏椅		436		true	自旧档汇入	2026-04-13T01:27:08+08:00
pliant	sm		马扎，帆布折凳	wéh loh yu’		活絡椅		436	一作“活落”	true	自旧档汇入	2026-04-13T01:27:08+08:00
plier	va	du linge	折叠衣物	tséh i zaong		摺衣裳		436		true	自旧档汇入	2026-04-13T01:27:08+08:00
plier	va	du linge	折叠衣物	tséh ’k‘i lai		摺起來		436		true	自旧档汇入	2026-04-13T01:27:08+08:00
plier	va	- en 4	折四折	tséh se’ tséh		摺四摺		436		true	自旧档汇入	2026-04-13T01:27:08+08:00
plier	va	- du papier	折纸	’tse deû tséh ’long lai		紙頭摺攏來		436		true	自旧档汇入	2026-04-13T01:27:08+08:00
plier	va	Courber : - [un fil de fer]	使弯曲	wè ih wè		彎一彎		436		true	自旧档汇入	2026-04-13T01:27:08+08:00
plier	va	Courber : - [un fil de fer]	使弯曲	k‘iôh ’tsé lai		曲轉來		436		true	自旧档汇入	2026-04-13T01:27:08+08:00
plier	va	Courber : - [un fil de fer]	使弯曲	pè ’k‘i lai		班起來	？	436	待定 一作“[扌班]”	true	自旧档汇入	2026-04-13T01:27:08+08:00
plier	va	Courber : - [un fil de fer]	使弯曲	’ao		椏	拗	436		true	自旧档汇入	2026-04-13T01:27:08+08:00
plier	va	- [les genoux]	使弯曲	wè ih wè		彎一彎		436		true	自旧档汇入	2026-04-13T01:27:08+08:00
plier	va	- [les genoux]	使弯曲	bou’ ih bou’		哺一哺	伏一伏	436	待定	true	自旧档汇入	2026-04-13T01:27:08+08:00
plier	va. Fig.	#NAME?	退却	dao ’tseû		逃走		436		true	自旧档汇入	2026-04-13T01:27:08+08:00
plier	vr. Fig.	Se - à l'humeur de qqn. 	屈服，屈从	gnang’		讓		436		true	自旧档汇入	2026-04-13T01:27:08+08:00
plier	vr. Fig.	Se - à l'humeur de qqn. 	屈服，屈从	tsao’ biéh gnen ke’ i’ se		照别人个意思		436		true	自旧档汇入	2026-04-13T01:27:08+08:00
plisser	va	un surplis	把宽袖白色法衣做出褶子	tséh ’teu bah i		摺短白衣		436		true	自旧档汇入	2026-04-13T01:27:08+08:00
plomb	sm		铅	k‘è		鉛		436		true	自旧档汇入	2026-04-13T01:27:08+08:00
plomb	sm	Balle en -	铅弹	k‘è ’tse		鉛子		436		true	自旧档汇入	2026-04-13T01:27:08+08:00
plomb	sm	- de chasse	猎枪弹	k‘è tsu		鉛珠		436		true	自旧档汇入	2026-04-13T01:27:08+08:00
plomb	sm	- de chasse	猎枪弹	souo ’tse		沙子		436		true	自旧档汇入	2026-04-13T01:27:08+08:00
plomb	sm	À - . loc.adv.	垂直地	zu’ ke’		竪个		436		true	自旧档汇入	2026-04-13T01:27:08+08:00
plomb	sm	À - . loc.adv.	垂直地	zeh ke’		直个		436		true	自旧档汇入	2026-04-13T01:27:08+08:00
plomb	sm	Fil à -	铅丝	kouo’ (tiao’) sié’		掛（吊）綫		436		true	自旧档汇入	2026-04-13T01:27:08+08:00
plomber	va		包铅，灌铅，挂铅锤子	pao k‘è		包鉛		436		true	自旧档汇入	2026-04-13T01:27:08+08:00
plombier	sm		铅作工人，铅工	k‘è ziang’		鉛匠		436		true	自旧档汇入	2026-04-13T01:27:08+08:00
plombier	sm		铅作工人，铅工	sieh ziang’		錫匠		436		true	自旧档汇入	2026-04-13T01:27:08+08:00
plonger	va	- dans l'eau	浸入	tsin’ ’la ’se ’li		浸拉水裏		436		true	自旧档汇入	2026-04-13T01:27:08+08:00
plonger	vn		潜水，钻入水下，下潜	zen ’hao k‘i’		沉下去		436		true	自旧档汇入	2026-04-13T01:27:08+08:00
plonger	vr	Se - dans l'étude de ...	沉浸在学习中	tsé men dôh su		專門讀書		436		true	自旧档汇入	2026-04-13T01:27:08+08:00
ployer	va		使弯曲	wè		彎		436		true	自旧档汇入	2026-04-13T01:27:08+08:00
ployer	va		使弯曲	k‘iôh ’tsé lai		曲轉來		436		true	自旧档汇入	2026-04-13T01:27:08+08:00
ployer	va		使弯曲	’ao		椏	拗	436		true	自旧档汇入	2026-04-13T01:27:08+08:00
ployer	vn		弯曲，变弯	eû ’hao lai		傴下來		436		true	自旧档汇入	2026-04-13T01:27:08+08:00
ployer	vn		弯曲，变弯	’gneu ’hao lai		軟下來		436		true	自旧档汇入	2026-04-13T01:27:08+08:00
pluie	sf		雨；下雨	’yu		雨		437		true	自旧档汇入	2026-04-13T01:27:08+08:00
pluie	sf	- d'orage	雷雨，暴雨	ih zen’ ’yu		一陣雨		437		true	自旧档汇入	2026-04-13T01:27:08+08:00
pluie	sf	#NAME?	连绵不绝的雨水	ih zang ’yu		一場雨		437		true	自旧档汇入	2026-04-13T01:27:08+08:00
pluie	sf	#NAME?	倾盆大雨；暴雨	wang bao’ ’yu		横暴雨		437		true	自旧档汇入	2026-04-13T01:27:08+08:00
pluie	sf	#NAME?	倾盆大雨；暴雨	k‘ieng ben da’ ’yu		傾盆大雨		437		true	自旧档汇入	2026-04-13T01:27:08+08:00
pluie	sf	#NAME?	细雨	si’ ’yu		細雨		437		true	自旧档汇入	2026-04-13T01:27:08+08:00
pluie	sf	- très fine	细雨	’siao mong h‘ouo ’yu		小濛花雨		437		true	自旧档汇入	2026-04-13T01:27:08+08:00
plumage	sm		鸟的一身羽毛	’tiao mao		窵毛	鳥毛	437		true	自旧档汇入	2026-04-13T01:27:08+08:00
plumage	sm	Perdre son -	去毛	t‘euh mao		脱毛		437		true	自旧档汇入	2026-04-13T01:27:08+08:00
plume	sf		羽毛	mao (ih ken)		毛(一根)		437		true	自旧档汇入	2026-04-13T01:27:08+08:00
plume	sf		羽毛	’tiao mao		窵毛	鳥毛	437		true	自旧档汇入	2026-04-13T01:27:08+08:00
plume	sf		羽毛	’yu mao		羽毛		437		true	自旧档汇入	2026-04-13T01:27:08+08:00
plume	sf	Grosse - de l'aile	翅膀上的大羽毛	ling ’tse		翎子		437		true	自旧档汇入	2026-04-13T01:27:08+08:00
plume	sf	- d'oie pour écrire	鹅毛笔	ngou mao pieh		鵝毛筆		437		true	自旧档汇入	2026-04-13T01:27:08+08:00
plume	sf	#NAME?	钢笔尖	kaong pieh deû		鋼筆頭		437		true	自旧档汇入	2026-04-13T01:27:08+08:00
plumeau	sm		羽毛掸子	ki mao ’teu ’tseû		鷄毛[扌㡭]帚	鷄毛撣帚	437		true	自旧档汇入	2026-04-13T01:27:08+08:00
plumeau	sm	Épousseter avec un -	用羽毛掸子除尘	’teu ’teu bong zen		[扌㡭][扌㡭]塳塵	撣撣塳塵	437	待定	true	自旧档汇入	2026-04-13T01:27:08+08:00
plumer	va		拔羽毛，煺毛	béh mao	bèh mao	拔毛		437		true	自旧档汇入	2026-04-13T01:27:08+08:00
plumer	va		拔羽毛，煺毛	t‘ei t‘éh mao		推脱毛		437		true	自旧档汇入	2026-04-13T01:27:08+08:00
plumer	va		拔羽毛，煺毛	’sié (’li) mao		㧥（理）毛	？	437	待定	true	自旧档汇入	2026-04-13T01:27:08+08:00
plumet	sm		翎毛，羽饰	ling ’tse		翎子		437		true	自旧档汇入	2026-04-13T01:27:08+08:00
plupart	sf	(La)	大多数人，大部分人；其中大多数，其中大部分	da’ kai’ gnen		大概人		437		true	自旧档汇入	2026-04-13T01:27:08+08:00
plupart	sf	(La)	大多数人，大部分人；其中大多数，其中大部分	da’ (dou’) pé’		大半		437		true	自旧档汇入	2026-04-13T01:27:08+08:00
plus	adv		更，更加，更多	tou		多		437		true	自旧档汇入	2026-04-13T01:27:08+08:00
plus	adv		更，更加，更多	keng ka		更加		437		true	自旧档汇入	2026-04-13T01:27:08+08:00
plus	adv		更，更加，更多	’yu ka	yu’ ka	愈加		437		true	自旧档汇入	2026-04-13T01:27:08+08:00
plus	adv	- grand que lui	比他高	’pi i zang (kao)		比伊長（高）		437		true	自旧档汇入	2026-04-13T01:27:08+08:00
plus	adv	Il y en a trois fois -	有三倍多	’yeû sè bei’ tou		有三倍多		437		true	自旧档汇入	2026-04-13T01:27:08+08:00
plus	adv	Il y en a trois fois -	有三倍多	tou sè bei’ 		多三倍		437		true	自旧档汇入	2026-04-13T01:27:08+08:00
plus	adv	- de verts que de mûrs	生的比熟的多	sang ke’ tou zôh ke’ ’sao		生个多熟个少		437		true	自旧档汇入	2026-04-13T01:27:08+08:00
plus	adv	- de vingt sapèques	二十多个铜钱	gnè’ nga’ ke’ dong dié		廿外個銅錢		437		true	自旧档汇入	2026-04-13T01:27:08+08:00
plus	adv	Dix ans et -	十岁及十岁以上	zéh gné tou (k‘oé) 		十年多（寬）		437		true	自旧档汇入	2026-04-13T01:27:08+08:00
plus	adv	Un peu -	稍微多些	tou ’tié		多點		437		true	自旧档汇入	2026-04-13T01:27:08+08:00
plus	adv	Un peu -	稍微多些	tou ih ’ngè		多一眼		437		true	自旧档汇入	2026-04-13T01:27:08+08:00
plus	adv	Un peu -	稍微多些	liah wei tou ’tié		略爲多点		437		true	自旧档汇入	2026-04-13T01:27:08+08:00
plus	adv	Il y a - de 3 piastres	有三块多银圆	véh ’ba sè yeu		勿罷三圓		437		true	自旧档汇入	2026-04-13T01:27:08+08:00
plus	adv	Il y a - de 4 piastres	有三块多银圆	sè k‘oei’ tou yang dié		三塊多洋錢		437		true	自旧档汇入	2026-04-13T01:27:08+08:00
plus	adv	Il n'y a pas - de 3 $	没有三块钱	péh kou’ sè ke’ yang dié		不過三個洋錢		437		true	自旧档汇入	2026-04-13T01:27:08+08:00
plus	adv	De -. En outre	此外，再者，而且	ling’ nga’		另外		437		true	自旧档汇入	2026-04-13T01:27:08+08:00
plus	adv	De -. En outre	此外，再者，而且	hoang’ ’ts‘ia 	h‘oang’ ’ts‘ia 	况且		437		true	自旧档汇入	2026-04-13T01:27:08+08:00
plus	adv	De -. En outre	此外，再者，而且	’ping ’ts‘ia 		并且		437	原作“幷且”	true	自旧档汇入	2026-04-13T01:27:08+08:00
plus	adv	De -. En outre	此外，再者，而且	eul ’ts‘ia 		而且		437		true	自旧档汇入	2026-04-13T01:27:08+08:00
plus	adv	De - en - détestable	越来越坏	yeuh long’ yeuh k‘ieû		越弄越恘		437		true	自旧档汇入	2026-04-13T01:27:08+08:00
plus	adv	De - en - détestable	越来越坏	ih wei véh ’h‘ao ih wei		一回勿好一回		437		true	自旧档汇入	2026-04-13T01:27:08+08:00
plus	adv	-..., -	越…越…	yeuh ... yeuh		越…越		437		true	自旧档汇入	2026-04-13T01:27:08+08:00
plus	adv	- il a, - il veut	拥有的越多，想要的就越多	yeuh tou yeuh yao’		越多越要		437		true	自旧档汇入	2026-04-13T01:27:08+08:00
plus	adv	- il y en a, mieux ça vaut	越多越好	yeuh tou yeuh ’h‘ao		越多越好		437		true	自旧档汇入	2026-04-13T01:27:08+08:00
plus	adv	Le - tôt sera le mieux	越快越好	yeuh ’tsao yeuh ’h‘ao		越早越好		437		true	自旧档汇入	2026-04-13T01:27:08+08:00
plus	adv	Au -. Tout au -.	至多	tse’ tou		至多		437		true	自旧档汇入	2026-04-13T01:27:08+08:00
plus	adv	Au -. Tout au -.	至多	’ting tou		頂多		437		true	自旧档汇入	2026-04-13T01:27:08+08:00
plus	adv	Le -. Superlatif. 	最	tsu’		最		437		true	自旧档汇入	2026-04-13T01:27:08+08:00
plus	adv	Le -. Superlatif. 	最	’ting		頂		437		true	自旧档汇入	2026-04-13T01:27:08+08:00
plus	adv	Le -. Superlatif. Le - âgé.	最	’ting dou’		頂大		437	注音有分号	true	自旧档汇入	2026-04-13T01:27:08+08:00
plus	adv	Ne -: je n'ose -	我不敢了	’ngou véh ’ké ’tsé		我勿敢者		437		true	自旧档汇入	2026-04-13T01:27:08+08:00
plus	adv	Ne -: je n'ose -	我不敢了	’nai véh tsou’ ’tsé		乃勿做者		437		true	自旧档汇入	2026-04-13T01:27:08+08:00
plus	adv	Non -	也不	’a véh		也勿		438		true	自旧档汇入	2026-04-13T01:27:08+08:00
plus	adv	Je n'y vais pas non -	我也不会去	’ngou ’a véh k‘i’		我也勿去		438		true	自旧档汇入	2026-04-13T01:27:08+08:00
plus	adv	- (arithm.) 2+5	加号	’liang ’lao ’n		兩咾五		438		true	自旧档汇入	2026-04-13T01:27:08+08:00
plus	adv	- (arithm.) 2+5	加号	’liang ka ’n		兩加五		438		true	自旧档汇入	2026-04-13T01:27:08+08:00
plusieurs	adj		几个，好几个	’ki ke’		幾个		438		true	自旧档汇入	2026-04-13T01:27:08+08:00
plusieurs	adj		几个，好几个	tou		多		438		true	自旧档汇入	2026-04-13T01:27:08+08:00
plusieurs	adj		几个，好几个	tou h‘ouo’		多化		438		true	自旧档汇入	2026-04-13T01:27:08+08:00
plusieurs	adj	#NAME?	几次	’h‘ao ’ki (ta) wei		好幾（多）回		438		true	自旧档汇入	2026-04-13T01:27:08+08:00
plutôt	adv		宁愿，宁可	gneng ’k‘o		寧可		438		true	自旧档汇入	2026-04-13T01:27:08+08:00
plutôt	adv		宁愿，宁可	gneng ’se		寧使		438		true	自旧档汇入	2026-04-13T01:27:08+08:00
plutôt	adv	- mourir que d'apostasier	宁愿死也不叛教	zing gneu’ ’si véh pei’ kiao’		情願死勿背教		438		true	自旧档汇入	2026-04-13T01:27:08+08:00
pluvial	adj	Eau -e	雨水	’yu ’se		雨水		438		true	自旧档汇入	2026-04-13T01:27:08+08:00
pluvial	adj	Eau -e	雨水	t‘ié loh ’se		天落水		438		true	自旧档汇入	2026-04-13T01:27:08+08:00
pluvieux	adj	(Temps)	下雨的天气	loh ’yu t‘ié seh		落雨天色		438		true	自旧档汇入	2026-04-13T01:27:08+08:00
pluvieux	adj	Climat -	多雨的气候	tou ’yu ke’ di’ faong		多雨个地方		438		true	自旧档汇入	2026-04-13T01:27:08+08:00
pneumatique	sf		气动力学，气体力学	k‘i’ yah		氣學		438		true	自旧档汇入	2026-04-13T01:27:08+08:00
pneumatique	sf		气动力学，气体力学	k‘i’ tséh yah		氣質學		438		true	自旧档汇入	2026-04-13T01:27:08+08:00
pneumatique	adj	Machine -	抽气机	ts‘eû k‘i’ dong		抽氣筒		438		true	自旧档汇入	2026-04-13T01:27:08+08:00
poche	sf		衣袋，口袋	dai’		袋		438		true	自旧档汇入	2026-04-13T01:27:08+08:00
poche	sf		衣袋，口袋	’k‘eû dai’		口袋		438		true	自旧档汇入	2026-04-13T01:27:08+08:00
poche	sf		衣袋，口袋	’dou teû		肚兜		438		true	自旧档汇入	2026-04-13T01:27:08+08:00
poche	sf	Livre de -	袖珍书	zieû’ tsen		袖珍		438		true	自旧档汇入	2026-04-13T01:27:08+08:00
poche	sf	Argent de -	零用钱	ling yong’ dong dié		零用銅錢		438		true	自旧档汇入	2026-04-13T01:27:08+08:00
poêle	sm		火炉，炉子	’h‘ou lou 		火爐		438		true	自旧档汇入	2026-04-13T01:27:08+08:00
poêle	sm		火炉，炉子	hong lou	h‘ong lou	烘爐		438		true	自旧档汇入	2026-04-13T01:27:08+08:00
poêle	sm		火炉，炉子	t‘ih tsao’		鐵竈		438	待定 虽然是竉 但是读音同罩	true	自旧档汇入	2026-04-13T01:27:08+08:00
poêle	sm	Drap mortuaire	柩衣，棺罩	koé tsao’		棺罩		438		true	自旧档汇入	2026-04-13T01:27:08+08:00
poêle	sm	Drap mortuaire	柩衣，棺罩	tsu ’se pou’		追死布		438		true	自旧档汇入	2026-04-13T01:27:08+08:00
poêle	sf		长柄平底锅	bing ’ti kou		平底鍋		438		true	自旧档汇入	2026-04-13T01:27:08+08:00
poème 	sm	poésie. sf.	诗，诗篇	se		詩		438	两词并立且中文没有分号；放在注释里	true	自旧档汇入	2026-04-13T01:27:08+08:00
poème 	sm	poésie. sf.	诗，诗篇	ih ’seû se		一首詩		438		true	自旧档汇入	2026-04-13T01:27:08+08:00
poète	sm		诗人	se zen (gnen)		詩人		438		true	自旧档汇入	2026-04-13T01:27:08+08:00
poète	sm		诗人	se kia		詩家		438		true	自旧档汇入	2026-04-13T01:27:08+08:00
poids	sm		重量，重；分量	ven’ ’liang		分兩		438	待定 有圈	true	自旧档汇入	2026-04-13T01:27:08+08:00
poids	sm		重量，重；分量	kien ’liang		斤兩		438		true	自旧档汇入	2026-04-13T01:27:08+08:00
poids	sm	Quel est le - ?	多少重？	ki ’h‘ao ’zong? 		幾好重		438		true	自旧档汇入	2026-04-13T01:27:08+08:00
poids	sm	- de la romaine	秤砣	ts‘eng’ dou		秤砣		438		true	自旧档汇入	2026-04-13T01:27:08+08:00
poids	sm	- de la balance à 2 plasures	砝码	fèh ’mô		法碼	砝碼	438		true	自旧档汇入	2026-04-13T01:27:08+08:00
poids	sm	- de la balance à 2 plasures	砝码	’mô ’tse		碼子		438		true	自旧档汇入	2026-04-13T01:27:08+08:00
poids	sm	- d'horloge	钟锤	tsong ze		鐘錘	鐘縋	438		true	自旧档汇入	2026-04-13T01:27:08+08:00
poids	sm.Fig	Avoir 2 - et 2 mesures	有两套衡量标准；不一视同仁	se sin		私心		438		true	自旧档汇入	2026-04-13T01:27:08+08:00
poids	sm.Fig	Avoir 2 - et 2 mesures	有两套衡量标准；不一视同仁	’dai gnen ’liang yang’ ’dai fèh		待人兩樣待法		438		true	自旧档汇入	2026-04-13T01:27:08+08:00
poignant	adj		使人伤心的，使人心碎的	li’ hai’		利害		438		true	自旧档汇入	2026-04-13T01:27:08+08:00
poignant	adj		使人伤心的，使人心碎的	saong sin teh ghieh		傷心得極		438		true	自旧档汇入	2026-04-13T01:27:08+08:00
poignant	adj	Douleur -e	极度痛苦	tsié li’ ke’ t‘ong’ ’k‘ou		尖利个痛苦		438		true	自旧档汇入	2026-04-13T01:27:08+08:00
poignard	sm		匕首，短刀	tsié tao		尖刀		438		true	自旧档汇入	2026-04-13T01:27:08+08:00
poignard	sm		匕首，短刀	yao tao		腰刀		438		true	自旧档汇入	2026-04-13T01:27:08+08:00
poignard	sm		匕首，短刀	ts‘e’ tao [ih ’pouo]		刺刀[一把]		438		true	自旧档汇入	2026-04-13T01:27:08+08:00
poignée	sf		匕首，短刀	ih ’pouo		一把		438		true	自旧档汇入	2026-04-13T01:27:08+08:00
poignée	sf	- de main	握手	k‘ié ’seû		牽手		438		true	自旧档汇入	2026-04-13T01:27:08+08:00
poignée	sf	- de main	握手	’seû gnèh ’seû		手捏手		438		true	自旧档汇入	2026-04-13T01:27:08+08:00
poignée	sf	- d'un instrument	仪器的手柄	ping’		柄		438		true	自旧档汇入	2026-04-13T01:27:08+08:00
poignet	sm		腕，手腕	’seû ga’		手骱		438		true	自旧档汇入	2026-04-13T01:27:08+08:00
poignet	sm		腕，手腕	’seû wè’		手腕		438	待定	true	自旧档汇入	2026-04-13T01:27:08+08:00
poignet	sm		腕，手腕	mah sieh k‘ou		脉息窠		438		true	自旧档汇入	2026-04-13T01:27:08+08:00
poil	sm		毛	mao		毛		438		true	自旧档汇入	2026-04-13T01:27:08+08:00
poil	sm	Un -  de barbe	胡须	ih ken sou		一根鬚		438		true	自旧档汇入	2026-04-13T01:27:08+08:00
poil	sm	- sur les membres	四肢的汗毛	heu’ mao		汗毛		438		true	自旧档汇入	2026-04-13T01:27:08+08:00
poinçon	sm		锥子；穿孔器；凿子；钢印	tseu ’tse		錐子		438		true	自旧档汇入	2026-04-13T01:27:08+08:00
poinçon	sm		锥子；穿孔器；凿子；钢印	zé’ ’tse		射子		438		true	自旧档汇入	2026-04-13T01:27:08+08:00
poinçon	sm		锥子；穿孔器；凿子；钢印	tiao tao		雕刀		438		true	自旧档汇入	2026-04-13T01:27:08+08:00
poinçon	sm		锥子；穿孔器；凿子；钢印	ngang’ yen’		硬印		438		true	自旧档汇入	2026-04-13T01:27:08+08:00
poindre	vn		出土，发芽	fèh,ts‘éh,pao’ nga		發，出，報芽	發，出，爆芽	438	格式	true	自旧档汇入	2026-04-13T01:27:08+08:00
poindre	vn	Le riz commence à -	稻谷发芽	dao’ ’la fèh nga ’tsé	’dao ’la fèh nga ’tsé	稻粒發芽者		438		true	自旧档汇入	2026-04-13T01:27:08+08:00
poindre	vn	Dès que le jour ,, ,, -		tong faong ih dong’		東方一動		438		true	自旧档汇入	2026-04-13T01:27:08+08:00
poing	sm		拳，拳头	ghieû deû [ih ke’]		拳頭[一个]		439		true	自旧档汇入	2026-04-13T01:27:08+08:00
poing	sm	Se battre à coups de -. et de pied.	拳打脚踢	ghieû ’tang kiah t‘ih		拳打脚踢		439		true	自旧档汇入	2026-04-13T01:27:08+08:00
point	adv	Ne -	不，并不；没有，并没有	véh		勿		439	原注有“CF. Pas.”	true	自旧档汇入	2026-04-13T01:27:08+08:00
point	adv	- du tout	一点儿不；丝毫没有	tsong véh	’tsong véh	總勿		439		true	自旧档汇入	2026-04-13T01:27:08+08:00
point	adv	- du tout	一点儿不；丝毫没有	ih ’tié ih hao véh		一点一毫勿		439		true	自旧档汇入	2026-04-13T01:27:08+08:00
point	sm	de côté	胸痛	hiéh leh t‘ong’		脇肋痛		439		true	自旧档汇入	2026-04-13T01:27:08+08:00
point	sm	- de couture	针脚	tsen kiah		針脚		439		true	自旧档汇入	2026-04-13T01:27:08+08:00
point	sm	- de couture	针脚	sié’ kiah		綫脚		439		true	自旧档汇入	2026-04-13T01:27:08+08:00
point	sm	Coudre en - courant		bao tsen wong	bao tsen wong’	跑針縫		439		true	自旧档汇入	2026-04-13T01:27:08+08:00
point	sm	Coudre en arrière -		keû tsen wong	keû tsen wong’	鈎針縫		439		true	自旧档汇入	2026-04-13T01:27:08+08:00
point	sm	Marque	点；圆点	ih ’tié		一點		439		true	自旧档汇入	2026-04-13T01:27:08+08:00
point	sm	Marquer un -	做记号，作标记	’tié ih ’tié		點一點		439	现在引申为得分	true	自旧档汇入	2026-04-13T01:27:08+08:00
point	sm	Signe de ponctuation	句点，标点	k‘ieu		圈		439		true	自旧档汇入	2026-04-13T01:27:08+08:00
point	sm	Signe de ponctuation	句点，标点	’tié		點		439		true	自旧档汇入	2026-04-13T01:27:08+08:00
point	sm	Se réunir au même -	聚在一处	zu’ zih ’la ih k‘oei’ wou’ ’daong		聚集拉一塊户蕩		439		true	自旧档汇入	2026-04-13T01:27:08+08:00
point	sm	Se réunir au même -	聚在一处	zu’ ’la ih ts‘u’		聚拉一處		439		true	自旧档汇入	2026-04-13T01:27:08+08:00
point	sm	Faire le - (marine)	测定位置；测定船位	seu’ ding’ zé ts‘u’		算定船處		439		true	自旧档汇入	2026-04-13T01:27:08+08:00
point	sm	Prendre le -		ts‘eh sing ke’ dou’ sou’		測星个度數		439		true	自旧档汇入	2026-04-13T01:27:08+08:00
point	sm	Le - du jour	拂晓，黎明	t‘ié liang’		天亮		439		true	自旧档汇入	2026-04-13T01:27:08+08:00
point	sm	Je suis sur le - de finir	我即将完成	yao’ ’h‘ao k‘oa’ ’tsé		要好快者		439		true	自旧档汇入	2026-04-13T01:27:08+08:00
point	sm	J'ai été sur le - de...	我正要…	’ngou ki ki wou		我幾幾乎		439		true	自旧档汇入	2026-04-13T01:27:08+08:00
point	sm	Sur le - de mourir	临死	lin ’si ke’ ze heû’		臨死个時候		439		true	自旧档汇入	2026-04-13T01:27:08+08:00
point	sm	Sur le - de mourir	临死	ming’ zai’ fou hiéh		命在呼吸		439		true	自旧档汇入	2026-04-13T01:27:08+08:00
point	sm	Cuit à -	火候到了	’h‘ou heû’ tao’ pouo		火候到巴		439	待定	true	自旧档汇入	2026-04-13T01:27:08+08:00
point	sm	Vous êtes venu juste à -	你来得正是时候	nong’ lai teh tseng’ ’h‘ao		儂來得正好		439		true	自旧档汇入	2026-04-13T01:27:08+08:00
point	sm	Affaire : c'est là le -	这是重点	deû ih yang’ yao’ ’kien ke’ ze’ ’t‘i		頭一樣要緊个事體		439		true	自旧档汇入	2026-04-13T01:27:08+08:00
point	sm	Mais il y a encore un -	但是还有一点	wè ’yeû ih tsaong (ih ghié’ , ih yang’)		還有一庄（一件，一樣）	還有一樁（一件，一樣）	439	未收入字表	true	自旧档汇入	2026-04-13T01:27:08+08:00
point	sm	Degré ː pas au - de ...	还没到…的时候	véh tse’ yu		勿至於		439		true	自旧档汇入	2026-04-13T01:27:08+08:00
point	sm	Degré ː pas au - de ...	还没到…的时候	véh tao’		勿到		439		true	自旧档汇入	2026-04-13T01:27:08+08:00
point	sm	À ce - !		tao’ di’ ke’ di’ bou’		到第个地步		439		true	自旧档汇入	2026-04-13T01:27:08+08:00
point	sm	À ce - !		neng		能		439		true	自旧档汇入	2026-04-13T01:27:08+08:00
point	sm	Au - d'exposer sa vie	到了致命的地步	zeh tao’ tse’ ming’ ke’ di’ bou’		直到致命个地步		439		true	自旧档汇入	2026-04-13T01:27:08+08:00
point	sm	Au dernier -	到极点	tao’ ghieh deû di’ bou’		到極頭地步		439		true	自旧档汇入	2026-04-13T01:27:08+08:00
point	sm	Tyrannique ,, ,, -	暴虐至极	bao’ gnah teh ghieh (véh kou’)		暴虐得極（勿過）		439		true	自旧档汇入	2026-04-13T01:27:08+08:00
point	sm	De - en -	丝毫不差地，毫无遗漏地	wé zié		完全		439		true	自旧档汇入	2026-04-13T01:27:08+08:00
point	sm	De - en -	丝毫不差地，毫无遗漏地	si’ si’ neng		細細能		439		true	自旧档汇入	2026-04-13T01:27:08+08:00
point	sm	Au - de vue de ...	从…的观点	len’ tao’....		論到…		439		true	自旧档汇入	2026-04-13T01:27:08+08:00
point	sm	De tout -	一点儿不，毫不，丝毫没有	ih ’n ih zéh ke’		一五一十个		439		true	自旧档汇入	2026-04-13T01:27:08+08:00
pointe	sf		尖，尖端，尖头，梢，尖顶	tsié deû		尖頭		439		true	自旧档汇入	2026-04-13T01:27:08+08:00
pointe	sf		尖，尖端，尖头，梢，尖顶	tsié gné deû		尖拈頭		439		true	自旧档汇入	2026-04-13T01:27:08+08:00
pointe	sf	- du jour	黎明	t‘ié liang’		天亮		439		true	自旧档汇入	2026-04-13T01:27:08+08:00
pointer	va	Marquer	做记号，作标记	’tié ’tié		點點		439		true	自旧档汇入	2026-04-13T01:27:08+08:00
pointer	va	Marquer	做记号，作标记	’tié ke’ ’tié		點个點		439		true	自旧档汇入	2026-04-13T01:27:08+08:00
pointer	va	- [un canon]	把…指向，把…对准；把…瞄准	tsao’ ’tsen		照準		439		true	自旧档汇入	2026-04-13T01:27:08+08:00
pointer	va	#NAME?	瞄不准	tsao’ véh ’tsen		照勿準		439		true	自旧档汇入	2026-04-13T01:27:08+08:00
pointer	va	#NAME?	精确瞄准	nao teh ding’ ’tsen deû		拏得定準頭		439		true	自旧档汇入	2026-04-13T01:27:08+08:00
pointeur	sm		大炮瞄准手	’tsen p‘ao’ ’seû		準炮手		440		true	自旧档汇入	2026-04-13T01:27:08+08:00
pointiller	va		画点	’tié ’deu kiu’ ’tse		点斷句子		440		true	自旧档汇入	2026-04-13T01:27:08+08:00
pointilleux	adj		吹毛求疵的，挑剔的，苛求的，拘于细节的	’hi hoé tsoh bah ze’	’hi h‘oé tsoh bah ze’	喜歡捉白字		440		true	自旧档汇入	2026-04-13T01:27:08+08:00
pointilleux	adj		吹毛求疵的，挑剔的，苛求的，拘于细节的	tèh si’		搭細		440		true	自旧档汇入	2026-04-13T01:27:08+08:00
pointu	adj		尖的，尖头的，尖顶的	tsié ke’		尖个		440		true	自旧档汇入	2026-04-13T01:27:08+08:00
pointu	adj		尖的，尖头的，尖顶的	tsié deû ke’		尖頭个		440		true	自旧档汇入	2026-04-13T01:27:08+08:00
poire	sf		梨	li		梨		440		true	自旧档汇入	2026-04-13T01:27:08+08:00
poire	sf		梨	sang li		生梨		440		true	自旧档汇入	2026-04-13T01:27:08+08:00
poirier	sm		梨树	sang li zu’		生梨樹		440		true	自旧档汇入	2026-04-13T01:27:08+08:00
poireau	sm	porreau	韭葱	’kieû ts‘ai’		韭菜		440	菜的中点和竖笔连 “艹釆”	true	自旧档汇入	2026-04-13T01:27:08+08:00
poiré	sm		梨酒	sang li ’tsieû		生梨酒		440		true	自旧档汇入	2026-04-13T01:27:08+08:00
pois	sm		豌豆	deû’		豆		440		true	自旧档汇入	2026-04-13T01:27:08+08:00
pois	sm		豌豆	lôh deû’		緑豆		440		true	自旧档汇入	2026-04-13T01:27:08+08:00
poison	sm		毒药；毒物	dôh		毒		440		true	自旧档汇入	2026-04-13T01:27:08+08:00
poison	sm		毒药；毒物	dôh yah		毒藥		440		true	自旧档汇入	2026-04-13T01:27:08+08:00
poison	sm	Prendre du -	服毒	woh dôh		服毒		440		true	自旧档汇入	2026-04-13T01:27:08+08:00
poisson	sm		鱼	n [ih diao]		魚[一條]		440		true	自旧档汇入	2026-04-13T01:27:08+08:00
poitrail	sm		（牛、马等的）前胸	’mô foh		馬腹		440		true	自旧档汇入	2026-04-13T01:27:08+08:00
poitrail	sm		（牛、马等的）前胸	’mô yeng		馬膺		440		true	自旧档汇入	2026-04-13T01:27:08+08:00
poitrinaire	sm. et f.		患肺病的人	sang lao bing’ ke’		生癆病个		440		true	自旧档汇入	2026-04-13T01:27:08+08:00
poitrinaire	sm. et f.		患肺病的人	lao saong		癆傷		440		true	自旧档汇入	2026-04-13T01:27:08+08:00
poitrine	sf		胸脯，胸膛	hiong daong		胸膛		440		true	自旧档汇入	2026-04-13T01:27:08+08:00
poitrine	sf	Maladie de -	肺病	lao bing		癆病		440		true	自旧档汇入	2026-04-13T01:27:08+08:00
poitrine	sf	Maladie de -	肺病	leh ’k‘eû t‘ong’		肋口痛		440		true	自旧档汇入	2026-04-13T01:27:08+08:00
poivre	sm		胡椒；胡椒粉	wou tsiao		胡椒		440		true	自旧档汇入	2026-04-13T01:27:08+08:00
poivre	sm	- en poudre	胡椒粉	wou tsiao méh		胡椒末		440		true	自旧档汇入	2026-04-13T01:27:08+08:00
poivre	sm	- de Cayenne	番椒	lèh tsiao		辣椒		440		true	自旧档汇入	2026-04-13T01:27:08+08:00
poivre	sm	- de Cayenne	番椒	hong tsiao		紅椒		440		true	自旧档汇入	2026-04-13T01:27:08+08:00
poivrer	va		加胡椒，撒胡椒	ka (eu) (faong’) (’pa) ih ’ngè wou tsiao		加（安）（放）（擺）一眼胡椒		440		true	自旧档汇入	2026-04-13T01:27:08+08:00
poix	sf		树脂，松脂；沥青	lih ts‘ing		瀝青		440	分号	true	自旧档汇入	2026-04-13T01:27:08+08:00
poix	sf		树脂，松脂；沥青	song hiang		松香		440		true	自旧档汇入	2026-04-13T01:27:08+08:00
polaire	sf	L'étoile -	北极星	pôh ’teû sing		北斗星		440		true	自旧档汇入	2026-04-13T01:27:08+08:00
pôle		boréal	北极	pôh ghieh		北極		440		true	自旧档汇入	2026-04-13T01:27:08+08:00
pôle		#NAME?	南极	né ghieh		南極		440		true	自旧档汇入	2026-04-13T01:27:08+08:00
polémique	adj. sf.		论战，笔战论争	’bié len’		辯論		440		true	自旧档汇入	2026-04-13T01:27:08+08:00
polémique	adj. sf.		论战，笔战论争	’bié pôh		辯駁		440		true	自旧档汇入	2026-04-13T01:27:08+08:00
poli	adj	Uni	光滑的	bing		平		440		true	自旧档汇入	2026-04-13T01:27:08+08:00
poli	adj	Brillant	光滑的	koang vèh		光滑		440		true	自旧档汇入	2026-04-13T01:27:08+08:00
poli	adj	Brillant	光滑的	koang liang’		光亮		440		true	自旧档汇入	2026-04-13T01:27:08+08:00
poli	adj. Fig.	Civil. Courtois.	有礼貌的，彬彬有礼的，谦恭的	’yeû koei ’kiu		有規矩		440		true	自旧档汇入	2026-04-13T01:27:08+08:00
poli	adj. Fig.	Civil. Courtois.	有礼貌的，彬彬有礼的，谦恭的	’yeû ’li mao’		有禮貌		440		true	自旧档汇入	2026-04-13T01:27:08+08:00
poli	adj. Fig.	Civil. Courtois.	有礼貌的，彬彬有礼的，谦恭的	’tong ’li ’t‘i		懂禮貌		440		true	自旧档汇入	2026-04-13T01:27:08+08:00
poli	adj. Fig.	Civil. Courtois.	有礼貌的，彬彬有礼的，谦恭的	koé p‘a’		官派		440	原作“官泒”	true	自旧档汇入	2026-04-13T01:27:08+08:00
police	sf	Agent de -	警察	zin bou’		巡捕		440		true	自旧档汇入	2026-04-13T01:27:08+08:00
police	sf	Agent de -	警察	zin zouo koé		巡查官		440		true	自旧档汇入	2026-04-13T01:27:08+08:00
police	sf	Agent de -	警察	sin’ di’		汛地		440	待定	true	自旧档汇入	2026-04-13T01:27:08+08:00
police	sf	- de sûreté	安全警察	pao ’tang t‘ing		包打聽		440		true	自旧档汇入	2026-04-13T01:27:08+08:00
police	sf	Chef de -	警察局长	zin bou’ deû		巡捕頭		440		true	自旧档汇入	2026-04-13T01:27:08+08:00
police	sf	Chef de -	警察局长	’pao kèh		保甲		440		true	自旧档汇入	2026-04-13T01:27:08+08:00
police	sf	,, ,, - rurale	农村警察局长	di’ ’pao		地保		440		true	自旧档汇入	2026-04-13T01:27:08+08:00
police	sf	,, ,, - rurale	农村警察局长	’pao tseng’		保正		440		true	自旧档汇入	2026-04-13T01:27:08+08:00
policer	va	Civiliser	使变得文明，使开化	kiao’ h‘ouo’		教化		440		true	自旧档汇入	2026-04-13T01:27:08+08:00
policier	sm		警察，公安人员；侦探	zin bou’		巡捕		440		true	自旧档汇入	2026-04-13T01:27:08+08:00
policier	sm		警察，公安人员；侦探	bou’ k‘oa’		捕快		440		true	自旧档汇入	2026-04-13T01:27:08+08:00
poliment	adv		有礼貌地，彬彬有礼地	koei koei ’kiu ’kiu		規規矩矩		440		true	自旧档汇入	2026-04-13T01:27:08+08:00
poliment	adv		有礼貌地，彬彬有礼地	wen wen ’zing ’zing	wen wen zing’ zing’	文文靖靖	文文静静	440	待定	true	自旧档汇入	2026-04-13T01:27:08+08:00
polir	va		磨光，擦亮；抛光	mô koang		磨光		440		true	自旧档汇入	2026-04-13T01:27:08+08:00
polir	va		磨光，擦亮；抛光	mô bing		磨平		440		true	自旧档汇入	2026-04-13T01:27:08+08:00
polir	va		磨光，擦亮；抛光	ts‘èh mô		擦磨		440		true	自旧档汇入	2026-04-13T01:27:08+08:00
polir	va	papier servant à -	砂纸；沙皮	ts‘ouo ’tse		磋紙		440		true	自旧档汇入	2026-04-13T01:27:08+08:00
polir	va	papier servant à -	砂纸；沙皮	souo bi		沙皮		440		true	自旧档汇入	2026-04-13T01:27:08+08:00
polisson	sm		淘气的儿童，顽皮的儿童，顽童	véh zéh diao		勿入調		440		true	自旧档汇入	2026-04-13T01:27:08+08:00
polisson	sm		淘气的儿童，顽皮的儿童，顽童	faong’ se’ ke’ gnen		放肆个人		440		true	自旧档汇入	2026-04-13T01:27:08+08:00
politesse	sf		礼貌，客气；礼节，客套	’li mao’		禮貌		441		true	自旧档汇入	2026-04-13T01:27:08+08:00
politesse	sf	Connaître la -	懂得礼节	zôh sih k‘ah k‘i’		熟悉客氣		441		true	自旧档汇入	2026-04-13T01:27:08+08:00
politesse	sf	Connaître la -	懂得礼节	’tong ’li		懂禮		441		true	自旧档汇入	2026-04-13T01:27:08+08:00
politesse	sf	Répondre à une -	还礼，回礼	wè ’li		還禮		441	tropde	true	自旧档汇入	2026-04-13T01:27:08+08:00
politesse	sf	Répondre à une -	还礼，回礼	tèh ’li		答禮		441		true	自旧档汇入	2026-04-13T01:27:08+08:00
politesse	sf	C'est vraiment trop de -	真是太有礼貌了	zéh ka’ neng zéh zai’ t‘ai’ k‘ah k‘i’ ’tsé		實介能實在太客氣者		441		true	自旧档汇入	2026-04-13T01:27:08+08:00
politesse	sf	-s faites en s'abordant	见面行礼	kié’ mié’ ’li		見面禮		441		true	自旧档汇入	2026-04-13T01:27:08+08:00
politique	sf		政治	kôh tseng’		國政		441		true	自旧档汇入	2026-04-13T01:27:08+08:00
politique	adj	Affaire -	政治事务	kôh kia ke’ ze’ ’t‘i		國家个事體		441		true	自旧档汇入	2026-04-13T01:27:08+08:00
pollen	sm		花粉	h‘ouo ke’ ’fen		花个粉		441		true	自旧档汇入	2026-04-13T01:27:08+08:00
poltron	adj	Ètre -	胆怯的，胆小的，怯懦的	wei’ ’seû wei’ kiah		畏首畏脚		441		true	自旧档汇入	2026-04-13T01:27:08+08:00
poltron	adj	Ètre -	胆怯的，胆小的，怯懦的	’tè ’siao		膽小		441		true	自旧档汇入	2026-04-13T01:27:08+08:00
polygame	sm		多配偶的人	’yeû dou’ ’siao ’lao bou		有大小老婆		441		true	自旧档汇入	2026-04-13T01:27:08+08:00
polygame	sm		多配偶的人	’yeû ts‘i ’yeû ts‘ih ke’		有妻有妾个		441		true	自旧档汇入	2026-04-13T01:27:08+08:00
polygone	sm		多角形，多边形	tou pié yeng		多邊形		441		true	自旧档汇入	2026-04-13T01:27:08+08:00
pomme	sf		苹果	bin ’kou		蘋果		441		true	自旧档汇入	2026-04-13T01:27:08+08:00
pomme	sf		苹果	h‘ouo hong		花紅		441		true	自旧档汇入	2026-04-13T01:27:08+08:00
pomme	sf	-s sèches	苹果干	bin ’kou keu		蘋果乾		441		true	自旧档汇入	2026-04-13T01:27:08+08:00
pomme	sf	- de terre	马铃薯，土豆	yu’ ’na		芋艿		441		true	自旧档汇入	2026-04-13T01:27:08+08:00
pomme	sf	- de terre	马铃薯，土豆	sè yah		山藥		441		true	自旧档汇入	2026-04-13T01:27:08+08:00
pomme	sf	- d'Adam. Thyroïde	喉结，甲状软骨	tsih zeh k‘oei’		接食塊		441		true	自旧档汇入	2026-04-13T01:27:08+08:00
pommette	sf	de la joue	颊骨；颧颊；颧	mié’ kiéh kou		面頰腂	？？	441	待定 一作kèh	true	自旧档汇入	2026-04-13T01:27:08+08:00
pommier	sm		苹果树	bin ’kou zu’ [ih k‘ou]		蘋果樹[一棵]		441		true	自旧档汇入	2026-04-13T01:27:08+08:00
pompe	sf		泵	p‘en ’se dong		噴水筒		441		true	自旧档汇入	2026-04-13T01:27:08+08:00
pompe	sf	- à incendie	消防泵	’se long		水龍		441		true	自旧档汇入	2026-04-13T01:27:08+08:00
pompe	sf	#NAME?	抽水泵；抽气泵，自吸泵	hiéh ’se dong		吸水筒		441		true	自旧档汇入	2026-04-13T01:27:08+08:00
pompe	sf	#NAME?	压力泵	k‘èh ’se dong		壓水筒		441		true	自旧档汇入	2026-04-13T01:27:08+08:00
pomper	va		用泵抽，泵送	’tang (ts‘eû) ’se		打（抽）水		441		true	自旧档汇入	2026-04-13T01:27:08+08:00
pomper	va		用泵抽，泵送	k‘ien’ ’se long		撳水龍		441		true	自旧档汇入	2026-04-13T01:27:08+08:00
pompeusement	adv		盛大地；排场很大地，豪华地	da’ mô da’ yang’ ke’		大模大樣个		441		true	自旧档汇入	2026-04-13T01:27:08+08:00
pompeusement	adv		盛大地；排场很大地，豪华地	ba zang		排場		441		true	自旧档汇入	2026-04-13T01:27:08+08:00
pompeusement	adv		盛大地；排场很大地，豪华地	hang’ ka’	hang ka’	行架		441	待定	true	自旧档汇入	2026-04-13T01:27:08+08:00
pompeux	adj		盛大的；排场很大的，豪华的	dou’ ba zang ke’		大排場个		441		true	自旧档汇入	2026-04-13T01:27:08+08:00
pompier	sm		消防队员；消防员	kieû’ ’h‘ou ke’		救火个		441		true	自旧档汇入	2026-04-13T01:27:08+08:00
ponce	sf	Pierre -. adj.		weû zah		浮石		441		true	自旧档汇入	2026-04-13T01:27:08+08:00
ponctuation	sf		标点	’tié		點		441		true	自旧档汇入	2026-04-13T01:27:08+08:00
ponctuation	sf		标点	k‘ieu ’tié		圈點		441		true	自旧档汇入	2026-04-13T01:27:08+08:00
ponctuel	adj		守时的，准时的	ze k‘eh véh ts‘ouo		時刻勿差		441		true	自旧档汇入	2026-04-13T01:27:08+08:00
ponctuel	adj		认真的，一丝不苟的	yang’ yang’ tao’ ka		樣樣到家		441		true	自旧档汇入	2026-04-13T01:27:08+08:00
ponctuer	va		加标点于，标点	’tié ’tié		點點		441		true	自旧档汇入	2026-04-13T01:27:08+08:00
ponctuer	va	- un livre	标点一本书	’tié su		點書		441		true	自旧档汇入	2026-04-13T01:27:08+08:00
pondre	va		产卵，下蛋	sang dè’		生蛋		441		true	自旧档汇入	2026-04-13T01:27:08+08:00
pont	sm		桥	ghiao [ih diao]		橋[一條]		441		true	自旧档汇入	2026-04-13T01:27:08+08:00
pont	sm	- de bateaux	浮桥	weû ghiao		浮橋		441		true	自旧档汇入	2026-04-13T01:27:08+08:00
pont	sm	- d'un navire	甲板	zé mié’		船面		441		true	自旧档汇入	2026-04-13T01:27:08+08:00
pontife	sm		高级神职人员	kiao’ tsong		教宗		441		true	自旧档汇入	2026-04-13T01:27:08+08:00
pontife	sm	Souverain - (C.)	教皇	kiao’ h‘ouo’ waong		教化皇		441		true	自旧档汇入	2026-04-13T01:27:08+08:00
ponton	sm		趸船；浮桥；浮箱	’ten zé		躉船		441		true	自旧档汇入	2026-04-13T01:27:08+08:00
populace	sf		贱民，下等人，群氓	’siao pah sing’		小百姓		441		true	自旧档汇入	2026-04-13T01:27:08+08:00
populace	sf		贱民，下等人，群氓	bing min pah sing’		平民百姓		441		true	自旧档汇入	2026-04-13T01:27:08+08:00
population	sf		人口，全体居民	wou’ ’k‘eû		户口		441		true	自旧档汇入	2026-04-13T01:27:08+08:00
population	sf		人口，全体居民	gnen ting		人丁		441		true	自旧档汇入	2026-04-13T01:27:08+08:00
population	sf		人口，全体居民	min sou’		民數		441		true	自旧档汇入	2026-04-13T01:27:08+08:00
populeux	adj		人口稠密的；挤满人的	gnen tou ke’ di’ faong		人多个地方		442		true	自旧档汇入	2026-04-13T01:27:08+08:00
porc	sm		猪；公猪	tse lou [ih tsah]		猪獹[一隻]		442		true	自旧档汇入	2026-04-13T01:27:08+08:00
porc	sm	Du -	猪；公猪	tse gnôh		猪肉		442		true	自旧档汇入	2026-04-13T01:27:08+08:00
porcelaine	sf		瓷；瓷器	’wé liao’		碗料		442		true	自旧档汇入	2026-04-13T01:27:08+08:00
porcelaine	sf		瓷；瓷器	’wé souo		碗沙		442		true	自旧档汇入	2026-04-13T01:27:08+08:00
porcelaine	sf	Vase en -	瓷花瓶	ze k‘i’		磁器		442		true	自旧档汇入	2026-04-13T01:27:08+08:00
porc-épic	sm		豪猪，箭猪	ts‘e’ wei’		刺蝟		442		true	自旧档汇入	2026-04-13T01:27:08+08:00
porc-épic	sm		豪猪，箭猪	tsié’ tse		箭猪		442		true	自旧档汇入	2026-04-13T01:27:08+08:00
porche	sm		门廊	men ’k‘eû		門口		442		true	自旧档汇入	2026-04-13T01:27:08+08:00
porche	sm		门廊	’tseû laong		走廊		442		true	自旧档汇入	2026-04-13T01:27:08+08:00
porcher	sm		牧猪人；养猪人，猪倌	k‘eu tse lou ke’ gnen		看猪獹个人		442		true	自旧档汇入	2026-04-13T01:27:08+08:00
porcherie	sf		猪圈，猪棚，猪舍	tse k‘ieu		猪圈		442		true	自旧档汇入	2026-04-13T01:27:08+08:00
pore	sm		孔	hi ’siao ke’ ’ngè		稀小个眼		442		true	自旧档汇入	2026-04-13T01:27:08+08:00
pore	sm	- de la peau	孔；毛孔，汗孔	heu’ mao ’koé (’k‘ong)		汗毛管（孔）		442		true	自旧档汇入	2026-04-13T01:27:08+08:00
poreux	adj		有孔的，多孔隙的，多细孔的	t‘eû’ ’se ke’		透水个		442		true	自旧档汇入	2026-04-13T01:27:08+08:00
poreux	adj		有孔的，多孔隙的，多细孔的	’k‘ong song ke’		孔鬆个		442		true	自旧档汇入	2026-04-13T01:27:08+08:00
port	sm	Rade	港口，港埠	kaong ’k‘eû	’kaong ’k‘eû	港口		442		true	自旧档汇入	2026-04-13T01:27:08+08:00
port	sm	Rade	港口，港埠	’h‘ai ’k‘eû		海口		442		true	自旧档汇入	2026-04-13T01:27:08+08:00
port	sm	Embarcadère	码头	’mô deû		碼頭		442		true	自旧档汇入	2026-04-13T01:27:08+08:00
port	sm	-s ouverts	通商口岸	t‘ong sang ’mô deû		通商碼頭		442	待定 商	true	自旧档汇入	2026-04-13T01:27:08+08:00
port	sm	prix du transport	运费	lih dié		力錢		442		true	自旧档汇入	2026-04-13T01:27:08+08:00
port	sm	prix du ,, en barque	船运费	zé ka’		船價		442		true	自旧档汇入	2026-04-13T01:27:08+08:00
port	sm	prix du ,, en barque	船运费	’se kiah		水脚		442		true	自旧档汇入	2026-04-13T01:27:08+08:00
portail	sm	d'une église	正门，大门	daong dou’ men		堂大門		442		true	自旧档汇入	2026-04-13T01:27:08+08:00
portant	adj	(Bien)	身体好	’saong k‘oa’ (k‘i’)		爽快（氣）		442		true	自旧档汇入	2026-04-13T01:27:08+08:00
portant	adj	(Bien)	身体好	seh i’		適意		442		true	自旧档汇入	2026-04-13T01:27:08+08:00
porte	sf		门	men		門		442		true	自旧档汇入	2026-04-13T01:27:08+08:00
porte	sf	- d'entrée	前门	deû (dou’) (zié) men		頭（大）（前）門		442		true	自旧档汇入	2026-04-13T01:27:08+08:00
porte	sf	- de derrière	后门	heû’ men		後門		442		true	自旧档汇入	2026-04-13T01:27:08+08:00
porte	sf	- de côté	侧门	kiah men		脚門		442		true	自旧档汇入	2026-04-13T01:27:08+08:00
porte	sf	- de côté	侧门	wang men		横門		442		true	自旧档汇入	2026-04-13T01:27:08+08:00
porte	sf	#NAME?	便门	bié’ men		便門		442		true	自旧档汇入	2026-04-13T01:27:08+08:00
porte	sf. Fig.	Se ménager une - de sortie	给自己留个退路，准备脱身之计	lieû ke’ t‘ei’ sen ke’ lou’ dao’		留个退身个路道		442		true	自旧档汇入	2026-04-13T01:27:08+08:00
porté	sf	à	倾向于…的；爱好…的，嗜好…的	’k‘eng		肯		442		true	自旧档汇入	2026-04-13T01:27:08+08:00
porté	sf	à	倾向于…的；爱好…的，嗜好…的	ai’		愛		442		true	自旧档汇入	2026-04-13T01:27:08+08:00
porté	sf	à	倾向于…的；爱好…的，嗜好…的	h‘ao’		好		442		true	自旧档汇入	2026-04-13T01:27:08+08:00
porte-drapeau	sm		旗手	ghié ghi ke’		揵旗个	掮旗个	442	待定	true	自旧档汇入	2026-04-13T01:27:08+08:00
porte-drapeau	sm		旗手	tè ghi ke’		担旗个		442	保留簡體	true	自旧档汇入	2026-04-13T01:27:08+08:00
portée	sf	Une nichée	一胎生的小动物	ih k‘ou		一窩	一窠	442		true	自旧档汇入	2026-04-13T01:27:08+08:00
portée	sf	À - de la main	可以够着的	’la ’seû ken deû		拉手跟頭		442		true	自旧档汇入	2026-04-13T01:27:08+08:00
portée	sf	À - de la main	可以够着的	’pouo (woh) teh zah		把（握）得着		442		true	自旧档汇入	2026-04-13T01:27:08+08:00
portée	sf	Sans - 	不搭界	m koè i’		無關係	嘸關係	442		true	自旧档汇入	2026-04-13T01:27:08+08:00
portefaix	sm		脚夫，搬运夫	t‘iao fou		挑夫		442		true	自旧档汇入	2026-04-13T01:27:08+08:00
portefaix	sm		脚夫，搬运夫	t‘iao tè’ ke’		挑担个		442	保留簡體	true	自旧档汇入	2026-04-13T01:27:08+08:00
portefeuille	sm		文件夹，活页夹；书包；公文包	wou’ su		護書		442		true	自旧档汇入	2026-04-13T01:27:08+08:00
portemanteau	sm		衣帽架；衣帽钩；衣架	i ka’		衣架		442		true	自旧档汇入	2026-04-13T01:27:08+08:00
portemanteau	sm		衣帽架；衣帽钩；衣架	i keû		衣鈎		442		true	自旧档汇入	2026-04-13T01:27:08+08:00
porte-monnaie	sm		小钱包，零钱包	zié dai’		錢袋		442		true	自旧档汇入	2026-04-13T01:27:08+08:00
porte-monnaie	sm		小钱包，零钱包	bi dai’		皮袋		442		true	自旧档汇入	2026-04-13T01:27:08+08:00
porte-monnaie	sm		小钱包，零钱包	bi kèh ’tse		皮夾子		442		true	自旧档汇入	2026-04-13T01:27:08+08:00
porte-plume	sm		笔杆，笔管	pieh ’kang		筆梗		442		true	自旧档汇入	2026-04-13T01:27:08+08:00
porte-plume	sm		笔杆，笔管	pieh ’koé [ih tse]		筆管[一枝]		442		true	自旧档汇入	2026-04-13T01:27:08+08:00
porter	va	à la main	提，扛，背，抱	nao		拿		442		true	自旧档汇入	2026-04-13T01:27:08+08:00
porter	va	à la main	提，扛，背，抱	tè		担		442	保留簡體	true	自旧档汇入	2026-04-13T01:27:08+08:00
porter	va	à la main	提，扛，背，抱	ling		拎		442	待定	true	自旧档汇入	2026-04-13T01:27:08+08:00
porter	va	- sur soi [un habit]	身上穿着（衣物）	ta’		帶		442		true	自旧档汇入	2026-04-13T01:27:08+08:00
porter	va	- sur soi [un habit]	身上穿着（衣物）	tsah 		著		442		true	自旧档汇入	2026-04-13T01:27:08+08:00
porter	va	- sur soi [un habit]	身上穿着（衣物）	ts‘é		穿		442		true	自旧档汇入	2026-04-13T01:27:08+08:00
porter	va	- ,, ,, [un chapeau]	戴着(帽子)	ta’		戴		442		true	自旧档汇入	2026-04-13T01:27:08+08:00
porter	va	- pendant au bras	拎着；挂在手臂上	ling		拎		442		true	自旧档汇入	2026-04-13T01:27:08+08:00
porter	va	- pendant au bras	拎着；挂在手臂上	di		提		442		true	自旧档汇入	2026-04-13T01:27:08+08:00
porter	va	ds les bras		bao’		抱		442		true	自旧档汇入	2026-04-13T01:27:08+08:00
porter	va	- sous le bras	夹在腋下	ghèh ’la kéh loh ts‘ouo ’li		[扌劼]拉胳落肞裏	？	442	月叉非unicode临时码：089815	true	自旧档汇入	2026-04-13T01:27:08+08:00
porter	va	- sur l'épaule double fardeau	肩挑担子	t‘iao		挑		442		true	自旧档汇入	2026-04-13T01:27:08+08:00
porter	va	,, à plusieurs		kaong		扛		443		true	自旧档汇入	2026-04-13T01:27:08+08:00
porter	va	- sur l'épaule à la manière d'une besace	装袋背在肩上	goè ’la kié ka’ laong’	goè’ ’la kié ka’ laong’	甩拉肩架上	摜拉肩架上	443	陰去 掼	true	自旧档汇入	2026-04-13T01:27:08+08:00
porter	va	- sur l'épaule à la manière d'une besace	装袋背在肩上	ghié		揵	掮	443		true	自旧档汇入	2026-04-13T01:27:08+08:00
porter	va	- sur la tête	顶在头上	’ting la deû laong’	’ting ’la deû laong’	頂拉頭上		443	分号	true	自旧档汇入	2026-04-13T01:27:08+08:00
porter	va	- sur la tête	顶在头上	ta’		戴		443		true	自旧档汇入	2026-04-13T01:27:08+08:00
porter	va	- sur le dos	背着	pei’		背		443	分号	true	自旧档汇入	2026-04-13T01:27:08+08:00
porter	va	- sur le dos	背着	dou		駝	馱	443	一作“馱”	true	自旧档汇入	2026-04-13T01:27:08+08:00
porter	va	- sur le dos [Bête]	驮着	dou ’la pei’ tsih koéh laong’		駝拉背脊骨上	馱拉背脊骨上	443		true	自旧档汇入	2026-04-13T01:27:08+08:00
porter	va	- un palanquin	抬轿子	kaong (dai) ghiao’ ’tse		扛（抬）轎子		443		true	自旧档汇入	2026-04-13T01:27:08+08:00
porter	va	- un cercueil	抬棺材	kaong koé zai		扛棺材		443		true	自旧档汇入	2026-04-13T01:27:08+08:00
porter	va	- un lettre	携带信件，送信	song’ sin’		送信		443		true	自旧档汇入	2026-04-13T01:27:08+08:00
porter	va	Produire : - des fruits	结果子	kiéh (sang) ’kou ’tse 		結（生）果子		443		true	自旧档汇入	2026-04-13T01:27:08+08:00
porter	vn	Atteindre	(枪炮)能达到	’tang tao’		打到		443		true	自旧档汇入	2026-04-13T01:27:08+08:00
porter	vn	Les coups ne portent pas	枪炮达不到	’tang véh tao’		打勿到		443		true	自旧档汇入	2026-04-13T01:27:08+08:00
porter	vr	Se bien -	身体好	’saong k‘oa’		爽快		443		true	自旧档汇入	2026-04-13T01:27:08+08:00
porter	vr	Se bien -	身体好	seh i’		適意		443		true	自旧档汇入	2026-04-13T01:27:08+08:00
porter	vr	Se bien -	身体好	’yeû lih liang’		有力量		443		true	自旧档汇入	2026-04-13T01:27:08+08:00
porter	vr	Se mal -	身体不好	véh ’k‘i kieng’		勿起勁		443		true	自旧档汇入	2026-04-13T01:27:08+08:00
porter	vr	Se mal -	身体不好	sen hiang’ ’li véh ’h‘ao kou’		身向裏勿好過		443		true	自旧档汇入	2026-04-13T01:27:08+08:00
porter	vr	Se mal -	身体不好	véh ’saong		勿爽		443		true	自旧档汇入	2026-04-13T01:27:08+08:00
porter	vr	Comment vous portez-vouts?	你还好吗？	’h‘ao ’la ’va ?		好拉否		443		true	自旧档汇入	2026-04-13T01:27:08+08:00
porterie	sf		门房	deû men laong’		頭門上		443		true	自旧档汇入	2026-04-13T01:27:08+08:00
porterie	sf		门房	men waong		門房		443		true	自旧档汇入	2026-04-13T01:27:08+08:00
porterie	sf	- dans un tribunal	号房	hao’ waong		號房		443		true	自旧档汇入	2026-04-13T01:27:08+08:00
porte-voix	sm		传声筒，喇叭筒	t‘ong wo’ dong		通話筒		443		true	自旧档汇入	2026-04-13T01:27:08+08:00
porte-voix	sm. Fig.	Se faire le -	传声，传话	zé seh wo’		傳説話		443		true	自旧档汇入	2026-04-13T01:27:08+08:00
porteur	sm	de palanquin	轿夫	ghiao’ fou		轎夫		443		true	自旧档汇入	2026-04-13T01:27:08+08:00
porteur	sm	de palanquin	轿夫	dai ghiao’ ke’		抬轎个		443		true	自旧档汇入	2026-04-13T01:27:08+08:00
porteur	sm	- de lettres	信使	song’ sin’ ke’		送信个		443		true	自旧档汇入	2026-04-13T01:27:08+08:00
porteur	sm	- d'eau	送水的人	t‘iao ’se ke’		挑水个		443		true	自旧档汇入	2026-04-13T01:27:08+08:00
portier	sm		看门人，门房；门卫	k‘eu men ke’		看門个		443		true	自旧档汇入	2026-04-13T01:27:08+08:00
portière	sf	de palanquin	轿子的门帘	ghiao’ men		轎門		443		true	自旧档汇入	2026-04-13T01:27:08+08:00
portière	sf	de palanquin	轿子的门帘	ghiao’ lié men		轎簾門		443	原作“轎㡘門”	true	自旧档汇入	2026-04-13T01:27:08+08:00
portière	sf	Rideau de porte	门帘	men lié		門簾		443	原作“門㡘”	true	自旧档汇入	2026-04-13T01:27:08+08:00
portion	sf		一份	ven’		分		443	有圈	true	自旧档汇入	2026-04-13T01:27:08+08:00
portion	sf		一份	deu’		段		443		true	自旧档汇入	2026-04-13T01:27:08+08:00
portique	sm		柱廊	men zié ke’ ’tseû laong		門前个走廊		443		true	自旧档汇入	2026-04-13T01:27:08+08:00
portique	sm		柱廊	yeû laong		游廊		443		true	自旧档汇入	2026-04-13T01:27:08+08:00
portique	sm	- avec inscription	牌楼	ba leû		牌樓		443		true	自旧档汇入	2026-04-13T01:27:08+08:00
portrait	sm		肖像，画像；相片	ziang’		像		443		true	自旧档汇入	2026-04-13T01:27:08+08:00
portrait	sm		肖像，画像；相片	’siao tsao’		小照		443		true	自旧档汇入	2026-04-13T01:27:08+08:00
portrait	sm	Vivant -	像，活像	wéh ziang’		活像		443		true	自旧档汇入	2026-04-13T01:27:08+08:00
portugal	sm		葡萄牙	p‘ou kôh	bou kôh	葡國		443		true	自旧档汇入	2026-04-13T01:27:08+08:00
portugal	sm		葡萄牙	p‘ou-dao-ya kôh	bou-dao-ya kôh	葡萄牙國		443		true	自旧档汇入	2026-04-13T01:27:08+08:00
posé	adj		庄重的，稳重的	’wen ’zong		穩重		443		true	自旧档汇入	2026-04-13T01:27:08+08:00
posé	adj		庄重的，稳重的	teu tseng’		端正		443		true	自旧档汇入	2026-04-13T01:27:08+08:00
posé	adj		庄重的，稳重的	zeng’ ’zong		鄭重		443		true	自旧档汇入	2026-04-13T01:27:08+08:00
posément	adv		庄重地，稳重地，沉着地	eu ’zong		安重		443		true	自旧档汇入	2026-04-13T01:27:08+08:00
posément	adv		庄重地，稳重地，沉着地	eu ten’		安頓		443		true	自旧档汇入	2026-04-13T01:27:08+08:00
posément	adv		庄重地，稳重地，沉着地	’siao sin		小心		443		true	自旧档汇入	2026-04-13T01:27:08+08:00
posément	adv		庄重地，稳重地，沉着地	si’ sin		細心		443		true	自旧档汇入	2026-04-13T01:27:08+08:00
posément	adv		庄重地，稳重地，沉着地	eu eu (mè’ mè’) neng		安安（慢慢）能		443		true	自旧档汇入	2026-04-13T01:27:08+08:00
poser	va		放，置，搁，摆	faong’		放		443		true	自旧档汇入	2026-04-13T01:27:08+08:00
poser	va		放，置，搁，摆	’pa ’la		擺拉		443		true	自旧档汇入	2026-04-13T01:27:08+08:00
poser	va		放，置，搁，摆	eu ’h‘ao		安好		443		true	自旧档汇入	2026-04-13T01:27:08+08:00
poser	va		放，置，搁，摆	koh		擱		443		true	自旧档汇入	2026-04-13T01:27:08+08:00
poser	vr	Se - [Oiseaux]	(鸟)停落，降落	’dou ’la		踱拉		443		true	自旧档汇入	2026-04-13T01:27:08+08:00
poseur	sm		做作的人，装腔作势的人	ma’ ’lao		賣老		443		true	自旧档汇入	2026-04-13T01:27:08+08:00
poseur	sm		做作的人，装腔作势的人	ma’ waong		賣王		443		true	自旧档汇入	2026-04-13T01:27:08+08:00
positif	adj			wah ih ke’		劃一个		443	不懂划一个	true	自旧档汇入	2026-04-13T01:27:08+08:00
positif	adj	Homme -	实际的人；讲究实际的人	’siang ’h‘ao ts‘u’ ke’		想好處个		443		true	自旧档汇入	2026-04-13T01:27:08+08:00
positif	adj	C'est un fait -	这是毋庸置疑的事实 	zéh zéh zai’ zai’ ke’		實實在在个		444		true	自旧档汇入	2026-04-13T01:27:08+08:00
positif	adj	C'est un fait -	这是毋庸置疑的事实 	tsen ke’		真个		444		true	自旧档汇入	2026-04-13T01:27:08+08:00
positivement	adv	En effet	确实地，实在地；确切地	’kou zé		果然		444		true	自旧档汇入	2026-04-13T01:27:08+08:00
positivement	adv	En effet	确实地，实在地；确切地	k‘iah zé		確然		444		true	自旧档汇入	2026-04-13T01:27:08+08:00
positivement	adv	En effet	确实地，实在地；确切地	ghèh zéh		[扌劼]實		444		true	自旧档汇入	2026-04-13T01:27:08+08:00
positivement	adv	Promettre -	切实承诺	’mé ’k‘eû ’yun ’hiu		滿口允許		444		true	自旧档汇入	2026-04-13T01:27:08+08:00
positivement	adv	Promettre -	切实承诺	zah zah zéh zéh ’hiu ke’		着着實實許个		444		true	自旧档汇入	2026-04-13T01:27:08+08:00
position	sf	Endroit	位置，方位	di’ faong		地方		444		true	自旧档汇入	2026-04-13T01:27:08+08:00
position	sf	Endroit	位置，方位	di’ se’		地勢		444		true	自旧档汇入	2026-04-13T01:27:08+08:00
position	sf. Fig.	#NAME?	社会地位，身份	di’ wei’		地位		444		true	自旧档汇入	2026-04-13T01:27:08+08:00
position	sf. Fig.	#NAME?	社会地位，身份	tseh  ven’		職分		444	有圈	true	自旧档汇入	2026-04-13T01:27:08+08:00
position	sf. Fig.	Se faire une -		zè’ lih teh zu’		站立得住		444		true	自旧档汇入	2026-04-13T01:27:08+08:00
position	sf. Fig.	Se faire une -		teh zang gnéh		得常業		444		true	自旧档汇入	2026-04-13T01:27:08+08:00
possédé	sm	du démon	着魔的人，鬼怪附身的人	wou’ mô ’kiu ke’		負魔鬼个		444		true	自旧档汇入	2026-04-13T01:27:08+08:00
posséder	va		拥有，占有	’yeû 		有		444		true	自旧档汇入	2026-04-13T01:27:08+08:00
posséder	va		拥有，占有	’la ’seû ’li		拉手裏		444		true	自旧档汇入	2026-04-13T01:27:08+08:00
posséder	Fig. vr.	Se -		’yeû ’tsu ’tsang		有主長		444	待定 有圈 讀音	true	自旧档汇入	2026-04-13T01:27:08+08:00
posséder	Fig. vr.	Se -		ze’ ka tsou’ teh ’k‘i ’tsu		自家做得起主		444		true	自旧档汇入	2026-04-13T01:27:08+08:00
posséder	Fig. vr.	Ne plus se -		ze’ ka tsou’ véh ’k‘i ’tsu		自家做勿起主		444		true	自旧档汇入	2026-04-13T01:27:08+08:00
possible	adj	Pouvant être	可能的，可能存在的，可能发生的，可能做到的	neng ’yeû ke’		能有个		444		true	自旧档汇入	2026-04-13T01:27:08+08:00
possible	adj	Pouvant être	可能的，可能存在的，可能发生的，可能做到的	’k‘o i’ ’yeû ke’	’k‘o ’i ’yeû ke’	可以有个		444		true	自旧档汇入	2026-04-13T01:27:08+08:00
possible	adj	Pouvant se faire	可能的，可能存在的，可能发生的，可能做到的	’h‘ao tsou’		好做		444		true	自旧档汇入	2026-04-13T01:27:08+08:00
possible	adj	Pouvant se faire	可能的，可能存在的，可能发生的，可能做到的	tsou’ teh lai ke’		做得來个		444		true	自旧档汇入	2026-04-13T01:27:08+08:00
possible	adj	Serait-il - de...?	有可能吗？	neng keû’ ’va? 		能够否？		444		true	自旧档汇入	2026-04-13T01:27:08+08:00
possible	adj	Serait-il - de...?	有可能吗？	’se teh ’se véh teh		使得使勿得		444		true	自旧档汇入	2026-04-13T01:27:08+08:00
possible	adj	Faire tout son -	竭力，尽力，尽一切可能	zin’ liang’ tsou’		盡量做		444	待定	true	自旧档汇入	2026-04-13T01:27:08+08:00
possible	adj	Je ferai mon -	我尽可能，尽力	’ngou yao’ tsou’ tsao’ ’ngou neng keû’ tsou’ ke’		我要做照我能彀做个		444		true	自旧档汇入	2026-04-13T01:27:08+08:00
possible	adj	Le plus lentement -	尽可能慢	mè’ véh kou’		慢勿過		444		true	自旧档汇入	2026-04-13T01:27:08+08:00
possible	adj	Le plus lentement -	尽可能慢	mè’ tao’ véh neng tsai’ mè’ ’tsé		慢到勿能再慢者		444		true	自旧档汇入	2026-04-13T01:27:08+08:00
poste	sm	Endroit		di’ faong		地方		444		true	自旧档汇入	2026-04-13T01:27:08+08:00
poste	sm	Charge	职位，工作岗位	’pen ven’		本分		444	有圈	true	自旧档汇入	2026-04-13T01:27:08+08:00
poste	sm	Pas encore à son -	还没有上任	véh zeng zaong’ (tao’) zen’		勿曾上（到）任		444		true	自旧档汇入	2026-04-13T01:27:08+08:00
poste	sm	#NAME?	岗哨，哨所	yeng sin’		營汛		444		true	自旧档汇入	2026-04-13T01:27:08+08:00
poste	sm	Passage gardé	关卡	ka’ baong	’k‘a baong	卡防		444		true	自旧档汇入	2026-04-13T01:27:08+08:00
poste	sf	chinoise	邮政，邮政部门	sin’ ghiôh		信局		444		true	自旧档汇入	2026-04-13T01:27:08+08:00
poste	sf	La - impériale	帝国邮政局	yeû tseng’ ghioh	yeû tseng’ ghiôh	郵政局		444		true	自旧档汇入	2026-04-13T01:27:08+08:00
poster	va	des soldats	布置，设置（岗哨等）	p‘a’ ping		派兵		444		true	自旧档汇入	2026-04-13T01:27:08+08:00
poster	va	des soldats	布置，设置（岗哨等）	tsèh yeng		扎營		444		true	自旧档汇入	2026-04-13T01:27:08+08:00
postérieur	adj		以后的，后来的	heû’ ’ti deû		後底頭		444		true	自旧档汇入	2026-04-13T01:27:08+08:00
postérieur	adj		以后的，后来的	heû’ lai ke’		後來个		444		true	自旧档汇入	2026-04-13T01:27:08+08:00
postérité	sf		子孙，后裔	heû’ ze’		後嗣		444		true	自旧档汇入	2026-04-13T01:27:08+08:00
postérité	sf		子孙，后裔	’tse sen		子孫		444		true	自旧档汇入	2026-04-13T01:27:08+08:00
postérité	sf		子孙，后裔	heû’ dai’		後代		444		true	自旧档汇入	2026-04-13T01:27:08+08:00
postérité	sf	N'avoir pas de -	没有后代，绝嗣	wou né wou ’gnu		無男無女	嘸男嘸女	444		true	自旧档汇入	2026-04-13T01:27:08+08:00
postérité	sf	N'avoir pas de -	没有后代，绝嗣	heû’ dai’ ziéh ’tsé		後代絶者		444		true	自旧档汇入	2026-04-13T01:27:08+08:00
postérité	sf	La -	后世，后代	heû’ lai gnen		後來人		444		true	自旧档汇入	2026-04-13T01:27:08+08:00
postérité	sf	La -	后世，后代	’hao dai’ ke’ gnen		下代个人		444		true	自旧档汇入	2026-04-13T01:27:08+08:00
posthume	adj	(Enfant)	遗腹的	yi foh ’tse		遺腹子		444		true	自旧档汇入	2026-04-13T01:27:08+08:00
postiche	adj		假的；假冒的；佯装的	’ka		假		444		true	自旧档汇入	2026-04-13T01:27:08+08:00
postiche	adj	Barbe -	假须	’ka wou ’tse		假鬍子		444		true	自旧档汇入	2026-04-13T01:27:08+08:00
post-scriptum	sm		又及，附言	tsu’ ghieh	tsu’ ghiéh	贅及		444		true	自旧档汇入	2026-04-13T01:27:08+08:00
post-scriptum	sm		又及，附言	tsu’ pieh		贅筆		444		true	自旧档汇入	2026-04-13T01:27:08+08:00
postulant	sm		要求进修院者，要求入修会者	ghieû tsin’ wei’ ke’		求進會个		444		true	自旧档汇入	2026-04-13T01:27:08+08:00
postulant	sm	Billet de - à une confrérie	社团报名单	pao’ ming tè		報名單		444		true	自旧档汇入	2026-04-13T01:27:08+08:00
pot	sm		罐，壶，钵，坛	wou		壺		444		true	自旧档汇入	2026-04-13T01:27:08+08:00
pot	sm		罐，壶，钵，坛	koé’ deû		罐頭		444		true	自旧档汇入	2026-04-13T01:27:08+08:00
pot	sm	Jarre	坛，瓮，甏	kaong		缸		444		true	自旧档汇入	2026-04-13T01:27:08+08:00
pot	sm	Jarre pour le vin	酒坛	’tsieû dè (bang’) 		酒罈（甏）	酒壇（甏）	445		true	自旧档汇入	2026-04-13T01:27:08+08:00
pot	sm	La fortune du -	家常便饭，便饭	ka zang bié’ vè’		家常便飯		445		true	自旧档汇入	2026-04-13T01:27:08+08:00
pot	sm	- de chambre	便壶	ya’ wou		夜壺		445		true	自旧档汇入	2026-04-13T01:27:08+08:00
pot	sm	- de chambre	便壶	bié’ wou		便壺		445		true	自旧档汇入	2026-04-13T01:27:08+08:00
pot	sm	Payer les -s cassés		ghié moh sao		揵木梢		445		true	自旧档汇入	2026-04-13T01:27:08+08:00
pot-de-vin	sm		酬金；贿赂	foei’ lou’		賄賂		445		true	自旧档汇入	2026-04-13T01:27:08+08:00
pot-de-vin	sm		酬金；贿赂	heû’ ’seû		後手		445		true	自旧档汇入	2026-04-13T01:27:08+08:00
pot-de-vin	sm		酬金；贿赂	yen pao’		陰報		445		true	自旧档汇入	2026-04-13T01:27:08+08:00
potable	adj	Buvable	可饮的	k‘ieh (héh) teh ke’	k‘ieh (h‘éh) teh ke’	吃（喝）得个		445		true	自旧档汇入	2026-04-13T01:27:08+08:00
potage	sm		汤	t‘aong		湯		445		true	自旧档汇入	2026-04-13T01:27:08+08:00
potage	sm	#NAME?	荤汤，肉汤	gnôh t‘aong		肉湯		445		true	自旧档汇入	2026-04-13T01:27:08+08:00
potager	adj	Jardin -	菜园；菜圃	ts‘ai’ di’		菜地		445	菜的中点和竖笔连 “艹釆”	true	自旧档汇入	2026-04-13T01:27:08+08:00
potager	adj	Jardin -	菜园；菜圃	ts‘ai’ yeu		菜園		445		true	自旧档汇入	2026-04-13T01:27:08+08:00
potasse	sf		钾碱；钾肥	’kè		碱		445		true	自旧档汇入	2026-04-13T01:27:08+08:00
potasse	sf		钾碱；钾肥	’kè souo		碱砂		445		true	自旧档汇入	2026-04-13T01:27:08+08:00
poteau	sm		杆，柱，桩	’zu deû		柱頭		445		true	自旧档汇入	2026-04-13T01:27:08+08:00
poteau	sm		杆，柱，桩	moh tsaong		木樁		445		true	自旧档汇入	2026-04-13T01:27:08+08:00
poteau	sm	- de télégraphe 	电线杆	dié’ sié’ ’keu		電綫杆		445		true	自旧档汇入	2026-04-13T01:27:08+08:00
potée	sf		一罐、一壶之量	ih kaong		一缸		445		true	自旧档汇入	2026-04-13T01:27:08+08:00
potée	sf		一罐、一壶之量	’mé bang’		滿甏		445		true	自旧档汇入	2026-04-13T01:27:08+08:00
potée	sf	Une - de vin	一壶酒	ih wou ’tsieû		一壺酒		445		true	自旧档汇入	2026-04-13T01:27:08+08:00
potelé	adj		丰满的，圆滚滚的，胖乎乎的	tsaong’ lai gnôh ’kou ’kou		壯來肉鼓鼓		445		true	自旧档汇入	2026-04-13T01:27:08+08:00
potelé	adj		丰满的，圆滚滚的，胖乎乎的	’siao p‘aong’ ’tse		小胖子		445		true	自旧档汇入	2026-04-13T01:27:08+08:00
poterie	sf		陶器	’ngao k‘i’		瓦器		445		true	自旧档汇入	2026-04-13T01:27:08+08:00
poterie	sf		陶器	’ngao ben		瓦盆		445		true	自旧档汇入	2026-04-13T01:27:08+08:00
poterie	sf		陶器	yao fou’		窑貨		445		true	自旧档汇入	2026-04-13T01:27:08+08:00
potier	sm		陶器制造者，陶器商	tsou’ kaong bang’ ke’		做缸甏个		445		true	自旧档汇入	2026-04-13T01:27:08+08:00
potier	sm		陶器制造者，陶器商	sao ’ngao k‘i’ ke’		燒瓦器个		445		true	自旧档汇入	2026-04-13T01:27:08+08:00
potion	sf		药水，合剂	yah ’se		藥水		445		true	自旧档汇入	2026-04-13T01:27:08+08:00
potion	sf	Prendre une -	服一剂药	k‘ieh ih woh yah		吃一服藥		445		true	自旧档汇入	2026-04-13T01:27:08+08:00
potion	sf	Prendre une -	服一剂药	k‘ieh ih ke’ t‘aong deû		吃一个湯頭		445		true	自旧档汇入	2026-04-13T01:27:08+08:00
potiron	sm		笋瓜；南瓜	tong kouo		冬瓜		445		true	自旧档汇入	2026-04-13T01:27:08+08:00
pou	sm		虱子	séh		虱		445		true	自旧档汇入	2026-04-13T01:27:08+08:00
pou	sm		虱子	bah séh		白虱		445		true	自旧档汇入	2026-04-13T01:27:08+08:00
pou	sm	Œufs de -	虱子卵	ki séh ’tse		蟣虱子		445	待定	true	自旧档汇入	2026-04-13T01:27:08+08:00
pouah!	interj		啊；唷	p‘ei !		呸		445		true	自旧档汇入	2026-04-13T01:27:08+08:00
pouce	sm	de la main	拇指	dou’ tsih deû		大指頭	大節頭	445		true	自旧档汇入	2026-04-13T01:27:08+08:00
pouce	sm	de la main	拇指	’mou ’tse		拇指		445		true	自旧档汇入	2026-04-13T01:27:08+08:00
pouce	sm	- du pied	拇趾	dou’ kiah tsih deû		大脚指頭	大脚節頭	445		true	自旧档汇入	2026-04-13T01:27:08+08:00
pouce	sm	= 0ᵐ 0358	法寸	ih ts‘en’		一寸		445		true	自旧档汇入	2026-04-13T01:27:08+08:00
poudre	sf		灰尘，尘埃	hoei	h‘oei	灰		445		true	自旧档汇入	2026-04-13T01:27:08+08:00
poudre	sf		灰尘，尘埃	zen		塵		445		true	自旧档汇入	2026-04-13T01:27:08+08:00
poudre	sf		灰尘，尘埃	souo		沙		445		true	自旧档汇入	2026-04-13T01:27:08+08:00
poudre	sf	- à canon	大炮弹药，火药	’h‘ou (p‘ao’) yah		火（炮）藥		445		true	自旧档汇入	2026-04-13T01:27:08+08:00
poudre	sf	- de fusil	枪火药	ts‘iang yah		槍藥		445		true	自旧档汇入	2026-04-13T01:27:08+08:00
poudre	sf	Remède en -	药粉	yah ’fen		藥粉		445		true	自旧档汇入	2026-04-13T01:27:08+08:00
poudre	sf	Remède en -	药粉	méh yah		末藥		445		true	自旧档汇入	2026-04-13T01:27:08+08:00
poudre	sf	- de diamant	金刚石粉末	kien kaong souo		金鋼沙		445		true	自旧档汇入	2026-04-13T01:27:08+08:00
poudreux	adj		灰尘的，满是灰尘的	bong zeng tou		塳塵多		445		true	自旧档汇入	2026-04-13T01:27:08+08:00
poudrière	sf		火药库	’h‘ou yah ghiôh		火藥局		445		true	自旧档汇入	2026-04-13T01:27:08+08:00
poulailler	sm		鸡棚，鸡窝，鸡舍	ki bang		鷄棚		445		true	自旧档汇入	2026-04-13T01:27:08+08:00
poulailler	sm		鸡棚，鸡窝，鸡舍	ki k‘ou		鷄窩	鷄窠	445		true	自旧档汇入	2026-04-13T01:27:08+08:00
poulain	sm		小马，马驹	’siao ’mô		小馬		445		true	自旧档汇入	2026-04-13T01:27:08+08:00
poule	sf		母鸡；雌鸡	ki [ih tsah]		鷄[一隻]		445		true	自旧档汇入	2026-04-13T01:27:08+08:00
poule	sf		母鸡；雌鸡	ts‘e ki		雌鷄		445		true	自旧档汇入	2026-04-13T01:27:08+08:00
poule	sf	- d'eau	秧鸡	’se ki		水鷄		445		true	自旧档汇入	2026-04-13T01:27:08+08:00
poule	sf	Avoir la chair de -	起鸡皮疙瘩	gnôh mô		肉麻		445	待定 原文病字頭	true	自旧档汇入	2026-04-13T01:27:08+08:00
poule	sf	Avoir la chair de -	起鸡皮疙瘩	ki gnôh pè ’tse ih ’lin		鷄肉癍子一凛		445	原作“鷄肉㿀子一凛”	true	自旧档汇入	2026-04-13T01:27:08+08:00
poulet	sm		小鸡，鸡雏；童子鸡	’siao ki		小鷄		445		true	自旧档汇入	2026-04-13T01:27:08+08:00
poulie	sf		滑车，滑轮，(皮)带轮	wou lôh		葫轆		445		true	自旧档汇入	2026-04-13T01:27:08+08:00
poulie	sf		滑车，滑轮，(皮)带轮	’lieû deû		綹頭		445		true	自旧档汇入	2026-04-13T01:27:08+08:00
pouliner	vn		产驹	loh ’siao ’mô		落小馬		445		true	自旧档汇入	2026-04-13T01:27:08+08:00
pouls	sm		脉搏，脉	mah sieh		脉息		446		true	自旧档汇入	2026-04-13T01:27:08+08:00
pouls	sm	#NAME?	规则脉	mah sieh t‘iao’ lai yun ’zing		脉息跳來匀靖		446		true	自旧档汇入	2026-04-13T01:27:08+08:00
pouls	sm	#NAME?	跳动很快的脉搏；脉紧	mah sieh ’kien kiéh		脉息緊急		446		true	自旧档汇入	2026-04-13T01:27:08+08:00
pouls	sm	#NAME?	缓慢的脉搏	mah sieh mé’		脉息慢		446		true	自旧档汇入	2026-04-13T01:27:08+08:00
pouls	sm	Tâter le -	诊脉	’pouo mah		把脉		446		true	自旧档汇入	2026-04-13T01:27:08+08:00
pouls	sm	Tâter le -	诊脉	’tsen mah		診脉		446		true	自旧档汇入	2026-04-13T01:27:08+08:00
poumon	sm		肺	fi’		肺		446		true	自旧档汇入	2026-04-13T01:27:08+08:00
poumon	sm	#NAME?		saong ze’ fi’ ’tsé		傷是肺者		446		true	自旧档汇入	2026-04-13T01:27:08+08:00
poumon	sm	#NAME?		fi’ yong		肺癰		446		true	自旧档汇入	2026-04-13T01:27:08+08:00
poupe	sf		船尾	zé sao		船稍	船梢	446		true	自旧档汇入	2026-04-13T01:27:08+08:00
poupe	sf		船尾	zé ’gni pouo		船尾巴		446		true	自旧档汇入	2026-04-13T01:27:08+08:00
poupée	sf	en terre	泥娃娃	gni ’neu		泥囝		446		true	自旧档汇入	2026-04-13T01:27:08+08:00
poupée	sf	- en pâte	面人	’fen gnen		粉人		446		true	自旧档汇入	2026-04-13T01:27:08+08:00
poupon	sm		婴儿	’siao ’pao²	’siao ’pao ’pao	小寶寳		446		true	自旧档汇入	2026-04-13T01:27:08+08:00
poupon	sm		婴儿	’na h‘ai ke’ ’siao ’neu		奶胠个小囝	？	446	待定	true	自旧档汇入	2026-04-13T01:27:08+08:00
pour	prép	En faveur de	为了	wei’		爲		446	有圈;faveurde	true	自旧档汇入	2026-04-13T01:27:08+08:00
pour	prép	Achetez - moi	给我买	wei’ ’ngou ’ma		爲我買		446	有圈	true	自旧档汇入	2026-04-13T01:27:08+08:00
pour	prép	À la place de	代替	t‘i’ 		替		446		true	自旧档汇入	2026-04-13T01:27:08+08:00
pour	prép	À la place de	代替	dai’ t‘i’		代替		446		true	自旧档汇入	2026-04-13T01:27:08+08:00
pour	prép	J'irai - vous	我代替你去	’ngou t‘i’ nong’ k‘i’		我替儂去		446		true	自旧档汇入	2026-04-13T01:27:08+08:00
pour	prép	Du parti de : chacun est - celui qui l'emploie		k‘ieh biéh gnen ’wé pé’ , yeû biéh gnen ’se hoé’	k‘ieh biéh gnen ’wé pé’ , yeû biéh gnen ’se h‘oé’	吃别人碗半，由别人使唤		446		true	自旧档汇入	2026-04-13T01:27:08+08:00
pour	prép	En guise de	作为	taong’		當		446		true	自旧档汇入	2026-04-13T01:27:08+08:00
pour	prép	Àcause de	因为	yen wei’		因爲		446	有圈	true	自旧档汇入	2026-04-13T01:27:08+08:00
pour	sm	Soutenir le - et le contre		i neng keû’ wo’ ’h‘ao wo’ k‘ieû		伊能彀話好話恘		446		true	自旧档汇入	2026-04-13T01:27:08+08:00
pour	sm	- lors. l. adv.	当时，在这种情况下，这样	taong ze		當時		446		true	自旧档汇入	2026-04-13T01:27:08+08:00
pourboire	sm		赏钱，小费，酒钱	zouo (’tsieû) dié		茶（酒）錢		446		true	自旧档汇入	2026-04-13T01:27:08+08:00
pourboire	sm		赏钱，小费，酒钱	’saong ’k‘oé		賞款		446		true	自旧档汇入	2026-04-13T01:27:08+08:00
pourceau	sm		猪，公猪	tse lou [ih tsah]		猪獹[一隻]		446		true	自旧档汇入	2026-04-13T01:27:08+08:00
pourparler	sm	En -	会谈，谈判，磋商	saong liang		商量		446		true	自旧档汇入	2026-04-13T01:27:08+08:00
pourpier	sm		马齿苋	’mô ’ts‘e hié’ [ih k‘ou]		馬齒莧[一棵]		446		true	自旧档汇入	2026-04-13T01:27:08+08:00
pourpre	adj. sf.		大红；绯红	’tse hong		紫紅		446		true	自旧档汇入	2026-04-13T01:27:08+08:00
pour quoi	conj. adv.	- ?	为什么？	wei’ ’ts‘e		爲此		446	有圈 	true	自旧档汇入	2026-04-13T01:27:08+08:00
pour quoi	conj. adv.	- ?	为什么？	sa’ ’lao?		啥咾？		446		true	自旧档汇入	2026-04-13T01:27:08+08:00
pour quoi	conj. adv.	- ?	为什么？	wei’ sa’?		爲啥		446	有圈	true	自旧档汇入	2026-04-13T01:27:08+08:00
pour quoi	conj. adv.	#NAME?	为什么不呢？	wou faong?		何妨？		446		true	自旧档汇入	2026-04-13T01:27:08+08:00
pour quoi	conj. adv.	#NAME?	为什么不呢？	ngai’ sa’ ’va?		碍啥否		446		true	自旧档汇入	2026-04-13T01:27:08+08:00
pour quoi	conj. adv.	- agir ainsi?	为什么要这么做？	sa’ yeu kou’ ze’ ka’ neng?		啥緣故是介能		446		true	自旧档汇入	2026-04-13T01:27:08+08:00
pour quoi	conj. adv.	Je ne sais pas -	我不知道为什么	véh ’hiao teh sa’ yeu kou’		勿曉得啥緣故		446		true	自旧档汇入	2026-04-13T01:27:08+08:00
pour quoi	sm	Le -	原因	yeu kou’		緣故		446		true	自旧档汇入	2026-04-13T01:27:08+08:00
pour quoi	sm	C'est -	这就是为什么…；因此…	’sou ’i yeu kou’		所以緣故		446		true	自旧档汇入	2026-04-13T01:27:08+08:00
pour quoi	sm	C'est -	这就是为什么…；因此…	wei’ ’ts‘e yeu kou’		爲此緣故		446		true	自旧档汇入	2026-04-13T01:27:08+08:00
pour quoi	sm	C'est -	这就是为什么…；因此…	yen ’ts‘e		因此		446		true	自旧档汇入	2026-04-13T01:27:08+08:00
pourri	adj		腐烂的；腐败的；腐朽的	lè’ ’tsé		爛者		446		true	自旧档汇入	2026-04-13T01:27:08+08:00
pourrir	vn		腐烂；腐败；腐朽	’hieû lè’		朽爛		446		true	自旧档汇入	2026-04-13T01:27:08+08:00
pourrir	vn		腐烂；腐败；腐朽	lè’ wa’		爛壞		446		true	自旧档汇入	2026-04-13T01:27:08+08:00
poursuivre	va		追，追逐，追赶；追捕	’keu		趕		446		true	自旧档汇入	2026-04-13T01:27:08+08:00
poursuivre	va		追，追逐，追赶；追捕	tsu		追		446		true	自旧档汇入	2026-04-13T01:27:08+08:00
poursuivre	va		追，追逐，追赶；追捕	tsu ’keu		追趕		446		true	自旧档汇入	2026-04-13T01:27:08+08:00
poursuivre	va	- sans atteindre	追不上	’keu véh zaong’ (tao’)		趕勿上（到）		446		true	自旧档汇入	2026-04-13T01:27:08+08:00
poursuivre	va	- sans atteindre	追不上	tsu véh zah		追勿着		446		true	自旧档汇入	2026-04-13T01:27:08+08:00
poursuivre	va	Continuer	继续	tsih lié		接連		446		true	自旧档汇入	2026-04-13T01:27:08+08:00
poursuivre	va	Poursuivez!	继续下去！	lié ’hao k‘i’		連下去		446		true	自旧档汇入	2026-04-13T01:27:08+08:00
poursuivre	va	- en justice	起诉，诉究	kao’ zaong’		告狀		446		true	自旧档汇入	2026-04-13T01:27:08+08:00
poursuivre	va	- en justice	起诉，诉究	kieû’ bè’ 		究辦		446		true	自旧档汇入	2026-04-13T01:27:08+08:00
pourtant	adv		然而，无论如何，可是	tao’ ’ti		到底		446		true	自旧档汇入	2026-04-13T01:27:08+08:00
pourtant	adv		然而，无论如何，可是	zé eul		然而		446		true	自旧档汇入	2026-04-13T01:27:08+08:00
pourtant	adv		然而，无论如何，可是	tè’ ze’	dè’ ze’	但是		446		true	自旧档汇入	2026-04-13T01:27:08+08:00
pourtour	sm		周围，四周	se’ mié’		四面		446		true	自旧档汇入	2026-04-13T01:27:08+08:00
pourtour	sm		周围，四周	se’ tseû wei		四周圍		446		true	自旧档汇入	2026-04-13T01:27:08+08:00
pourvoir	va	de qqch	供应，供给	kong’ kiéh	kong kiéh	供給		447		true	自旧档汇入	2026-04-13T01:27:08+08:00
pourvoir	va	de qqch	供应，供给	péh ’la		撥拉		447		true	自旧档汇入	2026-04-13T01:27:08+08:00
pourvoir	va	- qqn d'une charge	予某人一职	fong koé		封官		447		true	自旧档汇入	2026-04-13T01:27:08+08:00
pourvoir	va	Se - de	备有	bè’		辦		447		true	自旧档汇入	2026-04-13T01:27:08+08:00
pourvoir	va	Se - de	备有	’ma		買		447		true	自旧档汇入	2026-04-13T01:27:08+08:00
pourvoyeur	sm		供应者，供给者	’ma bè’		買辦		447		true	自旧档汇入	2026-04-13T01:27:08+08:00
pourvu que		À condition que	只要	tséh yao’		只要		447		true	自旧档汇入	2026-04-13T01:27:08+08:00
pourvu que		Plaise à Dieu!	但愿	pouo véh teh		巴勿得		447		true	自旧档汇入	2026-04-13T01:27:08+08:00
pourvu que		Plaise à Dieu!	但愿	maong’ i		望伊		447		true	自旧档汇入	2026-04-13T01:27:08+08:00
poussah	sm		瓷人，人象	bou sèh		菩薩		447	magot	true	自旧档汇入	2026-04-13T01:27:08+08:00
pousse	sf		芽，苗，嫩枝	nga		芽		447		true	自旧档汇入	2026-04-13T01:27:08+08:00
pousse	sf		芽，苗，嫩枝	yang		秧		447		true	自旧档汇入	2026-04-13T01:27:08+08:00
pousse	sf		芽，苗，嫩枝	’siao zu’		小樹		447		true	自旧档汇入	2026-04-13T01:27:08+08:00
pousse	sf		芽，苗，嫩枝	’siao o tse		小椏枝		447		true	自旧档汇入	2026-04-13T01:27:08+08:00
pousse	sf	- de haricots	豆芽	deû’ nga		豆芽		447		true	自旧档汇入	2026-04-13T01:27:08+08:00
pousser	va		推；推动；推进	t‘ei		推		447		true	自旧档汇入	2026-04-13T01:27:08+08:00
pousser	va		推；推动；推进	ts‘ai	ts‘è	攙		447		true	自旧档汇入	2026-04-13T01:27:08+08:00
pousser	va	- une affaire	促进一件事情	ts‘u		摧		447		true	自旧档汇入	2026-04-13T01:27:08+08:00
pousser	va	- qqn aux charges		’pao ’kiu		保舉		447		true	自旧档汇入	2026-04-13T01:27:08+08:00
pousser	va	- qqn aux charges		tsié’ ’kiu		薦舉		447		true	自旧档汇入	2026-04-13T01:27:08+08:00
pousser	va	- qqn aux charges		di béh	di bèh	提拔		447		true	自旧档汇入	2026-04-13T01:27:08+08:00
pousser	va	- qqn au mal	引诱某人干坏事	’yen yeû’		引誘		447		true	自旧档汇入	2026-04-13T01:27:08+08:00
pousser	va	- qqn au mal	引诱某人干坏事	keû ’yen		勾引		447		true	自旧档汇入	2026-04-13T01:27:08+08:00
pousser	va	- des bourgeons	发芽	fèh (ts‘éh) nga		發（出）芽		447		true	自旧档汇入	2026-04-13T01:27:08+08:00
pousser	va	- des bourgeons	发芽	pao’ ts‘éh nga lai		報出芽來	爆出芽來	447		true	自旧档汇入	2026-04-13T01:27:08+08:00
pousser	va	- des feuilles	抽出新叶	’tsang yéh ’tse		長葉子		447	有圈	true	自旧档汇入	2026-04-13T01:27:08+08:00
pousser	vn	Croître [Plantes]	（植物）生长，长出	’tsang (dou’) ’k‘i lai		長（大）起來		447	有圈	true	自旧档汇入	2026-04-13T01:27:08+08:00
pousser	vn	[Cheveux]	（头发）生长	zang ’k‘i lai		長起來		447	无圈，注意音不同	true	自旧档汇入	2026-04-13T01:27:08+08:00
pousser	vn	Il m'est poussé un vilain clou	我生了一个疖子	sang tse ih ke’ dôh ts‘aong		生之一個毒瘡		447		true	自旧档汇入	2026-04-13T01:27:08+08:00
poussière	sf		灰尘，尘土，尘埃	bong (hoei) zen	bong (h‘oei) zen	塳（灰）塵		447		true	自旧档汇入	2026-04-13T01:27:08+08:00
poussière	sf		灰尘，尘土，尘埃	souo hoei	souo h‘oei	沙灰		447		true	自旧档汇入	2026-04-13T01:27:08+08:00
poussière	sf	Le corps retourne en -	肉身归于尘土	gnôh sen yao’ pié’ hoei	gnôh sen yao’ pié’ h‘oei	肉身要變灰		447		true	自旧档汇入	2026-04-13T01:27:08+08:00
poussière	sf	- de thé	茶叶末	zouo yéh méh ’tse		茶葉末子		447		true	自旧档汇入	2026-04-13T01:27:08+08:00
poussiéreux	adj		满是灰尘的，积满尘土的	bong zen tou		塳塵多		447		true	自旧档汇入	2026-04-13T01:27:08+08:00
poussif	adj		气急的，喘气困难的	h‘eû		吼		447	待定	true	自旧档汇入	2026-04-13T01:27:08+08:00
poussif	adj	Ce cheval est -	这匹马患有喘息症	di’ p‘ieh ’mô ’yeû k‘éh seû’ bing’		第匹馬有咳嗽病		447		true	自旧档汇入	2026-04-13T01:27:08+08:00
poussin	sm		小鸡	siao ki		小鷄		447		true	自旧档汇入	2026-04-13T01:27:08+08:00
poutre	sf		梁	liang		梁		447		true	自旧档汇入	2026-04-13T01:27:08+08:00
poutre	sf		梁	koh sah		格栅	擱栅	447	待定	true	自旧档汇入	2026-04-13T01:27:08+08:00
poutre	sf	Une -	梁	ih ken ka’ liang		一根架梁		447		true	自旧档汇入	2026-04-13T01:27:08+08:00
pouvoir	sm	Puissance	能力，力量	neng lih		能力		447		true	自旧档汇入	2026-04-13T01:27:08+08:00
pouvoir	sm	Puissance	能力，力量	lih liang		力量		447		true	自旧档汇入	2026-04-13T01:27:08+08:00
pouvoir	sm	Autorité	威信，权威，影响	ghieu neng		權能		447		true	自旧档汇入	2026-04-13T01:27:08+08:00
pouvoir	sm	Autorité	威信，权威，影响	ghieu ping’		權柄		447		true	自旧档汇入	2026-04-13T01:27:08+08:00
pouvoir	sm	Autorité	威信，权威，影响	kiah lih		脚力		447		true	自旧档汇入	2026-04-13T01:27:08+08:00
pouvoir	sm	Autorité	威信，权威，影响	se’ mah		勢脉		447		true	自旧档汇入	2026-04-13T01:27:08+08:00
pouvoir	sm	Autorité	威信，权威，影响	seng se’		聲勢		447		true	自旧档汇入	2026-04-13T01:27:08+08:00
pouvoir	sm	-s du prêtre (C.)		hang seng’ ze’ ke’ ghieu ping’		行聖事个權柄		447		true	自旧档汇入	2026-04-13T01:27:08+08:00
pouvoir	vn		能，能够，会	neng		能		447		true	自旧档汇入	2026-04-13T01:27:08+08:00
pouvoir	vn		能，能够，会	neng keû’		能够		447		true	自旧档汇入	2026-04-13T01:27:08+08:00
pouvoir	vn	#NAME?	能，能够，会(习得的能力)	wei’		會		447		true	自旧档汇入	2026-04-13T01:27:08+08:00
pouvoir	vn	#NAME?	能，能够，会(习得的能力)	’hiao teh		曉得		447		true	自旧档汇入	2026-04-13T01:27:08+08:00
pouvoir	vn	Peut-il parler mandarin ? 	会说官话吗？	wo’ koé wo’ wei’ ’va?		話官話會否		447	格式	true	自旧档汇入	2026-04-13T01:27:08+08:00
pouvoir	vn	Non	不会	véh wei’		勿會		447		true	自旧档汇入	2026-04-13T01:27:08+08:00
pouvoir	vn	#NAME?	可以(权利；能力，本领)	’h‘ao		好		447		true	自旧档汇入	2026-04-13T01:27:08+08:00
pouvoir	vn	#NAME?	可以(权利；能力，本领)	neng		能		447		true	自旧档汇入	2026-04-13T01:27:08+08:00
pouvoir	vn	#NAME?	可以(权利；能力，本领)	neng keû’		能彀		447		true	自旧档汇入	2026-04-13T01:27:08+08:00
pouvoir	vn	Je n'y puis rien	我对此无能为力	’ngou m sa’ fèh ’tse		我無啥法子	我嘸啥法子	447		true	自旧档汇入	2026-04-13T01:27:08+08:00
pouvoir	vn	Peut-on monter?	能上去吗？	’h‘ao zaong’ k‘i’ ’va?		好上去否		447		true	自旧档汇入	2026-04-13T01:27:08+08:00
pouvoir	vn	,, ,, suivre cette route?	能照这条路走吗？	’h‘ao ’tseû ’va?		好走否		447		true	自旧档汇入	2026-04-13T01:27:08+08:00
pouvoir	vn	#NAME?	可能；大概	teh ke’		得个		447		true	自旧档汇入	2026-04-13T01:27:08+08:00
pouvoir	vn	#NAME?	可能；大概	lai teh		來得		447		true	自旧档汇入	2026-04-13T01:27:08+08:00
pouvoir	vn	#NAME?	可能；大概	’k‘o ’i		可以		447		true	自旧档汇入	2026-04-13T01:27:08+08:00
pouvoir	vn	Cela peut se dire	可以这么说	wo’ teh ke’		話得个		448		true	自旧档汇入	2026-04-13T01:27:08+08:00
pouvoir	vn	Cela peut se dire	可以这么说	neng keû’ wo’		能够話		448		true	自旧档汇入	2026-04-13T01:27:08+08:00
pouvoir	vn	,, ,, ,, supporter	受得了	’zeû teh ke’		受得个		448		true	自旧档汇入	2026-04-13T01:27:08+08:00
pouvoir	vn	,, ,, ,, faire	能做成	tsou’ teh lai		做得來		448		true	自旧档汇入	2026-04-13T01:27:08+08:00
pouvoir	vn	,, ,, ,, faire	能做成	neng keû’ tsou’		能彀做		448		true	自旧档汇入	2026-04-13T01:27:08+08:00
pouvoir	vn	,, ,, ,, faire	能做成	tsoh hieng	tsoh hieng’	作興		448		true	自旧档汇入	2026-04-13T01:27:08+08:00
pouvoir	vn	Je ne peux pas y aller	我不能去	’ngou véh neng keu’ k‘i’	’ngou véh neng keû’ k‘i’	我勿能幹去	我勿能够去	448	待定 特殊	true	自旧档汇入	2026-04-13T01:27:08+08:00
pouvoir	vn	,, ,, ,, ,, ne pas ,, ,,	我不能不去	véh teh véh k‘i’		勿得勿去		448		true	自旧档汇入	2026-04-13T01:27:08+08:00
pouvoir	vn	#NAME?	能达到，能够到	’keu teh zaong’		趕得上		448		true	自旧档汇入	2026-04-13T01:27:08+08:00
pouvoir	vn	Ne - atteindre	达不到，够不到	’keu véh zaong’ (tao’)		趕勿上（到）		448		true	自旧档汇入	2026-04-13T01:27:08+08:00
pouvoir	vn	Ne - dormir	睡不着	k‘oen’ véh k‘i’ (zah)		睏勿去（着）		448		true	自旧档汇入	2026-04-13T01:27:08+08:00
pouvoir	vn	Ne - passer	不能通行	véh neng keû’ kou’ k‘i’		勿能够過去		448		true	自旧档汇入	2026-04-13T01:27:08+08:00
pouvoir	vn	Ne - passer	不能通行	kou’ véh kou’ k‘i’		過勿過去		448		true	自旧档汇入	2026-04-13T01:27:08+08:00
pouvoir	vn	Ne - marcher	不能走	’tseû véh dong’		走勿動		448		true	自旧档汇入	2026-04-13T01:27:08+08:00
pouvoir	vn	Ne - marcher	不能走	véh neng keû’ ’tseû		勿能彀走		448		true	自旧档汇入	2026-04-13T01:27:08+08:00
pouvoir	vn	Ne - mouvoir	不能行动	dong’ véh dong’		動勿動		448		true	自旧档汇入	2026-04-13T01:27:08+08:00
pouvoir	vn	Ne - travailler	不能工作	tsou’ véh dong’		做勿動		448		true	自旧档汇入	2026-04-13T01:27:08+08:00
pouvoir	vn	Ne - terminer	无法完成	’mé kong véh ghiéh		滿工勿及		448		true	自旧档汇入	2026-04-13T01:27:08+08:00
pouvoir	vn	Ne - terminer	无法完成	véh teh zeng kong		勿得成工		448		true	自旧档汇入	2026-04-13T01:27:08+08:00
pouvoir	vn	Ne - venir à bout de ...	应接不暇	lai véh ghiéh		來勿及		448		true	自旧档汇入	2026-04-13T01:27:08+08:00
pouvoir	vn	Ne - délier	无法解开	’ka véh k‘ai		解勿開		448		true	自旧档汇入	2026-04-13T01:27:08+08:00
pouvoir	vn	Ne - trouver	无法找到	zin véh zah		尋勿着		448		true	自旧档汇入	2026-04-13T01:27:08+08:00
pouvoir	vn	Ne - arrêter qqn	无法叫住、捉住某人	’la véh zu’ i		拉勿住伊		448		true	自旧档汇入	2026-04-13T01:27:08+08:00
pouvoir	vn	Ne - arrêter qqn	无法叫住、捉住某人	tsoh véh zah		捉勿着		448		true	自旧档汇入	2026-04-13T01:27:08+08:00
pouvoir	vn	Ne - entendre	无法听到	t‘ing véh ts‘éh		聽勿出		448		true	自旧档汇入	2026-04-13T01:27:08+08:00
pouvoir	vn	Ne - dire le nom de ...	不能叫出名字	kiao’ véh ts‘éh		叫勿出		448		true	自旧档汇入	2026-04-13T01:27:08+08:00
pouvoir	vn	Ne - parler	说不出	wo’ véh lai		話勿來		448		true	自旧档汇入	2026-04-13T01:27:08+08:00
pouvoir	vn	Ne - déposer	无法放下	faong’ véh loh		放勿落		448		true	自旧档汇入	2026-04-13T01:27:08+08:00
pouvoir	vn	Ne - manger	不能吃东西	k‘ieh véh loh		吃勿落		448		true	自旧档汇入	2026-04-13T01:27:08+08:00
pouvoir	vn	Ne - manger	不能吃东西	véh neng k‘ieh vè’		勿能吃飯		448		true	自旧档汇入	2026-04-13T01:27:08+08:00
pouvoir	vn	Ne - nourrir	养不起	’yang véh ’k‘i		養勿起		448		true	自旧档汇入	2026-04-13T01:27:08+08:00
pouvoir	vn	Ne - soulever	抬不动	nao véh ’k‘i lai		拿勿起來		448		true	自旧档汇入	2026-04-13T01:27:08+08:00
pouvoir	vn	Ne - soulever	抬不动	nao véh dong’		拿勿動		448		true	自旧档汇入	2026-04-13T01:27:08+08:00
prairie	sf		牧场，牧地；草地，草原	’ts‘ao di’		草地		448		true	自旧档汇入	2026-04-13T01:27:08+08:00
praticable	adj	[Chose]	可实行的（事）	tsou’ teh ke’		做得个		448		true	自旧档汇入	2026-04-13T01:27:08+08:00
praticable	adj	[Chose]	可实行的（事）	’k‘o ’i tsou’ ke’		可以做个		448		true	自旧档汇入	2026-04-13T01:27:08+08:00
praticable	adj	[Moyen] -	可实行的（办法）	yong’ teh ke’		用得个		448		true	自旧档汇入	2026-04-13T01:27:08+08:00
praticable	adj	[Route] -	可通行的	’tseû teh ke’		走得个		448		true	自旧档汇入	2026-04-13T01:27:08+08:00
praticable	adj	[Route] -	可通行的	’h‘ao ’tseû ke’		好走个		448		true	自旧档汇入	2026-04-13T01:27:08+08:00
praticien	sm		业内人士，实际从业者	’lao ’pouo ’seû		老把手		448		true	自旧档汇入	2026-04-13T01:27:08+08:00
praticien	sm		业内人士，实际从业者	zôh ’seû		熟手		448		true	自旧档汇入	2026-04-13T01:27:08+08:00
praticien	sm		业内人士，实际从业者	nei’ hang	nei’ haong	内行		448		true	自旧档汇入	2026-04-13T01:27:08+08:00
pratique	sf. adj.		实施，实行	tsou’ zah		做着		448	原注有“cf. Praticable.”	true	自旧档汇入	2026-04-13T01:27:08+08:00
pratique	sf. adj.	Cela paraît facile, mais la - ne l'est pas	这似乎很容易，但实行起来并非如此	k‘eu’ ze’ yong i’,tsou’ ze’ nè		看是容易，做是難		448		true	自旧档汇入	2026-04-13T01:27:08+08:00
pratique	sf. adj.	Chaland	主顾，顾客	’tsu k‘ah		主客		448		true	自旧档汇入	2026-04-13T01:27:08+08:00
pratique	sf. adj.	Chaland	主顾，顾客	’tsu kou’		主顧		448		true	自旧档汇入	2026-04-13T01:27:08+08:00
pratique	sf. adj.	Avoir des -s	有主顾	’tsu k‘ah tou		主客多		448		true	自旧档汇入	2026-04-13T01:27:08+08:00
pratiquement	adv	En pratique	实践上，实际上；实用上	tsou’ ’k‘i lai		做起來		448		true	自旧档汇入	2026-04-13T01:27:08+08:00
pratiquement	adv	En pratique	实践上，实际上；实用上	hang fèh	haong fèh	行法		448		true	自旧档汇入	2026-04-13T01:27:08+08:00
pratiquement	adv	En pratique	实践上，实际上；实用上	ghi zéh		其實		449		true	自旧档汇入	2026-04-13T01:27:08+08:00
pratiquer	va		实行，实施，实践	tsou’		做		449		true	自旧档汇入	2026-04-13T01:27:08+08:00
pratiquer	va		实行，实施，实践	zih lié’		習練		449		true	自旧档汇入	2026-04-13T01:27:08+08:00
pratiquer	va		实行，实施，实践	hoh zih		學習		449		true	自旧档汇入	2026-04-13T01:27:08+08:00
pratiquer	va	- la vertu	积德，行善	sieû teh yeng	sieû teh yeng’	修德行		449		true	自旧档汇入	2026-04-13T01:27:08+08:00
pratiquer	va	- un trou dans mur	在墙上打个洞	ziang ’li ghieuh ke’ dong’		墻裏掘个洞		449		true	自旧档汇入	2026-04-13T01:27:08+08:00
pré	sm		牧场；草地	’ts‘ao di’		草地		449		true	自旧档汇入	2026-04-13T01:27:08+08:00
préambule	sm		序言，绪言	zu’		序		449		true	自旧档汇入	2026-04-13T01:27:08+08:00
préambule	sm		序言，绪言	’yen		引		449		true	自旧档汇入	2026-04-13T01:27:08+08:00
précaire	adj		不可靠的，不稳定的，暂时的，不牢固的	véh eu ’wen		勿安穩		449		true	自旧档汇入	2026-04-13T01:27:08+08:00
précaire	adj		不可靠的，不稳定的，暂时的，不牢固的	véh ’wen taong’		勿穩當		449		true	自旧档汇入	2026-04-13T01:27:08+08:00
précaution	sf		谨慎，小心	taong sin		當心		449		true	自旧档汇入	2026-04-13T01:27:08+08:00
précaution	sf		谨慎，小心	’siao sin		小心		449		true	自旧档汇入	2026-04-13T01:27:08+08:00
précaution	sf	Négliger les -s	忽视防范措施	séh ngou’		失誤		449		true	自旧档汇入	2026-04-13T01:27:08+08:00
précaution	sf	Négliger les -s	忽视防范措施	sié véh taong sin		先勿當心		449		true	自旧档汇入	2026-04-13T01:27:08+08:00
précautionner	vr	(Se)	预防，提防；采取预防措施	baong bei’		防備		449		true	自旧档汇入	2026-04-13T01:27:08+08:00
précautionner	vr	(Se)	预防，提防；采取预防措施	yu’ baong		預防		449		true	自旧档汇入	2026-04-13T01:27:08+08:00
précédemment	adv		先前，以前，前面	sié		先		449		true	自旧档汇入	2026-04-13T01:27:08+08:00
précédemment	adv		先前，以前，前面	yu’ sié		預先		449		true	自旧档汇入	2026-04-13T01:27:08+08:00
précédemment	adv		先前，以前，前面	zié deû		前頭		449		true	自旧档汇入	2026-04-13T01:27:08+08:00
précédent	sm	Chose pr laquelle il y a des -s	这事有先例可循	di’ ghié’ ze’ ’t‘i tsao’ ’lao li’ bè’		第件事體照老例辦		449		true	自旧档汇入	2026-04-13T01:27:08+08:00
précédent	adj		在前的，先前的，前面的，上次的	zié		前		449		true	自旧档汇入	2026-04-13T01:27:08+08:00
précédent	adj	La fois -e	上一次	zaong’ ih wei		上一回		449		true	自旧档汇入	2026-04-13T01:27:08+08:00
précéder	va		走在…前面	zié deu ’tseû		前頭走		449		true	自旧档汇入	2026-04-13T01:27:08+08:00
précéder	va		走在…前面	sié ’tseû		先走		449		true	自旧档汇入	2026-04-13T01:27:08+08:00
précéder	va. et vn.	Être avant	先于，在…之前	’la zié deû		拉前頭		449		true	自旧档汇入	2026-04-13T01:27:08+08:00
précéder	va. et vn.	Être avant	先于，在…之前	’la men zié		垃門前	拉门前	449		true	自旧档汇入	2026-04-13T01:27:08+08:00
précepte	sm		规则；教训，告诫；箴言，格言	koei ’kiu		規矩		449		true	自旧档汇入	2026-04-13T01:27:08+08:00
précepte	sm		规则；教训，告诫；箴言，格言	gné ming’ 		嚴命		449		true	自旧档汇入	2026-04-13T01:27:08+08:00
précepte	sm		规则；教训，告诫；箴言，格言	kia’ ming’		誡命		449		true	自旧档汇入	2026-04-13T01:27:08+08:00
précepteur	sm		家庭教师	sié sang		先生		449		true	自旧档汇入	2026-04-13T01:27:08+08:00
précepteur	sm		家庭教师	si pin		西賓		449		true	自旧档汇入	2026-04-13T01:27:08+08:00
précher	va	(C.)	讲道，布道	’kaong dao’ ’li		講道理		449		true	自旧档汇入	2026-04-13T01:27:08+08:00
précher	va	- la religion	传教	zé kiao’		傳教		449		true	自旧档汇入	2026-04-13T01:27:08+08:00
précher	va	(Pr.) 	讲道，布道	’kaong su		講書		449		true	自旧档汇入	2026-04-13T01:27:08+08:00
précher	va	#NAME?	讲道，布道	’ts‘é kiao’	’zé kiao’	闡教		449	待定 特殊	true	自旧档汇入	2026-04-13T01:27:08+08:00
précieux	adj		珍贵的，贵重的	’pao		寶		449		true	自旧档汇入	2026-04-13T01:27:08+08:00
précieux	adj		珍贵的，贵重的	’pao pei’ ke’		寳貝个		449		true	自旧档汇入	2026-04-13T01:27:08+08:00
précieux	adj		珍贵的，贵重的	tsen koei’ ke’		尊貴个		449		true	自旧档汇入	2026-04-13T01:27:08+08:00
précipitamment	adv		急促地，仓促地，匆忙地	kiéh kiéh maong maong		急急忙忙		449		true	自旧档汇入	2026-04-13T01:27:08+08:00
précipitamment	adv		急促地，仓促地，匆忙地	lié maong		連忙		449		true	自旧档汇入	2026-04-13T01:27:08+08:00
précipité	adj		匆忙的，仓促的	deû ’ke		投个		449		true	自旧档汇入	2026-04-13T01:27:08+08:00
précipité	adj		匆忙的，仓促的	ts‘aong ts‘aong maong maong		蒼蒼忙忙	倉倉忙忙	449		true	自旧档汇入	2026-04-13T01:27:08+08:00
précipiter	va	ses pas	加快，加速	k‘oa’ k‘oa’ ’tseû		快快走		449		true	自旧档汇入	2026-04-13T01:27:08+08:00
précipiter	va	ses pas	加快，加速	’keu ’kien ’tié		赶緊點		449	保留簡體	true	自旧档汇入	2026-04-13T01:27:08+08:00
précipiter	vr	Se - dans l'eau	落入水中	deû ’se		投水		449		true	自旧档汇入	2026-04-13T01:27:08+08:00
précipiter	vr	Se - dans l'eau	落入水中	t‘iao’ ’la ’se ’li		跳拉水裏		449		true	自旧档汇入	2026-04-13T01:27:08+08:00
précipiter	vr	Se -. Se hâter trop	匆忙，急于	t‘eh zah kiéh		忒着急 		449		true	自旧档汇入	2026-04-13T01:27:08+08:00
précipiter	vr	Se -. Se hâter trop	匆忙，急于	t‘ai’ k‘oa’		太快		449		true	自旧档汇入	2026-04-13T01:27:08+08:00
précis	sm		简明	’kié bié’		簡便		449	简便是sm?	true	自旧档汇入	2026-04-13T01:27:08+08:00
précis	sm	- de chimie	化学概论	h‘ouo’ yah ts‘euh yao’		化學撮要		449		true	自旧档汇入	2026-04-13T01:27:08+08:00
précis	adj	Jour -	确定的日子	ding’ taong’ ke’ gnéh ’tse		定當个日子		449		true	自旧档汇入	2026-04-13T01:27:08+08:00
précis	adj	Jour -	确定的日子	yè’ ghi		限期		449		true	自旧档汇入	2026-04-13T01:27:08+08:00
précis	adj	Midi -	正午	tseng’ gnéh tsong sin		正日中心		449		true	自旧档汇入	2026-04-13T01:27:08+08:00
précis	adj	Termes -	精确的措辞	ts‘ing ’saong ke’ seh wo’		清爽个説話		449		true	自旧档汇入	2026-04-13T01:27:08+08:00
précisément	adv		正好，恰好	tseng’ ’h‘ao		正好		449		true	自旧档汇入	2026-04-13T01:27:08+08:00
précisément	adv		正好，恰好	t‘ih tseng’		貼正		449		true	自旧档汇入	2026-04-13T01:27:08+08:00
précisément	adv		正好，恰好	hèh ’h‘ao	h‘èh ’h‘ao	恰好		449		true	自旧档汇入	2026-04-13T01:27:08+08:00
précisément	adv	Il en est - ainsi	正是如此	tseng’ ze’		正是		449		true	自旧档汇入	2026-04-13T01:27:08+08:00
précisément	adv	Il en est - ainsi	正是如此	zah zéh		着實		449		true	自旧档汇入	2026-04-13T01:27:08+08:00
préciser	va		明确表达，明确指出	’kè ghien’ ’tié wo’		揀近點話		449	近字声调存疑	true	自旧档汇入	2026-04-13T01:27:08+08:00
préciser	va		明确表达，明确指出	wo’ lai ’tse si’		話來仔細		449		true	自旧档汇入	2026-04-13T01:27:08+08:00
précision	sf		明确，确切	tseng’ ze’ zéh kai’		正是實蓋		449		true	自旧档汇入	2026-04-13T01:27:08+08:00
précoce	adj		早熟的；早来的	’tsao		早		450		true	自旧档汇入	2026-04-13T01:27:08+08:00
précoce	adj	Fruit -	早熟的果子	’tsao zôh ke’ ’kou ’tse		早熟个果子		450	果的異體字待定	true	自旧档汇入	2026-04-13T01:27:08+08:00
précoce	adj. Fig.	Interlligence -	早慧	ming ngou’ k‘ai teh ’tsao		明悟開得早		450		true	自旧档汇入	2026-04-13T01:27:08+08:00
précoce	adj. Fig.	Trop -		sang lai t‘ai’ tsing ming (tsing si’)		生來太精明（精細）		450		true	自旧档汇入	2026-04-13T01:27:08+08:00
préconçu	adj		预想的	p‘ié kié’		偏見		450		true	自旧档汇入	2026-04-13T01:27:08+08:00
préconiser	va		颂扬，吹捧	tsè’ ’mei		贊美		450		true	自旧档汇入	2026-04-13T01:27:08+08:00
préconiser	va		颂扬，吹捧	k‘ouo ’tsiang		誇獎		450	待定	true	自旧档汇入	2026-04-13T01:27:08+08:00
précurseur	adj		预兆的，前兆的；前驱的，先驱的	sié ’yeû ke’		先有个		450		true	自旧档汇入	2026-04-13T01:27:08+08:00
précurseur	adj	Le - (C.)	前驱，先驱	zié k‘iu		前驅		450		true	自旧档汇入	2026-04-13T01:27:08+08:00
prédécesseur	sm		前任，前人	zié zen		前人		450		true	自旧档汇入	2026-04-13T01:27:08+08:00
prédécesseur	sm		前任，前人	zié deû gnen		前頭人		450		true	自旧档汇入	2026-04-13T01:27:08+08:00
prédécesseur	sm	- dans une charge	前任职官	zié zen’		前任		450		true	自旧档汇入	2026-04-13T01:27:08+08:00
prédécesseur	sm	- dans une charge	前任职官	ghieû’ koé		舊官		450		true	自旧档汇入	2026-04-13T01:27:08+08:00
prédestination	sf	(C.)	宿命；命运；定命论	yu’ ’kié tse en	yu’ kié’ tse en	預簡之恩	預見之恩	450	待定 特殊	true	自旧档汇入	2026-04-13T01:27:08+08:00
prédicateur	sm		讲道者，说教者	’kaong dao’ ’li ke’		講道理个		450		true	自旧档汇入	2026-04-13T01:27:08+08:00
prédiction	sf		预言，预告	yu’ yé		預言		450		true	自旧档汇入	2026-04-13T01:27:08+08:00
prédilection	sf		偏爱，偏好，特别爱好	gneh ai’		溺愛		450		true	自旧档汇入	2026-04-13T01:27:08+08:00
prédilection	sf		偏爱，偏好，特别爱好	p‘ié ai’		偏愛		450		true	自旧档汇入	2026-04-13T01:27:08+08:00
prédire	va		预言，预告	yu’ sié wo’		預先話		450		true	自旧档汇入	2026-04-13T01:27:08+08:00
prédisposé	adj	en faveur de	倾向…的	’yeû p‘ié hiang’		有偏向		450		true	自旧档汇入	2026-04-13T01:27:08+08:00
prédominant	adj		占优势的，主要的	tsu’ dou’ ke’		最大个		450		true	自旧档汇入	2026-04-13T01:27:08+08:00
prédominant	adj		占优势的，主要的	’kai tsouo		盖遮		450	保留簡體	true	自旧档汇入	2026-04-13T01:27:08+08:00
prédominant	adj		占优势的，主要的	deû ih		頭一		450		true	自旧档汇入	2026-04-13T01:27:08+08:00
prééminence	sf		优势，优越	ts‘ao ts‘éh zin zang		超出尋常		450		true	自旧档汇入	2026-04-13T01:27:08+08:00
prééminence	sf	Se disputer la -	争夺优势地位	’ts‘iang deû wei’		搶頭位		450		true	自旧档汇入	2026-04-13T01:27:08+08:00
prééminence	sf	Se disputer la -	争夺优势地位	tsié’ sié		僭先	占先	450	原作“僣先”	true	自旧档汇入	2026-04-13T01:27:08+08:00
prééminent	adj		卓越的，杰出的	ts‘éh ’teng ke’		出等个		450		true	自旧档汇入	2026-04-13T01:27:08+08:00
prééminent	adj		卓越的，杰出的	fi zang ke’		非常个		450		true	自旧档汇入	2026-04-13T01:27:08+08:00
préexister	vn		先存在，先于…而存在	sié ’yeû		先有		450		true	自旧档汇入	2026-04-13T01:27:08+08:00
préface	sf		序言，前言，绪言	zu’ wen		序文		450		true	自旧档汇入	2026-04-13T01:27:08+08:00
préface	sf		序言，前言，绪言	’yen		引		450		true	自旧档汇入	2026-04-13T01:27:08+08:00
préface	sf		序言，前言，绪言	’siao ’yen		小引		450		true	自旧档汇入	2026-04-13T01:27:08+08:00
préface	sf	- de la messe		zu’ wen		序	序文	450	按照羅馬字改正	true	自旧档汇入	2026-04-13T01:27:08+08:00
préfecture	sf		省会，州会	’fou		府		450		true	自旧档汇入	2026-04-13T01:27:08+08:00
préfecture	sf	- indépendante du taotai		zéh di’ tseû		直隸州		450		true	自旧档汇入	2026-04-13T01:27:08+08:00
préfecture	sf	Chef-lieu d'une -		’fou		府		450	这里府、府城和州、州城在一行，并用分号断开，但是法语解释只有一个	true	自旧档汇入	2026-04-13T01:27:08+08:00
préfecture	sf	Chef-lieu d'une -		’fou zeng		府城		450		true	自旧档汇入	2026-04-13T01:27:08+08:00
préfecture	sf	Chef-lieu d'une -		tseû		州		450		true	自旧档汇入	2026-04-13T01:27:08+08:00
préfecture	sf	Chef-lieu d'une -		tseû zeng		州城		450		true	自旧档汇入	2026-04-13T01:27:08+08:00
préférable	adj		更好的，更可取的	’h‘ao ’tié		好點		450		true	自旧档汇入	2026-04-13T01:27:08+08:00
préférable	adj		更好的，更可取的	keng ka ’h‘ao		更加好		450		true	自旧档汇入	2026-04-13T01:27:08+08:00
préférence	sf		偏爱，爱好	’yeû heû’ ’ts‘e bôh ’pei		有厚此薄彼		450		true	自旧档汇入	2026-04-13T01:27:08+08:00
préférence	sf		偏爱，爱好	ih ke’ k‘eu’ ’zong , ih ke’ k‘eu’ k‘ieng		一個看重，一個看輕		450	格式	true	自旧档汇入	2026-04-13T01:27:08+08:00
préférence	sf	Avoir des -s. Partial	有所偏爱，偏心	se sin		私心		450		true	自旧档汇入	2026-04-13T01:27:08+08:00
préférence	sf	Avoir des -s. Partial	有所偏爱，偏心	p‘ié ai’		偏愛		450		true	自旧档汇入	2026-04-13T01:27:08+08:00
préférer	va		宁愿，宁可，更喜欢	gneng ’se		寧使		450		true	自旧档汇入	2026-04-13T01:27:08+08:00
préférer	va		宁愿，宁可，更喜欢	gneng gneu’		寧願		450		true	自旧档汇入	2026-04-13T01:27:08+08:00
préférer	va		宁愿，宁可，更喜欢	gneng ’k‘o		寧可		450		true	自旧档汇入	2026-04-13T01:27:08+08:00
préférer	va	En Chine on préfère la gauche	在中国人们偏爱左边	tsong kôh k‘eu’ ’zong ’tsou mié	tsong kôh k‘eu’ ’zong ’tsou mié’	中國看重左面		450		true	自旧档汇入	2026-04-13T01:27:08+08:00
préférer	va	On ,, le jaune. Cf. Mieux, Plutôt	偏爱黄色	waong ngè seh seu’ tsen koei’		黄顔色算尊貴		450		true	自旧档汇入	2026-04-13T01:27:08+08:00
préfet	sm		省长；行政长官	tse ’fou		知府		450		true	自旧档汇入	2026-04-13T01:27:08+08:00
préfet	sm		省长；行政长官	tse tseû		知州		450		true	自旧档汇入	2026-04-13T01:27:08+08:00
préjudice	sm		损害	hai’ ts‘u’		害處		450		true	自旧档汇入	2026-04-13T01:27:08+08:00
préjudice	sm	Porter - à qqn	损害某人	hai’ i		害伊		450		true	自旧档汇入	2026-04-13T01:27:08+08:00
préjudice	sm	Subir un -	遭受伤害	k‘ieh k‘iu		吃虧		450		true	自旧档汇入	2026-04-13T01:27:08+08:00
préjudice	sm	Subir un -	遭受伤害	k‘ieh ’tié k‘i’		吃點氣		450		true	自旧档汇入	2026-04-13T01:27:08+08:00
préjudiciable	adj		有损害的，不利的	hai’ gnen ke’		害人个		450		true	自旧档汇入	2026-04-13T01:27:08+08:00
préjugé	sm		偏见，成见	zeng kié’		成見		450		true	自旧档汇入	2026-04-13T01:27:08+08:00
préjugé	sm		偏见，成见	p‘ié k‘ié’		偏見		450		true	自旧档汇入	2026-04-13T01:27:08+08:00
préjugé	sm		偏见，成见	se kié’		私見		450		true	自旧档汇入	2026-04-13T01:27:08+08:00
Prélasser	vr.	(Se)	神气活现，趾高气昂	ka’ lôh		架䟿		451	待定 本字存疑	true	自旧档汇入	2026-04-13T01:27:08+08:00
Prélasser	vr.	(Se)	神气活现，趾高气昂	tsaong waong		裝隍	？	451	待定 本字存疑	true	自旧档汇入	2026-04-13T01:27:08+08:00
Prélasser	vr.	(Se)	神气活现，趾高气昂	yao yao ’pa ’pa		摇摇擺擺		451		true	自旧档汇入	2026-04-13T01:27:08+08:00
Prélasser	vr.	(Se)	神气活现，趾高气昂	da’ toh sè bou’	da’ doh sè bou’	大[足睪]三步	大踱三步	451		true	自旧档汇入	2026-04-13T01:27:08+08:00
Prêle	sf.		木贼	tsih ’ts‘ao		節草		451		true	自旧档汇入	2026-04-13T01:27:08+08:00
Prêle	sf.		木贼	mô waong		麻黄		451		true	自旧档汇入	2026-04-13T01:27:08+08:00
Prélever	va.	Exiger. Retrancher.	抽取，提取	k‘eû’ t‘éh		扣脱		451		true	自旧档汇入	2026-04-13T01:27:08+08:00
Prélever	va.	Exiger. Retrancher.	抽取，提取	zu ts‘éh		除出		451		true	自旧档汇入	2026-04-13T01:27:08+08:00
Prélever	va.	Exiger. Retrancher.	抽取，提取	sié ts‘eû		先抽		451		true	自旧档汇入	2026-04-13T01:27:08+08:00
Prélever	va.	–une contribution	捐税	kieu li kien		捐厘金		451		true	自旧档汇入	2026-04-13T01:27:08+08:00
Prématuré	adj.		早熟的，过早的	t‘eh ’tsao		忒早		451		true	自旧档汇入	2026-04-13T01:27:08+08:00
Préméditation	sf.		事先考虑，预谋	yu’ sié ’yeû i’		預先有意		451		true	自旧档汇入	2026-04-13T01:27:08+08:00
Préméditation	sf.	C’est avec - qu’il enfui	他是有预谋的逃走了	i ze’ ’k‘i sin ’siang bao t‘éh ’tsé		伊是起心想跑脱者		451		true	自旧档汇入	2026-04-13T01:27:08+08:00
Préméditer	va.		事先考虑	yu’ sié ’siang ih ’siang		預先想一想		451		true	自旧档汇入	2026-04-13T01:27:08+08:00
Premier	adj.		第一的，初次的	di’ ih		第一		451		true	自旧档汇入	2026-04-13T01:27:08+08:00
Premier	adj.		第一的，初次的	deû ih		頭一		451		true	自旧档汇入	2026-04-13T01:27:08+08:00
Premier	adj.	Au - coup d’œil	乍一看	ih kié’ zieû’…		一見就⋯		451		true	自旧档汇入	2026-04-13T01:27:08+08:00
Premier	adj.	Du - élan	从第一势	ih vèh zieû’…		一滑就⋯		451		true	自旧档汇入	2026-04-13T01:27:08+08:00
Premier	adj.	Retournez-vous-enle-.	回到开始	nong’ sié wei ’tsé k‘i’		儂先回轉去		451		true	自旧档汇入	2026-04-13T01:27:08+08:00
Premier	adj.	En - lieu. D’abord.	首先	ih lai		一來		451		true	自旧档汇入	2026-04-13T01:27:08+08:00
Premier	adj.	En - lieu. D’abord.	首先	deû ih		頭一		451		true	自旧档汇入	2026-04-13T01:27:08+08:00
Premier	adj.	En - lieu. D’abord.	首先	deû laong’		頭上		451		true	自旧档汇入	2026-04-13T01:27:08+08:00
Premier	adj.	– à l’examen (académie)	考试第一名	zaong’ gneu		狀元		451		true	自旧档汇入	2026-04-13T01:27:08+08:00
Premier	adj.	Le - venu.	第一个来	véh len’ sa’ gnen		勿論啥人		451		true	自旧档汇入	2026-04-13T01:27:08+08:00
Premièrement	adv.		首先，第一	sié		先		451		true	自旧档汇入	2026-04-13T01:27:08+08:00
Premièrement	adv.		首先，第一	di’ ih		第一		451		true	自旧档汇入	2026-04-13T01:27:08+08:00
Premièrement	adv.		首先，第一	deû ih ghié’ ze’ ’t‘i		頭一件事體		451		true	自旧档汇入	2026-04-13T01:27:08+08:00
Prémunir	vr.	(Se) contre.	预防，防备	baong bei’		防備		451		true	自旧档汇入	2026-04-13T01:27:08+08:00
Prémunir	vr.	Se défendre	预防，防备	baong sen		防身		451		true	自旧档汇入	2026-04-13T01:27:08+08:00
Prendre	va.		拿，取，抓	nao(nè)		拏		451		true	自旧档汇入	2026-04-13T01:27:08+08:00
Prendre	va.		拿，取，抓	tè		担		451		true	自旧档汇入	2026-04-13T01:27:08+08:00
Prendre	va.		拿，取，抓	seû k‘i’		收去		451		true	自旧档汇入	2026-04-13T01:27:08+08:00
Prendre	va.		拿，取，抓	ta’ k‘i’		帶去		451		true	自旧档汇入	2026-04-13T01:27:08+08:00
Prendre	va.	Arrêtre, saisir.	抓住	tsoh zah		捉着		451		true	自旧档汇入	2026-04-13T01:27:08+08:00
Prendre	va.	Arrêtre, saisir.	抓住	nao zu’		拏住		451		true	自旧档汇入	2026-04-13T01:27:08+08:00
Prendre	va.	Arrêtre, saisir.	抓住	’la zu’		拉住		451		true	自旧档汇入	2026-04-13T01:27:08+08:00
Prendre	va.	Ravir.	抢夺	’ts‘isng		搶		451		true	自旧档汇入	2026-04-13T01:27:08+08:00
Prendre	va.	Ravir.	抢夺	deuh		奪		451		true	自旧档汇入	2026-04-13T01:27:08+08:00
Prendre	va.	Ravir.	抢夺	’ts‘iang deuh		搶奪		451		true	自旧档汇入	2026-04-13T01:27:08+08:00
Prendre	va.	– et arrêtre	抢夺	’la zu’		拉住		451		true	自旧档汇入	2026-04-13T01:27:08+08:00
Prendre	va.	– et arrêtre	抢夺	k‘eû’ zu’		扣住		451		true	自旧档汇入	2026-04-13T01:27:08+08:00
Prendre	va.	– et arrêtre	抢夺	lieû zu’		留住		451		true	自旧档汇入	2026-04-13T01:27:08+08:00
Prendre	va.	–avec les doights	用手抓	ts‘euh		撮		451		true	自旧档汇入	2026-04-13T01:27:08+08:00
Prendre	va.	–avec les doights	用手抓	gnèh		捻	捏	451		true	自旧档汇入	2026-04-13T01:27:08+08:00
Prendre	va.	les griffes.	抓伤	tsao zu’		抓住		451		true	自旧档汇入	2026-04-13T01:27:08+08:00
Prendre	va.	les griffes.	抓伤	’la		攋		451		true	自旧档汇入	2026-04-13T01:27:08+08:00
Prendre	va.	–une détermination	下定决心	nao ding’ ’tsu i’		拏定主意		451		true	自旧档汇入	2026-04-13T01:27:08+08:00
Prendre	va.	–une ville d’assaut	攻打城市	kong ’tang zeng deû		攻打城頭		451		true	自旧档汇入	2026-04-13T01:27:08+08:00
Prendre	va.	–par force	用强力拿	ngang’ pouo’		硬霸		451		true	自旧档汇入	2026-04-13T01:27:08+08:00
Prendre	va.	–par force	用强力拿	ghiang pouo’		强霸		451		true	自旧档汇入	2026-04-13T01:27:08+08:00
Prendre	va.	Lequel prenez-vous?	你选哪一个？	’kè ’a ’li ih ke’		揀那裏一个？	？	451		true	自旧档汇入	2026-04-13T01:27:08+08:00
Prendre	va.	–qqn comme portier	让某人做门卫	yong’ i k‘eu men		用伊看門		451		true	自旧档汇入	2026-04-13T01:27:08+08:00
Prendre	va.	la teinture ne premd pas	染不上颜色	’gné véh zaong’ ngè seh		染勿上顔色		451		true	自旧档汇入	2026-04-13T01:27:08+08:00
Prendre	va.	–sur soi la responsabilité	承担责任	zeng taong		承當		451		true	自旧档汇入	2026-04-13T01:27:08+08:00
Prendre	va.	–sur soi la responsabilité	承担责任	tè taong		担當		451		true	自旧档汇入	2026-04-13T01:27:08+08:00
Prendre	va.	–sur soi la responsabilité	承担责任	zing gneu’ tè ts‘ouo (tè kou’)		情愿担差（担過）	情願担差（担過）	451		true	自旧档汇入	2026-04-13T01:27:08+08:00
Prendre	va.	–du bouillon	喝汤	hèh t‘aong	h‘èh t‘aong	喝湯	呷湯	451	待定	true	自旧档汇入	2026-04-13T01:27:08+08:00
Prendre	va.	–un remède	服药	k‘ieh yah		吃藥		451		true	自旧档汇入	2026-04-13T01:27:08+08:00
Prendre	vr.	S’en - à.	惹某人，向某人挑衅	koa’		怪		451		true	自旧档汇入	2026-04-13T01:27:08+08:00
Prendre	vr.	S’en - à.	惹某人，向某人挑衅	péh tséh zen’ ’la i		撥責任拉伊		451		true	自旧档汇入	2026-04-13T01:27:08+08:00
Prendre	loc. adv.	À tout-	所有情况都考虑到了	’siang lai ’siang k‘i’		想來想去		451		true	自旧档汇入	2026-04-13T01:27:08+08:00
Prénom	sm.		名字	ming ze’		名字		451		true	自旧档汇入	2026-04-13T01:27:08+08:00
Prénom	sm.		名字	hao’		號		451		true	自旧档汇入	2026-04-13T01:27:08+08:00
Préoccuper	va.		使担心	kouo’ ’la sin laong’		掛拉心上		451		true	自旧档汇入	2026-04-13T01:27:08+08:00
Préoccuper	vr.	Il ne faut pas s’en -.	关心，关怀	véh yao’ tsoh nè’		勿要作難		452	待定	true	自旧档汇入	2026-04-13T01:27:08+08:00
Prépare	pp.		準備，預備	yé’ zeng ke’		現成个		452		true	自旧档汇入	2026-04-13T01:27:08+08:00
Prépare	pp.		準備，預備	yu’ bei’ ’la ’tsé		預備拉者		452		true	自旧档汇入	2026-04-13T01:27:08+08:00
Préparer	va.	Se-	安排	eu ba		安排		452		true	自旧档汇入	2026-04-13T01:27:08+08:00
Préparer	va.	Se-	安排	su zu ’h‘ao		舒徐好		452		true	自旧档汇入	2026-04-13T01:27:08+08:00
Préparer	vr.		准备，预备	yu’ bei’		預備		452		true	自旧档汇入	2026-04-13T01:27:08+08:00
Préparer	vr.	– une chambre	准备一个房间	’tseng bei’ waong kè		整備房間		452		true	自旧档汇入	2026-04-13T01:27:08+08:00
Préparer	vr.	– à manger	准备一顿饭	sao(yu’ bei’) vè’		燒（預備）飯		452		true	自旧档汇入	2026-04-13T01:27:08+08:00
Préparer	vr.	– à manger	准备一顿饭	long’ vè’		弄飯		452		true	自旧档汇入	2026-04-13T01:27:08+08:00
Préparer	vr.	– ses bagages	准备行李	yu’ bei’ hang ’li		預備行李		452		true	自旧档汇入	2026-04-13T01:27:08+08:00
Préparer	vr.	– ses bagages	准备行李	lié’ ling sé’		斂零碎		452		true	自旧档汇入	2026-04-13T01:27:08+08:00
Préposer	va.	à un office	指派，指定	p‘a’ i ’koé		派伊管		452		true	自旧档汇入	2026-04-13T01:27:08+08:00
Prérogative	sf.		特权	se en		私恩		452		true	自旧档汇入	2026-04-13T01:27:08+08:00
Prérogative	sf.		特权	keh wai’ ke’ ghieu ping’		格外个權柄		452		true	自旧档汇入	2026-04-13T01:27:08+08:00
Prérogative	sf.		特权	déh en		特恩		452		true	自旧档汇入	2026-04-13T01:27:08+08:00
Près	prép.		在…临近	ghien’		近		452		true	自旧档汇入	2026-04-13T01:27:08+08:00
Près	prép.		在…临近	siang ghien’		相近		452		true	自旧档汇入	2026-04-13T01:27:08+08:00
Près	prép.	–d’ici	接近	li k‘ai ’ts‘e di’ véh ’yeu		離開此地勿遠		452		true	自旧档汇入	2026-04-13T01:27:08+08:00
Près	prép.	–de. À côté de.	挨着	t‘ih ghien’		貼近		452		true	自旧档汇入	2026-04-13T01:27:08+08:00
Près	prép.	–de. À côté de.	挨着	’la baong pié		拉旁邊		452		true	自旧档汇入	2026-04-13T01:27:08+08:00
Près	prép.	À cela-	到这个附近	zu ts‘éh di’ ke’ ’i wai’		除出第个以外		452		true	自旧档汇入	2026-04-13T01:27:08+08:00
Près	prep. loc. adv.	A peu-.	差不多，几乎	ts‘ouo véh tou		差勿多		452		true	自旧档汇入	2026-04-13T01:27:08+08:00
Près	prep. loc. adv.	A peu-.	差不多，几乎	zaong’ loh véh tou		上落勿多		452		true	自旧档汇入	2026-04-13T01:27:08+08:00
Près	prep. loc. adv.	À beaucoup-	差的多，远不如	ts‘ouo teh tou		差得多		452		true	自旧档汇入	2026-04-13T01:27:08+08:00
Près	prep. loc. adv.	À beaucoup-	差的多，远不如	’yeu ’hiu		遠許		452		true	自旧档汇入	2026-04-13T01:27:08+08:00
Près	prep. loc. adv.	Avoir été- de… mourir	已经接近死	ts‘ouo ih ’ngè véh zeng saong’ ming’		差一眼勿曾喪命		452		true	自旧档汇入	2026-04-13T01:27:08+08:00
Près	prep. loc. adv.	Avoir été- de… mourir	已经接近死	ki ki wou ’si		幾幾乎死		452	待定	true	自旧档汇入	2026-04-13T01:27:08+08:00
Près	prep. loc. adv.	Être - de partir	即将离开	k‘i’ k‘oa’		去快		452		true	自旧档汇入	2026-04-13T01:27:08+08:00
Près	prep. loc. adv.	Être - de partir	即将离开	’nai zieû’ yao’ ’tseû ’tsé		乃就要走者	？	452	重要 待定	true	自旧档汇入	2026-04-13T01:27:08+08:00
Présage	sm.		预兆，征兆	zao’		兆		452		true	自旧档汇入	2026-04-13T01:27:08+08:00
Présage	sm.		预兆，征兆	yu’ zao’		預兆		452		true	自旧档汇入	2026-04-13T01:27:08+08:00
Présager	va.		预兆，预示	yu’ sié ’tse ’tié		預先指點		452		true	自旧档汇入	2026-04-13T01:27:08+08:00
Présager	va.		预兆，预示	yu’ liao’		預料		452		true	自旧档汇入	2026-04-13T01:27:08+08:00
Présager	va.		预兆，预示	yu’ yé		預言		452		true	自旧档汇入	2026-04-13T01:27:08+08:00
Presbyte	sm.		远视眼的，老花眼的	’lao (’yeu) koang		老（遠）光		452		true	自旧档汇入	2026-04-13T01:27:08+08:00
Presbytère	sm.(C.)		教士住宅	kong ’sou		公所		452		true	自旧档汇入	2026-04-13T01:27:08+08:00
Prescience	sf.		预知，预见	sié tse		先知		452		true	自旧档汇入	2026-04-13T01:27:08+08:00
Prescience	sf.		预知，预见	yu’ sié ’hiao teh		預先曉得		452		true	自旧档汇入	2026-04-13T01:27:08+08:00
Prescription	sf.	Ordre.	规定，指示	ming’ ling’		命令		452		true	自旧档汇入	2026-04-13T01:27:08+08:00
Prescription	sf.	Ordonnance médicale.	药方，处方	yah faong		藥方		452		true	自旧档汇入	2026-04-13T01:27:08+08:00
Prescription	sf.	Ordonnance médicale.	药方，处方	faong ’tse [ih tsang]		方子[一張]		452		true	自旧档汇入	2026-04-13T01:27:08+08:00
Prescrire	va.		要求，规定	fen p‘a’		吩派		452		true	自旧档汇入	2026-04-13T01:27:08+08:00
Prescrire	va.		要求，规定	fen fou’		吩咐		452		true	自旧档汇入	2026-04-13T01:27:08+08:00
Préséance	sf.		优先，上座	tsou’ ’tsang		做長		452		true	自旧档汇入	2026-04-13T01:27:08+08:00
Préséance	sf.		优先，上座	wei ’seû		為首		452		true	自旧档汇入	2026-04-13T01:27:08+08:00
Préséance	sf.		优先，上座	deû wei’		頭位		452		true	自旧档汇入	2026-04-13T01:27:08+08:00
Préséance	sf.	L’usurper.	篡夺它	’ts‘iang sié		搶先		452		true	自旧档汇入	2026-04-13T01:27:08+08:00
Préséance	sf.	L’usurper.	篡夺它	tsié’ sié		僭先	占先	452		true	自旧档汇入	2026-04-13T01:27:08+08:00
Préséance	sf.	La disputer.	竞争	tseng sié		争先		452		true	自旧档汇入	2026-04-13T01:27:08+08:00
Préséance	sf.	Qu’on garde l’ordre des -s.	保持座位次序	koh tsao’ ’pen wei’		各照本位		452		true	自旧档汇入	2026-04-13T01:27:08+08:00
Présence	sf.		在场，出席	léh ’la		垃拉		452		true	自旧档汇入	2026-04-13T01:27:08+08:00
Présence	sf.		在场，出席	men zié		門前		452		true	自旧档汇入	2026-04-13T01:27:08+08:00
Présence	sf.(C.)	En- de Dieu	在天主面前	T‘ié ’tsu dai zié		天主臺前		452		true	自旧档汇入	2026-04-13T01:27:08+08:00
Présence	sf.(C.)	Exercice de la - de Dieu	天主的影响	se ’tsu zai’ kiè’		思主在鑒		452		true	自旧档汇入	2026-04-13T01:27:08+08:00
Présence	sf.(C.)	En - [de qqn]	某人面前	’la men zié		拉門前		452		true	自旧档汇入	2026-04-13T01:27:08+08:00
Présence	sf.(C.)	En - [de qqn]	某人面前	taong mié’		當面		452		true	自旧档汇入	2026-04-13T01:27:08+08:00
Présent	sm.	Don.	礼物，礼品	’li wéh		禮物		452		true	自旧档汇入	2026-04-13T01:27:08+08:00
Présent	sm.	Don.	礼物，礼品	’siao i’ se		小意思		452		true	自旧档汇入	2026-04-13T01:27:08+08:00
Présent	sm.	Envoyer un -.	送礼	song’ ’li		送禮		452		true	自旧档汇入	2026-04-13T01:27:08+08:00
Présent	sm.	Envoyer un -.	送礼	song’ gnen zing		送人情		452		true	自旧档汇入	2026-04-13T01:27:08+08:00
Présent	sm.	Rendre un -.	回礼	wei ’li		回禮		453		true	自旧档汇入	2026-04-13T01:27:08+08:00
Présent	sm.	Rendre un -.	回礼	tèh ’li		答禮		453		true	自旧档汇入	2026-04-13T01:27:08+08:00
Présent	sm.	Offrir un - aux supérieurs	向上级献礼	hié’		獻		453		true	自旧档汇入	2026-04-13T01:27:08+08:00
Présent	sm.	Offrir un - aux supérieurs	向上级献礼	hang ih ’ngè ’ke kieng’ i’	hang ih ’ngè ke’ kieng’ i’	行一眼个敬意		453		true	自旧档汇入	2026-04-13T01:27:08+08:00
Présent	sm.	– pour suborner	给下属	séh hoei’	séh h‘oei’	塞賄		453		true	自旧档汇入	2026-04-13T01:27:08+08:00
Présent	adj.	Être -	露面	léh ’la		垃拉		453		true	自旧档汇入	2026-04-13T01:27:08+08:00
Présent	adj.	Être -	露面	léh ’li		垃裏		453		true	自旧档汇入	2026-04-13T01:27:08+08:00
Présent	adj.	Actuel.	目前的，现在的	zu (taong) kien ke’		如（當）今个		453		true	自旧档汇入	2026-04-13T01:27:08+08:00
Présent	adj.	Actuel.	目前的，现在的	yé’ zai’ ke’		現在个		453		true	自旧档汇入	2026-04-13T01:27:08+08:00
Présent	adj.	Les plaisirs de la vie -e.	生前	seng zié (kien sang) ke’ k‘oa’ loh		生前（今生）个快樂		453		true	自旧档汇入	2026-04-13T01:27:08+08:00
Présent	adv.	À -.	今后	kou’ hiéh		箇歇		453		true	自旧档汇入	2026-04-13T01:27:08+08:00
Présent	adv.	À -.	今后	di’ hiéh		第歇		453		true	自旧档汇入	2026-04-13T01:27:08+08:00
Présent	adv.	Jusqu’à-	直到现在	tao’ zu kien		到如今		453		true	自旧档汇入	2026-04-13T01:27:08+08:00
Présent	adv.	Jusqu’à-	直到现在	tao’ yé’ zai’		到現在		453		true	自旧档汇入	2026-04-13T01:27:08+08:00
Présent	adv.	Jusqu’à-	直到现在	tao’ ’nai		到乃		453		true	自旧档汇入	2026-04-13T01:27:08+08:00
Présent	sm.	S’occuperdu- sans penser à l’avenir	不顾未来，只顾现在	tséh kou’ ’ngè zié véh kou’ pei’ heû’		只顧眼前勿顧背後		453		true	自旧档汇入	2026-04-13T01:27:08+08:00
Présentation	(C.)	de N.S.	头胎婴儿奉献仪式	seng’ ’mou hié’ ya-sou yu ’tsu daong		聖母獻耶穌於主堂		453		true	自旧档汇入	2026-04-13T01:27:08+08:00
Présentation	(C.)	– de la S. Vierge	圣母献堂	seng’ ’mou hié’ daong		聖母獻堂		453		true	自旧档汇入	2026-04-13T01:27:08+08:00
Présentation	(C.)	Congrégation de la -	献堂会众	hié’ daong wei’		獻堂會		453		true	自旧档汇入	2026-04-13T01:27:08+08:00
Présentement	adv.		现在，目前	zu kien		如今		453		true	自旧档汇入	2026-04-13T01:27:08+08:00
Présentement	adv.		现在，目前	yé’ kien		現今		453		true	自旧档汇入	2026-04-13T01:27:08+08:00
Présentement	adv.		现在，目前	yé’ zai’		現在		453		true	自旧档汇入	2026-04-13T01:27:08+08:00
Présentement	adv.		现在，目前	moh ’ya		目下		453		true	自旧档汇入	2026-04-13T01:27:08+08:00
Présenter		ses respects	拜见	pa’ maong’		拜望		453		true	自旧档汇入	2026-04-13T01:27:08+08:00
Présenter		Introduire. Patronner.	介绍，引进	’yen tsin’		引進		453		true	自旧档汇入	2026-04-13T01:27:08+08:00
Présenter		Introduire. Patronner.	介绍，引进	’ling tsin’ lai		領進來		453		true	自旧档汇入	2026-04-13T01:27:08+08:00
Présenter		Introduire. Patronner.	介绍，引进	’kiu tsié’		舉薦		453		true	自旧档汇入	2026-04-13T01:27:08+08:00
Présenter	vr.	Se - devant qqn.	拜访某人	wei’ (kié’) i		會（見）伊		453	原注有“Cf.Offrir.”	true	自旧档汇入	2026-04-13T01:27:08+08:00
Présenter	vr.	Si l’occasion se présente	如果机会出现	’t‘aong ’se ’yeû ki wei’ (faong bié’)		倘使有機會（方便）		453		true	自旧档汇入	2026-04-13T01:27:08+08:00
Préserver	va.		保护，储存	’pao zen		保存		453		true	自旧档汇入	2026-04-13T01:27:08+08:00
Président		d’assemblée	议会议长	wei’ ’seû(deû)		會首（頭）		453		true	自旧档汇入	2026-04-13T01:27:08+08:00
Président		d’assemblée	议会议长	wei’ tseng’		會正		453		true	自旧档汇入	2026-04-13T01:27:08+08:00
Président		– de ministère.	部长	zang’ su		尚書		453	待定	true	自旧档汇入	2026-04-13T01:27:08+08:00
Président		Vice -	副部长	ze’ laong		侍郎		453		true	自旧档汇入	2026-04-13T01:27:08+08:00
Président		Vice -	副部长	fou’ wei’ tseng’		副會正		453		true	自旧档汇入	2026-04-13T01:27:08+08:00
Président		– de république.	共和国总统	’tsong ’t‘ong		總統		453		true	自旧档汇入	2026-04-13T01:27:08+08:00
Présider	va. et vn.		主持，主管	’tsang ’koé		掌管		453		true	自旧档汇入	2026-04-13T01:27:08+08:00
Présider	va. et vn.		主持，主管	’tsu ’li		主理		453		true	自旧档汇入	2026-04-13T01:27:08+08:00
Présomptif	adj.	(Héritier) du trône	王储	waong t‘a’ ’tse		皇太子		453		true	自旧档汇入	2026-04-13T01:27:08+08:00
Présomptif	adj.	–d’une famille	家族继承人	yeng kai teh ka taong	yeng kai teh ka taong’	應該得家當		453		true	自旧档汇入	2026-04-13T01:27:08+08:00
Présomption	sf.		自大，自以为是	ze’ ’i wei ze’		自以為是		453		true	自旧档汇入	2026-04-13T01:27:08+08:00
Présomption	sf.		自大，自以为是	ze’ ze’ ghi zai		自恃其才		453		true	自旧档汇入	2026-04-13T01:27:08+08:00
Présomption	sf.	Pas de -!	不要自以为是！	véh yao’ t‘ai’ sa’ dou’ i’		勿要太啥大意		453		true	自旧档汇入	2026-04-13T01:27:08+08:00
Présomption	sf.	Pas de -!	不要自以为是！	véh yao’ t‘ai ’sia i’	véh yao’ t‘ai’ ’sia i’	勿要太寫意		453	待定	true	自旧档汇入	2026-04-13T01:27:08+08:00
Présomption	sf.	Plein de -.	十分自信	’dou tsou’ ’tsu ’tsang ke’		杜做主掌个		453	待定	true	自旧档汇入	2026-04-13T01:27:08+08:00
Présomptueux	adj.		自高自大的，自以为是的	dou’ ka’ k‘iang ke’		大架腔个		453		true	自旧档汇入	2026-04-13T01:27:08+08:00
Présomptueux	adj.		自高自大的，自以为是的	tse’ hiang’ t‘ai’ kao		志向太高		453		true	自旧档汇入	2026-04-13T01:27:08+08:00
Presque	adv.		将近，几乎，差不多	ki ki (ghien’) (ghien’) wou		幾幾（近近）乎		453		true	自旧档汇入	2026-04-13T01:27:08+08:00
Presque	adv.		将近，几乎，差不多	ts‘ouo véh tou		差勿多		453		true	自旧档汇入	2026-04-13T01:27:08+08:00
Presque	adv.		将近，几乎，差不多	t‘éh k‘ong ’tié		脱空點		453		true	自旧档汇入	2026-04-13T01:27:08+08:00
Presqu’île	sf.		半岛	di’ ’kieng		地頸	地？	453	待定。《法沪词典》上是presqu’île，但查字典应为Presqu‘ile	true	自旧档汇入	2026-04-13T01:27:08+08:00
Presqu’île	sf.		半岛	pé’ ’h‘ai tao’		半海島		453		true	自旧档汇入	2026-04-13T01:27:08+08:00
Pressant	adj.	Urgent.	紧急的，急迫的	’kien kiéh		緊急		453		true	自旧档汇入	2026-04-13T01:27:08+08:00
Pressant	adj.	Urgent.	紧急的，急迫的	yao’ ’kien lai		要緊來		453		true	自旧档汇入	2026-04-13T01:27:08+08:00
Presse	sf.	à imprimer	印刷机器	yen’ su ka’(ki k‘i’)		印書架（機器）		454		true	自旧档汇入	2026-04-13T01:27:08+08:00
Presse	sf.	C’est un temps de grande-	忙的时候	tseng’ ze’ ke’ dou’ maong deû		正是个大忙頭		454		true	自旧档汇入	2026-04-13T01:27:08+08:00
Presse	sf.	C’est un temps de grande-	忙的时候	kiéh p‘euh ke’ ze heû’		急迫个時候		454		true	自旧档汇入	2026-04-13T01:27:08+08:00
Pressé	adj.		匆忙的，急促的	zah kiéh		着急		454		true	自旧档汇入	2026-04-13T01:27:08+08:00
Pressé	adj.		匆忙的，急促的	zaong’ ’kien		上緊		454		true	自旧档汇入	2026-04-13T01:27:08+08:00
Pressé	adj.		匆忙的，急促的	kiéh ts‘ôh		急促		454		true	自旧档汇入	2026-04-13T01:27:08+08:00
Pressé	adj.	–par le travail	赶工	maong		忙		454		true	自旧档汇入	2026-04-13T01:27:08+08:00
Pressé	adj.	–par le travail	赶工	maong maong lôh lôh		忙忙碌碌		454		true	自旧档汇入	2026-04-13T01:27:08+08:00
Pressé	adj.	– par la faim	饥饿的	’dou ’li ngou’ lai ’ya		肚裏餓來野		454		true	自旧档汇入	2026-04-13T01:27:08+08:00
Pressentir	va.	qqn.	试探某人	se’ se’ i		試試伊		454		true	自旧档汇入	2026-04-13T01:27:08+08:00
Pressentir	va.	– qqch.	预感到某事	yu’ sié liao’ tao’ (zah)		預先料到（着）		454		true	自旧档汇入	2026-04-13T01:27:08+08:00
Presse-papiers	sm.		镇纸	su k‘èh		書壓	？	454		true	自旧档汇入	2026-04-13T01:27:08+08:00
Presser	va.		压榨	k‘èh		壓		454		true	自旧档汇入	2026-04-13T01:27:08+08:00
Presser	va.		压榨	k‘ien’		撳		454		true	自旧档汇入	2026-04-13T01:27:08+08:00
Presser	va.	– dans une caisse	挤进板条箱	a a ’kien		挨挨緊		454		true	自旧档汇入	2026-04-13T01:27:08+08:00
Presser	va.	– dans une caisse	挤进板条箱	k‘ien’ lai kiéh tsôh		撳來結足		454		true	自旧档汇入	2026-04-13T01:27:08+08:00
Presser	va.	– et faire sortir le pus	挤出脓液	’tsi (tseng’) nong ts‘éh lai		擠（挣）膿出來	擠（？）膿出來	454		true	自旧档汇入	2026-04-13T01:27:08+08:00
Presser	va.	– l’ennemi	紧逼敌人	’kien bou’ tsu		緊步追		454		true	自旧档汇入	2026-04-13T01:27:08+08:00
Presser	va.	– l’ennemi	紧逼敌人	’keu tei’ deû		趕對頭		454		true	自旧档汇入	2026-04-13T01:27:08+08:00
Presser	va.	– les ouvriers	压榨工人	ts‘u		催		454		true	自旧档汇入	2026-04-13T01:27:08+08:00
Presser	va.	– les ouvriers	压榨工人	kiao’ gnen ’keu ’kien		叫人趕緊		454		true	自旧档汇入	2026-04-13T01:27:08+08:00
Presser	va.	– le paiement d’un loyer	催交房租	ts‘u tsou		催租		454		true	自旧档汇入	2026-04-13T01:27:08+08:00
Presser	va.	Contraindre.	强迫，迫使	ngang’ pih		硬逼		454		true	自旧档汇入	2026-04-13T01:27:08+08:00
Presser	va.	Contraindre.	强迫，迫使	ts‘u pih		催逼		454		true	自旧档汇入	2026-04-13T01:27:08+08:00
Presser	va.	Qu-est ce qui vs presse?	有什么新闻？	nong’ maong lai ’yeû sa’ ze’ ’t‘i		儂忙來有啥事體		454		true	自旧档汇入	2026-04-13T01:27:08+08:00
Presser	va.	Ne vous pressez pas.	别着急	véh yao’ sin kiéh		勿要心急		454		true	自旧档汇入	2026-04-13T01:27:08+08:00
Presser	vr.	Se -. Se serrer.	收紧	ghèh lai ih dao	gèh lai ih dao	劼來一淘		454		true	自旧档汇入	2026-04-13T01:27:08+08:00
Presser	vr.	Se -. Se serrer.	收紧	’yong ’tsi		擁擠		454		true	自旧档汇入	2026-04-13T01:27:08+08:00
Pression	sf.	vapeur, gaz	蒸汽，气体	k‘i’ lih		氣力		454		true	自旧档汇入	2026-04-13T01:27:08+08:00
Pressoir	sm.	– pr le vin (l’huile)	榨油机	tsouo’ zaong’		榨床		454		true	自旧档汇入	2026-04-13T01:27:08+08:00
Pressoir	sm.	– pr le vin (l’huile)	榨油机	’tsieû (yeû) tsouo’ zaong’		酒（油）榨床		454		true	自旧档汇入	2026-04-13T01:27:08+08:00
Pressurer	va.		压榨，敲诈，勒索	pih gnen		逼人		454		true	自旧档汇入	2026-04-13T01:27:08+08:00
Pressurer	va.		压榨，敲诈，勒索	k‘ou k‘eh		苛剋		454	待定	true	自旧档汇入	2026-04-13T01:27:08+08:00
Pressurer	va.		压榨，敲诈，勒索	seû koèh		搜括	搜刮	454		true	自旧档汇入	2026-04-13T01:27:08+08:00
Prestance	sf.		仪容	wei gné		威嚴		454		true	自旧档汇入	2026-04-13T01:27:08+08:00
Prestance	sf.	De belle-.	仪表堂堂	siang’ mao’ daong daong		相貌堂堂		454		true	自旧档汇入	2026-04-13T01:27:08+08:00
Prestement	adv.		迅速地，极速地	k‘oa’ sao’		快燥	？	454		true	自旧档汇入	2026-04-13T01:27:08+08:00
Prestement	adv.		迅速地，极速地	kiah k‘ieng ’seû zih		脚輕手捷		454		true	自旧档汇入	2026-04-13T01:27:08+08:00
Prestidigitateur	sm.		魔术师，变戏法的人	ts‘éh (pié’) hi’ fèh ke’		出（變）戲法个		454		true	自旧档汇入	2026-04-13T01:27:08+08:00
Prestige	sm.	Avoir du -.	威信，威望	’yeû se’ lih		有勢力		454		true	自旧档汇入	2026-04-13T01:27:08+08:00
Prestige	sm.	Avoir du -.	威信，威望	héh héh ’yeû ming	h‘éh h‘éh ’yeû ming	赫赫有名		454		true	自旧档汇入	2026-04-13T01:27:08+08:00
Présumer	va.		推想，推测	liao’		料		454		true	自旧档汇入	2026-04-13T01:27:08+08:00
Présumer	va.		推想，推测	ts‘éh doh		測度		454		true	自旧档汇入	2026-04-13T01:27:08+08:00
Présumer	va.		推想，推测	ts‘ai ’siang		猜想		454		true	自旧档汇入	2026-04-13T01:27:08+08:00
Présumer	va.		推想，推测	liang’ pih		諒必		454		true	自旧档汇入	2026-04-13T01:27:08+08:00
Présumer	vn.	– de ses forces.	推测自己的力量	t‘eh k‘ao’ t‘oh ze’ ka		忒靠托自家		454		true	自旧档汇入	2026-04-13T01:27:08+08:00
Présumer	vn.	– de ses forces.	推测自己的力量	zang’ ’pen ze’		仗本事		454		true	自旧档汇入	2026-04-13T01:27:08+08:00
Prêt	sm.		出借	tsia’		借		454		true	自旧档汇入	2026-04-13T01:27:08+08:00
Prêt	sm.	Donné en-	借给	tsia’ péh		借撥		454		true	自旧档汇入	2026-04-13T01:27:08+08:00
Prêt	sm.	Reçu en-	借来	tsia’ lai		借來		454		true	自旧档汇入	2026-04-13T01:27:08+08:00
Prêt	adj.	Être -	准备好	teu tseng’ (seû tsoh) ’h‘ao		端正（收作）好		454		true	自旧档汇入	2026-04-13T01:27:08+08:00
Prêt	adj.	Être -	准备好	tsou’ tse’ zah ’h‘ao		做志着好		454		true	自旧档汇入	2026-04-13T01:27:08+08:00
Prêt	adj.	Est-ce -? 	好了吗？	’h‘ao ’la méh		好拉末？		454		true	自旧档汇入	2026-04-13T01:27:08+08:00
Prêt	adj.	Cest -!	好了！	’h‘ao ’tsé		好者		454		true	自旧档汇入	2026-04-13T01:27:08+08:00
Prêt	adj.	Être – à.	准备好	gneu’ i’		願意		454		true	自旧档汇入	2026-04-13T01:27:08+08:00
Prêt	adj.	Être – à.	准备好	yao’		要		454		true	自旧档汇入	2026-04-13T01:27:08+08:00
Prétendre	va.	Affirmer.	肯定，断言	seh ding’		説定		454		true	自旧档汇入	2026-04-13T01:27:08+08:00
Prétendre	va.	Affirmer.	肯定，断言	wo’ ding’		話定		454		true	自旧档汇入	2026-04-13T01:27:08+08:00
Prétendre	va.	– à faux.	假装	’ka tsaong		假裝		454		true	自旧档汇入	2026-04-13T01:27:08+08:00
Prétendre	va.	– à faux.	假装	’ka tsou’		假做		454		true	自旧档汇入	2026-04-13T01:27:08+08:00
Prétendre	va.	Vouloir.	想要	yao’		要		454		true	自旧档汇入	2026-04-13T01:27:08+08:00
Prétendu	adj.		所谓的	’ka ke’		假个		455		true	自旧档汇入	2026-04-13T01:27:08+08:00
Prétendu	adj.		所谓的	’ka yang deû		假佯頭		455		true	自旧档汇入	2026-04-13T01:27:08+08:00
Prête-nom	sm.		（契约等的）出面人，顶替人	kouo’ (ts‘éh) ming ke’ gnen		掛（出）名个人		455		true	自旧档汇入	2026-04-13T01:27:08+08:00
Prête-nom	sm.	Se servir d’un -.	用一个出面人	tsia’ gnen ke’ ming ze’ (ba ’tse)		借人个名字（牌子）		455		true	自旧档汇入	2026-04-13T01:27:08+08:00
Prétentieux	adj.		做作的，浮夸的	yang li’ p‘ou’ tsang	yang li’ p‘ou tsang	揚厲鋪張		455	待定	true	自旧档汇入	2026-04-13T01:27:08+08:00
Prétentieux	adj.	Style -.	矫饰的文笔	da’ zai wen fèh		大才文法		455		true	自旧档汇入	2026-04-13T01:27:08+08:00
Prétention	sf.		自负，自命不凡	tsoh wei tsoh foh		作威作福		455		true	自旧档汇入	2026-04-13T01:27:08+08:00
Prétention	sf.		自负，自命不凡	ts‘eng’ sin ziang’ i’		稱心像意		455		true	自旧档汇入	2026-04-13T01:27:08+08:00
Prétention	sf.	Sans-.	谦逊的	k‘ié pei		謙卑		455		true	自旧档汇入	2026-04-13T01:27:08+08:00
Prêter	va. Cf.	Prêt	出借，贷放	tsia’ péh		借撥		455		true	自旧档汇入	2026-04-13T01:27:08+08:00
Prêter	va. Cf.	– à intérêt.	以利息借出	faong’ dong dié (li’ dié)		放銅錢（利錢）		455		true	自旧档汇入	2026-04-13T01:27:08+08:00
Prêter	va. Cf.	– à intérêt.	以利息借出	faong’ tsang’ (li’)		放賬（利）		455		true	自旧档汇入	2026-04-13T01:27:08+08:00
Prêter	va. Cf.	– à gros intérêt. Usure.	放高利贷	faong’ ’zong li’ dié		放重利錢		455		true	自旧档汇入	2026-04-13T01:27:08+08:00
Prêter	va. Cf.	– à la petite semaine	放期短息重的高利贷	tsou’ faong’ yen’ ’tse sang i’		做放印子生意		455		true	自旧档汇入	2026-04-13T01:27:08+08:00
Prêter	va. Cf.	– à la petite semaine	放期短息重的高利贷	’tsé fong li’ dié		轉風利錢		455		true	自旧档汇入	2026-04-13T01:27:08+08:00
Prêter	va. Cf.	– ,, ,, (à 60%)	放60%利息的高利贷	faong’ loh fen dié	faong’ lôh fen dié	放六分錢		455		true	自旧档汇入	2026-04-13T01:27:08+08:00
Prêter	va. Cf.	– à 60 sap. par piastre.	六十大洋利息	loh séh kou’ yang	lôh séh kou’ yang	六十箇洋		455		true	自旧档汇入	2026-04-13T01:27:08+08:00
Prêter	vr.	Se - à.	适合于	zieû’ tsao’ gnen sing’ ’tse		就照人性子		455		true	自旧档汇入	2026-04-13T01:27:08+08:00
Prétexte	sm.		借口，托词	t‘ei ze ke’ seh wo’		推辭个説話		455		true	自旧档汇入	2026-04-13T01:27:08+08:00
Prétexte	sm.		借口，托词	daong séh		搪塞		455	原作“搪寒”	true	自旧档汇入	2026-04-13T01:27:08+08:00
Prétexter	va.		借口，假托	t‘oh kou’ t‘ei ze		托故推辭		455		true	自旧档汇入	2026-04-13T01:27:08+08:00
Prétexter	va.		借口，假托	’ka ts‘e ’ka ngai		假痴假呆		455		true	自旧档汇入	2026-04-13T01:27:08+08:00
Prétexter	va.	– la maladie	托病	tsaong bing’		裝病		455		true	自旧档汇入	2026-04-13T01:27:08+08:00
Prétexter	va.	– la maladie	托病	’ka sang bing’		假生病		455		true	自旧档汇入	2026-04-13T01:27:08+08:00
Prétoire	sm.		法庭，审判庭	nga men		衙門		455		true	自旧档汇入	2026-04-13T01:27:08+08:00
Prêtre	sm.(C.)		教士，神甫	se doh		司鐸		455		true	自旧档汇入	2026-04-13T01:27:08+08:00
Prêtre	sm.(C.)		教士，神甫	zen vou’ [ih wei’]		神父[一位]		455		true	自旧档汇入	2026-04-13T01:27:08+08:00
Prêtrise	sf.	Recevoir la -.	圣职，教士	seng’ zen vou’		聖神父		455		true	自旧档汇入	2026-04-13T01:27:08+08:00
Preuve	sf.	Raison. Témoignage.	证据，证明	bing kiu’		憑據		455		true	自旧档汇入	2026-04-13T01:27:08+08:00
Preuve	sf.	Raison. Témoignage.	证据，证明	’pouo ping’		把柄		455		true	自旧档汇入	2026-04-13T01:27:08+08:00
Preuve	sf.	Sans-.	没有证据	m bing m kiu’ ke’		無憑無據个	嘸憑嘸據个	455		true	自旧档汇入	2026-04-13T01:27:08+08:00
Preuve	sf.	Sans-.	没有证据	bing k‘ong		憑空		455		true	自旧档汇入	2026-04-13T01:27:08+08:00
Preuve	sf.	Faire la -. (arithm)	检验	wè gneu		還原		455		true	自旧档汇入	2026-04-13T01:27:08+08:00
Prévaloir	vr.	(Se) de.	利用	zang’ se’ mah		仗勢脈		455	原作“仗勢胍”	true	自旧档汇入	2026-04-13T01:27:08+08:00
Prévaloir	vr.	(Se) de.	利用	k‘ao’ se’		靠勢		455		true	自旧档汇入	2026-04-13T01:27:08+08:00
Prévaloir	vr.	(Se) de.	利用	zang’ ’pen ze’		仗本事		455		true	自旧档汇入	2026-04-13T01:27:08+08:00
Prévenant	adj.		和气的，和蔼的	wou k‘i’		和氣		455		true	自旧档汇入	2026-04-13T01:27:08+08:00
Prévenir	va.	Informer.	通知，告知	kao’ sou’		告訴		455		true	自旧档汇入	2026-04-13T01:27:08+08:00
Prévenir	va.	Informer.	通知，告知	wei deû		回頭		455		true	自旧档汇入	2026-04-13T01:27:08+08:00
Prévenir	va.	Informer.	通知，告知	koè tsao’		關照		455		true	自旧档汇入	2026-04-13T01:27:08+08:00
Prévenir	va.	Informer.	通知，告知	tsin ’fou	’tsin fou’	儘咐		455		true	自旧档汇入	2026-04-13T01:27:08+08:00
Prévenir	va.	Se précautionner.	预防，防备	baong bei’ (’seû)		防備（守）		455		true	自旧档汇入	2026-04-13T01:27:08+08:00
Prévenu	sm.		刑事被告，犯人	bei’ kao’		被告		455		true	自旧档汇入	2026-04-13T01:27:08+08:00
Prévenu	adj.	Il a l’esprit très-.	有成见的，有偏见的	i ke’ sin p‘ié teh li’ hai’		伊个心偏得利害		455		true	自旧档汇入	2026-04-13T01:27:08+08:00
Prévoir	va.		预见，预料	yu’ sié ’hiao teh		預先曉得		455		true	自旧档汇入	2026-04-13T01:27:08+08:00
Prévoir	va.	Qui aurait prévu que?	谁会预料到呢？	’la ’li ’hiao teh？		拉裏曉得? 		455	待定	true	自旧档汇入	2026-04-13T01:27:08+08:00
				’k‘i tse wou’？		豈知乎		455	標點	true	自旧档汇入	2026-04-13T01:27:08+08:00
Prévoir	va.	Conjecturer.	猜测，推测	ts‘ai zah		猜着		455		true	自旧档汇入	2026-04-13T01:27:08+08:00
Prévoir	va.	Conjecturer.	猜测，推测	liao’ ’siang		料想		455		true	自旧档汇入	2026-04-13T01:27:08+08:00
Prévoir	va.	Conjecturer.	猜测，推测	’yeû sou’ moh		有數目		455		true	自旧档汇入	2026-04-13T01:27:08+08:00
Prévoir	va.	Conjecturer.	猜测，推测	gneh liao’		逆料		456		true	自旧档汇入	2026-04-13T01:27:08+08:00
Prévoyant	adj.		有远见的（人）	’yeu kié’ seh ke’ gnen		遠見識个人		456		true	自旧档汇入	2026-04-13T01:27:08+08:00
Prévoyant	adj.		有远见的（人）	sin se ’yeu		心思遠		456		true	自旧档汇入	2026-04-13T01:27:08+08:00
Prie-Dieu	sm.		祷告台，跪凳	ghiu’ teng’ [ih tsah]		跪凳[一隻]		456		true	自旧档汇入	2026-04-13T01:27:08+08:00
Prier	va.		祈祷	ghieû		求		456		true	自旧档汇入	2026-04-13T01:27:08+08:00
Prier	va.		祈祷	ghi ghieû		祈求		456		true	自旧档汇入	2026-04-13T01:27:08+08:00
Prier	va.	– instamment.	恳求	’k‘en ghieû		懇求		456		true	自旧档汇入	2026-04-13T01:27:08+08:00
Prier	va.	Réciter des prières.	背诵祈祷	gnè’ kieng		念經		456		true	自旧档汇入	2026-04-13T01:27:08+08:00
Prier	va.	Inviter.	邀请	’ts‘ing		請		456		true	自旧档汇入	2026-04-13T01:27:08+08:00
Prier	va.	Je vous prie de me rendre un service.	请帮我个忙	vè lao (sa dou) nong’		煩勞（衰瘏）儂		456		true	自旧档汇入	2026-04-13T01:27:08+08:00
Prière	sf.	La-.	祈祷	ghi ’tao		祈禱		456		true	自旧档汇入	2026-04-13T01:27:08+08:00
Prière	sf.	La-.	祈祷	ghi ghieû		祈求		456		true	自旧档汇入	2026-04-13T01:27:08+08:00
Prière	sf.	Formule de -.	祈祷	kieng [ih pié’]		經[一遍]		456		true	自旧档汇入	2026-04-13T01:27:08+08:00
Prière	sf.	– du matin.	早课	’tsao k‘ou’		早課		456		true	自旧档汇入	2026-04-13T01:27:08+08:00
Prière	sf.	– du soir.	晚课	ya’ k‘ou’		夜課		456		true	自旧档汇入	2026-04-13T01:27:08+08:00
Prière	sf.	–s du matin et du soir.	早晚课	’tsao ya’ k‘ou’		早夜課		456		true	自旧档汇入	2026-04-13T01:27:08+08:00
Primer	va. et vn.		超过	ts‘ao ts‘éh		超出		456		true	自旧档汇入	2026-04-13T01:27:08+08:00
Primer	va. et vn.		超过	seng’ kou’		勝過		456		true	自旧档汇入	2026-04-13T01:27:08+08:00
Primitif	adj.		原始的	gneu		原		456		true	自旧档汇入	2026-04-13T01:27:08+08:00
Primitif	adj.		原始的	ghieû’		舊		456		true	自旧档汇入	2026-04-13T01:27:08+08:00
Primitif	adj.		原始的	’lao ke’		老个		456		true	自旧档汇入	2026-04-13T01:27:08+08:00
Primitivement	adv.		最初，原来	’k‘i deû		起頭		456		true	自旧档汇入	2026-04-13T01:27:08+08:00
Primitivement	adv.		最初，原来	taong ts‘ou		當初		456		true	自旧档汇入	2026-04-13T01:27:08+08:00
Prince	sm.		君主，君王	waong		王		456		true	自旧档汇入	2026-04-13T01:27:08+08:00
Prince	sm.	– du sang.	男王族（国王的兄弟子侄）	ts‘in waong		親王		456		true	自旧档汇入	2026-04-13T01:27:08+08:00
Prince	sm.	– du sang.	男王族（国王的兄弟子侄）	pei’ ’tse		貝子		456		true	自旧档汇入	2026-04-13T01:27:08+08:00
Principal	adj.		主要的，首要的	di’ ih		第一		456		true	自旧档汇入	2026-04-13T01:27:08+08:00
Principal	adj.		主要的，首要的	deû ih		頭一		456		true	自旧档汇入	2026-04-13T01:27:08+08:00
Principal	adj.		主要的，首要的	tsu’ dou’ ke’		最大个		456		true	自旧档汇入	2026-04-13T01:27:08+08:00
Principal	adj.		主要的，首要的	deû ’nao		頭腦		456		true	自旧档汇入	2026-04-13T01:27:08+08:00
Principal	sm.	– et intérêt.	本息	’pen dié li’ dié		本錢利錢		456		true	自旧档汇入	2026-04-13T01:27:08+08:00
Principal	sm.	– et intérêt.	本息	’pen li’		本利		456		true	自旧档汇入	2026-04-13T01:27:08+08:00
Principal	sm.	Le - et l’accessoire.	大事和小事。	’pen méh		本末		456		true	自旧档汇入	2026-04-13T01:27:08+08:00
Principalement	adv.		主要地，尤其	déh di’		特地		456		true	自旧档汇入	2026-04-13T01:27:08+08:00
Principalement	adv.		主要地，尤其	dou’ ven		大分		456		true	自旧档汇入	2026-04-13T01:27:08+08:00
Principauté	sf.		亲王或王子的封地或爵位	’siao kôh dou’		小國度		456		true	自旧档汇入	2026-04-13T01:27:08+08:00
Principe	sm.	Cause.	起因	ken ’tse		根子		456		true	自旧档汇入	2026-04-13T01:27:08+08:00
Principe	sm.	Cause.	起因	ken yeû		根由		456		true	自旧档汇入	2026-04-13T01:27:08+08:00
Principe	sm.	Cause.	起因	ken ’ti		根底		456		true	自旧档汇入	2026-04-13T01:27:08+08:00
Principe	sm.	Commencement.	起源	’k‘i deû		起頭		456		true	自旧档汇入	2026-04-13T01:27:08+08:00
Principe	sm.	Commencement.	起源	’k‘i ts‘ou		起初		456		true	自旧档汇入	2026-04-13T01:27:08+08:00
Principe	sm.	Point de morale.	原理	dao’ ’li		道理		456		true	自旧档汇入	2026-04-13T01:27:08+08:00
Principe	sm.	Homme de bons -s.	有道德的人	’yeû zing ’yeû gni’ ke’ gnen		有情有義个人		456		true	自旧档汇入	2026-04-13T01:27:08+08:00
Principe	sm.	Homme sans -s.	没有道德的人	véh seh ’h‘ao k‘ieû ke’		勿識好恘个		456		true	自旧档汇入	2026-04-13T01:27:08+08:00
Principe	sm.	Homme sans -s.	没有道德的人	m liang sin ke’ gnen		無良心个人	嘸良心个人	456		true	自旧档汇入	2026-04-13T01:27:08+08:00
Principe	sm.	Homme sans -s.	没有道德的人	wou fèh wou t‘ié		無法無天		456		true	自旧档汇入	2026-04-13T01:27:08+08:00
Principe	sm.	Loi. Règle.	法	’li		理		456		true	自旧档汇入	2026-04-13T01:27:08+08:00
Principe	sm.	Loi. Règle.	法	koei ’kiu		規矩		456		true	自旧档汇入	2026-04-13T01:27:08+08:00
Principe	sm.	–s de chimie.	化学原理	h‘ouo’ yah yao’ ’li		化學要理		456		true	自旧档汇入	2026-04-13T01:27:08+08:00
Printemps	sm.		春天	ts‘en t‘ié		春天		456		true	自旧档汇入	2026-04-13T01:27:08+08:00
Printemps	sm.	Au -.	在春天	ts‘en ’li		春裏		456		true	自旧档汇入	2026-04-13T01:27:08+08:00
Printemps	sm.	Commencement du -	立春	lih ts‘en		立春		456		true	自旧档汇入	2026-04-13T01:27:08+08:00
Printemps	sm.	Milieu du -.	春分	ts‘en ven		春分		456	待定	true	自旧档汇入	2026-04-13T01:27:08+08:00
Prise	sf.	de tabac.	一撮鼻烟	ih ts‘euh bieh yé		一撮鼻烟		456	待定	true	自旧档汇入	2026-04-13T01:27:08+08:00
Prise	sf.	– de bec.	吵嘴，口角	siang mô’		相駡		456		true	自旧档汇入	2026-04-13T01:27:08+08:00
Prise	sf.	– de bec.	吵嘴，口角	kèh ’tse zéh		夾嘴舌		456		true	自旧档汇入	2026-04-13T01:27:08+08:00
Prise	sf.	– de bec.	吵嘴，口角	’k‘eû koh		口角		456		true	自旧档汇入	2026-04-13T01:27:08+08:00
Prise	sf.	– de possession d’une maison	获得房子的所有权	tao’ kao dai’ waong ’tse ke’ ze heû’		到交代房子个時候		456		true	自旧档汇入	2026-04-13T01:27:08+08:00
Prise	sf.	Donner - à la médisance	给人诽谤的口实	tsao ’k‘eû zéh		遭口舌		457		true	自旧档汇入	2026-04-13T01:27:08+08:00
Prise	sf.	Donner - à la médisance	给人诽谤的口实	tsou’ wo’ ping’		做話柄		457		true	自旧档汇入	2026-04-13T01:27:08+08:00
Prise	sf.	Lâcher -.	松手，放手	song ’seû		鬆手		457		true	自旧档汇入	2026-04-13T01:27:08+08:00
Prise	sf.	Lâcher -.	松手，放手	faong’ ’seû		放手		457		true	自旧档汇入	2026-04-13T01:27:08+08:00
Priser	va.	qqn.	高度评价	k‘eu’ ’zong i		看重伊		457		true	自旧档汇入	2026-04-13T01:27:08+08:00
Priser	va.	– du tabac.	吸鼻烟	k‘ieh (hong’) bieh yé	k‘ieh (h‘ong’) bieh yé	吃（齅）鼻烟	？鼻烟	457		true	自旧档汇入	2026-04-13T01:27:08+08:00
Prison	sf.		监狱	kè		監		457		true	自旧档汇入	2026-04-13T01:27:08+08:00
Prison	sf.		监狱	kè lao		監牢		457		true	自旧档汇入	2026-04-13T01:27:08+08:00
Prison	sf.	– préventive. 	预防性监狱	pè waong		班房		457		true	自旧档汇入	2026-04-13T01:27:08+08:00
Prison	sf.	Être en -.	在监狱里	zou’ ’la kè lao ’li		坐拉監牢裏		457		true	自旧档汇入	2026-04-13T01:27:08+08:00
Prisonnier	sm.		俘虏	zou’ kè ke’ ’vè gnen		坐監个犯人		457		true	自旧档汇入	2026-04-13T01:27:08+08:00
Prisonnier	sm.	– déjà jugé.	已经被囚禁的	zieû ’vè		囚犯		457		true	自旧档汇入	2026-04-13T01:27:08+08:00
Prisonnier	sm.	– de guerre.	战俘	fou zieu		俘囚		457		true	自旧档汇入	2026-04-13T01:27:08+08:00
Prisonnier	sm.	– de guerre.	战俘	’lou lai ke’ gnen		擄來个人		457		true	自旧档汇入	2026-04-13T01:27:08+08:00
Privé	adj.		私人的	se ke’		私个		457		true	自旧档汇入	2026-04-13T01:27:08+08:00
Privé	adj.	Visite -e.	私人访问	bié’ kié’		便見		457		true	自旧档汇入	2026-04-13T01:27:08+08:00
Privé	adj.	– de.	被剥夺	k‘ieuh		缺		457		true	自旧档汇入	2026-04-13T01:27:08+08:00
Privé	adj.	– de.	被剥夺	’sao		少		457		true	自旧档汇入	2026-04-13T01:27:08+08:00
Privé	adj.	– de.	被剥夺	k‘ieuh ’sao		缺少		457		true	自旧档汇入	2026-04-13T01:27:08+08:00
Priver	va.		剥夺	nao t‘éh		拏脱		457		true	自旧档汇入	2026-04-13T01:27:08+08:00
Priver	va.		剥夺	kah t‘éh		革脱		457		true	自旧档汇入	2026-04-13T01:27:08+08:00
Priver	va.		剥夺	k‘eû’		扣		457		true	自旧档汇入	2026-04-13T01:27:08+08:00
Priver	vr.	Se - de.	丧失，放弃	ghi’		忌		457		true	自旧档汇入	2026-04-13T01:27:08+08:00
Priver	vr.	Se - de.	丧失，放弃	ka’		戒		457		true	自旧档汇入	2026-04-13T01:27:08+08:00
Priver	vr.	Se - de.	丧失，放弃	ka’ t‘éh		戒脱		457		true	自旧档汇入	2026-04-13T01:27:08+08:00
Privilège	sm.		特权	déh (se) en		特（私）恩		457		true	自旧档汇入	2026-04-13T01:27:08+08:00
Prix	sm.	Valeur.	价格	ka’ dié		價錢		457		true	自旧档汇入	2026-04-13T01:27:08+08:00
Prix	sm.	Valeur.	价格	haong zing		行情		457		true	自旧档汇入	2026-04-13T01:27:08+08:00
Prix	sm.	Valeur.	价格	ka’ zeh		價值		457		true	自旧档汇入	2026-04-13T01:27:08+08:00
Prix	sm.	– de la nourriture.	食品价格	vè’ dié		飯錢		457		true	自旧档汇入	2026-04-13T01:27:08+08:00
Prix	sm.	– du logement.	住宿价格	waong dié		房錢		457		true	自旧档汇入	2026-04-13T01:27:08+08:00
Prix	sm.	– coûtant.	成本价格	gneu ka’		原價		457		true	自旧档汇入	2026-04-13T01:27:08+08:00
Prix	sm.	Juste -.	合适的价格	zéh ka’		實價		457		true	自旧档汇入	2026-04-13T01:27:08+08:00
Prix	sm.	– exorbitant.	高昂的价格	hiu ka’		虚價		457		true	自旧档汇入	2026-04-13T01:27:08+08:00
Prix	sm.	– exorbitant.	高昂的价格	wang (zia) ka’ dié		横（邪）價錢		457		true	自旧档汇入	2026-04-13T01:27:08+08:00
Prix	sm.	– courant. Au - courant.	时价	ze ka’		時價		457		true	自旧档汇入	2026-04-13T01:27:08+08:00
Prix	sm.	– courant. Au - courant.	时价	ze’ mié’ haong zing		市面行情		457		true	自旧档汇入	2026-04-13T01:27:08+08:00
Prix	sm.	À -fixe.	固定价格	péh eul’ kia’		不二價		457		true	自旧档汇入	2026-04-13T01:27:08+08:00
Prix	sm.	Offrir son -.	出价	wè ka’		還價		457		true	自旧档汇入	2026-04-13T01:27:08+08:00
Prix	sm.	À très bas -.	以非常低的价格	wang ghiang		横强	？	457	便宜	true	自旧档汇入	2026-04-13T01:27:08+08:00
Prix	sm.	À très bas -.	以非常低的价格	dou’ ’kiao		大巧		457		true	自旧档汇入	2026-04-13T01:27:08+08:00
Prix	sm.	Sans -.	无价	m ka’		無價	嘸價	457		true	自旧档汇入	2026-04-13T01:27:08+08:00
Prix	sm.	Inappréciable.	无价之宝	wou kia’ tse ’pao		無價之寶		457		true	自旧档汇入	2026-04-13T01:27:08+08:00
Prix	sm.	Récompense.	补偿，赏金	’saong se’		賞賜		457		true	自旧档汇入	2026-04-13T01:27:08+08:00
Prix	sm.	Distribution des -.	奖品分配	’tsiang ’saong		獎賞		457		true	自旧档汇入	2026-04-13T01:27:08+08:00
Prix	sm.	Estime: attacher du -à	重视	k‘eu’ teh ’zong		看得重		457		true	自旧档汇入	2026-04-13T01:27:08+08:00
Prix	sm.	Estime: attacher du -à	重视	’pao pei’		寶貝		457		true	自旧档汇入	2026-04-13T01:27:08+08:00
Prix	sm.	Au - de. À l’aide de.	用于，借助于	yong’		用		457		true	自旧档汇入	2026-04-13T01:27:08+08:00
Prix	sm.	Au-de. En comparaison.	比较	’pi tse		比之		457		true	自旧档汇入	2026-04-13T01:27:08+08:00
Prix	sm.	À tout-. 	不惜一切代价	ding’ kié’		定見		457		true	自旧档汇入	2026-04-13T01:27:08+08:00
Prix	sm.	Per fas et ne-fas.	不管怎样	véh len’ ’na neng		勿論那能		457		true	自旧档汇入	2026-04-13T01:27:08+08:00
Probabilité	sf.		可能性，概率	da’ yah		大約		457		true	自旧档汇入	2026-04-13T01:27:08+08:00
Probabilité	sf.		可能性，概率	dou’ ven		大分		457		true	自旧档汇入	2026-04-13T01:27:08+08:00
Probable	adj.		很可能的	’h‘ao ziang’ ke’		好像个		457		true	自旧档汇入	2026-04-13T01:27:08+08:00
Probable	adj.	Pas-.	不可能的	véh kié’ teh		勿見得		457		true	自旧档汇入	2026-04-13T01:27:08+08:00
Probablement	adv.		可能，大概	da’ yah		大約		457		true	自旧档汇入	2026-04-13T01:27:08+08:00
Probablement	adv.		可能，大概	woh ’tsé		或者		457		true	自旧档汇入	2026-04-13T01:27:08+08:00
Probablement	adv.		可能，大概	wi’ ’k‘o tse		未可知		457		true	自旧档汇入	2026-04-13T01:27:08+08:00
Probe	adj.		正直的，诚实的	tseng’ kieng		正經		457		true	自旧档汇入	2026-04-13T01:27:08+08:00
Probe	adj.		正直的，诚实的	tsong heû’		忠厚		457		true	自旧档汇入	2026-04-13T01:27:08+08:00
Problème	sm.		问题	seu’ yah di moh		算學題目		457		true	自旧档汇入	2026-04-13T01:27:08+08:00
Problématique	adj.		成问题的，未定的	seu’ véh ding’		算勿定		457		true	自旧档汇入	2026-04-13T01:27:08+08:00
Problématique	adj.		成问题的，未定的	’pouo véh zu’		把勿住		457		true	自旧档汇入	2026-04-13T01:27:08+08:00
Procédé	sm.	Moyen	方法，手段	fèh ’tse		法子		457		true	自旧档汇入	2026-04-13T01:27:08+08:00
Procédé	sm.	Moyen	方法，手段	faong fèh		方法		457		true	自旧档汇入	2026-04-13T01:27:08+08:00
Procédé	sm.	Avoir de bons -s.	有好的态度	’h‘ao ’h‘ao neng dai’ biéh gnen		好好能待别人		457	待定	true	自旧档汇入	2026-04-13T01:27:08+08:00
Procéder	vn.	Venir de.	来自，出自	ts‘éh lai		出來		458		true	自旧档汇入	2026-04-13T01:27:08+08:00
Procéder	vn.	– contre qqn.	反对某人	kao’ i zaong’		告伊狀		458		true	自旧档汇入	2026-04-13T01:27:08+08:00
Procès	sm.		诉讼案件	koé se [ih zang]		官司[一場]		458		true	自旧档汇入	2026-04-13T01:27:08+08:00
Procès	sm.	Lui intenter un-.	起诉他	’tang koé se		打官司		458		true	自旧档汇入	2026-04-13T01:27:08+08:00
Procès	sm.	Lui intenter un-.	起诉他	péh koé se i k‘ieh		撥官司伊吃		458		true	自旧档汇入	2026-04-13T01:27:08+08:00
Procès	sm.	Le - est terminé.	审判结束	kiéh ze’ eu’ ’tsé		結是案者		458	注目	true	自旧档汇入	2026-04-13T01:27:08+08:00
Procès	sm.	Le - est terminé.	审判结束	eu’ siao ’tsé		案消者		458		true	自旧档汇入	2026-04-13T01:27:08+08:00
Procès	sm.	Reviser un-.	重审案件	fè eu’		翻案		458	似乎该是réviser	true	自旧档汇入	2026-04-13T01:27:08+08:00
Procession	sf.		宗教仪式	gneng		迎		458		true	自旧档汇入	2026-04-13T01:27:08+08:00
Procession	sf.		宗教仪式	wei’		會		458		true	自旧档汇入	2026-04-13T01:27:08+08:00
Procession	sf.	– dans les rues	街头游行	ts‘éh wei’		出會		458		true	自旧档汇入	2026-04-13T01:27:08+08:00
Procession	sf.	– dans les rues	街头游行	yeû ka		游街		458		true	自旧档汇入	2026-04-13T01:27:08+08:00
Procession	sf.	– idolâtrique	迎神队伍	gneng zen		迎神		458		true	自旧档汇入	2026-04-13T01:27:08+08:00
Procession	sf.	– idolâtrique	迎神队伍	ts‘éh wei’		出會		458		true	自旧档汇入	2026-04-13T01:27:08+08:00
Procession	sf.	– du St S.	迎圣人	gneng seng’ ’t‘i		迎聖體		458		true	自旧档汇入	2026-04-13T01:27:08+08:00
Procession	sf.	– des Rameaux.	雷诺游行	gneng seng’ tse		迎聖枝		458	原法文录入错误，中文翻译需确认	true	自旧档汇入	2026-04-13T01:27:08+08:00
Prochain	sm.		同类	gnen		人		458		true	自旧档汇入	2026-04-13T01:27:08+08:00
Prochain	sm.	Aimer son-comme soi-même	爱人如己	ai’ zen zu ’ki		愛人如己		458		true	自旧档汇入	2026-04-13T01:27:08+08:00
Prochain	adj.	Peu éloigné	临近的	ghien’ ke’		近个		458		true	自旧档汇入	2026-04-13T01:27:08+08:00
Prochain	adj.	Peu éloigné	临近的	véh ’yeu		勿遠		458		true	自旧档汇入	2026-04-13T01:27:08+08:00
Prochain	adj.	Suivant: le mois -	下个月	’hao ih ke’ gneuh		下一個月		458		true	自旧档汇入	2026-04-13T01:27:08+08:00
Prochain	adj.	L’an -.	下一年	k‘ai gné		開年		458		true	自旧档汇入	2026-04-13T01:27:08+08:00
Prochain	adj.	L’an -.	下一年	lai gné		來年		458		true	自旧档汇入	2026-04-13T01:27:08+08:00
Prochain	adj.	L’an -.	下一年	ming gné		明年		458		true	自旧档汇入	2026-04-13T01:27:08+08:00
Prochain	adj.	Dimanche -.	下星期天	’hao ih ke’ ’tsu gnéh laong’		下一个主日上		458		true	自旧档汇入	2026-04-13T01:27:08+08:00
Prochain	adj.	La -e fois	下一次	’hao ih wei		下一回		458		true	自旧档汇入	2026-04-13T01:27:08+08:00
Prochainement	adv.		即将，不久以后	k‘oa’		快		458		true	自旧档汇入	2026-04-13T01:27:08+08:00
Prochainement	adv.		即将，不久以后	véh zang ’yeu		勿長遠		458		true	自旧档汇入	2026-04-13T01:27:08+08:00
Proche	adj.		临近的	ghien’ ke’		近个		458		true	自旧档汇入	2026-04-13T01:27:08+08:00
Proche	adj.		临近的	ghien’ (’daong) pié		近（蕩）邊		458		true	自旧档汇入	2026-04-13T01:27:08+08:00
Proche	adj.	tout - voisin.	近邻	kah pieh lin ’sô		隔壁鄰舍		458		true	自旧档汇入	2026-04-13T01:27:08+08:00
Proche	adj.	Très - parent.	近亲	ghien’ ke’ ts‘in kieu’		近个親眷		458		true	自旧档汇入	2026-04-13T01:27:08+08:00
Proche	adj.	Très - parent.	近亲	tse’ ts‘in		至親		458		true	自旧档汇入	2026-04-13T01:27:08+08:00
Proche	adj.	Les -s.	近亲	ts‘in ts‘ih		親戚		458		true	自旧档汇入	2026-04-13T01:27:08+08:00
Proclamation	sf.		宣告，公告	kao’ ze’ [ih tsang]		告示[一張]		458		true	自旧档汇入	2026-04-13T01:27:08+08:00
Procurer	va.		招致，引起	kong’ kiéh	kong kiéh	供給		458		true	自旧档汇入	2026-04-13T01:27:08+08:00
Procurer	va.		招致，引起	péh ’la		撥拉		458		true	自旧档汇入	2026-04-13T01:27:08+08:00
Procurer	vr.	Se-.	谋得，弄到	bè’		辦		458		true	自旧档汇入	2026-04-13T01:27:08+08:00
Procurer	vr.	Se-.	谋得，弄到	’ma		買		458		true	自旧档汇入	2026-04-13T01:27:08+08:00
Procurer	vr.	Se-.	谋得，弄到	long’		弄		458		true	自旧档汇入	2026-04-13T01:27:08+08:00
Procureur	sm.		教会会计	’koé tsang’ ke’		管賬个		458		true	自旧档汇入	2026-04-13T01:27:08+08:00
Procureur	sm.	– chargé des poursuites	检察官	yeng ming se ya		刑名師爺		458		true	自旧档汇入	2026-04-13T01:27:08+08:00
Prodigalité	sf.		挥霍，浪费	laong’ fi’		浪費		458		true	自旧档汇入	2026-04-13T01:27:08+08:00
Prodigalité	sf.		挥霍，浪费	sé wo		奢華		458		true	自旧档汇入	2026-04-13T01:27:08+08:00
Prodige	sm.		神奇的	ghi miao’		奇妙		458		true	自旧档汇入	2026-04-13T01:27:08+08:00
Prodige	sm.		神奇的	ghi koa’ ze’ ’t‘i		奇怪事體		458		true	自旧档汇入	2026-04-13T01:27:08+08:00
Prodigieux	adj.		异常的，奇妙的	ghi miao’		奇妙		458		true	自旧档汇入	2026-04-13T01:27:08+08:00
Prodigieux	adj.		异常的，奇妙的	hi ghi		稀奇		458		true	自旧档汇入	2026-04-13T01:27:08+08:00
Prodigieux	adj.		异常的，奇妙的	koa’ yi’		怪异		458		true	自旧档汇入	2026-04-13T01:27:08+08:00
Prodigue	adj.		挥霍的，浪费的	laong’ yong’		浪用		458		true	自旧档汇入	2026-04-13T01:27:08+08:00
Prodigue	adj.		挥霍的，浪费的	k‘oéh ’seû		闊手		458		true	自旧档汇入	2026-04-13T01:27:08+08:00
Prodigue	adj.	Enfant -.	挥霍者，浪子	ba’ ’tse		敗子		458		true	自旧档汇入	2026-04-13T01:27:08+08:00
Prodiguer	va.	son bien.	挥霍	laong’ fi’ zié zai		浪費錢財		458		true	自旧档汇入	2026-04-13T01:27:08+08:00
Prodiguer	va.	son bien.	挥霍	hèh yong’ t‘éh	h‘èh yong’ t‘éh	瞎用脱		458		true	自旧档汇入	2026-04-13T01:27:08+08:00
Prodiguer	va.	– ses bienfaits.	大发慈悲	en zaong’ ka en		恩上加恩		458		true	自旧档汇入	2026-04-13T01:27:08+08:00
Produire	va.	Alléguer.	提出	’yen		引		458		true	自旧档汇入	2026-04-13T01:27:08+08:00
Produire	va.	Alléguer.	提出	’yeû wo’ deû		有話頭		458		true	自旧档汇入	2026-04-13T01:27:08+08:00
Produire	va.	Engendrer.	生育	sang ’yang		生養		458		true	自旧档汇入	2026-04-13T01:27:08+08:00
Produire	va.	Engendrer.	生育	sang ts‘éh lai		生出來		458		true	自旧档汇入	2026-04-13T01:27:08+08:00
Produire	va.	– des fruits.	结出果实	sang (kiéh) ’kou ’tse		生（結）果子		458		true	自旧档汇入	2026-04-13T01:27:08+08:00
Produire	va.	L’oisiveté ne priduit rien de bon.	懒惰无益	k‘ong hè ’li sang véh ts‘éh ’h‘ao lai	k‘ong’ hè ’li sang véh ts‘éh ’h‘ao lai	空閑裏生勿出好來		459		true	自旧档汇入	2026-04-13T01:27:08+08:00
Produire	va.	Écrire.	写	tsoh (’sia) su		作（寫）書		459		true	自旧档汇入	2026-04-13T01:27:08+08:00
Produit	sm.		产品，产物	ts‘éh ’ts‘è		出産		459		true	自旧档汇入	2026-04-13T01:27:08+08:00
Produit	sm.	– de la terre.	土产	’t‘ou ’ts‘è		土産		459		true	自旧档汇入	2026-04-13T01:27:08+08:00
Produit	sm.	– de la terre.	土产	’n koh pah ’kou	’n kôh pah ’kou	五穀百果		459		true	自旧档汇入	2026-04-13T01:27:08+08:00
Produit	sm.	– de la mer.	海产	’h‘ai wi’		海味		459		true	自旧档汇入	2026-04-13T01:27:08+08:00
Produit	sm.	– de la mer.	海产	’h‘ai sié		海鮮		459		true	自旧档汇入	2026-04-13T01:27:08+08:00
Profane	adj.	Mondain.	世俗的	se’ zôh ke’		世俗个		459		true	自旧档汇入	2026-04-13T01:27:08+08:00
Profaner	va.	l’église	亵渎	siéh dôh seng’ daong		褻瀆聖堂		459		true	自旧档汇入	2026-04-13T01:27:08+08:00
Profaner	va.	–les vases sacrés.	亵渎神圣	siéh dôh seng’ tsiah		褻瀆聖爵		459		true	自旧档汇入	2026-04-13T01:27:08+08:00
Profaner	va.	– les sacrements.		mao’ ’ling seng’ ze’		冒領聖事		459		true	自旧档汇入	2026-04-13T01:27:08+08:00
Proférer	va.	des parloes…	说，讲	seh wo’ wo’ ts‘éh lai		説話話出來		459		true	自旧档汇入	2026-04-13T01:27:08+08:00
Professer	va.	Enscigner	教授	kao’		教		459		true	自旧档汇入	2026-04-13T01:27:08+08:00
Professer	va.	Enscigner	教授	kao’ su		教書		459		true	自旧档汇入	2026-04-13T01:27:08+08:00
Professer	va.	– la médecine.	行医	hang i		行醫		459		true	自旧档汇入	2026-04-13T01:27:08+08:00
Professer	va.(C.)	– sa foi 	承认你的信仰	’hié sin’ teh		顯信德		459		true	自旧档汇入	2026-04-13T01:27:08+08:00
Professeur	sm.		教师	kao’ su sié sang		教書先生		459		true	自旧档汇入	2026-04-13T01:27:08+08:00
Profession	sf.	Emploi.	职业	’pen ven’		本分		459		true	自旧档汇入	2026-04-13T01:27:08+08:00
Profession	sf.			hang gnéh		行業		459		true	自旧档汇入	2026-04-13T01:27:08+08:00
Profession	sf.			ze’ gnéh		事業		459		true	自旧档汇入	2026-04-13T01:27:08+08:00
Profession	sf.	Quelle est votre-?	你的职业是什么？	nong’ tsou’ sa’ hang gnéh？		儂做啥行業		459		true	自旧档汇入	2026-04-13T01:27:08+08:00
Profession	sf.	Métier. Art.	工作	’seû gni’		手藝		459		true	自旧档汇入	2026-04-13T01:27:08+08:00
Profession	sf.			hang taong	hang taong’	行當		459		true	自旧档汇入	2026-04-13T01:27:08+08:00
Profession	sf.	– dans l’état religieux.	宗教国家的职业	fèh tsong sen dou’ gneu’		發終身大願		459		true	自旧档汇入	2026-04-13T01:27:08+08:00
Profession	sf.	– des 3 vœux.	职业三誓	ziéh zai ziéh seh ziéh i’		絶財絶色絶意		459		true	自旧档汇入	2026-04-13T01:27:08+08:00
Profil	sm.		侧面像	pé’ mié’ ziang’		半面像		459		true	自旧档汇入	2026-04-13T01:27:08+08:00
Profil	sm.	Dessiner un -.	画侧面像	tsao’ ’yeng wo’ ziang’		照影畫像		459		true	自旧档汇入	2026-04-13T01:27:08+08:00
Profit	sm.	Gain.	利润	li’		利		459		true	自旧档汇入	2026-04-13T01:27:08+08:00
Profit	sm.	Gain.	利润	li’ sih		利息		459		true	自旧档汇入	2026-04-13T01:27:08+08:00
Profit	sm.	Gain.	利润	ts‘éh sih		出息		459		true	自旧档汇入	2026-04-13T01:27:08+08:00
Profit	sm.	Gain.	利润	’zè deû		賺頭		459		true	自旧档汇入	2026-04-13T01:27:08+08:00
Profit	sm.	Avantage.	好处，利息	’h‘ao ts‘u’		好處		459		true	自旧档汇入	2026-04-13T01:27:08+08:00
Profit	sm.	Avantage.	好处，利息	yeh ts‘u’		益處		459		true	自旧档汇入	2026-04-13T01:27:08+08:00
Profit	sm.	Utilité.	用处，益处	yong’ deû		用頭		459		true	自旧档汇入	2026-04-13T01:27:08+08:00
Profit	sm.	– accidentels	外快	’siao ts‘éh sih		小出息		459		true	自旧档汇入	2026-04-13T01:27:08+08:00
Profit	sm.	– accidentels	外快	nga’ k‘oa’		外快		459		true	自旧档汇入	2026-04-13T01:27:08+08:00
Profit	sm.	– accidentels	外快	k‘oa’ ’se		快水		459		true	自旧档汇入	2026-04-13T01:27:08+08:00
Profit	sm.	– accidentels	外快	’siao ’k‘iao (hou’)	’siao ’k‘iao (h‘ou’)	小巧（貨）		459		true	自旧档汇入	2026-04-13T01:27:08+08:00
Profitable	adj.		有利的，有用的	’yeû ’h‘ao ts‘u’ (ts‘éh sih)		有好處（出息）		459		true	自旧档汇入	2026-04-13T01:27:08+08:00
Profitable	adj.		有利的，有用的	zaong’ (kéh) seu’		上（合）算		459		true	自旧档汇入	2026-04-13T01:27:08+08:00
Profiter	vn.		获得利润	teh li’		得利		459		true	自旧档汇入	2026-04-13T01:27:08+08:00
Profiter	vn.		获得利润	’yeû yong’		有用		459		true	自旧档汇入	2026-04-13T01:27:08+08:00
Profiter	vn.		获得利润	’yeû yeh ts‘u’		有益處		459		true	自旧档汇入	2026-04-13T01:27:08+08:00
Profiter	vn.	Progresser.	长大	’tsang tsin’		長進		459		true	自旧档汇入	2026-04-13T01:27:08+08:00
Profiter	vn.	Progresser.	长大	’tsang dou’		長大		459		true	自旧档汇入	2026-04-13T01:27:08+08:00
Profiter	vn.	– de. Tirer parti de.	利用，趁着	ts‘en’ zah		趁着		459		true	自旧档汇入	2026-04-13T01:27:08+08:00
Profiter	vn.	– de. Tirer parti de.	利用，趁着	ts‘en’ (ts‘eû’,zeng) ki wei’		趁（凑，乘）機會		459		true	自旧档汇入	2026-04-13T01:27:08+08:00
Profond	adj.		深的	sen		深		459		true	自旧档汇入	2026-04-13T01:27:08+08:00
Profond	adj. Fig.		深奥的，高深的	sen ao’		深奥		459		true	自旧档汇入	2026-04-13T01:27:08+08:00
Profond	adj. Fig.		深奥的，高深的	ao’ miao’		奥妙		459		true	自旧档汇入	2026-04-13T01:27:08+08:00
Profond	adj.	Esprit -.	深刻的思想	ming ngou’ sen		明悟深		459		true	自旧档汇入	2026-04-13T01:27:08+08:00
Profond	adj.	Esprit -.	深刻的思想	sin ’li t‘ong t‘eû’		心裏通透		459		true	自旧档汇入	2026-04-13T01:27:08+08:00
Profondément	adv.		深深地	sen sen ’li		深深裏		459		true	自旧档汇入	2026-04-13T01:27:08+08:00
Profondeur	sf.	de haut en bas	从上到下的深度	sen		深		459		true	自旧档汇入	2026-04-13T01:27:08+08:00
Profondeur	sf.	de haut en bas	从上到下的深度	sen ’ts‘ié		深淺		459		true	自旧档汇入	2026-04-13T01:27:08+08:00
Profondeur	sf.	Avoir 3 pieds de —.	有3尺深	’yeû sè ts‘ah sen		有三尺深		460		true	自旧档汇入	2026-04-13T01:27:08+08:00
Profondeur	sf.	Doctrine saus-.		’ts‘ié bôh		淺薄		460		true	自旧档汇入	2026-04-13T01:27:08+08:00
Profondeur	sf.	Doctrine saus-.		dao’ ’li véh sen ao’		道理勿深奥		460		true	自旧档汇入	2026-04-13T01:27:08+08:00
Profondeur	sf.	—de l'entrée jusqu'au fond		tsin’ sen		進深		460		true	自旧档汇入	2026-04-13T01:27:08+08:00
Profusion	sf.	À —.		t‘ai’ tou		太多		460		true	自旧档汇入	2026-04-13T01:27:08+08:00
Profusion	sf.	À —.		t‘eh sa’ kou’ ven’		忒啥過分		460		true	自旧档汇入	2026-04-13T01:27:08+08:00
Profusion	sf.	Employer avec —.		lè’ yong’		濫用		460		true	自旧档汇入	2026-04-13T01:27:08+08:00
Programme	sm.		大纲，纲要	tè		單		460		true	自旧档汇入	2026-04-13T01:27:08+08:00
Programme	sm.		程序表，节目单，节目	ts‘e’ ’zu tè		次序單		460	待定 聲調	true	自旧档汇入	2026-04-13T01:27:08+08:00
Programme	sm.		程序表，节目单，节目	moh lôh		目録		460		true	自旧档汇入	2026-04-13T01:27:08+08:00
Programme	sm.	—de théâtre	戏目单	hi’ tè		戲單		460		true	自旧档汇入	2026-04-13T01:27:08+08:00
Progrès	sm.		前进，推进	zao zié		朝前		460		true	自旧档汇入	2026-04-13T01:27:08+08:00
Progrès	sm.		前进，推进	zié tsin’		前進		460		true	自旧档汇入	2026-04-13T01:27:08+08:00
Progrès	sm.	Amélioration	改良，改善，改进，变好	’tsang(zaong’)tsin’		長（上）進		460		true	自旧档汇入	2026-04-13T01:27:08+08:00
Progrès	sm.	Amélioration	改良，改善，改进，变好	tsin’ kieng’		進境		460		true	自旧档汇入	2026-04-13T01:27:08+08:00
Progrès	sm.	On ne voit pas de —.		véh kié’ ’h‘ao		勿見好		460		true	自旧档汇入	2026-04-13T01:27:08+08:00
Progrès	sm.	On ne voit pas de —.		véh kié’ sa’ tsin’ kieng’		勿見啥進境		460		true	自旧档汇入	2026-04-13T01:27:08+08:00
Progresser	vn.	V.Profiter	前进，推进	zié tsin’		前進		460		true	自旧档汇入	2026-04-13T01:27:08+08:00
Progresser	vn.	V.Profiter	前进，推进	zié hang		前行		460		true	自旧档汇入	2026-04-13T01:27:08+08:00
Progresser	vn.	— dans la vertu	在美德中进步	teh yeng ’tsang tsin’	teh yeng’ ’tsang tsin’	德行長進		460		true	自旧档汇入	2026-04-13T01:27:08+08:00
Progressivement	adv.		累进地，逐渐地，渐次地	zié’zié’ tse		漸漸之		460		true	自旧档汇入	2026-04-13T01:27:08+08:00
Progressivement	adv.		累进地，逐渐地，渐次地	zôh ’tié zôh ’tié		逐点逐点		460	保留簡體	true	自旧档汇入	2026-04-13T01:27:08+08:00
Prohiber	va.		禁止	kien’ ’tse		禁止		460		true	自旧档汇入	2026-04-13T01:27:08+08:00
Prohibition	sf.		禁令，禁律	kien’ ling’		禁令		460		true	自旧档汇入	2026-04-13T01:27:08+08:00
Proie	sf.	Butin.Oiseau de —.		’tsiang ’la ke’méh ze’	’ts‘iang ’la ke’méh ze’	搶拉个物事		460		true	自旧档汇入	2026-04-13T01:27:08+08:00
Proie	sf.	Butin.Oiseau de —.		’meng ghien		猛禽		460		true	自旧档汇入	2026-04-13T01:27:08+08:00
Proie	sf.	Lâcher la — pr l'ombre		wei’ ’siao eul séh da’		為小而失大		460		true	自旧档汇入	2026-04-13T01:27:08+08:00
Projectile	sm.	— de	抛射体，投射物，发射体	p‘ao(zoh)’la ke’		拋（射）拉个		460		true	自旧档汇入	2026-04-13T01:27:08+08:00
Projectile	sm.	— de	抛射体，投射物，发射体	ts‘iang dè ’tse		槍彈子		460		true	自旧档汇入	2026-04-13T01:27:08+08:00
Projectile	sm.	fusil.— de canon	大炮弹丸	p‘ao’ dè ’tse		炮彈子		460		true	自旧档汇入	2026-04-13T01:27:08+08:00
Projet	sm.		打算，设想	meû yeû		謀猷		460		true	自旧档汇入	2026-04-13T01:27:08+08:00
Projet	sm.		打算，设想	ki’ ts‘ah		計策		460		true	自旧档汇入	2026-04-13T01:27:08+08:00
Projet	sm.		打算，设想	i’ se		意思		460		true	自旧档汇入	2026-04-13T01:27:08+08:00
Projet	sm.		打算，设想	’tsu i’		主意		460		true	自旧档汇入	2026-04-13T01:27:08+08:00
Projet	sm.	Faire — sur —.		ts‘ié se vè’ ’siang		千思萬想		460		true	自旧档汇入	2026-04-13T01:27:08+08:00
Projet	sm.	Faire — sur —.		meû ki’ wah tsah	meû ki’ wah ts‘ah	謀計劃策		460		true	自旧档汇入	2026-04-13T01:27:08+08:00
Projeter	va.		打算，设想，规划	seu’ ki’		算計		460		true	自旧档汇入	2026-04-13T01:27:08+08:00
Projeter	va.		打算，设想，规划	’tang seu’		打算		460		true	自旧档汇入	2026-04-13T01:27:08+08:00
Projeter	va.	— son ombre sur.	把影子投射到	’tang gnen ’yeng		打人影		460		true	自旧档汇入	2026-04-13T01:27:08+08:00
Projeter	va.	— son ombre sur.	把影子投射到	’tang ’yeng		打影		460		true	自旧档汇入	2026-04-13T01:27:08+08:00
Prolapsus	sm.	— du rectum.	直肠脱垂	t‘euh kaong		脱肛		460		true	自旧档汇入	2026-04-13T01:27:08+08:00
Prolixe	adj.		冗长的，啰嗦的，絮叨的	tou wo’		多話		460		true	自旧档汇入	2026-04-13T01:27:08+08:00
Prolixe	adj.		冗长的，啰嗦的，絮叨的	t‘eh zang		忒長		460		true	自旧档汇入	2026-04-13T01:27:08+08:00
Prolixe	adj.		冗长的，啰嗦的，絮叨的	zang ’yeu		長遠		460		true	自旧档汇入	2026-04-13T01:27:08+08:00
Prologue	sm.		序幕，序言	sié ’yen		先引		460		true	自旧档汇入	2026-04-13T01:27:08+08:00
Prologue	sm.		序幕，序言	zu’		序		460		true	自旧档汇入	2026-04-13T01:27:08+08:00
Prologue	sm.		序幕，序言	’yen yé		引言		460		true	自旧档汇入	2026-04-13T01:27:08+08:00
Prolonger	va.	—son voyage.	延长旅行	yé ze		延遲		460		true	自旧档汇入	2026-04-13T01:27:08+08:00
Prolonger	va.	—son voyage.	延长旅行	tou ’tseû ’ki gnéh		多走幾日		460		true	自旧档汇入	2026-04-13T01:27:08+08:00
Prolonger	va.	—son séjourde qqs jours.	延长住宿的日子	tou teng ’ki gnéh		多登幾日		460		true	自旧档汇入	2026-04-13T01:27:08+08:00
Prolonger	va.	—son séjourde qqs jours.	延长住宿的日子	tou tè koh		多耽擱		460		true	自旧档汇入	2026-04-13T01:27:08+08:00
Promener	va.		领着...散步，带着...溜达	’ling		領		460		true	自旧档汇入	2026-04-13T01:27:08+08:00
Promener	va.	Se —.vr.	散步，溜达，闲逛	’tseû ’tseû bao’ bao’	’tseû ’tseû bao bao	走走跑跑		460	變調	true	自旧档汇入	2026-04-13T01:27:08+08:00
Promener	va.	Se —.vr.	散步，溜达，闲逛	bao béh siang’		跑孛相		460		true	自旧档汇入	2026-04-13T01:27:08+08:00
Promener	va.	Se —.vr.	散步，溜达，闲逛	fè’ fè’		泛泛	？	460	無意識 特殊	true	自旧档汇入	2026-04-13T01:27:08+08:00
Promener	va.	Se —.Flâner.	偷懒，游手好闲	daong’ béh siang’		宕孛相	趤孛相	460		true	自旧档汇入	2026-04-13T01:27:08+08:00
Promesse	sf.	Tenir	允诺，许诺	’hiu		許		460		true	自旧档汇入	2026-04-13T01:27:08+08:00
Promesse	sf.	Tenir	允诺，许诺	’hiu ’la ke’ zieû’ tsou’		許拉个就做		460	待定	true	自旧档汇入	2026-04-13T01:27:08+08:00
Promesse	sf.	sa —.	诺言	zié’ yah		踐約		460		true	自旧档汇入	2026-04-13T01:27:08+08:00
Promesse	sf.	Manquer à sa —.	违背诺言	séh sin’		失信		460		true	自旧档汇入	2026-04-13T01:27:08+08:00
Promesse	sf.	Manquer à sa —.	违背诺言	zeh yé		食言		460		true	自旧档汇入	2026-04-13T01:27:08+08:00
Promesse	sf.	Manquer à sa —.	违背诺言	’kai ’k‘eû		改口		460		true	自旧档汇入	2026-04-13T01:27:08+08:00
Promettre	va.		允许，允诺，答应	’yun ’hiu		允許		460		true	自旧档汇入	2026-04-13T01:27:08+08:00
Promettre	va.		允许，允诺，答应	’hiu(’h‘ai)		許		460		true	自旧档汇入	2026-04-13T01:27:08+08:00
Promettre	va.		允许，允诺，答应	tèh ’tse		搭嘴		460		true	自旧档汇入	2026-04-13T01:27:08+08:00
Promettre	va.		允许，允诺，答应	yeng’ ’hiu		應許		461		true	自旧档汇入	2026-04-13T01:27:08+08:00
Promettre	va.	— sa fille en mariage	向女儿许诺结婚	’hiu p‘ei’		許配		461		true	自旧档汇入	2026-04-13T01:27:08+08:00
Promettre	va.	— sa fille en mariage	向女儿许诺结婚	tsao ts‘in		招親		461		true	自旧档汇入	2026-04-13T01:27:08+08:00
Promettre	va.	Donner des espérances	给希望	’yeû p‘è’ maong’		有盼望		461		true	自旧档汇入	2026-04-13T01:27:08+08:00
Promettre	va.	Donner des espérances	给希望	’yeû maong’ deû		有望頭		461		true	自旧档汇入	2026-04-13T01:27:08+08:00
Promettre	va.	Ce commerce ne promet pas beaucoup	这种贸易的前景并不乐观	di’ ke’ sang i’ m sa’ dou’ ’siang deû		第个生意無啥大想頭	第个生意嘸啥大想頭	461		true	自旧档汇入	2026-04-13T01:27:08+08:00
Promettre	va.	Ce commerce ne promet pas beaucoup	这种贸易的前景并不乐观	m sa’ kiao yeh		無啥交易	嘸啥交易	461		true	自旧档汇入	2026-04-13T01:27:08+08:00
Promettre	va.	— beaucoup donner peu.	承诺多给予少	’h‘ai teh h‘ouo ’h‘ao dao ’h‘ao tao’ méh kiah ping ts‘ing ’se ’lang	’h‘ai teh h‘ouo ’h‘ao ’dao ’h‘ao，tao’ méh kiah ping ts‘ing ’se ’lang	許得花好稻好，到末脚冰清水冷		461	這個是一句話，雖然有逗號，但覺得不應該斷開 標點	true	自旧档汇入	2026-04-13T01:27:08+08:00
Promontoire	sm.		岬，海角	di’ gnu		地隅		461	待定	true	自旧档汇入	2026-04-13T01:27:08+08:00
Promontoire	sm.		岬，海角	’t‘ou koh		土角		461		true	自旧档汇入	2026-04-13T01:27:08+08:00
Promontoire	sm.		岬，海角	ts‘aong’ koh		闖角		461		true	自旧档汇入	2026-04-13T01:27:08+08:00
Promotion	sf.		升级，晋升，提升	zié zeng		前程		461		true	自旧档汇入	2026-04-13T01:27:08+08:00
Promotion	sf.		升级，晋升，提升	sen		升		461	待定	true	自旧档汇入	2026-04-13T01:27:08+08:00
Promotion	sf.	De la même —.	同样的晋升	dong ’paong		同榜		461		true	自旧档汇入	2026-04-13T01:27:08+08:00
Promouvoir	va.		晋升，提升	di’ béh	di’ bèh	提拔		461		true	自旧档汇入	2026-04-13T01:27:08+08:00
Promouvoir	va.		晋升，提升	ka ’p‘in kieh		加品級		461		true	自旧档汇入	2026-04-13T01:27:08+08:00
Promouvoir	va.		晋升，提升	sen koé		升官		461		true	自旧档汇入	2026-04-13T01:27:08+08:00
Prompt	adj.		迅速的，快的，敏捷的	k‘oa’		快		461		true	自旧档汇入	2026-04-13T01:27:08+08:00
Prompt	adj.		迅速的，快的，敏捷的	k‘oa’ sao’		快燥		461		true	自旧档汇入	2026-04-13T01:27:08+08:00
Prompt	adj.		迅速的，快的，敏捷的	’saong k‘oa’		爽快		461		true	自旧档汇入	2026-04-13T01:27:08+08:00
Prompt	adj. Fig.		迅速的，快的，敏捷的	kiéh sôh		急速		461		true	自旧档汇入	2026-04-13T01:27:08+08:00
Prompt	adj. Fig.		迅速的，快的，敏捷的	kiéh sing’ ’tse		急性子		461		true	自旧档汇入	2026-04-13T01:27:08+08:00
Promptement	adv.		迅速地，敏捷地	k‘oa’ k‘oa’		快快		461		true	自旧档汇入	2026-04-13T01:27:08+08:00
Promptement	adv.		迅速地，敏捷地	hao sao’		豪燥		461		true	自旧档汇入	2026-04-13T01:27:08+08:00
Promptitude	sf.		迅速，敏捷	kiah k‘ieng ’seû k‘oa’		脚輕手快		461		true	自旧档汇入	2026-04-13T01:27:08+08:00
Promu	pp.	à une charge	提拔	sen ze’ koé ’tsé		升是官者		461		true	自旧档汇入	2026-04-13T01:27:08+08:00
Promu	pp.	à une charge	提拔	ka ze’ kieh ’tsé		加是級者		461		true	自旧档汇入	2026-04-13T01:27:08+08:00
Promulguer	va.	— un édit	公布，颁布	zé yang		傳揚		461		true	自旧档汇入	2026-04-13T01:27:08+08:00
Promulguer	va.	— un édit	公布，颁布	ts‘éh kao’ ze’		出告示		461		true	自旧档汇入	2026-04-13T01:27:08+08:00
Prôner	va.	Exalter	夸奖，吹嘘	dai ’kiu		抬舉		461		true	自旧档汇入	2026-04-13T01:27:08+08:00
Prôner	va.	Exalter	夸奖，吹嘘	tsè’ yang		贊揚		461		true	自旧档汇入	2026-04-13T01:27:08+08:00
Prononcer	va.		发表，宣读	wo’ (gnè’)(seh) ts‘éh lai		話（念）（説）出來		461		true	自旧档汇入	2026-04-13T01:27:08+08:00
Prononcer	va.	Décider	宣布，宣告	ding’ taong’		定當		461		true	自旧档汇入	2026-04-13T01:27:08+08:00
Prononcer	va.	Décider	宣布，宣告	ding’ koei		定歸		461		true	自旧档汇入	2026-04-13T01:27:08+08:00
Prononcer	va.	— une sentence	宣布判决	p‘é’ teu’		判斷		461		true	自旧档汇入	2026-04-13T01:27:08+08:00
Prononciation	sf.		发音，读音	’k‘eû yen		口音		461		true	自旧档汇入	2026-04-13T01:27:08+08:00
Prononciation	sf.	— en lisant	发音方法	gnè’ fèh		念法		461		true	自旧档汇入	2026-04-13T01:27:08+08:00
Pronostic	sm.		预言，推断，预测	yu’ zao’		預兆		461		true	自旧档汇入	2026-04-13T01:27:08+08:00
Pronostic	sm.		预言，推断，预测	sié zao’		先兆		461		true	自旧档汇入	2026-04-13T01:27:08+08:00
Pronostiquer	va.		预言，预报，预断，预测	tsé		占		461		true	自旧档汇入	2026-04-13T01:27:08+08:00
Pronostiquer	va.		预言，预报，预断，预测	pôh		卜		461		true	自旧档汇入	2026-04-13T01:27:08+08:00
Propager	va.	— la foi	传播，推广	zé ts‘éh k‘i’		傳出去		461		true	自旧档汇入	2026-04-13T01:27:08+08:00
Propager	va.	— la foi	传播，推广	’pou k‘ai lai		播開來		461	聲調	true	自旧档汇入	2026-04-13T01:27:08+08:00
Propager	va.	— la foi	传播，推广	zé kiao’		傳教		461		true	自旧档汇入	2026-04-13T01:27:08+08:00
Propager	va.	Les rumeurs se propagent au loin	谣言传开了	yao yé zé teh ’yeu lai fi vè		謡言傳得遠來非凡		461		true	自旧档汇入	2026-04-13T01:27:08+08:00
Propager	va.	La maladie se propage	疾病正在传播	bing’ kou’ gnen		病過人		461		true	自旧档汇入	2026-04-13T01:27:08+08:00
Propager	va.	La maladie se propage	疾病正在传播	tèh ke’		搭个		461		true	自旧档汇入	2026-04-13T01:27:08+08:00
Propension	sf.	mauvaise	倾向，癖好，嗜好	p‘ié hiang’		偏向		461		true	自旧档汇入	2026-04-13T01:27:08+08:00
Prophète	sm.		先知，预言家	sié tse		先知		461		true	自旧档汇入	2026-04-13T01:27:08+08:00
Prophètie	sf.		预卜，预言	yu’ yé		預言		461		true	自旧档汇入	2026-04-13T01:27:08+08:00
Prophètie	sf.		预卜，预言	sié tse ke’ seh wo’		先知个説話		461		true	自旧档汇入	2026-04-13T01:27:08+08:00
Prophétiser	va.		预卜，预言	yu’ yé		預言		462		true	自旧档汇入	2026-04-13T01:27:08+08:00
Prophétiser	va.		预卜，预言	wo’ sié tse ke’ seh wo’		話先知个説話		462		true	自旧档汇入	2026-04-13T01:27:08+08:00
Propice	adj.		吉利的，顺利的	zen’		順		462		true	自旧档汇入	2026-04-13T01:27:08+08:00
Propice	adj.		吉利的，顺利的	zen’ taong’		順當		462		true	自旧档汇入	2026-04-13T01:27:08+08:00
Proportion	sf.		比，比例	’pi li’ 		比例		462	原注有“Cf. Rapport.”	true	自旧档汇入	2026-04-13T01:27:08+08:00
Proportion	sf.	En — des mérites.	与优点成比例	tsao’ kong lao		照功勞		462		true	自旧档汇入	2026-04-13T01:27:08+08:00
Proportion	sf.	Manger en — de ses besoins.		k‘ieh teh loh ’ki ’h‘ao k‘ieh ’ki ’h‘ao		吃得落幾好吃幾好		462		true	自旧档汇入	2026-04-13T01:27:08+08:00
Proportion	sf.	Manger en — de ses besoins.		tsao’ liang’ k‘ieh vè’		照量吃飯		462		true	自旧档汇入	2026-04-13T01:27:08+08:00
Proportion	sf.	La qualité est en — du prix.	质量与价格成正比。	in fen hang hou’ ih fen zié	in fen hang h‘ou’ ih fen zié	一分行貨一分錢		462		true	自旧档汇入	2026-04-13T01:27:08+08:00
Proportionné	adj.	à	比例的	siang ts‘eng’		相稱		462		true	自旧档汇入	2026-04-13T01:27:08+08:00
Proportionné	adj.	à	比例的	siang tei’(p‘ei’)		相對（配）		462		true	自旧档汇入	2026-04-13T01:27:08+08:00
Propos	sm.	Résolution	意图，打算	’tsu i’		主意		462		true	自旧档汇入	2026-04-13T01:27:08+08:00
Propos	sm.	Résolution	意图，打算	tse’ hiang’		志向		462		true	自旧档汇入	2026-04-13T01:27:08+08:00
Propos		Parole. Mauvais —.	坏话	dè len’		談論		462		true	自旧档汇入	2026-04-13T01:27:08+08:00
Propos		Parole. Mauvais —.	坏话	véh ’h‘ao ke’(fi ’li ke’)seh wo’		勿好个（非禮个）説話		462		true	自旧档汇入	2026-04-13T01:27:08+08:00
Propos		De — en —.	说来说去	wo’ lai wo’ k‘i’		話來話去		462		true	自旧档汇入	2026-04-13T01:27:08+08:00
Propos		À — de.loc.prép.Au sujet de.	关于……	len’ tao’		論到		462		true	自旧档汇入	2026-04-13T01:27:08+08:00
Propos		À — de.À cause de.	因为，由于	wei’		爲		462		true	自旧档汇入	2026-04-13T01:27:08+08:00
Propos		À — de.À cause de.	因为，由于	yen wei’		因爲		462		true	自旧档汇入	2026-04-13T01:27:08+08:00
Propos	adv	À —.loc.	适宜, 及时	ts‘eû’ ’k‘iao		凑巧		462		true	自旧档汇入	2026-04-13T01:27:08+08:00
Propos	adv	À —.loc.	适宜, 及时	hèh ’h‘ao	h‘èh ’h‘ao	恰好		462		true	自旧档汇入	2026-04-13T01:27:08+08:00
Propos		Mal à —.	不适时地	véh ’la ze heû’ laong’		勿拉時候上		462		true	自旧档汇入	2026-04-13T01:27:08+08:00
Propos		Mal à —.	不适时地	véh ghiéh ze		勿及時		462		true	自旧档汇入	2026-04-13T01:27:08+08:00
Propos		Vous venez à —.	你来了	nong’ lai teh tseng’ ’h‘ao		儂來得正好		462		true	自旧档汇入	2026-04-13T01:27:08+08:00
Propos		Dit à —.	说到	wo’ teh lai hèh ’h‘ao(’yeû ’li)	wo’ teh lai h‘èh ’h‘ao(’yeû ’li)	話得來恰好（有理）		462		true	自旧档汇入	2026-04-13T01:27:08+08:00
Propos		À tout —.	时时刻刻，常常	ze ze k‘eh k‘eh		時時刻刻		462		true	自旧档汇入	2026-04-13T01:27:08+08:00
Propos		À tout —.	时时刻刻，常常	zang zang		常常		462		true	自旧档汇入	2026-04-13T01:27:08+08:00
Propos		De — délibéré.	故意地，蓄意地	kou’ i’		故意		462		true	自旧档汇入	2026-04-13T01:27:08+08:00
Propos		De — délibéré.	故意地，蓄意地	’yeû i’		有意		462		true	自旧档汇入	2026-04-13T01:27:08+08:00
Proposer	va.	un accord.	协议	seh wou		説和		462		true	自旧档汇入	2026-04-13T01:27:08+08:00
Proposer	va.	— un avis.— une question.	提交评论，提交问题	ts‘éh ’tsu i’		出主意		462		true	自旧档汇入	2026-04-13T01:27:08+08:00
Proposer	va.	— un avis.— une question.	提交评论，提交问题	men’		問		462		true	自旧档汇入	2026-04-13T01:27:08+08:00
Proposer	va.	— un avis.— une question.	提交评论，提交问题	men’ ih men’		問一問		462		true	自旧档汇入	2026-04-13T01:27:08+08:00
Proposer	va.	— une récompense.	提供奖励	’hiu ’saong		許賞		462		true	自旧档汇入	2026-04-13T01:27:08+08:00
Proposer	va.	— qqn pour un emploi.		’kiu tsié’i		舉薦伊		462		true	自旧档汇入	2026-04-13T01:27:08+08:00
Proposer	va.	L'homme propose et	谋事在人	meû ze’ zai’ zen		謀事在人		462		true	自旧档汇入	2026-04-13T01:27:08+08:00
Proposer	va.	Dieu dispose.	成事在天	zeng ze’ zai’ t‘ié		成事在天		462		true	自旧档汇入	2026-04-13T01:27:08+08:00
Proposer	vr	Se — de.	打算，计划	gneu’ i’		願意		462		true	自旧档汇入	2026-04-13T01:27:08+08:00
Proposer	vr	Se — de.	打算，计划	’tang seu’		打算		462		true	自旧档汇入	2026-04-13T01:27:08+08:00
Proposition	sf.	Phrase.	句子, 词句, 语句	ih kiu’ seh wo’		一句説話		462		true	自旧档汇入	2026-04-13T01:27:08+08:00
Proposition	sf.	Thèse. Idée.	论文, 论题。观念，概念。	di moh		題目		462		true	自旧档汇入	2026-04-13T01:27:08+08:00
Proposition	sf.	Thèse. Idée.	论文, 论题。观念，概念。	’tsu i’		主意		462		true	自旧档汇入	2026-04-13T01:27:08+08:00
Propre	adj.	Particulier.	私人的， 个人的	’pen		本		462		true	自旧档汇入	2026-04-13T01:27:08+08:00
Propre	adj.	Sens —.Remettre en main —.	本义	’pen i’ se		本意思		462		true	自旧档汇入	2026-04-13T01:27:08+08:00
Propre	adj.	Sens —.Remettre en main —.	本义	kao dai’ ’pen gnen		交代本人		462		true	自旧档汇入	2026-04-13T01:27:08+08:00
Propre	adj.	Sa — mère.	他自己的母亲	i ke’ tih ts‘in ’mou ts‘in		伊个的親母親	伊个嫡親母親	462	的字有句號	true	自旧档汇入	2026-04-13T01:27:08+08:00
Propre	adj.	Sa — mère.	他自己的母亲	i ke’ ts‘in sang gnang		伊个親生娘		462		true	自旧档汇入	2026-04-13T01:27:08+08:00
Propre	adj.	De ses —s yeux.De sa —main.	亲眼。亲手	ts‘in ’ngè tsing		親眼睛		462		true	自旧档汇入	2026-04-13T01:27:08+08:00
Propre	adj.	De ses —s yeux.De sa —main.	亲眼。亲手	ts‘in ’seû		親手		462		true	自旧档汇入	2026-04-13T01:27:08+08:00
Propre	adj.	Net.Pas sale.	干净，不脏	keu zing’		乾净		462		true	自旧档汇入	2026-04-13T01:27:08+08:00
Propre	adj.	Net.Pas sale.	干净，不脏	ts‘ing kiéh(’se)		清潔（水）		462		true	自旧档汇入	2026-04-13T01:27:08+08:00
Propre	adj.	—à.Capable.	适宜于, 能胜任	neng		能		463		true	自旧档汇入	2026-04-13T01:27:08+08:00
Propre	adj.	—à.Capable.	适宜于, 能胜任	neng keû’		能彀		463		true	自旧档汇入	2026-04-13T01:27:08+08:00
Propre	adj.	—à.Capable.	适宜于, 能胜任	teh fèh ke’		得法个		463		true	自旧档汇入	2026-04-13T01:27:08+08:00
Propre	adj.	—à rien.	一无所长的人, 无用的人, 饭桶	laong péh laong		稂不稂	？不？	463		true	自旧档汇入	2026-04-13T01:27:08+08:00
Propre	adj.	—à rien.	一无所长的人, 无用的人, 饭桶	sieû’ péh sieû’		莠不莠		463		true	自旧档汇入	2026-04-13T01:27:08+08:00
Propre	adj.	—à rien.	一无所长的人, 无用的人, 饭桶	véh tsong yong’ ke’		勿中用个		463		true	自旧档汇入	2026-04-13T01:27:08+08:00
Propre	adj.	—à rien.	一无所长的人, 无用的人, 饭桶	k‘ieh p‘ei		吃㚰	？	463	待定	true	自旧档汇入	2026-04-13T01:27:08+08:00
Proprement	adv.		适当地, 恰当地;干净利落地	keu zing’		乾净		463		true	自旧档汇入	2026-04-13T01:27:08+08:00
Proprement	adv.		适当地, 恰当地;干净利落地	keuh keuh lih lih		割割裂裂	？	463		true	自旧档汇入	2026-04-13T01:27:08+08:00
Proprement	adv.	Précisément.	明确地, 确切地	’pen lai		本來		463		true	自旧档汇入	2026-04-13T01:27:08+08:00
Proprement	adv.	Précisément.	明确地, 确切地	t‘ih tseng’		貼正		463		true	自旧档汇入	2026-04-13T01:27:08+08:00
Propriétaire	sm.		所有者， 物主	’pen(gneu)’tsu		本（原）主		463		true	自旧档汇入	2026-04-13T01:27:08+08:00
Propriétaire	sm.		所有者， 物主	’tsu gnen		主人		463		true	自旧档汇入	2026-04-13T01:27:08+08:00
Propriétaire	sm.		所有者， 物主	’tsu gnen ka		駐人家		463		true	自旧档汇入	2026-04-13T01:27:08+08:00
Propriétaire	sm.	— d'un magasin. — d'une maison louée.	店主，房东	tong ka		東家		463		true	自旧档汇入	2026-04-13T01:27:08+08:00
Propriétaire	sm.	— d'un magasin. — d'une maison louée.	店主，房东	’lao ’pè		老板		463		true	自旧档汇入	2026-04-13T01:27:08+08:00
Propriétaire	sm.	— d'un magasin. — d'une maison louée.	店主，房东	waong tong		房東		463		true	自旧档汇入	2026-04-13T01:27:08+08:00
Propriété	sf.	Biensfonds.	产业，房地产，田产	’ts‘è gnéh		産業		463		true	自旧档汇入	2026-04-13T01:27:08+08:00
Propriété	sf.	Biensfonds.	产业，房地产，田产	dié di’		田地		463		true	自旧档汇入	2026-04-13T01:27:08+08:00
Propriété	sf.	Biensfonds.	产业，房地产，田产	waong ’ts‘è		房産		463		true	自旧档汇入	2026-04-13T01:27:08+08:00
Propriété	sf.	Patrimoine.	报产， 家产， 遗产	ka gnéh		家業		463		true	自旧档汇入	2026-04-13T01:27:08+08:00
Propriété	sf.	Patrimoine.	报产， 家产， 遗产	ka taong	ka taong’	家當		463		true	自旧档汇入	2026-04-13T01:27:08+08:00
Propriété	sf.	Nature. — des remèdes.	本性, 本质, 性质。补救措施的性质。	sing’		性		463		true	自旧档汇入	2026-04-13T01:27:08+08:00
Propriété	sf.	Nature. — des remèdes.	本性, 本质, 性质。补救措施的性质。	yah sing’		藥性		463		true	自旧档汇入	2026-04-13T01:27:08+08:00
Proroger	va.		延长（期限）， 推迟	yé lieû		延留		463		true	自旧档汇入	2026-04-13T01:27:08+08:00
Proroger	va.		延长（期限）， 推迟	t‘ou zang gnéh ’tse		拖長日子		463		true	自旧档汇入	2026-04-13T01:27:08+08:00
Proscrire	va.	qqn. — qqch.	放逐， 流放	ts‘ong kiun i		充軍伊		463		true	自旧档汇入	2026-04-13T01:27:08+08:00
Proscrire	va.	qqn. — qqch.	摈弃， 撤销， 废除； 禁止	kien’ ’tse		禁止		463		true	自旧档汇入	2026-04-13T01:27:08+08:00
Prosélyte	sm.	(C.).	新入教者，改宗者	sin tsin’ kiao’ ke’		新進教个		463		true	自旧档汇入	2026-04-13T01:27:08+08:00
Prosodie	sf.		韵律学， 诗律学	se fèh		詩法		463		true	自旧档汇入	2026-04-13T01:27:08+08:00
Prosodie	sf.		韵律学， 诗律学	bing tsah seng		平仄聲		463		true	自旧档汇入	2026-04-13T01:27:08+08:00
Prosper	sm.		[人名]普罗斯佩	peh-lao-se-pei’-’eul		伯勞斯貝爾		463		true	自旧档汇入	2026-04-13T01:27:08+08:00
Prospère	adj.	Qui réussit.	繁荣的，昌盛的，兴隆的	hieng waong’		興旺		463		true	自旧档汇入	2026-04-13T01:27:08+08:00
Prospère	adj.	Qui réussit.	繁荣的，昌盛的，兴隆的	hieng long		興隆		463		true	自旧档汇入	2026-04-13T01:27:08+08:00
Prospère	adj.	Favorable.[Sort] —.	有利的， 顺利的	zao’ h‘ouo’ ’h‘ao		造化好		463		true	自旧档汇入	2026-04-13T01:27:08+08:00
Prospère	adj.	Favorable.[Sort] —.	有利的， 顺利的	yun’ k‘i’ ’h‘ao		運氣好		463		true	自旧档汇入	2026-04-13T01:27:08+08:00
Prospère	adj.	Favorable.[Sort] —.	有利的， 顺利的	’yeû foh k‘i’		有福氣		463		true	自旧档汇入	2026-04-13T01:27:08+08:00
Prospérer	vn.		幸运，成功	hieng waong’		興旺		463		true	自旧档汇入	2026-04-13T01:27:08+08:00
Prospérer	vn.		幸运，成功	zen’ taong’		順當		463		true	自旧档汇入	2026-04-13T01:27:08+08:00
Prospérer	vn.	Son commerce prospère.	繁荣，昌盛，兴隆	sang i’ hieng waong’(meû’ zeng’)		生意興旺（茂盛）		463		true	自旧档汇入	2026-04-13T01:27:08+08:00
Prospérer	vn.	Son commerce prospère.	繁荣，昌盛，兴隆	li’ ’ze	li’ ze’	利市		463		true	自旧档汇入	2026-04-13T01:27:08+08:00
Prospérer	vn.	[Cette famille] ne peut —.	[这个家族]不能繁荣。	véh ’k‘i fèh ’tsé		勿起發者		463		true	自旧档汇入	2026-04-13T01:27:08+08:00
Prospérer	vn.	[Cette famille] ne peut —.	[这个家族]不能繁荣。	hieng waong’ véh ’k‘i ’tsé		興旺勿起者		463		true	自旧档汇入	2026-04-13T01:27:08+08:00
Prospérité	sf.		繁荣， 昌盛， 兴隆， 兴旺发达	foh k‘i’		福氣		463		true	自旧档汇入	2026-04-13T01:27:08+08:00
Prospérité	sf.		繁荣， 昌盛， 兴隆， 兴旺发达,	hieng long		興隆		463		true	自旧档汇入	2026-04-13T01:27:08+08:00
Prosterné	adj.		俯伏， 拜倒	woh ’tao		伏倒		463		true	自旧档汇入	2026-04-13T01:27:08+08:00
Prosterné	adj.		俯伏， 拜倒	’fou woh		俯伏		463		true	自旧档汇入	2026-04-13T01:27:08+08:00
Prosterner	vr.	(Se).	使俯伏， 使拜倒	k‘éh deû		磕頭		463		true	自旧档汇入	2026-04-13T01:27:08+08:00
Prosterner	vr.	(Se).	使俯伏， 使拜倒	’fou di’		俯地		463		true	自旧档汇入	2026-04-13T01:27:08+08:00
Prosterner	vr.	(Se).	使俯伏， 使拜倒	pa’ tao’ ’la di’ laong’	pa’ ’tao ’la di’ laong’	拜到拉地上	拜倒拉地上	463	568有拖倒拉地上 上聲 特殊	true	自旧档汇入	2026-04-13T01:27:08+08:00
Prosterner	vr.	(Se).	使俯伏， 使拜倒	zao pa’		朝拜		463		true	自旧档汇入	2026-04-13T01:27:08+08:00
Prosterner	vr.	Se — devant la tablette d/un mort.(pa.).	在死者的石板前鞠躬。	pa’ ’si se		拜死屍		463		true	自旧档汇入	2026-04-13T01:27:08+08:00
Prostituée	sf.		娼妓， 妓女， 淫妇	ts‘aong wou’		娼婦		463		true	自旧档汇入	2026-04-13T01:27:08+08:00
Prostituée	sf.		娼妓， 妓女， 淫妇	ghi’ ’gnu		妓女		463		true	自旧档汇入	2026-04-13T01:27:08+08:00
Prostituée	sf.		娼妓， 妓女， 淫妇	piao ’tse	biao ’tse	嫖子		463		true	自旧档汇入	2026-04-13T01:27:08+08:00
Prostituer	va.	Se —.vr.	当妓女	k‘ai ts‘aong		開娼		463		true	自旧档汇入	2026-04-13T01:27:08+08:00
Prostituer	va.	Se —.vr.	当妓女	ma’ sen ’t‘i		賣身體		463		true	自旧档汇入	2026-04-13T01:27:08+08:00
Prostration	sf.	(Fairela).	匍匐在地，拜倒，叩首	k‘éh deû		磕頭		463		true	自旧档汇入	2026-04-13T01:27:08+08:00
Protecteur	sm.		保护者， 庇护者	’pao gnen		保人		463		true	自旧档汇入	2026-04-13T01:27:08+08:00
Protecteur	sm.		保护者， 庇护者	tsié’ deû gnen		薦頭人		463		true	自旧档汇入	2026-04-13T01:27:08+08:00
Protection	sf.		保护, 庇护	’pao wou’		保護		463		true	自旧档汇入	2026-04-13T01:27:08+08:00
Protéger	va.	Donner son appui.	给予支持。	’pao wou’		保護		463		true	自旧档汇入	2026-04-13T01:27:08+08:00
Protéger	va.	Donner son appui.	给予支持。	’pao yeû’		保佑		463		true	自旧档汇入	2026-04-13T01:27:08+08:00
Protéger	va.	Donner son appui.	给予支持。	tsao’ kou’(yeng’)		照顧（應）		463		true	自旧档汇入	2026-04-13T01:27:08+08:00
Protéger	va.	Patronner.	赞助， 扶助， 支持， 保护	’pao ’kiu		保舉		463		true	自旧档汇入	2026-04-13T01:27:08+08:00
Protéger	va.	Garantir.	担保， 保证， 确保	’pao		保		464		true	自旧档汇入	2026-04-13T01:27:08+08:00
Protéger	va.	Garantir.	担保， 保证， 确保	’pao pi’		保庇		464		true	自旧档汇入	2026-04-13T01:27:08+08:00
Protéger	vr.	Se — contre.	防范	’ti taong’	’ti ’taong	抵擋		464		true	自旧档汇入	2026-04-13T01:27:08+08:00
Protéger	vr.	Se — contre.	防范	bi’ k‘ai		避開		464		true	自旧档汇入	2026-04-13T01:27:08+08:00
Protéger	vr.	Se — contre.	防范	’tou bi’		躲避		464		true	自旧档汇入	2026-04-13T01:27:08+08:00
Protestantisme	sm.		耶稣教，新教	ya-sou kiao’		耶穌教		464		true	自旧档汇入	2026-04-13T01:27:08+08:00
Protestant	sm.		新教徒，耶稣教徒	ya-sou kiao’ ke’		耶穌教个		464		true	自旧档汇入	2026-04-13T01:27:08+08:00
Protestant	adj.	Temple —.	新教寺庙	ya-sou kiao’ daong		耶穌教堂		464		true	自旧档汇入	2026-04-13T01:27:08+08:00
Protestant	adj.	Temple —.	新教寺庙	’li pa’ daong		禮拜堂		464		true	自旧档汇入	2026-04-13T01:27:08+08:00
Protestant	adj.	Ministre —.	信奉新教的大臣	moh se		牧師		464		true	自旧档汇入	2026-04-13T01:27:08+08:00
Protester	vn.	contre.	抗议， 提出异议	véh woh		勿服		464		true	自旧档汇入	2026-04-13T01:27:08+08:00
Protester	vn.	contre.	抗议， 提出异议	véh ’ba		勿罷		464		true	自旧档汇入	2026-04-13T01:27:08+08:00
Protester	vn.	contre.	抗议， 提出异议	k‘aong’ kiu’	k‘aong’ ghiu’	抗拒		464	待定	true	自旧档汇入	2026-04-13T01:27:08+08:00
Protester	vn.	contre.	抗议， 提出异议	wo’ ming véh ze’		話明勿是		464		true	自旧档汇入	2026-04-13T01:27:08+08:00
Protester	vn.	Affirmer. — que.	断言， 肯定	wo’ ding’		話定		464		true	自旧档汇入	2026-04-13T01:27:08+08:00
Protester	vn.	Affirmer. — que.	断言， 肯定	seh ming		説明		464		true	自旧档汇入	2026-04-13T01:27:08+08:00
Protubérant	adj.		隆起的, 突出的, 突起的	déh ts‘éh lai		凸出來		464		true	自旧档汇入	2026-04-13T01:27:08+08:00
Protubérant	adj.		隆起的, 突出的, 突起的	’t‘ing		挺		464		true	自旧档汇入	2026-04-13T01:27:08+08:00
Protubérant	adj.		隆起的, 突出的, 突起的	tsong ’k‘i	’tsong ’k‘i	腫起		464		true	自旧档汇入	2026-04-13T01:27:08+08:00
Proue	sf.		船首	zé deû		船頭		464		true	自旧档汇入	2026-04-13T01:27:08+08:00
Prouesse	sf.		功勋, 功绩	da’ kong		大功		464		true	自旧档汇入	2026-04-13T01:27:08+08:00
Prouesse	sf.		功勋, 功绩	’yong ’ké tse ze’		勇敢之事		464		true	自旧档汇入	2026-04-13T01:27:08+08:00
Prouver	va.		证实， 证明	tsoh tseng’		作證		464		true	自旧档汇入	2026-04-13T01:27:08+08:00
Prouver	va.		证实， 证明	tseng’ ming		證明		464		true	自旧档汇入	2026-04-13T01:27:08+08:00
Prouver	va.		证实， 证明	tè ts‘éh bing kiu’ lai		担出憑據來		464	保留簡體	true	自旧档汇入	2026-04-13T01:27:08+08:00
Prouver	va.	— son innocence.	证明儿子是无辜的	tsao sih		昭雪		464		true	自旧档汇入	2026-04-13T01:27:08+08:00
Prouver	va.	— son innocence.	证明儿子是无辜的	sia’ zu’		卸罪		464		true	自旧档汇入	2026-04-13T01:27:08+08:00
Provenir	vn.	de.	来自， 出自， 起源于， 来源于	ts‘éh yu		出於		464		true	自旧档汇入	2026-04-13T01:27:08+08:00
Provenir	vn.	de.	来自， 出自， 起源于， 来源于	sang ts‘éh lai		生出來		464		true	自旧档汇入	2026-04-13T01:27:08+08:00
Provenir	vn.	de.	来自， 出自， 起源于， 来源于	zé ’hao lai		傳下來		464		true	自旧档汇入	2026-04-13T01:27:08+08:00
Proverbe	sm.		谚语, 格言	zôh ’gnu wo’		俗語話		464		true	自旧档汇入	2026-04-13T01:27:08+08:00
Proverbial	adj.		谚语性的， 格言性的	’kou ’lao gnen wo’		古老人話		464		true	自旧档汇入	2026-04-13T01:27:08+08:00
Proverbial	adj.	Dérisoire.	嘲弄人的， 嘲讽人的	wo’ ping’		話柄		464		true	自旧档汇入	2026-04-13T01:27:08+08:00
Proverbial	adj.	Dérisoire.	嘲弄人的， 嘲讽人的	siao’ ping’		笑柄		464		true	自旧档汇入	2026-04-13T01:27:08+08:00
Provicaire	sm.	(C.).	副本堂神父	fou’ ’tsu kiao’		副主教		464		true	自旧档汇入	2026-04-13T01:27:08+08:00
Providence	sf.	—. (Pa.)	神意, 天意, 天命	T‘ié ’tsu eu ba		天主安排		464		true	自旧档汇入	2026-04-13T01:27:08+08:00
Providence	sf.	—. (Pa.)	神意, 天意, 天命	t‘ié ming’		天命		464		true	自旧档汇入	2026-04-13T01:27:08+08:00
Providence	sf.	Décret de la —.	天命, 天意	T‘ié ’tsu ke’ ming’		天主个命		464		true	自旧档汇入	2026-04-13T01:27:08+08:00
Province	sf.		省	’sang		省		464		true	自旧档汇入	2026-04-13T01:27:08+08:00
Province	sf.		省	’sang ven’		省分		464		true	自旧档汇入	2026-04-13T01:27:08+08:00
Provisions	sf.pl.		采购的食物	keu liang		乾糧		464		true	自旧档汇入	2026-04-13T01:27:08+08:00
Provisions	sf.pl.		采购的食物	’h‘ou zeh		伙食		464		true	自旧档汇入	2026-04-13T01:27:08+08:00
Provisions	sf.pl.		采购的食物	k‘ieh yong’		吃用		464		true	自旧档汇入	2026-04-13T01:27:08+08:00
Provisions	sf.pl.	— pour la route.	道路用品	lou’ ts‘ai’		路菜		464		true	自旧档汇入	2026-04-13T01:27:08+08:00
Provisions	sf.pl.	— pour le nouvel an.	新年的准备	gné hou’	gné h‘ou’	年貨		464		true	自旧档汇入	2026-04-13T01:27:08+08:00
Provisoire	adj.		临时的, 暂时的	zè’ ze		暫時		464		true	自旧档汇入	2026-04-13T01:27:08+08:00
Provisoire	adj.		临时的, 暂时的	zè’ ’ts‘ié		暫且		464		true	自旧档汇入	2026-04-13T01:27:08+08:00
Provisoire	adj.	Mandarin —.Suppléant.	代替者, 代理者	zu’ ’li		署理		464		true	自旧档汇入	2026-04-13T01:27:08+08:00
Provisoire	adj.	Mandarin —.Suppléant.	代替者, 代理者	zu’ zen’		署任		464		true	自旧档汇入	2026-04-13T01:27:08+08:00
Provoquer	va.		怂恿， 教唆， 挑动, 煽动	’za		惹		464		true	自旧档汇入	2026-04-13T01:27:08+08:00
Provoquer	va.		怂恿， 教唆， 挑动, 煽动	tseu teuh	ts‘eu teuh	攛掇		464		true	自旧档汇入	2026-04-13T01:27:08+08:00
Provoquer	va.		怂恿， 教唆， 挑动, 煽动	hieu		喧		464		true	自旧档汇入	2026-04-13T01:27:08+08:00
Provoquer	va.	— qqn à la colère.	激怒某人	’za k‘i’		惹氣		464		true	自旧档汇入	2026-04-13T01:27:08+08:00
Provoquer	va.	— qqn à la colère.	激怒某人	’za i koang ’h‘ou		惹伊黆火	？	464		true	自旧档汇入	2026-04-13T01:27:08+08:00
Provoquer	va.	— l'ennui.— le rire.	引发无聊。	’za yé’		惹嚴		464		true	自旧档汇入	2026-04-13T01:27:08+08:00
Provoquer	va.	— l'ennui.— le rire.	引发无聊。	’t‘ao gnen yé’		討人厭		464		true	自旧档汇入	2026-04-13T01:27:08+08:00
Provoquer	va.	— l'ennui.— le rire.	引发无聊。	’za gnen siao’		惹人笑		464		true	自旧档汇入	2026-04-13T01:27:08+08:00
Prudence	sf.	La vertu de —.	明智, 贤明	tse’		智		464		true	自旧档汇入	2026-04-13T01:27:08+08:00
Prudence	sf.	La vertu de —.	明智, 贤明	tse’ teh		智德		464		true	自旧档汇入	2026-04-13T01:27:08+08:00
Prudence	sf.	Manquer de —.	缺乏谨慎	m kié’ seh		無見議	嘸見議	464		true	自旧档汇入	2026-04-13T01:27:08+08:00
Prudence	sf.	Manquer de —.	缺乏谨慎	véh ’hiao teh kao ’hao		勿曉得高下		464		true	自旧档汇入	2026-04-13T01:27:08+08:00
Prudent	adj.	Soyez —.	要小心	’yeû kié’ seh ke’		有見識个		464		true	自旧档汇入	2026-04-13T01:27:08+08:00
Prudent	adj.	Soyez —.	要小心	yao’ taong sin		要當心		464		true	自旧档汇入	2026-04-13T01:27:08+08:00
Prune	sf.		李，李子	’li ’tse		李子		464		true	自旧档汇入	2026-04-13T01:27:08+08:00
Prunier	sm.		李树	’li ’tse zu’ [ih k‘ou]		李子樹[一棵]		464		true	自旧档汇入	2026-04-13T01:27:08+08:00
Prunelle	sf.	de l'œil.	眼睛	’ngè sié gnen		眼仙人		465		true	自旧档汇入	2026-04-13T01:27:08+08:00
Prusse	sf.		普鲁士	’p‘ou kôh		普國		465		true	自旧档汇入	2026-04-13T01:27:08+08:00
Prusse	sf.		普鲁士	’p‘ou-lou-ze’	’p‘ou-’lou-ze’	普魯士		465		true	自旧档汇入	2026-04-13T01:27:08+08:00
Pseudonyme	sm.		假名，化名，笔名	biéh ming		别名		465		true	自旧档汇入	2026-04-13T01:27:08+08:00
Pseudonyme	sm.		假名，化名，笔名	’ka ming		假名		465		true	自旧档汇入	2026-04-13T01:27:08+08:00
Puant	adj.		发臭的, 恶臭的, 气味难闻的	ts‘eû’		臭		465		true	自旧档汇入	2026-04-13T01:27:08+08:00
Puant	adj.		发臭的, 恶臭的, 气味难闻的	sin k‘i’		腥氣		465	原作“鯹氣”	true	自旧档汇入	2026-04-13T01:27:08+08:00
Puant	adj.		发臭的, 恶臭的, 气味难闻的	ong		䐥	？	465		true	自旧档汇入	2026-04-13T01:27:08+08:00
Puant	adj.		发臭的, 恶臭的, 气味难闻的	seu k‘i’		酸氣		465		true	自旧档汇入	2026-04-13T01:27:08+08:00
Puanteur	sf.		臭，臭气，臭味	ts‘eû’ k‘i’		臭氣		465		true	自旧档汇入	2026-04-13T01:27:08+08:00
Puanteur	sf.		臭，臭气，臭味	ts‘eû’ k‘i’ mi’		臭氣味		465		true	自旧档汇入	2026-04-13T01:27:08+08:00
Puanteur	sf.		臭，臭气，臭味	ts‘eû’ wi’ dao’		臭味道		465	待定	true	自旧档汇入	2026-04-13T01:27:08+08:00
Puberté	sf.		青春期；发身	fèh sen		發身		465		true	自旧档汇入	2026-04-13T01:27:08+08:00
Puberté	sf.		青春期；发身	zeng ting		成丁		465		true	自旧档汇入	2026-04-13T01:27:08+08:00
Puberté	sf.	Âge de —.	青春期年龄	’tsang zeng ke’ ze heû’		長成个時候		465		true	自旧档汇入	2026-04-13T01:27:08+08:00
Pubescent	adj.	Être —.	青春期	zeng ting		成丁		465		true	自旧档汇入	2026-04-13T01:27:08+08:00
Pubescent	adj.	Être —.	青春期	’ts‘ao maong		草芒		465		true	自旧档汇入	2026-04-13T01:27:08+08:00
Pubescent	adj.	Être —.	青春期	’yeû mao ke’		有毛个		465		true	自旧档汇入	2026-04-13T01:27:08+08:00
Public	adj.		公众的，公共的	kong ke’		公个		465		true	自旧档汇入	2026-04-13T01:27:08+08:00
Public	adj.		公众的，公共的	t‘ong yong’		通用		465		true	自旧档汇入	2026-04-13T01:27:08+08:00
Public	adj.	Terrain —.Cimetière —.	公共土地，公墓	kong di’		公地		465		true	自旧档汇入	2026-04-13T01:27:08+08:00
Public	adj.	Terrain —.Cimetière —.	公共土地，公墓	gni’ dié		義田		465		true	自旧档汇入	2026-04-13T01:27:08+08:00
Public	adj.	Terrain —.Cimetière —.	公共土地，公墓	gni’ ’tsong		義塚		465		true	自旧档汇入	2026-04-13T01:27:08+08:00
Public	adj.	Du gouvernement.	来自政府	koé		官		465		true	自旧档汇入	2026-04-13T01:27:08+08:00
Public	adj.	Du gouvernement.	来自政府	taong koé ke’		當官个		465		true	自旧档汇入	2026-04-13T01:27:08+08:00
Public	adj.	Terres publiques.	公共土地	koé di’		官地		465		true	自旧档汇入	2026-04-13T01:27:08+08:00
Public	adj.	Terres publiques.	公共土地	kong dié		官田		465		true	自旧档汇入	2026-04-13T01:27:08+08:00
Public	adj.	— et privé.	公共和私人	kong ’lao se		公咾私		465		true	自旧档汇入	2026-04-13T01:27:08+08:00
Public	sm.	Le —.	公众	tsong’ gnen		衆人		465		true	自旧档汇入	2026-04-13T01:27:08+08:00
Public	sm.	Le —.	公众	pah sing’		百姓		465		true	自旧档汇入	2026-04-13T01:27:08+08:00
Public	adv.	En —. loc.	在公开场合	’la tsong’ gnen men zié		拉衆人門前		465		true	自旧档汇入	2026-04-13T01:27:08+08:00
Public	adv.	En —. loc.	在公开场合	ts‘éh deû		出頭		465		true	自旧档汇入	2026-04-13T01:27:08+08:00
Publier	va.		宣布，宣扬，公开，散布	zé yang		傳揚		465		true	自旧档汇入	2026-04-13T01:27:08+08:00
Publier	va.		宣布，宣扬，公开，散布	tsang yang		彰揚		465		true	自旧档汇入	2026-04-13T01:27:08+08:00
Publier	va.		宣布，宣扬，公开，散布	tsang ming kiao’ tsu’		彰明較著		465		true	自旧档汇入	2026-04-13T01:27:08+08:00
Publier	va.	— une proclamation.	发布公告	ts‘éh kao’ ze’		出告示		465		true	自旧档汇入	2026-04-13T01:27:08+08:00
Puce	sf.	Attraper une —.	捕捉跳蚤	t‘iao’(’tsao)séh		跳（蚤）虱		465		true	自旧档汇入	2026-04-13T01:27:08+08:00
Puce	sf.	Attraper une —.	捕捉跳蚤	tsoh t‘iao’ séh		捉跳虱		465		true	自旧档汇入	2026-04-13T01:27:08+08:00
Puceron	sm.		腻虫， 蚜虫	h‘ouo ’lao bou ki		花老匍蟣		465	待定	true	自旧档汇入	2026-04-13T01:27:08+08:00
Pudeur	sf.		羞耻（心）；廉耻心；腼腆，害羞，害臊	sieû ’ts‘e		羞耻		465		true	自旧档汇入	2026-04-13T01:27:08+08:00
Pudeur	sf.		羞耻（心）；廉耻心；腼腆，害羞，害臊	p‘ouo’ mié’ ’k‘ong(’zong)		怕面孔（重）		465		true	自旧档汇入	2026-04-13T01:27:08+08:00
Pudeur	sf.	Attenter à la —.	猥亵行为, 奸淫行为	ghiang kiè		强奸		465	Attenter 疑为attentat 	true	自旧档汇入	2026-04-13T01:27:08+08:00
Puer	vn.		发出臭味， 发出难闻的气味	ts‘eû’		臭		465		true	自旧档汇入	2026-04-13T01:27:08+08:00
Puer	vn.		发出臭味， 发出难闻的气味	fèh ts‘eû’		發臭		465		true	自旧档汇入	2026-04-13T01:27:08+08:00
Puer	vn.		发出臭味， 发出难闻的气味	’yeû ts‘eû’ k‘i’		有臭氣		465		true	自旧档汇入	2026-04-13T01:27:08+08:00
Puérilité	sf.		稚气，孩子气；幼稚	’siao ’neu bi k‘i’		小囝脾氣		465		true	自旧档汇入	2026-04-13T01:27:08+08:00
Pugilat	sm.		拳击	ghieu fèh		拳法		465		true	自旧档汇入	2026-04-13T01:27:08+08:00
Pugilat	sm.		拳击	’tang ghieu ke’		打拳个		465		true	自旧档汇入	2026-04-13T01:27:08+08:00
Puîné	adj.	(Frère). Sœur —e.	兄弟.姊妹	hiong di’		兄弟		465		true	自旧档汇入	2026-04-13T01:27:08+08:00
Puîné	adj.	(Frère). Sœur —e.	兄弟.姊妹	’tsi mei’		姊妹	姐妹	465		true	自旧档汇入	2026-04-13T01:27:08+08:00
Puis	adv.	Et —.l.	然后	heû’ lai		後来		465		true	自旧档汇入	2026-04-13T01:27:08+08:00
Puis	adv.	Et —.l.	然后	méh méh kiah		末末脚		465		true	自旧档汇入	2026-04-13T01:27:08+08:00
Puiser	va.	de l'eau.	汲水，舀水	tiao’ ’se		吊水		465		true	自旧档汇入	2026-04-13T01:27:08+08:00
Puiser	va.	de l'eau.	汲水，舀水	’yao ’se		舀水		465		true	自旧档汇入	2026-04-13T01:27:08+08:00
Puiser	va.	de l'eau.	汲水，舀水	’wè ’se		挽水		465		true	自旧档汇入	2026-04-13T01:27:08+08:00
Puisque	conj.		既然, 因为	’ki zé		既然		465		true	自旧档汇入	2026-04-13T01:27:08+08:00
Puisque	conj.		既然, 因为	’ki ze’		既是		465		true	自旧档汇入	2026-04-13T01:27:08+08:00
Puisque	conj.	Puisqu'il en est ainsi.	既然如此	’ki zé zu ’ts‘e		既然如此		465		true	自旧档汇入	2026-04-13T01:27:08+08:00
Puissance	sf.	Autorité.	权力, 职权	neng lih		能力		465		true	自旧档汇入	2026-04-13T01:27:08+08:00
Puissance	sf.	Autorité.	权力, 职权	se’ mah		勢脈		465		true	自旧档汇入	2026-04-13T01:27:08+08:00
Puissance	sf.	Influence.	威信，权势，势力	ghieu ping’		權柄		465		true	自旧档汇入	2026-04-13T01:27:08+08:00
Puissance	sf.	Influence.	威信，权势，势力	se’ lih		勢力		465		true	自旧档汇入	2026-04-13T01:27:08+08:00
Puissant	adj.	Être —.	强大	ghieu se’ dou’		權勢大		465		true	自旧档汇入	2026-04-13T01:27:08+08:00
Puissant	adj.	Être —.	强大	’yeû da’ neng		有大能		465		true	自旧档汇入	2026-04-13T01:27:08+08:00
Puissant	adj.	Tout —.	全能的	zié neng ke’		全能个		465		true	自旧档汇入	2026-04-13T01:27:08+08:00
Puits	sm.		井	’tsing [ih tsah]		井（一隻）	井[一隻]	466		true	自旧档汇入	2026-04-13T01:27:08+08:00
Puits	sm.	Creuser un --.	凿井	ghieuh (tsah) ’tsing		掘（扚）井		466	待定	true	自旧档汇入	2026-04-13T01:27:08+08:00
Puits	sm.	__ maçonné.	用砖砌的井	tsé ’tsing		磚井		466		true	自旧档汇入	2026-04-13T01:27:08+08:00
Puits	sm.	__ non ,,.	土井	’t‘ou tsing		土井		466		true	自旧档汇入	2026-04-13T01:27:08+08:00
Puits	sm.	C'est un -- de science.	博学	pôh yah		博學		466		true	自旧档汇入	2026-04-13T01:27:08+08:00
Puits	sm.	C'est un -- de science.	学问渊博	hoh ven’ sen yeu		學問深淵		466		true	自旧档汇入	2026-04-13T01:27:08+08:00
Puits	sm.	C'est un -- de science, mais rien n'en sort.	肚子里有学问但是说不出	’dou ’li ’yeû hoh ven’ ’tse ’li wo’ véh ts‘éh		肚裹有學問嘴裹話勿出		466	標點	true	自旧档汇入	2026-04-13T01:27:08+08:00
Pulmonie	sf		肺痈	fi’ ’yong		肺癰		466		true	自旧档汇入	2026-04-13T01:27:08+08:00
Pulpe	sf	__ de melon.	果肉	gnôh		肉		466		true	自旧档汇入	2026-04-13T01:27:08+08:00
Pulpe	sf	__ de melon.	瓜瓤	kouo gnang		瓜瓤		466		true	自旧档汇入	2026-04-13T01:27:08+08:00
Pulpe	sf	__ de papier pour mortier.	纸筋灰	’tse kien		紙筋		466		true	自旧档汇入	2026-04-13T01:27:08+08:00
Pulvériser	va		磨碎	mô (k‘ié) sé’		磨（牽）碎		466	原作“磨（撁）碎”	true	自旧档汇入	2026-04-13T01:27:08+08:00
Pulvériser	va		研磨	gné méh ’tse		研末子		466		true	自旧档汇入	2026-04-13T01:27:08+08:00
Pulvériser	va		粉碎	’fen sé’		粉碎		466		true	自旧档汇入	2026-04-13T01:27:08+08:00
Punaise	sf		臭虱子	ts‘eû’ séh		臭虱		466	不确定虱子在当时指代什么	true	自旧档汇入	2026-04-13T01:27:08+08:00
Punaise	sf		臭虫	ts‘eû’ zong		臭虫		466	保留簡體	true	自旧档汇入	2026-04-13T01:27:08+08:00
Punir	va		惩罚	vèh		罰		466		true	自旧档汇入	2026-04-13T01:27:08+08:00
Punir	va		责罚	tseh vèh		責罰		466		true	自旧档汇入	2026-04-13T01:27:08+08:00
Punir	va		罚去补赎	vèh ’pou zôh		罰補贖		466	似乎是天主教专有词	true	自旧档汇入	2026-04-13T01:27:08+08:00
Punir	va		惩办	bè’		辦		466		true	自旧档汇入	2026-04-13T01:27:08+08:00
Punir	va	Le mandarin va le --.	官老爷要惩办他	’lao ya yao’ bè’ i		老爺要辦伊		466		true	自旧档汇入	2026-04-13T01:27:08+08:00
Punissable	adj		可以惩罚的	’k‘o ’i vèh ke’		可以罰个		466		true	自旧档汇入	2026-04-13T01:27:08+08:00
Punissable	adj		可以惩罚的	vèh teh ke’		罰得个		466		true	自旧档汇入	2026-04-13T01:27:08+08:00
Punition	sf		惩罚	vèh		罰		466		true	自旧档汇入	2026-04-13T01:27:08+08:00
			刑罚	yeng vèh		刑罰		466		true	自旧档汇入	2026-04-13T01:27:08+08:00
		__ d'écolier.	补赎	’pou zôh		補贖		466		true	自旧档汇入	2026-04-13T01:27:08+08:00
Pupille	sf	__ de l'œil.	眼睛里的小人（俗）	’ngè sié gnen		眼仙人		466		true	自旧档汇入	2026-04-13T01:27:08+08:00
Pupitre	sm	__ de missel.	放经书的架子	kieng ka’ ’tse		經架子		466		true	自旧档汇入	2026-04-13T01:27:08+08:00
Pur	adj		纯净	ts‘ing		清		466		true	自旧档汇入	2026-04-13T01:27:08+08:00
Pur	adj		干净	keu zing’		乾净		466		true	自旧档汇入	2026-04-13T01:27:08+08:00
Pur	adj	Eau --e.	清水	ts‘ing ’se		清水		466		true	自旧档汇入	2026-04-13T01:27:08+08:00
Pur	adj	Clair.	清	ts‘ing		清		466		true	自旧档汇入	2026-04-13T01:27:08+08:00
Pur	adj	Ciel --.	晴天	zing t‘ié.		晴天		466		true	自旧档汇入	2026-04-13T01:27:08+08:00
Pur	adj	Chaste.	贞洁	tseng kiéh		貞潔		466		true	自旧档汇入	2026-04-13T01:27:08+08:00
Pur	adj	Cœur --.	洁净的心	kiéh zing’ ke’ sin.		潔净个心		466		true	自旧档汇入	2026-04-13T01:27:08+08:00
Purée	sf		浓汤，糊	wou		糊		466		true	自旧档汇入	2026-04-13T01:27:08+08:00
Purée	sf	__ de....	…糊	... wou		…糊		466		true	自旧档汇入	2026-04-13T01:27:08+08:00
Purement	adv		单纯地，不过	péh kou’		不過		466		true	自旧档汇入	2026-04-13T01:27:08+08:00
Purement	adv	Seulement.	仅仅，单单	tè tè		單單		466		true	自旧档汇入	2026-04-13T01:27:08+08:00
Pureté	sf		干净	kiéh zing’		潔净		466		true	自旧档汇入	2026-04-13T01:27:08+08:00
Pureté	sf	Vertu de --.	干净的德行	kieh zing’ ke’ teh yeng.	kieh zing’ ke’ teh yeng’.	潔净个德行		466		true	自旧档汇入	2026-04-13T01:27:08+08:00
Purgatif	sm		泻药	sia’ yah.		瀉藥		466		true	自旧档汇入	2026-04-13T01:27:08+08:00
Purgation	sf	Prendre une --.	吃泻药	k‘iéh sia’ yah.		吃瀉藥		466		true	自旧档汇入	2026-04-13T01:27:08+08:00
Purgatoire	sm	(C.).	炼狱	lié’ gnôh.		煉獄		466		true	自旧档汇入	2026-04-13T01:27:08+08:00
Purgatoire	sm	Âmes du --.	炼狱的灵魂	lié’ ling		煉靈		466		true	自旧档汇入	2026-04-13T01:27:08+08:00
Purgatoire	sm	Âmes du --.	炼狱的灵魂	lié’ gnôh ling wen		煉獄靈魂		466		true	自旧档汇入	2026-04-13T01:27:08+08:00
Purger	va		清洗，赎罪	lié’		煉		466		true	自旧档汇入	2026-04-13T01:27:08+08:00
Purger	vr	Se --.	吃泻药	k‘ieh sia’ yah		吃瀉藥		466		true	自旧档汇入	2026-04-13T01:27:08+08:00
Purger	va	__ une hypothèque.	赎出来	zôh ts‘éh lai		贖出來		466		true	自旧档汇入	2026-04-13T01:27:08+08:00
Purificatoire	sm	(C.)	圣爵布	k‘a seng’ tsiah pou’		揩聖爵布		466		true	自旧档汇入	2026-04-13T01:27:08+08:00
Purificatoire	sm		净巾	seng’ pou’		聖布		466		true	自旧档汇入	2026-04-13T01:27:08+08:00
Purifier	va		弄干净	long’ keu zing’		弄乾净		466		true	自旧档汇入	2026-04-13T01:27:08+08:00
Purifier	va		清洁	ts‘ing zing’		清净		466		true	自旧档汇入	2026-04-13T01:27:08+08:00
Purifier	va	__ par le feu.	纯化，炼	lié’		煉		466		true	自旧档汇入	2026-04-13T01:27:08+08:00
Purifier	va		精炼提纯	lié’ zing’		煉净		466		true	自旧档汇入	2026-04-13T01:27:08+08:00
Purulent	adj		化脓的	koen’ nong		[耳衮]膿	？膿	466		true	自旧档汇入	2026-04-13T01:27:08+08:00
Purulent	adj	Plaie -e.	化脓的伤口	lè’ ts‘aong		爛瘡		466		true	自旧档汇入	2026-04-13T01:27:08+08:00
Purulent	adj		脓的	nong koé	nong ’koé	膿管		466		true	自旧档汇入	2026-04-13T01:27:08+08:00
Pus	sm		脓的	nong		膿		466		true	自旧档汇入	2026-04-13T01:27:08+08:00
Pus	sm		脓水	nong ’se		膿水		466		true	自旧档汇入	2026-04-13T01:27:08+08:00
Pusillanime	adj		胆小	’tè ’siao		膽小		466		true	自旧档汇入	2026-04-13T01:27:08+08:00
Pusillanime	adj		缩头缩脑	k‘iéh (soh) deû k‘iéh (soh) ’nao		怯（縮）頭怯（縮）腦		466		true	自旧档汇入	2026-04-13T01:27:08+08:00
Pustule	sf.		疙瘩	keh tèh		疙瘩		466	待定	true	自旧档汇入	2026-04-13T01:27:08+08:00
Pustule	sf.		疹子	’tsen ’tse		疹子		466		true	自旧档汇入	2026-04-13T01:27:08+08:00
Pustule	sf.		疱	p‘ao’		疱		466		true	自旧档汇入	2026-04-13T01:27:08+08:00
Putréfié	adj	Infect.		lè’		爛		467		true	自旧档汇入	2026-04-13T01:27:08+08:00
Putréfié	adj			lè’ t‘éh (wa’)		爛脱（壞）		467		true	自旧档汇入	2026-04-13T01:27:08+08:00
Putréfié	adj			ts‘eû’ lè’		臭爛		467		true	自旧档汇入	2026-04-13T01:27:08+08:00
Pylore	sm			wei’ ’k‘eû.		胃口		467		true	自旧档汇入	2026-04-13T01:27:08+08:00
Quadragénaire	adj		四十几个	se’ séh su’ ke’		四十歲个		467		true	自旧档汇入	2026-04-13T01:27:08+08:00
Quadrangulaire	adj		有四个角的	se’ koh ke’		四角个		467		true	自旧档汇入	2026-04-13T01:27:08+08:00
Quadrangulaire	adj		正方形	tseng’ faong yeng		正方形		467		true	自旧档汇入	2026-04-13T01:27:08+08:00
Quadrilatère	sm		长方形	se’ faong (pié) yeng		四方（邊）形		467		true	自旧档汇入	2026-04-13T01:27:08+08:00
Quadrumane	adj.sm.		有四肢的	se’ ’seû ke		四手个		467		true	自旧档汇入	2026-04-13T01:27:08+08:00
Quadrupède	sm		兽	seû’		獸		467		true	自旧档汇入	2026-04-13T01:27:08+08:00
Quadrupède	sm		走兽	’tseû seû’		走獸		467		true	自旧档汇入	2026-04-13T01:27:08+08:00
Quadrupède	sm		四足动物	se’ kiah seû’		四脚獸		467		true	自旧档汇入	2026-04-13T01:27:08+08:00
Quadruple	adj		大四倍	dou’ (tou) se’ bei’		大（多）四倍		467		true	自旧档汇入	2026-04-13T01:27:08+08:00
Quadrupler	va		乘上四倍	ka se’ bei’		加四倍		467		true	自旧档汇入	2026-04-13T01:27:08+08:00
Quai	sm	Débarcadère.	码头	’mô deû		碼頭		467		true	自旧档汇入	2026-04-13T01:27:08+08:00
Quai	sm		堤岸	t‘è		灘		467		true	自旧档汇入	2026-04-13T01:27:08+08:00
Quai	sm	__ en pierre.	石堤岸	zah pouo’ ngeu’		石壩岸		467		true	自旧档汇入	2026-04-13T01:27:08+08:00
Qualifier	va		秤	ts‘eng		稱		467		true	自旧档汇入	2026-04-13T01:27:08+08:00
Qualifier	va		称	kiao’		叫		467		true	自旧档汇入	2026-04-13T01:27:08+08:00
Qualité	sf		质量	yang’ ’tse (seh)		樣子（色）		467	待定	true	自旧档汇入	2026-04-13T01:27:08+08:00
Qualité	sf		等级	’teng		等		467		true	自旧档汇入	2026-04-13T01:27:08+08:00
Qualité	sf		品质	’p‘in		品		467		true	自旧档汇入	2026-04-13T01:27:08+08:00
Qualité	sf	De première --.	头等	deû ’teng		頭等		467		true	自旧档汇入	2026-04-13T01:27:08+08:00
Qualité	sf	De première --.	上等	zaong’ ’teng		上等		467		true	自旧档汇入	2026-04-13T01:27:08+08:00
Qualité	sf	De première --.	出色	ts‘éh seh		出色		467		true	自旧档汇入	2026-04-13T01:27:08+08:00
Qualité	sf	__ médiocre.	中等，不出彩	tsong ’teng		中等		467		true	自旧档汇入	2026-04-13T01:27:08+08:00
Qualité	sf	__ inférieure.	下等	’hao (méh) ’teng		下（末）等		467		true	自旧档汇入	2026-04-13T01:27:08+08:00
Qualité	sf		最低标准	’k‘i ’mô		起碼		467		true	自旧档汇入	2026-04-13T01:27:08+08:00
Qualité	sf	Homme de --.	高貴的人	tsen koei’ gnen		尊貴人		467		true	自旧档汇入	2026-04-13T01:27:08+08:00
Qualité	sf	Les bonnes --s.	优点	zang’ ts‘u’	zang ts‘u’	長處		467		true	自旧档汇入	2026-04-13T01:27:08+08:00
Qualité	sf	Les bonnes --s.	才能	zai neng		才能		467		true	自旧档汇入	2026-04-13T01:27:08+08:00
Qualité	sf	Les bonnes --s.	本事	’pen ze’		本事		467		true	自旧档汇入	2026-04-13T01:27:08+08:00
Qualité	sf	En -- de.... Cf. Comme.	作为…	tsou’....		做...		467		true	自旧档汇入	2026-04-13T01:27:08+08:00
Quand	adv		何时？	’ki ze? 		幾時?		467		true	自旧档汇入	2026-04-13T01:27:08+08:00
Quand	adv		啥时候？	sa’ ze heû’?		啥時候?		467		true	自旧档汇入	2026-04-13T01:27:08+08:00
Quand	adv	__ reviendrez-vous?	何时回来？	’ki ze ’tsé (wei) lai?		幾時轉（回）來		467		true	自旧档汇入	2026-04-13T01:27:08+08:00
Quand	adv	Lorsque.	当…时，即时	ki’ ze		既時		467		true	自旧档汇入	2026-04-13T01:27:08+08:00
Quand	adv	__ il est venu.	他来的时候	i lai ke’ ze heû’		伊來个時侯		467		true	自旧档汇入	2026-04-13T01:27:08+08:00
Quand	adv	__ il eut récité sa leçon.	他背了书之后	i pei’ tse su heû’ lai		伊背之書後來		467		true	自旧档汇入	2026-04-13T01:27:08+08:00
Quand	adv	__  même.	还是	zieû’ ze’		就是		467	原注有宗教用語Cf. Même.	true	自旧档汇入	2026-04-13T01:27:08+08:00
Quand	adv	En supposant que.	回回	wei wei		回回		467		true	自旧档汇入	2026-04-13T01:27:08+08:00
Quand	adv	En supposant que.	每次	’mei ts‘e’		每次		467		true	自旧档汇入	2026-04-13T01:27:08+08:00
Quant à.	loc. prép.		谈到	len’ tao’		論到		467		true	自旧档汇入	2026-04-13T01:27:08+08:00
Quant à.	loc. prép.		至于	’kaong tao’		講到		467		true	自旧档汇入	2026-04-13T01:27:08+08:00
Quantième	sm	Cf.Quel.	什么时候	’ki ze		幾時		467		true	自旧档汇入	2026-04-13T01:27:08+08:00
Quantième	sm	Inscrire le --.	写上几月几日	’sia ’ki gneuh ’ki gnéh		寫幾月幾日		467		true	自旧档汇入	2026-04-13T01:27:08+08:00
Quantité	sf.		数量	tou ’sao		多少		467		true	自旧档汇入	2026-04-13T01:27:08+08:00
Quantité	sf.		多少	’ki ’h‘ao		幾好		467		true	自旧档汇入	2026-04-13T01:27:08+08:00
Quantité	sf.	Vois s'il y a la -- voulue.	你看是不是够	nong’ k‘eu’ keû’ ze’ vêh keû’ ze’		儂看彀是勿彀是		467		true	自旧档汇入	2026-04-13T01:27:08+08:00
Quantité	sf.	Accent tonique.	平仄声	bing tsah seng		平仄聲		467		true	自旧档汇入	2026-04-13T01:27:08+08:00
Quarantaine	sf		暂时禁止上岸	zè’ ze kien’ ’tse ’zaong ngeu’		暫時禁止上岸		467		true	自旧档汇入	2026-04-13T01:27:08+08:00
Quarantaine	sf	Drapeau de la --.	黄旗	waong ghi		黄旗		467		true	自旧档汇入	2026-04-13T01:27:08+08:00
Quarante	adj		四十	se’ séh		四十		467		true	自旧档汇入	2026-04-13T01:27:08+08:00
Quarantième	adj		第四十	di’ se’ séh		第四十		467		true	自旧档汇入	2026-04-13T01:27:08+08:00
Quarantième	adj	Un --.	四十分之一	se’ séh fen tse ih		四十分之一		467		true	自旧档汇入	2026-04-13T01:27:08+08:00
Quart	sm	Un --.	四分之一	se’ fen tse ih		四分之一		467		true	自旧档汇入	2026-04-13T01:27:08+08:00
Quart	sm	Retrancher un --.	四分后减去一份	se’ fen zu ih fen		四分除一分		468		true	自旧档汇入	2026-04-13T01:27:08+08:00
Quart	sm	Un -- d'heure.	一刻钟	ih k‘eh		一刻		468		true	自旧档汇入	2026-04-13T01:27:08+08:00
Quart	sm	Un -- d'heure.	一刻功夫	ih k‘eh kong fou		一刻工夫		468		true	自旧档汇入	2026-04-13T01:27:08+08:00
Quart	sm	Officier de --.		’seû kang bié’		守更弁		468		true	自旧档汇入	2026-04-13T01:27:08+08:00
Quartier	sm	Cf. Morceau.	一段的四分之一	se’ fen tse ih		四分之一		468		true	自旧档汇入	2026-04-13T01:27:08+08:00
Quartier	sm	Phases de la lune.	上弦月	zaong’ yé		上弦		468		true	自旧档汇入	2026-04-13T01:27:08+08:00
Quartier	sm	Phases de la lune.	下弦月	’hao yé		下弦		468		true	自旧档汇入	2026-04-13T01:27:08+08:00
Quartier	sm	Phases de la lune.	月初	gneuh ts‘ou		月初		468		true	自旧档汇入	2026-04-13T01:27:08+08:00
Quartier	sm	Phases de la lune.	月中	gneuh tsong		月中		468		true	自旧档汇入	2026-04-13T01:27:08+08:00
Quartier	sm	Phases de la lune.	月底	gneuh ’ti		月底		468		true	自旧档汇入	2026-04-13T01:27:08+08:00
Quartz	sm		水晶	’se tsing		水晶		468		true	自旧档汇入	2026-04-13T01:27:08+08:00
Quartz	sm	__ blanc	白石英	bah zah yen		白石瑛		468		true	自旧档汇入	2026-04-13T01:27:08+08:00
Quartz	sm	__ jaune.	砾石	lèh zah		䃳石		468	待定	true	自旧档汇入	2026-04-13T01:27:08+08:00
Quartz	sm	__ enfumé	墨水晶	meh tsing		墨晶		468		true	自旧档汇入	2026-04-13T01:27:08+08:00
Quartz	sm	__ enfumé	茶色水晶	zouo tsing		茶晶		468		true	自旧档汇入	2026-04-13T01:27:08+08:00
Quartz	sm	__ rose.	紫水晶	tse zah yeng	’tse zah yeng	紫石瑛		468	特殊 同行	true	自旧档汇入	2026-04-13T01:27:08+08:00
Quartz	sm	__ rose.	红水晶	hong tsing		紅晶		468		true	自旧档汇入	2026-04-13T01:27:08+08:00
Quasi	adv		差不多	ts‘ouo véh tou		差勿多		468		true	自旧档汇入	2026-04-13T01:27:08+08:00
Quatorze	adj		十四	zéh se’		十四		468		true	自旧档汇入	2026-04-13T01:27:08+08:00
Quatorzième			第十四	di’ zeh se’		第十四		468		true	自旧档汇入	2026-04-13T01:27:08+08:00
Quatorzième		Un --.	十四分之一	zéh se’ fen tse ih		十四分之一		468		true	自旧档汇入	2026-04-13T01:27:08+08:00
Quatrain	sm		四行诗	se’ kiu’ se		四句詩		468		true	自旧档汇入	2026-04-13T01:27:08+08:00
Quatre	adj		四	se’		四（肆）		468		true	自旧档汇入	2026-04-13T01:27:08+08:00
	adj	Quatrième	第四十	di’ se’		第四		468	原注有宗教用語Cf. Quart.	true	自旧档汇入	2026-04-13T01:27:08+08:00
Quatre-temps	sm.pl.	(C.)	四季	se’ ki’		四季		468		true	自旧档汇入	2026-04-13T01:27:08+08:00
		Abstinence des --.	四个季节里的小斋戒	se’ ki’ ’siao tsa		四季小齋		468		true	自旧档汇入	2026-04-13T01:27:08+08:00
Quatre-vingt	adj		八十	pèh séh		八十		468		true	自旧档汇入	2026-04-13T01:27:08+08:00
Quatre-vingtième	adj		第八十	di’ pèh séh		第八十		468		true	自旧档汇入	2026-04-13T01:27:08+08:00
Que	pron		所	’sou		所		468		true	自旧档汇入	2026-04-13T01:27:08+08:00
Que	pron		的	ke’		个		468		true	自旧档汇入	2026-04-13T01:27:08+08:00
Que	pron	La maison qu'il habite.	他住的房子	i zu’ ke’ waong ’tse		伊住个房子		468		true	自旧档汇入	2026-04-13T01:27:08+08:00
Que	pron	Les présents qu'il a envoyés.	他所送的礼物	i ’sou song’ ke’ ’li wéh		伊所送个禮物		468		true	自旧档汇入	2026-04-13T01:27:08+08:00
Que	pron	Ne… --.	只	tséh		只		468		true	自旧档汇入	2026-04-13T01:27:08+08:00
Que	pron	Ne… --.	仅仅，单单	tè’ tè’	dè’ tè’	但但		468		true	自旧档汇入	2026-04-13T01:27:08+08:00
Que	pron	Ne… --.	不过	péh kou’		不過		468		true	自旧档汇入	2026-04-13T01:27:08+08:00
Que	pron	__ dis-tu là	你在说啥？	sa’ wo’ deû?		啥話頭		468		true	自旧档汇入	2026-04-13T01:27:08+08:00
Que	pron	__ le ciel est beau!	天堂有多麽得光荣	t‘ié daong wou ’teng yang’ ’t‘i mié’!		天堂何等樣體面		468		true	自旧档汇入	2026-04-13T01:27:08+08:00
Que	pron	__ ne suis-je mort!	我还不如死了	pouo véh teh ’si tse ’lao ’h‘ao!		巴勿得死之咾好		468		true	自旧档汇入	2026-04-13T01:27:08+08:00
Quel	adj		什么？	sa’...?		啥...?		468		true	自旧档汇入	2026-04-13T01:27:08+08:00
Quel	adj		什么东西？	sa’ méh ze’?		啥物事?		468		true	自旧档汇入	2026-04-13T01:27:08+08:00
Quel	adj		哪一个？	’a ’li ke’?		那裏个?		468		true	自旧档汇入	2026-04-13T01:27:08+08:00
Quel	adj		谁？	sa’ gnen?		啥人		468		true	自旧档汇入	2026-04-13T01:27:08+08:00
Quel	adj	De quelle qualité?	什么样子的？	’na neng yang’ ’tse ke’?		那能樣子个		468		true	自旧档汇入	2026-04-13T01:27:08+08:00
Quel	adj	__ jour est-ce?	今天是什么日子？	kien tsao sa’ gnéh kiah?		今朝啥日脚		468		true	自旧档汇入	2026-04-13T01:27:08+08:00
Quel	adj	__ jour est-ce? (1ère décade).	今天初几？	kien tsao ts‘ou ’ki?		今朝初幾		468		true	自旧档汇入	2026-04-13T01:27:08+08:00
Quel	adj	__ ,, après le 10 (le 20)?	今天十（二）几	kien tsao zéh (gnè’) ’ki?		今期十（廿）幾		468		true	自旧档汇入	2026-04-13T01:27:08+08:00
Quel	adj	__ ! 	那么	neng		能		468		true	自旧档汇入	2026-04-13T01:27:08+08:00
Quel	adj	Quelle audace!	那么大胆！	neng ’tè dou’		能胆大		468	保留簡體	true	自旧档汇入	2026-04-13T01:27:08+08:00
Quel	adj	__ que.	无论什么	véh len’ sa’		勿論啥		468		true	自旧档汇入	2026-04-13T01:27:08+08:00
Quel	adj		随便是什么	zu bié’ sa’		隨便啥		468		true	自旧档汇入	2026-04-13T01:27:08+08:00
Quelque		C'est le fait de -- sot.	这是糊涂人说的话（做的事情）	di’ ke’ ze’ wou dou gnen ke’ seh wo’ (tsou’ ke’ ze’ ’t‘i)		第个是糊塗人个説話（做个事體）		468		true	自旧档汇入	2026-04-13T01:27:08+08:00
Quelque		Ces --s jours-ci.	这几日	di’ ke’ ’ki gnéh		第个幾日		469		true	自旧档汇入	2026-04-13T01:27:08+08:00
Quelque		Ces --s jours-ci.	最近	gnéh laong’		日上		469		true	自旧档汇入	2026-04-13T01:27:08+08:00
Quelque		10 et --s années.	十多年	zéh tou gné		十多年		469		true	自旧档汇入	2026-04-13T01:27:08+08:00
Quelque		10 et --s années.	十来余年	zéh nga’ gné		十外年		469		true	自旧档汇入	2026-04-13T01:27:08+08:00
Quelque		__s dizaines d'années.	几十年	’ki séh gné		幾十年		469		true	自旧档汇入	2026-04-13T01:27:08+08:00
Quelque	adv	Un peu.	一些	’sao su		少須		469		true	自旧档汇入	2026-04-13T01:27:08+08:00
Quelque		Il y a -- profit.	有些好处	’yeû ’tié ’h‘ao ts‘u’		有點好處		469		true	自旧档汇入	2026-04-13T01:27:08+08:00
Quelque		Il y a -- 10 ans.	差不多十年	ts‘ouo véh tou zéh gné		差勿多十年		469		true	自旧档汇入	2026-04-13T01:27:08+08:00
Quelque		Il y a -- 10 ans.	大概十年	mao zéh gné		毛十年		469		true	自旧档汇入	2026-04-13T01:27:08+08:00
Quelque		Quelque... que.-grand que.	尽管大	dou’ tsou’ dou’		大做大		469	原注有宗教用語Cf. Quel que. 法文錄入待定。	true	自旧档汇入	2026-04-13T01:27:08+08:00
Quelquefois	adv		有时候	’yeû ze heû’		有時候		469		true	自旧档汇入	2026-04-13T01:27:08+08:00
Quelquefois	adv		常常	zang ze		常時		469		true	自旧档汇入	2026-04-13T01:27:08+08:00
Quelquefois	adv		有几次	’yeû ’ki wei		有幾回		469		true	自旧档汇入	2026-04-13T01:27:08+08:00
Quelqu'un, une	pron		某人	’meû gnen		某人		469		true	自旧档汇入	2026-04-13T01:27:08+08:00
Quelqu'un, une	pron		有人	’yeû gnen		有人		469		true	自旧档汇入	2026-04-13T01:27:08+08:00
Quelqu'un, une	pron	__ de vos amis.	你的一个朋友	nong’ ih ke’ bang ’yeû		儂一个朋友		469		true	自旧档汇入	2026-04-13T01:27:08+08:00
Quelqu'un, une	pron	Si -- dit...	如果有人说……	’t‘aong (zah) ’se ’yeû gnen wo’		倘（若）使有人話		469		true	自旧档汇入	2026-04-13T01:27:08+08:00
Quelques-uns	pron		几个	’ki ke’		幾个		469		true	自旧档汇入	2026-04-13T01:27:08+08:00
Qu'en-dira-t-on	sm		闲话，八卦	gnen wo’		人話		469		true	自旧档汇入	2026-04-13T01:27:08+08:00
Qu'en-dira-t-on	sm	Redouter les --.	怕人说闲话	p‘ouo’ gnen wo’		怕人話		469		true	自旧档汇入	2026-04-13T01:27:08+08:00
Querelle	sf		口角	’k‘eû zéh		口舌		469		true	自旧档汇入	2026-04-13T01:27:08+08:00
Querelle	sf		争吵	tseng len’		争論		469		true	自旧档汇入	2026-04-13T01:27:08+08:00
Querelle	sf		不悦	dao k‘i’		啕氣		469		true	自旧档汇入	2026-04-13T01:27:08+08:00
Querelle	sf	Chercher -- aux gens.	找茬	zin dao k‘i’		尋啕氣		469		true	自旧档汇入	2026-04-13T01:27:08+08:00
Querelle	sf	Chercher -- aux gens.	没事找茬	m sa’ ze’ ’leû dao k‘i’		無啥事摟啕氣	嘸啥事摟啕氣	469		true	自旧档汇入	2026-04-13T01:27:08+08:00
Querelle	sf	Animer les --s.	挑唆煽动	ts‘eu dao k‘i’		攛啕氣		469		true	自旧档汇入	2026-04-13T01:27:08+08:00
Quereller	vpr	(Se).	争吵	dao k‘i’		啕氣		469		true	自旧档汇入	2026-04-13T01:27:08+08:00
Quereller	vpr	(Se).	对骂	siang mô’		相駡		469		true	自旧档汇入	2026-04-13T01:27:08+08:00
Quereller	vpr	(Se).	闹矛盾	nao’		鬧		469		true	自旧档汇入	2026-04-13T01:27:08+08:00
Quereller	vpr	(Se).	闹矛盾	tsou’ nao’		做鬧		469		true	自旧档汇入	2026-04-13T01:27:08+08:00
Quereller	vpr	(Se).	斗气	teû’ k‘i’		鬥氣		469		true	自旧档汇入	2026-04-13T01:27:08+08:00
Question	sf		问	men’		問		469		true	自旧档汇入	2026-04-13T01:27:08+08:00
Question	sf	Pas de --s.	不要问	véh yao’ men’		勿要問		469		true	自旧档汇入	2026-04-13T01:27:08+08:00
Question	sf	N'être pas à la --.	不合理	véh héh ’li		勿合理		469		true	自旧档汇入	2026-04-13T01:27:08+08:00
Question	sf	Il est -- de…	现在在说的是……	’kaong(wo’)ke’ zieû’ ze’...		講（話）个就是...		469		true	自旧档汇入	2026-04-13T01:27:08+08:00
Question	sf	Dès qu'il est -- de lui...	说起他来……	wo’ (di) ’k‘i i lai		話（提）起伊來		469		true	自旧档汇入	2026-04-13T01:27:08+08:00
Question	sf	Mettre à la --.	拷问	’k‘ao men’		拷問		469		true	自旧档汇入	2026-04-13T01:27:08+08:00
Question	sf		审问	’sen men’		審問		469		true	自旧档汇入	2026-04-13T01:27:08+08:00
Questionner	va		问……	men’ ih men’		問一問		469		true	自旧档汇入	2026-04-13T01:27:08+08:00
Questionner	va		问一下	men’ sang		問聲		469		true	自旧档汇入	2026-04-13T01:27:08+08:00
Questionner	va	__ judiciairement.	盘问	bé men’		盤問		469		true	自旧档汇入	2026-04-13T01:27:08+08:00
Quête	sf	(En)de travail	找工作	zin sang wéh		尋生活		469		true	自旧档汇入	2026-04-13T01:27:08+08:00
Quête	sf	__ d'un emploi.	找工作	zin sang i’		尋生意		469		true	自旧档汇入	2026-04-13T01:27:08+08:00
Quête	sf		找工作	zin k‘ieuh daong’		尋缺宕		469	可能是小稱音變	true	自旧档汇入	2026-04-13T01:27:08+08:00
Quêter	va		化缘	h‘ouo’ yeu		化緣		469		true	自旧档汇入	2026-04-13T01:27:08+08:00
Quêter	va		乞讨	ghieû ai kieng		求哀矜		469		true	自旧档汇入	2026-04-13T01:27:08+08:00
Queue	sf		尾巴	’gni pouo		尾巴		469		true	自旧档汇入	2026-04-13T01:27:08+08:00
Queue	sf	__ du chien.	狗尾巴	’keû ’gni pouo		狗尾巴		469		true	自旧档汇入	2026-04-13T01:27:08+08:00
Queue	sf	__ [d'un fruit].	水果蒂	ti’ den		蒂臀		469	原作“蒂[尸兀儿]”	true	自旧档汇入	2026-04-13T01:27:08+08:00
Queue	sf	Faire --.	连接在一起	lié tsih lié teng ’la		連接連登拉		469		true	自旧档汇入	2026-04-13T01:27:08+08:00
Queue	sf	Être à la --, le dernier.Natte. Cf. Tresse.	落在后面	loh ’la heû’ mié’		落拉後面		469		true	自旧档汇入	2026-04-13T01:27:08+08:00
Queue	sf	Être à la --, le dernier.Natte. Cf. Tresse.	最后一排	sèh méh kiah ih ba		煞末脚一排		469		true	自旧档汇入	2026-04-13T01:27:08+08:00
Queue	sf	Marcher à la -- leu-leu.	一个跟着一个地跑	ih zang da’ bao		一長[土大]跑	一長埭跑	469		true	自旧档汇入	2026-04-13T01:27:08+08:00
Queue	sf	Marcher à la -- leu-leu.	鱼贯而行	yu koè’ eul yeng		魚貫而行		469	？	true	自旧档汇入	2026-04-13T01:27:08+08:00
Queue	sf	Cela n'a ni -- ni tête.	沒頭沒尾	m deû zu		無頭緒	嘸頭緒	470		true	自旧档汇入	2026-04-13T01:27:08+08:00
Queue	sf		沒頭沒尾	m deû ’wi ke’		無頭尾个	嘸頭尾个	470		true	自旧档汇入	2026-04-13T01:27:08+08:00
Qui	pron	Il y en a -- dansent, d'autres -- chantent.	有人唱歌有人跳舞	’yeû t‘iao’ ke’ ’yeû ts‘aong’ ke’		有跳个有唱个		470		true	自旧档汇入	2026-04-13T01:27:08+08:00
Qui	pron		跳的跳唱的唱	t‘iao’ ke’ t‘iao’ ts‘aong’ ke’ ts‘aong’		跳个跳唱个唱		470		true	自旧档汇入	2026-04-13T01:27:08+08:00
Qui	pron	__ a raison?	谁错了？	sa’ gnen ts‘ouo?		啥人差?		470	法语解释和中文颠倒了，或有可能这两句本来就是一句话	true	自旧档汇入	2026-04-13T01:27:08+08:00
Qui	pron	__ a tort?	谁没有错？	sa’ gnen véh ts‘ouo?		啥人勿差?		470		true	自旧档汇入	2026-04-13T01:27:08+08:00
Qui	pron	__ ne sait?	有谁不知道？	sa’ gnen véh ’hiao teh？		啥人勿曉得		470		true	自旧档汇入	2026-04-13T01:27:08+08:00
Quia	loc.adv.	Réduit à 	无言以对	wou yé ’k‘o tèh		無言可答		470		true	自旧档汇入	2026-04-13T01:27:08+08:00
Quiconque	pron		任何人	sa’ gnen		啥人		470		true	自旧档汇入	2026-04-13T01:27:08+08:00
Quiconque	pron		无论是谁	véh len’ sa’ gnen		勿論啥人		470		true	自旧档汇入	2026-04-13T01:27:08+08:00
Quiconque	pron	__ péchera sera châtié.	谁犯错谁受罪	sa’ gnen ’vè zu’ sa’ gnen ’zeû vèh		啥人犯罪啥人受罰		470		true	自旧档汇入	2026-04-13T01:27:08+08:00
Quille	sf	d'un basteau.	船底	zé ’ti		船底		470		true	自旧档汇入	2026-04-13T01:27:08+08:00
Quincaillerie	sf	[Objets].	铁物	t‘ih fou’		鐵貨		470		true	自旧档汇入	2026-04-13T01:27:08+08:00
Quincaillerie	sf		铁器	t‘ih k‘i’		鐵器		470		true	自旧档汇入	2026-04-13T01:27:08+08:00
Quincaillerie	sf	[Boutique].	铁器店	t‘ih k‘i’ tié’		鐵器店		470		true	自旧档汇入	2026-04-13T01:27:08+08:00
Quincailler	sm		卖铁器的人	ma’ t‘ih k‘i’ ke’		賣鐵器个		470		true	自旧档汇入	2026-04-13T01:27:08+08:00
Quinconce	sm	En --.	棋盘状	ghi bé yang’		棋盤樣		470		true	自旧档汇入	2026-04-13T01:27:08+08:00
Quinine	sf		白药	bah yah		白藥		470		true	自旧档汇入	2026-04-13T01:27:08+08:00
Quinine	sf		金鸡纳霜，奎宁	kien-ki-nah saong.		金鷄納霜		470	待定	true	自旧档汇入	2026-04-13T01:27:08+08:00
Quinquagénaire	adj		五十多岁的	’n séh su’ ke’		五十歲个		470		true	自旧档汇入	2026-04-13T01:27:08+08:00
Quinquagénsime			封斋前的第一个星期日	fong tsa zié di’ ih ke’ ’tsu gnéh		封齋前第一个主日		470		true	自旧档汇入	2026-04-13T01:27:08+08:00
Quintal	sm	égale 100 livres.	一担	ih tè’		一担		470	保留簡體	true	自旧档汇入	2026-04-13T01:27:08+08:00
Quinte	sf	__ de toux.	一阵咳嗽	ih zen’ k‘eh seû’		一陣咳嗽		470	原作“一陳咳嗽”	true	自旧档汇入	2026-04-13T01:27:08+08:00
Quinte	sf	__ de toux.	一时呛起来	ih ze ts‘iang’ ’k‘i lai		一時嗆起來		470		true	自旧档汇入	2026-04-13T01:27:08+08:00
Quintuple	adj		大五倍	dou’ (tou) ’n bei’		大（多）五倍		470		true	自旧档汇入	2026-04-13T01:27:08+08:00
Quintupler	va		加五倍	ka ’n bei’		加五倍		470		true	自旧档汇入	2026-04-13T01:27:08+08:00
Quinzaine	sf		十五天	’song ’n gnéh		十五日		470	待定	true	自旧档汇入	2026-04-13T01:27:08+08:00
Quinzaine	sf	Une -- de jours.	半个月	pé’ ke’ gneuh		半个月		470		true	自旧档汇入	2026-04-13T01:27:08+08:00
Quinze	adj		十五天	’song ’n		十五		470		true	自旧档汇入	2026-04-13T01:27:08+08:00
			第十五	di’ ’song ’n		第十五		470		true	自旧档汇入	2026-04-13T01:27:08+08:00
Quittance	sf		收据	seû tè		收單		470		true	自旧档汇入	2026-04-13T01:27:08+08:00
			收票	seû p‘iao’		收票		470		true	自旧档汇入	2026-04-13T01:27:08+08:00
Quitte 	adj	Tenez-le --.	宽恕他吧!	k‘oé ’mié i ’ba		寬免伊罷		470		true	自旧档汇入	2026-04-13T01:27:08+08:00
Quitte 	adj	Nous voilà --s!	你和我没有勾结了	nong’ tèh ’ngou ’liang ts‘ing ’saong		儂搭我兩淸爽		470		true	自旧档汇入	2026-04-13T01:27:08+08:00
Quitter	va	S'éloigner.	离开	li k‘ai		離開		470		true	自旧档汇入	2026-04-13T01:27:08+08:00
Quitter	va	S'éloigner.	远离	’yeu k‘ai		遠開		470	待定	true	自旧档汇入	2026-04-13T01:27:08+08:00
Quitter	va	Ne pouvoir --.	离不开	li véh k‘ai		離勿開		470		true	自旧档汇入	2026-04-13T01:27:08+08:00
Quitter	va	Ne pouvoir --.	走不出	’tseû véh ts‘éh		走勿出		470		true	自旧档汇入	2026-04-13T01:27:08+08:00
Quitter	va	Ne pas -- d'une semelle.	一步不离	ih bou’ véh li k‘ai		一步勿離開		470		true	自旧档汇入	2026-04-13T01:27:08+08:00
Quitter	va	Abandonner. Oter.	丢开	li (tieû, fèh) k‘ai		離（丢，發）開	離（丢，豁）開？	470	重要 特殊	true	自旧档汇入	2026-04-13T01:27:08+08:00
Quitter	va		甩掉	goè’ t‘éh		甩脱	摜脱	470		true	自旧档汇入	2026-04-13T01:27:08+08:00
Quitter	va		脱去	t‘euh		脱		470		true	自旧档汇入	2026-04-13T01:27:08+08:00
Quoi	pron	Avoir de -- manger.	有得吃	’yeû teh k‘ieh		有得吃		470		true	自旧档汇入	2026-04-13T01:27:08+08:00
Quoi	pron	Avoir de -- se vêtir.	有得穿	’yeû teh tsah		有得著		470		true	自旧档汇入	2026-04-13T01:27:08+08:00
Quoi	pron	__ qu'on dise, il n'écoute pas.		lié wo’ tse wo’ véh t‘ing		連話之話，匆聽		470	標點 格式	true	自旧档汇入	2026-04-13T01:27:08+08:00
Quoi	pron	__? Qu'est-ce?	这是什么？	sa’ méh ze’?		啥物事?		470		true	自旧档汇入	2026-04-13T01:27:08+08:00
Quoi	pron	__? Qu'est-ce?	什么事情？	sa’ ze’ ’t‘i?		啥事體		470		true	自旧档汇入	2026-04-13T01:27:08+08:00
Quoi	pron	__? Comment donc?	怎么样？	na’ neng ya?		那能呀?		470	待定	true	自旧档汇入	2026-04-13T01:27:08+08:00
Quoi	pron	De -- parlez-vous?	你们在说啥？	ze’ na’ ’la wo’ sa’?		自那拉話啥		470		true	自旧档汇入	2026-04-13T01:27:08+08:00
Quoi	pron	A -- bon?	有什么用？	sa’ yong’ deû?		啥用頭?		471		true	自旧档汇入	2026-04-13T01:27:08+08:00
Quoi	pron	A -- bon?	有什么好处？	’yeû sa’ ’h‘ao ts‘u’?		有啥好處		471		true	自旧档汇入	2026-04-13T01:27:08+08:00
Quoi	pron	Eh -- !	咦	yi		咦		471		true	自旧档汇入	2026-04-13T01:27:08+08:00
Quoi	pron	Eh -- !	啊呀	ah ya！		呃呀		471	待定	true	自旧档汇入	2026-04-13T01:27:08+08:00
Quoique	conj		虽然	su zé		雖然		471		true	自旧档汇入	2026-04-13T01:27:08+08:00
Quotidien	adj		每天的	gnéh gnéh ke’		日日个		471		true	自旧档汇入	2026-04-13T01:27:08+08:00
Quotidien	adj			gnéh tou		日都		471		true	自旧档汇入	2026-04-13T01:27:08+08:00
Quotidien	adj	Notre pain --.(C.)	日用粮食	zéh yong’ liang		日用糧		471		true	自旧档汇入	2026-04-13T01:27:08+08:00
Quoitient	sm		商数	saong sou’		商數		471		true	自旧档汇入	2026-04-13T01:27:08+08:00
Rabâcher	va. Et n.		说不清	’tao véh ts‘ing		倒勿清		471		true	自旧档汇入	2026-04-13T01:27:08+08:00
Rabâcher	va. Et n.		反反复复说不清	’tao lai ’tao k‘i’ wo’ véh ding		倒來倒去話勿停		471		true	自旧档汇入	2026-04-13T01:27:08+08:00
Rabais	sm		降价	tih (’kè) ka’		跌（减）價		471		true	自旧档汇入	2026-04-13T01:27:08+08:00
Rabais	sm	Vendre au --.	贱卖	ghiang ma’		强賣	[口强]賣	471	便宜	true	自旧档汇入	2026-04-13T01:27:08+08:00
Rabaisser	va	__ les autres.	看清他人	k‘eu’ k‘ieng biéh gnen		看輕别人		471		true	自旧档汇入	2026-04-13T01:27:08+08:00
Rabattre	va	__ l'insolence.	压制	èh woh		壓服		471		true	自旧档汇入	2026-04-13T01:27:08+08:00
Rabattre	va		压下来	k‘èh(èh) ’hao lai		壓下來	？（壓）下來	471		true	自旧档汇入	2026-04-13T01:27:08+08:00
Rabot	sm		刨	bao’ [ih tsah]		刨[一隻]		471		true	自旧档汇入	2026-04-13T01:27:08+08:00
Raboter	va		刨平	bao’ bing.		刨平		471		true	自旧档汇入	2026-04-13T01:27:08+08:00
Raboteux	adj		不会滑掉的	véh wèh t‘éh ke’		勿滑脱个		471		true	自旧档汇入	2026-04-13T01:27:08+08:00
Raboteux	adj	[Chemin] --.	不平整的	véh bing ke’		勿平个		471		true	自旧档汇入	2026-04-13T01:27:08+08:00
Raboteux	adj	[Chemin] --.	七高八低的	ts‘ih kao pèh ti ke’		七高八低个		471		true	自旧档汇入	2026-04-13T01:27:08+08:00
Rabrouer	va	__ qqn.	粗暴对待他	den’ i		鈍伊		471		true	自旧档汇入	2026-04-13T01:27:08+08:00
Raccommoder	va		修	sieû		修		471		true	自旧档汇入	2026-04-13T01:27:08+08:00
Raccommoder	va		修一修	sieû ih sieû		修一修		471		true	自旧档汇入	2026-04-13T01:27:08+08:00
Raccommoder	va		补	’pou		補		471		true	自旧档汇入	2026-04-13T01:27:08+08:00
Raccommoder	va		修补	sieû ’pou		修補		471		true	自旧档汇入	2026-04-13T01:27:08+08:00
Racommodeur	sm		修理人	sieû (’pou) ke’		修（補）个		471		true	自旧档汇入	2026-04-13T01:27:08+08:00
Racommodeur	sm	__ de vaisselle.	补镬子的	’pou woh ’tse		補鑊子		471		true	自旧档汇入	2026-04-13T01:27:08+08:00
Racommodeur	sm	__ de vaisselle.		ting’ ’wé		釘碗		471	句號	true	自旧档汇入	2026-04-13T01:27:08+08:00
Raccorder	va		接上	tsih zaong’ ’k‘i		接上起		471		true	自旧档汇入	2026-04-13T01:27:08+08:00
Raccorder	va	__ des murs.	连接墙壁	tsih ziang		接墻		471		true	自旧档汇入	2026-04-13T01:27:08+08:00
Raccoureir	va		减短	’kè ’teu		减短		471		true	自旧档汇入	2026-04-13T01:27:08+08:00
Raccoureir	va		弄短一点	long’ lai ’teu ’tié		弄來短点		471		true	自旧档汇入	2026-04-13T01:27:08+08:00
Raccoureir	va		收短一个眼	seû ’teu ih ’ngè		收短一眼		471		true	自旧档汇入	2026-04-13T01:27:08+08:00
Race	sf		类	lei’		類		471		true	自旧档汇入	2026-04-13T01:27:08+08:00
Race	sf	__ jaune.	黄种	waong ’tsong		黄種		471		true	自旧档汇入	2026-04-13T01:27:08+08:00
Race	sf	__ bovine.	牛的类	gneû lei’		牛類		471		true	自旧档汇入	2026-04-13T01:27:08+08:00
Race	sf	Lignée. 	家	ka		家		471		true	自旧档汇入	2026-04-13T01:27:08+08:00
Race	sf	Lignée. 	族	zôh		族		471		true	自旧档汇入	2026-04-13T01:27:08+08:00
Race	sf	Lignée. 	氏	ze	ze’	氏		471		true	自旧档汇入	2026-04-13T01:27:08+08:00
Race	sf	Descendants.	后代	heû’ dai’		後代		471		true	自旧档汇入	2026-04-13T01:27:08+08:00
Racheter	va	Cf. Rançon.	赎出来	zôh ts‘éh lai		贖出來		471		true	自旧档汇入	2026-04-13T01:27:08+08:00
Racheter	va	__ un gage.	赎回当物	zôh taong’ deû		贖當頭		471	句號	true	自旧档汇入	2026-04-13T01:27:08+08:00
Racheter	va	__ un gage.	赎回当物	wei zôh		回贖		471		true	自旧档汇入	2026-04-13T01:27:08+08:00
Racheter	va	Ne pouvoir --,, ,,.	赎不出来	zôh véh ts‘éh(wei) lai		贖勿出（回）來		471		true	自旧档汇入	2026-04-13T01:27:08+08:00
Racheter	va		赎不起	zôh véh ’k‘i		贖勿起		471		true	自旧档汇入	2026-04-13T01:27:08+08:00
Racheter	va	[Jésus] a racheté l'homme.	（耶稣）救赎了人类	kieû’ zôh gnen		救贖人		471		true	自旧档汇入	2026-04-13T01:27:08+08:00
Racine	sf		根	ken		根		471		true	自旧档汇入	2026-04-13T01:27:08+08:00
Racine	sf		根	ken ’tse		根子		471		true	自旧档汇入	2026-04-13T01:27:08+08:00
Racine	sf	__ carrée.	方根	ih ts‘e’ faong ken		一次方根		471		true	自旧档汇入	2026-04-13T01:27:08+08:00
Racine	sf	Classifique.	字的部首	ze’ ’bou		字部		471		true	自旧档汇入	2026-04-13T01:27:08+08:00
Râclée	sf	Administrer une --.	打一顿	’tang ih ten’		打一頓		471		true	自旧档汇入	2026-04-13T01:27:08+08:00
Râclée	sf	Administrer une --.	打一顿	’tang sè ghieu ’liang kiah		打三拳兩脚		471		true	自旧档汇入	2026-04-13T01:27:08+08:00
Râcler	va		刮擦	koèh		刮		471		true	自旧档汇入	2026-04-13T01:27:08+08:00
Râcler	va		擦掉，刮掉	koèh t‘éh		刮脱		471		true	自旧档汇入	2026-04-13T01:27:08+08:00
Racontar	sm		谣言	yao yé		謡言		471		true	自旧档汇入	2026-04-13T01:27:08+08:00
Racontar	sm		风声	fong wen		風聞		471		true	自旧档汇入	2026-04-13T01:27:08+08:00
Raconter	va		说	wo’		話		471		true	自旧档汇入	2026-04-13T01:27:08+08:00
Raconter	va		讲	’kaong		講		471		true	自旧档汇入	2026-04-13T01:27:08+08:00
Raconter	va	On raconte que...	人们在说……	zè wo’		儕話		471	特殊	true	自旧档汇入	2026-04-13T01:27:08+08:00
Racorni	adj		干枯	keu k‘ou		乾枯		471		true	自旧档汇入	2026-04-13T01:27:08+08:00
Racorni	adj			’tang kè	’tang ’kè	打襇		471		true	自旧档汇入	2026-04-13T01:27:08+08:00
Rade	sf		埠	bou’		埠		471		true	自旧档汇入	2026-04-13T01:27:08+08:00
Rade	sf		海湾	’h‘ai wè		海灣		471		true	自旧档汇入	2026-04-13T01:27:08+08:00
Rade	sf	Se mettre en --.	航行时湾过	wè ih wè		灣一灣		471	？法語為陷入困境	true	自旧档汇入	2026-04-13T01:27:08+08:00
Radeau	sm		木排	moh ba		木排		471		true	自旧档汇入	2026-04-13T01:27:08+08:00
Radeau	sm		竹排	tsôh ba		竹排		471		true	自旧档汇入	2026-04-13T01:27:08+08:00
Radical (Remède)	adj		除病根子的药	zu bing’ ken ke’ yah		除病根个藥		472		true	自旧档汇入	2026-04-13T01:27:08+08:00
Radical (Remède)	adj		仙丹	sié tè		仙丹		472		true	自旧档汇入	2026-04-13T01:27:08+08:00
Radieux	adj		发亮的	fèh liang’ ke’		發亮个		472		true	自旧档汇入	2026-04-13T01:27:08+08:00
Radieux	adj	Fig. Joyeux.	高高兴兴的	hoé hoé ’hi ’hi ke’	h‘oé h‘oé ’hi ’hi ke’	歡歡喜喜个，		472		true	自旧档汇入	2026-04-13T01:27:08+08:00
Radieux	adj		和颜悦色	wou yé yeuh seh		和顔悦色		472		true	自旧档汇入	2026-04-13T01:27:08+08:00
Radis	sm		萝卜	louo bôh	loh bôh	蘿蔔		472	待定	true	自旧档汇入	2026-04-13T01:27:08+08:00
Radis	sm	__ rouge (blanc).	红（白）萝卜	hong (bah) louo bôh		紅（白）蘿蔔		472		true	自旧档汇入	2026-04-13T01:27:08+08:00
Radoter	vn		颠三倒四无头绪地说话	wo’ m deû zu’ seh wo’		話無頭緒説話	話嘸頭緒説話	472		true	自旧档汇入	2026-04-13T01:27:08+08:00
Radoter	vn		胡话连天	wou wo’ lié t‘ié		胡話連天		472		true	自旧档汇入	2026-04-13T01:27:08+08:00
Radouber	va		修船	sieû zé		修船		472		true	自旧档汇入	2026-04-13T01:27:08+08:00
Radouber	va		进船坞维修	zaong’ ou		上塢		472		true	自旧档汇入	2026-04-13T01:27:08+08:00
Radoucir	vr	(Se).	息怒	sih nou’ (k‘i’)		息怒（氣）		472		true	自旧档汇入	2026-04-13T01:27:08+08:00
Rafale	sf		风暴	fong pao’		風暴		472		true	自旧档汇入	2026-04-13T01:27:08+08:00
Rafale	sf		一阵狂风	ih zen’ waong fong (goang fong)		一陣䬝風（狂風）	一陣？風（狂風）	472		true	自旧档汇入	2026-04-13T01:27:08+08:00
Raffermir	va		加固	kié kou’		堅固		472		true	自旧档汇入	2026-04-13T01:27:08+08:00
Raffermir	va		增进	lao tsaong’		牢壯		472		true	自旧档汇入	2026-04-13T01:27:08+08:00
Raffermir	va	Encourager.	勉励	’mié li’		勉勵		472		true	自旧档汇入	2026-04-13T01:27:08+08:00
Raffiner	va	__ du sucre.	提炼糖	ts‘ing daong		清糖		472		true	自旧档汇入	2026-04-13T01:27:08+08:00
Raffiner	va	__ du sucre.	提炼糖	p‘iao’ daong		漂糖		472		true	自旧档汇入	2026-04-13T01:27:08+08:00
Raffoler	vn	__ de.	溺爱	gneh ai’		溺愛		472		true	自旧档汇入	2026-04-13T01:27:08+08:00
Raffoler	vn		酷爱	tséh ’siang.		只想		472		true	自旧档汇入	2026-04-13T01:27:08+08:00
Rafraîchir	va		凉	liang ih liang		凉一凉		472		true	自旧档汇入	2026-04-13T01:27:08+08:00
Rafraîchir	va	Le temps se rafraîchit.	天气凉了	tié seh liang ’tsé		天色凉者		472		true	自旧档汇入	2026-04-13T01:27:08+08:00
Rafraîchissant	adj		消暑的	k‘i’ ’su ke’		去暑个		472		true	自旧档汇入	2026-04-13T01:27:08+08:00
Rafraîchissant	adj		清凉的	siao gnéh ke’		消熱个		472		true	自旧档汇入	2026-04-13T01:27:08+08:00
Rafraîchissant	adj		清凉的	dai’ liang ke’		代凉个		472		true	自旧档汇入	2026-04-13T01:27:08+08:00
Rafraîchissements	sf.pl.		饮料	zouo ’tsieû		茶酒		472		true	自旧档汇入	2026-04-13T01:27:08+08:00
Rage	sf		发怒	fèh zia		發邪		472		true	自旧档汇入	2026-04-13T01:27:08+08:00
Rage	sf	Fig. Violente colère.	怒气冲冲	nou’ k‘i’ ts‘ong ts‘ong		怒氣衝衝		472		true	自旧档汇入	2026-04-13T01:27:08+08:00
Rage	sf	Pleurer de --.	气得哭了	k‘i’ lai k‘ôh ’tsé		氣來哭者		472		true	自旧档汇入	2026-04-13T01:27:08+08:00
Rager	vn		发怒	fèh nou’		發怒		472		true	自旧档汇入	2026-04-13T01:27:08+08:00
Rager	vn		生气	sin ’li k‘i’		心裏氣		472		true	自旧档汇入	2026-04-13T01:27:08+08:00
Raide	adj	Roide.	硬	ngang’		硬		472		true	自旧档汇入	2026-04-13T01:27:08+08:00
Raide	adj	Roide.	古板，死板	’kou ’pè		古板		472		true	自旧档汇入	2026-04-13T01:27:08+08:00
Raide	adj	Roide.		kang		粳		472		true	自旧档汇入	2026-04-13T01:27:08+08:00
Raide	adj	Se tenir --.	直挺挺地站着	zeh kiang kiang (’t‘ing ’t‘ing) lih la’	zeh kiang kiang (’t‘ing ’t‘ing) lih ’la	直薑薑（挺挺）立拉		472	待定	true	自旧档汇入	2026-04-13T01:27:08+08:00
Raide	adj	Se sentir les membres --.	觉得身子有点硬直	sen ’t‘i koh zah ngang’ ’k‘iang ’k‘iang		身體覺着硬强强		472	待定	true	自旧档汇入	2026-04-13T01:27:08+08:00
Raidir	vr	(Se).	发硬	fèh ngang’		發硬		472		true	自旧档汇入	2026-04-13T01:27:08+08:00
Raidir	vr	S'entêter	强行，坚持	ghiang		强		472		true	自旧档汇入	2026-04-13T01:27:08+08:00
Raidir	vr	S'entêter	固执	kou’ tséh		固執		472		true	自旧档汇入	2026-04-13T01:27:08+08:00
Raie	sf		线	sié’		綫		472		true	自旧档汇入	2026-04-13T01:27:08+08:00
Raie	sf	__ dans la main.	受伤的纹路	’seû laong’ wen lou’		手上紋路		472	原作“手上絞絡”	true	自旧档汇入	2026-04-13T01:27:08+08:00
Raie	sf	__ dans le marbre, le bois.	斑纹	pè wen		班紋	斑紋	472		true	自旧档汇入	2026-04-13T01:27:08+08:00
Raie	sf	__ dans le marbre, le bois.	纹路	se lieû’.		絲溜		472	待定	true	自旧档汇入	2026-04-13T01:27:08+08:00
Rail	sm		铁路	t‘ih lou’ diao		鐵路條		472		true	自旧档汇入	2026-04-13T01:27:08+08:00
Railler	va		讥笑	ki ziao’		譏誚		472		true	自旧档汇入	2026-04-13T01:27:08+08:00
Railler	va		嘲笑	hi’ siao’		戯笑		472		true	自旧档汇入	2026-04-13T01:27:08+08:00
Rainure	sf		槽	zao [ih diao]		槽[一條]		472		true	自旧档汇入	2026-04-13T01:27:08+08:00
Rais	sm	__ d'une roue.	辐条	foh		輻		472		true	自旧档汇入	2026-04-13T01:27:08+08:00
Rais	sm	__ d'une roue.	辐条	ts‘ouo len koéh (taong’)		車輪骨（檔）		472		true	自旧档汇入	2026-04-13T01:27:08+08:00
Raisin	sm	[grain; grappe].	葡萄	peh dao [ih lih;ih ghieû]		葡萄[一粒；一逑]	？	472		true	自旧档汇入	2026-04-13T01:27:08+08:00
Raisin	sm	__ sec.	葡萄干	peh dao keu		葡萄乾		472		true	自旧档汇入	2026-04-13T01:27:08+08:00
Raison	sf		明白	ming ngou’		明悟		472		true	自旧档汇入	2026-04-13T01:27:08+08:00
Raison	sf		理性	’li sing’		理性		472		true	自旧档汇入	2026-04-13T01:27:08+08:00
Raison	sf		情理	zing ’li		情理		472		true	自旧档汇入	2026-04-13T01:27:08+08:00
Raison	sf	Avoir atteint l'âge de --.	明悟洞开的	ming ngou’ k‘ai ’tsé		明悟開者		472		true	自旧档汇入	2026-04-13T01:27:08+08:00
Raison	sf	Droit. Bon sens.	理据	’li		理		472		true	自旧档汇入	2026-04-13T01:27:08+08:00
Raison	sf	Avoir --. Parler juste.	不错	véh ts‘ouo		勿差		472		true	自旧档汇入	2026-04-13T01:27:08+08:00
Raison	sf	Avoir --. Parler juste.	有理	’yeû ’li		有理		472		true	自旧档汇入	2026-04-13T01:27:08+08:00
Raison	sf	Avoir-- . Agir bien.	做得好	tsou’ teh ’h‘ao		做得好		473		true	自旧档汇入	2026-04-13T01:27:08+08:00
Raison	sf	Parler --.	讲情理	’kaong zing ’li		講情理		473		true	自旧档汇入	2026-04-13T01:27:08+08:00
Raison	sf	Ne pas entendre --.	不讲情理	véh ’tong ’li ’t‘i		勿懂禮體		473		true	自旧档汇入	2026-04-13T01:27:08+08:00
Raison	sf	Ne pas entendre --.	不讲情理	véh ’kaong zing ’li		勿講情理		473		true	自旧档汇入	2026-04-13T01:27:08+08:00
Raison	sf	Je ne vois pas qui a -- ou tort.	我看不出是哪个人有理	’ngou k‘eu’ véh ts‘éh ze’ sa’ gnen ke’ zang sa’ gnen ke’ ’teu		我看勿出是啥人个長啥人个短		473		true	自旧档汇入	2026-04-13T01:27:08+08:00
Raison	sf	Mettre à la --.	说服	èh woh		壓服		473		true	自旧档汇入	2026-04-13T01:27:08+08:00
Raison	sf	Preuve : à court de --s.	禁戒	kien’ ka’		禁戒		473		true	自旧档汇入	2026-04-13T01:27:08+08:00
Raison	sf	Donner de fausses --s.	理屈词穷	’li k‘ieuh ze ghiong		理屈辭窮		473		true	自旧档汇入	2026-04-13T01:27:08+08:00
Raison	sf	Motif. 	推辞	t‘oh kou’ t‘ei ze		托故推辭		473		true	自旧档汇入	2026-04-13T01:27:08+08:00
Raison	sf	Sans aucune --.	缘故	yeu kou’		緣故		473		true	自旧档汇入	2026-04-13T01:27:08+08:00
Raison	sf	À plus forte --.	无缘无故	m yeu m kou’		無緣無故	嘸緣嘸故	473		true	自旧档汇入	2026-04-13T01:27:08+08:00
Raison	sf	À plus forte --.	而且	hoang’ ’ts‘ia	h‘oang’ ’ts‘ia	况且		473		true	自旧档汇入	2026-04-13T01:27:08+08:00
Raison	sf	À plus forte --.	而且	eul ’ts‘ié		而且		473		true	自旧档汇入	2026-04-13T01:27:08+08:00
Raison	sf	À plus forte --.	况且	hoang’ ’ts‘ia wou	h‘oang’ ’ts‘ia wou	况且乎		473		true	自旧档汇入	2026-04-13T01:27:08+08:00
Raison	sf	Réparation: demander --.	要他认错	yao’ i gnen’ ts‘ouo		要伊認差		473		true	自旧档汇入	2026-04-13T01:27:08+08:00
Raison	sf	Tirer -- d'une offense.	报仇	pao’ zeû		報仇		473		true	自旧档汇入	2026-04-13T01:27:08+08:00
Raison	sf	Proportion: en -- de ses forces.	按照自己的力量	tsao’ ze’ ka ke’ lih liang’		照自家个力量		473		true	自旧档汇入	2026-04-13T01:27:08+08:00
Raison	sf	En -- directe.	正比例	tseng’ ’pi li’		正比例		473		true	自旧档汇入	2026-04-13T01:27:08+08:00
Raison	sf	En -- inverse.	反比例	’tsé ’pi li’		轉比例		473		true	自旧档汇入	2026-04-13T01:27:08+08:00
Raisonnable	adj		合理的	héh ’li ke’ 		合理个		473		true	自旧档汇入	2026-04-13T01:27:08+08:00
Raisonnable	adj		合理的	tsao’ ’li		照理		473		true	自旧档汇入	2026-04-13T01:27:08+08:00
Raisonnable	adj	Est-ce --?	这还有理吗？	wè ’yeû di’ ke’ ’li va?		還有第个理否？		473		true	自旧档汇入	2026-04-13T01:27:08+08:00
Raisonnable	adj	Est-ce --?	岂有此理	’k‘i ’yeû ’ts‘e ’li?		豈有此理		473		true	自旧档汇入	2026-04-13T01:27:08+08:00
Raisonnable	adj	Qui entend raison.	讲情理的	’kaong zing ’li ke’		講情理个		473		true	自旧档汇入	2026-04-13T01:27:08+08:00
Raisonnable	adj	Qui entend raison.	讲道理	t‘ong ’li		通理		473		true	自旧档汇入	2026-04-13T01:27:08+08:00
Raisonnement	sm	Intelligence.	有理性	ming ngou’		明悟		473		true	自旧档汇入	2026-04-13T01:27:08+08:00
Raisonnement	sm	Argument.	推论	ts‘u len’		推論		473		true	自旧档汇入	2026-04-13T01:27:08+08:00
Raisonner	vn		推论	ts‘u len’		推論		473		true	自旧档汇入	2026-04-13T01:27:08+08:00
Raisonner	vn		辩论	pié’ len’	bié’ len’	辯論		473		true	自旧档汇入	2026-04-13T01:27:08+08:00
Raisonner	vn	Réfléchir.	再想想	’siang ih ’siang		想一想		473		true	自旧档汇入	2026-04-13T01:27:08+08:00
Raisonner	vn	Réfléchir.	回想	’ts‘en (wei) liang’		忖（回）量		473		true	自旧档汇入	2026-04-13T01:27:08+08:00
Raisonner	vn	Réfléchir.	自问良心	ze’ men’ liang sin		自問良心		473		true	自旧档汇入	2026-04-13T01:27:08+08:00
Raisonner	vn	Répliquer.	还嘴	wè ’tse		還嘴		473		true	自旧档汇入	2026-04-13T01:27:08+08:00
Raisonner	vn	Répliquer.	嘴硬	’tse ngang’		嘴硬		473		true	自旧档汇入	2026-04-13T01:27:08+08:00
Raisonneur	sm		快嘴	k‘oa’ ’tse		快嘴		473		true	自旧档汇入	2026-04-13T01:27:08+08:00
Raisonneur	sm		爱争辩的人	’tse bié’		嘴便		473		true	自旧档汇入	2026-04-13T01:27:08+08:00
Rajeunir	vn		脸上有神气	mié’ ’k‘ong laong’ ’yeû zen k‘i’		面孔上有神氣		473		true	自旧档汇入	2026-04-13T01:27:08+08:00
Rajeunir	vn		神气足	zen k‘i’ tsôh		神氣足		473		true	自旧档汇入	2026-04-13T01:27:08+08:00
Rajeunir	vn		和后生一样的	kié’ heû’ sang ’tsé		見後生者		473		true	自旧档汇入	2026-04-13T01:27:08+08:00
Rajuster	va		整理好	tsaong ’long lai		裝攏來		473		true	自旧档汇入	2026-04-13T01:27:08+08:00
Rajuster	va		搭配	p‘ei’		配		473		true	自旧档汇入	2026-04-13T01:27:08+08:00
Râle	sm		喘息声	haong	h‘aong	吭		473		true	自旧档汇入	2026-04-13T01:27:08+08:00
Râle	sm		断气	’deu k‘i’		斷氣		473		true	自旧档汇入	2026-04-13T01:27:08+08:00
Râle	sm		大叹气	dou’ ’t‘eû k‘i’		大㰯氣	大敨氣	473		true	自旧档汇入	2026-04-13T01:27:08+08:00
Ralentir	va	__ sa marche.	走时慢一点	’tseû lai mè’ ih ’ngè		走來慢一眼		473		true	自旧档汇入	2026-04-13T01:27:08+08:00
Ralentir	vr	La fièvre se ralentit.	发烧退热	heu gnéh t‘ei’ ’tié ’tsé		寒熱退點者		473		true	自旧档汇入	2026-04-13T01:27:08+08:00
Rallier	va	__ des soldats.	收兵	seû wei ping		收回兵		473		true	自旧档汇入	2026-04-13T01:27:08+08:00
Rallier	va	__ des soldats.	收兵归队	’tang wè foh zen’		打還覆陣		473		true	自旧档汇入	2026-04-13T01:27:08+08:00
Rallier	vr	Se -- à l'avis des autres.	附会他人说话	ken(fou’ wei’)biéh gnen seh wo’	ken(wou’ wei’)biéh gnen seh wo’	跟（附會）别人説話		474		true	自旧档汇入	2026-04-13T01:27:08+08:00
Rallonger	va		放长一些	long’ (faong’) zang ’tié		弄（放）長點		474		true	自旧档汇入	2026-04-13T01:27:08+08:00
Rallonger	va		拔长一些	tsih(béh)zang ’ngè		接（拔）長眼		474	待定	true	自旧档汇入	2026-04-13T01:27:08+08:00
Rallumer	va		重新点上火	tsai’ ’tié (zaong’) ’h‘ou		再點（上）火		474		true	自旧档汇入	2026-04-13T01:27:08+08:00
Ramas	sm		一堆杂物	ih tei zéh wéh		一堆雜物		474		true	自旧档汇入	2026-04-13T01:27:08+08:00
Ramasser	va		收起来	seû ’k‘i lai		收起來		474		true	自旧档汇入	2026-04-13T01:27:08+08:00
Ramasser	va		拾起来	ngéh(zih)’k‘i lai		拾起來		474		true	自旧档汇入	2026-04-13T01:27:08+08:00
Ramasser	va		聚集起来	zin ’long lai		尋攏來		474		true	自旧档汇入	2026-04-13T01:27:08+08:00
Ramasser	va		聚集	zu’ zih		聚集		474		true	自旧档汇入	2026-04-13T01:27:08+08:00
Ramasser	va		堆积	tei tsih		堆積		474		true	自旧档汇入	2026-04-13T01:27:08+08:00
Ramassis	sm	Mélange.	混杂	wen’ zéh		混雜		474		true	自旧档汇入	2026-04-13T01:27:08+08:00
Ramassis	sm	Bande de vauriens.	一群混混	ih dao wa’ wa’		一淘壞壞		474		true	自旧档汇入	2026-04-13T01:27:08+08:00
Rame	sf	Aviron.	桨	’tsiang		槳		474		true	自旧档汇入	2026-04-13T01:27:08+08:00
Rame	sf	Aviron.	小橹	’siao ’lou [ih tsah]		小櫓[一隻]		474		true	自旧档汇入	2026-04-13T01:27:08+08:00
Rame	sf	__ de papier.	一沓纸	ih tao ’tse		一刀紙	？	474	待定	true	自旧档汇入	2026-04-13T01:27:08+08:00
Rameau	sm		树枝	zu’ o tse [ih ken]		樹椏枝[一根]		474		true	自旧档汇入	2026-04-13T01:27:08+08:00
Rameau	sm	Cérémonie des --x. (C.)	圣枝仪式	seng’ tse ’li gni		聖枝禮儀		474		true	自旧档汇入	2026-04-13T01:27:08+08:00
Ramener	va	__ qqn.	领他回来	’ling i ’tsé (wei) lai.		領伊轉（回）來		474		true	自旧档汇入	2026-04-13T01:27:08+08:00
Ramer	va	__ des pois.	搭豌豆架	tèh pié deû’ bang	tèh ’pié deû’ bang	搭匾豆棚	搭扁豆棚	474		true	自旧档汇入	2026-04-13T01:27:08+08:00
Ramer	vn		摇桨	t‘aong’ ’tsiang	daong’ ’tsiang	蕩槳		474		true	自旧档汇入	2026-04-13T01:27:08+08:00
Ramer	vn		划桨	wo ’tsiang		划槳		474		true	自旧档汇入	2026-04-13T01:27:08+08:00
Ramer	vn		摇橹	yao ’lou		摇櫓		474		true	自旧档汇入	2026-04-13T01:27:08+08:00
Ramie	sf		苎麻 	bah mô		白麻		474		true	自旧档汇入	2026-04-13T01:27:08+08:00
Ramie	sf		麻布	hao’ pou’		夏布		474		true	自旧档汇入	2026-04-13T01:27:08+08:00
Ramier	sm	Pigeon --.	野鸽子	’ya kéh ’tse [ih tsah]		野鴿子[一隻]		474		true	自旧档汇入	2026-04-13T01:27:08+08:00
Ramolli	adj		虚弱的	’gneu ’tsé		軟者		474		true	自旧档汇入	2026-04-13T01:27:08+08:00
Ramolli	adj	__. Fig.	昏迷的	hoen mi ’tsé	h‘oen mi ’tsé	昏迷者		474		true	自旧档汇入	2026-04-13T01:27:08+08:00
Ramolli	adj		傻瓜	doh deû		踱頭	？	474		true	自旧档汇入	2026-04-13T01:27:08+08:00
Ramoner	va	__ la cheminée.	通烟囱	t‘ong yé ts‘ong		通烟囱		474		true	自旧档汇入	2026-04-13T01:27:08+08:00
Rampe	sf		栏杆	lè keu		欄杆		474		true	自旧档汇入	2026-04-13T01:27:08+08:00
Rampe	sf		把手	’pouo ’seû		把手		474		true	自旧档汇入	2026-04-13T01:27:08+08:00
Rampe	sf		扶手	wou ’seû		扶手		474		true	自旧档汇入	2026-04-13T01:27:08+08:00
Ramper	vn		攀	bè		[並足]		474		true	自旧档汇入	2026-04-13T01:27:08+08:00
Ramper	vn		攀缘	bè t‘è	bè t‘è’	[並足]攤	[並足][足並]	474		true	自旧档汇入	2026-04-13T01:27:08+08:00
Ramper	vn		爬	bouo		爬		474		true	自旧档汇入	2026-04-13T01:27:08+08:00
Ramper	vn			yeû bè		游[並足]		474		true	自旧档汇入	2026-04-13T01:27:08+08:00
Ramper	vn	__ pour se cacher.	匍匐以藏身	bè lai ’bé		[並足]來[辶半]		474		true	自旧档汇入	2026-04-13T01:27:08+08:00
Ramure	sf		树枝	zu’ o tse		樹椏枝		474		true	自旧档汇入	2026-04-13T01:27:08+08:00
Rançon	sf		赎价	zôh ka’		贖價		474		true	自旧档汇入	2026-04-13T01:27:08+08:00
Rançonner	va	Exiger de l'argent.	索取	soh ’ts‘u		索取		474		true	自旧档汇入	2026-04-13T01:27:08+08:00
Rançonner	va	Exiger de l'argent.	强取钱款	ngang’ ’t‘ao		硬討		474		true	自旧档汇入	2026-04-13T01:27:08+08:00
Rançonner	va	Exiger de l'argent.	敲诈	ts‘èh tsouo	tsèh tsouo’	紥詐		474		true	自旧档汇入	2026-04-13T01:27:08+08:00
Rançonner	va	__ un captif.	绑架人来要钱	’lou gnen leh zôh		擄人勒贖		474		true	自旧档汇入	2026-04-13T01:27:08+08:00
Rançonner	va	__ qqn menacé de prise de corps.	私放罪犯	ma’ faong’		賣放		474		true	自旧档汇入	2026-04-13T01:27:08+08:00
Rancune	sf		仇恨	zeû hen’		仇恨		474		true	自旧档汇入	2026-04-13T01:27:08+08:00
Rancune	sf		仇恨	zeû keû’		仇寇		474		true	自旧档汇入	2026-04-13T01:27:08+08:00
Rancune	sf	Garder --.	记仇	ki’ zeû		記仇		474		true	自旧档汇入	2026-04-13T01:27:08+08:00
Rancune	sf	Garder --.	怀恨	wai(yeu’)hen’		懷（怨）恨		474		true	自旧档汇入	2026-04-13T01:27:08+08:00
Rancune	sf	Garder --.	抱怨	’bao yeu’		抱怨		474		true	自旧档汇入	2026-04-13T01:27:08+08:00
Rancune	sf	Je ne lui garde pas --.	我不记他的仇	’ngou véh ki’ i zeû		我勿記伊仇		474		true	自旧档汇入	2026-04-13T01:27:08+08:00
Rang	sm	Degré,classe.	等第	’teng		等		474		true	自旧档汇入	2026-04-13T01:27:08+08:00
Rang	sm	Degré,classe.	次序	ts‘e’ zu’		次序		474		true	自旧档汇入	2026-04-13T01:27:08+08:00
Rang	sm	Degré,classe.	品级	p‘in kieh	’p‘in kieh	品級		474		true	自旧档汇入	2026-04-13T01:27:08+08:00
Rang	sm	Ordre : par -- d'âge.	按照岁数的排行	tsao’ su’ sou’		照歲數		474		true	自旧档汇入	2026-04-13T01:27:08+08:00
Rang	sm	Votre rang dans la famille?	你在家里排行老几？	nong’ ba haong di’ ’ki?		儂排行第幾		474		true	自旧档汇入	2026-04-13T01:27:08+08:00
Rang	sm	Je suis le 3e (frère).	排行第三	ba haong di’ sè		排行第三		474		true	自旧档汇入	2026-04-13T01:27:08+08:00
Rang	sm	Position, dignité.	地位	di’ wei’		地位		474		true	自旧档汇入	2026-04-13T01:27:08+08:00
Rang	sm	Position, dignité.	爵位	tsiah wei’		爵位		474		true	自旧档汇入	2026-04-13T01:27:08+08:00
Rang	sm	Position, dignité.	地位	wei’ ’tse		位子		474		true	自旧档汇入	2026-04-13T01:27:08+08:00
Rang	sm	__ distingué.	很高的地位	kao wei’		高位		475		true	自旧档汇入	2026-04-13T01:27:08+08:00
Rang	sm	Ligne : se mettre en --s.	按次序排好	ba ’h‘ao		排好		475		true	自旧档汇入	2026-04-13T01:27:08+08:00
Rang	sm	Marcher en --s.	按次序排好走	ba haong ’tseû		排行走		475		true	自旧档汇入	2026-04-13T01:27:08+08:00
Rang	sm	Marcher en --s.	排好队再走	ba ze’ dei’ ’lao ’tseû		排是隊咾走		475		true	自旧档汇入	2026-04-13T01:27:08+08:00
Rang	sm	Les --s de l'armée.	军队	haong (dei’) ’ou		行（隊）伍		475	待定	true	自旧档汇入	2026-04-13T01:27:08+08:00
Rangée	sf		一行	ih haong		一行		475		true	自旧档汇入	2026-04-13T01:27:08+08:00
Rangée	sf		一排	ih ba		一排		475		true	自旧档汇入	2026-04-13T01:27:08+08:00
Rangée	sf		一排	ih da’		一[土大]	一埭	475		true	自旧档汇入	2026-04-13T01:27:08+08:00
Ranger	va	Mettre en ordre.	安排	eu ba		安排		475		true	自旧档汇入	2026-04-13T01:27:08+08:00
Ranger	va	Mettre en ordre.	排列	ba lih		排列		475		true	自旧档汇入	2026-04-13T01:27:08+08:00
Ranger	va	Mettre en ordre.	排列	seû zéh		收拾		475		true	自旧档汇入	2026-04-13T01:27:08+08:00
Ranger	va	Faire des rangements.	收拾	seû tsoh		收作		475		true	自旧档汇入	2026-04-13T01:27:08+08:00
Ranger	vr	Se --. Faire place.	让路	gnang’ lou’		讓路		475		true	自旧档汇入	2026-04-13T01:27:08+08:00
Ranger	vr	Se --. Faire place.	走开	’tseû k‘ai		走開		475		true	自旧档汇入	2026-04-13T01:27:08+08:00
Ranger	vr	Se -- du parti de qqn.	跟着他	ken zu i		跟隨伊		475		true	自旧档汇入	2026-04-13T01:27:08+08:00
Ranger	vr	Fig. Se --. Se corriger.	改正	’kai kou’		改過		475		true	自旧档汇入	2026-04-13T01:27:08+08:00
Ranger	vr	Fig. Se --. Se corriger.	变好	pié’ ’h‘ao.		變好		475		true	自旧档汇入	2026-04-13T01:27:08+08:00
Ranime	va		提醒	di ’sing		提醒		475		true	自旧档汇入	2026-04-13T01:27:08+08:00
Ranime	vr	Se --.	醒来	’sing ’tsé lai		醒轉來		475		true	自旧档汇入	2026-04-13T01:27:08+08:00
Ranime	vr	Se --.	还魂	wè wen		還魂		475		true	自旧档汇入	2026-04-13T01:27:08+08:00
Ranime	va	Fig. -- le courage de qqn.	鼓气	ka i ’tè liang’		加伊胆量		475	保留簡體	true	自旧档汇入	2026-04-13T01:27:08+08:00
Ranime	va		壮他的胆	tsaong i ’tè	tsaong’ i ’tè	裝伊胆	壯伊胆	475	待定 保留簡體 特殊	true	自旧档汇入	2026-04-13T01:27:08+08:00
Rapace	adj		黑心	h‘eh sin		黑心		475		true	自旧档汇入	2026-04-13T01:27:08+08:00
Rapace	adj		贪得无厌	t‘é sin wou yé’		貪心無厭		475		true	自旧档汇入	2026-04-13T01:27:08+08:00
Rapace	adj	Mandarin --.	贪官	t‘é koé		貪官		475		true	自旧档汇入	2026-04-13T01:27:08+08:00
Rapetisser	va		改小	’kai ’siao		改小		475		true	自旧档汇入	2026-04-13T01:27:08+08:00
Rapetisser	va		弄短一点	long’ ’teu		弄短		475		true	自旧档汇入	2026-04-13T01:27:08+08:00
Rapetisser	vr	Se --.	缩小缩短	soh  ’siao (’teu)		縮小（短）		475		true	自旧档汇入	2026-04-13T01:27:08+08:00
Raphaël	sm		拉斐尔	lèh-fèh-ngeh-’eul		辣法阨爾		475	待定	true	自旧档汇入	2026-04-13T01:27:08+08:00
Rapide	sm		急流险滩	kiéh ’se t‘è		急水灘		475		true	自旧档汇入	2026-04-13T01:27:08+08:00
Rapide	adj		快的	k‘oa’		快		475		true	自旧档汇入	2026-04-13T01:27:08+08:00
Rapide	adj		急速的	kiéh soh	kiéh sôh	急速		475	待定	true	自旧档汇入	2026-04-13T01:27:08+08:00
Rapide	adj			sao’ lai		燥來		475		true	自旧档汇入	2026-04-13T01:27:08+08:00
Rapide	adj		爽快	’saong taong’		爽當		475		true	自旧档汇入	2026-04-13T01:27:08+08:00
Rapide	adj		爽快	’saong fèh		爽發		475		true	自旧档汇入	2026-04-13T01:27:08+08:00
Rapide	adj		利落	soh loh		速落	？？	475	應該是字錯了	true	自旧档汇入	2026-04-13T01:27:08+08:00
Rapidement	adv		快点	k‘oa’ k‘oa’		快快		475		true	自旧档汇入	2026-04-13T01:27:08+08:00
Rapidement	adv		快点	hao sao’		豪燥		475		true	自旧档汇入	2026-04-13T01:27:08+08:00
Rapiécer	va		修补	’pou ih ’pou		補一補		475		true	自旧档汇入	2026-04-13T01:27:08+08:00
Rapiécer	va		修补	sieû ’pou		修補		475		true	自旧档汇入	2026-04-13T01:27:08+08:00
Rapiécer	va	[Habit] rapiécé.	补了很多次	ts‘ié ’pou pah ’tiao		千補百[衤隹]	千補百[巾勺]	475		true	自旧档汇入	2026-04-13T01:27:08+08:00
Rapine	sf	Commettre des --s.	抢	’ts‘iang		搶		475		true	自旧档汇入	2026-04-13T01:27:08+08:00
Rapine	sf	Commettre des --s.	抢夺	’ts‘iang deuh		搶奪		475		true	自旧档汇入	2026-04-13T01:27:08+08:00
Rapine	sf	Commettre des --s.	到处偷窃	t‘eû tong dao’ si		偷東盗西		475		true	自旧档汇入	2026-04-13T01:27:08+08:00
Rappeler	va	__ qqn.	叫他回来	kiao’ i ’tsé(wei) lai		叫伊轉（回）來		475		true	自旧档汇入	2026-04-13T01:27:08+08:00
Rappeler	va	__ à qqn.	提醒他	di ’sing i		提醒伊		475		true	自旧档汇入	2026-04-13T01:27:08+08:00
Rappeler	vr	Se --.	记得	ki’ teh		記得		475		true	自旧档汇入	2026-04-13T01:27:08+08:00
Rappeler	vr	Je ne me rappelle pas bien.	我记不清	’ngou ki’ véh ts‘ing		我記勿清		475		true	自旧档汇入	2026-04-13T01:27:08+08:00
Rappeler	vr	Je ne me rappelle pas bien.	我记不太清	hou deû véh ts‘éh	h‘ou deû véh ts‘éh	呼頭勿出		475		true	自旧档汇入	2026-04-13T01:27:08+08:00
Rapport		__ à un supérieur.	禀帖	’pin t‘ieh (tè) (foh)		禀帖（單）（覆）		475	待定	true	自旧档汇入	2026-04-13T01:27:08+08:00
Rapport		__ à l'Empereur.	奏章	tseû’ tsang		奏章		475	无词性	true	自旧档汇入	2026-04-13T01:27:08+08:00
Rapport		D'après votre --.	根据你说的	tsao’ nong’ kao’ sou’ ke’ seh wo’		照儂告訴个説話		475		true	自旧档汇入	2026-04-13T01:27:08+08:00
Rapport		Faux --.	谣言	yao yé		謡言		475		true	自旧档汇入	2026-04-13T01:27:08+08:00
Rapport		Faux --.	空话	k‘ong wo’		空話		475		true	自旧档汇入	2026-04-13T01:27:08+08:00
Rapport		Faux --.	无根据的话	m ken ’tse seh wo’		無根子説話	嘸根子説話	475		true	自旧档汇入	2026-04-13T01:27:08+08:00
Rapport		Écouter les --s de qqn.	耳根子软	’gni ’tou ken ’gneu		耳朵根軟		475		true	自旧档汇入	2026-04-13T01:27:08+08:00
Rapport		Écouter les --s de qqn.	容易听话	t‘ing gnen hong’	t‘ing gnen ’h‘ong	聽人哄		475		true	自旧档汇入	2026-04-13T01:27:08+08:00
Rapport		Relations: nous n'avons guère de --s ensemble.	我们没啥往来	ze’ gni m sa’ ’waong lai		自呢無啥往來	是伲嘸啥往來	475		true	自旧档汇入	2026-04-13T01:27:08+08:00
Rapport		Relations: nous n'avons guère de --s ensemble.	不太来去	véh da’ lai k‘i’		勿大來去		475		true	自旧档汇入	2026-04-13T01:27:08+08:00
Rapport		__ arithmétique(géom.).	算数比例	seu’ (yeng) yah ’pi ’li	seu’ (yeng) yah ’pi li’	算（形）學比理	算（形）學比例	475		true	自旧档汇入	2026-04-13T01:27:08+08:00
Rapport		Fig. Cela n'a pas de -- avec....	这个是与之无关的	di ke’ véh koè teh		第个勿關得		476		true	自旧档汇入	2026-04-13T01:27:08+08:00
Rapport		Fig. Cela n'a pas de -- avec....	没什么联系	véh kiao koè		勿交關		476		true	自旧档汇入	2026-04-13T01:27:08+08:00
Rapport		Par -- à. En comparaison.	比	’pi		比		476		true	自旧档汇入	2026-04-13T01:27:08+08:00
Rapport		Par -- à. Quant à.	谈到	len’ tao’		論到		476		true	自旧档汇入	2026-04-13T01:27:08+08:00
Rapporter	va	__ un objet.	拿回来	nao(tè) ’tsé lai		拿（担）轉來		476		true	自旧档汇入	2026-04-13T01:27:08+08:00
Rapporter	va	__ un objet.	放到原地	faong’ (eu) ’la gneu di’ faong		放（安）拉原地方		476		true	自旧档汇入	2026-04-13T01:27:08+08:00
Rapporter	va	Produire: ce terrain ne rapporte rien.	这块地产不出什么	di’ k‘oei’ di’ bi véh ts‘éh sa’ méh ze’		第塊地皮勿出啥物事		476		true	自旧档汇入	2026-04-13T01:27:08+08:00
Rapporter	va	Produire: ce terrain ne rapporte rien.	产不出	véh ts‘éh zôh		勿出熟		476		true	自旧档汇入	2026-04-13T01:27:08+08:00
Rapporter	va	Raconter.	讲起	’kaong ’k‘i		講起		476		true	自旧档汇入	2026-04-13T01:27:08+08:00
Rapporter	vr	Se -- à. Concerner.	有关	koè		關		476		true	自旧档汇入	2026-04-13T01:27:08+08:00
Rapporter	vr	Se -- à. Concerner.	关系	koè i’		關係		476		true	自旧档汇入	2026-04-13T01:27:08+08:00
Rapporter	vr	Se -- à. Concerner.	配对	siang p‘ei’(tei’)		相配（對）		476		true	自旧档汇入	2026-04-13T01:27:08+08:00
Rapporter	vr	S'en -- à qqn.	把这件事告诉他	t‘oh i		托伊		476		true	自旧档汇入	2026-04-13T01:27:08+08:00
Rapporter	vr	S'en -- à qqn.	拿这件事嘱托他	k‘ao’ (tsôh) t‘oh i.		靠（囑）托伊		476		true	自旧档汇入	2026-04-13T01:27:08+08:00
Rapporteur.	sm		告发的	pé ze’ fi ke’		搬是非个		476		true	自旧档汇入	2026-04-13T01:27:08+08:00
Rapporteur.	sm		告发的	pé seh wo’ ke’		搬説話个		476		true	自旧档汇入	2026-04-13T01:27:08+08:00
Rapproché	adj		近	ghien’		近		476		true	自旧档汇入	2026-04-13T01:27:08+08:00
Rapprocher	va		摆放近一点	’pa(faong’)lai ghien’ ’tié		擺（放）來近點		476		true	自旧档汇入	2026-04-13T01:27:08+08:00
Rapprocher	va		凑拢在一起	ts‘eû’ ’long lai		凑攏來		476		true	自旧档汇入	2026-04-13T01:27:08+08:00
Rapprocher	va	Cela rapproche de 2 lis.	距离二里路远	ghien’ gni’ ’li lou’		近二里路		476		true	自旧档汇入	2026-04-13T01:27:08+08:00
Rapprocher	vr	Se -- les uns des autres.	靠拢一点	’tseû ’long ’tié		走攏點		476		true	自旧档汇入	2026-04-13T01:27:08+08:00
Rapprocher	vr	Se -- les uns des autres.	靠近点	da’ ghien’ ’tié		汏近點	？近點	476		true	自旧档汇入	2026-04-13T01:27:08+08:00
Rapt	sm		诱拐强奸	kiè ’koa		奸拐		476		true	自旧档汇入	2026-04-13T01:27:08+08:00
Rapt	sm		强奸	ghiang kiè		强奸		476		true	自旧档汇入	2026-04-13T01:27:08+08:00
Rapt	sm		和奸	wou kiè		和奸		476		true	自旧档汇入	2026-04-13T01:27:08+08:00
Rapt	sm	__ de fiancée.	抢亲	’ts‘iang ts‘in		搶親		476		true	自旧档汇入	2026-04-13T01:27:08+08:00
Rare	adj	Pas nombreux.	少	’sao		少		476		true	自旧档汇入	2026-04-13T01:27:08+08:00
Rare	adj	Pas nombreux.	稀少	hi ’sao		稀少		476		true	自旧档汇入	2026-04-13T01:27:08+08:00
Rare	adj	Pas nombreux.	怪少的	koa’ ’sao		怪少		476		true	自旧档汇入	2026-04-13T01:27:08+08:00
Rare	adj	Pas nombreux.	少	kié’ ’sao		見少		476	不清楚在现代上海话的对应词是什么	true	自旧档汇入	2026-04-13T01:27:08+08:00
Rare	adj	Pas nombreux.	有限	’yeû yè	’yeû ’yè	有限		476	待定	true	自旧档汇入	2026-04-13T01:27:08+08:00
Rare	adj	Pas nombreux.	数得完	maong teh kié’	maong’ teh kié’	望得見		476		true	自旧档汇入	2026-04-13T01:27:08+08:00
Rare	adj	Clairsemé.	稀疏	hi loh		稀落		476		true	自旧档汇入	2026-04-13T01:27:08+08:00
Rare	adj	Pas ordinaire. Il est -- que..	难得	nè pè		難班		476		true	自旧档汇入	2026-04-13T01:27:08+08:00
Rare	adj	Pas ordinaire. Il est -- que..	难得	nè teh		難得		476		true	自旧档汇入	2026-04-13T01:27:08+08:00
Rarement	adj		少有	’sao ’yeû		少有		476	應當是adv	true	自旧档汇入	2026-04-13T01:27:08+08:00
Rarement	adj		难得	nè pè		難班		476		true	自旧档汇入	2026-04-13T01:27:08+08:00
Rarement	adj		很少	kié’ ’sao		見少		476		true	自旧档汇入	2026-04-13T01:27:08+08:00
Ras	adj	Cheveux --.	短头发	’teu deû fèh		短頭髮		476		true	自旧档汇入	2026-04-13T01:27:08+08:00
Ras	adj	Fig. En rase campagne.	在平地上	’la bing di’ laong’		拉平地上		476		true	自旧档汇入	2026-04-13T01:27:08+08:00
Raser	va	__ la tête.	剃	t‘i’		剃		476		true	自旧档汇入	2026-04-13T01:27:08+08:00
Raser	va	__ la tête.	剃头	t‘i’ deû		剃頭		476		true	自旧档汇入	2026-04-13T01:27:08+08:00
Raser	va	__ la barbe.	剃胡子	t‘i’ sou		剃鬚		476		true	自旧档汇入	2026-04-13T01:27:08+08:00
Raser	va	__ la figure.	修面	sieû mié’		修面		476		true	自旧档汇入	2026-04-13T01:27:08+08:00
Raser	va	Fig.[une ville].	拆为平地	ts‘ah wé bing di’		拆完平地		476		true	自旧档汇入	2026-04-13T01:27:08+08:00
Raser	va	Fig.[une ville].	夷为平地	ih ba dou di’		一敗墮地		476	待定	true	自旧档汇入	2026-04-13T01:27:08+08:00
Raser	va	__ la terre en volant.	贴地飞	zah di’ fi		着地飛		476		true	自旧档汇入	2026-04-13T01:27:08+08:00
Rasoir	sm		剃刀	t‘i’ tao [ih ’pouo]		剃刀[一把]		476		true	自旧档汇入	2026-04-13T01:27:08+08:00
Rassasié	pp	Satisfait.	吃饱的	k‘ieh ’pao ’tsé		吃飽者		476		true	自旧档汇入	2026-04-13T01:27:08+08:00
Rassasié	pp	Satisfait.	心满意足	sin ’mé i’ tsôh		心滿意足		476		true	自旧档汇入	2026-04-13T01:27:08+08:00
Rassasié	pp	Dégoûté.	满足	yé’ tsôh		饜足		476		true	自旧档汇入	2026-04-13T01:27:08+08:00
Rassasier	va	Fig.	满足…的心	ts‘ong ’mé gnen ke’ sin		充滿人个心		476		true	自旧档汇入	2026-04-13T01:27:08+08:00
Rassemblement	sm		一大批人	ih dou’ dao gnen		一大淘人		476		true	自旧档汇入	2026-04-13T01:27:08+08:00
Rassembler	va		聚集	zu’ zih		聚集		476		true	自旧档汇入	2026-04-13T01:27:08+08:00
Rassembler	vr	Se --.	相聚	siang wei’		相會		476		true	自旧档汇入	2026-04-13T01:27:08+08:00
Rassembler	vr		聚拢在一起	bao(zu’ zih) ’long lai		跑（聚集）攏來		476		true	自旧档汇入	2026-04-13T01:27:08+08:00
Rasséréné	pp	Le temps s'est --.	天气好	t‘ié k‘i’ ’h‘ao ’tsé		天氣好者		476		true	自旧档汇入	2026-04-13T01:27:08+08:00
Rasséréné	pp	Son visage s'est --.	脸上有笑意的	mié’ ’k‘ong laong’ ’yeû tse siao’ ’ngè ’tsé		面孔上有之笑眼者		477		true	自旧档汇入	2026-04-13T01:27:08+08:00
Rassis	adj		不新鲜的	koh sôh		擱宿		477		true	自旧档汇入	2026-04-13T01:27:08+08:00
Rassis	adj	Pain --.	不新鲜的馒头	koh sôh mé deû		擱宿饅頭		477		true	自旧档汇入	2026-04-13T01:27:08+08:00
Rassuré	pp		心里舒坦，安心	sin ’li eu gneng (su t‘a’)		必裏安寧（舒泰）		477		true	自旧档汇入	2026-04-13T01:27:08+08:00
Rassurer	va		大可放心	’tsin ’k‘o faong’ sin		儘可放心		477	待定	true	自旧档汇入	2026-04-13T01:27:08+08:00
Rassurer	vr	Se --.	放心	faong’ sin		放心		477		true	自旧档汇入	2026-04-13T01:27:08+08:00
Rat	sm		老鼠	’lao ’se [ih tsah]		老鼠[一隻]		477		true	自旧档汇入	2026-04-13T01:27:08+08:00
Rat	sm	Queue de --.	蜡线	lèh sié’ (diao).		蠟綫（條）		477		true	自旧档汇入	2026-04-13T01:27:08+08:00
Rat	sm	Mort aux --s.	老鼠药	’lao ’se yah		老鼠藥		477		true	自旧档汇入	2026-04-13T01:27:08+08:00
Ratatiné	adj		弯腰驼背	wè yao k‘iôh pei’		彎腰曲背		477		true	自旧档汇入	2026-04-13T01:27:08+08:00
Ratatiné	adj	Mine-e.	脸皱了起来	mié’ ’k‘ong tseû’ ’kè ’k‘i		面孔皺襇起		477		true	自旧档汇入	2026-04-13T01:27:08+08:00
Rate	sf		脾	’bi	bi	脾		477	看有沒有句號 待定	true	自旧档汇入	2026-04-13T01:27:08+08:00
Rate	sf	Ne pas se fouler la --.	一点也不用心	ih ’tié véh yong’ sin		一點勿用心		477		true	自旧档汇入	2026-04-13T01:27:08+08:00
Rate	sf	Ne pas se fouler la --.	怕吃苦	p‘ouo’ k‘ieh ’k‘ou		怕吃苦		477		true	自旧档汇入	2026-04-13T01:27:08+08:00
Rate	sf	Désopiler la --.	惹人笑	’za gnen siao’ sèh		惹人笑殺		477		true	自旧档汇入	2026-04-13T01:27:08+08:00
Râteau	sm		搂耙	’la bouo [ih tsah]		攋杷[一隻]	攋耙[一隻]	477	耙	true	自旧档汇入	2026-04-13T01:27:08+08:00
Râteau	sm	en fer.	铁耙	t‘ih bouo		鐵杷	鐵耙	477		true	自旧档汇入	2026-04-13T01:27:08+08:00
Râteau	sm	en bambou.	竹耙	tsôh bouo		竹杷	竹耙	477		true	自旧档汇入	2026-04-13T01:27:08+08:00
Râtelier	sm		喂草架	liao’ ka’ ’tse		料架子		477		true	自旧档汇入	2026-04-13T01:27:08+08:00
Râtelier	sm		假牙	siang nga ’ts‘e		鑲牙齒		477		true	自旧档汇入	2026-04-13T01:27:08+08:00
Rater	vn	Fausses dents.	打不中	’tang véh tsong’		打勿中		477		true	自旧档汇入	2026-04-13T01:27:08+08:00
Rater	vn	Le coup a raté. [fusil].	开枪没打响	ts‘iang k‘ai (faong’) véh ’hiang		槍開（放）勿响		477	保留簡體	true	自旧档汇入	2026-04-13T01:27:08+08:00
Ratière	sf		木猫（捕鼠用）	moh mao		木猫		477		true	自旧档汇入	2026-04-13T01:27:08+08:00
Ratière	sf		老鼠笼	tsoh ’lao ’se long		捉老鼠籠		477		true	自旧档汇入	2026-04-13T01:27:08+08:00
Ratifier	va		批准	’tsen ding’		准定		477		true	自旧档汇入	2026-04-13T01:27:08+08:00
Ration	sf		一天的粮食	ih gnéh ke’ vè’ liang		一日个飯糧		477		true	自旧档汇入	2026-04-13T01:27:08+08:00
Ration	sf	__ du soldat.	军粮	ping(kiun)liang		兵（軍）糧		477		true	自旧档汇入	2026-04-13T01:27:08+08:00
Ration	sf	Doubler la --.	加倍吃饭	ka bei’ k‘ieh ghiôh		加倍吃局		477		true	自旧档汇入	2026-04-13T01:27:08+08:00
Rationnel	adj		合理的	’yeû(héh)’li ke’		有（合）理个		477		true	自旧档汇入	2026-04-13T01:27:08+08:00
Ratisser	va		耙平	bouo bing		杷平	耙平	477		true	自旧档汇入	2026-04-13T01:27:08+08:00
Rattraper	va	__ qqn.		t‘euh di’ bi.		捝地皮		477	待定	true	自旧档汇入	2026-04-13T01:27:08+08:00
Rattraper	va	__ qqn.	重新接著	tsai’ tsoh zah		再捉着		477		true	自旧档汇入	2026-04-13T01:27:08+08:00
Rattraper	va	__ qqn.	赶上	’keu tao’		赶到		477	保留簡體	true	自旧档汇入	2026-04-13T01:27:08+08:00
Rattraper	va	__ qqn.	追上	tsu zah		追着		477		true	自旧档汇入	2026-04-13T01:27:08+08:00
Rattraper	va	__ qqch.	重新得到	tsai’ teh zah		再得着		477		true	自旧档汇入	2026-04-13T01:27:08+08:00
Rattraper	va	__ qqch.	弥补	fè ’pen		翻本		477		true	自旧档汇入	2026-04-13T01:27:08+08:00
Raturer	va	Biffer.	涂抹	dou méh		塗抹		477		true	自旧档汇入	2026-04-13T01:27:08+08:00
Raturer	va	Biffer.	删掉，挂掉，涂掉	sè (koèh, tèh)t‘éh		删（刮，搭）脱	删（刮，？）脱	477	待定	true	自旧档汇入	2026-04-13T01:27:08+08:00
Raturer	va	Biffer.	点掉	’tié t‘éh		點脱		477		true	自旧档汇入	2026-04-13T01:27:08+08:00
Rauque (Voix)	adj		嘶哑的声音	’o sang k‘i’		啞聲氣		477		true	自旧档汇入	2026-04-13T01:27:08+08:00
Rauque (Voix)	adj		喉咙哑了	hou long ’o ’tsé	wou long ’o ’tsé	喉矓啞者		477		true	自旧档汇入	2026-04-13T01:27:08+08:00
Ravager	va		抢掠	’ts‘iang liah		搶掠		477		true	自旧档汇入	2026-04-13T01:27:08+08:00
Ravager	va		杀人放火	sèh gnen faong’ ’h‘ou.		殺人放火		477		true	自旧档汇入	2026-04-13T01:27:08+08:00
Ravaler 	va	[son dire]	收回（话语）	soh		縮		477		true	自旧档汇入	2026-04-13T01:27:08+08:00
Ravaler 	va	[son dire]	收回（话语）	la’		賴		477		true	自旧档汇入	2026-04-13T01:27:08+08:00
Ravaler 	va	Fig. Mépriser.	看轻	k‘eu’ k‘ieng		看輕		477		true	自旧档汇入	2026-04-13T01:27:08+08:00
Ravaler 	va	Fig. Mépriser.	说贬低的话	wo’ wa’		話壞		477		true	自旧档汇入	2026-04-13T01:27:08+08:00
Ravaler 	vr	Se --.	学坏	zih ’hao véh zih zaong’		習下勿習上		477		true	自旧档汇入	2026-04-13T01:27:08+08:00
Ravauder	va		修补	’pou ’pou		補補		477		true	自旧档汇入	2026-04-13T01:27:08+08:00
Ravauder	va		缝补	sieû (wong) ’pou		修（縫）補		477		true	自旧档汇入	2026-04-13T01:27:08+08:00
Rave	sf		萝卜	louo bôh	loh bôh	蘿蔔		477		true	自旧档汇入	2026-04-13T01:27:08+08:00
Ravin	sm		沟壑	keû hoh	keû h‘oh	溝壑		477		true	自旧档汇入	2026-04-13T01:27:08+08:00
Ravin	sm		山沟	sè k‘i (hoh)	sè k‘i (h‘oh)	山溪（壑）		477		true	自旧档汇入	2026-04-13T01:27:08+08:00
Ravi	adj	Enchanté.	快快乐乐	mè k‘a’ wéh		蠻快活		478		true	自旧档汇入	2026-04-13T01:27:08+08:00
Ravi	adj	Enchanté.	十分喜悦	zéh fen loh(’hi)i’		十分樂（喜）意		478		true	自旧档汇入	2026-04-13T01:27:08+08:00
Ravir	va		强行抢夺	ngang’ ’ts‘iang		硬搶		478		true	自旧档汇入	2026-04-13T01:27:08+08:00
Ravir	va		抢	’ts‘iang		搶		478		true	自旧档汇入	2026-04-13T01:27:08+08:00
Raviser	vr	(Se).	改主意	’kai i’ se		改意思		478		true	自旧档汇入	2026-04-13T01:27:08+08:00
Raviser	vr	(Se).	换花样	wé’ h‘ouo deû		换花頭		478		true	自旧档汇入	2026-04-13T01:27:08+08:00
Raviser	vr	(Se).	换主意	wé’ ’tsu kié’		换主見		478		true	自旧档汇入	2026-04-13T01:27:08+08:00
Raviser	vr	(Se).	换主意	wo’ gni’ wo’		話二話		478		true	自旧档汇入	2026-04-13T01:27:08+08:00
Ravissant	adj		顶好	’ting ts‘u’		頂翠	頂趣	478		true	自旧档汇入	2026-04-13T01:27:08+08:00
Ravissant	adj		好听	’h‘ao t‘ing		好聽		478		true	自旧档汇入	2026-04-13T01:27:08+08:00
Ravissant	adj		出色的	ts‘éh seh ke’		出色个		478		true	自旧档汇入	2026-04-13T01:27:08+08:00
Ravisseur	sm	__ d'enfants.	儿童拐卖者	’koa ’tse		拐子		478		true	自旧档汇入	2026-04-13T01:27:08+08:00
Ravitailler	va	__ une place.	送粮救城	song’ liang kieû’ zeng		送糧救城		478		true	自旧档汇入	2026-04-13T01:27:08+08:00
Ravitailler	va	__ une place.	准备军饷	bei’ kiun hiang’		備軍餉		478		true	自旧档汇入	2026-04-13T01:27:08+08:00
Raviver	va	Fortifier.	补充力量	’pou (ka) ’lih liang’	’pou (ka) lih liang’	補（加）力量		478	保留簡體	true	自旧档汇入	2026-04-13T01:27:08+08:00
Raviver	va	Fortifier.	复兴	woh hieng		復興		478		true	自旧档汇入	2026-04-13T01:27:08+08:00
Raviver	va	Fortifier.	还原	wè gneu		還原		478		true	自旧档汇入	2026-04-13T01:27:08+08:00
Raviver	va	__ le feu en soufflant.	吹火让火变旺	ts‘e ’h‘ou		吹火		478		true	自旧档汇入	2026-04-13T01:27:08+08:00
Raviver	va	__ ,, ,, éventant.	搧风让火变旺	sé ’h‘ou		扇火		478		true	自旧档汇入	2026-04-13T01:27:08+08:00
Raviver	vr	Se --. [Feu]	重新旺起来	zong sin yaong’ ’k‘i lai		重新旺起来		478		true	自旧档汇入	2026-04-13T01:27:08+08:00
Rayer	va		刻画纹路	tsou’ wen lou’		做紋路		478		true	自旧档汇入	2026-04-13T01:27:08+08:00
Rayer	va		划格子	wah kah		劃格		478		true	自旧档汇入	2026-04-13T01:27:08+08:00
Rayer	va		刻画纹路	k‘eh		刻		478		true	自旧档汇入	2026-04-13T01:27:08+08:00
Rayer	va	Ne rayez pas la table.	 不要刻坏了桌子	véh yao’ k‘eh wa’ dai ’tse		勿要刻壞台子		478	保留簡體	true	自旧档汇入	2026-04-13T01:27:08+08:00
Rayon	sm	__ de lumière.	一道光线	ih dao’ koang		一道光		478		true	自旧档汇入	2026-04-13T01:27:08+08:00
Rayon	sm	__ de lumière.	光线	koang sié’		光綫		478		true	自旧档汇入	2026-04-13T01:27:08+08:00
Rayon	sm	__ de miel.	一块蜂蜜	ih k‘oei’ mih		一塊蜜		478		true	自旧档汇入	2026-04-13T01:27:08+08:00
Rayon	sm	__ de roue.	车轮架子	ts‘ouo len taong	ts‘ouo len taong’	車輪檔		478		true	自旧档汇入	2026-04-13T01:27:08+08:00
Rayon	sm	__ de cercle.	半径	pé kieng’		半徑		478		true	自旧档汇入	2026-04-13T01:27:08+08:00
Rayon	sm	__ de bibliothèque Le3e).	书架的第三格	su ka’ di’ sè kah (kieh)		書架第三格（級）		478		true	自旧档汇入	2026-04-13T01:27:08+08:00
Rayonner	vn		发光	fèh koang		發光		478		true	自旧档汇入	2026-04-13T01:27:08+08:00
Rayonner	vn		照射光线	tsao’ (zah) koang		照（射）光		478		true	自旧档汇入	2026-04-13T01:27:08+08:00
Re, Ré.	Préfixe itératif.		再	tsai’		再		478		true	自旧档汇入	2026-04-13T01:27:08+08:00
Re, Ré.	Préfixe itératif.		重新	zong sin		重新		478		true	自旧档汇入	2026-04-13T01:27:08+08:00
Re, Ré.	Préfixe itératif.		又	i’		又		478		true	自旧档汇入	2026-04-13T01:27:08+08:00
Réaction	sf	__ favorable [maladie].	复原	woh gneu		復原		478		true	自旧档汇入	2026-04-13T01:27:08+08:00
Réaction	sf	__ favorable [maladie].	反作用力	wei lih		回力		478		true	自旧档汇入	2026-04-13T01:27:08+08:00
Réagir	vn		抵挡	’ti ’taong		抵擋		478		true	自旧档汇入	2026-04-13T01:27:08+08:00
Réagir	vn		违背	pei’ gneh		背逆		478		true	自旧档汇入	2026-04-13T01:27:08+08:00
Réagir	vn		抵抗	’ti kaong’		抵抗		478		true	自旧档汇入	2026-04-13T01:27:08+08:00
Réagir	vn	__ contre le chagrin.	解闷	sè’ men’		散悶		478		true	自旧档汇入	2026-04-13T01:27:08+08:00
Réagir	vn	__ contre le chagrin.	摆脱郁闷	’ka t‘éh yeû men’		解脱憂悶		478		true	自旧档汇入	2026-04-13T01:27:08+08:00
Réagir	vn	__ contre le courant de l'opinion.	恢复旧制	’wè wei fong zôh		挽回風俗		478		true	自旧档汇入	2026-04-13T01:27:08+08:00
Réaliser	va		做	tsou’		做		478		true	自旧档汇入	2026-04-13T01:27:08+08:00
Réaliser	va		做完	tsou’ wé		做完		478		true	自旧档汇入	2026-04-13T01:27:08+08:00
Réaliser	va		成功	zeng kong		成功		478		true	自旧档汇入	2026-04-13T01:27:08+08:00
Réaliser	vr	Se --.	实现的	yeng’ gné’ ’tsé		應驗者		478		true	自旧档汇入	2026-04-13T01:27:08+08:00
Réalité	sf	__ d'un e chose.	事物的实际原因	zéh zai’ zing yeû		實在情由		478		true	自旧档汇入	2026-04-13T01:27:08+08:00
Réalité	sf	__ d'un e chose.	事情的实际	ze’ ’t‘i ke’ zéh zai’		事體个實在		478		true	自旧档汇入	2026-04-13T01:27:08+08:00
Réalité	sf	__ d'un e chose.	实际情况	zéh ze’ zéh zing		實事實情		478		true	自旧档汇入	2026-04-13T01:27:08+08:00
Réalité	loc. Adv.	En --.	实实在在地	zéh zéh zai’ zai’ 		實實在在		478		true	自旧档汇入	2026-04-13T01:27:08+08:00
Réalité	loc. Adv.	En --.	果然	’kou zé		果然		478		true	自旧档汇入	2026-04-13T01:27:08+08:00
Rebaptiser	va		再施洗礼	tsai’ fou’ seng’ ’se.		再付聖水		478		true	自旧档汇入	2026-04-13T01:27:08+08:00
Rébarbatif	adj		倔强	ghieuh ghiang		倔强		478	待定	true	自旧档汇入	2026-04-13T01:27:08+08:00
Rébarbatif	adj		顽固	’pè		板		478		true	自旧档汇入	2026-04-13T01:27:08+08:00
Rebattre	va		反复拍打	tsai’ ’tang		再打		478		true	自旧档汇入	2026-04-13T01:27:08+08:00
Rebattre	va	Fig. -- la même chose.	老调重弹	ts‘ié wo’ mè’ wo’		千話萬話		478		true	自旧档汇入	2026-04-13T01:27:08+08:00
Rebattre	va	Fig. -- la même chose.	老套	’lao t‘ao ’tse	’lao t‘ao’ ’tse	老套子		478		true	自旧档汇入	2026-04-13T01:27:08+08:00
Rebattre	va	En avoir les oreilles rebattues.	听得让耳朵烦腻的	t‘ing lai ’gni ’tou ’li yé’ ’tsé		聽來耳朵裏厭者		478		true	自旧档汇入	2026-04-13T01:27:08+08:00
Rebelle	sm		叛乱	’fè leu’		反亂		478		true	自旧档汇入	2026-04-13T01:27:08+08:00
Rebelle	sm		反贼	’fè zeh		反賊		478		true	自旧档汇入	2026-04-13T01:27:08+08:00
Rebelle	sm		贼匪	zeh fi	zeh ’fi	賊匪		478		true	自旧档汇入	2026-04-13T01:27:08+08:00
Rebelle	adj		不听从命令的	véh t‘ing ming’ ke’		勿聽命个		478		true	自旧档汇入	2026-04-13T01:27:08+08:00
Rebeller	vr	(Se).	造反	tsoh ’fè		作反		479		true	自旧档汇入	2026-04-13T01:27:08+08:00
Rebeller	vr	(Se).	作乱	tsoh leu’		作亂		479		true	自旧档汇入	2026-04-13T01:27:08+08:00
Rebeller	vr	(Se).	不屈服	péh woh		不服		479		true	自旧档汇入	2026-04-13T01:27:08+08:00
Rébellion	sf		叛乱	’fè leu’		反亂		479		true	自旧档汇入	2026-04-13T01:27:08+08:00
Rébellion	sf		造反	zao’ ’fè		造反		479		true	自旧档汇入	2026-04-13T01:27:08+08:00
Rebondi	adj		挺出来	déh (t‘ing) ts‘éh lai	déh (’t‘ing) ts‘éh lai	凸（挺）出來		479		true	自旧档汇入	2026-04-13T01:27:08+08:00
Rebondi	adj		挺胸翘肚	t‘ing hiong déh ’dou	’t‘ing hiong déh ’dou	挺胸凸肚		479	原作“梃胸凸肚”	true	自旧档汇入	2026-04-13T01:27:08+08:00
Rebondir	vn		弹回， 跳起来	t‘iao’(p‘ao)(zè’)’k‘i lai		跳（抛）（濺）起來		479		true	自旧档汇入	2026-04-13T01:27:08+08:00
Rebord	sm		旁边	pié deû		邊頭		479		true	自旧档汇入	2026-04-13T01:27:08+08:00
Rebord	sm	__ d'une manche.	袖头	zieû’ deû		袖頭		479		true	自旧档汇入	2026-04-13T01:27:08+08:00
Rebord	sm	__ d'une fenêtre.	窗栏	ts‘aong ’k‘è		窗檻		479		true	自旧档汇入	2026-04-13T01:27:08+08:00
Rebord	sm	__ d'une fenêtre.	窗边	ts‘aong pié deû		窗邊頭		479		true	自旧档汇入	2026-04-13T01:27:08+08:00
Rebord	sm	__ d'une fenêtre.	窗的披水条	p‘i ’se		披水		479		true	自旧档汇入	2026-04-13T01:27:08+08:00
Rebours	sm		相反	siang ’fè		相反		479		true	自旧档汇入	2026-04-13T01:27:08+08:00
Rebours	sm	Au --.	倒过来	’tao ts‘éh lai		倒出來		479		true	自旧档汇入	2026-04-13T01:27:08+08:00
Rebours	sm	Au --.	颠倒	tié tié ’tao ’dao		顛顛倒倒		479		true	自旧档汇入	2026-04-13T01:27:08+08:00
Rebours	sm	Etre au -- des autres.	古怪	’kou koa’		古怪		479		true	自旧档汇入	2026-04-13T01:27:08+08:00
Rebours	sm	Etre au -- des autres.	与他人两样	dong biéh gnen ’liang yang’		同别人兩樣		479		true	自旧档汇入	2026-04-13T01:27:08+08:00
Rebours	sm	Etre au -- des autres.	不和其他人一样	véh wou dao ke’		勿和淘个		479		true	自旧档汇入	2026-04-13T01:27:08+08:00
Rebours	sm	Entendre une chose à --.	听岔了	t‘ing ts‘ouo		聽差		479		true	自旧档汇入	2026-04-13T01:27:08+08:00
Rebouteur	sm		接骨先生	tsih koéh sié sang.		接骨先生		479		true	自旧档汇入	2026-04-13T01:27:08+08:00
Rebrousse-poil		(A).	逆着长的毛发	gneh(’ts‘iang)mao		逆（搶）毛	逆（戧）毛	479		true	自旧档汇入	2026-04-13T01:27:08+08:00
Rebrousse-poil		Raser à --.	剃掉逆毛	’ts‘iang t‘i’.		搶剃	戧剃	479		true	自旧档汇入	2026-04-13T01:27:08+08:00
Rebrousser	va	__ chemin.	折返回来	wei ’tsé lai		回轉來		479		true	自旧档汇入	2026-04-13T01:27:08+08:00
Rebut	sm		废物	fi’ wéh		废物		479		true	自旧档汇入	2026-04-13T01:27:08+08:00
Rebut	sm	Marchandise de --.	挑拣下来的废货	’kè loh zè hou’	’kè loh zè h‘ou’	揀落殘貨		479		true	自旧档汇入	2026-04-13T01:27:08+08:00
Rebutant	adj		讨厌的，差劲的	p‘ouo’ lai 		怕來		479		true	自旧档汇入	2026-04-13T01:27:08+08:00
Rebutant	adj		叫人扫兴的	kiao’ gnen t‘è hieng’ (’lang sin)		叫人坍興（冷心）		479		true	自旧档汇入	2026-04-13T01:27:08+08:00
Rebutant	adj	C'est vraiment --.	这真叫人讨厌	zéh zai’ ’t‘ao yé’		實在討厭		479		true	自旧档汇入	2026-04-13T01:27:08+08:00
Rebutant	adj	C'est vraiment --.	这很扫兴	véh tsoh hieng’		勿作興		479		true	自旧档汇入	2026-04-13T01:27:08+08:00
Rebuter	va		难为	nè’ wei		難為		479	待定	true	自旧档汇入	2026-04-13T01:27:08+08:00
Rebuter	va		搅扰	’kao ’zao		攪擾		479		true	自旧档汇入	2026-04-13T01:27:08+08:00
Rebuter	va		啰嗦	lou sou		囉唆		479		true	自旧档汇入	2026-04-13T01:27:08+08:00
Rebuter	va	__ les gens.	拒绝人们	’keu gnen k‘i’		赶人去		479	保留簡體	true	自旧档汇入	2026-04-13T01:27:08+08:00
Rebuter	va	__ les gens.	惹怒他们	bang’ mao i ’la		碰毛伊拉		479		true	自旧档汇入	2026-04-13T01:27:08+08:00
Rebuter	vr	Se --.	不高兴，灰心	véh kao hieng’		勿高興		479		true	自旧档汇入	2026-04-13T01:27:08+08:00
Rebuter	vr	Se --.	失望	séh maong’		失望		479		true	自旧档汇入	2026-04-13T01:27:08+08:00
Récalcitrant	adj		倔强的	ghiang ke’		强个		479		true	自旧档汇入	2026-04-13T01:27:08+08:00
Récalcitrant	adj		固执的	kou’ tséh ke’		固執个		479		true	自旧档汇入	2026-04-13T01:27:08+08:00
Récalcitrant	adj		固执的	den’ koang gnen		鈍光人		479		true	自旧档汇入	2026-04-13T01:27:08+08:00
Récalcitrant	adj		固执地很像牛的	gneû sing’		牛性		479		true	自旧档汇入	2026-04-13T01:27:08+08:00
Récalcitrer	vn		顽固的	ghiang		强		479		true	自旧档汇入	2026-04-13T01:27:08+08:00
Récalcitrer	vn		头脑顽固的	ghiang deû lih ’nao		强頭烈腦		479	待定	true	自旧档汇入	2026-04-13T01:27:08+08:00
Récalcitrer	vn		作难	tsoh tiao		作刁		479		true	自旧档汇入	2026-04-13T01:27:08+08:00
Récalcitrer	vn		抗拒，作梗	fèh gneng’		發擰	發？	479		true	自旧档汇入	2026-04-13T01:27:08+08:00
Récapituler	va		重新扼要说明	zong sin ’tsong wo’ ih wo’		重新總話一話		479		true	自旧档汇入	2026-04-13T01:27:08+08:00
Recélé	adj	(Objet).	窝藏的赃物	zeh ts‘aong	zeh tsaong	賊臟		479		true	自旧档汇入	2026-04-13T01:27:08+08:00
Receler	va		窝藏	k‘ou(wou) tsaong		窩賍	窠（窩）贜	479		true	自旧档汇入	2026-04-13T01:27:08+08:00
Receler	va		收回赃物	seû tsaong wéh		收賍物		479	保留簡體	true	自旧档汇入	2026-04-13T01:27:08+08:00
Recéleur	sm		藏贼的人	wou zeh ke’ gnen		窩賊个人		479		true	自旧档汇入	2026-04-13T01:27:08+08:00
Recéleur	sm		藏贼者	wou ka		窩家		479		true	自旧档汇入	2026-04-13T01:27:08+08:00
Recéleur	sm	Maison de --.	藏贼的房子	zeh k‘ou		賊窩	賊窠	479		true	自旧档汇入	2026-04-13T01:27:08+08:00
Récemment	adv		新	sin		新		479		true	自旧档汇入	2026-04-13T01:27:08+08:00
Récemment	adv		最近	sin ghien’		新近		479		true	自旧档汇入	2026-04-13T01:27:08+08:00
Récemment	adv		近来	ghien’ lai		近來		479		true	自旧档汇入	2026-04-13T01:27:08+08:00
Récemment	adv		不久前	véh tou ’ki ze		勿多幾時		479		true	自旧档汇入	2026-04-13T01:27:08+08:00
Recensement	sm	Faire le --.	写户口本	’sia(lih)gnen ting ts‘ah ’tse		寫（立）人丁册子		479		true	自旧档汇入	2026-04-13T01:27:08+08:00
Recensement	sm	Registre de --.	戶口本	gnen ing ts‘ah		人丁册		480		true	自旧档汇入	2026-04-13T01:27:08+08:00
Recensement	sm	Registre de --.	戶口本	yé wou’ ts‘ah		烟户册		480		true	自旧档汇入	2026-04-13T01:27:08+08:00
Récent	adj		新的	sin		新		480		true	自旧档汇入	2026-04-13T01:27:08+08:00
Récent	adj		新近的	sin ghien’ ke’		新近个		480		true	自旧档汇入	2026-04-13T01:27:08+08:00
Récépissé	sm		收據單	seû p‘iao (tè)	seû p‘iao’ (tè)	收票（單）		480		true	自旧档汇入	2026-04-13T01:27:08+08:00
Récépissé	sm		收條	seû diao		收條		480		true	自旧档汇入	2026-04-13T01:27:08+08:00
Réceptacle	sm		贮藏所	k‘ou		窩	窠	480		true	自旧档汇入	2026-04-13T01:27:08+08:00
Réceptacle	sm		窝藏的赃物	wou tsaong		窩賍		480	保留簡體	true	自旧档汇入	2026-04-13T01:27:08+08:00
Réception	sf	Salle de --.	客厅	k‘ah t‘ing 		客廳		480		true	自旧档汇入	2026-04-13T01:27:08+08:00
Réception	sf	Salle de --.	会客间	k‘ah wei’ kè		客會間		480		true	自旧档汇入	2026-04-13T01:27:08+08:00
Recette	sf		入（收）帐	zéh (seû) tsang’		入（收）賬		480		true	自旧档汇入	2026-04-13T01:27:08+08:00
Recette	sf	Ne faire aucune --.	没有进账	m méh tsin’ tsang’		無末進賬	嘸末進賬	480		true	自旧档汇入	2026-04-13T01:27:08+08:00
Recette	sf	La dépense et la --.	出入帐	ts‘éh zéh tsang’		出入賬		480		true	自旧档汇入	2026-04-13T01:27:08+08:00
Recette	sf	La dépense dépasse la --.	入不敷出	’sou tsin’ péh fou ’sou ts‘éh		所進不敷所出		480		true	自旧档汇入	2026-04-13T01:27:08+08:00
Recette	sf	Remède: -- de famille.	祖传药方	’ts‘ao deû faong		草頭方		480		true	自旧档汇入	2026-04-13T01:27:08+08:00
Recette	sf	Écrire une --.	开药方	k‘ai yah faong(faong ’tse)		開藥方（方子）		480		true	自旧档汇入	2026-04-13T01:27:08+08:00
Recevoir	va		收到	seû ’zeû		收受		480		true	自旧档汇入	2026-04-13T01:27:08+08:00
Recevoir	va		领到	’ling ’zeû		領受		480		true	自旧档汇入	2026-04-13T01:27:08+08:00
Recevoir	va		收到	seû tao’		收到		480		true	自旧档汇入	2026-04-13T01:27:08+08:00
Recevoir	va	__ une lettre.	接到一封信	tsih zah ih fong sin’		接着一封信		480		true	自旧档汇入	2026-04-13T01:27:08+08:00
Recevoir	va	__ une grâce.	接受恩情	’zeû en		受恩		480		true	自旧档汇入	2026-04-13T01:27:08+08:00
Recevoir	va	__ une faveur.	接受感情	’ling zing		領情		480		true	自旧档汇入	2026-04-13T01:27:08+08:00
Recevoir	va	__ des visiteurs.	接待客人	tsih ’dai k‘ah ke’		接待客个		480		true	自旧档汇入	2026-04-13T01:27:08+08:00
Recevoir	va		会客	wei’ k‘ah		會客		480		true	自旧档汇入	2026-04-13T01:27:08+08:00
Recevoir	va	__ [qqn] à genoux.	跪着接住	ghiu’ ze’ ’lao tsih		跪是咾接		480		true	自旧档汇入	2026-04-13T01:27:08+08:00
Rechange	sm	(Habit de).	更换用的衣服	t‘i’ wé’ ke’ i zaong		替换个衣裳		480		true	自旧档汇入	2026-04-13T01:27:08+08:00
Réchapper	vn	Pas probable qu'il enrechappe.	避开	dao (bi’) k‘ai		逃（避）開		480		true	自旧档汇入	2026-04-13T01:27:08+08:00
Réchaud	sm	__ pas probable qu'il en réchappe.	九死一生	’kieû ’se ih seng		九死一生		480		true	自旧档汇入	2026-04-13T01:27:08+08:00
Réchaud	sm		暖炉	’neu kou		暖鍋		480		true	自旧档汇入	2026-04-13T01:27:08+08:00
Réchaud	sm	Brasero.Cf.Chauferette.	火盆	’h‘ou ben		火盆		480		true	自旧档汇入	2026-04-13T01:27:08+08:00
Réchauffer	va		热一热	gnéh ih gnéh 		熱一熱		480		true	自旧档汇入	2026-04-13T01:27:08+08:00
Réchauffer	va		温一温	wen ih wen		温一温		480		true	自旧档汇入	2026-04-13T01:27:08+08:00
Rechausser	va	__ un arbre.	在根上培土	ken laong’ ’ong gni		根上塕泥		480		true	自旧档汇入	2026-04-13T01:27:08+08:00
Recherche	sf	__ d'un object.	找	zin		尋		480		true	自旧档汇入	2026-04-13T01:27:08+08:00
Recherche	sf	Faire des --s (perquisitions).	搜寻	seû zin (zouo)		搜尋（查）		480		true	自旧档汇入	2026-04-13T01:27:08+08:00
Recherche	sf	Faire des --s (perquisitions).	各处探访	koh ts‘u’ ’ts‘ai ’faong		各處采訪		480		true	自旧档汇入	2026-04-13T01:27:08+08:00
Recherche	sf	Fig.Il y a mis trop de -.-	实在过头的	zéh zai’ t‘ai’ kou’ ’tsé		實在太過者		480		true	自旧档汇入	2026-04-13T01:27:08+08:00
Rechercher	va	S'en quérir.	查找	zouo ts‘èh		查察		480		true	自旧档汇入	2026-04-13T01:27:08+08:00
Rechercher	va	S'en quérir.	察访	ts‘èh ’faong		察訪		480		true	自旧档汇入	2026-04-13T01:27:08+08:00
Rechercher	adj	Désirer.	喜欢	’hi hoé	’hi h‘oé.	喜歡		480		true	自旧档汇入	2026-04-13T01:27:08+08:00
Rechercher	adj	Désirer.	喜欢	siang sin’		相信		480		true	自旧档汇入	2026-04-13T01:27:08+08:00
Rechercher	adj	Examiner.	考据证明	’k‘ao kieû (ts‘èh).	’k‘ao kieû’ (ts‘èh).	考究（察）		480		true	自旧档汇入	2026-04-13T01:27:08+08:00
Rechigné (Air)	adj		板着脸	tsou’ (’pè) mié’ ’k‘ong.		做（板）面孔		480		true	自旧档汇入	2026-04-13T01:27:08+08:00
Rechignant	ppr	(En).	勉强地做	’mié ’mié ’k‘iang ’k‘iang tsou’		勉勉强强做		480		true	自旧档汇入	2026-04-13T01:27:08+08:00
Rechignant	ppr	(En).	不高兴	véh kao hieng’		勿高興		480		true	自旧档汇入	2026-04-13T01:27:08+08:00
Rechute	sf	 [malade].	病症复发	woh bing’		復病		480		true	自旧档汇入	2026-04-13T01:27:08+08:00
Rechute	sf	Avoir une --.	病再次发作	bing’ i’ fèh ’tsé		病又發者		480		true	自旧档汇入	2026-04-13T01:27:08+08:00
Récidiver	vn		犯第二次一样的罪	tsai’ ’vè ih yang’ ke’ zu’		再犯一樣个罪		480		true	自旧档汇入	2026-04-13T01:27:08+08:00
Récidiviste	sm		再犯	tsai’ ’vè ke’		再犯个		480		true	自旧档汇入	2026-04-13T01:27:08+08:00
Récit	sm		石滩	zah t‘è		石灘		480		true	自旧档汇入	2026-04-13T01:27:08+08:00
Récit	sm		一行礁石	ih haong tsiao zah		一行礁石		480		true	自旧档汇入	2026-04-13T01:27:08+08:00
Réciproque	adj.		互相的	’wou siang		互相		481	待定	true	自旧档汇入	2026-04-13T01:27:08+08:00
Réciproquement	adv.		相互，彼此，交互	siang		相		481		true	自旧档汇入	2026-04-13T01:27:08+08:00
Réciproquement	adv.		相互，彼此，交互	da’ ka		大家		481		true	自旧档汇入	2026-04-13T01:27:08+08:00
Récit	sm.		叙述，记叙，叙事	wo’		話		481		true	自旧档汇入	2026-04-13T01:27:08+08:00
Récit	sm.	Faire des -s	讲故事	seh su		説書		481		true	自旧档汇入	2026-04-13T01:27:08+08:00
Récit	sm.	Faire des -s	讲故事	’kaong kou’ ze’		講故事		481		true	自旧档汇入	2026-04-13T01:27:08+08:00
Réciter	va.	— sa leçon	背书	pei’ su		背書		481		true	自旧档汇入	2026-04-13T01:27:08+08:00
Réclamer	va.		要求收回	’t‘ao		討		481		true	自旧档汇入	2026-04-13T01:27:08+08:00
Réclamer	va.		要求收回	’t‘ao wè		討還		481		true	自旧档汇入	2026-04-13T01:27:08+08:00
Réclamer	va.	— son dû	讨债	’t‘ao tsa’		討債		481		true	自旧档汇入	2026-04-13T01:27:08+08:00
Reclus	sm.	Recoin.sm.	隐修士，隐居者	’yen sieû		隱修		481	原注有“V.Renfoncemt.”	true	自旧档汇入	2026-04-13T01:27:08+08:00
Recoller	va.		重新胶合，再粘住	tsai’ teh (wou,t‘ih)		再糙（糊，貼）	再？（糊，貼）	481		true	自旧档汇入	2026-04-13T01:27:08+08:00
Recoller	va.	La plaie s'est recollée	伤口已经恢复	ts‘aong seû pao ’la ’tsé		瘡收包拉者		481		true	自旧档汇入	2026-04-13T01:27:08+08:00
Récolte	sf.		收获物，收成	seû (gné) zeng		收（年）成		481		true	自旧档汇入	2026-04-13T01:27:08+08:00
Récolte	sf.	— d'été	夏收	dou’ zôh		大熟		481		true	自旧档汇入	2026-04-13T01:27:08+08:00
Récolte	sf.	— de printemps	春收	’siao zôh		小熟		481		true	自旧档汇入	2026-04-13T01:27:08+08:00
Récolte	sf.	Bonne -	好收成	gné se’ ’h‘ao		年勢好		481		true	自旧档汇入	2026-04-13T01:27:08+08:00
Récolte	sf.	Une - par an	一年一熟	ih gné ih zôh		一年一熟		481		true	自旧档汇入	2026-04-13T01:27:08+08:00
Récolter	va.		收获，收割	seû		收		481		true	自旧档汇入	2026-04-13T01:27:08+08:00
Récolter	va.	On récolte ce qu'on a semé	种瓜得瓜，种豆得豆	tsong’ sa’ seû sa’		種啥收啥		481		true	自旧档汇入	2026-04-13T01:27:08+08:00
Recommander	va.	Prescrire	叮嘱，要求	fen fou’		吩咐		481		true	自旧档汇入	2026-04-13T01:27:08+08:00
Recommander	va.	Prescrire	叮嘱，要求	tsôh fou’		囑咐		481		true	自旧档汇入	2026-04-13T01:27:08+08:00
Recommander	va.	Patronner	推荐，介绍	’pao ’kiu		保舉		481		true	自旧档汇入	2026-04-13T01:27:08+08:00
Recommander	va.	Patronner	推荐，介绍	’kiu tsié’		舉薦		481		true	自旧档汇入	2026-04-13T01:27:08+08:00
Recommander	va.	Exhorter	劝告	k‘ieu’		勸		481		true	自旧档汇入	2026-04-13T01:27:08+08:00
Recommander	va.	Confier	托付，嘱托	t‘oh		托		481		true	自旧档汇入	2026-04-13T01:27:08+08:00
Recommencer	va.		重新开始，重新着手	zong sin ’k‘i deû		重新起頭		481		true	自旧档汇入	2026-04-13T01:27:08+08:00
Récompense	sf.		奖赏，回报	’saong se’		賞賜		481		true	自旧档汇入	2026-04-13T01:27:08+08:00
Récompense	sf.		奖赏，回报	pao’ tèh		報答		481		true	自旧档汇入	2026-04-13T01:27:08+08:00
Récompense	sf.	Donner une -	给予奖励	’tsiang ’saong		獎賞		481		true	自旧档汇入	2026-04-13T01:27:08+08:00
Récompenser	va.		酬报，奖励，报偿	pao’ tèh		報答		481		true	自旧档汇入	2026-04-13T01:27:08+08:00
Récompenser	va.		酬报，奖励，报偿	’saong 		賞		481		true	自旧档汇入	2026-04-13T01:27:08+08:00
Récompenser	va.		酬报，奖励，报偿	’saong se’		賞賜		481		true	自旧档汇入	2026-04-13T01:27:08+08:00
Réconciliateur	sm.		调停人，调解人	k‘ieu’ (seh) wou ke’ gnen		勸（説）和个人		481		true	自旧档汇入	2026-04-13T01:27:08+08:00
Réconcilier	va.		调停，调解，使和解	’kaong wou		講和		481		true	自旧档汇入	2026-04-13T01:27:08+08:00
Réconcilier	va.		调停，调解，使和解	seh wou		説和		481		true	自旧档汇入	2026-04-13T01:27:08+08:00
Réconcilier	vr.	Se -	重归于好	da’ ka kiao’ wou		大家叫和		481		true	自旧档汇入	2026-04-13T01:27:08+08:00
Réconcilier	vr.	Se -	重归于好	zong sin wou moh		重新和睦		481		true	自旧档汇入	2026-04-13T01:27:08+08:00
Réconcilier	vr.	Se -	重归于好	kiao’ ’h‘ao		叫好		481		true	自旧档汇入	2026-04-13T01:27:08+08:00
Reconduire	va.	— qqn.	送客	song’ i ’tsé k‘i’		送伊轉去		481		true	自旧档汇入	2026-04-13T01:27:08+08:00
Reconduire	va.	— qqn.	送客	song’ k‘ah		送客		481		true	自旧档汇入	2026-04-13T01:27:08+08:00
Reconduire	va.	Ne me reconduisez pas	不要送我了	lieû bou’ lieû bou’		留步留步		481		true	自旧档汇入	2026-04-13T01:27:08+08:00
Réconforter	va.		使恢复体力，使精神振作	’pou lih		補力		481		true	自旧档汇入	2026-04-13T01:27:08+08:00
Réconforter	va.		使恢复体力，使精神振作	’yang lih		養力		481		true	自旧档汇入	2026-04-13T01:27:08+08:00
Réconforter	va.Fig.	Consoler	安慰	eu wei’		安慰		481		true	自旧档汇入	2026-04-13T01:27:08+08:00
Réconforter	va.Fig.	Consoler	安慰	k‘oé i ke’ sin		寬伊个心		481		true	自旧档汇入	2026-04-13T01:27:08+08:00
Réconforter	va.Fig.	Encourager	鼓励，鼓舞	’mié li’		勉勵		481		true	自旧档汇入	2026-04-13T01:27:08+08:00
Reconnaissance	sf.		感谢，感激	tse (’ké) en ke’ sin		知（感）恩个心		481		true	自旧档汇入	2026-04-13T01:27:08+08:00
Reconnaissance	sf.	Mériter de la -	应该得到认可	kai taong pao’ tèh		該當報答		481		true	自旧档汇入	2026-04-13T01:27:08+08:00
Reconnaissance	sf.	Témoigner sa -	表达你的感激之情	’ké en		感恩		481		true	自旧档汇入	2026-04-13T01:27:08+08:00
Reconnaissance	sf.	Témoigner sa -	表达你的感激之情	pao’ en		報恩		481		true	自旧档汇入	2026-04-13T01:27:08+08:00
Reconnaissance	sf.	Pousser une -	加强勘测	t‘é’ ih t‘é’		探一探		481		true	自旧档汇入	2026-04-13T01:27:08+08:00
Reconnaissance	sf.	Pousser une -	加强勘测	ts‘éh zin		出巡		481		true	自旧档汇入	2026-04-13T01:27:08+08:00
Reconnaissance	sf.	Écrire une -	写借据	’sia bing kiu’		寫憑據		481		true	自旧档汇入	2026-04-13T01:27:08+08:00
Reconnaissance	sf.	— d'un mont-de-piété	当票	taong’ p‘iao’		當票		481		true	自旧档汇入	2026-04-13T01:27:08+08:00
Reconnaissant	adj.		感谢的，感激的	’ké en		感恩		481		true	自旧档汇入	2026-04-13T01:27:08+08:00
Reconnaissant	adj.		感谢的，感激的	’ké kieh		感激		481		true	自旧档汇入	2026-04-13T01:27:08+08:00
Reconnaître	va.		认出，辨认出	gnen’		認		481		true	自旧档汇入	2026-04-13T01:27:08+08:00
Reconnaître	va.		认出，辨认出	gnen’ teh		認得		481		true	自旧档汇入	2026-04-13T01:27:08+08:00
Reconnaître	va.		认出，辨认出	gnen’ ts‘éh lai		認出來		481		true	自旧档汇入	2026-04-13T01:27:08+08:00
Reconnaître	va.	—  parfaitement qqn	完全认识，熟识	mié’ mao’ mè zôh		面貌蠻熟		482		true	自旧档汇入	2026-04-13T01:27:08+08:00
Reconnaître	va.	—  parfaitement qqn	完全认识，熟识	zôh sih ke’		熟悉个		482		true	自旧档汇入	2026-04-13T01:27:08+08:00
Reconnaître	va.	—  une faute	承认错误	gnen’ ts‘ouo’		認錯	認差	482		true	自旧档汇入	2026-04-13T01:27:08+08:00
Reconnaître	vr.	Se -.Reprendre ses esprits	恢复理智	’sing ’tsé lai		醒轉來		482		true	自旧档汇入	2026-04-13T01:27:08+08:00
Reconnaître	vr.	Se -.Se repentir	后悔，懊悔	ao’ hoei’	ao’ h‘oei’	懊悔		482		true	自旧档汇入	2026-04-13T01:27:08+08:00
Recourbé	pp.		顶端弯曲的	wè ’tsé		彎者		482		true	自旧档汇入	2026-04-13T01:27:08+08:00
Recourbé	pp.		顶端弯曲的	k‘iôh ’tsé		曲者		482		true	自旧档汇入	2026-04-13T01:27:08+08:00
Recourir	vn.	— à qqn	求助于，求援于	ghieû i kieû’		求伊救		482		true	自旧档汇入	2026-04-13T01:27:08+08:00
Recourir	vn.	— à qqn	求助于，求援于	deû pen		投奔		482		true	自旧档汇入	2026-04-13T01:27:08+08:00
Recourir	vn.	— aux châtiments	使用惩罚	yong’ yeng vèh		用刑罰		482		true	自旧档汇入	2026-04-13T01:27:08+08:00
Recouvrer	va.	— son capital	回本	tao’ ’pen		到本		482		true	自旧档汇入	2026-04-13T01:27:08+08:00
Recouvrer	va.	— son capital	回本	koei ’pen		歸本		482		true	自旧档汇入	2026-04-13T01:27:08+08:00
Recouvrer	va.	— des créances	收取债务	seû tsang’		收賬		482		true	自旧档汇入	2026-04-13T01:27:08+08:00
Recouvrer	va.	— les impôts	收税	ts‘u zié liang		催錢糧		482		true	自旧档汇入	2026-04-13T01:27:08+08:00
Recouvrer	va.	— la santé	恢复健康	woh gneu		復原		482		true	自旧档汇入	2026-04-13T01:27:08+08:00
Recouvrer	va.	Se fortifier	变强壮	’pou hieuh		補血		482		true	自旧档汇入	2026-04-13T01:27:08+08:00
Récréer	vr.	(Se)	消遣，自娱	sè’ sin		散心		482		true	自旧档汇入	2026-04-13T01:27:08+08:00
Récréer	vr.	(Se)	消遣，自娱	béh siang’		孛相		482		true	自旧档汇入	2026-04-13T01:27:08+08:00
Récrier	vr.	(Se)	大叫大嚷	véh woh		勿服		482		true	自旧档汇入	2026-04-13T01:27:08+08:00
Récrier	vr.	(Se)	大叫大嚷	véh gnang’		勿讓		482		true	自旧档汇入	2026-04-13T01:27:08+08:00
Recrudescence	sf.	— d'une maladie	疾病复发	i’ ka bing’		又加病		482		true	自旧档汇入	2026-04-13T01:27:08+08:00
Recrudescence	sf.	— d'une maladie	疾病复发	bing’ ’zong ’tsé		病重者		482		true	自旧档汇入	2026-04-13T01:27:08+08:00
Recrue	sf.	[Soldat]	新兵，新战士	sin ping		新兵		482		true	自旧档汇入	2026-04-13T01:27:08+08:00
Recruter	va.		征募，招收	kiao’ gnen		叫人		482		true	自旧档汇入	2026-04-13T01:27:08+08:00
Recruter	va.	— des soldats	招兵	tsao sin ping		招新兵		482		true	自旧档汇入	2026-04-13T01:27:08+08:00
Recruter	va.	— des soldats	招兵	t‘ié ping		添兵		482		true	自旧档汇入	2026-04-13T01:27:08+08:00
Rectangle	sm.		长方形，矩形	zang faong yeng		長方形		482		true	自旧档汇入	2026-04-13T01:27:08+08:00
Rectangulaire	adj.		矩形的，成直角的	’yeû zeh koh ke’		有直角个		482		true	自旧档汇入	2026-04-13T01:27:08+08:00
Rectification	sf.		纠正，改正	’kai tseng’		改正		482		true	自旧档汇入	2026-04-13T01:27:08+08:00
Rectifier	va.		纠正，整顿	’pa tseng’		擺正		482		true	自旧档汇入	2026-04-13T01:27:08+08:00
Rectifier	va.		纠正，整顿	’kai ’h‘ao		改好		482		true	自旧档汇入	2026-04-13T01:27:08+08:00
Rectifier	va.	Rendre droit	使直，弄直	long’ zeh		弄直		482		true	自旧档汇入	2026-04-13T01:27:08+08:00
Rectitude	sf.		正直，公正	gni’ k‘i’		義氣		482		true	自旧档汇入	2026-04-13T01:27:08+08:00
Rectitude	sf.		正直，公正	tseng’ zeh wou se		正直無私		482		true	自旧档汇入	2026-04-13T01:27:08+08:00
Recto	sm.		正面	tseng’ mié’		正面		482		true	自旧档汇入	2026-04-13T01:27:08+08:00
Recto	sm.	N'écrire qu'au -	只写在正面	tè tè ’sia tseng’ mié’		單單寫正面		482		true	自旧档汇入	2026-04-13T01:27:08+08:00
Reçu	adj.		收到的	tao’ ’seû ’tsé		到手者		482		true	自旧档汇入	2026-04-13T01:27:08+08:00
Reçu	adj.	Ce n'est plus -	不再被认可的	véh hang ’tsé		勿行者		482		true	自旧档汇入	2026-04-13T01:27:08+08:00
Reçu	sm.		收据，收条	seû tè		收單		482		true	自旧档汇入	2026-04-13T01:27:08+08:00
Reçu	sm.		收据，收条	seû p‘iao’		收票		482		true	自旧档汇入	2026-04-13T01:27:08+08:00
Reçu	sm.		收据，收条	seû diao		收條		482		true	自旧档汇入	2026-04-13T01:27:08+08:00
Reçu	sm.	— de douane	海关收据	hong tè		紅單		482		true	自旧档汇入	2026-04-13T01:27:08+08:00
Recueillement	sm.		静心，集中心思	seû sin		收心		482		true	自旧档汇入	2026-04-13T01:27:08+08:00
Recueillir	va.		采集，集拢	seû lié’		收斂		482		true	自旧档汇入	2026-04-13T01:27:08+08:00
Recueillir	va.		采集，集拢	zéh (ngéh)		拾		482		true	自旧档汇入	2026-04-13T01:27:08+08:00
Recueillir	va.	— du fruit de	获得成果	teh zah ’h‘ao ts‘u’		得着好處		482		true	自旧档汇入	2026-04-13T01:27:08+08:00
Recueillir	va.	Donner asile	收留，收容	lieû		留		482		true	自旧档汇入	2026-04-13T01:27:08+08:00
Recueillir	va.	Donner asile	收留，收容	seû lieû		收留		482		true	自旧档汇入	2026-04-13T01:27:08+08:00
Recueillir	vr.	Se -	静心，集中心思	seû lié’ ze’ ka		收斂自家		482		true	自旧档汇入	2026-04-13T01:27:08+08:00
Reculé	adj.	Éloigné	遥远的，远隔的	’yeu		遠		482		true	自旧档汇入	2026-04-13T01:27:08+08:00
Reculer	va.		使后退	t‘ei k‘ai		推開		482		true	自旧档汇入	2026-04-13T01:27:08+08:00
Reculer	vn.		后退，退却	loh heû’		落後		482		true	自旧档汇入	2026-04-13T01:27:08+08:00
Reculer	vn.		后退，退却	t‘ei’ ’hao k‘i’		退下去		482		true	自旧档汇入	2026-04-13T01:27:08+08:00
Reculer	vn.		后退，退却	t‘ei’ heû’ ’tié		退後點		482		true	自旧档汇入	2026-04-13T01:27:08+08:00
Reculons		(À).Aller à -	倒着走	t‘ei’ soh ’tseû		退縮走		482	詞性是loc. adv. 原文未標註	true	自旧档汇入	2026-04-13T01:27:08+08:00
Récupérer	va.		收回，取回	seû wei		收回		482		true	自旧档汇入	2026-04-13T01:27:08+08:00
Récupérer	va.		收回，取回	seû ’tsé lai		收轉來		482		true	自旧档汇入	2026-04-13T01:27:08+08:00
Récurer	va.	— en essuyant	擦干净	k‘a keu zing’		揩乾净		482		true	自旧档汇入	2026-04-13T01:27:08+08:00
Récurer	va.	— en frottant	擦亮	ts‘èh teh koang liang’		擦得光亮		482		true	自旧档汇入	2026-04-13T01:27:08+08:00
Récuser	va.		否认，拒绝	véh gnen’		勿認		482		true	自旧档汇入	2026-04-13T01:27:08+08:00
Récuser	va.		否认，拒绝	véh yao’		勿要		482		true	自旧档汇入	2026-04-13T01:27:08+08:00
Rédempteur	sm.	Le -	救世主	kieû’ se’ ’tsu		救世主		483		true	自旧档汇入	2026-04-13T01:27:08+08:00
Rédemption	sf.		救世	kieû’ zôh		救贖		483		true	自旧档汇入	2026-04-13T01:27:08+08:00
Redevable	adj.		负债的，尚未偿清债务的	k‘ié’ ke’		欠个		483		true	自旧档汇入	2026-04-13T01:27:08+08:00
Redevable	adj.	Je vous suis - de la vie	我感谢你的救命之恩	yeng’ k‘iu zéh nong’ ’ngou véh zeng ’si		幸虧什儂我勿曾死	幸虧實儂我勿曾死	483	待定	true	自旧档汇入	2026-04-13T01:27:08+08:00
Rédiger	va.	— un acte etc.	拟订，撰写	’sia		寫		483		true	自旧档汇入	2026-04-13T01:27:08+08:00
Rédiger	va.	— un acte etc.	拟订，撰写	lih		立		483		true	自旧档汇入	2026-04-13T01:27:08+08:00
Redire	va.	Répéter	再说，重述	tsai’ wo’		再話		483		true	自旧档汇入	2026-04-13T01:27:08+08:00
Redire	va.	Rapporter	把（别人的话等）讲出去	’kaong péh biéh gnen t‘ing		講撥别人聽		483		true	自旧档汇入	2026-04-13T01:27:08+08:00
Redire	va.	Trouver à - à	吹毛求疵，挑剔	wo’ véh ’h‘ao		話勿好		483		true	自旧档汇入	2026-04-13T01:27:08+08:00
Redire	va.	Trouver à - à	吹毛求疵，挑剔	koa’		怪		483		true	自旧档汇入	2026-04-13T01:27:08+08:00
Redondance	sf.		冗长，赘言	zong foh ’lao lei dong		重複咾雷同		483		true	自旧档汇入	2026-04-13T01:27:08+08:00
Redoublé	adj.		重复的，重叠的	tsai’		再		483		true	自旧档汇入	2026-04-13T01:27:08+08:00
Redoublé	adj.		重复的，重叠的	tsai’ sè		再三		483		true	自旧档汇入	2026-04-13T01:27:08+08:00
Redoublé	adj.	À coups -s	反复打击	k‘ao k‘ao ’tang ’tang		敲敲打打		483		true	自旧档汇入	2026-04-13T01:27:08+08:00
Redoubler	va.		加倍，加强	ka bei’		加倍		483		true	自旧档汇入	2026-04-13T01:27:08+08:00
Redoubler	vn.	— d'efforts	加倍努力	keng ka yong’ lih (fèh fen’)		更加用力（發奮）		483		true	自旧档汇入	2026-04-13T01:27:08+08:00
Redoutable	adj.		很可怕的，令人生畏的	’k‘o p‘ouo’ ke’		可怕个		483		true	自旧档汇入	2026-04-13T01:27:08+08:00
Redouter	va.		害怕，畏惧，忧虑	p‘ouo’		怕		483		true	自旧档汇入	2026-04-13T01:27:08+08:00
Redouter	va.		害怕，畏惧，忧虑	kieng hah	kieng h‘ah	驚嚇		483		true	自旧档汇入	2026-04-13T01:27:08+08:00
Redresser	va.		重新竖直，使重新直立	long’ zeh		弄直		483		true	自旧档汇入	2026-04-13T01:27:08+08:00
Redresser	va.		重新竖直，使重新直立	tsié’ tsié’ tseng’		牮牮正		483	待定	true	自旧档汇入	2026-04-13T01:27:08+08:00
Redresser	va.	— au feu	在火中弄直	yeuh zeh		[扌鬱]直	燏直	483	        顯示不出	true	自旧档汇入	2026-04-13T01:27:08+08:00
Redresser	va.	— la tête	昂首	dai (’gnang) ’k‘i deû lai		抬（仰）起頭來		483		true	自旧档汇入	2026-04-13T01:27:08+08:00
Redresser	va.Fig.	Réformer	纠正，改正	’kai		改		483		true	自旧档汇入	2026-04-13T01:27:08+08:00
Redresser	va.Fig.	Réformer	纠正，改正	’ké h‘ouo’		感化		483		true	自旧档汇入	2026-04-13T01:27:08+08:00
Redresser	va.Fig.	Réformer	纠正，改正	’tseng ten’		整頓		483		true	自旧档汇入	2026-04-13T01:27:08+08:00
Redresser	va.	— un tort	纠正错误	sen yeu		伸冤		483		true	自旧档汇入	2026-04-13T01:27:08+08:00
Redresser	vr.	Se -	重新竖起来，重新竖直	zu’ zeh ’k‘i lai		竪直起來		483		true	自旧档汇入	2026-04-13T01:27:08+08:00
Réduire	va.		减低，减少	’kè ’sao		减少		483		true	自旧档汇入	2026-04-13T01:27:08+08:00
Réduire	va.	— le nombre	缩减数目	’tang tséh deû (k‘eû’ deû)		打折頭（扣頭）		483		true	自旧档汇入	2026-04-13T01:27:08+08:00
Réduire	va.	— à.Contraindre	强制，强迫，迫使	’mié ’k‘iang		免强	勉强	483		true	自旧档汇入	2026-04-13T01:27:08+08:00
Réduire	va.	Soumettre	制服，降服，抑制	tseng woh (bing)		征服（平）		483		true	自旧档汇入	2026-04-13T01:27:08+08:00
Réduire	va.	Soumettre	制服，降服，抑制	èh woh		壓服		483		true	自旧档汇入	2026-04-13T01:27:08+08:00
Réduire	vr.	Se - en.Se résoudre en	变成，化成	pié’ zeng		變成		483		true	自旧档汇入	2026-04-13T01:27:08+08:00
Réduire	vr.	Se - en.Se résoudre en	变成，化成	h‘ouo’ zeng		化成		483		true	自旧档汇入	2026-04-13T01:27:08+08:00
Réduire	va.	Cela se réduit à…	说到底只是，不过是	péh kou’		不過		483		true	自旧档汇入	2026-04-13T01:27:08+08:00
Réel	adj.		真的，真正的，真实的	tsen zéh ke’		真實个		483		true	自旧档汇入	2026-04-13T01:27:08+08:00
Réel	adj.		真的，真正的，真实的	tsen ke’		真个		483		true	自旧档汇入	2026-04-13T01:27:08+08:00
Réellement	adv.		确实，真正地	zéh zai’		實在		483		true	自旧档汇入	2026-04-13T01:27:08+08:00
Réellement	adv.		确实，真正地	tsen tsen ke’		真真个		483		true	自旧档汇入	2026-04-13T01:27:08+08:00
Refaire	va.	— à neuf	整旧翻新	tsai’ tsou’		再做		483		true	自旧档汇入	2026-04-13T01:27:08+08:00
Refaire	va.	Reconstruire	修理，改造	’kai zao’		改造		483		true	自旧档汇入	2026-04-13T01:27:08+08:00
Refaire	vr.	Se -	恢复体力，恢复健康	’pou hieuh		補血		483		true	自旧档汇入	2026-04-13T01:27:08+08:00
Refaire	vr.	Se -	恢复体力，恢复健康	’yang tsing zen		養精神		483		true	自旧档汇入	2026-04-13T01:27:08+08:00
Réfection	sf.	Prendre sa -	吃饭	k‘ieh vè’		吃飯		483		true	自旧档汇入	2026-04-13T01:27:08+08:00
Réfectoire	sm.		（修道院、学校等的）食堂，餐厅	k‘ieh vè’ kè		吃飯間		483		true	自旧档汇入	2026-04-13T01:27:08+08:00
Réfectoire	sm.		（修道院、学校等的）食堂，餐厅	vè’ t‘ing		飯廳		483		true	自旧档汇入	2026-04-13T01:27:08+08:00
Référer	vr.	(En) à un supérieur	向上级请示，请上级核定	’pin		禀		483		true	自旧档汇入	2026-04-13T01:27:08+08:00
Référer	vr.	(En) à un supérieur	向上级请示，请上级核定	’pin zaong’ se		禀上司		483		true	自旧档汇入	2026-04-13T01:27:08+08:00
Réfléchir	vn.		思索，思考，考虑	’siang ih ’siang		想一想		483		true	自旧档汇入	2026-04-13T01:27:08+08:00
Réfléchir	vn.	— la lumière.Réflecteur	反射光线	’fè tsao’		返照		483		true	自旧档汇入	2026-04-13T01:27:08+08:00
Réfléter	va.		映出，照出	wei koang ’fè tsao’		回光返照		483	没有查到“回光返照”的意思	true	自旧档汇入	2026-04-13T01:27:08+08:00
Réfléter	vr.	Se -	映出，被反映	yeng’ tsao’		映照		483		true	自旧档汇入	2026-04-13T01:27:08+08:00
Réflexion	sf.	(Avec)	故意，有意	kou’ i’		故意		483		true	自旧档汇入	2026-04-13T01:27:08+08:00
Réflexion	sf.	(Avec)	故意，有意	yeû i’		有意		483		true	自旧档汇入	2026-04-13T01:27:08+08:00
Réflexion	sf.	(Avec).- faite	经过考虑	’siang ’k‘i lai		想起來		483		true	自旧档汇入	2026-04-13T01:27:08+08:00
Réflexion	sf.	(Avec).- faite	经过考虑	’siang lai ’siang k‘i’		想來想去		483		true	自旧档汇入	2026-04-13T01:27:08+08:00
Réflexion	sf.	(Avec).Dit sans -	不假思索地说	’yeû ’k‘eû wou sin		有口無心		483		true	自旧档汇入	2026-04-13T01:27:08+08:00
Refluer	vn.		倒流，回流	’tao lieû		倒流		484	待定	true	自旧档汇入	2026-04-13T01:27:08+08:00
Reflux	sm.	Jusant	退潮	t‘ei’ zao		退潮		484		true	自旧档汇入	2026-04-13T01:27:08+08:00
Reflux	sm.	Jusant	退潮	loh zao (’se)		落潮（水）		484		true	自旧档汇入	2026-04-13T01:27:08+08:00
Réformer	va.	[de soldats]	使退伍，使退役	zai		裁		484		true	自旧档汇入	2026-04-13T01:27:08+08:00
Réformer	va.	[de soldats]	使退伍，使退役	ze		辭		484		true	自旧档汇入	2026-04-13T01:27:08+08:00
Réformer	va.	— un jugement	撤消判决	fè eu’		翻案		484		true	自旧档汇入	2026-04-13T01:27:08+08:00
Réformer	va.	— ses mœurs	改变品行	’kai kou’		改過		484		true	自旧档汇入	2026-04-13T01:27:08+08:00
Réformer	va.	— ses mœurs	改变品行	’kai oh zong zé’		改惡從善		484		true	自旧档汇入	2026-04-13T01:27:08+08:00
Réformer	vr.	Se -.	改造自己，改过自新，改邪归正	wei deû		回頭		484		true	自旧档汇入	2026-04-13T01:27:08+08:00
Réformer	vr.	Se -.	改造自己，改过自新，改邪归正	k‘i’ zia koei tseng’		棄邪歸正		484		true	自旧档汇入	2026-04-13T01:27:08+08:00
Réfractaire	adj.		抗拒的，不服从的	véh t‘ing ming’		勿聽命		484		true	自旧档汇入	2026-04-13T01:27:08+08:00
Réfractaire	adj.		抗拒的，不服从的	véh woh		勿服		484		true	自旧档汇入	2026-04-13T01:27:08+08:00
Réfractaire	adj.	Soldat -.Déserteur	逃兵，开小差的兵	yeû ’yong		游勇		484		true	自旧档汇入	2026-04-13T01:27:08+08:00
Réfractaire	adj.	Soldat -.Déserteur	逃兵，开小差的兵	dao ping		逃兵		484		true	自旧档汇入	2026-04-13T01:27:08+08:00
Réfractaire	adj.	Caractère -	倔强的性格	ghiang bi k‘i’		强脾氣		484	待定	true	自旧档汇入	2026-04-13T01:27:08+08:00
Réfractaire	adj.	Brique -	耐火砖	’h‘ou tsé		火磚		484		true	自旧档汇入	2026-04-13T01:27:08+08:00
Refréner	va.		抑制，约束	èh woh		壓服		484		true	自旧档汇入	2026-04-13T01:27:08+08:00
Refréner	va.		抑制，约束	kiu sôh		拘束		484		true	自旧档汇入	2026-04-13T01:27:08+08:00
Refroidi	pp.		冷的	’lang ’tsé		冷者		484		true	自旧档汇入	2026-04-13T01:27:08+08:00
Refroidi	pp.Fig.		冷淡的	’lang dè’ ’tsé		冷淡者		484		true	自旧档汇入	2026-04-13T01:27:08+08:00
Refroidi	pp.Fig.		冷淡的	’lang sin		冷心		484		true	自旧档汇入	2026-04-13T01:27:08+08:00
Refroidir	va.		使冷，使凉	’lang ih ’lang		冷一冷		484		true	自旧档汇入	2026-04-13T01:27:08+08:00
Refroidir	vn.		变冷，变凉	’lang ’tsé		冷者		484		true	自旧档汇入	2026-04-13T01:27:08+08:00
Refroidir	vr.	Se -.[Temps]	变冷	’lang ’k‘i lai		冷起來		484		true	自旧档汇入	2026-04-13T01:27:08+08:00
Refroidir	vr.	Se -.[Temps]	变冷	fèh ’lang		發冷		484		true	自旧档汇入	2026-04-13T01:27:08+08:00
Refroidir	vr.Fig.	Se - dans ses relations	感情变淡	pié’ ’lang		變冷		484		true	自旧档汇入	2026-04-13T01:27:08+08:00
Refroidir	vr.Fig.	Se - dans ses relations	感情变淡	zing ven’ dè’ ’tsé		情分淡者		484		true	自旧档汇入	2026-04-13T01:27:08+08:00
Refroidir	vr.Fig.	Se - dans ses relations	感情变淡	bôh ’tié ’tsé		薄點者		484		true	自旧档汇入	2026-04-13T01:27:08+08:00
Refroidissement	sm.	[maladie]	着凉，感冒	zah heu		着寒		484		true	自旧档汇入	2026-04-13T01:27:08+08:00
Refroidissement	sm.	[maladie]	着凉，感冒	fong heu		風寒		484		true	自旧档汇入	2026-04-13T01:27:08+08:00
Refroidissement	sm.	[maladie]	着凉，感冒	saong fong		傷風		484		true	自旧档汇入	2026-04-13T01:27:08+08:00
Refuge	sm.		庇护所，避难所	bi’ nè’ (eu sen) tse ts‘u’		避難（安身）之處		484		true	自旧档汇入	2026-04-13T01:27:08+08:00
Refuge	sm.	N'avoir pas de -	没有避难所	m teh ’tou bi’ ke’ di’ faong		無得躲藏个地方	嘸得躲藏个地方	484		true	自旧档汇入	2026-04-13T01:27:08+08:00
Refuge	sm.	N'avoir pas de -	没有避难所	m k‘i’ ts‘u’		無去處	嘸去處	484		true	自旧档汇入	2026-04-13T01:27:08+08:00
Réfugier	vr.	(Se)	避难，逃亡	dao ’tseû		逃走		484		true	自旧档汇入	2026-04-13T01:27:08+08:00
Réfugier	vr.	(Se)	避难，逃亡	dao nè’		逃難		484		true	自旧档汇入	2026-04-13T01:27:08+08:00
Refuser	va.		拒绝	t‘ei k‘iah		退却		484		true	自旧档汇入	2026-04-13T01:27:08+08:00
Refuser	va.	— le fermage	赖租，拒绝交租	la’ tsou		賴租		484		true	自旧档汇入	2026-04-13T01:27:08+08:00
Refuser	va.	— le fermage	赖租，拒绝交租	k‘ang’ tsou	k‘aong’ tsou	抗租		484		true	自旧档汇入	2026-04-13T01:27:08+08:00
Refuser	va.	— les impôts	拒绝缴税	k‘ang’ liang	k‘aong’ liang	抗糧		484		true	自旧档汇入	2026-04-13T01:27:08+08:00
Refuser	va.	— en remerciant	辞谢，礼貌地推辞	ze zia’		辭謝		484		true	自旧档汇入	2026-04-13T01:27:08+08:00
Refuser	va.	— en s'excusant	推辞，借故推脱	t‘ei ze		推辭		484		true	自旧档汇入	2026-04-13T01:27:08+08:00
Refuser	va.	— des marchandises	拒绝收货	t‘ei’ wè hou’ seh	t‘ei’ wè h‘ou’ seh	退還貨色		484		true	自旧档汇入	2026-04-13T01:27:08+08:00
Refuser	va.	— un objet demandé	驳回请求	véh ’k‘eng péh		勿肯撥		484		true	自旧档汇入	2026-04-13T01:27:08+08:00
Refuser	va.	— un objet demandé	驳回请求	la’		賴		484		true	自旧档汇入	2026-04-13T01:27:08+08:00
Refuser	va.	— une permission	拒绝许可，不许可	véh ’hiu		勿許		484		true	自旧档汇入	2026-04-13T01:27:08+08:00
Refuser	va.	— une permission	拒绝许可，不许可	véh tèh yeng’		勿答應		484		true	自旧档汇入	2026-04-13T01:27:08+08:00
Refuser	va.	— son consentement	拒绝同意，不同意	véh yeng’ zeng		勿應承		484		true	自旧档汇入	2026-04-13T01:27:08+08:00
Refuser	va.	— son consentement	拒绝同意，不同意	véh ’k‘eng		勿肯		484		true	自旧档汇入	2026-04-13T01:27:08+08:00
Réfuter	va.		反驳，驳斥，驳倒	pié’ pôh		辯駁		484		true	自旧档汇入	2026-04-13T01:27:08+08:00
Réfuter	va.		反驳，驳斥，驳倒	pôh ’tao		駁倒		484		true	自旧档汇入	2026-04-13T01:27:08+08:00
Réfuter	va.	— des erreurs doctrinales	攻打异端	kong ’tang yi’ teu		攻打异端		484		true	自旧档汇入	2026-04-13T01:27:08+08:00
Regagner	va.		重获，失而复得	tsai’ teh zah		再得着		484		true	自旧档汇入	2026-04-13T01:27:08+08:00
Regagner	va.		重获，失而复得	woh ’tsé lai		復轉來		484		true	自旧档汇入	2026-04-13T01:27:08+08:00
Regagner	va.	— au jeu	赢回赌钱	yeng ’tsé lai ke’ dong dié		贏轉來个銅錢		484		true	自旧档汇入	2026-04-13T01:27:08+08:00
Regagner	va.	— son logis	回家	kiu k‘i’		歸去		484		true	自旧档汇入	2026-04-13T01:27:08+08:00
Regagner	va.	— son logis	回家	kiu lai		歸來		484		true	自旧档汇入	2026-04-13T01:27:08+08:00
Régal	sm.	Festin	宴会，盛宴，筵席	yé zieh		筵席		484		true	自旧档汇入	2026-04-13T01:27:08+08:00
Régal	sm.	Festin	宴会，盛宴，筵席	dou’ ’tsieû zieh		大酒席		484		true	自旧档汇入	2026-04-13T01:27:08+08:00
Régaler	va.		款待，请吃饭	’k‘oé dai’		款待		484		true	自旧档汇入	2026-04-13T01:27:08+08:00
Régaler	va.		款待，请吃饭	bè’ ’tsieû (ts‘ai’)		辦酒（菜）		484		true	自旧档汇入	2026-04-13T01:27:08+08:00
Régaler	va.		款待，请吃饭	’pa ’tsieû zieh		擺酒席		484		true	自旧档汇入	2026-04-13T01:27:08+08:00
Régaler	vr.	Se -	享受丰盛的饭菜，享受美味	k‘ieh ’h‘ao ke’		吃好个		484		true	自旧档汇入	2026-04-13T01:27:08+08:00
Regard	sm.		目光，眼神，注视	ih k‘eu’		一看		485		true	自旧档汇入	2026-04-13T01:27:08+08:00
Regard	sm.		目光，眼神，注视	ih maong’		一望		485		true	自旧档汇入	2026-04-13T01:27:08+08:00
Regardant	adj.	— à l'argent	追求财利	’souo véh teh yong’ dong dié		捨勿得用銅錢		485		true	自旧档汇入	2026-04-13T01:27:08+08:00
Regardant	adj.	— à l'argent	追求财利	mô li’		摹利		485		true	自旧档汇入	2026-04-13T01:27:08+08:00
Regarder	va.		看，瞧，注视	k‘eu’		看		485		true	自旧档汇入	2026-04-13T01:27:08+08:00
Regarder	va.		看，瞧，注视	k‘eu’ k‘eu’		看看		485		true	自旧档汇入	2026-04-13T01:27:08+08:00
Regarder	va.		看，瞧，注视	sou sou k‘eu’		睃睃看		485		true	自旧档汇入	2026-04-13T01:27:08+08:00
Regarder	va.	— de tous côtés	东张西望	tong maong’ si maong’		東望西望		485		true	自旧档汇入	2026-04-13T01:27:08+08:00
Regarder	va.	— de tous côtés	东张西望	k‘eu’ tong k‘eu’ si		看東看西		485		true	自旧档汇入	2026-04-13T01:27:08+08:00
Regarder	va.	— l'ouest.Faire face à.	向西看	zao si		朝西		485		true	自旧档汇入	2026-04-13T01:27:08+08:00
Regarder	va.Fig.	— de mauvais œil	看不上，蔑视	k‘eu’ véh zaong’		看勿上		485		true	自旧档汇入	2026-04-13T01:27:08+08:00
Regarder	va.Fig.	— de mauvais œil	看不上，蔑视	k‘eu’ véh zéh ’ngè		看勿入眼		485		true	自旧档汇入	2026-04-13T01:27:08+08:00
Regarder	va.Fig.	— de son haut	轻视	’miao ze’		藐視		485		true	自旧档汇入	2026-04-13T01:27:08+08:00
Regarder	va.Fig.	— de son haut	轻视	’ngè ka’ kao		眼界高		485		true	自旧档汇入	2026-04-13T01:27:08+08:00
Regarder	va.Fig.	Cela ne le regarde pas	这不关他的事	di’ ke’ ze’ ’t‘i dong i m keu zéh		第个事體同伊無干涉	第个事體同伊嘸干涉	485		true	自旧档汇入	2026-04-13T01:27:08+08:00
Regarder	va.Fig.	Cela ne le regarde pas	这不关他的事	tèh i véh siang keu		搭伊勿相干		485		true	自旧档汇入	2026-04-13T01:27:08+08:00
Regarder	va.Fig.	Cela ne le regarde pas	这不关他的事	véh koè i		勿關伊		485		true	自旧档汇入	2026-04-13T01:27:08+08:00
Regarder	va.Fig.	Mêlez-vous de ce qui vous regarde	干您自己的事去吧！少管闲事！	nong’ ’koé nong’ ke’ ze’ ’t‘i ’ba		儂管儂个事體罷		485		true	自旧档汇入	2026-04-13T01:27:08+08:00
Régent	sm.		摄政者	séh tseng’ ke’		攝政个		485		true	自旧档汇入	2026-04-13T01:27:08+08:00
Régent	sm.		摄政者	dai’ ’li kôh tseng’		代理國政		485		true	自旧档汇入	2026-04-13T01:27:08+08:00
Régenter	va.		管理	’koé		管		485		true	自旧档汇入	2026-04-13T01:27:08+08:00
Régicide	sm.	Commettre un -	犯弑君罪	se’ kiun		弑君		485		true	自旧档汇入	2026-04-13T01:27:08+08:00
Regimber	vn.		（牲口）踢后腿反抗，尥蹶子	t‘ieh		踢		485		true	自旧档汇入	2026-04-13T01:27:08+08:00
Regimber	vn.Fig.		反抗，抗拒	véh t‘ing ming’		勿聽命		485		true	自旧档汇入	2026-04-13T01:27:08+08:00
Regimber	vn.Fig.		反抗，抗拒	tsoh ngang’		作硬		485		true	自旧档汇入	2026-04-13T01:27:08+08:00
Régime	sm.		摄生法，饮食制度	diao ’li		調理		485		true	自旧档汇入	2026-04-13T01:27:08+08:00
Régime	sm.		摄生法，饮食制度	’yang sen fèh		養身法		485		true	自旧档汇入	2026-04-13T01:27:08+08:00
Régime	sm.	Suivre un - pour se refaire	饮食调养	diao ’yang		調養		485		true	自旧档汇入	2026-04-13T01:27:08+08:00
Régime	sm.	Suivre un - pour se refaire	饮食调养	’yang bing’		養病		485		true	自旧档汇入	2026-04-13T01:27:08+08:00
Régime	sm.	Manière de gouverner	治理方式	’koé kôh dou’ ke’ fèh ’tse		管國度个法子		485		true	自旧档汇入	2026-04-13T01:27:08+08:00
Régiment	sm.		团，一团士兵	lié dei’		聯隊		485		true	自旧档汇入	2026-04-13T01:27:08+08:00
Régiment	sm.		团，一团士兵	’liang yeng ping		兩營兵		485		true	自旧档汇入	2026-04-13T01:27:08+08:00
Région	sf.		地区，地带	di’ faong		地方		485		true	自旧档汇入	2026-04-13T01:27:08+08:00
Région	sf.		地区，地带	ih ta’ di’ faong		一帶地方		485		true	自旧档汇入	2026-04-13T01:27:08+08:00
Région	sf.	Les 5 -s:E.O.S.N.Centre	五方：东、西、南、北、中	’n faong:tong;si;né;pôh;tsong		五方：東；西；南；北；中		485		true	自旧档汇入	2026-04-13T01:27:08+08:00
Régir	va.		管理，统治	’koé		管		485		true	自旧档汇入	2026-04-13T01:27:08+08:00
Régir	va.		管理，统治	kai ’koé		該管		485		true	自旧档汇入	2026-04-13T01:27:08+08:00
Régir	va.		管理，统治	ze’ ’li		治理		485		true	自旧档汇入	2026-04-13T01:27:08+08:00
Régisseur	sm.		管理者	’koé ze’ ke’		管事个		485		true	自旧档汇入	2026-04-13T01:27:08+08:00
Registre	sm.		登记簿，注册簿	’bou (ts‘ah) ’tse [ih ’pen]		薄（册）子[一本]	簿（册）子[一本]	485		true	自旧档汇入	2026-04-13T01:27:08+08:00
Registre	sm.	— de comptes	账簿	tsang’ ’bou		賬簿		485		true	自旧档汇入	2026-04-13T01:27:08+08:00
Règle	sf.	Instrument	尺	ts‘ah		尺		485		true	自旧档汇入	2026-04-13T01:27:08+08:00
Règle	sf.	— pour frapper écoliers	戒尺	ka’ ts‘ah		戒尺		485		true	自旧档汇入	2026-04-13T01:27:08+08:00
Règle	sf.	Manière d'agir	处事方式，作风	fèh		法		485		true	自旧档汇入	2026-04-13T01:27:08+08:00
Règle	sf.	Manière d'agir	处事方式，作风	koei mô		規模		485		true	自旧档汇入	2026-04-13T01:27:08+08:00
Règle	sf.	Manière d'agir	处事方式，作风	’tsen tseh		準則		485		true	自旧档汇入	2026-04-13T01:27:08+08:00
Règle	sf.	Maxime	（行为、道德等的）准则	fèh tseh		法則		485		true	自旧档汇入	2026-04-13T01:27:08+08:00
Règle	sf.	Usage	习惯，惯例	koei ’kiu		規矩		485		true	自旧档汇入	2026-04-13T01:27:08+08:00
Règlement	sm.		条例，规章，规则	koei ’kiu		規矩		485		true	自旧档汇入	2026-04-13T01:27:08+08:00
Règlement	sm.		条例，规章，规则	diao ’k‘oé		條款		485		true	自旧档汇入	2026-04-13T01:27:08+08:00
Règlement	sm.		条例，规章，规则	tsang zeng		章程		485		true	自旧档汇入	2026-04-13T01:27:08+08:00
Règlement	sm.	— (administration)	（行政）条例	diao lih		條律		485		true	自旧档汇入	2026-04-13T01:27:08+08:00
Réglementer	va.		制订规章	lih (ding’) koei ’kiu		立（定）規矩		485		true	自旧档汇入	2026-04-13T01:27:08+08:00
Régler	va.	— du papier	在纸上划横格子	’tse laong’ wah (’tang) kah diao		紙上畫（打）隔條		485		true	自旧档汇入	2026-04-13T01:27:08+08:00
Régler	va.	— du papier	在纸上划横格子	wah kah ’tse		畫格子		485		true	自旧档汇入	2026-04-13T01:27:08+08:00
Régler	va.	— l'époque	安排时间	ding’ ze heû’ (gnéh ’tse)		定時候（日子）		485		true	自旧档汇入	2026-04-13T01:27:08+08:00
Régler	va.	— une affaire	解决一件事	eu ba (bè’ ding’ taong’) ih tsaong ze’ ’t‘i		安排（辦定當）一樁事體		486		true	自旧档汇入	2026-04-13T01:27:08+08:00
Régler	va.	L'affaire est réglée.[C'est réglé:cf.Entendu]	成功解决	zeng kong ’tsé		成功者		486		true	自旧档汇入	2026-04-13T01:27:08+08:00
Régler	va.	L'affaire est réglée.[C'est réglé:cf.Entendu]	成功解决	bè’ ’h‘ao ’tsé		辦好者		486		true	自旧档汇入	2026-04-13T01:27:08+08:00
Régler	va.	L'affaire est réglée.[C'est réglé:cf.Entendu]	成功解决	wo’ ’t‘ou taong’		話妥當		486		true	自旧档汇入	2026-04-13T01:27:08+08:00
Régler	va.	L'affaire est réglée.[C'est réglé:cf.Entendu]	成功解决	’liao (wé) kiéh ’tsé		了（完）結者		486		true	自旧档汇入	2026-04-13T01:27:08+08:00
Régler	vr.	Se - sur	以……为榜样	k‘eu’ yang’ tsou’ (hoh) yang’		看樣做（學）樣		486		true	自旧档汇入	2026-04-13T01:27:08+08:00
Réglisse	sf.		甘草	ké ’ts‘ao		甘草		486		true	自旧档汇入	2026-04-13T01:27:08+08:00
Régnant	ppr.	(L'Empereur)	统治的，执政的	’zou wei’ ke’ (taong kien) waong ti’		坐位个（當今）皇帝		486		true	自旧档汇入	2026-04-13T01:27:08+08:00
Règne	sm.		君主统治，统治	ts‘ao kôh tse ghieu		操國之權		486		true	自旧档汇入	2026-04-13T01:27:08+08:00
Règne	sm.		君主统治，统治	’zou wei’		坐位		486		true	自旧档汇入	2026-04-13T01:27:08+08:00
Règne	sm.	Sous le - de Tao-koang	道光年间	Dao’-koang gné kè		道光年間		486		true	自旧档汇入	2026-04-13T01:27:08+08:00
Règne	sm.	1ère année du - de T'ongtche	同治元年	Dong-ze’ gneu gné		同治元年		486		true	自旧档汇入	2026-04-13T01:27:08+08:00
Régner	vn.		统治，执政	ze’ (’koé) kôh dou’		治（管）國度		486		true	自旧档汇入	2026-04-13T01:27:08+08:00
Régner	vn.	— sur la Chine	统治中国	tse’ yu’ (’tsai ze’) tsong kôh		制御（宰制）中國		486		true	自旧档汇入	2026-04-13T01:27:08+08:00
Regorger	vn.	— de biens	富足有余，富饶	dou’ fèh zai		大發財		486		true	自旧档汇入	2026-04-13T01:27:08+08:00
Regorger	vn.	— de biens	富足有余，富饶	fou’ ’heû (tsôh) ’yeû yu		富厚（足）有餘		486		true	自旧档汇入	2026-04-13T01:27:08+08:00
Regret	sm.	Éprouver du -	感到后悔	ao’ hoei’	ao’ h‘oei’	懊悔		486		true	自旧档汇入	2026-04-13T01:27:08+08:00
Regret	sm.	Éprouver du -	感到后悔	ao’ ’lao		懊惱	懊憦	486		true	自旧档汇入	2026-04-13T01:27:08+08:00
Regret	loc.adv.	À -	不情愿地，勉强地	’mié ’k‘iang		勉强		486		true	自旧档汇入	2026-04-13T01:27:08+08:00
Regret	loc.adv.	À -	不情愿地，勉强地	véh ’souo teh		勿捨得		486		true	自旧档汇入	2026-04-13T01:27:08+08:00
Regret	loc.adv.	À -	不情愿地，勉强地	véh gneu’ i’		勿願意		486		true	自旧档汇入	2026-04-13T01:27:08+08:00
Regrettable	adj.		令人惋惜的	’k‘o sieh		可惜		486		true	自旧档汇入	2026-04-13T01:27:08+08:00
Regrettable	adj.	Oh que ce serait -!	哦，那是多么不幸啊！	saong sin lai ’liao péh teh!		傷心來了不得		486		true	自旧档汇入	2026-04-13T01:27:08+08:00
Regretter	va.	— sa famille	舍不得家人	’siang ôh ’li		想屋裏		486		true	自旧档汇入	2026-04-13T01:27:08+08:00
Regretter	va.	— sa famille	舍不得家人	gnôh mô		肉麻		486		true	自旧档汇入	2026-04-13T01:27:08+08:00
Regretter	va.	— sa faute	懊悔，悔过	ao’ hoei’	ao’ h‘oei’	懊悔		486		true	自旧档汇入	2026-04-13T01:27:08+08:00
Regretter	va.	— un évènement fâcheux	对不幸事件表达遗憾	’k‘o sieh		可惜		486		true	自旧档汇入	2026-04-13T01:27:08+08:00
Régulateur	sm.		调节器，调整器	’tseng ’li k‘i’		整理器		486		true	自旧档汇入	2026-04-13T01:27:08+08:00
Régulateur	sm.		调节器，调整器	’piao ’tsen		表準		486		true	自旧档汇入	2026-04-13T01:27:08+08:00
Régulier	adj.		有规律的, 规则的	tsao’ koei ’kiu		照規矩		486		true	自旧档汇入	2026-04-13T01:27:08+08:00
Régulier	adj.		有规律的, 规则的	’yeû ts‘e’ zu’		有次序		486		true	自旧档汇入	2026-04-13T01:27:08+08:00
Régulier	adj.	De bonne conduite	正当的，符合手续的，合乎规定的	tseng’ kieng ke’		正經个		486		true	自旧档汇入	2026-04-13T01:27:08+08:00
Régulier	adj.	De bonne conduite	正当的，符合手续的，合乎规定的	’yeû koei ’kiu ke’		有規矩个		486		true	自旧档汇入	2026-04-13T01:27:08+08:00
Régulier	adj.	De forme déterminée	匀称的，端正的，整齐的	zi ’tseng ke’		齊整个		486		true	自旧档汇入	2026-04-13T01:27:08+08:00
Régulièrement	adv.		有规律地，有规则地	’tsing ’tsing ’yeû diao		井井有條		486		true	自旧档汇入	2026-04-13T01:27:08+08:00
Régulièrement	adv.	Ordinairement	通常，平常	koè’ zang		慣常		486		true	自旧档汇入	2026-04-13T01:27:08+08:00
Régulièrement	adv.	Ordinairement	通常，平常	bing zang		平常		486		true	自旧档汇入	2026-04-13T01:27:08+08:00
Réhabiliter	va.		使恢复声誉，使重获尊重	woh wè ming sang		復還名聲		486		true	自旧档汇入	2026-04-13T01:27:08+08:00
Réhabiliter	va.	— un mariage	复婚	’mié ’t‘ou (k‘oé ’mié) ts‘in ze’		免妥（寬免）親事		486	我不太確定中文詞義應該是“复婚”还是“离婚”	true	自旧档汇入	2026-04-13T01:27:08+08:00
Rehausser	va.		再提高，再加高	ka kao ’tié		加高點		486		true	自旧档汇入	2026-04-13T01:27:08+08:00
Rehausser	va.		再提高，再加高	seng kao		升高		486		true	自旧档汇入	2026-04-13T01:27:08+08:00
Rehausser	va.	— les mérites de qqn	夸奖某人，突出某人的优点	k‘ouo ’tsiang (dai kao) i		誇獎（抬高）伊		486		true	自旧档汇入	2026-04-13T01:27:08+08:00
Rein	sm.		肾，肾脏	yao		腰		486		true	自旧档汇入	2026-04-13T01:27:08+08:00
Rein	sm.		肾，肾脏	yao ’tse		腰子		486		true	自旧档汇入	2026-04-13T01:27:08+08:00
Rein	sm.	Se ceindre les -s	束腰	sôh yao		束腰		486		true	自旧档汇入	2026-04-13T01:27:08+08:00
Reine	sf.		王后，皇后	waong (waong) heû’		皇（王）后		486		true	自旧档汇入	2026-04-13T01:27:08+08:00
Reine	sf.	— mère	太后	waong t‘a’ heû’		皇太后		486		true	自旧档汇入	2026-04-13T01:27:08+08:00
Reine	sf.	— mère	太后	t‘a’ heû’		太后		486		true	自旧档汇入	2026-04-13T01:27:08+08:00
Reine	sf.	Souveraine	女王	’gnu waong (waong) ti’		女王（皇）帝		486		true	自旧档汇入	2026-04-13T01:27:08+08:00
Réitérer	va.		反复做	tsai’ tsou’		再做		487		true	自旧档汇入	2026-04-13T01:27:08+08:00
Réitérer	va.	— ses recommandations	再三叮嘱，重申建议	tsai’ sè ting tsôh (tsôh fou’)		再三叮囑（囑咐）		487		true	自旧档汇入	2026-04-13T01:27:08+08:00
Rejaillir	vn.		溅，四溅	’yong ts‘éh ’yong tsin’		涌出湧進		487		true	自旧档汇入	2026-04-13T01:27:08+08:00
Rejaillir	vn.		溅，四溅	zè’ ts‘éh lai		濺出來		487		true	自旧档汇入	2026-04-13T01:27:08+08:00
Rejaillir	vn.Fig.	Sa gloire rejaillit sur vous	你与有荣焉	i ’yeû koang yong nong’ ’a ’yeû koang yong		伊有光榮，儂也有光榮		487	標點 格式	true	自旧档汇入	2026-04-13T01:27:08+08:00
Rejeter	va.		抛掉，丢弃	k‘i’ (goè’,tieû,toh,zu,t‘ei’) t‘éh		棄（甩，丢，搗，除，退）脱	棄（摜，丢，厾，除，退）脱	487	 	true	自旧档汇入	2026-04-13T01:27:08+08:00
Rejeter	va.	— avec dédain	不屑地抛弃，厌弃	yé’ k‘i’		厭棄		487		true	自旧档汇入	2026-04-13T01:27:08+08:00
Rejeter	va.	— une offre	拒绝要约	véh yao’		勿要		487		true	自旧档汇入	2026-04-13T01:27:08+08:00
Rejeter	va.	— une offre	拒绝要约	véh ’zeû		勿受		487		true	自旧档汇入	2026-04-13T01:27:08+08:00
Rejeter	va.	— une demande	驳回请求，不答应	véh gneu’ i’		勿願意		487		true	自旧档汇入	2026-04-13T01:27:08+08:00
Rejeter	va.	— une demande	驳回请求，不答应	véh ’hiu		勿許		487		true	自旧档汇入	2026-04-13T01:27:08+08:00
Rejeter	va.	— une demande	驳回请求，不答应	véh tèh yeng’		勿答應		487		true	自旧档汇入	2026-04-13T01:27:08+08:00
Rejeter	va.	— le blâme sur autrui	指责他人，推卸责任	t‘ei ’la biéh gnen sen laong’		推拉别人身上		487		true	自旧档汇入	2026-04-13T01:27:08+08:00
Rejeter	va.	— de la bouche	吐，呕	’t‘ou		吐		487		true	自旧档汇入	2026-04-13T01:27:08+08:00
Rejeter	va.	— de la bouche	吐，呕	p‘en		噴		487		true	自旧档汇入	2026-04-13T01:27:08+08:00
Rejeton	sm.		根蘖，树木根部长出的新枝	nga		芽		487		true	自旧档汇入	2026-04-13T01:27:08+08:00
Rejeton	sm.	Descendant	后裔，后代，子孙	’tse sen		子孫		487		true	自旧档汇入	2026-04-13T01:27:08+08:00
Rejeton	sm.	Descendant	后裔，后代，子孙	heû’ (’hao) dai’		後（下）代		487		true	自旧档汇入	2026-04-13T01:27:08+08:00
Rejoindre	va.	Rattraper	赶上，追上	’ken zaong’ k‘i’	ken zaong’ k‘i’	跟上去		487	變調	true	自旧档汇入	2026-04-13T01:27:08+08:00
Rejoindre	va.	Rattraper	赶上，追上	tsu zah		追着		487		true	自旧档汇入	2026-04-13T01:27:08+08:00
Rejoindre	va.	Ne pouvoir -	赶不上	’keu véh tao’ (ghieh)		趕勿到（及）		487		true	自旧档汇入	2026-04-13T01:27:08+08:00
Rejoindre	va.	Rapprocher	使再接合，使再连接	tsai’ ’ping ’long lai		再併攏來		487		true	自旧档汇入	2026-04-13T01:27:08+08:00
Rejoindre	va.	— les fentes	接合裂缝	héh wong’		合縫		487		true	自旧档汇入	2026-04-13T01:27:08+08:00
Réjoui	adj.		欢欣的，喜悦的，高兴的	k‘a’ wéh		快活		487		true	自旧档汇入	2026-04-13T01:27:08+08:00
Réjoui	adj.		欢欣的，喜悦的，高兴的	ts‘eng’ sin		稱心		487		true	自旧档汇入	2026-04-13T01:27:08+08:00
Réjouir	va.	— qqn.	使某人欢欣， 使某人喜悦	’se teh gnen ’hi hoé (k‘a’ wéh)	’se teh gnen ’hi h‘oé (k‘a’ wéh)	使得人喜歡（快活）		487		true	自旧档汇入	2026-04-13T01:27:08+08:00
Réjouir	vr.	Se -	欢欣，喜悦，高兴	’hi hoé	’hi h‘oé	喜歡		487		true	自旧档汇入	2026-04-13T01:27:08+08:00
Réjouir	vr.	Se -	欢欣，喜悦，高兴	k‘a’ wéh		快活		487		true	自旧档汇入	2026-04-13T01:27:08+08:00
Réjouir	vr.	Se -	欢欣，喜悦，高兴	k‘ai sin (wai)		開心（懷）		487		true	自旧档汇入	2026-04-13T01:27:08+08:00
Réjouir	vr.	Se -	欢欣，喜悦，高兴	’yeû ts‘u’		有趣		487		true	自旧档汇入	2026-04-13T01:27:08+08:00
Réjouissance	sf.		欢乐，欢庆	tsoh loh		作樂		487		true	自旧档汇入	2026-04-13T01:27:08+08:00
Réjouissance	sf.	Fête	节庆	’hi ze’		喜事		487		true	自旧档汇入	2026-04-13T01:27:08+08:00
Relâche	sm.	— pr le corps	松懈	hiéh hiéh lih		歇歇力		487		true	自旧档汇入	2026-04-13T01:27:08+08:00
Relâche	sm.	— pr le corps	松懈	’sing ih ’sing		惺一惺	醒一醒	487	待定	true	自旧档汇入	2026-04-13T01:27:08+08:00
Relâche	sm.	— pr le corps	松懈	tang ’teng		打等		487		true	自旧档汇入	2026-04-13T01:27:08+08:00
Relâche	sm.	— pour l'esprit	散心	sè’ sè’ sin		散散心		487		true	自旧档汇入	2026-04-13T01:27:08+08:00
Relâche	loc.adv.	Sans -	不间断地，不停顿地，不懈地	véh ’deu		勿斷		487		true	自旧档汇入	2026-04-13T01:27:08+08:00
Relâche	loc.adv.	Sans -	不间断地，不停顿地，不懈地	véh ding		勿停		487		true	自旧档汇入	2026-04-13T01:27:08+08:00
Relâche	loc.adv.	Sans -	不间断地，不停顿地，不懈地	véh ’ba hieû		勿罷休		487		true	自旧档汇入	2026-04-13T01:27:08+08:00
Relâche	loc.adv.	Parler sans -	不停地说	véh ding ’tse ke’ wo’		勿停嘴个話		487		true	自旧档汇入	2026-04-13T01:27:08+08:00
Relâche	loc.adv.	Parler sans -	不停地说	wo’ véh ding		話勿停		487		true	自旧档汇入	2026-04-13T01:27:08+08:00
Relâche	loc.adv.	Travailler sans -	不停工作	véh ding ’seû ke’ tsou’		勿停手个做		487		true	自旧档汇入	2026-04-13T01:27:08+08:00
Relâche	sf.	Port de -	停泊港	zé wè ts‘u’		船灣處		487		true	自旧档汇入	2026-04-13T01:27:08+08:00
Relâché	adj.	Dissolu	松弛的，松懈的	faong’ se’		放肆		487		true	自旧档汇入	2026-04-13T01:27:08+08:00
Relâché	adj.	— dans l'observance	规矩宽松	koei ’kiu k‘oé ’tsé		規矩寬者		487		true	自旧档汇入	2026-04-13T01:27:08+08:00
Relâcher	va.	— [qqn]	释放	faong’		放		487		true	自旧档汇入	2026-04-13T01:27:08+08:00
Relâcher	va.	— [qqn]	释放	faong’ ts‘éh k‘i’		放出去		487		true	自旧档汇入	2026-04-13T01:27:08+08:00
Relâcher	va.	— [qqn].Détendre	放松，使松驰	faong’ song		放鬆		487		true	自旧档汇入	2026-04-13T01:27:08+08:00
Relâcher	va.	— [qqn].Détendre	放松，使松驰	song k‘ai ’tié		鬆開點		487		true	自旧档汇入	2026-04-13T01:27:08+08:00
Relâcher	vn.	— dans un port	停泊	wè ih wè		灣一灣		487		true	自旧档汇入	2026-04-13T01:27:08+08:00
Relâcher	vn.	— dans un port	停泊	ding zé		停船		487		true	自旧档汇入	2026-04-13T01:27:08+08:00
Relâcher	vr.	Se - de son application	不太专心	véh da’ tsé sin ’tsé		勿大專心者		487		true	自旧档汇入	2026-04-13T01:27:08+08:00
Relâcher	vr.	Se - de son application	不太专心	ga ’tié		价點	懈點	487		true	自旧档汇入	2026-04-13T01:27:08+08:00
Relâcher	vr.	Se - de son application	不太专心	ga soh		价索	懈索	487		true	自旧档汇入	2026-04-13T01:27:08+08:00
Relâcher	vr.	Se - ds sa conduite	放肆	faong’ se’		放肆		487		true	自旧档汇入	2026-04-13T01:27:08+08:00
Relais	sm.		驿站	yeh ’zè		驛踮	驛站	488		true	自旧档汇入	2026-04-13T01:27:08+08:00
Relater	va.		叙述，详述	’sia		寫		488		true	自旧档汇入	2026-04-13T01:27:08+08:00
Relater	va.		叙述，详述	ki’ tsai’		記載		488		true	自旧档汇入	2026-04-13T01:27:08+08:00
Relater	va.	— dans le journal	在报刊上报道	lôh (zaong’) ’la pao’ laong’		録（上）拉報上		488		true	自旧档汇入	2026-04-13T01:27:08+08:00
Relation	sf.		关系，联系	siang koè (keu)		相關（干）		488		true	自旧档汇入	2026-04-13T01:27:08+08:00
Relation	sf.	Les 5 -s:Prince et sujet.Père et fils.Époux.Frères.Amis	五伦：君臣、父子、夫妇、兄弟、朋友	’n len:kiun zen;vou’ ’tse;fou’ ’wou;koen di’;bang ’yeû	’n len:kiun zen;vou’ ’tse;fou ’wou;k‘oen di’;bang ’yeû	五倫：君臣；父子；夫婦；昆弟；朋友		488		true	自旧档汇入	2026-04-13T01:27:08+08:00
Relation	sf.	—s sociales.Cf.Rompre	社会关系	lai ’waong		來往		488		true	自旧档汇入	2026-04-13T01:27:08+08:00
Relation	sf.	—s commerciales	贸易关系	sang i’ lai ’waong		生意來往		488		true	自旧档汇入	2026-04-13T01:27:08+08:00
Relativement	adv.	— à…	与……比较而言，关于	len’ tao’		論到		488		true	自旧档汇入	2026-04-13T01:27:08+08:00
Relativement	adv.	En comparasion avec…	比起……	’pi		比		488		true	自旧档汇入	2026-04-13T01:27:08+08:00
Relativement	adv.	En comparasion avec…	比起……	’pi tse		比之		488		true	自旧档汇入	2026-04-13T01:27:08+08:00
Relayer	vn.		换驿马	wé’ ’mô		换馬		488		true	自旧档汇入	2026-04-13T01:27:08+08:00
Relayer	vn.		换驿马	ding ih ding		停一停		488		true	自旧档汇入	2026-04-13T01:27:08+08:00
Relayer	va.	Remplacer	给（某人）换班，接替（某人）	zaong’ pè		上班		488		true	自旧档汇入	2026-04-13T01:27:08+08:00
Relayer	va.	Remplacer	给（某人）换班，接替（某人）	len lieû tsou’		輪流做		488		true	自旧档汇入	2026-04-13T01:27:08+08:00
Relayer	vr.	Se -.Se remlacer	相互替换，互相轮流	a ’tsé tsou’		挨轉做		488		true	自旧档汇入	2026-04-13T01:27:08+08:00
Relayer	vr.	Se -.Se remlacer	相互替换，互相轮流	a pè		挨班		488		true	自旧档汇入	2026-04-13T01:27:08+08:00
Relayer	vr.	Se -.Se remlacer	相互替换，互相轮流	t‘i’ wé’		替换		488		true	自旧档汇入	2026-04-13T01:27:08+08:00
Reléguer	va.	Exiler	流放	lieû dou		流徒		488		true	自旧档汇入	2026-04-13T01:27:08+08:00
Reléguer	va.	Exiler	流放	ts‘ong fèh		充發		488		true	自旧档汇入	2026-04-13T01:27:08+08:00
Reléguer	va.	— qqn à l'arrière-plan	不理某人，忽略某人	véh ’li (’ts‘ai) i		勿理（睬）伊		488		true	自旧档汇入	2026-04-13T01:27:08+08:00
Relever	va.	— qqn	使某人重新站起，扶起某人	tsè (wou) i ’k‘i lai	ts‘è (wou) i ’k‘i lai	攙（扶）伊起來		488		true	自旧档汇入	2026-04-13T01:27:08+08:00
Relever	va.	— ses vêtements	提起衣服	i zaong t‘ou (liao) ’k‘i lai		衣裳拖（撩）起來		488		true	自旧档汇入	2026-04-13T01:27:08+08:00
Relever	va.	— les gardes d'un poste	换岗	diao pè		調班		488		true	自旧档汇入	2026-04-13T01:27:08+08:00
Relever	va.	— les gardes d'un poste	换岗	diao (wé’) ping		調（换）兵		488		true	自旧档汇入	2026-04-13T01:27:08+08:00
Relever	va.	Être relevé d'un service	下班	’hao pè		下班		488		true	自旧档汇入	2026-04-13T01:27:08+08:00
Relever	vn.	[Ceci] relève du tao-tai	从属于道台	dao’ dai kai ’koé		道臺該管		488	待定	true	自旧档汇入	2026-04-13T01:27:08+08:00
Relever	vn.	— de maladie	剛剛康復	k‘èh k‘èh ’h‘ao		恰恰好		488		true	自旧档汇入	2026-04-13T01:27:08+08:00
Relever	vn.	— de maladie	病后复原	véh zeng woh gneu		勿曾復原		488		true	自旧档汇入	2026-04-13T01:27:08+08:00
Relever	vr.	Se -	重新站起来	’k‘i lai		起來		488		true	自旧档汇入	2026-04-13T01:27:08+08:00
Relever	vr.	Se -	重新站起来	lôh (lih) ’k‘i lai		䟿（立）起來		488		true	自旧档汇入	2026-04-13T01:27:08+08:00
Relever	vr.Fig.	Se -	重新兴旺起来	i’ hieng waong’ ’k‘i lai		又興旺起來		488		true	自旧档汇入	2026-04-13T01:27:08+08:00
Relier	va.	— [livre]	包书皮	pao bi ’tse		包皮紙		488		true	自旧档汇入	2026-04-13T01:27:08+08:00
Relieur	sm.		精装书装订工	pao bi ke’		包皮个		488		true	自旧档汇入	2026-04-13T01:27:08+08:00
Religieux	sm.		修会会士，修道士	sieû ze’		修士		488		true	自旧档汇入	2026-04-13T01:27:08+08:00
Religieux	sm.		修会会士，修道士	sieû dao’ gnen		修道人		488		true	自旧档汇入	2026-04-13T01:27:08+08:00
Religieuse	sf.	Cf.Sœurs	修女	sieû ’gnu		修女		488		true	自旧档汇入	2026-04-13T01:27:08+08:00
Religieuse	sf.	Cf.Sœurs	修女	’mou ’mou		姆姆	嬷嬷	488		true	自旧档汇入	2026-04-13T01:27:08+08:00
Religion	sf.		宗教	kiao’		教		488		true	自旧档汇入	2026-04-13T01:27:08+08:00
Religion	sf.	La vraie -	正教	tseng’ kiao’		正教		488		true	自旧档汇入	2026-04-13T01:27:08+08:00
Religion	sf.	Fausse -	邪教	zia kiao’		邪教		488		true	自旧档汇入	2026-04-13T01:27:08+08:00
Religion	sf.	Embrasser la - catholique	接受教导	wong’ kiao’		奉教		488		true	自旧档汇入	2026-04-13T01:27:08+08:00
Religion	sf.	Embrasser la - catholique	接受教导	tsin’ kiao’		進教		488		true	自旧档汇入	2026-04-13T01:27:08+08:00
Religion	sf.	Entrer en -.(C.)	当修士	tsin’ sieû dao’ wei’		進修道會		488		true	自旧档汇入	2026-04-13T01:27:08+08:00
Religion	sf.	Entrer en -.(C.)	当修士	tsin’ wei’		進會		488		true	自旧档汇入	2026-04-13T01:27:08+08:00
Reliquaire	sm.	(C.)	圣骨盒或箱，圣物盒或箱	seng’ koéh k‘é ’tse		聖骨龕子		488		true	自旧档汇入	2026-04-13T01:27:08+08:00
Reliquaire	sm.	Petit -	小圣物盒	seng’ dôh		聖櫝		488		true	自旧档汇入	2026-04-13T01:27:08+08:00
Reliquat	sm.		结欠，余额	tou ’hao lai		多下來		488		true	自旧档汇入	2026-04-13T01:27:08+08:00
Reliquat	sm.		结欠，余额	tsang’ ’ti		賬底		488	原作“賑底”	true	自旧档汇入	2026-04-13T01:27:08+08:00
Relique	sf.	(C.)	圣骨	seng’ koéh		聖骨		488		true	自旧档汇入	2026-04-13T01:27:08+08:00
Reliure	sf.		精装书封面，书壳	pao bi		包皮		488		true	自旧档汇入	2026-04-13T01:27:08+08:00
Reluire	vn.		闪闪发光，发亮	liang’		亮		488		true	自旧档汇入	2026-04-13T01:27:08+08:00
Reluire	vn.		闪闪发光，发亮	fèh koang		發光		488		true	自旧档汇入	2026-04-13T01:27:08+08:00
Remarier	vr.	(Se)	再结婚	gni’ hoen	gni’ h‘oen	二婚		488		true	自旧档汇入	2026-04-13T01:27:08+08:00
Remarier	vr.	Se - [homme]	再娶	tsai’ ’ts‘u		再娶		488		true	自旧档汇入	2026-04-13T01:27:08+08:00
Remarier	vr.	Se - [homme]	再娶	zôh yé		續絃		488		true	自旧档汇入	2026-04-13T01:27:08+08:00
Remarier	vr.	Se -[femme]	再嫁	tsai’ ka’		再嫁		488		true	自旧档汇入	2026-04-13T01:27:08+08:00
Remarier	vr.	Se -[femme]	再嫁	tsai’ tsiao’		再醮	再？	488		true	自旧档汇入	2026-04-13T01:27:08+08:00
Remarquable	adj.		值得注意的，惹人注目的	keh wai’ ke’		格外个		489		true	自旧档汇入	2026-04-13T01:27:08+08:00
Remarquable	adj.		值得注意的，惹人注目的	ts‘éh ’teng ke’		出等个		489		true	自旧档汇入	2026-04-13T01:27:08+08:00
Remarquable	adj.	Merveilleux	卓越的，出色的	ghi miao’ ke’		奇妙个		489		true	自旧档汇入	2026-04-13T01:27:08+08:00
Remarquable	adj.	Merveilleux	卓越的，出色的	hi ghi ke’		稀奇个		489		true	自旧档汇入	2026-04-13T01:27:08+08:00
Remarquable	adj.	Qu'y a-t-il de -?[Ironique]	有什么稀奇的？	’yeû sa’ hi ghi?		有啥稀奇		489		true	自旧档汇入	2026-04-13T01:27:08+08:00
Remarque	sf.		意见，评注	wo’ deû		話頭		489		true	自旧档汇入	2026-04-13T01:27:08+08:00
Remarque	sf.	Critique	批评	p‘i bing (deû)		批評（頭）		489		true	自旧档汇入	2026-04-13T01:27:08+08:00
Remarquer	va.		看到，认出	k‘eu’ kié’		看見		489		true	自旧档汇入	2026-04-13T01:27:08+08:00
Remarquer	va.		看到，认出	k‘eu’ ts‘éh lai		看出來		489		true	自旧档汇入	2026-04-13T01:27:08+08:00
Remblai	sm.		填方，填料	dié gni		填泥		489		true	自旧档汇入	2026-04-13T01:27:08+08:00
Remblayer	va.		填土，填平，填高	dié gni		填泥		489		true	自旧档汇入	2026-04-13T01:27:08+08:00
Remblayer	va.		填土，填平，填高	dié ’la zaong’		填拉上		489		true	自旧档汇入	2026-04-13T01:27:08+08:00
Remblayer	va.		填土，填平，填高	dié bing		填平		489		true	自旧档汇入	2026-04-13T01:27:08+08:00
Remboîter	va.	— les os	接骨，使骨头复位	tsih koéh (ga’)		接骨（骱）		489		true	自旧档汇入	2026-04-13T01:27:08+08:00
Remboîter	va.	— les os	接骨，使骨头复位	ngéh ga’		扼骱		489		true	自旧档汇入	2026-04-13T01:27:08+08:00
Rembourser	va.		偿还，付还，清偿	’pou wè		補還		489		true	自旧档汇入	2026-04-13T01:27:08+08:00
Rembourser	va.		偿还，付还，清偿	wè ts‘ing		還清		489		true	自旧档汇入	2026-04-13T01:27:08+08:00
Remède	sm.	Cf.Médecine	药，药物	yah [ih t‘ih,ih woh]		藥[一帖，一服]		489		true	自旧档汇入	2026-04-13T01:27:08+08:00
Remède	sm.	Prescrire un -	开药，开具医药处方	’sia faong ’tse		寫方子		489		true	自旧档汇入	2026-04-13T01:27:08+08:00
Remède	sm.	Prescrire un -	开药，开具医药处方	k‘ai yah faong		開藥方		489		true	自旧档汇入	2026-04-13T01:27:08+08:00
Remède	sm.	Acheter un -	买药	zôh yah		贖藥		489		true	自旧档汇入	2026-04-13T01:27:08+08:00
Remède	sm.	Composer un -	配药	kéh yah		合藥		489		true	自旧档汇入	2026-04-13T01:27:08+08:00
Remède	sm.	Composer un -	配药	p‘ei’ yah		配藥		489		true	自旧档汇入	2026-04-13T01:27:08+08:00
Remède	sm.	Les bons -s sont amers	良药苦口	liang yah ’k‘ou ’k‘eû		良藥苦口		489		true	自旧档汇入	2026-04-13T01:27:08+08:00
Remède	sm.Fig.	La prière est le -…	治疗手段是祷告	fèh ’tse zieû’ ze’ gnè’ kieng		法子就是念經		489		true	自旧档汇入	2026-04-13T01:27:08+08:00
Remèdier	vn.		医治	kieû’		救		489		true	自旧档汇入	2026-04-13T01:27:08+08:00
Remèdier	vn.	— à une infortune	救人免于不幸	tèh kieû’		搭救		489		true	自旧档汇入	2026-04-13T01:27:08+08:00
Remèdier	vn.	— à une infortune	救人免于不幸	kieû’ gnen ’mié t‘éh wè’ nè’		救人免脱患難		489		true	自旧档汇入	2026-04-13T01:27:08+08:00
Remèdier	vn.	Pas moyen d'y -	没有办法，无法挽回	m sa’ fèh ’tse		没啥法子	嘸啥法子	489		true	自旧档汇入	2026-04-13T01:27:08+08:00
Remèdier	vn.	Pas moyen d'y -	没有办法，无法挽回	m ’wè wei ’tsé		無挽回者	嘸挽回者	489		true	自旧档汇入	2026-04-13T01:27:08+08:00
Remercier	va.		感谢，谢谢	zia’		謝		489		true	自旧档汇入	2026-04-13T01:27:08+08:00
Remercier	va.		感谢，谢谢	’ké zia’		感謝		489		true	自旧档汇入	2026-04-13T01:27:08+08:00
Remercier	va.	Je vous remercie.(Pol.)	谢谢你	tou zia’ nong’		多謝儂		489		true	自旧档汇入	2026-04-13T01:27:08+08:00
Remercier	va.	Je vous remercie.(Pol.)	谢谢你	fi’ sin (vè lao) nong’ ’tsé		費心（煩勞）儂者		489		true	自旧档汇入	2026-04-13T01:27:08+08:00
Remercier	va.	Je vous remercie.(Pol.)	谢谢你	nè’ wei nong’		難為儂		489		true	自旧档汇入	2026-04-13T01:27:08+08:00
Remercier	va.	Congédier	谢绝	ze t‘éh		辭脱		489		true	自旧档汇入	2026-04-13T01:27:08+08:00
Remercier	va.	Congédier	谢绝	wei t‘éh		回脱		489		true	自旧档汇入	2026-04-13T01:27:08+08:00
Réméré	sm.	Vente à -	典卖，活卖	wéh ma’		活賣		489		true	自旧档汇入	2026-04-13T01:27:08+08:00
Remettre	va.		放回，送回	’pa (faong’) ’la ’lao (gneu) di’ faong		擺（放）拉老（原）地方		489		true	自旧档汇入	2026-04-13T01:27:08+08:00
Remettre	va.	— une vitre	装玻璃	tsaong pou li		裝玻璃		489		true	自旧档汇入	2026-04-13T01:27:08+08:00
Remettre	va.	— une membre démis	接骨，使骨头复位	ngéh (tsih) ga’		扼（接）骱		489		true	自旧档汇入	2026-04-13T01:27:08+08:00
Remettre	va.	— une membre démis	接骨，使骨头复位	tsih koéh		接骨		489		true	自旧档汇入	2026-04-13T01:27:08+08:00
Remettre	va.	— en bon état	修好，使恢复良好状态	sieû ’h‘ao		修好		489		true	自旧档汇入	2026-04-13T01:27:08+08:00
Remettre	va.	— à qqn [un objet]	交给他，交托他	ki’ ’la i		寄拉伊		489		true	自旧档汇入	2026-04-13T01:27:08+08:00
Remettre	va.	— [une dette]	免除	k‘oé ’mié		寬免		489		true	自旧档汇入	2026-04-13T01:27:08+08:00
Remettre	va.	— [une dette]	免除	zing gnang’		情讓		489		true	自旧档汇入	2026-04-13T01:27:08+08:00
Remettre	va.	— [une faute]	宽恕，赦免	gnao souo’		饒赦		489		true	自旧档汇入	2026-04-13T01:27:08+08:00
Remettre	va.	Ne me remets-tu pas?	你记不记得我了？	nong’ véh gnen’ teh ’ngou gni sa’?		儂勿認得我呢啥		489		true	自旧档汇入	2026-04-13T01:27:08+08:00
Remettre	va.Fig.	— qqn à sa place	挖苦，讽刺	den’ i		鈍伊		489		true	自旧档汇入	2026-04-13T01:27:08+08:00
Remettre	va.Fig.	— qqn à sa place	挖苦，讽刺	séh ’k‘eû		塞口		489		true	自旧档汇入	2026-04-13T01:27:08+08:00
Remettre	vr.	Se - d'une maladie	恢复健康，复原	woh gneu		復元		489		true	自旧档汇入	2026-04-13T01:27:08+08:00
Remettre	vr.	Se - d'une maladie	恢复健康，复原	’pou hieuh k‘i’		補血氣		489		true	自旧档汇入	2026-04-13T01:27:08+08:00
Remise	sf.	Escompte	折扣，减价	’tang ke’ tséh deû		打个折頭		489		true	自旧档汇入	2026-04-13T01:27:08+08:00
Remise	sf.	Escompte	折扣，减价	k‘eû’ deû		扣頭		489		true	自旧档汇入	2026-04-13T01:27:08+08:00
Remise	sf.	— d'impôt (de fermage)	免除赋税	’mié liang (tsou)		免糧（租）		489		true	自旧档汇入	2026-04-13T01:27:08+08:00
Remise	sf.	Hangar pour voitures	车棚	ts‘ouo bang		車棚		489		true	自旧档汇入	2026-04-13T01:27:08+08:00
Rémission	sf.		赦免，宽恕	souo’ t‘éh		赦脱		489		true	自旧档汇入	2026-04-13T01:27:08+08:00
Rémission	sf.		赦免，宽恕	k‘oé ’mié		寬免		489		true	自旧档汇入	2026-04-13T01:27:08+08:00
Rémission	sf.	Obtenir la - des péchés	获得赦罪	teh zah souo’ zu’		得著赦罪		489		true	自旧档汇入	2026-04-13T01:27:08+08:00
Remmener	va.	— qqn	带回某人，领回某人	song’ (’ling,ta’) i ’tsé k‘i’		送（領，帶）伊轉去		490		true	自旧档汇入	2026-04-13T01:27:08+08:00
Remonter	va.	— [montre,horloge]	上发条	zaong’ yé		上弦		490		true	自旧档汇入	2026-04-13T01:27:08+08:00
Remonter	va.	— le courant	逆流而上	zaong’ (’ts‘iang) ’se		上（搶）水	上（戧）水	490		true	自旧档汇入	2026-04-13T01:27:08+08:00
Remonter	va.	— le courant	逆流而上	ts‘ôh ’ting se	ts‘ôh ’ting ’se	觸頂水		490		true	自旧档汇入	2026-04-13T01:27:08+08:00
Remonter	va.Fig.	— le moral de qqn	重新鼓起某人的士气	tsaong’ i ke’ ’tè liang’		壯伊个膽量		490		true	自旧档汇入	2026-04-13T01:27:08+08:00
Remonter	va.Fig.	— le moral de qqn	重新鼓起某人的士气	kiao’ i tsang k‘i’ ’tié		教伊張氣点	教伊争氣点	490	待定 特殊	true	自旧档汇入	2026-04-13T01:27:08+08:00
Remonter	vn.	Le baromètre remonte	气压上升	fong ’yu ’piao seng ’k‘i lai		風雨表升起來		490		true	自旧档汇入	2026-04-13T01:27:08+08:00
Remontrance	sf.		告诫，指责	tsah bei’		責備		490		true	自旧档汇入	2026-04-13T01:27:08+08:00
Remontrance	sf.		告诫，指责	kiao’ hiun’		教訓		490		true	自旧档汇入	2026-04-13T01:27:08+08:00
Remontrance	sf.	Ne pas écouter les -s	不要听训	sa’ gnen wo’ véh t‘ing		啥人話勿聽		490		true	自旧档汇入	2026-04-13T01:27:08+08:00
Remontrer	va.		指出（错误等）	tsah bei’		責備		490		true	自旧档汇入	2026-04-13T01:27:08+08:00
Remontrer	va.		指出（错误等）	kiè’ seh		諫説		490		true	自旧档汇入	2026-04-13T01:27:08+08:00
Remords	sm.	Avoir des -	感到内疚，感到后悔	sin ’li ao’ hoei’	sin ’li ao’ h‘oei’	心裏懊悔		490		true	自旧档汇入	2026-04-13T01:27:08+08:00
Remorque	sf.		拖，牵引	t‘ou		拖		490		true	自旧档汇入	2026-04-13T01:27:08+08:00
Remorque	sf.	Câble	拖缆，拖绳，牵引索	t‘ou ’lè		拖纜		490		true	自旧档汇入	2026-04-13T01:27:08+08:00
Remorque	sf.	Être à la - des autres	被别人牵着走	tong fong tong ’tao si fong si ’tao		東風東倒西風西倒		490		true	自旧档汇入	2026-04-13T01:27:08+08:00
Remorque	sf.	Être à la - des autres	被别人牵着走	zen’ fong ’tao		順風倒		490		true	自旧档汇入	2026-04-13T01:27:08+08:00
Remorquer	va.		拖，牵引	t‘ou (ta’) zé		拖（帶）船		490		true	自旧档汇入	2026-04-13T01:27:08+08:00
Remouleur	sm.		磨刀工，磨刀人	mô tao ke’		磨刀个		490		true	自旧档汇入	2026-04-13T01:27:08+08:00
Remous	sm.		旋涡	sié ’se	zié ’se	漩水		490	待定	true	自旧档汇入	2026-04-13T01:27:08+08:00
Remous	sm.		旋涡	wei wen ’se		迴紋水		490		true	自旧档汇入	2026-04-13T01:27:08+08:00
Remparts	sm.pl.	— de ville	城墙	zeng ziang		城墻		490		true	自旧档汇入	2026-04-13T01:27:08+08:00
Remparts	sm.pl.	— de village	村庄的围墙	wei ziang		圍墻		490		true	自旧档汇入	2026-04-13T01:27:08+08:00
Remplaçant	sm.		代替人，替换人	t‘i’ kong		替工		490		true	自旧档汇入	2026-04-13T01:27:08+08:00
Remplacer	va.		代替，替换，更换	dai’ t‘i’		代替		490		true	自旧档汇入	2026-04-13T01:27:08+08:00
Remplacer	va.		代替，替换，更换	t‘i’ wé’		替换		490		true	自旧档汇入	2026-04-13T01:27:08+08:00
Remplacer	va.		代替，替换，更换	kang t‘i’		更替		490		true	自旧档汇入	2026-04-13T01:27:08+08:00
Remplacer	va.	Succéder dans une charge	接替，接任	tsih zen’		接任		490		true	自旧档汇入	2026-04-13T01:27:08+08:00
Remplacer	va.	Succéder dans une charge	接替，接任	’pou k‘ieuh		補缺		490		true	自旧档汇入	2026-04-13T01:27:08+08:00
Remplacer	va.	,, ,, par intérim	临时替换	zu’ zen’		署任		490		true	自旧档汇入	2026-04-13T01:27:08+08:00
Remplir	va.		装满，充满，占满	’mé		滿		490		true	自旧档汇入	2026-04-13T01:27:08+08:00
Remplir	va.		装满，充满，占满	ts‘ong ’mé		充滿		490		true	自旧档汇入	2026-04-13T01:27:08+08:00
Remplir	va.		装满，充满，占满	’pa ’mé		擺滿		490		true	自旧档汇入	2026-04-13T01:27:08+08:00
Remplir	va.	— jusqu'au bord	装得满满的，满到边缘	’mé tao’ ’k‘eû		滿到口		490		true	自旧档汇入	2026-04-13T01:27:08+08:00
Remplir	va.	— jusqu'au bord	装得满满的，满到边缘	zeng ’mé		盛滿		490		true	自旧档汇入	2026-04-13T01:27:08+08:00
Remplir	va.	— jusqu'au bord	装得满满的，满到边缘	koé ’mé	koé’ ’mé	灌滿		490		true	自旧档汇入	2026-04-13T01:27:08+08:00
Remplir	va.	— une cruche d'eau pure	在壶里倒满清水	’tao ’mé ts‘ing ’se ’la bang’ ’li hiang’		倒滿清水拉甏裏向		490		true	自旧档汇入	2026-04-13T01:27:08+08:00
Remplir	va.	— [sac,voiture]	装满	tsaong ’mé		裝滿		490		true	自旧档汇入	2026-04-13T01:27:08+08:00
Remplir	va.	— une charge	担任一个职务	’yeû ih ke’ tseh se		有一个職司		490		true	自旧档汇入	2026-04-13T01:27:08+08:00
Remplir	va.	— son devoir	履行义务	zin’ ze’ ka ke’ ’pen ven’		盡自家个本分		490		true	自旧档汇入	2026-04-13T01:27:08+08:00
Remporter	va.	— un objet	又拿走	nao (tè) ’tsé k‘i’		拏（担）轉去	拿（担）轉去	490		true	自旧档汇入	2026-04-13T01:27:08+08:00
Remuant	adj.	— [Enfant]	好动的，动个不停的	yé’		厭		490		true	自旧档汇入	2026-04-13T01:27:08+08:00
Remuant	adj.	— [Enfant]	好动的，动个不停的	t‘iao’ ’lao ’zè		跳老踮	跳咾？	490		true	自旧档汇入	2026-04-13T01:27:08+08:00
Remuant	adj.	— [Enfant]	好动的，动个不停的	ih hiéh véh ding ke’		一歇勿停个		490		true	自旧档汇入	2026-04-13T01:27:08+08:00
Remuant	adj.	Esprit -	瞎忙的人	’hi hoé sang ze’	’hi h‘oé sang ze’	喜歡生事		490		true	自旧档汇入	2026-04-13T01:27:08+08:00
Remuant	adj.	Esprit -	瞎忙的人	bah la’ gnen		白賴人		490		true	自旧档汇入	2026-04-13T01:27:08+08:00
Remuement	sm.		骚动	’seû maong kiah leu’		手忙脚亂		490		true	自旧档汇入	2026-04-13T01:27:08+08:00
Remue-ménage	sm.		混乱嘈杂的活动，忙乱	maong lôh ’teû ’teû		忙碌抖抖		490	待定 一作“忙碌兜兜”	true	自旧档汇入	2026-04-13T01:27:08+08:00
Remue-ménage	sm.		混乱嘈杂的活动，忙乱	ts‘ih ’seû pèh kiah		七手八脚		490		true	自旧档汇入	2026-04-13T01:27:08+08:00
Remuer	va.		摇动，摆动	yao		摇		490		true	自旧档汇入	2026-04-13T01:27:08+08:00
Remuer	va.		摇动，摆动	yao ’dong		摇動		490		true	自旧档汇入	2026-04-13T01:27:08+08:00
Remuer	va.	Faire branler:— la table	摇动桌子	yao ’dong dai ’tse		摇動台子		490	保留簡體	true	自旧档汇入	2026-04-13T01:27:08+08:00
Remuer	va.	Émouvoir:- le cœur	打动人心	’ké (’tang) ’dong gnen ke’ sin		感（打）動人个心		490		true	自旧档汇入	2026-04-13T01:27:08+08:00
Remuer	vn.		动，摇动	’dong		動		491		true	自旧档汇入	2026-04-13T01:27:08+08:00
Remuer	vr.	Se -.S'agiter	出力，努力	fi’ t‘éh sin hieuh		費脱心血		491		true	自旧档汇入	2026-04-13T01:27:08+08:00
Remuer	vr.	Se -.S'agiter	出力，努力	lao lôh pen pou		勞碌奔波		491		true	自旧档汇入	2026-04-13T01:27:08+08:00
Remuer	vr.	Se -.Prendre du mouvemt	动，动弹	wéh ’dong wéh ’dong		活動活動		491		true	自旧档汇入	2026-04-13T01:27:08+08:00
Rémunérer	va.		酬报，酬劳	’saong se’		賞賜		491		true	自旧档汇入	2026-04-13T01:27:08+08:00
Rémunérer	va.		酬报，酬劳	zeû zia’		酬謝		491		true	自旧档汇入	2026-04-13T01:27:08+08:00
Renâcler	vn.		喷鼻息，打响鼻	bieh deû ’li ’t‘eû k‘i’		鼻頭裏㰯氣	鼻頭裏敨氣	491		true	自旧档汇入	2026-04-13T01:27:08+08:00
Renaître	vn.		再生，重生	tsai’ sang ts‘éh lai		再生出來		491		true	自旧档汇入	2026-04-13T01:27:08+08:00
Renaître	vn.	— (métempsycose)	灵魂转生	deû sang		投生		491		true	自旧档汇入	2026-04-13T01:27:08+08:00
Renaître	vn.	— (métempsycose)	灵魂转生	len wei		輪迴		491		true	自旧档汇入	2026-04-13T01:27:08+08:00
Renaître	vn.	Au printemps la nature renaît	春天万物重生	ts‘en t‘ié yang’ yang’ méh ze’ fèh sang		春天樣樣物事發生		491		true	自旧档汇入	2026-04-13T01:27:08+08:00
Renard	sm.		狐狸	wou ’li [ih tsah]		狐狸[一隻]		491		true	自旧档汇入	2026-04-13T01:27:08+08:00
Renardière	sf.		狐穴，狐狸窝	wou ’li dong’		狐狸洞		491		true	自旧档汇入	2026-04-13T01:27:08+08:00
Renchérir	va.		使再涨价	’tsang ka’		長價	漲價	491		true	自旧档汇入	2026-04-13T01:27:08+08:00
Renchérir	vn.		再涨价	kiu’ ’tsé		貴者		491		true	自旧档汇入	2026-04-13T01:27:08+08:00
Renchérir	vn.		再涨价	ka’ dié ’tsang ’tsé		價錢長者	價錢漲者	491		true	自旧档汇入	2026-04-13T01:27:08+08:00
Renchérir	vn.Fig.	— sur le précédent narrateur	他的话比别人多	i ke’ seh wo’ ’pi tse biéh gnen tou		伊个説話比之别人多		491		true	自旧档汇入	2026-04-13T01:27:08+08:00
Rencontre	sf.		遇见	wei’ (gnu’) zah		會（遇）着		491		true	自旧档汇入	2026-04-13T01:27:08+08:00
Rencontre	sf.		遇见	bang’ deû (zah)		碰頭（着）		491		true	自旧档汇入	2026-04-13T01:27:08+08:00
Rencontre	sf.	Choc	碰撞，相撞	ih bang’		一碰		491		true	自旧档汇入	2026-04-13T01:27:08+08:00
Rencontre	sf.	Aller à la -	迎接	k‘i’ gneng ts‘ih		去迎接		491		true	自旧档汇入	2026-04-13T01:27:08+08:00
Rencontre	sf.	Occasion.Circonstance	机会，时机	ki wei’		機會		491		true	自旧档汇入	2026-04-13T01:27:08+08:00
Rencontre	sf.	Occasion.Circonstance	机会，时机	ze heû’		時候		491		true	自旧档汇入	2026-04-13T01:27:08+08:00
Rencontre	sf.	Occasion.Circonstance	机会，时机	koang ’kieng		光景		491		true	自旧档汇入	2026-04-13T01:27:08+08:00
Rencontre	sf.	Marchandises de -	偶尔有的货	’k‘iao hou’	’k‘iao h‘ou’	巧貨		491		true	自旧档汇入	2026-04-13T01:27:08+08:00
Rencontre	sf.	Point de - (Géom.)	交点	ts‘ih ’tié		切点		491	我查到的中文翻译是“交点”，和“切点“似乎不太一样	true	自旧档汇入	2026-04-13T01:27:08+08:00
Rencontre	sf.	Par une heureuse -	偶然，碰巧，恰巧	ts‘eû’ (bang’) ’k‘iao		凑（碰）巧		491		true	自旧档汇入	2026-04-13T01:27:08+08:00
Rencontre	sf.	Par une heureuse -	偶然，碰巧，恰巧	hèh ’h‘ao	h‘èh ’h‘ao	恰好		491		true	自旧档汇入	2026-04-13T01:27:08+08:00
Rencontrer	va.		碰见，遇见，会见	bang’ zah		碰着		491		true	自旧档汇入	2026-04-13T01:27:08+08:00
Rencontrer	va.		碰见，遇见，会见	gnu’ zah		遇着		491		true	自旧档汇入	2026-04-13T01:27:08+08:00
Rencontrer	va.		碰见，遇见，会见	wei’ kié’		會見		491		true	自旧档汇入	2026-04-13T01:27:08+08:00
Rencontrer	va.	Heurter	碰到	zaong’ (bang’) zah		撞（碰）着		491		true	自旧档汇入	2026-04-13T01:27:08+08:00
Rencontrer	vpr.	Se -.	相遇	da’ ka bang’ zah		大家碰着		491		true	自旧档汇入	2026-04-13T01:27:08+08:00
Rendez-vous	sm.		约会	yah wei’		約會		491		true	自旧档汇入	2026-04-13T01:27:08+08:00
Rendre	va.		还，归还，交回	wè		還		491		true	自旧档汇入	2026-04-13T01:27:08+08:00
Rendre	va.		还，归还，交回	koei wè		歸還		491		true	自旧档汇入	2026-04-13T01:27:08+08:00
Rendre	va.	— l'argent	还钱	wè dong dié		還銅錢		491		true	自旧档汇入	2026-04-13T01:27:08+08:00
Rendre	va.	— visite	拜会	wei pa’		回拜		491		true	自旧档汇入	2026-04-13T01:27:08+08:00
Rendre	va.	— amour pour amour	以爱回报爱	’i ai’ wè ai’		以愛還愛		491		true	自旧档汇入	2026-04-13T01:27:08+08:00
Rendre	va.	— l'âme	死	’si		死		491		true	自旧档汇入	2026-04-13T01:27:08+08:00
Rendre	va.	— l'âme	死	’deu k‘i’		斷氣		491		true	自旧档汇入	2026-04-13T01:27:08+08:00
Rendre	va.	— le mal pour le bien	恩将仇报	en tsiang zeû pao’		恩將仇報		491		true	自旧档汇入	2026-04-13T01:27:08+08:00
Rendre	va.	— le bien pour le mal	以德报怨	i teh pao’ zeû		以德報仇		491		true	自旧档汇入	2026-04-13T01:27:08+08:00
Rendre	va.	— la pareille	以其人之道还治其人之身，报偿	fè yeu’ (’pen)		翻怨（本）		491		true	自旧档汇入	2026-04-13T01:27:08+08:00
Rendre	va.	— la pareille	以其人之道还治其人之身，报偿	ih pao’ wè ih pao’		一報還一報		491		true	自旧档汇入	2026-04-13T01:27:08+08:00
Rendre	vr.	Se - à tel endroit	到达某个地方	tao’ meû di’ faong k‘i’	tao’ ’meû di’ faong k‘i’	到某地方去		491		true	自旧档汇入	2026-04-13T01:27:08+08:00
Rendre	vr.	Se - à l'avis de ⋯	依从，顺从	ken zu		跟隨		491		true	自旧档汇入	2026-04-13T01:27:08+08:00
Rendre	vr.	Se - à l'avis de ⋯	依从，顺从	zen’ zong		順從		491		true	自旧档汇入	2026-04-13T01:27:08+08:00
Rendre	vr.	Se -.Capituler	投降，屈服	deû haong		投降		491		true	自旧档汇入	2026-04-13T01:27:08+08:00
Renégat	sm.	Apostat	背教者，叛徒	pei’ (’fè) kiao’		背（反）教		491		true	自旧档汇入	2026-04-13T01:27:08+08:00
Rênes	sf.pl.		缰绳	kiang zeng		繮繩		491		true	自旧档汇入	2026-04-13T01:27:08+08:00
Rênes	sf.pl.	Serrer les -	拧紧绳索，上辔头	zaong’ p‘ei’ deû		上轡頭		491		true	自旧档汇入	2026-04-13T01:27:08+08:00
Rênes	sf.pl.	Lâcher les -	松缰任马信步自行	faong’ k‘ai		放開		491		true	自旧档汇入	2026-04-13T01:27:08+08:00
Renfermé	sm.	(Odeur de)	房间的闷味	koh soh k‘i’	koh sôh k‘i’	擱宿氣		491		true	自旧档汇入	2026-04-13T01:27:08+08:00
Renfermé	sm.	(Odeur de)	房间的闷味	mei tsen’ k‘i’		霉[黑㐱]氣	霉黰氣	491		true	自旧档汇入	2026-04-13T01:27:08+08:00
Renfermé	adj.Fig.	Homme -	内向的人，沉默寡言的人	kiu soh gnen	kiu sôh gnen	拘束人		492		true	自旧档汇入	2026-04-13T01:27:08+08:00
Renfermer	va.		把…关住	koè		關		492		true	自旧档汇入	2026-04-13T01:27:08+08:00
Renfermer	va.		把…关住	seû		收		492		true	自旧档汇入	2026-04-13T01:27:08+08:00
Renfermer	va.	Contenir	包含，含有	pao hé		包含		492		true	自旧档汇入	2026-04-13T01:27:08+08:00
Renfermer	va.	Contenir	包含，含有	pao ’la ’li		包拉裏		492		true	自旧档汇入	2026-04-13T01:27:08+08:00
Renfoncement	sm.	Recoin	隐蔽的角落	koh loh ’li [ih tsah]		角落裏[一隻]		492		true	自旧档汇入	2026-04-13T01:27:08+08:00
Renfoncement	sm.	Creux fait par un coup	凹处，凹陷部分	dè		潭	窞	492		true	自旧档汇入	2026-04-13T01:27:08+08:00
Renfort	sm.	— de troupes	增援部队，救兵	kieû’ ping		救兵		492		true	自旧档汇入	2026-04-13T01:27:08+08:00
Renfort	sm.	Envoyer un -	派出增援部队	fèh kieû’ ping		發救兵		492		true	自旧档汇入	2026-04-13T01:27:08+08:00
Renfrogné	adj.		皱眉的，沉着脸的	zeû’ mi ts‘ôh ’lié		皺眉蹙臉	愁眉蹙臉	492		true	自旧档汇入	2026-04-13T01:27:08+08:00
Rengaîne	sf.	Chose souvent répétée	老生常谈，陈词滥调	lao t‘ao’ ’tse ke’ seh wo’		嘮套子个説話		492	原注有“.Cf.Ressasser.”《新法汉词典》中的拼写是“rengaine”（下同）	true	自旧档汇入	2026-04-13T01:27:08+08:00
Rengaîne	sf.	—s. Banalités	平庸的思想、言论或文字	zôh k‘i’		俗氣		492		true	自旧档汇入	2026-04-13T01:27:08+08:00
Rengaîne	sf.	—s. Banalités	平庸的思想、言论或文字	hè wo’		閑話		492		true	自旧档汇入	2026-04-13T01:27:08+08:00
Rengaîner	va.	— son épée	把剑插回鞘中	tao ts‘èh (faong’) ’la tao k‘oh ’tse’ li		刀插（放）拉刀殼子裏		492		true	自旧档汇入	2026-04-13T01:27:08+08:00
Rengorger	vr.	(Se)	昂首挺胸，自命不凡	’t‘ing hiong déh ’dou		挺胸凸肚		492		true	自旧档汇入	2026-04-13T01:27:08+08:00
Rengorger	vr.	(Se)	昂首挺胸，自命不凡	da’ mô da’ yang’		大模大樣		492		true	自旧档汇入	2026-04-13T01:27:08+08:00
Renier	va.	— qqn	不认某人，抛弃某人	pei’ gneh i		背逆伊		492		true	自旧档汇入	2026-04-13T01:27:08+08:00
Renier	va.	— qqn	不认某人，抛弃某人	véh gnen’ i		勿認伊		492		true	自旧档汇入	2026-04-13T01:27:08+08:00
Renier	va.	— sa foi.(C).	背弃宗教信仰	pei’ (’fè) kiao’		背（反）教		492		true	自旧档汇入	2026-04-13T01:27:08+08:00
Renifler	vn.		用鼻吸气，吸鼻涕	soh bieh t‘i’		縮鼻涕		492		true	自旧档汇入	2026-04-13T01:27:08+08:00
Renifler	vn.		用鼻吸气，吸鼻涕	hong’ ih hong’	h‘ong’ ih h‘ong’	齅一齅		492	待定	true	自旧档汇入	2026-04-13T01:27:08+08:00
Renom	sm.		名声，名誉	ming sang		名聲		492		true	自旧档汇入	2026-04-13T01:27:08+08:00
Renom	sm.		名声，名誉	ming k‘i’		名氣		492		true	自旧档汇入	2026-04-13T01:27:08+08:00
Renommé	adj.		有名的，著名的，有声望的	’yeû ming sang ke’		有名聲个		492		true	自旧档汇入	2026-04-13T01:27:08+08:00
Renommé	adj.		有名的，著名的，有声望的	ming k‘i’ ’hiang lai		名氣响來		492	保留簡體	true	自旧档汇入	2026-04-13T01:27:08+08:00
Renommée	sf.		名声，名誉	ming sang		名聲		492		true	自旧档汇入	2026-04-13T01:27:08+08:00
Renommée	sf.	Voix publique	传闻，（公众）议论	fong seng		風聲		492		true	自旧档汇入	2026-04-13T01:27:08+08:00
Renommée	sf.	Voix publique	传闻，（公众）议论	tsong’ ’k‘eû ih ze		衆口一辭		492		true	自旧档汇入	2026-04-13T01:27:08+08:00
Renoncement	sm.	— à soimême	放弃自己	tieû t‘éh ze’ ka ke’ i’ se		丢脱自家个意思		492		true	自旧档汇入	2026-04-13T01:27:08+08:00
Renoncer	vn.	— au démon	弃绝魔鬼	k‘i’ ziéh mô ’kiu		棄絶魔鬼		492		true	自旧档汇入	2026-04-13T01:27:08+08:00
Renoncer	vn.	— aux superstitions	摒弃迷信	k‘i’ ziéh yi’ teu		棄絶异端		492		true	自旧档汇入	2026-04-13T01:27:08+08:00
Renoncer	vn.	— à l'erreur,au vice	弃邪归正	k‘i’ zia koei tseng’		棄邪歸正		492		true	自旧档汇入	2026-04-13T01:27:08+08:00
Renoncer	vn.	S'abstenir de	避免，戒除	ghi’ ’k‘eû		忌口		492		true	自旧档汇入	2026-04-13T01:27:08+08:00
Renoncer	vn.	— au vin	戒酒	ka’ ’tsieû		戒酒		492		true	自旧档汇入	2026-04-13T01:27:08+08:00
Renoncer	vn.	— au trône	禅位	gnang’ wei’		讓位		492		true	自旧档汇入	2026-04-13T01:27:08+08:00
Renoncer	vn.	— à une charge	辞官，卸任	ze koé		辭官		492		true	自旧档汇入	2026-04-13T01:27:08+08:00
Renoncer	vn.	— à une charge	辞官，卸任	sia’ zen’		卸任		492		true	自旧档汇入	2026-04-13T01:27:08+08:00
Renouer	va.	— des relations	解除关系	zong sin ’waong lai		重新往來		492		true	自旧档汇入	2026-04-13T01:27:08+08:00
Renouer	va.	— ,, diplomatiques	重新外交	zong sin kiao wou		重新交和		492		true	自旧档汇入	2026-04-13T01:27:08+08:00
Renouveler	va.		更换，更新	wé’		换		492		true	自旧档汇入	2026-04-13T01:27:08+08:00
Renouveler	va.		更换，更新	wé’ sin		换新		492		true	自旧档汇入	2026-04-13T01:27:08+08:00
Renouveler	va.	Refaire à neuf	整旧翻新	’kai ghieû’ wei sin		改舊回新		492		true	自旧档汇入	2026-04-13T01:27:08+08:00
Renouveler	va.	Refaire à neuf	整旧翻新	tsou’ sin		做新		492		true	自旧档汇入	2026-04-13T01:27:08+08:00
Renseignement	sm.		情报，消息	kao’ sou’		告訴		492		true	自旧档汇入	2026-04-13T01:27:08+08:00
Renseignement	sm.	Prendre des -s	打听情况	’tang t‘ing		打聽		492		true	自旧档汇入	2026-04-13T01:27:08+08:00
Renseignement	sm.	Prendre des -s	打听情况	men’ men’ k‘eu’		問問看		492		true	自旧档汇入	2026-04-13T01:27:08+08:00
Renseigner	va.		告诉，向…提供情况	kao’ sou’		告訴		492		true	自旧档汇入	2026-04-13T01:27:08+08:00
Renseigner	va.		告诉，向…提供情况	t‘ong pao’		通報		492		true	自旧档汇入	2026-04-13T01:27:08+08:00
Renseigner	va.		告诉，向…提供情况	koè tsao’		關照		492		true	自旧档汇入	2026-04-13T01:27:08+08:00
Renseigner	va.		告诉，向…提供情况	’tse ’tié (ts‘ôh)		指點（觸）		492		true	自旧档汇入	2026-04-13T01:27:08+08:00
Rente	sf.		定期利息，定期收益	li’ sih		利息		493		true	自旧档汇入	2026-04-13T01:27:08+08:00
Rente	sf.		定期利息，定期收益	tsin’ hang’	tsin’ haong’	進項		493		true	自旧档汇入	2026-04-13T01:27:08+08:00
Rente	sf.	Vivre de ses -s	靠利息过活，靠非工资性收入生活，靠吃利息过日子	seû tsou k‘ieh vè’		收租吃飯		493		true	自旧档汇入	2026-04-13T01:27:08+08:00
Rente	sf.	Vivre de ses -s	靠利息过活，靠非工资性收入生活，靠吃利息过日子	koè men k‘ieh vè’		關門吃飯		493		true	自旧档汇入	2026-04-13T01:27:08+08:00
Rentrée	sf.	— des tribunaux	开庭，恢复办公	k‘ai yen’		開印		493		true	自旧档汇入	2026-04-13T01:27:08+08:00
Rentrée	sf.	— des classes	开学	k‘ai hoh		開學		493		true	自旧档汇入	2026-04-13T01:27:08+08:00
Rentrer	vn.		回来，回到	wei ’tsé lai		回轉來		493		true	自旧档汇入	2026-04-13T01:27:08+08:00
Rentrer	vn.	Rentrez!	回去吧！	kiu k‘i’ ’ba!		歸去罷		493		true	自旧档汇入	2026-04-13T01:27:08+08:00
Rentrer	vn.	— à la maison	回家	kiu lai		歸來		493		true	自旧档汇入	2026-04-13T01:27:08+08:00
Rentrer	vn.	— à la maison	回家	kiu (wei) k‘i’		歸（回）去		493		true	自旧档汇入	2026-04-13T01:27:08+08:00
Rentrer	vn.	— en possession d'une terre	收回土地	zôh di’ bi		贖地皮		493		true	自旧档汇入	2026-04-13T01:27:08+08:00
Rentrer	vn.	— en soi-même	自省，反省	seû sin		收心		493		true	自旧档汇入	2026-04-13T01:27:08+08:00
Rentrer	vn.	— en soi-même	自省，反省	ze’ men’ liang sin		自問良心		493		true	自旧档汇入	2026-04-13T01:27:08+08:00
Rentrer	vn.	— dans la bonne voie	回归正道	wei deû ’kai kou’		回頭改過		493		true	自旧档汇入	2026-04-13T01:27:08+08:00
Rentrer	vn.	Faire — une créance	收回债权	yao’ (’t‘ao) tsang’ deû		要（討）賬頭		493		true	自旧档汇入	2026-04-13T01:27:08+08:00
Rentrer	va.	— [la moisson]	收进，使进入	seû (tèh) tsin’ k‘i’		收（搭）進去		493		true	自旧档汇入	2026-04-13T01:27:08+08:00
Renverse	sf.	(À la)	（倒地、着地时）仰面，脸朝天	’gnang kao		仰高		493		true	自旧档汇入	2026-04-13T01:27:08+08:00
Renverser	va.	Retourner	翻转，颠倒	’tao (fè) ’tsé lai		倒（翻）轉來		493		true	自旧档汇入	2026-04-13T01:27:08+08:00
Renverser	va.	Retourner	翻转，颠倒	mié ’hao lai		眠下來		493		true	自旧档汇入	2026-04-13T01:27:08+08:00
Renverser	va.	— [un liquide]	打翻	’tao ts‘éh lai		倒出來		493		true	自旧档汇入	2026-04-13T01:27:08+08:00
Renverser	va.	— [un liquide]	打翻	’tang fè		打翻		493		true	自旧档汇入	2026-04-13T01:27:08+08:00
Renverser	va.	Démolir	拆毁，破坏	’tang (t‘ei,ts‘è) ’tao		打（推，攙）倒		493	中文翻译有点对不上	true	自旧档汇入	2026-04-13T01:27:08+08:00
Renverser	va.	Jeter par terre	打倒	ts‘ah t‘éh		拆脱		493		true	自旧档汇入	2026-04-13T01:27:08+08:00
Renverser	va.	Renversé par un cheval	被马撞倒	pei’ ’mô bang’ ’tao ’tsé	bei’ ’mô bang’ ’tao ’tsé	被馬碰倒者		493		true	自旧档汇入	2026-04-13T01:27:08+08:00
Renvoi	sm.		送回，退回	wei (ding) t‘éh		回（停）脱		493		true	自旧档汇入	2026-04-13T01:27:08+08:00
Renvoi	sm.		送回，退回	’keu t‘éh		赶脱		493	保留簡體	true	自旧档汇入	2026-04-13T01:27:08+08:00
Renvoi	sm.	Avoir des -s	嗳气	’ai k‘i’		噯氣		493	噯字待定	true	自旧档汇入	2026-04-13T01:27:08+08:00
Renvoi	sm.	Avoir des -s	嗳气	tsoh seu		作酸		493		true	自旧档汇入	2026-04-13T01:27:08+08:00
Renvoyer	va.	Rendre	送回，退回	wè		還		493		true	自旧档汇入	2026-04-13T01:27:08+08:00
Renvoyer	va.	Rendre	送回，退回	fèh wei		發回		493		true	自旧档汇入	2026-04-13T01:27:08+08:00
Renvoyer	va.	Congédier	解雇，辞退	ze t‘éh		辭脱		493		true	自旧档汇入	2026-04-13T01:27:08+08:00
Renvoyer	va.	Congédier	解雇，辞退	hiéh (ding,wei) téh		歇（停，回）脱		493		true	自旧档汇入	2026-04-13T01:27:08+08:00
Renvoyer	va.	Chasser	赶，驱	’keu t‘éh		趕脱		493		true	自旧档汇入	2026-04-13T01:27:08+08:00
Renvoyer	va.	— à un autre temps	拖到另一个时候	t‘ou zang gnéh ’tse		拖長日子		493		true	自旧档汇入	2026-04-13T01:27:08+08:00
Renvoyer	va.	— le son.Écho	发出回音	yeng’ seng ’hiang		應聲响		493	保留簡體	true	自旧档汇入	2026-04-13T01:27:08+08:00
Repaire	sm.		兽穴，巢穴，窝	k‘ou		窩	窠	493		true	自旧档汇入	2026-04-13T01:27:08+08:00
Repaire	sm.	— de brigands	匪巢，强盗窝	ghiang dao’ k‘ou		强盗窩	强盗窠	493		true	自旧档汇入	2026-04-13T01:27:08+08:00
Repaire	sm.	— de brigands	匪巢，强盗窝	h‘eh vè’ tié’		黑飯店		493		true	自旧档汇入	2026-04-13T01:27:08+08:00
Repaire	sm.	— de brigands	匪巢，强盗窝	’siao liang sè		小梁山		493		true	自旧档汇入	2026-04-13T01:27:08+08:00
Repaître	vr.	(Se)	吃，吃饱	k‘ieh ’pao		吃飽		493		true	自旧档汇入	2026-04-13T01:27:08+08:00
Repaître	vr.	Se - de voluptés	色胆包天	mi seh		迷色		493		true	自旧档汇入	2026-04-13T01:27:08+08:00
Repaître	vr.	Se - de voluptés	色胆包天	seh ’tè zu t‘ié		色胆如天		493	保留簡體	true	自旧档汇入	2026-04-13T01:27:08+08:00
Répandre	va.	Verser	洒，使溅出，使溢出	’tao ts‘éh lai		倒出來		493		true	自旧档汇入	2026-04-13T01:27:08+08:00
Répandre	va.	Verser	洒，使溅出，使溢出	’tao (k‘ieng) t‘éh		倒（傾）脱		493		true	自旧档汇入	2026-04-13T01:27:08+08:00
Répandre	va.	Verser	洒，使溅出，使溢出	loh		落		493		true	自旧档汇入	2026-04-13T01:27:08+08:00
Répandre	va.	Verser	洒，使溅出，使溢出	lieû		流		493		true	自旧档汇入	2026-04-13T01:27:08+08:00
Répandre	va.	Disperser	使散落，撒	sè’ k‘ai		散開		493		true	自旧档汇入	2026-04-13T01:27:08+08:00
Répandre	va.	— des bienfaits	广做善事，广为结缘	se ’sé en ’tié		施捨恩典		493		true	自旧档汇入	2026-04-13T01:27:08+08:00
Répandre	va.	— des bienfaits	广做善事，广为结缘	se en		施恩		493		true	自旧档汇入	2026-04-13T01:27:08+08:00
Répandre	va.	Propager	传播，散布，推广	zé k‘ai lai		傳開來		493		true	自旧档汇入	2026-04-13T01:27:08+08:00
Répandre	va.	— la foi	传播信仰，传教	zé kiao’		傳教		493		true	自旧档汇入	2026-04-13T01:27:08+08:00
Répandre	vr.	Se -	传播，散布	lieû		流		493		true	自旧档汇入	2026-04-13T01:27:08+08:00
Répandre	vr.	Se -	传播，散布	lieû zé		流傳		493		true	自旧档汇入	2026-04-13T01:27:08+08:00
Répandre	vr.	Se -	传播，散布	sè’		散		493		true	自旧档汇入	2026-04-13T01:27:08+08:00
Répandre	vr.	Se -.Le poison se répand ds tout le corps	毒素蔓延到全身	dôh k‘i’ sè’ ze’ wen sen k‘i’ ’tsé		毒氣散是渾身去者		493		true	自旧档汇入	2026-04-13T01:27:08+08:00
Réparation	sf.		修理，修补	sieû ’h‘ao		修好		493		true	自旧档汇入	2026-04-13T01:27:08+08:00
Réparation	sf.		修理，修补	’pou ’pou		補補		493		true	自旧档汇入	2026-04-13T01:27:08+08:00
Réparation	sf.	— d'honneur	赔礼，道歉	bei ’li		賠禮		493		true	自旧档汇入	2026-04-13T01:27:08+08:00
Réparation	sf.	— d'honneur	赔礼，道歉	bei véh ze’		賠勿是		493		true	自旧档汇入	2026-04-13T01:27:08+08:00
Réparation	sf.	Exiger une - de qqn	需要某人赔礼道歉	yao’ i gnen’ ts‘ouo’		要伊認錯		493		true	自旧档汇入	2026-04-13T01:27:08+08:00
Réparer	va.		修理，修复	sieû sieû		修修		493		true	自旧档汇入	2026-04-13T01:27:08+08:00
Réparer	va.		修理，修复	sieû ’li		修理		493		true	自旧档汇入	2026-04-13T01:27:08+08:00
Réparer	va.	— ponts et chaussées	修复桥梁和道路	sieû ghiao ’pou lou’		修橋補路		494		true	自旧档汇入	2026-04-13T01:27:08+08:00
Réparer	va.	— un dommage	赔偿损失	’pou (bei) wè		補（賠）還		494		true	自旧档汇入	2026-04-13T01:27:08+08:00
Réparer	va.	Rétablir:- ses forces	恢复体力	’pou hieuh		補血		494		true	自旧档汇入	2026-04-13T01:27:08+08:00
Réparer	va.	Rétablir:- ses forces	恢复体力	’pou ’yang		補養		494		true	自旧档汇入	2026-04-13T01:27:08+08:00
Réparer	va.	Rétablir:- ses forces	恢复体力	’yang lih		養力		494		true	自旧档汇入	2026-04-13T01:27:08+08:00
Reparler	vn.		再谈到，再讲起	tsai’ wo’		再話		494		true	自旧档汇入	2026-04-13T01:27:08+08:00
Reparler	vn.		再谈到，再讲起	tsai’ ’kaong		再講		494		true	自旧档汇入	2026-04-13T01:27:08+08:00
Reparler	vn.	Nous en -ons	我们再谈吧	tsai’ tsoh dao’ ’li		再作道理		494		true	自旧档汇入	2026-04-13T01:27:08+08:00
Repartir	vn.		重新开始，重新进行	zong sin k‘i’		重新去		494		true	自旧档汇入	2026-04-13T01:27:08+08:00
Repartir	vn.	Répondre	当场回答，立即反驳	tèh yeng’		答應		494		true	自旧档汇入	2026-04-13T01:27:08+08:00
Repartir	vn.	Répondre	当场回答，立即反驳	wei tèh		回答		494		true	自旧档汇入	2026-04-13T01:27:08+08:00
Répartir	va.	— [ses biens]	分配，分摊	fen		分		494		true	自旧档汇入	2026-04-13T01:27:08+08:00
Répartir	va.	— [ses biens]	分配，分摊	fen k‘ai		分開		494		true	自旧档汇入	2026-04-13T01:27:08+08:00
Répartir	va.	— les impôts	分配税	fen p‘a’ zié liang		分派錢粮		494	保留簡體	true	自旧档汇入	2026-04-13T01:27:08+08:00
Repas	sm.		餐	ih ten’ vè’		一頓飯		494		true	自旧档汇入	2026-04-13T01:27:08+08:00
Repas	sm.	— du matin	早餐	’tsao vè’		早飯		494		true	自旧档汇入	2026-04-13T01:27:08+08:00
Repas	sm.	— du midi	午餐	tsong (dou’) vè’		中（大）飯		494		true	自旧档汇入	2026-04-13T01:27:08+08:00
Repas	sm.	— du soir	晚餐	ya’ vè’		夜飯		494		true	自旧档汇入	2026-04-13T01:27:08+08:00
Repas	sm.	Servir un -	端上饭菜	pé vè’		搬飯		494		true	自旧档汇入	2026-04-13T01:27:08+08:00
Repas	sm.	,,un grand -	设宴款待	’pa zieh		擺席		494		true	自旧档汇入	2026-04-13T01:27:08+08:00
Repas	sm.	,,un grand -	设宴款待	bè’ ’tsieû		辦酒		494		true	自旧档汇入	2026-04-13T01:27:08+08:00
Repas	sm.	— de noces	喜酒	’hi ’tsieû		喜酒		494		true	自旧档汇入	2026-04-13T01:27:08+08:00
Repas	sm.	— d'adieu	告别餐	tsié’ hang ’tsieû		餞行酒		494		true	自旧档汇入	2026-04-13T01:27:08+08:00
Repasser	va.		磨快，磨尖	mô k‘oa’		磨快		494		true	自旧档汇入	2026-04-13T01:27:08+08:00
Repasser	va.	— un ciseau	磨錾子	mô zôh ’tse		磨鑿子		494		true	自旧档汇入	2026-04-13T01:27:08+08:00
Repasser	va.	— du linge	熨烫内衣	t‘aong’ i zaong		爣衣裳	燙衣服	494	待定	true	自旧档汇入	2026-04-13T01:27:08+08:00
Repasser	va.	— une leçon	复习功课	wen su		温書		494		true	自旧档汇入	2026-04-13T01:27:08+08:00
Repasser	va.	— une leçon	复习功课	wen zih		温習		494		true	自旧档汇入	2026-04-13T01:27:08+08:00
Repasser	va.	— dans son esprit	回忆某事	wei ’siang		回想		494		true	自旧档汇入	2026-04-13T01:27:08+08:00
Repasser	va.	— dans son esprit	回忆某事	tsu ’siang		追想		494		true	自旧档汇入	2026-04-13T01:27:08+08:00
Repasser	vn.	Revenir	再来，回来	tsai’ lai		再來		494		true	自旧档汇入	2026-04-13T01:27:08+08:00
Repêcher	va.	Retirer de l'eau	捞起，从水中救起	liao (lao) ’k‘i lai		撩（撈）起來		494		true	自旧档汇入	2026-04-13T01:27:08+08:00
Repentir	sm.	Se -.vr.	后悔，懊悔	t‘ong’ hoei’	t‘ong’ h‘oei’	痛悔		494		true	自旧档汇入	2026-04-13T01:27:08+08:00
Repentir	sm.	Se -.vr.	后悔，懊悔	ao’ ’lao		懊惱	懊憦	494		true	自旧档汇入	2026-04-13T01:27:08+08:00
Répercuter	vr.	(Se)	使反响，使回响	yeng’ seng ’hiang		應聲响		494	保留簡體	true	自旧档汇入	2026-04-13T01:27:08+08:00
Repère	sm.	Point de -	基准点，水准点	ki’ hao’		記號		494		true	自旧档汇入	2026-04-13T01:27:08+08:00
Répéter	va.		重说，重复讲	tsai’ wo’ (’kaong)		再話（講）		494		true	自旧档汇入	2026-04-13T01:27:08+08:00
Répéter	va.	— à satiété	一再重复以至令人生厌	lao tao		勞叨	嘮叨	494		true	自旧档汇入	2026-04-13T01:27:08+08:00
Répéter	va.	— à satiété	一再重复以至令人生厌	sé’ vè		碎繁		494	待定	true	自旧档汇入	2026-04-13T01:27:08+08:00
Répéter	va.	— une explication	重复讲解	wè ’kaong su		還講書		494		true	自旧档汇入	2026-04-13T01:27:08+08:00
Répéter	va.	— comme un perroquet	鹦鹉学舌，人云亦云	hoh zéh ’li		學舌理		494		true	自旧档汇入	2026-04-13T01:27:08+08:00
Répétition	sf.	[de musique&c.]	排练，排演	ts‘ao lié’		操練		494		true	自旧档汇入	2026-04-13T01:27:08+08:00
Répétition	sf.	[de musique&c.]	排练，排演	zih lié’		習練		494		true	自旧档汇入	2026-04-13T01:27:08+08:00
Répétition	sf.	Leçon privée	补课，辅导	ling’ nga’ kao’		另外教		494		true	自旧档汇入	2026-04-13T01:27:08+08:00
Repiquer	va.	— le riz	移植秧苗	tsong’ (ze) yang		種（秲）秧	種（莳）秧	494		true	自旧档汇入	2026-04-13T01:27:08+08:00
Répit	sm.		暂缓	’wé ghi		緩期		494		true	自旧档汇入	2026-04-13T01:27:08+08:00
Répit	sm.		暂缓	’wé ze		緩遲		494		true	自旧档汇入	2026-04-13T01:27:08+08:00
Répit	sm.	Sans -	不停地，不停顿地	véh ding		勿停		494		true	自旧档汇入	2026-04-13T01:27:08+08:00
Répit	sm.	2 jours de -	宽限两天	’wé (k‘oé hè’) ’liang gnéh		緩（寬限）兩日		494		true	自旧档汇入	2026-04-13T01:27:08+08:00
Replet	adj.		肥胖的，胖乎乎的	hai	h‘ai	䐩	？	494	一作“胠”	true	自旧档汇入	2026-04-13T01:27:08+08:00
Replet	adj.		肥胖的，胖乎乎的	p‘aong’		胖		494		true	自旧档汇入	2026-04-13T01:27:08+08:00
Replet	adj.		肥胖的，胖乎乎的	fèh hai ke’	fèh h‘ai ke’	發䐩个		494		true	自旧档汇入	2026-04-13T01:27:08+08:00
Réplétion	sf.	Sensation de -	（胃部）胀满的感觉	’pao ’mé		飽滿		494		true	自旧档汇入	2026-04-13T01:27:08+08:00
Réplétion	sf.	Sensation de -	（胃部）胀满的感觉	’yeû ’tsé		有者		494		true	自旧档汇入	2026-04-13T01:27:08+08:00
Réplétion	sf.	Sensation de -	（胃部）胀满的感觉	da’ ts‘ang’		大暢		494		true	自旧档汇入	2026-04-13T01:27:08+08:00
Replier	va.	— les jambes	屈起腿	k‘ouo’ ’k‘i kiah lai		跨起脚來		494		true	自旧档汇入	2026-04-13T01:27:08+08:00
Replier	va.	Les croiser	交叉双腿	k‘iao kiah		蹺脚		494		true	自旧档汇入	2026-04-13T01:27:08+08:00
Réplique	sf.		顶嘴，还嘴	wè ’tse		還嘴		494		true	自旧档汇入	2026-04-13T01:27:08+08:00
Réplique	sf.	Prompt à la -	对答迅速，口齿伶俐	li’ ’k‘eû		利口		494		true	自旧档汇入	2026-04-13T01:27:08+08:00
Réplique	sf.	Prompt à la -	对答迅速，口齿伶俐	’k‘iao ’tse		巧嘴		494		true	自旧档汇入	2026-04-13T01:27:08+08:00
Réplique	sf.	Prompt à la -	对答迅速，口齿伶俐	pah wei pah tèh		百回百答		494		true	自旧档汇入	2026-04-13T01:27:08+08:00
Répliquer	vn.		反驳，回嘴	wè ’tse		還嘴		494		true	自旧档汇入	2026-04-13T01:27:08+08:00
Répliquer	vn.		反驳，回嘴	’tse ngang’		嘴硬		494		true	自旧档汇入	2026-04-13T01:27:08+08:00
Répliquer	vn.		反驳，回嘴	tei’ tsang		對張	對爭	494	待定	true	自旧档汇入	2026-04-13T01:27:08+08:00
Répliquer	vn.	N'avoir rien à -	没什么可辩驳的	ih kiu’ véh ’hiang		一句勿响		494	保留簡體	true	自旧档汇入	2026-04-13T01:27:08+08:00
Répliquer	vn.	N'avoir rien à -	没什么可辩驳的	véh seng véh ’hiang		勿聲勿响		494	保留簡體	true	自旧档汇入	2026-04-13T01:27:08+08:00
Répondant	sm.		保证人，担保人	’pao gnen		保人		495		true	自旧档汇入	2026-04-13T01:27:08+08:00
Répondant	sm.	Servir de -	做担保人	tsou’ ’pao		做保		495		true	自旧档汇入	2026-04-13T01:27:08+08:00
Répondant	sm.	1er - pour un examen	认保廪生，科举中第一个担保人	’lin (gnen’) ’pao		廪（認）保		495	待定	true	自旧档汇入	2026-04-13T01:27:08+08:00
Répondant	sm.	2er - ,, ,, ,,	派保廪生，科举中第二个担保人	p‘a’ (a) ’pao		派（挨）保		495		true	自旧档汇入	2026-04-13T01:27:08+08:00
Répondre	va. et vn.		回答，答复，应答	tèh yeng’		答應		495		true	自旧档汇入	2026-04-13T01:27:08+08:00
Répondre	va. et vn.		回答，答复，应答	wei tèh		回答		495		true	自旧档汇入	2026-04-13T01:27:08+08:00
Répondre	va. et vn.		回答，答复，应答	tei’ tèh		對答		495		true	自旧档汇入	2026-04-13T01:27:08+08:00
Répondre	vn.	— à une lettre	写回信	’sia wei sin’		寫回信		495		true	自旧档汇入	2026-04-13T01:27:08+08:00
Répondre	vn.	— à une politesse	回礼	tèh ’li		答禮		495		true	自旧档汇入	2026-04-13T01:27:08+08:00
Répondre	vn.	Ses sentiments ne répondent pas à ses paroles	心口不一，口是心非	sin ’k‘eû véh tei’		心口勿對		495		true	自旧档汇入	2026-04-13T01:27:08+08:00
Répondre	vn.	Ses sentiments ne répondent pas à ses paroles	心口不一，口是心非	’k‘eû ze’ sin fi		口是心非		495		true	自旧档汇入	2026-04-13T01:27:08+08:00
Répondre	vn.	C'est vous qui en répondez	你是那个做保的人	nong’ tsou’ ’pao (tè taong)		儂做保（担當）		495		true	自旧档汇入	2026-04-13T01:27:08+08:00
Répondre	vn.	C'est vous qui en répondez	你是那个做保的人	’la nong’ sen laong’		拉儂身上		495		true	自旧档汇入	2026-04-13T01:27:08+08:00
Répons	sm.		（弥撒或祭礼中）应答轮唱的颂歌	tsu se		追思		495		true	自旧档汇入	2026-04-13T01:27:08+08:00
Répons	sm.	(C.).Faire des -	唱颂歌	tsou’ tsu se		做追思		495		true	自旧档汇入	2026-04-13T01:27:08+08:00
Réponse	sf.		回答，答复	wei tèh		回答		495		true	自旧档汇入	2026-04-13T01:27:08+08:00
Réponse	sf.	Lettre de -	回信	wei sin’ (yen)		回信（音）		495		true	自旧档汇入	2026-04-13T01:27:08+08:00
Réponse	sf.	— à un requête	答复请求	p‘i wei		批回		495		true	自旧档汇入	2026-04-13T01:27:08+08:00
Reporter	va.	— qqch.	拿回，带回，送回	zong sin wè ’la		重新還拉		495		true	自旧档汇入	2026-04-13T01:27:08+08:00
Reporter	va.	— qqch. à qqn.	带回某样东西还给某人	tè tsai’ k‘i’ wè ’la i	tè ’tsé k‘i’ wè ’la i	担再去還拉伊	担轉去還拉伊	495	待定 特殊	true	自旧档汇入	2026-04-13T01:27:08+08:00
Reporter	va.	— qqch. à qqn.	带回某样东西还给某人	song’ wei k‘i’		送回去		495		true	自旧档汇入	2026-04-13T01:27:08+08:00
Repos	sm.		休息，睡眠	hiéh lih		歇力		495		true	自旧档汇入	2026-04-13T01:27:08+08:00
Repos	sm.	Prendre du -	休息	eu hiéh		安歇		495		true	自旧档汇入	2026-04-13T01:27:08+08:00
Repos	sm.	Prendre du -	休息	hiéh sih		歇息		495		true	自旧档汇入	2026-04-13T01:27:08+08:00
Repos	sm.	Avoir l'esprit en -	安心	sin ’li bing eu		心裏平安		495		true	自旧档汇入	2026-04-13T01:27:08+08:00
Repos	sm.	Avoir l'esprit en -	安心	faong’ sin		放心		495		true	自旧档汇入	2026-04-13T01:27:08+08:00
Repos	sm.	— [du dimanche]	罢工	’bouo kong.		罷工		495	原注有“Cf.Servile.”	true	自旧档汇入	2026-04-13T01:27:08+08:00
Reposé	adj.	À tête -e	处于放松状态，清醒地	ding’ sin		定心		495		true	自旧档汇入	2026-04-13T01:27:08+08:00
Reposer	vr.	(Se)	休息	sieh ih sieh		息一息		495		true	自旧档汇入	2026-04-13T01:27:08+08:00
Reposer	vr.	(Se)	休息	hiéh ’la		歇拉		495		true	自旧档汇入	2026-04-13T01:27:08+08:00
Reposer	vr.	(Se)	休息	hiéh hiéh		歇歇		495		true	自旧档汇入	2026-04-13T01:27:08+08:00
Reposer	vr.	(Se)	休息	eu tse’		安置		495		true	自旧档汇入	2026-04-13T01:27:08+08:00
Reposer	vr.	Se - sur qqn	信任某人，依赖某人，对某人有信心	k‘ao’ t‘oh i		靠托伊		495		true	自旧档汇入	2026-04-13T01:27:08+08:00
Reposer	vr.	Se - sur qqn	信任某人，依赖某人，对某人有信心	yang’ yang’ t‘oh péh ’la i		樣樣托撥拉伊		495		true	自旧档汇入	2026-04-13T01:27:08+08:00
Reposer	vn.	— sur [qqch]	基于，建立于	k‘ao’ ’la		靠拉		495		true	自旧档汇入	2026-04-13T01:27:08+08:00
Reposer	vn.	— sur [qqch]	基于，建立于	gai	gai’	戤	隑	495		true	自旧档汇入	2026-04-13T01:27:08+08:00
Repoussant	adj.	Horrible	使人厌恶的，使人嫌恶的	’ts‘eû leû’ péh k‘é		醜陋不堪		495		true	自旧档汇入	2026-04-13T01:27:08+08:00
Repoussant	adj.	Horrible	使人厌恶的，使人嫌恶的	yé’ ou’ ke’		厭惡个		495		true	自旧档汇入	2026-04-13T01:27:08+08:00
Repousser	va.	Reculer	推开，向后推	t‘ei k‘ai		推開		495		true	自旧档汇入	2026-04-13T01:27:08+08:00
Repousser	va.	Combattre	击退	’tang t‘ei’		打退		495		true	自旧档汇入	2026-04-13T01:27:08+08:00
Repousser	va.	— les tentations du démon	击退魔鬼的诱惑	t‘ei’ t‘éh mô ’kiu ke’ yeû’ ’ké		退脱魔鬼个誘感		495		true	自旧档汇入	2026-04-13T01:27:08+08:00
Répréhensible	adj.		应受责备的，应受指摘的	yeng kai tsah bei’ ke’		應該責備个		495		true	自旧档汇入	2026-04-13T01:27:08+08:00
Reprendre	va.	— un objet	拿回	nao ’tsé		拏轉		495		true	自旧档汇入	2026-04-13T01:27:08+08:00
Reprendre	va.	— ses sens	恢复知觉，清醒过来	sou ’sing ’tsé lai		甦醒轉來		495	待定	true	自旧档汇入	2026-04-13T01:27:08+08:00
Reprendre	va.	— ses forces	恢复体力	lih liang’ (sen ’t‘i) woh gneu		力量（身體）復原		495		true	自旧档汇入	2026-04-13T01:27:08+08:00
Reprendre	va.	— ses couleurs	恢复气色	mié’ seh yeû zen k‘i’	mié’ seh ’yeû zen k‘i’	面色有神氣		495		true	自旧档汇入	2026-04-13T01:27:08+08:00
Reprendre	va.	— qqn.Le blâmer	责备他	tsah bei’ i		責備伊		495		true	自旧档汇入	2026-04-13T01:27:08+08:00
Reprendre	vn.	[Cet arbre] a repris	恢复生机	wéh ze’ ’tsé lai ’tsé		活是轉來者		495		true	自旧档汇入	2026-04-13T01:27:08+08:00
Reprendre	vn.	[L'os] a repris	接上	tsih ’k‘i lai		接起來		495		true	自旧档汇入	2026-04-13T01:27:08+08:00
Représailles	sf.pl.	(User de)	报复	pao’ zeû		報仇		495		true	自旧档汇入	2026-04-13T01:27:08+08:00
Représailles	sf.pl.	(User de)	报复	fè yeu’		翻冤		495		true	自旧档汇入	2026-04-13T01:27:08+08:00
Représentation	sf.		演出	hi’		戲		495		true	自旧档汇入	2026-04-13T01:27:08+08:00
Représentation	sf	Donner une Représentation.	演出一场	tsou’(ts‘aong’)hi’		做（唱）戲		496		true	自旧档汇入	2026-04-13T01:27:08+08:00
Représentation	sf	Faire des Représentations à qqn.	劝告他人	k‘ieu’ k‘ieu’ i		勸勸伊		496		true	自旧档汇入	2026-04-13T01:27:08+08:00
Représenter	va		代表	dai’ t‘i’		代替		496		true	自旧档汇入	2026-04-13T01:27:08+08:00
Représenter	va	Décrire.	描绘	yeng yong ts‘éh lai		形容出來		496		true	自旧档汇入	2026-04-13T01:27:08+08:00
Représenter	va	Figurer.	表示	’piao ming		表明		496		true	自旧档汇入	2026-04-13T01:27:08+08:00
Représenter	va	La colombe représente le St Esprit(C.)	白鸽子表明天主圣神	bah kéh ’tse ’piao ming T‘ié ’tsu seng’ zen		白鴿子表明天主聖神		496		true	自旧档汇入	2026-04-13T01:27:08+08:00
Représenter	vr	Se Représenter à l’esprit.	回忆，想象	sin ’li ’siang		心裏想		496		true	自旧档汇入	2026-04-13T01:27:08+08:00
Représenter	vn	Il représente bien.	有风度	yong mao’ wei gné		容貌威嚴		496		true	自旧档汇入	2026-04-13T01:27:08+08:00
Réprimande	sf		谴责，训斥	ma yeu’		埋怨		496		true	自旧档汇入	2026-04-13T01:27:08+08:00
Réprimande	sf		谴责，训斥	tsah bei’		責備		496		true	自旧档汇入	2026-04-13T01:27:08+08:00
Réprimander	va		谴责，训斥	ma yeu’		埋冤		496		true	自旧档汇入	2026-04-13T01:27:08+08:00
Réprimander	va		谴责，训斥	tsah bei’		責備		496		true	自旧档汇入	2026-04-13T01:27:08+08:00
Réprimander	va	Réprimander d’importance.	狠狠地谴责	’zong ’zong neng tsah bei’		重重能責備		496		true	自旧档汇入	2026-04-13T01:27:08+08:00
Réprimer	va		镇压，制止	èh woh		壓服		496		true	自旧档汇入	2026-04-13T01:27:08+08:00
Réprimer	va		镇压，制止	kien’ zu’		禁住		496		true	自旧档汇入	2026-04-13T01:27:08+08:00
Réprimer	va		镇压，制止	tse’ woh		制服		496		true	自旧档汇入	2026-04-13T01:27:08+08:00
Réprimer	va	Réprimer sa colère.	抑制发怒	’zen k‘i’		忍氣		496		true	自旧档汇入	2026-04-13T01:27:08+08:00
Réprimer	va	Réprimer sa colère.	抑制发怒	sih nou’		息怒		496		true	自旧档汇入	2026-04-13T01:27:08+08:00
Reprises	sf.pl.	(À plusieurs).	数次，好多次地	tsai’ sè tsai’ se’		再三再四		496		true	自旧档汇入	2026-04-13T01:27:08+08:00
Reprises	sf.pl.	(À plusieurs).	数次，好多次地	’ki ts‘e’ sè fè		幾次三翻		496		true	自旧档汇入	2026-04-13T01:27:08+08:00
Reprises	sf.pl.	(À plusieurs).	数次，好多次地	ts‘ih pèh zéh ’hiu wei		七八十許回		496		true	自旧档汇入	2026-04-13T01:27:08+08:00
Reproche	sm	Adresser des Reproches.	责备人	ma yeu’		埋怨		496		true	自旧档汇入	2026-04-13T01:27:08+08:00
Reproche	sm	Adresser des Reproches.	责备人	koa’		怪		496		true	自旧档汇入	2026-04-13T01:27:08+08:00
Reproche	sm	Adresser des Reproches.	责备人	nao’		鬧		496		true	自旧档汇入	2026-04-13T01:27:08+08:00
Reproche	sm	Adresser des Reproches.	责备人	wo’		話		496		true	自旧档汇入	2026-04-13T01:27:08+08:00
Reproche	sm	Sans Reproche.	无可指责的	m méh yah ’tié 	m méh ya ’tié 	無末瑕玷	嘸末瑕玷	496	待定	true	自旧档汇入	2026-04-13T01:27:08+08:00
Reproche	sm	Sans Reproche.	无可指责的	m pè ’tié		無斑玷	嘸斑玷	496		true	自旧档汇入	2026-04-13T01:27:08+08:00
Reprocher	vr	(Se).	自责	ze’ ka yeu’ ze’ ka		自家怨自家		496		true	自旧档汇入	2026-04-13T01:27:08+08:00
Reproduire	va	un livre.	复制一本书	ts‘ao su		抄書		496		true	自旧档汇入	2026-04-13T01:27:08+08:00
Reproduire	vr	Se Reproduire.Propagerla race.	繁殖	zé k‘ai lai		傳開來		496		true	自旧档汇入	2026-04-13T01:27:08+08:00
Reproduire	vr	Se Reproduire.Propagerla race.	繁殖	zé lei’		傳類		496	待定	true	自旧档汇入	2026-04-13T01:27:08+08:00
Reproduire	vr	Si le fait se reproduit.	如果事实再次发生	tsai’ zéh ka’ neng		再實介能		496		true	自旧档汇入	2026-04-13T01:27:08+08:00
Réprouvé	sm	Damné.	入地狱的人	di’ gnôh ’li ke’ gnen		地獄裏个人		496		true	自旧档汇入	2026-04-13T01:27:08+08:00
Réprouvé	sm	Rejeté de Dieu.	被天主弃绝的人	T‘ié ’tsu k‘i’ ziéh ke’		天主棄絶个		496		true	自旧档汇入	2026-04-13T01:27:08+08:00
Réprouver	va		拒绝	véh ’tsen		勿准		496		true	自旧档汇入	2026-04-13T01:27:08+08:00
Réprouver	va	Dieu réprouve les méchants.	天主使恶人受永罚	T‘ié ’tsu vèh oh gnen loh di’ gnôh		天主罰惡人落地獄		496		true	自旧档汇入	2026-04-13T01:27:08+08:00
Reptile	sm		爬行纲	bè ke’ zong		[並足]个虫		496		true	自旧档汇入	2026-04-13T01:27:08+08:00
Reptile	sm		爬行纲	bou boh ’dong wéh		匍匐動物		496	待定	true	自旧档汇入	2026-04-13T01:27:08+08:00
Repu	pp		吃饱的	k‘ieh ’pao ’tsé		吃飽者		496		true	自旧档汇入	2026-04-13T01:27:08+08:00
République	sf		共和政体	min ’tsu tse kôh		民主之國		496		true	自旧档汇入	2026-04-13T01:27:08+08:00
Répudiation	sf		离弃妻子，休妻	hieû		休		496		true	自旧档汇入	2026-04-13T01:27:08+08:00
Répudiation	sf	Billet de Répudiation.	拒付票据	hieû su		休書		496		true	自旧档汇入	2026-04-13T01:27:08+08:00
Répudier	va	Répudier sa femme.	离弃妻子	hieû(ts‘éh)ts‘i		休（出）妻		496		true	自旧档汇入	2026-04-13T01:27:08+08:00
Répugnance	sf		厌恶，反感	sin ’li kou’ véh k‘i’		心裏過勿去		496		true	自旧档汇入	2026-04-13T01:27:08+08:00
Répugnance	sf		厌恶，反感	yé’ ou’(k‘i’)		厭惡（氣）		496		true	自旧档汇入	2026-04-13T01:27:08+08:00
Répugnance	sf	Avoir de la Répugnance pour.	厌恶某物	véh ’hi hoé	véh ’hi h‘oé	勿喜歡		496		true	自旧档汇入	2026-04-13T01:27:08+08:00
Répugner	vn	Opposé.	对某物感到厌恶反感	siang ’fè		相反		496		true	自旧档汇入	2026-04-13T01:27:08+08:00
Répugner	vn	Opposé.	对某物感到厌恶反感	véh tei’		勿對		496		true	自旧档汇入	2026-04-13T01:27:08+08:00
Répugner	vn	Exciter le dégoût.	令人厌恶，使人反感	’za gnen yé’		惹人厭		496		true	自旧档汇入	2026-04-13T01:27:08+08:00
Répugner	vn	Exciter le dégoût.	令人厌恶，使人反感	t‘ao’ yé’	’t‘ao yé’	討厭		496		true	自旧档汇入	2026-04-13T01:27:08+08:00
Réputation	sf		声望，声誉	ming sang(k‘i’)		名聲（氣）		496		true	自旧档汇入	2026-04-13T01:27:08+08:00
Réputation	sf		声望，声誉	ming waong’		名望		496		true	自旧档汇入	2026-04-13T01:27:08+08:00
Réputation	sf	Avoir acquis de la Réputation.	有名气	’yeû ming k‘i’		有名氣		496		true	自旧档汇入	2026-04-13T01:27:08+08:00
Réputation	sf	Avoir acquis de la Réputation.	有名气	’hiang deû		响頭		496	保留簡體	true	自旧档汇入	2026-04-13T01:27:08+08:00
Réputation	sf	Avoir acquis de la Réputation.	有名气	kao ming		高名		496		true	自旧档汇入	2026-04-13T01:27:08+08:00
Réputation	sf	Avoir perdu sa Réputation.	失去名誉	ming sang wa’ ’tsé		名聲壞者		496		true	自旧档汇入	2026-04-13T01:27:08+08:00
Réputation	sf	Bonne Réputation.	好名声	’h‘ao ming sang		好名聲		497		true	自旧档汇入	2026-04-13T01:27:08+08:00
Réputation	sf	Mauvaise Réputation.	坏名声	k‘ieû(ts‘eû’)ming sang		恘（臭）名聲		497		true	自旧档汇入	2026-04-13T01:27:08+08:00
Réputation	sf	Réputation usurpée,surfaite.	有名无实	’yeû ming wou zéh		有名無實		497		true	自旧档汇入	2026-04-13T01:27:08+08:00
Réputer	va	Croire.	认为，看作	’siang		想		497		true	自旧档汇入	2026-04-13T01:27:08+08:00
Réputer	va	Croire.	认为，看作	seu’		算		497		true	自旧档汇入	2026-04-13T01:27:08+08:00
Réputer	va	Croire.	认为，看作	taong’		當		497		true	自旧档汇入	2026-04-13T01:27:08+08:00
Requérir	va		需要，要求	yao’		要		497		true	自旧档汇入	2026-04-13T01:27:08+08:00
Requête	sf		呈纸，禀帖	zeng’ ’tse	zeng ’tse	呈紙		497	變調	true	自旧档汇入	2026-04-13T01:27:08+08:00
Requête	sf		呈纸，禀帖	’pin t‘ih		禀帖		497		true	自旧档汇入	2026-04-13T01:27:08+08:00
Requiem	sm	(Messe de).	安魂曲	lié’ gnôh(lié ling,tsu se)mi-sèh		煉獄（煉靈，追思）彌撒		497		true	自旧档汇入	2026-04-13T01:27:08+08:00
Requin	sm		鲨	souo n		鯊魚		497		true	自旧档汇入	2026-04-13T01:27:08+08:00
Requin	sm	Aileronsde Requin.	鲨鱼鳍，鱼翅	souo n tse’		鯊魚翅		497		true	自旧档汇入	2026-04-13T01:27:08+08:00
Requis	adj		必要的，规定的	yao’ ’kien ke’		要緊个		497		true	自旧档汇入	2026-04-13T01:27:08+08:00
Requis	adj	Avoir l’âge Requis.	达到要求年龄	’mé su	’mé su’	滿歲		497		true	自旧档汇入	2026-04-13T01:27:08+08:00
Réquisitionner	va		差遣	fong		封		497		true	自旧档汇入	2026-04-13T01:27:08+08:00
Réquisitionner	va		差遣	èh		押		497		true	自旧档汇入	2026-04-13T01:27:08+08:00
Rescrit	sm	impérial.	圣旨，诏书	seng’ tse’	seng’ ’tse	聖旨		497		true	自旧档汇入	2026-04-13T01:27:08+08:00
Rescrit	sm	impérial.	圣旨，诏书	zaong’ yu’		上諭		497		true	自旧档汇入	2026-04-13T01:27:08+08:00
Rescrit	sm	impérial.	圣旨，诏书	tsao’ su		詔書		497		true	自旧档汇入	2026-04-13T01:27:08+08:00
Réseau	sm		网	’maong		網		497		true	自旧档汇入	2026-04-13T01:27:08+08:00
Réserve	sf	Réserve d’argent.	存钱	tsieh hieuh dong dié(gnen ’tse)		積蓄銅錢（銀子）		497		true	自旧档汇入	2026-04-13T01:27:08+08:00
Réserve	sf	Armée de Réserve.	备兵	bei’ ping		備兵		497		true	自旧档汇入	2026-04-13T01:27:08+08:00
Réserve	sf	À la Réserve de.	除掉	zu t‘éh		除脱		497		true	自旧档汇入	2026-04-13T01:27:08+08:00
Réservé	adj		预定的，保留的，留作专用的	lieû ’la		留拉		497		true	自旧档汇入	2026-04-13T01:27:08+08:00
Réservé	adj		预定的，保留的，留作专用的	’pa ’la		擺拉		497		true	自旧档汇入	2026-04-13T01:27:08+08:00
Réservé	adj	Circonspect.	谨慎的	’kien zen’ ke’		謹慎个		497		true	自旧档汇入	2026-04-13T01:27:08+08:00
Réservé	adj	Discet.	克制的	’kouo yé ’kouo ’ngu		寡言寡語		497		true	自旧档汇入	2026-04-13T01:27:08+08:00
Réservé	adj	Modeste.	持重的	teu tseng’		端正		497		true	自旧档汇入	2026-04-13T01:27:08+08:00
Réservé	adj	Fixe:place Réservée.	已预定的座位	ding’(lieû)ke’ ’zou wei’		定（留）个坐位		497		true	自旧档汇入	2026-04-13T01:27:08+08:00
Réservé	adj	Privé.	私人的	se ke’		私个		497		true	自旧档汇入	2026-04-13T01:27:08+08:00
Réservé	adj	Local Réservé.	重地	’zong di’		重地		497		true	自旧档汇入	2026-04-13T01:27:08+08:00
Réservé	adj	Cour Réservée.	禁院	kien’ yeu’		禁院		497		true	自旧档汇入	2026-04-13T01:27:08+08:00
Réserver	va		保留，留给	lieû ’la wei’ ling’ nga’ ke’ yong’ deû		留拉為另外个用頭		497		true	自旧档汇入	2026-04-13T01:27:08+08:00
Réserver	va		保留，留给	zen lieû ’la		存留拉		497		true	自旧档汇入	2026-04-13T01:27:08+08:00
Réserver	va		保留，留给	di ’la ih pié		提拉一邊		497		true	自旧档汇入	2026-04-13T01:27:08+08:00
Réservoir	sm	d ’eau.	水库，蓄水池	’se ’ghiu	’se ghiu’	水櫃		497	變調	true	自旧档汇入	2026-04-13T01:27:08+08:00
Réservoir	sm	Vivier.	水库，蓄水池	ze wou		池河		497		true	自旧档汇入	2026-04-13T01:27:08+08:00
Résidence	sf		住所	zu’ ts‘u’		住處		497		true	自旧档汇入	2026-04-13T01:27:08+08:00
Résidence	sf		住所	zu’ zah		住宅		497		true	自旧档汇入	2026-04-13T01:27:08+08:00
Résidence	sf		住所	zah ’tse		宅子		497		true	自旧档汇入	2026-04-13T01:27:08+08:00
Résidence	sf	Résidence d’un fonctionnaire.	公馆	kong koé’		公館		497		true	自旧档汇入	2026-04-13T01:27:08+08:00
Résidence	sf	Résidence impériale;	皇宫	waong kong		皇宫		497		true	自旧档汇入	2026-04-13T01:27:08+08:00
Résidence	sf	Résidence impériale en voyage.	行宫	hang kong		行宫		497		true	自旧档汇入	2026-04-13T01:27:08+08:00
Résident	sm		定居者，居民	zu’ ’la		住拉		497		true	自旧档汇入	2026-04-13T01:27:08+08:00
Résident	sm		定居者，居民	zu’ ka		住家		497		true	自旧档汇入	2026-04-13T01:27:08+08:00
Résider	vn		居住，定居	zu’		住		497		true	自旧档汇入	2026-04-13T01:27:08+08:00
Résider	vn		居住，定居	teng		登		497		true	自旧档汇入	2026-04-13T01:27:08+08:00
Résider	vn	Consister.	在于...，存在于...	zai’		在		497		true	自旧档汇入	2026-04-13T01:27:08+08:00
Résider	vn	Consister.	在于...，存在于...	’la		拉		497		true	自旧档汇入	2026-04-13T01:27:08+08:00
Résidu	sm		残留物，渣滓	tsouo		渣		497		true	自旧档汇入	2026-04-13T01:27:08+08:00
Résidu	sm		残留物，渣滓	kiah		脚		497		true	自旧档汇入	2026-04-13T01:27:08+08:00
Résigner	va	un office.	辞职	kao’ ze		告辭		497		true	自旧档汇入	2026-04-13T01:27:08+08:00
Résigner	va	un office.	辞职	sia’ zen’		卸任		497		true	自旧档汇入	2026-04-13T01:27:08+08:00
Résigner	va	un office.	辞职	ze koé		辭官		497		true	自旧档汇入	2026-04-13T01:27:08+08:00
Résigner	va	un office.	辞职	k‘ai k‘ieuh		開缺		497		true	自旧档汇入	2026-04-13T01:27:08+08:00
Résigner	vr	Se Résigner.Patienter.	顺从，听任	’zen ’zeû		忍受		497		true	自旧档汇入	2026-04-13T01:27:08+08:00
Résigner	vr	Se Résigner.Patienter.	顺从，听任	’zen nai’		忍耐		497		true	自旧档汇入	2026-04-13T01:27:08+08:00
Résigner	vr	Se Résigner à la volonté divine.	屈从于天主的意志	ké sin tsao’ T‘ié ’tsu ke’ i’ se		甘心照天主个意思		497		true	自旧档汇入	2026-04-13T01:27:08+08:00
Résigner	vr	Ne pouvoir se Résigner à partir.	舍不得动身	’souo véh teh ’dong sen		捨勿得動身		497		true	自旧档汇入	2026-04-13T01:27:08+08:00
Résilier	va	un contrat.	废约	fi’ yah		廢約		497		true	自旧档汇入	2026-04-13T01:27:08+08:00
Résilier	va	un contrat.	废约	’hoei t‘éh bing kiu’	’h‘oei t‘éh bing kiu’	毁脱憑據		497		true	自旧档汇入	2026-04-13T01:27:08+08:00
Résine	sf		树脂	zu’ kao		樹膠		497		true	自旧档汇入	2026-04-13T01:27:08+08:00
Résine	sf	Résine du pin.	松香	song hiang		松香		497		true	自旧档汇入	2026-04-13T01:27:08+08:00
Résipiscence	sf	Venir à Résipiscence.	悔改，回头	wei deû ’kai kou’		回頭改過		497		true	自旧档汇入	2026-04-13T01:27:08+08:00
Résipiscence	sf	Venir à Résipiscence.	悔改，回头	wei sin ’tsé i’		回心轉意		498		true	自旧档汇入	2026-04-13T01:27:08+08:00
Résistant	adj	Dur.	坚固的，结实的	lao		牢		498		true	自旧档汇入	2026-04-13T01:27:08+08:00
Résistant	adj	Dur.	坚固的，结实的	ngang’ ke’		硬个		498		true	自旧档汇入	2026-04-13T01:27:08+08:00
Résister	vn		抵抗，反抗    	dieh		敵		498		true	自旧档汇入	2026-04-13T01:27:08+08:00
Résister	vn		抵抗，反抗    	kiu’ dieh	ghiu’ dieh	拒敵		498	待定	true	自旧档汇入	2026-04-13T01:27:08+08:00
Résister	vn		抵抗，反抗    	’ti ’taong		抵擋		498		true	自旧档汇入	2026-04-13T01:27:08+08:00
Résister	vn		抵抗，反抗    	’ti dieh		抵敵		498		true	自旧档汇入	2026-04-13T01:27:08+08:00
Résister	vn		抵抗，反抗    	tséh ’seû zu’		執守住		498		true	自旧档汇入	2026-04-13T01:27:08+08:00
Résister	vn		抵抗，反抗    	véh ’k‘eng gnang’		勿肯讓		498		true	自旧档汇入	2026-04-13T01:27:08+08:00
Résister	vn		抵抗，反抗    	véh t‘ing		勿聽		498		true	自旧档汇入	2026-04-13T01:27:08+08:00
Résister	vn		抵抗，反抗    	véh zong		勿從		498		true	自旧档汇入	2026-04-13T01:27:08+08:00
Résister	vn		抵抗，反抗    	gneh(siang fè)T‘ié ’tsu ke’ seng’ ’ts‘ong		逆（相翻）天主个聖寵		498		true	自旧档汇入	2026-04-13T01:27:08+08:00
Résolu	adj	Andacieux.	果断的	dou’ ’tè ke’		大膽个		498		true	自旧档汇入	2026-04-13T01:27:08+08:00
Résolu	adj	Déterminé.	坚定的	tse’ hiang’ kié ’kou	tse’ hiang’ kié kou’	志向堅固		498		true	自旧档汇入	2026-04-13T01:27:08+08:00
Résolu	adj	Déterminé.	坚定的	’yeû kieuh lih		有决立		498		true	自旧档汇入	2026-04-13T01:27:08+08:00
Résolution	sf	Propos.	决心	’tsu i’		主意		498		true	自旧档汇入	2026-04-13T01:27:08+08:00
Résolution	sf	Fermeté.	决心	kaong gni’		剛毅		498		true	自旧档汇入	2026-04-13T01:27:08+08:00
Résolution	sf	Fermeté.	决心	lih sing’		烈性		498		true	自旧档汇入	2026-04-13T01:27:08+08:00
Résolution	sf	Résolutions spirituelles.	志向	tse’ hiang’ 		志向		498		true	自旧档汇入	2026-04-13T01:27:08+08:00
Résolution	sf	Prendre des Résolution spirituelles.	坚定志向	ding’ taong’ tse’ hiang’		定當志向		498		true	自旧档汇入	2026-04-13T01:27:08+08:00
Résonner	vn		回响，反响	’hiang		響		498		true	自旧档汇入	2026-04-13T01:27:08+08:00
Résonner	vn		回响，反响	yeng’ seng ’hiang		應聲响		498	保留簡體	true	自旧档汇入	2026-04-13T01:27:08+08:00
Résoudre	va		解决	’ka t‘éh		解脱		498		true	自旧档汇入	2026-04-13T01:27:08+08:00
Résoudre	vr	Décider.Se Résoudre à.	决定，决心	ding’ taong’		定當		498		true	自旧档汇入	2026-04-13T01:27:08+08:00
Résoudre	vr	Décider.Se Résoudre à.	决定，决心	nao ding’ ’tsu i’		拿定主意		498		true	自旧档汇入	2026-04-13T01:27:08+08:00
Respect	sm		尊敬	kong kieng’		恭敬		498		true	自旧档汇入	2026-04-13T01:27:08+08:00
Respect	sm	Avec grand Respect.	毕恭毕敬	kong kong kieng’ kieng’		恭恭敬敬		498		true	自旧档汇入	2026-04-13T01:27:08+08:00
Respect	sm	Manquer de Respect.	失敬	séh kieng’		失敬		498		true	自旧档汇入	2026-04-13T01:27:08+08:00
Respect	sm	Manquer de Respect.	失敬	dai’ mè’		怠慢		498		true	自旧档汇入	2026-04-13T01:27:08+08:00
Respect	sm	Respect humain.	难为情	nè wei zing		難為情		498		true	自旧档汇入	2026-04-13T01:27:08+08:00
Respect	sm	Avoir du Respect humain.	怕难为情	p‘ouo’ nè wei zing		怕難為情		498		true	自旧档汇入	2026-04-13T01:27:08+08:00
Respect	sm	Avoir du Respect humain.	怕难为情	p‘ouo’ gnen wo’(siao’)		怕人話（笑）		498		true	自旧档汇入	2026-04-13T01:27:08+08:00
Respect	sm	Présenter ses Respects.	致敬	pa’ maong’		拜望		498		true	自旧档汇入	2026-04-13T01:27:08+08:00
Respect	sm	Présenter ses Respects.	致敬	’ts‘ing(men’)eu		請（問）安		498		true	自旧档汇入	2026-04-13T01:27:08+08:00
Respecter	va		尊敬	kong kieng’		恭敬		498		true	自旧档汇入	2026-04-13T01:27:08+08:00
Respecter	va		尊敬	kieng’ ’zong		敬重		498		true	自旧档汇入	2026-04-13T01:27:08+08:00
Respecter	va		尊敬	k‘eu’ ’zong		看重		498		true	自旧档汇入	2026-04-13T01:27:08+08:00
Respecter	va	Se faire Respecter.	受到他人尊重	kao’ gnen k‘eu’ ’zong	kiao’ gnen k‘eu’ ’zong	叫人看重		498	待定	true	自旧档汇入	2026-04-13T01:27:08+08:00
Respecter	va	Être homme quise respecte.	自重	yao’ mié’ ’k‘ong		要面孔		498		true	自旧档汇入	2026-04-13T01:27:08+08:00
Respecter	va	Être homme quise respecte.	自重	ze’ ’zong		自重		498		true	自旧档汇入	2026-04-13T01:27:08+08:00
Respectueux	adj		恭敬的	kong kong kieng’ kieng’ ke’		恭恭敬敬个		498		true	自旧档汇入	2026-04-13T01:27:08+08:00
Respirer	vn		呼吸	’t‘eû k‘i’		㰯氣	敨氣	498		true	自旧档汇入	2026-04-13T01:27:08+08:00
Respirer	vn	Respirer avec bruit.	呼吸噪音	’t‘eû k‘i’ ’hiang lai		㰯氣响來	敨氣响來	498	保留簡體	true	自旧档汇入	2026-04-13T01:27:08+08:00
Respirer	vn	Respirer avec bruit.	呼吸噪音	k‘i’ kiéh		氣急		498		true	自旧档汇入	2026-04-13T01:27:08+08:00
Respirer	vn	Respirer avec bruit.	呼吸噪音	haong’	h‘aong	吭		498		true	自旧档汇入	2026-04-13T01:27:08+08:00
Respirer	vn	Respirer avec bruit.	呼吸噪音	hong	h‘ong	鼾		498	待定	true	自旧档汇入	2026-04-13T01:27:08+08:00
Resplendir	vn		发光，发亮	fèh koang		發光		498		true	自旧档汇入	2026-04-13T01:27:08+08:00
Resplendir	vn		发光，发亮	tsao’ yao’		照耀		498		true	自旧档汇入	2026-04-13T01:27:08+08:00
Resplendissant	adj		发光的，明亮的	ming(koang)liang’		明（光）亮		498		true	自旧档汇入	2026-04-13T01:27:08+08:00
Resplendissant	adj		发光的，明亮的	koang ming		光明		498		true	自旧档汇入	2026-04-13T01:27:08+08:00
Resplendissant	adj		发光的，明亮的	ts‘è’ lè’		燦爛		498		true	自旧档汇入	2026-04-13T01:27:08+08:00
Responsabilité	sf		责任	tséh zen’		責任		498		true	自旧档汇入	2026-04-13T01:27:08+08:00
Responsabilité	sf	Prendre la Responsabilité de.	担当	tè taong		擔當		498		true	自旧档汇入	2026-04-13T01:27:08+08:00
Responsabilité	sf	Prendre la Responsabilité de.	担当	ts‘éh deû		出頭		498		true	自旧档汇入	2026-04-13T01:27:08+08:00
Responsabilité	sf	Prendre la Responsabilité de.	担当	t‘ao tè		叨担		498		true	自旧档汇入	2026-04-13T01:27:08+08:00
Responsabilité	sf	Prendre la Responsabilité de.	担当	tè ze’		担事		498		true	自旧档汇入	2026-04-13T01:27:08+08:00
Responsable	adj		负责的，有责任感的	tè taong		担當		498		true	自旧档汇入	2026-04-13T01:27:08+08:00
Responsable	adj		负责的，有责任感的	tè keu ki’		担干計		498		true	自旧档汇入	2026-04-13T01:27:08+08:00
Responsable	adj	Vous en êtes Responsable.	由你负责	’la nong’ sen laong’		拉儂身上		498		true	自旧档汇入	2026-04-13T01:27:08+08:00
Ressasser	va	Ressasser toujours la même chose.	总是重述同样的事情	wo’ lai wo’ k‘i’		話來話去		499		true	自旧档汇入	2026-04-13T01:27:08+08:00
Ressasser	va	Ressasser toujours la même chose.	总是重述同样的事情	zeng ghieû’ di’ kiu’		仍舊第句		499	原注有“V. Rebattre.”	true	自旧档汇入	2026-04-13T01:27:08+08:00
Ressemblance	sf		相像	ziang’		像		499		true	自旧档汇入	2026-04-13T01:27:08+08:00
Ressemblance	sf		相像	siang ziang’		相像		499		true	自旧档汇入	2026-04-13T01:27:08+08:00
Ressemblant	adj	(Portrait)	酷似本人的	wéh ziang’		活像		499		true	自旧档汇入	2026-04-13T01:27:08+08:00
Ressembler	vn		和...相像	ziang’		像		499		true	自旧档汇入	2026-04-13T01:27:08+08:00
Ressembler	vn		和...相像	’h‘ao ziang’		好像		499		true	自旧档汇入	2026-04-13T01:27:08+08:00
Ressembler	vr	Se Ressembler.	相像，相似	siang ziang’		相像		499		true	自旧档汇入	2026-04-13T01:27:08+08:00
Ressembler	vr	Se Ressembler.	相像，相似	siang dong		相同		499		true	自旧档汇入	2026-04-13T01:27:08+08:00
Ressemeler	va		换鞋底，换鞋掌	wé’ ha ’ti		换鞋底		499		true	自旧档汇入	2026-04-13T01:27:08+08:00
Ressentiment		Avoir du Ressentiment.	记仇，愤恨	ki’ zeû		記仇		499		true	自旧档汇入	2026-04-13T01:27:08+08:00
Ressentiment		Avoir du Ressentiment.	记仇，愤恨	wai hen’		懷恨		499		true	自旧档汇入	2026-04-13T01:27:08+08:00
Ressentiment		Avoir du Ressentiment.	记仇，愤恨	koa’ yeu’		怪怨		499		true	自旧档汇入	2026-04-13T01:27:08+08:00
Ressentiment		Dévorer son Ressentiment.	忍声吞气	’zen k‘i’ t‘en seng		忍氣吞聲		499		true	自旧档汇入	2026-04-13T01:27:08+08:00
Ressentir	va		感觉，感到，觉得	koh zah		覺着		499		true	自旧档汇入	2026-04-13T01:27:08+08:00
Ressentir	vr	Se Ressentir quelque peu de son mal.	继续感到一点点不适	su zé ’h‘ao ’tsé wè ’yeû ih ’ngè véh wéh ’dong		雖然好者還有一眼勿活動		499	待定	true	自旧档汇入	2026-04-13T01:27:08+08:00
Resserré	pp	Étroit.	狭小的，狭窄的	èh	hèh	狹		499		true	自旧档汇入	2026-04-13T01:27:08+08:00
Resserré	pp	Étroit.	狭小的，狭窄的	èh ts‘èh	hèh tsèh	狹窄		499	待定	true	自旧档汇入	2026-04-13T01:27:08+08:00
Resserré	pp	Étroit.	狭小的，狭窄的	véh k‘oé ts‘ah		勿寬綽		499		true	自旧档汇入	2026-04-13T01:27:08+08:00
Resserrer	va		使更紧	seû ’kien		收緊		499		true	自旧档汇入	2026-04-13T01:27:08+08:00
Resserrer	va	Resserrer le règlement.	收紧规则	koei ’kiu ’kien ’tié		規矩緊点		499		true	自旧档汇入	2026-04-13T01:27:08+08:00
Resserrer	vr	Se Resserrer ds ses dépenses.	收缩开支	’sang yong’		省用		499		true	自旧档汇入	2026-04-13T01:27:08+08:00
Resserrer	vr	Se Resserrer ds ses dépenses.	收缩开支	’sao yong’		少用		499		true	自旧档汇入	2026-04-13T01:27:08+08:00
Ressort	sm		弹簧，发条	fèh diao [ih ken]		發條[一根]		499		true	自旧档汇入	2026-04-13T01:27:08+08:00
Ressort	sm	Ressort d’un cadenas chinois.	锁簧	’sou waong		鎖簧		499		true	自旧档汇入	2026-04-13T01:27:08+08:00
Ressort	Fig	C’est de son Ressort.	属他管辖	zôh i ’koé ke’		屬伊管个		499		true	自旧档汇入	2026-04-13T01:27:08+08:00
Ressort	Fig	Décidé en dernier Ressort.	终审判决	méh kiah lai deu’ ding’ ’tsé	méh kiah lai teu’ ding’ ’tsé	末脚來斷定者		499		true	自旧档汇入	2026-04-13T01:27:08+08:00
Ressortir	va	Saillant.	穿透，钻出	ts‘ôh(déh)ts‘éh lai		觸（凸）出來		499		true	自旧档汇入	2026-04-13T01:27:08+08:00
Ressortir	va	Saillant.	穿透，钻出	kao ’k‘i ’la ke’		高起拉个		499		true	自旧档汇入	2026-04-13T01:27:08+08:00
Ressortir	va	Faire Ressortir[une idée].	意见突出	’hié liang’		顯亮		499		true	自旧档汇入	2026-04-13T01:27:08+08:00
Ressortir	va	D’où il ressort que.	由此可见	zéh ka’ neng k‘eu’ ’k‘i lai		實介能看起來		499		true	自旧档汇入	2026-04-13T01:27:08+08:00
Ressource	sf	Expédient.	办法，手段	fèh ’tse		法子		499		true	自旧档汇入	2026-04-13T01:27:08+08:00
Ressource	sf	Expédient.	办法，手段	men lou’		門路		499		true	自旧档汇入	2026-04-13T01:27:08+08:00
Ressource	sf	Plein de Ressources.	办法多	’yeû seu’ ki’		有算計		499		true	自旧档汇入	2026-04-13T01:27:08+08:00
Ressource	sf	Plein de Ressources.	办法多	fèh ’tse tou		法子多		499		true	自旧档汇入	2026-04-13T01:27:08+08:00
Ressource	sf	À bout de Ressources.	走投无路	’tseû deû wou lou’		走頭無路	走投無路	499		true	自旧档汇入	2026-04-13T01:27:08+08:00
Ressource	sf	À bout de Ressources.	走投无路	wou lou’ ’k‘o ’tseû		無路可走		499		true	自旧档汇入	2026-04-13T01:27:08+08:00
Ressource	sf	Sans Ressources.	身无分文	koang sen h‘eu’		光身漢		499		true	自旧档汇入	2026-04-13T01:27:08+08:00
Ressource	sf	Sans talent.	一无是处	ih m ’pen ze’		一無本事	一嘸本事	499		true	自旧档汇入	2026-04-13T01:27:08+08:00
Ressouvenir	vr	(Se).	回忆起	zong sin ki’ teh		重新記得		499		true	自旧档汇入	2026-04-13T01:27:08+08:00
Ressusciter	qqn.va.		使复活	kiao’ i woh wéh		叫伊復活		499		true	自旧档汇入	2026-04-13T01:27:08+08:00
Ressusciter	vn		复活	woh wéh		復活		499		true	自旧档汇入	2026-04-13T01:27:08+08:00
Ressusciter	vn	evenir d’un état désespéré.	死里逃生	’si k‘i’ wéh ’tsé lai		死去活轉來		499		true	自旧档汇入	2026-04-13T01:27:08+08:00
Ressusciter	vn	evenir d’un état désespéré.	死里逃生	’se ’li dao seng		死裏逃生		499		true	自旧档汇入	2026-04-13T01:27:08+08:00
Restaurant	sm		饭店，餐馆	vè’ tié’		飯店		499		true	自旧档汇入	2026-04-13T01:27:08+08:00
Restaurant	sm		饭店，餐馆	’tsieû koé’		酒館		499		true	自旧档汇入	2026-04-13T01:27:08+08:00
Restaurer	va		修理，修复（艺术品、文物）	sieû ’li		修理		499		true	自旧档汇入	2026-04-13T01:27:08+08:00
Restaurer	va	Restaurer ses forces.	恢复元气	’pou lih liang’		補力量		499		true	自旧档汇入	2026-04-13T01:27:08+08:00
Reste	sm		其余，剩余	zeng’ ’hao lai ke’		剩下來个		499		true	自旧档汇入	2026-04-13T01:27:08+08:00
Reste	sm		其余，剩余	yu deû		餘頭		499		true	自旧档汇入	2026-04-13T01:27:08+08:00
Reste	sm	Au Reste.D’ailleurs.	此外，而且	’tao ’ti		倒底		499		true	自旧档汇入	2026-04-13T01:27:08+08:00
Rester	vn		剩下，余留	yu		餘		499		true	自旧档汇入	2026-04-13T01:27:08+08:00
Rester	vn		剩下，余留	zeng’		剩		499		true	自旧档汇入	2026-04-13T01:27:08+08:00
Rester	vn	Il reste 2.	剩两个	zeng’(tou)’liang ke’		剩（多）兩个		499		true	自旧档汇入	2026-04-13T01:27:08+08:00
Rester	vn	Ne pas s’en aller.	居住，逗留	teng ’la		登拉		500		true	自旧档汇入	2026-04-13T01:27:08+08:00
Rester	vn	Ne pas s’en aller.	居住，逗留	zu’ ’la		住拉		500		true	自旧档汇入	2026-04-13T01:27:08+08:00
Restituer	va		交还，归还	wè		還		500		true	自旧档汇入	2026-04-13T01:27:08+08:00
Restituer	va		交还，归还	koei wè		歸還		500		true	自旧档汇入	2026-04-13T01:27:08+08:00
Restituer	va	Il faut Restituer.	应当归还	kai taong ’pou wè		該當補還		500		true	自旧档汇入	2026-04-13T01:27:08+08:00
Restituer	va	Restituer un terrain usurpé.	归还被篡夺的土地	t‘ei’ wè di’ bi		退還地皮		500		true	自旧档汇入	2026-04-13T01:27:08+08:00
Restriction	sf	Limite.	限制	hè’ tse’		限制		500		true	自旧档汇入	2026-04-13T01:27:08+08:00
Restriction	sf	Réticence.	保留	long ’t‘ong seh wo’		籠統説話		500		true	自旧档汇入	2026-04-13T01:27:08+08:00
Restriction	sf	S’engager sans Restriction.	无条件保证	yang’ yang’ ’yun ’hiu(tèh yeng’)		樣樣允許（答應）		500		true	自旧档汇入	2026-04-13T01:27:08+08:00
Résultat	sm	Effet.	结果，结局	yao’ gné’		效驗		500		true	自旧档汇入	2026-04-13T01:27:08+08:00
Résultat	sm	Effet.	结果，结局	seû sao(zang)		收梢（場）		500		true	自旧档汇入	2026-04-13T01:27:08+08:00
Résultat	sm	Effet.	结果，结局	kiéh ghiôh		結局		500		true	自旧档汇入	2026-04-13T01:27:08+08:00
Résulter	vn		是...的结果，由...引起	’yeû koè i’		有關係		500		true	自旧档汇入	2026-04-13T01:27:08+08:00
Résulter	vn	Il n’en peut rien Résulter de bon.	没有好处	m sa’ ’h‘ao ts‘u’		無啥好處	嘸啥好處	500		true	自旧档汇入	2026-04-13T01:27:08+08:00
Résulter	vn	Il n’en est résulté aucun profit.	赚不到钱	zin véh zah sa’ dong dié		尋勿着啥銅錢		500		true	自旧档汇入	2026-04-13T01:27:08+08:00
Résulter	vn	Il n’en est résulté aucun profit.	赚不到钱	bah tsou’		白做		500		true	自旧档汇入	2026-04-13T01:27:08+08:00
Résulter	vn	D’où il résulte que.	由此可知	zéh ka’ neng k‘eu’ ’k‘i lai		實介能看起來		500		true	自旧档汇入	2026-04-13T01:27:08+08:00
Résumé	sm		摘要，梗概	ts‘euh yao’		撮要		500		true	自旧档汇入	2026-04-13T01:27:08+08:00
Résumé	sm	En Résumé.	简而言之，总之	’tsong wo’		總話		500		true	自旧档汇入	2026-04-13T01:27:08+08:00
Résumé	sm	En Résumé.	简而言之，总之	’tsong eul yé tse		總而言之		500		true	自旧档汇入	2026-04-13T01:27:08+08:00
Résumé	sm	En Résumé.	简而言之，总之	da’ yah		大約		500		true	自旧档汇入	2026-04-13T01:27:08+08:00
Résumer	va	un discours.	扼要论述	wo’ ke’ da’ kai’(da’ liah)		話个大概（大略）		500		true	自旧档汇入	2026-04-13T01:27:08+08:00
Résurrection	sf		复活	woh wéh		復活		500		true	自旧档汇入	2026-04-13T01:27:08+08:00
Rétable	sm		祭坛后部所置的装饰屏	k‘ao’ pei’(pieh)		靠背（壁）		500		true	自旧档汇入	2026-04-13T01:27:08+08:00
Rétablir	va		修复，重建	tsai’ séh lih		再設立		500		true	自旧档汇入	2026-04-13T01:27:08+08:00
Rétablir	va		修复，重建	sieû		修		500		true	自旧档汇入	2026-04-13T01:27:08+08:00
Rétablir	vr	Se Rétablir.	恢复	woh gneu		復原		500		true	自旧档汇入	2026-04-13T01:27:08+08:00
Rétablir	vr	Se Rétablir.	恢复	woh hieng		復興		500		true	自旧档汇入	2026-04-13T01:27:08+08:00
Retard	sm		迟缓，延缓	ze mè’		遲慢		500		true	自旧档汇入	2026-04-13T01:27:08+08:00
Retard	sm		迟缓，延缓	mè’		慢		500		true	自旧档汇入	2026-04-13T01:27:08+08:00
Retard	sm	Être en Retard.	来迟了	kou’ tse ze heû’ ’tsé		過之時候者		500		true	自旧档汇入	2026-04-13T01:27:08+08:00
Retard	sm	Venu en Retard.	来迟了	lai teh è’		來得晚	來得晏	500		true	自旧档汇入	2026-04-13T01:27:08+08:00
Retard	sm	Venu en Retard.	来迟了	mè’ tao’		慢到		500	待定	true	自旧档汇入	2026-04-13T01:27:08+08:00
Retard	sm	Sans Retard.Aussitôt.	毫不拖延，随即，尽快	lih k‘eh		立刻		500		true	自旧档汇入	2026-04-13T01:27:08+08:00
Retard	sm	Sans Retard.Aussitôt.	毫不拖延，随即，尽快	k‘oa’ sao’		快燥		500		true	自旧档汇入	2026-04-13T01:27:08+08:00
Retard	sm	Sans Retard.Aussitôt.	毫不拖延，随即，尽快	sôh kiéh		速急		500		true	自旧档汇入	2026-04-13T01:27:08+08:00
Retarder	va	[une affaire].	耽搁，延误	tè koh		耽擱		500		true	自旧档汇入	2026-04-13T01:27:08+08:00
Retarder	va	[une affaire].	耽搁，延误	ze yé		遲延		500		true	自旧档汇入	2026-04-13T01:27:08+08:00
Retarder	va	[une affaire].	耽搁，延误	t‘ou ze		拖遲		500		true	自旧档汇入	2026-04-13T01:27:08+08:00
Retarder	vn	L’horloge retarde.	钟慢了	tsong ’tseû teh mè’ ’tsé		鐘走得慢者		500		true	自旧档汇入	2026-04-13T01:27:08+08:00
Retenir	va	Garder.	扣留	lieû ’la(zu’)		留拉（住）		500		true	自旧档汇入	2026-04-13T01:27:08+08:00
Retenir	va	Retenir le salaire.	扣除工资	kong dié k‘eû’ zu’		工錢扣除		500		true	自旧档汇入	2026-04-13T01:27:08+08:00
Retenir	va	Retenir[le bien d’autrui].	扣留别人财产不还	la’ t‘éh		賴脱		500		true	自旧档汇入	2026-04-13T01:27:08+08:00
Retenir	va	Retenir[le bien d’autrui].	扣留别人财产不还	véh wè		勿還		500		true	自旧档汇入	2026-04-13T01:27:08+08:00
Retenir	va	Retenir[qqn].	拉住	lieû(leû)zu’		留（摟）住		500	待定	true	自旧档汇入	2026-04-13T01:27:08+08:00
Retenir	va	L’arrêter.Le modérer.	拘留	’koé sôh		管束		500		true	自旧档汇入	2026-04-13T01:27:08+08:00
Retenir	va	L’arrêter.Le modérer.	拘留	seû ’koé		收管		500		true	自旧档汇入	2026-04-13T01:27:08+08:00
Retenir	va	L’héberger.	留住	seû lieû		收留		500		true	自旧档汇入	2026-04-13T01:27:08+08:00
Retenir	va	L’héberger.	留住	lieû zu’		留住		500		true	自旧档汇入	2026-04-13T01:27:08+08:00
Retenir	va	Retenir un cheval.	勒住马	leh zu’ ’mô		勒住馬		500		true	自旧档汇入	2026-04-13T01:27:08+08:00
Retenir	va	Retenir ds sa mémoire.	记在心里	ki’ ’h‘ao ’la		記好拉		500		true	自旧档汇入	2026-04-13T01:27:08+08:00
Retenir	vr	Se Retenir[à qqch].S’accrocher.	抓住	’tsa zu’		抓住		500	待定 一作tsao zu’	true	自旧档汇入	2026-04-13T01:27:08+08:00
Retenir	vr	Se Retenir.S’empêcher de.	忍住	’gnen zu’		忍住		500		true	自旧档汇入	2026-04-13T01:27:08+08:00
Rétention	sf		潴留	’siao bié’(’ka)véh t‘ong		小便（解）勿通		500		true	自旧档汇入	2026-04-13T01:27:08+08:00
Retentir	vn		回响，充满响声	’hiang		響		500		true	自旧档汇入	2026-04-13T01:27:08+08:00
Retentir	vn		回响，充满响声	’yeû ’hiang seng ke’		有响聲个		500	保留簡體	true	自旧档汇入	2026-04-13T01:27:08+08:00
Retentir	vn		回响，充满响声	seng yeng t‘ou zang	seng yen t‘ou zang	聲音拖長		500	待定	true	自旧档汇入	2026-04-13T01:27:08+08:00
Retentissant	adj		发出响亮声音的	dou’ yeng’ ’hiang		大應響		501		true	自旧档汇入	2026-04-13T01:27:08+08:00
Retentissant	Fig		引起强烈反响的	’hiang		响		501	保留簡體	true	自旧档汇入	2026-04-13T01:27:08+08:00
Retenu	adj	Modéré.	有节制的	véh kou’ ven’		勿過分		501		true	自旧档汇入	2026-04-13T01:27:08+08:00
Retenu	adj	Modéré.	有节制的	’yeû tsih tse’		有節制		501		true	自旧档汇入	2026-04-13T01:27:08+08:00
Retenu	adj	Modeste.	克制的	teu tseng’		端正		501		true	自旧档汇入	2026-04-13T01:27:08+08:00
Retenu	adj	Circouspect.	谨慎的	’kien zen’ 		謹慎		501		true	自旧档汇入	2026-04-13T01:27:08+08:00
Retenu	adj	Circouspect.	谨慎的	’siao sin		小心		501		true	自旧档汇入	2026-04-13T01:27:08+08:00
Réticence	sf	(User de).	缄默，故意不说，保留意见	pé’ kiu’ deû seh wo’		半句頭説話		501		true	自旧档汇入	2026-04-13T01:27:08+08:00
Rétif	adj		脾气犟的，执拗	ghiang deû lih ’nao		强頭烈腦		501	待定	true	自旧档汇入	2026-04-13T01:27:08+08:00
Rétif	adj	Cheval Rétif.	烈马	ghiang ’mô		强馬		501		true	自旧档汇入	2026-04-13T01:27:08+08:00
Rétine	sf		视网膜	’ngè ’maong		眼網		501		true	自旧档汇入	2026-04-13T01:27:08+08:00
Rétine	sf		视网膜	’ngè kien i		眼筋衣		501		true	自旧档汇入	2026-04-13T01:27:08+08:00
Retiré	adj	[Endroit].	僻静的	ts‘ing ’zing		清静		501		true	自旧档汇入	2026-04-13T01:27:08+08:00
Retiré	adj	[Endroit].	僻静的	’lang loh		冷落		501		true	自旧档汇入	2026-04-13T01:27:08+08:00
Retiré	adj	Retiré des affaires.	退出行业，歇业，隐居	véh tsou’ sang i’ ’tsé		勿做生意者		501		true	自旧档汇入	2026-04-13T01:27:08+08:00
Retiré	adj	Retiré des affaires.	退出行业，歇业，隐居	koè men k‘ieh vè’		關門吃飯		501		true	自旧档汇入	2026-04-13T01:27:08+08:00
Retiré	adj	Retiré des affaires.	退出行业，歇业，隐居	hè kiu 		閑居		501		true	自旧档汇入	2026-04-13T01:27:08+08:00
Retirer	va		取出，拔出	la	’la	拉		501		true	自旧档汇入	2026-04-13T01:27:08+08:00
Retirer	va	Retirer qqch.à soi.	拉过来	la kou’ lai	’la kou’ lai	拉過來		501		true	自旧档汇入	2026-04-13T01:27:08+08:00
Retirer	va	Retirer qqch.de qq.endroit.	抽出来	la(ts‘eû)ts‘éh lai		拉（抽）出來		501		true	自旧档汇入	2026-04-13T01:27:08+08:00
Retirer	va	Retirer qqch.de qq.endroit.	搬出去	péh ts‘éh k‘i’	pé ts‘éh k‘i’	搬出去		501	待定 瑕	true	自旧档汇入	2026-04-13T01:27:08+08:00
Retirer	va	Retirer un avantage.	有出息	’yeû ts‘éh sih		有出息		501		true	自旧档汇入	2026-04-13T01:27:08+08:00
Retirer	va	Retirer qqn de la mauvaise voie.	教人回头改过	’ling gnen wei deû ’kai kou’		領人回頭改過		501		true	自旧档汇入	2026-04-13T01:27:08+08:00
Retirer	vr	Se Retirer.Reculer.	撤退，退却	t‘ei’ soh ’tseû		退縮走		501		true	自旧档汇入	2026-04-13T01:27:08+08:00
Retirer	vr	Se Retirer.Reculer.	撤退，退却	t‘ei’ heû’		退後		501		true	自旧档汇入	2026-04-13T01:27:08+08:00
Retirer	vr	Se Retirer.Reculer.	撤退，退却	t‘ei’ bou’		退步		501		true	自旧档汇入	2026-04-13T01:27:08+08:00
Retirer	vr	Se Retirer.S’en aller.	回家，回到	wei ’tsé k‘i’		回轉去		501		true	自旧档汇入	2026-04-13T01:27:08+08:00
Retomber	vn		再跌倒	i’ tih ’tao ’tsé		又跌倒者		501		true	自旧档汇入	2026-04-13T01:27:08+08:00
Retomber	Fig	Retomber malade.	再次病倒	bing’ i’ fèh tsoh		病又發作		501		true	自旧档汇入	2026-04-13T01:27:08+08:00
Retomber	Fig	Retomber dans le péché.	重蹈覆辙	i’ ’vè zu’ ’tsé		又犯罪者		501		true	自旧档汇入	2026-04-13T01:27:08+08:00
Retoucher	va	Corriger.	修改，修饰，修整	’kai		改		501		true	自旧档汇入	2026-04-13T01:27:08+08:00
Retoucher	va	Corriger.	修改，修饰，修整	’kai tseng’		改正		501		true	自旧档汇入	2026-04-13T01:27:08+08:00
Retour	sm		返回	wei(kiu,koei)lai		回（歸）來		501		true	自旧档汇入	2026-04-13T01:27:08+08:00
Retour	sm	Aller et Retour.	去和回	k‘i’ ’lao lai		去咾來		501		true	自旧档汇入	2026-04-13T01:27:08+08:00
Retour	sm	Aller et Retour.	去和回	ih wei ’tsé		一回轉		501		true	自旧档汇入	2026-04-13T01:27:08+08:00
Retour	sm	Faire un Retour sur soi-même.	反躬自省	ze’ men’ liang sin		自問良心		501		true	自旧档汇入	2026-04-13T01:27:08+08:00
Retour	sm	Payer de Retour.	报答某人	pao’ tèh		報答		501		true	自旧档汇入	2026-04-13T01:27:08+08:00
Retour	sm	Payer de Retour.	报答某人	zin goè tse pao’		循環之報		501		true	自旧档汇入	2026-04-13T01:27:08+08:00
Retourner	va	un objet.	倒转	fè kou’ lai		翻過來		501		true	自旧档汇入	2026-04-13T01:27:08+08:00
Retourner	va	un objet.	倒转	’tao ’tsé lai		倒轉來		501		true	自旧档汇入	2026-04-13T01:27:08+08:00
Retourner	vn	Retourner chez soi.	回去，回家	kiu(wei,’tsé)k‘i’		歸（回，轉）去		501		true	自旧档汇入	2026-04-13T01:27:08+08:00
Retourner	vr	Se Retourner.	转身	béh ’tsé sen lai		勃轉身來	别轉身來	501	待定	true	自旧档汇入	2026-04-13T01:27:08+08:00
Retourner	vr	Se Retourner.	转身	sié kou’ lai	zié kou’ lai	旋過來		501		true	自旧档汇入	2026-04-13T01:27:08+08:00
Retourner	vr	Se Retourner sur sa couche.	翻来翻去	fè lai fè k‘i’		翻來翻去		501		true	自旧档汇入	2026-04-13T01:27:08+08:00
Retourner	vr	Se Retourner sur sa couche.	翻来翻去	fè ’tsé foh ’tsé		翻轉覆轉		501		true	自旧档汇入	2026-04-13T01:27:08+08:00
Rétracter	vr	(Se).	收回前言，变卦	’kai ’tse		改嘴		501		true	自旧档汇入	2026-04-13T01:27:08+08:00
Rétracter	vr	(Se).	收回前言，变卦	’fè ’k‘eû		反口		501		true	自旧档汇入	2026-04-13T01:27:08+08:00
Retraite	sf		归营	seû ping		收兵		501		true	自旧档汇入	2026-04-13T01:27:08+08:00
Retraite	sf	Battre eu Retraite.	撤退	zao heû’ t‘ei’		朝後退		501		true	自旧档汇入	2026-04-13T01:27:08+08:00
Retraite	sf	Battre eu Retraite.	撤退	t‘ei’ heû		退後		501		true	自旧档汇入	2026-04-13T01:27:08+08:00
Retraite	sf	Endroit solitaire.	清静地方	ts‘ing ’zing di’ faong		清静地方		501		true	自旧档汇入	2026-04-13T01:27:08+08:00
Retraite	sf	Endroit solitaire.	清静地方	ping ts‘ing ’se ’lang		水清水冷		501		true	自旧档汇入	2026-04-13T01:27:08+08:00
Retraite	sf	Retraite.(C.).	避静，退醒	bi’ ’zing		避静		501	待定	true	自旧档汇入	2026-04-13T01:27:08+08:00
Retraite	sf	Donner la Retraite.	隐匿	’ling bi’ ’zing		領避静		501		true	自旧档汇入	2026-04-13T01:27:08+08:00
Retraite	sf	Entrer en Retraite.	进静	tsin’ ’zing		進静		501		true	自旧档汇入	2026-04-13T01:27:08+08:00
Retraite	sf	Sortir de Retraite.	出静	ts‘éh ’zing		出静		501		true	自旧档汇入	2026-04-13T01:27:08+08:00
Retraité	adj			Cf.Retiré		——		501		true	自旧档汇入	2026-04-13T01:27:08+08:00
Retranchement	sm		防御工事，障碍物	wei ziang		圍墻		501		true	自旧档汇入	2026-04-13T01:27:08+08:00
Retranchement	sm		防御工事，障碍物	gni zeng		泥城		501		true	自旧档汇入	2026-04-13T01:27:08+08:00
Retrancher	va	Ôter.	删除	zu t‘éh		除脱		501		true	自旧档汇入	2026-04-13T01:27:08+08:00
Retrancher	va	Ôter.	删除	k‘i’(’kai,’kè）t‘éh		去（改，减）脱		501		true	自旧档汇入	2026-04-13T01:27:08+08:00
Retrancher	va	Couper.	削减	keuh t‘éh		割脱		501		true	自旧档汇入	2026-04-13T01:27:08+08:00
Retrancher	va	Couper.	削减	siah t‘éh		削脱		501		true	自旧档汇入	2026-04-13T01:27:08+08:00
Rétréci	adj	Contracté.	变狭窄的	èh  ts‘èh	hèh  tsèh	狹窄		502	待定	true	自旧档汇入	2026-04-13T01:27:08+08:00
Rétréci	adj	Contracté.	变狭窄的	soh ’teu		縮短		502		true	自旧档汇入	2026-04-13T01:27:08+08:00
Rétréci	adj	Contracté.	变狭窄的	seû sen		收身		502		true	自旧档汇入	2026-04-13T01:27:08+08:00
Rétribuer	va		付工资，付报酬	pao’ tèh		報答		502		true	自旧档汇入	2026-04-13T01:27:08+08:00
Rétribuer	va		付工资，付报酬	péh kong dié		撥工錢		502		true	自旧档汇入	2026-04-13T01:27:08+08:00
Rétribution	sf.Cf.	Salaire.	工资，报酬	pao’ tèh		報答		502		true	自旧档汇入	2026-04-13T01:27:08+08:00
Rétribution	sf.Cf.	Salaire.	工资，报酬	’kou pao’		果報		502		true	自旧档汇入	2026-04-13T01:27:08+08:00
Rétrograder	sn		后退，倒退	zao heû’ t‘ei’		朝後退		502		true	自旧档汇入	2026-04-13T01:27:08+08:00
Rétrograder	sn		后退，倒退	t‘ei’ soh		退縮		502		true	自旧档汇入	2026-04-13T01:27:08+08:00
Retroussé	adj	(Nez).	翘鼻子	zao t‘ié bieh deû		朝天鼻頭		502		true	自旧档汇入	2026-04-13T01:27:08+08:00
Retrousser	va	son habit.	撩起衣服	i zaong t‘ou ’k‘i lai		衣裳拖起來		502		true	自旧档汇入	2026-04-13T01:27:08+08:00
Retrousser	va	Retrousser ses manches.	卷起袖子	zieû’ deû tsiao ih tsiao(’lou k‘i’)(’kieu ’k‘i lai)	zieû’ deû ts‘iao ih ts‘iao(’lou ’k‘i)(’kieu ’k‘i lai)	袖頭捎一捎（擄起）（捲起來）	袖子頭？一？（？起）（捲起來）	502		true	自旧档汇入	2026-04-13T01:27:08+08:00
Retrouver	va		重新找到	zong sin zin tao’(zin zah)		重新尋到（尋着）		502		true	自旧档汇入	2026-04-13T01:27:08+08:00
Rets	sm.Cf.	Filet.Piège.	（渔猎用的）网	’maong		網		502		true	自旧档汇入	2026-04-13T01:27:08+08:00
Réunion		de personnes.	聚会	zu’ wei’		聚會		502		true	自旧档汇入	2026-04-13T01:27:08+08:00
Réunion		Jour de Réunion.	会期	wei’ ghi		會期		502		true	自旧档汇入	2026-04-13T01:27:08+08:00
Réunion		Réunion d’objets.	一堆杂物	ih tei zéh wéh		一堆雜物		502		true	自旧档汇入	2026-04-13T01:27:08+08:00
Réunir	va		汇集	héh(’ping)’long lai		合（併）攏來		502		true	自旧档汇入	2026-04-13T01:27:08+08:00
Réunir	va		汇集	zu’ zih ’la ih dao		聚集拉一淘		502		true	自旧档汇入	2026-04-13T01:27:08+08:00
Réunir	vpr	Se Réunir.	合并	ts‘eû’(zu’ wei’)’long lai		凑（聚會）攏來		502		true	自旧档汇入	2026-04-13T01:27:08+08:00
Réunir	vpr	Se rejoindre.	聚集，聚会	’tseû ’long lai		走攏來		502		true	自旧档汇入	2026-04-13T01:27:08+08:00
Rêussir	vn		成功	zeng kong		成功		502		true	自旧档汇入	2026-04-13T01:27:08+08:00
Rêussir	vn	Rêussir en tout.	干什么都成功	tsou’ ih yang’ zah ih yang’		做一樣着一樣		502		true	自旧档汇入	2026-04-13T01:27:08+08:00
Rêussir	vn	Quelle espérance de Rêussir?	还有希望成功吗	è long’ teh zah ’h‘ao ts‘u’ ’va?		還弄得着好處否		502		true	自旧档汇入	2026-04-13T01:27:08+08:00
Rêvasser	vn.Cf.	Rêver.	胡思乱想	wou se leu’ ’siang		胡思亂想		502		true	自旧档汇入	2026-04-13T01:27:08+08:00
Rêve	sm		梦	maong’ [ih ke’]		夢[一个]		502		true	自旧档汇入	2026-04-13T01:27:08+08:00
Revêche	adj		性情粗暴	ghiang		强		502	待定	true	自旧档汇入	2026-04-13T01:27:08+08:00
Revêche	adj		性情粗暴	’tse ngang’		嘴硬		502		true	自旧档汇入	2026-04-13T01:27:08+08:00
Réveille-matin	sm		闹钟	’sing(’hiang)tsong [ih tsah]		醒（响）鐘 [一隻]		502	保留簡體	true	自旧档汇入	2026-04-13T01:27:08+08:00
Réveiller	va		叫醒，弄醒	long’ ’sing		弄醒		502		true	自旧档汇入	2026-04-13T01:27:08+08:00
Réveiller	va		叫醒，弄醒	kiao’ ’sing		叫醒		502		true	自旧档汇入	2026-04-13T01:27:08+08:00
Réveiller	vr	Se Réveiller.	醒来，睡醒	h‘è’ ’sing(kao’)		喊醒（覺）		502		true	自旧档汇入	2026-04-13T01:27:08+08:00
Réveiller	vr	Se Réveiller.	醒来，睡醒	kao’(’sing)’tsé lai		覺（醒）轉來		502		true	自旧档汇入	2026-04-13T01:27:08+08:00
Révélé	pp		泄露的，揭露的	lou’ ts‘éh lai		露出來		502		true	自旧档汇入	2026-04-13T01:27:08+08:00
Révélé	pp	Révélé.(C.).	默启的，天启的	meh ’k‘i ke’		默啟个		502		true	自旧档汇入	2026-04-13T01:27:08+08:00
Révéler	va	un secret.	泄密	sieh leû’ fong seng	siéh leû’ fong seng	洩漏風聲		502	待定	true	自旧档汇入	2026-04-13T01:27:08+08:00
Révéler	va	un secret.	泄密	leû’ ’k‘eû fong		漏口風		502		true	自旧档汇入	2026-04-13T01:27:08+08:00
Révéler	va	un secret.	泄密	t‘ong fong		通風		502		true	自旧档汇入	2026-04-13T01:27:08+08:00
Révéler	va	un secret.	泄密	ts‘é pang’		穿迸		502	待定	true	自旧档汇入	2026-04-13T01:27:08+08:00
Revenant	sm		幽灵，亡魂，鬼	’kiu tsoh koa’		鬼作怪		502		true	自旧档汇入	2026-04-13T01:27:08+08:00
Revenant	sm		幽灵，亡魂，鬼	yao tsing		妖精		502		true	自旧档汇入	2026-04-13T01:27:08+08:00
Revenant	sm		幽灵，亡魂，鬼	kiang se		僵屍		502		true	自旧档汇入	2026-04-13T01:27:08+08:00
Revenant-bon	sm		外快	nga’ k‘oa’		外快		502		true	自旧档汇入	2026-04-13T01:27:08+08:00
Revenant-bon	sm		外快	h‘ouo hong		花紅		502		true	自旧档汇入	2026-04-13T01:27:08+08:00
Revenant-bon	sm		外快	wei yong’		回用		502		true	自旧档汇入	2026-04-13T01:27:08+08:00
Revenant-bon	sm	N’avoir pas le moindre Revenant-bon.	没有一点外快	ih ’tié nga’ ts‘éh sih ’a m teh ke’		一點外出息也無得个	一點外出息也嘸得个	502		true	自旧档汇入	2026-04-13T01:27:08+08:00
Revendeur	sm		零售商	fè’ ’tse		販子		502		true	自旧档汇入	2026-04-13T01:27:08+08:00
Revendeur	sm		零售商	’siao fè’		小販		502		true	自旧档汇入	2026-04-13T01:27:08+08:00
Revendiquer	va		要求收回，追还	’t‘ao wè		討還		502		true	自旧档汇入	2026-04-13T01:27:08+08:00
Revendre	va		转卖	’tsé ma’		轉賣		502		true	自旧档汇入	2026-04-13T01:27:08+08:00
Revendre	va		转卖	fè’ ma’		販賣		502		true	自旧档汇入	2026-04-13T01:27:08+08:00
Revenir	vn		再来	tsai’ lai		再來		503		true	自旧档汇入	2026-04-13T01:27:08+08:00
Revenir	vn	Revenir chez soi.	回来	’tsé lai		轉來		503		true	自旧档汇入	2026-04-13T01:27:08+08:00
Revenir	vn	Revenir chez soi.	回来	kiu lai		歸來		503		true	自旧档汇入	2026-04-13T01:27:08+08:00
Revenir	vn	Revenez vite.	快点回来	k‘oa’ ’tié ’tsé lai		快点轉來		503		true	自旧档汇入	2026-04-13T01:27:08+08:00
Revenir	vn	Revenir de ses égarements.	回头改过	wei deû ’kai kou’		回頭改過		503		true	自旧档汇入	2026-04-13T01:27:08+08:00
Revenir	vn	Revenir d’une défaillance.	醒过来	’sing ’tsé lai		醒轉來		503		true	自旧档汇入	2026-04-13T01:27:08+08:00
Revenir	vn	Revenir d’un état languissant.		’kieû ’si wè wen ’tsé		九死還魂轉		503		true	自旧档汇入	2026-04-13T01:27:08+08:00
Revenir	vn			’si k‘i’ i’ wè wen		死去又還魂		503		true	自旧档汇入	2026-04-13T01:27:08+08:00
Revenir	vn	Ne pouvoir en Revenir.		véh teh ’h‘ao		勿得好		503		true	自旧档汇入	2026-04-13T01:27:08+08:00
Revenir	Fig	Ne pouvoir en Revenir.		véh ’tong		勿懂		503		true	自旧档汇入	2026-04-13T01:27:08+08:00
Revenir	Fig			’tong véh t‘eû’		懂勿透		503		true	自旧档汇入	2026-04-13T01:27:08+08:00
Revenir	Fig	Revenir sur.Changer.	改变意见	’fè pié’		反變		503		true	自旧档汇入	2026-04-13T01:27:08+08:00
Revenir	Fig	Revenir sur.Changer.	改变意见	’kai		改		503		true	自旧档汇入	2026-04-13T01:27:08+08:00
Revenir	Fig	Revenir sur.Changer.	改变意见	wo’ gni’ wo’		話二話		503		true	自旧档汇入	2026-04-13T01:27:08+08:00
Revenir	Fig	Il n’y aura plus à y Revenir.	将不再回到它	’i heû’ ’tsong véh ’kai ’tsé		以後總勿改者		503		true	自旧档汇入	2026-04-13T01:27:08+08:00
Revenir	Fig	Revenir sur son témoignage.	翻供	’kai ’k‘eû kong	’kai ’k‘eû kong’	改口供		503		true	自旧档汇入	2026-04-13T01:27:08+08:00
Revenir	Fig	Revenir sur son témoignage.	翻供	fè kong	fè kong’	翻供		503		true	自旧档汇入	2026-04-13T01:27:08+08:00
Revenir	Fig	Échoir:ce pourboire ne me revient pas.	酒钱不是我花费的	di’ ke’ ’tsieû dié ’ping véh ze’ ’ngou loh ke’		第个酒錢並勿是我落个		503		true	自旧档汇入	2026-04-13T01:27:08+08:00
Revenir	Fig	Cela revient cher.	贵的	kiu’ ke’		貴个		503		true	自旧档汇入	2026-04-13T01:27:08+08:00
Revenir	Fig	San nom ne me revient pas.		hou deû véh ts‘éh	h‘ou deû véh ts‘éh.Cf.Rappeler.	呼頭勿出		503	原注有宗教用語Cf.Rappeler.	true	自旧档汇入	2026-04-13T01:27:08+08:00
Revenir	Fig	Cela revient au même.	都一样	zi ze’ ih yang’ ke’		齊是一樣个		503		true	自旧档汇入	2026-04-13T01:27:08+08:00
Revenu	sm	Rentes.	收入，收益	tsin’ haong’(’k‘oé)		進項（款）		503		true	自旧档汇入	2026-04-13T01:27:08+08:00
Rêver	va. et vn.		做梦	tsou’ maong’		做夢		503		true	自旧档汇入	2026-04-13T01:27:08+08:00
Rêver	Fig	Rêvasser.	瞎想，乱想	waong’ se waong’ ’siang		妄思妄想		503		true	自旧档汇入	2026-04-13T01:27:08+08:00
Rêver	Fig	Rêvasser.	瞎想，乱想	maong’ ’siang		夢想		503		true	自旧档汇入	2026-04-13T01:27:08+08:00
Rêver	Fig	Déraisonner.	讲呓语，胡说	wo’ maong’ wo’		話夢話		503		true	自旧档汇入	2026-04-13T01:27:08+08:00
Rêver	Fig	Déraisonner.	讲呓语，胡说	wou wo’ lié t‘ié		胡話連天		503		true	自旧档汇入	2026-04-13T01:27:08+08:00
Réverbère	sm		天灯	t‘ié teng		天燈		503		true	自旧档汇入	2026-04-13T01:27:08+08:00
Révérence		Faire la Révérence.	作揖唱喏	ts‘aong’ ’zouo		唱喏		503		true	自旧档汇入	2026-04-13T01:27:08+08:00
Révérence		Faire la Révérence.	作揖唱喏	tsoh ih		作揖		503		true	自旧档汇入	2026-04-13T01:27:08+08:00
Révérence		Faire la Révérence.	拱手	’kong ’seû		拱手		503	原注有“Cf.Saluer.”	true	自旧档汇入	2026-04-13T01:27:08+08:00
Révérencieux	adj		尊敬的，崇敬的	’yeû ’li mao’ 		有禮貌		503		true	自旧档汇入	2026-04-13T01:27:08+08:00
Révérer	va		尊敬，崇拜	kong kieng’		恭敬		503		true	自旧档汇入	2026-04-13T01:27:08+08:00
Révérer	va		尊敬，崇拜	kieng’ ’zong		敬重		503		true	自旧档汇入	2026-04-13T01:27:08+08:00
Révérer	va		尊敬，崇拜	tsen ’zong		尊重		503		true	自旧档汇入	2026-04-13T01:27:08+08:00
Reveries	sf.pl.		胡思乱想	waong’ se waong’ ’siang		妄思妄想		503		true	自旧档汇入	2026-04-13T01:27:08+08:00
Reveries	sf.pl.		胡思乱想	maong’(k‘oen’)wo’		夢（睏）話		503		true	自旧档汇入	2026-04-13T01:27:08+08:00
Revers	sm	d’une étoffe.	反面，背面	’fè mié’		反面		503		true	自旧档汇入	2026-04-13T01:27:08+08:00
Revers	sm	Revers d’une pièce de mounaie.	铜钱背面	dong dié pei’ mié’(’mé ze’)		銅錢背面（滿字）		503		true	自旧档汇入	2026-04-13T01:27:08+08:00
Revers	sm	Revers de la main.	手背	’seû pei’		手背		503		true	自旧档汇入	2026-04-13T01:27:08+08:00
Revers	sm	Malheur.	倒霉	péh yeng’		不幸		503		true	自旧档汇入	2026-04-13T01:27:08+08:00
Revers	sm	Subir des Revers.	遭受挫折	tsao zah wè’ nè’		遭著患難		503	待定	true	自旧档汇入	2026-04-13T01:27:08+08:00
Revêtir	va	[un habit].	穿上	tsah		著		503		true	自旧档汇入	2026-04-13T01:27:08+08:00
Revêtir	va	[un habit].	穿上	ts‘é		穿		503		true	自旧档汇入	2026-04-13T01:27:08+08:00
Revêtir	va	[un habit].	穿上	p‘i		披		503		true	自旧档汇入	2026-04-13T01:27:08+08:00
Revêtir	va	Revêtir les malheureux.	给穷人衣穿	péh i zaong ’la ghiong gnen tsah		撥衣裳拉窮人著		503		true	自旧档汇入	2026-04-13T01:27:08+08:00
Revêtir	va	Revêtir un mur de chaux.	用石灰糊墙	yong’ zah hoei lai ’fen zaing	yong’ zah h‘oei lai ’fen zaing	用石灰來粉墻		503		true	自旧档汇入	2026-04-13T01:27:08+08:00
Reviser	va	[un livre].	修改，修订	sieû ’kai		修改		503		true	自旧档汇入	2026-04-13T01:27:08+08:00
Reviser	va	Reviser un procès.	翻案	fè eu’		翻案		503		true	自旧档汇入	2026-04-13T01:27:08+08:00
Revivre	vn		复活，再生	woh seng		復生		503		true	自旧档汇入	2026-04-13T01:27:08+08:00
Revivre	vn		复活，再生	woh gneu		復原		503		true	自旧档汇入	2026-04-13T01:27:08+08:00
Revivre	vn		恢复精力，重新振奋	di ’k‘i  tsing zen		提起精神		503		true	自旧档汇入	2026-04-13T01:27:08+08:00
Revoir	va		重见某人	tsai’ k‘eu’ 		再看		503		true	自旧档汇入	2026-04-13T01:27:08+08:00
Revoir	va		重见某人	tsai’ k‘eu’ kié’		再看見		503		true	自旧档汇入	2026-04-13T01:27:08+08:00
Revoir	va	Au Revoir!	再见	è’ hiéh wei’		晚歇會	晏歇會	504		true	自旧档汇入	2026-04-13T01:27:08+08:00
Revoir	va	Au Revoir!	再见	kah gnéh wei’ ’ba		隔日會罷		504		true	自旧档汇入	2026-04-13T01:27:08+08:00
Révoltant	adj	C’est Révoltant.	令人反感，令人愤慨	zéh zai’ ’t‘ao yé’		實在討厭		504		true	自旧档汇入	2026-04-13T01:27:08+08:00
Révoltant	adj	C’est Révoltant.	令人反感，令人愤慨	ze’ ’t‘i hoen t‘ié h‘eh di’	ze’ ’t‘i h‘oen t‘ié h‘eh di’	事體昏天黑地		504		true	自旧档汇入	2026-04-13T01:27:08+08:00
Révoltant	adj	C’est Révoltant.	令人反感，令人愤慨	t‘ié t‘è ’tsé		天坍者		504		true	自旧档汇入	2026-04-13T01:27:08+08:00
Révolte	sf		暴动，叛乱	ping leu’		兵亂		504		true	自旧档汇入	2026-04-13T01:27:08+08:00
Révolte	sf		暴动，叛乱	min leu’		民亂		504		true	自旧档汇入	2026-04-13T01:27:08+08:00
Révolte	sf	L’Empire en Révolte.	反抗帝国	’tsao leu’ kiang sè	’ts‘ao leu’ kiang sè	謅亂江山	造亂江山	504	待定	true	自旧档汇入	2026-04-13T01:27:08+08:00
Révolté	adj. et s.		反叛的，暴乱的	’fè leu’		反亂		504		true	自旧档汇入	2026-04-13T01:27:08+08:00
Révolté	adj. et s.	Indigné.	愤慨的，忿忿不平的	k‘i’ véh kou’		氣勿過		504		true	自旧档汇入	2026-04-13T01:27:08+08:00
Révolté	adj. et s.	Indigné.	愤慨的，忿忿不平的	k‘i’ hen’		氣恨		504		true	自旧档汇入	2026-04-13T01:27:08+08:00
Révolter	vr	(Se).	反抗，造反	zao’ ’fè		造反		504		true	自旧档汇入	2026-04-13T01:27:08+08:00
Révolter	vr	(Se).	反抗，造反	’fè(tsoh)leu’		反（作）亂		504		true	自旧档汇入	2026-04-13T01:27:08+08:00
Révolu	pp		已满的	’mé		滿		504		true	自旧档汇入	2026-04-13T01:27:08+08:00
Révolu	pp	Un an Révolu.	满一年	tsôh ih gné		足一年		504		true	自旧档汇入	2026-04-13T01:27:08+08:00
Révolution	sf	Changement de gouvernement.	改朝换代	wé’ zao dai’		换朝代		504		true	自旧档汇入	2026-04-13T01:27:08+08:00
Révolution	sf	Révolution sidérale.	恒星周	ih yun’(tseû,’tsé)		一運（周，轉）		504		true	自旧档汇入	2026-04-13T01:27:08+08:00
Révolutionnaire	sm		革命的	tsoh leu’ ke’		作亂个		504		true	自旧档汇入	2026-04-13T01:27:08+08:00
Révolutionnaire	sm		革命的	’fè bé’ ke’		反叛个		504		true	自旧档汇入	2026-04-13T01:27:08+08:00
Révolver	sm		左轮手枪	’seû ts‘iang [ih ’koé]		手槍[一管]		504		true	自旧档汇入	2026-04-13T01:27:08+08:00
Révolver	sm	Révolver à cinq(six)coups.	左轮手枪	mei h‘ouo(lôh men deû)ts‘iang		梅花（六門頭）槍		504		true	自旧档汇入	2026-04-13T01:27:08+08:00
Révoquer	va	un ordre.	废除，撤销	’kai ming’		改命		504		true	自旧档汇入	2026-04-13T01:27:08+08:00
Révoquer	va	un ordre.	废除，撤销	seû wei hao’ ling’		收回號令		504		true	自旧档汇入	2026-04-13T01:27:08+08:00
Révoquer	va	Révoquer[un fonctionnaire].	撤职，罢免	kah tseh(t‘éh)		革職（脱）		504		true	自旧档汇入	2026-04-13T01:27:08+08:00
Revue	sf	militaire.	阅兵	k‘eu’ ts‘ao		看操		504		true	自旧档汇入	2026-04-13T01:27:08+08:00
Revue	sf	Passer en Revue.	核查	ts‘èh k‘eu’		察看		504		true	自旧档汇入	2026-04-13T01:27:08+08:00
Revue	sf	Passer en Revue.	核查	’sing ts‘èh		省察		504		true	自旧档汇入	2026-04-13T01:27:08+08:00
Rez-de-chaussée	sm		建筑物底层	leû ’hao		樓下		504		true	自旧档汇入	2026-04-13T01:27:08+08:00
Rhétorique	sf		修辞学	sieû ze yah		修辭學		504		true	自旧档汇入	2026-04-13T01:27:08+08:00
Rhétorique	sf		修辞学	yong pié’ zéh	yong bié’ zéh	雍辯術		504		true	自旧档汇入	2026-04-13T01:27:08+08:00
Rhétorique	sf	Éloquence.	巧辩	’k‘eû zai		口才		504		true	自旧档汇入	2026-04-13T01:27:08+08:00
Rhinocéros	sm		犀牛	si gneû [ih tsah]		犀牛[一隻]		504		true	自旧档汇入	2026-04-13T01:27:08+08:00
Rhubarbe	sf		大黄	da’ waong		大黄		504		true	自旧档汇入	2026-04-13T01:27:08+08:00
Rhumatisme	sm		风湿病	koéh deû t‘ong’		骨頭痛		504		true	自旧档汇入	2026-04-13T01:27:08+08:00
Rhumatisme	sm		风湿病	fong séh		風濕		504		true	自旧档汇入	2026-04-13T01:27:08+08:00
Rhumatisme	sm		风湿病	koéh seu		骨酸		504		true	自旧档汇入	2026-04-13T01:27:08+08:00
Rhume	sm		感冒，伤风	k‘eh seû’ bing’		咳嗽病		504		true	自旧档汇入	2026-04-13T01:27:08+08:00
Rhume	sm	Rhume de cerveau.	鼻炎	bieh deû ’li saong fong		鼻頭裏傷風		504		true	自旧档汇入	2026-04-13T01:27:08+08:00
Rhume	sm	Prendre un Rhume.	患感冒	saong fong		傷風		504		true	自旧档汇入	2026-04-13T01:27:08+08:00
Rhume	sm	Prendre un Rhume.	患感冒	’zeû fong heu		受風塞		504		true	自旧档汇入	2026-04-13T01:27:08+08:00
Riant	adj	[Air].	喜气洋洋的	siao’ ’hi ’hi		笑嘻嘻		504	待定	true	自旧档汇入	2026-04-13T01:27:08+08:00
Riant	adj	Visage Riant.	满脸喜色	’mé mié’ ts‘en fong		滿面春風		504		true	自旧档汇入	2026-04-13T01:27:08+08:00
Riant	adj	Visage Riant.	满脸喜色	siao’ ’lié		笑臉		504		true	自旧档汇入	2026-04-13T01:27:08+08:00
Ric-à-ric	loc.adv.			véh tou véh ’sao		勿多勿少		504		true	自旧档汇入	2026-04-13T01:27:08+08:00
Ric-à-ric	loc.adv.			tseng’ ’h‘ao yong’		正好用		504		true	自旧档汇入	2026-04-13T01:27:08+08:00
Ricaner	vn		傻笑	’hi ’hi ha ha	’hi ’hi h‘a h‘a	嘻嘻哈哈		504		true	自旧档汇入	2026-04-13T01:27:08+08:00
Richard	sm		阔佬，财主	dou’ zai ’tsu gnen		大財主人		504		true	自旧档汇入	2026-04-13T01:27:08+08:00
Riche	adj		富人，富翁	zai ’tsu		財主		504		true	自旧档汇入	2026-04-13T01:27:08+08:00
Riche	adj		富人，富翁	fou’ wong	fou’ ong	富翁		504		true	自旧档汇入	2026-04-13T01:27:08+08:00
Riche	adj	Riche et noble.	富贵	fou koei’	fou’ koei’	富貴		504		true	自旧档汇入	2026-04-13T01:27:08+08:00
Riche	adj	Devenir Riche.	发财	fèh zai		發財		504		true	自旧档汇入	2026-04-13T01:27:08+08:00
Richesse	sf		钱财，财产	fou’		富		504		true	自旧档汇入	2026-04-13T01:27:08+08:00
Richesse	sf		钱财，财产	zai bah		財帛		504		true	自旧档汇入	2026-04-13T01:27:08+08:00
Richesse	sf		钱财，财产	dong dié gnen ’tse		銅錢銀子		504		true	自旧档汇入	2026-04-13T01:27:08+08:00
Richesse	sf	Ne désirer ni Richesses ni honneurs.	不求大富大贵	véh ghieû da’ fou’ da’ koei’		勿求大富大貴		504		true	自旧档汇入	2026-04-13T01:27:08+08:00
Ricin	sm	Huile de Ricin.	蓖麻	pi(dou’)mô ’tse		萆（大）麻子		505		true	自旧档汇入	2026-04-13T01:27:08+08:00
Ricin	sm	Huile de Ricin.	蓖麻	pi mô ’tse yeû		萆麻子油		505		true	自旧档汇入	2026-04-13T01:27:08+08:00
Ride	sf		皱纹	tseû’ ’kè(wen)		皺襇（紋）		505		true	自旧档汇入	2026-04-13T01:27:08+08:00
Ridé	adj		起皱纹的	’yeû tseû’ ’kè		有皺襇		505		true	自旧档汇入	2026-04-13T01:27:08+08:00
Ridé	adj	Visage Ridé.	起皱纹的面孔	mié’ ’k‘ong ’yeû tseû’ ’kè		面孔有皺襇		505		true	自旧档汇入	2026-04-13T01:27:08+08:00
Rideau	sm	de lit.	床帏	tsang’ ’tse [ih ’ting]		帳子[一頂]		505		true	自旧档汇入	2026-04-13T01:27:08+08:00
Rideau	sm	Rideau de porte.	门帘	men lié		門帘		505	保留簡體	true	自旧档汇入	2026-04-13T01:27:08+08:00
Rideau	sm	Rideau de fenêtre.	窗帘	ts‘aong lié		窗帘		505	保留簡體	true	自旧档汇入	2026-04-13T01:27:08+08:00
Ridicule	adj		可笑的，滑稽的	’h‘ao siao’		好笑		505		true	自旧档汇入	2026-04-13T01:27:08+08:00
Ridicule	adj		可笑的，滑稽的	’k‘o siao’ ke’		可笑个		505		true	自旧档汇入	2026-04-13T01:27:08+08:00
Ridiculiser	va		嘲笑	ki(hi’)saio’		譏（戲）笑		505		true	自旧档汇入	2026-04-13T01:27:08+08:00
Rien	sm		没有什么东西	m sa’		無啥	嘸啥	505		true	自旧档汇入	2026-04-13T01:27:08+08:00
Rien	sm	Il n’a Rien à lui.	一无所有	ih ’tié m sa’		一點無啥	一點嘸啥	505		true	自旧档汇入	2026-04-13T01:27:08+08:00
Rien	sm	Il n’a Rien à lui.	一无所有	ih wou ’sou ’yeû		一無所有		505		true	自旧档汇入	2026-04-13T01:27:08+08:00
Rien	sm	Ne Rien craindre.	不怕什么	véh p‘ouo’ sa’		勿怕啥		505		true	自旧档汇入	2026-04-13T01:27:08+08:00
Rien	sm	Cela ne fait Rien.	这无关紧要	véh ngai’ sa’		勿碍啥		505		true	自旧档汇入	2026-04-13T01:27:08+08:00
Rien	sm	Donner pour Rien.	免费送	bah song’		白送		505		true	自旧档汇入	2026-04-13T01:27:08+08:00
Rien	sm	Gratis.	免费送	song’ t‘éh		送脱		505		true	自旧档汇入	2026-04-13T01:27:08+08:00
Rien	sm	N’avoir Rien à manger.	没有东西吃	m sa’(m vè’)k‘ieh		無啥（無飯）吃	嘸啥（嘸飯）吃	505		true	自旧档汇入	2026-04-13T01:27:08+08:00
Rien	sm	Il ne veut Rien entendre.	他总不愿意听从	i ’tsong véh ’k‘eng t‘ing		伊總勿肯聽		505		true	自旧档汇入	2026-04-13T01:27:08+08:00
Rien	sm	En moins de Rien.	一瞬间	ih sèh ’ngè kong fou		一[目臿]眼工夫	？	505		true	自旧档汇入	2026-04-13T01:27:08+08:00
Rien	sm	Cela ne le regarde en Rien.	与他不相关	tèh i hao wou siang keu		搭伊毫無相干		505		true	自旧档汇入	2026-04-13T01:27:08+08:00
Rien	sm	Se fâcher pour un Rien.	动辄生气	wei’ ih ’ngè ’siao ze’ ’t‘i zieû’ fèh k‘i’		為一眼小事體就發氣		505		true	自旧档汇入	2026-04-13T01:27:08+08:00
Rieur	sm	Ètre Rieur.	爱说说笑笑的人	zang tsaong siao’ ke’		常庄笑个	常樁笑个	505		true	自旧档汇入	2026-04-13T01:27:08+08:00
Rigide	adj		坚硬的	ngang’		硬		505		true	自旧档汇入	2026-04-13T01:27:08+08:00
Rigide	Fig	Rigide.	严厉的，不苟的	hiong		凶		505		true	自旧档汇入	2026-04-13T01:27:08+08:00
Rigide	Fig	Rigide.	严厉的，不苟的	’kou ’pè		古板		505		true	自旧档汇入	2026-04-13T01:27:08+08:00
Rigide	Fig	Rigide.	严厉的，不苟的	gné ’kien		嚴緊		505		true	自旧档汇入	2026-04-13T01:27:08+08:00
Rigide	Fig	Rigide.	严厉的，不苟的	gné ts‘ih		嚴切		505		true	自旧档汇入	2026-04-13T01:27:08+08:00
Rigidité	sf		坚硬	ngang’		硬		505		true	自旧档汇入	2026-04-13T01:27:08+08:00
Rigidité	sf		坚硬	wè véh ’tsé		彎勿轉		505		true	自旧档汇入	2026-04-13T01:27:08+08:00
Rigole	sf		沟渠	’se keû		水溝		505		true	自旧档汇入	2026-04-13T01:27:08+08:00
Rigole	sf	Rigole à ciel ouvert.	明沟	ming keû		明溝		505		true	自旧档汇入	2026-04-13T01:27:08+08:00
Rigole	sf	Rigole à ciel ouvert.	明沟	yang keû		陽溝		505		true	自旧档汇入	2026-04-13T01:27:08+08:00
Rigole	sf	Rigole à ciel ouvert.	明沟	keû k‘ieuh		溝缺		505		true	自旧档汇入	2026-04-13T01:27:08+08:00
Rigole	sf	Rigole couverte.	阴沟	yen keû		陰溝		505		true	自旧档汇入	2026-04-13T01:27:08+08:00
Rigoureux	adj	Rude.	严酷的	li’ hai’		利害		505		true	自旧档汇入	2026-04-13T01:27:08+08:00
Rigoureux	adj	Sévère.	严格的	gné ’kien		嚴緊		505		true	自旧档汇入	2026-04-13T01:27:08+08:00
Rigueur	sf		严厉	’kien		緊		505		true	自旧档汇入	2026-04-13T01:27:08+08:00
Rigueur	sf		严厉	’ting tsen		頂真		505		true	自旧档汇入	2026-04-13T01:27:08+08:00
Rigueur	sf	C’est de Rigueur.	一定要的	’pè yao’ ke’		板要个		505		true	自旧档汇入	2026-04-13T01:27:08+08:00
Rime	sf		韵，韵脚	yun’		韵		505		true	自旧档汇入	2026-04-13T01:27:08+08:00
Rime	sf		韵，韵脚	yun’ kiah		韵脚		505		true	自旧档汇入	2026-04-13T01:27:08+08:00
Rimer	va. et vn.		押韵，合韵	èh yun’		押韵		505		true	自旧档汇入	2026-04-13T01:27:08+08:00
Rince-bouche	sm		漱口小杯	kouoh ’tse yu		㗥嘴盂	？	505		true	自旧档汇入	2026-04-13T01:27:08+08:00
Rincer	va		涮，擦洗	’daong		蕩	盪	505	待定	true	自旧档汇入	2026-04-13T01:27:08+08:00
Rincer	va		涮，擦洗	zing’		净		505		true	自旧档汇入	2026-04-13T01:27:08+08:00
Rincer	vr	Se Rincer la bouche.	漱口	kouoh ’tse(’k‘eû)		㗥嘴（口）	？	505		true	自旧档汇入	2026-04-13T01:27:08+08:00
Riposter	vn		回击，反驳	tèh yeng’		答應		505		true	自旧档汇入	2026-04-13T01:27:08+08:00
Riposter	vn		回击，反驳	wei(wè)’tse		回（還）嘴		505		true	自旧档汇入	2026-04-13T01:27:08+08:00
Rire	vn		笑	siao’		笑		505		true	自旧档汇入	2026-04-13T01:27:08+08:00
Rire	vn	Rire aux éclats.	哈哈大笑	ha ha da’ siao’	h‘a h‘a da’ siao’	哈哈大笑		505		true	自旧档汇入	2026-04-13T01:27:08+08:00
Rire	vn	Rire dans sa barbe.	暗暗发笑	sin ’li é’ siao’		心裏暗笑		505		true	自旧档汇入	2026-04-13T01:27:08+08:00
Rire	vn	Rire à contre-cœur.	强笑	’k‘iang siao’		强笑		505		true	自旧档汇入	2026-04-13T01:27:08+08:00
Rire	vn	Rire à contre-cœur.	强笑	bi siao’ gnôh véh siao’		皮笑肉勿笑		505		true	自旧档汇入	2026-04-13T01:27:08+08:00
Rire	vn	Rire de qqn.	嘲笑他人	siao’ i		笑伊		505		true	自旧档汇入	2026-04-13T01:27:08+08:00
Rire	vn	Rire de qqn.	嘲笑他人	long h‘ouo ’k‘iao	long’ h‘ouo ’k‘iao	弄花巧		505		true	自旧档汇入	2026-04-13T01:27:08+08:00
Rire	vn	Faire Rire de soi,prêterà Rire.	惹人笑	’za(’yen)gnen siao’		惹（引）人笑		505		true	自旧档汇入	2026-04-13T01:27:08+08:00
Rire	vn	Faire Rire de soi,prêterà Rire.	惹人笑	siao’ sèh		笑殺		505		true	自旧档汇入	2026-04-13T01:27:08+08:00
Ris	sm	Prendre des Ris.	收帆，缩帆	loh pé’ bong		落半篷		505		true	自旧档汇入	2026-04-13T01:27:08+08:00
Risible	adj		可笑的，好笑的	’k‘o siao’ ke’.		可笑个		506		true	自旧档汇入	2026-04-13T01:27:08+08:00
Risible	adj		可笑的，好笑的	’h‘ao siao’ ke’.		好笑个		506		true	自旧档汇入	2026-04-13T01:27:08+08:00
Risque	sm		冒……的风险	dou zao’ h‘ouo’.		图造化		506		true	自旧档汇入	2026-04-13T01:27:08+08:00
Risque	sm		有很大风险失败	zéh fen taong tsong ’yeû ’kieû fen hang véh t‘ong.		十分當中有九分行勿通		506		true	自旧档汇入	2026-04-13T01:27:08+08:00
Risque	sm		有很大风险失败	ze’ ’t‘i ’yeû li’ pih ’yeû hai’.		事體有利必有害		506		true	自旧档汇入	2026-04-13T01:27:08+08:00
Risquer	va	Hasarder.	试试看	ts‘ong’ ts‘ong’(se’ se’) k‘eu’		㧤㧤（試試）看	蹱蹱（試試）看	506		true	自旧档汇入	2026-04-13T01:27:08+08:00
Risquer	va	Courir un danger.	冒险，侥幸	mao’ ’hié.		冒險		506		true	自旧档汇入	2026-04-13T01:27:08+08:00
Risquer	va	Courir un danger.	冒险，侥幸	dou kiao yeng’.		圖僥幸		506		true	自旧档汇入	2026-04-13T01:27:08+08:00
Risquer	va	 - sa vie.	拼命	p‘in ming’.		拚命		506		true	自旧档汇入	2026-04-13T01:27:08+08:00
Risquer	va	 - sa vie.	拼命	p‘in sing’ ’souo ming’.		拚性捨命		506		true	自旧档汇入	2026-04-13T01:27:08+08:00
Rit, Rite	sm		礼节	’li.		禮		506		true	自旧档汇入	2026-04-13T01:27:08+08:00
Rit, Rite	sm		礼节	’li tsih.		禮節		506		true	自旧档汇入	2026-04-13T01:27:08+08:00
Rit, Rite	sm	Livre des -s.	礼祀	’li ki’.		禮記		506		true	自旧档汇入	2026-04-13T01:27:08+08:00
Rit, Rite	sm	Ministère des -s.	礼部	’li bou’.		禮部		506		true	自旧档汇入	2026-04-13T01:27:08+08:00
Rituel	sm	(C.).	礼节书，圣教礼规	’li tsih su.		禮節書		506		true	自旧档汇入	2026-04-13T01:27:08+08:00
Rituel	sm	(C.).	礼节书，圣教礼规	seng’ kiao’ ’li koei.		聖教禮規		506		true	自旧档汇入	2026-04-13T01:27:08+08:00
Rivage	sm		海边	’h‘ai pié.		海邊		506		true	自旧档汇入	2026-04-13T01:27:08+08:00
Rivage	sm		海边	’h‘ai t‘è.		海灘		506		true	自旧档汇入	2026-04-13T01:27:08+08:00
Rival	sm	 - dans un art.	对手	tieh(tei’) ’seû	dieh(tei’) ’seû	敵（對）手		506		true	自旧档汇入	2026-04-13T01:27:08+08:00
Rival	sm	 - dans un art.	对手	tseng zao zié ke’.		争朝前个		506		true	自旧档汇入	2026-04-13T01:27:08+08:00
Rivaliser	vn		竞争	sai’ sai’ k‘eu’		賽賽看		506		true	自旧档汇入	2026-04-13T01:27:08+08:00
Rivaliser	vn		竞争	’ts‘iang zao zié.		搶朝前		506		true	自旧档汇入	2026-04-13T01:27:08+08:00
Rivaliser	vn	Ne pouvoir - avec qqn.	敌不过	tieh véh zu’	dieh véh zu’	敵勿住		506		true	自旧档汇入	2026-04-13T01:27:08+08:00
Rivaliser	vn	Ne pouvoir - avec qqn.	敌不过	ken véh zaong’.		跟勿上		506		true	自旧档汇入	2026-04-13T01:27:08+08:00
Rivaliser	vn	Ne pouvoir - avec qqn.	敌不过	sai’ véh kou’(ts‘éh).		賽勿過（出）		506		true	自旧档汇入	2026-04-13T01:27:08+08:00
Rive	sf		岸	pié deû.		邊頭		506		true	自旧档汇入	2026-04-13T01:27:08+08:00
Rive	sf		岸	ngeu’.		岸		506		true	自旧档汇入	2026-04-13T01:27:08+08:00
Rive	sf	 - en pente.	滩	t‘è.		灘		506		true	自旧档汇入	2026-04-13T01:27:08+08:00
River	va	un clou.	紧密连接	k‘ao ting ’tsé kiah.		敲釘轉脚		506		true	自旧档汇入	2026-04-13T01:27:08+08:00
River	va	Fig. - son clou à qqn.	让自己无话可说	’se teh ze’ i wo’ véh ts‘éh sa’.		使得自伊話勿出啥		506		true	自旧档汇入	2026-04-13T01:27:08+08:00
Riverain	adj		河边的人	wou pié laong’ gnen.		河邊上人		506		true	自旧档汇入	2026-04-13T01:27:08+08:00
Rivière	sf		江	kaong.		江		506		true	自旧档汇入	2026-04-13T01:27:08+08:00
Rivière	sf		江	’kaong.		港		506		true	自旧档汇入	2026-04-13T01:27:08+08:00
Rivière	sf	Une -.	一条河	ih diao wou.		一條河		506		true	自旧档汇入	2026-04-13T01:27:08+08:00
Rixe	sf	Avoir une -.	又打又骂	siang ’tang.		相打		506		true	自旧档汇入	2026-04-13T01:27:08+08:00
Rixe	sf	Avoir une -.	又打又骂	tsou’ nao’.		做鬧		506		true	自旧档汇入	2026-04-13T01:27:08+08:00
Riz	sm	sur pied.	稻	dao’	’dao	稻		506		true	自旧档汇入	2026-04-13T01:27:08+08:00
Riz	sm	 - en balle.	谷	kôh.		穀		506		true	自旧档汇入	2026-04-13T01:27:08+08:00
Riz	sm	 - écorcé.	糙米	ts‘ao’ ’mi.		糙米		506		true	自旧档汇入	2026-04-13T01:27:08+08:00
Riz	sm	 - objet de commerce	米	’mi.		米		506		true	自旧档汇入	2026-04-13T01:27:08+08:00
Riz	sm	Laver le -.	淘米	dao ’mi.		淘米		506		true	自旧档汇入	2026-04-13T01:27:08+08:00
Riz	sm	 - cuit sec.	饭	vè’.		飯		506		true	自旧档汇入	2026-04-13T01:27:08+08:00
Riz	sm	Un bol de -.	一碗饭	ih ’wé vè’.		一碗飯		506		true	自旧档汇入	2026-04-13T01:27:08+08:00
Riz	sm	Bouillie claire de -.	稀饭、粥	hi vè’.		稀飯		506		true	自旧档汇入	2026-04-13T01:27:08+08:00
Riz	sm	Bouillie claire de -.	稀饭、粥	tsôh.		粥		506		true	自旧档汇入	2026-04-13T01:27:08+08:00
Riz	sm	Bouillie claire de -.	稀饭、粥	bôh tsôh.		薄粥		506		true	自旧档汇入	2026-04-13T01:27:08+08:00
Riz	sm	Eau (bouillon) de -.	米汤	’mi t‘aong.		米湯		506		true	自旧档汇入	2026-04-13T01:27:08+08:00
Robe	sf		襔	mé [ih ghié’].		襔[一件]		506		true	自旧档汇入	2026-04-13T01:27:08+08:00
Robe	sf	 - simple.	长衫	zang sè.		長衫		506		true	自旧档汇入	2026-04-13T01:27:08+08:00
Robe	sf	 - simple.	长衫	tè sè.		單衫		506		true	自旧档汇入	2026-04-13T01:27:08+08:00
Robe	sf	 - doublée.	袷襔	kèh mé.		夾襔		506		true	自旧档汇入	2026-04-13T01:27:08+08:00
Robe	sf	 - ouatée.	棉衣	mié mé.		棉襔		506		true	自旧档汇入	2026-04-13T01:27:08+08:00
Robe	sf	 - fourrée.	皮衣	bi mé.		皮襔		506		true	自旧档汇入	2026-04-13T01:27:08+08:00
Robe	sf	 - des bonzes.	袈裟	ka souo.		袈裟		506		true	自旧档汇入	2026-04-13T01:27:08+08:00
Robinet	sm		开关	long deû.		龍頭		506		true	自旧档汇入	2026-04-13T01:27:08+08:00
Robuste	adj		强壮的	ghia.		强		506		true	自旧档汇入	2026-04-13T01:27:08+08:00
Robuste	adj		强壮的	tsaong’ghié’.		壯健		506		true	自旧档汇入	2026-04-13T01:27:08+08:00
Robuste	adj		强壮的	ghia tsaong’.		强壯		506		true	自旧档汇入	2026-04-13T01:27:08+08:00
Robuste	adj		强壮的	’h‘ao kien koéh.		好筋骨		506		true	自旧档汇入	2026-04-13T01:27:08+08:00
Roc, Roche	sm, sf		石头	zah deû.		石頭		506		true	自旧档汇入	2026-04-13T01:27:08+08:00
Roc, Roche	sm, sf		石头	bé zah.		磐石		506		true	自旧档汇入	2026-04-13T01:27:08+08:00
Rocher	sm		大石头	dou’ zah deû.		大石頭		506		true	自旧档汇入	2026-04-13T01:27:08+08:00
Rôder	vn		走来走去	tong bao si bao.		東跑西跑		506		true	自旧档汇入	2026-04-13T01:27:08+08:00
Rôder	vn		走来走去	’tseû lai ’tseû k‘i’.		走來走去		506		true	自旧档汇入	2026-04-13T01:27:08+08:00
Rogations	sf. pl.	Prières des -.	大祈祷	dou’ ghi ’tao.		大祈禱		507		true	自旧档汇入	2026-04-13T01:27:08+08:00
Rogner	va	avec des ciseaux.	用剪刀剪	’tsié t‘éh.		剪脱		507		true	自旧档汇入	2026-04-13T01:27:08+08:00
Rogner	va	 - avec un couteau.	用刀裁	zai t‘éh.		裁脱		507		true	自旧档汇入	2026-04-13T01:27:08+08:00
Rognon	sm		肾脏	yao ’tse.		腰子		507		true	自旧档汇入	2026-04-13T01:27:08+08:00
Roi	sm		国王	kôh waong.		國王		507		true	自旧档汇入	2026-04-13T01:27:08+08:00
Roi	sm	Le - des -s.	万王之皇	vè’ waong tse waong.		萬王之皇		507		true	自旧档汇入	2026-04-13T01:27:08+08:00
Rôle	sm	du cens.	名册	wou’ ’k‘eû ts‘ah ’tse.		户口册子		507		true	自旧档汇入	2026-04-13T01:27:08+08:00
Rôle	sm	du cens.	名册	gnen ting ts‘ah.		人丁册		507		true	自旧档汇入	2026-04-13T01:27:08+08:00
Rôle	sm	Jouer le - de	装扮	tsaong pè’.		裝扮		507		true	自旧档汇入	2026-04-13T01:27:08+08:00
Rôle	sm	Fig.	当	tsou’.		做		507		true	自旧档汇入	2026-04-13T01:27:08+08:00
Rôle	sm	Fig.	当	taong.		當		507		true	自旧档汇入	2026-04-13T01:27:08+08:00
Rôle	sm	À tour de -.	轮班	len pè.		輪班		507		true	自旧档汇入	2026-04-13T01:27:08+08:00
Rôle	sm	À tour de -.	轮班	a tsou’.		挨做		507		true	自旧档汇入	2026-04-13T01:27:08+08:00
Rôle	sm	Venir à tour de -.	挨个来	a(len) zah ’lao lai.		挨（輪）着咾來		507		true	自旧档汇入	2026-04-13T01:27:08+08:00
Romaine	sf		秤	ts‘eng’.		秤		507		true	自旧档汇入	2026-04-13T01:27:08+08:00
Romaine	sf	Poids de la -.	秤砣	ts‘eng’ dou.		秤砣		507	鉈	true	自旧档汇入	2026-04-13T01:27:08+08:00
Romanisation	sf		拉丁语化	yong’ si yang ze’ fè ’k‘eû yen.		用西洋字翻口音		507	原作“用西洋字繙口音”	true	自旧档汇入	2026-04-13T01:27:08+08:00
Rome	sf		罗马	lou-’mô ’fou.		羅瑪府		507		true	自旧档汇入	2026-04-13T01:27:08+08:00
Rompre	va		拆	’deu.		斷		507		true	自旧档汇入	2026-04-13T01:27:08+08:00
Rompre	va		拆	ts‘ah.		拆		507		true	自旧档汇入	2026-04-13T01:27:08+08:00
Rompre	va	 - les reins.	打断腰	’tang ’deu yao.		打斷腰		507		true	自旧档汇入	2026-04-13T01:27:08+08:00
Rompre	va	 - un pont.	弄断桥	long’ ’deu ghiao.		弄斷橋		507		true	自旧档汇入	2026-04-13T01:27:08+08:00
Rompre	va	 - les communications.	截断路	zih ’deu lou’.		截斷路		507		true	自旧档汇入	2026-04-13T01:27:08+08:00
Rompre	va	 - les communications.	截断路	’deu ghiao zih lou’.		斷橋截路		507		true	自旧档汇入	2026-04-13T01:27:08+08:00
Rompre	va	 - avec qqn.	断绝交情	’deu ziéh kiao zing.		斷絶交情		507		true	自旧档汇入	2026-04-13T01:27:08+08:00
Rompre	va	 - avec une nation.	失和	séh wou.		失和		507		true	自旧档汇入	2026-04-13T01:27:08+08:00
Rompre	va	 - les fiançailles.	退亲	ts‘ah(t‘ei’) ts‘in.		拆（退）親		507		true	自旧档汇入	2026-04-13T01:27:08+08:00
Rompre	va	 - un contrat.	废约	fi’ yah.		廢約		507		true	自旧档汇入	2026-04-13T01:27:08+08:00
Rompre	va	 - un contrat.	废约	’hoei t‘éh bing kiu’.	’h‘oei t‘éh bing kiu’.	毁脱憑據		507		true	自旧档汇入	2026-04-13T01:27:08+08:00
Rompu	adj	aux affaires.	有经验	bè’ ze’ bè’ lai zôh sih ’la ’tsé.		辦事辦來熟悉拉者		507		true	自旧档汇入	2026-04-13T01:27:08+08:00
Rompu	adj	aux affaires.	有经验	nei’ haong.		内行		507		true	自旧档汇入	2026-04-13T01:27:08+08:00
Rompu	adj	aux affaires.	有经验	zôh ’seû.		熟手		507		true	自旧档汇入	2026-04-13T01:27:08+08:00
Rond	sm		圆	yeu k‘ieu.		圓圈		507		true	自旧档汇入	2026-04-13T01:27:08+08:00
Rond	sm		圆	k‘ieu.		圈		507		true	自旧档汇入	2026-04-13T01:27:08+08:00
Rond	adj		圆的	yeu ke’.		圓个		507		true	自旧档汇入	2026-04-13T01:27:08+08:00
Rond	adj		圆的	tih lieû yeu.		滴溜圓		507		true	自旧档汇入	2026-04-13T01:27:08+08:00
Rond	adj	Nombre -.	整数	zi deû sou’.		齊頭數		507		true	自旧档汇入	2026-04-13T01:27:08+08:00
Ronde	sf	(Faire la)	巡查	zin zouo.		巡查		507		true	自旧档汇入	2026-04-13T01:27:08+08:00
Ronde	sf	 - de nuit	巡夜	zin ya’.		巡夜		507		true	自旧档汇入	2026-04-13T01:27:08+08:00
Ronde	sf	Faire la - en frappant.	敲更	k‘ao kang.		敲更		507		true	自旧档汇入	2026-04-13T01:27:08+08:00
Ronde	sf	Faire la - en frappant.	敲更	k‘ao paong.		敲梆		507		true	自旧档汇入	2026-04-13T01:27:08+08:00
Rondeur	sf		圆的样子	yeu ke’ yang’ ’tse.		圓个樣子		507		true	自旧档汇入	2026-04-13T01:27:08+08:00
Rondeur	sf	Fig. Avoir de la -.	心直口快	faong(zeh) ke’.		方（直）个		507		true	自旧档汇入	2026-04-13T01:27:08+08:00
Rondeur	sf	Fig. Avoir de la -.	心直口快	’tse k‘oa’ sin zeh.		嘴快心直		507		true	自旧档汇入	2026-04-13T01:27:08+08:00
Ronder	vn		打鼾	’tang hoen dou.	’tang h‘oen dou	打睧瘏		507		true	自旧档汇入	2026-04-13T01:27:08+08:00
Ronger	va	[Rats].	咬、啃	’ngao wa’.		咬壞		507		true	自旧档汇入	2026-04-13T01:27:08+08:00
Ronger	va	[Rats].	咬、啃	nga t‘éh.		呀脱	齖脱	507		true	自旧档汇入	2026-04-13T01:27:08+08:00
Ronger	va	[Vers].	蛀	tsu’.		蛀		507		true	自旧档汇入	2026-04-13T01:27:08+08:00
Ronger	va	 - un os.	咬骨头	nga koéh deû.		呀骨頭	齖骨頭	507		true	自旧档汇入	2026-04-13T01:27:08+08:00
Rosaire	sm	(C.).	玫瑰经	mei koei’ kieng [ih ts‘é’].		玫瑰經[一串]		507		true	自旧档汇入	2026-04-13T01:27:08+08:00
Rose	sf		玫瑰花	mei koei’(gneuh ki’) h‘ouo.		玫瑰（月季）花		507		true	自旧档汇入	2026-04-13T01:27:08+08:00
Rose	adj et sm	Couleur -.	玫瑰色	mei koei’ seh.		玫瑰色		507		true	自旧档汇入	2026-04-13T01:27:08+08:00
Rose	adj et sm	Couleur -.	玫瑰色	dao hong.		桃紅		507		true	自旧档汇入	2026-04-13T01:27:08+08:00
Rose	adj et sm	Avoir les joues -s.	脸红的	mié’ ’k‘ong hong t‘aong t‘aong ke’		面孔紅湯湯个		507	待定	true	自旧档汇入	2026-04-13T01:27:08+08:00
Roseau	sm		芦苇	lou deû(ts‘ing) [ih ken].		蘆頭（青）[一根]		508		true	自旧档汇入	2026-04-13T01:27:08+08:00
Roseau	sm	 - pour chauffage.	芦柴	lou za.		蘆柴		508		true	自旧档汇入	2026-04-13T01:27:08+08:00
Rosée	sf		露水	lou’ ’se.		露水		508		true	自旧档汇入	2026-04-13T01:27:08+08:00
Rosse	sf		劣马	t‘ei’ loh ’mô.		退落馬		508		true	自旧档汇入	2026-04-13T01:27:08+08:00
Roter	vn		打嗝	yh.		噎		508		true	自旧档汇入	2026-04-13T01:27:08+08:00
Roter	vn		打嗝	’tang yh(oh).		打噎（噁）		508		true	自旧档汇入	2026-04-13T01:27:08+08:00
Roter	vn		打嗝	’yeû ’ai ’fou k‘i’.		有噯吺氣	有噯？氣	508	待定	true	自旧档汇入	2026-04-13T01:27:08+08:00
Rotin	sm		藤条	deng diao [ih ken].		藤條[一根]		508		true	自旧档汇入	2026-04-13T01:27:08+08:00
Rôtir	va		炒、烘	’ts‘ao.		炒		508		true	自旧档汇入	2026-04-13T01:27:08+08:00
Rôtir	va		炒、烘	hong.	h‘ong	烘		508		true	自旧档汇入	2026-04-13T01:27:08+08:00
Rôtir	va		炒、烘	tseh.		炙		508		true	自旧档汇入	2026-04-13T01:27:08+08:00
Rôtir	va		炒、烘	hiun.		熏		508		true	自旧档汇入	2026-04-13T01:27:08+08:00
Rotule	sf		髌骨	’kai sieh koéh.		盖膝骨		508	保留簡體	true	自旧档汇入	2026-04-13T01:27:08+08:00
Roturier	sm		平民的	’siao gnen ka.		小人家		508		true	自旧档汇入	2026-04-13T01:27:08+08:00
Roturier	sm		平民的	bah i gnen.		白衣人		508		true	自旧档汇入	2026-04-13T01:27:08+08:00
Roue	sf		轮子	len bé’.	len bé	輪盤		508		true	自旧档汇入	2026-04-13T01:27:08+08:00
Roue	sf		轮子	ts‘ouo len(bé’).	ts‘ouo len(bé)	車輪（盤）		508		true	自旧档汇入	2026-04-13T01:27:08+08:00
Roué	adj et sm		狡猾的，光棍的	tiao bi.		刁皮		508		true	自旧档汇入	2026-04-13T01:27:08+08:00
Roué	adj et sm		狡猾的，光棍的	koa.		乖		508		true	自旧档汇入	2026-04-13T01:27:08+08:00
Roué	adj et sm	Vieux -.	狡猾的，光棍的	koang ’koen.		光棍		508		true	自旧档汇入	2026-04-13T01:27:08+08:00
Rouer	va	de coups.	痛打	k‘ao ’tang.		敲打		508		true	自旧档汇入	2026-04-13T01:27:08+08:00
Rouer	va	de coups.	痛打	’tang ts‘ing(lè’).		打青（爛）		508		true	自旧档汇入	2026-04-13T01:27:08+08:00
Rouet	sm		纺车	’faong ts‘ouo(ts‘eu).		紡車		508		true	自旧档汇入	2026-04-13T01:27:08+08:00
Rouet	sm		纺车	’seû ts‘eu [ih bou’].		手車[一部]		508		true	自旧档汇入	2026-04-13T01:27:08+08:00
Rouge	adj et sm		红色	hong ke’.		紅个		508		true	自旧档汇入	2026-04-13T01:27:08+08:00
Rouge	adj et sm		红色	hong ngè seh.		紅顔色		508		true	自旧档汇入	2026-04-13T01:27:08+08:00
Rouge	adj et sm	Chauffeur au -.	烧红的	sao hong ke’.		燒紅个		508		true	自旧档汇入	2026-04-13T01:27:08+08:00
Rouge	adj et sm	 - vermillon.	硃红	tsu hong.		硃紅		508		true	自旧档汇入	2026-04-13T01:27:08+08:00
Rouge	adj et sm	 - pâle.	淡红	dè’ hong.		淡紅		508		true	自旧档汇入	2026-04-13T01:27:08+08:00
Rouge	adj et sm	La Mer -.	红海	hong ’h‘ai.		紅海		508		true	自旧档汇入	2026-04-13T01:27:08+08:00
Rougeâtre	adj		浅红色的	’fen hong ke’.		粉紅个		508		true	自旧档汇入	2026-04-13T01:27:08+08:00
Rougeâtre	adj		浅红色的	hong ’hiu ’hiu		紅許許		508		true	自旧档汇入	2026-04-13T01:27:08+08:00
Rougeole	sf		麻疹	ts‘éh souo ’tse.		出痧子		508		true	自旧档汇入	2026-04-13T01:27:08+08:00
Rougeole	sf		麻疹	’tsen ’tse.		疹子		508		true	自旧档汇入	2026-04-13T01:27:08+08:00
Rougir	vn		发红	’fèh hong.	fèh hong	發紅		508	印刷錯誤	true	自旧档汇入	2026-04-13T01:27:08+08:00
Rougir	vn	 - de honte.	因羞愧脸红	mié’ hong.		面紅		508		true	自旧档汇入	2026-04-13T01:27:08+08:00
Rougir	vn	 - de honte.	因羞愧脸红	t‘è ts‘ong’.		坍㧤		508		true	自旧档汇入	2026-04-13T01:27:08+08:00
Rougir	vn	Il rougit facilement.	脸容易红	mié’ ’k‘ong yong i’ hong.		面孔容易紅		508		true	自旧档汇入	2026-04-13T01:27:08+08:00
Rouille	sf		锈	sieû’.		銹		508		true	自旧档汇入	2026-04-13T01:27:08+08:00
Rouille	sf	 - du fer.	铁锈	t‘ih sieû’.		鐵銹		508		true	自旧档汇入	2026-04-13T01:27:08+08:00
Rouillé	adj		锈的	sieû’ ’tsé.		銹者		508		true	自旧档汇入	2026-04-13T01:27:08+08:00
Rouillé	adj		锈的	zaong’ sieû’ ’tsé.		上銹者		508		true	自旧档汇入	2026-04-13T01:27:08+08:00
Rouiller	vr	(Se).	生锈	zaong’ sieû’.		上銹		508		true	自旧档汇入	2026-04-13T01:27:08+08:00
Rouir	va	du chanvre.	浸泡中的大麻	tsin’ mô.		浸麻		508		true	自旧档汇入	2026-04-13T01:27:08+08:00
Rouleau	sm		卷	’kieu.		捲		508		true	自旧档汇入	2026-04-13T01:27:08+08:00
Rouleau	sm	 - de papier.	一卷纸	’kieu ’tse deû.		一捲紙頭		508		true	自旧档汇入	2026-04-13T01:27:08+08:00
Rouleau	sm	 - en pierre pour l'aire.	石棍	’koen ’tse.		輥子		508		true	自旧档汇入	2026-04-13T01:27:08+08:00
Rouleau	sm	 - en pierre pour l'aire.	石棍	zah ’koen.		石輥		508		true	自旧档汇入	2026-04-13T01:27:08+08:00
Rouleau	sm	 - pour écorcer le riz.	石碾	zah ’gné.		石碾		508		true	自旧档汇入	2026-04-13T01:27:08+08:00
Rouleau	sm	 - pour écorcer le riz.	石碾	’gné dou.		碾碡		508		true	自旧档汇入	2026-04-13T01:27:08+08:00
Rouleau	sm	 - pour écorcer le riz.	石碾	zah lei.		石擂		508		true	自旧档汇入	2026-04-13T01:27:08+08:00
Rouler	va		卷	’kieu.		捲		508		true	自旧档汇入	2026-04-13T01:27:08+08:00
Rouler	va		卷	’kieu ’long lai.		捲攏來		508		true	自旧档汇入	2026-04-13T01:27:08+08:00
Rouler	vn	 - en bas.	滚下来	’koen ’hao k‘i’.		滚下去		508		true	自旧档汇入	2026-04-13T01:27:08+08:00
Rouler	vr	Se - par terre.	滚动	’koen lai ’koen k‘i’.		滚來滚去		508		true	自旧档汇入	2026-04-13T01:27:08+08:00
Rouler	va	Se - par terre.	滚动	béh k‘ao ’tang ’koen.	béh kao ’tang ’koen	勃跤打滚		508	待定	true	自旧档汇入	2026-04-13T01:27:08+08:00
Roulis	sm		船等左右摇晃	tseh ’tsé tseh ’tsé.		側轉側轉		508		true	自旧档汇入	2026-04-13T01:27:08+08:00
Roulis	sm		船等左右摇晃	zé tsao’ lai.		船躁來		508		true	自旧档汇入	2026-04-13T01:27:08+08:00
Roupie	sf		鼻涕	bieh t‘i’.		鼻涕		508		true	自旧档汇入	2026-04-13T01:27:08+08:00
Roupie	sf	Avoir une -.	流鼻涕	lieû bieh t‘i’.		流鼻涕		508		true	自旧档汇入	2026-04-13T01:27:08+08:00
Roussi	pp		焦味	ou tsiao.		烏焦		508		true	自旧档汇入	2026-04-13T01:27:08+08:00
Roussi	pp	 - au feu.	烧焦	’h‘ou tsiao.		火焦		508		true	自旧档汇入	2026-04-13T01:27:08+08:00
Roussir	vn	Se -. vr.	烧成焦黄色	sao(long’) lai tsiao waong seh.		燒（弄）來焦黄色		508		true	自旧档汇入	2026-04-13T01:27:08+08:00
Roussette	sf		猫鲨	souo n.		鯊魚		508	原作“鯋魚”	true	自旧档汇入	2026-04-13T01:27:08+08:00
Roussette	sf	Peau de -. Chagrin.	鲨鱼皮	souo n bi.		鯊魚皮		509		true	自旧档汇入	2026-04-13T01:27:08+08:00
Route	sf		路	lou’ [ih diao].		路[一條]		509		true	自旧档汇入	2026-04-13T01:27:08+08:00
Route	sf	 - par terre.	旱路	heu’ lou’.		旱路		509		true	自旧档汇入	2026-04-13T01:27:08+08:00
Route	sf	 - par eau.	水路	’se lou’.		水路		509		true	自旧档汇入	2026-04-13T01:27:08+08:00
Route	sf	À moitié -.	在半路	’la pé’ lou’ laong’.		拉半路上		509		true	自旧档汇入	2026-04-13T01:27:08+08:00
Route	sf	À moitié -.	在半路	tsong lou’.		中路		509		true	自旧档汇入	2026-04-13T01:27:08+08:00
Route	sf	 - impériale.	官路	koé daong.		官塘		509		true	自旧档汇入	2026-04-13T01:27:08+08:00
Route	sf	 - impériale.	官路	dou’ lou’.		大路		509		true	自旧档汇入	2026-04-13T01:27:08+08:00
Route	sf	Grande -.	马路	’mô lou’.		馬路		509		true	自旧档汇入	2026-04-13T01:27:08+08:00
Route	sf	Argent de -.	盘缠，路费	bé fi’.		盤費		509		true	自旧档汇入	2026-04-13T01:27:08+08:00
Route	sf	Argent de -.	盘缠，路费	bé zé.		盤纏		509		true	自旧档汇入	2026-04-13T01:27:08+08:00
Route	sf	Argent de -.	盘缠，路费	lou’ fi’.		路費		509		true	自旧档汇入	2026-04-13T01:27:08+08:00
Route	sf	Se mettre en -.	动身	’dong sen.		動身		509		true	自旧档汇入	2026-04-13T01:27:08+08:00
Routier	sm	Carte.	公路地图	lou’ zeng dou.		路程圖		509		true	自旧档汇入	2026-04-13T01:27:08+08:00
Routier	sm	Vieux -.	老练的人	’lao kaong wou.		老江湖		509		true	自旧档汇入	2026-04-13T01:27:08+08:00
Roux	adj		橙黄色的，红棕色的	kiang waong seh.		薑黄色		509		true	自旧档汇入	2026-04-13T01:27:08+08:00
Roux	adj		橙黄色的，红棕色的	waong hong.		黄紅		509		true	自旧档汇入	2026-04-13T01:27:08+08:00
Royaume	sm		国度	kôh.		國		509		true	自旧档汇入	2026-04-13T01:27:08+08:00
Royaume	sm		国度	kôh dou’.		國度		509		true	自旧档汇入	2026-04-13T01:27:08+08:00
Ruade	sf	Lancer une -. Cf. Ruer.	脚踢	kiah t‘ih		脚踢		509	原注有“Cf.Ruer.”	true	自旧档汇入	2026-04-13T01:27:08+08:00
Ruban	sm		带	ta’ [ih ken].		帶[一根]		509		true	自旧档汇入	2026-04-13T01:27:08+08:00
Ruban	sm	Un bout de -.	一条带	ih diao ta’.		一條帶		509		true	自旧档汇入	2026-04-13T01:27:08+08:00
Rubis	sm		红宝石	hong ’pao zah.		紅寶石		509		true	自旧档汇入	2026-04-13T01:27:08+08:00
Rubrique	sf		礼部	’li tsih.		禮節		509		true	自旧档汇入	2026-04-13T01:27:08+08:00
Ruche	sf	Une - d'abeilles.	一箱蜜蜂	ih siang(’dong) mih fong.		一箱（桶）蜜蜂		509		true	自旧档汇入	2026-04-13T01:27:08+08:00
Rude	adj	Grossier.	粗糙	ts‘ou ’ts‘ao.		粗草		509		true	自旧档汇入	2026-04-13T01:27:08+08:00
Rude	adj	Âpre au toucher.	毛草	mao ’ts‘ao.		毛草		509		true	自旧档汇入	2026-04-13T01:27:08+08:00
Rude	adj	Âpre au toucher.	毛草	véh kaong t‘aong’(sang) ke’.		勿光爣（生）个	勿光？（生）个	509		true	自旧档汇入	2026-04-13T01:27:08+08:00
Rude	adj	Travail -.	重生活的	’zong sang wéh.		重生活		509		true	自旧档汇入	2026-04-13T01:27:08+08:00
Rudiment	sm		纲领	kaong ’ling.		綱領		509		true	自旧档汇入	2026-04-13T01:27:08+08:00
Rudoyer	va	les gens.	粗暴对待	’dai gnen li’ hai’(k‘eh bôh).		待人利害（刻薄）		509		true	自旧档汇入	2026-04-13T01:27:08+08:00
Rudoyer	va	les gens.	粗暴对待	ngang’ kong.		硬工		509		true	自旧档汇入	2026-04-13T01:27:08+08:00
Rue	sf		街	ka.		街		509		true	自旧档汇入	2026-04-13T01:27:08+08:00
Rue	sf		街	ka lou’(dao’) [ih diao].		街路（道）[一條]		509		true	自旧档汇入	2026-04-13T01:27:08+08:00
Rue	sf	Grande - du S. au N.	南北大路	né pôh dou’(tseng’) ka.		南北大（正）街		509		true	自旧档汇入	2026-04-13T01:27:08+08:00
Ruelle	sf		小街	’siao ka.		小街		509		true	自旧档汇入	2026-04-13T01:27:08+08:00
Ruelle	sf		小街	long’ daong.		弄堂		509	原作“衖堂”	true	自旧档汇入	2026-04-13T01:27:08+08:00
Ruelle	sf		小街	kou’ long’.		過弄		509	原作“過衖”	true	自旧档汇入	2026-04-13T01:27:08+08:00
Ruer	vn		踢，两只脚踢	t‘ih.		踢		509		true	自旧档汇入	2026-04-13T01:27:08+08:00
Ruer	vn		踢，两只脚踢	saong(’liang tsah) kiah t‘ih.		雙（兩隻）脚踢		509		true	自旧档汇入	2026-04-13T01:27:08+08:00
Rugir	vn		狮子叫	se ’tse kiao’.		獅子叫		509		true	自旧档汇入	2026-04-13T01:27:08+08:00
Rugueux	adj		凹凸不平的	véh bing.		勿平		509		true	自旧档汇入	2026-04-13T01:27:08+08:00
Rugueux	adj		凹凸不平的	ts‘ou.		粗		509		true	自旧档汇入	2026-04-13T01:27:08+08:00
Rugueux	adj		凹凸不平的	séh soh.		澀索		509		true	自旧档汇入	2026-04-13T01:27:08+08:00
Rugueux	adj		凹凸不平的	’yeû wen lou’.		有紋路		509		true	自旧档汇入	2026-04-13T01:27:08+08:00
Ruine	sf	En -.	倒塌的	t‘è fi’.		坍廢		509		true	自旧档汇入	2026-04-13T01:27:08+08:00
Ruine	sf	Menacer -.	要倒的	yao’ ’tao ’tsé.		要倒者		509		true	自旧档汇入	2026-04-13T01:27:08+08:00
Ruine	sf	Menacer -.	要倒的	yao’ t‘è loh lai ’tsé.		要坍落來者		509		true	自旧档汇入	2026-04-13T01:27:08+08:00
Ruiné	adj	Abîmé.	破坏，上海	p‘ou’ wa’.		破壞		509		true	自旧档汇入	2026-04-13T01:27:08+08:00
Ruiné	adj	Abîmé.	破坏，上海	saong hai’.		傷害		509		true	自旧档汇入	2026-04-13T01:27:08+08:00
Ruiné	adj	Fig. - totalement.	一败涂地	’liao koang.		了光		509		true	自旧档汇入	2026-04-13T01:27:08+08:00
Ruiné	adj	Fig. - totalement.	一败涂地	ih ba’ dou di’.		一敗墮地		509	待定	true	自旧档汇入	2026-04-13T01:27:08+08:00
Ruiné	adj	Fig. - totalement.	一败涂地	wang koang ’zu koang.		横光竪光		509		true	自旧档汇入	2026-04-13T01:27:08+08:00
Ruiné	adj	Qui a perdu sa fortune.	破产者	t‘è ba’ ’tsé.		坍敗者		509		true	自旧档汇入	2026-04-13T01:27:08+08:00
Ruiné	adj	 - de débauche.	放荡、荒淫	seh lao.		色癆		509		true	自旧档汇入	2026-04-13T01:27:08+08:00
Ruiner	va		拆	ts‘ah.		拆		509		true	自旧档汇入	2026-04-13T01:27:08+08:00
Ruiner	va		拆	wa’.		壞		509		true	自旧档汇入	2026-04-13T01:27:08+08:00
Ruiner	va		拆	siao miéh t‘éh.		消滅脱		509		true	自旧档汇入	2026-04-13T01:27:08+08:00
Ruiner	va	Nuire.	伤害	saong hai’.		傷害		509		true	自旧档汇入	2026-04-13T01:27:08+08:00
Ruiner	va	 - de fond en comble.	夷为平地	ts‘ah wé bing di’.		拆完平地		510		true	自旧档汇入	2026-04-13T01:27:08+08:00
Ruiner	va	 - de fond en comble.	夷为平地	miéh lai keu keu zing’ zing’(keuh keuh lih lih)		滅來乾乾净净（割割裂裂）	滅來乾乾净净（？？？？）	510		true	自旧档汇入	2026-04-13T01:27:08+08:00
Ruineux	adj	Qui menace ruine.	快坍塌的	yao’ t‘è k‘oa’ ’tsé.		要坍快者		510		true	自旧档汇入	2026-04-13T01:27:08+08:00
Ruineux	adj	Qui menace ruine.	快坍塌的	t‘è ling t‘è loh.		坍零坍落		510		true	自旧档汇入	2026-04-13T01:27:08+08:00
Ruineux	adj	Affaire ruineuse.	亏本生意	zéh ’pen sang i’.		折本生意		510		true	自旧档汇入	2026-04-13T01:27:08+08:00
Ruineux	adj	Affaire ruineuse.	亏本生意	t‘éh k‘ong ze’ ’t‘i.		脱空事體		510		true	自旧档汇入	2026-04-13T01:27:08+08:00
Ruisseau	sm		小河，水沟	’siao wou.		小河		510		true	自旧档汇入	2026-04-13T01:27:08+08:00
Ruisseau	sm		小河，水沟	’se keû.		水溝		510		true	自旧档汇入	2026-04-13T01:27:08+08:00
Ruisseau	sm		小河，水沟	yang keû.		陽溝		510		true	自旧档汇入	2026-04-13T01:27:08+08:00
Ruisseau	sm	Les petits -x font les grandes rivières.	积少成多	tsih ’sao zeng tou.		積少成多		510		true	自旧档汇入	2026-04-13T01:27:08+08:00
Ruisseler	vn		流动	lieû ’hao lai.		流下來		510		true	自旧档汇入	2026-04-13T01:27:08+08:00
Ruisseler	vn		流动	’se lih lih.		水瀝瀝		510		true	自旧档汇入	2026-04-13T01:27:08+08:00
Ruisseler	vn		流动	lin lin.		淋淋		510		true	自旧档汇入	2026-04-13T01:27:08+08:00
Ruisselant	adj	de sueur.	汗如雨下	heu’ ti ti ke’.	heu’ ti’ ti’ ke’	汗渧渧个		510		true	自旧档汇入	2026-04-13T01:27:08+08:00
Ruisselant	adj	de sueur.	汗如雨下	ziang’ ’yu.		像雨		510		true	自旧档汇入	2026-04-13T01:27:08+08:00
Rumeur	sf		谣言	yao yé.		謡言		510		true	自旧档汇入	2026-04-13T01:27:08+08:00
Rumeur	sf		谣言	fong seng.		風聲		510		true	自旧档汇入	2026-04-13T01:27:08+08:00
Rumeur	sf		谣言	’p‘iao kouo’.		標卦		510	待定	true	自旧档汇入	2026-04-13T01:27:08+08:00
Rumeur	sf	La - publique.	传闻	fong wen.		風聞		510		true	自旧档汇入	2026-04-13T01:27:08+08:00
Rumeur	sf	La - publique.	传闻	zé wen.		傳聞		510		true	自旧档汇入	2026-04-13T01:27:08+08:00
Ruminer	va		反刍	’tsé ’ts‘ao.		轉草		510		true	自旧档汇入	2026-04-13T01:27:08+08:00
Ruminer	va		反刍	’tao ziah.		倒嚼		510		true	自旧档汇入	2026-04-13T01:27:08+08:00
Ruminer	va	Fig. - une idée. Réfléchir.	仔细考虑	’tse si’ ’siang ’siang		仔細想想		510		true	自旧档汇入	2026-04-13T01:27:08+08:00
Ruminer	va	Fig. - une idée. Réfléchir.	仔细考虑	’siang lai ’siang k‘i’.		想來想去		510		true	自旧档汇入	2026-04-13T01:27:08+08:00
Ruse	sf		计策、奸计	ki’ ts‘ah.		計策		510		true	自旧档汇入	2026-04-13T01:27:08+08:00
Ruse	sf		计策、奸计	h‘ouo ’k‘iao(deû).		花巧（頭）		510		true	自旧档汇入	2026-04-13T01:27:08+08:00
Ruse	sf		计策、奸计	kiè ki’.		奸計		510		true	自旧档汇入	2026-04-13T01:27:08+08:00
Rusé	adj		狡猾的	tiao bi.		刁皮		510		true	自旧档汇入	2026-04-13T01:27:08+08:00
Rusé	adj		狡猾的	koa.		乖		510		true	自旧档汇入	2026-04-13T01:27:08+08:00
Rusé	adj		狡猾的	yeû deû.		油頭		510		true	自旧档汇入	2026-04-13T01:27:08+08:00
Rusé	adj		狡猾的	wèh ’tse.		滑嘴		510		true	自旧档汇入	2026-04-13T01:27:08+08:00
Rusé	adj		狡猾的	tiao wèh.		刁滑		510		true	自旧档汇入	2026-04-13T01:27:08+08:00
Rusé	adj		狡猾的	tsié tseu.		尖鑽		510		true	自旧档汇入	2026-04-13T01:27:08+08:00
Rusé	adj		狡猾的	kiè wèh.		奸滑		510		true	自旧档汇入	2026-04-13T01:27:08+08:00
Russe	sm		俄国人	ngou kôh gnen.		俄國人		510		true	自旧档汇入	2026-04-13T01:27:08+08:00
Russie	sf		俄罗斯	ngou kôh.		俄國人		510		true	自旧档汇入	2026-04-13T01:27:08+08:00
Russie	sf		俄罗斯	ngou-lou-se kôh.		俄羅斯國		510		true	自旧档汇入	2026-04-13T01:27:08+08:00
Russie	sf		俄罗斯	lou’-si-’ya.		露西亞		510		true	自旧档汇入	2026-04-13T01:27:08+08:00
Rustaud	sm		粗鲁的、粗俗的人	ts‘ou ’lou gnen.		粗魯人		510		true	自旧档汇入	2026-04-13T01:27:08+08:00
Rustaud	sm		粗鲁的、粗俗的人	ts‘ou ’tsen(zôh).		粗蠢（俗）		510		true	自旧档汇入	2026-04-13T01:27:08+08:00
Rustaud	sm		粗鲁的、粗俗的人	ts‘ou ghieh ke’ gnen.		粗極个人		510		true	自旧档汇入	2026-04-13T01:27:08+08:00
Rustique	adj		不文雅的，乡下的	hiang ’hao ke’.		鄉下个		510		true	自旧档汇入	2026-04-13T01:27:08+08:00
Rustique	adj		不文雅的，乡下的	véh wen ’ya ke’.		勿文雅个		510		true	自旧档汇入	2026-04-13T01:27:08+08:00
Rustre	sm		粗野的	ts‘ou ben’(’ts‘ao).		粗笨（草）		510	待定	true	自旧档汇入	2026-04-13T01:27:08+08:00
Sa	adj		他、她的	i ke’.		伊个		510		true	自旧档汇入	2026-04-13T01:27:08+08:00
Sa	adj		他、她的	ze’ i ke’.		自伊个		510		true	自旧档汇入	2026-04-13T01:27:08+08:00
Sable	sm	[Grain de -].	沙子，沙粒	souo.		沙		510		true	自旧档汇入	2026-04-13T01:27:08+08:00
Sable	sm	[Grain de -].	沙子，沙粒	souo ’tse.		沙子		510		true	自旧档汇入	2026-04-13T01:27:08+08:00
Sable	sm	[Grain de -].	沙子，沙粒	souo gni [ih lih].		沙泥[一粒]		510		true	自旧档汇入	2026-04-13T01:27:08+08:00
Sablonneux	adj	(Terrain).	沙粒	souo di’.		沙粒		510		true	自旧档汇入	2026-04-13T01:27:08+08:00
Sablier	sm		沙漏	souo ’piao(leû’) [ih tsah].		沙表（漏）[一隻]		510		true	自旧档汇入	2026-04-13T01:27:08+08:00
Sabot	sm		木鞋	moh ha(ghiah).		木鞋（屐）		510		true	自旧档汇入	2026-04-13T01:27:08+08:00
Sabot	sm	 - de cheval.	马蹄	’mô di.		馬蹄		510		true	自旧档汇入	2026-04-13T01:27:08+08:00
Sabre	sm		剑	kié	kié’	劍		510		true	自旧档汇入	2026-04-13T01:27:08+08:00
Sabre	sm		剑	tao [ih ’pouo].		刀[一把]		510		true	自旧档汇入	2026-04-13T01:27:08+08:00
Sabre	sm	Tuer qqn d'un coup de -.	一刀杀死	ih tao sèh t‘éh i.		一刀殺脱伊		510		true	自旧档汇入	2026-04-13T01:27:08+08:00
Sabrer	va	qqn.	用刀砍	yong’ tao ’k‘é(’tsè) i.		用刀砍（斬）伊		510	待定	true	自旧档汇入	2026-04-13T01:27:08+08:00
Sae	sm		口袋	dai’.		袋		510		true	自旧档汇入	2026-04-13T01:27:08+08:00
Sae	sm		口袋	’k‘eû dai’ [ih tsah].		口袋[一隻]		510		true	自旧档汇入	2026-04-13T01:27:08+08:00
Sae	sm	 - de voyage.	旅行用的袋子	bi tèh  ’tse.		皮褡子		510		true	自旧档汇入	2026-04-13T01:27:08+08:00
Sae	sm	 - de voyage.	旅行用的袋子	’lao ’hou dai’.	’lao ’h‘ou dai’	老虎袋		510		true	自旧档汇入	2026-04-13T01:27:08+08:00
Sae	sm	 - en cuir.	皮袋	bi dai’.		皮袋		510		true	自旧档汇入	2026-04-13T01:27:08+08:00
Sae	sm	 - pour literie et habits.	被套	bi’ t‘ao’.		被套		510		true	自旧档汇入	2026-04-13T01:27:08+08:00
Saccadé	adj		颠动	ts‘ong’ ts‘ong’		㧤㧤	蹱蹱	510		true	自旧档汇入	2026-04-13T01:27:08+08:00
Saccadé	adj		颠动	tié ’lao tié.		顛咾顛		510	原作“蹎咾蹎”	true	自旧档汇入	2026-04-13T01:27:08+08:00
Saccager	va		尽行掳掠	zin’ yeng ’lou liah.		盡行虜掠		511		true	自旧档汇入	2026-04-13T01:27:08+08:00
Saccager	va		尽行掳掠	sèh teh ki ’k‘ieu péh lieû.		殺得鷄犬不留		511		true	自旧档汇入	2026-04-13T01:27:08+08:00
Sacerdoce	sm		神父的地位	zen vou’ ke’ di’ wei’.		神父个地位		511		true	自旧档汇入	2026-04-13T01:27:08+08:00
Sacerdotal	adj		神父的	zen vou’ ke’.		神父个		511		true	自旧档汇入	2026-04-13T01:27:08+08:00
Sachet	sm	d'odeurs.	香袋，香荷包	hiang dai’.		香袋		511		true	自旧档汇入	2026-04-13T01:27:08+08:00
Sachet	sm	d'odeurs.	香袋，香荷包	hiang wou pao.		香荷包		511		true	自旧档汇入	2026-04-13T01:27:08+08:00
Sacoche	sf		小皮袋	’siao dai’.		小袋		511		true	自旧档汇入	2026-04-13T01:27:08+08:00
Sacoche	sf		小皮袋	’siao bi dai’.		小皮袋		511		true	自旧档汇入	2026-04-13T01:27:08+08:00
Sacré	adj		圣教礼规	seng’.		聖		511		true	自旧档汇入	2026-04-13T01:27:08+08:00
Sacrement	sm		圣事	seng’ ze’.		聖事		511		true	自旧档汇入	2026-04-13T01:27:08+08:00
Sacrement	sm	Les 7 -s.	七件圣事	ts‘ih ghié’ seng’ ze’.		七件聖事		511		true	自旧档汇入	2026-04-13T01:27:08+08:00
Sacrement	sm	Le Saint -.	圣体	seng’ ’t‘i.		聖體		511		true	自旧档汇入	2026-04-13T01:27:08+08:00
Sacrer	va		圣	seng’.		聖		511		true	自旧档汇入	2026-04-13T01:27:08+08:00
Sacrer	va	 - évêque.	圣主教	seng’ ’tsu kiao’.		聖主教		511		true	自旧档汇入	2026-04-13T01:27:08+08:00
Sacrifice	sm		献祭	tsi’.		祭		511		true	自旧档汇入	2026-04-13T01:27:08+08:00
Sacrifice	sm		献祭	tsi’ hié’.		祭獻		511		true	自旧档汇入	2026-04-13T01:27:08+08:00
Sacrifice	sm	Le saint - de la Messe.	弥撒圣祭	mi-sèh seng’ tsi’.		彌撒聖祭		511		true	自旧档汇入	2026-04-13T01:27:08+08:00
Sacrifice	sm	Offrir un - à Dieu.	祭献天主	tsi’ hié’ T‘ié ’tsu.		祭獻天主		511		true	自旧档汇入	2026-04-13T01:27:08+08:00
Sacrifice	sm	Offrir - aux Esprits.	祭神道	tsi’ zen dao‘	tsi’ zen dao’	祭神道		511	原注有“(Pa).”	true	自旧档汇入	2026-04-13T01:27:08+08:00
Sacrifice	sm	Viandes offertes en -.	祭肉	tsi’ gnôh.		祭肉		511		true	自旧档汇入	2026-04-13T01:27:08+08:00
Sacrifice	sm	Fig. Faire le - de.	甩脱	goè’(tieû) t‘éh.		甩（丢）脱	甩（摜）脱	511		true	自旧档汇入	2026-04-13T01:27:08+08:00
Sacrifice	sm	Ne pouvoir faire le - de.	舍不得、肉麻	’souo véh teh.		捨勿得		511		true	自旧档汇入	2026-04-13T01:27:08+08:00
Sacrifice	sm	Ne pouvoir faire le - de.	舍不得、肉麻	gnôh mô.		肉麻		511		true	自旧档汇入	2026-04-13T01:27:08+08:00
Sacrifier	va	Immoler.	祭祀	tsi’ ze’.		祭祀		511		true	自旧档汇入	2026-04-13T01:27:08+08:00
Sacrifier	va	Fig. - son patrimoine.	败家产	ka taong’ long’ koang.		家當弄光		511		true	自旧档汇入	2026-04-13T01:27:08+08:00
Sacrilège	sm	(C.).	亵渎圣事罪	sieh dôh seng’ ze’ ke’ zu’.		褻瀆聖事个罪		511		true	自旧档汇入	2026-04-13T01:27:08+08:00
Sacrilège	adj	(C.). Confession -.	冒告解	mao’ kao’ ’ka.		冒告解		511		true	自旧档汇入	2026-04-13T01:27:08+08:00
Sacrilège	adj	(C.). Communion -.	冒领圣体	mao’ ’ling seng’ ’t‘i.		冒領聖體		511		true	自旧档汇入	2026-04-13T01:27:08+08:00
Sacristain	sm	(C.).	教堂圣器室管理人	’koé kang i ’sou ke’.		管更衣所个		511		true	自旧档汇入	2026-04-13T01:27:08+08:00
Sacristie	sf	(C.).	教堂圣器室	kang i ’sou.		更衣所		511		true	自旧档汇入	2026-04-13T01:27:08+08:00
Sagace	adj		明白的，聪明的	ming bah ke’.		明白个		511		true	自旧档汇入	2026-04-13T01:27:08+08:00
Sagace	adj		明白的，聪明的	ts‘ong ming ke’.		聰明个		511		true	自旧档汇入	2026-04-13T01:27:08+08:00
Sagace	adj		明白的，聪明的	ling li’ ke’.		伶俐个		511		true	自旧档汇入	2026-04-13T01:27:08+08:00
Sagace	adj		明白的，聪明的	ling fèh.		靈法		511	有趣	true	自旧档汇入	2026-04-13T01:27:08+08:00
Sagacité	sf		聪明，灵巧	ling long.		玲瓏		511		true	自旧档汇入	2026-04-13T01:27:08+08:00
Sagacité	sf		聪明，灵巧	ling ’k‘iao.		靈巧		511		true	自旧档汇入	2026-04-13T01:27:08+08:00
Sagacité	sf		聪明，灵巧	ts‘ong ming.		聰明		511		true	自旧档汇入	2026-04-13T01:27:08+08:00
Sage	adj	Entendu.	识时务的	seh ze se’ ke’.		識時勢个		511		true	自旧档汇入	2026-04-13T01:27:08+08:00
Sage	adj	Entendu.	识时务的	seh se’ wou’ ke’.		識世務个		511		true	自旧档汇入	2026-04-13T01:27:08+08:00
Sage	adj	Qui se conduit bien.	正经的	tseng’ kieng.		正經		511		true	自旧档汇入	2026-04-13T01:27:08+08:00
Sage	adj	[Enfant] -.	有志气的	’yeû tse’ k‘i’.		有志氣		511		true	自旧档汇入	2026-04-13T01:27:08+08:00
Sage	adj	[Enfant] -.	有志气的	ih k‘oei t‘ié tsen	ih k‘oei’ t‘ié tsen	一塊天真		511		true	自旧档汇入	2026-04-13T01:27:08+08:00
Sage	adj	Sois -!	你要有志气	nong’ yao’ ’yeû tse’ k‘i’.		儂要有志氣		511		true	自旧档汇入	2026-04-13T01:27:08+08:00
Sage	sm		明白人，正人君子	ming bah ke’ gnen.		明白个人		511		true	自旧档汇入	2026-04-13T01:27:08+08:00
Sage	sm		明白人，正人君子	tseng’ zen kiun ’tse.		正人君子		511		true	自旧档汇入	2026-04-13T01:27:08+08:00
Sage	sm	(Pa.).	圣人	seng’ gnen.		聖人		511		true	自旧档汇入	2026-04-13T01:27:08+08:00
Sage-femme	sf		助产士	tsih(’seû) sang bou.		接（守）生婆		511	一作“收生婆” 待定	true	自旧档汇入	2026-04-13T01:27:08+08:00
Sage-femme	sf		助产士	wen bou.		穩婆		511	待定	true	自旧档汇入	2026-04-13T01:27:08+08:00
Sagesse	sf		智德	tse’ teh.		智德		511		true	自旧档汇入	2026-04-13T01:27:08+08:00
Saigner	va	un malade.	放血、流血	t‘i’ bing’ gnen faong’ hieuh.		替病人放血		512		true	自旧档汇入	2026-04-13T01:27:08+08:00
Saigner	vn		出血	ts‘éh hieuh.		出血		512		true	自旧档汇入	2026-04-13T01:27:08+08:00
Saigner	vn	 - du nez.	流鼻血	bieh deû ’li ts‘éh(’tao) hieuh.		鼻頭裏出（倒）血		512		true	自旧档汇入	2026-04-13T01:27:08+08:00
Saillant	adj	Qui dépasse.	突出的	ts‘oh ts‘éh ke’.		觸出个		512	待定	true	自旧档汇入	2026-04-13T01:27:08+08:00
Saillant	adj	Qui dépasse.	突出的	p‘ao’(déh) ts‘éh ’la ke’.		泡（凸）出拉个	？（凸）出拉个	512		true	自旧档汇入	2026-04-13T01:27:08+08:00
Saillant	adj	[Un fait].	显亮的	’hié liang’ ke’.		顯亮个		512		true	自旧档汇入	2026-04-13T01:27:08+08:00
Saillie	sf	 - de colère.	突然发火	féh zé kè koang ’h‘ou.		忽然間黆火		512		true	自旧档汇入	2026-04-13T01:27:08+08:00
Sain	adj	Sans maladie.	无病的	m bing’ ke’.		無病个	嘸病个	512		true	自旧档汇入	2026-04-13T01:27:08+08:00
Sain	adj	Sans maladie.	无病的	ghiang ghié’ ke’.		强健个		512		true	自旧档汇入	2026-04-13T01:27:08+08:00
Sain	adj	Pas nuisible à la santé.	不伤身体的	véh hai’ gnen ke’.		勿害人个		512		true	自旧档汇入	2026-04-13T01:27:08+08:00
Sain	adj	Pas nuisible à la santé.	不伤身体的	véh saong sen ’t‘i.		勿傷身體		512		true	自旧档汇入	2026-04-13T01:27:08+08:00
Saindoux	sm		熬猪油	ngao zôh tse yeû.		熬熟猪油		512		true	自旧档汇入	2026-04-13T01:27:08+08:00
Saint	adj		圣	seng’.		聖		512		true	自旧档汇入	2026-04-13T01:27:08+08:00
Saint	sm	Un -.	圣人	seng’ gnen.		聖人		512		true	自旧档汇入	2026-04-13T01:27:08+08:00
Saint	sf	Une -e.	圣女	seng’ ’gnu.		聖女		512		true	自旧档汇入	2026-04-13T01:27:08+08:00
Saisir	va		拿住，捉住	nao zu’.		拏住		512		true	自旧档汇入	2026-04-13T01:27:08+08:00
Saisir	va		拿住，捉住	tsoh(la)(’tsieû) zu’.		捉（拉）（揪）住		512	待定	true	自旧档汇入	2026-04-13T01:27:08+08:00
Saisir	va		拿住，捉住	gnèh.		捏		512		true	自旧档汇入	2026-04-13T01:27:08+08:00
Saisir	va	 - qqn par la tresse.	一把抓住	ih ’pouo ’bié ’tse ’tsieû zu’ i.		一把辮子揪住伊		512		true	自旧档汇入	2026-04-13T01:27:08+08:00
Saisir	va	Fig. Comprendre.	理解	’tong teh.		懂得		512		true	自旧档汇入	2026-04-13T01:27:08+08:00
Saisir	va	Utiliser.	顺带	zen’ ta’.		順帶		512		true	自旧档汇入	2026-04-13T01:27:08+08:00
Saisir	va	 - une occasion.	趁一个好机会	ts‘en’ ih ke’ ’h‘ao ki wei’.		趁一个好機會		512		true	自旧档汇入	2026-04-13T01:27:08+08:00
Saison	sf		季节	ki’.		季		512		true	自旧档汇入	2026-04-13T01:27:08+08:00
Saison	sf	Les 4 -s: Printemps. Été. Automne. Hiver.	四季：春、夏、秋、冬	se’ ki’,se’ ze: ts‘en; hao’; ts‘ieû; tong.		四季，四時：春；夏；秋；冬		512	格式	true	自旧档汇入	2026-04-13T01:27:08+08:00
Saison	sf	La - des pluies.	下雨的时候	loh ’yu ke’ ze heû’.		落雨个時候		512		true	自旧档汇入	2026-04-13T01:27:08+08:00
Saison	sf	Hors de -.	不及时的	véh ghiéh ze ’tsé.		勿及時者		512		true	自旧档汇入	2026-04-13T01:27:08+08:00
Saison	sf	Morte- -.	空闲的时候	k‘ong’ hè ke’ ze heû’.		空閑个時候		512		true	自旧档汇入	2026-04-13T01:27:08+08:00
Saison	sf	Morte- -.	空闲的时候	hè taong ’li.		閑當裏		512		true	自旧档汇入	2026-04-13T01:27:08+08:00
Salade	sf		凉拌生菜	sang ts‘ai’.		生菜		512		true	自旧档汇入	2026-04-13T01:27:08+08:00
Saladier	sm		沙拉盆	sang ts‘ai’ ben [ih tsah].		生菜盆[一隻]		512		true	自旧档汇入	2026-04-13T01:27:08+08:00
Salaire	sm	d'un ouvrier.	工资	kong dié.		工錢		512		true	自旧档汇入	2026-04-13T01:27:08+08:00
Salaire	sm	d'un ouvrier.	工资	kong ka’.		工價		512		true	自旧档汇入	2026-04-13T01:27:08+08:00
Salaire	sm	 - d'un employé.	薪俸	sin fong’.		辛俸		512		true	自旧档汇入	2026-04-13T01:27:08+08:00
Salaire	sm	 - d'un porteur de fardeaux.	搬运工的工资	lih dié.		力錢		512		true	自旧档汇入	2026-04-13T01:27:08+08:00
Salaire	sm	 - d'un porteur de cadeaux.	送礼的钱	kiah dié.		脚錢		512		true	自旧档汇入	2026-04-13T01:27:08+08:00
Salaire	sm	 - d'un porteur de lettres.	送信的钱	sin’ dié.		信錢		512		true	自旧档汇入	2026-04-13T01:27:08+08:00
Salaire	sm	 - d'un soldat. Solde.	军饷	liang.		粮		512	保留簡體	true	自旧档汇入	2026-04-13T01:27:08+08:00
Salaire	sm	 - d'un soldat. Solde.	军饷	kiun(ping) ’hiang.		軍（兵）餉		512		true	自旧档汇入	2026-04-13T01:27:08+08:00
Salangane	sf		燕子	yé’ ’tse.		燕子		512		true	自旧档汇入	2026-04-13T01:27:08+08:00
Sale	adj		龌龊，邋遢	oh ts‘oh.		齷齪		512		true	自旧档汇入	2026-04-13T01:27:08+08:00
Sale	adj		龌龊，邋遢	lèh t‘èh.		邋遢		512		true	自旧档汇入	2026-04-13T01:27:08+08:00
Sale	adj	Fig. Paroles -s.	说话不干净	véh kiéh zing’ ke’ seh wo’.		勿潔净个説話		512		true	自旧档汇入	2026-04-13T01:27:08+08:00
Salé	adj		咸的、腌的	hè.		鹹		512		true	自旧档汇入	2026-04-13T01:27:08+08:00
Salé	adj		咸的、腌的	yé.		醃		512		true	自旧档汇入	2026-04-13T01:27:08+08:00
Salé	adj	Viande -e.	咸肉、腊肉	hè gnôh.		鹹肉		512		true	自旧档汇入	2026-04-13T01:27:08+08:00
Salé	adj	Viande -e.	咸肉、腊肉	lèh gnôh.		臘肉		512		true	自旧档汇入	2026-04-13T01:27:08+08:00
Salé	adj	Légumes -s.	咸菜	hè ts‘ai’.		鹹菜		512		true	自旧档汇入	2026-04-13T01:27:08+08:00
Salé	adj	Légumes -s.	咸菜	yé tsi ts‘ai’.		醃齏菜		512	待定	true	自旧档汇入	2026-04-13T01:27:08+08:00
Saler	va		放盐	faong’ yé.		放鹽		512		true	自旧档汇入	2026-04-13T01:27:08+08:00
Saler	va		腌	yé.		醃		512		true	自旧档汇入	2026-04-13T01:27:08+08:00
Saleté	sf		龌龊	oh ts‘oh.		齷齪		512		true	自旧档汇入	2026-04-13T01:27:08+08:00
Saleté	sf		龌龊	lei’.		累		512		true	自旧档汇入	2026-04-13T01:27:08+08:00
Saleté	sf	Crasse.	污秽、恶劣	yeû gni.		油泥		512		true	自旧档汇入	2026-04-13T01:27:08+08:00
Salière	sf		盐盆	yé ben.		鹽盆		513		true	自旧档汇入	2026-04-13T01:27:08+08:00
Salière	sf		盐盆	yé pei [ih tsah].		鹽杯		513		true	自旧档汇入	2026-04-13T01:27:08+08:00
Salir	va		弄脏	long’ oh ts‘oh.		弄齷齪		513		true	自旧档汇入	2026-04-13T01:27:08+08:00
Salir	va		弄脏	bang’ lèh t‘èh.		碰邋遢		513		true	自旧档汇入	2026-04-13T01:27:08+08:00
Salir	va		弄脏	t‘èh lei’.		搨累		513		true	自旧档汇入	2026-04-13T01:27:08+08:00
Salive	sf		口水	zè t‘ou’.		湛唾		513		true	自旧档汇入	2026-04-13T01:27:08+08:00
Salive	sf		口水	zè t‘ou’ ’se.		湛唾水		513		true	自旧档汇入	2026-04-13T01:27:08+08:00
Salle	sf		房间	daong.		堂		513		true	自旧档汇入	2026-04-13T01:27:08+08:00
Salle	sf		房间	t‘ing [ih tsah].		廳[一隻]		513		true	自旧档汇入	2026-04-13T01:27:08+08:00
Salle	sf	 - de réception.	客厅	k‘ah daong.		客堂		513		true	自旧档汇入	2026-04-13T01:27:08+08:00
Salle	sf	 - de réception.	客厅	k‘ah t‘ing.		客廳		513		true	自旧档汇入	2026-04-13T01:27:08+08:00
Salle	sf	 - de réception.	客厅	k‘ah wei’ kè.		客位間		513		true	自旧档汇入	2026-04-13T01:27:08+08:00
Salle	sf	 - de réception des mandarins.	官厅	koé t‘ing.		官廳		513		true	自旧档汇入	2026-04-13T01:27:08+08:00
Salle	sf	 - à manger.	饭厅	k‘ieh vè’ kè.		吃飯間		513		true	自旧档汇入	2026-04-13T01:27:08+08:00
Salle	sf	 - à manger.	饭厅	vè’ t‘ing.		飯廳		513		true	自旧档汇入	2026-04-13T01:27:08+08:00
Salle	sf	 - de récréation.	散心间	sè’ sin kè.		散心間		513		true	自旧档汇入	2026-04-13T01:27:08+08:00
Salle	sf	 - des ancêtres.	祠堂	ze daong.		祠堂		513		true	自旧档汇入	2026-04-13T01:27:08+08:00
Salon	sm		厅、花厅	t‘ing.		廳		513		true	自旧档汇入	2026-04-13T01:27:08+08:00
Salon	sm		厅、花厅	h‘ouo t‘ing.		花廳		513		true	自旧档汇入	2026-04-13T01:27:08+08:00
Salpêtre	sm		硝石	’h‘ou siao.		火硝		513		true	自旧档汇入	2026-04-13T01:27:08+08:00
Salpêtre	sm		硝石	’keû ’se siao	’keû se siao	垢尿硝		513	待定	true	自旧档汇入	2026-04-13T01:27:08+08:00
Salpêtre	sm	Salpêtré.	硝	siao.		硝		513		true	自旧档汇入	2026-04-13T01:27:08+08:00
Salpêtrière	sf		硝厂	siao ’ts‘ang.		硝廠		513		true	自旧档汇入	2026-04-13T01:27:08+08:00
Salsifis	sm		西洋山药	si yang sè yah.		西洋山藥		513		true	自旧档汇入	2026-04-13T01:27:08+08:00
Saltimbanque	sm		街头卖艺者	ts‘éh hi’ fèh ke’	ts‘èh hi’ fèh ke’	出戲法个		513	待定	true	自旧档汇入	2026-04-13T01:27:08+08:00
Saltimbanque	sm		街头卖艺者	’siao h‘ouo ’lié.		小花臉		513		true	自旧档汇入	2026-04-13T01:27:08+08:00
Salubre	adj		卫生的	’yang sen ke’.		養身个		513		true	自旧档汇入	2026-04-13T01:27:08+08:00
Salubre	adj	Climat -.	水土好	’se ’t‘ou ’h‘ao.		水土好		513		true	自旧档汇入	2026-04-13T01:27:08+08:00
Saluer	va		打招呼	maong’ maong’		望望		513		true	自旧档汇入	2026-04-13T01:27:08+08:00
Saluer	va		打招呼	heû’ heû’		候候		513		true	自旧档汇入	2026-04-13T01:27:08+08:00
Saluer	va		打招呼	pa’ maong’.		拜望		513		true	自旧档汇入	2026-04-13T01:27:08+08:00
Saluer	va	 - qqn.	向……打招呼	’ts‘ing i eu.		請伊安		513		true	自旧档汇入	2026-04-13T01:27:08+08:00
Saluer	va	Veuillez le - de ma part.	你替我看看他	nong’ t‘i’ ’ngou maong’ maong’ i		儂替我望望伊		513		true	自旧档汇入	2026-04-13T01:27:08+08:00
Saluer	va	Je vous salue.	向您问好	maong’ maong’ nong’		望望儂		513		true	自旧档汇入	2026-04-13T01:27:08+08:00
Saluer	va	 - les mains jointes. (salut familier).	拱手	’kong ’seû		拱手		513	原注有“(salut familier).”	true	自旧档汇入	2026-04-13T01:27:08+08:00
Saluer	va	 - de la tête.	伛头	eû deû.		伛頭		513		true	自旧档汇入	2026-04-13T01:27:08+08:00
Saluer	va	 - en rapprochant les mains, avec inclination.	作揖	tsoh ih.		作揖		513		true	自旧档汇入	2026-04-13T01:27:08+08:00
Saluer	va	 - inclination profonde.	唱喏	ts‘aong’ ’zouo.		唱喏		513		true	自旧档汇入	2026-04-13T01:27:08+08:00
Saluer	va	 - prostration.	磕头	k‘éh deû.		嗑頭	磕頭	513		true	自旧档汇入	2026-04-13T01:27:08+08:00
Salut	va		救	kieû’.		救		513		true	自旧档汇入	2026-04-13T01:27:08+08:00
Salut	va	Plus de - à espérer.	没救的人	m kieû’ ’tsé.		無救者	嘸救者	513		true	自旧档汇入	2026-04-13T01:27:08+08:00
Salut	va	(C.). Faire son -.	救自己的灵魂	kieû’ ze’ ka ke’ ling wen.		救自家个靈魂		513		true	自旧档汇入	2026-04-13T01:27:08+08:00
Salut	va	Travailler au - de son âme.	出力救自己的灵魂	ts‘éh(’mié) lih kieû’ ze’ ka ke’ ling wen.		出（勉）力救自家个靈魂		513	省略法一律補充	true	自旧档汇入	2026-04-13T01:27:08+08:00
Salut	va	Bénédiction du St S.	圣体降幅	seng’ ’t‘i kiang’ foh.		聖體降福		513		true	自旧档汇入	2026-04-13T01:27:08+08:00
Salutation	sf	Cf. Saluer. 	请安说话，打拱作揖	’ts‘ing eu ke’ seh wo’.		請安个説話		513		true	自旧档汇入	2026-04-13T01:27:08+08:00
Salutation	sf	Cf. Saluer. 	请安说话，打拱作揖	’tang ’kong tsoh ih.		打拱作揖		513		true	自旧档汇入	2026-04-13T01:27:08+08:00
Salutation	sf	Cf. Saluer. 	请安说话，打拱作揖	pa’.		拜		513		true	自旧档汇入	2026-04-13T01:27:08+08:00
Salutation	sf	Présenter ses -s.	请安问好	pa’ maong’.		拜望		513		true	自旧档汇入	2026-04-13T01:27:08+08:00
Salutation	sf	Présenter ses -s.	请安问好	’ts‘ing eu.		請安		513		true	自旧档汇入	2026-04-13T01:27:08+08:00
Samedi	sm	(Pr.).	星期六	tsé ’li ts‘ih.		瞻禮七		513		true	自旧档汇入	2026-04-13T01:27:08+08:00
Samedi	sm	(Pr.).	星期日	’li pa’ lôh.		禮拜六		513		true	自旧档汇入	2026-04-13T01:27:08+08:00
Samedi	sm	 - saint.	望复活	maong’ woh wéh.		望復活		513		true	自旧档汇入	2026-04-13T01:27:08+08:00
Sampan	sm		舢板	sè ’pè.		舢板		513		true	自旧档汇入	2026-04-13T01:27:08+08:00
Samshou	sm		高粱烧酒	kao liang sao ’tsieû.		高粱燒酒		514		true	自旧档汇入	2026-04-13T01:27:08+08:00
Sanctifier	va		让人成圣	’se teh gnen zeng seng’.		使得人成聖		514		true	自旧档汇入	2026-04-13T01:27:08+08:00
Sanctifier	va	 - dimanches et fêtes.	守好主日和大瞻礼	’seû ’h‘ao ’tsu gnéh ’lao dou’ tsé ’li.		守好主日咾大瞻禮		514		true	自旧档汇入	2026-04-13T01:27:08+08:00
Sanctifier	vr	Se -. Devenir saint.	成功圣人	sieû zeng.		修成		514		true	自旧档汇入	2026-04-13T01:27:08+08:00
Sanctifier	vr	Se -. Devenir saint.	成功圣人	zeng kong seng’ gnen.		成功聖人		514		true	自旧档汇入	2026-04-13T01:27:08+08:00
Sanction	sf		刑罚	yeng vèh.		刑罰		514		true	自旧档汇入	2026-04-13T01:27:08+08:00
Sanctionner	va		应许、准	’tsen.		准		514		true	自旧档汇入	2026-04-13T01:27:08+08:00
Sanctionner	va		应许、准	yeng’ ’hiu.		應許		514		true	自旧档汇入	2026-04-13T01:27:08+08:00
Sanctuaire	sm	d'église.	弥撒间、祷座	mi-sèh kè.		彌撒間		514	符号	true	自旧档汇入	2026-04-13T01:27:08+08:00
Sanctuaire	sm	d'église.	弥撒间、祷座	’tao ’zou.		禱座		514		true	自旧档汇入	2026-04-13T01:27:08+08:00
Sang	sm		血	hieuh.		血		514		true	自旧档汇入	2026-04-13T01:27:08+08:00
Sang	sm	Couleur de -.	血红色	hieuh hong.		血紅		514		true	自旧档汇入	2026-04-13T01:27:08+08:00
Sang	sm	Être mis tout en -.	打到皮破血流	’tang lai bi p‘ou’ hieuh lieû.		打來皮破血流		514		true	自旧档汇入	2026-04-13T01:27:08+08:00
Sang-froid	sm		不慌不忙，从容不迫的	véh hoang véh maong.	véh h‘oang véh maong	勿慌勿忙		514		true	自旧档汇入	2026-04-13T01:27:08+08:00
Sang-froid	sm		不慌不忙，从容不迫的	tsong tsong yong yong.	ts‘ong ts‘ong yong yong	從從容容		514		true	自旧档汇入	2026-04-13T01:27:08+08:00
Sangle	sf		皮带，帆布袋	’dou ta’ [ih diao].		肚帶[一條]		514		true	自旧档汇入	2026-04-13T01:27:08+08:00
Sangler	va	[un animal].	绷带	tsaong ’dou ta’.		裝肚帶		514		true	自旧档汇入	2026-04-13T01:27:08+08:00
Sanglier	sm		野猪	’ya tse lou [ih tsah].		野猪獹[一隻]		514		true	自旧档汇入	2026-04-13T01:27:08+08:00
Sanglot	sm		呜咽，啜泣	véh ts‘éh seng ke’ k‘ôh.		勿出聲个哭		514		true	自旧档汇入	2026-04-13T01:27:08+08:00
Sangloter	vn		抽抽嗒嗒地哭	da’(dou’) k‘ôh.		大哭		514		true	自旧档汇入	2026-04-13T01:27:08+08:00
Sangloter	vn		抽抽嗒嗒地哭	men’ seng da’ k‘ôh.		悶聲大哭		514		true	自旧档汇入	2026-04-13T01:27:08+08:00
Sangsue	sf		蚂蝗	’mô waong [ih diao].		螞蝗[一隻]		514		true	自旧档汇入	2026-04-13T01:27:08+08:00
Sans	prép		无病的	m(wou).		無	嘸（無）	514		true	自旧档汇入	2026-04-13T01:27:08+08:00
Sans	prép		无病的	m teh.		無得	嘸得	514		true	自旧档汇入	2026-04-13T01:27:08+08:00
Sans	prép	 - doute.	自然，毋庸置疑	ze’ zé.		自然		514		true	自旧档汇入	2026-04-13T01:27:08+08:00
Sans	prép	 - doute.	自然，毋庸置疑	véh ts‘ouo’.		勿錯		514		true	自旧档汇入	2026-04-13T01:27:08+08:00
Sans	prép	 - doute.	自然，毋庸置疑	m sa’ gni woh.		無啥疑惑	嘸啥疑惑	514		true	自旧档汇入	2026-04-13T01:27:08+08:00
Santal	sm	Sandal.	檀香木	dè hiang moh.		檀香木		514		true	自旧档汇入	2026-04-13T01:27:08+08:00
Santé	sf	Bonne -.	健康	ghia.		强		514		true	自旧档汇入	2026-04-13T01:27:08+08:00
Santé	sf	Bonne -.	健康	hao wou mao bing’.		毫無毛病		514		true	自旧档汇入	2026-04-13T01:27:08+08:00
Santé	sf	Jouir d'une bonne -.	身体爽快	sen ’t‘i ’saong k‘oa’(k‘i’).		身體爽快（氣）		514		true	自旧档汇入	2026-04-13T01:27:08+08:00
Santé	sf	Prendre soin de sa -.	保重身体	’pao ’zong sen ’t‘i.		保重身體		514		true	自旧档汇入	2026-04-13T01:27:08+08:00
Santé	sf	Refaire sa -.	补血气	’pou hieuh k‘i’.		補血氣		514		true	自旧档汇入	2026-04-13T01:27:08+08:00
Santé	sf	 - faible.	身体虚弱	véh ghia.		勿强		514		true	自旧档汇入	2026-04-13T01:27:08+08:00
Santé	sf	 - faible.	身体虚弱	sen ’t‘i ’gneu(hiu) zah.		身體軟（虚）弱		514		true	自旧档汇入	2026-04-13T01:27:08+08:00
Santé	sf	 - faible.	身体虚弱	ts‘ang’ véh ’k‘i.		撑勿起		514		true	自旧档汇入	2026-04-13T01:27:08+08:00
Santé	sf	Ruiner la -.	伤害健康	hai’(wa’) sen ’t‘i.		害（壞）身體		514		true	自旧档汇入	2026-04-13T01:27:08+08:00
Santé	sf	Ruiner la -.	伤害健康	tsou’ saong.		做傷		514		true	自旧档汇入	2026-04-13T01:27:08+08:00
Santé	sf	Ruiner la -.	伤害健康	k‘ieh wa’.		吃壞		514		true	自旧档汇入	2026-04-13T01:27:08+08:00
Santé	sf	Comment va votre -? 	你身体怎么样？好得很！	’h‘ao ’la ’va? ih hiang’ te i’.		好拉否？一向得意		514	待定 格式	true	自旧档汇入	2026-04-13T01:27:08+08:00
Santé	sf	Bonne -!	希望你健康	maong’ nong’ sen ghié.		望儂身健		514		true	自旧档汇入	2026-04-13T01:27:08+08:00
Santé	sf	Boire à la -[de qqn].	祝寿	tsôh zeû’.		祝壽		514		true	自旧档汇入	2026-04-13T01:27:08+08:00
Saoul	adj	Cf. Soûl.		——		——		514	空缺	true	自旧档汇入	2026-04-13T01:27:08+08:00
Sapèque	sf		铜钱	dong dié.		銅錢		514		true	自旧档汇入	2026-04-13T01:27:08+08:00
Sapèque	sf	3 sap. 1/2.	两个半	’liang kou’ pé’.		兩箇半		514		true	自旧档汇入	2026-04-13T01:27:08+08:00
Sapèque	sf	Fausse -.	伪造，假钞	se tsu’ dong dié.		私鑄銅錢		514		true	自旧档汇入	2026-04-13T01:27:08+08:00
Sapèque	sf	Fausse -.	伪造，假钞	mao dié.		毛錢		514		true	自旧档汇入	2026-04-13T01:27:08+08:00
Sapèque	sf	 - en papier.	纸钱	’tse zié(’ding).		紙錢（錠）		514		true	自旧档汇入	2026-04-13T01:27:08+08:00
Sapèque	sf	En brûler pour les morts.	烧纸钱	sao(h‘ouo’) ’tse zié.		燒（化）紙錢		514		true	自旧档汇入	2026-04-13T01:27:08+08:00
Saphir	sm		蓝宝石	lè ’pao zah.		藍寶石		515		true	自旧档汇入	2026-04-13T01:27:08+08:00
Sapin	sm		冷杉	sè moh.		杉木		515		true	自旧档汇入	2026-04-13T01:27:08+08:00
Sapin	sm		冷杉	yang song.		洋松		515		true	自旧档汇入	2026-04-13T01:27:08+08:00
Sarcelle	sf		野鸭	’se(yeû) wou lou [ih tsah].		水（油）胡盧[一隻]		515	待定	true	自旧档汇入	2026-04-13T01:27:08+08:00
Sarceler	va		除草	bèh ’ts‘ao.		拔草		515		true	自旧档汇入	2026-04-13T01:27:08+08:00
Sarceler	va		除草	yun ’ts‘ao.		耘草		515		true	自旧档汇入	2026-04-13T01:27:08+08:00
Sarceler	va	 - le coton.	打棉花	t‘euh h‘ouo.		捝花		515	待定	true	自旧档汇入	2026-04-13T01:27:08+08:00
Sardonique	adj	(Rire).	冷笑	’lang siao’.		冷笑		515		true	自旧档汇入	2026-04-13T01:27:08+08:00
Sarment	sm		葡萄藤	peh dao deng.	beh dao deng	葡萄藤		515		true	自旧档汇入	2026-04-13T01:27:08+08:00
Sarrasin	sm	Blé noir.	荞麦	ghiao mah.		蕎麥		515		true	自旧档汇入	2026-04-13T01:27:08+08:00
Sas	sm	Tamis.	罗筛	pang se.		綳篩	綳簁	515		true	自旧档汇入	2026-04-13T01:27:08+08:00
Sas	sm	Tamis.	罗筛	lou se.		籮篩	籮簁	515		true	自旧档汇入	2026-04-13T01:27:08+08:00
Sas	sm	Claie.	筛子	sa ’tse.		簁子	篩子	515		true	自旧档汇入	2026-04-13T01:27:08+08:00
Satan	sm		撒旦，魔鬼	souo-tè.		娑殫		515		true	自旧档汇入	2026-04-13T01:27:08+08:00
Satan	sm		撒旦，魔鬼	mô ’kiu.		魔鬼		515		true	自旧档汇入	2026-04-13T01:27:08+08:00
Satellite	sm		衙役、差役	nga yôh.		衙役		515		true	自旧档汇入	2026-04-13T01:27:08+08:00
Satellite	sm		衙役、差役	ts‘a yôh.		差役		515		true	自旧档汇入	2026-04-13T01:27:08+08:00
Satellite	sm		衙役、差役	kong gnen.		公人		515		true	自旧档汇入	2026-04-13T01:27:08+08:00
Satellite	sm	 - cherchant les malfaiteurs.	差人	’bou pè.	bou’ pè.	捕班		515		true	自旧档汇入	2026-04-13T01:27:08+08:00
Satellite	sm	 - cherchant les malfaiteurs.	差人	ts‘a gnen.		差人		515		true	自旧档汇入	2026-04-13T01:27:08+08:00
Satellite	sm	 - à chapeau rouge.	红色帽子的衙役	hong pè.		紅班		515		true	自旧档汇入	2026-04-13T01:27:08+08:00
Satellite	sm	 - à chapeau noir.	黑色帽子的衙役	’zao di’.		皂隸		515		true	自旧档汇入	2026-04-13T01:27:08+08:00
Satellite	sm	Habitation des -s.	班房	pè waong.		班房		515		true	自旧档汇入	2026-04-13T01:27:08+08:00
Satellite	sm	(Astronomie).	小行星、月亮	kia’ sing.		价星		515	待定	true	自旧档汇入	2026-04-13T01:27:08+08:00
Satellite	sm	(Astronomie).	小行星、月亮	’siao hang sing.		小行星		515		true	自旧档汇入	2026-04-13T01:27:08+08:00
Satellite	sm	(Astronomie).	小行星、月亮	gneuh.		月		515		true	自旧档汇入	2026-04-13T01:27:08+08:00
Satiété	sf	Manger à -.	吃饱	k‘ieh ’pao.		吃飽		515		true	自旧档汇入	2026-04-13T01:27:08+08:00
Satiété	sf	Manger à -.	吃饱	k‘ieh lai yé’ deu’.		吃來厭透		515		true	自旧档汇入	2026-04-13T01:27:08+08:00
Satin	sm		缎子	deu’ ’tse.		緞子		515		true	自旧档汇入	2026-04-13T01:27:08+08:00
Satin	sm		缎子	ling ’tse.		綾子		515		true	自旧档汇入	2026-04-13T01:27:08+08:00
Satin	sm	 - broché.	花缎	h‘ouo deu’.		花緞		515		true	自旧档汇入	2026-04-13T01:27:08+08:00
Satire	sf		讥讽	ki ’fong.		譏諷		515		true	自旧档汇入	2026-04-13T01:27:08+08:00
Satire	sf		讥讽	wo’ ’lang wo’.		話冷話		515		true	自旧档汇入	2026-04-13T01:27:08+08:00
Satisfaction	sf		称心，满意	ziang’ sin seh i’.		像心適意		515		true	自旧档汇入	2026-04-13T01:27:08+08:00
Satisfaction	sf		称心，满意	’yeû ts‘u’.		有趣		515		true	自旧档汇入	2026-04-13T01:27:08+08:00
Satisfaction	sf	Avoir toute - à.	称心，心满意足	sin ’mé i’ tsôh.		心滿意足		515		true	自旧档汇入	2026-04-13T01:27:08+08:00
Satisfaction	sf	Avoir toute - à.	称心，心满意足	ts‘eng’ sin.		稱心		515		true	自旧档汇入	2026-04-13T01:27:08+08:00
Satisfaire	va		让人满意	’se gnen tsong’ i’.		使人中意		515		true	自旧档汇入	2026-04-13T01:27:08+08:00
Satisfaire	va	 - le cœur de l'homme.	合人心	’mé gnen ke’ sin.		滿人个心		515		true	自旧档汇入	2026-04-13T01:27:08+08:00
Satisfaire	va	 - ses parents.	顺从父母	zen’ zong vou’ ’mou.		順從父母		515		true	自旧档汇入	2026-04-13T01:27:08+08:00
Satisfaire	va	 - ses créanciers.	还钱	wè gnen dong dié.		還人銅錢		515		true	自旧档汇入	2026-04-13T01:27:08+08:00
Satisfaire	vn	 - pour ses péchés.	赎罪	’pou zôh zu’.		補贖罪		515		true	自旧档汇入	2026-04-13T01:27:08+08:00
Satisfaisant	adj		还好的，可以的	’k‘o ’i.		可以		515		true	自旧档汇入	2026-04-13T01:27:08+08:00
Satisfaisant	adj		还好的，可以的	è seu’ ’h‘ao.		還算好		515		true	自旧档汇入	2026-04-13T01:27:08+08:00
Satisfaisant	adj		还好的，可以的	wè ’h‘ao.		還好		515		true	自旧档汇入	2026-04-13T01:27:08+08:00
Satisfait	adj		得意的、知足的	teh i’.		得意		515		true	自旧档汇入	2026-04-13T01:27:08+08:00
Satisfait	adj		得意的、知足的	tse tsôh.		知足		515		true	自旧档汇入	2026-04-13T01:27:08+08:00
Saturé	pp		浸透	sah t‘eû’.		[氵智亍]透		515		true	自旧档汇入	2026-04-13T01:27:08+08:00
Saturé	pp		浸透	yeng’ ’se ’tsé.		映水者		515	待定	true	自旧档汇入	2026-04-13T01:27:08+08:00
Saturne	sm	(Planète).	土星	’t‘ou sing.		土星		515		true	自旧档汇入	2026-04-13T01:27:08+08:00
Sauce	sf		沙司	t‘aong.		湯		515		true	自旧档汇入	2026-04-13T01:27:08+08:00
Sauce	sf	Soy(assaisonnement).	调味料	tsiang’ yeû.		醬油		515		true	自旧档汇入	2026-04-13T01:27:08+08:00
Saucisse	sf		腊肠	lèh zang [ih diao].		臘腸[一條]		515		true	自旧档汇入	2026-04-13T01:27:08+08:00
Saucisson	sm		香肠、腊肠	hiang zang.		香腸		515		true	自旧档汇入	2026-04-13T01:27:08+08:00
Saucisson	sm		香肠、腊肠	lèh zang.		臘腸		515		true	自旧档汇入	2026-04-13T01:27:08+08:00
Sauf	adj	(En sortir sain et)	脱身	t‘euh sen.		脱身		515		true	自旧档汇入	2026-04-13T01:27:08+08:00
Sauf	adj	(En sortir sain et)	脱身	ts‘eû sen.		抽身		515		true	自旧档汇入	2026-04-13T01:27:08+08:00
Sauf	prép	 - cela.	除去	zu t‘éh tse di’ ke’.		除脱之第个		515		true	自旧档汇入	2026-04-13T01:27:08+08:00
Sauf-conduit	sm		安全通行证	lou’ p‘iao’.		路票		515		true	自旧档汇入	2026-04-13T01:27:08+08:00
Sauf-conduit	sm		安全通行证	wou’ tsao’.		護照		515		true	自旧档汇入	2026-04-13T01:27:08+08:00
Saugrenu	adj		糊涂的	wou dou ke’.		糊塗个		515		true	自旧档汇入	2026-04-13T01:27:08+08:00
Saugrenu	adj		糊涂的	m ts‘ing deû.		無清頭	嘸清頭	515		true	自旧档汇入	2026-04-13T01:27:08+08:00
Saule	sm		柳树	yang zu’.		楊樹		515		true	自旧档汇入	2026-04-13T01:27:08+08:00
Saule	sm		柳树	’lieû zu’.		柳樹		515		true	自旧档汇入	2026-04-13T01:27:08+08:00
Saumâtre	adj	(Eau).	盐水	hè ’se.		鹹水		516		true	自旧档汇入	2026-04-13T01:27:08+08:00
Saumure	sf		卤水	yé ’se.		鹽水		516		true	自旧档汇入	2026-04-13T01:27:08+08:00
Saumure	sf		卤水	’lou.		滷		516	待定	true	自旧档汇入	2026-04-13T01:27:08+08:00
Saupoudrer	va		撒上	ts‘è’(sè’, zang) ’la laong’.		撒（散，攘）拉上	？（散，攘）拉上	516	待定	true	自旧档汇入	2026-04-13T01:27:08+08:00
Saut	sm		跳跃	t‘iao’.		跳		516		true	自旧档汇入	2026-04-13T01:27:08+08:00
Saut	sm	 - périlleux.	滚翻	ts‘é ’koen teû.		穿滚兜		516		true	自旧档汇入	2026-04-13T01:27:08+08:00
Saut	sm	Par -s.	一跳一跳地	ih t‘iao’ ih t‘iao’.		一跳一跳		516		true	自旧档汇入	2026-04-13T01:27:08+08:00
Saut	sm	Par -s.	一跳一跳地	t‘iao’ lai bao.		跳來跑		516		true	自旧档汇入	2026-04-13T01:27:08+08:00
Sauter	vn		跳	t‘iao’.		跳		516		true	自旧档汇入	2026-04-13T01:27:08+08:00
Sauter	vn	Faire explosion.	爆炸	pao’(hong) k‘ai lai.	pao’(h‘ong) k‘ai lai	爆（轟）開來		516		true	自旧档汇入	2026-04-13T01:27:08+08:00
Sauter	vn	Faire explosion.	爆炸	tsoh lih.		炸裂		516	待定	true	自旧档汇入	2026-04-13T01:27:08+08:00
Sauter	va	Passer, omettre.	跳过	t‘iao’ t‘éh(kou’).		跳脱（過）		516		true	自旧档汇入	2026-04-13T01:27:08+08:00
Sauter	va	 -.(Cuisine).	炒	’ts‘ao.		炒		516		true	自旧档汇入	2026-04-13T01:27:08+08:00
Sauterelle	sf		蚱蜢	keh mang.		蛤蜢		516	待定	true	自旧档汇入	2026-04-13T01:27:08+08:00
Sauterelle	sf	Criquet.	蝗虫	waong zong [ih tsah].		蝗蟲[一隻]		516		true	自旧档汇入	2026-04-13T01:27:08+08:00
Sauteur	sm	Fig.	轻浮的人	k‘ieng weû(t‘iao) gnen.		輕浮（佻）人		516		true	自旧档汇入	2026-04-13T01:27:08+08:00
Sautiller	vn		跳跃	t‘iao’ ’lao zè’.		跳咾踮	？	516	待定	true	自旧档汇入	2026-04-13T01:27:08+08:00
Sautiller	vn		跳跃	k‘ieng t‘iao’.		輕跳		516		true	自旧档汇入	2026-04-13T01:27:08+08:00
Sautiller	vn		跳跃	t‘iao’ ’k‘i lai.		跳起來		516		true	自旧档汇入	2026-04-13T01:27:08+08:00
Sauvage	adj		野的	’ya ke’.		野个		516		true	自旧档汇入	2026-04-13T01:27:08+08:00
Sauvage	adj	Pays -.	旷野地方	k‘oang’ ’ya di’ faong.		曠野地方		516		true	自旧档汇入	2026-04-13T01:27:08+08:00
Sauvage	adj	Animal -.	野兽	’ya seû’.		野獸		516		true	自旧档汇入	2026-04-13T01:27:08+08:00
Sauvage	adj	Thé -.	野茶	’ya zouo.		野茶		516		true	自旧档汇入	2026-04-13T01:27:08+08:00
Sauvage	adj	Brutal.	野蛮的	mè.		蠻		516		true	自旧档汇入	2026-04-13T01:27:08+08:00
Sauvage	adj	Brutal.	野蛮的	wang mè.		横蠻		516		true	自旧档汇入	2026-04-13T01:27:08+08:00
Sauvage	adj	Farouche.	野性的	’ya deû ’ya ’nao.		野頭野腦		516		true	自旧档汇入	2026-04-13T01:27:08+08:00
Sauvage	adj	Farouche.	野性的	hiong lai ’ya da’.		凶來野大		516		true	自旧档汇入	2026-04-13T01:27:08+08:00
Sauvegarder	va		保存	’pao zen.		保存		516		true	自旧档汇入	2026-04-13T01:27:08+08:00
Sauvegarder	va		保存	’pao yeû’.		保佑		516		true	自旧档汇入	2026-04-13T01:27:08+08:00
Sauver	va		救	kieû’.		救		516		true	自旧档汇入	2026-04-13T01:27:08+08:00
Sauver	va	 - la vie.	救命	kieû’ ming’.		救命		516		true	自旧档汇入	2026-04-13T01:27:08+08:00
Sauver	va	Tirer d'embarras.	救难，搭救，救急	kieû’ nè’.		救難		516		true	自旧档汇入	2026-04-13T01:27:08+08:00
Sauver	va	Tirer d'embarras.	救难，搭救，救急	tèh kieû’.		搭救		516		true	自旧档汇入	2026-04-13T01:27:08+08:00
Sauver	va	Tirer d'embarras.	救难，搭救，救急	kieû’ kiéh.		救急		516		true	自旧档汇入	2026-04-13T01:27:08+08:00
Sauver	vr	Se - d'un danger.	免于危险	’mié t‘éh ngoei ’hié.		免脱危險		516		true	自旧档汇入	2026-04-13T01:27:08+08:00
Sauver	vr	Se -. S'enfuir.	拔腿就逃，逃走	bèh ts‘éh kiah lai zieû’ dao.		拔出脚來就逃		516		true	自旧档汇入	2026-04-13T01:27:08+08:00
Sauver	vr	Se -. S'enfuir.	拔腿就逃，逃走	dao ’tseû.		逃走		516		true	自旧档汇入	2026-04-13T01:27:08+08:00
Sauver	vr	Se -. - son âme.	救自己的灵魂	kieû’ ze’ ka ke’ ling wen.		救自家个靈魂		516		true	自旧档汇入	2026-04-13T01:27:08+08:00
Sauvetage	sm		救命	kieû’ ming’.		救命		516		true	自旧档汇入	2026-04-13T01:27:08+08:00
Sauvetage	sm	Agence de -.	救生局	kieû’ sang ghiôh.		救生局		516		true	自旧档汇入	2026-04-13T01:27:08+08:00
Sauvetage	sm	Bateau de -.	救生船	kieû’ sang zé.		救生船		516		true	自旧档汇入	2026-04-13T01:27:08+08:00
Sauveur	sm	du monde.	救世主	kieû’ se’ ’tsu.		救世主		516		true	自旧档汇入	2026-04-13T01:27:08+08:00
Savant	sm		博学的，有学问的	pôh yah ke’.		博學个		516		true	自旧档汇入	2026-04-13T01:27:08+08:00
Savant	sm		博学的，有学问的	’yeû hoh ven’.		有學問		516		true	自旧档汇入	2026-04-13T01:27:08+08:00
Savantasse	sm		冒充博学的人，一知半解的人	wou’ zu.		腐儒		516	待定	true	自旧档汇入	2026-04-13T01:27:08+08:00
Savantasse	sm		冒充博学的人，一知半解的人	pah ’hiao.		百曉		516		true	自旧档汇入	2026-04-13T01:27:08+08:00
Savantasse	sm		冒充博学的人，一知半解的人	’ngao ven ziah ze’.		咬文嚼字		516		true	自旧档汇入	2026-04-13T01:27:08+08:00
Savate	sf	 -[Paire].	一只旧鞋子；一双旧鞋子	ghieû’ ha ’tse [ih tsah];[ih saong]		舊鞋子[一隻]；[一雙]		516		true	自旧档汇入	2026-04-13T01:27:08+08:00
Savate	sf	Porter ses souliers en -.	拖鞋皮	t‘ou ha bi.		拖鞋皮		516		true	自旧档汇入	2026-04-13T01:27:08+08:00
Savetier	sm		修鞋的，小皮匠	sieû ha ’tse ke’.		修鞋子个		516		true	自旧档汇入	2026-04-13T01:27:08+08:00
Savetier	sm		修鞋的，小皮匠	’siao bi ziang’.		小皮匠		516		true	自旧档汇入	2026-04-13T01:27:08+08:00
Saveur	sf		滋味，味道	tse mi’.		滋味		516		true	自旧档汇入	2026-04-13T01:27:08+08:00
Saveur	sf		滋味，味道	wi’ dao’.		味道		516	待定 前有滋味	true	自旧档汇入	2026-04-13T01:27:08+08:00
Savoir	sm		学问	hoh ven’.		學問		516		true	自旧档汇入	2026-04-13T01:27:08+08:00
Savoir	va	 -.	知道，识得	’hiao teh.		曉得		516		true	自旧档汇入	2026-04-13T01:27:08+08:00
Savoir	va		知道，识得	wei’.		會		516		true	自旧档汇入	2026-04-13T01:27:08+08:00
Savoir	va		知道，识得	seh.		識		516		true	自旧档汇入	2026-04-13T01:27:08+08:00
Savoir	va		知道，识得	’tse si’.		仔細		516		true	自旧档汇入	2026-04-13T01:27:08+08:00
Savoir	va	 - lire.	识字	seh ze’.		識字		516		true	自旧档汇入	2026-04-13T01:27:08+08:00
Savoir	va	 - de mémoire.	熟记学问	dôh(gnè’) zôh ’tsé.		讀（念）熟者		516		true	自旧档汇入	2026-04-13T01:27:08+08:00
Savoir	va	 - de mémoire.	熟记学问	zôh lè’.		熟爛		516		true	自旧档汇入	2026-04-13T01:27:08+08:00
Savoir	va	 - par l'exercice.	学会	hoh wei’.		學會		517		true	自旧档汇入	2026-04-13T01:27:08+08:00
Savoir	va	 - sa leçon(pouvoir réciter).	背得出	pei’ teh ts‘éh.		背得出		517		true	自旧档汇入	2026-04-13T01:27:08+08:00
Savoir	va	À -.	就是	zieû’ ze’.		就是		517		true	自旧档汇入	2026-04-13T01:27:08+08:00
Savoir-faire	sm		能干，灵巧	neng keu’.		能幹		517		true	自旧档汇入	2026-04-13T01:27:08+08:00
Savoir-faire	sm		能干，灵巧	ling ’k‘iao.		靈巧		517		true	自旧档汇入	2026-04-13T01:27:08+08:00
Savoir-faire	sm	Avoir du -.	会做事，有本事的	wei’ bè’ ze’ ’t‘i.		會辦事體		517		true	自旧档汇入	2026-04-13T01:27:08+08:00
Savoir-faire	sm	Avoir du -.	会做事，有本事的	’yeû ’pen ze’.		有本事		517		true	自旧档汇入	2026-04-13T01:27:08+08:00
Savoir-vivre	sm	(Il a du).	会应酬人，有礼貌	i wei’ yeng’ zeû gnen.		伊會應酬人		517		true	自旧档汇入	2026-04-13T01:27:08+08:00
Savoir-vivre	sm	(Il a du).	会应酬人，有礼貌	’yeû ’li mao’.		有禮貌		517		true	自旧档汇入	2026-04-13T01:27:08+08:00
Savon	sm		一块肥皂	bi ’zao [ih k‘oei].	bi ’zao [ih k‘oei’]	肥皂[一塊]		517		true	自旧档汇入	2026-04-13T01:27:08+08:00
Savonner	va		用肥皂洗涤	yong’ bi ’zao lai zing’.		用肥皂來净		517		true	自旧档汇入	2026-04-13T01:27:08+08:00
Savonner	va	Fig.	埋怨	ma yeu’.		埋怨		517		true	自旧档汇入	2026-04-13T01:27:08+08:00
Savourer	va		品尝	wei’ ’k‘eû ’h‘ao.		胃口好		517		true	自旧档汇入	2026-04-13T01:27:08+08:00
Savourer	va		品尝	zang zang tse mi’.	zaong zaong tse mi’	嘗嘗滋味		517	待定	true	自旧档汇入	2026-04-13T01:27:08+08:00
Savoureux	adj		美味可口的	’yeû wi’ ke’.		有味个		517		true	自旧档汇入	2026-04-13T01:27:08+08:00
Savoureux	adj		美味可口的	tse mi’ ’h‘ao ke’(kao ke’).		滋味好个（高个）		517		true	自旧档汇入	2026-04-13T01:27:08+08:00
Savoureux	adj		美味可口的	’mei wi’.		美味		517		true	自旧档汇入	2026-04-13T01:27:08+08:00
Sbire	sm	Satellite.	衙役	nga yôh.		衙役		517		true	自旧档汇入	2026-04-13T01:27:08+08:00
Sbire	sm	Satellite.	衙役	’zao di’.		皂隸		517		true	自旧档汇入	2026-04-13T01:27:08+08:00
Scabreux	adj		崎岖不平的，有麻烦的	kao ke’ kao ti ke’ ti.		高个高低个低		517		true	自旧档汇入	2026-04-13T01:27:08+08:00
Scabreux	adj		崎岖不平的，有麻烦的	véh da’ bié’ taong’ ke’.		勿大便當个		517		true	自旧档汇入	2026-04-13T01:27:08+08:00
Scabreux	adj	[Affaire]scabreuse.	困难重重的	nè long’.		難弄		517		true	自旧档汇入	2026-04-13T01:27:08+08:00
Scabreux	adj	[Affaire]scabreuse.	困难重重的	kè ka’.		尷尬		517		true	自旧档汇入	2026-04-13T01:27:08+08:00
Scabreux	adj	[Affaire]scabreuse.	困难重重的	tsoh ’kaong.	tsoh ’kang	作梗		517		true	自旧档汇入	2026-04-13T01:27:08+08:00
Scandale	sm		丑闻，丢脸的事	k‘ieû(wa’) ’piao yang’.		恘（壞）表樣		517		true	自旧档汇入	2026-04-13T01:27:08+08:00
Scandaliser	va		立坏榜样	lih véh ’h‘ao ke’ ’piao yang’.		立勿好个表樣		517		true	自旧档汇入	2026-04-13T01:27:08+08:00
Scandaliser	va	Choquer.	使别人产生反感	’za biéh gnen koa’ yi’.		惹别人怪异		517		true	自旧档汇入	2026-04-13T01:27:08+08:00
Scapulaire	sm	(C.).	一副圣衣	seng’ i [ih fou’].		聖衣[一副]		517		true	自旧档汇入	2026-04-13T01:27:08+08:00
Scapulaire	sm	 - brun[du Carmel].	紫圣衣	’tse seng’ i.		紫聖衣		517		true	自旧档汇入	2026-04-13T01:27:08+08:00
Scapulaire	sm	 - rouge[de la Passion].	红圣衣	hong seng’ i.		紅聖衣		517		true	自旧档汇入	2026-04-13T01:27:08+08:00
Scapulaire	sm	 - bleu[de l'Imm. Cone.].	蓝圣衣	lè seng’ i.		藍聖衣		517		true	自旧档汇入	2026-04-13T01:27:08+08:00
Scarlatine	sf		猩红热	hong gnéh tseng’.		紅熱症		517		true	自旧档汇入	2026-04-13T01:27:08+08:00
Sceau	sm		印，图章	yen’.		印		517		true	自旧档汇入	2026-04-13T01:27:08+08:00
Sceau	sm		印，图章	dou su(tsang).		圖書（章）		517		true	自旧档汇入	2026-04-13T01:27:08+08:00
Sceau	sm	Apposer un -.	打印	’tang yen’.		打印		517		true	自旧档汇入	2026-04-13T01:27:08+08:00
Scélérat	sm		凶恶的，罪恶滔天的	hiong oh.		凶惡		517		true	自旧档汇入	2026-04-13T01:27:08+08:00
Scélérat	sm		凶恶的，罪恶滔天的	zu’(vè’) oh t‘ao t‘ié.		罪（萬）惡滔天		517		true	自旧档汇入	2026-04-13T01:27:08+08:00
Scélérat	sm	 -! (malédiction).	坏蛋，恶棍	laong sin ’keû fi.	laong sin ’keû fi’	狼心狗肺		517		true	自旧档汇入	2026-04-13T01:27:08+08:00
Scélérat	sm	 -! (malédiction).	坏蛋，恶棍	zieû hou’.	zieû h‘ou’.	囚貨		517		true	自旧档汇入	2026-04-13T01:27:08+08:00
Scélérat	sm	 -! (malédiction).	坏蛋，恶棍	zieû kiah seh.		囚脚色		517		true	自旧档汇入	2026-04-13T01:27:08+08:00
Scélérat	sm	 -! Pendard!	该死的东西	sèh p‘ei.		殺胚		517		true	自旧档汇入	2026-04-13T01:27:08+08:00
Scellé	sm		封皮	fong bi(diao).		封皮（條）		517		true	自旧档汇入	2026-04-13T01:27:08+08:00
Scellé	sm		贴封皮	t‘ih fong bi.		貼封皮		517		true	自旧档汇入	2026-04-13T01:27:08+08:00
Scellé	sm	Mettre les -s.	揭封皮	hiéh(hiao) fong bi.		揭（[扌号]）封皮	？	517		true	自旧档汇入	2026-04-13T01:27:08+08:00
Sceller	va	[un édit].	打印	’tang yen’.		打印		517		true	自旧档汇入	2026-04-13T01:27:08+08:00
Sceller	va	 - une porte.	封门	fong men.		封門		517		true	自旧档汇入	2026-04-13T01:27:08+08:00
Scène	sf	Théâtre.	戏台，戏楼	hi’ dai.		戲台		517	保留簡體	true	自旧档汇入	2026-04-13T01:27:08+08:00
Scène	sf	Théâtre.	戏台，戏楼	hi’ leû.		戲樓		517		true	自旧档汇入	2026-04-13T01:27:08+08:00
Scène	sf	Partie d'un drame.	一出戏	ih ts‘oh hi’	ih ts‘éh hi’	一齣戲		517	待定	true	自旧档汇入	2026-04-13T01:27:08+08:00
Scène	sf	Fig. Faire une - à qqn.	闹一场	nao’ i ih zang(fè).		鬧伊一場（番）		517		true	自旧档汇入	2026-04-13T01:27:08+08:00
Schisme	sm		教会分裂	ts‘ah(lih) kiao’.		拆（裂）教		518		true	自旧档汇入	2026-04-13T01:27:08+08:00
Schiste	sm		片岩，页岩	yéh zah.		葉石		518		true	自旧档汇入	2026-04-13T01:27:08+08:00
Schiste	sm	 - alumineux.	片岩，页岩	vè zah.		礬石		518		true	自旧档汇入	2026-04-13T01:27:08+08:00
Scie	sf		一把锯子	ké’(ki’) ’tse [ih ’pouo].		鋸子[一把]		518	特殊	true	自旧档汇入	2026-04-13T01:27:08+08:00
Scie	sf	Lame de -.	锯条	ké’ diao.		鋸條		518		true	自旧档汇入	2026-04-13T01:27:08+08:00
Scie	sf	Dent de -.	锯齿	ké’ ’ts‘e.		鋸齒		518		true	自旧档汇入	2026-04-13T01:27:08+08:00
Scie	sf	Affûter une -.	锉锯子	ts‘ou’ ké’ ’tse.		銼鋸子		518		true	自旧档汇入	2026-04-13T01:27:08+08:00
Scie	sf	Passer un trait de -.	用锯切	’ka ih ’ka.		解一解		518		true	自旧档汇入	2026-04-13T01:27:08+08:00
Sciemment	adv		故意地	kou’ i’.		故意		518		true	自旧档汇入	2026-04-13T01:27:08+08:00
Sciemment	adv		故意地	ming tse kou’ i’.		明知故意		518		true	自旧档汇入	2026-04-13T01:27:08+08:00
Science	sf		学问，见识	hoh ven’.		學問		518		true	自旧档汇入	2026-04-13T01:27:08+08:00
Science	sf		学问，见识	kié’ seh.		見識		518		true	自旧档汇入	2026-04-13T01:27:08+08:00
Scier	va		锯开	’ka moh deû.		解木頭		518	没有濁音構詞	true	自旧档汇入	2026-04-13T01:27:08+08:00
Scier	va		锯开	ké’.		鋸		518		true	自旧档汇入	2026-04-13T01:27:08+08:00
Scier	va		锯开	zih.		截		518		true	自旧档汇入	2026-04-13T01:27:08+08:00
Scier	va	 - à deux.	拉锯	la ké’.		拉鋸		518		true	自旧档汇入	2026-04-13T01:27:08+08:00
Scier	va	 - en long.	在长度方向上锯	zu’ zeh ’ka.		竪直解		518	待定	true	自旧档汇入	2026-04-13T01:27:08+08:00
Scier	va	 - en long.	在长度方向上锯	’ka k‘ai lai.		解開來		518		true	自旧档汇入	2026-04-13T01:27:08+08:00
Scieur	sm	de bois.	锯工	’ka ziang’.		解匠		518		true	自旧档汇入	2026-04-13T01:27:08+08:00
Scieur	sm	 - de long.	锯工	taong’ ké’ ’tse ke’.		當鋸子个		518		true	自旧档汇入	2026-04-13T01:27:08+08:00
Scintiller	vn		闪烁	yao koang.		摇光		518		true	自旧档汇入	2026-04-13T01:27:08+08:00
Scintiller	vn		闪烁	liang’ koang.		亮光		518		true	自旧档汇入	2026-04-13T01:27:08+08:00
Scintiller	vn		闪烁	’dong ’lao ’dong.		動咾動		518		true	自旧档汇入	2026-04-13T01:27:08+08:00
Scintiller	vn		闪烁	fèh ’h‘ou sing.		發火星		518		true	自旧档汇入	2026-04-13T01:27:08+08:00
Sciure	sf		锯末	ké’ méh(sih).		鋸末（屑）		518		true	自旧档汇入	2026-04-13T01:27:08+08:00
Sciure	sf	 - de bois.	木屑	moh sih.		木屑		518		true	自旧档汇入	2026-04-13T01:27:08+08:00
Scorbut	sm		坏血症	hieuh k‘ou tseng’.		血枯症		518		true	自旧档汇入	2026-04-13T01:27:08+08:00
Scorie	sf	de forge.	金属渣	t‘ih sih.		鐵屑		518		true	自旧档汇入	2026-04-13T01:27:08+08:00
Scorpion	sm		一只蝎子	hiéh ’tse [ih tsah].		蠍子[一隻]		518		true	自旧档汇入	2026-04-13T01:27:08+08:00
Scribe	sm		抄写人	dai’ su.		代書		518		true	自旧档汇入	2026-04-13T01:27:08+08:00
Scribe	sm		抄写人	su ts‘a.		書差		518		true	自旧档汇入	2026-04-13T01:27:08+08:00
Scrofules	sf.pl.		淋巴腺结核，瘰疬	lei lih ts‘aong.		瘰癧瘡		518		true	自旧档汇入	2026-04-13T01:27:08+08:00
Scrofules	sf.pl.		淋巴腺结核，瘰疬	lih ’tse ts‘aong.		癧子瘡		518		true	自旧档汇入	2026-04-13T01:27:08+08:00
Scrupule	sm		疑心，不放心	hèh gni woh.	h‘èh gni woh	瞎疑惑		518		true	自旧档汇入	2026-04-13T01:27:08+08:00
Scrupule	sm		疑心，不放心	gni sin.		疑心		518		true	自旧档汇入	2026-04-13T01:27:08+08:00
Scrupule	sm		疑心，不放心	véh faong’ sin.		勿放心		518		true	自旧档汇入	2026-04-13T01:27:08+08:00
Scrupule	sm	Se faire - de.	不敢，怕	véh ’ké.		勿敢		518		true	自旧档汇入	2026-04-13T01:27:08+08:00
Scrupule	sm	Se faire - de.	不敢，怕	p‘ouo’.		怕		518		true	自旧档汇入	2026-04-13T01:27:08+08:00
Scrupuleux	adj	Exact.	小心的	tou ’siao sin.		多小心		518		true	自旧档汇入	2026-04-13T01:27:08+08:00
Scrupuleux	adj	Sujet aux scrupules.	疑心的，疑惑的	tou gni sin.		多疑心		518		true	自旧档汇入	2026-04-13T01:27:08+08:00
Scrupuleux	adj	Sujet aux scrupules.	疑心的，疑惑的	k‘ong gni woh.		空疑惑		518		true	自旧档汇入	2026-04-13T01:27:08+08:00
Scruter	va	S'informer.	察究	si’ sin zouo ts‘èh.		細心查察		518		true	自旧档汇入	2026-04-13T01:27:08+08:00
Scruter	va	S'informer.	察究	ts‘èh kieû’.		察究		518		true	自旧档汇入	2026-04-13T01:27:08+08:00
Scruter	va	 -[qqn]. L'interroger.	盘问	bé men’.		盤問		518		true	自旧档汇入	2026-04-13T01:27:08+08:00
Sculpter	va		雕，刻	tiao.		雕		518		true	自旧档汇入	2026-04-13T01:27:08+08:00
Sculpter	va		雕，刻	k‘eh h‘ouo.		刻花		518		true	自旧档汇入	2026-04-13T01:27:08+08:00
Sculpter	va		雕，刻	k‘eh.		刻		518		true	自旧档汇入	2026-04-13T01:27:08+08:00
Sculpteur	sm		雕匠	tiao ziang’.		雕匠		518		true	自旧档汇入	2026-04-13T01:27:08+08:00
Sculpteur	sm	 - sur pierre.	雕石匠	tiao k‘eh zah ziang’.		雕刻石匠		518		true	自旧档汇入	2026-04-13T01:27:08+08:00
Sculpture	sf		雕刻品	tiao kong.		雕工		518		true	自旧档汇入	2026-04-13T01:27:08+08:00
Sculpture	sf		雕刻品	tiao k‘eh ’la ke’ h‘ouo.		雕刻拉个花		518		true	自旧档汇入	2026-04-13T01:27:08+08:00
Sculpture	pron		自己	ze’ ka.		自家		518		true	自旧档汇入	2026-04-13T01:27:08+08:00
Sculpture	pron		自己	ts‘in sen.		親身		518		true	自旧档汇入	2026-04-13T01:27:08+08:00
Sculpture	pron	Se. - nuire à soi-même.	自己伤害自己	ze’ ka saong hai’ ze’ ka.		自家傷害自家		518		true	自旧档汇入	2026-04-13T01:27:08+08:00
Sculpture	pron	Se. - nuire à soi-même.	自己伤害自己	ze’ hai’ ze’.		自害自		518		true	自旧档汇入	2026-04-13T01:27:08+08:00
Sculpture	pron	 - nuire l'un à l'autre.	互相伤害	da’ ka siang hai’.		大家相害		518		true	自旧档汇入	2026-04-13T01:27:08+08:00
Séant	sm		坐着	’zou sen.		坐身		518		true	自旧档汇入	2026-04-13T01:27:08+08:00
Séant	sm	Se mettre sur son -.	坐起来	’zou ’k‘i lai.		坐起來		518		true	自旧档汇入	2026-04-13T01:27:08+08:00
Séant	adj	 -.	可以，相宜	’k‘o ’i.		可以		518		true	自旧档汇入	2026-04-13T01:27:08+08:00
Séant	adj	 -.	可以，相宜	siang gni.		相宜		518		true	自旧档汇入	2026-04-13T01:27:08+08:00
Seau	sm		桶，一只水桶	’dong.		桶		518		true	自旧档汇入	2026-04-13T01:27:08+08:00
Seau	sm		桶，一只水桶	di ’dong.		提桶		518		true	自旧档汇入	2026-04-13T01:27:08+08:00
Seau	sm		桶，一只水桶	’se ’dong [ih tsah].		水桶[一隻]		518		true	自旧档汇入	2026-04-13T01:27:08+08:00
Seau	sm	Un - d'eau.	一桶水	ih ’dong ’se.		一桶水		519		true	自旧档汇入	2026-04-13T01:27:08+08:00
Seau	sm	 - pour puiser l'eau.	吊桶	tiao’ ’dong.		吊桶		519		true	自旧档汇入	2026-04-13T01:27:08+08:00
Sec	adj		干，干燥，干枯	keu.		乾		519		true	自旧档汇入	2026-04-13T01:27:08+08:00
Sec	adj		干，干燥，干枯	keu sao’.		乾燥		519		true	自旧档汇入	2026-04-13T01:27:08+08:00
Sec	adj		干，干燥，干枯	keu k‘ou.		乾枯		519		true	自旧档汇入	2026-04-13T01:27:08+08:00
Sec	adj	Maigre.	瘦	seû.	seû’.	瘦		519		true	自旧档汇入	2026-04-13T01:27:08+08:00
Sec	adj	[Temps].	旱	’heu		旱		519	待定	true	自旧档汇入	2026-04-13T01:27:08+08:00
Sécante	sf		正割线	tseng’ keh sié’.		正割綫		519		true	自旧档汇入	2026-04-13T01:27:08+08:00
Sèche	sf	Seiche.	墨鱼，章鱼	meh n.		墨魚		519		true	自旧档汇入	2026-04-13T01:27:08+08:00
Sèche	sf	Seiche.	墨鱼，章鱼	tsang n.		章魚		519		true	自旧档汇入	2026-04-13T01:27:08+08:00
Séché	pp		干	keu.		乾		519		true	自旧档汇入	2026-04-13T01:27:08+08:00
Séché	pp	Poisson -.	鱼干	n keu.		魚乾		519		true	自旧档汇入	2026-04-13T01:27:08+08:00
Séché	pp	Poisson -.	鱼干	fong n.		烘魚		519	待定	true	自旧档汇入	2026-04-13T01:27:08+08:00
Sécher	va		使干燥	long’ keu.		弄乾		519		true	自旧档汇入	2026-04-13T01:27:08+08:00
Sécher	va	 - à l'air.	自然风干	fong ’li ts‘e ih ts‘e.		風裏吹一吹		519		true	自旧档汇入	2026-04-13T01:27:08+08:00
Sécher	va	 - à l'air.	自然风干	laong’ ih laong’.		㫰一㫰		519		true	自旧档汇入	2026-04-13T01:27:08+08:00
Sécher	va	 - au soleil.	晒，太阳烤	souo’ ih souo’.		晒一晒		519	保留簡體	true	自旧档汇入	2026-04-13T01:27:08+08:00
Sécher	va	 - au soleil.	晒，太阳烤	k‘ao’ ih k‘ao’ keu.		烤一烤乾		519		true	自旧档汇入	2026-04-13T01:27:08+08:00
Sécher	va	 - au feu.	烘干	fong fong keu		烘烘乾		519	待定	true	自旧档汇入	2026-04-13T01:27:08+08:00
Sécheresse	sf		干旱，干燥	keu.		乾		519		true	自旧档汇入	2026-04-13T01:27:08+08:00
Sécheresse	sf		干旱，干燥	’heu.		旱		519		true	自旧档汇入	2026-04-13T01:27:08+08:00
Sécheresse	sf		干旱，干燥	fong keu gnéh sao’.		風乾日燥		519		true	自旧档汇入	2026-04-13T01:27:08+08:00
Second	adj		第二个	di’ gni’ ke’.		第二个		519		true	自旧档汇入	2026-04-13T01:27:08+08:00
Second	adj		二	gni’.		二		519		true	自旧档汇入	2026-04-13T01:27:08+08:00
Seconde	sf		一秒	ih ’miao.		一秒		519		true	自旧档汇入	2026-04-13T01:27:08+08:00
Seconder	va	Aider.	帮助	paong zou’.		幫助		519		true	自旧档汇入	2026-04-13T01:27:08+08:00
Seconder	va	Aider.	帮助	siang paong.		相幫		519		true	自旧档汇入	2026-04-13T01:27:08+08:00
Secouer	va		抖动，摇动	’teû.		抖		519		true	自旧档汇入	2026-04-13T01:27:08+08:00
Secouer	va		抖动，摇动	yao.		摇		519		true	自旧档汇入	2026-04-13T01:27:08+08:00
Secouer	va		抖动，摇动	’dong.		動		519		true	自旧档汇入	2026-04-13T01:27:08+08:00
Secouer	va		抖动，摇动	ngah.		㧖	？	519		true	自旧档汇入	2026-04-13T01:27:08+08:00
Secouer	va		抖动，摇动	t‘ei t‘ei naong naong		推推攮攮		519	待定	true	自旧档汇入	2026-04-13T01:27:08+08:00
Secouer	va	Fig. - qqn en l'excitant.	警醒某人	’kieng ’sing i.		警醒伊		519		true	自旧档汇入	2026-04-13T01:27:08+08:00
Secouer	va	 - en lui faisant peur.	吓醒某人	hah ’sing i.	h‘ah ’sing i	嚇醒伊		519		true	自旧档汇入	2026-04-13T01:27:08+08:00
Secouer	va	 - en lui faisant peur.	吓醒某人	’kieng ’dong i.		警動伊		519	一作“驚動” 待定	true	自旧档汇入	2026-04-13T01:27:08+08:00
Secourir	va		帮助	siang paong.		相幫		519		true	自旧档汇入	2026-04-13T01:27:08+08:00
Secourir	va		帮助	wou zou’.		扶助		519		true	自旧档汇入	2026-04-13T01:27:08+08:00
Secourir	va	 - [les indigents].	救济，搭救	kieû’ tsi’.		救濟		519		true	自旧档汇入	2026-04-13T01:27:08+08:00
Secourir	va	 - [les indigents].	救济，搭救	tèh kieû’.		搭救		519		true	自旧档汇入	2026-04-13T01:27:08+08:00
Secours	sm		帮助	paong zou’.		幫助		519		true	自旧档汇入	2026-04-13T01:27:08+08:00
Secours	sm	Obtenir un -.	领赈济	’ling ’tsen tsi’	’ling tsen’ tsi’	領賑濟		519	變調	true	自旧档汇入	2026-04-13T01:27:08+08:00
Secours	sm	Au -! Au -!	救命！救命！	kieû’ ming’ kieû’ ming’!		救命救命		519		true	自旧档汇入	2026-04-13T01:27:08+08:00
Secousse	sf		摇动	ih ’dong.		一動		519		true	自旧档汇入	2026-04-13T01:27:08+08:00
Secousse	sf		摇动	yao ’dong.		摇動		519		true	自旧档汇入	2026-04-13T01:27:08+08:00
Secret	sm		秘密	se ze’.		私事		519		true	自旧档汇入	2026-04-13T01:27:08+08:00
Secret	sm	Dire un -.	说机密的事	wo’ ’yen mih ze’ ’t‘i.		話隱密事體		519		true	自旧档汇入	2026-04-13T01:27:08+08:00
Secret	sm	Révéler un -.	泄露	wo’ p‘ou’.		話破		519		true	自旧档汇入	2026-04-13T01:27:08+08:00
Secret	sm	Révéler un -.	泄露	ts‘ah pang.	ts‘ah pang’	拆棚	拆迸	519	待定	true	自旧档汇入	2026-04-13T01:27:08+08:00
Secret	sm	Révéler un -.	泄露	sieh leû’.		洩漏		519		true	自旧档汇入	2026-04-13T01:27:08+08:00
Secret	sm	Tirer de qqn son -.	探口风	t‘é’ i ke’ ’k‘eû k‘i’.		探伊个口氣		519		true	自旧档汇入	2026-04-13T01:27:08+08:00
Secret	adj		机密	pi’(ki) mih.		秘（機）密		519		true	自旧档汇入	2026-04-13T01:27:08+08:00
Secret	sm		暗底里	é’ ’ti ’li.		暗底裏		519		true	自旧档汇入	2026-04-13T01:27:08+08:00
Secret	sm	Société secrète.	秘密地	mih mih kiao’		密密教		519		true	自旧档汇入	2026-04-13T01:27:08+08:00
Secret	sm	Confidence secrète.	谈心，心腹话	sin foh wo’.		心腹話		519		true	自旧档汇入	2026-04-13T01:27:08+08:00
Secret	sm	Confidence secrète.	谈心，心腹话	dè sin.		談心		519		true	自旧档汇入	2026-04-13T01:27:08+08:00
Secrétaire	sm		书记，秘书	su ’seû.		書手		519		true	自旧档汇入	2026-04-13T01:27:08+08:00
Secrétaire	sm		书记，秘书	su bè’.		書辦		519		true	自旧档汇入	2026-04-13T01:27:08+08:00
Secrétaire	sm		书记，秘书	wen eu’.		文案		519		true	自旧档汇入	2026-04-13T01:27:08+08:00
Secrétaire	sm		书记，秘书	su ki’.		書記		519		true	自旧档汇入	2026-04-13T01:27:08+08:00
Secrétaire	sm	 - de légation.	参赞	ts‘é tsè’.		參贊		519		true	自旧档汇入	2026-04-13T01:27:08+08:00
Secrétaire	sm	 - d'un mandarin.	幕友	su ’k‘i se ya.		書啓師爺		519		true	自旧档汇入	2026-04-13T01:27:08+08:00
Secrétaire	sm	 - d'un mandarin.	幕友	mô’ ’yeû.		幕友		519		true	自旧档汇入	2026-04-13T01:27:08+08:00
Secrétariat	sm		秘书处	su waong.		書房		519		true	自旧档汇入	2026-04-13T01:27:08+08:00
Secrétariat	sm		秘书处	tsié èh waong	ts‘ié èh waong	簽押房		519		true	自旧档汇入	2026-04-13T01:27:08+08:00
Secrétariat	sm	Employé au -.	代书	su bè’.		書辦		519		true	自旧档汇入	2026-04-13T01:27:08+08:00
Secrétariat	sm	Employé au -.	代书	dai’ su.		代書		519		true	自旧档汇入	2026-04-13T01:27:08+08:00
Secrètement	adv		私下	se ’hao.		私下		519		true	自旧档汇入	2026-04-13T01:27:08+08:00
Secrètement	adv		私下	é’ ’ti ’li.		暗底裏		519		true	自旧档汇入	2026-04-13T01:27:08+08:00
Secrètement	adv		私下	pei’ heû’ deû.		背後頭		519		true	自旧档汇入	2026-04-13T01:27:08+08:00
Secrètement	adv		私下	t‘eû bé’ ’tse.		偷伴子		519		true	自旧档汇入	2026-04-13T01:27:08+08:00
Secte	sf		异端教，邪教	yi’ teu kiao’.		异端教		519		true	自旧档汇入	2026-04-13T01:27:08+08:00
Secte	sf		异端教，邪教	zia kiao’.		邪教		519		true	自旧档汇入	2026-04-13T01:27:08+08:00
Secte	sf		异端教，邪教	kiao’ men.		教門		519		true	自旧档汇入	2026-04-13T01:27:08+08:00
Sectateur	sm	d'une religion.	教里的人	kiao’ ’li ke’ gnen.		教裏个人		519		true	自旧档汇入	2026-04-13T01:27:08+08:00
Section	sf	(Une).	一节，一块	ih deu’.		一段		519		true	自旧档汇入	2026-04-13T01:27:08+08:00
Section	sf	(Une).	一节，一块	ih tsih.		一節		519		true	自旧档汇入	2026-04-13T01:27:08+08:00
Section	sf	(Une).	一节，一块	ih k‘oei’.		一塊		519		true	自旧档汇入	2026-04-13T01:27:08+08:00
Séculier	adj		世俗的	se’ zôh ke’.		世俗个		520		true	自旧档汇入	2026-04-13T01:27:08+08:00
Sécurité	sf	En -.	妥当，安稳	’t‘ou taong’.		妥當		520		true	自旧档汇入	2026-04-13T01:27:08+08:00
Sécurité	sf	En -.	妥当，安稳	eu ’wen.		安穩		520		true	自旧档汇入	2026-04-13T01:27:08+08:00
Sédentaire	adj. et s.		不常出门的，经常坐着的	véh da’ ts‘éh men.		勿大出門		520		true	自旧档汇入	2026-04-13T01:27:08+08:00
Sédentaire	adj. et s.		不常出门的，经常坐着的	’zou sèh ’la oh ’li ke’.	’zou sèh ’la ôh ’li ke’	坐殺拉屋裏个		520		true	自旧档汇入	2026-04-13T01:27:08+08:00
Sédentaire	adj. et s.		不常出门的，经常坐着的	tou ’zou ke’.		多坐个		520		true	自旧档汇入	2026-04-13T01:27:08+08:00
Sédentaire	adj. et s.		不常出门的，经常坐着的	’zou koè’ ke’.		坐慣个		520		true	自旧档汇入	2026-04-13T01:27:08+08:00
Sédiment	sm		沉淀物	tsouo.		渣		520		true	自旧档汇入	2026-04-13T01:27:08+08:00
Sédiment	sm		沉淀物	kiah ’tse.		脚子		520		true	自旧档汇入	2026-04-13T01:27:08+08:00
Séditieux	adj		作乱的	’k‘i ’fè ke’.		起反个		520		true	自旧档汇入	2026-04-13T01:27:08+08:00
Séditieux	adj		作乱的	tsoh leu’ ke’.		作亂个		520		true	自旧档汇入	2026-04-13T01:27:08+08:00
Sédition	sf		叛乱，扰乱江山	ts‘ao leu’ kiang sè.		操亂江山	造亂江山	520		true	自旧档汇入	2026-04-13T01:27:08+08:00
Sédition	sf	Faire une -.	谋反，作乱的	meû ’fè.		謀反		520		true	自旧档汇入	2026-04-13T01:27:08+08:00
Sédition	sf	Faire une -.	谋反，作乱的	tsoh leu’.		作亂		520		true	自旧档汇入	2026-04-13T01:27:08+08:00
Séduire	va	Tromper.	哄骗，迷惑	’hong p‘ié’.	’h‘ong p‘ié’.	哄騙		520		true	自旧档汇入	2026-04-13T01:27:08+08:00
Séduire	va	Tromper.	哄骗，迷惑	mi woh.		迷惑		520		true	自旧档汇入	2026-04-13T01:27:08+08:00
Séduire	va	Engager au mal.	勾引，引诱	keû ’yen.		勾引		520		true	自旧档汇入	2026-04-13T01:27:08+08:00
Séduire	va	Engager au mal.	勾引，引诱	’yen yeû’.		引誘		520		true	自旧档汇入	2026-04-13T01:27:08+08:00
Séduire	va	Engager au mal.	勾引，引诱	t‘iao sou.		挑唆		520		true	自旧档汇入	2026-04-13T01:27:08+08:00
Séduire	va	Engager au mal.	勾引，引诱	ts‘eu teuh.		攛掇		520		true	自旧档汇入	2026-04-13T01:27:08+08:00
Séduisant	adj		吸引人的，迷人的	tsong’ gnen sin ke’.		中人心个		520		true	自旧档汇入	2026-04-13T01:27:08+08:00
Segment	sm		段，节	zih deu’.		截段		520		true	自旧档汇入	2026-04-13T01:27:08+08:00
Segment	sm		段，节	ih p‘ié’ yéh.		一片葉		520		true	自旧档汇入	2026-04-13T01:27:08+08:00
Segment	sm	 - de cercle.	部分	k‘ieu fen.		圈分		520		true	自旧档汇入	2026-04-13T01:27:08+08:00
Seiche	sf	Sèche.	墨鱼，乌贼	meh n.		墨魚		520		true	自旧档汇入	2026-04-13T01:27:08+08:00
Seiche	sf	Sèche.	墨鱼，乌贼	tsang n.		章魚		520		true	自旧档汇入	2026-04-13T01:27:08+08:00
Seigneur	sm	N.	主	’tsu.		主		520		true	自旧档汇入	2026-04-13T01:27:08+08:00
Seigneur	sm	 -S.(C.).	吾主耶稣	ngou ’tsu Ya-sou.		吾主耶穌		520		true	自旧档汇入	2026-04-13T01:27:08+08:00
Sein	sm	Poitrine.	胸膛	hiong daong deû.		胸膛頭		520		true	自旧档汇入	2026-04-13T01:27:08+08:00
Sein	sm	Mamelle.	奶	’na.		奶		520		true	自旧档汇入	2026-04-13T01:27:08+08:00
Sein	sm	[Porter] dans son -.	在母胎里	’la ’mou t‘ai ’li.		拉母胎裏		520		true	自旧档汇入	2026-04-13T01:27:08+08:00
Seing	sm		画押	h‘ouo èh.		花押		520		true	自旧档汇入	2026-04-13T01:27:08+08:00
Seing	sm	Apposer son -.	签花押	ts‘ié h‘ouo èh.		簽花押		520	原作“筌花押”	true	自旧档汇入	2026-04-13T01:27:08+08:00
Seing	sm	Acte sous - privé.	白契	bah k‘i’.		白契		520		true	自旧档汇入	2026-04-13T01:27:08+08:00
Seize	adj		十六	zéh lôh.		十六		520		true	自旧档汇入	2026-04-13T01:27:08+08:00
Seizième	adj		第十六个	di’ zéh lôh ke’.		第十六个		520		true	自旧档汇入	2026-04-13T01:27:08+08:00
Séjourner	vn		住在	zu’ ’la.		住拉		520		true	自旧档汇入	2026-04-13T01:27:08+08:00
Séjourner	vn		住在	teng ’la.		登拉		520		true	自旧档汇入	2026-04-13T01:27:08+08:00
Séjourner	vn		住在	tè koh.		耽擱		520		true	自旧档汇入	2026-04-13T01:27:08+08:00
Sel	sm		盐	yé.		鹽		520		true	自旧档汇入	2026-04-13T01:27:08+08:00
Sel	sm	 - de l'État.	官盐	koé yé.		官鹽		520		true	自旧档汇入	2026-04-13T01:27:08+08:00
Sel	sm	 - de contrebande.	私盐	se yé.		私鹽		520		true	自旧档汇入	2026-04-13T01:27:08+08:00
Selle	sf		鞍子	eu ’tse.		鞍子		520		true	自旧档汇入	2026-04-13T01:27:08+08:00
Selle	sf	Housse.	鞍罩	eu tsao’.		鞍罩		520		true	自旧档汇入	2026-04-13T01:27:08+08:00
Selle	sf	Garde-robe. Aller à la -.	上厕所	dou’ ’ka.		大解		520		true	自旧档汇入	2026-04-13T01:27:08+08:00
Selle	sf	Garde-robe. Aller à la -.	上厕所	ts‘éh kong.		出功	出恭	520		true	自旧档汇入	2026-04-13T01:27:08+08:00
Selle	sf	Garde-robe. Aller à la -.	上厕所	zaong’ k‘ang.		上坑		520		true	自旧档汇入	2026-04-13T01:27:08+08:00
Seller	va		上鞍	zaong’ eu ’tse.		上鞍子		520		true	自旧档汇入	2026-04-13T01:27:08+08:00
Seller	va	 - un cheval.	装马	tsaong ’mô.		裝馬		520		true	自旧档汇入	2026-04-13T01:27:08+08:00
Sellette	sf		凳子	teng’.		凳		520		true	自旧档汇入	2026-04-13T01:27:08+08:00
Sellette	sf		凳子	ngéh ’tse [ih tsah].		杌子[一隻]		520		true	自旧档汇入	2026-04-13T01:27:08+08:00
Sellette	sf	Tenir qqn sur la -.	盘问	bé men’ i.		盤問伊		520		true	自旧档汇入	2026-04-13T01:27:08+08:00
Sellier	sm		鞍具制造者	eu ’tse se wou’.		鞍子司務		520		true	自旧档汇入	2026-04-13T01:27:08+08:00
Sellier	sm	Boutique de -.	鞍具商	eu ts‘é’ p‘ou’.		鞍韂鋪		520	待定	true	自旧档汇入	2026-04-13T01:27:08+08:00
Selon	prép	D'après.	按照	tsao’.		照		520		true	自旧档汇入	2026-04-13T01:27:08+08:00
Selon	prép	D'après.	按照	bing.		憑		520		true	自旧档汇入	2026-04-13T01:27:08+08:00
Selon	prép	D'après.	按照	i.		依		520		true	自旧档汇入	2026-04-13T01:27:08+08:00
Seltz	sm	(Eau de).	苏打水	wou-lè ’se.		荷蘭水		520		true	自旧档汇入	2026-04-13T01:27:08+08:00
Semaine	sf		一个主日	’tsu gnéh [ih ke’].		主日[一个]		520		true	自旧档汇入	2026-04-13T01:27:08+08:00
Semaine	sf	 -(Pr.).	礼拜	li’ pa’.	’li pa’.	禮拜		520		true	自旧档汇入	2026-04-13T01:27:08+08:00
Semblable	sm		人	gnen.		人		520		true	自旧档汇入	2026-04-13T01:27:08+08:00
Semblable	sm	Aimer ses -s.	爱人	ai’ gnen.		愛人		520		true	自旧档汇入	2026-04-13T01:27:08+08:00
Semblable	adj	Pareil.	像，一样的	ziang’.		像		520		true	自旧档汇入	2026-04-13T01:27:08+08:00
Semblable	adj	Pareil.	像，一样的	ih yang’ ke’.		一樣个		520		true	自旧档汇入	2026-04-13T01:27:08+08:00
Semblable	adj	Pareil.	像，一样的	siang dong ke’.		相同个		520		true	自旧档汇入	2026-04-13T01:27:08+08:00
Semblable	adj	Assez -.	差不多	ts‘ouo véh tou.		差勿多		520		true	自旧档汇入	2026-04-13T01:27:08+08:00
Semblant.	sm		假装	’ka tsaong.		假裝		520		true	自旧档汇入	2026-04-13T01:27:08+08:00
Semblant.	sm	Faire - d'ignorer.	只做不知道	tséh tsou’ véh ’hiao teh.		只做勿曉得		521		true	自旧档汇入	2026-04-13T01:27:08+08:00
Sembler	vn		好像	ziang’.		像		521		true	自旧档汇入	2026-04-13T01:27:08+08:00
Sembler	vn		好像	’h‘ao ziang’.		好像		521		true	自旧档汇入	2026-04-13T01:27:08+08:00
Sembler	vn		好像	héh teh.	h‘éh teh	恰得		521	可能是合得	true	自旧档汇入	2026-04-13T01:27:08+08:00
Sembler	vn	Il ne semble pas…	不见得	véh kié’ teh…		勿見得…		521		true	自旧档汇入	2026-04-13T01:27:08+08:00
Semelle	sf	de soulier.	一只鞋底	ha ’ti [ih tsah].		鞋底[一隻]		521		true	自旧档汇入	2026-04-13T01:27:08+08:00
Semence	sf		种，核	’tsong.		種		521		true	自旧档汇入	2026-04-13T01:27:08+08:00
Semence	sf		种，核	’tse.		子		521		true	自旧档汇入	2026-04-13T01:27:08+08:00
Semence	sf		种，核	wéh.		核	[木月骨]	521		true	自旧档汇入	2026-04-13T01:27:08+08:00
Semence	sf	 - de blé.	麦种	mah ’tsong.		麥種		521		true	自旧档汇入	2026-04-13T01:27:08+08:00
Semer	va		种，撒种	tsong’.		種		521		true	自旧档汇入	2026-04-13T01:27:08+08:00
Semer	va		种，撒种	sèh ’tsong.		撒種		521		true	自旧档汇入	2026-04-13T01:27:08+08:00
Semeur	sm		撒种的	sèh(’hao) ’tsong ke’.		撒（下）種个		521		true	自旧档汇入	2026-04-13T01:27:08+08:00
Semestre	sm		六个月，半年	lôh ke’ gneuh.		六個月		521		true	自旧档汇入	2026-04-13T01:27:08+08:00
Semestre	sm		六个月，半年	pé’ gné.		半年		521		true	自旧档汇入	2026-04-13T01:27:08+08:00
Sémillant	adj		爽快	’saong k‘oa’.		爽快		521		true	自旧档汇入	2026-04-13T01:27:08+08:00
Séminaire	sm		修道院	sieû dao’ yeu’.		修道院		521		true	自旧档汇入	2026-04-13T01:27:08+08:00
Séminariste	sm		修道的	sieû dao’ ke’.		修道个		521		true	自旧档汇入	2026-04-13T01:27:08+08:00
Semis	sm		秧	yang.		秧		521		true	自旧档汇入	2026-04-13T01:27:08+08:00
Semis	sm		芽	nga.		芽		521		true	自旧档汇入	2026-04-13T01:27:08+08:00
Semoir	sm		播种机	sèh ’tsong ’tse ka ’fou.		撒種子傢伙		521		true	自旧档汇入	2026-04-13T01:27:08+08:00
Semoncer	va		埋怨，责备	ma yeu’.		埋怨		521		true	自旧档汇入	2026-04-13T01:27:08+08:00
Semoncer	va		埋怨，责备	tsah bei’.		責備		521		true	自旧档汇入	2026-04-13T01:27:08+08:00
Sénevé	sm		芥菜	ka’ ts‘ai’.		芥菜		521		true	自旧档汇入	2026-04-13T01:27:08+08:00
Sénevé	sm	Grain de -.	芥子	ka’ ’tse.		芥子		521		true	自旧档汇入	2026-04-13T01:27:08+08:00
Sens	sm		官	koé.		官		521		true	自旧档汇入	2026-04-13T01:27:08+08:00
Sens	sm	Les 5 -.	五官	’n koé bou’ wei’.		五官部位		521	待定	true	自旧档汇入	2026-04-13T01:27:08+08:00
Sens	sm	Les 5 - et les 3 facultés de l'âme.	五官三司	’n koé sè se.		五官三司		521		true	自旧档汇入	2026-04-13T01:27:08+08:00
Sens	sm	Les plaisirs des -.	感官的快乐	gnôh sen ke’ k‘oa’ loh.		肉身个快樂		521		true	自旧档汇入	2026-04-13T01:27:08+08:00
Sens	sm	Recouvrir ses -.	醒过来，死去还魂	’sing ’tsé lai.		醒轉來		521		true	自旧档汇入	2026-04-13T01:27:08+08:00
Sens	sm	Recouvrir ses -.	醒过来，死去还魂	’si k‘i’ wè wen.		死去還魂		521		true	自旧档汇入	2026-04-13T01:27:08+08:00
Sens	sm	Raison: homme de bon -.	有情理的人，明白人	’yeû zing ’li ke’ gnen.		有情理个人		521		true	自旧档汇入	2026-04-13T01:27:08+08:00
Sens	sm	Raison: homme de bon -.	有情理的人，明白人	ming bah gnen.		明白人		521		true	自旧档汇入	2026-04-13T01:27:08+08:00
Sens	sm	 - moral.	良心	liang sin.		良心		521		true	自旧档汇入	2026-04-13T01:27:08+08:00
Sens	sm	Avis: à mon -.	照我看来	tsao’ ’ngou k‘eu’ ’k‘i lai.		照我看起來		521		true	自旧档汇入	2026-04-13T01:27:08+08:00
Sens	sm	Signification.	意思	i’ se.		意思		521		true	自旧档汇入	2026-04-13T01:27:08+08:00
Sens	sm	Quel est le -?	什么意思？	sa’ ’ka seh?		啥解説		521		true	自旧档汇入	2026-04-13T01:27:08+08:00
Sens	sm	Dans le - de la largeur.	宽度方向上	wang ’li.		横裏		521		true	自旧档汇入	2026-04-13T01:27:08+08:00
Sens	sm	Dans le - du vent.	顺风	zen’ fong.		順風		521		true	自旧档汇入	2026-04-13T01:27:08+08:00
Sens	sm	 - dessus dessous.	上下颠倒	’ting ’tao ke’.		頂倒个	丁倒个	521	待定	true	自旧档汇入	2026-04-13T01:27:08+08:00
Sens	sm	 - dessus dessous.	上下颠倒	’tao deû(hiang’) ke’.		倒頭（向）个		521		true	自旧档汇入	2026-04-13T01:27:08+08:00
Sens	sm	Mettre - dessus dessous.	翻过来	fè kou’(’tsé) lai.		翻過（轉）來		521		true	自旧档汇入	2026-04-13T01:27:08+08:00
Sens	sm	Mettre - dessus dessous.	翻过来	fè ’tao.		翻倒		521		true	自旧档汇入	2026-04-13T01:27:08+08:00
Sens	sm	Être - dessus dessous.	七颠八倒	’ting ’tao.		頂倒	丁倒	521		true	自旧档汇入	2026-04-13T01:27:08+08:00
Sens	sm	Être - dessus dessous.	七颠八倒	ts‘ih tié pèh ’tao.		七顛八倒		521		true	自旧档汇入	2026-04-13T01:27:08+08:00
Sensé	adj		有情理的，明白的	’yeû zing ’li ke’.		有情理个		521		true	自旧档汇入	2026-04-13T01:27:08+08:00
Sensé	adj		有情理的，明白的	ming bah ke’.		明白个		521		true	自旧档汇入	2026-04-13T01:27:08+08:00
Sensé	adj	Raisonnable.	合理的	héh ’li ke’.		合理个		521		true	自旧档汇入	2026-04-13T01:27:08+08:00
Sensible	adj		有形象的	’yeû yeng ziang’ ke’.		有形像个		521	待定	true	自旧档汇入	2026-04-13T01:27:08+08:00
Sensible	adj	 - à l'œil.	看得见的	k‘eu’ teh kié’ ke’.		看得見个		521		true	自旧档汇入	2026-04-13T01:27:08+08:00
Sensible	adj	Le mieux n'est pas -.	最好的不显眼	véh wei kié’ sa’ ’h‘ao.		勿為見啥好		521		true	自旧档汇入	2026-04-13T01:27:08+08:00
Sensible	adj	Fig. Impressionnable.	容易觉得，多心的	yong i’ koh zah.		容易覺着		521		true	自旧档汇入	2026-04-13T01:27:08+08:00
Sensible	adj	Fig. Impressionnable.	容易觉得，多心的	tou sin.		多心		521		true	自旧档汇入	2026-04-13T01:27:08+08:00
Sensible	adj	Tendre.	心软的，温和的	’gneu wou.		軟和		521		true	自旧档汇入	2026-04-13T01:27:08+08:00
Sensible	adj	Tendre.	心软的，温和的	sin ’gneu ke’.		心軟个		521		true	自旧档汇入	2026-04-13T01:27:08+08:00
Sensible	adj	S'intéressant à.	关心	koè(kouo’) sin.		關（掛）心		521		true	自旧档汇入	2026-04-13T01:27:08+08:00
Sensuel	adj		放纵私欲	faong’ tsong’ se yôh.		放縱私欲		521		true	自旧档汇入	2026-04-13T01:27:08+08:00
Sentence	sf		句子	kiu’ ’tse.		句子		521		true	自旧档汇入	2026-04-13T01:27:08+08:00
Sentence	sf	 - judiciaire.	判断，断语	teu’ ’gnu.		斷語		521		true	自旧档汇入	2026-04-13T01:27:08+08:00
Sentence	sf	 - judiciaire.	判断，断语	p‘é’ teu’.		判斷		521		true	自旧档汇入	2026-04-13T01:27:08+08:00
Senteur	sf	Parfum.	香味	hiang wi’.		香味		522		true	自旧档汇入	2026-04-13T01:27:08+08:00
Sentier	sm		一条小路	’siao lou’ [ih diao].		小路[一條]		522		true	自旧档汇入	2026-04-13T01:27:08+08:00
Sentiment	sm	de l'âme.	情，心软的	zing.		情		522		true	自旧档汇入	2026-04-13T01:27:08+08:00
Sentiment	sm	de l'âme.	情，心软的	sin.		心		522		true	自旧档汇入	2026-04-13T01:27:08+08:00
Sentiment	sm	Affection.	感情	zing.		情		522		true	自旧档汇入	2026-04-13T01:27:08+08:00
Sentiment	sm	Les 7 -s.	七情	ts‘ih zing.		七情		522		true	自旧档汇入	2026-04-13T01:27:08+08:00
Sentiment	sm	Opinion.	主意	i’ se.		意思		522		true	自旧档汇入	2026-04-13T01:27:08+08:00
Sentiment	sm	Opinion.	主意	’tsu i’.		主意		522		true	自旧档汇入	2026-04-13T01:27:08+08:00
Sentiment	sm	N'avoir pas le - des convenances.	不知天高地厚，不识好歹	véh ’hiao teh t‘ié kao di’ ’heû.		勿曉得天高地厚		522		true	自旧档汇入	2026-04-13T01:27:08+08:00
Sentiment	sm	N'avoir pas le - des convenances.	不知天高地厚，不识好歹	véh seh ’h‘ao k‘ieû.		勿識好恘		522		true	自旧档汇入	2026-04-13T01:27:08+08:00
Sentiment	sm	N'avoir pas le - des convenances.	不知天高地厚，不识好歹	ts‘ou zôh gnen.		粗俗人		522		true	自旧档汇入	2026-04-13T01:27:08+08:00
Sentine	sf		船底	zé ’ti.		船底		522		true	自旧档汇入	2026-04-13T01:27:08+08:00
Sentinelle	sf		卫兵	baong ’seû ke’ ping.		防守个兵		522		true	自旧档汇入	2026-04-13T01:27:08+08:00
Sentir	va		觉得	koh zah.		覺着		522		true	自旧档汇入	2026-04-13T01:27:08+08:00
Sentir	va	 - la faim.	觉得饿	koh zah ’dou ’li ngou’.		覺着肚裏餓		522		true	自旧档汇入	2026-04-13T01:27:08+08:00
Sentir	va	Flairer.	闻着	wen zah.		聞着		522	待定 特殊	true	自旧档汇入	2026-04-13T01:27:08+08:00
Sentir	va	Flairer.	闻着	t‘en zah.		吞着		522	待定	true	自旧档汇入	2026-04-13T01:27:08+08:00
Sentir	va	Connaître: ne pas - la force des expressions.	不知道说话的轻重	véh ’hiao teh seh wo’ ke’ k‘ieng ’zong.		勿曉得説話个輕重		522		true	自旧档汇入	2026-04-13T01:27:08+08:00
Sentir	va	Supporter: ne pouvoir -.	看不上	nai’ véh teh.		耐勿得		522		true	自旧档汇入	2026-04-13T01:27:08+08:00
Sentir	va	Supporter: ne pouvoir -.	看不上	k‘eu’ véh zaong’.		看勿上		522		true	自旧档汇入	2026-04-13T01:27:08+08:00
Sentir	va	vu. - l'ail.	有大蒜的味道	’yeû da’ seu’ ke’ k‘i’ mi’.		有大蒜个氣味		522		true	自旧档汇入	2026-04-13T01:27:08+08:00
Sentir	va	 - bon.	香味	hiang.		香		522		true	自旧档汇入	2026-04-13T01:27:08+08:00
Sentir	va	 - mauvais.	臭	ts‘eû’.		臭		522		true	自旧档汇入	2026-04-13T01:27:08+08:00
Séparément	adv		各自，自顾自	koh ze’.		各自		522		true	自旧档汇入	2026-04-13T01:27:08+08:00
Séparément	adv		各自，自顾自	ze’ kou’ ze’.		自顧自		522		true	自旧档汇入	2026-04-13T01:27:08+08:00
Séparément	adv		各自，自顾自	ih ke’ ih ke’.		一个一个		522		true	自旧档汇入	2026-04-13T01:27:08+08:00
Séparer	va	Partager.	分开，隔开	fen k‘ai.		分開		522		true	自旧档汇入	2026-04-13T01:27:08+08:00
Séparer	va	Partager.	分开，隔开	kah k‘ai.		隔開		522		true	自旧档汇入	2026-04-13T01:27:08+08:00
Séparer	va	 - en tirant.	拉开	la k‘ai.		拉開		522		true	自旧档汇入	2026-04-13T01:27:08+08:00
Séparer	va	 - coupant.	截开	zih k‘ai.		截開		522		true	自旧档汇入	2026-04-13T01:27:08+08:00
Séparer	vpr	Se -. Se quitter.	离开，离别	fen ’seû		分手		522		true	自旧档汇入	2026-04-13T01:27:08+08:00
Séparer	vpr	Se -. Se quitter.	离开，离别	li k‘ai.		離開		522		true	自旧档汇入	2026-04-13T01:27:08+08:00
Séparer	vpr	Se -. Se quitter.	离开，离别	li biéh.		離别		522		true	自旧档汇入	2026-04-13T01:27:08+08:00
Séparer	vpr	Se -. Prendre un autre chemin.	分岔路	fen ’tseû.		分走		522		true	自旧档汇入	2026-04-13T01:27:08+08:00
Séparer	vpr	Se -. Prendre un autre chemin.	分岔路	fen lou’.		分路		522		true	自旧档汇入	2026-04-13T01:27:08+08:00
Sept	adj		七	ts‘ih.		七（柒）		522		true	自旧档汇入	2026-04-13T01:27:08+08:00
Septembre	sm		公历九月	si yang ’kieû gneuh.		西洋九月		522		true	自旧档汇入	2026-04-13T01:27:08+08:00
Septembre	sm	Vers le 8 -.	白露	bah lou’.		白露		522		true	自旧档汇入	2026-04-13T01:27:08+08:00
Septembre	sm	Vers le 22 -.	秋分	ts‘ieû fen.		秋分		522		true	自旧档汇入	2026-04-13T01:27:08+08:00
Septentrion	sm		北面	pôh.		北		522		true	自旧档汇入	2026-04-13T01:27:08+08:00
Septentrion	sm		北面	pôh mié’.		北面		522		true	自旧档汇入	2026-04-13T01:27:08+08:00
Septième	adj		第七个	di’ ts‘ih ke’.		第七个		522		true	自旧档汇入	2026-04-13T01:27:08+08:00
Septième	adj	Un -.	七分之一	ts‘ih fen tse ih.		七分之一		522		true	自旧档汇入	2026-04-13T01:27:08+08:00
Septuagénaire	adj		七十岁的	ts‘ih séh su’ ke’.		七十歲个		522		true	自旧档汇入	2026-04-13T01:27:08+08:00
Septuagésime	sf		封斋前第三个主日	fong tsa zié di’ sè ke’ ’tsu gnéh.		封齋前第三个主日		522		true	自旧档汇入	2026-04-13T01:27:08+08:00
Septuple	adj		大七倍	dou’(tou) ts‘ih bei’.		大（多）七倍		522		true	自旧档汇入	2026-04-13T01:27:08+08:00
Septupler	va		增大七倍	ka ts‘ih bei’.		加七倍		522		true	自旧档汇入	2026-04-13T01:27:08+08:00
Sépulcre	sm		坟墓	ven.		墳		522		true	自旧档汇入	2026-04-13T01:27:08+08:00
Sépulcre	sm		坟墓	ven mou’.		墳墓		522		true	自旧档汇入	2026-04-13T01:27:08+08:00
Sépulture	sf		落葬	loh tsaong’.		落葬		522		true	自旧档汇入	2026-04-13T01:27:08+08:00
Sépulture	sf	Recevoir la -.	埋葬	ma tsaong’.		埋葬		522		true	自旧档汇入	2026-04-13T01:27:08+08:00
Séquestrer	va		抄家入官	ts‘ao ka zéh koé.		抄家入官		522		true	自旧档汇入	2026-04-13T01:27:08+08:00
Serein	adj		晴	zing.		晴		522		true	自旧档汇入	2026-04-13T01:27:08+08:00
Serein	adj	Ciel -.	晴天	’h‘ao t‘ié.		好天		522		true	自旧档汇入	2026-04-13T01:27:08+08:00
Serein	adj	Ciel -.	晴天	t‘ié zing.		天晴		522		true	自旧档汇入	2026-04-13T01:27:08+08:00
Serein	adj	Fig. Âme -e.	心平气和的	sin ’li bing eu.		心裏平安		522		true	自旧档汇入	2026-04-13T01:27:08+08:00
Serein	adj	Fig. Âme -e.	心平气和的	sin bing k‘i’ wou.		心平氣和		522		true	自旧档汇入	2026-04-13T01:27:08+08:00
Serf	sm	Esclave.	农奴	nou zai(boh).		奴才（僕）		522	待定	true	自旧档汇入	2026-04-13T01:27:08+08:00
Sergent	sm		中士	nga’ ’wei ts‘ié ’tsong.		外委千總		522		true	自旧档汇入	2026-04-13T01:27:08+08:00
Sergent	sm	 --major.	把总	’pouo ’tsong.		把總		523		true	自旧档汇入	2026-04-13T01:27:08+08:00
Sergent	sm	 - de ville.	巡捕	zin bou’.		巡捕		523		true	自旧档汇入	2026-04-13T01:27:08+08:00
Sérieusement	adv	Sincèrement	认真的，诚心的	gnen’ tsen.		認真		523		true	自旧档汇入	2026-04-13T01:27:08+08:00
Sérieusement	adv	Sincèrement	认真的，诚心的	zeng sin.		誠心		523		true	自旧档汇入	2026-04-13T01:27:08+08:00
Sérieusement	adv	Sincèrement	认真的，诚心的	tsen sin.		真心		523		true	自旧档汇入	2026-04-13T01:27:08+08:00
Sérieusement	adv	Tout de bon.	着实，一本正经	zah zéh.		着實		523		true	自旧档汇入	2026-04-13T01:27:08+08:00
Sérieusement	adv	Tout de bon.	着实，一本正经	ih ’pen tseng’ kieng.		一本正經		523		true	自旧档汇入	2026-04-13T01:27:08+08:00
Sérieusement	adv	Exculsivement.	一门心思	ih men sin se.		一門心思		523		true	自旧档汇入	2026-04-13T01:27:08+08:00
Sérieusement	adv	Sans plaisanterie.	不开玩笑	véh ze’ long’ béh siang’.		勿是弄孛相		523		true	自旧档汇入	2026-04-13T01:27:08+08:00
Sérieux	adj	(Homme).	严肃的，认真的人	’heû(zeng’) ’zong gnen.		厚（鄭）重人		523		true	自旧档汇入	2026-04-13T01:27:08+08:00
Sérieux	adj	Chose sérieuse.	大事，重大的	dou’ ze’ ’t‘i.		大事體		523		true	自旧档汇入	2026-04-13T01:27:08+08:00
Sérieux	adj	Chose sérieuse.	大事，重大的	’zong da’ ke’.		重大个		523		true	自旧档汇入	2026-04-13T01:27:08+08:00
Sérieux	adj	[Maladie]sérieuse.	严重的	’zong.		重		523		true	自旧档汇入	2026-04-13T01:27:08+08:00
Sérieux	adj	[Maladie]sérieuse.	严重的	li’ hai’.		利害		523		true	自旧档汇入	2026-04-13T01:27:08+08:00
Sérieux	adj	Prendre au -.	信以为真	sin’ ’i wei tsen.		信以為真		523		true	自旧档汇入	2026-04-13T01:27:08+08:00
Sérieux	adj	Prendre au -.	信以为真	tsoh ghi tsen.		作其真		523		true	自旧档汇入	2026-04-13T01:27:08+08:00
Sérieux	adj	Langage -.	实话	zéh wo’.		實話		523		true	自旧档汇入	2026-04-13T01:27:08+08:00
Sérieux	adj	Remarquable[Talent -.]	卓越的	ghèh zéh wo’	gèh zéh wo’	[扌吉力]實話		523		true	自旧档汇入	2026-04-13T01:27:08+08:00
Sérieux	adj	Remarquable[Talent -.]	卓越的	ts‘éh ’teng ke’.		出等个		523		true	自旧档汇入	2026-04-13T01:27:08+08:00
Serin	sm		金丝雀	ze zen ’tiao [ih tsah].		時辰窵[一隻]	時辰鳥[一隻]	523		true	自旧档汇入	2026-04-13T01:27:08+08:00
Seringue	sf		喷射器，注射器	zèh(zah) ’se ’koé.		扱（射）水管	？（射）水管	523		true	自旧档汇入	2026-04-13T01:27:08+08:00
Seringuer	va		喷洒，注射	zèh ih zèh.		扱一扱	？一？	523		true	自旧档汇入	2026-04-13T01:27:08+08:00
Serment	sm		誓	ze’.		誓		523		true	自旧档汇入	2026-04-13T01:27:08+08:00
Serment	sm	Faire un faux -.	发假誓	fèh hiu ze’.		發虚誓		523		true	自旧档汇入	2026-04-13T01:27:08+08:00
Serment	sm	 - avec imprécations.	罚咒	vèh tseû’.		罰咒		523		true	自旧档汇入	2026-04-13T01:27:08+08:00
Sermon	sm		道理	dao’ ’li.		道理		523		true	自旧档汇入	2026-04-13T01:27:08+08:00
Sermon	sm	Faire un -.	讲道理	’kaong dao’ ’li.		講道理		523		true	自旧档汇入	2026-04-13T01:27:08+08:00
Sermonner	va	qqn.	教训	kiao’ hiun’ i.		教訓伊		523		true	自旧档汇入	2026-04-13T01:27:08+08:00
Serpent	sm		一条蛇	zouo [ih diao].		蛇[一條]		523		true	自旧档汇入	2026-04-13T01:27:08+08:00
Serpenter	vn	[Chemin].	弯弯曲曲	wè wè k‘iôh k‘iôh.		彎彎曲曲		523		true	自旧档汇入	2026-04-13T01:27:08+08:00
Serpenter	vn	[Chemin].	弯来弯去	wè lai wè k‘i’.		彎來彎去		523		true	自旧档汇入	2026-04-13T01:27:08+08:00
Serre	sf	pour fleurs.	一间花房	h‘ouo waong [ih kè].		花房[一間]		523		true	自旧档汇入	2026-04-13T01:27:08+08:00
Serre	sf	 - d'oiseau de proie.	鸟爪	’tiao ’tsao kiah.		窵爪脚	鳥爪脚	523		true	自旧档汇入	2026-04-13T01:27:08+08:00
Serré	adj	Pressé. Dru.	绷紧的	’kien.		緊		523		true	自旧档汇入	2026-04-13T01:27:08+08:00
Serré	adj	Pressé. Dru.	绷紧的	ghèh ’kien	gèh ’kien	劼緊	？緊	523		true	自旧档汇入	2026-04-13T01:27:08+08:00
Serré	adj	Pressé. Dru.	绷紧的	mih ’mang.		密稝		523		true	自旧档汇入	2026-04-13T01:27:08+08:00
Serré	adj	Pressé. Dru.	绷紧的	’mang.		稝		523		true	自旧档汇入	2026-04-13T01:27:08+08:00
Serré	adj	Fig. Avare.	吝啬的	k‘è lin’.		慳吝		523		true	自旧档汇入	2026-04-13T01:27:08+08:00
Serré	adj	Fig. Avare.	吝啬的	’siao k‘i’ ke’.		小器个		523		true	自旧档汇入	2026-04-13T01:27:08+08:00
Serrer	va	dans la main.	束紧，拧紧	ts‘eng zu’(lao).		挣住（牢）	？住（牢）	523	待定	true	自旧档汇入	2026-04-13T01:27:08+08:00
Serrer	va	dans la main.	束紧，拧紧	gnèh zu’.		捻住	捏住	523		true	自旧档汇入	2026-04-13T01:27:08+08:00
Serrer	va	Rapprocher: - les jambes.	大腿并拢	dou’ ’t‘ei ’ping ’long lai.		大腿並攏來		523		true	自旧档汇入	2026-04-13T01:27:08+08:00
Serrer	va	 -[l'ennemi].	逼近	’kien bou’ tsu zaong’ k‘i’.		緊步追上去		523		true	自旧档汇入	2026-04-13T01:27:08+08:00
Serrer	va	 -[l'ennemi].	逼近	pih ghien’.		逼近		523		true	自旧档汇入	2026-04-13T01:27:08+08:00
Serrer	va	Mettre en lieu sûr.	收拾	seû zéh(ngéh).		收拾		523		true	自旧档汇入	2026-04-13T01:27:08+08:00
Serrer	va	 - de l'argent.	藏银子	zaong k‘ang’ gnen ’tse.	zaong k‘aong’ gnen ’tse	藏抗銀子	藏囥銀子	523		true	自旧档汇入	2026-04-13T01:27:08+08:00
Serrer	va	Comprimer.	压，挤	k‘èh.		壓	？	523		true	自旧档汇入	2026-04-13T01:27:08+08:00
Serrer	va	Comprimer.	压，挤	’tsi.		擠		523		true	自旧档汇入	2026-04-13T01:27:08+08:00
Serrer	va	Comprimer.	压，挤	k‘ien’.		撳		523		true	自旧档汇入	2026-04-13T01:27:08+08:00
Serrer	va	Comprimer.	压，挤	a a ’kien.		挨挨緊		523		true	自旧档汇入	2026-04-13T01:27:08+08:00
Serrer	va	La foule me serre.	人群推挤我	gnen ghèh ’ngou.	gnen gèh ’ngou	人劼我		523		true	自旧档汇入	2026-04-13T01:27:08+08:00
Serrer	vr	Se -.	挤，拥	’tsi.		擠		523		true	自旧档汇入	2026-04-13T01:27:08+08:00
Serrer	vr	Se -.	挤，拥	ghèh.	gèh	劼		523		true	自旧档汇入	2026-04-13T01:27:08+08:00
Serrer	vr	Se -.	挤，拥	yong	’yong	擁		523		true	自旧档汇入	2026-04-13T01:27:08+08:00
Serrure	sf		一把锁	’sou [ih ’pouo].		鎖[一把]		523		true	自旧档汇入	2026-04-13T01:27:08+08:00
Servant	sm		伺候人的人	siang paong gnen.		相幫人		523		true	自旧档汇入	2026-04-13T01:27:08+08:00
Servant	sm		伺候人的人	yong’ gnen.		用人	傭人	523	待定	true	自旧档汇入	2026-04-13T01:27:08+08:00
Servant	sm	 - de messe.	副弥撒的	wou’ mi-sèh ke’.		副彌撒个	輔彌撒个	524		true	自旧档汇入	2026-04-13T01:27:08+08:00
Servante	sf		女仆	o deû.		丫頭		524		true	自旧档汇入	2026-04-13T01:27:08+08:00
Servante	sf		女仆	’gnu siang paong.		女相幫		524		true	自旧档汇入	2026-04-13T01:27:08+08:00
Servante	sf		女仆	ah ma.		阿媽		524		true	自旧档汇入	2026-04-13T01:27:08+08:00
Servante	sf		女仆	dou’ ma.		大媽		524		true	自旧档汇入	2026-04-13T01:27:08+08:00
Serviable	adj		乐于助人	’hi hoé siang paong biéh gnen.	’hi h‘oé siang paong biéh gnen.	喜歡相幫别人		524		true	自旧档汇入	2026-04-13T01:27:08+08:00
Service	sm	Emploi.	本分	’pen ven’.		本分		524		true	自旧档汇入	2026-04-13T01:27:08+08:00
Service	sm	Usage.	有用处	’yeû yong’ zang.		有用場		524		true	自旧档汇入	2026-04-13T01:27:08+08:00
Service	sm	Hors de -.	不中用的	véh tsong’ yong’ ke’ ’tsé.		勿中用个者		524		true	自旧档汇入	2026-04-13T01:27:08+08:00
Service	sm	Bon office: rendre -.	帮助	siang paong.		相幫		524		true	自旧档汇入	2026-04-13T01:27:08+08:00
Service	sm	Je puis vous rendre ce -.	我能帮你	’ngou neng keû’ siang paong nong’.		我能彀相幫儂		524		true	自旧档汇入	2026-04-13T01:27:08+08:00
Serviette	sf	de table.	毛巾	vè’ ’seû kien.		飯手巾		524		true	自旧档汇入	2026-04-13T01:27:08+08:00
Serviette	sf	 - de toilette.	餐巾	k‘a mié’ ’seû kien [ih diao].		揩面手巾[一條]		524		true	自旧档汇入	2026-04-13T01:27:08+08:00
Servile	adj	Vil.	卑贱的	pei zié’.		卑賤		524		true	自旧档汇入	2026-04-13T01:27:08+08:00
Servile	adj	S'abstenir d'œuvres -s.	罢工	véh tsou’ sang wéh.		勿做生活		524		true	自旧档汇入	2026-04-13T01:27:08+08:00
Servile	adj	S'abstenir d'œuvres -s.	罢工	’bouo kong.		罷工		524		true	自旧档汇入	2026-04-13T01:27:08+08:00
Servile	adj	S'abstenir une demi-journée.	罢半工	’bouo pé’ kong.		罷半工		524		true	自旧档汇入	2026-04-13T01:27:08+08:00
Servile	adj	S'abstenir toute la journée.	全日罢工	zié gnéh ’bouo kong.		全日罷工		524		true	自旧档汇入	2026-04-13T01:27:08+08:00
Servir	va		服侍	woh ze’.		服事		524		true	自旧档汇入	2026-04-13T01:27:08+08:00
Servir	va	 - Dieu.	奉事天主	wong’ ze’(kong kieng’, kieng’ wong’)T‘ié ’tsu.		奉事（恭敬，敬奉）天主		524		true	自旧档汇入	2026-04-13T01:27:08+08:00
Servir	va	 - ses parents.	奉事父母	wong’ ze’ vou’ ’mou.		奉事父母		524		true	自旧档汇入	2026-04-13T01:27:08+08:00
Servir	va	 - la messe.	副弥撒的	wou’ mi-sèh.		副彌撒	輔彌撒	524		true	自旧档汇入	2026-04-13T01:27:08+08:00
Servir	va	 - le dîner.	送饭	pé vè’.		搬飯		524		true	自旧档汇入	2026-04-13T01:27:08+08:00
Servir	va	 - le dîner.	送饭	song’ vè’.		送飯		524		true	自旧档汇入	2026-04-13T01:27:08+08:00
Servir	va	 - un malade.	服务病人	’ze wong’(woh ze’) bing’ gnen.	ze’ wong’(woh ze’) bing’ gnen	侍奉（服事）病人		524		true	自旧档汇入	2026-04-13T01:27:08+08:00
Servir	va	Difficile à -.	难服侍的	nè woh ze’ ke’.		難服事个		524		true	自旧档汇入	2026-04-13T01:27:08+08:00
Servir	vn	Être soldat.	当兵	taong(tsou’) ping.		當（做）兵		524		true	自旧档汇入	2026-04-13T01:27:08+08:00
Servir	vn	Être serviteur.	帮助	paong.		幫		524		true	自旧档汇入	2026-04-13T01:27:08+08:00
Servir	vn	Être serviteur.	帮助	siang paong.		相幫		524		true	自旧档汇入	2026-04-13T01:27:08+08:00
Servir	vn	Il ne sert de rien de…	毫无用处	m sa’(hao wou) yong’ deû.		無啥（毫無）用頭	嘸啥（毫嘸）用頭	524		true	自旧档汇入	2026-04-13T01:27:08+08:00
Servir	vn	Cela ne peut pas -.	用不着，不能用的	yong’ véh zah.		用勿着		524		true	自旧档汇入	2026-04-13T01:27:08+08:00
Servir	vn	Cela ne peut pas -.	用不着，不能用的	véh neng yong’ ke’.		勿能用个		524		true	自旧档汇入	2026-04-13T01:27:08+08:00
Servir	vn	Cela ne peut pas -.	用不着，不能用的	m yong’ zang ke’.		無用場个	嘸用場个	524		true	自旧档汇入	2026-04-13T01:27:08+08:00
Servir	vn	Cela ne peut pas -.	用不着，不能用的	véh ’h‘ao yong’.		勿好用		524		true	自旧档汇入	2026-04-13T01:27:08+08:00
Servir	vn	Tenir lieu de: - à qqn de père.	当某人的父亲	taong’ i ke’ vou’ ts‘in.	taong i ke’ vou’ ts‘in	當伊个父親		524		true	自旧档汇入	2026-04-13T01:27:08+08:00
Servir	vr	Se - de. 	使用	yong’.		用		524		true	自旧档汇入	2026-04-13T01:27:08+08:00
Servir	vr	Se - de. 	使用	kieng yong’.		經用		524		true	自旧档汇入	2026-04-13T01:27:08+08:00
Serviteur	sm		佣人	siang paong(’ti ’hao) gnen.		相幫（底下）人		524		true	自旧档汇入	2026-04-13T01:27:08+08:00
Serviteur	sm		佣人	yong’ gnen.		用人		524		true	自旧档汇入	2026-04-13T01:27:08+08:00
Serviteur	sm	Employé de magasin.	伙计	’hou ki’.	’h‘ou ki’	夥計		524		true	自旧档汇入	2026-04-13T01:27:08+08:00
Serviteur	sm	Commissionnaire.	代理人，代理商	ts‘éh tié’.		出店		524		true	自旧档汇入	2026-04-13T01:27:08+08:00
Serviteur	sm	 - à faire.	佣人	zéh taong ts‘a.		雜當差		524		true	自旧档汇入	2026-04-13T01:27:08+08:00
Servitude	sf		奴才的地位	nou zai ke’ di’ wei’.		奴才个地位		524		true	自旧档汇入	2026-04-13T01:27:08+08:00
Servitude	sf	Ce passage est une - inaliénable.	这是老路	ze’ ’lao(kong, kieng) lou’.		是老（公，經）路		524		true	自旧档汇入	2026-04-13T01:27:08+08:00
Servitude	sf		强制的	véh neng miéh(pi’) t‘éh ke’.		勿能滅（閉）脱个		524		true	自旧档汇入	2026-04-13T01:27:08+08:00
Sésame	sm		芝麻	tse mô		芝麻		524		true	自旧档汇入	2026-04-13T01:27:08+08:00
Sésame	sm	Huile de -.	麻油	mô yeû.		麻油		525		true	自旧档汇入	2026-04-13T01:27:08+08:00
Seuil	sm		门槛	men ’k‘è.		門檻		525		true	自旧档汇入	2026-04-13T01:27:08+08:00
Seul	adj		单独的	ih keu ’tse.		一干子		525		true	自旧档汇入	2026-04-13T01:27:08+08:00
Seul	adj		单独的	dôh keu ’tse.		獨干子		525		true	自旧档汇入	2026-04-13T01:27:08+08:00
Seul	adj	Un -.	唯一的	péh kou’ ih ke’.		不過一个		525		true	自旧档汇入	2026-04-13T01:27:08+08:00
Seul	adj	Tout -. Sans aide.	一个人，自己	ih ka deû.		一家頭		525		true	自旧档汇入	2026-04-13T01:27:08+08:00
Seul	adj	Tout -. Sans aide.	一个人，自己	ze’ ka.		自家		525		true	自旧档汇入	2026-04-13T01:27:08+08:00
Seul	adj	Tout -. Sans famille.	单身汉	tè sen dôh h‘eu’.		單身獨漢		525		true	自旧档汇入	2026-04-13T01:27:08+08:00
Seul	adj	Vivre -.	独居	dôh zu’.		獨住		525		true	自旧档汇入	2026-04-13T01:27:08+08:00
Seul	adj	Vivre -.	独居	kou gnen(sen).		孤人（身）		525		true	自旧档汇入	2026-04-13T01:27:08+08:00
Seulement	adv		单单，唯独，只	tè tè		單單		525		true	自旧档汇入	2026-04-13T01:27:08+08:00
Seulement	adv		单单，唯独，只	wi dôh.		惟獨		525		true	自旧档汇入	2026-04-13T01:27:08+08:00
Seulement	adv		单单，唯独，只	dôh ze’.		獨是		525		true	自旧档汇入	2026-04-13T01:27:08+08:00
Seulement	adv		单单，唯独，只	tséh.		只		525		true	自旧档汇入	2026-04-13T01:27:08+08:00
Seulement	adv		单单，唯独，只	dè’ péh kou’.		但不過		525		true	自旧档汇入	2026-04-13T01:27:08+08:00
Seulement	adv	C'est - que…	不过是，只是	péh kou’ ze’.		不過是		525		true	自旧档汇入	2026-04-13T01:27:08+08:00
Seulement	adv	Non -… mais.	不单单	véh tè.		勿單		525		true	自旧档汇入	2026-04-13T01:27:08+08:00
Seulement	adv	Non -… mais.	不单单	vèh tè tè		勿單單		525		true	自旧档汇入	2026-04-13T01:27:08+08:00
Seulement	adv	Non -… mais.	不单单	péh dôh.		不獨		525		true	自旧档汇入	2026-04-13T01:27:08+08:00
Seulement	adv	Non -… mais.	不单单	véh ’tse.		勿止		525		true	自旧档汇入	2026-04-13T01:27:08+08:00
Seulement	adv	Si -… alors…	单……就	tè(tséh)…zieû’.		單（只）…就		525		true	自旧档汇入	2026-04-13T01:27:08+08:00
Seulement	adv	Il y - un instant.	立即	k‘èh k‘èh		恰恰		525		true	自旧档汇入	2026-04-13T01:27:08+08:00
Seulement	adv	Il y - un instant.	立即	zu tsih.		如即		525		true	自旧档汇入	2026-04-13T01:27:08+08:00
Seulement	adv	Il y - un instant.	立即	tsih k‘eh.		即刻		525		true	自旧档汇入	2026-04-13T01:27:08+08:00
Sève	sf		树汁	tséh ’se.		汁水		525		true	自旧档汇入	2026-04-13T01:27:08+08:00
Sève	sf		树汁	zu’ tséh.		樹汁		525		true	自旧档汇入	2026-04-13T01:27:08+08:00
Sève	sf	Fig. Force.	精神	tsing zen.		精神		525		true	自旧档汇入	2026-04-13T01:27:08+08:00
Sévère	adj		凶	hiong.		凶		525		true	自旧档汇入	2026-04-13T01:27:08+08:00
Sévère	adj		威严的，严厉的	gné ’kien.		嚴緊		525		true	自旧档汇入	2026-04-13T01:27:08+08:00
Sévère	adj		威严的，严厉的	wei gné.		威嚴		525		true	自旧档汇入	2026-04-13T01:27:08+08:00
Sévère	adj		威严的，严厉的	li’ hai’.		利害		525		true	自旧档汇入	2026-04-13T01:27:08+08:00
Sévère	adj		威严的，严厉的	’pè.		板		525		true	自旧档汇入	2026-04-13T01:27:08+08:00
Sévèrement	adv		严厉地	’zong ’zong ’li		重重裏		525		true	自旧档汇入	2026-04-13T01:27:08+08:00
Sévèrement	adv		严厉地	sèh sèh kiao’.		[口煞][口煞]教	？？叫	525		true	自旧档汇入	2026-04-13T01:27:08+08:00
Sévérité	sf		严厉	hiong.		凶		525		true	自旧档汇入	2026-04-13T01:27:08+08:00
Sévérité	sf		严厉	gné li’.		嚴利	嚴厲	525	待定	true	自旧档汇入	2026-04-13T01:27:08+08:00
Sévérité	sf	Avec -.	严格	ts‘èh(sèh) lèh.		察（殺）辣	？（？）？	525	待定	true	自旧档汇入	2026-04-13T01:27:08+08:00
Sévir	vn	contre qqn.	打击某人	’dai i li’ hai’.		待伊利害		525		true	自旧档汇入	2026-04-13T01:27:08+08:00
Sévir	vn	contre qqn.	打击某人	bè’ i.		辦伊		525		true	自旧档汇入	2026-04-13T01:27:08+08:00
Sévir	vn	La maladie sévit.	这种疾病很猖獗	ze yôh tseng’ zeng.	ze yôh tseng’ zeng’	時疫症盛		525		true	自旧档汇入	2026-04-13T01:27:08+08:00
Sevrer	va		使……断奶	kah(’deu,li) ’na.		隔（斷，離）奶		525		true	自旧档汇入	2026-04-13T01:27:08+08:00
Sexagénaire	adj		六十岁的	lôh séh su’ ke’.		六十歲个		525		true	自旧档汇入	2026-04-13T01:27:08+08:00
Sexagénaire	adj		花甲之年	h‘ouo kèh tse gné.		花甲之年		525		true	自旧档汇入	2026-04-13T01:27:08+08:00
Sexagésime	sf		封斋前第二个主日	fong tsa zié di’ gni’ ke’ ’tsu gnéh.		封齋前第二个主日		525		true	自旧档汇入	2026-04-13T01:27:08+08:00
Sexe	sm		男女，阴阳	né ’gnu.		男女		525		true	自旧档汇入	2026-04-13T01:27:08+08:00
Sexe	sm		男女，阴阳	yen yang.		陰陽		525		true	自旧档汇入	2026-04-13T01:27:08+08:00
Sexe	sm	[animaux].	雌雄，公母	ts‘e yong.		雌雄		525		true	自旧档汇入	2026-04-13T01:27:08+08:00
Sexe	sm	[animaux].	雌雄，公母	kong ’mou.		公母		525		true	自旧档汇入	2026-04-13T01:27:08+08:00
Sexe	sm	Sans distinction de -.	不论男女	véh len’ né ’gnu.		勿論男女		525		true	自旧档汇入	2026-04-13T01:27:08+08:00
Sexe	sm	Personnes du -.	女人家，女流之辈	’gnu gnen ka.		女人家		525		true	自旧档汇入	2026-04-13T01:27:08+08:00
Sexe	sm	Personnes du -.	女人家，女流之辈	’gnu gnen (lieû) tse pei’.		女人（流）之輩		525		true	自旧档汇入	2026-04-13T01:27:08+08:00
Sextant	sm		六分仪	liang t‘ié ts‘ah [ih ken].		量天尺[一根]		525		true	自旧档汇入	2026-04-13T01:27:08+08:00
Sextuple	adj		大六倍	dou’(tou) lôh bei’.		大（多）六倍		525		true	自旧档汇入	2026-04-13T01:27:08+08:00
Sextupler	va		增加六倍	ka(bei’) lôh bei’.		加（倍）六倍		525		true	自旧档汇入	2026-04-13T01:27:08+08:00
Sexuel	adj	Organes -s.	下身，下部	’hao sen.		下身		525		true	自旧档汇入	2026-04-13T01:27:08+08:00
Sexuel	adj	Organes -s.	下身，下部	’hao bou’.		下部		525		true	自旧档汇入	2026-04-13T01:27:08+08:00
Si	conj		倘使，假使	’t‘aong ’se.		倘使		525		true	自旧档汇入	2026-04-13T01:27:08+08:00
Si	conj		倘使，假使	zah ’se.		若使		525		true	自旧档汇入	2026-04-13T01:27:08+08:00
Si	conj		倘使，假使	’kia ’se teh.		假使得		525		true	自旧档汇入	2026-04-13T01:27:08+08:00
Si	conj		倘使，假使	zah zé.		若然		525		true	自旧档汇入	2026-04-13T01:27:08+08:00
Si	conj	 - vraiment.	如果	zu ’kou.		如果		525		true	自旧档汇入	2026-04-13T01:27:08+08:00
Si	conj	 - ce n'est lui, qui est-ce?	这不是他，那是谁？	véh ze’ i ze’ sa’ gnen?		勿是伊是啥人		525		true	自旧档汇入	2026-04-13T01:27:08+08:00
Si	adv	Tellement…que.	如此，以致	zéh ka’ neng ke’.		實介能个		525		true	自旧档汇入	2026-04-13T01:27:08+08:00
Si	adv	Tellement…que.	如此，以致	zu ’ts‘e.		如此		525		true	自旧档汇入	2026-04-13T01:27:08+08:00
Si	adv	Tellement…que.	如此，以致	’i ’tse.	’i tse’	以致		525		true	自旧档汇入	2026-04-13T01:27:08+08:00
Siam	sm		暹罗国	sié lou kôh.		暹羅國		525		true	自旧档汇入	2026-04-13T01:27:08+08:00
Sicaire	sm		凶手，刺客	hiong ’seû.		凶手		525		true	自旧档汇入	2026-04-13T01:27:08+08:00
Sicaire	sm		凶手，刺客	tse’ k‘ah.	ts‘e’ k‘ah	刺客		525		true	自旧档汇入	2026-04-13T01:27:08+08:00
Siccatif	adj		促使干燥	keu ts‘ih.		乾漆		525		true	自旧档汇入	2026-04-13T01:27:08+08:00
Siccatif	sm		促使干燥的	keu ts‘ih yah.		乾漆藥		525		true	自旧档汇入	2026-04-13T01:27:08+08:00
Siècle	sm		百年	ih pah gné		一百年		526		true	自旧档汇入	2026-04-13T01:27:08+08:00
Siècle	sm	Ds tous les Siècles.	世世代代	se’ se’ dai’ dai’		世世代代		526		true	自旧档汇入	2026-04-13T01:27:08+08:00
Siècle	sm	Les affaires du Siècle.	世事	se’ zôh ke’ ze’ ’t‘i		世俗个事體		526		true	自旧档汇入	2026-04-13T01:27:08+08:00
Siècle	sm	Le Siècle futur.(C.).	长生	zang seng		長生		526		true	自旧档汇入	2026-04-13T01:27:08+08:00
Siècle	sm	Le Siècle futur.(Pa.).	后世	heû’ se’		後世		526		true	自旧档汇入	2026-04-13T01:27:08+08:00
Siècle	sm	Jusqu’à la fin des Siècles.	到世界尽头	tao’ se’ ka’ ghiong zin’		到世界窮盡		526		true	自旧档汇入	2026-04-13T01:27:08+08:00
Siège	sm		椅子	yu’ ’tse		椅子		526		true	自旧档汇入	2026-04-13T01:27:08+08:00
Siège	sm	Siège d’honneur.	座位	’zou wei’		座位		526		true	自旧档汇入	2026-04-13T01:27:08+08:00
Siège	sm	Occuperle Siège d’honneur.	坐上座	’zou zaong’ ’zou		坐上座		526		true	自旧档汇入	2026-04-13T01:27:08+08:00
Siège	sm	Occuperle Siège d’honneur.	坐上座	’zou deû wei’		坐頭位		526		true	自旧档汇入	2026-04-13T01:27:08+08:00
Siège	Fig	Siège d’un Empire.	京城	kieng zeng		京城		526		true	自旧档汇入	2026-04-13T01:27:08+08:00
Siège	Fig	Siège de la maladie.	患处	t‘ong’(wè’)ts‘u’		痛（患）處		526		true	自旧档汇入	2026-04-13T01:27:08+08:00
Siège	Fig	Faire le Siège d’une ville.	包围一座城市	wei k‘oen’ zeng ze		圍困城池		526		true	自旧档汇入	2026-04-13T01:27:08+08:00
Sièger	vn	à son tribunal.	出席，占有席位	’zou daong		坐堂		526		true	自旧档汇入	2026-04-13T01:27:08+08:00
Sien	adj		他的	i ke’		伊个		526		true	自旧档汇入	2026-04-13T01:27:08+08:00
Sien	adj		他的	ze’ i ke’		自伊个		526		true	自旧档汇入	2026-04-13T01:27:08+08:00
Sien	sm	Les Siens:partisans.	党徒	i sen pié ke’ gnen		伊身邊个人		526		true	自旧档汇入	2026-04-13T01:27:08+08:00
Sien	sm	Les Siens:parents.	亲人	ze’ ka ôh ’li gnen		自家屋裏人		526		true	自旧档汇入	2026-04-13T01:27:08+08:00
Sleste	sf	Faire la Sleste.	午睡	hiéh tséh		歇昃		526		true	自旧档汇入	2026-04-13T01:27:08+08:00
Sleste	sf	Faire la Sleste.	午睡	hiéh gnéh tsong sin		歇日中心		526		true	自旧档汇入	2026-04-13T01:27:08+08:00
Sleste	sf	Faire la Sleste.	午睡	k‘oen’ ’hao tseû’ hoéh	k‘oen’ ’hao tseû’ h‘oéh	睏下晝惚	睏下晝寣	526		true	自旧档汇入	2026-04-13T01:27:08+08:00
Siffler	vn. et va.		嘶叫，吹口哨	se		嘶		526		true	自旧档汇入	2026-04-13T01:27:08+08:00
Siffler	vn. et va.		嘶叫，吹口哨	’tse ’li hiu ’li hiu ’li		嘴裏呴裏呴裏		526	待定	true	自旧档汇入	2026-04-13T01:27:08+08:00
Siffler	vn. et va.		嘶叫，吹口哨	ts‘e kiao’ ’tse		吹叫子		526		true	自旧档汇入	2026-04-13T01:27:08+08:00
Sifflet	sm		哨子	kiao’ ’tse		叫子		526		true	自旧档汇入	2026-04-13T01:27:08+08:00
Sifflet	sm		哨子	k‘i’ ’koé		汽管		526		true	自旧档汇入	2026-04-13T01:27:08+08:00
Signal	sm		信号	hao’		號		526		true	自旧档汇入	2026-04-13T01:27:08+08:00
Signal	sm	Drapeau servant de Signal.	号旗	hao’ ghi		號旗		526		true	自旧档汇入	2026-04-13T01:27:08+08:00
Signalement	sm		体貌特征	mié’(yeng)yong		面（形）容		526		true	自旧档汇入	2026-04-13T01:27:08+08:00
Signalement	sm		体貌特征	mié’ mao’ ts‘ah		面貌册		526		true	自旧档汇入	2026-04-13T01:27:08+08:00
Signalement	sm	Donner le Signalement.	提供体貌特征	wo’ ’yeng dou yeng		畫影圖形		526		true	自旧档汇入	2026-04-13T01:27:08+08:00
Signaler	va		标明，示意	kao’ sou’		告訴		526		true	自旧档汇入	2026-04-13T01:27:08+08:00
Signaler	va		标明，示意	’tse ’tié		指点		526		true	自旧档汇入	2026-04-13T01:27:08+08:00
Signaler	va		标明，示意	wei deû		回頭		526		true	自旧档汇入	2026-04-13T01:27:08+08:00
Signaler	va		标明，示意	koè tsao’(wei’,ts‘ih)		關照（會，切）		526	待定 可能是關懷	true	自旧档汇入	2026-04-13T01:27:08+08:00
Signaler	vr	Se Sigualer.	出名，引人注意	ts‘éh ming		出名		526		true	自旧档汇入	2026-04-13T01:27:08+08:00
Signaler	vr	Se Sigualer.	出名，引人注意	’hié yang		顯揚		526		true	自旧档汇入	2026-04-13T01:27:08+08:00
Signature	sf		签署，签名	h‘ouo èh(ze’)		花押（字）		526		true	自旧档汇入	2026-04-13T01:27:08+08:00
Signature	sf		签署，签名	ts‘ié ming		簽名		526		true	自旧档汇入	2026-04-13T01:27:08+08:00
Signe	sm		记号，标记	ki’ gnen’		記認		526		true	自旧档汇入	2026-04-13T01:27:08+08:00
Signe	sm	Marquer d’un Sigue.	作记号	tsou’ ke’ ki’ hao’		做个記號		526		true	自旧档汇入	2026-04-13T01:27:08+08:00
Signe	sm	Faire un Sigue de tête affirmatif.	点点头	’tié ’tié deû		點點頭		526		true	自旧档汇入	2026-04-13T01:27:08+08:00
Signe	sm	Faire un Sigue de tête affirmatif.	点点头	tèh tèh deû		答答頭		526	待定	true	自旧档汇入	2026-04-13T01:27:08+08:00
Signe	sm	Faire un négatif.	摇头	yao deû		摇頭		526		true	自旧档汇入	2026-04-13T01:27:08+08:00
Signe	sm	Faire Sigue de la main pr appeler.	招手	tsao(’wé)’seû		招（捥）手		526	待定	true	自旧档汇入	2026-04-13T01:27:08+08:00
Signe	sm	Faire Sigue de la main pr appeler.	招手	tsao i lai		招伊來		526		true	自旧档汇入	2026-04-13T01:27:08+08:00
Signe	sm	Faire Sigue pour nier.	摇手	yao ’seû		摇手		526		true	自旧档汇入	2026-04-13T01:27:08+08:00
Signe	sm	Faire Sigue des yeux.	眨眨眼	sèh ’ngè		[目臿]眼		526		true	自旧档汇入	2026-04-13T01:27:08+08:00
Signe	sm	Faire Sigue des yeux.	眨眨眼	sèh sèh ’ngè tsing		[目臿][目臿]眼睛		526		true	自旧档汇入	2026-04-13T01:27:08+08:00
Signe	sm	Parler par Sigues.	做手势	tsou’(’yen)’seû se’	tsou’(’yé)’seû se’	做（演）手勢		526		true	自旧档汇入	2026-04-13T01:27:08+08:00
Signe	sm	Indice.	迹象	bing kiu’		憑據		526		true	自旧档汇入	2026-04-13T01:27:08+08:00
Signe	sm	Indice.	迹象	’yeng ’tse		影子		526		true	自旧档汇入	2026-04-13T01:27:08+08:00
Signe	sm	Présage.	征兆	yu’ zao’		預兆		526		true	自旧档汇入	2026-04-13T01:27:08+08:00
Signe	sm	Les 12 Sigues du zodiaque.	黄道十二宫	waong dao’ zéh gni’ kong		黄道十二宫		526		true	自旧档汇入	2026-04-13T01:27:08+08:00
Signer	va	Signer un acte.	签署契约	ts‘ié(tsah)h‘ouo èh(ze’)		簽（著）花押（字）		526		true	自旧档汇入	2026-04-13T01:27:08+08:00
Signer	vr	Se Signer.	划十字	wah zéh ze’		劃十字		526		true	自旧档汇入	2026-04-13T01:27:08+08:00
Signet	sm		书签带	kèh kieng ta’		夾經帶		526		true	自旧档汇入	2026-04-13T01:27:08+08:00
Signification	sf		意义，意思	i’ se		意思		527		true	自旧档汇入	2026-04-13T01:27:08+08:00
Signification	sf		意义，意思	’kaong kieû’		講究		527		true	自旧档汇入	2026-04-13T01:27:08+08:00
Signification	sf		意义，意思	ze’ gni’		字義		527		true	自旧档汇入	2026-04-13T01:27:08+08:00
Signifier	va		表示，意味着	’yeû i’ se		有意思		527		true	自旧档汇入	2026-04-13T01:27:08+08:00
Signifier	va		表示，意味着	’ka seh		解説		527		true	自旧档汇入	2026-04-13T01:27:08+08:00
Signifier	va	Que signifie ce mot?	这句话什么意思？	di’ kiu’ sa’ ’ka seh？		第句啥解説		527		true	自旧档汇入	2026-04-13T01:27:08+08:00
Signifier	va	Qu’est-ce que cela signife?	这是什么意思？	ze’ sa’ ke’ dao’ ’li gni?		是啥个道理呢		527		true	自旧档汇入	2026-04-13T01:27:08+08:00
Signifier	va	Cela ne signifie rien.	不要紧，没事的	m sa’ yao’ ’kien		没啥要緊	嘸啥要緊	527		true	自旧档汇入	2026-04-13T01:27:08+08:00
Signifier	va	Cela ne signifie rien.	不要紧，没事的	véh seu’ sa’		勿算啥		527		true	自旧档汇入	2026-04-13T01:27:08+08:00
Signifier	va	Cela ne signifie rien.	不要紧，没事的	véh koè ze’		勿關事		527		true	自旧档汇入	2026-04-13T01:27:08+08:00
Silence	sm		寂静，沉默	pieh ’zing		畢静		527	待定	true	自旧档汇入	2026-04-13T01:27:08+08:00
Silence	sm		寂静，沉默	zih ’zing		寂静		527		true	自旧档汇入	2026-04-13T01:27:08+08:00
Silence	sm		寂静，沉默	’zing ’la		静拉		527		true	自旧档汇入	2026-04-13T01:27:08+08:00
Silence	sm		寂静，沉默	pi’ ’k‘eû wou yé		閉口無言		527		true	自旧档汇入	2026-04-13T01:27:08+08:00
Silence	sm	Silence!	安静！	véh yao’ ’hiang!		勿要响		527	保留簡體	true	自旧档汇入	2026-04-13T01:27:08+08:00
Silence	sm	Réduit au Silence.	不作声	véh ts‘éh(tsou’)seng		勿出（做）聲		527		true	自旧档汇入	2026-04-13T01:27:08+08:00
Silence	sm	Réduit au Silence.	不作声	véh seng véh ’hiang		勿聲勿响		527	保留簡體	true	自旧档汇入	2026-04-13T01:27:08+08:00
Silence	sm	Supporter en Silence.	忍着不出声	nai’ ’la véh ’hiang		耐拉勿响		527	保留簡體	true	自旧档汇入	2026-04-13T01:27:08+08:00
Silencieux	adj		沉默的	véh k‘ai ’k‘eû		勿開口		527		true	自旧档汇入	2026-04-13T01:27:08+08:00
Silencieux	adj		沉默的	meh meh wou yé		默默無言		527		true	自旧档汇入	2026-04-13T01:27:08+08:00
Silencieux	adj	Endroit Silencieux.	宁静处	ts‘ing ’zing di’ faong		清静地方		527		true	自旧档汇入	2026-04-13T01:27:08+08:00
Silex	sm		火石	’h‘ou zah [ih k‘oei’]		火石[一塊]		527		true	自旧档汇入	2026-04-13T01:27:08+08:00
Silhouette	sf		侧影	’yeng ’tse		影子		527		true	自旧档汇入	2026-04-13T01:27:08+08:00
Sillage	sm		航迹	’se h‘ouo		水花		527		true	自旧档汇入	2026-04-13T01:27:08+08:00
Sillon	sm	de charrue.	犁沟	li lou’(zao)		犁路（槽）		527		true	自旧档汇入	2026-04-13T01:27:08+08:00
Sillonner	va	les airs.	飞来飞去	fi lai fi k‘i’		飛來飛去		527		true	自旧档汇入	2026-04-13T01:27:08+08:00
Sillonner	va	Les éclairs sillonnent les nues.	闪电纵横交叉	oh ’hié ’sè lai ’sè k‘i’		[日矍]晱閃來閃去		527	閃待定	true	自旧档汇入	2026-04-13T01:27:08+08:00
Simagrée	sf		装腔作势	’ka yang deû		假佯頭		527		true	自旧档汇入	2026-04-13T01:27:08+08:00
Simagrée	sf	C’est pure Simagrée.	装腔作势	péh kou’ ze’ zang mié’		不過是場面		527		true	自旧档汇入	2026-04-13T01:27:08+08:00
Siméon	sm			si-meh-hang		西默盎		527	待定	true	自旧档汇入	2026-04-13T01:27:08+08:00
Similitude	sf	omparaison.	比喻	’pi faong		比方		527		true	自旧档汇入	2026-04-13T01:27:08+08:00
Similitude	sf	Ressemblance.	类似	’ziang	ziang’	像		527		true	自旧档汇入	2026-04-13T01:27:08+08:00
Similitude	sf	Ressemblance.	类似	siang dong		相同		527		true	自旧档汇入	2026-04-13T01:27:08+08:00
Similitude	sf	Ressemblance.	类似	siang ’faong		相彷		527	待定	true	自旧档汇入	2026-04-13T01:27:08+08:00
Simon	sm		西蒙	si-’mé		西滿		527		true	自旧档汇入	2026-04-13T01:27:08+08:00
Simonie	sf	(C.).	买卖圣职	ma’ seng’ ze’		賣聖事		527		true	自旧档汇入	2026-04-13T01:27:08+08:00
Simple	sf		原药，药草	yah ’ts‘ao [ih k‘ou]		藥草[一棵]		527		true	自旧档汇入	2026-04-13T01:27:08+08:00
Simple	adj	Non composé.	单纯的	véh ’wen zéh		勿混雜		527		true	自旧档汇入	2026-04-13T01:27:08+08:00
Simple	adj	non double.	单一的	tè		單		527		true	自旧档汇入	2026-04-13T01:27:08+08:00
Simple	adj	non double.	单一的	wou saong		無雙		527		true	自旧档汇入	2026-04-13T01:27:08+08:00
Simple	adj	Facile.	简单的，简易的	yong i’ ke’		容易个		527		true	自旧档汇入	2026-04-13T01:27:08+08:00
Simple	adj	Facile.	简单的，简易的	véh nè(véh fi’ ze’)ke’		勿難（勿費事）个		527		true	自旧档汇入	2026-04-13T01:27:08+08:00
Simple	adj	Sans recherche.	简朴的	p‘ôh zéh(sou’)		樸實（素）		527		true	自旧档汇入	2026-04-13T01:27:08+08:00
Simple	adj	Couleur Simple.	素色	sou’ seh		素色		527		true	自旧档汇入	2026-04-13T01:27:08+08:00
Simple	adj	Franc.Sincère.	爽直的，淳朴的	tséh p‘ôh		質樸		527		true	自旧档汇入	2026-04-13T01:27:08+08:00
Simple	adj	Franc.Sincère.	爽直的，淳朴的	lao zéh		牢實		527		true	自旧档汇入	2026-04-13T01:27:08+08:00
Simple	adj	Trop franc.Naïf.	天真的，幼稚的	t‘eh lao zéh		忒老牢	忒牢實	527	待定	true	自旧档汇入	2026-04-13T01:27:08+08:00
Simple	adj	Trop franc.Naïf.	天真的，幼稚的	zeh lai		直來		527		true	自旧档汇入	2026-04-13T01:27:08+08:00
Simple	adj	Trop franc.Naïf.	天真的，幼稚的	’h‘ao(gneu’)wou’ deû	’h‘ao(’gneu)wou’ deû	好（軟）户頭		527		true	自旧档汇入	2026-04-13T01:27:08+08:00
Simplement	adv		老实地	lao lao zéh zéh		牢牢實實		527		true	自旧档汇入	2026-04-13T01:27:08+08:00
Simplement	adv		老实地	ghèh ghèh zéh zéh	gèh gèh zéh zéh	劼劼實實		527	待定	true	自旧档汇入	2026-04-13T01:27:08+08:00
Simplement	adv	Seulement.	仅仅，只是	péh kou’		不過		527		true	自旧档汇入	2026-04-13T01:27:08+08:00
Simplement	adv	Ioi on y va tout Simplement.		di’ tèh wé zié zéh zéh loh loh		第搭完全實實落落		527		true	自旧档汇入	2026-04-13T01:27:08+08:00
Simplifier	va	Abréger.	简化	’kié liah		簡略		528		true	自旧档汇入	2026-04-13T01:27:08+08:00
Simplifier	va	Abréger.	简化	sa ’teu		删短		528	待定	true	自旧档汇入	2026-04-13T01:27:08+08:00
Simplifier	va	Abréger.	简化	’kè ’sang		减省		528		true	自旧档汇入	2026-04-13T01:27:08+08:00
Simplifier	va	Faire sans cérémonie.	简便	’kié bié’ 		簡便		528		true	自旧档汇入	2026-04-13T01:27:08+08:00
Simulacre	sm		假象	ziang’		像		528		true	自旧档汇入	2026-04-13T01:27:08+08:00
Simulacre	sm		假象	’ka ziang’		假像		528		true	自旧档汇入	2026-04-13T01:27:08+08:00
Simuler	va		假装，佯作	’ka tsaong		假妝	假裝	528		true	自旧档汇入	2026-04-13T01:27:08+08:00
Simuler	va		假装，佯作	’ka héh		假曷		528	待定	true	自旧档汇入	2026-04-13T01:27:08+08:00
Simuler	va		假装，佯作	’ka tsou’ 		假做		528		true	自旧档汇入	2026-04-13T01:27:08+08:00
Simuler	va		假装，佯作	’ka yang deû		假佯頭		528		true	自旧档汇入	2026-04-13T01:27:08+08:00
Simultané	adj		同时发生的	siang dong ze heû’		相同時候		528		true	自旧档汇入	2026-04-13T01:27:08+08:00
Simultané	adj		同时发生的	ih zi(dao)ke’		一齊（淘）个		528		true	自旧档汇入	2026-04-13T01:27:08+08:00
Sinai	sm			si-’nai sè		西乃山		528		true	自旧档汇入	2026-04-13T01:27:08+08:00
Sincère	adj		真诚的，诚恳的	lao zéh		牢實		528		true	自旧档汇入	2026-04-13T01:27:08+08:00
Sincère	adj		真诚的，诚恳的	zéh sin zéh i’		實心實意		528		true	自旧档汇入	2026-04-13T01:27:08+08:00
Sincère	adj	Je suis Sincère.	我是诚恳之人	’ngou ze’ lao zéh deû		我是牢實頭		528		true	自旧档汇入	2026-04-13T01:27:08+08:00
Sincèrement	adv		真诚地	ghèh zéh	gèh zéh	劼實		528		true	自旧档汇入	2026-04-13T01:27:08+08:00
Sincèrement	adv		真诚地	tsen sin		真心		528		true	自旧档汇入	2026-04-13T01:27:08+08:00
Sincèrement	adv		真诚地	zeng sin		誠心		528		true	自旧档汇入	2026-04-13T01:27:08+08:00
Sincérité	sf		真诚，诚恳	zéh sin		實心		528		true	自旧档汇入	2026-04-13T01:27:08+08:00
Sincérité	sf		真诚，诚恳	ghié zeng		虔誠		528		true	自旧档汇入	2026-04-13T01:27:08+08:00
Sinécure	sf		闲职	keu fong’(sieû)		乾俸（修）		528		true	自旧档汇入	2026-04-13T01:27:08+08:00
Sinécure	sf		闲职	k‘ieh hè vè’		吃閑飯		528		true	自旧档汇入	2026-04-13T01:27:08+08:00
Singapour	sm		新加坡	sin-ka-pou	sin-ka-p‘ou	新加坡		528		true	自旧档汇入	2026-04-13T01:27:08+08:00
Singe	sm		猴	wéh sen		活猻		528		true	自旧档汇入	2026-04-13T01:27:08+08:00
Singe	sm		猴	heû ’tse		猴子		528		true	自旧档汇入	2026-04-13T01:27:08+08:00
Singe	sm	Montreur de Singe.	耍猴	wéh sen tsou’ hi’		活猻做戲		528		true	自旧档汇入	2026-04-13T01:27:08+08:00
Singer	va	Imiter.	滑稽地学样	kié’ gnen hoh yang’		見人學樣		528		true	自旧档汇入	2026-04-13T01:27:08+08:00
Singer	va	Contrefaire.	笨拙地仿效	’ka tsaong		假妝	假裝	528		true	自旧档汇入	2026-04-13T01:27:08+08:00
Singerie	sf		模仿	hoh yang’ ’tse		學樣子		528		true	自旧档汇入	2026-04-13T01:27:08+08:00
Singerie	sf		模仿	’h‘ao ziang’ tsou’ hi’		好像做戲		528		true	自旧档汇入	2026-04-13T01:27:08+08:00
Singulier	sm		单数	tè sou’		單數		528		true	自旧档汇入	2026-04-13T01:27:08+08:00
Singulier	adj	Singulier.	单数的	tè		單		528		true	自旧档汇入	2026-04-13T01:27:08+08:00
Singulier	adj	Singulier.	单数的	dôh ih		獨一		528		true	自旧档汇入	2026-04-13T01:27:08+08:00
Singulier	adj	Merveilleux.	独特	ts‘éh ghi		出奇		528		true	自旧档汇入	2026-04-13T01:27:08+08:00
Singulier	adj	Merveilleux.	独特	fi vè		非凡个		528		true	自旧档汇入	2026-04-13T01:27:08+08:00
Singulier	adj	Merveilleux.	独特	yi’ ts‘éh yi’ yang’		异出异樣		528		true	自旧档汇入	2026-04-13T01:27:08+08:00
Singulier	adj	Bizarre.	怪诞	’kou koa’		古怪		528		true	自旧档汇入	2026-04-13T01:27:08+08:00
Singulier	adj	Bizarre.	怪诞	dôh foh sin se	dôh woh sin se	獨服心思		528		true	自旧档汇入	2026-04-13T01:27:08+08:00
Singulièrement	adv	Spécialement.	尤其，特别	deh di’		特地		528		true	自旧档汇入	2026-04-13T01:27:08+08:00
Singulièrement	adv	Spécialement.	尤其，特别	deh ts‘éh		特出		528		true	自旧档汇入	2026-04-13T01:27:08+08:00
Singulièrement	adv	Très.	很，非常	zéh fen		十分		528		true	自旧档汇入	2026-04-13T01:27:08+08:00
Singulièrement	adv	Très.	很，非常	koa’		怪		528		true	自旧档汇入	2026-04-13T01:27:08+08:00
Sinistre	sm		灾祸	ghiong ’wou		窮禍		528		true	自旧档汇入	2026-04-13T01:27:08+08:00
Sinistre	adj	Méchant.	凶险的	hiong		凶		528		true	自旧档汇入	2026-04-13T01:27:08+08:00
Sinistre	adj	Effrayant.	阴森可怖的	hah gnen ke’	h‘ah gnen ke’	嚇人个		528		true	自旧档汇入	2026-04-13T01:27:08+08:00
Sinon	conj		否则	véh zé méh		勿然末		528		true	自旧档汇入	2026-04-13T01:27:08+08:00
Sinueux	adj		弯弯曲曲的	k‘iôh k‘iôh wè wè		彎彎曲曲		528		true	自旧档汇入	2026-04-13T01:27:08+08:00
Sinueux	adj		弯弯曲曲的	’tsé wè		轉彎		528		true	自旧档汇入	2026-04-13T01:27:08+08:00
Sinuosité	sf		弯弯曲曲	wè k‘iôh		彎曲		528		true	自旧档汇入	2026-04-13T01:27:08+08:00
Sinus	sm		正弦	tseng’ yé		正弦		528		true	自旧档汇入	2026-04-13T01:27:08+08:00
Siphon	sm		虹吸管	kou’ sè long		過山龍		528		true	自旧档汇入	2026-04-13T01:27:08+08:00
Siphon	sm		虹吸管	wè faong’ ’se dong		彎放水筒		528		true	自旧档汇入	2026-04-13T01:27:08+08:00
Sire	sm	Majesté.	陛下	vè’ su’		萬歲		528		true	自旧档汇入	2026-04-13T01:27:08+08:00
Sirius	sm		天狼星	t‘ié laong sing		天狼星		528		true	自旧档汇入	2026-04-13T01:27:08+08:00
Site	sm		地势，位置	di’ se’		地勢		528		true	自旧档汇入	2026-04-13T01:27:08+08:00
Site	sm		地势，位置	di’ faong		地方		528		true	自旧档汇入	2026-04-13T01:27:08+08:00
Site	sm	Paysage.	风景	’ya ’kieng		野景		528		true	自旧档汇入	2026-04-13T01:27:08+08:00
Sitôt	adv	Il ne viendra pas de.	紧接着	zéh kai’ k‘oa’		實盖快		528		true	自旧档汇入	2026-04-13T01:27:08+08:00
Sitôt	adv	Il ne viendra pas de.	紧接着	zéh kai’ hao sao’		實盖浩燥		528		true	自旧档汇入	2026-04-13T01:27:08+08:00
Sitôt	conj	Sitôt que.	一...就	ih...		一...		528		true	自旧档汇入	2026-04-13T01:27:08+08:00
Sitôt	conj	Sitôt qu’il vit... il...	一看就...	ih k‘eu’ méh zieû’		一看末就		528		true	自旧档汇入	2026-04-13T01:27:08+08:00
Situation	sf		地点，位置	di’ faong		地方		528		true	自旧档汇入	2026-04-13T01:27:08+08:00
Situation	sf	État.	地位	di’ wei’		地位		528		true	自旧档汇入	2026-04-13T01:27:08+08:00
Situation	sf	État.	地位	sen ven’		身分		528		true	自旧档汇入	2026-04-13T01:27:08+08:00
Situation	sf	À la hauteur de la Situation.	地位相称	di’ wei’ siang ts‘eng’		地位相稱		528		true	自旧档汇入	2026-04-13T01:27:08+08:00
Situé	pp		位于	léh ’la		垃拉		529		true	自旧档汇入	2026-04-13T01:27:08+08:00
Situé	pp		位于	zao 		朝		529		true	自旧档汇入	2026-04-13T01:27:08+08:00
Situé	pp		位于	k‘ao’		靠		529		true	自旧档汇入	2026-04-13T01:27:08+08:00
Situé	pp		位于	hiang’ faong		向方		529		true	自旧档汇入	2026-04-13T01:27:08+08:00
Six	adj		六	lôh		六（陸）		529		true	自旧档汇入	2026-04-13T01:27:08+08:00
Sixième	adj		第六	di’ lôh		第六		529		true	自旧档汇入	2026-04-13T01:27:08+08:00
Sixième	adj	Un Sixième.	六分之一	lôh fen tse ih		六分之一		529		true	自旧档汇入	2026-04-13T01:27:08+08:00
Sobre	adj		有节制的	’yeû tsih tse’		有節制		529		true	自旧档汇入	2026-04-13T01:27:08+08:00
Sobre	adj		有节制的	’sao k‘ieh ’sao yong’		少吃少用		529		true	自旧档汇入	2026-04-13T01:27:08+08:00
Sobriquet	sm		绰号	biéh(ts‘ah)hao’		别（綽）號		529		true	自旧档汇入	2026-04-13T01:27:08+08:00
Soc	sm		犁铧	li wo		犁鏵		529		true	自旧档汇入	2026-04-13T01:27:08+08:00
Soc	sm		犁铧	li deû		犁頭		529		true	自旧档汇入	2026-04-13T01:27:08+08:00
Sociable	adj		随和的，易相处的	wou k‘i’ ke’		和氣个		529		true	自旧档汇入	2026-04-13T01:27:08+08:00
Sociable	adj		随和的，易相处的	’h‘ao tèh dao(’kaong)(bah wo’)ke’		好搭啕（講）（白話）个		529		true	自旧档汇入	2026-04-13T01:27:08+08:00
Social	adj		社会的	t‘ong		通		529		true	自旧档汇入	2026-04-13T01:27:08+08:00
Social	adj		社会的	vè’ kôh ke’		萬國个		529		true	自旧档汇入	2026-04-13T01:27:08+08:00
Social	adj	Violer les devoirs sociaux.	未尽社会责任	véh tsao’ gnen zing(lei’)		勿照人情（類）		529		true	自旧档汇入	2026-04-13T01:27:08+08:00
Société	sf		协会	wei’		會		529		true	自旧档汇入	2026-04-13T01:27:08+08:00
Société	sf		协会	paong		帮		529		true	自旧档汇入	2026-04-13T01:27:08+08:00
Société	sf	Société secrète.	秘密会社	mih mih kiao’		密密教		529		true	自旧档汇入	2026-04-13T01:27:08+08:00
Société	sf	Société commerciale.	贸易公司	haong		行		529		true	自旧档汇入	2026-04-13T01:27:08+08:00
Société	sf	Société commerciale.	贸易公司	ghiôh		局		529		true	自旧档汇入	2026-04-13T01:27:08+08:00
Société	sf	Société de prêt av.lots.		kéh wei’		合會		529		true	自旧档汇入	2026-04-13T01:27:08+08:00
Société	sf	Société de prêt av.lots.		yao wei’		摇會		529		true	自旧档汇入	2026-04-13T01:27:08+08:00
Socle	sm		底座，座石	zou’ ’tse		座子		529		true	自旧档汇入	2026-04-13T01:27:08+08:00
Sodomie	sf		鸡奸	né seh		男色		529		true	自旧档汇入	2026-04-13T01:27:08+08:00
Sœur		aînée.	姐姐	ah ’tsi		阿姊	阿姐	529		true	自旧档汇入	2026-04-13T01:27:08+08:00
Sœur		Sœur puînée.	妹妹	’siao mei’		小妹		529		true	自旧档汇入	2026-04-13T01:27:08+08:00
Sœur		Sœur puînée.	妹妹	mei’ mei’		妹妹		529		true	自旧档汇入	2026-04-13T01:27:08+08:00
Sœur		Les Sœurs.	姐妹	’tsi(’tse)mei’		姊妹	姐（姊）妹	529		true	自旧档汇入	2026-04-13T01:27:08+08:00
Sœur		Votre Sœur.(Polit.).	你的妹妹	ling’ ’tsi(mei’)		令姊（妹）		529		true	自旧档汇入	2026-04-13T01:27:08+08:00
Sœur		Ma Sœur.	我的妹妹	kia ’tsi(mei’)		家姊（妹）		529		true	自旧档汇入	2026-04-13T01:27:08+08:00
Sœur		Sœur Auxiliatrice	拯亡姆姆	tseng waong ’mou ’mou		拯亡姆姆	拯亡嬷嬷	529	待定	true	自旧档汇入	2026-04-13T01:27:08+08:00
Sœur		Petite Sœur des Pauvres.	安老会姆姆	eu ’lao wei’ ’mou ’mou		安老會姆姆	安老會嬷嬷	529		true	自旧档汇入	2026-04-13T01:27:08+08:00
Sœur		Sœur de Charité.	仁爱修会的修女	bah mao’ ’tse ’mou ’mou		白帽子姆姆	白帽子嬷嬷	529		true	自旧档汇入	2026-04-13T01:27:08+08:00
Sœur		Sœur converse.	杂务修女	ah ’tsi		阿姊	阿姐	529		true	自旧档汇入	2026-04-13T01:27:08+08:00
Soi	Pron.	Soi-même.	自己	ze’ ka		自家		529		true	自旧档汇入	2026-04-13T01:27:08+08:00
Soi	Pron.	Soi-même.	自己	ts‘in sen		親身		529		true	自旧档汇入	2026-04-13T01:27:08+08:00
Soi	Pron.	Se nuire à Soi-même.	自己害自己	ze’ ka hai’ ze’ ka		自家害自家		529		true	自旧档汇入	2026-04-13T01:27:08+08:00
Soi	Pron.	Porter sur Soi.	随身带有	ta’ ’la sen laong’(pié)		帶拉身上（邊）		529		true	自旧档汇入	2026-04-13T01:27:08+08:00
Soi	Pron.	Chez Soi.	在家里	’la ôh ’li		拉屋裏		529		true	自旧档汇入	2026-04-13T01:27:08+08:00
Soi	Pron.	À part Soi.	心里	sin ’li		心裏		529		true	自旧档汇入	2026-04-13T01:27:08+08:00
Soi	Pron.	En Soi.	本身	’pen lai		本來		529		true	自旧档汇入	2026-04-13T01:27:08+08:00
Soi	Pron.	Cela va de Soi.	这是当然的	kou’ ze’ ze’ zé		固是自然		529	待定	true	自旧档汇入	2026-04-13T01:27:08+08:00
Soi-disant	loc.adv		所谓的	’ka ke’		假个		529		true	自旧档汇入	2026-04-13T01:27:08+08:00
Soie	sf		蚕丝	se		絲		529		true	自旧档汇入	2026-04-13T01:27:08+08:00
Soie	sf	Soie de cochon.	野猪鬃刷	tse tsong mao		猪鬃毛		529		true	自旧档汇入	2026-04-13T01:27:08+08:00
Soie	sf	Étoffe de Soie grossière.	府绸	’fou zeû		府綢		529		true	自旧档汇入	2026-04-13T01:27:08+08:00
Soierie	sf		绸缎	zeû deu’		綢緞		529		true	自旧档汇入	2026-04-13T01:27:08+08:00
Soierie	sf		绸缎	zeû		綢		529		true	自旧档汇入	2026-04-13T01:27:08+08:00
Soif	sf		渴	k‘euh		渴		529		true	自旧档汇入	2026-04-13T01:27:08+08:00
Soif	sf	Avoir Soif.	口渴	’tse ’li keu		嘴裏乾		529		true	自旧档汇入	2026-04-13T01:27:08+08:00
Soif	sf	Avoir Soif.	口渴	’k‘eû k‘euh		口渴		529		true	自旧档汇入	2026-04-13T01:27:08+08:00
Soif	sf	Étancher la Soif.	解渴	’ka k‘euh		解渴		529		true	自旧档汇入	2026-04-13T01:27:08+08:00
Soigner	va	Avoir soin.	照料	’koé		管		529		true	自旧档汇入	2026-04-13T01:27:08+08:00
Soigner	va	Avoir soin.	照料	tsao’ yeng’		照應		529		true	自旧档汇入	2026-04-13T01:27:08+08:00
Soigner	va	Avoir soin.	照料	woh ze’		服事		529		true	自旧档汇入	2026-04-13T01:27:08+08:00
Soigner	va	Faire avec soin.	细心注意	yong’ sin		用心		529		true	自旧档汇入	2026-04-13T01:27:08+08:00
Soigner	va	Faire avec soin.	细心注意	’pouo ’pouo si’ si’		把把細細		529		true	自旧档汇入	2026-04-13T01:27:08+08:00
Soigner	va	Soigner les malades[Médecin].	治疗病人	k‘eu’ bing’		看病		529		true	自旧档汇入	2026-04-13T01:27:08+08:00
Soigner	vr	Se Soigner.	保养身体	’yang bing’		養病		529		true	自旧档汇入	2026-04-13T01:27:08+08:00
Soigner	vr	Se Soigner.	保养身体	’pao ’zong		保重		529		true	自旧档汇入	2026-04-13T01:27:08+08:00
Soigner	vr	Se Soigner.	保养身体	dai’ lih		代力		529		true	自旧档汇入	2026-04-13T01:27:08+08:00
Soigneusement	adv		细心地	si’ si’ neng		細細能		529		true	自旧档汇入	2026-04-13T01:27:08+08:00
Soigneusement	adv		细心地	’pouo si’		把細		529		true	自旧档汇入	2026-04-13T01:27:08+08:00
Soigneux	adj		仔细的，用心的	si’ sin(dao’ di’,tao’ ka)ke’		細心（道地，到家）个		529		true	自旧档汇入	2026-04-13T01:27:08+08:00
Soin	sm	Avoir Soin de.	照看	’koé		管		530		true	自旧档汇入	2026-04-13T01:27:08+08:00
Soin	sm	Avoir Soin de.	照看	tsao’ yeng’(kou’)		照應（顧）		530		true	自旧档汇入	2026-04-13T01:27:08+08:00
Soin	sm	Prendre Soin de sa santé.	注意身体	’pao ’zong ze’ ka sen ’t‘i		保重自家身體		530		true	自旧档汇入	2026-04-13T01:27:08+08:00
Soin	loc.adv	Sans Soin.	草率	tèh tsiang		搭將		530		true	自旧档汇入	2026-04-13T01:27:08+08:00
Soin	loc.adv	Sans Soin.	草率	’liao ’liao ’ts‘ao ’ts‘ao		了了草草		530		true	自旧档汇入	2026-04-13T01:27:08+08:00
Soin	loc.adv	Homme sans Soin.	草率之人	’lè t‘è gnen		懶攤人		530		true	自旧档汇入	2026-04-13T01:27:08+08:00
Soin	loc.adv	Faire sans Soin.Cf.Soigner.	大意	da’ i’		大意		530		true	自旧档汇入	2026-04-13T01:27:08+08:00
Soin	loc.adv	Faire sans Soin.Cf.Soigner.	大意	féh liah		忽略		530		true	自旧档汇入	2026-04-13T01:27:08+08:00
Soin	loc.adv	Faire sans Soin.Cf.Soigner.	大意	’keû ’ts‘ié ’liao ze’		苟且了事		530		true	自旧档汇入	2026-04-13T01:27:08+08:00
Soin	loc.adv	Faire sans Soin.Cf.Soigner.	大意	waong ts‘ah		撗拆	？	530		true	自旧档汇入	2026-04-13T01:27:08+08:00
Soir	sm	（Soirée.sf.)	晚上，傍晚	ya’ deû		夜頭		530		true	自旧档汇入	2026-04-13T01:27:08+08:00
Soir	sm		晚上，傍晚	waong foen		黄昏		530		true	自旧档汇入	2026-04-13T01:27:08+08:00
Soir	sm	Après-midi.	下午	’hao pé’ gnéh		下半日		530		true	自旧档汇入	2026-04-13T01:27:08+08:00
Soir	sm	Après-midi.	下午	’hao tseû’		下晝		530		true	自旧档汇入	2026-04-13T01:27:08+08:00
Soir	sm	À la chute du jour.	黄昏	ya’ k‘oa’ ’dong		夜快動		530		true	自旧档汇入	2026-04-13T01:27:08+08:00
Soir	sm	Ce Soir.	今夜	kien ya’		今夜		530		true	自旧档汇入	2026-04-13T01:27:08+08:00
Soir	sm	Hier Soir.	昨夜	zô’ ya’		昨夜		530		true	自旧档汇入	2026-04-13T01:27:08+08:00
Soit	Conj.	Soit...soit...	或者...或者...	woh ’tsé...woh ’tsé...		或者...或者...		530		true	自旧档汇入	2026-04-13T01:27:08+08:00
Soit	Conj.	Soit!Passe!	好吧，也罢	zieû’ ka’ ’ba		就价罷		530		true	自旧档汇入	2026-04-13T01:27:08+08:00
Soit	Conj.	Soit!Passe!	好吧，也罢	’ba ’tsé ’ba ’tsé		罷者罷者		530		true	自旧档汇入	2026-04-13T01:27:08+08:00
Soit	Conj.	Soit!Passe!	好吧，也罢	seu’ sou’		算數		530		true	自旧档汇入	2026-04-13T01:27:08+08:00
Soit	Conj.	En supposant.	设有，假定	’pi faong		比方		530		true	自旧档汇入	2026-04-13T01:27:08+08:00
Soixante	adj		六十	lôh séh		六十		530		true	自旧档汇入	2026-04-13T01:27:08+08:00
Soixantième	adj		第六十	di’ lôh séh		第六十		530		true	自旧档汇入	2026-04-13T01:27:08+08:00
Sol	sm		土壤	di’ ’t‘ou		地土		530		true	自旧档汇入	2026-04-13T01:27:08+08:00
Sol	sm		土壤	gni		坭		530		true	自旧档汇入	2026-04-13T01:27:08+08:00
Sol	sm	Superficie.	高低不平的地面	di’ bi		地皮		530		true	自旧档汇入	2026-04-13T01:27:08+08:00
Sol	sm	Fond.	土地	’ti		底		530		true	自旧档汇入	2026-04-13T01:27:08+08:00
Soldat	sm		士兵	ping		兵		530		true	自旧档汇入	2026-04-13T01:27:08+08:00
Soldat	sm		士兵	ping ting 		兵丁		530		true	自旧档汇入	2026-04-13T01:27:08+08:00
Soldat	sm	Être Soldat.	当兵	taong ping		當兵		530		true	自旧档汇入	2026-04-13T01:27:08+08:00
Solde	sf		军饷	kiun(ping)’hiang		軍（兵）餉		530		true	自旧档汇入	2026-04-13T01:27:08+08:00
Solde	sf		军饷	liang		粮		530	保留簡體	true	自旧档汇入	2026-04-13T01:27:08+08:00
Solde	sm	Solde de compte.	差额廉价处理的商品	’tsao deû		找頭		530		true	自旧档汇入	2026-04-13T01:27:08+08:00
Solde	sm	Solde de compte.	差额廉价处理的商品	yu tsang’		餘賬		530		true	自旧档汇入	2026-04-13T01:27:08+08:00
Solde	sm	Solde de marchandises.	削价出售的商品	loh kiah hou’	loh kiah h‘ou’	落脚貨		530		true	自旧档汇入	2026-04-13T01:27:08+08:00
Solder	va		付清	fou’ ka’ dié		付價錢		530		true	自旧档汇入	2026-04-13T01:27:08+08:00
Sole	sf		鳎	p‘ié ’k‘eû n		偏口魚		530		true	自旧档汇入	2026-04-13T01:27:08+08:00
Sole	sf		鳎	’pi moh n		比目魚		530		true	自旧档汇入	2026-04-13T01:27:08+08:00
Soleil	sm		太阳	gnéh deû		日頭		530		true	自旧档汇入	2026-04-13T01:27:08+08:00
Soleil	sm		太阳	t‘a’ yang		太陽		530		true	自旧档汇入	2026-04-13T01:27:08+08:00
Soleil	sm	Tournesol.	向日葵	hiang zéh(gnéh)k‘oei	hiang’ zéh(gnéh)goei	向日葵		530		true	自旧档汇入	2026-04-13T01:27:08+08:00
Solennel	adj		隆重的	hang dou’ ’li		行大禮		530		true	自旧档汇入	2026-04-13T01:27:08+08:00
Solennité	sf		隆重的仪式，典礼	zeng’ ’zong ke’ tsih ghi		鄭重个節期		530		true	自旧档汇入	2026-04-13T01:27:08+08:00
Solennité	sf		隆重的仪式，典礼	dou’ ’li tsih		大禮節		530		true	自旧档汇入	2026-04-13T01:27:08+08:00
Solennité	sf		隆重的仪式，典礼	k‘ieng ghi	k‘ieng’ ghi	慶期		530		true	自旧档汇入	2026-04-13T01:27:08+08:00
Solennité	sf	Avec Solennité.	排场	ba zang		排場		530		true	自旧档汇入	2026-04-13T01:27:08+08:00
Solide	adj		坚固的	lao		牢		530		true	自旧档汇入	2026-04-13T01:27:08+08:00
Solide	adj		坚固的	kiéh zéh(tsôh)		結實（足）		530		true	自旧档汇入	2026-04-13T01:27:08+08:00
Solide	adj		坚固的	kié kou’		堅固		530		true	自旧档汇入	2026-04-13T01:27:08+08:00
Solide	adj		坚固的	ken lao kou’ zéh		根牢固實		530		true	自旧档汇入	2026-04-13T01:27:08+08:00
Solide	adj		坚固的	vè’ ’kou ts‘ié gné		萬古千年		530		true	自旧档汇入	2026-04-13T01:27:08+08:00
Solide	Fig.	Raison Solide.	充分的理由	zai’ ’li		在理		530		true	自旧档汇入	2026-04-13T01:27:08+08:00
Solide	Fig.	Raison Solide.	充分的理由	zah zéh ke’		着實个		530		true	自旧档汇入	2026-04-13T01:27:08+08:00
Solidement	adv		结实地	kiéh kiéh zéh zéh		結結實實		530		true	自旧档汇入	2026-04-13T01:27:08+08:00
Solidifier	va		使凝固	long’ kiéh zéh		弄結實		530		true	自旧档汇入	2026-04-13T01:27:08+08:00
Solidifier	va		使凝固	gneng kiéh		凝結		530		true	自旧档汇入	2026-04-13T01:27:08+08:00
Solidifier	va		使凝固	ts‘ang’		撑		530		true	自旧档汇入	2026-04-13T01:27:08+08:00
Solipède	sm		奇蹄动物	dôh di seû’ [ih tsah]		獨蹄獸[一隻]		530		true	自旧档汇入	2026-04-13T01:27:08+08:00
Solitaire	sm	Moine.	隐遁者	’yen sieû		隱修		530		true	自旧档汇入	2026-04-13T01:27:08+08:00
Solitaire	sm	Moine.	隐遁者	dôh sieû gnen		獨修人		530		true	自旧档汇入	2026-04-13T01:27:08+08:00
Solitaire	adj	[Personne]Solitaire.	孤单的	kou tè ke’		孤單个		530		true	自旧档汇入	2026-04-13T01:27:08+08:00
Solitaire	adj	[Personne]Solitaire.	孤单的	dôh keu ’tse		獨干子		530		true	自旧档汇入	2026-04-13T01:27:08+08:00
Solitaire	adj	Endroit Solitaire.	僻静处	’lang ’zing(’lang loh)di’ faong		冷静（冷落）地方		531		true	自旧档汇入	2026-04-13T01:27:08+08:00
Solitude	sf	Lieu solitaire.	清静处	ts‘ing ’zing(yeû ’zing)wou’ ’daong		清幽（幽静）户蕩		531		true	自旧档汇入	2026-04-13T01:27:08+08:00
Solitude	sf	Vivre dans la Solitude.	过孤独生活	dôh keu ’tse teng ’la		獨干子登拉		531		true	自旧档汇入	2026-04-13T01:27:08+08:00
Solive	sf		櫊栅	koh sah		擱栅		531		true	自旧档汇入	2026-04-13T01:27:08+08:00
Solive	sf		櫊栅	koh leng [ih ken]		擱棱[一根]		531		true	自旧档汇入	2026-04-13T01:27:08+08:00
Sollieiter	va		恳求	’k‘en ghieû		懇求		531		true	自旧档汇入	2026-04-13T01:27:08+08:00
Sollieiter	va		恳求	’t‘ao		討		531		true	自旧档汇入	2026-04-13T01:27:08+08:00
Sollieiter	va	Sollieiter au mal.	引诱	’yen yeû’		引誘		531		true	自旧档汇入	2026-04-13T01:27:08+08:00
Sollieiter	va	Sollieiter au mal.	引诱	yeû’ ’ké		誘感		531		true	自旧档汇入	2026-04-13T01:27:08+08:00
Sollicitude	sf		关怀，操心	yeû zeû(liu’)		憂愁（慮）		531		true	自旧档汇入	2026-04-13T01:27:08+08:00
Sollicitude	sf		关怀，操心	tè sin		担心		531	保留簡體	true	自旧档汇入	2026-04-13T01:27:08+08:00
Sollicitude	sf		关怀，操心	kouo’ sin		掛心		531		true	自旧档汇入	2026-04-13T01:27:08+08:00
Solstice	sm		二至点	tse’		至		531		true	自旧档汇入	2026-04-13T01:27:08+08:00
Solstice	sm	Solstice d’été(d’hiver).	夏至，冬至	hao’(tong)tse’		夏（冬）至		531		true	自旧档汇入	2026-04-13T01:27:08+08:00
Soluble	adj		可溶解的	h‘ouo’(yang)teh k‘ai ke’		化（烊）得開个		531		true	自旧档汇入	2026-04-13T01:27:08+08:00
Soluble	Fig		可解决的	’h‘ao ’ka seh ke’		好解釋个		531	一作“解説”	true	自旧档汇入	2026-04-13T01:27:08+08:00
Solution	sf		解决办法	bè’ fèh		辦法		531		true	自旧档汇入	2026-04-13T01:27:08+08:00
Solution	sf		解决办法	seû zaong	seû zang	收場		531		true	自旧档汇入	2026-04-13T01:27:08+08:00
Solution	sf	Explication.	解答	’ka seh		解釋		531		true	自旧档汇入	2026-04-13T01:27:08+08:00
Solution	sf	Il n’y a pas de Solution.	无法解答	m sa’ fèh ’tse bè’(’ka k‘ai)		無啥法子辦（解開）	嘸啥法子辦（解開）	531		true	自旧档汇入	2026-04-13T01:27:08+08:00
Solution	sf	Solution chimique.	化学溶解	yong h‘ouo’(k‘ai)		溶化（開）		531		true	自旧档汇入	2026-04-13T01:27:08+08:00
Solvable	adj		有偿付能力的	wè teh k‘i’ ke’		還得去个		531		true	自旧档汇入	2026-04-13T01:27:08+08:00
Sombre	adj		灰暗的	é’		暗		531		true	自旧档汇入	2026-04-13T01:27:08+08:00
Sombre	adj		灰暗的	h‘eh		黑		531		true	自旧档汇入	2026-04-13T01:27:08+08:00
Sombre	adj	Ciel Sombre.	阴暗的	wou’ yen		霧陰		531		true	自旧档汇入	2026-04-13T01:27:08+08:00
Sombre	adj	Ciel Sombre.	阴暗的	yen t‘ié		陰天		531		true	自旧档汇入	2026-04-13T01:27:08+08:00
Sombre	Fig	Morose.	阴郁的	yeû men’		憂悶		531		true	自旧档汇入	2026-04-13T01:27:08+08:00
Sombre	Fig	Morose.	阴郁的	véh ’saong		勿爽		531		true	自旧档汇入	2026-04-13T01:27:08+08:00
Sombrer	vn		下沉	zen ’hao k‘i’		沉下去		531		true	自旧档汇入	2026-04-13T01:27:08+08:00
Sommaire	sm	Abrégé.	概要	ts‘euh yao’		撮要		531		true	自旧档汇入	2026-04-13T01:27:08+08:00
Sommaire	sm	Abrégé.	概要	’tsong len’		總論		531		true	自旧档汇入	2026-04-13T01:27:08+08:00
Sommaire	sm	Table des matières.	目录	’kié yao’		簡要		531		true	自旧档汇入	2026-04-13T01:27:08+08:00
Sommaire	sm	Table des matières.	目录	moh lôh		目録		531		true	自旧档汇入	2026-04-13T01:27:08+08:00
Sommaire	adj	Court.	简短的	’kié liah		簡略		531		true	自旧档汇入	2026-04-13T01:27:08+08:00
Sommaire	adj	Abrégé.	概括的	da’ liah		大略		531		true	自旧档汇入	2026-04-13T01:27:08+08:00
Sommaire	adj	Abrégé.	概括的	da’ kai’		大概		531		true	自旧档汇入	2026-04-13T01:27:08+08:00
Somme	sf	Total.	总数，总和	’tsong sou’		總數		531		true	自旧档汇入	2026-04-13T01:27:08+08:00
Somme	sf	Total.	总数，总和	kong’ ki’		共計		531	待定	true	自旧档汇入	2026-04-13T01:27:08+08:00
Somme	sf	Somme toute.	总量	kong’(gong’)’tsong		共總		531		true	自旧档汇入	2026-04-13T01:27:08+08:00
Somme	sf	Somme toute.	总量	ih kong’(gong’)		一共		531		true	自旧档汇入	2026-04-13T01:27:08+08:00
Somme	sf	En Somme.Au total.	总共	’tsong seu’		總算		531		true	自旧档汇入	2026-04-13T01:27:08+08:00
Somme	sf	En Somme.Au total.	总共	ih tèh koèh tse		一搭括之		531		true	自旧档汇入	2026-04-13T01:27:08+08:00
Somme	sf	En Somme.Pour conclure.	总之	’tsong eul yé tse		總而言之		531		true	自旧档汇入	2026-04-13T01:27:08+08:00
Somme	sf	En Somme.Pour conclure.	总之	’kieû ’kieû pèh zéh ih		九九八十一		531		true	自旧档汇入	2026-04-13T01:27:08+08:00
Somme	sf	Bête de Somme.	役畜	sang ’k‘eû [ih tsah]		牲口[一隻]		531		true	自旧档汇入	2026-04-13T01:27:08+08:00
Somme	sm		小睡	ih hoéh	ih h‘oéh	一惚	一寣	531		true	自旧档汇入	2026-04-13T01:27:08+08:00
Somme	sm	Dormir d’un Somme jusqu’au jour.	一觉睡到天亮	ih hoéh k‘oen’ tao’ t‘ié liang’	ih h‘oéh k‘oen’ tao’ t‘ié liang’	一惚睏到天亮	一寣睏到天亮	531		true	自旧档汇入	2026-04-13T01:27:08+08:00
Sommeil	sm		睡意	k‘oen’ deû		睏頭		531		true	自旧档汇入	2026-04-13T01:27:08+08:00
Sommeil	sm	Avoir Sommeil.	感到困倦	yao’ k‘oen’ lai		要睏來		531		true	自旧档汇入	2026-04-13T01:27:08+08:00
Sommeiller	vn		打盹	’tang k‘éh ts‘ong’		打搕㧤	打瞌[目充]	531		true	自旧档汇入	2026-04-13T01:27:08+08:00
Sommeiller	vn		打盹	zeu’ mi’ mi’		睡眛眛		531	待定	true	自旧档汇入	2026-04-13T01:27:08+08:00
Sommeiller	vn		打盹	zeu’ long long		睡矓矓		531	待定	true	自旧档汇入	2026-04-13T01:27:08+08:00
Sommer	va	Sommer de...	勒令	ming’		命		531		true	自旧档汇入	2026-04-13T01:27:08+08:00
Sommer	va	Sommer de...	勒令	ngang’ k‘èh(se’)		硬壓（勢）	硬？（勢）	531		true	自旧档汇入	2026-04-13T01:27:08+08:00
Sommet	sm		最高峰	’ting		頂		531		true	自旧档汇入	2026-04-13T01:27:08+08:00
Sommet	Fig	Au Sommet des honneurs.	居至尊	’ting tsen koei’ ke’ di’ bou’		頂尊貴个地步		531		true	自旧档汇入	2026-04-13T01:27:08+08:00
Somnolent	adj		困倦的	ghieu’ lai		倦來		531		true	自旧档汇入	2026-04-13T01:27:08+08:00
Somnolent	adj		困倦的	’ngè bi ’zong		眼皮重		531		true	自旧档汇入	2026-04-13T01:27:08+08:00
Somptueux	adj		奢华的	’t‘i mié’		體面		532		true	自旧档汇入	2026-04-13T01:27:08+08:00
Somptueux	adj		奢华的	ba zang		排場		532		true	自旧档汇入	2026-04-13T01:27:08+08:00
Son	sm	Son du grain.	麸皮	fou bi		麩皮		532		true	自旧档汇入	2026-04-13T01:27:08+08:00
Son	sm	Son du grain.	麸皮	fou k‘oh		麩殼		532		true	自旧档汇入	2026-04-13T01:27:08+08:00
Son	sm	Bruit.	声音	seng yen		聲音		532		true	自旧档汇入	2026-04-13T01:27:08+08:00
Son	sm	Bruit.	声音	sang k‘i’		聲氣		532		true	自旧档汇入	2026-04-13T01:27:08+08:00
Son	sm	Au Son de la trompette.	喇叭一响	hao’ dong ih ’hiang		號筒一嚮	號筒一響	532		true	自旧档汇入	2026-04-13T01:27:08+08:00
Son	sm	Au Son de la cloche.	一敲钟	ih ’tang tsong		一打鐘		532		true	自旧档汇入	2026-04-13T01:27:08+08:00
Son	sm	Son musical.	音，声响	yen		音		532		true	自旧档汇入	2026-04-13T01:27:08+08:00
Son	sm	Son musical.	音，声响	seng yen		聲音		532		true	自旧档汇入	2026-04-13T01:27:08+08:00
Son	sm	Les 8 Sons.	八音	pèh yen		八音		532		true	自旧档汇入	2026-04-13T01:27:08+08:00
Son	adj	Sa.	他的	i ke’		伊个		532		true	自旧档汇入	2026-04-13T01:27:08+08:00
Son	adj	Sa.	他的	ze’ i ke’		自伊个		532		true	自旧档汇入	2026-04-13T01:27:08+08:00
Son	adj	Sa.	他的	ze’ ka ke’		自家个		532		true	自旧档汇入	2026-04-13T01:27:08+08:00
Sonde	sf	marine.	水砣，测深铅	’se dou		水砣		532		true	自旧档汇入	2026-04-13T01:27:08+08:00
Sonde	sf	marine.	水砣，测深铅	tié ’se keu		敁水竿		532	待定	true	自旧档汇入	2026-04-13T01:27:08+08:00
Sonde	sf	Sonde de médecin.	探条	tsen		針		532		true	自旧档汇入	2026-04-13T01:27:08+08:00
Sonder	va		测深	liang(tié)’se ke’ sen ts‘ié	liang(tié)’se ke’ sen ’ts‘ié	量（敁）水个深淺		532		true	自旧档汇入	2026-04-13T01:27:08+08:00
Sonder	Fig.	Sonder qqn.	试探	se’ se’ i ke’ sin se		試試伊个心思		532		true	自旧档汇入	2026-04-13T01:27:08+08:00
Songe	sm	Cf.Rêve.	梦	maong’		夢		532		true	自旧档汇入	2026-04-13T01:27:08+08:00
Songer	vn		想，考虑	’siang		想		532		true	自旧档汇入	2026-04-13T01:27:08+08:00
Songer	vn		想，考虑	’siang ih ’siang		想一想		532		true	自旧档汇入	2026-04-13T01:27:08+08:00
Sonner	vn		响	’hiang		響		532		true	自旧档汇入	2026-04-13T01:27:08+08:00
Sonner	vn	Sonner de la trompette.	吹喇叭	ts‘e hao’ dong(la’ pa)		吹號筒（喇叭）		532	待定	true	自旧档汇入	2026-04-13T01:27:08+08:00
Sonner	va	Sonner une cloche.	敲钟	’tang tsong		打鐘		532		true	自旧档汇入	2026-04-13T01:27:08+08:00
Sonner	va	Frapper sur une cloche.	撞钟	k‘ao(zaong’)tsong		敲（撞）鐘		532		true	自旧档汇入	2026-04-13T01:27:08+08:00
Sonner	va	Agiter une son nette.	摇铃	yao ling		摇鈴		532		true	自旧档汇入	2026-04-13T01:27:08+08:00
Sonner	va	La tirer.	打铃	ts‘eû ling		抽鈴		532		true	自旧档汇入	2026-04-13T01:27:08+08:00
Sonnette	sf		铃	ling		鈴		532		true	自旧档汇入	2026-04-13T01:27:08+08:00
Sonore	adj		发声的，响亮的	yeng’ seng ’hiang		應響聲	應聲響	532	按照羅馬字改正	true	自旧档汇入	2026-04-13T01:27:08+08:00
Sonore	adj		发声的，响亮的	’hiang liang’		響亮		532		true	自旧档汇入	2026-04-13T01:27:08+08:00
Sophisme	sm		诡辩	’ka len’		假論		532		true	自旧档汇入	2026-04-13T01:27:08+08:00
Sophisme	sm		诡辩	’k‘iao tsouo’ tse len’		巧詐之論		532		true	自旧档汇入	2026-04-13T01:27:08+08:00
Sophiste	sm		诡辩派	’koei p‘ié’ ke’		詭諞个		532		true	自旧档汇入	2026-04-13T01:27:08+08:00
Sophiste	sm		诡辩派	h‘ouo yé ’k‘iao ’gnu 		花言巧語		532		true	自旧档汇入	2026-04-13T01:27:08+08:00
Sophiste	sm		诡辩派	’ze ze’ eul fi ke’	ze’ ze’ eul fi ke’	似是而非个		532		true	自旧档汇入	2026-04-13T01:27:08+08:00
Sorbier	sm		花楸	dou’(daong ghieû)zu’ [ih k‘ou]		杜（棠球）樹 [一棵]		532		true	自旧档汇入	2026-04-13T01:27:08+08:00
Sorcellerie	sf		巫术，魔法	zia fèh		邪法		532		true	自旧档汇入	2026-04-13T01:27:08+08:00
Sorcellerie	sf		巫术，魔法	zia zéh		邪術		532		true	自旧档汇入	2026-04-13T01:27:08+08:00
Sorcier	sm		巫师	hang zia fèh ke’		行邪法个		532		true	自旧档汇入	2026-04-13T01:27:08+08:00
Sorcière	sf		巫婆	wou bou		巫婆		532		true	自旧档汇入	2026-04-13T01:27:08+08:00
Sorcière	sf		巫婆	k‘eu ’kiu se gnang		看鬼師娘		532	待定	true	自旧档汇入	2026-04-13T01:27:08+08:00
Sordide	adj		污秽的	oh ts‘oh’	oh ts‘oh	齷齪		532	印刷錯誤	true	自旧档汇入	2026-04-13T01:27:08+08:00
Sordide	adj		污秽的	wou sou		污瑣	污？	532	待定	true	自旧档汇入	2026-04-13T01:27:08+08:00
Sordide	Fig	Mesquin.	利欲熏心的	’siao k‘i’		小器		532		true	自旧档汇入	2026-04-13T01:27:08+08:00
Sordide	Fig	Mesquin.	利欲熏心的	ih dié zu ming’		一錢如命		532		true	自旧档汇入	2026-04-13T01:27:08+08:00
Sordide	Fig	Mesquin.	利欲熏心的	seu’ kien seu’ ’liang		算斤算兩		532		true	自旧档汇入	2026-04-13T01:27:08+08:00
Sorgho	sm		高粱，蜀黍	kao liang		高粱		532		true	自旧档汇入	2026-04-13T01:27:08+08:00
Sornette	sf		废话	wo’ béh siang’		話孛相		532		true	自旧档汇入	2026-04-13T01:27:08+08:00
Sornette	sf		废话	k‘ong(yang)wo’		空（洋）話		532		true	自旧档汇入	2026-04-13T01:27:08+08:00
Sort	sm	Destin.	天命	ming’		命		532		true	自旧档汇入	2026-04-13T01:27:08+08:00
Sort	sm	Destin.	天命	sou’		數		532		true	自旧档汇入	2026-04-13T01:27:08+08:00
Sort	sm	Destin.	天命	t‘ié ming’		天命		532		true	自旧档汇入	2026-04-13T01:27:08+08:00
Sort	sm	Destin.	天命	t‘ié sou’		天數		532		true	自旧档汇入	2026-04-13T01:27:08+08:00
Sort	sm	État:heureux Sort.	有福	’yeû foh k‘i’		有福氣		532		true	自旧档汇入	2026-04-13T01:27:08+08:00
Sort	sm	Malheureux Sort.	薄命	bôh ming’		薄命		532		true	自旧档汇入	2026-04-13T01:27:08+08:00
Sort	sm	Malheureux Sort.	薄命	ming’ ’k‘ou		命苦		532		true	自旧档汇入	2026-04-13T01:27:08+08:00
Sort	sm	Tirer au Sort avec des jetous.	抽筹	ts‘eû zeû		抽籌		532		true	自旧档汇入	2026-04-13T01:27:08+08:00
Sort	sm	Tirer au Sort avec des billets.	抓阄	gneuh(gné)kieu		抈（拈）鬮		533		true	自旧档汇入	2026-04-13T01:27:08+08:00
Sort	sm	Tirer au Sort avec des bâtonnets.	抽签	ts‘eû ts‘ié ’tse		抽簽子		533		true	自旧档汇入	2026-04-13T01:27:08+08:00
Sort	sm	Interroger les Sorts.(Pa.).	算命	seu’ ming’		算命		533		true	自旧档汇入	2026-04-13T01:27:08+08:00
Sort	sm	Interroger les Sorts.(Pa.).	算命	tsé’ kouo’ 		占卦		533	待定	true	自旧档汇入	2026-04-13T01:27:08+08:00
Sort	sm	Interroger les Sorts.(Pa.).	算命	pôh		卜		533		true	自旧档汇入	2026-04-13T01:27:08+08:00
Sortable	adj		够体面的	tei’ ke’		對个		533		true	自旧档汇入	2026-04-13T01:27:08+08:00
Sortable	adj		够体面的	’k‘o ’i		可以		533		true	自旧档汇入	2026-04-13T01:27:08+08:00
Sorte	sf		种类	yang’		樣		533		true	自旧档汇入	2026-04-13T01:27:08+08:00
Sorte	sf		种类	’tsong		種		533		true	自旧档汇入	2026-04-13T01:27:08+08:00
Sorte	sf		种类	’teng		等		533		true	自旧档汇入	2026-04-13T01:27:08+08:00
Sorte	sf		种类	lei’		類		533		true	自旧档汇入	2026-04-13T01:27:08+08:00
Sorte	sf		种类	seh		色		533		true	自旧档汇入	2026-04-13T01:27:08+08:00
Sorte	sf	De toute Sorte.	各式各样	koh seh(lei’)koh yang’ ke’		各式（類）各樣个		533		true	自旧档汇入	2026-04-13T01:27:08+08:00
Sorte	sf	De toutes Sortes.	样样	yang’ yang’		樣樣		533		true	自旧档汇入	2026-04-13T01:27:08+08:00
Sorte	sf	De toutes Sortes.	样样	tou h‘ouo’ yang’ sou’		多化樣數		533		true	自旧档汇入	2026-04-13T01:27:08+08:00
Sorte	sf	De toutes Sortes.	样样	’fen ’fen péh ih	fen fen péh ih	紛紛不一		533		true	自旧档汇入	2026-04-13T01:27:08+08:00
Sorte	sf	En Sorte que.	因此	’sou ’i		所以		533		true	自旧档汇入	2026-04-13T01:27:08+08:00
Sorte	sf	En Sorte que.	因此	’i tse’		以致		533		true	自旧档汇入	2026-04-13T01:27:08+08:00
Sorte	sf	Faire en Sorte que.	使得，使之	’se teh 		使得		533		true	自旧档汇入	2026-04-13T01:27:08+08:00
Sortie	sf		出门	ts‘éh k‘i’		出去		533		true	自旧档汇入	2026-04-13T01:27:08+08:00
Sortie	Fig	Sortie.	突然发怒	nao’ ih fè		鬧一番		533		true	自旧档汇入	2026-04-13T01:27:08+08:00
Sortilège	sm		巫术	zia fèh		邪法		533		true	自旧档汇入	2026-04-13T01:27:08+08:00
Sortir	vn		出去	ts‘éh k‘i’		出去		533		true	自旧档汇入	2026-04-13T01:27:08+08:00
Sortir	vn	Sortir de la ville.	出城	ts‘éh zeng		出城		533		true	自旧档汇入	2026-04-13T01:27:08+08:00
Sortir	vn	Se délivrer de.Être issu de.	脱身	t‘euh sen		脱身		533		true	自旧档汇入	2026-04-13T01:27:08+08:00
Sortir	vn	Se délivrer de.Être issu de.	脱身	’tou bi’		躲避		533		true	自旧档汇入	2026-04-13T01:27:08+08:00
Sortir	vn	Se délivrer de.Être issu de.	脱身	ts‘éh sen		出身		533		true	自旧档汇入	2026-04-13T01:27:08+08:00
Sot	adj		傻子	wou dou		糊塗		533		true	自旧档汇入	2026-04-13T01:27:08+08:00
Sot	adj		傻子	ngai ben’		呆笨		533		true	自旧档汇入	2026-04-13T01:27:08+08:00
Sot	adj		傻子	ih ’k‘iao véh t‘ong	ih k‘iao’ véh t‘ong	一竅勿通		533	變調	true	自旧档汇入	2026-04-13T01:27:08+08:00
Sot	adj		傻子	’gaong dou’		戇大		533	待定	true	自旧档汇入	2026-04-13T01:27:08+08:00
Sottise	sf		蠢话，蠢事，愚蠢	wou dou wo’		糊塗話		533		true	自旧档汇入	2026-04-13T01:27:08+08:00
Sottise	sf		蠢话，蠢事，愚蠢	wou dou ze’ ’t‘i		糊塗事體		533		true	自旧档汇入	2026-04-13T01:27:08+08:00
Sottise	sf		蠢话，蠢事，愚蠢	m kié’ seh		無見識	嘸見識	533		true	自旧档汇入	2026-04-13T01:27:08+08:00
Sottement	adv		愚蠢地	wou wou dou dou ke’		糊糊塗塗个		533		true	自旧档汇入	2026-04-13T01:27:08+08:00
Sottement	adv		愚蠢地	hoen ’tong ’tong ke’	h‘oen ’tong ’tong ke’	昏懂懂个		533		true	自旧档汇入	2026-04-13T01:27:08+08:00
Soubassement	sm		底座，墙基	ôh ki		屋基		533		true	自旧档汇入	2026-04-13T01:27:08+08:00
Soubassement	sm		底座，墙基	ziang kiah		墻脚		533		true	自旧档汇入	2026-04-13T01:27:08+08:00
Soubassement	sm	Base de colonne.	柱座	’zu ’saong		柱磉		533		true	自旧档汇入	2026-04-13T01:27:08+08:00
Soubassement	sm	Étage inférieur.	下层	’ti kè		底間		533		true	自旧档汇入	2026-04-13T01:27:08+08:00
Soubresaut	sm		战栗	hah tse ih t‘iao’	h‘ah tse ih t‘iao’	嚇之一跳		533		true	自旧档汇入	2026-04-13T01:27:08+08:00
Soubresaut	sm		战栗	ih ’ghien		一[疒今]	一凚	533		true	自旧档汇入	2026-04-13T01:27:08+08:00
Souche	sf	Tronc.	树桩	zu’ ken		樹根		533		true	自旧档汇入	2026-04-13T01:27:08+08:00
Souche	sf	Tronc.	树桩	zu’ tsaong [ih ken]		樹樁[一根]		533		true	自旧档汇入	2026-04-13T01:27:08+08:00
Souche	Fig	Généalogie.	祖先	’tsou tsong		祖宗		533		true	自旧档汇入	2026-04-13T01:27:08+08:00
Souche	Fig	Généalogie.	祖先	ken ’ti		根底		533		true	自旧档汇入	2026-04-13T01:27:08+08:00
Souche	Fig	Généalogie.	祖先	ih ken tse mah		一根支脉		533		true	自旧档汇入	2026-04-13T01:27:08+08:00
Souche	Fig	Descendre de la même Souche.	一个祖宗传下来	ih ke’ ’tsou tsong zé ’hao lai ke’		一个祖宗傳下來个		533		true	自旧档汇入	2026-04-13T01:27:08+08:00
Souche	Fig	Il est de bonne Souche.	他底子好	i ze’ ’h‘ao ’ti ’tse		伊是好底子		533		true	自旧档汇入	2026-04-13T01:27:08+08:00
Souci	sm	[Plante].	金盏花	kien zè houo		金盞花		533	待定	true	自旧档汇入	2026-04-13T01:27:08+08:00
Souci	sm	Soin inquiet.	忧虑	kouo’ sin		掛心		533		true	自旧档汇入	2026-04-13T01:27:08+08:00
Souci	sm	Soin inquiet.	忧虑	kouo’ liu’	kouo’ lu’	掛慮		533		true	自旧档汇入	2026-04-13T01:27:08+08:00
Souci	sm	Avoir le Souci.	操心	’koé		管		533		true	自旧档汇入	2026-04-13T01:27:08+08:00
Souci	sm	Avoir le Souci.	操心	tsao’ kou’		照顧		533		true	自旧档汇入	2026-04-13T01:27:08+08:00
Souci	sm	Déposer tout Souci.	放心	faong’ sin		放心		533		true	自旧档汇入	2026-04-13T01:27:08+08:00
Souci	sm	Déposer tout Souci.	放心	tieû k‘ai sin se		丢開心思		533		true	自旧档汇入	2026-04-13T01:27:08+08:00
Soucier	vr	(Se)de.Prendre soin.	关心	’koé		管		533		true	自旧档汇入	2026-04-13T01:27:08+08:00
Soucier	vr	(Se)de.Prendre soin.	关心	faong’ ’la sin laong’		放拉心上		533		true	自旧档汇入	2026-04-13T01:27:08+08:00
Soucieux	adj		担心...的	tè sin ze’		担心事		533	保留簡體	true	自旧档汇入	2026-04-13T01:27:08+08:00
Soucieux	adj		担心...的	sin ’li vè ts‘ao’(zah kiéh)		心裏煩躁（着急）		533		true	自旧档汇入	2026-04-13T01:27:08+08:00
Soucieux	adj		担心...的	mô sin se		磨心思		533		true	自旧档汇入	2026-04-13T01:27:08+08:00
Soucieux	adj	Être tout Soucieux.	关心	ghieh lai		極來		533		true	自旧档汇入	2026-04-13T01:27:08+08:00
Soucieux	adj	Être tout Soucieux.	关心	heû’ ghieh		候極		533		true	自旧档汇入	2026-04-13T01:27:08+08:00
Soucieux	adj	Front Soucieux.	眉头紧锁	pè mi deû véh k‘ai		[扌班]眉毛勿開		533		true	自旧档汇入	2026-04-13T01:27:08+08:00
Soucoupe	sf		茶碟	ts‘en ben [ih tsah]	ts‘en’ ben [ih tsah]	襯盆[一隻]		533		true	自旧档汇入	2026-04-13T01:27:08+08:00
Soucoupe	sf	Soucoupe d’une tasse à thé.	茶托	zouo t‘oh		茶托		533		true	自旧档汇入	2026-04-13T01:27:08+08:00
Soucoupe	sf	Soucoupe supre tasse à thé(couvercle).	茶碗盖	zouo ’wé ’kai deû		茶碗蓋頭		534		true	自旧档汇入	2026-04-13T01:27:08+08:00
Soudain	adj		忽然的	féh zé ke’		忽然个		534		true	自旧档汇入	2026-04-13T01:27:08+08:00
Soudain	adv	Soudain.	忽然地	féh zé kè		忽然間		534		true	自旧档汇入	2026-04-13T01:27:08+08:00
Soudain	adv	Soudain.	忽然地	féh zé		忽然		534		true	自旧档汇入	2026-04-13T01:27:08+08:00
Soude	sf		苏打	sou-’tang		蘇打		534		true	自旧档汇入	2026-04-13T01:27:08+08:00
Soude	sf	Carbonate de Soude.	面鹻	mié’ ’kè		面鹼		534		true	自旧档汇入	2026-04-13T01:27:08+08:00
Soude	sf	Sulfate de Soude.	芒硝	maong siao		芒硝		534		true	自旧档汇入	2026-04-13T01:27:08+08:00
Souder	va		焊接	heu’ 		焊		534		true	自旧档汇入	2026-04-13T01:27:08+08:00
Soudure	sf		焊锡	heu’ sieh		焊錫		534		true	自旧档汇入	2026-04-13T01:27:08+08:00
Soudoyer	va		收买	’ma biéh gnen		買别人		534		true	自旧档汇入	2026-04-13T01:27:08+08:00
Souffle	sm		微风	fong 		風		534		true	自旧档汇入	2026-04-13T01:27:08+08:00
Souffle	sm	Un Souffle de vent.	风丝缕缕	fong se lieû lieû		風絲縷縷		534	待定	true	自旧档汇入	2026-04-13T01:27:08+08:00
Souffle	sm	Respiration.	气息	k‘i’		氣		534		true	自旧档汇入	2026-04-13T01:27:08+08:00
Souffle	sm	Respiration.	气息	’t‘eû k‘i’		㰯氣	敨氣	534		true	自旧档汇入	2026-04-13T01:27:08+08:00
Souffler	vn		吹气	haong’	h‘aong	吭		534		true	自旧档汇入	2026-04-13T01:27:08+08:00
Souffler	vn		吹气	’t‘eû k‘i’		㰯氣	敨氣	534		true	自旧档汇入	2026-04-13T01:27:08+08:00
Souffler	vn	Le vent souffle.	风吹	fong ts‘e		風吹		534		true	自旧档汇入	2026-04-13T01:27:08+08:00
Souffler	vn	Le vent souffle.	风吹	fong p‘iao ’lao p‘iao		風飄咾飄		534		true	自旧档汇入	2026-04-13T01:27:08+08:00
Souffler	va	Souffler le feu avec la bouche.	吹旺火苗	ts‘e ’h‘ou		吹火		534		true	自旧档汇入	2026-04-13T01:27:08+08:00
Souffler	va	Souffler le un soufflet,un éventoir.		sé’ ih sé’ ’h‘ou		煽一煽火		534	待定	true	自旧档汇入	2026-04-13T01:27:08+08:00
Souffler	va	Souffler une lampe.	吹灭灯	ts‘e ’yen teng		吹隱燈		534		true	自旧档汇入	2026-04-13T01:27:08+08:00
Souffler	va	Souffler sa leçon à qqn.	提词	t‘eû bé’ di i		偷伴提伊		534		true	自旧档汇入	2026-04-13T01:27:08+08:00
Souffler	va	Ne pas Souffler mot.	不吭声	véh ’hiang sa’		勿响啥		534	保留簡體	true	自旧档汇入	2026-04-13T01:27:08+08:00
Souffler	va	Ne pas Souffler mot.	不吭声	véh ts‘éh seng		勿出聲		534		true	自旧档汇入	2026-04-13T01:27:08+08:00
Soufflet	sm		风箱	fong siang’ [ih tsah]	fong siang [ih tsah]	風箱[一隻]		534		true	自旧档汇入	2026-04-13T01:27:08+08:00
Soufflet	sm	Gifle.Donner un Soufflet.	打耳光	’tang pouo ’tsang(’gni koang)		打巴掌（耳光）		534		true	自旧档汇入	2026-04-13T01:27:08+08:00
Souffrance	sf		苦难	’k‘ou		苦		534		true	自旧档汇入	2026-04-13T01:27:08+08:00
Souffrance	sf		苦难	’k‘ou nè’		苦難		534		true	自旧档汇入	2026-04-13T01:27:08+08:00
Souffrant	adj		身体不适	véh ’h‘ao kou’		勿好過		534		true	自旧档汇入	2026-04-13T01:27:08+08:00
Souffrant	adj		身体不适	véh seh i		勿適意		534		true	自旧档汇入	2026-04-13T01:27:08+08:00
Souffreteux	adj		体弱多病	sang bing’		生病		534		true	自旧档汇入	2026-04-13T01:27:08+08:00
Souffreteux	adj		体弱多病	’yeû bing’		有病		534		true	自旧档汇入	2026-04-13T01:27:08+08:00
Souffreteux	adj		体弱多病	sang bing’ lôh t‘ong’ ke’		生病六痛个		534		true	自旧档汇入	2026-04-13T01:27:08+08:00
Souffrir	vn		遭受	t‘ong’		痛		534		true	自旧档汇入	2026-04-13T01:27:08+08:00
Souffrir	vn		遭受	’zeû ’k‘ou		受苦		534		true	自旧档汇入	2026-04-13T01:27:08+08:00
Souffrir	vn		遭受	nè kou’		難過		534		true	自旧档汇入	2026-04-13T01:27:08+08:00
Souffrir	vn	Souffrir de la tête.	头痛	deû ’li t‘ong’		頭裏痛		534		true	自旧档汇入	2026-04-13T01:27:08+08:00
Souffrir	vn	Souffrir de la tête.	头痛	deû t‘ong’		頭痛		534		true	自旧档汇入	2026-04-13T01:27:08+08:00
Souffrir	vn	Faire Souffrir les gens.	让人受苦	péh ’k‘ou deû gnen k‘ieh		撥苦頭人吃		534		true	自旧档汇入	2026-04-13T01:27:08+08:00
Souffrir	va	Tolérer.	容忍	gnang’		讓		534		true	自旧档汇入	2026-04-13T01:27:08+08:00
Souffrir	va	Tolérer.	容忍	ts‘ié zieû’		遷就		534		true	自旧档汇入	2026-04-13T01:27:08+08:00
Souffrir	va	Tolérer.	容忍	’zen nai’		忍耐		534		true	自旧档汇入	2026-04-13T01:27:08+08:00
Souffrir	va	Ne pouvoir Souffrir.	不能容忍	nai’(yong)véh ’k‘i		耐（容）勿起		534		true	自旧档汇入	2026-04-13T01:27:08+08:00
Souffrir	va	Ne pouvoir Souffrir.	不能容忍	nai’ tsôh		耐足		534		true	自旧档汇入	2026-04-13T01:27:08+08:00
Souffrir	va	Ne pouvoir Souffrir.	不能容忍	ngao véh teh(zu’)		嗷勿得（住）	熬勿得（住）	534		true	自旧档汇入	2026-04-13T01:27:08+08:00
Soufre	sm		硫磺	lieû waong		硫磺		534		true	自旧档汇入	2026-04-13T01:27:08+08:00
Soufre	sm	Fleur de Seufre.	硫磺粉	lieû waong ’fen		硫磺粉		534		true	自旧档汇入	2026-04-13T01:27:08+08:00
Souhait	sm		愿望	gneu’ i’		願意		534		true	自旧档汇入	2026-04-13T01:27:08+08:00
Souhait	sm		愿望	sin ’li ’sou gneu’		心裏所願		534		true	自旧档汇入	2026-04-13T01:27:08+08:00
Souhait	loc.adv	À Souhait.	如愿以偿	ts‘eng’ sin zu i’		稱心如意		534		true	自旧档汇入	2026-04-13T01:27:08+08:00
Souhait	loc.adv	À Souhait.	如愿以偿	sin ’mé i’ tsôh		心滿意足		534		true	自旧档汇入	2026-04-13T01:27:08+08:00
Souhaiter	va	le bonjour.	祝愿	maong’ maong’		望望		534		true	自旧档汇入	2026-04-13T01:27:08+08:00
Souhaiter	va	le bonjour.	祝愿	’ts‘ing eu		請安		534		true	自旧档汇入	2026-04-13T01:27:08+08:00
Souhaiter	va	Souhaiter la bonne année.	祝贺新年	pa’ gné		拜年		534		true	自旧档汇入	2026-04-13T01:27:08+08:00
Souhaiter	va	Jevs souhaite des richesses.	祝你发财	fèh zai fèh zai		發財發財		534		true	自旧档汇入	2026-04-13T01:27:08+08:00
Souhaiter	va	Jevs souhaite des richesses.	祝你发财	maong’ nong’ fèh zai		望儂發財		534		true	自旧档汇入	2026-04-13T01:27:08+08:00
Souhaiter	va	Espérer:Souhaiter que...	希望	maong’		望		534		true	自旧档汇入	2026-04-13T01:27:08+08:00
Souhaiter	va	Espérer:Souhaiter que...	希望	gneu’ i’		願意		534		true	自旧档汇入	2026-04-13T01:27:08+08:00
Souhaiter	va	Espérer:Souhaiter que...	希望	pouo véh teh		巴勿得		534		true	自旧档汇入	2026-04-13T01:27:08+08:00
Souillé	pp		肮脏的	oh ts‘oh		齷齪		535		true	自旧档汇入	2026-04-13T01:27:08+08:00
Souillé	pp		肮脏的	wou ’wei		污穢		535	待定	true	自旧档汇入	2026-04-13T01:27:08+08:00
Souillé	pp		肮脏的	oh yeng		惡形		535		true	自旧档汇入	2026-04-13T01:27:08+08:00
Souiller	va		弄脏，污染	long’ oh ts‘oh		弄齷齪		535		true	自旧档汇入	2026-04-13T01:27:08+08:00
Souiller	va		弄脏，污染	t‘èh lei’		搨累		535		true	自旧档汇入	2026-04-13T01:27:08+08:00
Soûl	adj	Ivre.	喝醉酒的	k‘ieh tsu’ ’tsé		吃醉者		535		true	自旧档汇入	2026-04-13T01:27:08+08:00
Soûl	adj	Ivre.	喝醉酒的	’tsieû tsu’ ’tsé		酒醉者		535		true	自旧档汇入	2026-04-13T01:27:08+08:00
Soûl	sm	Boire son Soûl.	喝醉了	k‘ieh lai keû’ ’tsé		吃來彀者		535		true	自旧档汇入	2026-04-13T01:27:08+08:00
Soûl	sm	Manger tout son Soûl.	吃饱	k‘ieh ’pao 		吃飽		535		true	自旧档汇入	2026-04-13T01:27:08+08:00
Soulagement	sm		慰藉，缓解	’zeû yong’		受用		535		true	自旧档汇入	2026-04-13T01:27:08+08:00
Soulagement	sm		慰藉，缓解	’h‘ao kou’ ’tié		好過点		535		true	自旧档汇入	2026-04-13T01:27:08+08:00
Soulagement	va	Éprouver du Soulagement.	感觉好点了	koh zah ’h‘ao(k‘ieng)ih ’ngè		覺着好（輕）一眼		535		true	自旧档汇入	2026-04-13T01:27:08+08:00
Soulager			减轻痛苦	eu wei’		安慰		535		true	自旧档汇入	2026-04-13T01:27:08+08:00
Soulager			减轻痛苦	’ka k‘ieu’		解勸		535		true	自旧档汇入	2026-04-13T01:27:08+08:00
Soulager			减轻痛苦	’ka men’		解悶		535		true	自旧档汇入	2026-04-13T01:27:08+08:00
Soulager		Cela soulage le cœur.	心里感到宽慰	sin ’li zieû’ k‘oé song ’tsé		心裏就寬鬆者		535		true	自旧档汇入	2026-04-13T01:27:08+08:00
Soûler	va.	qqn.	灌醉	long’(song)tsu’ i		弄（慫）醉伊		535	待定	true	自旧档汇入	2026-04-13T01:27:08+08:00
Soûler	va.	qqn.	灌醉	’hao(koé’)i k‘ieh tsu’		下（灌）伊吃醉		535		true	自旧档汇入	2026-04-13T01:27:08+08:00
Soûler	vr	Se Soûler.	喝醉酒的	k‘ieh tsu’		吃醉		535		true	自旧档汇入	2026-04-13T01:27:08+08:00
Soulèvement	sm	Soulèvement populaire,	暴动	min ’fè		民反		535		true	自旧档汇入	2026-04-13T01:27:08+08:00
Soulèvement	sm	Soulèvement populaire,	暴动	’fè leu’		反亂		535		true	自旧档汇入	2026-04-13T01:27:08+08:00
Soulèvement	sm	Soulèvement populaire,	暴动	fong pou		風波		535		true	自旧档汇入	2026-04-13T01:27:08+08:00
Soulever	va		略微抬起	dai(nao,di)’k‘i lai		抬（拏，提）起來		535		true	自旧档汇入	2026-04-13T01:27:08+08:00
Soulever	va	Soulever des colères.	激怒	ts‘eu dao k‘i’		攛啕氣		535		true	自旧档汇入	2026-04-13T01:27:08+08:00
Soulever	va	Soulever des colères.	激怒	’za k‘i’		惹氣		535		true	自旧档汇入	2026-04-13T01:27:08+08:00
Soulever	va	Soulever une question.	提出一个问题	di ’k‘i ih ghié’ ze’ ’t‘i		提起一件事體		535		true	自旧档汇入	2026-04-13T01:27:08+08:00
Soulever	vr	Se Soulever.Se révolter.	暴动	tsoh leu’		作亂		535		true	自旧档汇入	2026-04-13T01:27:08+08:00
Soulever	vr	Se Soulever.Se révolter.	暴动	’k‘i ’fè		起反		535		true	自旧档汇入	2026-04-13T01:27:08+08:00
Soulier	sm		鞋	ha ’tse [ih tsah;ih saong]		鞋子[一隻;一雙]		535	格式待定	true	自旧档汇入	2026-04-13T01:27:08+08:00
Soulier	sm	Soulier à double couture saillante.	双梁鞋	saong liang ha ’tse		雙梁鞋子		535		true	自旧档汇入	2026-04-13T01:27:08+08:00
Soulier	sm	Soulier très ouvert.	短梁鞋	’teu liang ha ’tse		短梁鞋子		535		true	自旧档汇入	2026-04-13T01:27:08+08:00
Soulier	sm	Souliers éculés.	坏跟鞋	t‘èh ken ha ’tse		塌跟鞋子		535		true	自旧档汇入	2026-04-13T01:27:08+08:00
Soulier	sm	Porter des Souliers éculés.	拖鞋皮	t‘ou ha bi		拖鞋皮		535		true	自旧档汇入	2026-04-13T01:27:08+08:00
Soumettre	va	Réduire.	压服，征服	èh woh		壓服		535		true	自旧档汇入	2026-04-13T01:27:08+08:00
Soumettre	va	Réduire.	压服，征服	k‘eh woh		克服		535		true	自旧档汇入	2026-04-13T01:27:08+08:00
Soumettre	va	Réduire.	压服，征服	dè èh		彈壓		535		true	自旧档汇入	2026-04-13T01:27:08+08:00
Soumettre	vr	Se Soumettre.Se rendre.	屈从，服从	deû haong		投降		535		true	自旧档汇入	2026-04-13T01:27:08+08:00
Soumettre	vr	Se Soumettre.Céder.Obéir.	屈从，服从	gnang’		讓		535		true	自旧档汇入	2026-04-13T01:27:08+08:00
Soumettre	vr	Se Soumettre.Céder.Obéir.	屈从，服从	woh		服		535		true	自旧档汇入	2026-04-13T01:27:08+08:00
Soumettre	vr	Se Soumettre.Céder.Obéir.	屈从，服从	t‘ing zong		聽從		535		true	自旧档汇入	2026-04-13T01:27:08+08:00
Soumettre	vr	Se Soumettre.Céder.Obéir.	屈从，服从	t‘ing ming’		聽命		535		true	自旧档汇入	2026-04-13T01:27:08+08:00
Soumis	adj		服从的	woh		服		535		true	自旧档汇入	2026-04-13T01:27:08+08:00
Soumis	adj		服从的	’seû ’hao		手下		535		true	自旧档汇入	2026-04-13T01:27:08+08:00
Soumis	adj	Homme Soumis.	顺从之人	t‘ing ming’ ke’ gnen		聽命个人		535		true	自旧档汇入	2026-04-13T01:27:08+08:00
Soumis	adj	Pays Soumis.	属国	zôh kôh		屬國		535		true	自旧档汇入	2026-04-13T01:27:08+08:00
Soupçon	sm		猜疑，怀疑	gni woh		疑惑		535		true	自旧档汇入	2026-04-13T01:27:08+08:00
Soupçon	sm		猜疑，怀疑	gni sin		疑心		535		true	自旧档汇入	2026-04-13T01:27:08+08:00
Soupçon	sm		猜疑，怀疑	yé gni		嫌疑		535		true	自旧档汇入	2026-04-13T01:27:08+08:00
Soupçonné	pp		惹人嫌疑	’za gnen gni woh		惹人嫌疑		535		true	自旧档汇入	2026-04-13T01:27:08+08:00
Soupçonner	va		猜疑，怀疑	ts‘ai gni		猜疑		535		true	自旧档汇入	2026-04-13T01:27:08+08:00
Soupçonner	va		猜疑，怀疑	gni woh		疑惑		535		true	自旧档汇入	2026-04-13T01:27:08+08:00
Soupçonner	va		猜疑，怀疑	yé gni		嫌疑		535		true	自旧档汇入	2026-04-13T01:27:08+08:00
Soupçonneux	adj		多疑的	tou gni sin		多疑心		535		true	自旧档汇入	2026-04-13T01:27:08+08:00
Soupçonneux	adj		多疑的	gni sin ’zong		疑心重		535		true	自旧档汇入	2026-04-13T01:27:08+08:00
Soupe	sf		浓汤	t‘aong		湯		535		true	自旧档汇入	2026-04-13T01:27:08+08:00
Soupe	sf		浓汤	mé deû t‘aong		饅頭湯		535		true	自旧档汇入	2026-04-13T01:27:08+08:00
Soupe	sf	Soupe grasse.	肉汤	gnôh t‘aong		肉湯		535		true	自旧档汇入	2026-04-13T01:27:08+08:00
Souper	sm		晚餐	ya’ vè’		夜飯		535		true	自旧档汇入	2026-04-13T01:27:08+08:00
Souper	vn	Souper.	用晚餐	k‘ieh ya’ vè’		吃夜飯		535		true	自旧档汇入	2026-04-13T01:27:08+08:00
Soupeser	va		掂量	’ten kien ’liang		戥斤兩		535		true	自旧档汇入	2026-04-13T01:27:08+08:00
Soupeser	va		掂量	tié’ tié’ k‘eu’		掂掂看		535	待定	true	自旧档汇入	2026-04-13T01:27:08+08:00
Soupeser	va		掂量	’ten ’ten k‘eu’		戥戥看		535	待定	true	自旧档汇入	2026-04-13T01:27:08+08:00
Soupière	sf		带盖的大汤碗	t‘aong kou ’tse [ih tsah]		湯鍋子[一隻]		535		true	自旧档汇入	2026-04-13T01:27:08+08:00
Soupir	sm		叹气	t‘è’ k‘i’		嘆氣		535		true	自旧档汇入	2026-04-13T01:27:08+08:00
Soupir	sm		叹气	t‘è’ sieh		嘆息		535		true	自旧档汇入	2026-04-13T01:27:08+08:00
Soupir.	sm.	Rendre le dernier –	叹息	’si.		死		536		true	自旧档汇入	2026-04-13T01:27:08+08:00
Soupir.	sm.		叹息	’deu k‘i’.		斷氣		536		true	自旧档汇入	2026-04-13T01:27:08+08:00
Soupirer.	 vn.		叹息	t‘è’ ih ’k‘eû k‘i’.		嘆一口氣		536		true	自旧档汇入	2026-04-13T01:27:08+08:00
Soupirer.	 vn.		叹息	ai’ sang t‘è’ k‘i’.		噯聲嘆氣		536		true	自旧档汇入	2026-04-13T01:27:08+08:00
Soupirer.	 vn.		叹息	zang tè’ ih sang.		長嘆一聲		536		true	自旧档汇入	2026-04-13T01:27:08+08:00
Souple.	 adj.		柔软的	’gneu.		軟		536		true	自旧档汇入	2026-04-13T01:27:08+08:00
Souple.	 adj.		柔软的	zeû zen’.		柔順		536		true	自旧档汇入	2026-04-13T01:27:08+08:00
Souple.	 adj.		柔软的	’gneu ’tsé.		軟轉		536		true	自旧档汇入	2026-04-13T01:27:08+08:00
Source.	 sf.		来源	zié gneu.		泉源		536		true	自旧档汇入	2026-04-13T01:27:08+08:00
