text	verb	explanation	madarian	romen	ro_correct	hanzi	han_correct	page	description	toggle	note	updated_at
Source.	 sf.	d'eau.	来源	zié ’ngè.		泉眼		536		true	自旧档汇入	2026-04-13T01:27:08+08:00
Source.	 sf.	Fig. Origine.	来源	ken ’tse.		根子		536		true	自旧档汇入	2026-04-13T01:27:08+08:00
Source.	 sf.	Fig. Origine.	来源	lai(gneu)deû.		來（原）頭		536		true	自旧档汇入	2026-04-13T01:27:08+08:00
Source.	 sf.	Fig. Origine.	来源	ken yeû.		根由		536		true	自旧档汇入	2026-04-13T01:27:08+08:00
Sourcil. 	 sm.		眉	’ngè mi mao.		眼眉毛		536		true	自旧档汇入	2026-04-13T01:27:08+08:00
Sourcil. 	 sm.		眉	mi mao.		眉毛		536		true	自旧档汇入	2026-04-13T01:27:08+08:00
Sourcil. 	 sm.	Froncer le -. 	眉	tseû’ mi deû.		皺眉頭		536		true	自旧档汇入	2026-04-13T01:27:08+08:00
Sourciller (Sans). 	 vn.		皱眉	mié’ ’k‘ong ih ’ngè véh pié’.		面孔一眼勿變		536		true	自旧档汇入	2026-04-13T01:27:08+08:00
Sourciller (Sans). 	 vn.		皱眉	véh t‘ong’ véh ’yang.		勿痛勿癢		536		true	自旧档汇入	2026-04-13T01:27:08+08:00
Sourcilleux.	adj.		忧虑的	zeû mi péh ’tsé ke’.		愁眉不展个		536		true	自旧档汇入	2026-04-13T01:27:08+08:00
Sourcilleux.	fig.	Fig. Hautain.	高耸的	’ngè ka’ kao (dou’).		眼界高（大）		536		true	自旧档汇入	2026-04-13T01:27:08+08:00
Sourcilleux.	fig.	Orgueilleux	高耸的	’ngè ka’ ’koang k‘oéh.		眼界廣闊		536		true	自旧档汇入	2026-04-13T01:27:08+08:00
Sourd. 	adj.		聋	long bang’.		聾[彭耳]		536		true	自旧档汇入	2026-04-13T01:27:08+08:00
Sourd. 	adj.		聋	’gni ’tou long.		耳朵聾		536		true	自旧档汇入	2026-04-13T01:27:08+08:00
Sourd. 	adj.	Peu sonore.	聋	hiang seng k‘ieû.		響聲恘		536		true	自旧档汇入	2026-04-13T01:27:08+08:00
Sourd. 	adj.	Peu sonore.	聋	véh da’ ‘hiang.		勿大响		536	保留簡體	true	自旧档汇入	2026-04-13T01:27:08+08:00
Sourdine.	 sf.	(À la)	沉默的	é’ é’ ’li.		暗暗裏		536		true	自旧档汇入	2026-04-13T01:27:08+08:00
Sourdre.	 vn.		乐曲	yong ts‘éh.	’yong ts‘éh	涌出		536		true	自旧档汇入	2026-04-13T01:27:08+08:00
Sourdre.	 vn.		乐曲	lieû ts‘éh lai.		流出來		536		true	自旧档汇入	2026-04-13T01:27:08+08:00
Souriant.	 adj.	(Visage)	微笑	’mé mié’ siao’ ’ngè.		滿面笑眼		536		true	自旧档汇入	2026-04-13T01:27:08+08:00
Souriant.	 adj.	Tout -	微笑	siao’ mi mi		笑眯眯		536		true	自旧档汇入	2026-04-13T01:27:08+08:00
Souriant.	 adj.	Tout -	微笑	ta’ siao’ yong.		帶笑容		536		true	自旧档汇入	2026-04-13T01:27:08+08:00
Souricière.	 sf.		捕鼠器	moh mao.		木猫		536		true	自旧档汇入	2026-04-13T01:27:08+08:00
Souricière.	 sf.		捕鼠器	’lao ’se ghèh (kèh)tsié.	’lao ’se gèh (kèh)’tsié.	老鼠[扌劼]（夾）剪		536		true	自旧档汇入	2026-04-13T01:27:08+08:00
Souricière.	 sf.		捕鼠器	’lao ’se long(kèh).		老鼠籠（夾）		536		true	自旧档汇入	2026-04-13T01:27:08+08:00
Sourire. 	vn. Sm.		微笑	siao’ hi hi		笑嘻嘻		536		true	自旧档汇入	2026-04-13T01:27:08+08:00
Sourire. 	vn. Sm.		微笑	siao’ mi mi		笑眯眯		536		true	自旧档汇入	2026-04-13T01:27:08+08:00
Souris. 	 sf.		老鼠	’siao ’lao ’se(tse) [ih tsah].		小老鼠[一隻]		536	待定	true	自旧档汇入	2026-04-13T01:27:08+08:00
Sournois. 	 adj. et sm.		狡猾	yen gnen.		陰人		536		true	自旧档汇入	2026-04-13T01:27:08+08:00
Sournois. 	 adj. et sm.		狡猾	’yeû sin se gnen.		有心思人		536		true	自旧档汇入	2026-04-13T01:27:08+08:00
Sous. 	 prép.		在下面	…’ti ’hao.		…底下		536		true	自旧档汇入	2026-04-13T01:27:08+08:00
Sous. 	 prép.		在下面	 ... ’hao ’ti.		…下底		536		true	自旧档汇入	2026-04-13T01:27:08+08:00
Sous. 	 prép.		在下面	’la..’hao deû.		拉…下頭		536		true	自旧档汇入	2026-04-13T01:27:08+08:00
Sous. 	 prép.	Dans. –terre	在下面	’li.		裹		536		true	自旧档汇入	2026-04-13T01:27:08+08:00
Sous. 	 prép.	Dans. –terre	在下面	di’ ’ti ’hao.		地底下		536		true	自旧档汇入	2026-04-13T01:27:08+08:00
Sous. 	 prép.	Dans. –terre	在下面	’la gni ’li.		拉坭裏		536		true	自旧档汇入	2026-04-13T01:27:08+08:00
Sous. 	 prép.	Porter un livre-le bras.	在下面	ghèh su.	gèh su	[扌劼]書		536		true	自旧档汇入	2026-04-13T01:27:08+08:00
Sous. 	 prép.	–K'ang-hi.	在下面	K‘aong-hi gné kè.		康熙年間		536		true	自旧档汇入	2026-04-13T01:27:08+08:00
Sous. 	 prép.	–l'autorité de qqn.	在下面	’seû ’hao gnen.		手下人		536		true	自旧档汇入	2026-04-13T01:27:08+08:00
Sous. 	 prép.	–l'autorité de qqn.	在下面	’ti ’hao gnen.		底下人		536		true	自旧档汇入	2026-04-13T01:27:08+08:00
Sous. 	 prép.	–l'autorité de qqn.	在下面	’hao zôh. 		下屬		536		true	自旧档汇入	2026-04-13T01:27:08+08:00
Sous. 	 prép.	À portée de : -la main.	在下面	’seû ’hao.		手下		536		true	自旧档汇入	2026-04-13T01:27:08+08:00
Sous. 	 prép.	À portée de : -la main.	在下面	’la ’seû pié(ken) deû.		拉手邊（根）頭		536		true	自旧档汇入	2026-04-13T01:27:08+08:00
Sous-affermer.	 va.		转租给他	’tsé tsou ’la biéh gnen.		轉租拉别人		536		true	自旧档汇入	2026-04-13T01:27:08+08:00
Souscription.	 sf.		订阅	kieu haong’.		捐項		536		true	自旧档汇入	2026-04-13T01:27:08+08:00
Souscription.	 sf.		订阅	kieu ’k‘oé.		捐款		536		true	自旧档汇入	2026-04-13T01:27:08+08:00
Souscription.	 sf.	Ouvrir une	订阅	’sia kieu.		寫捐		536		true	自旧档汇入	2026-04-13T01:27:08+08:00
Souscription.	 sf.	Ouvrir une	订阅	kieu dong dié.		捐銅錢		536		true	自旧档汇入	2026-04-13T01:27:08+08:00
Souscrire. 	 va.	Signer.	订阅	ts‘ié h‘ouo èh.		簽花押		536		true	自旧档汇入	2026-04-13T01:27:08+08:00
Souscrire. 	 va.	Signer.	订阅	’sia ming deû.		寫名頭		536		true	自旧档汇入	2026-04-13T01:27:08+08:00
Souscrire. 	 va.	Signer.	订阅	kiu’ ming.	ghiu’ ming	具名		536	待定	true	自旧档汇入	2026-04-13T01:27:08+08:00
Souscrire. 	 va.	S'engager par souscription.	订阅	gneu’ kieu.		願捐		537		true	自旧档汇入	2026-04-13T01:27:08+08:00
Souscrire. 	vn.	–à . Adhérer.	订阅	ken zong.		跟從		537		true	自旧档汇入	2026-04-13T01:27:08+08:00
Souscrire. 	vn.	–à . Adhérer.	订阅	vou’ zong		附從		537		true	自旧档汇入	2026-04-13T01:27:08+08:00
Souscrire. 	vn.	–à . Adhérer.	订阅	tèh yeng’.		答應		537		true	自旧档汇入	2026-04-13T01:27:08+08:00
Sous-diaconat.	sm. (C.).		下限	’n ’p‘in.		五品		537		true	自旧档汇入	2026-04-13T01:27:08+08:00
Sous-diacre. 	sm. (C.).		下调	’n ’p‘in siang kong.	’n ’p‘in siang’ kong.	五品相公		537		true	自旧档汇入	2026-04-13T01:27:08+08:00
Sous-entendu(C'est).	adj.		暗示（这是）	véh pih ’kien wo’.		勿必緊話		537		true	自旧档汇入	2026-04-13T01:27:08+08:00
Sous-entendu(C'est).	adj.		暗示（这是）	ze’ zé eul zé.		自然而然		537		true	自旧档汇入	2026-04-13T01:27:08+08:00
Sous-lieutenant.	sm.		少尉	yeng zéh ’tsong. 		營十總		537		true	自旧档汇入	2026-04-13T01:27:08+08:00
Sous-louer.	va.		释	’tsé tsou ’la biéh gnen.		轉租拉别人		537		true	自旧档汇入	2026-04-13T01:27:08+08:00
Sous-louer.	va.		释	zong tsou.		重租		537		true	自旧档汇入	2026-04-13T01:27:08+08:00
Sous-préfecture.	sf.		亚府	yeu’.		縣		537		true	自旧档汇入	2026-04-13T01:27:08+08:00
Sous-préfecture.	sf.		亚府	yeu’ ven’.		縣分		537		true	自旧档汇入	2026-04-13T01:27:08+08:00
Sous-préfecture.	sf.		亚府	t‘ing.		廳		537		true	自旧档汇入	2026-04-13T01:27:08+08:00
Sous-préfecture.	sf.	Tcheou dépendant	亚府	zôh tseû.		屬州		537		true	自旧档汇入	2026-04-13T01:27:08+08:00
Sous-préfecture.	sf.	Tcheou dépendant	亚府	sè’ tseû.		散州		537		true	自旧档汇入	2026-04-13T01:27:08+08:00
Sous-préfecture.	sf.	–indépendant.	亚府	zeh li’ tseû.		直隸州		537	待定	true	自旧档汇入	2026-04-13T01:27:08+08:00
Sous-préfet.	sm.		亚府	tse yeu’.		知縣		537		true	自旧档汇入	2026-04-13T01:27:08+08:00
Sous-préfet.	sm.		亚府	dong tse.		同知		537		true	自旧档汇入	2026-04-13T01:27:08+08:00
Sous-préfet.	sm.	Monsieur le – 	亚府	yeu’ tsen, 		縣尊		537		true	自旧档汇入	2026-04-13T01:27:08+08:00
Sous-préfet.	sm.	Monsieur le – 	亚府	koei’ yeu’.		貴縣		537		true	自旧档汇入	2026-04-13T01:27:08+08:00
Soustraction.	sf.		下划线	zu (’kè) fèh.		除（减）法		537		true	自旧档汇入	2026-04-13T01:27:08+08:00
Soustraire.	va.		减去	zu.		除		537		true	自旧档汇入	2026-04-13T01:27:08+08:00
Soustraire.	va.		减去	zu ts‘éh lai.		除出來		537		true	自旧档汇入	2026-04-13T01:27:08+08:00
Soustraire.	va.		减去	’kè t‘éh.		减脱		537		true	自旧档汇入	2026-04-13T01:27:08+08:00
Soustraire.	va.		减去	’kè ’sao.		减少		537		true	自旧档汇入	2026-04-13T01:27:08+08:00
Soustraire.	va.	Le nombre dont on soustraire.	减去	dou’ sou’.		大數		537		true	自旧档汇入	2026-04-13T01:27:08+08:00
Soustraire.	va.	Le nombre à –. Le reste: Dérober.	减去	’siao sou’.		小数		537		true	自旧档汇入	2026-04-13T01:27:08+08:00
Soustraire.	va.	Le nombre à –. Le reste: Dérober.	减去	yu sou’.		餘數		537		true	自旧档汇入	2026-04-13T01:27:08+08:00
Soustraire.	va.	Le nombre à –. Le reste: Dérober.	减去	zeng’ sou’.		剩數		537		true	自旧档汇入	2026-04-13T01:27:08+08:00
Soustraire.	va.	Le nombre à –. Le reste: Dérober.	减去	t‘eû méh ze’.		偷物事		537		true	自旧档汇入	2026-04-13T01:27:08+08:00
Sous-ventrière.	sf.		裤带	’mô ’dou ta’ [ih diao].		馬肚帶[一條]		537	待定	true	自旧档汇入	2026-04-13T01:27:08+08:00
Soute.	sf.		掩体	zé ts‘aong.		船艙		537		true	自旧档汇入	2026-04-13T01:27:08+08:00
Soute.	sf.	–à charion	掩体	mei ts‘aong.		煤艙		537		true	自旧档汇入	2026-04-13T01:27:08+08:00
Soute.	sf.	–aux poudres.	掩体	’h‘ou yah ts‘aong.		火藥艙		537		true	自旧档汇入	2026-04-13T01:27:08+08:00
Soutenir.	va.		支持	wou zu’.		扶住		537		true	自旧档汇入	2026-04-13T01:27:08+08:00
Soutenir.	va.		支持	wou ih wou.		扶一扶		537		true	自旧档汇入	2026-04-13T01:27:08+08:00
Soutenir.	va.		支持	ts‘è ih ts‘è.		攙一攙		537		true	自旧档汇入	2026-04-13T01:27:08+08:00
Soutenir.	va.		支持	ts‘ang’.		撑		537		true	自旧档汇入	2026-04-13T01:27:08+08:00
Soutenir.	va.	Sustenter.–sa famille.	支持	’yang.		養		537		true	自旧档汇入	2026-04-13T01:27:08+08:00
Soutenir.	va.	Sustenter.–sa famille.	支持	k‘ai siao ka ’li fi’ yong’.		開銷家裏费用		537		true	自旧档汇入	2026-04-13T01:27:08+08:00
Soutenir.	va.	Ne pouvoir –,, ,,	支持	’yang véh ’k‘i. 		養勿起		537		true	自旧档汇入	2026-04-13T01:27:08+08:00
Soutenir.	va.	Ne pouvoir –,, ,,	支持	k‘ai siao véh ts‘éh.		開銷勿出		537		true	自旧档汇入	2026-04-13T01:27:08+08:00
Soutenir.	va.	Aider (au moral).	支持	wou zou’.		扶助		537		true	自旧档汇入	2026-04-13T01:27:08+08:00
Soutenir.	va.	Défendre. Patronner.	支持	’pao wou’.		保護		537		true	自旧档汇入	2026-04-13T01:27:08+08:00
Soutenir.	va.	Défendre. Patronner.	支持	paong zou’.		幫助		537		true	自旧档汇入	2026-04-13T01:27:08+08:00
Soutenir.	va.	Défendre. Patronner.	支持	dai ’kiu.		抬舉		537	异體字已修改	true	自旧档汇入	2026-04-13T01:27:08+08:00
Soutenir.	vr.	se -.	支持	lih ’la.		立拉		537		true	自旧档汇入	2026-04-13T01:27:08+08:00
Soutenir.	va.	Se –de les airs. Se –sur l'eau.	支持	fi ’k‘i lai.		飛起來		537		true	自旧档汇入	2026-04-13T01:27:08+08:00
Soutenir.	va.	Se –de les airs. Se –sur l'eau.	支持	’t‘en.		氽		537		true	自旧档汇入	2026-04-13T01:27:08+08:00
Soutenir.	va.	Se –de les airs. Se –sur l'eau.	支持	p‘iao.		漂		537		true	自旧档汇入	2026-04-13T01:27:08+08:00
Souterrain.	sm. 		地下	di’ dong’.		地洞		537		true	自旧档汇入	2026-04-13T01:27:08+08:00
Souterrain.	adj.		地下	di’ bi ’li hiang’.		地皮裏向		537		true	自旧档汇入	2026-04-13T01:27:08+08:00
Souterrain.	adj.		地下	di’ ’ti ’hao ke’.		地底下个		537		true	自旧档汇入	2026-04-13T01:27:08+08:00
Soutien.	sm.	matériel	支持	ts‘ang’ deû.		撑頭		537		true	自旧档汇入	2026-04-13T01:27:08+08:00
Soutien.	sm.	appui moral	支持	k‘ao’ deû (’baong).		靠頭（傍）		537		true	自旧档汇入	2026-04-13T01:27:08+08:00
Soutien.	sm.	appui moral	支持	i k‘ao’.		依靠		537		true	自旧档汇入	2026-04-13T01:27:08+08:00
Soutirer.	va. 	Fig. –par adresse	拉紧	lih ts‘éh lai.		瀝出來		537		true	自旧档汇入	2026-04-13T01:27:08+08:00
Soutirer.	va. 	Fig. –par adresse	拉紧	’hong.	’h‘ong.	哄		537		true	自旧档汇入	2026-04-13T01:27:08+08:00
Soutirer.	va. 	Fig. –par adresse	拉紧	k‘ieu t‘ao’.		圈套		537		true	自旧档汇入	2026-04-13T01:27:08+08:00
Soutirer.	va. 	Fig. –par fourberie	拉紧	’hong p‘ié’.	’h‘ong p‘ié’.	哄騙		537		true	自旧档汇入	2026-04-13T01:27:08+08:00
Soutirer.	va. 	Fig. –par fourberie	拉紧	p‘ie’.		騙		537		true	自旧档汇入	2026-04-13T01:27:08+08:00
Soutirer.	va. 	Fig. –par fourberie	拉紧	’koa.		拐		537		true	自旧档汇入	2026-04-13T01:27:08+08:00
Soutirer.	va. 	Fig. –par fourberie	拉紧	ts‘ah sao.		拆稍		537	待定	true	自旧档汇入	2026-04-13T01:27:08+08:00
Souvenir.	sm.	garder le –de.	记忆	ki’ ’la sin ’li.		記拉心裏		537		true	自旧档汇入	2026-04-13T01:27:08+08:00
Souvenir.	sm.	garder le –de.	记忆	gnè’ gnè’ péh waong’		念念不忘		537		true	自旧档汇入	2026-04-13T01:27:08+08:00
Souvenir.	sm.	Don à un ami.	记忆	ki’ gnè’.		記念		537		true	自旧档汇入	2026-04-13T01:27:08+08:00
Souvenir.	sm.	Don à un ami.	记忆	’piao ki’.		表記		537		true	自旧档汇入	2026-04-13T01:27:08+08:00
Souvenir.	sm.	Donner en –à qqn.	记忆	péh i tsou’ ki’ gnè’.		撥伊做記念		538		true	自旧档汇入	2026-04-13T01:27:08+08:00
Souvenir (Se). 	vr.		纪念品（SE）	ki’ teh (’h‘ao, lao).		能得（好，牢）		538		true	自旧档汇入	2026-04-13T01:27:08+08:00
Souvent.	adv.		经常	tsôh koè’.		足慣		538		true	自旧档汇入	2026-04-13T01:27:08+08:00
Souvent.	adv.		经常	’h‘ao ’ki(ta) wei.		好幾（多）回		538		true	自旧档汇入	2026-04-13T01:27:08+08:00
Souvent.	adv.		经常	ta t‘aong’ (wei).		多[車尚]（回）	多趟（回）	538		true	自旧档汇入	2026-04-13T01:27:08+08:00
Souvent.	adv.		经常	hè (kiu) zang.		閑（居）常		538		true	自旧档汇入	2026-04-13T01:27:08+08:00
Souvent.	adv.	le plus –.	经常	sè péh ze.		三不時		538		true	自旧档汇入	2026-04-13T01:27:08+08:00
Souvent.	adv.	le plus –.	经常	sè gnéh ’liang wang deû.		三日兩横頭		538		true	自旧档汇入	2026-04-13T01:27:08+08:00
Souverain.	sm.		君主	waong ti’.		皇帝		538		true	自旧档汇入	2026-04-13T01:27:08+08:00
Souverain.	sm.		君主	waong zaong’.		皇上		538		true	自旧档汇入	2026-04-13T01:27:08+08:00
Souverain.	adj.	le plus grand.	君主	tsu’ dou’ ke’.		最大个		538		true	自旧档汇入	2026-04-13T01:27:08+08:00
Souverain.	adj.	,, ,, parfait.	君主	’ting ’h‘ao ke’.		頂好个		538		true	自旧档汇入	2026-04-13T01:27:08+08:00
Souverain.	adj.	[Remède] –.	君主	zéh fen ’yeû yao’ gné’.		十分有效驗		538		true	自旧档汇入	2026-04-13T01:27:08+08:00
Souverain.	adj.	[Remède] –.	君主	’lu se’ ’lu yao’.		屢試屢效		538		true	自旧档汇入	2026-04-13T01:27:08+08:00
Souveraineté.	sf.	avoir la –.	主权	waong ghieu .		皇權		538		true	自旧档汇入	2026-04-13T01:27:08+08:00
Souveraineté.	sf.	avoir la –.	主权	’koé kôh kia.		管國家		538		true	自旧档汇入	2026-04-13T01:27:08+08:00
Soy.	sm.	Assaisonnement	酱油	tsiang’ yeû.		醬油		538		true	自旧档汇入	2026-04-13T01:27:08+08:00
Spacieux.	adj.		宽敞的	k‘oéh (k‘oé) dou’.		闊（寬）大		538		true	自旧档汇入	2026-04-13T01:27:08+08:00
Spacieux.	adj.		宽敞的	mè k‘oé se’.		蠻寬勢		538		true	自旧档汇入	2026-04-13T01:27:08+08:00
Spasme.	sm.		痉挛	k‘ié kien.		牽筋		538		true	自旧档汇入	2026-04-13T01:27:08+08:00
Spasme.	sm.		痉挛	kieng fong.		驚瘋		538		true	自旧档汇入	2026-04-13T01:27:08+08:00
Spasme.	sm.		痉挛	dè kieu.		痰瘚		538		true	自旧档汇入	2026-04-13T01:27:08+08:00
Spasme.	sm.		痉挛	souo. 		痧		538		true	自旧档汇入	2026-04-13T01:27:08+08:00
Spasme.	sm.		痉挛	keh wai’ ke’.		格外个		538		true	自旧档汇入	2026-04-13T01:27:08+08:00
Spécial.	adj.	exceptionnel.	特别的	tsé wei’ ke’.		專為个		538		true	自旧档汇入	2026-04-13T01:27:08+08:00
Spécial.	adj.	exceptionnel.	特别的	ling’ nga’.		另外		538		true	自旧档汇入	2026-04-13T01:27:08+08:00
Spécial.	adj.	exceptionnel.	特别的	deh di’ (wei’). 		特地（爲）		538		true	自旧档汇入	2026-04-13T01:27:08+08:00
Spécialement.	adv.		尤其	tsé men.		專門		538		true	自旧档汇入	2026-04-13T01:27:08+08:00
Spécialiste.	sm.		专家	’k‘ao kieû’.		考究		538		true	自旧档汇入	2026-04-13T01:27:08+08:00
Spécialiste.	sm.		专家	ze’ ze’ eul fi ke’ seh wo’.		似是而非個説話		538		true	自旧档汇入	2026-04-13T01:27:08+08:00
Spécieux.	adj.	(Langage)	似乎	di ts‘éh.		提出		538		true	自旧档汇入	2026-04-13T01:27:08+08:00
Spécifier.	va.		指定	’tse ding’.		指定		538		true	自旧档汇入	2026-04-13T01:27:08+08:00
Spécifier.	va.		指定	zôh yang’ wo’ ming.		逐樣話明		538		true	自旧档汇入	2026-04-13T01:27:08+08:00
Spécifier.	va.		指定	miao’ faong.		妙方		538		true	自旧档汇入	2026-04-13T01:27:08+08:00
Spécifique.	sm.		具体的	tsé ze’.		專治		538		true	自旧档汇入	2026-04-13T01:27:08+08:00
Spécifique.	sm.		具体的	yang’ ’tse.		樣子		538		true	自旧档汇入	2026-04-13T01:27:08+08:00
Spécimen.	sm.		样品	seh yang’.		式樣		538		true	自旧档汇入	2026-04-13T01:27:08+08:00
Spécimen.	sm.		样品	mô yang’.		模樣		538		true	自旧档汇入	2026-04-13T01:27:08+08:00
Spectacle.	sm.	Comédie	展示	’h‘ao k‘eu’.		好看		538		true	自旧档汇入	2026-04-13T01:27:08+08:00
Spectacle.	sm.	Comédie	展示	hi’ [ih dai].		戲[一臺]		538		true	自旧档汇入	2026-04-13T01:27:08+08:00
Spectateur.	sm.		观众	k‘eu’ ke’ gnen. 		看个人		538		true	自旧档汇入	2026-04-13T01:27:08+08:00
Spectre.	sm.		怪物、幽灵	koa’ wéh.		怪物		538		true	自旧档汇入	2026-04-13T01:27:08+08:00
Spectre.	sm.		怪物、幽灵	’kiu.		鬼		538		true	自旧档汇入	2026-04-13T01:27:08+08:00
Spectre.	sm.		怪物、幽灵	kiang se.		僵尸		538	保留簡體	true	自旧档汇入	2026-04-13T01:27:08+08:00
Spectre.	sm.		怪物、幽灵	yao koa’.		妖怪		538		true	自旧档汇入	2026-04-13T01:27:08+08:00
Spectre.	sm.	–solaire donnant: 	光谱	ts‘ih seh dou ven.		七色圖分		538	格式待定	true	自旧档汇入	2026-04-13T01:27:08+08:00
Spectre.	sm.	Rouge	光谱	hong.		紅		538		true	自旧档汇入	2026-04-13T01:27:08+08:00
Spectre.	sm.	Orangé	光谱	tsu.		朱		538		true	自旧档汇入	2026-04-13T01:27:08+08:00
Spectre.	sm.	Jaune	光谱	waong.		黄		538		true	自旧档汇入	2026-04-13T01:27:08+08:00
Spectre.	sm.	Vert	光谱	lôh.		緑		538		true	自旧档汇入	2026-04-13T01:27:08+08:00
Spectre.	sm.	Bleu	光谱	lè.		藍		538		true	自旧档汇入	2026-04-13T01:27:08+08:00
Spectre.	sm.	Indigo	光谱	ts‘ing.		青		538		true	自旧档汇入	2026-04-13T01:27:08+08:00
Spéculer.	vn.	Violet	推测	’tse.		紫		538		true	自旧档汇入	2026-04-13T01:27:08+08:00
Spéculer.	vn.		推测	’zè (’den, t‘èh) hou’ seh.	’zè (’den, t‘èh) h‘ou’ seh.	棧（囤，[貝日羽]）貨色	棧（囤，？）貨色	538		true	自旧档汇入	2026-04-13T01:27:08+08:00
Spéculer.	vn.		推测	t‘é li’ sieh.		貪利息		538		true	自旧档汇入	2026-04-13T01:27:08+08:00
Sperme.	sm.		精子	tsing.		精		538		true	自旧档汇入	2026-04-13T01:27:08+08:00
Sphère.	sf.		领域	ghieû.		球		538		true	自旧档汇入	2026-04-13T01:27:08+08:00
Sphère.	sf.	Fonction propre.	领域	ven’ nei’ tse ze’ .		分内之事		538		true	自旧档汇入	2026-04-13T01:27:08+08:00
Sphère.	sf.	Rester dans sa –.	领域	eu ven’ ’seû ’ki.		安分守己		538		true	自旧档汇入	2026-04-13T01:27:08+08:00
Sphérique.	adj.		球形	ziang’ ghieû neng ke’.		像球能个		538		true	自旧档汇入	2026-04-13T01:27:08+08:00
Spiral.	sm.	d'une montre	螺旋	sie’ waong.		綫簧		538		true	自旧档汇入	2026-04-13T01:27:08+08:00
Spiral.	sm.	d'une montre	螺旋	yeû se [ih diao].		游絲[一條]		538		true	自旧档汇入	2026-04-13T01:27:08+08:00
Spirale.	sf.		螺旋	lou se ziang’.		螺螄像		538		true	自旧档汇入	2026-04-13T01:27:08+08:00
Spirituel.	adj.	incorporel.	精神的	m yeng m ziang’ ke’.		無形無像个	嘸形嘸像个	538		true	自旧档汇入	2026-04-13T01:27:08+08:00
Spirituel.	adj.	Ayant rapport à l'âme.	精神的	zen.		神		539		true	自旧档汇入	2026-04-13T01:27:08+08:00
Spirituel.	adj.		精神的	ling wen laong’ ke’.		靈魂上个		539		true	自旧档汇入	2026-04-13T01:27:08+08:00
Spirituel.	adj.	Père -.(C.).	精神的	zen se.		神師		539		true	自旧档汇入	2026-04-13T01:27:08+08:00
Spirituel.	adj.		精神的	zen vou’.		神父		539		true	自旧档汇入	2026-04-13T01:27:08+08:00
Spirituel.	adj.	Intelligent. 	精神的	ts‘ong ming ke’.		聰明个		539		true	自旧档汇入	2026-04-13T01:27:08+08:00
Spirituel.	adj.	Air -	精神的	ziang’ ming bah ke’.		像明白个		539		true	自旧档汇入	2026-04-13T01:27:08+08:00
Spirituel.	adj.		精神的	mié’ mao’ ts‘ing sieû’.		面貌清秀		539		true	自旧档汇入	2026-04-13T01:27:08+08:00
Spirituellement. 	adv.		精神地	ling li’ ke’. 		伶俐个		539		true	自旧档汇入	2026-04-13T01:27:08+08:00
Spirituellement. 	adv.	En esprit.	精神地	sin ’li.		心裏		539		true	自旧档汇入	2026-04-13T01:27:08+08:00
Spirituellement. 	adv.		精神地	zen. 		神		539		true	自旧档汇入	2026-04-13T01:27:08+08:00
Splendeur. 	sf.		辉煌	koang liang’.		光亮		539		true	自旧档汇入	2026-04-13T01:27:08+08:00
Splendeur. 	sf.		辉煌	koang ’ts‘ai.		光彩		539		true	自旧档汇入	2026-04-13T01:27:08+08:00
Splendeur. 	sf.		辉煌	wo li’.		華麗		539		true	自旧档汇入	2026-04-13T01:27:08+08:00
Splendide. 	adj.		华丽的	ts‘éh seh.		出色		539		true	自旧档汇入	2026-04-13T01:27:08+08:00
Splendide. 	adj.		华丽的	daong daong waong waong ke’.		堂堂煌煌个	堂堂皇皇个	539	待定	true	自旧档汇入	2026-04-13T01:27:08+08:00
Splendide. 	adj.		华丽的	’t‘i ’t‘i mié’ mié’ ke’.		體體面面个		539		true	自旧档汇入	2026-04-13T01:27:08+08:00
Splendide. 	adj.		华丽的	koé mié.	koé ’mié	冠冕		539		true	自旧档汇入	2026-04-13T01:27:08+08:00
Spolier. 	va.		抢	’ts‘iang		搶		539		true	自旧档汇入	2026-04-13T01:27:08+08:00
Spolier. 	va.		抢	t‘eû.		偷		539		true	自旧档汇入	2026-04-13T01:27:08+08:00
Spolier. 	va.		抢	pôh siah.		剥削		539		true	自旧档汇入	2026-04-13T01:27:08+08:00
Spongieux. 	adj.		海绵	song weû ke’.		鬆浮个		539		true	自旧档汇入	2026-04-13T01:27:08+08:00
Spongieux. 	adj.		海绵	k‘ieh ’se ke’.		吃水个		539		true	自旧档汇入	2026-04-13T01:27:08+08:00
Spontané. 	adj.		自发的	ts‘éh tse ’pen sing’.		出之本性		539		true	自旧档汇入	2026-04-13T01:27:08+08:00
Spontané. 	adj.		自发的	ze’ zé.		自然		539		true	自旧档汇入	2026-04-13T01:27:08+08:00
Spontanément. 	adv.		自发地	ze’ zé eul zé ke’.		自然而然个		539		true	自旧档汇入	2026-04-13T01:27:08+08:00
Squelette. 	sm.		骨骼	k‘ou koéh.		枯骨		539		true	自旧档汇入	2026-04-13T01:27:08+08:00
Squelette. 	sm.		骨骼	ih fou’ koéh deû.		一副骨頭		539		true	自旧档汇入	2026-04-13T01:27:08+08:00
Squelette. 	sm.	Ce n'est plus qu'un -.	骨骼	seû’ lai ih ’pouo koéh deû.		瘦來一把骨頭		539		true	自旧档汇入	2026-04-13T01:27:08+08:00
Stabilité.	sf.		稳定	’wen tsôh (taong’).		穩足（當）		539		true	自旧档汇入	2026-04-13T01:27:08+08:00
Stable. 	adj.		稳定的	kié kou’.		堅固		539		true	自旧档汇入	2026-04-13T01:27:08+08:00
Stable. 	adj.		稳定的	lao k‘ao’.		牢靠		539		true	自旧档汇入	2026-04-13T01:27:08+08:00
Stable. 	adj.		稳定的	zang ’kieû.		長久		539		true	自旧档汇入	2026-04-13T01:27:08+08:00
Stagnant.	sf. 		停滞不前	ding ’tsé.		停者		539		true	自旧档汇入	2026-04-13T01:27:08+08:00
Stagnant.	sf. 	Eau -e.	停滞不前	’si ’se.		死水		539		true	自旧档汇入	2026-04-13T01:27:08+08:00
Stagnant.	sf. 		停滞不前	ding ’se		停水		539		true	自旧档汇入	2026-04-13T01:27:08+08:00
Stance.	sf. 	 - de vers.	姿态	ih kiu’ se.		一句詩		539		true	自旧档汇入	2026-04-13T01:27:08+08:00
Stanislas.	sm.		（人名）	dèh-gni-’lao.		達尼老		539		true	自旧档汇入	2026-04-13T01:27:08+08:00
Station.	sf. 		车站	ih zè’ lou’.		一站路		539		true	自旧档汇入	2026-04-13T01:27:08+08:00
Station.	sf. 	 -. Gare.	车站	’h‘ou ts‘ouo(t‘ih lou’) zè’.		火車（鐵路）站		539		true	自旧档汇入	2026-04-13T01:27:08+08:00
Station.	sf. 	Les 14-s. (C.).	车站	zéh se’ ts‘u’.		十四處		539		true	自旧档汇入	2026-04-13T01:27:08+08:00
Stationnaire. 	adj.		静止	ding zu’ ’tsé.		停住者		539		true	自旧档汇入	2026-04-13T01:27:08+08:00
Stationnaire. 	adj.		静止	véh ’dong ’tsé.		勿動者		539		true	自旧档汇入	2026-04-13T01:27:08+08:00
Stationner. 	vn.		公园	zè’ zu’.		站住		539		true	自旧档汇入	2026-04-13T01:27:08+08:00
Stationner. 	vn.		公园	ding.		停		539		true	自旧档汇入	2026-04-13T01:27:08+08:00
Stationner. 	vn.		公园	hiéh kiah.		歇脚		539		true	自旧档汇入	2026-04-13T01:27:08+08:00
Statuaire. 	sm.		雕像	tiao ziang’ ke’.		雕像个		539		true	自旧档汇入	2026-04-13T01:27:08+08:00
Statuaire. 	sm.		雕像	sou’ ziang’		塑匠		539		true	自旧档汇入	2026-04-13T01:27:08+08:00
Statuaire. 	sf.		雕像	tiao ziang’ ke’ fèh ’tse.		雕像个法子		539		true	自旧档汇入	2026-04-13T01:27:08+08:00
Statue. 	sf.		雕像	wen sen ziang’.		渾身像		539		true	自旧档汇入	2026-04-13T01:27:08+08:00
Statue. 	sf.		雕像	’ngeû ziang’.		偶像		539		true	自旧档汇入	2026-04-13T01:27:08+08:00
Statuer. 	va.		规则	lih ding’.		立定		539		true	自旧档汇入	2026-04-13T01:27:08+08:00
Statuer. 	va.		规则	ding’ taong’.		定當		539		true	自旧档汇入	2026-04-13T01:27:08+08:00
Stature. 	sf.		身材	sen p‘ei zang ’teu.		身胚長短		539		true	自旧档汇入	2026-04-13T01:27:08+08:00
Stature. 	sf.		身材	sen zai.		身材		539		true	自旧档汇入	2026-04-13T01:27:08+08:00
Statut. 	sm.		地位	koei ’kiu.		規矩		539		true	自旧档汇入	2026-04-13T01:27:08+08:00
Statut. 	sm.		地位	lih fèh.		律法		539		true	自旧档汇入	2026-04-13T01:27:08+08:00
Statut. 	sm.		地位	tsang zeng.		章程		539		true	自旧档汇入	2026-04-13T01:27:08+08:00
Stèle.	sf.	commémorative.	碑	pei ki’.		碑記		539		true	自旧档汇入	2026-04-13T01:27:08+08:00
Stéréotyper. 	va. 		刻板印象	kiao k‘è ’pè.		澆鉛板		539		true	自旧档汇入	2026-04-13T01:27:08+08:00
Stéréotyper. 	va. 		刻板印象	’si (k‘è) ’pè		死（鉛）板		539		true	自旧档汇入	2026-04-13T01:27:08+08:00
Stéréotyper. 	va. 		刻板印象	yen’ su.		印書		539		true	自旧档汇入	2026-04-13T01:27:08+08:00
Stérile.	adj.	(Femme). 	无菌	hoang t‘ai ’gnu gnen.	h‘oang t‘ai ’gnu gnen	荒胎女人		539		true	自旧档汇入	2026-04-13T01:27:08+08:00
Stérile.	adj.	Terrain -. 	无菌	hoang di’.	h‘oang di’	荒地		539		true	自旧档汇入	2026-04-13T01:27:08+08:00
Stérile.	adj.	Année -.	无菌	hoang gné.	h‘oang gné	荒年		539		true	自旧档汇入	2026-04-13T01:27:08+08:00
Stigmate.	sm.		柱头	saong yen’.		傷印		539		true	自旧档汇入	2026-04-13T01:27:08+08:00
Stigmate.	sm.		柱头	saong hen.		傷痕		539		true	自旧档汇入	2026-04-13T01:27:08+08:00
Stimuler. 	va.		刺激	’mié li’. 		勉勵		540		true	自旧档汇入	2026-04-13T01:27:08+08:00
Stipuler.	va.		规定	gni’ (’kaong) ding’.		議（講）定		540		true	自旧档汇入	2026-04-13T01:27:08+08:00
Stipuler.	va.		规定	yah ding’ (’h‘ao).		約定（好）		540		true	自旧档汇入	2026-04-13T01:27:08+08:00
Store.	sm.		店铺	lié ’tse.		簾子		540	原作“㡘子”	true	自旧档汇入	2026-04-13T01:27:08+08:00
Store.	sm.		店铺	ts‘aong lié.		窗簾		540	原作“窗㡘”	true	自旧档汇入	2026-04-13T01:27:08+08:00
Strangulation. 	sf.		扼杀	’kao yeng.    		絞刑		540		true	自旧档汇入	2026-04-13T01:27:08+08:00
Strangulation. 	sf.		扼杀	leh sèh.    		勒殺		540		true	自旧档汇入	2026-04-13T01:27:08+08:00
Stras, Strass. 	sm.		水钻	lieû li.		琉璃		540		true	自旧档汇入	2026-04-13T01:27:08+08:00
Stratagème. 	sm.		策略	ki’ ts‘ah.		計策		540		true	自旧档汇入	2026-04-13T01:27:08+08:00
Stratagème. 	sm.		策略	ki’ meû.		計謀		540		true	自旧档汇入	2026-04-13T01:27:08+08:00
Stratégie. 	sf.		战略	’wou gni’.		武藝		540		true	自旧档汇入	2026-04-13T01:27:08+08:00
Stratégie. 	sf.		战略	ping fèh.		兵法		540		true	自旧档汇入	2026-04-13T01:27:08+08:00
Strict.	adj. 		严格的	’pen.		本		540		true	自旧档汇入	2026-04-13T01:27:08+08:00
Strict.	adj. 	Sens -.	严格的	’pen lai ke’ i’ se.		本來个意思		540		true	自旧档汇入	2026-04-13T01:27:08+08:00
Strict.	adj. 	Sévère.	严格的	gné ’kien.		嚴緊		540		true	自旧档汇入	2026-04-13T01:27:08+08:00
Strict.	adj. 		严格的	kiu sôh.		拘束		540		true	自旧档汇入	2026-04-13T01:27:08+08:00
Strict.	adj. 	Se montrer -.	严格的	kou’ ’pè gnen.	’kou ’pè gnen	古板人		540		true	自旧档汇入	2026-04-13T01:27:08+08:00
Strict.	adj. 		严格的	’pè faong.		板方		540		true	自旧档汇入	2026-04-13T01:27:08+08:00
Strictement. 	adv.		严格地	’kien.		緊		540		true	自旧档汇入	2026-04-13T01:27:08+08:00
Strictement. 	adv.		严格地	gné ts‘ih.		嚴切		540		true	自旧档汇入	2026-04-13T01:27:08+08:00
Strictement. 	adv.		严格地	’kien kiéh.		緊急		540		true	自旧档汇入	2026-04-13T01:27:08+08:00
Strophe	sf.	(Une).	（诗歌）节，段	ih seû’ se. 	ih ’seû se	一首詩		540		true	自旧档汇入	2026-04-13T01:27:08+08:00
Studieux.	adj.		好奇	yong’ sin hoh ven’.		用心學問		540		true	自旧档汇入	2026-04-13T01:27:08+08:00
Studieux.	adj.		好奇	yong’ kong dôh su.		用工讀書		540	待定	true	自旧档汇入	2026-04-13T01:27:08+08:00
Stupéfait. 	adj.		目瞪口呆	hah hoen ’tsé.	h‘ah h‘oen ’tsé.	哧昏者		540		true	自旧档汇入	2026-04-13T01:27:08+08:00
Stupéfié.	pp.		惊讶	ts‘ouo’ yi’ teh ghieh.		詫异得極		540		true	自旧档汇入	2026-04-13T01:27:08+08:00
Stupéfié.	pp.		惊讶	fèh wou dou.		發糊塗		540		true	自旧档汇入	2026-04-13T01:27:08+08:00
Stupéfier.	va.		惊奇	’za gnen hi ghi.		惹人希奇		540	待定	true	自旧档汇入	2026-04-13T01:27:08+08:00
Stupeur. 	sf.		昏迷	fèh ngai.		發呆		540		true	自旧档汇入	2026-04-13T01:27:08+08:00
Stupeur. 	sf.		昏迷	ngai ding’.		呆定		540		true	自旧档汇入	2026-04-13T01:27:08+08:00
Stupide. 	adj.		笨的	wou dou.		糊塗		540		true	自旧档汇入	2026-04-13T01:27:08+08:00
Stupide. 	adj.	Garçon -.	笨的	moh koh gnen.		莫覺人		540	一作木覺	true	自旧档汇入	2026-04-13T01:27:08+08:00
Stupide. 	adj.		笨的	tai ’tse.		呆子		540	待定	true	自旧档汇入	2026-04-13T01:27:08+08:00
Stupide. 	adj.		笨的	ben’.		笨		540		true	自旧档汇入	2026-04-13T01:27:08+08:00
Style. 	sm.	 - (opposé à langage).	风格	wen ’li.		文理		540		true	自旧档汇入	2026-04-13T01:27:08+08:00
Style. 	sm.		风格	wen fèh.		文法		540		true	自旧档汇入	2026-04-13T01:27:08+08:00
Style. 	sm.		风格	wen wo’.		文話		540		true	自旧档汇入	2026-04-13T01:27:08+08:00
Style. 	sm.	Vieux -.	风格	’kou wen.		古文		540		true	自旧档汇入	2026-04-13T01:27:08+08:00
Styler.	qqn. va.		造型师	’tse kiao’ (’tié) (péh) i.		指教（點）（撥）伊		540		true	自旧档汇入	2026-04-13T01:27:08+08:00
Stylet.	sm.		手写笔	ts‘e’ tao.		刺刀		540		true	自旧档汇入	2026-04-13T01:27:08+08:00
Stylet.	sm.		手写笔	tè tao [ih ’pouo].		單刀[一把]		540		true	自旧档汇入	2026-04-13T01:27:08+08:00
Suaire.	sm.		裹尸布	lié’ se pou’ [ih k‘oei’]		殮尸布[一塊]		540	保留簡體	true	自旧档汇入	2026-04-13T01:27:08+08:00
Suavité. 	sf.		高尚	liang zé’.		良善		540		true	自旧档汇入	2026-04-13T01:27:08+08:00
Suavité. 	sf.		高尚	wen wou.		温和		540		true	自旧档汇入	2026-04-13T01:27:08+08:00
Suavité. 	sf.		高尚	wou k‘i’.		和氣		540		true	自旧档汇入	2026-04-13T01:27:08+08:00
Subalterne. 	sm.		下属	’siao pei’.		小輩		540		true	自旧档汇入	2026-04-13T01:27:08+08:00
Subalterne. 	sm.		下属	’ti ’hao gnen.		底下人		540		true	自旧档汇入	2026-04-13T01:27:08+08:00
Subalterne. 	adj.	Officier -.	下属	zôh yeu.		屬員		540		true	自旧档汇入	2026-04-13T01:27:08+08:00
Subalterne. 	adj.		下属	’siao koé.		小官		540		true	自旧档汇入	2026-04-13T01:27:08+08:00
Subir.	va.		经历	’zeû.		受		540		true	自旧档汇入	2026-04-13T01:27:08+08:00
Subit.	adj.	Maladie -e.	经历	féh zé kè’.		忽然个		540		true	自旧档汇入	2026-04-13T01:27:08+08:00
Subit.	adj.		经历	kiéh bing’.		急病		540		true	自旧档汇入	2026-04-13T01:27:08+08:00
Subitement.	adv.		突然	féh zé kè.		忽然間		540		true	自旧档汇入	2026-04-13T01:27:08+08:00
Subitement.	adv.		突然	hieuh eul.		倏爾		540		true	自旧档汇入	2026-04-13T01:27:08+08:00
Subitement.	adv.		突然	’la mah sang deû ’li.		拉陌生頭裏		540		true	自旧档汇入	2026-04-13T01:27:08+08:00
Subjuguer.	va.		征服	tseng woh.		征服		540		true	自旧档汇入	2026-04-13T01:27:08+08:00
Sublime.	adj.		华丽的	kao ts‘ao.		高超		540		true	自旧档汇入	2026-04-13T01:27:08+08:00
Sublime.	adj.		华丽的	sen ao’. 		深奥		540		true	自旧档汇入	2026-04-13T01:27:08+08:00
Submergé.	pp.		湮	zen ’hao k‘i’ ke’.		沉下去个		540		true	自旧档汇入	2026-04-13T01:27:08+08:00
Submergé.	pp.		湮	’se méh ke’.		水没个		540	待定	true	自旧档汇入	2026-04-13T01:27:08+08:00
Subordonné. 	adj.		下属	’hao zôh.		下屬		540		true	自旧档汇入	2026-04-13T01:27:08+08:00
Subordonner. 	va.		下属	tsao’ ’tsang yeû’ ke’ ts‘e’ ’zu.		照長幼个次序		540		true	自旧档汇入	2026-04-13T01:27:08+08:00
Suborné.	pp.		贿赂	’zeû hoei’ lou’.	’zeû h‘oei’ lou’	受賄賂		540		true	自旧档汇入	2026-04-13T01:27:08+08:00
Suborné.	pp.		贿赂	teh hoei’.	teh h‘oei’	得賄		540		true	自旧档汇入	2026-04-13T01:27:08+08:00
Suborner.	va.		贿赂	hang hoei’ lou’.	hang h‘oei’ lou’	行賄路		541		true	自旧档汇入	2026-04-13T01:27:08+08:00
Suborner.	va.		贿赂	keû ’yen(kéh).		勾引（合）		541		true	自旧档汇入	2026-04-13T01:27:08+08:00
Subrepticement.	adv.		偷偷摸摸	é’ ’ti ’li.		暗底裏		541		true	自旧档汇入	2026-04-13T01:27:08+08:00
Subrepticement.	adv.		偷偷摸摸	se ’hao deû. 		私下頭		541		true	自旧档汇入	2026-04-13T01:27:08+08:00
Subrepticement.	adv.	Obtenu -.	偷偷摸摸	p‘ié’ teh lai ke’.		騙得來个		541		true	自旧档汇入	2026-04-13T01:27:08+08:00
Subroger.	va.		代置	kang wé’.		更换		541		true	自旧档汇入	2026-04-13T01:27:08+08:00
Subroger.	va.		代置	t‘i’ wé’.		替换		541		true	自旧档汇入	2026-04-13T01:27:08+08:00
Subséquent.	adj.		随后的	heû’ lai ke’.		後來个		541		true	自旧档汇入	2026-04-13T01:27:08+08:00
Subside.	sm.	 -pecuniaire.	补贴	t‘ih ’pou.		貼補		541		true	自旧档汇入	2026-04-13T01:27:08+08:00
Subside.	sm.		补贴	t‘ih fi’.		貼費		541		true	自旧档汇入	2026-04-13T01:27:08+08:00
Subside.	sm.		补贴	zou’ hang’.	zou’ haong’	助項		541		true	自旧档汇入	2026-04-13T01:27:08+08:00
Subsistance.	sf.		生存	liang zeh.		糧食		541		true	自旧档汇入	2026-04-13T01:27:08+08:00
Subsistance.	sf.		生存	zeh wéh.		食物		541		true	自旧档汇入	2026-04-13T01:27:08+08:00
Subsistance.	sf.		生存	’dong yong’.		動用		541		true	自旧档汇入	2026-04-13T01:27:08+08:00
Subsistance.	sf.		生存	zéh yong’.		日用		541		true	自旧档汇入	2026-04-13T01:27:08+08:00
Subsistance.	sf.		生存	vè’ liang.		飯糧		541		true	自旧档汇入	2026-04-13T01:27:08+08:00
Subsister. 	vn.		生存	wéh ming’.		活命		541		true	自旧档汇入	2026-04-13T01:27:08+08:00
Subsister. 	vn.		生存	wéh gnéh ’tse.		活日子		541		true	自旧档汇入	2026-04-13T01:27:08+08:00
Subsister. 	vn.	Avoir de la peine à -.	生存	nè kou’ gnéh ’tse.		難過日子		541		true	自旧档汇入	2026-04-13T01:27:08+08:00
Subsister. 	vn.		生存	k‘ieh véh ’pao ngou’ véh sèh.		吃勿飽餓勿殺		541		true	自旧档汇入	2026-04-13T01:27:08+08:00
Substance.	sf.		物质	’t‘i tséh.		體質		541		true	自旧档汇入	2026-04-13T01:27:08+08:00
Substance.	sf.		物质	tséh di’.		質地		541		true	自旧档汇入	2026-04-13T01:27:08+08:00
Substance.	sf.	 -spirituelle.	物质	zen ’t‘i.		神體		541		true	自旧档汇入	2026-04-13T01:27:08+08:00
Substance.	sf.	 - corporelle.	物质	yeng ’t‘i.		形體		541		true	自旧档汇入	2026-04-13T01:27:08+08:00
Substantif.	sm.		实质性	ze’ lih ming ze’.		自立名字		541		true	自旧档汇入	2026-04-13T01:27:08+08:00
Substantif.	sm.		实质性	ming moh.		名目		541		true	自旧档汇入	2026-04-13T01:27:08+08:00
Substituer. 	va.		代替	’ti wé’.		抵挽	抵换	541	一作“遞换”	true	自旧档汇入	2026-04-13T01:27:08+08:00
Substituer. 	va.		代替	’diao.		調		541		true	自旧档汇入	2026-04-13T01:27:08+08:00
Substituer. 	va.		代替	t‘i’.		替		541		true	自旧档汇入	2026-04-13T01:27:08+08:00
Subterfuge.	sm.		托词	ki’ ts‘ah.		計策		541		true	自旧档汇入	2026-04-13T01:27:08+08:00
Subterfuge.	sm.		托词	’kiu hi’.		鬼戲		541		true	自旧档汇入	2026-04-13T01:27:08+08:00
Subterfuge.	sm.	Paroles d'excuse.	托词	t‘ei ze ke’ seh wo’. 		推辭个説話		541		true	自旧档汇入	2026-04-13T01:27:08+08:00
Subtil.	adj.	Fin, delié.	微妙的	tsing si’ (wei).		精細（微）		541		true	自旧档汇入	2026-04-13T01:27:08+08:00
Subtil.	adj.	Esprit -.	微妙的	ling tsing.		靈精		541		true	自旧档汇入	2026-04-13T01:27:08+08:00
Subtil.	adj.		微妙的	ling ’k‘iao.		靈巧		541		true	自旧档汇入	2026-04-13T01:27:08+08:00
Subtil.	adj.	[Raison] -e.	微妙的	koa ’k‘iao.		乖巧		541		true	自旧档汇入	2026-04-13T01:27:08+08:00
Subtil.	adj.		微妙的	tsié tseu.		尖鑽		541		true	自旧档汇入	2026-04-13T01:27:08+08:00
Subtiliser. 	vn.		偷	’k‘iao ’bié.		巧辯		541		true	自旧档汇入	2026-04-13T01:27:08+08:00
Subtiliser. 	vn.		偷	si’ len’.		細論		541		true	自旧档汇入	2026-04-13T01:27:08+08:00
Subtilité. 	sf.		微妙	’bié teh tsing wei.		辯得精微		541	待定	true	自旧档汇入	2026-04-13T01:27:08+08:00
Subtilité. 	sf.		微妙	sen ao’.		深奥		541		true	自旧档汇入	2026-04-13T01:27:08+08:00
Subtilité. 	sf.		微妙	ao’ miao’.		奥妙		541		true	自旧档汇入	2026-04-13T01:27:08+08:00
Subvenir.	vn.	Secourir.	生存	baong ts‘en’. 		帮襯		541	保留簡體	true	自旧档汇入	2026-04-13T01:27:08+08:00
Subvenir.	vn.	 - à l'entretie	生存	kong’ kiéh.	kong kiéh	供給		541		true	自旧档汇入	2026-04-13T01:27:08+08:00
Subvenir.	vn.		生存	kong’ ’yang.	kong ’yang	供養		541		true	自旧档汇入	2026-04-13T01:27:08+08:00
Subversif. 	adj.		颠覆	tié ’tao.		顛倒		541		true	自旧档汇入	2026-04-13T01:27:08+08:00
Subversif. 	adj.		颠覆	k‘ieng foh.		傾覆		541		true	自旧档汇入	2026-04-13T01:27:08+08:00
Suc. 	sm.		果汁	tséh.		汁		541		true	自旧档汇入	2026-04-13T01:27:08+08:00
Suc. 	sm.		果汁	tséh ’se. 		汁水		541		true	自旧档汇入	2026-04-13T01:27:08+08:00
Succéder.	vn.		成功	tsih zôh(ki’).		接續（繼）		541		true	自旧档汇入	2026-04-13T01:27:08+08:00
Succéder.	vn.	- dans une charge.	成功	tsih wei’.		接位		541		true	自旧档汇入	2026-04-13T01:27:08+08:00
Succéder.	vn.		成功	tsih yen’(zen’).		接印（任）		541		true	自旧档汇入	2026-04-13T01:27:08+08:00
Succéder.	vpr.	Se -.	成功	tsih lié.		接連		541		true	自旧档汇入	2026-04-13T01:27:08+08:00
Succéder.	vpr.		成功	tsih ’seû.		接手		541		true	自旧档汇入	2026-04-13T01:27:08+08:00
Succéder.	vpr.		成功	tsih zôh.		接續		541		true	自旧档汇入	2026-04-13T01:27:08+08:00
Succès.	sm.	Avoir du -.	成功	zeng kong.		成功		541		true	自旧档汇入	2026-04-13T01:27:08+08:00
Succès.	sm.		成功	teh fèh(i’)		得法（意）		541		true	自旧档汇入	2026-04-13T01:27:08+08:00
Succès.	sm.		成功	zen’ ’kieng.		順境		541	待定	true	自旧档汇入	2026-04-13T01:27:08+08:00
Succès.	sm.		成功	hieng waong’.		興旺		541		true	自旧档汇入	2026-04-13T01:27:08+08:00
Succès.	sm.		成功	kiéh ghiôh.		結局		541		true	自旧档汇入	2026-04-13T01:27:08+08:00
Succès.	sm.		成功	zah kaong.	zah kaong’	着降	着港	541	聲調待定	true	自旧档汇入	2026-04-13T01:27:08+08:00
Successeur. 	sm.		接班人	tsih wei’ (zen’) ke’.		接位（任）个		541		true	自旧档汇入	2026-04-13T01:27:08+08:00
Successif.	adj.		连续的	tsih teh lié k‘ié.		接得連牽		541		true	自旧档汇入	2026-04-13T01:27:08+08:00
Successif.	adj.		连续的	siang lié ke’.		相連个		541		true	自旧档汇入	2026-04-13T01:27:08+08:00
Successif.	adj.		连续的	ih ke’ ih ke’ ke’.		一個一個个		541		true	自旧档汇入	2026-04-13T01:27:08+08:00
Successif.	adj.	Années successive	连续的	lih gné.		歷年 		541		true	自旧档汇入	2026-04-13T01:27:08+08:00
Successif.	adj.	Générations ,,.	连续的	lih dai’.		歷代		541		true	自旧档汇入	2026-04-13T01:27:08+08:00
Successif.	adj.		连续的	se’ se’ dai’ dai’		世世代代		541		true	自旧档汇入	2026-04-13T01:27:08+08:00
Successivement.	adv.		依次地	lôh lôh zôh zôh ke’		陸陸續續个		541		true	自旧档汇入	2026-04-13T01:27:08+08:00
Successivement.	adv.		依次地	lié laong’.		連上		541		true	自旧档汇入	2026-04-13T01:27:08+08:00
Successivement.	adv.		依次地	zôh ’tié zôh ’tié.		逐点逐点		541		true	自旧档汇入	2026-04-13T01:27:08+08:00
Succin.	sm.	Ambre jaune-.	黄湖泊	’hou p‘eh.	’h‘ou p‘eh	琥珀		541		true	自旧档汇入	2026-04-13T01:27:08+08:00
Succinct. 	adj.		简洁的	’kié liah.		簡略		541		true	自旧档汇入	2026-04-13T01:27:08+08:00
Succinct. 	adj.		简洁的	’kié koèh (bié’).		簡括（便）		541		true	自旧档汇入	2026-04-13T01:27:08+08:00
Succinctement.	adv.		简洁地	yah tsah.		約勺		542	待定	true	自旧档汇入	2026-04-13T01:27:08+08:00
Succinctement.	adv.		简洁地	liah ’piao ’ki kiu’.		略表幾句		542		true	自旧档汇入	2026-04-13T01:27:08+08:00
Succomber. 	vn. 	Mourir.	屈服	’si.		死		542		true	自旧档汇入	2026-04-13T01:27:08+08:00
Succomber. 	vn. 	- sous le faix.	屈服	’gneu ’tao.		軟倒		542		true	自旧档汇入	2026-04-13T01:27:08+08:00
Succomber. 	vn. 		屈服	lih vèh.		力乏		542		true	自旧档汇入	2026-04-13T01:27:08+08:00
Succomber. 	vn. 		屈服	lih zin’.		力盡		542		true	自旧档汇入	2026-04-13T01:27:08+08:00
Succomber. 	vn. 	Ne pouvoir résister.	屈服	’taong véh zu’.		擋勿住		542		true	自旧档汇入	2026-04-13T01:27:08+08:00
Succomber. 	vn. 		屈服	k‘ieh véh zu’.		吃勿住		542		true	自旧档汇入	2026-04-13T01:27:08+08:00
Succomber. 	vn. 		屈服	haong véh loh.		行勿落		542	一作“降勿落”	true	自旧档汇入	2026-04-13T01:27:08+08:00
Succomber. 	vn. 	- à la tentation.	屈服	zen’ zong yeû’ ’ké.		順從誘感		542		true	自旧档汇入	2026-04-13T01:27:08+08:00
Succulent.	adj.		多汁的	’mei wi’.		美味		542		true	自旧档汇入	2026-04-13T01:27:08+08:00
Succulent.	adj.		多汁的	k‘ieh ’k‘eû ’h‘ao.		吃口好		542		true	自旧档汇入	2026-04-13T01:27:08+08:00
Succulent.	adj.		多汁的	’k‘o’ k‘eû.		可口		542		true	自旧档汇入	2026-04-13T01:27:08+08:00
Succursale. 	sf.		分支	fen ghiôh 		分局		542	格式	true	自旧档汇入	2026-04-13T01:27:08+08:00
Succursale. 	sf.		分支	fen tié’.		分店		542		true	自旧档汇入	2026-04-13T01:27:08+08:00
Succursale. 	sf.		分支	fen tsaong.		分庄		542	保留簡體	true	自旧档汇入	2026-04-13T01:27:08+08:00
Sucer.	va.		咂	tséh.		咂		542	原作“𠯗”	true	自旧档汇入	2026-04-13T01:27:08+08:00
Sucer.	va.		咂	seû.	seû’	嗽		542		true	自旧档汇入	2026-04-13T01:27:08+08:00
Sucer.	va.		咂	soh.		[口束]	嗍	542		true	自旧档汇入	2026-04-13T01:27:08+08:00
Sucer.	va.		咂	hou.	h‘ou	呼		542		true	自旧档汇入	2026-04-13T01:27:08+08:00
Sucer.	va.	- ses doigts.	咂	k‘ieh ’seû.		吃手		542		true	自旧档汇入	2026-04-13T01:27:08+08:00
Sucre.	sm.		糖	daong.		糖		542		true	自旧档汇入	2026-04-13T01:27:08+08:00
Sucre.	sm.		糖	bah daong.		白糖		542		true	自旧档汇入	2026-04-13T01:27:08+08:00
Sucre.	sm.	#NAME?	糖	ping daong.		冰糖		542		true	自旧档汇入	2026-04-13T01:27:08+08:00
Sucre.	sm.	- en poudre.	糖	ts‘ah souo daong.		拆沙糖		542		true	自旧档汇入	2026-04-13T01:27:08+08:00
Sucré.	adj. 		甜的	dié.		甜		542		true	自旧档汇入	2026-04-13T01:27:08+08:00
Sucré.	adj. 	Gâteau -.	甜的	daong ’ping.		糖餅		542		true	自旧档汇入	2026-04-13T01:27:08+08:00
Sucré.	adj. 		甜的	kao.		糕		542		true	自旧档汇入	2026-04-13T01:27:08+08:00
Sucré.	adj. 	Eau -e. 	甜的	daong ’se.		糖水		542		true	自旧档汇入	2026-04-13T01:27:08+08:00
Sucré.	adj. 	Melon -.	甜的	dié kouo.		甜瓜		542		true	自旧档汇入	2026-04-13T01:27:08+08:00
Sucré.	adj. 	Fig. Paroles -es	甜的	dié yé mih ’gnu.		甜言蜜語		542		true	自旧档汇入	2026-04-13T01:27:08+08:00
Sucrer.	va.		加糖	ka daong ’la k‘i’.		加糖拉去		542		true	自旧档汇入	2026-04-13T01:27:08+08:00
Suorerie.	sf.		制糖处	daong faong.		糖坊		542		true	自旧档汇入	2026-04-13T01:27:08+08:00
Suorerie.	sf. pl.	 -s. 	制糖处	daong zeh.		糖食		542		true	自旧档汇入	2026-04-13T01:27:08+08:00
Sucrier	sm.		糖	daong ’kai ’wé (koé’ deû) [ih tsah].		糖蓋碗（罐頭）[一隻]		542		true	自旧档汇入	2026-04-13T01:27:08+08:00
Sud.	sm.	Le -.	南	né.		南		542		true	自旧档汇入	2026-04-13T01:27:08+08:00
Sud.	sm.		南	né mié’ (pié)		南面（邊）		542		true	自旧档汇入	2026-04-13T01:27:08+08:00
Sud.	sm.		南	né faong.		南方		542		true	自旧档汇入	2026-04-13T01:27:08+08:00
Sud.	sm.	S.E.	南	tong né.		東南		542		true	自旧档汇入	2026-04-13T01:27:08+08:00
Sud.	sm.	S.O.	南	si né.		西南		542		true	自旧档汇入	2026-04-13T01:27:08+08:00
Sadorifque.	adj.	 -.	骚动	fèh heu’ ke’ .		發汗个		542		true	自旧档汇入	2026-04-13T01:27:08+08:00
Sadorifque.	sm.		骚动	fèh heu’ ke’ yah.		發汗个藥		542		true	自旧档汇入	2026-04-13T01:27:08+08:00
Suède. 	sf.		瑞典	zu’-’tié kôh.		瑞典國		542		true	自旧档汇入	2026-04-13T01:27:08+08:00
Suer.	vn.	Être en sueur.	汗	ts‘éh heu’.		出汗		542		true	自旧档汇入	2026-04-13T01:27:08+08:00
Sueur.	sf.	Provoquer la -.	汗	heu’.		汗		542		true	自旧档汇入	2026-04-13T01:27:08+08:00
Sueur.	sf.		汗	fèh heu’.		發汗		542		true	自旧档汇入	2026-04-13T01:27:08+08:00
Sueur.	sf.		汗	k‘oèh heu’.		空汗	？汗	542		true	自旧档汇入	2026-04-13T01:27:08+08:00
Sueur.	sf.	Arrêter la -.	汗	’tse (zu’) heu’		止（住）汗		542		true	自旧档汇入	2026-04-13T01:27:08+08:00
Sueur.	sf.	- de sang.	汗	hieuh heu’.		血汗		542		true	自旧档汇入	2026-04-13T01:27:08+08:00
Suffire.	vn.		满足	keû’ ze’.		彀是		542		true	自旧档汇入	2026-04-13T01:27:08+08:00
Suffire.	vn.		满足	tsôh siang’.		足相		542		true	自旧档汇入	2026-04-13T01:27:08+08:00
Suffire.	vn.		满足	keû’ ’tsé.		彀者		542		true	自旧档汇入	2026-04-13T01:27:08+08:00
Suffire.	vn.	Suffit!	满足	’h‘ao ’tsé.		好者		542		true	自旧档汇入	2026-04-13T01:27:08+08:00
Suffire.	vn.		满足	’yeû ’tsé.		有者		542		true	自旧档汇入	2026-04-13T01:27:08+08:00
Suffire.	vn.	J'ai dit, et ce	满足	’ngou wo’ tse zieû’ ze’ ’tsé.		我話之就是者		542		true	自旧档汇入	2026-04-13T01:27:08+08:00
Suffisance.	sf.	Orgueil. Superbe.	满足	ngao’ k‘i’ lai ’si.		傲氣來死		542		true	自旧档汇入	2026-04-13T01:27:08+08:00
Suffisance.	sf.		满足	ze’ ’mé ze’ tsôh.		自滿自足		542		true	自旧档汇入	2026-04-13T01:27:08+08:00
Suffisance.	sf.	En -.	满足	ts‘ong(’me)tsôh.		充（滿）足		542		true	自旧档汇入	2026-04-13T01:27:08+08:00
Suffisamment.	adv.		足够地	keû’ ze’ ’tsé.		彀是者		542		true	自旧档汇入	2026-04-13T01:27:08+08:00
Suffisant.	adv.	Vaniteux.	骄傲地	ya’ laong ze’ da’		夜郎自大		542		true	自旧档汇入	2026-04-13T01:27:08+08:00
Suffisant.	sm.	Avoir le -.	充足的	’yeû teh yong’.		有得用		542		true	自旧档汇入	2026-04-13T01:27:08+08:00
Suffisant.	sm.		充足的	k‘ieh ’yeû tsah ’yeû.		吃有著有		542		true	自旧档汇入	2026-04-13T01:27:08+08:00
Suffisant.	sm.		充足的	véh tou véh ’sao tsah wou ghi tsong.		勿多勿少酌乎其中		542		true	自旧档汇入	2026-04-13T01:27:08+08:00
Suffoquer.	va.		窒息	men sèh.		捫殺		543		true	自旧档汇入	2026-04-13T01:27:08+08:00
Suffoquer.	va.		窒息	’koen sèh.		滚殺		543		true	自旧档汇入	2026-04-13T01:27:08+08:00
Suffoquer.	vn.		窒息	ts‘iang’.		嗆		543		true	自旧档汇入	2026-04-13T01:27:08+08:00
Suffoquer.	vn.		窒息	yeh zu’.		噎住		543		true	自旧档汇入	2026-04-13T01:27:08+08:00
Suffoquer.	vn.		窒息	k‘i’ ’t‘eû véh ts‘éh.		氣㰯勿出	氣敨勿出	543		true	自旧档汇入	2026-04-13T01:27:08+08:00
Suggérer.	va.		建议	di ’k‘i		提起		543		true	自旧档汇入	2026-04-13T01:27:08+08:00
Suicider 	vr.	(Se).	自杀	ze’ sèh.		自殺		543		true	自旧档汇入	2026-04-13T01:27:08+08:00
Suicider 	vr.		自杀	ze’ zin’.		自盡		543		true	自旧档汇入	2026-04-13T01:27:08+08:00
Suicider 	vr.		自杀	zin ’si lou.		尋死路		543		true	自旧档汇入	2026-04-13T01:27:08+08:00
Suicider 	vr.		自杀	zin ’teu kié’.		尋短見		543		true	自旧档汇入	2026-04-13T01:27:08+08:00
Suicider 	vr.		自杀	zin ’si.		尋死		543		true	自旧档汇入	2026-04-13T01:27:08+08:00
Suie. 	sf.		煤烟	yé mei.		烟煤		543		true	自旧档汇入	2026-04-13T01:27:08+08:00
Suif.	sm	Chandelle en -.	脂	yang(gneû)yeû.		羊（牛）油		543		true	自旧档汇入	2026-04-13T01:27:08+08:00
Suif.	sm		脂	yeû tsôh.		油燭		543		true	自旧档汇入	2026-04-13T01:27:08+08:00
Suinter.	vn.		渗透	leû’.		漏		543		true	自旧档汇入	2026-04-13T01:27:08+08:00
Suinter.	vn.		渗透	tieh ’hao lai.		滴下來		543		true	自旧档汇入	2026-04-13T01:27:08+08:00
Swisse.	sf.		瑞士人	sou-i-ze’ kôh.		蘇依士國		543		true	自旧档汇入	2026-04-13T01:27:08+08:00
Suite.	sf. 	Suivants.	下列的	ken ’la ke’ gnen.		跟拉个人		543		true	自旧档汇入	2026-04-13T01:27:08+08:00
Suite.	sf. 		下列的	ken pè ke’.		跟班个		543		true	自旧档汇入	2026-04-13T01:27:08+08:00
Suite.	sf. 	Avoir une - nombreuse.	下列的	ta’ ’la ke’ gnen tou.		帶拉个人多		543		true	自旧档汇入	2026-04-13T01:27:08+08:00
Suite.	sf. 	Paroles sans -.	下列的	tong ih kiu’ si ih kiu’.		東一句西一句		543		true	自旧档汇入	2026-04-13T01:27:08+08:00
Suite.	sf. 	Conséquence.	下列的	koè i’		關係		543		true	自旧档汇入	2026-04-13T01:27:08+08:00
Suite.	sf. 	 -s du péché.	下列的	zu’ vèh.		罪罰		543		true	自旧档汇入	2026-04-13T01:27:08+08:00
Suite.	sf. 	Par -. En conséquence.	下列的	kéh(ka’)’lao.		盖（介）咾		543	待定	true	自旧档汇入	2026-04-13T01:27:08+08:00
Suite.	sf. 		下列的	kéh méh.		盖末		543		true	自旧档汇入	2026-04-13T01:27:08+08:00
Suite.	sf. 		下列的	kou’ ’sou ’i.		故所以		543		true	自旧档汇入	2026-04-13T01:27:08+08:00
Suite.	sf. 		下列的	yen ’ts‘e.		因此		543		true	自旧档汇入	2026-04-13T01:27:08+08:00
Suite.	sf. 		下列的	’sou ’i.		所以		543		true	自旧档汇入	2026-04-13T01:27:08+08:00
Suite.	sf. 	Tout de -. À l’instant	下列的	zieû’.		就		543		true	自旧档汇入	2026-04-13T01:27:08+08:00
Suite.	sf. 		下列的	lih k‘eh.		立刻		543		true	自旧档汇入	2026-04-13T01:27:08+08:00
Suite.	sf. 		下列的	lih ze sè (lih) k‘eh.		立時三（立）刻		543		true	自旧档汇入	2026-04-13T01:27:08+08:00
Suite.	sf. 		下列的	’mô zaong’.		馬上		543		true	自旧档汇入	2026-04-13T01:27:08+08:00
Suite.	sf. 		下列的	lih ’mô zao’ (dai) ghiao’.	lih ’mô zao’ (dai) ghiao	立馬造（抬）橋		543	待定	true	自旧档汇入	2026-04-13T01:27:08+08:00
Suite.	sf. 		下列的	lié maong.		連忙		543		true	自旧档汇入	2026-04-13T01:27:08+08:00
Suite.	sf. 	De -. À la -. Continuement.	下列的	tsih zaong’ k‘i’.		接上去		543		true	自旧档汇入	2026-04-13T01:27:08+08:00
Suite.	sf. 		下列的	lié ih lié gni’.		連一連二		543		true	自旧档汇入	2026-04-13T01:27:08+08:00
Suite.	sf. 		下列的	ih zeng ih zeng.		一層一層		543		true	自旧档汇入	2026-04-13T01:27:08+08:00
Suite.	sf. 		下列的	lié tsih lié.		連接連		543		true	自旧档汇入	2026-04-13T01:27:08+08:00
Suite.	sf. 		下列的	loh yéh péh ziéh (’deu). 		絡繹不絶（斷）		543		true	自旧档汇入	2026-04-13T01:27:08+08:00
Suite.	sf. 	Trois fois de -.	下列的	ih lié (lié laong’) sè t‘aong’		一連（連上）三[車尚]	一連（連上）三趟	543		true	自旧档汇入	2026-04-13T01:27:08+08:00
Suite.	sf. 	Dans la -. Plus tard.	下列的	heû’ lai.		後來		543		true	自旧档汇入	2026-04-13T01:27:08+08:00
Suite.	sf. 		下列的	tsiang lai.		將來		543		true	自旧档汇入	2026-04-13T01:27:08+08:00
Suite.	sf. 		下列的	zao heû’.		朝後		543		true	自旧档汇入	2026-04-13T01:27:08+08:00
Suivant.	sm.	 -s.	下列的	ken pè ke’ .		跟班个		543		true	自旧档汇入	2026-04-13T01:27:08+08:00
Suivant.	sm.		下列的	gni’ ya.		二爺		543		true	自旧档汇入	2026-04-13T01:27:08+08:00
Suivant.	adj.	 -.	下列的	’hao ih ke’.		下一个		543		true	自旧档汇入	2026-04-13T01:27:08+08:00
Suivant.	adj.	Le jour -.	下列的	di gni’ gnéh.		第二日		543		true	自旧档汇入	2026-04-13T01:27:08+08:00
Suivant.	adj.		下列的	heû’ ih gnéh.		後一日		543		true	自旧档汇入	2026-04-13T01:27:08+08:00
Suivant.	adj.	Les jours -s.	下列的	heû’ ’ki gnéh.		後幾日		543		true	自旧档汇入	2026-04-13T01:27:08+08:00
Suivant.	prép.	Selon.	下列的	tsao’.		照		543		true	自旧档汇入	2026-04-13T01:27:08+08:00
Suivant.	prép.		下列的	i.		依		543		true	自旧档汇入	2026-04-13T01:27:08+08:00
Suivre.	va.		跟随	ken.		跟		543		true	自旧档汇入	2026-04-13T01:27:08+08:00
Suivre.	va.		跟随	ken zong (zu).		跟從（隨）		543		true	自旧档汇入	2026-04-13T01:27:08+08:00
Suivre.	va.	Observer. Se conformer.	跟随	zong.		從		543		true	自旧档汇入	2026-04-13T01:27:08+08:00
Suivre.	va.		跟随	tsao’.		照		543		true	自旧档汇入	2026-04-13T01:27:08+08:00
Suivre.	va.		跟随	’seû.		守		543		true	自旧档汇入	2026-04-13T01:27:08+08:00
Suivre.	va.		跟随	zu(t‘ing) zong.		隨（聽）從		543		true	自旧档汇入	2026-04-13T01:27:08+08:00
Suivre.	va.		跟随	zen’ zong.		順從		543		true	自旧档汇入	2026-04-13T01:27:08+08:00
Suivre.	va.	- [un chemin].	跟随	yé…’tseû.		沿…走		543		true	自旧档汇入	2026-04-13T01:27:08+08:00
Suivre.	va.	- le bord du fleuve.	跟随	yé wou pié ’tseû.		沿河邊走		543		true	自旧档汇入	2026-04-13T01:27:08+08:00
Suivre.	vpr.	Se - de près. 	跟随	kiah zié kiah heû’.		脚前脚後		543		true	自旧档汇入	2026-04-13T01:27:08+08:00
Suivre.	vpr.	Se -. Se succéder.	跟随	tsih lié laong’.		接連上		543		true	自旧档汇入	2026-04-13T01:27:08+08:00
Suivre.	vpr.		跟随	a ts’e’ ’zu.		挨次序		543		true	自旧档汇入	2026-04-13T01:27:08+08:00
Suivre.	vpr.	Se -. Avoir de la liaison.	跟随	lié tsih lié.		連接連		543		true	自旧档汇入	2026-04-13T01:27:08+08:00
Suivre.	vpr.		跟随	lié lié péh ’deu		連連不斷		544		true	自旧档汇入	2026-04-13T01:27:08+08:00
Suivre.	vpr.		跟随	a ih a gni’.		挨一挨二		544		true	自旧档汇入	2026-04-13T01:27:08+08:00
Sujet.	sm. 		臣民	zôh ’ya.		屬下		544		true	自旧档汇入	2026-04-13T01:27:08+08:00
Sujet.	sm. 		臣民	’seû ’hao.		手下		544		true	自旧档汇入	2026-04-13T01:27:08+08:00
Sujet.	sm. 	Les -s.	臣民	pah sing’.		百姓		544		true	自旧档汇入	2026-04-13T01:27:08+08:00
Sujet.	sm. 	Cause : à quel - ?	原因	wei’ sa’ yeu kou’? 		為啥緣故		544		true	自旧档汇入	2026-04-13T01:27:08+08:00
Sujet.	sm. 	Objet: - de délibération.	原因	saong liang ke’ ze’ ’t‘i.		商量个事體		544		true	自旧档汇入	2026-04-13T01:27:08+08:00
Sujet.	sm. 	- [de composition, de méditation].	话题	di moh.		題目		544		true	自旧档汇入	2026-04-13T01:27:08+08:00
Sujet.	adj.	 Exposé, enclin	话题	koè’ zang.		慣常		544		true	自旧档汇入	2026-04-13T01:27:08+08:00
Sujet.	adj.		话题	zih koe’.		習慣		544		true	自旧档汇入	2026-04-13T01:27:08+08:00
Sujet.	adj.		话题	siang sin’.		相信		544		true	自旧档汇入	2026-04-13T01:27:08+08:00
Sujet.	adj.	Astreint à.	话题	kai taong.		該當		544		true	自旧档汇入	2026-04-13T01:27:08+08:00
Sujet.	adj.	- à la mort.	话题	’mié véh lai yao’ ’si.		免勿來要死		544		true	自旧档汇入	2026-04-13T01:27:08+08:00
Sujétion. 	sf.		隶属	m teh ze’ ’tsu.		無得自主	嘸得自主	544		true	自旧档汇入	2026-04-13T01:27:08+08:00
Sujétion. 	sf.		隶属	woh biéh gnen.		服别人		544		true	自旧档汇入	2026-04-13T01:27:08+08:00
Sujétion. 	sf.	Tenir dans la -.	隶属	’koé soh.	’koé sôh	管束		544		true	自旧档汇入	2026-04-13T01:27:08+08:00
Sujétion. 	sf.		隶属	’koé teh ’kien.		管得緊		544		true	自旧档汇入	2026-04-13T01:27:08+08:00
Sulfate.	sm.		硫酸盐	lieû seu yé.		硫酸鹽		544		true	自旧档汇入	2026-04-13T01:27:08+08:00
Sulfate.	sm.	 - de fer.	硫酸盐	zao’ (ts‘ing) wè.		皂（青）礬		544		true	自旧档汇入	2026-04-13T01:27:08+08:00
Sulfate.	sm.	 - de cuivre.	硫酸盐	dong ts‘ing.		銅青		544		true	自旧档汇入	2026-04-13T01:27:08+08:00
Sulfate.	sm.	 - de soude.	硫酸盐	maong siao.		芒硝		544		true	自旧档汇入	2026-04-13T01:27:08+08:00
Sulfate.	sm.	 - de quinine.	硫酸盐	bah yah.		白藥		544		true	自旧档汇入	2026-04-13T01:27:08+08:00
Sulfate.	sm.		硫酸盐	kien ki nèh saong.		金鷄納霜		544		true	自旧档汇入	2026-04-13T01:27:08+08:00
Sulfate.	sm.	 - de zinc.	硫酸盐	’ngè yah.		眼藥		544		true	自旧档汇入	2026-04-13T01:27:08+08:00
Sulfate.	sm.		硫酸盐	lieû seu bah k‘è.		硫酸白鉛		544		true	自旧档汇入	2026-04-13T01:27:08+08:00
Sulfurique	adj.	(Acide).	硫酸	waong ghiang ’se.		磺强水		544		true	自旧档汇入	2026-04-13T01:27:08+08:00
Superbe. 	sf.	Orgueil.	高超	kiao ngao’.		驕傲		544		true	自旧档汇入	2026-04-13T01:27:08+08:00
Superbe. 	adj.	Magnifique. C'est -.	高超	’t‘i mié’.		體面		544		true	自旧档汇入	2026-04-13T01:27:08+08:00
Superbe. 	adj.		高超	ts‘éh seh.		出色		544		true	自旧档汇入	2026-04-13T01:27:08+08:00
Superbe. 	adj.		高超	ling’ ’yeû ih kong.		另有一工		544		true	自旧档汇入	2026-04-13T01:27:08+08:00
Superbe. 	adj.		高超	’k‘iao deuh t‘ié ki.		巧奪天機		544		true	自旧档汇入	2026-04-13T01:27:08+08:00
Supercherie.	sf.		欺骗	p‘ié’ gnen fèh ’tse.		騙人法子		544		true	自旧档汇入	2026-04-13T01:27:08+08:00
Superficie. 	sf.	Surface.	区域	mié’.		面		544		true	自旧档汇入	2026-04-13T01:27:08+08:00
Superficie. 	sf.		区域	mié’ laong’.		面上		544		true	自旧档汇入	2026-04-13T01:27:08+08:00
Superficie. 	sf.		区域	kié’ faong.		見方		544		true	自旧档汇入	2026-04-13T01:27:08+08:00
Superficie. 	sf.		区域	faong faong.		方方		544		true	自旧档汇入	2026-04-13T01:27:08+08:00
Superficie. 	sf.	 - d'un terrain.	区域	di’ mié’. 		地面		544		true	自旧档汇入	2026-04-13T01:27:08+08:00
Superficiel. 	adj.		浅的	véh sen ke’.		勿深个		544		true	自旧档汇入	2026-04-13T01:27:08+08:00
Superficiel. 	adj.		浅的	’ts‘ié bôh ke’.		淺薄个		544		true	自旧档汇入	2026-04-13T01:27:08+08:00
Superficiel. 	adj.		浅的	yé bi fou ke.		沿皮膚个		544		true	自旧档汇入	2026-04-13T01:27:08+08:00
Superficiel. 	adj.	 -. Fig.	浅的	’ts‘ié p‘ieh(ghien’)ke’.		淺僻（近）个		544		true	自旧档汇入	2026-04-13T01:27:08+08:00
Superficiel. 	adj.		浅的	bi mao.		皮毛		544		true	自旧档汇入	2026-04-13T01:27:08+08:00
Superficiel. 	adj.	Livre -.	浅的	weû mié’ tse wen. 		浮面之文		544		true	自旧档汇入	2026-04-13T01:27:08+08:00
Superficiel. 	adj.	Savoir -.	浅的	’ts‘ié tse.		淺知		544		true	自旧档汇入	2026-04-13T01:27:08+08:00
Superficiel. 	adj.		浅的	hoh ven’ ’ts‘ié.		學問淺		544		true	自旧档汇入	2026-04-13T01:27:08+08:00
Superficiel. 	adj.	Sans consistance. Fig.	浅的	hiu weû ke’.		虚浮个		544		true	自旧档汇入	2026-04-13T01:27:08+08:00
Superficiellement.	adv.		一定的	yah yah wou.		約約乎		544		true	自旧档汇入	2026-04-13T01:27:08+08:00
Superficiellement.	adv.		一定的	liah liah neng.		略略能		544		true	自旧档汇入	2026-04-13T01:27:08+08:00
Superficiellement.	adv.		一定的	’ts‘ié ’ts‘ié kiao’.		淺淺叫		544		true	自旧档汇入	2026-04-13T01:27:08+08:00
Superfin.	adj.		超精细的	deû ’teng.		頭等		544		true	自旧档汇入	2026-04-13T01:27:08+08:00
Superfin.	adj.		超精细的	’ting ’ting ’h‘ao		頂頂好		544		true	自旧档汇入	2026-04-13T01:27:08+08:00
Superflu.	adj.	En exdédant.	多余的	yu zeng’ ke’.		餘剩个		544		true	自旧档汇入	2026-04-13T01:27:08+08:00
Superflu.	adj.		多余的	’yeû yu.		有餘		544		true	自旧档汇入	2026-04-13T01:27:08+08:00
Superflu.	adj.		多余的	tou ’la ke’ .		多拉个		544		true	自旧档汇入	2026-04-13T01:27:08+08:00
Superflu.	adj.	Inutile.	多余的	yong’ véh zah ke’.		用勿着个		544		true	自旧档汇入	2026-04-13T01:27:08+08:00
Superflu.	adj.		多余的	véh ’vè zah.		勿犯着		544		true	自旧档汇入	2026-04-13T01:27:08+08:00
Supérieur. 	adj.		优越的	zaong’.		上		544		true	自旧档汇入	2026-04-13T01:27:08+08:00
Supérieur. 	adj.		优越的	zaong’ deû.		上頭		544		true	自旧档汇入	2026-04-13T01:27:08+08:00
Supérieur. 	adj.		优越的	zaong’ ’teng.		上等		544		true	自旧档汇入	2026-04-13T01:27:08+08:00
Supérieur. 	sm. 	 -.	优越的	’tsang pei’.		長輩		544		true	自旧档汇入	2026-04-13T01:27:08+08:00
Supérieur. 	sm. 		优越的	tsen ’tsang		尊長		544		true	自旧档汇入	2026-04-13T01:27:08+08:00
Supérieur. 	sm. 	Mandarin.	优越的	zaong’ se.		上司		544		true	自旧档汇入	2026-04-13T01:27:08+08:00
Supérieur. 	sm. 	- de congrégation.	优越的	wei’ ’tsang. 		會長		544		true	自旧档汇入	2026-04-13T01:27:08+08:00
Supérieur. 	sm. 	- de communauté.	优越的	yeu’ ’tsang.		院長		545		true	自旧档汇入	2026-04-13T01:27:08+08:00
Supérieure. 	sf.		优越的	yeu’ ’tsang ’mou ’mou.		院長姆姆	院長嬷嬷	545		true	自旧档汇入	2026-04-13T01:27:08+08:00
Supériorité. 	sf.		优势	zaong’ ts‘u’.		上處		545		true	自旧档汇入	2026-04-13T01:27:08+08:00
Supériorité. 	sf.		优势	kao ’p‘in.		高品		545		true	自旧档汇入	2026-04-13T01:27:08+08:00
Superposer.	va.	Place au-dessus.	叠加	faong’ ’la zaong’ deû.		放拉上頭		545		true	自旧档汇入	2026-04-13T01:27:08+08:00
Superposer.	va.		叠加	’pa ’la laong’.		擺拉上		545		true	自旧档汇入	2026-04-13T01:27:08+08:00
Superposer.	va.	Arranger par couches.	叠加	tei (déh,zaong’)’k‘i lai.		堆（疊，上）起來		545		true	自旧档汇入	2026-04-13T01:27:08+08:00
Superposer.	va.		叠加	ih zeng ih zeng (bi’ ih bi’ gni’) ’pa ’k‘i lai.	ih zeng ih zeng (’pi ih ’pi gni’) ’pa ’k‘i lai	一層一層（比一比二）擺起來		545		true	自旧档汇入	2026-04-13T01:27:08+08:00
Superstitieux. 	adj.		迷信	siang sin’ yi’ teu.		相信异端		545		true	自旧档汇入	2026-04-13T01:27:08+08:00
Superstitieux. 	adj.	-. [Chose].	迷信	yi’ teu ze’ ’t‘i.		异端事體		545		true	自旧档汇入	2026-04-13T01:27:08+08:00
Superstition. 	sf.		迷信	yi’ teu. 		异端		545		true	自旧档汇入	2026-04-13T01:27:08+08:00
Supplanter.	qqn. va.		取代	tsié’ sié i.		僭先伊	佔先伊	545	待定	true	自旧档汇入	2026-04-13T01:27:08+08:00
Supplanter.	qqn. va.		取代	meû biéh gnen ke’ k‘ieuh ven’.		謀别人个缺分		545		true	自旧档汇入	2026-04-13T01:27:08+08:00
Suppléant.	sm.	d'un professeur.	备用	dai’ koé’.		代館		545		true	自旧档汇入	2026-04-13T01:27:08+08:00
Suppléant.	sm.		备用	ghieu hoh.		權學		545		true	自旧档汇入	2026-04-13T01:27:08+08:00
Suppléant.	sm.	-,,mandarin.	备用	zu’ ’li.		署理		545		true	自旧档汇入	2026-04-13T01:27:08+08:00
Suppléant.	sm.		备用	zu’ zen’.		署任		545		true	自旧档汇入	2026-04-13T01:27:08+08:00
Suppléer 	qqn. va.		供应	dai’ t‘i’ biéh gnen.		代替别人		545		true	自旧档汇入	2026-04-13T01:27:08+08:00
Suppléer 	qqn. va.		供应	dai’ bè’.		代辦		545		true	自旧档汇入	2026-04-13T01:27:08+08:00
Suppléer 	vn.	 - à qqch.	供应	’pou.		補		545		true	自旧档汇入	2026-04-13T01:27:08+08:00
Suppléer 	vn.		供应	dié (t‘ié) ’pou.		填（添）補		545		true	自旧档汇入	2026-04-13T01:27:08+08:00
Suppléer 	vn.		供应	’pou zaong.		補償		545		true	自旧档汇入	2026-04-13T01:27:08+08:00
Supplément.	sm.		额外费用	’pou ih ’pou.		補一補		545		true	自旧档汇入	2026-04-13T01:27:08+08:00
Supplément.	sm.	- d'un livre.	额外费用	zôh ’kieu.		續卷		545		true	自旧档汇入	2026-04-13T01:27:08+08:00
Supplément.	sm.		额外费用	tseng ’pou.		增補		545		true	自旧档汇入	2026-04-13T01:27:08+08:00
Supplément.	sm.		额外费用	wou’ tsang.		附張		545		true	自旧档汇入	2026-04-13T01:27:08+08:00
Supplémentaire.	adj.		额外的	ling’ nga’ ke’.		另外个		545		true	自旧档汇入	2026-04-13T01:27:08+08:00
Supplice. 	sm.		酷刑	yeng vèh.		刑罰		545		true	自旧档汇入	2026-04-13T01:27:08+08:00
Supplier. 	va.		乞讨	ai (’k‘ou,’k‘en,’pin)ghieû.		哀（苦，懇，禀）求		545		true	自旧档汇入	2026-04-13T01:27:08+08:00
Supplique. 	sf.		请愿	’pin ’t‘ih. 	’pin t‘ih	禀帖		545	印刷錯誤	true	自旧档汇入	2026-04-13T01:27:08+08:00
Support. 	sm.		支持	ts‘ang’ deû.		撑頭		545		true	自旧档汇入	2026-04-13T01:27:08+08:00
Support. 	sm.		支持	zou’ ’tse.		座子		545		true	自旧档汇入	2026-04-13T01:27:08+08:00
Support. 	sm.	 – de lampe.	支持	teng dai [ih tsah].		燈臺[一隻]		545		true	自旧档汇入	2026-04-13T01:27:08+08:00
Support. 	sm.	Fig. Aide, soutien.	支持	k‘ao’ ’baong.		靠傍		545		true	自旧档汇入	2026-04-13T01:27:08+08:00
Support. 	sm.		支持	paong zou’.		幫助		545		true	自旧档汇入	2026-04-13T01:27:08+08:00
Support. 	sm.	 - des défauts du prochain.	支持	’zen nai’ biéh ke’ gnen ke’ mao bing’		忍耐别个人个毛病		545		true	自旧档汇入	2026-04-13T01:27:08+08:00
Supportable.	adj.	Être -.	可忍受的	wè ’h‘ao.		還好		545		true	自旧档汇入	2026-04-13T01:27:08+08:00
Supportable.	adj.		可忍受的	seu’ ’k‘o’ i.		算可以		545		true	自旧档汇入	2026-04-13T01:27:08+08:00
Supportable.	adj.		可忍受的	taong teh ’k‘i.		當得起		545		true	自旧档汇入	2026-04-13T01:27:08+08:00
Supportable.	adj.		可忍受的	ngao teh zu’.		嗷得住	熬得住	545		true	自旧档汇入	2026-04-13T01:27:08+08:00
Supporter.	va.	Soutenir.	支持	ts‘ang’.		撑		545		true	自旧档汇入	2026-04-13T01:27:08+08:00
Supporter.	va.		支持	tè taong.		擔當		545		true	自旧档汇入	2026-04-13T01:27:08+08:00
Supporter.	va.		支持	ts‘è vou.		攙扶		545		true	自旧档汇入	2026-04-13T01:27:08+08:00
Supporter.	va.	Fig. Endurer.	支持	’zeû.		受		545		true	自旧档汇入	2026-04-13T01:27:08+08:00
Supporter.	va.		支持	yong.		容		545		true	自旧档汇入	2026-04-13T01:27:08+08:00
Supporter.	va.		支持	’zen ’zeû.		忍受		545		true	自旧档汇入	2026-04-13T01:27:08+08:00
Supporter.	va.		支持	’zen nai’.		忍耐		545		true	自旧档汇入	2026-04-13T01:27:08+08:00
Supporter.	va.	Ne pouvoir -.	支持	Cf. Souffrir.		——		545		true	自旧档汇入	2026-04-13T01:27:08+08:00
Supporter.	va.	- bien (mal) le vin.	支持	’tsieû liang dou’(’siao).	’tsieû liang’ dou’(’siao)	酒量大（小）		545		true	自旧档汇入	2026-04-13T01:27:08+08:00
Supposer. 	va. 	Conjecturer.	假设	’pi faong.		比方		545		true	自旧档汇入	2026-04-13T01:27:08+08:00
Supposer. 	va. 		假设	’k‘ong p‘ouo’.		恐怕		545		true	自旧档汇入	2026-04-13T01:27:08+08:00
Supposer. 	va. 		假设	tséh p‘ouo’.		只怕		545		true	自旧档汇入	2026-04-13T01:27:08+08:00
Supposer. 	va. 		假设	liao’ ’siang.		料想		545		true	自旧档汇入	2026-04-13T01:27:08+08:00
Supposer. 	va. 		假设	ts‘ai.		猜		545		true	自旧档汇入	2026-04-13T01:27:08+08:00
Supposer. 	va. 		假设	ts‘ai doh.		猜度		545		true	自旧档汇入	2026-04-13T01:27:08+08:00
Supposer. 	va. 	Présumer [la permission.]	认为	zong ghieu.		從權		545		true	自旧档汇入	2026-04-13T01:27:08+08:00
Supposer. 	va. 		认为	’zé tsé.		擅專		545	待定	true	自旧档汇入	2026-04-13T01:27:08+08:00
Supposer. 	va. 		认为	ze’ dou’ dao’.		自大道		545		true	自旧档汇入	2026-04-13T01:27:08+08:00
Supposition. 	sf.		假设	’pi faong.		比方		545		true	自旧档汇入	2026-04-13T01:27:08+08:00
Supposition. 	sf.		假设	p‘i’ zu.		譬如		545		true	自旧档汇入	2026-04-13T01:27:08+08:00
Supposition	sf.	C'est pure - de sa part.	这不过是他的假设（预估）	péh kou’ ze’ yah moh ke’ seh wo’		不過是約摸个説話		546		true	自旧档汇入	2026-04-13T01:27:08+08:00
Suppôt	sm.	de discorde	搬弄是非的人，搬嘴弄舌的人	pé ’tse long’ zéh		搬嘴弄舌		546		true	自旧档汇入	2026-04-13T01:27:08+08:00
Suppôt	sm.	de discorde	搬弄是非的人，搬嘴弄舌的人	dao k‘i’ k‘oei’ (tsing)		啕氣塊（精）		546		true	自旧档汇入	2026-04-13T01:27:08+08:00
Supprimer	va.	Retrancher	减掉	’kè t‘éh		减脱		546		true	自旧档汇入	2026-04-13T01:27:08+08:00
Supprimer	va.	Retrancher	去掉	k‘i’ t‘éh		去脱		546		true	自旧档汇入	2026-04-13T01:27:08+08:00
Supprimer	va.	Anéantir	消灭，灭掉	miéh t‘éh		滅脱		546		true	自旧档汇入	2026-04-13T01:27:08+08:00
Suppurer	vn.		流（出）脓	lieû (ts‘éh) nong		流（出）膿		546		true	自旧档汇入	2026-04-13T01:27:08+08:00
Supputer	va.		估计，估算	sou’ sou’		數數		546		true	自旧档汇入	2026-04-13T01:27:08+08:00
Supputer	va.		估计，估算	kiéh seu’		結算		546		true	自旧档汇入	2026-04-13T01:27:08+08:00
Supputer	va.		估计，估算	seu’ ’k‘i lai		算起來		546		true	自旧档汇入	2026-04-13T01:27:08+08:00
Supputer	va.		估计，估算	’kou ih ’kou		估一估		546		true	自旧档汇入	2026-04-13T01:27:08+08:00
Suprême	adj.	Le plus grand	最大	tsu’ dou’		最大		546		true	自旧档汇入	2026-04-13T01:27:08+08:00
Suprême	adj.	Le plus grand	高大无比	kao da’ wou ’pi		高大無比		546		true	自旧档汇入	2026-04-13T01:27:08+08:00
Suprême	adj.	Le plus élevé	最高	tsu’ kao		最高		546		true	自旧档汇入	2026-04-13T01:27:08+08:00
Suprême	adj.	Le plus élevé	最上面	’ting zaong’ deû		頂上頭		546		true	自旧档汇入	2026-04-13T01:27:08+08:00
Suprême	adj.	Le dernier	最后的	méh méh kiah ke’		末末脚个		546		true	自旧档汇入	2026-04-13T01:27:08+08:00
Sur	prép.	Dessus	上面	zaong’ deû		上頭		546		true	自旧档汇入	2026-04-13T01:27:08+08:00
Sur	prép.	Dessus	在上面	’la zaong’ deû		拉上頭		546		true	自旧档汇入	2026-04-13T01:27:08+08:00
Sur	prép.	#NAME?	在身上	’la sen laong’		拉身上		546		true	自旧档汇入	2026-04-13T01:27:08+08:00
Sur	prép.	Avoir de l'argent - soi	身边有铜钱	sen pié ’yeû dong dié		身邊有銅錢		546		true	自旧档汇入	2026-04-13T01:27:08+08:00
Sur	prép.	Vers : - le soir	傍晚，将夜	a ya’		挨夜		546		true	自旧档汇入	2026-04-13T01:27:08+08:00
Sur	prép.	Vers : - le soir	傍晚，将夜	ya’ k‘oa’ ’dong		夜快動		546		true	自旧档汇入	2026-04-13T01:27:08+08:00
Sur	prép.	Vers : - le soir	傍晚，将夜	tsiang loh sè		將落山		546		true	自旧档汇入	2026-04-13T01:27:08+08:00
Sur	prép.	Contre : lancer des pierres - qqn.	对他扔石头	tei’ i toh (hiéh) zah deû		對伊搗（揭）石頭	對伊厾（揭）石頭	546		true	自旧档汇入	2026-04-13T01:27:08+08:00
Sur	prép.	Près de	靠着	k‘ao’		靠		546		true	自旧档汇入	2026-04-13T01:27:08+08:00
Sur	prép.	Près de	挨着	a ya’		挨夜		546		true	自旧档汇入	2026-04-13T01:27:08+08:00
Sur	prép.	- la rivière	靠（沿）着河边	k‘ao’ (yé) wou pié deû		靠（沿）河邊頭		546		true	自旧档汇入	2026-04-13T01:27:08+08:00
Sur	prép.	C'est - notre route.	与我们顺路	wei’ ze’ gni ze’ zen’ lou’		爲自呢是順路	爲自伲是順路	546	法文词义方括号内内容看不清	true	自旧档汇入	2026-04-13T01:27:08+08:00
Sur	prép.	Concernant : - cette affaire	说到这件事	len’ tao’ di’ ghié’ ze’ ’t‘i		論到第件事體		546		true	自旧档汇入	2026-04-13T01:27:08+08:00
Sur	prép.	D'après	根据	tsao’		照		546		true	自旧档汇入	2026-04-13T01:27:08+08:00
Sur	prép.	Se régler - les circonstances	看情况，见机行事	k‘eu’ koang ’kieng tsou’ ze’ ’t‘i		看光景做事體		546		true	自旧档汇入	2026-04-13T01:27:08+08:00
Sur	prép.	Se régler - les circonstances	看情况，见机行事	kié’ ki eul tsoh (hang ze’)		見機而作（行事）		546		true	自旧档汇入	2026-04-13T01:27:08+08:00
Sur	prép.	Parmi : en choisir 3 - 10	十个里选三个	zéh ke’ ’li hiang’ (taong tsong) ’kè sè ke’		十個裏向（當中）揀三個		546		true	自旧档汇入	2026-04-13T01:27:08+08:00
Sur	adj.	Acide	酸的	seu ke’		酸个		546		true	自旧档汇入	2026-04-13T01:27:08+08:00
Sûr	adj.	Certain	着实	zah zéh		着實		546		true	自旧档汇入	2026-04-13T01:27:08+08:00
Sûr	adj.	Certain	的确	tih k‘iah		的確		546		true	自旧档汇入	2026-04-13T01:27:08+08:00
Sûr	adj.	Assuré	稳妥的，妥当的	’wen		穩		546		true	自旧档汇入	2026-04-13T01:27:08+08:00
Sûr	adj.	Assuré	稳妥的，妥当的	’t‘ou taong’		妥當		546		true	自旧档汇入	2026-04-13T01:27:08+08:00
Sûr	adj.	Assuré	稳妥的，妥当的	’wen tsôh ke’		穩足个		546		true	自旧档汇入	2026-04-13T01:27:08+08:00
Sûr	adj.	Avoir un jugement -	有好的判断力	’h‘ao kié’ seh		好見識		546		true	自旧档汇入	2026-04-13T01:27:08+08:00
Sûr	adj.	Fidèle	忠诚，忠信	tsong sin’		忠信		546		true	自旧档汇入	2026-04-13T01:27:08+08:00
Sûr	adj.	Fidèle	靠得住的	k‘ao’ teh zu’ ke’		靠得住个		546		true	自旧档汇入	2026-04-13T01:27:08+08:00
Sûr	loc.adv.	Pour -.	当然，一定，肯定	’pao teh ding’		保得定		546		true	自旧档汇入	2026-04-13T01:27:08+08:00
Sûr	loc.adv.	Pour -.	当然，一定，肯定	ih ding’		一定		546		true	自旧档汇入	2026-04-13T01:27:08+08:00
Sûr	loc.adv.	Pour -.	当然，一定，肯定	k‘iah zé		確然		546		true	自旧档汇入	2026-04-13T01:27:08+08:00
Surabouder	vn.		绰绰有余	ts‘ah ts‘ah (fou’ tsôh) ’yeû yu		綽綽（富足）有餘		546		true	自旧档汇入	2026-04-13T01:27:08+08:00
Surabouder	vn.	Récolte surabondante	丰收	fong zeng	fong zeng’	豐盛		546	单词拼写有误，应为surabonder	true	自旧档汇入	2026-04-13T01:27:08+08:00
Surajouter	va.		添了又添，另加	t‘ié tse i’ t‘ié		添之又添		546		true	自旧档汇入	2026-04-13T01:27:08+08:00
Surajouter	va.		添了又添，另加	kah wai’ ka t‘ié	keh wai’ ka t‘ié	格外加添		546	待定	true	自旧档汇入	2026-04-13T01:27:08+08:00
Suranné	adj.	Hors d'usage	没用的，失效的	m yong’ ke’		無用个	嘸用个	546		true	自旧档汇入	2026-04-13T01:27:08+08:00
Suranné	adj.	Démodé	过时的，不再流行的	véh hang ke’		勿行个		546		true	自旧档汇入	2026-04-13T01:27:08+08:00
Suranné	adj.	Démodé	过时的，不再流行的	véh ze lou’ (mao)		勿時路（毛）		546	待定	true	自旧档汇入	2026-04-13T01:27:08+08:00
Surchargé	adj.	de besogne	忙不过来，工作负担重	maong véh kou’		忙勿過		547		true	自旧档汇入	2026-04-13T01:27:08+08:00
Surchargé	adj.	de besogne	忙不过来，工作负担重	sang wéh tou véh kou’ (tsou’ véh kou’ ’deu, véh ts‘éh deû gnéh)		生活多勿過（做勿過斷，勿出頭日）		547		true	自旧档汇入	2026-04-13T01:27:08+08:00
Surcroit	sm.	Par -	增加，增添，另加	t‘ié deû		添頭		547		true	自旧档汇入	2026-04-13T01:27:08+08:00
Surcroit	sm.	Par -	增加，增添，另加	gnao deû		饒頭		547		true	自旧档汇入	2026-04-13T01:27:08+08:00
Surcroit	sm.	Par -	增加，增添，另加	ling’ wai’		另外		547		true	自旧档汇入	2026-04-13T01:27:08+08:00
Surcroit	sm.	Par -	增加，增添，另加	zai’ nga’		在外		547		true	自旧档汇入	2026-04-13T01:27:08+08:00
Surdité	sf.		耳朵聋	’gni ’tou long		耳朵聾		547		true	自旧档汇入	2026-04-13T01:27:08+08:00
Surdité	sf.		耳朵聋	long bang’		聾甏	聾[彭耳]	547		true	自旧档汇入	2026-04-13T01:27:08+08:00
Sureau	sm.		接骨木	ts‘é ts‘é wéh		穿穿活		547	中文解释不确定	true	自旧档汇入	2026-04-13T01:27:08+08:00
Sûrement	adv.		稳当	’wen taong’		穩當		547		true	自旧档汇入	2026-04-13T01:27:08+08:00
Sûrement	adv.		妥帖	’t‘ou t‘ih		妥貼		547		true	自旧档汇入	2026-04-13T01:27:08+08:00
Sûrement	adv. Cf.	Sûr	一定，可靠	pih ding’		必定		547		true	自旧档汇入	2026-04-13T01:27:08+08:00
Sûrement	adv. Cf.	Sûr	一定，可靠	ghèh ghèh zéh zéh	gèh gèh zéh zéh	劼劼實實		547		true	自旧档汇入	2026-04-13T01:27:08+08:00
Surenchérir	vn.		竞拍，竞出高价	’ts‘iang (t‘é) ’ma		搶（貪）買		547		true	自旧档汇入	2026-04-13T01:27:08+08:00
Surérogatoire	adj.		分外的，不必要的	fen’ wai’ ke’		分外个		547		true	自旧档汇入	2026-04-13T01:27:08+08:00
Sûreté	sf.		安稳	eu ’wen		安穩		547		true	自旧档汇入	2026-04-13T01:27:08+08:00
Sûreté	sf.	Être en -	妥当保管	’t‘ou taong’ ’tsé		妥當者		547		true	自旧档汇入	2026-04-13T01:27:08+08:00
Surface	sf.		表面	mié’		面		547		true	自旧档汇入	2026-04-13T01:27:08+08:00
Surface	sf.		外表	nga’ mié’		外面		547		true	自旧档汇入	2026-04-13T01:27:08+08:00
Surfaire	va.	- le prix	要价虚高	wo’ (seh) hiu ka’ (deû)		話（説）虚價（頭）		547		true	自旧档汇入	2026-04-13T01:27:08+08:00
Surfaire	va.	- le prix	要价虚高	’kou teh t‘eh tou		估得忒多		547		true	自旧档汇入	2026-04-13T01:27:08+08:00
Surfaire	va.	Vendre sans -	根据实际要价	wo’ ghèh zéh ka’	wo’ gèh zéh ka’	話劼實價		547	待定	true	自旧档汇入	2026-04-13T01:27:08+08:00
Surfaire	va.	Estimer trop	过分吹捧	fong kao (dou’)		封高（大）		547		true	自旧档汇入	2026-04-13T01:27:08+08:00
Surfaire	va.	Réputation surfaite	名过其实	ming kou’ ghi zéh		名過其實		547		true	自旧档汇入	2026-04-13T01:27:08+08:00
Surgir	vn.		出现，产生	fèh ts‘éh lai		發出來		547		true	自旧档汇入	2026-04-13T01:27:08+08:00
Surgir	vn.		出现，产生	’k‘i		起		547		true	自旧档汇入	2026-04-13T01:27:08+08:00
Surgir	vn.	S'il surgit qq. difficulté	如果突然遭逢难事	zah ’se ’ngeû zé tsao zah nè ze’		若使偶然遭着難事		547		true	自旧档汇入	2026-04-13T01:27:08+08:00
Surhumain	adj.	Travail -	超出人类能力的	gnen ke’ lih liang’ tsou’ vèh tao’		人个力量做勿到		547		true	自旧档汇入	2026-04-13T01:27:08+08:00
Surintendant	sm.		总管	’tsong ’koé (bè’)		總管（辦）		547		true	自旧档汇入	2026-04-13T01:27:08+08:00
Surintendant	sm.		监督	kè tôh		監督		547		true	自旧档汇入	2026-04-13T01:27:08+08:00
Surintendant	sm.		督办	tôh bè’		督辦		547		true	自旧档汇入	2026-04-13T01:27:08+08:00
Surlendemain	sm.		第三天	di’ sè gnéh		第三日		547		true	自旧档汇入	2026-04-13T01:27:08+08:00
Surlendemain	sm.		大后天	dou’ heû’ gnéh		大後日		547		true	自旧档汇入	2026-04-13T01:27:08+08:00
Surmener	va.	qqn.	使工作过度	kiao’ i tsou’ ’tao		叫伊做倒		547	标红处原文看不清	true	自旧档汇入	2026-04-13T01:27:08+08:00
Surmener	vr.	Se -	劳累过度	lao lôh kou’ ven’		勞碌過分		547		true	自旧档汇入	2026-04-13T01:27:08+08:00
Surmener	vr.	Se -	劳累过度	k‘ieh sin k‘ieh ’k‘ou		吃辛吃苦		547		true	自旧档汇入	2026-04-13T01:27:08+08:00
Surmonter	va.	Vaincre	胜过，超过	seng’ (ts‘ao) kou’		勝（超）過		547		true	自旧档汇入	2026-04-13T01:27:08+08:00
Surmonter	va.	Ne pouvoir -	无法克服，无法过去	véh ’h‘ao kou’ k‘i’		勿好過去		547		true	自旧档汇入	2026-04-13T01:27:08+08:00
Surmonter	vr.	Se -. Se maîtriser	克己	k‘eh ’ki		克己		547		true	自旧档汇入	2026-04-13T01:27:08+08:00
Surmonter	vr.	Se -. Se maîtriser	约束自己	yah sôh (k‘eh ’k‘ou) ze’ ka		約束（克苦）自家		547	待定	true	自旧档汇入	2026-04-13T01:27:08+08:00
Surnager	vn.		浮，漂浮	’t‘en		氽		547		true	自旧档汇入	2026-04-13T01:27:08+08:00
Surnager	vn.		浮，漂浮	weû		浮		547		true	自旧档汇入	2026-04-13T01:27:08+08:00
Surnager	vn.		浮，漂浮	p‘iao ’la ’se yé’ mié’		漂拉水現面		547	沿？待定	true	自旧档汇入	2026-04-13T01:27:08+08:00
Surnaturel	adj.		超自然的	ts‘ao sing’ ke’		超性个		547		true	自旧档汇入	2026-04-13T01:27:08+08:00
Surnom	sm.		别名	biéh ming		别名		547		true	自旧档汇入	2026-04-13T01:27:08+08:00
Surnom	sm.		绰号	ts‘ah hao’		綽號		547		true	自旧档汇入	2026-04-13T01:27:08+08:00
Surnuméraire	adj.		另外的，额外的	ling’ nga’ (ngah wai’) ke’		另外（額外）个		547	一作ngeh wai	true	自旧档汇入	2026-04-13T01:27:08+08:00
Surpasser	va.		高出	kao ts‘éh		高出		547		true	自旧档汇入	2026-04-13T01:27:08+08:00
Surpasser	va.		超过	ts‘ao kou’		超過		547		true	自旧档汇入	2026-04-13T01:27:08+08:00
Surpasser	va.		胜过	seng’ kou’		勝過		547		true	自旧档汇入	2026-04-13T01:27:08+08:00
Surplis	sm.		（教士穿的）宽袖白色法衣	’teu bah i [ih ghié’]		短白衣[一件]		547		true	自旧档汇入	2026-04-13T01:27:08+08:00
Surplus	sm.		剩余，多余	tou deû		多頭		548		true	自旧档汇入	2026-04-13T01:27:08+08:00
Surplus	sm.		剩余，多余	zeng’ ’hao lai ke’		剩下來个		548		true	自旧档汇入	2026-04-13T01:27:08+08:00
Surplus	sm.		剩余，多余	yu ’la ke’		餘拉个		548		true	自旧档汇入	2026-04-13T01:27:08+08:00
Surprenant	adj.		惊人的，使人惊奇的	hi ghi		希奇		548	待定	true	自旧档汇入	2026-04-13T01:27:08+08:00
Surprenant	adj.		惊人的，使人惊奇的	koa’ k‘i’		怪氣		548		true	自旧档汇入	2026-04-13T01:27:08+08:00
Surprendre	va.		使感到意外，出其不意	t‘eû ’tang		偷打		548		true	自旧档汇入	2026-04-13T01:27:08+08:00
Surprendre	va.		使感到意外，出其不意	’lang ’li hiang’		冷裏向		548		true	自旧档汇入	2026-04-13T01:27:08+08:00
Surprendre	va.		当场捉住	tsoh zah		捉着		548		true	自旧档汇入	2026-04-13T01:27:08+08:00
Surprendre	va.	Découvrir	发觉，突然发觉	heû‘ zah	heû’ zah	候着		548		true	自旧档汇入	2026-04-13T01:27:08+08:00
Surprendre	va.	Découvrir	发觉，突然发觉	zouo ts‘éh lai		查出來		548		true	自旧档汇入	2026-04-13T01:27:08+08:00
Surprendre	va.	- sa bonne foi	哄骗他	’hong p‘ié’ i	’h‘ong p‘ié’ i	哄騙伊		548		true	自旧档汇入	2026-04-13T01:27:08+08:00
Surpris	pp.	Étonné	稀奇的，惊讶的	hi ghi		稀奇		548		true	自旧档汇入	2026-04-13T01:27:08+08:00
Surprise	sf.		意料之外的事，惊喜	’siang (liao’) véh tao’ ke’ ze’		想（料）勿到个事		548		true	自旧档汇入	2026-04-13T01:27:08+08:00
Surprise	sf.	Ruse	奸计	kiè ki’		奸計		548		true	自旧档汇入	2026-04-13T01:27:08+08:00
Sursaut	sm.	(Réveillé en)	忽然惊醒	féh zé ’sing (kao’) ’tsé		忽然醒（覺）者		548		true	自旧档汇入	2026-04-13T01:27:08+08:00
Sursaut	sm.	(Réveillé en)	惊觉	kieng kao’		驚覺		548		true	自旧档汇入	2026-04-13T01:27:08+08:00
Sursaut	sm.	(Réveillé en)	惊觉	hah kao’ ’tsé	h‘ah kao’ ’tsé	嚇覺者		548		true	自旧档汇入	2026-04-13T01:27:08+08:00
Surseoir	vn.		暂且搁置	zè’ ’ts‘ié koh ’la		暫且擱拉		548		true	自旧档汇入	2026-04-13T01:27:08+08:00
Surseoir	vn.		延迟	yé ze		延遲		548		true	自旧档汇入	2026-04-13T01:27:08+08:00
Surseoir	vn.		往后延缓	da’ heû’ ’tié		汏後点	？後點	548		true	自旧档汇入	2026-04-13T01:27:08+08:00
Sursis	sm.		延期，缓期	wé’ ghi	’wé ghi	緩期		548		true	自旧档汇入	2026-04-13T01:27:08+08:00
Sursis	sm.		延期，缓期	t‘ou heû’ gnéh ’tse		拖後日子		548		true	自旧档汇入	2026-04-13T01:27:08+08:00
Sursis	sm.	- à un condamné	监候	ké heû’		監候		548		true	自旧档汇入	2026-04-13T01:27:08+08:00
Sursis	sm.	Condamner sans -	立斩，立即执行	lih ’tsè		立斬		548		true	自旧档汇入	2026-04-13T01:27:08+08:00
Sursis	sm.	Condamner sans -	立斩，立即执行	lih kieuh		立决		548		true	自旧档汇入	2026-04-13T01:27:08+08:00
Surtout	sm.	- de cérémonie	马褂[一件]	’mô kouo’ [ih ghié’]		馬褂[一件]		548		true	自旧档汇入	2026-04-13T01:27:08+08:00
Surtout	sm.	- de cérémonie	外套	nga’ t‘ao’		外套		548		true	自旧档汇入	2026-04-13T01:27:08+08:00
Surtout	sm.	- sans manches	背心	pei’ sin		背心		548		true	自旧档汇入	2026-04-13T01:27:08+08:00
Surtout	sm.	- sans manches	领衣	’ling i		領衣		548		true	自旧档汇入	2026-04-13T01:27:08+08:00
Surtout	adv.		特别，尤其	di’ ih		第一		548		true	自旧档汇入	2026-04-13T01:27:08+08:00
Surtout	adv.		特别，尤其	deh di’		特地		548		true	自旧档汇入	2026-04-13T01:27:08+08:00
Surveillant	sm.		督工	kè (tôh) kong ke’		監（督）工个		548		true	自旧档汇入	2026-04-13T01:27:08+08:00
Surveillant	sm.		督工	’koé ze’ ke’		管事个		548		true	自旧档汇入	2026-04-13T01:27:08+08:00
Surveillant	sm.	- d'écoliers	学校主管，管学生的	’koé hoh sang ’tse		管學生子		548		true	自旧档汇入	2026-04-13T01:27:08+08:00
Surveiller	va.		监视，监督，看守	kè		監		548		true	自旧档汇入	2026-04-13T01:27:08+08:00
Surveiller	va.		监视，监督，看守	tsao’ ’koé		照管		548		true	自旧档汇入	2026-04-13T01:27:08+08:00
Surveiller	va.		监视，监督，看守	k‘eu		看		548		true	自旧档汇入	2026-04-13T01:27:08+08:00
Surveiller	va.		监视，监督，看守	taong sin		當心		548		true	自旧档汇入	2026-04-13T01:27:08+08:00
Survenir	vn.		碰到，突如其来	’yeû		有		548		true	自旧档汇入	2026-04-13T01:27:08+08:00
Survenir	vn.		碰到，突如其来	teh (bang’) zah		得（碰）着		548	格式待定	true	自旧档汇入	2026-04-13T01:27:08+08:00
Survenir	vn.	Il lui est survenu une affaire	他碰到一件事	i bang’ zah ih tsaong ze’ ’t‘i lai		伊碰着一樁事體來		548		true	自旧档汇入	2026-04-13T01:27:08+08:00
Survivre	vn.		幸存，继续存在，遗留下来	véh ’si		勿死		548		true	自旧档汇入	2026-04-13T01:27:08+08:00
Survivre	vn.		幸存，继续存在，遗留下来	tou wéh		多活		548		true	自旧档汇入	2026-04-13T01:27:08+08:00
Survivre	vn.		幸存，继续存在，遗留下来	wè zeng’ ’la		還剩拉		548		true	自旧档汇入	2026-04-13T01:27:08+08:00
Sus	adv.	Courir - [à qqn]	追击某人	ih zeh ’tang zaong’ k‘i’		一直打上去		548		true	自旧档汇入	2026-04-13T01:27:08+08:00
Sus	loc.adv.	En -	另外	ling’ nga’		另外		548		true	自旧档汇入	2026-04-13T01:27:08+08:00
Susceptible	adj.		易怒的，敏感的	yong i’ k‘i’ ke’		容易氣个		548		true	自旧档汇入	2026-04-13T01:27:08+08:00
Susceptible	adj.		易怒的，敏感的	mao sao’ (’h‘ou deû) sing’ ’tse		毛燥（火頭）性子		548		true	自旧档汇入	2026-04-13T01:27:08+08:00
Susceptible	adj.		易怒的，敏感的	bang’ véh ’k‘i (teh) ke’		碰勿起（得）个		548		true	自旧档汇入	2026-04-13T01:27:08+08:00
Susciter	va.	des affaires	激起事端	’za (long’) ze’ ’t‘i		惹（弄）事體		548		true	自旧档汇入	2026-04-13T01:27:08+08:00
Susciter	va.	des affaires	激起事端	zin ze’		尋事		548		true	自旧档汇入	2026-04-13T01:27:08+08:00
Susciter	va.	- des ennemis	惹人作对	zin tei’ deû		尋對頭		548		true	自旧档汇入	2026-04-13T01:27:08+08:00
Susciter	va.	- des ennemis	惹人作对	’za gnen tsoh tei’		惹人作對		548		true	自旧档汇入	2026-04-13T01:27:08+08:00
Susdit	adj.		上述的	zaong’ deû wo’ ke’		上頭話个		548		true	自旧档汇入	2026-04-13T01:27:08+08:00
Suspect	adj.		质量靠不住的	véh ’t‘ou taong’		勿妥當		548		true	自旧档汇入	2026-04-13T01:27:08+08:00
Suspect	adj.		可疑的	’k‘o gni ke’		可疑个		548		true	自旧档汇入	2026-04-13T01:27:08+08:00
Suspecter	va.		怀疑	gni woh		疑惑		548		true	自旧档汇入	2026-04-13T01:27:08+08:00
Suspendre	va.		挂着，悬挂	tiao’ (kouo’) ’k‘i lai		吊（掛）起來		548		true	自旧档汇入	2026-04-13T01:27:08+08:00
Suspendre	va.		挂着，悬挂	kouo’ ’la		掛拉		548		true	自旧档汇入	2026-04-13T01:27:08+08:00
Suspendre	va.		挂着，悬挂	daong’ ’k‘i ’la		宕起拉		548	待定 音標	true	自旧档汇入	2026-04-13T01:27:08+08:00
Suspendre	va.	Différer : - un arrêt	延期，推迟	wé’ eu’	’wé eu’	緩案		548		true	自旧档汇入	2026-04-13T01:27:08+08:00
Suspendre	va.	Arrêter : - travaux	中断，罢工	’bouo kong		罷工		549		true	自旧档汇入	2026-04-13T01:27:08+08:00
Suspendre	va.	Arrêter : - travaux	中断，罢工	hiéh (ding) kong		歇（停）工		549		true	自旧档汇入	2026-04-13T01:27:08+08:00
Suspendre	va.	Retirer les pouvoirs	收回权力	tséh ghieu		摘權		549		true	自旧档汇入	2026-04-13T01:27:08+08:00
Suspendre	va.	Retirer les pouvoirs	收回权力	seû ghieu		收權		549		true	自旧档汇入	2026-04-13T01:27:08+08:00
Suspendre	va.	Retirer les pouvoirs	停职，革职	kah tseh		革職		549		true	自旧档汇入	2026-04-13T01:27:08+08:00
Suspens	sm.	Être en -	搁置，悬而未决	m ’tsu i’ ’tsé		無主意者	嘸主意者	549		true	自旧档汇入	2026-04-13T01:27:08+08:00
Suspens	sm.	Être en -	没有头绪	’maong m deû’ zu		懵無頭緒	懵嘸頭緒	549	待定 一作“[忄夢]”	true	自旧档汇入	2026-04-13T01:27:08+08:00
Suspens	sm.	Être en -	犹豫不决	yeû yu’ péh kieuh		猶豫不决		549		true	自旧档汇入	2026-04-13T01:27:08+08:00
Suspens	sm.	Avoir l'esprit en -	挂念	kouo’ sin		掛心		549		true	自旧档汇入	2026-04-13T01:27:08+08:00
Suspens	sm.	Avoir l'esprit en -	两头都挂念	kouo’ ’liang deû sin		掛兩頭心		549		true	自旧档汇入	2026-04-13T01:27:08+08:00
Suspens	sm.	Avoir l'esprit en -	两头都放不下	’liang deû keuh véh loh		兩頭割勿落		549		true	自旧档汇入	2026-04-13T01:27:08+08:00
Suspension	sf.	de lampe	灯悬架	teng di deû (lié’ diao)		燈提頭（鏈條）		549		true	自旧档汇入	2026-04-13T01:27:08+08:00
Suspension	sf.	Lustre	挂灯[一盏]	kouo’ teng [ih ’tsè]		掛燈[一盞]		549		true	自旧档汇入	2026-04-13T01:27:08+08:00
Suspension	sf.	- d'armes. Armistice	暂时停战	zé’ ze ding tsé	zé’ ze ding tsé’	暫時停戰		549		true	自旧档汇入	2026-04-13T01:27:08+08:00
Suspension	sf.	- d'armes. Armistice	免战	’mié tsé’		免戰		549		true	自旧档汇入	2026-04-13T01:27:08+08:00
Suspicion	sf.		嫌疑，怀疑，疑心	yé gni		嫌疑		549		true	自旧档汇入	2026-04-13T01:27:08+08:00
Suspicion	sf.		嫌疑，怀疑，疑心	gni sin		疑心		549		true	自旧档汇入	2026-04-13T01:27:08+08:00
Sustenter	va.		养活，供给，使维持体力	’yang wéh		養活		549		true	自旧档汇入	2026-04-13T01:27:08+08:00
Sustenter	va.		养活，供给，使维持体力	kong kiéh		供給		549		true	自旧档汇入	2026-04-13T01:27:08+08:00
Suture	sf.		缝隙	wong’		縫		549		true	自旧档汇入	2026-04-13T01:27:08+08:00
Svelte	adj.	Dégagé	轻快的，爽快的	’saong k‘oa’ ke’		爽快个		549		true	自旧档汇入	2026-04-13T01:27:08+08:00
Svelte	adj.		纤细的，苗条的	si’ yao		細腰		549		true	自旧档汇入	2026-04-13T01:27:08+08:00
Svelte	adj.		纤细的，苗条的	seû’ zang diao ’tse		瘦長條子		549		true	自旧档汇入	2026-04-13T01:27:08+08:00
Sycee	sm.	Argent fin	银锭，纹银	wen gnen		紋銀		549		true	自旧档汇入	2026-04-13T01:27:08+08:00
Sycee	sm.	Argent fin	元宝	gneu ’pao		元寶		549		true	自旧档汇入	2026-04-13T01:27:08+08:00
Sycophante	sm.	Fripon	告密者，奸诈	kiè tsouo’		奸詐		549		true	自旧档汇入	2026-04-13T01:27:08+08:00
Sycophante	sm.	Enjôleur	哄骗、拍马、谄媚之人	p‘ah ’mô sè		拍馬山		549		true	自旧档汇入	2026-04-13T01:27:08+08:00
Sycophante	sm.	Enjôleur	哄骗、拍马、谄媚之人	’ts‘è mei’ wong’ zeng ke’		諂媚奉承个		549		true	自旧档汇入	2026-04-13T01:27:08+08:00
Syllabe	sf.		音，音节	yen		音		549		true	自旧档汇入	2026-04-13T01:27:08+08:00
Syllabe	sf.		音，音节	ze’ yen		字音		549		true	自旧档汇入	2026-04-13T01:27:08+08:00
Syllabe	sf.		音，音节	fen yen		分音		549		true	自旧档汇入	2026-04-13T01:27:08+08:00
Sylvestre	sm.		西尔韦斯特	si-’eul-véh-se-teh-leh		西爾物斯德肋		549		true	自旧档汇入	2026-04-13T01:27:08+08:00
Symbole	sm.		象征，符号	’pi faong		比方		549		true	自旧档汇入	2026-04-13T01:27:08+08:00
Symbole	sm.		象征，符号	’piao ki’ (ming)		表記（明）		549		true	自旧档汇入	2026-04-13T01:27:08+08:00
Symbole	sm.	- des Apôtres	使徒信经	sin’ kieng		信經		549		true	自旧档汇入	2026-04-13T01:27:08+08:00
Symétrique	adj.		对称的，匀称的	yang’ seh siang tei’		樣式相對		549		true	自旧档汇入	2026-04-13T01:27:08+08:00
Symétrique	adj.		对称的，匀称的	siang ts‘eng’		相稱		549		true	自旧档汇入	2026-04-13T01:27:08+08:00
Sympathie	sf.	Compassion	同情心	ai’ lié tse sin		愛憐之心		549		true	自旧档汇入	2026-04-13T01:27:08+08:00
Sympathique	adj.		一致的，心性相通的	i’ k‘i’ siang dong ke’		意氣相同个		549		true	自旧档汇入	2026-04-13T01:27:08+08:00
Sympathique	adj.		一致的，心性相通的	tse sin ke’		知心个		549		true	自旧档汇入	2026-04-13T01:27:08+08:00
Sympathiser	vn.		体贴，抱有同感，恻隐	’t‘i t‘ih		體貼		549		true	自旧档汇入	2026-04-13T01:27:08+08:00
Sympathiser	vn.		体贴，抱有同感，恻隐	t‘ong’ ’yang siang koè		痛癢相關		549		true	自旧档汇入	2026-04-13T01:27:08+08:00
Sympathiser	vn.		体贴，抱有同感，恻隐	ts‘eh ’yen		惻隱		549		true	自旧档汇入	2026-04-13T01:27:08+08:00
Sympathiser	vn.	- par pitié	体谅，体恤，共情	’t‘i liang’		體諒		549		true	自旧档汇入	2026-04-13T01:27:08+08:00
Sympathiser	vn.	- par pitié	体谅，体恤，共情	’t‘i sieh		體恤		549		true	自旧档汇入	2026-04-13T01:27:08+08:00
Sympathiser	vn.	- par pitié	体谅，体恤，共情	héh sin héh i’		合心合意		549		true	自旧档汇入	2026-04-13T01:27:08+08:00
Symptôme	sm.	de maladie	病情，病势	bing’ zing		病情		549		true	自旧档汇入	2026-04-13T01:27:08+08:00
Symptôme	sm.	de maladie	病情，病势	bing’ ke’ zing tsih		病个情節		549		true	自旧档汇入	2026-04-13T01:27:08+08:00
Symptôme	sm.	de maladie	病情，病势	bing’ se’		病勢		549		true	自旧档汇入	2026-04-13T01:27:08+08:00
Symptôme	sm.	- d'un évènement	先兆	sié zao’		先兆		549		true	自旧档汇入	2026-04-13T01:27:08+08:00
Synagogue	sf.		古教堂	’kou kiao’ daong		古教堂		549		true	自旧档汇入	2026-04-13T01:27:08+08:00
Synagogue	sf.		犹太教堂	yeû-t‘a’ kiao’ daong		猶太教堂		549		true	自旧档汇入	2026-04-13T01:27:08+08:00
Synchronisme	sm.		同时	dong ze		同時		549		true	自旧档汇入	2026-04-13T01:27:08+08:00
Syncope	sf.	Tomber en -	晕厥，昏厥	yun’		暈		549		true	自旧档汇入	2026-04-13T01:27:08+08:00
Syncope	sf.	Tomber en -	晕厥，昏厥	’maong k‘i’		懵去		549	待定	true	自旧档汇入	2026-04-13T01:27:08+08:00
Syncope	sf.	Tomber en -	晕厥，昏厥	hoen tse k‘i’	h‘oen tse k‘i’	昏之去		549		true	自旧档汇入	2026-04-13T01:27:08+08:00
Synode	sm.		公会议，主教会议	kong gni’		公議		549		true	自旧档汇入	2026-04-13T01:27:08+08:00
Synonyme	sm.		同义字	i’ se siang dong ke’ ze’		意思相同个字		549		true	自旧档汇入	2026-04-13T01:27:08+08:00
Synoptique	adj.	(Tableau)	大纲，总目	’tsong moh (’piao)		總目（表）		549		true	自旧档汇入	2026-04-13T01:27:08+08:00
Syntaxe	sf.		句法	zao’ kiu’ fèh		造句法		549		true	自旧档汇入	2026-04-13T01:27:08+08:00
Syntaxe	sf.		文法	wen fèh (koei)		文法（規）		549		true	自旧档汇入	2026-04-13T01:27:08+08:00
Système	sm.	Méthode	方法	fèh ’tse		法子		550		true	自旧档汇入	2026-04-13T01:27:08+08:00
Système	sm.	Méthode	格式	kah seh		格式		550		true	自旧档汇入	2026-04-13T01:27:08+08:00
Système	sm.	Manière d'expilquer	一个说法（讲究）	ih ke’ seh sou’ (’kaong kieû’)		一个説數（講究）		550	中文解释不确定	true	自旧档汇入	2026-04-13T01:27:08+08:00
Système	sm.	#NAME?	米制，公制	zéh bei’ mai’ taong’ fèh		十倍邁當法		550		true	自旧档汇入	2026-04-13T01:27:08+08:00
Ta	adj.	Ton	你的	nong’ ke’		儂个		550		true	自旧档汇入	2026-04-13T01:27:08+08:00
Ta	adj.	Ton	是你的	ze’ nong’ ke’		自儂个	是儂个	550		true	自旧档汇入	2026-04-13T01:27:08+08:00
Tabac	sm.		烟	yé		烟		550	保留簡體	true	自旧档汇入	2026-04-13T01:27:08+08:00
Tabac	sm.		旱烟	heu’ yé		旱烟		550		true	自旧档汇入	2026-04-13T01:27:08+08:00
Tabac	sm.		水烟	’se yé		水烟		550		true	自旧档汇入	2026-04-13T01:27:08+08:00
Tabac	sm.	- à priser	鼻烟	bieh yé		鼻烟		550		true	自旧档汇入	2026-04-13T01:27:08+08:00
Tabatière	sf.		鼻烟盒子	bieh yé hèh ’tse [ih tsah]		鼻烟盒子[一隻]		550		true	自旧档汇入	2026-04-13T01:27:08+08:00
Tabernacle	sm. (C.)		圣体龛	seng’ ’t‘i k‘é ’tse		聖體龕子		550		true	自旧档汇入	2026-04-13T01:27:08+08:00
Table	sf.	- à manger	台子[一只]	dai ’tse [ih tsah]		檯子[一隻]		550	待定	true	自旧档汇入	2026-04-13T01:27:08+08:00
Table	sf.	- à manger	桌子	tsoh ’tse		桌子		550		true	自旧档汇入	2026-04-13T01:27:08+08:00
Table	sf.	#NAME?	圆台	yeu dai		圓檯		550		true	自旧档汇入	2026-04-13T01:27:08+08:00
Table	sf.	#NAME?	方台	faong dai		方檯		550		true	自旧档汇入	2026-04-13T01:27:08+08:00
Table	sf.	- avec tiroir	有抽屉的台子	ts‘eû deû dai		抽頭檯		550		true	自旧档汇入	2026-04-13T01:27:08+08:00
Table	sf.	- à thé	茶几	zouo ’ki		茶几		550	标红处原文看不清	true	自旧档汇入	2026-04-13T01:27:08+08:00
Table	sf.	- carrée pour 8 personnes	八仙桌	pèh sié dai (tsoh)		八仙檯（桌）		550		true	自旧档汇入	2026-04-13T01:27:08+08:00
Table	sf.	Se mettre à -	开饭	k‘ai vè’		開飯		550		true	自旧档汇入	2026-04-13T01:27:08+08:00
Table	sf.	Se mettre à -	入席	zéh zieh		入席		550		true	自旧档汇入	2026-04-13T01:27:08+08:00
Table	sf. (C.)	La Sainte - 	圣餐台	’ling seng’ ’t‘i lè keu		領聖禮欄杆		550		true	自旧档汇入	2026-04-13T01:27:08+08:00
Table	sf.	- des matières	目录	moh lôh		目録		550		true	自旧档汇入	2026-04-13T01:27:08+08:00
Tableau	sm.	Peinture	画	wo’		畫		550		true	自旧档汇入	2026-04-13T01:27:08+08:00
Tableau	sm.	Peinture	油画[一幅]	yeû wo’ [ih foh]		油畫[一幅]		550		true	自旧档汇入	2026-04-13T01:27:08+08:00
Tableau	sm.	- oblong, sur rouleau	画轴[一幅]	wo’ ghiôh [ih foh]		畫軸[一幅]		550	标红处原文看不清	true	自旧档汇入	2026-04-13T01:27:08+08:00
Tableau	sm.	Image	画像	ziang’ 		像		550		true	自旧档汇入	2026-04-13T01:27:08+08:00
Tableau	sm.	Paysage	景致	’kieng tse’		景緻	景致	550		true	自旧档汇入	2026-04-13T01:27:08+08:00
Tableau	sm.	#NAME?	黑板	h‘eh ’pè		黑板		550		true	自旧档汇入	2026-04-13T01:27:08+08:00
Tablette	sf.		小木板[一块]	’siao moh ’pè [ih k‘oei’]		小木板[一塊]		550		true	自旧档汇入	2026-04-13T01:27:08+08:00
Tablette	sf.	#NAME?	匾[一只]	’pié [ih tsah]		匾[一隻]		550		true	自旧档汇入	2026-04-13T01:27:08+08:00
Tablette	sf.	#NAME?	对[一副]	tei’ [ih fou’]		對[一副]		550	中文解释不明	true	自旧档汇入	2026-04-13T01:27:08+08:00
Tablette	sf.	- des ancêtres	牌位	ba wei’		牌位		550		true	自旧档汇入	2026-04-13T01:27:08+08:00
Tablette	sf.	- ,, ,, (Pa.)	神主牌	zen ’tsu ba		神主牌		550		true	自旧档汇入	2026-04-13T01:27:08+08:00
Tablette	sf.	- ,, ,, (Pa.)	灵牌，灵位	ling ba (wei’)		靈牌（位）		550		true	自旧档汇入	2026-04-13T01:27:08+08:00
Tablier	sm.		围裙[一条]	yu sen (yao) [ih diao]		紆身（腰）[一條]	圍身（腰）[一條]	550		true	自旧档汇入	2026-04-13T01:27:08+08:00
Tablier	sm.	- d'ouvrier	工作罩衫	tsoh ghiun		作裙		550		true	自旧档汇入	2026-04-13T01:27:08+08:00
Tablier	sm.	- de femme	围裙	yu ghiun		紆裙	圍裙	550		true	自旧档汇入	2026-04-13T01:27:08+08:00
Tabouret	sm.		凳子	ngéh ’tse		杌子		550		true	自旧档汇入	2026-04-13T01:27:08+08:00
Tabouret	sm.		凳[一隻]	teng’ [ih tsah]		凳[一隻]		550		true	自旧档汇入	2026-04-13T01:27:08+08:00
Tache	sf.		斑点，污点，瑕疵	pè tié’		班玷	斑玷	550		true	自旧档汇入	2026-04-13T01:27:08+08:00
Tache	sf.		斑点，污点，瑕疵	tsih ’daong		迹蕩		550	待定	true	自旧档汇入	2026-04-13T01:27:08+08:00
Tache	sf.		斑点，污点，瑕疵	lei’ tsih		累迹		550		true	自旧档汇入	2026-04-13T01:27:08+08:00
Tache	sf.	- de grasse	油腻	yeû gni’		油膩		550	标红处原文看不清	true	自旧档汇入	2026-04-13T01:27:08+08:00
Tâche	sf.		工作，营生，任务	kong fou		工夫		550		true	自旧档汇入	2026-04-13T01:27:08+08:00
Tâche	sf.		工作，营生，任务	yong seng	yong sang	營生		550	待定 	true	自旧档汇入	2026-04-13T01:27:08+08:00
Tâche	sf.		工作，营生，任务	kong k‘ou’		工課		550	待定	true	自旧档汇入	2026-04-13T01:27:08+08:00
Tâche	sf.	Travail à la - (aux pièces)	工作，营生，任务	pao kong sang wéh		包工生活		550		true	自旧档汇入	2026-04-13T01:27:08+08:00
Taché	adj.	d'encre	沾上污迹的	t‘èh meh tsih		搨墨迹		550		true	自旧档汇入	2026-04-13T01:27:08+08:00
Tacher	va.		弄脏，使沾上污迹	t‘èh lei’		搨累		550		true	自旧档汇入	2026-04-13T01:27:08+08:00
Tacher	va.		弄脏，使沾上污迹	long’ oh ts‘oh		弄龌龊		550		true	自旧档汇入	2026-04-13T01:27:08+08:00
Tacher	va.		弄脏，使沾上污迹	bang’ lèh t‘èh		碰邋遢		550		true	自旧档汇入	2026-04-13T01:27:08+08:00
Tâcher	vn.		努力，尽力	’mié lih		勉力		550		true	自旧档汇入	2026-04-13T01:27:08+08:00
Tâcher	vn.		努力，尽力	ts‘éh lih		出力		550		true	自旧档汇入	2026-04-13T01:27:08+08:00
Tâcher	vn.		努力，尽力	yong’ lih (kong)		用力（工）		550		true	自旧档汇入	2026-04-13T01:27:08+08:00
Tacheté	adj.		花斑的	h‘ouo pè ke’		花斑个		550		true	自旧档汇入	2026-04-13T01:27:08+08:00
Tacheté	adj.		有斑点的	’yeû pè wen ke’		有斑紋个		550		true	自旧档汇入	2026-04-13T01:27:08+08:00
Tacheté	adj.	Peau -e	花皮	h‘ouo bi		花皮		550		true	自旧档汇入	2026-04-13T01:27:08+08:00
Taciturne	adj.		不太说话的，寡言少语的（人）	véh kao hieng’ bah wo’ ke’ gnen		勿高興白話个人		550		true	自旧档汇入	2026-04-13T01:27:08+08:00
Taciturne	adj.		不太说话的，寡言少语的（人）	véh da’ ’hiang ke’		勿大响个		550	保留簡體	true	自旧档汇入	2026-04-13T01:27:08+08:00
Taciturne	adj.		不太说话的，寡言少语的（人）	’lang (yen) gnen		冷（陰）人		551		true	自旧档汇入	2026-04-13T01:27:08+08:00
Tact	sm.		触摸	moh		摸		551		true	自旧档汇入	2026-04-13T01:27:08+08:00
Tact	sm.		触碰	’dong		動		551		true	自旧档汇入	2026-04-13T01:27:08+08:00
Tact	sm.		知觉	tse koh		知覺		551		true	自旧档汇入	2026-04-13T01:27:08+08:00
Tact	sm. Fig.		有眼力	’yeû ’ngè lih		有眼力		551		true	自旧档汇入	2026-04-13T01:27:08+08:00
Tact	sm. Fig.		有件事	’yeû kié’ seh		有見識		551		true	自旧档汇入	2026-04-13T01:27:08+08:00
Tact	sm. Fig.	Manquer de - dans ses paroles	说话不知深浅	seh wo’ véh ’hiao teh sen ’ts‘ié		説話勿曉得深淺		551		true	自旧档汇入	2026-04-13T01:27:08+08:00
Tactique	sf.		兵法	ping fèh		兵法		551		true	自旧档汇入	2026-04-13T01:27:08+08:00
Tactique	sf.	militaire	武艺	’wou gni’		武藝		551		true	自旧档汇入	2026-04-13T01:27:08+08:00
Tael	sm.	(Un) Once d'argent	一两银子	ih ’liang gnen ’tse		一兩銀子		551		true	自旧档汇入	2026-04-13T01:27:08+08:00
Tael	sm.	(Un) Once d'argent	十钱	zéh zié		十錢		551		true	自旧档汇入	2026-04-13T01:27:08+08:00
Tael	sm.	- des douanes	关银	koè ’liang		關兩		551		true	自旧档汇入	2026-04-13T01:27:08+08:00
Tael	sm.	- des douanes	关平两	koè bing gnen		關平銀		551		true	自旧档汇入	2026-04-13T01:27:08+08:00
Tael	sm.	- du trésor	库银	k‘ou’ ’liang		庫兩		551		true	自旧档汇入	2026-04-13T01:27:08+08:00
Tael	sm.	- du trésor	库平两	k‘ou’ bing gnen		庫平銀		551		true	自旧档汇入	2026-04-13T01:27:08+08:00
Taffetas	sm.		塔夫绸，绢	kieu’		絹		551		true	自旧档汇入	2026-04-13T01:27:08+08:00
Taie	sf.	d'oreiller	枕套	’tsen deû dai’ (i, t‘ao’)		枕頭袋（衣，套）		551		true	自旧档汇入	2026-04-13T01:27:08+08:00
Taillanderie	sf.		制铁器的人	tsou’ t‘ih k‘i’ ka sang		做鐵器傢生		551		true	自旧档汇入	2026-04-13T01:27:08+08:00
Taille	sf.	Stature	身高，个子	sen p‘ei zang ’teu		身胚長短		551		true	自旧档汇入	2026-04-13T01:27:08+08:00
Taille	sf.	Stature	身高，个子	sen diao		身條		551		true	自旧档汇入	2026-04-13T01:27:08+08:00
Taille	sf.	Être de grande -	长得高	sen p‘ei zang dou’		身胚長大		551		true	自旧档汇入	2026-04-13T01:27:08+08:00
Taille	sf.	Être de grande -	长得高	zang diao ’tse		長條子		551		true	自旧档汇入	2026-04-13T01:27:08+08:00
Taille	sf.	Reins	腰	yao		腰		551		true	自旧档汇入	2026-04-13T01:27:08+08:00
Taille	sf.	#NAME?	细腰	si’ yao		細腰		551		true	自旧档汇入	2026-04-13T01:27:08+08:00
Taille	sf.	Pierre de -	易切石，琢石	teu’ ’la ke’ zah deû		碫拉个石頭	鍛拉个石頭	551		true	自旧档汇入	2026-04-13T01:27:08+08:00
Tailler	va.	un crayon	削铅笔	siah k‘è pieh		削鉛筆		551		true	自旧档汇入	2026-04-13T01:27:08+08:00
Tailler	va.	- un arbre	修树枝	sieû t‘éh zu’ o tse		修脱樹椏枝		551		true	自旧档汇入	2026-04-13T01:27:08+08:00
Tailler	va.	- des habits	裁减衣服，修剪版型	zai i zaong		裁衣裳		551		true	自旧档汇入	2026-04-13T01:27:08+08:00
Tailler	va.	- des habits	裁减衣服，修剪版型	zai yang’ ’tse		裁樣子		551		true	自旧档汇入	2026-04-13T01:27:08+08:00
Tailler	va.	- des pierres	切石头	teu’ zah deû		碫石頭	鍛石頭	551		true	自旧档汇入	2026-04-13T01:27:08+08:00
Tailler	va.	- ,, ,, précieuses	雕琢玉石	tiao tsôh gnôh zah		雕琢玉石		551		true	自旧档汇入	2026-04-13T01:27:08+08:00
Tailleur	sm.	d'habits	裁缝	zai wong		裁縫		551		true	自旧档汇入	2026-04-13T01:27:08+08:00
Tailleur	sm.	d'habits	裁缝	zai (zeng) i se wou’		裁（成）衣司務		551		true	自旧档汇入	2026-04-13T01:27:08+08:00
Tailleur	sm.	- de pierres	石匠	zah ziang’		石匠		551		true	自旧档汇入	2026-04-13T01:27:08+08:00
Taire	va.	qqch	保守，不流露	meh ’la		默拉		551		true	自旧档汇入	2026-04-13T01:27:08+08:00
Taire	va.	qqch	保守，不流露	véh wo’ ts‘éh lai		勿話出來		551		true	自旧档汇入	2026-04-13T01:27:08+08:00
Taire	vr.	Se -	不做声	véh ’hiang sa’		勿响啥		551	保留簡體	true	自旧档汇入	2026-04-13T01:27:08+08:00
Taire	vr.	Taisez-vous !	不要说话！	véh yao’ ’hiang		勿要响		551	保留簡體	true	自旧档汇入	2026-04-13T01:27:08+08:00
Taire	vr.	Taisez-vous !	安静！	’zing ’la		静拉		551		true	自旧档汇入	2026-04-13T01:27:08+08:00
Taire	vr.	Faire -	不许开口	véh ’hiu k‘ai ’k‘eû		勿許開口		551	此处应该为va.?	true	自旧档汇入	2026-04-13T01:27:08+08:00
Taire	vr.	Faire -	使某人闭嘴	kien zu’		禁住		551	待定	true	自旧档汇入	2026-04-13T01:27:08+08:00
Tale	sm.		云母	yun ’mou zah		雲母石		551		true	自旧档汇入	2026-04-13T01:27:08+08:00
Tale	sm.	Poudre de -	云母粉	yun ’mou zah ’fen		雲母石粉		551		true	自旧档汇入	2026-04-13T01:27:08+08:00
Talent	sm.	Habileté	本领，才华，才能	’pen ze’		本事		551		true	自旧档汇入	2026-04-13T01:27:08+08:00
Talent	sm.	Habileté	本领，才华，才能	zai zing		才情		551		true	自旧档汇入	2026-04-13T01:27:08+08:00
Talent	sm.	Habileté	本领，才华，才能	neng keu’		能幹		551		true	自旧档汇入	2026-04-13T01:27:08+08:00
Talent	sm.	Homme de -	有本领的人	’yeû dou’ ’pen ze’ ke’ gnen		有大本事个人		551		true	自旧档汇入	2026-04-13T01:27:08+08:00
Talent	sm.	Dons naturels	天赋，天资	t‘ié zai		天才		551		true	自旧档汇入	2026-04-13T01:27:08+08:00
Talent	sm.	Dons naturels	天赋，天资	tse tseh		資質		551		true	自旧档汇入	2026-04-13T01:27:08+08:00
Talisman	sm. (Pa.)		护符	wou		符		551		true	自旧档汇入	2026-04-13T01:27:08+08:00
Talon	sm.		脚跟	kiah ken		脚跟		551		true	自旧档汇入	2026-04-13T01:27:08+08:00
Talonner	va.	Presser	催促跟紧，紧跟不放	kiao’ gnen ’keu ’kien		叫人趕緊		551	中文解释不确定	true	自旧档汇入	2026-04-13T01:27:08+08:00
Talonner	va.	Presser	催促跟紧，紧跟不放	ts‘u		催		551		true	自旧档汇入	2026-04-13T01:27:08+08:00
Talonner	va.	Poursuivre de près 	赶紧跟上，追上	’keu ’kien ken saong’ k‘i’		赶緊跟上去		551	保留簡體	true	自旧档汇入	2026-04-13T01:27:08+08:00
Talonner	va.	Poursuivre de près 	赶紧跟上，追上	tsu teh zah		追得着		551		true	自旧档汇入	2026-04-13T01:27:08+08:00
Talus	sm.		斜坡	zia mié’		斜面		551		true	自旧档汇入	2026-04-13T01:27:08+08:00
Talus	sm.		岸	ngeu’		岸		551		true	自旧档汇入	2026-04-13T01:27:08+08:00
Talus	sm.		泥滩	gni (p‘ié) t‘è dou’		泥（偏）灘渡		551	待定	true	自旧档汇入	2026-04-13T01:27:08+08:00
Tamaris	sm.	Tamarix	柽柳	hong kieng		紅荊		552		true	自旧档汇入	2026-04-13T01:27:08+08:00
Tamaris	sm.	Tamarix	柽柳	ze se (si wou) lieû		垂絲（西河）柳		552	待定	true	自旧档汇入	2026-04-13T01:27:08+08:00
Tambour	sm.		鼓	’kou [ih tsah]		鼓[一隻]		552		true	自旧档汇入	2026-04-13T01:27:08+08:00
Tambour	sm.	Partir sans - ni trompette	不声不响地离去	’hiang véh ’hiang dao ’tseû ’tsé		响勿响逃走者		552	保留簡體	true	自旧档汇入	2026-04-13T01:27:08+08:00
Tambourin	sm.		手鼓，铃鼓	’seû ’kou		手鼓		552		true	自旧档汇入	2026-04-13T01:27:08+08:00
Tambourin	sm.		手鼓，铃鼓	yao daong ’kou		摇糖鼓		552		true	自旧档汇入	2026-04-13T01:27:08+08:00
Tamis	sm.		筛子[一只]	sa (se) ’tse [ih tsah]		篩子[一隻]	篩（簁）子[一隻]	552		true	自旧档汇入	2026-04-13T01:27:08+08:00
Tamis	sm.		绷筛	pang se		綳篩	綳簁	552		true	自旧档汇入	2026-04-13T01:27:08+08:00
Tamis	sm.		簸箕	pou’ ki		簸箕		552		true	自旧档汇入	2026-04-13T01:27:08+08:00
Tamiser	va.		筛，过筛	sa (se) 		篩	篩（簁）	552		true	自旧档汇入	2026-04-13T01:27:08+08:00
Tamiser	va.		筛，过筛	pou		簸		552	待定 鄰近不同	true	自旧档汇入	2026-04-13T01:27:08+08:00
Tamiser	va.		筛，过筛	yang’		颺		552	待定	true	自旧档汇入	2026-04-13T01:27:08+08:00
Tampon	sm.		塞子	seh deû (’tse)		塞頭（子）		552		true	自旧档汇入	2026-04-13T01:27:08+08:00
Tampon	sm.		软木塞	’gneu moh tsen		軟木椹		552		true	自旧档汇入	2026-04-13T01:27:08+08:00
Tamponner	va.		塞住	seh ’la laong’		塞拉上		552		true	自旧档汇入	2026-04-13T01:27:08+08:00
Tam-tam	sm.		锣[一面」	lou [ih mié’]		鑼[一面]		552		true	自旧档汇入	2026-04-13T01:27:08+08:00
Tam-tam	sm.		金锣	kien lou		金鑼		552		true	自旧档汇入	2026-04-13T01:27:08+08:00
Tam-tam	sm.	Battre le -	敲锣	k‘ao (sa) lou		敲（揌）鑼	敲（？）鑼	552		true	自旧档汇入	2026-04-13T01:27:08+08:00
Tancer	va.	qqn.	埋怨（责备）某人一顿	ma yeû’ (tsah bei’) i ih ten’		埋怨（責備）伊一頓		552		true	自旧档汇入	2026-04-13T01:27:08+08:00
Tangage	sm.		纵摇，前后颠簸	zao zaong’ zao ’hao tié lai		朝上朝下顛來		552		true	自旧档汇入	2026-04-13T01:27:08+08:00
Tangage	sm.		纵摇，前后颠簸	tsao’ lai		躁來		552		true	自旧档汇入	2026-04-13T01:27:08+08:00
Tangente	sf.		正切	tseng’ ts‘ih		正切		552		true	自旧档汇入	2026-04-13T01:27:08+08:00
Tangente	sf.		切线	ts‘ih sié’		切綫		552		true	自旧档汇入	2026-04-13T01:27:08+08:00
Tangible	adj.		可触知的	’seû moh teh zah ke’		手摸得着个		552		true	自旧档汇入	2026-04-13T01:27:08+08:00
Tanière	sf.		窝，洞，巢穴	k‘ou		窩	窠	552		true	自旧档汇入	2026-04-13T01:27:08+08:00
Tanière	sf.		窝，洞，巢穴	dong’		洞		552		true	自旧档汇入	2026-04-13T01:27:08+08:00
Tanné	adj.		熟皮	zôh bi		熟皮		552		true	自旧档汇入	2026-04-13T01:27:08+08:00
Tanné	adj.	Non -	生皮	sang bi		生皮		552		true	自旧档汇入	2026-04-13T01:27:08+08:00
Tanner	va.	avec de l'alun	鞣制皮革	wè bi		礬皮		552		true	自旧档汇入	2026-04-13T01:27:08+08:00
Tanner	va.	- avec un sel de soude	硝皮	siao bi		硝皮		552		true	自旧档汇入	2026-04-13T01:27:08+08:00
Tanneur	sm.		硝皮匠	siao bi ziang’		硝皮匠		552		true	自旧档汇入	2026-04-13T01:27:08+08:00
Tant	adv.		如此，那么多	zéh kai’		實盖		552	待定	true	自旧档汇入	2026-04-13T01:27:08+08:00
Tant	adv.		如此，那么多	di’ ke’ neng		第个能		552		true	自旧档汇入	2026-04-13T01:27:08+08:00
Tant	adv.		如此，那么多	zu ’ts‘e		如此		552		true	自旧档汇入	2026-04-13T01:27:08+08:00
Tant	adv.	- par tête	人均	koh gnen zah keu		各人若干		552		true	自旧档汇入	2026-04-13T01:27:08+08:00
Tant	adv.	Je ne puis pas faire - d'ouvrage.	我不能做如此多工作	’ngou véh neng keû’ tsou’ kai’ sing (kou’ tei) sang wéh		我勿能彀做概星（箇堆）生活	？？	552	另作“盖”	true	自旧档汇入	2026-04-13T01:27:08+08:00
Tant	adv.	En - que. Cf. Comme	作为… 	tsou’ … 		做… 		552		true	自旧档汇入	2026-04-13T01:27:08+08:00
Tant	loc.conj.	#NAME?	当...	… ke’ ze heû’ méh		…个時候末		552		true	自旧档汇入	2026-04-13T01:27:08+08:00
Tant	adv.	- que je vivrai, je ne le permettrai pas.	只要我活着，我就不会允许。	’ngou wéh ’la méh ’ngou ’tsong véh ’hiu		我活拉末我總勿許		552		true	自旧档汇入	2026-04-13T01:27:08+08:00
Tant	adv.	- mieux !	最好不过，没有更好	’ting ’h‘ao		頂好		552		true	自旧档汇入	2026-04-13T01:27:08+08:00
Tant	adv.	- mieux !	最好不过，没有更好	tsai’ ’h‘ao m méh		再好無末	再好嘸末	552		true	自旧档汇入	2026-04-13T01:27:08+08:00
Tante	sf.	Sœur aînée	姑母	kou ’mou		姑母		552		true	自旧档汇入	2026-04-13T01:27:08+08:00
Tante	sf.	Sœur cadette du père	姑姑	kou gnang		姑娘		552		true	自旧档汇入	2026-04-13T01:27:08+08:00
Tante	sf.	Sœur cadette du père	姑姑	gnang gnang		娘娘		552		true	自旧档汇入	2026-04-13T01:27:08+08:00
Tante	sf.	Femme de son aîné	伯母	pah ’mou		伯母		552		true	自旧档汇入	2026-04-13T01:27:08+08:00
Tante	sf.	Femme de son aîné	伯母	ma ma		媽媽		552		true	自旧档汇入	2026-04-13T01:27:08+08:00
Tante	sf.	,, de son cadet	婶婶	’sen gnang (’mou)		嬸娘（母）		552		true	自旧档汇入	2026-04-13T01:27:08+08:00
Tante	sf.	,, de son cadet	婶婶	’sen ’sen		嬸嬸		552		true	自旧档汇入	2026-04-13T01:27:08+08:00
Tante	sf.	,, de son cadet	婶婶	soh ’mou	sôh ’mou	叔母		552		true	自旧档汇入	2026-04-13T01:27:08+08:00
Tante	sf.	Sœur aînée de la mère	大姨	dou’ i	dou’ yi	大姨		552		true	自旧档汇入	2026-04-13T01:27:08+08:00
Tante	sf.	,, cadette ,, ,, ,,	姨妈	gnang i	gnang yi	娘姨		552		true	自旧档汇入	2026-04-13T01:27:08+08:00
Tante	sf.	,, cadette ,, ,, ,,	姨妈	i ’mou	yi ’mou	姨母		552		true	自旧档汇入	2026-04-13T01:27:08+08:00
Tante	sf.	Femme d'un frère de la mère	舅妈	’ghieû ma (’mou)		舅媽（母）		553		true	自旧档汇入	2026-04-13T01:27:08+08:00
Tantinet	sm.		稍微	’sao wei		少微		553		true	自旧档汇入	2026-04-13T01:27:08+08:00
Tantinet	sm.		一点点	ih si si (’tié ’tié)		一些些（點點）		553		true	自旧档汇入	2026-04-13T01:27:08+08:00
Tantôt	adv.	Il ya peu de temps	刚才，不久前	k‘èh k‘èh		恰恰		553		true	自旧档汇入	2026-04-13T01:27:08+08:00
Tantôt	adv.	Il ya peu de temps	刚才，不久前	kiang kiang		剛剛		553		true	自旧档汇入	2026-04-13T01:27:08+08:00
Tantôt	adv.	Il ya peu de temps	刚才，不久前	véh tou hiéh		勿多歇		553		true	自旧档汇入	2026-04-13T01:27:08+08:00
Tantôt	adv.	[Futur]	一会儿以后	’teng ih hiéh		等一歇		553		true	自旧档汇入	2026-04-13T01:27:08+08:00
Tantôt	adv.	Tantôt… tantôt	时而…时而… 	’yeû zang ze … ’yeû zang ze		有常時…有常時		553		true	自旧档汇入	2026-04-13T01:27:08+08:00
Tantôt	adv.	#NAME?	一会儿好一会儿坏	ih hiéh ’h‘ao ih hiéh k‘ieû		一歇好一歇恘		553		true	自旧档汇入	2026-04-13T01:27:08+08:00
Tantôt	adv.	Il fait - froid - chaud.	天一会儿冷一会儿热	t‘ié ih ’lang ih gnéh		天一冷一熱		553		true	自旧档汇入	2026-04-13T01:27:08+08:00
Tantôt	adv.	Il fait - froid - chaud.	天一会儿冷一会儿热	yao’ méh ’lang yao’ méh gnéh		要末冷要末熱		553		true	自旧档汇入	2026-04-13T01:27:08+08:00
Tantôt	adv.	À - !	晚些见，下午见	è’ hiéh wei’		晚歇會	晏歇會	553		true	自旧档汇入	2026-04-13T01:27:08+08:00
Taoïsme	sm.		道教	dao’ kiao’		道教		553		true	自旧档汇入	2026-04-13T01:27:08+08:00
Taoïste	sm.		道士	dao’ ’ze	dao’ ze’	道士		553		true	自旧档汇入	2026-04-13T01:27:08+08:00
Taon	sm.		虻	maong yeng		蝱蠅		553		true	自旧档汇入	2026-04-13T01:27:08+08:00
Tapage	sm.		吵闹	nao’		鬧		553		true	自旧档汇入	2026-04-13T01:27:08+08:00
Tapage	sm.	Faire du -	吵闹，吵吵嚷嚷	tsou’ (’ts‘ao, tsang’) nao’		做（吵，挣）鬧	做（吵，争）鬧	553	待定	true	自旧档汇入	2026-04-13T01:27:08+08:00
Tapage	sm.	Faire du -	吵闹，吵吵嚷嚷	wou ’ts‘ao wou nao’		糊吵糊鬧	胡吵胡鬧	553		true	自旧档汇入	2026-04-13T01:27:08+08:00
Tapageur	sm.		吵闹的	tsou’ nao’ ke’		做鬧个		553		true	自旧档汇入	2026-04-13T01:27:08+08:00
Tapageur	sm.		吵闹的	’ts‘ao nao’ ke’		吵鬧个		553		true	自旧档汇入	2026-04-13T01:27:08+08:00
Tape	sf.		（用手）拍打，掌掴	’pouo ’tsang	pouo ’tsang	把掌	巴掌	553	待定 特殊	true	自旧档汇入	2026-04-13T01:27:08+08:00
Taper	va.		拍	p‘ah 		拍		553		true	自旧档汇入	2026-04-13T01:27:08+08:00
Taper	va.		打	’tang		打		553		true	自旧档汇入	2026-04-13T01:27:08+08:00
Tapinois	loc.adv.		偷偷地	t‘eû bé’ ’tse		偷伴子		553		true	自旧档汇入	2026-04-13T01:27:08+08:00
Tapis	sm.		毛毯	mao t‘è		毛毯		553		true	自旧档汇入	2026-04-13T01:27:08+08:00
Tapis	sm.		毡毯	tsé t‘è [ih diao]		氈毯		553		true	自旧档汇入	2026-04-13T01:27:08+08:00
Tapisser	va. 	un mur	用挂毯、帷幔等装饰	wo’ ziang		畫墻		553		true	自旧档汇入	2026-04-13T01:27:08+08:00
Tapisser	va. 	un mur	用挂毯、帷幔等装饰	tsaong ’ts‘ai		裝彩		553		true	自旧档汇入	2026-04-13T01:27:08+08:00
Taquiner	va.		逗弄，戏弄	’tang bang		打棚		553		true	自旧档汇入	2026-04-13T01:27:08+08:00
Taquiner	va.		逗弄，戏弄	lou sou		囉唆		553		true	自旧档汇入	2026-04-13T01:27:08+08:00
Taquiner	va.		逗弄，戏弄	’za ’fè ’fè		惹反反		553	待定	true	自旧档汇入	2026-04-13T01:27:08+08:00
Taquiner	va.		逗弄，戏弄	zin k‘ai sin		尋開心		553		true	自旧档汇入	2026-04-13T01:27:08+08:00
Tarare	sm.		风车	fong ts‘ouo		風車		553		true	自旧档汇入	2026-04-13T01:27:08+08:00
Tard	adv.		晚	è’		晚	晏	553		true	自旧档汇入	2026-04-13T01:27:08+08:00
Tard	adv.		迟	ze		遲		553		true	自旧档汇入	2026-04-13T01:27:08+08:00
Tard	adv.		慢	mè’		慢		553		true	自旧档汇入	2026-04-13T01:27:08+08:00
Tard	adv.	Tôt ou -	或早或晚	’tsao ’tié è’ ’tié		早点晚点	早点晏点	553		true	自旧档汇入	2026-04-13T01:27:08+08:00
Tard	adv.	Plus -. Dans la suite	以后，后来，过后	heû’ lai ’tié		後來点		553		true	自旧档汇入	2026-04-13T01:27:08+08:00
Tard	adv.	Plus -. Dans la suite	以后，后来，过后	’wé ’liang gnéh		緩兩日		553		true	自旧档汇入	2026-04-13T01:27:08+08:00
Tard	adv.	Plus -. Dans la suite	以后，后来，过后	tsiang lai		將來		553		true	自旧档汇入	2026-04-13T01:27:08+08:00
Tard	adv.	Il est venu trop -.	来得晚	lai teh è’ (mè’)		來得晚（慢）	來得晏（慢）	553	待定	true	自旧档汇入	2026-04-13T01:27:08+08:00
Tarder	vn.		迟缓	ze ’wé		遲緩		553		true	自旧档汇入	2026-04-13T01:27:08+08:00
Tarder	vn.		耽搁	tè koh		耽擱		553		true	自旧档汇入	2026-04-13T01:27:08+08:00
Tarder	vn.	Sans -	马上，立刻	’mô zaong’		馬上		553		true	自旧档汇入	2026-04-13T01:27:08+08:00
Tarder	vn.	Sans -	马上，立刻	lih k‘eh		立刻		553		true	自旧档汇入	2026-04-13T01:27:08+08:00
Tarder	vn.	Sans -	马上，立刻	zieû’		就		553		true	自旧档汇入	2026-04-13T01:27:08+08:00
Tarder	vn.	Il me tarde de	急于，急迫地想要	ts‘ih maong’		切望		553		true	自旧档汇入	2026-04-13T01:27:08+08:00
Tarder	vn.	Il me tarde de	急于，急迫地想要	maong’ sèh		望殺		553		true	自旧档汇入	2026-04-13T01:27:08+08:00
Tardif	adj.		晚的，迟的	mè’		慢		553		true	自旧档汇入	2026-04-13T01:27:08+08:00
Tardif	adj.		晚的，迟的	è’		晚	晏	553		true	自旧档汇入	2026-04-13T01:27:08+08:00
Tare	sf.	Tache	瑕疵，毛病	pè ’tié		斑玷		553		true	自旧档汇入	2026-04-13T01:27:08+08:00
Tare	sf.	Déchet	瑕疵，毛病	zéh ’hao		實下		553	中文解释不确定	true	自旧档汇入	2026-04-13T01:27:08+08:00
Tare	sf.	Déduire la -	减少皮重	zu bi		除皮		553		true	自旧档汇入	2026-04-13T01:27:08+08:00
Tarière	sf.		钻子[一把]	dou’ tseu’ [ih ’pouo]		大鑽[一把]		553		true	自旧档汇入	2026-04-13T01:27:08+08:00
Tarif	sm.		价目表	ka’ moh tè		價目單		553		true	自旧档汇入	2026-04-13T01:27:08+08:00
Tarif	sm.	- de la douane	海关税则	tsang zeng		章程		553		true	自旧档汇入	2026-04-13T01:27:08+08:00
Tarif	sm.	#NAME?	额数	ngah sou’		額數		553		true	自旧档汇入	2026-04-13T01:27:08+08:00
Tarir	va. et n.		弄干，干	keu		乾		553		true	自旧档汇入	2026-04-13T01:27:08+08:00
Tarir	va. et n.		弄干，干	long’ keu		弄乾		553		true	自旧档汇入	2026-04-13T01:27:08+08:00
Tarir	va. et n.	Ne pas - de louanges	称赞不停	véh zu’ ’tse tsè’ ’mei		勿住嘴贊美		553		true	自旧档汇入	2026-04-13T01:27:08+08:00
Taro	sm.		芋头	yu’ deû		芋頭		553		true	自旧档汇入	2026-04-13T01:27:08+08:00
Taro	sm.		芋艿	yu’ ’na		芋艿		553		true	自旧档汇入	2026-04-13T01:27:08+08:00
Tarse	sm.		腿腕子	’t‘ei ’wè ’tse		腿腕子		553		true	自旧档汇入	2026-04-13T01:27:08+08:00
Tarse	sm.		腿腕子	kiah ’kieng		脚脛		553		true	自旧档汇入	2026-04-13T01:27:08+08:00
Tartare	sm.		鞑靼人	ghi ’hao gnen		旗下人		553		true	自旧档汇入	2026-04-13T01:27:08+08:00
Tartare	sm.		鞑靼人	tèh ’tse		韃子		553		true	自旧档汇入	2026-04-13T01:27:08+08:00
Tas	sm.		一堆	ih tei (t‘è)		一堆（攤）		554		true	自旧档汇入	2026-04-13T01:27:08+08:00
Tas	sm.	Mettre en -	堆起来	tei ’k‘i lai		堆起來		554		true	自旧档汇入	2026-04-13T01:27:08+08:00
Tasse	sf.		碗[一只]	’wé [ih tsah]		碗[一隻]		554		true	自旧档汇入	2026-04-13T01:27:08+08:00
Tasse	sf.	- à thé	茶碗	zouo ’wé		茶碗		554		true	自旧档汇入	2026-04-13T01:27:08+08:00
Tasse	sf.	- à thé avec couvercle	盖碗	’kai ’wé		蓋碗		554		true	自旧档汇入	2026-04-13T01:27:08+08:00
Tasse	sf.	Une - de thé	一碗茶	ih ’wé zouo		一碗茶		554		true	自旧档汇入	2026-04-13T01:27:08+08:00
Tasse	sf.	Une - d'eau	一碗水	ih ’wé ’se		一碗水		554		true	自旧档汇入	2026-04-13T01:27:08+08:00
Tâter	va.		触摸，摸一摸	moh ih moh		摸一摸		554		true	自旧档汇入	2026-04-13T01:27:08+08:00
Tâter	va.		触摸，摸一摸	koang’ ih koang’		撗一撗		554	待定	true	自旧档汇入	2026-04-13T01:27:08+08:00
Tâter	va.	Essayer	试一试	se’ ih se’		試一試		554		true	自旧档汇入	2026-04-13T01:27:08+08:00
Tâtonner	vn.		摸，摸索	moh		摸		554		true	自旧档汇入	2026-04-13T01:27:08+08:00
Tâtonner	vn.		摸，摸索	kaong’		撗		554		true	自旧档汇入	2026-04-13T01:27:08+08:00
Tâtonner	vn.		摸，摸索	moh ’lao ’tseû		摸咾走		554		true	自旧档汇入	2026-04-13T01:27:08+08:00
Tâtons	loc.adv.	(Aller à)	摸索着	moh moh		摸摸		554		true	自旧档汇入	2026-04-13T01:27:08+08:00
Tâtons	loc.adv.	(Aller à)	摸索着	é’ dong’ ’li moh k‘i’		暗洞裏摸去		554		true	自旧档汇入	2026-04-13T01:27:08+08:00
Tatouer	va.		刺花纹	tsen ts‘e’		針刺		554		true	自旧档汇入	2026-04-13T01:27:08+08:00
Taupe	sf.		鼹鼠，田鼠	di’ waong ’lao ’se		地黄老鼠		554		true	自旧档汇入	2026-04-13T01:27:08+08:00
Taupe	sf.		鼹鼠，田鼠	dié ’se		田鼠		554		true	自旧档汇入	2026-04-13T01:27:08+08:00
Taureau	sm.		公牛，牯牛[一只]	sao gneû		臊牛		554		true	自旧档汇入	2026-04-13T01:27:08+08:00
Taureau	sm.		公牛，牯牛[一只]	’kou gneû [ih tsah]		牯牛[一隻]		554		true	自旧档汇入	2026-04-13T01:27:08+08:00
Taureau	sm.	Constellation de -	金牛座	pieh sieû’		畢宿		554		true	自旧档汇入	2026-04-13T01:27:08+08:00
Taux	sm.	Prix déterminé	行情，价格	haong zing		行情		554		true	自旧档汇入	2026-04-13T01:27:08+08:00
Taux	sm.	Prix déterminé	行情，价格	ze ka’		時價		554		true	自旧档汇入	2026-04-13T01:27:08+08:00
Taux	sm.	Prix déterminé	百分率，额数	ngah sou’		額數		554		true	自旧档汇入	2026-04-13T01:27:08+08:00
Taux	sm.	- de l'intérêt	利润，利息	li’ dié		利錢		554		true	自旧档汇入	2026-04-13T01:27:08+08:00
Taux	sm.	- de l'intérêt	利润，利息	’k‘i sieh		起息		554		true	自旧档汇入	2026-04-13T01:27:08+08:00
Taverne	sf.		酒馆[一家]	’tsieû koé’ [ih bè]		酒館[一爿]		554		true	自旧档汇入	2026-04-13T01:27:08+08:00
Taxe	sf.	Impôt	捐税，税	kieu		捐		554		true	自旧档汇入	2026-04-13T01:27:08+08:00
Taxe	sf.	Impôt	捐税，税	su’		税		554		true	自旧档汇入	2026-04-13T01:27:08+08:00
Taxe	sf.	Impôt	捐税，税	liang		糧		554		true	自旧档汇入	2026-04-13T01:27:08+08:00
Taxe	sf.	Payer les -s	纳税	wé su’		完税		554		true	自旧档汇入	2026-04-13T01:27:08+08:00
Taxe	sf.	Exempter de la -	免税	’mié su’		免税		554		true	自旧档汇入	2026-04-13T01:27:08+08:00
Taxe	sf.	Tarif officiel [denrées]	关税	koé ka’		官價		554		true	自旧档汇入	2026-04-13T01:27:08+08:00
Te	pron.		你，你们	nong’		儂		554		true	自旧档汇入	2026-04-13T01:27:08+08:00
Te	pron.		你，你们	ze’ nong’		自儂	是儂	554		true	自旧档汇入	2026-04-13T01:27:08+08:00
Teck	sm.	Tek	柚木	yeû moh		油木		554		true	自旧档汇入	2026-04-13T01:27:08+08:00
Teigne	sf.		头癣	lah li deû		[疒臘]痢頭	瘌痢頭	554	原作“[疒臘]痢頭”	true	自旧档汇入	2026-04-13T01:27:08+08:00
Teigne	sf.		头癣	lah li		[疒臘]痢	瘌痢	554	原作“[疒臘]痢”	true	自旧档汇入	2026-04-13T01:27:08+08:00
Teigneux	adj.		生头癣的	lah li deû ke’		[疒臘]痢頭个	瘌痢頭个	554	原作“[疒臘]痢頭个”	true	自旧档汇入	2026-04-13T01:27:08+08:00
Teigneux	adj.		生头癣的	lah ’tse		[疒臘]子	瘌子	554	原作“[疒臘]子”	true	自旧档汇入	2026-04-13T01:27:08+08:00
Teiller	va.	le chanvre	（将亚麻等）碎茎， 统麻， 打麻	pôh mô		剥麻		554		true	自旧档汇入	2026-04-13T01:27:08+08:00
Teindre	va.		染色	’gné		染		554		true	自旧档汇入	2026-04-13T01:27:08+08:00
Teindre	va.		染色	’gné ngè seh		染顔色		554		true	自旧档汇入	2026-04-13T01:27:08+08:00
Teint	sm.	du visage	面色，脸色	mié’ seh		面色		554		true	自旧档汇入	2026-04-13T01:27:08+08:00
Teinture	sf.		染色，颜色	ngè seh		顔色		554		true	自旧档汇入	2026-04-13T01:27:08+08:00
Teinturerie	sf.		染坊	’gné pou’ tié’		染布店		554		true	自旧档汇入	2026-04-13T01:27:08+08:00
Teinturerie	sf.		染坊	’gné faong		染坊		554		true	自旧档汇入	2026-04-13T01:27:08+08:00
Teinturier	sm.		染匠，染布工人	’gné pou’ se wou’		染布司務		554		true	自旧档汇入	2026-04-13T01:27:08+08:00
Tel	adj.	De cette espèce	这样的，如此的，这等的	di’ ke’ yang’ ’tse		第个樣子		554		true	自旧档汇入	2026-04-13T01:27:08+08:00
Tel	adj.	De cette espèce	这样的，如此的，这等的	kou’ ke’ yang’ ’tse		箇个樣子		554		true	自旧档汇入	2026-04-13T01:27:08+08:00
Tel	adj.	De cette espèce	这样的，如此的，这等的	zéh kai’		實蓋		554		true	自旧档汇入	2026-04-13T01:27:08+08:00
Tel	adj.	De cette espèce	这样的，如此的，这等的	zéh ka’ neng		實介能		554		true	自旧档汇入	2026-04-13T01:27:08+08:00
Tel	adj.	#NAME?	好树结好果	’h‘ao zu’ kiéh ’h‘ao kou ’tse	’h‘ao zu’ kiéh ’h‘ao ’kou ’tse	好樹結好果子		554		true	自旧档汇入	2026-04-13T01:27:08+08:00
Tel	adj.	#NAME?	有其主必有其仆	zaong’ péh tseng’ ’ya ts‘é ts‘e		上不正，下參差		554	待定 格式 參差	true	自旧档汇入	2026-04-13T01:27:08+08:00
Tel	sm.	Un - ,,	某人	’meû gnen		某人		554		true	自旧档汇入	2026-04-13T01:27:08+08:00
Télégramme	sm.		电报	dié’ pao’		電報		554		true	自旧档汇入	2026-04-13T01:27:08+08:00
Télégramme	sm.		电信	dié’ sin’		電信		554		true	自旧档汇入	2026-04-13T01:27:08+08:00
Télégraphe	sm.		电线	dié’ sié’		電綫		554		true	自旧档汇入	2026-04-13T01:27:08+08:00
Télégraphe	sm.	Bureau du -	电报局	dié’ pao’ ghiôh		電報局		554		true	自旧档汇入	2026-04-13T01:27:08+08:00
Téléphone	sm.		电话	teh-lih-fong		德律風		554		true	自旧档汇入	2026-04-13T01:27:08+08:00
Télescope	sm.		望远镜[一个」	ts‘ié ’li kieng’ [ih ke’]		千里鏡[一个]		555		true	自旧档汇入	2026-04-13T01:27:08+08:00
Télescope	sm.		天文望远镜	maong’ sing kieng’		望星鏡		555		true	自旧档汇入	2026-04-13T01:27:08+08:00
Tellement	adv.	- que Cf. Tant	以致	’se teh		使得		555	原羅馬字前注有“Cf.Tant.”	true	自旧档汇入	2026-04-13T01:27:08+08:00
Téméraire	adj.	Imprudent	冒险的	mao’ ’hié		冒險		555		true	自旧档汇入	2026-04-13T01:27:08+08:00
Téméraire	adj.	Imprudent	活泼的	wéh p‘éh		活潑		555		true	自旧档汇入	2026-04-13T01:27:08+08:00
Téméraire	adj.	Imprudent	莽撞的	ts‘ang’ ’maong	ts‘aong’ ’maong	闖莽	倉忙	555	待定 特殊 一作“蒼茫”/“蒼忙”/“倉忙”	true	自旧档汇入	2026-04-13T01:27:08+08:00
Téméraire	adj.	Imprudent	不管死活的	véh ’koé ’si wéh ke’		勿管死活个		555		true	自旧档汇入	2026-04-13T01:27:08+08:00
Téméraire	adj.	Mal fondé.	无凭无据的	m bing m kiu’ ke’		無憑無據个	嘸憑嘸據个	555		true	自旧档汇入	2026-04-13T01:27:08+08:00
Téméraire	adj.	Jugement -	轻率的判断	hèh p‘é’ teu’	h‘èh p‘é’ teu’	瞎判斷		555		true	自旧档汇入	2026-04-13T01:27:08+08:00
Témérairement	adv.		鲁莽地，冒冒失失地	hèh tsou’	h‘èh tsou’	瞎做		555		true	自旧档汇入	2026-04-13T01:27:08+08:00
Témérairement	adv.		鲁莽地，冒冒失失地	ts‘ang’ ts‘ang’ ’maong ’maong	ts‘aong’ ts‘aong’ ’maong ’maong	闖闖莽莽		555		true	自旧档汇入	2026-04-13T01:27:08+08:00
Témérairement	adv.	Accuser -	诬告，冤枉	waong’ kao’		妄告		555		true	自旧档汇入	2026-04-13T01:27:08+08:00
Témérairement	adv.	Accuser -	诬告，冤枉	hèh kao’	h‘èh kao’	瞎告		555		true	自旧档汇入	2026-04-13T01:27:08+08:00
Témérairement	adv.	Accuser -	诬告，冤枉	yeu ’waong		冤枉		555		true	自旧档汇入	2026-04-13T01:27:08+08:00
Témérairement	adv.	Accuser -	诬告，冤枉	’ngao ih ’k‘eû		咬一口		555		true	自旧档汇入	2026-04-13T01:27:08+08:00
Témoignage	sm.		证据，证明	tsoh tseng’		作證		555		true	自旧档汇入	2026-04-13T01:27:08+08:00
Témoignage	sm.		证据，证明	tseng’ kiu’		證據		555		true	自旧档汇入	2026-04-13T01:27:08+08:00
Témoignage	sm.		把柄	’pouo ping’		把柄		555		true	自旧档汇入	2026-04-13T01:27:08+08:00
Témoignage	sm.		凭证	bing kiu’		憑據		555		true	自旧档汇入	2026-04-13T01:27:08+08:00
Témoignage	sm.	Porter faux - contre qqn.	举假证诬告某人	waong’ tseng’ i		妄証伊		555		true	自旧档汇入	2026-04-13T01:27:08+08:00
Témoignage	sm.	Aveu du coupable	口供	’k‘eû kong	’k‘eû kong’	口供		555		true	自旧档汇入	2026-04-13T01:27:08+08:00
Témoignage	sm.	Aveu du coupable	口供	ze’ tsao		自招		555		true	自旧档汇入	2026-04-13T01:27:08+08:00
Témoigner	va.		表现，表明	fèh hié’	fèh ’hié	發顯		555		true	自旧档汇入	2026-04-13T01:27:08+08:00
Témoigner	va.		表现，表明	fèh ts‘éh lai		發出來		555		true	自旧档汇入	2026-04-13T01:27:08+08:00
Témoigner	va.	- sa reconnaissance	表现出好心	fèh ts‘éh ’h‘ao liang sin		發出好良心		555	中文解释不确定	true	自旧档汇入	2026-04-13T01:27:08+08:00
Témoigner	vn.	-	作证	tsoh (tei’) tseng’		作（對）証		555		true	自旧档汇入	2026-04-13T01:27:08+08:00
Témoigner	vn.	-	作证	tsou’ keu tseng’		做干證		555		true	自旧档汇入	2026-04-13T01:27:08+08:00
Témoigner	vn.	- de l'innocence de qqn.	证明他无罪	tsoh tseng’ i m sa’ zu’		作証伊没啥罪	作証伊嘸啥罪	555		true	自旧档汇入	2026-04-13T01:27:08+08:00
Témoin	sm.		见证者	kié’ (keu) tseng’		見（干）證		555		true	自旧档汇入	2026-04-13T01:27:08+08:00
Témoin	sm.		见证者	kié’ gnen		見人		555		true	自旧档汇入	2026-04-13T01:27:08+08:00
Témoin	sm.	Dieu m'est - que …	天主知晓	T‘ié ’tsu ’hiao teh		天主曉得		555		true	自旧档汇入	2026-04-13T01:27:08+08:00
Témoin	sm.	En appeler à - le ciel et la terre (Pa.)	上有天下有地	zaong’ deû ’yeu t‘ié ’hao deû ’yeû di’	zaong’ deû ’yeû t‘ié ’hao deû ’yeû di’	上頭有天下頭有地		555		true	自旧档汇入	2026-04-13T01:27:08+08:00
Témoin	sm.	En appeler à - le ciel et la terre (Pa.)	天地为证	t‘ié di’ ’hiao teh		天地曉得		555		true	自旧档汇入	2026-04-13T01:27:08+08:00
Tempe	sf.		太阳穴	t‘a’ yang		太陽		555		true	自旧档汇入	2026-04-13T01:27:08+08:00
Tempe	sf.		太阳穴	deû koh		頭角		555		true	自旧档汇入	2026-04-13T01:27:08+08:00
Tempérament	sm.		体质，气质	’t‘i k‘i’		體氣		555		true	自旧档汇入	2026-04-13T01:27:08+08:00
Tempérament	sm.		体质，气质	k‘i’ kaong		氣綱		555		true	自旧档汇入	2026-04-13T01:27:08+08:00
Tempérament	sm.	Caractère	脾气	bi k‘i’		脾氣		555		true	自旧档汇入	2026-04-13T01:27:08+08:00
Tempérament	sm.	Caractère	性格	sing’ ’tse (kaong)		性子（綱）		555		true	自旧档汇入	2026-04-13T01:27:08+08:00
Tempérament	sm.	User de -	宽待（原谅）别人	k‘oé ’dai (gneu liang’) biéh gnen		寬待（原諒）别人		555		true	自旧档汇入	2026-04-13T01:27:08+08:00
Tempérance	sf.		节制	tsih tse’		節制		555		true	自旧档汇入	2026-04-13T01:27:08+08:00
Tempérance	sf.	Vertu de -	节俭的美德	tsih teh		節德		555		true	自旧档汇入	2026-04-13T01:27:08+08:00
Tempérant	adj.		有节制的	’yeû tsih tse’		有節制		555		true	自旧档汇入	2026-04-13T01:27:08+08:00
Tempérant	adj.		有节制的	seû teh zu’		收得住		555		true	自旧档汇入	2026-04-13T01:27:08+08:00
Température	sf.		气温，天气	t‘ié seh (k‘i’)		天色（氣）		555		true	自旧档汇入	2026-04-13T01:27:08+08:00
Température	sf.		气温，天气	’lang gnéh		冷熱		555		true	自旧档汇入	2026-04-13T01:27:08+08:00
Tempéré	adj.		温和的，温暖的	wen wou		温和		555		true	自旧档汇入	2026-04-13T01:27:08+08:00
Tempéré	adj.		温和的，温暖的	wou ’neu		和暖		555		true	自旧档汇入	2026-04-13T01:27:08+08:00
Tempéré	adj.		温和的，温暖的	véh ’lang véh gnéh		勿冷勿熱		555		true	自旧档汇入	2026-04-13T01:27:08+08:00
Tempérer	va.		使缓和，使减弱，克制	diao wou		調和		555		true	自旧档汇入	2026-04-13T01:27:08+08:00
Tempérer	va.		使缓和，使减弱，克制	hè’ tse’		限制		555		true	自旧档汇入	2026-04-13T01:27:08+08:00
Tempérer	va.		使缓和，使减弱，克制	tsao’ liang’		照量		555		true	自旧档汇入	2026-04-13T01:27:08+08:00
Tempête	sf.		风暴，暴风雨	fong zao (pao’)		風潮（暴）		555		true	自旧档汇入	2026-04-13T01:27:08+08:00
Tempête	sf.		风暴，暴风雨	wang fong wang ’yu		横風横雨		555		true	自旧档汇入	2026-04-13T01:27:08+08:00
Tempêter	vn.		大发雷霆，生气，怒骂	’ts‘ao		吵		555	待定	true	自旧档汇入	2026-04-13T01:27:08+08:00
Tempêter	vn.		大发雷霆，生气，怒骂	nao’		鬧		555		true	自旧档汇入	2026-04-13T01:27:08+08:00
Tempêter	vn.		大发雷霆，生气，怒骂	tsang’		挣	？	555	待定	true	自旧档汇入	2026-04-13T01:27:08+08:00
Tempêter	vn.		大发雷霆，生气，怒骂	fèh ’h‘ou		發火		555		true	自旧档汇入	2026-04-13T01:27:08+08:00
Temple	sm.		圣堂[一间]	daong [ih tsah]		堂[一隻]		555		true	自旧档汇入	2026-04-13T01:27:08+08:00
Temporaire	adj		暂时的	véh zang ’yeu(’kieû)		勿長遠（久）		556		true	自旧档汇入	2026-04-13T01:27:08+08:00
Temporaire	adj		暂时的	zè’ ze ke’		暫時个		556		true	自旧档汇入	2026-04-13T01:27:08+08:00
Temporairement	adv		临时地	zè’ ze (’ts‘ié)		暫時（且）		556		true	自旧档汇入	2026-04-13T01:27:08+08:00
Temporairement	adv		临时地	véh zang ’kieû		勿長久		556		true	自旧档汇入	2026-04-13T01:27:08+08:00
Temporiser	vn		等待时机	t‘ou zang ze heû’		拖長時候		556		true	自旧档汇入	2026-04-13T01:27:08+08:00
Temporel	adj		短暂的	se’ ka’ laong’ ke’		世界上个		556		true	自旧档汇入	2026-04-13T01:27:08+08:00
Temporel	adj		短暂的	se’ zôh ke’		世俗个		556		true	自旧档汇入	2026-04-13T01:27:08+08:00
Temps	sm	Époque	时代	ze heû’		時候		556		true	自旧档汇入	2026-04-13T01:27:08+08:00
Temps	sm	Avec le --	渐渐	zié’ zié’ tse		漸漸之		556		true	自旧档汇入	2026-04-13T01:27:08+08:00
Temps	sm	En même --	同一时间	ih zi		一齊		556		true	自旧档汇入	2026-04-13T01:27:08+08:00
Temps	sm	En même --	同一时间	dong ze ke’		同時个		556		true	自旧档汇入	2026-04-13T01:27:08+08:00
Temps	sm	En même --	同一时间	ih ke’ ze heû’		一个時候		556		true	自旧档汇入	2026-04-13T01:27:08+08:00
Temps	sm	À --	及时	héh ze ke’		合時个		556		true	自旧档汇入	2026-04-13T01:27:08+08:00
Temps	sm	À --	及时	tseng’ ’h‘ao		正好		556		true	自旧档汇入	2026-04-13T01:27:08+08:00
Temps	sm	Il y a qq --	有一段时间	’lao ’tsao		老早		556		true	自旧档汇入	2026-04-13T01:27:08+08:00
Temps	sm	Il y a qq --	有一段时间	’yeû ih hiéh		有一歇		556		true	自旧档汇入	2026-04-13T01:27:08+08:00
Temps	sm	Tout le -- du voyage il a plu	旅行途中一直下雨	ih lou’ laong’ loh ’yu		一路上落雨		556		true	自旧档汇入	2026-04-13T01:27:08+08:00
Temps	sm	De tout --	从古至今	zong ’kou ’i lai		從古以來		556		true	自旧档汇入	2026-04-13T01:27:08+08:00
Temps	sm	De tout --	从古至今	ih hiang’ ’hao lai		一向下來		556		true	自旧档汇入	2026-04-13T01:27:08+08:00
Temps	sm	En ,, --.À chaque instant	时时刻刻	ze ze k‘eh k‘eh		時時刻刻		556		true	自旧档汇入	2026-04-13T01:27:08+08:00
Temps	sm	De -- en --	时不时	’yeû ze heû’		有時候		556		true	自旧档汇入	2026-04-13T01:27:08+08:00
Temps	sm	De -- en --	时不时	péh zang		不常		556		true	自旧档汇入	2026-04-13T01:27:08+08:00
Temps	sm	De -- en --	时不时	zang ze’	zang ze	常時		556		true	自旧档汇入	2026-04-13T01:27:08+08:00
Temps	sm	La plupart du --	大多数时候	koè’ zang		慣常		556		true	自旧档汇入	2026-04-13T01:27:08+08:00
Temps	sm	,, ,, il n'est pas chez lui	大多数时间他不在家	da’ pé’ kong fou véh ’la ôh ’li		大半工夫勿拉屋裏		556		true	自旧档汇入	2026-04-13T01:27:08+08:00
Temps	sm	État de l'atmosphère	天气	t‘ié k‘i’		天氣		556		true	自旧档汇入	2026-04-13T01:27:08+08:00
Temps	sm	État de l'atmosphère	天气	t‘ié		天		556		true	自旧档汇入	2026-04-13T01:27:08+08:00
Temps	sm	Quel -- fait-il ？	天气如何	t‘ié k‘i’ ’na neng？		天氣那能		556		true	自旧档汇入	2026-04-13T01:27:08+08:00
Temps	sm	Durée	时常	kong fou		工夫		556		true	自旧档汇入	2026-04-13T01:27:08+08:00
Temps	sm	Loisir	玩乐	k‘ong’		空		556		true	自旧档汇入	2026-04-13T01:27:08+08:00
Temps	sm	Je n'ai pas le --	我没时间	m méh kong fou		無末工夫	嘸末工夫	556		true	自旧档汇入	2026-04-13T01:27:08+08:00
Temps	sm	Je n'ai pas le --	我没时间	véh loh k‘ong’		勿落空		556		true	自旧档汇入	2026-04-13T01:27:08+08:00
Temps	sm	Perdre le --	失去时间	fèh t‘éh(fi’ diao’) kong fou		發脱（费掉）工夫		556	待定	true	自旧档汇入	2026-04-13T01:27:08+08:00
Temps	sm	Perdre le --	失去时间	k‘ong’ fi’ t‘éh ze heû’	k‘ong fi’ t‘éh ze heû’	空費脱時候		556		true	自旧档汇入	2026-04-13T01:27:08+08:00
Temps	sm	Tuer le --. Faire des riens pr s'occuper	什么事情也没做	siao mô kong fou		消磨工夫		556		true	自旧档汇入	2026-04-13T01:27:08+08:00
Temps	sm	Tuer le --. Faire des riens pr s'occuper	什么事情也没做	siao siao hè		消消閑		556		true	自旧档汇入	2026-04-13T01:27:08+08:00
Temps	sm	Le -- vaut de l'or	时间就是金钱	ih ts‘en’ koang yen ih ts‘en’ kien		一寸光陰一寸金		556		true	自旧档汇入	2026-04-13T01:27:08+08:00
Temps	sm	Combien de -- ？	多长时间？	’ki ze？		幾時		556		true	自旧档汇入	2026-04-13T01:27:08+08:00
Temps	sm	Prendre du --. Cela prend beaucoup de --	需要时间，这要很长时间	’tang kong fou 		打工夫		556		true	自旧档汇入	2026-04-13T01:27:08+08:00
Temps	sm	Prendre du --. Cela prend beaucoup de --	需要时间，这要很长时间	fi’ t‘éh sing kong fou		費脱星工夫	費脱？工夫	556		true	自旧档汇入	2026-04-13T01:27:08+08:00
Temps	sm	Prendre du --. Cela prend beaucoup de --	需要时间，这要很长时间	laong’ laong’ tèh tèh		朗朗搭搭	浪浪搭搭	556	待定	true	自旧档汇入	2026-04-13T01:27:08+08:00
Temps	sm	Prendre du --. Cela prend beaucoup de --	需要时间，这要很长时间	kong fou fèh t‘éh ’li 		工夫發脱裏		556		true	自旧档汇入	2026-04-13T01:27:08+08:00
Temps	sm	Prendre son -- : à son aise	慢慢来	su su zu zu (ts‘ong ts‘ong yong yong)tsou’ ze’ ’t‘i		舒舒如如（從從容容）做事體		556		true	自旧档汇入	2026-04-13T01:27:08+08:00
Temps	sm	Se donner du bon --	享福	hè daong’		閑宕	閑趤	556		true	自旧档汇入	2026-04-13T01:27:08+08:00
Temps	sm	Se donner du bon --	享福	hè yeû laong’ daong’		閑游朗宕	閑游[走良]趤	556		true	自旧档汇入	2026-04-13T01:27:08+08:00
Tenable	adj	Habitable	可居住的	teng teh zu’(lao)ke’		登得住（牢）个		556		true	自旧档汇入	2026-04-13T01:27:08+08:00
Tenable	adj	Pas --. Insupportable	不可忍受	’zen véh zu’ ke’		忍勿住个		556	待定	true	自旧档汇入	2026-04-13T01:27:08+08:00
Tenace	adj	【Caractère】	性格	kou’ tséh		固執		556		true	自旧档汇入	2026-04-13T01:27:08+08:00
Tenace	adj	【Caractère】	性格	kiu tséh		拘執		556		true	自旧档汇入	2026-04-13T01:27:08+08:00
Tenace	adj	Mémoire --	记忆力好	lao ki’		牢記		556		true	自旧档汇入	2026-04-13T01:27:08+08:00
Tenace	adj	Mémoire --	记忆力好	ki’ sing’ ’h‘ao		記性好		556		true	自旧档汇入	2026-04-13T01:27:08+08:00
Tenaille	sf	Tenailles	钳子	ghié [ih ’pouo]		鉗[一把]		556		true	自旧档汇入	2026-04-13T01:27:08+08:00
Tenaille	sf	Tenailles	钳子	kèh ’tsié		夾剪		556		true	自旧档汇入	2026-04-13T01:27:08+08:00
Tenants	sm	etaboutissants	一块地产的四周邻接地	se’ ’tse		四址		556	不知道这个解释的法文单词是什么	true	自旧档汇入	2026-04-13T01:27:08+08:00
Tenants	sm	Fig.--,, ,, d'une affaire 	某件事情的来历	lai lih		來歷		557		true	自旧档汇入	2026-04-13T01:27:08+08:00
Tenants	sm	Fig.--,, ,, d'une affaire 	某件事情的来历	koang ’kieng		光景		557		true	自旧档汇入	2026-04-13T01:27:08+08:00
Tenants	sm	Fig.--,, ,, d'une affaire 	某件事情的来历	k‘iôh tséh		曲折		557		true	自旧档汇入	2026-04-13T01:27:08+08:00
Tendance	sf		倾向	sin hiang’		心向		557		true	自旧档汇入	2026-04-13T01:27:08+08:00
Tendance	sf	 -- mauvaise 	不良偏好	p‘ié hiang’		偏向		557		true	自旧档汇入	2026-04-13T01:27:08+08:00
Tendance	sf	Avoir une --	有偏好	tsé hiang’		專向		557		true	自旧档汇入	2026-04-13T01:27:08+08:00
Tendance	sf	Avoir une --	有偏好	ai’		愛		557		true	自旧档汇入	2026-04-13T01:27:08+08:00
Tendance	sf	Avoir une --	有偏好	h‘ao’		好		557		true	自旧档汇入	2026-04-13T01:27:08+08:00
Tendon	sm		腱	kien [ih diao]		筋[一條]		557		true	自旧档汇入	2026-04-13T01:27:08+08:00
Tendre	adj		柔软的	’gneu		軟		557		true	自旧档汇入	2026-04-13T01:27:08+08:00
Tendre	adj	Cœur --	心软	’gneu sin gnen		軟心人		557		true	自旧档汇入	2026-04-13T01:27:08+08:00
Tendre	adj	Amour --	温柔的爱	gnéh zing		熱情		557		true	自旧档汇入	2026-04-13T01:27:08+08:00
Tendre	adj	【Chose】--.Bien cuit	熟透了	nen’ ke’		嫩个		557		true	自旧档汇入	2026-04-13T01:27:08+08:00
Tendre	adj	【Chose】--.Bien cuit	熟透了	sao teh lè’(sou)		燒得爛（酥）		557		true	自旧档汇入	2026-04-13T01:27:08+08:00
Tendre	va	 -- un arc	拉弓	la kong		拉弓		557		true	自旧档汇入	2026-04-13T01:27:08+08:00
Tendre	va	 -- un arc	拉弓	p‘è kong		攀弓		557		true	自旧档汇入	2026-04-13T01:27:08+08:00
Tendre	va	Dresser : -- un piège	做圈套	tsou’ k‘ieu t‘ao’		做圈套		557		true	自旧档汇入	2026-04-13T01:27:08+08:00
Tendre	va	 -- le filet	张网	tsang ’maong		張網		557		true	自旧档汇入	2026-04-13T01:27:08+08:00
Tendre	va	Présenter : -- le cou	舒展脖子	sen zang deû ’kieng koéh		伸長頭頸骨		557		true	自旧档汇入	2026-04-13T01:27:08+08:00
Tendre	va	 -- la main	伸手	sen ts‘éh ’seû lai		伸出手來		557		true	自旧档汇入	2026-04-13T01:27:08+08:00
Tendre	vn	Aller vers. Avoir en vue	去…。看…	tao’(zao)…k‘i’		到（朝）…去		557		true	自旧档汇入	2026-04-13T01:27:08+08:00
Tendre	vn	Aller vers. Avoir en vue	去…。看…	’siang zah		想着		557		true	自旧档汇入	2026-04-13T01:27:08+08:00
Tendresse	sf		温柔	ts‘ih ai’ ke’ sin		切愛个心		557		true	自旧档汇入	2026-04-13T01:27:08+08:00
Tendrement	adv	Aimer	爱	gnéh ai’		熱愛		557		true	自旧档汇入	2026-04-13T01:27:08+08:00
Ténèbres	sf.pl	Dans les --	在黑暗中	é’ dong’ ’li		暗洞裏		557		true	自旧档汇入	2026-04-13T01:27:08+08:00
Ténèbres	sf.pl	Dans les --	在黑暗中	h‘eh ya’ ’li		黑夜裏		557		true	自旧档汇入	2026-04-13T01:27:08+08:00
Ténébreux	adj		黑暗的	meh h‘eh 		墨黑		557	一作“méh tséh h‘eh”	true	自旧档汇入	2026-04-13T01:27:08+08:00
Ténébreux	adj		黑暗的	ou é’		烏暗		557		true	自旧档汇入	2026-04-13T01:27:08+08:00
Teneur	sm	de livres	书	’koé tsang’		管賬		557		true	自旧档汇入	2026-04-13T01:27:08+08:00
Tenir	va	dans la main	在手里	gnèh(nao)’la ’seû ’li		捻（拏）拉手裏	捏（拏）拉手裏	557		true	自旧档汇入	2026-04-13T01:27:08+08:00
Tenir	va	dans la main	在手里	gnèh ih gnèh		捻一捻	捏一捏	557		true	自旧档汇入	2026-04-13T01:27:08+08:00
Tenir	va	dans la main	在手里	pong		[扌丰]	?	557		true	自旧档汇入	2026-04-13T01:27:08+08:00
Tenir	va	 -- ds les bras	在手臂中	’liang ’seû bao’ zah 		兩手抱着		557		true	自旧档汇入	2026-04-13T01:27:08+08:00
Tenir	va	 -- ds les bras	在手臂中	bao’ ’la hiong ’k‘eû deû		抱拉胸口頭		557		true	自旧档汇入	2026-04-13T01:27:08+08:00
Tenir	va	 -- dans la bouche	在嘴中	hé ’la ’tse ’li		含拉嘴裏		557		true	自旧档汇入	2026-04-13T01:27:08+08:00
Tenir	va	 -- dans le bec, la gueule	动物嘴中	hè ’la ’tse ’li		啣拉嘴裏	銜拉嘴裏	557		true	自旧档汇入	2026-04-13T01:27:08+08:00
Tenir	va	Contenir	装	zeng		盛		557		true	自旧档汇入	2026-04-13T01:27:08+08:00
Tenir	va	 -- une pinte	装一品脱	tsah teh loh ih seng		着得落一升		557		true	自旧档汇入	2026-04-13T01:27:08+08:00
Tenir	va	Ne pouvoir -(renfermer)	无法关住	tsaong véh loh		裝勿落		557		true	自旧档汇入	2026-04-13T01:27:08+08:00
Tenir	va	Accomplir : -- sa parole	信守诺言	wo’ ze’ zieû’ tsou’		話是就做		557		true	自旧档汇入	2026-04-13T01:27:08+08:00
Tenir	va	Réunir : -- assemblée	聚集	zu’ wei’		聚會		557		true	自旧档汇入	2026-04-13T01:27:08+08:00
Tenir	va	Réunir : -- assemblée	聚集	zu’ zih		聚集		557		true	自旧档汇入	2026-04-13T01:27:08+08:00
Tenir	va	Diriger : -- la maison	管理家庭	’koé ôh ’li ke’ ze’ ’t‘i		管屋裏个事體		557		true	自旧档汇入	2026-04-13T01:27:08+08:00
Tenir	va	 -- une boutique	开商店	k‘ai tié’		開店		557		true	自旧档汇入	2026-04-13T01:27:08+08:00
Tenir	va	 -- tête	抵住	’ti zu’		抵住		557		true	自旧档汇入	2026-04-13T01:27:08+08:00
Tenir	va	Ne pouvoir -,,	抵不住	’ti véh zu’		抵勿住		557		true	自旧档汇入	2026-04-13T01:27:08+08:00
Tenir	va	 -- tête en conversation	回嘴	wè(wei)’tse		還（回）嘴		557		true	自旧档汇入	2026-04-13T01:27:08+08:00
Tenir	va	 -- tête en conversation	回嘴	’ghiang pié’	’ghiang bié’	强辯		557	待定	true	自旧档汇入	2026-04-13T01:27:08+08:00
Tenir	va	 -- ses élèves de près	严格管理学生	’koé hoh sang ’tse ’koé teh ’kien		管學生子管得緊		557		true	自旧档汇入	2026-04-13T01:27:08+08:00
Tenir	vn	 -- à. être attaché	牵挂	’souo véh teh		捨勿得		557		true	自旧档汇入	2026-04-13T01:27:08+08:00
Tenir	vn	Ne pas -- à l'argent	不挂念金钱	véh k‘ié lié’ dong dié gnen ’tse		勿牽戀銅錢銀子		557		true	自旧档汇入	2026-04-13T01:27:08+08:00
Tenir	vn	Désirer	想要	wang yao’ ’zu yao’		横要竪要		558		true	自旧档汇入	2026-04-13T01:27:08+08:00
Tenir	vn	Désirer	想要	gneu’ i’		願意		558		true	自旧档汇入	2026-04-13T01:27:08+08:00
Tenir	vn	 -- à partir	愿意走	zéh fen gneu’ i’ ’tseû		十分願意走		558		true	自旧档汇入	2026-04-13T01:27:08+08:00
Tenir	vn	Je n'y tiens pas 	与我无关	wei’ ’ngou m sa’ koè i’		為我無啥關係	為我嘸啥關係	558		true	自旧档汇入	2026-04-13T01:27:08+08:00
Tenir	vn	Il ne tient pas à moi que	与我无关	véh ’la ’ngou ’seû ’li		勿拉我手裏		558		true	自旧档汇入	2026-04-13T01:27:08+08:00
Tenir	vn	Il ne tient pas à moi que	与我无关	véh yeû teh ’ngou		勿由得我		558		true	自旧档汇入	2026-04-13T01:27:08+08:00
Tenir	vn	Il n' a tenu à rien que	差一点就	ts‘ouo ih ’gnè(’tié)		差一眼（點）		558		true	自旧档汇入	2026-04-13T01:27:08+08:00
Tenir	vn	Il n' a tenu à rien que	差一点就	ki ki wou		幾幾乎		558		true	自旧档汇入	2026-04-13T01:27:08+08:00
Tenir	vn	Quand le besoin de fumer vient, je n'y puis -	当烟瘾来的时候，我无法抵御诱惑	’gné deû ih lai ’zen(ngao)véh zu’ ke’		癮頭一來忍（熬）勿住个	念頭一來忍（熬）勿住个	558	待定	true	自旧档汇入	2026-04-13T01:27:08+08:00
Tenir	vr	Se -- bien	本分	koei koei ’kiu ’kiu ke’		規規矩矩个		558		true	自旧档汇入	2026-04-13T01:27:08+08:00
Tenir	vr	Se -- bien	本分	’h‘ao ’pen ven’		好本分		558		true	自旧档汇入	2026-04-13T01:27:08+08:00
Tenir	vr	Se bien --. Veiller sur soi	警惕他人	’siao sin baong bei’		小心防備		558		true	自旧档汇入	2026-04-13T01:27:08+08:00
Tenir	vr	Se -- sur ses jambes 	站着	lih ’la		立拉		558		true	自旧档汇入	2026-04-13T01:27:08+08:00
Tenir	vr	Se -- sur ses jambes 	站着	zè’		站		558		true	自旧档汇入	2026-04-13T01:27:08+08:00
Tenir	vr	Fig. Cela ne se tient pas 	无头无尾	m deû m kiah (wi’)ke’	m deû m kiah (’wi)ke’	無頭無脚（尾）个	嘸頭嘸腳（尾）个	558	特殊 鄰近不同	true	自旧档汇入	2026-04-13T01:27:08+08:00
Tenir	vr	Tout se tient d'un bout à l'autre	首尾相连	zié heû’ siang tei’		前後相對		558		true	自旧档汇入	2026-04-13T01:27:08+08:00
Tenir	vr	Tout se tient d'un bout à l'autre	首尾相连	’seû ’wi siang yeng’		首尾相應		558		true	自旧档汇入	2026-04-13T01:27:08+08:00
Tenon	sm		榫	’sen deû		榫頭		558		true	自旧档汇入	2026-04-13T01:27:08+08:00
Tentation	sf		引诱	yeû’ ’ké		誘感		558		true	自旧档汇入	2026-04-13T01:27:08+08:00
Tentation	sf		引诱	’yen yeû’		引誘		558		true	自旧档汇入	2026-04-13T01:27:08+08:00
Tentation	sf	Concupiscence	贪欲	se yôh p‘ié zing		私欲偏情		558		true	自旧档汇入	2026-04-13T01:27:08+08:00
Tentation	sf	Entrainement du mon - de	由世俗诱惑所牵引	se’ zôh ke’ k‘ié lié		世俗个牽連		558		true	自旧档汇入	2026-04-13T01:27:08+08:00
Tentation	sf	Suggestion du démon	魔鬼的诱惑	mô ’kiu ke’ yeû’ ’ké		魔鬼个誘感		558		true	自旧档汇入	2026-04-13T01:27:08+08:00
Tente	sf		帐篷	bong tsang’		篷帳		558		true	自旧档汇入	2026-04-13T01:27:08+08:00
Tente	sf		帐篷	pou’ tsang’ bang 		布帳棚		558		true	自旧档汇入	2026-04-13T01:27:08+08:00
Tente	sf	 -- d'un camp	帐篷	yeng tsang’		營帳		558		true	自旧档汇入	2026-04-13T01:27:08+08:00
Tenter	va	Essayer, éprouver	尝试	se’ se’ k‘eu’		試試看		558		true	自旧档汇入	2026-04-13T01:27:08+08:00
Tenter	va	Essayer, éprouver	尝试	se’ fèh se’ fèh k‘eu’		試法試法看		558		true	自旧档汇入	2026-04-13T01:27:08+08:00
Tenter	va	Essayer, éprouver	尝试	se’ ih se’		試一試		558		true	自旧档汇入	2026-04-13T01:27:08+08:00
Tenter	va	Porter au mal	引诱	yeû’ ’ké		誘感		558		true	自旧档汇入	2026-04-13T01:27:08+08:00
Tenter	va	Porter au mal	引诱	’yen yeû’		引誘		558		true	自旧档汇入	2026-04-13T01:27:08+08:00
Tenter	va	 -- la fortune	赌运气	dou kiao yeng’		圖徼幸		558		true	自旧档汇入	2026-04-13T01:27:08+08:00
Tenter	va	 -- la fortune	赌运气	’tou zao’ h‘ouo’		賭造化		558		true	自旧档汇入	2026-04-13T01:27:08+08:00
Tenture	sf	Tapisserie	挂毯	’ts‘ai [ih diao]		彩[一條]		558		true	自旧档汇入	2026-04-13T01:27:08+08:00
Tenture	sf	Rideau	帘子	lié		簾		558	原作“[巾廉]”	true	自旧档汇入	2026-04-13T01:27:08+08:00
Tenture	sf	Rideau	帘子	tsang’ mé’		帳幔		558		true	自旧档汇入	2026-04-13T01:27:08+08:00
Tenture	sf	Rideau	帘子	tsang’ ’tse		帳子		558		true	自旧档汇入	2026-04-13T01:27:08+08:00
Tenture	sf	Mettre les --s à l'église	在教堂中挂毯	daong ’li kouo’ ’ts‘ai		堂裏掛彩		558		true	自旧档汇入	2026-04-13T01:27:08+08:00
Tenu	pp	à… 	应做…	kai taong…		該當…		558		true	自旧档汇入	2026-04-13T01:27:08+08:00
Tenu	pp	Bien --	管得好	’koé teh ’h‘ao		管得好		558		true	自旧档汇入	2026-04-13T01:27:08+08:00
Ténu	adj	Fin	细微	si’ wei(’siao)		細微（小）		558		true	自旧档汇入	2026-04-13T01:27:08+08:00
Tenue	sf	Maintien. CF. Tenir(se)	举止	yang’ ’tse		樣子		558		true	自旧档汇入	2026-04-13T01:27:08+08:00
Tenue	sf	Maintien. CF. Tenir(se)	举止	’p‘in yeng’(kah)		品行（格）		558		true	自旧档汇入	2026-04-13T01:27:08+08:00
Tenue	sf	Maintien. CF. Tenir(se)	举止	koéh kah(’tse)		骨格（子）		558		true	自旧档汇入	2026-04-13T01:27:08+08:00
Tenue	sf	Manquer de --	不像样子	véh ziang’ yang’		勿像樣		558		true	自旧档汇入	2026-04-13T01:27:08+08:00
Tenue	sf	Manquer de --	不像样子	véh ziang’ 		勿像		558		true	自旧档汇入	2026-04-13T01:27:08+08:00
Tenue	sf	Manquer de --	不像样子	k‘ieng weû(p‘iao)		輕浮（飄）		558		true	自旧档汇入	2026-04-13T01:27:08+08:00
Tenue	sf	Conduite : avoir une bonne --	循规蹈矩	zin koei dao’ ’kiu		循規蹈矩		558		true	自旧档汇入	2026-04-13T01:27:08+08:00
Tenue	sf	Conduite : avoir une bonne --	循规蹈矩	’p‘in yeng’ teu tseng’		品行端正		558		true	自旧档汇入	2026-04-13T01:27:08+08:00
Térébenthine	sf		松脂	song hiang yeû		松香油		558		true	自旧档汇入	2026-04-13T01:27:08+08:00
Tergiverser	vn		支吾	tiao nè		刁難		558	待定	true	自旧档汇入	2026-04-13T01:27:08+08:00
Tergiverser	vn		支吾	tsao sè mou se’	tsao sè mou’ se’	朝三暮四		558		true	自旧档汇入	2026-04-13T01:27:08+08:00
Terme	sm	Avoir un --	有期限	zin’ deû		盡頭		559		true	自旧档汇入	2026-04-13T01:27:08+08:00
Terme	sm	Temps fixé	限期	hè’ ghi		限期		559		true	自旧档汇入	2026-04-13T01:27:08+08:00
Terme	sm	Temps fixé	限期	gnéh ghi		日期		559		true	自旧档汇入	2026-04-13T01:27:08+08:00
Terme	sm	Le -- approche	到期	tao’ ghi		到期		559		true	自旧档汇入	2026-04-13T01:27:08+08:00
Terme	sm	Le -- approche	到期	lin ghi		臨期		559		true	自旧档汇入	2026-04-13T01:27:08+08:00
Terme	sm	Mot	话	seh wo’ 		説話		559		true	自旧档汇入	2026-04-13T01:27:08+08:00
Terme	sm	Mot	话	kiu’ ’tse		句子		559		true	自旧档汇入	2026-04-13T01:27:08+08:00
Terme	sm	Fig. être en bons --s 	大家都好	siang ’h‘ao		相好		559		true	自旧档汇入	2026-04-13T01:27:08+08:00
Terme	sm	Fig. être en bons --s 	大家都好	da’ ka wou moh		大家和睦		559		true	自旧档汇入	2026-04-13T01:27:08+08:00
Terminer	va	achever	结束	tsou’ zeng kong		做成功		559		true	自旧档汇入	2026-04-13T01:27:08+08:00
Terminer	va	achever	结束	tsou’ ’mé kong		做滿工		559		true	自旧档汇入	2026-04-13T01:27:08+08:00
Terminer	va	achever	结束	wé zié		完全		559		true	自旧档汇入	2026-04-13T01:27:08+08:00
Terminer	va	achever	结束	tsou’ ’h‘ao(wé)		做好（完）		559		true	自旧档汇入	2026-04-13T01:27:08+08:00
Terne	adj	sans éclat	没有光彩	véh liang’ ke’		勿亮个		559		true	自旧档汇入	2026-04-13T01:27:08+08:00
Terne	adj	sans éclat	没有光彩	m teh koang ’ts‘ai ke’		無得光彩个	嘸得光彩个	559		true	自旧档汇入	2026-04-13T01:27:08+08:00
Terne	adj	Couleur --	淡颜色	dè’ ngè seh		淡顔色		559		true	自旧档汇入	2026-04-13T01:27:08+08:00
Ternir	va	Se --	褪色	t‘ei’ seh		退色		559		true	自旧档汇入	2026-04-13T01:27:08+08:00
Ternir	va	Se --	褪色	ngè seh dè’ ’tsé		顔色淡者		559		true	自旧档汇入	2026-04-13T01:27:08+08:00
Ternir	va	 -- la réputation	坏人名声	wa’ biéh gnen ming sang		壞别人名聲		559		true	自旧档汇入	2026-04-13T01:27:08+08:00
Terrain	sm		地面	di’ bi 		地皮		559		true	自旧档汇入	2026-04-13T01:27:08+08:00
Terrain	sm		地面	di’ faong		地方		559		true	自旧档汇入	2026-04-13T01:27:08+08:00
Terrain	sm	 -- cultivé	田地	dié ’meû		田畝		559		true	自旧档汇入	2026-04-13T01:27:08+08:00
Terrasse	sf		平台	liang dai		凉臺		559		true	自旧档汇入	2026-04-13T01:27:08+08:00
Terrasse	sf		平台	zah zang		石場		559		true	自旧档汇入	2026-04-13T01:27:08+08:00
Terrasse	sf	Toit plat	平顶	bing ’ting		平頂		559		true	自旧档汇入	2026-04-13T01:27:08+08:00
Terrasser	va		堆土加固	’tang ’tao		打倒		559		true	自旧档汇入	2026-04-13T01:27:08+08:00
Terre	sf	le monde	世界	se’ ka’		世界		559		true	自旧档汇入	2026-04-13T01:27:08+08:00
Terre	sf	Sur cette --. Ici-bas	俗世	’la se’ ka’ deû laong’		拉世界頭上		559		true	自旧档汇入	2026-04-13T01:27:08+08:00
Terre	sf	Globe terrestre	地球	di’ ghieû		地球		559		true	自旧档汇入	2026-04-13T01:27:08+08:00
Terre	sf	Sol. sous--	地下	di’ bi 		地皮		559		true	自旧档汇入	2026-04-13T01:27:08+08:00
Terre	sf	Sol. sous--	地下	’la di’ ’ti ’hao		拉地底下		559		true	自旧档汇入	2026-04-13T01:27:08+08:00
Terre	sf	À --. Par--, Sur--	地上	’la di’ laong’		拉地上		559		true	自旧档汇入	2026-04-13T01:27:08+08:00
Terre	sf	Par voie de --	旱路	’tseû ’heu lou’		走旱路		559	待定	true	自旧档汇入	2026-04-13T01:27:08+08:00
Terre	sf	Région. -- lointaine	远地方	di’ faong 		地方		559		true	自旧档汇入	2026-04-13T01:27:08+08:00
Terre	sf	Région. -- lointaine	远地方	’yeu di’ faong		遠地方		559		true	自旧档汇入	2026-04-13T01:27:08+08:00
Terre	sf	Domaine	田地	dié di’		田地		559		true	自旧档汇入	2026-04-13T01:27:08+08:00
Terre	sf	Domaine	田地	dié ’ts‘è		田産		559		true	自旧档汇入	2026-04-13T01:27:08+08:00
Terre	sf	N'avoir pas 1 pouce, pied de…	没有多的土地	dié wou ih ts‘en’(ih ts‘ah)		田無一寸（一尺）		559		true	自旧档汇入	2026-04-13T01:27:08+08:00
Terre	sf	Matière, mur en --	土墙	gni ’t‘ou 		泥土		559		true	自旧档汇入	2026-04-13T01:27:08+08:00
Terre	sf	Matière, mur en --	土墙	gni ziang		泥墻		559		true	自旧档汇入	2026-04-13T01:27:08+08:00
Terre	sf	 -- détrempée, bonc	泥	gni		泥		559		true	自旧档汇入	2026-04-13T01:27:08+08:00
Terre	sf	Vase en -- cuite	瓦器	’ngao k‘i’		瓦器		559		true	自旧档汇入	2026-04-13T01:27:08+08:00
Terreau	sm	un tas	一堆	fen’ ’t‘ou [ih tei]		糞土[一堆]		559		true	自旧档汇入	2026-04-13T01:27:08+08:00
Terrestre	adj	paradis	天堂	di’ daong		地堂		559		true	自旧档汇入	2026-04-13T01:27:08+08:00
Terrible	adj		可怕的	’k‘o p‘ouo’ ke’		可怕个		559		true	自旧档汇入	2026-04-13T01:27:08+08:00
Terrible	adj		可怕的	p‘ouo’ lai		怕來		559		true	自旧档汇入	2026-04-13T01:27:08+08:00
Terriblement	adv		非常地	li’ hai’		利害		559		true	自旧档汇入	2026-04-13T01:27:08+08:00
Terriblement	adv		非常地	’k‘o p‘ouo’ ke’ yang’ ’tse		可怕个樣子		559		true	自旧档汇入	2026-04-13T01:27:08+08:00
Terriblement	adv	 -- chaud. très chaud	热死了	gnéh lai ’si		熱來死		559		true	自旧档汇入	2026-04-13T01:27:08+08:00
Terrier	sm		洞穴 	dong’ [ih ke’]		洞[一个]		559		true	自旧档汇入	2026-04-13T01:27:08+08:00
Terrifié	pp		受恐怖的	hah teh lai kien sou koéh ’gneu	h‘ah teh lai kien sou koéh ’gneu	嚇得來筋酥骨軟		559		true	自旧档汇入	2026-04-13T01:27:08+08:00
Terrifié	pp		受恐怖的	hah lai pèh yeh loh wou	h‘ah lai pèh yeh loh wou	嚇來不亦樂乎		559	待定	true	自旧档汇入	2026-04-13T01:27:08+08:00
Terrifier	va		使恐怖	hah i	h‘ah i	嚇伊		559		true	自旧档汇入	2026-04-13T01:27:08+08:00
Terrifier	va		使恐怖	hah i lai wen péh wou’ ’t‘i	h‘ah i lai wen péh wou’ ’t‘i	嚇伊來魂不附體		559		true	自旧档汇入	2026-04-13T01:27:08+08:00
Terrine	sf		瓦钵	’ngao ben		瓦盆		560		true	自旧档汇入	2026-04-13T01:27:08+08:00
Terrine	sf		瓦钵	péh deû [ih tsah]		鉢頭[一隻]		560		true	自旧档汇入	2026-04-13T01:27:08+08:00
Terrine	sf	Grande -- pour l'eau	一大盆水	kaong		缸		560		true	自旧档汇入	2026-04-13T01:27:08+08:00
Terrine	sf	Grande -- pour l'eau	一大盆水	’se kaong		水缸		560		true	自旧档汇入	2026-04-13T01:27:08+08:00
Territoire	sm		领土	di’ faong		地方		560		true	自旧档汇入	2026-04-13T01:27:08+08:00
Terroir	sm		土地	di’ ’t‘ou		地土		560		true	自旧档汇入	2026-04-13T01:27:08+08:00
Terroir	sm	Accent de --	乡音	’t‘ou yen		土音		560		true	自旧档汇入	2026-04-13T01:27:08+08:00
Tertre	sm		小山岗	gni sè		泥山		560		true	自旧档汇入	2026-04-13T01:27:08+08:00
Tertre	sm		小山岗	gni ten		泥墩		560		true	自旧档汇入	2026-04-13T01:27:08+08:00
Têt	sm		碎片	sé’ ’ngô p‘ié’		碎瓦片		560		true	自旧档汇入	2026-04-13T01:27:08+08:00
Tesson	sm		碎片	’wé bè		碗爿		560		true	自旧档汇入	2026-04-13T01:27:08+08:00
Tesson	sm	Tesson de bouteille	玻璃碎片	sé’ pou li		碎玻璃		560		true	自旧档汇入	2026-04-13T01:27:08+08:00
Testament	sm		遗言	yi tsôh 		遺囑		560		true	自旧档汇入	2026-04-13T01:27:08+08:00
Testament	sm		遗言	yi su		遺書		560		true	自旧档汇入	2026-04-13T01:27:08+08:00
Testament	sm	Ancien(nouveau)--(C.)	旧（新）约	’kou(sin)kieng		古（新）經		560		true	自旧档汇入	2026-04-13T01:27:08+08:00
Tétanos	sm		破伤风 	nga koè ’kien pi’		牙關緊閉		560		true	自旧档汇入	2026-04-13T01:27:08+08:00
Têtard	sm		蝌蚪	h‘a môh [ih ke’]		蝦蟆[一个]		560	待定	true	自旧档汇入	2026-04-13T01:27:08+08:00
Tête	sf		头	deû [ih ke’]		頭[一个]		560		true	自旧档汇入	2026-04-13T01:27:08+08:00
Tête	sf		头	’nao dai’		腦袋		560		true	自旧档汇入	2026-04-13T01:27:08+08:00
Tête	sf	Fig. Avoir de la --. Esprit rassis	沉着	’yeû ’tsu kié’		有主見		560		true	自旧档汇入	2026-04-13T01:27:08+08:00
Tête	sf	,,bonne --. intelligent	聪明	sin(’dou)’li ming bah		心（肚）裏明白		560		true	自旧档汇入	2026-04-13T01:27:08+08:00
Tête	sf	Se creuser la --	苦思冥想	ts‘é mô		揣摩		560	待定	true	自旧档汇入	2026-04-13T01:27:08+08:00
Tête	sf	Se creuser la --	苦思冥想	k‘eû se wèh ’siang		摳思挖想		560		true	自旧档汇入	2026-04-13T01:27:08+08:00
Tête	sf	Perdre la --	糊涂	wou dou ’tsé		糊塗者		560		true	自旧档汇入	2026-04-13T01:27:08+08:00
Tête	sf	Perdre la --	糊涂	maong hoen ’tsé	maong h‘oen ’tsé	忙昏者		560		true	自旧档汇入	2026-04-13T01:27:08+08:00
Tête	sf	Perdre la --	糊涂	fèh hoen	fèh h‘oen	發昏		560		true	自旧档汇入	2026-04-13T01:27:08+08:00
Tête	sf	Perdre la --	糊涂	hoen mi ’tsé	h‘oen mi ’tsé	昏迷者		560		true	自旧档汇入	2026-04-13T01:27:08+08:00
Tête	sf	Ne savoir où donner de la --	无头绪	laong pei’		狼狽		560		true	自旧档汇入	2026-04-13T01:27:08+08:00
Tête	sf	Ne savoir où donner de la --	无头绪	maong lai ih wou deû zu’		忙來一無頭緒		560		true	自旧档汇入	2026-04-13T01:27:08+08:00
Tête	sf	N'en faire qu'à sa --	自己做主	ze’ siang sin’ ’tsé		自相信者		560		true	自旧档汇入	2026-04-13T01:27:08+08:00
Tête	sf	N'en faire qu'à sa --	自己做主	ze’ ka tsoh ’tsu		自家作主		560		true	自旧档汇入	2026-04-13T01:27:08+08:00
Tête	sf	Faire ses 4 volontés	自己做主	ts‘en’ ze’ ka seh i’		趁自家適意		560		true	自旧档汇入	2026-04-13T01:27:08+08:00
Tête	sf	Se mettre en -- de	脑中想好	lih ding’ ’tsu i’		立定主意		560		true	自旧档汇入	2026-04-13T01:27:08+08:00
Tête	sf	Caractère : mauvaise--	性格：好（坏）脾气	bi k‘i’(sing’ kaong)véh ’h‘ao		脾氣（性綱）勿好		560		true	自旧档汇入	2026-04-13T01:27:08+08:00
Tête	sf	Autant de --s autant d'opinions	每个人都有自己的想法	koh zen koh kié’		各人各見		560		true	自旧档汇入	2026-04-13T01:27:08+08:00
Tête	sf	Autant de --s autant d'opinions	每个人都有自己的想法	sè gnen lôh yang’ wo’		三人六樣話		560		true	自旧档汇入	2026-04-13T01:27:08+08:00
Tête	sf	Autant de --s autant d'opinions	每个人都有自己的想法	ts‘ih gnen pèh ’tsu ’tsang		七人八主掌		560	待定 主張	true	自旧档汇入	2026-04-13T01:27:08+08:00
Tête	sf	Vie : demander sa --	生命：要命	yao’ i ke’ ming’		要伊个命		560		true	自旧档汇入	2026-04-13T01:27:08+08:00
Tête	sf	Vie : demander sa --	生命：要命	’t‘ao ming’		討命		560		true	自旧档汇入	2026-04-13T01:27:08+08:00
Tête	sf	Être à la -- de	领头	’koé		管		560		true	自旧档汇入	2026-04-13T01:27:08+08:00
Tête	sf	Être à la -- de	领头	’ling deû		領頭		560		true	自旧档汇入	2026-04-13T01:27:08+08:00
Tête	sf	Être à la -- de	领头	tsou’ deû ’nao		做頭腦		560		true	自旧档汇入	2026-04-13T01:27:08+08:00
Tête	sf	Être en --	在前面	’la zié deû(men zié)		拉前頭（門前）		560		true	自旧档汇入	2026-04-13T01:27:08+08:00
Téter	va		吸	k‘ieh ’na		吃奶		560		true	自旧档汇入	2026-04-13T01:27:08+08:00
Téter	va		吸	k‘ieh ma ma		吃媽媽		560		true	自旧档汇入	2026-04-13T01:27:08+08:00
Têtière	sf		马胄	long kou deû		籠箍頭		560	原作“䪊箍頭”	true	自旧档汇入	2026-04-13T01:27:08+08:00
Tétin	sm		乳房	’na ’na deû		奶奶頭		560		true	自旧档汇入	2026-04-13T01:27:08+08:00
Tétin	sm		乳房	’na deû		奶頭		560		true	自旧档汇入	2026-04-13T01:27:08+08:00
Tétin	sm		乳房	ma ma deû		媽媽頭		560		true	自旧档汇入	2026-04-13T01:27:08+08:00
Têtu	adj		固执	ghiang 		强		560		true	自旧档汇入	2026-04-13T01:27:08+08:00
Têtu	adj		固执	tséh ih péh t‘ong		執一不通		560		true	自旧档汇入	2026-04-13T01:27:08+08:00
Texte	sm		原文	bah wen 		白文		560		true	自旧档汇入	2026-04-13T01:27:08+08:00
Texte	sm	 -- original	原文	gneu wen		原文		560		true	自旧档汇入	2026-04-13T01:27:08+08:00
Texte	sm	 -- original	原文	ts‘éh ’tié		出典		560		true	自旧档汇入	2026-04-13T01:27:08+08:00
Thaddée	sm		塔代	dèh-teh		達陡		560	待定 可能是印錯了	true	自旧档汇入	2026-04-13T01:27:08+08:00
Thé	sm		茶	zouo 		茶		560		true	自旧档汇入	2026-04-13T01:27:08+08:00
Thé	sm	Feuilles de --	茶叶	zouo yéh		茶葉		560		true	自旧档汇入	2026-04-13T01:27:08+08:00
Thé	sm	Poussière de--	茶叶末子	zouo yéh méh ’tse		茶葉末子		560		true	自旧档汇入	2026-04-13T01:27:08+08:00
Thé	sm	Débit de --	茶叶店	zouo koé’ [ih bè]		茶館[一爿]		561		true	自旧档汇入	2026-04-13T01:27:08+08:00
Théâtre	sm		剧院	hi’ dai		戲台		561	保留簡體	true	自旧档汇入	2026-04-13T01:27:08+08:00
Théâtre	sm		剧院	hi’ leû		戲樓		561		true	自旧档汇入	2026-04-13T01:27:08+08:00
Théâtre	sm		剧院	hi’ yeu		戲園		561		true	自旧档汇入	2026-04-13T01:27:08+08:00
Théière	sf		茶壶	zouo wou [ih ’pouo]		茶壺[一把]		561		true	自旧档汇入	2026-04-13T01:27:08+08:00
Thème	sm	 -- d'écolier	题目	di moh 		題目		561		true	自旧档汇入	2026-04-13T01:27:08+08:00
Thème	sm		主题	tsong wen fè yang wen		中文翻洋文		561	原作“中文繙洋文”	true	自旧档汇入	2026-04-13T01:27:08+08:00
Théodolite	sm		经纬仪	di’ bing ts‘ah [ih ken]		地平尺[一根]		561		true	自旧档汇入	2026-04-13T01:27:08+08:00
Théologie	sf		神学	ts‘ao sing’ yah		超性學		561		true	自旧档汇入	2026-04-13T01:27:08+08:00
Théologien	sm		神学家	ts‘ao sing’ yah ze’		超性學士		561		true	自旧档汇入	2026-04-13T01:27:08+08:00
Théorie	sf		理论	dao’ ’li		道理		561		true	自旧档汇入	2026-04-13T01:27:08+08:00
Théorie	sf		理论	fèh ’tse		法子		561		true	自旧档汇入	2026-04-13T01:27:08+08:00
Thérèse	sf		泰雷兹	teh-leh-sèh		得肋撒		561		true	自旧档汇入	2026-04-13T01:27:08+08:00
Thermomètre	sm		温度计	heu ’su ’piao		寒暑表		561		true	自旧档汇入	2026-04-13T01:27:08+08:00
Thésauriser	vn		攒钱	tsieh hioh	tsieh hiôh	積蓄		561		true	自旧档汇入	2026-04-13T01:27:08+08:00
Thésauriser	vn		攒钱	tsieh gnen ’tse		積銀子		561		true	自旧档汇入	2026-04-13T01:27:08+08:00
Thèse	sf		论文	di moh 		題目		561		true	自旧档汇入	2026-04-13T01:27:08+08:00
Thibet, Tibet	sm		西藏	si zaong		西藏		561		true	自旧档汇入	2026-04-13T01:27:08+08:00
Thomas	sm		托马	tou-meh		多默		561		true	自旧档汇入	2026-04-13T01:27:08+08:00
Thorax	sm		胸廓	hiong daong		胸膛		561		true	自旧档汇入	2026-04-13T01:27:08+08:00
Thorax	sm		胸廓	hiong kah		胸膈		561		true	自旧档汇入	2026-04-13T01:27:08+08:00
Thuriféraire	sm		手提香炉的辅祭者	gnèh (nao, di)tiao’ lou ke’		捻（拿，提）吊爐个	捏（拿，提）吊爐个	561		true	自旧档汇入	2026-04-13T01:27:08+08:00
Thuya	sm		崖柏	pah zu’ [ih k‘ou]		柏樹[一棵]		561		true	自旧档汇入	2026-04-13T01:27:08+08:00
Tiare	sf	(C.)	三重冕	kiao’ h‘ouo’ waong tsi’ mao’		教化皇祭帽		561		true	自旧档汇入	2026-04-13T01:27:08+08:00
Tiède	adj		微温的	wen t‘en(wou)		温暾（和）		561	待定	true	自旧档汇入	2026-04-13T01:27:08+08:00
Tiède	adj		微温的	véh ’lang véh gnéh ke’		勿冷勿熱个		561		true	自旧档汇入	2026-04-13T01:27:08+08:00
Tiédeur	sf	(être ds la)	冷淡	’lang dè	’lang dè’	冷淡		561		true	自旧档汇入	2026-04-13T01:27:08+08:00
Tien	pron	le tien	你的	nong’ ke’		儂个		561		true	自旧档汇入	2026-04-13T01:27:08+08:00
Tiers	sm		第三者	sè fen tse ih		三分之一		561		true	自旧档汇入	2026-04-13T01:27:08+08:00
Tiers	sm		第三者	sè ’kou ’li ih ’kou		三股裏一股		561		true	自旧档汇入	2026-04-13T01:27:08+08:00
Tige	sf		杆	’kang [ih ken]		梗[一根]		561		true	自旧档汇入	2026-04-13T01:27:08+08:00
Tige	sf	 -- du coton	棉花杆子	h‘ouo ghi		花箕	花萁	561		true	自旧档汇入	2026-04-13T01:27:08+08:00
Tige	sf	 -- desséchée	柴	za 		柴		561		true	自旧档汇入	2026-04-13T01:27:08+08:00
Tige	sf	 -- desséchée	柴	ka		秸		561		true	自旧档汇入	2026-04-13T01:27:08+08:00
Tige	sf	 -- d'une famille 	始祖	’lao ’tsou tsong		老祖宗		561		true	自旧档汇入	2026-04-13T01:27:08+08:00
Tige	sf	 -- d'une famille 	始祖	’se ’tsou		始祖		561		true	自旧档汇入	2026-04-13T01:27:08+08:00
Tigre	sm		虎 	’lao ’hou [ih tsah]	’lao ’h‘ou [ih tsah]	老虎[一隻]		561		true	自旧档汇入	2026-04-13T01:27:08+08:00
Tigré	adj		带斑点的	’hou li pè	’h‘ou li pè	虎黧斑		561		true	自旧档汇入	2026-04-13T01:27:08+08:00
Timbre	sm	Son	声音	tsong 		鐘		561		true	自旧档汇入	2026-04-13T01:27:08+08:00
Timbre	sm	Son	声音	seng yen		聲音		561		true	自旧档汇入	2026-04-13T01:27:08+08:00
Timbre	sm	Cachet	印章	yen’		印		561		true	自旧档汇入	2026-04-13T01:27:08+08:00
Timbre	sm	 -- de poste	邮局印戳	yeû p‘iao’		郵票		561		true	自旧档汇入	2026-04-13T01:27:08+08:00
Timbre	sm	 -- de poste	邮局印戳	yeû tseng’ p‘iao’		郵政票		561		true	自旧档汇入	2026-04-13T01:27:08+08:00
Timbré	adj		贴了邮票的	’tang ke’ yen’		打个印		561		true	自旧档汇入	2026-04-13T01:27:08+08:00
Timbré	adj		贴了邮票的	yen’ h‘ouo 		印花		561		true	自旧档汇入	2026-04-13T01:27:08+08:00
Timbré	adj	Fig. --	疯癫	doh deû		踱頭		561		true	自旧档汇入	2026-04-13T01:27:08+08:00
Timide	adj	Craintif	害怕	’siao ’tè 		小膽		561		true	自旧档汇入	2026-04-13T01:27:08+08:00
Timide	adj	Craintif	害怕	’tè ’siao(si’)ke’		膽小（細）个		561		true	自旧档汇入	2026-04-13T01:27:08+08:00
Timide	adj	poltron, peureux 	胆小	p‘ouo’ ze’ ke’		怕事个		561		true	自旧档汇入	2026-04-13T01:27:08+08:00
Timide	adj	poltron, peureux 	胆小	sin hiu		心虚		561		true	自旧档汇入	2026-04-13T01:27:08+08:00
Timide	adj	poltron, peureux 	胆小	k‘iéh		怯		561		true	自旧档汇入	2026-04-13T01:27:08+08:00
Timide	adj	poltron, peureux 	胆小	p‘ouo’ mié’ bi		怕面皮		561		true	自旧档汇入	2026-04-13T01:27:08+08:00
Timon	sm	ds voiture	在车里	ts‘ouo yeu		车辕		561		true	自旧档汇入	2026-04-13T01:27:08+08:00
Timonier	sm		舵手	’pouo ’dou ’lao da’		把舵老大		561		true	自旧档汇入	2026-04-13T01:27:08+08:00
Tinter	va	une cloche	钟	k‘ao ih mié’ deû tsong		敲一面頭鐘		561		true	自旧档汇入	2026-04-13T01:27:08+08:00
Tinter	va	une cloche	钟	zaong’ tsong		撞鐘		561		true	自旧档汇入	2026-04-13T01:27:08+08:00
Tinter	vn	L'oreille【lui】tinte	耳朵响	’gni ’tou ’li ’hiang		耳朵裏响		562	保留簡體	true	自旧档汇入	2026-04-13T01:27:08+08:00
Tiraillement	sm	Fig	比喻义	ze’ ’t‘i la ’ts‘à		事體拉扯		562		true	自旧档汇入	2026-04-13T01:27:08+08:00
Tirailler	va	qqn	拉扯某人	la i		拉伊		562		true	自旧档汇入	2026-04-13T01:27:08+08:00
Tirailler	va	qqn	拉扯某人	t‘ou i		拖伊		562		true	自旧档汇入	2026-04-13T01:27:08+08:00
Tirailler	va	qqn	拉扯某人	tsieû		揪		562		true	自旧档汇入	2026-04-13T01:27:08+08:00
Tirailler	va	qqn	拉扯某人	’gneû		扭		562		true	自旧档汇入	2026-04-13T01:27:08+08:00
Tire-bouchon	sm		开塞钻	lou se tseu’		螻螄鑽	螺螄鑽	562		true	自旧档汇入	2026-04-13T01:27:08+08:00
Tirer	va	 -- vers, après	拉	la		拉		562		true	自旧档汇入	2026-04-13T01:27:08+08:00
Tirer	va	 -- vers, après	拉	t‘ou 		拖		562		true	自旧档汇入	2026-04-13T01:27:08+08:00
Tirer	va	 -- vers, après	拉	pei’		背		562		true	自旧档汇入	2026-04-13T01:27:08+08:00
Tirer	va	 -- vers, après	拉	’gneû		扭		562		true	自旧档汇入	2026-04-13T01:27:08+08:00
Tirer	va	 -- vers, après	拉	k‘ié		牽		562		true	自旧档汇入	2026-04-13T01:27:08+08:00
Tirer	va	 -- vers, après	拉	la zaong’ lai		拉上來		562		true	自旧档汇入	2026-04-13T01:27:08+08:00
Tirer	va	 -- de bas en haut	从低往高拉	bèh ’k‘i lai		拔起來		562	待定	true	自旧档汇入	2026-04-13T01:27:08+08:00
Tirer	va	Puiser : -- de l'eau	取水	tiao’ ’se		吊水		562		true	自旧档汇入	2026-04-13T01:27:08+08:00
Tirer	va	ôter : -- les bottes 	脱靴子	t‘euh hiou		脱靴		562		true	自旧档汇入	2026-04-13T01:27:08+08:00
Tirer	va	 -- à qqn les vers du nez	巧妙地套问某人	yong’ t‘ao’ deû		用套頭		562		true	自旧档汇入	2026-04-13T01:27:08+08:00
Tirer	va	 -- à qqn les vers du nez	巧妙地套问某人	seh wo’ tiao’ i		説話吊伊		562		true	自旧档汇入	2026-04-13T01:27:08+08:00
Tirer	va	 -- à qqn les vers du nez	巧妙地套问某人	t‘é i sin se	t‘é’ i sin se	探伊心思		562		true	自旧档汇入	2026-04-13T01:27:08+08:00
Tirer	va	Découvrir : -- au clair	查明白	zouo ming bah		查明白		562		true	自旧档汇入	2026-04-13T01:27:08+08:00
Tirer	va	Imprimer	打印	yen’ 		印		562		true	自旧档汇入	2026-04-13T01:27:08+08:00
Tirer	va	Tracer : -- une ligne	画线	wah ih dao’ sié’		劃一道綫		562		true	自旧档汇入	2026-04-13T01:27:08+08:00
Tirer	va	Tracer : -- une ligne	画线	wah ih diao		劃一條		562		true	自旧档汇入	2026-04-13T01:27:08+08:00
Tirer	va	 -- le canon	放炮	faong’ p‘ao’		放炮		562		true	自旧档汇入	2026-04-13T01:27:08+08:00
Tirer	va	 -- un lièvre	猎兔	’tang ih tsah t‘ou’ ’tse		打一隻兔子		562		true	自旧档汇入	2026-04-13T01:27:08+08:00
Tirer	va	Obtenir : -- du profit	获益	teh(long’)zah ’h‘ao ts‘u’		得（弄）着好處		562		true	自旧档汇入	2026-04-13T01:27:08+08:00
Tirer	va	 -- au sort. Cf sort	抽奖	ts‘eû zeû		抽籌		562		true	自旧档汇入	2026-04-13T01:27:08+08:00
Tirer	va	 -- au sort. Cf sort	抽奖	gneuh(gné)kieû		抈（拈）鬮		562		true	自旧档汇入	2026-04-13T01:27:08+08:00
Tirer	va	 -- les lots d'une société	抽奖	yao wei’		摇會		562		true	自旧档汇入	2026-04-13T01:27:08+08:00
Tirer	va	Sauver : -- qqn d'un danger	救某人于水火	kieû’ i ts‘éh lai		救伊出來		562		true	自旧档汇入	2026-04-13T01:27:08+08:00
Tirer	vn	 -- sur le vert	近乎绿色	ziang’ lôh ke’		像緑个		562		true	自旧档汇入	2026-04-13T01:27:08+08:00
Tirer	vn	【le poêle】ne tire pas 	炉子不出烟	yé ts‘éh véh ts‘éh		烟出勿出		562		true	自旧档汇入	2026-04-13T01:27:08+08:00
Tirer	vr	Se -- d'affaire	避难	’hiao teh bi’ nè’		曉得避難		562		true	自旧档汇入	2026-04-13T01:27:08+08:00
Tirer	vr	Ne pouvoir ,, ,, ,,	抽不出身	ts‘eû véh ts‘éh		抽勿出		562		true	自旧档汇入	2026-04-13T01:27:08+08:00
Tirer	vr	Se -- du danger	免除危险	’mié ts‘éh ngoei ’hié		免脱危險		562		true	自旧档汇入	2026-04-13T01:27:08+08:00
Tiroir	sm		抽屉	ts‘eû deû		抽頭		562		true	自旧档汇入	2026-04-13T01:27:08+08:00
Tiroir	sm		抽屉	ts‘eû t‘i’ [ih tsah]		抽屉[一隻]		562	原作“抽挮[一隻]”	true	自旧档汇入	2026-04-13T01:27:08+08:00
Tisane	sf		汤剂	yah t‘aong		藥湯		562		true	自旧档汇入	2026-04-13T01:27:08+08:00
Tison	sm		燃烧的木头	’h‘ou t‘è’		火炭		562		true	自旧档汇入	2026-04-13T01:27:08+08:00
Tisonnier	sm		火钩子	’bé ’h‘ou ’baong [ih ken]		拌火棒[一根]		562		true	自旧档汇入	2026-04-13T01:27:08+08:00
Tisser	va		织	tseh		織		562		true	自旧档汇入	2026-04-13T01:27:08+08:00
Tisser	va	 -- de la toile	织布	tseh pou’		織布		562		true	自旧档汇入	2026-04-13T01:27:08+08:00
Tisserand	sm		织布工人	tseh pou’ ke’		織布个		562		true	自旧档汇入	2026-04-13T01:27:08+08:00
Titre	sm	 d'un livre	书名	su ming deû		書名頭		562		true	自旧档汇入	2026-04-13T01:27:08+08:00
Titre	sm	 -- honorifique	官名	koé ngé		官銜		562		true	自旧档汇入	2026-04-13T01:27:08+08:00
Titre	sm	 -- honorifique	官名	ngé deû		銜頭		562		true	自旧档汇入	2026-04-13T01:27:08+08:00
Titre	sm	Quel -- lui donner ？	叫他什么？	yao’ kiao’ i sa’ ts‘eng hou？	yao’ kiao’ i sa’ ts‘eng h‘ou？	要叫伊啥稱呼		562		true	自旧档汇入	2026-04-13T01:27:08+08:00
Titre	sm	Donnez-lui celui de laoyé	叫他老爷	yao’ kiao’ i ’lao ya		要叫伊老爺		562		true	自旧档汇入	2026-04-13T01:27:08+08:00
Titre	sm	Acte authentique	公证文件	bing kiu’		憑據		562		true	自旧档汇入	2026-04-13T01:27:08+08:00
Titre	sm	Acte authentique	公证文件	k‘i’ su		契書		562		true	自旧档汇入	2026-04-13T01:27:08+08:00
Titre	sm	Ancien -- de propriété	老契	’lao k‘i’		老契		562		true	自旧档汇入	2026-04-13T01:27:08+08:00
Titre	sm	 -- de l'argent	成色	zeng seh		成色		562		true	自旧档汇入	2026-04-13T01:27:08+08:00
Titre	sm	Mandarin en titre	有官职的人	zéh zen’		實任		562		true	自旧档汇入	2026-04-13T01:27:08+08:00
Titulaire	sm		正式的	zéh ’zeû	zéh zeû’	實授		562	待定	true	自旧档汇入	2026-04-13T01:27:08+08:00
Tituber	vn		蹒跚	tih ’lao ts‘ong’		跌咾㧤	跌咾蹱	563		true	自旧档汇入	2026-04-13T01:27:08+08:00
Tituber	vn		蹒跚	ts‘eh ts‘eh ’tao		叱叱倒	？？倒	563		true	自旧档汇入	2026-04-13T01:27:08+08:00
Toast	sm	(Porter un)	祝寿	tsôh zeû’		祝壽		563		true	自旧档汇入	2026-04-13T01:27:08+08:00
Toi	pron		你	nong’ 		儂		563		true	自旧档汇入	2026-04-13T01:27:08+08:00
Toi	pron		你	ze’ nong’		自儂		563		true	自旧档汇入	2026-04-13T01:27:08+08:00
Toile	sf		布	pou’ [ih p‘ieh]		布[一匹]		563		true	自旧档汇入	2026-04-13T01:27:08+08:00
Toile	sf	 -- européenne	欧洲布	yang pou’		洋布		563		true	自旧档汇入	2026-04-13T01:27:08+08:00
Toile	sf	 -- cirée	油布	yeû(ts‘ih)pou’		油（漆）布		563		true	自旧档汇入	2026-04-13T01:27:08+08:00
Toilette	sf	Faire sa --	洗漱	’tang pè’ ’tang pè’		打扮打扮		563		true	自旧档汇入	2026-04-13T01:27:08+08:00
Toilette	sf	Faire sa --	洗漱	se deû k‘à mié’		梳頭揩面		563		true	自旧档汇入	2026-04-13T01:27:08+08:00
Toison	sf		羊毛	yang mao		羊毛		563		true	自旧档汇入	2026-04-13T01:27:08+08:00
Toit	sm		屋顶	ôh ’ting		屋頂		563		true	自旧档汇入	2026-04-13T01:27:08+08:00
Toit	sm	Bord d'un --	屋檐	ôh yé		屋檐		563		true	自旧档汇入	2026-04-13T01:27:08+08:00
Toiture	sf		屋顶	ôh mié’		屋面		563		true	自旧档汇入	2026-04-13T01:27:08+08:00
Toiture	sf		屋顶	ôh deû ’ting		屋頭頂		563		true	自旧档汇入	2026-04-13T01:27:08+08:00
Tôle	sf		加有钢板的	t‘ih bi		鐵皮		563		true	自旧档汇入	2026-04-13T01:27:08+08:00
Tolérable	adj		能忍受的	wè seu’ ’h‘ao		還算好		563		true	自旧档汇入	2026-04-13T01:27:08+08:00
Tolérable	adj	Convenable. Supportable	可容忍的	nai’ teh kou’ ke’		耐得過个		563		true	自旧档汇入	2026-04-13T01:27:08+08:00
Tolérable	adj	Convenable. Supportable	可容忍的	taong teh lai ke’		當得來个		563		true	自旧档汇入	2026-04-13T01:27:08+08:00
Tolérable	adj	C'est tolérable. Soit !	还能接受！	zéh ka’ ’ba		寶介罷		563		true	自旧档汇入	2026-04-13T01:27:08+08:00
Tolérant	adj		宽容的	yong gnang’		容讓		563		true	自旧档汇入	2026-04-13T01:27:08+08:00
Tolérant	adj		宽容的	hé(k‘oé)yong		含（寬）容		563		true	自旧档汇入	2026-04-13T01:27:08+08:00
Tolérer	va		容许	gnao gnang’		饒讓		563		true	自旧档汇入	2026-04-13T01:27:08+08:00
Tolérer	va		容许	ts‘ié zieû’		遷就		563		true	自旧档汇入	2026-04-13T01:27:08+08:00
Tolérer	va		容许	heng kou’ k‘i’		亨過去	？	563	待定	true	自旧档汇入	2026-04-13T01:27:08+08:00
Tolérer	va		容许	k‘eu’ p‘ou’		看破		563		true	自旧档汇入	2026-04-13T01:27:08+08:00
Tolérer	va		容许	da’ dou’		大度		563		true	自旧档汇入	2026-04-13T01:27:08+08:00
Tomate	sf		番茄	fè ’ze 		番柿		563		true	自旧档汇入	2026-04-13T01:27:08+08:00
Tomate	sf		番茄	si hong ’ze		西紅柿		563		true	自旧档汇入	2026-04-13T01:27:08+08:00
Tombe	sf		坟墓	ven [ih ke’]		墳[一个]		563		true	自旧档汇入	2026-04-13T01:27:08+08:00
Tombe	sf	 -- impériale	皇陵	waong ling		皇陵		563		true	自旧档汇入	2026-04-13T01:27:08+08:00
Tombeau	sm		墓	ven mou’(mô’)		墳墓		563		true	自旧档汇入	2026-04-13T01:27:08+08:00
Tombeau	sm	Tertre du --	坟丘	ven sè(ten)		墳山（墩）		563		true	自旧档汇入	2026-04-13T01:27:08+08:00
Tomber	vn		跌倒	tih 		跌		563		true	自旧档汇入	2026-04-13T01:27:08+08:00
Tomber	vn		跌倒	tih ’tao		跌倒		563		true	自旧档汇入	2026-04-13T01:27:08+08:00
Tomber	vn		跌倒	loh ’hao lai		落下來		563		true	自旧档汇入	2026-04-13T01:27:08+08:00
Tomber	vn		跌倒	tih ’hao k‘i’(lai)		跌下去（來）		563		true	自旧档汇入	2026-04-13T01:27:08+08:00
Tomber	vn	 -- par terre	落在地上	tih(loh, diao’)’la di’ laong’		跌（落，掉）拉地上		563		true	自旧档汇入	2026-04-13T01:27:08+08:00
Tomber	vn	Le vent est tombé	风静下来了	fong ’zing ’tsé		風静者		563		true	自旧档汇入	2026-04-13T01:27:08+08:00
Tomber	vn	Il est ,, malade	他病了	i sang bing’		伊生病		563		true	自旧档汇入	2026-04-13T01:27:08+08:00
Tomber	vn	 -- dans l'eau,, ,,	落水	loh ’la ’se ’li		落拉水裏		563		true	自旧档汇入	2026-04-13T01:27:08+08:00
Tomber	vn	Fig	隐退	’nai ’yen den’ t‘éh ’tsé		乃隱遁脱者		563		true	自旧档汇入	2026-04-13T01:27:08+08:00
Tomber	vn	 -- dans le malheur	落难	tsao nè’		遭難		563		true	自旧档汇入	2026-04-13T01:27:08+08:00
Tomber	vn	Il tombe … vg de l'eau	落雨	loh ’yu		落雨		563		true	自旧档汇入	2026-04-13T01:27:08+08:00
Tomber	vn	,, ,, de la neigne	落雪	loh sih		落雪		563		true	自旧档汇入	2026-04-13T01:27:08+08:00
Tombereau	sm		一车之量	la si ’mô ts‘ouo [ih ’bou]		拉圾馬車[一部]	垃圾馬車[一部]	563		true	自旧档汇入	2026-04-13T01:27:08+08:00
Tombola	sf		以实物作奖品的摇彩	gneuh kieu	gné(gneuh) kieu	拈（抈）鬮		563	按照漢字改正	true	自旧档汇入	2026-04-13T01:27:08+08:00
Tome	sm	1er	第一本	deû ih ’pen		頭一本		563		true	自旧档汇入	2026-04-13T01:27:08+08:00
Tome	sm	2ème	第二本	di’ gni’ ’pen		第二本		563		true	自旧档汇入	2026-04-13T01:27:08+08:00
Ton	sm	Accent	声音	seng 		聲		563		true	自旧档汇入	2026-04-13T01:27:08+08:00
Ton	sm	Accent	声音	seng yen		聲音		563		true	自旧档汇入	2026-04-13T01:27:08+08:00
Ton	sm	Accent	声音	diao’ deû		調頭		563		true	自旧档汇入	2026-04-13T01:27:08+08:00
Ton	sm	Politesse : ce n'est pas de bon --	这不礼貌	véh ’t‘i mié’		勿體面		563		true	自旧档汇入	2026-04-13T01:27:08+08:00
Ton	sm	Politesse : ce n'est pas de bon --	这不礼貌	séh ’t‘i ’t‘ong		失體統		563		true	自旧档汇入	2026-04-13T01:27:08+08:00
Ton	adj	Ta	你的	nong’ ke’		儂个		563		true	自旧档汇入	2026-04-13T01:27:08+08:00
Tendre	va	la laine	剪羊毛	’tsié yang mao		剪羊毛		563		true	自旧档汇入	2026-04-13T01:27:08+08:00
Tonique	sm		使强壮的	’pou yah 		補藥		563		true	自旧档汇入	2026-04-13T01:27:08+08:00
Tonique	adj		使强壮的	’pou ke’		補个		563		true	自旧档汇入	2026-04-13T01:27:08+08:00
Tonkin	sm		东京	tong kieng		東京		564		true	自旧档汇入	2026-04-13T01:27:08+08:00
Tonnage	sm		吨位	zé ke’ tè’ kiah(ten’ sou’)		船个担脚（頓數）		564	待定 可能是吨 保留簡體 原注有“ten phonétise tonne”	true	自旧档汇入	2026-04-13T01:27:08+08:00
Tonneau	sm	 -- de mer	一桶海水	moh ’dong [ih tsah]		木桶[一隻]		564		true	自旧档汇入	2026-04-13T01:27:08+08:00
Tonneau	sm		木桶	ten’		頓		564	待定	true	自旧档汇入	2026-04-13T01:27:08+08:00
Tonneau	sm	Navire de tant de --x	一船桶	’ki h‘ouo’ tè kiah ke’ zé		幾化担脚个船		564	保留簡體	true	自旧档汇入	2026-04-13T01:27:08+08:00
Tonne	sf		大木桶	moh ’dong		木桶		564		true	自旧档汇入	2026-04-13T01:27:08+08:00
Tonne	sf	 -- marine	吨	ten’		頓		564		true	自旧档汇入	2026-04-13T01:27:08+08:00
Tonnelle	sf		棚架	liang(yen)bang		凉（陰）棚		564		true	自旧档汇入	2026-04-13T01:27:08+08:00
Tonner	vimp	Tonnerre.sm.	打雷	lei ’hiang		雷响		564	保留簡體	true	自旧档汇入	2026-04-13T01:27:08+08:00
Tonsure	sf		剃去头顶头发的（教士）	’tsié deû fèh		剪頭髮		564		true	自旧档汇入	2026-04-13T01:27:08+08:00
Tonsure	sf	Recevoir la--	接受剃发礼	k‘ai ’p‘in 		開品		564		true	自旧档汇入	2026-04-13T01:27:08+08:00
Topographie	sf		地形	di’ yu tse’		地輿志		564		true	自旧档汇入	2026-04-13T01:27:08+08:00
Toqué	pp	Fig	有点发疯的(人)	doh deû		踱頭		564		true	自旧档汇入	2026-04-13T01:27:08+08:00
Toqué	pp	Fig	有点发疯的(人)	gaong dou’	’gaong dou’	狂大	戇大	564		true	自旧档汇入	2026-04-13T01:27:08+08:00
Torche	sf		火炬	’h‘ou ’pouo 		火把		564		true	自旧档汇入	2026-04-13T01:27:08+08:00
Torche	sf		火炬	miéh dè ’h‘ou		篾[竹炎刂]火	篾？火	564		true	自旧档汇入	2026-04-13T01:27:08+08:00
Torche	sf	 -- pour l'église(C.)	教堂的火把	’bao lèh		抱爉		564		true	自旧档汇入	2026-04-13T01:27:08+08:00
Torchis	sm		柴泥	za gni		柴泥		564		true	自旧档汇入	2026-04-13T01:27:08+08:00
Torchis	sm		柴泥	k‘à dai pou’ [ih k‘oei’]		揩檯布[一塊]		564	待定	true	自旧档汇入	2026-04-13T01:27:08+08:00
Tordre	va		绞	’kao		絞		564		true	自旧档汇入	2026-04-13T01:27:08+08:00
Tordre	va		绞	ts‘ou		搓		564		true	自旧档汇入	2026-04-13T01:27:08+08:00
Tordre	va		绞	gné 		拈		564		true	自旧档汇入	2026-04-13T01:27:08+08:00
Tordre	va		绞	’tang		打		564		true	自旧档汇入	2026-04-13T01:27:08+08:00
Tordre	va	 -- le cou	给人吃苦头	lih t‘éh deû ’kieng		裂脱頭頸		564		true	自旧档汇入	2026-04-13T01:27:08+08:00
Tordre	vr	Se -- de rire	捧腹大笑	wong woh ’lao ’siao		捧服咾笑	捧腹咾笑	564	待定	true	自旧档汇入	2026-04-13T01:27:08+08:00
Tordre	vr	Se -- de douleur	痛得蜷起来	t‘ong’ lai yao’ ’si		痛來要死		564		true	自旧档汇入	2026-04-13T01:27:08+08:00
Tordre	vr	Se -- de douleur	痛得蜷起来	t‘ong’ lai véh eu gneng		痛來勿安寧		564		true	自旧档汇入	2026-04-13T01:27:08+08:00
Toron	sm		股	’kou deû		股頭		564		true	自旧档汇入	2026-04-13T01:27:08+08:00
Toron	sm	Corde de 3 --s	三股绳索	sè ’kou deû soh(zeng)		三股頭索（繩）		564		true	自旧档汇入	2026-04-13T01:27:08+08:00
Torpide	adj		麻木的	moh hoh	moh koh	木覺		564	印刷錯誤	true	自旧档汇入	2026-04-13T01:27:08+08:00
Torpide	adj		麻木的	fèh mô moh		發麻木		564		true	自旧档汇入	2026-04-13T01:27:08+08:00
Torpille	sf		鱼雷	’se lei		水雷		564		true	自旧档汇入	2026-04-13T01:27:08+08:00
Torpilleur	sm		鱼雷艇	’se lei zé [ih tsah]		水雷船[一隻]		564		true	自旧档汇入	2026-04-13T01:27:08+08:00
Torréfier	va		焙	’ts‘ao		炒		564		true	自旧档汇入	2026-04-13T01:27:08+08:00
Torréfier	va		焙	bé		焙		564	特殊	true	自旧档汇入	2026-04-13T01:27:08+08:00
Torrent	sm		激流	sè kè		山澗		564		true	自旧档汇入	2026-04-13T01:27:08+08:00
Torrent	sm		激流	sè keû		山溝		564		true	自旧档汇入	2026-04-13T01:27:08+08:00
Torrent	sm		激流	sè wou		山河		564		true	自旧档汇入	2026-04-13T01:27:08+08:00
Torride	adj		酷热的	gnéh lai		熱來		564		true	自旧档汇入	2026-04-13T01:27:08+08:00
Torride	adj	Zône --	热带地区	gnéh dao’		熱道		564		true	自旧档汇入	2026-04-13T01:27:08+08:00
Torride	adj	Zône --	热带地区	di’ tsong ta’		地中帶		564		true	自旧档汇入	2026-04-13T01:27:08+08:00
Tort	sm	Faute. Erreur	错	ts‘ouo’		錯		564		true	自旧档汇入	2026-04-13T01:27:08+08:00
Tort	sm	Faute. Erreur	错	ts‘ouo’ ts‘u’		錯處		564		true	自旧档汇入	2026-04-13T01:27:08+08:00
Tort	sm	Avoir --	错了	wou ’li		無理		564		true	自旧档汇入	2026-04-13T01:27:08+08:00
Tort	sm	Avoir --	错了	’li laong’ k‘ieuh		理上缺		564		true	自旧档汇入	2026-04-13T01:27:08+08:00
Tort	sm	Avoir --	错了	zing ’li ’teu		情理短		564		true	自旧档汇入	2026-04-13T01:27:08+08:00
Tort	sm	Avouer ses --s	认错	gnen’ ts‘ouo’		認錯		564		true	自旧档汇入	2026-04-13T01:27:08+08:00
Tort	sm	Avouer ses --s	认错	tsao véh ze’		招勿是		564		true	自旧档汇入	2026-04-13T01:27:08+08:00
Tort	sm	Injustice	不公	yeu(’wei)k‘ieuh		冤（委）屈		564		true	自旧档汇入	2026-04-13T01:27:08+08:00
Tort	sm	Faire --【à qqn】	损害	hai’		害		564		true	自旧档汇入	2026-04-13T01:27:08+08:00
Tort	sm	Faire --【à qqn】	损害	’sen hai’		損害		564		true	自旧档汇入	2026-04-13T01:27:08+08:00
Tort	sm	Faire --【à qqn】	损害	lei’ ghieh		累及		564		true	自旧档汇入	2026-04-13T01:27:08+08:00
Tort	sm	Faire --【à qqn】	损害	k‘oei wou’		虧負		564		true	自旧档汇入	2026-04-13T01:27:08+08:00
Tort	sm	Faire --【à qqn】	损害	saong zai		傷財		564		true	自旧档汇入	2026-04-13T01:27:08+08:00
Tort	sm	À -- et à travers	横七竖八地	hèh ts‘ih hèh pèh	h‘èh ts‘ih h‘èh pèh	瞎七瞎八		564		true	自旧档汇入	2026-04-13T01:27:08+08:00
Tort	sm	Parler à -- et à travers	瞎说话	wou wo’ lié t‘ié		胡話連天		564		true	自旧档汇入	2026-04-13T01:27:08+08:00
Tort	sm	Parler à -- et à travers	瞎说话	leu’ ’kaong		亂講		564		true	自旧档汇入	2026-04-13T01:27:08+08:00
Tort	sm	Parler à -- et à travers	瞎说话	hèh wo’	h‘èh wo’	瞎話		564		true	自旧档汇入	2026-04-13T01:27:08+08:00
Tort	sm	Parler à -- et à travers	瞎说话	ts‘ih wo’ pèh wo’		七話八話		564		true	自旧档汇入	2026-04-13T01:27:08+08:00
Tort	sm	Agir à -- et à travers	瞎做	hèh tsou’	h‘èh tsou’	瞎做		564		true	自旧档汇入	2026-04-13T01:27:08+08:00
Tort	sm	Agir à -- et à travers	瞎做	deû ’n deû lôh		投五投六		564		true	自旧档汇入	2026-04-13T01:27:08+08:00
Tort	sm	Agir à -- et à travers	瞎做	loh leu’ t‘ié h‘ouo		落亂天花		565		true	自旧档汇入	2026-04-13T01:27:08+08:00
Torticolis	sm	Avoir un --	脖子扭痛	zé’ deû ’kieng	zé deû ’kieng	纏頭頸		565		true	自旧档汇入	2026-04-13T01:27:08+08:00
Tortiller	va		捻	gneng		擰		565	待定	true	自旧档汇入	2026-04-13T01:27:08+08:00
Tortiller	va		捻	kéh 		合		565		true	自旧档汇入	2026-04-13T01:27:08+08:00
Tortiller	va		捻	yé		緸	？	565		true	自旧档汇入	2026-04-13T01:27:08+08:00
Tortu	adj		曲折的	k‘iôh		曲		565		true	自旧档汇入	2026-04-13T01:27:08+08:00
Tortu	adj		曲折的	foa		歪		565		true	自旧档汇入	2026-04-13T01:27:08+08:00
Tortu	adj	Tout --	完全曲折	ts‘ih foa pèh ’gneû		七歪八扭		565		true	自旧档汇入	2026-04-13T01:27:08+08:00
Tortu	adj	Tout --	完全曲折	véh zeh ke’		勿直个		565		true	自旧档汇入	2026-04-13T01:27:08+08:00
Tortue	sf		乌龟	kiu		龜		565		true	自旧档汇入	2026-04-13T01:27:08+08:00
Tortue	sf		乌龟	ou kiu		烏龜		565		true	自旧档汇入	2026-04-13T01:27:08+08:00
Tortue	sf	 -- molle	鳖	kiah n		脚魚		565	训读	true	自旧档汇入	2026-04-13T01:27:08+08:00
Tortue	sf	 -- molle	鳖	pih		鱉		565		true	自旧档汇入	2026-04-13T01:27:08+08:00
Tortueux	adj		弯弯曲曲的	’tsé wè		轉彎		565		true	自旧档汇入	2026-04-13T01:27:08+08:00
Tortueux	adj		弯弯曲曲的	k‘iôh tséh		曲折		565		true	自旧档汇入	2026-04-13T01:27:08+08:00
Tortueux	adj		弯弯曲曲的	wè wè k‘iôh k‘iôh ke’		彎彎曲曲个		565		true	自旧档汇入	2026-04-13T01:27:08+08:00
Torture	sf	pour faire avouer	承认	’k‘ao sin’		拷訊		565		true	自旧档汇入	2026-04-13T01:27:08+08:00
Torture	sf	Tourment	(精神上的)折磨	yeng vèh		刑罰		565		true	自旧档汇入	2026-04-13T01:27:08+08:00
Torturer	va	supplicier	行刑	yeng vèh		刑罰		565		true	自旧档汇入	2026-04-13T01:27:08+08:00
Torturer	va	supplicier	行刑	’k‘ao ’tang		拷打		565		true	自旧档汇入	2026-04-13T01:27:08+08:00
Tôt	adv	Vite	快	’mô zaong’		馬上		565		true	自旧档汇入	2026-04-13T01:27:08+08:00
Tôt	adv	De bonne heure	早	’tsao		早		565		true	自旧档汇入	2026-04-13T01:27:08+08:00
Tôt	adv	De bonne heure	早	’lao ’tsao		老早		565		true	自旧档汇入	2026-04-13T01:27:08+08:00
Tôt	adv	Plus --	更早	’tsao ’tié		早点		565		true	自旧档汇入	2026-04-13T01:27:08+08:00
Tôt	adv	Le plus -- sera le mieux	越早越好	yeuh ’tsao yeuh ’h‘ao		越早越好		565		true	自旧档汇入	2026-04-13T01:27:08+08:00
Tôt	adv	Je n'étais pas plus -- entré que	刚一进门就	’ngou kiang kiang tsin’ men zieû’…		我剛剛進門就…		565		true	自旧档汇入	2026-04-13T01:27:08+08:00
Tôt	adv	 -- ou tard	或早或晚	’tsao è’		早晚	早晏	565		true	自旧档汇入	2026-04-13T01:27:08+08:00
Tôt	adv	 -- ou tard	或早或晚	’tsao ’tié è’ ’tié		早点晚点	早点晏点	565		true	自旧档汇入	2026-04-13T01:27:08+08:00
Total	sm		整体的	’tsong sou’		總數		565		true	自旧档汇入	2026-04-13T01:27:08+08:00
Total	sm	Au --	总共	’long(gong’) ’tsong		攏（共）總		565		true	自旧档汇入	2026-04-13T01:27:08+08:00
Total	sm	Au --	总共	kong’ ki’		共計		565	待定	true	自旧档汇入	2026-04-13T01:27:08+08:00
Totalement	adv		全部地	wé zié		完全		565		true	自旧档汇入	2026-04-13T01:27:08+08:00
Totalement	adv		全部地	tseû sen		周身		565	待定	true	自旧档汇入	2026-04-13T01:27:08+08:00
Totalement	adv		全部地	tao’ ka		到家		565		true	自旧档汇入	2026-04-13T01:27:08+08:00
Touchant	adj		令人感动的	’ké ’dong gnen sin ke’		感動人心个		565		true	自旧档汇入	2026-04-13T01:27:08+08:00
Touchant	prép		关于	len’ tao’		論到		565		true	自旧档汇入	2026-04-13T01:27:08+08:00
Touche	sf	d'orgue	牌子	ba ’tse		牌子		565		true	自旧档汇入	2026-04-13T01:27:08+08:00
Touche	sf	Pierre de--	试金石	se’ kien zah		試金石		565		true	自旧档汇入	2026-04-13T01:27:08+08:00
Touche-à-tout	sm		好动东西的人	tou ze’ ke’ gnen		多事个人		565		true	自旧档汇入	2026-04-13T01:27:08+08:00
Toucher	sm		触觉	’seû tsôh		手足		565		true	自旧档汇入	2026-04-13T01:27:08+08:00
Toucher	sm		触觉	ts‘oh ’dong		觸動		565	待定	true	自旧档汇入	2026-04-13T01:27:08+08:00
Toucher	va		摸	’dong		動		565		true	自旧档汇入	2026-04-13T01:27:08+08:00
Toucher	va		摸	moh		摸		565		true	自旧档汇入	2026-04-13T01:27:08+08:00
Toucher	va		摸	bang’		碰		565		true	自旧档汇入	2026-04-13T01:27:08+08:00
Toucher	va	Le navire a touché	船搁浅	zé koh ’ts‘ié(zu’)’tsé		船擱淺（住）者		565		true	自旧档汇入	2026-04-13T01:27:08+08:00
Toucher	va	Fig. -- le cœur	触动人心	’ké ’dong gnen sin		感動人心		565		true	自旧档汇入	2026-04-13T01:27:08+08:00
Toucher	vpr		相毗邻	siang lié		相遇		565		true	自旧档汇入	2026-04-13T01:27:08+08:00
Toucher	vpr	Se --. Ces 2 questions se touchent.	两个问题有相似之处	’liang tsaong ze’ ’t‘i lié ke’		兩樁事體連个		565		true	自旧档汇入	2026-04-13T01:27:08+08:00
Touffe	sf		簇	ih bong		一蓬		565		true	自旧档汇入	2026-04-13T01:27:08+08:00
Touffe	sf		簇	ih ts‘euh		一撮		565		true	自旧档汇入	2026-04-13T01:27:08+08:00
Touffe	sf		簇	ih ’pouo		一把		565		true	自旧档汇入	2026-04-13T01:27:08+08:00
Touffe	sf	Une -- d'herbe	一丛草	ih ten(tèh)’ts‘ao		一墩（搭）草		565	待定	true	自旧档汇入	2026-04-13T01:27:08+08:00
Touffu	adj		茂密的	’mang		[糹孟]	稝	565		true	自旧档汇入	2026-04-13T01:27:08+08:00
Touffu	adj		茂密的	hieng	hieng’	興		565	需要普查	true	自旧档汇入	2026-04-13T01:27:08+08:00
Touffu	adj		茂密的	meû’ zeng’		茂盛		565		true	自旧档汇入	2026-04-13T01:27:08+08:00
Touffu	adj		茂密的	’mang(zeû)mih		[糹孟]（稠）密	稝（稠）密	565		true	自旧档汇入	2026-04-13T01:27:08+08:00
Toujours	adv		总是	zang tsaong		常庄	常樁	565		true	自旧档汇入	2026-04-13T01:27:08+08:00
Toujours	adv		总是	zang zang		常常		565		true	自旧档汇入	2026-04-13T01:27:08+08:00
Toujours	adv		总是	gnéh zang gnéh zôh		日常日逐		565		true	自旧档汇入	2026-04-13T01:27:08+08:00
Toujours	adv	Pour --	到永远	tao’ ’yong ’yeu		到永遠		565		true	自旧档汇入	2026-04-13T01:27:08+08:00
Toupie	sf		陀螺	ling koh		菱（羚）角		565	待定	true	自旧档汇入	2026-04-13T01:27:08+08:00
Toupie	sf	 -- chinoise ronflante	老黄牛	di’ waong gneû [ih tsah]		地黄牛[一隻]		565		true	自旧档汇入	2026-04-13T01:27:08+08:00
tour	sm	Un -	圈子	ih ke’ k‘ieu ’tse		一个圈子		566		true	自旧档汇入	2026-04-13T01:27:08+08:00
tour	sm	Un -	圈子	ih ’tsé		一轉		566		true	自旧档汇入	2026-04-13T01:27:08+08:00
tour	sm	Faire un -. Se promener	去散一会儿步，出去兜一圈	bao béh siang’ 		跑孛相		566		true	自旧档汇入	2026-04-13T01:27:08+08:00
tour	sm	Faire un -. Se promener	去散一会儿步，出去兜一圈	teû ih ke’ k‘ieu ’tse		兜一个圈子		566		true	自旧档汇入	2026-04-13T01:27:08+08:00
tour	sm	Faire le - de la ville	绕城市一周	yé zeng se’ tseû wei		沿城四周圍		566		true	自旧档汇入	2026-04-13T01:27:08+08:00
tour	sm	Faire le - du monde	周游世界	’tseû zin’ t‘ié ’ya		走盡天下		566		true	自旧档汇入	2026-04-13T01:27:08+08:00
tour	sm	Faire des -s de passepasse	变戏法	pié’ (ts‘éh) hi’ fèh		變（出）戲法		566		true	自旧档汇入	2026-04-13T01:27:08+08:00
tour	sm	Jouer des -s	耍花招	long’ h‘ouo ’k‘iao		弄花巧		566		true	自旧档汇入	2026-04-13T01:27:08+08:00
tour	sm	Jouer des -s	耍花招	tsou’ ’kiu koa’		做鬼怪		566		true	自旧档汇入	2026-04-13T01:27:08+08:00
tour	sm	Jouer des -s	耍花招	’tang bang		打棚		566		true	自旧档汇入	2026-04-13T01:27:08+08:00
tour	sm	Jouer des -s	耍花招	long’ fong		弄風		566		true	自旧档汇入	2026-04-13T01:27:08+08:00
tour	sm	Chacun à son -. À - de rôle.	每个轮流，挨个	a zah		挨着		566		true	自旧档汇入	2026-04-13T01:27:08+08:00
tour	sm	Chacun à son -. À - de rôle.	每个轮流，挨个	a pè		挨班		566		true	自旧档汇入	2026-04-13T01:27:08+08:00
tour	sm	Chacun à son -. À - de rôle.	每个轮流，挨个	len pè		輪班		566		true	自旧档汇入	2026-04-13T01:27:08+08:00
tour	sm	Parlous - à -	轮流发言	a lai wo’		挨來話		566		true	自旧档汇入	2026-04-13T01:27:08+08:00
tour	sm	Par lous - à -	轮流发言	nong’ ih kiu’ ’ngou ih kiu’		儂一句我一句		566		true	自旧档汇入	2026-04-13T01:27:08+08:00
tour	sm	- de tourneur	车床	ts‘ouo zaong		車床		566		true	自旧档汇入	2026-04-13T01:27:08+08:00
tour	sf	d'une ville	角楼，城楼	zeng leû		城樓		566		true	自旧档汇入	2026-04-13T01:27:08+08:00
tour	sf	- de pagode	塔	tèh	t‘èh	塔		566		true	自旧档汇入	2026-04-13T01:27:08+08:00
tour	sf	- de pagode	塔	’pao tèh	’pao t‘èh	寶塔		566		true	自旧档汇入	2026-04-13T01:27:08+08:00
tourbillon	sm		旋风	yang koh fong		羊角風		566		true	自旧档汇入	2026-04-13T01:27:08+08:00
tourbillon	sm		旋风	’kiu deû fong		鬼頭風		566		true	自旧档汇入	2026-04-13T01:27:08+08:00
tourbillon	sm	- d'eau	旋涡	wou		渦		566		true	自旧档汇入	2026-04-13T01:27:08+08:00
tourbillon	sm	- d'eau	旋涡	zié se’	zié ’se	旋水		566		true	自旧档汇入	2026-04-13T01:27:08+08:00
tourbillonner	vn		形成旋风，形成旋涡；旋转	zié ’tsé lai		旋轉來		566		true	自旧档汇入	2026-04-13T01:27:08+08:00
tourbillonner	vn		形成旋风，形成旋涡；旋转	’kieu (’kao) ’k‘i lai		捲（攪）起來		566		true	自旧档汇入	2026-04-13T01:27:08+08:00
tourbillonner	vn		形成旋风，形成旋涡；旋转	yang’		颺		566		true	自旧档汇入	2026-04-13T01:27:08+08:00
tourbillonner	vn	Neige qui tourbillonne	大雪纷飞	p‘iao sih		飄雪		566		true	自旧档汇入	2026-04-13T01:27:08+08:00
tourbillonner	vn	Neige qui tourbillonne	大雪纷飞	sih ’bong ’lao ’bong		雪塳咾塳		566	待定	true	自旧档汇入	2026-04-13T01:27:08+08:00
tourillon	sm		耳轴；轴颈；轴	ghiôh		軸		566		true	自旧档汇入	2026-04-13T01:27:08+08:00
tourillon	sm		耳轴；轴颈；轴	kiu ghiôh	k‘iu ghiôh	樞軸		566		true	自旧档汇入	2026-04-13T01:27:08+08:00
tourment	sm		剧痛；折磨，痛苦	’k‘ou deû		苦頭		566		true	自旧档汇入	2026-04-13T01:27:08+08:00
tourment	sm		剧痛；折磨，痛苦	’k‘ou nè’		苦難		566		true	自旧档汇入	2026-04-13T01:27:08+08:00
tourment	sm		剧痛；折磨，痛苦	t‘ong’ ’k‘ou		痛苦		566		true	自旧档汇入	2026-04-13T01:27:08+08:00
tourment	sm	Châtiment	肉刑，酷刑	yeng vèh		刑罰		566		true	自旧档汇入	2026-04-13T01:27:08+08:00
tourmente	sf	Orage	风暴，暴风雨	goang fong bao’ ’yu		狂風暴雨		566		true	自旧档汇入	2026-04-13T01:27:08+08:00
tourmente	sf	Orage	风暴，暴风雨	fong pao’		風暴		566		true	自旧档汇入	2026-04-13T01:27:08+08:00
tourmentant	adj		折磨人的，引起苦恼的	hèh zé	h‘èh zé	瞎纏		566		true	自旧档汇入	2026-04-13T01:27:08+08:00
tourmentant	adj		折磨人的，引起苦恼的	zé véh ts‘ing		纏勿清		566		true	自旧档汇入	2026-04-13T01:27:08+08:00
tourmentant	adj		折磨人的，引起苦恼的	kéh tèh lai		疙瘩來		566		true	自旧档汇入	2026-04-13T01:27:08+08:00
tourmentant	adj		折磨人的，引起苦恼的	heû se’	h‘eû se’	吼勢		566	待定	true	自旧档汇入	2026-04-13T01:27:08+08:00
tourmenté	pp. Fig.		痛苦万分的，焦虑不安的，苦恼的	nè kou’		難過		566		true	自旧档汇入	2026-04-13T01:27:08+08:00
tourmenté	pp. Fig.		痛苦万分的，焦虑不安的，苦恼的	sin t‘ong’		心痛		566		true	自旧档汇入	2026-04-13T01:27:08+08:00
tourmenté	pp. Fig.		痛苦万分的，焦虑不安的，苦恼的	k‘ieh (’zeû) ’k‘ou		吃（受）苦		566		true	自旧档汇入	2026-04-13T01:27:08+08:00
tourmenter	va		折磨，使痛苦；纠缠，烦扰	’za gnen t‘ong’		惹人痛		566		true	自旧档汇入	2026-04-13T01:27:08+08:00
tourmenter	va		折磨，使痛苦；纠缠，烦扰	péh ’k‘ou deû k‘ieh		撥苦頭吃		566		true	自旧档汇入	2026-04-13T01:27:08+08:00
tourmenter	va		折磨，使痛苦；纠缠，烦扰	yong’ lèh ’seû		用辣手		566		true	自旧档汇入	2026-04-13T01:27:08+08:00
tourmenter	va		折磨，使痛苦；纠缠，烦扰	lou sou		囉唆		566		true	自旧档汇入	2026-04-13T01:27:08+08:00
tourmenter	vr	Se -	焦虑不安，苦恼	yeû zeû		憂愁		566		true	自旧档汇入	2026-04-13T01:27:08+08:00
tourmenter	vr	Se -	焦虑不安，苦恼	fi’ (ts‘ah) sin se		費（拆）心思		566		true	自旧档汇入	2026-04-13T01:27:08+08:00
tournant	sm		转弯处，拐角，弯子	tsé wè 		轉灣	轉彎	566		true	自旧档汇入	2026-04-13T01:27:08+08:00
tournant	sm		转弯处，拐角，弯子	wè teû		灣兜	彎兜	566		true	自旧档汇入	2026-04-13T01:27:08+08:00
tourné	adj	au midi	朝南	zao né		朝南		566		true	自旧档汇入	2026-04-13T01:27:08+08:00
tourné	adj	au midi	朝南	hiang’ yang		向陽		566		true	自旧档汇入	2026-04-13T01:27:08+08:00
tournée	sf	Faire une -	巡回，巡行，兜一圈	’tsé (teû,t‘ao’) ih ke’ k‘ieu ’tse 		轉（兜，套）一个圈子		566		true	自旧档汇入	2026-04-13T01:27:08+08:00
tournée	sf	#NAME?		’tsu kiao’ zin daong		主教巡堂		566	模糊	true	自旧档汇入	2026-04-13T01:27:08+08:00
tournée	sf	- d'inspection	巡检，巡查	zin zouo		巡查		566		true	自旧档汇入	2026-04-13T01:27:08+08:00
tournée	sf	- d'inspection	巡检，巡查	kè ts‘èh		監察		566	原作“盬察”	true	自旧档汇入	2026-04-13T01:27:08+08:00
tournée	sf	- d'inspection	巡检，巡查	k‘eu’ ih ’tsé		看一轉		566		true	自旧档汇入	2026-04-13T01:27:08+08:00
tourner	va	un objet au tour	车削，车	ts‘ouo		車		567		true	自旧档汇入	2026-04-13T01:27:08+08:00
tourner	va	- la tête	转过头来	béh ’tsé deû lai		勃轉頭來		567		true	自旧档汇入	2026-04-13T01:27:08+08:00
tourner	va	- la tête	转过头来	deû zié kou’ lai		頭旋過來		567		true	自旧档汇入	2026-04-13T01:27:08+08:00
tourner	va	- le dos à ses amis	背弃朋友	tsou’ tei’ deû		做對頭		567		true	自旧档汇入	2026-04-13T01:27:08+08:00
tourner	va	- le dos à ses amis	背弃朋友	’fè pei’		反背		567		true	自旧档汇入	2026-04-13T01:27:08+08:00
tourner	va	- le dos à ses amis	背弃朋友	’fè mié’ wou zing		反面無情		567		true	自旧档汇入	2026-04-13T01:27:08+08:00
tourner	va	- sur soi-même	转过身来；自转	béh ’tsé sen lai		勃轉身來		567		true	自旧档汇入	2026-04-13T01:27:08+08:00
tourner	va	- sur soi-même	转过身来；自转	zié ’tsé		旋轉		567		true	自旧档汇入	2026-04-13T01:27:08+08:00
tourner	va	- sens dessus dessous	倒置	tié (fè) ’tsé lai		顛（翻）轉來		567		true	自旧档汇入	2026-04-13T01:27:08+08:00
tourner	vn	La tête me tourne	我的头在旋转	deû yeu (yun’)		頭眩（暈）		567		true	自旧档汇入	2026-04-13T01:27:08+08:00
tourner	vn	Cela ne peut pas bien -	这不会好转了	kieû’ kieng’ m sa’ ’na neng		究竟無啥那能	究竟嘸啥那能	567		true	自旧档汇入	2026-04-13T01:27:08+08:00
tourner	vr	Se - et se retourner dans son lit	在床上翻来覆去	fè lai foh k‘i’		翻來覆去		567		true	自旧档汇入	2026-04-13T01:27:08+08:00
tourner	vr	Se - et se retourner dans son lit	在床上翻来覆去	fè ’tsé fè ’tsé		翻轉翻轉		567		true	自旧档汇入	2026-04-13T01:27:08+08:00
tournesol	sm		向日葵	tei’ gnéh h‘ouo		對日花		567	模糊	true	自旧档汇入	2026-04-13T01:27:08+08:00
tournesol	sm		向日葵	k‘oei h‘ouo	goei h‘ouo	葵花		567		true	自旧档汇入	2026-04-13T01:27:08+08:00
tourneur	sm		车工，镟工	ts‘ouo ziang’		車匠		567		true	自旧档汇入	2026-04-13T01:27:08+08:00
tournevis	sm		螺丝刀	gné zôh [ih ’pouo]		拈鑿[一把]		567		true	自旧档汇入	2026-04-13T01:27:08+08:00
tournoyer	vn		盘旋	zié ’tsé		旋轉		567		true	自旧档汇入	2026-04-13T01:27:08+08:00
tournoyer	vn		盘旋	p‘iao		飄		567		true	自旧档汇入	2026-04-13T01:27:08+08:00
tournure	sf		外表，样子	yang’ ’tse		樣子		567		true	自旧档汇入	2026-04-13T01:27:08+08:00
tournure	sf	Bonne -		se se wen wen		斯斯文文		567	例句中只有情况良好的意思，见下	true	自旧档汇入	2026-04-13T01:27:08+08:00
tournure	sf	Bonne -		se wen se ’t‘i		斯文斯體		567		true	自旧档汇入	2026-04-13T01:27:08+08:00
tournure	sf	L'affaire prend ,, -	这件事情的发展趋势很好	ze’ ’t‘i yé’ zai’ ’tsé ki		事體現在轉機		567		true	自旧档汇入	2026-04-13T01:27:08+08:00
tournure	sf	L'affaire prend ,, -	这件事情的发展趋势很好	’yeû ’tsé ki (maong’ zeng)		有轉機（望成）		567		true	自旧档汇入	2026-04-13T01:27:08+08:00
tourteau	sm		油料植物榨油后的渣饼	’ping		餅		567		true	自旧档汇入	2026-04-13T01:27:08+08:00
tourteau	sm		油料植物榨油后的渣饼	deû ’ping [ih p‘ié’]	deû’ ’ping [ih p‘ié’]	豆餅[一片]		567		true	自旧档汇入	2026-04-13T01:27:08+08:00
tourteau	sm	- de graines de coton	棉籽饼	h‘ouo ’ping		花餅		567		true	自旧档汇入	2026-04-13T01:27:08+08:00
tourterelle	sf		斑鸠	béh kou		鵓鴣		567	待定	true	自旧档汇入	2026-04-13T01:27:08+08:00
tourterelle	sf		斑鸠	pè kieû [ih tsah]		斑鳩[一隻]		567		true	自旧档汇入	2026-04-13T01:27:08+08:00
toussaint	sf	(La)	诸圣瞻礼节	tsu seng’ tsé ’li		諸聖瞻禮		567		true	自旧档汇入	2026-04-13T01:27:08+08:00
tousser	vn	Toux. sf	咳嗽	k‘éh seû’		咳嗽		567		true	自旧档汇入	2026-04-13T01:27:08+08:00
tout	sm		任何，每一个；所有的，一切的	tseû sen		周身		567		true	自旧档汇入	2026-04-13T01:27:08+08:00
tout	sm		任何，每一个；所有的，一切的	tsu seh		諸色		567		true	自旧档汇入	2026-04-13T01:27:08+08:00
tout	sm		任何，每一个；所有的，一切的	t‘ong t‘ong		通通		567		true	自旧档汇入	2026-04-13T01:27:08+08:00
tout	sm		任何，每一个；所有的，一切的	seh seh		色色		567		true	自旧档汇入	2026-04-13T01:27:08+08:00
tout	sm		任何，每一个；所有的，一切的	麝	ghiu’ zié	俱全		567	待定	true	自旧档汇入	2026-04-13T01:27:08+08:00
tout	sm		任何，每一个；所有的，一切的	ih zi (ts‘ih,’k‘i)		一齊（切，起）		567		true	自旧档汇入	2026-04-13T01:27:08+08:00
tout	sm	En -. Au total.	总共	’long (gong’) ’tsong		攏（共）總		567		true	自旧档汇入	2026-04-13T01:27:08+08:00
tout	sm	En -. Au total.	总共	gong’ ’ping		共併		567	待定	true	自旧档汇入	2026-04-13T01:27:08+08:00
tous	adj		全体的，所有的；任何的，任意的	yang’ yang’		樣樣		567		true	自旧档汇入	2026-04-13T01:27:08+08:00
tous	adj		全体的，所有的；任何的，任意的	t‘ong		通		567		true	自旧档汇入	2026-04-13T01:27:08+08:00
tous	adj		全体的，所有的；任何的，任意的	wen		渾		567		true	自旧档汇入	2026-04-13T01:27:08+08:00
tous	adj		全体的，所有的；任何的，任意的	tseû sen		周身		567		true	自旧档汇入	2026-04-13T01:27:08+08:00
tous	adj		全体的，所有的；任何的，任意的	’mé		滿		567		true	自旧档汇入	2026-04-13T01:27:08+08:00
tous	adj		全体的，所有的；任何的，任意的	ih ’tsong		一總		567		true	自旧档汇入	2026-04-13T01:27:08+08:00
tous	adj	Tous les ... Cf. Chaque	所有…，每个…	tsong’		衆		567		true	自旧档汇入	2026-04-13T01:27:08+08:00
tous	adj	Tous les ... Cf. Chaque	所有…，每个…	tou		都		567		true	自旧档汇入	2026-04-13T01:27:08+08:00
tous	adj	Tous les ... Cf. Chaque	所有…，每个…	zè		儳	儕	567		true	自旧档汇入	2026-04-13T01:27:08+08:00
tous	adj	Tous les ... Cf. Chaque	所有…，每个…	t‘ôh		秃		567	待定	true	自旧档汇入	2026-04-13T01:27:08+08:00
tous	adj	Tous les ... Cf. Chaque	所有…，每个…	zi		齊		567		true	自旧档汇入	2026-04-13T01:27:08+08:00
tous	adj	- le corps	全身	wen sen		渾身		567		true	自旧档汇入	2026-04-13T01:27:08+08:00
tous	adj	-e la vie	一生	ih sang ih se’		一生一世		567		true	自旧档汇入	2026-04-13T01:27:08+08:00
tous	adj	En -e chose. Cf. Entier	所有的事情	yang’ yang’ (ghié’ ghié’) ze’ ’t‘i		樣樣（件件）事體		567		true	自旧档汇入	2026-04-13T01:27:08+08:00
toutefois	adv		尽管如此，不过，然而，可是	tao’ ’ti		到底		567		true	自旧档汇入	2026-04-13T01:27:08+08:00
toutefois	adv		尽管如此，不过，然而，可是	tè’ ze’	dè’ ze’	但是		567		true	自旧档汇入	2026-04-13T01:27:08+08:00
tout-puissant	adj		万能的，力量无限的，威力无比的	wou ’sou péh neng		無所不能		567		true	自旧档汇入	2026-04-13T01:27:08+08:00
tout-puissant	adj	Le -. sm.	上帝	zié neng T‘ié ’tsu		全能天主		567		true	自旧档汇入	2026-04-13T01:27:08+08:00
tracas	sm		忙乱；忧虑，烦恼，不安	ze’ ’t‘i (wou’) tou		事體（務）多		567		true	自旧档汇入	2026-04-13T01:27:08+08:00
tracas	sm		忙乱；忧虑，烦恼，不安	fi’ sin		費心		567		true	自旧档汇入	2026-04-13T01:27:08+08:00
tracas	sm		忙乱；忧虑，烦恼，不安	sin ’k‘ou		辛苦		567		true	自旧档汇入	2026-04-13T01:27:08+08:00
tracas	sm	Avoir beaucoup de -	事务繁忙	lao sin		勞心		567		true	自旧档汇入	2026-04-13T01:27:08+08:00
tracas	sm	Avoir beaucoup de -	事务繁忙	maong maong lôh lôh		忙忙碌碌		567		true	自旧档汇入	2026-04-13T01:27:08+08:00
tracas	sm	Se donner beaucoup de -	给自己带来了很多麻烦	ih fè sin hieuh		一番心血		567		true	自旧档汇入	2026-04-13T01:27:08+08:00
tracas	sm	Se donner beaucoup de -	给自己带来了很多麻烦	’waong fi’ kong lao (sin se)		枉費功勞（心思）		567		true	自旧档汇入	2026-04-13T01:27:08+08:00
tracasser	va		使忧虑，使烦恼，使担心，找麻烦	lou sou		囉唆		568		true	自旧档汇入	2026-04-13T01:27:08+08:00
tracasser	va		使忧虑，使烦恼，使担心，找麻烦	nè’ wei		難為		568		true	自旧档汇入	2026-04-13T01:27:08+08:00
tracasser	va		使忧虑，使烦恼，使担心，找麻烦	vè lao		煩勞		568		true	自旧档汇入	2026-04-13T01:27:08+08:00
tracasser	va		使忧虑，使烦恼，使担心，找麻烦	kieng ’ts‘ao		驚吵		568		true	自旧档汇入	2026-04-13T01:27:08+08:00
tracasser	va		使忧虑，使烦恼，使担心，找麻烦	zé ’gnao		纏嬲		568	待定	true	自旧档汇入	2026-04-13T01:27:08+08:00
tracasser	vr	Se - l'esprit	心神不安	tou yong’ sin se		多用心思		568		true	自旧档汇入	2026-04-13T01:27:08+08:00
trace	sf		足迹，踪迹；痕迹	yen’ ’tse		印子		568		true	自旧档汇入	2026-04-13T01:27:08+08:00
trace	sf		足迹，踪迹；痕迹	’yeng tsong		影踪		568		true	自旧档汇入	2026-04-13T01:27:08+08:00
tracer	va		画，划，写，描	wah sié’ (kah,yang’)		劃綫（格，樣）		568		true	自旧档汇入	2026-04-13T01:27:08+08:00
trachée-artère	sf		气管	fi’ ’koé		肺管		568		true	自旧档汇入	2026-04-13T01:27:08+08:00
trachée-artère	sf		气管	hou long	wou long	喉嚨		568		true	自旧档汇入	2026-04-13T01:27:08+08:00
tradition	sf		传统；风俗，习俗，惯例	zé		傳		568		true	自旧档汇入	2026-04-13T01:27:08+08:00
tradition	sf		传统；风俗，习俗，惯例	zé zeû’		傳授		568		true	自旧档汇入	2026-04-13T01:27:08+08:00
tradition	sf	#NAME?	当地传统	fong zôh		風俗		568		true	自旧档汇入	2026-04-13T01:27:08+08:00
tradition	sf	- de famille	家庭传统	’tsou (se’,kia) zé		祖（世，家）傳		568		true	自旧档汇入	2026-04-13T01:27:08+08:00
tradition	sf	- de famille	家庭传统	men fong		門風		568		true	自旧档汇入	2026-04-13T01:27:08+08:00
tradition	sf	- de famille	家庭传统	kia fèh		家法		568		true	自旧档汇入	2026-04-13T01:27:08+08:00
traduction	sf		翻译；译文	fè su		翻書		568	原作“繙書”	true	自旧档汇入	2026-04-13T01:27:08+08:00
traduire	va		翻译	fè ts‘éh lai		翻出來		568	原作“繙出來”	true	自旧档汇入	2026-04-13T01:27:08+08:00
traduire	va		翻译	fè yeh ts‘éh lai		翻繹出來		568	原作“繙繹出來”	true	自旧档汇入	2026-04-13T01:27:08+08:00
trafiquant	sm		商人	tsou’ sang i gnen		做生意人		568		true	自旧档汇入	2026-04-13T01:27:08+08:00
trafiquer	vn		贩卖，买卖	fè’ ma’		販賣		568		true	自旧档汇入	2026-04-13T01:27:08+08:00
tragédie	sf		悲剧	’ts‘é (’k‘ou) hi’ [ih dai]		慘（苦）戲[一臺]		568		true	自旧档汇入	2026-04-13T01:27:08+08:00
tragique	adj		悲惨的，悲剧性的	ts‘i ’ts‘é ke’		悽慘个		568		true	自旧档汇入	2026-04-13T01:27:08+08:00
trahir	va		背叛，叛变，出卖	pei’ wou’		背負		568		true	自旧档汇入	2026-04-13T01:27:08+08:00
trahir	va		背叛，叛变，出卖	yen sen’	yen ’sen	陰損		568		true	自旧档汇入	2026-04-13T01:27:08+08:00
trahir	va	- un secret	泄露秘密	sieh leû’		洩漏		568		true	自旧档汇入	2026-04-13T01:27:08+08:00
trahir	va	- à prix d'argent	为钱背叛	se t‘ong nga’ kôh		私通外國		568		true	自旧档汇入	2026-04-13T01:27:08+08:00
trahir	va	- à prix d'argent	为钱背叛	tsong fong		慫風	縱風	568	待定	true	自旧档汇入	2026-04-13T01:27:08+08:00
trahir	va	- à prix d'argent	为钱背叛	ma’ kôh dou		賣國圖		568		true	自旧档汇入	2026-04-13T01:27:08+08:00
trahison	sf		背信弃义，出卖	kiè ki’		奸計		568		true	自旧档汇入	2026-04-13T01:27:08+08:00
trahison	sf	- [de Judas]	犹大的背叛	wou’ ma’		負賣		568		true	自旧档汇入	2026-04-13T01:27:08+08:00
train	sm	Chevaux et voitures	车马扈从	ts‘ouo ’lao ’mô		車咾馬		568		true	自旧档汇入	2026-04-13T01:27:08+08:00
train	sm	- de bois	木排	moh ba		木牌		568	待定 木排	true	自旧档汇入	2026-04-13T01:27:08+08:00
train	sm	- de chemin de fer	火车	t‘ih lou’ ts‘ouo		鐵路車		568		true	自旧档汇入	2026-04-13T01:27:08+08:00
train	sm	- de chemin de fer	火车	’h‘ou len ts‘ouo t‘ou ta’ ke’		火輪車拖帶个		568		true	自旧档汇入	2026-04-13T01:27:08+08:00
train	sm. Fig.	Mener grand -	生活奢华，排场阔绰	dou’ p‘a’		大派		568		true	自旧档汇入	2026-04-13T01:27:08+08:00
train	sm. Fig.	Mener grand -	生活奢华，排场阔绰	dou’ ba zang		大排場		568		true	自旧档汇入	2026-04-13T01:27:08+08:00
train	sm. Fig.	Mener grand -	生活奢华，排场阔绰	dou’ ba nga		大排衙		568		true	自旧档汇入	2026-04-13T01:27:08+08:00
train	sm. Fig.	Se sentir en -	感到精神饱满，情绪好	teh i’		得意		568		true	自旧档汇入	2026-04-13T01:27:08+08:00
train	sm. Fig.	Se sentir en -	感到精神饱满，情绪好	kao hieng’		高興		568		true	自旧档汇入	2026-04-13T01:27:08+08:00
train	sm. Fig.	Se sentir en -	感到精神饱满，情绪好	’k‘i kieng’		起勁		568		true	自旧档汇入	2026-04-13T01:27:08+08:00
traînant	adj		拖着地的，拖在地上的	t‘ou ’tao ’la di’ laong’ ke’		拖倒拉地上个		568		true	自旧档汇入	2026-04-13T01:27:08+08:00
traînard	sm		慢慢吞吞的人，拖拖拉拉的人	moh lai		摸來	木來	568		true	自旧档汇入	2026-04-13T01:27:08+08:00
traînard	sm		慢慢吞吞的人，拖拖拉拉的人	mè’ sing’ ke’		慢性个		568		true	自旧档汇入	2026-04-13T01:27:08+08:00
traînard	sm		慢慢吞吞的人，拖拖拉拉的人	leû’ loh ke’		漏落个		568		true	自旧档汇入	2026-04-13T01:27:08+08:00
traînard	sm		慢慢吞吞的人，拖拖拉拉的人	bi’ bi’ ke’		避避个		568	待定	true	自旧档汇入	2026-04-13T01:27:08+08:00
traîneau	sm		雪橇	ping zaong [ih tsah]		冰床[一隻]		568		true	自旧档汇入	2026-04-13T01:27:08+08:00
traînée	sf		(液体、气体、粉末等形成的)条痕，长痕	ih lou’ (diao)		一路（條）		568		true	自旧档汇入	2026-04-13T01:27:08+08:00
traîner	va		拖，拉，拽	t‘ou		拖		568		true	自旧档汇入	2026-04-13T01:27:08+08:00
traîner	va		拖，拉，拽	la		拉		568		true	自旧档汇入	2026-04-13T01:27:08+08:00
traîner	va		拖，拉，拽	pei’		背		568		true	自旧档汇入	2026-04-13T01:27:08+08:00
traîner	va	- [bête]	牵（牲口）	k‘ié		牽		568		true	自旧档汇入	2026-04-13T01:27:08+08:00
traîner	va	Traînez-le ici !	把它拖到这里	t‘ou (la,tsieû,gneû’) i kou’ lai	t‘ou (la,tsieû,’gneû) i kou’ lai	拖（拉，揪，扭）伊過來		568		true	自旧档汇入	2026-04-13T01:27:08+08:00
traîner	va	- en longueur	拖得很久	tè koh		耽擱		568		true	自旧档汇入	2026-04-13T01:27:08+08:00
traîner	va	- en longueur	拖得很久	t‘ou zang gnéh ’tse		拖長日子		568		true	自旧档汇入	2026-04-13T01:27:08+08:00
traîner	vr	Se -	落在后面；走得很慢；行动迟缓，拖拖拉拉	’tseû teh t‘ao t‘ao yeû yeû		走得滔滔優優		568	待定	true	自旧档汇入	2026-04-13T01:27:08+08:00
traîner	vr	Ne pouvoir se -	无法挪动	’tseû lai bè tè’ véh ’dong		走來[並足][足並]勿動		568		true	自旧档汇入	2026-04-13T01:27:08+08:00
traire	va		挤奶	leh (’tsi,tseng) ’na		捋（擠，[扌曾]）奶	？	568		true	自旧档汇入	2026-04-13T01:27:08+08:00
trait	sm		(驾车用的)套	kiang zeng		繮繩		568		true	自旧档汇入	2026-04-13T01:27:08+08:00
trait	sm	- du limonier	辕马的套	yeu t‘ao’		轅套		568		true	自旧档汇入	2026-04-13T01:27:08+08:00
trait	sm	Cheval de -	挽马	t‘ou ’mô ts‘ouo ke’ ’mô		拖馬車个馬		569		true	自旧档汇入	2026-04-13T01:27:08+08:00
trait	sm	Flèche	（箭、投枪等）投射武器	tsié’ [ih tse]		箭[一枝]		569		true	自旧档汇入	2026-04-13T01:27:08+08:00
trait	sm	Lancer un -	射箭	zoh tsié’		射箭		569		true	自旧档汇入	2026-04-13T01:27:08+08:00
trait	sm. Fig.	Ligne tracée	划线；线条，线	ih dao’		一道		569		true	自旧档汇入	2026-04-13T01:27:08+08:00
trait	sm. Fig.	Ligne tracée	划线；线条，线	ih diao		一條		569		true	自旧档汇入	2026-04-13T01:27:08+08:00
trait	sm. Fig.	Coup de pinceau	一笔，一划	ih wah		一劃		569		true	自旧档汇入	2026-04-13T01:27:08+08:00
trait	sm. Fig.	Coup de pinceau	一笔，一划	pieh		筆		569		true	自旧档汇入	2026-04-13T01:27:08+08:00
trait	sm. Fig.	Coup de pinceau	一笔，一划	pieh wah		筆劃		569		true	自旧档汇入	2026-04-13T01:27:08+08:00
trait	sm. Fig.	-s du visage	面部轮廓，面部特征	mié’ mao’		面貌		569		true	自旧档汇入	2026-04-13T01:27:08+08:00
trait	sm. Fig.	-s du visage	面部轮廓，面部特征	mié’ siang’		面相		569	圈	true	自旧档汇入	2026-04-13T01:27:08+08:00
trait	sm. Fig.	Haleine	一口（饮料）	ih hèh	ih h‘èh	一呷		569		true	自旧档汇入	2026-04-13T01:27:08+08:00
trait	sm. Fig.	Avaler d'un -	一口喝下	zeh ’tao ’hao k‘i’		直倒下去		569		true	自旧档汇入	2026-04-13T01:27:08+08:00
trait	sm. Fig.	Avaler d'un -	一口喝下	ih ’k‘eû k‘ieh		一口吃		569		true	自旧档汇入	2026-04-13T01:27:08+08:00
traitable	adj		好商量的，可通融的	wou k‘i’		和氣		569		true	自旧档汇入	2026-04-13T01:27:08+08:00
traite	sf		(一次走完的)行程，路程，旅程	ih zè’ lou’		一站路		569		true	自旧档汇入	2026-04-13T01:27:08+08:00
traite	sf	Aller tout d'une -	不停地走下去	ih ding ’a véh ding		一停也勿停		569		true	自旧档汇入	2026-04-13T01:27:08+08:00
traite	sf	Aller tout d'une -	不停地走下去	ih kiah bao		一脚跑		569		true	自旧档汇入	2026-04-13T01:27:08+08:00
traite	sf	Aller tout d'une -	不停地走下去	ih zeh tao’		一直到		569		true	自旧档汇入	2026-04-13T01:27:08+08:00
traite	sf	Achever tout d'une -	一次性做完	ih k‘i’ tsou’ wé		一氣做完		569		true	自旧档汇入	2026-04-13T01:27:08+08:00
traite	sf	Achever tout d'une -	一次性做完	’ten taong tsou’		躉當做		569		true	自旧档汇入	2026-04-13T01:27:08+08:00
traite	sf	Chevaucher d'une - jusqu'à ...	骑马一路飞驰	ih ’mô ghi tao’...		一馬騎到…		569		true	自旧档汇入	2026-04-13T01:27:08+08:00
traite	sf	Faire la - des esclaves	人口贩卖	fè’ ma’ gnen ’k‘eû		販賣人口		569		true	自旧档汇入	2026-04-13T01:27:08+08:00
traite	sf	Faire la - des esclaves	人口贩卖	k‘ai gnen haong		開人行		569		true	自旧档汇入	2026-04-13T01:27:08+08:00
traite	sf	Lettre de change	汇票，票据	gnen (zié) p‘iao’ [ih tsang]		銀（錢）票[一張]		569		true	自旧档汇入	2026-04-13T01:27:08+08:00
traité	sm		条约	yah		約		569		true	自旧档汇入	2026-04-13T01:27:08+08:00
traité	sm		条约	tsang zeng		章程		569		true	自旧档汇入	2026-04-13T01:27:08+08:00
traité	sm	- de paix	和平条约	wou yah		和約		569		true	自旧档汇入	2026-04-13T01:27:08+08:00
traité	sm	- de paix	和平条约	meng yah		盟約		569		true	自旧档汇入	2026-04-13T01:27:08+08:00
traité	sm	Faire un -	订立条约	lih (kiéh) yah		立（結）約		569		true	自旧档汇入	2026-04-13T01:27:08+08:00
traité	sm	Violer un -	违反条约	pei’ yah (meng)		背約（盟）		569		true	自旧档汇入	2026-04-13T01:27:08+08:00
traité	sm	Livre	专论，论文	su (ih ’bou)	su [ih ’bou]	書（一部）	書[一部]	569		true	自旧档汇入	2026-04-13T01:27:08+08:00
traité	sm	- de médecine	医学专论	yah su		藥書		569	也有药	true	自旧档汇入	2026-04-13T01:27:08+08:00
traitement	sm		报酬，酬劳；薪水，薪金	sin fong’		辛俸		569		true	自旧档汇入	2026-04-13T01:27:08+08:00
traitement	sm		报酬，酬劳；薪水，薪金	fong’ loh		俸禄		569		true	自旧档汇入	2026-04-13T01:27:08+08:00
traitement	sm	- en riz	俸米	mi fong’	’mi fong’	米俸		569		true	自旧档汇入	2026-04-13T01:27:08+08:00
traitement	sm	- en argent	俸银	gnen fong’		銀俸		569		true	自旧档汇入	2026-04-13T01:27:08+08:00
traitement	sm	- de maître d'école	教师的酬金	sieû kien		脩金		569		true	自旧档汇入	2026-04-13T01:27:08+08:00
traitement	sm	- de maître d'école	教师的酬金	sôh sieû		束脩		569		true	自旧档汇入	2026-04-13T01:27:08+08:00
traitement	sm	- de maître d'école	教师的酬金	sin ’se		薪水		569		true	自旧档汇入	2026-04-13T01:27:08+08:00
traitement	sm	Bons -s. Mauvais -s.		Cf. Traiter		——		569	善待。虐待。没有上海话	true	自旧档汇入	2026-04-13T01:27:08+08:00
traiter	va		对待，看待	’dai		待		569		true	自旧档汇入	2026-04-13T01:27:08+08:00
traiter	va		对待，看待	k‘eu’ ’dai		看待		569		true	自旧档汇入	2026-04-13T01:27:08+08:00
traiter	va	Bien -	善待	’dai ’h‘ao		待好		569		true	自旧档汇入	2026-04-13T01:27:08+08:00
traiter	va	Bien -	善待	’k‘oé ’dai		款待		569		true	自旧档汇入	2026-04-13T01:27:08+08:00
traiter	va	- grossièrement. Maltraiter.	粗鲁、无礼地对待	’dai mè’		怠慢		569		true	自旧档汇入	2026-04-13T01:27:08+08:00
traiter	va	- grossièrement. Maltraiter.	粗鲁、无礼地对待	’dai gnen k‘eh bôh		待人刻薄		569		true	自旧档汇入	2026-04-13T01:27:08+08:00
traiter	va	- grossièrement. Maltraiter.	粗鲁、无礼地对待	’dai ts‘ouo		待差		569		true	自旧档汇入	2026-04-13T01:27:08+08:00
traiter	va	- grossièrement. Maltraiter.	粗鲁、无礼地对待	k‘eu’ k‘ieng		看輕		569		true	自旧档汇入	2026-04-13T01:27:08+08:00
traiter	va	- une affaire	处理事务	bè’ ze’		辦事		569		true	自旧档汇入	2026-04-13T01:27:08+08:00
traiter	va	- une affaire	处理事务	tsou’ ze’ ’t‘i		做事體		569		true	自旧档汇入	2026-04-13T01:27:08+08:00
traiter	va	- une affaire	处理事务	bè’ ’li		辦理		569		true	自旧档汇入	2026-04-13T01:27:08+08:00
traiter	va	- une affaire	处理事务	kieng ’seû		經手		569		true	自旧档汇入	2026-04-13T01:27:08+08:00
traiter	va	- une maladie	治疗疾病	i bing’		醫病		569		true	自旧档汇入	2026-04-13T01:27:08+08:00
traiter	va	- une maladie	治疗疾病	k‘eu’ bing’		看病		569	自行添補	true	自旧档汇入	2026-04-13T01:27:08+08:00
traiter	va	- qqn d'Excellence	称某人为阁下	ts‘eng h‘ou i da’ zen		稱呼伊大人		569	自行添補	true	自旧档汇入	2026-04-13T01:27:08+08:00
traiter	vn	- avec les gens	与人谈论	saong liang		商量		569		true	自旧档汇入	2026-04-13T01:27:08+08:00
traiter	vn	- avec les gens	与人谈论	yeng’ zeû		應酬		569		true	自旧档汇入	2026-04-13T01:27:08+08:00
traiter	vn	#NAME?	谈论，论述	wo’		話		569		true	自旧档汇入	2026-04-13T01:27:08+08:00
traiter	vn	#NAME?	谈论，论述	di		提		569		true	自旧档汇入	2026-04-13T01:27:08+08:00
traiter	vn	#NAME?	谈论，论述	’kaong		講		569		true	自旧档汇入	2026-04-13T01:27:08+08:00
traiter	vn	- de fiançailles	说亲	seh ts‘in		説親		569		true	自旧档汇入	2026-04-13T01:27:08+08:00
traître	adj		背叛的	pei’ wou’ ke’		背負个		569		true	自旧档汇入	2026-04-13T01:27:08+08:00
traître	adj		背叛的	kiè wèh ke’		奸滑个		569		true	自旧档汇入	2026-04-13T01:27:08+08:00
traître	sm	Ministre -	奸臣	kiè zen		奸臣		569	原注有“Cf. Trahir.”	true	自旧档汇入	2026-04-13T01:27:08+08:00
trajet	sm		旅行；路程，行程，旅程	lou’ zeng		路程		569		true	自旧档汇入	2026-04-13T01:27:08+08:00
trajet	sm	Faire un long -	走一大段路	’tseû ’yeu lou’		走遠路		569		true	自旧档汇入	2026-04-13T01:27:08+08:00
trame	sf		纬，纬纱	wei’		緯		569		true	自旧档汇入	2026-04-13T01:27:08+08:00
trame	sf		纬，纬纱	wei’ souo		緯紗		569		true	自旧档汇入	2026-04-13T01:27:08+08:00
tramer	va. Fig.		策划	seu’ ki’		算計		570		true	自旧档汇入	2026-04-13T01:27:08+08:00
tramer	va. Fig.		策划	ki’ meû		計謀		570		true	自旧档汇入	2026-04-13T01:27:08+08:00
tramway	sm	électrique	有轨电车	dié’ k‘i’ ts‘ouo		電氣車		570		true	自旧档汇入	2026-04-13T01:27:08+08:00
tranchant	sm		刃，刀口	tao ’k‘eû (pié)		刀口（邊）		570		true	自旧档汇入	2026-04-13T01:27:08+08:00
tranchant	adj		锋利的，锐利的	k‘oa’		快		570		true	自旧档汇入	2026-04-13T01:27:08+08:00
tranchant	adj	Caractères -	直率的；斩钉截铁的，不容置辩的(性格)	’yeû kieuh deu’	’yeû kieuh teu’	有决斷		570		true	自旧档汇入	2026-04-13T01:27:08+08:00
tranche	sf		片，薄片	ih p‘ié’		一片		570		true	自旧档汇入	2026-04-13T01:27:08+08:00
tranche	sf	- de bœuf	牛肉片	gneû gnôh p‘ié’		牛肉片		570		true	自旧档汇入	2026-04-13T01:27:08+08:00
tranche	sf	- d'un livre	书的侧边	su pié		書邊		570		true	自旧档汇入	2026-04-13T01:27:08+08:00
tranche	sf	Doré sur -	边缘镀金	kien pié ke’		金邊个		570		true	自旧档汇入	2026-04-13T01:27:08+08:00
tranchée	sf		沟；路堑	ih diao keû		一條溝		570		true	自旧档汇入	2026-04-13T01:27:08+08:00
tranchée	sf		沟；路堑	di’ dao’		地道		570		true	自旧档汇入	2026-04-13T01:27:08+08:00
trancher	va		切，切断，斩断，割断	ts‘ih k‘ai		切開		570		true	自旧档汇入	2026-04-13T01:27:08+08:00
trancher	va		切，切断，斩断，割断	’tsè t‘éh		斬脱		570		true	自旧档汇入	2026-04-13T01:27:08+08:00
trancher	va		切，切断，斩断，割断	p‘ou’ k‘ai		破開		570		true	自旧档汇入	2026-04-13T01:27:08+08:00
trancher	vn	Décider	决绝，干脆决定	ding’ (kieuh) deu’		定（决）斷		570		true	自旧档汇入	2026-04-13T01:27:08+08:00
trancher	vn	- du grand seigneur	充大阔佬，摆贵族气派	yao’ ’wou yang wei		耀武揚威		570	faire le grand seigneur 	true	自旧档汇入	2026-04-13T01:27:08+08:00
tranchet	sm		(皮匠的)皮刀	bi (bi ziang’) tao [ih ’pouo]		皮（皮匠）刀[一把]		570		true	自旧档汇入	2026-04-13T01:27:08+08:00
tranquille	adj		安心的，镇静的，安详的，平静的	bing eu		平安		570		true	自旧档汇入	2026-04-13T01:27:08+08:00
tranquille	adj		安心的，镇静的，安详的，平静的	t‘a’ bing		太平		570		true	自旧档汇入	2026-04-13T01:27:08+08:00
tranquille	adj		安心的，镇静的，安详的，平静的	eu gneng		安寧		570		true	自旧档汇入	2026-04-13T01:27:08+08:00
tranquille	adj	Silencieux. Calme.	安心的，镇静的，安详的，平静的	bing ’zing		平靖		570	待定	true	自旧档汇入	2026-04-13T01:27:08+08:00
tranquille	adj	Silencieux. Calme.	安心的，镇静的，安详的，平静的	véh tou wo’		勿多話		570		true	自旧档汇入	2026-04-13T01:27:08+08:00
tranquille	adj	Soyez -	放心吧	faong’ sin méh ’tsé		放心末者		570		true	自旧档汇入	2026-04-13T01:27:08+08:00
tranquillement	adv		平静地，安稳地，安静地，安心地；温顺地，柔和地	bing bing eu eu		平平安安		570		true	自旧档汇入	2026-04-13T01:27:08+08:00
tranquillement	adv		平静地，安稳地，安静地，安心地；温顺地，柔和地	eu eu ten’ ten’		安安頓頓		570		true	自旧档汇入	2026-04-13T01:27:08+08:00
tranquillement	adv	Sans empressement	不匆忙	mè’ mè’ kiao’		慢慢叫		570		true	自旧档汇入	2026-04-13T01:27:08+08:00
tranquillement	adv	Sans fatigue. À l'aise	不劳累，安逸地，从容地	ts‘ong ts‘ong yong yong		從從容容		570		true	自旧档汇入	2026-04-13T01:27:08+08:00
tranquillement	adv	Travailler -	从容地工作	su su zu zu tsou’ ze’ ’t‘i		舒舒如如做事體		570		true	自旧档汇入	2026-04-13T01:27:08+08:00
tranquilliser	va	qqn	使平静，使安心，使放心	eu wei’ i		安慰伊		570		true	自旧档汇入	2026-04-13T01:27:08+08:00
tranquilliser	va	qqn	使平静，使安心，使放心	’se i t‘a’ bing		使伊太平		570		true	自旧档汇入	2026-04-13T01:27:08+08:00
tranquilliser	vr	Se -	平静下来，安心，放心	faong’ sin		放心		570		true	自旧档汇入	2026-04-13T01:27:08+08:00
tranquilliser	vr	Ne pouvoir se -	放心不下，无法安心	faong’ sin véh loh		放心勿落		570		true	自旧档汇入	2026-04-13T01:27:08+08:00
transaction	sf		和解，妥协，互让了结	wou		和		570		true	自旧档汇入	2026-04-13T01:27:08+08:00
transaction	sf		和解，妥协，互让了结	diao ding		調停		570		true	自旧档汇入	2026-04-13T01:27:08+08:00
transaction	sf		和解，妥协，互让了结	eu ba		安排		570		true	自旧档汇入	2026-04-13T01:27:08+08:00
transaction	sf	#NAME?	商业往来，生意	sang i’		生意		570		true	自旧档汇入	2026-04-13T01:27:08+08:00
transaction	sf	#NAME?	商业往来，生意	meû yeh	meû’ yeh	貿易		570		true	自旧档汇入	2026-04-13T01:27:08+08:00
transaction	sf	Faire une - ,,	做交易	tsou’ kiao yeh		做交易		570		true	自旧档汇入	2026-04-13T01:27:08+08:00
transborder	va		使换船，使转车，转装	kou’ zé		過船		570		true	自旧档汇入	2026-04-13T01:27:08+08:00
transborder	va		使换船，使转车，转装	kou’ zai		過儎		570	待定	true	自旧档汇入	2026-04-13T01:27:08+08:00
transborder	va		使换船，使转车，转装	pôh		駁		570		true	自旧档汇入	2026-04-13T01:27:08+08:00
transcendant	adj		卓越的，超群的，出类拔萃的	ts‘éh ’teng ke’		出等个		570		true	自旧档汇入	2026-04-13T01:27:08+08:00
transcendant	adj		卓越的，超群的，出类拔萃的	fi vè ke’		非凡个		570		true	自旧档汇入	2026-04-13T01:27:08+08:00
transcrire	va		抄写，誊写	ts‘ao ’sia		抄寫		570		true	自旧档汇入	2026-04-13T01:27:08+08:00
transcrire	va	Mettre au net	抄写，誊写；誊清	deng		謄		570		true	自旧档汇入	2026-04-13T01:27:08+08:00
transcrire	va	Mettre au net	抄写，誊写；誊清	deng ’sia		謄寫		570		true	自旧档汇入	2026-04-13T01:27:08+08:00
transe	sf		担心，忧虑，恐惧不安	sin kieng gnôh t‘iao’ ke’		心驚肉跳个		570		true	自旧档汇入	2026-04-13T01:27:08+08:00
transe	sf	Être dans les -s	处于担心、恐惧之中	di sin tiao’ ’tè ke’		提心吊胆个		570	保留簡體	true	自旧档汇入	2026-04-13T01:27:08+08:00
transférer	va		转移，迁移	diao’		調		570		true	自旧档汇入	2026-04-13T01:27:08+08:00
transférer	va		转移，迁移	pé		搬		570		true	自旧档汇入	2026-04-13T01:27:08+08:00
transférer	va		转移，迁移	pé yi		搬移		570	自行添補	true	自旧档汇入	2026-04-13T01:27:08+08:00
transfert	sm	de propriété	产权转让	kou’ wou’		過户		570		true	自旧档汇入	2026-04-13T01:27:08+08:00
transfiguration	sf		(耶稣的)变容	Ya-sou hié’ seng’ yong	Ya-sou ’hié seng’ yong	耶穌顯聖容		570		true	自旧档汇入	2026-04-13T01:27:08+08:00
transformer	va. vr.	Se -	变化，转化	’kai yang’ ’tse		改樣子		570		true	自旧档汇入	2026-04-13T01:27:08+08:00
transformer	va. vr.	Se -	变化，转化	pié’ h‘ouo’		變化		570		true	自旧档汇入	2026-04-13T01:27:08+08:00
transformer	vr	Se - en mieux	变得更好	’kai oh wei’ zé’		改惡為善		570	待定	true	自旧档汇入	2026-04-13T01:27:08+08:00
transgresser	va		违反，违犯，违抗	’vè fèh		犯法		570		true	自旧档汇入	2026-04-13T01:27:08+08:00
transgresser	va		违反，违犯，违抗	’vè zu’		犯罪		570		true	自旧档汇入	2026-04-13T01:27:08+08:00
transgression	sf		违反，违犯，违抗	kou’ séh		過失		570		true	自旧档汇入	2026-04-13T01:27:08+08:00
transgression	sf		违反，违犯，违抗	zu’ kou’		罪過		570		true	自旧档汇入	2026-04-13T01:27:08+08:00
transgression	sf		违反，违犯，违抗	ts‘ouo’ séh		錯失		570		true	自旧档汇入	2026-04-13T01:27:08+08:00
transi	adj	de froid	冻僵的，冻麻木的	tong’ kiang ’tsé		凍僵者		571		true	自旧档汇入	2026-04-13T01:27:08+08:00
transi	adj	de froid	冻僵的，冻麻木的	’seû kiah ping ’lang		手脚冰冷		571		true	自旧档汇入	2026-04-13T01:27:08+08:00
transi	adj	- de peur	吓呆了	hah lai lôh lôh teû	h‘ah lai lôh lôh teû	嚇來碌碌抖		571		true	自旧档汇入	2026-04-13T01:27:08+08:00
transiger	vn	Céder	妥协，让步；姑息	gnang’		讓		571		true	自旧档汇入	2026-04-13T01:27:08+08:00
transiger	vn	- avec se conscience	昧着良心	mé (saong) liang sin	mé (saong’) liang sin	瞞（喪）良心		571		true	自旧档汇入	2026-04-13T01:27:08+08:00
transiger	vn	- avec se conscience	昧着良心	ma méh liang sin		埋没良心		571		true	自旧档汇入	2026-04-13T01:27:08+08:00
transiger	vn	Cf. Transaction		——		——		571	无上海话；应该就是放了个近义词	true	自旧档汇入	2026-04-13T01:27:08+08:00
transit	sm		过境，转口，中转	tsin’ ’k‘eû gné’ tè		進口驗單		571		true	自旧档汇入	2026-04-13T01:27:08+08:00
transit	sm		过境，转口，中转	ts‘éh ’k‘eû gné’ tè		出口驗單		571		true	自旧档汇入	2026-04-13T01:27:08+08:00
transitoire	adj		过渡的，暂时的	zieû’ kou’ ke’		就過个		571		true	自旧档汇入	2026-04-13T01:27:08+08:00
transitoire	adj		过渡的，暂时的	véh zang ’kieû ke’		勿長久个		571		true	自旧档汇入	2026-04-13T01:27:08+08:00
transitoire	adj		过渡的，暂时的	zè’ ze ke’		暫時个		571		true	自旧档汇入	2026-04-13T01:27:08+08:00
transitoire	adj		过渡的，暂时的	ih kieng eul kou’		一經而過		571		true	自旧档汇入	2026-04-13T01:27:08+08:00
transmettre	va		转达，传达，转交，传送，传递；播发，播送	zé ’hao		傳下		571		true	自旧档汇入	2026-04-13T01:27:08+08:00
transmettre	va		转达，传达，转交，传送，传递；播发，播送	ki’		寄		571		true	自旧档汇入	2026-04-13T01:27:08+08:00
transmettre	va		转达，传达，转交，传送，传递；播发，播送	zé zeû’		傳授		571		true	自旧档汇入	2026-04-13T01:27:08+08:00
transmettre	va		转达，传达，转交，传送，传递；播发，播送	’seû zé ’seû		手傳手		571		true	自旧档汇入	2026-04-13T01:27:08+08:00
transmigration	sf	des âmes	灵魂转世，转生	deû sang		投生		571		true	自旧档汇入	2026-04-13T01:27:08+08:00
transmigration	sf	des âmes	灵魂转世，转生	deû t‘ai		投胎		571		true	自旧档汇入	2026-04-13T01:27:08+08:00
transmigration	sf	des âmes	灵魂转世，转生	’tsé se’		轉世		571		true	自旧档汇入	2026-04-13T01:27:08+08:00
transmigration	sf	des âmes	灵魂转世，转生	t‘oh sang		托生		571		true	自旧档汇入	2026-04-13T01:27:08+08:00
transmigration	sf	des âmes	灵魂转世，转生	len wei lôh dao’		輪迴六道		571		true	自旧档汇入	2026-04-13T01:27:08+08:00
transmis	pp	Reçu	被接受的；固有的	zé ’hao lai		傳下來		571		true	自旧档汇入	2026-04-13T01:27:08+08:00
transparent	adj		透明的	tsao’ teh ts‘éh ke’		照得出个		571		true	自旧档汇入	2026-04-13T01:27:08+08:00
transparent	sm	#NAME?		t‘euh kah		脱格		571		true	自旧档汇入	2026-04-13T01:27:08+08:00
transparent	sm	- avec lettres		yen’ kah		印格		571		true	自旧档汇入	2026-04-13T01:27:08+08:00
transpercer	va		穿通，穿破，剌穿，戳穿	ts‘ôh t‘eû’ (t‘ong)		戳透（通）		571		true	自旧档汇入	2026-04-13T01:27:08+08:00
transpercer	va		穿通，穿破，剌穿，戳穿	long’ ts‘é		弄穿		571		true	自旧档汇入	2026-04-13T01:27:08+08:00
transpercer	va	- [qqn]	穿通，穿破，剌穿，戳穿	ts‘é sin t‘eû’ pei’		穿心透背		571		true	自旧档汇入	2026-04-13T01:27:08+08:00
transpercer	va. Fig.	- de douleur	刺痛，刺伤	ts‘ôh saong gnen sin		戳傷人心		571		true	自旧档汇入	2026-04-13T01:27:08+08:00
transpiration	sf		出汗，流汗	heu’		汗		571		true	自旧档汇入	2026-04-13T01:27:08+08:00
transpirer	vn	Suer	出汗，流汗	ts‘eh heu’		出汗		571		true	自旧档汇入	2026-04-13T01:27:08+08:00
transpirer	vn	[La chose] a transpiré	泄露，走漏，透露	sieh leû’ ’tsé		洩漏者		571		true	自旧档汇入	2026-04-13T01:27:08+08:00
transpirer	vn	[La chose] a transpiré	泄露，走漏，透露	’tseû leû’ fong seng		走漏風聲		571		true	自旧档汇入	2026-04-13T01:27:08+08:00
transpirer	vn	[La chose] a transpiré	泄露，走漏，透露	ts‘é pang’		穿迸		571		true	自旧档汇入	2026-04-13T01:27:08+08:00
transpirer	vn	[La chose] a transpiré	泄露，走漏，透露	lou’ fong		露風		571		true	自旧档汇入	2026-04-13T01:27:08+08:00
transplanter	va		移植，移栽	pé tsong’		搬種		571		true	自旧档汇入	2026-04-13T01:27:08+08:00
transplanter	va		移植，移栽	pé zu’		搬樹		571		true	自旧档汇入	2026-04-13T01:27:08+08:00
transport	sm		运输，搬运，运送，输送	pé		搬		571		true	自旧档汇入	2026-04-13T01:27:08+08:00
transport	sm		运输，搬运，运送，输送	yi		移		571		true	自旧档汇入	2026-04-13T01:27:08+08:00
transport	sm	Frais de - par bateau	船运费	’se kiah		水脚		571		true	自旧档汇入	2026-04-13T01:27:08+08:00
transport	sm	Frais de - par bateau	船运费	zé dié		船錢		571		true	自旧档汇入	2026-04-13T01:27:08+08:00
transport	sm	,, ,, - par char	畜力车运费	ts‘ouo dié		車錢		571		true	自旧档汇入	2026-04-13T01:27:08+08:00
transport	sm	,, ,, - à dos d'homme	人力搬运费	lih dié		力錢		571		true	自旧档汇入	2026-04-13T01:27:08+08:00
transport	sm	,, ,, - à dos d'homme	人力搬运费	tè (t‘iao,kaong,dai) lih		担（挑，扛，抬）力		571		true	自旧档汇入	2026-04-13T01:27:08+08:00
transporté	pp	de joie	欣喜若狂	hoé t‘ié ’hi di’ ke’	h‘oé t‘ié ’hi di’ ke’	歡天喜地个		571		true	自旧档汇入	2026-04-13T01:27:08+08:00
transporter	va		运输，搬运，运送，输送	pé kou’ lai		搬過來		571		true	自旧档汇入	2026-04-13T01:27:08+08:00
transporter	va	- des marchandises	运货	pé (yun’) hou’ seh	pé (yun’) h‘ou’ seh	搬（運）貨色		571		true	自旧档汇入	2026-04-13T01:27:08+08:00
transposer	va		掉换位置，颠倒次序	diao ’tsé lai		調轉來		571	待定	true	自旧档汇入	2026-04-13T01:27:08+08:00
transposer	va	- un mot	改变词序	’tao tsaong kiu’ ’tse		倒裝句子		571		true	自旧档汇入	2026-04-13T01:27:08+08:00
transvaser	va		倾注(液体)，倒	’tao (k‘ieng) ts‘éh lai		倒（傾）出來		571		true	自旧档汇入	2026-04-13T01:27:08+08:00
transvaser	va		倾注(液体)，倒	koé’		灌		571		true	自旧档汇入	2026-04-13T01:27:08+08:00
transversal	adj		横的，横向的；横切的，横断的，横截的	wang ke’		横个		571		true	自旧档汇入	2026-04-13T01:27:08+08:00
transversal	adj		横的，横向的；横切的，横断的，横截的	wang ’tsé ke’		横者个		571		true	自旧档汇入	2026-04-13T01:27:08+08:00
transversalement	adv		横向地；横切地	wang ’li		横裏		571		true	自旧档汇入	2026-04-13T01:27:08+08:00
trapèze	sm		梯形	’teû faong yeng		斗方形		571		true	自旧档汇入	2026-04-13T01:27:08+08:00
trapu	adj		矮胖的，矮壮的	gnen ’teu ’lao ghia		人短咾强		571		true	自旧档汇入	2026-04-13T01:27:08+08:00
trapu	adj		矮胖的，矮壮的	’a tsaong’		矮壯		571		true	自旧档汇入	2026-04-13T01:27:08+08:00
traquenard	sm		捕兽器，罗网，陷阱	k‘ieu t‘ao’		圈套		571	这里考虑用了两个圈套，但是后一个有fig,那么前一个大概是原义？	true	自旧档汇入	2026-04-13T01:27:08+08:00
traquenard	sm. Fig.		圈套，诡计	k‘ieu t‘ao’		圈套		572		true	自旧档汇入	2026-04-13T01:27:08+08:00
traquenard	sm. Fig.		圈套，诡计	p‘ié’ zaong’ taong’		騙上當		572		true	自旧档汇入	2026-04-13T01:27:08+08:00
traquer	va		围捕，追捕	’keu ’kien		赶緊		572	保留簡體	true	自旧档汇入	2026-04-13T01:27:08+08:00
traquer	va		围捕，追捕	wei k‘oen’		圍困		572		true	自旧档汇入	2026-04-13T01:27:08+08:00
travail	sm	Labeur	艰苦的劳动，繁重的劳动	sin ’k‘ou		辛苦		572		true	自旧档汇入	2026-04-13T01:27:08+08:00
travail	sm	Labeur	艰苦的劳动，繁重的劳动	lao ’k‘ou		勞苦		572		true	自旧档汇入	2026-04-13T01:27:08+08:00
travail	sm	Ouvrage	工作，劳动，活儿	kong		工		572		true	自旧档汇入	2026-04-13T01:27:08+08:00
travail	sm	Ouvrage	工作，劳动，活儿	kong fou (zeng)		工夫（程）		572		true	自旧档汇入	2026-04-13T01:27:08+08:00
travail	sm	Ouvrage	工作，劳动，活儿	tsou’ deû		做頭		572		true	自旧档汇入	2026-04-13T01:27:08+08:00
travail	sm	#NAME?	体力劳动	sang wéh		生活		572		true	自旧档汇入	2026-04-13T01:27:08+08:00
travail	sm	#NAME?	体力劳动	’seû kong		手工		572		true	自旧档汇入	2026-04-13T01:27:08+08:00
travail	sm	#NAME?	体力劳动	yong sang		營生		572		true	自旧档汇入	2026-04-13T01:27:08+08:00
travail	sm	#NAME?	体力劳动	kong tsoh 		工作		572		true	自旧档汇入	2026-04-13T01:27:08+08:00
travail	sm	#NAME?	体力劳动	lao lih		勞力		572		true	自旧档汇入	2026-04-13T01:27:08+08:00
travail	sm	#NAME?	脑力劳动	lao sin		勞心		572		true	自旧档汇入	2026-04-13T01:27:08+08:00
travail	sm	#NAME?	脑力劳动	fi’ sin		費心		572		true	自旧档汇入	2026-04-13T01:27:08+08:00
travail	sm	Vivre du - de ses mains	靠双手劳动生活	tsou’ lai k‘ieh		做來吃		572		true	自旧档汇入	2026-04-13T01:27:08+08:00
travail	sm	Aller au -	去上班	zaong’ kong		上工		572		true	自旧档汇入	2026-04-13T01:27:08+08:00
travail	sm	Commencer les travaux	工程开始	k‘ai (’dong) kong		開（動）工		572		true	自旧档汇入	2026-04-13T01:27:08+08:00
travail	sm	Commencer les travaux	工程开始	’dong ’seû		動手		572		true	自旧档汇入	2026-04-13T01:27:08+08:00
travail	sm	Arrêter ,, ,,	停工	ding (’bouo) kong		停（罷）工		572		true	自旧档汇入	2026-04-13T01:27:08+08:00
travail	sm	Achever ,, ,,	完成工作	’mé kong		滿工		572		true	自旧档汇入	2026-04-13T01:27:08+08:00
travail	sm	,, publics	政府工程	koé kong		官工		572		true	自旧档汇入	2026-04-13T01:27:08+08:00
travail	sm	,, forcés	强迫劳动	’vè gnen sang wéh		犯人生活		572		true	自旧档汇入	2026-04-13T01:27:08+08:00
travailler	vn	des mains	用双手工作	tsou’ sang wéh		做生活		572		true	自旧档汇入	2026-04-13T01:27:08+08:00
travailler	vn	des mains	用双手工作	tsou’ ’seû gni’		做手藝		572		true	自旧档汇入	2026-04-13T01:27:08+08:00
travailler	vn	- à forfait, à la tâche	做合同工	pao sang wéh		包生活		572		true	自旧档汇入	2026-04-13T01:27:08+08:00
travailler	vn	- à forfait, à la tâche	做合同工	pao kong		包工		572		true	自旧档汇入	2026-04-13T01:27:08+08:00
travailler	vn	- à la journée	做日工，做临时工	tsou’ sè’ kong (gnéh kong)		做散工（日工）		572	待定	true	自旧档汇入	2026-04-13T01:27:08+08:00
travailler	vn	- à la journée	做日工，做临时工	’tié kong tsou’		點工做		572		true	自旧档汇入	2026-04-13T01:27:08+08:00
travailler	vn	- à la journée	做日工，做临时工	len’ gnéh deû		論日頭		572		true	自旧档汇入	2026-04-13T01:27:08+08:00
travailler	vn	- à l'année	做年工，做长工	tsou’ zang kong		做長工		572		true	自旧档汇入	2026-04-13T01:27:08+08:00
travailler	vn	- en pure perte	赔本生产；徒劳无功	dou lao wou yeh		徒勞無益		572		true	自旧档汇入	2026-04-13T01:27:08+08:00
travailler	vn	- en pure perte	赔本生产；徒劳无功	bah fi’ sin ki’		白費心計		572		true	自旧档汇入	2026-04-13T01:27:08+08:00
travailler	vn	- en pure perte	赔本生产；徒劳无功	bah lao ’k‘ou		白勞苦		572		true	自旧档汇入	2026-04-13T01:27:08+08:00
travailler	vn	[Cet écolier] ne travaille pas	（学生）学习不用功	dôh su véh yong’ sin		讀書勿用心		572	Cet écolier 本不分开	true	自旧档汇入	2026-04-13T01:27:08+08:00
travailler	vn	Les uns travaillent de corps les au tres d'esprit	有些人用身体工作，有些人用头脑工作	’yeû lao lih ke’ , ’yeû lao sin ke’		有勞力个，有勞心个		572	格式待定	true	自旧档汇入	2026-04-13T01:27:08+08:00
travailler	vn	Faire effort	努力	yong’ lih		用力		572		true	自旧档汇入	2026-04-13T01:27:08+08:00
travailler	vn	Faire effort	努力	’mié lih		勉力		572		true	自旧档汇入	2026-04-13T01:27:08+08:00
travailler	vn	- à se corriger	努力自我改正	fèh fen’ ’kai kou’		發奮改過		572		true	自旧档汇入	2026-04-13T01:27:08+08:00
travailler	va	Façonner	加工；把…做成形；捏揉	gnèh		捏		572		true	自旧档汇入	2026-04-13T01:27:08+08:00
travailler	va	Façonner	加工；把…做成形；捏揉	tsou’		做		572		true	自旧档汇入	2026-04-13T01:27:08+08:00
travailler	va	[Matière] facile à -	容易加工	’h‘ao tsou’ (long’) ke’		好做（弄）个		572		true	自旧档汇入	2026-04-13T01:27:08+08:00
travailleur	sm		劳动者，工作者	tsou’ sang wéh ke’		做生活个		572		true	自旧档汇入	2026-04-13T01:27:08+08:00
travée	sf		跨度；梁间距；开间；梁跨	ih kè		一間		572		true	自旧档汇入	2026-04-13T01:27:08+08:00
travers	sm	Défaut	缺点，小脾气；怪癖，怪脾气	mao bing’		毛病		572		true	自旧档汇入	2026-04-13T01:27:08+08:00
travers	sm	Défaut	缺点，小脾气；怪癖，怪脾气	’teu ts‘u’		短處		572		true	自旧档汇入	2026-04-13T01:27:08+08:00
travers	sm	De -. Pas droit. adv	歪着，斜着，歪歪斜斜地，错误地	foa ke’		歪个		572		true	自旧档汇入	2026-04-13T01:27:08+08:00
travers	sm	De -. Pas droit. adv	歪着，斜着，歪歪斜斜地，错误地	zia ke’		斜个		572		true	自旧档汇入	2026-04-13T01:27:08+08:00
travers	sm	De -. Pas droit. adv	歪着，斜着，歪歪斜斜地，错误地	véh tseng’		勿正		572		true	自旧档汇入	2026-04-13T01:27:08+08:00
travers	sm	De -. Pas droit. adv	歪着，斜着，歪歪斜斜地，错误地	véh faong tseng’		勿方正		572		true	自旧档汇入	2026-04-13T01:27:08+08:00
travers	sm	De -. Pas droit. adv	歪着，斜着，歪歪斜斜地，错误地	wang tou ’li		横朵裏		572	待定	true	自旧档汇入	2026-04-13T01:27:08+08:00
travers	sm	De -. Pas droit. adv	歪着，斜着，歪歪斜斜地，错误地	zah koh		射角		572	一作“着角”	true	自旧档汇入	2026-04-13T01:27:08+08:00
travers	sm	Bouche de -	歪嘴	’tse foa ke’		嘴歪个		572		true	自旧档汇入	2026-04-13T01:27:08+08:00
travers	sm	[Se tenir] de -	歪歪扭扭地站着	ts‘ih foa pèh k‘ié (lih) ke’		七歪八欠（[扌律]）个	？	572		true	自旧档汇入	2026-04-13T01:27:08+08:00
travers	sm	Regarder qqn de -	憎恶地看着某人，以敌意的目光看着某人	’h‘ou biéh gnen		火别人		572		true	自旧档汇入	2026-04-13T01:27:08+08:00
travers	sm	Regarder qqn de -	憎恶地看着某人，以敌意的目光看着某人	bah ’ngè k‘eu’ i		白眼看伊		572		true	自旧档汇入	2026-04-13T01:27:08+08:00
travers	sm	À -. Passer au -	横过，穿过，通过	ts‘é (kieng) kou’		穿（經）過		573		true	自旧档汇入	2026-04-13T01:27:08+08:00
traverse	sf	Pièce de bois	横档，横梁	wang moh deû		横木頭		573		true	自旧档汇入	2026-04-13T01:27:08+08:00
traverse	sf	Contrariété	困难，逆境，挫折	véh ts‘eng’ sin ke’ ze’ ’t‘i		勿稱心个事體		573		true	自旧档汇入	2026-04-13T01:27:08+08:00
traverse	sf	Chemin de -	近便的小路，近道	zah koh lou’		射角路		573	圈	true	自旧档汇入	2026-04-13T01:27:08+08:00
traverse	sf	Prendre la -	抄近道	ts‘ao ghien’ lou’		抄近路		573		true	自旧档汇入	2026-04-13T01:27:08+08:00
traverser	va		横穿过，穿过，通过，横渡，横贯	kieng kou’		經過		573		true	自旧档汇入	2026-04-13T01:27:08+08:00
traverser	va	- le bourg	穿过乡镇	kou’ tsen’		過鎮		573		true	自旧档汇入	2026-04-13T01:27:08+08:00
traverser	va	Percer	穿通，穿透，渗透	ts‘é t‘eû’ 		穿透		573		true	自旧档汇入	2026-04-13T01:27:08+08:00
traverser	va	La balle a traversé	子弹穿透	k‘è dè ’tang t‘eû’		鉛彈打透		573		true	自旧档汇入	2026-04-13T01:27:08+08:00
traverser	va. Fig.	Contrarier	妨碍，阻碍，阻挠	’taong zu’		擋住		573		true	自旧档汇入	2026-04-13T01:27:08+08:00
traversin	sm		通床长枕	’tsen deû		枕頭		573		true	自旧档汇入	2026-04-13T01:27:08+08:00
travestir	va. vr.	se -	假扮，化装	’ka tsaong		假裝		573		true	自旧档汇入	2026-04-13T01:27:08+08:00
travestir	va. vr.	se -	假扮，化装	’ka ts‘ong		假充		573		true	自旧档汇入	2026-04-13T01:27:08+08:00
travestir	va. vr.	Se - en	扮成	’tang pè’		打扮		573		true	自旧档汇入	2026-04-13T01:27:08+08:00
trébucher	vn		跌倒	séh kiah		失脚		573		true	自旧档汇入	2026-04-13T01:27:08+08:00
trébucher	vn		失腳	pè tih	pé’ tih	絆跌		573		true	自旧档汇入	2026-04-13T01:27:08+08:00
trébucher	vn	- à chaque pas	跌跌撞撞，步履蹒跚	tih tih ts‘ong’ ts‘ong’		跌跌㧤㧤	跌跌蹱蹱	573		true	自旧档汇入	2026-04-13T01:27:08+08:00
trébucher	vn	- à chaque pas	跌跌撞撞，步履蹒跚	tih ’lao ts‘ong’		跌咾㧤	跌咾蹱	573		true	自旧档汇入	2026-04-13T01:27:08+08:00
treillage	sm		格子架；栅栏	Cf. Treillis.		——		573		true	自旧档汇入	2026-04-13T01:27:08+08:00
treille	sf		葡萄棚，葡萄架	peh dao bang	beh dao bang	葡萄棚		573		true	自旧档汇入	2026-04-13T01:27:08+08:00
treillis	sm		网纱	miéh lié ’tse		篾簾子		573		true	自旧档汇入	2026-04-13T01:27:08+08:00
treillis	sm	- en banbou	竹网	tsôh lié ’tse		竹簾子		573		true	自旧档汇入	2026-04-13T01:27:08+08:00
treize	adj		十三	zéh sè		十三		573		true	自旧档汇入	2026-04-13T01:27:08+08:00
treizième	adj		第十三	di’ zéh sè		第十三		573		true	自旧档汇入	2026-04-13T01:27:08+08:00
treizièmement	adv		第十三	di’ zéh sè		第十三		573		true	自旧档汇入	2026-04-13T01:27:08+08:00
tremblant	adj		发抖的，打哆嗦的，颤抖的；抖动的	’teû		抖		573		true	自旧档汇入	2026-04-13T01:27:08+08:00
tremblant	adj		发抖的，打哆嗦的，颤抖的；抖动的	’lin ’lin neng		凛凛能		573		true	自旧档汇入	2026-04-13T01:27:08+08:00
tremblant	adj	- de peur	害怕得发抖	kieng hah ’tsé	kieng h‘ah ’tsé	驚嚇者		573		true	自旧档汇入	2026-04-13T01:27:08+08:00
tremblant	adj	Tout  -	瑟瑟发抖	heu ’lin ’lin		寒凛凛		573		true	自旧档汇入	2026-04-13T01:27:08+08:00
tremblant	adj	Tout  -	瑟瑟发抖	’lang seû seû		冷颼颼		573		true	自旧档汇入	2026-04-13T01:27:08+08:00
tremble	sm		白杨	bah yang zu’ [ih k‘ou]		白楊樹[一棵]		573	原作“白楊樹[一粿]”	true	自旧档汇入	2026-04-13T01:27:08+08:00
tremblement	sm	de - terre	地震	di’ ’dong		地動		573		true	自旧档汇入	2026-04-13T01:27:08+08:00
tremblement	sm	de - terre	地震	tsen’ ’dong		震動		573		true	自旧档汇入	2026-04-13T01:27:08+08:00
trembler	vn		发抖，颤抖，哆嗦，战栗，抖动	’teû		抖		573		true	自旧档汇入	2026-04-13T01:27:08+08:00
trembler	vn		发抖，颤抖，哆嗦，战栗，抖动	fèh ’teû		發抖		573		true	自旧档汇入	2026-04-13T01:27:08+08:00
trembler	vn		发抖，颤抖，哆嗦，战栗，抖动	’ghien		[疒今]	凚	573		true	自旧档汇入	2026-04-13T01:27:08+08:00
trembler	vn	- de froid	冷得直哆嗦	’lang lai fèh ’teû		冷來發抖		573		true	自旧档汇入	2026-04-13T01:27:08+08:00
trembler	vn	- de tous ses membres	四肢颤抖	wen sen fèh ’teû		渾身發抖		573		true	自旧档汇入	2026-04-13T01:27:08+08:00
trembler	vn	- de tous ses membres	四肢颤抖	seuh seuh ’teû		率率抖		573	待定	true	自旧档汇入	2026-04-13T01:27:08+08:00
trembler	vn	Craindre après une faute	惊惶不安，胆战心惊，害怕；犯错后心虚	sin hiu		心虚		573	法文解释是犯错后心虚	true	自旧档汇入	2026-04-13T01:27:08+08:00
trembler	vn	- de crainte	因恐惧而胆战心惊	hah lai ghieû deû soh ’kieng	h‘ah lai ghieû deû soh ’kieng	嚇來捄頭縮頸		573	害怕得胆战心惊好像语义重复，但看上海话意思不是害怕得发抖。待定	true	自旧档汇入	2026-04-13T01:27:08+08:00
trembler	vn	Branler	震动	naong		囊		573		true	自旧档汇入	2026-04-13T01:27:08+08:00
trembler	vn	Branler	震动	yao lai yao k‘i’		摇來摇去		573		true	自旧档汇入	2026-04-13T01:27:08+08:00
trembleur	sm		胆小鬼	’tè ’siao		胆小		573	保留簡體	true	自旧档汇入	2026-04-13T01:27:08+08:00
trembleur	sm		胆小鬼	’pouo si’		把細		573		true	自旧档汇入	2026-04-13T01:27:08+08:00
trembloter	vn		微微颤抖；颤动，抖动	’teû ’teû seû seû		抖抖擻擻		573	待定	true	自旧档汇入	2026-04-13T01:27:08+08:00
trembloter	vn		微微颤抖；颤动，抖动	ghien		[疒今]	凚	573		true	自旧档汇入	2026-04-13T01:27:08+08:00
trémousser	vr	(Se)	动个不停，扭动，乱动	wéh p‘éh		活潑		573		true	自旧档汇入	2026-04-13T01:27:08+08:00
trémousser	vr	(Se)	动个不停，扭动，乱动	’seû maong kiah leu’		手忙脚亂		573		true	自旧档汇入	2026-04-13T01:27:08+08:00
trémousser	vr	(Se)	动个不停，扭动，乱动	yi ’seû ’dong kiah		移手動脚		573		true	自旧档汇入	2026-04-13T01:27:08+08:00
trempé	pp	Tout -	湿透	sah (séh) ke’		[氵智亍]（濕）个	？	573		true	自旧档汇入	2026-04-13T01:27:08+08:00
trempé	pp	Tout -	湿透	séh t‘eû’ ’tsé		濕透者		573		true	自旧档汇入	2026-04-13T01:27:08+08:00
trempé	pp	Tout -	湿透	’li nga’ séh		裏外濕		573		true	自旧档汇入	2026-04-13T01:27:08+08:00
tremper	va	ds un liquide	浸入液体	tsin’		浸		573		true	自旧档汇入	2026-04-13T01:27:08+08:00
tremper	va	ds un liquide	浸入液体	tsin’ t‘eû’		浸透		573		true	自旧档汇入	2026-04-13T01:27:08+08:00
tremper	va	Faire -	浸入液体	tsin’ ih tsin’		浸一浸		573		true	自旧档汇入	2026-04-13T01:27:08+08:00
tremper	va	- [un métal]	淬火	tsè’		蘸		574		true	自旧档汇入	2026-04-13T01:27:08+08:00
tremper	va	- l'acier	钢淬火	tsè’ kaong		蘸綱		574		true	自旧档汇入	2026-04-13T01:27:08+08:00
tremper	va	le courage	锻炼，磨炼，锤炼	lié’ lié’ ’tè liang’		煉煉膽量		574		true	自旧档汇入	2026-04-13T01:27:08+08:00
tremper	vn	- ds l'eau	进入水中	tsin’ ’la ’se ’li hiang’		浸拉水裏向		574		true	自旧档汇入	2026-04-13T01:27:08+08:00
trente	adj		三十	sè séh		三十		574		true	自旧档汇入	2026-04-13T01:27:08+08:00
trentième	adj		第三十	di’ sè séh		第三十		574		true	自旧档汇入	2026-04-13T01:27:08+08:00
trépas	sm		死亡	’si		死		574		true	自旧档汇入	2026-04-13T01:27:08+08:00
trépas	sm		死亡	kou’ se’		過世		574		true	自旧档汇入	2026-04-13T01:27:08+08:00
trépas	sm		死亡	tsong		終		574		true	自旧档汇入	2026-04-13T01:27:08+08:00
trépied	sm		三脚支架	sè kiah ka’ ’tse		三脚架子		574		true	自旧档汇入	2026-04-13T01:27:08+08:00
trépied	sm	- pour encens	香炉	sè kiah ’ting		三脚鼎		574		true	自旧档汇入	2026-04-13T01:27:08+08:00
trépigner	vn		顿足，跺脚	zah kiah		擲脚		574	待定	true	自旧档汇入	2026-04-13T01:27:08+08:00
trépigner	vn		顿足，跺脚	teng’ kiah		蹬脚		574		true	自旧档汇入	2026-04-13T01:27:08+08:00
trépigner	vn		顿足，跺脚	t‘iao’		跳		574		true	自旧档汇入	2026-04-13T01:27:08+08:00
très	adv		很，非常，极	’ting		頂		574		true	自旧档汇入	2026-04-13T01:27:08+08:00
très	adv		很，非常，极	tsu’		最		574		true	自旧档汇入	2026-04-13T01:27:08+08:00
très	adv		很，非常，极	tse’		至		574		true	自旧档汇入	2026-04-13T01:27:08+08:00
très	adv		很，非常，极	koa’		怪		574		true	自旧档汇入	2026-04-13T01:27:08+08:00
très	adv		很，非常，极	mè		蠻		574		true	自旧档汇入	2026-04-13T01:27:08+08:00
très	adv		很，非常，极	ghieh ghi		極其		574		true	自旧档汇入	2026-04-13T01:27:08+08:00
très	adv		很，非常，极	zéh fen		十分		574		true	自旧档汇入	2026-04-13T01:27:08+08:00
très	adv		很，非常，极	zéh gni’ fen		十二分		574		true	自旧档汇入	2026-04-13T01:27:08+08:00
très	adv	Pas - bon	不太好	véh da’ ’h‘ao		勿大好		574		true	自旧档汇入	2026-04-13T01:27:08+08:00
très	adv	#NAME?	很好	’h‘ao lai (sèh,t‘eû’,ghieh)		好來（殺，透，極）		574		true	自旧档汇入	2026-04-13T01:27:08+08:00
très	adv	#NAME?	很好	’h‘ao lai ’si (teh ghieh)		好來死（得極）		574		true	自旧档汇入	2026-04-13T01:27:08+08:00
très	adv	#NAME?	很好	’h‘ao lai kiao koè		好來交關		574		true	自旧档汇入	2026-04-13T01:27:08+08:00
très	adv	#NAME?	很好	’h‘ao lai m tsao ka’ (’liao véh teh)		好來無招架（了勿得）	好來嘸招架（了勿得）	574		true	自旧档汇入	2026-04-13T01:27:08+08:00
très	adv	- chaud (froid)	很热（很冷）	zéh fen gnéh (’lang)		十分熱（冷）		574		true	自旧档汇入	2026-04-13T01:27:08+08:00
trésor	sm	Richesse	珍宝；宝藏；珍品，宝物	’pao zaong’		寳藏		574		true	自旧档汇入	2026-04-13T01:27:08+08:00
trésor	sm	Objets précieux	珍宝；宝藏；珍品，宝物	’pao pei’		寳貝		574		true	自旧档汇入	2026-04-13T01:27:08+08:00
trésor	sm	#NAME?	捡来的宝贝	tsôh zaong’		捉藏		574	待定	true	自旧档汇入	2026-04-13T01:27:08+08:00
trésor	sm	#NAME?	捡来的宝贝	fi lai wang zai		飛來横財		574		true	自旧档汇入	2026-04-13T01:27:08+08:00
trésor	sm	#NAME?	国库，金库	k‘ou’		庫		574		true	自旧档汇入	2026-04-13T01:27:08+08:00
trésor	sm	#NAME?	国库，金库	’fou k‘ou’		府庫		574		true	自旧档汇入	2026-04-13T01:27:08+08:00
trésor	sm	#NAME?	国库，金库	gnen k‘ou’		銀庫		574		true	自旧档汇入	2026-04-13T01:27:08+08:00
trésor	sm	Endroit où est le -	珍宝所在的地方	k‘ou’ waong		庫房		574		true	自旧档汇入	2026-04-13T01:27:08+08:00
trésorier	sm	de province	省财政厅	pou’ tseng’ se		布政司		574		true	自旧档汇入	2026-04-13T01:27:08+08:00
trésorier	sm	de province	省财政厅	vè dai		藩台		574	保留簡體	true	自旧档汇入	2026-04-13T01:27:08+08:00
tressaillir	vn		战栗，颤抖，打哆嗦	t‘iao’		跳		574		true	自旧档汇入	2026-04-13T01:27:08+08:00
tressaillir	vn		战栗，颤抖，打哆嗦	hah lai ih t‘iao’	h‘ah lai ih t‘iao’	嚇來一跳		574		true	自旧档汇入	2026-04-13T01:27:08+08:00
tresse	sf		发辫，辫子	’bié ’tse		辮子		574		true	自旧档汇入	2026-04-13T01:27:08+08:00
tresse	sf	Cordon de la -	发绳，发带	’bié sié’		辮綫		574		true	自旧档汇入	2026-04-13T01:27:08+08:00
tresse	sf	En rouler la - autour de tresse	把辫子绕在辫子上；盘辫子	bé ’bié ’tse		盤辮子		574		true	自旧档汇入	2026-04-13T01:27:08+08:00
tresse	sf	En rouler la - autour de tresse	把辫子绕在辫子上；盘辫子	gnao’ ’bié ’tse		繞辮子		574		true	自旧档汇入	2026-04-13T01:27:08+08:00
tresser	va	Faire la tresse	编辫子	’tang ’bié ’tse		打辮子		574		true	自旧档汇入	2026-04-13T01:27:08+08:00
tresser	va	tressez un peu plus serré	辫子编得再紧一点	’bié ’tse ’tang lai ’kien ’tié		辮子打來緊點		574		true	自旧档汇入	2026-04-13T01:27:08+08:00
tresser	va	- des nattes	编席	’tang (tseh) zieh		打（織）席		574		true	自旧档汇入	2026-04-13T01:27:08+08:00
tréteau	sm		支架，搁凳，马凳	’pè teng’ [ih tsah]		板凳[一隻]		574		true	自旧档汇入	2026-04-13T01:27:08+08:00
tréteaux	sm. pl.	Théâtre	露天的流动剧院	hi’ dai		戲台		574	保留簡體	true	自旧档汇入	2026-04-13T01:27:08+08:00
treuil	sm		绞车，绞盘；卷扬	bé ts‘ouo		盤車		574		true	自旧档汇入	2026-04-13T01:27:08+08:00
trêve	sf		休战	ding tsé’		停戰		574		true	自旧档汇入	2026-04-13T01:27:08+08:00
triangle	sm		三角形	sè koh yeng		三角形		574		true	自旧档汇入	2026-04-13T01:27:08+08:00
triangle	sm	#NAME?	直角三角形	zeh koh sè koh yeng		直角三角形		574		true	自旧档汇入	2026-04-13T01:27:08+08:00
triangle	sm	#NAME?	等边三角形	’teng pié sè koh yeng		等邊三角形		574		true	自旧档汇入	2026-04-13T01:27:08+08:00
triangle	sm	#NAME?	等腰三角形	’liang pié ’teng sè koh yeng		兩邊等三角形		574		true	自旧档汇入	2026-04-13T01:27:08+08:00
triangulaire	adj		三角形的，三角的	sè koh ke’		三角个		574		true	自旧档汇入	2026-04-13T01:27:08+08:00
triangulation	sf		三角测量	liang sè koh fèh		量三角法		574		true	自旧档汇入	2026-04-13T01:27:08+08:00
tribord	sm		右舷，右边	’lou zié		櫓前		574		true	自旧档汇入	2026-04-13T01:27:08+08:00
tribord	sm		右舷，右边	zé yeû’ mié’ (pié)		船右面（邊）		574		true	自旧档汇入	2026-04-13T01:27:08+08:00
tribu	sf	Peuplade sauvage	原始部落	ih tsong’ sang fè	ih ’tsong sang fè	一種生番		575	是否上表	true	自旧档汇入	2026-04-13T01:27:08+08:00
tribu	sf	Branche	族	tsong zôh		宗族		575		true	自旧档汇入	2026-04-13T01:27:08+08:00
tribu	sf	Branche	族	tse p‘a’		支派		575		true	自旧档汇入	2026-04-13T01:27:08+08:00
tribulation	sf		苦难，患难，磨难	wè’ nè’		患難		575		true	自旧档汇入	2026-04-13T01:27:08+08:00
tribulation	sf		苦难，患难，磨难	’k‘ou ’nao		苦惱		575	原作“苦腦” 是否上表	true	自旧档汇入	2026-04-13T01:27:08+08:00
tribunal	sm		法院；法庭	nga men [ih ke’]		衙門[一个]		575		true	自旧档汇入	2026-04-13T01:27:08+08:00
tribunal	sm	Salle où juge le mandarin	法庭	fèh daong		法堂		575		true	自旧档汇入	2026-04-13T01:27:08+08:00
tribunal	sm	Salle où juge le mandarin	法庭	kong daong (eu’) 		公堂（案）		575		true	自旧档汇入	2026-04-13T01:27:08+08:00
tribunal	sm	Paraître au - de Dieu		tao’ T‘ié ’tsu dai zié		到天主臺前		575		true	自旧档汇入	2026-04-13T01:27:08+08:00
tribunal	sm	Les 6 tribunaux	六部	lôh bou’ 		六部 		575	原羅馬字後注有“(6 ministères) ”；原漢字後注有“Cf.Bureaux.”	true	自旧档汇入	2026-04-13T01:27:08+08:00
tribune	sf	Estrade	讲台，讲坛；主席台	dai		臺		575		true	自旧档汇入	2026-04-13T01:27:08+08:00
tribune	sf	Estrade	讲台，讲坛；主席台	’kaong dai		講台		575	保留簡體	true	自旧档汇入	2026-04-13T01:27:08+08:00
tribune	sf	- d'une église	教堂的讲台	seng’ leû		聖樓		575		true	自旧档汇入	2026-04-13T01:27:08+08:00
tribut		payé par un État	向国家纳贡	kong’		貢		575		true	自旧档汇入	2026-04-13T01:27:08+08:00
tribut		Impôt	贡税，贡赋	zié liang		錢糧		575		true	自旧档汇入	2026-04-13T01:27:08+08:00
tribut		Payer -	进贡，纳贡	tsin’ kong’		進貢		575		true	自旧档汇入	2026-04-13T01:27:08+08:00
tribut		Payer le -	进贡，纳贡	wé liang		完糧		575		true	自旧档汇入	2026-04-13T01:27:08+08:00
tributaire	adj	(Pays)	纳贡的，朝贡的；附庸的，臣服的	zôh kôh		屬國		575		true	自旧档汇入	2026-04-13T01:27:08+08:00
tricolore	adj		三色的	sè seh ke’		三色个		575		true	自旧档汇入	2026-04-13T01:27:08+08:00
trident	sm		三齿叉	kaong ts‘ouo		鋼叉		575		true	自旧档汇入	2026-04-13T01:27:08+08:00
trident	sm		三齿叉	sè ts‘ouo		三叉		575		true	自旧档汇入	2026-04-13T01:27:08+08:00
trident	sm		三齿叉	sè o ts‘ouo		三椏叉		575		true	自旧档汇入	2026-04-13T01:27:08+08:00
triennal	adj	Qui dure 3 ans	三年一次的，三年一期的	sè gné ke’		三年个 		575		true	自旧档汇入	2026-04-13T01:27:08+08:00
triennal	adj	Qui a lieu tous les 3 ans	三年一次的，三年一期的	sè gné ih ts‘e’ (ih wei)		三年一次（一回）		575		true	自旧档汇入	2026-04-13T01:27:08+08:00
trier	va		挑选，挑拣，拣选	’kè		揀		575		true	自旧档汇入	2026-04-13T01:27:08+08:00
trier	va		挑选，挑拣，拣选	t‘iao tsing (sié)	t‘iao tsing (’sié)	挑精（選）		575		true	自旧档汇入	2026-04-13T01:27:08+08:00
trier	va		挑选，挑拣，拣选	sié t‘ieh	’sié t‘ieh	選剔		575		true	自旧档汇入	2026-04-13T01:27:08+08:00
trigonométrie	sf		三角学；三角法	doh liang koh sié’ yeng tse fèh		度量各綫形之法		575		true	自旧档汇入	2026-04-13T01:27:08+08:00
trimestre	sm		季度	sè ke’ gneuh		三个月		575		true	自旧档汇入	2026-04-13T01:27:08+08:00
trimestre	sm		季度	ih ki’		一季		575		true	自旧档汇入	2026-04-13T01:27:08+08:00
tringle	sf		金属杆，横杆，横档	t‘ih ’kang (diao) [ih ken]		鐵梗（條）[一根]		575		true	自旧档汇入	2026-04-13T01:27:08+08:00
trinité	sf	(C.)	三位一体；三位一体论	T‘ié ’tsu seng’ sè		天主聖三		575		true	自旧档汇入	2026-04-13T01:27:08+08:00
trinquer	vn		碰杯	kiao pei		交杯		575		true	自旧档汇入	2026-04-13T01:27:08+08:00
triompher	vn		战胜	teh seng’		得勝		575		true	自旧档汇入	2026-04-13T01:27:08+08:00
triompher	vn		战胜	’tang yeng		打贏		575		true	自旧档汇入	2026-04-13T01:27:08+08:00
tripes	sf. pl.		动物的肠子	tse dou’ zang		猪肚腸		575	待定	true	自旧档汇入	2026-04-13T01:27:08+08:00
tripes	sf. pl.		动物的肠子	gneû ’dou ’tse		牛肚子		575	待定 特殊 鄰近不同	true	自旧档汇入	2026-04-13T01:27:08+08:00
triple	adj	3 fois au tant	三倍的	dou’ (tou) sè bei’		大（多）三倍		575		true	自旧档汇入	2026-04-13T01:27:08+08:00
tripot	sm		赌场	’tou zang		賭場		575		true	自旧档汇入	2026-04-13T01:27:08+08:00
tripot	sm	Ouvrir un -	开设赌博场所	k‘ai ’tou 		開賭		575		true	自旧档汇入	2026-04-13T01:27:08+08:00
trisaïeul	sm		高祖父	kao ’tsou		高祖		575		true	自旧档汇入	2026-04-13T01:27:08+08:00
trisaïeul	sm		高祖父	kao ’tsou vou’		高祖父		575		true	自旧档汇入	2026-04-13T01:27:08+08:00
trisaïeul	sm		高祖父	t‘a’ ’li t‘a’		太裏太		575		true	自旧档汇入	2026-04-13T01:27:08+08:00
triste	adj		悲伤的，伤心的，悲哀的	yeû men’		憂悶		575		true	自旧档汇入	2026-04-13T01:27:08+08:00
triste	adj		悲伤的，伤心的，悲哀的	zeû		愁		575		true	自旧档汇入	2026-04-13T01:27:08+08:00
triste	adj		悲伤的，伤心的，悲哀的	yeû zeû		憂愁		575		true	自旧档汇入	2026-04-13T01:27:08+08:00
triste	adj		悲伤的，伤心的，悲哀的	nè kou’ lai ’si		難過來死		575		true	自旧档汇入	2026-04-13T01:27:08+08:00
tristesse	sf		伤心，忧郁，愁闷，苦闷	k‘i’ men’		氣悶		575		true	自旧档汇入	2026-04-13T01:27:08+08:00
tristesse	sf		伤心，忧郁，愁闷，苦闷	sin seu		心酸		575		true	自旧档汇入	2026-04-13T01:27:08+08:00
tristesse	sf	Se livrer à la -	沉溺于悲伤中	fèh men’		發悶		575		true	自旧档汇入	2026-04-13T01:27:08+08:00
tristesse	sf	Se livrer à la -	沉溺于悲伤中	sin ’li ts‘i ’ts‘é		心裏悽慘		575		true	自旧档汇入	2026-04-13T01:27:08+08:00
tristesse	sf	Dissiper la -	消愁，解忧	’ka men’		解悶		575		true	自旧档汇入	2026-04-13T01:27:08+08:00
triturer	va		捣碎，研磨，压碎	lei		擂		575		true	自旧档汇入	2026-04-13T01:27:08+08:00
triturer	va		捣碎，研磨，压碎	gné si’		研細		575	原作“硏細”	true	自旧档汇入	2026-04-13T01:27:08+08:00
triturer	va		捣碎，研磨，压碎	gné ’fen		研粉		575		true	自旧档汇入	2026-04-13T01:27:08+08:00
triturer	va		捣碎，研磨，压碎	toh sé’		搗碎	豛碎	575		true	自旧档汇入	2026-04-13T01:27:08+08:00
trivial	adj		粗俗的，粗鄙的，下流的	ts‘ou zôh		粗俗		575		true	自旧档汇入	2026-04-13T01:27:08+08:00
trivial	adj		粗俗的，粗鄙的，下流的	zôh lai		俗來		575		true	自旧档汇入	2026-04-13T01:27:08+08:00
trivialité	sf		粗俗，下流	zôh k‘i’		俗氣		575		true	自旧档汇入	2026-04-13T01:27:08+08:00
trois	adj		三	sè		三（叁）		575		true	自旧档汇入	2026-04-13T01:27:08+08:00
trois	adj	- ou 4	三四个	sè (sa) se’ ke’		三四个		575		true	自旧档汇入	2026-04-13T01:27:08+08:00
Troisième	adj.		第三个, 第三名	di’sè		第三		576		true	自旧档汇入	2026-04-13T01:27:08+08:00
Trois-mâts	sm.		三桅帆船	sè ziang ’tse		三檣子		576		true	自旧档汇入	2026-04-13T01:27:08+08:00
Trois-mâts	sm.		三桅帆船	sè ’kang wei ’tse ke’ zé		三梗桅子个船		576		true	自旧档汇入	2026-04-13T01:27:08+08:00
Trombe	sf.	—d'eau	龙卷风	zié fong		旋風		576	原作“颴風”	true	自旧档汇入	2026-04-13T01:27:08+08:00
Trombe	sf.	—d'eau	龙卷风	long fong		龍風		576		true	自旧档汇入	2026-04-13T01:27:08+08:00
Trombe	sf.	—d'eau	龙卷风	long ’ts‘u ’se		龍取水		576		true	自旧档汇入	2026-04-13T01:27:08+08:00
Trompe	sf.		喇叭, 号	hao’ dong		號筒		576		true	自旧档汇入	2026-04-13T01:27:08+08:00
Trompe	sf.		喇叭, 号	la’ pa		喇叭		576	待定	true	自旧档汇入	2026-04-13T01:27:08+08:00
Trompe	sf.	—d'éléphant	象鼻	ziang’ bieh deû		象鼻頭		576		true	自旧档汇入	2026-04-13T01:27:08+08:00
Trompé	pp.		搞错了	zaong’ taong’ ’tsé		上當者		576		true	自旧档汇入	2026-04-13T01:27:08+08:00
Tromper	va.		欺骗，使上当，使弄错	long’ zen biéh gnen		弄承别人		576	待定	true	自旧档汇入	2026-04-13T01:27:08+08:00
Tromper	va.		欺骗，使上当，使弄错	p‘ié’ gnen		騙人		576		true	自旧档汇入	2026-04-13T01:27:08+08:00
Tromper	va.		欺骗，使上当，使弄错	h‘ong’ p‘ié’	’h‘ong p‘ié’	哄騙		576		true	自旧档汇入	2026-04-13T01:27:08+08:00
Tromper	va.		欺骗，使上当，使弄错	long’ song’		弄[扌送]	弄怂	576		true	自旧档汇入	2026-04-13T01:27:08+08:00
Tromper	vr.	Se —.	犯错误	ts‘ouo		差		576		true	自旧档汇入	2026-04-13T01:27:08+08:00
Tromper	vr.	Se —.	犯错误	zé ts‘ouo		纏差		576		true	自旧档汇入	2026-04-13T01:27:08+08:00
Tromperie	sf.		欺骗，欺诈；欺骗手段；欺骗行径	p‘ié’ gnen ke’ fèh ’tse		騙人个法子		576		true	自旧档汇入	2026-04-13T01:27:08+08:00
Tromperie	sf.		欺骗，欺诈；欺骗手段；欺骗行径	k‘i p‘ié’ ke’ ze’ ’t‘i		欺騙个事體		576		true	自旧档汇入	2026-04-13T01:27:08+08:00
Trompette	sf.		喇叭, 号角	la’ pa		喇叭		576		true	自旧档汇入	2026-04-13T01:27:08+08:00
Trompette	sf.		喇叭, 号角	hao’ dong		號筒		576		true	自旧档汇入	2026-04-13T01:27:08+08:00
Trompette	sf.		喇叭, 号角	’sou né		瑣喃		576		true	自旧档汇入	2026-04-13T01:27:08+08:00
Trompette	sf.		喇叭, 号角	tsao kiun		招軍		576		true	自旧档汇入	2026-04-13T01:27:08+08:00
Trompeur	adj.	[Chose]	骗人的，迷惑人的	p‘ié’ gnen ke’		騙人个		576		true	自旧档汇入	2026-04-13T01:27:08+08:00
Trompeur	adj.	[Chose]	骗人的，迷惑人的	’ka ke’		假个		576		true	自旧档汇入	2026-04-13T01:27:08+08:00
Tronc	sm.	d’arbre	树干, 躯干	zu’ sen(dong)		樹身（筒）		576		true	自旧档汇入	2026-04-13T01:27:08+08:00
Tronc	sm.	d’arbre	树干, 躯干	’kang		梗		576		true	自旧档汇入	2026-04-13T01:27:08+08:00
Tronc	sm.	— pour l’argent	钱的后备箱	zié ’dong		錢桶		576		true	自旧档汇入	2026-04-13T01:27:08+08:00
Tronçon(Un)	sm.		段, 截	ih deu’		一段		576		true	自旧档汇入	2026-04-13T01:27:08+08:00
Trône	sm.	— épiscopal	主教宝座	’pao zou’		寶座		576		true	自旧档汇入	2026-04-13T01:27:08+08:00
Trône	sm.	— épiscopal	主教宝座	’tsu kiao’ ’pao zou’		主教寶座		576		true	自旧档汇入	2026-04-13T01:27:08+08:00
Trône	sm.	— impérial	皇座	long wei’		龍位		576		true	自旧档汇入	2026-04-13T01:27:08+08:00
Trône	sm.	— impérial	皇座	waong wei’		皇位		576		true	自旧档汇入	2026-04-13T01:27:08+08:00
Trône	sm.	Perdre le—.	失去王位	séh kiang sè		失江山		576		true	自旧档汇入	2026-04-13T01:27:08+08:00
Tronquer	va.		截去一段	ts‘ih ’deu		切斷		576		true	自旧档汇入	2026-04-13T01:27:08+08:00
Tronquer	va.		截去一段	’kai ’teu ’tié		改短点		576		true	自旧档汇入	2026-04-13T01:27:08+08:00
Trop	sm.et adv.		太，过于，过多地	t‘eh		忒		576		true	自旧档汇入	2026-04-13T01:27:08+08:00
Trop	sm.et adv.		太，过于，过多地	t‘ai’		太		576		true	自旧档汇入	2026-04-13T01:27:08+08:00
Trop	sm.et adv.		太，过于，过多地	tou		多		576		true	自旧档汇入	2026-04-13T01:27:08+08:00
Trop	sm.et adv.		太，过于，过多地	t‘eh(t‘ai’)tou		忒（太）多		576		true	自旧档汇入	2026-04-13T01:27:08+08:00
Trop	sm.et adv.		太，过于，过多地	t‘ai’ sa’ kou’ ven’		太啥過分		576		true	自旧档汇入	2026-04-13T01:27:08+08:00
Trop	sm.et adv.	Vous vous donnez -de peine	你去太多的麻烦	nong t‘eh sa’ fi’ sin	nong’ t‘eh sa’ fi’ sin	儂忒啥費心		576		true	自旧档汇入	2026-04-13T01:27:08+08:00
Tropique	sm.	du Cancer	回归线	pôh ta’		北帶		576		true	自旧档汇入	2026-04-13T01:27:08+08:00
Tropique	sm.	du Cancer	回归线	hao’ tse’ k‘ieu		夏至圈		576		true	自旧档汇入	2026-04-13T01:27:08+08:00
Tropique	sm.	— du Capricorne	南回归线, 冬至线	né ta’		南帶		576		true	自旧档汇入	2026-04-13T01:27:08+08:00
Tropique	sm.	— du Capricorne	南回归线, 冬至线	tong tse’ k‘ieu		冬至圈		576		true	自旧档汇入	2026-04-13T01:27:08+08:00
Tropique	sm.	Les - s	热带地区	né pôh ta’		南北帶		576		true	自旧档汇入	2026-04-13T01:27:08+08:00
Troquer	va.	-des marchandises	易货货物	kiao yeh		交易		576		true	自旧档汇入	2026-04-13T01:27:08+08:00
Troquer	va.	-des marchandises	易货货物	dei’ wé’ hou’ seh	dei’ wé’ h‘ou’ seh	兑换貨色		576		true	自旧档汇入	2026-04-13T01:27:08+08:00
Trot	sm.	Trotter.vn.	(马等的)快步, 疾走, 小跑	’siao bao		小跑		576		true	自旧档汇入	2026-04-13T01:27:08+08:00
Trot	sm.	Trotter.vn.	(马等的)快步, 疾走, 小跑	bao h‘ouo di		跑花蹄		576		true	自旧档汇入	2026-04-13T01:27:08+08:00
Trou	sm.		洞，孔，窟窿	dong’		洞		576		true	自旧档汇入	2026-04-13T01:27:08+08:00
Trou	sm.	Vide.Repaire	虚空巢穴	k‘ong		空		576		true	自旧档汇入	2026-04-13T01:27:08+08:00
Trou	sm.	Vide.Repaire	虚空巢穴	k‘ou		窩	窠	576		true	自旧档汇入	2026-04-13T01:27:08+08:00
Trou	sm.	Faire un —.	打个洞	’tang(tseu’)ih ke’ ’ngè		打（鑽）一个眼		576		true	自旧档汇入	2026-04-13T01:27:08+08:00
Trou	sm.	Faire un —.	打个洞	ghieuh dong’(dé)		掘洞（潭）	掘洞（窞）	576		true	自旧档汇入	2026-04-13T01:27:08+08:00
Trouble	sm.	Agitation	动荡, 纷乱	leu’		亂		576		true	自旧档汇入	2026-04-13T01:27:08+08:00
Trouble	sm.	Agitation	动荡, 纷乱	hèh ts‘ih hèh pèh	h‘èh ts‘ih h‘èh pèh	瞎七瞎八		576		true	自旧档汇入	2026-04-13T01:27:08+08:00
Trouble	sm.	Avoir le — dans l'âme	灵魂有麻烦	véh bing eu		勿平安		576		true	自旧档汇入	2026-04-13T01:27:08+08:00
Trouble	sm.	Avoir le — dans l'âme	灵魂有麻烦	sin ’li leu’ ’tse		心裏亂者		576		true	自旧档汇入	2026-04-13T01:27:08+08:00
Trouble	sm.	Avoir le — dans l'âme	灵魂有麻烦	’zao leu’		擾亂		576		true	自旧档汇入	2026-04-13T01:27:08+08:00
Trouble	sm.	Querelle:exciter du —.	争吵：挑起事端	’za ts‘éh ze’ ’t‘i lai		惹出事體來		576		true	自旧档汇入	2026-04-13T01:27:08+08:00
Trouble	adj.		动乱的, 动荡不安的	leu’ ts‘ih pèh tsao		亂七八遭	亂七八糟	576	不上表	true	自旧档汇入	2026-04-13T01:27:08+08:00
Trouble	adj.		动乱的, 动荡不安的	leu’ zéh wou tsang		亂雜無章		576		true	自旧档汇入	2026-04-13T01:27:08+08:00
Trouble	adj.		动乱的, 动荡不安的	wang ts‘ih ’zu pèh		横七竪八		577		true	自旧档汇入	2026-04-13T01:27:08+08:00
Trouble	adj.	Ma vue est —.	我的视力有问题	’ngou ’ngè tsing wou dou(fèh h‘ouo ’tsé,moh wou ’tsé)		我眼睛糊塗（發花者，摸糊者）	我眼睛糊塗（發花者，模糊者）	577		true	自旧档汇入	2026-04-13T01:27:08+08:00
Trouble	adj.	Pas pur.Eau —.	不纯净.浑水	wen		混		577		true	自旧档汇入	2026-04-13T01:27:08+08:00
Trouble	adj.	Pas pur.Eau —.	不纯净.浑水	wen zôh zôh		混濁濁		577		true	自旧档汇入	2026-04-13T01:27:08+08:00
Trouble	adj.	Pas pur.Eau —.	不纯净.浑水	wen ’se		混水		577		true	自旧档汇入	2026-04-13T01:27:08+08:00
Troublé	adj.	Pas calme	不安静	véh bing eu		勿平安		577		true	自旧档汇入	2026-04-13T01:27:08+08:00
Troublé	adj.	Pas calme	不安静	véh eu gneng		勿安寧		577		true	自旧档汇入	2026-04-13T01:27:08+08:00
Troublé	adj.	Tête à l'envers. Esprit —.	头朝下.烦恼的心灵	hoen mi	h‘oen mi	昏迷		577		true	自旧档汇入	2026-04-13T01:27:08+08:00
Troublé	adj.	Tête à l'envers. Esprit —.	头朝下.烦恼的心灵	ming ngou’ hoen ’tsé	ming ngou’ h‘oen ’tsé	明悟昏者		577		true	自旧档汇入	2026-04-13T01:27:08+08:00
Troublé	adj.	Tête à l'envers. Esprit —.	头朝下.烦恼的心灵	hoang maong	h‘oang maong	慌忙		577		true	自旧档汇入	2026-04-13T01:27:08+08:00
Troublé	adj.	Tête à l'envers. Esprit —.	头朝下.烦恼的心灵	sin maong ’teû leu’		心忙抖亂		577		true	自旧档汇入	2026-04-13T01:27:08+08:00
Troubler	va.	—[qqch.]	使混浊，搅浑	long’(dao’) wen	long’(dao) wen	弄（淘）混		577		true	自旧档汇入	2026-04-13T01:27:08+08:00
Troubler	va.	—[un pays].—[qqn.]	使混浊，搅浑	’kao leu’		攪亂		577		true	自旧档汇入	2026-04-13T01:27:08+08:00
Troubler	va.	—[un pays].—[qqn.]	使混浊，搅浑	long’ hoen	long’ h‘oen	弄昏		577		true	自旧档汇入	2026-04-13T01:27:08+08:00
Troubler	va.	—[un pays].—[qqn.]	使混浊，搅浑	hoen mi	h‘oen mi	昏迷		577		true	自旧档汇入	2026-04-13T01:27:08+08:00
Troubler	va.	Importuner	纠缠，使腻烦，惹讨厌	’kao ’zao		攪擾		577		true	自旧档汇入	2026-04-13T01:27:08+08:00
Troubler	va.	Causer de l'inquiétude	引起关注	long’ gnen zah kiéh		弄人着急		577		true	自旧档汇入	2026-04-13T01:27:08+08:00
Troubler	vr.	Se —.	陷入困境	hoen zen	h‘oen zen	昏沉		577		true	自旧档汇入	2026-04-13T01:27:08+08:00
Troubler	vr.	Se —.	陷入困境	sin ’li lôh leu’		心裏碌亂		577		true	自旧档汇入	2026-04-13T01:27:08+08:00
Trouée	sf.		缺口, 裂口, 豁口	k‘ong ’daong	k‘ong’ ’daong	空蕩		577		true	自旧档汇入	2026-04-13T01:27:08+08:00
Troupe	sf.		群，队	dei’		隊		577		true	自旧档汇入	2026-04-13T01:27:08+08:00
Troupe	sf.		群，队	dao		淘		577		true	自旧档汇入	2026-04-13T01:27:08+08:00
Troupe	sf.		群，队	pè		班		577		true	自旧档汇入	2026-04-13T01:27:08+08:00
Troupe	sf.		群，队	ghiun		群		577		true	自旧档汇入	2026-04-13T01:27:08+08:00
Troupe	sf.	— de comédiens	演员团	ih pè hi’ ’tse		一班戲子		577		true	自旧档汇入	2026-04-13T01:27:08+08:00
Troupe	sf.pl.	—s	部队,军队,童子军	kiun		軍		577		true	自旧档汇入	2026-04-13T01:27:08+08:00
Troupe	sf.pl.	—s	部队,军队,童子军	ping		兵		577		true	自旧档汇入	2026-04-13T01:27:08+08:00
Troupe	sf.pl.	—s	部队,军队,童子军	da’ dei’ ping ’mô		大隊兵馬		577		true	自旧档汇入	2026-04-13T01:27:08+08:00
Troupe		Expédier des —s	出兵	fèh(ts‘éh)ping		發（出）兵		577		true	自旧档汇入	2026-04-13T01:27:08+08:00
Troupier	sm.		士兵	ping		兵		577		true	自旧档汇入	2026-04-13T01:27:08+08:00
Troupier	sm.		士兵	ping ting		兵丁		577		true	自旧档汇入	2026-04-13T01:27:08+08:00
Troupier	sm.		士兵	taong ping ke’		當兵个		577		true	自旧档汇入	2026-04-13T01:27:08+08:00
Troupeau	sm.		群	ih ghiun		一群		577		true	自旧档汇入	2026-04-13T01:27:08+08:00
Trousses	sf.pl.	(Êtreaux)de	尾随, 跟踪, 追逐	ken		跟		577		true	自旧档汇入	2026-04-13T01:27:08+08:00
Trousses	sf.pl.	(Êtreaux)de	尾随, 跟踪, 追逐	tsu		追		577		true	自旧档汇入	2026-04-13T01:27:08+08:00
Trousseau	sm.	— de mariée	 嫁衣	i zaong		衣裳		577		true	自旧档汇入	2026-04-13T01:27:08+08:00
Trousseau	sm.	— de mariée	 嫁衣	ka’ tsaong		嫁妝		577		true	自旧档汇入	2026-04-13T01:27:08+08:00
Trousseau	sm.	— de clefs	钥匙串	ih ’pouo yah ze		一把鑰匙		577		true	自旧档汇入	2026-04-13T01:27:08+08:00
Trouvé	pp.		拾到的， 捡来的	zin (zéh)zah ’la ke’		尋（拾）着拉个		577		true	自旧档汇入	2026-04-13T01:27:08+08:00
Trouver	va.		找到， 找着	’tsao(zin)zah		找（尋）着		577		true	自旧档汇入	2026-04-13T01:27:08+08:00
Trouver	va.	— à redire	挑毛病	yé		嫌		577		true	自旧档汇入	2026-04-13T01:27:08+08:00
Trouver	va.	— à redire	挑毛病	tsoh pè’ deû		捉扮頭	？	577	待定	true	自旧档汇入	2026-04-13T01:27:08+08:00
Trouver	va.	— que c'est trop cher	发现它太贵了	yé t‘eh kiu’		嫌忒贵		577		true	自旧档汇入	2026-04-13T01:27:08+08:00
Trouver	va.	— immangeable	找到难吃	yé véh ’h‘ao k‘ieh		嫌勿好吃		577		true	自旧档汇入	2026-04-13T01:27:08+08:00
Trouver	va.	Commenttrouvez-vous cela?	如何找到它？	nong’ k‘eu’ na’ neng?		儂看那能		577		true	自旧档汇入	2026-04-13T01:27:08+08:00
Trucheman	sm.	Interprète	传话人，代言人	t‘ong ze’		通事		577		true	自旧档汇入	2026-04-13T01:27:08+08:00
Truelle	sf.		镘刀, 抹子	gni tao		泥刀		577		true	自旧档汇入	2026-04-13T01:27:08+08:00
Truie	sf.		母猪 	’mou tse		母猪		577		true	自旧档汇入	2026-04-13T01:27:08+08:00
Truie	sf.		母猪 	’lao m tse [ih tsah]		老㜷猪[一隻]	？	577	待定	true	自旧档汇入	2026-04-13T01:27:08+08:00
Tu.Toi.Te	pron.		你	nong’		儂		577		true	自旧档汇入	2026-04-13T01:27:08+08:00
Tu.Toi.Te	pron.		你	ze’ nong’		自儂		577		true	自旧档汇入	2026-04-13T01:27:08+08:00
Tuant	adj.	Importun	纠缠的， 使人腻烦的， 讨厌的	k‘ieh lih		吃力		577		true	自旧档汇入	2026-04-13T01:27:08+08:00
Tuant	adj.	Importun	纠缠的， 使人腻烦的， 讨厌的	yé’ vè	yé ’vè	厭煩		577	印刷錯誤	true	自旧档汇入	2026-04-13T01:27:08+08:00
Tube	sm.		管子，套管	’koé ’tse		管子		577		true	自旧档汇入	2026-04-13T01:27:08+08:00
Tube	sm.		管子，套管	dong		筒		577		true	自旧档汇入	2026-04-13T01:27:08+08:00
Tuer	va.		杀死， 弄死	sèh		殺		577		true	自旧档汇入	2026-04-13T01:27:08+08:00
Tuer	va.		杀死， 弄死	sèh t‘éh		殺脱		577		true	自旧档汇入	2026-04-13T01:27:08+08:00
Tuer	va.		杀死， 弄死	long’ sèh		弄殺		577		true	自旧档汇入	2026-04-13T01:27:08+08:00
Tuer	va.	— à force de coups	用打击杀死	’tang sèh		打殺		577		true	自旧档汇入	2026-04-13T01:27:08+08:00
Tuer	va.	— par accident	意外杀人	ngou’ sèh		誤殺		578		true	自旧档汇入	2026-04-13T01:27:08+08:00
Tuer	vr.	Se —.	自杀	zin ’si		尋死		578		true	自旧档汇入	2026-04-13T01:27:08+08:00
Tuer	vr.	Se —.	自杀	ze’ zin’		自盡		578	原注有“Cf.Suicider.”	true	自旧档汇入	2026-04-13T01:27:08+08:00
Tue-tête	adv.	(Crier à).loc	声嘶力竭地	da’ sang da’ k‘i’		大聲大氣		578		true	自旧档汇入	2026-04-13T01:27:08+08:00
Tueur	sm.	— de tigres	老虎杀手	’tang ’lao ’hou ke’	’tang ’lao ’h‘ou ke’	打老虎个		578		true	自旧档汇入	2026-04-13T01:27:08+08:00
Tuile	sf.	Morcean de —.	瓦, 瓦片	’ngô [ih tsang]		瓦[一張]		578		true	自旧档汇入	2026-04-13T01:27:08+08:00
Tuile	sf.	Morcean de —.	瓦, 瓦片	’ngô bè		瓦爿		578		true	自旧档汇入	2026-04-13T01:27:08+08:00
Tuile	sf.	Morcean de —.	瓦, 瓦片	sé’ ’ngô		碎瓦		578		true	自旧档汇入	2026-04-13T01:27:08+08:00
Tuilerie	sf.		制瓦厂，瓦窑	yao		窑		578		true	自旧档汇入	2026-04-13T01:27:08+08:00
Tumeur	sf.		肿瘤, 瘤	lieû(leû)		瘤		578		true	自旧档汇入	2026-04-13T01:27:08+08:00
Tumeur	sf.		肿瘤, 瘤	ts‘aong		瘡		578		true	自旧档汇入	2026-04-13T01:27:08+08:00
Tumeur	sf.		肿瘤, 瘤	’tsong k‘i’		腫氣		578		true	自旧档汇入	2026-04-13T01:27:08+08:00
Tumulte	sm.		嘈杂, 喧闹	nao’ gnéh		鬧熱		578		true	自旧档汇入	2026-04-13T01:27:08+08:00
Tumulte	sm.	En —.	乱哄哄地，嘈杂地	’ts‘ao ’ts‘ao nao’nao’ ke’		吵吵鬧鬧个		578		true	自旧档汇入	2026-04-13T01:27:08+08:00
Tumulus	sm.		坟头	wen sè		墳山		578		true	自旧档汇入	2026-04-13T01:27:08+08:00
Tumulus	sm.		坟头	wen mou’(mô’)		墳墓		578		true	自旧档汇入	2026-04-13T01:27:08+08:00
Tunique	sf.		制服上装	’mô kouo’		馬褂		578		true	自旧档汇入	2026-04-13T01:27:08+08:00
Tunique	sf.		制服上装	zang kouo’ ’tse [ih ghié’]		長褂子[一件]		578		true	自旧档汇入	2026-04-13T01:27:08+08:00
Tunnel	sm.		隧道, 地道, 坑道	di dao (yeuh)[ih diao]	di’ dao’ (yeuh)[ih diao]	地道（穴）[一條]		578		true	自旧档汇入	2026-04-13T01:27:08+08:00
Turban	sm.		包头布	gnao’(pao) deû pou’		繞（包）頭布		578		true	自旧档汇入	2026-04-13T01:27:08+08:00
Turban	sm.		包头布	tsèh deû pou’		紮頭布		578		true	自旧档汇入	2026-04-13T01:27:08+08:00
Turbolent	adj.		好动的，爱吵闹的	zin h‘eû se’		尋吼勢		578	怀疑应是turbulent	true	自旧档汇入	2026-04-13T01:27:08+08:00
Turbolent	adj.	Remuant	好动的, 动个不停的	ts‘éh koéh li lôh		出骨躒䟿		578	待定	true	自旧档汇入	2026-04-13T01:27:08+08:00
Turbolent	adj.	Remuant	好动的, 动个不停的	ih hiéh véh ding ke’		一歇勿停个		578		true	自旧档汇入	2026-04-13T01:27:08+08:00
Turc	sm.		土耳其人	’t‘ou kôh gnen		土國人		578		true	自旧档汇入	2026-04-13T01:27:08+08:00
Turkestan	sm.		突厥斯坦	wei bou’		回部		578		true	自旧档汇入	2026-04-13T01:27:08+08:00
Turkestan	sm.		突厥斯坦	i li		伊犁		578		true	自旧档汇入	2026-04-13T01:27:08+08:00
Turkestan	sm.		突厥斯坦	sin kiang		新疆		578		true	自旧档汇入	2026-04-13T01:27:08+08:00
Turpitude	sf.		卑鄙，丑恶，卑劣	’ts‘eû leû’ ke’ ze’ ’t‘i		醜陋个事體		578		true	自旧档汇入	2026-04-13T01:27:08+08:00
Turpitude	sf.		卑鄙，丑恶，卑劣	lèh t‘èh seh wo’		邋遢説話		578		true	自旧档汇入	2026-04-13T01:27:08+08:00
Turquie	sf.		土耳其	’t‘ou kôh		土國		578		true	自旧档汇入	2026-04-13T01:27:08+08:00
Turquie	sf.		土耳其	’t‘ou-’eul-ghi kôh		土爾其國		578		true	自旧档汇入	2026-04-13T01:27:08+08:00
Tuteur	sm.		监护人	wou ’yang ke’ gnen		扶養个人		578		true	自旧档汇入	2026-04-13T01:27:08+08:00
Tuteur	sm.		监护人	’li ’ling ke’		理領个		578		true	自旧档汇入	2026-04-13T01:27:08+08:00
Tuteur	sm.	— d'une plante	植物的守护者	ts‘ang’ deû moh		撑頭木		578		true	自旧档汇入	2026-04-13T01:27:08+08:00
Tuyau	sm.		管, 管子, 导管, 输送管	dong		筒		578		true	自旧档汇入	2026-04-13T01:27:08+08:00
Tuyau	sm.		管, 管子, 导管, 输送管	’koé ’tse		管子		578		true	自旧档汇入	2026-04-13T01:27:08+08:00
Tuyau	sm.		管, 管子, 导管, 输送管	’koé		管		578		true	自旧档汇入	2026-04-13T01:27:08+08:00
Tympan	sm.		鼓膜, 耳膜, 鼓室, 中耳	’gni ’tou ’li ’hiang ’pè		耳朵裏响板		578	保留簡體	true	自旧档汇入	2026-04-13T01:27:08+08:00
Tympan	sm.		鼓膜, 耳膜, 鼓室, 中耳	’eul moh		耳膜		578		true	自旧档汇入	2026-04-13T01:27:08+08:00
Type	sm.	Modèle.Symbole	型号.符号	yang’ ’tse		樣子		578		true	自旧档汇入	2026-04-13T01:27:08+08:00
Type	sm.	Modèle.Symbole	型号.符号	’piao ming		表明		578		true	自旧档汇入	2026-04-13T01:27:08+08:00
Typhoïde	adj.	(Fièvre)	伤寒的	saong heu tseng’		傷寒症		578		true	自旧档汇入	2026-04-13T01:27:08+08:00
Typhoïde	adj.	(Fièvre)	伤寒的	fèh ’tié sa’		發點啥		578		true	自旧档汇入	2026-04-13T01:27:08+08:00
Typhon	sm.		台风	fong zao		風潮		578		true	自旧档汇入	2026-04-13T01:27:08+08:00
Typhon	sm.		台风	dou’ fong pao’		大風暴		578		true	自旧档汇入	2026-04-13T01:27:08+08:00
Typhon	sm.		台风	zié(kiu’)fong		旋（颶）風		578	原作“颴（颶）風”	true	自旧档汇入	2026-04-13T01:27:08+08:00
Typographie	sf.		活版印刷术	wéh ’pè		活板		578		true	自旧档汇入	2026-04-13T01:27:08+08:00
Typographie	sf.		活版印刷术	yen’ su		印書		578		true	自旧档汇入	2026-04-13T01:27:08+08:00
Tyran	sm.		暴君，专制君主	oh waong		惡王		578		true	自旧档汇入	2026-04-13T01:27:08+08:00
Tyran	sm.		暴君，专制君主	bao’ gnah ke’ waong ti’		暴虐个皇帝		578		true	自旧档汇入	2026-04-13T01:27:08+08:00
Tyranneau	sm.		小暴君	’t‘ou hao		土豪		578		true	自旧档汇入	2026-04-13T01:27:08+08:00
Tyranneau	sm.		小暴君	ih ts‘ah deû t‘ié waong		一尺頭天皇		578		true	自旧档汇入	2026-04-13T01:27:08+08:00
Tyranniser	va.		残暴地压迫，专横地对待，暴虐地对待	k‘ou k‘eh pah sing’		苛剋百姓		578	待定	true	自旧档汇入	2026-04-13T01:27:08+08:00
Tyranniser	va.		残暴地压迫，专横地对待，暴虐地对待	hang hiong pouo’ dao’		行凶霸道		578		true	自旧档汇入	2026-04-13T01:27:08+08:00
Ulcère	sm.		溃疡	ts‘aong		瘡		578		true	自旧档汇入	2026-04-13T01:27:08+08:00
Ulcère	sm.		溃疡	ts‘aong tsih		瘡節		578		true	自旧档汇入	2026-04-13T01:27:08+08:00
Ulcère	sm.		溃疡	yong tsu		癰疽		578		true	自旧档汇入	2026-04-13T01:27:08+08:00
Ulcère	sm.		溃疡	ting ts‘aong		疔瘡		578		true	自旧档汇入	2026-04-13T01:27:08+08:00
Ultérieur	adj.		以后的，今后的	ngah wai’		額外		579		true	自旧档汇入	2026-04-13T01:27:08+08:00
Ultérieur	adj.		以后的，今后的	wè ’yeû		還有		579		true	自旧档汇入	2026-04-13T01:27:08+08:00
Ultérieur	adj.		以后的，今后的	kou’ mié’ ke’		箇面个		579		true	自旧档汇入	2026-04-13T01:27:08+08:00
Ultérieur	adj.		以后的，今后的	heû’ lai ke’		後來个		579		true	自旧档汇入	2026-04-13T01:27:08+08:00
Ultérieurement	adv.		以后，今后	heû’ lai		後來		579		true	自旧档汇入	2026-04-13T01:27:08+08:00
Ultérieurement	adv.		以后，今后	tsiang lai		將來		579		true	自旧档汇入	2026-04-13T01:27:08+08:00
Un	adj.	—à—.L'—après l'autre	依次。一个接一个	ih		一（壹）		579		true	自旧档汇入	2026-04-13T01:27:08+08:00
Un	adj.	—à—.L'—après l'autre	依次。一个接一个	ih ke’ ih ke’		一个一个		579		true	自旧档汇入	2026-04-13T01:27:08+08:00
Un	adj.	— environ	大约	ke’ ’pouo		个把		579		true	自旧档汇入	2026-04-13T01:27:08+08:00
Un	adj.	— ou deux	一个或两个	ih deû ’liang ke’		一頭兩个		579		true	自旧档汇入	2026-04-13T01:27:08+08:00
Un	adj.	Le—s pleurent,les autres rient	哭的哭，笑的笑	k‘ôh ke’ k‘ôh siao’ ke’ siao’		哭个哭，笑个笑		579	標點符號	true	自旧档汇入	2026-04-13T01:27:08+08:00
Unanime	adj.		意见一致的	dong sin héh i’		同心合意		579		true	自旧档汇入	2026-04-13T01:27:08+08:00
Uni	adj.	Terrain —.	平原	bing		平		579		true	自旧档汇入	2026-04-13T01:27:08+08:00
Uni	adj.	Terrain —.	平原	bing di’		平地		579		true	自旧档汇入	2026-04-13T01:27:08+08:00
Uni	adj.	D'accord	协议	ih sin ih i’		一心一意		579		true	自旧档汇入	2026-04-13T01:27:08+08:00
Uni	adj.	Sans ornement	朴实	sou’ zing’(seh) ke’		素净（色）个		579		true	自旧档汇入	2026-04-13T01:27:08+08:00
Uni	adj.	Sans séparation.Joint à...	没有分离。联合到单一	siang lié ke’		相連个		579		true	自旧档汇入	2026-04-13T01:27:08+08:00
Uni	adj.	Sans séparation.Joint à...	没有分离。联合到单一	lié lao ke’		連牢个		579		true	自旧档汇入	2026-04-13T01:27:08+08:00
Uniforme	adj.		同一形式的， 同一形状的	ih yang’ ke’		一様个		579		true	自旧档汇入	2026-04-13T01:27:08+08:00
Uniforme	adj.		同一形式的， 同一形状的	ih loh seh ke’		一絡色个		579	待定	true	自旧档汇入	2026-04-13T01:27:08+08:00
Uniforme	sm.	En grand —.	穿着大制服	hao’ i		號衣		579		true	自旧档汇入	2026-04-13T01:27:08+08:00
Uniforme	sm.	En grand —.	穿着大制服	tsah ’li woh		著禮服		579	待定	true	自旧档汇入	2026-04-13T01:27:08+08:00
Union	sf.	Concorde	和谐，融洽	wou moh		和睦		579		true	自旧档汇入	2026-04-13T01:27:08+08:00
Union	sf.	Manquer d'—	缺乏工会	sin véh dong ke’		心勿同个		579		true	自旧档汇入	2026-04-13T01:27:08+08:00
Union	sf.	Manquer d'—	缺乏工会	véh dong sin ke’		勿同心个		579		true	自旧档汇入	2026-04-13T01:27:08+08:00
Union	sf.	— à Dieu	与神联合	dong T‘ie ’tsu kiéh héh		同天主結合		579		true	自旧档汇入	2026-04-13T01:27:08+08:00
Union	sf.	Mariage.— bien assortie	婚姻。匹配良好的联盟	hoen yen	h‘oen yen	婚姻		579		true	自旧档汇入	2026-04-13T01:27:08+08:00
Union	sf.	Mariage.— bien assortie	婚姻。匹配良好的联盟	siang p‘ei’ ke’ hoen yen	siang p‘ei’ ke’ h‘oen yen	相配个婚姻		579		true	自旧档汇入	2026-04-13T01:27:08+08:00
Union	sf.	Mariage.— bien assortie	婚姻。匹配良好的联盟	men taong wou’ tei’		門當户對		579		true	自旧档汇入	2026-04-13T01:27:08+08:00
Unique	adj.		唯一的， 独一的， 仅有的	péh kou’ ih ke’		不過一个		579		true	自旧档汇入	2026-04-13T01:27:08+08:00
Unique	adj.		唯一的， 独一的， 仅有的	dôh ih ke’		獨一个		579		true	自旧档汇入	2026-04-13T01:27:08+08:00
Unique	adj.	C'est une occasion —.	这是一个独特的机会	tséh ’yeû di’ ke’ ki wei’		只有第个機會		579		true	自旧档汇入	2026-04-13T01:27:08+08:00
Uniquement	adv.		仅仅地，只，惟一地	tséh		只		579		true	自旧档汇入	2026-04-13T01:27:08+08:00
Uniquement	adv.		仅仅地，只，惟一地	tè tè		單單		579		true	自旧档汇入	2026-04-13T01:27:08+08:00
Uniquement	adv.		仅仅地，只，惟一地	’tsin ’koé		儘管		579		true	自旧档汇入	2026-04-13T01:27:08+08:00
Unir	va.		合并	p‘ei’ héh		配合		579		true	自旧档汇入	2026-04-13T01:27:08+08:00
Unir	va.		合并	’ping (long’,bang’,p‘ei’)’long		併（弄，碰，配）攏		579		true	自旧档汇入	2026-04-13T01:27:08+08:00
Unir	vr.	S'— d'amitié	加入友谊	siang kiao		相交		579		true	自旧档汇入	2026-04-13T01:27:08+08:00
Unir	vr.	S'— d'amitié	加入友谊	kiéh kiao		結交		579		true	自旧档汇入	2026-04-13T01:27:08+08:00
Unir	vr.	S'— d'amitié	加入友谊	p‘è kiao		攀交		579		true	自旧档汇入	2026-04-13T01:27:08+08:00
Unisson	sf.	Dire à l'—.	齐声讲述	dong (wou) yen		同（和）音		579		true	自旧档汇入	2026-04-13T01:27:08+08:00
Unisson	sf.	Dire à l'—.	齐声讲述	dong sang dong k‘i’		同聲同氣		579		true	自旧档汇入	2026-04-13T01:27:08+08:00
Univers	sm.		全球，全世界，世界，天下	’p‘ou t‘ié ’ya		普天下		579		true	自旧档汇入	2026-04-13T01:27:08+08:00
Univers	sm.		全球，全世界，世界，天下	héh se’ ka’		合世界		579		true	自旧档汇入	2026-04-13T01:27:08+08:00
Univers	sm.		全球，全世界，世界，天下	t‘ié di’ vè’ wéh		天地萬物		579		true	自旧档汇入	2026-04-13T01:27:08+08:00
Universel	adj.		通用的，万能的，万用的	kong		公		579		true	自旧档汇入	2026-04-13T01:27:08+08:00
Universel	adj.		通用的，万能的，万用的	kong gong’		公共		579		true	自旧档汇入	2026-04-13T01:27:08+08:00
Universel	adj.		通用的，万能的，万用的	ih ’t‘ong		一統		579		true	自旧档汇入	2026-04-13T01:27:08+08:00
Universel	adj.	Homme —.	环球人	yang’ yang’ neng keu’		樣樣能幹		579		true	自旧档汇入	2026-04-13T01:27:08+08:00
Urbain	sm.		城市的，都市的	zeng ’li ke’		城裏个		579		true	自旧档汇入	2026-04-13T01:27:08+08:00
Urbain	sm.		有礼貌的， 文雅的	’li mao’		禮貌		579		true	自旧档汇入	2026-04-13T01:27:08+08:00
Urbain	sm.		有礼貌的， 文雅的	’li ’t‘i		禮體		579		true	自旧档汇入	2026-04-13T01:27:08+08:00
Urbanité	sf.		城市性	zeng ’li ke’		城裏个		579		true	自旧档汇入	2026-04-13T01:27:08+08:00
Urbanité	sf.		礼貌, 文雅	’li mao’		禮貌		579		true	自旧档汇入	2026-04-13T01:27:08+08:00
Urbanité	sf.		礼貌, 文雅	’li ’t‘i		禮體		579		true	自旧档汇入	2026-04-13T01:27:08+08:00
Urgent	adj.		紧急的，急迫的，刻不容缓的	’kien kiéh		緊急		579		true	自旧档汇入	2026-04-13T01:27:08+08:00
Urgent	adj.		紧急的，急迫的，刻不容缓的	k‘ieh ’kien		吃緊		579		true	自旧档汇入	2026-04-13T01:27:08+08:00
Urgent	adj.	Affaire — e.	紧急案例	kiéh(yao’ kien) ze’ ’t‘i	kiéh(yao’ ’kien) ze’ ’t‘i	急（要緊）事體		579		true	自旧档汇入	2026-04-13T01:27:08+08:00
Urine	sf.		尿	se		尿		579		true	自旧档汇入	2026-04-13T01:27:08+08:00
Urine	sf.		尿	’siao bié’		小便		579		true	自旧档汇入	2026-04-13T01:27:08+08:00
Uriner	vn.		排尿	ts‘éh ’siao kong		出小公	出小恭	579		true	自旧档汇入	2026-04-13T01:27:08+08:00
Uriner	vn.		排尿	’siao ’ka		小解		579		true	自旧档汇入	2026-04-13T01:27:08+08:00
Uriner	vn.		排尿	za’ se		瀉尿	？	579		true	自旧档汇入	2026-04-13T01:27:08+08:00
Usage	sm	Coutume reçue.	习俗, 惯例	fong zôh(k‘i’)		風俗（氣）		580		true	自旧档汇入	2026-04-13T01:27:08+08:00
Usage	sm	Coutume reçue.	习俗, 惯例	koei ’kiu		規矩		580		true	自旧档汇入	2026-04-13T01:27:08+08:00
Usage	sm	Contre les —s.	反对使用	véh tsao’ koei ’kiu		勿照規矩		580		true	自旧档汇入	2026-04-13T01:27:08+08:00
Usage	sm	Contre les —s.	反对使用	li kieng t‘ei pè		離經推班	離經推扳	580		true	自旧档汇入	2026-04-13T01:27:08+08:00
Usage	sm	Emploi.D'un—général.	用途.一般用途	yong’		用		580		true	自旧档汇入	2026-04-13T01:27:08+08:00
Usage	sm	Emploi.D'un—général.	用途.一般用途	yong’ deû(zang)		用頭（場）		580		true	自旧档汇入	2026-04-13T01:27:08+08:00
Usage	sm	Emploi.D'un—général.	用途.一般用途	t‘ong yong’		通用		580		true	自旧档汇入	2026-04-13T01:27:08+08:00
Usage	sm	Etre en —.,,,,partout.	在使用中，无处不在	hang ke’		行个		580		true	自旧档汇入	2026-04-13T01:27:08+08:00
Usage	sm	Etre en —.,,,,partout.	在使用中，无处不在	t‘ong hang ke’		通行个		580		true	自旧档汇入	2026-04-13T01:27:08+08:00
Usé	adj.		用坏的，不能再用的，磨损的	wa’ t‘éh ’la ’tsé		壞脱拉者		580		true	自旧档汇入	2026-04-13T01:27:08+08:00
Usé	adj.		用坏的，不能再用的，磨损的	p‘ou’(yi’)’tsé		破（易）者	破（？）者	580		true	自旧档汇入	2026-04-13T01:27:08+08:00
Usé	adj.	Vêtements —s.	破旧的衣服	i sè lè ’leû		衣衫襤縷		580	待定	true	自旧档汇入	2026-04-13T01:27:08+08:00
User	va.		用， 使用， 运用	yong’		用		580		true	自旧档汇入	2026-04-13T01:27:08+08:00
User	va.	Détériorer	用坏， 磨损	yong’ wa’		用壞		580		true	自旧档汇入	2026-04-13T01:27:08+08:00
User	va.	Détériorer	用坏， 磨损	yi’		易		580		true	自旧档汇入	2026-04-13T01:27:08+08:00
User	va.	Détériorer	用坏， 磨损	ts‘èh ts‘èh koang		擦擦光		580		true	自旧档汇入	2026-04-13T01:27:08+08:00
Usine	sf.		工厂	ghiôh		局		580		true	自旧档汇入	2026-04-13T01:27:08+08:00
Usine	sf.		工厂	’ts‘ang		廠		580		true	自旧档汇入	2026-04-13T01:27:08+08:00
Usité	adj.		使用中的，常用的	wo’ ke’		話个		580		true	自旧档汇入	2026-04-13T01:27:08+08:00
Usité	adj.		使用中的，常用的	yong’ ke’		用个		580		true	自旧档汇入	2026-04-13T01:27:08+08:00
Usité	adj.		使用中的，常用的	hang ke’		行个		580		true	自旧档汇入	2026-04-13T01:27:08+08:00
Usité	adj.	Peu —.	很少使用	véh da’ wo’(yong’)		勿大話（用）		580		true	自旧档汇入	2026-04-13T01:27:08+08:00
Usité	adj.	Peu —.	很少使用	’lang men ze’ ’ngè		冷門字眼		580		true	自旧档汇入	2026-04-13T01:27:08+08:00
Ustensile	sm.		用具, 器皿	ka sang(’h‘ou)		傢生（伙）		580		true	自旧档汇入	2026-04-13T01:27:08+08:00
Ustensile	sm.		用具, 器皿	k‘i’ ghiu’		器具		580		true	自旧档汇入	2026-04-13T01:27:08+08:00
Ustensile	sm.		用具, 器皿	’dong yong’ ka’ sang		動用傢生		580		true	自旧档汇入	2026-04-13T01:27:08+08:00
Usuel	adj.		日常用的，惯用的	koè zang yong’ ke’	koè’ zang yong’ ke’	慣常用个		580		true	自旧档汇入	2026-04-13T01:27:08+08:00
Usuel	adj.		日常用的，惯用的	sou’ zang ke’		素常个		580		true	自旧档汇入	2026-04-13T01:27:08+08:00
Usuel	adj.		日常用的，惯用的	bing sou’ gnéh kè ke’		平素日間个		580		true	自旧档汇入	2026-04-13T01:27:08+08:00
Usure	sf.	Cf.Prêter.	高利贷	’zong li’ dié		重利錢		580		true	自旧档汇入	2026-04-13T01:27:08+08:00
Usure	sf.	Cf.Prêter.	高利贷	yen’ ’tse dié		印子錢		580		true	自旧档汇入	2026-04-13T01:27:08+08:00
Usurier	sm.		高利贷者	seû(faong’)’zong li’ ke’		收（放）重利个		580		true	自旧档汇入	2026-04-13T01:27:08+08:00
Usurper	va.		篡夺，侵占，僭越	tsié’		僭	占	580	待定	true	自旧档汇入	2026-04-13T01:27:08+08:00
Usurper	va.		篡夺，侵占，僭越	pouo’		霸		580		true	自旧档汇入	2026-04-13T01:27:08+08:00
Usurper	va.		篡夺，侵占，僭越	ghiang tsé’		强占		580		true	自旧档汇入	2026-04-13T01:27:08+08:00
Usurper	va.		篡夺，侵占，僭越	ngang’ tsié’		硬僭	硬占	580		true	自旧档汇入	2026-04-13T01:27:08+08:00
Usurper	va.		篡夺，侵占，僭越	tsié’ sié		僭先	占先	580		true	自旧档汇入	2026-04-13T01:27:08+08:00
Usurper	va.		篡夺，侵占，僭越	tsié’ yeuh		僭越		580		true	自旧档汇入	2026-04-13T01:27:08+08:00
Usurper	va.	— les droits d'autrui.	篡夺他人权利	pouo’ tsié’		霸僭	霸占	580		true	自旧档汇入	2026-04-13T01:27:08+08:00
Usurper	va.	— les droits d'autrui.	篡夺他人权利	tsié’ gnen ka bié’ gni		僭人家便宜	占人家便宜	580		true	自旧档汇入	2026-04-13T01:27:08+08:00
Utérin	adj.	Frère —.	同母异父兄弟	pao hiong		胞兄		580		true	自旧档汇入	2026-04-13T01:27:08+08:00
Utérin	adj.	Frère —.	同母异父兄弟	dong pao di’ hiong		同胞弟兄		580		true	自旧档汇入	2026-04-13T01:27:08+08:00
Utérin	adj.	Frère —.	同母异父兄弟	ih ke’ gnang sang ke’		一個娘生个		580		true	自旧档汇入	2026-04-13T01:27:08+08:00
Utile	adj.		有用的，有益的	’yeû yong’ deû(zang)		有用頭（場）		580		true	自旧档汇入	2026-04-13T01:27:08+08:00
Utile	adj.		有用的，有益的	’yeû(tsong’)yong’ ke’		有（中）用个		580		true	自旧档汇入	2026-04-13T01:27:08+08:00
Utile	adj.	Avantageux.	有利的，有好处的	’yeû ’h‘ao ts‘u’ ke’		有好處个		580		true	自旧档汇入	2026-04-13T01:27:08+08:00
Utiliser	va.		利用，使用	yong’		用		580		true	自旧档汇入	2026-04-13T01:27:08+08:00
Utiliser	va.	— son temps.	利用你的时间	ai’ sieh koang yen		愛惜光陰		580		true	自旧档汇入	2026-04-13T01:27:08+08:00
Utilité	sf.		用处，益处	yong’ deû(zang)		用頭（場）		580		true	自旧档汇入	2026-04-13T01:27:08+08:00
Utilité	sf.		用处，益处	yeh ts‘u’		益處		580		true	自旧档汇入	2026-04-13T01:27:08+08:00
Vacance	sf.	Attendre une—.	等待假期	k‘ieuh		缺		580		true	自旧档汇入	2026-04-13T01:27:08+08:00
Vacance	sf.	Attendre une—.	等待假期	k‘ieuh ven’		缺分		580		true	自旧档汇入	2026-04-13T01:27:08+08:00
Vacance	sf.	Remplir une—.	填补空缺	heû’ ’pou(k‘ieuh)		候補（缺）		580		true	自旧档汇入	2026-04-13T01:27:08+08:00
Vacance	sf.	Remplir une—.	填补空缺	’pou k‘ieuh		補缺		580		true	自旧档汇入	2026-04-13T01:27:08+08:00
Vacance	sf.pl.	—s.	假期, 休假	faong’ hoh		放學		580		true	自旧档汇入	2026-04-13T01:27:08+08:00
Vacance		—s d'hiver.—s d'été.	寒假.暑假	faong’ gné hoh		放年學		580		true	自旧档汇入	2026-04-13T01:27:08+08:00
Vacance		—s d'hiver.—s d'été.	寒假.暑假	hiéh hao’		歇夏		580		true	自旧档汇入	2026-04-13T01:27:08+08:00
Vacance		Les tribunaux sonten —s.	法院正在休假	fong yen’ ’la ’tsé		封印拉者		580		true	自旧档汇入	2026-04-13T01:27:08+08:00
Vacant	adj.		空着的，未被占用的	k‘ong ’la	k‘ong’ ’la	空拉		581	待定	true	自旧档汇入	2026-04-13T01:27:08+08:00
Vacant	adj.		空着的，未被占用的	k‘ong	k‘ong’	空		581		true	自旧档汇入	2026-04-13T01:27:08+08:00
Vacarme		Faire du—.	发出噪音	’ts‘ao’		吵		581		true	自旧档汇入	2026-04-13T01:27:08+08:00
Vacarme		Faire du—.	发出噪音	’ts‘ao’ nao’		吵鬧		581		true	自旧档汇入	2026-04-13T01:27:08+08:00
Vacarme		— à tout casser.	打破一切	nao’ teh kieng t‘ié ’dong di’		鬧得驚天動地		581		true	自旧档汇入	2026-04-13T01:27:08+08:00
Vaccin	sm.		痘苗	deû’ tsiang(miao)		痘漿，痘苗	痘漿（苗）	581	中文和羅馬字不對應，按羅馬字調整。待定	true	自旧档汇入	2026-04-13T01:27:08+08:00
Vaccine	sf.		牛痘	tsong’ gneû deû’		種牛痘		581		true	自旧档汇入	2026-04-13T01:27:08+08:00
Vacciner	va.	— àl'européenne.	给…种牛痘	tsong’ deû’ ’tse		種痘子		581		true	自旧档汇入	2026-04-13T01:27:08+08:00
Vacciner	va.	— àl'européenne.	给…种牛痘	tsong’ gneû deû’		種牛痘		581		true	自旧档汇入	2026-04-13T01:27:08+08:00
Vache	sf.		母牛	’na gneû		奶牛		581		true	自旧档汇入	2026-04-13T01:27:08+08:00
Vache	sf.		母牛	ts‘e(’zu) gneû [ih tsah]		雌（乳）牛[一隻]		581		true	自旧档汇入	2026-04-13T01:27:08+08:00
Vacher	sm.		牛倌	k‘eu(faong’)gneû ke’		看（放）牛个		581		true	自旧档汇入	2026-04-13T01:27:08+08:00
Vacherie	sf.		牛奶场, 牛奶棚	gneû bang		牛棚		581		true	自旧档汇入	2026-04-13T01:27:08+08:00
Vacherie	sf.		牛奶场, 牛奶棚	gneû ’na bang		牛奶棚		581		true	自旧档汇入	2026-04-13T01:27:08+08:00
Vacillant	adj.		摇晃的，抖动的，摇曳的	yao ’lao yao ke’		摇咾摇个		581		true	自旧档汇入	2026-04-13T01:27:08+08:00
Vacillant	adj.		摇晃的, 抖动的, 摇曳的	’dong ke’		動个		581		true	自旧档汇入	2026-04-13T01:27:08+08:00
Vacillant	adj.		摇晃的, 抖动的, 摇曳的	ngéh		兀		581	待定	true	自旧档汇入	2026-04-13T01:27:08+08:00
Vaciller	vn.	Branler	摇晃, 晃荡	yao		摇		581		true	自旧档汇入	2026-04-13T01:27:08+08:00
Vaciller	vn.	Branler	摇晃, 晃荡	’pa		擺		581		true	自旧档汇入	2026-04-13T01:27:08+08:00
Vaciller	vn.	Branler	摇晃, 晃荡	yao ’dong		摇動		581		true	自旧档汇入	2026-04-13T01:27:08+08:00
Vaciller	vn.	Branler	摇晃, 晃荡	ngéh		兀		581	待定	true	自旧档汇入	2026-04-13T01:27:08+08:00
Vaciller	vn.	Branler	摇晃, 晃荡	naong		囊		581		true	自旧档汇入	2026-04-13T01:27:08+08:00
Vaciller	vn.	Branler	摇晃, 晃荡	daong’ lai daong’ k‘i’		宕來宕去	趤來趤去	581	待定	true	自旧档汇入	2026-04-13T01:27:08+08:00
Vaciller	vn.	Fig.Hésiter.	踌躇，犹豫，迟疑	’fè foh		反覆		581	待定	true	自旧档汇入	2026-04-13T01:27:08+08:00
Vaciller	vn.	Fig.Hésiter.	踌躇，犹豫，迟疑	sè sin ’liang i’		三心兩意		581		true	自旧档汇入	2026-04-13T01:27:08+08:00
Vaciller	vn.	Fig.Hésiter.	踌躇，犹豫，迟疑	yeû yu’ péh kieuh		猶豫不决		581		true	自旧档汇入	2026-04-13T01:27:08+08:00
Vagabond	sm.	Vaurien.	无赖，流氓	’lao kaong wou		老江湖		581		true	自旧档汇入	2026-04-13T01:27:08+08:00
Vagabond	sm.	Vaurien.	无赖，流氓	laong’ daong’ ’tse		浪宕子	[走良]趤子	581		true	自旧档汇入	2026-04-13T01:27:08+08:00
Vagabond	sm.	Vaurien.	无赖，流氓	koang dè’(’koen)		光蛋（棍）		581		true	自旧档汇入	2026-04-13T01:27:08+08:00
Vagabond	sm.	Vaurien.	无赖，流氓	lieû maong		流氓		581		true	自旧档汇入	2026-04-13T01:27:08+08:00
Vagabond	adj.	Bonze —.	野和尚	’ya wou zaong’		野和尚		581		true	自旧档汇入	2026-04-13T01:27:08+08:00
Vagabonder	vn.		流浪, 漂泊	daong’ lai daong’ k‘i’		宕來宕去	趤來趤去	581		true	自旧档汇入	2026-04-13T01:27:08+08:00
Vagabonder	vn.		流浪, 漂泊	’tseû kaong wou		走江湖		581		true	自旧档汇入	2026-04-13T01:27:08+08:00
Vagissement	sm.	Pousserdes —s.	哇哇啼哭声	sin ’siao ’neu k‘ôh		新小囝哭		581	待定	true	自旧档汇入	2026-04-13T01:27:08+08:00
Vagissement	sm.	Pousserdes —s.	哇哇啼哭声	k‘ôh k‘ôh di di		哭哭啼啼		581		true	自旧档汇入	2026-04-13T01:27:08+08:00
Vague	sf.		浪， 波浪， 波涛	laong’ deû		浪頭		581		true	自旧档汇入	2026-04-13T01:27:08+08:00
Vague	adj.		含糊的，含混的，不明确的	k‘ong		空		581		true	自旧档汇入	2026-04-13T01:27:08+08:00
Vague	adj.		含糊的，含混的，不明确的	véh ts‘ing ’saong		勿清爽		581		true	自旧档汇入	2026-04-13T01:27:08+08:00
Vague	adj.		含糊的，含混的，不明确的	wou dou		糊塗		581		true	自旧档汇入	2026-04-13T01:27:08+08:00
Vague	adj.	Sens —.	模糊的感觉	i’ se véh ts‘ing ts‘ou		意思勿清楚		581		true	自旧档汇入	2026-04-13T01:27:08+08:00
Vaguement	adv.		含糊地， 泛泛地	’miao ’miao maong maong		渺渺茫茫		581		true	自旧档汇入	2026-04-13T01:27:08+08:00
Vaguement	adv.		含糊地， 泛泛地	h‘eh bah véh fen		黑白勿分		581		true	自旧档汇入	2026-04-13T01:27:08+08:00
Vaguement	adv.	S'exprimer —.	含糊地表达自己	hé wou véh t‘ou’		含糊勿吐		581	待定	true	自旧档汇入	2026-04-13T01:27:08+08:00
Vaillance	sf.		勇敢, 坚强	’yong ’ké		勇敢		581		true	自旧档汇入	2026-04-13T01:27:08+08:00
Vaillance	sf.		勇敢, 坚强	dou’ ’tè		大膽		581		true	自旧档汇入	2026-04-13T01:27:08+08:00
Vaillant	adj.		健壮的，强壮的	’yong tsaong’		勇壯		581		true	自旧档汇入	2026-04-13T01:27:08+08:00
Vaillant	adj.		健壮的，强壮的	yeng yong		英雄		581		true	自旧档汇入	2026-04-13T01:27:08+08:00
Vaillant	adj.		健壮的，强壮的	’hao ghié’	hao ghiéh	豪傑		581	變調	true	自旧档汇入	2026-04-13T01:27:08+08:00
Vaillant	adj.	Soldat —.	英勇的士兵	’yong ping		勇兵		581		true	自旧档汇入	2026-04-13T01:27:08+08:00
Vaillant	adj.	N'avoir pas un denier.	一个子儿都没有, 一文不名	ih ke’ dong dié ’a m méh		一個銅錢也無末	一個銅錢也嘸末	581	 n'avoir pas un sou vaillant 一贫如洗	true	自旧档汇入	2026-04-13T01:27:08+08:00
Vaillant	adj.	N'avoir pas un denier.	一个子儿都没有, 一文不名	yao wou pé’ wen		腰無半文		581		true	自旧档汇入	2026-04-13T01:27:08+08:00
Vain	adj.	[Personne].Frivole.	轻浮	k‘ieng weû ke’		輕浮个		581		true	自旧档汇入	2026-04-13T01:27:08+08:00
Vain	adj.	[Personne].Frivole.	轻浮	hiu k‘ong ke’		虚空个		581		true	自旧档汇入	2026-04-13T01:27:08+08:00
Vain	adj.	Futile,inutile	徒劳，无用	m yong’ ke’		無用个	嘸用个	581		true	自旧档汇入	2026-04-13T01:27:08+08:00
Vain	adj.	Futile,inutile	徒劳，无用	’siao		小		581		true	自旧档汇入	2026-04-13T01:27:08+08:00
Vain	adj.	Peu important	不重要	véh yao’ ’kien		勿要緊		581		true	自旧档汇入	2026-04-13T01:27:08+08:00
Vain	adj.	Peu important	不重要	hiu		虚		581		true	自旧档汇入	2026-04-13T01:27:08+08:00
Vain	adj.	Peu important	不重要	k‘ong		空		581		true	自旧档汇入	2026-04-13T01:27:08+08:00
Vain	adj.	Peu important	不重要	hiu ’ka ke’		虚假个		582		true	自旧档汇入	2026-04-13T01:27:08+08:00
Vainement	adv.	En vain.	徒然地，白白地	bah bah ’li(song’)		白白裏（送）		582		true	自旧档汇入	2026-04-13T01:27:08+08:00
Vainement	adv.	En vain.	徒然地，白白地	dou zé		徒然		582		true	自旧档汇入	2026-04-13T01:27:08+08:00
Vainement	adv.	En vain.	徒然地，白白地	bah		白		582		true	自旧档汇入	2026-04-13T01:27:08+08:00
Vaincre	va.		战胜，击败	teh seng’		得勝		582		true	自旧档汇入	2026-04-13T01:27:08+08:00
Vaincre	va.		战胜，击败	’tang seng’ tsang’		打勝仗		582		true	自旧档汇入	2026-04-13T01:27:08+08:00
Vaincre	vr.	Se —.	打败自己	k‘eh ’ki		克己		582		true	自旧档汇入	2026-04-13T01:27:08+08:00
Vaincre	vr.	Se —.	打败自己	yah sôh ze’ ka		約束自家		582		true	自旧档汇入	2026-04-13T01:27:08+08:00
Vaincu	sm.et pp	Vainqueur.sm.	战胜者, 胜利者	’tang ba’ ke’		打敗个		582		true	自旧档汇入	2026-04-13T01:27:08+08:00
Vaincu	sm.et pp	Vainqueur.sm.	战胜者, 胜利者	teh seng’ ke’		得勝个		582		true	自旧档汇入	2026-04-13T01:27:08+08:00
Vaissean	sm.	de guerre.	船舰	ping zé [ih tsah]		兵船[一隻]		582		true	自旧档汇入	2026-04-13T01:27:08+08:00
Vaissean	sm.	— sanguin.	血管	hieuh ’koé		血管		582		true	自旧档汇入	2026-04-13T01:27:08+08:00
Vaissean	sm.	— sanguin.	血管	hieuh mah		血脉		582		true	自旧档汇入	2026-04-13T01:27:08+08:00
Vaisselle	sf.		餐具	k‘ieh vè’ ka ’h‘ou		吃飯傢伙		582		true	自旧档汇入	2026-04-13T01:27:08+08:00
Vaisselle	sf.		餐具	’wé ’tsè		碗盞		582		true	自旧档汇入	2026-04-13T01:27:08+08:00
Valable	adj.		有效的	’t‘ou taong’ ke’		妥當个		582	中文和羅馬字不對應，按漢字調整。待定	true	自旧档汇入	2026-04-13T01:27:08+08:00
Valable	adj.		有效的	’yeû yong’ ke’		有用个		582		true	自旧档汇入	2026-04-13T01:27:08+08:00
Valet	sm.		仆从, 仆人	ts‘a yong’ ke’ gnen		差用个人		582		true	自旧档汇入	2026-04-13T01:27:08+08:00
Valet	sm.		仆从, 仆人	zéh taong’ ts‘a	zéh taong ts‘a	雜當差		582	是否上表	true	自旧档汇入	2026-04-13T01:27:08+08:00
Valet	sm.		仆从, 仆人	t‘ih sen gni’ ya		貼身二爷		582		true	自旧档汇入	2026-04-13T01:27:08+08:00
Valet	sm.		仆从, 仆人	’ti ’hao gnen		底下人		582		true	自旧档汇入	2026-04-13T01:27:08+08:00
Valet	sm.	— de pied.	跟班	ken pè ke’		跟班个		582		true	自旧档汇入	2026-04-13T01:27:08+08:00
Valétudinaire	sm.		体弱多病的（人），孱弱的（人）	zang zang ’yeû(sang)bing’ ke’		常常有（生）病个		582		true	自旧档汇入	2026-04-13T01:27:08+08:00
Valétudinaire	sm.		体弱多病的（人），孱弱的（人）	tou bing’ ke’		多病个		582		true	自旧档汇入	2026-04-13T01:27:08+08:00
Valeur	sf.	Prix.[Chose] de —.	价格	ka’ dié		價錢		582		true	自旧档汇入	2026-04-13T01:27:08+08:00
Valeur	sf.	Prix.[Chose] de —.	价值	zeh dong dié		值銅錢		582		true	自旧档汇入	2026-04-13T01:27:08+08:00
Valeur	sf.	Fig.Homme de —.	有价值的人	’yeû ’pen ze’ ke’		有本事个		582		true	自旧档汇入	2026-04-13T01:27:08+08:00
Valeur	sf.	Fig.Homme de —.	有价值的人	’pen ling ts‘éh seh	’pen ’ling ts‘éh seh	本靈出色	本領出色	582	待定 特殊	true	自旧档汇入	2026-04-13T01:27:08+08:00
Valeur	sf.	Homme sans —.	毫无价值的男人	’pen ze’ zié wou		本事全無		582		true	自旧档汇入	2026-04-13T01:27:08+08:00
Valeur	sf.	— d'un mot.Sens précis.	字的原意	’pen i’ se		本意思		582		true	自旧档汇入	2026-04-13T01:27:08+08:00
Valeureux	adj.		英勇的，勇猛的，骁勇的	’yong ’ké ke’		勇敢个		582		true	自旧档汇入	2026-04-13T01:27:08+08:00
Valeureux	adj.		英勇的，勇猛的，骁勇的	dou’ ’tè ke’		大膽个		582		true	自旧档汇入	2026-04-13T01:27:08+08:00
Valide	adj.		强壮的, 强健的, 健康的	ghia		强		582		true	自旧档汇入	2026-04-13T01:27:08+08:00
Valide	adj.		强壮的, 强健的, 健康的	ghiang tsaong’		强壯		582		true	自旧档汇入	2026-04-13T01:27:08+08:00
Valide	adj.	Valable.	有效的	’t‘ou taong’		妥當		582		true	自旧档汇入	2026-04-13T01:27:08+08:00
Validement	adv.		有效地	’wen ’wen taong’ taong’		穩穩當當		582		true	自旧档汇入	2026-04-13T01:27:08+08:00
Validement	adv.		有效地	’t‘ou taong’		妥當		582		true	自旧档汇入	2026-04-13T01:27:08+08:00
Valider	va.		使有效， 使生效	’tsen		准		582		true	自旧档汇入	2026-04-13T01:27:08+08:00
Valider	va.		使有效， 使生效	long’ ’t‘ou taong’		弄妥當		582		true	自旧档汇入	2026-04-13T01:27:08+08:00
Valise	sf.		手提箱	’lao ’hou dai’	’lao ’h‘ou dai’	老虎袋		582		true	自旧档汇入	2026-04-13T01:27:08+08:00
Valise	sf.		手提箱	bi dai’ [ih tsah]		皮袋[一隻]		582		true	自旧档汇入	2026-04-13T01:27:08+08:00
Vallon	sm.	Vallée.sf.	小谷， 小山谷	sè koh		山谷		582		true	自旧档汇入	2026-04-13T01:27:08+08:00
Vallée	sf.	Vallée étroite.	窄的山谷	sè kah		山峽		582	特殊	true	自旧档汇入	2026-04-13T01:27:08+08:00
Valoir	vn.		价值, 值	zeh		值		582		true	自旧档汇入	2026-04-13T01:27:08+08:00
Valoir	vn.		价值, 值	zeh teh		值得		582		true	自旧档汇入	2026-04-13T01:27:08+08:00
Valoir	vn.	Ne — pas ls peine	不值得付出代价	véh zeh teh ke’		勿值得个		582		true	自旧档汇入	2026-04-13T01:27:08+08:00
Valoir	vn.	Ne — pas ls peine	不值得付出代价	kéh véh zah(seu’)ke’		合勿着（算）个		582		true	自旧档汇入	2026-04-13T01:27:08+08:00
Valoir	vn.	Faire les choses vaille que vaille	做有价值的事情	bè’ ze’ ’t‘i véh ’koé ’h‘ao k‘ieû		辦事體勿管好恘		582		true	自旧档汇入	2026-04-13T01:27:08+08:00
Valoir	vn.	Faire les choses vaille que vaille	做有价值的事情	tsou’ lai zu zu wou wou		做來隨隨乎乎		582		true	自旧档汇入	2026-04-13T01:27:08+08:00
Valoir	vn.	Combien cela vautil?20 sap.	它值多少钱？20 sap?	zeh ’ki dié?zeh gnè’ dié		值幾錢？值廿錢		582	sap的含义不知 待定 格式 標點符號	true	自旧档汇入	2026-04-13T01:27:08+08:00
Valoir	vn.	Cela vaut la dépense.	值得花费	kéh seu’		合算		582		true	自旧档汇入	2026-04-13T01:27:08+08:00
Valoir	vn.	Cela vaut la dépense.	值得花费	zeh ke’		值个		582		true	自旧档汇入	2026-04-13T01:27:08+08:00
Valoir	vn.	Cela vaut la dépense.	值得花费	kéh teh zah ke’		合得着个		582		true	自旧档汇入	2026-04-13T01:27:08+08:00
Valoir	vn.	Se faire-auprèa de qqn.		hié’ kong		獻功		582		true	自旧档汇入	2026-04-13T01:27:08+08:00
Van	sm.		簸箕	pou’ ’pié[ih tsah]		簸匾[一隻]		582	待定	true	自旧档汇入	2026-04-13T01:27:08+08:00
Vanité	sf.		虚荣，虚荣心	hiu weû		虚浮		582		true	自旧档汇入	2026-04-13T01:27:08+08:00
Vanité	sf.		虚荣，虚荣心	hiu k‘i’		虚氣		582		true	自旧档汇入	2026-04-13T01:27:08+08:00
Vanité	sf.		虚荣，虚荣心	vè wo		繁華		582		true	自旧档汇入	2026-04-13T01:27:08+08:00
Vaniteux	adj.		自大的, 自负的, 自夸的	ze’ ts‘eng neng		自稱能		582		true	自旧档汇入	2026-04-13T01:27:08+08:00
Vaniteux	adj.		自大的, 自负的, 自夸的	ze’ kiao’ ’h‘ao		自叫好		582		true	自旧档汇入	2026-04-13T01:27:08+08:00
Vaniteux	adj.		自大的, 自负的, 自夸的	k‘ieh ’mô p‘i gnen	k‘ieh ’mô p‘i’ gnen	吃馬屁人		583		true	自旧档汇入	2026-04-13T01:27:08+08:00
Vanner	va.		簸扬	pou’		簸		583		true	自旧档汇入	2026-04-13T01:27:08+08:00
Vanner	va.		簸扬	’yang		颺		583		true	自旧档汇入	2026-04-13T01:27:08+08:00
Vannier	sm.		篾匠	miéh ziang’		篾匠		583		true	自旧档汇入	2026-04-13T01:27:08+08:00
Vannier	sm.		篾匠	miéh tsôh se wou’		篾竹司務		583		true	自旧档汇入	2026-04-13T01:27:08+08:00
Vantail	sm.		(门、窗等的)扇	men sé’		門扇		583		true	自旧档汇入	2026-04-13T01:27:08+08:00
Vantard	sm	Faire le—.	吹嘘	k‘ouo ’k‘eû		誇口		583		true	自旧档汇入	2026-04-13T01:27:08+08:00
Vantard	sm	Faire le—.	吹嘘	wo’ ’h‘ai wo’		話海話		583		true	自旧档汇入	2026-04-13T01:27:08+08:00
Vantardise	sf.		吹牛，吹嘘，夸口，说大话	wo’ dou’ wo’		話大話		583		true	自旧档汇入	2026-04-13T01:27:08+08:00
Vantardise	sf.		吹牛，吹嘘，夸口，说大话	’pa ka’ ’tse		擺架子		583		true	自旧档汇入	2026-04-13T01:27:08+08:00
Vanter	va.		夸奖，赞扬	k‘ouo tsè’		誇贊		583		true	自旧档汇入	2026-04-13T01:27:08+08:00
Vanter	va.		夸奖，赞扬	dai ’kiu		抬舉		583		true	自旧档汇入	2026-04-13T01:27:08+08:00
Vanter	va.		夸奖，赞扬	fong kao		封高		583		true	自旧档汇入	2026-04-13T01:27:08+08:00
Vanter	vr.	Se —.	自吹自擂	ma’ waong		賣王		583		true	自旧档汇入	2026-04-13T01:27:08+08:00
Vanter	vr.	Se —.	自吹自擂	ze’ dou’ dao’		自大道		583		true	自旧档汇入	2026-04-13T01:27:08+08:00
Vanter	vr.	Se —.	自吹自擂	k‘ouo ’k‘eû		誇口		583		true	自旧档汇入	2026-04-13T01:27:08+08:00
Vanter	vr.	Se —.	自吹自擂	fèh hiu		發虚		583		true	自旧档汇入	2026-04-13T01:27:08+08:00
Vanter		Ce n'est pas pour me —.	这不是吹牛	véh ze’ sa’ kiao ngao’		勿是啥驕傲		583		true	自旧档汇入	2026-04-13T01:27:08+08:00
Vanterie	sf.		吹牛，夸口	’h‘ai wai’ ghi dè		海外奇談		583		true	自旧档汇入	2026-04-13T01:27:08+08:00
Vanterie	sf.		吹牛，夸口	ze’ ts‘eng hang zé’		自稱行善		583		true	自旧档汇入	2026-04-13T01:27:08+08:00
Vapeur	sf.	— pestilentielle.— d'ean.	瘟疫蒸汽。 蒸气。	k‘i’		氣		583		true	自旧档汇入	2026-04-13T01:27:08+08:00
Vapeur	sf.	— pestilentielle.— d'ean.	瘟疫蒸汽。 蒸气。	’wen k‘i’	wen k‘i’	瘟氣		583		true	自旧档汇入	2026-04-13T01:27:08+08:00
Vapeur	sf.	— pestilentielle.— d'ean.	瘟疫蒸汽。 蒸气。	k‘i’’se		氣水		583		true	自旧档汇入	2026-04-13T01:27:08+08:00
Vapeur	sf.	— pestilentielle.— d'ean.	瘟疫蒸汽。 蒸气。	’se k‘i’		水氣		583		true	自旧档汇入	2026-04-13T01:27:08+08:00
Vapeur		Bateau à —. À la —.	汽船。用蒸汽(蒸煮)。	’h‘ou len zé		火輪船		583		true	自旧档汇入	2026-04-13T01:27:08+08:00
Vapeur		Bateau à —. À la —.	汽船。用蒸汽(蒸煮)。	k‘oa’ k‘oa’		快快		583		true	自旧档汇入	2026-04-13T01:27:08+08:00
Vapeur		Bateau à —. À la —.	汽船。用蒸汽(蒸煮)。	hao sao’		豪燥		583		true	自旧档汇入	2026-04-13T01:27:08+08:00
Vapeur		Cuire des pains à la —.	蒸面包	tseng mé deû		烝饅頭	蒸饅頭	583		true	自旧档汇入	2026-04-13T01:27:08+08:00
Vaquer	vn.	Ètre vacant.	空缺	k‘ong		空		583		true	自旧档汇入	2026-04-13T01:27:08+08:00
Vaquer	vn.	— à.	忙于	tsou’ 		做		583		true	自旧档汇入	2026-04-13T01:27:08+08:00
Vaquer	vn.	— à.	忙于	’koé		管		583		true	自旧档汇入	2026-04-13T01:27:08+08:00
Variable	adj.		有变化的, 变化不定的	véh ih ding’ ke’		勿一定个		583		true	自旧档汇入	2026-04-13T01:27:08+08:00
Variable	adj.		有变化的, 变化不定的	ze ze k‘eh k‘eh pié’		時時刻刻變		583		true	自旧档汇入	2026-04-13T01:27:08+08:00
Variable	adj.	Temps —.	变化不定的天气	t‘ié k‘i’ ih ’lang ih gnéh		天氣一冷一熱		583		true	自旧档汇入	2026-04-13T01:27:08+08:00
Varié	adj.	Articles —s.	多样的物品	tou		多		583		true	自旧档汇入	2026-04-13T01:27:08+08:00
Varié	adj.	Articles —s.	多样的物品	pah ’yang’ hou’ seh	pah yang’ h‘ou’ seh	百樣貨色		583	印刷錯誤	true	自旧档汇入	2026-04-13T01:27:08+08:00
Varié	adj.	Articles —s.	多样的物品	zéh hou’	zéh h‘ou’	雜貨		583		true	自旧档汇入	2026-04-13T01:27:08+08:00
Varier	va.	— ds ses idées.vn	改变想法	’kai pié’		改變		583		true	自旧档汇入	2026-04-13T01:27:08+08:00
Varier	va.	— ds ses idées.vn	改变想法	ih ’fè ih foh		一反一覆		583		true	自旧档汇入	2026-04-13T01:27:08+08:00
Varier	va.	— ds ses idées.vn	改变想法	m zang sin		無常心	嘸常心	583		true	自旧档汇入	2026-04-13T01:27:08+08:00
Variété	sf.	Sorte.	种类，类别	’teng		等		583		true	自旧档汇入	2026-04-13T01:27:08+08:00
Variété	sf.	Sorte.	种类，类别	yang’		樣		583		true	自旧档汇入	2026-04-13T01:27:08+08:00
Variété	sf.	Sorte.	种类，类别	lei’		類		583		true	自旧档汇入	2026-04-13T01:27:08+08:00
Variété	sf.	Diversité.	多种多样, 形形色色, 多样性	wé’ h‘ouo yang’		换花樣		583		true	自旧档汇入	2026-04-13T01:27:08+08:00
Variole	sf.		天花	deû’ ’tse		痘子		583		true	自旧档汇入	2026-04-13T01:27:08+08:00
Variole	sf.		天花	t‘ié h‘ouo deû’		天花痘		583		true	自旧档汇入	2026-04-13T01:27:08+08:00
Variole	sf.	Avoir la —.	出天花	ts‘éh deû’ ’tse		出痘子		583		true	自旧档汇入	2026-04-13T01:27:08+08:00
Variole	sf.	Avoir la —.	出天花	ts‘éh t‘ié h‘ouo		出天花		583		true	自旧档汇入	2026-04-13T01:27:08+08:00
Varlope	sf.		长刨	zang bao’ [ih tsah]		長刨[一隻]		583		true	自旧档汇入	2026-04-13T01:27:08+08:00
Vase	sm.	— à fleurs.	花瓶	ben [ih tsah]		盆[一隻]		583		true	自旧档汇入	2026-04-13T01:27:08+08:00
Vase	sm.	— à fleurs.	花瓶	h‘ouo bing(ben)		花瓶（盆）		583		true	自旧档汇入	2026-04-13T01:27:08+08:00
Vase	sm.	— de nuit.	便盆，便壶，夜壶	ya’(bié’)wou		夜（便）壺		583		true	自旧档汇入	2026-04-13T01:27:08+08:00
Vase	sf.	Boue.	烂泥, 泥浆	lè’ gni		爛泥		583		true	自旧档汇入	2026-04-13T01:27:08+08:00
Vase	sf.	Boue.	烂泥, 泥浆	lè’ wou gni		爛污泥		583		true	自旧档汇入	2026-04-13T01:27:08+08:00
Vase	sf.	Boue.	烂泥, 泥浆	gni tsiang		泥漿		583		true	自旧档汇入	2026-04-13T01:27:08+08:00
Vasistas	sm.		气窗	’siao ts‘aong		小窗		583		true	自旧档汇入	2026-04-13T01:27:08+08:00
Vaste	adj.		广阔的，辽阔的，广袤的，宽广的	k‘oé		寬		583		true	自旧档汇入	2026-04-13T01:27:08+08:00
Vaste	adj.		广阔的，辽阔的，广袤的，宽广的	koang da’	’koang da’	廣大		583		true	自旧档汇入	2026-04-13T01:27:08+08:00
Vaste	adj.		广阔的，辽阔的，广袤的，宽广的	k‘oé dou’		寬大		583		true	自旧档汇入	2026-04-13T01:27:08+08:00
Vaste	adj.		广阔的，辽阔的，广袤的，宽广的	k‘oéh se’		闊勢		583		true	自旧档汇入	2026-04-13T01:27:08+08:00
Vaste	adj.		广阔的，辽阔的，广袤的，宽广的	tsié’ se’ ka’(’sou zai’)		僭世界（所在）	占世界（所在）	583	暂到此	true	自旧档汇入	2026-04-13T01:27:08+08:00
Vau-l'eau	adv.	(À).loc	随波逐流	zen’ ’se		順水		583		true	自旧档汇入	2026-04-13T01:27:08+08:00
Vaurien	sm.		无赖，流氓	t‘èh bi		傝皮	塌皮	583		true	自旧档汇入	2026-04-13T01:27:08+08:00
Vaurien	sm.		无赖，流氓	koang ’koen		光棍		583		true	自旧档汇入	2026-04-13T01:27:08+08:00
Vaurien	sm.		无赖，流氓	leû lou		嘍囉		583		true	自旧档汇入	2026-04-13T01:27:08+08:00
Vaurien	sm.	Sans aveu.	没有忏悔	wou lai’ tse dou		無賴之徒		583		true	自旧档汇入	2026-04-13T01:27:08+08:00
Vaurien	sm.	Sans aveu.	没有忏悔	wou liao		無聊		583		true	自旧档汇入	2026-04-13T01:27:08+08:00
Vaurien	sm.	—!	无赖，流氓 	nong’ di’ ke’ kiah seh!		儂第个脚色		583	標點	true	自旧档汇入	2026-04-13T01:27:08+08:00
Vautour	sm.		秃鹫，座山雕	’lao yeng [ih tsah]		老鷹[一隻]		584		true	自旧档汇入	2026-04-13T01:27:08+08:00
Vautrer	vr.	(Se)dslaboue.	（在地上或泥泞中）打滚	’la gni ’li ’tang ’koen		拉泥裏打滚		584		true	自旧档汇入	2026-04-13T01:27:08+08:00
Veau	sm.		小牛, 牛犊	’siao gneû		小牛		584		true	自旧档汇入	2026-04-13T01:27:08+08:00
Veau	sm.		小牛, 牛犊	’siao waong gneû [ih tsah]		小黄牛[一隻]		584		true	自旧档汇入	2026-04-13T01:27:08+08:00
Vedette	sf.		步哨，岗哨	k‘eu ’seû ke’ ’mô ping		看守个馬兵		584		true	自旧档汇入	2026-04-13T01:27:08+08:00
Végétation	sf.		植物, 草木	meû’ zeng’		茂盛		584		true	自旧档汇入	2026-04-13T01:27:08+08:00
Végétation	sf.		植物, 草木	ts‘ang’ meû’		暢茂		584		true	自旧档汇入	2026-04-13T01:27:08+08:00
Végétaux	sm.pl.		植物	’ts‘ao moh		草木		584		true	自旧档汇入	2026-04-13T01:27:08+08:00
Végéter	vn.		（植物）生长	wéh		活		584		true	自旧档汇入	2026-04-13T01:27:08+08:00
Végéter	vn.		（植物）生长	sang ts‘éh lai		生出來		584		true	自旧档汇入	2026-04-13T01:27:08+08:00
Végéter	vn.	Fig.Ne pas prospérer.	不繁荣	véh hieng waong’		勿興旺		584		true	自旧档汇入	2026-04-13T01:27:08+08:00
Végéter	vn.	Vivre oisif.	闲置生活	m sa’ tsou’		無啥做	嘸啥做	584		true	自旧档汇入	2026-04-13T01:27:08+08:00
Véhémence	sf.		激烈，猛烈，强烈	’yeû kieng’		有勁		584		true	自旧档汇入	2026-04-13T01:27:08+08:00
Véhémence	sf.		激烈，猛烈，强烈	lih liang’		力量		584		true	自旧档汇入	2026-04-13T01:27:08+08:00
Véhémence	sf.		激烈，猛烈，强烈	li’ hai’		利害		584		true	自旧档汇入	2026-04-13T01:27:08+08:00
Véhément	adj.		充满激情的, 让人振奋的, 感情激烈的	hao sao’		浩燥	？	584		true	自旧档汇入	2026-04-13T01:27:08+08:00
Véhément	adj.		充满激情的, 让人振奋的, 感情激烈的	li’ hai’		利害		584		true	自旧档汇入	2026-04-13T01:27:08+08:00
Véhément	adj.		充满激情的, 让人振奋的, 感情激烈的	’kien kiéh		緊急		584		true	自旧档汇入	2026-04-13T01:27:08+08:00
Veille	sf.	2de —.	二更天	kang		更		584		true	自旧档汇入	2026-04-13T01:27:08+08:00
Veille	sf.	2de —.	二更天	gni’ kang t‘ié		二更天		584		true	自旧档汇入	2026-04-13T01:27:08+08:00
Veille	sf.	Frapper les —s.	打守夜	k‘eu kang		看更		584		true	自旧档汇入	2026-04-13T01:27:08+08:00
Veille	sf.	Frapper les —s.	打守夜	k‘ao kang		敲更		584		true	自旧档汇入	2026-04-13T01:27:08+08:00
Veille	sf.	La —.La — au soir.	前一天。前一天晚上	zié ih gnéh		前一日		584		true	自旧档汇入	2026-04-13T01:27:08+08:00
Veille	sf.	La —.La — au soir.	前一天。前一天晚上	kah ya’		隔夜		584		true	自旧档汇入	2026-04-13T01:27:08+08:00
Veiller	vn.	Gardedenuit.	熬夜， 睡，整夜不睡	k‘eu (’seû)ya’ 		看（守）夜		584		true	自旧档汇入	2026-04-13T01:27:08+08:00
Veiller	vn.	Gardedenuit.	熬夜， 睡，整夜不睡	baong zeh		防賊		584		true	自旧档汇入	2026-04-13T01:27:08+08:00
Veiller	vn.	—[v.g.pr travailler].		véh k‘oen’		勿睏		584		true	自旧档汇入	2026-04-13T01:27:08+08:00
Veiller	vn.	—[sur qqn].		taong sin i		當心伊		584		true	自旧档汇入	2026-04-13T01:27:08+08:00
Veiller	vn.	—[sur qqn].		k‘eu ’la		看拉		584		true	自旧档汇入	2026-04-13T01:27:08+08:00
Veiller	va.	— un malade.[qqch].sur 		ya’ ’li maong’ bing’		夜裏望病		584		true	自旧档汇入	2026-04-13T01:27:08+08:00
Veilleur	sm.		夜间值班员, 值夜者	k‘eu ya’ ke’		看夜个		584		true	自旧档汇入	2026-04-13T01:27:08+08:00
Veilleur	sm.		夜间值班员, 值夜者	kang fou		更夫		584		true	自旧档汇入	2026-04-13T01:27:08+08:00
Veilleur	sm.		夜间值班员, 值夜者	k‘eu kang		看更		584		true	自旧档汇入	2026-04-13T01:27:08+08:00
Veine	sf.	Raie,filon	静脉, 血管	hieuh loh		血絡		584		true	自旧档汇入	2026-04-13T01:27:08+08:00
Veine	sf.	Raie,filon	静脉, 血管	wen lou’		紋路		584		true	自旧档汇入	2026-04-13T01:27:08+08:00
Veine	sf.	Fig.Être en—.	在静脉中	’yeû hieng’		有興		584		true	自旧档汇入	2026-04-13T01:27:08+08:00
Veine	sf.	Fig.Être en—.	在静脉中	kao hieng’		高興		584		true	自旧档汇入	2026-04-13T01:27:08+08:00
Veine	sf.	Être en — de bonheur.	置身于幸福的脉络中	teh i’		得意		584		true	自旧档汇入	2026-04-13T01:27:08+08:00
Veine	sf.	Être en — de bonheur.	置身于幸福的脉络中	yun’ k‘i’ ’h‘ao		運氣好		584		true	自旧档汇入	2026-04-13T01:27:08+08:00
Veine	va.	Avoir de la—.	运气好，走运	’h‘ao foh k‘i’		好福氣		584		true	自旧档汇入	2026-04-13T01:27:08+08:00
Veine	va.	Avoir de la—.	运气好，走运	zao’ h‘ouo’		造化		584		true	自旧档汇入	2026-04-13T01:27:08+08:00
Veine	va.	Avoir de la—.	运气好，走运	kao yun’		交運		584		true	自旧档汇入	2026-04-13T01:27:08+08:00
Vêler	vn.		产小牛，下牛犊	loh ’siao gneû		落小牛		584		true	自旧档汇入	2026-04-13T01:27:08+08:00
Vélocipède	sm.		早期的两轮或三轮自行车	kiah dèh ts‘ouo [ih ’bou]		脚踏車[一部]		584		true	自旧档汇入	2026-04-13T01:27:08+08:00
Velours	sm.		天鹅绒, 丝绒, 平绒	gnong		絨		584		true	自旧档汇入	2026-04-13T01:27:08+08:00
Velours	sm.		天鹅绒, 丝绒, 平绒	mié(se) gnong		綿（絲）絨		584	中文和羅馬字不對應，按羅馬字調整，待定。原作“綿絨，絲絨”	true	自旧档汇入	2026-04-13T01:27:08+08:00
Velouté	adj.	—.sm.	天鹅绒般的, 滑腻的, 柔滑的	ziang’ gnong neng		像絨能		584		true	自旧档汇入	2026-04-13T01:27:08+08:00
Velouté	adj.	—.sm.	天鹅绒般的, 滑腻的, 柔滑的	’tsié gnong		剪絨		584		true	自旧档汇入	2026-04-13T01:27:08+08:00
Velu	adj.		毛茸茸的， 绒的	mao tou		毛多		584		true	自旧档汇入	2026-04-13T01:27:08+08:00
Vénal	adj.	Cupide	易收买的，可贿赂的，贪图财钱的	ma’ teh tao’ ke’		賣得到个		584		true	自旧档汇入	2026-04-13T01:27:08+08:00
Vénal	adj.	Cupide	易收买的，可贿赂的，贪图财钱的	t‘é zai ke’		貪財个		584		true	自旧档汇入	2026-04-13T01:27:08+08:00
Vénal	adj.	Mandarin —.		tsaong koé		贜官		584	原作贓官	true	自旧档汇入	2026-04-13T01:27:08+08:00
Vendeur	sm.		卖方， 卖主	ma’(séh) ’tsu		賣（失）主		584	中文和羅馬字不對應，按羅馬字調整，待定	true	自旧档汇入	2026-04-13T01:27:08+08:00
Vendre	va.		卖， 出售	ma’		賣		584		true	自旧档汇入	2026-04-13T01:27:08+08:00
Vendre	va.		卖， 出售	ma’ t‘éh		賣脱		584		true	自旧档汇入	2026-04-13T01:27:08+08:00
Vendre	va.		卖， 出售	ma’ ts‘éh k‘i’		賣出去		584		true	自旧档汇入	2026-04-13T01:27:08+08:00
Vendre	va.		卖， 出售	siao		銷		584		true	自旧档汇入	2026-04-13T01:27:08+08:00
Vendre	va.	— à la livre,au poids	按重量出售	ts‘eng kien ’liang ma’		稱斤兩賣		584		true	自旧档汇入	2026-04-13T01:27:08+08:00
Vendre	va.	— au boisseau. 		len’ ’teû sou’ ma’		論斗數賣		584		true	自旧档汇入	2026-04-13T01:27:08+08:00
Vendre	va.	— à la pièce.	按件出售。	len’ kou’ deû(len’ ke’ sou’)ma’		論個頭（論个數）賣		584		true	自旧档汇入	2026-04-13T01:27:08+08:00
Vendre	va.	— en gros.	批发销售。	fèh ma’		發賣		584		true	自旧档汇入	2026-04-13T01:27:08+08:00
Vendre	va.	— en gros.	批发销售。	fèh haong ka		發行家		584		true	自旧档汇入	2026-04-13T01:27:08+08:00
Vendre	va.	— en gros.	批发销售。	p‘i ma’		批賣		584		true	自旧档汇入	2026-04-13T01:27:08+08:00
Vendre	va.	— en gros.	批发销售。	’ten taong ma’		躉當賣		585		true	自旧档汇入	2026-04-13T01:27:08+08:00
Vendre	va.	— en détail.	零售销售。	ling sé’ ma’		零碎賣		585		true	自旧档汇入	2026-04-13T01:27:08+08:00
Vendre	va.	— en détail.	零售销售。	ts‘ah ma’		拆賣		585		true	自旧档汇入	2026-04-13T01:27:08+08:00
Vendre	va.	— en gros et en détail.	批发和零售销售。	’a fèh ’a ma’		也發也賣		585		true	自旧档汇入	2026-04-13T01:27:08+08:00
Vendre	va.	— en gros et en détail.	批发和零售销售。	’ten taong ’lao ling sé’ zi ma’		躉當咾零碎齊賣		585		true	自旧档汇入	2026-04-13T01:27:08+08:00
Vendre	va.	— le bien d'autrui.	出售他人的财产。	dao’ ma’		盗賣		585		true	自旧档汇入	2026-04-13T01:27:08+08:00
Vendredi	sm.	— (Pr.)	星期五	tsé ’li lôh		瞻禮六		585		true	自旧档汇入	2026-04-13T01:27:08+08:00
Vendredi	sm.	— (Pr.)	星期五	’li pa’ ’n		禮拜五		585		true	自旧档汇入	2026-04-13T01:27:08+08:00
Vendredi	sm.	— saint.	耶稣受难日	’zeû nè’ tsé ’li		受難瞻禮		585		true	自旧档汇入	2026-04-13T01:27:08+08:00
Vénéneux	adj.	Herbe vénéneuse.	毒草	dôh ke’		毒个		585		true	自旧档汇入	2026-04-13T01:27:08+08:00
Vénéneux	adj.	Herbe vénéneuse.	毒草	dôh ’ts‘ao		毒草		585		true	自旧档汇入	2026-04-13T01:27:08+08:00
Vénérable	adj.	— (C.)	可尊敬的, 可敬的, 令人敬仰的	’k‘o kieng’ ke’		可敬个		585		true	自旧档汇入	2026-04-13T01:27:08+08:00
Vénérable	adj.	— (C.)	可尊敬的, 可敬的, 令人敬仰的	’k‘o kieng’		可敬		585		true	自旧档汇入	2026-04-13T01:27:08+08:00
Vénérable	adj.	— monsieur.	令人尊敬的先生。	’lao sié sang		老先生		585		true	自旧档汇入	2026-04-13T01:27:08+08:00
Vénérable	adj.	— monsieur.	令人尊敬的先生。	’lao fou ’tse		老夫子		585		true	自旧档汇入	2026-04-13T01:27:08+08:00
Vénérer	va.		敬，敬仰，崇敬，敬重	tsen ’zong (kieng’)		尊重（敬）		585		true	自旧档汇入	2026-04-13T01:27:08+08:00
Vénérer	va.		敬，敬仰，崇敬，敬重	kong kieng’		恭敬		585		true	自旧档汇入	2026-04-13T01:27:08+08:00
Vénérien	adj.	(Ulcère).	性病，花柳病	ting ts‘aong		疔瘡		585		true	自旧档汇入	2026-04-13T01:27:08+08:00
Vénérien	adj.	(Ulcère).	性病，花柳病	yang mei ts‘aong		楊梅瘡		585		true	自旧档汇入	2026-04-13T01:27:08+08:00
Venger	va.	Se —.vr.	报复， 洗雪	pao’ zeû		報仇		585		true	自旧档汇入	2026-04-13T01:27:08+08:00
Venger	va.	Se —.vr.	报复， 洗雪	fè yeu		翻冤		585		true	自旧档汇入	2026-04-13T01:27:08+08:00
Venger	va.	Se —.vr.	报复， 洗雪	ts‘éh k‘i’(’pen)		出氣（本）		585		true	自旧档汇入	2026-04-13T01:27:08+08:00
Véniel	adj.	(Péché).	小罪, 轻罪	’siao (k‘ieng) zu’		小（輕）罪		585		true	自旧档汇入	2026-04-13T01:27:08+08:00
Véniel	adj.	(Péché).	小罪, 轻罪	’siao kou’ séh		小過失		585		true	自旧档汇入	2026-04-13T01:27:08+08:00
Venimeux	adj.	Insecte —.	分泌毒液的;有毒液的	dôh ke’		毒个		585		true	自旧档汇入	2026-04-13T01:27:08+08:00
Venimeux	adj.	Insecte —.	分泌毒液的;有毒液的	’yeû dôh		有毒		585		true	自旧档汇入	2026-04-13T01:27:08+08:00
Venimeux	adj.	Insecte —.	分泌毒液的;有毒液的	dôh zong		毒蟲		585		true	自旧档汇入	2026-04-13T01:27:08+08:00
Venin	sm.	Antidote.	毒液	dôh		毒		585		true	自旧档汇入	2026-04-13T01:27:08+08:00
Venin	sm.	Antidote.	毒液	dôh k‘i’		毒氣		585		true	自旧档汇入	2026-04-13T01:27:08+08:00
Venin	sm.	Antidote.	毒液	’ka dôh		解毒		585		true	自旧档汇入	2026-04-13T01:27:08+08:00
Venir	vn.	— au monde.	来到这个世界。	lai		來		585		true	自旧档汇入	2026-04-13T01:27:08+08:00
Venir	vn.	— au monde.	来到这个世界。	sang		生		585		true	自旧档汇入	2026-04-13T01:27:08+08:00
Venir	vn.	— au monde.	来到这个世界。	sang ts‘éh lai		生出來		585		true	自旧档汇入	2026-04-13T01:27:08+08:00
Venir	vn.	Il me vient à l'esprit.	我想到了这一点。	’ngou ’siang ’k‘i lai		我想起來		585		true	自旧档汇入	2026-04-13T01:27:08+08:00
Venir	vn.	En — aux mains.	来吧。	’dong ’seû siang ’tang		動手相打		585		true	自旧档汇入	2026-04-13T01:27:08+08:00
Venir	vn.	En — aux extrêmes.	走向极端。	péh lèh t‘aong k‘ieh		撥辣湯吃		585		true	自旧档汇入	2026-04-13T01:27:08+08:00
Venir	vn.	En — aux extrêmes.	走向极端。	yong’ sèh ’seû kieng’		用殺手勁		585		true	自旧档汇入	2026-04-13T01:27:08+08:00
Venir	vn.	Il vient de le dire.	他刚才说过。	k‘èh2 wo’	k‘èh k‘èh wo’	恰恰話		585		true	自旧档汇入	2026-04-13T01:27:08+08:00
Venir	vn.	— à bout de [qqch].	终于完成	tsou’ zeng kong		做成功		585		true	自旧档汇入	2026-04-13T01:27:08+08:00
Venir	vn.	— à bout de [qqch].	终于完成	tsou’ wé ’tsé		做完者		585		true	自旧档汇入	2026-04-13T01:27:08+08:00
Venir	vn.	— à bout de [qqn].	战胜	’koé zu’		管住		585		true	自旧档汇入	2026-04-13T01:27:08+08:00
Venir	vn.	— à bout de [qqn].	战胜	èh woh		壓服		585		true	自旧档汇入	2026-04-13T01:27:08+08:00
Venir	vn.	— à rien.Ne pas aboutir.	一无所有。未能成功	’ong tsong’		聬中		585	圓圈	true	自旧档汇入	2026-04-13T01:27:08+08:00
Venir	vn.	— à rien.Ne pas aboutir.	一无所有。未能成功	bah tsou’ ih zang k‘ong		白做一場空		585		true	自旧档汇入	2026-04-13T01:27:08+08:00
Venir	vn.	Aller et —.	去和来	bao lai bao k‘i’		跑來跑去		585		true	自旧档汇入	2026-04-13T01:27:08+08:00
Vent	sm.	Un coup de —.	一阵风	fong		風		585		true	自旧档汇入	2026-04-13T01:27:08+08:00
Vent	sm.	Un coup de —.	一阵风	ih zen’ fong		一陣風		585		true	自旧档汇入	2026-04-13T01:27:08+08:00
Vent	sm.	Un coup de —.	一阵风	zen’ deû fong		陣頭風		585		true	自旧档汇入	2026-04-13T01:27:08+08:00
Vente	sf.	Exposer en —.	展览出售	ma’		賣		585		true	自旧档汇入	2026-04-13T01:27:08+08:00
Vente	sf.	Exposer en —.	展览出售	siao zang		銷場		585		true	自旧档汇入	2026-04-13T01:27:08+08:00
Vente	sf.	Exposer en —.	展览出售	p‘i fèh		批發		585		true	自旧档汇入	2026-04-13T01:27:08+08:00
Vente	sf.	Exposer en —.	展览出售	fèh ma’		發賣		585		true	自旧档汇入	2026-04-13T01:27:08+08:00
Venter	v.	imp.Il commence à —.	刮风， 起风	fong ts‘e		風吹		585		true	自旧档汇入	2026-04-13T01:27:08+08:00
Venter	v.	imp.Il commence à —.	刮风， 起风	’yeû fong		有風		585		true	自旧档汇入	2026-04-13T01:27:08+08:00
Venter	v.	imp.Il commence à —.	刮风， 起风	fèh (’k‘i) fong		發（起）風		585		true	自旧档汇入	2026-04-13T01:27:08+08:00
Ventouse	sf.	Appliquer des —s.	火罐, 吸杯	’h‘ou koé’		火罐		585		true	自旧档汇入	2026-04-13T01:27:08+08:00
Ventouse	sf.	Appliquer des —s.	火罐, 吸杯	’tang ’h‘ou koé’		打火罐		585		true	自旧档汇入	2026-04-13T01:27:08+08:00
Ventouse	sf.	Appliquer des —s.	火罐, 吸杯	h‘oh ’h‘ou		熣火	？	585		true	自旧档汇入	2026-04-13T01:27:08+08:00
Ventre	sm.		腹，腹部，肚子	’dou bi		肚皮		585		true	自旧档汇入	2026-04-13T01:27:08+08:00
Ventru	adj.		肚子肥大的, 大腹便便的	dou’ ’dou bi		大肚皮		585		true	自旧档汇入	2026-04-13T01:27:08+08:00
Ventru	adj.		肚子肥大的, 大腹便便的	déh ’dou		凸肚		585		true	自旧档汇入	2026-04-13T01:27:08+08:00
Ventru	adj.		肚子肥大的, 大腹便便的	’dou bi bang ts‘éh lai		肚皮膨出來		585		true	自旧档汇入	2026-04-13T01:27:08+08:00
Vénus	sf.	(Planète).	金星， 太白星	kien sing		金星		585		true	自旧档汇入	2026-04-13T01:27:08+08:00
Vénus	sf.	(Planète).	金星， 太白星	’hiao sing		曉星		585		true	自旧档汇入	2026-04-13T01:27:08+08:00
Ver	sm.		蠕虫，虫	zong [ih diao]		蟲[一條]		585		true	自旧档汇入	2026-04-13T01:27:08+08:00
Ver	sm.		蠕虫，虫	zong gni	zong gni’	蟲蟻		585		true	自旧档汇入	2026-04-13T01:27:08+08:00
Ver	sm	__ engendré dans la viande gâtée.	蛆虫	ts‘i zong		蛆虫	蛆蟲	586		true	自旧档汇入	2026-04-13T01:27:08+08:00
Ver	sm	__ engendré dans la viande gâtée.	蛀虫	tsu’ zong		蛀蟲		586		true	自旧档汇入	2026-04-13T01:27:08+08:00
Ver	sm	__ luisant.	萤火虫	yong ’h‘ou zong		螢火虫	螢火蟲	586		true	自旧档汇入	2026-04-13T01:27:08+08:00
Ver	sm	__ à soie.	蚕	zé		蠶		586		true	自旧档汇入	2026-04-13T01:27:08+08:00
Ver	sm	__ à soie.	蚕宝宝	zé ’pao ’pao		蠶寶寶		586		true	自旧档汇入	2026-04-13T01:27:08+08:00
Ver	sm	__ de mer comestible.	海参	’h‘ai sen [ih diao]		海參[一條]		586		true	自旧档汇入	2026-04-13T01:27:08+08:00
Véracité	sf		真实	tsen zéh		真實		586		true	自旧档汇入	2026-04-13T01:27:08+08:00
Véranda	sf		阳台	yang dai		洋臺		586		true	自旧档汇入	2026-04-13T01:27:08+08:00
Véranda	sf		凉台	liang dai		凉臺		586		true	自旧档汇入	2026-04-13T01:27:08+08:00
Véranda	sf		走廊	’tseû laong		走廊		586		true	自旧档汇入	2026-04-13T01:27:08+08:00
Véranda	sf		游廊	yeû laong		游廊		586		true	自旧档汇入	2026-04-13T01:27:08+08:00
Véranda	sf		走马楼	’tseû ’mô leû		走馬樓		586		true	自旧档汇入	2026-04-13T01:27:08+08:00
Verbalement	adv		亲口	ts‘in ’k‘eû		親口		586		true	自旧档汇入	2026-04-13T01:27:08+08:00
Verbe	sm		动词	ze’ wéh ze’		自活字		586		true	自旧档汇入	2026-04-13T01:27:08+08:00
Verbe	sm		动词	wéh ze’ ’ngè		活字眼		586		true	自旧档汇入	2026-04-13T01:27:08+08:00
Verbe	sm	Avoir le -- en bouche.	话很多	tou seh tou wo’		多説多話		586		true	自旧档汇入	2026-04-13T01:27:08+08:00
Verbe	sm	Avoir le -- en bouche.	多嘴多舌	tou ’tse tou zéh		多嘴多舌		586		true	自旧档汇入	2026-04-13T01:27:08+08:00
Verbe	sm	Avoir le -- en bouche.		zè t‘ou’ k‘ah gnen		湛唾客人		586		true	自旧档汇入	2026-04-13T01:27:08+08:00
Verbe	sm	Avoir le -- haut.	说话提高声调	hou long ’hiang	wou long ’hiang	喉嚨响	喉嚨響	586		true	自旧档汇入	2026-04-13T01:27:08+08:00
Verbiage	sm		连篇废话	tou seh wo’		多説話		586		true	自旧档汇入	2026-04-13T01:27:08+08:00
Verbiage	sm		唠叨废话	seh wo’ tou lai t‘è zé pouo		説話多來攤船巴		586		true	自旧档汇入	2026-04-13T01:27:08+08:00
Verdâtre	adj		水绿色	dè’ ’se lôh		淡水緑		586		true	自旧档汇入	2026-04-13T01:27:08+08:00
Verdâtre	adj		暗沉沉的绿色	lôh zen2	lôh zen zen	緑沉2	緑沉沉	586		true	自旧档汇入	2026-04-13T01:27:08+08:00
Verdâtre	adj			yun lôh		芸緑		586		true	自旧档汇入	2026-04-13T01:27:08+08:00
Verdict	sm		断定	teu’ ding’		斷定		586		true	自旧档汇入	2026-04-13T01:27:08+08:00
Verdict	sm		裁定	daong teu’		堂斷		586		true	自旧档汇入	2026-04-13T01:27:08+08:00
Verdict	sm		判言	p‘é’ yé		判言		586		true	自旧档汇入	2026-04-13T01:27:08+08:00
Verdir	vn		发绿，变绿	fèh lôh (ts‘ing)		發緑（青）		586		true	自旧档汇入	2026-04-13T01:27:08+08:00
Verdure	sf		青草	ts‘ing ’ts‘ao		青草		586		true	自旧档汇入	2026-04-13T01:27:08+08:00
Verge	sf		细棒	si’ diao ’tse		細條子		586		true	自旧档汇入	2026-04-13T01:27:08+08:00
Verge	sf		藤条	den diao	deng diao	藤條 		586		true	自旧档汇入	2026-04-13T01:27:08+08:00
Verge	sf	__s. (Châtiment).	笞杖	’ts‘e ’zang	’ts‘e zang’	笞杖		586	待定	true	自旧档汇入	2026-04-13T01:27:08+08:00
Verger	sm		果园	’kou ’tse zu’ yeu		果子樹園		586		true	自旧档汇入	2026-04-13T01:27:08+08:00
Vergogne	sf		羞耻（现世的）	p‘ouo’ mié’ koang(yé’ se’)		怕面光（現世）		586		true	自旧档汇入	2026-04-13T01:27:08+08:00
Vergogne	sf	Sans --.	不知羞耻	véh ’hiao te sieû ’ts‘e		勿曉得羞耻		586		true	自旧档汇入	2026-04-13T01:27:08+08:00
Vergogne	sf	Sans --.	厚脸皮	’heû bi		厚皮		586		true	自旧档汇入	2026-04-13T01:27:08+08:00
Vergogne	sf	Sans --.	老赖	’lao lai		老來		586		true	自旧档汇入	2026-04-13T01:27:08+08:00
Vergue	sf		桅杆	bong keu tsôh		篷杆竹		586		true	自旧档汇入	2026-04-13T01:27:08+08:00
Vergue	sf		帆架	vè keu (kaong)		帆杆（杠）		586		true	自旧档汇入	2026-04-13T01:27:08+08:00
Veridique	adj		诚实的	lao zéh		牢實		586		true	自旧档汇入	2026-04-13T01:27:08+08:00
Veridique	adj		真实的	tsen ke’		真个		586		true	自旧档汇入	2026-04-13T01:27:08+08:00
Vérifier	va	Chercher la vérité.	查验	zouo		查		586		true	自旧档汇入	2026-04-13T01:27:08+08:00
Vérifier	va	Chercher la vérité.	查验明白	gné’ ming bah		驗明白		586		true	自旧档汇入	2026-04-13T01:27:08+08:00
Vérifier	va	Chercher la vérité.	查验	zouo ’k‘ao		查驗		586		true	自旧档汇入	2026-04-13T01:27:08+08:00
Vérifier	va	Faire voir,, ,,.	对证，举证	tei’ tseng’		對證		586		true	自旧档汇入	2026-04-13T01:27:08+08:00
Vérifier	vr	Se --.	应验了	yeng’ gné’ ’tsé		應驗者		586		true	自旧档汇入	2026-04-13T01:27:08+08:00
Vérifier	vr		有效	’yeû yao’ gné’		有效驗		586		true	自旧档汇入	2026-04-13T01:27:08+08:00
Véritable	adj		真实的	tsen zéh		真實		586		true	自旧档汇入	2026-04-13T01:27:08+08:00
Véritable	adj		确实的	ghèh zéh		劼實	？	586		true	自旧档汇入	2026-04-13T01:27:08+08:00
Véritable	adj		真的	tsen ke’		真个		586		true	自旧档汇入	2026-04-13T01:27:08+08:00
Véritablement	adv		实在是	zéh zai’		實在		586		true	自旧档汇入	2026-04-13T01:27:08+08:00
Véritablement	adv		真的很	tsen2	tsen tsen	真真		586		true	自旧档汇入	2026-04-13T01:27:08+08:00
Véritablement	adv		固然	k‘iah (kou’) zé		確（固）然		586		true	自旧档汇入	2026-04-13T01:27:08+08:00
Vérité	sf	Parole vraie.	老实话	lao zéh wo’		牢實話		586		true	自旧档汇入	2026-04-13T01:27:08+08:00
Vérité	sf	Parole vraie.	真话	tsen (zéh) wo’		真（實）話		586		true	自旧档汇入	2026-04-13T01:27:08+08:00
Vérité	sf	Il n'y a que la -- qui blesse.	忠言逆耳	tsong yé gneh ’eul		忠言逆耳		586		true	自旧档汇入	2026-04-13T01:27:08+08:00
Vérité	sf	Il n'y a que la -- qui blesse.		’k‘ou k‘ieu’ seh wo’		苦勸説話		586		true	自旧档汇入	2026-04-13T01:27:08+08:00
Vérité	sf	Chose vraie.	实情	zéh ze’ zéh zing		實事實情		586		true	自旧档汇入	2026-04-13T01:27:08+08:00
Vérité	sf	Chose vraie.	有真凭实据	’yeû tsen bing zéh kiu’		有真憑實據		586		true	自旧档汇入	2026-04-13T01:27:08+08:00
Vérité	sf	Principe vrai.	道理	dao’ ’li		道理		586		true	自旧档汇入	2026-04-13T01:27:08+08:00
Vérité	sf	Principe vrai.	真理	tsen ’li		真理		586		true	自旧档汇入	2026-04-13T01:27:08+08:00
Vermeil	adj		肉紅的	hong ke’		紅个		587		true	自旧档汇入	2026-04-13T01:27:08+08:00
		Lèvres --les.	桃紅的嘴唇	dao hong ’tse zen		桃紅嘴唇		587		true	自旧档汇入	2026-04-13T01:27:08+08:00
Vermicelle	sm		面	mié’		麵		587	原作麫 待定	true	自旧档汇入	2026-04-13T01:27:08+08:00
			面条	mié’ diao		麵條		587	麫	true	自旧档汇入	2026-04-13T01:27:08+08:00
			挂面	kouo’ (tsèh) mié’		掛（紥）麵		587	麫	true	自旧档汇入	2026-04-13T01:27:08+08:00
Vermifuge	sm	Remède --.adj	杀虫药	sèh zong yah		殺虫藥	殺蟲藥	587		true	自旧档汇入	2026-04-13T01:27:08+08:00
Vermillon	sm		硃砂	gnen tsu		銀硃		587		true	自旧档汇入	2026-04-13T01:27:08+08:00
Vermine	sf	Poux.	虱子	séh		虱		587		true	自旧档汇入	2026-04-13T01:27:08+08:00
Vermine	sf	Poux.		zong lei’		蟲類		587		true	自旧档汇入	2026-04-13T01:27:08+08:00
Vermoulu	adj		被虫蛀的	zong tsu’		蟲蛀		587		true	自旧档汇入	2026-04-13T01:27:08+08:00
Vermoulu	adj		被虫蛀掉了的	tsu’ wé ’tsé		蛀完者		587		true	自旧档汇入	2026-04-13T01:27:08+08:00
Vernir	va		上漆	ts‘ieh		漆		587		true	自旧档汇入	2026-04-13T01:27:08+08:00
Vernir	va		擦漆	k‘a (zaong’) ts‘ieh		揩（上）漆		587		true	自旧档汇入	2026-04-13T01:27:08+08:00
Vernir	va		上油	zaong’ (k‘a) yeû		上（揩）油		587		true	自旧档汇入	2026-04-13T01:27:08+08:00
Vernis	sm		漆	ts‘ieh		漆		587		true	自旧档汇入	2026-04-13T01:27:08+08:00
Vernis	sm		罩光漆	koang ts‘ieh	’koang ts‘ieh	廣漆		587		true	自旧档汇入	2026-04-13T01:27:08+08:00
Vernisser	va	[poterie].	（瓷器）上釉	zaong’ yeû ’se		上油水		587		true	自旧档汇入	2026-04-13T01:27:08+08:00
Vernisseursm			漆匠、釉匠	ts‘ieh ziang’		漆匠		587		true	自旧档汇入	2026-04-13T01:27:08+08:00
Vérole	sf	Petite --.	疹子	deû’ ’tse		痘子		587		true	自旧档汇入	2026-04-13T01:27:08+08:00
Vérole	sf	Petite --.	天花	t‘ié h‘ouo		天花		587		true	自旧档汇入	2026-04-13T01:27:08+08:00
Vérole	sf	Petite -- volante.	轻症的疹子	hi deû’		稀痘		587		true	自旧档汇入	2026-04-13T01:27:08+08:00
Vérole	sf	Petite -- volante.	轻症的疹子	k‘ieng ke’ deû’ ’tse		輕个痘子		587		true	自旧档汇入	2026-04-13T01:27:08+08:00
Vérole	sf	Marques de petite --.	麻子	mô ’tse		麻子		587		true	自旧档汇入	2026-04-13T01:27:08+08:00
Vérole	sf	Marques de petite --.	痘疤	deû pouo	deû’ pouo	痘疤		587		true	自旧档汇入	2026-04-13T01:27:08+08:00
Verrat	sm		雄猪	yong tse		雄猪		587		true	自旧档汇入	2026-04-13T01:27:08+08:00
Verrat	sm		种猪	tse laong		猪狼		587	待定 可能是“猪郎”	true	自旧档汇入	2026-04-13T01:27:08+08:00
Verre	sm		玻璃	pou li [ih k‘oei’].		玻璃[一塊]		587		true	自旧档汇入	2026-04-13T01:27:08+08:00
Verre	sm	__ de lampe.	玻璃管子	pou li ’koé ’tse.		玻璃管子		587		true	自旧档汇入	2026-04-13T01:27:08+08:00
Verre	sm	__ à boire.	玻璃杯	pou li pei		玻璃杯		587		true	自旧档汇入	2026-04-13T01:27:08+08:00
Verre	sm	__ à boire.	脚杯	kiah pei		脚杯		587		true	自旧档汇入	2026-04-13T01:27:08+08:00
Verre	sm	Un -- à vin.	一只酒杯	ih tsah ’tsieû pei		一隻酒杯		587		true	自旧档汇入	2026-04-13T01:27:08+08:00
Verre	sm	Un -- de vin.	一杯酒	ih pei ’tsieû		一杯酒		587		true	自旧档汇入	2026-04-13T01:27:08+08:00
Verrerie	sf		玻璃窑	pou li yao		玻璃窑		587		true	自旧档汇入	2026-04-13T01:27:08+08:00
Verrier	sm		玻璃工	sao pou li ke’		燒玻璃个		587		true	自旧档汇入	2026-04-13T01:27:08+08:00
Verroterie	sf		玻璃器皿	pou li k‘i’ ’ming		玻璃器皿		587	待定	true	自旧档汇入	2026-04-13T01:27:08+08:00
Verroterie	sf		玻璃料	pou li liao’		玻璃料		587		true	自旧档汇入	2026-04-13T01:27:08+08:00
Verrue	sf		疣、瘊子	ts‘ié zéh ts‘aong		千日瘡		587		true	自旧档汇入	2026-04-13T01:27:08+08:00
Verrue	sf		疣、瘊子	’zu deû gnôh		竪頭肉		587		true	自旧档汇入	2026-04-13T01:27:08+08:00
Vers	sm		诗	se		詩		587		true	自旧档汇入	2026-04-13T01:27:08+08:00
Vers	sm	Une stance de --.	一句诗	ih kiu’ se		一句詩		587		true	自旧档汇入	2026-04-13T01:27:08+08:00
Vers	prép	Dans la direction de.	朝	zao		朝		587		true	自旧档汇入	2026-04-13T01:27:08+08:00
Vers	prép	Dans la direction de.	向	hiang’		向		587		true	自旧档汇入	2026-04-13T01:27:08+08:00
Vers	prép	Dans la direction de.	向	maong’		望		587		true	自旧档汇入	2026-04-13T01:27:08+08:00
Vers	prép	Environ.	差不多	ts‘ouo véh tou		差勿多		587		true	自旧档汇入	2026-04-13T01:27:08+08:00
Vers	prép	Environ.	大概	mô yang’		模樣		587		true	自旧档汇入	2026-04-13T01:27:08+08:00
Vers	prép	Environ.	相仿	siang ’faong		相彷	相仿	587		true	自旧档汇入	2026-04-13T01:27:08+08:00
Vers	prép	Environ.	大概	mao		毛		587		true	自旧档汇入	2026-04-13T01:27:08+08:00
Vers	prép	Environ.	大概	pouo		巴		587		true	自旧档汇入	2026-04-13T01:27:08+08:00
Vers	prép	__ le soir.	傍晚	a ya’		挨夜		587		true	自旧档汇入	2026-04-13T01:27:08+08:00
Versant	sm		山背	sè (p‘ou) pei’		山（坡）背		587		true	自旧档汇入	2026-04-13T01:27:08+08:00
Versatile	adj		反复改变的	’fè2 foh2	’fè ’fè foh foh	反2覆2	反反覆覆	587		true	自旧档汇入	2026-04-13T01:27:08+08:00
Versatile	adj		三心二意的	sè sin ’liang i’		三心兩意		587		true	自旧档汇入	2026-04-13T01:27:08+08:00
Versatile	adj		心中不笃定的	m zeng tsôh		無成竹	嘸成竹	587		true	自旧档汇入	2026-04-13T01:27:08+08:00
Verré	adj	dans un art.	高级工匠	tsing kong		精工		587	现在法语里好像不用这个词了	true	自旧档汇入	2026-04-13T01:27:08+08:00
Verré	adj	dans un art.	内行	nei’ haong		内行		587		true	自旧档汇入	2026-04-13T01:27:08+08:00
Verré	adj	Compétent.	能力很强的	tsing ming		精明		587		true	自旧档汇入	2026-04-13T01:27:08+08:00
Verré	adj	Compétent.	熟悉的	zôh sih		熟悉		587		true	自旧档汇入	2026-04-13T01:27:08+08:00
Verré	adj	Compétent.	手熟的	zôh ke’		熟个		587		true	自旧档汇入	2026-04-13T01:27:08+08:00
Verré	adj	Compétent.	考究的	’k‘ao kieû’		考究		587		true	自旧档汇入	2026-04-13T01:27:08+08:00
Versement	sm		交付	fou’		付		587		true	自旧档汇入	2026-04-13T01:27:08+08:00
Versement	sm		交付	kiao		交		587		true	自旧档汇入	2026-04-13T01:27:08+08:00
Versement	sm	Payer par --s successifs.	按期还款	lôh zôh (zôh ’tié) wè		陸續（逐點）還		587		true	自旧档汇入	2026-04-13T01:27:08+08:00
Verser	va		倒	’tao		倒		587		true	自旧档汇入	2026-04-13T01:27:08+08:00
Verser	va		倒出来	’tao ts‘éh lai		倒出來		587		true	自旧档汇入	2026-04-13T01:27:08+08:00
Verser	va	__ de l'huile.	灌油	koé’ yeû		灌油		587		true	自旧档汇入	2026-04-13T01:27:08+08:00
Verser	va	__ à boire.	倒茶倒酒	sa zouo (’tsieû)		洒茶（酒）	釃茶（酒）	587		true	自旧档汇入	2026-04-13T01:27:08+08:00
Verser	vn		翻	fè		翻		587		true	自旧档汇入	2026-04-13T01:27:08+08:00
Verser	vn	La voiture a versé.	这车子翻了。	ts‘ouo ’tse fè t‘éh ’tsé		車子翻脱者		587		true	自旧档汇入	2026-04-13T01:27:08+08:00
Verset	sm		一句、一段	ih kiu’		一句		588		true	自旧档汇入	2026-04-13T01:27:08+08:00
Version	sf	Devoir d'écolier.	翻譯	fè yeh		翻譯		588	原作“繙譯”	true	自旧档汇入	2026-04-13T01:27:08+08:00
Version	sf		洋文翻中文	yang wen fè tsong wen		洋文翻中文		588	“洋文繙中文”	true	自旧档汇入	2026-04-13T01:27:08+08:00
Version	sf	Il y a encore une autre --.	还有另一种说法	wè ’yeû biéh yang’ wo’ deû		還有别樣話頭		588		true	自旧档汇入	2026-04-13T01:27:08+08:00
Verso	sm		反面	’fè mié’		反面		588		true	自旧档汇入	2026-04-13T01:27:08+08:00
Vert	adj		绿色的	lôh		緑		588		true	自旧档汇入	2026-04-13T01:27:08+08:00
Vert	adj		碧绿的	pieh lôh		碧緑		588		true	自旧档汇入	2026-04-13T01:27:08+08:00
Vert	adj		碧绿碧绿的	pieh lôh sang ts‘ing		碧緑生青		588		true	自旧档汇入	2026-04-13T01:27:08+08:00
Vert	adj		青色	ts‘ing		青		588		true	自旧档汇入	2026-04-13T01:27:08+08:00
Vert	adj	Toile --e.	绿布	lôh pou’		緑布		588		true	自旧档汇入	2026-04-13T01:27:08+08:00
Vert	adj	[Bois] --.	湿的柴火	séh za		濕柴		588		true	自旧档汇入	2026-04-13T01:27:08+08:00
Vert	adj	[Bois] --.	不干的	véh keu ke’		勿乾个		588		true	自旧档汇入	2026-04-13T01:27:08+08:00
Vert	adj	[Fruit] --.	生的	sang ke’		生个		588		true	自旧档汇入	2026-04-13T01:27:08+08:00
Vert	adj	[Fruit] --.	不熟的	véh zôh ke’		勿熟个		588		true	自旧档汇入	2026-04-13T01:27:08+08:00
Vert	adj	Vieillard encore --.	返老还童	’fè ’lao wè dong		反老還童		588		true	自旧档汇入	2026-04-13T01:27:08+08:00
Vert	adj	Vieillard encore --.	老了仍然有力气	’lao kieng’ ’h‘ao		老勁好		588		true	自旧档汇入	2026-04-13T01:27:08+08:00
Vert	adj	Vieillard encore --.	老了骨头强健	’h‘ao koéh zang’		好骨仗		588		true	自旧档汇入	2026-04-13T01:27:08+08:00
Vert	adj	Vieillard encore --.	老是老，骨头倒是很强健	’lao méh ’lao tao’ kien koéh ghié’		老末老倒筋骨健		588		true	自旧档汇入	2026-04-13T01:27:08+08:00
Vert-de-gris.	sm		铜绿	dong lôh		銅緑		588		true	自旧档汇入	2026-04-13T01:27:08+08:00
Vert-de-gris.	sm		铜锈	dong sieû’		銅銹		588		true	自旧档汇入	2026-04-13T01:27:08+08:00
Vertébrale	adj	(Colonne).	脊梁骨	pei’ tsih koéh		背脊骨		588		true	自旧档汇入	2026-04-13T01:27:08+08:00
Vertébrale	adj	(Colonne).	脊梁骨	tsih liang		脊梁		588		true	自旧档汇入	2026-04-13T01:27:08+08:00
Vertèbre	sf		脊骨	tsih koéh		脊骨		588		true	自旧档汇入	2026-04-13T01:27:08+08:00
Vertical	adj		直的	zeh		直		588		true	自旧档汇入	2026-04-13T01:27:08+08:00
Vertical	adj		竖直的	’zu zeh		竪直		588		true	自旧档汇入	2026-04-13T01:27:08+08:00
Verticalement	adv		垂直的	pieh lih zeh		壁立直		588		true	自旧档汇入	2026-04-13T01:27:08+08:00
Verticalement	adv		垂直向天的	hiang’ t‘ié		向天		588		true	自旧档汇入	2026-04-13T01:27:08+08:00
Vertige	sm	Avoir le --.	头晕眼花	deû hoen ’ngè h‘ouo	deû h‘oen ’ngè h‘ouo	頭昏眼花		588		true	自旧档汇入	2026-04-13T01:27:08+08:00
Vertige	sm	Avoir le --.	头晕（眩）	deû yun’ (yeu)		頭暈（眩）		588		true	自旧档汇入	2026-04-13T01:27:08+08:00
Vertige	sm	Avoir le --.	头发晕	deû fèh yun’		頭發暈		588		true	自旧档汇入	2026-04-13T01:27:08+08:00
Vertu	sf		德行	teh yeng’		德行		588	圓圈	true	自旧档汇入	2026-04-13T01:27:08+08:00
Vertu	sf	__ des remèdes.	药性	yah sing’		藥性		588		true	自旧档汇入	2026-04-13T01:27:08+08:00
Vertu	sf	__ des remèdes.	药的强度	yah ke’ lih dao’		藥个力道		588		true	自旧档汇入	2026-04-13T01:27:08+08:00
Vertu	loc. Prep.	En -- de.	按照	yen		因		588		true	自旧档汇入	2026-04-13T01:27:08+08:00
Vertu	loc. Prep.	En -- de.	按照	yen teh		因得		588		true	自旧档汇入	2026-04-13T01:27:08+08:00
Vertu	loc. Prep.	En -- de.	根据	yen wei’		因為		588	圓圈	true	自旧档汇入	2026-04-13T01:27:08+08:00
Vertueux	adj		有德行的	’yeû (sieû) teh yeng’ ke’		有（修）德行个		588	圓圈	true	自旧档汇入	2026-04-13T01:27:08+08:00
Verve	sf	Avoir de la --.	有兴致	’yeû hieng’ ’tse		有興子		588		true	自旧档汇入	2026-04-13T01:27:08+08:00
Verve	sf	Avoir de la --.	高兴	kao hieng’		高興		588		true	自旧档汇入	2026-04-13T01:27:08+08:00
Vessie	sf		膀胱	se p‘ao		尿脬		588		true	自旧档汇入	2026-04-13T01:27:08+08:00
Vessie	sf		膀胱	baong koang		膀胱		588		true	自旧档汇入	2026-04-13T01:27:08+08:00
Veste	sf		背心	pei’ sin		背心		588		true	自旧档汇入	2026-04-13T01:27:08+08:00
Veste	sf		上衣	’ling i [ih ghié’]		領衣[一件]		588		true	自旧档汇入	2026-04-13T01:27:08+08:00
Vestiaire	sm		衣帽间	i zaong (woh) kè		衣裳（服）間		588		true	自旧档汇入	2026-04-13T01:27:08+08:00
Vestibule	sm		门厅	men kè		門間		588		true	自旧档汇入	2026-04-13T01:27:08+08:00
Vestibule	sm		门廊	ziang men kè		墙門間		588		true	自旧档汇入	2026-04-13T01:27:08+08:00
Vestige	sm		印子	yen’ ’tse		印子		588		true	自旧档汇入	2026-04-13T01:27:08+08:00
Vestige	sm		踪迹	tsong tsih		踪迹		588		true	自旧档汇入	2026-04-13T01:27:08+08:00
Vestige	sm	Pas le moindre --.	毫无踪影	hao wou ’yeng tsong		毫無影蹤		588		true	自旧档汇入	2026-04-13T01:27:08+08:00
Vêtement	sm		衣服	i zaong [ih ghié’]		衣裳[一件]		588		true	自旧档汇入	2026-04-13T01:27:08+08:00
Vêtement	sm		衣服	i woh		衣服		588		true	自旧档汇入	2026-04-13T01:27:08+08:00
Vétéran	sm	dans l'armée.	老兵	’lao ping		老兵		588		true	自旧档汇入	2026-04-13T01:27:08+08:00
Vétéran	sm	dans l'armée.	练过的兵	lié’ ping		練兵		588		true	自旧档汇入	2026-04-13T01:27:08+08:00
Vétéran	sm	__ dans un métier.	老手	’lao ’pouo ’seû (nei’ haong)		老把手（内行）		588		true	自旧档汇入	2026-04-13T01:27:08+08:00
Vétéran	sm	__ dans un métier.	熟手	zôh ’seû		熟手		588		true	自旧档汇入	2026-04-13T01:27:08+08:00
Vétérinaire	sm		兽医	seû’ i		獸醫		588		true	自旧档汇入	2026-04-13T01:27:08+08:00
Vétérinaire	sm		牛医	gneû i		牛醫		588		true	自旧档汇入	2026-04-13T01:27:08+08:00
Vétérinaire	sm		马医	’mô i		馬醫		588		true	自旧档汇入	2026-04-13T01:27:08+08:00
Vétille	sf		小事	’siao ze’		小事		588		true	自旧档汇入	2026-04-13T01:27:08+08:00
Vétille	sf		稀小的事情	hi ’siao ze’ ’t‘i.		稀小事體		588		true	自旧档汇入	2026-04-13T01:27:08+08:00
Vêtir	vr	(Se).	穿衣服	tsah i zaong		著衣裳		588	圓圈	true	自旧档汇入	2026-04-13T01:27:08+08:00
Veuf	sm		鰥夫	koè fou		鰥夫		589		true	自旧档汇入	2026-04-13T01:27:08+08:00
Veuves	sf		寡妇	’kouo wou’		寡婦		589		true	自旧档汇入	2026-04-13T01:27:08+08:00
Veuves	sf		寡妇	maong’ men ’kouo		望門寡		589		true	自旧档汇入	2026-04-13T01:27:08+08:00
Veuves	sf	__ non remariée.	守节的寡妇	tsih wou’		節婦		589		true	自旧档汇入	2026-04-13T01:27:08+08:00
Veuves	sf	Arc de triomphe pour ,, ,, ,,.	贞节牌坊	tsih wou’ faong (ba leû)		節婦坊（牌樓）		589		true	自旧档汇入	2026-04-13T01:27:08+08:00
Vexant	adj	C'est --.	恼人的	’t‘ao yé’ lai		討厭來		589		true	自旧档汇入	2026-04-13T01:27:08+08:00
Vexé	adj		心中恼火	sin ’li vè ’nao		心裏煩惱		589		true	自旧档汇入	2026-04-13T01:27:08+08:00
Vexé	adj		恼火	sin tsiao		心焦		589		true	自旧档汇入	2026-04-13T01:27:08+08:00
Vexé	adj		恼火	k‘i’		氣		589		true	自旧档汇入	2026-04-13T01:27:08+08:00
Vexer	va		说不好的话	lou sou		囉唆		589		true	自旧档汇入	2026-04-13T01:27:08+08:00
Vexer	va		惹人生气	’za k‘i’		惹氣		589		true	自旧档汇入	2026-04-13T01:27:08+08:00
Vexer	va		死缠烂打	zé’ ’zao	zé ’zao	纏擾		589		true	自旧档汇入	2026-04-13T01:27:08+08:00
Vexer	va		难为	nè’ wei.		難爲		589	圓圈	true	自旧档汇入	2026-04-13T01:27:08+08:00
Viable	adj		养得活	’yang teh wéh		養得活		589		true	自旧档汇入	2026-04-13T01:27:08+08:00
Viable	adj	Pas --.	养不活	’yang véh wéh		養勿活		589		true	自旧档汇入	2026-04-13T01:27:08+08:00
Viager	adj		一生一世	ih sang ih se’		一生一世		589		true	自旧档汇入	2026-04-13T01:27:08+08:00
Viager	adj		到死	tao’ ’si		到死		589		true	自旧档汇入	2026-04-13T01:27:08+08:00
Viande	sf		肉	ghôh		肉		589		true	自旧档汇入	2026-04-13T01:27:08+08:00
Viande	sf		荤的菜	dou’ hoen	dou’ h‘oen	大葷		589		true	自旧档汇入	2026-04-13T01:27:08+08:00
Viande	sf	Un morceau.	一块肉	ih k‘oei’ gnôh		一塊肉		589		true	自旧档汇入	2026-04-13T01:27:08+08:00
Viatique	sm		盘缠	bé zé		盤纏		589		true	自旧档汇入	2026-04-13T01:27:08+08:00
Viatique	sm		路费	bé fi 	bé fi’	盤費		589		true	自旧档汇入	2026-04-13T01:27:08+08:00
Viatique	sm		路费	lou’ fi’		路費		589		true	自旧档汇入	2026-04-13T01:27:08+08:00
Viatique	sm	Le Saint -- (C.).	临终圣体	lin tsong seng’ ’t‘i		臨終聖體		589		true	自旧档汇入	2026-04-13T01:27:08+08:00
Viatique	sm	Porter (Recevoir) ,, ,, --.	接受临终圣体	song’ (’ling) lin tsong seng’ ’t‘i		送（領）臨終聖體		589		true	自旧档汇入	2026-04-13T01:27:08+08:00
Vibrer	vn		震动	yao daong’		摇蕩		589		true	自旧档汇入	2026-04-13T01:27:08+08:00
Vibrer	vn		打寒颤	ghien		[疒今]	凚	589		true	自旧档汇入	2026-04-13T01:27:08+08:00
Vice	sm		毛病	mao bing’		毛病		589		true	自旧档汇入	2026-04-13T01:27:08+08:00
Vice	sm		恶习	oh zih		惡習		589		true	自旧档汇入	2026-04-13T01:27:08+08:00
Vice	sm			zia p‘a’		邪派		589		true	自旧档汇入	2026-04-13T01:27:08+08:00
Vice	sm	Livré à tous les --s.	无恶不作	wou ’sou péh wei		無所不為		589	原文多打了空格	true	自旧档汇入	2026-04-13T01:27:08+08:00
Vice	sm	Livré à tous les --s.	罪恶滔天	zu’ oh mi t‘ié		罪惡彌天		589		true	自旧档汇入	2026-04-13T01:27:08+08:00
Vice-consul	sm		副领事官	wou’ ’ling ze’ koé		副領事官	輔領事官	589	待定	true	自旧档汇入	2026-04-13T01:27:08+08:00
Vice-gérant	sm		副总管	wou’ ’koé		副管	輔管	589		true	自旧档汇入	2026-04-13T01:27:08+08:00
Vice-gérant	sm		副手	wou’ ’seû		副手	輔手	589		true	自旧档汇入	2026-04-13T01:27:08+08:00
Vice-gérant	sm		代管	paong bè’		帮辦		589		true	自旧档汇入	2026-04-13T01:27:08+08:00
Vice-roi	sm		总督	’tsong tôh		總督		589		true	自旧档汇入	2026-04-13T01:27:08+08:00
Vicier	va		使变坏	wa’		壞		589		true	自旧档汇入	2026-04-13T01:27:08+08:00
Vicier	va		害事	hai’		害		589		true	自旧档汇入	2026-04-13T01:27:08+08:00
Vicieux	adj		有缺陷的	yeû dou’ mao bing’ ke’	’yeû dou’ mao bing’ ke’	有大毛病个		589		true	自旧档汇入	2026-04-13T01:27:08+08:00
Vicieux	adj		不规矩的	véh koei ’kiu		勿規矩		589		true	自旧档汇入	2026-04-13T01:27:08+08:00
Vicieux	adj		放荡下流的	’hao lieû p‘ei ’tse		下流坯子		589		true	自旧档汇入	2026-04-13T01:27:08+08:00
Vicieux	adj		坏透了的	wa’ lai wa’ t‘eû’		壞來壞透		589		true	自旧档汇入	2026-04-13T01:27:08+08:00
Vicissitude	sf		改动	’kai (kang) pié’		改（更）變		589		true	自旧档汇入	2026-04-13T01:27:08+08:00
Vicissitude	sf		变动	pié’ ’dong		變動		589		true	自旧档汇入	2026-04-13T01:27:08+08:00
Vicissitude	sf	__s de la fortune.	福祸相倚	zin goè tse dao’		循環之道		589		true	自旧档汇入	2026-04-13T01:27:08+08:00
Vicissitude	sf	__s de la fortune.	时运变化	ze yun’ wou zang		時運無常		589		true	自旧档汇入	2026-04-13T01:27:08+08:00
Victime	sf		牺牲	hi seng		犧牲		589		true	自旧档汇入	2026-04-13T01:27:08+08:00
Victime	sf	__ d'une calomnie.	受冤枉	’zeû yeû ’waong (k‘ieuh)		受冤枉（屈）		589		true	自旧档汇入	2026-04-13T01:27:08+08:00
Victime	sf	__ d'un brigandage.	被盗	bei’ dao’		被盗		589		true	自旧档汇入	2026-04-13T01:27:08+08:00
Victoire	sf	Remporter.	胜利	teh seng’		得勝		589		true	自旧档汇入	2026-04-13T01:27:08+08:00
Victoire	sf	Remporter.	胜利	seng’		勝		589		true	自旧档汇入	2026-04-13T01:27:08+08:00
Victoire	sf	Remporter.	打胜仗	’tang seng’ tsang’.		打勝仗		589		true	自旧档汇入	2026-04-13T01:27:08+08:00
Vidanges	sf.pl.		粪	fen’ 		糞,		589		true	自旧档汇入	2026-04-13T01:27:08+08:00
Vidanges	sf.pl.		屎	ou’		屎	？	589	待定	true	自旧档汇入	2026-04-13T01:27:08+08:00
Vidanges	sf.pl.	Enlever les --.	拉屎	ts‘éh mao k‘ang		出茅坑		589		true	自旧档汇入	2026-04-13T01:27:08+08:00
Vidanges	sf.pl.	Enlever les --.	掏粪	teuh (’yao) fen’		掇（舀）糞		589		true	自旧档汇入	2026-04-13T01:27:08+08:00
Vide	sm		空旷的	k‘ong ’daong (di’ faong)	k‘ong’ ’daong (di’ faong)	空蕩（地方）		589		true	自旧档汇入	2026-04-13T01:27:08+08:00
Vide	adj	__.	空的	k‘ong ke’		空个		589		true	自旧档汇入	2026-04-13T01:27:08+08:00
Vide	adj	Vidé.	空了	k‘ong ’tsé		空者		589		true	自旧档汇入	2026-04-13T01:27:08+08:00
Vide	sm	A -- (navire)	空船	k‘ong zé		空船		589		true	自旧档汇入	2026-04-13T01:27:08+08:00
Vide	sm	A -- (voiture...)	空车	k‘ong ts‘ouo		空車		589		true	自旧档汇入	2026-04-13T01:27:08+08:00
Vider	va		撤空	ts‘éh k‘ong		出空		589		true	自旧档汇入	2026-04-13T01:27:08+08:00
Vider	va	__ l'eau [d'un bateau].	倒水	yao (k‘ao’) ’se		舀（拷）水	？	589		true	自旧档汇入	2026-04-13T01:27:08+08:00
Vider	va	__ [un vase].	倒空	’tao k‘ong		倒空		589		true	自旧档汇入	2026-04-13T01:27:08+08:00
Vider	va	__ [un vase].	倒空	k‘ieng t‘éh		傾脱		589		true	自旧档汇入	2026-04-13T01:27:08+08:00
Vider	va	__ [un vase].	倒干净	’tao (vèh) keu zing’		倒（滑）乾净		589		true	自旧档汇入	2026-04-13T01:27:08+08:00
Vider	va	__ [un vase].	清空	’k‘i k‘ong		起空		589		true	自旧档汇入	2026-04-13T01:27:08+08:00
		__ un poisson.	清理鱼的内脏	p‘ou’ (koèh) n		破（括）魚	？	590		true	自旧档汇入	2026-04-13T01:27:08+08:00
		__ [son verre].	喝尽了	h‘eh keu ’tsé		喝乾者		590		true	自旧档汇入	2026-04-13T01:27:08+08:00
Vie	sf		生活	wéh		活		590		true	自旧档汇入	2026-04-13T01:27:08+08:00
Vie	sf		性命	ming’		命		590		true	自旧档汇入	2026-04-13T01:27:08+08:00
Vie	sf		性命	sing’ ming’		性命		590		true	自旧档汇入	2026-04-13T01:27:08+08:00
Vie	sf		生命	sang ming’		生命		590		true	自旧档汇入	2026-04-13T01:27:08+08:00
Vie	sf	Payer de sa --. -- pour --.	偿命	’ti (zang) ming’		抵（償）命		590		true	自旧档汇入	2026-04-13T01:27:08+08:00
Vie	sf	Droit de -- et de mort.	生杀大权	sang sèh tse ghieu		生殺之權		590		true	自旧档汇入	2026-04-13T01:27:08+08:00
Vie	sf	Est-il encore en -- ?	还活着吗？	wè léh ’la ’va?		還垃拉否？		590		true	自旧档汇入	2026-04-13T01:27:08+08:00
Vie	sf	Toute la --.	一生一世	ih sang ih se’		一生一世		590		true	自旧档汇入	2026-04-13T01:27:08+08:00
Vie	sf		终身	tsong sen		終身		590		true	自旧档汇入	2026-04-13T01:27:08+08:00
Vie	sf		平生	bing seng		平生		590		true	自旧档汇入	2026-04-13T01:27:08+08:00
Vie	sf	Pendant la --.	在世时	wéh ’la ke’ zen koang		活拉个辰光		590		true	自旧档汇入	2026-04-13T01:27:08+08:00
Vie	sf	__ longue.	长寿	zang zeû’		長壽		590		true	自旧档汇入	2026-04-13T01:27:08+08:00
Vie	sf	__ courte.	短寿	’teu zeû’		短壽		590		true	自旧档汇入	2026-04-13T01:27:08+08:00
Vie	sf	Avoir de la --.	有神气	zen k‘i’ (tsing zen) tsôh		神氣（精神）足		590		true	自旧档汇入	2026-04-13T01:27:08+08:00
Vie	sf		身体活络	wéh loh		活落		590	待定	true	自旧档汇入	2026-04-13T01:27:08+08:00
Vie	sf	Mener la -- à grandes guides.	嫖赌逍遥	biao ’tou siao yao		嫖賭逍遥		590		true	自旧档汇入	2026-04-13T01:27:08+08:00
Vie	sf	Biographie.	传记	hang zéh		行實		590		true	自旧档汇入	2026-04-13T01:27:08+08:00
Vieillard	sm		老人	’lao gnen		老人		590		true	自旧档汇入	2026-04-13T01:27:08+08:00
Vieillard	sm		年纪大的	gné ’ki dou’ ke’		年紀大个		590		true	自旧档汇入	2026-04-13T01:27:08+08:00
Vieillard	sm	Cf. Vert.	老伯伯	’lao pah2	’lao pah pah	老伯伯		590		true	自旧档汇入	2026-04-13T01:27:08+08:00
Vieillard	sm	Cf. Vert.	爷爷的爷爷辈	’lao2	’lao ’lao	老老		590		true	自旧档汇入	2026-04-13T01:27:08+08:00
Vieillard	sm	Cf. Vert.	老头子	’lao deû ’tse		老頭子		590		true	自旧档汇入	2026-04-13T01:27:08+08:00
Vieillard	sm	Vieille.	老太婆	’lao bou2 (t‘a’ bou)	’lao bou bou(t‘a’ bou)	老婆2（太婆）	老婆婆（太婆）	590		true	自旧档汇入	2026-04-13T01:27:08+08:00
Vieillard	sm	__s et jeunes gens.	老老小小	’lao2 ’siao2.	’lao ’lao ’siao ’siao	老老小小		590		true	自旧档汇入	2026-04-13T01:27:08+08:00
Vieillir	vn		变老	’lao		老		590		true	自旧档汇入	2026-04-13T01:27:08+08:00
Vieillir	vn		老了	’lao ’tsé		老者		590		true	自旧档汇入	2026-04-13T01:27:08+08:00
Vieillir	vn	Il a beaucoup vieilli.	他看起来挺老的	i zéh zai’ kié’ ’lao lai		伊實在見老來		590		true	自旧档汇入	2026-04-13T01:27:08+08:00
Vierge	sf		贞洁女子	tseng ’gnu		貞女		590		true	自旧档汇入	2026-04-13T01:27:08+08:00
Vierge	sf		贞洁女子	dong tseng ’gnu		童貞女		590		true	自旧档汇入	2026-04-13T01:27:08+08:00
Vierge	sf		贞洁女子	dong tseng kou gnang		童貞姑娘		590		true	自旧档汇入	2026-04-13T01:27:08+08:00
Vierge	sf	La Sainte --.	圣母玛利亚	seng’ ’mou ’mô-li’-’ya		聖母瑪利亞		590		true	自旧档汇入	2026-04-13T01:27:08+08:00
Vierge	adj	__.	守贞的	’seû tseng ke’		守貞个		590		true	自旧档汇入	2026-04-13T01:27:08+08:00
Vieux	adj		老的	’lao		老		590		true	自旧档汇入	2026-04-13T01:27:08+08:00
Vieux	adj		年纪大的	’lao (dou’) gné ’ki.		老（大）年紀		590		true	自旧档汇入	2026-04-13T01:27:08+08:00
Vieux	adj	__ [animal].	老（动物）	’lao		老		590		true	自旧档汇入	2026-04-13T01:27:08+08:00
Vieux	adj	__ [chose].	陈旧的	ghieû’		舊		590		true	自旧档汇入	2026-04-13T01:27:08+08:00
Vieux	adj	__ [chose].	陈年的	zen		陳		590		true	自旧档汇入	2026-04-13T01:27:08+08:00
Vieux	adj	__ [chose].	陈的，不新鲜的	sôh		宿		590		true	自旧档汇入	2026-04-13T01:27:08+08:00
Vieux	adj	__ [chose].	不新鲜的	véh sin sié		勿新鮮		590		true	自旧档汇入	2026-04-13T01:27:08+08:00
Vif	adj	Courant: eau vive.	活水	wéh ’se		活水		590		true	自旧档汇入	2026-04-13T01:27:08+08:00
Vif	adj	Violent: vive douleur.	强烈的	li’ hai’		利害		590		true	自旧档汇入	2026-04-13T01:27:08+08:00
Vif	adj	Actif.	爽快的	saong k‘oa’	’saong k‘oa’	爽快		590		true	自旧档汇入	2026-04-13T01:27:08+08:00
Vif	adj	Actif.	活泼的	wéh p‘éh		活潑		590		true	自旧档汇入	2026-04-13T01:27:08+08:00
Vif	adj	Actif.	活跃的	wéh ’dong		活動		590		true	自旧档汇入	2026-04-13T01:27:08+08:00
Vif	adj	Irascible: caractère --.	性子暴躁的	sing’ ’tse bao’ tsao’		性子暴躁		590		true	自旧档汇入	2026-04-13T01:27:08+08:00
Vif	adj	Brillant: teintes vives.	颜色明艳的	ngè seh sié ming		顔色鮮明		590		true	自旧档汇入	2026-04-13T01:27:08+08:00
Vif-argent	sm		水银	’se gnen		水銀		590		true	自旧档汇入	2026-04-13T01:27:08+08:00
Vigilant	adj	Etre --.	留心	lieû sin		留心		590		true	自旧档汇入	2026-04-13T01:27:08+08:00
Vigilant	adj	Etre --.	谨慎	’kien zen’		謹慎		590		true	自旧档汇入	2026-04-13T01:27:08+08:00
Vigilant	adj	Etre --.	小心	’siao sin		小心		590		true	自旧档汇入	2026-04-13T01:27:08+08:00
Vigile	sf		瞻禮前一日	tsé ’li zié ih gnéh		瞻禮前一日		590		true	自旧档汇入	2026-04-13T01:27:08+08:00
Vigne	sf		葡萄树	peh dao zu’	beh dao zu’	葡萄樹		590		true	自旧档汇入	2026-04-13T01:27:08+08:00
Vignoble	sm		葡萄园	peh dao yeu	beh dao yeu.	葡萄園		590		true	自旧档汇入	2026-04-13T01:27:08+08:00
Vigoureux	adj		强健的	ghia		强		590		true	自旧档汇入	2026-04-13T01:27:08+08:00
Vigoureux	adj		有力量的	’yeû lih liang’		有力量		590		true	自旧档汇入	2026-04-13T01:27:08+08:00
Vigoureux	adj		强壮的	ghiang tsaong’		强壯		590		true	自旧档汇入	2026-04-13T01:27:08+08:00
Vigueur	sf		精力	tsing zen		精神		590		true	自旧档汇入	2026-04-13T01:27:08+08:00
Vigueur	sf		力量	lih liang’		力量		590		true	自旧档汇入	2026-04-13T01:27:08+08:00
Vigueur	sf		力气	lih k‘i’		力氣		590		true	自旧档汇入	2026-04-13T01:27:08+08:00
Vigueur	sf	Fig. N'être plus en --.	没力气的	véh hang ’tsé		勿行者		591		true	自旧档汇入	2026-04-13T01:27:08+08:00
Vil	adj		卑贱的	pei zié’		卑賤		591		true	自旧档汇入	2026-04-13T01:27:08+08:00
Vil	adj		下贱的	’ya zié’		下賤		591		true	自旧档汇入	2026-04-13T01:27:08+08:00
Vil	adj		粗俗的	ts‘ou zôh		粗俗		591		true	自旧档汇入	2026-04-13T01:27:08+08:00
Vilain	sm		坏人	oh gnen		惡人		591		true	自旧档汇入	2026-04-13T01:27:08+08:00
Vilain	adj	Laid.	丑陋	’ts‘eû leû’		醜陋		591		true	自旧档汇入	2026-04-13T01:27:08+08:00
Vilain	adj	Laid.	难看	nè k‘eu’		難看		591		true	自旧档汇入	2026-04-13T01:27:08+08:00
Vilain	adj	Déshonnête.Honteux.	不正经	véh tseng’ kieng		勿正經		591		true	自旧档汇入	2026-04-13T01:27:08+08:00
Vilain	adj	Déshonnête.Honteux.	丑陋	’ts‘eû leû’		醜陋		591		true	自旧档汇入	2026-04-13T01:27:08+08:00
Vilebrequin	sm		曲柄手摇钻	yao tseu’ [ih ’pouo]		摇鑽[一把]		591		true	自旧档汇入	2026-04-13T01:27:08+08:00
Vilenie	sf		鄙龌龊的行为	h‘eh liang sin ke’ ze’ ’t‘i		黑良心个事體		591		true	自旧档汇入	2026-04-13T01:27:08+08:00
Vilenie	sf		相当邪恶	oh t‘ié oh di’		惡天惡地		591		true	自旧档汇入	2026-04-13T01:27:08+08:00
Vilipender	va		诽谤	’hoei paong’	’h‘oei paong’	毁謗		591		true	自旧档汇入	2026-04-13T01:27:08+08:00
Vilipender	va		轻慢	k‘ieng mè’		輕慢		591		true	自旧档汇入	2026-04-13T01:27:08+08:00
Vilipender	va		薄待	bôh ’dai		薄待		591		true	自旧档汇入	2026-04-13T01:27:08+08:00
Village	sm		村	ts‘en		村				true	自旧档汇入	2026-04-13T01:27:08+08:00
Village	sm		村庄	ts‘en tsaong		村庄		591		true	自旧档汇入	2026-04-13T01:27:08+08:00
Village	sm			zah ’tse		宅子		591		true	自旧档汇入	2026-04-13T01:27:08+08:00
Villageois	sm		乡下人	hiang ’hao gnen		鄉下人		591		true	自旧档汇入	2026-04-13T01:27:08+08:00
Ville	sf	murée	城市	zeng		城		591		true	自旧档汇入	2026-04-13T01:27:08+08:00
Ville	sf	non murée.	小镇	tsen’		鎮		591		true	自旧档汇入	2026-04-13T01:27:08+08:00
Ville	sf	non murée.	小镇	ze’ tsen’		市鎮		591		true	自旧档汇入	2026-04-13T01:27:08+08:00
Vin	sm		酒	’tsieû		酒		591		true	自旧档汇入	2026-04-13T01:27:08+08:00
Vinaigre	sm		醋	ts‘ou’		醋		591		true	自旧档汇入	2026-04-13T01:27:08+08:00
Vinaigrer	va		倒醋进去	’tao ts‘ou’ ’la k‘i’		倒醋拉去		591		true	自旧档汇入	2026-04-13T01:27:08+08:00
Vinaigrier	sm		醋瓶	ts‘ou’ bing		醋瓶		591		true	自旧档汇入	2026-04-13T01:27:08+08:00
Vinaigrier	sm	Fabricant.	醋坊	ts‘ou’ tsoh		醋作		591		true	自旧档汇入	2026-04-13T01:27:08+08:00
Vincent	sm		味增爵法国天主教遣使会创建人	vi’-tseng-tsiah		味增爵		591		true	自旧档汇入	2026-04-13T01:27:08+08:00
Vingt	adj		二十个	gnè’ ke’		廿个		591		true	自旧档汇入	2026-04-13T01:27:08+08:00
Vingt	adj	Le -- du mois.	二十	gni’ séh		二十		591	原作卄	true	自旧档汇入	2026-04-13T01:27:08+08:00
Vingtième	adj		第二十个	di’ gnè’ ke’		第廿个		591		true	自旧档汇入	2026-04-13T01:27:08+08:00
Viol	sm		强奸	ghiang kiè		强姦		591		true	自旧档汇入	2026-04-13T01:27:08+08:00
Violemment	adv		强行地	ngang’		硬		591		true	自旧档汇入	2026-04-13T01:27:08+08:00
Violemment	adv		凶狠地	hiong		凶		591		true	自旧档汇入	2026-04-13T01:27:08+08:00
Violemment	adv		蛮横地	hang hiong		行凶		591		true	自旧档汇入	2026-04-13T01:27:08+08:00
Violemment	adv	Enlever --.	强行抢走	ngang’ ’ts‘iang		硬搶		591		true	自旧档汇入	2026-04-13T01:27:08+08:00
Violence	sf		强行	’mié ’k‘iang		勉强		591		true	自旧档汇入	2026-04-13T01:27:08+08:00
Violence	sf	Se faire --.	克制自己	k‘eh ’ki		克己		591		true	自旧档汇入	2026-04-13T01:27:08+08:00
Violent	adj		凶狠的	li’ hai’		利害		591		true	自旧档汇入	2026-04-13T01:27:08+08:00
Violent	adj		蛮横的	wang mè		横蠻		591		true	自旧档汇入	2026-04-13T01:27:08+08:00
Violent	adj		蛮横的	wang pang		横伻	？	591	待定	true	自旧档汇入	2026-04-13T01:27:08+08:00
Violent	adj		狠的	’hen	’h‘en	狠		591		true	自旧档汇入	2026-04-13T01:27:08+08:00
Violent	adj		凶的	hiong		凶		591		true	自旧档汇入	2026-04-13T01:27:08+08:00
Violenter	va		强迫	’mié ’k‘iang		勉强		591		true	自旧档汇入	2026-04-13T01:27:08+08:00
Violenter	va		强行要求	ngang’ yao’		硬要		591		true	自旧档汇入	2026-04-13T01:27:08+08:00
Violenter	va		强迫就范	ngang’ pih se’		硬逼勢		591		true	自旧档汇入	2026-04-13T01:27:08+08:00
Violer	va	Profaner	亵渎	sih dôh.		褻瀆		591		true	自旧档汇入	2026-04-13T01:27:08+08:00
Violer	va	__ une personne.	强奸	ghiang kiè		强姦		591		true	自旧档汇入	2026-04-13T01:27:08+08:00
Violer	va	Violer. Enfreindre.	违犯	keu ’vè		干犯		591		true	自旧档汇入	2026-04-13T01:27:08+08:00
Violer	va	Violer. Enfreindre.	不守规则	véh ’seû		勿守		591		true	自旧档汇入	2026-04-13T01:27:08+08:00
Violer	va	Violer. Enfreindre.	犯法	’vè fèh		犯法		591		true	自旧档汇入	2026-04-13T01:27:08+08:00
Violer	va	__ un traité.	违约	pei’ yah		背約		591		true	自旧档汇入	2026-04-13T01:27:08+08:00
Violer	va	__ un traité.	失约	séh yah		失約		591		true	自旧档汇入	2026-04-13T01:27:08+08:00
Violet	adj		紫色的	’tse ke’		紫个		591		true	自旧档汇入	2026-04-13T01:27:08+08:00
Violet	adj		紫色的	’tse seh		紫色		591		true	自旧档汇入	2026-04-13T01:27:08+08:00
Violon	sm	chinois	胡琴	wou ghien		胡琴		591		true	自旧档汇入	2026-04-13T01:27:08+08:00
Violon	sm	chinois	琵琶	bi bo	bi bouo	琵琶		591		true	自旧档汇入	2026-04-13T01:27:08+08:00
Violon	sm	chinois	丝弦乐器	se yé ka sang		絲弦傢生		591		true	自旧档汇入	2026-04-13T01:27:08+08:00
Vipère	sf		蝰蛇	di’ ’pié (t‘ôh ’hoei,ts‘ah lié’) zouo  [ih diao]	di’ ’pié (t‘ôh ’h‘oei,ts‘ah lié’) zouo  [ih diao]	地扁（秃虺，赤練）蛇[一條]		591		true	自旧档汇入	2026-04-13T01:27:08+08:00
Virago	sf		泼妇	’gnu tsong ’zang fou		女中丈夫		591		true	自旧档汇入	2026-04-13T01:27:08+08:00
Virago	sf		母老虎	ts‘e ’lao ’hou	ts‘e ’lao ’h‘ou	雌老虎		591		true	自旧档汇入	2026-04-13T01:27:08+08:00
Virer	vn	__ de bord.	（船）转向	’diao ts‘iang’		調[⺮搶]	？	591		true	自旧档汇入	2026-04-13T01:27:08+08:00
Virer	vn	__ au cabestan pour démarrer.	起锚航行	’kao koè ’k‘i mao		絞關起錨		591		true	自旧档汇入	2026-04-13T01:27:08+08:00
Virginité	sf		童贞	dong tseng		童貞		592		true	自旧档汇入	2026-04-13T01:27:08+08:00
Virginité	sf		贞德	tseng teh.		貞德		592		true	自旧档汇入	2026-04-13T01:27:08+08:00
Virginité	sf	Garder la --.	守住贞洁	’seû tseng		守貞		592		true	自旧档汇入	2026-04-13T01:27:08+08:00
Virginité	sf	Garder la --.	住在家里守节	zu’ ’la ôh ’li.		住拉屋裹		592		true	自旧档汇入	2026-04-13T01:27:08+08:00
Viril	adj		勇敢	’yong ’ké.		勇敢		592		true	自旧档汇入	2026-04-13T01:27:08+08:00
Viril	adj	L'âge --.	壮年	tsaong’ (tsong) gné ke’ ze heû’.		壯（中）年个時候		592		true	自旧档汇入	2026-04-13T01:27:08+08:00
Virole	sf		箍，套环	kou[ih ke’]		箍[一個]		592		true	自旧档汇入	2026-04-13T01:27:08+08:00
Virulent	adj		恶毒	oh dôh.		惡毒		592		true	自旧档汇入	2026-04-13T01:27:08+08:00
Virulent	adj	Violent.	激烈	li’ hai’.		利害		592		true	自旧档汇入	2026-04-13T01:27:08+08:00
Virus	sm	Poison.	毒	dôh k‘i’.		毒氣		592		true	自旧档汇入	2026-04-13T01:27:08+08:00
Vis	sf		螺丝钉	lou se ting [ih tsah]		螺螄釘[一隻]		592		true	自旧档汇入	2026-04-13T01:27:08+08:00
Visage	sm		脸	mié’ ’k‘ong (yong)		面孔（容）		592		true	自旧档汇入	2026-04-13T01:27:08+08:00
Visage	sm		面貌	mié’ mao’.		面貌		592		true	自旧档汇入	2026-04-13T01:27:08+08:00
Visage	sm	Physionomie.	相貌	siang’ mao’		相貌		592	圓圈	true	自旧档汇入	2026-04-13T01:27:08+08:00
Visage	sm	Physionomie.	样貌	’p‘in mao’		品貌		592		true	自旧档汇入	2026-04-13T01:27:08+08:00
Visage	sm	Physionomie.	面色	mié’ seh		面色		592		true	自旧档汇入	2026-04-13T01:27:08+08:00
Visage	sm	Physionomie.	面貌	mié’ mao’.		面貌		592		true	自旧档汇入	2026-04-13T01:27:08+08:00
Visage	sm	Faire bon -- aux gens.	对人一副好脸色	tsou’ ’h‘ao mié’ ’k‘ong.		做好面孔		592		true	自旧档汇入	2026-04-13T01:27:08+08:00
Vis-à-vis	adv	__ de.	对面	tei’ mié’.		對面		592		true	自旧档汇入	2026-04-13T01:27:08+08:00
Vis-à-vis	adv	__ de.	对过	tei’ kou’ (men).		對過（門）		592		true	自旧档汇入	2026-04-13T01:27:08+08:00
Viscères	sm.pl.		五脏六腑	’n zaong’ lôh ’fou.		五臟六腑		592		true	自旧档汇入	2026-04-13T01:27:08+08:00
Viscères	sm.pl.	5 principaux --.	五脏：	n zaong’	’n zaong’	五臟		592		true	自旧档汇入	2026-04-13T01:27:08+08:00
Viscères	sm.pl.	Coeur.	心	sin.		心		592		true	自旧档汇入	2026-04-13T01:27:08+08:00
Viscères	sm.pl.	Foie.	肝	keu.		肝		592		true	自旧档汇入	2026-04-13T01:27:08+08:00
Viscères	sm.pl.	Rate.	脾	bi.		脾		592		true	自旧档汇入	2026-04-13T01:27:08+08:00
Viscères	sm.pl.	Poumons.	肺	fi’.		肺		592		true	自旧档汇入	2026-04-13T01:27:08+08:00
Viscères	sm.pl.	Reins.	腎	zen’.		腎		592		true	自旧档汇入	2026-04-13T01:27:08+08:00
Viser	va		瞄准	maong’ tsong’ (’tsen)		望中（準）		592	圓圈	true	自旧档汇入	2026-04-13T01:27:08+08:00
Viser	va		照着	tsao’.		照		592		true	自旧档汇入	2026-04-13T01:27:08+08:00
Viser	vn	__ à.	想着	’siang zah		想着		592		true	自旧档汇入	2026-04-13T01:27:08+08:00
Viser	vn	__ à.	希望	hi dou.		希圖		592		true	自旧档汇入	2026-04-13T01:27:08+08:00
Visible	adj	__.	看得见的	k‘eu’ teh kié’ ke’.		看得見个		592		true	自旧档汇入	2026-04-13T01:27:08+08:00
Visible	adj	Evident.	清楚的	ts‘ing ts‘ou (’saong) ke’	ts‘ing ’ts‘ou (’saong) ke’	清楚（爽）个		592		true	自旧档汇入	2026-04-13T01:27:08+08:00
Visible	adj	Evident.	正大光明的	tseng’ koang da’ ming		正光大明		592		true	自旧档汇入	2026-04-13T01:27:08+08:00
Visible	adj	Evident.	显而易见的	hié’ eul yi’ kié’	’hié eul yi’ kié’	顯而易見		592	待定	true	自旧档汇入	2026-04-13T01:27:08+08:00
Visiblement	adv		明明白白	ming2 bah2.	ming ming bah bah	明2白2	明明白白	592		true	自旧档汇入	2026-04-13T01:27:08+08:00
Visiblement	adv		明显地	maong’ teh’ kié’ ke’.	maong’ teh kié’ ke’	望得見个		592		true	自旧档汇入	2026-04-13T01:27:08+08:00
Visitation	sf	__ de la Sainte Vierge. (C.)	圣母去见圣妇依撒伯尔	seng’ ’mou ’waong kié’ seng’ wou’ i-sèh-peh-’eul.		聖母往見聖婦依撒伯爾		592	聖婦。聖父zen可能是神父	true	自旧档汇入	2026-04-13T01:27:08+08:00
Visite	sf	Faire une --.	拜访	pa’ maong’		拜望		592		true	自旧档汇入	2026-04-13T01:27:08+08:00
Visite	sf	Faire une --.	拜客	pa’ k‘ah.		拜客		592		true	自旧档汇入	2026-04-13T01:27:08+08:00
Visite	sf	Je viens vous faire --.	我来拜访拜访您	’ngou lai maong’2 nong’.	’ngou lai maong’ maong’ nong’	我來望望儂		592		true	自旧档汇入	2026-04-13T01:27:08+08:00
Visite	sf	Rendre une --.	回访	wei pa’		回拜		592		true	自旧档汇入	2026-04-13T01:27:08+08:00
Visite	sf	Rendre une --.	回拜	wè pa’		還拜		592		true	自旧档汇入	2026-04-13T01:27:08+08:00
Visite	sf	Rendre une --.	谢步	zia’ bou’.		謝步		592		true	自旧档汇入	2026-04-13T01:27:08+08:00
Visite	sf	__ de bonne année.	拜年	pa’ gné.		拜年		592		true	自旧档汇入	2026-04-13T01:27:08+08:00
Visite	sf	d'anniversaire de naissance.	拜寿	pa’ zeû’.		拜壽		592		true	自旧档汇入	2026-04-13T01:27:08+08:00
Visite	sf	__ au Saint S. (C.).	拜圣体	pa’ seng’ ’t‘i.		拜聖體		592		true	自旧档汇入	2026-04-13T01:27:08+08:00
Visiteur	sm		客人	k‘ah gnen		客人		592		true	自旧档汇入	2026-04-13T01:27:08+08:00
Visiteur	sm		宾客	pin k‘ah.		賓客		592		true	自旧档汇入	2026-04-13T01:27:08+08:00
Visiteur	sm	Aller au-devant d'un --.	接客	tsih k‘ah		接客		592		true	自旧档汇入	2026-04-13T01:27:08+08:00
Visiteur	sm	Aller au-devant d'un --.	迎客	gneng k‘ah.		迎客		592		true	自旧档汇入	2026-04-13T01:27:08+08:00
Visiteur	sm	Lui tenir compagnie.	陪客	bei k‘ah.		陪客		592		true	自旧档汇入	2026-04-13T01:27:08+08:00
Visqueux	adj		黏的	gnen’		肕		592	待定	true	自旧档汇入	2026-04-13T01:27:08+08:00
Visqueux	adj		黏的	gné 		黏		592		true	自旧档汇入	2026-04-13T01:27:08+08:00
Visqueux	adj		黏的	kao.		膏		592		true	自旧档汇入	2026-04-13T01:27:08+08:00
Visser	va		钻进去	gné tsin’ k‘i’		拈進去		592		true	自旧档汇入	2026-04-13T01:27:08+08:00
Visser	va		钻螺丝钉	gné lou se ting.		拈螺螄釘		592		true	自旧档汇入	2026-04-13T01:27:08+08:00
Vite	adv		快地	k‘oa’		快		592		true	自旧档汇入	2026-04-13T01:27:08+08:00
Vite	adv		快点	hao sao’		浩燥		592		true	自旧档汇入	2026-04-13T01:27:08+08:00
Vite	adv		快点	k‘oa’ sao’		快燥		592		true	自旧档汇入	2026-04-13T01:27:08+08:00
Vite	adv	Aller trop -- en besogne.	劳作很快	tsou’ lai t‘eh k‘oa’.		做來忒快		592		true	自旧档汇入	2026-04-13T01:27:08+08:00
Vitre	sf	Une --.	一块玻璃	ih k‘oei’ pou li.		一塊玻璃		593		true	自旧档汇入	2026-04-13T01:27:08+08:00
Vitrer	va		玻璃窗	pou li ts‘aong		玻璃窗		593		true	自旧档汇入	2026-04-13T01:27:08+08:00
Vitrer	va	Fenêtre vitrée.	给窗装玻璃	k‘è’ (p‘ei’) pou li.		嵌（配）玻璃		593		true	自旧档汇入	2026-04-13T01:27:08+08:00
Vitriol	sm	__ bleu.	蓝矾	lè wè		藍礬		593		true	自旧档汇入	2026-04-13T01:27:08+08:00
Vitriol	sm	Sulf. de cuivre.	铜绿	dong ts‘ing.		銅青		593		true	自旧档汇入	2026-04-13T01:27:08+08:00
Vitriol	sm	__ vert. ,, ,, fer.	绿矾	lôh (zao, ts‘ing) wè.		緑（皂，青）礬		593	待定	true	自旧档汇入	2026-04-13T01:27:08+08:00
Vivace	adj	[Plante].	很老的植物	’lao ken.		老根		593		true	自旧档汇入	2026-04-13T01:27:08+08:00
Vivacité	sf		轻快	k‘ieng k‘oa’		輕快		593		true	自旧档汇入	2026-04-13T01:27:08+08:00
Vivacité	sf		活络	wéh loh		活落		593	待定	true	自旧档汇入	2026-04-13T01:27:08+08:00
Vivacité	sf		活动	wéh ’dong.		活動		593		true	自旧档汇入	2026-04-13T01:27:08+08:00
Vivant	sm	(De mon)	我的活力	’ngou wéh ’la		我活拉		593		true	自旧档汇入	2026-04-13T01:27:08+08:00
Vivant	sm	(De mon)	有我的一口气	’yeû ’ngou ih ’k‘eû k‘i’.		有我一口氣		593		true	自旧档汇入	2026-04-13T01:27:08+08:00
Vivant	sm	Les --s et les morts.	活着的和死去的人	wéh ’la ke’ gnen ’lao ’si ’la ke’ gnen.		活拉个人咾死拉个人		593		true	自旧档汇入	2026-04-13T01:27:08+08:00
Vivant	adj	__. 	活着的	wéh ’la ke’		活拉个		593		true	自旧档汇入	2026-04-13T01:27:08+08:00
Vivant	adj	__. 	有神气的	’yeû zen k‘i’ ke’.		有神氣个		593		true	自旧档汇入	2026-04-13T01:27:08+08:00
Vivement	adv		迅速地	tsoh maong		作忙		593		true	自旧档汇入	2026-04-13T01:27:08+08:00
Vivement	adv		快快地	sao’2 kiao’	sao’ sao’ kiao’	燥燥叫		593		true	自旧档汇入	2026-04-13T01:27:08+08:00
Vivement	adv		激动地	’yeû hieng’ ke’ neng.		有興个能		593		true	自旧档汇入	2026-04-13T01:27:08+08:00
Viveur	sm		寻欢作乐者	biao ’tou siao yao		嫖賭逍遥		593		true	自旧档汇入	2026-04-13T01:27:08+08:00
Viveur	sm			laong’ fi’.		浪費		593		true	自旧档汇入	2026-04-13T01:27:08+08:00
Vivier	sm		养鱼塘	n ze		魚池		593		true	自旧档汇入	2026-04-13T01:27:08+08:00
Vivier	sm			ze wou		池河		593		true	自旧档汇入	2026-04-13T01:27:08+08:00
Vivipare	adj		胎生的	t‘ai sang.		胎生		593		true	自旧档汇入	2026-04-13T01:27:08+08:00
Vivoter	vn		勉强活着	k‘ieh véh ’pao ngou’ véh sèh		吃勿飽餓勿殺		593		true	自旧档汇入	2026-04-13T01:27:08+08:00
Vivoter	vn		平淡生活	ts‘ou zouo dè’ vè’ kou’ gnéh ’tse.		粗茶淡飯過日子		593		true	自旧档汇入	2026-04-13T01:27:08+08:00
Vivre	vn		活	wéh		活		593		true	自旧档汇入	2026-04-13T01:27:08+08:00
Vivre	vn		活着	wéh ’la.		活拉		593		true	自旧档汇入	2026-04-13T01:27:08+08:00
Vivre	vn	__ jusqu'à un âge avancé.	长寿	zang zeû’.		長壽		593		true	自旧档汇入	2026-04-13T01:27:08+08:00
Vivre	vn	__ jusqu'à un âge avancé.	寿命长	zeû’ sou’ zang.		壽數長		593		true	自旧档汇入	2026-04-13T01:27:08+08:00
Vivre	vn	Ton père vit-il encore?	你的爸爸还活着吗？	nong’ ke’ ya è léh ’la ’va?		儂个爺還垃拉否		593		true	自旧档汇入	2026-04-13T01:27:08+08:00
Vivre	vn	Faire --.	养活	’yang wéh.		養活		593		true	自旧档汇入	2026-04-13T01:27:08+08:00
Vivre	vn	N'avoir pas de quoi --.	找不到生计	wéh véh kou’ ’tsé.		活勿過者		593		true	自旧档汇入	2026-04-13T01:27:08+08:00
Vivre	vn	N'avoir pas de quoi --.	有上顿没下顿	’tsao wou ya’ ten’ ya’ wou sôh liang.		早無夜頓夜無宿粮	早無夜頓夜無宿糧	593		true	自旧档汇入	2026-04-13T01:27:08+08:00
Vivre	vn	_ de son métier.	靠手艺生活	k‘ao’ ’seû gni’ k‘ieh vè’.		靠手藝吃飯		593		true	自旧档汇入	2026-04-13T01:27:08+08:00
Vivre	vn	__ au jour le jour.	过一天算一天	h‘eng kou’ gnéh ’tse		亨過日子		593		true	自旧档汇入	2026-04-13T01:27:08+08:00
Vivre	vn	__ au jour le jour.	一天赚的一天用完	ih gnéh tsou’ lai ih gnéh k‘ieh.		一日做來一日吃		593		true	自旧档汇入	2026-04-13T01:27:08+08:00
Vivres	sm.pl.		食物	k‘ieh ghiôh		吃局		593		true	自旧档汇入	2026-04-13T01:27:08+08:00
Vivres	sm.pl.		食物	vè’ zeh (liang)		飯食（糧）		593		true	自旧档汇入	2026-04-13T01:27:08+08:00
Vivres	sm.pl.		粮食	liang zeh		糧食		593		true	自旧档汇入	2026-04-13T01:27:08+08:00
Vivres	sm.pl.		饮食	’yen zeh.		飲食		593		true	自旧档汇入	2026-04-13T01:27:08+08:00
Vivres	sm.pl.	Couper les --.	决断饭食	’deu vè’ zeh.		斷飯食		593		true	自旧档汇入	2026-04-13T01:27:08+08:00
Vocable	sm		字	ze’		字		593		true	自旧档汇入	2026-04-13T01:27:08+08:00
Vocable	sm		词	wo’		話		593		true	自旧档汇入	2026-04-13T01:27:08+08:00
Vocable	sm		名词	ming deû.		名頭		593		true	自旧档汇入	2026-04-13T01:27:08+08:00
Vocabulaire	sm		字典	ze’ wei’ (’tié).		字彙（典）		593		true	自旧档汇入	2026-04-13T01:27:08+08:00
Vocalement	adv		出声地	’tse ’li wo’.		嘴裏話		593		true	自旧档汇入	2026-04-13T01:27:08+08:00
Vocalement	adv	Prier --.	念经	gnè’ kieng.		念經		593		true	自旧档汇入	2026-04-13T01:27:08+08:00
Vocation	sf	__ religieuse.	圣诏	seng’ zao’.		聖召		593		true	自旧档汇入	2026-04-13T01:27:08+08:00
Vocation	sf	Disposition, talent.	才能	zai liao’		材料		593		true	自旧档汇入	2026-04-13T01:27:08+08:00
Vocation	sf	Disposition, talent.	天生的料	liao’ tsoh		料作		593		true	自旧档汇入	2026-04-13T01:27:08+08:00
Vocation	sf	Disposition, talent.	才干	k‘i’ kai’.		氣概		593		true	自旧档汇入	2026-04-13T01:27:08+08:00
Vocation	sf	Avoir une -- pour.	喜欢做…	’hi hoé	’hi h‘oé	喜歡		593		true	自旧档汇入	2026-04-13T01:27:08+08:00
Vocation	sf	Avoir une -- pour.	爱好	ai’		愛		593		true	自旧档汇入	2026-04-13T01:27:08+08:00
Vocation	sf	Avoir une -- pour.	志向要	tse’ hiang’ yao’.		志向要		593		true	自旧档汇入	2026-04-13T01:27:08+08:00
Vociférer	vn	et vn.	叫喊	h‘è’		喊		593		true	自旧档汇入	2026-04-13T01:27:08+08:00
Vociférer	vn	et vn.	吵闹	’ts‘ao		吵		593		true	自旧档汇入	2026-04-13T01:27:08+08:00
Vociférer	vn	et vn.		’fè		䛀		593		true	自旧档汇入	2026-04-13T01:27:08+08:00
Vociférer	vn	et vn.	吵闹	nao’.		鬧		593		true	自旧档汇入	2026-04-13T01:27:08+08:00
Voeu	sm		愿望	gneu’.		願		594		true	自旧档汇入	2026-04-13T01:27:08+08:00
Voeu	sm	Faire un --.	许愿	fèh gneu’		發願		594		true	自旧档汇入	2026-04-13T01:27:08+08:00
Voeu	sm	Faire un --.	许愿	’hiu (’hé) gneu’.	’hiu (’h‘é) gneu’	許願		594		true	自旧档汇入	2026-04-13T01:27:08+08:00
Voeu	sm	__x simples. Premiers --x.	第一个愿望	ts‘ou gneu’.		初願		594		true	自旧档汇入	2026-04-13T01:27:08+08:00
Voeu	sm	Derniers --x. Grands --x.	夙愿	dou’ gneu’.		大願		594		true	自旧档汇入	2026-04-13T01:27:08+08:00
Voeu	sm	Renouveler les --x.	再次许愿	woh gneu’.		復願		594		true	自旧档汇入	2026-04-13T01:27:08+08:00
Voeu	sm	Au comble de ses --x.	万事如意	yang’2 teh i’.	yang’ yang’ teh i’	樣樣得意		594		true	自旧档汇入	2026-04-13T01:27:08+08:00
Vogue	sf	En --.	流行的	hang ke’		行个		594		true	自旧档汇入	2026-04-13T01:27:08+08:00
Vogue	sf	En --.	通行的	t‘ong hang ke’.		通行个		594		true	自旧档汇入	2026-04-13T01:27:08+08:00
Vogue	sf	En --.	时新的	ze lou’.		時路		594		true	自旧档汇入	2026-04-13T01:27:08+08:00
Voguer	vn	__ sur mer.	航海	hang ’h‘ai		行海		594		true	自旧档汇入	2026-04-13T01:27:08+08:00
Voguer	vn	__ sur mer.	出海	ts‘éh ’h‘ai (yang).		出海（洋）		594		true	自旧档汇入	2026-04-13T01:27:08+08:00
Voici	prép		（指示）	noh		諾	喏	594		true	自旧档汇入	2026-04-13T01:27:08+08:00
Voici	prép		你看	nong’ k‘eu’.		儂看		594		true	自旧档汇入	2026-04-13T01:27:08+08:00
Voici	prép	__ le moment.	到时候了	tao’ ’tsé		到者		594		true	自旧档汇入	2026-04-13T01:27:08+08:00
Voici	prép	__ le moment.	时候到了	ze heû’ tao’ ’tsé.		時候到者		594		true	自旧档汇入	2026-04-13T01:27:08+08:00
Voilà	prép		（指示）	noh.		諾	喏	594		true	自旧档汇入	2026-04-13T01:27:08+08:00
Voilà	prép	__ qui est exact.	这个是对的	di’ ke’ ze’ véh ts‘ouo’ ke’.		第个是勿錯个		594		true	自旧档汇入	2026-04-13T01:27:08+08:00
Voilà	prép	__ comme il me récomponse.	这个能报答我	zéh ka’ neng pao’ tèh ’ngou.		實介能報答我		594		true	自旧档汇入	2026-04-13T01:27:08+08:00
Voilà	prép	__ tout.	这个就是了	di’ ke’ zieû’ ze’ ’tsé.		第个就是者		594		true	自旧档汇入	2026-04-13T01:27:08+08:00
Voilà	prép	__ que...		véh k‘ao lao		勿[忄考]恅	？	594		true	自旧档汇入	2026-04-13T01:27:08+08:00
Voilà	prép	__ que...	突然之間	ih ke’ véh k‘oh ’tsang		一个勿殼漲	？	594		true	自旧档汇入	2026-04-13T01:27:08+08:00
Voilà	prép	__ que...	一下子	’k‘i tse wou.		豈知乎		594		true	自旧档汇入	2026-04-13T01:27:08+08:00
Voie	sf	Cf. Chemin. Route.	路	lou’[ih diao]		路[一條]		594		true	自旧档汇入	2026-04-13T01:27:08+08:00
Voie	sf	Cf. Chemin. Route.	道路	dao’ lou’.		道路		594		true	自旧档汇入	2026-04-13T01:27:08+08:00
Voie	sf	__ ferrée.	铁路	t‘ih lou’.		鐵路		594		true	自旧档汇入	2026-04-13T01:27:08+08:00
Voie	sf	__ d'eau.	管道	leû’ dong’.		漏洞		594		true	自旧档汇入	2026-04-13T01:27:08+08:00
Voie	sf	__s de fait.	用	’tang		打		594		true	自旧档汇入	2026-04-13T01:27:08+08:00
Voie	sf	__s de fait.	强行	yong’ ngang’ kong (lèh ’seû).		用硬工（辣手）		594		true	自旧档汇入	2026-04-13T01:27:08+08:00
Volie	sm	pour la tête	遮头布	tsouo (mao’) deû pou’.		遮（冒）頭布		594		true	自旧档汇入	2026-04-13T01:27:08+08:00
Volie	sm		罩面纱	tsao mié’ souo.	tsao’ mié’ souo	罩面紗		594		true	自旧档汇入	2026-04-13T01:27:08+08:00
Volie	sm	__ de mariée.	红面罩	mié’ hong.		面紅		594		true	自旧档汇入	2026-04-13T01:27:08+08:00
Volie	sm	__ du calice (C.).	圣袱	seng’ woh.		聖袱		594		true	自旧档汇入	2026-04-13T01:27:08+08:00
Volie	sm	__ huméral(C.).	披肩	p‘i kié.		披肩		594		true	自旧档汇入	2026-04-13T01:27:08+08:00
Volie	sf	__. 	篷子	bong [ih sé’].		篷[一扇]		594	篷字寫法不太一樣	true	自旧档汇入	2026-04-13T01:27:08+08:00
Volie	sf	Navire à --.	乌篷船	ts‘a bong zé.	’ts‘a bong zé.	扯篷船		594		true	自旧档汇入	2026-04-13T01:27:08+08:00
Volier	va		罩	tsao	tsao’	罩		594		true	自旧档汇入	2026-04-13T01:27:08+08:00
Volier	va		挡	’t‘aong		攩		594	待定	true	自旧档汇入	2026-04-13T01:27:08+08:00
Volier	va		遮住	tsouo méh		遮没		594	待定 末	true	自旧档汇入	2026-04-13T01:27:08+08:00
Volier	va		盖住	’kai méh		盖没	蓋没	594		true	自旧档汇入	2026-04-13T01:27:08+08:00
Volier	va		盖住	mao’ méh		冒没		594		true	自旧档汇入	2026-04-13T01:27:08+08:00
Volier	va	Fig. Dissimuler.	瞒	mé.		瞞		594		true	自旧档汇入	2026-04-13T01:27:08+08:00
Volier	va	Fig. Dissimuler.	隐瞒	’yen mé.		隱瞞		594		true	自旧档汇入	2026-04-13T01:27:08+08:00
Voilier	sm		帆船	hang fong zé		行風船		594		true	自旧档汇入	2026-04-13T01:27:08+08:00
Voilier	sm		民船	min zé [ih tsah].		民船[一隻]		594		true	自旧档汇入	2026-04-13T01:27:08+08:00
Voir	va		看得见的	k‘eu’ 		看		594		true	自旧档汇入	2026-04-13T01:27:08+08:00
Voir	va		看见	k‘eu’ kié’		看見		594		true	自旧档汇入	2026-04-13T01:27:08+08:00
Voir	va		看到	kié’		見		594		true	自旧档汇入	2026-04-13T01:27:08+08:00
Voir	va	Vois (regarde).	看看	k‘eu’2.	k‘eu’ k‘eu’	看2	看看	594		true	自旧档汇入	2026-04-13T01:27:08+08:00
Voir	va	On verra.	我们待会儿再看	mè’2 ’tié (heû’ lai) k‘eu’.	mè’ mè’ ’tié (heû’ lai) k‘eu’	慢慢點（後來）看		594		true	自旧档汇入	2026-04-13T01:27:08+08:00
Voir	va	Visiter: ne se -- plus.	不对应	véh kiao’ yeng’		勿叫應		594		true	自旧档汇入	2026-04-13T01:27:08+08:00
Voir	va	Visiter: ne se -- plus.	不再见面	véh kié’ mié’.		勿見面		594		true	自旧档汇入	2026-04-13T01:27:08+08:00
Voir	va	Visiter: ne se -- plus.	不来去了	véh lai k‘i’.		勿來去		594		true	自旧档汇入	2026-04-13T01:27:08+08:00
Voir	va	On est venu pour vous --.	有人来拜访你	’yeû gnen lai maong2 (pa’ wei’) nong’.	’yeû gnen lai maong maong (pa’ wei’) nong’	有人來望2（拜會）儂	有人來望望（拜會）儂	594		true	自旧档汇入	2026-04-13T01:27:08+08:00
Voir	va	Cela n'a rien à -- avec le fong-choei.	这与风水无关	di’ ke’ véh koè fong ’se.		第个勿關風水		594		true	自旧档汇入	2026-04-13T01:27:08+08:00
Voisin	sm		邻居	lin sô’		鄰舍		594		true	自旧档汇入	2026-04-13T01:27:08+08:00
Voisin	sm		临近	lin ghien’		鄰近		594		true	自旧档汇入	2026-04-13T01:27:08+08:00
Voisin	sm		临近住户	lin sô’ gnen ka.		鄰舍人家		594		true	自旧档汇入	2026-04-13T01:27:08+08:00
Voisin	sm	De la maison voisine.	隔壁邻居	lin sô’ kah pieh		鄰舍隔壁		594	原作隣	true	自旧档汇入	2026-04-13T01:27:08+08:00
Voisin	sm	De la maison voisine.	隔壁邻居	kah pieh lin sô’.		隔壁鄰舍		594		true	自旧档汇入	2026-04-13T01:27:08+08:00
Voisinage	sm		近的地方	ghien’ pié di’ faong.		近邊地方		595		true	自旧档汇入	2026-04-13T01:27:08+08:00
Voisinage	sm	Tout le -.	四邻八舍	se’ lin pèh sô’		四鄰八舍		595		true	自旧档汇入	2026-04-13T01:27:08+08:00
Voisinage	sm	Tout le -.	东邻西舍	tong lin si sô’.		東鄰西舍		595		true	自旧档汇入	2026-04-13T01:27:08+08:00
Voiture	sf		车子	ts‘ouo ’tse		車子		595		true	自旧档汇入	2026-04-13T01:27:08+08:00
Voiture	sf		马车	’mô ts‘ouo [ih ’bou].		馬車[一部]		595		true	自旧档汇入	2026-04-13T01:27:08+08:00
Voiture	sf	__ publique.	公用车	t‘èh ts‘ouo.		搭車		595		true	自旧档汇入	2026-04-13T01:27:08+08:00
Voiture	sf	__ automobile.	自行车	ze’ hang ts‘ouo.		自行車		595		true	自旧档汇入	2026-04-13T01:27:08+08:00
Voiturier	sm		马车夫	’mô (ts‘ouo) fou.		馬（車）夫		595		true	自旧档汇入	2026-04-13T01:27:08+08:00
Voix	sf		声音	sang k‘i’		聲氣		595		true	自旧档汇入	2026-04-13T01:27:08+08:00
Voix	sf		口音	’k‘eû yen.		口音		595		true	自旧档汇入	2026-04-13T01:27:08+08:00
Voix	sf	Il a la -- forte.	声音很大	’hiang (dou’) hou long	’hiang (dou’) wou long	响（大）喉矓	響（大）喉矓	595		true	自旧档汇入	2026-04-13T01:27:08+08:00
Voix	sf	De vive --. V. Verbalement.	声音很响	sang k‘i’ nao’.		聲氣鬧		595		true	自旧档汇入	2026-04-13T01:27:08+08:00
Voix	sf	Parler à -- haute (basse).	高(低)声说	kao (ti) seng bah wo’		高（低）聲白話		595		true	自旧档汇入	2026-04-13T01:27:08+08:00
Voix	sf	Parler à -- haute (basse).	说响(轻)点	bah wo’ ’hiang (k‘ieng) ’tié.		白話响（輕）点	白話響（輕）点	595		true	自旧档汇入	2026-04-13T01:27:08+08:00
Vol 	sm		偷	t‘eû		偷		595		true	自旧档汇入	2026-04-13T01:27:08+08:00
Vol 	sm		偷窃	zeh t‘eû		賊偷		595		true	自旧档汇入	2026-04-13T01:27:08+08:00
Vol 	sm	__ d'oiseaux.	飞	fi		飛		595		true	自旧档汇入	2026-04-13T01:27:08+08:00
Volage	adj		轻佻	k‘ieng t‘iao		輕佻		595		true	自旧档汇入	2026-04-13T01:27:08+08:00
Volage	adj		轻浮	k‘ieng weû.		輕浮		595		true	自旧档汇入	2026-04-13T01:27:08+08:00
Volant	sm		毽子	kié’ ’tse		毽子		595		true	自旧档汇入	2026-04-13T01:27:08+08:00
Volant	sm	Jouer au --.	踢毽子	t‘ih kié’ ’tse.		踢毽子		595		true	自旧档汇入	2026-04-13T01:27:08+08:00
Volcan	sm		火山	’h‘ou sè.		火山		595		true	自旧档汇入	2026-04-13T01:27:08+08:00
Volée		Une -- d'oiseaux.	一群鸟	ih ghiun ’tiao ’gnao.		一群窵烏	一群鳥鳥	595	待定 可能是漏括号	true	自旧档汇入	2026-04-13T01:27:08+08:00
Volée		Donner une -- de coups à qqn.	打他一顿	’tang i ih ten’.		打伊一頓		595		true	自旧档汇入	2026-04-13T01:27:08+08:00
Voler	vn		飞翔	fi		飛		595		true	自旧档汇入	2026-04-13T01:27:08+08:00
Voler	vn		飞起来	fi ’k‘i lai		飛起來		595		true	自旧档汇入	2026-04-13T01:27:08+08:00
Voler	va		偷	t‘eû		偷		595		true	自旧档汇入	2026-04-13T01:27:08+08:00
Voler	va		偷窃	t‘eû ts‘ih		偷竊		595		true	自旧档汇入	2026-04-13T01:27:08+08:00
Voler	va		偷盗	t‘eû dao’.		偷盗		595		true	自旧档汇入	2026-04-13T01:27:08+08:00
Voler	va		小偷小摸	ts‘ôh tèh.		觸搭		595		true	自旧档汇入	2026-04-13T01:27:08+08:00
Voler	va	__ les fonds publics.	私吞公款	t‘en k‘ieh kong ’k‘oé		吞吃公款		595		true	自旧档汇入	2026-04-13T01:27:08+08:00
Voler	va	__ les fonds publics.	私吞公款	tsou’ se bi’.		做私弊		595		true	自旧档汇入	2026-04-13T01:27:08+08:00
Voler	va	Il ne l'a pas volé.	不冤枉	véh yeu ’waong.		勿冤枉		595		true	自旧档汇入	2026-04-13T01:27:08+08:00
Volet	sm		遮窗户的板	tsouo ts‘aong ’pè		遮窗板		595		true	自旧档汇入	2026-04-13T01:27:08+08:00
Volet	sm		板窗	’pè ts‘aong [ih sé’].		板窗[一扇]		595		true	自旧档汇入	2026-04-13T01:27:08+08:00
Voleur	sm		贼	zeh		賊		595		true	自旧档汇入	2026-04-13T01:27:08+08:00
Voleur	sm		小偷小摸	’siao gnen		小人		595		true	自旧档汇入	2026-04-13T01:27:08+08:00
Voleur	sm		小偷小摸	’siao ts‘ih		小竊		595		true	自旧档汇入	2026-04-13T01:27:08+08:00
Voleur	sm		敲诈骗子	ts‘ah sao		拆稍		595		true	自旧档汇入	2026-04-13T01:27:08+08:00
Voleur	sm		扒手	ts‘ong’ ’seû		㧤手		595		true	自旧档汇入	2026-04-13T01:27:08+08:00
Voleur	sm		扒手	sè tsah ’seû		三隻手		595		true	自旧档汇入	2026-04-13T01:27:08+08:00
Voleur	sm		骗子	’tsié ’lieû		剪綹		595		true	自旧档汇入	2026-04-13T01:27:08+08:00
Voleur	sm		骗子	pei’ gnang ’ghieû ke’.		背娘舅个		595		true	自旧档汇入	2026-04-13T01:27:08+08:00
Voleur	sm	__ de grand chemin.	土匪强盗	ghiang dao’.		强盗		595		true	自旧档汇入	2026-04-13T01:27:08+08:00
Voleur	sm	__ d'enfants.	拐卖儿童者	’koa ’tse.		拐子		595		true	自旧档汇入	2026-04-13T01:27:08+08:00
Volontaire	sm		义兵	gni’ ping.		義兵		595		true	自旧档汇入	2026-04-13T01:27:08+08:00
Volontaire	adj	__. 	意志坚决的	dôh foh sin se		獨服心思	獨腹心思	595	待定	true	自旧档汇入	2026-04-13T01:27:08+08:00
Volontaire	adj		倔强的	ghieuh ghiang ke’.		倔强个		595		true	自旧档汇入	2026-04-13T01:27:08+08:00
Volontaire	adj	Enfant --.	顽皮的小孩	mè bi’ neu.		蠻皮囝	蠻皮囡	595		true	自旧档汇入	2026-04-13T01:27:08+08:00
Volontaire	adj	Sans contrainte. Exprès.	自愿的	ze’ gneu’		自願		595		true	自旧档汇入	2026-04-13T01:27:08+08:00
Volontaire	adj		故意的	’yeû sin		有心		595		true	自旧档汇入	2026-04-13T01:27:08+08:00
Volontaire	adj		故意的	tséh yu ’yeû sin		出於有心		595		true	自旧档汇入	2026-04-13T01:27:08+08:00
Volontaire	adj		故意 	kou’ i’.		故意		595		true	自旧档汇入	2026-04-13T01:27:08+08:00
Volontairement	adv		故意的	kou’ i’ ke’		故意个		595		true	自旧档汇入	2026-04-13T01:27:08+08:00
Volontairement	adv		有意的	’yeû i’ ke’		有意个		595		true	自旧档汇入	2026-04-13T01:27:08+08:00
Volontairement	adv		自愿的	ze’ ka zing gneu’.		自家情願		595		true	自旧档汇入	2026-04-13T01:27:08+08:00
Volonté	sf		愿望	ai’ yôh		愛欲		595		true	自旧档汇入	2026-04-13T01:27:08+08:00
Volonté	sf	But.	志向	tse’ hiang’ 		志向		595		true	自旧档汇入	2026-04-13T01:27:08+08:00
Volonté	sf	Faire à sa --. Cf. Tête.	立志	yao’ ’la ke’		要拉个 		595	沪语翻译和例句不匹配	true	自旧档汇入	2026-04-13T01:27:08+08:00
Volonté	sf	Faire à sa --. Cf. Tête.	有主意	’tsu i’.		主意		595		true	自旧档汇入	2026-04-13T01:27:08+08:00
Volonté	sf.	La - de Dieu	上帝的旨意	T‘ié ’tsu ke’ seng’ i’ (i’ se)		天主个聖意（意思）		596		true	自旧档汇入	2026-04-13T01:27:08+08:00
Volonté	sf.	Bonne -	善意，友善	yao’ ’h‘ao		要好		596		true	自旧档汇入	2026-04-13T01:27:08+08:00
Volonté	sf.	Bonne -	善意，友善	’h‘ao sin ’h‘ao i’		好心好意		596		true	自旧档汇入	2026-04-13T01:27:08+08:00
Volonté	sf.	Dernières -s.Testament	遗言，遗嘱	yi tsôh		遺囑		596		true	自旧档汇入	2026-04-13T01:27:08+08:00
Volonté	sf.	Dernières -s.Testament	遗言，遗嘱	yi su		遺書		596		true	自旧档汇入	2026-04-13T01:27:08+08:00
Volontiers	adv.		乐意地，自愿地，心甘情愿地	ké sin		甘心		596		true	自旧档汇入	2026-04-13T01:27:08+08:00
Volontiers	adv.		乐意地，自愿地，心甘情愿地	kao hieng’		高興		596		true	自旧档汇入	2026-04-13T01:27:08+08:00
Volontiers	adv.		乐意地，自愿地，心甘情愿地	ké sin zing gneu’		甘心情願		596		true	自旧档汇入	2026-04-13T01:27:08+08:00
Volontiers	adv.		乐意地，自愿地，心甘情愿地	gneu’ i’		願意		596		true	自旧档汇入	2026-04-13T01:27:08+08:00
Volte-face		Faire -	转身	pei’ ’tsé lai		背轉來		596	沒有提供詞性，查到是【n.f.inv.】，即【sf.】	true	自旧档汇入	2026-04-13T01:27:08+08:00
Volte-face		Faire -	转身	’tsé sen ’tsé lai		轉身轉來		596		true	自旧档汇入	2026-04-13T01:27:08+08:00
Volte-face	Fig.	Faire -	转身	féh zé pié’ ’tsé		忽然變者		596		true	自旧档汇入	2026-04-13T01:27:08+08:00
Volte-face	Fig.	Faire -	转身	pié’ ’dong		變動		596		true	自旧档汇入	2026-04-13T01:27:08+08:00
Volubilité	sf.		流利，滔滔不绝	k‘oa’ ’tse k‘oa’ zéh		快嘴快舌		596		true	自旧档汇入	2026-04-13T01:27:08+08:00
Volubilité	sf.	Parler avec -	滔滔不绝地说	seh wo’ lié p‘ié’ lai (lié loh lai)	seh wo’ lié p‘ié lai (lié loh lai)	説話連篇來（連絡來）		596		true	自旧档汇入	2026-04-13T01:27:08+08:00
Volume	sm.	— d'un ouvrage	书的一卷	ih kieu’		一卷		596		true	自旧档汇入	2026-04-13T01:27:08+08:00
Volume	sm.	Livre,ouvrage	一本书	ih ’pen su		一本書		596		true	自旧档汇入	2026-04-13T01:27:08+08:00
Volume	sm.	— d'un corps (géom.)	体积	’t‘i tsieh		體積		596		true	自旧档汇入	2026-04-13T01:27:08+08:00
Volume	sm.	— d'un corps (géom.)	体积	lih tsieh		立積		596		true	自旧档汇入	2026-04-13T01:27:08+08:00
Volupté	sf.		享乐，快感	k‘oai’ loh	k‘oa’ loh	快樂		596	待定	true	自旧档汇入	2026-04-13T01:27:08+08:00
Volupté	sf.	— coupable	罪恶的快感	se yôh		私欲		596		true	自旧档汇入	2026-04-13T01:27:08+08:00
Volupté	sf.	— coupable	罪恶的快感	mi seh		迷色		596		true	自旧档汇入	2026-04-13T01:27:08+08:00
Volupté	sf.	— coupable	罪恶的快感	zia loh 		邪惡		596		true	自旧档汇入	2026-04-13T01:27:08+08:00
	sf.	— coupable	罪恶的快感	yôh ’h‘ou		欲火		596		true	自旧档汇入	2026-04-13T01:27:08+08:00
Volupté	sf.	— coupable	罪恶的快感	gnôh zing’	gnôh zing	肉情		596		true	自旧档汇入	2026-04-13T01:27:08+08:00
Volupté	sf.	— de la chair et du vin	酒色，酒瘾和淫欲	’tsieû seh		酒色		596		true	自旧档汇入	2026-04-13T01:27:08+08:00
Voluptueux	adj.		好享乐的，沉溺酒色的，纵欲的	h‘ao’ seh ke’		好色个		596		true	自旧档汇入	2026-04-13T01:27:08+08:00
Voluptueux	adj.		好享乐的，沉溺酒色的，纵欲的	t‘é ’tsieû seh		貪酒色		596		true	自旧档汇入	2026-04-13T01:27:08+08:00
Vomique	adj.	(Noix)	马钱子，番木鳖	kèh bou dao		夾胡桃		596	待定	true	自旧档汇入	2026-04-13T01:27:08+08:00
Vomir	vn.		吐，呕吐	’eû		嘔		596		true	自旧档汇入	2026-04-13T01:27:08+08:00
Vomir	vn.		吐，呕吐	t‘ou’		吐		596		true	自旧档汇入	2026-04-13T01:27:08+08:00
Vomir	vn.		吐，呕吐	’eû ts‘éh lai		嘔出來		596		true	自旧档汇入	2026-04-13T01:27:08+08:00
Vomir	vn.	Envie de -	想吐	sin fè’		心㽹		596		true	自旧档汇入	2026-04-13T01:27:08+08:00
Vomir	vn.	Envie de -	想吐	’tang oh		打惡		596		true	自旧档汇入	2026-04-13T01:27:08+08:00
Vomir	vn.	Ne pouvoir -	吐不出	’eû véh ts‘éh		嘔勿出		596		true	自旧档汇入	2026-04-13T01:27:08+08:00
Vorace	adj.		贪吃的，狼吞虎咽的	t‘é k‘ieh ke’		貪吃个		596		true	自旧档汇入	2026-04-13T01:27:08+08:00
Vorace	adj.		贪吃的，狼吞虎咽的	vè’ laong deû		飯郎頭		596		true	自旧档汇入	2026-04-13T01:27:08+08:00
Vorace	adj.		贪吃的，狼吞虎咽的	zeh ts‘ang dou’	zeh ts‘aong dou’	食倉大		596	待定	true	自旧档汇入	2026-04-13T01:27:08+08:00
Vorace	adj.		贪吃的，狼吞虎咽的	vè’ ’dong		飯桶		596		true	自旧档汇入	2026-04-13T01:27:08+08:00
Votre			你们的，您的，你的	nong’ ke’		儂个		596		true	自旧档汇入	2026-04-13T01:27:08+08:00
Vôtre		le vôtre (pluriel)	对于你们的，关于你们的	ze’ na’ ke’		自那个		596		true	自旧档汇入	2026-04-13T01:27:08+08:00
Vouer	va.	Offrir,conssacrer	献给	hié’ péh ’la		獻撥拉		596		true	自旧档汇入	2026-04-13T01:27:08+08:00
Vouer	va.	Faire vœu	许愿	’hiu (’hé) gneu’	’hiu (’h‘é) gneu’	許願		596		true	自旧档汇入	2026-04-13T01:27:08+08:00
Vouer	va.	Faire vœu	许愿	fèh gneu’		發願		596		true	自旧档汇入	2026-04-13T01:27:08+08:00
Vouer	va.	Jurer [en mauv part]	诅咒	vèh tseû’ ding’ taong’		罰咒定當		596		true	自旧档汇入	2026-04-13T01:27:08+08:00
Vouloir	sm.		意思，愿望	’tsu i’		主意		596		true	自旧档汇入	2026-04-13T01:27:08+08:00
Vouloir	sm.		意思，愿望	i’ se		意思		596		true	自旧档汇入	2026-04-13T01:27:08+08:00
Vouloir	sm.	Faculté de l'âme	爱欲	ai’ yôh		愛欲		596		true	自旧档汇入	2026-04-13T01:27:08+08:00
Vouloir	va.	Penser à	要，想要，希望	’siang zah		想着		596		true	自旧档汇入	2026-04-13T01:27:08+08:00
Vouloir	va.	Penser à	要，想要，希望	’yeû i’ se		有意思		596		true	自旧档汇入	2026-04-13T01:27:08+08:00
Vouloir	va.	Penser à	要，想要，希望	zai’ i’		在意		596		true	自旧档汇入	2026-04-13T01:27:08+08:00
Vouloir	va.	Désirer.Consentir.	愿意，同意	yao’		要		596		true	自旧档汇入	2026-04-13T01:27:08+08:00
Vouloir	va.	Désirer.Consentir.	愿意，同意	’k‘eng’	’k‘eng	肯		596		true	自旧档汇入	2026-04-13T01:27:08+08:00
Vouloir	va.	Désirer.Consentir.	愿意，同意	gneu’ i’		願意		596		true	自旧档汇入	2026-04-13T01:27:08+08:00
Vouloir	va.	Comme vous voudrez	随你所愿	zu bié’ nong’		隨便儂		596		true	自旧档汇入	2026-04-13T01:27:08+08:00
Vouloir	va.	Veuillez⋯	请……	’ts‘ing		請		596		true	自旧档汇入	2026-04-13T01:27:08+08:00
Vouloir	va.	En - à qqn	怨恨某人	bao’ yeu’ i		抱怨伊		596		true	自旧档汇入	2026-04-13T01:27:08+08:00
Vouloir	va.	En - à qqn	怨恨某人	zin i hoei’ k‘i’	zin i h‘oei’ k‘i’	尋伊晦氣		596		true	自旧档汇入	2026-04-13T01:27:08+08:00
Vouloir	va.	Il ne faut pas lui en -	别怪他	véh yao’ koa’ yeu’ i		勿要怪怨伊		596		true	自旧档汇入	2026-04-13T01:27:08+08:00
Vous	pr.		您，你	nong’		儂		596		true	自旧档汇入	2026-04-13T01:27:08+08:00
Vous	pr.	— (pluriel)	你们	ze’ na’		自那		596		true	自旧档汇入	2026-04-13T01:27:08+08:00
Vous	pr.	—! [avec mépris]	你小子（轻蔑的称呼）	nong’ ke’ gnen!		儂个人		596		true	自旧档汇入	2026-04-13T01:27:08+08:00
Voûte	sf.		拱顶，拱穹，拱门	’goè dong’	goè dong’	環洞		596		true	自旧档汇入	2026-04-13T01:27:08+08:00
Voûte	sf.		拱顶，拱穹，拱门	fèh k‘ieu		發圈		596		true	自旧档汇入	2026-04-13T01:27:08+08:00
Voûte	sf.		拱顶，拱穹，拱门	k‘ieu ’ting		圈頂		596		true	自旧档汇入	2026-04-13T01:27:08+08:00
Voyage	sm.		旅行，旅途	’tseû (hang) lou’		走（行）路		597		true	自旧档汇入	2026-04-13T01:27:08+08:00
Voyage	sm.		旅行，旅途	lou’		路		597		true	自旧档汇入	2026-04-13T01:27:08+08:00
Voyage	sm.	Se mettre en -	去旅行	’dong sen		動身		597		true	自旧档汇入	2026-04-13T01:27:08+08:00
Voyage	sm.	Se mettre en -	去旅行	fèh hang		發行		597		true	自旧档汇入	2026-04-13T01:27:08+08:00
Voyage	sm.	Faire un - au long cours	长途旅行	p‘iao yang kou’ ’h‘ai		飄洋過海		597		true	自旧档汇入	2026-04-13T01:27:08+08:00
Voyage	sm.	Bon -!	一路平安！	ih lou’ bing eu (foh sing)		一路平安（福星）		597		true	自旧档汇入	2026-04-13T01:27:08+08:00
Voyager	vn.		旅行，游历	’tseû (hang) lou’		走（行）路		597		true	自旧档汇入	2026-04-13T01:27:08+08:00
Voyager	vn.		旅行，游历	ts‘éh men		出門		597		true	自旧档汇入	2026-04-13T01:27:08+08:00
Voyageur	sm.		旅客，旅行者，游客	hang (’tseû) lou’ gnen		行（走）路人		597		true	自旧档汇入	2026-04-13T01:27:08+08:00
Voyageur	sm.		旅客，旅行者，游客	ts‘éh men gnen		出門人		597		true	自旧档汇入	2026-04-13T01:27:08+08:00
Voyageur	sm.	— vagabond. V.ce mot	浪迹天涯者	kaong wou		江湖		597		true	自旧档汇入	2026-04-13T01:27:08+08:00
Voyageur	sm.	— de commerce	旅行推销员	k‘ah saong		客商		597		true	自旧档汇入	2026-04-13T01:27:08+08:00
Voyageur	sm.	— de commerce	旅行推销员	k‘ah gnen		客人		597		true	自旧档汇入	2026-04-13T01:27:08+08:00
Voyant	adj.	Brillant	鲜艳夺目的，醒目的	sié ming		鮮明		597		true	自旧档汇入	2026-04-13T01:27:08+08:00
Voyant	adj.	Brillant	鲜艳夺目的，醒目的	fèh liang’ ke’		發亮个		597		true	自旧档汇入	2026-04-13T01:27:08+08:00
Voyelle	sf.		元音，元音字母	’yeû yen ze’ ’mou		有音字母		597		true	自旧档汇入	2026-04-13T01:27:08+08:00
Voyelle	sf.		元音，元音字母	yen yun’		音韵		597		true	自旧档汇入	2026-04-13T01:27:08+08:00
Vrai	adj.		真实的，确实的	tsen ke’		真个		597		true	自旧档汇入	2026-04-13T01:27:08+08:00
Vrai	adj.		真实的，确实的	’kou tsen ke’		果真个		597		true	自旧档汇入	2026-04-13T01:27:08+08:00
Vrai	adj.		真实的，确实的	tsen zéh ke’		真實个		597		true	自旧档汇入	2026-04-13T01:27:08+08:00
Vrai	adj.		真实的，确实的	k‘iah zéh ke’		確實个		597		true	自旧档汇入	2026-04-13T01:27:08+08:00
Vraiment	adv.		真正地，确实地，实在地	k‘iah zé		確然		597		true	自旧档汇入	2026-04-13T01:27:08+08:00
Vraiment	adv.		真正地，确实地，实在地	’kou zé		果然		597		true	自旧档汇入	2026-04-13T01:27:08+08:00
Vraiment	adv.		真正地，确实地，实在地	k‘iah zé zéh ka’ neng		確然實介能		597		true	自旧档汇入	2026-04-13T01:27:08+08:00
Vraiment	adv.		真正地，确实地，实在地	zéh zai’		實在		597		true	自旧档汇入	2026-04-13T01:27:08+08:00
Vraiment	adv.	Oui -	确实没错	tsen2 (ghèh2) zéh2	tsen tsen (ghèh ghèh) zéh zéh	真真（劼劼）實實		597		true	自旧档汇入	2026-04-13T01:27:08+08:00
Vraisemblable	adj.		像真实的，似确有的	ziang’ tsen ke’		像真个		597		true	自旧档汇入	2026-04-13T01:27:08+08:00
Vraisemblable	adj.		像真实的，似确有的	neng keû’ ’yeû ke’		能彀有个		597		true	自旧档汇入	2026-04-13T01:27:08+08:00
Vraisemblable	adj.		像真实的，似确有的	hèh ziang’	h‘èh ziang’	恰像		597		true	自旧档汇入	2026-04-13T01:27:08+08:00
Vraisemblable	adj.		像真实的，似确有的	’wé ziang’		宛像		597	待定 格式 根據羅馬字	true	自旧档汇入	2026-04-13T01:27:08+08:00
Vraisemblablement			大概，或许，很可能	da’ yah		大約		597		true	自旧档汇入	2026-04-13T01:27:08+08:00
Vraisemblablement			大概，或许，很可能	ziang’ péh dong		像不同		597		true	自旧档汇入	2026-04-13T01:27:08+08:00
Vrille	sf.		螺旋钻，钻孔器	’seû tseu’		手鑽		597		true	自旧档汇入	2026-04-13T01:27:08+08:00
Vrille	sf.		螺旋钻，钻孔器	tse tseu’		錐鑽		597		true	自旧档汇入	2026-04-13T01:27:08+08:00
Vu	pp.	（Être bien）de	受欢迎的，受尊重的	teh ’ts‘ong		得寵		597		true	自旧档汇入	2026-04-13T01:27:08+08:00
Vu	pp.	（Être bien）de	受欢迎的，受尊重的	biéh gnen ’hi hoé	biéh gnen ’hi h‘oé	别人喜歡		597		true	自旧档汇入	2026-04-13T01:27:08+08:00
Vue	sf.	Sens de la -	视觉，视力	’ngè lih		眼力		597		true	自旧档汇入	2026-04-13T01:27:08+08:00
Vue	sf.	Sa - baisse.Cf.Trouble	他的视力衰退了	’ngè tsing t‘ei pè ’tsé		眼睛推班者	眼睛推扳者	597		true	自旧档汇入	2026-04-13T01:27:08+08:00
Vue	sf.	À sa -	在看见他的时候	ih k‘eu’ i		一看伊		597		true	自旧档汇入	2026-04-13T01:27:08+08:00
Vue	sf.	À 1ère -	第一眼，初看	ts‘ou k‘eu’		初看		597		true	自旧档汇入	2026-04-13T01:27:08+08:00
Vue	sf.	À 1ère -	第一眼，初看	bao’ ze k‘eu’ kié’		暴時看見		597		true	自旧档汇入	2026-04-13T01:27:08+08:00
Vue	sf.	Paysage	风景，景色，景致，风光	’kieng tse’		景緻	景致	597		true	自旧档汇入	2026-04-13T01:27:08+08:00
Vue	sf.	Jouir de la -	欣赏美景	yeû sè wè’ ’kieng		游山玩景		597		true	自旧档汇入	2026-04-13T01:27:08+08:00
Vue	sf.	Avoir en -	企图得到	’siang		想		597		true	自旧档汇入	2026-04-13T01:27:08+08:00
Vue	sf.	Avoir en -	企图得到	hi dou		希圖		597		true	自旧档汇入	2026-04-13T01:27:08+08:00
Vue	sf.	Avoir en -	企图得到	t‘é dou		貪圖		597		true	自旧档汇入	2026-04-13T01:27:08+08:00
Vue	sf.	[Homme] à courte -	目光短浅的人	’ts‘ié kié’		淺見		597		true	自旧档汇入	2026-04-13T01:27:08+08:00
Vue	sf.	[Homme] à courte -	目光短浅的人	’siao ’neu kié’ seh		小囝見識		597		true	自旧档汇入	2026-04-13T01:27:08+08:00
Vulgaire	sm.	Le -	平庸的人，普通人	gnu min		愚民		597		true	自旧档汇入	2026-04-13T01:27:08+08:00
Vulgaire	sm.	Rien qui sorte du -	平淡无奇	bing zang		平常		597		true	自旧档汇入	2026-04-13T01:27:08+08:00
Vulgaire	sm.	Rien qui sorte du -	平淡无奇	bing dè’ ke’		平淡个		597		true	自旧档汇入	2026-04-13T01:27:08+08:00
Vulgaire	sm.	Rien qui sorte du -	平淡无奇	hao wou hi ghi		毫無稀奇		597		true	自旧档汇入	2026-04-13T01:27:08+08:00
Vulgaire	adj.	Commun	普通的，平庸的，粗俗的	zôh k‘i’		俗氣		597		true	自旧档汇入	2026-04-13T01:27:08+08:00
Vulgaire	adj.	Commun	普通的，平庸的，粗俗的	’t‘ou k‘i’		土氣		597		true	自旧档汇入	2026-04-13T01:27:08+08:00
Vulgaire	adj.	Commun	普通的，平庸的，粗俗的	hiang k‘i’		鄉氣		597		true	自旧档汇入	2026-04-13T01:27:08+08:00
Vulgaire	adj.	Trivial	粗俗的，粗鄙的，下流的	pih leû’	bi leû’	鄙陋		597	待定	true	自旧档汇入	2026-04-13T01:27:08+08:00
Vulgaire	adj.	Trivial	粗俗的，粗鄙的，下流的	zôh lai		俗來		597		true	自旧档汇入	2026-04-13T01:27:08+08:00
Vulgaire	adj.	Mot -	俗语	ts‘ou wo’		粗話		597		true	自旧档汇入	2026-04-13T01:27:08+08:00
Vulgaire	adj.	Peu distingué:air -	不讲究的	ts‘ou ’ts‘ao		粗草		597	待定	true	自旧档汇入	2026-04-13T01:27:08+08:00
Vulgaire	adj.	Peu distingué:air -	不讲究的	véh da’ ’t‘i mié’ ke’		勿大體面个		597		true	自旧档汇入	2026-04-13T01:27:08+08:00
Vulgairement	adv.		通俗地，通常地，普通地	bing2 zang2	bing bing zang zang	平平常常		597		true	自旧档汇入	2026-04-13T01:27:08+08:00
Vulgarité	sf.		庸俗，庸俗化，俗气	zôh k‘i’		俗氣		597		true	自旧档汇入	2026-04-13T01:27:08+08:00
Vulgarité	sf.	— de langue	语言粗俗	zang yé zôh ’gnu		常言俗語		597		true	自旧档汇入	2026-04-13T01:27:08+08:00
Vulgarité	sf.	— de langue	语言粗俗	hiang dè		鄉談		597		true	自旧档汇入	2026-04-13T01:27:08+08:00
Vulnérable	adj.		易受伤的，脆弱的	’k‘o saong ke’		可傷个		597		true	自旧档汇入	2026-04-13T01:27:08+08:00
Wagon	sm.		货车，车厢	t‘ih lou’ ts‘ouo [ih ’bou]		鐵路車[一部]		598		true	自旧档汇入	2026-04-13T01:27:08+08:00
Xavier	sm.		（人名）格扎维埃	souo-véh-liah		沙勿略		598	可能指方济各·沙勿略，最早来东方传教的耶稣会士	true	自旧档汇入	2026-04-13T01:27:08+08:00
Y	pron.		那个	kou’ ke’		箇个		598		true	自旧档汇入	2026-04-13T01:27:08+08:00
Y	pron.	Vous n'- croyez pas	你不相信那件事	nong’ véh siang sin’ kou’ ke’ ze’ ’t‘i		儂勿相信箇个事體		598		true	自旧档汇入	2026-04-13T01:27:08+08:00
Y	adv.	Je n'- ai pas encore été	我还没去过那里	kou’ ke’ di’ faong ’ngou véh zeng tao’ kou’ hiéh		箇个地方我勿曾到過歇		598	圓圈	true	自旧档汇入	2026-04-13T01:27:08+08:00
Yeux	sm.pl.		眼睛	Cf.Œil				598	原注有宗教用語	true	自旧档汇入	2026-04-13T01:27:08+08:00
Zèle	sm.(C.)	— des âmes	灵魂的狂热	kieû’ ling wen ke’ zen ’h‘ou		救靈魂个神火		598		true	自旧档汇入	2026-04-13T01:27:08+08:00
Zèle	sm.(C.)	— des âmes	灵魂的狂热	hieuh sin		血心		598		true	自旧档汇入	2026-04-13T01:27:08+08:00
Zélé	adj.		热心的，热情的，勤勉的	gnéh (tsé) sin ke’		熱（專）心个		598		true	自旧档汇入	2026-04-13T01:27:08+08:00
Zélé	adj.		热心的，热情的，勤勉的	zéh fen yong’ sin		十分用心		598		true	自旧档汇入	2026-04-13T01:27:08+08:00
Zénith	sm.		天顶	t‘ié ’ting		天頂		598		true	自旧档汇入	2026-04-13T01:27:08+08:00
Zéphir	sm.		和风，微风	fong liang		風凉		598	现在的拼写是zéphyr	true	自旧档汇入	2026-04-13T01:27:08+08:00
Zéphir	sm.		和风，微风	ts‘ing fong		清風		598	现在的拼写是zéphyr	true	自旧档汇入	2026-04-13T01:27:08+08:00
Zéphir	sm.		和风，微风	wou ’neu ke’ fong		和暖个風		598		true	自旧档汇入	2026-04-13T01:27:08+08:00
Zére	sm.		零	ling		零		598	现在拼作Zéro，pdf看不太清，不知道是不是有出入	true	自旧档汇入	2026-04-13T01:27:08+08:00
Zére	sm.	101	一百零一	ih pah ling ih		一百零一		598	现在拼作Zéro，pdf看不太清，不知道是不是有出入	true	自旧档汇入	2026-04-13T01:27:08+08:00
Zibeline	sf.		黑貂，紫貂	tiao		貂		598		true	自旧档汇入	2026-04-13T01:27:08+08:00
Zibeline	sf.	Peau de -	貂皮	tiao ’se bi		貂鼠皮		598		true	自旧档汇入	2026-04-13T01:27:08+08:00
Zigzag	sm.	En -	弯弯曲曲的	ts‘ih k‘iôh pèh gnao’		七曲八繞		598		true	自旧档汇入	2026-04-13T01:27:08+08:00
Zinc	sm.		锌	k‘è		鉛		598		true	自旧档汇入	2026-04-13T01:27:08+08:00
Zinc	sm.		锌	bah k‘è		白鉛		598		true	自旧档汇入	2026-04-13T01:27:08+08:00
Zinc	sm.	Feuille de -	锌板	k‘è bi		鉛皮		598		true	自旧档汇入	2026-04-13T01:27:08+08:00
Zizanie	sf.		杂草，莠	ba’ ’ts‘ao		稗草		598		true	自旧档汇入	2026-04-13T01:27:08+08:00
Zizanie	sf.Fig.		不和	véh wou k‘i’		勿和氣		598		true	自旧档汇入	2026-04-13T01:27:08+08:00
Zizanie	sf.Fig.	Semer la -	制造不和	t‘iao péh long’ sou		挑撥弄唆		598		true	自旧档汇入	2026-04-13T01:27:08+08:00
Zizanie	sf.Fig.	Semer la -	制造不和	zang zéh deû		長舌頭		598		true	自旧档汇入	2026-04-13T01:27:08+08:00
Zizanie	sf.Fig.	Semer la -	制造不和	tseuh dao k‘i’	ts‘euh dao k‘i’	攛啕氣		598		true	自旧档汇入	2026-04-13T01:27:08+08:00
Zodiaque	sm.		黄道带，黄道十二宫	waong dao’		黄道		598		true	自旧档汇入	2026-04-13T01:27:08+08:00
Zodiaque	sm.	Les 12 signes du -	星座，黄道十二宫	zéh gni’ kong		十二宫		598		true	自旧档汇入	2026-04-13T01:27:08+08:00
Zodiaque	sm.	Les 28 constellations	二十八星宿	gnè’ pèh sieû’		廿八宿		598		true	自旧档汇入	2026-04-13T01:27:08+08:00
Zone	sf.		区，地带	ta’		帶		598		true	自旧档汇入	2026-04-13T01:27:08+08:00
Zone	sf.	— torride	热带	gnéh ta’ dao’		熱帶道		598		true	自旧档汇入	2026-04-13T01:27:08+08:00
Zone	sf.	— tempérée	温带	wen ta’ dao’		温帶道		598		true	自旧档汇入	2026-04-13T01:27:08+08:00
Zone	sf.	— glaciale	寒带	heu ta’ dao’		寒帶道		598		true	自旧档汇入	2026-04-13T01:27:08+08:00
Zoologie	sf.		动物学	’dong wéh yah		動物學		598		true	自旧档汇入	2026-04-13T01:27:08+08:00
Zoologique	adj.	(Jardin)	动物学的，动物的	ghien seû’ yah yeu		禽獸學園		598		true	自旧档汇入	2026-04-13T01:27:08+08:00
