text	verb	explanation	madarian	romen	ro_correct	hanzi	han_correct	page	description	toggle	note	updated_at
À	prép	Signe du datif et du rég. Indir.	在	’la		拉		1		true	自旧档汇入	2026-04-13T01:27:08+08:00
À	prép	Signe du datif et du rég. Indir.	上	laong’		上		1		true	自旧档汇入	2026-04-13T01:27:08+08:00
À	prép	Signe du datif et du rég. Indir.	对	tei’		對		1		true	自旧档汇入	2026-04-13T01:27:08+08:00
À	prép	Signe du datif et du rég. Indir.	到	——		到		1		true	自旧档汇入	2026-04-13T01:27:08+08:00
À	prép	Signe du datif et du rég. Indir.	照	tsao’		照		1		true	自旧档汇入	2026-04-13T01:27:08+08:00
À	prép	Signe du datif et du rég. Indir.	里	’li		裏		1		true	自旧档汇入	2026-04-13T01:27:08+08:00
À	prép	Dans:à la maison.	在家里	’la ôh’ li	’la ôh ’li	拉屋裏		1	印刷錯誤	true	自旧档汇入	2026-04-13T01:27:08+08:00
À	prép	Sur:pendu à la maison.	挂在梁上	kouo’ ’la liang laong’		掛拉梁上		1		true	自旧档汇入	2026-04-13T01:27:08+08:00
À	prép	Vers,aller au sud.	向，朝南去	hiang’,zao né k‘i’.		向，朝南去		1		true	自旧档汇入	2026-04-13T01:27:08+08:00
À	prép	Jusqu’à 	到	tao’		到		1		true	自旧档汇入	2026-04-13T01:27:08+08:00
À	prép	Jusqu’à aller au rivage.	走到岸	’tseû tao’ ngeu’		走到岸		1		true	自旧档汇入	2026-04-13T01:27:08+08:00
À	prép	D’après	照	tsao’		照		1		true	自旧档汇入	2026-04-13T01:27:08+08:00
À	prép	D’après,à mon avis.	照我的意思	tsao’ ’ngou ke’ i’ se		照我个意思		1		true	自旧档汇入	2026-04-13T01:27:08+08:00
À	prép	Deux à deux.	两两	’liang ke’ ’liang ke’		兩个兩个		1		true	自旧档汇入	2026-04-13T01:27:08+08:00
Abaisser	va		减低，下降	’hao		下		1		true	自旧档汇入	2026-04-13T01:27:08+08:00
Abaisser	va		放下来	faong’ ’hao lai		放下來		1		true	自旧档汇入	2026-04-13T01:27:08+08:00
Abaisser	va	Mettre plus bas.	放低一点	faong’ ti ih ’ngè		放低一眼		1		true	自旧档汇入	2026-04-13T01:27:08+08:00
Abaisser	va	Abaisser en tirant	拉低	’la ’hao lai		拉下來		1		true	自旧档汇入	2026-04-13T01:27:08+08:00
Abaisser	va	Abaisser en laissant tomber.	下降	loh ’hao lai		落下來		1		true	自旧档汇入	2026-04-13T01:27:08+08:00
Abaisser	va	(au fig.)Abaisser un fonctionnaire d’un degré.	降官员一级	kaong’ i ih kieh		降伊一級		1		true	自旧档汇入	2026-04-13T01:27:08+08:00
Abaisser	va	(au mor.)Abaisser[l’orgueil].	贬抑	èh woh	èh woh	壓服		1		true	自旧档汇入	2026-04-13T01:27:08+08:00
Abaisser	va	(au mor.)Abaisser[l’orgueil].	贬抑	èh woh kiao ngao	èh woh kiao ngao’	壓服驕傲		1	連讀	true	自旧档汇入	2026-04-13T01:27:08+08:00
Abandon	sm	(chose à l’).	无人照管，放任自流	m gnen ’koé		無人管	嘸人管	1		true	自旧档汇入	2026-04-13T01:27:08+08:00
Abandon	sm	Parler avec abandon.	谈吐奔放	sin ’li ’siang sa’,’tse ’li wo’ sa’		心裏想啥，嘴裏話啥		1		true	自旧档汇入	2026-04-13T01:27:08+08:00
Abandonné	pp	Sans appui.	无依无靠的	m i’ m k‘ao’ ke’		無依無靠个	嘸依嘸靠个	1		true	自旧档汇入	2026-04-13T01:27:08+08:00
Abandonné	pp	Sans moyens de guérison.	没有治愈的办法	m kieû’ ’tsé		無救者	嘸救者	1		true	自旧档汇入	2026-04-13T01:27:08+08:00
Abandonné	pp	Sans moyens de guérison.	没有治愈的办法	vè’ vè’ véh teh ’h‘ao.		萬萬不得好		1		true	自旧档汇入	2026-04-13T01:27:08+08:00
Abandonné	pp	Abandonné du médecin		laong tsong wei ’la ’tsé.		郎中回拉者		1		true	自旧档汇入	2026-04-13T01:27:08+08:00
Abandonné	pp	Sans propriétaire	无主的	’ya ke’		野个		1		true	自旧档汇入	2026-04-13T01:27:08+08:00
Abandonné	pp	Sans propriétaire	无主的	m gnen ka ke’		無人家个	嘸人家个	1		true	自旧档汇入	2026-04-13T01:27:08+08:00
Abandonner.	va	Quitter.	离开，丢掉	li k‘ai		離開		1		true	自旧档汇入	2026-04-13T01:27:08+08:00
Abandonner.	va	Quitter.	离开，丢掉	tieû t‘éh		丢脱		1		true	自旧档汇入	2026-04-13T01:27:08+08:00
Abandonner.	va	Quitter.	离开，丢掉	goè’ t‘éh		甩脱	摜脱	1		true	自旧档汇入	2026-04-13T01:27:08+08:00
Abandonner	va	Rejeter.Renoncer à.	放弃，舍弃	k‘i’ ziéh		絶棄	棄絶	1	顺序。按照罗马字	true	自旧档汇入	2026-04-13T01:27:08+08:00
Abandonner	va	Rejeter.Renoncer à.	放弃，舍弃	p‘ao t‘éh		拋脱		1		true	自旧档汇入	2026-04-13T01:27:08+08:00
Abandonner	va	N’avoir aucun soin.	遗弃，弃之不管	véh ’koé		勿管		1		true	自旧档汇入	2026-04-13T01:27:08+08:00
Abandonner	va	N’avoir aucun soin.	遗弃，弃之不管	véh kou’		勿顧		1		true	自旧档汇入	2026-04-13T01:27:08+08:00
Abandonner	va	S’Abandonner(perdre courage).	泄气	m sin ’siang,		無心想	嘸心想	2		true	自旧档汇入	2026-04-13T01:27:08+08:00
Abandonner	va	S’Abandonner(perdre courage).	泄气	t‘è hieng’		坍興		2		true	自旧档汇入	2026-04-13T01:27:08+08:00
Abandonner	va	S’Abandonner à son humeur.	任性	fèh bi k‘i’.		發脾氣		2		true	自旧档汇入	2026-04-13T01:27:08+08:00
Abaque			算盘	seu’ bé		算盤		2		true	自旧档汇入	2026-04-13T01:27:08+08:00
Abaque		Compter snr l ’abaque	打算盘	’tang seu’ bé		打算盤		2	法文错误，snr应为sur。	true	自旧档汇入	2026-04-13T01:27:08+08:00
Abasourdir	va		震耳欲聋	’gni ’tou ’li nao’ lai zang ’kien		耳朵裏鬧來攘緊	耳朵裏鬧來？緊	2		true	自旧档汇入	2026-04-13T01:27:08+08:00
Abasourdir	va		震耳欲聋	’gni ’tou ’koe nao’ long		耳朵管鬧聾		2		true	自旧档汇入	2026-04-13T01:27:08+08:00
Abâtardi	adj		衰退，变质，变坏	pié’ k‘ieû		變恘		2		true	自旧档汇入	2026-04-13T01:27:08+08:00
Abâtardi	adj		衰退，变质，变坏	pié’ wa’ ’tsé		變壞者		2	原作“變壤者”	true	自旧档汇入	2026-04-13T01:27:08+08:00
Abat-jour	sm		灯罩	teng tsao’		燈罩		2		true	自旧档汇入	2026-04-13T01:27:08+08:00
Abat-jour	sm		灯罩	teng mao’ ’tse		燈帽子		2		true	自旧档汇入	2026-04-13T01:27:08+08:00
Abattoir	sm		屠宰场	sèh gneû zang		殺牛場		2		true	自旧档汇入	2026-04-13T01:27:08+08:00
Abattoir	sm		屠宰场	sèh gneû tsoh		殺牛作		2		true	自旧档汇入	2026-04-13T01:27:08+08:00
Abattre	va	Renverser	推倒	’tang ’tao		打倒		2		true	自旧档汇入	2026-04-13T01:27:08+08:00
Abattre	va	Démolir	拆毁，破坏	ts‘ah t‘éh		折脱		2		true	自旧档汇入	2026-04-13T01:27:08+08:00
Abattre	va	Démolir	拆毁，破坏	bouo t‘è		爬坍	？坍	2		true	自旧档汇入	2026-04-13T01:27:08+08:00
Abattre	va	Couper[Abattre un arbre.]	砍倒一棵树	’k‘é zu’		砍樹		2		true	自旧档汇入	2026-04-13T01:27:08+08:00
Abattre	va	Tuer.Abattre un bœuf.	宰牛场	sèh		殺		2		true	自旧档汇入	2026-04-13T01:27:08+08:00
Abattre	va	S’Abattre(tomber.)	突然倒下，突然摔倒	tih ’tao		跌倒		2		true	自旧档汇入	2026-04-13T01:27:08+08:00
Abattre	va	S’Abattre(tomber.)	突然倒下，突然摔倒	’tang ken deû		打跟頭		2		true	自旧档汇入	2026-04-13T01:27:08+08:00
Abattre	va	(en parlant d’un oisean).	击落	loh ’hao lai		落下來		2		true	自旧档汇入	2026-04-13T01:27:08+08:00
Abattu	pp. et adj.	(air).	垂头丧气的	t‘è hieng’		坍興		2		true	自旧档汇入	2026-04-13T01:27:08+08:00
Abcès	sm	sm.	脓疮	ts‘aong		瘡		2		true	自旧档汇入	2026-04-13T01:27:08+08:00
Abdiquer	va		让位	gnang’ wei’		讓位		2		true	自旧档汇入	2026-04-13T01:27:08+08:00
Abdomen	sn		肚子	dou’ bi		肚皮		2	待定 肚聲調	true	自旧档汇入	2026-04-13T01:27:08+08:00
Abeille	sf		蜜蜂	mih fong		蜜蜂		2		true	自旧档汇入	2026-04-13T01:27:08+08:00
Aberration	sf		曲解，谬误，迷惑	dou’ ts‘ouo ts‘u’		大差處		2		true	自旧档汇入	2026-04-13T01:27:08+08:00
Aberration	sf	astr	<天文学>光行差	’koang hang ts‘ouo’		光行錯		2		true	自旧档汇入	2026-04-13T01:27:08+08:00
Abêti	adj		呆笨	foen mi ’tsé，fèh doh ’li		昏迷者，發踱裏		2		true	自旧档汇入	2026-04-13T01:27:08+08:00
Abhorrer	va		厌恶，鄙弃，憎恨	zéh fen yé’ ou’		十分厭惡		2		true	自旧档汇入	2026-04-13T01:27:08+08:00
Abîme	sm		深渊	sen dé		深潭	深窞	2		true	自旧档汇入	2026-04-13T01:27:08+08:00
Abîmer	va	(gâter).	损害，毁坏	long’ wa’		弄壞		2		true	自旧档汇入	2026-04-13T01:27:08+08:00
Abîmer	va	(gâter).	损害，毁坏	tsao t‘èh		糟塌		2	原作“蹧塌”	true	自旧档汇入	2026-04-13T01:27:08+08:00
Abîmer	va	S’Abîmer(être englouti).	沉没	zen méh		沉没		2		true	自旧档汇入	2026-04-13T01:27:08+08:00
Abject	adj		卑鄙，下流，下贱	ti wei gnen		低微人		2	待定 微	true	自旧档汇入	2026-04-13T01:27:08+08:00
Abject	adj		卑鄙，下流，下贱	’ti ’hao deû gnen		底下頭人		2		true	自旧档汇入	2026-04-13T01:27:08+08:00
Abject	adj		卑鄙，下流，下贱	pei zié’ ke’ gnen		卑賤个人		2		true	自旧档汇入	2026-04-13T01:27:08+08:00
Abjurer	va		背弃（宗教），放弃（主张）	k‘i’ ziéh		棄絶		2		true	自旧档汇入	2026-04-13T01:27:08+08:00
Ablution			洗礼，净身	zing’		净		2		true	自旧档汇入	2026-04-13T01:27:08+08:00
Abnégation		(montrer de l’Abnégation).	牺牲，忘我，克己	k‘eh ’ki		克己		2		true	自旧档汇入	2026-04-13T01:27:08+08:00
Abnégation		(montrer de l’Abnégation).	牺牲，忘我，克己	véh kou’ ze’ ka		勿顧自家		2		true	自旧档汇入	2026-04-13T01:27:08+08:00
Abois		(aux).sm.pl.	陷于绝境	ghieh deû di’ bou	ghieh deû di’ bou’	極頭地步		2		true	自旧档汇入	2026-04-13T01:27:08+08:00
Abolir	va		废除，撤销	zu t‘éh		除脱		2		true	自旧档汇入	2026-04-13T01:27:08+08:00
Abolir	va		废除，撤销	siao miéh		消滅		2		true	自旧档汇入	2026-04-13T01:27:08+08:00
Abolir	va		废除，撤销	tsiao miéh		剿滅		2	待定	true	自旧档汇入	2026-04-13T01:27:08+08:00
Abolir	va		废除，撤销	kah t‘èh		革脱		2		true	自旧档汇入	2026-04-13T01:27:08+08:00
Abominable	adj		讨厌的，可憎的，丑恶的	tsen ’k‘o ou’ ke’		真可惡个		2		true	自旧档汇入	2026-04-13T01:27:08+08:00
Abondance	sf		丰富，富足	zôh gné		熟年		2		true	自旧档汇入	2026-04-13T01:27:08+08:00
Abondance	sf	Année d’Abondance	好丰年	’h‘ao gné zeng		好年成		2		true	自旧档汇入	2026-04-13T01:27:08+08:00
Abondance	sf	Être dans l’Abondance	生活丰衣足食	fou’ tsôh ’yeû yu		富足有餘		3		true	自旧档汇入	2026-04-13T01:27:08+08:00
Abondance	sf	Être dans l’Abondance	生活丰衣足食	yong’ véh wé		用勿完		3		true	自旧档汇入	2026-04-13T01:27:08+08:00
Abondant	adj		丰富的，富裕的，肥沃的	fong heû	fong ’heû	豐厚		3	待定 厚聲調	true	自旧档汇入	2026-04-13T01:27:08+08:00
Abonder	vn		充裕，丰富	fou’ tsôh		富足		3		true	自旧档汇入	2026-04-13T01:27:08+08:00
Abonder	vn	Abonder ds le sens de qqn	完全同意他人意见	zen’ zong biéh gnen i’ kié’		順從别人意見		3	法语错误。qqn应为qn。	true	自旧档汇入	2026-04-13T01:27:08+08:00
Abonnés	sm	Combien as-tu d’Abonné?(barbier).	你有多少预约者？(剃须匠)	nong’ pao deû pao ’ki ’h‘ao？		儂包頭包幾好		3		true	自旧档汇入	2026-04-13T01:27:08+08:00
Abord	loc.adv	(d’).	开始，起初	sié		先		3		true	自旧档汇入	2026-04-13T01:27:08+08:00
Abord	loc.adv	Tout d’abord.	首先	’k‘i deû		起頭		3		true	自旧档汇入	2026-04-13T01:27:08+08:00
Abord	loc.adv	De prime Abord.	从最初起	taong ts‘ou		當初		3		true	自旧档汇入	2026-04-13T01:27:08+08:00
Abordable	adj		平易近人	wou k‘i’		和氣		3		true	自旧档汇入	2026-04-13T01:27:08+08:00
Abordable	adj		平易近人	’h‘ao bah wo’		好白話		3		true	自旧档汇入	2026-04-13T01:27:08+08:00
Abordage		(2 bateaux ont sombré ds un).	两艘船相撞沉没	’liang tsah zé zaong’ zen ’la ’tsé		兩隻船撞沉拉者		3		true	自旧档汇入	2026-04-13T01:27:08+08:00
Aborder	va		撞到，上前与他攀谈	zaong’ zah，wei’ zah i		撞着，會着伊		3		true	自旧档汇入	2026-04-13T01:27:08+08:00
Aborder	va	Aborder vn. Aborder au port.	靠岸	tao’ ’mô deû		到碼頭		3		true	自旧档汇入	2026-04-13T01:27:08+08:00
Aborder	va	Aborder vn. Aborder au port.	靠岸	ding zé		停船		3		true	自旧档汇入	2026-04-13T01:27:08+08:00
Aborder	va	Planche qui sert à Aborder.	(上下船用的)跳板	t‘iao ’pè	t‘iao’ ’pè	跳板		3		true	自旧档汇入	2026-04-13T01:27:08+08:00
Aborigène	sm		土著，本地人	’pen di’ gnen		本地人		3		true	自旧档汇入	2026-04-13T01:27:08+08:00
Abortif	adj	(remède).	堕胎药	tang t‘ai ke’ yah	’tang t‘ai ke’ yah	打胎个藥		3		true	自旧档汇入	2026-04-13T01:27:08+08:00
Aboucher	vr	(s’).	会谈，联系	siang saong		相商		3		true	自旧档汇入	2026-04-13T01:27:08+08:00
Aboucher	vr	(s’).	会谈，联系	mié’ dè’	mié’ dè	面談		3		true	自旧档汇入	2026-04-13T01:27:08+08:00
Abouter	va		接合，对接	tei’ ’zaong		對上		3	待定 上聲調	true	自旧档汇入	2026-04-13T01:27:08+08:00
Aboutir	va	(chemin).	通向，通到	tao’		到		3		true	自旧档汇入	2026-04-13T01:27:08+08:00
Aboutir	va	(chemin).	通向，通到	t‘ong		通		3		true	自旧档汇入	2026-04-13T01:27:08+08:00
Aboutir	va	Aboutir(affaire).	获得成功	ze’ ’t‘i zeng kong ke’		事體成功个		3		true	自旧档汇入	2026-04-13T01:27:08+08:00
Aboutir	va	Aboutir(travail)v.g. impossible Aboutir.	不可能达到	long’ véh zeng kong		弄勿成功		3		true	自旧档汇入	2026-04-13T01:27:08+08:00
Aboutir	va	Aboutir(abcès).	脓肿破裂	p‘ou’ ’tsé		破者		3		true	自旧档汇入	2026-04-13T01:27:08+08:00
Aboutir	va	Ne pas Aboutir à acheter.	买不到	’ma véh t‘éh		買勿着		3		true	自旧档汇入	2026-04-13T01:27:08+08:00
Aboutir	va	Ne pas Aboutirà vendre.	卖不掉	ma’ véh t‘éh		賣勿脱		3		true	自旧档汇入	2026-04-13T01:27:08+08:00
Aboyer	vn		狗叫	’keû kiao’		狗叫		3		true	自旧档汇入	2026-04-13T01:27:08+08:00
Aboyer	vn		狗叫	’keû ’ngao		狗咬		3		true	自旧档汇入	2026-04-13T01:27:08+08:00
Abrégé	sm		简述，摘录，缩写本	kié bié’	’kié bié’	簡便		3	連讀	true	自旧档汇入	2026-04-13T01:27:08+08:00
Abréger.		va.Résumer.	删节，节略，摘要	ts‘euh yao’		撮要		3		true	自旧档汇入	2026-04-13T01:27:08+08:00
Abréger.		Qui manque de  piété filiable Abréger ses jours.	不孝之人短寿	véh hiao’ ke’ gnen ’teu zeû’		勿孝个人短壽		3		true	自旧档汇入	2026-04-13T01:27:08+08:00
Abréger.		Épargner;Abréger la besogne.	节省；省事	’sang		省		3		true	自旧档汇入	2026-04-13T01:27:08+08:00
Abréger.		Épargner;Abréger la besogne.	节省；省事	’sang ze’		省事		3		true	自旧档汇入	2026-04-13T01:27:08+08:00
Abreuver	va		释放牲畜饮水	fang’ tsong sang k‘ieh ’se	faong’ tsong sang k‘ieh ’se	放中牲吃水		3		true	自旧档汇入	2026-04-13T01:27:08+08:00
Abréviation	sf		略语，略词，缩写	’siao ’sia		小寫		3		true	自旧档汇入	2026-04-13T01:27:08+08:00
Abri	sm	sm.[chercher un]	藏身之处	zaong sen tse ts‘u’		藏身之處		3		true	自旧档汇入	2026-04-13T01:27:08+08:00
Abri	sm	à l’Abri du vent.	避风，躲避处	pei’ fong		背風		3		true	自旧档汇入	2026-04-13T01:27:08+08:00
Abri	sm	à l’Abri du vent.	避风，躲避处	bi’ fong		避風		3		true	自旧档汇入	2026-04-13T01:27:08+08:00
Abri	sm	à l’Abri du danger(être en？n).	不受侵袭	ts‘éh ze’ ngoei ’hié ’tsé		出是危險者		3		true	自旧档汇入	2026-04-13T01:27:08+08:00
Abricot	sm		杏子	hang’ ’tse		杏子		3	待定 杏聲調	true	自旧档汇入	2026-04-13T01:27:08+08:00
Abricotier	sm		杏树	hang’ ’zu		杏樹		4		true	自旧档汇入	2026-04-13T01:27:08+08:00
Abriter	va	Couvrir.	庇护	kai’ ’la laong’		蓋拉上		4		true	自旧档汇入	2026-04-13T01:27:08+08:00
Abriter	va	Couvrir.	庇护	tsouo k‘i lai	tsouo ’k‘i lai	遮起來		4		true	自旧档汇入	2026-04-13T01:27:08+08:00
Abriter	va	Garantir	保护	’pao wou’		保護		4		true	自旧档汇入	2026-04-13T01:27:08+08:00
Abriter	va	S’Abriter contre la pluie.	挡雨，挡风，遮阳	t‘aong ’yu		擋雨	[湯手]雨	4		true	自旧档汇入	2026-04-13T01:27:08+08:00
Abriter	va	S’Abriter contre le vent.	挡雨，挡风，遮阳	t‘aong fong		擋風	[湯手]風	4		true	自旧档汇入	2026-04-13T01:27:08+08:00
Abriter	va	S’Abriter contre le soleil.	挡雨，挡风，遮阳	tsouo gnéh deû		遮日頭		4		true	自旧档汇入	2026-04-13T01:27:08+08:00
Abroger.	va		废除，撤销	kah t‘éh		革脱		4		true	自旧档汇入	2026-04-13T01:27:08+08:00
Abroger.	va		废除，撤销	zu t‘éh		除脱		4		true	自旧档汇入	2026-04-13T01:27:08+08:00
Abrupt.	adj		陡峭，险峻	zè		巉		4		true	自旧档汇入	2026-04-13T01:27:08+08:00
Abruptir.	va		使糊涂	’za gnen hoen mi	’za ngen h‘oen mi	惹人昏迷		4	原作“惹人惛迷”	true	自旧档汇入	2026-04-13T01:27:08+08:00
Abruptir.	va		使糊涂	kao’ wa’ gnen		教壞人		4		true	自旧档汇入	2026-04-13T01:27:08+08:00
Abrutissant		[travail].	使人昏头昏脑	long teh gnen m zen se	long’ teh gnen m zen se	弄得人無神思	弄得人嘸神思	4		true	自旧档汇入	2026-04-13T01:27:08+08:00
Absence	sf	(avoir une).	心不在焉	sin véh léh ’la		心勿垃拉		4		true	自旧档汇入	2026-04-13T01:27:08+08:00
Absent	va	(de la maison).	不在家，不在场	véh ’la ôh ’li		勿拉屋裏		4		true	自旧档汇入	2026-04-13T01:27:08+08:00
Absent	va	(de la maison).	不在家，不在场	véh léh ’la		勿垃拉		4		true	自旧档汇入	2026-04-13T01:27:08+08:00
Absenter.	vr	(S’).	不在，离家	ts‘éh k‘i’ ’la		出去拉		4		true	自旧档汇入	2026-04-13T01:27:08+08:00
Absenter.	vr	Impossible de s’Absenter.	抽不出身	li véh k‘ai		離勿開		4		true	自旧档汇入	2026-04-13T01:27:08+08:00
Absenter.	vr	Impossible de s’Absenter.	抽不出身	’tseû véh ts‘éh		走勿出		4		true	自旧档汇入	2026-04-13T01:27:08+08:00
Absinthe	sf		艾蒿	ngai’		艾		4		true	自旧档汇入	2026-04-13T01:27:08+08:00
Absolu	adj	Être Absolu.	绝对的	ze’ yeû ke’	ze’ ’yeû ke’	自有个		4		true	自旧档汇入	2026-04-13T01:27:08+08:00
Absolument	adv		必定，一定	’tsong		總		4		true	自旧档汇入	2026-04-13T01:27:08+08:00
Absolument	adv		必定，一定	p‘ié		偏		4		true	自旧档汇入	2026-04-13T01:27:08+08:00
Absolument	adv		必定，一定	’pè		板		4		true	自旧档汇入	2026-04-13T01:27:08+08:00
Absolument	adv	Au plus haut degré.	绝对地，完全地	zéh fen		十分		4		true	自旧档汇入	2026-04-13T01:27:08+08:00
Absolument	adv	Indispensablement.	不可避免地，必然地	ding’ kié’		定見		4		true	自旧档汇入	2026-04-13T01:27:08+08:00
Absolution		——	免诉，释放	souo’		赦		4		true	自旧档汇入	2026-04-13T01:27:08+08:00
Absolution		recevoir l’Absolution(C).	赦免，恕罪	teh zah souo’ zu’		得着赦罪		4		true	自旧档汇入	2026-04-13T01:27:08+08:00
Absorber	va	Avaler.	吞，咽	yé’ ’hao k‘i’		咽下去		4		true	自旧档汇入	2026-04-13T01:27:08+08:00
Absorber	va	Avaler.	吞，咽	t‘en		吞		4		true	自旧档汇入	2026-04-13T01:27:08+08:00
Absorber	va	Dépenser.	耗尽	yong’ koang		用光		4		true	自旧档汇入	2026-04-13T01:27:08+08:00
Absoudre		un accusé.	断人无罪，免诉	teu’ gnen m zu’		斷人無罪	斷人嘸罪	4		true	自旧档汇入	2026-04-13T01:27:08+08:00
Absoudre		Absoudre un pénitent(C).	赦罪	souo’ zu’		赦罪，		4		true	自旧档汇入	2026-04-13T01:27:08+08:00
Absoudre		Absoudre un pénitent(C).	赦罪	zié souo’		全赦		4		true	自旧档汇入	2026-04-13T01:27:08+08:00
Absoute	sf	Faire l’Absoute(C).	追思祷告	tsou’ tsu se		做追思		4		true	自旧档汇入	2026-04-13T01:27:08+08:00
Abstème			戒酒者	véh k‘ieh ’tsieoû ke’	véh k‘ieh ’tsieû ke’	勿吃酒个		4		true	自旧档汇入	2026-04-13T01:27:08+08:00
Abstenir		Se priver de.	戒除	ka’		戒		4		true	自旧档汇入	2026-04-13T01:27:08+08:00
Abstenir		Se priver de.	戒除	ghi’		忌		4		true	自旧档汇入	2026-04-13T01:27:08+08:00
Abstenir		S’empêcher de.	节制，克制	’zen nai	’zen nai’	忍耐		4		true	自旧档汇入	2026-04-13T01:27:08+08:00
Abstinence	sf	(faire).	戒除，节制	seû tsa		守齋		4		true	自旧档汇入	2026-04-13T01:27:08+08:00
Abstinence	sf	(faire).	戒除，节制	ghi’ ’k‘eû	ghi’ ’k‘eû	忌口		4		true	自旧档汇入	2026-04-13T01:27:08+08:00
Abstinence	sf	Faire Abstinence(C).	斋戒	seû ’siao tsa	’seû ’siao tsa	守小齋		4		true	自旧档汇入	2026-04-13T01:27:08+08:00
Abstinence	sf	Jours d’Abstinence(C).	斋期	tsa ghi		齋期		4		true	自旧档汇入	2026-04-13T01:27:08+08:00
Abstinence	sf	Abstinence publique(m.à.m.défendre de tuer).	全面禁宰	teu’ dou		斷屠		4		true	自旧档汇入	2026-04-13T01:27:08+08:00
Abstraction		faite de.	不考虑，撇开，不谈	t‘éh k‘ong		脱空		4	法语faite疑应为faire。	true	自旧档汇入	2026-04-13T01:27:08+08:00
Abstraction		faite de.	不考虑，撇开，不谈	zu k‘eû’		除扣				true	自旧档汇入	2026-04-13T01:27:08+08:00
Abstraction		Se perdre dans les Abstraction.	空想，沉思	k‘ong ’siang deû		空想頭		4		true	自旧档汇入	2026-04-13T01:27:08+08:00
Abstrus	sdj		难懂的，深奥的	nè ’tong ke’		難懂个		4		true	自旧档汇入	2026-04-13T01:27:08+08:00
Absurde	adj		荒谬的，愚蠢的，违背逻辑的	wou dou ke’		糊塗个		4		true	自旧档汇入	2026-04-13T01:27:08+08:00
Absurde	adj		荒谬的，愚蠢的，违背逻辑的	bé’ ’li ke’		叛理个				true	自旧档汇入	2026-04-13T01:27:08+08:00
Absurdité	sf		荒唐话	wou wo’		糊話		4		true	自旧档汇入	2026-04-13T01:27:08+08:00
Abus	sm		恶习，流弊	wa’ fong zôh		壞風俗		5		true	自旧档汇入	2026-04-13T01:27:08+08:00
Abus	sm	——	滥用	véh tsao’ koei ’kiu		勿照規矩		5		true	自旧档汇入	2026-04-13T01:27:08+08:00
Abuser	vn	Mal user.	滥用，妄用	waong’ yong’		忘用	妄用	5		true	自旧档汇入	2026-04-13T01:27:08+08:00
Abuser	vn	Mal user.	滥用，妄用	hèh fi’	h‘èh fi’	瞎費		5		true	自旧档汇入	2026-04-13T01:27:08+08:00
Abuser	vn	Abuser des bienfaits.	辜恩负义	kou en wou’ gni’		辜恩負義		5		true	自旧档汇入	2026-04-13T01:27:08+08:00
Abuser	vn	Abuser des bienfaits.	辜恩负义	kou wou’ en tié’	kou wou’ en ’tié	辜負恩典		5		true	自旧档汇入	2026-04-13T01:27:08+08:00
Abuser	va	Tromper Abuser.	欺骗，愚弄	’hong p‘ié’		哄騙		5	待定 哄聲調	true	自旧档汇入	2026-04-13T01:27:08+08:00
Abuser	va	Tromper Abuser.	欺骗，愚弄	keû ’yen		勾引		5		true	自旧档汇入	2026-04-13T01:27:08+08:00
Abuser	vn	S’Abuser soi-même.	自欺	ze’ ka p‘ié’ ze’ ka		自家騙自家		5		true	自旧档汇入	2026-04-13T01:27:08+08:00
Abusif	adj	C’est Abusif.	这是违犯规矩的	di’ ke’ ze’ ’vè koei ’kiu ke’		第个是犯規矩个		5		true	自旧档汇入	2026-04-13T01:27:08+08:00
Acabit	sm	(de même).	种类，性质	ih ’teng		一等		5		true	自旧档汇入	2026-04-13T01:27:08+08:00
Acabit	sm	(de même).	种类，性质	ih yang’		一樣		5		true	自旧档汇入	2026-04-13T01:27:08+08:00
Académicien.	sm	1er-.	翰林	heu’ lin		翰林		5		true	自旧档汇入	2026-04-13T01:27:08+08:00
Académicien.	sm	1er-.	状元	zaong’ gneu		狀元		5		true	自旧档汇入	2026-04-13T01:27:08+08:00
Académie	sf		翰林院	heu’ lin yeu’		翰林院		5		true	自旧档汇入	2026-04-13T01:27:08+08:00
Acajou	sm		桃花心木	dao h‘ouo sin moh		桃花心木		5		true	自旧档汇入	2026-04-13T01:27:08+08:00
Acariâtre.	adj		爱争吵的，脾气坏的，暴躁的	bao’ tsao ’sing’	bao’ tsao’ sing’	暴躁性		5		true	自旧档汇入	2026-04-13T01:27:08+08:00
Acariâtre.	adj		爱争吵的，脾气坏的，暴躁的	lèh ’seû		辣手		5		true	自旧档汇入	2026-04-13T01:27:08+08:00
Acariâtre.	adj		爱争吵的，脾气坏的，暴躁的	p‘éh ’gnu gnen		潑女人		5		true	自旧档汇入	2026-04-13T01:27:08+08:00
Acarus	sm		疥虫	kè’ zong		疥虫		5	保留簡體	true	自旧档汇入	2026-04-13T01:27:08+08:00
Accablant	adj	Lourd.	沉重的，难以支持的	zong’ ke’		重个		5	待定 重聲調	true	自旧档汇入	2026-04-13T01:27:08+08:00
Accablant	adj	Lourd.	沉重的，难以支持的	nè taong ke’		難當个		5		true	自旧档汇入	2026-04-13T01:27:08+08:00
Accablant	adj	Pénible,insupportable.	难以忍受的	nai véh ’k‘i ke’	nai’ véh ’k‘i ke’	耐勿起个		5		true	自旧档汇入	2026-04-13T01:27:08+08:00
Accablé		(de besogne).	不堪忍受的，难熬的，过度负重的	maong(vè)lai ’ya		忙（煩）來野		5		true	自旧档汇入	2026-04-13T01:27:08+08:00
Accablé		Accablé de coups et d’injures.	被侵害	zeû’ ’tang		受打		5	待定 受聲調	true	自旧档汇入	2026-04-13T01:27:08+08:00
Accablé		Accablé de coups et d’injures.	被侵害	zeû zôh	zeû’ zôh	受辱		5		true	自旧档汇入	2026-04-13T01:27:08+08:00
Accabler	va		施重压，压倒，制服	k‘èh ’tao		壓倒	？倒	5		true	自旧档汇入	2026-04-13T01:27:08+08:00
Accabler	va		施重压，压倒，制服	ba’		敗		5		true	自旧档汇入	2026-04-13T01:27:08+08:00
Accaparer		la clientèle.	大量收购，囤积居奇	’ts‘iang ’ma		搶買		5		true	自旧档汇入	2026-04-13T01:27:08+08:00
Accaparer		la clientèle.	大量收购，囤积居奇	’ts‘iang sang i’		搶生意		5		true	自旧档汇入	2026-04-13T01:27:08+08:00
Accéder à	vn		同意，允许	i		依		5		true	自旧档汇入	2026-04-13T01:27:08+08:00
Accéder à	vn		同意，允许	’yun		允		5		true	自旧档汇入	2026-04-13T01:27:08+08:00
Accéder à	vn		同意，允许	’yun ’hiu		允許		5		true	自旧档汇入	2026-04-13T01:27:08+08:00
Accéléré	adj		加速的，高速的，快速的	k‘oa’		快		5		true	自旧档汇入	2026-04-13T01:27:08+08:00
Accélérer	va		快一点！赶紧！	ts‘u kiéh		催急		5		true	自旧档汇入	2026-04-13T01:27:08+08:00
Accélérer	va		快一点！赶紧！	’keu ’kien		赶緊		5	保留簡體	true	自旧档汇入	2026-04-13T01:27:08+08:00
Accent	sm		声调	seng yen		聲音		5		true	自旧档汇入	2026-04-13T01:27:08+08:00
Accent	sm	Accent Il y a 2 classes d’Accent:	平声	bing seng		平聲		5		true	自旧档汇入	2026-04-13T01:27:08+08:00
Accent	sm	Accent Il y a 2 classes d’Accent:	仄声	tsah seng		仄聲		5		true	自旧档汇入	2026-04-13T01:27:08+08:00
Accent	sm	la 1ère comprenant:	阴平	’zang bing		上平		5		true	自旧档汇入	2026-04-13T01:27:08+08:00
Accent	sm	la 1ère comprenant:	阳平	’ya bing		下平		5		true	自旧档汇入	2026-04-13T01:27:08+08:00
Accent	sm	et la 2ème comprenant:	上声	’zang seng		上聲		5		true	自旧档汇入	2026-04-13T01:27:08+08:00
Accent	sm	et la 2ème comprenant:	去声	k‘iu’ seng		去聲		5		true	自旧档汇入	2026-04-13T01:27:08+08:00
Accent	sm	et la 2ème comprenant:	入声	zéh seng		入聲		5		true	自旧档汇入	2026-04-13T01:27:08+08:00
Accent	sm	Accent de douleur.	痛苦的声调	ai t‘ong’ ke’ seng yen		哀痛个聲音		5		true	自旧档汇入	2026-04-13T01:27:08+08:00
Accent	sm	Accent Prononciation particulière.	口音，乡土音	’k‘eû yen		口音		5		true	自旧档汇入	2026-04-13T01:27:08+08:00
Accent	sm	Accent Prononciation particulière.	口音，乡土音	’t‘ou yen		土音		5		true	自旧档汇入	2026-04-13T01:27:08+08:00
Accentuer		les mots.	分平仄	fen bing tsah		分平仄		5		true	自旧档汇入	2026-04-13T01:27:08+08:00
Accentuer		Accentuer les sentiments.	强调意见	tè i’ se tèh ts‘éh lai	tè i’ se dèh ts‘éh lai	担意思達出來		5		true	自旧档汇入	2026-04-13T01:27:08+08:00
Acceptable	adj	Convenable.	适当的	’k‘o ’i		可以		5		true	自旧档汇入	2026-04-13T01:27:08+08:00
Acceptable	adj	Recevable.	可接受的	’k‘o ’i zeû’ ke’		可以受个		5		true	自旧档汇入	2026-04-13T01:27:08+08:00
Accepter	va		接受	seû ’ling		收領		5		true	自旧档汇入	2026-04-13T01:27:08+08:00
Accepter	va		接受	seû zeû’		收受		5		true	自旧档汇入	2026-04-13T01:27:08+08:00
Accepter	va	Recevoir.	领受	’ling zing		領情		5		true	自旧档汇入	2026-04-13T01:27:08+08:00
Accepter	va	Supporter.	经受	zing gneu zeû’	zing gneu’ zeû’	情願受		5		true	自旧档汇入	2026-04-13T01:27:08+08:00
Accepter	va	Agréer.	甘于	ké sin zeû’		甘心受		6		true	自旧档汇入	2026-04-13T01:27:08+08:00
Accepter	va	Accepter une faveur.	领情	’ling zing		領情		6		true	自旧档汇入	2026-04-13T01:27:08+08:00
Acception	sf		偏爱	’yeû se sin		有私心		6		true	自旧档汇入	2026-04-13T01:27:08+08:00
Acception	sf	Faire Acception de personnes.	偏袒某人	’yeû se zing		有私情		6		true	自旧档汇入	2026-04-13T01:27:08+08:00
Acception	sf	Ne pas faire Acception.	至公无私	tse’ kong wou se		至公無私		6		true	自旧档汇入	2026-04-13T01:27:08+08:00
Acception	sf	Ne pas faire Acception.	至公无私	véh gnang’ mié’ zing		勿讓面情		6		true	自旧档汇入	2026-04-13T01:27:08+08:00
Acception	sf	Ne pas faire Acception.	至公无私	t‘ih mié’ wou zin		鉄面無情		6	保留簡體	true	自旧档汇入	2026-04-13T01:27:08+08:00
Acception	sf	Sens:Ce caractère a plusieurs Acception.	这个字有几种释义	di’ ke’ ze’ ’yeû tou ’h‘ao ’ka seh		第个字有多好解説		6		true	自旧档汇入	2026-04-13T01:27:08+08:00
Accès.	sm	Il cherche un Accès dans la place.	他在找一条入口	i ’la zin ih diao tsin’ lou’		伊拉尋一條進路		6		true	自旧档汇入	2026-04-13T01:27:08+08:00
Accès.	sm	Accès de fièvre.	发烧	fèh ih ke’ h‘eu gnéh	fèh ih ke’ heu gnéh	發一个寒熱		6		true	自旧档汇入	2026-04-13T01:27:08+08:00
Accès.	sm	Accès de colère.	发怒	sen ih wei ’h‘ou		伸一回火		6		true	自旧档汇入	2026-04-13T01:27:08+08:00
Accessible		(personne).	平易近人	’h‘ao bah‘ wo’ ke’	’h‘ao bah wo’ ke’	好白話个		6		true	自旧档汇入	2026-04-13T01:27:08+08:00
Accessible		(personne).	平易近人	k‘ao’ teh zaong’ ke’		靠得上个		6		true	自旧档汇入	2026-04-13T01:27:08+08:00
Accessible		(endroit)v.g.entrée Accessible.	可进入的，可达到的	’h‘ao tsin’ k‘i’ ke’		好進去个		6		true	自旧档汇入	2026-04-13T01:27:08+08:00
Accessible		(endroit)v.g.entrée Accessible.	可进入的，可达到的	ghien’ teh zaong’ ke’		近得上个		6	待定 近聲調	true	自旧档汇入	2026-04-13T01:27:08+08:00
Accessit	sm		附录	wou’ lôh		附録		6		true	自旧档汇入	2026-04-13T01:27:08+08:00
Accessoire	adj	C’est Accessoire.	这完全是无关紧要的	si si ’siao ze’		些些小事		6		true	自旧档汇入	2026-04-13T01:27:08+08:00
Accident		Accident(Malheur).	意外事故	ts‘éh yu i’ wai’ ke’		出于意外个		6		true	自旧档汇入	2026-04-13T01:27:08+08:00
Accident		Accident(Malheur).	意外事故	’siang véh tao’ ke’ wou wè	’siang véh tao’ ke’ wou’ wè’	想勿到个禍患		6	待定 禍聲調	true	自旧档汇入	2026-04-13T01:27:08+08:00
Accidenté	adj		高低不平	kao kao ti ti		高高低低		6		true	自旧档汇入	2026-04-13T01:27:08+08:00
Accidenté	adj	Terrain Accidenté.	高低不平的地面	ts‘ih kao pèh ti		七高八低		6		true	自旧档汇入	2026-04-13T01:27:08+08:00
Accidentel	adj		偶然的，意外的	’ngeû zé ke’		偶然个		6		true	自旧档汇入	2026-04-13T01:27:08+08:00
Accidentellement	adv		偶然的，意外地	’ngeû zé kè		偶然間		6		true	自旧档汇入	2026-04-13T01:27:08+08:00
Accidentellement	adv		偶然的，意外地	’siang véh tao’		想勿到		6		true	自旧档汇入	2026-04-13T01:27:08+08:00
Acclamer	va		一致欢呼推选	zi seng ’pao ’kiu		齊聲保舉		6		true	自旧档汇入	2026-04-13T01:27:08+08:00
Acclimater	vr	(s’).	使服水土	woh ’se ’t‘ou		服水土		6		true	自旧档汇入	2026-04-13T01:27:08+08:00
Accointance	sf		经常来往	’waong lai		往來		6		true	自旧档汇入	2026-04-13T01:27:08+08:00
Accoler	va		使连结	ling’ t‘ié’	ling’ t‘ié	另添		6		true	自旧档汇入	2026-04-13T01:27:08+08:00
Accoler	va		使连结	ling’ t‘ih		另貼		6		true	自旧档汇入	2026-04-13T01:27:08+08:00
Accoler	va		使连结	’bao deû keû kieng’		抱頭鈎頸	抱頭？頸	6	待定 頸聲調	true	自旧档汇入	2026-04-13T01:27:08+08:00
Accommodant	adj		和气，通融，随和	wou k‘i’		和氣		6		true	自旧档汇入	2026-04-13T01:27:08+08:00
Accommodant	adj		和气，通融，随和	yeu yong		圓容		6		true	自旧档汇入	2026-04-13T01:27:08+08:00
Accommodant	adj		和气，通融，随和	yeu ’tsé		圓轉		6		true	自旧档汇入	2026-04-13T01:27:08+08:00
Accommodement	sm		和解，调和，妥协	’kaong wou		講和		6		true	自旧档汇入	2026-04-13T01:27:08+08:00
Accommodement	sm		和解，调和，妥协	wo’ wou		話和		6		true	自旧档汇入	2026-04-13T01:27:08+08:00
Accommodement	sm	Écrire un Accommodement.	和官司	wou koé se		和官司		6		true	自旧档汇入	2026-04-13T01:27:08+08:00
Accommoder	va		使适应，使适合	bié’ taong’		便當		6		true	自旧档汇入	2026-04-13T01:27:08+08:00
Accommoder	va		使适应，使适合	tei’ kieng’		對勁		6		true	自旧档汇入	2026-04-13T01:27:08+08:00
Accommoder	va	Disposer.Mettre en bon état.	整理，布置	eu ba		安排		6		true	自旧档汇入	2026-04-13T01:27:08+08:00
Accommoder	va	Disposer.Mettre en bon état.	整理，布置	’tseng zi		整齊		6		true	自旧档汇入	2026-04-13T01:27:08+08:00
Accommoder	va	Arranger à l’amiable.	使和解，调解，调停	diao ding		調停		6		true	自旧档汇入	2026-04-13T01:27:08+08:00
Accommoder	va	Arranger à l’amiable.	使和解，调解，调停	’kaong wou		講和		6		true	自旧档汇入	2026-04-13T01:27:08+08:00
Accommoder	va	S’Accommoder(se contenter de).	将就，凑合	tsiang zieû’ ’la		將就拉		6		true	自旧档汇入	2026-04-13T01:27:08+08:00
Accommoder	va	Se conformer à.	顺从，适应	zen’ zong		順從别人意見		7		true	自旧档汇入	2026-04-13T01:27:08+08:00
Accommoder	va	S’Accommoder  aux circonstances.	随机应变	zu ki yeng’ pié’		隨機應變		7	待定 應聲調	true	自旧档汇入	2026-04-13T01:27:08+08:00
Accommoder	va	Accommoder à la convenance de qqn.	依他，随便他	zieû’ i		就伊		7		true	自旧档汇入	2026-04-13T01:27:08+08:00
Accommoder	va	Accommoder à la convenance de qqn.	依他，随便他	zu bié’ i		隨便伊		7		true	自旧档汇入	2026-04-13T01:27:08+08:00
Accompagner	va	Aller avec.	陪同	dong k‘i’		同去		7		true	自旧档汇入	2026-04-13T01:27:08+08:00
Accompagner	va	Aller avec.	陪同	bé’ i k‘i’		伴伊去		7		true	自旧档汇入	2026-04-13T01:27:08+08:00
Accompagner	va	Suivre.	伴随	ken		跟		7		true	自旧档汇入	2026-04-13T01:27:08+08:00
Accompagner	va	Suivre.	伴随	ken zu		跟隨		7		true	自旧档汇入	2026-04-13T01:27:08+08:00
Accompagner	va	Accompaguer par honneur.	护送	song’		送		7		true	自旧档汇入	2026-04-13T01:27:08+08:00
Accompli	adj	Parfait.	完美的，完善的	zeng zié		成全		7		true	自旧档汇入	2026-04-13T01:27:08+08:00
Accompli	adj	Exécuté.	完全的	wé zié		完全		7		true	自旧档汇入	2026-04-13T01:27:08+08:00
Accompli	adj	Révolu.	完成的，实现的	yeu ’mé		圓滿		7		true	自旧档汇入	2026-04-13T01:27:08+08:00
Accompli	adj	Révolu.	完成的，实现的	wé kiéh		完結		7		true	自旧档汇入	2026-04-13T01:27:08+08:00
Accomplir	va	Finir.	完成，实现	tsou’ wé		做完		7		true	自旧档汇入	2026-04-13T01:27:08+08:00
Accomplir	va	Finir.	完成，实现	zeng kong		成功		7		true	自旧档汇入	2026-04-13T01:27:08+08:00
Accomplir	va	Achever.	完成	zeng zié’		成全		7		true	自旧档汇入	2026-04-13T01:27:08+08:00
Accomplir	va	Observer.	履行，执行	’seû		守		7		true	自旧档汇入	2026-04-13T01:27:08+08:00
Accomplir	va	Observer.	履行，执行	zin	zin’	盡		7		true	自旧档汇入	2026-04-13T01:27:08+08:00
Accomplir	va	S’Accomplir(se vérifier).	得到证实	yao gné’	yao’ gné’	效驗		7		true	自旧档汇入	2026-04-13T01:27:08+08:00
Accomplir	va	S’Accomplir(se vérifier).	得到证实	yeng’ gné		應驗		7		true	自旧档汇入	2026-04-13T01:27:08+08:00
Accord		dans les  sentiments.	和睦，和谐	wou k‘i’		和氣		7		true	自旧档汇入	2026-04-13T01:27:08+08:00
Accord		En bon Accord.	和睦相处	wou wou k‘i’ k‘i’ ke’		和和氣氣个		7		true	自旧档汇入	2026-04-13T01:27:08+08:00
Accord		D’un commun Accord.	一致赞成	dong sin héh i’ ke’		同心合意个		7		true	自旧档汇入	2026-04-13T01:27:08+08:00
Accord		Accord dans les voix.	同声相应	dong seng siang yeng’ ke’		同聲相應个		7		true	自旧档汇入	2026-04-13T01:27:08+08:00
Accord		Conformité.Ses paroles et ses intentions ne sont pas d’Accord;	他是口是心非	i ze’ ’k‘eû ze’ sin fi		伊是口是心非		7		true	自旧档汇入	2026-04-13T01:27:08+08:00
Accord		les miennes le sont.	我是心口如一	’ngou ze’ sin ’k‘eû zu ih		我是心口如一		7		true	自旧档汇入	2026-04-13T01:27:08+08:00
Accord		D’Accord，mais...	我赞成，可是...	tei’ ke’		對个		7		true	自旧档汇入	2026-04-13T01:27:08+08:00
Accord		D’Accord，mais...	我赞成，可是...	péh kou’		不過		7		true	自旧档汇入	2026-04-13T01:27:08+08:00
Accordéon	sm		手风琴	’seû fong ghien		手風琴		7		true	自旧档汇入	2026-04-13T01:27:08+08:00
Accorder	va	Mettre d’accord.	使协调	diao ding’	diao ding	調停		7		true	自旧档汇入	2026-04-13T01:27:08+08:00
Accorder	va	Mettre d’accord.	使协调	’kaong wou		講和		7		true	自旧档汇入	2026-04-13T01:27:08+08:00
Accorder	va	Mettre d’accord.	使协调	wo’ wou		話和		7		true	自旧档汇入	2026-04-13T01:27:08+08:00
Accorder	va	Ajuster.	调和，调整	maong’ ’tsen		望準		7		true	自旧档汇入	2026-04-13T01:27:08+08:00
Accorder	va	Ajuster.	调和，调整	p‘ei’ tei’		配對		7		true	自旧档汇入	2026-04-13T01:27:08+08:00
Accorder	va	Donner:	给予	péh ’saong se’		撥賞賜		7		true	自旧档汇入	2026-04-13T01:27:08+08:00
Accorder	va	Autoriser.	允诺	’hiu		許		7		true	自旧档汇入	2026-04-13T01:27:08+08:00
Accorder	va	Autoriser.	允诺	yeng’ zeng		應承		7		true	自旧档汇入	2026-04-13T01:27:08+08:00
Accorder	va	Autoriser.	允诺	’tsen ’hiu		准許		7		true	自旧档汇入	2026-04-13T01:27:08+08:00
Accorder	va	S’Accorder(Étre conforme).	使一致	siang ts‘eng’		相稱		7		true	自旧档汇入	2026-04-13T01:27:08+08:00
Accorder	va	S’Accorder(Étre conforme).	使一致	t‘ih tei’		貼對		7		true	自旧档汇入	2026-04-13T01:27:08+08:00
Accorder	va	Étre en bonne harmonie.	意见一致	héh seh		合式		7		true	自旧档汇入	2026-04-13T01:27:08+08:00
Accorder	va	Étre en bonne harmonie.	意见一致	wou moh		和睦		7		true	自旧档汇入	2026-04-13T01:27:08+08:00
Accorder	va	Tomber d’intelligence avec.	商妥	yeu zeng		圓成		7		true	自旧档汇入	2026-04-13T01:27:08+08:00
Accorder	va	Être d’intelligence avec.	串通	t‘ong ke’		通个		7		true	自旧档汇入	2026-04-13T01:27:08+08:00
Accoster	qqn		接近，靠近	’tseû ’zaong k‘i’		走上去		7		true	自旧档汇入	2026-04-13T01:27:08+08:00
Accoter	va	S’Accoter.	斜靠	k‘ao’		靠		7		true	自旧档汇入	2026-04-13T01:27:08+08:00
Accoter	va	S’Accoter.	斜靠	k‘ao’		靠		7		true	自旧档汇入	2026-04-13T01:27:08+08:00
Accouchée.	sf		产妇	’ts‘è wou	’ts‘è wou’	産婦		7	待定 十五；另產婦可能是連讀	true	自旧档汇入	2026-04-13T01:27:08+08:00
Accouchée.	sf		产妇	song-m-gnang		十五娘		7	標點符號	true	自旧档汇入	2026-04-13T01:27:08+08:00
Accoucher	vn		分娩	sang ’ts‘è		生産		7		true	自旧档汇入	2026-04-13T01:27:08+08:00
Accoucher	vn	Aider à Accoucher.	助产，接生	seû sang		收生		7		true	自旧档汇入	2026-04-13T01:27:08+08:00
Accoucheuse	sf		助产士	seû sang bou		收生婆		8		true	自旧档汇入	2026-04-13T01:27:08+08:00
Accoucheuse	sf		助产士	zou’ bou		坐婆		8		true	自旧档汇入	2026-04-13T01:27:08+08:00
Accouder	sf	(S’)sur la table.	曲肱倚于桌	pi’ ts‘ang’ ’tse k‘ao’ ’la dai laong’		臂撑子靠拉台上		8	保留簡體	true	自旧档汇入	2026-04-13T01:27:08+08:00
Accoupler	sf	(S’).	交配	p‘ei’，(héh)tei’		配（合）對		8		true	自旧档汇入	2026-04-13T01:27:08+08:00
Accourcir	va	et S’Accourcir.	缩短	’kai ’teu		改短		8		true	自旧档汇入	2026-04-13T01:27:08+08:00
Accourcir	va	et S’Accourcir.	缩短	tsou’ ’teu		做短		8		true	自旧档汇入	2026-04-13T01:27:08+08:00
Accourir	vn		跑来，赶上来	bao lai		跑來		8		true	自旧档汇入	2026-04-13T01:27:08+08:00
Accoutrement		Quel Accoutrement il a!	奇装异服	i zaong tsah lai ts‘ih foa pèh k‘ié’		衣裳着來七歪八欠	衣裳着來七歪八？	8		true	自旧档汇入	2026-04-13T01:27:08+08:00
Accoutumé		Habituel.	习惯的，通常的	koè’ zang		慣常		8		true	自旧档汇入	2026-04-13T01:27:08+08:00
Accoutumé		Habitué.	惯于...的人	nei’ hang		内行		8	待定	true	自旧档汇入	2026-04-13T01:27:08+08:00
Accoutumé		Habitué.	惯于...的人	’lao zôh ’seû		老熟手		8		true	自旧档汇入	2026-04-13T01:27:08+08:00
Accoutumé		Habitué.	惯于...的人	koè’ ’tsé		慣者		8		true	自旧档汇入	2026-04-13T01:27:08+08:00
Accoutumer	va	(Exercer).	使习惯于	kiao’ zih koè’		教習慣		8		true	自旧档汇入	2026-04-13T01:27:08+08:00
Accoutumer	va	S’Accoutumer.	习惯于	zih koè	zih koè’	習慣		8	連讀	true	自旧档汇入	2026-04-13T01:27:08+08:00
Accréditer		Mettre en crédit.	获得信任	kiao’ gnen sin’ woh		叫人信服		8		true	自旧档汇入	2026-04-13T01:27:08+08:00
Accréditer		Faire croire.	使人相信	kiao’ ngen siang sin’		叫人相信		8		true	自旧档汇入	2026-04-13T01:27:08+08:00
Accroc		(faire un)à son habit.	钩破的裂缝，钩破大衣	tsah wa’		勺壞		8		true	自旧档汇入	2026-04-13T01:27:08+08:00
Accroc		(faire un)à son habit.	钩破的裂缝，钩破大衣	tsah sé’		勺碎		8		true	自旧档汇入	2026-04-13T01:27:08+08:00
Accroc		(faire un)à son habit.	钩破的裂缝，钩破大衣	tsah p‘ou’ i zaong		勺破衣裳		8		true	自旧档汇入	2026-04-13T01:27:08+08:00
Accroc		Il est survenu un Accroc(dans cette affairee).	这件事突然遇到了障碍	sang ts‘éh ih ke’ nè ts‘u’		生出一个難處		8		true	自旧档汇入	2026-04-13T01:27:08+08:00
Accrocher	va	Heurter.	悬挂	kouo’		掛		8		true	自旧档汇入	2026-04-13T01:27:08+08:00
Accrocher	va	Heurter.	悬挂	tiao’ ’la		吊拉		8		true	自旧档汇入	2026-04-13T01:27:08+08:00
Accrocher	va	Heurter.	悬挂	tsah zu’		勺住		8		true	自旧档汇入	2026-04-13T01:27:08+08:00
Accrocher	va	Amarrer.Saisir.	钩住	kouo’ ’la		掛拉		8		true	自旧档汇入	2026-04-13T01:27:08+08:00
Accrocher	va	Amarrer.Saisir.	钩住	tsah teh zu’		勺得住		8		true	自旧档汇入	2026-04-13T01:27:08+08:00
Accrocher	va	S’Accrocher.	被钩住	keû lao zu’		鈎牢住		8		true	自旧档汇入	2026-04-13T01:27:08+08:00
Accrocher	va	S’Accrocher.	被钩住	teû zu’		兜住		8		true	自旧档汇入	2026-04-13T01:27:08+08:00
Accroire		(en faire).	叫人上当，哄骗	k‘i’ wou	k‘i ’wou	欺侮		8		true	自旧档汇入	2026-04-13T01:27:08+08:00
Accroire		(en faire).	叫人上当，哄骗	’h‘ong p‘ié’		哄騙		8		true	自旧档汇入	2026-04-13T01:27:08+08:00
Accroire		S’en faire Accroire.	自欺，过高估计自己	waong’ se		妄思		8		true	自旧档汇入	2026-04-13T01:27:08+08:00
Accroire		S’en faire Accroire.	自欺，过高估计自己	waong’ ’siang		妄想		8		true	自旧档汇入	2026-04-13T01:27:08+08:00
Accroissement	sm		成长	’tsang dou’		長大		8		true	自旧档汇入	2026-04-13T01:27:08+08:00
Accroître	vn		增加，生长	ka tseng		加增		8		true	自旧档汇入	2026-04-13T01:27:08+08:00
Accroître	vn		增加，生长	ka t‘ié		加添		8		true	自旧档汇入	2026-04-13T01:27:08+08:00
Accroître	vn		增加，生长	’tsang dou’ k‘i lai	’tsang dou’ ’k‘i lai	長大起來		8		true	自旧档汇入	2026-04-13T01:27:08+08:00
Accroupir		(s’).	蹲	ten ’hao lai		蹲下來		8	原作“蹾下來”	true	自旧档汇入	2026-04-13T01:27:08+08:00
Accroupir		(s’).	蹲	bou’ ’hao lai		哺下來	伏下來	8		true	自旧档汇入	2026-04-13T01:27:08+08:00
Accroupir		(s’).	蹲	zou’ ’la kiah ken laong’		坐拉脚跟上		8		true	自旧档汇入	2026-04-13T01:27:08+08:00
Accueil		(faire bon Accueil aux gens).	欢迎某人	dai’ gnen wou k‘i’		待人和氣		8		true	自旧档汇入	2026-04-13T01:27:08+08:00
Accueil		(faire bon Accueil aux gens).	欢迎某人	dai’ gnen ’h‘ao		待人		8		true	自旧档汇入	2026-04-13T01:27:08+08:00
Accueillir	va	Aller sudevant.	迎接	gneng tsih		迎接		8		true	自旧档汇入	2026-04-13T01:27:08+08:00
Accueillir	va	Accueillir Héberger.	招待，接待	’koé dai’	’k‘oé dai’	款待		8		true	自旧档汇入	2026-04-13T01:27:08+08:00
Accueillir	va	Agréer.	接受，同意	’yun ’hiu		允許		8		true	自旧档汇入	2026-04-13T01:27:08+08:00
Accueillir	va	Agréer.	接受，同意	’tsen ’hiu		准許		8		true	自旧档汇入	2026-04-13T01:27:08+08:00
Acculer	va			t‘ei		推		8		true	自旧档汇入	2026-04-13T01:27:08+08:00
Acculer	va			lè zu’		攔住		8		true	自旧档汇入	2026-04-13T01:27:08+08:00
Acculer	va			t‘aong zu’		擋住	[湯手]住	8		true	自旧档汇入	2026-04-13T01:27:08+08:00
Acculer	va			k‘ai’ ’la	gai’ ’la	塏拉		8	待定 	true	自旧档汇入	2026-04-13T01:27:08+08:00
Acculer		S’Acculer.	向后靠紧某物以自卫	k‘ao’ zah		靠着		8		true	自旧档汇入	2026-04-13T01:27:08+08:00
Accumuler	va	Amonceler.	堆积	tei ’k‘i lai		堆起來		8		true	自旧档汇入	2026-04-13T01:27:08+08:00
Accumuler	va	Multiplier Accumuler(péchés).	罪上加罪	zu’ laong’ ka zu’		罪上加罪		8		true	自旧档汇入	2026-04-13T01:27:08+08:00
Accumuler	va	Accumuler malheur sur malheur(givre sur neige).	雪上加霜	siéh laong’ ka saong		雪上加霜		8		true	自旧档汇入	2026-04-13T01:27:08+08:00
Accusateur	sm		原告，起诉人	gneu kao’		原告		8		true	自旧档汇入	2026-04-13T01:27:08+08:00
Accusateur	sm		原告，起诉人	kao’ zaong’ ke’		告狀个		8		true	自旧档汇入	2026-04-13T01:27:08+08:00
Accusation	sf		控告，控诉	kao’ zaong’		告狀		9		true	自旧档汇入	2026-04-13T01:27:08+08:00
Accusation	sf		控告，控诉	’pin tè		禀單		9		true	自旧档汇入	2026-04-13T01:27:08+08:00
Accusation	sf		控告，控诉	zeng ’tse		呈紙		9		true	自旧档汇入	2026-04-13T01:27:08+08:00
Accusation	sf	Recevoir les Accusation.	受理起诉	faong’ kao’		放吿		9		true	自旧档汇入	2026-04-13T01:27:08+08:00
Accusé	sm		被告	bi’ kao’		被告		9		true	自旧档汇入	2026-04-13T01:27:08+08:00
Accusé	sm		被告	’vè gnen		犯人		9	待定 犯聲調	true	自旧档汇入	2026-04-13T01:27:08+08:00
Accusé	sm	(de réception.)	回执，回单，收据	seû diao		收條		9		true	自旧档汇入	2026-04-13T01:27:08+08:00
Accusé	sm	(de réception.)	回执，回单，收据	kao’ ’tsen		告准		9		true	自旧档汇入	2026-04-13T01:27:08+08:00
Accuser		(au tribunal).	控告	kao’		吿		9		true	自旧档汇入	2026-04-13T01:27:08+08:00
Accuser		(au tribunal).	控告	k‘ong’ kao’		控告		9		true	自旧档汇入	2026-04-13T01:27:08+08:00
Accuser		Accuser faussement.	诬告	wou kao’		誣告		9		true	自旧档汇入	2026-04-13T01:27:08+08:00
Accuser		Accuser faussement.	诬告	waong’ kao’		妄吿		9		true	自旧档汇入	2026-04-13T01:27:08+08:00
Accuser		Accuser faussement.	诬告	’hoei pang	’h‘oei paong’	毁謗		9		true	自旧档汇入	2026-04-13T01:27:08+08:00
Accuser		Reprocher un défaut.	指责，谴责，非难	tsah bei’		責備		9		true	自旧档汇入	2026-04-13T01:27:08+08:00
Accuser		S’Accuser(C).	请罪	kao’ zu’		告罪		9		true	自旧档汇入	2026-04-13T01:27:08+08:00
Acerbe	adj		尖刻的，严厉的	li’ hai’		利害		9		true	自旧档汇入	2026-04-13T01:27:08+08:00
Acerbe	adj		尖刻的，严厉的	hiong ke’		凶个		9		true	自旧档汇入	2026-04-13T01:27:08+08:00
Acerbe	adj		尖刻的，严厉的	lèh ’seû ke’		辣手个		9		true	自旧档汇入	2026-04-13T01:27:08+08:00
Acéré	adj		尖锐的	k‘oa’		快		9		true	自旧档汇入	2026-04-13T01:27:08+08:00
Acéré	adj		尖锐的	tsié		尖		9		true	自旧档汇入	2026-04-13T01:27:08+08:00
Acérer	va		攒钢，铁上加钢	kaong		鋼		9		true	自旧档汇入	2026-04-13T01:27:08+08:00
Achalandé(bien)	adj		生意兴隆的	’tsu k‘ah tou		主客多		9		true	自旧档汇入	2026-04-13T01:27:08+08:00
Achalandé(bien)	adj		生意兴隆的	sang i’ nao’ gnéh		生意鬧熱		9		true	自旧档汇入	2026-04-13T01:27:08+08:00
Acharner		(s’)à	发奋，热衷于	tsé sin		專心		9		true	自旧档汇入	2026-04-13T01:27:08+08:00
Acharner		(s’)à	发奋，热衷于	kou’ tséh véh t‘ong		固執勿通		9		true	自旧档汇入	2026-04-13T01:27:08+08:00
Acharner		Acharner contre qqn.	猛烈追击	tsé meû hai’ i		專謀害伊		9		true	自旧档汇入	2026-04-13T01:27:08+08:00
Achat			购买	’ma		買		9		true	自旧档汇入	2026-04-13T01:27:08+08:00
Acheter	va	Acheter de la viande.	买肉	’ma		買		9		true	自旧档汇入	2026-04-13T01:27:08+08:00
Acheter	va	Acheter de la viande.	买肉	’ma gnôh		買肉		9		true	自旧档汇入	2026-04-13T01:27:08+08:00
Acheter	va	Acheter du tabac.	买烟	pao yé		包烟		9		true	自旧档汇入	2026-04-13T01:27:08+08:00
Acheter	va	Acheter en gros Acheter en détail.	整批地买进	ten taong ’ma	’ten taong ’ma	躉當買		9		true	自旧档汇入	2026-04-13T01:27:08+08:00
Acheter	va	Acheter en gros Acheter en détail.	零购	ling sé’ ’ma		零碎買		9		true	自旧档汇入	2026-04-13T01:27:08+08:00
Acheter	va	Acheter une charge.	买官	kieu koé tsou’		捐官做		9		true	自旧档汇入	2026-04-13T01:27:08+08:00
Acheter	va	Suborner.Gagner à prix d’argent.	收买，行贿	’foei lou’		賄賂		9		true	自旧档汇入	2026-04-13T01:27:08+08:00
Acheteur	sm	Chaland .	买主，顾客	’ma ’tsu		買主		9		true	自旧档汇入	2026-04-13T01:27:08+08:00
Acheteur	sm	Chaland .	买主，顾客	’ma k‘ah		買客		9		true	自旧档汇入	2026-04-13T01:27:08+08:00
Acheteur	sm	Chaland .	买主，顾客	’tsu k‘ah		主客		9		true	自旧档汇入	2026-04-13T01:27:08+08:00
Acheteur	sm	Faire l’office d’Acheteur.	买办	’ma bè’		買辦		9		true	自旧档汇入	2026-04-13T01:27:08+08:00
Achevé	adj	Terminé.	完成的	’mé kong ’la ’tsé		滿工拉者		9		true	自旧档汇入	2026-04-13T01:27:08+08:00
Achevé	adj	Terminé.	完成的	tsou’ ’h‘ao ’la ’tsé		做好拉者		9		true	自旧档汇入	2026-04-13T01:27:08+08:00
Achevé	adj	Parfait.	完善的	wé zié ’h‘ao ke’		完全好个		9		true	自旧档汇入	2026-04-13T01:27:08+08:00
Achever	va		结束，完成	tsou’ wé		做完		9		true	自旧档汇入	2026-04-13T01:27:08+08:00
Achever	va		结束，完成	tsou zeng kong		做成功		9		true	自旧档汇入	2026-04-13T01:27:08+08:00
Achever	va		结束，完成	tsou’ mé kong	tsou’ ’mé kong	做滿工		9		true	自旧档汇入	2026-04-13T01:27:08+08:00
Achillée	sf	(herbe)	蓍草	se’ ’ts‘ao		蓍草		9		true	自旧档汇入	2026-04-13T01:27:08+08:00
Acide	adj		酸的	seu ke’		酸个		9		true	自旧档汇入	2026-04-13T01:27:08+08:00
Acide	adj	Acide sm.Acide carbonique.	碳酸	ghiang ’se		强水		9		true	自旧档汇入	2026-04-13T01:27:08+08:00
Acide	adj	Acide chlorhydrique.	盐酸	t‘è k‘i’		炭氣		9		true	自旧档汇入	2026-04-13T01:27:08+08:00
Acide	adj	Acide chlorhydrique.	盐酸	yé ghiang ’se		鹽强水		9		true	自旧档汇入	2026-04-13T01:27:08+08:00
Acide	adj	Acide nitrique(azotique).	硝酸	siao ghiang ’se		硝强水		9		true	自旧档汇入	2026-04-13T01:27:08+08:00
Acide	adj	Acide sulfurique.	硫酸	wang ghiang ’se	waong ghiang ’se	磺强水		9		true	自旧档汇入	2026-04-13T01:27:08+08:00
Acidité	sf		酸性，酸度	seu mi’		酸味		9		true	自旧档汇入	2026-04-13T01:27:08+08:00
Acidulé	adj		略带酸味的	seu tse’ tse’		酸㴛㴛	酸？？	9		true	自旧档汇入	2026-04-13T01:27:08+08:00
Acier	sm		钢	kaong		鋼		9		true	自旧档汇入	2026-04-13T01:27:08+08:00
Aciérer	va		炼钢	lié’ kaong		煉鋼		9		true	自旧档汇入	2026-04-13T01:27:08+08:00
Acolyte	sm	Compagnon.	同伙，同党	dao bé’		啕伴	？伴	9		true	自旧档汇入	2026-04-13T01:27:08+08:00
Acolyte	sm	Qui a  reçu l’acolytat(C).	四品修士	se’ ’p‘in siang kong	se’ ’p‘in siang’ kong	四品相公		10		true	自旧档汇入	2026-04-13T01:27:08+08:00
Acolyte	sm	Servant de Messe(C).	(天主教宗教仪式中的)辅祭	wou’（fou’）mi sèh ke’		副彌撒个	輔彌撒个	10	待定	true	自旧档汇入	2026-04-13T01:27:08+08:00
Aconit	sm		岛头	’wou ’tse		[艹附]子	苻子	10		true	自旧档汇入	2026-04-13T01:27:08+08:00
Acoustique	sf		声学	seng yah		聲學		10		true	自旧档汇入	2026-04-13T01:27:08+08:00
Acquéreur	sm		买主	’ma k‘ah		買客		10		true	自旧档汇入	2026-04-13T01:27:08+08:00
Acquérir	va	Acheter.	买到	’ma		買		10		true	自旧档汇入	2026-04-13T01:27:08+08:00
Acquérir	va	Apprendre.	获得，掌握	hoh		學		10		true	自旧档汇入	2026-04-13T01:27:08+08:00
Acquérir	va	Acquérir par concession.	特许收购	’hiu teh		許得		10		true	自旧档汇入	2026-04-13T01:27:08+08:00
Acquiescer	vn		允诺，接受	’yun ’hiu		允許		10		true	自旧档汇入	2026-04-13T01:27:08+08:00
Acquiescer	vn		允诺，接受	zen’ zong		順從		10		true	自旧档汇入	2026-04-13T01:27:08+08:00
Acquiescer	vn		允诺，接受	gneu’ i		願意		10		true	自旧档汇入	2026-04-13T01:27:08+08:00
Acquiescer	vn	Adhérer.	同意	zu		隨		10		true	自旧档汇入	2026-04-13T01:27:08+08:00
Acquiescer	vn	Adhérer.	同意	zong		從		10		true	自旧档汇入	2026-04-13T01:27:08+08:00
Acquiescer	vn	Se soumettre.	听从，服从	t‘ing’ zong 		聽從		10	待定 聽聲調	true	自旧档汇入	2026-04-13T01:27:08+08:00
Acquis	pp		获得的，既得的	teh lai ke’		得來个		10		true	自旧档汇入	2026-04-13T01:27:08+08:00
Acquis	pp		获得的，既得的	teh zah ’la ke’		得着拉个		10		true	自旧档汇入	2026-04-13T01:27:08+08:00
Acquis	sm	Avoir de l’Acquis.	有知识，有经验	’yeû hoh ven’		有學問		10		true	自旧档汇入	2026-04-13T01:27:08+08:00
Acquis	sm	Avoir de l’Acquis.	有知识，有经验	’yeû zai keu	’yeû zai keu’	有才幹		10		true	自旧档汇入	2026-04-13T01:27:08+08:00
Acquit	sm		收条，凭据	seû p‘iao’		收票		10		true	自旧档汇入	2026-04-13T01:27:08+08:00
Acquit	sm		收条，凭据	seû diao		收條		10		true	自旧档汇入	2026-04-13T01:27:08+08:00
Acquit	sm		收条，凭据	seû tè		收單		10		true	自旧档汇入	2026-04-13T01:27:08+08:00
Acquit	sm	Faire par manière d’Acquit.	粗心地，马虎地	’liao ’liao’ ’ts‘ao ’ts‘ao tsou’		了了草草做		10		true	自旧档汇入	2026-04-13T01:27:08+08:00
Acquit	sm	Faire par manière d’Acquit.	粗心地，马虎地	yah yah wou tsou’ ze’ ’t‘i		約約乎做事體		10		true	自旧档汇入	2026-04-13T01:27:08+08:00
Acquitter	va	une dette.	偿还债务	wè dong dié		還銅錢		10		true	自旧档汇入	2026-04-13T01:27:08+08:00
Acquitter	va	une dette.	偿还债务	wè tsang’		還賬		10		true	自旧档汇入	2026-04-13T01:27:08+08:00
Acquitter	va	une dette.	偿还债务	wè tsa’		還債		10		true	自旧档汇入	2026-04-13T01:27:08+08:00
Acquitter		Acquitter un accusé.	宣告一个被告无罪	teu’ i m zu’		斷伊無罪	斷伊嘸罪	10		true	自旧档汇入	2026-04-13T01:27:08+08:00
Acquitter		S’Acquitter de ses devoirs.	履行义务	zin’ ’pen ven’		盡本分		10		true	自旧档汇入	2026-04-13T01:27:08+08:00
Acquitter		S’Acquitter de son office.	恪守本分	eu ven’ ’seû ’ki		安分守己		10		true	自旧档汇入	2026-04-13T01:27:08+08:00
Âcre	adj	Âcreté.sf.	辛辣的	lèh ke’		辣个		10		true	自旧档汇入	2026-04-13T01:27:08+08:00
Âcre	adj	Âcreté.sf.	辛辣的	lèh ke’ mi’ dao’		辣个味道		10		true	自旧档汇入	2026-04-13T01:27:08+08:00
Acrimonieux	adj		毒辣的，讽刺的	lèh sing’		辣性		10		true	自旧档汇入	2026-04-13T01:27:08+08:00
Acrimonieux	adj		毒辣的，讽刺的	bao’ tsao’		暴躁		10		true	自旧档汇入	2026-04-13T01:27:08+08:00
Acrobate	sm		杂技演员	’tseû soh ke’		走索个		10		true	自旧档汇入	2026-04-13T01:27:08+08:00
Acte	sm	Action	行为	hang wei		行為		10	原作“行，為行實，行事”	true	自旧档汇入	2026-04-13T01:27:08+08:00
Acte	sm	Action	行为	hang zéh		行實		10		true	自旧档汇入	2026-04-13T01:27:08+08:00
Acte	sm	Action	行为	hang ze’		行事		10		true	自旧档汇入	2026-04-13T01:27:08+08:00
Acte	sm	Les Acte des apôtres(C).	信德的行为	tsong dou ze’ liah		宗徒事略		10		true	自旧档汇入	2026-04-13T01:27:08+08:00
Acte	sm	Certificat.	证书	bing kiu’		憑據		10		true	自旧档汇入	2026-04-13T01:27:08+08:00
Acte	sm	Écrit authentique.	文件，契约	k‘i’ tsang		契章		10		true	自旧档汇入	2026-04-13T01:27:08+08:00
Acte	sm	Écrit authentique.	文件，契约	ven su		文書		10		true	自旧档汇入	2026-04-13T01:27:08+08:00
Acte	sm	Écrit authentique.	文件，契约	tè ’tse		單紙		10		true	自旧档汇入	2026-04-13T01:27:08+08:00
Acte	sm	Acte d’un drame.	一幕戏	ih ts‘èh hi’	ih ts‘éh hi’	一齣戯		10		true	自旧档汇入	2026-04-13T01:27:08+08:00
Acteur	sm		演员	hi’ ’tse		戲子		10		true	自旧档汇入	2026-04-13T01:27:08+08:00
Actif	adj	Diligent.	积极的，勤劳的	ghien ’kien		勤緊	勤？	10		true	自旧档汇入	2026-04-13T01:27:08+08:00
Actif	adj	Diligent.	积极的，勤劳的	’pouo kiéh		把急	？？	10		true	自旧档汇入	2026-04-13T01:27:08+08:00
Actif	adj	Remède Actif.	有效药	yah sing’ dou’		藥性大		10		true	自旧档汇入	2026-04-13T01:27:08+08:00
Actif	adj	L’Actif et le passif d’un marchand.	商人的资产和负债	’pen k‘ié’		本欠		10		true	自旧档汇入	2026-04-13T01:27:08+08:00
Action	sf	(acte)	行动，活动	hang ze’		行事		10		true	自旧档汇入	2026-04-13T01:27:08+08:00
Action	sf	Les Action(la conduite).	动作，行为	’kiu dong’		舉動		10	待定 动声调	true	自旧档汇入	2026-04-13T01:27:08+08:00
Action	sf	Les Action(la conduite).	动作，行为	hang wei		行為		10		true	自旧档汇入	2026-04-13T01:27:08+08:00
Action	sf	Part d’intérêt.Action de grâces.	股份	’kou deû		股頭		10		true	自旧档汇入	2026-04-13T01:27:08+08:00
Action	sf	Part d’intérêt.Action de grâces.	股份	ven’ deû		分頭		10		true	自旧档汇入	2026-04-13T01:27:08+08:00
Action	sf	Part d’intérêt.Action de grâces.	感恩礼拜	’ké’ zia’		感謝		10		true	自旧档汇入	2026-04-13T01:27:08+08:00
Actionnaire	sm		股东	kéh ven’ deû ke’		合分頭个		10		true	自旧档汇入	2026-04-13T01:27:08+08:00
activement	adv.	adv.	积极地，活跃地	mè ’saong k‘oa’		蠻爽快		11		true	自旧档汇入	2026-04-13T01:27:08+08:00
activer 	va.	 -le feu en éventant	促进，加快	ts‘u		催		11		true	自旧档汇入	2026-04-13T01:27:08+08:00
activer 	va.	activer le feu en éventant	促进，加快	sé’ ’h‘ou		扇火		11		true	自旧档汇入	2026-04-13T01:27:08+08:00
actuel	adi.	(temps). 	目前的，现实的，当前的	yé’ zai’ ke’		現在个		11		true	自旧档汇入	2026-04-13T01:27:08+08:00
actuel	adi.	(temps). 	目前的，现实的，当前的	moh zié ke’,		目前个		11		true	自旧档汇入	2026-04-13T01:27:08+08:00
actuel	adi.	Propre; péché--	目前的，现实的，当前的	’pen		本		11		true	自旧档汇入	2026-04-13T01:27:08+08:00
actuel	adi.	Propre; péché--	目前的，现实的，当前的	’pen zu’		本罪		11		true	自旧档汇入	2026-04-13T01:27:08+08:00
actuellement	adv.		目前地，现实地，当前地	moh ’ya		目下		11		true	自旧档汇入	2026-04-13T01:27:08+08:00
actuellement	adv.		目前地，现实地，当前地	yé’ kien		現今		11		true	自旧档汇入	2026-04-13T01:27:08+08:00
actuellement	adv.		目前地，现实地，当前地	zu kien		如今		11		true	自旧档汇入	2026-04-13T01:27:08+08:00
acuponcture	sf. 		针刺，针刺疗法	tsen ’kieû		針灸		11		true	自旧档汇入	2026-04-13T01:27:08+08:00
acuponcture	sf. 		针刺，针刺疗法	gnéh tsen		熱針		11		true	自旧档汇入	2026-04-13T01:27:08+08:00
acuponcture	sf. 		针刺，针刺疗法	 ’lang tsen		冷針		11		true	自旧档汇入	2026-04-13T01:27:08+08:00
acuponcture	sf. 	Habile à pratiquer l'-	擅长针灸	i tsen lai teh fèh		伊針來得法		11		true	自旧档汇入	2026-04-13T01:27:08+08:00
adage	sm.		格言，寓言	zôh ’gnu wo’		俗語話		11		true	自旧档汇入	2026-04-13T01:27:08+08:00
adage	sm.		格言，寓言	’kou wo’. 		古話		11		true	自旧档汇入	2026-04-13T01:27:08+08:00
adapter	va.	Áppliquer. Ajuster. S'-	使适应，运用，调整	p‘ei’ tei’		配對		11		true	自旧档汇入	2026-04-13T01:27:08+08:00
adapter	va.	Áppliquer. Ajuster. S'-	使适应，运用，调整	siang tei’.		相對		11		true	自旧档汇入	2026-04-13T01:27:08+08:00
addition	sf. 		增加物	kéh ’long lai		合攏來		11		true	自旧档汇入	2026-04-13T01:27:08+08:00
addition	sf. 		增加物	ping’ ’long lai.		併攏來		11		true	自旧档汇入	2026-04-13T01:27:08+08:00
additionner	va.		增加，添补	déh ’k‘i lai		叠起來		11		true	自旧档汇入	2026-04-13T01:27:08+08:00
additionner	va.		增加，添补	déh fèh		叠法		11		true	自旧档汇入	2026-04-13T01:27:08+08:00
additionner	va.		增加，添补	’tsong kiéh		總結		11		true	自旧档汇入	2026-04-13T01:27:08+08:00
additionnel	adj.		附加的	ling’ nga’ ke’.		另外个		11		true	自旧档汇入	2026-04-13T01:27:08+08:00
adepte	sm.		教徒、信徒	wei’ ’yeû		會友		11		true	自旧档汇入	2026-04-13T01:27:08+08:00
adepte	sm.		教徒、信徒	siang lié		相連		11		true	自旧档汇入	2026-04-13T01:27:08+08:00
adéquat	adj.	Exact. 	符合的，恰当的	tseng’ tei’		正對		11		true	自旧档汇入	2026-04-13T01:27:08+08:00
adéquat	adj.	Complet.	完全的	zeng zié		成全		11		true	自旧档汇入	2026-04-13T01:27:08+08:00
adhérent	sm.		党员，会员，参与者	wei’ ’yeû.		會友		11		true	自旧档汇入	2026-04-13T01:27:08+08:00
adhérer	vn.	(personne); (chose)	参与，加入	zen’ zong;		順從		11		true	自旧档汇入	2026-04-13T01:27:08+08:00
adhérer	vn.	(personne); (chose)	参与，加入	tèh lao		搭牢	？牢	11		true	自旧档汇入	2026-04-13T01:27:08+08:00
adhérer	vn.	(personne); (chose)	参与，加入	t‘ih zu’.		貼住		11		true	自旧档汇入	2026-04-13T01:27:08+08:00
adieu	loc. Adv. 		再见，永别	kah gnéh wei’		隔日會		11		true	自旧档汇入	2026-04-13T01:27:08+08:00
adieu	loc. Adv. 		再见，永别	ming tsao wei’		明朝會		11		true	自旧档汇入	2026-04-13T01:27:08+08:00
adieu	loc. Adv. 		再见，永别	è’ hiéh wei’		晚歇會	晏歇會	11		true	自旧档汇入	2026-04-13T01:27:08+08:00
adieu	loc. Adv. 		再见，永别	zu ze wei’.		隨時會		11		true	自旧档汇入	2026-04-13T01:27:08+08:00
adieu	loc. Adv. 	Faire ses adieu à ses parents; 	向父母告别	kao’ biéh vou’ ’mou		告别父母		11		true	自旧档汇入	2026-04-13T01:27:08+08:00
adieu	loc. Adv. 	adieu du partant (visite)	查不到该法语表达	kao’ze		告辭		11		true	自旧档汇入	2026-04-13T01:27:08+08:00
adieu	loc. Adv. 	adieu au partant	查不到该法语表述	song’ hang		送行		11		true	自旧档汇入	2026-04-13T01:27:08+08:00
adjacent	adj.		相近的，相邻的	siang ghien’ ke’		相近个		11		true	自旧档汇入	2026-04-13T01:27:08+08:00
adjoindre	va.		增加，添加	ka		加		11		true	自旧档汇入	2026-04-13T01:27:08+08:00
adjoindre	va.		增加，添加	t‘ié		添		11		true	自旧档汇入	2026-04-13T01:27:08+08:00
adjoint	sm.	Préfet adjoint	副手，助理	paong bè’		幫辦		11		true	自旧档汇入	2026-04-13T01:27:08+08:00
adjoint	sm.	Préfet adjoint	副手，助理	eul’ ’fou		貳府		11		true	自旧档汇入	2026-04-13T01:27:08+08:00
adjoint	sm.	chaque titulaire a son adjoint	每个正式任职人员有一个副手	ih tseng’ ih fou’		一正一副		11		true	自旧档汇入	2026-04-13T01:27:08+08:00
adjudant	sm.		副职军官	fou’ ya		副爺		11		true	自旧档汇入	2026-04-13T01:27:08+08:00
adjuger.	 va.	à qqn. S'-	将某物占为己有	teu’ péh ’la gnen;		斷撥拉人		11		true	自旧档汇入	2026-04-13T01:27:08+08:00
adjuger.	 va.	à qqn. S'-	将某物占为己有	se ’ts‘u		私取		11	此處“私取吞吃”格式按照羅馬字分開	true	自旧档汇入	2026-04-13T01:27:08+08:00
adjuger.	 va.	à qqn. S'-	将某物占为己有	t‘en k‘ieh		吞吃		11		true	自旧档汇入	2026-04-13T01:27:08+08:00
adjurer	va.		（以神的名义）要求；恳请，恳求	fèh ze’ 		發誓		11		true	自旧档汇入	2026-04-13T01:27:08+08:00
adjurer	va.		（以神的名义）要求；恳请，恳求	vèh tseu	vèh tseu’	罰咒		11		true	自旧档汇入	2026-04-13T01:27:08+08:00
admettre	va.		接受	woh lèh		服辣	服？	11		true	自旧档汇入	2026-04-13T01:27:08+08:00
admettre	va.		接受	pa’ woh		拜服		11		true	自旧档汇入	2026-04-13T01:27:08+08:00
admettre	va.	Je n'admets pas cette explication.	我不接受你这个解释	’ngou véh woh di’ kiu’ seh wo’		我勿服第句説話		11		true	自旧档汇入	2026-04-13T01:27:08+08:00
admettre	va.	permettre	允许	’hiu		許		12		true	自旧档汇入	2026-04-13T01:27:08+08:00
admettre	va.	permettre	允许	’tsen ’hiu		准許		12		true	自旧档汇入	2026-04-13T01:27:08+08:00
admettre	va.	permettre	允许	gnang’		讓		12		true	自旧档汇入	2026-04-13T01:27:08+08:00
admettre	va.	croire	相信	sin’		信		12		true	自旧档汇入	2026-04-13T01:27:08+08:00
admettre	va.	croire	相信	siang sin’		相信		12		true	自旧档汇入	2026-04-13T01:27:08+08:00
admettre	va.	supposer. Admettons que…	比方，如果，假使	’pi faong		比方		12		true	自旧档汇入	2026-04-13T01:27:08+08:00
admettre	va.	supposer. Admettons que…		zah se	zah ’se	若使		12		true	自旧档汇入	2026-04-13T01:27:08+08:00
admettre	va.	supposer. Admettons que…	比方，如果，假使	zu ’kou		如果		12		true	自旧档汇入	2026-04-13T01:27:08+08:00
administrateur	sm. 		管理人	’koé ze’ ke’		管事个		12		true	自旧档汇入	2026-04-13T01:27:08+08:00
administrateur	sm. 		管理人	taong ’seû ke’		當首个		12		true	自旧档汇入	2026-04-13T01:27:08+08:00
administrateur	sm. 	administrateur d'une chrétienté	一个教区的负责人	bè ze’gnen		辦事人		12		true	自旧档汇入	2026-04-13T01:27:08+08:00
administration	sf.		管理人	kong se		公司		12		true	自旧档汇入	2026-04-13T01:27:08+08:00
administration	sf.	administration publique	公共事务管理	kôh kia tseng’ ze’		國家政事		12		true	自旧档汇入	2026-04-13T01:27:08+08:00
administré	sm. 		属下	’seû ’hao ke’		手下个		12		true	自旧档汇入	2026-04-13T01:27:08+08:00
administré	sm. 	subordonné	部下，下属	zôh ’hao(’ya) ke’gnen		屬下个人		12		true	自旧档汇入	2026-04-13T01:27:08+08:00
administrer	va.		经营，经管	kien ’koé 		經管		12	待定	true	自旧档汇入	2026-04-13T01:27:08+08:00
administrer	va.		经营，经管	tsao’ yeng’		照應		12		true	自旧档汇入	2026-04-13T01:27:08+08:00
administrer	va.	administrer (rendre) la justice	司法官员	’sen koé se		審官司		12		true	自旧档汇入	2026-04-13T01:27:08+08:00
administrer	va.	administrer les Sacrements	行圣礼	fou’ seng’ ze’		付聖事		12		true	自旧档汇入	2026-04-13T01:27:08+08:00
administrer	va.	administrer les Sacrements	行圣礼	hang seng’ ze’		行聖事		12		true	自旧档汇入	2026-04-13T01:27:08+08:00
administrer	va.	administrer (donner) un remède	用药	’hao yah		下藥		12		true	自旧档汇入	2026-04-13T01:27:08+08:00
admirable	adj.		惊人的，奇妙的	ghi miao’		奇妙		12		true	自旧档汇入	2026-04-13T01:27:08+08:00
admirable	adj.		惊人的，奇妙的	ghi ’k‘iao		奇巧		12		true	自旧档汇入	2026-04-13T01:27:08+08:00
admirer	va.		赞赏	hi ghi		稀奇		12		true	自旧档汇入	2026-04-13T01:27:08+08:00
admissible	adj. 	croyable. Convenable 	可信的；适当的	’k‘o sin’ ke’		可信个		12		true	自旧档汇入	2026-04-13T01:27:08+08:00
admissible	adj. 	croyable. Convenable 	可信的；适当的	siang tei’ ke’		相對个		12		true	自旧档汇入	2026-04-13T01:27:08+08:00
admissible	adj. 	acceptable	可接受的	seû teh ke’		收得个		12		true	自旧档汇入	2026-04-13T01:27:08+08:00
admonester	va.		训斥，训诫	tsah bei’		責備		12		true	自旧档汇入	2026-04-13T01:27:08+08:00
admonester	va.		训斥，训诫	kiao’ hiun’		教訓		12		true	自旧档汇入	2026-04-13T01:27:08+08:00
admonition	sf. 	Avis	训诫	kiao’ hiun’		教訓		12		true	自旧档汇入	2026-04-13T01:27:08+08:00
admonition	sf. 	Réprimande	谴责，斥责	tsah bei’		責備		12		true	自旧档汇入	2026-04-13T01:27:08+08:00
adolescence	sf.		青春，青少年期	’sao gné ke’ ze h‘eû’		少年个時候		12		true	自旧档汇入	2026-04-13T01:27:08+08:00
adolescent	sm.		青年人	’sao gné gnen 		少年人		12		true	自旧档汇入	2026-04-13T01:27:08+08:00
adolescent	sm.		青年人	gné k‘ieng gnen		年輕人		12		true	自旧档汇入	2026-04-13T01:27:08+08:00
adolescent	sm.		青年人	’siao fou ’tse		小夫子		12		true	自旧档汇入	2026-04-13T01:27:08+08:00
adonner		(s')à	专心于，沉湎于	ai’		愛		12		true	自旧档汇入	2026-04-13T01:27:08+08:00
adonner		(s')à	专心于，沉湎于	fèh fen’		發奮		12		true	自旧档汇入	2026-04-13T01:27:08+08:00
adonner		(s')à	专心于，沉湎于	’k‘ao kieû	’k‘ao kieû’	考究		12		true	自旧档汇入	2026-04-13T01:27:08+08:00
adonner		(s')à	专心于，沉湎于	tsé men		專門		12		true	自旧档汇入	2026-04-13T01:27:08+08:00
adopter	va.		收养	tsao’	tsao	招		12		true	自旧档汇入	2026-04-13T01:27:08+08:00
adopter	va.		收养	kou’ waong gni’ tse	kou’ waong gni ’tse	過房倪子	過房兒子	12	格式錯誤	true	自旧档汇入	2026-04-13T01:27:08+08:00
adopter	 V.g.	suivre.	跟随	zu		隨		12		true	自旧档汇入	2026-04-13T01:27:08+08:00
adopter	 V.g.	adopter l'avis d'un autre	遵照别人的观点	tsao’ biéh gnen ke’ i’ se 		照别人意思		12		true	自旧档汇入	2026-04-13T01:27:08+08:00
adoptif	adj. 	Fils adoptif	养子	kou’ waong ke’ i’se		過房兒子		12		true	自旧档汇入	2026-04-13T01:27:08+08:00
adoptif	adj. 	fils --(de nom).	养子	keu sang gni ’tse		乾生兒子		12		true	自旧档汇入	2026-04-13T01:27:08+08:00
adoptif	adj. 	père ---(de nom).	养父	keu sang ya		乾生爺		12		true	自旧档汇入	2026-04-13T01:27:08+08:00
adoptif	adj. 	père ---(de nom).	养父	kou’ waong ya		過房爺		12		true	自旧档汇入	2026-04-13T01:27:08+08:00
adoption		(parent par).	收养	keu ts‘in ka		乾親家		12		true	自旧档汇入	2026-04-13T01:27:08+08:00
adorable	adj.		令人爱慕的	’k‘o k‘ien zong ke’		可欽崇个		12		true	自旧档汇入	2026-04-13T01:27:08+08:00
adorer	va.		崇拜，崇敬	k‘ien zong		欽崇		12		true	自旧档汇入	2026-04-13T01:27:08+08:00
adorer	va.		崇拜，崇敬	kong kieng’		崇敬		12		true	自旧档汇入	2026-04-13T01:27:08+08:00
adorer	va.	adorer par signes extérieurs.	朝圣	zao pa’		朝拜		12		true	自旧档汇入	2026-04-13T01:27:08+08:00
adosser		et s' adosser	背靠，靠	k‘ao’ zah		靠著		12		true	自旧档汇入	2026-04-13T01:27:08+08:00
adosser		et s' adosser	背靠，靠	k‘ai ’la	gai ’la	塏拉		12		true	自旧档汇入	2026-04-13T01:27:08+08:00
adoucir	va.	qqn. 	减轻某人的痛苦	sih nou’		息怒		13		true	自旧档汇入	2026-04-13T01:27:08+08:00
adoucir	va.	s' adoucir 	使柔软，使减轻	sih nou’		息怒		13		true	自旧档汇入	2026-04-13T01:27:08+08:00
adresse	vr.	Mettre	地址	sin’ fong mié’		信封面		13		true	自旧档汇入	2026-04-13T01:27:08+08:00
adresse	sf. 	l' adresse sur une enveloppe.	信封上的地址	k‘ai sin fong mié’	k‘ai sin’ fong mié’	開信封面		13		true	自旧档汇入	2026-04-13T01:27:08+08:00
adresse	sf. 	demande l'--- de qqn	向某人要地址	men’ gnen zu’ ts‘u’		問人住處		13		true	自旧档汇入	2026-04-13T01:27:08+08:00
adresse	sf. 	habileté	灵巧，技巧	’pen ze’		本事		13		true	自旧档汇入	2026-04-13T01:27:08+08:00
adresse	sf. 	habileté	灵巧，技巧	’h‘ao ’seû		好手		13		true	自旧档汇入	2026-04-13T01:27:08+08:00
adresse	sf. 	habileté	灵巧，技巧	neng keu	neng keu’	能幹		13		true	自旧档汇入	2026-04-13T01:27:08+08:00
adresse	sf. 	tours d'---	杂技，技巧性游戏	ts‘éh hi’ fèh		出戲法		13		true	自旧档汇入	2026-04-13T01:27:08+08:00
adresse	sf. 	tours d'---	杂技，技巧性游戏	pié’ hi fèh		變戲法		13		true	自旧档汇入	2026-04-13T01:27:08+08:00
adresser	va. 	Envoyer.	邮寄	ki’		寄		13		true	自旧档汇入	2026-04-13T01:27:08+08:00
adresser	va. 	adresser la parole à qqn	向某人说话	tei’ gnen wo’		對人話		13		true	自旧档汇入	2026-04-13T01:27:08+08:00
adresser	va. 	s'--- à qqn. Aller le trouver; avoir recours à lui	去找某人；	k‘i’ kié		去見		13		true	自旧档汇入	2026-04-13T01:27:08+08:00
adresser	va. 	 avoir recours à lui	求助于某人	men’ i ghieû kieû’		問伊求救		13		true	自旧档汇入	2026-04-13T01:27:08+08:00
adroit	adj.		灵巧的，敏捷的	ling long		玲瓏		13		true	自旧档汇入	2026-04-13T01:27:08+08:00
adroit	adj.	adroit des mains	灵巧的，敏捷的	ling ’k‘iao		靈巧		13		true	自旧档汇入	2026-04-13T01:27:08+08:00
adroit	adj.		双手灵巧	’k‘iao ’seû		巧手		13		true	自旧档汇入	2026-04-13T01:27:08+08:00
aduler	va.		阿谀奉承	ts‘è mei’ wong’ zeng	’ts‘è mei’ wong’ zeng	諂媚奉承		13		true	自旧档汇入	2026-04-13T01:27:08+08:00
adulte	sm.	 (être devenu)	成人	zeng gnen 		成人		13		true	自旧档汇入	2026-04-13T01:27:08+08:00
adulte	adj. 	Mri ---	大人	’tsang dou’		長大		13		true	自旧档汇入	2026-04-13T01:27:08+08:00
adulte	adj. 	Mri ---	大人	dou’ gnen		大人		13		true	自旧档汇入	2026-04-13T01:27:08+08:00
adultère	adj. 		通奸的人	kiè fou		奸夫		13		true	自旧档汇入	2026-04-13T01:27:08+08:00
adultère	adj. 	Femme ---	奸妇	kiè wou’		奸婦		13		true	自旧档汇入	2026-04-13T01:27:08+08:00
adultère	adj. 	commettre un ---	通奸	’vè kiè		犯奸		13		true	自旧档汇入	2026-04-13T01:27:08+08:00
adultérer	va.		伪造，掺假	ts‘è ’ka		攙假		13		true	自旧档汇入	2026-04-13T01:27:08+08:00
adversaire		partie adverse	对手，敌方	tei’ deû		對頭		13		true	自旧档汇入	2026-04-13T01:27:08+08:00
adversité	sf. 		逆境，不幸	gneh ’kieng 		逆境		13	待定 境聲調	true	自旧档汇入	2026-04-13T01:27:08+08:00
advertance 	sf.			wè’ nè		患難		13		true	自旧档汇入	2026-04-13T01:27:08+08:00
advertance 	sf. 			’wou wè’ 		禍患		13		true	自旧档汇入	2026-04-13T01:27:08+08:00
advertance 	sf.			lieû sin		留心		13		true	自旧档汇入	2026-04-13T01:27:08+08:00
advertance 	sf.	dit sans ---	无心地说	’yeû ’k‘eû wou sin		有口無心		13		true	自旧档汇入	2026-04-13T01:27:08+08:00
aérer	va. 	Donner de l'air	通风，通气	ts‘éh s‘éh k‘i’	ts‘éh ts‘éh k‘i’	出出氣		13		true	自旧档汇入	2026-04-13T01:27:08+08:00
aérer	va. 	Donner de l'air	通风，通气	t‘ong t‘ong fong		通通風		13		true	自旧档汇入	2026-04-13T01:27:08+08:00
aérer	va. 	aérer exposer à l'air	晾在空气里	liang ih liang	liang’ ih liang’	凉一凉	晾一晾	13	待定	true	自旧档汇入	2026-04-13T01:27:08+08:00
aérien	va. 	aérer exposer à l'air	晾在空气里	laong laong	laong’ laong’	㫰㫰		13		true	自旧档汇入	2026-04-13T01:27:08+08:00
aérien	adj.		大气的，空气的	k‘ong tsong ke’		空中个		13		true	自旧档汇入	2026-04-13T01:27:08+08:00
aérolithe	sm.		陨石	’h‘ou k‘oei’		火塊		13		true	自旧档汇入	2026-04-13T01:27:08+08:00
aérostat	sm.		浮空器	k‘i’ teng		氣灯		13		true	自旧档汇入	2026-04-13T01:27:08+08:00
affabilité	sf.		和蔼，和气	wou zen’		和順		13		true	自旧档汇入	2026-04-13T01:27:08+08:00
affable	adj.		和蔼可亲的	wou k‘i’		和氣		13		true	自旧档汇入	2026-04-13T01:27:08+08:00
affable	adj.		和蔼可亲的	wen wou		温和		13		true	自旧档汇入	2026-04-13T01:27:08+08:00
affaibli	adj.	(et) s'affaiblir	变弱的，衰弱的	t‘ai’ dè’ ’tsé		太淡者		13		true	自旧档汇入	2026-04-13T01:27:08+08:00
affaibli	adj.	(et) s'affaiblir	变弱的，衰弱的	sai zah		衰弱		13		true	自旧档汇入	2026-04-13T01:27:08+08:00
affaibli	adj.	(et) s'affaiblir	变弱的，衰弱的	long’ ’gneu		弄軟		13		true	自旧档汇入	2026-04-13T01:27:08+08:00
affaibli	adj.	(et) s'affaiblir	变弱的，衰弱的	pié’ ’gneu		變軟		13		true	自旧档汇入	2026-04-13T01:27:08+08:00
affaibli	adj.	(et) s'affaiblir	变弱的，衰弱的	ze’ ’t‘i		事體		13		true	自旧档汇入	2026-04-13T01:27:08+08:00
affaire	sf.		事情	ze’ zing		事情		13		true	自旧档汇入	2026-04-13T01:27:08+08:00
affaire	sf.	voici l'---		véh ze’ biéh yang’ sa’		勿是别樣啥		13		true	自旧档汇入	2026-04-13T01:27:08+08:00
affaire	sf.	la belle ---!	这是好事！	seu sa’ ze’ ’t‘i		算啥事體		13		true	自旧档汇入	2026-04-13T01:27:08+08:00
affaire	sf.	ce n'est pas une ---.	这不是什么大事	m sa’ vè nè 		無啥煩難	嘸啥煩惱	13		true	自旧档汇入	2026-04-13T01:27:08+08:00
affaire	sf.	attribution. (v.g.) C'est l'-- d'un tel.		ze’ i ke’ ze’ ’t‘i		是伊个事體		14		true	自旧档汇入	2026-04-13T01:27:08+08:00
affaire	sf.	convenance. C'est bien intérêt	这对我很有利	wei’ ’ngou héh ’h‘ao	wei’ ’ngou h‘éh ’h‘ao	為我恰好		14		true	自旧档汇入	2026-04-13T01:27:08+08:00
affaire	sf.	… de famille.	家务事	ka wou’ ze’ ’t‘i		家務事體		14		true	自旧档汇入	2026-04-13T01:27:08+08:00
affaire	sf.	… publique	公事	kong ze’		公事		14		true	自旧档汇入	2026-04-13T01:27:08+08:00
affaire	sf.	… publique	公事	koé zang ze’ ’t‘i		官場事體		14		true	自旧档汇入	2026-04-13T01:27:08+08:00
affaire	sf.	commerce. faire de bonnes …	做一桩好买卖	tsou’ ’h‘ao sang i’		做好生意		14		true	自旧档汇入	2026-04-13T01:27:08+08:00
affaire	sf.	démêlés. S'attirer des …	引来麻烦	’za ze’		惹事		14		true	自旧档汇入	2026-04-13T01:27:08+08:00
affaire	sf.	en susciter pour des riens	无事生非	m teu sang ze’		無端生事	嘸端生事	14		true	自旧档汇入	2026-04-13T01:27:08+08:00
affaire	sf.	faiseur d'…	惹是生非的人	tou ze’		多事		14		true	自旧档汇入	2026-04-13T01:27:08+08:00
affaire	adj.	Pressé	忙碌的	maong maong lôh lôh		忙忙碌碌		14		true	自旧档汇入	2026-04-13T01:27:08+08:00
affairé	adj.	surchargé	工作繁重的	gnéh zôh maong sèh		日逐忙殺		14		true	自旧档汇入	2026-04-13T01:27:08+08:00
affaisser		(s') (personne)	消沉，沮丧	k‘èh(èh)’tao		壓倒	？（壓）倒	14		true	自旧档汇入	2026-04-13T01:27:08+08:00
affaisser		s'…(chose)	使下沉	zié’ zié’ tse ’zou ’hao k‘i’		漸漸之坐下去		14	待定 坐聲調	true	自旧档汇入	2026-04-13T01:27:08+08:00
affaisser		plier sous le poids. Crouler	压倒某物	t‘è ’hao lai		坍下來		14		true	自旧档汇入	2026-04-13T01:27:08+08:00
affamer 	va.		使挨饿	ngou’ sèh		餓殺		14		true	自旧档汇入	2026-04-13T01:27:08+08:00
affamer 	va.		使挨饿	ziéh zeh		絶食		14		true	自旧档汇入	2026-04-13T01:27:08+08:00
affecté	adj. 	Simulé	假装的	’ka tsaong ts‘éh lai ke’		假裝出來个		14		true	自旧档汇入	2026-04-13T01:27:08+08:00
affecté	adj. 	forcé	强迫的	véh ze’ zé ke’		勿自然个		14		true	自旧档汇入	2026-04-13T01:27:08+08:00
affecté	adj. 	ému	感动的	dong’ sin		動心		14		true	自旧档汇入	2026-04-13T01:27:08+08:00
affecter	va. 	Désirer	想要	t‘é		貪		14		true	自旧档汇入	2026-04-13T01:27:08+08:00
affecter	va.	Désirer	想要	t‘é  koang yong		貪光榮		14		true	自旧档汇入	2026-04-13T01:27:08+08:00
affecter	va.	employer souvent (v.g. … les grands mots)	经常说大话	zang zang yong’(wo’ dou’ wo’)		常常用（説大話）		14		true	自旧档汇入	2026-04-13T01:27:08+08:00
affecter	va.	faire à dessein	为了，目的是	kou’ i’ ke’		故意个		14		true	自旧档汇入	2026-04-13T01:27:08+08:00
affecter	va.	destiner à un usage	一定要用某物	ding’ taong’ yao’ yong’		定當要用		14		true	自旧档汇入	2026-04-13T01:27:08+08:00
affecter	va.	simuler	假装，模仿	tsaong		裝		14	原作“妝”	true	自旧档汇入	2026-04-13T01:27:08+08:00
affecter	va.	simuler	假装，模仿	’ka tsaong		假裝		14		true	自旧档汇入	2026-04-13T01:27:08+08:00
affecter	va.	causer de la peine	引起某人伤心痛苦	saong gnen sin		傷人心		14		true	自旧档汇入	2026-04-13T01:27:08+08:00
affecter	va.	causer de la peine	引起某人伤心痛苦	’za gnen nè kou’		惹人難過		14		true	自旧档汇入	2026-04-13T01:27:08+08:00
affecter	va.	s'…	受伤	yeû saong 		憂傷		14		true	自旧档汇入	2026-04-13T01:27:08+08:00
affectif	adj.		富有情感的，感人的	’yeû zing ke’		有情个		14		true	自旧档汇入	2026-04-13T01:27:08+08:00
affection	sf.	Amour	感情，爱情	ai’ zing		愛情		14		true	自旧档汇入	2026-04-13T01:27:08+08:00
affection	sf.	sentiment de l'âme 	情感	zing		情		14		true	自旧档汇入	2026-04-13T01:27:08+08:00
affection	sf.	les 7 … :	七情	ts‘ih zing		七情		14		true	自旧档汇入	2026-04-13T01:27:08+08:00
affection	sf.	joie	高兴	’hi		喜		14		true	自旧档汇入	2026-04-13T01:27:08+08:00
affection	sf.	colère	生气	nou’		怒		14		true	自旧档汇入	2026-04-13T01:27:08+08:00
affection	sf.	tristesse	伤心	ai’ 		哀		14		true	自旧档汇入	2026-04-13T01:27:08+08:00
affection	sf.	crainte	害怕	ghiu’		懼		14		true	自旧档汇入	2026-04-13T01:27:08+08:00
affection	sf.	amour	爱情	ai’		愛		14		true	自旧档汇入	2026-04-13T01:27:08+08:00
affection	sf.	haine	厌恶	ou’		惡		14		true	自旧档汇入	2026-04-13T01:27:08+08:00
affection	sf.	désir	欲望	yôh		欲		14		true	自旧档汇入	2026-04-13T01:27:08+08:00
affection	sf.	… de poitrine	查不到现代法语中的对应表达	lao bing’		癆病		14		true	自旧档汇入	2026-04-13T01:27:08+08:00
affection	sf.	attraper une … contagieuse	感染瘟疫	zeû wen k‘i’		受瘟氣		14		true	自旧档汇入	2026-04-13T01:27:08+08:00
affectionné	adj. 	Aimé	受疼爱的	t‘ong ai’ ke’ 		疼愛个		14	待定 疼声调、韵母	true	自旧档汇入	2026-04-13T01:27:08+08:00
affectionné	adj. 	Aimé	受疼爱的	se gnè’ ghieh ts‘ih		思念極切		14		true	自旧档汇入	2026-04-13T01:27:08+08:00
affectionné	adj. 	dévoué [… à ses amis]	思念朋友	tse ’ki ke’		知己个		14		true	自旧档汇入	2026-04-13T01:27:08+08:00
affectionné	adj. 	dévoué [… à ses amis]	思念朋友	tsong sin ke’		忠心个		14		true	自旧档汇入	2026-04-13T01:27:08+08:00
affectionner	va.		喜欢，喜爱	’hi foé		喜歡		14		true	自旧档汇入	2026-04-13T01:27:08+08:00
affectionner	va.		喜欢，喜爱	gnéh ai’		熱愛		14		true	自旧档汇入	2026-04-13T01:27:08+08:00
affectueux	adj.		多情的，情感丰富的	’hi foé biéh gnen		喜歡别人		15		true	自旧档汇入	2026-04-13T01:27:08+08:00
affectueux	adj.		多情的，情感丰富的	tou zing		多情		15		true	自旧档汇入	2026-04-13T01:27:08+08:00
affectueux	adj.	se montrer …	表现得深情	fàh ts‘eh ai’ zing lai	fèh ts‘eh ai’ zing lai	發出愛情來		15		true	自旧档汇入	2026-04-13T01:27:08+08:00
afférente	Adj.	(part). 	属于某人的	koh gnen ke’ ming ven’		各人个名分		15		true	自旧档汇入	2026-04-13T01:27:08+08:00
affermer	va.		出租，租赁	ts‘éh tsou		出租		15		true	自旧档汇入	2026-04-13T01:27:08+08:00
affermer	va.		出租，租赁	ts‘éh dié’ 		出佃		15		true	自旧档汇入	2026-04-13T01:27:08+08:00
affermer	va.		出租，租赁	zao tsou	zao’ tsou	召租		15		true	自旧档汇入	2026-04-13T01:27:08+08:00
affermer	va.		出租，租赁	kié kou’		堅固		15		true	自旧档汇入	2026-04-13T01:27:08+08:00
affermi	pp.		结实的	kiéh zéh 		結實		15		true	自旧档汇入	2026-04-13T01:27:08+08:00
affermi	pp.		结实的	lao tsaong’		牢壯		15		true	自旧档汇入	2026-04-13T01:27:08+08:00
affermi	pp.		结实的	’wen taong’		穩當		15		true	自旧档汇入	2026-04-13T01:27:08+08:00
affermir	va.		加固，使坚固	long’ kiéh zéh		弄結實		15		true	自旧档汇入	2026-04-13T01:27:08+08:00
affermir	va.		加固，使坚固	tsou’ ’wen taong’		做穩當		15		true	自旧档汇入	2026-04-13T01:27:08+08:00
affermir	va.	… le courage de qqn	为某人壮胆	tsaong i ’tè	tsaong’ i ’tè	壯伊膽		15	原作“裝伊膽”。連讀	true	自旧档汇入	2026-04-13T01:27:08+08:00
affermir	va.	s'---, v.g. santé ---	使增强，使坚定	téh lih		得力		15	待定	true	自旧档汇入	2026-04-13T01:27:08+08:00
affiche	Sf.	officielle. 	公告	kao’ ze	kao’ ze’	告示		15		true	自旧档汇入	2026-04-13T01:27:08+08:00
affiche	Sf.	… non officielle	张贴，海报	tsao t‘ih 		招帖		15		true	自旧档汇入	2026-04-13T01:27:08+08:00
affiche	Sf.	… non officielle	张贴，海报	pao’ tè 		報單		15		true	自旧档汇入	2026-04-13T01:27:08+08:00
affiche	Sf.	… non officielle	张贴，海报	bao’ bah	kao’ bah	告白		15	印刷錯誤	true	自旧档汇入	2026-04-13T01:27:08+08:00
afficher	Va.	[un avis]. 	张贴	t‘ih		貼		15		true	自旧档汇入	2026-04-13T01:27:08+08:00
afficher	Va.	… son savoir	炫耀学识	kien k‘ouo ze’ ka hoh ven’		矜誇自家學問		15		true	自旧档汇入	2026-04-13T01:27:08+08:00
affidé	sm.		值得信赖的	dong ’tang ke’	dong ’taong ke’	同黨个		15		true	自旧档汇入	2026-04-13T01:27:08+08:00
affilé	adj.		锋利的，锐利的	mô teh k‘oa’		磨得快		15		true	自旧档汇入	2026-04-13T01:27:08+08:00
affilé	adj.	avoir la langue bien …	言语锋利	k‘oa’ ’tse		快嘴		15		true	自旧档汇入	2026-04-13T01:27:08+08:00
affilé	adj.	avoir la langue bien …	言语锋利	’tse ’mô ’tse ’h‘ao ke’		嘴嗎子好个	嘴？子好个	15		true	自旧档汇入	2026-04-13T01:27:08+08:00
affilée 	loc. adv.	(d')	接连不断地	tsih lié péh deû’ ke’		接連不斷个		15		true	自旧档汇入	2026-04-13T01:27:08+08:00
affiler	va.	 (aiguiser)	打磨	mô k‘oa’		磨快		15		true	自旧档汇入	2026-04-13T01:27:08+08:00
affilier		(s)	使加入社团，允许加入	tsin’ wei’		進會		15		true	自旧档汇入	2026-04-13T01:27:08+08:00
affiner	va.		精炼	lié’ lié’		煉煉		15		true	自旧档汇入	2026-04-13T01:27:08+08:00
affinité	sf.	Parenté par alliance	亲戚	ts‘in tsih		親戚		15		true	自旧档汇入	2026-04-13T01:27:08+08:00
affirmer 	va.		确定	wo’ ding’ 		話定		15		true	自旧档汇入	2026-04-13T01:27:08+08:00
affirmer 	va.		确定	wo’ zah zéh		話著實		15		true	自旧档汇入	2026-04-13T01:27:08+08:00
affirmer 	va.	ne pouvoir …	不确定	’pao véh ding’		保勿定		15		true	自旧档汇入	2026-04-13T01:27:08+08:00
affirmer 	va.	ne pouvoir …	不确定	wo’ véh ding’		話勿定		15		true	自旧档汇入	2026-04-13T01:27:08+08:00
affleurer	va. 	Mettre de niveau	使对齐	ba bing		排平		15		true	自旧档汇入	2026-04-13T01:27:08+08:00
affleurer	va. 	être à niveau	使校准	bing		平		15		true	自旧档汇入	2026-04-13T01:27:08+08:00
affleurer	va. 	l'eau --- les berges	水平面	’se bing pang bing ngeu’		水平浜平岸		15		true	自旧档汇入	2026-04-13T01:27:08+08:00
affleurer	va. 	les 2 battants d'une porte doivent ---	两扇门要对齐	’liang sè men yao’ bing ke’	’liang sé’ men yao’ bing ke’	兩扇門要平个		15		true	自旧档汇入	2026-04-13T01:27:08+08:00
afflictif	adj. 	(peine---)	身受刑狱的	yeng vèh		刑罰		15		true	自旧档汇入	2026-04-13T01:27:08+08:00
affliction	sf. 		不幸，灾难	’k‘ou ts‘u	’k‘ou ts‘u’	苦處		15		true	自旧档汇入	2026-04-13T01:27:08+08:00
affliction	sf. 		不幸，灾难	tsai nè		災難		15		true	自旧档汇入	2026-04-13T01:27:08+08:00
affigé	adj.		苦恼的	yeû men’		憂悶		15		true	自旧档汇入	2026-04-13T01:27:08+08:00
affigé	adj.		苦恼的	ts‘i ’ts‘é		凄慘		15		true	自旧档汇入	2026-04-13T01:27:08+08:00
affigé	adj.		苦恼的	saong sin		傷心		15		true	自旧档汇入	2026-04-13T01:27:08+08:00
affliger	va. 		使人苦恼	’za gnen nè kou’		惹人難過		15		true	自旧档汇入	2026-04-13T01:27:08+08:00
affliger	va. 		使人苦恼	saong gnen sin		傷人心		15		true	自旧档汇入	2026-04-13T01:27:08+08:00
affliger	va. 	s'---	苦恼	yeû zeû		憂愁		15		true	自旧档汇入	2026-04-13T01:27:08+08:00
affliger	va. 	s'---	苦恼	nè kou’		難過		15		true	自旧档汇入	2026-04-13T01:27:08+08:00
affluence 	Sf.	de monde. 	人群	zen sè zen ’h‘ai		人山人海		15		true	自旧档汇入	2026-04-13T01:27:08+08:00
affluent	sm.		支流	tse wou		支河		15		true	自旧档汇入	2026-04-13T01:27:08+08:00
affluent	sm.		支流	wou o tse		河丫支		15		true	自旧档汇入	2026-04-13T01:27:08+08:00
affluer		se réunir en foule	支流汇聚	zi zih		齊集		15		true	自旧档汇入	2026-04-13T01:27:08+08:00
affluer		se réunir en foule	支流汇聚	zu’ wei’		聚會		15		true	自旧档汇入	2026-04-13T01:27:08+08:00
affolé	adj.		痴傻的	ts‘e ngai		痴呆		16		true	自旧档汇入	2026-04-13T01:27:08+08:00
affolé	adj.	… de peur	惊慌失措	hah(ngai)ts‘e	h‘ah(ngai)ts‘e	嚇（呆）痴		16		true	自旧档汇入	2026-04-13T01:27:08+08:00
affranchir	va.	[lettre] 	付邮资，贴邮票	sin’ lih fou’ kieh		信力付訖		16		true	自旧档汇入	2026-04-13T01:27:08+08:00
affranchir	va.	[lettre] 	付邮资，贴邮票	sié fou’ kiah dié		先付脚錢		16		true	自旧档汇入	2026-04-13T01:27:08+08:00
affranchir	va.	s'--- [d'un devoir]	免除义务	tieû k‘ai ’pen ven’		丢開本分		16		true	自旧档汇入	2026-04-13T01:27:08+08:00
affréter	Va.	un navire. 	租用，租一条船	kiao’ zé		叫船		16		true	自旧档汇入	2026-04-13T01:27:08+08:00
affreux	adj. 	Effrayant	可怕的	’k‘o p‘ouo’ ke’		可怕个		16		true	自旧档汇入	2026-04-13T01:27:08+08:00
affreux	adj. 	Effrayant	可怕的	’k‘o ou ke’	’k‘o ou’ ke’	可惡个		16		true	自旧档汇入	2026-04-13T01:27:08+08:00
affreux	adj. 	très laid	难看的，丑陋的	né k‘eû ke’		難看个		16		true	自旧档汇入	2026-04-13T01:27:08+08:00
affreux	adj. 	très laid	难看的，丑陋的	’ts‘eû leu’ ke’		醜陋个		16		true	自旧档汇入	2026-04-13T01:27:08+08:00
affriander			引诱，使嘴馋	k‘ai wei’ ’keû		開胃口		16		true	自旧档汇入	2026-04-13T01:27:08+08:00
affront	sm.		凌辱，耻辱	ling zôh		凌辱		16		true	自旧档汇入	2026-04-13T01:27:08+08:00
affront	sm.	faire un --- à qqn	羞辱某人	ling zôh i		凌辱伊		16		true	自旧档汇入	2026-04-13T01:27:08+08:00
affront	sm.	subir un ---	受到羞辱	zeû’ ling zôh		受凌辱		16		true	自旧档汇入	2026-04-13T01:27:08+08:00
affronter	va.	la mort 	面对，迎击	mao’ ’si 		冒死		16		true	自旧档汇入	2026-04-13T01:27:08+08:00
affronter	va.	la mort 	面对，迎击	mao’ ’hie		冒險		16		true	自旧档汇入	2026-04-13T01:27:08+08:00
affronter	va.	… un danger	冒着危险	p‘ing(p‘é)sing’ souo’ ming’	p‘ing(p‘é)sing’ ’souo ming’	拚性捨命		16		true	自旧档汇入	2026-04-13T01:27:08+08:00
affublé	pp.		怪里怪气的	tsah teh lai sè péh ziang’		着得來三不像		16		true	自旧档汇入	2026-04-13T01:27:08+08:00
affût	Sm.	d'un canon. 	炮架	p‘ao’ ka’ ’tse		炮架子		16		true	自旧档汇入	2026-04-13T01:27:08+08:00
affût	Sm.	à l'-- des nouvelles	窥伺情报	t‘é sin’	t‘é’ sin’	探信		16		true	自旧档汇入	2026-04-13T01:27:08+08:00
affût	Sm.	à l'-- des nouvelles	窥伺情报	t‘é ze’	t‘é’ ze’	探事		16		true	自旧档汇入	2026-04-13T01:27:08+08:00
affûter	va.		磨快，磨尖	mô k‘oa’		磨快		16		true	自旧档汇入	2026-04-13T01:27:08+08:00
afin	conj.		为了	wei’		為		16		true	自旧档汇入	2026-04-13T01:27:08+08:00
afin	conj.		为了	wei’ yao’		為要		16		true	自旧档汇入	2026-04-13T01:27:08+08:00
a fortiori	loc. 	lat.	况且	hoang’ ’ts‘ié	h‘oang’ ’ts‘ié	况且		16		true	自旧档汇入	2026-04-13T01:27:08+08:00
Afrique	sf.		非洲	ya-fi-li’-ka	’ya-fi-li’-ka	亞菲利加		16		true	自旧档汇入	2026-04-13T01:27:08+08:00
agaçant	adj.		令人讨厌的	t‘ao’ yé’	’t‘ao yé’	討厭		16		true	自旧档汇入	2026-04-13T01:27:08+08:00
agaçant	adj.		令人讨厌的	lou sou		囉唆		16		true	自旧档汇入	2026-04-13T01:27:08+08:00
agace	 sf.	(pie)	喜鹊	o tsiah		鴉鵲		16		true	自旧档汇入	2026-04-13T01:27:08+08:00
agace	 sf.	(pie)	喜鹊	’hi tsiah		喜鵲		16		true	自旧档汇入	2026-04-13T01:27:08+08:00
agacer	 Va.	qqn.	使人恼火，使人生气	’za i		惹伊		16		true	自旧档汇入	2026-04-13T01:27:08+08:00
agacer	 Va.	qqn.	使人恼火，使人生气	lou sou i		囉唆伊		16		true	自旧档汇入	2026-04-13T01:27:08+08:00
agate	sf.		玛瑙	’mô nao’		瑪瑙		16		true	自旧档汇入	2026-04-13T01:27:08+08:00
Âge	sm.		年纪	gné ki’	gné ’ki	年紀		16	待定	true	自旧档汇入	2026-04-13T01:27:08+08:00
Âge	sm.	quel --- avez -vous?	你今年几岁	’ki su?		幾歲		16		true	自旧档汇入	2026-04-13T01:27:08+08:00
Âge	sm.	(à un enfant)	对小孩说	nong’ kien gné ’ki su’?		儂今年幾歲		16		true	自旧档汇入	2026-04-13T01:27:08+08:00
Âge	sm.	(formules de politesse)	礼貌的形式	koei’ kang?		貴庚		16		true	自旧档汇入	2026-04-13T01:27:08+08:00
Âge	sm.	(formules de politesse)	礼貌的形式	koei’ kiah ’tse		貴甲子		16		true	自旧档汇入	2026-04-13T01:27:08+08:00
Âge	sm.	[Rép] J'ai (v.g.) 50 ans.	我五十岁	hiu ’dou ’n séh su’		虚度五十歲		16		true	自旧档汇入	2026-04-13T01:27:08+08:00
Âge	sm.	Être dans la force de l'---	正值壮年	tsaong’ gné		壯年		16		true	自旧档汇入	2026-04-13T01:27:08+08:00
Âge	sm.	quel ---? Animal	询问动物几岁	’k‘eû ’yeû ’ki su’?		口有幾歲		16		true	自旧档汇入	2026-04-13T01:27:08+08:00
Âge	sm.	cet animal est jeune d'---	这种动物年龄小	’k‘eû ’siao		口小		16		true	自旧档汇入	2026-04-13T01:27:08+08:00
Âge	sm.	cet animal est jeune d'---	这种动物年龄小	’k‘eû k‘ieng		口輕		16		true	自旧档汇入	2026-04-13T01:27:08+08:00
Âge	sm.	cet animal est jeune d'---	这种动物年龄小	’keû nen’		口嫩		16		true	自旧档汇入	2026-04-13T01:27:08+08:00
Âge	sm.	Époque: l'--- actuel	现在的时代	yé’ zai’ ke’ gnen		現在个人		16		true	自旧档汇入	2026-04-13T01:27:08+08:00
Âge	sm.	dans tous les ---s	自古以来	vè’ kou ts‘ié gné	vè’ ’kou ts‘ié gné	萬古千年		16		true	自旧档汇入	2026-04-13T01:27:08+08:00
Âge	sm.	dans tous les ---s	自古以来	zong’ kou ’i lai	zong ’kou ’i lai	從古以來		16		true	自旧档汇入	2026-04-13T01:27:08+08:00
Âge	sm.	génération: d'---en---	世世代代	se’ se’ dai’ dai’		世世代代		16		true	自旧档汇入	2026-04-13T01:27:08+08:00
Âgé	adj. 	Homme	年长的	’lao ’tse		老者		17		true	自旧档汇入	2026-04-13T01:27:08+08:00
Âgé	adj. 	Homme	年长的	gné ki’ dou’ ’tsé	gné ’ki dou’  ’tsé	年紀大者		17		true	自旧档汇入	2026-04-13T01:27:08+08:00
Âgé	adj. 	de combien plus --- ?	多少岁？	dou’ ’ki su’?		大幾歲		17		true	自旧档汇入	2026-04-13T01:27:08+08:00
Âgé	adj. 	... [animal]	年长的	’k‘eû ’lao ’tsé		口老者		17		true	自旧档汇入	2026-04-13T01:27:08+08:00
Âgé	adj. 	... [animal]	年长的	’k‘eû dou’		口大者		17		true	自旧档汇入	2026-04-13T01:27:08+08:00
agence	sf.		机构，办事处	ghiôh		局		17		true	自旧档汇入	2026-04-13T01:27:08+08:00
agence	sf.	… de la police	警察局	zin bou’ hang		巡捕行		17		true	自旧档汇入	2026-04-13T01:27:08+08:00
agence	sf.	… de la police	警察局	’pao kèh ghiôh		保甲局		17		true	自旧档汇入	2026-04-13T01:27:08+08:00
agencer 	va.		安排，布置	eu ba		安排		17		true	自旧档汇入	2026-04-13T01:27:08+08:00
agencer 	va.		安排，布置	seû zéh		收拾		17		true	自旧档汇入	2026-04-13T01:27:08+08:00
agenouiller	vr.	(s') 	跪倒，跪拜	ghiu’ ’hao lai		跪下來		17		true	自旧档汇入	2026-04-13T01:27:08+08:00
agenouilloir	sm.		跪凳	ghiu’ teng’		跪凳		17		true	自旧档汇入	2026-04-13T01:27:08+08:00
agent	 Sm.	d'affaires.	办事人	’koé ze’ ’t‘i ke’		管事體个		17		true	自旧档汇入	2026-04-13T01:27:08+08:00
agent	 Sm.	… de police	警察	zin bou’ 		巡捕		17		true	自旧档汇入	2026-04-13T01:27:08+08:00
agent	 Sm.	… de police	警察	ts‘a gnen		差人		17		true	自旧档汇入	2026-04-13T01:27:08+08:00
agent	 Sm.	… de commerce	经办	’ma bè’		買辦		17		true	自旧档汇入	2026-04-13T01:27:08+08:00
agent	 Sm.	… de commerce	经办	bè’ fou’		辦貨		17		true	自旧档汇入	2026-04-13T01:27:08+08:00
agglomérér 	vr.	(s') 	 使堆积，使粘合	tei k‘i lai	tei ’k‘i lai	堆起來		17		true	自旧档汇入	2026-04-13T01:27:08+08:00
agglomérér 	vr.	(s') 	 使堆积，使粘合	zu’ ’long lai		聚攏來		17		true	自旧档汇入	2026-04-13T01:27:08+08:00
agglomérés	sm.	(des) 	合成的	t‘è’ ki 		炭基		17		true	自旧档汇入	2026-04-13T01:27:08+08:00
agglutiner	vr.	(s') 	粘住，聚集	gné ’k‘i lai		粘起來		17		true	自旧档汇入	2026-04-13T01:27:08+08:00
agglutiner	vr.	(s') 	粘住，聚集	kao zu’		膠住		17		true	自旧档汇入	2026-04-13T01:27:08+08:00
aggraver	va.		加重	ka zong’		加重		17		true	自旧档汇入	2026-04-13T01:27:08+08:00
aggraver	vr.	s'--- 	使加重，使恶化	pié’ zong’ tsé	pié’ zong’ ’tsé	變重者		17		true	自旧档汇入	2026-04-13T01:27:08+08:00
agile	adj.		轻巧的	k‘ieng k‘oa’		輕快		17		true	自旧档汇入	2026-04-13T01:27:08+08:00
agile	adj.		轻巧的	’seû kiah k‘oa’		手脚快		17		true	自旧档汇入	2026-04-13T01:27:08+08:00
agile	adj.		轻巧的	’tsé ts‘éh k‘oa’		轉折快		17		true	自旧档汇入	2026-04-13T01:27:08+08:00
agilité		(marcher avec)	轻巧	’tseû teh k‘oa’		走得快		17		true	自旧档汇入	2026-04-13T01:27:08+08:00
agir	vn. 	Faire qqch	干，行动	tsou’		做		17		true	自旧档汇入	2026-04-13T01:27:08+08:00
agir	vn. 	Faire qqch	干，行动	tsou’ ze’ ’t‘i		做事體		17		true	自旧档汇入	2026-04-13T01:27:08+08:00
agir	vn. 	… en père	尽父亲的责任	zin’ vou’ ts‘in ke’ sin		盡父親个心		17		true	自旧档汇入	2026-04-13T01:27:08+08:00
agir	vn. 	bien --- envers qqn	对某人好	dai’ i ’h‘ao		待伊好		17		true	自旧档汇入	2026-04-13T01:27:08+08:00
agir	vn. 	produire un effet	产生功效，产生影响	’yeû yao’ gné’		有效驗		17		true	自旧档汇入	2026-04-13T01:27:08+08:00
agir	vn. 	ce remède ---	药物有效	di’ ke’ yah ling ke’		第个藥靈个		17		true	自旧档汇入	2026-04-13T01:27:08+08:00
agir	vn. 	s'employer pour	为某事出力	ts‘éh lih		出力		17		true	自旧档汇入	2026-04-13T01:27:08+08:00
agir	vn. 	s'employer pour	为某事出力	fi’ sin		費心		17		true	自旧档汇入	2026-04-13T01:27:08+08:00
agir	vn. 	… contre qqn	阻止某人	’tsou’ taong 	’tsou ’taong 	阻擋		17		true	自旧档汇入	2026-04-13T01:27:08+08:00
agir	vn. 	… contre qqn	阻止某人	tsou’ taong biéh gnen	’tsou ’taong biéh gnen	阻擋别人		17		true	自旧档汇入	2026-04-13T01:27:08+08:00
agir	vn. 	il s'agit d'obéir	重要的是遵守命令	kai taong t‘ing’ ming’		該當聽命		17		true	自旧档汇入	2026-04-13T01:27:08+08:00
agir	vn. 	il s'agit: il est question de	问题在于	wo’		話		17		true	自旧档汇入	2026-04-13T01:27:08+08:00
agir	vn. 	de quoi s'agit-il?	这是关于什么的？	wo’ sa’?		話啥		17		true	自旧档汇入	2026-04-13T01:27:08+08:00
agir	vn. 	il s'agit. Il y va de 	关系到	koè i	koè i’	關係		17		true	自旧档汇入	2026-04-13T01:27:08+08:00
agir	vn. 	il s'agit de votre vie	这关系到我的性命	koè i nong’ ke’ sing’ ming	koè i’ nong’ ke’ sing’ ming’	關係儂个性命		17		true	自旧档汇入	2026-04-13T01:27:08+08:00
agité	pp.		动荡的，不安的	vèh bing eu	véh bing eu	勿平安		17	待定	true	自旧档汇入	2026-04-13T01:27:08+08:00
agité	pp.	inquiet	焦虑的	sin ’li p‘ouo’		心裏怕		17		true	自旧档汇入	2026-04-13T01:27:08+08:00
agité	pp.	passer une nuit ---	度过不安的一夜	ih ya’ kong fou fè lai foh k‘I’		一夜功夫翻來覆去		17		true	自旧档汇入	2026-04-13T01:27:08+08:00
agiter	va. 	Remuer	摇动，搅动，使激动	yao		摇		17		true	自旧档汇入	2026-04-13T01:27:08+08:00
agiter	va. 	Remuer	摇动，搅动，使激动	yao dong		摇動		17		true	自旧档汇入	2026-04-13T01:27:08+08:00
agiter	va. 	troubler: --- les esprits	扰乱人心	’kao leu’ gnen sin		擾亂人心		17		true	自旧档汇入	2026-04-13T01:27:08+08:00
agiter	va. 	discuter une question	讨论问题	pié’ len’		辯論		18		true	自旧档汇入	2026-04-13T01:27:08+08:00
agiter	va. 	s'---: prendre de la peine	劳驾，费心	fi’ sin		費心		18		true	自旧档汇入	2026-04-13T01:27:08+08:00
agiter	va. 	s'---: prendre de la peine	劳驾，费心	sin ’k‘ou		心苦		18		true	自旧档汇入	2026-04-13T01:27:08+08:00
agiter	va. 	s'---: agir avec trouble	慌乱	foang maong		慌忙		18		true	自旧档汇入	2026-04-13T01:27:08+08:00
agiter	va. 	s'---: agir avec trouble	慌乱	sin ’li lôh leû’ t‘ie h‘ouo		心裏碌亂天花	心裏？亂天花	18		true	自旧档汇入	2026-04-13T01:27:08+08:00
agneau	sm.		绵羊	mié yang		綿羊		18		true	自旧档汇入	2026-04-13T01:27:08+08:00
agneau	sm.		绵羊	wou yang		和羊		18		true	自旧档汇入	2026-04-13T01:27:08+08:00
agneler	vn.		生小羊	loh ’siao yang		落小羊		18		true	自旧档汇入	2026-04-13T01:27:08+08:00
agonie	sf.		临终	lin tsong		臨終		18		true	自旧档汇入	2026-04-13T01:27:08+08:00
agonie	sf.	moment de l'----	临终	lin ’si ke’ ze h‘eû’	lin ’si ke’ ze heû’	臨死个時候		18		true	自旧档汇入	2026-04-13T01:27:08+08:00
agonie	sf.	… de N.S.(C)	主临死之前	ngou’ ’tsu yeû men’ tse’ ’si		吾主憂悶至死		18		true	自旧档汇入	2026-04-13T01:27:08+08:00
agonisant	sm.		临死的人	ling tsong ke’ gnen		臨終个人		18		true	自旧档汇入	2026-04-13T01:27:08+08:00
agonisant	sm.	prières des ---s	临终祷告	lin tsong kieng		臨終經		18		true	自旧档汇入	2026-04-13T01:27:08+08:00
agoniser	vn.		临终	ling tsong ’la yao’ deu’ k‘i’		臨終拉要斷氣		18		true	自旧档汇入	2026-04-13T01:27:08+08:00
agoniser	va.	 De sottises	骂人	oh dôh mô’ gnen		惡毒駡人		18		true	自旧档汇入	2026-04-13T01:27:08+08:00
agrafe	 Sf.	de ceinture.	衣服上的扣子	keû ’tse 		鈎子		18		true	自旧档汇入	2026-04-13T01:27:08+08:00
agrafe	 Sf.	de ceinture.	衣服上的扣子	keû ta’ deû	k‘eû’ ta’ deû	扣帶頭		18		true	自旧档汇入	2026-04-13T01:27:08+08:00
agrafe	 Sf.	… à un vase cassé: y mettre une---	修复破碎的花瓶	tèh ’wé		搭碗	？碗	18		true	自旧档汇入	2026-04-13T01:27:08+08:00
agrafe	 Sf.	raccommodé avec des ---s	用订书钉修补	tèh ke’ ’tsé		搭个者	？个者	18		true	自旧档汇入	2026-04-13T01:27:08+08:00
agrafer	va.		钩住，扣住	keû’ lao zu’		扣牢住		18		true	自旧档汇入	2026-04-13T01:27:08+08:00
agraire	adj.		土地的	zôh nong kong ke’		屬農工个		18		true	自旧档汇入	2026-04-13T01:27:08+08:00
agrandi	pp.		放大的	faong’ dou’		放大		18		true	自旧档汇入	2026-04-13T01:27:08+08:00
agrandi	pp.		放大的	faong’ yang’		放樣		18		true	自旧档汇入	2026-04-13T01:27:08+08:00
agrandir	va. 	Augmenter	变大，长大	faong’ dou’		放大		18		true	自旧档汇入	2026-04-13T01:27:08+08:00
agrandir	va. 	Augmenter	变大，长大	faong’ yang’		放樣		18		true	自旧档汇入	2026-04-13T01:27:08+08:00
agrandir	va. 	Augmenter	变大，长大	ka dou’		加大		18		true	自旧档汇入	2026-04-13T01:27:08+08:00
agrandir	va. 	Êtendre	扩大	faong’ zang ih ’tié		放長一點		18		true	自旧档汇入	2026-04-13T01:27:08+08:00
agréable	adj.		舒适的，可爱的	’s’eng sin	ts’eng’ sin	稱心		18	印刷錯誤	true	自旧档汇入	2026-04-13T01:27:08+08:00
agréable	adj.		舒适的，可爱的	tsong i’		中意		18		true	自旧档汇入	2026-04-13T01:27:08+08:00
agréable	adj.	Être --- à qqn	可爱的人	teh gnen ke’ sin		得人个心		18		true	自旧档汇入	2026-04-13T01:27:08+08:00
agréable	adj.	… à la vue (chose)	可爱的风景	’h‘ao k‘eû’ ke’		好看个		18		true	自旧档汇入	2026-04-13T01:27:08+08:00
agréable	adj.	… à la vue (chose)	可爱的风景	yeû zing ’kieng ke’	’yeû zing ’kieng ke’	有情景个		18		true	自旧档汇入	2026-04-13T01:27:08+08:00
agréable	adj.	… à l'ouïe	高兴听到	’h‘ao t‘ing’ ke’		好聽个		18		true	自旧档汇入	2026-04-13T01:27:08+08:00
agréable	adj.	… à l'odorat	好闻	hiang ke’		香个		18		true	自旧档汇入	2026-04-13T01:27:08+08:00
agréable	adj.	…au goût	可口的	tse mi’ ’h‘ao ke’		滋味好个		18		true	自旧档汇入	2026-04-13T01:27:08+08:00
agréable	adj.	…à l'esprit	心中愉快	héh i’ ke’		合意个		18		true	自旧档汇入	2026-04-13T01:27:08+08:00
agréablement	va.adv.		令人欢喜地	foè foè ’hi ’hi ke’	foé foé ’hi ’hi ke’	歡歡喜喜个		18		true	自旧档汇入	2026-04-13T01:27:08+08:00
agréer	va. 	Avoir pour agréable	同意	’hi foè	’hi foé	喜歡		18		true	自旧档汇入	2026-04-13T01:27:08+08:00
agréer	va. 	autoriser	允许	’yun ’hiu		允許		18		true	自旧档汇入	2026-04-13T01:27:08+08:00
agréer	va. 	autoriser	允许	’tsen ’hiu		准許		18		true	自旧档汇入	2026-04-13T01:27:08+08:00
agrégation	sf.		集会	wei’		會		18		true	自旧档汇入	2026-04-13T01:27:08+08:00
agréger	qqn.		接纳，使加入	seû i tsin’ wei’		收伊進會		18		true	自旧档汇入	2026-04-13T01:27:08+08:00
agrément	sm.		乐趣	’ts‘u	ts‘u’	趣		18		true	自旧档汇入	2026-04-13T01:27:08+08:00
agrément	sm.	Il y a de l'---	有乐趣	’yeû ’ts‘u wi’	’yeû ts‘u’ wi’	有趣味		18		true	自旧档汇入	2026-04-13T01:27:08+08:00
agrès	sm. pl.		船上的帆缆索具	zé laong’ ka ’h‘ou		船上傢伙		19		true	自旧档汇入	2026-04-13T01:27:08+08:00
agresseur	sm.		侵略者，行凶者	sié dong’ ’seû ke’ gnen		先動手个人		19		true	自旧档汇入	2026-04-13T01:27:08+08:00
agressif	adj.		侵略的，挑衅的	hi hoé dong’ ’seû tang	’hi h‘oé dong’ ’seû ’tang	喜歡動手打		19		true	自旧档汇入	2026-04-13T01:27:08+08:00
agreste	adj. 	Lieu---	粗鲁的	pih leû’	’bi leû’	鄙陋		19	待定	true	自旧档汇入	2026-04-13T01:27:08+08:00
agreste	adj. 	Lieu---	乡村的	faong di’		荒地		19		true	自旧档汇入	2026-04-13T01:27:08+08:00
agreste	adj. 	[plante]---	野生的	’ya ke’		野个		19		true	自旧档汇入	2026-04-13T01:27:08+08:00
agreste	adj. 	grossier [manières ---]	粗鲁的	ts‘ou ke’		粗个		19		true	自旧档汇入	2026-04-13T01:27:08+08:00
agreste	adj. 	grossier [manières ---]	粗鲁的	ts‘ou ’lou ke’		粗魯个		19		true	自旧档汇入	2026-04-13T01:27:08+08:00
agriculteur	sm.		农夫	’tsong dié gnen		種田人		19		true	自旧档汇入	2026-04-13T01:27:08+08:00
agriculteur	sm.		农夫	nong fou		農夫		19		true	自旧档汇入	2026-04-13T01:27:08+08:00
agriculture	sf.		农业	’tsong dié		種田		19	待定 種聲調	true	自旧档汇入	2026-04-13T01:27:08+08:00
agriculture	sf.		农业	nong kong		農工		19		true	自旧档汇入	2026-04-13T01:27:08+08:00
agriffer	 vr.	(s')	用手抓住	p‘ouo	bouo	爬		19		true	自旧档汇入	2026-04-13T01:27:08+08:00
agriffer	 vr.	(s')	用手抓住	tsao zu’		抓住		19		true	自旧档汇入	2026-04-13T01:27:08+08:00
aguerri	adj. Et pp.		老练的	lié’ lié’ ’tè dou’ ’tsé		練練膽大者		19		true	自旧档汇入	2026-04-13T01:27:08+08:00
aguerrir	 vr.	(s')	精炼	tsing lié’		精練		19		true	自旧档汇入	2026-04-13T01:27:08+08:00
aguests	sm. pl.	(aux)	埋伏，窥伺	t‘é’ sin’		探信		19		true	自旧档汇入	2026-04-13T01:27:08+08:00
aguests	sm. pl.	(aux)	埋伏，窥伺	t‘é’ k‘eû’		探看		19		true	自旧档汇入	2026-04-13T01:27:08+08:00
ah!	int.	(admiratif) 	哎呀	i ya		咿訝		19	待定	true	自旧档汇入	2026-04-13T01:27:08+08:00
ah!	int.	(plaintif) 	哎呀	ai ya		噯訝		19		true	自旧档汇入	2026-04-13T01:27:08+08:00
aiel	int.		哎呀	ai ya		噯訝		19		true	自旧档汇入	2026-04-13T01:27:08+08:00
ahaner	vn.	(portefaix) 	发出哎嗬声	’h‘è ’hao h‘è hao		喊號喊號		19		true	自旧档汇入	2026-04-13T01:27:08+08:00
aheurter	vr.	(s') 	固执， 坚持	kou’ tséh		固執		19		true	自旧档汇入	2026-04-13T01:27:08+08:00
aheurter	vr.	(s') 	固执， 坚持	tséh ih péh t‘ong		執一不通		19		true	自旧档汇入	2026-04-13T01:27:08+08:00
ahuri	adj.		目瞪口呆的，慌乱的	tsaong maong	ts‘aong maong	倉忙		19		true	自旧档汇入	2026-04-13T01:27:08+08:00
ahuri	adj.		目瞪口呆的，慌乱的	tsaong ts‘éh	ts‘aong ts‘éh	倉卒		19	待定	true	自旧档汇入	2026-04-13T01:27:08+08:00
aide	sm. Et f.		帮助	paong bè’		幫辦		19		true	自旧档汇入	2026-04-13T01:27:08+08:00
aide	sm. Et f.		帮助	paong ’seû		幫手		19		true	自旧档汇入	2026-04-13T01:27:08+08:00
aide	sm. Et f.	… de cuisine	帮厨	sao ’h‘ou ke’		燒火个		19		true	自旧档汇入	2026-04-13T01:27:08+08:00
aide	sm. Et f.	… de cuisine	帮厨	zu se ke’ ’fou ki’		㕑司个夥計		19		true	自旧档汇入	2026-04-13T01:27:08+08:00
aider	va.		帮助	siang paong		相幫		19		true	自旧档汇入	2026-04-13T01:27:08+08:00
aider	va.		帮助	paong zou’		幫助		19		true	自旧档汇入	2026-04-13T01:27:08+08:00
aider	va.		帮助	wou zou’		扶助		19		true	自旧档汇入	2026-04-13T01:27:08+08:00
aider	va.	s'---(mutuellment)	互相帮助	’pei ’ts‘e siang paong		彼此相幫		19		true	自旧档汇入	2026-04-13T01:27:08+08:00
aieul	Sm.	paternel. 	祖父	’tsou vou’		祖父		19		true	自旧档汇入	2026-04-13T01:27:08+08:00
aieul	Sm.	paternel. 	祖父	da’ da’		大大		19		true	自旧档汇入	2026-04-13T01:27:08+08:00
aieul	Sm.	… maternel	外祖父	nga’ ’tsou vou’		外祖父		19		true	自旧档汇入	2026-04-13T01:27:08+08:00
aieul	Sm.	… maternel	外祖父	nga’ kong da’ da’		外公大大		19		true	自旧档汇入	2026-04-13T01:27:08+08:00
aieux	sm. 	Ancêtres	祖先	’tsou tsong		祖宗		19		true	自旧档汇入	2026-04-13T01:27:08+08:00
aieux	sm. 	Ancêtres	祖先	’tsou laong	’tsou laong’	祖上		19		true	自旧档汇入	2026-04-13T01:27:08+08:00
aieule	 sf.	paternelle	祖母	’tsou ’mou		祖母		19		true	自旧档汇入	2026-04-13T01:27:08+08:00
aieule	 sf.	paternelle	祖母	ah ’na		阿奶		19		true	自旧档汇入	2026-04-13T01:27:08+08:00
aieule	 sf.	… maternelle	外祖母	nga’ ’tsou ’mou		外祖母		19		true	自旧档汇入	2026-04-13T01:27:08+08:00
aieule	 sf.	… maternelle	外祖母	nga’ bou ah na	nga’ bou ah ’na	外婆阿奶		19		true	自旧档汇入	2026-04-13T01:27:08+08:00
aigle	sm.		鹰	vong wang	vong’ waong	鳳凰		19		true	自旧档汇入	2026-04-13T01:27:08+08:00
aigre	adj.	 ---(acerbe)	酸的，刺耳的	seu ke’		酸个		19		true	自旧档汇入	2026-04-13T01:27:08+08:00
aigre	adj.	 ---(acerbe)	酸的，刺耳的	li’ hai’ ke’		利害个		19		true	自旧档汇入	2026-04-13T01:27:08+08:00
aigre-doux	adj.		又酸又甜的	pé’ seu pé’ dié ke’		半酸半甜个		19		true	自旧档汇入	2026-04-13T01:27:08+08:00
aigre-doux	adj.		又酸又甜的	’yeû ’tié seu ke’		有點酸个		19		true	自旧档汇入	2026-04-13T01:27:08+08:00
aigrefin	sm.		骗子，诈骗者	’koa ’tse		拐子		19		true	自旧档汇入	2026-04-13T01:27:08+08:00
aigrelet	adj.		略带酸味的	sao wei’ ’yeû ’tié seu ke’		梢會有點酸	？？有點酸	19		true	自旧档汇入	2026-04-13T01:27:08+08:00
aigrement	adv.		尖刻的，讽刺的	li’ hai’ 		利害		19		true	自旧档汇入	2026-04-13T01:27:08+08:00
aigrette	sf.		鸟类的冠毛	tsié deû		尖頭		19		true	自旧档汇入	2026-04-13T01:27:08+08:00
aigrette	sf.		鸟类的冠毛	vong deû	vong’ deû	凤頭		19		true	自旧档汇入	2026-04-13T01:27:08+08:00
aigreur	sf. 	Saveur aigre	酸味	seu tse tse ke’		酸滋滋个		19	待定	true	自旧档汇入	2026-04-13T01:27:08+08:00
aigreur	sf. 	avoir des ---s	反酸	seu ’se		酸水		20		true	自旧档汇入	2026-04-13T01:27:08+08:00
aigreur	sf. 	avoir des ---s	反酸	tsoh seu		作酸		20		true	自旧档汇入	2026-04-13T01:27:08+08:00
aigrir	vr.	vn. Et s'--- 	使变酸	fèh seu’		發酸		20		true	自旧档汇入	2026-04-13T01:27:08+08:00
aigrir	vr.	s'--- se fâcher	刺激，激怒	fèh k‘i’		發氣		20		true	自旧档汇入	2026-04-13T01:27:08+08:00
aigu	adj.		尖锐的	tsié ke’		尖个		20		true	自旧档汇入	2026-04-13T01:27:08+08:00
aigu	adj.	voix ---ë	声音尖	hou long tsié	wou long tsié	喉嚨尖		20		true	自旧档汇入	2026-04-13T01:27:08+08:00
aiguière	sf.		水壶	’se wou		水壺		20		true	自旧档汇入	2026-04-13T01:27:08+08:00
aiguille	sf. 	Trou d'une	针	tsen		針		20		true	自旧档汇入	2026-04-13T01:27:08+08:00
aiguille	sf. 	Trou d'une	针	tsen ’ngè		針眼		20		true	自旧档汇入	2026-04-13T01:27:08+08:00
aiguille	sf. 	travailler à l'---	做针线活	tsou’ tsen sié’		做針綫		20		true	自旧档汇入	2026-04-13T01:27:08+08:00
aiguille	sf. 	de fil en ---	娓娓道来	wo’ lai wo’ k‘I’		話來話去		20		true	自旧档汇入	2026-04-13T01:27:08+08:00
aiguillette		(une) de poulet	鸡丝	ki se		鷄絲		20		true	自旧档汇入	2026-04-13T01:27:08+08:00
aiguillette		(une) de poulet	鸡丝	gnôh se		肉絲		20		true	自旧档汇入	2026-04-13T01:27:08+08:00
aiguillée		(une) 	缝纫时穿在针上的线的长度	ih ken sié’		一根綫		20		true	自旧档汇入	2026-04-13T01:27:08+08:00
aiguillon	sm. 	Dard	蛰刺	mih fong gni pouo		蜜蜂尾巴		20		true	自旧档汇入	2026-04-13T01:27:08+08:00
aiguillon	sm. 	piquant.	刺	ts‘e’ 		刺		20		true	自旧档汇入	2026-04-13T01:27:08+08:00
aiguillon	sm. 	pointe	尖端	tsié deû		尖頭		20		true	自旧档汇入	2026-04-13T01:27:08+08:00
aiguillonner	va. 	#NAME?	刺激，激励	’mié li’		勉勵		20		true	自旧档汇入	2026-04-13T01:27:08+08:00
aiguillonner	va. 	#NAME?	刺激，激励	ts‘u		催		20		true	自旧档汇入	2026-04-13T01:27:08+08:00
aiguiser	va.		磨快，磨尖	mô tsié		磨尖		20		true	自旧档汇入	2026-04-13T01:27:08+08:00
aiguiser	va.		磨快，磨尖	mô k‘oa’		磨快		20		true	自旧档汇入	2026-04-13T01:27:08+08:00
aiguiser	va.	… les dents d'une scie	磨锯齿	ts‘ou’ ké ’tse		銼鋸子		20		true	自旧档汇入	2026-04-13T01:27:08+08:00
ail	sm. 		大蒜	da’ seu		大蒜		20		true	自旧档汇入	2026-04-13T01:27:08+08:00
ailante	sm. 	Vulgo Vernis du Japon	臭椿	ts‘eû’ ts‘en		臭椿		20		true	自旧档汇入	2026-04-13T01:27:08+08:00
aile	sf.	d'oiseau	翼	ki sé’		翐扇	翨扇	20		true	自旧档汇入	2026-04-13T01:27:08+08:00
aile	sf.	d'oiseau	翼	ki lih		翐力	翨力	20		true	自旧档汇入	2026-04-13T01:27:08+08:00
aile	sf.	…d'un batiment	厢房	siang waong		厢房		20		true	自旧档汇入	2026-04-13T01:27:08+08:00
aile	sf.	… d'armée	营帐	yeng		營		20		true	自旧档汇入	2026-04-13T01:27:08+08:00
aile	sf.	… d'armée	营帐	yeh		翼		20		true	自旧档汇入	2026-04-13T01:27:08+08:00
aile	sf.	… gauche	左翼	’tsou yen		左營		20		true	自旧档汇入	2026-04-13T01:27:08+08:00
aile	sf.	… droite	右翼	yeû yeng	yeû’ yeng	右營		20		true	自旧档汇入	2026-04-13T01:27:08+08:00
ailé	adj.	ailé (insecte) 	飞虫	fi zong’	fi zong	飛虫		20	保留簡體	true	自旧档汇入	2026-04-13T01:27:08+08:00
aileron	sm.	(de requin) 	翼端, 翅端	souo n tse’		鯊魚翅		20	待定	true	自旧档汇入	2026-04-13T01:27:08+08:00
ailleurs	adv.		其他地	biéh k‘oei’ ’ou ’daong		别塊户唐		20		true	自旧档汇入	2026-04-13T01:27:08+08:00
ailleurs	adv.		其他地	biéh tèh 		别搭		20		true	自旧档汇入	2026-04-13T01:27:08+08:00
ailleurs	adv.		其他地	biéh ts‘u’		别處		20		true	自旧档汇入	2026-04-13T01:27:08+08:00
ailleurs	adv.	d'--- loc. adv	另外	ling nga’		另外		20		true	自旧档汇入	2026-04-13T01:27:08+08:00
aimable	adj.		令人喜欢的	’k‘o ai’ ke’		可愛个		20		true	自旧档汇入	2026-04-13T01:27:08+08:00
aimable	adj.	affable	和顺的	wou k‘i’ ke’		和氣个		20		true	自旧档汇入	2026-04-13T01:27:08+08:00
aimable	adj.	affable	和顺的	’h‘ao bah wo’ ke’		好白話个		20		true	自旧档汇入	2026-04-13T01:27:08+08:00
aimable	adj.	d'un air --- et joyeux	和颜悦色的	wou yé yeuh seh ke’		和顔悦色个		20		true	自旧档汇入	2026-04-13T01:27:08+08:00
aimable	adj.	(polit.) vous etes trop ---	你太好了	nong’ t‘éh fi’ sin ’tsé		儂忒費心者		20		true	自旧档汇入	2026-04-13T01:27:08+08:00
aimant	sm.		多情的；磁铁	hiéh t‘ih zah		吸鐵石		20		true	自旧档汇入	2026-04-13T01:27:08+08:00
aimant	sm.		多情的；磁铁	ze zeh		磁石		20		true	自旧档汇入	2026-04-13T01:27:08+08:00
aimant	adj.		多情的；磁铁	’h‘ao sin		好心		20		true	自旧档汇入	2026-04-13T01:27:08+08:00
aimanter	va.		磁化	ze zah		磁石		20		true	自旧档汇入	2026-04-13T01:27:08+08:00
aimer	va.	#NAME?	爱	ai’		愛		20		true	自旧档汇入	2026-04-13T01:27:08+08:00
aimer	va.	#NAME?	爱	ai’ mou’		愛慕		20		true	自旧档汇入	2026-04-13T01:27:08+08:00
aimer	va.	#NAME?	爱	ts‘in ai’		親愛		20		true	自旧档汇入	2026-04-13T01:27:08+08:00
aimer	va.	trouver agréable	喜爱	’hi foé		喜歡		20		true	自旧档汇入	2026-04-13T01:27:08+08:00
aimer	va.	convoiter	垂涎，渴望	t‘é		貪		20		true	自旧档汇入	2026-04-13T01:27:08+08:00
aimer	va.	N' - qu' à	喜欢	ai’		愛		20		true	自旧档汇入	2026-04-13T01:27:08+08:00
aimer	va.	N' - qu' à	喜欢	kao hing’		高興		20	待定	true	自旧档汇入	2026-04-13T01:27:08+08:00
Aimer	va	Il - à chanter, mais ne chante pas bien	他喜欢唱诗，但唱得不太好	i kao hing’ ts‘aong’ se, ’tao ’ti ts‘aong’ teh véh da’ ’h‘ao.		伊高興唱詩，倒底唱得勿大好		21		true	自旧档汇入	2026-04-13T01:27:08+08:00
Aimer	va	N'-qu'à	一味地爱，只相信	ih wi’ ke’ ai’.		一味个愛		21		true	自旧档汇入	2026-04-13T01:27:08+08:00
Aimer	va	N'-qu'à	一味地爱，只相信	tséh siang sin’.		只相信		21		true	自旧档汇入	2026-04-13T01:27:08+08:00
Aine	sf		腹股沟	gneu taong	’gneu taong	軟當		21		true	自旧档汇入	2026-04-13T01:27:08+08:00
Aîné	sf	(fils). Frère -.	年长，大儿子，长子，大哥哥	gné ’tsang.		年長		21		true	自旧档汇入	2026-04-13T01:27:08+08:00
Aîné	sf	(fils). Frère -.	年长，大儿子，长子，大哥哥	dou’ gni ’tse.		大兒子		21		true	自旧档汇入	2026-04-13T01:27:08+08:00
Aîné	sf	(fils). Frère -.	年长，大儿子，长子，大哥哥	’tsang ’tse.		長子		21		true	自旧档汇入	2026-04-13T01:27:08+08:00
Aîné	sf	(fils). Frère -.	年长，大儿子，长子，大哥哥	dou’ kou kou.		大哥哥		21		true	自旧档汇入	2026-04-13T01:27:08+08:00
Aînesse	sf	(droit d').	长子身份	’tsan ’tse ke’ ming ven’.		長子个名分		21		true	自旧档汇入	2026-04-13T01:27:08+08:00
Ainsi	adv	De cette façon-ci.	如此，这个样子	zu ’ts‘e.		如此		21		true	自旧档汇入	2026-04-13T01:27:08+08:00
Ainsi	adv	De cette façon-ci.	如此，这个样子	zéh kai’(ka’).		實蓋（介）		21		true	自旧档汇入	2026-04-13T01:27:08+08:00
Ainsi	adv	De cette façon-ci.	如此，这个样子	zéh kai’(ka’) neng.		實蓋（介）能		21		true	自旧档汇入	2026-04-13T01:27:08+08:00
Ainsi	adv	De cette façon-ci.	如此，这个样子	di’ ke’ yang’ ’tse.		第个樣子		21		true	自旧档汇入	2026-04-13T01:27:08+08:00
Ainsi	adv	 - de cette manière-là.	这个样子	kou’ ke’ yang’ ’tse.		箇个樣子		21		true	自旧档汇入	2026-04-13T01:27:08+08:00
Ainsi	adv	Par conséquent.	因此，为此，所以	yen ’ts‘e.		因此		21		true	自旧档汇入	2026-04-13T01:27:08+08:00
Ainsi	adv	Par conséquent.	因此，为此，所以	wei’ ’ts‘e.		為此		21		true	自旧档汇入	2026-04-13T01:27:08+08:00
Ainsi	adv	Par conséquent.	因此，为此，所以	’sou ’i.		所以		21		true	自旧档汇入	2026-04-13T01:27:08+08:00
Ainsi	adv 	 - que (selon que, comme.)	照，如同	tsao’.		照		21		true	自旧档汇入	2026-04-13T01:27:08+08:00
Ainsi	adv 	 - que (selon que, comme.)	照，如同	zu dong.		如同		21		true	自旧档汇入	2026-04-13T01:27:08+08:00
Air	sm	 - Vent.	气，天气	k‘i’.		氣		21		true	自旧档汇入	2026-04-13T01:27:08+08:00
Air	sm	 - Vent.	气，天气	t‘ié k‘i’.		天氣		21		true	自旧档汇入	2026-04-13T01:27:08+08:00
Air	sm	Il n'y a pas un brin d'-.	没有一丝 - 	fong mao pih zing’.		風毛必静	風毛畢静	21	待定 静聲調	true	自旧档汇入	2026-04-13T01:27:08+08:00
Air	sm	Espace sous le ciel.	空中	k‘ong tsong.		空中		21		true	自旧档汇入	2026-04-13T01:27:08+08:00
Air	sm	En plein -.	露天	’la lou t‘ié	’la lou’ t‘ié	拉露天		21		true	自旧档汇入	2026-04-13T01:27:08+08:00
Air	sm	Dans les -s.	在空中	’la k‘ong tsong.		拉空中		21		true	自旧档汇入	2026-04-13T01:27:08+08:00
Air	sm	[Regarder] en l'-.	仰望，朝上	gnang’ waong’.	’gnang waong’.	仰望		21		true	自旧档汇入	2026-04-13T01:27:08+08:00
Air	sm	[Regarder] en l'-.	仰望，朝上	zao zaong’.		朝上		21		true	自旧档汇入	2026-04-13T01:27:08+08:00
Air	sm	Faire prendre l'- aux habits.	晾衣服	liang’ (ts‘e) i zaong.		晾（吹）衣裳		21		true	自旧档汇入	2026-04-13T01:27:08+08:00
Air	sm	Maintien, apparence.	品貌，相貌，面貌	’p‘in mao’.		品貌		21		true	自旧档汇入	2026-04-13T01:27:08+08:00
Air	sm	Maintien, apparence.	品貌，相貌，面貌	siang’ mao’.		相貌		21		true	自旧档汇入	2026-04-13T01:27:08+08:00
Air	sm	Maintien, apparence.	品貌，相貌，面貌	mié’ mao’.		面貌		21		true	自旧档汇入	2026-04-13T01:27:08+08:00
Air	sm	Prendre des airs prétentieux.	摆架子，装腔作势	yao’ ’wou yang wei.		耀武揚威		21		true	自旧档汇入	2026-04-13T01:27:08+08:00
Air	sm	Prendre des airs prétentieux.	摆架子，装腔作势	’pa k‘ong ka’ ’tse.		擺空架子		21		true	自旧档汇入	2026-04-13T01:27:08+08:00
Air	sm	Prendre des airs prétentieux.	摆架子，装腔作势	’pa tsôh.		擺足		21		true	自旧档汇入	2026-04-13T01:27:08+08:00
Air	sm	Se donner de faux -.	假装，做样子	tsou’ yang’ ’tse.		做樣子		21		true	自旧档汇入	2026-04-13T01:27:08+08:00
Air	sm	Avoir l'- de (sembler).	似乎	’faong féh.		彷彿		21		true	自旧档汇入	2026-04-13T01:27:08+08:00
Air	sm	Avoir l'- fâché.	生气的样子	’pè mié’ k‘ong.		板面孔		21		true	自旧档汇入	2026-04-13T01:27:08+08:00
Air	sm	 - de musique.	曲调，腔调	k‘iang diao.		腔調		21	待定 調聲調	true	自旧档汇入	2026-04-13T01:27:08+08:00
Air	sm	 - de musique.	曲调，腔调	diao ’tse.		調子		21		true	自旧档汇入	2026-04-13T01:27:08+08:00
Aire	sf	(pr les grains).	打谷场	zang di.	zang di’.	場地		21		true	自旧档汇入	2026-04-13T01:27:08+08:00
Aire	sf	Nid.	鸟巢	’tiao k‘ou’.	’tiao k‘ou	鳥窩	鳥窠	21		true	自旧档汇入	2026-04-13T01:27:08+08:00
Aire	sf	Surface.	面积	yé’ mié’.		現面		21		true	自旧档汇入	2026-04-13T01:27:08+08:00
Aire	sf	Surface.	面积	zaong’ deû.		上頭		21		true	自旧档汇入	2026-04-13T01:27:08+08:00
Ais	sm		木板	moh ’pè.		木板		21		true	自旧档汇入	2026-04-13T01:27:08+08:00
Aisance	sm	(être dans l').	自如，宽裕	bié’ taong’.		便當		21		true	自旧档汇入	2026-04-13T01:27:08+08:00
Aisance	sm	(être dans l').	自如，宽裕	’h‘ao kou’ gnéh ’tse.		好過日子		21		true	自旧档汇入	2026-04-13T01:27:08+08:00
Aisance	sm	Lieux d'-.	茅坑，茅厕	mao k‘ang.		茅坑		21		true	自旧档汇入	2026-04-13T01:27:08+08:00
Aisance	sm	Lieux d'-.	茅坑，茅厕	mao ts‘éh.		茅厠		21		true	自旧档汇入	2026-04-13T01:27:08+08:00
Aise	sm	content(Il est tout-). 	得意，自在，真受用，心里很爽	teh i’.		得意		21		true	自旧档汇入	2026-04-13T01:27:08+08:00
Aise	sm	content(Il est tout-). 	得意，自在，真受用，心里很爽	ze’ zai’.		自在		21		true	自旧档汇入	2026-04-13T01:27:08+08:00
Aise	sm	content(Il est tout-). 	得意，自在，真受用，心里很爽	tsen zeû’ yong’.		真受用		21		true	自旧档汇入	2026-04-13T01:27:08+08:00
Aise	sm	content(Il est tout-). 	得意，自在，真受用，心里很爽	sin ’li mè ’saong.		心裏蠻爽		21		true	自旧档汇入	2026-04-13T01:27:08+08:00
Aise	sf	Fortune. (vivre à l'-).	自在，舒服	ôh ’li ’h‘ao kou’.		屋裏好過		21		true	自旧档汇入	2026-04-13T01:27:08+08:00
Aise	sf	Santé. Être tout mal à l'-.	浑身不舒服	wen sen véh ’h‘ao kou’.		渾身勿好過		22		true	自旧档汇入	2026-04-13T01:27:08+08:00
Aise	sf	Traitement. Mettre qqn. À l'-.	令人舒畅	ling’ gnen su ts‘ang’.		令人舒暢		22		true	自旧档汇入	2026-04-13T01:27:08+08:00
Aise	sf	Joie. Avoir le cœur à l'-.	心里舒畅	sin ’li zen taong.	sin ’li zen’ taong’.	心裏順當		22		true	自旧档汇入	2026-04-13T01:27:08+08:00
Aise	sf	Tranquillité. Travailler à son -.	适意	su zu.		舒徐		22		true	自旧档汇入	2026-04-13T01:27:08+08:00
Aise	sf	Tranquillité. Travailler à son -.	适意	su su zu zu.		舒舒徐徐		22		true	自旧档汇入	2026-04-13T01:27:08+08:00
Aise	sf	Familiarité. Prendre ses -s.	逍遥自在	siao yao ze’ zai’.		逍遥自在		22		true	自旧档汇入	2026-04-13T01:27:08+08:00
Aise	sf	Commodité. Ne penser qu'à ses -s.	只想安逸	tséh ’siang eu yeh.		只想安逸		22		true	自旧档汇入	2026-04-13T01:27:08+08:00
Aisé	adj	Facile. 	容易，不难的	yong yi’.		容易		22		true	自旧档汇入	2026-04-13T01:27:08+08:00
Aisé	adj	Facile. 	容易，不难的	véh nè.		勿難		22		true	自旧档汇入	2026-04-13T01:27:08+08:00
Aisé	adj	Commode. 	方便的	faong bié’.		方便		22		true	自旧档汇入	2026-04-13T01:27:08+08:00
Aisé	adj	Naturel.	自然的	ze’ zé.		自然		22		true	自旧档汇入	2026-04-13T01:27:08+08:00
Aisément	adv		容易的	yong yi’.		容易		22		true	自旧档汇入	2026-04-13T01:27:08+08:00
Aisselle	sf		腋窝	kéh loh ts‘ou.		胳落肞		22		true	自旧档汇入	2026-04-13T01:27:08+08:00
Aisselle	sf	Porter sous l'-.	夹在腋窝里	kèh ’la kéh loh ts‘ou ’li.		挾拉胳落肞裏	夾拉胳落肞裏	22		true	自旧档汇入	2026-04-13T01:27:08+08:00
Ajourner	va	Retarder.	延迟，拖后日子	yé ze.		延遲		22		true	自旧档汇入	2026-04-13T01:27:08+08:00
Ajourner	va	Retarder.	延迟，拖后日子	t‘ou h‘eû’ gnéh ’tse.	t‘ou heû’ gnéh ’tse.	拖後日子		22	待定 後聲調	true	自旧档汇入	2026-04-13T01:27:08+08:00
Ajourner	va	Fixer un jour.	订日子	ding’ taong’ gnéh kiah.		定當日脚		22		true	自旧档汇入	2026-04-13T01:27:08+08:00
Ajouter	va		加添，增添，添补，加	ka t‘ié.		加添		22		true	自旧档汇入	2026-04-13T01:27:08+08:00
Ajouter	va		加添，增添，添补，加	tseng t‘ié.		增添		22		true	自旧档汇入	2026-04-13T01:27:08+08:00
Ajouter	va		加添，增添，添补，加	t‘ié ’pou.		添補		22		true	自旧档汇入	2026-04-13T01:27:08+08:00
Ajouter	va		加添，增添，添补，加	ka.		加		22		true	自旧档汇入	2026-04-13T01:27:08+08:00
Ajouter	va	Inutile de rien - en parlant.	不用多说	véh yao’ ’kien wo biéh yang’.	véh yao’ ’kien wo’ biéh yang’.	勿要緊話别樣		22		true	自旧档汇入	2026-04-13T01:27:08+08:00
Ajouter	va	Inutile de rien - en écrivant.	不用多写	véh yao’ ’kien ’sia biéh yang’.		勿要緊寫别樣		22		true	自旧档汇入	2026-04-13T01:27:08+08:00
Ajouter	va	Ajoutez que. (de plus). 	另外，余外，添头	ling’ nga’.		另外		22		true	自旧档汇入	2026-04-13T01:27:08+08:00
Ajouter	va	Ajoutez que. (de plus). 	另外，余外，添头	yu wai’.		餘外		22		true	自旧档汇入	2026-04-13T01:27:08+08:00
Ajouter	va	Ajoutez que. (de plus). 	另外，余外，添头	t‘ié deû.		添頭		22		true	自旧档汇入	2026-04-13T01:27:08+08:00
Ajouter	va	 - foi.	信，相信	sin’.		信		22		true	自旧档汇入	2026-04-13T01:27:08+08:00
Ajouter	va	 - foi.	信，相信	siang sin’.		相信		22		true	自旧档汇入	2026-04-13T01:27:08+08:00
Ajustement	sm		装饰	tsaong seh.		妝飾		22	原作“妝餙”	true	自旧档汇入	2026-04-13T01:27:08+08:00
Ajuster	sm	Adapter.	对上去	tei’ zaong k‘i’.		對上去		22		true	自旧档汇入	2026-04-13T01:27:08+08:00
Ajuster	sm	Viser: bien - son coup.	打得准	’tang teh ’tsen.		打得準		22		true	自旧档汇入	2026-04-13T01:27:08+08:00
Ajustés	sm	(l'un ds l'autre).	一如一式	ih zu ih seh.		一如一式		22	(l'un de l'autre).	true	自旧档汇入	2026-04-13T01:27:08+08:00
Alambic	sm		烧酒锅	sao ’tsieû kou.		燒酒鍋		22		true	自旧档汇入	2026-04-13T01:27:08+08:00
Alambiqué	sm	(discours).	花言巧语	houo yé ’k‘iao ’gnu.	h‘ouo yé ’k‘iao ’gnu.	花言巧語		22		true	自旧档汇入	2026-04-13T01:27:08+08:00
Alangui	pp		疲倦的	long’ lè’.	long’ ’lè.	弄懶		22		true	自旧档汇入	2026-04-13T01:27:08+08:00
Alarmé	pp		吓得心惊肉跳	hah teh sin kieng’ zeh t‘iao’.	h‘ah teh sin kieng’ zeh t‘iao’.	嚇得心勁直跳		22		true	自旧档汇入	2026-04-13T01:27:08+08:00
Alarmer	va	 - qqn.	吓人	hah i.	h‘ah i.	嚇伊		22		true	自旧档汇入	2026-04-13T01:27:08+08:00
Alarmer	va	S' -.	惊慌，怕	k‘ieh kieng hah.	k‘ieh kieng h‘ah.	吃驚嚇		22		true	自旧档汇入	2026-04-13T01:27:08+08:00
Alarmer	va	S' -.	惊慌，怕	p‘ouo’.		怕		22		true	自旧档汇入	2026-04-13T01:27:08+08:00
Alarmiste	sm		散布令人惊恐谣言者	’zao hah gnen ke yao yé.	’zao h‘ah gnen ke yao yé.	造嚇人个謡言		22		true	自旧档汇入	2026-04-13T01:27:08+08:00
Albâtre	sm		白玉	bah gnôh.		白玉		22		true	自旧档汇入	2026-04-13T01:27:08+08:00
Albinos	sm		白化病	bah ’tié fong.		白點瘋		22		true	自旧档汇入	2026-04-13T01:27:08+08:00
Album	sm		本子，绘画稿簿	’bou ’tse.		薄子	簿子	22		true	自旧档汇入	2026-04-13T01:27:08+08:00
Album	sm		本子，绘画稿簿	wei’ wo’ kao bou’.	wei’ wo’ ’kao ’bou.	繪畫稿薄	繪畫稿簿	22		true	自旧档汇入	2026-04-13T01:27:08+08:00
Albumine	sf		蛋白	dè’ bah.		蛋白		22		true	自旧档汇入	2026-04-13T01:27:08+08:00
Alchimie	sf	(s'adonner à l')	炼丹	lié’ tè.		煉丹		23		true	自旧档汇入	2026-04-13T01:27:08+08:00
Alcool	sm		烧酒	sao ’tsieû.		燒酒		23		true	自旧档汇入	2026-04-13T01:27:08+08:00
Alcool	sm		酒活命	’tsieû wéh ming.	’tsieû wéh ming’.	酒活命		23		true	自旧档汇入	2026-04-13T01:27:08+08:00
Alcoran	sm		古兰经	wei wei kieng.		回回經		23		true	自旧档汇入	2026-04-13T01:27:08+08:00
Aléatoire	adj		保不定的，偶然	’pao véh zu’ ke’.		保勿住个		23		true	自旧档汇入	2026-04-13T01:27:08+08:00
Aléatoire	adj		保不定的，偶然	ngeû zé ke’.	’ngeû zé ke’.	偶然个		23		true	自旧档汇入	2026-04-13T01:27:08+08:00
Alêne	sf		一把锥子	ih ’pouo tseu ’tse.		一把錐子		23		true	自旧档汇入	2026-04-13T01:27:08+08:00
Alentour		(maisons d')	周围，三邻四舍	tseû wei.		周圍		23		true	自旧档汇入	2026-04-13T01:27:08+08:00
Alentour		(maisons d')	周围，三邻四舍	deu ghien’.		團近		23		true	自旧档汇入	2026-04-13T01:27:08+08:00
Alentour		(maisons d')	周围，三邻四舍	sè lin se’ sô’.		三鄰四舍		23		true	自旧档汇入	2026-04-13T01:27:08+08:00
Alentour		Le pays d'-.	四面八方，四周围	se’ mié’ pèh faong.		四面八方		23		true	自旧档汇入	2026-04-13T01:27:08+08:00
Alentour		Le pays d'-.	四面八方，四周围	se’ tseû wei.		四周圍		23		true	自旧档汇入	2026-04-13T01:27:08+08:00
Alentour		Les royaumes d'-.	四方邻国	se’ faong lin kôh.		四方鄰國		23		true	自旧档汇入	2026-04-13T01:27:08+08:00
Alentours	sm.pl.	(aux).	四方，四下，四面	se’faong.		四方		23		true	自旧档汇入	2026-04-13T01:27:08+08:00
Alentours	sm.pl.	(aux).	四方，四下，四面	se’ ya.	se’ ’ya.	四下		23		true	自旧档汇入	2026-04-13T01:27:08+08:00
Alentours	sm.pl.	(aux).	四方，四下，四面	se’ mié’.		四面		23		true	自旧档汇入	2026-04-13T01:27:08+08:00
Alerte	sf	Avoir une -.	惊吓	kieng hah. 	kieng h‘ah. 	驚嚇		23		true	自旧档汇入	2026-04-13T01:27:08+08:00
Alerte	sf	Avoir une -.	留心，活泼	lieû sin.		留心		23		true	自旧档汇入	2026-04-13T01:27:08+08:00
Alerte	sf	Avoir une -.	留心，活泼	wèh p‘éh.	wéh p‘éh.	活潑		23		true	自旧档汇入	2026-04-13T01:27:08+08:00
Alerte	adj	Vigilant.Être en -.	谨慎，小心	’kien zen’.		謹慎		23		true	自旧档汇入	2026-04-13T01:27:08+08:00
Alerte	adj	Vigilant.Être en -.	谨慎，小心	’siao sin’.	’siao sin.	小心		23		true	自旧档汇入	2026-04-13T01:27:08+08:00
Alerte	adj	Leste.	轻快	k‘ieng k‘oa’.		輕快		23		true	自旧档汇入	2026-04-13T01:27:08+08:00
Alevin.			鱼秧	n yang.		魚秧		23		true	自旧档汇入	2026-04-13T01:27:08+08:00
Aleviner	va		下鱼秧	’hao n yang.		下魚秧		23		true	自旧档汇入	2026-04-13T01:27:08+08:00
Algarade		(faire une) à qqn.	怒骂某人	fèh tsao’ mô’ gnen.		發躁駡人		23		true	自旧档汇入	2026-04-13T01:27:08+08:00
Algèbre	sf		代数学	dai’ sou’ yah.		代數學		23		true	自旧档汇入	2026-04-13T01:27:08+08:00
Algue	sf		海带	’h‘ai ta’.		海帶		23		true	自旧档汇入	2026-04-13T01:27:08+08:00
Aliéné	sm		癫症，疑头疑脑，狂头狂脑的	tié tseng’.		癲症		23		true	自旧档汇入	2026-04-13T01:27:08+08:00
Aliéné	sm		癫症，疑头疑脑，狂头狂脑的	ts‘e deû ts‘e ’nao.		痴頭痴腦		23		true	自旧档汇入	2026-04-13T01:27:08+08:00
Aliéné	sm		癫症，疑头疑脑，狂头狂脑的	goang deû goang ’nao ke’.		狂頭狂腦个		23		true	自旧档汇入	2026-04-13T01:27:08+08:00
Aliéné	adj	Esprit, cœur -.	疏远	sou yeu.	sou ’yeu.	疏遠		23		true	自旧档汇入	2026-04-13T01:27:08+08:00
Aliéner	va	(un domaine).	卖	ma’.		賣		23		true	自旧档汇入	2026-04-13T01:27:08+08:00
Aliéner	va	S' - les gens.	讨厌，惹人厌	t‘ao’ yé’.	’t‘ao yé’	討厭		23		true	自旧档汇入	2026-04-13T01:27:08+08:00
Aliéner	va	S' - les gens.	讨厌，惹人厌	’za gnen yé’.		惹人厭		23		true	自旧档汇入	2026-04-13T01:27:08+08:00
Aligné	pp		排成行	ba lai ih ’tsè ih zi ke’.		排來一斬一齋个		23		true	自旧档汇入	2026-04-13T01:27:08+08:00
Aligné	pp		排成行	ih da’ ih da’ ke’.		一[土大]一土大个	一埭一埭个	23		true	自旧档汇入	2026-04-13T01:27:08+08:00
Aligner	va	et S'-.	排成直线	tsou’ zeng kong ih zang da’.		做成工一長[土大]	做成功一長埭	23		true	自旧档汇入	2026-04-13T01:27:08+08:00
Aliment	sm		粮食，粮草	k‘ieh ghiôh.		吃局		23		true	自旧档汇入	2026-04-13T01:27:08+08:00
Aliment	sm		粮食，粮草	’h‘ou zeh.		火食	伙食	23		true	自旧档汇入	2026-04-13T01:27:08+08:00
Aliment	sm		粮食，粮草	liang zeh.		粮食		23	保留簡體	true	自旧档汇入	2026-04-13T01:27:08+08:00
Aliment	sm		粮食，粮草	liang ’ts‘ao.		粮草		23	保留簡體	true	自旧档汇入	2026-04-13T01:27:08+08:00
Alimentaire	adj		关系饮食的	koè i ’yen zeh ke’.	koè i’ ’yen zeh ke’.	關係飲食个		23		true	自旧档汇入	2026-04-13T01:27:08+08:00
Alimenter	va		养活	’yang gnen.		養人		23		true	自旧档汇入	2026-04-13T01:27:08+08:00
Alimenter	va	 - le feu.	添柴	t‘ié za. 		添柴		23		true	自旧档汇入	2026-04-13T01:27:08+08:00
Alimenter	va	 - la lampe.	添油	t‘ié yeû		添油		23		true	自旧档汇入	2026-04-13T01:27:08+08:00
Aliméa		(un). 	节	ih tsih.		一節		23		true	自旧档汇入	2026-04-13T01:27:08+08:00
Aliméa		Allez à la ligne.	顶格写	ting kah ’sia.		頂格寫		23		true	自旧档汇入	2026-04-13T01:27:08+08:00
Alité	pp		卧床的	k‘oen’ ’la zaong laong’.		睏拉床上		23		true	自旧档汇入	2026-04-13T01:27:08+08:00
Allaiter	va		喂奶	wei ’na.	wei’ ’na.	喂奶		23		true	自旧档汇入	2026-04-13T01:27:08+08:00
Allaiter	va		喂奶	yu ’na.	yu’ ’na.	與奶	喂奶	23		true	自旧档汇入	2026-04-13T01:27:08+08:00
Allants	sm.pl.	et venants. 	来来去去的人	lai lai k‘i’ k‘i’ ke’ gnen.		來來去去个人		23		true	自旧档汇入	2026-04-13T01:27:08+08:00
Allécher	va		引诱，拐骗	’yen yeû’.		引誘		23		true	自旧档汇入	2026-04-13T01:27:08+08:00
Allécher	va		引诱，拐骗	’koa p‘ié’.		拐騙		23		true	自旧档汇入	2026-04-13T01:27:08+08:00
Allée	sf	pavée ou rail d'une cour.	街道	’yong dao’.		甬道		23	原作“[彳甬亍]道”	true	自旧档汇入	2026-04-13T01:27:08+08:00
Allées 	sf.pl.	et venues.	走来走去	tseû lai tseû k‘i’.	’tseû lai ’tseû k‘i’.	走來走去		23		true	自旧档汇入	2026-04-13T01:27:08+08:00
Allégé	pp		轻点	k‘ieng ’tié.		輕點		24		true	自旧档汇入	2026-04-13T01:27:08+08:00
Alléger	va	un navire en danger. 	使变轻	song tsang.	song ts‘aong	鬆艙		24		true	自旧档汇入	2026-04-13T01:27:08+08:00
Alléger	va	un navire en danger. 	使变轻	’kè zai.		减儎		24	待定 儎聲調	true	自旧档汇入	2026-04-13T01:27:08+08:00
Allégorie	sf		比喻	tsia’ yeng.		借形		24		true	自旧档汇入	2026-04-13T01:27:08+08:00
Allégorie	sf		比喻	’pi faong.		比方		24		true	自旧档汇入	2026-04-13T01:27:08+08:00
Allégorique	adj	(sens). 	借意	tsia’ i’.		借意		24		true	自旧档汇入	2026-04-13T01:27:08+08:00
Allègre	adj	Agile.	快	k‘oa’.		快		24		true	自旧档汇入	2026-04-13T01:27:08+08:00
Allégrement	adv		爽快	’saong k‘oa’.		爽快		24		true	自旧档汇入	2026-04-13T01:27:08+08:00
Allégrement	adv		爽快	’saong ’daong.		爽蕩		24	待定 蕩聲調	true	自旧档汇入	2026-04-13T01:27:08+08:00
Allégresse	sf		快活，起劲	k‘a’ wéh.		快活		24		true	自旧档汇入	2026-04-13T01:27:08+08:00
Allégresse	sf		快活，起劲	’k‘i kieng.	’k‘i kieng’	起勁		24		true	自旧档汇入	2026-04-13T01:27:08+08:00
Alléguer		(de vaines excuses).	出凭据	ts‘éh bing kiu’.		出憑據		24		true	自旧档汇入	2026-04-13T01:27:08+08:00
Alléguer		(de vaines excuses).	推辞	t‘ei ze.		推辭		24		true	自旧档汇入	2026-04-13T01:27:08+08:00
Allemagne			德国	teh kôh.		德國		24		true	自旧档汇入	2026-04-13T01:27:08+08:00
Aller	vn	Marcher.	去，走路	k‘i’.		去		24		true	自旧档汇入	2026-04-13T01:27:08+08:00
Aller	vn	Marcher.	去，走路	hang’ lou’.	hang lou’.	行路		24		true	自旧档汇入	2026-04-13T01:27:08+08:00
Aller	vn	 -par terre. 	走旱路	’tseû heu’ lou’.		走旱路		24		true	自旧档汇入	2026-04-13T01:27:08+08:00
Aller	vn	 -par eau.	走水路	tseû ’se lou’.	’tseû ’se lou’.	走水路		24		true	自旧档汇入	2026-04-13T01:27:08+08:00
Aller	vn	Se diriger vers.	去	’k‘i.	k‘i’	去		24		true	自旧档汇入	2026-04-13T01:27:08+08:00
Aller	vn	Se diriger vers.	去	zaong’.		上		24		true	自旧档汇入	2026-04-13T01:27:08+08:00
Aller	vn	Se diriger vers.	去	tao’.		到		24		true	自旧档汇入	2026-04-13T01:27:08+08:00
Aller	vn	Où allez-vous?	你去哪里	nong’ tao’ sa’ di’ faong ’k‘i?	nong’ tao’ sa’ di’ faong k‘i’?	儂到啥地方去		24		true	自旧档汇入	2026-04-13T01:27:08+08:00
Aller	vn	Je vais en ville.	我进城去	zaong’ ka k‘i’.		上街去		24		true	自旧档汇入	2026-04-13T01:27:08+08:00
Aller	vn	(Cette idée) ne peut guère -.	不太合适	véh da’ héh seh.		勿大合式		24		true	自旧档汇入	2026-04-13T01:27:08+08:00
Aller	vn	(Cet habit) ,, ,, ,, ,, .	（衣服）不太合身	véh da’ (p‘ei’) tei’ sen.		勿大（配）對身		24		true	自旧档汇入	2026-04-13T01:27:08+08:00
Aller	vn	Se porter.	身体好	’h‘ao.		好		24		true	自旧档汇入	2026-04-13T01:27:08+08:00
Aller	vn	Se porter.	身体不好	véh ’h‘ao.		勿好		24		true	自旧档汇入	2026-04-13T01:27:08+08:00
Aller	vn	Comment allez-vous?	先生一向好吗	sié sang ih hiang’ ’h‘ao ’la va’?		先生一向好拉否	先生一向好拉？	24		true	自旧档汇入	2026-04-13T01:27:08+08:00
Aller	vn	Monsieur va bien?	先生还好吗	koh ’ya ghia ghié’ va’?		閣下强健否	閣下？健否	24		true	自旧档汇入	2026-04-13T01:27:08+08:00
Aller	vn	Cela me va très bien.	非常适合我	wei’ ngou’ mè ’h‘ao, mè bié’.	wei’ ’ngou mè ’h‘ao, mè bié’.	為我漫好，漫便	為我蠻好，蠻便	24		true	自旧档汇入	2026-04-13T01:27:08+08:00
Aller	vn	Pourquoi cela n'irait-il pas?	有什么行不通的	’yeû sa’ hang véh t‘ong ya?		有啥行勿通耶		24		true	自旧档汇入	2026-04-13T01:27:08+08:00
Aller	vn	Le commerce va bien.	生意兴旺	sang i’ hing’ yaong.	sang i’ hieng yaong.	生意興旺		24		true	自旧档汇入	2026-04-13T01:27:08+08:00
Aller	vn	Il y va de ton honneur.	关系你的名声	koè i nong’ ke’ ming sang.	koè i’ nong’ ke’ ming sang.	關係儂个名聲		24		true	自旧档汇入	2026-04-13T01:27:08+08:00
Aller	vn	Être sur le point de.	将要	yao’.		要		24		true	自旧档汇入	2026-04-13T01:27:08+08:00
Aller	vn	Il va pleuvoir.	要下雨了	zieû’ yao’ loh ’yu.		就要落雨		24		true	自旧档汇入	2026-04-13T01:27:08+08:00
Aller	vn	S'en -.Allons-nous- en.	我们走吧	ze’ gni’ tseû ba’.		自呢走罷	是伲走罷	24		true	自旧档汇入	2026-04-13T01:27:08+08:00
Aller	vn	Va-t'en.	你离开	nong’ k‘i’ mèh ’tsé.	nong’ k‘i’ méh ’tsé.	儂去末者		24		true	自旧档汇入	2026-04-13T01:27:08+08:00
Aller	vn	Vos cheveux s'en vont.	掉发	nong’ ’la t‘éh deû fèh.		儂拉脱頭髮		24		true	自旧档汇入	2026-04-13T01:27:08+08:00
Aller	vn	Ce malade s'en va.	要死临终	yao’ ’si.		要死		24		true	自旧档汇入	2026-04-13T01:27:08+08:00
Aller	vn	Ce malade s'en va.	要死临终	lin tsong.		臨終		24		true	自旧档汇入	2026-04-13T01:27:08+08:00
Aller	vn	(l') et le retour.	跑来跑去，一去一来	bao k‘i’ bao lai.		跑去跑來		24		true	自旧档汇入	2026-04-13T01:27:08+08:00
Aller	vn	(l') et le retour.	跑来跑去，一去一来	ih k‘i’ ih lai.		一去一來		24		true	自旧档汇入	2026-04-13T01:27:08+08:00
Alliance	sf	Mariage.	亲事	ts‘in.		親		24		true	自旧档汇入	2026-04-13T01:27:08+08:00
Alliance	sf	Contracter une -.	定亲，结亲	ding’ ts‘in.		定親		24		true	自旧档汇入	2026-04-13T01:27:08+08:00
Alliance	sf	Contracter une -.	定亲，结亲	kiéh ts‘in.		結親		24		true	自旧档汇入	2026-04-13T01:27:08+08:00
Alliance	sf	Anneau de mariage.	结婚戒指	foen p‘ei’ ka’ tse.		婚配戒指		24		true	自旧档汇入	2026-04-13T01:27:08+08:00
Alliance	sf	Traité.Contracter -.	和约，结约	wou yah.		和約		24		true	自旧档汇入	2026-04-13T01:27:08+08:00
Alliance	sf	Traité.Contracter -.	和约，结约	kiéh yah.		結約		24		true	自旧档汇入	2026-04-13T01:27:08+08:00
Allié	sm	Uni par affin.	亲戚	ts‘in tsih.		親戚		24		true	自旧档汇入	2026-04-13T01:27:08+08:00
Allié	sm	Confédéré: pays -.	同盟国	dong men tse kôh.		同盟之國		25		true	自旧档汇入	2026-04-13T01:27:08+08:00
Allié	sm	Confédéré: pays -.	同盟国	wou ’h‘ao ke’ kôh dou’.		和好个國度		25		true	自旧档汇入	2026-04-13T01:27:08+08:00
Allier	va	(des méteaux). 	搅和	ts‘è wou.		攙和		25		true	自旧档汇入	2026-04-13T01:27:08+08:00
Allocation		(fixer une).	限定费用	hè ding’ yong’ fi’.		限定費用		25	待定 限聲調	true	自旧档汇入	2026-04-13T01:27:08+08:00
Allonge	va		放长部分	faong’ zaong.		放長		25		true	自旧档汇入	2026-04-13T01:27:08+08:00
Allonger	va	ajouter un morceau.	接长	tsih zaong		接長		25		true	自旧档汇入	2026-04-13T01:27:08+08:00
Allonger	va	Étendre: - les jambes.	大腿伸出来	dou’ ’t‘ei sen ts‘éh lai.		大腿伸出來		25		true	自旧档汇入	2026-04-13T01:27:08+08:00
Allonger	va	Avancer: - la tête.	头伸起来，探出头来	deû sen ’k‘i lai.		頭伸起來		25		true	自旧档汇入	2026-04-13T01:27:08+08:00
Allonger	va	Avancer: - la tête.	头伸起来，探出头来	t‘é’ tséh deû lai.		探出頭來		25		true	自旧档汇入	2026-04-13T01:27:08+08:00
Allumer	va. vr.	S'-.	点火，点亮	’tié ’h‘ou.		點火		25		true	自旧档汇入	2026-04-13T01:27:08+08:00
Allumer	va. vr.	S'-.	点火，点亮	zaong’ ’h‘ou.		上火		25		true	自旧档汇入	2026-04-13T01:27:08+08:00
Allumette	sf		火柴	ze’ lai ’h‘ou.		自來火		25		true	自旧档汇入	2026-04-13T01:27:08+08:00
Allumette	sf		火柴	yang ’h‘ou.		洋火		25		true	自旧档汇入	2026-04-13T01:27:08+08:00
Allure		(façon de marcher).	走法，走路的样子	’tseû fèh.		走法		25		true	自旧档汇入	2026-04-13T01:27:08+08:00
Allure		(façon de marcher).	走法，走路的样子	tseû lou’ ke’ yang’ ’tse.	’tseû lou’ ke’ yang’ ’tse.	走路个樣子		25		true	自旧档汇入	2026-04-13T01:27:08+08:00
Allusion	sf	(faire).	指点	’tse ’tié.		指點		25		true	自旧档汇入	2026-04-13T01:27:08+08:00
Allusion	sf	Faire des -s injurieuses.	指东话西	tsia’ neu mô’ sin wou.	tsia’ neu mô’ sin wou’.	借囡駡媳婦	借囡駡新婦	25		true	自旧档汇入	2026-04-13T01:27:08+08:00
Allusion	sf	Faire des -s injurieuses.	指东话西	’tse tong wo’ si.		指東話西		25		true	自旧档汇入	2026-04-13T01:27:08+08:00
Alluvion	sf		涨滩	tsang t‘è.	’tsang t‘è.	漲灘		25		true	自旧档汇入	2026-04-13T01:27:08+08:00
Almanach		 - impérial.	皇历，历本，万年历	waong lih.		皇曆		25		true	自旧档汇入	2026-04-13T01:27:08+08:00
Almanach		 - impérial.	皇历，历本，万年历	lih ’pen.		曆本		25		true	自旧档汇入	2026-04-13T01:27:08+08:00
Almanach		 - impérial.	皇历，历本，万年历	vè’ gné lih.		萬年曆		25		true	自旧档汇入	2026-04-13T01:27:08+08:00
Aloës	sm		沉香	zen hiang.		沉香		25		true	自旧档汇入	2026-04-13T01:27:08+08:00
Aloi	sm	de mauvais - (lingot).	质量差的	zeng seh k‘ieû.		成色恘		25		true	自旧档汇入	2026-04-13T01:27:08+08:00
Aloi	sm	Au fig. [chose] de bon -.	正经的	tsen’ kieng ke’.		正經个		25		true	自旧档汇入	2026-04-13T01:27:08+08:00
Alors	adv	En ce temps-là.	当时	taong ze.		當時		25		true	自旧档汇入	2026-04-13T01:27:08+08:00
Alors	adv	Dans ce cas-là.	那么	’nai méh.		那末		25		true	自旧档汇入	2026-04-13T01:27:08+08:00
Alors	adv	 - comme -.	看光景	k‘eû’ koang ’kieng méh ’tsé.		看光景末者		25		true	自旧档汇入	2026-04-13T01:27:08+08:00
Alose	sf		鲥鱼	ze n.		鰣魚		25	原作“[魚寺]魚”	true	自旧档汇入	2026-04-13T01:27:08+08:00
Alouette	sf		百灵	pah ling.		百靈		25		true	自旧档汇入	2026-04-13T01:27:08+08:00
Alourdi	pp		变重的人	pié’ zong’ ’tsé.		變重者		25		true	自旧档汇入	2026-04-13T01:27:08+08:00
Alpaga	sm		羽布	’yu pou’.		羽布		25		true	自旧档汇入	2026-04-13T01:27:08+08:00
Alphabet	sm		字母	ze’ ’mou.		字母		25		true	自旧档汇入	2026-04-13T01:27:08+08:00
Alphabétique		(par ordre).	按字母顺序的	tsao’ ze’ mou’ ba ke’.	tsao’ ze’ ’mou ba ke’.	照字母排个		25		true	自旧档汇入	2026-04-13T01:27:08+08:00
Altercation	sf		口舌	’k‘eû zéh.		口舌		25		true	自旧档汇入	2026-04-13T01:27:08+08:00
Altercation	sf	Avoir une -.	争论	tseng len’.		争論		25		true	自旧档汇入	2026-04-13T01:27:08+08:00
Altercation	sf	Avoir une -.	争论	tsou’ nao ih zang.	tsou’ nao’ ih zang.	做鬧一場		25		true	自旧档汇入	2026-04-13T01:27:08+08:00
Altéré	adj	(être).	口渴，嘴巴干	’k‘eû k‘euh.		口渴		25		true	自旧档汇入	2026-04-13T01:27:08+08:00
Altéré	adj	(être).	口渴，嘴巴干	’tse ’li keu (k‘euh) lai.		嘴裏乾（渴）來		25		true	自旧档汇入	2026-04-13T01:27:08+08:00
Altérer	va	Falsifier. Gâter. S'-.	变坏，变恘	pié’ wa’.		變壞		25		true	自旧档汇入	2026-04-13T01:27:08+08:00
Altérer	va	Falsifier. Gâter. S'-.	变坏，变恘	tsah ’ka.		扚假	？假	25		true	自旧档汇入	2026-04-13T01:27:08+08:00
Altérer	va	Falsifier. Gâter. S'-.	变坏，变恘	pié’ k‘ieû		變恘		25		true	自旧档汇入	2026-04-13T01:27:08+08:00
Alternative	sf	(être. dans une pénible).	进退两难	tsin’ t‘ei’ ’liang nè.		進退兩難		25		true	自旧档汇入	2026-04-13T01:27:08+08:00
Alternative		Pas d'autre - que de mendier.	只能讨饭	tséh teh ’t‘ao vè’.		只得討飯		25		true	自旧档汇入	2026-04-13T01:27:08+08:00
Alternativement	adv		轮流，更替	len lieû.		輪流		26		true	自旧档汇入	2026-04-13T01:27:08+08:00
Alternativement	adv		轮流，更替	kang t‘i’.		更替		26		true	自旧档汇入	2026-04-13T01:27:08+08:00
Alternativement	adv		轮流，更替	a pè.		挨班		26		true	自旧档汇入	2026-04-13T01:27:08+08:00
Alterner	vn	Marcher.	轮流，换班	len ’tsé.		輪轉		26		true	自旧档汇入	2026-04-13T01:27:08+08:00
Alterner	vn	Marcher.	轮流，换班	diao pè.		調班		26		true	自旧档汇入	2026-04-13T01:27:08+08:00
Altesse	sf	(Votre).	大人，贵大人	da’ zen.		大人		26		true	自旧档汇入	2026-04-13T01:27:08+08:00
Altesse	sf	(Votre).	大人，贵大人	koei’ da’ zen.		貴大人		26		true	自旧档汇入	2026-04-13T01:27:08+08:00
Altier	adj		骄傲的，傲气的	kiao ngao’ ke’.		驕傲个		26		true	自旧档汇入	2026-04-13T01:27:08+08:00
Altier	adj		骄傲的，傲气的	ngao’ k‘i’ gnen.		傲氣人		26		true	自旧档汇入	2026-04-13T01:27:08+08:00
Altitude	sf		高毒	kao.		高		26		true	自旧档汇入	2026-04-13T01:27:08+08:00
Alun	sm		矾，明矾	bah wè.		白礬		26		true	自旧档汇入	2026-04-13T01:27:08+08:00
Alun	sm		矾，明矾	ming wè.		明礬		26		true	自旧档汇入	2026-04-13T01:27:08+08:00
Aluner		des peaux.	矾皮	wè bi.		礬皮		26		true	自旧档汇入	2026-04-13T01:27:08+08:00
Alvéole		(ruche).	蜂房	fong waong.		蜂房		26		true	自旧档汇入	2026-04-13T01:27:08+08:00
Alvéole		 - (dents).	牙床	nga zang.	nga zaong.	牙床		26		true	自旧档汇入	2026-04-13T01:27:08+08:00
Amabilité	sf		亲切，和爱	’k‘o ai’ ke’ zen k‘i’.		可愛个神氣		26		true	自旧档汇入	2026-04-13T01:27:08+08:00
Amadou	sm		火绒	’hou gnong.	’h‘ou gnong.	火絨		26		true	自旧档汇入	2026-04-13T01:27:08+08:00
Amadouer	va		讨好	t‘ao’ h‘ao’	’t‘ao h‘ao’	討好		26		true	自旧档汇入	2026-04-13T01:27:08+08:00
Amaigri	pp		瘦的人	’seû ’tsé.	seû’ ’tsé.	瘦者		26		true	自旧档汇入	2026-04-13T01:27:08+08:00
Amaigrir	vr	(S'). 	变瘦，消瘦	mè’ mè’ tse ’seû ’tsé.	mè’ mè’ tse seû’ ’tsé.	漫漫之瘦者	慢慢之瘦者	26		true	自旧档汇入	2026-04-13T01:27:08+08:00
Amande	sf	(fruit). 	杏仁	hang’ gnen.		杏仁		26		true	自旧档汇入	2026-04-13T01:27:08+08:00
Amande	sf	 - d'un noyau.	仁	gnen.		仁		26		true	自旧档汇入	2026-04-13T01:27:08+08:00
Amarante	sm	 - crête de coq.	苋菜	hié’ ts‘ai’.		莧菜		26		true	自旧档汇入	2026-04-13T01:27:08+08:00
Amarante	sm	 - crête de coq.	鸡冠花	ki koè h‘ouo.		鷄冠花		26	待定	true	自旧档汇入	2026-04-13T01:27:08+08:00
Amarre	sf		船缆	zé lè’.		船纜		26		true	自旧档汇入	2026-04-13T01:27:08+08:00
Amarrer	va		船缆	zé lè’.		船纜		26		true	自旧档汇入	2026-04-13T01:27:08+08:00
Amas	sm	Tas.	堆	tei.		堆		26		true	自旧档汇入	2026-04-13T01:27:08+08:00
Amasser	va		堆起来	tei’ k‘i lai.	tei ’k‘i lai.	堆起來		26		true	自旧档汇入	2026-04-13T01:27:08+08:00
Amasser		Réunir. Thésauriser.	积蓄，攒钱	tsih hioh.	tsih hiôh.	積畜		26		true	自旧档汇入	2026-04-13T01:27:08+08:00
Amasser		Réunir. Thésauriser.	积蓄，攒钱	tsih dong dié.		積銅錢		26		true	自旧档汇入	2026-04-13T01:27:08+08:00
Amateur	sm		好，爱，喜欢	h‘ao’.		好		26		true	自旧档汇入	2026-04-13T01:27:08+08:00
Amateur	sm		好，爱，喜欢	ai’.		愛		26		true	自旧档汇入	2026-04-13T01:27:08+08:00
Amateur	sm		好，爱，喜欢	’hi foé.		喜歡		26		true	自旧档汇入	2026-04-13T01:27:08+08:00
Amazone	sf		女兵	’gnu ping.		女兵		26		true	自旧档汇入	2026-04-13T01:27:08+08:00
Amazone	sf		女骑兵	ghi ’mo ’gnu gnen.		騎兵女人		26		true	自旧档汇入	2026-04-13T01:27:08+08:00
Ambages	sf.pl.	(sans).	直截了当地	ih zeh ke’.		一直个		26		true	自旧档汇入	2026-04-13T01:27:08+08:00
Ambassade	sf	(Hôtel d'-). 	大使馆	k‘ien ts‘a kong koé	k‘ien ts‘a kong ’koé	欽差公館		26	待定 館聲調	true	自旧档汇入	2026-04-13T01:27:08+08:00
Ambassade	sf	Attaché d'-.	副大使	fou’ k‘ien ts‘a.		副欽差		26		true	自旧档汇入	2026-04-13T01:27:08+08:00
Ambassadeur	sm		大使馆	k‘ien ts‘a.		欽差		26		true	自旧档汇入	2026-04-13T01:27:08+08:00
Ambigu	adj	(terme). 	模棱两可的，含混不清的	liao k‘iao wo’		蹘蹺話		26	待定	true	自旧档汇入	2026-04-13T01:27:08+08:00
Ambigu	adj	(terme). 	模棱两可的，含混不清的	liang yang’ t‘ôh neng ke’ ’ka seh.	’liang yang’ t‘ôh neng ke’ ’ka seh.	兩樣秃能个解説		26		true	自旧档汇入	2026-04-13T01:27:08+08:00
Ambition	sf		贪心	t‘é sin.		貪心		26		true	自旧档汇入	2026-04-13T01:27:08+08:00
Ambitionner	va		渴望	t‘é.		貪		26		true	自旧档汇入	2026-04-13T01:27:08+08:00
Ambre	sm		琥珀	’fou p‘ah.		琥珀		26		true	自旧档汇入	2026-04-13T01:27:08+08:00
Ambulant	adj	Vagaband.	流动的，漂泊的	’tseû kiang wou ke’.		走江湖个		26		true	自旧档汇入	2026-04-13T01:27:08+08:00
Âme	sf	 - rationnelle.	灵魂	ling wen.		靈魂		26		true	自旧档汇入	2026-04-13T01:27:08+08:00
Âme	sf	 -sensitive.	觉魂	kiah wen.		覺魂		26		true	自旧档汇入	2026-04-13T01:27:08+08:00
Âme	sf	 - végétat.	生魂	seng wen.		生魂		26		true	自旧档汇入	2026-04-13T01:27:08+08:00
Âme	sf	Habitant. Combien d'-s?	居民	gnen.		人		26		true	自旧档汇入	2026-04-13T01:27:08+08:00
Âme	sf	Habitant. Combien d'-s?	居民	gnen ka.		人家		26		true	自旧档汇入	2026-04-13T01:27:08+08:00
Amélioration	sf	on ne voit pas d'-.	没有发现任何改进。	wè véh zeng k‘eû kié’ ’h‘ao ’tié.		還勿曾看見好點		26		true	自旧档汇入	2026-04-13T01:27:08+08:00
Améliorer	vr	(S'). 	改善	pié’ ’h‘ao.		變好		27		true	自旧档汇入	2026-04-13T01:27:08+08:00
Aménager	va		布置	eu ba.		安排		27		true	自旧档汇入	2026-04-13T01:27:08+08:00
Aménager	va		布置	seû zéh.		收拾		27		true	自旧档汇入	2026-04-13T01:27:08+08:00
Amende		(imposer une).	处罚	vèh.		罰		27		true	自旧档汇入	2026-04-13T01:27:08+08:00
Amende		 - en argent.	罚款	vèh dong dié.		罰銅錢		27		true	自旧档汇入	2026-04-13T01:27:08+08:00
Amende		 - en grain.	罚米	vèh ’mi.		罰米		27		true	自旧档汇入	2026-04-13T01:27:08+08:00
Amende		 - retenue sur appointements.	扣除工资	vèh fong.	vèh fong’	罰俸		27		true	自旧档汇入	2026-04-13T01:27:08+08:00
Amende		 - honorable.	认错，求宽免	gnen’ ts‘ouo.		認差		27		true	自旧档汇入	2026-04-13T01:27:08+08:00
Amende		 - honorable.	认错，求宽免	ghieû koè mié’.	ghieû k‘oé ’mié.	求寬免		27		true	自旧档汇入	2026-04-13T01:27:08+08:00
Amende		 - honorable.	认错，求宽免	tsao véh ze’.		招勿是		27		true	自旧档汇入	2026-04-13T01:27:08+08:00
Amender	va. vr.	S'-.	感化	’ké h‘o’.		感化		27		true	自旧档汇入	2026-04-13T01:27:08+08:00
Amender	va. vr.	S'-.	改过	’kai kou’.		改過		27		true	自旧档汇入	2026-04-13T01:27:08+08:00
Amener	va	Introduire qqn.	领	’ling.		領		27		true	自旧档汇入	2026-04-13T01:27:08+08:00
Amener	va	Introduire qqn.	领他进来	’ling i tsin’ lai.		領伊進來		27		true	自旧档汇入	2026-04-13T01:27:08+08:00
Amener	va	Conduire.	领来，带来	’ling lai.		領來		27		true	自旧档汇入	2026-04-13T01:27:08+08:00
Amener	va	Conduire.	领来，带来	ta’ lai.		帶來		27		true	自旧档汇入	2026-04-13T01:27:08+08:00
Amener	va	Attirer. 	提	di.		提		27		true	自旧档汇入	2026-04-13T01:27:08+08:00
Amener	va	 - le filet.	起网	’k‘i ’maong.		起網		27		true	自旧档汇入	2026-04-13T01:27:08+08:00
Aménité	sf		客气，和蔼	wou k‘i’.		和氣		27		true	自旧档汇入	2026-04-13T01:27:08+08:00
Amer	adj	(phys. Et moral.)	苦，苦的	’k‘ou.		苦		27		true	自旧档汇入	2026-04-13T01:27:08+08:00
Amer	adj	(phys. Et moral.)	苦，苦的	’k‘ou ke’.		苦个		27		true	自旧档汇入	2026-04-13T01:27:08+08:00
Amérique	sf		美洲	ya-’mei-’li-ka.	’ya-’mei-li’-ka.	亞美利加		27		true	自旧档汇入	2026-04-13T01:27:08+08:00
Amertume	sf		苦味	’k‘ou ke’ mi’-dao.		苦个味道		27		true	自旧档汇入	2026-04-13T01:27:08+08:00
Amertume	sf	Chagrin.	苦处，忧苦	’k‘ou ts‘u’.		苦處		27		true	自旧档汇入	2026-04-13T01:27:08+08:00
Amertume	sf	Chagrin.	苦处，忧苦	yeû ’k‘ou.		憂苦		27		true	自旧档汇入	2026-04-13T01:27:08+08:00
Ameublement	sm		家具	ka sang.		傢生		27		true	自旧档汇入	2026-04-13T01:27:08+08:00
Ameublement	sm		家具	ka ’h‘ou.		傢伙		27		true	自旧档汇入	2026-04-13T01:27:08+08:00
Ameuter	vr	(S'). 	造乱，造反	ts‘ao’ leû’.		造亂		27	待定 聲調	true	自旧档汇入	2026-04-13T01:27:08+08:00
Ameuter	vr	(S'). 	造乱，造反	ts‘ao’ ’fè.		造反		27	待定 聲調	true	自旧档汇入	2026-04-13T01:27:08+08:00
Ami	sm		朋友，相好的，知己	bang yeû.	bang ’yeû	朋友		27		true	自旧档汇入	2026-04-13T01:27:08+08:00
Ami	sm		朋友，相好的，知己	siang ’h‘ao ke’.		相好个		27		true	自旧档汇入	2026-04-13T01:27:08+08:00
Ami	sm		朋友，相好的，知己	tse ’ki.		知己		27		true	自旧档汇入	2026-04-13T01:27:08+08:00
Amiable	adj	A l'-, s'arranger à l'-.	议和，调停，调处，议和	wo’ wou.		話和		27		true	自旧档汇入	2026-04-13T01:27:08+08:00
Amiable	adj	A l'-, s'arranger à l'-.	议和，调停，调处，议和	diao ding.		調停		27		true	自旧档汇入	2026-04-13T01:27:08+08:00
Amiable	adj	A l'-, s'arranger à l'-.	议和，调停，调处，议和	diao ts‘u.	diao ts‘u’.	調處		27		true	自旧档汇入	2026-04-13T01:27:08+08:00
Amiable	adj	A l'-, s'arranger à l'-.	议和，调停，调处，议和	gni wou.	gni’ wou.	議和		27		true	自旧档汇入	2026-04-13T01:27:08+08:00
Amiante	sf		石棉	péh hoei moh.	péh h‘oei moh.	不灰木		27		true	自旧档汇入	2026-04-13T01:27:08+08:00
Amicale	adj	D'une façon -.	和和气气的	wou wou k‘i’ k‘i’ ke’.		和和氣氣个		27		true	自旧档汇入	2026-04-13T01:27:08+08:00
Amict	sm		方领	faong ’ling.		方領		27		true	自旧档汇入	2026-04-13T01:27:08+08:00
Amidon	sm		淀粉	tsiang mié’.		漿麵		27		true	自旧档汇入	2026-04-13T01:27:08+08:00
Amincir	va		做得薄点，刮薄	tsou’ lai bôh ’tié.		做來薄點		27		true	自旧档汇入	2026-04-13T01:27:08+08:00
Amincir	va		做得薄点，刮薄	koèh bôh.		刮薄		27		true	自旧档汇入	2026-04-13T01:27:08+08:00
Amiral	sm		海军元帅	’se se di tôh.		水師提督		27		true	自旧档汇入	2026-04-13T01:27:08+08:00
Amitié		 - particulière.	交情，友情，私爱	kiao zing’.		交情		27		true	自旧档汇入	2026-04-13T01:27:08+08:00
Amitié		 - particulière.	交情，友情，私爱	yeû zing.	’yeû zing.	友情		27		true	自旧档汇入	2026-04-13T01:27:08+08:00
Amitié		 - particulière.	交情，友情，私爱	se ai.		私愛		27		true	自旧档汇入	2026-04-13T01:27:08+08:00
Amitié		Lier -. 	结交	kiéh kiao.		結交		27		true	自旧档汇入	2026-04-13T01:27:08+08:00
Amitié		Rompre -.	绝交	ziéh kiao.		絶交		27		true	自旧档汇入	2026-04-13T01:27:08+08:00
Amitié		Présentez-lui mes -s.	你替我看看他	nong’ ti’ ngou maong’ maong’ i.	nong’ t‘i’ ’ngou maong’ maong’ i.	儂替我望望伊		27		true	自旧档汇入	2026-04-13T01:27:08+08:00
Ammonic		(sel) impur.	氨	’nao souo.		碯砂		27		true	自旧档汇入	2026-04-13T01:27:08+08:00
Amnistie	sf	accorder une -.	大赦	da’ souo’.		大赦		27		true	自旧档汇入	2026-04-13T01:27:08+08:00
Amnistie	sf	accorder une -.	放赦	faong souo’.		放赦		27		true	自旧档汇入	2026-04-13T01:27:08+08:00
Amnistie	sf	 - générale.	大赦天下	da’ souo’ t‘ié ya’.	da’ souo’ t‘ié ’ya.	大赦天下		27		true	自旧档汇入	2026-04-13T01:27:08+08:00
Amnistie	sf		皇恩大赦	waong en da’ souo	waong en da’ souo’	皇恩大赦		27		true	自旧档汇入	2026-04-13T01:27:08+08:00
Amoy	sm	ou Emouy. dans le Fou-kien.	厦门	hao men.		厦門		27	法文词义有些看不清	true	自旧档汇入	2026-04-13T01:27:08+08:00
Amoindrir	va. vr.	S'-. 	改小	’kai ’siao.		改小		28		true	自旧档汇入	2026-04-13T01:27:08+08:00
Amoindrir	va. vr.	S'-. 	减小	’kè ’sao.		减少		28		true	自旧档汇入	2026-04-13T01:27:08+08:00
Amollir	va		使柔软	long’ ’gneu.		弄軟		28		true	自旧档汇入	2026-04-13T01:27:08+08:00
Amollir	va	 - dela cire entre ses doigts.	捻软黄蜡	waong lèh gnè gnè ’gneu.		黄爉捻捻軟	黄爉？？軟	28	待定	true	自旧档汇入	2026-04-13T01:27:08+08:00
Amonceler	va		堆，堆一堆	tei.		堆		28		true	自旧档汇入	2026-04-13T01:27:08+08:00
Amonceler	va		堆，堆一堆	tei ih tei.		堆一堆		28		true	自旧档汇入	2026-04-13T01:27:08+08:00
Amont		(en).	上游	zaong’ ’se deû.		上水頭		28		true	自旧档汇入	2026-04-13T01:27:08+08:00
Amorce		(appât).	饵，鱼饵	gni’.		餌		28		true	自旧档汇入	2026-04-13T01:27:08+08:00
Amorce		(appât).	饵，鱼饵	n zeh.		魚食		28		true	自旧档汇入	2026-04-13T01:27:08+08:00
Amorce		 - d'armes.	导火线	h‘ou’ lié.	’h‘ou lié.	火鐮		28		true	自旧档汇入	2026-04-13T01:27:08+08:00
Amorcer	va	 - les gens. 	引诱，拐骗	’yen yeû’.		引誘		28		true	自旧档汇入	2026-04-13T01:27:08+08:00
Amorcer	va	 - le poisson.	放鱼饵	hao n zeh.	’hao n zeh.	下魚食		28		true	自旧档汇入	2026-04-13T01:27:08+08:00
Amour	sm		爱情	ai’ zing.		愛情		28		true	自旧档汇入	2026-04-13T01:27:08+08:00
Amour	sm	Le fleuve -.	黑龙江	h‘eh long kaong.		黑龍江		28		true	自旧档汇入	2026-04-13T01:27:08+08:00
Amouracher	vr	(S'). 	依依不舍，念念不忘	i i péh ’sé.		依依不舍		28		true	自旧档汇入	2026-04-13T01:27:08+08:00
Amouracher	vr	(S'). 	依依不舍，念念不忘	gnè’ gnè’ péh waong’.		念念不忘		28		true	自旧档汇入	2026-04-13T01:27:08+08:00
Amphibie	sm		两栖动物	’se heu seû	’se heu’ seû	水旱獸		28	待定 旱聲調	true	自旧档汇入	2026-04-13T01:27:08+08:00
Amphibologie	sf		双关	saong koè.		雙關		28		true	自旧档汇入	2026-04-13T01:27:08+08:00
Amphigourique	adj		无头绪地说话，糊涂话	m deû zu’ ke’ seh wo’.		無頭緒个説話	嘸頭緒个説話	28		true	自旧档汇入	2026-04-13T01:27:08+08:00
Amphigourique	adj		无头绪地说话，糊涂话	wou dou wo’.		糊塗話		28		true	自旧档汇入	2026-04-13T01:27:08+08:00
Amphithéâtre	sm		梯形教室	yeu zang.		圓場		28		true	自旧档汇入	2026-04-13T01:27:08+08:00
Amphitryon	sm		东道主	wei tong.		爲東		28		true	自旧档汇入	2026-04-13T01:27:08+08:00
Ample	adj		广大的，宽绰的	koang da’.	’koang da’.	廣大		28		true	自旧档汇入	2026-04-13T01:27:08+08:00
Ample	adj		广大的，宽绰的	koè ts‘ah.	k‘oé ts‘ah.	寬綽		28		true	自旧档汇入	2026-04-13T01:27:08+08:00
Amplification	sf	littéraire. 	文章	wen tsang.		文章		28		true	自旧档汇入	2026-04-13T01:27:08+08:00
Amplifier	va	Développer. Exagérer.	推广，发挥，说来太过分	t‘ei ’koang.		推廣		28		true	自旧档汇入	2026-04-13T01:27:08+08:00
Amplifier	va	Développer. Exagérer.	推广，发挥，说来太过分	fèh fei.		發揮		28		true	自旧档汇入	2026-04-13T01:27:08+08:00
Amplifier	va	Développer. Exagérer.	推广，发挥，说来太过分	seh lai t‘ai’ kou’ ven’.		説來太過分		28		true	自旧档汇入	2026-04-13T01:27:08+08:00
Amplitude	sf		宽大	k‘oè’ da’.	k‘oé da’.	寬大		28		true	自旧档汇入	2026-04-13T01:27:08+08:00
Ampoule	sf		泡	p‘ao’.		泡		28		true	自旧档汇入	2026-04-13T01:27:08+08:00
Ampoule	sf	Se faire une - au pied.	脚上起一个水泡的人。	kiah laong’ ’k‘i ze’ p‘ao’ ’tsé.		脚上起是泡者		28		true	自旧档汇入	2026-04-13T01:27:08+08:00
Ampoulé	adj	Style -.	虚文	hiu wen.		虚文		28		true	自旧档汇入	2026-04-13T01:27:08+08:00
Ampoulé	adj	Parler d'une manière -e.	说大话	wo’ dou’ wo’.		話大話		28		true	自旧档汇入	2026-04-13T01:27:08+08:00
Amputer	va		割，截断	keuh.		割		28		true	自旧档汇入	2026-04-13T01:27:08+08:00
Amputer	va		割，截断	zih deû’.		截斷		28		true	自旧档汇入	2026-04-13T01:27:08+08:00
Ampulette	sf		符	vou. 		符		28		true	自旧档汇入	2026-04-13T01:27:08+08:00
Ampulette	sf	Écrire une -.	画符	wo’ vou.		畫符		28		true	自旧档汇入	2026-04-13T01:27:08+08:00
Ampulette	sf	Billet protecteur.	护身符	’wou sen vou.		護身符		28		true	自旧档汇入	2026-04-13T01:27:08+08:00
Ampulette	sf	Miroir.	护身镜	’wou sen kieng.	’wou sen kieng’	護身鏡		28	原作“讓身鏡”	true	自旧档汇入	2026-04-13T01:27:08+08:00
Ampulette	sf	Médaille (de longévité)	寿牌	zeû’ ba.		壽牌		28		true	自旧档汇入	2026-04-13T01:27:08+08:00
Ampulette	sf	Sapèque	寿钱	zeû’ zié.		壽錢		28		true	自旧档汇入	2026-04-13T01:27:08+08:00
Ampulette	sf	Chaîne	寿锁	zeû’ ’sou.		壽鎖		28		true	自旧档汇入	2026-04-13T01:27:08+08:00
Ampulette	sf	Chaîne de sapèques…	钱锁	zié ’sou.		錢鎖		28		true	自旧档汇入	2026-04-13T01:27:08+08:00
Amusant	adj	Personne faisant rire.	引人笑	’yen gnen siao’.		引人笑		28		true	自旧档汇入	2026-04-13T01:27:08+08:00
Amusant	adj	Chose prêtant à rire.	可笑的，好玩的	’k‘o siao’ ke’.		可笑个		28		true	自旧档汇入	2026-04-13T01:27:08+08:00
Amusant	adj	Chose prêtant à rire.	可笑的，好玩的	béh siang’ keu.		勃相幹		28		true	自旧档汇入	2026-04-13T01:27:08+08:00
Amusant	adj	 -: récréant.	好玩的	’k‘i kieng.	’k‘i kieng’.	起勁		28		true	自旧档汇入	2026-04-13T01:27:08+08:00
Amusement	sm	Jeu.	娱乐	béh siang’.		勃相		28		true	自旧档汇入	2026-04-13T01:27:08+08:00
Amusement	sm	Bagatelle.	小事	’siao ze’ ’t‘i.		小事體		29		true	自旧档汇入	2026-04-13T01:27:08+08:00
Amuser	va		惹人笑，惹人起劲	’za gnen siao’.		惹人笑		29		true	自旧档汇入	2026-04-13T01:27:08+08:00
Amuser	va		惹人笑，惹人起劲	’za gnen ’k‘i kieng.	’za gnen ’k‘i kieng’.	惹人起勁		29		true	自旧档汇入	2026-04-13T01:27:08+08:00
Amuser	va	Faire perdre le temps.	挡脱别人的工夫	taong t‘èh biéh gnen ke’ kong fou.	’taong t‘èh biéh gnen ke’ kong fou.	擋脱别人个工夫		29		true	自旧档汇入	2026-04-13T01:27:08+08:00
Amuser	va	Repaître de vaines espérances.	欺骗，哄骗	k‘ong p‘ié’ p‘ié’.		空騙騙		29		true	自旧档汇入	2026-04-13T01:27:08+08:00
Amuser	va	Repaître de vaines espérances.	欺骗，哄骗	k‘ong ’koa ’koa.		空拐拐		29		true	自旧档汇入	2026-04-13T01:27:08+08:00
Amuser	va	S'-: se récréer.	散心娱乐	sè’ sin béh siang’.		散心勃相		29		true	自旧档汇入	2026-04-13T01:27:08+08:00
Amuser	va	S'-: perdre le temps.	白费功夫	bah fi’ kong fou.		白費工夫		29		true	自旧档汇入	2026-04-13T01:27:08+08:00
Amuser	va	S'-: prendre du plaisir.	高兴，起劲	kao hing.	kao hing’.	高興		29	待定	true	自旧档汇入	2026-04-13T01:27:08+08:00
Amuser	va	S'-: prendre du plaisir.	高兴，起劲	’k‘i kieng’.		起勁		29		true	自旧档汇入	2026-04-13T01:27:08+08:00
Amuser	va	Aimer à s'-.	贪安乐，喜欢娱乐	t‘é eu loh.		貪安樂		29		true	自旧档汇入	2026-04-13T01:27:08+08:00
Amuser	va	Aimer à s'-.	贪安乐，喜欢娱乐	’hi foé béh siang’.		喜歡勃相		29		true	自旧档汇入	2026-04-13T01:27:08+08:00
Amuser	va	S'- de qqn.	讥笑别人	ki siao’ biéh gnen.		譏笑别人		29		true	自旧档汇入	2026-04-13T01:27:08+08:00
Amusette	sf		玩耍	béh siang’ siang’.		勃相相		29		true	自旧档汇入	2026-04-13T01:27:08+08:00
An	sm		年	gné.		年		29		true	自旧档汇入	2026-04-13T01:27:08+08:00
An	sm	Dernier jour de l'-. 	岁除	su’ zu.		歲除		29		true	自旧档汇入	2026-04-13T01:27:08+08:00
An	sm	Soir de ce jour.	除夕	zu zieh.		除夕		29		true	自旧档汇入	2026-04-13T01:27:08+08:00
An	sm	Premier jour de l'-. 	过年，年初一	kou’ gné.		過年		29		true	自旧档汇入	2026-04-13T01:27:08+08:00
An	sm	Premier jour de l'-. 	过年，年初一	gné ts‘ou ih.		年初一		29		true	自旧档汇入	2026-04-13T01:27:08+08:00
An	sm	Matin de ce jour.	元旦	gneu tè’.		元旦		29		true	自旧档汇入	2026-04-13T01:27:08+08:00
An	sm	Saluer la veille du nouvel -.	辞年	ze gné.		辭年		29		true	自旧档汇入	2026-04-13T01:27:08+08:00
An	sm	Saluer le nouvel -.	拜年	pa’ gné.		拜年		29		true	自旧档汇入	2026-04-13T01:27:08+08:00
An	sm	- Âge [v.g.avoir 60 -s.]	岁	su’.		歲		29		true	自旧档汇入	2026-04-13T01:27:08+08:00
An	sm	Par -.	一年	ih gné.		一年		29		true	自旧档汇入	2026-04-13T01:27:08+08:00
An	sm	bon - mal -.	扯拢来	tsa long lai.	’ts‘a long lai.	扯攏來		29		true	自旧档汇入	2026-04-13T01:27:08+08:00
Anachorète	sm		隐修，独修	’yen sieû.		隱修		29		true	自旧档汇入	2026-04-13T01:27:08+08:00
Anachorète	sm		隐修，独修	dôh sieû.		獨修		29		true	自旧档汇入	2026-04-13T01:27:08+08:00
Analogue	adj	Pareil.	相同，仿佛	siang dong.		相同		29		true	自旧档汇入	2026-04-13T01:27:08+08:00
Analogue	adj	Pareil.	相同，仿佛	faong fèh.	faong féh.	彷彿		29		true	自旧档汇入	2026-04-13T01:27:08+08:00
Analogue	adj	Peu différent.	相像，相对，没啥大两样	siang ziang’.		相像		29		true	自旧档汇入	2026-04-13T01:27:08+08:00
Analogue	adj	Peu différent.	相像，相对，没啥大两样	siang tei’.		相對		29		true	自旧档汇入	2026-04-13T01:27:08+08:00
Analogue	adj	Peu différent.	相像，相对，没啥大两样	m sa’ dou’ ’liang yang’.		末啥大兩樣	嘸啥大兩樣	29		true	自旧档汇入	2026-04-13T01:27:08+08:00
Analyse	sf		大同小异的	da’ dong ’siao yi’.		大同小异		29		true	自旧档汇入	2026-04-13T01:27:08+08:00
Analyse	sf	En dernière -.	大意，撮要	da’ i’.		大意		29		true	自旧档汇入	2026-04-13T01:27:08+08:00
Analyse	sf	En dernière -.	大意，撮要	ts‘euh yao’.		撮要		29		true	自旧档汇入	2026-04-13T01:27:08+08:00
Analyser	va	Diviser.	拆开，分隔	ts‘ah k‘ai.		折開		29		true	自旧档汇入	2026-04-13T01:27:08+08:00
Analyser	va	Diviser.	拆开，分隔	fen k‘ai.		分開		29		true	自旧档汇入	2026-04-13T01:27:08+08:00
Analyser	va	Examiner en détail.	细看，察看	si’ k‘eû’.		細看		29		true	自旧档汇入	2026-04-13T01:27:08+08:00
Analyser	va	Examiner en détail.	细看，察看	tsèh k‘eû’.		察看		29		true	自旧档汇入	2026-04-13T01:27:08+08:00
Analyser	va	 - chimiquement.	化开	h‘ouo’ k‘ai.		化開		29		true	自旧档汇入	2026-04-13T01:27:08+08:00
Ananas	sm		凤梨	pou lou mih.		菠蘿蜜		29		true	自旧档汇入	2026-04-13T01:27:08+08:00
Anarchie	sf	L'empire est dans l'-.	无律法的国度，乱世	m lih fèh ke’ kôh dou’.		無律法个國度	嘸律法个國度	29		true	自旧档汇入	2026-04-13T01:27:08+08:00
Anarchie	sf	L'empire est dans l'-.	无律法的国度，乱世	leu’ se’.		亂世		29		true	自旧档汇入	2026-04-13T01:27:08+08:00
Anarchiste	sm		反乱的人，革命党	 ’fè leu’ ke’ gnen.		反亂个人		29		true	自旧档汇入	2026-04-13T01:27:08+08:00
Anarchiste	sm		反乱的人，革命党	keh ming’ ’tang.	keh ming’ ’taong.	革命黨		29		true	自旧档汇入	2026-04-13T01:27:08+08:00
Anathématiser	va.	qqn. C.	弃绝	k‘i’ ’ziéh i.	k‘i’ ziéh i.	棄絶伊		29	印刷錯誤	true	自旧档汇入	2026-04-13T01:27:08+08:00
Ancêtres	sm.pl.		祖宗，祖上，老辈	’tsou tsong.		祖宗		29		true	自旧档汇入	2026-04-13T01:27:08+08:00
Ancêtres	sm.pl.		祖宗，祖上，老辈	’tsou laong’.		祖上		29		true	自旧档汇入	2026-04-13T01:27:08+08:00
Ancêtres	sm.pl.		祖宗，祖上，老辈	’lao pei’.		老輩		29		true	自旧档汇入	2026-04-13T01:27:08+08:00
Ancêtres	sm.pl.	Salle des -s.	祠堂，祖庙，家堂	ze daong.		祠堂		29		true	自旧档汇入	2026-04-13T01:27:08+08:00
Ancêtres	sm.pl.	Salle des -s.	祠堂，祖庙，家堂	’tsou miao’.		祖廟		29		true	自旧档汇入	2026-04-13T01:27:08+08:00
Ancêtres	sm.pl.	Salle des -s.	祠堂，祖庙，家堂	ka daong.		家堂		29		true	自旧档汇入	2026-04-13T01:27:08+08:00
Ancêtres	sm.pl.	Temple des - de l'Empereur.	宗庙	tsong miao’.		宗廟		29		true	自旧档汇入	2026-04-13T01:27:08+08:00
Ancien		(l') d'une famille.	族长	zôh ’tsang.		族長		29		true	自旧档汇入	2026-04-13T01:27:08+08:00
Ancien		Les -s.	先人	sié zen.		先人		30		true	自旧档汇入	2026-04-13T01:27:08+08:00
Ancien	adj	qui existe depuis longtemps.	老的，旧的	 ’lao ke.		老个		30		true	自旧档汇入	2026-04-13T01:27:08+08:00
Ancien	adj	qui existe depuis longtemps.	老的，旧的	ghieû’ ke.		舊个		30		true	自旧档汇入	2026-04-13T01:27:08+08:00
Ancien	adj	qui a existé autrefois.	古的，从前的	 ’kou ke.		古个		30		true	自旧档汇入	2026-04-13T01:27:08+08:00
Ancien	adj	qui a existé autrefois.	古的，从前的	zong zié ke’.		從前个		30		true	自旧档汇入	2026-04-13T01:27:08+08:00
Anciennement	adv		从前，上古	zong zié.		從前		30		true	自旧档汇入	2026-04-13T01:27:08+08:00
Anciennement	adv		从前，上古	zaong’ ’kou.		上古		30		true	自旧档汇入	2026-04-13T01:27:08+08:00
Ancienneté	sf	Par rang d'-.	按年龄排序	zu’ ’ts‘e.		序齒		30		true	自旧档汇入	2026-04-13T01:27:08+08:00
Ancienneté	sf	Par rang d'-.	按年龄排序	a gné ki’	a gné ’ki	挨年紀		30		true	自旧档汇入	2026-04-13T01:27:08+08:00
Ancrage	sm		船户，停船地方	zé ’wou.		船户		30		true	自旧档汇入	2026-04-13T01:27:08+08:00
Ancrage	sm		船户，停船地方	ding (wè) zé di’ faong.		停（灣）船地方		30		true	自旧档汇入	2026-04-13T01:27:08+08:00
Ancre	sf		铁锚	t‘ih mao.		鐵錨		30		true	自旧档汇入	2026-04-13T01:27:08+08:00
Ancre	sf	Jeter l'-.	抛锚	p‘ao mao.		拋錨		30		true	自旧档汇入	2026-04-13T01:27:08+08:00
Ancre	sf	Aller se mettre à l'-.	去锚	wè wè zé k‘i.	wè wè zé k‘i’.	灣灣船去		30		true	自旧档汇入	2026-04-13T01:27:08+08:00
Ancre	sf	Lever l'-.	起锚，开船	’k‘i mao.		起錨		30		true	自旧档汇入	2026-04-13T01:27:08+08:00
Ancre	sf	Lever l'-.	起锚，开船	k‘ai zé.		開船		30		true	自旧档汇入	2026-04-13T01:27:08+08:00
Andouille	sf		香肠	hiang zang.		香腸		30		true	自旧档汇入	2026-04-13T01:27:08+08:00
Âne	sm		驴	ih p‘ieh ’li ’tse.	ih p‘ieh li ’tse.	一匹驢子		30		true	自旧档汇入	2026-04-13T01:27:08+08:00
Ânesse	sf		母驴	ts‘e li ’tse.		雌驢子		30		true	自旧档汇入	2026-04-13T01:27:08+08:00
Anéanti	pp	Harassé.	被消灭，歼灭	siao miéh t‘éh.		消滅脱		30		true	自旧档汇入	2026-04-13T01:27:08+08:00
Anéanti	pp	Harassé.	被消灭，歼灭	vè lai ’ya ke’.		煩來野个		30		true	自旧档汇入	2026-04-13T01:27:08+08:00
Anéantir	va		消灭	siao miéh.		消滅		30		true	自旧档汇入	2026-04-13T01:27:08+08:00
Anecdote	sf		轶事	’siao ’kou ze’		小古事		30	待定 變調	true	自旧档汇入	2026-04-13T01:27:08+08:00
Ânée	sf		驴子，笨蛋	li dou.		驢馱		30		true	自旧档汇入	2026-04-13T01:27:08+08:00
Anémie	sf		贫血	hieuh lao.		血癆		30		true	自旧档汇入	2026-04-13T01:27:08+08:00
Anémique	adj		软弱的，无力的	hiu zah lai ’si.		虚弱來死		30		true	自旧档汇入	2026-04-13T01:27:08+08:00
Anémomètre	sm		风速表	fong ’tsen.		風準		30		true	自旧档汇入	2026-04-13T01:27:08+08:00
Ânerie	sf		蠢话	wou wo’.		胡話		30		true	自旧档汇入	2026-04-13T01:27:08+08:00
Anévrisme	sm		动脉瘤	sin tseng’.		心症		30		true	自旧档汇入	2026-04-13T01:27:08+08:00
Anévrisme	sm		动脉瘤	saong sin laong’ hieuh kien.		傷心上血筋		30		true	自旧档汇入	2026-04-13T01:27:08+08:00
Anfractueux	adj		蜿蜒曲折的	wè k‘iôh ke’.		灣曲个		30		true	自旧档汇入	2026-04-13T01:27:08+08:00
Ange	sm	(C). 	天使	t‘ié zen.		天神		30		true	自旧档汇入	2026-04-13T01:27:08+08:00
Ange	sm	 - gardien (C).	护守天使	’wou ’seû t‘ié zen.	wou’ ’seû t‘ié zen.	護守天神		30		true	自旧档汇入	2026-04-13T01:27:08+08:00
Ange	sm	Le chef des -s (C).	总领天使	tsong’ ’ling t‘ié zen.	’tsong ’ling t‘ié zen.	總領天神		30		true	自旧档汇入	2026-04-13T01:27:08+08:00
Angélique	adj	(C). 	天使的	t‘ié zen ke’.		天神个		30		true	自旧档汇入	2026-04-13T01:27:08+08:00
Angélique	adj	Salutation -.	圣母经	seng’ ’mou kieng.		聖母經		30		true	自旧档汇入	2026-04-13T01:27:08+08:00
Angélus	adj		三钟经	sè tsong kieng.		三鐘經		30		true	自旧档汇入	2026-04-13T01:27:08+08:00
Angle	sm		角	koh.		角		30		true	自旧档汇入	2026-04-13T01:27:08+08:00
Angle	sm	 - droit.	方角，直角	faong koh.		方角		30		true	自旧档汇入	2026-04-13T01:27:08+08:00
Angle	sm	 - droit.	方角，直角	zeh koh.		直角		30		true	自旧档汇入	2026-04-13T01:27:08+08:00
Angle	sm	 - aigu. 	锐角	tsié koh.		尖角		30		true	自旧档汇入	2026-04-13T01:27:08+08:00
Angle	sm	 - obtus.	钝角	den’ koh.		鈍角		30		true	自旧档汇入	2026-04-13T01:27:08+08:00
Angle	sm	 - complémentaire.	余角	yu koh.		餘角		30		true	自旧档汇入	2026-04-13T01:27:08+08:00
Angle	sm	 - adjacent.	旁角	baong koh.		旁角		30		true	自旧档汇入	2026-04-13T01:27:08+08:00
Angle	sm	 - d'incidence.	原角	gneu koh.		原角		30		true	自旧档汇入	2026-04-13T01:27:08+08:00
Angle	sm	 - de réflexion.	回角	wei koh.		回角		30		true	自旧档汇入	2026-04-13T01:27:08+08:00
Angle	sm	 - saillant (arête).	楞角	len’ koh.		楞角	棱角	30	待定	true	自旧档汇入	2026-04-13T01:27:08+08:00
Angleterre			英国	yeng kôh.		英國		30		true	自旧档汇入	2026-04-13T01:27:08+08:00
Anglais			英国人	yeng kôh gnen.		英國人		30		true	自旧档汇入	2026-04-13T01:27:08+08:00
Angoisse	sf		忧闷	yeû men’.		憂悶		30		true	自旧档汇入	2026-04-13T01:27:08+08:00
Angoisse	sf	Être dans l'-.	受惊吓	k‘ieh kieng hah.	k‘ieh kieng h‘ah.	吃驚赫		30		true	自旧档汇入	2026-04-13T01:27:08+08:00
Anguille	sf		黄鳝，鳗鲤	waong zé.	waong ’zé	黄鱔		30	待定	true	自旧档汇入	2026-04-13T01:27:08+08:00
Anguille	sf		黄鳝，鳗鲤	mé li.		鰻鯉		30		true	自旧档汇入	2026-04-13T01:27:08+08:00
Ânier	sm.		赶驴的人	’mô fou		馬夫		31		true	自旧档汇入	2026-04-13T01:27:08+08:00
Ânier	sm.		赶驴的人	k‘eû’ li ’tse ke’		看驢子个		31		true	自旧档汇入	2026-04-13T01:27:08+08:00
Aniline	sf.	Rouge d'-	苯胺红	ih ’p‘in hong		一品紅		31		true	自旧档汇入	2026-04-13T01:27:08+08:00
Aniline	sf.	Bleu d'-	苯胺蓝	ih ’p‘in lè		一品藍		31		true	自旧档汇入	2026-04-13T01:27:08+08:00
Animal	sm.		动物	ghien seû’		禽獸		31		true	自旧档汇入	2026-04-13T01:27:08+08:00
Animal	sm.		动物	tsong sang		中生	中牲	31	待定	true	自旧档汇入	2026-04-13T01:27:08+08:00
Animal	adj.		动物的，兽性的	ghien seû’ ke’		禽獸个		31		true	自旧档汇入	2026-04-13T01:27:08+08:00
Animal	adj.		动物的，兽性的	tsong sang ke’		中生个		31		true	自旧档汇入	2026-04-13T01:27:08+08:00
Animalcule	sm.		微小生物	’siao zong		小虫	小蟲	31		true	自旧档汇入	2026-04-13T01:27:08+08:00
Animation 	sf.	(ardeur)	活跃，动画片，活动组织（炽热，活力，欲望）	hao sao’		浩燥	？？	31	待定 本字	true	自旧档汇入	2026-04-13T01:27:08+08:00
Animation 	sf.	(ardeur)	活跃，动画片，活动组织（炽热，活力，欲望）	k‘oa’ sao’		快燥		31		true	自旧档汇入	2026-04-13T01:27:08+08:00
Animation 	sf.	(ardeur)	活跃，动画片，活动组织（炽热，活力，欲望）	’k‘i sao’		起燥		31		true	自旧档汇入	2026-04-13T01:27:08+08:00
Animaux	sm.		动物	fi ghien ’tseû seû’		飛禽走獸		31		true	自旧档汇入	2026-04-13T01:27:08+08:00
Animaux	sm.		动物	tsôh sang 	ts‘ôh sang 	畜生		31		true	自旧档汇入	2026-04-13T01:27:08+08:00
Animaux	sm.	domestiques	家畜	lôh tsôh	lôh ts‘ôh	六畜		31		true	自旧档汇入	2026-04-13T01:27:08+08:00
Animaux	sm.	sauvages	野生动物	’ya seû’		野獸		31		true	自旧档汇入	2026-04-13T01:27:08+08:00
Animé	adj.	Irrité vivant	被激发活力的	wéh ke’		活个		31		true	自旧档汇入	2026-04-13T01:27:08+08:00
Animé	adj.	Irrité vivant	被激发活力的	hao sao’ke’		浩燥个		31		true	自旧档汇入	2026-04-13T01:27:08+08:00
Animé	adj.	Irrité vivant	被激发活力的	k‘i’ ke’		氣个		31		true	自旧档汇入	2026-04-13T01:27:08+08:00
Animer	va.	Encourager	鼓励	’mié li’		勉勵		31		true	自旧档汇入	2026-04-13T01:27:08+08:00
Animer	va.	Irriter	激怒	za gnen k‘i’	’za gnen k‘i’	惹人氣		31		true	自旧档汇入	2026-04-13T01:27:08+08:00
Animer	va.	S'-:avoir de l'ardeur	有活力	kao hing’		高興		31	待定	true	自旧档汇入	2026-04-13T01:27:08+08:00
Animer	va.	S'-:s'irriter	发怒	fèh nou’		發怒		31		true	自旧档汇入	2026-04-13T01:27:08+08:00
Animosité	sf.		恶意	hen’ dôh		恨毒		31	待定	true	自旧档汇入	2026-04-13T01:27:08+08:00
Anis	sm.		茴香	wei hiang		茴香		31		true	自旧档汇入	2026-04-13T01:27:08+08:00
Anisette 	sf.		茴香酒	wei hiang ’tsieû		茴香酒		31		true	自旧档汇入	2026-04-13T01:27:08+08:00
Ankylose	sf.		关节僵硬，萧条，迟钝	lih tsih fong	lih tsih vong’	歷節鳳		31		true	自旧档汇入	2026-04-13T01:27:08+08:00
Annales	sf.		年鉴	tse’ su		志書		31		true	自旧档汇入	2026-04-13T01:27:08+08:00
Annales	sf.		年鉴	’se kè	’se kè’	史鑒		31		true	自旧档汇入	2026-04-13T01:27:08+08:00
Annales	sf.		年鉴	kaong kè	kaong kè’	綱鑒		31		true	自旧档汇入	2026-04-13T01:27:08+08:00
Annaliste	sm.	impérial	帝国的 	’se koé		史官		31		true	自旧档汇入	2026-04-13T01:27:08+08:00
Annam	sm.		安南	eu-né-kôh		安南國		31		true	自旧档汇入	2026-04-13T01:27:08+08:00
Annam	sm.		安南	yeuh-né		越南		31		true	自旧档汇入	2026-04-13T01:27:08+08:00
Anneau	sm.	 -(bague)	环	k‘ieû		圈		31		true	自旧档汇入	2026-04-13T01:27:08+08:00
Anneau	sm.	 -(bague)	环	goè		環		31		true	自旧档汇入	2026-04-13T01:27:08+08:00
Anneau	sm.	 -(bague)	环	ka’ ’tse		戒指		31		true	自旧档汇入	2026-04-13T01:27:08+08:00
Année	sf.	Souhaiter la bonne-	祝贺新年	gné		年		31		true	自旧档汇入	2026-04-13T01:27:08+08:00
Année	sf.	Souhaiter la bonne-	祝贺新年	pa’ gné		拜年		31		true	自旧档汇入	2026-04-13T01:27:08+08:00
Année	sf.	L'-passée	去年	ghieû’ gné		舊年		31		true	自旧档汇入	2026-04-13T01:27:08+08:00
Année	sf.	L'-passée	去年	k‘i’ gné		去年		31		true	自旧档汇入	2026-04-13T01:27:08+08:00
Année	sf.	Cette-	今年	kien gné		今年		31		true	自旧档汇入	2026-04-13T01:27:08+08:00
Année	sf.	Cette-	今年	taong gné		當年		31		true	自旧档汇入	2026-04-13T01:27:08+08:00
Année	sf.	L'-prochaine	明年	lai gné		來年		31		true	自旧档汇入	2026-04-13T01:27:08+08:00
Année	sf.	L'-prochaine	明年	k‘ai gné		開年		31		true	自旧档汇入	2026-04-13T01:27:08+08:00
Année	sf.	L'-prochaine	明年	ming gné		明年		31		true	自旧档汇入	2026-04-13T01:27:08+08:00
Année	sf.	1ère-d'un règne	统治期的第一个年号	gneu gné		元年		31		true	自旧档汇入	2026-04-13T01:27:08+08:00
Année	sf.	d'-en-(S'enrichir)	充实，富足	ih gné fou’ ih gné		一年富一年		31		true	自旧档汇入	2026-04-13T01:27:08+08:00
Année	sf.	Age	年纪	su’ sou’		歲數		31		true	自旧档汇入	2026-04-13T01:27:08+08:00
Année	sf.	Age	年纪	gné k	gné ’ki	年紀		31	印刷錯誤	true	自旧档汇入	2026-04-13T01:27:08+08:00
Année	sf.	Récolte de l'-	一年的收成	gné zeng		年成		31		true	自旧档汇入	2026-04-13T01:27:08+08:00
Année	sf.	—stérile	歉收的年份	foang gné		荒年		31		true	自旧档汇入	2026-04-13T01:27:08+08:00
Année	sf.	—abondante	丰收的年份	zôh gné		熟年		31		true	自旧档汇入	2026-04-13T01:27:08+08:00
Année	sf.	—abondante	丰收的年份	gné zeng ’h‘ao		年成好		31		true	自旧档汇入	2026-04-13T01:27:08+08:00
Annexé	adj.	Pays-	属国	zôh kôh		屬國		31		true	自旧档汇入	2026-04-13T01:27:08+08:00
Annihiler	va.		撤销，毁灭	siao miéh		消滅		31		true	自旧档汇入	2026-04-13T01:27:08+08:00
Annihiler	va.		撤销，毁灭	miéh t‘éh		滅脱		31		true	自旧档汇入	2026-04-13T01:27:08+08:00
Anniversaire	sm.	（de naissance）	生日	sang gnéh		生日		31		true	自旧档汇入	2026-04-13T01:27:08+08:00
Anniversaire	sm.	（de naissance）	生日	tè’ gnéh		旦日		31		true	自旧档汇入	2026-04-13T01:27:08+08:00
Anniversaire	sm.	（de naissance）	生日	tseû gné		周年		31		true	自旧档汇入	2026-04-13T01:27:08+08:00
Anniversaire	sm.	（de mort）	忌日	ghi’ gnéh		忌日		31		true	自旧档汇入	2026-04-13T01:27:08+08:00
Anniversaire	sm.	Messe-.（C）	弥撒（天主教用语）	tseû gné mi sèh		周年彌撒		31		true	自旧档汇入	2026-04-13T01:27:08+08:00
Annonce	sf.	—officielle	正式宣布	sin’		信		32		true	自旧档汇入	2026-04-13T01:27:08+08:00
Annonce	sf.	—officielle	正式宣布	k‘ai pao’		開報		32		true	自旧档汇入	2026-04-13T01:27:08+08:00
Annonce	sf.	—officielle	正式宣布	pao’ sin’		報信		32		true	自旧档汇入	2026-04-13T01:27:08+08:00
Annonce	sf.	—officielle	正式宣布	kao’ ze	kao’ ze’	告示		32		true	自旧档汇入	2026-04-13T01:27:08+08:00
Annonce	sf.	—privée	私下告知	pao’ tè		報單		32		true	自旧档汇入	2026-04-13T01:27:08+08:00
Annonce	sf.	—privée	私下告知	kao’bah		告白		32		true	自旧档汇入	2026-04-13T01:27:08+08:00
Annoncer	va.	—une nouvelle	宣布一个消息	pao’		報		32		true	自旧档汇入	2026-04-13T01:27:08+08:00
Annoncer	va.	—une nouvelle	宣布一个消息	pao’ sin wen’		報新聞		32		true	自旧档汇入	2026-04-13T01:27:08+08:00
Annoncer	va.	—la mort	宣告死亡	pao’ saong		報喪		32		true	自旧档汇入	2026-04-13T01:27:08+08:00
Annoncer	va.	Dire d'avance	预言	yu’ yé		預言		32		true	自旧档汇入	2026-04-13T01:27:08+08:00
Annonciation 	sf.	（C）	天神报喜（天主教用语）	seng’ ’mou ’ling pao’		聖母領報		32		true	自旧档汇入	2026-04-13T01:27:08+08:00
Annotation	sf.		注释，旁注	tsu’ ’ka		注解		32		true	自旧档汇入	2026-04-13T01:27:08+08:00
Annotation	sf.		注释，旁注	’siao tsu’		小注		32		true	自旧档汇入	2026-04-13T01:27:08+08:00
Annuel	adj.	Toute l'année	全年	ih gné ke’		一年个		32		true	自旧档汇入	2026-04-13T01:27:08+08:00
Annuel	adj.	Chaque année	每年	gné gné ke’		年年个		32		true	自旧档汇入	2026-04-13T01:27:08+08:00
Annuellement	adv.		每年	gné gné		年年		32		true	自旧档汇入	2026-04-13T01:27:08+08:00
Annuellement	adv.		每年	’mei gné		每年		32		true	自旧档汇入	2026-04-13T01:27:08+08:00
Annulaire	adj.	(doigt)	环装的，无名指	di’se’ tsah tsih deû		第四隻指頭	第四隻節頭	32		true	自旧档汇入	2026-04-13T01:27:08+08:00
Annulaire	adj.	(doigt)	环装的，无名指	wou ming ’tse		無名指		32		true	自旧档汇入	2026-04-13T01:27:08+08:00
Annuler	va.		撤销，解除	zu t‘éh		除脱		32		true	自旧档汇入	2026-04-13T01:27:08+08:00
Annuler	va.	—un jugement	撤消一个判决	fè eu’		翻案		32		true	自旧档汇入	2026-04-13T01:27:08+08:00
Anoblir	va.		授予爵位	fong koé tsiah		封官爵		32		true	自旧档汇入	2026-04-13T01:27:08+08:00
Anoblir	va.	—une femme	封一位女性为贵族	kao fong		誥封		32		true	自旧档汇入	2026-04-13T01:27:08+08:00
Anodin	adj.	Calmant	镇痛的	’tse t‘ong ke’yah		止疼个藥		32	待定	true	自旧档汇入	2026-04-13T01:27:08+08:00
Anodin	adj.	Insignifiant:discours—	微不足道的，无关紧要的言论	hè wo’		閑話		32		true	自旧档汇入	2026-04-13T01:27:08+08:00
Anodin	adj.	Insignifiant:discours—	微不足道的，无关紧要的言论	k‘ong wo’		空話		32		true	自旧档汇入	2026-04-13T01:27:08+08:00
Anomalie	sf.		不规则，反常	véh tsao’ koei ’kiu		勿照規矩		32		true	自旧档汇入	2026-04-13T01:27:08+08:00
Ânon	sm.		小驴	siao’ li ’tse		小驢子		32		true	自旧档汇入	2026-04-13T01:27:08+08:00
Ânonner	vn.		结巴	dôh lai ’tang ten’		讀來打頓		32		true	自旧档汇入	2026-04-13T01:27:08+08:00
Ânonner	vn.		结巴	gnè’ lai ’tang ten’		念來打頓		32		true	自旧档汇入	2026-04-13T01:27:08+08:00
Anonyme	adj.et sm.		匿名	wou ming ze’		無名字		32		true	自旧档汇入	2026-04-13T01:27:08+08:00
Anonyme	adj.et sm.		匿名	wou ming deû		無名頭		32		true	自旧档汇入	2026-04-13T01:27:08+08:00
Anormal	adj.		反常的，不规则的	véh tsao’ koei ’kiu ke’		勿照規矩个		32		true	自旧档汇入	2026-04-13T01:27:08+08:00
Anse	sf.	[de panier]	（篮子的）柄	di p‘è		提攀		32		true	自旧档汇入	2026-04-13T01:27:08+08:00
Anse	sf.	[de panier]	（篮子的）柄	teuh ’seû		掇手		32		true	自旧档汇入	2026-04-13T01:27:08+08:00
Anse	sf.	[de panier]	（篮子的）柄	wang ’taong	wang taong’	横檔		32	待定	true	自旧档汇入	2026-04-13T01:27:08+08:00
Anse	sf.	Petite baie	小海湾	siao’ ’h‘ai wè	’siao ’h‘ai wè	小海灣		32		true	自旧档汇入	2026-04-13T01:27:08+08:00
Antagoniste	sm.		对手	tei’ deû		對頭		32		true	自旧档汇入	2026-04-13T01:27:08+08:00
Antagoniste	sm.		对手	tieh ’seû	dieh ’seû	敵手		32		true	自旧档汇入	2026-04-13T01:27:08+08:00
Antarctique	adj.	(pôle)	南极	né ghieh 		南極		32		true	自旧档汇入	2026-04-13T01:27:08+08:00
Antécédent	sm.	Les—s de qqn	履历	lai lih		來歷		32		true	自旧档汇入	2026-04-13T01:27:08+08:00
Antécédent	sm.	Les—s de qqn	履历	ken(yeû)’ti		根（由）底		32		true	自旧档汇入	2026-04-13T01:27:08+08:00
Antécédent	sm.	Trahir ses—s	泄漏个人经历	leû’ ’ti		漏底		32		true	自旧档汇入	2026-04-13T01:27:08+08:00
Antécédent	sm.	Trahir ses—s	违背此前行为	zié kong zin’ k‘i’		前功盡棄		32		true	自旧档汇入	2026-04-13T01:27:08+08:00
Antéchrist	sm.	（C）	反基督者（天主教用语）	’ka ki-li’-se-tôh		假基利斯督		32		true	自旧档汇入	2026-04-13T01:27:08+08:00
Antédiluvien	adj.		挪亚时代大洪水以前的（宗教用语）	hong ’se zié deû		洪水前頭		32		true	自旧档汇入	2026-04-13T01:27:08+08:00
Antenne	sf.	—marine	船坞	bong keu tsôh 		篷竿竹		32		true	自旧档汇入	2026-04-13T01:27:08+08:00
Antenne	sf.	—d'insecte	昆虫的触角	sou		鬚		32		true	自旧档汇入	2026-04-13T01:27:08+08:00
Antérieur	adj. 	[faits]  	以前的	zié deû ke’		前頭个		32		true	自旧档汇入	2026-04-13T01:27:08+08:00
Antérieur	adj. 	De devant	在…之前 	zié 		前		32		true	自旧档汇入	2026-04-13T01:27:08+08:00
Antérieur	adj. 	Pattes-es	前脚	zié t‘ei(kiah)	zié ’t‘ei(kiah)	前腿（脚）		32		true	自旧档汇入	2026-04-13T01:27:08+08:00
Antérieurement	adv.		以前	’i zié		以前		32		true	自旧档汇入	2026-04-13T01:27:08+08:00
Antérieurement	adv.		以前	’i zaong’		以上		32		true	自旧档汇入	2026-04-13T01:27:08+08:00
Anthracite	sm.		无烟煤	zah mei		石煤		32		true	自旧档汇入	2026-04-13T01:27:08+08:00
Anthracite	sm.		无烟煤	zah t‘è’		石炭		32		true	自旧档汇入	2026-04-13T01:27:08+08:00
Anthropophage	sm.		食人者	k‘ieh gnen ke’ ’ya gnen		吃人个野人		33		true	自旧档汇入	2026-04-13T01:27:08+08:00
Anticiper	va.	—sur	提前，预料	sié tsou’		先做		33		true	自旧档汇入	2026-04-13T01:27:08+08:00
Anticiper	vn.	Usurper	篡夺，窃取	tsé’		占		33		true	自旧档汇入	2026-04-13T01:27:08+08:00
Anticiper	vn.	Usurper	篡夺，窃取	pouo’		霸		33		true	自旧档汇入	2026-04-13T01:27:08+08:00
Anticiper	vn.	Mais j'anticipe sur les événements.	我已预料风波	di’ kiu’ wo’ wo’ tié ’tao ’la ’tsé		第句話話顛倒拉者		33		true	自旧档汇入	2026-04-13T01:27:08+08:00
Antidote	sm.		解毒药	’ka dôh yah		解毒藥		33		true	自旧档汇入	2026-04-13T01:27:08+08:00
Antilope	sm.		羚羊	waong yang		黄羊		33		true	自旧档汇入	2026-04-13T01:27:08+08:00
Antilope	sm.		羚羊	ling yang		羚羊		33		true	自旧档汇入	2026-04-13T01:27:08+08:00
Antipape	sm.		假教皇	’ka kiao’ waong		假教皇		33		true	自旧档汇入	2026-04-13T01:27:08+08:00
Antipathie	sf.	Avoir de l'-pour…	厌恶	véh tei’		勿對		33		true	自旧档汇入	2026-04-13T01:27:08+08:00
Antipathique	adj.		令人讨厌的，对立的	yé’ ou’ i		厭惡伊		33		true	自旧档汇入	2026-04-13T01:27:08+08:00
Antipathique	adj.		令人讨厌的，对立的	sing’ ’tse véh tei’		性子勿對		33		true	自旧档汇入	2026-04-13T01:27:08+08:00
Antipathique	adj.	Caractères-s	性情不合	bi k‘i’ véh p‘ei’ pang ke’		皮氣勿配絣个	脾氣勿配？个	33	待定	true	自旧档汇入	2026-04-13T01:27:08+08:00
Antiphlogistique	adj.		消炎的	èh ’h‘ou ke’		壓火个		33		true	自旧档汇入	2026-04-13T01:27:08+08:00
Antiphlogistique	adj.		消炎的	’ka gnéh ke’		解熱个		33		true	自旧档汇入	2026-04-13T01:27:08+08:00
Antipodes	sm.pl.	(Aux)	对蹠点，相反的事物	di ghieu ’zaong deû ’hao ’ti 	di’ ghieu ’zaong deû ’hao ’ti 	地球上頭下底		33		true	自旧档汇入	2026-04-13T01:27:08+08:00
Antiquailles	sf.pl.		古物	’kou fou’		古貨		33		true	自旧档汇入	2026-04-13T01:27:08+08:00
Antiquailles	sf.pl.		古物	’kou ’tong		古董		33		true	自旧档汇入	2026-04-13T01:27:08+08:00
Antiquaire	sm.		古董收藏家，古玩商	pôh ‘kou ke’ gnen		博古个人		33		true	自旧档汇入	2026-04-13T01:27:08+08:00
Antiquaire	sm.		古董收藏家，古玩商	’hi hoé tsih ’kou tong ke’ gnen	’hi h‘oé tsih ’kou ’tong ke’ gnen	喜歡積古董个人		33		true	自旧档汇入	2026-04-13T01:27:08+08:00
Antique	adj.	Objets-s	古代的	’kou ke’		古个		33		true	自旧档汇入	2026-04-13T01:27:08+08:00
Antique	adj.	Objets-s	古代的	ghieû’ ke’		舊个		33		true	自旧档汇入	2026-04-13T01:27:08+08:00
Antique	adj.	Objets-s	古代的	kou tong	kou ’tong	古董		33		true	自旧档汇入	2026-04-13T01:27:08+08:00
Antiquité	sf.		古代	’kou ze kè		古時間		33		true	自旧档汇入	2026-04-13T01:27:08+08:00
Antiquité	sf.	Haute-	远古	zaong’ ’kou		上古		33		true	自旧档汇入	2026-04-13T01:27:08+08:00
Antiquité	sf.	Moyenne-	中古	tsong ’kou		中古		33		true	自旧档汇入	2026-04-13T01:27:08+08:00
Antiquité	sf.	Dans toute l'-	自古以来	vè’ ’kou ts‘ié ts‘ieû		萬古千秋		33		true	自旧档汇入	2026-04-13T01:27:08+08:00
Antiquité	sf.	Dans toute l'-	自古以来	zong ’kou ’i lai		從古以來		33		true	自旧档汇入	2026-04-13T01:27:08+08:00
Antoine	sm.		安托尼（人名）	eu-tou-gni		安多尼		33		true	自旧档汇入	2026-04-13T01:27:08+08:00
Antre	sm.		洞穴	dong’		洞		33		true	自旧档汇入	2026-04-13T01:27:08+08:00
Antre	sm.	—ds une montagne	山洞	sè dong’		山洞		33		true	自旧档汇入	2026-04-13T01:27:08+08:00
Anus	sm.		肛门	p‘i’ ’kou ’ngè 		屁股眼		33		true	自旧档汇入	2026-04-13T01:27:08+08:00
Anus	sm.		肛门	dou’ ’ka		大解		33		true	自旧档汇入	2026-04-13T01:27:08+08:00
Anus	sm.		肛门	kaong men		肛門		33		true	自旧档汇入	2026-04-13T01:27:08+08:00
Anxiété	sf.	penser avec-	担忧	kouo’ sin		掛心		33		true	自旧档汇入	2026-04-13T01:27:08+08:00
Anxiété	sf.	penser avec-	担忧	yeû sin kouo’ dou’ zang		憂心掛肚腸		33		true	自旧档汇入	2026-04-13T01:27:08+08:00
Anxieux	adj.		焦虑	sin faong véh loh		心放勿落		33		true	自旧档汇入	2026-04-13T01:27:08+08:00
Anxieux	adj.	Être-au sujet de qqn.	担心某人	’siang (kouo) gnè’i	’siang (kouo’) gnè’i	想（掛）念伊		33	原作“想念伊”	true	自旧档汇入	2026-04-13T01:27:08+08:00
Aorte	sf.		主动脉	’tsong mah ’koé		總脉管		33		true	自旧档汇入	2026-04-13T01:27:08+08:00
Août	sm.		八月	si yang pèh gneuh		西洋八月		33		true	自旧档汇入	2026-04-13T01:27:08+08:00
Août	sm.	Vers le 7-	八月七日左右（立秋）	lih ts‘ieû		立秋		33		true	自旧档汇入	2026-04-13T01:27:08+08:00
Août	sm.	Vers le 23-	八月二十三日左右（处暑）	ts‘u’ ’su		處暑		33		true	自旧档汇入	2026-04-13T01:27:08+08:00
Apaiser	va.	—la douleur	止痛	’tse t‘ong’		止痛		33		true	自旧档汇入	2026-04-13T01:27:08+08:00
Apaiser	va.	Consoler	缓解，安慰	eu wei’		安慰		33		true	自旧档汇入	2026-04-13T01:27:08+08:00
Apaiser	vr.	S'-[homme en colère]	平息怒气	siao siao k‘i’		消消氣		33		true	自旧档汇入	2026-04-13T01:27:08+08:00
Apaiser	vr.	S'-[homme en colère]	平息怒气	sih nou’		息怒		33		true	自旧档汇入	2026-04-13T01:27:08+08:00
Apaiser	vr.	Le vent s'est apaisé	风停止	fong bing sih tsé		風平息者		33		true	自旧档汇入	2026-04-13T01:27:08+08:00
Apaiser	vr.	Le vent s'est apaisé	风停止	fong zing’ ’tsé		風静者		33		true	自旧档汇入	2026-04-13T01:27:08+08:00
Aparté	sm.		旁白，私语	pei’ heû’ deû ke’ wo’		背後頭个話		33		true	自旧档汇入	2026-04-13T01:27:08+08:00
Aparté	sm.		旁白，私语	t‘eû bé ’tse seh wo’	t‘eû bé’ ’tse seh wo’	偷[半辶]子説話	偷？子説話	33	待定 一作偷伴子	true	自旧档汇入	2026-04-13T01:27:08+08:00
Apathique	adj.		麻木的，疏懒的	moh koh gnen		木覺人		33	一作莫覺	true	自旧档汇入	2026-04-13T01:27:08+08:00
Apathique	adj.		麻木的，疏懒的	mong ’tong ke’	’mong ’tong ke’	懵懂个		33		true	自旧档汇入	2026-04-13T01:27:08+08:00
Apercevoir	va.		瞥见，察觉	k‘eû’ teh kié’		看得見		33		true	自旧档汇入	2026-04-13T01:27:08+08:00
Apercevoir	va.	Ne pouvoir-	看不见	maong’ véh kié’		望勿見		34		true	自旧档汇入	2026-04-13T01:27:08+08:00
Apercevoir	vr.	S'- 	发觉	koh zah		覺着		34		true	自旧档汇入	2026-04-13T01:27:08+08:00
Apercevoir	va.	Sans s'en-	不知不觉	koh véh zah		覺勿着		34		true	自旧档汇入	2026-04-13T01:27:08+08:00
Aperçu	sm.	(Au 1er)	一瞥	ih k‘eu’		一看		34		true	自旧档汇入	2026-04-13T01:27:08+08:00
Aperçu	sm.	(Au 2er)	一瞥	ih maong	ih maong’	一望		34		true	自旧档汇入	2026-04-13T01:27:08+08:00
Aperçu	sm.	—général	概括	dou’ koè tsih moh		大關節目		34		true	自旧档汇入	2026-04-13T01:27:08+08:00
Aperçu	sm.	—général	概括	’tsong i’		總意		34		true	自旧档汇入	2026-04-13T01:27:08+08:00
Aperçu	sm.	Donner un-	概括	wo’ ke’ da’ i’		話个大意		34		true	自旧档汇入	2026-04-13T01:27:08+08:00
Apéritif	adj.		开胃的	k‘ai vi’ ke’		開味个		34		true	自旧档汇入	2026-04-13T01:27:08+08:00
À peu près	loc.adv.		差不多	ts‘ouo véh tou		差勿多		34		true	自旧档汇入	2026-04-13T01:27:08+08:00
Aphone	adj.		失去声音的	séh yen		失音		34		true	自旧档汇入	2026-04-13T01:27:08+08:00
Aphone	adj.		失去声音的	o sang k‘i’	’o sang k‘i’	啞聲氣		34		true	自旧档汇入	2026-04-13T01:27:08+08:00
Aphorisme	sm.		名言警句	’kou ’gnu		古語		34		true	自旧档汇入	2026-04-13T01:27:08+08:00
Aphorisme	sm.		名言警句	zôh ’gnu		俗語		34		true	自旧档汇入	2026-04-13T01:27:08+08:00
Apitoyer	vr.	S'- 	同情，怜悯	’za gnen k‘o lié		惹人可憐		34		true	自旧档汇入	2026-04-13T01:27:08+08:00
Apitoyer	vr.	S'- 	同情，怜悯	’k‘o lié biéh gnen		可憐别人		34		true	自旧档汇入	2026-04-13T01:27:08+08:00
Aplanir	va.		使平整，排除	long’ bing		弄平		34		true	自旧档汇入	2026-04-13T01:27:08+08:00
Aplanir	va.		使平整，排除	bao’ bing		刨平		34		true	自旧档汇入	2026-04-13T01:27:08+08:00
Aplanir	va.		使平整，排除	siah bing		削平		34		true	自旧档汇入	2026-04-13T01:27:08+08:00
Aplanir	va.		使平整，排除	pouo bing	bouo bing	扒平		34	待定 聲調	true	自旧档汇入	2026-04-13T01:27:08+08:00
Aplanir	va.		使平整，排除	dié bing		填平		34		true	自旧档汇入	2026-04-13T01:27:08+08:00
Aplatir	va.		压扁	long’ ’pié		弄扁		34	原作“弄匾”	true	自旧档汇入	2026-04-13T01:27:08+08:00
Aplatir	va.		压扁	k‘èh ‘pié		壓扁	？扁	34	原作“壓匾”	true	自旧档汇入	2026-04-13T01:27:08+08:00
Aplatir	va.		压扁	dèh ‘pié		踏扁		34	原作“踏匾”	true	自旧档汇入	2026-04-13T01:27:08+08:00
Aplatir	va.		压扁	k‘ien’ pié		撳扁		34	原作“撳匾”	true	自旧档汇入	2026-04-13T01:27:08+08:00
Aplatir	va.		压扁	gnèh ‘pié		捏扁		34	原作“捏匾”	true	自旧档汇入	2026-04-13T01:27:08+08:00
Aplomb	loc.adv.	（D）	垂直，平稳	bing		平		34		true	自旧档汇入	2026-04-13T01:27:08+08:00
Aplomb	loc.adv.		垂直，平稳	pé tseng’		搬正		34		true	自旧档汇入	2026-04-13T01:27:08+08:00
Aplomb	loc.adv.		垂直，平稳	’pa bing		擺平		34		true	自旧档汇入	2026-04-13T01:27:08+08:00
Aplomb	loc.adv.		垂直，平稳	faong’ bing		放平		34		true	自旧档汇入	2026-04-13T01:27:08+08:00
Aplomb	Fig.	Avoir de l'-	镇定	ze zai	ze’ zai	自在		34		true	自旧档汇入	2026-04-13T01:27:08+08:00
Apocryphe	adj.		可疑的	’ka ke’		假个		34		true	自旧档汇入	2026-04-13T01:27:08+08:00
Apogeé	sf.	—（astr.）	顶点	ghieh ’ting		極頂		34		true	自旧档汇入	2026-04-13T01:27:08+08:00
Apogeé	sf.	—（astr.）	顶点	tsu’ kao ’tie		最高點		34		true	自旧档汇入	2026-04-13T01:27:08+08:00
Apogeé	sf.	Être à son—	到达顶峰	tao’ ghieh ts‘u’		到極處		34		true	自旧档汇入	2026-04-13T01:27:08+08:00
Apologue	sm.		寓言	’pi faong		比方		34		true	自旧档汇入	2026-04-13T01:27:08+08:00
Apologue	sm.		寓言	p‘i yu’	p‘i’ yu’	譬喻		34		true	自旧档汇入	2026-04-13T01:27:08+08:00
Apoplexie	sf.	Frappé d'-	中风	tsong ’fong		中瘋（風）		34		true	自旧档汇入	2026-04-13T01:27:08+08:00
Apostasier		Apostat	弃教，叛党	’fè kiao’		反教		34		true	自旧档汇入	2026-04-13T01:27:08+08:00
Apostasier		Apostat	弃教，叛党	pei’ kiao’		背教		34		true	自旧档汇入	2026-04-13T01:27:08+08:00
Apostème	sm.	Apostume	脓肿	ts‘aong tsih		瘡癤		34		true	自旧档汇入	2026-04-13T01:27:08+08:00
Apostème	sm.	Apostume	脓肿	nong p‘ao’		膿泡		34		true	自旧档汇入	2026-04-13T01:27:08+08:00
Apostille	sf.		批注	p‘i deû		批頭		34		true	自旧档汇入	2026-04-13T01:27:08+08:00
Apostiller	va.		加批注，批示	p‘i		批		34		true	自旧档汇入	2026-04-13T01:27:08+08:00
Apostiller	va.	—une pétition	批示请愿书	p‘i ’pin tè		批禀單		34		true	自旧档汇入	2026-04-13T01:27:08+08:00
Apostiller	va.	—à la marge	做旁注	baong p‘i’		旁批		34		true	自旧档汇入	2026-04-13T01:27:08+08:00
Apostiller	va.	—à la marge	做旁注	tsou’ ki’ hao’ ’la baong pié		做記號拉旁邊		34		true	自旧档汇入	2026-04-13T01:27:08+08:00
Apostolat		Exercer l'-	传教	zé kiao’		傳教		34		true	自旧档汇入	2026-04-13T01:27:08+08:00
Apostolat		—de la prière(C.)	祈祷	ghi ’tao tsong wei’		祈禱宗會		34		true	自旧档汇入	2026-04-13T01:27:08+08:00
Apostolique	adj.		使徒的，教廷的	tsong dou ke’		宗徒个		34		true	自旧档汇入	2026-04-13T01:27:08+08:00
Apostolique	adj.	D'institution-（C.）	宗教机构	tsong dou lih ding’ la ke’	tsong dou lih ding’ ’la ke’	宗徒立定拉个		34		true	自旧档汇入	2026-04-13T01:27:08+08:00
Apostolique	adj.	papal(C)	教皇的	kiao’ h‘ouo’ waong ke’		教化皇个		34		true	自旧档汇入	2026-04-13T01:27:08+08:00
Apostropher	va.		呵斥	h‘eh i		喝伊		34		true	自旧档汇入	2026-04-13T01:27:08+08:00
Apothicaire	sm.		药剂师	k‘ai yah tié’ ke’		開藥店个		34		true	自旧档汇入	2026-04-13T01:27:08+08:00
Apothicaire	sm.	Boutique d'-	药店	yah tié’		藥店		34		true	自旧档汇入	2026-04-13T01:27:08+08:00
Apothicaire	sm.	Boutique d'-	药店	yah p‘ou’		藥鋪		34		true	自旧档汇入	2026-04-13T01:27:08+08:00
Apôtre	sm.	(C.)	使徒者	tsong dou		宗徒		34		true	自旧档汇入	2026-04-13T01:27:08+08:00
Apôtre	Fig. 	Faire le bon -	装作正人君子	’ka tsaong ’h‘ao gnen		假裝好人		34		true	自旧档汇入	2026-04-13T01:27:08+08:00
Apparaître	vn.		出现，产生	lou’ ts‘éh lai		露出來		35		true	自旧档汇入	2026-04-13T01:27:08+08:00
Apparaître	vn.		出现，产生	ts‘éh yé’		出現		35		true	自旧档汇入	2026-04-13T01:27:08+08:00
Apparaître	vn.	Se manifester	显示	fèh ’hié ts‘éh lai		發顯出來		35		true	自旧档汇入	2026-04-13T01:27:08+08:00
Apparaître	vn.	Sembler	似乎	siang ziang’		相像		35		true	自旧档汇入	2026-04-13T01:27:08+08:00
Apparaître	vn.	Il me semble	在我看来	’ngou k‘eu’ k‘i lai	’ngou k‘eu’ ’k‘i lai	我看起來		35		true	自旧档汇入	2026-04-13T01:27:08+08:00
Apparat	sm.		华丽	’t‘i mié’		體面		35		true	自旧档汇入	2026-04-13T01:27:08+08:00
Apparat	sm.		华丽	ba zang		排場		35		true	自旧档汇入	2026-04-13T01:27:08+08:00
Appareil			器具	k‘i’ ’ghiu	k‘i’ ghiu’	器具		35		true	自旧档汇入	2026-04-13T01:27:08+08:00
Appareil			器具	ka ’h‘ou		傢伙		35		true	自旧档汇入	2026-04-13T01:27:08+08:00
Appareil		—de guerre	兵器	kiun（ping）k‘i’		軍（兵）器		35		true	自旧档汇入	2026-04-13T01:27:08+08:00
Appareiller	vn.	marine	起锚	’k‘i mao		起錨		35		true	自旧档汇入	2026-04-13T01:27:08+08:00
Appareiller	vn.	marine	起锚	k‘ai zé		開船		35		true	自旧档汇入	2026-04-13T01:27:08+08:00
Apparemment	adv.		大概，似乎	da’ yah		大約		35		true	自旧档汇入	2026-04-13T01:27:08+08:00
Apparemment	adv.		大概，似乎	yah moh		約摸		35		true	自旧档汇入	2026-04-13T01:27:08+08:00
Apparence	sf.		外形，表象	zang mié’		場面		35		true	自旧档汇入	2026-04-13T01:27:08+08:00
Apparence	sf.		外形，表象	nga’ mié’		外面		35		true	自旧档汇入	2026-04-13T01:27:08+08:00
Apparence	sf.		外形，表象	nga’ zang		外場		35		true	自旧档汇入	2026-04-13T01:27:08+08:00
Apparence	sf.		外形，表象	yang’ ’tse(seh)		樣子（式）		35		true	自旧档汇入	2026-04-13T01:27:08+08:00
Apparence	sf.	Avoir l'-d'un vieillard	外表像老人	ziang’ ’lao gnen neng		像老人能		35		true	自旧档汇入	2026-04-13T01:27:08+08:00
Apparence	sf.	Avoir l'-d'un vieillard	外表像老人	ziang’ ’lao gnen ih yang’		像老人一樣		35		true	自旧档汇入	2026-04-13T01:27:08+08:00
Apparence	sf.	Indice.Vestige	痕迹	bing kiu’		憑據		35		true	自旧档汇入	2026-04-13T01:27:08+08:00
Apparence	sf.	Indice.Vestige	痕迹	yeng tsieh		形迹		35		true	自旧档汇入	2026-04-13T01:27:08+08:00
Apparence	sf.	À en juger par l'-	根据外表判断	k‘eu’ di’ ke’ koang ’kieng		看第个光景		35		true	自旧档汇入	2026-04-13T01:27:08+08:00
Apparence	sf.	En-…en réalité	表面上…其实	wé ziang’…ghi zéh	’wé ziang’…ghi zéh	宛像…其實		35		true	自旧档汇入	2026-04-13T01:27:08+08:00
Apparence	sf.	—sacramentelle（C.）	神圣外形	yeng ziang’		形像		35		true	自旧档汇入	2026-04-13T01:27:08+08:00
Apparent	adj.	Visible	看得见的	nga’ mié’ k‘eu’ teh kié’ ke’		外面看得見个		35		true	自旧档汇入	2026-04-13T01:27:08+08:00
Apparent	adj.	Manifeste	明显的	’hié liang’ ke’		顯亮个		35		true	自旧档汇入	2026-04-13T01:27:08+08:00
Apparent	adj.	Simulé	假装的	’ka pè’ ke’		假扮个		35		true	自旧档汇入	2026-04-13T01:27:08+08:00
Apparenté	pp.	Bien—	亲戚	ts‘in ts‘ih ’h‘ao		親戚好		35		true	自旧档汇入	2026-04-13T01:27:08+08:00
Apparier	vr.	S'- 	配对，交配	p‘ei’ tei’		配對		35		true	自旧档汇入	2026-04-13T01:27:08+08:00
Apparier	vr.	S'- 	配对，交配	zeng tei	zeng tei’	成對		35		true	自旧档汇入	2026-04-13T01:27:08+08:00
Appariteur	sm.		助手，勤务员，掌门官	deû men laong’		頭門上		35		true	自旧档汇入	2026-04-13T01:27:08+08:00
Apparition	sf.		出现，显灵	fèh ’hié  		發顯		35		true	自旧档汇入	2026-04-13T01:27:08+08:00
Apparition	sf.		出现，显灵	’kiu ts‘eh yé’	’kiu ts‘éh yé’	鬼出現		35	待定	true	自旧档汇入	2026-04-13T01:27:08+08:00
Apparition	sf.	Court séjour:il n'a fait qu'une-	逗留	i péh kou’ tè koh tse ih hiéh kong fou		伊不過耽擱之一歇工夫		35		true	自旧档汇入	2026-04-13T01:27:08+08:00
Apparition	sf.	—de la Ste Vierge	显圣	Seng’ ’mou fèh’ ’hié	Seng’ ’mou fèh ’hié	聖母發顯		35	印刷錯誤	true	自旧档汇入	2026-04-13T01:27:08+08:00
Apparition	sf.	—d'un ange	显圣	t‘ié zen fèh ’hié		天神發顯		35		true	自旧档汇入	2026-04-13T01:27:08+08:00
Apparition	sf.	Fantôme	幽灵出现	’kiu tsoh koa	’kiu tsoh koa’	鬼作怪		35		true	自旧档汇入	2026-04-13T01:27:08+08:00
Appartement	sm.	Maison	公寓	ih zou’ waong ’tse		一座房子		35		true	自旧档汇入	2026-04-13T01:27:08+08:00
Appartement	sm.	—ayant façade sur la rue	门面房	men mié’ waong		門面房		35		true	自旧档汇入	2026-04-13T01:27:08+08:00
Appartement	sm.	—de face	正房	tseng’ ôh		正屋		35		true	自旧档汇入	2026-04-13T01:27:08+08:00
Appartement	sm.	—de côté	厢房	siang waong		厢房		35		true	自旧档汇入	2026-04-13T01:27:08+08:00
Appartement	sm.	Chambre	房间	waong kè		房間		35		true	自旧档汇入	2026-04-13T01:27:08+08:00
Appartement	sm.	Chambre	房间	kè		間		35		true	自旧档汇入	2026-04-13T01:27:08+08:00
Appartenir	vn.		属于	ze’…ke’		是…个		35		true	自旧档汇入	2026-04-13T01:27:08+08:00
Appartenir	vn.	Tout cela m'appartient	全部属于我	di’ ke’ zi ze’ ’ngou ke’		第个齊是我个		35		true	自旧档汇入	2026-04-13T01:27:08+08:00
Appartenir	vn.	Être l'affaire de qqn.	属于某人的权利	i ’koé ke’		伊管个		35		true	自旧档汇入	2026-04-13T01:27:08+08:00
Appartenir	vn.	Être l'affaire de qqn.	属于某人的权利	i ke’ ze’ ’t‘i		伊个事體		35		true	自旧档汇入	2026-04-13T01:27:08+08:00
Appartenir	vn.	Être le devoir de qqn.	属于某人的义务	i tè taong		伊擔當		35		true	自旧档汇入	2026-04-13T01:27:08+08:00
Appartenir	vn.	S'-.Être maître de ses actes	自主	ze’ ka tsou’ ’tsu		自家做主		35		true	自旧档汇入	2026-04-13T01:27:08+08:00
Appât	sm.		诱饵	n zeh		魚食		35		true	自旧档汇入	2026-04-13T01:27:08+08:00
Appauvrir	va.	sa famille	败家	ba’ ka		敗家		36		true	自旧档汇入	2026-04-13T01:27:08+08:00
Appauvrir	vr.	S'- 	变穷	ghiong ’tsé		窮者		36		true	自旧档汇入	2026-04-13T01:27:08+08:00
Appauvrir	vr.	[Cela] ne vous - pas	这不会使你贫穷	ghiong véh zah nong’		窮勿着儂		36		true	自旧档汇入	2026-04-13T01:27:08+08:00
Appel	sm.	Sonner l'-	呼喊，号召	kiao’ ts‘e hao’ dong		叫吹號筒		36		true	自旧档汇入	2026-04-13T01:27:08+08:00
Appel	sm.	Faire l'-	点名	di ming deû		題名頭		36		true	自旧档汇入	2026-04-13T01:27:08+08:00
Appel	sm.	Faire l'-	点名	tié ming	’tié ming	點名		36		true	自旧档汇入	2026-04-13T01:27:08+08:00
Appel	sm.	Y répondre	应到	yeng’ m…	yeng’ ming	應名		36		true	自旧档汇入	2026-04-13T01:27:08+08:00
Appeler	va.		呼喊 	zao	zao’	召		36		true	自旧档汇入	2026-04-13T01:27:08+08:00
Appeler	va.		呼喊 	h‘è’		喊		36		true	自旧档汇入	2026-04-13T01:27:08+08:00
Appeler	va.		呼喊 	kiao’ 		叫		36		true	自旧档汇入	2026-04-13T01:27:08+08:00
Appeler	va.	Inviter:-le médecin	请医生	’ts‘ing laong tsong sié sang		請郎中先生		36		true	自旧档汇入	2026-04-13T01:27:08+08:00
Appeler	va.	Désigner par un titre	称呼	ts‘eng hou		稱呼		36		true	自旧档汇入	2026-04-13T01:27:08+08:00
Appeler	va.	Citer en justice	传讯	kao’ zaong’		告狀		36		true	自旧档汇入	2026-04-13T01:27:08+08:00
Appeler	va.	Citer en justice	传讯	deû zeng ’tse		投呈紙		36		true	自旧档汇入	2026-04-13T01:27:08+08:00
Appeler	va.	Interjecter appel	上诉	zaong kao(k‘ong)	zaong kao’(k‘ong’)	上告（控）		36		true	自旧档汇入	2026-04-13T01:27:08+08:00
Appeler	va.	S'-	称为	kiao’ 		叫		36		true	自旧档汇入	2026-04-13T01:27:08+08:00
Appendice	sm.		附属	tseng ’pou		增補		36		true	自旧档汇入	2026-04-13T01:27:08+08:00
Appendice	sm.		附属	’pou yi		補遺		36		true	自旧档汇入	2026-04-13T01:27:08+08:00
Appendre	va.		悬挂	kouo’ ’k‘i lai		掛起來		36		true	自旧档汇入	2026-04-13T01:27:08+08:00
Appentis	sm.		 披屋, 耳房, 棚	p‘i		披		36		true	自旧档汇入	2026-04-13T01:27:08+08:00
Appentis	sm.		 披屋, 耳房, 棚	lèh kiah ôh		欄脚屋	？脚屋	36		true	自旧档汇入	2026-04-13T01:27:08+08:00
Appentis	sm.		 披屋, 耳房, 棚	’siao ôh		小屋		36		true	自旧档汇入	2026-04-13T01:27:08+08:00
Appesanti 	pp.	Alourdi	加重	p‘ié’ zong’ ’tsé		變重者		36		true	自旧档汇入	2026-04-13T01:27:08+08:00
Appesanti 	pp.	Alourdi	加重	pie’ lai zong ben ’tsé	pie’ lai zong’ ben’ ’tsé	變來重笨者		36		true	自旧档汇入	2026-04-13T01:27:08+08:00
Appesantir	vr.	（S’）sur 	加重	ka zong’		加重		36		true	自旧档汇入	2026-04-13T01:27:08+08:00
Appesantir	vr.	Insister	坚决要求	tsai’sè tsai’ se’wo’		再三再四話		36		true	自旧档汇入	2026-04-13T01:27:08+08:00
Appesantir	vr.	Devenir pesant	加重	zong’ ’tsé		重者		36		true	自旧档汇入	2026-04-13T01:27:08+08:00
Appétissant	adj.		开胃的	’h‘ao k‘ieh ke’		好吃个		36		true	自旧档汇入	2026-04-13T01:27:08+08:00
Appétissant	adj.		开胃的	’yeû tse mi’ ke’		有滋味个		36		true	自旧档汇入	2026-04-13T01:27:08+08:00
Appétissant	adj.		开胃的	k‘ai wei’ ke’		開胃个		36		true	自旧档汇入	2026-04-13T01:27:08+08:00
Appétit	sm.	Capacité	胃口，食欲	vè’ liang’		飯量		36		true	自旧档汇入	2026-04-13T01:27:08+08:00
Appétit	sm.	Capacité	胃口，食欲	k‘ieh teh loh		吃得落		36		true	自旧档汇入	2026-04-13T01:27:08+08:00
Appétit	sm.	Être d'un grand -	饭量大	vè’ liang’ dou’ lai		飯量大來		36		true	自旧档汇入	2026-04-13T01:27:08+08:00
Appétit	sm.	Être d'un grand -	饭量大	’h‘ao vè’ liang’		好飯量		36		true	自旧档汇入	2026-04-13T01:27:08+08:00
Appétit	sm.	N’avoir pas d'-	没胃口	véh ’siang k‘ieh		勿想吃		36		true	自旧档汇入	2026-04-13T01:27:08+08:00
Appétit	sm.	N’avoir pas d'-	没胃口	k‘ieh véh loh		吃勿落		36		true	自旧档汇入	2026-04-13T01:27:08+08:00
Appétit	sm.	Donner de l'-	开胃 	k‘ai wei	k‘ai wei’	開胃		36		true	自旧档汇入	2026-04-13T01:27:08+08:00
Appétit	sm.	Avoir bon -	有胃口	yao’ k‘ieh lai		要吃來		36		true	自旧档汇入	2026-04-13T01:27:08+08:00
Appétit	sm.	Avoir bon -	有胃口	h‘ao wei’ ’k‘eû	’h‘ao wei’ ’k‘eû	好胃口		36		true	自旧档汇入	2026-04-13T01:27:08+08:00
Appétit	sm.	L'appétit de la richesse	贪财	t‘é zai		貪財		36		true	自旧档汇入	2026-04-13T01:27:08+08:00
Appétits	sm.pl.	sensuels	生理欲望	yen loh		淫樂		36		true	自旧档汇入	2026-04-13T01:27:08+08:00
Appétits	sm.pl.	sensuels	生理欲望	se yôh p‘ié zing		私欲偏情		36		true	自旧档汇入	2026-04-13T01:27:08+08:00
Applaudir	vn.		鼓掌	p‘ah ’seû		拍手		36		true	自旧档汇入	2026-04-13T01:27:08+08:00
Applaudir	vn.		鼓掌	kong ’hi		恭喜		36		true	自旧档汇入	2026-04-13T01:27:08+08:00
Applaudir	vn.		鼓掌	h‘eh ’ts‘ai		喝彩		36	待定	true	自旧档汇入	2026-04-13T01:27:08+08:00
Applaudir	vn.	— va. Louer	称赞	peû ’tsiang		褒獎		36		true	自旧档汇入	2026-04-13T01:27:08+08:00
Applaudir	vn.	— va. Louer	称赞	ts‘eng tsè’		稱贊		36		true	自旧档汇入	2026-04-13T01:27:08+08:00
Applaudir	vn.	S’-：je m'applaudis de cela.	庆幸	di’ tsaong ze’ ’t‘i ’ngou ’k‘o ’i kiao yeng’		第樁事體我可以徼幸		36	原作“第椿事體我可以徼幸”	true	自旧档汇入	2026-04-13T01:27:08+08:00
Applicable	adj.		适用的	’se teh		使得		36		true	自旧档汇入	2026-04-13T01:27:08+08:00
Applicable	adj.		适用的	yong’ teh		用得		36		true	自旧档汇入	2026-04-13T01:27:08+08:00
Application	sf.	Montrer de l'-	专心	lieû sin		留心		36		true	自旧档汇入	2026-04-13T01:27:08+08:00
Application	sf.	Montrer de l'-	专心	tsé sin		專心		36		true	自旧档汇入	2026-04-13T01:27:08+08:00
Application	sf.	Montrer de l'-	专心	zin’ sin		盡心		36		true	自旧档汇入	2026-04-13T01:27:08+08:00
Appliquer	va.	Faire adhérér	紧贴，附着	ts‘èh zaong’ ’k‘i		插上起		36		true	自旧档汇入	2026-04-13T01:27:08+08:00
Appliquer	va.	Faire adhérér	紧贴，附着	wou’ zaong’ ’k‘i		附上起		36		true	自旧档汇入	2026-04-13T01:27:08+08:00
Appliquer	va.	—une couche d'or	贴金	t‘ih kien		貼金		37		true	自旧档汇入	2026-04-13T01:27:08+08:00
Appliquer	va.	—un emplâtre	贴膏药	t‘ih kao yah		貼膏藥		37		true	自旧档汇入	2026-04-13T01:27:08+08:00
Appliquer	va.	—des couleurs	上色	zaong’ ngè seh		上顔色		37		true	自旧档汇入	2026-04-13T01:27:08+08:00
Appliquer	va.	Frapper -un soufflet	打耳光	’tang ih ki’ pouo ’tsaong		打一記巴掌		37		true	自旧档汇入	2026-04-13T01:27:08+08:00
Appliquer	va.	—un cachet	盖章	’tang yen’		打印		37		true	自旧档汇入	2026-04-13T01:27:08+08:00
Appliquer	va.	Adapter sur	适应	maong’ ’tsen		望準		37		true	自旧档汇入	2026-04-13T01:27:08+08:00
Appliquer	va.	Adapter sur	适应	tei’ zaong’ k‘i’		對上去		37		true	自旧档汇入	2026-04-13T01:27:08+08:00
Appliquer	va.	Placer auprès[-une échelle]	靠住	k‘ao’ lao		靠牢		37		true	自旧档汇入	2026-04-13T01:27:08+08:00
Appliquer	va.	Placer auprès[-une échelle]	靠住	k‘ao’ zah		靠着		37		true	自旧档汇入	2026-04-13T01:27:08+08:00
Appliquer	va.	Placer auprès[-une échelle]	靠住	k‘ao’ zu		靠住		37		true	自旧档汇入	2026-04-13T01:27:08+08:00
Appliquer	va.	Employer.-un système	使用一种方法	yong’ 		用		37		true	自旧档汇入	2026-04-13T01:27:08+08:00
Appliquer	va.	Employer.-un système	使用一种方法	yong’ ih ke’ fèh ‘tse		用一个法子		37		true	自旧档汇入	2026-04-13T01:27:08+08:00
Appliquer	vr. 	S'-S'adapter à	适应	tei’ vou		對符		37		true	自旧档汇入	2026-04-13T01:27:08+08:00
Appliquer	vr. 	S'-S'adapter à	适应	tei’ ih tei’		對一對		37		true	自旧档汇入	2026-04-13T01:27:08+08:00
Appliquer	va.	Apporter de l'attention	用心	ts‘éh lih		出力		37		true	自旧档汇入	2026-04-13T01:27:08+08:00
Appliquer	va.	Apporter de l'attention	用心	yong’ kong		用工		37		true	自旧档汇入	2026-04-13T01:27:08+08:00
Appliquer	va.	Apporter de l'attention	用心	yong’ sin		用心		37		true	自旧档汇入	2026-04-13T01:27:08+08:00
Appliquer	va.	Apporter de l'attention	用心	zin’ sin		盡心		37		true	自旧档汇入	2026-04-13T01:27:08+08:00
Appliquer	va.	Apporter de l'attention	用心	lieû sin		留心		37		true	自旧档汇入	2026-04-13T01:27:08+08:00
Appliquer	va.	Apporter de l'ardeur	发奋	zié fou’ tsing zen		全付精神		37	待定	true	自旧档汇入	2026-04-13T01:27:08+08:00
Appliquer	va.	Apporter de l'ardeur	发奋	fèh fen’		發奮		37		true	自旧档汇入	2026-04-13T01:27:08+08:00
Appliquer	va.	S'-spécialement	专心	ih men sin se		一門心思		37		true	自旧档汇入	2026-04-13T01:27:08+08:00
Appliquer	va.	S'-spécialement	专心	tsé wou’		專務		37		true	自旧档汇入	2026-04-13T01:27:08+08:00
Appointements	sm.pl.		薪水	fong	fong’	俸		37		true	自旧档汇入	2026-04-13T01:27:08+08:00
Appointements	sm.pl.	—d’un mandarin	官员的工资	fong lôh	fong’ lôh	俸䘵		37		true	自旧档汇入	2026-04-13T01:27:08+08:00
Appointements	sm.pl.	—d’un maître d'école	学费	sôh sieû 		束脩		37		true	自旧档汇入	2026-04-13T01:27:08+08:00
Appointements	sm.pl.	—d’un maître d'école	学费	sieû kien		脩金		37		true	自旧档汇入	2026-04-13T01:27:08+08:00
Appointements	sm.pl.	—d’un maître d'école	学费	hoh dié		學錢		37		true	自旧档汇入	2026-04-13T01:27:08+08:00
Appointements	sm.pl.	—d’un employé	雇员的薪水	sin fong’		辛俸	薪俸	37	待定 	true	自旧档汇入	2026-04-13T01:27:08+08:00
Appointements	sm.pl.	—d’un employé	雇员的薪水	kong dié		工錢		37		true	自旧档汇入	2026-04-13T01:27:08+08:00
Apport	sm.	Mise	股金	’kou ven’		股分		37		true	自旧档汇入	2026-04-13T01:27:08+08:00
Apporter	va.	en main	拿过来	nao lai		拿來		37		true	自旧档汇入	2026-04-13T01:27:08+08:00
Apporter	va.	en main	拿过来	tè kou’lai		担過來		37		true	自旧档汇入	2026-04-13T01:27:08+08:00
Apporter	va.	—avec soi ou sur soi	带来	ta’lai		帶來		37		true	自旧档汇入	2026-04-13T01:27:08+08:00
Apporter	va.	—[lettre,présent...]	送来	song’ lai		送來		37		true	自旧档汇入	2026-04-13T01:27:08+08:00
Apposer	va.	sa signature	签字	ts‘ié h‘ouo ze’		簽花字		37		true	自旧档汇入	2026-04-13T01:27:08+08:00
Apposer	va.	sa signature	签字	’tang yen’		打印		37		true	自旧档汇入	2026-04-13T01:27:08+08:00
Apposer	va.	sa signature	签字	tsah h‘ouo èh(yah)		着花押		37		true	自旧档汇入	2026-04-13T01:27:08+08:00
Apposer	va.	—les scellés	贴封条	fong men		封門		37		true	自旧档汇入	2026-04-13T01:27:08+08:00
Apprécier	va.	Évaluer	评估	’kou ka’ dié		估價錢		37		true	自旧档汇入	2026-04-13T01:27:08+08:00
Apprécier	va.	Évaluer	评估	’kou ’kou k‘eu’		估估看		37		true	自旧档汇入	2026-04-13T01:27:08+08:00
Apprécier	va.	Évaluer	评估	’kou ’k‘i lai		估起來		37		true	自旧档汇入	2026-04-13T01:27:08+08:00
Apprécier	va.	Faire cas de	看重	k‘eu’ zong’		看重		37		true	自旧档汇入	2026-04-13T01:27:08+08:00
Appréhender	va.	Saisir	抓住	nao zu’		拏住		37		true	自旧档汇入	2026-04-13T01:27:08+08:00
Appréhender	va.	Craindre	害怕	p‘ouo’		怕		37		true	自旧档汇入	2026-04-13T01:27:08+08:00
Appréhender	va.	Craindre	害怕	hah	h‘ah	嚇		37		true	自旧档汇入	2026-04-13T01:27:08+08:00
Apprendre	va.	—qqch.	学习	hoh zih		學習		37		true	自旧档汇入	2026-04-13T01:27:08+08:00
Apprendre	va.	—qqch. à qqn.	教学	kao’ gnen hoh zih		教人學習		37		true	自旧档汇入	2026-04-13T01:27:08+08:00
Apprendre	va.	—un métier	学手艺	hoh ’seû gni	hoh ’seû gni’	學手藝		37		true	自旧档汇入	2026-04-13T01:27:08+08:00
Apprendre	va.	—une leçon	读书	dôh su		讀書		37		true	自旧档汇入	2026-04-13T01:27:08+08:00
Apprendre	va.	Ne pas parvenir à -	学不会	hoh véh wei’		學勿會		37		true	自旧档汇入	2026-04-13T01:27:08+08:00
Apprendre	va.	Ne pas parvenir à -	学不会	hoh véh zaong’		學勿上		37		true	自旧档汇入	2026-04-13T01:27:08+08:00
Apprendre	va.	Ne pas parvenir à -	学不会	dôh véh ts‘éh		讀勿出		37		true	自旧档汇入	2026-04-13T01:27:08+08:00
Apprendre	va.	Informer de	告诉	kao’ sou’		告訴		37		true	自旧档汇入	2026-04-13T01:27:08+08:00
Apprendre	va.	Entendre dire	听说	t‘ing’ kié’ wo’		聽見話		37		true	自旧档汇入	2026-04-13T01:27:08+08:00
Apprenti	sm.		学徒	dou di 	dou di’	徒弟		37		true	自旧档汇入	2026-04-13T01:27:08+08:00
Apprenti	sm.		学徒	hoh sang ’tse		學生子		37		true	自旧档汇入	2026-04-13T01:27:08+08:00
Apprenti	Fig.		新手	sang ’seû		生手		38		true	自旧档汇入	2026-04-13T01:27:08+08:00
Apprenti	sm.		新手	nga’ hang		外行		38	待定 行	true	自旧档汇入	2026-04-13T01:27:08+08:00
Apprentissage	sm.	Le faire	学徒	hoh dou		學徒		38		true	自旧档汇入	2026-04-13T01:27:08+08:00
Apprentissage	sm.	Le faire	学徒	hoh ’seû gni’(gnéh)		學手藝（業）		38		true	自旧档汇入	2026-04-13T01:27:08+08:00
Apprentissage	sm.	L’avoir fini	学徒	’mé se ’la ’tsé		滿師拉者		38		true	自旧档汇入	2026-04-13T01:27:08+08:00
Apprêter	vr.	S'- 	准备	yu’ bei’		預備		38		true	自旧档汇入	2026-04-13T01:27:08+08:00
Apprêter	va.	—la nourriture	做饭	sao vè’		燒飯		38		true	自旧档汇入	2026-04-13T01:27:08+08:00
Apprêter	va.	—la nourriture	做饭	long’ vè’		弄飯		38		true	自旧档汇入	2026-04-13T01:27:08+08:00
Apprêter	va.	—la nourriture	做饭	long’ ts‘ai’		弄菜		38		true	自旧档汇入	2026-04-13T01:27:08+08:00
Apprivoisé	adj.		被驯服的	ka ke’		家个		38		true	自旧档汇入	2026-04-13T01:27:08+08:00
Apprivoisé	adj.		被驯服的	zôh ’la ke’		熟拉个		38		true	自旧档汇入	2026-04-13T01:27:08+08:00
Apprivoisé	adj.	Non-	未驯服的	mah sang ke’		陌生个		38		true	自旧档汇入	2026-04-13T01:27:08+08:00
Apprivoisé	adj.	Non-	未驯服的	’ya ke’		野个		38		true	自旧档汇入	2026-04-13T01:27:08+08:00
Approchant	adj.		将近的，近似的	ts‘ouo véh tou ke’		差勿多个		38		true	自旧档汇入	2026-04-13T01:27:08+08:00
Approchant	adj.		将近的，近似的	siang dong ke’		相同个		38		true	自旧档汇入	2026-04-13T01:27:08+08:00
Approchant	adj.		将近的，近似的	véh ’yeu ’hiu ke’		勿遠許个		38		true	自旧档汇入	2026-04-13T01:27:08+08:00
Approche		À l'-du départ	将要离去	lin ghi ’tseû ke ze h‘eû’	lin ghi ’tseû ke ze heû’	臨期走个時候		38		true	自旧档汇入	2026-04-13T01:27:08+08:00
Approche		À l'-du départ	将要离去	dong’ sen k‘oa’		動身快		38		true	自旧档汇入	2026-04-13T01:27:08+08:00
Approche		À l'-de la nuit	夜幕降临	sèh ya’ k‘oa’		殺夜快		38		true	自旧档汇入	2026-04-13T01:27:08+08:00
Approche		À l'-de la nuit	夜幕降临	baong’ ya’		傍夜		38		true	自旧档汇入	2026-04-13T01:27:08+08:00
Approche		À l'-de la nuit	夜幕降临	a heh	a h‘eh	挨黑		38		true	自旧档汇入	2026-04-13T01:27:08+08:00
Approche		Les—s[v.g. d'une ville]	城市周围	ghien’ zeng ke’		近城个		38		true	自旧档汇入	2026-04-13T01:27:08+08:00
Approche		Les—s[v.g. d'une ville]	城市周围	se’ mié lin ghien’ ke’	se’ mié’ lin ghien’ ke’	四面鄰近个		38		true	自旧档汇入	2026-04-13T01:27:08+08:00
Approche		Les—s[v.g. d'une ville]	城市周围	deû ghien’ ke’		團近个		38		true	自旧档汇入	2026-04-13T01:27:08+08:00
Approcher	va.	Mettre auprès	使靠近	’pa lai ghien’ ’tié		擺來近點		38		true	自旧档汇入	2026-04-13T01:27:08+08:00
Approcher	 vr.	—et S’—（en parlant des gens）	接近	ghien’ zié lai		近前來		38		true	自旧档汇入	2026-04-13T01:27:08+08:00
Approcher	 vr.	—et S’—（en parlant des gens）	接近	ghien’ zaong’ ’k‘i		近上去		38		true	自旧档汇入	2026-04-13T01:27:08+08:00
Approcher	va.	—（en parlant du temps）	即将	tsih moh ’tsé		即目者		38		true	自旧档汇入	2026-04-13T01:27:08+08:00
Approcher	va.	—（en parlant du temps）	即将	véh zang ’yeu ’tsé		勿長遠者		38		true	自旧档汇入	2026-04-13T01:27:08+08:00
Approcher	va.	—（en parlant du temps）	即将	k‘oa’ ’tsé		快者		38		true	自旧档汇入	2026-04-13T01:27:08+08:00
Approcher	va.	Le soir approche	夜幕降临	yao’ ya’ k‘oa’ ’tsé		要夜快者		38		true	自旧档汇入	2026-04-13T01:27:08+08:00
Approcher	va.	La fin de l'année	年底	ghien’ gné ’ti		近年底		38		true	自旧档汇入	2026-04-13T01:27:08+08:00
Approcher	va.	La fin de l'année	年底	gné ’ti(ya)k‘oa’	gné ’ti(ya’)k‘oa’	年底（夜）快		38		true	自旧档汇入	2026-04-13T01:27:08+08:00
Approfondir	va.		加深	wèh sen		挖深		38		true	自旧档汇入	2026-04-13T01:27:08+08:00
Approfondir	va.		加深	k‘ai sen		開深		38		true	自旧档汇入	2026-04-13T01:27:08+08:00
Approfondir	va.	une idée	钻研	sen sen’li ’siang ’siang		深深裏想想		38		true	自旧档汇入	2026-04-13T01:27:08+08:00
Approprié	pp.	Conforme	合适的	keu zing’ ke’		乾净个		38		true	自旧档汇入	2026-04-13T01:27:08+08:00
Approprié	pp.	Conforme	合适的	h‘eh seh ke’	héh seh ke’	合式个		38	待定	true	自旧档汇入	2026-04-13T01:27:08+08:00
Approprié	pp.	Conforme	合适的	tei’ ke’		對个		38		true	自旧档汇入	2026-04-13T01:27:08+08:00
Approprié	pp.	Proportionné	相称的	siang ts‘eng ke’	siang ts‘eng’ ke’	相稱个		38		true	自旧档汇入	2026-04-13T01:27:08+08:00
Approprier		un local	整理	waong kè long’ long’ keu zing’		房間弄弄乾净		38		true	自旧档汇入	2026-04-13T01:27:08+08:00
Approprier		S’-qqch.	占为己有	ts‘ih ’ts‘u		竊取		38		true	自旧档汇入	2026-04-13T01:27:08+08:00
Approprier		S’-qqch.	占为己有	sé’ ’ts‘u	zé’ ’ts‘u	擅取		38	待定	true	自旧档汇入	2026-04-13T01:27:08+08:00
Approuver	va.	Autoriser	允许	’yun ’tsen		允准		38		true	自旧档汇入	2026-04-13T01:27:08+08:00
Approuver	va.	Autoriser	允许	p‘i ’tsen		批准		38		true	自旧档汇入	2026-04-13T01:27:08+08:00
Approuver	va.	Adhérer de bon cœur	全心全意支持	tsong sin yeuh woh		中心悦服		38		true	自旧档汇入	2026-04-13T01:27:08+08:00
Approuver	va.	Juger loubale	称赞	’siang….’h‘ao ke’		想…好个		38		true	自旧档汇入	2026-04-13T01:27:08+08:00
Approvisionnement	sm.		食物，供给	liang zeh		糧食		38		true	自旧档汇入	2026-04-13T01:27:08+08:00
Approvisionnement	sm.		食物，供给	liang ’ts‘ao		糧草		38		true	自旧档汇入	2026-04-13T01:27:08+08:00
Approvisionner	vr.	S'-de vivres 	贮备食物	bè’ fou’ zeh		辦貨食		38		true	自旧档汇入	2026-04-13T01:27:08+08:00
Approvisionner	vr.	S'-de vivres 	贮备食物	bè’ ts‘ai’		辦菜		38		true	自旧档汇入	2026-04-13T01:27:08+08:00
Approximativemt.	adv.		大概 	ts‘ouo véh tou		差勿多		38		true	自旧档汇入	2026-04-13T01:27:08+08:00
Approximativemt.	adv.		大概 	faong féh	’faong féh	仿佛		38		true	自旧档汇入	2026-04-13T01:27:08+08:00
Appui	sm.	Support	支撑，支持	k‘ao’ deû		靠頭		38		true	自旧档汇入	2026-04-13T01:27:08+08:00
Appui	sm.	Support	支撑，支持	ts‘ang deû		撑頭		38		true	自旧档汇入	2026-04-13T01:27:08+08:00
Appui	sm.	— ds chaise à porteurs	扶手板	wou ’seû ’pè		扶手板		38		true	自旧档汇入	2026-04-13T01:27:08+08:00
Appui	sm.	Secours.	支持，救助	k‘ao’ t‘oh		靠托		39	待定	true	自旧档汇入	2026-04-13T01:27:08+08:00
Appui	sm.	Sans -	无依无靠	wou i wou k‘ao’ ke’	wou ’i wou k‘ao’ ke’	無倚無靠个		39		true	自旧档汇入	2026-04-13T01:27:08+08:00
Appuyer	va.	un mur	支撑墙	ts‘ang zu’ ziang		撑住墻		39		true	自旧档汇入	2026-04-13T01:27:08+08:00
Appuyer	va.	—qqn: aider qqn.	支持某人	siang paong		相帮		39		true	自旧档汇入	2026-04-13T01:27:08+08:00
Appuyer	va.	—qqn: aider qqn.	支持某人	wou i ’k‘i lai		扶伊起來		39		true	自旧档汇入	2026-04-13T01:27:08+08:00
Appuyer	va.	—la main sur qqch.	压住	k‘èh zu’		壓住	？住	39		true	自旧档汇入	2026-04-13T01:27:08+08:00
Appuyer	vr.	S'—contre un mur  	靠墙	k‘ao’ zah		靠着		39		true	自旧档汇入	2026-04-13T01:27:08+08:00
Appuyer	va.	Se faire un appui de…	依靠	k‘ao’ baong’		靠傍		39		true	自旧档汇入	2026-04-13T01:27:08+08:00
Appuyer	va.	Se faire un appui de…	依靠	zang’ se’		仗勢		39	待定 仗讀音	true	自旧档汇入	2026-04-13T01:27:08+08:00
Âpre	adj.	Raboteux	粗糙的，生硬的	kaong ghiang		剛强		39		true	自旧档汇入	2026-04-13T01:27:08+08:00
Âpre	adj.	Raboteux	粗糙的，生硬的	véh bing		勿平		39		true	自旧档汇入	2026-04-13T01:27:08+08:00
Âpre	adj.	âcre	酸的	seu mi’		酸味		39		true	自旧档汇入	2026-04-13T01:27:08+08:00
Âpre	adj.	Violent	猛烈的	li’ hai’		利害		39		true	自旧档汇入	2026-04-13T01:27:08+08:00
Après	prép.		之后	heû’ deû		後頭		39		true	自旧档汇入	2026-04-13T01:27:08+08:00
Après	prép.		之后	heû’ lai		後來		39		true	自旧档汇入	2026-04-13T01:27:08+08:00
Après	prép.	Contre：crier——qqn.	责备	’h‘è i	h‘è’ i	喊伊		39		true	自旧档汇入	2026-04-13T01:27:08+08:00
Après	prép.	Contre：crier——qqn.	责备	mô i ’liang sang	mô’ i ’liang sang	駡伊兩聲		39		true	自旧档汇入	2026-04-13T01:27:08+08:00
Après	prép.	Au-dessous de : - qqn.	之后，之下	’la i ’hao deû		拉伊下頭		39		true	自旧档汇入	2026-04-13T01:27:08+08:00
Après	prép.	Ils courent - les brigands.	追逐	’keu ’kien tsu ghiang dao’		赶緊追强盗	趕緊追强盗	39		true	自旧档汇入	2026-04-13T01:27:08+08:00
Après	adv.	plus tard 	后来	zao heû’		朝後		39		true	自旧档汇入	2026-04-13T01:27:08+08:00
Après	adv.	plus tard 	后来	’i heû’		以後		39		true	自旧档汇入	2026-04-13T01:27:08+08:00
Après	adv.	plus tard 	后来	heû’ lai		後來		39		true	自旧档汇入	2026-04-13T01:27:08+08:00
Après	adv.	Le jour d'-	第二天	di’ gni’ gnéh		第二日		39		true	自旧档汇入	2026-04-13T01:27:08+08:00
Après	adv.	Le jour d'-	第二天	tao ming tsao	tao’ ming tsao	到明早	到明朝	39	待定	true	自旧档汇入	2026-04-13T01:27:08+08:00
Après	adv.	D’-（selon）	按照	tsao’		照		39		true	自旧档汇入	2026-04-13T01:27:08+08:00
Après	adv.	D’-（selon）	按照	eu	eu’	按		39		true	自旧档汇入	2026-04-13T01:27:08+08:00
Après	adv.	D’-（selon）	按照	bing		憑		39		true	自旧档汇入	2026-04-13T01:27:08+08:00
Après-demain	adv.		后天	heû’ gnéh		後日		39		true	自旧档汇入	2026-04-13T01:27:08+08:00
Après-dîner	sm.		午饭后	tsong vè’ heû’		中飯後		39		true	自旧档汇入	2026-04-13T01:27:08+08:00
Après-midi	sm.		下午	’hao pé’ gnéh		下半日		39		true	自旧档汇入	2026-04-13T01:27:08+08:00
Après-souper	sm.		晚饭后	ya’ vè’ heû’		夜飯後		39		true	自旧档汇入	2026-04-13T01:27:08+08:00
Après tout	loc.adv.		毕竟	zah méh kiah 		着末脚		39		true	自旧档汇入	2026-04-13T01:27:08+08:00
Après tout	loc.adv.		毕竟	méh méh kiah		末末脚		39		true	自旧档汇入	2026-04-13T01:27:08+08:00
Après tout	loc.adv.		毕竟	kieû’ kieng’		究竟		39		true	自旧档汇入	2026-04-13T01:27:08+08:00
Apte	adj.	Être-à	有能力的	neng keu ke’	neng keu’ ke’	能幹个		39		true	自旧档汇入	2026-04-13T01:27:08+08:00
Aptitude	sf.		才能	wei’ long’ ke’		會弄个		39		true	自旧档汇入	2026-04-13T01:27:08+08:00
Aptitude	sf.		才能	teh fèh ke’		得法个		39		true	自旧档汇入	2026-04-13T01:27:08+08:00
Apurer	va.	un compte	审核（账目）	seu’ tsang’ seu’ ts‘ing ’saong		算賬算清爽		39		true	自旧档汇入	2026-04-13T01:27:08+08:00
Aquarelle	sf.		水彩画	se’ wo’		水畫		39		true	自旧档汇入	2026-04-13T01:27:08+08:00
Aquatique	adj.	Oiseau-	水生的，水中的	’se’li ke’		水裏个		39		true	自旧档汇入	2026-04-13T01:27:08+08:00
Aquatique	adj.	Oiseau-	水生的，水中的	’se ’tiao		水窵	水鳥	39		true	自旧档汇入	2026-04-13T01:27:08+08:00
Aquatique	adj.	Plante—（comestible）	水生的，水中的	’se ’ts‘ao		水草		39		true	自旧档汇入	2026-04-13T01:27:08+08:00
Aqueduc	sm.		引水渠	’se keû		水溝		39		true	自旧档汇入	2026-04-13T01:27:08+08:00
Aqueduc	sm.		引水渠	’se sié’ zao		水綫漕	水綫槽	39	待定	true	自旧档汇入	2026-04-13T01:27:08+08:00
Aquilin	adj.	(Nez)	鹰嘴状的	yeng ’tsao bieh		鷹爪鼻		39	待定	true	自旧档汇入	2026-04-13T01:27:08+08:00
Aquilon	sm.		朔风，北方	pôh fong		北風		39		true	自旧档汇入	2026-04-13T01:27:08+08:00
Arable	adj.	（Terre）	可耕作的	zôh di’		熟地		39		true	自旧档汇入	2026-04-13T01:27:08+08:00
Arable	adj.	（Terre）	可耕作的	dié		田		39		true	自旧档汇入	2026-04-13T01:27:08+08:00
Arachide	sf.		花生	h‘ouo sang		花生		39		true	自旧档汇入	2026-04-13T01:27:08+08:00
Arachide	sf.		花生	zang seng ’kou		長生果		39		true	自旧档汇入	2026-04-13T01:27:08+08:00
Arack	sm.	(eau-de-vie de riz)	烧酒	sao ’tsieû		燒酒		39		true	自旧档汇入	2026-04-13T01:27:08+08:00
Araignée	sf.		蜘蛛	tsi tsu		蜘蛛		39		true	自旧档汇入	2026-04-13T01:27:08+08:00
Araignée	sf.	Toile d'-	蜘蛛网	tsi tsu ’maong		蜘蛛網		39		true	自旧档汇入	2026-04-13T01:27:08+08:00
Aratoire.	adj.	Travaux -s	耕作的	’tsong dié sang wéh		種田生活		39		true	自旧档汇入	2026-04-13T01:27:08+08:00
Aratoire.	adj.	Instruments -s	耕作的	’tsong dié ka ’hou(sang)	’tsong dié ka ’h‘ou(sang)	種田傢伙（生）		39		true	自旧档汇入	2026-04-13T01:27:08+08:00
Arbalète	sf.		弩	dè kong		彈弓		39	待定	true	自旧档汇入	2026-04-13T01:27:08+08:00
Arbitrairement	adv,		专横，随意	p‘ié hiang	p‘ié hiang’	偏向		40		true	自旧档汇入	2026-04-13T01:27:08+08:00
Arbitrairement	adv,		专横，随意	ts‘éh zin se		出徇私		40		true	自旧档汇入	2026-04-13T01:27:08+08:00
Arbitre	sm.		裁判，仲裁人	’pao gnen		保人		40		true	自旧档汇入	2026-04-13T01:27:08+08:00
Arbitre	sm.		裁判，仲裁人	tsong gnen		中人		40		true	自旧档汇入	2026-04-13T01:27:08+08:00
Arbitre	sm.		裁判，仲裁人	wou ze’ ke’		和事个		40		true	自旧档汇入	2026-04-13T01:27:08+08:00
Arbitre	sm.	maître absolu:Dieu est l'-de la vie et de la mort.	成事在天	gnen ke’ ’si wéh ze’ T‘ié ’tsu ’koé ké’		人个死活是天主管个		40		true	自旧档汇入	2026-04-13T01:27:08+08:00
Arbitre	sm.	Libre-	自主	ze’ tsu tse ghieu	ze’ ’tsu tse ghieu	自主之權		40		true	自旧档汇入	2026-04-13T01:27:08+08:00
Arbitre	sm.	Libre-	自主	’tsu ’tsang		主掌		40		true	自旧档汇入	2026-04-13T01:27:08+08:00
Arbitre	sm.	Jouir du libre-	自主	ze’ ’tsu		自主		40		true	自旧档汇入	2026-04-13T01:27:08+08:00
Arborer 	va.	étendard	竖起，举起	ts‘èh ghi		插旗		40		true	自旧档汇入	2026-04-13T01:27:08+08:00
Arborer 	va.	étendard	竖起，举起	ts‘a ghi	’ts‘a ghi	扯旗		40		true	自旧档汇入	2026-04-13T01:27:08+08:00
Arborer 	va.	étendard	竖起，举起	kouo ghi	kouo’ ghi	掛旗		40		true	自旧档汇入	2026-04-13T01:27:08+08:00
Arbre	sm.	Les -s	树	ih k‘ou zu’		一棵樹		40		true	自旧档汇入	2026-04-13T01:27:08+08:00
Arbre	sm.	Les -s	树	zu’ moh		樹木		40		true	自旧档汇入	2026-04-13T01:27:08+08:00
Arbre	sm.	—fruitier	果树	’kou ’tse zu’		果子樹		40		true	自旧档汇入	2026-04-13T01:27:08+08:00
Arbre	sm.	—de couche（mécan）	动力轴	len ghiôh		輪軸		40		true	自旧档汇入	2026-04-13T01:27:08+08:00
Arbrisseau	sm.		灌木	’siao zu’		小樹		40		true	自旧档汇入	2026-04-13T01:27:08+08:00
Arbuste	sm.		小灌木	’siao zu’		小樹		40		true	自旧档汇入	2026-04-13T01:27:08+08:00
Arc	sm.	Tirer de l'-	弓	kong		弓		40		true	自旧档汇入	2026-04-13T01:27:08+08:00
Arc	sm.	Tirer de l'-	弓	’la kong	la kong	拉弓		40		true	自旧档汇入	2026-04-13T01:27:08+08:00
Arc	sm.	Tirer de l'-	弓	zôh tsié’		射箭		40		true	自旧档汇入	2026-04-13T01:27:08+08:00
Arc	sm.	S'exercer à l'-à pied et à cheval	弓	hoh zih zôh bou’ tsié’ tèh tse ’mô tsié	hoh zih zôh bou’ tsié’ tèh tse ’mô tsié’	學習射步箭搭之馬箭		40		true	自旧档汇入	2026-04-13T01:27:08+08:00
Arc	sm.	Porte courbée en-	拱形	k‘ieu men		圈門		40		true	自旧档汇入	2026-04-13T01:27:08+08:00
Arcade	sf.		拱廊	fèh k‘ieu		發圈		40		true	自旧档汇入	2026-04-13T01:27:08+08:00
Arc-boutant	sm.		拱扶垛	ts‘ang deû		撑頭		40		true	自旧档汇入	2026-04-13T01:27:08+08:00
Arc de triomphe	sm.		凯旋门	ba faong		牌坊		40		true	自旧档汇入	2026-04-13T01:27:08+08:00
Arc de triomphe	sm.		凯旋门	ba leû		牌樓		40		true	自旧档汇入	2026-04-13T01:27:08+08:00
Arc de triomphe	sm.	pour veuve non remariée	凯旋门	tseng tsih faong		貞節坊		40		true	自旧档汇入	2026-04-13T01:27:08+08:00
Arc-en-ciel	sm.		彩虹	heu’ [ih diao]		虹[一條]	鲎[一條]	40	待定	true	自旧档汇入	2026-04-13T01:27:08+08:00
Arc-en-ciel	sm.	—à l'est:soleil	彩虹	tong heu’ gnéh deû		東虹日頭	東鲎日頭	40	待定	true	自旧档汇入	2026-04-13T01:27:08+08:00
Arc-en-ciel	sm.	—à l'oust:pluie	彩虹	si heu’ ’yu		西虹雨	西鲎雨	40	待定	true	自旧档汇入	2026-04-13T01:27:08+08:00
Archal	sm.	(Fil d')	黄铜丝	dong se [ih ken]		銅絲[一根]		40		true	自旧档汇入	2026-04-13T01:27:08+08:00
Archange	sm.	S.Michel-	大天使	zaong’ ’p‘in t‘ié zen		上品天神		40		true	自旧档汇入	2026-04-13T01:27:08+08:00
Archange	sm.	S.Michel-	大天使	seng’ mi-ngah-eul’ ’tsong ’ling t‘ié zen	seng’ mi-ngah-’eul ’tsong ’ling t‘ié zen	聖彌額爾總領天神		40		true	自旧档汇入	2026-04-13T01:27:08+08:00
Arche	sf.	d'un pont	桥拱	koè dong’ ghiao	goè dong’ ghiao	環洞橋		40		true	自旧档汇入	2026-04-13T01:27:08+08:00
Arche	sf.	—de Noé	挪亚方舟	noh-ngeh zé		諾厄船		40	待定	true	自旧档汇入	2026-04-13T01:27:08+08:00
Arche	sf.	—d'alliance(C.)	藏经柜	kiéh yah tse ghiu	kiéh yah tse ghiu’	結約之櫃		40		true	自旧档汇入	2026-04-13T01:27:08+08:00
Archer	sm.		弓箭手	’la kong ke’		拉弓个		40		true	自旧档汇入	2026-04-13T01:27:08+08:00
Archer	sm.		弓箭手	zôh tsié’ ke’		射箭个		40		true	自旧档汇入	2026-04-13T01:27:08+08:00
Archet	sm.	de violon	琴弦	se’ yé kong		四弦弓		40		true	自旧档汇入	2026-04-13T01:27:08+08:00
Archevêque	sm.		大主教	’tsong ’tsu kiao’		總主教		40		true	自旧档汇入	2026-04-13T01:27:08+08:00
Archiduc	sm.		王子	waong ya		王爺		40		true	自旧档汇入	2026-04-13T01:27:08+08:00
Architecte	sm.		建筑师	kè zao ke’	kè zao’ ke’	監造个		40		true	自旧档汇入	2026-04-13T01:27:08+08:00
Architecture	sf.		建筑，建筑学	zao fèh	zao’ fèh	造法		40		true	自旧档汇入	2026-04-13T01:27:08+08:00
Archives	sf.pl.	nationales	档案	wen k‘ou’		文庫		40		true	自旧档汇入	2026-04-13T01:27:08+08:00
Archives	sf.	d'un tribunal	把…归档	eu’ kieu’.		案卷		41		true	自旧档汇入	2026-04-13T01:27:08+08:00
Arçon	sm.		马鞍架	eu tsouo	eu ts‘ouo	鞍叉		41	待定	true	自旧档汇入	2026-04-13T01:27:08+08:00
Arçon	sm.	 - de cardeur.	(弹棉花、羊毛、兽毛用的)弓子	kong yé.		弓弦		41		true	自旧档汇入	2026-04-13T01:27:08+08:00
Arçonner	va.	du coton.	用弓子弹（棉花， 羊毛， 兽毛）	dè h‘ouo i.		彈花衣		41		true	自旧档汇入	2026-04-13T01:27:08+08:00
Arçonner	va.	du coton.	用弓子弹（棉花， 羊毛， 兽毛）	’tang h‘ouo i.		打花衣		41		true	自旧档汇入	2026-04-13T01:27:08+08:00
Arctique	adj.	(Pôle). 	北极的, 北极地区的	pôh ghieh.		北極		41		true	自旧档汇入	2026-04-13T01:27:08+08:00
Ardent	adj.		炽热的	gnéh.		熱		41		true	自旧档汇入	2026-04-13T01:27:08+08:00
Ardent	adj.		炽热的	yaong’.		旺		41		true	自旧档汇入	2026-04-13T01:27:08+08:00
Ardent	adj.	Charbons -s.	燃烧的	’h‘ou t‘e’.		火炭		41		true	自旧档汇入	2026-04-13T01:27:08+08:00
Ardent	adj.	Fièvre -e.	炽热的	fèh h‘eu gnéh.	fèh heu gnéh.	發寒熱		41		true	自旧档汇入	2026-04-13T01:27:08+08:00
Ardent	adj.	Fièvre -e.	炽热的	ngoh sieh.	ngoh zieh.	瘧疾		41		true	自旧档汇入	2026-04-13T01:27:08+08:00
Ardent	adj.	Fièvre -e.	火红色的	’h‘ou tseng’.		火症		41		true	自旧档汇入	2026-04-13T01:27:08+08:00
Ardent	adj.	Roux. Poli -.	火红色的	hong mao.		紅毛		41		true	自旧档汇入	2026-04-13T01:27:08+08:00
Ardent	adj.	Vif. Caractère -.	激烈的	sing’ sao.	sing’ sao’	性燥		41		true	自旧档汇入	2026-04-13T01:27:08+08:00
Ardent	adj.	Vif. Caractère -.	激烈的	sing’ ’tse bao’ tsao’.		性子暴躁		41		true	自旧档汇入	2026-04-13T01:27:08+08:00
Ardent	adj.	Fervent. Amour -.	激烈的	gnéh ai’.		熱愛		41		true	自旧档汇入	2026-04-13T01:27:08+08:00
Ardent	adj.	Violent. Soif -e.	使感到像烧灼一样的	k‘euh lai yao’ ’si.		渴來要死		41		true	自旧档汇入	2026-04-13T01:27:08+08:00
Ardent	adj.	 - pour l'etude.	积极的	kao hieng’ dôh su.		高興讀書		41		true	自旧档汇入	2026-04-13T01:27:08+08:00
Ardent	adj.	 - pour l'etude.	积极的	’pouo kiéh dôh su.		把急讀書		41	待定	true	自旧档汇入	2026-04-13T01:27:08+08:00
Ardeur	sf.	 Entrain.	强烈的欲望	’yeû hieng’ ’tse.		有興子		41		true	自旧档汇入	2026-04-13T01:27:08+08:00
Ardeur	sf.	 Entrain.	强烈的欲望	tang ’k‘i tsing zen.	’tang ’k‘i tsing zen.	打起精神		41		true	自旧档汇入	2026-04-13T01:27:08+08:00
Ardeur	sf.	Echauffement.	炽热	h‘ou.	’h‘ou.	火		41		true	自旧档汇入	2026-04-13T01:27:08+08:00
Ardeur	sf.	 - d'entrailles.	炽热	dou’ ’li gnéh lai.		肚裏熱來		41		true	自旧档汇入	2026-04-13T01:27:08+08:00
Ardillon	sm.		（皮带上的）扣针	ts‘ié ’tse.		簽子		41		true	自旧档汇入	2026-04-13T01:27:08+08:00
Ardoise	sf.		板岩	ts‘ing zah pè.		青石板		41		true	自旧档汇入	2026-04-13T01:27:08+08:00
Ardu	adj.	Montagne-e.	陡峭的, 险峻的	p‘ieh lih zu’ ke’ sè.		壁立竪个山		41	待定 豎聲調	true	自旧档汇入	2026-04-13T01:27:08+08:00
Ardu	adj.	Difficile à comprendre	艰难的	nè ’tong.		難懂		41		true	自旧档汇入	2026-04-13T01:27:08+08:00
Ardu	adj.	 - à faire	艰难的	nè tsou’.		難做		41		true	自旧档汇入	2026-04-13T01:27:08+08:00
Arec	sm.	(Noix d').	槟榔	pin laong.		檳榔		41		true	自旧档汇入	2026-04-13T01:27:08+08:00
Arène	sf.		 (古罗马圆形剧场中央的)竞技场地	zaong di’.		場地		41	待定	true	自旧档汇入	2026-04-13T01:27:08+08:00
Arène	sf.	Champ de manœuvres.	 (古罗马圆形剧场中央的)竞技场地	kao’ zaong.	’k‘ao zang.	考場		41		true	自旧档汇入	2026-04-13T01:27:08+08:00
Arête	sf.	Os de poisson.	鱼骨	n koéh deû.		魚頭骨		41		true	自旧档汇入	2026-04-13T01:27:08+08:00
Arête	sf.	Angle saillant.	棱, 棱边	leng’ koh.		稜角	棱角	41	待定 一作楞角	true	自旧档汇入	2026-04-13T01:27:08+08:00
Argent	sm.		银	gnen.		銀		41		true	自旧档汇入	2026-04-13T01:27:08+08:00
Argent	sm.		白银	bah gnen.		白銀		41		true	自旧档汇入	2026-04-13T01:27:08+08:00
Argent	sm.	Monnaie d'-.	银币	gnen ’tse.		銀子		41		true	自旧档汇入	2026-04-13T01:27:08+08:00
Argent	sm.	Monnaie d'-.	银币	gnen zié.		銀錢		41		true	自旧档汇入	2026-04-13T01:27:08+08:00
Argent	sm.	Un lingot d'-.	银币	ih tsah gneu ’pao.		一隻元寶		41		true	自旧档汇入	2026-04-13T01:27:08+08:00
Argent	sm.	 -en petits morceaux.	银币	sé’ gnen ’tse.		碎銀子		41		true	自旧档汇入	2026-04-13T01:27:08+08:00
Argent	sm.	 -fondu.Vif-.	银币	gnen ’se.		銀水		41		true	自旧档汇入	2026-04-13T01:27:08+08:00
Argent	sm.	 -fondu.Vif-.	银白色的	’se gnen.		水銀		41		true	自旧档汇入	2026-04-13T01:27:08+08:00
Argent	sm.	-à 1% d'alliage.	银币	’kieû ’kieû gnen ’tse.		九九銀子		41		true	自旧档汇入	2026-04-13T01:27:08+08:00
Argent	sm.	-à 2% d'alliage.	银币	’kieû pèh gnen ’tse.		九八銀子		41		true	自旧档汇入	2026-04-13T01:27:08+08:00
Argent	sm.	On en a pour son -= ça vaut ce que ça coûte.	银币	’hao fou’ véh bié’ gni’，bié’ gni’ véh h‘ao fou’.	’h‘ao fou’ véh bié’ gni，bié’ gni véh ’h‘ao fou’.	好貨勿便宜，便宜勿好貨		41	待定 便聲調	true	自旧档汇入	2026-04-13T01:27:08+08:00
Argent	sm.	L'-est le nerf de la guerre: est indispensable.	银币	wou ’se péh hang zé，wou zié péh zeng ze’.		無水不行船，無錢不成事		41		true	自旧档汇入	2026-04-13T01:27:08+08:00
Argenter	va.		包银	pao gnen.		包銀		42		true	自旧档汇入	2026-04-13T01:27:08+08:00
Argenter	va.		 镀银	dou’ gnen.		鍍銀		42		true	自旧档汇入	2026-04-13T01:27:08+08:00
Argenter	va.		包银	fi gnen.		飛銀		42		true	自旧档汇入	2026-04-13T01:27:08+08:00
Argenter	va.	En appliquant une feuille d'arg.	包银	t‘ih gnen.		貼銀		42		true	自旧档汇入	2026-04-13T01:27:08+08:00
Argenterie	sf.		银器	gnen k‘i’.		銀器		42		true	自旧档汇入	2026-04-13T01:27:08+08:00
Argile	sf. 	Vase en -.	黏土	gni ’t‘ou.		泥土		42		true	自旧档汇入	2026-04-13T01:27:08+08:00
Argile	sf. 	Vase en -.	黏土	waong gni.		黄泥		42		true	自旧档汇入	2026-04-13T01:27:08+08:00
Argile	sf. 	Vase en -.	黏土	’ngô k‘i’.		瓦器		42		true	自旧档汇入	2026-04-13T01:27:08+08:00
Argile	sf. 	Faiseur de statues d'-.	黏土	tsaong gni wéh ke’ ziang’.		裝泥佛個匠		42		true	自旧档汇入	2026-04-13T01:27:08+08:00
Argot	sm.	des voleurs.	隐语	’yen wo’.		隱話		42		true	自旧档汇入	2026-04-13T01:27:08+08:00
Argot	sm.	 - des marchands.	隐语	é’ ki’ hao’.		暗記號		42		true	自旧档汇入	2026-04-13T01:27:08+08:00
Arguer	va.		推托	ts‘u len’.		推論		42	待定	true	自旧档汇入	2026-04-13T01:27:08+08:00
Arguer	va.		推托	ts‘u ’siang.		推想		42		true	自旧档汇入	2026-04-13T01:27:08+08:00
Argument	sm.	sm.Preuve.	论据	bing kiu’.		憑據		42		true	自旧档汇入	2026-04-13T01:27:08+08:00
Argument	sm.	Thème.	论据	di moh.		題目		42		true	自旧档汇入	2026-04-13T01:27:08+08:00
Argumenter	vn.		辩论	bié len’.	bié’ len’.	辯論		42		true	自旧档汇入	2026-04-13T01:27:08+08:00
Argumenter	vn.		辩论	bié’ pôh.		辯駁		42		true	自旧档汇入	2026-04-13T01:27:08+08:00
Argutie	sf.	sf.Recourir à des.	诡辩	m ’li zin ts‘eh ’yeû lai.		無裏尋出有來	嘸裏尋出有來	42		true	自旧档汇入	2026-04-13T01:27:08+08:00
Aride	adj.	Terre-.	干旱的	k‘ou ziao.		枯樵		42		true	自旧档汇入	2026-04-13T01:27:08+08:00
Aride	adj.	Terre-.	干旱的	foang di.	foang di’.	荒地		42		true	自旧档汇入	2026-04-13T01:27:08+08:00
Aridité	sf.	spirituelle.(C.)	枯燥无味	sin se keu k‘ou.		心思乾枯		42		true	自旧档汇入	2026-04-13T01:27:08+08:00
Aridité	sf.	spirituelle.(C.)	枯燥无味	zen k‘ou.		神枯		42		true	自旧档汇入	2026-04-13T01:27:08+08:00
Aristocrate	sm.		贵族	dou’ ’sao ya	dou’ sao’ ya	大少爺		42	待定	true	自旧档汇入	2026-04-13T01:27:08+08:00
Aristocrate	sm.	Il a l'aire d'un jeune-.	贵族	i wé ziang’ ih ke’ dou’ ’sao ya.	i ’wé ziang’ ih ke’ dou’ sao’ ya.	伊宛像一個大少爺		42		true	自旧档汇入	2026-04-13T01:27:08+08:00
Aristoloche	sf.		马兜铃	moh hiang.		木香		42		true	自旧档汇入	2026-04-13T01:27:08+08:00
Arithmétique	sf.		算术	seu’ fèh(yah).		算法（學）		42		true	自旧档汇入	2026-04-13T01:27:08+08:00
Armateur	sm.		船主	zé ’pè ’tsu.		船板主		42		true	自旧档汇入	2026-04-13T01:27:08+08:00
Arme	sf.	 -à feu.	武器	ping k‘i’.		兵器		42		true	自旧档汇入	2026-04-13T01:27:08+08:00
Arme	sf.	 -à feu.	武器	kiun k‘i’.		軍器		42		true	自旧档汇入	2026-04-13T01:27:08+08:00
Arme	sf.	 -à feu.	武器	ts‘iang p‘ao’.		槍炮		42		true	自旧档汇入	2026-04-13T01:27:08+08:00
Arme	sf.	Faire des -s.	刀剑	’wou tao.		舞刀		42		true	自旧档汇入	2026-04-13T01:27:08+08:00
Armée	sf.		军队	ping ’mô.		兵馬		42		true	自旧档汇入	2026-04-13T01:27:08+08:00
Armée	sf.	 -de terre.	军队	sè kiun.		三軍		42		true	自旧档汇入	2026-04-13T01:27:08+08:00
Armée	sf.	 -de mer.	军队	’se kiun.		水軍		42		true	自旧档汇入	2026-04-13T01:27:08+08:00
Armer	vn.		装备	’k‘i ping.		起兵		42		true	自旧档汇入	2026-04-13T01:27:08+08:00
Armistice	sm.		停战	’mié ’tsé.	’mié tsé’.	免戰		42		true	自旧档汇入	2026-04-13T01:27:08+08:00
Armoire	sf.		壁橱	zu.		厨		42		true	自旧档汇入	2026-04-13T01:27:08+08:00
Armoire	sf.		壁橱	ghiu ’tse.	ghiu’ ’tse.	櫃子		42		true	自旧档汇入	2026-04-13T01:27:08+08:00
Armoise	sf.		壁橱	ngai’ bong.		艾蓬		42		true	自旧档汇入	2026-04-13T01:27:08+08:00
Armure	sf.		盔甲	k‘oei kèh.		盔甲		42		true	自旧档汇入	2026-04-13T01:27:08+08:00
Armurier	sm.	Fabricant.	武器制造商	’tang ping k‘i’ ’ke.		打兵器个		42		true	自旧档汇入	2026-04-13T01:27:08+08:00
Armurier	sm.	Marchand.	武器制造商	fè’ ma’ kiun k‘i’ ’ke’.		販賣軍器个		42		true	自旧档汇入	2026-04-13T01:27:08+08:00
Aromate	sm.		香料	hiang liao’.		香料		42		true	自旧档汇入	2026-04-13T01:27:08+08:00
Aromatique	adj.		香的	hiang ke’.		香个		42		true	自旧档汇入	2026-04-13T01:27:08+08:00
Arome	sm.		芳香	hiang wi’.		香味		42		true	自旧档汇入	2026-04-13T01:27:08+08:00
Arpent	sm.	[6.97 ares.] Cent -s.	一亩	ih ’m di’.		一畝地		42		true	自旧档汇入	2026-04-13T01:27:08+08:00
Arpent	sm.	[6.97 ares.] Cent -s.	一亩	ih ’k‘ieng di’.		一頃地		42		true	自旧档汇入	2026-04-13T01:27:08+08:00
Arpenter	va.		丈量（土地）	’zang liang di’ bi.		丈量地皮		42	待定 丈聲調	true	自旧档汇入	2026-04-13T01:27:08+08:00
Arpenter	va.	 -du terrain.	丈量（土地）	béh ts‘éh kiah lai bao teh k‘oa’.	bèh ts‘éh kiah lai bao teh k‘oa’.	拔出脚來跑得快		42		true	自旧档汇入	2026-04-13T01:27:08+08:00
Arrache-pied	adv.	(D').loc	不间断地, 不停地	mié lih véh ’deu.	’mié lih véh ’deu.	勉力勿斷		42	待定 斷聲調	true	自旧档汇入	2026-04-13T01:27:08+08:00
Arracher	va.	en tirant	拔出	béh ts‘éh lai.	bèh ts‘éh lai.	拔出來		43		true	自旧档汇入	2026-04-13T01:27:08+08:00
Arracher	va.	en tirant	拔出	béh ’hao lai.	bèh ’hao lai.	拔下來		43		true	自旧档汇入	2026-04-13T01:27:08+08:00
Arracher	va.	 - de l'herbe.	拔出	béh t‘éh ’ts‘ao.	bèh t‘éh ’ts‘ao.	拔脱草		43		true	自旧档汇入	2026-04-13T01:27:08+08:00
Arracher	va.	 - en piochant.	拔出	zu’ ben(wèh) t‘éh.	zu’ ben’(wèh) t‘éh.	樹坌（剜）脱	樹坌（挖）脱	43		true	自旧档汇入	2026-04-13T01:27:08+08:00
Arracher	va.	Enlever de force.	拔出	’ts‘iang, 	’ts‘iang	搶		43		true	自旧档汇入	2026-04-13T01:27:08+08:00
Arracher	va.	Enlever de force.	拔出	ngang’ ’kieng nao k‘i’.	ngang’ kieng’ nao k‘i’.	硬勁拿去		43		true	自旧档汇入	2026-04-13T01:27:08+08:00
Arracher	va.	Retirer de .	拔出	’la ts‘éh lai	la ts‘éh lai	拉出來		43		true	自旧档汇入	2026-04-13T01:27:08+08:00
Arracher	va.	Retirer de .	拔出	ts‘eû ts‘éh lai.		抽出来		43		true	自旧档汇入	2026-04-13T01:27:08+08:00
Arracher	va.	 -les yeux.-une dent.	拔出	wèh ’ngè tsing.		剜眼睛	挖眼睛	43		true	自旧档汇入	2026-04-13T01:27:08+08:00
Arracher	va.	 -les yeux.-une dent.	拔出	béh nga ’ts‘e.	bèh nga ’ts‘e.	拔牙齒		43		true	自旧档汇入	2026-04-13T01:27:08+08:00
Arracher	va.	S'-à.vr.Quitter.	拔出	li k‘ai.		離開		43		true	自旧档汇入	2026-04-13T01:27:08+08:00
Arracher	va.	S'-à.vr.Quitter.	拔出	goè t‘éh.	goè’ t‘éh.	甩脱	摜脱	43		true	自旧档汇入	2026-04-13T01:27:08+08:00
Arracher	va.	S'-des sapèques.vpr.	剧烈争吵	tseng len’ dong dié.		争論銅錢		43		true	自旧档汇入	2026-04-13T01:27:08+08:00
Arrangé	pp.	(Bien)	布置	zi ’tseng.		齊整		43		true	自旧档汇入	2026-04-13T01:27:08+08:00
Arrangé	pp.	(Bien)	布置	seû tsoh.		收作		43		true	自旧档汇入	2026-04-13T01:27:08+08:00
Arrangé	pp.	(Bien)	布置	seû zéh.		收拾		43		true	自旧档汇入	2026-04-13T01:27:08+08:00
Arrangé	pp.	(Bien)	布置	su zu ’h‘ao.		舒隨好	舒徐好	43	另作“舒徐”	true	自旧档汇入	2026-04-13T01:27:08+08:00
Arrangement	sm.		安排	héh dong.		合同		43		true	自旧档汇入	2026-04-13T01:27:08+08:00
Arrangement	sm.	Ecrire un -.	安排	lih héh dong (bing) kiu’.		立合同（憑）據		43		true	自旧档汇入	2026-04-13T01:27:08+08:00
Arrangement	sm.	Moyen.	安排	fèh tse.	fèh ’tse.	法子		43		true	自旧档汇入	2026-04-13T01:27:08+08:00
Arranger	va.	Mettre en bon état.	安排	eu ba.		安排		43		true	自旧档汇入	2026-04-13T01:27:08+08:00
Arranger	va.	Mettre en bon état.	安排	’t‘ou taong’.		妥當		43		true	自旧档汇入	2026-04-13T01:27:08+08:00
Arranger	va.	Mettre en bon état.	安排	ts‘u’ tse’.		處置		43		true	自旧档汇入	2026-04-13T01:27:08+08:00
Arranger	va.	Mettre en bon état.	安排	seû tsoh.		收作		43		true	自旧档汇入	2026-04-13T01:27:08+08:00
Arranger	va.	Terminer à l'amiable.	调解	diao ts‘u’(ding).		調處（停）		43	待定	true	自旧档汇入	2026-04-13T01:27:08+08:00
Arranger	va.	L'affaire est arrangée.	调解	bè’ lai yeu zié.		辦來園全		43		true	自旧档汇入	2026-04-13T01:27:08+08:00
Arranger	va.	L'affaire est arrangée.	谈得拢	wo’ ming bah.		話明白		43		true	自旧档汇入	2026-04-13T01:27:08+08:00
Arranger	va.	L'affaire est arrangée.	谈得拢	ze’ ’t‘i wo’ k‘ai ’la ’tsé.		事體話開拉者		43		true	自旧档汇入	2026-04-13T01:27:08+08:00
Arranger	va.	Réparer.	修理	sieû li.	sieû ’li.	修理		43		true	自旧档汇入	2026-04-13T01:27:08+08:00
Arranger	va.	Réparer.	修理	seû tsoh.		收作		43		true	自旧档汇入	2026-04-13T01:27:08+08:00
Arranger	va.	Irner.	修理	tsaong seh		妝飾		43	待定	true	自旧档汇入	2026-04-13T01:27:08+08:00
Arranger	va.	Irner.	修理	tsaong sieû.		裝修		43		true	自旧档汇入	2026-04-13T01:27:08+08:00
Arranger	va.	 -qqn.Lui donner son affaire.	把（某人）揍一顿	dong i nao’ ih fè.		同伊鬧一番		43		true	自旧档汇入	2026-04-13T01:27:08+08:00
Arranger	va.	S'-.Prendre ses mesures.	处理	baong bei’.		防備		43		true	自旧档汇入	2026-04-13T01:27:08+08:00
Arranger	va.	S'accorder.	处理	gni’ ding’ taong’ ’la ’tsé.		議定當拉者		43		true	自旧档汇入	2026-04-13T01:27:08+08:00
Arrérages	sm.pl.		欠款	k‘ié’ li’.		欠利		43		true	自旧档汇入	2026-04-13T01:27:08+08:00
Arrérages	sm.pl.		欠款	k‘ié’ ’la ke’ sôh li’ dié.		欠拉个宿利錢		43		true	自旧档汇入	2026-04-13T01:27:08+08:00
Arrérages	sm.pl.		欠款	zen tsou.		陳租		43		true	自旧档汇入	2026-04-13T01:27:08+08:00
Arrêt	sm.	sm.	停止	ding’ eu’.		定案		43		true	自旧档汇入	2026-04-13T01:27:08+08:00
Arrêt	sm.	Maison d'-.	逮捕	pè waong.		班房		43		true	自旧档汇入	2026-04-13T01:27:08+08:00
Arrêt	sm.	Ordre.-du ciel.(Pa).	判决	ming’.		命		43		true	自旧档汇入	2026-04-13T01:27:08+08:00
Arrêt	sm.	Ordre.-du ciel.(Pa).	判决	t‘ié ming’.		天命		43		true	自旧档汇入	2026-04-13T01:27:08+08:00
Arrêt	sm.	 -du ciel.(C.)	判决	T‘ié-’tsu ke’ ming’.		天主个命		43		true	自旧档汇入	2026-04-13T01:27:08+08:00
Arrêter	sm.		作出裁决	ding’ eu’.		定案		43		true	自旧档汇入	2026-04-13T01:27:08+08:00
Arrêter	sm.		作出裁决	yu’ ze’.		諭示		43		true	自旧档汇入	2026-04-13T01:27:08+08:00
Arrêter	va.	Retenir.	阻止	lè zu’.		攔住		43		true	自旧档汇入	2026-04-13T01:27:08+08:00
Arrêter	va.	Retenir.	阻止	’tsou ’taong zu’.		阻擋住		43		true	自旧档汇入	2026-04-13T01:27:08+08:00
Arrêter	va.	 -une barque.	固定	ding zé.		停船		43		true	自旧档汇入	2026-04-13T01:27:08+08:00
Arrêter	va.	 -un cheval.	固定	’lè zu’ ’mô.	la zu’ ’mô.	拉住馬		43		true	自旧档汇入	2026-04-13T01:27:08+08:00
Arrêter	va.	 -un cheval.	固定	k‘eu’ zu’ ’mô.		扣住馬		43		true	自旧档汇入	2026-04-13T01:27:08+08:00
Arrêter	va.	Faire cesser.-la douleur.	使停止	’tse t‘ong’.		止痛		43		true	自旧档汇入	2026-04-13T01:27:08+08:00
Arrêter	va.	Contenir dans le devoir.	使停止	’koé zu’.		管住		43		true	自旧档汇入	2026-04-13T01:27:08+08:00
Arrêter	va.	Contenir dans le devoir.	使停止	yah sôh zu’.		約束住		43		true	自旧档汇入	2026-04-13T01:27:08+08:00
Arrêter	va.	Saisir.-des voleurs.	使停止	tsoh zu’.		捉住		43		true	自旧档汇入	2026-04-13T01:27:08+08:00
Arrêter	va.	Saisir.-des voleurs.	使停止	tsoh zeh.		捉賊		43		true	自旧档汇入	2026-04-13T01:27:08+08:00
Arrêter	va.	Intercepter[v.g.des colis].	使停止	lieû zu’.		留住		43		true	自旧档汇入	2026-04-13T01:27:08+08:00
Arrêter	va.	Décider.	决定	kieuh ding’.		决定		43		true	自旧档汇入	2026-04-13T01:27:08+08:00
Arrêter	va.	Décider.	确定	ding’ taong.	ding’ taong’.	定當		43		true	自旧档汇入	2026-04-13T01:27:08+08:00
Arrêter	va.	Décider.	确定	wo’ ding’.		話定		43		true	自旧档汇入	2026-04-13T01:27:08+08:00
Arrêter	va.	S'assurer le service  de qqn.	选定	yong’ ding’ siang paong gnen.		用定相帮人		44		true	自旧档汇入	2026-04-13T01:27:08+08:00
Arrêter	va.	S'-.Cesser de marcher.	停步	zu’ kiah.		住脚		44		true	自旧档汇入	2026-04-13T01:27:08+08:00
Arrêter	va.	S'-.Cesser de marcher.	停步	’tse bou.	’tse bou’.	止步		44		true	自旧档汇入	2026-04-13T01:27:08+08:00
Arrêter	va.	S'-.Cesser d'agir.	停	ding ’seû.		停手		44		true	自旧档汇入	2026-04-13T01:27:08+08:00
Arrêter	va.	S'-.[véhicule, horloge].	停	ding zu’.		停住		44		true	自旧档汇入	2026-04-13T01:27:08+08:00
Arrêter	va.	S'-.[véhicule, horloge].	停	véh ’tseû.		勿走		44		true	自旧档汇入	2026-04-13T01:27:08+08:00
Arrêter	va.	S'-.[véhicule, horloge].	停	ding zu’ ’tsé.		停住者		44		true	自旧档汇入	2026-04-13T01:27:08+08:00
Arrêter	va.	Ni croître ni décroître.	停	véh ’tsang dou’ ’a véh soh ’siao.		勿長大也勿縮小		44		true	自旧档汇入	2026-04-13T01:27:08+08:00
Arrhes	sf.		定金	ding’ deû zié.		定頭錢		44		true	自旧档汇入	2026-04-13T01:27:08+08:00
Arrhes	sf.		定金	èh tsou.		押租		44		true	自旧档汇入	2026-04-13T01:27:08+08:00
Arrhes	sf.	 -d'un loyer.	定金	’ting ’seû.		頂首		44		true	自旧档汇入	2026-04-13T01:27:08+08:00
Arrière	sm.	d'une barque.	在后的	heû’ ’ti deû.		後底頭		44		true	自旧档汇入	2026-04-13T01:27:08+08:00
Arrière	sm.	d'une barque.	在后的	pei’ heû’ deû.		背後頭		44		true	自旧档汇入	2026-04-13T01:27:08+08:00
Arrière	sm.	d'une barque.	在后的	heû’ sao.		後稍	後梢	44	待定	true	自旧档汇入	2026-04-13T01:27:08+08:00
Arrière	sm.	d'une barque.	在后的	zé sao.		船稍	船梢	44		true	自旧档汇入	2026-04-13T01:27:08+08:00
Arrière	sm.	Vent-.	在后的	zen’ fong.		順風		44		true	自旧档汇入	2026-04-13T01:27:08+08:00
Arrière	sm.	En avant et en -.	在后的	zaong’ zié loh heû.		上前落後		44		true	自旧档汇入	2026-04-13T01:27:08+08:00
Arrière	sm.	En avant et en -.	在后的	zié heû’.		前後		44		true	自旧档汇入	2026-04-13T01:27:08+08:00
Arrière	sm.	Se retirer en -.-! Va-t-en!	在后的	zao heû’ t‘ei’.		朝後退		44		true	自旧档汇入	2026-04-13T01:27:08+08:00
Arrière	sm.	Se retirer en -.-! Va-t-en!	在后的	’tseû ba’.		走罷		44		true	自旧档汇入	2026-04-13T01:27:08+08:00
Arriéré	sm.		延迟的	t‘ou k‘ié’ ghieû’ tsang’.		拖欠舊賬		44		true	自旧档汇入	2026-04-13T01:27:08+08:00
Arriéré	sm.	Avoir de l'-.	延迟的	k‘ié gnen ka ke’.		欠人家个		44		true	自旧档汇入	2026-04-13T01:27:08+08:00
Arrière-cour	sf.		后院	heû’ yeu’.		後院		44		true	自旧档汇入	2026-04-13T01:27:08+08:00
Arrière-neveu	sm.		侄孙	zéh sen.		姪孫		44		true	自旧档汇入	2026-04-13T01:27:08+08:00
Arrière-nièce	sf.		侄孙女	zéh sen ’gnu.		姪孫女		44		true	自旧档汇入	2026-04-13T01:27:08+08:00
Arrière-nièce	sf.	Les -s.	侄孙女	’tse sen.		子孫		44		true	自旧档汇入	2026-04-13T01:27:08+08:00
Arrière-nièce	sf.	Les -s.	侄孙女	heû’ dai’.		後代		44		true	自旧档汇入	2026-04-13T01:27:08+08:00
Arrière-pensée	sf.		私下的盘算	’k‘eû ze’ sin fi.		口是心非		44		true	自旧档汇入	2026-04-13T01:27:08+08:00
Arrière-petit-fils	sm.		曾孙	tseng sen ’tse.		曾孫子		44		true	自旧档汇入	2026-04-13T01:27:08+08:00
Arrière-petite-fille	sf.		曾孙女	tseng sen ’gnu.		曾孫女		44		true	自旧档汇入	2026-04-13T01:27:08+08:00
Arriérer	vr.	(S').Laisser pqsser l'époque fixée.	延期	ts‘ouo ngou’ gnéh ghi.		差誤日期		44		true	自旧档汇入	2026-04-13T01:27:08+08:00
Arriérer	vr.	(S').Laisser pqsser l'époque fixée.	延期	long’ ts‘ouo gnéh ghi(’tse).		弄差日期（子）		44		true	自旧档汇入	2026-04-13T01:27:08+08:00
Arrière-saison	sf.		晚秋	ki ts‘ieû.	ki’ ts‘ieû.	季秋		44		true	自旧档汇入	2026-04-13T01:27:08+08:00
Arrière-saison	sf.		晚秋	’hao ts‘ieû.		下秋		44		true	自旧档汇入	2026-04-13T01:27:08+08:00
Arrière-saison	sf.		晚秋	ts‘ieû heû’.		秋後		44		true	自旧档汇入	2026-04-13T01:27:08+08:00
Arrimer	va.	va.	装载	tsaong tsai’.		裝載		44		true	自旧档汇入	2026-04-13T01:27:08+08:00
Arriver	vn.	vn.Parvenir à.	到达	tao’.		到		44		true	自旧档汇入	2026-04-13T01:27:08+08:00
Arriver	vn.	 -à temps.	到达	’keu zaong’ k‘i’.		趕上去		44		true	自旧档汇入	2026-04-13T01:27:08+08:00
Arriver	vn.	 -à temps.	到达	lai teh ghih.		來得及		44		true	自旧档汇入	2026-04-13T01:27:08+08:00
Arriver	vn.	Obtenir.	达到	teh.		得		44		true	自旧档汇入	2026-04-13T01:27:08+08:00
Arriver	vn.	Obtenir.	达到	teh i’.		得意		44		true	自旧档汇入	2026-04-13T01:27:08+08:00
Arriver	vn.	N'-pas à le voir.	发生	véh neng’ ke’ kié’ i.	véh neng ke’ kié’ i.	勿能个見伊		44		true	自旧档汇入	2026-04-13T01:27:08+08:00
Arriver	vn.	Survenir:s'il arrive que.	发生	bang’ zah.		碰着		44		true	自旧档汇入	2026-04-13T01:27:08+08:00
Arriver	vn.	Survenir:s'il arrive que.	发生	gnu’ zah.		遇着		44		true	自旧档汇入	2026-04-13T01:27:08+08:00
Arrogance	sf.		傲慢	kiao ngao’.		驕傲		44		true	自旧档汇入	2026-04-13T01:27:08+08:00
Arrogance	sf.		傲慢	mé sen ngao’ k‘i’.	’mé sen ngao’ k‘i’.	滿身傲氣		44		true	自旧档汇入	2026-04-13T01:27:08+08:00
Arrogance	sf.	Montrer de l'-.	傲慢	tsou hiong se.	tsou’ hiong se’.	做凶勢		44		true	自旧档汇入	2026-04-13T01:27:08+08:00
Arrogance	sf.	Montrer de l'-.	傲慢	baong zah wou zen.		旁若無人		44		true	自旧档汇入	2026-04-13T01:27:08+08:00
Arrogance	sf.	Montrer de l'-.	傲慢	moh tsong wou zen.		目中無人		44		true	自旧档汇入	2026-04-13T01:27:08+08:00
Arrogant	adj.		傲慢的	’ngè tsing kao lai.		眼睛高來		44		true	自旧档汇入	2026-04-13T01:27:08+08:00
Arroger	vpr.	(S')	擅取	tsié yeuh.	tsié’ yeuh.	僭越		44		true	自旧档汇入	2026-04-13T01:27:08+08:00
Arrondi	pp.		圆形的	yeu ke’.		圓个		44		true	自旧档汇入	2026-04-13T01:27:08+08:00
Arrondi	pp.		圆形的	yeû ’tié yeu ke’	’yeû ’tié yeu ke’	有點圓个		44		true	自旧档汇入	2026-04-13T01:27:08+08:00
Arrondissement	sm.		区	yeu’.		縣		45		true	自旧档汇入	2026-04-13T01:27:08+08:00
Arrondissement	sm.		区	tseû 		州		45	原注有[de 2d ordre]	true	自旧档汇入	2026-04-13T01:27:08+08:00
Arroser	va.	va.Asperger.	浇	kiao ’se.		澆水		45		true	自旧档汇入	2026-04-13T01:27:08+08:00
Arroser	va.	va.Asperger.	浇	’sa ’se.		洒水		45	保留簡體	true	自旧档汇入	2026-04-13T01:27:08+08:00
Arroser	va.	 - en pulvérisant.- à la noria.	浇	p‘en ’se.		噴水		45		true	自旧档汇入	2026-04-13T01:27:08+08:00
Arroser	va.	 - en pulvérisant.- à la noria.	浇	ts‘ouo ’se.		車水		45		true	自旧档汇入	2026-04-13T01:27:08+08:00
Arrosoir	sm.		喷水壶	kiao ’se ’dong.		澆水桶		45		true	自旧档汇入	2026-04-13T01:27:08+08:00
Arrosoir	sm.	Pomme d'-.	喷水壶	lié bong deû.		蓮蓬頭		45		true	自旧档汇入	2026-04-13T01:27:08+08:00
Arsenal	sm.	militaire.	武器库	tse’ ’zao ghiôh.		製造局		45	待定 造聲調	true	自旧档汇入	2026-04-13T01:27:08+08:00
Arsenal	sm.	militaire.	武器库	kiun k‘i’ ’ts‘ang.		軍器廠		45		true	自旧档汇入	2026-04-13T01:27:08+08:00
Arsenal	sm.	 - maritime.	海军兵工厂	zé’ ’ts‘ang.	zé ’ts‘ang.	船廠		45		true	自旧档汇入	2026-04-13T01:27:08+08:00
Arsenal	sm.	 - maritime.	兵工厂	t‘ih ’ts‘ang.		鐵廠		45		true	自旧档汇入	2026-04-13T01:27:08+08:00
Arsenic	sm.	blanc(qcide arsénieux).	砒霜	p‘i zah.		砒石		45		true	自旧档汇入	2026-04-13T01:27:08+08:00
Arsenic	sm.	blanc(qcide arsénieux).	砒霜	p‘i saong.		砒霜		45		true	自旧档汇入	2026-04-13T01:27:08+08:00
Art	sm.	Les 6 -s libéraux:	技艺	lôh gni’		六藝		45		true	自旧档汇入	2026-04-13T01:27:08+08:00
Art	sm.	Rites.	技艺	’li		禮		45		true	自旧档汇入	2026-04-13T01:27:08+08:00
Art	sm.	Musiq.	技艺	yah		樂		45		true	自旧档汇入	2026-04-13T01:27:08+08:00
Art	sm.	Tir à l'arc,	技艺	zé	zé’	射		45		true	自旧档汇入	2026-04-13T01:27:08+08:00
Art	sm.	Chars.	技艺	gnu’		禦		45		true	自旧档汇入	2026-04-13T01:27:08+08:00
Art	sm.	Ecrit.	技艺	su		書		45		true	自旧档汇入	2026-04-13T01:27:08+08:00
Art	sm.	Calcul.	技艺	sou’		數		45		true	自旧档汇入	2026-04-13T01:27:08+08:00
Art	sm.	Selon les règles de l'-.	技艺	tsao’ koei ’kiu.		照規矩		45		true	自旧档汇入	2026-04-13T01:27:08+08:00
Art	sm.	 - mécanique.	技艺	’seû gni’.		手藝		45		true	自旧档汇入	2026-04-13T01:27:08+08:00
Art	sm.	Habileté.	技艺	’pen ze’.		本事		45		true	自旧档汇入	2026-04-13T01:27:08+08:00
Art	sm.	Habileté.	技艺	’h‘ao ’seû kiah		好手脚		45		true	自旧档汇入	2026-04-13T01:27:08+08:00
Artère	sf.		动脉	hieuh mah.		血脉		45		true	自旧档汇入	2026-04-13T01:27:08+08:00
Artichaut	sm.		洋百合	pah yéh ts‘ai’.		百葉菜		45		true	自旧档汇入	2026-04-13T01:27:08+08:00
Article	sm.	Division d'un chapitre.	条文	ih tsih.		一節		45		true	自旧档汇入	2026-04-13T01:27:08+08:00
Article	sm.	Division d'un chapitre.	条文	ih diao.		一條		45		true	自旧档汇入	2026-04-13T01:27:08+08:00
Article	sm.	Division d'un chapitre.	条文	ih ghié’.		一件		45		true	自旧档汇入	2026-04-13T01:27:08+08:00
Article	sm.	Division d'un chapitre.	条文	ih yang’.		一樣		45		true	自旧档汇入	2026-04-13T01:27:08+08:00
Article	sm.	Objet.	物品	ih ghié’ méh ze’.		一件物事		45		true	自旧档汇入	2026-04-13T01:27:08+08:00
Article	sm.	Chaque - est bien.	物品	yang’ yang’ (ghié’ ghié’) zi ze’ ’h‘ao ke’.		樣樣（件件）齊是好个		45		true	自旧档汇入	2026-04-13T01:27:08+08:00
Article	sm.	Marchandises.	物品	fou’.		貨		45		true	自旧档汇入	2026-04-13T01:27:08+08:00
Article	sm.	 - de Pékin.	物品	kieng fou’.		京貨		45		true	自旧档汇入	2026-04-13T01:27:08+08:00
Article	sm.	 - de Canton.	物品	koang fou’.	’koang fou’.	廣貨		45		true	自旧档汇入	2026-04-13T01:27:08+08:00
Article	sm.	 - de Canton.	物品	né fou.	né fou’.	南貨		45		true	自旧档汇入	2026-04-13T01:27:08+08:00
Article	sm.	Article de foi (C.)	条文	ih teu sin’ teh dao’ ’li.		一端信德道理		45		true	自旧档汇入	2026-04-13T01:27:08+08:00
Articulation	sf.	des os. 	关节	koéh tsih.		骨節		45		true	自旧档汇入	2026-04-13T01:27:08+08:00
Articulation	sf.	Pronociation.	发音	’k‘eû yen.		口音		45		true	自旧档汇入	2026-04-13T01:27:08+08:00
Articuler	va.	(Il faut bien).	发音	’k‘eû yen yao’ ts‘ing ’saong.		口音要清爽		45		true	自旧档汇入	2026-04-13T01:27:08+08:00
Articuler	va.	Vous articulez mal.	发音	nong’ ke’ ’k‘eû yen véh ts‘ing ’saong.		儂个口音勿清爽		45		true	自旧档汇入	2026-04-13T01:27:08+08:00
Artifice	sm. 	Procédé ingénieux.	技巧	ki’ tsah.	ki’ ts‘ah.	計策		45		true	自旧档汇入	2026-04-13T01:27:08+08:00
Artifice	sm. 	Procédé ingénieux.	技巧	miao ki’.	miao’ ki’.	妙計		45		true	自旧档汇入	2026-04-13T01:27:08+08:00
Artifice	sm. 	Ruse. Machination.	诡计	kiè ki.		奸計		45		true	自旧档汇入	2026-04-13T01:27:08+08:00
Artifice	sm. 	Par toute sorte d'-…	妙法	ts‘ié faong pah ki’.		千方百計		45		true	自旧档汇入	2026-04-13T01:27:08+08:00
Artifice	sm. 	Tirer unfeu d'-.	火	faong’ yé ’h‘ou.		放烟火		45		true	自旧档汇入	2026-04-13T01:27:08+08:00
Artifice	sm. 	Tirer unfeu d'-.	火	faong’ ’h‘ouo dong’.	faong’ h‘ouo dong.	放花筒		45	待定	true	自旧档汇入	2026-04-13T01:27:08+08:00
Artificiel	adj.	adj.Fleur-le.	假装的	tsou’ ke’.		做个		45		true	自旧档汇入	2026-04-13T01:27:08+08:00
Artificiel	adj.	adj.Fleur-le.	假装的	’ka ke’.		假个		45		true	自旧档汇入	2026-04-13T01:27:08+08:00
Artificiel	adj.	adj.Fleur-le.	假装的	’ka h‘ouo.		假花		45		true	自旧档汇入	2026-04-13T01:27:08+08:00
Artificier	sm.		放烟火的人	faong’ yé ’h‘ou ke’.		放烟火个		45		true	自旧档汇入	2026-04-13T01:27:08+08:00
Artificier	sm.		烟火制造者	’tsou yé ’h‘ou ke’.		做烟火个		45		true	自旧档汇入	2026-04-13T01:27:08+08:00
Artificieux	adj.		狡猾的	kiè tsoh.		奸詐		46	待定	true	自旧档汇入	2026-04-13T01:27:08+08:00
Artificieux	adj.		狡猾的	tiao wèh.		刁滑		46		true	自旧档汇入	2026-04-13T01:27:08+08:00
Artillerie	sf.		炮	ts‘iang p‘ao’.		槍炮		46		true	自旧档汇入	2026-04-13T01:27:08+08:00
Artilleur	sm.		炮兵	p‘ao ’seû.	p‘ao’ ’seû.	炮手		46		true	自旧档汇入	2026-04-13T01:27:08+08:00
Artimon	sm.	Mât d'-.	后桅帆	sao ziang.		梢檣		46		true	自旧档汇入	2026-04-13T01:27:08+08:00
Artisan	sm.		工匠	kong ziang’.		工匠		46		true	自旧档汇入	2026-04-13T01:27:08+08:00
Artisan	sm.		工匠	ziang’ gnen.		匠人		46		true	自旧档汇入	2026-04-13T01:27:08+08:00
Artisan	sm.		手工业者	tsou’ ’seû gni’ ke’.		做手藝个		46		true	自旧档汇入	2026-04-13T01:27:08+08:00
Artiste	sm.		艺匠	ming ka.		名家		46		true	自旧档汇入	2026-04-13T01:27:08+08:00
Artiste	sm.		艺匠	’k‘iao ziang’.		巧匠		46		true	自旧档汇入	2026-04-13T01:27:08+08:00
Artiste	sm.		有美感的	ling ’k‘iao.		玲巧		46		true	自旧档汇入	2026-04-13T01:27:08+08:00
Aruspice	sm.		肠卜僧	tsé’ pôh ke’.		占卜个		46	待定 占聲調	true	自旧档汇入	2026-04-13T01:27:08+08:00
Aruspice	sm.		肠卜僧	’k‘i k‘ou ke’.	’k‘i k‘ou’ ke’.	起課个		46		true	自旧档汇入	2026-04-13T01:27:08+08:00
As	sm.		幺	yao.		幺		46		true	自旧档汇入	2026-04-13T01:27:08+08:00
Ascendant	sm.		直系尊亲属 	se’ mah.		勢脉		46		true	自旧档汇入	2026-04-13T01:27:08+08:00
Ascendant	sm.	Vous avez de l'-sur lui.	巨大影响	i sin’ woh nong’.		伊信服儂		46		true	自旧档汇入	2026-04-13T01:27:08+08:00
Ascendants	sm.pl.	(Parents).	直系尊亲属	zié pei’ ’li.		前輩裏		46		true	自旧档汇入	2026-04-13T01:27:08+08:00
Ascendants	sm.pl.	(Parents).	直系尊亲属	’lao pei’ ’li.		老輩裏		46		true	自旧档汇入	2026-04-13T01:27:08+08:00
Ascendants	sm.pl.	(Parents).	直系尊亲属	’tsou laong.	’tsou laong’.	祖上		46		true	自旧档汇入	2026-04-13T01:27:08+08:00
Ascension	sf.	de N.S.	耶稣升天	Ya-sou sen t‘ié.	Ya-sou seng t‘ié.	耶穌升天		46	待定	true	自旧档汇入	2026-04-13T01:27:08+08:00
Ascète	sm.	Vivre en -.	苦行者	sieû ze’.		修士		46		true	自旧档汇入	2026-04-13T01:27:08+08:00
Ascète	sm.	Vivre en -.	苦行者	sieû dao’ gnen.		修道人		46		true	自旧档汇入	2026-04-13T01:27:08+08:00
Ascète	sm.	Vivre en -.	苦行者	sieû lié’.		修煉		46		true	自旧档汇入	2026-04-13T01:27:08+08:00
Ascétique	adj.	(Doctrine).	苦行(主义)的	sieû teh yeng ke’ dao’ ’li.	sieû teh yeng’ ke’ dao’ ’li.	修德行个道理		46		true	自旧档汇入	2026-04-13T01:27:08+08:00
Asie	sf.		亚洲	ya-si-ya.	’ya-si-’ya.	亞西亞		46		true	自旧档汇入	2026-04-13T01:27:08+08:00
Asile	sm.	Domicile.	住所	zu’ zah.		住宅		46		true	自旧档汇入	2026-04-13T01:27:08+08:00
Asile	sm.	 - pour les viellards.	养老院	’lao gnen daong.		老人堂		46		true	自旧档汇入	2026-04-13T01:27:08+08:00
Asile	sm.	 - pour les viellards.	养老院	eu lao yeu’.	eu ’lao yeu’.	安老院		46		true	自旧档汇入	2026-04-13T01:27:08+08:00
Asile	sm.	 - pour les viellards.	养老院	kou ’lao yeu’.		孤老院		46		true	自旧档汇入	2026-04-13T01:27:08+08:00
Asile	sm.	 - pour les pauvres.	收容所	’p‘ou tsi’ daong.		普濟堂		46		true	自旧档汇入	2026-04-13T01:27:08+08:00
Asile	sm.	 - pour les orphelins.	收容所	yôh yeng daong.		育嬰堂		46		true	自旧档汇入	2026-04-13T01:27:08+08:00
Asile	sm.	Ne pas trouver d'-.	避难所	dao nè ke’ ’wou ’daong.		逃難个户蕩		46		true	自旧档汇入	2026-04-13T01:27:08+08:00
Asile	sm.	Ne pas trouver d'-.	避难所	m dao ts‘u’.		無逃處	嘸逃處	46		true	自旧档汇入	2026-04-13T01:27:08+08:00
Aspect	sm.	Forme.	外观	yeng zaong’.		形狀		46		true	自旧档汇入	2026-04-13T01:27:08+08:00
Aspect	sm.	Forme.	外观	yeng ziang’.		形像		46		true	自旧档汇入	2026-04-13T01:27:08+08:00
Aspect	sm.	Air du visage.	面貌	mié’ mao’.		面貌		46		true	自旧档汇入	2026-04-13T01:27:08+08:00
Aspect	sm.	Air du visage.	面貌	mié’ yong.		面容		46		true	自旧档汇入	2026-04-13T01:27:08+08:00
Aspect	sm.	Vue:à son -.	面貌	ih kié’ i.		一見伊		46		true	自旧档汇入	2026-04-13T01:27:08+08:00
Asperge	sf.		芦笋	long su ts‘ai’.		龍鬚菜		46		true	自旧档汇入	2026-04-13T01:27:08+08:00
Asperger	va.	d'eau bénite	洒圣水	’sa seng’ ’se.		洒聖水		46		true	自旧档汇入	2026-04-13T01:27:08+08:00
Aspérité	sf.	Qvoir des -s.	凹凸不平	véh bing.		勿平		46		true	自旧档汇入	2026-04-13T01:27:08+08:00
Aspérité	sf.	Qvoir des -s.	粗糙	’yeû wen lou’.		有紋路		46		true	自旧档汇入	2026-04-13T01:27:08+08:00
Aspersoir	sm.		洒圣水器	seng’ ’se ’tseû.		聖水帚		46		true	自旧档汇入	2026-04-13T01:27:08+08:00
Asphalte	sm.		沥青	lih ts‘ing.		瀝清		46		true	自旧档汇入	2026-04-13T01:27:08+08:00
Asphaltique	adj.	Lac -.	含沥青的	lih ts‘ing ke’.		瀝清个		46		true	自旧档汇入	2026-04-13T01:27:08+08:00
Asphaltique	adj.	Lac -.	含沥青的	’si ’h‘ai.		死海		46		true	自旧档汇入	2026-04-13T01:27:08+08:00
Asphyxié	adj.	Mort.	窒息的	’maong k‘i’.		惘氣		46	待定	true	自旧档汇入	2026-04-13T01:27:08+08:00
Asphyxié	adj.	Mort.	窒息的	dè kieuh.		痰厥		46		true	自旧档汇入	2026-04-13T01:27:08+08:00
Aspic	sm.		蝰蛇	ts‘ih ts‘en’ zouo.		七寸蛇		46		true	自旧档汇入	2026-04-13T01:27:08+08:00
Aspirant	sm.	aux charges.	渴望者 [指向往某一位置、职业或头衔的人]	heû’ ’pou.		候補		46		true	自旧档汇入	2026-04-13T01:27:08+08:00
Aspirant	sm.	 -au baccalauréat.	渴望者 [指向往某一位置、职业或头衔的人]	dong sang.		童生		46		true	自旧档汇入	2026-04-13T01:27:08+08:00
Aspiration	sf.		向往	sin i’.		心意		47		true	自旧档汇入	2026-04-13T01:27:08+08:00
Aspiration	sf.		向往	’siang deû.		想頭		47		true	自旧档汇入	2026-04-13T01:27:08+08:00
Aspirer	vn.	l'air.	吸气	t‘eû’ k‘i’.		透氣		47		true	自旧档汇入	2026-04-13T01:27:08+08:00
Aspirer	vn.	l'air.	吸气	hou hiéh.	h‘ou hiéh.	呼吸		47		true	自旧档汇入	2026-04-13T01:27:08+08:00
Aspirer	vn.	 -à qqch.	向往	t‘é.		貪		47		true	自旧档汇入	2026-04-13T01:27:08+08:00
Assa-foetida	sf.		阿萨-福蒂达	ah wei	ah wei’	阿魏		47		true	自旧档汇入	2026-04-13T01:27:08+08:00
Assaillir	va.		猛攻	kong tang.	kong ’tang.	攻打		47		true	自旧档汇入	2026-04-13T01:27:08+08:00
Assaillir	va.		猛攻	ts‘ong ts‘éh lai.		衝出來		47		true	自旧档汇入	2026-04-13T01:27:08+08:00
Assaillir	va.		猛攻	ts‘ong ’tao(tao’).		衝倒（到）		47		true	自旧档汇入	2026-04-13T01:27:08+08:00
Assainir	va.		使清洁	ts‘éh ts‘eû’ k‘i’.		出臭氣		47		true	自旧档汇入	2026-04-13T01:27:08+08:00
Assaisonné	pp.		调味	wou tse hiang liao’.		和之香料		47		true	自旧档汇入	2026-04-13T01:27:08+08:00
Assaisonné	pp.	Vois si c'est bien-.	调味	zang hè dè’.		嘗鹹淡		47		true	自旧档汇入	2026-04-13T01:27:08+08:00
Assaisonnement	sm.		调味	hiang liao’.		香料		47		true	自旧档汇入	2026-04-13T01:27:08+08:00
Assaisonnement	sm.		调味	o liao’.		掗料		47	待定	true	自旧档汇入	2026-04-13T01:27:08+08:00
Assaisonnement	sm.	Viande sans -.	调味	bah sao gnôh.		白燒肉		47		true	自旧档汇入	2026-04-13T01:27:08+08:00
Assaisonner	va.		调味	yong’ o leao’.		用挜料		47		true	自旧档汇入	2026-04-13T01:27:08+08:00
Assaisonner	va.		调味	yong’ kiao deû.	yong’ kao’ deû.	用酵頭		47	待定	true	自旧档汇入	2026-04-13T01:27:08+08:00
Assassin	sm.		杀人犯	ts‘e’ k‘ah.		刺客		47		true	自旧档汇入	2026-04-13T01:27:08+08:00
Assassin	sm.		杀人犯	hiong ’seû.		凶手		47		true	自旧档汇入	2026-04-13T01:27:08+08:00
Assassinat	sm.		谋杀	sèh gnen ke’ zu’.		殺人个罪		47		true	自旧档汇入	2026-04-13T01:27:08+08:00
Assassiner	va.		谋杀	sèh gnen.		殺人		47		true	自旧档汇入	2026-04-13T01:27:08+08:00
Assaut	sm.	Monter à l'-.	冲击	ts‘ong.		衝		47		true	自旧档汇入	2026-04-13T01:27:08+08:00
Assaut	sm.	Monter à l'-.	攻击	kong ’tang zeng deû.		攻打城頭		47		true	自旧档汇入	2026-04-13T01:27:08+08:00
Assemblée	sf.		集会	wei’.		會		47		true	自旧档汇入	2026-04-13T01:27:08+08:00
Assembler	va.		集合	zu’ wei’.		聚會		47		true	自旧档汇入	2026-04-13T01:27:08+08:00
Assembler	va.		集合	zu’ zih ’long lai.		聚集攏來		47		true	自旧档汇入	2026-04-13T01:27:08+08:00
Assentiment	sm.		同意	yun ’hiu.		允許		47		true	自旧档汇入	2026-04-13T01:27:08+08:00
Assentiment	sm.		同意	’tié deû.		點頭		47		true	自旧档汇入	2026-04-13T01:27:08+08:00
Assentiment	sm.	Donner son -.	同意	téh yeng’.		答應		47		true	自旧档汇入	2026-04-13T01:27:08+08:00
Asseoir	vr.	(S').Veuil-	使坐	zou’.		坐		47		true	自旧档汇入	2026-04-13T01:27:08+08:00
Asseoir	vr.	(S').Veuil-	使坐	zou’ ’la.		坐拉		47		true	自旧档汇入	2026-04-13T01:27:08+08:00
Asseoir	vr.	lez vous - plus haut.	使坐	’ts‘ing zaong’ zou’.		請上坐		47		true	自旧档汇入	2026-04-13T01:27:08+08:00
Asservi	pp.		伺服的	taong nou zai.		當奴才		47		true	自旧档汇入	2026-04-13T01:27:08+08:00
Assesseur	sm.		陪审官	’tsou daong.		左堂		47		true	自旧档汇入	2026-04-13T01:27:08+08:00
Assesseur	sm.		陪审官	fou’ daong.		副堂		47		true	自旧档汇入	2026-04-13T01:27:08+08:00
Assez	adv.	 -!-!	足够	keû’ ’tsé. 		彀者		47		true	自旧档汇入	2026-04-13T01:27:08+08:00
Assez	adv.	 -!-!	足够	’yeû ’tsé.		有者		47		true	自旧档汇入	2026-04-13T01:27:08+08:00
Assez	adv.	 -!-!	足够	keû ze’ ’tsé..	keû’ ze’ ’tsé..	彀是者		47	括号中的字为	true	自旧档汇入	2026-04-13T01:27:08+08:00
Assez	adv.		非常	’h‘ao ’tsé.		好者		47		true	自旧档汇入	2026-04-13T01:27:08+08:00
Assidu	adj.		殷勤的	yn ghien.		殷勤		47	待定	true	自旧档汇入	2026-04-13T01:27:08+08:00
Assidu	adj.		勤勉的	heng sin.		恒心		47		true	自旧档汇入	2026-04-13T01:27:08+08:00
Assidûment	adv.		持续不断地	zang zang.		常常		47		true	自旧档汇入	2026-04-13T01:27:08+08:00
Assiéger	va.		包围	wei zu’.		圍住		47		true	自旧档汇入	2026-04-13T01:27:08+08:00
Assiéger	va.		包围	wei lao.		圍牢		47		true	自旧档汇入	2026-04-13T01:27:08+08:00
Assiéger	va.		包围	wei k‘oen’.		圍困		47		true	自旧档汇入	2026-04-13T01:27:08+08:00
Assiette	sf.	(grande).	盆	ben ’tse.		盆子		47		true	自旧档汇入	2026-04-13T01:27:08+08:00
Assiette	sf.	(grande).	盆	ts‘en’ ben.		襯盆		47		true	自旧档汇入	2026-04-13T01:27:08+08:00
Assiette	sf.	Petite -.	盆	diéh ’tse.		碟子		47		true	自旧档汇入	2026-04-13T01:27:08+08:00
Assiettée	sf. 	sf. Une - de viande.	盆	ih ben ’tse gnôh.		一盆子肉		47		true	自旧档汇入	2026-04-13T01:27:08+08:00
Assignation	sf. .	sf. Une - de viande.	传唤	p‘iao’ ’tse.		票子		47		true	自旧档汇入	2026-04-13T01:27:08+08:00
Assigner	va.	devant le 	传唤	kiao’ i zaong’ daong.		叫伊上堂		47		true	自旧档汇入	2026-04-13T01:27:08+08:00
Assigner	va.	mandarin.va.	传唤	zé tao’ daong.		傳到堂		47		true	自旧档汇入	2026-04-13T01:27:08+08:00
Assigner	va.	 - un jour.	指定	yah ding’ gnéh ’tse.		約定日子		47		true	自旧档汇入	2026-04-13T01:27:08+08:00
Assigner	va.	 - les tours de rôle.	指定	fen p‘a’.		分派		47		true	自旧档汇入	2026-04-13T01:27:08+08:00
Assigner	va.	 - les tours de rôle.	指定	p‘a’ pè.		派班		47		true	自旧档汇入	2026-04-13T01:27:08+08:00
Assimiler	va.	Comparer.	进行比较	’pi ih ’pi.		比一比		47		true	自旧档汇入	2026-04-13T01:27:08+08:00
Assimiler	va.	n'être pas encore bien assimilé une leçon.	同化	di’ ke’ su wè sang.		第个書還生		48		true	自旧档汇入	2026-04-13T01:27:08+08:00
Assis	pp.	 -sur ses	坐着的	zou’ ’la.		坐拉		48		true	自旧档汇入	2026-04-13T01:27:08+08:00
Assis	pp.	 -sur ses	坐着的	zou’ ’la kiah ken laong’.		坐拉脚跟上		48		true	自旧档汇入	2026-04-13T01:27:08+08:00
Assis	pp.	talons.-(tailleurs).	坐着的	bé sen zou’.		盤身坐		48		true	自旧档汇入	2026-04-13T01:27:08+08:00
Assis	pp.	N'avoir de repos ni - ni couché	坐着的	zou’ ngou’ péh eu.		坐卧不安		48		true	自旧档汇入	2026-04-13T01:27:08+08:00
Assise	sf.		地层	ih zeng.		一層		48		true	自旧档汇入	2026-04-13T01:27:08+08:00
Assise	sf.		地层	ih hang.	ih haong	一行		48		true	自旧档汇入	2026-04-13T01:27:08+08:00
Assise	sf.	Disposé par -s.	地层	ih zeng ih zeng ke’.		一層一層个		48		true	自旧档汇入	2026-04-13T01:27:08+08:00
Assise	sf.	Les -s d'automne.	地层	ts‘ieû ’sen.		秋審		48		true	自旧档汇入	2026-04-13T01:27:08+08:00
Assistance	sf.	(Obtenir).sf.	救济	’ling(k‘ieh) tsen’ tsi’.		領（吃）賑濟		48		true	自旧档汇入	2026-04-13T01:27:08+08:00
Assistant	sm.	(présent).	参加者	baong pié gnen.		傍邊人		48		true	自旧档汇入	2026-04-13T01:27:08+08:00
Assistant	sm.	Aide -. - suppléant.	助手	fou’ gni’.		副贰		48		true	自旧档汇入	2026-04-13T01:27:08+08:00
Assistant	sm.	Aide -. - suppléant.	助手	bei gni’.		陪贰		48		true	自旧档汇入	2026-04-13T01:27:08+08:00
Assister	va.	Secourir.	帮助	wou zou’.		扶助		48		true	自旧档汇入	2026-04-13T01:27:08+08:00
Assister	va.	Accompagner.	帮助	ken zu.		跟隨		48		true	自旧档汇入	2026-04-13T01:27:08+08:00
Assister	vn.	Ëtre présent.	列席	zai’.		在		48		true	自旧档汇入	2026-04-13T01:27:08+08:00
Assister	vn.	Ëtre présent.	列席	léh ’la.		垃拉		48		true	自旧档汇入	2026-04-13T01:27:08+08:00
Assister	vn.	Ëtre présent.	列席	siang bei’.		相倍		48		true	自旧档汇入	2026-04-13T01:27:08+08:00
Assister	vn.	 - à lq messe(C.)	列席	maong’ mi sèh.		望彌撒		48	有時有標點符號-	true	自旧档汇入	2026-04-13T01:27:08+08:00
Association	sf.		协会	wei’.		會		48		true	自旧档汇入	2026-04-13T01:27:08+08:00
Associé	sm.	(présent).	合伙人	wei’ ’yeû.		會友		48		true	自旧档汇入	2026-04-13T01:27:08+08:00
Associé	sm.	 - pour le commerce.	合伙人	’fou ki’.		夥計		48		true	自旧档汇入	2026-04-13T01:27:08+08:00
Associer	vpr.	(S')pr le,,.	结合	tèh ’fou ki’.		搭夥計		48		true	自旧档汇入	2026-04-13T01:27:08+08:00
Associer	vpr.	(S')pr le,,.	结合	kéh ’fou.		合夥		48		true	自旧档汇入	2026-04-13T01:27:08+08:00
Associer	vpr.	(S')pr le,,.	联合	kéh tsou’ sang i’.		合做生意		48		true	自旧档汇入	2026-04-13T01:27:08+08:00
Assommant	adj.		令人厌烦的	lou sou.		囉唆		48		true	自旧档汇入	2026-04-13T01:27:08+08:00
Assommant	adj.		令人厌烦的	’eû ’k‘i ke’ gnen.	’eû k‘i’ ke’ gnen.	嘔氣个人		48		true	自旧档汇入	2026-04-13T01:27:08+08:00
Assommer	va.	va.Tuer.	打死	’tang sèh.		打殺		48		true	自旧档汇入	2026-04-13T01:27:08+08:00
Assommer	va.	Rouer de coups.	打死	’tang lè’.		打爛		48		true	自旧档汇入	2026-04-13T01:27:08+08:00
Assommer	va.	Importuner.	使消沉	lou sou.		囉唆		48		true	自旧档汇入	2026-04-13T01:27:08+08:00
Assommer	va.	Importuner.	使消沉	’eû k‘i.		嘔氣		48		true	自旧档汇入	2026-04-13T01:27:08+08:00
Assommer	va.	Importuner.	使消沉	t‘ao’ yé’	’t‘ao yé’	討厭		48		true	自旧档汇入	2026-04-13T01:27:08+08:00
Assomption	sf.	(C.)	圣母升天	seng’ mou’ seng t‘ié.	seng’ ’mou seng t‘ié.	聖母升天		48		true	自旧档汇入	2026-04-13T01:27:08+08:00
Assorti	pp.	Proportionné.	相配的	siang tei’.		相對		48		true	自旧档汇入	2026-04-13T01:27:08+08:00
Assorti	pp.	Proportionné.	相配的	p‘ei’ tei’.		配對		48		true	自旧档汇入	2026-04-13T01:27:08+08:00
Assorti	pp.	Alliance bien-e.	相配的	men taong ’wou tei’.		門當户對		48	待定	true	自旧档汇入	2026-04-13T01:27:08+08:00
Assortiment	sm.	(présent).	整套	ih t‘ao’.		一套		48		true	自旧档汇入	2026-04-13T01:27:08+08:00
Assortiment	sm.	 - d'ustensiles.	整套	ih t‘ao’ ka ’hou(sang)	ih t‘ao’ ka ’h‘ou(sang)	一套傢伙（生）		48		true	自旧档汇入	2026-04-13T01:27:08+08:00
Assortir	vq.	les couleurs.	使配合	p‘ei’ ngè seh.		配顔色		48		true	自旧档汇入	2026-04-13T01:27:08+08:00
Assortir	vr.	S'-.	使配合	p‘ei’ tei’.		配對		48		true	自旧档汇入	2026-04-13T01:27:08+08:00
Assoupi	pp.		半睡的	pé’ k‘oen pé’ ’sing.	pé’ k‘oen’ pé’ ’sing.	半睏半醒		48		true	自旧档汇入	2026-04-13T01:27:08+08:00
Assoupir	vr.	(S').	使半睡	’tang k‘éh ts‘ong’.		打瞌㧤	打瞌？	48		true	自旧档汇入	2026-04-13T01:27:08+08:00
Assoupli	pp.		柔软	’gneu wou ’tsé.		軟和者		48		true	自旧档汇入	2026-04-13T01:27:08+08:00
Assourdir	va.		震聋	tsen’ ’gni ’tou ’koé.		震耳朵管		48		true	自旧档汇入	2026-04-13T01:27:08+08:00
Assouvir	va.	 -sa soif.	饱食	’ka t‘éh.		解脱		48		true	自旧档汇入	2026-04-13T01:27:08+08:00
Assouvir	va.	 -sa soif.	使满足	’ka k‘euh.		解渴		48		true	自旧档汇入	2026-04-13T01:27:08+08:00
Assouvir	va.	Si je ne le tue, ma haine ne sera pas assouvie.	使满意	’ngou véh sèh i.		我勿殺伊		48		true	自旧档汇入	2026-04-13T01:27:08+08:00
Assouvir	va.	Si je ne le tue, ma haine ne sera pas assouvie.	使满意	siao véh loh ’ngou ke’ k‘i’.		消勿落我个氣		48		true	自旧档汇入	2026-04-13T01:27:08+08:00
Assujettir	va.		强迫	’mié ’k‘iang.		勉强		49		true	自旧档汇入	2026-04-13T01:27:08+08:00
Assujettir	va.		强迫	èh woh.		厭服		49		true	自旧档汇入	2026-04-13T01:27:08+08:00
Assujettissant	adj.		艰苦的	fi’ ze’ ke’ ze’ ’t‘i.		費事个事體		49		true	自旧档汇入	2026-04-13T01:27:08+08:00
Assujettissant	adj.		艰苦的	’ting ’pè ke’ kong fou.		頂板个功夫		49		true	自旧档汇入	2026-04-13T01:27:08+08:00
Assujettissant	adj.		艰苦的	’lei gnen ’seû ke’ ze’ ’t‘i.		累人手个事體		49	待定 累聲調	true	自旧档汇入	2026-04-13T01:27:08+08:00
Assumer	va.	la resposabilité.	担当	p‘ah ’pao.		拍保		49		true	自旧档汇入	2026-04-13T01:27:08+08:00
Assumer	va.	la resposabilité.	担当	’la i sen laong’.		拉伊身上		49		true	自旧档汇入	2026-04-13T01:27:08+08:00
Assumer	va.	la resposabilité.	担当	tè taong.		擔當		49		true	自旧档汇入	2026-04-13T01:27:08+08:00
Assurance	sf.	Perdre -.	确信	dou’ ’tè.		大膽		49		true	自旧档汇入	2026-04-13T01:27:08+08:00
Assurance	sf.	Perdre -.	确信	lié laong’ véh teh kieng’.	’lié laong’ véh teh kieng’.	臉上勿得勁		49		true	自旧档汇入	2026-04-13T01:27:08+08:00
Assuré	adj.	Garanti.	肯定的	’t‘ou taong’.		妥當     		49		true	自旧档汇入	2026-04-13T01:27:08+08:00
Assuré	adj.	Garanti.	肯定的	’wen taong’.		穩當       		49		true	自旧档汇入	2026-04-13T01:27:08+08:00
Assuré	adj.	Garanti.	肯定的	’t‘ou t‘ih.		妥貼       		49		true	自旧档汇入	2026-04-13T01:27:08+08:00
Assuré	adj.	Garanti.	肯定的	wo’ ding’.		話定          		49		true	自旧档汇入	2026-04-13T01:27:08+08:00
Assuré	adj.	Certain.	肯定的	ih ding’ ke’.		一定个		49		true	自旧档汇入	2026-04-13T01:27:08+08:00
Assurément	adv.	Oui - .	肯定地	ih ding’.		一定		49		true	自旧档汇入	2026-04-13T01:27:08+08:00
Assurément	adv.	Oui - .	肯定地	ih ’tsen.		一準		49		true	自旧档汇入	2026-04-13T01:27:08+08:00
Assurément	adv.	Oui - .	肯定地	’k‘o ’i véh ze’ ke’ mô?		可以勿是个麽		49		true	自旧档汇入	2026-04-13T01:27:08+08:00
Assurer	va.	Certifier.va.	保证	’pao.		保		49		true	自旧档汇入	2026-04-13T01:27:08+08:00
Assurer	va.	Ne pouvoir -.	保证	’pao véh ding.		保勿定		49		true	自旧档汇入	2026-04-13T01:27:08+08:00
Assurer	va.	Garantir.-une créance.	保证	’pao tsang.	’pao tsang’.	保賬		49		true	自旧档汇入	2026-04-13T01:27:08+08:00
Assurer	va.	S'- de qqn.S'appuyer.	稳定	i k‘ao’.	’i k‘ao’.	倚靠		49		true	自旧档汇入	2026-04-13T01:27:08+08:00
Assurer	va.	S'- contre qqn.	提防	baong bei.	baong bei’.	防備		49		true	自旧档汇入	2026-04-13T01:27:08+08:00
Assurer	va.	S'- de qqch.Vérifier.	提防	zouo ’k‘ao.		查考		49		true	自旧档汇入	2026-04-13T01:27:08+08:00
Assureur	sm.		保人	’pao gnen.		保人		49		true	自旧档汇入	2026-04-13T01:27:08+08:00
Aster	sm.		紫菀 	kiôh h‘ouo.		菊花		49		true	自旧档汇入	2026-04-13T01:27:08+08:00
Asthmatique	adj.	Ëtre - .	哮喘(性)的	t‘ié hao seû.	t‘ié h‘ao’ seû.	天哮嗽		49	待定 聲調。原作“天痚嗽”	true	自旧档汇入	2026-04-13T01:27:08+08:00
Asthme	sm.		哮喘	k‘i’ ’ts‘é(kiéh)		氣喘（急）		49		true	自旧档汇入	2026-04-13T01:27:08+08:00
Astre	sm.		星	ih ke’ sing.		一个星		49		true	自旧档汇入	2026-04-13T01:27:08+08:00
Astreignant	adj.		强迫的	fi’ ze’.		費事		49		true	自旧档汇入	2026-04-13T01:27:08+08:00
Astreignant	adj.		强迫的	sé’ vè.		碎煩		49		true	自旧档汇入	2026-04-13T01:27:08+08:00
Astreindre	va.		强迫	’mié ’k‘iang.		勉强		49		true	自旧档汇入	2026-04-13T01:27:08+08:00
Astringent	adj.		收敛(性)的	’pou ’dou ’tse ke.		補肚子个		49		true	自旧档汇入	2026-04-13T01:27:08+08:00
Astringent	adj.		收敛(性)的	’tse sia’ yah.		止瀉藥		49		true	自旧档汇入	2026-04-13T01:27:08+08:00
Astringent	adj.	Saveur-e.Médecine-e.	收敛(性)的	séh ’tse.		澀嘴		49		true	自旧档汇入	2026-04-13T01:27:08+08:00
Astringent	adj.	Saveur-e.Médecine-e.	收敛(性)的	seû lié’ ke’ yah.		收斂個藥		49		true	自旧档汇入	2026-04-13T01:27:08+08:00
Astrologue	sm.		星相学者	k‘eu sing ziang’ ke’.	k‘eu’ sing ziang’ ke’.	看星象个		49	聲調	true	自旧档汇入	2026-04-13T01:27:08+08:00
Astronome	sm.		天文学家	k‘eu’ t‘ié wen ke’.		看天文个		49		true	自旧档汇入	2026-04-13T01:27:08+08:00
Astronome	sm.		天文学家	t‘ié wen yah ze’.		天文學士		49		true	自旧档汇入	2026-04-13T01:27:08+08:00
Astronomie	sf. 		天文	t‘ié wen.		天文		49		true	自旧档汇入	2026-04-13T01:27:08+08:00
Astronomique		(Tribunal).	天文的	k‘ien t‘ié kè’.		欽天監		49		true	自旧档汇入	2026-04-13T01:27:08+08:00
Astronomique		Carte -.	天文的	t‘ié wen dou.		天文圖		49		true	自旧档汇入	2026-04-13T01:27:08+08:00
Astuce	sf.	sf.	奸诈	kiè wèh.		奸滑		49		true	自旧档汇入	2026-04-13T01:27:08+08:00
Astuce	sf.	sf.	奸诈	kiè tiao.		奸刁		49		true	自旧档汇入	2026-04-13T01:27:08+08:00
Astuce	sf.	sf.	奸诈	tiao bi.		刁皮		49		true	自旧档汇入	2026-04-13T01:27:08+08:00
Astuce	sf.	 - diabolique.	奸诈	mô ’kiu ke ’tiao bi ki ts‘ah.	mô ’kiu ke’ tiao bi ki’ ts‘ah.	魔鬼个刁皮計策		49		true	自旧档汇入	2026-04-13T01:27:08+08:00
Astucieux	adj.		奸诈的	tiao bi ke’.		刁皮个		49		true	自旧档汇入	2026-04-13T01:27:08+08:00
Astucieux	adj.	Paroles astucieuses.	奸诈的	h‘ouo yé ’k‘iao ’gnu.		花言巧語		49		true	自旧档汇入	2026-04-13T01:27:08+08:00
Atelier	sm.		作坊	tsoh zang.		作場		49		true	自旧档汇入	2026-04-13T01:27:08+08:00
Atelier	sm.		作坊	tsoh dai.		作臺		49		true	自旧档汇入	2026-04-13T01:27:08+08:00
Atermoyer	va.		延期偿付	tè koh gnéh ’tse.		耽擱日子		49		true	自旧档汇入	2026-04-13T01:27:08+08:00
Atermoyer	va.		延期偿付	’wé gnéh ghi.		緩日期		49		true	自旧档汇入	2026-04-13T01:27:08+08:00
Athée	sm.		无神论的	véh siang sin’ zao wéh ’tsu.		勿相信造物主		50		true	自旧档汇入	2026-04-13T01:27:08+08:00
Athlète	sm.		运动员	tang ghieu ke’.	’tang ghieu ke'.	打拳个		50		true	自旧档汇入	2026-04-13T01:27:08+08:00
Athlétique	adj.		强健的	ghieu ’baong tsing t‘ong.		拳棒精通		50		true	自旧档汇入	2026-04-13T01:27:08+08:00
Athlétique	adj.	D'une force -.	强健的	dou’ lih k‘i’ ke’ gnen.		大力氣个人		50		true	自旧档汇入	2026-04-13T01:27:08+08:00
Athlétique	adj.	D'une force -.	强健的	ma’ ghieu ke’.		賣拳个		50		true	自旧档汇入	2026-04-13T01:27:08+08:00
Atlantique	adj.	(Océan).	大西洋的	da’ si yang.		大西洋		50		true	自旧档汇入	2026-04-13T01:27:08+08:00
Altas	sm.		地图册	ih ’pen di’ ’li dou.		一本地理圖		50		true	自旧档汇入	2026-04-13T01:27:08+08:00
Atomosphère	sf.		大气圈	t‘ié k‘i’.		天氣		50		true	自旧档汇入	2026-04-13T01:27:08+08:00
Atomosphère	sf.		空气	k‘ong k‘i’.		空氣		50		true	自旧档汇入	2026-04-13T01:27:08+08:00
Atome	sm.		原子	ih ’tié bong zen.		一點塳塵		50		true	自旧档汇入	2026-04-13T01:27:08+08:00
Atome	sm.		原子	gneu tié.	gneu ’tié.	原點		50		true	自旧档汇入	2026-04-13T01:27:08+08:00
Atours	sm.		<女子的>服饰	wou’ zen ke’ tang pè’(tsaong seh).	wou’ zen ke’ ’tang pè’(tsaong seh).	婦人个打扮（裝飾）		50		true	自旧档汇入	2026-04-13T01:27:08+08:00
Atrabilaire	adj.		易怒的(人)	zeû men’ teh ghieh.		愁悶得極		50		true	自旧档汇入	2026-04-13T01:27:08+08:00
Ätre	sm.		炉膛	tsao’ dou’ ’li.		竈肚裏		50		true	自旧档汇入	2026-04-13T01:27:08+08:00
Ätre	sm.		炉膛	’h‘ou k‘aong.		火坑		50	待定	true	自旧档汇入	2026-04-13T01:27:08+08:00
Atroce	adj.		残酷的	hiong bao.	hiong bao’	凶暴		50	暴的聲調	true	自旧档汇入	2026-04-13T01:27:08+08:00
Atroce	adj.		残酷的	ghiang wang.		强横		50		true	自旧档汇入	2026-04-13T01:27:08+08:00
Attabler	vr.	(S').	使坐在桌旁	zou’ ’hao lai k‘ieh vè’.		坐下來吃飯		50		true	自旧档汇入	2026-04-13T01:27:08+08:00
Attabler	vr.	 - à un festin.	使坐在桌旁	zou’ zieh k‘ieh ’tsieû.		坐席吃酒		50		true	自旧档汇入	2026-04-13T01:27:08+08:00
Attachant	adj.		引人注意的	tsong gnen sin ke’.		中人心个		50		true	自旧档汇入	2026-04-13T01:27:08+08:00
Attachement	sm.		眷恋	zing ven’.		情分		50		true	自旧档汇入	2026-04-13T01:27:08+08:00
Attacher	va.	avec des li-	捆	’k‘oen		捆		50		true	自旧档汇入	2026-04-13T01:27:08+08:00
Attacher	va.		捆	paong		綁		50		true	自旧档汇入	2026-04-13T01:27:08+08:00
Attacher	va.		捆	woh		縛		50		true	自旧档汇入	2026-04-13T01:27:08+08:00
Attacher	va.	ens.va.-.Fig.	扣	k‘eû’ zu’.		扣住		50		true	自旧档汇入	2026-04-13T01:27:08+08:00
Attacher	va.		拴	i’.		繫		50		true	自旧档汇入	2026-04-13T01:27:08+08:00
Attacher	va.		拴	kiéh.		結		50		true	自旧档汇入	2026-04-13T01:27:08+08:00
Attacher	va.	 - avec des clous.	使固定	ting’.		釘		50		true	自旧档汇入	2026-04-13T01:27:08+08:00
Attacher	vr.	S'-(se coller).	使固定	’piao (zu’)lao.		裱（住）牢		50		true	自旧档汇入	2026-04-13T01:27:08+08:00
Attacher	vr.	S'-(se coller).	使固定	wou ’piao.		糊裱		50		true	自旧档汇入	2026-04-13T01:27:08+08:00
Attacher	vr.	 -qqn.	喜爱	teh gnen sin.		得人心		50		true	自旧档汇入	2026-04-13T01:27:08+08:00
Attacher	vr.	 -à qqn.	喜爱	ai’ i.		愛伊		50		true	自旧档汇入	2026-04-13T01:27:08+08:00
Attacher	vr.	 -à qqn.	喜爱	’souo véh teh i.		捨勿得伊		50		true	自旧档汇入	2026-04-13T01:27:08+08:00
Attaque	sf.	Ëtre sujet	攻击	kong tang.	kong ’tang.	攻打		50		true	自旧档汇入	2026-04-13T01:27:08+08:00
Attaque	sf.	Ëtre sujet	发作	fèh fong.		發瘋		50		true	自旧档汇入	2026-04-13T01:27:08+08:00
Attaque	sf.	à des -s d'épilepsie.	发作	yang k‘ié fong		痒癎瘋		50	待定 保留簡體	true	自旧档汇入	2026-04-13T01:27:08+08:00
Attaquer	va.		攻击	’za.		惹		50		true	自旧档汇入	2026-04-13T01:27:08+08:00
Attaquer	va.	En venir aux coups.,,au combat.	攻击	dong’ ’seû.		動手		50		true	自旧档汇入	2026-04-13T01:27:08+08:00
Attaquer	va.	En venir aux coups.,,au combat.	攻击	kong ’tang.		攻打		50		true	自旧档汇入	2026-04-13T01:27:08+08:00
Attaquer	va.	Endommager.	攻击	saong hai’.		傷害		50		true	自旧档汇入	2026-04-13T01:27:08+08:00
Attaquer	va.	Endommager.	攻击	long’ wa’.		弄壞		50		true	自旧档汇入	2026-04-13T01:27:08+08:00
Attaquer	vpr.	S'- et s'injurier.	攻击	siang ’tang siang mô’.		相打相駡		50		true	自旧档汇入	2026-04-13T01:27:08+08:00
Atteindre	va.	Arriver.	碰到	bang’ zah.		碰着		50		true	自旧档汇入	2026-04-13T01:27:08+08:00
Atteindre	va.	Arriver.	碰到	zaong’ zah.		撞着		50		true	自旧档汇入	2026-04-13T01:27:08+08:00
Atteindre	va.	Frapper juste.	碰到	tang zah.	’tang zah.	打着		50		true	自旧档汇入	2026-04-13T01:27:08+08:00
Atteindre	va.	Frapper juste.	碰到	’tang tsong’.		打中		50		true	自旧档汇入	2026-04-13T01:27:08+08:00
Atteindre	va.	 - en poursuivant.	到达	tao’.		到		50		true	自旧档汇入	2026-04-13T01:27:08+08:00
Atteindre	va.	 - en poursuivant.	赶上	’keu zaong’ ’k‘i.		趕上起		50		true	自旧档汇入	2026-04-13T01:27:08+08:00
Atteindre	va.	 - en poursuivant.	赶上	tsu ’zaong k‘i’.	tsu ’zaong ’k‘i.	追上起		50		true	自旧档汇入	2026-04-13T01:27:08+08:00
Atteindre	va.	 - en poursuivant.	赶上	ken zaong’ ’k‘i.		跟上起		50		true	自旧档汇入	2026-04-13T01:27:08+08:00
Atteindre	va.	Obtenir:-son but.	到达	teh i.	teh i’.	得意		50		true	自旧档汇入	2026-04-13T01:27:08+08:00
Attelage	sm. 	- de 2 chevaux.	套牲口	’liang tsah deû ’mô		兩只頭馬		50		true	自旧档汇入	2026-04-13T01:27:08+08:00
Attelage	sm. 	- de 3 chevaux.	套牲口	’liang ’mô ts‘ouo.		兩馬車		50		true	自旧档汇入	2026-04-13T01:27:08+08:00
Attelé	pp.		套起的（牲口，车）	ka’ ke’		駕个		51		true	自旧档汇入	2026-04-13T01:27:08+08:00
Atteler	va. 		套（牲口，车）	ka’ ’k‘i ’mô lai		駕起馬來		51		true	自旧档汇入	2026-04-13T01:27:08+08:00
Atteler	va.		套（牲口，车）	ka’ ’k‘i ts‘ouo ’tse lai		駕起車子來		51		true	自旧档汇入	2026-04-13T01:27:08+08:00
Atteler	va.	S'- à la bosogne (vr.)	致力于	dong’ ’seû		動手		51		true	自旧档汇入	2026-04-13T01:27:08+08:00
Attenant	adj.		毗邻的，紧靠的	’la pié deû ke’		拉邊頭个		51		true	自旧档汇入	2026-04-13T01:27:08+08:00
Attenant	adj.		毗邻的，紧靠的	la kah pieh	’la kah pieh	拉隔壁		51		true	自旧档汇入	2026-04-13T01:27:08+08:00
Attendre	va. et n.		等待	’teng ih ’teng		等一等		51		true	自旧档汇入	2026-04-13T01:27:08+08:00
Attendre	va. et n.		等待	’teng dai’		等待		51		true	自旧档汇入	2026-04-13T01:27:08+08:00
Attendre	va. et n.		等待	’teng heû’		等候		51		true	自旧档汇入	2026-04-13T01:27:08+08:00
Attendre	va. et n.	Attends un peu ! (fam.)	等待，等一会儿	’teng ih hiéh		等一歇		51		true	自旧档汇入	2026-04-13T01:27:08+08:00
Attendre	va. et n.	Compter sur	期待，盼望，需要	p‘è maong’	p‘è’ maong’	盼望		51	原作“盻望”	true	自旧档汇入	2026-04-13T01:27:08+08:00
Attendre	va. et n.	S'- à (prévoir)	预计，料想	tsou’ tse’ zah ’la ke’		做志着拉个		51	待定	true	自旧档汇入	2026-04-13T01:27:08+08:00
Attendre	va. et n.	S'- à (prévoir)	预计，料想	liao’ siang	liao’ ’siang	料想		51		true	自旧档汇入	2026-04-13T01:27:08+08:00
Attendrir	va.		使感动，使同情，使怜悯	’ké dong’ gnen sin		感動人心		51		true	自旧档汇入	2026-04-13T01:27:08+08:00
Attendrir	va.		使感动，使同情，使怜悯	’tang dong’ gnen sin		打動人心		51		true	自旧档汇入	2026-04-13T01:27:08+08:00
Attendrir	va.	S'- (vr.) : Compatir	变软，变嫩	’gneu wou ’tsé		軟和者		51		true	自旧档汇入	2026-04-13T01:27:08+08:00
Attendrir	va.	S'- (vr.) : Compatir	感动，同情，怜悯	’k‘o lié		可憐		51		true	自旧档汇入	2026-04-13T01:27:08+08:00
Attendu que	loc.conj.		既然，因为，因……之故	yn wei’		因為		51	待定	true	自旧档汇入	2026-04-13T01:27:08+08:00
Attendu que	loc.conj.		既然，因为，因……之故	ki’ zé		既然		51		true	自旧档汇入	2026-04-13T01:27:08+08:00
Attentat	sm.		谋杀，行凶，侵犯	dou’ zu’ ming		大罪名		51		true	自旧档汇入	2026-04-13T01:27:08+08:00
Attente	sf.		期望，期待	maong	maong’	望		51		true	自旧档汇入	2026-04-13T01:27:08+08:00
Attente	sf.		期望，期待	p‘è’ maong’		盼望		51		true	自旧档汇入	2026-04-13T01:27:08+08:00
Attente	sf.	Salle d'- (pr les vapeurs)	等候室	yang bang ’tse		洋棚子		51		true	自旧档汇入	2026-04-13T01:27:08+08:00
Attenter	vu.		谋害，谋杀	meû hai’		謀害		51		true	自旧档汇入	2026-04-13T01:27:08+08:00
Attenter	vu.	- à la pudeur	非礼，强奸	ghiang kiè		强奸		51		true	自旧档汇入	2026-04-13T01:27:08+08:00
Attentif	adj.		专心的，小心的	yong’ sin		用心		51		true	自旧档汇入	2026-04-13T01:27:08+08:00
Attentif	adj.		专心的，小心的	’siao sin		小心		51		true	自旧档汇入	2026-04-13T01:27:08+08:00
Attentif	adj.		专心的，小心的	taong sin		當心		51		true	自旧档汇入	2026-04-13T01:27:08+08:00
Attentivement	adv.		小心地，专心地，注意地	lieû sin		留心		51		true	自旧档汇入	2026-04-13T01:27:08+08:00
Attentivement	adv.		小心地，专心地，注意地	’kien zen’		謹慎		51		true	自旧档汇入	2026-04-13T01:27:08+08:00
Attention	sf.	(Prêter)	当心，专心，注意	si sin	si’ sin	細心		51		true	自旧档汇入	2026-04-13T01:27:08+08:00
Attention	sf.	(Prêter)	当心，专心，注意	taong sin		當心		51		true	自旧档汇入	2026-04-13T01:27:08+08:00
Attention	sf.	Avoir des -s pour	理会	’li wei’		理會		51		true	自旧档汇入	2026-04-13T01:27:08+08:00
Attention	sf.	Ne pas faire - (exprès)	不小心	véh ’siao sin		勿小心		51		true	自旧档汇入	2026-04-13T01:27:08+08:00
Attention	sf.	Ne pas faire - (exprès)	不小心	véh lieû sin		勿留心		51		true	自旧档汇入	2026-04-13T01:27:08+08:00
Attention	sf.	,,(involontairement)	无意地，非故意地	véh kou’ i’		勿故意		51		true	自旧档汇入	2026-04-13T01:27:08+08:00
Attention	sf.	Attention ! 	小心	’siao sin		小心		51		true	自旧档汇入	2026-04-13T01:27:08+08:00
Atténuer	va.	sa faute	减轻她的罪名	’kè k‘ieng i ke’ zu’		减輕伊个罪		51		true	自旧档汇入	2026-04-13T01:27:08+08:00
Atterrer	va.Fig.	qqn.	使惊呆，使吓呆	hah sèh i	h‘ah sèh i	嚇殺伊		51		true	自旧档汇入	2026-04-13T01:27:08+08:00
Atterrir	vn.		靠岸，着陆	k‘ao’ ngeu’		靠岸		51		true	自旧档汇入	2026-04-13T01:27:08+08:00
Atterrir	vn.		靠岸，着陆	k‘ao’ t‘è		靠灘		51		true	自旧档汇入	2026-04-13T01:27:08+08:00
Attestation	sf.		证明，凭据	bing kiu’ [ih tsang]		憑據[一張]		51		true	自旧档汇入	2026-04-13T01:27:08+08:00
Attester	va.	Certifier	证明，证实	tsoh tseng’		作證		51		true	自旧档汇入	2026-04-13T01:27:08+08:00
Attester	va.	Certifier	证明，证实	tei’ tseng’		對證		51		true	自旧档汇入	2026-04-13T01:27:08+08:00
Attiédir	vr.		使变温，使冷淡	long’ (pié’) ’lang		弄（變）冷		51	字形不同	true	自旧档汇入	2026-04-13T01:27:08+08:00
Attiédir	vr.Fig.	(S')	冷淡，冷漠者	’lang dè’ ’tsé		冷淡者		51		true	自旧档汇入	2026-04-13T01:27:08+08:00
Attirail	sm.		用具，工具，器具	k‘i’ ghiu’		器具		51		true	自旧档汇入	2026-04-13T01:27:08+08:00
Attirail	sm.	- de guerre	战争用具，兵器	kiun tsaong		軍裝		51		true	自旧档汇入	2026-04-13T01:27:08+08:00
Attirail	sm.	- de guerre	战争用具，兵器	ping k‘i’		兵器		51		true	自旧档汇入	2026-04-13T01:27:08+08:00
Attirer	va.	Tirer à soi	吸引	’la i lai		拉伊來		51		true	自旧档汇入	2026-04-13T01:27:08+08:00
Attirer	va.	Tirer à soi	吸引	t‘ou i lai		拖伊來		51		true	自旧档汇入	2026-04-13T01:27:08+08:00
Attirer	va.	Allécher qqn.	引诱（某人）	’yen i lai		引伊來		51		true	自旧档汇入	2026-04-13T01:27:08+08:00
Attirer	va.	Occasionner	造成，引起	’za ts‘éh lai		惹出來		51		true	自旧档汇入	2026-04-13T01:27:08+08:00
Attirer	va.	Un malheur en - un autre	祸不单行	woú péh tè yeng	wou’ péh tè yeng’	禍不單行		51	注意	true	自旧档汇入	2026-04-13T01:27:08+08:00
Attirer	va.	S'- quelque malheur （vpr.）	惹祸，引起麻烦，招致不幸	’za wou’		惹禍		52		true	自旧档汇入	2026-04-13T01:27:08+08:00
Attirer	va.	S'- quelque malheur （vpr.）	惹祸，引起麻烦，招致不幸	tsao tsai		招災		52		true	自旧档汇入	2026-04-13T01:27:08+08:00
Attirer	va.	S'- quelque malheur （vpr.）	惹祸，引起麻烦，招致不幸	’ts‘aong ze’	ts‘aong’ ze’	闖事		52	待定	true	自旧档汇入	2026-04-13T01:27:08+08:00
Attirer	va.	S'- quelque malheur （vpr.）	惹祸，引起麻烦，招致不幸	’ts‘aong ghiong wou’	ts‘aong’ ghiong wou’	闖窮禍		52		true	自旧档汇入	2026-04-13T01:27:08+08:00
Attirer	va.	S'- la mort	作死，招致死亡	tsoh ’si		作死		52		true	自旧档汇入	2026-04-13T01:27:08+08:00
Attiser	va.	le feu	把火拨旺	t‘iao ’h‘ou		挑火		52		true	自旧档汇入	2026-04-13T01:27:08+08:00
Attiser	va.	- une querelle	挑起争吵	t‘iao péh long’ sou		挑撥攏唆	挑撥弄唆	52		true	自旧档汇入	2026-04-13T01:27:08+08:00
Attitré	pp.		惯常的，经常的	bing zang ke’		平常个		52		true	自旧档汇入	2026-04-13T01:27:08+08:00
Attitude	sf.		姿态，态度	yang’ ’tse		樣子		52		true	自旧档汇入	2026-04-13T01:27:08+08:00
Attitude	sf.		姿态，态度	’p‘in koh	’p‘in kah	品格		52		true	自旧档汇入	2026-04-13T01:27:08+08:00
Attouchement	sm.		摸，触碰	moh		摸		52		true	自旧档汇入	2026-04-13T01:27:08+08:00
Attouchement	sm.		摸，触碰	bang’		碰		52		true	自旧档汇入	2026-04-13T01:27:08+08:00
Attouchement	sm.		动手动脚，猥亵	dong’ ’seû dong’ kiah		動手動脚		52		true	自旧档汇入	2026-04-13T01:27:08+08:00
Attraction	sf.	(Forced')	引力，吸力	hiéh lih		吸力		52		true	自旧档汇入	2026-04-13T01:27:08+08:00
Attrait	sm.		诱惑，诱惑力，好感	zing wi’		情味		52	字形	true	自旧档汇入	2026-04-13T01:27:08+08:00
Attrait	sm.		诱惑，诱惑力，好感	’siang deu	’siang deû	想頭		52		true	自旧档汇入	2026-04-13T01:27:08+08:00
Attrait	sm.		诱惑，诱惑力，好感	tei’ ’ngè ke’		對眼个		52		true	自旧档汇入	2026-04-13T01:27:08+08:00
Attrape	sf.		陷阱，欺骗，欺骗人之物	’koei ki’		詭計		52		true	自旧档汇入	2026-04-13T01:27:08+08:00
Attrape	sf.		陷阱，欺骗，欺骗人之物	’koa p‘ié’		拐騙		52		true	自旧档汇入	2026-04-13T01:27:08+08:00
Attraper	va.	Prendre	逮住，捉住	ts‘ong’ zah		㧤着	蹱着	52		true	自旧档汇入	2026-04-13T01:27:08+08:00
Attraper	va.	Prendre	逮住，捉住	nao zu’		拿住		52	待定	true	自旧档汇入	2026-04-13T01:27:08+08:00
Attraper	va.	Obtenir : n'avoir rien pu -	得到 - 什么也没得到	’ngou ih ’tié véh loh zah sa’		我一點勿落着啥		52		true	自旧档汇入	2026-04-13T01:27:08+08:00
Attraper	va.	Tromper	欺骗，愚弄	p‘ié’		騙		52		true	自旧档汇入	2026-04-13T01:27:08+08:00
Attraper	va.	Tromper	欺骗，愚弄	’hong p‘ié’	’h‘ong p‘ié’	哄騙		52		true	自旧档汇入	2026-04-13T01:27:08+08:00
Attraper	va.	Se laisser - 	上当，受骗	zaong’ taong’		上當		52		true	自旧档汇入	2026-04-13T01:27:08+08:00
Attraper	va.	- froid， - un rhume	受凉，感冒	saong fong		傷風		52		true	自旧档汇入	2026-04-13T01:27:08+08:00
Attraper	va.	- la maladie d'un autre	被他人传染致病	tèh bing’		搭病		52		true	自旧档汇入	2026-04-13T01:27:08+08:00
Attrayant	adj.		迷人的，有魅力的	’k‘o ’ts‘u ke’		可取个		52		true	自旧档汇入	2026-04-13T01:27:08+08:00
Attrayant	adj.		迷人的，有魅力的	’yeû tse mi’ ke’		有滋味个		52		true	自旧档汇入	2026-04-13T01:27:08+08:00
Attribuer	va.	Imputer	归咎于，归罪于	’pa i sen laong’		擺伊身上		52		true	自旧档汇入	2026-04-13T01:27:08+08:00
Attribuer	va.	S'- indûment	霸占，窃取，非法占有	tsé’ pouo	tsé’ pouo’	占霸		52		true	自旧档汇入	2026-04-13T01:27:08+08:00
Attribuer	va.	S'- indûment	霸占，窃取，非法占有	ts‘ih ’ts‘u		窃取		52	保留簡體	true	自旧档汇入	2026-04-13T01:27:08+08:00
Attributions	sf.pl.		职权，职分	’pen ven’		本分		52		true	自旧档汇入	2026-04-13T01:27:08+08:00
Attributions	sf.pl.		职权，职分	tseh ven	tseh ven’	職分		52		true	自旧档汇入	2026-04-13T01:27:08+08:00
Attristant	adj.		使人伤心的	tsi ’ts‘é	ts‘i ’ts‘é	凄慘		52		true	自旧档汇入	2026-04-13T01:27:08+08:00
Attristant	adj.		使人伤心的	saong gnen sin ke’		傷人心个		52		true	自旧档汇入	2026-04-13T01:27:08+08:00
Attrister	va.		使忧愁	’za k‘i’		惹氣		52		true	自旧档汇入	2026-04-13T01:27:08+08:00
Attrister	va.	S'attrister (vr.)词典印刷不全，我推测的	悲伤，忧愁	yeû men’		憂悶		52		true	自旧档汇入	2026-04-13T01:27:08+08:00
Attrister	va.	S'attrister (vr.)	悲伤，忧愁	yeû lu’		憂慮		52		true	自旧档汇入	2026-04-13T01:27:08+08:00
Attrister	va.	S'attrister (vr.)	悲伤，忧愁	yeû zeû		憂愁		52		true	自旧档汇入	2026-04-13T01:27:08+08:00
Attrition	sf.(C.)		畏罪的忏悔	’hao (’ya) ’teng t‘ong’ ’hoei	’hao (’ya) ’teng t‘ong’ ’h‘oei	下等痛悔		52		true	自旧档汇入	2026-04-13T01:27:08+08:00
Attroupement	sm.	(un)	聚集的人群	ih dou’ dao gnen		一大啕人		52	啕和淘	true	自旧档汇入	2026-04-13T01:27:08+08:00
Attrouper	vr.	(S')	聚集，成群结队	zeng ghiun héh dei’		成群合隊		52		true	自旧档汇入	2026-04-13T01:27:08+08:00
Aubaine	sf.		机遇，运气	’h‘ao yun’ k‘i’		好運氣		52		true	自旧档汇入	2026-04-13T01:27:08+08:00
Aubaine	sf.		意外的收获	fèh wang zai		發横財		52		true	自旧档汇入	2026-04-13T01:27:08+08:00
Aube	sf.	du jour	拂晓，天亮	t‘ié liang’		天亮		52		true	自旧档汇入	2026-04-13T01:27:08+08:00
Aube	sf.	- pour la messe (C.)	(教士在宗教仪式中穿的)白长衣	zang bah i		長白衣		52		true	自旧档汇入	2026-04-13T01:27:08+08:00
Aubépine	sf.		山楂	sè zouo		山楂		52		true	自旧档汇入	2026-04-13T01:27:08+08:00
Auberge	sf.		客栈，旅馆	k‘ah gnu’		客寓		52		true	自旧档汇入	2026-04-13T01:27:08+08:00
Auberge	sf.		客栈，旅馆	k‘ah ’zè		客棧		52		true	自旧档汇入	2026-04-13T01:27:08+08:00
Auberge	sf.		田舍风味的饭店	vè’ tié’		飯店		52		true	自旧档汇入	2026-04-13T01:27:08+08:00
Aubergine	sf.		茄子	ka ’tse		茄子		52	待定	true	自旧档汇入	2026-04-13T01:27:08+08:00
Aubergine	sf.		茄子	loh sou		落蘇		52		true	自旧档汇入	2026-04-13T01:27:08+08:00
Aubergiste	sm.		客栈老板，旅馆主人	tié’ ’lao ’pè		店老板		52		true	自旧档汇入	2026-04-13T01:27:08+08:00
Aubergiste	sm.		客栈老板，旅馆主人	tié’ ’tsu		店主		52		true	自旧档汇入	2026-04-13T01:27:08+08:00
Aucun	adj.ind.	(Positif)	任何的，某种的，某个的	sa’		啥		52		true	自旧档汇入	2026-04-13T01:27:08+08:00
Aucun	adj.ind.	Y a-t-il -e utilité ?	有什么好处？	’yeû sa’ ’h‘ao ts‘u’？		有啥好處		52		true	自旧档汇入	2026-04-13T01:27:08+08:00
Aucun	adj.ind.	Y a-t-il -e utilité ?	有什么用？	’yeû sa’ yong’ deû？		有啥用頭		52		true	自旧档汇入	2026-04-13T01:27:08+08:00
Aucun	adj.ind.	D'-s disent	有人说	’yeû gnen wo’		有人話		53		true	自旧档汇入	2026-04-13T01:27:08+08:00
Aucun	adj.ind.	(Négatif) Il n'y en a -.	一个人也没有	ih ke’ ’a m teh		一个也没得		53		true	自旧档汇入	2026-04-13T01:27:08+08:00
Aucun	adj.ind.	(Négatif) Il n'y en a -.	没什么人	m sa’ gnen		無啥人	嘸啥人	53		true	自旧档汇入	2026-04-13T01:27:08+08:00
Aucun	adj.ind.	(Négatif) Il n'y en a -.	没什么东西	m sa	m sa’	無啥	嘸啥	53		true	自旧档汇入	2026-04-13T01:27:08+08:00
Aucunement	adv.		一点不，丝毫不	’tsong véh		總勿		53		true	自旧档汇入	2026-04-13T01:27:08+08:00
Aucunement	adv.		一点不，丝毫不	teu’ teu’ wou véh		斷斷乎勿		53		true	自旧档汇入	2026-04-13T01:27:08+08:00
Audace	sf.		大胆，鲁莽，放肆	h‘ao ’tè dou’	h‘ao’ ’tè dou’	好膽大		53		true	自旧档汇入	2026-04-13T01:27:08+08:00
Audace	sf.		大胆，鲁莽，放肆	faong’ se’		放肆		53		true	自旧档汇入	2026-04-13T01:27:08+08:00
Audace	sf.	Comment, tu as l'- de riposter ?	你还敢还嘴？	nong’ wè ’ké wei ’tse ke’ mô ?		儂還敢回嘴个麽？		53		true	自旧档汇入	2026-04-13T01:27:08+08:00
Audacieux	adj.		大胆的，放肆的	’tè dou’ ke’		膽大个		53		true	自旧档汇入	2026-04-13T01:27:08+08:00
Audacieux	adj.		大胆的，放肆的	faong’ se’ ke’		放肆个		53		true	自旧档汇入	2026-04-13T01:27:08+08:00
Audience		(Salle d') de l'Empr	殿堂，朝廷	dié’		殿		53		true	自旧档汇入	2026-04-13T01:27:08+08:00
Audience		(Salle d') de l'Empr	殿堂，朝廷	zao ding		朝廷		53		true	自旧档汇入	2026-04-13T01:27:08+08:00
Audience		S'y présenter	上朝	zaong’ zao		上朝		53		true	自旧档汇入	2026-04-13T01:27:08+08:00
Audience		Salle d'- d'un tribunal	法庭	daong		堂		53		true	自旧档汇入	2026-04-13T01:27:08+08:00
Audience		Salle d'- d'un tribunal	法庭	fèh daong		法堂		53		true	自旧档汇入	2026-04-13T01:27:08+08:00
Audience		Tenir - Y comparaître	主持审理	zou’ daong		坐堂		53		true	自旧档汇入	2026-04-13T01:27:08+08:00
Audience		Tenir - Y comparaître	主持审理	kou’ daong		過堂		53		true	自旧档汇入	2026-04-13T01:27:08+08:00
Audiencier	sm.		庭丁	pè deû		班頭		53		true	自旧档汇入	2026-04-13T01:27:08+08:00
Audiencier	sm.		庭丁	ta sen	ta’ ’sen	带審		53		true	自旧档汇入	2026-04-13T01:27:08+08:00
Auditeur	sm.		听众	t‘ing’ ’kaong (wo’) ke’		聽講（話）个		53		true	自旧档汇入	2026-04-13T01:27:08+08:00
Auge	sf.		饲料槽，食槽，石灰槽	liao’ dong	liao’ ’dong	料桶		53		true	自旧档汇入	2026-04-13T01:27:08+08:00
Auge	sf.		饲料槽，食槽，石灰槽	zeh ben		食缽	食盆	53	待定	true	自旧档汇入	2026-04-13T01:27:08+08:00
Auge	sf.		饲料槽，食槽，石灰槽	zah zao		石槽		53		true	自旧档汇入	2026-04-13T01:27:08+08:00
Auget	sm.		（喂鸟用的）小食槽，槽	’tiao zeh ben		窵食缽	鳥食盆	53	待定	true	自旧档汇入	2026-04-13T01:27:08+08:00
Auget	sm.		水杯	’se pei		水杯		53		true	自旧档汇入	2026-04-13T01:27:08+08:00
Augmenter	va.		增加，增大，增长	t‘ié		添		53		true	自旧档汇入	2026-04-13T01:27:08+08:00
Augmenter	va.		增加，增大，增长	ka tseng		加增		53		true	自旧档汇入	2026-04-13T01:27:08+08:00
Augmenter	va.		增加，增大，增长	ka t‘ié		加添		53		true	自旧档汇入	2026-04-13T01:27:08+08:00
Augmenter	vn.	Devenir plus grand	变高，变大	’tsang ’tsé		長者		53		true	自旧档汇入	2026-04-13T01:27:08+08:00
Augmenter	vn.	Devenir plus grand	变高，变大	dou’ ze’ ’tié ’tsé		大是點者		53		true	自旧档汇入	2026-04-13T01:27:08+08:00
Augmenter	vn.	Le prix a augmenté.	涨价	’tsang ka’ tsé		漲價者		53		true	自旧档汇入	2026-04-13T01:27:08+08:00
Augmenter	vn.	Le prix a augmenté.	涨价	ka’ dié dou’ ze’ ’tié tsé		價錢大是點者		53		true	自旧档汇入	2026-04-13T01:27:08+08:00
Augure	sm.	Bon -	好兆头	’h‘ao zao’		好兆		53		true	自旧档汇入	2026-04-13T01:27:08+08:00
Augure	sm.	Mauvais -	坏兆头	k‘ieû zao’		恘兆		53		true	自旧档汇入	2026-04-13T01:27:08+08:00
Augure	sm.	Paroles de bon -	好口彩	’h‘ao ’k‘eû ’ts‘ai		好口彩		53		true	自旧档汇入	2026-04-13T01:27:08+08:00
Augure	sm.	Paroles de mauvais -	带有坏兆的言语	véh li’ ze’ ke’ seh wo’		勿利事个説話		53		true	自旧档汇入	2026-04-13T01:27:08+08:00
Augurer	va.		预测，料想	liao’ ’siang		料想		53		true	自旧档汇入	2026-04-13T01:27:08+08:00
Auguste	adj.		庄严的，令人敬畏的	wei gné		威嚴		53		true	自旧档汇入	2026-04-13T01:27:08+08:00
Auguste	adj.		庄严的，令人敬畏的	’k‘o zong ’tsé		可崇者		53		true	自旧档汇入	2026-04-13T01:27:08+08:00
Aujourd'hui	adv.		今天	kien tsao		今朝		53		true	自旧档汇入	2026-04-13T01:27:08+08:00
Aujourd'hui	adv.		今天	kien gnéh		今日		53		true	自旧档汇入	2026-04-13T01:27:08+08:00
Aujourd'hui	adv.	Le temps présent	现在	yé’ zai’		現在		53		true	自旧档汇入	2026-04-13T01:27:08+08:00
Aujourd'hui	adv.	Le temps présent	如今	zu kien		如今		53		true	自旧档汇入	2026-04-13T01:27:08+08:00
Aumône	sf.		施舍，恩惠	ai kieng	ai kien	哀矜		53	待定	true	自旧档汇入	2026-04-13T01:27:08+08:00
Aumône	sf.		施舍，恩惠	’h‘ao ze’		好事		53		true	自旧档汇入	2026-04-13T01:27:08+08:00
Aumône	sf.	Faire l'-	施舍，做好事	tsou’ ai kieng	tsou’ ai kien	做哀矜		53		true	自旧档汇入	2026-04-13T01:27:08+08:00
Aumône	sf.		施舍，做好事	tsou’ ’h‘ao ze’		做好事		53		true	自旧档汇入	2026-04-13T01:27:08+08:00
Aumône	sf.	Faire à qqn l'- d'une piastre	施舍给某人一块洋钱	ai kieng i ih k‘oei’ yang dié	ai kien i ih k‘oei’ yang dié	哀矜伊一塊洋銭		53	待定	true	自旧档汇入	2026-04-13T01:27:08+08:00
Aune	sf.	Mesurer les autres à son	以己度人，推己及人	’i ’ki doh zen		以己度人		53		true	自旧档汇入	2026-04-13T01:27:08+08:00
Aune	sf.	Mesurer les autres à son	以己度人，推己及人	ts‘u ’ki ghieh zen		推己及人		53	待定	true	自旧档汇入	2026-04-13T01:27:08+08:00
Auparavant	adv.	Avant	以前，先前	zié deû		前頭		53		true	自旧档汇入	2026-04-13T01:27:08+08:00
Auparavant	adv.	Avant	以前，先前	sié zié		先前		53		true	自旧档汇入	2026-04-13T01:27:08+08:00
Auparavant	adv.	Avant	以前，先前	’i zié		以前		53		true	自旧档汇入	2026-04-13T01:27:08+08:00
Auparavant	adv.	Autrefois	从前	zong zié		從前		53		true	自旧档汇入	2026-04-13T01:27:08+08:00
Auparavant	adv.	Comme c'était -	仍旧，照旧	zeng ghieû’		仍舊		53		true	自旧档汇入	2026-04-13T01:27:08+08:00
Auparavant	adv.	Comme c'était -	仍旧，照旧	tsao’ ghieû’		照舊		53		true	自旧档汇入	2026-04-13T01:27:08+08:00
Auparavant	adv.	Comme c'était -	仍旧，照旧	gneu tsao’ ghieû’		原照舊		53		true	自旧档汇入	2026-04-13T01:27:08+08:00
Auparavant	adv.	D'avance	预先	’yu sié	yu’ sié	預先		53		true	自旧档汇入	2026-04-13T01:27:08+08:00
Auparavant	adv.	D'avance	早已	’tsao ’i		早已		53		true	自旧档汇入	2026-04-13T01:27:08+08:00
Auprès	prép.	de qqn.	举例……近（某人）	ghien’ ze’ i		近是伊		54		true	自旧档汇入	2026-04-13T01:27:08+08:00
Auprès	prép.	de qqn.	举例……近（某人）	li k‘ai i véh ’yeu		離開伊勿遠		54		true	自旧档汇入	2026-04-13T01:27:08+08:00
Auprès	prép.	En présence de qqn	当着某人的面	la i men zié	’la i men zié	拉伊門前		54		true	自旧档汇入	2026-04-13T01:27:08+08:00
Auprès	prép.	En présence de qqn	当着某人的面	la i sen pié	’la i sen pié	拉伊身邊		54		true	自旧档汇入	2026-04-13T01:27:08+08:00
Auprès	prép.	En comparaison de qqn	与……相比	’pi i		比伊		54		true	自旧档汇入	2026-04-13T01:27:08+08:00
Auréole	sf.		光轮，光晕，圆光	yeu koang		圓光		54		true	自旧档汇入	2026-04-13T01:27:08+08:00
Auriculaire	adj.	(témoin)	亲耳听到的（证人）	ts‘in t‘ing’ kié’(teh)ke’		親聽見（得）个		54		true	自旧档汇入	2026-04-13T01:27:08+08:00
Aurore	sf.		曙光，清晨	ts‘ing ’tsao zen		清早晨		54		true	自旧档汇入	2026-04-13T01:27:08+08:00
Aurore	sf.		曙光，清晨	mong mong t‘ié liang’		矇矇天亮	曚曚天亮	54		true	自旧档汇入	2026-04-13T01:27:08+08:00
Aurore	sf.		曙光，清晨	tong faong dong	tong faong ’dong	東方動		54		true	自旧档汇入	2026-04-13T01:27:08+08:00
Auspices	sm.pl.	Sous vos	靠你的福气（不确定）	k‘ao’ foh		靠福		54		true	自旧档汇入	2026-04-13T01:27:08+08:00
Aussi	adv.	De même	也	’a		也		54		true	自旧档汇入	2026-04-13T01:27:08+08:00
Aussi	adv.	De plus	另外	ling’ nga’		另外		54		true	自旧档汇入	2026-04-13T01:27:08+08:00
Aussi	adv.	Également : - bien que	如同，一模一样	ih seh ih yang’		一式一樣		54		true	自旧档汇入	2026-04-13T01:27:08+08:00
Aussi	adv.	Également : - bien que	如同，一模一样	zu dong		如同		54		true	自旧档汇入	2026-04-13T01:27:08+08:00
Aussi	adv.	- conj. C'est pourquoi	因此，所以	yen ’ts‘e		因此		54		true	自旧档汇入	2026-04-13T01:27:08+08:00
Aussi	adv.	- conj. C'est pourquoi	因此，所以	’sou ’i		所以		54		true	自旧档汇入	2026-04-13T01:27:08+08:00
Aussitôt	adv.		立刻，立即	lih zieû’		立就		54		true	自旧档汇入	2026-04-13T01:27:08+08:00
Aussitôt	adv.		立刻，立即	lih k‘eh		立刻		54		true	自旧档汇入	2026-04-13T01:27:08+08:00
Aussitôt	adv.		立刻，立即	lih tsih		立即		54		true	自旧档汇入	2026-04-13T01:27:08+08:00
Aussitôt	adv.		立刻，立即	’teng ze lih k‘eh	teng ze lih k‘eh	等時立刻	登時立刻	54	待定 登時立刻	true	自旧档汇入	2026-04-13T01:27:08+08:00
Aussitôt	adv.		立刻，立即	sôh tsih		速即		54		true	自旧档汇入	2026-04-13T01:27:08+08:00
Aussitôt	adv.	- que (v.g.) il vit… il	一看见……就	ih k‘eu’ kié’ ... zieû’		一看見…就		54		true	自旧档汇入	2026-04-13T01:27:08+08:00
Austère	adj.		严峻的，严厉的	gné ’kien		嚴緊		54		true	自旧档汇入	2026-04-13T01:27:08+08:00
Austère	adj.		严峻的，严厉的	gné li’		嚴勵		54		true	自旧档汇入	2026-04-13T01:27:08+08:00
Austérités	sf.pl.	Faire des -s	苦行，做苦工	’k‘ou kong		苦工		54		true	自旧档汇入	2026-04-13T01:27:08+08:00
Austérités	sf.pl.	Faire des -s	苦行，做苦工	tsou’ ’k‘ou kong		做苦工		54		true	自旧档汇入	2026-04-13T01:27:08+08:00
Austral		Pôle	南极	né ghieh		南極		54		true	自旧档汇入	2026-04-13T01:27:08+08:00
Australie	sf.		澳洲，澳大利亚	’ao-se-da’-’li	ao’-se-da’-’li	奥斯大里		54		true	自旧档汇入	2026-04-13T01:27:08+08:00
Autant	adv.		一样，一样多	ih yang’		一樣		54		true	自旧档汇入	2026-04-13T01:27:08+08:00
Autant	adv.		一样，一样多	ih yang’ tou		一樣多		54		true	自旧档汇入	2026-04-13T01:27:08+08:00
Autant	adv.	- de têtes, - d'avis	各执己见	koh gnen koh kié	koh gnen koh kié’	各人各見		54		true	自旧档汇入	2026-04-13T01:27:08+08:00
Autant	adv.	- de têtes, - d'avis	各执己见	koh tséh ’ki kié’		各執己見		54		true	自旧档汇入	2026-04-13T01:27:08+08:00
Autant	adv.	D'- plus... que (suivi d'un comparatif)	比…更加，越…越	yeuh…yeuh		越…越		54		true	自旧档汇入	2026-04-13T01:27:08+08:00
Autel	sm.	Servir à l'autel	祭台，辅祭	tsi’ dai		祭臺		54		true	自旧档汇入	2026-04-13T01:27:08+08:00
Autel	sm.	Servir à l'autel	祭台，辅祭	’wou tsi’		輔祭		54	待定	true	自旧档汇入	2026-04-13T01:27:08+08:00
Autel	sm.	Servir à l'autel	祭台，辅祭	wou’ mi sèh ke’		輔彌撒个		54		true	自旧档汇入	2026-04-13T01:27:08+08:00
Autel	sm.	Pierre d'-	祭台石，圣石	seng’ zah		聖石		54		true	自旧档汇入	2026-04-13T01:27:08+08:00
Autel	sm.	Nappe d'-	祭台布，台布	dai pou	dai pou’	臺布		54		true	自旧档汇入	2026-04-13T01:27:08+08:00
Autel	sm.	Devant d'-	祭台帷	dai wei		臺帷		54		true	自旧档汇入	2026-04-13T01:27:08+08:00
Autel	sm.	- du ciel	天坛	t‘ié dè		天壇		54		true	自旧档汇入	2026-04-13T01:27:08+08:00
Autel	sm.	- de la terre	地坛	di’ dè		地壇		54		true	自旧档汇入	2026-04-13T01:27:08+08:00
Auteur	sm.		作者	tsou’ su gnen		做書人		54		true	自旧档汇入	2026-04-13T01:27:08+08:00
Auteur	sm.	C'est lui qui en est l'-.	这是他写作的，他是作者	di’ ke’ ze’ i tsou’ ’la ke’		第个是伊做拉个		54		true	自旧档汇入	2026-04-13T01:27:08+08:00
Authentique	adj.		契约	hong k‘i’		紅契		54		true	自旧档汇入	2026-04-13T01:27:08+08:00
Authentique	adj.	(Acte)	真实的，确实的	ih ding’ ke’		一定个		54		true	自旧档汇入	2026-04-13T01:27:08+08:00
Autochrone	sm.		本地人	’pen di’ gnen		本地人		54		true	自旧档汇入	2026-04-13T01:27:08+08:00
Autographe	adj.		亲笔的，亲手写的	ts‘in pieh (’seû) ’sia ke’		親筆（手）寫个		54		true	自旧档汇入	2026-04-13T01:27:08+08:00
Automnal	adj.		秋天的，秋季的	ts‘ieû t‘ié ke’		秋天个		54		true	自旧档汇入	2026-04-13T01:27:08+08:00
Automne	sm. et f.		秋天，秋季	ts‘ieû t‘ié		秋天		54		true	自旧档汇入	2026-04-13T01:27:08+08:00
Automne	sm. et f.		秋天，秋季	ts‘ieû ki’		秋季		54		true	自旧档汇入	2026-04-13T01:27:08+08:00
Automne	sm. et f.	Commencement de l'-	立秋	lih ts‘ieû		立秋		55		true	自旧档汇入	2026-04-13T01:27:08+08:00
Automne	sm. et f.	Milieu de l'-	秋分	ts‘ieû fen		秋分		55		true	自旧档汇入	2026-04-13T01:27:08+08:00
Autonome	adj.		自主的	ze’ ’tsu		自主		55		true	自旧档汇入	2026-04-13T01:27:08+08:00
Autopsie	sf.	Faire l'-	验尸	gné’ se		驗尸		55	保留簡體	true	自旧档汇入	2026-04-13T01:27:08+08:00
Autoriser	va.	S'- de	按照，依据，作为借口	’tsen ’hiu		准許		55		true	自旧档汇入	2026-04-13T01:27:08+08:00
Autoriser	va.	S'- de	按照，依据，作为借口	tsang’ se’		仗勢		55	待定	true	自旧档汇入	2026-04-13T01:27:08+08:00
Autorité	sf.	#NAME?	授权，代理	ghieu ping’		權柄		55		true	自旧档汇入	2026-04-13T01:27:08+08:00
Autorité	sf.	#NAME?	授权，代理	dai’ ’li		代理		55		true	自旧档汇入	2026-04-13T01:27:08+08:00
Autorité	sf.	Être sous l'- de qqn.	属某人管辖	zôh i ’koé ’hao		屬伊管下		55		true	自旧档汇入	2026-04-13T01:27:08+08:00
Autorité	sf.	Avoir un(应为une?) grande autorité	有很大的权威	se’ mah dou’ lai		勢脉大來		55		true	自旧档汇入	2026-04-13T01:27:08+08:00
Autorité	sf.	Il n'a - sur rien.	对任何事都没有权威（无法做主）	ih si’ véh neng tsou’ ’tsu		一細勿能做主		55		true	自旧档汇入	2026-04-13T01:27:08+08:00
Autorité	sf.	Digne de foi : faire -	起权威作用，值得信赖的	’k‘o sin’ ’ke		可信个		55		true	自旧档汇入	2026-04-13T01:27:08+08:00
Autorité	sf.	Digne de foi : faire -	起权威作用，值得信赖的	k‘ao’ t‘oh teh zu’ ke’		靠托得住个		55		true	自旧档汇入	2026-04-13T01:27:08+08:00
Autour	adv.prép.		四周	se’ tseû wei		四周圍		55		true	自旧档汇入	2026-04-13T01:27:08+08:00
Autour	adv.prép.	Ceux qui sont - de qqn.	周围的人	’tsou yeu’ ke’ gnen	’tsou yeû’ ke’ gnen	左右个人		55		true	自旧档汇入	2026-04-13T01:27:08+08:00
Autour	adv.prép.	Tout - （loc. adv.）	周围，四面八方	’se mié’ pèh faong	se’ mié’ pèh faong	四面八方		55	變調	true	自旧档汇入	2026-04-13T01:27:08+08:00
Autre	adj.	Distinct	另外的，其他的，别的	biéh ke’		别个		55		true	自旧档汇入	2026-04-13T01:27:08+08:00
Autre	adj.	Distinct	另外的，其他的，别的	’yeû fen biéh ke’		有分别个		55		true	自旧档汇入	2026-04-13T01:27:08+08:00
Autre	adj.	Distinct	另外的，其他的，别的	véh ze’ ih yang’ ke’		勿是一樣个		55		true	自旧档汇入	2026-04-13T01:27:08+08:00
Autre	adj.	L'un… l'-	一个…另一个	di’ ke’… kou’ ke’		第个…箇个		55	待定	true	自旧档汇入	2026-04-13T01:27:08+08:00
Autre	adj.	Les uns… les autres	一些…另一些	di’ ’tié… kou’ ’tié		第點…箇點		55		true	自旧档汇入	2026-04-13T01:27:08+08:00
Autre	adj.	L'un l'- (réciproquemt)	互相，彼此	’pei ’ts‘e		彼此		55		true	自旧档汇入	2026-04-13T01:27:08+08:00
Autre	adj.	L'un l'- (réciproquemt)	互相，彼此	da’ ka		大家		55		true	自旧档汇入	2026-04-13T01:27:08+08:00
Autre	adj.	S'aimer l'un l'autre	互相关爱	da’ ka nong’ ts‘in ’ngou ai’		大家儂親我愛		55		true	自旧档汇入	2026-04-13T01:27:08+08:00
Autre	adj.	Ils s'aiment l'un l'-	他们两个互相爱慕（不确定）	i ’la liang ke’ da’ ka ai’ mou’	i ’la ’liang ke’ da’ ka ai’ mou’	伊拉兩个大家愛慕		55		true	自旧档汇入	2026-04-13T01:27:08+08:00
Autre	adj.	Ils s'aiment l'un l'-	他们大家相亲相爱（不确定）	i la da’ ka ’h‘ao sèh ke’	i ’la da’ ka ’h‘ao sèh ke’	伊拉大家好煞个		55		true	自旧档汇入	2026-04-13T01:27:08+08:00
Autre	adj.	L'un et l'-	两者	’liang ke’ ih dao		兩个一啕		55		true	自旧档汇入	2026-04-13T01:27:08+08:00
Autre	adj.	Ni l'un ni l'-	（两者中）一个也不	’liang ke’ zi véh		兩个齊勿		55		true	自旧档汇入	2026-04-13T01:27:08+08:00
Autre	adj.	L'un dans l'autre	合并，取长补短	ping’ ’long lai		併攏來		55		true	自旧档汇入	2026-04-13T01:27:08+08:00
Autre	adj.	L'un dans l'autre	合并，取长补短	zih zang ’pou ’teu		截長補短		55		true	自旧档汇入	2026-04-13T01:27:08+08:00
Autre	adj.	- chose est de dire，- chose est de faire	说话是一回事，说是说	wo’ ze’ wo’，tsou’ ze’ tsou’		話是話，做是做		55		true	自旧档汇入	2026-04-13T01:27:08+08:00
Autre	adj.	D'-s personnes, Les -s	别人	biéh ke’ gnen		别个人		55		true	自旧档汇入	2026-04-13T01:27:08+08:00
Autre	adj.	D'-s personnes, Les -s	别人	biéh gnen ka		别人家		55		true	自旧档汇入	2026-04-13T01:27:08+08:00
Autre	adj.	Une - fois	下一回，以后	’hao ih wei		下一回		55		true	自旧档汇入	2026-04-13T01:27:08+08:00
Autre	adj.	Une - fois	下一回，以后	biéh wei		别回		55		true	自旧档汇入	2026-04-13T01:27:08+08:00
Autrefois	adv.	Anciennement, Jadis	过去，从前，往昔	’kou ze kè		古時間		55		true	自旧档汇入	2026-04-13T01:27:08+08:00
Autrefois	adv.	Anciennement, Jadis	过去，从前，往昔	zong zié		從前		55		true	自旧档汇入	2026-04-13T01:27:08+08:00
Autrefois	adv.	Anciennement, Jadis	过去，从前，往昔	hiang’ lai		向來		55		true	自旧档汇入	2026-04-13T01:27:08+08:00
Autrefois	adv.	Anciennement, Jadis	过去，从前，往昔	zah zié deû		着前頭		55		true	自旧档汇入	2026-04-13T01:27:08+08:00
Autrefois	adv.	Anciennement, Jadis	过去，从前，往昔	zah zah zié deû		着着前頭		55		true	自旧档汇入	2026-04-13T01:27:08+08:00
Autrefois	adv.	Comme -	仍旧，照旧	tsao’ ghieû’		照舊		55		true	自旧档汇入	2026-04-13T01:27:08+08:00
Autrefois	adv.	Comme -	仍旧，照旧	zeng ghieû’		仍舊		55		true	自旧档汇入	2026-04-13T01:27:08+08:00
Autrement	adv.	D'une autre façon	别样，不一样，不同	biéh yang’		别樣		55		true	自旧档汇入	2026-04-13T01:27:08+08:00
Autrement	adv.	D'une autre façon	别样，不一样，不同	véh ih yang’		勿一樣		55		true	自旧档汇入	2026-04-13T01:27:08+08:00
Autrement	adv.	D'une autre façon	别样，不一样，不同	liang yang’ ke’	’liang yang’ ke’	兩樣个		55		true	自旧档汇入	2026-04-13T01:27:08+08:00
Autrement	adv.	Sinon… 	否则，不然	véh zé méh		勿然末		55		true	自旧档汇入	2026-04-13T01:27:08+08:00
Autriche	sf.		奥地利	ao’-di’-li’-ya’	ao’-di’-li’-’ya	奥地利亞		55		true	自旧档汇入	2026-04-13T01:27:08+08:00
Autriche	sf.		奥地利	ao’ kôh		奥國		55		true	自旧档汇入	2026-04-13T01:27:08+08:00
Autrache	sf.		鸵鸟	dou ’gnao  [ih tsah]		鴕鳥[一隻]		55		true	自旧档汇入	2026-04-13T01:27:08+08:00
Autrui	sm.		别人	biéh gnen		别人		56		true	自旧档汇入	2026-04-13T01:27:08+08:00
Autrui	sm.		别人	gnen ka		人家		56		true	自旧档汇入	2026-04-13T01:27:08+08:00
Auvent	sm.		(门窗上，墙前的)挡雨披檐,棚罩	yé deû		檐頭		56		true	自旧档汇入	2026-04-13T01:27:08+08:00
Auvent	sm.		(门窗上，墙前的)挡雨披檐,棚罩	yen liang bang		陰凉棚		56		true	自旧档汇入	2026-04-13T01:27:08+08:00
Auxiliaire	sm.		助手	paong zou’ ke’ gnen		帮助个人		56		true	自旧档汇入	2026-04-13T01:27:08+08:00
Auxiliaire	sm.	Missionnaire - (C.)	副本堂神父	fou’ pen daong	fou’ ’pen daong	副本堂		56		true	自旧档汇入	2026-04-13T01:27:08+08:00
Aval	sm.		下游	’hao ’se		下水		56		true	自旧档汇入	2026-04-13T01:27:08+08:00
Aval	sm.		下游	’hao  kaong		下江		56		true	自旧档汇入	2026-04-13T01:27:08+08:00
Avalanche	sf.	de neige	雪崩	sieh peng		雪崩		56	原作“雲崩”	true	自旧档汇入	2026-04-13T01:27:08+08:00
Avalanche	sf.	Arriver comme une -	突如其來	déh zu ghi lai		突如其來		56		true	自旧档汇入	2026-04-13T01:27:08+08:00
Avalanche	sf.	Arriver comme une -	突如其來	ziang zao deû ’yong zaong’ lai	ziang’ zao deû ’yong zaong’ lai	像潮頭涌上來		56		true	自旧档汇入	2026-04-13T01:27:08+08:00
Avaler	va.		吞，咽	t‘en k‘ieh		吞吃		56		true	自旧档汇入	2026-04-13T01:27:08+08:00
Avaler	va.		吞，咽	t‘en ’hao k‘i	t‘en ’hao k‘i’	吞下去		56		true	自旧档汇入	2026-04-13T01:27:08+08:00
Avaler	va.		吞，咽	yé ’hao k‘i’	yé’ ’hao k‘i’	咽下去		56		true	自旧档汇入	2026-04-13T01:27:08+08:00
Avaler	va.		吞，咽	k‘ieh ’hao k‘i’		吃下去		56		true	自旧档汇入	2026-04-13T01:27:08+08:00
Avaloire	sf.		贪吃者的喉咙（法语助手解释，不确定）	heû ts‘ieû	heû’ ts‘ieû	後鞧	後？	56	待定 Croupiere也有此義項 	true	自旧档汇入	2026-04-13T01:27:08+08:00
Avance		(d') Auparavant	提前，预先，事先	zié mié	zié mié’	前面		56		true	自旧档汇入	2026-04-13T01:27:08+08:00
Avance		(d') Auparavant	提前，预先，事先	sié		先		56		true	自旧档汇入	2026-04-13T01:27:08+08:00
Avance		(d') Auparavant	提前，预先，事先	yu’ sié		預先		56		true	自旧档汇入	2026-04-13T01:27:08+08:00
Avance		Plus tôt (adv.)	提前，提早	’tsao ’tié		早點		56		true	自旧档汇入	2026-04-13T01:27:08+08:00
Avance		Faire des -s	提前做，探口风	sié t‘é’ t‘é’ ’k‘eû k‘i’		先探探口氣		56		true	自旧档汇入	2026-04-13T01:27:08+08:00
Avancé		ds une science (pp.)	博识，学问深	hoh ven’ sen		學問深		56		true	自旧档汇入	2026-04-13T01:27:08+08:00
Avancé		Viande -e	快要变质的肉	ts‘eû ’tsé	ts‘eû’ ’tsé	臭者		56		true	自旧档汇入	2026-04-13T01:27:08+08:00
Avancé		Viande -e	快要变质的肉	k‘i’ mi’ ’tsé		氣味者		56		true	自旧档汇入	2026-04-13T01:27:08+08:00
Avancement	sm.	Avoir de l'-	升级，升官	tsin’ ’kieng		進境		56		true	自旧档汇入	2026-04-13T01:27:08+08:00
Avancement	sm.	Avoir de l'-	升级，升官	’tsang tsin	’tsang tsin’	長進		56		true	自旧档汇入	2026-04-13T01:27:08+08:00
Avancement	sm.	Avoir de l'-	升级，升官	seng koé		升官		56		true	自旧档汇入	2026-04-13T01:27:08+08:00
Avancement	sm.	Avoir de l'-	升级，升官	ka kieh		加級		56		true	自旧档汇入	2026-04-13T01:27:08+08:00
Avancer	va.	Pousser	向前移，使前进	zao zié t‘ei		朝前推		56		true	自旧档汇入	2026-04-13T01:27:08+08:00
Avancer	va.	Pousser	向前移，使前进	t‘ei zaong’ zié		推上前		56		true	自旧档汇入	2026-04-13T01:27:08+08:00
Avancer	va.	Porter en avant	向前	zao zié		朝前		56		true	自旧档汇入	2026-04-13T01:27:08+08:00
Avancer	va.	- son départ	提早出发，提前动身	’lao ’lao ’tsao dong (’k‘i) sen	’lao ’lao ’tsao ’dong (’k‘i) sen	老老早動（起）身		56		true	自旧档汇入	2026-04-13T01:27:08+08:00
Avancer	va.	On peut retarder, non -.	我们能延迟，而不是提前（不确定）	tè neng ke’ è’ ’tié，véh neng ke’ tsai’ tsao’	tè neng ke’ è’ ’tié，véh neng ke’ tsai’ ’tsao	單能个晚點，勿能个再早	單能个晏點，勿能个再早	56		true	自旧档汇入	2026-04-13T01:27:08+08:00
Avancer	va.	- de l'argent	预付钱，垫钱	dié’ ’k‘oé		墊款		56		true	自旧档汇入	2026-04-13T01:27:08+08:00
Avancer	va.	- de l'argent	预付钱，垫钱	dié’ dong dié		墊銅錢		56		true	自旧档汇入	2026-04-13T01:27:08+08:00
Avancer	va.	- de l'argent	预付钱，垫钱	dié’ ’pen dié		墊本錢		56		true	自旧档汇入	2026-04-13T01:27:08+08:00
Avancer	va.	- une opinion	提出观点，提出意见	wo’ ts‘éh lai		話出來		56		true	自旧档汇入	2026-04-13T01:27:08+08:00
Avancer	va.	- (vn.) Aller en avant	前进，朝前走	zao zié ’tseû		朝前走		56		true	自旧档汇入	2026-04-13T01:27:08+08:00
Avancer	va.	L'horloge avance	（钟表等）走得快	tsong ’piao ’tseû teh t‘ai’ k‘oa’		鐘表走得太快		56	保留簡體 讀音待定	true	自旧档汇入	2026-04-13T01:27:08+08:00
Avancer	va.	Faire des progrès 	进展，进步	’tsang tsin’		長進		56		true	自旧档汇入	2026-04-13T01:27:08+08:00
Avancer	va.	Faire des progrès 	进展，进步	tsin’ ’kieng		進境		56		true	自旧档汇入	2026-04-13T01:27:08+08:00
Avancer	va.	Toucher au terme	（时间）流逝，到尽头	wé k‘oa’ ’tsé		完快者		56		true	自旧档汇入	2026-04-13T01:27:08+08:00
Avanie	sf.		当众侮辱	k‘i’ ’wou	k‘i ’wou	欺侮		56		true	自旧档汇入	2026-04-13T01:27:08+08:00
Avant	sm.	d'une barque	前部-船头	zé deû		船頭		56		true	自旧档汇入	2026-04-13T01:27:08+08:00
Avant	adv.	Antérieurement	以前，之前，在前面	zié deû k‘i’		前頭去		56		true	自旧档汇入	2026-04-13T01:27:08+08:00
Avant	adv.	Au dessus de : - lui	在他之前	léh ’la i zaong’ deû		垃拉伊上頭		56		true	自旧档汇入	2026-04-13T01:27:08+08:00
Avant	adv.	#NAME?	以…为首要、第一	’la ih ’tsong ke’ zié deû	’la ih tsong’ ke’ zié deû	拉一衆个前頭		56		true	自旧档汇入	2026-04-13T01:27:08+08:00
Avant	adv.	#NAME?	以…为首要、第一	di’ (deû) ih		第（頭）一		56		true	自旧档汇入	2026-04-13T01:27:08+08:00
Avant	adv.	En -	在前面，领头	’la zié deû		拉前頭		56		true	自旧档汇入	2026-04-13T01:27:08+08:00
Avant	adv.	En -	在前面，领头	’ling deû		领頭		56		true	自旧档汇入	2026-04-13T01:27:08+08:00
Avant	adv.	En -	在前面，领头	’k‘i deû		起頭		56		true	自旧档汇入	2026-04-13T01:27:08+08:00
Avant	adv.	Fig. Se mettre en -	出头，标榜自己	ts‘éh deû		出頭		56		true	自旧档汇入	2026-04-13T01:27:08+08:00
Avantage	sm.	Utilité	利益，方便，好处	bié gni		便宜		57		true	自旧档汇入	2026-04-13T01:27:08+08:00
Avantage	sm.	Utilité	利益，方便，好处	’hao ts‘u’	’h‘ao ts‘u’	好處		57		true	自旧档汇入	2026-04-13T01:27:08+08:00
Avantage	sm.	Chercher son propre -	只顾自己的利益	tè kou’ ze’ ka ke’ ’h‘ao ts‘u’		單顧自家个好處		57		true	自旧档汇入	2026-04-13T01:27:08+08:00
Avantage	sm.	Supériorité : obtenir l'-	获得优势	teh zah		得着		57		true	自旧档汇入	2026-04-13T01:27:08+08:00
Avantage	sm.	Supériorité : obtenir l'-	获得优势	tao’ ’seû		到手		57		true	自旧档汇入	2026-04-13T01:27:08+08:00
Avantageux	adj.		有好处的	’yeû ’h‘ao ts‘u’ ke’		有好處个		57		true	自旧档汇入	2026-04-13T01:27:08+08:00
Avantageux	adj.		合算的	bié’ gni ke’		便宜个		57		true	自旧档汇入	2026-04-13T01:27:08+08:00
Avantageux	adj.	Commode	方便的，合适的	bié’ taong’ ke’		便當个		57		true	自旧档汇入	2026-04-13T01:27:08+08:00
Avantageux	adj.	Commode	方便的，合适的	seh i’ ke’		適意个		57		true	自旧档汇入	2026-04-13T01:27:08+08:00
Avant-bras	sm.		前臂	pi’ pôh		臂膊		57		true	自旧档汇入	2026-04-13T01:27:08+08:00
Avant-coureur		(Signe)	预兆	’yu zao’	yu’ zao’	預兆		57		true	自旧档汇入	2026-04-13T01:27:08+08:00
Avant-garde	sf. 书上还有adj.带括号，不确定是否是这个词		【军事】前卫，先遣队	zié yeng		前營		57		true	自旧档汇入	2026-04-13T01:27:08+08:00
Avant-hier	adv.		前天	kèh zôh gnéh		夾昨日		57	待定	true	自旧档汇入	2026-04-13T01:27:08+08:00
Avant-hier	adv.		前天	kou’ gnéh ’tse		過日子		57		true	自旧档汇入	2026-04-13T01:27:08+08:00
Avant-midi			上午，早上	zaong’ pé’ gnéh		上半日		57		true	自旧档汇入	2026-04-13T01:27:08+08:00
Avant-midi			上午，早上	n zié	’n zié	午前		57		true	自旧档汇入	2026-04-13T01:27:08+08:00
Avant-propos	sm.		前言，序言	zu’		序		57	待定	true	自旧档汇入	2026-04-13T01:27:08+08:00
Avant-propos	sm.		前言，序言	siao ’yen	’siao ’yen	小引		57		true	自旧档汇入	2026-04-13T01:27:08+08:00
Avant toit	sm.		屋檐，檐子	laong yé		廊檐		57		true	自旧档汇入	2026-04-13T01:27:08+08:00
Avant toit	sm.		屋檐，檐子	ôh yé		屋檐		57		true	自旧档汇入	2026-04-13T01:27:08+08:00
Avant-veille	sf.		前两天	zié ’liang gnéh		前兩日		57		true	自旧档汇入	2026-04-13T01:27:08+08:00
Avant-veille	sf.		前两天	zah kou’ gnéh‘tse		着過日子		57		true	自旧档汇入	2026-04-13T01:27:08+08:00
Avare	sm. et adj.		吝啬的，贪财的	k‘è lin	k‘è lin’	慳吝		57		true	自旧档汇入	2026-04-13T01:27:08+08:00
Avare	sm. et adj.		吝啬的，贪财的	’siao k‘i’		小器		57		true	自旧档汇入	2026-04-13T01:27:08+08:00
Avare	sm. et adj.	- de son temps	爱惜时光	ai’ sieh ze heû’		愛惜時候		57		true	自旧档汇入	2026-04-13T01:27:08+08:00
Avare	sm. et adj.	- de son temps	爱惜时光	gnôh mô kong fou		肉麻功夫		57		true	自旧档汇入	2026-04-13T01:27:08+08:00
Avarice	sf.		吝啬，悭吝	k‘è lin’		慳吝		57		true	自旧档汇入	2026-04-13T01:27:08+08:00
Avarice	sf.		吝啬，悭吝	’siao k‘i’		小器		57		true	自旧档汇入	2026-04-13T01:27:08+08:00
Avarie	sf.		损坏，【航海】海损	’tang wa’ ke’ wou’ daong	’tang wa’ ke’ wou’ ’daong	打壞个户蕩		57	蕩上聲 壞字形	true	自旧档汇入	2026-04-13T01:27:08+08:00
Ave Maria		(un) (C.)	圣母经	ih pié’ Seng’ ’mou kieng		一遍聖母經		57		true	自旧档汇入	2026-04-13T01:27:08+08:00
Avec	prép.		和，同，跟，与	dong		同		57		true	自旧档汇入	2026-04-13T01:27:08+08:00
Avec	prép.		和，同，跟，与	lié		連		57		true	自旧档汇入	2026-04-13T01:27:08+08:00
Avec	prép.		和，同，跟，与	tèh		搭		57		true	自旧档汇入	2026-04-13T01:27:08+08:00
Avec	prép.		和，同，跟，与	yong’		用		57		true	自旧档汇入	2026-04-13T01:27:08+08:00
Avec	prép.	Frapper - un bâton	用棍子打	yong’ koen’ ’tse lai ’tang		用棍子來打		57	“棍”字声调待定，本字典多作上声	true	自旧档汇入	2026-04-13T01:27:08+08:00
Avenant	adj.		讨人喜欢的，亲切的	wou yé yeuh seh ke’		和顔悦色个		57		true	自旧档汇入	2026-04-13T01:27:08+08:00
Avènement		(À l') du Messie	(基督的)降临, 来临	T‘ié ’tsu kiang’ seng ke’ ze h‘eû’	T‘ié ’tsu kiang’ seng ke’ ze heû’	天主降生个時候		57		true	自旧档汇入	2026-04-13T01:27:08+08:00
Avènement		Le jour de l'- de l'Empereur	登基, 即位	waong ti’ teng ki ke’ gnéh’ tse	waong ti’ teng ki ke’ gnéh ’tse	皇帝登基个日子		57	印刷錯誤	true	自旧档汇入	2026-04-13T01:27:08+08:00
Avenir	sm.		将来，未来	tsiang lai ke’		將來个		57		true	自旧档汇入	2026-04-13T01:27:08+08:00
Avenir	sm.		将来，未来	heû’ lai ke’		後來个		57		true	自旧档汇入	2026-04-13T01:27:08+08:00
Avenir	sm.	À l'- loc. adv.	以后，今后	tsiang lai		將來		57		true	自旧档汇入	2026-04-13T01:27:08+08:00
Avenir	sm.	À l'- loc. adv.	以后，今后	’i heû’		以後		57		true	自旧档汇入	2026-04-13T01:27:08+08:00
Avent		1er 2e … Dimanche de l'-	圣诞节前的四星期，将临期	Ya sou seng’ tè’ zié di’ se’ (sè) … ke’ ’tsu gnéh		耶穌聖誕前第四（三）…个主日		57		true	自旧档汇入	2026-04-13T01:27:08+08:00
Aventure	sf.		意外事件，突发事件，奇遇	’ngeû zé ke’ ze’ ’t‘i		偶然个事體		57		true	自旧档汇入	2026-04-13T01:27:08+08:00
Aventure	sf.	À l'- loc. adv.	盲目地，轻率地	maong ts‘ih maong pèh		惘七惘八		57	待定	true	自旧档汇入	2026-04-13T01:27:08+08:00
Aventure	sf.	Dire la bonne -	算命	seu’ ming’		算命		57		true	自旧档汇入	2026-04-13T01:27:08+08:00
Aventurer	vr.	(S.)	冒险	mao’ ’hié		冒險		57		true	自旧档汇入	2026-04-13T01:27:08+08:00
Aventurier	sm.	Coureur	冒险家（感觉和上海话文本有出入？）	p‘iao lieû		飄流		57		true	自旧档汇入	2026-04-13T01:27:08+08:00
Aventurier	sm.	Escroc	骗子，诈骗者	’koa ’tse		拐子		57		true	自旧档汇入	2026-04-13T01:27:08+08:00
Avenu	pp.	(Non)	等于零的，完全无效的	véh seu’		勿算		57		true	自旧档汇入	2026-04-13T01:27:08+08:00
Avenue	sf.		途径	men dao		門道		57		true	自旧档汇入	2026-04-13T01:27:08+08:00
Avenue	sf.		通道，大道	tsin’ tséh lou’		進出路		57		true	自旧档汇入	2026-04-13T01:27:08+08:00
Avenue	sf.		通道，大道	yong dao	’yong dao	甬道		57	原作“[彳甬亍]道”	true	自旧档汇入	2026-04-13T01:27:08+08:00
Avéré	pp.		被证实的，确实的	ih ding’ ’yeû ke’		一定有个		58		true	自旧档汇入	2026-04-13T01:27:08+08:00
Averse	sf.		大雨，骤雨	ih zen’ dou’ ’yu		一陣大雨		58		true	自旧档汇入	2026-04-13T01:27:08+08:00
Averse	sf.		大雨，骤雨	ih zen’ wang ’yu		一陣横雨		58		true	自旧档汇入	2026-04-13T01:27:08+08:00
Aversion	sf.	Avoir de l'-	厌恶，憎恶	yé’ ou’		厭惡		58		true	自旧档汇入	2026-04-13T01:27:08+08:00
Aversion	sf.	Provoquer l'-	引起厌恶，讨厌	t‘ao yé’	’t‘ao yé’	討厭		58		true	自旧档汇入	2026-04-13T01:27:08+08:00
Avertir	va.		通知，告知	kao’ sou	kao’ sou’	告訴		58		true	自旧档汇入	2026-04-13T01:27:08+08:00
Avertir	va.		通知，告知	wei deû		回頭		58		true	自旧档汇入	2026-04-13T01:27:08+08:00
Avertir	va.		通知，告知	dao’ dèh’ ’tse péh	dao’ dèh ’tse péh	道達指撥		58	印刷錯誤	true	自旧档汇入	2026-04-13T01:27:08+08:00
Avertir	va.	- un mandarin	报官	pao’ koé		報官		58		true	自旧档汇入	2026-04-13T01:27:08+08:00
Avertir	va.	- un mandarin	报官	koè tsao’		關照		58		true	自旧档汇入	2026-04-13T01:27:08+08:00
Avertir	va.	- par écrit; l'écrit lui-même	书面禀报	’pin pao’		禀報		58		true	自旧档汇入	2026-04-13T01:27:08+08:00
Avertir	va.	- par écrit; l'écrit lui-même	书面禀报	di zeng ’tse		提呈紙		58		true	自旧档汇入	2026-04-13T01:27:08+08:00
Avertir	va.	- l'Empereur	启奏，奏明	tseû’ ming		奏明		58		true	自旧档汇入	2026-04-13T01:27:08+08:00
Avertir	va.	- l'Empereur	启奏，奏明	’k‘i tseû	’k‘i tseû’	啟奏		58		true	自旧档汇入	2026-04-13T01:27:08+08:00
Avertissement	sm.		通知，警告，训斥	kiao’ hiun’		教訓		58		true	自旧档汇入	2026-04-13T01:27:08+08:00
Avertissement	sm.		通知，警告，训斥	ting tsôh		叮囑		58		true	自旧档汇入	2026-04-13T01:27:08+08:00
Avertissement	sm.	Avant-propos	序言，引子	zu’		序		58		true	自旧档汇入	2026-04-13T01:27:08+08:00
Avertissement	sm.	Avant-propos	序言，引子	’yen		引		58		true	自旧档汇入	2026-04-13T01:27:08+08:00
Aveu	sm.	Faire l'-	承认，招认	gnen’ zu’		認罪		58		true	自旧档汇入	2026-04-13T01:27:08+08:00
Aveu	sm.	Faire l'-	承认，招认	gnen’ ts‘ouo		認差		58		true	自旧档汇入	2026-04-13T01:27:08+08:00
Aveu	sm.	Faire l'-	承认，招认	’k‘eû kong’		口供		58	待定 供聲調	true	自旧档汇入	2026-04-13T01:27:08+08:00
Aveu	sm.	- extorqué par la torture	屈打成招	k‘ieuh ’tang zeng tsao		屈打成招		58		true	自旧档汇入	2026-04-13T01:27:08+08:00
Aveu	sm.	De l'- de tous	根据众人的证明	’tsong gnen wo’	tsong’ gnen wo’	衆人話		58		true	自旧档汇入	2026-04-13T01:27:08+08:00
Aveu	sm.	De l'- de tous	根据众人的证明	’tsong ’k‘eû ih ze	tsong’ ’k‘eû ih ze	衆口一辭		58		true	自旧档汇入	2026-04-13T01:27:08+08:00
Aveu	sm.	Gens sans -	游民	yeu min	yeû min	游民		58		true	自旧档汇入	2026-04-13T01:27:08+08:00
Aveu	sm.	Gens sans -	游民	m ming pah sing’		無名百姓	嘸名百姓	58		true	自旧档汇入	2026-04-13T01:27:08+08:00
Aveugle	sm.		瞎子，盲人	hèh ’tse	h‘èh ’tse	瞎子		58		true	自旧档汇入	2026-04-13T01:27:08+08:00
Aveugle	sm.		瞎子，盲人	hèh ngè	h‘èh ’ngè	瞎眼		58		true	自旧档汇入	2026-04-13T01:27:08+08:00
Aveuglé	pp. Fig.		盲目的，轻率的，丧失理智的	mi ’tsé		迷者		58		true	自旧档汇入	2026-04-13T01:27:08+08:00
Aveuglé	pp. Fig.		盲目的，轻率的，丧失理智的	mi woh ’tsé		迷惑者		58		true	自旧档汇入	2026-04-13T01:27:08+08:00
Aveuglé	pp. Fig.		盲目的，轻率的，丧失理智的	hoen mi ’tsé	h‘oen mi ’tsé	昏迷者		58		true	自旧档汇入	2026-04-13T01:27:08+08:00
Aveuglément	adv.	À l'aveugle	盲目地，轻率地	hèh	h‘èh	瞎		58		true	自旧档汇入	2026-04-13T01:27:08+08:00
Aveuglément	adv.	À l'aveugle	盲目地，轻率地	hèh lai lai	h‘èh lai lai	瞎來來		58		true	自旧档汇入	2026-04-13T01:27:08+08:00
Aveuglément	adv.	À l'aveugle	盲目地，轻率地	hoen mi péh ’sing	h‘oen mi péh ’sing	昏迷不醒		58		true	自旧档汇入	2026-04-13T01:27:08+08:00
Aveuglément	adv.	À l'aveugle	盲目地，轻率地	véh kou’ zié heû’		勿顧前後		58		true	自旧档汇入	2026-04-13T01:27:08+08:00
Aveugler	va. Fig.		使失明，使失去理智	long’ hèh		弄瞎		58		true	自旧档汇入	2026-04-13T01:27:08+08:00
Aveugler	va. Fig.		使失明，使失去理智	mong pi	mong pi’	蒙蔽		58	原作“矇蔽”	true	自旧档汇入	2026-04-13T01:27:08+08:00
Aveugler	va. Fig.	S'- obstinément (vr.)	不辨是非真假	ze’ ka k‘i mé ze’ ka		自家欺瞞自家		58		true	自旧档汇入	2026-04-13T01:27:08+08:00
Avide	adj.	de richesse	贪财的，贪婪的	t‘é zai		貪財		58		true	自旧档汇入	2026-04-13T01:27:08+08:00
Avide	adj.	de richesse	贪财的，贪婪的	tsié tseu		尖鑽		58	待定 鑽聲調	true	自旧档汇入	2026-04-13T01:27:08+08:00
Avidité	sf.		贪欲，贪婪	t‘é sin		貪心		58		true	自旧档汇入	2026-04-13T01:27:08+08:00
Avilir	vr.	(S')	变卑鄙	pei zié ze’ ka	pei zié’ ze’ ka	卑賤自家		58		true	自旧档汇入	2026-04-13T01:27:08+08:00
Avilissant	adj.		使卑鄙的，使可耻的	pei zié	pei zié’	卑賤		58		true	自旧档汇入	2026-04-13T01:27:08+08:00
Aviné	pp.		喝多了的，酒醉的	’tsieû tsu’ ke’		酒醉个		58		true	自旧档汇入	2026-04-13T01:27:08+08:00
Aviron	sm.		（船）浆	tsiang		漿		58		true	自旧档汇入	2026-04-13T01:27:08+08:00
Avis	sm.	Opinion	意见，建议	i’ kié’		意見		58		true	自旧档汇入	2026-04-13T01:27:08+08:00
Avis	sm.	Opinion	意见，建议	kié’ seh		見識		58		true	自旧档汇入	2026-04-13T01:27:08+08:00
Avis	sm.	Opinion	意见，建议	’tsu i’		主意		58		true	自旧档汇入	2026-04-13T01:27:08+08:00
Avis	sm.	À mon -	依我所见，在我看来	i ’ngou seh		依我説		58		true	自旧档汇入	2026-04-13T01:27:08+08:00
Avis	sm.	À mon -	依我所见，在我看来	i ’ngou k‘eu’ ’k‘i lai		依我看起來		58	字形	true	自旧档汇入	2026-04-13T01:27:08+08:00
Avis	sm.	À mon humble- (Pol.)	依我愚见	tsao’ ’ngou ke’ gnu kié’		照我个愚見		58		true	自旧档汇入	2026-04-13T01:27:08+08:00
Avis	sm.	Détermination, Instructions	定主意，劝告，教训	ding’ ’tsu i’		定主意		58		true	自旧档汇入	2026-04-13T01:27:08+08:00
Avis	sm.	Détermination, Instructions	定主意，劝告，教训	kiao’ hiun	kiao’ hiun’	教訓		58		true	自旧档汇入	2026-04-13T01:27:08+08:00
Avis	sm.	Préface, Nouvelle	风声，小序	’siao zu’		小序		58		true	自旧档汇入	2026-04-13T01:27:08+08:00
Avis	sm.	Préface, Nouvelle	风声，小序	’siao ‘yen		小引		58		true	自旧档汇入	2026-04-13T01:27:08+08:00
Avis	sm.	Préface, Nouvelle	风声，小序	fong seng		風聲		58		true	自旧档汇入	2026-04-13T01:27:08+08:00
Avis	sm.	Affiche privée, Affiche officielle	通知，布告	kao’ bah		告白		58		true	自旧档汇入	2026-04-13T01:27:08+08:00
Avis	sm.	Affiche privée, Affiche officielle	通知，布告	kao’ ze’		告示		58		true	自旧档汇入	2026-04-13T01:27:08+08:00
Avisé	adj.		谨慎的，深思熟虑的	ming bah		明白		58		true	自旧档汇入	2026-04-13T01:27:08+08:00
Aviser	va.	Apercevoir	看出，发现	k‘eu’ kié	k‘eu’ kié’	看見		58		true	自旧档汇入	2026-04-13T01:27:08+08:00
Aviser	va.	Donner avis de	通知	kao sou’	kao’ sou’	告訴		59		true	自旧档汇入	2026-04-13T01:27:08+08:00
Aviser	va.	Donner avis de	通知	wei deû sang		回頭聲		59		true	自旧档汇入	2026-04-13T01:27:08+08:00
Aviser	vn.	Réfléchir à	考虑，想	’siang ih ’siang		想一想		59		true	自旧档汇入	2026-04-13T01:27:08+08:00
Aviser	va.	S'- de (vr.)	想起，觉察	se ’siang		思想		59		true	自旧档汇入	2026-04-13T01:27:08+08:00
Aviso	sm.		通信艇，护卫舰	song’ sin ke’ ping zé	song’ sin’ ke’ ping zé	送信个兵船		59	字形	true	自旧档汇入	2026-04-13T01:27:08+08:00
Avoine	sf.		燕麦	tsiah mah		雀麥		59	待定	true	自旧档汇入	2026-04-13T01:27:08+08:00
Avoine	sf.		燕麦	ya mah	’ya mah	野麥		59		true	自旧档汇入	2026-04-13T01:27:08+08:00
Avoir	sm.	Patrimoine	家产，财富	ka ’ts‘è		家産		59		true	自旧档汇入	2026-04-13T01:27:08+08:00
Avoir	sm.	Patrimoine	家产，财富	ka taong	ka taong’	家當		59		true	自旧档汇入	2026-04-13T01:27:08+08:00
Avoir	sm.	Patrimoine	家产，财富	zai bah		財帛		59		true	自旧档汇入	2026-04-13T01:27:08+08:00
Avoir	sm.	L'- d'un commerçant	商人的本钱	’pen dié		本錢		59		true	自旧档汇入	2026-04-13T01:27:08+08:00
Avoir	sm.	Le doit et l'-	？	’pen k‘ié’		本欠		59		true	自旧档汇入	2026-04-13T01:27:08+08:00
Avoir	va.	Posséder	有，具有，拥有	’yeû		有		59		true	自旧档汇入	2026-04-13T01:27:08+08:00
Avoir	vn.	Exister, Il y a	有	’yeû		有		59		true	自旧档汇入	2026-04-13T01:27:08+08:00
Avoir	vn.	Il y en a qui disent.	有人说	’yeû gnen wo’		有人話		59		true	自旧档汇入	2026-04-13T01:27:08+08:00
Avoir	vn.	Il n'y a pas 2 li.	不到二里	véh ’mé (siao) gni’ ’li		勿滿（消）二里		59		true	自旧档汇入	2026-04-13T01:27:08+08:00
Avoir	vn.	Il n'y a que 2 li.	不过二里路	véh kou’ gni’ ’li lou’		勿過二里路		59		true	自旧档汇入	2026-04-13T01:27:08+08:00
Avoisiner	va.		与…临近	siang ghien’		相近		59		true	自旧档汇入	2026-04-13T01:27:08+08:00
Avorté	pp.	[projet]	失败的，有始无终的	’yeû se wou tsong		有始無終		59		true	自旧档汇入	2026-04-13T01:27:08+08:00
Avortement	sm.		流产，小产	’siao ’ts‘è		小産		59		true	自旧档汇入	2026-04-13T01:27:08+08:00
Avortement	sm.		流产，小产	’siao ’song ’m		小十五		59	待定	true	自旧档汇入	2026-04-13T01:27:08+08:00
Avorter	va.	Faire -	打胎	tsou’ ’siao ’song ’m		做小十五		59	待定	true	自旧档汇入	2026-04-13T01:27:08+08:00
Avorter	va.	Faire -	打胎	’tang t‘ai		打胎		59		true	自旧档汇入	2026-04-13T01:27:08+08:00
Avorter	vn.	(v.g. un fruit)	？化掉？	h‘ouo’ t‘éh		化脱		59		true	自旧档汇入	2026-04-13T01:27:08+08:00
Avorter	vn.	(v.g. une affaire)	中止一项事物，坏掉	wa’ t‘éh		壞脱		59		true	自旧档汇入	2026-04-13T01:27:08+08:00
Avorton	sm.	(mort-né)	死产儿	t‘ai ’li ’si ke’		胎裏死个		59		true	自旧档汇入	2026-04-13T01:27:08+08:00
Avoué	sm.	[en Chine]	诉讼代理人	dai su	dai’ su	代書		59		true	自旧档汇入	2026-04-13T01:27:08+08:00
Avoué	sm.	[en Chine]	诉讼代理人	zong’ se		訟師		59		true	自旧档汇入	2026-04-13T01:27:08+08:00
Avouer	va.	son erreur	认罪，认错，承认	gnen’ ts‘ouo		認差		59		true	自旧档汇入	2026-04-13T01:27:08+08:00
Avouer	va.	son erreur	认罪，认错，承认	tsao véh ze’		招勿是		59		true	自旧档汇入	2026-04-13T01:27:08+08:00
Avouer	va.	son erreur	认罪，认错，承认	bei’ véh ze’	bei véh ze’	賠勿是		59	原作“陪勿是”	true	自旧档汇入	2026-04-13T01:27:08+08:00
Avril	sm.		四月	si lih se’ gneuh		西曆四月		59		true	自旧档汇入	2026-04-13T01:27:08+08:00
Avril	sm.	Vers le 5-	清明	ts‘ing ming		清明		59		true	自旧档汇入	2026-04-13T01:27:08+08:00
Avril	sm.	Vers le 20-	谷雨	kôh ’yu		穀雨		59		true	自旧档汇入	2026-04-13T01:27:08+08:00
Axe	sm.	(de la terre)	（地）轴	di’ ghiôh		地軸		59		true	自旧档汇入	2026-04-13T01:27:08+08:00
Axiome	sm.		公理，公认的原则	tse’ ’li		至理		59		true	自旧档汇入	2026-04-13T01:27:08+08:00
Axonge	sf.		熟猪油	tse yeû		猪油		59		true	自旧档汇入	2026-04-13T01:27:08+08:00
Azerole	sf.	Confitures d'-s	山楂	sè zouo ’kou		山楂果		59		true	自旧档汇入	2026-04-13T01:27:08+08:00
Azerole	sf.	Confitures d'-s	山楂	sè zouo kao		山楂糕		59		true	自旧档汇入	2026-04-13T01:27:08+08:00
Azerolier	sm.		山楂树	sè zouo zu’		山楂樹		59		true	自旧档汇入	2026-04-13T01:27:08+08:00
Azote	sm.		氮气	dè’ k‘i’		淡氣		59		true	自旧档汇入	2026-04-13T01:27:08+08:00
Azur	sm.	Couleur d'-	天蓝色，青色	ts‘ing seh		青色		59		true	自旧档汇入	2026-04-13T01:27:08+08:00
Azur	sm.	Couleur d'-	天蓝色，青色	t‘ié ts‘ing seh		天青色		59		true	自旧档汇入	2026-04-13T01:27:08+08:00
Azuré	adj.	Ciel -	天蓝色的，青色的	ts‘ing		青		59		true	自旧档汇入	2026-04-13T01:27:08+08:00
Azuré	adj.	Ciel -	天蓝色的，青色的	ts‘ing t‘ié		青天		59		true	自旧档汇入	2026-04-13T01:27:08+08:00
Azyme	adj.	(Pain)	无酵面饼	m kao’ mié’ ping (mé deû)	m kao’ mié’ ’ping (mé deû)	無酵麵餅（饅頭）	嘸酵麵餅（饅頭）	59	原作“無酵麵餅（頭饅）”	true	自旧档汇入	2026-04-13T01:27:08+08:00
Azyme	adj.	,, pour l'autel (C.)	圣体饼	tsi’ ’ping		祭餅		59		true	自旧档汇入	2026-04-13T01:27:08+08:00
Babel		(La tour de)	巴别（塔）	ba-péh-eul t‘èh	’ba-péh-eul t‘èh	罷伯兒塔		59	待定 罷聲調	true	自旧档汇入	2026-04-13T01:27:08+08:00
Babil	sm.		闲言碎语	tou wo’		多話		60		true	自旧档汇入	2026-04-13T01:27:08+08:00
Babil	sm.		闲言碎语	li’ ’tse		利嘴		60		true	自旧档汇入	2026-04-13T01:27:08+08:00
Babillard	adj.		爱絮叨的	tou ’tse tou zéh deû		多嘴多舌頭		60		true	自旧档汇入	2026-04-13T01:27:08+08:00
Babillard	adj.		爱絮叨的	k‘oa ’tse	k‘oa’ ’tse	快嘴		60		true	自旧档汇入	2026-04-13T01:27:08+08:00
Babiller	vn.		喋喋不休地说	wo’ véh ding		話勿停		60		true	自旧档汇入	2026-04-13T01:27:08+08:00
Babine, Babouine	sf.		嘴唇	’tse zen		嘴唇		60		true	自旧档汇入	2026-04-13T01:27:08+08:00
Babine, Babouine	sf.	S'en lécher les -s	(想到一件愉快事时)舔舔嘴唇	’tse zen tèh ke’ tèh		嘴唇搭个搭		60	待定	true	自旧档汇入	2026-04-13T01:27:08+08:00
Babiole	sf.		小事，小玩意儿	eul hi’		兒戲		60		true	自旧档汇入	2026-04-13T01:27:08+08:00
Babiole	sf.		小事，小玩意儿	long’ h‘ouo ’k‘iao		弄花巧		60		true	自旧档汇入	2026-04-13T01:27:08+08:00
Babord	sm.		【航海】左舷	zé ’tsi mié’		船左面		60		true	自旧档汇入	2026-04-13T01:27:08+08:00
Babord	sm.		【航海】左舷	lou heû’	’lou heû’	櫓後		60		true	自旧档汇入	2026-04-13T01:27:08+08:00
Bac	sm.	Passer un -	渡轮，渡船	’pa dou’ zé		擺渡船		60		true	自旧档汇入	2026-04-13T01:27:08+08:00
Bac	sm.	Passer un -	渡轮，渡船	’pa dou’		擺渡		60		true	自旧档汇入	2026-04-13T01:27:08+08:00
Bâche	sf.	arrondie	篷布，车篷	ts‘ouo kong		車弓		60		true	自旧档汇入	2026-04-13T01:27:08+08:00
Bachelier	sm.		秀才	sieû’ zai		秀才		60		true	自旧档汇入	2026-04-13T01:27:08+08:00
Bâcler	va.	une porte	闩上（门窗）	sé men		閂門		60		true	自旧档汇入	2026-04-13T01:27:08+08:00
Bâcler	va.	une porte	闩上（门窗）	zaong’ men sé		上門閂		60		true	自旧档汇入	2026-04-13T01:27:08+08:00
Bâcler	va.	- la besogne	草率地做	tsou’ teh lai ts‘aong maong		做得來倉忙		60	原作“做得來蒼忙”	true	自旧档汇入	2026-04-13T01:27:08+08:00
Badaud	sm.		在路上闲逛的人，闲人	hè gnen		閑人		60		true	自旧档汇入	2026-04-13T01:27:08+08:00
Badauder	vn.		东游西逛，东张西望	tong maong’ si maong’		東望西望		60		true	自旧档汇入	2026-04-13T01:27:08+08:00
Badigeon	sm.	à la chaux	石灰浆	zah hoei tsiang ’se	zah h‘oei tsiang ’se	石灰漿水		60		true	自旧档汇入	2026-04-13T01:27:08+08:00
Badigeon	sm.	à la chaux	粉刷用浆	ngè liao’ ’se		顔料水		60		true	自旧档汇入	2026-04-13T01:27:08+08:00
Badigeonner	va.	- un mur	粉刷	’fen séh ’fen séh		粉刷粉刷		60		true	自旧档汇入	2026-04-13T01:27:08+08:00
Badigeonner	va.	- un mur	粉刷墙壁	’fen ziang		粉墻		60		true	自旧档汇入	2026-04-13T01:27:08+08:00
Badin	adj.		爱打趣的，戏谑的	k‘a’ wéh gnen		快活人		60		true	自旧档汇入	2026-04-13T01:27:08+08:00
Badin	adj.		爱打趣的，戏谑的	long’ béh siang’ ke’		弄孛相个		60		true	自旧档汇入	2026-04-13T01:27:08+08:00
Badinage	sm.		开玩笑，打趣	’siao wo’	siao’ wo’	笑話		60	變調	true	自旧档汇入	2026-04-13T01:27:08+08:00
Badiner	vn.		说笑话，打趣	wo’ siao’ wo’		話笑話		60		true	自旧档汇入	2026-04-13T01:27:08+08:00
Bafoué	pp.	(Être)	被嘲笑	’zeû siao’		受笑		60		true	自旧档汇入	2026-04-13T01:27:08+08:00
Bafouer	va.		讥笑，凌辱	ki siao’		譏笑		60		true	自旧档汇入	2026-04-13T01:27:08+08:00
Bafouer	va.		讥笑，凌辱	ling zôh		凌辱		60		true	自旧档汇入	2026-04-13T01:27:08+08:00
Bagages	sm.		行李	hang ’li		行李		60		true	自旧档汇入	2026-04-13T01:27:08+08:00
Bagages	sm.		行李	méh ze’		物事		60		true	自旧档汇入	2026-04-13T01:27:08+08:00
Bagages	sm.		行李	tong si		東西		60		true	自旧档汇入	2026-04-13T01:27:08+08:00
Bagarre	sf.		吵架，打架，殴斗	leu’ nao’		亂鬧		60		true	自旧档汇入	2026-04-13T01:27:08+08:00
Bagatelle	sf.		小玩意儿，小事	’siao ze’		小事		60		true	自旧档汇入	2026-04-13T01:27:08+08:00
Bagatelle	sf.		小玩意儿，小事	eul hi’		兒戲		60		true	自旧档汇入	2026-04-13T01:27:08+08:00
Bagatelle	sf.	Dire des -s	说闲话	wo’ hè wo’		話閑話		60		true	自旧档汇入	2026-04-13T01:27:08+08:00
Bague	sf.		戒指	ka’ ’tse		戒指		60		true	自旧档汇入	2026-04-13T01:27:08+08:00
Baguenauder	vn.		做闲事	béh siang’		孛相		60		true	自旧档汇入	2026-04-13T01:27:08+08:00
Baguenauder	vn.		喜欢讲笑话	’hi foé wo’ siao’ wo’		喜歡話笑話		60		true	自旧档汇入	2026-04-13T01:27:08+08:00
Baguette	sf.		小棒，小棍	’siao ’baong deû		小棒頭		60		true	自旧档汇入	2026-04-13T01:27:08+08:00
Baguette	sf.	- de tambour	鼓槌	’kou ze		鼓槌		60	待定	true	自旧档汇入	2026-04-13T01:27:08+08:00
Baguette	sf.	- de fusil	古代枪支中推弹药的细杆	tsaong ts‘iang sah ’tse		裝槍栅子		60		true	自旧档汇入	2026-04-13T01:27:08+08:00
Bahut	sm.		木柜，衣橱，餐具橱	ghiu’ [ih tsang]		櫃[一張]		60		true	自旧档汇入	2026-04-13T01:27:08+08:00
Bai	adj.	(Cheval)	（枣红色的）马	’tse mô’	’tse ’mô	紫馬		60		true	自旧档汇入	2026-04-13T01:27:08+08:00
Baie	sf.		大海湾，港湾	’h‘ai wè		海灣		60		true	自旧档汇入	2026-04-13T01:27:08+08:00
Baigner	vr.	(Se)	沐浴，洗澡	zing yôh	zing’ yôh	净浴		60		true	自旧档汇入	2026-04-13T01:27:08+08:00
Baigner	vr.	(Se)	沐浴，洗澡	yôh sen		浴身		60		true	自旧档汇入	2026-04-13T01:27:08+08:00
Baignoire	sf.		浴桶，澡盆	yôh (ben) ’dong		浴（盆）桶		60		true	自旧档汇入	2026-04-13T01:27:08+08:00
Bail	sm.		租约，租契	tsou yah		租約		60		true	自旧档汇入	2026-04-13T01:27:08+08:00
Bail	sm.		租约，租契	tsou k‘i	tsou k‘i’	租契		60		true	自旧档汇入	2026-04-13T01:27:08+08:00
Bail	sm.		租约，租契	gnen’ k‘i’		認契		60		true	自旧档汇入	2026-04-13T01:27:08+08:00
Bâiller	vn.		打呵欠	’tang hoh hiéh	’tang h‘oh hiéh	打呵嗋	打？？	60	待定	true	自旧档汇入	2026-04-13T01:27:08+08:00
Bâillon 	sm	(Porter un).	戴一个口衔	hè mei.		銜枚		61		true	自旧档汇入	2026-04-13T01:27:08+08:00
Bâillonner 	va		塞住嘴巴	tsah méh ih tsah ’tse.		扎没一只嘴		61	待定	true	自旧档汇入	2026-04-13T01:27:08+08:00
Bain	va		洗一个澡	yôh ih ke’ sen		浴一个身		61		true	自旧档汇入	2026-04-13T01:27:08+08:00
Bain	va		洗一个澡	zing’ ih ke’ yôh.		净一个浴		61		true	自旧档汇入	2026-04-13T01:27:08+08:00
Bain	va		澡堂	yôh daong		浴堂		61		true	自旧档汇入	2026-04-13T01:27:08+08:00
Bain	va		澡堂	’wen daong.		混堂		61	待定 混聲調	true	自旧档汇入	2026-04-13T01:27:08+08:00
Bain-marie		(Au)	隔水炖	ten’.		炖		61		true	自旧档汇入	2026-04-13T01:27:08+08:00
Baïonnette	sf		刺刀	ts‘ing deû tao		槍頭刀		61		true	自旧档汇入	2026-04-13T01:27:08+08:00
Baiser	va		接吻	ts‘in		親		61		true	自旧档汇入	2026-04-13T01:27:08+08:00
Baiser	va		接吻	ts‘in ’tse 		親嘴		61		true	自旧档汇入	2026-04-13T01:27:08+08:00
Baisser	va		放下	faong’ lai ’hao ti ’tié		放來下低點		61		true	自旧档汇入	2026-04-13T01:27:08+08:00
Baisser	va	 --la tête.--les yeux	低头，垂眼	ti deu‘	ti deu’	低頭		61	印刷錯誤	true	自旧档汇入	2026-04-13T01:27:08+08:00
Baisser	va	 --la tête.--les yeux	低头，垂眼	’fou ’seû		俯首		61		true	自旧档汇入	2026-04-13T01:27:08+08:00
Baisser	va	 --la tête.--les yeux	低头，垂眼	zao ’hao k‘eu’		朝下看		61		true	自旧档汇入	2026-04-13T01:27:08+08:00
Baisser	va	 --la voix.	放低声音	wo’ lai ti seng ’tié		話來低聲點		61		true	自旧档汇入	2026-04-13T01:27:08+08:00
Baisser	va	 --.vn.D'eau baisse.	滴水	’se ’la loh ’tsé		水拉落者		61		true	自旧档汇入	2026-04-13T01:27:08+08:00
Baisser	va	Le prix ,,.	价格下跌	ka’ dié tih ’tsé(tih loh ’tsé)		價錢跌者（跌落者）		61		true	自旧档汇入	2026-04-13T01:27:08+08:00
Baisser	va	S'affaiblir.	（身体机能）衰退	hieuh k‘i’ sai’ tsé	hieuh k‘i’ sai ’tsé	血氣衰者		61	印刷錯誤	true	自旧档汇入	2026-04-13T01:27:08+08:00
Baisser	va	S'affaiblir.	（身体机能）衰退	lih liang’ t‘ei pè ’li.		力量推班裏	力量推扳裏	61		true	自旧档汇入	2026-04-13T01:27:08+08:00
Baisser	vr	Se --	弯腰	eû ’hao k‘i’		傴下去		61	待定	true	自旧档汇入	2026-04-13T01:27:08+08:00
Baisser	vr	Se --	弯腰	eû yao k‘iôh pei’.		傴腰曲背		61		true	自旧档汇入	2026-04-13T01:27:08+08:00
Baladin	sm		喜剧演员	ts‘euh hi’ fèh ke’.		撮戲法个		61		true	自旧档汇入	2026-04-13T01:27:08+08:00
Balafre	sf	Balafré.adj.	刀疤	tao pouo		刀疤		61		true	自旧档汇入	2026-04-13T01:27:08+08:00
Balafre	sf		刀疤	yeû tao yen’ ke’. 	’yeû tao yen’ ke’	有刀印个		61		true	自旧档汇入	2026-04-13T01:27:08+08:00
Balai	sm		扫帚	’sao ’tseû [ih ’pouo].		掃帚[一把]		61		true	自旧档汇入	2026-04-13T01:27:08+08:00
Balance	sf	 -- à deux plateaux	天秤	ts‘eng’		秤		61	字形	true	自旧档汇入	2026-04-13T01:27:08+08:00
Balance	sf	 -- à deux plateaux	天秤	t‘ié bing ts‘eng’.		天平秤		61		true	自旧档汇入	2026-04-13T01:27:08+08:00
Balance	sf	Fléau de la--.	天秤梁，秤盘	t‘ié ts‘eng’(bing)ka’ ’tse		天秤（枰）架子		61	待定	true	自旧档汇入	2026-04-13T01:27:08+08:00
Balance	sf	 --romaine	杆秤	ts‘eng’ [ih koé, ih ken].	ts‘eng’ [ih ’koé, ih ken].	秤[一管，一根]		61		true	自旧档汇入	2026-04-13T01:27:08+08:00
Balance	sf	Levier. Poids.	杠杆，秤砣	ts‘eng’ ’kang		秤梗		61		true	自旧档汇入	2026-04-13T01:27:08+08:00
Balance	sf	Levier. Poids.	杠杆，秤砣	ts‘eng’ dou.		秤鉈		61		true	自旧档汇入	2026-04-13T01:27:08+08:00
Balance	sf	Marques sur le levier.	秤星	ts‘eng’ sing.		秤星		61		true	自旧档汇入	2026-04-13T01:27:08+08:00
Balance	sf	 --rom. Pour l'argent.	称量钱币的用具	’teng ’tse		戥子		61		true	自旧档汇入	2026-04-13T01:27:08+08:00
Balance	sf	Signe du zodiaque.	十二星相	’ti.		氐		61	待定	true	自旧档汇入	2026-04-13T01:27:08+08:00
Balance	sf	Faire la --(compte).	结账	kiéh tsang’.		結賬		61		true	自旧档汇入	2026-04-13T01:27:08+08:00
Balancer	va		使平衡	’pa		擺		61		true	自旧档汇入	2026-04-13T01:27:08+08:00
Balancer	va		使平衡	yao		摇		61		true	自旧档汇入	2026-04-13T01:27:08+08:00
Balancer	va		使平衡	fè’.		泛	？	61	待定	true	自旧档汇入	2026-04-13T01:27:08+08:00
Balancer	va	 --le corps en marchant.	在行进过程中摇晃	sen ’t‘i yao ’lao yao.		身體摇咾摇		61		true	自旧档汇入	2026-04-13T01:27:08+08:00
Balancer	va. Fig	Il n'y a pas à--.	决定要做	kieuh ding yao’ tsou’.	kieuh ding’ yao’ tsou’.	决定要做		61		true	自旧档汇入	2026-04-13T01:27:08+08:00
Balancier	sm		摆	’pa [ih ke’].		擺[一个]		61		true	自旧档汇入	2026-04-13T01:27:08+08:00
Balançoire	sf		秋千	ts‘ieû ts‘ié.		鞦韆		61		true	自旧档汇入	2026-04-13T01:27:08+08:00
Balançoire	sf	Aller à la --.	荡秋千	daong ts‘ieû ts‘ié.		宕鞦韆		61		true	自旧档汇入	2026-04-13T01:27:08+08:00
Balayer	va		打扫	tang sao’	’tang ’sao	打掃		61	待定	true	自旧档汇入	2026-04-13T01:27:08+08:00
Balayer	va		打扫	’sao ’sao.		掃掃		61		true	自旧档汇入	2026-04-13T01:27:08+08:00
Balayures	sf		扫成堆的垃圾	léh zéh		擸𢶍	？？	61		true	自旧档汇入	2026-04-13T01:27:08+08:00
Balayures	sf		扫成堆的垃圾	leh seh.		肋色	？？	61		true	自旧档汇入	2026-04-13T01:27:08+08:00
Balbutier	vn		结结巴巴地说话	wo’ lai tiao ’tse ’pè k‘ié’		話來刁嘴板欠	話來刁嘴板？	61		true	自旧档汇入	2026-04-13T01:27:08+08:00
Balbutier	vn		结结巴巴地说话	wo’ lai kéh ’tse kéh zéh deû.		話來合嘴合舌頭		61	待定	true	自旧档汇入	2026-04-13T01:27:08+08:00
Baldaquin	sm		天盖	t‘ié bong.		天篷		61		true	自旧档汇入	2026-04-13T01:27:08+08:00
Baleine	sf		鲸鱼	kieng n [ih diao]		鯨魚[一條]		62	待定	true	自旧档汇入	2026-04-13T01:27:08+08:00
Baleine	sf	 -- d'un parapluie	伞骨	’sè koéh ’tse.	sè’ koéh ’tse.	傘骨子		62		true	自旧档汇入	2026-04-13T01:27:08+08:00
Baleinier	sm		捕鲸船	tsôh kieng n zé.		捉鯨魚船		62	待定	true	自旧档汇入	2026-04-13T01:27:08+08:00
Balise	sf		航标	tsèh piao	ts‘èh piao	插標		62		true	自旧档汇入	2026-04-13T01:27:08+08:00
Balise	sf		航标	’maong ’ts‘ang tsôh.		網撑竹		62	待定 撑聲調	true	自旧档汇入	2026-04-13T01:27:08+08:00
Baliste	sf		弩炮	p‘ao’.		炮		62		true	自旧档汇入	2026-04-13T01:27:08+08:00
Baliverne	sf	Dire des --s	常用复数	weû yé laong’ daong’		浮言浪蕩		62		true	自旧档汇入	2026-04-13T01:27:08+08:00
Baliverne	sf	Dire des --s	常用复数	weû yé		浮言		62		true	自旧档汇入	2026-04-13T01:27:08+08:00
Ballade	sf		叙事诗、叙事曲	’siao k‘iôh ’tse.		小曲子		62		true	自旧档汇入	2026-04-13T01:27:08+08:00
Ballants	adj	(Les bras)	晃着(胳膊)	’seû fè’ lao fè’.	’seû fè’ ’lao fè’.	手泛咾泛	手？咾？	62		true	自旧档汇入	2026-04-13T01:27:08+08:00
Balle	sf	Jouet	玩具	ghieû		球		62		true	自旧档汇入	2026-04-13T01:27:08+08:00
Balle	sf	Jouer à la --	打球	p‘ao ghieû		拋球		62		true	自旧档汇入	2026-04-13T01:27:08+08:00
Balle	sf	Jouer à la --	打球	t‘ieh ghieû.		踢球		62		true	自旧档汇入	2026-04-13T01:27:08+08:00
Balle	sf	Projectile : -- de fusil.	发射物：子弹	ts‘iang ’tse		槍子		62		true	自旧档汇入	2026-04-13T01:27:08+08:00
Balle	sf	Projectile : -- de fusil.	发射物：子弹	k‘è ’tse		鉛子		62		true	自旧档汇入	2026-04-13T01:27:08+08:00
Balle	sf	Projectile : -- de fusil.	发射物：子弹	k‘è dè.	k‘è dè’.	鉛蛋		62		true	自旧档汇入	2026-04-13T01:27:08+08:00
Balle	sf	Paquet.Une--de coton.	盒。一大包棉花	pao ’kou		包裹		62		true	自旧档汇入	2026-04-13T01:27:08+08:00
Balle	sf	Paquet.Une--de coton.	盒。一大包棉花	ih pao mié h‘ouo.		一包棉花		62		true	自旧档汇入	2026-04-13T01:27:08+08:00
Balle	sf	 -- des céréales.	一大包谷物	long k‘aong		礱糠		62	原作“籠糠”	true	自旧档汇入	2026-04-13T01:27:08+08:00
Balle	sf	 -- des céréales.	一大包谷物	kôh k‘oh.		穀殼		62		true	自旧档汇入	2026-04-13T01:27:08+08:00
Ballon	sm		球	k‘i’ ghieû.		氣球		62		true	自旧档汇入	2026-04-13T01:27:08+08:00
Ballon	sm	Jouer au--avec le pied.	用脚踢气球	t‘ieh k‘i’ ghieû.		踢氣球		62		true	自旧档汇入	2026-04-13T01:27:08+08:00
Ballon	sm	Aérostat.	浮空器	fong zé		風船		62		true	自旧档汇入	2026-04-13T01:27:08+08:00
Ballon	sm	Aérostat.	浮空器	k‘ieng k‘i’ ghieû.		輕氣球		62	待定	true	自旧档汇入	2026-04-13T01:27:08+08:00
Ballonné	adj	(Ventre).	（腹部）胀气	dou’ ’li bang tsang’		肚裏膨脹		62		true	自旧档汇入	2026-04-13T01:27:08+08:00
Ballonné	adj	(Ventre).	（腹部）胀气	dou’ bang k‘i’ tsang’.		肚膨氣脹		62		true	自旧档汇入	2026-04-13T01:27:08+08:00
Ballot	sm		包裹	ih pao		一包		62		true	自旧档汇入	2026-04-13T01:27:08+08:00
Ballot	sm		包裹	pao ’kou.		包裹		62		true	自旧档汇入	2026-04-13T01:27:08+08:00
Ballotter	va		摇晃	tong dè si dè		東撣西撣		62	待定	true	自旧档汇入	2026-04-13T01:27:08+08:00
Ballotter	va		摇晃	fè’ dang’.		泛蕩	？蕩	62	待定	true	自旧档汇入	2026-04-13T01:27:08+08:00
Ballotter	va	 -- qqn. Se jouer de lui.	使某人左右为难。愚弄某人	long’ zeng i		弄承伊		62		true	自旧档汇入	2026-04-13T01:27:08+08:00
Ballotter	va	 -- qqn. Se jouer de lui.	使某人左右为难。愚弄某人	di long’ i.		提弄伊		62		true	自旧档汇入	2026-04-13T01:27:08+08:00
Balourd	adj		愚笨的	gnu ben	gnu ben’	愚笨		62		true	自旧档汇入	2026-04-13T01:27:08+08:00
Balourd	adj		愚笨的	wou dou ke’.		糊塗个		62		true	自旧档汇入	2026-04-13T01:27:08+08:00
Balourdise	sf		愚蠢的言行，笨拙	véh zah loh ke’ seh wo’		勿着落个説話		62		true	自旧档汇入	2026-04-13T01:27:08+08:00
Balourdise	sf		愚蠢的言行，笨拙	wou dou ke’ hang ze.	wou dou ke’ hang ze’.	糊塗个行事		62		true	自旧档汇入	2026-04-13T01:27:08+08:00
Balsamine	sf		凤仙花	wong sié h‘ouo.	wong’ sié h‘ouo.	鳳仙花		62		true	自旧档汇入	2026-04-13T01:27:08+08:00
Balustrade	sf		栏杆	lè keu.		欄杆		62		true	自旧档汇入	2026-04-13T01:27:08+08:00
Bambin	sm		小孩	siao ’neu		小囝		62		true	自旧档汇入	2026-04-13T01:27:08+08:00
Bambin	sm		小孩	’siao pao’ ’pao	’siao ’pao ’pao	小寶寶		62		true	自旧档汇入	2026-04-13T01:27:08+08:00
Bambin	sm		小孩	’siao ’pao pei’.		小寶貝		62		true	自旧档汇入	2026-04-13T01:27:08+08:00
Bambou	sm	Pousses de --.	竹子。竹笋	tsôh deû		竹頭		62		true	自旧档汇入	2026-04-13T01:27:08+08:00
Bambou	sm	Pousses de --.	竹子。竹笋	tsôh ’sen.		竹笋		62		true	自旧档汇入	2026-04-13T01:27:08+08:00
Bambou	sm	Lieu planté de --s.	种竹子的地方	tsôh yeu.		竹園		62		true	自旧档汇入	2026-04-13T01:27:08+08:00
Banal	adj		平庸的	bing zang ke’		平常个		62		true	自旧档汇入	2026-04-13T01:27:08+08:00
Banal	adj		平庸的	zôh k‘i’.		俗氣		62		true	自旧档汇入	2026-04-13T01:27:08+08:00
Banane	sf		香蕉	hiang (pouo) tsiao.		香（芭）蕉		62		true	自旧档汇入	2026-04-13T01:27:08+08:00
Bananier	sm		香蕉树	pouo tsiao zu’.		芭蕉樹		62		true	自旧档汇入	2026-04-13T01:27:08+08:00
Banc	sm	 -- de bois.	木质长凳	zang teng’		長凳		62		true	自旧档汇入	2026-04-13T01:27:08+08:00
Banc	sm	 -- de bois.	木质长凳	’pè teng’.		板凳		62		true	自旧档汇入	2026-04-13T01:27:08+08:00
Banc	sm	 -- de sable.	沙滩	souo t‘è’		沙灘		62		true	自旧档汇入	2026-04-13T01:27:08+08:00
Banc	sm	 -- de sable.	沙滩	souo ta’.		沙帶		62		true	自旧档汇入	2026-04-13T01:27:08+08:00
Bancal	adj		翘脚的	k‘iao kiah.		蹺脚		62		true	自旧档汇入	2026-04-13T01:27:08+08:00
Bandage	sm	 -- herniaire	绷带，疝带	pou’ diao		布條		62		true	自旧档汇入	2026-04-13T01:27:08+08:00
Bandage	sm	 -- herniaire	绷带，疝带	sè’ k‘i’ ta’.		疝氣帶		62		true	自旧档汇入	2026-04-13T01:27:08+08:00
Bande	sf	de papier.	（纸）带	’tse diao.		紙條		62		true	自旧档汇入	2026-04-13T01:27:08+08:00
Bande	sf	 -- de cuir.	皮条	bi diao.		皮條		63		true	自旧档汇入	2026-04-13T01:27:08+08:00
Bande	sf	 --d'une lettre(avec l'adresse).	带有地址的书签	su ts‘ié		書簽		63		true	自旧档汇入	2026-04-13T01:27:08+08:00
Bande	sf	 --d'une lettre(avec l'adresse).	带有地址的书签	ts‘ié diao.		簽條		63		true	自旧档汇入	2026-04-13T01:27:08+08:00
Bande	sf	Une -- de terrain.	一块地皮	ih p‘ié’ di’ bi.		一片地皮		63		true	自旧档汇入	2026-04-13T01:27:08+08:00
Bande	sf	Troupe [hommes].	一群（人）	pè		班		63		true	自旧档汇入	2026-04-13T01:27:08+08:00
Bande	sf	Troupe [hommes].	一群（人）	ghiun		群		63		true	自旧档汇入	2026-04-13T01:27:08+08:00
Bande	sf	Troupe [hommes].	一群（人）	dao		淘		63		true	自旧档汇入	2026-04-13T01:27:08+08:00
Bande	sf	Troupe [hommes].	一群（人）	dei’.		隊		63		true	自旧档汇入	2026-04-13T01:27:08+08:00
Bande	sf	Troupe [animaux].	一群（动物）	ghiun.		群		63		true	自旧档汇入	2026-04-13T01:27:08+08:00
Bande	sf	Par --s.	一群群	ih pè ih pè ke’		一班一班个		63		true	自旧档汇入	2026-04-13T01:27:08+08:00
Bande	sf	Par --s.	一群群	ih dao ih dao ke’		一淘一淘个		63		true	自旧档汇入	2026-04-13T01:27:08+08:00
Bande	sf	Par --s.	一群群	ih ghiun ih ghiun ke’		一群一群个		63		true	自旧档汇入	2026-04-13T01:27:08+08:00
Bande	sf	Par --s.	一群群	ih dei’ ih dei’ ke’.		一隊一隊个		63		true	自旧档汇入	2026-04-13T01:27:08+08:00
Bande	sf	Chef de --.	领头	deû ’nao		頭腦		63		true	自旧档汇入	2026-04-13T01:27:08+08:00
Bande	sf	Chef de --.	领头	’ling deû.		領頭		63		true	自旧档汇入	2026-04-13T01:27:08+08:00
Bande	sf	Faire -- à part.	另立山头	tèh biéh gnen véh wou dao(véh ih k‘i’)(véh tèh pè).		搭别人勿和淘（勿一氣）（勿搭班）		63		true	自旧档汇入	2026-04-13T01:27:08+08:00
Bandeau	sm. pr	femmes.	（女人的）头带	tsèh deû		紥頭		63		true	自旧档汇入	2026-04-13T01:27:08+08:00
Bandeau	sm. pr	femmes.	（女人的）头带	yang t‘ao’		洋套		63		true	自旧档汇入	2026-04-13T01:27:08+08:00
Bandeau	sm. pr	femmes.	（女人的）头带	pao deû pou’.		包頭布		63		true	自旧档汇入	2026-04-13T01:27:08+08:00
Bandeau	sm. pr	 -- de deuil	服丧束带	bah tsèh deû pou’.		白紥頭布		63		true	自旧档汇入	2026-04-13T01:27:08+08:00
Bandelette	sf		细带子	’siao pou’ diao		小布條		63		true	自旧档汇入	2026-04-13T01:27:08+08:00
Bandelette	sf		细带子	kiah ta’		脚帶		63		true	自旧档汇入	2026-04-13T01:27:08+08:00
Bandelette	sf		细带子	kou paong	’kou paong	裹膀		63		true	自旧档汇入	2026-04-13T01:27:08+08:00
Bandelette	sf		细带子	gnao’ paong pou’.		繞膀布		63		true	自旧档汇入	2026-04-13T01:27:08+08:00
Bandés	pp	(Les yeux).	（眼睛）被布条蒙着的	tsèh méh ’ngè tsing.		紥没眼睛		63	待定 没	true	自旧档汇入	2026-04-13T01:27:08+08:00
Bander	va		用绷带包扎	gnao’		繞		63		true	自旧档汇入	2026-04-13T01:27:08+08:00
Bander	va		用绷带包扎	zé.		纏		63		true	自旧档汇入	2026-04-13T01:27:08+08:00
Bander	va	Tendre avec effort.	用力拉紧	’la ’kien	la ’kien	拉緊		63		true	自旧档汇入	2026-04-13T01:27:08+08:00
Bander	va	Tendre avec effort.	用力拉紧	’la tsôh	la tsôh	拉足		63		true	自旧档汇入	2026-04-13T01:27:08+08:00
Bander	va	Tendre avec effort.	用力拉紧	ts‘eû kien.		抽筋		63		true	自旧档汇入	2026-04-13T01:27:08+08:00
Bander	va	 -- un arc.	拉弓	’la kong.		拉弓		63		true	自旧档汇入	2026-04-13T01:27:08+08:00
Bander	va	Se--les pieds[hommes].	（男人）包脚	pao kiah.		包脚		63		true	自旧档汇入	2026-04-13T01:27:08+08:00
Bander	va	Se--les pieds[femmes].	（女人）裹脚	gnao’(zé)kiah.		繞（纏）脚		63		true	自旧档汇入	2026-04-13T01:27:08+08:00
Banderole	sf		燕尾旗	’siao ghi [ih mié].	’siao ghi [ih mié’]	小旗[一面]		63		true	自旧档汇入	2026-04-13T01:27:08+08:00
Bandit	sm		强盗	zeh fi	zeh ’fi	賊匪		63		true	自旧档汇入	2026-04-13T01:27:08+08:00
Bandit	sm		强盗	ghiang dao’.		强盗		63		true	自旧档汇入	2026-04-13T01:27:08+08:00
Bandit	sm	Homme sans aveu.	不臣服于任何人的人	k‘ieû’ gnen	k‘ieû gnen	恘人		63		true	自旧档汇入	2026-04-13T01:27:08+08:00
Bandit	sm	Homme sans aveu.	不臣服于任何人的人	wa’ gnen.		壞人		63		true	自旧档汇入	2026-04-13T01:27:08+08:00
Banlieue	sf		郊外	zeng nga’.		城外		63		true	自旧档汇入	2026-04-13T01:27:08+08:00
Bannière	sf	 --(C.)	军旗	ghi [ih mié]	ghi [ih mié’]	旗[一面]		63		true	自旧档汇入	2026-04-13T01:27:08+08:00
Bannière	sf	 --(C.)	军旗	seng’ ghi.		聖旗		63		true	自旧档汇入	2026-04-13T01:27:08+08:00
Bannir	va		驱逐出境	ts‘ong kiun.		充軍		63		true	自旧档汇入	2026-04-13T01:27:08+08:00
Bannissement	sm	(Peine du).	驱逐（刑）	lieû zu’.		流罪		63		true	自旧档汇入	2026-04-13T01:27:08+08:00
Banque	sf	[maison].	银行[院]	zié tsaong		錢莊		63		true	自旧档汇入	2026-04-13T01:27:08+08:00
Banque	sf	[maison].	银行[院]	gnen haong.		銀行		63		true	自旧档汇入	2026-04-13T01:27:08+08:00
Banque	sf	Billet de --.	钞票	gnen p‘iao’		銀票		63		true	自旧档汇入	2026-04-13T01:27:08+08:00
Banque	sf	Billet de --.	钞票	zié p‘iao’.		錢票		63		true	自旧档汇入	2026-04-13T01:27:08+08:00
Banqueroute	sf		破产	’tao tié’		倒店		63		true	自旧档汇入	2026-04-13T01:27:08+08:00
Banqueroute	sf		破产	’tao tsaong.		倒莊		63		true	自旧档汇入	2026-04-13T01:27:08+08:00
Banqueroutier	sm		破产者	’tao tsang ke’.	’tao tsaong ke’.	倒莊个		63		true	自旧档汇入	2026-04-13T01:27:08+08:00
Banquet	sm		宴会	’tsieû zieh		酒席		63		true	自旧档汇入	2026-04-13T01:27:08+08:00
Banquet	sm		宴会	’tsieû yé’ zieh.		酒宴席		63		true	自旧档汇入	2026-04-13T01:27:08+08:00
Banquet	sm	Donner un --.	办宴会	bè’ ’tsieû zieh		辦酒席		63		true	自旧档汇入	2026-04-13T01:27:08+08:00
Banquet	sm	Donner un --.	办宴会	séh ’tsieû zieh		設酒席		63		true	自旧档汇入	2026-04-13T01:27:08+08:00
Banquet	sm	Donner un --.	办宴会	ts‘ing k‘ah	’ts‘ing k‘ah	請客		63		true	自旧档汇入	2026-04-13T01:27:08+08:00
Banquet	sm	Assister à un --.	出席宴会	zou’ zieh.		坐席		63		true	自旧档汇入	2026-04-13T01:27:08+08:00
Banquette	sf		软垫长凳	teng’.		凳		64		true	自旧档汇入	2026-04-13T01:27:08+08:00
Banquier	sm		银行家	k‘ai zié tsaong’ ke’	k‘ai zié tsaong ke’	開錢莊个		64		true	自旧档汇入	2026-04-13T01:27:08+08:00
Banquier	sm		银行家	k‘ai gnen haong ke’.		開銀行个		64		true	自旧档汇入	2026-04-13T01:27:08+08:00
Baptême	sm	Recevoir le--(C.)	接受洗礼	seng’ ’si		聖洗		64		true	自旧档汇入	2026-04-13T01:27:08+08:00
Baptême	sm	Recevoir le--(C.)	接受洗礼	’ling ’si		領洗		64	字形	true	自旧档汇入	2026-04-13T01:27:08+08:00
Baptême	sm	Suppléer les cérémonies du --.	填补进行洗礼	’pou ’li.		補禮		64		true	自旧档汇入	2026-04-13T01:27:08+08:00
Baptiser	va		给…进行洗礼	fou’ ’si		付洗		64		true	自旧档汇入	2026-04-13T01:27:08+08:00
Baptiser	va		给…进行洗礼	fou’ seng’ ’se.		付聖水		64		true	自旧档汇入	2026-04-13T01:27:08+08:00
Baptiser	va	 -- une cloche(C.)	圣钟	seng’ tsong.		聖鐘		64		true	自旧档汇入	2026-04-13T01:27:08+08:00
Baptismale		(Eau)(C.)	洗礼（水）	seng’ yeû seng’ ’se.		聖油聖水		64		true	自旧档汇入	2026-04-13T01:27:08+08:00
Baptismaux		(Fonts)(C.)	洗礼（盆）	’ling (seng’) ’si daong		領（聖）洗堂		64		true	自旧档汇入	2026-04-13T01:27:08+08:00
Baptismaux		(Fonts)(C.)	洗礼（盆）	seng’ ’se kaong.		聖水缸		64		true	自旧档汇入	2026-04-13T01:27:08+08:00
Baquet	sm		小木桶	moh ben (’dong) [ih tsah].		木盆（桶）[一隻]		64		true	自旧档汇入	2026-04-13T01:27:08+08:00
Bar	sm		狼鲈	bah lou n.		白鱸魚		64		true	自旧档汇入	2026-04-13T01:27:08+08:00
Baraque	sf		木板屋	’siao ’ts‘ao bang		小草棚		64		true	自旧档汇入	2026-04-13T01:27:08+08:00
Baraque	sf		木板屋	lè kiah ôh		欄脚屋		64		true	自旧档汇入	2026-04-13T01:27:08+08:00
Baraque	sf		木板屋	p‘i ôh.		披屋		64		true	自旧档汇入	2026-04-13T01:27:08+08:00
Barbare	adj		蛮族	bao gnah’ ke’	bao’ gnah ke’	暴虐个		64	印刷錯誤	true	自旧档汇入	2026-04-13T01:27:08+08:00
Barbare	adj		蛮族	hiong oh ke’.		凶惡个		64		true	自旧档汇入	2026-04-13T01:27:08+08:00
Barbare	adj	Incorrect:langage --.	不正确：野蛮的语言	’ya wo’		野話		64		true	自旧档汇入	2026-04-13T01:27:08+08:00
Barbare	adj	Incorrect:langage --.	不正确：野蛮的语言	ya kiu’ tse.	’ya kiu’ ’tse.	野句子		64		true	自旧档汇入	2026-04-13T01:27:08+08:00
Barbare	sm		野蛮人	’ya gnen		野人		64		true	自旧档汇入	2026-04-13T01:27:08+08:00
Barbare	sm		野蛮人	yi gnen.		夷人		64		true	自旧档汇入	2026-04-13T01:27:08+08:00
Barbarie	sf		粗俗	m gnen zing		無人情	嘸人情	64		true	自旧档汇入	2026-04-13T01:27:08+08:00
Barbarie	sf		粗俗	’ya gnen ke’ yeng zaong.	’ya gnen ke’ yeng zaong’.	野人个形狀		64		true	自旧档汇入	2026-04-13T01:27:08+08:00
Barbe	sf		胡子	sou		鬚		64		true	自旧档汇入	2026-04-13T01:27:08+08:00
Barbe	sf		胡子	wou ’tse		鬍子		64		true	自旧档汇入	2026-04-13T01:27:08+08:00
Barbe	sf		胡子	wou sou.		鬍鬚		64		true	自旧档汇入	2026-04-13T01:27:08+08:00
Barbe	sf	 --d'un épi.	穗上的芒	maong		芒		64	字形	true	自旧档汇入	2026-04-13T01:27:08+08:00
Barbe	sf	 --d'un épi.	穗上的芒	mah maong		麥芒		64		true	自旧档汇入	2026-04-13T01:27:08+08:00
Barbe	sf	 --d'un épi.	穗上的芒	’dao maong.		稻芒		64	待定 稻聲調	true	自旧档汇入	2026-04-13T01:27:08+08:00
Barbe	sf	 --(Sainte).	圣巴尔布	pouo’-eul-béh-lèh.	pouo-’eul-bèh-lèh.	巴爾拔辣		64	印刷錯誤	true	自旧档汇入	2026-04-13T01:27:08+08:00
Barbeau	sm		鲃	gnè’ n [ih diao].		鮎魚[一條]		64	待定	true	自旧档汇入	2026-04-13T01:27:08+08:00
Barbier	sm		理发师	t‘i’ deû se wou’.		剃頭司務		64		true	自旧档汇入	2026-04-13T01:27:08+08:00
Barbillon	sm		小鱼	siao gnè n [ih diao].	’siao gnè n [ih diao].	小鮎魚[一條]		64	待定	true	自旧档汇入	2026-04-13T01:27:08+08:00
Barbon	sm		老头	’lao bah sou(deû ’tse).		老白鬚（頭子）		64		true	自旧档汇入	2026-04-13T01:27:08+08:00
Barboter	vn		在泥中行走	’kao gnong gni		攪濃泥		64		true	自旧档汇入	2026-04-13T01:27:08+08:00
Barboter	vn		在泥中行走	nao lè’ gni.	dao lè’ gni.	淘爛泥		64	印刷錯誤	true	自旧档汇入	2026-04-13T01:27:08+08:00
Barbouiller	va	Enduire	涂	méh		抹		64		true	自旧档汇入	2026-04-13T01:27:08+08:00
Barbouiller	va	Enduire	涂	ts‘èh		擦		64		true	自旧档汇入	2026-04-13T01:27:08+08:00
Barbouiller	va	Enduire	涂	zouo		搽		64		true	自旧档汇入	2026-04-13T01:27:08+08:00
Barbouiller	va	Salir.	弄脏	t‘èh lei		搨累		64	待定	true	自旧档汇入	2026-04-13T01:27:08+08:00
Barbouiller	va	Salir.	弄脏	long’ oh ts‘oh		弄齷齪		64		true	自旧档汇入	2026-04-13T01:27:08+08:00
Barbouillé	pp	(Tout).	（全）脏了	ou yeû h‘eh ’se		烏油黑水		64		true	自旧档汇入	2026-04-13T01:27:08+08:00
Barbouillé	pp	(Tout).	（全）脏了	ih meh héh.	ih meh h‘éh.	一墨黑		64	待定	true	自旧档汇入	2026-04-13T01:27:08+08:00
Bardeau	sm		盖子	zé ’tse [ih ken].		橡子[一根]	椽子	64	字形	true	自旧档汇入	2026-04-13T01:27:08+08:00
Barguigner	vn	Il n'y a pas à --.	这没什么好犹豫的	sen sen soh soh		伸伸縮縮		64		true	自旧档汇入	2026-04-13T01:27:08+08:00
Barguigner	vn	Il n'y a pas à --.	这没什么好犹豫的	véh neng sè sin ’liang i’.		勿能三心兩意		64		true	自旧档汇入	2026-04-13T01:27:08+08:00
Baril	sm		桶	’siao ’dong [ih tsah].		小桶[一隻]		64		true	自旧档汇入	2026-04-13T01:27:08+08:00
Bariolé	pp		五颜六色	n ngè lôh seh	’n ngè lôh seh	五顔六色		64		true	自旧档汇入	2026-04-13T01:27:08+08:00
Bariolé	pp		五颜六色	ts‘ih ngé pèh she.	ts‘ih ngè pèh seh.	七顔八色		64		true	自旧档汇入	2026-04-13T01:27:08+08:00
Baromètre	sm		气压计	fong yu ’piao [ih tsah].	fong ’yu ’piao [ih tsah].	風雨表[一隻]		64		true	自旧档汇入	2026-04-13T01:27:08+08:00
Barnabé	sm		巴纳贝	pouo-eul-néh-peh.	pouo-’eul-néh-peh.	巴爾納伯		65		true	自旧档汇入	2026-04-13T01:27:08+08:00
Baron	sm		男爵	né tsiah.		男爵		65		true	自旧档汇入	2026-04-13T01:27:08+08:00
Baroque	adj		古怪的	’kou koa’ ke’		古怪个		65		true	自旧档汇入	2026-04-13T01:27:08+08:00
Baroque	adj		古怪的	ghi koa’		奇怪		65		true	自旧档汇入	2026-04-13T01:27:08+08:00
Baroque	adj		古怪的	hi ghi ’kou koa’ ke’.		希奇古怪个		65		true	自旧档汇入	2026-04-13T01:27:08+08:00
Barque	sf		小船	zé [ih tsah].		船[一隻]		65		true	自旧档汇入	2026-04-13T01:27:08+08:00
Barque	sf	Faire avancer la--à la voile.	划帆船	hang bong zé.		行篷船		65		true	自旧档汇入	2026-04-13T01:27:08+08:00
Barque	sf	,,à la corde.	拉纤	’la k‘ié’.		拉縴		65		true	自旧档汇入	2026-04-13T01:27:08+08:00
Barque	sf	,, ,, perche. ,, ,, rame.	撑篙，划桨	ts‘ang kao		撑篙		65		true	自旧档汇入	2026-04-13T01:27:08+08:00
Barque	sf	,, ,, perche. ,, ,, rame.	撑篙，划桨	pè ’tsiang		𢲔槳	？槳	65	待定	true	自旧档汇入	2026-04-13T01:27:08+08:00
Barque	sf	,, ,, godille.	摇橹	yao ’lou.		摇櫓		65		true	自旧档汇入	2026-04-13T01:27:08+08:00
Barque	sf	Surveillant des --s	船长	bou’(zé) deû.		埠（船）頭		65		true	自旧档汇入	2026-04-13T01:27:08+08:00
Barque	sf	Agence pour les --s.	船行	zé hang	zé haong	船行		65		true	自旧档汇入	2026-04-13T01:27:08+08:00
Barquette	sf		小艇	siao (sè pè) zé.	’siao (sè pè) zé.	小（舢舨）船		65	原作“小（三板）船”	true	自旧档汇入	2026-04-13T01:27:08+08:00
Barrage	sm	en bois.	木质路障	sah [ih ke’].		栅[一个]		65		true	自旧档汇入	2026-04-13T01:27:08+08:00
Barrage	sm	 --en terre	土坝	pouo’		壩		65		true	自旧档汇入	2026-04-13T01:27:08+08:00
Barrage	sm	 --en terre	土坝	’se pouo’.		水壩		65		true	自旧档汇入	2026-04-13T01:27:08+08:00
Barre	sf	 -- de bois.	木棍	diao		條		65		true	自旧档汇入	2026-04-13T01:27:08+08:00
Barre	sf	 -- de bois.	木棍	koen’ ’tse.		棍子		65		true	自旧档汇入	2026-04-13T01:27:08+08:00
Barre	sf	 -- de fer.	铁棍	t‘ih diao [ih ken].		鐵條[一根]		65		true	自旧档汇入	2026-04-13T01:27:08+08:00
Barre	sf	 -- pour fermer la porte.	用于关门的棍子	men sé [ih ke’]		門閂[一个]		65		true	自旧档汇入	2026-04-13T01:27:08+08:00
Barre	sf	 -- pour fermer la porte.	用于关门的棍子	men sah [ih ken].		門栅[一根]		65		true	自旧档汇入	2026-04-13T01:27:08+08:00
Barre	sf	 -- de gouvernail.	舵柄	’dou ’kang.		舵梗		65	待定	true	自旧档汇入	2026-04-13T01:27:08+08:00
Barre	sf	Trait de plume.	一笔	ih pieh		一筆		65		true	自旧档汇入	2026-04-13T01:27:08+08:00
Barre	sf	Trait de plume.	一笔	ih wah‘.		一畫	一劃	65	待定 印刷錯誤	true	自旧档汇入	2026-04-13T01:27:08+08:00
Barre	sf	Amas de sable.	沙滩	souo t‘è.		沙灘		65		true	自旧档汇入	2026-04-13T01:27:08+08:00
Barreau	sm	de fenêtre	（窗）条子	ts‘aong(sah ’tse)len ’tse		窗（栅子）欞子		65	待定	true	自旧档汇入	2026-04-13T01:27:08+08:00
Barreau	sm	de fenêtre	（窗）条子	zeh len.		直欞		65		true	自旧档汇入	2026-04-13T01:27:08+08:00
Barrer	va	 --une porte.	拦住门	sah ih sah		栅一栅		65		true	自旧档汇入	2026-04-13T01:27:08+08:00
Barrer	va	 --une porte.	拦住门	sé men.		閂門		65		true	自旧档汇入	2026-04-13T01:27:08+08:00
Barrer	va	Obstruer.	阻塞	lè zu’		攔住		65		true	自旧档汇入	2026-04-13T01:27:08+08:00
Barrer	va	Obstruer.	阻塞	séh zu’		塞住		65		true	自旧档汇入	2026-04-13T01:27:08+08:00
Barrer	va	Obstruer.	阻塞	ghèh ’deu	gèh ’deu	軋斷		65		true	自旧档汇入	2026-04-13T01:27:08+08:00
Barrer	va	Intercepter.	遮挡	zih ’deu.		截斷		65		true	自旧档汇入	2026-04-13T01:27:08+08:00
Barrer	va	Biffer:-- un mot.	划去：划去一个词	dou méh		塗没		65		true	自旧档汇入	2026-04-13T01:27:08+08:00
Barrer	va	Biffer:-- un mot.	划去：划去一个词	’tié t‘éh		點脱		65		true	自旧档汇入	2026-04-13T01:27:08+08:00
Barrer	va	Biffer:-- un mot.	划去：划去一个词	k‘ieu t‘éh		圈脱		65		true	自旧档汇入	2026-04-13T01:27:08+08:00
Barrer	va	Biffer:-- un mot.	划去：划去一个词	gao t‘éh		㙱脱	？脱	65	待定	true	自旧档汇入	2026-04-13T01:27:08+08:00
Barricade	sf		路障	’saong (déh) ’deu lou’.		搡（疊）斷路		65		true	自旧档汇入	2026-04-13T01:27:08+08:00
Barrière	sf	d'une rue	路栅栏	sah lè		栅欄		65		true	自旧档汇入	2026-04-13T01:27:08+08:00
Barrière	sf	d'une rue	路栅栏	sah lè ’tse.		栅欄子		65		true	自旧档汇入	2026-04-13T01:27:08+08:00
Barrière	sf	 -- d'une douane.	海关关卡	koè		關		65		true	自旧档汇入	2026-04-13T01:27:08+08:00
Barrière	sf	 -- d'une douane.	海关关卡	’ka ’tse.	’k‘a ’tse.	卡子		65		true	自旧档汇入	2026-04-13T01:27:08+08:00
Barrique	sf	Une -- de vin.	一桶酒	ih ’dong ’tsieû.		一桶酒		65		true	自旧档汇入	2026-04-13T01:27:08+08:00
Barthélemy	sm		巴泰勒米	pouo-’eul-tou-lôh-meû	pouo-’eul-tou-lôh-meû’	巴爾多禄茂		65		true	自旧档汇入	2026-04-13T01:27:08+08:00
Bas	sm		下方	mèh [ih tsah].		襪[一隻]		65		true	自旧档汇入	2026-04-13T01:27:08+08:00
Bas	sm	Une paire de --.	一双袜子	ih saong mèh.		一雙襪		65		true	自旧档汇入	2026-04-13T01:27:08+08:00
Bas	adj	Le mur est --.	矮墙	’a ke’		矮个		65		true	自旧档汇入	2026-04-13T01:27:08+08:00
Bas	adj	Le mur est --.	矮墙	ti ke’		低个		65		true	自旧档汇入	2026-04-13T01:27:08+08:00
Bas	adj	Le mur est --.	矮墙	ziang ti.		墻低		65		true	自旧档汇入	2026-04-13T01:27:08+08:00
Bas	adj	Creux. Terrain --.	凹陷。低地	ao ke’		凹个		65		true	自旧档汇入	2026-04-13T01:27:08+08:00
Bas	adj	Creux. Terrain --.	凹陷。低地	ti dié(di)	ti dié(di’)	低田（地）		65		true	自旧档汇入	2026-04-13T01:27:08+08:00
Bas	adj	Peu profond. Eau basse.	不太深厚。水浅	’ts‘ié ke’		淺个		65		true	自旧档汇入	2026-04-13T01:27:08+08:00
Bas	adj	Peu profond. Eau basse.	不太深厚。水浅	’se ’siao		水小		65		true	自旧档汇入	2026-04-13T01:27:08+08:00
Bas	adj	Peu profond. Eau basse.	不太深厚。水浅	’se ’ts‘ié.		水淺		65		true	自旧档汇入	2026-04-13T01:27:08+08:00
Bas	adj	Inférieur[basse classe].	次等（等级低）	’hao		下		65		true	自旧档汇入	2026-04-13T01:27:08+08:00
Bas	adj	Inférieur[basse classe].	次等（等级低）	’hao ’teng.		下等		65		true	自旧档汇入	2026-04-13T01:27:08+08:00
Bas	adj	Grave:ton --.	低沉：低声	ti(diao) sen.		低（調）深		65		true	自旧档汇入	2026-04-13T01:27:08+08:00
Bas	adj	Incliné:tête basse.	倾斜：低头	eû deû.		傴頭		66		true	自旧档汇入	2026-04-13T01:27:08+08:00
Bas	adj	Vil[fonctions basses].	卑鄙[低贱的职能]	pei zié.	pei zié’.	卑賤		66		true	自旧档汇入	2026-04-13T01:27:08+08:00
Bas	adj	Grossier[terme --].	粗鲁[粗鲁的字眼]	ts‘ou ’lou.		粗魯		66		true	自旧档汇入	2026-04-13T01:27:08+08:00
Bas	adj	Petit:-- peuple.	小：底层人民	’siao pah sing	’siao pah sing’	小百姓		66		true	自旧档汇入	2026-04-13T01:27:08+08:00
Bas	adj	Petit:-- peuple.	小：底层人民	gnu min.		愚民		66		true	自旧档汇入	2026-04-13T01:27:08+08:00
Bas	adj	Dès le bas âge.	从小时候	zong ’siao.		從小		66		true	自旧档汇入	2026-04-13T01:27:08+08:00
Bas	adj	Avoir la vue basse.	近视眼	ghien’ ze’ ’ngè.		近視眼		66		true	自旧档汇入	2026-04-13T01:27:08+08:00
Bas	adv	Voler --.	低飞	fi teh ti.		飛得低		66		true	自旧档汇入	2026-04-13T01:27:08+08:00
Bas	adv	Parler --.	轻声说话	wo’ lai k‘ieng ’tié.		話來輕點		66		true	自旧档汇入	2026-04-13T01:27:08+08:00
Bas	adv	Creuser plus --.	挖得更深	wèh lai sen ’tié(’ngè).		挖來深點（眼）		66		true	自旧档汇入	2026-04-13T01:27:08+08:00
Bas	adv	Mettre -- (animaux).	下崽（动物）	loh		落		66		true	自旧档汇入	2026-04-13T01:27:08+08:00
Bas	adv	Mettre -- (animaux).	下崽（动物）	sang.		生		66		true	自旧档汇入	2026-04-13T01:27:08+08:00
Ici-bas.	loc.adv		在人世间	’la se’ ka’ deû laong’.		拉世界頭上		66		true	自旧档汇入	2026-04-13T01:27:08+08:00
Basane	sf		柔软羊皮	zôh yang bi.		熟羊皮		66		true	自旧档汇入	2026-04-13T01:27:08+08:00
Basculant	adj	Tout branlant.	上下（或前后）能翻动的	yao ’lao yao		摇咾摇		66		true	自旧档汇入	2026-04-13T01:27:08+08:00
Basculant	adj	Tout branlant.	上下（或前后）能翻动的	’pa ’lao ’pa.		擺咾擺		66		true	自旧档汇入	2026-04-13T01:27:08+08:00
Bascule	sf		摇摆	tiao ts‘eng’.	tiao’ ts‘eng’.	吊秤		66		true	自旧档汇入	2026-04-13T01:27:08+08:00
Base	sf		基础	ken ki		根基		66		true	自旧档汇入	2026-04-13T01:27:08+08:00
Base	sf		基础	ken kiah		根脚		66		true	自旧档汇入	2026-04-13T01:27:08+08:00
Base	sf		基础	ken yeû.		根由		66		true	自旧档汇入	2026-04-13T01:27:08+08:00
Base	sf	 -- d'une colonne.	柱基	ten ’tse		墩子		66		true	自旧档汇入	2026-04-13T01:27:08+08:00
Base	sf	 -- d'une colonne.	柱基	’saong ten.		磉墩		66	待定	true	自旧档汇入	2026-04-13T01:27:08+08:00
Baser	va. vr	Se -- sur	根据	lih		立		66		true	自旧档汇入	2026-04-13T01:27:08+08:00
Baser	va. vr	Se -- sur	根据	i k‘ao’.		依靠		66		true	自旧档汇入	2026-04-13T01:27:08+08:00
Bas-fond	sm	Écueil.	礁石	ti dié		低田		66		true	自旧档汇入	2026-04-13T01:27:08+08:00
Bas-fond	sm	Écueil.	礁石	ti di’		低地		66		true	自旧档汇入	2026-04-13T01:27:08+08:00
Bas-fond	sm	Écueil.	礁石	souo t‘è.		沙灘		66		true	自旧档汇入	2026-04-13T01:27:08+08:00
Bassesse	sf		卑鄙	’ts‘eû ze’ ’t‘i		醜事體		66		true	自旧档汇入	2026-04-13T01:27:08+08:00
Bassesse	sf		卑鄙	véh ts‘éh gnen zié ke’ ze’ ’t‘i.		勿出人前个事體		66		true	自旧档汇入	2026-04-13T01:27:08+08:00
Bassesse	sf	Faire des --s.	做卑鄙的行为	tsou’ ti wei ke’ ze’ ’t‘i.		做低微个事體		66	待定	true	自旧档汇入	2026-04-13T01:27:08+08:00
Bassin	sm	Plat creux.	盘子	ben		盆		66		true	自旧档汇入	2026-04-13T01:27:08+08:00
Bassin	sm	Plat creux.	盘子	ben ’tse		盆子		66		true	自旧档汇入	2026-04-13T01:27:08+08:00
Bassin	sm	Plat creux.	盘子	bé.		盤		66		true	自旧档汇入	2026-04-13T01:27:08+08:00
Bassin	sm	Cuvette.	脸盆	mié ben[ih tsah].	mié’ ben[ih tsah].	面盆[一隻]		66		true	自旧档汇入	2026-04-13T01:27:08+08:00
Bassin	sm	Réservoir d'eau.	蓄水池	’se ’daong		水蕩	水？	66	待定	true	自旧档汇入	2026-04-13T01:27:08+08:00
Bassin	sm	Réservoir d'eau.	蓄水池	t‘ié loh pang		天落浜		66		true	自旧档汇入	2026-04-13T01:27:08+08:00
Bassin	sm	Réservoir d'eau.	蓄水池	ze wou.		池河		66		true	自旧档汇入	2026-04-13T01:27:08+08:00
Bassin	sm	 -- de construction.	造船船坞	zé ’wou.		船塢		66		true	自旧档汇入	2026-04-13T01:27:08+08:00
Bastingage	sm		舷墙	zé lè keu.		船欄杆		66		true	自旧档汇入	2026-04-13T01:27:08+08:00
Bastion	sm		堡垒	p‘ao dai.	p‘ao’ dai.	炮臺		66		true	自旧档汇入	2026-04-13T01:27:08+08:00
Bastonnade	sf	(Donner la --).	棒打	’tang ’pè ’tse.		打板子		66		true	自旧档汇入	2026-04-13T01:27:08+08:00
Bas-ventre	sm		下腹	’siao dou’ ’tse.		小肚子		66		true	自旧档汇入	2026-04-13T01:27:08+08:00
Bât	sm		驮鞍	eu ’tse		鞍子		66		true	自旧档汇入	2026-04-13T01:27:08+08:00
Bât	sm		驮鞍	eu p‘ei.	eu p‘ei’.	鞍轡		66		true	自旧档汇入	2026-04-13T01:27:08+08:00
Bât	sm	Il sait où le -- le blesse.	他知道问题在哪里	’yeû bing’ ze’ teh tse.		有病自得知		66		true	自旧档汇入	2026-04-13T01:27:08+08:00
Bataille	sf		交战	’tang tsang’.		打仗		66		true	自旧档汇入	2026-04-13T01:27:08+08:00
Bataille	sf	Ranger une armée en--.	摆阵势	’pa zeng’ se’.		擺陣勢		66	待定	true	自旧档汇入	2026-04-13T01:27:08+08:00
Bataille	sf	Livrer --. Perdre la --.	作战，打败	’tang tsang’		打仗		66		true	自旧档汇入	2026-04-13T01:27:08+08:00
Bataille	sf	Livrer --. Perdre la --.	作战，打败	’tang ba’ ’tsé		打敗者		66		true	自旧档汇入	2026-04-13T01:27:08+08:00
Bataille	sf	Livrer --. Perdre la --.	作战，打败	su ’tsé.		輸者		66		true	自旧档汇入	2026-04-13T01:27:08+08:00
Bataille	sf	Gagner la --.	打胜仗	’tang seng’ tsang’		打勝仗		66		true	自旧档汇入	2026-04-13T01:27:08+08:00
Bataille	sf	Gagner la --.	打胜仗	yeng ’tsé		贏者		66		true	自旧档汇入	2026-04-13T01:27:08+08:00
Bataille	sf	Gagner la --.	打胜仗	teh seng’ ’tsé.		得勝者		66		true	自旧档汇入	2026-04-13T01:27:08+08:00
Bataillon	sm		军队	ih dei’ bou’ ping.		一隊步兵		66		true	自旧档汇入	2026-04-13T01:27:08+08:00
Bâtard	sm		私生子	se ’neu.		私囝		67	待定 囡/囝聲調	true	自旧档汇入	2026-04-13T01:27:08+08:00
Bateau	sm	 -- de mer.	海船	zé [ih tsah]		船[一隻]		67		true	自旧档汇入	2026-04-13T01:27:08+08:00
Bateau	sm	 -- de mer.	海船	’h‘ai zé.		海船		67		true	自旧档汇入	2026-04-13T01:27:08+08:00
Bateau	sm	 -- à vapeur. -- à voile.	蒸汽船，帆船	’h‘ou len zé		火輪船		67		true	自旧档汇入	2026-04-13T01:27:08+08:00
Bateau	sm	 -- à vapeur. -- à voile.	蒸汽船，帆船	hang fong zé.		行風船		67		true	自旧档汇入	2026-04-13T01:27:08+08:00
Bateau	sm	 -- à roues. -- à hélice.	轮船，螺旋船	ming len zé		明輪船		67		true	自旧档汇入	2026-04-13T01:27:08+08:00
Bateau	sm	 -- à roues. -- à hélice.	轮船，螺旋船	é len zé.	é’ len zé.	暗輪船		67		true	自旧档汇入	2026-04-13T01:27:08+08:00
Bateleur	sm		街头卖艺者	ts‘éh hi’ fèh ke’.		出戲法个		67		true	自旧档汇入	2026-04-13T01:27:08+08:00
Batelier	sm		船夫	zé laong’ gnen		船上人		67		true	自旧档汇入	2026-04-13T01:27:08+08:00
Batelier	sm		船夫	’se ’seû.		水手		67		true	自旧档汇入	2026-04-13T01:27:08+08:00
Batelier	sm	 -- chef.	船老大	’lao pè	’lao ’pè	老板		67		true	自旧档汇入	2026-04-13T01:27:08+08:00
Batelier	sm	 -- chef.	船老大	’lao da’.		老大		67		true	自旧档汇入	2026-04-13T01:27:08+08:00
Batelier	sm	 --s auxiliaires.	船家	zé ka(’wou)		船家（户）		67	待定	true	自旧档汇入	2026-04-13T01:27:08+08:00
Batelier	sm	 --s auxiliaires.	船家	’hou ’ki	’h‘ou ’ki	夥計		67		true	自旧档汇入	2026-04-13T01:27:08+08:00
Bâter	va	un âne.	给（驴子）装驮鞍	bei’ li ’tse.		備驢子		67		true	自旧档汇入	2026-04-13T01:27:08+08:00
Bâtiment	sm	Navire.	船	ih zou’ waong ’tse		一座房子		67		true	自旧档汇入	2026-04-13T01:27:08+08:00
Bâtiment	sm	Navire.	船	ih tsah zé.		一隻船		67		true	自旧档汇入	2026-04-13T01:27:08+08:00
Bâtir	va		建造	zao’		造		67		true	自旧档汇入	2026-04-13T01:27:08+08:00
Bâtir	va		建造	’k‘i.		起		67		true	自旧档汇入	2026-04-13T01:27:08+08:00
Bâton	sm	Jouer du --.	玩棍子	’koen ’tse		棍子		67	待定	true	自旧档汇入	2026-04-13T01:27:08+08:00
Bâton	sm	Jouer du --.	玩棍子	se ’koen tse.	se’ ’koen tse.	試棍子		67		true	自旧档汇入	2026-04-13T01:27:08+08:00
Bâton	sm	 -- pour la marche.	拐杖	’wa(’koa)(zang’)’baong		拐（杖）棒		67	待定	true	自旧档汇入	2026-04-13T01:27:08+08:00
Bâton	sm	 -- pour la marche.	拐杖	’lao gnen ’baong		老人棒		67		true	自旧档汇入	2026-04-13T01:27:08+08:00
Bâton	sm	 -- pour la marche.	拐杖	ts‘ang a’ baong’.	ts‘ang a’ ’baong.	撑椏棒		67	待定	true	自旧档汇入	2026-04-13T01:27:08+08:00
Bâton	sm	 -- pastoral(C.)	权杖	seng’ zang’		聖杖		67		true	自旧档汇入	2026-04-13T01:27:08+08:00
Bâton	sm	 -- pastoral(C.)	权杖	ghieu zang’.		權杖		67		true	自旧档汇入	2026-04-13T01:27:08+08:00
Bâton	sm	 -- rond (de portefaix).	杠子	kaong’ ’tse (’baong).		杠子（棒）		67	待定 杠聲調	true	自旧档汇入	2026-04-13T01:27:08+08:00
Bâton	sm	 -- plat.	扁担	’pié tè’.		扁擔		67	原作“匾擔”	true	自旧档汇入	2026-04-13T01:27:08+08:00
Bâton	sm	 -- plat en bambou(des stellites).	毛竹片	’pè ’tse		板子		67		true	自旧档汇入	2026-04-13T01:27:08+08:00
Bâton	sm	 -- plat en bambou(des stellites).	毛竹片	mao tsôh p‘ié.	mao tsôh p‘ié’.	毛竹片		67		true	自旧档汇入	2026-04-13T01:27:08+08:00
Bâton	sm	 -- d'encre.	一点墨	ih ding’ meh		一錠墨		67		true	自旧档汇入	2026-04-13T01:27:08+08:00
Bâton	sm	 -- d'encre.	一点墨	ih k‘oei’ meh.		一塊墨		67		true	自旧档汇入	2026-04-13T01:27:08+08:00
Bâton	sm	À --s rompus.	杂乱无章	zéh leu’ wou tsang		雜亂無章		67		true	自旧档汇入	2026-04-13T01:27:08+08:00
Bâton	sm	À --s rompus.	杂乱无章	kah sè t‘iao’ ’liang.		隔三跳兩		67		true	自旧档汇入	2026-04-13T01:27:08+08:00
Bâton	sm	Mettre des --s dans les roues.	制造麻烦	lè yao ’tsou zu’.		攔腰阻住		67		true	自旧档汇入	2026-04-13T01:27:08+08:00
Bâtonnets	sm. pr	manger.	筷子	k‘oè [ih saong].		筷[一雙]		67		true	自旧档汇入	2026-04-13T01:27:08+08:00
Bâtonnets	sm	 -- de tribunal.	签子	ts‘ié ’tse. [ih ken].		簽子[一根]		67	格式	true	自旧档汇入	2026-04-13T01:27:08+08:00
Bâtonniste	sm		试棍子的人	se ’koen ’tse ke’.	se’ ’koen ’tse ke’.	試棍子个		67		true	自旧档汇入	2026-04-13T01:27:08+08:00
Battant	sm	d'une cloche.	钟舌	ling(tsong)zéh deû		鈴（鐘）舌頭		67		true	自旧档汇入	2026-04-13T01:27:08+08:00
Battant	sm	d'une cloche.	钟舌	tsong ze.		鐘錘	鐘縋	67		true	自旧档汇入	2026-04-13T01:27:08+08:00
Battant	sm	-- d'une porte.	门扇	men sé’ ’tse.		門扇子		67		true	自旧档汇入	2026-04-13T01:27:08+08:00
Battant	sm	Porte à un --. Porte à deux --s.	单扇门。双扇门	tè sé men	tè sé’ men	單扇門		67		true	自旧档汇入	2026-04-13T01:27:08+08:00
Battant	sm	Porte à un --. Porte à deux --s.	单扇门。双扇门	saong sé’ men.		雙扇門		67		true	自旧档汇入	2026-04-13T01:27:08+08:00
Batte	sf		长柄工具	laong deû		[矛良]頭	榔頭	67	字形	true	自旧档汇入	2026-04-13T01:27:08+08:00
Batte	sf		长柄工具	zang ping’ laong deû.		長柄[矛良]頭	長柄榔頭	67		true	自旧档汇入	2026-04-13T01:27:08+08:00
Battement	sm	du pouls.	脉搏跳	mah sih t‘iao’.		脉息跳		67	待定	true	自旧档汇入	2026-04-13T01:27:08+08:00
Battement	sm	Avoir des --s de cœur.	心跳	sin ’li t‘iao’.		心裏跳		67		true	自旧档汇入	2026-04-13T01:27:08+08:00
Batterie	sf	de canons.	排炮	ih ba p‘ao’.		一排炮		67		true	自旧档汇入	2026-04-13T01:27:08+08:00
Batterie	sf	 -- de cuisine.	厨房用具	zu waong ka ’h‘ou.		厨房傢伙		67		true	自旧档汇入	2026-04-13T01:27:08+08:00
Battoir	sm		捣衣杵	zing’ i zaong ’koen.		净衣裳棍		67		true	自旧档汇入	2026-04-13T01:27:08+08:00
Battre	va		打	’tang		打		67		true	自旧档汇入	2026-04-13T01:27:08+08:00
Battre	va		打	k‘ao.		敲		67		true	自旧档汇入	2026-04-13T01:27:08+08:00
Battre	va	 -- le grain.	打麦	’tang mah		打麥		67		true	自旧档汇入	2026-04-13T01:27:08+08:00
Battre	va	 -- le grain.	打麦	goè ’dao	goè’ ’dao	擐稻	摜稻	67	摜	true	自旧档汇入	2026-04-13T01:27:08+08:00
Battre	va	 -- le grain.	打麦	’tang liang zeh.		打糧食		67		true	自旧档汇入	2026-04-13T01:27:08+08:00
Battre	va	Vaincre.	战胜	’tang seng’ tsang’		打勝仗		68		true	自旧档汇入	2026-04-13T01:27:08+08:00
Battre	va	Vaincre.	战胜	teh seng’.		得勝		68		true	自旧档汇入	2026-04-13T01:27:08+08:00
Battre	va	 -- au jeu. -- en retraite.	赢。退兵	yeng		贏		68		true	自旧档汇入	2026-04-13T01:27:08+08:00
Battre	va	 -- au jeu. -- en retraite.	赢。退兵	t‘ei’ ping.		退兵		68		true	自旧档汇入	2026-04-13T01:27:08+08:00
Battre	va	 --le fer quand il est chaud.	趁热打铁	ts‘en ’h‘ou tsih zai deû		乘火接鑱頭		68	待定	true	自旧档汇入	2026-04-13T01:27:08+08:00
Battre	va	 --le fer quand il est chaud.	趁热打铁	baong gnéh(zieû’)keu ’tang.	baong gnéh(zieû’)’keu ’tang.	傍熱（就）趕打		68		true	自旧档汇入	2026-04-13T01:27:08+08:00
Battre	va. vpr	Se --.Livrer bataille.	打仗	’tang tsang’.		打仗		68		true	自旧档汇入	2026-04-13T01:27:08+08:00
Battre	va. vr	Se --. Se frapper.	打架	siang ’tang		相打		68		true	自旧档汇入	2026-04-13T01:27:08+08:00
Battre	va. vr	Se --. Se frapper.	打架	tseng teû’.		争鬥		68		true	自旧档汇入	2026-04-13T01:27:08+08:00
Battu	pp		被打的	’tang ke’		打个		68		true	自旧档汇入	2026-04-13T01:27:08+08:00
Battu	pp		被打的	’tang tse ih ten’.		打之一頓		68		true	自旧档汇入	2026-04-13T01:27:08+08:00
Battu	pp	Armée --s.	败军	’tang ba’ ’tsé.		打敗者		68		true	自旧档汇入	2026-04-13T01:27:08+08:00
Battu	pp	Chemin --.	行人多的路	koang lou’		光路		68		true	自旧档汇入	2026-04-13T01:27:08+08:00
Battu	pp	Chemin --.	行人多的路	koé daong da lou’.	koé daong da’ lou’.	官塘大路		68		true	自旧档汇入	2026-04-13T01:27:08+08:00
Baudet	sm		驴子	li ’tse [ih tsah].		驢子[一隻]		68		true	自旧档汇入	2026-04-13T01:27:08+08:00
Baume	sm	(C.)	香膏	pouo-eul-sèh-moh hiang.	pouo-’eul-sèh-méh hiang.	巴爾撒末香		68	待定	true	自旧档汇入	2026-04-13T01:27:08+08:00
Bavard	adj et sm		话多的	tou wo’.		多話		68		true	自旧档汇入	2026-04-13T01:27:08+08:00
Bavard	adj et sm	Moulin à paroles.	唠唠叨叨的人	seh lôh (seh wo’) k‘ah gnen		説碌（説話）客人		68	待定	true	自旧档汇入	2026-04-13T01:27:08+08:00
Bavard	adj et sm	Moulin à paroles.	唠唠叨叨的人	yeû ’tse.		油嘴		68		true	自旧档汇入	2026-04-13T01:27:08+08:00
Bavardage	sm		话多	tsi mô lôh tsôh		嚌嘛碌囑		68	待定	true	自旧档汇入	2026-04-13T01:27:08+08:00
Bavardage	sm		话多	zao sé’.		嘈碎		68		true	自旧档汇入	2026-04-13T01:27:08+08:00
Bavarder	vn		喋喋不休地说	tou seh tou wo’.		多説多話		68		true	自旧档汇入	2026-04-13T01:27:08+08:00
Bave	sf		口水	zè t‘ou’		湛唾	饞唾	68	待定	true	自旧档汇入	2026-04-13T01:27:08+08:00
Bave	vn		垂涎	leû’ zè.		漏湛	漏涎	68		true	自旧档汇入	2026-04-13T01:27:08+08:00
Bavette	sf		围嘴	yu (’tsé) zè.		紆（轉）湛	围（轉）涎	68		true	自旧档汇入	2026-04-13T01:27:08+08:00
Bayer	vn	 -- aux corneilles.	想入非非	’tang hou hiéh	’tang h‘ou hiéh	打呼吸		68		true	自旧档汇入	2026-04-13T01:27:08+08:00
Bayer	vn	 -- aux corneilles.	想入非非	’tse tsang k‘ai ’la.		嘴張開拉		68		true	自旧档汇入	2026-04-13T01:27:08+08:00
Bazar	sm		集市	zéh fou’ tié’.		雜貨店		68		true	自旧档汇入	2026-04-13T01:27:08+08:00
Bazar	sm	Grand --(boutique d'articles de Canton).	大集市（卖广东商品的商店）	’koang fou’ tié’.		廣貨店		68		true	自旧档汇入	2026-04-13T01:27:08+08:00
Béante	adj	(Bouche).	张大（嘴巴）	tsang k‘ai (loh k‘ai) ih tsah ’tse.		張開（落開）一隻嘴		68		true	自旧档汇入	2026-04-13T01:27:08+08:00
Béatification	sf	(C.)	列入真福品味	lih zéh tsen foh ’p‘in.		列入真福品		68		true	自旧档汇入	2026-04-13T01:27:08+08:00
Béatitude	sf	céleste.	天主的	t‘ié daong ke’ foh loh.		天堂个福樂		68		true	自旧档汇入	2026-04-13T01:27:08+08:00
Béatitude	sf	Les huit --s.(C.)	真福八端	tsen foh pèh teu.		真福八端		68	字形	true	自旧档汇入	2026-04-13T01:27:08+08:00
Beau	adj		美丽的	’t‘i mié’		體面		68		true	自旧档汇入	2026-04-13T01:27:08+08:00
Beau	adj		美丽的	ts‘u’ lai		崔來	趣來	68		true	自旧档汇入	2026-04-13T01:27:08+08:00
Beau	adj		美丽的	’mei li’.		美麗		68		true	自旧档汇入	2026-04-13T01:27:08+08:00
Beau	adj	 -- à voir.	好看	’h‘ao k‘eu’.		好看		68		true	自旧档汇入	2026-04-13T01:27:08+08:00
Beau	adj	Faire le --.	打扮得美丽	’tang pè’ lai yao’ tsing yao’ koa’.		打扮來要精要怪		68		true	自旧档汇入	2026-04-13T01:27:08+08:00
Beau	adj	Avoir -- faire.	白做	bah bah ’li tsou’.		白白裏做		68		true	自旧档汇入	2026-04-13T01:27:08+08:00
Beau	adj	J'ai -- ,, je ne puis l'entraîner.	我拖不动他	’ngou t‘ou ’a t‘ou véh dong’ i.		我拖也拖勿動伊		68		true	自旧档汇入	2026-04-13T01:27:08+08:00
Beau	adj	Vous avez -- ,, vous ne le retiendrez pas.	您留不住他	nong’ lieû ’a lieû véh zu’ i.		我留也留勿住伊	儂留也留勿住伊	68	按照羅馬字	true	自旧档汇入	2026-04-13T01:27:08+08:00
Beau	adj	Vous avez -- ,, vous ne pouvez pas (ou plus)[v.g.nier].	您徒劳了	zu bié’ nong’ ’na neng wo’ fèh, ’tsong ze’ bah bah ’li.		隨便儂那能話法，總是白白裏		68		true	自旧档汇入	2026-04-13T01:27:08+08:00
Beau	adj	Quand tout votre corps serait plein de bouches….	即使您浑身是嘴（也说不清了）	nong’ ts‘ih ’se ’mé sen zi ze’ ’tse ’a véh neng.		儂即使滿身齊是嘴也勿能		68		true	自旧档汇入	2026-04-13T01:27:08+08:00
Beau	adj	Avoir -- penser, chercher etc.	千思万想	ts‘ié se vè’ ’siang.		千思萬想		69		true	自旧档汇入	2026-04-13T01:27:08+08:00
Beau	adj	Tout -- ! doucement !	慢慢来	mè mè neng (kiao)!	mè’ mè’ neng (kiao’)!	慢慢能（交）	慢慢能（叫）	69	待定 另有叫	true	自旧档汇入	2026-04-13T01:27:08+08:00
Beaucoup	adv		非常	tou		多		69		true	自旧档汇入	2026-04-13T01:27:08+08:00
Beaucoup	adv		非常	tou ’h‘ao.		多好		69		true	自旧档汇入	2026-04-13T01:27:08+08:00
Beaucoup	adv	Trop:parler --.	太多：说话太多	seh wo’ t‘ai’ tou.		説話太多		69		true	自旧档汇入	2026-04-13T01:27:08+08:00
Beaufils	sm	Gendre.	女婿	’gnu si’.		女婿		69		true	自旧档汇入	2026-04-13T01:27:08+08:00
Beaufils	sm	Fils d'un premier lit.	前夫的儿子	ta’ lai ke’(yeû bing)(zié fou)gni ’tse.		帶來个（油瓶）（前夫）兒子		69	待定	true	自旧档汇入	2026-04-13T01:27:08+08:00
Beaufrère	sm	Mari d'une sœur propre&mari d'une sœur du mari.	自己姐妹的丈夫&丈夫姐妹的丈夫	’tsia fou		姐夫		69	原注有“(aînée)”	true	自旧档汇入	2026-04-13T01:27:08+08:00
Beaufrère	sm	Mari d'une sœur propre&mari d'une sœur du mari.	自己姐妹的丈夫&丈夫姐妹的丈夫	mei’ fou		妹夫		69	原注有“(cadette)”	true	自旧档汇入	2026-04-13T01:27:08+08:00
Beaufrère	sm	Mari d'une sœur de la fem.	妻子姐妹的丈夫	i fou.	yi fou	姨夫		69	待定	true	自旧档汇入	2026-04-13T01:27:08+08:00
Beaufrère	sm	Les beaux-frères.	连襟们	lié kien.		連襟		69		true	自旧档汇入	2026-04-13T01:27:08+08:00
Beaufrère	sm	Frère de la femme.	妻子的兄弟	dou’ ’ghieû ’ghieû		大舅舅		69		true	自旧档汇入	2026-04-13T01:27:08+08:00
Beaufrère	sm	Frère de la femme.	妻子的兄弟	’siao ’ghieû ’ghieû.		小舅舅		69		true	自旧档汇入	2026-04-13T01:27:08+08:00
Beaufrère	sm	Frère du mari.	丈夫的兄弟	pah pah		伯伯		69		true	自旧档汇入	2026-04-13T01:27:08+08:00
Beaufrère	sm	Frère du mari.	丈夫的兄弟	soh soh.	sôh sôh.	叔叔		69		true	自旧档汇入	2026-04-13T01:27:08+08:00
Beaupère	sm	Père de la femme.	妻子的丈夫	’zang gnen		丈人		69	待定	true	自旧档汇入	2026-04-13T01:27:08+08:00
Beaupère	sm	Père de la femme.	妻子的丈夫	ngoh vou’.		岳父		69		true	自旧档汇入	2026-04-13T01:27:08+08:00
Beaupère	sm	Père du mari.	丈夫的丈夫	kong		公		69		true	自旧档汇入	2026-04-13T01:27:08+08:00
Beaupère	sm	Père du mari.	丈夫的丈夫	kong ah tia.		公阿爹		69		true	自旧档汇入	2026-04-13T01:27:08+08:00
Beaupère	sm	2d mari de la mère.	继父	’mè ya		晚爺		69		true	自旧档汇入	2026-04-13T01:27:08+08:00
Beaupère	sm	2d mari de la mère.	继父	ki’ ya.		繼爺		69		true	自旧档汇入	2026-04-13T01:27:08+08:00
Beaupré	sm		艏斜桅	deû ziang.		頭檣		69		true	自旧档汇入	2026-04-13T01:27:08+08:00
Beauté	sf	du visage.-- du paysage.	美貌。美景	’mei ’mao’	’mei mao’	美貌		69	印刷錯誤	true	自旧档汇入	2026-04-13T01:27:08+08:00
Beauté	sf	du visage.-- du paysage.	美貌。美景	’h‘ao k‘eu’ ke’ ’kieng tse’.		好看个景緻	好看个景致	69	待定	true	自旧档汇入	2026-04-13T01:27:08+08:00
Bébé	sm		孩子	’siao ’neu		小囝		69		true	自旧档汇入	2026-04-13T01:27:08+08:00
Bébé	sm		孩子	’siao ’pao ’pei’.	’siao ’pao pei’.	小寶貝		69	印刷錯誤	true	自旧档汇入	2026-04-13T01:27:08+08:00
Bec	sm	d'oiseau.	鸟嘴	’tiao ’tse.		窵嘴	鳥嘴	69		true	自旧档汇入	2026-04-13T01:27:08+08:00
Bec	sm	 -- de plume.	笔尖	pieh tsié deû		筆尖頭		69		true	自旧档汇入	2026-04-13T01:27:08+08:00
Bec	sm	 -- de plume.	笔尖	tsié ’tse.		尖嘴		69		true	自旧档汇入	2026-04-13T01:27:08+08:00
Bec	sm	Prise de --.Altercation.	争吵	kèh ’tse zéh.		夾嘴舌		69	待定	true	自旧档汇入	2026-04-13T01:27:08+08:00
Bec	sm	Avoir une prise de --.	吵架	zin dao k‘i’		尋淘氣		69	待定	true	自旧档汇入	2026-04-13T01:27:08+08:00
Bec	sm	Avoir une prise de --.	吵架	tsou’ nao’.		做鬧		69		true	自旧档汇入	2026-04-13T01:27:08+08:00
Bec	sm	Avoir bon --.	有一张厉害的爱讲人坏话的嘴	’tse ’mao tse hiong(li’hai’).	’tse ’mao ’tse hiong(li’hai’).	嘴碼子凶（利害）	嘴？子凶（利害）	69	待定 另作嗎	true	自旧档汇入	2026-04-13T01:27:08+08:00
Bec	sm	Avoir -- et ongles.	捍卫自己	’ngao ’lao ’la zi lai ke’.		咬咾拉齊來个		69		true	自旧档汇入	2026-04-13T01:27:08+08:00
Bécasse	sf		山鹬	tsôh ki.		竹鷄		69		true	自旧档汇入	2026-04-13T01:27:08+08:00
Bec-de-lièvre	sm		兔唇	kieuh ’tse.		缺嘴		69		true	自旧档汇入	2026-04-13T01:27:08+08:00
Bêche	sf		锹	k‘iao		銚		69	待定	true	自旧档汇入	2026-04-13T01:27:08+08:00
Bêche	sf		锹	t‘ih kié		鐵鍁		69		true	自旧档汇入	2026-04-13T01:27:08+08:00
Bêche	sf		锹	moh kié		木鍁		69	待定	true	自旧档汇入	2026-04-13T01:27:08+08:00
Bêche	sf		锹	’ts‘è.		鏟		69		true	自旧档汇入	2026-04-13T01:27:08+08:00
Bêche	sf	 -- de mer (trépang).	海参	h‘ai sen.	’h‘ai sen.	海參		69		true	自旧档汇入	2026-04-13T01:27:08+08:00
Bêcher	va et vn		用铲或鍬翻（土）	ben’		坌		69		true	自旧档汇入	2026-04-13T01:27:08+08:00
Bêcher	va et vn		用铲或鍬翻（土）	ben’ di’.		坌地		69		true	自旧档汇入	2026-04-13T01:27:08+08:00
Becquée		Donner la --.	用嘴喂食	yu’ ’siao ’tiao.		喂小窵	喂小鳥	69		true	自旧档汇入	2026-04-13T01:27:08+08:00
Becqueter	va		啄（食）	’tiao zôh.		窵喙	鳥啄	69	待定	true	自旧档汇入	2026-04-13T01:27:08+08:00
Beffroi	sm		钟塔	tsong leû.		鐘樓		69		true	自旧档汇入	2026-04-13T01:27:08+08:00
Bégayer	vn		结结巴巴地讲	kéh ’tse kéh zéh deû.		合嘴合舌頭		69	合後面看起來有兩個句號，但是不知道是為了表示什麼	true	自旧档汇入	2026-04-13T01:27:08+08:00
Bégone	sf	variée.	多样的海棠	’h‘ai daong.		海棠		69		true	自旧档汇入	2026-04-13T01:27:08+08:00
Bègue	sm sf		口吃者	kéh ’tse.		合嘴		70		true	自旧档汇入	2026-04-13T01:27:08+08:00
Bêlement Bêler	sm vn		羊叫	mié yang kiao’.		綿羊叫		70		true	自旧档汇入	2026-04-13T01:27:08+08:00
Belette	sf		鼬	wang laong	waong laong	黄狼		70		true	自旧档汇入	2026-04-13T01:27:08+08:00
Belette	sf		鼬	waong ’tse laong.		黄嘴狼		70	待定	true	自旧档汇入	2026-04-13T01:27:08+08:00
Belgique	sf		比利时	’pi-li-zeh kôh	’pi-li’-zeh kôh	比利時國		70		true	自旧档汇入	2026-04-13T01:27:08+08:00
Bélier	sm		公羊	yong yang		雄羊		70		true	自旧档汇入	2026-04-13T01:27:08+08:00
Bélier	sm		公羊	kong yang.		公羊		70		true	自旧档汇入	2026-04-13T01:27:08+08:00
Bélier	sm	 --. Machine de guerre.	羊头锤。战斗工具	yang deû ze.		羊頭錘		70	待定	true	自旧档汇入	2026-04-13T01:27:08+08:00
Belle-de-nuit	sf		月光花	pé’ gnéh lié		半日連		70	待定	true	自旧档汇入	2026-04-13T01:27:08+08:00
Belle-de-nuit	sf		月光花	zao lai h‘ouo.		潮來花		70		true	自旧档汇入	2026-04-13T01:27:08+08:00
Belle-fille	sf	Bru.	儿媳	sih(sin) wou’.		媳（新）婦		70		true	自旧档汇入	2026-04-13T01:27:08+08:00
Belle-fille	sf	Fille d'un 1er mariage.	初婚时生的女儿	yeû bing neu		油瓶囡		70		true	自旧档汇入	2026-04-13T01:27:08+08:00
Belle-fille	sf	Fille d'un 1er mariage.	初婚时生的女儿	keu sang neu.		乾生囡		70		true	自旧档汇入	2026-04-13T01:27:08+08:00
Bellement	adv		慢慢地	mè’ mè’ tse		慢慢之		70		true	自旧档汇入	2026-04-13T01:27:08+08:00
Bellement	adv		慢慢地	mè mè neng	mè’ mè’ neng	慢慢能		70		true	自旧档汇入	2026-04-13T01:27:08+08:00
Bellement	adv		慢慢地	ts‘ong ts‘ong yong yong.		從從容容		70		true	自旧档汇入	2026-04-13T01:27:08+08:00
Belle-mère	sf	Mère du mari.	丈夫的母亲	bou		婆		70		true	自旧档汇入	2026-04-13T01:27:08+08:00
Belle-mère	sf	Mère du mari.	丈夫的母亲	bou ah ’ma	bou ah ma	婆阿媽		70		true	自旧档汇入	2026-04-13T01:27:08+08:00
Belle-mère	sf	Mère de la femme.	妻子的母亲	za’ m		丈㜷		70	待定	true	自旧档汇入	2026-04-13T01:27:08+08:00
Belle-mère	sf	Mère de la femme.	妻子的母亲	za’ m gnang.		丈㜷娘		70		true	自旧档汇入	2026-04-13T01:27:08+08:00
Belle-mère	sf	Seconde femme du père.	父亲的第二任妻子	ki’ ’mou		繼母		70		true	自旧档汇入	2026-04-13T01:27:08+08:00
Belle-mère	sf	Seconde femme du père.	父亲的第二任妻子	’mè gnang		晚娘		70		true	自旧档汇入	2026-04-13T01:27:08+08:00
Belle-mère	sf	Seconde femme du père.	父亲的第二任妻子	keu sang gnang.		乾生娘		70		true	自旧档汇入	2026-04-13T01:27:08+08:00
Belle-sœur	sf	Sœur de la femme.	妻子的姐妹	dou’ i	dou’ yi	大姨		70		true	自旧档汇入	2026-04-13T01:27:08+08:00
Belle-sœur	sf	Sœur de la femme.	妻子的姐妹	gnang i	gnang yi	娘姨		70		true	自旧档汇入	2026-04-13T01:27:08+08:00
Belle-sœur	sf	Sœur du mari.	丈夫的姐妹	’ma ’ma	ma ma	媽媽		70		true	自旧档汇入	2026-04-13T01:27:08+08:00
Belle-sœur	sf	Sœur du mari.	丈夫的姐妹	ah ’ma	ah ma	阿媽		70		true	自旧档汇入	2026-04-13T01:27:08+08:00
Belle-sœur	sf	Sœur du mari.	丈夫的姐妹	gnang gnang		娘娘		70		true	自旧档汇入	2026-04-13T01:27:08+08:00
Belle-sœur	sf	Sœur du mari.	丈夫的姐妹	ah gnang.		阿娘		70		true	自旧档汇入	2026-04-13T01:27:08+08:00
Belle-sœur	sf	Femme d'un frère(aîné).	哥哥的妻子	’sao ’sao		嫂嫂		70		true	自旧档汇入	2026-04-13T01:27:08+08:00
Belle-sœur	sf	Femme d'un frère(aîné).	哥哥的妻子	ah ’sao.		阿嫂		70		true	自旧档汇入	2026-04-13T01:27:08+08:00
Belle-sœur	sf	,, ,, (puîné).	弟弟的妻子	di’ wou’		弟婦		70		true	自旧档汇入	2026-04-13T01:27:08+08:00
Belle-sœur	sf	,, ,, (puîné).	弟弟的妻子	di’ sin wou’.		弟媳婦	弟新婦	70	待定	true	自旧档汇入	2026-04-13T01:27:08+08:00
Belle-sœur	sf	Les belles-sœurs (femmes de plusieurs frères).	多个兄弟的妻子	pah m.		伯㜷		70		true	自旧档汇入	2026-04-13T01:27:08+08:00
Belligérant	adj		参战	’tang tsang’ kôh dou’.		打仗國度		70		true	自旧档汇入	2026-04-13T01:27:08+08:00
Belliqueux	adj		好战	’hi h‘oé ’tang tsang’.		喜歡打仗		70		true	自旧档汇入	2026-04-13T01:27:08+08:00
Belvédère	sm	 -au dessus de porte de ville.	城门上方的城楼	ding ’tse		亭子		70		true	自旧档汇入	2026-04-13T01:27:08+08:00
Belvédère	sm	 -au dessus de porte de ville.	城门上方的城楼	zeng leû.		城樓		70		true	自旧档汇入	2026-04-13T01:27:08+08:00
Bénédicité	sm	(C.)	餐前祝福经	vè’ zié kieng.		飯前經		70		true	自旧档汇入	2026-04-13T01:27:08+08:00
Bénédiction	sf		赐福	kiang’ foh.		降福		70		true	自旧档汇入	2026-04-13T01:27:08+08:00
Bénédiction	sf	Faveur céleste.	天主的恩惠	T‘ié ’tsu ke’ en ’tié.		天主个恩典		70		true	自旧档汇入	2026-04-13T01:27:08+08:00
Bénédiction	sf	 -- du St Sacrement.(C.)	圣体赐福	seng’ t‘i kiang’ foh.		聖體降福		70		true	自旧档汇入	2026-04-13T01:27:08+08:00
Bénéfice	sm	Avantage.	好处	’h‘ao ts‘u’		好處		70		true	自旧档汇入	2026-04-13T01:27:08+08:00
Bénéfice	sm	Avantage.	好处	yeh ts‘u’.		益處		70		true	自旧档汇入	2026-04-13T01:27:08+08:00
Bénéfice	sm	Revenu, gain.	利息	li’		利		70		true	自旧档汇入	2026-04-13T01:27:08+08:00
Bénéfice	sm	Revenu, gain.	利息	li’ sih.		利息		70		true	自旧档汇入	2026-04-13T01:27:08+08:00
Bénéfice	sm	Chercher les petits --s.	找一些小益处	zin ’tié ’siao ’h‘ao ts‘u’.		尋點小好處		70		true	自旧档汇入	2026-04-13T01:27:08+08:00
Bénéficier	vn		得到（好处）	teh li’		得利		70		true	自旧档汇入	2026-04-13T01:27:08+08:00
Bénéficier	vn		得到（好处）	teh zah li’.		得着利		70		true	自旧档汇入	2026-04-13T01:27:08+08:00
Bénévolement	adv		自愿地	ké sin		甘心		70		true	自旧档汇入	2026-04-13T01:27:08+08:00
Bénévolement	adv		自愿地	zing gneu’.		情願		70		true	自旧档汇入	2026-04-13T01:27:08+08:00
Bénin	adj	Doux.	温柔	liang zé’.		良善		70	待定	true	自旧档汇入	2026-04-13T01:27:08+08:00
Bénin	adj	Léger. 	轻。病状轻微	k‘ieng		輕		70		true	自旧档汇入	2026-04-13T01:27:08+08:00
Bénin	adj	La maladie est bénigne.	轻。病状轻微	’siao bing’		小病		70		true	自旧档汇入	2026-04-13T01:27:08+08:00
Bénin	adj	La maladie est bénigne.	轻。病状轻微	bing’ k‘ieng.		病輕		70		true	自旧档汇入	2026-04-13T01:27:08+08:00
Bénir	va	- un objet	降福；祝圣-一件物品	seng’		聖		71		true	自旧档汇入	2026-04-13T01:27:08+08:00
Bénir	va	- un objet	降福；祝圣-一件物品	’tsôh seng’		祝聖		71		true	自旧档汇入	2026-04-13T01:27:08+08:00
Bénir	va	- une personne (C.)	降福；祝圣-一个人	kiang’ foh		降福		71		true	自旧档汇入	2026-04-13T01:27:08+08:00
Bénir	va	- Dieu (le louer)	称扬，赞美-上帝	tsè’ ’mei		贊美		71		true	自旧档汇入	2026-04-13T01:27:08+08:00
Bénir	va	- Dieu (le remercier)	感恩，感谢-上帝	’ké zia’		感謝		71		true	自旧档汇入	2026-04-13T01:27:08+08:00
Bénit	adj	(objet)(C.)	祝圣过的	seng’ wéh		聖物		71		true	自旧档汇入	2026-04-13T01:27:08+08:00
Bénit	adj	(objet)(C.)	祝圣过的	seng’ wéh méh ze’		聖物物事		71		true	自旧档汇入	2026-04-13T01:27:08+08:00
Bénirier	sm	(C.)	圣水缸	seng’ ’se wou (kaong)		聖水壺（缸）		71		true	自旧档汇入	2026-04-13T01:27:08+08:00
Benjamin	sm	(le dernier né)	最小的小孩	’siao n (gni) ’tse		小兒子		71		true	自旧档汇入	2026-04-13T01:27:08+08:00
Benjamin	sm	(le dernier né)	最小的小孩	’na méh deû gni ’tse		奶末頭兒子		71		true	自旧档汇入	2026-04-13T01:27:08+08:00
Benjoin	sm		安息香	eu sih hiang		安息香		71		true	自旧档汇入	2026-04-13T01:27:08+08:00
Benoît	sm			’pen-toh		本篤		71		true	自旧档汇入	2026-04-13T01:27:08+08:00
Béquille	sf			ts‘ang deû		撑頭		71		true	自旧档汇入	2026-04-13T01:27:08+08:00
Béquille	sf			o ’koen		椏棍		71	待定	true	自旧档汇入	2026-04-13T01:27:08+08:00
Bercail	sm		羊栏	yang bang		羊棚		71		true	自旧档汇入	2026-04-13T01:27:08+08:00
Berceau	sm		婴儿小床；摇篮	k‘oen’ k‘ou		睏窠		71		true	自旧档汇入	2026-04-13T01:27:08+08:00
Berceau	sm		婴儿小床；摇篮	eu lè	eû lè	傴籃		71		true	自旧档汇入	2026-04-13T01:27:08+08:00
berceau	sm		婴儿小床；摇篮	mié ’den		眠囤		71		true	自旧档汇入	2026-04-13T01:27:08+08:00
bercer	va	(un enfant)	（放在摇篮里）摇（婴儿）	yao yao eû lè		摇摇傴籃		71		true	自旧档汇入	2026-04-13T01:27:08+08:00
bercer	vr	Se - d'un vain espoir	怀抱徒劳的希望	k‘ong p‘è maong’	k‘ong p‘è’ maong’	空盼望		71		true	自旧档汇入	2026-04-13T01:27:08+08:00
bercer	vr	Se - d'un vain espoir	怀抱徒劳的希望	bah maong’ t‘éh 		白望脱		71		true	自旧档汇入	2026-04-13T01:27:08+08:00
bercer	vr	Se - d'un vain espoir	怀抱徒劳的希望	maong’ k‘ong		望空		71		true	自旧档汇入	2026-04-13T01:27:08+08:00
berge	sf	- d'une rivière	河岸	wou ngeu’		河岸		71		true	自旧档汇入	2026-04-13T01:27:08+08:00
berge	sf	- d'un chemin	道路或沟渠两侧高出的陡坡	p‘ou ’tse		坡子		71		true	自旧档汇入	2026-04-13T01:27:08+08:00
berger	sf		牧羊人，羊倌	k‘eu yang ke’		看羊个		71		true	自旧档汇入	2026-04-13T01:27:08+08:00
berger	sf		牧羊人，羊倌	moh dong		牧童		71		true	自旧档汇入	2026-04-13T01:27:08+08:00
berger	sf	Étoile du -	牧羊人星，晓星？	hiao sing	’hiao sing	曉星		71		true	自旧档汇入	2026-04-13T01:27:08+08:00
bergerie	sf		羊舍，羊棚，羊圈	yang k‘ieu [ih ke’]		羊圈[一个]		71	待定	true	自旧档汇入	2026-04-13T01:27:08+08:00
Bergeronnette			鹡鸰	zang ’gni pouo laong		長尾巴狼		71		true	自旧档汇入	2026-04-13T01:27:08+08:00
berlue	sf	Avoir la -	眼睛突然发花	’ngè h‘ouo 		眼花		71		true	自旧档汇入	2026-04-13T01:27:08+08:00
berlue	sf	Avoir la -	看错，搞错，判断错	’siang ts‘ouo’		想錯		71		true	自旧档汇入	2026-04-13T01:27:08+08:00
berner	va		（引申义）欺骗，愚弄，嘲弄	ki siao’		譏笑		71		true	自旧档汇入	2026-04-13T01:27:08+08:00
besace	sf		褡裢	sao’ ’mo ’tse		袑𧜗子		71	待定	true	自旧档汇入	2026-04-13T01:27:08+08:00
besace	sf		褡裢	tèh lié		褡褳		71		true	自旧档汇入	2026-04-13T01:27:08+08:00
besicles	sf. pl.		眼镜	’ngè kieng [ih fou’]	’ngè kieng’ [ih fou’]	眼鏡[一副]		71		true	自旧档汇入	2026-04-13T01:27:08+08:00
besogne	sf		工作，活计，活儿	kong fou		工夫		71		true	自旧档汇入	2026-04-13T01:27:08+08:00
besogne	sf		工作，活计，活儿	sang wéh		生活		71		true	自旧档汇入	2026-04-13T01:27:08+08:00
besogneux	adj		劳作而不足以糊口的；贫困的	’k‘ou ’nao		苦惱		71		true	自旧档汇入	2026-04-13T01:27:08+08:00
besogneux	adj		劳作而不足以糊口的；贫困的	nè kou’ gnéh ’tse		難過日子		71		true	自旧档汇入	2026-04-13T01:27:08+08:00
besoin	sm	Être dans le -	处于贫困中	ghiong ’k‘ou		窮苦		71		true	自旧档汇入	2026-04-13T01:27:08+08:00
besoin	sm	Être dans le -	处于贫困中	wéh véh kou’ gnéh ’tse		活勿過日子		71		true	自旧档汇入	2026-04-13T01:27:08+08:00
besoin	sm	Avoir - de qqch	需要	k‘ieuh ’sao		缺少		71		true	自旧档汇入	2026-04-13T01:27:08+08:00
besoin	sm	Avoir - de qqch	需要	su yong’		需用		71		true	自旧档汇入	2026-04-13T01:27:08+08:00
besoin	sm	- de faire une chose	需要-做一件事	kai taong		該當		71		true	自旧档汇入	2026-04-13T01:27:08+08:00
besoin	sm	- de faire une chose	需要-做一件事	yeng’ kai		應該		71		true	自旧档汇入	2026-04-13T01:27:08+08:00
besoin	sm	N'avoir pas -	不需要	yong’ véh zah		用勿着		71		true	自旧档汇入	2026-04-13T01:27:08+08:00
besoin	sm	N'avoir pas -	不需要	véh yao’ ’kien		勿要緊		71		true	自旧档汇入	2026-04-13T01:27:08+08:00
besoin	sm	-s naturels	生理欲求，排泄欲	ts‘éh kong		出恭		71		true	自旧档汇入	2026-04-13T01:27:08+08:00
besoin	sm	-s naturels	生理欲求，排泄欲	’ka ’seû		解手		71		true	自旧档汇入	2026-04-13T01:27:08+08:00
besoin	sm	Faire les grands -s	大便	ts‘éh dou’ kong		出大恭		71		true	自旧档汇入	2026-04-13T01:27:08+08:00
besoin	sm	Faire les grands -s	大便	dou’ ’ka ’seû		大解手		71		true	自旧档汇入	2026-04-13T01:27:08+08:00
besoin	sm	Faire les grands -s	大便	dou’ bié’		大便		71		true	自旧档汇入	2026-04-13T01:27:08+08:00
besoin	sm	Les petits -s	小便	ts‘éh ’siao kong		出小恭		71		true	自旧档汇入	2026-04-13T01:27:08+08:00
besoin	sm	Les petits -s	小便	’siao ’ka ’seû		小解手		71		true	自旧档汇入	2026-04-13T01:27:08+08:00
besoin	sm	Les petits -s	小便	’siao bié’		小便		71		true	自旧档汇入	2026-04-13T01:27:08+08:00
bestial	adj		禽兽一般的	tsong’ sang ke’	tsong  sang ke’	中生个		71		true	自旧档汇入	2026-04-13T01:27:08+08:00
bestial	adj		禽兽一般的	ghien seû’ ke’		禽獸个		71		true	自旧档汇入	2026-04-13T01:27:08+08:00
bestiaux	sm. pl.		家畜，牲畜	mô gneu yang	’mô gneu yang	馬牛羊		72		true	自旧档汇入	2026-04-13T01:27:08+08:00
bestiaux	sm. pl.		家畜，牲畜	sang ’k‘eû		牲口		72		true	自旧档汇入	2026-04-13T01:27:08+08:00
bestiole	sf		小动物；小虫子	’siao zong		小虫		72	保留簡體	true	自旧档汇入	2026-04-13T01:27:08+08:00
bestiole	sf		小动物；小虫子	zong gni	zong gni’	虫蟻		72	保留簡體	true	自旧档汇入	2026-04-13T01:27:08+08:00
bêta	sm		愚蠢的人，傻呵呵的人	ngai ben’		呆笨		72		true	自旧档汇入	2026-04-13T01:27:08+08:00
bête	sf		兽类，牲口，畜生；动物	ts‘ôh sang		畜生		72		true	自旧档汇入	2026-04-13T01:27:08+08:00
bête	sf	#NAME?	野兽	’ya seû’		野獸		72		true	自旧档汇入	2026-04-13T01:27:08+08:00
bête	sf	commerce de bêtes de somme	役畜生意	lou ’mô hang		騾馬行		72		true	自旧档汇入	2026-04-13T01:27:08+08:00
bête	adj		愚蠢的，傻的	kaong dou’	’gaong dou’	戇大		72		true	自旧档汇入	2026-04-13T01:27:08+08:00
bête	adj		愚蠢的，傻的	ngou deû		蛾頭		72	待定	true	自旧档汇入	2026-04-13T01:27:08+08:00
bête	adj		愚蠢的，傻的	ben’ gneû		笨牛		72		true	自旧档汇入	2026-04-13T01:27:08+08:00
bête	adj		愚蠢的，傻的	tai ’tse		呆子		72	待定	true	自旧档汇入	2026-04-13T01:27:08+08:00
bétel	sm		槟榔	pin laong ’tse		檳榔子		72		true	自旧档汇入	2026-04-13T01:27:08+08:00
bêtement	adv		愚蠢地，傻呵呵地	hoen hoen tong’ tong’	h‘oen h‘oen dong’ dong’	昏昏洞洞		72	待定	true	自旧档汇入	2026-04-13T01:27:08+08:00
bêtises	sf	Dire des -s	说傻话	wou dou seh wo’		糊塗説話		72		true	自旧档汇入	2026-04-13T01:27:08+08:00
bêtises	sf	Dire des -s	说傻话	hèh wo’ 	h‘èh wo’ 	瞎話		72		true	自旧档汇入	2026-04-13T01:27:08+08:00
bêtises	sf	Faire des -s	做蠢事	hèh tsou’	h‘èh tsou’	瞎做		72		true	自旧档汇入	2026-04-13T01:27:08+08:00
bêtises	sf	Faire des -s	做蠢事	hèh lai lai	h‘èh lai lai	瞎來來		72		true	自旧档汇入	2026-04-13T01:27:08+08:00
Béton	sm		混凝土	sè wou ’t‘ou		三和土		72		true	自旧档汇入	2026-04-13T01:27:08+08:00
betterave	sf		红菜头	hong ts‘ai’ deû		紅菜頭		72		true	自旧档汇入	2026-04-13T01:27:08+08:00
beuglement	sf		牛叫声	gneû kiao	gneû kiao’	牛叫		72		true	自旧档汇入	2026-04-13T01:27:08+08:00
beurre	sm		黄油；奶油	’na yeû		奶油		72		true	自旧档汇入	2026-04-13T01:27:08+08:00
Bévue	sf		差错，错误	ts‘ouo ts‘u’		差處		72		true	自旧档汇入	2026-04-13T01:27:08+08:00
Bézoard		- de bœuf	牛黄	gneû waong		牛黄		72		true	自旧档汇入	2026-04-13T01:27:08+08:00
Bézoard		- de bœuf	牛黄	si waong		犀黄		72		true	自旧档汇入	2026-04-13T01:27:08+08:00
Bézoard		- de chien	狗宝	’keû ’pao		狗寶		72		true	自旧档汇入	2026-04-13T01:27:08+08:00
biais		Être de -	倾斜	zia(véh tseng’)		斜（勿正）		72		true	自旧档汇入	2026-04-13T01:27:08+08:00
biais		Être de -	倾斜	wang		横		72		true	自旧档汇入	2026-04-13T01:27:08+08:00
biaiser	vn		倾斜	wè wè k‘iôh k‘iôh 		彎彎曲曲		72	原作“灣彎曲曲”	true	自旧档汇入	2026-04-13T01:27:08+08:00
bibelot	sm		小玩意儿	béh siang’ keu		孛相干		72		true	自旧档汇入	2026-04-13T01:27:08+08:00
bibelot	sm		小玩意儿	béh siang’ méh ze’		孛相物事		72		true	自旧档汇入	2026-04-13T01:27:08+08:00
bibelot	sm		小件古玩	kou’ ’tong wè’ k‘i	’kou ’tong wè’ k‘i’	古董玩器		72	變調	true	自旧档汇入	2026-04-13T01:27:08+08:00
biberon	sm		奶瓶	’na wou		奶壺		72		true	自旧档汇入	2026-04-13T01:27:08+08:00
bible	sf	La sainte -	圣经	’kou sin seng’ kieng		古新聖經		72		true	自旧档汇入	2026-04-13T01:27:08+08:00
bible	sf	La sainte -	圣经	seng’ su		聖書		72		true	自旧档汇入	2026-04-13T01:27:08+08:00
bibliomanie			藏书癖	su p‘ieh		書癖		72		true	自旧档汇入	2026-04-13T01:27:08+08:00
bibliothécaire	sm		图书管理员	’koé su kè ke’		管書間个		72		true	自旧档汇入	2026-04-13T01:27:08+08:00
bibliothèque	sf	Salle	书房	su kè		書間		72		true	自旧档汇入	2026-04-13T01:27:08+08:00
bibliothèque	sf		藏书	zaong su		藏書		72		true	自旧档汇入	2026-04-13T01:27:08+08:00
bibliothèque	sf	Salle	书房	su waong		書房		72		true	自旧档汇入	2026-04-13T01:27:08+08:00
bibliothèque	sf	#NAME?	皇家藏书	se’ k‘ou zié su	se’ k‘ou’ zié su	四庫全書		72	待定	true	自旧档汇入	2026-04-13T01:27:08+08:00
bibliothèque	sf	Armoire	书橱	su zu		書厨		72		true	自旧档汇入	2026-04-13T01:27:08+08:00
biche	sf		母鹿	ts‘e(’mou) lôh		雌（母）鹿		72		true	自旧档汇入	2026-04-13T01:27:08+08:00
bichon	sm		短鼻长卷毛小狗，狮子狗	’siao pa eul’ ’keû	’siao pa ’eul ’keû	小巴爾狗		72		true	自旧档汇入	2026-04-13T01:27:08+08:00
bicyclette	sf		自行车	kiah dèh ts‘ouo [ih ’bou]		脚踏車[一部]		72	待定 部聲調	true	自旧档汇入	2026-04-13T01:27:08+08:00
bien	sm		善；善良	’zé		善		72	待定 善聲調 僅此一次	true	自旧档汇入	2026-04-13T01:27:08+08:00
bien	sm		善；善良	’h‘ao		好		72		true	自旧档汇入	2026-04-13T01:27:08+08:00
bien	sm	Faire le bien	行善	tsou’ ’h‘ao ze’		做好事		72		true	自旧档汇入	2026-04-13T01:27:08+08:00
bien	sm	Faire le bien	行善	hang zé’		行善		72		true	自旧档汇入	2026-04-13T01:27:08+08:00
bien	sm	Faire le bien	行善	sieû hang		修行		72		true	自旧档汇入	2026-04-13T01:27:08+08:00
bien	sm	Homme de -	善良的人，君子	zé’(’hao) gnen	zé’(’h‘ao) gnen	善（好）人		72		true	自旧档汇入	2026-04-13T01:27:08+08:00
bien	sm	Revenir au -	回归善良，改邪归正	k‘i’ zia koei tseng’		棄邪歸正		72		true	自旧档汇入	2026-04-13T01:27:08+08:00
bien	sm	Avantage: pour votre -	利益，好处：为了您的利益	wei’ nong’ ke’ ’h‘ao ts‘u’		爲儂个好處		72		true	自旧档汇入	2026-04-13T01:27:08+08:00
bien	sm	Jouissances: les -s d'ici bas	享受，乐趣：永福，天堂之福	se’ ka’ deû laong’ ke’ ’k‘oai loh	se’ ka’ deû laong’ ke’ k‘oa’ loh	世界頭上个快樂		72	待定 快讀音	true	自旧档汇入	2026-04-13T01:27:08+08:00
bien	sm	Richesses	财富；财宝	kien gnen ’pao pei’		金銀寳貝		73		true	自旧档汇入	2026-04-13T01:27:08+08:00
bien	sm	Richesses	财富；财宝	zai wéh		財物		73		true	自旧档汇入	2026-04-13T01:27:08+08:00
bien	sm	Patrimoine	家产	ka ’ts‘è		家産		73		true	自旧档汇入	2026-04-13T01:27:08+08:00
bien	sm	Patrimoine	家产	’ts‘è gnéh		産業		73		true	自旧档汇入	2026-04-13T01:27:08+08:00
bien	sm	Dissiper son -	挥霍完家产	k‘ieng ka ’daong’ ’ts‘è 		傾家蕩産		73		true	自旧档汇入	2026-04-13T01:27:08+08:00
bien	sm	Dissiper son -	挥霍完家产	liao teh tsing ’tang koang		了得精打光		73		true	自旧档汇入	2026-04-13T01:27:08+08:00
bien	adv		好，令人满意地	’h‘ao		好		73		true	自旧档汇入	2026-04-13T01:27:08+08:00
bien	adv		好，令人满意地	’h‘ao ’h‘ao neng		好好能		73		true	自旧档汇入	2026-04-13T01:27:08+08:00
bien	adv	Tant - que mal	好歹，马马虎虎，勉勉强强	véh da’ ’li dou’ ’h‘ao		勿大裏大好		73		true	自旧档汇入	2026-04-13T01:27:08+08:00
bien	adv	Tant - que mal	好歹，马马虎虎，勉勉强强	m sa’ ’na neng ’h‘ao		無啥那能好	嘸啥那能好	73		true	自旧档汇入	2026-04-13T01:27:08+08:00
bien	adv	Tant - que mal	好歹，马马虎虎，勉勉强强	tsiang zieû’ ’la ’lao		將就拉咾		73		true	自旧档汇入	2026-04-13T01:27:08+08:00
bien	adv	Très.Beaucoup.	非常好	zéh fen ’h‘ao		十分好		73		true	自旧档汇入	2026-04-13T01:27:08+08:00
bien	adv	Très.Beaucoup.	非常好	ghieh ghi ’h‘ao		極奇好		73		true	自旧档汇入	2026-04-13T01:27:08+08:00
bien	adv	Très.Beaucoup.	非常好	’h‘ao ta		好多		73		true	自旧档汇入	2026-04-13T01:27:08+08:00
bien	adv	Il y a - longtemps que	很长时间	zang ’yeu(ze heû’) ’tsé		常遠（時候）者		73		true	自旧档汇入	2026-04-13T01:27:08+08:00
bien	adv	Il y a - longtemps que	很长时间	gnéh ’tse deû tou ’tsé		日子頭多者		73		true	自旧档汇入	2026-04-13T01:27:08+08:00
bien	adv	#NAME?	尽管，虽然	su zé		雖然		73		true	自旧档汇入	2026-04-13T01:27:08+08:00
bien	adv	-!-! Interj.Suffit!	行了!够了!	ba’ ’tsé ba’ ’tsé		罷者罷者		73		true	自旧档汇入	2026-04-13T01:27:08+08:00
bien	adv	-!-! Interj.Suffit!	行了!够了!	seu’ sou’ ba’		算數罷		73		true	自旧档汇入	2026-04-13T01:27:08+08:00
bien-aimé	adj		心爱的，亲爱的	ghieh ai’ ke’		極愛个		73		true	自旧档汇入	2026-04-13T01:27:08+08:00
bien-aimé	adj		心爱的，亲爱的	teh ’ts‘ong ke’		得寵个		73		true	自旧档汇入	2026-04-13T01:27:08+08:00
bien-dire	sm		说的好；好口才	wo’  teh ’h‘ao		話得好		73		true	自旧档汇入	2026-04-13T01:27:08+08:00
bien-être	sm	Éprouver du	舒适，安逸	sin ’li ’k‘a’ wéh lai		心裏快活來		73		true	自旧档汇入	2026-04-13T01:27:08+08:00
bien-être	sm	Éprouver du	舒适，安逸	mè saong k‘i’	mè ’saong k‘i’	蠻爽氣		73		true	自旧档汇入	2026-04-13T01:27:08+08:00
bienfaisance	sf		慈悲，仁爱，善心	zing ven’		情分		73		true	自旧档汇入	2026-04-13T01:27:08+08:00
bienfaisance	sf	Exercer la -	行善，济贫	tsou’ ’h‘ao ze’		做好事		73		true	自旧档汇入	2026-04-13T01:27:08+08:00
bienfaisance	sf	,, ,,(faire l'aumône) est difficile	行善不易	’h‘ao ze’ nè tsou’		好事難做		73		true	自旧档汇入	2026-04-13T01:27:08+08:00
bienfaisant	adj		乐善好施的，行善的	yeû zing ven’	’yeû zing ven’	有情分		73	字形	true	自旧档汇入	2026-04-13T01:27:08+08:00
bienfaisant	adj		乐善好施的，行善的	wei zé’ ke’		爲善个		73		true	自旧档汇入	2026-04-13T01:27:08+08:00
bienfait	sm		善行，恩德，恩惠	en tié 	en ’tié 	恩典		73		true	自旧档汇入	2026-04-13T01:27:08+08:00
bienfait	sm	Grand -	大恩大德	dou’ en tié	dou’ en ’tié	大恩典		73		true	自旧档汇入	2026-04-13T01:27:08+08:00
bienfait	sm	Accorder un -	给予恩惠	ka en tié	ka en ’tié	加恩典		73		true	自旧档汇入	2026-04-13T01:27:08+08:00
bienfait	sm	Accorder un -	给予恩惠	ka en wei	ka en wei’	加恩惠		73		true	自旧档汇入	2026-04-13T01:27:08+08:00
bienfait	sm	Reconnaître un -	感恩	’ké en		感恩		73		true	自旧档汇入	2026-04-13T01:27:08+08:00
bienfaiteur	sm		施恩者，恩人	en gnen(’tsu)		恩人（主）		73		true	自旧档汇入	2026-04-13T01:27:08+08:00
bienfaiteur	sm		施恩者，恩人	se ’tsu		施主		73		true	自旧档汇入	2026-04-13T01:27:08+08:00
bien-fonds	sm		不动产	dié di’ waong ôh		田地房屋		73		true	自旧档汇入	2026-04-13T01:27:08+08:00
bien-fonds	sm		不动产	dié waong ôh ’ts‘è		田房屋産		73		true	自旧档汇入	2026-04-13T01:27:08+08:00
bienheureux	adj		享福的	hiang’ foh ke’		享福个		73		true	自旧档汇入	2026-04-13T01:27:08+08:00
bienheureux	adj		享福的	foh zen		福人		73		true	自旧档汇入	2026-04-13T01:27:08+08:00
bienheureux	adj	Ayant le vrai bonheur	享有真福的	hiang’ tsen foh ke’		享真福个		73		true	自旧档汇入	2026-04-13T01:27:08+08:00
bienheureux	sm	Béatifié (C.)		’yeû tsen foh seng’ ’p‘in		有真福聖品		73		true	自旧档汇入	2026-04-13T01:27:08+08:00
bienheureux	sm	Béatifié (C.) Les - (C.)		t‘ié zen seng’ gnen		天神聖人		73		true	自旧档汇入	2026-04-13T01:27:08+08:00
biennal		Qui dure 2 ans	为期两年	liang gné ke’	’liang gné ke’	两年个		73	保留簡體	true	自旧档汇入	2026-04-13T01:27:08+08:00
biennal		Qui se fait tous les 2 ans	每两年进行一次	liang gné ’liang gné ke’	’liang gné ’liang gné ke’	兩年兩年个		73		true	自旧档汇入	2026-04-13T01:27:08+08:00
bienséance	sf		礼貌；礼节；礼仪	li mao’	’li mao’	禮貌		73		true	自旧档汇入	2026-04-13T01:27:08+08:00
bienséance	sf		礼貌；礼节；礼仪	koei ’kiu		規矩		73		true	自旧档汇入	2026-04-13T01:27:08+08:00
bienséance	sf	Manquer à la -	缺少礼节；失礼	séh ’li		失禮		73		true	自旧档汇入	2026-04-13T01:27:08+08:00
bienséance	sf	Manquer à la -	缺少礼节；失礼	séh koei		失規		73		true	自旧档汇入	2026-04-13T01:27:08+08:00
bienséance	sf	Chose contraire à la -	违反礼节的事	véh tsao’ ’li t‘i ke’	véh tsao’ ’li ’t‘i ke’	勿照禮體个		73		true	自旧档汇入	2026-04-13T01:27:08+08:00
bienséance	sf	Chose contraire à la -	违反礼节的事	vè’ koei		犯規		73		true	自旧档汇入	2026-04-13T01:27:08+08:00
bienséant	adj		合乎礼仪的，有礼貌的	tsao’ ’li ’t‘i		照禮體		73		true	自旧档汇入	2026-04-13T01:27:08+08:00
bientôt	adv		不久，马上	tsih k‘eh		即刻		74		true	自旧档汇入	2026-04-13T01:27:08+08:00
bientôt	adv		不久，马上	zu tsih		隨即		74		true	自旧档汇入	2026-04-13T01:27:08+08:00
bientôt	adv		不久，马上	k‘oa’ ’tsé		快者		74		true	自旧档汇入	2026-04-13T01:27:08+08:00
bientôt	adv		不久，马上	véh tou zang ’yeu		勿多常遠		74		true	自旧档汇入	2026-04-13T01:27:08+08:00
bientôt	adv	À - . loc.adv.	回头见。一会儿见。	hiéh hiéh wei’		歇歇會		74		true	自旧档汇入	2026-04-13T01:27:08+08:00
bientôt	adv	À - . loc.adv.	回头见。一会儿见。	heû’ lai wei’		後來會		74		true	自旧档汇入	2026-04-13T01:27:08+08:00
bientôt	adv	À - . loc.adv.	回头见。一会儿见。	è’ lai wei’		晚歇會	晏歇會	74		true	自旧档汇入	2026-04-13T01:27:08+08:00
bientôt	adv	À - . loc.adv.	回头见。一会儿见。	zu ze wei’		隨時會		74		true	自旧档汇入	2026-04-13T01:27:08+08:00
bienveillance	sf		善心，仁慈	gnen zing		人情		74		true	自旧档汇入	2026-04-13T01:27:08+08:00
bienveillance	sf		善心，仁慈	en zing		恩情		74		true	自旧档汇入	2026-04-13T01:27:08+08:00
bienveillance	sf		善心，仁慈	zen ze		仁慈		74		true	自旧档汇入	2026-04-13T01:27:08+08:00
bienveillance	sf	S'attirer la -	博得善意	’za gnen dai’ ’ngou h‘ao	’za gnen dai’ ’ngou ’h‘ao	惹人待我好		74	待定	true	自旧档汇入	2026-04-13T01:27:08+08:00
bienveillant	adj		仁慈的，和蔼的	wen wou		温和		74		true	自旧档汇入	2026-04-13T01:27:08+08:00
bienveillant	adj		仁慈的，和蔼的	liang zé’		良善		74		true	自旧档汇入	2026-04-13T01:27:08+08:00
bienveillant	adj		仁慈的，和蔼的	’h‘ao sin		好心		74		true	自旧档汇入	2026-04-13T01:27:08+08:00
bière	sf		啤酒	da’ mah ’se		大麥水		74		true	自旧档汇入	2026-04-13T01:27:08+08:00
bière	sf	Cercueil	棺材	koé zai		棺材		74		true	自旧档汇入	2026-04-13T01:27:08+08:00
biffer	va	- des caractères	划掉-文字	dou méh		塗没		74		true	自旧档汇入	2026-04-13T01:27:08+08:00
biffer	va	- des caractères	划掉-文字	’tié t‘éh		點脱		74		true	自旧档汇入	2026-04-13T01:27:08+08:00
biffer	va	- des caractères	划掉-文字	k‘ieu t‘éh		圈脱		74		true	自旧档汇入	2026-04-13T01:27:08+08:00
biffer	va	- des caractères	划掉-文字	gao’ t‘éh		㙱脱	？脱	74		true	自旧档汇入	2026-04-13T01:27:08+08:00
biffer	va	- des caractères	划掉-文字	keû zu		勾除		74		true	自旧档汇入	2026-04-13T01:27:08+08:00
bifteck	sm		牛排	tseh ke’ gneû gnôh [ih k‘oei]		炙个牛肉[一塊]		74		true	自旧档汇入	2026-04-13T01:27:08+08:00
bifurcation	sf	- d'un chemin.	道路分岔	fen lou’		分路		74		true	自旧档汇入	2026-04-13T01:27:08+08:00
bifurcation	sf	- d'un chemin.	道路分岔	sè ts‘ouo lou’		三叉路		74	待定	true	自旧档汇入	2026-04-13T01:27:08+08:00
bifurcation	sf	- d'une rivière	河流分岔	ts‘ouo wou		叉河		74		true	自旧档汇入	2026-04-13T01:27:08+08:00
bifurcation	sf	- d'une rivière	河流分岔	sè o yang’ k‘eû	sè o yang’ ’k‘eû	三丫漾口		74		true	自旧档汇入	2026-04-13T01:27:08+08:00
bifurquer	vr	(Se)	分岔	fen ’leang ts‘ouo		分兩叉		74		true	自旧档汇入	2026-04-13T01:27:08+08:00
bigame	sm. et adj.		重婚的（人）	t‘ao’ dou’ ’siao gnang ’tse	’t‘ao dou’ ’siao gnang ’tse	討大小娘子		74		true	自旧档汇入	2026-04-13T01:27:08+08:00
bigame	sm. et adj.		重婚的（人）	t‘ao’ dou’ ’siao ’lao bou	’t‘ao dou’ ’siao ’lao bou	討大小老婆		74		true	自旧档汇入	2026-04-13T01:27:08+08:00
bigarré	adj		斑驳的，五颜六色的	’n ngè lôh seh		五顔六色		74		true	自旧档汇入	2026-04-13T01:27:08+08:00
bigorneau	sm		滨螺	ts‘ih ngè pèh seh ke’		七顔八色个		74		true	自旧档汇入	2026-04-13T01:27:08+08:00
				lou se		螺螄		74		true	自旧档汇入	2026-04-13T01:27:08+08:00
bijou	sm		首饰	tsen ’pao		珍寶		74		true	自旧档汇入	2026-04-13T01:27:08+08:00
bijou	sm		首饰	tsen tsu ’pao pei’		珍珠寶貝		74		true	自旧档汇入	2026-04-13T01:27:08+08:00
bilan	sm		资产负债表，借贷对照表	bé tsang’		盤賬		74		true	自旧档汇入	2026-04-13T01:27:08+08:00
bilan	sm	Déposer son -	倒帐，呈报破产	’tao tié’		倒店		74		true	自旧档汇入	2026-04-13T01:27:08+08:00
bilan	sm	Déposer son -	倒帐，呈报破产	koè tié’		關店		74		true	自旧档汇入	2026-04-13T01:27:08+08:00
bile	sf			dè		痰		74		true	自旧档汇入	2026-04-13T01:27:08+08:00
bile	sf			waong tè		黄[疒丹]		74	待定 另作“黄疸”（去聲）	true	自旧档汇入	2026-04-13T01:27:08+08:00
bile	sf		激怒某人	k‘i’		氣		74		true	自旧档汇入	2026-04-13T01:27:08+08:00
bile	sf. Fig.	 Je veux décharger cette -	我要出这口气	’ngou yao’ ts‘éh di’ ke’ k‘i’ 		我要出第个氣		74		true	自旧档汇入	2026-04-13T01:27:08+08:00
billard			台球，弹子，桌球	dè ’tse dai		彈子臺		74		true	自旧档汇入	2026-04-13T01:27:08+08:00
billard		Jouer au -	打桌球	tang dè ’tse	’tang dè ’tse	打彈子		74		true	自旧档汇入	2026-04-13T01:27:08+08:00
bille	sf		弹子，小球	’siao ghieû		小球		74		true	自旧档汇入	2026-04-13T01:27:08+08:00
billet	sm		短笺，便条	’tse diao		紙條		74		true	自旧档汇入	2026-04-13T01:27:08+08:00
billet	sm		短笺，便条	t‘ih ’tse		帖子		74		true	自旧档汇入	2026-04-13T01:27:08+08:00
billet	sm		短笺，便条	sin	sin’	信		74		true	自旧档汇入	2026-04-13T01:27:08+08:00
billet	sm	- de banque	钞票；纸币	gnen p‘iao’		銀票		74		true	自旧档汇入	2026-04-13T01:27:08+08:00
billet	sm	- de banque	钞票；纸币	zié p‘iao’		錢票		74		true	自旧档汇入	2026-04-13T01:27:08+08:00
billet	sm	- à ordre	期票	ghi p‘iao’		期票		74		true	自旧档汇入	2026-04-13T01:27:08+08:00
billet	sm	- à ordre	期票	tsia’ p‘iao’		借票		74		true	自旧档汇入	2026-04-13T01:27:08+08:00
billet	sm	- à ordre	期票	wei’ p‘iao’		滙票		74		true	自旧档汇入	2026-04-13T01:27:08+08:00
billet	sm	- au porteur	不记名票据	ts‘ao’ p‘iao’		鈔票		74	待定	true	自旧档汇入	2026-04-13T01:27:08+08:00
billet	sm	- d'invitation	请帖	’ts‘ing t‘ih		請帖		74		true	自旧档汇入	2026-04-13T01:27:08+08:00
billet	sm	- d'excuse	辞帖	ze t‘ih		辭帖		74		true	自旧档汇入	2026-04-13T01:27:08+08:00
billet	sm	- de remerciement	感谢帖	zia’(t‘ih) tè		謝（帖）單		74		true	自旧档汇入	2026-04-13T01:27:08+08:00
billet	sm	- de remerciement	感谢帖	’ling zia’		領謝		74		true	自旧档汇入	2026-04-13T01:27:08+08:00
billet	sm	- de faire part pʳ deuil		pao’ saong t‘ih ’tse		報喪帖子		74		true	自旧档汇入	2026-04-13T01:27:08+08:00
billet	sm	-,, pour réjouissances		’wou ’hi t‘ih ’tse	wou’ ’hi t‘ih ’tse	賀喜帖子		74		true	自旧档汇入	2026-04-13T01:27:08+08:00
billevesées	sf. pl.		废话，空话	weû wo’		浮話		74		true	自旧档汇入	2026-04-13T01:27:08+08:00
billion	sm		万亿	ih ts‘ié zao’		一千兆		74		true	自旧档汇入	2026-04-13T01:27:08+08:00
billon	sm		铜币	dong dié		銅錢		74		true	自旧档汇入	2026-04-13T01:27:08+08:00
bimane	adj		有两前肢的（动物）	’yeû ’liang tsah ’seû ke’		有兩隻手个		74		true	自旧档汇入	2026-04-13T01:27:08+08:00
bimbelot	sm		小摆设、小玩意儿	béh siang’ keu		孛相干		75		true	自旧档汇入	2026-04-13T01:27:08+08:00
biner	va	- la terre	锄地	tsai’ ben’ di’		再坌地		75		true	自旧档汇入	2026-04-13T01:27:08+08:00
binocle	sm		眼镜	saong ’ngè kieng’		雙眼鏡		75		true	自旧档汇入	2026-04-13T01:27:08+08:00
biographie	sf		传记	zé		傳		75		true	自旧档汇入	2026-04-13T01:27:08+08:00
biographie	sf		传记	hang zéh		行實		75		true	自旧档汇入	2026-04-13T01:27:08+08:00
bique	sf		母山羊	’mou sè yang		母山羊		75		true	自旧档汇入	2026-04-13T01:27:08+08:00
bisaïeul		paternel	曾祖父	né t‘a’ t‘a’		男太太		75		true	自旧档汇入	2026-04-13T01:27:08+08:00
bisaïeul		-e paternelle	曾祖母	’gnu t‘a’ t‘a’		女太太		75		true	自旧档汇入	2026-04-13T01:27:08+08:00
bisaïeul		maternel	外曾祖父	nga’ né’ t‘a’ t‘a’	nga’ né t‘a’ t‘a’	外男太太		75		true	自旧档汇入	2026-04-13T01:27:08+08:00
bisaïeul		-e maternelle	外曾祖母	nga’ t‘a’ t‘a’		外太太		75		true	自旧档汇入	2026-04-13T01:27:08+08:00
bisannuel	adj		每两年一次的	liang gné ke’	’liang gné ke’	兩年个		75		true	自旧档汇入	2026-04-13T01:27:08+08:00
bisbille	sf	(Ètre toujour en)	总是有小口角，小争吵	zang zang ’siao dao k‘i’		常常小淘氣		75		true	自旧档汇入	2026-04-13T01:27:08+08:00
bisbille	sf	(Ètre toujour en)	总是有小口角，小争吵	zang zang tsou’ nao	zang zang tsou’ nao’	常常做鬧		75		true	自旧档汇入	2026-04-13T01:27:08+08:00
biscuit	sm	(pain durci)	干硬的面包	keu mié’ ’ping		乾麵餅		75		true	自旧档汇入	2026-04-13T01:27:08+08:00
biscuit	sm	(pain durci)	干硬的面包	keu mé deû		乾饅頭		75		true	自旧档汇入	2026-04-13T01:27:08+08:00
bise	sf		北风	pôh fong		北風		75		true	自旧档汇入	2026-04-13T01:27:08+08:00
biseau	sm	(Tranchant en)		zia		斜		75		true	自旧档汇入	2026-04-13T01:27:08+08:00
bismuth	sm	(Tranchant en)		zia tsié deû		斜尖頭		75		true	自旧档汇入	2026-04-13T01:27:08+08:00
bismuth	sm		铋	pieh		鉍		75		true	自旧档汇入	2026-04-13T01:27:08+08:00
bissac	sm		褡裢	tèh lié		褡褳		75		true	自旧档汇入	2026-04-13T01:27:08+08:00
bissac	sm		褡裢	sao’ ’mô ’tse		袑榪子		75	待定	true	自旧档汇入	2026-04-13T01:27:08+08:00
bitume	sm		沥青；沥青路	lih ts‘ing		瀝青		75		true	自旧档汇入	2026-04-13T01:27:08+08:00
bivouaquer	vn		露营，宿营	ts‘èh yeng ’la nga’ deû	tsèh yeng ’la nga’ deû	扎營拉外頭		75		true	自旧档汇入	2026-04-13T01:27:08+08:00
bizarre	adj		奇怪的，稀奇古怪的	’kou koa’		古怪		75		true	自旧档汇入	2026-04-13T01:27:08+08:00
bizarre	adj		奇怪的，稀奇古怪的	hi ghi ’kou koa’		稀奇古怪		75		true	自旧档汇入	2026-04-13T01:27:08+08:00
blafard	adj		灰白的，苍白的；微弱的，暗淡的	gneuh bah		月白		75		true	自旧档汇入	2026-04-13T01:27:08+08:00
blafard	adj		灰白的，苍白的；微弱的，暗淡的	dè’ bah		淡白		75		true	自旧档汇入	2026-04-13T01:27:08+08:00
blague	sf	- à tabac	烟袋	yè dai’ 	yé dai’ 	烟袋		75		true	自旧档汇入	2026-04-13T01:27:08+08:00
blague	sf	- à tabac	烟袋	yé wou pao		烟荷包		75		true	自旧档汇入	2026-04-13T01:27:08+08:00
blague	sf	Plaisanterie	开玩笑的话，大话，谎话	waong lôh ts‘ié ’kaong		妄碌千講		75	待定	true	自旧档汇入	2026-04-13T01:27:08+08:00
blaireau	sm		獾	tse heu	tse h‘eu	猪貛		75		true	自旧档汇入	2026-04-13T01:27:08+08:00
blaireau	sm		獾	’keû heu	’keû h‘eu	狗貛		75		true	自旧档汇入	2026-04-13T01:27:08+08:00
blâmable	adj		应受责备的，应受指责的	yeng’ kai (tsah bei’) tseh vèh		應該（責備）責罰		75		true	自旧档汇入	2026-04-13T01:27:08+08:00
blâmer	va		责备，指责	ma yeu’		埋怨		75		true	自旧档汇入	2026-04-13T01:27:08+08:00
blâmer	va		责备，指责	tsah bei’		責備		75		true	自旧档汇入	2026-04-13T01:27:08+08:00
blanc	sm		白色	bah		白		75		true	自旧档汇入	2026-04-13T01:27:08+08:00
blanc	sm		白色	bah ngè seh		白顔色		75		true	自旧档汇入	2026-04-13T01:27:08+08:00
blanc	sm	- de céruse	铅白；白铅粉	k‘è ’fen		鉛粉		75		true	自旧档汇入	2026-04-13T01:27:08+08:00
blanc	sm	- d'Espagne	白垩粉	’t‘ou ’fen		土粉		75		true	自旧档汇入	2026-04-13T01:27:08+08:00
blanc	sm	- d'Espagne	白垩粉	bah zah ’fen		白石粉		75		true	自旧档汇入	2026-04-13T01:27:08+08:00
blanc	sm	- d'œuf	蛋白	dè’ bah		蛋白		75		true	自旧档汇入	2026-04-13T01:27:08+08:00
blanc	adj		白的	bah ke’		白个		75		true	自旧档汇入	2026-04-13T01:27:08+08:00
blanc	adj	Race blanche	白种的	bah mié’ ’k‘ong gnen		白面孔人		75		true	自旧档汇入	2026-04-13T01:27:08+08:00
blanc	adj	Devernir -.Grisonner	变花白	lou h‘ouo bah		蘆花白		75		true	自旧档汇入	2026-04-13T01:27:08+08:00
blanc	adj	Devernir -.Grisonner	变花白	h‘ouo		花		75		true	自旧档汇入	2026-04-13T01:27:08+08:00
blanc	adj	Propre (Linge -)	清洁的，干净的（衣服）	keu zing’		乾净		75		true	自旧档汇入	2026-04-13T01:27:08+08:00
blanc	adj	Passer une nuit blanche.	度过不眠之夜	ih ya’ k‘oen véh k‘i’	ih ya’ k‘oen’ véh k‘i’	一夜睏勿去		75		true	自旧档汇入	2026-04-13T01:27:08+08:00
blanchâtre	adj		近白色的，微白的	ts‘ao’ seh		糙色		75		true	自旧档汇入	2026-04-13T01:27:08+08:00
blancheur	sf		白色	bah ngè seh		白顔色		75		true	自旧档汇入	2026-04-13T01:27:08+08:00
blanchir	va	- de la toile	漂白-布	p‘iao’ bah pou’		漂白布		75		true	自旧档汇入	2026-04-13T01:27:08+08:00
blanchir	va	- du linge	漂白-织物，衣服	zing’ bah		净白		75		true	自旧档汇入	2026-04-13T01:27:08+08:00
blanchir	va	- un mur	粉刷-墙	’fen ziang		粉墻		75		true	自旧档汇入	2026-04-13T01:27:08+08:00
blanchir	va	- un mur	粉刷-墙	séh bah		刷白		75		true	自旧档汇入	2026-04-13T01:27:08+08:00
blanchir	va	- un mur	粉刷-墙	zeû bah’	zeû bah	揉白		75	印刷錯誤	true	自旧档汇入	2026-04-13T01:27:08+08:00
blanchir	vn	Devernir blanc	变白	fèh bah		發白		76		true	自旧档汇入	2026-04-13T01:27:08+08:00
blanchir	vn	Devernir blanc	变白	pié’ bah		變白		76		true	自旧档汇入	2026-04-13T01:27:08+08:00
blanchisseur	sm		洗衣工人	zing’ i zaong ke’		净衣裳个		76		true	自旧档汇入	2026-04-13T01:27:08+08:00
blanchisserie	sf		洗衣作，洗衣房，洗衣店	zing’ i zaong tsoh		净衣裳作		76		true	自旧档汇入	2026-04-13T01:27:08+08:00
blasé	adj		麻木的，腻烦的，厌倦的	yé’ vè		厭煩		76		true	自旧档汇入	2026-04-13T01:27:08+08:00
blasphémer	vn	(C.)	说亵渎神明的话，说辱骂宗教的话	wo’ ling zôh t‘ié ’tsu ke’ seh wo’		話凌辱天主个説話		76	不大寫	true	自旧档汇入	2026-04-13T01:27:08+08:00
blasphémer	vn		说亵渎神明的话，说辱骂宗教的话	mô’ t‘ié ’tsu 		駡天主		76		true	自旧档汇入	2026-04-13T01:27:08+08:00
blasphémer	vn	(Pa)	说亵渎神明的话	mô’ t‘ié tseû’ di’		駡天咒地		76		true	自旧档汇入	2026-04-13T01:27:08+08:00
blatte	sf		蟑螂	t‘eû yeû ’bou	t‘eû yeû bou	偷油婆		76	待定	true	自旧档汇入	2026-04-13T01:27:08+08:00
blé	sm		小麦	mah		麥		76		true	自旧档汇入	2026-04-13T01:27:08+08:00
blé	sm		小麦	mah ’tse		麥子		76		true	自旧档汇入	2026-04-13T01:27:08+08:00
blé	sm		小麦	’siao mah		小麥		76		true	自旧档汇入	2026-04-13T01:27:08+08:00
blé	sm	- de Turquie	玉米	tsen tsu (pah ’tse) ’mi		珍珠（百子）米		76		true	自旧档汇入	2026-04-13T01:27:08+08:00
blé	sm	#NAME?	荞麦	ghiao mah		蕎麥		76		true	自旧档汇入	2026-04-13T01:27:08+08:00
blé	sm	- en herbe	小麦的青苗	mah miao		麥苗		76		true	自旧档汇入	2026-04-13T01:27:08+08:00
blême	adj	- et desséché	脸色苍白（而且消瘦）	mié’ ’k‘ong bah ’liao ’liao	mié’ ’k‘ong bah liao liao	面孔白䩍䩍		76	待定	true	自旧档汇入	2026-04-13T01:27:08+08:00
blême	adj	- et desséché	脸色苍白（而且消瘦）	mié’ waong ki seû’		面黄肌瘦		76		true	自旧档汇入	2026-04-13T01:27:08+08:00
blêmir	vn		变成灰白；变得苍白	pié’ lai kèh ’liao ’se bah	pié’ lai kèh liao ’se bah	變來夾䩍水白		76		true	自旧档汇入	2026-04-13T01:27:08+08:00
blêmir	vn		变成灰白；变得苍白	pié’ lai waong bi tèh sèh		變來黄皮搭殺		76	待定	true	自旧档汇入	2026-04-13T01:27:08+08:00
blessant		Dire des paroles -es	说伤人的话	wo’ teh zu’ biéh gnen ke’ seh wo’		話得罪别人个説話		76		true	自旧档汇入	2026-04-13T01:27:08+08:00
blessant		Dire des paroles -es	说伤人的话	’za gnen k‘i’ ke’ seh wo’		惹人氣个说话		76		true	自旧档汇入	2026-04-13T01:27:08+08:00
blesser	va		使受伤，打伤	saong		傷		76		true	自旧档汇入	2026-04-13T01:27:08+08:00
blessure	sf		伤，伤口	saong ts‘u’		傷處		76		true	自旧档汇入	2026-04-13T01:27:08+08:00
blesser	va. Fig.		得罪	teh zu’		得罪		76		true	自旧档汇入	2026-04-13T01:27:08+08:00
blesser	va. Fig.		得罪	ts‘oh vè’	ts‘ôh vè’	觸犯		76	待定 犯聲調	true	自旧档汇入	2026-04-13T01:27:08+08:00
blesser	va. Fig.		得罪	’taong mié’ ling zôh		當面凌辱		76		true	自旧档汇入	2026-04-13T01:27:08+08:00
blesser	va	- les convenances	违反礼节，失礼	séh ’li		失禮		76		true	自旧档汇入	2026-04-13T01:27:08+08:00
blesser	va	- les convenances	违反礼节，失礼	séh kieng’		失敬		76		true	自旧档汇入	2026-04-13T01:27:08+08:00
blesser	vr	Se -  et Blessé pp.	受伤	zeû’ saong		受傷		76	待定 受聲調	true	自旧档汇入	2026-04-13T01:27:08+08:00
blesser	vr	Se -  et Blessé pp.	受伤	saong		傷		76		true	自旧档汇入	2026-04-13T01:27:08+08:00
Blessé	pp	Payer les frais de traitement d'un blessé	支付治疗受伤人员的费用	ts‘éh ’yang saong fi	ts‘éh ’yang saong fi’	出養傷費		76		true	自旧档汇入	2026-04-13T01:27:08+08:00
blet	adj		过分熟的，熟得快烂的（水果）	’gneu zôh		軟熟		76		true	自旧档汇入	2026-04-13T01:27:08+08:00
bleu	adj		蓝	lè		藍		76		true	自旧档汇入	2026-04-13T01:27:08+08:00
bleu	adj	Très -	深蓝，蔚蓝	zong lè	’zong lè	重藍		76		true	自旧档汇入	2026-04-13T01:27:08+08:00
bleu	adj	- d'azur	天蓝	t‘ié ts‘ing		天青		76		true	自旧档汇入	2026-04-13T01:27:08+08:00
bleu	adj	#NAME?	青石板色的	ts‘ing ke’		青个		76		true	自旧档汇入	2026-04-13T01:27:08+08:00
bleu	adj	#NAME?	淡蓝；浅蓝	gneuh (ts‘ié) lè	gneuh (’ts‘ié) lè	月（淺）藍		76		true	自旧档汇入	2026-04-13T01:27:08+08:00
bleu	adj	#NAME?	深蓝	zao (sen) lè		潮（深）藍		76		true	自旧档汇入	2026-04-13T01:27:08+08:00
bleu	adj	Contes -s	海外奇谈，瞎扯的故事	’kiu wo’		鬼話		76		true	自旧档汇入	2026-04-13T01:27:08+08:00
bleu	adj	Contes -s	海外奇谈，瞎扯的故事	ts‘è maong 		剷茫	？？	76	待定	true	自旧档汇入	2026-04-13T01:27:08+08:00
bleuâtre	adj		近蓝色的，带青色的	pieh pou sang ts‘ing		碧波生清		76		true	自旧档汇入	2026-04-13T01:27:08+08:00
bleuir	vn		使成青色，使成蓝色	fèh lè		發藍		76		true	自旧档汇入	2026-04-13T01:27:08+08:00
bleuir	vn		使成青色，使成蓝色	pié’ lè		變藍		76		true	自旧档汇入	2026-04-13T01:27:08+08:00
bloc	sm	Amas 	大块，堆	ih k‘oei’		一塊		76		true	自旧档汇入	2026-04-13T01:27:08+08:00
bloc	sm	Amas 	大块，堆	ih tei		一堆		76		true	自旧档汇入	2026-04-13T01:27:08+08:00
bloc	sm	En -	全部，所有	t‘ong ts‘a	t‘ong ’ts‘a	通扯		76		true	自旧档汇入	2026-04-13T01:27:08+08:00
bloc	sm	En -	全部，所有	k‘ié ts‘a	k‘ié ’ts‘a	牽扯		76		true	自旧档汇入	2026-04-13T01:27:08+08:00
bloc	sm	En -	全部，所有	t‘ong(ki’) seu’		通（計）算		76		true	自旧档汇入	2026-04-13T01:27:08+08:00
bloc	sm	En -	全部，所有	seu’ ’long ’tsong ih zi		算攏總一齊		76		true	自旧档汇入	2026-04-13T01:27:08+08:00
bloc	sm	En -	全部，所有	ih t‘èh koèh tse		一踏括之	一？括之	76	待定	true	自旧档汇入	2026-04-13T01:27:08+08:00
blocus	sm	(Faire le)	（实施）封锁	wei zu’		圍住		76		true	自旧档汇入	2026-04-13T01:27:08+08:00
blond	adj		金黄色，金栗色	dè’ waong		淡黄		77		true	自旧档汇入	2026-04-13T01:27:08+08:00
blousé	pp. vr.	et Se Blouser 		zaong’ taong	zaong’ taong’	上當		77		true	自旧档汇入	2026-04-13T01:27:08+08:00
blousé	pp. vr.	et Se Blouser 		long’ ts‘ouo ’tsé		弄差者		77		true	自旧档汇入	2026-04-13T01:27:08+08:00
bluette	sf	Étincelle	火花，火星	’h‘ou sing [ih ke’]		火星[一个]		77		true	自旧档汇入	2026-04-13T01:27:08+08:00
bluter	va		过筛，筛（面粉等）	’tang mié’		打麵		77		true	自旧档汇入	2026-04-13T01:27:08+08:00
blutoir	sm		筛子	’tang lou zu		打羅厨		77		true	自旧档汇入	2026-04-13T01:27:08+08:00
boa	sm		蟒蛇	’maong [ih diao]		蟒[一條]		77		true	自旧档汇入	2026-04-13T01:27:08+08:00
bobèche	sf		烛台的托盘	lèh dai laong’ ts‘en’ bé		蠟台上襯盤		77	保留簡體	true	自旧档汇入	2026-04-13T01:27:08+08:00
bobine	sf		卷筒，筒管，绕线管	kieng souo dong ’koé		經紗筒管		77		true	自旧档汇入	2026-04-13T01:27:08+08:00
bocage	sm		小树林	’siao zu’ yeu		小樹園		77		true	自旧档汇入	2026-04-13T01:27:08+08:00
bocal	sm		短颈大口瓶，广口瓶	pou li bing		玻璃瓶		77		true	自旧档汇入	2026-04-13T01:27:08+08:00
bocal	sm		短颈大口瓶，广口瓶	pou li koé’ deû		玻璃罐頭		77		true	自旧档汇入	2026-04-13T01:27:08+08:00
bœuf	sm		牛	gneû [ih tsah,ih diao]		牛[一隻，一條]		77		true	自旧档汇入	2026-04-13T01:27:08+08:00
bœuf	sm		牛	waong gneû		黄牛		77		true	自旧档汇入	2026-04-13T01:27:08+08:00
bœuf	sm	Garder les -s	放牛，看牛	k‘eu gneû		看牛		77		true	自旧档汇入	2026-04-13T01:27:08+08:00
boire	va		喝，饮	’yen		飲		77		true	自旧档汇入	2026-04-13T01:27:08+08:00
boire	va		喝，饮	k‘ieh		吃		77		true	自旧档汇入	2026-04-13T01:27:08+08:00
boire	va		喝，饮	hèh	h‘èh	嗑		77	待定	true	自旧档汇入	2026-04-13T01:27:08+08:00
bois	sm		木材，木料，木头	moh deû		木頭		77		true	自旧档汇入	2026-04-13T01:27:08+08:00
bois	sm	- de charpente	建筑用的木材	moh liao’		木料		77		true	自旧档汇入	2026-04-13T01:27:08+08:00
bois	sm	- à brûler	烧火用的木柴	moh (zu’) za		木（樹）柴		77		true	自旧档汇入	2026-04-13T01:27:08+08:00
bois	sm	#NAME?	劈开的木头	p‘ih za		劈柴		77		true	自旧档汇入	2026-04-13T01:27:08+08:00
bois	sm	Réunion d'arbres	树林	zu’ lin		樹林		77		true	自旧档汇入	2026-04-13T01:27:08+08:00
bois	sm	- du cerf	雄鹿的角	lôh koh		鹿角		77		true	自旧档汇入	2026-04-13T01:27:08+08:00
boiser	va		在…植树，在…造林	’tsong zu’ moh		種樹木		77		true	自旧档汇入	2026-04-13T01:27:08+08:00
boiser	va		在…植树，在…造林	tsai bé zu’ lin		栽培樹林		77	特殊	true	自旧档汇入	2026-04-13T01:27:08+08:00
boiserie	sf		细木护壁板，墙裙	wou’ pieh ’pè		護壁板		77		true	自旧档汇入	2026-04-13T01:27:08+08:00
boisseau	sm	(10 litres 31)	斗	’teû		斗		77		true	自旧档汇入	2026-04-13T01:27:08+08:00
boisseau	sm	10 -x	十斗	ih zah		一石		77		true	自旧档汇入	2026-04-13T01:27:08+08:00
boisson	sf	(Adonné a la)	嗜酒	’tsieû dou		酒徒		77		true	自旧档汇入	2026-04-13T01:27:08+08:00
boisson	sf	(Adonné a la)	嗜酒	’tsieû ’kiu		酒鬼		77		true	自旧档汇入	2026-04-13T01:27:08+08:00
boîte	sf		盒，箱，匣	hèh ’tse		匣子		77		true	自旧档汇入	2026-04-13T01:27:08+08:00
boîte	sf		盒，箱，匣	siang ’tse		箱子		77		true	自旧档汇入	2026-04-13T01:27:08+08:00
boîte	sf		盒，箱，匣	long		籠		77		true	自旧档汇入	2026-04-13T01:27:08+08:00
boîte	sf	- pour le transport des vivres	运送食物的箱子；饭盒	’h‘ou zeh lè		伙食籃		77		true	自旧档汇入	2026-04-13T01:27:08+08:00
boîte	sf	- à musique	音乐盒，八音盒	pèh yen ghien		八音琴		77		true	自旧档汇入	2026-04-13T01:27:08+08:00
boîte	sf	- d'artillerie chinoise		’h‘ou p‘ao’		火炮		77		true	自旧档汇入	2026-04-13T01:27:08+08:00
boîte	sf	- d'artillerie chinoise		di p‘ao’		提炮		77		true	自旧档汇入	2026-04-13T01:27:08+08:00
boiter	vn	boiteux sm.	蹒跚，跛行	zéh kiah		踅脚		77		true	自旧档汇入	2026-04-13T01:27:08+08:00
boiter	vn	boiteux sm.	蹒跚，跛行	zéh lai zéh k‘i’		踅來踅去		77		true	自旧档汇入	2026-04-13T01:27:08+08:00
boiter	vn	boiteux sm.	蹒跚，跛行	goa lai goa k‘i’		瘤來瘤去	？來？去	77	待定	true	自旧档汇入	2026-04-13T01:27:08+08:00
bol	sm	Tasse	碗	’wé		碗		77		true	自旧档汇入	2026-04-13T01:27:08+08:00
bol	sm	Tasse	碗	kong ’wé		宫碗		77		true	自旧档汇入	2026-04-13T01:27:08+08:00
bol	sm	Pilule	丸药，丸剂	wé yah		丸藥		77		true	自旧档汇入	2026-04-13T01:27:08+08:00
bombance	sf	(Faire)	大吃一顿，大吃大喝	’tsieû tsu’ vè’ ’pao		酒醉飯飽		77		true	自旧档汇入	2026-04-13T01:27:08+08:00
bombe	sf		炸弹；炮弹	si kouo p‘ao’		西瓜炮		77		true	自旧档汇入	2026-04-13T01:27:08+08:00
bombe	sf		炸弹；炮弹	loh di’ k‘ai h‘ouo		落地開花		77		true	自旧档汇入	2026-04-13T01:27:08+08:00
bombé	pp		凸起的，鼓起的	tsou’ lai wè wè neng		做来灣灣能	做来？？能	77		true	自旧档汇入	2026-04-13T01:27:08+08:00
bomber	vn		使凸起，使鼓起	p‘ao p‘ao neng		泡泡能	？？能	77	待定	true	自旧档汇入	2026-04-13T01:27:08+08:00
bomber	vn		使凸起，使鼓起	mé deû sin ’k‘i		饅頭心起		77		true	自旧档汇入	2026-04-13T01:27:08+08:00
bon	adj		好的，良好的	’h‘ao		好		77		true	自旧档汇入	2026-04-13T01:27:08+08:00
bon	adj		好的，良好的	’h‘ao ke’		好个		77		true	自旧档汇入	2026-04-13T01:27:08+08:00
bon	adj	Bienveillant	宽厚的；亲切的	tsong heû’		忠厚		77		true	自旧档汇入	2026-04-13T01:27:08+08:00
bon	adj	Doux	温柔的，温和的	liang zé’		良善		77		true	自旧档汇入	2026-04-13T01:27:08+08:00
bon	adj	Mosieur est bien -	先生人很好	sié sang ze’ ai’ gnen lai ’ya ke’		先生是愛人來野个		77		true	自旧档汇入	2026-04-13T01:27:08+08:00
bon	adj	- à manger	很好吃	’h‘ao k‘ieh ke’		好吃个		77		true	自旧档汇入	2026-04-13T01:27:08+08:00
bon	adj	- à boire	很好喝	k‘ieh teh ke’		吃得个		78		true	自旧档汇入	2026-04-13T01:27:08+08:00
bon	adj	- à boire	很好喝	hèh teh ke’	h‘èh teh ke’	嗑得个		78	呷 待定	true	自旧档汇入	2026-04-13T01:27:08+08:00
bon	adj	- à brûler	擅长烧	sao teh ke’		燒得个		78		true	自旧档汇入	2026-04-13T01:27:08+08:00
bon	adj	- à (faire qqch.)	擅长做	zé’ yu...		善於…		78		true	自旧档汇入	2026-04-13T01:27:08+08:00
bon	adj	- à rien [personne]	（人）一无所长	m neng ’keu	m neng keu’	無能幹		78		true	自旧档汇入	2026-04-13T01:27:08+08:00
bon	adj	- à rien [personne]	（人）一无所长	m zai zing		無才情	嘸才情	78		true	自旧档汇入	2026-04-13T01:27:08+08:00
bon	adj	- à rien [personne]	（人）一无所长	véh tsong’ yong’		勿中用		78		true	自旧档汇入	2026-04-13T01:27:08+08:00
bon	adj	- à rien [personne]	（人）一无所长	’pen ze’ ih tié m teh ke’	’pen ze’ ih ’tié m teh ke’	本事一點没得个	本事一點嘸得个	78		true	自旧档汇入	2026-04-13T01:27:08+08:00
bon	adj	- à rien [personne]	（人）一无所长	ih wou ’k‘o ’ts‘u		一無可取		78		true	自旧档汇入	2026-04-13T01:27:08+08:00
bon	adj	- à rien [chose]	不起作用	m sa’ yong’ deû ke’		無啥用頭个	嘸啥用頭个	78		true	自旧档汇入	2026-04-13T01:27:08+08:00
bon	adj	- à rien [chose]	不起作用	ze’ ’toh t‘eh fou’	ze’ toh t‘éh fou’	是搗脱貨	是厾脱貨	78	印刷錯誤	true	自旧档汇入	2026-04-13T01:27:08+08:00
bon	adj	Sentir -	闻起来很香	hiang hiang k‘i’ mi’		香香氣味		78		true	自旧档汇入	2026-04-13T01:27:08+08:00
bon	adj	Coûter -	价格昂贵	kiu’ ka’		貴價		78		true	自旧档汇入	2026-04-13T01:27:08+08:00
bon	adj	Tout de -	真的，当真	zaong’ tsen tsang	zaong’ tsen tsang’	上真仗		78	待定	true	自旧档汇入	2026-04-13T01:27:08+08:00
bon	adj	Tout de -	真的，当真	taong’ tsen		當真		78		true	自旧档汇入	2026-04-13T01:27:08+08:00
bon	adj	Tout de -	真的，当真	’kou zé		果然		78		true	自旧档汇入	2026-04-13T01:27:08+08:00
bon	adj	A quoi -	有什么用?何必呢?	wou pih		何必		78		true	自旧档汇入	2026-04-13T01:27:08+08:00
bon	adj	A quoi -	有什么用?何必呢?	wou ’k‘ou tse teh		何苦之得		78		true	自旧档汇入	2026-04-13T01:27:08+08:00
bon	adj	Bon! interj	好！	’h‘ao		好		78		true	自旧档汇入	2026-04-13T01:27:08+08:00
bonasse	adj		憨厚的，过分老实的	t‘eh ’lao zéh		忒老實		78		true	自旧档汇入	2026-04-13T01:27:08+08:00
bonasse	adj		憨厚的，过分老实的	’mong ’tong		懵懂		78		true	自旧档汇入	2026-04-13T01:27:08+08:00
bonbon	sm	(dragées)	糖果	yang daong		洋糖		78		true	自旧档汇入	2026-04-13T01:27:08+08:00
bonbon	sm	(dragées)	糖果	daong zeh		糖食		78		true	自旧档汇入	2026-04-13T01:27:08+08:00
bonbonnnière	sf		糖果盒	daong zeh hèh ’tse		糖食匣子		78		true	自旧档汇入	2026-04-13T01:27:08+08:00
bonbonne	sf	d'huile	油瓮，油瓶	yeû ’leû		油簍		78	待定	true	自旧档汇入	2026-04-13T01:27:08+08:00
bond	sm		跳，跳跃	zè’		瀺	？	78		true	自旧档汇入	2026-04-13T01:27:08+08:00
bond	sm	Par -s et par sauts		zè’ ’k‘i lai		瀺起来	？起來	78	待定	true	自旧档汇入	2026-04-13T01:27:08+08:00
bond	sm	Par -s et par sauts		ih t‘iao ih t‘iao	ih t‘iao’ ih tt‘iao’	一跳一跳		78		true	自旧档汇入	2026-04-13T01:27:08+08:00
bonde	sf	bondon sm.	塞子，木塞	seh deû		塞頭		78		true	自旧档汇入	2026-04-13T01:27:08+08:00
bonde	sf	bondon sm.	塞子，木塞	gneu moh tsen	’gneu moh tsen	軟木椹		78		true	自旧档汇入	2026-04-13T01:27:08+08:00
bondir	vn		跳，跳跃	t‘iao’		跳		78		true	自旧档汇入	2026-04-13T01:27:08+08:00
bondir	vn		跳，跳跃	t‘iao’ ’k‘i lai		跳起來		78		true	自旧档汇入	2026-04-13T01:27:08+08:00
bondir	vn	La bête a bondi de frayeur	牲畜吓得跳了起来	sang’ k‘eû hah lai ih t‘iao’	sang ’k‘eû h‘ah lai ih t‘iao’	牲口嚇來一跳		78		true	自旧档汇入	2026-04-13T01:27:08+08:00
bondonner	va		用塞子塞（木桶）	nao seh deû lai seh ih seh		拿塞頭來塞一塞		78		true	自旧档汇入	2026-04-13T01:27:08+08:00
bondonner	va		用塞子塞（木桶）	tè seh deû lai seh ’la		担塞頭來塞拉		78		true	自旧档汇入	2026-04-13T01:27:08+08:00
bonheur	sm		幸运，福气	foh loh	foh lôh	福禄		78		true	自旧档汇入	2026-04-13T01:27:08+08:00
bonheur	sm		幸运，福气	foh ven’		福分		78		true	自旧档汇入	2026-04-13T01:27:08+08:00
bonheur	sm		幸运，福气	foh k‘i’		福氣		78		true	自旧档汇入	2026-04-13T01:27:08+08:00
bonheur	sm	bonne fortune	幸运，福气	zao’ h‘ouo’		造化		78		true	自旧档汇入	2026-04-13T01:27:08+08:00
bonheur	sm	c'est un grand -	这是一种大福气	di’ ke’ ze’ dou’ zao’ h‘ouo’		第个是大造化		78		true	自旧档汇入	2026-04-13T01:27:08+08:00
bonheur	sm	Par - loc.adv.	幸而，幸亏	kiao yeng’	’kiao yeng’	僥幸		78		true	自旧档汇入	2026-04-13T01:27:08+08:00
bonheur	sm		幸而，幸亏	hèh h‘ao	h‘èh ’h‘ao	恰好		78		true	自旧档汇入	2026-04-13T01:27:08+08:00
bonheur	sm		幸而，幸亏	ts‘eû’ ’k‘iao		凑巧		78		true	自旧档汇入	2026-04-13T01:27:08+08:00
bonheur	sm		幸而，幸亏	yeng’ k‘oei		幸虧		78		true	自旧档汇入	2026-04-13T01:27:08+08:00
bonhomme	sm	Homme simple	老好人，	’lao zéh gnen		老實人		78		true	自旧档汇入	2026-04-13T01:27:08+08:00
bonhomme	sm	Homme simple	单纯老实的人	’lao zéh deû		老實頭		78		true	自旧档汇入	2026-04-13T01:27:08+08:00
bonhomme	sm	#NAME?	老人	’lao deû ’tse		老頭子		78		true	自旧档汇入	2026-04-13T01:27:08+08:00
boni	sm	[Avoir du]	（有）盈余	tou zè zah	tou ’zè zah	多賺着		78		true	自旧档汇入	2026-04-13T01:27:08+08:00
bonjour et Bonsoir	sm		早安，日安；下午好，晚安	’ts‘ing eu		請安		78		true	自旧档汇入	2026-04-13T01:27:08+08:00
bonjour et Bonsoir	sm		早安，日安；下午好，晚安	maong’ maong	maong’ maong’	望望		78	變調	true	自旧档汇入	2026-04-13T01:27:08+08:00
bonjour et Bonsoir	sm		早安，日安；下午好，晚安	ih hiang’ ’h‘ao		一向好		78		true	自旧档汇入	2026-04-13T01:27:08+08:00
bonjour et Bonsoir	sm		早安，日安；下午好，晚安	’h‘ao ’la va’		好拉否		78		true	自旧档汇入	2026-04-13T01:27:08+08:00
bonne	sf	d'enfants	（孩子的）保姆	ah ’ma	ah ma	阿媽		78		true	自旧档汇入	2026-04-13T01:27:08+08:00
bonne	sf	d'enfants	（孩子的）保姆	ah bou		阿婆		78		true	自旧档汇入	2026-04-13T01:27:08+08:00
bonne	sf	Domestique	仆人，佣人	o deû		丫頭		78		true	自旧档汇入	2026-04-13T01:27:08+08:00
bonnement	adj		老实地，直率地	’lao ’lao zéh zéh ke’		老老實實个		78		true	自旧档汇入	2026-04-13T01:27:08+08:00
bonnement	adj	À la bonne	不拘客套地，不客气地，	véh tsou’ k‘ah		勿做客		78		true	自旧档汇入	2026-04-13T01:27:08+08:00
bonnement	adj	À la bonne	不拘客套地，不客气地，	ts‘ong ts‘ong yong yong ke’		從從容容个		78		true	自旧档汇入	2026-04-13T01:27:08+08:00
bonnet	sm		无边软帽，便帽	mao’ ’tse		帽子		79		true	自旧档汇入	2026-04-13T01:27:08+08:00
bonnet	sm		无边软帽，便帽	tsèh deû		縶頭		79		true	自旧档汇入	2026-04-13T01:27:08+08:00
bonnet	sm	- de cérémonie des prêtres (C.)	牧师礼仪帽	tsi’ kien		祭巾		79		true	自旧档汇入	2026-04-13T01:27:08+08:00
bonnet	sm	- des femmes	女式无檐小便帽	mao’ ’tse		帽子		79		true	自旧档汇入	2026-04-13T01:27:08+08:00
bonnet	sm	- des femmes	女式无檐小便帽	tsao kiun t‘ao’		昭君套		79		true	自旧档汇入	2026-04-13T01:27:08+08:00
bonté	sf		善良，仁慈	ai’ zing		愛情		79		true	自旧档汇入	2026-04-13T01:27:08+08:00
bonté	sf		善良，仁慈	’h‘ao sin		好心		79		true	自旧档汇入	2026-04-13T01:27:08+08:00
bonté	sf		善良，仁慈	liang zé’		良善		79		true	自旧档汇入	2026-04-13T01:27:08+08:00
bonté	sf	(Polit) Veuillez avoir la - de		vè lao nong’		煩勞儂		79		true	自旧档汇入	2026-04-13T01:27:08+08:00
bonté	sf	(Polit) Veuillez avoir la - de		fi’ nong’ sin		費儂心		79		true	自旧档汇入	2026-04-13T01:27:08+08:00
bonté	sf	(Polit) Veuillez avoir la - de		sa’ dou nong’	sa dou nong’	衰瘏儂		79		true	自旧档汇入	2026-04-13T01:27:08+08:00
bonté	sf	C'est trop de - (m. - à - m.)		t‘eh vè lao ’tsé		忒煩勞者		79		true	自旧档汇入	2026-04-13T01:27:08+08:00
bonté	sf	C'est trop de - (m. - à - m.)		t‘eh fi’ sin ’tsé		忒費心者		79		true	自旧档汇入	2026-04-13T01:27:08+08:00
bonté	sf	c'est une tranche de bon cœur	这是一片好心	di’ ke’ ze’ ih p‘ié’ ’h‘ao sin		第个是一片好心		79		true	自旧档汇入	2026-04-13T01:27:08+08:00
bonze	sm	bouddhiste	和尚，佛教徒	wou zaong’		和尚		79		true	自旧档汇入	2026-04-13T01:27:08+08:00
bonze	sm	bouddhiste	和尚，佛教徒	seh’ ka	seh ka	釋家		79	印刷錯誤	true	自旧档汇入	2026-04-13T01:27:08+08:00
bonze	sm	bouddhiste	和尚，佛教徒	se t‘a’		師太		79		true	自旧档汇入	2026-04-13T01:27:08+08:00
bonze	sm	bouddhiste	和尚，佛教徒	’lao se t‘a’		老師太		79		true	自旧档汇入	2026-04-13T01:27:08+08:00
bonze	sm	#NAME?	道士	dao’ ze’		道士		79		true	自旧档汇入	2026-04-13T01:27:08+08:00
bonze	sm	Se faire -	出家	ts‘éh ka		出家		79		true	自旧档汇入	2026-04-13T01:27:08+08:00
bonze	sm	Nom de -	法名	fèh ming		法名		79		true	自旧档汇入	2026-04-13T01:27:08+08:00
bonze	sm	Habit de cérémonie des -s	袈裟	ka souo		袈裟		79		true	自旧档汇入	2026-04-13T01:27:08+08:00
bonzesse	sf	bouddhiste	尼姑	gni kou		尼姑		79		true	自旧档汇入	2026-04-13T01:27:08+08:00
bonzesse	sf	bouddhiste	尼姑	’gnu seng		女僧		79		true	自旧档汇入	2026-04-13T01:27:08+08:00
bonzesse	sf	bouddhiste	尼姑	se kou		師姑		79		true	自旧档汇入	2026-04-13T01:27:08+08:00
bonzesse	sf	#NAME?	道姑	dao’ seng		道僧		79		true	自旧档汇入	2026-04-13T01:27:08+08:00
bonzerie	sf		寺院，庙	ze’ yeu’		寺院		79		true	自旧档汇入	2026-04-13T01:27:08+08:00
bonzerie	sf		寺院，庙	miao’ é 		廟庵		79		true	自旧档汇入	2026-04-13T01:27:08+08:00
bonzerie	sf		寺院，庙	é		庵		79		true	自旧档汇入	2026-04-13T01:27:08+08:00
bonzerie	sf	Chef d'une	住持，方丈	’lao wou zaong’		老和尚		79	字形	true	自旧档汇入	2026-04-13T01:27:08+08:00
bonzerie	sf	Chef d'une	住持，方丈	dou’ wou zaong’		大和尚		79		true	自旧档汇入	2026-04-13T01:27:08+08:00
bonzerie	sf	Chef d'une	住持，方丈	faong zang	faong zang’	方丈		79		true	自旧档汇入	2026-04-13T01:27:08+08:00
Borax	sm		硼砂	bang souo		硼砂		79		true	自旧档汇入	2026-04-13T01:27:08+08:00
borborygme	sm		肠鸣音，腹鸣	dou’ ’li koh loh koh loh ’hiang	dou’ ’li kôh lôh kôh lôh ’hiang	肚裏榖碌榖碌响		79	待定 保留簡體	true	自旧档汇入	2026-04-13T01:27:08+08:00
bord	sm	d'un objet	（物体的）边，边缘	pié deû		邊頭		79		true	自旧档汇入	2026-04-13T01:27:08+08:00
bord	sm	- d'un cours d'eau	（河流的）边缘，河岸	ngeu’		岸		79		true	自旧档汇入	2026-04-13T01:27:08+08:00
bord	sm	- d'un cours d'eau	（河流的）边缘，河岸	wou pié		河邊		79		true	自旧档汇入	2026-04-13T01:27:08+08:00
bordée	sf	Lâcher une -	舷炮齐射	faong’ ih ba p‘ao’		放一排炮		79		true	自旧档汇入	2026-04-13T01:27:08+08:00
bordée	sf	Tirer une - [marine]	作曲折航行[航海]	’ts‘iang fong		搶風	戧風	79		true	自旧档汇入	2026-04-13T01:27:08+08:00
bordée	sf	Lancer des -s d'injures	一阵大骂，骂出一连串骂人话	ih zang ling zôh		一場凌辱		79		true	自旧档汇入	2026-04-13T01:27:08+08:00
bordée	sf	Lancer des -s d'injures	一阵大骂，骂出一连串骂人话	’mé ’k‘eû mô gnen	’mé ’k‘eû mô’ gnen	滿口駡人		79		true	自旧档汇入	2026-04-13T01:27:08+08:00
border	va	un vêtement	给衣服镶边	koen diao		緄條		79	待定	true	自旧档汇入	2026-04-13T01:27:08+08:00
border	va	un vêtement	给衣服镶边	tsiao pié		䘯邊		79	待定	true	自旧档汇入	2026-04-13T01:27:08+08:00
border	va	un vêtement	给衣服镶边	siang pié		鑲邊		79		true	自旧档汇入	2026-04-13T01:27:08+08:00
bordereau	sm		清单，细账	tè ’tse		單子[一張]		79		true	自旧档汇入	2026-04-13T01:27:08+08:00
bordure	sf		边，边缘	pié 		邊		79		true	自旧档汇入	2026-04-13T01:27:08+08:00
bordure	sf		边，边缘	pié deû		邊頭		79		true	自旧档汇入	2026-04-13T01:27:08+08:00
boréal	adj	(Pôle)	北极的	pôh ghieh		北極		79		true	自旧档汇入	2026-04-13T01:27:08+08:00
borgne	adj. et sm.		独眼的（人），一只眼瞎的（人）	ih ’tsah ’ngè	ih tsah ’ngè	一隻眼		79	印刷錯誤	true	自旧档汇入	2026-04-13T01:27:08+08:00
borgne	adj. et sm.		独眼的（人），一只眼瞎的（人）	dôh long		獨龍		79		true	自旧档汇入	2026-04-13T01:27:08+08:00
borne	sf	de propriété	（地产的）界石，界标	ka’ zah		界石		79		true	自旧档汇入	2026-04-13T01:27:08+08:00
borne	sf	de propriété	（地产的）界石，界标	ka’ yè’		界限		79		true	自旧档汇入	2026-04-13T01:27:08+08:00
borne	sf	de propriété	（地产的）界石，界标	kiang ka’		疆界		79		true	自旧档汇入	2026-04-13T01:27:08+08:00
borne	sf	#NAME?	里程碑，里程石	lou’ ba		路牌		79		true	自旧档汇入	2026-04-13T01:27:08+08:00
borne	sf	- de pays	国界，地区边界	pié ka’		邊界		79		true	自旧档汇入	2026-04-13T01:27:08+08:00
borne	sf. Fig.	Dépasser les -s	过分	kou ven 	kou’ ven’ 	過分		79		true	自旧档汇入	2026-04-13T01:27:08+08:00
borne	sf. Fig.	Dépasser les -s	过分	kou ka’	kou’ ka’	過界		79		true	自旧档汇入	2026-04-13T01:27:08+08:00
borné	adj		有界限的，有限的	’yeû yè’ ke’		有限个		79		true	自旧档汇入	2026-04-13T01:27:08+08:00
borné	adj		有界限的，有限的	’yeû ka’ ke’		有界个		79		true	自旧档汇入	2026-04-13T01:27:08+08:00
borné	adj. Fig.		智力有限的，知识狭隘的，迟钝的	’siao kié’ seh 		小見識		80		true	自旧档汇入	2026-04-13T01:27:08+08:00
borné	adj. Fig.		智力有限的，知识狭隘的，迟钝的	ts‘ié kié	’ts‘ié kié’	淺見		80		true	自旧档汇入	2026-04-13T01:27:08+08:00
borné	adj. Fig.		智力有限的，知识狭隘的，迟钝的	ming ngou’ ts‘ié	ming ngou’ ’ts‘ié	明悟淺		80		true	自旧档汇入	2026-04-13T01:27:08+08:00
borner	va	(une propriété)	（为地产）立界石，划界	wah kiang ka’		劃疆界		80		true	自旧档汇入	2026-04-13T01:27:08+08:00
borner	va	(une propriété)	（为地产）立界石，划界	lih ka’ zah		立界石		80		true	自旧档汇入	2026-04-13T01:27:08+08:00
borner	va	Se - à (faire telle chose)	限于，仅仅（做了某事）	péh kou’		不過		80		true	自旧档汇入	2026-04-13T01:27:08+08:00
borner	va	Se - à (faire telle chose)	限于，仅仅（做了某事）	tè tè		單單		80		true	自旧档汇入	2026-04-13T01:27:08+08:00
borner	va	Se - à (faire telle chose)	限于，仅仅（做了某事）	tè tsou’...	dè’ tsou’...	但做		80	待定 可能是單	true	自旧档汇入	2026-04-13T01:27:08+08:00
bosquet	sm		小树林，树丛	zu’ yeu		樹園		80		true	自旧档汇入	2026-04-13T01:27:08+08:00
bosse	sf	au dos	驼背	dou pei’		駝背		80		true	自旧档汇入	2026-04-13T01:27:08+08:00
bosse	sf	au dos	驼背	k‘iôh pei’		曲背		80		true	自旧档汇入	2026-04-13T01:27:08+08:00
bosse	sf	Petite élévation	隆起部分，小山丘	gni ten		泥墩		80		true	自旧档汇入	2026-04-13T01:27:08+08:00
bosse	sf	Petite élévation	隆起部分，小山丘	t‘ou sè	’t‘ou sè	土山		80		true	自旧档汇入	2026-04-13T01:27:08+08:00
bosse	sf	Se relever en - 	隆起的	wè wè neng		灣灣能		80	待定	true	自旧档汇入	2026-04-13T01:27:08+08:00
bosse	sf	Se relever en - 	隆起的	ts‘ih n pei’ seh	tsih n pei’ seh	鯽魚背式		80		true	自旧档汇入	2026-04-13T01:27:08+08:00
bosse	sf	Se relever en - 	隆起的	déh ts‘éh ’la ke’		凸出拉个		80		true	自旧档汇入	2026-04-13T01:27:08+08:00
bossu	adj. et pp.		驼背的（人），驼子	dou ’tse		駝子		80		true	自旧档汇入	2026-04-13T01:27:08+08:00
bossu	adj. et pp.		驼背的（人），驼子	eu pei’	eû pei’	傴背		80		true	自旧档汇入	2026-04-13T01:27:08+08:00
botanique	sf		植物学	h‘ouo ’ts‘ao yah		花草學		80		true	自旧档汇入	2026-04-13T01:27:08+08:00
botte	sf	Objets liés	束，捆，扎，把	ih ts‘èh	ih tsèh	一紮		80		true	自旧档汇入	2026-04-13T01:27:08+08:00
botte	sf	Objets liés	束，捆，扎，把	ih ’k‘oen		一捆		80		true	自旧档汇入	2026-04-13T01:27:08+08:00
botte	sf	Objets liés	束，捆，扎，把	ih ’pouo		一把		80		true	自旧档汇入	2026-04-13T01:27:08+08:00
botte	sf	Une - de paille	一捆稻草、麦秆	ih ’k‘oen za		一捆柴		80		true	自旧档汇入	2026-04-13T01:27:08+08:00
botte	sf	Chaussure. (Paire)	鞋，靴（一双）	hiou [ih saong]		靴[一雙]		80		true	自旧档汇入	2026-04-13T01:27:08+08:00
botteler	va		捆起来，扎起来	’k‘oen ’k‘i lai		捆起來		80		true	自旧档汇入	2026-04-13T01:27:08+08:00
botteler	va		捆起来，扎起来	ts‘èh ’long lai	tsèh ’long lai	紮攏來		80		true	自旧档汇入	2026-04-13T01:27:08+08:00
bottine	sf		低筒鞋，高帮皮鞋	pé’ tsih deû hiou		半節頭靴		80		true	自旧档汇入	2026-04-13T01:27:08+08:00
bottine	sf		低筒鞋，高帮皮鞋	pé’ t‘ong deû hiou		半[衤同]頭靴	半？頭靴	80		true	自旧档汇入	2026-04-13T01:27:08+08:00
bouc	sm		公山羊	sao yang		臊羊		80		true	自旧档汇入	2026-04-13T01:27:08+08:00
bouc	sm		公山羊	yong sè yang		雄山羊		80		true	自旧档汇入	2026-04-13T01:27:08+08:00
bouc	sm	Odeur de -	羊臊味	yang sao k‘i’		羊臊氣		80	待定	true	自旧档汇入	2026-04-13T01:27:08+08:00
boucaner	va	de la viande	熏制（肉类）	hiun		熏		80		true	自旧档汇入	2026-04-13T01:27:08+08:00
boucaner	va	de la viande	熏制（肉类）	hiun gnôh		熏肉		80		true	自旧档汇入	2026-04-13T01:27:08+08:00
bouche	sf		嘴，口	’tse		嘴		80		true	自旧档汇入	2026-04-13T01:27:08+08:00
bouche	sf		嘴，口	’k‘eû		口		80		true	自旧档汇入	2026-04-13T01:27:08+08:00
bouche	sf	Être sur sa -. Gourmand	贪吃美食者，讲究吃食者	t‘é ’tse		貪嘴		80		true	自旧档汇入	2026-04-13T01:27:08+08:00
bouche	sf		贪吃美食者，讲究吃食者	k‘ieh k‘ah		吃客		80		true	自旧档汇入	2026-04-13T01:27:08+08:00
bouche	sf		贪吃美食者，讲究吃食者	t‘é t‘ao		貪饕		80		true	自旧档汇入	2026-04-13T01:27:08+08:00
bouche	sf	Dire de - (en présence)	亲口说	ts‘in ’k‘eû wo’		親口話		80		true	自旧档汇入	2026-04-13T01:27:08+08:00
bouche	sf	Dire de - (en présence)	亲口说	taong mié’ wo’		當面話		80		true	自旧档汇入	2026-04-13T01:27:08+08:00
bouche	sf	Dire ce qui vient à la -	有话就说	zu ’k‘eû wo’		隨口話		80		true	自旧档汇入	2026-04-13T01:27:08+08:00
bouche	sf	Fermer la -. Se taire.	闭嘴，沉默不语	véh k‘ai ’k‘eû		勿開口		80		true	自旧档汇入	2026-04-13T01:27:08+08:00
bouche	sf	Fermer la -. Se taire.	闭嘴，沉默不语	véh ts‘éh seng		勿出聲		80		true	自旧档汇入	2026-04-13T01:27:08+08:00
bouche	sf	Fermer la -. Se taire.	闭嘴，沉默不语	’tse ’min ’la		嘴脗拉		80	待定	true	自旧档汇入	2026-04-13T01:27:08+08:00
bouche	sf	Fermer la - à qqn. Le mettre à court	闭上嘴巴	seh ’tse		塞嘴		80		true	自旧档汇入	2026-04-13T01:27:08+08:00
bouche	sf	Fermer la - à qqn. Le mettre à court	闭上嘴巴	pôh lai ten’ ’k‘eû wou yé		駁來頓口無言		80		true	自旧档汇入	2026-04-13T01:27:08+08:00
bouche	sf	Il a toujʳˢ des injures à la -	一直辱骂别人	véh ding ’tse mô’ gnen		勿停嘴駡人		80		true	自旧档汇入	2026-04-13T01:27:08+08:00
bouche	sf	Personne: - à nourrir	人的嘴巴	gnen ’k‘eû		人口		80		true	自旧档汇入	2026-04-13T01:27:08+08:00
bouche	sf	- d'un puits	井口	’tsing ’k‘eû		井口		80		true	自旧档汇入	2026-04-13T01:27:08+08:00
bouche	sf	- d'un fleuve	河口	wou ’k‘eû		河口		80		true	自旧档汇入	2026-04-13T01:27:08+08:00
bouche	sf	- d'un fleuve	河口	’k‘eû ’tse		口子		80		true	自旧档汇入	2026-04-13T01:27:08+08:00
bouche	sf	- d'un canon	炮口	p‘ao’ men		炮門		80		true	自旧档汇入	2026-04-13T01:27:08+08:00
bouche	sf	- d'un canon	炮口	p‘ao’ ’k‘eû		炮口		80		true	自旧档汇入	2026-04-13T01:27:08+08:00
bouché	pp	Esprit -	呆笨的，迟钝的	ngai ben’		呆㤓	呆笨	80	待定	true	自旧档汇入	2026-04-13T01:27:08+08:00
bouché	pp	Esprit -	呆笨的，迟钝的	ih k‘iao’ véh t‘ong ke’		一竅勿童个		80		true	自旧档汇入	2026-04-13T01:27:08+08:00
bouché	pp	Esprit -	呆笨的，迟钝的	k‘iao’ men véh k‘ai ke’		竅門勿開个		80		true	自旧档汇入	2026-04-13T01:27:08+08:00
bouché	pp	Esprit -	呆笨的，迟钝的	véh seh ting tong		勿識丁東		80	待定	true	自旧档汇入	2026-04-13T01:27:08+08:00
bouchée	sf	(Une)	一口（食物）	ih ’k‘eû		一口		80		true	自旧档汇入	2026-04-13T01:27:08+08:00
Boucher	va	fermer 	关闭，关掉，封锁	seh zu’		塞住		81		true	自旧档汇入	2026-04-13T01:27:08+08:00
Boucher	va	fermer 	关闭，关掉，封锁	seh lao		塞牢		81		true	自旧档汇入	2026-04-13T01:27:08+08:00
Boucher	va	fermer 	关闭，关掉，封锁	seh ’kien		塞緊		81		true	自旧档汇入	2026-04-13T01:27:08+08:00
Boucher	va	combler. 	填补、填满	dié’ seh	dié seh	填塞		81	字形	true	自旧档汇入	2026-04-13T01:27:08+08:00
Boucher	va	combler.- un puits 	填满 - 一口井	dié’ ’mé ih tsah ’tsing	dié ’mé ih tsah ’tsing	填滿一隻井		81		true	自旧档汇入	2026-04-13T01:27:08+08:00
Boucher 	va	se-le nez	塞鼻子	seh biéh deû ’koé		塞鼻頭管		81		true	自旧档汇入	2026-04-13T01:27:08+08:00
Boucher 	va	se-le oreille 	塞耳朵	seh ’gni ’tou ’koé		塞耳朵管		81		true	自旧档汇入	2026-04-13T01:27:08+08:00
Boucher	sm		屠戶，屠夫	dou fou		屠夫		81		true	自旧档汇入	2026-04-13T01:27:08+08:00
Boucher	sm		屠戶，屠夫	’tsè gnôh ke’		斬肉个		81	待定	true	自旧档汇入	2026-04-13T01:27:08+08:00
Boucherie 	sf		肉店，鲜肉业	sèh tsoh		殺作		81		true	自旧档汇入	2026-04-13T01:27:08+08:00
Boucherie 	sf		肉店，鲜肉业	gnôh tié’		肉店		81		true	自旧档汇入	2026-04-13T01:27:08+08:00
Boucherie 	sf		肉店，鲜肉业	gnôh tsaong		肉庄		81	保留簡體	true	自旧档汇入	2026-04-13T01:27:08+08:00
Bouche-trou 	sm		凑数者，临时补缺者；凑数的东西，临时代替物	ts‘ong sou’		充數		81		true	自旧档汇入	2026-04-13T01:27:08+08:00
Bouche-trou 	sm		凑数者，临时补缺者；凑数的东西，临时代替物	’pou k‘ieuh		補缺		81		true	自旧档汇入	2026-04-13T01:27:08+08:00
Bouchon 	sm		塞子，栓	seh deû		塞頭		81		true	自旧档汇入	2026-04-13T01:27:08+08:00
Bouchon 	sm		塞子，栓	’gneu moh tsen		軟木椹		81		true	自旧档汇入	2026-04-13T01:27:08+08:00
Bouchon 	sm	enseigne d'un cabaret 	酒店的招牌	’tsieû tié’ tsao ba		酒店招牌		81		true	自旧档汇入	2026-04-13T01:27:08+08:00
Bouchonner	va	un objet 	一件東西揉成一團	long’ tseu	long’ tseû’	弄皺		81		true	自旧档汇入	2026-04-13T01:27:08+08:00
Bouchonner	va	(v.g. un cheval )	（一匹馬）	ts‘èh ih ts‘èh		擦一擦		81		true	自旧档汇入	2026-04-13T01:27:08+08:00
Boucle	sf	d'oreilles	耳朵的環	k‘ieu k‘ieu		圈圈		81		true	自旧档汇入	2026-04-13T01:27:08+08:00
Boucle	sf	d'oreilles	耳朵的環	’gni ’tou k‘ieu		耳朵圈		81		true	自旧档汇入	2026-04-13T01:27:08+08:00
Boucle	sf	d'oreilles	耳朵的環	goè ’tse		環子		81		true	自旧档汇入	2026-04-13T01:27:08+08:00
Boucler	va		扣上，扣住	k‘eû’		扣		81		true	自旧档汇入	2026-04-13T01:27:08+08:00
Boucler	va		扣上，扣住	tsah		勺		81		true	自旧档汇入	2026-04-13T01:27:08+08:00
Bouclier	sm	en rotin 	用藤做成的盾牌	deng ba		藤牌		81		true	自旧档汇入	2026-04-13T01:27:08+08:00
Bouddha 	sm		菩薩，佛	wèh	wéh	佛		81	待定	true	自旧档汇入	2026-04-13T01:27:08+08:00
Bouddha 	sm		菩薩，佛	mi dou		彌陀		81		true	自旧档汇入	2026-04-13T01:27:08+08:00
Bouddha 	sm		菩薩，佛	gni wèh deû	gni wéh deû	泥佛頭		81		true	自旧档汇入	2026-04-13T01:27:08+08:00
Bouddhisme 	sm		佛教	seh kiao’		釋教		81		true	自旧档汇入	2026-04-13T01:27:08+08:00
Bouddhisme 	sm		佛教	wèh kiao	wéh kiao’	佛教		81		true	自旧档汇入	2026-04-13T01:27:08+08:00
Bouddhistes	sm		佛教徒	seh ka		釋家		81		true	自旧档汇入	2026-04-13T01:27:08+08:00
Bouddhistes	sm		佛教徒	sin’ wèh ke’	sin’ wéh ke’	信佛个		81		true	自旧档汇入	2026-04-13T01:27:08+08:00
Bouddhistes	sm		佛教徒	gnè’ wèh ke’	gnè’ wéh ke’	念佛个		81		true	自旧档汇入	2026-04-13T01:27:08+08:00
Bouder	vn		赌气，生气，不满	’tou k‘i’		賭氣		81		true	自旧档汇入	2026-04-13T01:27:08+08:00
Bouder	vn		赌气，生气，不满	yé tou yé ’sao		嫌多嫌少		81		true	自旧档汇入	2026-04-13T01:27:08+08:00
Bouder	vn		赌气，生气，不满	yé ’h‘ao yé k‘ieû		嫌好嫌恘		81		true	自旧档汇入	2026-04-13T01:27:08+08:00
Bouder	va	#NAME?		’lang mié’ ’k‘ong dai’ i		冷面孔待伊		81		true	自旧档汇入	2026-04-13T01:27:08+08:00
Bouder	va. vpr.	se-l'un l'autre	生氣對方	kié’ mié’ véh kiao’ yeng’		見面勿叫應		81		true	自旧档汇入	2026-04-13T01:27:08+08:00
Bouder	va. vpr.	se-l'un l'autre	生氣對方	véh tèh dè		勿搭談		81		true	自旧档汇入	2026-04-13T01:27:08+08:00
Boudeur	sm	obstiné 	固執的，頑固的	kou’ ’pè ’pè ke’	’kou ’pè ’pè ke’	古板板个		81		true	自旧档汇入	2026-04-13T01:27:08+08:00
Boue	sf		烂泥，泥泞，泥浆，污泥	lè’ gni		爛泥		81		true	自旧档汇入	2026-04-13T01:27:08+08:00
Boue	sf		烂泥，泥泞，泥浆，污泥	gni ’t‘ou		泥土		81		true	自旧档汇入	2026-04-13T01:27:08+08:00
Bouée 	sf		浮標	weû p‘iao		浮漂		81		true	自旧档汇入	2026-04-13T01:27:08+08:00
Bouée 	sf	de sauvetage	用來救生的浮標	kieû’ sang weû wè		救生浮環		81	待定	true	自旧档汇入	2026-04-13T01:27:08+08:00
Boueux	adj	est-le chemin 	泥濘的道路	lè’ lai		爛來		81		true	自旧档汇入	2026-04-13T01:27:08+08:00
Boueux	adj	est-le chemin 	泥濘的道路	lou’ laong lè’ lai	lou’ laong’ lè’ lai	路上爛來		81		true	自旧档汇入	2026-04-13T01:27:08+08:00
Boueux	adj	glisser  ds chemin 	泥濘的路上脚滑	kiah vèh lou’ lè’		脚滑路爛		81	ds疑有误	true	自旧档汇入	2026-04-13T01:27:08+08:00
Bouffée 	sf	de tabac	一口煙草	ih ’k‘eû yé		一口烟		81		true	自旧档汇入	2026-04-13T01:27:08+08:00
Bouffée 	sf	de chaleur 	一股熱氣	ih zen’ gnéh k‘i’		一陣熱氣		81		true	自旧档汇入	2026-04-13T01:27:08+08:00
Bouffer	vn	[v.g. habit ]	撐起衣服	tsah lai wé ziang’ ’tang k‘i’ tse	tsah lai ’wé ziang’ ’tang k‘i’ tse	着來宛像打氣猪		81		true	自旧档汇入	2026-04-13T01:27:08+08:00
Bouffette	sf	(nœud à)	（用於紡織）的打結	’tang (woh) wéh kiéh		打（縳）活結		81		true	自旧档汇入	2026-04-13T01:27:08+08:00
Bouffi	adj	d'orgueil 	膨脹的驕傲	k‘i’ ngang ngang		氣昂昂		81		true	自旧档汇入	2026-04-13T01:27:08+08:00
Bouffi	adj	d'orgueil 	膨脹的驕傲	ngao k‘i’ lai’	ngao’ k‘i’ lai’	傲氣來		81		true	自旧档汇入	2026-04-13T01:27:08+08:00
Bouffon 	sm		滑稽可笑的人	’siao h‘ouo ’lié		小花臉		81		true	自旧档汇入	2026-04-13T01:27:08+08:00
Bougeoir	sm		烛台，蜡烛盘	’seû tsao’		手照		81		true	自旧档汇入	2026-04-13T01:27:08+08:00
Bougeoir	sm		烛台，蜡烛盘	lèh ts‘ié		蠟簽		81	原作“蠟筌”	true	自旧档汇入	2026-04-13T01:27:08+08:00
				dong’		動		82	法文尚未录入	true	自旧档汇入	2026-04-13T01:27:08+08:00
				véh yao’ dong’		勿要動		82		true	自旧档汇入	2026-04-13T01:27:08+08:00
				lèh tsôh		蠟燭		82		true	自旧档汇入	2026-04-13T01:27:08+08:00
				n yeû lèh tsôh		魚油蠟燭		82		true	自旧档汇入	2026-04-13T01:27:08+08:00
				ze’ gni ze’ n		局	自？自？	82	待定	true	自旧档汇入	2026-04-13T01:27:08+08:00
				n li n li		唔哩唔哩	？	82	待定	true	自旧档汇入	2026-04-13T01:27:08+08:00
				’koen		滚		82		true	自旧档汇入	2026-04-13T01:27:08+08:00
				’koen ’se		滚水		82		true	自旧档汇入	2026-04-13T01:27:08+08:00
				gnéh ’koen ’se		熱滚水		82		true	自旧档汇入	2026-04-13T01:27:08+08:00
				k‘ai ’se		開水		82		true	自旧档汇入	2026-04-13T01:27:08+08:00
				bao’ tsao’		暴躁		82		true	自旧档汇入	2026-04-13T01:27:08+08:00
				sin tsiao		心焦		82		true	自旧档汇入	2026-04-13T01:27:08+08:00
				sin tsiao pah la’		心焦百賴		82		true	自旧档汇入	2026-04-13T01:27:08+08:00
				mié’ tsiang		麵漿		82		true	自旧档汇入	2026-04-13T01:27:08+08:00
				tsôh		粥		82		true	自旧档汇入	2026-04-13T01:27:08+08:00
				hi vè’.		稀飯		82		true	自旧档汇入	2026-04-13T01:27:08+08:00
				lèh pèh tsôh		臘八粥		82		true	自旧档汇入	2026-04-13T01:27:08+08:00
				’koen		滚		82		true	自旧档汇入	2026-04-13T01:27:08+08:00
				sao ’koen ’k‘i lai		燒滚起來		82		true	自旧档汇入	2026-04-13T01:27:08+08:00
				sao ’koen		燒滚		82		true	自旧档汇入	2026-04-13T01:27:08+08:00
				’tsu（’tse）		煮		82		true	自旧档汇入	2026-04-13T01:27:08+08:00
				dôh		[火隺]	?	82		true	自旧档汇入	2026-04-13T01:27:08+08:00
				’se koé’		水灌		82		true	自旧档汇入	2026-04-13T01:27:08+08:00
				k‘ai koé’		開灌		82		true	自旧档汇入	2026-04-13T01:27:08+08:00
				tiao’ ’tse 		吊子		82		true	自旧档汇入	2026-04-13T01:27:08+08:00
				t‘en’ koé’	ten’ koé’	炖罐		82	待定	true	自旧档汇入	2026-04-13T01:27:08+08:00
				gnéh ’se wou		熱水壺		82		true	自旧档汇入	2026-04-13T01:27:08+08:00
				t‘aong		湯		82		true	自旧档汇入	2026-04-13T01:27:08+08:00
				t‘aong ’se		湯水		82		true	自旧档汇入	2026-04-13T01:27:08+08:00
				tséh 		汁		82		true	自旧档汇入	2026-04-13T01:27:08+08:00
				t‘aong tséh ’se		湯汁水		82		true	自旧档汇入	2026-04-13T01:27:08+08:00
				k‘ai ’se wou		開水壺		82		true	自旧档汇入	2026-04-13T01:27:08+08:00
				si yoh		西域		82		true	自旧档汇入	2026-04-13T01:27:08+08:00
				wei bou’		回部		82		true	自旧档汇入	2026-04-13T01:27:08+08:00
				tsou’ mé deû ke’		做饅頭个		82		true	自旧档汇入	2026-04-13T01:27:08+08:00
				tsou’ mé deû		做饅頭		82		true	自旧档汇入	2026-04-13T01:27:08+08:00
				ghieû		球		82		true	自旧档汇入	2026-04-13T01:27:08+08:00
				yeu ghieû		圓球		82		true	自旧档汇入	2026-04-13T01:27:08+08:00
				’tang ghieû		打球		82		true	自旧档汇入	2026-04-13T01:27:08+08:00
				toh ghieû		搗球	厾球	82		true	自旧档汇入	2026-04-13T01:27:08+08:00
				p‘ao ghieû		拋球		82		true	自旧档汇入	2026-04-13T01:27:08+08:00
Boule	sf	–le avec pied	用脚玩球	t‘ieh ghieû		踢球		82		true	自旧档汇入	2026-04-13T01:27:08+08:00
Boule	sf	—de neige (fleur)	白色的球（花）	sieû’ (sih) ghieû h‘ouo		秀（雪）球花		82	字形	true	自旧档汇入	2026-04-13T01:27:08+08:00
Boule	sf	Ramasser en—	聚集成一个球	deu deu long	deu deu ’long	團團攏		82		true	自旧档汇入	2026-04-13T01:27:08+08:00
Boule	sf	Ramasser en—	聚集成一个球	tsou’ yeu deû		做圓糰		82		true	自旧档汇入	2026-04-13T01:27:08+08:00
Boule	sf	Ramasser en—	聚集成一个球	tsou’ yeu ’tse		做圓子		82		true	自旧档汇入	2026-04-13T01:27:08+08:00
Bouleau	sm		桦树，白桦	wo’ zu’		樺樹		82		true	自旧档汇入	2026-04-13T01:27:08+08:00
Boulet	sm	de canon	用于炮弹的铁球	k‘è dè	k‘è dè’	鉛蛋		82		true	自旧档汇入	2026-04-13T01:27:08+08:00
Boulet	sm	de canon	用于炮弹的铁球	tè ’tse	dè ’tse	彈子		82		true	自旧档汇入	2026-04-13T01:27:08+08:00
Boulet	sm	de canon	用于炮弹的铁球	k‘è ’tse		鉛子		82		true	自旧档汇入	2026-04-13T01:27:08+08:00
Boulet	sm	de canon	用于炮弹的铁球	k‘è tsu		鉛珠		82		true	自旧档汇入	2026-04-13T01:27:08+08:00
Boulet	sm	de canon	用于炮弹的铁球	p‘ao’ tsu		炮珠		82		true	自旧档汇入	2026-04-13T01:27:08+08:00
Boulette	sf	de viande	肉球	gnôh yeu ’tse		肉圓子		82		true	自旧档汇入	2026-04-13T01:27:08+08:00
Bouleverser	va		弄乱	long’ leu’		弄亂		82		true	自旧档汇入	2026-04-13T01:27:08+08:00
Bouleverser	va		弄乱	tié ’tao		顛倒		82	字形	true	自旧档汇入	2026-04-13T01:27:08+08:00
Bouleverser	va		弄乱	loh leu’ t‘ié h‘ouo		落亂天花		82	另作“碌亂天花” 待定	true	自旧档汇入	2026-04-13T01:27:08+08:00
Boulon	sm		螺栓，螺钉	’pa seh ting		擺塞釘		82		true	自旧档汇入	2026-04-13T01:27:08+08:00
Boulonner	va		用螺栓固定	ting’ ting		釘釘		82		true	自旧档汇入	2026-04-13T01:27:08+08:00
Bouquet	sm	de fleurs	花束	ih tsèh h‘ouo		一紮花		82		true	自旧档汇入	2026-04-13T01:27:08+08:00
Bouquiniste	sm		旧书商	fè’ ma’ ghieû’ su ke’		販賣舊書个		82		true	自旧档汇入	2026-04-13T01:27:08+08:00
Bourbe	sf		淤泥，河泥	gni		泥		82		true	自旧档汇入	2026-04-13T01:27:08+08:00
Bourbe	sf		淤泥，河泥	gni tsiang		泥漿		82		true	自旧档汇入	2026-04-13T01:27:08+08:00
Bourbe	sf		淤泥，河泥	wen gni tsiang ’se		混泥漿水		82		true	自旧档汇入	2026-04-13T01:27:08+08:00
Bourbeux	adj		泥泞的，满是淤泥的	’yeû gni tsiang ’se		有泥漿水		82		true	自旧档汇入	2026-04-13T01:27:08+08:00
Bourbier	sm		泥塘，泥潭，泥坑	wou ’li gni tsiang		河裏泥漿		82		true	自旧档汇入	2026-04-13T01:27:08+08:00
Bourbier	sm		泥塘，泥潭，泥坑	keû ’li gni tsiang		溝裏泥漿		82		true	自旧档汇入	2026-04-13T01:27:08+08:00
Bourbillon	sm		淤积物，凝块	kiang k‘oei	kiang k‘oei’	僵塊		83		true	自旧档汇入	2026-04-13T01:27:08+08:00
Bourbillon	sm		淤积物，凝块	lè gnôh	lè’ gnôh	爛肉		83		true	自旧档汇入	2026-04-13T01:27:08+08:00
Bourbouilles	sf.pl.		感染性皮疹	gnéh dôh		熱毒		83		true	自旧档汇入	2026-04-13T01:27:08+08:00
Bourbouilles	sf.pl.		感染性皮疹	béh len deû		孛[疒侖]頭	孛？頭	83		true	自旧档汇入	2026-04-13T01:27:08+08:00
Bourdon	sm		熊蜂	’t‘ou fong		土蜂		83		true	自旧档汇入	2026-04-13T01:27:08+08:00
Bourdonnement	sm	d’oreille	耳旁的嗡嗡声	’gni ’tou ’hiang		耳朵響		83		true	自旧档汇入	2026-04-13T01:27:08+08:00
Bourdonner	vn		嗡嗡作响	hong long hong long		𩐠嚨𩐠嚨	？？？？	83	待定	true	自旧档汇入	2026-04-13T01:27:08+08:00
Bourdonner	vn		嗡嗡作响	ong ’li ong ’li		耾裏耾裏	？？？？	83		true	自旧档汇入	2026-04-13T01:27:08+08:00
Bourg	sm		镇，乡镇，市镇	tsen	tsen’	鎮		83		true	自旧档汇入	2026-04-13T01:27:08+08:00
Bourg	sm		镇，乡镇，市镇	ze’ tsen	ze’ tsen’	市鎮		83		true	自旧档汇入	2026-04-13T01:27:08+08:00
Bourgeon	sm	d’une plante	植物的芽	zu’ nga		樹芽		83		true	自旧档汇入	2026-04-13T01:27:08+08:00
Bourgeon	sm	d’une plante	植物的芽	nen’ deû		嫩頭		83		true	自旧档汇入	2026-04-13T01:27:08+08:00
Bourgeon	sm	—au visage	在人脸上的芽	gnéh tsih deû		熱癤頭		83	原作“熱節頭” 	true	自旧档汇入	2026-04-13T01:27:08+08:00
Bourgeon	sm	—au visage	在人脸上的芽	’siao ts‘aong		小瘡		83		true	自旧档汇入	2026-04-13T01:27:08+08:00
Bourgeonner	vn		发芽，出芽	fèh nga		發芽		83		true	自旧档汇入	2026-04-13T01:27:08+08:00
Bourgeonner	vn		发芽，出芽	pao’ ts‘ing		報青		83		true	自旧档汇入	2026-04-13T01:27:08+08:00
Bourgeonner	vn		发芽，出芽	sang béh len deû		生孛[疒侖]頭	？	83		true	自旧档汇入	2026-04-13T01:27:08+08:00
Bourrasque	sf		狂风，阵风	ih zen bao’ fong	ih zen’ bao’ fong	一陣暴風		83		true	自旧档汇入	2026-04-13T01:27:08+08:00
Bourrasque	sf	par	在狂风的时候	ih zen ih zen ke’	ih zen’ ih zen ke’	一陣一陣个		83		true	自旧档汇入	2026-04-13T01:27:08+08:00
Bourre	sf		废棉，废毛	se mié		絲綿		83		true	自旧档汇入	2026-04-13T01:27:08+08:00
Bourre	sf		废棉，废毛	nga mao		芽毛		83		true	自旧档汇入	2026-04-13T01:27:08+08:00
Bourreau	sm	(quiexécute)	刽子手	koei’ ’tse ’seû		劊子手		83		true	自旧档汇入	2026-04-13T01:27:08+08:00
Bourreau	sm	(quiexécute)	刽子手	tao ’fou ’seû		刀斧手		83		true	自旧档汇入	2026-04-13T01:27:08+08:00
Bourreau	sm	—qui torture	拷打的人	yeng yôh		刑役		83		true	自旧档汇入	2026-04-13T01:27:08+08:00
Bourrée	sf	(fagot)	填充的柴捆	ih ’k‘oen za		一捆柴		83		true	自旧档汇入	2026-04-13T01:27:08+08:00
Bourrelier	sm		马具及皮件工	bi ziang’		皮匠		83		true	自旧档汇入	2026-04-13T01:27:08+08:00
Bourré	adj	de nourriture	被食物填满	k‘ieh lai t‘eh ’pao		吃來忒飽		83		true	自旧档汇入	2026-04-13T01:27:08+08:00
Bourrer	va		填，装满	tsaong		裝		83		true	自旧档汇入	2026-04-13T01:27:08+08:00
Bourrer	va		填，装满	tsaong ’mé		裝滿		83		true	自旧档汇入	2026-04-13T01:27:08+08:00
Bourrique	sf	Ânesse	母驴	’ts‘ao li		騲驢		83	待定	true	自旧档汇入	2026-04-13T01:27:08+08:00
Bourrique	Fig	Ignare	极无知的	’ts‘ao pao		草包		83		true	自旧档汇入	2026-04-13T01:27:08+08:00
Bourrique	Fig	Ignare	极无知的	ih ’tié véh ’hiao teh sa’ ke’ 		一點勿曉得啥个		83		true	自旧档汇入	2026-04-13T01:27:08+08:00
Bourru	adj		粗糙的，不匀的	tsieu k‘i’ ’mé sen		啾氣滿身		83	待定	true	自旧档汇入	2026-04-13T01:27:08+08:00
Bourse	sf	pour sapèques	装铜钱用的钱包	zié dai’		錢袋		83		true	自旧档汇入	2026-04-13T01:27:08+08:00
Bourse	sf	pour sapèques	装铜钱用的钱包	zié pao		錢包		83		true	自旧档汇入	2026-04-13T01:27:08+08:00
Bourse	sf	—pour le corporal(C.)	下士用的袋子	seng’ naong		聖囊		83		true	自旧档汇入	2026-04-13T01:27:08+08:00
Boursouflé	pp		浮肿的，肿起的	sang lai p‘oh song		生來朴鬆	生來[革頁]鬆	83		true	自旧档汇入	2026-04-13T01:27:08+08:00
Boursouflé	pp		浮肿的，肿起的	sang lai p‘oh song ziang Wou Da’-’h‘ai		生來朴鬆像胡大海	生來[革頁]鬆像胡大海	83		true	自旧档汇入	2026-04-13T01:27:08+08:00
Boursouflé	Fig	Discours-	讲话肿胀	dou ’kaong tsang	dou’ ’kaong tsang	大講章		83		true	自旧档汇入	2026-04-13T01:27:08+08:00
Boursouflé	Fig	Discours-	讲话肿胀	dou’ t‘è seh		大攤説		83		true	自旧档汇入	2026-04-13T01:27:08+08:00
Boursouflé	Fig	Discours-	讲话肿胀	seh dou’ wo’		説大話		83		true	自旧档汇入	2026-04-13T01:27:08+08:00
Bousculer	va		推，弄乱	t‘ei lai t‘ei k‘i’		推來推去		83		true	自旧档汇入	2026-04-13T01:27:08+08:00
Bousculer	va		推，弄乱	t‘ei lai gnao k‘i’ 		推來[扌烏]去	？	83	待定 [扌鳥]	true	自旧档汇入	2026-04-13T01:27:08+08:00
Bouse	sf	de vache	牛屎	ih tei gneû ou’		一堆牛屎		83		true	自旧档汇入	2026-04-13T01:27:08+08:00
Bousier	sm		食粪虫	kaong ou’ zong		扛屎虫	扛？虫	83		true	自旧档汇入	2026-04-13T01:27:08+08:00
Bousillage	sm	(Mur en)	用草筋泥浆做的墙	’t‘ou ziang		土墻		83		true	自旧档汇入	2026-04-13T01:27:08+08:00
Bousillage	sm	(Mur en)	用草筋泥浆做的墙	gni ziang		泥墻		83		true	自旧档汇入	2026-04-13T01:27:08+08:00
Bousiller	vn		涂草筋泥浆	’fen ’ts‘ao gni		粉草泥		83		true	自旧档汇入	2026-04-13T01:27:08+08:00
Boussole	sf	—marine	指南针	’tse né tsen		指南針		83		true	自旧档汇入	2026-04-13T01:27:08+08:00
Boussole	sf	—marine	指南针	’tse né bé		指南盤		83		true	自旧档汇入	2026-04-13T01:27:08+08:00
Bout	sm	Extrémité	顶端，末端	deû		頭		83		true	自旧档汇入	2026-04-13T01:27:08+08:00
Bout	sm	Extrémité	顶端，末端	sao		梢		83		true	自旧档汇入	2026-04-13T01:27:08+08:00
Bout	sm	Extrémité	顶端，末端	méh kiah		末脚		83		true	自旧档汇入	2026-04-13T01:27:08+08:00
Bout	sm	ce bout-ci	到此为止	di’ deû		第頭		84		true	自旧档汇入	2026-04-13T01:27:08+08:00
Bout	sm	ce bout-ci	到此为止	kou’ deû		箇頭		84		true	自旧档汇入	2026-04-13T01:27:08+08:00
Bout	sm	ce bout-là	到此为止	siang lié		相連		84		true	自旧档汇入	2026-04-13T01:27:08+08:00
Bout	sm	ce bout-là	到此为止	tsih zah		接着		84		true	自旧档汇入	2026-04-13T01:27:08+08:00
Bout	sm	D’un - à l’autre	从一端到另一端	zong deû tao’ sao		從頭到梢		84		true	自旧档汇入	2026-04-13T01:27:08+08:00
Bout	sm	D’un - à l’autre	从一端到另一端	zong ’k‘i deû tao’ méh kiah		從起頭到末脚		84		true	自旧档汇入	2026-04-13T01:27:08+08:00
Bout	sm	D'un - de l’année à l’autre	从年末到另一年	ih gné tao’ deû		一年到頭		84		true	自旧档汇入	2026-04-13T01:27:08+08:00
Bout	sm	Bord.	边缘，边界，尖端	pié		邊		84		true	自旧档汇入	2026-04-13T01:27:08+08:00
Bout	sm	Limite. 	边缘，边界，尖端	ka’		界		84		true	自旧档汇入	2026-04-13T01:27:08+08:00
Bout	sm	Pointe.	边缘，边界，尖端	tsié ’gné deû		尖拈頭		84	待定	true	自旧档汇入	2026-04-13T01:27:08+08:00
Bout	sm	Terme: -du mois	期限：月底	gneuh ’ti		月底		84		true	自旧档汇入	2026-04-13T01:27:08+08:00
Bout	sm	–de l’année	年底	gné ’ti		年底		84		true	自旧档汇入	2026-04-13T01:27:08+08:00
Bout	sm	Messe du‘‘.	年底弥撒	tseû gné mi-sèh		周年彌撒		84		true	自旧档汇入	2026-04-13T01:27:08+08:00
Bout	sm	morceau: un - de bougie	一根蜡烛	ih deu’ lèh tsôh		一段蠟燭		84		true	自旧档汇入	2026-04-13T01:27:08+08:00
Bout	sm	un - de fil	一根线	ih ’deu sié’	ih deu’ sié’	一段綫		84		true	自旧档汇入	2026-04-13T01:27:08+08:00
Bout	sm.Fig	Ne pouvoir joindre les 2-s	入不敷出	véh keû’ ’ze k‘ai siao		勿彀是開消	勿彀是開銷	84		true	自旧档汇入	2026-04-13T01:27:08+08:00
Bout	sm.Fig	Ne pouvoir joindre les 3-s	入不敷出	sin zen (ts‘ing waong) péh tsih		新陳（青黄）不接		84		true	自旧档汇入	2026-04-13T01:27:08+08:00
Bout	sm	être à - de patience	耐心的极限	nai’ véh zu’		耐勿住		84		true	自旧档汇入	2026-04-13T01:27:08+08:00
Bout	sm	être à - de forces	力气的极限	lih zin’		力盡		84		true	自旧档汇入	2026-04-13T01:27:08+08:00
Bout	sm	être à - de forces	力气的极限	t‘éh lih		脱力		84		true	自旧档汇入	2026-04-13T01:27:08+08:00
Bout	sm	Il faut être à bout de ressources pr v.g. mendier	人都是不得已才去 比如讨饭吃	gnen zi ze’ véh teh véh zé ’lao t‘ao’ vè’ k‘ieh	gnen zi ze’ véh teh véh zé ’lao ’t‘ao vè’ k‘ieh	人齊是勿得勿然咾討飯吃		84		true	自旧档汇入	2026-04-13T01:27:08+08:00
Bout	sm	Pousser à -	推到尽头	’za gnen koang ’h‘ou 		惹人黆火	惹人？火	84		true	自旧档汇入	2026-04-13T01:27:08+08:00
Bout	sm	Ne pouvoir venir à - de son travail	无法完成他的工作	maong lai sang wéh tsou’ véh wé ke’		忙來生活做勿完个		84		true	自旧档汇入	2026-04-13T01:27:08+08:00
Bout	sm	savoir sur le - du doigt	了如指掌	zôh lè	zôh lè’	熟爛		84		true	自旧档汇入	2026-04-13T01:27:08+08:00
Bout	sm	au - du compte	最终	’la sao deû		拉梢上		84	待定	true	自旧档汇入	2026-04-13T01:27:08+08:00
Bout	sm	au - du compte	最终	’la méh kiah		拉末脚		84		true	自旧档汇入	2026-04-13T01:27:08+08:00
Boutade	sf	(Par)	玩笑	tsih tsih wéh		節節活		84		true	自旧档汇入	2026-04-13T01:27:08+08:00
Boutade	sf	(Par)	玩笑	tsé ts‘éh pié	tsé ts‘éh pié’	猝出變		84	待定	true	自旧档汇入	2026-04-13T01:27:08+08:00
Boute-en-train	sm		善于活跃气氛的人	k‘a’ wéh gnen		快活人		84		true	自旧档汇入	2026-04-13T01:27:08+08:00
Boute-en-train	sm		善于活跃气氛的人	hieng’ hong	hieng’ h‘ong	興鬨	興？	84		true	自旧档汇入	2026-04-13T01:27:08+08:00
Boute-feu	sm	(mèche)	火绳	’h‘ou zen		火繩		84	待定	true	自旧档汇入	2026-04-13T01:27:08+08:00
Bouteille	sf		瓶子	bing		瓶		84		true	自旧档汇入	2026-04-13T01:27:08+08:00
Bouteille	sf	une - de vin	一瓶酒	ih bing ’tsieû		一瓶酒		84		true	自旧档汇入	2026-04-13T01:27:08+08:00
Bouteille	sf	une - pour le vin	一个装酒的瓶子	ih ke‘ ’tsieû bing	ih ke’ ’tsieû bing	一个酒瓶		84	印刷錯誤	true	自旧档汇入	2026-04-13T01:27:08+08:00
Boutique	sf	de marchand	商店	tié’		店		84		true	自旧档汇入	2026-04-13T01:27:08+08:00
Boutique	sf	de marchand	商店	haong		行		84		true	自旧档汇入	2026-04-13T01:27:08+08:00
Boutique	sf	de marchand	商店	tsaong		庄		84	保留簡體	true	自旧档汇入	2026-04-13T01:27:08+08:00
Boutique	sf	de marchand	商店	t‘è deû		攤頭		84		true	自旧档汇入	2026-04-13T01:27:08+08:00
Boutique	sf	– d’artisan	手工铺	tsoh zang		作場		84		true	自旧档汇入	2026-04-13T01:27:08+08:00
Boutique	sf	vendre un fonds de -	卖出店铺地产	tié’ bé péh biéh gnen k‘ai		店盤撥别人開		84		true	自旧档汇入	2026-04-13T01:27:08+08:00
Boutique	sf	acheter un fonds de -	买入店铺地产	bé biéh gnen ke’ tié’ lai k‘ai		盤别人个店來開		84		true	自旧档汇入	2026-04-13T01:27:08+08:00
Boutique	sf	ouvrir-	开店	k‘ai tié’		開店		84		true	自旧档汇入	2026-04-13T01:27:08+08:00
Boutique	sf	fermer-	关店	’tao tié’ (hao’)		倒店（號）		84		true	自旧档汇入	2026-04-13T01:27:08+08:00
Boutique	sf	fermer-	关店	koè tié’		關店		84		true	自旧档汇入	2026-04-13T01:27:08+08:00
Boutique	sf	ouvrir la - [le matin]	（早上）开店	k‘ai men		開門		84		true	自旧档汇入	2026-04-13T01:27:08+08:00
Boutique	sf	fermer la- [le soir]	（晚上）关店	koè men		關門		84		true	自旧档汇入	2026-04-13T01:27:08+08:00
Boutiquler	sm		店主	hang ka	haong ka	行家		84		true	自旧档汇入	2026-04-13T01:27:08+08:00
Boutiquler	sm		店主	tié’ ka		店家		84		true	自旧档汇入	2026-04-13T01:27:08+08:00
Boutiquler	sm		店主	lao ’pè	’lao ’pè	老板		84		true	自旧档汇入	2026-04-13T01:27:08+08:00
Boutoir	sm		刮刀	ts‘ié tao [ih pouo]	ts‘ié tao [ih ’pouo]	㔐刀［一把］	？刀	84	字形	true	自旧档汇入	2026-04-13T01:27:08+08:00
Boutoir	sm	groin du sanglier	猪的嘴	’ya tse lou ’tse fong		野猪爐嘴峰		85	待定	true	自旧档汇入	2026-04-13T01:27:08+08:00
Bouton	sm	Bourgeon	芽	zu’ nga’	zu’ nga	樹芽		85		true	自旧档汇入	2026-04-13T01:27:08+08:00
Bouton	sm	–de fleur	花芽	h‘ouo ’gnu deû		花蕊頭		85		true	自旧档汇入	2026-04-13T01:27:08+08:00
Bouton	sm	–sur la peau	皮肤上的疙瘩	béh len deû		孛[疒侖]頭	？	85		true	自旧档汇入	2026-04-13T01:27:08+08:00
Bouton	sm	–d’habit	扣子	’gneû ’tse		鈕子		85		true	自旧档汇入	2026-04-13T01:27:08+08:00
Bouton	sm	–d’habit au chapeau	帽子上的扣子	’ting ’tse		頂子		85		true	自旧档汇入	2026-04-13T01:27:08+08:00
Bouton	sm	droit au -	权利之顶	kong ming		功名		85		true	自旧档汇入	2026-04-13T01:27:08+08:00
Bouton	sm	acheter le droit au-	买功名	kieu ’ting ’tse		捐頂子		85		true	自旧档汇入	2026-04-13T01:27:08+08:00
Boutonner	va	un habit	扣扣子	i zaong ’gneû ’gneû ’h‘ao		衣裳鈕鈕好		85		true	自旧档汇入	2026-04-13T01:27:08+08:00
Boutonnière	sf		扣眼	’gneû p‘è		鈕攀		85	待定	true	自旧档汇入	2026-04-13T01:27:08+08:00
Bouture	sf	(Faire une)	插枝	ts‘é zu’		穿樹		85		true	自旧档汇入	2026-04-13T01:27:08+08:00
Bouture	sf	(Faire une)	插枝	tsih zu’		接樹		85		true	自旧档汇入	2026-04-13T01:27:08+08:00
Bouverie	sf		牛棚	gneû bang		牛棚		85		true	自旧档汇入	2026-04-13T01:27:08+08:00
Bouvier	sm		放牛人	k‘eu gneû ke’		看牛个		85		true	自旧档汇入	2026-04-13T01:27:08+08:00
Bouvet	sm		槽刨	yang sié’ bao’		陽綫刨		85		true	自旧档汇入	2026-04-13T01:27:08+08:00
Boxe	sf		拳击，拳术	ghieu fèh		拳法		85		true	自旧档汇入	2026-04-13T01:27:08+08:00
Boxer	vn		用拳头打人	tang ghieu	’tang ghieu	打拳		85		true	自旧档汇入	2026-04-13T01:27:08+08:00
Boxer	vn		用拳头打人	’kié ’seû ’wou kiah		搴手舞脚		85	待定	true	自旧档汇入	2026-04-13T01:27:08+08:00
Boyau	sm		肠	dou’ zang		肚腸		85		true	自旧档汇入	2026-04-13T01:27:08+08:00
Bracelet	sm		手鐲	zôh deû		鐲頭		85		true	自旧档汇入	2026-04-13T01:27:08+08:00
Bracelet	sm		手鐲	’seû zôh		手鐲		85		true	自旧档汇入	2026-04-13T01:27:08+08:00
Brailler	vn		大声叫嚷	leu’ kiao’		亂叫		85		true	自旧档汇入	2026-04-13T01:27:08+08:00
Brailler	vn		大声叫嚷	leu’ h‘è’		亂喊		85		true	自旧档汇入	2026-04-13T01:27:08+08:00
Brailler	vn		大声叫嚷	hèh nao’	h‘èh nao’	瞎鬧		85		true	自旧档汇入	2026-04-13T01:27:08+08:00
Brailler	vn		大声叫嚷	’hiang h‘è	’hiang h‘è’	响喊		85	保留簡體	true	自旧档汇入	2026-04-13T01:27:08+08:00
Braire	vn		驴叫	li ’tse kiao’		驢子叫		85		true	自旧档汇入	2026-04-13T01:27:08+08:00
Braise	sf		（燃烧中的）火炭	’h‘ou t‘è	’h‘ou t‘è’	火炭		85	两个“炭”不一样，怀疑有误	true	自旧档汇入	2026-04-13T01:27:08+08:00
Braise	sf		（燃烧中的）火炭	hong t‘è’		红炭		85		true	自旧档汇入	2026-04-13T01:27:08+08:00
Bramer	vn		鹿叫	lôh kiao’		鹿叫		85		true	自旧档汇入	2026-04-13T01:27:08+08:00
Brancard	sm	de voiture	车辕	t‘ei ts‘ouo kaong		推車杠		85		true	自旧档汇入	2026-04-13T01:27:08+08:00
Brancard	sm	–de palanquin	轿子的车辕	ghiao’ kaong		轎杠		85		true	自旧档汇入	2026-04-13T01:27:08+08:00
Branche	sf	d’un arbre	树枝	zu’ o tse		樹椏枝		85		true	自旧档汇入	2026-04-13T01:27:08+08:00
Branche	sf	–d’une ririère	河的分支	ts‘ouo ts‘éh lai ke’ siao ’kaong	ts‘ouo ts‘éh lai ke’ ’siao ’kaong	叉出來个小港		85		true	自旧档汇入	2026-04-13T01:27:08+08:00
Branche	sf	–d’une famille	家庭的分支	tse p‘a’		支派		85	原作“支泒”	true	自旧档汇入	2026-04-13T01:27:08+08:00
Branche	sf	–aînée	年纪最大的分支	dou’ waong		大房		85		true	自旧档汇入	2026-04-13T01:27:08+08:00
Branche	sf	–cadette	年纪第二大的分支	gni’ waong		二房		85		true	自旧档汇入	2026-04-13T01:27:08+08:00
Brancher	vn	[oiseau]	鸟停在树枝上	’tiao (ding) tsi ’la zu’ o tse laong’	’tiao (ding) ts‘i ’la zu’ o tse laong’	窵（停）棲拉樹椏枝上	鳥（停）棲拉樹椏枝上	85	待定	true	自旧档汇入	2026-04-13T01:27:08+08:00
Branchies	sf.pl.		腮	n kèh sai		魚脥腮		85	待定	true	自旧档汇入	2026-04-13T01:27:08+08:00
Brandir	va	un sabre	举起刀	ghieng’ k‘i tao lai	ghieng ’k‘i tao lai	擎起刀來		85	待定	true	自旧档汇入	2026-04-13T01:27:08+08:00
Brandir	va	un sabre	举起刀	ghié k‘i tao lai	ghié ’k‘i tao lai	揵起刀來	掮起刀來	85	待定	true	自旧档汇入	2026-04-13T01:27:08+08:00
Brandon	sm	Torche	燃烧物	mih dè ’h‘ou		篾燂火	？？火	85	待定	true	自旧档汇入	2026-04-13T01:27:08+08:00
Branlant	adj		摇晃的，不稳的	véh ’wen taong’		勿穩當		85		true	自旧档汇入	2026-04-13T01:27:08+08:00
Branler	va	–la tête	摇动，摇晃	dong’ yao		動摇		85		true	自旧档汇入	2026-04-13T01:27:08+08:00
Branler	va	–la tête	摇动，摇晃	yao lai yao k‘i’		摇來摇去		85		true	自旧档汇入	2026-04-13T01:27:08+08:00
Branler	va	–la tête	摇动，摇晃	yao deû		摇頭		85		true	自旧档汇入	2026-04-13T01:27:08+08:00
Branler	vn		摇动，摇晃	yao dong’		摇動		85		true	自旧档汇入	2026-04-13T01:27:08+08:00
Braque	adj		古里古怪的，疯疯癫癫的	’h‘ou deû ’h‘ou nao ke	’h‘ou deû ’h‘ou ’nao ke’	火頭火腦个		85		true	自旧档汇入	2026-04-13T01:27:08+08:00
Braque	adj		古里古怪的，疯疯癫癫的	wou ’li wou dou ke’		糊裏糊塗个		85		true	自旧档汇入	2026-04-13T01:27:08+08:00
Braquer	va		瞄准，对准	maong’ tsong’		望中		85		true	自旧档汇入	2026-04-13T01:27:08+08:00
Braquer	va		瞄准，对准	maong’		望		85		true	自旧档汇入	2026-04-13T01:27:08+08:00
Braquer	va		瞄准，对准	maong’ ’tsen		望準		86	字形	true	自旧档汇入	2026-04-13T01:27:08+08:00
Braquer	va		瞄准，对准	tsao’ ’tsen		照準		86		true	自旧档汇入	2026-04-13T01:27:08+08:00
Bras	sm		胳膊	’seû		手		86		true	自旧档汇入	2026-04-13T01:27:08+08:00
Bras	sm		胳膊	pi’ pôh [ih tsah]		臂膊［一隻］		86		true	自旧档汇入	2026-04-13T01:27:08+08:00
Bras	sm	Tenir dans les-	抱在怀里	bao’		抱		86		true	自旧档汇入	2026-04-13T01:27:08+08:00
Bras	sm	sous le–	夹在腋下	kèh ’la kéh loh li’		夾拉胳落裏		86	原作“挾拉胳落裏”	true	自旧档汇入	2026-04-13T01:27:08+08:00
Bras	sm	prendre à - le corps	拥抱	k‘éh zu’ i		搿住伊	？住他	86	待定	true	自旧档汇入	2026-04-13T01:27:08+08:00
Bras	sm	frapper à - raccourci	用短臂打击	zin’ lih ’tang		盡力打		86		true	自旧档汇入	2026-04-13T01:27:08+08:00
Bras	sm	frapper à - raccourci	用短臂打击	zah zah zéh zéh ’tang		着着實實打		86		true	自旧档汇入	2026-04-13T01:27:08+08:00
Bras	sm	–de mer	海峡，海湾	ih diao ’h‘ai		一條海		86		true	自旧档汇入	2026-04-13T01:27:08+08:00
Bras	sm	–de rivière	河臂	ih diao ts‘ouo wou		一條叉河		86	待定	true	自旧档汇入	2026-04-13T01:27:08+08:00
Braser	va		钎焊	heu’ ih heu’		焊一焊		86		true	自旧档汇入	2026-04-13T01:27:08+08:00
Brasero	sm		取暖用的火盆	’h‘ou ben		火盆		86		true	自旧档汇入	2026-04-13T01:27:08+08:00
Brasero	sm		取暖用的火盆	h‘ou lou	’h‘ou lou	火爐		86		true	自旧档汇入	2026-04-13T01:27:08+08:00
Brasier	sm		炭火	hong t‘è’		紅炭		86		true	自旧档汇入	2026-04-13T01:27:08+08:00
Brasier	sm		炭火	’h‘ou t‘è’		火炭		86		true	自旧档汇入	2026-04-13T01:27:08+08:00
Brasse	sf	Mesurer à la-	英寻（测量单位）	t‘oh		拓		86		true	自旧档汇入	2026-04-13T01:27:08+08:00
Brasse	sf	Mesurer à la-	英寻（测量单位）	t‘oh ih t‘oh		拓一拓		86		true	自旧档汇入	2026-04-13T01:27:08+08:00
Brassée	sf	(une) de paille	一抱稻草	ih bao’ ’ts‘ao		一抱草		86	待定	true	自旧档汇入	2026-04-13T01:27:08+08:00
Brasser	va			’kao ih ’kao		攪一攪		86		true	自旧档汇入	2026-04-13T01:27:08+08:00
Brasser	va	– la bière	做啤酒	tsou’ da’ mah ’se		做大麥水		86		true	自旧档汇入	2026-04-13T01:27:08+08:00
Brasser	va	– le vin	做酒	tsou’ ’tsieû		做酒		86		true	自旧档汇入	2026-04-13T01:27:08+08:00
Brasserie	sf		啤酒厂	zao faong		槽坊		86	原作“糟坊”	true	自旧档汇入	2026-04-13T01:27:08+08:00
Bravache	sm		虚张声势的人	koang koen’		光棍		86	待定	true	自旧档汇入	2026-04-13T01:27:08+08:00
Brave	adj	Vaillant	勇敢的，英勇的	’yong ’ké ke’		勇敢个		86		true	自旧档汇入	2026-04-13T01:27:08+08:00
Brave	adj	Vaillant	勇敢的，英勇的	yeng yong ’h‘ao h‘eu’		英雄好漢		86		true	自旧档汇入	2026-04-13T01:27:08+08:00
Brave	adj	un - (homme)	勇敢的人	’h‘ao gnen		好人		86		true	自旧档汇入	2026-04-13T01:27:08+08:00
Brave	adj	un - (homme)	勇敢的人	’h‘ao ’tsu k‘ah		好主客		86		true	自旧档汇入	2026-04-13T01:27:08+08:00
Brave	adj	un - (homme)	勇敢的人	’h‘ao ’wou deû		好户頭		86	待定 户聲調	true	自旧档汇入	2026-04-13T01:27:08+08:00
Brave	adj	Avec mép. Toi‘ mon-	你这个人	nong’ di’ ke’ gnen		儂第个人		86		true	自旧档汇入	2026-04-13T01:27:08+08:00
Braver	va	Mépriser	不顾，蔑视	véh p‘ouo’		勿怕		86		true	自旧档汇入	2026-04-13T01:27:08+08:00
Braver	va	Mépriser	不顾，蔑视	wou mè’	’wou mè’	侮慢		86		true	自旧档汇入	2026-04-13T01:27:08+08:00
Braver	va	–le péril	不顾危险	mao’ ’hié		冒險		86		true	自旧档汇入	2026-04-13T01:27:08+08:00
Braver	va	–la mort	不怕死	vèh p‘ouo’ ’si	véh p‘ouo’ ’si	勿怕死		86		true	自旧档汇入	2026-04-13T01:27:08+08:00
Bravo	interj		好啊！	kong ’hi		恭喜		86		true	自旧档汇入	2026-04-13T01:27:08+08:00
Bravoure	sf		勇敢	’yong ’waong zeh zié		勇往直前		86		true	自旧档汇入	2026-04-13T01:27:08+08:00
Bravoure	sf		勇敢	kaong ghiang péh k‘ieuh		剛强不屈		86		true	自旧档汇入	2026-04-13T01:27:08+08:00
Bravoure	sf		勇敢	dou’ ’tè liang’		大胆量		86	保留簡體	true	自旧档汇入	2026-04-13T01:27:08+08:00
Brebis	sf		母羊，雌羊	ts‘e mié yang		雌綿羊		86		true	自旧档汇入	2026-04-13T01:27:08+08:00
Brebis	sf		母羊，雌羊	’lao m yang’	’lao m yang	老㜷羊		86		true	自旧档汇入	2026-04-13T01:27:08+08:00
Brèche	sf		缺口	t‘è fi’		坍廢		86		true	自旧档汇入	2026-04-13T01:27:08+08:00
Brèche	sf		缺口	t‘è ziang		坍墻		86		true	自旧档汇入	2026-04-13T01:27:08+08:00
Brèche	sf		缺口	t‘è pouo’		坍壩		86		true	自旧档汇入	2026-04-13T01:27:08+08:00
Brèche	sf	à un instrument tranchant	锋利物品上的缺口	k‘ieuh ’k‘eû		缺口		86		true	自旧档汇入	2026-04-13T01:27:08+08:00
Brèche	sf	à un instrument tranchant	锋利物品上的缺口	gnè ’k‘eû		齾口		86	待定	true	自旧档汇入	2026-04-13T01:27:08+08:00
Brèche	sf	à un instrument tranchant	锋利物品上的缺口	gnè ’ts‘e pouo		齾齒巴		86		true	自旧档汇入	2026-04-13T01:27:08+08:00
Bredouille	adj	(Il est revenu)	他一无所获地回来	i ze’ k‘ong ’seû wei lai ke’		伊是空手回來个		86		true	自旧档汇入	2026-04-13T01:27:08+08:00
Bredouiller	vn		嘟囔	seng yen véh ts‘ing ’saong		聲音勿清爽		86		true	自旧档汇入	2026-04-13T01:27:08+08:00
Bredouiller	vn		嘟囔	tiao ’tse ’pèn k‘ié’		刁嘴板欠		86	待定	true	自旧档汇入	2026-04-13T01:27:08+08:00
Bref	sm	du Pape	教皇敕书	kiao’ waong ke’ tsao’ su		教皇个詔書		86		true	自旧档汇入	2026-04-13T01:27:08+08:00
Bref	adj		短促的	’teu ke’		短个		86		true	自旧档汇入	2026-04-13T01:27:08+08:00
Bref	adv	en un mot	总而言之	’tsong wo’		總話		86		true	自旧档汇入	2026-04-13T01:27:08+08:00
Bref	adv	en un mot	总而言之	’tsong eul yé tse		總而言之		86		true	自旧档汇入	2026-04-13T01:27:08+08:00
Brême	sf		鲫鱼	tsih n		鯽魚		86		true	自旧档汇入	2026-04-13T01:27:08+08:00
Brésil	sm		巴西	pouo-si kôh		巴西國		87		true	自旧档汇入	2026-04-13T01:27:08+08:00
Breuvage	sm	–d’immortalité	饮料	’yen wéh		飲物		87		true	自旧档汇入	2026-04-13T01:27:08+08:00
Breuvage	sm	–d’immortalité	饮料	sié tè yah		仙丹藥		87		true	自旧档汇入	2026-04-13T01:27:08+08:00
Bréviaire	sm	(C.)	日课经	dou’ gnéh k‘ou’ [ih pen]		大日課［一本］		87		true	自旧档汇入	2026-04-13T01:27:08+08:00
Bribes	sf.pl.	Restes d’un repas	吃剩的饭菜	yu (zeng’) ’hao lai ke’ vè’		餘（剩）下來个飯		87		true	自旧档汇入	2026-04-13T01:27:08+08:00
Bribes	sf.pl.	Restes d’un repas	吃剩的饭菜	zeng’ ’hao lai ke’ ’ke ’fou zeh		剩下來个伙食		87		true	自旧档汇入	2026-04-13T01:27:08+08:00
Bric-à-brac	sm		杂乱的一堆东西	ling sé’ méh ze’		零碎物事		87		true	自旧档汇入	2026-04-13T01:27:08+08:00
Bric-à-brac	sm	étalage de-	旧货店	’kou ’tong tié’		古董店		87		true	自旧档汇入	2026-04-13T01:27:08+08:00
Bric-à-brac	sm	étalage de-	旧货店	ghieû’ fou’ t‘è deû		舊貨攤頭		87		true	自旧档汇入	2026-04-13T01:27:08+08:00
Brick	sm		双桅横帆船	’liang tse wei ke’ zé		兩枝桅个船		87		true	自旧档汇入	2026-04-13T01:27:08+08:00
Bricole	sf	des brouettiers	负物肩带	ts‘ouo ta’		車帶		87		true	自旧档汇入	2026-04-13T01:27:08+08:00
Bricole	sf	des brouettiers	负物肩带	kié ta’		肩帶		87		true	自旧档汇入	2026-04-13T01:27:08+08:00
Bride	sf		马笼头	long kou deû		籠箍頭		87		true	自旧档汇入	2026-04-13T01:27:08+08:00
Bride	sf			p‘ei deû	p‘ei’ deû	轡頭		87		true	自旧档汇入	2026-04-13T01:27:08+08:00
Bride	sf			kiang zeng		繮繩		87		true	自旧档汇入	2026-04-13T01:27:08+08:00
Bride	sf	à - abattue	疾驰，飞快地	faong t‘ang tseû	faong’ t‘ang ’tseû	放躺走	？？走	87	待定	true	自旧档汇入	2026-04-13T01:27:08+08:00
Bride	sf	lâcher la - à un cheval	放松马笼头	faong’ song kiang zeng		放鬆繮繩		87		true	自旧档汇入	2026-04-13T01:27:08+08:00
Bride	sf. Fig.	 ‘‘ ‘‘ à ses passion	放纵	faong’ se’		放肆		87		true	自旧档汇入	2026-04-13T01:27:08+08:00
Bride	sf			faong’ tsong ze’ ka se yôh p‘ié zing	faong’ tsong’ ze’ ka se yôh p‘ié zing	放縱自家私欲偏情		87		true	自旧档汇入	2026-04-13T01:27:08+08:00
Bride	sf	–de chapeau	帽子上的带子	mao’ p‘è(ta’)		帽攀（帶）		87	待定 	true	自旧档汇入	2026-04-13T01:27:08+08:00
Brider	va	un cheval	给马套笼头	zaong’ long deû		上籠頭		87	原作“上䪊頭”	true	自旧档汇入	2026-04-13T01:27:08+08:00
Brider	va	Fig. -. Maîtriser	压制，抑制	yah sôh		約束		87		true	自旧档汇入	2026-04-13T01:27:08+08:00
Brider	va	Fig. -. Maîtriser	压制，抑制	èh woh		壓服		87		true	自旧档汇入	2026-04-13T01:27:08+08:00
Brièvement	adv.	(parler)	简洁地	wo’ lai ’kié ’kié koèh koèh zeh zeh ’saong ’saong		話來簡簡括括直直爽爽		87		true	自旧档汇入	2026-04-13T01:27:08+08:00
Brigade	sf		旅，班，队	tsen piao	tsen’ piao	鎮標		87		true	自旧档汇入	2026-04-13T01:27:08+08:00
Brigand	sm		强盗，盗匪	ghiang dao’		强盗		87		true	自旧档汇入	2026-04-13T01:27:08+08:00
Brigand	sm		强盗，盗匪	’ts‘iang ’vè		搶犯		87		true	自旧档汇入	2026-04-13T01:27:08+08:00
Brigandage	sm		抢劫	’ts‘iang k‘iéh	’ts‘iang kiéh	搶劫		87		true	自旧档汇入	2026-04-13T01:27:08+08:00
Brigandage	sm		抢劫	’tang k‘iéh	’tang kiéh	打劫		87		true	自旧档汇入	2026-04-13T01:27:08+08:00
Briguer	va		谋求	se bi’		私弊		87		true	自旧档汇入	2026-04-13T01:27:08+08:00
Brillant	adj		发光的，明亮的，出色的	liang’		亮		87		true	自旧档汇入	2026-04-13T01:27:08+08:00
Brillant	adj		发光的，明亮的，出色的	’yeû koang ’ts‘ai		有光彩		87		true	自旧档汇入	2026-04-13T01:27:08+08:00
Brillant	adj		发光的，明亮的，出色的	yaong’ liang’		旺亮		87		true	自旧档汇入	2026-04-13T01:27:08+08:00
Brillant	adj		发光的，明亮的，出色的	sah liang’		鑠亮	？亮	87		true	自旧档汇入	2026-04-13T01:27:08+08:00
Brillant	adj		发光的，明亮的，出色的	zang’ liang’		丈亮	？亮	87	待定 	true	自旧档汇入	2026-04-13T01:27:08+08:00
Brillant	adj		发光的，明亮的，出色的	’t‘i mié’		體面		87		true	自旧档汇入	2026-04-13T01:27:08+08:00
Brillant	adj		发光的，明亮的，出色的	ba zang		排場		87		true	自旧档汇入	2026-04-13T01:27:08+08:00
Briller	vn		发光，发亮	fèh koang 		發光		87		true	自旧档汇入	2026-04-13T01:27:08+08:00
Briller	vn		发光，发亮	fèh liang’		發亮		87		true	自旧档汇入	2026-04-13T01:27:08+08:00
Briller	vn		发光，发亮	tsao’ yao’		照耀		87		true	自旧档汇入	2026-04-13T01:27:08+08:00
Briller	vn.Fig.	 – . Se distinguer	使自己与众不同	ts‘éh ’tsong	ts‘éh tsong’	出眾		87		true	自旧档汇入	2026-04-13T01:27:08+08:00
Briller	vn.Fig.	 – . Se distinguer	使自己与众不同	ts‘ao ghiun		超群		87		true	自旧档汇入	2026-04-13T01:27:08+08:00
Briller	vn.Fig.	 – . Se distinguer	使自己与众不同	yong yao’		榮耀		87		true	自旧档汇入	2026-04-13T01:27:08+08:00
Briller	vn.Fig.	 – . Se distinguer	使自己与众不同	ts‘éh seh		出色		87		true	自旧档汇入	2026-04-13T01:27:08+08:00
Brimberion	sm		小东西，小玩意儿	si’ ’siao méh ze’		細小物事		87		true	自旧档汇入	2026-04-13T01:27:08+08:00
Brin	sm	un - d’herbe	一根草	ih ken ’ts‘ao		一根草		87		true	自旧档汇入	2026-04-13T01:27:08+08:00
Brin	sm	un - de vent	一点风	ih ’tie fong sih		一點風屑		87		true	自旧档汇入	2026-04-13T01:27:08+08:00
Brin	sm	pas un - de patience	没有一点耐心	ih ’tie m teh ’zen nai’ ke’		一點無得忍耐个	一點嘸得忍耐个	87		true	自旧档汇入	2026-04-13T01:27:08+08:00
Brioche	sf		奶油圆蛋糕	ki dè’ kao		鷄蛋糕		87		true	自旧档汇入	2026-04-13T01:27:08+08:00
Brique	sf		砖头	tsé deû		磚頭		87		true	自旧档汇入	2026-04-13T01:27:08+08:00
Brique	sf	cuite. Four à -s	烧砖的地方	tsé deu yao		磚頭窑		87	字形	true	自旧档汇入	2026-04-13T01:27:08+08:00
Brique	sf	– séchée au soleil	太阳晒干的砖	t‘ou tsé	’t‘ou tsé	土磚		88		true	自旧档汇入	2026-04-13T01:27:08+08:00
Brique	sf	– séchée au soleil	太阳晒干的砖	sang p‘ei		生坯		88		true	自旧档汇入	2026-04-13T01:27:08+08:00
Brique	sf	– séchée au soleil	太阳晒干的砖	tsé p‘ei		磚坯		88		true	自旧档汇入	2026-04-13T01:27:08+08:00
Briquet	sm		火刀，火镰	’h‘ou lié		火鐮		88		true	自旧档汇入	2026-04-13T01:27:08+08:00
Briquet	sm		火刀，火镰	’h‘ou tao ka sang		火刀傢生		88		true	自旧档汇入	2026-04-13T01:27:08+08:00
Briquet	sm	Battre le -	火刀，火镰	’tang ’h‘ou		打火		88		true	自旧档汇入	2026-04-13T01:27:08+08:00
Briquetier	sm		制砖工人	sao yao ke’		燒窑个		88		true	自旧档汇入	2026-04-13T01:27:08+08:00
Briquetier	sm		制砖工人	yao ziang’		窑匠		88		true	自旧档汇入	2026-04-13T01:27:08+08:00
Brisant	sm		岩礁	ts‘ié t‘è	’ts‘ié t‘è	淺灘		88		true	自旧档汇入	2026-04-13T01:27:08+08:00
Brise	sf	Très légère	微风	liang fong		凉風		88		true	自旧档汇入	2026-04-13T01:27:08+08:00
Brise	sf	Très légère	微风	fong liang		風凉		88		true	自旧档汇入	2026-04-13T01:27:08+08:00
Brise	sf	Très légère	微风	fong se		風絲		88	字形	true	自旧档汇入	2026-04-13T01:27:08+08:00
Brisées	sf.pl.	Survreles - de qqn	效法某人	k‘eu’ yang’ hoh yang’		看樣學樣		88		true	自旧档汇入	2026-04-13T01:27:08+08:00
Briser	va		打破	’tang sé’		打碎		88		true	自旧档汇入	2026-04-13T01:27:08+08:00
Briser	va		打破	’tang p‘ou’		打破		88		true	自旧档汇入	2026-04-13T01:27:08+08:00
Briser	va		打破	’tang wa’		打壞		88		true	自旧档汇入	2026-04-13T01:27:08+08:00
Briser	va		打破	k‘ai sé’		搕碎	？碎	88	非本字	true	自旧档汇入	2026-04-13T01:27:08+08:00
Briser	va	– le cœur	使心碎	saong sin kou’ dou’		傷心過度		88		true	自旧档汇入	2026-04-13T01:27:08+08:00
Briser	vn	– avec qqn.	和某人断交	ziéh kiao		絶交		88		true	自旧档汇入	2026-04-13T01:27:08+08:00
Briser	vn	– avec qqn.	和某人断交	’deu kiao		斷交		88		true	自旧档汇入	2026-04-13T01:27:08+08:00
Briser	vr	se -	碎裂	sé’		碎		88		true	自旧档汇入	2026-04-13T01:27:08+08:00
Briser	vr	se -	碎裂	wa’		壞		88		true	自旧档汇入	2026-04-13T01:27:08+08:00
Brise-vent	sm		风障	’taong fong		擋風		88		true	自旧档汇入	2026-04-13T01:27:08+08:00
Brocanter	va	et n	买卖旧货	fè’ ma’ ghieû fou’	fè’ ma’ ghieû’ fou’	販賣舊貨		88		true	自旧档汇入	2026-04-13T01:27:08+08:00
Brocart	sm		锦缎	kien sieû’ [ih p‘ieh]	’kien sieû’ [ih p‘ieh]	錦綉［一匹］		88		true	自旧档汇入	2026-04-13T01:27:08+08:00
Broche	sf		扦，签子	t‘ih ts‘ouo [ih ’pouo]		鉄叉［一把］		88	保留簡體	true	自旧档汇入	2026-04-13T01:27:08+08:00
Brocher	va	un livre	装订一本书	ting’ su		釘書		88		true	自旧档汇入	2026-04-13T01:27:08+08:00
Brocher	va.Fig.	 -la besogne	草草制作	tsou’ ze’ ’t‘i yah yah wou		做事體約約乎		88		true	自旧档汇入	2026-04-13T01:27:08+08:00
Brocher	va.Fig.	 -la besogne	草草制作	mao mao ’ts‘ao ’ts‘ao		毛毛草草		88		true	自旧档汇入	2026-04-13T01:27:08+08:00
Brochet	sm		白斑狗鱼，梭鱼	heh n	h‘eh n	黑魚		88		true	自旧档汇入	2026-04-13T01:27:08+08:00
Broder	va	et n	刺绣，绣花	sieû’ h‘ouo		綉花		88		true	自旧档汇入	2026-04-13T01:27:08+08:00
Broder	va	et n	刺绣，绣花	ts‘èh h‘ouo		插花		88		true	自旧档汇入	2026-04-13T01:27:08+08:00
Broncher	vn		失足	k‘ouo (dèh) k‘ong	k‘ouo’ (dèh) k‘ong	跨（踏）空		88		true	自旧档汇入	2026-04-13T01:27:08+08:00
Broncher	vn		失足	tih tih ts‘ong’ ts‘ong’		跌跌㧤㧤	跌跌蹱	88		true	自旧档汇入	2026-04-13T01:27:08+08:00
Broncher	vn	Faillir	犯小错误	ts‘ouo’		錯		88	待定	true	自旧档汇入	2026-04-13T01:27:08+08:00
Broncher	vn	Faillir	犯小错误	’yeû ts‘ouo		有差		88		true	自旧档汇入	2026-04-13T01:27:08+08:00
Bronze	sm		青铜	’tié dong sieh		點銅錫		88		true	自旧档汇入	2026-04-13T01:27:08+08:00
Bronze	sm		青铜	tse dong	’tse dong	紫銅		88		true	自旧档汇入	2026-04-13T01:27:08+08:00
Bronze	sm		青铜	’kou dong seh		古銅色		88		true	自旧档汇入	2026-04-13T01:27:08+08:00
Bronze	sm	cœur de-	铁石心肠	t‘ih zah sin zang		鐵石心腸		88		true	自旧档汇入	2026-04-13T01:27:08+08:00
Bronze	sm	cœur de-	铁石心肠	ngang’ sin		硬心		88		true	自旧档汇入	2026-04-13T01:27:08+08:00
Brosse	sf	une-	一把刷子	ih ’pouo séh ’tseû (’tse)		一把刷帚（子）		88	字形	true	自旧档汇入	2026-04-13T01:27:08+08:00
Brosser	va		刷	séh kai séh		刷該刷		88	待定	true	自旧档汇入	2026-04-13T01:27:08+08:00
Brosser	va		刷	séh		刷		88		true	自旧档汇入	2026-04-13T01:27:08+08:00
Brou	sm	de noix	（青核桃皮制的）褐色木工染料	ts‘ing k‘oh bou dao		青殼胡桃		88	待定	true	自旧档汇入	2026-04-13T01:27:08+08:00
Brouette	sf		两轮车	’siao ts‘ouo ’tse [ih bou]	’siao ts‘ouo ’tse [ih ’bou]	小車子［一部］		88		true	自旧档汇入	2026-04-13T01:27:08+08:00
Brouettier	sm		推车的人	t‘ei ’siao ts‘ouo ’tse ke’		推小車子个		88		true	自旧档汇入	2026-04-13T01:27:08+08:00
Brouhaha	sm	(Il y a du)	嘈杂声，喧嚣声	pang lang pang lang ke’		磅瑯磅瑯个		88	待定	true	自旧档汇入	2026-04-13T01:27:08+08:00
Brouillard	sm			’wou lou’	wou’ lou’	霧露		88	變調	true	自旧档汇入	2026-04-13T01:27:08+08:00
Brouillard	sm	Il fait du -	有雾	’hao ’wou lou’	’hao wou’ lou’	下霧露		88		true	自旧档汇入	2026-04-13T01:27:08+08:00
Brouillard	sm	– de sable	沙雾	loh (waong) souo		落（黄）沙		88		true	自旧档汇入	2026-04-13T01:27:08+08:00
Brouiller	va	(des objets)	弄乱	long’ lai leu’ ’tsé		弄來亂者		88		true	自旧档汇入	2026-04-13T01:27:08+08:00
Brouiller	va	–des œufs	搅和鸡蛋	’ts‘ao dè’		炒蛋		88		true	自旧档汇入	2026-04-13T01:27:08+08:00
Brouiller	va	–des amis	使不和睦	saong wou k‘i’		傷和氣		88		true	自旧档汇入	2026-04-13T01:27:08+08:00
Brouiller	va	–des amis	使不和睦	’deu ziéh ’waong lai		斷絶往來		88		true	自旧档汇入	2026-04-13T01:27:08+08:00
Brouiller	va.vr.	se -. Devenir confus	变得混乱	véh ts‘ing ’saong		勿清爽		89		true	自旧档汇入	2026-04-13T01:27:08+08:00
Brouiller	va.vr.	se -. Devenir confus	变得混乱	long’ lai lôh leu’ t‘ié h‘ouo		弄來六亂天花		89	待定 另作碌亂天花	true	自旧档汇入	2026-04-13T01:27:08+08:00
Brouiller	va.vr.	se -. Devenir confus	变得混乱	t‘ié zaong’ yun ’tsé		天上雲者		89		true	自旧档汇入	2026-04-13T01:27:08+08:00
Brouiller	va.vpr.	se- ‘‘désunis	变得不和睦	ziéh kiao		絶交		89		true	自旧档汇入	2026-04-13T01:27:08+08:00
Brouiller	va.vpr.	se- ‘‘désunis	变得不和睦	’deu kiao zing		斷交情		89		true	自旧档汇入	2026-04-13T01:27:08+08:00
Brouillon	sm	Perturbateur	做事混乱的人	tou ’tse tou zéh		多嘴多舌		89		true	自旧档汇入	2026-04-13T01:27:08+08:00
Brouillon	sm	Perturbateur	做事混乱的人	m ze’ yao’ ’yeû ze’ ke’		無事要有事个	嘸事要有事个	89		true	自旧档汇入	2026-04-13T01:27:08+08:00
Brouillon	sm	Perturbateur	做事混乱的人	m fong ’k‘i laong’		無風起浪	嘸風起浪	89		true	自旧档汇入	2026-04-13T01:27:08+08:00
Brouillon	sm	écrit à mettre au net	草稿	’ts‘ao ’kao		草稿		89		true	自旧档汇入	2026-04-13T01:27:08+08:00
Brouillon	sm	écrit à mettre au net	草稿	’ti ’kao		底稿		89		true	自旧档汇入	2026-04-13T01:27:08+08:00
Brouillon	sm	écrit à mettre au net	草稿	gneu ’kao		原稿		89		true	自旧档汇入	2026-04-13T01:27:08+08:00
Brouillon	sm	écrit à mettre au net	草稿	’kao ’tse		稿子		89		true	自旧档汇入	2026-04-13T01:27:08+08:00
Broutilles	sf.pl.		嫩芽，小枝	zu’ sao		樹梢		89		true	自旧档汇入	2026-04-13T01:27:08+08:00
Broutilles	sf.pl.		嫩芽，小枝	lih za		櫪柴		89	待定	true	自旧档汇入	2026-04-13T01:27:08+08:00
Broyer	va	en frappant	捣碎，磨碎	k‘ao sé’		敲碎		89		true	自旧档汇入	2026-04-13T01:27:08+08:00
Broyer	va	– en frottant	研磨	gné		研		89		true	自旧档汇入	2026-04-13T01:27:08+08:00
Broyer	va	– en frottant	研磨	gné sé’		研碎		89		true	自旧档汇入	2026-04-13T01:27:08+08:00
Broyer	va	– sous une rune	用轮压碎	nga sé’		砑碎		89	待定	true	自旧档汇入	2026-04-13T01:27:08+08:00
Broyer	va	–‘‘ ‘‘meule	用磨盘研磨	mô sé’		磨碎		89		true	自旧档汇入	2026-04-13T01:27:08+08:00
Broyer	va	–‘‘ ‘‘meule	用磨盘研磨	k‘ié sé’		牽碎		89		true	自旧档汇入	2026-04-13T01:27:08+08:00
Broyer	va	–‘‘ ‘‘ pilon	用杵研磨	toh lè’		搗爛	豛爛	89		true	自旧档汇入	2026-04-13T01:27:08+08:00
Broyer	va.Fig.	– du noir	心情忧郁	’mé mié’ fèh ’hié nè kou’		滿面發顯難過		89		true	自旧档汇入	2026-04-13T01:27:08+08:00
Bru	sf		儿媳	sih wou’		媳婦		89		true	自旧档汇入	2026-04-13T01:27:08+08:00
Bru	sf		儿媳	sin wou’		新婦		89		true	自旧档汇入	2026-04-13T01:27:08+08:00
Bru	sf		儿媳	sin gnang ’tse		新娘子		89		true	自旧档汇入	2026-04-13T01:27:08+08:00
Bruine	sf		毛毛雨	mong (mô) h‘ouo ’yu		靀花雨	？花雨	89	待定	true	自旧档汇入	2026-04-13T01:27:08+08:00
Bruiner 	vn		下毛毛雨	loh mong (mô) h‘ouo ’yu		下靀花雨		89		true	自旧档汇入	2026-04-13T01:27:08+08:00
Bruit	sm	faire du -	发出嘈杂声	’hiang seng		响聲		89	保留簡體	true	自旧档汇入	2026-04-13T01:27:08+08:00
Bruit	sm	faire du -	发出嘈杂声	hiang	’hiang	響		89		true	自旧档汇入	2026-04-13T01:27:08+08:00
Bruit	sm	rumeur	风声，传闻	fong seng		風聲		89		true	自旧档汇入	2026-04-13T01:27:08+08:00
Bruit	sm	rumeur	风声，传闻	fong wen’		風聞		89	待定 聞聲調	true	自旧档汇入	2026-04-13T01:27:08+08:00
Bruit	sm	– sans foudement	谣言	yao yé		謡言		89		true	自旧档汇入	2026-04-13T01:27:08+08:00
Bruit	sm	faire grand - pour rien	大惊小怪	wou ’ts‘ao wou nao’		胡吵胡鬧		89		true	自旧档汇入	2026-04-13T01:27:08+08:00
Bruit	sm	faire grand - pour rien	大惊小怪	hèh ’ts‘ao	h‘èh ’ts‘ao	瞎吵		89		true	自旧档汇入	2026-04-13T01:27:08+08:00
Brûlant	adj		灼热的，烫手的	gnéh véh kou	gnéh véh kou’	熱勿過		89		true	自旧档汇入	2026-04-13T01:27:08+08:00
Brûlant	adj		灼热的，烫手的	t‘aong lai	t‘aong’ lai	燙來		89		true	自旧档汇入	2026-04-13T01:27:08+08:00
Brûle-parfums	sm		香炉	hiang lou		香爐		89		true	自旧档汇入	2026-04-13T01:27:08+08:00
Brûle-pourpoint	loc. adv.	(À)	毫无顾忌地，开门见山地	déh zé kè wo’		突然間話		89		true	自旧档汇入	2026-04-13T01:27:08+08:00
Brûlé vif	adj		活活烧死	sao sèh		燒殺		89		true	自旧档汇入	2026-04-13T01:27:08+08:00
Brûler	va		烧	sao		燒		89		true	自旧档汇入	2026-04-13T01:27:08+08:00
Brûler	vn	[ce bois brûle bien]	燃烧得好	’hao sao		好燒		89		true	自旧档汇入	2026-04-13T01:27:08+08:00
Brûler	vn	prendre feu	着火	zah ’tsé		着者		89		true	自旧档汇入	2026-04-13T01:27:08+08:00
Brûler	vn	causer une vive douleur	烧得引起疼痛	t‘aong’ t‘ong’		燙痛		89		true	自旧档汇入	2026-04-13T01:27:08+08:00
Brûler	vn	tout le corps brûle	全身燃烧	tseû (wen) sen fèh (t‘aong’) gnéh		周（渾）身發（燙）熱		89		true	自旧档汇入	2026-04-13T01:27:08+08:00
Brûler	vn	etre brûle(v.g. un rôti)	被烧毁（比如烤）	sao lai ou tsiao ’tsé		燒來烏焦者		89		true	自旧档汇入	2026-04-13T01:27:08+08:00
Brume	sf	Brumeux.adj	轻雾，雾	wou’ lou’		霧露		89		true	自旧档汇入	2026-04-13T01:27:08+08:00
Brume	sf		轻雾，雾	wou’ lou’ t‘ié		霧露天		89		true	自旧档汇入	2026-04-13T01:27:08+08:00
Brun	adj		褐色，棕色	’tse seh		紫色		89		true	自旧档汇入	2026-04-13T01:27:08+08:00
Brun	adj		褐色，棕色	biéh yé seh		鼻烟色		89		true	自旧档汇入	2026-04-13T01:27:08+08:00
Brune	loc. adv.	（À la)	傍晚，黃昏	waong hoen deû	waong h‘oen deû	黄昏頭		89		true	自旧档汇入	2026-04-13T01:27:08+08:00
Brunir	va		使成褐色	gné (tsah) ’tse seh		染（着）紫色		89	待定	true	自旧档汇入	2026-04-13T01:27:08+08:00
Brunir	va	Teint bruni par le soleil	被太阳晒黑	souo’ heh ’tsé	souo’ h‘eh ’tsé	晒黑者		90	保留簡體	true	自旧档汇入	2026-04-13T01:27:08+08:00
Brunir	va	polir [- un calice]	擦亮，磨亮	mô koang		磨光 		90		true	自旧档汇入	2026-04-13T01:27:08+08:00
Brunir	va	polir [- un calice]	擦亮，磨亮	mô liang’		磨亮		90		true	自旧档汇入	2026-04-13T01:27:08+08:00
Brusque	adj	subit	突然的，意外的	deû ke’		投个	？个	90		true	自旧档汇入	2026-04-13T01:27:08+08:00
Brusque	adj	subit	突然的，意外的	féh zé kè ke’		突然間个		90		true	自旧档汇入	2026-04-13T01:27:08+08:00
Brusque	adj	prompt et rude	粗鲁的，粗暴的	hao sao’ sing’		豪燥性		90	待定	true	自旧档汇入	2026-04-13T01:27:08+08:00
Brusquement	adv		粗暴地，生硬地	kiéh kiéh maong maong ke’		急急忙忙个		90		true	自旧档汇入	2026-04-13T01:27:08+08:00
Brusquer	va	les gens	粗暴对待，无礼对待	ts‘aong’ zah gnen		闖着人		90	待定 闖聲調	true	自旧档汇入	2026-04-13T01:27:08+08:00
Brusquer	va	les gens	粗暴对待，无礼对待	dai’ biéh gnen m teh ’li mao’		待别人無得禮貌	待别人嘸得禮貌	90		true	自旧档汇入	2026-04-13T01:27:08+08:00
Brut	adj		天然的，粗制的，未加工的	sang		生		90		true	自旧档汇入	2026-04-13T01:27:08+08:00
Brut	adj		野蛮的，粗鲁的	ts‘ou bao’		粗暴		90		true	自旧档汇入	2026-04-13T01:27:08+08:00
Brut	adj		野蛮的，粗鲁的	hiong wang		凶横		90		true	自旧档汇入	2026-04-13T01:27:08+08:00
Brut	adj		野蛮的，粗鲁的	mè gnen		蠻人		90		true	自旧档汇入	2026-04-13T01:27:08+08:00
Brut	adj		野蛮的，粗鲁的	m teh gnen k‘i’ mi’		無得人氣味	嘸得人氣味	90		true	自旧档汇入	2026-04-13T01:27:08+08:00
Brut	adj	[ce panier de... pèse]- （m-à-m. panier compris)	以毛重算	lié lè		連籃		90	原漢字後注有“待别人無得禮貌”	true	自旧档汇入	2026-04-13T01:27:08+08:00
Brutal	adj	violent	粗暴的，粗鲁的	li’ hai’		利害		90		true	自旧档汇入	2026-04-13T01:27:08+08:00
Brutal	adj	grossier	粗暴的，粗鲁的	ts‘ou lou	ts‘ou ’lou	粗魯		90		true	自旧档汇入	2026-04-13T01:27:08+08:00
Brutal	adj	grossier	粗暴的，粗鲁的	hao wou ’li mao’		毫無禮貌		90		true	自旧档汇入	2026-04-13T01:27:08+08:00
Brutaliser	va		虐待，粗暴对待	dai biéh gnen ts‘ou bao’	dai’ biéh gnen ts‘ou bao’	待别人粗暴		90		true	自旧档汇入	2026-04-13T01:27:08+08:00
Brutaliser	va		虐待，粗暴对待	tsen ’tang gnen		真打人		90		true	自旧档汇入	2026-04-13T01:27:08+08:00
Brute	sf		野兽	ghien seû’		禽獸		90		true	自旧档汇入	2026-04-13T01:27:08+08:00
Brute	sf		野兽	tsong sang		中牲		90		true	自旧档汇入	2026-04-13T01:27:08+08:00
Bruyant	adj	qui fait du bruit	吵闹的	zéh fen hiang	zéh fen ’hiang	十分响		90	保留簡體	true	自旧档汇入	2026-04-13T01:27:08+08:00
Bruyant	adj	– où il se fait du bruit	吵闹的地方	nao’ gnéh		鬧熱		90		true	自旧档汇入	2026-04-13T01:27:08+08:00
Bruyant	adj	– où il se fait du bruit	吵闹的地方	nao’ ze’		鬧市		90		true	自旧档汇入	2026-04-13T01:27:08+08:00
Bryone	sf		泻根	bouo sè ’hou	bouo sè ’h‘ou	爬山虎		90		true	自旧档汇入	2026-04-13T01:27:08+08:00
Bûche	sf		木柴，劈柴	ih deu’ zu’ za		一段樹柴		90		true	自旧档汇入	2026-04-13T01:27:08+08:00
Bûche	sf.Fig.	–. Stupide.	蠢人，迟钝的人	gneu sang moh deû		原生木頭		90		true	自旧档汇入	2026-04-13T01:27:08+08:00
Bûche	sf.Fig.	–. Stupide.	蠢人，迟钝的人	wéh len moh deû		囫圇木頭		90		true	自旧档汇入	2026-04-13T01:27:08+08:00
Bûcher	sm		堆放木头的地方	za kè		柴間		90		true	自旧档汇入	2026-04-13T01:27:08+08:00
Bûcher	vn	Travailler ferme	刻苦钻研，不停地干	tsé sin		專心		90		true	自旧档汇入	2026-04-13T01:27:08+08:00
Bûcher	vn	Travailler ferme	刻苦钻研，不停地干	ghien ’kien		勤謹		90	待定 一作“勤緊”	true	自旧档汇入	2026-04-13T01:27:08+08:00
Bûcheron	sm		伐木工人	ziao za ke’		樵柴个		90		true	自旧档汇入	2026-04-13T01:27:08+08:00
Bûcheron	sm		伐木工人	zéh (gnéh) za ke’		拾柴个		90	待定 拾讀音	true	自旧档汇入	2026-04-13T01:27:08+08:00
Bûcheur	sm		刻苦钻研的人	ghien ’kien ke’		勤謹个		90		true	自旧档汇入	2026-04-13T01:27:08+08:00
Buffet	sm		碗橱，餐具橱	’wé ’tsè zu		碗盞厨		90		true	自旧档汇入	2026-04-13T01:27:08+08:00
Buffet	sm		碗橱，餐具橱	’wé zu		碗厨		90		true	自旧档汇入	2026-04-13T01:27:08+08:00
Buffle	sm		水牛	’se gneû [ih tsah]		水牛[一隻]		90		true	自旧档汇入	2026-04-13T01:27:08+08:00
Buissonnière	adj	faire l’ècole	逃学	’tou hoh		躲學		90		true	自旧档汇入	2026-04-13T01:27:08+08:00
Buissonnière	adj	faire l’ècole	逃学	la’ hoh		賴學		90		true	自旧档汇入	2026-04-13T01:27:08+08:00
Bulbe	sf	d’ail	蒜的球茎	seu’ deû		蒜頭		90		true	自旧档汇入	2026-04-13T01:27:08+08:00
Bulbe	sf	d’ail	蒜的球茎	da’ seu’ deû		大蒜頭		90		true	自旧档汇入	2026-04-13T01:27:08+08:00
Bulle	sf	d’air à la surface de l’eau	水表面的气泡	’se p‘ao’		水泡		90		true	自旧档汇入	2026-04-13T01:27:08+08:00
Bulle	sf	– du Pape	教皇谕旨	kiao’ h‘ouo’ waong ke’ zang’ yu	kiao’ h‘ouo’ waong ke’ zang’ yu’	教化皇个上諭		90		true	自旧档汇入	2026-04-13T01:27:08+08:00
Bulletin	sm		公报，通报	deû tè		投單		90		true	自旧档汇入	2026-04-13T01:27:08+08:00
Bure	sf		棕色粗呢	ts‘ou gni		粗呢		90		true	自旧档汇入	2026-04-13T01:27:08+08:00
Bureau	sm	table	桌子	tsoh ’tse		桌子		90		true	自旧档汇入	2026-04-13T01:27:08+08:00
Bureau	sm	comptoir	柜台	ghiu dai	ghiu’ dai	櫃台		90	保留簡體	true	自旧档汇入	2026-04-13T01:27:08+08:00
Bureau	sm	comptoir	柜台	tsang dai	tsang’ dai	帳台		90	保留簡體	true	自旧档汇入	2026-04-13T01:27:08+08:00
Bureau	sm	– des employés	员工的桌子	tsang waong	tsang’ waong	帳房		90	待定	true	自旧档汇入	2026-04-13T01:27:08+08:00
Bureau	sm	–des affaires étrangères à Pekin	在北京处理外事的场所	wai’ ou’ ’bou	wai’ wou’ ’bou	外務處		90	待定	true	自旧档汇入	2026-04-13T01:27:08+08:00
Bureau	sm	ailleurs	另一个地方	yang wou’ ghiôh		洋務局		90		true	自旧档汇入	2026-04-13T01:27:08+08:00
Bureau	sm	les 6 -x dans un yamen	衙门六间	lôh waong		六房		90		true	自旧档汇入	2026-04-13T01:27:08+08:00
				li’ waong		吏房		91	字形	true	自旧档汇入	2026-04-13T01:27:08+08:00
				’li waong		禮房		91	法文尚未录入	true	自旧档汇入	2026-04-13T01:27:08+08:00
				wou’ waong		户房		91		true	自旧档汇入	2026-04-13T01:27:08+08:00
				ping waong		兵房		91		true	自旧档汇入	2026-04-13T01:27:08+08:00
				yeng waong		刑房		91		true	自旧档汇入	2026-04-13T01:27:08+08:00
				kong waong		工房		91		true	自旧档汇入	2026-04-13T01:27:08+08:00
Burette	sf	-- pour la messe	细颈的小酒瓶	’siao bing		小瓶		91		true	自旧档汇入	2026-04-13T01:27:08+08:00
Burette	sf	-- pour la messe	细颈的小酒瓶	’tsieû ’se wou		酒水壺				true	自旧档汇入	2026-04-13T01:27:08+08:00
Burin	sm		雕刻刀	tiao(k‘eh) tao [ih ’pouo].		雕（刻）刀[一把]		91		true	自旧档汇入	2026-04-13T01:27:08+08:00
Buriner	va		雕刻	tiao		雕		91		true	自旧档汇入	2026-04-13T01:27:08+08:00
Buriner	va		雕刻	tiao k‘eh		雕刻				true	自旧档汇入	2026-04-13T01:27:08+08:00
Burlesque	adj		滑稽可笑的	’za gnen siao’ ke’		惹人笑个		91		true	自旧档汇入	2026-04-13T01:27:08+08:00
Burlesque	adj		滑稽可笑的	siao’ sèh gnen		笑殺人				true	自旧档汇入	2026-04-13T01:27:08+08:00
Buse	sf.Fig.	Ignorant	蠢笨的人	’ts‘en ben’ ke’.		蠢笨个		91		true	自旧档汇入	2026-04-13T01:27:08+08:00
Buste	sm		半身像	pé sen ziang’	pé’ sen ziang’	半身像		91		true	自旧档汇入	2026-04-13T01:27:08+08:00
Burlesque	adj		滑稽可笑的	’pouo ’tse		靶子		91		true	自旧档汇入	2026-04-13T01:27:08+08:00
Burlesque	adj		滑稽可笑的	’tsu i’		主意				true	自旧档汇入	2026-04-13T01:27:08+08:00
Burlesque	adj		滑稽可笑的	tse’ hiang’		志向				true	自旧档汇入	2026-04-13T01:27:08+08:00
But	loc	De -- en blanc	突然地，胡来地	hèh ts‘ih hèh pèh	h‘èh ts‘ih h‘èh pèh	瞎七瞎八		91		true	自旧档汇入	2026-04-13T01:27:08+08:00
But	loc	De -- en blanc	突然地，胡来地	zaong’ ’k‘i k‘eu’		撞起看				true	自旧档汇入	2026-04-13T01:27:08+08:00
But	loc	De -- en blanc	突然地，胡来地	hèh ts‘ong	h‘èh ts‘ong’	瞎㧤	瞎蹱			true	自旧档汇入	2026-04-13T01:27:08+08:00
Buter	va	Heurter	撞到，碰上	zaong’ zah		撞着		91		true	自旧档汇入	2026-04-13T01:27:08+08:00
Buter	va	Heurter	撞到，碰上	bang’ zah		碰着			字形	true	自旧档汇入	2026-04-13T01:27:08+08:00
Buter	vr	S'obstiner	固执，犯倔脾气	kou’ tséh.		固執		91		true	自旧档汇入	2026-04-13T01:27:08+08:00
Butin	sm		赃物	tsaong		贜		91		true	自旧档汇入	2026-04-13T01:27:08+08:00
Butin	sm		赃物	’lou liah lai ke’ méh ze’		擄掠來个物事				true	自旧档汇入	2026-04-13T01:27:08+08:00
Butte	sf		土堆，垄	gni(ten)tei.		泥（墩）堆		91		true	自旧档汇入	2026-04-13T01:27:08+08:00
Butter	va	-- une plante	给植物培土	’yong(ong)’tié gni ’la zu’ ken laong’.	’yong(’ong)’tié gni ’la zu’ ken laong’.	㙲（塕）點泥拉樹根上	？（？）點泥拉樹根上	91	待定	true	自旧档汇入	2026-04-13T01:27:08+08:00
Butter	vn	Trébucher	踉跄，绊倒	séh kiah		失脚		91		true	自旧档汇入	2026-04-13T01:27:08+08:00
Butter	vn	Trébucher	踉跄，绊倒	zaong zah	zaong’ zah	撞着				true	自旧档汇入	2026-04-13T01:27:08+08:00
Buvette	sf		酒馆	’tsieû ’koé(tié’)		酒館（店）		91		true	自旧档汇入	2026-04-13T01:27:08+08:00
Buveur	sm	qui aime à boire. 	爱喝酒的人，酒徒	’tsieû dou		酒徒		91		true	自旧档汇入	2026-04-13T01:27:08+08:00
Buveur	sm	qui aime à boire. 	爱喝酒的人，酒徒	’tsieû sié		酒仙				true	自旧档汇入	2026-04-13T01:27:08+08:00
Buveur	sm	qui aime à boire. 	爱喝酒的人，酒徒	t‘é ’tsieû ke’		貪酒个				true	自旧档汇入	2026-04-13T01:27:08+08:00
Buveur	loc	Grand --.	酒量很大的人	dou’ ’tsieû liang’ ke’ gnen.		大酒量个人		91		true	自旧档汇入	2026-04-13T01:27:08+08:00
Buveur	loc	 -- acharné.	酒鬼	’tsieû ’kiu.		酒鬼		91		true	自旧档汇入	2026-04-13T01:27:08+08:00
Ca	loc.adv.	 -- et la(Courir)	跑来跑去地，到处	bao lai bao k‘i’		跑來跑去		91		true	自旧档汇入	2026-04-13T01:27:08+08:00
Ca	loc.adv.	 -- et la(Courir)	跑来跑去地，到处	bao tong bao si		跑東跑西				true	自旧档汇入	2026-04-13T01:27:08+08:00
Cabale	sf	Former une --.	恶党；结党	oh ’taong		惡黨		91		true	自旧档汇入	2026-04-13T01:27:08+08:00
Cabale	sf	Former une --.	恶党；结党	kiéh ’taong		結黨				true	自旧档汇入	2026-04-13T01:27:08+08:00
Cabaler	vn		设阴谋，陷害	tiao ’tseu		刁鑽		91	待定	true	自旧档汇入	2026-04-13T01:27:08+08:00
Cabane	sf		茅草屋	’ts‘ao bang	’ts‘ao bang	草棚		91		true	自旧档汇入	2026-04-13T01:27:08+08:00
Cabane	sf		茅草屋	mao(ts‘ao) ’ôh	mao(’ts‘ao) ’ôh.	茅（草）屋				true	自旧档汇入	2026-04-13T01:27:08+08:00
Cabaret	sm		酒馆	’tsieû tié	’tsieû tié’	酒店		91		true	自旧档汇入	2026-04-13T01:27:08+08:00
Cabaret	sm		酒馆	’tsieû ’koé		酒館				true	自旧档汇入	2026-04-13T01:27:08+08:00
Cabaretier	sm		酒店老板	k‘ai ’tsieû tié’ ke’		開酒店个		91		true	自旧档汇入	2026-04-13T01:27:08+08:00
Cabestan	sm		绞盘	bé ts‘ouo		盤車		91		true	自旧档汇入	2026-04-13T01:27:08+08:00
Cabine	sf		船舱（较为高档）	waong ts‘aong		房艙		91	格式	true	自旧档汇入	2026-04-13T01:27:08+08:00
Cabine	sf		船舱（较为高档）	koé ts‘aong [ih kè]		官艙[一間]				true	自旧档汇入	2026-04-13T01:27:08+08:00
Cabinet	sm	Chambrette	小房间	’siao waong kè [ih kè]		小房間[一間]		91		true	自旧档汇入	2026-04-13T01:27:08+08:00
Cabinet	loc	-- d'étude	书房	su waong		書房		92		true	自旧档汇入	2026-04-13T01:27:08+08:00
Cabinet	sm	Conseil des ministres	内阁	nei’ koh		内閣		92		true	自旧档汇入	2026-04-13T01:27:08+08:00
Cabinet	loc	-- s.Lieux d'aisance	茅厕，茅坑	mao ts‘é’(k‘ang)		茅厠（坑）		92	待定 厠	true	自旧档汇入	2026-04-13T01:27:08+08:00
Cabinet	loc	-- s.Lieux d'aisance	茅厕，茅坑	k‘ang kaong		坑缸				true	自旧档汇入	2026-04-13T01:27:08+08:00
Cabinet	loc	Aller aux --s.	解手，上厕所	’ka ’seû		解手		92		true	自旧档汇入	2026-04-13T01:27:08+08:00
Cabinet	loc	Aller aux --s.	解手，上厕所	ts‘éh kong		出恭				true	自旧档汇入	2026-04-13T01:27:08+08:00
Câble	sm		船缆，绳索	zé lè’		船纜		92	待定 纜聲調	true	自旧档汇入	2026-04-13T01:27:08+08:00
Câble	sm		船缆，绳索	zeng soh		繩索				true	自旧档汇入	2026-04-13T01:27:08+08:00
Cabotin	sm		闲散人群	sè’ pè hi’ ’tse		散班戲子		92		true	自旧档汇入	2026-04-13T01:27:08+08:00
Cabrer(Se)	vr		立直起来	zu’ zeh		竪直		92		true	自旧档汇入	2026-04-13T01:27:08+08:00
Cabrer(Se)	vr		立直起来	lih ’k‘i lai		立起來				true	自旧档汇入	2026-04-13T01:27:08+08:00
Cabri	sm		小山羊	’siao sè yang [ih tsah]		小山羊[一隻]		92		true	自旧档汇入	2026-04-13T01:27:08+08:00
Cacher	va		隐瞒，掩饰	tsouo mé,		遮瞞		92		true	自旧档汇入	2026-04-13T01:27:08+08:00
Cacher	va		隐瞒，掩饰	tsouo ’kai		掩蓋			字形 待定 蓋	true	自旧档汇入	2026-04-13T01:27:08+08:00
Cacher	va		隐瞒，掩饰	’yen mé		隱瞞				true	自旧档汇入	2026-04-13T01:27:08+08:00
Cacher	va		隐瞒，掩饰	zaong k‘aong’		藏抗	藏囥			true	自旧档汇入	2026-04-13T01:27:08+08:00
Cacher	va		隐瞒，掩饰	seh ’long		塞攏				true	自旧档汇入	2026-04-13T01:27:08+08:00
Cacher	va	Renfermer.	收拢	seû long.	seû ’long.	收攏		92		true	自旧档汇入	2026-04-13T01:27:08+08:00
Cacher	va	Empêcher de voir.	遮挡	tsouo		遮		92		true	自旧档汇入	2026-04-13T01:27:08+08:00
Cacher	va	Empêcher de voir.	遮挡	mé		瞞				true	自旧档汇入	2026-04-13T01:27:08+08:00
Cacher	loc	-- ses sentiments.	掩饰自己的情绪（贬义）	tsouo mé ze’ ka		遮瞞自家		92		true	自旧档汇入	2026-04-13T01:27:08+08:00
Cacher	loc	-- ses sentiments.	掩饰自己的情绪（贬义）	’ka ts‘e ’ka ngai		假痴假呆				true	自旧档汇入	2026-04-13T01:27:08+08:00
Cacher	loc	Je ne vous cache pas que...	我不瞒你说	’ngou véh mé nong’ wo’		我勿瞞儂話		92		true	自旧档汇入	2026-04-13T01:27:08+08:00
Cacher	vr	Se --.	躲避	bi’		避		92		true	自旧档汇入	2026-04-13T01:27:08+08:00
Cacher	vr	Se --.	躲避	’tou sen		躲身				true	自旧档汇入	2026-04-13T01:27:08+08:00
Cachet	sm		图书	dou su.		圖書		92		true	自旧档汇入	2026-04-13T01:27:08+08:00
Cacheter	va	-- une lettre	封住书信	fong su sin’		封書信		92		true	自旧档汇入	2026-04-13T01:27:08+08:00
Cacheter	va	-- une lettre	封住书信	fong sin’		封信				true	自旧档汇入	2026-04-13T01:27:08+08:00
Cachette(En)	loc.adv.		（在）暗地里	’é ’ti ’li	é’ ’ti ’li	暗底裏		92		true	自旧档汇入	2026-04-13T01:27:08+08:00
Cachette(En)	loc.adv.		（在）暗地里	t‘eû bé’ ’tse		偷伴子	偷？子			true	自旧档汇入	2026-04-13T01:27:08+08:00
Cachette(En)	loc.adv.		（在）暗地里	se ’hao deû		私下頭				true	自旧档汇入	2026-04-13T01:27:08+08:00
Cachette	loc	Un honnête homme n'agit pas,, ,,.	明人不做暗事	ming zen péh tsou’ é’ ze’.		明人不做暗事		92		true	自旧档汇入	2026-04-13T01:27:08+08:00
Cachot	sm		监牢	kè lao		監牢		92		true	自旧档汇入	2026-04-13T01:27:08+08:00
Cachot	sm		监牢	nei kè	nei’ kè	内監				true	自旧档汇入	2026-04-13T01:27:08+08:00
Cachou	sm		儿茶	eul zouo		兒茶		92		true	自旧档汇入	2026-04-13T01:27:08+08:00
Cactus	sm		仙人掌	sié gnen ’tsang		仙人掌		92		true	自旧档汇入	2026-04-13T01:27:08+08:00
Cadastre	sm		土地登记册	dié ’wou tsah	dié ’wou ts‘ah	田户册		92		true	自旧档汇入	2026-04-13T01:27:08+08:00
Cadavre	sm		尸体	’si ’se	’si se	死屍		92		true	自旧档汇入	2026-04-13T01:27:08+08:00
Cadavre	sm		尸体	’se seû	se ’seû	屍首				true	自旧档汇入	2026-04-13T01:27:08+08:00
Cadavre	sm		尸体	’si gnen		屍人	死人			true	自旧档汇入	2026-04-13T01:27:08+08:00
Cadavre	loc	-- d'un vagabond sur la route.	暴尸	boh ’se.	boh se.	暴屍		92		true	自旧档汇入	2026-04-13T01:27:08+08:00
Cadeau	sm		礼物	’li wéh	’li wéh,	禮物		92		true	自旧档汇入	2026-04-13T01:27:08+08:00
Cadeau	sm		礼物	i se i se	i’ se i’ se	意思意思				true	自旧档汇入	2026-04-13T01:27:08+08:00
Cadenas	sm	-- à secret.	锁	’sou [ih ’pouo]		鎖[一把]		92		true	自旧档汇入	2026-04-13T01:27:08+08:00
Cadenas	sm	-- à secret.	锁	é’ ’sou		暗鎖				true	自旧档汇入	2026-04-13T01:27:08+08:00
Cadenasser	va	-- la porte.	锁门	’sou men.		鎖門		92		true	自旧档汇入	2026-04-13T01:27:08+08:00
Cadence	sf	Ces vers ont de la --.	平仄声调	bing tsah (seng) diao		平仄（聲）調		92		true	自旧档汇入	2026-04-13T01:27:08+08:00
Cadet	sm		第二个儿子	di’ gni’ ke’ gni ’tse		第二个兒子		92		true	自旧档汇入	2026-04-13T01:27:08+08:00
Cadet	sm		第二个儿子	ts‘e’ ’tse		次子				true	自旧档汇入	2026-04-13T01:27:08+08:00
Cadet	adj	Puîné: frère --. Soeur --te.	弟弟，妹妹	hiong di’		兄弟		92		true	自旧档汇入	2026-04-13T01:27:08+08:00
Cadet	adj	Puîné: frère --. Soeur --te.	弟弟，妹妹	mei’mei’		妹妹				true	自旧档汇入	2026-04-13T01:27:08+08:00
Cadran	sm		盘状物的表面	’piao mié’		表面		92		true	自旧档汇入	2026-04-13T01:27:08+08:00
Cadran	loc	#NAME?	日晷	gnéh ’koei.		日晷		92		true	自旧档汇入	2026-04-13T01:27:08+08:00
Cadre	sm	-- d'un tableau.	圣像框，挂屏（原文为一个词组）	seng’ ziang’ k‘oang ’tse		聖像框子		92	待定 框聲調	true	自旧档汇入	2026-04-13T01:27:08+08:00
Cadre	sm	-- d'un tableau.	圣像框，挂屏（原文为一个词组）	kouo’ bing		掛屏				true	自旧档汇入	2026-04-13T01:27:08+08:00
Cadre	loc	Les --s de l'armée.	军队的人数	ping ting ke’ ngah sou’.		兵丁个額數		92		true	自旧档汇入	2026-04-13T01:27:08+08:00
Cadrer	vn		符合，合适	siang héh		相合		92		true	自旧档汇入	2026-04-13T01:27:08+08:00
Cadrer	vn		符合，合适	kéh koh		合角				true	自旧档汇入	2026-04-13T01:27:08+08:00
Cadrer	vn		符合，合适	héh seh		合式				true	自旧档汇入	2026-04-13T01:27:08+08:00
Caduc	adj	Vieux. Qui tombe.	老旧的	’lao		老		92		true	自旧档汇入	2026-04-13T01:27:08+08:00
Caduc	adj	Vieux. Qui tombe.	老旧的	ghieû’		舊			待定	true	自旧档汇入	2026-04-13T01:27:08+08:00
Caduc	adj	Vieux. Qui tombe.	老旧的	t‘è ke’		坍个				true	自旧档汇入	2026-04-13T01:27:08+08:00
Caduc	adj	Faible. Mal --.	虚弱，癫痫的	’gneu zah		軟弱		93	弱字形 	true	自旧档汇入	2026-04-13T01:27:08+08:00
Caduc	adj	Faible. Mal --.	虚弱，癫痫的	yang k‘ié fong		羊癎瘋			待定	true	自旧档汇入	2026-04-13T01:27:08+08:00
Caduc	adj	Faible. Mal --.	虚弱，癫痫的	tse k‘ieu bing’		猪圈病			待定	true	自旧档汇入	2026-04-13T01:27:08+08:00
Café	sm		咖啡	ka-fei		咖啡		93	待定	true	自旧档汇入	2026-04-13T01:27:08+08:00
Cafetière	sf		咖啡壶	ka-fei wou.		咖啡壺		93		true	自旧档汇入	2026-04-13T01:27:08+08:00
Cage	sf	-- d'animaux.	笼子	long		籠		93	格式	true	自旧档汇入	2026-04-13T01:27:08+08:00
Cage	sf	-- d'animaux.	笼子	’tiao long [ih ke’]		鳥籠[一个]				true	自旧档汇入	2026-04-13T01:27:08+08:00
Cage	sf	-- de prisonnier	囚笼	zieû long.		囚籠		93		true	自旧档汇入	2026-04-13T01:27:08+08:00
Cagneux	adj		膝外翻的	p‘é long kiah		蟠龍脚	？龍脚	93	待定	true	自旧档汇入	2026-04-13T01:27:08+08:00
Cahier	sm	-- de notes.	本子，账本	’bou ’tse	’bou ’tse	簿子		93	格式	true	自旧档汇入	2026-04-13T01:27:08+08:00
Cahier	sm	-- de notes.	本子，账本	tsang’ ’bou [ih pen]	tsang’ ’bou [ih ’pen]	賬簿[一本]				true	自旧档汇入	2026-04-13T01:27:08+08:00
Cahier	sm	-- d'écriture	练字本	’sia ze’ ’bou ’tse		寫字簿子		93		true	自旧档汇入	2026-04-13T01:27:08+08:00
Cahier	sm	-- d'écriture	练字本	su fèh ’bou ’tse		書法簿子				true	自旧档汇入	2026-04-13T01:27:08+08:00
Cahoter	vn	La voiture cahote.	(车辆)颠簸	ts‘ouo ’tse tié		車子顛		93	待定	true	自旧档汇入	2026-04-13T01:27:08+08:00
Cahoter	vn	La voiture cahote.	(车辆)颠簸	ts‘ouo ’tse ’tang waong		車子打[走黄]	車子打？			true	自旧档汇入	2026-04-13T01:27:08+08:00
Cahute	sf		小棚子	’siao bang ’tse.		小棚子		93		true	自旧档汇入	2026-04-13T01:27:08+08:00
Caille	sf		鹌鹑	é zen.		鵪鶉		93		true	自旧档汇入	2026-04-13T01:27:08+08:00
Cailler(Se)	vr		凝结起来	zieû’ ’long lai		就攏來		93	待定	true	自旧档汇入	2026-04-13T01:27:08+08:00
Cailler(Se)	vr		凝结起来	ting’ ngang’		汀硬	？？			true	自旧档汇入	2026-04-13T01:27:08+08:00
Cailler(Se)	vr		凝结起来	 tong’ ’long lai		凍攏來				true	自旧档汇入	2026-04-13T01:27:08+08:00
Caillou	sm		小石块	zah k‘oei’		石塊		93		true	自旧档汇入	2026-04-13T01:27:08+08:00
Caillou	sm		小石块	’siao zah deû		小石頭				true	自旧档汇入	2026-04-13T01:27:08+08:00
Caisse	sf	Coffre en bois.	方正的木箱子	siang ’tse		箱子		93	格式 原作“箱子，小箱子，板箱[一隻]”	true	自旧档汇入	2026-04-13T01:27:08+08:00
Caisse	sf	Coffre en bois.	方正的木箱子	moh siang ’tse		小箱子				true	自旧档汇入	2026-04-13T01:27:08+08:00
Caisse	sf	Coffre en bois.	方正的木箱子	pè siang [ih tsah]	’pè siang [ih tsah]	板箱[一隻]				true	自旧档汇入	2026-04-13T01:27:08+08:00
Caisse	sf	Corps d'une voiture.	车厢	ts‘ouo siang		車箱		93		true	自旧档汇入	2026-04-13T01:27:08+08:00
Caisse	loc	Grosses --.	大鼓	’kou k‘oh loh		鼓殼落		93		true	自旧档汇入	2026-04-13T01:27:08+08:00
Caisse	sf	Coffre-fort.	保险箱，钱柜	gene(ghiu)siang.	gene(ghiu’)siang.	銀（櫃）箱		93		true	自旧档汇入	2026-04-13T01:27:08+08:00
Caisse	loc	Livre de --.	现金簿	gnen zié lieû ’se tsang’.		銀錢流水賬		93		true	自旧档汇入	2026-04-13T01:27:08+08:00
Caissier	sm		出纳员，收银员	zou’ ghiu ke’	zou’ ghiu’ ke’	坐櫃个		93		true	自旧档汇入	2026-04-13T01:27:08+08:00
Caissier	sm		出纳员，收银员	’koé tsang’ ke’		管賬个				true	自旧档汇入	2026-04-13T01:27:08+08:00
Caissier	sm		出纳员，收银员	taong tsang’ ke’		當賬个				true	自旧档汇入	2026-04-13T01:27:08+08:00
Cajoler	va		谄媚，奉承	’ts‘é mei’		諂媚		93	待定	true	自旧档汇入	2026-04-13T01:27:08+08:00
Cajoler	va		谄媚，奉承	wong’ zeng		奉承				true	自旧档汇入	2026-04-13T01:27:08+08:00
Cajoler	va		谄媚，奉承	ts‘u wong’		趨奉				true	自旧档汇入	2026-04-13T01:27:08+08:00
Cal. Calus	sm		老茧	’lao kié [ih ke’]	’lao ’kié [ih ke’]	老趼[一个]		93	字形 待定	true	自旧档汇入	2026-04-13T01:27:08+08:00
Cal. Calus	sm	Durillon à la main. -- au pied.	鸡眼	’seû ki ’ngè		手鷄眼		93		true	自旧档汇入	2026-04-13T01:27:08+08:00
Cal. Calus	sm	Durillon à la main. -- au pied.	鸡眼	kiah ki ’ngè		脚鷄眼				true	自旧档汇入	2026-04-13T01:27:08+08:00
Calamité	sf		灾难，祸患	wè’ nè		患難		93	字形	true	自旧档汇入	2026-04-13T01:27:08+08:00
Calamité	sf		灾难，祸患	kié nè		艱難				true	自旧档汇入	2026-04-13T01:27:08+08:00
Calamité	sf		灾难，祸患	tsai nè		災難				true	自旧档汇入	2026-04-13T01:27:08+08:00
Calamité	sf		灾难，祸患	wou wè’	wou’ wè’	禍患				true	自旧档汇入	2026-04-13T01:27:08+08:00
Calciner	va	-- de la pierre à chaux.	煅烧（石头，石灰）	sao zah hoei.	sao zah h‘oei.	燒石灰		93		true	自旧档汇入	2026-04-13T01:27:08+08:00
Calcul	sm	Méthode de --.	算法	seu’ fèh.		算法		93		true	自旧档汇入	2026-04-13T01:27:08+08:00
Calcul	sm	Instrument à --.	算盘	seu’ bé.		算盤		93		true	自旧档汇入	2026-04-13T01:27:08+08:00
Calculé(Tout bien)	adj		精心算计的	seu’ ze’ ih seu’		算是一算		93		true	自旧档汇入	2026-04-13T01:27:08+08:00
Calculé(Tout bien)	adj		精心算计的	seu’ lai seu’ k‘i’		算來算去				true	自旧档汇入	2026-04-13T01:27:08+08:00
Calculer	va	#NAME?	计算，算计	seu’		算		93		true	自旧档汇入	2026-04-13T01:27:08+08:00
Calculer	va	#NAME?	计算，算计	ki’ seu’		計算				true	自旧档汇入	2026-04-13T01:27:08+08:00
Calculer	va	#NAME?	计算，算计	tang seu’(pou)	’tang seu’(’pou)	打算（譜）				true	自旧档汇入	2026-04-13T01:27:08+08:00
Calculer	va	#NAME?	计算，算计	’mé ’tang ’mé seu’		滿打滿算				true	自旧档汇入	2026-04-13T01:27:08+08:00
Calculer	va	Conjecturer.	估计	’kou ’kou		估估		93		true	自旧档汇入	2026-04-13T01:27:08+08:00
Calculer	va	Conjecturer.	估计	kou liang’	’kou liang’	估量				true	自旧档汇入	2026-04-13T01:27:08+08:00
Calculer	va	Conjecturer.	估计	yah moh		約摸				true	自旧档汇入	2026-04-13T01:27:08+08:00
Cale	sf	v.g.àunetable	垫块，垫板	dié’ deû	dié deû	填頭		93		true	自旧档汇入	2026-04-13T01:27:08+08:00
Cale	sf	v.g.àunetable	垫块，垫板	t‘oh ’pè		托板				true	自旧档汇入	2026-04-13T01:27:08+08:00
Cale	sf	-- d'un navire.	船舱 	zé ts‘aong		船艙		93		true	自旧档汇入	2026-04-13T01:27:08+08:00
Cale	sf	-- d'un navire.	船舱 	zé ’ti		船底				true	自旧档汇入	2026-04-13T01:27:08+08:00
Cale	sf	A fond de --.	船底舱里	ts‘aong ’ti ’li.		艙底裏		93		true	自旧档汇入	2026-04-13T01:27:08+08:00
Calebasse	sf		葫芦	ga biao		茄瓢		94	待定	true	自旧档汇入	2026-04-13T01:27:08+08:00
Calebasse	sf		葫芦	wou lou		葫蘆			待定	true	自旧档汇入	2026-04-13T01:27:08+08:00
Caleçon	sm		内裤，衬裤	tè k‘ou’		單褲		94	格式	true	自旧档汇入	2026-04-13T01:27:08+08:00
Caleçon	sm		内裤，衬裤	ts‘en’ k‘ou’ [ih diao]		襯褲[一條]				true	自旧档汇入	2026-04-13T01:27:08+08:00
Calendrier	sm	#NAME?	皇历	waong lih		皇曆		94	格式	true	自旧档汇入	2026-04-13T01:27:08+08:00
Calendrier	sm	#NAME?	皇历	lih su [ih ’pen]		曆書[一本]				true	自旧档汇入	2026-04-13T01:27:08+08:00
Calendrier	sm	#NAME?	瞻礼单	tsé ’li tè [ih tsang].		瞻禮單[一張]		94		true	自旧档汇入	2026-04-13T01:27:08+08:00
calepin	sm		小本子，笔记本	ki’ gnen’		記認		94		true	自旧档汇入	2026-04-13T01:27:08+08:00
calepin	sm		小本子，笔记本	’siao ’bou ’tse		小簿子				true	自旧档汇入	2026-04-13T01:27:08+08:00
Caler	va	-- une table	填平，垫稳	dié bing		填平		94		true	自旧档汇入	2026-04-13T01:27:08+08:00
Caler	va	-- une table	填平，垫稳	dié ’wen		填穩				true	自旧档汇入	2026-04-13T01:27:08+08:00
Caler	vn	Céder	让	gnang’.		讓		94		true	自旧档汇入	2026-04-13T01:27:08+08:00
Calfater	va		嵌填船缝	k‘è’ yeû hoei	k‘è’ yeû h‘oei	嵌油灰		94		true	自旧档汇入	2026-04-13T01:27:08+08:00
Calfater	va		嵌填船缝	gnè zé wong’		捻船縫			待定	true	自旧档汇入	2026-04-13T01:27:08+08:00
Calfeutrer	va		堵塞门窗的缝，使其密实	k‘è’ meh	k‘è’ méh	嵌没		94	待定	true	自旧档汇入	2026-04-13T01:27:08+08:00
Calfeutrer	va		堵塞门窗的缝，使其密实	seh teh mih mih dong wong’		塞得密密同縫			待定	true	自旧档汇入	2026-04-13T01:27:08+08:00
Calibre	sm		大小，尺寸	dou’ ’siao		大小		94		true	自旧档汇入	2026-04-13T01:27:08+08:00
Calibre	sm		大小，尺寸	ts‘ah ts‘en’		尺寸				true	自旧档汇入	2026-04-13T01:27:08+08:00
Calibre	sm		大小，尺寸	wei yeu		圍圓				true	自旧档汇入	2026-04-13T01:27:08+08:00
Calibre	sm	De quel -- ?	有多大？尺寸如何？	’yeû ’ki ’h‘ao dou’ ’siao(ts‘ah ts‘en’)(wei yeu)?		有幾好大小（尺寸）圍圓		94		true	自旧档汇入	2026-04-13T01:27:08+08:00
Calice	sm	Vase sacré	圣爵，圣杯	seng’ tsiah [ih tsen, ih tsah].		聖爵[一樽，一隻]		94		true	自旧档汇入	2026-04-13T01:27:08+08:00
Calice		-- d'une fleur.	花萼	h‘ouo ti’.		花蒂		94		true	自旧档汇入	2026-04-13T01:27:08+08:00
Calicot	sm		洋人的白棉布	bah yang pou’.		白洋布		94		true	自旧档汇入	2026-04-13T01:27:08+08:00
Califourchon(A)	loc.adv.		骑跨在…上	ghi ’mô zou’		騎馬坐		94		true	自旧档汇入	2026-04-13T01:27:08+08:00
Califourchon(A)	loc.adv.		骑跨在…上	ghi k‘ouo’ zou’		騎跨坐				true	自旧档汇入	2026-04-13T01:27:08+08:00
Câliner	va	Enfant câlin.	撒娇	tia		爹	？	94	待定	true	自旧档汇入	2026-04-13T01:27:08+08:00
Câliner	va	Enfant câlin.	撒娇	fèh tia		發爹	？			true	自旧档汇入	2026-04-13T01:27:08+08:00
Calligraphe	sm		书法家	pieh fèh ’h‘ao ke’.		筆法好个		94		true	自旧档汇入	2026-04-13T01:27:08+08:00
Calligraphie	sf		书法 	pieh fèh		筆法		94		true	自旧档汇入	2026-04-13T01:27:08+08:00
Calligraphie	sf		书法 	’sia fèh		寫法				true	自旧档汇入	2026-04-13T01:27:08+08:00
Callosité	sf		老茧	lao kié	’lao ’kié	老趼		94		true	自旧档汇入	2026-04-13T01:27:08+08:00
Calmant	sm		止痛药	’tse t‘ong’ ke’ yah.		止痛个藥		94		true	自旧档汇入	2026-04-13T01:27:08+08:00
Calme	sm		安静，平静	bing eu		平安		94		true	自旧档汇入	2026-04-13T01:27:08+08:00
Calme	sm		安静，平静	t‘a’ bing		太平				true	自旧档汇入	2026-04-13T01:27:08+08:00
Calme	sm		安静，平静	eu zing’ ke’		安静个				true	自旧档汇入	2026-04-13T01:27:08+08:00
Calmer	va		平息	bing		平		94		true	自旧档汇入	2026-04-13T01:27:08+08:00
Calmer	va		平息	bing sih		平息				true	自旧档汇入	2026-04-13T01:27:08+08:00
Calmer	vr	Se --.	变平静	bing eu ’tsé		平安者		94		true	自旧档汇入	2026-04-13T01:27:08+08:00
Calmer	vr	Se --.	变平静	bing sih ’tsé		平息者				true	自旧档汇入	2026-04-13T01:27:08+08:00
Calmer	vr	Se --. v.g.homme en colère.	自己安静下来	sih nou’		息怒		94		true	自旧档汇入	2026-04-13T01:27:08+08:00
Calmer	vr	Se --. v.g.homme en colère.	自己安静下来	siao k‘i’		消氣				true	自旧档汇入	2026-04-13T01:27:08+08:00
Calomel	sm		甘汞，轻粉	k‘ieng ’fen.		輕粉		94		true	自旧档汇入	2026-04-13T01:27:08+08:00
Calomnié	pp		受冤枉	’zeû yeu(’waong)k‘ieuh.		受冤（枉）屈		94		true	自旧档汇入	2026-04-13T01:27:08+08:00
Calomnier	va		冤枉，诬告	yeu ’waong		冤枉		94	待定	true	自旧档汇入	2026-04-13T01:27:08+08:00
Calomnier	va		冤枉，诬告	waong’(wou) kao’		妄（誣）告			待定	true	自旧档汇入	2026-04-13T01:27:08+08:00
Calorique	sm		热气（与热质说有关）	gnéh k‘i’.		熱氣		94		true	自旧档汇入	2026-04-13T01:27:08+08:00
Calotte	sf		小帽子，教士帽	’siao mao’ ’tse [ih tsah].		小帽子[一隻]		94		true	自旧档汇入	2026-04-13T01:27:08+08:00
Calquer	vn	[Dessin]	描画，复制画	yen ’tse ’lao miao.	yen’ ’tse ’lao miao.	印之咾描		94		true	自旧档汇入	2026-04-13T01:27:08+08:00
Calquer	vn	[Caractères]	描写，复制字	yen ’tse ’lao ’sia.	yen’ ’tse ’lao ’sia.	印之咾寫		94		true	自旧档汇入	2026-04-13T01:27:08+08:00
Calvitie	sf		秃头，秃顶	t‘ôh deû		秃頭		94		true	自旧档汇入	2026-04-13T01:27:08+08:00
Calvitie	sf		秃头，秃顶	t‘oh ’ting		秃頂				true	自旧档汇入	2026-04-13T01:27:08+08:00
Camarade	sm	--.Ami.	朋友	dong bé’		同伴；朋友		94		true	自旧档汇入	2026-04-13T01:27:08+08:00
Camarade	sm	--.Ami.	朋友	baong ’yeû	bang ’yeû					true	自旧档汇入	2026-04-13T01:27:08+08:00
Camarade	sm	-- d'école.	同学	dong ts‘aong		同窗		94		true	自旧档汇入	2026-04-13T01:27:08+08:00
Camarade	sm	-- d'école.	同学	dong hoh (gné’)		同學（硯）				true	自旧档汇入	2026-04-13T01:27:08+08:00
Camarade	sm	-- d'école.	同学	ts‘aong ’yeû		窗友				true	自旧档汇入	2026-04-13T01:27:08+08:00
Camard, Camus(Nez)	adj		鼻子塌，不挺的	t‘èh biéh deû.		塌鼻頭		95		true	自旧档汇入	2026-04-13T01:27:08+08:00
Cambouis	sm		废油，机械油污	t‘ih yeû tsouo.		鐡油渣		95		true	自旧档汇入	2026-04-13T01:27:08+08:00
Camélia	sm		山楂，茶花	sè zouo		山楂	山茶	95	待定	true	自旧档汇入	2026-04-13T01:27:08+08:00
Camélia	sm		山楂，茶花	zouo h‘ouo		茶花				true	自旧档汇入	2026-04-13T01:27:08+08:00
Camelot	sm		羽毛，羽纱	’yu mao		羽毛				true	自旧档汇入	2026-04-13T01:27:08+08:00
Camelot	sm		羽毛，羽纱	’yu souo		羽紗				true	自旧档汇入	2026-04-13T01:27:08+08:00
Camelot	sm		羽毛，羽纱	’yu deu’		羽緞				true	自旧档汇入	2026-04-13T01:27:08+08:00
Camelote	sf		废品，次品	fi’ liao’.		廢料		95		true	自旧档汇入	2026-04-13T01:27:08+08:00
Camomille	sf		菊花	kiôh h‘ouo.		菊花		95		true	自旧档汇入	2026-04-13T01:27:08+08:00
Camp	sm		兵营	ping yeng,		兵營		95		true	自旧档汇入	2026-04-13T01:27:08+08:00
Camp	sm		兵营	yeng bé		營盤				true	自旧档汇入	2026-04-13T01:27:08+08:00
Camp	sm	Etablir un --. 	驻扎兵营	tsèh yeng; 		紮營；		95		true	自旧档汇入	2026-04-13T01:27:08+08:00
Camp	sm	Lever ,,.	撤营	bèh yeng.		拔營		95		true	自旧档汇入	2026-04-13T01:27:08+08:00
Campagnard	sm		乡下人	hiang ’hao gnen.		鄉下人		95		true	自旧档汇入	2026-04-13T01:27:08+08:00
Campagne	sf		乡下	hiang ’hao		鄉下		95		true	自旧档汇入	2026-04-13T01:27:08+08:00
Campagne	sf		乡下	hiang kiè		鄉間				true	自旧档汇入	2026-04-13T01:27:08+08:00
Campagne	sf	Travaux de la --.	种田的劳作	’tsong dié sang wéh		種田生活		95		true	自旧档汇入	2026-04-13T01:27:08+08:00
Campagne	sf	Expédition: mettre des soldats en --.	出兵	fèh ping		發兵		95		true	自旧档汇入	2026-04-13T01:27:08+08:00
Campagne	sf	Expédition: mettre des soldats en --.	出兵	ts‘éh ping		出兵				true	自旧档汇入	2026-04-13T01:27:08+08:00
Campagnol	sm		田鼠	ts‘aong ’lao ’se [ih tsah]		倉老鼠[一隻]		95		true	自旧档汇入	2026-04-13T01:27:08+08:00
Campanile	sm		小钟楼	’siao tsong(leû)ding ’tse.		小鐘（樓）亭子		95		true	自旧档汇入	2026-04-13T01:27:08+08:00
Campêche(Bois de)	sm		苏木	souo (sou) moh		杪（蘇）木		95	待定	true	自旧档汇入	2026-04-13T01:27:08+08:00
Campêche(Bois de)	sm		苏木	souo (sou) faong		杪（蘇）枋			待定	true	自旧档汇入	2026-04-13T01:27:08+08:00
Camphre	sm		樟脑	tsaong ’nao		樟腦		95		true	自旧档汇入	2026-04-13T01:27:08+08:00
Camphrée(Eau-de-vie)	adj		樟脑烧酒	tsaong ’nao sao ’tsieû. 		樟腦燒酒		95		true	自旧档汇入	2026-04-13T01:27:08+08:00
Camphrier	sm		樟树	hiang tsaong zu’		香樟樹		95		true	自旧档汇入	2026-04-13T01:27:08+08:00
Camphrier	sm		樟树	tsaong moh		樟木				true	自旧档汇入	2026-04-13T01:27:08+08:00
Canaille	sf	[injure]	流氓，恶棍	laong’ daong’		浪宕	[走良]趤	95		true	自旧档汇入	2026-04-13T01:27:08+08:00
Canaille	sf	[injure]	流氓，恶棍	t‘èh bi		撻皮				true	自旧档汇入	2026-04-13T01:27:08+08:00
Canaille	sf	[injure]	流氓，恶棍	di’ ’koen		地棍				true	自旧档汇入	2026-04-13T01:27:08+08:00
Canaille	sf	[injure]	流氓，恶棍	méh dai’		末代				true	自旧档汇入	2026-04-13T01:27:08+08:00
Canaille	sf	[injure]	流氓，恶棍	’hao lieû		下流				true	自旧档汇入	2026-04-13T01:27:08+08:00
Canal (Conduit prl'eau)	sm		水沟	keû		溝		95	格式	true	自旧档汇入	2026-04-13T01:27:08+08:00
Canal (Conduit prl'eau)	sm		水沟	’se keû [ih diao]		水溝[一條]				true	自旧档汇入	2026-04-13T01:27:08+08:00
Canal	sm	-- de navigation.	河	wou [ih diao].		河[一條]		95		true	自旧档汇入	2026-04-13T01:27:08+08:00
Canal	sm	Le -- impérial.	官河，运粮河	koé wou		官河		95		true	自旧档汇入	2026-04-13T01:27:08+08:00
Canal	sm	Le -- impérial.	官河，运粮河	yun’ liang wou		運粮河			保留簡體	true	自旧档汇入	2026-04-13T01:27:08+08:00
Canal	sm	-- du transport des sels.	运盐河	yé (yun’) wou.		鹽（運）河		95		true	自旧档汇入	2026-04-13T01:27:08+08:00
Canapé	sm		坐床，匟床	k‘aong’ zaong [ih tsah].		匟床[一隻]		95		true	自旧档汇入	2026-04-13T01:27:08+08:00
Canapé	sm	Petite table sur le --.	坐床上的小桌子	k‘aong’ ki’	k‘aong’ ki	匟几		95		true	自旧档汇入	2026-04-13T01:27:08+08:00
Canard	sm	#NAME?		èh  [ih tsah]		鴨[一隻]		95		true	自旧档汇入	2026-04-13T01:27:08+08:00
Canard	sm	#NAME?		yeu yang		鴛鴦				true	自旧档汇入	2026-04-13T01:27:08+08:00
Canari	sm		金丝雀	ze zen ’tiao [ih tsah].		時辰窵[一隻]	時辰鳥[一隻]	95		true	自旧档汇入	2026-04-13T01:27:08+08:00
Cancan	sm		谣言	yao yé		謡言		95		true	自旧档汇入	2026-04-13T01:27:08+08:00
Cancan	sm		谣言	hèh wo’	h‘èh wo’	瞎話				true	自旧档汇入	2026-04-13T01:27:08+08:00
Cancaner	vn		散布谣言	zao’ yao yé (seh wo’).		造謡言（説話）		95		true	自旧档汇入	2026-04-13T01:27:08+08:00
Cancanier	adj		爱散布谣言的	foé ’hi wo’ zang wo’ ’teu ke’.		歡喜話長話短个		95		true	自旧档汇入	2026-04-13T01:27:08+08:00
Cancer	sm		烂疮	yong tsu		癰疽		95	待定	true	自旧档汇入	2026-04-13T01:27:08+08:00
Cancer	sm		烂疮	lè’ ts‘aong		爛瘡				true	自旧档汇入	2026-04-13T01:27:08+08:00
Cancer	sm	Constellation.	鬼宿，巨蟹座	’koei sieû’.		鬼宿		95		true	自旧档汇入	2026-04-13T01:27:08+08:00
Cancre	sm		海蟹	’h‘a		蟹		95	格式	true	自旧档汇入	2026-04-13T01:27:08+08:00
Cancre	sm		海蟹	bang ghi [ih tsah]		蟚蜞[一隻]				true	自旧档汇入	2026-04-13T01:27:08+08:00
Cancrelat	sm		蟑螂	zang laong		長蜋		95	待定	true	自旧档汇入	2026-04-13T01:27:08+08:00
Candi(Sucre)	adj		冰糖	ping daong.		冰糖		96		true	自旧档汇入	2026-04-13T01:27:08+08:00
Candidat	sm	-- au baccal.	童生	dong sang.		童生		96		true	自旧档汇入	2026-04-13T01:27:08+08:00
Candidat	sm	-- aux charges.	候补员	heû’ ’pou.		候補		96		true	自旧档汇入	2026-04-13T01:27:08+08:00
Candide	adj	Pur.Franc.	淳朴的，老实的，天真的	kiéh bah		潔白		96		true	自旧档汇入	2026-04-13T01:27:08+08:00
Candide	adj	Pur.Franc.	淳朴的，老实的，天真的	’lao zéh		老實			另作“牢實”	true	自旧档汇入	2026-04-13T01:27:08+08:00
Candide	adj	Pur.Franc.	淳朴的，老实的，天真的	ih k‘oei’ t‘ié tsen		一塊天真				true	自旧档汇入	2026-04-13T01:27:08+08:00
Cane	sf		雌鸭	ts‘e èh;		雌鴨		96		true	自旧档汇入	2026-04-13T01:27:08+08:00
Caneton	sm		小鸭	siao èh.	’siao èh.	小鴨		96		true	自旧档汇入	2026-04-13T01:27:08+08:00
Canevas	sm	Toile claire.	帆布	hi pou’ [ih p‘ieh]		稀布[一匹]		96		true	自旧档汇入	2026-04-13T01:27:08+08:00
Canevas	sm	Ebauche.	提纲	di moh.		題目		96		true	自旧档汇入	2026-04-13T01:27:08+08:00
Cangue	sf		枷	ka [ih mié’]		枷[一面]		96		true	自旧档汇入	2026-04-13T01:27:08+08:00
Cangue	sf	Porter la --.	戴枷	ta’ ka.		戴枷		96		true	自旧档汇入	2026-04-13T01:27:08+08:00
Caniculaires(Jours)	adj		炎热的，热浪侵袭的	da’ ’su		大暑		96		true	自旧档汇入	2026-04-13T01:27:08+08:00
Caniculaires(Jours)	adj		炎热的，热浪侵袭的	da’ woh		大伏				true	自旧档汇入	2026-04-13T01:27:08+08:00
Caniculaires(Jours)	adj		炎热的，热浪侵袭的	woh t‘ié		伏天				true	自旧档汇入	2026-04-13T01:27:08+08:00
Caniculaires(Jours)	adj		炎热的，热浪侵袭的	woh ’li		伏裏				true	自旧档汇入	2026-04-13T01:27:08+08:00
Canicule	sf	L'étoile Sirius.	天狼星	t‘ié laong.		天狼		96		true	自旧档汇入	2026-04-13T01:27:08+08:00
Canif	sm		小刀	’siao tao [ih ’pouo].		小刀[一把]		96		true	自旧档汇入	2026-04-13T01:27:08+08:00
Canine(Dent)	sf		犬牙	’keû nga ’ts‘e	’keû nga ’ts‘e	狗牙齒		96		true	自旧档汇入	2026-04-13T01:27:08+08:00
Canine(Dent)	sf		犬牙	hou nga ’ts‘e	’h‘ou nga ’ts‘e	虎牙齒				true	自旧档汇入	2026-04-13T01:27:08+08:00
Canne	sf	Bâton.	手杖，拐杖	zang	zang’	杖		96	格式	true	自旧档汇入	2026-04-13T01:27:08+08:00
Canne	sf	Bâton.	手杖，拐杖	’koa (’wa) ’baong		拐棒				true	自旧档汇入	2026-04-13T01:27:08+08:00
Canne	sf	Bâton.	手杖，拐杖	’koa(’wa)’koen [ih ken].		拐棍[一根]			待定	true	自旧档汇入	2026-04-13T01:27:08+08:00
Canne	sf	-- en bambou.	竹竿	tsôh keu.		竹竿		96		true	自旧档汇入	2026-04-13T01:27:08+08:00
Canne	sf	-- à sucre.	甘蔗	ké tsouo.		甘蔗		96		true	自旧档汇入	2026-04-13T01:27:08+08:00
Cannelier	sm		肉桂树	koei’ zu [ih k‘ou]	koei’ zu’ [ih k‘ou]	桂樹[一顆]		96		true	自旧档汇入	2026-04-13T01:27:08+08:00
Cannelle	sf		肉桂 	koei’ bi		桂皮		96		true	自旧档汇入	2026-04-13T01:27:08+08:00
Cannelle	sf		肉桂 	gnôh koei’		肉桂				true	自旧档汇入	2026-04-13T01:27:08+08:00
Cannelure	sf		沟槽	’é(yen)sié	é’(yen)sié’	暗（陰）綫		96	格式	true	自旧档汇入	2026-04-13T01:27:08+08:00
Cannelure	sf		沟槽	zao [ih diao]		槽[一條]			原作“糟[一條]”	true	自旧档汇入	2026-04-13T01:27:08+08:00
Cannibale	sm		食人者	k‘ieh gnen ke’ ’ya gnen.		吃人个野人		96		true	自旧档汇入	2026-04-13T01:27:08+08:00
Canon	sm		炮	p‘ao’；		炮		96		true	自旧档汇入	2026-04-13T01:27:08+08:00
Canon	sm	#NAME?	螺纹炮	lou se p‘ao’ [ih ke’, ih tsen].		螺螄炮[一个，一樽]		96	待定	true	自旧档汇入	2026-04-13T01:27:08+08:00
Canon	sm	Tirer le --.	放炮	faong’ p‘ao’.		放炮		96		true	自旧档汇入	2026-04-13T01:27:08+08:00
Canon	sm	Charger le --.	装炮弹	tsaong ’k‘i p‘ao’ lai.		裝起炮來		96		true	自旧档汇入	2026-04-13T01:27:08+08:00
Canon	sm	Amedu --.	炮膛	p‘ao’ daong.		炮膛		96		true	自旧档汇入	2026-04-13T01:27:08+08:00
Canon	sm	Lumière du --.	炮的火门	’h‘ou men.		火門		96		true	自旧档汇入	2026-04-13T01:27:08+08:00
Canon	sm	Tube d'une arme à feu.	枪炮的管	p‘ao’ (ts‘iang) ’koé ’tse.		炮（槍）管子		96		true	自旧档汇入	2026-04-13T01:27:08+08:00
Canon	sm	Décision de l'Eglise.(C.)	教规	seng’ kiao’ ding koei.	seng’ kiao’ ding’ koei.	聖教定規		96		true	自旧档汇入	2026-04-13T01:27:08+08:00
Canon	sm	Droit --. (C.)	教会法	seng’ kiao’ lih li’		聖教律例		96		true	自旧档汇入	2026-04-13T01:27:08+08:00
Canon	sm	-- d'autel. (C.)	祭坛上的经牌	kieng yéh ’tse		經葉子		96		true	自旧档汇入	2026-04-13T01:27:08+08:00
Canon	sm	-- d'autel. (C.)	祭坛上的经牌	kieng ba ’tse		經牌子				true	自旧档汇入	2026-04-13T01:27:08+08:00
Canonique	adj.(C.)		符合教规的	tsao’ seng’ kiao wei’ koei ’kiu.	tsao’ seng’ kiao’ wei’ koei ’kiu.	照聖教會規矩		96		true	自旧档汇入	2026-04-13T01:27:08+08:00
Canonisé	pp.(C.)		被封圣人的	lih ’p‘in seng’ gnen.		列品聖人		96		true	自旧档汇入	2026-04-13T01:27:08+08:00
Canoniser	va.(C.)		封……为圣人	lih zéh seng’ ’p‘in.		列入聖品		96		true	自旧档汇入	2026-04-13T01:27:08+08:00
Canonnier	sm		炮手	p‘ao’ ’seû (ping).		炮手（兵）		96		true	自旧档汇入	2026-04-13T01:27:08+08:00
Canonière	sf		炮船	p‘ao’ zé [ih tsah].		炮船[一隻]		96		true	自旧档汇入	2026-04-13T01:27:08+08:00
Canot	sm		小船	’siao zé [ih tsah].		小船[一隻]		96		true	自旧档汇入	2026-04-13T01:27:08+08:00
Cantharide	sf	#NAME?	斑蝥	pè mao zong [ih tsah].		螌蝥虫[一隻]	？？	96	待定 保留簡體	true	自旧档汇入	2026-04-13T01:27:08+08:00
Cantique	sm		圣歌	seng’ kou.		聖歌		96		true	自旧档汇入	2026-04-13T01:27:08+08:00
Canton (district)	sm		县	yeu’ ven’		縣分		96		true	自旧档汇入	2026-04-13T01:27:08+08:00
Canton (district)	sm		县	dou’ tsen	dou’ tsen’	大鎮		96		true	自旧档汇入	2026-04-13T01:27:08+08:00
Canton (district)	sm	Mandarin de --.	分司	fen se.		分司		97		true	自旧档汇入	2026-04-13T01:27:08+08:00
Canton (Province)	sm		广东	’koang tong.		廣東		97		true	自旧档汇入	2026-04-13T01:27:08+08:00
Canton (Province)	sm	Sa capitale.	广州府	’koang-tseu ’fou.	’koang-tseû ’fou.	廣州府		97		true	自旧档汇入	2026-04-13T01:27:08+08:00
Cantonner	va	-- les troupes.	调兵，分散人马	diao ping		調兵		97		true	自旧档汇入	2026-04-13T01:27:08+08:00
Cantonner	va	-- les troupes.	调兵，分散人马	fen sè’ gnen ’mô		分散人馬				true	自旧档汇入	2026-04-13T01:27:08+08:00
Cantonner	vn		屯兵驻扎	den ping		屯兵		97		true	自旧档汇入	2026-04-13T01:27:08+08:00
Cantonner	vn		屯兵驻扎	tsu’ tsèh		駐紮				true	自旧档汇入	2026-04-13T01:27:08+08:00
Cap	sm		海角	’h‘ai koh		海角		97		true	自旧档汇入	2026-04-13T01:27:08+08:00
Cap	sm	Mettre le -- sur.	朝……直着前进	ih zeh hiang’…k‘i’		一直向…去				true	自旧档汇入	2026-04-13T01:27:08+08:00
Capable	adj		能干的，有能力的	neng keu’		能幹		97		true	自旧档汇入	2026-04-13T01:27:08+08:00
Capable	adj		能干的，有能力的	neng gnen		能人				true	自旧档汇入	2026-04-13T01:27:08+08:00
Capable	adj	Très --.	特有才干	dou’ zai keu’.		大才幹		97		true	自旧档汇入	2026-04-13T01:27:08+08:00
Capable	adj	Il est -- de tout (en mauv. part).	无所不为（贬义）	wou ’sou péh wei.		無所不爲		97		true	自旧档汇入	2026-04-13T01:27:08+08:00
Capacité	sf		才能，本事	’pen ze’		本事		97		true	自旧档汇入	2026-04-13T01:27:08+08:00
Capacité	sf		才能，本事	zai neng		材能	才能			true	自旧档汇入	2026-04-13T01:27:08+08:00
Capacité	sf		才能，本事	zai zing		才情				true	自旧档汇入	2026-04-13T01:27:08+08:00
Capacité	sf		才能，本事	’h‘ao ’seû deu’		好手段				true	自旧档汇入	2026-04-13T01:27:08+08:00
Capacité	sf	Sans --.	没本事的，没才干的	m ’pen ze’		無本事	嘸本事	97		true	自旧档汇入	2026-04-13T01:27:08+08:00
				m zai keu’		無才幹	嘸才幹			true	自旧档汇入	2026-04-13T01:27:08+08:00
				toh t‘éh fou’		搗脱貨	厾脱貨			true	自旧档汇入	2026-04-13T01:27:08+08:00
Capacité	sf	Savoir.	有学问的	’yeû zai(hoh)zing		有才（學）情		97		true	自旧档汇入	2026-04-13T01:27:08+08:00
				hoh ven		學問				true	自旧档汇入	2026-04-13T01:27:08+08:00
Capacité	sf	--(d'un récipient).	能放（装）得下的多少	tsah(faong’)(tsoang)teh loh tou ’sao.		着（放）（裝）得落多少		97		true	自旧档汇入	2026-04-13T01:27:08+08:00
Capacité	sf	Mesures de --.	量体积的容器	sen ’k‘eû		升口		97	待定	true	自旧档汇入	2026-04-13T01:27:08+08:00
Capacité	sf	Mesures de --.	量体积的容器	’teû ’k‘eû		斗口				true	自旧档汇入	2026-04-13T01:27:08+08:00
Capacité	sf	Mesures de --.	量体积的容器	woh k‘eû	woh ’k‘eû	斛口				true	自旧档汇入	2026-04-13T01:27:08+08:00
Caparaçon	sm		马衣，披在马上的布	p‘i ’la ’mô laong’ ke’ gnong tè.		披拉馬上个絨單		97		true	自旧档汇入	2026-04-13T01:27:08+08:00
Capitaine	sm	[infanterie]	指挥司令	tou se		都司		97		true	自旧档汇入	2026-04-13T01:27:08+08:00
Capitaine	sm	[infanterie]	指挥司令	tou k‘oen’ ’fou		都閫府			待定	true	自旧档汇入	2026-04-13T01:27:08+08:00
Capitaine	sm	-- d'un navire.	船长	zé ’tsu		船主		97		true	自旧档汇入	2026-04-13T01:27:08+08:00
Capitaine	sm	-- d'un navire.	船长	zé ’pè ’tsu		船板主				true	自旧档汇入	2026-04-13T01:27:08+08:00
Capital	sm		资本	’pen dié.		本錢		97		true	自旧档汇入	2026-04-13T01:27:08+08:00
Capital	adj	Principal.	最重要的	tsu’ yao’ ’kien ke’.		最要緊个		97		true	自旧档汇入	2026-04-13T01:27:08+08:00
Capital	sm	Crime --. 	最重的罪	’si (sèh) zu’		死（殺）罪		97		true	自旧档汇入	2026-04-13T01:27:08+08:00
Capital	sm	Cause --e.	重要的案件	ming’ eu’.		命案		97		true	自旧档汇入	2026-04-13T01:27:08+08:00
Capital	sm	Les 7 péchés capitaux.	七宗罪	ts‘ih zu’ tsong.		七罪宗		97		true	自旧档汇入	2026-04-13T01:27:08+08:00
Capitale	sf	-- d'un royaume.	首都	kieng zeng		京城		97		true	自旧档汇入	2026-04-13T01:27:08+08:00
Capitale	sf	-- d'un royaume.	首都	kieng tou		京都				true	自旧档汇入	2026-04-13T01:27:08+08:00
Capitale	sf	-- du nord ou Pékin.	北京	pôh kieng		北京		97		true	自旧档汇入	2026-04-13T01:27:08+08:00
Capitale	sf	-- du nord ou Pékin.	北京	zen’ t‘ie’ ’fou	zen’ t‘ie ’fou	順天府				true	自旧档汇入	2026-04-13T01:27:08+08:00
Capitale	sf	-- du midi ou Nankin.	南京	né kieng		南京		97		true	自旧档汇入	2026-04-13T01:27:08+08:00
Capitale	sf	-- du midi ou Nankin.	南京	kaong gneng ’fou		江寧府				true	自旧档汇入	2026-04-13T01:27:08+08:00
Capitale	sf	-- d'une province.	省城	’sang zeng.		省城		97		true	自旧档汇入	2026-04-13T01:27:08+08:00
Capituler	vn		投降	deû haong.		投降		97		true	自旧档汇入	2026-04-13T01:27:08+08:00
Caporal	sm		外委千总，汛地官	ngah wai’ wai’ ’wei		額外外委		97	字形	true	自旧档汇入	2026-04-13T01:27:08+08:00
Caporal	sm		外委千总，汛地官	sin’ di’ koé		汛地官			待定	true	自旧档汇入	2026-04-13T01:27:08+08:00
Capote	sf	-- d'une voiture.	车帐	ts‘ouo tsang’ ’tse.		車帳子		97		true	自旧档汇入	2026-04-13T01:27:08+08:00
Caprice	sm	Se livrer.	偏心，念私情	se i’		私意		97		true	自旧档汇入	2026-04-13T01:27:08+08:00
Caprice	sm	Se livrer.	偏心，念私情	p‘ié sin		偏心				true	自旧档汇入	2026-04-13T01:27:08+08:00
Caprice	sm	à son --.	乱发脾气	fèh bi k‘i’		發脾氣		97		true	自旧档汇入	2026-04-13T01:27:08+08:00
Caprice	sm	à son --.	乱发脾气	ts‘en’ ze’ ka se sin		趁自家私心			待定	true	自旧档汇入	2026-04-13T01:27:08+08:00
Capricieux	adj		任性多变，不安分	sè sin ’liang i’		三心兩意		97		true	自旧档汇入	2026-04-13T01:27:08+08:00
Capricieux	adj		任性多变，不安分	sin véh ding’		心勿定		97		true	自旧档汇入	2026-04-13T01:27:08+08:00
Capricieux	adj		任性多变，不安分	sin wéh ke’		心活个		97		true	自旧档汇入	2026-04-13T01:27:08+08:00
Capricieux	adj		任性多变，不安分	yôh t‘en yôh t‘ou’		欲吞欲吐		97		true	自旧档汇入	2026-04-13T01:27:08+08:00
Capricorne	sm	Signe du Zodiaque.	宿牛，摩羯座	sieû gneû.	sieû’ gneû.	宿牛		98		true	自旧档汇入	2026-04-13T01:27:08+08:00
Capsule	sf	Amorce.	雷管	dong (mao’) p‘ao’ ’tse		銅（帽）炮子		98		true	自旧档汇入	2026-04-13T01:27:08+08:00
Capsule	sf	Amorce.	雷管	’h‘ou lié		火鐮				true	自旧档汇入	2026-04-13T01:27:08+08:00
Capter	va	-- les bonnes grâces de qqn.	阿谀奉承某人	ts‘u wong’		趨奉		98		true	自旧档汇入	2026-04-13T01:27:08+08:00
Capter	va	-- les bonnes grâces de qqn.	阿谀奉承某人	wong’ zeng		奉承				true	自旧档汇入	2026-04-13T01:27:08+08:00
Capter	va	-- les bonnes grâces de qqn.	阿谀奉承某人	teh gnen sin		得人心				true	自旧档汇入	2026-04-13T01:27:08+08:00
Captieux	adj	Discours --.	油嘴滑舌的，似是而非的	h‘ouo deû h‘ouo ’nao		花頭花腦		98		true	自旧档汇入	2026-04-13T01:27:08+08:00
Captieux	adj	Discours --.	油嘴滑舌的，似是而非的	ze’ ze’ eul fi ke’ seh wo’		似是而非个説話				true	自旧档汇入	2026-04-13T01:27:08+08:00
Captif	adj	Emmener qqn --.	被囚禁的；把某人囚禁起来	zieû ’vè		囚犯		98		true	自旧档汇入	2026-04-13T01:27:08+08:00
Captif	adj	Emmener qqn --.	被囚禁的；把某人囚禁起来	’lou k‘i	’lou k‘i’	擄去				true	自旧档汇入	2026-04-13T01:27:08+08:00
Capturer	va		逮捕，抓住	’ts‘iang zah		搶着		98		true	自旧档汇入	2026-04-13T01:27:08+08:00
Capturer	va		逮捕，抓住	tsoh zah		捉着				true	自旧档汇入	2026-04-13T01:27:08+08:00
Capuchon	sm		风帽，帽兜	fong teû		風兜		98		true	自旧档汇入	2026-04-13T01:27:08+08:00
Capuchon	sm		风帽，帽兜	fong mao’		風帽				true	自旧档汇入	2026-04-13T01:27:08+08:00
Caquet	sm	Rabattre le --.	使某人住口	seh zu’ gnen ke’ ’tse.		塞住人个嘴		98		true	自旧档汇入	2026-04-13T01:27:08+08:00
Caqueter	vn	La poule caquète.	母鸡叫	ki kiao’ (kao’ dè’).		鷄叫（告蛋）		98	待定	true	自旧档汇入	2026-04-13T01:27:08+08:00
Caqueter	vn	Babiller.	喋喋不休地说话	tsi li tsa la tou seh wo’ lai.		嚌哩[口叉]拉多説話來	嚌哩？拉多説話來	98		true	自旧档汇入	2026-04-13T01:27:08+08:00
Car	conj		因为	yen wei’.		因爲		98		true	自旧档汇入	2026-04-13T01:27:08+08:00
Carabine	sf		卡宾枪	lou se ’zé ts‘iang [ih ken]	lou se zé ts‘iang [ih ken]	螺螄纏槍[一根]		98		true	自旧档汇入	2026-04-13T01:27:08+08:00
Caractère(d'écriture)	sm		字	ze’		字		98		true	自旧档汇入	2026-04-13T01:27:08+08:00
Caractère(d'écriture)	sm		字	ze’ ’ngè		字眼				true	自旧档汇入	2026-04-13T01:27:08+08:00
Caractère	sm	--s mobiles.	（印刷）的活版	wéh ’pè.		活板		98		true	自旧档汇入	2026-04-13T01:27:08+08:00
Caractère	sm	Nature de l'âme.	性格，脾性	sing’ zing		性情		98		true	自旧档汇入	2026-04-13T01:27:08+08:00
Caractère	sm	Nature de l'âme.	性格，脾性	bi k‘i’		脾氣				true	自旧档汇入	2026-04-13T01:27:08+08:00
Caractère	sm	Nature de l'âme.	性格，脾性	sing’ ’tse		性子				true	自旧档汇入	2026-04-13T01:27:08+08:00
Caractère	sm	Nature de l'âme.	性格，脾性	sing’ kah		性格				true	自旧档汇入	2026-04-13T01:27:08+08:00
Caractère	sm	Avoir un mauvais --.	性格不好，脾气坏	bi k‘i’ k‘ieû.		脾氣恘		98		true	自旧档汇入	2026-04-13T01:27:08+08:00
Caractère	sm	Force d'âme.	志气	tse’ k‘i’;		志氣		98		true	自旧档汇入	2026-04-13T01:27:08+08:00
Caractère	sm	Avoir du --.	有志气	’yeû tse’ k‘i’.		有志氣		98		true	自旧档汇入	2026-04-13T01:27:08+08:00
Caractère	sm	Marque spirituelle.(C.)	神号	zen hao’.		神號		98		true	自旧档汇入	2026-04-13T01:27:08+08:00
Carapace	sf	de tortue	龟壳	koei k‘oh.		龜殼		98	字形	true	自旧档汇入	2026-04-13T01:27:08+08:00
Carapace	sf	,, ,, d'eau.	鳖壳	pih k‘oh.		鼈殼		98	待定	true	自旧档汇入	2026-04-13T01:27:08+08:00
Caravane	sf	Former une --.	结伴搭伙	’long (kiéh) paong		攏（結）帮		98		true	自旧档汇入	2026-04-13T01:27:08+08:00
Caravane	sf	Former une --.	结伴搭伙	tèh bé	tèh bé’	搭伴				true	自旧档汇入	2026-04-13T01:27:08+08:00
Carbonate	sm	#NAME?	石灰石	yeu tsing zah.		玄精石		98	字形	true	自旧档汇入	2026-04-13T01:27:08+08:00
Carbonifère[terrain]	adj		煤矿，煤山	ts‘éh mei ke’ di’ faong		出煤个地方		98		true	自旧档汇入	2026-04-13T01:27:08+08:00
Carbonifère[terrain]	adj		煤矿，煤山	mei sè		煤山				true	自旧档汇入	2026-04-13T01:27:08+08:00
Carboniser	va		烧煤	sao t‘è’.		燒炭		98		true	自旧档汇入	2026-04-13T01:27:08+08:00
Carcan	sm		铁链	bou dao lié diao	bou dao lié’ diao	葡萄鏈條		98		true	自旧档汇入	2026-04-13T01:27:08+08:00
Carcasse.	sf	-- d'un animal.	枯骨	k‘ou koéh		枯骨		98		true	自旧档汇入	2026-04-13T01:27:08+08:00
Carcasse.	sf	-- d'un animal.	枯骨	se yai		屍骸			待定	true	自旧档汇入	2026-04-13T01:27:08+08:00
Carcasse.	sf	-- d'un navire.	船骨	zé ka’ ’tse.		船架子		98		true	自旧档汇入	2026-04-13T01:27:08+08:00
Carde	sf		起绒钢丝机	t‘ih séh ’tse		鉄刷子		98	保留簡體	true	自旧档汇入	2026-04-13T01:27:08+08:00
Carde	sf		起绒钢丝机	t‘ih ’tseû		鐵帚				true	自旧档汇入	2026-04-13T01:27:08+08:00
Cardinal	sm	(C.)	红衣主教	hong i ’tsu kiao’		紅衣主教		98		true	自旧档汇入	2026-04-13T01:27:08+08:00
Cardinal	sm	(C.)	红衣主教	k‘iu ki da’ zen		樞機大臣				true	自旧档汇入	2026-04-13T01:27:08+08:00
Cardinal	adj	Les 4 points cardinaux: E. O. S . N.	四个方向：东南西北	se’ hiang : tong; si; né; pôh.	se’ hiang’ : tong; si; né; pôh.	四向：東，西，南，北		98	標點符號	true	自旧档汇入	2026-04-13T01:27:08+08:00
Cardinal	adj	Les 4 vertus --es : Force. Justice. Tempérance. Prudence.	四枢德：勇义节智	se’ k‘iu teh : yong; gni’; tsih; tse’.	se’ k‘iu teh : ’yong; gni’; tsih; tse’.	四樞德：勇；義；節；智		98	標點符號	true	自旧档汇入	2026-04-13T01:27:08+08:00
Cardinal	adj	Les 5 vertus --es [Chine]: Humanité. Justice. Urbanité. Prudence. Fidélité.	五常：仁，义；礼；智；信	ou zang : zen; gni’; ’li; tse’; sin’.		五常：仁；義；禮；智；信		99	標點符號	true	自旧档汇入	2026-04-13T01:27:08+08:00
Carême	sm		封斋	fong tsa.		封齋		99		true	自旧档汇入	2026-04-13T01:27:08+08:00
Carène	sf		船的底部	zé ’ti.		船底		99		true	自旧档汇入	2026-04-13T01:27:08+08:00
Caresser	va	-- de la main.	拉，抚摸	’yen		引		99		true	自旧档汇入	2026-04-13T01:27:08+08:00
Caresser	va	-- de la main.	拉，抚摸	bou’ p‘ah		捕拍				true	自旧档汇入	2026-04-13T01:27:08+08:00
Caresser	va	Témoigner de l'affection.	奉承	wong’ zeng.		奉承		99		true	自旧档汇入	2026-04-13T01:27:08+08:00
Cargaison	sf		船上的货物	zé laong’ tsaong ’la ke’ fou’ seh.		船上裝拉个貨色		99		true	自旧档汇入	2026-04-13T01:27:08+08:00
Carguer	va	-- les voiles.	把帆收起来	bong ’kieu ’kieu ’h‘ao.		篷捲捲好		99	待定	true	自旧档汇入	2026-04-13T01:27:08+08:00
Caricature	sf		鬼脸，不好看的表情	koa’ ziang’		怪像		99		true	自旧档汇入	2026-04-13T01:27:08+08:00
				pè’ ’kiu lié		扮鬼臉				true	自旧档汇入	2026-04-13T01:27:08+08:00
Carie	sf		蛀了的、烂了的东西	lè tsu.	lè’ tsu’.	爛蛀		99		true	自旧档汇入	2026-04-13T01:27:08+08:00
Carié.	adj		蛀了的、烂了的	lè’ ke’	lè’ ke’	爛个		99		true	自旧档汇入	2026-04-13T01:27:08+08:00
Carié.	adj		蛀了的、烂了的	tsu kè’	tsu’ kè’	蛀个				true	自旧档汇入	2026-04-13T01:27:08+08:00
Carmel	sm		圣衣院	seng’ i yeu’.		聖衣院		99		true	自旧档汇入	2026-04-13T01:27:08+08:00
Carmélite.(C.)	sf		圣衣会修女	seng’ i wei’ sieû ’gnu.		聖衣會修女		99		true	自旧档汇入	2026-04-13T01:27:08+08:00
Carmin	sm		洋红色	yang hong		洋紅		99		true	自旧档汇入	2026-04-13T01:27:08+08:00
Carmin	sm		洋红色	ih ’p‘in hong		一品紅				true	自旧档汇入	2026-04-13T01:27:08+08:00
Carnage (Faire un)	sm		屠杀	leu’ sèh gnen		亂殺人		99		true	自旧档汇入	2026-04-13T01:27:08+08:00
Carnage (Faire un)	sm		屠杀	gnen sèh teh tou		人殺得多				true	自旧档汇入	2026-04-13T01:27:08+08:00
Carnassier, Carnivore	sm		食肉动物	k‘ieh gnôh tsong’ sang.	k‘ieh gnôh tsong sang.	吃肉中生		99		true	自旧档汇入	2026-04-13T01:27:08+08:00
Carnation	sf		肉色	gnôh seh.		肉色		99		true	自旧档汇入	2026-04-13T01:27:08+08:00
Carnet	sm		手折，小簿子	kieng tséh		經摺		99		true	自旧档汇入	2026-04-13T01:27:08+08:00
Carnet	sm		手折，小簿子	tséh ’tse		摺子				true	自旧档汇入	2026-04-13T01:27:08+08:00
Carnet	sm		手折，小簿子	’siao ’bou ’tse		小簿子				true	自旧档汇入	2026-04-13T01:27:08+08:00
Carolus	sm	Piastre espagnole.	西班牙银元，本洋	’pen yang [ih yeu].		本洋[一員]		99		true	自旧档汇入	2026-04-13T01:27:08+08:00
Carotide	sf	Artère du cou.	脖子上的动脉	’kieng mah ’koé.	kien mah ’koé.	筋脉管		99	待定	true	自旧档汇入	2026-04-13T01:27:08+08:00
Carotte	sf		胡萝卜	hong (waong) loh bôh [ih ken]		紅（黄）蘿蔔[一根]		99	待定	true	自旧档汇入	2026-04-13T01:27:08+08:00
Crape	sf	Poisson.	鲤鱼	li n [ih ke’].		鯉魚[一个]		99		true	自旧档汇入	2026-04-13T01:27:08+08:00
Crape	sm	Poignet.	手腕	’seû ga’ koéh.		手骱骨		99	待定	true	自旧档汇入	2026-04-13T01:27:08+08:00
Carquois	sm		箭袋	tsié’ dai’.		箭袋		99		true	自旧档汇入	2026-04-13T01:27:08+08:00
Carré	sm		方形	faong.		方		99		true	自旧档汇入	2026-04-13T01:27:08+08:00
Carré	sm	-- d'un nombre.	某数的平方	ih ’ts‘e zeng faong.	ih ts‘e’ zeng faong.	一次乘方		99		true	自旧档汇入	2026-04-13T01:27:08+08:00
Carré	adj		方形的	se’ faong ke’.		四方个		99		true	自旧档汇入	2026-04-13T01:27:08+08:00
Carreau	sm	Brique carrée.	方砖	faong tsé [ih k‘oei’].		方磚[一塊]		99		true	自旧档汇入	2026-04-13T01:27:08+08:00
Carreau	sm	Vitre.	一块玻璃	ih k‘oei’ pou li.		一塊玻璃		99		true	自旧档汇入	2026-04-13T01:27:08+08:00
Carreau	sm	Fer à repasser.	烙铁	loh t‘ih.		烙鉄		99	保留簡體	true	自旧档汇入	2026-04-13T01:27:08+08:00
Carrefour	sm	2 chemins se croisant.	十字路口	zéh ze’ lou’ ’k‘eû.		十字路口		99		true	自旧档汇入	2026-04-13T01:27:08+08:00
Carrefour	sm	Patte d'oie.	三岔路口	sè ts‘ouo lou’ ’k‘eû.		三叉路口		99		true	自旧档汇入	2026-04-13T01:27:08+08:00
Carrler	va		用砖头铺……	p‘ou		鋪		99		true	自旧档汇入	2026-04-13T01:27:08+08:00
Carrler	va		用砖头铺……	p‘ou faong tsé (tsé deû)		鋪方磚（磚頭）				true	自旧档汇入	2026-04-13T01:27:08+08:00
Carrler	va		用砖头铺……	yong’ tsé deû lai p‘ou		用磚頭來鋪				true	自旧档汇入	2026-04-13T01:27:08+08:00
Carrler	va	Raccommoder de vieux souliers.	修补（皮鞋）	’pou ha ’tse		補鞋子		99		true	自旧档汇入	2026-04-13T01:27:08+08:00
Carrler	va	Raccommoder de vieux souliers.	修补（皮鞋）	sieû ha ’tse		修鞋子				true	自旧档汇入	2026-04-13T01:27:08+08:00
Carrelet	sm		比目鱼	’pi moh n.		比目魚		99		true	自旧档汇入	2026-04-13T01:27:08+08:00
Carrément	adv		方方正正地	se’ faong.		四方		99		true	自旧档汇入	2026-04-13T01:27:08+08:00
Carrément	adv	Coupé --.	裁成四方状	zai lai tih koh se’ faong.		裁來的角四方		100	待定	true	自旧档汇入	2026-04-13T01:27:08+08:00
Carrément	adv	Clair et net : parler --.	说清楚	’kaong ts‘ing ’saong		講清爽		100		true	自旧档汇入	2026-04-13T01:27:08+08:00
Carrément	adv	Clair et net : parler --.	说清楚	wo’ ming bah		話明白				true	自旧档汇入	2026-04-13T01:27:08+08:00
Carrer	va	Tailler carré.	凿成方形	tsou’ faong		做方		100		true	自旧档汇入	2026-04-13T01:27:08+08:00
Carrer	va	Tailler carré.	凿成方形	zoh faong		鑿方				true	自旧档汇入	2026-04-13T01:27:08+08:00
Carrer	vr		自鸣得意，大摇大摆	yao yao ’pa ’pa		摇摇擺擺		100		true	自旧档汇入	2026-04-13T01:27:08+08:00
Carrer	vr		自鸣得意，大摇大摆	teh i’ yang yang		得意揚揚				true	自旧档汇入	2026-04-13T01:27:08+08:00
Carrier	sm		采石工	k‘ai sè ke’.		開山个		100		true	自旧档汇入	2026-04-13T01:27:08+08:00
Carrière	sf		场地	zang.		場		100		true	自旧档汇入	2026-04-13T01:27:08+08:00
Carrière	sf	-- pr eourses.	赛马场	bao ’mô zang.		跑馬場		100		true	自旧档汇入	2026-04-13T01:27:08+08:00
Carrière	sf	-- pour manoeuvres.	训练场	kao’ zang.		教場		100		true	自旧档汇入	2026-04-13T01:27:08+08:00
Carrière	sf	-- de pierres.	石矿场	zah k‘oang.	zah k‘oang’.	石礦		100		true	自旧档汇入	2026-04-13T01:27:08+08:00
Carte	sf	-- de visite.	请帖	p‘ié’ ’tse		片子		100		true	自旧档汇入	2026-04-13T01:27:08+08:00
Carte	sf	-- de visite.	请帖	pa’ t‘ih		拜帖				true	自旧档汇入	2026-04-13T01:27:08+08:00
Carte	sf	Porter, envoyer sa --.	送帖子	song p‘ié’ ’tse	song’ p‘ié’ ’tse	送片子		100	字形	true	自旧档汇入	2026-04-13T01:27:08+08:00
Carte	sf	Porter, envoyer sa --.	送帖子	deû t‘ih ’tse		投帖子				true	自旧档汇入	2026-04-13T01:27:08+08:00
Carte	sf	La rendre. 	回帖	wei p‘ié’		回片		100		true	自旧档汇入	2026-04-13T01:27:08+08:00
Carte	sf	#NAME?	明信片	ming sin’.		明信		100		true	自旧档汇入	2026-04-13T01:27:08+08:00
Carte	sf	#NAME?	地图	di’ ’li dou [ih tsang].		地理圖[一張]		100		true	自旧档汇入	2026-04-13T01:27:08+08:00
Carte	sf	#NAME?	天文图	t‘ié wen dou.		天文圖		100		true	自旧档汇入	2026-04-13T01:27:08+08:00
Carte	sf	-- à payer.	支票，要账票	’t‘ao tsang’ diao ’tse.		討賬條子		100		true	自旧档汇入	2026-04-13T01:27:08+08:00
Carte	sf	-- à jouer.	纸牌	’tse ba [ih tsang].		紙牌[一張]		100		true	自旧档汇入	2026-04-13T01:27:08+08:00
Carte	sf	Jouer aux --s.	打扑克牌	teû’ ’tse ba.		鬥紙牌		100	字形	true	自旧档汇入	2026-04-13T01:27:08+08:00
Carte	sf	Fig. Perdre la --.	昏迷，晕倒	hoen mi (’tsé)	h‘oen mi (’tsé)	昏迷（者）		100		true	自旧档汇入	2026-04-13T01:27:08+08:00
Carte	sf	Fig. Perdre la --.	昏迷，晕倒	hoen hoen mi mi	h‘oen h‘oen mi mi	昏昏迷迷				true	自旧档汇入	2026-04-13T01:27:08+08:00
Carte	sf	Faire perdre la -- à qqn.	吓晕某人，使某人晕倒	’ts‘ao hoen t‘éh i	’ts‘ao h‘oen t‘éh i	吵昏脱伊		100		true	自旧档汇入	2026-04-13T01:27:08+08:00
Carte	sf	Faire perdre la -- à qqn.	吓晕某人，使某人晕倒	hah hoen i	h‘ah h‘oen i	嚇昏伊				true	自旧档汇入	2026-04-13T01:27:08+08:00
Carthame	sm		红花	hong h’ouo [ih tou].	hong h’ouo [ih ’tou].	紅花[一朵]		100		true	自旧档汇入	2026-04-13T01:27:08+08:00
Cartilage	sm		软骨	gneu koéh deû	’gneu koéh deû	軟骨頭，脆骨頭		100	字形	true	自旧档汇入	2026-04-13T01:27:08+08:00
Cartilage	sm		软骨	ts‘u’ koéh deû						true	自旧档汇入	2026-04-13T01:27:08+08:00
Carton	sm		纸箱，纸壳	kèh ’tse		夾紙		100		true	自旧档汇入	2026-04-13T01:27:08+08:00
Carton	sm		纸箱，纸壳	’tse k‘oh ’tse		紙殼子				true	自旧档汇入	2026-04-13T01:27:08+08:00
Carton	sm		纸箱，纸壳	’tse pah		紙柏			待定	true	自旧档汇入	2026-04-13T01:27:08+08:00
Carton	sm	-- enveloppant un livre chinois.	书壳，书套	su t‘ao’		書套		100		true	自旧档汇入	2026-04-13T01:27:08+08:00
Carton	sm	-- enveloppant un livre chinois.	书壳，书套	su k‘oh ’tse		書殼子				true	自旧档汇入	2026-04-13T01:27:08+08:00
Carton	sm	-- enveloppant un livre chinois.	书壳，书套	bou k‘oh	’bou k‘oh	簿殼				true	自旧档汇入	2026-04-13T01:27:08+08:00
Carton	sm	Prortefeuille en -- pendu au mur.	信插，墙上的信箱	sin’ ts‘èh.		信插		100		true	自旧档汇入	2026-04-13T01:27:08+08:00
Cartonner	va	[livre][image]	用纸包（书）或裱（图画）	’tse pao		紙包		100		true	自旧档汇入	2026-04-13T01:27:08+08:00
Cartonner	va	[livre][image]	用纸包（书）或裱（图画）	ting’ bou k‘oh	ting’ ’bou k‘oh	釘簿殼				true	自旧档汇入	2026-04-13T01:27:08+08:00
Cartonner	va	[livre][image]	用纸包（书）或裱（图画）	wou k‘oh ’tse		糊殼子				true	自旧档汇入	2026-04-13T01:27:08+08:00
Cartonner	va	[livre][image]	用纸包（书）或裱（图画）	’piao		裱				true	自旧档汇入	2026-04-13T01:27:08+08:00
Cartonneur	sm		装裱工	’piao wou ziang’.		裱糊匠		100		true	自旧档汇入	2026-04-13T01:27:08+08:00
Cartouche	sf		火药包	’h‘ou yah pao.		火藥包		100		true	自旧档汇入	2026-04-13T01:27:08+08:00
Cas	sm	Affaire.--.	事情	ze’ ’t‘i		事體		100		true	自旧档汇入	2026-04-13T01:27:08+08:00
Cas	sm	Circonstance.	情况	koang ’kieng.		光景		100		true	自旧档汇入	2026-04-13T01:27:08+08:00
Cas	sm	Estime.	重视	k‘eu’ zong’.		看重		100		true	自旧档汇入	2026-04-13T01:27:08+08:00
Cas	sm	Ne pas faire -- de.	不重视	k‘eu’ k‘ieng		看輕		100		true	自旧档汇入	2026-04-13T01:27:08+08:00
Cas	sm	Ne pas faire -- de.	不重视	k‘eu’ teh k‘ieng		看得輕				true	自旧档汇入	2026-04-13T01:27:08+08:00
Cas	sm	Faire -- de.	重视	k‘eu’ zong’		看重		100		true	自旧档汇入	2026-04-13T01:27:08+08:00
Cas	sm	Faire -- de.	重视	k‘eu’ teh zong’		看得重				true	自旧档汇入	2026-04-13T01:27:08+08:00
Cas	sm	Dans ce cas-là.	在这种情况下	taong di’ ke’ koang ’kieng.		當第个光景		100		true	自旧档汇入	2026-04-13T01:27:08+08:00
Cas	sm	-- réservé. (C.)	留下罪案	lieû zu’.		留罪		100		true	自旧档汇入	2026-04-13T01:27:08+08:00
Casanier	adj		不太出门的人	véh da’ ts‘éh men ke’ gnen.		勿大出門个人		100		true	自旧档汇入	2026-04-13T01:27:08+08:00
Casaque	sf.	(de soldat)	军用制服	hao’ i		號衣		101		true	自旧档汇入	2026-04-13T01:27:08+08:00
Casaque	sf.	(de soldat)	军用制服	hao’ kouo’ ’tse		號掛子		101		true	自旧档汇入	2026-04-13T01:27:08+08:00
Cascade	sf.		瀑布	poh pou’	boh pou’	瀑布		101	待定	true	自旧档汇入	2026-04-13T01:27:08+08:00
Case	sf.	Petite maison	小屋子	’siao waong ’tse		小房子		101		true	自旧档汇入	2026-04-13T01:27:08+08:00
Case	sf.	Petite maison	小屋子	’siao ôh		小屋		101		true	自旧档汇入	2026-04-13T01:27:08+08:00
Case	sf.	Petite maison	小屋子	’siao so’		小舍		101		true	自旧档汇入	2026-04-13T01:27:08+08:00
Case	sf.	Compartiment	格子	kah ’tse		格子		101		true	自旧档汇入	2026-04-13T01:27:08+08:00
Case	sf.	Carré d'un échiquier	棋盘格	ghi bé kah		棋盤格		101		true	自旧档汇入	2026-04-13T01:27:08+08:00
Case	sf.	Carré d'un échiquier	棋盘格	ghi bé kah ’ngè		棋盤格眼		101		true	自旧档汇入	2026-04-13T01:27:08+08:00
Caserne	sf.		营房，兵营	ping waong		兵房		101		true	自旧档汇入	2026-04-13T01:27:08+08:00
Caserne	sf.		营房，兵营	ping yeng		兵營		101		true	自旧档汇入	2026-04-13T01:27:08+08:00
Caserner	vn.		被安置在营房里，扎营	teng ’la yeng waong ’li		登拉營房裏		101		true	自旧档汇入	2026-04-13T01:27:08+08:00
Casier	sm.		家具的敞格子	kah ’tse		格子		101		true	自旧档汇入	2026-04-13T01:27:08+08:00
Casier	sm.	—à livres.	书架	su ka’		書架		101		true	自旧档汇入	2026-04-13T01:27:08+08:00
Casque	sm.		头盔，盔形的防护帽	k‘oei		盔		101		true	自旧档汇入	2026-04-13T01:27:08+08:00
Casque	sm.		头盔，盔形的防护帽	k‘oei mao’		盔帽		101		true	自旧档汇入	2026-04-13T01:27:08+08:00
Cassant	adj.		易碎的，脆的	ts‘u’ ke’		脆个		101		true	自旧档汇入	2026-04-13T01:27:08+08:00
Casse	sf.	(Huile de)	肉桂油	koei’ bi yeû		桂皮油		101		true	自旧档汇入	2026-04-13T01:27:08+08:00
Casse	adj.	Décrépit	衰老的，弯腰曲背的	lao wé ’tsé	’lao wé ’tsé	老完者		101		true	自旧档汇入	2026-04-13T01:27:08+08:00
Casse	adj.	Décrépit	衰老的，弯腰曲背的	sai zah ’tsé		衰弱者		101		true	自旧档汇入	2026-04-13T01:27:08+08:00
Casse	adj.	Décrépit	衰老的，弯腰曲背的	long tsong		龍鍾		101		true	自旧档汇入	2026-04-13T01:27:08+08:00
Casse	adj.	Destitué	被免职的	kah t‘éh ’tsé		革脱者		101		true	自旧档汇入	2026-04-13T01:27:08+08:00
Casser	va.	Mettre en pièces	打碎，弄碎	’tang sé’		打碎		101		true	自旧档汇入	2026-04-13T01:27:08+08:00
Casser	va.	Mettre en pièces	打碎，弄碎	k‘ao sé’		敲碎		101		true	自旧档汇入	2026-04-13T01:27:08+08:00
Casser	va.	Rompre en frappant	弄断	k‘ao ’deu		敲斷		101		true	自旧档汇入	2026-04-13T01:27:08+08:00
Casser	va.	— avec la main	用手弄碎	ts‘en sé’		填碎	？	101	待定	true	自旧档汇入	2026-04-13T01:27:08+08:00
Casser	va.	— avec la main	用手折断	tséh (pè) ’deu		折(𢲔)斷	？	101		true	自旧档汇入	2026-04-13T01:27:08+08:00
Casser	va.	— entre les dents	用牙齿咬碎，用牙齿咬开	’ngao sé’		咬碎		101		true	自旧档汇入	2026-04-13T01:27:08+08:00
Casser	va.	— entre les dents	用牙齿咬碎，用牙齿咬开	’ngao k‘ai		咬開		101		true	自旧档汇入	2026-04-13T01:27:08+08:00
Casser	va.	Abasourdir:— la tête	使震惊：使头昏脑胀	kih (nao) ’gni tou’	kih (nao’) ’gni tou’	擊(鬧)耳朵		101		true	自旧档汇入	2026-04-13T01:27:08+08:00
Casser	va.	Abasourdir:— la tête	使震惊：使头昏脑胀	nao’ lai deû ’nao ’tse koah k‘ai ’tsé		鬧來頭腦子㕟開者	鬧來頭腦子呱開者	101	待定	true	自旧档汇入	2026-04-13T01:27:08+08:00
Casser	va.	Annuler:— un jugement	撤销：-判决	fè eu’		翻案		101	字形	true	自旧档汇入	2026-04-13T01:27:08+08:00
Casser	va.	Dégrader:— un officier	降级：-官员	kah koé		革官		101		true	自旧档汇入	2026-04-13T01:27:08+08:00
Casser	vn.	La corde va —	绳子要断	zeng yao’ ’deu ’tsé		繩要斷者		101		true	自旧档汇入	2026-04-13T01:27:08+08:00
Casser	vn.	Se — un bras en tombant	摔断一个胳膊	tih ’deu (wa’) ih tsah ’seû		跌斷（壞）一隻手		101		true	自旧档汇入	2026-04-13T01:27:08+08:00
Casser	vn. Fig.	Se — la tête	想尽办法，绞尽脑汁	se ’siang lai t‘ai’ kou’ ven’		思想來太過分		101		true	自旧档汇入	2026-04-13T01:27:08+08:00
Casser	vn. Fig.	Se — la tête	想尽办法，绞尽脑汁	’siang lai deû ’nao ’tse hoen	’siang lai deû ’nao ’tse h‘oen	想來頭腦子昏		101		true	自旧档汇入	2026-04-13T01:27:08+08:00
Casse-tête	sm.	Massue	棍棒，大头棒	ze ’tse		錘子		101	待定	true	自旧档汇入	2026-04-13T01:27:08+08:00
Casse-tête	sm.	Massue	棍棒，大头棒	moh laong deû		木榔頭		101	原作“木[矛良]頭”	true	自旧档汇入	2026-04-13T01:27:08+08:00
Casse-tête	sm.	Travail intellectuel pénible	累人的工作，伤脑筋的事，难题	fi’ sin se sang wéh		費心思生活		101		true	自旧档汇入	2026-04-13T01:27:08+08:00
Casse-tête	sm.	Travail intellectuel pénible	累人的工作，伤脑筋的事，难题	fi’ zen se		費神思		101		true	自旧档汇入	2026-04-13T01:27:08+08:00
Casse-tête	sm.	Travail intellectuel pénible	累人的工作，伤脑筋的事，难题	lao sin ze’ ’ti	lao sin ze’ ’t‘i	勞心事體		101		true	自旧档汇入	2026-04-13T01:27:08+08:00
Casse-tête	sm.	Jeu chinois	七巧板	ts‘ih ’k‘iao dou		七巧圖		101		true	自旧档汇入	2026-04-13T01:27:08+08:00
Casse-tête	sm.	Bruit assourdissant	令人厌烦的声音，整耳欲聋的声音	nao’ lai deu ’nao ’tse yao sé’ ’tsé	nao’ lai deu ’nao ’tse yao’ sé’ ’tsé	鬧來頭腦子要碎者		101		true	自旧档汇入	2026-04-13T01:27:08+08:00
Cassette	sf.		首饰箱，珠宝匣	hèh tse 	hèh ’tse 	匣子[一隻]		101		true	自旧档汇入	2026-04-13T01:27:08+08:00
Cassette	sf.		首饰箱，珠宝匣	’pao hèh [ih tsah]		寳匣[一隻]		101		true	自旧档汇入	2026-04-13T01:27:08+08:00
Cassolette	sf.		香炉	hiang lou [ih ke’]		香爐[一个]		101		true	自旧档汇入	2026-04-13T01:27:08+08:00
Cassonade	sf.		红糖	hong daong		紅糖		101		true	自旧档汇入	2026-04-13T01:27:08+08:00
Cassonade	sf.		黄糖	waong daong		黄糖		101		true	自旧档汇入	2026-04-13T01:27:08+08:00
Cassure	sf.		裂口，断裂，裂缝	lieh (koang) wong	lieh (koang) wong’	裂（㕟）縫	裂(？)縫	101	待定	true	自旧档汇入	2026-04-13T01:27:08+08:00
Cassure	sf.		裂口，断裂，裂缝	sé’ daong		碎塘		101	待定	true	自旧档汇入	2026-04-13T01:27:08+08:00
Castagnette	sf.		响板，拍板	ts‘ah ’pè [ih fou]	ts‘ah ’pè [ih fou’]	尺板[一副]		101		true	自旧档汇入	2026-04-13T01:27:08+08:00
Castor	sm.		海狸	’h‘ai ’li		海狸		101		true	自旧档汇入	2026-04-13T01:27:08+08:00
Castration(Peinedela)	sf.	(Peinedela)	阉割	kong yeng		宫刑		102		true	自旧档汇入	2026-04-13T01:27:08+08:00
Casuel	adj.	Fortuit	偶然的，意外的	’ngeû zé ke’		偶然个		102		true	自旧档汇入	2026-04-13T01:27:08+08:00
Casuel	adj.	Fortuit	偶然的，意外的	bang’ ’k‘iao ke’		碰巧个		102		true	自旧档汇入	2026-04-13T01:27:08+08:00
Casuel	sm.	Revenu pas fixe	额外收入，临时收入	nga’ k‘oa’		外快		102		true	自旧档汇入	2026-04-13T01:27:08+08:00
Cataclysme	sm.		（地震、洪水、战争等引起的）灾难	’wen den’		混沌		102		true	自旧档汇入	2026-04-13T01:27:08+08:00
Cataclysme	sm.		（地震、洪水、战争等引起的）灾难	’ts‘ao leu’ kiang sè		吵亂江山	造亂江山	102	待定	true	自旧档汇入	2026-04-13T01:27:08+08:00
Catafalqne	sm.	(C.)	灵柩台，追思台	tsu se dai		追思台		102	保留簡體	true	自旧档汇入	2026-04-13T01:27:08+08:00
Catalogue	sm.		目录，名册	moh lôh		目録		102		true	自旧档汇入	2026-04-13T01:27:08+08:00
Catalogue	sm.		目录，名册	ts‘ah ’tse		册子		102		true	自旧档汇入	2026-04-13T01:27:08+08:00
Catalogue	sm.		目录，名册	tè ’tse		單子		102		true	自旧档汇入	2026-04-13T01:27:08+08:00
Catalogue	sm.		目录，名册	p‘iao’ deû		票頭		102		true	自旧档汇入	2026-04-13T01:27:08+08:00
Catalogue	sm.	— de noms	名单	min tè (moh)	ming tè (moh)	名單（目）		102	待定	true	自旧档汇入	2026-04-13T01:27:08+08:00
Catalpa	sm.		梓树	’tse zu’ [ih k‘ou]		梓樹[一棵]		102		true	自旧档汇入	2026-04-13T01:27:08+08:00
Cataplasme	sm.		膏药，糊剂	fou yah		敷藥		102		true	自旧档汇入	2026-04-13T01:27:08+08:00
Catarrhe	sm.		重伤风	’kè mao’ fong heu	’ké mao’ fong heu	感冒風寒		102		true	自旧档汇入	2026-04-13T01:27:08+08:00
Catarrhe	sm.		重伤风	saong (fong) heu		傷（風）寒		102		true	自旧档汇入	2026-04-13T01:27:08+08:00
Catastrophe	sf.		灾难，动乱，大变动	tsai hai’		災害		102		true	自旧档汇入	2026-04-13T01:27:08+08:00
Catastrophe	sf.		灾难，动乱，大变动	tié ’tao		顛倒		102		true	自旧档汇入	2026-04-13T01:27:08+08:00
Catastrophe	sf.		灾难，动乱，大变动	lôh leu’ t‘ié h‘ouo		碌亂天花		102	字形	true	自旧档汇入	2026-04-13T01:27:08+08:00
CataCatéchèse	sf.	Catachisme.sm.	（基督教）的教理讲授，（基督教）的教理问答课本	men’ (ven’) tèh		問答		102		true	自旧档汇入	2026-04-13T01:27:08+08:00
CataCatéchèse	sf.	——de la doctrine chrétienne	（基督教）的教理讲授，（基督教）的教理问答课本	yao’ ’li men’ tèh		要理問答		102		true	自旧档汇入	2026-04-13T01:27:08+08:00
Catéchèse	sf.	Abrégé de la doctrine chrétienne	基督教教义纲要	seng’ kiao’ yao’ ’li		聖教要理		102		true	自旧档汇入	2026-04-13T01:27:08+08:00
Catéchiser	va.	(C.)	传授教理	’ka seh men’ tèh		解説問答		102		true	自旧档汇入	2026-04-13T01:27:08+08:00
Catéchiser	va.	(C.)	传授教理	’kaong yao’ ’kien dao’ ’li		講要緊道理		102		true	自旧档汇入	2026-04-13T01:27:08+08:00
Catéchiste	sm.	à la suite d'un Père(C.)	跟随神父的传教士	ken zen vou sié sang	ken zen vou’ sié sang	跟神父先生		102		true	自旧档汇入	2026-04-13T01:27:08+08:00
Catéchuménat	sm.	[local]. (C.)	入教前听教理的地方	’pao ’seû kè		保守間		102		true	自旧档汇入	2026-04-13T01:27:08+08:00
Catéchuménat	sm.	[temps].(C.)	慕道时，入教前听教理时	’pao ’seû ke’ ze h‘eû’	’pao ’seû ke’ ze h‘eû	保守个時候		102		true	自旧档汇入	2026-04-13T01:27:08+08:00
Catéchumène	sm.	(C.)	（洗礼前）初学教理者，（入教前的）教理者	’pao ’seû kiao’ ’yeû		保守教友		102		true	自旧档汇入	2026-04-13T01:27:08+08:00
Catéchumène	sm.	(C.)	（洗礼前）初学教理者，（入教前的）教理者	zih kiao’ ke’		習教个		102		true	自旧档汇入	2026-04-13T01:27:08+08:00
Catégorie	sf.		级别，种类，阶层	’teng		等		102		true	自旧档汇入	2026-04-13T01:27:08+08:00
Catégorie	sf.		级别，种类，阶层	lei’		類		102		true	自旧档汇入	2026-04-13T01:27:08+08:00
Catégorie	sf.		级别，种类，阶层	’p‘ing lei’	’p‘in lei’	品類		102	待定	true	自旧档汇入	2026-04-13T01:27:08+08:00
Catégorie	sf.		级别，种类，阶层	’teng ghieh	’teng kieh	等級		102		true	自旧档汇入	2026-04-13T01:27:08+08:00
Catégoriquement	adv.		明确地，斩钉截铁地	wo’ ih ze’ ih		話一是一		102		true	自旧档汇入	2026-04-13T01:27:08+08:00
Catégoriquement	adv.		明确地，斩钉截铁地	wah ih péh eul’		劃一不二		102		true	自旧档汇入	2026-04-13T01:27:08+08:00
Catégoriquement	adv.		明确地，斩钉截铁地	ts‘ing ts‘ing ’saong ’saong		清清爽爽		102		true	自旧档汇入	2026-04-13T01:27:08+08:00
Cathédrale	sf.		主教座堂，大教堂	’tsu kiao’ dou’ daong		主教大堂		102		true	自旧档汇入	2026-04-13T01:27:08+08:00
Catherine	sf.		凯瑟琳	kia’-da’-li’-néh	kia-da’-li’-néh	加大利納		102		true	自旧档汇入	2026-04-13T01:27:08+08:00
Catholicisme	sm.		天主教	seng’ kiao’ wei	seng’ kiao’ wei’	聖教會		102		true	自旧档汇入	2026-04-13T01:27:08+08:00
Catholicisme	sm.		天主教	T‘ié-’tsu kiao’		天主教		102		true	自旧档汇入	2026-04-13T01:27:08+08:00
Catholicisme	sm.	Embrasser le -.	信奉天主教	wong’ kiao	wong’ kiao’	奉教		102		true	自旧档汇入	2026-04-13T01:27:08+08:00
Catholicisme	sm.	Embrasser le -.	信奉天主教	tsin’ kiao’		進教		102		true	自旧档汇入	2026-04-13T01:27:08+08:00
Catholicisme	sm.	Embrasser le -.	信奉天主教	sin’ wong’ seng’ kiao’		信奉聖教		102		true	自旧档汇入	2026-04-13T01:27:08+08:00
Catholicité	sf.	L'Eglise catholique.	天主教会	seng’ kiao’ wei’		聖教會		102		true	自旧档汇入	2026-04-13T01:27:08+08:00
Catholicité	sf.	L'Eglise catholique.	天主教会	seng’ eul kong wei	seng’ eul kong wei’	聖而公會		102		true	自旧档汇入	2026-04-13T01:27:08+08:00
Catholicité	sf.	Tous les catholiques.	天主教徒	’p‘ou t‘ié ’ya ke’ wong’ kiao’ gnen		普天下个奉教人		102		true	自旧档汇入	2026-04-13T01:27:08+08:00
Catholicité	sf.	Les pays catholiques.	天主教国家	tsin’ (wong’) kiao’ di’ faong		進（奉）教地方		102		true	自旧档汇入	2026-04-13T01:27:08+08:00
Catholique	adj.	Appartenant à la religion -.	属于天主教的	tsu’ kong ke’		最公个		102		true	自旧档汇入	2026-04-13T01:27:08+08:00
Catholique	adj.	Appartenant à la religion -.	属于天主教的	T‘ié-’tsu kiao’ ke’		天主教个		102		true	自旧档汇入	2026-04-13T01:27:08+08:00
Catholique	adj.	,,à l' Église -.	天主教会的	seng’ kiao’ wei’ ke’		聖教會个		103		true	自旧档汇入	2026-04-13T01:27:08+08:00
Catholique	sm.		天主教徒	tsin’ kiao’ gnen		進教人		103		true	自旧档汇入	2026-04-13T01:27:08+08:00
Catholique	sm.		天主教徒	kiao’ ’yeû		教友		103		true	自旧档汇入	2026-04-13T01:27:08+08:00
Catimini	loc.adv.	(En)	秘密地，偷偷地，悄悄地	é’ ti’ li’	é’ ’ti li’	暗地裏	暗底裏	103	待定	true	自旧档汇入	2026-04-13T01:27:08+08:00
Cauchemar	sm.		梦魇，噩梦	maong’ ’yé		夢魘		103		true	自旧档汇入	2026-04-13T01:27:08+08:00
Cauchemar	sm.		梦魇，噩梦	’yé ’kiu		魘鬼		103		true	自旧档汇入	2026-04-13T01:27:08+08:00
Cause	sf.	Principe	起源，起因，根源	’k‘i kié’		起見		103		true	自旧档汇入	2026-04-13T01:27:08+08:00
Cause	sf.	Principe	起源，起因，根源	yen deû		因頭		103		true	自旧档汇入	2026-04-13T01:27:08+08:00
Cause	sf.	Principe	起源，起因，根源	ken ’tse		根子		103		true	自旧档汇入	2026-04-13T01:27:08+08:00
Cause	sf.	Principe	起源，起因，根源	lai yeû		來由		103		true	自旧档汇入	2026-04-13T01:27:08+08:00
Cause	sf.	Principe	起源，起因，根源	’sou ’i zé		所以然		103		true	自旧档汇入	2026-04-13T01:27:08+08:00
Cause	sf.	Motif. Fin.	动机，理由，原因	yeu kou’		緣故		103		true	自旧档汇入	2026-04-13T01:27:08+08:00
Cause	sf.	Motif. Fin.	动机，理由，原因	yeu yeû		緣由		103		true	自旧档汇入	2026-04-13T01:27:08+08:00
Cause	sf.	Motif. Fin.	动机，理由，原因	yeu gneu		緣源		103		true	自旧档汇入	2026-04-13T01:27:08+08:00
Cause	sf.	Motif. Fin.	动机，理由，原因	zing yeû		情由		103	字形	true	自旧档汇入	2026-04-13T01:27:08+08:00
Cause	sf.	Procès	诉讼，案件	koé se		官司		103		true	自旧档汇入	2026-04-13T01:27:08+08:00
Cause	sf.	Procès	诉讼，案件	eu’ ghié’		案件		103		true	自旧档汇入	2026-04-13T01:27:08+08:00
Cause	loc.prép.	A ́- de	因为，由于	wei’		爲		103		true	自旧档汇入	2026-04-13T01:27:08+08:00
Cause	loc.prép.	A ́- de	因为，由于	yen wei’		因爲		103		true	自旧档汇入	2026-04-13T01:27:08+08:00
Cause	sf.	En tout état de -.	不论情况怎样	véh len’ zang ’teu ’h‘ao k‘ieû		勿論長短好恘		103		true	自旧档汇入	2026-04-13T01:27:08+08:00
Cause	sf.	En tout état de -.	不论情况怎样	véh kiu ’na neng yang’ ’tse		勿拘那能樣子		103		true	自旧档汇入	2026-04-13T01:27:08+08:00
Causer	va.	Être cause de	致使，是……的原因	’za		惹		103		true	自旧档汇入	2026-04-13T01:27:08+08:00
Causer	va.	Être cause de	致使，是……的原因	kiao’		叫		103		true	自旧档汇入	2026-04-13T01:27:08+08:00
Causer	va.	Il m'a causé un affront	他侮辱了我，他中伤了我	i t‘è ’ngou ke’ dai		伊坍我个台	伊坍我个臺	103		true	自旧档汇入	2026-04-13T01:27:08+08:00
Causer	vn.	Parler	交谈，闲谈	su’ dè	zu’ dè	叙談		103	待定	true	自旧档汇入	2026-04-13T01:27:08+08:00
Causer	vn.	Parler	交谈，闲谈	dè dè		談談		103		true	自旧档汇入	2026-04-13T01:27:08+08:00
Causer	vn.	Parler	交谈，闲谈	dè len’		談論		103		true	自旧档汇入	2026-04-13T01:27:08+08:00
Causer	vn.	Faire - sur son compte	被说三道四	ts‘ao zah ’k‘eû zéh	tsao zah ’k‘eû zéh	遭着口舌		103	待定	true	自旧档汇入	2026-04-13T01:27:08+08:00
Causette	sf.	Faire la -	闲谈	hè wo’		閑話		103		true	自旧档汇入	2026-04-13T01:27:08+08:00
Causette	sf.	Faire la -	闲谈	wo’ ih wo’		話一話		103		true	自旧档汇入	2026-04-13T01:27:08+08:00
Causeur	sm.		爱谈的人，健谈的人	’hi foé bah wo’ ke’ gnen		喜歡白話个人		103		true	自旧档汇入	2026-04-13T01:27:08+08:00
Caustique	adj.	(Parole)	尖刻的话，刻薄的话	saong gnen ke’ seh wo’		傷人个説話		103		true	自旧档汇入	2026-04-13T01:27:08+08:00
Cautériser	va.		[医]烧灼	’kieû		灸		103		true	自旧档汇入	2026-04-13T01:27:08+08:00
Caution	sf.		担保人	’pao gnen		保人		103		true	自旧档汇入	2026-04-13T01:27:08+08:00
Caution	sf.	Se porter -	做担保人	tsou’ ’pao gnen		做保人		103		true	自旧档汇入	2026-04-13T01:27:08+08:00
Caution	sf.	Trouver une -	找担保人	zin ts‘éh ’pao gnen lai		尋出保人來		103		true	自旧档汇入	2026-04-13T01:27:08+08:00
Caution	sf.	Le prisonnier est sorti sous -.	囚犯获得保释	’vè gnen ’pao ts‘éh lai		犯人保出來		103		true	自旧档汇入	2026-04-13T01:27:08+08:00
Caution	sf.	Sujet à -	靠不住的	k‘ao’ véh zu’		靠勿住		103		true	自旧档汇入	2026-04-13T01:27:08+08:00
Caution	sf.	Sujet à -	靠不住的	yeû wèh deû		油滑頭		103		true	自旧档汇入	2026-04-13T01:27:08+08:00
Cautionnement	sm.		保证金	taong’  deû		當頭		103		true	自旧档汇入	2026-04-13T01:27:08+08:00
Cautionnement	sm.		保证金	hèh deû	èh deû	押頭		103	待定	true	自旧档汇入	2026-04-13T01:27:08+08:00
Cautionner	va.	qqn.	担保，为……担保	’pao i		保伊		103		true	自旧档汇入	2026-04-13T01:27:08+08:00
Cavale	sf.		母马	k‘ou’ ’mô [ih p‘ieh]		騍馬[一匹]		103	待定	true	自旧档汇入	2026-04-13T01:27:08+08:00
Cavalerie	sf.		骑兵，骑兵部队	’mô dei’		馬隊		103		true	自旧档汇入	2026-04-13T01:27:08+08:00
Cavalerie	sf.		骑兵，骑兵部队	’mô ping		馬兵		103		true	自旧档汇入	2026-04-13T01:27:08+08:00
Cavalier	sm.		骑兵	ghi ’mô ke’		騎馬个		103		true	自旧档汇入	2026-04-13T01:27:08+08:00
Cave	sf.		地下室，地窖	di’ k‘aong 	di’ k‘ang 	地坑		103		true	自旧档汇入	2026-04-13T01:27:08+08:00
Cave	adj.		凹进的，凹入的，塌陷的	ao		凹		103		true	自旧档汇入	2026-04-13T01:27:08+08:00
Caverne	sf.		岩穴，洞穴	dong’		洞		103		true	自旧档汇入	2026-04-13T01:27:08+08:00
Caverne	sf.	— de voleurs	盗匪的巢穴，匪窟	zeh k‘ou		賊窩	賊窠	103		true	自旧档汇入	2026-04-13T01:27:08+08:00
Ce,Cet,Ces	adj.dém.		这个，那个	di’ ke’		第个		103		true	自旧档汇入	2026-04-13T01:27:08+08:00
Ce	adj.dém.		这个，那个	kou’ ke’		箇个		103		true	自旧档汇入	2026-04-13T01:27:08+08:00
Céans	adv.		此处	di’ (k‘oei’) tèh		第（塊）搭		103		true	自旧档汇入	2026-04-13T01:27:08+08:00
Céans	adv.		此处	’la di’ k‘oei’		拉第塊		103		true	自旧档汇入	2026-04-13T01:27:08+08:00
Ceci.Cela	pron.dém		这，这个	di’ ke’		第个		103		true	自旧档汇入	2026-04-13T01:27:08+08:00
Ceci.Cela	pron.dém		那，那个	kou’ ke’		箇个		103		true	自旧档汇入	2026-04-13T01:27:08+08:00
Ceci.Cela	pron.dém	Ceci ou cela	这个或那个	woh ’tsé di’ ke’ woh ’tsé biéh ke’		或者第个或者别个		103		true	自旧档汇入	2026-04-13T01:27:08+08:00
Ceci.Cela	pron.dém	Ceci ou cela	这个或那个	woh tong woh si		或東或西		103		true	自旧档汇入	2026-04-13T01:27:08+08:00
Cécile	sf.		塞西尔（人名）	tseh-tsi-li’-’ya	tseh-tsi’-li’-’ya	則濟利亞		103		true	自旧档汇入	2026-04-13T01:27:08+08:00
Céder	va. et vn.		让，让出，让步	gnang’		讓		104		true	自旧档汇入	2026-04-13T01:27:08+08:00
Céder	va. et vn.		让，让出，让步	zing gnang’		情讓		104		true	自旧档汇入	2026-04-13T01:27:08+08:00
Céder	va. et vn.		让，让出，让步	siang gnang’		相讓		104		true	自旧档汇入	2026-04-13T01:27:08+08:00
Céder	va. et vn.	Le - à qqn. Lui être inférieur.	不如他	véh ghiéh i		勿及伊		104		true	自旧档汇入	2026-04-13T01:27:08+08:00
Céder	va. et vn.	Le - à qqn. Lui être inférieur.	不如他	véh zu i		勿如伊		104		true	自旧档汇入	2026-04-13T01:27:08+08:00
Cédre	sm.		柏香木	pah hiang moh		柏香木		104		true	自旧档汇入	2026-04-13T01:27:08+08:00
Cédule	sf.		借据	tè ’tse		單子		104		true	自旧档汇入	2026-04-13T01:27:08+08:00
Cédule	sf.		借据	t‘ih ’tse [ih tsang]		帖子[一張]		104		true	自旧档汇入	2026-04-13T01:27:08+08:00
Ceindre	vpr.	(Se) les reins	束好腰带	sôh yao		束腰		104		true	自旧档汇入	2026-04-13T01:27:08+08:00
Ceinture	sf.		裤带，腰带	sôh yao ta’		束腰帶		104		true	自旧档汇入	2026-04-13T01:27:08+08:00
Ceinture	sf.	—à agrafe	夹扣腰带	k‘eû’ ta’		扣帶		104		true	自旧档汇入	2026-04-13T01:27:08+08:00
Ceinture	sf.	Lier sa -	系好腰带	sôh ’k‘i sôh yao lai		束起束腰來		104		true	自旧档汇入	2026-04-13T01:27:08+08:00
Ceinture	sf.	Fixer à sa -	系在腰带上	kouo’ ’la yao ’li		掛拉腰裏		104		true	自旧档汇入	2026-04-13T01:27:08+08:00
Ceinturon	sm.		皮带，腰带	bi ta’ [ih diao]		皮帶[一條]		104		true	自旧档汇入	2026-04-13T01:27:08+08:00
Célèbre	adj.		著名的，出名的	’yeû ming k‘i’ ke’		有名氣个		104		true	自旧档汇入	2026-04-13T01:27:08+08:00
Célèbre	adj.		著名的，出名的	ts‘éh ming ke’		出名个		104		true	自旧档汇入	2026-04-13T01:27:08+08:00
Célébrer	va.	Louer	颂扬，赞美	tsè’ ’mei		贊美		104		true	自旧档汇入	2026-04-13T01:27:08+08:00
Célébrer	va.	— la Ste Messe (C.)	主持弥撒	tsou’ mi-sèh		做彌撒		104		true	自旧档汇入	2026-04-13T01:27:08+08:00
Célébrer	va.	— une fête	庆祝节日，过瞻礼	kou’ tsé ’li		過瞻禮		104		true	自旧档汇入	2026-04-13T01:27:08+08:00
Célébrer	va.	— l'anniversaire de naissance	庆祝生日	k‘ieng’ zeû’		慶壽		104		true	自旧档汇入	2026-04-13T01:27:08+08:00
Célébrer	va.	— l'anniversaire de naissance	庆祝生日	tsou’ sang gnéh		做生日		104		true	自旧档汇入	2026-04-13T01:27:08+08:00
Célébrer	va.	— les fêtes annuelles.(Pa.)	庆祝一年一度的节日	kou’ ze tsih		過時節		104		true	自旧档汇入	2026-04-13T01:27:08+08:00
Célébrer	va.	— le nouvel an.	庆祝新年	kou’ gné		過年		104		true	自旧档汇入	2026-04-13T01:27:08+08:00
Célébrité	sf.		名声，名望	’yeû ming		有名		104		true	自旧档汇入	2026-04-13T01:27:08+08:00
Célébrité	sf.		名声，名望	da’ (dou’) ming sang		大名聲		104		true	自旧档汇入	2026-04-13T01:27:08+08:00
Celer	va.		隐瞒	tsouo mé		遮瞞		104		true	自旧档汇入	2026-04-13T01:27:08+08:00
Celer	va.		隐瞒	’yen mé		隱瞞		104		true	自旧档汇入	2026-04-13T01:27:08+08:00
Céleri	sm.		芹菜	k‘ien ts’ai’	ghien ts’ai’	芹菜		104		true	自旧档汇入	2026-04-13T01:27:08+08:00
Célérité	sf.		迅速, 敏捷	k‘oa’		快		104		true	自旧档汇入	2026-04-13T01:27:08+08:00
Célérité	sf.	Avec -	迅速	hao sao’		豪燥	豪？	104		true	自旧档汇入	2026-04-13T01:27:08+08:00
Céleste	adj.		天上的	t‘ié laong’ ke’		天上个		104		true	自旧档汇入	2026-04-13T01:27:08+08:00
Céleste	adj.	Esprit -	天神	t‘ié zen		天神		104		true	自旧档汇入	2026-04-13T01:27:08+08:00
Céleste	adj.	Divin.(C.)	天主的	T‘ié-’tsu ke’		天主个		104		true	自旧档汇入	2026-04-13T01:27:08+08:00
Céleste	adj.	Du paradis:bonheur -	天国的：-幸福	t‘ié daong laong’ ke’		天堂上个		104		true	自旧档汇入	2026-04-13T01:27:08+08:00
Célibat	sm.	Garder le -	保持独身，不结婚	véh hoen ’ts‘u	véh h‘oen ’ts‘u	勿婚娶		104		true	自旧档汇入	2026-04-13T01:27:08+08:00
Célibat	sm.	Garder le -	保持独身，不结婚	véh ka	véh ka’	勿嫁		104		true	自旧档汇入	2026-04-13T01:27:08+08:00
Célibataire	sm.		独身者，单身汉	tè sen heu’	tè sen h‘eu’	單身漢		104		true	自旧档汇入	2026-04-13T01:27:08+08:00
Célibataire	sm.		独身者，单身汉	dôh keu ’tse gnen		獨干子人		104		true	自旧档汇入	2026-04-13T01:27:08+08:00
Célibataire	sm.	Chenapan	单身汉，无赖	koang koen	koang ’koen	光棍		104		true	自旧档汇入	2026-04-13T01:27:08+08:00
Cellule	sf.		小房间	’siao waong kè		小房間		104		true	自旧档汇入	2026-04-13T01:27:08+08:00
Celui,Celle	pron.dém		这个	la … i ke’	’la … ih ke’	拉⋯一个		104		true	自旧档汇入	2026-04-13T01:27:08+08:00
Celui-ci	pron.dém		这个，那个	di’ ke’		第个		104		true	自旧档汇入	2026-04-13T01:27:08+08:00
Celui-là	pron.dém		这个，那个	kou’ ke’		箇个		104		true	自旧档汇入	2026-04-13T01:27:08+08:00
Ceux-ci	pron.dém		这些，那些	di’ ke’ ’ki ke’		第个幾个		104		true	自旧档汇入	2026-04-13T01:27:08+08:00
Ceux-là	pron.dém		这些，那些	kou’ ke’ ’ki ke’		箇个幾个		104		true	自旧档汇入	2026-04-13T01:27:08+08:00
Cénacle	sm.		餐厅	k‘ieh vè’ kè		吃飯間		104		true	自旧档汇入	2026-04-13T01:27:08+08:00
Cénacle	sm.		餐厅	vè t‘ing		飯廳		104		true	自旧档汇入	2026-04-13T01:27:08+08:00
Cendre	sf.		灰，灰烬	h‘oei		灰		104		true	自旧档汇入	2026-04-13T01:27:08+08:00
Cendre	sf.	Cérémonie des -s(C.)	圣灰礼仪	seng’ h‘oei ’li yi	seng’ h‘oei ’li gni	聖灰禮儀		104		true	自旧档汇入	2026-04-13T01:27:08+08:00
Cendrée	adj.	(Couleur)	灰色	h‘oei seh		灰色		104		true	自旧档汇入	2026-04-13T01:27:08+08:00
Cendrier	sm.		坑炉	k‘ang lou		坑爐		104		true	自旧档汇入	2026-04-13T01:27:08+08:00
Cénobite	sm.		聚居的修士	yen sieû ke’ sieû ze’	’yen sieû ke’ sieû ze’	隱修个修士		104		true	自旧档汇入	2026-04-13T01:27:08+08:00
Cens	sm.		户口	wou k‘eû	wou ’k‘eû	户口		104		true	自旧档汇入	2026-04-13T01:27:08+08:00
Cens	sm.	Rôle du -	人丁册	gnen ting ts‘ah		人丁册		104		true	自旧档汇入	2026-04-13T01:27:08+08:00
Cens	sm.	Faire le -	查户口	zouo wou’ ’k‘eû		查户口		105		true	自旧档汇入	2026-04-13T01:27:08+08:00
Cens	sm.	Impôt	税，田赋	zié liang		錢粮		105	保留簡體	true	自旧档汇入	2026-04-13T01:27:08+08:00
Censeur 	sm.	— impérial	御史	gnu’ ’se		御史		105		true	自旧档汇入	2026-04-13T01:27:08+08:00
Censurer	va.		指摘， 批评	p‘i bing 		批評		105		true	自旧档汇入	2026-04-13T01:27:08+08:00
Censurer	va.		指摘， 批评	peû ’pié		褒貶		105		true	自旧档汇入	2026-04-13T01:27:08+08:00
Cent	adj.num.		百	pah 		百		105		true	自旧档汇入	2026-04-13T01:27:08+08:00
Cent	adj.num.	Gagner -%	对本对利（获得和本钱相等的利润）	tei’ ’pen tei’ li’		對本對利		105		true	自旧档汇入	2026-04-13T01:27:08+08:00
Centaine	sf.		百个，百来个	pah		百		105		true	自旧档汇入	2026-04-13T01:27:08+08:00
Centaine	sf.		百个，百来个	pah ’pouo		百把		105		true	自旧档汇入	2026-04-13T01:27:08+08:00
Centenaire	sm.		百年	pah gné		百年		105		true	自旧档汇入	2026-04-13T01:27:08+08:00
Centenaire	adj.	Vieillard -	百岁老人	pah su’ ke’ ’lao gnen		百歲个老人		105		true	自旧档汇入	2026-04-13T01:27:08+08:00
Centenier,Centurion	sm.		百夫长	’pouo (pah) ’tsong		把（百）總		105		true	自旧档汇入	2026-04-13T01:27:08+08:00
Centième		(Un).	百分之一	pah fen tse ih		百分之一		105	待定	true	自旧档汇入	2026-04-13T01:27:08+08:00
Centième		(Un). Le -	第一百	deû ih pah		頭一百		105		true	自旧档汇入	2026-04-13T01:27:08+08:00
Central	adj.		在中心的，中心的	taong tsong ke’		當中个		105		true	自旧档汇入	2026-04-13T01:27:08+08:00
Centre	sm.		中心，中央，中部	tsong sin		中心		105		true	自旧档汇入	2026-04-13T01:27:08+08:00
Centre	sm.	— de gravité	重心	zong’ sin		重心		105		true	自旧档汇入	2026-04-13T01:27:08+08:00
Centrifuge	adj.	(Force)	离心力	li sin lih		離心力		105		true	自旧档汇入	2026-04-13T01:27:08+08:00
Centripète	adj.	(Force)	向心力	hiang sin lih	hiang’ sin lih	向心力		105		true	自旧档汇入	2026-04-13T01:27:08+08:00
Centuple	adj.		百倍的	dou’ ih pah bei’		大一百倍		105		true	自旧档汇入	2026-04-13T01:27:08+08:00
Centupler	va.		乘以一百，使增加到百倍	ka ih pah bei’		加一百倍		105		true	自旧档汇入	2026-04-13T01:27:08+08:00
Cep 	sm.	— de vigne	一枝葡萄蔓	ih k‘ou peh dao zu’	ih k‘ou beh dao zu’	一棵葡萄樹		105	待定	true	自旧档汇入	2026-04-13T01:27:08+08:00
Cependant	conj.		可是，然而，但是	’tao		倒		105		true	自旧档汇入	2026-04-13T01:27:08+08:00
Cependant	conj.		可是，然而，但是	’tao ’ti		倒底		105		true	自旧档汇入	2026-04-13T01:27:08+08:00
Cependant	conj.		可是，然而，但是	zé eul		然而		105		true	自旧档汇入	2026-04-13T01:27:08+08:00
Cependant	adv.	Pendant ce temps	在当时，在这段时间里，在那段时间里	taong ze		當時		105		true	自旧档汇入	2026-04-13T01:27:08+08:00
Cependant	adv.	Pendant ce temps	在当时，在这段时间里，在那段时间里	kou’ ke’ ze heû’		箇个時候		105		true	自旧档汇入	2026-04-13T01:27:08+08:00
Cerceau	sm.		箍，桶箍	kou		箍		105		true	自旧档汇入	2026-04-13T01:27:08+08:00
Cercle	sm.		圆圈，圈，圆形物	k‘ieu		圈		105		true	自旧档汇入	2026-04-13T01:27:08+08:00
Cercle	sm.		圆圈，圈，圆形物	yeu k‘ieu		圓圈		105		true	自旧档汇入	2026-04-13T01:27:08+08:00
Cercler	va.		加圆框，加箍	kou (k‘ieu) ’k‘i lai		箍（圈）起來		105		true	自旧档汇入	2026-04-13T01:27:08+08:00
Cercler	va.		加圆框，加箍	k‘ieu ’long lai.		圈攏來		105		true	自旧档汇入	2026-04-13T01:27:08+08:00
Cercueil	sm.		棺材	koé zai [ih ke’,ih ’k‘eû]		棺材[一个，一口]		105		true	自旧档汇入	2026-04-13T01:27:08+08:00
Cercueil	sm.		棺材	zeû’ k‘i’ (zai) [ih ke’,ih ’k‘eû]		壽器（材）[一个，一口]		105		true	自旧档汇入	2026-04-13T01:27:08+08:00
Céréales	sf.		谷物, 粮食	liang zeh		粮食		105	保留簡體	true	自旧档汇入	2026-04-13T01:27:08+08:00
Céréales	sf.	Les 5 -:Riz.Millet (2 sortes).Blé.Légumineuses.	五谷：稻;黍;稷;麥;菽	’n koh:dao’;’su,tsieh;mah;sôh	’n kôh:’dao;’su,tsieh;mah;sôh	五穀:稻;黍;稷;麥;菽		105	待定	true	自旧档汇入	2026-04-13T01:27:08+08:00
Cérébrale	adj.	(Fièvre)	脑膜炎	deû hoen bing’	deû h‘oen bing’	頭昏病		105		true	自旧档汇入	2026-04-13T01:27:08+08:00
Cérébrale	adj.	(Fièvre)	脑膜炎	’tseû deû saong h‘eu	’tseû deû saong heu	走頭傷寒		105		true	自旧档汇入	2026-04-13T01:27:08+08:00
Cérémoniaire	sm.	(C.)	掌管宗教礼节者	’koé ’li tsih ke’		管禮節个		105		true	自旧档汇入	2026-04-13T01:27:08+08:00
Cérémonial	sm.	(C.)	礼仪书	’li tsih su		禮節書		105		true	自旧档汇入	2026-04-13T01:27:08+08:00
Cérémonial	sm.	(C.)	礼仪书	seng’ kiao’ ’li koei		聖教禮規		105		true	自旧档汇入	2026-04-13T01:27:08+08:00
Cérémonie 	sf.	— religieuse	宗教礼节	’li tsih		禮節		105		true	自旧档汇入	2026-04-13T01:27:08+08:00
Cérémonie	sf.	Suppléer les -s(C.)	补充仪式	’pou ’li		補禮		105		true	自旧档汇入	2026-04-13T01:27:08+08:00
Cérémonie	sf.	Marque de déférence	礼节，礼貌	’li mao’		禮貌		105		true	自旧档汇入	2026-04-13T01:27:08+08:00
Cérémonie	sf.	Classique des -s chinoises	《礼记》	’li ki’		禮記		105		true	自旧档汇入	2026-04-13T01:27:08+08:00
Cérémonie	sf.	Ne faites pas de -s	别客气	véh yao’ k‘ah k‘i’		勿要客氣		105		true	自旧档汇入	2026-04-13T01:27:08+08:00
Cérémonie	sf.	Ne faites pas de -s	别客气	véh pih k‘ah k‘i’		勿必客氣		105		true	自旧档汇入	2026-04-13T01:27:08+08:00
Cérémonie	sf.	A quoi bon tant de -s?	何必这么客气？	wou pih zéh kai’ k‘ah k‘i’		何必實盖客氣		105	保留簡體	true	自旧档汇入	2026-04-13T01:27:08+08:00
Cérémonieux	adj.		拘泥虚礼的，过分讲究礼节的，讲究客套的	t‘ai’ k‘ah k‘i’		太客氣		105		true	自旧档汇入	2026-04-13T01:27:08+08:00
Cérémonieux	adj.	Langage -.	表示客气的套语，客套	k‘ah t‘ao’		客套		105		true	自旧档汇入	2026-04-13T01:27:08+08:00
Cérémonieux	adj.	Langage -.	表示客气的套语，客套	k‘ah wo’		客話		105		true	自旧档汇入	2026-04-13T01:27:08+08:00
Cerf	sm.		鹿	lôh [ih tsah]		鹿[一隻]		105		true	自旧档汇入	2026-04-13T01:27:08+08:00
Cerfeuil	sm.		草黄连	’ts‘ao waong lié		草黄連		105		true	自旧档汇入	2026-04-13T01:27:08+08:00
Cerf-volant	sm.		风筝, 纸鸢	yao’ ’tse [ih tsah]		鷂子[一隻]		106		true	自旧档汇入	2026-04-13T01:27:08+08:00
Cerise	sf.		樱桃	ang dao		櫻桃		106		true	自旧档汇入	2026-04-13T01:27:08+08:00
Cerisier	sm.		樱桃树	ang dao zu’ [ih k‘ou]		櫻桃樹[一棵]		106		true	自旧档汇入	2026-04-13T01:27:08+08:00
Cerner	va.		围住，包围	wei zu’		圍住		106		true	自旧档汇入	2026-04-13T01:27:08+08:00
Cerner	va.		围住，包围	k‘ieu zu’		圈住		106		true	自旧档汇入	2026-04-13T01:27:08+08:00
Céroféraire	sm.	(C.)	烛台，在宗教仪式上捧蜡烛的人	bao’ lèh (dai) ke’		抱蠟（台）个		106	保留簡體	true	自旧档汇入	2026-04-13T01:27:08+08:00
Céroféraire	sm.	(C.)	烛台，在宗教仪式上捧蜡烛的人	tseh tsôh ke’	tséh tsôh ke’	執燭个		106	待定	true	自旧档汇入	2026-04-13T01:27:08+08:00
Certain	adj.	[chose]	一定的，确定的，确实的	ih ding’ ke’		一定个		106		true	自旧档汇入	2026-04-13T01:27:08+08:00
Certain	adj.	[chose]	一定的，确定的，确实的	zah zéh ke’		着實个		106		true	自旧档汇入	2026-04-13T01:27:08+08:00
Certain	adj.	[chose]	一定的，确定的，确实的	k‘iah zéh ke’		確實个		106		true	自旧档汇入	2026-04-13T01:27:08+08:00
Certain	adj.	[personne].Je suis - que	我确信	’ngou ’hiao teh ih ding’ ke’		我曉得一定个		106		true	自旧档汇入	2026-04-13T01:27:08+08:00
Certain	adj.	[personne].Je suis - que	我确信	’ngou ’k‘o i ’pao teh ding ke’	’ngou ’k‘o ’i ’pao teh ding ke’	我可以保得定个		106		true	自旧档汇入	2026-04-13T01:27:08+08:00
Certain	adj.	[personne].Je ne suis pas - que	我不确定	véh ts‘ing ’saong		勿清爽		106		true	自旧档汇入	2026-04-13T01:27:08+08:00
Certain	adj.	[personne].Je ne suis pas - que	我不确定	’pao véh ding	’pao véh ding’	保勿定		106		true	自旧档汇入	2026-04-13T01:27:08+08:00
Certain	adj.	[personne].Je ne suis pas - que	我不确定	moh véh zah		摸勿着		106		true	自旧档汇入	2026-04-13T01:27:08+08:00
Certain	adj.	[personne].Je ne suis pas - que	我不确定	m sou’ moh		無數目	嘸數目	106		true	自旧档汇入	2026-04-13T01:27:08+08:00
Certainement	adv.		肯定地, 一定地，当然	ih ding’		一定		106		true	自旧档汇入	2026-04-13T01:27:08+08:00
Certainement	adv.		肯定地, 一定地，当然	pih ding’		必定		106		true	自旧档汇入	2026-04-13T01:27:08+08:00
Certainement	adv.		肯定地, 一定地，当然	’ting ’pouo		頂把		106		true	自旧档汇入	2026-04-13T01:27:08+08:00
Certainement	adv.		肯定地, 一定地，当然	pao		包		106		true	自旧档汇入	2026-04-13T01:27:08+08:00
Certes	adv.		的确，当然	k‘iah zé		確然		106		true	自旧档汇入	2026-04-13T01:27:08+08:00
Certes	adv.		的确，当然	’kou zé		果然		106		true	自旧档汇入	2026-04-13T01:27:08+08:00
Certes	adv.		的确，当然	pao ding’		包定		106		true	自旧档汇入	2026-04-13T01:27:08+08:00
Certificat	sm.		证书，凭证	bing kiu’		憑據		106		true	自旧档汇入	2026-04-13T01:27:08+08:00
Certificat	sm.		证书，凭证	tsié’ su		荐書		106		true	自旧档汇入	2026-04-13T01:27:08+08:00
Certifier	va.		认证，证明	kié’ (tsoh) tseng’		見（作）證		106		true	自旧档汇入	2026-04-13T01:27:08+08:00
Certifier	va.	Je puis - que	我可以证明	tè pao	tè ’pao	担保		106		true	自旧档汇入	2026-04-13T01:27:08+08:00
Certifier	va.	Je puis - que	我可以证明	tsou’ kié’ tseng’		做見證		106		true	自旧档汇入	2026-04-13T01:27:08+08:00
Cérumen	sm.		耳垢，耵聍 	’gni méh		耳末		106		true	自旧档汇入	2026-04-13T01:27:08+08:00
Cérumen	sm.		耳垢，耵聍 	’gni maong		耳茫	耳？	106		true	自旧档汇入	2026-04-13T01:27:08+08:00
Céruse	sf.		白铅粉	k‘è ’fen		鉛粉		106		true	自旧档汇入	2026-04-13T01:27:08+08:00
Cerveau	sm.		大脑，脑	’nao ’tse		腦子		106		true	自旧档汇入	2026-04-13T01:27:08+08:00
Cerveau	sm.	— troublé	头脑混乱的	foen deû tèh ’nao ke’		昏頭搭腦个		106		true	自旧档汇入	2026-04-13T01:27:08+08:00
Cervelas	sm.		香肠	hiang zang		香腸		106		true	自旧档汇入	2026-04-13T01:27:08+08:00
Cervelle	sf.		脑子，头脑	’nao ’tse		腦子		106		true	自旧档汇入	2026-04-13T01:27:08+08:00
Cesse	loc.adv.	(Sans)	不停地，不断地	véh ding ke’		勿停个		106		true	自旧档汇入	2026-04-13T01:27:08+08:00
Cesse	loc.adv.	(Sans)	不停地，不断地	véh ’deu lié ke’		勿斷連个		106		true	自旧档汇入	2026-04-13T01:27:08+08:00
Cesser	va.		停止，中断	ding		停		106		true	自旧档汇入	2026-04-13T01:27:08+08:00
Cesser	va.		停止，中断	hiéh		歇		106		true	自旧档汇入	2026-04-13T01:27:08+08:00
Cesser	va.	Ne pouvoir -	无法停止	ding véh loh		停勿落		106		true	自旧档汇入	2026-04-13T01:27:08+08:00
Cesser	va.	Ne pouvoir -	无法停止	’tse véh zu’		止勿住		106		true	自旧档汇入	2026-04-13T01:27:08+08:00
Cesser	va.	— un travail	中止工作	bouo’ kong		罷工		106		true	自旧档汇入	2026-04-13T01:27:08+08:00
Cesser	va.	— un travail	中止工作	t‘èh kong		塌工	？工	106		true	自旧档汇入	2026-04-13T01:27:08+08:00
Cesser	vn.	— un travail	中止工作	hiéh kong		歇工		106		true	自旧档汇入	2026-04-13T01:27:08+08:00
Cesser	vn.	— de marcher	停止行进	zu’ kiah		住脚		106		true	自旧档汇入	2026-04-13T01:27:08+08:00
Cesser	vn.	— de marcher	停止行进	’tse bou’		止步		106		true	自旧档汇入	2026-04-13T01:27:08+08:00
Cesser	vn.	— l'ouvrage à la fin de la journée	在一天结束时停止工作	ding kong		停工		106		true	自旧档汇入	2026-04-13T01:27:08+08:00
Cesser	vn.	— l'ouvrage à la fin de la journée	在一天结束时停止工作	ding ’seû		停手		106		true	自旧档汇入	2026-04-13T01:27:08+08:00
Ceylan	sm.		锡兰	sih-lè		錫蘭		106		true	自旧档汇入	2026-04-13T01:27:08+08:00
Chacal	sm.		豺	zai keû’	zai ’keû	豺狗		106		true	自旧档汇入	2026-04-13T01:27:08+08:00
Chacun	pron.indéf		每个人，每位	koh gnen		各人		106		true	自旧档汇入	2026-04-13T01:27:08+08:00
Chacun	pron.indéf	— a son caractère	每个人都有自己的性格	koh gnen ’yeû koh gnen ke’ bi k‘i	koh gnen ’yeû koh gnen ke’ bi k‘i’	各人有各人个脾氣		106		true	自旧档汇入	2026-04-13T01:27:08+08:00
Chacun	pron.indéf	— pour soi	人各为己，各人自扫门前雪	koh ’koé’ koh	koh ’koé koh	各管各		106	印刷錯誤	true	自旧档汇入	2026-04-13T01:27:08+08:00
Chacun	pron.indéf	Tout le monde	人人，大家，所有人	gnen gnen		人人		106		true	自旧档汇入	2026-04-13T01:27:08+08:00
Chacun	pron.indéf	Tout le monde	人人，大家，所有人	ke’ ke’ gnen		個個人		106		true	自旧档汇入	2026-04-13T01:27:08+08:00
Chacun	pron.indéf	Tout le monde	人人，大家，所有人	mei gnen	’mei gnen	每人		106		true	自旧档汇入	2026-04-13T01:27:08+08:00
Chacun	pron.indéf	Tout le monde	人人，大家，所有人	’tsong gnen	tsong’ gnen	衆人		106		true	自旧档汇入	2026-04-13T01:27:08+08:00
Chagrin	sm.	Affliction	痛苦，悲伤，不幸	’k‘ou ts‘u’		苦處		106		true	自旧档汇入	2026-04-13T01:27:08+08:00
Chagrin	sm.	Cuir grenu	表面呈粒状的皮革	souo n bi		鯊魚皮		107		true	自旧档汇入	2026-04-13T01:27:08+08:00
Chagrin	adj.	Être tout -	悲伤的，抑郁的，愁眉不展的	pei saong		悲傷		107		true	自旧档汇入	2026-04-13T01:27:08+08:00
Chagrin	adj.	Être tout -	悲伤的，抑郁的，愁眉不展的	yeû zeû		憂愁		107		true	自旧档汇入	2026-04-13T01:27:08+08:00
Chagrin	adj.	Être tout -	悲伤的，抑郁的，愁眉不展的	nè kou’		難過		107		true	自旧档汇入	2026-04-13T01:27:08+08:00
Chagriner	va.	qqn.	使悲伤	saong i ke’ sin		傷伊个心		107		true	自旧档汇入	2026-04-13T01:27:08+08:00
Chagriner	vr.	Se -	觉得悲伤，感到郁闷	saong sin		傷心		107		true	自旧档汇入	2026-04-13T01:27:08+08:00
Chagriner	vr.	Se -	觉得悲伤，感到郁闷	yeû men’		憂悶		107		true	自旧档汇入	2026-04-13T01:27:08+08:00
Chaîne	sf.		链，链条，链子	lié’ diao [ih ken]		鏈條[一根]		107		true	自旧档汇入	2026-04-13T01:27:08+08:00
Chaîne	sf.	Torture des -s	跪铁链的酷刑	ghiu’ t‘ih lié’ diao		跪鐵鏈條		107		true	自旧档汇入	2026-04-13T01:27:08+08:00
Chaîne	sf.	—s aux pieds et aux mains	脚镣和手铐	kiah liao seû k‘ao’		腳鐐手銬		107	原作“脚鐐手[金靠]”	true	自旧档汇入	2026-04-13T01:27:08+08:00
Chaîne	sf.	Rangée:une - de montagnes	行：一行山脉	ih lieû’ sè		一溜山		107	？	true	自旧档汇入	2026-04-13T01:27:08+08:00
Chaîne	sf.	— d'un tissu	经线	kieng sié’		經綫		107		true	自旧档汇入	2026-04-13T01:27:08+08:00
Chaînette	sf.		小链条	’siao lié’ diao		小鏈條		107		true	自旧档汇入	2026-04-13T01:27:08+08:00
Chaînon	sm.		链环，链节	t‘ih goè ’tse		鐵環子		107		true	自旧档汇入	2026-04-13T01:27:08+08:00
Chair	sf.		肌肉，肉	gnôh 		肉		107		true	自旧档汇入	2026-04-13T01:27:08+08:00
Chair	sf.	Affliger la -(C.)	折磨肉体	k‘eh ’k‘ou gnôh sen		克苦肉身		107	待定	true	自旧档汇入	2026-04-13T01:27:08+08:00
Chair	sf.	Réprimer les désirs de la -	抑制肉体的欲望	èh woh gnôh zing		壓服肉情		107		true	自旧档汇入	2026-04-13T01:27:08+08:00
Chaire	sf.	Estrade.	台子	dai ’tse		臺子		107		true	自旧档汇入	2026-04-13T01:27:08+08:00
Chaire	sf.	Estrade.- de prédicateur	讲道台	kaong dao’ dai	’kaong dao’ dai	講道臺		107		true	自旧档汇入	2026-04-13T01:27:08+08:00
Chaise	sf.		椅子	’yu ’tse [ih ’pouo]		椅子[一把]		107		true	自旧档汇入	2026-04-13T01:27:08+08:00
Chaise	sf.	— à porteurs	轿子	ghiao’ ’tse [ih ’ting]		轎子[一頂]		107		true	自旧档汇入	2026-04-13T01:27:08+08:00
Chaise	sf.	— de mariée	彩轿	h‘ouo ghiao’		花轎		107		true	自旧档汇入	2026-04-13T01:27:08+08:00
Chaise	sf.	— percée	便桶椅	’mô ’dong		馬桶		107		true	自旧档汇入	2026-04-13T01:27:08+08:00
Chaise	sf.	— percée	便桶椅	bié ’dong		便桶		107		true	自旧档汇入	2026-04-13T01:27:08+08:00
Chaise	sf.	— percée	便桶椅	ya’ ’dong		夜桶		107		true	自旧档汇入	2026-04-13T01:27:08+08:00
Chaland	sm.	Client	老主顾，老顾客	’tsu k‘ah		主客		107		true	自旧档汇入	2026-04-13T01:27:08+08:00
Chaland	sm.	Client	老主顾，老顾客	’tsu kou’		主顧		107		true	自旧档汇入	2026-04-13T01:27:08+08:00
Chaleur	sf.		高温，炎热	gnéh k‘i’		熱氣		107		true	自旧档汇入	2026-04-13T01:27:08+08:00
Chaleur	sf.		高温，炎热	’h‘ou k‘i’		火氣		107		true	自旧档汇入	2026-04-13T01:27:08+08:00
Chaleur	sf.	Saison des -s	暑伏	’su woh		暑伏		107		true	自旧档汇入	2026-04-13T01:27:08+08:00
Chaloupe	sf.		小船，小艇	’siao zé		小船		107		true	自旧档汇入	2026-04-13T01:27:08+08:00
Chaloupe	sf.		小船，小艇	kiah zé		脚船		107		true	自旧档汇入	2026-04-13T01:27:08+08:00
Chamailler	vpr.	(Se)	吵架，争吵	tseng teû’		争鬥		107		true	自旧档汇入	2026-04-13T01:27:08+08:00
Chamailler	vpr.	(Se)	吵架，争吵	’ts‘ao nao’		吵鬧		107		true	自旧档汇入	2026-04-13T01:27:08+08:00
Chamailler	vpr.	(Se)	吵架，争吵	kèh ’tse zéh		夾嘴舌		107		true	自旧档汇入	2026-04-13T01:27:08+08:00
Chamarré	pp.		五颜六色的，花花绿绿的	h‘ouo h‘ouo lôh lôh ke’		花花緑緑个		107		true	自旧档汇入	2026-04-13T01:27:08+08:00
Chambranle	sm.		门框	men k‘oang ’tse		門框子		107	原作“門[門匡]子”	true	自旧档汇入	2026-04-13T01:27:08+08:00
Chambranle	sm.		门框	wou’ ts‘e		户栨		107		true	自旧档汇入	2026-04-13T01:27:08+08:00
Chambre	sf.		房间	waong kè [ih kè]		房間[一間]		107		true	自旧档汇入	2026-04-13T01:27:08+08:00
Chameau	sm.		骆驼	loh dou		駱駝		107		true	自旧档汇入	2026-04-13T01:27:08+08:00
Chamois	sm.		羚羊	ling yang		羚羊		107		true	自旧档汇入	2026-04-13T01:27:08+08:00
Champ	sm.	— de labour	田, 田地，耕地	dié		田		107		true	自旧档汇入	2026-04-13T01:27:08+08:00
Champ	sm.	— de labour	田, 田地，耕地	di’ bi 		地皮		107		true	自旧档汇入	2026-04-13T01:27:08+08:00
Champ	sm.	— de labour	田, 田地，耕地	dié di’ [ih k‘oei]	dié di’ [ih k‘oei’]	田地[一塊]		107		true	自旧档汇入	2026-04-13T01:27:08+08:00
Champ	sm.	— de bataille	战场	tsé’ zang		戰場		107		true	自旧档汇入	2026-04-13T01:27:08+08:00
Champ	sm.	— de manœuvres	练兵场	kiao’ zang		教場		107		true	自旧档汇入	2026-04-13T01:27:08+08:00
Champ	loc.adv.	Sur-le-champ	立刻，马上	mô zaong	mô zaong’	馬上		107	待定	true	自旧档汇入	2026-04-13T01:27:08+08:00
Champ	loc.adv.	Sur-le-champ	立刻，马上	lih k‘eh		立刻		107		true	自旧档汇入	2026-04-13T01:27:08+08:00
Champ	loc.adv.	Sur-le-champ	立刻，马上	tsih k‘eh		即刻		107		true	自旧档汇入	2026-04-13T01:27:08+08:00
Champ	id.	À tout bout de -	总是，不停地	koè’ zang		慣常		107		true	自旧档汇入	2026-04-13T01:27:08+08:00
Champ	id.	À tout bout de -	总是，不停地	’waong ’waong		往往		107		true	自旧档汇入	2026-04-13T01:27:08+08:00
Champagne		(Vin de)	香槟酒	sè pin ’tsieû		三賓酒		107	没有给词性，应该是sm.	true	自旧档汇入	2026-04-13T01:27:08+08:00
Champagne		(Vin de)	香槟酒	k‘i’ ’tsieû		氣酒		107		true	自旧档汇入	2026-04-13T01:27:08+08:00
Champêtre	adj.		田野的，乡间的	hiang ’hao ke’		鄉下个		107		true	自旧档汇入	2026-04-13T01:27:08+08:00
Champignon	sm.		蘑菇，菌类	mô kou		藦菇	蘑菇	107	待定	true	自旧档汇入	2026-04-13T01:27:08+08:00
Champignon	sm.		蘑菇，菌类	’zin		菌	蕈	107		true	自旧档汇入	2026-04-13T01:27:08+08:00
Champignon	sm.		蘑菇，菌类	hiang ’zin		香菌	香蕈	107		true	自旧档汇入	2026-04-13T01:27:08+08:00
Champignon	sm.	— agaric	木耳，云耳	moh ’gni		木耳		107		true	自旧档汇入	2026-04-13T01:27:08+08:00
Champignon	sm.	— agaric	木耳，云耳	yun ’gni		雲耳		107		true	自旧档汇入	2026-04-13T01:27:08+08:00
Champignon	sm.	— d'une lampe	灯花	teng h‘ouo		燈花		108		true	自旧档汇入	2026-04-13T01:27:08+08:00
Champignon	sm.	— d'une lampe	灯花	teng mé deû		燈煤頭		108		true	自旧档汇入	2026-04-13T01:27:08+08:00
Champion	sm.		杰出人物	hao ghiéh		豪傑		108		true	自旧档汇入	2026-04-13T01:27:08+08:00
Chance	sf.	Effet du hasard	运气，机遇，时机	yun’ k‘i’		運氣		108		true	自旧档汇入	2026-04-13T01:27:08+08:00
Chance	sf.	Effet du hasard	运气，机遇，时机	foh ven’		福分		108		true	自旧档汇入	2026-04-13T01:27:08+08:00
Chance	sf.	Effet du hasard	运气，机遇，时机	zao’ h‘ouo’		造化		108		true	自旧档汇入	2026-04-13T01:27:08+08:00
Chance	sf.	Effet du hasard	运气，机遇，时机	kiao yeng’		徼幸		108		true	自旧档汇入	2026-04-13T01:27:08+08:00
Chance	sf.	C'est la -	这是一时侥幸	di’ ke’ ze’ ih ze ke’ kiao yeng’		第个是一時个徼幸		108		true	自旧档汇入	2026-04-13T01:27:08+08:00
Chance	sf.	Cela dépend de la -	那只是碰运气	kou’ ke’ ze’ bang’ yun’ k‘i’		箇个是碰運氣		108		true	自旧档汇入	2026-04-13T01:27:08+08:00
Chance	sf.	Bonne fortune:avoir de la -	好运：走运	zao’ h‘ouo’		造化		108		true	自旧档汇入	2026-04-13T01:27:08+08:00
Chance	sf.	Bonne fortune:avoir de la -	好运：走运	yeng’ k‘oei (k‘iu)		幸虧		108		true	自旧档汇入	2026-04-13T01:27:08+08:00
Chance	sf.	Bonne fortune:avoir de la -	好运：走运	k‘oei (k‘iu) teh		虧得		108		true	自旧档汇入	2026-04-13T01:27:08+08:00
Chance	sf.	N'avoir pas de -	不幸运	véh zao’ h‘ouo’		勿造化		108		true	自旧档汇入	2026-04-13T01:27:08+08:00
Chance	sf.	N'avoir pas de -	不幸运	foei k‘i’		晦氣		108		true	自旧档汇入	2026-04-13T01:27:08+08:00
Chance	sf.	N'avoir pas de -	不幸运	’tao mé		倒霉		108		true	自旧档汇入	2026-04-13T01:27:08+08:00
Chance	sf.	N'avoir pas de -	不幸运	’tao yun’		倒運		108		true	自旧档汇入	2026-04-13T01:27:08+08:00
Chance	sf.	N'avoir pas de -	不幸运	véh seh deû		勿色頭		108	待定	true	自旧档汇入	2026-04-13T01:27:08+08:00
Chance	sf.	N'avoir pas de -	不幸运	t‘éh seh deû		脱色頭		108		true	自旧档汇入	2026-04-13T01:27:08+08:00
Chance	sf.	Bonne - en affaires	生意兴隆	ze yun’ ’h‘ao		時運好		108		true	自旧档汇入	2026-04-13T01:27:08+08:00
Chance	sf.	Bonne - en affaires	生意兴隆	zai yun’ ’h‘ao		財運好		108		true	自旧档汇入	2026-04-13T01:27:08+08:00
Chance	sf.	Motif d'espérer	机会，可能性	p‘è maong’	p‘è’ maong’	盼望		108		true	自旧档汇入	2026-04-13T01:27:08+08:00
Chance	sf.	Avoir quelque - de…	有希望…	’yeû ’tié p‘è maong’	’yeû ’tié p‘è’ maong’	有點盼望		108		true	自旧档汇入	2026-04-13T01:27:08+08:00
Chanceler	vn.		蹒跚，踉跄，摇晃	’p‘i (tih) lai ’p‘i (tih) k‘i’		䟺（跌）來䟺（跌）去	？來？去	108	待定	true	自旧档汇入	2026-04-13T01:27:08+08:00
Chanceler	vn.		蹒跚，踉跄，摇晃	k‘ai lai k‘ai k‘i’		搕來搕去	？	108	待定	true	自旧档汇入	2026-04-13T01:27:08+08:00
Chanceler	vn.	— dans sa marche	走不稳	lih (kiah) véh zu’		立（脚）勿住		108	待定	true	自旧档汇入	2026-04-13T01:27:08+08:00
Chanceler	vn.	— sur sa base	摇摇欲坠	véh ’wen taong’		勿穩當		108		true	自旧档汇入	2026-04-13T01:27:08+08:00
Chanceler	vn.	— sur sa base	摇摇欲坠	yao’ ’tao		要倒		108		true	自旧档汇入	2026-04-13T01:27:08+08:00
Chanceler	vn.	— dans ses opinions	意见动摇	m ’tsu i’		無主意	嘸主意	108		true	自旧档汇入	2026-04-13T01:27:08+08:00
Chanceler	vn.	— dans ses opinions	意见动摇	sin véh ding’		心勿定		108		true	自旧档汇入	2026-04-13T01:27:08+08:00
Chanceler	vn.	— dans ses opinions	意见动摇	tsao sè mou se’	tsao sè mou’ se’	朝三暮四		108		true	自旧档汇入	2026-04-13T01:27:08+08:00
Chanceux	adj.	(Pers.)	走运的人	foh ven’ ’h‘ao ke’ gnen		福分好个人		108		true	自旧档汇入	2026-04-13T01:27:08+08:00
Chanceux	adj.	(Pers.)	走运的人	teh ze ke’ gnen		得時个人		108		true	自旧档汇入	2026-04-13T01:27:08+08:00
Chanceux	adj.	(Chose)	幸运的事	’pouo véh zu		把勿住		108		true	自旧档汇入	2026-04-13T01:27:08+08:00
Chanci	adj.		发霉的，生霉的	mei		霉		108		true	自旧档汇入	2026-04-13T01:27:08+08:00
Chanci	adj.		发霉的，生霉的	fèh mei		發霉		108		true	自旧档汇入	2026-04-13T01:27:08+08:00
Chanci	adj.		发霉的，生霉的	zaong’ mei		上霉		108		true	自旧档汇入	2026-04-13T01:27:08+08:00
Chancre	sm.		下疳	lè’ ts‘aong		爛瘡		108		true	自旧档汇入	2026-04-13T01:27:08+08:00
Chandeleur	sf.	Fête de la Présentation de N.S.	圣蜡节	seng’ ’mou hié’ ya-sou yu ’tsu daong		聖母獻耶穌於主堂		108		true	自旧档汇入	2026-04-13T01:27:08+08:00
Chandelier	sm.		蜡烛台	lèh dai		蠟臺		108		true	自旧档汇入	2026-04-13T01:27:08+08:00
Chandelier	sm.		蜡烛台	lèh ts‘ié		蠟籤		108		true	自旧档汇入	2026-04-13T01:27:08+08:00
Chandelle	sf.	— de suif	蜡烛，脂烛	lèh tsôh		蠟燭		108		true	自旧档汇入	2026-04-13T01:27:08+08:00
Chandelle	sf.	— de suif	蜡烛，脂烛	yeû tsôh [ih ken]		油燭[一根]		108		true	自旧档汇入	2026-04-13T01:27:08+08:00
Change	sm.	(Lettre de)	汇票	gnen p‘iao’		銀票		108		true	自旧档汇入	2026-04-13T01:27:08+08:00
Change	sm.	(Lettre de)	汇票	zié p‘iao’		錢票		108		true	自旧档汇入	2026-04-13T01:27:08+08:00
Changeant	adj.	(Caractère)	多变的性格	’fè ’fè foh foh ke’		反反覆覆个		108		true	自旧档汇入	2026-04-13T01:27:08+08:00
Changeant	adj.	(Caractère)	多变的性格	sing’ deû wéh ke’ gnen		性頭活个人		108		true	自旧档汇入	2026-04-13T01:27:08+08:00
Changé	pp.	— d'office.	职位调动	diao ’tsé		調者		108		true	自旧档汇入	2026-04-13T01:27:08+08:00
Changer	va. 		换，调换	wé’		换		108		true	自旧档汇入	2026-04-13T01:27:08+08:00
Changer	va. et vn.		变，变更，改变	’kai		改		108		true	自旧档汇入	2026-04-13T01:27:08+08:00
Changer	va. et vn.		变，变更，改变	pié’		變		108		true	自旧档汇入	2026-04-13T01:27:08+08:00
Changer	va. et vn.		变，变更，改变	kang ’kai		更改		108		true	自旧档汇入	2026-04-13T01:27:08+08:00
Changer	va. et vn.	— de l'argent	换钱	dei’ yang dié		兑洋錢		108		true	自旧档汇入	2026-04-13T01:27:08+08:00
Changer	va. et vn.	— un billet	换钞票	wé’ p‘iao’ ’tse		换票子		108		true	自旧档汇入	2026-04-13T01:27:08+08:00
Changer	va. et vn.	Transformer	变化，转化，改变	pié’ h‘ouo’		變化		108		true	自旧档汇入	2026-04-13T01:27:08+08:00
Changer	va. et vn.	Transformer	变化，转化，改变	’kai pié’		改變		108		true	自旧档汇入	2026-04-13T01:27:08+08:00
Changer	va. et vn.	Modifier:- d'avis	更改：改变主意	wé’ ’tsu i’ (i’ se)		换主意（意思）		109		true	自旧档汇入	2026-04-13T01:27:08+08:00
Changer	va. et vn.	Modifier:- d'avis	更改：改变主意	’fè foh		反復	反覆	109	待定	true	自旧档汇入	2026-04-13T01:27:08+08:00
Changer	va. et vn.	— le règlement	更改规则	kang ’kai (’kai t‘éh) koei ’kiu		更改（改脱）規矩		109		true	自旧档汇入	2026-04-13T01:27:08+08:00
Changer	va. et vn.	Devenir autre:- de couleur	变化（/成为他者）：变色	pié’ ngè seh		變顔色		109		true	自旧档汇入	2026-04-13T01:27:08+08:00
Changer	va. et vn.	S'amender	改正，改善	’kai kou’		改過		109		true	自旧档汇入	2026-04-13T01:27:08+08:00
Changer	va. et vn.	S'amender	改正，改善	’hoei kou’	’h‘oei kou’	悔過		109		true	自旧档汇入	2026-04-13T01:27:08+08:00
Chanson	sf.		歌曲，歌谣，小调，曲调	k‘iôh ’tse		曲子		109		true	自旧档汇入	2026-04-13T01:27:08+08:00
Chanson	sf.		歌曲，歌谣，小调，曲调	sè kou		山歌		109		true	自旧档汇入	2026-04-13T01:27:08+08:00
Chansonnette	sf.		小调，小曲	’siao k‘iôh ’tse		小曲子		109		true	自旧档汇入	2026-04-13T01:27:08+08:00
Chant	sm.		歌声	k‘iang diao		腔調		109		true	自旧档汇入	2026-04-13T01:27:08+08:00
Chant	sm.	Air de musique	乐曲的节奏	diao ’tsé		調子		109		true	自旧档汇入	2026-04-13T01:27:08+08:00
Chant	sm.	pièce en vers chantée	歌，歌曲	kou		歌		109		true	自旧档汇入	2026-04-13T01:27:08+08:00
Chanter	vn.	(Homme)	唱，歌唱	ts‘aong’		唱		109		true	自旧档汇入	2026-04-13T01:27:08+08:00
Chanter	vn.	(Homme)	唱，歌唱	kou ts‘aong	kou ts‘aong’	歌唱		109		true	自旧档汇入	2026-04-13T01:27:08+08:00
Chanter	vn.	(Homme)	唱，歌唱	’tang ts‘aong	’tang ts‘aong’	打唱		109		true	自旧档汇入	2026-04-13T01:27:08+08:00
Chanter	vn.	(Oiseau)	鸣叫	’tiao ’kiao		窵叫	鳥叫	109		true	自旧档汇入	2026-04-13T01:27:08+08:00
Chanterelle	sf.		鸡油菌	p‘ié’ tiao’ ’kiao ’tse		騙窵叫子	騙鳥叫子	109		true	自旧档汇入	2026-04-13T01:27:08+08:00
Chanteur	sm.	— des rues	民间演唱者	ts‘aong’ sè kou ke’		唱山歌个		109		true	自旧档汇入	2026-04-13T01:27:08+08:00
Chanteur	sm.	— des rues	民间演唱者	’tang ts‘aong’ pè		打唱班		109		true	自旧档汇入	2026-04-13T01:27:08+08:00
Chantier	sm.		工地	’ts‘ang		廠		109		true	自旧档汇入	2026-04-13T01:27:08+08:00
Chantier	sm.		工地	tsoh zang		作場		109		true	自旧档汇入	2026-04-13T01:27:08+08:00
Chantier	sm.	— de bois	贮木场，木材场	moh haong		木行		109		true	自旧档汇入	2026-04-13T01:27:08+08:00
Chanvre	sm.		麻纤维，麻类植物	mô		麻		109		true	自旧档汇入	2026-04-13T01:27:08+08:00
Chanvre	sm.		麻纤维，麻类植物	’siao mô		小麻		109		true	自旧档汇入	2026-04-13T01:27:08+08:00
Chaos	sm.		混沌，混乱	’wen ’den		混沌		109	沌字聲調待定	true	自旧档汇入	2026-04-13T01:27:08+08:00
Chape	sf.	(C.)	袈裟	ka-pah [ih ghié]	ka-pah [ih ghié’]	袈[衤白][一件]	袈？	109	待定	true	自旧档汇入	2026-04-13T01:27:08+08:00
Chapeau	sm.		帽子	mao’ ’tse		帽子		109		true	自旧档汇入	2026-04-13T01:27:08+08:00
Chapeau	sm.	— de cérémonie	朝冠，官帽	koé mao’		官帽		109		true	自旧档汇入	2026-04-13T01:27:08+08:00
Chapeau	sm.	— d'été	凉帽	liang mao’		凉帽		109		true	自旧档汇入	2026-04-13T01:27:08+08:00
Chapeau	sm.	— d'hiver	冬帽	’neu mao’		暖帽		109		true	自旧档汇入	2026-04-13T01:27:08+08:00
Chapelet	sm.	(C.)	念珠	ih ts‘é’ gnè tsu	ih ts‘é’ gnè’ tsu	一串念珠		109		true	自旧档汇入	2026-04-13T01:27:08+08:00
Chapelet	sm.	— de bonze	念珠，佛珠	ih ts‘é’ sou’ tsu		一串素珠		109		true	自旧档汇入	2026-04-13T01:27:08+08:00
Chapelet	sm.	Collier de mandarin	朝珠	ih ts‘é’ zao tsu		一串朝珠		109		true	自旧档汇入	2026-04-13T01:27:08+08:00
Chapelet	sm.	— de perles	珠串	ih ts‘é’ tsu ’tse		一串珠子		109		true	自旧档汇入	2026-04-13T01:27:08+08:00
Chapelier	sm.	Ouvrier	制帽工人	tsou’ mao’ ’tse ke’		做帽子个		109		true	自旧档汇入	2026-04-13T01:27:08+08:00
Chapelier	sm.	Ouvrier	制帽工人	mao’ tsoh se wou’		帽作司務		109		true	自旧档汇入	2026-04-13T01:27:08+08:00
Chapelier	sm.	— (marchand)	帽商	ma’ mao’ ’tse ke’		賣帽子个		109		true	自旧档汇入	2026-04-13T01:27:08+08:00
Chapelier	sm.	— (boutiquier)	帽子店店主	k‘ai mao’ ’tse tié’ ke’		開帽子店个		109		true	自旧档汇入	2026-04-13T01:27:08+08:00
Chapelle	sf.		小教堂	’siao daong		小堂		109		true	自旧档汇入	2026-04-13T01:27:08+08:00
Chapelle	sf.	— ou temple protestant	耶稣教堂	’kaong su daong		講書堂		109		true	自旧档汇入	2026-04-13T01:27:08+08:00
Chapelle	sf.	— ou temple protestant	耶稣教堂	ya-sou kiao’ daong		耶穌教堂		109		true	自旧档汇入	2026-04-13T01:27:08+08:00
Chapelle	sf.	Caisse de messe (C.)	祭祀箱	tsi’ siang		祭箱		109		true	自旧档汇入	2026-04-13T01:27:08+08:00
Chaperon	sm.	Faîte de mur	墙的顶端	ziang deû		墻頭		109		true	自旧档汇入	2026-04-13T01:27:08+08:00
Chapiteau	sm.		柱头	zu’ deû	’zu deû	柱頭		109		true	自旧档汇入	2026-04-13T01:27:08+08:00
Chapiteau	sm.		柱头	zu’ ’ting zah	’zu ’ting zah	柱頂石		109		true	自旧档汇入	2026-04-13T01:27:08+08:00
Chapitre	sm.	— d'un livre	书的章节	tsang		章		109		true	自旧档汇入	2026-04-13T01:27:08+08:00
Chapitrer	va.	—qqn.	斥责，谴责	tsah bei’ i ih fè		責備伊一番		109		true	自旧档汇入	2026-04-13T01:27:08+08:00
Chapon	sm.		阉鸡	sé’ ki		騸鷄		109		true	自旧档汇入	2026-04-13T01:27:08+08:00
Chapon	sm.		阉鸡	sé’ yong ki		騸雄鷄		109		true	自旧档汇入	2026-04-13T01:27:08+08:00
Chaque	adj.		每个，每一个，各个	’mei		每		109		true	自旧档汇入	2026-04-13T01:27:08+08:00
Chaque	adj.		每个，每一个，各个	’mei ih ke’		每一個		109		true	自旧档汇入	2026-04-13T01:27:08+08:00
Chaque	adj.		每个，每一个，各个	koh		各		109		true	自旧档汇入	2026-04-13T01:27:08+08:00
Chaque	adj.	— pays a son accent	每个国家有自己的口音	koh ts‘u’ koh ’t‘ou yen		各處各土音		109		true	自旧档汇入	2026-04-13T01:27:08+08:00
Chaque	adj.	— jour	每天	t‘ié t‘ié		天天		110		true	自旧档汇入	2026-04-13T01:27:08+08:00
Chaque	adj.	— mot	每句	kiu’ kiu’		句句		110		true	自旧档汇入	2026-04-13T01:27:08+08:00
Chaque	adj.	Glisser à - pas	一步一滑	ih bou’ ih wèh		一步一滑		110		true	自旧档汇入	2026-04-13T01:27:08+08:00
Chaque	adj.	— fois que…	每次	’mei ts‘e’		每次		110		true	自旧档汇入	2026-04-13T01:27:08+08:00
Chaque	adj.	— fois que…	每次	’mei ih wei		每一回		110		true	自旧档汇入	2026-04-13T01:27:08+08:00
Char	sm.		畜力车，马车	ts‘ouo ’tse		車子		110		true	自旧档汇入	2026-04-13T01:27:08+08:00
Char	sm.		畜力车，马车	’mô ts‘ouo [ih ’bou]		馬車[一部]		110		true	自旧档汇入	2026-04-13T01:27:08+08:00
Charade	sf.	Faire des -s	出谜语	ts‘éh ziéh tei’		出絶對		110		true	自旧档汇入	2026-04-13T01:27:08+08:00
Charançon	sm.	— du riz	米虫	’mi zong		米虫		110	保留簡體	true	自旧档汇入	2026-04-13T01:27:08+08:00
Charançon	sm.	— du blé	谷象	’yang ’tse		[虫養]子	[虫養]子？	110		true	自旧档汇入	2026-04-13T01:27:08+08:00
Charbon	sm.		炭，木炭，煤	t‘è’		炭		110		true	自旧档汇入	2026-04-13T01:27:08+08:00
Charbon	sm.	— ardent	火炭	’h‘ou t‘è’		火炭		110		true	自旧档汇入	2026-04-13T01:27:08+08:00
Charbon	sm.	— de bois	木炭	moh t‘è’		木炭		110		true	自旧档汇入	2026-04-13T01:27:08+08:00
Charbon	sm.	— de terre	煤	mei		煤		110		true	自旧档汇入	2026-04-13T01:27:08+08:00
Charbon	sm.	— de terre	煤	zah mei		石煤		110		true	自旧档汇入	2026-04-13T01:27:08+08:00
Charbonner	vn.		炭化，烧成炭	sao t‘è’		燒炭		110		true	自旧档汇入	2026-04-13T01:27:08+08:00
Charbonnier	sm.		烧炭人	sao t‘è’ ke’		燒炭个		110		true	自旧档汇入	2026-04-13T01:27:08+08:00
Charbonnière	sf.		烧炭场	moh t‘è’ yao		木炭窑		110		true	自旧档汇入	2026-04-13T01:27:08+08:00
Charcutier	sm.		屠夫，猪肉商	sèh tse lou ke’		殺猪獹个	殺猪玀个	110	待定 另作猪廬/猪玀	true	自旧档汇入	2026-04-13T01:27:08+08:00
Charcutier	sm.		屠夫，猪肉商	dou fou		屠夫		110		true	自旧档汇入	2026-04-13T01:27:08+08:00
Chardon	sm.		蓟，有刺茎菊科植物	zih li		蒺蔾		110		true	自旧档汇入	2026-04-13T01:27:08+08:00
Chardonneret	sm.		金翅鸟	waong ts‘iah		黄雀		110		true	自旧档汇入	2026-04-13T01:27:08+08:00
Charge	sf.	Fardeau	担子，负荷	tè’		担		110	保留簡體	true	自旧档汇入	2026-04-13T01:27:08+08:00
Charge	sf.	Fardeau	担子，负荷	tè’ ’tse		擔子		110		true	自旧档汇入	2026-04-13T01:27:08+08:00
Charge	sf.	Fardeau	担子，负荷	t‘iao ’tse		挑子		110		true	自旧档汇入	2026-04-13T01:27:08+08:00
Charge	sf.	— d'une bête de somme	驮子	dou ’tse		馱子		110		true	自旧档汇入	2026-04-13T01:27:08+08:00
Charge	sf.	— d'un véhicule	车载货物	tsai’		載		110		true	自旧档汇入	2026-04-13T01:27:08+08:00
Charge	sf.	— d'un véhicule	车载货物	tsaong tsai’		裝載		110		true	自旧档汇入	2026-04-13T01:27:08+08:00
Charge	sf.	Revenir toujours à la -	反复无常	sè ’fè se’ foh		三反四覆		110		true	自旧档汇入	2026-04-13T01:27:08+08:00
Charge	sf.	Revenir toujours à la -	反复无常	lié gni’ lié sè		連二連三		110		true	自旧档汇入	2026-04-13T01:27:08+08:00
Charge	sf.	Être à -	成为负担	t‘ao gnen yé’	’t‘ao gnen yé’	討人厭		110		true	自旧档汇入	2026-04-13T01:27:08+08:00
Charge	sf.	Être à -	成为负担	za yé’		惹厭		110		true	自旧档汇入	2026-04-13T01:27:08+08:00
Charge	sf.	Être à -	成为负担	lou sou		囉嗦		110	待定 另作囉唆	true	自旧档汇入	2026-04-13T01:27:08+08:00
Charge	sf.	Être à -	成为负担	nè wei		難爲		110		true	自旧档汇入	2026-04-13T01:27:08+08:00
Charge	sf.	Être à -	成为负担	vè lao		煩勞		110		true	自旧档汇入	2026-04-13T01:27:08+08:00
Charge	sf.	Emploi	职务，责任	’pen ven’		本分		110		true	自旧档汇入	2026-04-13T01:27:08+08:00
Charge	sf.	Fonction publique	公职，职务，职位	tseh zen’		職任		110		true	自旧档汇入	2026-04-13T01:27:08+08:00
Charge	sf.	Fonction publique	公职，职务，职位	koé tseh		官職		110		true	自旧档汇入	2026-04-13T01:27:08+08:00
Charge	sf.	Obtenie une -	做官，获职	tsou’ koé		做官		110		true	自旧档汇入	2026-04-13T01:27:08+08:00
Charge	sf.	Obtenie une -	做官，获职	’pou k‘ieûh		補缺		110		true	自旧档汇入	2026-04-13T01:27:08+08:00
Charge	sf.	Acheter une -	捐官	kieu koé		捐官		110		true	自旧档汇入	2026-04-13T01:27:08+08:00
Charge	sf.	Entrer en -	上任，接任	zaong’ zen’		上任		110		true	自旧档汇入	2026-04-13T01:27:08+08:00
Charge	sf.	Entrer en -	上任，接任	tsih zen’ (yen’)		接任（印）		110		true	自旧档汇入	2026-04-13T01:27:08+08:00
Charge	sf.	Sortir de -	卸任，离职	sia’ zen’		卸任		110		true	自旧档汇入	2026-04-13T01:27:08+08:00
Charge	sf.	Sortir de -	卸任，离职	sia’ yen’		卸印		110		true	自旧档汇入	2026-04-13T01:27:08+08:00
Charge	sf.	Exercer une - en titre	担任职称	zéh zeû’		實授		110		true	自旧档汇入	2026-04-13T01:27:08+08:00
Charge	sf.	— par intérim	代理职务	zu’ ’li		署理		110		true	自旧档汇入	2026-04-13T01:27:08+08:00
Chargé	sm.	— d'affaires	临时代办	fou k‘ien ts‘a	fou’ k‘ien ts‘a	副欽差		110		true	自旧档汇入	2026-04-13T01:27:08+08:00
Chargé	adj.		载荷的，有负载的	tsaong ’tsé		裝者		110		true	自旧档汇入	2026-04-13T01:27:08+08:00
Chargé	adj.	Cheval non -	未载东西的马	k‘ong ’mô		空馬		110		true	自旧档汇入	2026-04-13T01:27:08+08:00
Chargé	adj.	Barque non -e	未载货物的船	k‘ong zé		空船		110		true	自旧档汇入	2026-04-13T01:27:08+08:00
Charger	va.		装，装运，使负载	faong’ ’la		放拉		110		true	自旧档汇入	2026-04-13T01:27:08+08:00
Charger	va.		装，装运，使负载	koh ’la		擱拉		110		true	自旧档汇入	2026-04-13T01:27:08+08:00
Charger	va.		装，装运，使负载	tsaong		裝		110		true	自旧档汇入	2026-04-13T01:27:08+08:00
Charger	va.		装，装运，使负载	tsaong tsai’		裝載		110		true	自旧档汇入	2026-04-13T01:27:08+08:00
Charger	va.	Porter une charge sur la tête	头顶货物	’ting ’k‘i lai		頂起來		110		true	自旧档汇入	2026-04-13T01:27:08+08:00
Charger	va.	,,sur le dos	背负重物	pei’ ’k‘i lai		背起來		110		true	自旧档汇入	2026-04-13T01:27:08+08:00
Charger	va.	,,sur le dos	背负重物	dou		駝	馱	110	另作馱	true	自旧档汇入	2026-04-13T01:27:08+08:00
Charger	va.	,,sur l'épaule	肩上扛着重物	dai ’k‘i lai		抬起來		110		true	自旧档汇入	2026-04-13T01:27:08+08:00
Charger	va.	,,à la manière d'une besace	用袋子携带负载	tèh koh pei’		搭角背		110		true	自旧档汇入	2026-04-13T01:27:08+08:00
Charger	va	Porter une charge au moyen d’un bâton(portefaix).	使负担	tè(t‘iao)’k‘i lai		擔（挑）起來		111		true	自旧档汇入	2026-04-13T01:27:08+08:00
Charger	va	Donner commission.	委托	t‘oh		托，		111		true	自旧档汇入	2026-04-13T01:27:08+08:00
Charger	va	Donner commission.	委托	tsôh t‘oh		囑托				true	自旧档汇入	2026-04-13T01:27:08+08:00
Charger	va	Donner commission.	委托	t‘oh fou’		托付				true	自旧档汇入	2026-04-13T01:27:08+08:00
Charger	vr	Se Charger.Prendre soin de.	负责	’koé’ ’li，	’koé ’li	管理，		111	印刷錯誤	true	自旧档汇入	2026-04-13T01:27:08+08:00
				kieng ’koé		經管				true	自旧档汇入	2026-04-13T01:27:08+08:00
Charger	va	Les frais,je m’en charge	费用我承担	fi’ yong’ zi seu’ ’ngou ke’		費用齊算我个		111		true	自旧档汇入	2026-04-13T01:27:08+08:00
Charger	va	Répondre de.	负责，担保	’pao		保		111		true	自旧档汇入	2026-04-13T01:27:08+08:00
Charger	va	Promettre de faire.	承担，负担	zeng taong，		承當，		111		true	自旧档汇入	2026-04-13T01:27:08+08:00
Charger	va	Promettre de faire.	承担，负担	tè taong		擔當				true	自旧档汇入	2026-04-13T01:27:08+08:00
Chariot	sm		四轮运货车	dou’ ts‘ouo ’tse [ih bou]	dou’ ts‘ouo ’tse [ih ’bou]	大車子[一部]		111		true	自旧档汇入	2026-04-13T01:27:08+08:00
Charitable	adj		慈善的，慈悲的	zen ai’ ke’，		仁愛个，		111		true	自旧档汇入	2026-04-13T01:27:08+08:00
Charitable	adj		慈善的，慈悲的	ai gnen ke’	ai’ gnen ke’	愛人个				true	自旧档汇入	2026-04-13T01:27:08+08:00
Charité	sf	(C.)	爱德	ai’ teh		愛德		111		true	自旧档汇入	2026-04-13T01:27:08+08:00
Charité	sf	Faire un acte de Charité.	发爱德	fèh ai’ teh		發愛德		111		true	自旧档汇入	2026-04-13T01:27:08+08:00
Charité	sf	Charité fraternelle.	兄弟般相亲	di’ hiong siang ai’(ts‘in ai’)		弟兄相愛(親愛)		111		true	自旧档汇入	2026-04-13T01:27:08+08:00
Charité	sf	Faire la Charité.	救济，施舍	tsou’ ai kieng，		做哀矜，		111	待定	true	自旧档汇入	2026-04-13T01:27:08+08:00
Charité	sf	Faire la Charité.	救济，施舍	se sé ghiong gnen	se ’sé ghiong gnen	施捨窮人				true	自旧档汇入	2026-04-13T01:27:08+08:00
Charlatan	sm	Droguiste ambulant.	走方郎中，江湖医生	se yah laong tsong，		施藥郎中，		111		true	自旧档汇入	2026-04-13T01:27:08+08:00
Charlatan	sm	Droguiste ambulant.	走方郎中，江湖医生	’tseû faong laong tsong		走方郎中				true	自旧档汇入	2026-04-13T01:27:08+08:00
Charlatan	sm	Hâbleur.	江湖骗子	yeû ’tse，		游嘴，		111		true	自旧档汇入	2026-04-13T01:27:08+08:00
Charlatan	sm	Hâbleur.	江湖骗子	seh k‘ah		説客				true	自旧档汇入	2026-04-13T01:27:08+08:00
Charles	sm			kia-lôh		嘉禄		111		true	自旧档汇入	2026-04-13T01:27:08+08:00
Charmant	adj	(Pers).	可爱的，悦人的	wou yé yuéh seh ke’	wou yé yeuh seh ke’	和顔悦色个		111		true	自旧档汇入	2026-04-13T01:27:08+08:00
Charmant	adj	C’est Charmant.	迷人的，富于诱惑力的	’yeû tse mi’，		有滋味，		111		true	自旧档汇入	2026-04-13T01:27:08+08:00
Charmant	adj	C’est Charmant.	迷人的，富于诱惑力的	’yeû zing ts‘iu’	’yeû zing ts‘u’	有情趣				true	自旧档汇入	2026-04-13T01:27:08+08:00
Charme	sm	magique.	魔力，魔法	zia fèh，		邪法，		111		true	自旧档汇入	2026-04-13T01:27:08+08:00
				wou		符				true	自旧档汇入	2026-04-13T01:27:08+08:00
Charme	sm	Attrait.	魅力，妩媚	tse mi’，		滋味，		111		true	自旧档汇入	2026-04-13T01:27:08+08:00
Charme	sm	Attrait.	魅力，妩媚	kieng tse	’kieng tse’	景致			原作“景緻”	true	自旧档汇入	2026-04-13T01:27:08+08:00
Charmer	va	Fasciner.	用魔力蛊惑	gnè’ tseû’ ’gnu		念咒語		111		true	自旧档汇入	2026-04-13T01:27:08+08:00
Charmer	va	Gagner le cœur des gens.	使喜爱，使入迷，使陶醉	teh gnen sin		得人心		111		true	自旧档汇入	2026-04-13T01:27:08+08:00
Charmer	va	Fig.Charmer ladouleur.	减轻疼痛	’tse zu’ t‘ong		止住疼		111	待定	true	自旧档汇入	2026-04-13T01:27:08+08:00
Charmer	va	Charmer l’ennui.	缓解无聊	’ka t‘éh vè men’		解脱煩悶		111		true	自旧档汇入	2026-04-13T01:27:08+08:00
Charmer	va	Charmer l’ennui.	缓解无聊	’ka yé	’ka yé’	解厭				true	自旧档汇入	2026-04-13T01:27:08+08:00
Charnel	adj		肉体的，肉感的	gnôh zing ke’		肉情个		111		true	自旧档汇入	2026-04-13T01:27:08+08:00
Charnière	sf		铰链	’kao lié	’kao lié’	鉸鏈		111		true	自旧档汇入	2026-04-13T01:27:08+08:00
Charnu	adj	Corpulent.	多肉的，肥的	p‘aong’		胖		111		true	自旧档汇入	2026-04-13T01:27:08+08:00
Charogne	sf		腐烂的动物尸体	’si tsong sang		死中生		111		true	自旧档汇入	2026-04-13T01:27:08+08:00
Charogne	sf	Charogne!(Injure.)	下流胚	ih k‘oei’ ’si gnôh		一塊死肉		111		true	自旧档汇入	2026-04-13T01:27:08+08:00
Charpente			屋架，建筑物架构	ôh ka’ ’tse		屋架子		111		true	自旧档汇入	2026-04-13T01:27:08+08:00
Charpente		Bois de Charpente.	建筑用的木材	moh liao’		木料		111		true	自旧档汇入	2026-04-13T01:27:08+08:00
Charpente		Monter une Charpente.	搭屋架	zaong’ liang，		上粱，		111		true	自旧档汇入	2026-04-13T01:27:08+08:00
Charpente		Monter une Charpente.	搭屋架	zu’ t‘ih		竪貼				true	自旧档汇入	2026-04-13T01:27:08+08:00
Charpente		Partie osseuse du corps.	骨骼	koéh kah		骨格		111	待定	true	自旧档汇入	2026-04-13T01:27:08+08:00
Charpente		Avoir une forte Charpente.	身体结实	koéh ga’ dou’(ts‘ou)		骨骱大（粗）		111		true	自旧档汇入	2026-04-13T01:27:08+08:00
Charpentier	sm		木匠，木工	moh ziang’		木匠		111		true	自旧档汇入	2026-04-13T01:27:08+08:00
Charpie	sf		旧布纱团	ghieû’ pou’ souo sié		舊布紗綫		111		true	自旧档汇入	2026-04-13T01:27:08+08:00
Charretée	sf		一车之量	ih ’mô ts‘ouo，		一馬車，		111		true	自旧档汇入	2026-04-13T01:27:08+08:00
Charretée	sf		一车之量	ih gneû ts‘ouo		一牛車				true	自旧档汇入	2026-04-13T01:27:08+08:00
Charretée	sf	Charretée de foin.	一车干草	ih ts‘ouo ’ts‘ao		一車草		112		true	自旧档汇入	2026-04-13T01:27:08+08:00
Charretier	sm		赶大车者	’mô ts‘ouo fou		馬車夫;		112		true	自旧档汇入	2026-04-13T01:27:08+08:00
Charretier	sm		赶大车者	’mô ts‘ouo		馬車				true	自旧档汇入	2026-04-13T01:27:08+08:00
Charrier	sm	Charrette.sf.	用大车搬运	t‘ei ts‘ouo，		推車，		112		true	自旧档汇入	2026-04-13T01:27:08+08:00
Charrier	sm	Charrette.sf.	用大车搬运	’la ts‘ouo	la ts‘ouo	拉車				true	自旧档汇入	2026-04-13T01:27:08+08:00
Charron	sm		大车制造工	ts‘ouo ziang’，		車匠，		112		true	自旧档汇入	2026-04-13T01:27:08+08:00
Charron	sm		大车制造工	zao’ ts‘ouo ’tse ke’		造車子个				true	自旧档汇入	2026-04-13T01:27:08+08:00
Charrue	sf		犁	li [ih pouo]	li [ih ’pouo]	犁[一把]		112		true	自旧档汇入	2026-04-13T01:27:08+08:00
Châsse	sf	(C.)	圣人遗骸盒，神龛	seng’ dôh		聖櫝		112	原作“聖匵”	true	自旧档汇入	2026-04-13T01:27:08+08:00
Chasse	sf		打猎	’tang liéh		打獵		112		true	自旧档汇入	2026-04-13T01:27:08+08:00
Chasse	sf	Chien de Chasse.	猎狗	liéh ’keû		獵狗		112		true	自旧档汇入	2026-04-13T01:27:08+08:00
Chasse-mouches	sm		苍蝇拍	’keu ts‘aong yeng ka ’fou		赶蒼蠅傢伙		112	保留簡體	true	自旧档汇入	2026-04-13T01:27:08+08:00
Chasse-mouches	sm	Chasse-mouches en crin.		féh zen		拂塵		112		true	自旧档汇入	2026-04-13T01:27:08+08:00
Chasser	va		驱逐，赶走	’keu ts‘éh k‘i’，		赶出去，		112	保留簡體	true	自旧档汇入	2026-04-13T01:27:08+08:00
Chasser	va		驱逐，赶走	zôh ts‘éh k‘i’		逐出去				true	自旧档汇入	2026-04-13T01:27:08+08:00
Chasser	va	Chasser le démon.	驱逐魔鬼	’keu mô ’kiu		赶魔鬼		112	保留簡體	true	自旧档汇入	2026-04-13T01:27:08+08:00
Chasser	va	Dissiper.	驱散，消除	fèh sih		發洩		112		true	自旧档汇入	2026-04-13T01:27:08+08:00
Chasser	va	Chasser la tristesse.	消解苦闷	sè(ka)men’ k‘i’	sè’(’ka)men’ k‘i’	散（解）悶氣		112		true	自旧档汇入	2026-04-13T01:27:08+08:00
Chasser	vn	aller à la chasse.	打猎	’tang liéh		打獵		112		true	自旧档汇入	2026-04-13T01:27:08+08:00
Chasseur	sm		猎人	’tang liéh ke’		打獵个		112		true	自旧档汇入	2026-04-13T01:27:08+08:00
Chasseux	adj		有眼眵的	lè’ ’ngè bi，		爛眼皮，		112		true	自旧档汇入	2026-04-13T01:27:08+08:00
Chasseux	adj		有眼眵的	’ngè si(’ts‘e)		眼癬（眵）			待定	true	自旧档汇入	2026-04-13T01:27:08+08:00
Châssis	sm		有框的玻璃窗	ts‘aong，		窗，		112		true	自旧档汇入	2026-04-13T01:27:08+08:00
Châssis	sm		有框的玻璃窗	ts‘aong kah ’tse		窗格子				true	自旧档汇入	2026-04-13T01:27:08+08:00
Chaste	adj		贞洁的，清净的	kiéh zing’，		潔净，		112		true	自旧档汇入	2026-04-13T01:27:08+08:00
Chaste	adj		贞洁的，清净的	tseng kiéh		貞潔				true	自旧档汇入	2026-04-13T01:27:08+08:00
Chasteté	sf		贞节	kiéh zing’ teh yeng	kiéh zing’ teh yeng’	潔净德行		112		true	自旧档汇入	2026-04-13T01:27:08+08:00
Chasteté	sf	Faire vœu de Chasteté.	发誓要恪守贞节，决心过清苦日子	’hiu gneu ’seû tseng，	’hiu gneu’ ’seû tseng	許愿守貞，	許願守貞	112		true	自旧档汇入	2026-04-13T01:27:08+08:00
Chasteté	sf	Faire vœu de Chasteté.	发誓要恪守贞节，决心过清苦日子	fèh ziéh seh gneu	fèh ziéh seh gneu’	發絶色愿	發絶色願			true	自旧档汇入	2026-04-13T01:27:08+08:00
Chasuble	sf	(C).	祭披	tsi’ p‘i [ih ghié’,ih fou]	tsi’ p‘i [ih ghié’,ih fou’]	祭披[一件，一副]		112		true	自旧档汇入	2026-04-13T01:27:08+08:00
Chat	sm	Chatte.sf.	猫	mao，		猫，		112		true	自旧档汇入	2026-04-13T01:27:08+08:00
Chat	sm	Chatte.sf.	猫	’lao(’siao)mao		老（小）猫				true	自旧档汇入	2026-04-13T01:27:08+08:00
Chat	sm	Chatte.sf.	猫	ts‘e mao		雌猫				true	自旧档汇入	2026-04-13T01:27:08+08:00
Châtaigne	sf	Châtaigne d’eau.	板栗	lih ’tse;，		栗子;，		112		true	自旧档汇入	2026-04-13T01:27:08+08:00
Châtaigne	sf	Châtaigne d’eau.	板栗	béh zi		荸薺				true	自旧档汇入	2026-04-13T01:27:08+08:00
Châtaigne	sf	Châtaigne d’eau.	板栗	di lih		地艻				true	自旧档汇入	2026-04-13T01:27:08+08:00
Châtaignier	sm		栗树	lih ’tse zu’		栗子樹		112		true	自旧档汇入	2026-04-13T01:27:08+08:00
Châtain	adj	(Couleur).	栗色的	lih ’tse seh		栗子色		112		true	自旧档汇入	2026-04-13T01:27:08+08:00
Château	sm		邸宅，府邸	kao t‘ing da’ ôh		高廳大屋		112		true	自旧档汇入	2026-04-13T01:27:08+08:00
Chat-huant	sm		猫头鹰	mao deû yeng，	mao deû yeng	猫頭鷹，	猫頭鷹	112		true	自旧档汇入	2026-04-13T01:27:08+08:00
Chat-huant	sm		猫头鹰	yao ling ’tiao	yao’ ling ’tiao	鷂鴒窵	鷂鴒鳥			true	自旧档汇入	2026-04-13T01:27:08+08:00
Châtier	va		惩罚	vèh，		罰，，		112		true	自旧档汇入	2026-04-13T01:27:08+08:00
Châtier	va		惩罚	tseh vèh		責罰				true	自旧档汇入	2026-04-13T01:27:08+08:00
Châtier	va		惩罚	yong’ yeng		用刑				true	自旧档汇入	2026-04-13T01:27:08+08:00
Châtiment	sm		处罚，惩罚	vèh，		罰，		112		true	自旧档汇入	2026-04-13T01:27:08+08:00
Châtiment	sm		处罚，惩罚	vèh deû		罰頭				true	自旧档汇入	2026-04-13T01:27:08+08:00
Châtiment	sm	Châtiment infligé par l’autorité.	刑罚	yeng vèh		刑罰		112		true	自旧档汇入	2026-04-13T01:27:08+08:00
Châtiment	sm	Lois concernant les Châtiments.	刑法	yeng fèh		刑法		112		true	自旧档汇入	2026-04-13T01:27:08+08:00
Châtiment	sm	Les 5 Châtiments:Décapitation.Strangulation.Exil perpétuel.Exil temporaire.bastonnade.	五刑:斩;绞;徒;流;笞	’ou yeng:tsè;kao;dou;lieû;ts‘e	’ou yeng:’tsè;’kao;dou;lieû;ts‘e	五刑:斬；絞；徒；流；笞		112		true	自旧档汇入	2026-04-13T01:27:08+08:00
Chaton	sm		宝石	’pao zah		寶石		112		true	自旧档汇入	2026-04-13T01:27:08+08:00
Chaton	sm	Chaton du saule.	柳絮	yang h‘ouo		楊花		112		true	自旧档汇入	2026-04-13T01:27:08+08:00
Chatouiller	va		使发痒，痒	h‘ouo tsi tsi;		[扌花]擠擠;，	？擠擠	112		true	自旧档汇入	2026-04-13T01:27:08+08:00
Chatouiller	va		使发痒，痒	fèh ’yang		發癢				true	自旧档汇入	2026-04-13T01:27:08+08:00
Chatouiller	va		使发痒，痒	yeû ’yang		游癢				true	自旧档汇入	2026-04-13T01:27:08+08:00
Chatouilleux	adj		怕痒的	bang yéh teh ke’	bang’ véh teh ke’	碰勿得个		113	印刷錯誤	true	自旧档汇入	2026-04-13T01:27:08+08:00
Châtrer	va		阉割	sié’		[馬散]	？	113	待定	true	自旧档汇入	2026-04-13T01:27:08+08:00
Châtrer	va		阉割	ten’		驐		113		true	自旧档汇入	2026-04-13T01:27:08+08:00
Châtrer	va	On peut Châtrer le taureau à 6 dents.	公牛有六颗牙时可以阉割	gneû lôh ke’ nga ’k‘o ’i ten’ teh		牛六個牙可以驐得		113		true	自旧档汇入	2026-04-13T01:27:08+08:00
Chaud	adj		热的	gnéh		熱		113		true	自旧档汇入	2026-04-13T01:27:08+08:00
Chaud	adj	Affectueux.	热情的	ts‘in gnéh，		親熱，		113	待定	true	自旧档汇入	2026-04-13T01:27:08+08:00
				gnéh lôh lai		熱六來	熱？來			true	自旧档汇入	2026-04-13T01:27:08+08:00
Chaud	adj	Ah!qu’il fait Chaud!	天气很热	’h‘ao gnéh a		好熱呀		113	待定	true	自旧档汇入	2026-04-13T01:27:08+08:00
Chaudière	sf		大锅	kou，		鍋，		113	格式	true	自旧档汇入	2026-04-13T01:27:08+08:00
Chaudière	sf		大锅	woh ’tse [ih tsah]		鑊子[一隻]				true	自旧档汇入	2026-04-13T01:27:08+08:00
Chaudron	sm		小锅	kou,		鍋，		113		true	自旧档汇入	2026-04-13T01:27:08+08:00
Chaudron	sm		小锅	woh ’tse		鑊子				true	自旧档汇入	2026-04-13T01:27:08+08:00
Chaudronnier	sm		锅匠	tsu’ woh ’tse ke’，		鑄鑊子个，		113		true	自旧档汇入	2026-04-13T01:27:08+08:00
Chaudronnier	sm		锅匠	tèh woh ’tse ke’		搭鑊子个				true	自旧档汇入	2026-04-13T01:27:08+08:00
Chauffage	sm	(Bois de).	木柴	za，，		柴，，		113	Bois de Chauffage为木柴	true	自旧档汇入	2026-04-13T01:27:08+08:00
Chauffage	sm	(Bois de).	木柴	zu’ za		樹柴				true	自旧档汇入	2026-04-13T01:27:08+08:00
Chauffage	sm	(Bois de).	木柴	ngang’ za		硬柴				true	自旧档汇入	2026-04-13T01:27:08+08:00
Chauffer	va		烧热，加热	sao，，，		燒，，，		113		true	自旧档汇入	2026-04-13T01:27:08+08:00
Chauffer	va		烧热，加热	hong	h‘ong	烘				true	自旧档汇入	2026-04-13T01:27:08+08:00
Chauffer	va		烧热，加热	’ts‘ao		炒				true	自旧档汇入	2026-04-13T01:27:08+08:00
Chauffer	va		烧热，加热	gnéh		熱				true	自旧档汇入	2026-04-13T01:27:08+08:00
Chauffer	va	Chauffer dans l’eau bouillante.	煮开	t‘aong’，	t‘aong’	燙		113		true	自旧档汇入	2026-04-13T01:27:08+08:00
Chauffer	va	Chauffer dans l’eau bouillante.	煮开	t‘en’	ten’	炖				true	自旧档汇入	2026-04-13T01:27:08+08:00
Chauffer	va	Chauffer au soleil.Se Chauffer au soleil.	晒太阳取暖	’souo ih ’souo	souo’ ih souo’	晒一晒;		113		true	自旧档汇入	2026-04-13T01:27:08+08:00
Chauffer	va	Chauffer au soleil.Se Chauffer au soleil.	晒太阳取暖	bou gnéh waong		捕日煌	伏日？			true	自旧档汇入	2026-04-13T01:27:08+08:00
Chauffer	va	Se Chauffer devant le feu.	烤火，取暖	hong ’h‘ou	h‘ong ’h‘ou	烘火		113		true	自旧档汇入	2026-04-13T01:27:08+08:00
Chaufferette	sf		火炉	’h‘ou lou 		火爐		113		true	自旧档汇入	2026-04-13T01:27:08+08:00
Chaufferette	sf	Chaufferette pour les pieds.	脚炉	kiah lou		脚爐		113		true	自旧档汇入	2026-04-13T01:27:08+08:00
Chaufferette	sf	Chaufferette pour les mains.	手炉	’seû lou		手爐		113		true	自旧档汇入	2026-04-13T01:27:08+08:00
Chauffeur	sm		司炉	sao ’h‘ou ke’		燒火个		113		true	自旧档汇入	2026-04-13T01:27:08+08:00
Chauffoir	sm			’neu waong		暖房		113		true	自旧档汇入	2026-04-13T01:27:08+08:00
Chaufour	sm		石灰窰	zah h‘oei yao		石灰窑		113		true	自旧档汇入	2026-04-13T01:27:08+08:00
Chaufournier	sm		石灰煅烧工	sao h‘oei yao ke’		燒灰窑个		113		true	自旧档汇入	2026-04-13T01:27:08+08:00
Chaume	sm	Tigedublé.	谷物类的茎杆	mao za;		茅柴;		113	待定	true	自旧档汇入	2026-04-13T01:27:08+08:00
Chaume	sm	Tigedublé.	谷物类的茎杆	mah za(gah)		麥柴（秸）	麥柴（？）			true	自旧档汇入	2026-04-13T01:27:08+08:00
Chaume	sm	Éteule.Paille.	茬	’ts‘ao;		草;		113		true	自旧档汇入	2026-04-13T01:27:08+08:00
Chaume	sm	Éteule.Paille.	茬	mao za		茅柴				true	自旧档汇入	2026-04-13T01:27:08+08:00
Chaumière.Chaumine	sf		茅屋	’ts‘ao waong(ôh)		草房（屋）		113	“房”字声母w存疑。	true	自旧档汇入	2026-04-13T01:27:08+08:00
Chaussée	sf		堤	dié ngeu’，		田岸，		113		true	自旧档汇入	2026-04-13T01:27:08+08:00
Chaussée	sf		堤	yu ngeu’		圩岸				true	自旧档汇入	2026-04-13T01:27:08+08:00
Chausse-pied	sm		鞋拔子	ha bèh ’tse，		鞋拔子，		113		true	自旧档汇入	2026-04-13T01:27:08+08:00
Chausse-pied	sm		鞋拔子	ha wè		鞋彎				true	自旧档汇入	2026-04-13T01:27:08+08:00
Chausser	vn		合脚	tei’ kiah		對脚		113		true	自旧档汇入	2026-04-13T01:27:08+08:00
Chausser	vr	Se Chausser.	穿鞋子	tsah ha ’tse		着鞋子		113		true	自旧档汇入	2026-04-13T01:27:08+08:00
Chausser	vn	Chausser un arbre.	给一棵树培土	zu’ ken laong’ ’ong gni		樹根上塕泥	樹根上？泥	113	待定	true	自旧档汇入	2026-04-13T01:27:08+08:00
Chaussette	sf		短筒袜	mèh t‘ao’ deû，		襪套頭，		113		true	自旧档汇入	2026-04-13T01:27:08+08:00
Chaussette	sf		短筒袜	pé’ tsih deû mèh		半節頭襪				true	自旧档汇入	2026-04-13T01:27:08+08:00
Chausson	sm	en peau.	皮拖鞋	bi t‘ao deû	bi t‘ao’ deû	皮套頭		113	Chausson en peau为皮拖鞋。声调错误。“套”字为去声。	true	自旧档汇入	2026-04-13T01:27:08+08:00
Chausson	sm	Chausson en feutre.	毛毡拖鞋	tsé t‘ao deû	tsé t‘ao’ deû	氈套頭		113		true	自旧档汇入	2026-04-13T01:27:08+08:00
Chaussure	sf	[Paire].	鞋	ha ’tse [ih tsah];[ih saong]		鞋子[一隻]；[一雙]		113		true	自旧档汇入	2026-04-13T01:27:08+08:00
Chauve	adj		秃顶的	koang deû，		光頭，				true	自旧档汇入	2026-04-13T01:27:08+08:00
Chauve	adj		秃顶的	t‘ôh ’tse		秃子				true	自旧档汇入	2026-04-13T01:27:08+08:00
Chauve	adj	Tout Chauve.	都秃了	koang t‘ôh t‘ôh ke’		光秃秃个		113		true	自旧档汇入	2026-04-13T01:27:08+08:00
Chauve-souris	sf		蝙蝠	pié foh		蝙蝠		113		true	自旧档汇入	2026-04-13T01:27:08+08:00
Chaux	sf		石灰	zah h‘oei		石灰		113		true	自旧档汇入	2026-04-13T01:27:08+08:00
Chaux	sf	Lait de Chaux.	石灰乳	h‘oei ’se		灰水		113		true	自旧档汇入	2026-04-13T01:27:08+08:00
Chavirer	vn		倾覆，翻倒	fè，		翻，		113		true	自旧档汇入	2026-04-13T01:27:08+08:00
Chavirer	vn		倾覆，翻倒	’tang fè		打翻				true	自旧档汇入	2026-04-13T01:27:08+08:00
Chef	sm	Tête.	头部	deû		頭		113		true	自旧档汇入	2026-04-13T01:27:08+08:00
Chef	sm	Celui qui dirige.	头儿	deû ’tse(eul)		頭子（兒）		113		true	自旧档汇入	2026-04-13T01:27:08+08:00
Chef	sm	Chef de file.	首领	’ling deû gnen，		領頭人，		113		true	自旧档汇入	2026-04-13T01:27:08+08:00
Chef	sm	Chef de file.	首领	’seû ling		首領				true	自旧档汇入	2026-04-13T01:27:08+08:00
Chef	sm	Chef de bande.	团伙头子	deû ’nao		頭腦		113		true	自旧档汇入	2026-04-13T01:27:08+08:00
Chef	sm	Chef de mendiants.	乞丐头子	kao’ h‘ouo’ deû		叫化頭		113	待定	true	自旧档汇入	2026-04-13T01:27:08+08:00
Chef	sm	Chef de famille.	户主，家长	kia ’tsang，		家長，		114		true	自旧档汇入	2026-04-13T01:27:08+08:00
Chef	sm	Chef de famille.	户主，家长	taong ka gnen		當家人				true	自旧档汇入	2026-04-13T01:27:08+08:00
Chef	sm	De son Chef.	自作主张	ze’ tsou’ ’tsu tsang，		自做主張，		114		true	自旧档汇入	2026-04-13T01:27:08+08:00
Chef	sm	De son Chef.	自作主张	ze’ tsoh ’tsu		自作主				true	自旧档汇入	2026-04-13T01:27:08+08:00
Chef-d’œuvre	sm		代表作，杰作	sang wéh tsou’ teh ts‘éh seh，		生活做得出色，		114		true	自旧档汇入	2026-04-13T01:27:08+08:00
Chef-d’œuvre	sm		代表作，杰作	kong fou si’ gni’		工夫細膩				true	自旧档汇入	2026-04-13T01:27:08+08:00
Chef-lieu	sm	de province.	首府，省会	’sang zeng		省城		114	Chef-lieu de province为省城。	true	自旧档汇入	2026-04-13T01:27:08+08:00
Chef-lieu	sm	Chef-lieu de préfecture.	省会，州会	’fou zeng		府城		114		true	自旧档汇入	2026-04-13T01:27:08+08:00
Chemin	sm	Moyen.	路，小路	dao’，，		道，;，		114	格式	true	自旧档汇入	2026-04-13T01:27:08+08:00
Chemin	sm	Moyen.	路，小路	lou’ [ih diao]		路[一條]				true	自旧档汇入	2026-04-13T01:27:08+08:00
Chemin	sm	Moyen.	路，小路	men lou’		門路				true	自旧档汇入	2026-04-13T01:27:08+08:00
Chemin	sm	Moyen.	路，小路	fèh ’tse		法子				true	自旧档汇入	2026-04-13T01:27:08+08:00
Chemin	sm	Chemin de fer.	铁路，铁道	t‘ih lou’		鐵路		114		true	自旧档汇入	2026-04-13T01:27:08+08:00
Chemin	sm	Chemin de croix.(C.)Le faire.	苦路;拜苦路	’k‘ou lou’;		苦路;		114		true	自旧档汇入	2026-04-13T01:27:08+08:00
Chemin	sm	Chemin de croix.(C.)Le faire.	苦路;拜苦路	pa’ ’k‘ou lou’		拜苦路				true	自旧档汇入	2026-04-13T01:27:08+08:00
Chemin	sm.Fig.	Faire son Chemin.	发迹	fèh teh k‘oa’，		發得快		114		true	自旧档汇入	2026-04-13T01:27:08+08:00
Chemin	sm.Fig.	Faire son Chemin.	发迹	zié zeng fèh tèh	zié zeng fèh dèh	前程發達				true	自旧档汇入	2026-04-13T01:27:08+08:00
Cheminée	sf		烟囱	yé ts‘ong		烟囱		114		true	自旧档汇入	2026-04-13T01:27:08+08:00
Cheminer	vn		进行，向前进	hang lou’，		行路，		114		true	自旧档汇入	2026-04-13T01:27:08+08:00
Cheminer	vn		进行，向前进	’tseû lou’		走路				true	自旧档汇入	2026-04-13T01:27:08+08:00
Chemise	sf		衬衫	ts‘en ’li pou’ sè，，	ts‘en’ ’li pou’ sè	襯裏布衫，，		114	格式	true	自旧档汇入	2026-04-13T01:27:08+08:00
Chemise	sf		衬衫	’teu sè		短衫				true	自旧档汇入	2026-04-13T01:27:08+08:00
Chemise	sf		衬衫	heu’ sè[ih ghié’]		汗衫[一件]				true	自旧档汇入	2026-04-13T01:27:08+08:00
Chenapan	sm		坏蛋，恶汉	t‘èh bi，，		搨皮，，		114	待定	true	自旧档汇入	2026-04-13T01:27:08+08:00
Chenapan	sm		坏蛋，恶汉	lieû maong		流氓				true	自旧档汇入	2026-04-13T01:27:08+08:00
Chenapan	sm		坏蛋，恶汉	di’ ’koen		地棍				true	自旧档汇入	2026-04-13T01:27:08+08:00
Chêne	sm		橡树	’ziang zu’		橡樹		114		true	自旧档汇入	2026-04-13T01:27:08+08:00
Chènevis	sm	Chènevotte.sf.	大麻籽	mô ’tse;		麻子;		114		true	自旧档汇入	2026-04-13T01:27:08+08:00
Chènevis	sm	Chènevotte.sf.	大麻籽	pôh mô bi ’kang		剥麻皮梗				true	自旧档汇入	2026-04-13T01:27:08+08:00
Chenil	sm		猎犬小屋	’keû k‘ou		狗窩	狗窠	114		true	自旧档汇入	2026-04-13T01:27:08+08:00
Chenille	sf		青虫	mao zong，		毛虫，		114	保留簡體 待定	true	自旧档汇入	2026-04-13T01:27:08+08:00
Chenille	sf		青虫	ts‘e’ mao [ih diao]		刺毛[一條]				true	自旧档汇入	2026-04-13T01:27:08+08:00
Chenu	adj		因年老头发变白的	bah deû fèh，		白頭髮，		114		true	自旧档汇入	2026-04-13T01:27:08+08:00
Chenu	adj		因年老头发变白的	’lao bah deû		老白頭				true	自旧档汇入	2026-04-13T01:27:08+08:00
Chèque	sm		支票	gnen p‘iao’		銀票		114		true	自旧档汇入	2026-04-13T01:27:08+08:00
Cher	adj	Chéri.	亲爱的	ai’ ’la ke’		愛拉个		114		true	自旧档汇入	2026-04-13T01:27:08+08:00
Cher	adj	Précieux.	珍贵的	’pao pei’ ke’		寶貝个		114		true	自旧档汇入	2026-04-13T01:27:08+08:00
Cher	adj	Coûteux.	昂贵的	kiu’ ke’		貴个		114		true	自旧档汇入	2026-04-13T01:27:08+08:00
Chercher	va. et vn.		寻找	tsao，，		招，，		114		true	自旧档汇入	2026-04-13T01:27:08+08:00
Chercher	va. et vn.		寻找	zin		尋				true	自旧档汇入	2026-04-13T01:27:08+08:00
Chercher	va. et vn.		寻找	zouo		查				true	自旧档汇入	2026-04-13T01:27:08+08:00
Chercher		Chercher à.Aspirer à.	试图	ghieû，，		求，，		114		true	自旧档汇入	2026-04-13T01:27:08+08:00
Chercher		Chercher à.Aspirer à.	试图	t‘é		貪				true	自旧档汇入	2026-04-13T01:27:08+08:00
Chercher		Chercher à.Aspirer à.	试图	dou		圖				true	自旧档汇入	2026-04-13T01:27:08+08:00
Chère	sf		菜肴	vè’		飯		114		true	自旧档汇入	2026-04-13T01:27:08+08:00
Chère	sf	Maigre Chère.	粗茶淡饭	dè’ bôh’ vè’，		淡薄飯，		114		true	自旧档汇入	2026-04-13T01:27:08+08:00
Chère	sf	Maigre Chère.	粗茶淡饭	k‘ou ’nao vè’	’k‘ou ’nao vè’	苦腦飯	苦惱飯			true	自旧档汇入	2026-04-13T01:27:08+08:00
Chère	sf	Bonne Chère.	佳肴	k‘ieh teh ’h‘ao，，		吃得好，，		114		true	自旧档汇入	2026-04-13T01:27:08+08:00
Chère	sf	Bonne Chère.	佳肴	’h‘ao ts‘ai’ ’se		好菜水			待定	true	自旧档汇入	2026-04-13T01:27:08+08:00
Chère	sf	Bonne Chère.	佳肴	fong yé		豐筵				true	自旧档汇入	2026-04-13T01:27:08+08:00
Chère	sf	Faire Bonne Chère.	盛情接待	k‘ieh teh ’tsieû tsu’ vè’ ’pao		吃得酒醉飯飽		114		true	自旧档汇入	2026-04-13T01:27:08+08:00
Chérir	va		珍爱	ai’ sieh，，		愛惜，，		114		true	自旧档汇入	2026-04-13T01:27:08+08:00
Chérir	va		珍爱	ts‘in ai’		親愛				true	自旧档汇入	2026-04-13T01:27:08+08:00
Chérir	va		珍爱	gnôh mô		肉麻				true	自旧档汇入	2026-04-13T01:27:08+08:00
Chérissable	adj		值得珍爱的	’k‘o ai’ ke’		可愛个		114		true	自旧档汇入	2026-04-13T01:27:08+08:00
Chétif	adj	Maigre.Méprisable.	瘦弱的，低微的	’gneu zah;;		軟弱；;		114		true	自旧档汇入	2026-04-13T01:27:08+08:00
Chétif	adj	Maigre.Méprisable.	瘦弱的，低微的	pih seû	pih seû’	癟瘦				true	自旧档汇入	2026-04-13T01:27:08+08:00
Chétif	adj	Maigre.Méprisable.	瘦弱的，低微的	pei zié	pei zié’	卑賤				true	自旧档汇入	2026-04-13T01:27:08+08:00
Cheval	sm		马	’mô [ih tsah,ih p‘ieh]		馬[一隻，一匹]		114		true	自旧档汇入	2026-04-13T01:27:08+08:00
Chevalet	sm	Support.	支架，琴马	ka’ ’tse，		架子，		114		true	自旧档汇入	2026-04-13T01:27:08+08:00
Chevalet	sm	Support.	支架，琴马	moh ’mô		木馬				true	自旧档汇入	2026-04-13T01:27:08+08:00
Chevalier	sm	d’industrie.	骗子	’koa ’tse，		拐子，		114	Chevalier d’industrie.	true	自旧档汇入	2026-04-13T01:27:08+08:00
Chevalier	sm	d’industrie.	骗子	p‘ié’ gnen ke’		騙人个				true	自旧档汇入	2026-04-13T01:27:08+08:00
Chevaucher	vn		骑行	ghi ’mô ’tseû		騎馬走		114		true	自旧档汇入	2026-04-13T01:27:08+08:00
Chevelure	sf		头发	deû fèh		頭髮		115		true	自旧档汇入	2026-04-13T01:27:08+08:00
Chevet	sm	Traversin.	长枕	’tsen deû [ih ke’]		枕頭[一个]		115		true	自旧档汇入	2026-04-13T01:27:08+08:00
Cheveu	sm		头发	deû fèh [ih ken]		頭髮[一根]		115		true	自旧档汇入	2026-04-13T01:27:08+08:00
Cheville	sf	pr boucher.	木砧	moh tsen [ih ke’]		木椹[一个]		115		true	自旧档汇入	2026-04-13T01:27:08+08:00
Cheville	sf	Cheville pr assembler.	长木钉	moh siao ting [ih tsah]		木揱釘[一隻]	木？釘[一隻]	115	待定	true	自旧档汇入	2026-04-13T01:27:08+08:00
Cheville	sf	Cheville pr assembler en bambou.	竹钉子	tsôh ting ’tse [ih tsah]		竹釘子[一隻]		115		true	自旧档汇入	2026-04-13T01:27:08+08:00
Cheville	sf	Cheville du pied.	脚踝	kiah koéh laong		脚骨郎	脚骨？	115	待定	true	自旧档汇入	2026-04-13T01:27:08+08:00
Chèvre	sf		雌山羊	yang，		羊，		115	格式	true	自旧档汇入	2026-04-13T01:27:08+08:00
Chèvre	sf		雌山羊	ts‘e sè yang [ih tsah]		雌山羊[一隻]				true	自旧档汇入	2026-04-13T01:27:08+08:00
Chevreau	sm		小山羊	’siao sè yang [ih tsah]		小山羊[一隻]		115		true	自旧档汇入	2026-04-13T01:27:08+08:00
Chèvrefeuille	sm		金银花	kien gnen h‘ouo		金銀花		115		true	自旧档汇入	2026-04-13T01:27:08+08:00
Chevreuil	sm	Chevrier.	狍子	tsang		麞;		115		true	自旧档汇入	2026-04-13T01:27:08+08:00
Chevreuil	sm	Chevrier.	狍子	k‘eu sè yang ke’		看山羊个				true	自旧档汇入	2026-04-13T01:27:08+08:00
Chevron	sm		椽子，檩	zé ’tse [ih ken]		椽子[一根]		115		true	自旧档汇入	2026-04-13T01:27:08+08:00
Chevrotin	sm	Musc.	幼狍	tsang ’tse		麞子		115		true	自旧档汇入	2026-04-13T01:27:08+08:00
Chez	prép		在某某家里	’la		拉		115		true	自旧档汇入	2026-04-13T01:27:08+08:00
Chez	prép	Aller Chez soi.	回家	ôh ’li k‘i’		屋裏去		115		true	自旧档汇入	2026-04-13T01:27:08+08:00
Chez	prép	Retourner Chez soi.	回家	kiu k‘i’，		歸去，		115		true	自旧档汇入	2026-04-13T01:27:08+08:00
Chez	prép	Retourner Chez soi.	回家	’tsé lai tao’ ôh ’li		轉來到屋裏				true	自旧档汇入	2026-04-13T01:27:08+08:00
Chez	prép	Chez moi,là-bas.	在我那边	’ngou daong’ pié		我蕩邊	我？邊	115		true	自旧档汇入	2026-04-13T01:27:08+08:00
Chicaner	vn		找碴，无理取闹	ts‘e mao ghieû ’ze		吹毛求疵		115	待定	true	自旧档汇入	2026-04-13T01:27:08+08:00
Chicaner	vn		找碴，无理取闹	zin ze’		尋事				true	自旧档汇入	2026-04-13T01:27:08+08:00
Chicaneur	sm		健讼者，诡辩的	’h‘ao ’bié ke’ gnen，	h‘ao’ ’bié ke’ gnen	好辯个人，		115	待定	true	自旧档汇入	2026-04-13T01:27:08+08:00
Chicaneur	sm		健讼者，诡辩的	’za gnen wo’ ke’		惹人話个				true	自旧档汇入	2026-04-13T01:27:08+08:00
Chiche	adj		吝啬的	liang’ k‘i’ ’siao，，，		量氣小，，，		115		true	自旧档汇入	2026-04-13T01:27:08+08:00
Chiche	adj		吝啬的	’siao k‘i’		小器				true	自旧档汇入	2026-04-13T01:27:08+08:00
Chiche	adj		吝啬的	’siao seu’		小算				true	自旧档汇入	2026-04-13T01:27:08+08:00
Chiche	adj		吝啬的	k‘eh bôh		刻薄				true	自旧档汇入	2026-04-13T01:27:08+08:00
Chicorée	sf		菊莴苣	si’ yéh sang ts‘ai’，，	si’ yéh sang ts‘ai’，’k‘ou ts‘ai’，ou ghiu ’sen	細葉生菜，，		115		true	自旧档汇入	2026-04-13T01:27:08+08:00
Chicorée	sf		菊莴苣	’k‘ou ts‘ai		苦菜				true	自旧档汇入	2026-04-13T01:27:08+08:00
Chicorée	sf		菊莴苣	ou ghiu sen		烏苣笋	萵苣笋		待定	true	自旧档汇入	2026-04-13T01:27:08+08:00
Chicot	sm	d’un arbre	树桩	zu’ ken(tsaong)		樹根（樁）		115	Chicot d’un arbre为树根。	true	自旧档汇入	2026-04-13T01:27:08+08:00
Chicot	sm	Chicot d’une dent.	残齿	nga ken		牙根		115		true	自旧档汇入	2026-04-13T01:27:08+08:00
Chien	sm		狗	’keû [ih tsah]		狗[一隻]		115		true	自旧档汇入	2026-04-13T01:27:08+08:00
Chien	sm	Chien au nez épaté.	巴儿狗	pa eul ’keû		巴兒狗		115		true	自旧档汇入	2026-04-13T01:27:08+08:00
Chien	sm	Chien d’un fusil.	枪机的撞针	ts‘iang pè ki		槍𢲔機	槍？機	115		true	自旧档汇入	2026-04-13T01:27:08+08:00
Chiendent	sm		茅草	mao ’ts‘ao		毛草		115		true	自旧档汇入	2026-04-13T01:27:08+08:00
Chienne	sf		母狗	ts‘e ’keû		雌狗		115		true	自旧档汇入	2026-04-13T01:27:08+08:00
Chiffon	sm		布屑，破布	p‘ou(lè’)pou’ deû	p‘ou’(lè’)pou’ deû	破（爛）布頭		115		true	自旧档汇入	2026-04-13T01:27:08+08:00
Chiffonné	pp		皱的，弄皱的	tseû ke’	tseû’ ke’	皺个		115		true	自旧档汇入	2026-04-13T01:27:08+08:00
Chiffonner	va		揉皱，弄皱	gneû tseû	’gneû tseû’	扭皺		115		true	自旧档汇入	2026-04-13T01:27:08+08:00
Chiffonnier	sm		捡破烂者，拾荒者	zéh(ngéh)p‘ou pou’ deû ke’	zéh(ngéh)p‘ou’ pou’ deû ke’	拾破布頭个		115		true	自旧档汇入	2026-04-13T01:27:08+08:00
Chiffre	sm	(Caractère).	数字	sou’ moh ze’		數目字		115		true	自旧档汇入	2026-04-13T01:27:08+08:00
Chiffre	sm	Nombre.	数目	sou’ moh ze’		數目字		115		true	自旧档汇入	2026-04-13T01:27:08+08:00
Chiffre	sm	Marque indiquant l’ordre,le prix.	密码	’mô tse’，	’mô ’tse	碼子，		115		true	自旧档汇入	2026-04-13T01:27:08+08:00
Chiffre	sm	Marque indiquant l’ordre,le prix.	密码	hao’(deû)’mô		號（頭）碼				true	自旧档汇入	2026-04-13T01:27:08+08:00
Chiffrer	va. et n.	Calculer.	用数字计算	seu’		算		115		true	自旧档汇入	2026-04-13T01:27:08+08:00
Chiffrer	va. et n.	Numéroter.	用密码写	’sia hao’ ’mô，		寫號碼		115		true	自旧档汇入	2026-04-13T01:27:08+08:00
Chiffrer	va. et n.	Numéroter.	用密码写	’tang ’mô ’tse		打碼子		115		true	自旧档汇入	2026-04-13T01:27:08+08:00
Chignon	sm	de femme.	发髻	deû fèh deu		頭髮團		116		true	自旧档汇入	2026-04-13T01:27:08+08:00
Chignon	sm	Chignon de petite fille.	小女孩的发髻	wo koh deû		丫角頭		116	待定	true	自旧档汇入	2026-04-13T01:27:08+08:00
Chimère	sf	Se repaître de Chimères,m.à m.	空想，幻想	’ts‘e ’siang，	ts‘e ’siang，	痴想，		116		true	自旧档汇入	2026-04-13T01:27:08+08:00
Chimère	sf	Se repaître de Chimères,m.à m.	空想，幻想	k‘ong ’siang		空想				true	自旧档汇入	2026-04-13T01:27:08+08:00
Chimère	sf	étancher sa soif en regardant des prunes et apaiser sa faim en dessinant des gâteaux.	望梅止渴，画饼充饥	waong’ mei ’tse k‘euh，		望梅止渴，		116		true	自旧档汇入	2026-04-13T01:27:08+08:00
Chimère	sf	étancher sa soif en regardant des prunes et apaiser sa faim en dessinant des gâteaux.	望梅止渴，画饼充饥	wo’ ’ping ts‘ong ki		畫餅充饑				true	自旧档汇入	2026-04-13T01:27:08+08:00
Chimie	sf		化学	h‘ouo’ yah		化學		116		true	自旧档汇入	2026-04-13T01:27:08+08:00
Chine	sf		中国	tsong kôh，，		中國，，		116	待定	true	自旧档汇入	2026-04-13T01:27:08+08:00
Chine	sf		中国	tsong wo		中華				true	自旧档汇入	2026-04-13T01:27:08+08:00
Chine	sf		中国	tse na		支那				true	自旧档汇入	2026-04-13T01:27:08+08:00
Chinois	sm		中国人	tsong kôh gnen，		中國人，		116		true	自旧档汇入	2026-04-13T01:27:08+08:00
Chinois	sm		中国人	h‘eu’ gnen		漢人				true	自旧档汇入	2026-04-13T01:27:08+08:00
Chiquenaude	sf		弹指声	dè		彈		116		true	自旧档汇入	2026-04-13T01:27:08+08:00
Chiquenaude	sf	Donner une Chiquenaude.	拿某人开玩笑，轻微地刺激某人	’tang lih bou deû		打攊婆頭		116	待定	true	自旧档汇入	2026-04-13T01:27:08+08:00
Chiragre	sf		手痛风	’seû koéh tsih t‘ong’		手骨節疼		116	待定	true	自旧档汇入	2026-04-13T01:27:08+08:00
Chiromancie	sf		手相术	k‘eu’ ’seû wen		看手紋		116		true	自旧档汇入	2026-04-13T01:27:08+08:00
Chirurgie	sf		外科	nga’ k‘ou		外科		116		true	自旧档汇入	2026-04-13T01:27:08+08:00
Chirurgien	sm		外科医生	nga’ k‘ou laong tsong(sié sang)		外科郎中（先生）		116		true	自旧档汇入	2026-04-13T01:27:08+08:00
Choc	sm		撞击，碰撞	bang’		碰		116		true	自旧档汇入	2026-04-13T01:27:08+08:00
Choc	sm	Cassé par un Choc.	碰破，撞碎	bang’ p‘ou’(sé’)，		碰破（碎），		116		true	自旧档汇入	2026-04-13T01:27:08+08:00
Choc	sm	Cassé par un Choc.	碰破，撞碎	zaong(k‘éh)sé’ ’tsé	zaong’(k‘éh)sé’ ’tsé	撞（磕）碎者				true	自旧档汇入	2026-04-13T01:27:08+08:00
Chœur	sm	(Chanter en).	教堂唱诗班	dong(héh)ts‘aong’ kieng		同（合）唱經		116		true	自旧档汇入	2026-04-13T01:27:08+08:00
Chœur	sm	Enfant de Chœur(C.)	教堂内的祭坛	wou’ tsi’ ke’，		輔祭个，		116	待定 	true	自旧档汇入	2026-04-13T01:27:08+08:00
Chœur	sm	Enfant de Chœur(C.)	教堂内的祭坛	wou’ mi-sèh ke’		輔彌撒个				true	自旧档汇入	2026-04-13T01:27:08+08:00
Chœur	sm	待定Les 9 Chœur? des Anges(C.)	九品天神	’kieû ’p‘in t‘ié zen		九品天神		116		true	自旧档汇入	2026-04-13T01:27:08+08:00
Choisi	adj	Excellent.	优秀的，杰出的	’mei ’h‘ao，		美好，		116		true	自旧档汇入	2026-04-13T01:27:08+08:00
Choisi	adj	Excellent.	优秀的，杰出的	tsu’ ’h‘ao ke’		最好个				true	自旧档汇入	2026-04-13T01:27:08+08:00
Choisir	va	Choix.sm.	选择，挑选	’kè ’sié，;		揀選，;		116		true	自旧档汇入	2026-04-13T01:27:08+08:00
Choisir	va	Choix.sm.	选择，挑选	t‘iao ’sié		挑選				true	自旧档汇入	2026-04-13T01:27:08+08:00
Choisir	va	Choix.sm.	选择，挑选	’kè		揀				true	自旧档汇入	2026-04-13T01:27:08+08:00
Choléra	sm		霍乱	hoh leu’ t‘ou’ sia’	h‘oh leu’ t‘ou’ sia’	霍亂吐瀉		116		true	自旧档汇入	2026-04-13T01:27:08+08:00
Choléra	sm		霍乱	souo		痧				true	自旧档汇入	2026-04-13T01:27:08+08:00
Chômer	vn	Chômer.	停工休息	k‘ong hè;	k‘ong’ hè;	空閑;		116		true	自旧档汇入	2026-04-13T01:27:08+08:00
Chômer	vn	Chômer.	停工休息	bouo’ kong		罷工			待定	true	自旧档汇入	2026-04-13T01:27:08+08:00
Chômer	vn	(C.)Fête Chômee.	公共假日	bouo’ kong tsé ’li		罷工瞻禮		116		true	自旧档汇入	2026-04-13T01:27:08+08:00
Chopper	vn	Trébucher.	失足，脚踢着	bang’;		碰;		116		true	自旧档汇入	2026-04-13T01:27:08+08:00
Chopper	vn	Trébucher.	失足，脚踢着	tih kao		跌跤				true	自旧档汇入	2026-04-13T01:27:08+08:00
Choquer	va	Choquer.Fig.	碰撞，冒犯	zaong’ zah;，		撞着		116		true	自旧档汇入	2026-04-13T01:27:08+08:00
Choquer	va	Choquer.Fig.	碰撞，冒犯	teh zu’		得罪				true	自旧档汇入	2026-04-13T01:27:08+08:00
Choquer	va	Choquer.Fig.	碰撞，冒犯	mao’ ’vè		冒犯				true	自旧档汇入	2026-04-13T01:27:08+08:00
Chorus	sm	(Faire).	随声附和，表示同意	da’ ka zen’ ’k‘eû，		大家順口，		116		true	自旧档汇入	2026-04-13T01:27:08+08:00
Chorus	sm	(Faire).	随声附和，表示同意	gnen gnen wo’ ’h‘ao		人人話好				true	自旧档汇入	2026-04-13T01:27:08+08:00
Chose	sf	Affaire.	事情	ze’，，		事，，		116	待定	true	自旧档汇入	2026-04-13T01:27:08+08:00
Chose	sf	Affaire.	事情	ze’ keu		事幹				true	自旧档汇入	2026-04-13T01:27:08+08:00
Chose	sf	Affaire.	事情	ze’ ’t‘i [ih ghié’]		事體[一件]				true	自旧档汇入	2026-04-13T01:27:08+08:00
Chose	sf	Object.	物体	wéh ghié’，，		物件，，		116		true	自旧档汇入	2026-04-13T01:27:08+08:00
Chose	sf	Object.	物体	méh ze’		物事				true	自旧档汇入	2026-04-13T01:27:08+08:00
Chose	sf	Object.	物体	tong si		東西				true	自旧档汇入	2026-04-13T01:27:08+08:00
Chou	sm		甘蓝，卷心菜，大白菜	bah ts‘ai’		白菜		116		true	自旧档汇入	2026-04-13T01:27:08+08:00
Chou-fleur	sm		花椰菜，花菜	ts‘ai’ h‘ouo ts‘ai’		菜花菜		116		true	自旧档汇入	2026-04-13T01:27:08+08:00
Chouette	sf		猫头鹰	ts‘e mao deû yeng		雌猫頭鷹		116		true	自旧档汇入	2026-04-13T01:27:08+08:00
Choyer	va		近抚，疼爱	k‘oé dai’，		寬帶，		116		true	自旧档汇入	2026-04-13T01:27:08+08:00
Choyer	va		近抚，疼爱	’pao pei’		寶貝				true	自旧档汇入	2026-04-13T01:27:08+08:00
Choyer	va	Étre choyé.	爱惜	ai’(kou’)sieh		愛（顧）惜		116		true	自旧档汇入	2026-04-13T01:27:08+08:00
Chrême	sm	(C.)	圣油	kié tsen’ seng’ yeû		堅振聖油		116		true	自旧档汇入	2026-04-13T01:27:08+08:00
Chrétien	sm		基督教徒	tsin’ kiao’ gnen，		進教人，		117		true	自旧档汇入	2026-04-13T01:27:08+08:00
Chrétien	sm		基督教徒	kiao’ ’yeû		教友				true	自旧档汇入	2026-04-13T01:27:08+08:00
Chrétien	sm	Se faire Chrétien(C.)	进教	tsin’ kiao’		進教		117		true	自旧档汇入	2026-04-13T01:27:08+08:00
Chrétienté		(Une)(C.)	基督教修会	daong ’k‘eû，		堂口，		117		true	自旧档汇入	2026-04-13T01:27:08+08:00
Chrétienté		(Une)(C.)	基督教修会	wei’ ’k‘eû		會口				true	自旧档汇入	2026-04-13T01:27:08+08:00
Chrétienté		La Chrétienté(C.)	基督教国家	wong’ kiao’ di’ faong		奉教地方		117		true	自旧档汇入	2026-04-13T01:27:08+08:00
Christ	sm	Le Messie(C.)	耶稣基督	ki-li’-se-tôh		基利斯督		117		true	自旧档汇入	2026-04-13T01:27:08+08:00
Christ	sm	Crucifix(C.)	基督受难像	’k‘ou ziang’		苦像		117		true	自旧档汇入	2026-04-13T01:27:08+08:00
Christianisme	sn		基督教	t‘ié ’tsu kiao’		天主教		117		true	自旧档汇入	2026-04-13T01:27:08+08:00
Chronique	sf		编年史	tse’，		志，		117		true	自旧档汇入	2026-04-13T01:27:08+08:00
Chronique	sf		编年史	tse’		志				true	自旧档汇入	2026-04-13T01:27:08+08:00
Chronique	s	Livre des Chroniques.	史记	’se ki’		史記		117		true	自旧档汇入	2026-04-13T01:27:08+08:00
Chronique	adj	Chronique	长期的，持久的(指坏事)	zang		長		117		true	自旧档汇入	2026-04-13T01:27:08+08:00
Chronique	ad	Maladie Chronique.	慢性病	zang(’lao)bing’		長（老）病		117		true	自旧档汇入	2026-04-13T01:27:08+08:00
Chronologie	sf		年代学，编年学	kieû’ gné yah		究年學		117		true	自旧档汇入	2026-04-13T01:27:08+08:00
Chronologie	sf	Tableaux de Chronologie chinoise.	中国历代年表	lih dai’ gné ’piao		歷代年表		117		true	自旧档汇入	2026-04-13T01:27:08+08:00
Chronomètre	sm		时间测定器	tou’ ze ’piao		度時表		117		true	自旧档汇入	2026-04-13T01:27:08+08:00
Chrysalide	sf	Chrysalide du ver à soie.	蛹壳	zong k‘ou		虫窩		117	保留簡體	true	自旧档汇入	2026-04-13T01:27:08+08:00
Chrysalide	sf		蚕蛹，蚕茧	’kié ’tse		繭子		117		true	自旧档汇入	2026-04-13T01:27:08+08:00
Chrysanthème	sm		菊花	kiôh h‘ouo [ih tou]	kiôh h‘ouo [ih ’tou]	菊花[一朵]		117		true	自旧档汇入	2026-04-13T01:27:08+08:00
Chuchoter	vn		交头接耳，互相耳语	tsieh nong nong		唧噥噥		117	待定	true	自旧档汇入	2026-04-13T01:27:08+08:00
Chut	interj	!interj.	禁止 作声	véh yao’ ts‘éh seng，		勿要出聲，		117		true	自旧档汇入	2026-04-13T01:27:08+08:00
Chut	interj	!interj.	禁止 作声	véh’ yao’ ’hiang		勿要響			印刷錯誤	true	自旧档汇入	2026-04-13T01:27:08+08:00
Chute	sf	Faire une Chute.	跌落，摔跤	tih ’tao，		跌倒，		117		true	自旧档汇入	2026-04-13T01:27:08+08:00
Chute	sf	Faire une Chute.	跌落，摔跤	tih ih kao		跌一跤				true	自旧档汇入	2026-04-13T01:27:08+08:00
Chute	sf	Chute mortelle.	摔死	tih sèh		跌殺		117		true	自旧档汇入	2026-04-13T01:27:08+08:00
Chute	sf	Chute d’eau.	瀑布	poh pou’	boh pou’	瀑布		117		true	自旧档汇入	2026-04-13T01:27:08+08:00
Chute	sf	Chute des cheveux.	头发脱落	t‘euh deû fèh		脱頭髮		117		true	自旧档汇入	2026-04-13T01:27:08+08:00
Chute	sf	Chute des fleurs.	花谢	h‘ouo zia’		花謝		117	原作“花㓔”	true	自旧档汇入	2026-04-13T01:27:08+08:00
Ci	adv	[lieu].	这里	ts‘e di’		此地		117	特殊	true	自旧档汇入	2026-04-13T01:27:08+08:00
Ci	adv	Ce jour-Ci.	这些日子	kien ’tsao		今早		117		true	自旧档汇入	2026-04-13T01:27:08+08:00
Ci	adv	En ce temps- Ci.	此时	’zu kien	zu kien	如今		117		true	自旧档汇入	2026-04-13T01:27:08+08:00
Ci	adv	En ce temps- Ci.	此时	yé’ kien		現今				true	自旧档汇入	2026-04-13T01:27:08+08:00
Ci	adv	En ce temps- Ci.	此时	yé’ zai’		現在				true	自旧档汇入	2026-04-13T01:27:08+08:00
Ci	adv	Aller de Ci de là.	到东到西	tong lai si ’waong		東來西往		117		true	自旧档汇入	2026-04-13T01:27:08+08:00
Ci	adv	Courir par Ci par là.	跑这跑那	zaong’ né loh pôh bao		上南落北跑		117		true	自旧档汇入	2026-04-13T01:27:08+08:00
Ci	adv	Ci -devant.	以前，如前	zié deû		前頭		117		true	自旧档汇入	2026-04-13T01:27:08+08:00
Ci	adv	Ci -après.	以后，如后	heû’ ’ti		後底		117		true	自旧档汇入	2026-04-13T01:27:08+08:00
Ci	adv	Ci -dessus.	以上，如上	zaong’ deû		上頭		117		true	自旧档汇入	2026-04-13T01:27:08+08:00
Ci	adv	Ci -dessous.	以下，如下	hao’ deû	’hao deû	下頭		117		true	自旧档汇入	2026-04-13T01:27:08+08:00
Ci	adv	Ci -contre.	对面，旁边	tei’ mié’		對面		117		true	自旧档汇入	2026-04-13T01:27:08+08:00
Cible	sf	待定	靶子	’pouo ’tse		靶子		117		true	自旧档汇入	2026-04-13T01:27:08+08:00
Cible	sm	Frapper dans la Cible.	中靶子	tsong’ ’pouo ’tse		中靶子		117		true	自旧档汇入	2026-04-13T01:27:08+08:00
Ciboire	sm	(C.)	圣体盒	kong’ seng’ ’t‘i seng’ tsiah		供聖體聖爵		117		true	自旧档汇入	2026-04-13T01:27:08+08:00
Ciboire	sm	Pavillon de Ciboire.		seng’ woh		聖袱		117		true	自旧档汇入	2026-04-13T01:27:08+08:00
Ciboule,Ciboulette	sf		葱	’kieû ts‘ai’		韭菜		117	Ciboule Chinoise为韭菜。	true	自旧档汇入	2026-04-13T01:27:08+08:00
Cicatrice	sf		创疤，伤痕	pouo，		疤，		117		true	自旧档汇入	2026-04-13T01:27:08+08:00
Cicatrice	sf		创疤，伤痕	pouo pè’		疤瘢			待定	true	自旧档汇入	2026-04-13T01:27:08+08:00
Cicatriser	va	(Remèdes pour).	收口药	seû ’k‘eû yah		收口藥		117		true	自旧档汇入	2026-04-13T01:27:08+08:00
Cicatriser	vr	Se Cicatriser.	愈合	kiéh pouo，		結疤，		117		true	自旧档汇入	2026-04-13T01:27:08+08:00
Cicatriser	vr	Se Cicatriser.	愈合	seû pouo kiéh ’kai		收疤結盖			保留簡體	true	自旧档汇入	2026-04-13T01:27:08+08:00
Cidre	sm		苹果酒	bin ’kou ’tsieû		蘋果酒		117		true	自旧档汇入	2026-04-13T01:27:08+08:00
Ciel	sm		天，天空	t‘ié		天		118		true	自旧档汇入	2026-04-13T01:27:08+08:00
Ciel	sm	Température.	气候	t‘ié k‘i’		天氣		118		true	自旧档汇入	2026-04-13T01:27:08+08:00
Ciel	sm	Ciel serein.	晴朗的天气	t‘ié ’h‘ao		天好		118		true	自旧档汇入	2026-04-13T01:27:08+08:00
Ciel	sm	Ciel couvert.	阴沉的天气	t‘ié yen		天陰		118		true	自旧档汇入	2026-04-13T01:27:08+08:00
Ciel	sm	Séjour des élus.	天国，天堂	t‘ié daong		天堂		118		true	自旧档汇入	2026-04-13T01:27:08+08:00
Ciel	sm	Dieu.	上帝，上天，老天	T‘ié ’tsu 		天主		118		true	自旧档汇入	2026-04-13T01:27:08+08:00
Cierge	sm		宗教仪式用的大蜡烛	lèh tsôh [ih ken]		蠟燭[一根]		118		true	自旧档汇入	2026-04-13T01:27:08+08:00
Cierge	sm	Cierge pascal.(C.)	复活节大蜡烛	’n saong lèh tsôh		五傷蠟燭		118		true	自旧档汇入	2026-04-13T01:27:08+08:00
Cigale	sf		蝉	wou ts‘e’ liao		蝴翅蟟		118		true	自旧档汇入	2026-04-13T01:27:08+08:00
Cigare	sm		雪茄烟	sih-ka-yé [ih ken]		雪茄烟		118		true	自旧档汇入	2026-04-13T01:27:08+08:00
Cigogne	sf		鹤	sié ngoh，		仙鶴，		118		true	自旧档汇入	2026-04-13T01:27:08+08:00
Cigogne	sf		鹤	koé		鸛			待定	true	自旧档汇入	2026-04-13T01:27:08+08:00
Cil	sm		睫毛，眼毛	’ngè kiéh mao		眼䀹毛		118	待定	true	自旧档汇入	2026-04-13T01:27:08+08:00
Cilice	sm		粗毛织衣	’k‘ou i		苦衣		118		true	自旧档汇入	2026-04-13T01:27:08+08:00
Cilice	sm	Porter le Cilice.(C.)	穿粗毛织衣	ts‘é ’k‘ou i		穿苦衣		118		true	自旧档汇入	2026-04-13T01:27:08+08:00
Cime	sf		顶，顶峰	’ting		頂		118		true	自旧档汇入	2026-04-13T01:27:08+08:00
Cime	sf	Cime d’une montagne.	山顶	sè ’ting		山頂		118		true	自旧档汇入	2026-04-13T01:27:08+08:00
Cime	sf	Cime d’un arbre.	树顶	zu’ sao		樹梢		118		true	自旧档汇入	2026-04-13T01:27:08+08:00
Ciment	sm		水泥	si-men-ten，		西門墩，		118		true	自旧档汇入	2026-04-13T01:27:08+08:00
Ciment	sm		水泥	si yang souo gni		西洋沙泥				true	自旧档汇入	2026-04-13T01:27:08+08:00
Cimenter	va	les joints.	巩固缝隙	k‘è wong	k‘è’ wong’	嵌縫		118		true	自旧档汇入	2026-04-13T01:27:08+08:00
Cimetière	sm		墓地			墳墓		118	待定 缺羅馬字	true	自旧档汇入	2026-04-13T01:27:08+08:00
Cimetière	sm		墓地	wen di’，		墳地，		118		true	自旧档汇入	2026-04-13T01:27:08+08:00
Cimetière	sm		墓地	wen sè		墳山				true	自旧档汇入	2026-04-13T01:27:08+08:00
Cimetière	sm	Cimetière commun.	公墓	gni ’tsong	gni’ ’tsong	義冢		118		true	自旧档汇入	2026-04-13T01:27:08+08:00
Cimetière	sm	Aller au Cimetière.	去墓地	zaong’ wen		上墳		118		true	自旧档汇入	2026-04-13T01:27:08+08:00
Cinabre	sm		辰砂，朱砂	tsu souo，		硃砂，		118		true	自旧档汇入	2026-04-13T01:27:08+08:00
Cinabre	sm		辰砂，朱砂	gnen tsu		銀珠				true	自旧档汇入	2026-04-13T01:27:08+08:00
Cinéraire	sf		瓜叶菊	kiôh h‘ouo		菊花		118		true	自旧档汇入	2026-04-13T01:27:08+08:00
Cingler	vn	à l’Est...	向东航行	zao tong hang zé		朝東行船		118		true	自旧档汇入	2026-04-13T01:27:08+08:00
Cingler	vn	Pluie qui cingle.	风雨扑打	pang ’yu		浜雨		118		true	自旧档汇入	2026-04-13T01:27:08+08:00
Cinq	adj		五	’n		五（伍）		118		true	自旧档汇入	2026-04-13T01:27:08+08:00
Cinquante	adj		五十	’n séh		五十		118		true	自旧档汇入	2026-04-13T01:27:08+08:00
Cinquantième	adj		第五十	di’ ’n séh		第五十		118		true	自旧档汇入	2026-04-13T01:27:08+08:00
Cinquième	adj		第五	di’ ’n		第五		118		true	自旧档汇入	2026-04-13T01:27:08+08:00
Cinquième	adj	Un Cinquième.	五分之一	’n fen tse ih		五分之一		118		true	自旧档汇入	2026-04-13T01:27:08+08:00
Cintre		(Plein).	半圆拱腹	yeu k‘ieu		圓圈		118		true	自旧档汇入	2026-04-13T01:27:08+08:00
Cintre		Cintre ogival.	尖拱	tsié koh k‘ieu		尖角圈				true	自旧档汇入	2026-04-13T01:27:08+08:00
Circoncire	va		举行割礼	keuh ’sen		割損		118		true	自旧档汇入	2026-04-13T01:27:08+08:00
Circoncision	sf		割礼	keuh ’sen ’li		割損禮		118		true	自旧档汇入	2026-04-13T01:27:08+08:00
Circoncision	sf	Fête de la Circoncision:imposition du nom de Jésus(C.)	耶稣割礼节	lih Ya-sou seng’ ming tsé ’li		立耶穌聖名瞻禮		118		true	自旧档汇入	2026-04-13T01:27:08+08:00
Circonférence	sf		周围，周界	tseû wei，		周圍，		118		true	自旧档汇入	2026-04-13T01:27:08+08:00
Circonférence	sf		周围，周界	deu yeu		團圓				true	自旧档汇入	2026-04-13T01:27:08+08:00
Circonlocution	sf		婉转的言辞	tsia’ ’yen，		借引，		118		true	自旧档汇入	2026-04-13T01:27:08+08:00
Circonlocution	sf		婉转的言辞	yen se seh wo’		陰思説話				true	自旧档汇入	2026-04-13T01:27:08+08:00
Circonseription	sf		区域划分	fen kiang wah’ ka’	fen kiang wah ka’	分疆劃界		118	印刷錯誤	true	自旧档汇入	2026-04-13T01:27:08+08:00
Circonscription	sf	C’est dans sa Circonscription.	在其区域内	zôh i kai ’koé		屬伊該管		118		true	自旧档汇入	2026-04-13T01:27:08+08:00
Circonspect	adj		谨慎的，审慎的，慎重的	tsou’ ze’ ’t‘i tao’ ka’ ke’，		做事體到界个，		118	待定	true	自旧档汇入	2026-04-13T01:27:08+08:00
Circonspect	adj		谨慎的，审慎的，慎重的	’kien zen’ ke’		謹慎个				true	自旧档汇入	2026-04-13T01:27:08+08:00
Circonspect	adj	N’être pas Circonspect.	不小心	véh ’siao sin		勿小心		118		true	自旧档汇入	2026-04-13T01:27:08+08:00
Circonstance	sf		情况，环境	koang ’kieng，		光景，		118		true	自旧档汇入	2026-04-13T01:27:08+08:00
Circonstance	sf		情况，环境	’kieng ziang’		景象				true	自旧档汇入	2026-04-13T01:27:08+08:00
Circonstance	sf	En pareille Circonstance.	在这种情况下	’yeû tse di’ ke’ koang ’kieng		有之第个光景		118		true	自旧档汇入	2026-04-13T01:27:08+08:00
Circonstance	sf	Agir suivant les Circonstance.	见机行事	k‘eû’ koang ’kieng，		看光景，		118		true	自旧档汇入	2026-04-13T01:27:08+08:00
Circonstance	sf	Agir suivant les Circonstance.	见机行事	kié ki yeng ze’	kié’ ki yeng ze’	見機行事		118		true	自旧档汇入	2026-04-13T01:27:08+08:00
Circonstance	sf	Agir suivant les Circonstance.	见机行事	k‘eu sè seh ’se		看山識水		119		true	自旧档汇入	2026-04-13T01:27:08+08:00
Circonstance	sf	Gouverner sa barque agir suivant les Circonstance.(suivant le vent faire l’exercise.)	看水下船，看风下操	k‘eu’ fong ’hao ts‘ao		看風下操		119		true	自旧档汇入	2026-04-13T01:27:08+08:00
Circonstance	sf	Dans les Circonstances présentes.	在目前的情况下	yé’ zai’ ke’ ze se’		現在个時勢		119		true	自旧档汇入	2026-04-13T01:27:08+08:00
Circonvallation	sf		封锁壕	zeng deû，		城頭，		119		true	自旧档汇入	2026-04-13T01:27:08+08:00
Circonvallation	sf		封锁壕	wei ’tse		圍子				true	自旧档汇入	2026-04-13T01:27:08+08:00
Circonvenir	va		笼络，哄骗	long’ song’		弄[扌送]	弄怂	119		true	自旧档汇入	2026-04-13T01:27:08+08:00
Circonvenir	va		笼络，哄骗	yen ’sen		陰損				true	自旧档汇入	2026-04-13T01:27:08+08:00
Circonvenir	va		笼络，哄骗	k‘i p‘ié’		欺騙				true	自旧档汇入	2026-04-13T01:27:08+08:00
Circonvoisinadj			周围的，邻接的	wou’ ghien’ ke’		附近个		119		true	自旧档汇入	2026-04-13T01:27:08+08:00
Circulaire	adj		圆形的	yeu ke’		圓个		119		true	自旧档汇入	2026-04-13T01:27:08+08:00
Circulation	sf	du sang.	血液循环	hieuh mah lieû t‘ong		血脉流通		119	Circulation du sang.为血脉流通。	true	自旧档汇入	2026-04-13T01:27:08+08:00
Circuler	vn		循环，流通	lai lai k‘i’ k‘i’，		來來去去，		119		true	自旧档汇入	2026-04-13T01:27:08+08:00
Circuler	vn		循环，流通	lieû koé’		流貫				true	自旧档汇入	2026-04-13T01:27:08+08:00
Circuler	vn	Faire Circuler une nouvelle.	传播消息，播报新闻	zé sin’，		傳信，		119		true	自旧档汇入	2026-04-13T01:27:08+08:00
Circuler	vn	Faire Circuler une nouvelle.	传播消息，播报新闻	pao’ sin ven’		報新聞				true	自旧档汇入	2026-04-13T01:27:08+08:00
Cire	sf	d’abeille.	蜜蜡	waong lèh，		黄蠟，		119	Cire d’abeille.	true	自旧档汇入	2026-04-13T01:27:08+08:00
Cire	sf	d’abeille.	蜜蜡	mih lèh		蜜蠟				true	自旧档汇入	2026-04-13T01:27:08+08:00
Cire	sf	Cire végétale.	植物蜡	bah lèh		白蠟		119		true	自旧档汇入	2026-04-13T01:27:08+08:00
Cire	sf	Un pain de Cire.	黄蜡饼	waong lèh ping	waong lèh ’ping	黄蠟餅		119		true	自旧档汇入	2026-04-13T01:27:08+08:00
Ciré		(Papier).	蜡纸	lèh ’tse		蠟紙		119		true	自旧档汇入	2026-04-13T01:27:08+08:00
Cirer	va		地板上蜡	k‘a waong lèh		揩黄蠟		119		true	自旧档汇入	2026-04-13T01:27:08+08:00
Cirque	sm		竞技场	yeu zang di’；		圓場地		119		true	自旧档汇入	2026-04-13T01:27:08+08:00
Cirque	sm	Spectacle du Cirque.	马戏	’mô hi’		馬戲				true	自旧档汇入	2026-04-13T01:27:08+08:00
Cisailles	sf	pl	大夹剪	kèh tsié	kèh ’tsié	夾剪		119		true	自旧档汇入	2026-04-13T01:27:08+08:00
Ciseau	sm	de menuisier.	(小件金银器工匠的)凿子，錾子	zôh ’tse [ih ’pouo]		鑿子[一把]		119	待定	true	自旧档汇入	2026-04-13T01:27:08+08:00
Ciseau	sm	Ciseau de sculpteur.	雕刻凿	tiao tao [ih ’pouo]		雕刀[一把]		119		true	自旧档汇入	2026-04-13T01:27:08+08:00
Ciseaux	sm	pl	剪刀	tsié tao [ih pouo]	’tsié tao [ih ’pouo]	剪刀[一把]		119		true	自旧档汇入	2026-04-13T01:27:08+08:00
Ciseler	va		雕刻金属	tiao，		雕，		119		true	自旧档汇入	2026-04-13T01:27:08+08:00
Ciseler	va		雕刻金属	zôh		鏨	鑿			true	自旧档汇入	2026-04-13T01:27:08+08:00
Ciseleur	sm		金属雕刻工	zôh h‘ouo ziang’，		鏨花匠，	鑿花匠，	119		true	自旧档汇入	2026-04-13T01:27:08+08:00
Ciseleur	sm		金属雕刻工	tiao h‘ouo ziang’		雕花匠				true	自旧档汇入	2026-04-13T01:27:08+08:00
Ciselure	sf		金属雕刻术	zôh ke’ h‘ouo，		鏨个花	鑿个花	119		true	自旧档汇入	2026-04-13T01:27:08+08:00
Ciselure	sf		金属雕刻术	tiao ke’ h‘ouo		雕个花				true	自旧档汇入	2026-04-13T01:27:08+08:00
Citadelle	sf		堡垒，炮台	p‘ao’ dai		炮台		119	保留簡體	true	自旧档汇入	2026-04-13T01:27:08+08:00
Citation	sf	d’auteur.	引文，引语，语录	’kou tié，	’kou ’tié	古典，		119		true	自旧档汇入	2026-04-13T01:27:08+08:00
Citation	sf	d’auteur.	引文，引语，语录	ts‘éh tié	ts‘éh ’tié	出典				true	自旧档汇入	2026-04-13T01:27:08+08:00
Cité	sf		城	zeng		城		119		true	自旧档汇入	2026-04-13T01:27:08+08:00
Citer	va	un auteur.	援引著作	’yen su，	’yen su，	引書，		119		true	自旧档汇入	2026-04-13T01:27:08+08:00
Citer	va	un auteur.	援引著作	yong’ ’kou tié	yong’ ’kou ’tié	用古典				true	自旧档汇入	2026-04-13T01:27:08+08:00
Citer	va	Citer devant le mandarin.	向官员告状	kao’ zong’，	kao’ zaong’	告狀，		119		true	自旧档汇入	2026-04-13T01:27:08+08:00
Citer	va	Citer devant le mandarin.	向官员告状	deû zeng ’tse		投呈子				true	自旧档汇入	2026-04-13T01:27:08+08:00
Citerne	sf		蓄水池	’se ze		水池		119		true	自旧档汇入	2026-04-13T01:27:08+08:00
Citoyen	sm		市民，城里人	zeng ’li gnen		城裏人		119		true	自旧档汇入	2026-04-13T01:27:08+08:00
Citoyen	sm	Citoyens.Peuple.	公民，国民	pah sing’，		百姓，		119		true	自旧档汇入	2026-04-13T01:27:08+08:00
Citoyen	sm	Citoyens.Peuple.	公民，国民	’pen di’(kôh)gnen		本地（國）人				true	自旧档汇入	2026-04-13T01:27:08+08:00
Citron	sm		柠檬	hiang yeu		香櫞		119		true	自旧档汇入	2026-04-13T01:27:08+08:00
Citrouille	sf		南瓜	tong kouo		冬瓜		119	中文错误	true	自旧档汇入	2026-04-13T01:27:08+08:00
Civil	adj	Non militaire.	非军人的，文职的	wen		文		119		true	自旧档汇入	2026-04-13T01:27:08+08:00
Civil	adj	Affable,poli.	谦恭的，有礼貌的	wen wou ke’，		温和个，		119		true	自旧档汇入	2026-04-13T01:27:08+08:00
Civil	adj	Affable,poli.	谦恭的，有礼貌的	’yeû ’li mao’ ke’		有禮貌个				true	自旧档汇入	2026-04-13T01:27:08+08:00
Civil	adj	Guerre Civil e(Il y a la).	内战	min ’fè		民反		119		true	自旧档汇入	2026-04-13T01:27:08+08:00
Civiliser	va		教化	kiao’ h‘ouo’ gnen，		教化人		119		true	自旧档汇入	2026-04-13T01:27:08+08:00
Civiliser	va		教化	hiun’ dao’ gnen		訓導人				true	自旧档汇入	2026-04-13T01:27:08+08:00
Civiliser	va	Apprendre les bonnes manières.	使之知礼，使之有教养	kiao’ gnen zih ’li		教人習禮		119		true	自旧档汇入	2026-04-13T01:27:08+08:00
Civilité	sf		礼貌，礼仪	’li mao’		禮貌		120		true	自旧档汇入	2026-04-13T01:27:08+08:00
Clabauder	vn	Fig.	嚷嚷，叫嚣，诽谤	m ’li hèh nao’	m ’li h‘èh nao’	無人瞎鬧	嘸人瞎鬧	120	“无”字取其义。	true	自旧档汇入	2026-04-13T01:27:08+08:00
Claie	sf		筛子，柳条编制物	zang deu ki;	zang deu ki	長團箕;		120	待定	true	自旧档汇入	2026-04-13T01:27:08+08:00
Claie	sf		筛子，柳条编制物	hong lè	h‘ong lè	烘籃				true	自旧档汇入	2026-04-13T01:27:08+08:00
Clair	sm	de lune.	月亮	gneuh liang’		月亮		120	Clair de lune为月亮。	true	自旧档汇入	2026-04-13T01:27:08+08:00
Clair	sm	Ilya Clair de lune.	有月亮	’yeû gneuh liang’		有月亮		120		true	自旧档汇入	2026-04-13T01:27:08+08:00
Clair	sm	Tirer au Clair.	弄清楚	zouo ming bah，		查明白，		120		true	自旧档汇入	2026-04-13T01:27:08+08:00
Clair	sm	Tirer au Clair.	弄清楚	zouo ts‘ing ’saong		查清爽				true	自旧档汇入	2026-04-13T01:27:08+08:00
Clair	adj	Éclairé:chambre Claire.	房间明亮	waong kè’ liang’ lai	waong kè liang’ lai	房間亮來		120		true	自旧档汇入	2026-04-13T01:27:08+08:00
Clair	adj	Limpide.	清澈的，明净的	ts‘ing zing’		清净		120		true	自旧档汇入	2026-04-13T01:27:08+08:00
Clair	adj	Eau Claire.	清澈的水	ts‘ing ’se		清水		120		true	自旧档汇入	2026-04-13T01:27:08+08:00
Clair	adj	Serein.	光亮的	zing		晴		120		true	自旧档汇入	2026-04-13T01:27:08+08:00
Clair	adj	Temps Clair.	晴天	zing t‘ié，		晴天，		120		true	自旧档汇入	2026-04-13T01:27:08+08:00
Clair	adj	Temps Clair.	晴天	t‘ié ’h‘ao		天好				true	自旧档汇入	2026-04-13T01:27:08+08:00
Clair	adj	Peu foncé.	淡的，浅的，浅色的	ts‘ié，	’ts‘ié	淺，，		120		true	自旧档汇入	2026-04-13T01:27:08+08:00
Clair	adj	Peu foncé.	淡的，浅的，浅色的	dè	dè’	淡				true	自旧档汇入	2026-04-13T01:27:08+08:00
Clair	adj	Peu foncé.	淡的，浅的，浅色的	k‘ieng		輕				true	自旧档汇入	2026-04-13T01:27:08+08:00
Clair	adj	Peu épais.	稀薄的	hi boh		稀薄		120		true	自旧档汇入	2026-04-13T01:27:08+08:00
Clair	adj	Bonillie Claire.	粥	hi vè’，		稀飯，		120		true	自旧档汇入	2026-04-13T01:27:08+08:00
Clair	adj	Bonillie Claire.	粥	tsôh		粥				true	自旧档汇入	2026-04-13T01:27:08+08:00
Clair	adj	Peu serré.	稀疏的	hi		稀		120		true	自旧档汇入	2026-04-13T01:27:08+08:00
Clair	adj	Cheveux Clairs.	头发稀疏	deû fèh hi		頭髮稀		120		true	自旧档汇入	2026-04-13T01:27:08+08:00
Clair	adj	Sonore:parler d’une voix très Claire.	嗓音清脆	seh wo’ ’hiang ’hiang liang’ liang’ ke’		説話響響亮亮个		120		true	自旧档汇入	2026-04-13T01:27:08+08:00
Clair	adj	Distinct:prononciation Claire.	口齿清楚	’k‘eû yen ts‘ing ’saong ke’		口音清爽个				true	自旧档汇入	2026-04-13T01:27:08+08:00
Clair	adj	Évident:c’est tout Clair.	明显的，明确的	’hié ’hié liang’ liang’;		顯顯亮亮;		120		true	自旧档汇入	2026-04-13T01:27:08+08:00
				ze’ zé’	ze’ zé	自然				true	自旧档汇入	2026-04-13T01:27:08+08:00
Clairement	adv		明显地，明了地	ts‘ing ts‘ing ’saong ’saong，		清清爽爽，		120		true	自旧档汇入	2026-04-13T01:27:08+08:00
Clairement	adv		明显地，明了地	ming bah		明白				true	自旧档汇入	2026-04-13T01:27:08+08:00
Claire-voie	sf		教堂侧廊上部的排窗	zeh len		直欞		120	待定	true	自旧档汇入	2026-04-13T01:27:08+08:00
Claire-voie	sf		栅栏	sah lè		栅欄		120		true	自旧档汇入	2026-04-13T01:27:08+08:00
Clairon	sm		喇叭，号角	wè la pa		彎喇叭		120	待定	true	自旧档汇入	2026-04-13T01:27:08+08:00
Clairsemé	adj		稀疏的	hi，		稀，		120		true	自旧档汇入	2026-04-13T01:27:08+08:00
Clairsemé	adj		稀疏的	hi ’sao		稀少				true	自旧档汇入	2026-04-13T01:27:08+08:00
Clairvoyant	adj		视力好的	’ngè tsing koang ’h‘ao ke’		眼睛光好个		120		true	自旧档汇入	2026-04-13T01:27:08+08:00
Clairvoyant	adj	Intelligent.	敏锐的，有洞察力的，有远见的	’yeû ’ngè lih;		有眼力;		120		true	自旧档汇入	2026-04-13T01:27:08+08:00
Clairvoyant	adj	Intelligent.	敏锐的，有洞察力的，有远见的	t‘ong ze’ ke’		通事个				true	自旧档汇入	2026-04-13T01:27:08+08:00
Clameur	sf		叫嚣，咆哮，喧嚣	’ts‘ao nao’		吵鬧		120		true	自旧档汇入	2026-04-13T01:27:08+08:00
Clandestin	adj		秘密的，私下的，暗中	t‘eû bé ’tse，，	t‘eû bé’ ’tse	偷伴子，，	偷？子	120	待定	true	自旧档汇入	2026-04-13T01:27:08+08:00
Clandestin	adj		秘密的，私下的，暗中	se ’hao ’ti’		私下底				true	自旧档汇入	2026-04-13T01:27:08+08:00
Clandestin	adj		秘密的，私下的，暗中	é’ ti’ ’li	é’ ’ti ’li	暗地裏	暗底裏		待定	true	自旧档汇入	2026-04-13T01:27:08+08:00
Clandestin	adj	[Mariage]Clandestin.(au civil).	私奔	m ’yeû sè mei lôh tseng’		没有三媒六證	嘸有三媒六證	120		true	自旧档汇入	2026-04-13T01:27:08+08:00
Clandestinement	adv		秘密地，偷偷地，私下	pei heû ti	pei’ ’heû ’ti	背後底		120		true	自旧档汇入	2026-04-13T01:27:08+08:00
Clapier	sm		养兔场内的兔窟	t‘ou’ ’tse k‘ou		兔子窩	兔子窠	120		true	自旧档汇入	2026-04-13T01:27:08+08:00
Clapoter	vn		发出汩汩声，啪啪作响	waong’ waong’ daong daong，		晃晃蕩蕩	？？？？	120	待定	true	自旧档汇入	2026-04-13T01:27:08+08:00
Clapoter	vn		发出汩汩声，啪啪作响	’se t‘ao t‘ao		水滔滔				true	自旧档汇入	2026-04-13T01:27:08+08:00
Claque	sf		耳光，一巴掌	ih ki’ pouo ’tsaong		一記巴掌		120		true	自旧档汇入	2026-04-13T01:27:08+08:00
Claque	sf		打耳光	’tang ih ki’ pouo ’tsaong(’gni koang)，		打一記巴掌(耳光)，		120		true	自旧档汇入	2026-04-13T01:27:08+08:00
Claque	sf		打耳光	p‘ah pouo ’tsaong		拍巴掌				true	自旧档汇入	2026-04-13T01:27:08+08:00
Claquer	vn	[v.g. porte].	格格作响，砰砰作响	’hiang		响		120	保留簡體	true	自旧档汇入	2026-04-13T01:27:08+08:00
Claquer	vn	Applaudir.	拍手，鼓掌	p‘ah ’seû k‘ieng’ wou’		拍手慶賀		120		true	自旧档汇入	2026-04-13T01:27:08+08:00
Clarifié	pp		澄清	teng ts‘ing，		澄清，		120	法语单词不详。“澄”待定	true	自旧档汇入	2026-04-13T01:27:08+08:00
Clarifié	pp		澄清	wè ’tang ’se		礬打水		120		true	自旧档汇入	2026-04-13T01:27:08+08:00
Clarinette	sf		单簧管	’koé		管		120		true	自旧档汇入	2026-04-13T01:27:08+08:00
clarté	sf.		光, 光明;明亮	ming liang’		明亮		121		true	自旧档汇入	2026-04-13T01:27:08+08:00
clarté	sf.		光, 光明;明亮	liang’ koang		亮光		121		true	自旧档汇入	2026-04-13T01:27:08+08:00
classe	sf.	de la société. 	类别; 等级, 级别	’teng		等		121		true	自旧档汇入	2026-04-13T01:27:08+08:00
classe	sf.		类别; 等级, 级别	haong lih		行列		121		true	自旧档汇入	2026-04-13T01:27:08+08:00
classe	sf.	les 4 ---s:	类别; 等级, 级别	se’ min		四民		121		true	自旧档汇入	2026-04-13T01:27:08+08:00
classe	sf.	lettrés	类别; 等级, 级别	ze’		士		121		true	自旧档汇入	2026-04-13T01:27:08+08:00
classe	sf.	la boureurs	类别; 等级, 级别	nong		農		121		true	自旧档汇入	2026-04-13T01:27:08+08:00
classe	sf.	artisans	类别; 等级, 级别	kong		工		121		true	自旧档汇入	2026-04-13T01:27:08+08:00
classe	sf.	marchands	类别; 等级, 级别	sang		商		121	待定	true	自旧档汇入	2026-04-13T01:27:08+08:00
classe	sf.	dignité	类别; 等级, 级别	’p‘in		品		121		true	自旧档汇入	2026-04-13T01:27:08+08:00
classe	sf.	les 9 ---s de mandarins	类别; 等级, 级别	’kieû ’p‘in		九品		121		true	自旧档汇入	2026-04-13T01:27:08+08:00
classe	sf.	chacune subvisée en 1er et 2nd ordre	类别; 等级, 级别	tseng’ ’p‘in		正品，		121		true	自旧档汇入	2026-04-13T01:27:08+08:00
classe	sf.	chacune subvisée en 1er et 2nd ordre	类别; 等级, 级别	zong p‘in	zong ’p‘in	從品				true	自旧档汇入	2026-04-13T01:27:08+08:00
classe	sf.	école: aller en ---	类别; 等级, 级别	tao’ hoh ’li k‘i’		到學裏去		121		true	自旧档汇入	2026-04-13T01:27:08+08:00
classe	sf.		类别; 等级, 级别	zaong’ hoh		上學		121		true	自旧档汇入	2026-04-13T01:27:08+08:00
classer	va.	 Diviser	区分	fen		分		121		true	自旧档汇入	2026-04-13T01:27:08+08:00
classer	va.		区分	a ih a gni’		挨一挨二		121		true	自旧档汇入	2026-04-13T01:27:08+08:00
classer	va.	mettre en ordre	区分	ba lih		排列		121		true	自旧档汇入	2026-04-13T01:27:08+08:00
classer	va.		区分	liao li	liao’ ’li	料理		121		true	自旧档汇入	2026-04-13T01:27:08+08:00
classiques	 Sm.pl	chinois.	经典的	se’ su ’n kieng		四書五經		121		true	自旧档汇入	2026-04-13T01:27:08+08:00
classiques	 Sm.pl	les 4 livres	经典的	se’ su		四書		121		true	自旧档汇入	2026-04-13T01:27:08+08:00
classiques	 Sm.pl		经典的	da’ yah		大學		121		true	自旧档汇入	2026-04-13T01:27:08+08:00
classiques	 Sm.pl		经典的	tsong yong		中庸		121		true	自旧档汇入	2026-04-13T01:27:08+08:00
classiques	 Sm.pl		经典的	len’ gnu’	len’ ’gnu	論語		121		true	自旧档汇入	2026-04-13T01:27:08+08:00
classiques	 Sm.pl		经典的	men’ ’tse		孟子		121	待定	true	自旧档汇入	2026-04-13T01:27:08+08:00
classiques	 Sm.pl	les 5 canoniques	经典的	’n kieng		五經		121		true	自旧档汇入	2026-04-13T01:27:08+08:00
classiques	 Sm.pl		经典的	se		詩		121		true	自旧档汇入	2026-04-13T01:27:08+08:00
classiques	 Sm.pl		经典的	su		書		121		true	自旧档汇入	2026-04-13T01:27:08+08:00
classiques	 Sm.pl		经典的	’yi	yi’	易		121	待定	true	自旧档汇入	2026-04-13T01:27:08+08:00
classiques	 Sm.pl		经典的	’li ki’		禮記		121		true	自旧档汇入	2026-04-13T01:27:08+08:00
classiques	 Sm.pl		经典的	ts‘en ts‘ieû		春秋		121		true	自旧档汇入	2026-04-13T01:27:08+08:00
clause	Sf.	d'un traité. 	条文, 条款	ih deu’(ih diao)yah		一段（一條）約		121		true	自旧档汇入	2026-04-13T01:27:08+08:00
clavicule	sf.		锁骨	kié ka’ koéh		肩架骨		121	待定	true	自旧档汇入	2026-04-13T01:27:08+08:00
clavicule	sf.		锁骨	kié baong koéh		肩膀骨		121	待定	true	自旧档汇入	2026-04-13T01:27:08+08:00
clef	sf. 		钥匙	yah ze [ih ke’, ih diao]		鑰匙[一个，一條]		121		true	自旧档汇入	2026-04-13T01:27:08+08:00
clef	sf. 		钥匙	’sou, 		鎖，		121		true	自旧档汇入	2026-04-13T01:27:08+08:00
clef	sf. 	Fermer à ---	钥匙	’sou zaong’		鎖上				true	自旧档汇入	2026-04-13T01:27:08+08:00
clef	sf. 	classifique	钥匙	ze’ ’mou		字母		121		true	自旧档汇入	2026-04-13T01:27:08+08:00
clef	sf. 		钥匙	ze’ bou’		字部		121		true	自旧档汇入	2026-04-13T01:27:08+08:00
clémence	sf.		宽大, 宽恕, 宽厚	zen ze		仁慈		121		true	自旧档汇入	2026-04-13T01:27:08+08:00
clémence	sf.	adj.clément	宽大, 宽恕, 宽厚	zen ze ke’		仁慈个		121		true	自旧档汇入	2026-04-13T01:27:08+08:00
clepsydre	sf.		漏壶， 漏刻[古代计时器] 	’se ’piao		水表		121		true	自旧档汇入	2026-04-13T01:27:08+08:00
clepsydre	sf.		漏壶， 漏刻[古代计时器] 	tieh leû’		滴漏		121		true	自旧档汇入	2026-04-13T01:27:08+08:00
clerc	sm.		教士, 神职人员	sieû dao’		修道		121		true	自旧档汇入	2026-04-13T01:27:08+08:00
clerc	sm.		教士, 神职人员	’yeû zen ’p‘in ke’		有神品个		121		true	自旧档汇入	2026-04-13T01:27:08+08:00
cléricale	adj.	(vie)(c.)	教士的, 神职人员的	’hié sieû		顯修		121		true	自旧档汇入	2026-04-13T01:27:08+08:00
cliché	sm.		口头禅, 陈词滥调, 陈见	’si yang	’si yang’	死樣		121		true	自旧档汇入	2026-04-13T01:27:08+08:00
client	sm.	Chaland	顾客, 主顾, 客户, 买主, 当事人, 委托人	’ma k‘ah		買客		121		true	自旧档汇入	2026-04-13T01:27:08+08:00
client	sm.		顾客, 主顾, 客户, 买主, 当事人, 委托人	’tsu wou’		主户		121		true	自旧档汇入	2026-04-13T01:27:08+08:00
client	sm.		顾客, 主顾, 客户, 买主, 当事人, 委托人	’tsu k‘ah		主客		121		true	自旧档汇入	2026-04-13T01:27:08+08:00
cligner	vn.	de l'oeil. 	 眯	’ngè tsing mi mi ts‘i ts‘i		眼睛[日米][日米][日切][日切]	眼睛？？？？	121	待定	true	自旧档汇入	2026-04-13T01:27:08+08:00
cligner	vn.		 眯	’ngè tsing pé’ k‘ai pé’ ’yé		眼睛半開半掩		121		true	自旧档汇入	2026-04-13T01:27:08+08:00
clignoter	vn.		眨个不停	sèh		[目臿]		121	待定	true	自旧档汇入	2026-04-13T01:27:08+08:00
clignoter	vn.		眨个不停	sèh ih sèh 		[目臿]一[目臿]		121		true	自旧档汇入	2026-04-13T01:27:08+08:00
climat	sm.		气候	’se ’t‘ou		水土		121		true	自旧档汇入	2026-04-13T01:27:08+08:00
clin	 Loc. Adv.	 d'oeil	眨眼	ih sèh ’ngè ke’ kong fou		一[目臿]眼个工夫		121		true	自旧档汇入	2026-04-13T01:27:08+08:00
clin 	 Loc. Adv.	d'oeil (en un.)	眨眼	k‘ieng k‘eh	’k‘ieng k‘eh	頃刻		121		true	自旧档汇入	2026-04-13T01:27:08+08:00
clique	sf.	les gens de cet(te)---	帮, 伙, 小集团	’taong ’yu		黨羽		121		true	自旧档汇入	2026-04-13T01:27:08+08:00
clique	sf.		帮, 伙, 小集团	oh ’taong		惡黨		121		true	自旧档汇入	2026-04-13T01:27:08+08:00
cloaque	sm.		污水坑，垃圾堆 	oh ts‘oh tei		齷齪堆		121		true	自旧档汇入	2026-04-13T01:27:08+08:00
cloaque	sm.		污水坑，垃圾堆 	’ts‘eû ’se dé	ts‘eû’ ’se dé	醜水潭	臭水窞	121	變調 待定	true	自旧档汇入	2026-04-13T01:27:08+08:00
cloche	sf.		钟	tsong [ih tsah]		鐘[一隻]		121		true	自旧档汇入	2026-04-13T01:27:08+08:00
cloche	sf.	sonner une ---	钟	k‘ao(’tang)(zaong’) tsong		敲（打）（撞）鐘		121		true	自旧档汇入	2026-04-13T01:27:08+08:00
cloche	sf.	… produite par brûlure	钟	liao tsiang p‘ao’		燎漿泡		121	待定	true	自旧档汇入	2026-04-13T01:27:08+08:00
cloche	sf.		跛行	tsong leû		鐘樓		122		true	自旧档汇入	2026-04-13T01:27:08+08:00
clocher	vn.		跛行	t‘iao’ ’lao t‘iao’		跳咾跳		122		true	自旧档汇入	2026-04-13T01:27:08+08:00
clocher	vn.		跛行	tié ’lao tié		顛咾顛		122		true	自旧档汇入	2026-04-13T01:27:08+08:00
clocher	sm.	la compaison cloche	跛行	’pi kiao’(faong) véh tei’		比較（方）勿對		122		true	自旧档汇入	2026-04-13T01:27:08+08:00
clochette	sf.		铃，铃铛 	ling [ih ke’]		鈴[一个]		122		true	自旧档汇入	2026-04-13T01:27:08+08:00
clochette	sf.	sonner une ---	铃，铃铛 	yao ling		摇鈴		122	摇鈴鳥	true	自旧档汇入	2026-04-13T01:27:08+08:00
cloison	sf.	en planches	隔墙, 隔板	pieh kiah		壁脚		122		true	自旧档汇入	2026-04-13T01:27:08+08:00
cloison	sf.		隔墙, 隔板	’pè pieh		板壁		122		true	自旧档汇入	2026-04-13T01:27:08+08:00
cloisonnés	sm.pl.		嵌金属丝花纹的珐琅工艺品, 景泰蓝	fa’ laong	fah laong	珐瑯		122	待定	true	自旧档汇入	2026-04-13T01:27:08+08:00
cloître	sm.	monastère	回廓	’tseû laong		走廊		122		true	自旧档汇入	2026-04-13T01:27:08+08:00
cloître	sm.		隐修院	sieû dao’ yeu’		修道院		122		true	自旧档汇入	2026-04-13T01:27:08+08:00
clopin-clopant	loc.adv.		蹒跚地, 一瘸一拐地	p‘ih lao p‘ih 	p‘ih ’lao p‘ih 	蹩咾蹩	？咾？	122	待定	true	自旧档汇入	2026-04-13T01:27:08+08:00
clopin-clopant	loc.adv.		蹒跚地, 一瘸一拐地	ih t‘iao’ ih t‘iao’		一跳一跳		122		true	自旧档汇入	2026-04-13T01:27:08+08:00
cloporte	sm.		鼠妇	wou pouo’ zong		蚵蚾虫	？？虫	122	保留簡體	true	自旧档汇入	2026-04-13T01:27:08+08:00
clore	va.	Fermer 	关闭， 封闭， 堵塞	koè		關		122		true	自旧档汇入	2026-04-13T01:27:08+08:00
clore	va.	achever: --- un compte 	关闭， 封闭， 堵塞	seu’ ts‘ing		算清		122		true	自旧档汇入	2026-04-13T01:27:08+08:00
clore	va.		关闭， 封闭， 堵塞	kiéh ’long		結攏		122		true	自旧档汇入	2026-04-13T01:27:08+08:00
clos	sm.		园圃, 园地	ih ke’ yeu di’		一个園地		122		true	自旧档汇入	2026-04-13T01:27:08+08:00
clôture	sf.	mur.	 围墙, 栅栏, 篱笆	ziang		墻		122		true	自旧档汇入	2026-04-13T01:27:08+08:00
clôture	sf.	mur.	 围墙, 栅栏, 篱笆	wei ziang		圍墻		122		true	自旧档汇入	2026-04-13T01:27:08+08:00
clôture	sf.	barrière	 围墙, 栅栏, 篱笆	lè keu 		欄杆		122		true	自旧档汇入	2026-04-13T01:27:08+08:00
clôture	sf.	rempart en terre	 围墙, 栅栏, 篱笆	wei		圍		122		true	自旧档汇入	2026-04-13T01:27:08+08:00
clôture	sf.	haie	 围墙, 栅栏, 篱笆	li pouo		籬笆		122		true	自旧档汇入	2026-04-13T01:27:08+08:00
clou	sm.		钉, 钉子	ting [ih tsah]		釘[一隻]		122		true	自旧档汇入	2026-04-13T01:27:08+08:00
clou	sm.	furoncle		ts‘aong		瘡		122		true	自旧档汇入	2026-04-13T01:27:08+08:00
clou	sm.	furoncle		tsih		癤		122		true	自旧档汇入	2026-04-13T01:27:08+08:00
clouer	va.		钉住， 钉牢	ting’		釘		122		true	自旧档汇入	2026-04-13T01:27:08+08:00
clouer	va.		钉住， 钉牢	ting’ laong	ting’ laong’	釘上		122		true	自旧档汇入	2026-04-13T01:27:08+08:00
clouer	va.		钉住， 钉牢	ting’ zu’		釘住		122		true	自旧档汇入	2026-04-13T01:27:08+08:00
cloutier	sm.		钉眼；钉钉子	’tang(ma’) ting ke’		打（賣）釘个		122		true	自旧档汇入	2026-04-13T01:27:08+08:00
club	sm.	maison de réunion	俱乐部	wei’ koé	wei’ ’koé	會館		122		true	自旧档汇入	2026-04-13T01:27:08+08:00
coadjuteur	adj.	(évêque) (c.)	助理	fou’ tsu kiao’		副主教		122		true	自旧档汇入	2026-04-13T01:27:08+08:00
coagulé	pp.		使凝固， 使凝结	ping ’tsé		冰者		122		true	自旧档汇入	2026-04-13T01:27:08+08:00
coagulé	pp.		使凝固， 使凝结	ting’ ngang’ tsé		㓅硬者	?硬者	122	一作“汀”	true	自旧档汇入	2026-04-13T01:27:08+08:00
coaliser	vr.	(se) 	使结盟，使联盟，使联合	kiéh yah		結約		122		true	自旧档汇入	2026-04-13T01:27:08+08:00
coaliser	vr.		使结盟，使联盟，使联合	lié men		聯盟		122	待定	true	自旧档汇入	2026-04-13T01:27:08+08:00
coaliser	vr.		使结盟，使联盟，使联合	kiéh ’taong		結黨		122		true	自旧档汇入	2026-04-13T01:27:08+08:00
coasser	vn.		(蛙)鸣，叫 	dié ki kiao’		田鷄叫		122		true	自旧档汇入	2026-04-13T01:27:08+08:00
coassocié	sm.		合伙者， 合作者 	keh ’fou ki’	kéh ’fou ki’	合夥計		122	待定	true	自旧档汇入	2026-04-13T01:27:08+08:00
coassocié	sm.		合伙者， 合作者 	keh tsou’ sang i’	kéh tsou’ sang i’	合做生意		122	待定	true	自旧档汇入	2026-04-13T01:27:08+08:00
coccinelle	sf.		瓢虫 法 语 助 手	ngai’ p‘iao’		艾票		122		true	自旧档汇入	2026-04-13T01:27:08+08:00
cocher	sm.		刻痕， 做记号， 加标记	mô fou	’mô fou	馬夫		122		true	自旧档汇入	2026-04-13T01:27:08+08:00
cochère	adj.	porte	能通过车辆的大门	dou’ men		大門		122		true	自旧档汇入	2026-04-13T01:27:08+08:00
cochère	adj.		能通过车辆的大门	ziang men		墻門		122		true	自旧档汇入	2026-04-13T01:27:08+08:00
cochinchine	sf.		交趾支那的 	eu né kôh		安南國		122		true	自旧档汇入	2026-04-13T01:27:08+08:00
cochon	sm.		猪 	tse		猪		122		true	自旧档汇入	2026-04-13T01:27:08+08:00
cochon	sm.		猪 	tse lou [ih tsah]		猪獹[一隻]		122	待定	true	自旧档汇入	2026-04-13T01:27:08+08:00
cochon	sm.	de lait	猪	den		豚		122		true	自旧档汇入	2026-04-13T01:27:08+08:00
cochon	sm.		猪 	’siao tse lou		小猪獹		122		true	自旧档汇入	2026-04-13T01:27:08+08:00
cochon	sm.	graisse de	猪 	tse yeû		猪油		122		true	自旧档汇入	2026-04-13T01:27:08+08:00
cochon	sm.	étable à ---s	猪 	tse k‘ieu		猪圈		122		true	自旧档汇入	2026-04-13T01:27:08+08:00
coco	sm.		椰子	yè ’tse	ya ’tse	椰子		122		true	自旧档汇入	2026-04-13T01:27:08+08:00
cocon	sm.		茧, 蚕茧	’kié ’tse		繭子		122		true	自旧档汇入	2026-04-13T01:27:08+08:00
cocon			茧, 蚕茧	zé ’kié k‘ou		蠶繭窩	蠶繭窠	122		true	自旧档汇入	2026-04-13T01:27:08+08:00
code	sm.	actuel de la chine	 法典, 法规	da’ ts‘ing lih li’		大清律例		122		true	自旧档汇入	2026-04-13T01:27:08+08:00
coeur 	sm.		心	sin		心		122		true	自旧档汇入	2026-04-13T01:27:08+08:00
coeur 	sm.		心	sin di’		心地		122		true	自旧档汇入	2026-04-13T01:27:08+08:00
coeur 	sm.		心	sin zang		心腸		122		true	自旧档汇入	2026-04-13T01:27:08+08:00
coeur 	sm.		心	ts‘en’ sin		寸心		122		true	自旧档汇入	2026-04-13T01:27:08+08:00
coeur 	sm.	avoir qqch. sur le ---	心	kouo sin	kouo’ sin	掛心		122		true	自旧档汇入	2026-04-13T01:27:08+08:00
coeur 	sm.		心	sin ’li faong’ véh loh		心裏放勿落		122		true	自旧档汇入	2026-04-13T01:27:08+08:00
coeur 	sm.	qu'avez-vous sur le ---?	心	nong’ ’yeû sa ke’ sin ze’?	nong’ ’yeû sa’ ke’ sin ze’?	儂有啥个心事		122		true	自旧档汇入	2026-04-13T01:27:08+08:00
coeur 	sm.	avoir le --- à l'aise 	心	sin ’li song k‘oa’(ze’ zai’)		心裏鬆快（自在）		123		true	自旧档汇入	2026-04-13T01:27:08+08:00
coeur 	sm.	avoir un peu mal au ---	心	’yeû ’tié sin ’li t‘ong’		有點心裏痛		123		true	自旧档汇入	2026-04-13T01:27:08+08:00
coeur 	sm.		心	’tang oh sin		打惡心		123		true	自旧档汇入	2026-04-13T01:27:08+08:00
coeur 	sm.	n'avoir pas le --- à faire	心	véh kao hieng’ tsou’		勿高興做		123		true	自旧档汇入	2026-04-13T01:27:08+08:00
coeur 	sm.	ne faire qu'un ---	心	ih(dong)sin ih (dong) i ke’	ih(dong)sin ih (dong) i’ ke’	一（同）心一（同）意个		123		true	自旧档汇入	2026-04-13T01:27:08+08:00
coeur 	sm.	mettre tout son ---	心	zin’ sin ghiéh lih		盡心竭力		123		true	自旧档汇入	2026-04-13T01:27:08+08:00
coeur 	sm.		心	ih men sin se		一門心思		123		true	自旧档汇入	2026-04-13T01:27:08+08:00
coeur 	sm.	coeur à bien faire	心	ih sin ih i’ yao’ tsou’ ’h‘ao		一心一意要做好		123		true	自旧档汇入	2026-04-13T01:27:08+08:00
coeur 	sm.	de bon ---	心	’h‘ao i’		好意		123		true	自旧档汇入	2026-04-13T01:27:08+08:00
coeur 	sm.		心	ké sin zing gneu’		甘心情願		123		true	自旧档汇入	2026-04-13T01:27:08+08:00
coeur 	sm.	de tout---	心	ih sin ih i	ih sin ih i’	一心一意		123		true	自旧档汇入	2026-04-13T01:27:08+08:00
coeur 	sm.		心	tsen sin zéh i	tsen sin zéh i’	真心實意		123		true	自旧档汇入	2026-04-13T01:27:08+08:00
coeur 	sm.	à contre ---	心	véh teh véh zé		勿得勿然		123		true	自旧档汇入	2026-04-13T01:27:08+08:00
coeur 	sm.		心	’mié ’mié ’k‘iang ’k‘iang		勉勉强强		123		true	自旧档汇入	2026-04-13T01:27:08+08:00
coeur 	sm.		心	m nai’ wou		無奈何	嘸奈何	123		true	自旧档汇入	2026-04-13T01:27:08+08:00
coeur 	sm.	sans ---	心	m zing ke’		無情个	嘸情个	123		true	自旧档汇入	2026-04-13T01:27:08+08:00
coeur 	sm.		心	sin hen t‘eû	sin hen t‘eû’	心狠透		123	待定	true	自旧档汇入	2026-04-13T01:27:08+08:00
coeur 	sm.	d'un arbre	心	zu’ sin		樹心		123		true	自旧档汇入	2026-04-13T01:27:08+08:00
coeur 	sm.		心	moh sin		木心		123		true	自旧档汇入	2026-04-13T01:27:08+08:00
coffre	sm.	coffre-fort	箱, 箱子	ghiu’		櫃		123		true	自旧档汇入	2026-04-13T01:27:08+08:00
coffre	sm.		箱, 箱子	ghiu’ siang		櫃箱		123		true	自旧档汇入	2026-04-13T01:27:08+08:00
coffre	sm.		箱, 箱子	zaong ghiu’		床櫃		123		true	自旧档汇入	2026-04-13T01:27:08+08:00
coffre	sm.		箱, 箱子	gnen ghiu’		銀櫃		123		true	自旧档汇入	2026-04-13T01:27:08+08:00
coffre	sm.		箱, 箱子	gnen ’k‘ou	gnen k‘ou’	銀庫		123		true	自旧档汇入	2026-04-13T01:27:08+08:00
coffret	sm.		小匣子, 小盒子	hèh ’tse		匣子		123		true	自旧档汇入	2026-04-13T01:27:08+08:00
cognassier	sm.		木瓜树	moh kouo zu’		木瓜樹		123		true	自旧档汇入	2026-04-13T01:27:08+08:00
cognée	sf.		斧	’fou deû [ih pouo’]	’fou deû [ih ’pouo]	斧頭[一把]		123		true	自旧档汇入	2026-04-13T01:27:08+08:00
cogner	va.	à la porte 	敲， 碰， 撞：	’tang 		打		123		true	自旧档汇入	2026-04-13T01:27:08+08:00
cogner	va.		敲， 碰， 撞：	ze		捶		123	待定	true	自旧档汇入	2026-04-13T01:27:08+08:00
cogner	va.		敲， 碰， 撞：	k‘ao men		敲門		123		true	自旧档汇入	2026-04-13T01:27:08+08:00
cohabiter	vn.		共同生活	dong waong		同房		123		true	自旧档汇入	2026-04-13T01:27:08+08:00
cohorte	sf.		群, 伙	ih dei’ ping		一隊兵		123		true	自旧档汇入	2026-04-13T01:27:08+08:00
cohue	sf.	c'est une	嘈杂的人群	leu’ hong hong ke’	leu’ h‘ong h‘ong ke’	亂哄哄个		123	待定	true	自旧档汇入	2026-04-13T01:27:08+08:00
coi	adj.	se sentir	安静的, 平静的	ih dong’ véh dong’		一動勿動		123		true	自旧档汇入	2026-04-13T01:27:08+08:00
coi	adj.		安静的, 平静的	véh ts‘éh seng		勿出聲		123		true	自旧档汇入	2026-04-13T01:27:08+08:00
coiffer	va.	arranger les cheveux	给…梳妆， 给 …理发	ta’ mao’ ’tse		戴帽子		123		true	自旧档汇入	2026-04-13T01:27:08+08:00
coiffer	va.		给…梳妆， 给 …理发	se deû		梳頭		123		true	自旧档汇入	2026-04-13T01:27:08+08:00
coiffer	va.		给…梳妆， 给 …理发	’tang bié ’tse	’tang ’bié ’tse	打辮子		123		true	自旧档汇入	2026-04-13T01:27:08+08:00
coiffeur	sm.		理发师	t‘i’ deû ke’		剃頭个		123		true	自旧档汇入	2026-04-13T01:27:08+08:00
coiffure	sf.		帽子, 头巾, 头饰	mao’ ’tse [ih tsah, ih ’ting]		帽子[一雙，一頂]		123		true	自旧档汇入	2026-04-13T01:27:08+08:00
coin	sm.	angle	角;角落, 隅	koh		角		123		true	自旧档汇入	2026-04-13T01:27:08+08:00
coin	sm.		角;角落, 隅	koh loh		角落		123		true	自旧档汇入	2026-04-13T01:27:08+08:00
coin	sm.	… en bois	角;角落, 隅	moh tsen		木椹		123		true	自旧档汇入	2026-04-13T01:27:08+08:00
coin	sm.	… des monnaies	角;角落, 隅	yen’		印		123		true	自旧档汇入	2026-04-13T01:27:08+08:00
coin	sm.	un --- de terre	角;角落, 隅	ih k‘oei ’siao di’ bi	ih k‘oei’ ’siao di’ bi	一块小地皮		123		true	自旧档汇入	2026-04-13T01:27:08+08:00
coincider	vn.		同时发生	tei’		對		123		true	自旧档汇入	2026-04-13T01:27:08+08:00
coincider	vn.		同时发生	siang tei’		相對		123		true	自旧档汇入	2026-04-13T01:27:08+08:00
coincider	vn.	s'il s'agit du temps	同时发生	dong ze lai ke’		同時來个		123		true	自旧档汇入	2026-04-13T01:27:08+08:00
coing	sm.		木瓜	moh kouo		木瓜		123		true	自旧档汇入	2026-04-13T01:27:08+08:00
coke	sm.		煤炭	mei t‘è’		煤炭		123		true	自旧档汇入	2026-04-13T01:27:08+08:00
col	sm.	collet	衣领	’ling		領		123		true	自旧档汇入	2026-04-13T01:27:08+08:00
col	sm.		衣领	’ling deû		領頭		123		true	自旧档汇入	2026-04-13T01:27:08+08:00
col	sm.	… de montagnes	衣领	sè keû		山溝		124		true	自旧档汇入	2026-04-13T01:27:08+08:00
col	sm.		衣领	sè kèh		山峽		124		true	自旧档汇入	2026-04-13T01:27:08+08:00
colère	sf.		愤怒, 怒气	ven’ nou’		忿怒		124		true	自旧档汇入	2026-04-13T01:27:08+08:00
colère	sf.		愤怒, 怒气	k‘i’		氣		124		true	自旧档汇入	2026-04-13T01:27:08+08:00
colère	sf.	être en --- contre qqn	愤怒, 怒气	koang ’h‘ou i		黆火伊	光火伊	124	待定	true	自旧档汇入	2026-04-13T01:27:08+08:00
colère	sf.		愤怒, 怒气	’h‘ou mao’ i		火冒伊		124		true	自旧档汇入	2026-04-13T01:27:08+08:00
colère	sf.	… violente (à en mourir)	愤怒, 怒气	k‘i’ sèh.		氣殺		124		true	自旧档汇入	2026-04-13T01:27:08+08:00
colère	sf.		愤怒, 怒气	k‘i’ teh yao’ ’si		氣得要死		124		true	自旧档汇入	2026-04-13T01:27:08+08:00
colère	sf.	mettre qqn en ---	愤怒, 怒气	’za i fèh k‘i’		惹伊發氣		124		true	自旧档汇入	2026-04-13T01:27:08+08:00
colère	sf.		愤怒, 怒气	kieh nou’		激怒		124		true	自旧档汇入	2026-04-13T01:27:08+08:00
colère	sf.	se mettre en---	愤怒, 怒气	sang k‘i’		生氣		124		true	自旧档汇入	2026-04-13T01:27:08+08:00
colère	sf.		愤怒, 怒气	dong’ nou’		動怒		124		true	自旧档汇入	2026-04-13T01:27:08+08:00
colère	sf.		愤怒, 怒气	fèh nou’		發怒		124		true	自旧档汇入	2026-04-13T01:27:08+08:00
colère	sf.	calmer sa ---	愤怒, 怒气	siao siao k‘i’		消消氣		124		true	自旧档汇入	2026-04-13T01:27:08+08:00
colère	sf.	de ---	愤怒, 怒气	k‘i’ ’lao		氣咾		124		true	自旧档汇入	2026-04-13T01:27:08+08:00
colère	sf.	se prendre de ---	愤怒, 怒气	k‘i’ lai tiao’ sèh		氣來吊殺		124		true	自旧档汇入	2026-04-13T01:27:08+08:00
colère	adj.	être ---	愤怒, 怒气	’h‘ao sang k‘i’		好生氣		124		true	自旧档汇入	2026-04-13T01:27:08+08:00
colère	adj.		愤怒, 怒气	bao’ tsao’		暴躁		124		true	自旧档汇入	2026-04-13T01:27:08+08:00
colin-maillard	sm.		捉迷藏	tsoh ’ya mao		捉野猫		124		true	自旧档汇入	2026-04-13T01:27:08+08:00
colique	sf.		腹痛, 肠绞痛	dou’ ’li t‘ong	dou’ ’li t‘ong’	肚裏痛		124		true	自旧档汇入	2026-04-13T01:27:08+08:00
colis	sm.	caisse	包裹	siang ’tse		箱子		124		true	自旧档汇入	2026-04-13T01:27:08+08:00
colis	sm.	ballot	包裹	pao ’kou		包裹		124		true	自旧档汇入	2026-04-13T01:27:08+08:00
colis	sm.		包裹	pao		包		124		true	自旧档汇入	2026-04-13T01:27:08+08:00
collaborateur	sm.		合作者, 协作者	kéh tsou’ ke’		合做个		124		true	自旧档汇入	2026-04-13T01:27:08+08:00
collaborateur	sm.		合作者, 协作者	siang paong ke’		相幫个		124		true	自旧档汇入	2026-04-13T01:27:08+08:00
collaborateur	sm.		合作者, 协作者	dong ze’ ke’		同事个		124		true	自旧档汇入	2026-04-13T01:27:08+08:00
collant	adj.	bouille ---e	黏的, 有黏性的, 胶质的	tsôh t‘aong		粥湯		124		true	自旧档汇入	2026-04-13T01:27:08+08:00
collant	adj.	habit ---	紧身的	t‘ih(kien)sen i zaong	t‘ih(’kien)sen i zaong	貼（緊）身衣裳		124		true	自旧档汇入	2026-04-13T01:27:08+08:00
collatérale	adj.	(ligne)	旁边的, 侧面的	tse p‘a’		支派		124		true	自旧档汇入	2026-04-13T01:27:08+08:00
collation	sf.	goûter	点心，不属于正餐的小吃	’tié sin		點心		124		true	自旧档汇入	2026-04-13T01:27:08+08:00
collation	sf.	 (jeûne)	点心，不属于正餐的小吃	da’ tsa ya’ vè’		大齋夜飯		124		true	自旧档汇入	2026-04-13T01:27:08+08:00
collationner	va.	qqch	核对	’pi ih ’pi		比一比		124		true	自旧档汇入	2026-04-13T01:27:08+08:00
colle	sf.	de farine	胶，胶水，浆糊	kao ’se		膠水		124		true	自旧档汇入	2026-04-13T01:27:08+08:00
colle	sf.		胶，胶水，浆糊	tsiang mié’		漿麵		124		true	自旧档汇入	2026-04-13T01:27:08+08:00
colle	sf.	,,, de poisson	胶，胶水，浆糊	n kao		魚膠		124		true	自旧档汇入	2026-04-13T01:27:08+08:00
colle	sf.	… forte	胶，胶水，浆糊	gneû bi kao		牛皮膠		124		true	自旧档汇入	2026-04-13T01:27:08+08:00
collecte	sf.	(faire une)	募捐, 募款;集资	seû zié		收錢		124		true	自旧档汇入	2026-04-13T01:27:08+08:00
collecte	sf.		募捐, 募款;集资	kieu dong dié		捐銅錢		124		true	自旧档汇入	2026-04-13T01:27:08+08:00
collège	sm.	école 	学院	hoh daong		學堂		124		true	自旧档汇入	2026-04-13T01:27:08+08:00
collège	sm.	école 	学院	kong hoh 		公學		124		true	自旧档汇入	2026-04-13T01:27:08+08:00
collège	sm.	… de notables	学院	yeu’		院		124		true	自旧档汇入	2026-04-13T01:27:08+08:00
collègue	sm.		同僚	dong tseh		同職		124		true	自旧档汇入	2026-04-13T01:27:08+08:00
collègue	sm.		同僚	dong liao		同僚		124		true	自旧档汇入	2026-04-13T01:27:08+08:00
collègue	sm.		同僚	di’ hiong koé		弟兄官		124		true	自旧档汇入	2026-04-13T01:27:08+08:00
coller	vn. Et va.		贴， 粘， 胶合	gné		粘		124		true	自旧档汇入	2026-04-13T01:27:08+08:00
coller	vn. Et va.		贴， 粘， 胶合	t‘ih 		貼		124		true	自旧档汇入	2026-04-13T01:27:08+08:00
coller	vn. Et va.		贴， 粘， 胶合	t‘ih zu’		貼住		124		true	自旧档汇入	2026-04-13T01:27:08+08:00
coller	vn. Et va.		贴， 粘， 胶合	t‘ih laong’		貼上		124		true	自旧档汇入	2026-04-13T01:27:08+08:00
coller	vn. Et va.	… une affiche	贴， 粘， 胶合	t‘ih kao’ bah		貼告白		124		true	自旧档汇入	2026-04-13T01:27:08+08:00
coller	vn. Et va.	… du papier sur un mur	贴， 粘， 胶合	wou ’la ziang laong’		糊拉墻上		124		true	自旧档汇入	2026-04-13T01:27:08+08:00
coller	vn. Et va.	… une image sur du papier	贴， 粘， 胶合	’piao ziang’		裱像		124		true	自旧档汇入	2026-04-13T01:27:08+08:00
collet	sm.		衣领	’ling 		領		124		true	自旧档汇入	2026-04-13T01:27:08+08:00
collet	sm.		衣领	’ling deû		領頭		124		true	自旧档汇入	2026-04-13T01:27:08+08:00
colleter	va.		揪住某人领子	ts‘ieû(lah)ze’ i ke’ ling deû	ts‘ieû(lah)ze’ i ke’ ’ling deû	揪（拉）自伊个領頭		124	待定	true	自旧档汇入	2026-04-13T01:27:08+08:00
colleur	sm.		糊墙纸者	’piao ziang’		裱匠		124		true	自旧档汇入	2026-04-13T01:27:08+08:00
colleur	sm.		糊墙纸者	’piao wou ziang’		裱糊匠		124		true	自旧档汇入	2026-04-13T01:27:08+08:00
collier	sm.	de mandarin	糊墙纸者	zao tsu		朝珠		124		true	自旧档汇入	2026-04-13T01:27:08+08:00
collier	sm.	… de chien	项链, 颈饰	’keû ’kieng k‘ieu		狗頸圈		124	原作“狗脛圈”	true	自旧档汇入	2026-04-13T01:27:08+08:00
collier	sm.	donner un bon coup de ---	〉(系牲畜的)索	’tsè kieng’		趲勁		124	待定	true	自旧档汇入	2026-04-13T01:27:08+08:00
collier	sm.		〉(系牲畜的)索	zah lih		着力		124		true	自旧档汇入	2026-04-13T01:27:08+08:00
colline	sf.		山丘, 山岗	’siao sè		小山		124		true	自旧档汇入	2026-04-13T01:27:08+08:00
colline	sf.		山丘, 山岗	kao gni ten		高泥墩		124		true	自旧档汇入	2026-04-13T01:27:08+08:00
colloque	sm.	avoir un --- avec qqn	(学术)讨论会	siang saong		相商		125		true	自旧档汇入	2026-04-13T01:27:08+08:00
colloque	sm.		(学术)讨论会	saong gni’		商議		125		true	自旧档汇入	2026-04-13T01:27:08+08:00
collyre	sm.		眼药水, 洗眼剂	’ngè yah		眼藥		125		true	自旧档汇入	2026-04-13T01:27:08+08:00
colombe	sf.		鸽子, 白鸽	kéh ’tse [ih tsah]		鴿子[一隻]		125		true	自旧档汇入	2026-04-13T01:27:08+08:00
colombier	sm.		鸽舍, 鸽棚	kéh bang		鴿棚		125		true	自旧档汇入	2026-04-13T01:27:08+08:00
colon	sm.	émigrant	侨民;外乡人	k‘ah min		客民		125		true	自旧档汇入	2026-04-13T01:27:08+08:00
colon	sm.		侨民;外乡人	ts‘ié lai ke’ gnen		遷來个人		125		true	自旧档汇入	2026-04-13T01:27:08+08:00
côlon	sm.	gronsintestin	结肠	dou’ zang		大腸		125		true	自旧档汇入	2026-04-13T01:27:08+08:00
colonel	sm.		上校	fou’ tsiang’		副將		125		true	自旧档汇入	2026-04-13T01:27:08+08:00
colonel	sm.		上校	yéh dai		協台	協臺	125	待定	true	自旧档汇入	2026-04-13T01:27:08+08:00
colonel	sm.	lieuteuant ---	上校	ts‘é tsiang’		參將		125		true	自旧档汇入	2026-04-13T01:27:08+08:00
colonel	sm.		上校	ts‘é ’fou		參府		125		true	自旧档汇入	2026-04-13T01:27:08+08:00
colonie	sf.		移民地	zoh di’	zôh di’	屬地		125		true	自旧档汇入	2026-04-13T01:27:08+08:00
colonie	sf.	… de houpénois	移民地	wou koang paong	wou ’koang paong	湖廣幫		125		true	自旧档汇入	2026-04-13T01:27:08+08:00
colonnade	sf.		柱廊, 列柱	ih da’ zu’ deû	ih da’ ’zu deû	一[土大]柱頭	一埭柱頭	125		true	自旧档汇入	2026-04-13T01:27:08+08:00
colonne	sf.	… vertébrale	柱, 圆柱	zu’ deû	’zu deû	柱頭		125		true	自旧档汇入	2026-04-13T01:27:08+08:00
colonne	sf.		柱, 圆柱	tsieh liang		脊梁		125		true	自旧档汇入	2026-04-13T01:27:08+08:00
colophane	sf.		松香	song hiang		松香		125		true	自旧档汇入	2026-04-13T01:27:08+08:00
coloquinte	sf.		药西瓜	si’ yao wou lou		細腰葫蘆		125		true	自旧档汇入	2026-04-13T01:27:08+08:00
colorier	va.		着色， 上色	zaong’ ngè seh		上顔色		125		true	自旧档汇入	2026-04-13T01:27:08+08:00
coloris	sm.		色调	ngè seh		顔色		125		true	自旧档汇入	2026-04-13T01:27:08+08:00
colosse	sm.		巨人, 巨兽, 庞然大物	k‘oei wei’		魁偉		125	待定	true	自旧档汇入	2026-04-13T01:27:08+08:00
colosse	sm.		巨人, 巨兽, 庞然大物	zang da’ h‘eu’ ’tse		長大漢子		125	待定	true	自旧档汇入	2026-04-13T01:27:08+08:00
colosse	sm.	les 4 ---s à l'entrée des pagodes	巨人, 巨兽, 庞然大物	se’ kien kaong		四金剛		125		true	自旧档汇入	2026-04-13T01:27:08+08:00
colporter	va.	des marchandises	到处传播	t‘iao(pei’)ma’		挑（背）賣		125		true	自旧档汇入	2026-04-13T01:27:08+08:00
colporter	va.		到处传播	yé hiang ma’		沿鄉賣		125		true	自旧档汇入	2026-04-13T01:27:08+08:00
colporter	va.	… des nouvelles	到处传播	ma’ (zé) sin wen’		賣（傳）新聞		125		true	自旧档汇入	2026-04-13T01:27:08+08:00
colporteur	sm.		到处传播	t‘iao(péi’)ma’ ke’		挑（背）賣个		125		true	自旧档汇入	2026-04-13T01:27:08+08:00
colza	sm.	huile de ---	油菜	ts‘ai	ts‘ai’	菜		125		true	自旧档汇入	2026-04-13T01:27:08+08:00
colza	sm.		油菜	yeû ts‘ai	yeû ts‘ai’	油菜		125		true	自旧档汇入	2026-04-13T01:27:08+08:00
colza	sm.		油菜	ts‘ai yeû	ts‘ai’ yeû	菜油		125		true	自旧档汇入	2026-04-13T01:27:08+08:00
combat	sm.	aller au ---	战斗	’tang tsang	’tang tsang’	打仗		125		true	自旧档汇入	2026-04-13T01:27:08+08:00
combat	sm.		战斗	ts‘éh dei’		出隊		125		true	自旧档汇入	2026-04-13T01:27:08+08:00
combattre	va.		与…打仗， 与 …作战	’tang tsang	’tang tsang’	打仗		125		true	自旧档汇入	2026-04-13T01:27:08+08:00
combattre	va.	… ses passions	与…打仗， 与 …作战	hèh woh se yôh	èh woh se yôh	壓服私欲		125		true	自旧档汇入	2026-04-13T01:27:08+08:00
combien	adv.		多少	tou ’sao		多少		125		true	自旧档汇入	2026-04-13T01:27:08+08:00
combien	adv.		多少	’ki ke’		幾个		125		true	自旧档汇入	2026-04-13T01:27:08+08:00
combien	adv.		多少	’ki  h‘ao	’ki  ’h‘ao	幾好		125		true	自旧档汇入	2026-04-13T01:27:08+08:00
combien	adv.	… de longueur	多少	zang tou ’sao		長多少		125		true	自旧档汇入	2026-04-13T01:27:08+08:00
combien	adv.		多少	’ki h‘o’ zang’?		幾化長？		125		true	自旧档汇入	2026-04-13T01:27:08+08:00
combien	adv.	… de largeur?	多少	’ki h‘o’ k‘oé(sou)?	’ki h‘o’ k‘oé(sou’)?	幾化寬（數）？		125		true	自旧档汇入	2026-04-13T01:27:08+08:00
combien	adv.	à quel point: --- il est bon	多少	wou ’teng yang’ ’h‘ao’		何等樣好		125		true	自旧档汇入	2026-04-13T01:27:08+08:00
combien	adv.	… plus …	多少	foang ’ts‘ié	foang’ ’ts‘ié	况且		125		true	自旧档汇入	2026-04-13T01:27:08+08:00
combien	adv.		多少	eul ’ts‘ié		而且		125		true	自旧档汇入	2026-04-13T01:27:08+08:00
combien	adv.	n'importe ---	多少	woh tou woh ’sao		或多或少		125		true	自旧档汇入	2026-04-13T01:27:08+08:00
combien	adv.		多少	véh len’ tou ’sao		勿論多少		125		true	自旧档汇入	2026-04-13T01:27:08+08:00
combien	adv.		多少	zu bié’ ’ki h‘o’		隨便幾化		125		true	自旧档汇入	2026-04-13T01:27:08+08:00
combien	adv.		多少	tou tsou’ tou		多做多		125		true	自旧档汇入	2026-04-13T01:27:08+08:00
combinaison	sf.	plan.	联合, 组合, 结合, 配合	bè féh	bè’ fèh	辦法		125		true	自旧档汇入	2026-04-13T01:27:08+08:00
combinaison	sf.		联合, 组合, 结合, 配合	tsou’ fèh		做法		125		true	自旧档汇入	2026-04-13T01:27:08+08:00
combiner	va.	un plan	安排， 组织， 策划， 布置	’tang seu’		打算		125		true	自旧档汇入	2026-04-13T01:27:08+08:00
combiner	va.		安排， 组织， 策划， 布置	meû yeû wah ts‘ah		謀猷劃策		125		true	自旧档汇入	2026-04-13T01:27:08+08:00
combiner	vr.	se --- chimiquement	安排， 组织， 策划， 布置	h‘o’ héh		化合		125		true	自旧档汇入	2026-04-13T01:27:08+08:00
comble	sm.	de maison	屋顶架;顶楼, 屋顶室	ôh tsih		屋脊		125	本頁前作tsieh	true	自旧档汇入	2026-04-13T01:27:08+08:00
comble	sm.	boisseau avec --- 	屋顶架;顶楼, 屋顶室	’mé ’teû		滿斗		126		true	自旧档汇入	2026-04-13T01:27:08+08:00
comble	sm.		屋顶架;顶楼, 屋顶室	tei woh		堆斛		126		true	自旧档汇入	2026-04-13T01:27:08+08:00
comble	sm.	boisseau sans ---	屋顶架;顶楼, 屋顶室	bing ’teû		平斗		126		true	自旧档汇入	2026-04-13T01:27:08+08:00
comble	sm.		屋顶架;顶楼, 屋顶室	bing woh		平斛		126		true	自旧档汇入	2026-04-13T01:27:08+08:00
comble	sm.	être au ---	屋顶架;顶楼, 屋顶室	tao’ ze’ ghieh deû di’ bou’		到是極頭地步		126		true	自旧档汇入	2026-04-13T01:27:08+08:00
comble	adj.	rempli	屋顶架;顶楼, 屋顶室	’mé ke’		滿个		126		true	自旧档汇入	2026-04-13T01:27:08+08:00
comble	adj.	maison ---	屋顶架;顶楼, 屋顶室	waong ’tse ’li seh ’mé ’tsé		房子裏塞滿者		126		true	自旧档汇入	2026-04-13T01:27:08+08:00
comble	loc.adv.	de fond en ---	屋顶架;顶楼, 屋顶室	ts‘eh ’ti	ts‘éh ’ti	徹底		126	原作“澈底”	true	自旧档汇入	2026-04-13T01:27:08+08:00
combler	va.	les désirs	屋顶架;顶楼, 屋顶室	’mé gnen gneu’ i’		滿人愿意	滿人願意	126		true	自旧档汇入	2026-04-13T01:27:08+08:00
combler	va.	… un déficit	屋顶架;顶楼, 屋顶室	dié wè k‘oei k‘ong’		填還虧空		126		true	自旧档汇入	2026-04-13T01:27:08+08:00
combler	va.		屋顶架;顶楼, 屋顶室	dié tsa	dié tsa’	填債		126		true	自旧档汇入	2026-04-13T01:27:08+08:00
combler	va.	… de bienfaits	屋顶架;顶楼, 屋顶室	en laong’ ka en		恩上加恩		126		true	自旧档汇入	2026-04-13T01:27:08+08:00
combler	va.	vous me comblez.(pol.)	屋顶架;顶楼, 屋顶室	taong véh ’k‘i		當勿起		126		true	自旧档汇入	2026-04-13T01:27:08+08:00
combustible	sm.		可燃的, 易燃的	za		柴		126		true	自旧档汇入	2026-04-13T01:27:08+08:00
combustible	sm.		可燃的, 易燃的	za ’h‘ou		柴火		126		true	自旧档汇入	2026-04-13T01:27:08+08:00
combustible	adj.		可燃的, 易燃的	sao teh ke’		燒得个		126		true	自旧档汇入	2026-04-13T01:27:08+08:00
comédie	sf.	jouer la ---	戏;剧团	hi’		戲		126		true	自旧档汇入	2026-04-13T01:27:08+08:00
comédie	sf.		戏;剧团	ts‘aong’  (tsou’)hi’		唱（做）戲		126		true	自旧档汇入	2026-04-13T01:27:08+08:00
comédien	sm.		演员； 喜剧演员	hi’ tse		戲子		126		true	自旧档汇入	2026-04-13T01:27:08+08:00
comestible	sm.		食物, 食品	liang zeh		粮食		126	保留簡體	true	自旧档汇入	2026-04-13T01:27:08+08:00
comestible	sm.		食物, 食品	liang ’mi		粮米		126	保留簡體	true	自旧档汇入	2026-04-13T01:27:08+08:00
comestible	adj.		食物, 食品	k‘ieh teh ke’		吃得个		126		true	自旧档汇入	2026-04-13T01:27:08+08:00
comète	sf.		彗星	’sao ’tseû sing		掃帚星		126		true	自旧档汇入	2026-04-13T01:27:08+08:00
comète	sf.		彗星	wei’ sing		彗星		126		true	自旧档汇入	2026-04-13T01:27:08+08:00
comique	adj.	excitant à rire	滑稽的, 引人发笑的	’za siao’ ke’		惹笑个		126		true	自旧档汇入	2026-04-13T01:27:08+08:00
comique	adj.		滑稽的, 引人发笑的	’h‘ao siao’		好笑		126		true	自旧档汇入	2026-04-13T01:27:08+08:00
comique	adj.	ridicule	滑稽的, 引人发笑的	’k‘o siao’ ke’		可笑个		126		true	自旧档汇入	2026-04-13T01:27:08+08:00
comité	sm.		委员会	wei’ 		會		126		true	自旧档汇入	2026-04-13T01:27:08+08:00
comité	sm.	président de ---	委员会	wei’ ’seû		會首		126		true	自旧档汇入	2026-04-13T01:27:08+08:00
commandant	sm.		指挥官, 司令	yeû kieh		游擊		126		true	自旧档汇入	2026-04-13T01:27:08+08:00
commandant	sm.		指挥官, 司令	yeû ’fou		游府		126		true	自旧档汇入	2026-04-13T01:27:08+08:00
commandant	sm.	… en chef	指挥官, 司令	yuen sé	yeu sé’	元帥		126		true	自旧档汇入	2026-04-13T01:27:08+08:00
commandant	sm.		指挥官, 司令	tsiang’ kiun	tsiang kiun	將軍		126		true	自旧档汇入	2026-04-13T01:27:08+08:00
commandant	sm.	généralissime	指挥官, 司令	’tsong ’t‘ong		總統		126		true	自旧档汇入	2026-04-13T01:27:08+08:00
commande	sf.	sur	委托工作(单), 订购的货物，委托做的工作；餐馆中顾客点好的菜单	ding’ tsou’ ke’		定做个		126		true	自旧档汇入	2026-04-13T01:27:08+08:00
commandement	loc. Adv	de --- (feint)	指挥, 统帅, 领导	’ka pè ke’	’ka pè’ ke’	假扮个		126		true	自旧档汇入	2026-04-13T01:27:08+08:00
commandement	loc. Adv		支付催告	’ka tsaong		假妝	假裝	126	待定	true	自旧档汇入	2026-04-13T01:27:08+08:00
commandement	sm.		戒律	kia’ ming’		戒命		126		true	自旧档汇入	2026-04-13T01:27:08+08:00
commandement	sm.		指挥权	ming’ ling’		命令		126		true	自旧档汇入	2026-04-13T01:27:08+08:00
commandement	sm.	autorité	指挥部	ghieu ping	ghieu ’ping	權柄		126		true	自旧档汇入	2026-04-13T01:27:08+08:00
commandement	sm.		控制, 操纵	ghieu neng		權能		126		true	自旧档汇入	2026-04-13T01:27:08+08:00
commandement	sm.	les ---s de Dieu	戒律	T‘ié ’tsu zéh kia’		天主十誡		126		true	自旧档汇入	2026-04-13T01:27:08+08:00
commandement	sm.	les ---s de l'église	戒律	seng’ kiao’ se’ koei		聖教四規		126		true	自旧档汇入	2026-04-13T01:27:08+08:00
commander	va.		指挥， 统帅； 支配， 左右	ming’ 		命		126		true	自旧档汇入	2026-04-13T01:27:08+08:00
commander	va.		指挥， 统帅； 支配， 左右	kiao’		教		126		true	自旧档汇入	2026-04-13T01:27:08+08:00
commander	va.		指挥， 统帅； 支配， 左右	fen fou’		吩咐		126		true	自旧档汇入	2026-04-13T01:27:08+08:00
commander	va.	avoir autorité sur.	指挥， 统帅； 支配， 左右	’koé		管		126		true	自旧档汇入	2026-04-13T01:27:08+08:00
commander	va.		指挥， 统帅； 支配， 左右	’koé ’hao		管下		126		true	自旧档汇入	2026-04-13T01:27:08+08:00
commander	va.	inspirer: --- le respect	指挥， 统帅； 支配， 左右	kiao’ gnen kieng’ woh		教人敬服		126		true	自旧档汇入	2026-04-13T01:27:08+08:00
commander	vr.	se --- à soi-même	指挥， 统帅； 支配， 左右	yah sôh ze’ ka		約束自家		126		true	自旧档汇入	2026-04-13T01:27:08+08:00
comme	conj.	de la même manière que	好像， 如同， 犹如	ziang’ 		像		126		true	自旧档汇入	2026-04-13T01:27:08+08:00
comme	conj.		好像， 如同， 犹如	h‘èh ziang	h‘èh ziang’	恰像		126		true	自旧档汇入	2026-04-13T01:27:08+08:00
comme	conj.		好像， 如同， 犹如	siang ziang’		相像		126		true	自旧档汇入	2026-04-13T01:27:08+08:00
comme	conj.		好像， 如同， 犹如	seng’ zu		勝如		126		true	自旧档汇入	2026-04-13T01:27:08+08:00
comme	conj.		好像， 如同， 犹如	yeû zu		猶如		126		true	自旧档汇入	2026-04-13T01:27:08+08:00
comme	conj.		好像， 如同， 犹如	yeû tse wou		猶之乎		126		true	自旧档汇入	2026-04-13T01:27:08+08:00
comme	conj.		好像， 如同， 犹如	’wé zé		宛然		126		true	自旧档汇入	2026-04-13T01:27:08+08:00
comme	conj.		好像， 如同， 犹如	zu dong		如同		126		true	自旧档汇入	2026-04-13T01:27:08+08:00
comme	conj.		好像， 如同， 犹如	zu dong...ih yang’		如同…一樣		126		true	自旧档汇入	2026-04-13T01:27:08+08:00
comme	conj.	de qq. Manière que.	好像， 如同， 犹如	’na neng		那能		126		true	自旧档汇入	2026-04-13T01:27:08+08:00
comme	conj.	à quel point	好像， 如同， 犹如	sa’ neng		啥能		127		true	自旧档汇入	2026-04-13T01:27:08+08:00
comme	conj.	en qualité de: -- maîtres, vous devez…	好像， 如同， 犹如	ze’ na’ tsou’ sié sang ke’ kai taong		是那做先生个該當…		127	待定	true	自旧档汇入	2026-04-13T01:27:08+08:00
comme	conj.	… ched de maison, il faut être économe; mais --- hôte, il faut être large	好像， 如同， 犹如	taong ka yao’ ghié’ dai k‘ah yao’ heû	taong ka yao’ ghié’ dai’ k‘ah yao’ ’heû	當家要儉待客要厚		127		true	自旧档汇入	2026-04-13T01:27:08+08:00
comme	conj.	… ched de maison, il faut être économe; mais --- hôte, il faut être large	好像， 如同， 犹如	ngao k‘ieh sang yong tsou’ gnen zing	ngao k‘ieh ’sang yong’ tsou’ gnen zing	熬吃省用做人情				true	自旧档汇入	2026-04-13T01:27:08+08:00
comme	conj.	losque:--- je partais	好像， 如同， 犹如	’ngou dong’ sen ke’ ze h‘eû’	’ngou dong’ sen ke’ ze h‘eû	我動身个時候		127		true	自旧档汇入	2026-04-13T01:27:08+08:00
commémoration	sf.	des morts	纪念仪式	tsu se ’i waong		追思已亡		127		true	自旧档汇入	2026-04-13T01:27:08+08:00
commencement	sm.	(au)	 开始, 开头, 开端, 始初	’k‘i deû		起頭		127		true	自旧档汇入	2026-04-13T01:27:08+08:00
commencement	sm.		 开始, 开头, 开端, 始初	’k‘i ts‘ou		起初		127		true	自旧档汇入	2026-04-13T01:27:08+08:00
commencement	sm.		 开始, 开头, 开端, 始初	taong ts’ou		當初		127		true	自旧档汇入	2026-04-13T01:27:08+08:00
commencement	sm.	du --- à la fin	 开始, 开头, 开端, 始初	zong deû tao’ kiah		從頭到脚		127		true	自旧档汇入	2026-04-13T01:27:08+08:00
commencement	sm.	depuis le -- du monde	 开始, 开头, 开端, 始初	zong k‘ai t‘ié p‘ieh di’ ’i lai		從開天闢地以來		127		true	自旧档汇入	2026-04-13T01:27:08+08:00
commencement	sm.		 开始, 开头, 开端, 始初	zong k‘ai p‘ieh ’i lai		從開闢以來		127		true	自旧档汇入	2026-04-13T01:27:08+08:00
commencer	va. Et vn.		开始， 着手	’k‘i deû		起頭		127	原作“起，頭”	true	自旧档汇入	2026-04-13T01:27:08+08:00
commencer	va. Et vn.		开始， 着手	’k‘i		起		127	待定 格式	true	自旧档汇入	2026-04-13T01:27:08+08:00
commencer	va. Et vn.		开始， 着手	k‘ai		開		127		true	自旧档汇入	2026-04-13T01:27:08+08:00
commencer	va. Et vn.	… les études de qqn.	开始， 着手	k‘ai mong dong		開蒙童		127		true	自旧档汇入	2026-04-13T01:27:08+08:00
commencer	va. Et vn.		开始， 着手	fèh mong		發蒙		127		true	自旧档汇入	2026-04-13T01:27:08+08:00
commencer	va. Et vn.	… à écrire	开始， 着手	loh pieh		落筆		127		true	自旧档汇入	2026-04-13T01:27:08+08:00
commencer	va. Et vn.		开始， 着手	k‘ai ’seû		開手		127		true	自旧档汇入	2026-04-13T01:27:08+08:00
commencer	va. Et vn.		开始， 着手	dong’ ’seû		動手		127		true	自旧档汇入	2026-04-13T01:27:08+08:00
commencer	va. Et vn.		开始， 着手	k‘ai zang		開場		127		true	自旧档汇入	2026-04-13T01:27:08+08:00
commencer	va. Et vn.	ne faire que ---	开始， 着手	zai zai		纔纔		127		true	自旧档汇入	2026-04-13T01:27:08+08:00
commencer	va. Et vn.		开始， 着手	kiang kiang		剛剛		127	待定	true	自旧档汇入	2026-04-13T01:27:08+08:00
commencer	va. Et vn.		开始， 着手	kiang zai		剛纔		127		true	自旧档汇入	2026-04-13T01:27:08+08:00
commensal	sm.		共餐者, 同桌用餐者	dong zieh		同席		127		true	自旧档汇入	2026-04-13T01:27:08+08:00
commensal	sm.		共餐者, 同桌用餐者	dong dao k‘ieh vè’		同淘吃飯		127		true	自旧档汇入	2026-04-13T01:27:08+08:00
comment	adv.	…?	 如何， 怎么， 怎样	’na neng 		那能		127		true	自旧档汇入	2026-04-13T01:27:08+08:00
comment	adv.		 如何， 怎么， 怎样	zu wou?		如何		127		true	自旧档汇入	2026-04-13T01:27:08+08:00
comment	adv.	…! ( avec étonnement)	 如何， 怎么， 怎样	’na hang neng		那行能		127	待定	true	自旧档汇入	2026-04-13T01:27:08+08:00
comment	adv.		 如何， 怎么， 怎样	’na neng ’tsé ya!		那能者耶		127		true	自旧档汇入	2026-04-13T01:27:08+08:00
comment	adv.	… l'oderais-je?	 如何， 怎么， 怎样	’k‘i ’ké?		豈敢		127		true	自旧档汇入	2026-04-13T01:27:08+08:00
comment	adv.	… oserait-il sortir?	 如何， 怎么， 怎样	i ’na ’li ’ké ts‘éh lai gni?		伊那裏敢出來呢耶		127		true	自旧档汇入	2026-04-13T01:27:08+08:00
commentaire	sm.		评论, 述评	tsu’ ’ka		注解		127		true	自旧档汇入	2026-04-13T01:27:08+08:00
commenter	va.		注释	tsu’ ’ka		注解		127		true	自旧档汇入	2026-04-13T01:27:08+08:00
commenter	va.		注释	tsu’ sou		注疏		127		true	自旧档汇入	2026-04-13T01:27:08+08:00
commenter	va.	interpréter malignem.	注释	gni’ len’		議論		127		true	自旧档汇入	2026-04-13T01:27:08+08:00
commérage	sm.		流言蜚语	yao yé		謡言		127		true	自旧档汇入	2026-04-13T01:27:08+08:00
commérage	sm.		流言蜚语	zé lai tse yé		傳來之言		127		true	自旧档汇入	2026-04-13T01:27:08+08:00
commérage	sm.	faire des ---s.	流言蜚语	wo’ zang wo’ ’teu		話長話短		127		true	自旧档汇入	2026-04-13T01:27:08+08:00
commerçant	sm.		很会做生意的	tsou’ ’ma ma’ ke’		做買賣个		127		true	自旧档汇入	2026-04-13T01:27:08+08:00
commerçant	sm.		很会做生意的	tsou’ sang i’ ke’		做生意个		127		true	自旧档汇入	2026-04-13T01:27:08+08:00
commerce	sm.	trafic	商业， 贸易， 生意	’ma ma’		買賣		127		true	自旧档汇入	2026-04-13T01:27:08+08:00
commerce	sm.		商业， 贸易， 生意	sang i’		生意		127		true	自旧档汇入	2026-04-13T01:27:08+08:00
commerce	sm.		商业， 贸易， 生意	kiao’ yi’	kiao’ yeh	交易		127	待定	true	自旧档汇入	2026-04-13T01:27:08+08:00
commerce	sm.	liberté de --	商业， 贸易， 生意	t‘ong saong		通商		127		true	自旧档汇入	2026-04-13T01:27:08+08:00
commerce	sm.	maison de ---	商业， 贸易， 生意	haong		行		127		true	自旧档汇入	2026-04-13T01:27:08+08:00
commerce	sm.		商业， 贸易， 生意	tié’		店		127		true	自旧档汇入	2026-04-13T01:27:08+08:00
commerce	sm.	relations. 	商业， 贸易， 生意	lai ’waong		來往		127		true	自旧档汇入	2026-04-13T01:27:08+08:00
commerce	sm.	… illicite	商业， 贸易， 生意	se t‘ong		私通		127		true	自旧档汇入	2026-04-13T01:27:08+08:00
commerce	sm.		商业， 贸易， 生意	t‘ong kiè		通奸		127		true	自旧档汇入	2026-04-13T01:27:08+08:00
commerce	sm.	… de lettres	商业， 贸易， 生意	su sin’ lai ’waong		書信來往		127		true	自旧档汇入	2026-04-13T01:27:08+08:00
commerce	sm.	… de lettres	商业， 贸易， 生意	sin’ tsèh lai k‘i’		信扎來去	信札來去	127	待定	true	自旧档汇入	2026-04-13T01:27:08+08:00
commercer	vn.  		经商, 做买卖, 做贸易	meû yi’	meû’ yeh	貿易		128		true	自旧档汇入	2026-04-13T01:27:08+08:00
commercer	vn.  		经商, 做买卖, 做贸易	tsou’ sang i’ 		做生意		128		true	自旧档汇入	2026-04-13T01:27:08+08:00
commerciale	adj.	société	商业的， 贸易的， 通商的 	kéh ’fou ki’		合夥計		128		true	自旧档汇入	2026-04-13T01:27:08+08:00
commère	sf.	marraine	代母，教母	dai’ ’mou		代母		128		true	自旧档汇入	2026-04-13T01:27:08+08:00
commère	sf.	bavarde ---	长舌妇，饶舌妇 	tou wo’ ’lao bou		多話老婆		128		true	自旧档汇入	2026-04-13T01:27:08+08:00
commère	sf.	fam.	大姐，大嫂	bou bou		婆婆		128		true	自旧档汇入	2026-04-13T01:27:08+08:00
commettre	va.	le mal	 犯（罪行， 错误）； 干， 做（坏事， 蠢事	’vè zu’		犯罪		128		true	自旧档汇入	2026-04-13T01:27:08+08:00
commettre	va.		 犯（罪行， 错误）； 干， 做（坏事， 蠢事	tsoh oh		作惡		128		true	自旧档汇入	2026-04-13T01:27:08+08:00
commettre	va.	il n'y a mal qu'il ne ---	 犯（罪行， 错误）； 干， 做（坏事， 蠢事	wou oh péh tsoh		無惡不作		128		true	自旧档汇入	2026-04-13T01:27:08+08:00
commettre	va.		 犯（罪行， 错误）； 干， 做（坏事， 蠢事	wou sou’ péh wei	wou ’sou péh wei	無所不為		128		true	自旧档汇入	2026-04-13T01:27:08+08:00
commis	sm.	d'une boutique	职员, 办事员, 店员, 伙计	’fou ki’		夥計		128		true	自旧档汇入	2026-04-13T01:27:08+08:00
commis	sm.	… voyager	职员, 办事员, 店员, 伙计	ts‘éh ’se ’fou ki’		出水夥計		128		true	自旧档汇入	2026-04-13T01:27:08+08:00
commis	sm.		职员, 办事员, 店员, 伙计	’se k‘ah		水客		128		true	自旧档汇入	2026-04-13T01:27:08+08:00
commisération	sf.		同情, 怜悯, 体恤	tséh ’yen ke’ sin	ts‘éh ’yen ke’ sin	惻隱个心		128		true	自旧档汇入	2026-04-13T01:27:08+08:00
commisération	sf.		同情, 怜悯, 体恤	’k‘o lié gnen sin		可憐人心		128		true	自旧档汇入	2026-04-13T01:27:08+08:00
commissaire	sm.	impérial ---	特派员，专员	k‘ien ts‘a		欽差		128		true	自旧档汇入	2026-04-13T01:27:08+08:00
commissaire	sm.	… délégue	特派员，专员	’wei yeu		委員		128		true	自旧档汇入	2026-04-13T01:27:08+08:00
commissaire	sm.	… de police de district	特派员，专员	’pao kèh ’tong ze’		保甲董事		128		true	自旧档汇入	2026-04-13T01:27:08+08:00
commissaire	sm.	… de quartier	特派员，专员	hiang ’pao		鄉保		128		true	自旧档汇入	2026-04-13T01:27:08+08:00
commissaire	sm.		特派员，专员	di’ ’pao		地保		128		true	自旧档汇入	2026-04-13T01:27:08+08:00
commission	sf.	officiel	授权, 委托;所授之权, 委托之事, 代理事项	ts‘a ’se		差使		128		true	自旧档汇入	2026-04-13T01:27:08+08:00
commission	sf.	donner --- de	授权, 委托;所授之权, 委托之事, 代理事项	t‘oh fou’		托付		128		true	自旧档汇入	2026-04-13T01:27:08+08:00
commission	sf.	recevoir une --- officielle.	授权, 委托;所授之权, 委托之事, 代理事项	’ling bing kiu’		領憑據		128		true	自旧档汇入	2026-04-13T01:27:08+08:00
commission	sm.	commerce: faire la -- 	授权, 委托;所授之权, 委托之事, 代理事项	dai ma’	dai’ ma’	代賣		128		true	自旧档汇入	2026-04-13T01:27:08+08:00
commission	sm.		授权, 委托;所授之权, 委托之事, 代理事项	t‘i ma’	t‘i’ ma’	替賣		128		true	自旧档汇入	2026-04-13T01:27:08+08:00
commission	sm.	donner en ---	授权, 委托;所授之权, 委托之事, 代理事项	t‘oh ma’		托賣		128		true	自旧档汇入	2026-04-13T01:27:08+08:00
commissionnaire	sm.		代理人, 代理商, 经纪人, 掮客, 中介人	’ma bè’ ke’		買辦个		128		true	自旧档汇入	2026-04-13T01:27:08+08:00
commissionnaire	sm.		代理人, 代理商, 经纪人, 掮客, 中介人	tsong gnen		中人		128		true	自旧档汇入	2026-04-13T01:27:08+08:00
commode	adj.		方便的	faong bié’		方便		128		true	自旧档汇入	2026-04-13T01:27:08+08:00
commode	adj.		方便的	bié’ taong’		便當		128		true	自旧档汇入	2026-04-13T01:27:08+08:00
commode	adj.	… à la main	方便的	zen’ ’seû		順手		128		true	自旧档汇入	2026-04-13T01:27:08+08:00
commode	sf.		方便的	ts‘eû ’t‘i ghiu’(zu)		抽屉櫃（厨）		128	原作“抽㔸櫃（厨）”	true	自旧档汇入	2026-04-13T01:27:08+08:00
commodité	sf.	avoir de la ---	方便， 便利	teh ’seû		得手		128		true	自旧档汇入	2026-04-13T01:27:08+08:00
commodité	sf.		方便， 便利	teh kieng’		得勁		128		true	自旧档汇入	2026-04-13T01:27:08+08:00
commotion	sf.		震动, 震荡	kieng dong’		驚動		128		true	自旧档汇入	2026-04-13T01:27:08+08:00
commotion	sf.		震动, 震荡	véh bing zing’		勿平静		128		true	自旧档汇入	2026-04-13T01:27:08+08:00
commuer	va.		减轻（刑罚	wé’		换		128		true	自旧档汇入	2026-04-13T01:27:08+08:00
commuer	va.		减轻（刑罚	’kè k‘ieng		减輕		128		true	自旧档汇入	2026-04-13T01:27:08+08:00
commun	adj.		共同的, 共有的	kong ke’		公个		128		true	自旧档汇入	2026-04-13T01:27:08+08:00
commun	adj.	ordinaire	共同的, 共有的	bing zang ke’		平常个		128		true	自旧档汇入	2026-04-13T01:27:08+08:00
commun	adj.	vulgaire	共同的, 共有的	zôh k‘i’		俗氣		128		true	自旧档汇入	2026-04-13T01:27:08+08:00
commun	sm.	il suit le ---	共同的, 共有的	i tsao’ da’ kai’		伊照大概		128		true	自旧档汇入	2026-04-13T01:27:08+08:00
commun	sm.	homme du ---	共同的, 共有的	bah ting		白丁		128		true	自旧档汇入	2026-04-13T01:27:08+08:00
commun	sm.		共同的, 共有的	bah i gnen		白衣人		128		true	自旧档汇入	2026-04-13T01:27:08+08:00
commun	sm.		共同的, 共有的	bing zang gnen		平常人		128		true	自旧档汇入	2026-04-13T01:27:08+08:00
commun	sm.	en ---	共同的, 共有的	kong dong		公同		128		true	自旧档汇入	2026-04-13T01:27:08+08:00
commun	sm.	les élèves nourrissent le maître en ---	共同的, 共有的	hoh sang’ ’tse kong sié sang ke’ vè’	hoh sang ’tse kong sié sang ke’ vè’	學生子供先生个飯		128	待定	true	自旧档汇入	2026-04-13T01:27:08+08:00
commun	sm.	ceci est du ---	共同的, 共有的	di’ ke’ ze’ kong’ tsang’ ke’	di’ ke’ ze’ kong tsang’ ke’	第个是公賬个		128		true	自旧档汇入	2026-04-13T01:27:08+08:00
commun	sm.	mettre en --- joies et peines.	共同的, 共有的	’yeû foh dong zeû(hiang)	 ’yeû foh dong ’zeû(hiang’)	有福同受（享）		128		true	自旧档汇入	2026-04-13T01:27:08+08:00
commun	sm.		共同的, 共有的	’yeû wou(k‘ou)dong taong	’yeû wou’(’k‘ou)dong taong	有禍（苦）同當		128		true	自旧档汇入	2026-04-13T01:27:08+08:00
communauté	sf.	religieuse	修会， 修院	sieû yeu’		修院		128		true	自旧档汇入	2026-04-13T01:27:08+08:00
communément	adv.		一般地， 通常地	bing zang		平常		129		true	自旧档汇入	2026-04-13T01:27:08+08:00
communément	adv.		一般地， 通常地	bing sou’		平素		129		true	自旧档汇入	2026-04-13T01:27:08+08:00
communiant	sm.		领圣体者	’ling seng’ ’t‘i ke’		領聖體个		129		true	自旧档汇入	2026-04-13T01:27:08+08:00
communicatif	adj.	trop	有感染力的	’tse t‘ai’ k‘oa’		嘴太快		129		true	自旧档汇入	2026-04-13T01:27:08+08:00
communicatif	adj.		有感染力的	k‘oa’ ’tse’	k‘oa’ ’tse	快嘴		129	印刷錯誤	true	自旧档汇入	2026-04-13T01:27:08+08:00
communications	sf.pl.		联系，联络	lai ’waong		來往		129		true	自旧档汇入	2026-04-13T01:27:08+08:00
communications	sf.pl.	…. Clandestines	联系，联络	se t‘ong		私通		129		true	自旧档汇入	2026-04-13T01:27:08+08:00
communion	sf.	des saints	领圣体, 圣餐	tsu seng’ siang’ t‘ong kong	tsu seng’ siang t‘ong kong	諸聖相通功		129	待定	true	自旧档汇入	2026-04-13T01:27:08+08:00
communion	sf.	faire la ---	领圣体, 圣餐	’ling seng’ ’t‘i 		領聖體		129		true	自旧档汇入	2026-04-13T01:27:08+08:00
communion	sf.	faire sa 1ère ---	领圣体, 圣餐	ts‘ou ’ling seng’ ’t‘i		初領聖體		129		true	自旧档汇入	2026-04-13T01:27:08+08:00
communion	sf.	… fervente	领圣体, 圣餐	zé’ ’ling seng’ ’t‘i		善領聖體		129		true	自旧档汇入	2026-04-13T01:27:08+08:00
communion	sf.	… sacrilège	领圣体, 圣餐	mao’ ’ling seng’ ’t‘i		冒領聖體		129		true	自旧档汇入	2026-04-13T01:27:08+08:00
communion	sf.	distributer la --	领圣体, 圣餐	song’ seng’ ’t‘i		送聖體		129		true	自旧档汇入	2026-04-13T01:27:08+08:00
communion	sf.	… en viatique	领圣体, 圣餐	lin tsong seng’ t‘i		臨終聖體		129		true	自旧档汇入	2026-04-13T01:27:08+08:00
communion	sf.	… spitituelle	领圣体, 圣餐	zen seng’ ’t‘i		神聖體		129		true	自旧档汇入	2026-04-13T01:27:08+08:00
communiquer	va.	informer	传达， 通知	péh		撥		129		true	自旧档汇入	2026-04-13T01:27:08+08:00
communiquer	va.		传达， 通知	kao dai’		交代		129		true	自旧档汇入	2026-04-13T01:27:08+08:00
communiquer	va.		传达， 通知	kao’ sou’		告訴		129		true	自旧档汇入	2026-04-13T01:27:08+08:00
communiquer	va.	transmettre	传达， 通知	ki’		寄		129		true	自旧档汇入	2026-04-13T01:27:08+08:00
communiquer	va.		传达， 通知	zé   		傳		129		true	自旧档汇入	2026-04-13T01:27:08+08:00
communiquer	va.	… une nouvelle	传达， 通知	zé sin wen’		傳新聞		129		true	自旧档汇入	2026-04-13T01:27:08+08:00
communiquer	va.		传达， 通知	péh sang sin		撥聲信		129		true	自旧档汇入	2026-04-13T01:27:08+08:00
communiquer	va.	être en relation	传达， 通知	t‘ong		通		129		true	自旧档汇入	2026-04-13T01:27:08+08:00
communiquer	va.		传达， 通知	lai ’waong		往來	來往	129	按照罗马字改正	true	自旧档汇入	2026-04-13T01:27:08+08:00
communiquer	va.		传达， 通知	siang t‘ong		相通		129		true	自旧档汇入	2026-04-13T01:27:08+08:00
communiquer	va.	aboutir	传达， 通知	t‘ong		通		129		true	自旧档汇入	2026-04-13T01:27:08+08:00
communiquer	vr.	se --- (maladie)	传达， 通知	kou’ gnen bing’		過人病		129		true	自旧档汇入	2026-04-13T01:27:08+08:00
compact	adj.		紧密的, 密集的, 结实的	zeû mih		稠密		129		true	自旧档汇入	2026-04-13T01:27:08+08:00
compact	adj.		紧密的, 密集的, 结实的	’mang mih		[糹孟]密	稝密	129		true	自旧档汇入	2026-04-13T01:27:08+08:00
compact	adj.	foule ---	紧密的, 密集的, 结实的	yong yong ’tsi ’tsi	’yong ’yong ’tsi ’tsi	擁擁擠擠		129		true	自旧档汇入	2026-04-13T01:27:08+08:00
compagne	sf.	épouse	妻子，伴侣	dong bé’		同伴		129		true	自旧档汇入	2026-04-13T01:27:08+08:00
compagne	sf.		妻子，伴侣	nei’ zen		内人		129		true	自旧档汇入	2026-04-13T01:27:08+08:00
compagne	sf.		妻子，伴侣	’gnu gnen		女人		129		true	自旧档汇入	2026-04-13T01:27:08+08:00
compagne	sf.		妻子，伴侣	gnang ’tse		娘子		129		true	自旧档汇入	2026-04-13T01:27:08+08:00
compagnie	sf.	société	结伴, 做伴, 陪同	wei’		會		129		true	自旧档汇入	2026-04-13T01:27:08+08:00
compagnie	sf.	président d'une ---	结伴, 做伴, 陪同	wei’ ’seû		會首		129		true	自旧档汇入	2026-04-13T01:27:08+08:00
compagnie	sf.	tenir --- à qqn.	结伴, 做伴, 陪同	bei’	bei	陪		129		true	自旧档汇入	2026-04-13T01:27:08+08:00
compagnie	sf.		结伴, 做伴, 陪同	bei’ bé’	bei bé’	陪伴		129		true	自旧档汇入	2026-04-13T01:27:08+08:00
compagnie	sf.	de ---	结伴, 做伴, 陪同	ih dong		一同		129		true	自旧档汇入	2026-04-13T01:27:08+08:00
compagnie	sf.		结伴, 做伴, 陪同	ih dao		一淘		129		true	自旧档汇入	2026-04-13T01:27:08+08:00
compagnie	sf.		结伴, 做伴, 陪同	ih zi		一齊		129		true	自旧档汇入	2026-04-13T01:27:08+08:00
compagnie	sf.	toute la ---	结伴, 做伴, 陪同	zi wei’		齊會		129		true	自旧档汇入	2026-04-13T01:27:08+08:00
compagnie	sf.	… militaire	结伴, 做伴, 陪同	ih dei’ ping ting		一隊兵丁		129		true	自旧档汇入	2026-04-13T01:27:08+08:00
compagnon	sm.	associé	同伴, 伙伴	dong bé’		同伴		129		true	自旧档汇入	2026-04-13T01:27:08+08:00
compagnon	sm.		同伴, 伙伴	’fou ki’		夥計		129		true	自旧档汇入	2026-04-13T01:27:08+08:00
compagnon	sm.	servir de --- à qqn	同伴, 伙伴	’tang bé’ ’tseû lou’		打伴走路		129		true	自旧档汇入	2026-04-13T01:27:08+08:00
compagnon	sm.	… d'études	同伴, 伙伴	dong ts‘aong ke’		同窗个		129		true	自旧档汇入	2026-04-13T01:27:08+08:00
compagnon	sm.		同伴, 伙伴	ts‘aong ’yeû’	ts‘aong ’yeû	窗友		129		true	自旧档汇入	2026-04-13T01:27:08+08:00
compagnon	sm.		同伴, 伙伴	dong hoh ke’		同學个		129		true	自旧档汇入	2026-04-13T01:27:08+08:00
comparable	adj.		可比较的	’pi teh zaong’		比得上		129		true	自旧档汇入	2026-04-13T01:27:08+08:00
comparaison	sf.		比较, 对照	’pi faong		比方		129		true	自旧档汇入	2026-04-13T01:27:08+08:00
comparaison	sf.		比较, 对照	p‘i’ zu		譬如		129		true	自旧档汇入	2026-04-13T01:27:08+08:00
comparaison	loc. Prép.	en --- de	比较, 对照	’pi		比		129		true	自旧档汇入	2026-04-13T01:27:08+08:00
comparaison	loc. Prép.		比较, 对照	’baong		傍		129	待定	true	自旧档汇入	2026-04-13T01:27:08+08:00
comparaître	vn.		到庭， 到案	zaong’ daong		上堂		129		true	自旧档汇入	2026-04-13T01:27:08+08:00
comparaître	vn.	tribunal	到庭， 到案	kou’ daong		過堂		129		true	自旧档汇入	2026-04-13T01:27:08+08:00
comparer	va.		比较	’pi		比		129		true	自旧档汇入	2026-04-13T01:27:08+08:00
comparer	va.		比较	’pi ih ’pi		比一比		129		true	自旧档汇入	2026-04-13T01:27:08+08:00
comparer	va.		比较	’baong ’baong k‘eu’		傍傍看		129		true	自旧档汇入	2026-04-13T01:27:08+08:00
compartiment	sm.		分隔的单间	kah ’tse		隔子		129		true	自旧档汇入	2026-04-13T01:27:08+08:00
compas	sm.	d'arpenteur	圆规, 两脚规	ki ts‘ouo		机叉		130		true	自旧档汇入	2026-04-13T01:27:08+08:00
compas	sm.		圆规, 两脚规	kong		弓		130		true	自旧档汇入	2026-04-13T01:27:08+08:00
compas	sm.		圆规, 两脚规	bou’ kong		步弓		130		true	自旧档汇入	2026-04-13T01:27:08+08:00
compas	sm.	… des devins	圆规, 两脚规	lou kieng’		羅鏡		130		true	自旧档汇入	2026-04-13T01:27:08+08:00
compas	sm.		圆规, 两脚规	tsen bé		針盤		130		true	自旧档汇入	2026-04-13T01:27:08+08:00
compassé	adj.	guindé	刻板的，拘泥的，不自然的	véh ze’ zé		勿自然		130		true	自旧档汇入	2026-04-13T01:27:08+08:00
compassé	adj.		刻板的，拘泥的，不自然的	tsaong k‘iang		裝腔		130		true	自旧档汇入	2026-04-13T01:27:08+08:00
compassion	sf.		同情， 怜悯	ts‘éh ’yen tse sin		惻隱之心		130		true	自旧档汇入	2026-04-13T01:27:08+08:00
compassion	sf.		同情， 怜悯	’k‘o lié gnen sin zang’	’k‘o lié gnen sin zang	可憐人心腸		130		true	自旧档汇入	2026-04-13T01:27:08+08:00
compassion	sf.	… de la Sainte Vierge	同情， 怜悯	seng’ ’mou t‘ong’ ’k‘ou		聖母痛苦		130		true	自旧档汇入	2026-04-13T01:27:08+08:00
compassion	sf.	digne de ---	同情， 怜悯	tsen ’k‘o lié ke’ gnen		真可憐个人		130		true	自旧档汇入	2026-04-13T01:27:08+08:00
compatir	vn.		同情，怜悯 	’k‘o lié   		可憐		130		true	自旧档汇入	2026-04-13T01:27:08+08:00
compatir	vn.		同情，怜悯 	ai kieng		哀衿		130		true	自旧档汇入	2026-04-13T01:27:08+08:00
compatir	vn.		同情，怜悯 	tè yeû		擔憂		130		true	自旧档汇入	2026-04-13T01:27:08+08:00
compatir	vn.		同情，怜悯 	lié  ’min		憐憫		130		true	自旧档汇入	2026-04-13T01:27:08+08:00
compatriote	sm.		同胞, 同乡, 同国人	dong  kôh ke’ gnen		同國个人		130		true	自旧档汇入	2026-04-13T01:27:08+08:00
compatriote	sm.	de même ville.	同胞, 同乡, 同国人	dong zeng ke’ gnen		同城个人		130		true	自旧档汇入	2026-04-13T01:27:08+08:00
compatriote	sm.	de même village	同胞, 同乡, 同国人	dong hiang ke’ gnen		同鄉个人		130		true	自旧档汇入	2026-04-13T01:27:08+08:00
compensation	sf.	occulte	补偿, 赔偿	se ’hao deû ze’ ka bei ’pou		私下頭自家賠補		130		true	自旧档汇入	2026-04-13T01:27:08+08:00
compenser	va.		补偿， 赔偿	’pou ih ’pou		補一補		130		true	自旧档汇入	2026-04-13T01:27:08+08:00
compenser	va.	… un dommage	补偿， 赔偿	bei biéh gnen ka		赔别人家		130		true	自旧档汇入	2026-04-13T01:27:08+08:00
compenser	va.		补偿， 赔偿	’pou wè biéh gnen		補還别人		130		true	自旧档汇入	2026-04-13T01:27:08+08:00
compétence	sf.	être de sa	 能力, 胜任, 称职	ming ven’		名分		130		true	自旧档汇入	2026-04-13T01:27:08+08:00
compétence	sf.		 能力, 胜任, 称职	ven’ nei’		分内		130		true	自旧档汇入	2026-04-13T01:27:08+08:00
compétence	sf.		 能力, 胜任, 称职	zôh i ’koé ke’		屬伊管个		130		true	自旧档汇入	2026-04-13T01:27:08+08:00
compétent	adj.	magistrat	有权力的, 有权能的, 管辖的, 主管的	di’ faong koé		地方官		130		true	自旧档汇入	2026-04-13T01:27:08+08:00
compétent	adj.		有权力的, 有权能的, 管辖的, 主管的	’pen koé		本官		130		true	自旧档汇入	2026-04-13T01:27:08+08:00
compétent	adj.	versé dans …	有权力的, 有权能的, 管辖的, 主管的	tsing t‘ong(ming)		精通（明）		130		true	自旧档汇入	2026-04-13T01:27:08+08:00
compétent	adj.		有权力的, 有权能的, 管辖的, 主管的	zé’ yu		善於		130		true	自旧档汇入	2026-04-13T01:27:08+08:00
compétiteur	sm.		竞争者； 竞赛者	’ts‘iang lai yao’		搶來要		130		true	自旧档汇入	2026-04-13T01:27:08+08:00
compétiteur	sm.		竞争者； 竞赛者	tei’ deû		對頭		130		true	自旧档汇入	2026-04-13T01:27:08+08:00
compiler	va.	un ouvrage	编纂，缉录	ts‘eû’ zeng ih bou’ su		凑成一部書		130		true	自旧档汇入	2026-04-13T01:27:08+08:00
complainte	sf.		悲歌，以悲剧性事件或传奇为题材的民歌 	’k‘ou k‘iôh		苦曲		130		true	自旧档汇入	2026-04-13T01:27:08+08:00
complaire	vn.	à l'humeur de qqn	讨好， 奉承	yang’ yang’ zieû’ i		樣樣就伊		130		true	自旧档汇入	2026-04-13T01:27:08+08:00
complaire	vn.		讨好， 奉承	zing gnang’		情讓		130		true	自旧档汇入	2026-04-13T01:27:08+08:00
complaire	vn.		讨好， 奉承	’hi foé		喜歡		130		true	自旧档汇入	2026-04-13T01:27:08+08:00
complaisance	sf.	avec ---	好意, 客气	wou k‘i’		和氣		130		true	自旧档汇入	2026-04-13T01:27:08+08:00
complaisance	sf.		好意, 客气	ké sin loh i’ ke’		甘心樂意个		130		true	自旧档汇入	2026-04-13T01:27:08+08:00
complaisant	adj.		好意的, 乐于帮助的, 殷勤的	wou k‘i’		和氣		130		true	自旧档汇入	2026-04-13T01:27:08+08:00
complaisant	adj.		好意的, 乐于帮助的, 殷勤的	wen wou		温和		130		true	自旧档汇入	2026-04-13T01:27:08+08:00
complémentaire	adj.		补充的, 充足的	t‘ié(’pou) ke’		添（補）个		130		true	自旧档汇入	2026-04-13T01:27:08+08:00
complémentaire	adj.	somme d'argent ---	补充的, 充足的	’pou zié		補錢		130		true	自旧档汇入	2026-04-13T01:27:08+08:00
complémentaire	adj.		补充的, 充足的	’tsao deû		找頭		130		true	自旧档汇入	2026-04-13T01:27:08+08:00
complet	adj.	au ---	 完全的， 完整的； 全部的	wé zié		完全		130		true	自旧档汇入	2026-04-13T01:27:08+08:00
complet	adj.		 完全的， 完整的； 全部的	yeû ’mé		圓滿		130		true	自旧档汇入	2026-04-13T01:27:08+08:00
complet	adj.		 完全的， 完整的； 全部的	yang’ yang’ ghiu zié	yang’ yang’ ghiu’ zié	樣樣俱全		130		true	自旧档汇入	2026-04-13T01:27:08+08:00
complètement	adv.		完全地	wé zié		完全		130		true	自旧档汇入	2026-04-13T01:27:08+08:00
compléter	va.		补足， 补全	’pou tsôh		補足		130		true	自旧档汇入	2026-04-13T01:27:08+08:00
compléter	va.		补足， 补全	ts‘eû’ zeng  		凑成 		130		true	自旧档汇入	2026-04-13T01:27:08+08:00
compléter	va.		补足， 补全	t‘ié tsôh 		添足		130		true	自旧档汇入	2026-04-13T01:27:08+08:00
compléter	va.	achever: --- l'explication	补足， 补全	’kaong wé zié’ ’tsé		講完全者		130		true	自旧档汇入	2026-04-13T01:27:08+08:00
complexe	adj.		复杂的;复合的	ts‘ih zé pèh o ts‘ouo		七纏八丫叉	七纏八桠杈	130		true	自旧档汇入	2026-04-13T01:27:08+08:00
complexion	sf.		气质， 性格	’t‘i k‘i’		體氣		130		true	自旧档汇入	2026-04-13T01:27:08+08:00
complexion	sf.		气质， 性格	’t‘i tséh		體質		130		true	自旧档汇入	2026-04-13T01:27:08+08:00
complexion	sf.		气质， 性格	’pen tséh		本質		130		true	自旧档汇入	2026-04-13T01:27:08+08:00
complication	sf.		复杂, 错综复杂	vè zéh ke’ ze’ ’t‘i		繁雜个事體		130		true	自旧档汇入	2026-04-13T01:27:08+08:00
complication	sf.		复杂, 错综复杂	ze’ ’t‘i sang o tse		事體生椏枝		130		true	自旧档汇入	2026-04-13T01:27:08+08:00
complice	adj.		共谋	dong zu’ ke’ gnen		同罪个人		130		true	自旧档汇入	2026-04-13T01:27:08+08:00
complice	adj.		共谋	dong vè ke’ gnen		同犯个人		130		true	自旧档汇入	2026-04-13T01:27:08+08:00
Compliment	sm	(Paroles de).	恭维的话，问候，恭喜	kien yé.		金言		131		true	自旧档汇入	2026-04-13T01:27:08+08:00
Compliment	sm	(Paroles de).	恭维的话，问候，恭喜	tsoh zong’.	tsôh zong’.	祝頌		131		true	自旧档汇入	2026-04-13T01:27:08+08:00
Compliment	sm	(Paroles de).	恭维的话，问候，恭喜	kong ’hi.		恭喜		131		true	自旧档汇入	2026-04-13T01:27:08+08:00
Compliment	sm	 - de pure civilité.	客套话，客气话	k‘ah t‘ao’ wo’.		客套話		131		true	自旧档汇入	2026-04-13T01:27:08+08:00
Compliment	sm	 - de pure civilité.	客套话，客气话	k‘ah k‘i’ wo’.		客氣話		131		true	自旧档汇入	2026-04-13T01:27:08+08:00
Complimenter	va		庆贺	k‘ieng’ wou’.		慶賀		131		true	自旧档汇入	2026-04-13T01:27:08+08:00
Complimenteur	va		过于奉承	kou’ yu wong’ zeng.		過於奉承		131		true	自旧档汇入	2026-04-13T01:27:08+08:00
Compliqué	pp		繁杂的	vè zéh ke’.		繁雜个		131		true	自旧档汇入	2026-04-13T01:27:08+08:00
Complot	sm	(Former un).	结党，谋害	kiéh ’taong.		結黨		131		true	自旧档汇入	2026-04-13T01:27:08+08:00
Complot	sm	(Former un).	结党，谋害	meû hai’.		謀害		131		true	自旧档汇入	2026-04-13T01:27:08+08:00
Comploter	va	une révolte.	谋反	meû ’fè.		謀反		131		true	自旧档汇入	2026-04-13T01:27:08+08:00
Componction	sf		痛悔	t‘ong’ ’hoei.	t‘ong’ ’h‘oei.	痛悔		131		true	自旧档汇入	2026-04-13T01:27:08+08:00
Componction	sf	Pénétré de -.	懊悔，动心	’ao ’hoei.	ao’ ’h‘oei.	懊悔		131		true	自旧档汇入	2026-04-13T01:27:08+08:00
Componction	sf	Pénétré de -.	懊悔，动心	’dong sin.		動心		131		true	自旧档汇入	2026-04-13T01:27:08+08:00
Comporter	vr	en honnête homme. (Se).	尽善人的心，行为正经，做正经人	zin’ zé’ gnen ke’ sin.		盡善人个心		131		true	自旧档汇入	2026-04-13T01:27:08+08:00
Comporter	vr	en honnête homme. (Se).	尽善人的心，行为正经，做正经人	hang wei tseng’ kieng.		行為正經		131		true	自旧档汇入	2026-04-13T01:27:08+08:00
Comporter	vr	en honnête homme. (Se).	尽善人的心，行为正经，做正经人	tsou’ tseng’ kieng gnen.		做正經人		131		true	自旧档汇入	2026-04-13T01:27:08+08:00
Composer	va	un livre.	做书，写书	tsou’ su.		做書		131		true	自旧档汇入	2026-04-13T01:27:08+08:00
Composer	va	un livre.	做书，写书	’sia su.		寫書		131		true	自旧档汇入	2026-04-13T01:27:08+08:00
Composer	vn	Concourir pour.	争长	tseng tsang.	tseng ’tsang.	争長		131		true	自旧档汇入	2026-04-13T01:27:08+08:00
Composer	vn	S'arranger à l'amiable	讲和，说和，话和	’kaong wou.		講和		131		true	自旧档汇入	2026-04-13T01:27:08+08:00
Composer	vn	S'arranger à l'amiable	讲和，说和，话和	seh wou.		説和		131		true	自旧档汇入	2026-04-13T01:27:08+08:00
Composer	vn	S'arranger à l'amiable	讲和，说和，话和	wo’ wou.		話和		131		true	自旧档汇入	2026-04-13T01:27:08+08:00
Composer	vr	Se -. Prendre un maintien grave. 	郑重，厚重	zeng ’zong.	zeng’ ’zong.	鄭重		131		true	自旧档汇入	2026-04-13T01:27:08+08:00
Composer	vr	Se -. Prendre un maintien grave. 	郑重，厚重	heû ’zong	’heû ’zong	厚重		131		true	自旧档汇入	2026-04-13T01:27:08+08:00
Composer	vr	Il faut se -.	身体要端正	sen ’t‘i yao’ teu tseng’.		身體要端正		131		true	自旧档汇入	2026-04-13T01:27:08+08:00
Composer	vr	Se -. Se contrefaire.	装模作样，假装腔	tsaong moh tsou’ yang’.		裝模做樣		131		true	自旧档汇入	2026-04-13T01:27:08+08:00
Composer	vr	Se -. Se contrefaire.	装模作样，假装腔	’ka tsaong k‘iang.		假裝腔		131		true	自旧档汇入	2026-04-13T01:27:08+08:00
Composition	sf	littéraire. 	文章，（一篇）策论	wen tsang.		文章		131		true	自旧档汇入	2026-04-13T01:27:08+08:00
Composition	sf	littéraire. 	文章，（一篇）策论	ts‘ah len’ [ih pié].	ts‘ah len’ [ih p‘ié].	策論[一篇]		131		true	自旧档汇入	2026-04-13T01:27:08+08:00
Composition	sf	littéraire. Donner le thème de -.	出题	ts‘éh di moh.		出題目		131		true	自旧档汇入	2026-04-13T01:27:08+08:00
Compote	sf		糖煮水果	daong ’kou.		糖果		131		true	自旧档汇入	2026-04-13T01:27:08+08:00
Comprador.	sm		买办	taong’ ’seû ke’.		當手个		131		true	自旧档汇入	2026-04-13T01:27:08+08:00
Comprador.	sm		买办	’ma bè’ ke’.		買辦个		131		true	自旧档汇入	2026-04-13T01:27:08+08:00
Comprador.	sm	Comptable.	管账的人	’koé tsang’ ke’.		管賬个		131		true	自旧档汇入	2026-04-13T01:27:08+08:00
Compréhensible	adj		可以懂得的，好懂的	’k‘o ’i ’tong teh ke’.		可以懂得个		131		true	自旧档汇入	2026-04-13T01:27:08+08:00
Compréhensible	adj		可以懂得的，好懂的	’h‘ao ’tong ke’.		好懂个		131		true	自旧档汇入	2026-04-13T01:27:08+08:00
Comprendre	va	Contenir.	包含，包括	pao hé.		包含		131		true	自旧档汇入	2026-04-13T01:27:08+08:00
Comprendre	va	Contenir.	包含，包括	pao koèh.		包括		131		true	自旧档汇入	2026-04-13T01:27:08+08:00
Comprendre	va	Concevoir.	懂得	’tong teh.		懂得		131		true	自旧档汇入	2026-04-13T01:27:08+08:00
Compresse	sf	(Poser une).	敷布	ih zeng ih zeng pou’ gnao’ ’la laong’.		一層一層布裊拉上	一層一層布繞拉上	131		true	自旧档汇入	2026-04-13T01:27:08+08:00
Comprimer	va. Fig.		压住，压倒	k‘èh zu’.		壓住	？	131		true	自旧档汇入	2026-04-13T01:27:08+08:00
Comprimer	va. Fig.		压住，压倒	k‘èh ’tao.		壓倒	？	131		true	自旧档汇入	2026-04-13T01:27:08+08:00
Comprimer	va. Fig.		压伏	èh woh.		壓伏		131		true	自旧档汇入	2026-04-13T01:27:08+08:00
Comprimer	vr	(Se).	缩小	soh ’siao.		縮小		131		true	自旧档汇入	2026-04-13T01:27:08+08:00
Compris	adj	(Tout).	一切包括在内	ih tèh koèh tse.		一搭括之		131		true	自旧档汇入	2026-04-13T01:27:08+08:00
Compris	adj	(Tout).	一切包括在内	ih zi zai’ nei’.		一齊在内		131		true	自旧档汇入	2026-04-13T01:27:08+08:00
Compromettant	adj		会连累人的，受累的	tèh lei’ ke’.		搭累个		131	待定 另有“搨累”	true	自旧档汇入	2026-04-13T01:27:08+08:00
Compromettant	adj		会连累人的，受累的	ta’ lei’ ke’ ze’.		帶累个事		131		true	自旧档汇入	2026-04-13T01:27:08+08:00
Compromettant	adj		会连累人的，受累的	zeû’ lei’ ke’.		受累个		131		true	自旧档汇入	2026-04-13T01:27:08+08:00
Compromettre	va	qqn.	连累，带累	lié lei’.		連累		131		true	自旧档汇入	2026-04-13T01:27:08+08:00
Compromettre	va	qqn.	连累，带累	ta’ lei’.		帶累		131		true	自旧档汇入	2026-04-13T01:27:08+08:00
Compromettre	va	qqn.	连累，带累	i lei’.		貽累		131		true	自旧档汇入	2026-04-13T01:27:08+08:00
Compromettre	va	 - la santé.	损害健康	saong lih.		傷力		131		true	自旧档汇入	2026-04-13T01:27:08+08:00
Compromettre	va	 - la santé.	损害健康	souo lih.	’souo lih.	捨力		131		true	自旧档汇入	2026-04-13T01:27:08+08:00
Compromettre	vr	(Se).	招惹是非，失身	tsao ’za ze fi.	tsao ’za ze’ fi.	招惹是非		131		true	自旧档汇入	2026-04-13T01:27:08+08:00
Compromettre	vr	(Se).	招惹是非，失身	seh sen ven’.	séh sen ven’.	失身分		131	待定	true	自旧档汇入	2026-04-13T01:27:08+08:00
Compromis	sm		妥协	’liang ts‘eû’ ’tié.		兩凑點		132		true	自旧档汇入	2026-04-13T01:27:08+08:00
Compromis	sm	Faire un -.	妥协	lih héh dong bing.		立合同憑		132		true	自旧档汇入	2026-04-13T01:27:08+08:00
Compromis	adj	Être -.	带累的	ta’ lei’ ke’.		帶累个		132		true	自旧档汇入	2026-04-13T01:27:08+08:00
Compromis	adj	Être -.	受累的	’zeû lei’(lié’) ke’.		受累（連）个		132		true	自旧档汇入	2026-04-13T01:27:08+08:00
Comptable	sm		管账的人	’koé tsang’.		管賬		132		true	自旧档汇入	2026-04-13T01:27:08+08:00
Comptant	sm	(Acheterau)	现款的	yong’ yé’ dong dié ’ma.		用現銅錢買		132		true	自旧档汇入	2026-04-13T01:27:08+08:00
Compte	sm		（一笔）账	tsang’ [ih pieh].		賬[一筆]		132		true	自旧档汇入	2026-04-13T01:27:08+08:00
Compte	sm	 - courant.	流水账	lieû ’se tsang’.		流水賬		132		true	自旧档汇入	2026-04-13T01:27:08+08:00
Compte	sm	Dresser un -.	算账	seu’ tsang’.		算賬		132		true	自旧档汇入	2026-04-13T01:27:08+08:00
Compte	sm	Porter en -.	入账	zaong’ (zéh) tsang’.		上（入）賬		132		true	自旧档汇入	2026-04-13T01:27:08+08:00
Compte	sm	D'après son -.	照他的账算	tsao’ i tsang’ seu’.		照伊賬算		132		true	自旧档汇入	2026-04-13T01:27:08+08:00
Compte	sm	Demander -. 	问，审问	men’.		問		132		true	自旧档汇入	2026-04-13T01:27:08+08:00
Compte	sm	Demander -. 	问，审问	’sen men’.		審問		132		true	自旧档汇入	2026-04-13T01:27:08+08:00
Compte	sm	Rendre -.	告诉	kao’ sou’.		告訴		132		true	自旧档汇入	2026-04-13T01:27:08+08:00
Compte	sm	Il ne tient aucun - de mes paroles.	我说的话他充耳不闻	’ngou ke’ seh wo’ i taong eul pié fong.	’ngou ke’ seh wo’ i taong’ ’eul pié fong.	我个説話伊當耳邊風		132		true	自旧档汇入	2026-04-13T01:27:08+08:00
Compte	sm	Mettre sur le - d'autrui.	推到别人身上，累及别人	’pa (t‘ei) ’la biéh gnen sen laong’.		擺（推）拉别人身上		132		true	自旧档汇入	2026-04-13T01:27:08+08:00
Compte	sm	Mettre sur le - d'autrui.	推到别人身上，累及别人	lei’ ghieh biéh gnen.	lei’ ghiéh biéh gnen.	累及别人		132	待定	true	自旧档汇入	2026-04-13T01:27:08+08:00
Compte	sm	Au bout du -.	到底，究竟	méh méh kiah.		末末脚		132		true	自旧档汇入	2026-04-13T01:27:08+08:00
Compte	sm	Au bout du -.	到底，究竟	tao’ ’ti.		到底		132		true	自旧档汇入	2026-04-13T01:27:08+08:00
Compte	sm	Au bout du -.	到底，究竟	kieû’ kieng’.		究竟		132		true	自旧档汇入	2026-04-13T01:27:08+08:00
Compte	sm	Tout - fait.	算起来	t‘ong ts‘a seu’.		通差算		132		true	自旧档汇入	2026-04-13T01:27:08+08:00
Compte	sm	Tout - fait.	算起来	ping’ ’long lai.		[扌並]攏來	併攏來	132	待定	true	自旧档汇入	2026-04-13T01:27:08+08:00
Compte	sm	Tout - fait.	算起来	seu’ ’k‘i lai.		算起來		132		true	自旧档汇入	2026-04-13T01:27:08+08:00
Compte	sm	Ceci est en dehors de -.	这个是额外的	di’ ke’ ze’ ngeh wai’ ke’.		第个是額外个		132		true	自旧档汇入	2026-04-13T01:27:08+08:00
Compte	sm	Je m'en vais lui régler son - (son affaire).	我要和他大闹一场。	’ngou dong i yao’ dou’ nao’ ih nao’ ’tsé.		我同伊要大鬧一鬧者		132		true	自旧档汇入	2026-04-13T01:27:08+08:00
Compter	va		数，数数	sou’.		數		132		true	自旧档汇入	2026-04-13T01:27:08+08:00
Compter	va		数，数数	sou’ sou’.		數數		132		true	自旧档汇入	2026-04-13T01:27:08+08:00
Compter	va	Calculer.	算，算算	seu’.		算		132		true	自旧档汇入	2026-04-13T01:27:08+08:00
Compter	va	Calculer.	算，算算	seu’ seu’.		算算		132		true	自旧档汇入	2026-04-13T01:27:08+08:00
Compter	va	 - par journées.	点工	’tié kong.		點工		132		true	自旧档汇入	2026-04-13T01:27:08+08:00
Compter	va	 - à la livre.	按斤两	’kaong kien ’liang.		講斤兩		132		true	自旧档汇入	2026-04-13T01:27:08+08:00
Compter	va	 - au boisseau.	论斗	len’ ’teû.		論斗		132		true	自旧档汇入	2026-04-13T01:27:08+08:00
Compter	va	On compte, on ne pèse pas.	数数	’tié tsah sou’ véh ’kaong kien ’liang.		點隻數勿講斤兩		132		true	自旧档汇入	2026-04-13T01:27:08+08:00
Compter	va	Il faut - avec lui.	不能看轻他	véh neng k‘eu’ k‘ieng i.		勿能看輕伊		132		true	自旧档汇入	2026-04-13T01:27:08+08:00
Compter	vn	 - sur qqn.	靠得住，倚靠某人	tsou’ i ts‘e’ za.	tsou’ i tse’ za.	做伊志着		132		true	自旧档汇入	2026-04-13T01:27:08+08:00
Compter	vn	 - sur qqn.	靠得住，倚靠某人	k‘ao’ teh zu’.		靠得住		132		true	自旧档汇入	2026-04-13T01:27:08+08:00
Compter	vn	 - sur qqn.	靠得住，倚靠某人	i k‘ao’ i.	’i k‘ao’ i.	倚靠伊		132		true	自旧档汇入	2026-04-13T01:27:08+08:00
Compter	vn	S'imaginer. 	想着	’siang zah.		想着		132		true	自旧档汇入	2026-04-13T01:27:08+08:00
Compter	vn	Se proposer.	打算	’tang seu’.		打算		132		true	自旧档汇入	2026-04-13T01:27:08+08:00
Compter	vn	Que comptes-tu faire?	你想做什么	nong’ ’siang tsou’ sa’?		儂想做啥		132		true	自旧档汇入	2026-04-13T01:27:08+08:00
Comptoir	sm		柜台，账桌	ghiu’ dai.		櫃台		132	保留簡體	true	自旧档汇入	2026-04-13T01:27:08+08:00
Comptoir	sm		柜台，账桌	tsang’ tsoh.		賬桌		132		true	自旧档汇入	2026-04-13T01:27:08+08:00
Comptoir	sm	 - étranger	洋行	yang hang.		洋行		132		true	自旧档汇入	2026-04-13T01:27:08+08:00
Compulser	va	[livres].	校订，翻阅	’kiao ting’.		校訂		132	待定	true	自旧档汇入	2026-04-13T01:27:08+08:00
Compulser	va	[livres].	校订，翻阅	fè yeuh.		翻閲		132		true	自旧档汇入	2026-04-13T01:27:08+08:00
Compulser	va	[comptes].	查账	zouo tsang’.		查賬		132		true	自旧档汇入	2026-04-13T01:27:08+08:00
Comte	sm		伯爵	péh tsiah		伯爵		132		true	自旧档汇入	2026-04-13T01:27:08+08:00
Concasser	va		研碎	gné sé’.		硯碎	研碎	132	待定	true	自旧档汇入	2026-04-13T01:27:08+08:00
Concasser	va		研碎	gné méh.		硯末	研末	132		true	自旧档汇入	2026-04-13T01:27:08+08:00
Concave	adj		凹	ao’.	ao.	凹		132		true	自旧档汇入	2026-04-13T01:27:08+08:00
Concéder	va		许，让，准	’hiu.		許		133		true	自旧档汇入	2026-04-13T01:27:08+08:00
Concéder	va		许，让，准	gnang’.		讓		133		true	自旧档汇入	2026-04-13T01:27:08+08:00
Concéder	va		许，让，准	’tsen.		准		133		true	自旧档汇入	2026-04-13T01:27:08+08:00
Concentrer	va		聚集	zu’ zih ’long lai.		聚集攏來		133		true	自旧档汇入	2026-04-13T01:27:08+08:00
Concentrique	adj		同心圆	dong sin ke’ k‘ieu.		同心个圈		133		true	自旧档汇入	2026-04-13T01:27:08+08:00
Conception	sf		怀孕	wa yun’.		懷孕		133		true	自旧档汇入	2026-04-13T01:27:08+08:00
Conception	sf	Immaculée -. C.	圣母无玷始胎	seng’ ’mou wou gneu zu’ se t‘ai.	seng’ ’mou wou gneu zu’ ’se t‘ai.	聖母無原罪始胎		133		true	自旧档汇入	2026-04-13T01:27:08+08:00
Concernant	prép	qqn.	关于	koé lai i.		歸來伊		133		true	自旧档汇入	2026-04-13T01:27:08+08:00
Concernant	prép	qqn.	关于	seu’ ’la i.		算拉伊		133		true	自旧档汇入	2026-04-13T01:27:08+08:00
Concernant	prép	 - qqch.	论到，说到，至于	len’ tao’.		論到		133		true	自旧档汇入	2026-04-13T01:27:08+08:00
Concernant	prép	 - qqch.	论到，说到，至于	seh tao’.		説到		133		true	自旧档汇入	2026-04-13T01:27:08+08:00
Concernant	prép	 - qqch.	论到，说到，至于	tse’ yu.		至於		133		true	自旧档汇入	2026-04-13T01:27:08+08:00
Concerner	va		关系，有关	koè.		關		133		true	自旧档汇入	2026-04-13T01:27:08+08:00
Concerner	va		关系，有关	koè i’.		關係		133		true	自旧档汇入	2026-04-13T01:27:08+08:00
Concerner	va	Ne pas -.	不相干	véh siang keu(zéh).		勿相干（涉）		133		true	自旧档汇入	2026-04-13T01:27:08+08:00
Concert	loc.adv.	(De).	协调，一致	dong sin héh i’ ke’.		同心合意个		133		true	自旧档汇入	2026-04-13T01:27:08+08:00
Concert	loc.adv.	(De).	协调，一致	wou dong ih k‘i’ ke’.		和同一氣个		133		true	自旧档汇入	2026-04-13T01:27:08+08:00
Concerter	vpr	(Se).	商量，商议	saong liang’.		商量		133		true	自旧档汇入	2026-04-13T01:27:08+08:00
Concerter	vpr	(Se).	商量，商议	saong gni’.		商議		133		true	自旧档汇入	2026-04-13T01:27:08+08:00
Concerter	vpr	Se - ensemble.	相商	siang saong.		相商		133		true	自旧档汇入	2026-04-13T01:27:08+08:00
Concession	sf	(Faire qq.)	将就一眼，让步	tsiang zieû’ ih ’ngè.		將就一眼		133		true	自旧档汇入	2026-04-13T01:27:08+08:00
Concession	sf	(Faire qq.)	将就一眼，让步	gnang’ t‘éh ’tié.		讓脱點		133		true	自旧档汇入	2026-04-13T01:27:08+08:00
Concession	sf	 - impériale.	奉旨	wong’ ’tse.		奉旨		133		true	自旧档汇入	2026-04-13T01:27:08+08:00
Concession	sf	 - de terrain pour le commerce.	通商码头	t‘ong saong ’mô deû.		通商碼頭		133		true	自旧档汇入	2026-04-13T01:27:08+08:00
Concession	sf	 - européenne.	洋码头	yang ’mô deû.		洋碼頭		133		true	自旧档汇入	2026-04-13T01:27:08+08:00
Concession	sf	 - française.	法国租界	fèh kôh tsou ka’.		法國租界		133		true	自旧档汇入	2026-04-13T01:27:08+08:00
Concevoir	va		受孕	zeû’ yun’.		受孕		133		true	自旧档汇入	2026-04-13T01:27:08+08:00
Concevoir	va. Fig.	 - en esprit.	想着，意会，会悟	’siang zah.		想着		133		true	自旧档汇入	2026-04-13T01:27:08+08:00
Concevoir	va. Fig.	 - en esprit.	想着，意会，会悟	i’ wei’.		意會		133		true	自旧档汇入	2026-04-13T01:27:08+08:00
Concevoir	va. Fig.	 - en esprit.	想着，意会，会悟	wei’ ngou’.		會悟		133		true	自旧档汇入	2026-04-13T01:27:08+08:00
Concevoir	va	 - un mauvais dessein.	起不好的心思	’k‘i véh ’h‘ao ke’ sin se.		起勿好个心思		133		true	自旧档汇入	2026-04-13T01:27:08+08:00
Concierge	sm		看门的，门房	k‘eu men ke’.		看門个		133		true	自旧档汇入	2026-04-13T01:27:08+08:00
Concierge	sm		看门的，门房	men waong.		門房		133		true	自旧档汇入	2026-04-13T01:27:08+08:00
Concierge	sm	Pourboires d'un -.	门包	men pao.		門包		133		true	自旧档汇入	2026-04-13T01:27:08+08:00
Concile	sm	(C). 	主教会议，公会议	’tsu kiao’ wei’ gni’.		主教會議		133		true	自旧档汇入	2026-04-13T01:27:08+08:00
Concile	sm	(C). 	主教会议，公会议	kong wei’ gni’.		公會議		133		true	自旧档汇入	2026-04-13T01:27:08+08:00
Conciliabule	sm		私议	se gni’.		私議		133		true	自旧档汇入	2026-04-13T01:27:08+08:00
Conciliabule	sm	Tenir des -s nocturnes.	夜聚晓散	ya’ zi’ ming ’sè.		夜聚明散		133	待定 129齐会	true	自旧档汇入	2026-04-13T01:27:08+08:00
Conciliant	adj		协调，一致	ih deu wou k‘i’.		一團和氣		133		true	自旧档汇入	2026-04-13T01:27:08+08:00
Conciliant	adj		协调，一致	wou k‘i’.		和氣		133		true	自旧档汇入	2026-04-13T01:27:08+08:00
Conciliant	adj		协调，一致	wen wou.		温和		133		true	自旧档汇入	2026-04-13T01:27:08+08:00
Conciliateur	sm		调解员	wo’ ze’ ke’.		話事个		133		true	自旧档汇入	2026-04-13T01:27:08+08:00
Conciliateur	sm		调解员	’kaong wou ke’ gnen.		講和个人		133		true	自旧档汇入	2026-04-13T01:27:08+08:00
Concilier	va	les parties.	讲和，说和	’kaong wou.		講和		133		true	自旧档汇入	2026-04-13T01:27:08+08:00
Concilier	va	les parties.	讲和，说和	seh wou.		説和		133		true	自旧档汇入	2026-04-13T01:27:08+08:00
Concilier	vpr	Se - l'estime.	令人看重	ling’ gnen k‘eu’ ’zong.		令人看重		133		true	自旧档汇入	2026-04-13T01:27:08+08:00
Concilier	vpr.	Se - l'affection.	得人心	teh gnen ke’ sin.		得人个心		133		true	自旧档汇入	2026-04-13T01:27:08+08:00
Concis	adj		简洁的，简便的	’kié zih.		簡捷		133		true	自旧档汇入	2026-04-13T01:27:08+08:00
Concis	adj		简洁的，简便的	’kié bié’.		簡便		133		true	自旧档汇入	2026-04-13T01:27:08+08:00
Concitoyen	sm		同乡人	dong hiang gnen		同鄉人		133		true	自旧档汇入	2026-04-13T01:27:08+08:00
Concluant	adj	(C'est).	有情有理的	’yeû zing ’yeû ’li ke’.		有情有理个		133		true	自旧档汇入	2026-04-13T01:27:08+08:00
Conclure	va	Tirer la conséquence. 		ts‘u len’		推論		133		true	自旧档汇入	2026-04-13T01:27:08+08:00
Conclure	va	Pour -.	总而言之	’tsong eul yé ’tse.		總而言之		133		true	自旧档汇入	2026-04-13T01:27:08+08:00
Conclure	va	Finir. 	完毕	wé pih.		完畢		134		true	自旧档汇入	2026-04-13T01:27:08+08:00
Conclure	va	 - un marché.	定生意	ding sang i’.	ding’ sang i’.	定生意		134		true	自旧档汇入	2026-04-13T01:27:08+08:00
Conclure	va	Décider.	议定，定下来	gni’ ding’.		議定		134		true	自旧档汇入	2026-04-13T01:27:08+08:00
Conclure	va	Décider.	议定，定下来	ding’ ’hao lai.		定下來		134		true	自旧档汇入	2026-04-13T01:27:08+08:00
Conclure	vr	Se - [v.g.affaire].	收场	seû zang.		收場		134		true	自旧档汇入	2026-04-13T01:27:08+08:00
Conclure	va	C'est une affaire conclue.	解决某事	bè’ wé ’la ’li.		辦完拉裏		134	待定	true	自旧档汇入	2026-04-13T01:27:08+08:00
Conclure	va	C'est une affaire conclue.	解决某事	seh ming bah ’la ’tsè.	seh ming bah ’la ’tsé.	説明白拉者		134	待定	true	自旧档汇入	2026-04-13T01:27:08+08:00
Conclusion	sf	Fin.	结尾，收场	kiéh méh.		結末		134		true	自旧档汇入	2026-04-13T01:27:08+08:00
Conclusion	sf	Fin.	结尾，收场	seû zang.		收場		134		true	自旧档汇入	2026-04-13T01:27:08+08:00
Concombre	sm		黄瓜	waong kouo.		黄瓜		134		true	自旧档汇入	2026-04-13T01:27:08+08:00
Concordat	sm		合同	héh dong.		合同		134		true	自旧档汇入	2026-04-13T01:27:08+08:00
Concorde	sf		和睦	wou moh.		和睦		134		true	自旧档汇入	2026-04-13T01:27:08+08:00
Concorder	vn	S'accorder.	和谐，融洽	wou moh.		和睦		134		true	自旧档汇入	2026-04-13T01:27:08+08:00
Concorder	vn	S'accorder.	和谐，融洽	héh seh.		合式		134		true	自旧档汇入	2026-04-13T01:27:08+08:00
Concorder	vn	Être d'accord sur qqch.	协调，一致	dong sin héh i’.		同心合意		134		true	自旧档汇入	2026-04-13T01:27:08+08:00
Concorder	vn	Être conforme.	相对	siang tei’.		相對		134		true	自旧档汇入	2026-04-13T01:27:08+08:00
Concourir	vn	 - à.	相帮，帮助	siang paong.		相幫		134		true	自旧档汇入	2026-04-13T01:27:08+08:00
Concourir	vn	 - à.	相帮，帮助	paong zou’.		幫助		134		true	自旧档汇入	2026-04-13T01:27:08+08:00
Concourir	vn	 - pour.	争夺	tseng ’tsang.		争長		134		true	自旧档汇入	2026-04-13T01:27:08+08:00
Concours	sm	des lettrés.	考试	k‘ao’ se’.	’k‘ao se’.	考試		134		true	自旧档汇入	2026-04-13T01:27:08+08:00
Concubine	sf		小娘子，小老婆，妾，偏房	’siao gnang ’tse.		小娘子		134		true	自旧档汇入	2026-04-13T01:27:08+08:00
Concubine	sf		小娘子，小老婆，妾，偏房	’siao lao bou.	’siao ’lao bou.	小老婆		134		true	自旧档汇入	2026-04-13T01:27:08+08:00
Concubine	sf		小娘子，小老婆，妾，偏房	ts‘ih.		妾		134		true	自旧档汇入	2026-04-13T01:27:08+08:00
Concubine	sf		小娘子，小老婆，妾，偏房	p‘ié waong.		偏房		134		true	自旧档汇入	2026-04-13T01:27:08+08:00
Concupiscence	sf		私欲偏情	se yôh p‘ié zing.		私欲偏情		134		true	自旧档汇入	2026-04-13T01:27:08+08:00
Concurrent	sm		我争你夺，对头	ngou tseng nong’ deuh	’ngou tseng nong’ deuh	我争儂奪		134	待定	true	自旧档汇入	2026-04-13T01:27:08+08:00
Concurrent	sm		我争你夺，对头	tei’ deû.		對頭		134		true	自旧档汇入	2026-04-13T01:27:08+08:00
Concussion	sf		贪污	se bi’.		私弊		134		true	自旧档汇入	2026-04-13T01:27:08+08:00
Concussion	sf		贪污	h‘eû’ ’seû.	heû’ ’seû.	後手		134		true	自旧档汇入	2026-04-13T01:27:08+08:00
Concussionnaire	sm		舞弊	’wou bi’.		舞弊		134		true	自旧档汇入	2026-04-13T01:27:08+08:00
Condamné	sm		吃责罚的人，犯人	k‘ieh tséh vèh gnen.	k‘ieh tseh vèh gnen.	吃責罰人		134	待定	true	自旧档汇入	2026-04-13T01:27:08+08:00
Condamné	sm		吃责罚的人，犯人	vè gnen	’vè gnen	犯人		134		true	自旧档汇入	2026-04-13T01:27:08+08:00
Condamner	va		定罪	ding’ zu’.		定罪		134		true	自旧档汇入	2026-04-13T01:27:08+08:00
Condamner	va	Blâmer.	责备	tsah bei’.		責備		134		true	自旧档汇入	2026-04-13T01:27:08+08:00
Condamner	va	 - à. 	罚	vèh.		罰		134		true	自旧档汇入	2026-04-13T01:27:08+08:00
Condamner	va	Infliger une peine.	治罪	ze’ zu’.		治罪		134		true	自旧档汇入	2026-04-13T01:27:08+08:00
Condamner	va	 - à l'amende. 	罚钱	vèh dong dié.		罰銅錢		134		true	自旧档汇入	2026-04-13T01:27:08+08:00
Condamner	va	 -à l'exil.	罚充军	vèh ts‘ong kiun.		罰充軍		134		true	自旧档汇入	2026-04-13T01:27:08+08:00
Condamner	va	 - à la mort.	判死刑	teu’ i ’si zu’.		斷伊死罪		134		true	自旧档汇入	2026-04-13T01:27:08+08:00
Condamner	va	 - un malade.	宣告病人患不治之症	laong tsong wei ’la ’tsé.		郎中回拉者		134		true	自旧档汇入	2026-04-13T01:27:08+08:00
Condamner	va	 - une porte.	堵死一扇门	koè sèh ih sé’ men.		關殺一扇門		134		true	自旧档汇入	2026-04-13T01:27:08+08:00
Condamner	vr	(Se). Avouer son tort.	认错	gnen’ ts‘ouo’.		認錯	認差	134	待定 還是說官話	true	自旧档汇入	2026-04-13T01:27:08+08:00
Condensateur	sm		电容器，冷凝器	tseng ’se siang.		蒸水箱		134		true	自旧档汇入	2026-04-13T01:27:08+08:00
Condenseur	sm		蒸汽冷凝器	’lang ’se ghiu’.		冷水櫃		134		true	自旧档汇入	2026-04-13T01:27:08+08:00
Condensé	adj	(Lait).	炼乳	gneû ’na ’ping.		牛奶餅		134		true	自旧档汇入	2026-04-13T01:27:08+08:00
Condescendance	sf		原谅，宽恕	gneu liang’.		原諒		134		true	自旧档汇入	2026-04-13T01:27:08+08:00
Condescendance	sf		原谅，宽恕	k‘oé su’.		寬恕		134		true	自旧档汇入	2026-04-13T01:27:08+08:00
Condescendant	adj			sao su yeu yong, zing gnang’ ke’ gnen.	’sao su yeu yong, zing gnang’ ke’ gnen.	少些圓容、情讓个人		134	標點符號	true	自旧档汇入	2026-04-13T01:27:08+08:00
Condescendre	vn	envers qqn.	饶让，退让，让情点	gnao gnang’.		饒讓		134		true	自旧档汇入	2026-04-13T01:27:08+08:00
Condescendre	vn	envers qqn.	饶让，退让，让情点	t‘ei’ gnang’.		退讓		134		true	自旧档汇入	2026-04-13T01:27:08+08:00
Condescendre	vn	envers qqn.	饶让，退让，让情点	gnang’ zing ’tié.		讓情點		134		true	自旧档汇入	2026-04-13T01:27:08+08:00
Condisciple	sm		同学的，同窗的	dong hoh ke’.		同學个		134		true	自旧档汇入	2026-04-13T01:27:08+08:00
Condisciple	sm		同学的，同窗的	dong ts‘aong ke’.		同窗个		134		true	自旧档汇入	2026-04-13T01:27:08+08:00
Condition	sf	Rang.	地位，出身	di’ wei’.		地位		135		true	自旧档汇入	2026-04-13T01:27:08+08:00
Condition	sf	Rang.	地位，出身	ts‘éh sen.		出身		135		true	自旧档汇入	2026-04-13T01:27:08+08:00
Condition	sf	État, circonstances.	光景	koang ’kieng.		光景		135		true	自旧档汇入	2026-04-13T01:27:08+08:00
Condition	sf	Personne de -.	尊贵的人，体面人，出身好的人	tsen koei’ ke’ gnen.		尊貴个人		135		true	自旧档汇入	2026-04-13T01:27:08+08:00
Condition	sf	Personne de -.	尊贵的人，体面人，出身好的人	’t‘i mié’ gnen.		體面人		135		true	自旧档汇入	2026-04-13T01:27:08+08:00
Condition	sf	Personne de -.	尊贵的人，体面人，出身好的人	ts‘éh sen ’h‘ao.		出身好		135		true	自旧档汇入	2026-04-13T01:27:08+08:00
Condition	sf	Personne de basse -.	穷出身，出身低微的人，卑贱的人	ghiong ts‘éh sen.		窮出身		135		true	自旧档汇入	2026-04-13T01:27:08+08:00
Condition	sf	Personne de basse -.	穷出身，出身低微的人，卑贱的人	ts‘éh sen ti wei.		出身低微		135	待定	true	自旧档汇入	2026-04-13T01:27:08+08:00
Condition	sf	Personne de basse -.	穷出身，出身低微的人，卑贱的人	pei zié’ gnen.		卑賤人		135		true	自旧档汇入	2026-04-13T01:27:08+08:00
Condition	sf	 - d'un contrat.	条款，章程	diao ’k‘oé.		條款		135		true	自旧档汇入	2026-04-13T01:27:08+08:00
Condition	sf	 - d'un contrat.	条款，章程	tsang zeng.		章程		135		true	自旧档汇入	2026-04-13T01:27:08+08:00
Condition	sf	À ces -s.	在这些条件下	ze’ ka neng méh.	ze’ ka’ neng méh.	是介能末		135		true	自旧档汇入	2026-04-13T01:27:08+08:00
Condition	sf	À ces -s.	在这些条件下	’tsen ’ze di’ tié diao ’k‘oé	’tsen ’ze di’ ’tié diao ’k‘oé	准是第点條款		135		true	自旧档汇入	2026-04-13T01:27:08+08:00
Condition	sf	Il y a certaines -s requises.	需要一定的条件	’yeû ’ki diao ze’ ’ba véh teh ke’.		有幾條是罷勿得个		135		true	自旧档汇入	2026-04-13T01:27:08+08:00
Conditionné	adj	(Bien).	办得妥当的	bè’ lai ’t‘ou taong.	bè’ lai ’t‘ou taong’.	辦來妥當		135		true	自旧档汇入	2026-04-13T01:27:08+08:00
Conditionné	adj	Semonce -e.	责备	tsah bei i ih fè.	tsah bei’ i ih fè.	責備伊一番		135		true	自旧档汇入	2026-04-13T01:27:08+08:00
Conditionnel	adj		有条件的	wéh loh ke’.		落活个	活落个	135	按照罗马字改正 待定	true	自旧档汇入	2026-04-13T01:27:08+08:00
Conditionnel	adj		有条件的	k‘eu’ koang ’kieng.		看光景		135		true	自旧档汇入	2026-04-13T01:27:08+08:00
Condoléance	sf		可怜	’k‘o lié.		可憐		135		true	自旧档汇入	2026-04-13T01:27:08+08:00
Condoléance	sf	Compliments de -.	吊慰	tiao’ wei’.		吊慰		135		true	自旧档汇入	2026-04-13T01:27:08+08:00
Condoléance	sf	Visite de -.	去吊丧，去吊孝	k‘i’ tiao’ sang	k‘i’ tiao’ saong	去吊喪		135		true	自旧档汇入	2026-04-13T01:27:08+08:00
Condoléance	sf	Visite de -.	去吊丧，去吊孝	k‘i’ tiao’ h‘ao’.		去吊孝		135		true	自旧档汇入	2026-04-13T01:27:08+08:00
Conducteur	sm	Guide.	领头，领路人	’ling deû.		領頭		135		true	自旧档汇入	2026-04-13T01:27:08+08:00
Conducteur	sm	Guide.	领头，领路人	’ling lou’ ke’.		領路个		135		true	自旧档汇入	2026-04-13T01:27:08+08:00
Conducteur	sm	 - de travaux.	监工	kè kong ke’.		監工个		135		true	自旧档汇入	2026-04-13T01:27:08+08:00
Conducteur	sm	 - de char.	马夫	’mô fou.		馬夫		135		true	自旧档汇入	2026-04-13T01:27:08+08:00
Conduire	va	Guider.	领，引	’ling.		領		135		true	自旧档汇入	2026-04-13T01:27:08+08:00
Conduire	va	Guider.	领，引	’yen.		引		135		true	自旧档汇入	2026-04-13T01:27:08+08:00
Conduire	va	Accompagner qqn.	送，陪	song’.		送		135		true	自旧档汇入	2026-04-13T01:27:08+08:00
Conduire	va	Accompagner qqn.	送，陪	bé’.		伴		135		true	自旧档汇入	2026-04-13T01:27:08+08:00
Conduire	va	Accompagner qqn.	送，陪	song’ i k‘i’.		送伊去		135		true	自旧档汇入	2026-04-13T01:27:08+08:00
Conduire	va	Se faire accompagner de.	带牵	ta’ k‘ié’.	ta’ k‘ié	帶牽		135	原作“帶撁”	true	自旧档汇入	2026-04-13T01:27:08+08:00
Conduire	va	Tirer après soi.	拖，拉	t‘ou.		拖		135		true	自旧档汇入	2026-04-13T01:27:08+08:00
Conduire	va	Tirer après soi.	拖，拉	’la.	la	拉		135		true	自旧档汇入	2026-04-13T01:27:08+08:00
Conduire	va	Diriger. 	使，指，引	’se.		使		135		true	自旧档汇入	2026-04-13T01:27:08+08:00
Conduire	va	Diriger. 	使，指，引	’tse.		指		135		true	自旧档汇入	2026-04-13T01:27:08+08:00
Conduire	va	Diriger. 	使，指，引	’yen.		引		135		true	自旧档汇入	2026-04-13T01:27:08+08:00
Conduire	va	Avoir soin de.	管	’koé.		管		135		true	自旧档汇入	2026-04-13T01:27:08+08:00
Conduire	va	Se - mal.	不守规矩，做人不好	véh seû koei ’kiu.	véh ’seû koei ’kiu.	勿守規矩		135		true	自旧档汇入	2026-04-13T01:27:08+08:00
Conduire	va	Se - mal.	不守规矩，做人不好	tsou’ gnen véh ’h‘ao.		做人勿好		135		true	自旧档汇入	2026-04-13T01:27:08+08:00
Conduire	va	Se - bien.	品行好，会做人	’p‘in yeng’ ’h‘ao.		品行好		135		true	自旧档汇入	2026-04-13T01:27:08+08:00
Conduire	va	Se - bien.	品行好，会做人	wei’ tsou’ gnen.		會做人		135		true	自旧档汇入	2026-04-13T01:27:08+08:00
Conduit	sm	d'eau extérieur.	外部管道	yang keû.		陽溝		135		true	自旧档汇入	2026-04-13T01:27:08+08:00
Conduit	sm	d'eau extérieur.	外部管道	ming keû.		明溝		135		true	自旧档汇入	2026-04-13T01:27:08+08:00
Conduit	sm	 -  intérieur.	内部管道	yen keû.		陰溝		135		true	自旧档汇入	2026-04-13T01:27:08+08:00
Conduit	sm	 -  intérieur.	内部管道	é keû.	é’ keû.	暗溝		135		true	自旧档汇入	2026-04-13T01:27:08+08:00
Conduite	sf		行为，品行	hang wei.		行為		135		true	自旧档汇入	2026-04-13T01:27:08+08:00
Conduite	sf		行为，品行	’p‘in yeng’.		品行		135		true	自旧档汇入	2026-04-13T01:27:08+08:00
Conduite	sf	Dans toute sa -.	一举一动	ih ’kiu ih dong’.		一舉一動		135		true	自旧档汇入	2026-04-13T01:27:08+08:00
Cône	sm		圆锥	tsié yeu ’t‘i.		尖圓體		135		true	自旧档汇入	2026-04-13T01:27:08+08:00
Confectionner	va		做，做好	tsou’.		做		135		true	自旧档汇入	2026-04-13T01:27:08+08:00
Confectionner	va		做，做好	tsou’ ’h‘ao.		做好		135		true	自旧档汇入	2026-04-13T01:27:08+08:00
Confédéré	adj	(Pays).	同盟国	dong meng tse kôh.		同盟之國		135		true	自旧档汇入	2026-04-13T01:27:08+08:00
Conférence	sf		商量，商酌，相商会议	saong liang.		商量		135		true	自旧档汇入	2026-04-13T01:27:08+08:00
Conférence	sf		商量，商酌，相商会议	saong tsah’.	saong tsah.	商酌		135	印刷錯誤	true	自旧档汇入	2026-04-13T01:27:08+08:00
Conférence	sf		商量，商酌，相商会议	siang saong.		相商		135		true	自旧档汇入	2026-04-13T01:27:08+08:00
Conférence	sf		商量，商酌，相商会议	wei’ gni’.		會議		135		true	自旧档汇入	2026-04-13T01:27:08+08:00
Conférence	sf	 - religieuse. (C).	道理	dao’ ’li.		道理		135		true	自旧档汇入	2026-04-13T01:27:08+08:00
Conférer	vn	Délibérer.	商量，商酌，商议	saong liang. 		商量		135		true	自旧档汇入	2026-04-13T01:27:08+08:00
Conférer	vn	Délibérer.	商量，商酌，商议	saong tsah’		商酌		135	印刷錯誤	true	自旧档汇入	2026-04-13T01:27:08+08:00
Conférer	vn	Délibérer.	商量，商酌，商议	saong gni’. 		商議		135		true	自旧档汇入	2026-04-13T01:27:08+08:00
Conférer	va	 -. Gratifier.	赏赐，颁赐	’saong se’.		賞賜		136		true	自旧档汇入	2026-04-13T01:27:08+08:00
Conférer	va	 -. Gratifier.	赏赐，颁赐	pè se’.		頒賜		136		true	自旧档汇入	2026-04-13T01:27:08+08:00
Confesser	va	un tort.	认错，招不是	gnen’ ts‘ouo.		認差		136	待定 聲調	true	自旧档汇入	2026-04-13T01:27:08+08:00
Confesser	va	un tort.	认错，招不是	tsao véh ze’.		招勿是		136		true	自旧档汇入	2026-04-13T01:27:08+08:00
Confesser	va	 - des pénitents. (C).	听神工	t‘ing’ zen kong.		聽神工		136		true	自旧档汇入	2026-04-13T01:27:08+08:00
Confesser	vr	Se -. (C).	办神工，告解	bè’ zen kong.		辦神工		136		true	自旧档汇入	2026-04-13T01:27:08+08:00
Confesser	vr	Se -. (C).	办神工，告解	kao’ ’ka.		吿解		136		true	自旧档汇入	2026-04-13T01:27:08+08:00
Confesseur	sm		听忏悔的神甫	t‘ing zen kong ke’ zen vou.	t‘ing zen kong ke’ zen vou’.	聽神工个神父		136		true	自旧档汇入	2026-04-13T01:27:08+08:00
Confession	sf.	(C).	神工	zen kong.		神工		136		true	自旧档汇入	2026-04-13T01:27:08+08:00
Confession	sf.	 - de mission. (C).	四规神工	se’ koei zen kong.		四規神工		136		true	自旧档汇入	2026-04-13T01:27:08+08:00
Confession	sf.	 - de dévotion. (C).	恩工	en kong.		恩工		136		true	自旧档汇入	2026-04-13T01:27:08+08:00
Confession	sf.	 - générale. (C).	总告解	’tsong kao’ ’ka.		總吿解		136		true	自旧档汇入	2026-04-13T01:27:08+08:00
Confessionnal.	sm	(C).	神工架	zen kong ka’ ’tse.		神工架子		136		true	自旧档汇入	2026-04-13T01:27:08+08:00
Confiance	sf		信，信托	sin’.		信		136		true	自旧档汇入	2026-04-13T01:27:08+08:00
Confiance	sf		信，信托	sin’ t‘oh.		信托		136		true	自旧档汇入	2026-04-13T01:27:08+08:00
Confiance	sf	Mettre sa - en.	靠托，倚靠，靠着	k‘ao’ t‘oh.		靠托		136		true	自旧档汇入	2026-04-13T01:27:08+08:00
Confiance	sf	Mettre sa - en.	靠托，倚靠，靠着	’i k‘ao’.		倚靠		136		true	自旧档汇入	2026-04-13T01:27:08+08:00
Confiance	sf	Mettre sa - en.	靠托，倚靠，靠着	k‘ao’ zah.		靠着		136		true	自旧档汇入	2026-04-13T01:27:08+08:00
Confiance	sf	N'avoir guère - en qqn.	半信半疑	pé’ sin’ pé’ gni.		半信半疑		136		true	自旧档汇入	2026-04-13T01:27:08+08:00
Confiance	sf	Digne de -.	托得起的，靠得住的	t‘oh teh ’k‘i ke’.		托得起个		136		true	自旧档汇入	2026-04-13T01:27:08+08:00
Confiance	sf	Digne de -.	托得起的，靠得住的	k‘ao’ teh zu’ ke’.		靠得住个		136		true	自旧档汇入	2026-04-13T01:27:08+08:00
Confiance	sf	Tromper la -.	负义之人，恩将仇报	vou’ gni’ tse zen.		負義之人		136		true	自旧档汇入	2026-04-13T01:27:08+08:00
Confiance	sf	Tromper la -.	负义之人，恩将仇报	en tsiang zeu pao’.	en tsiang zeû pao’.	恩將仇報		136		true	自旧档汇入	2026-04-13T01:27:08+08:00
Confiant	adj		相信的	siang sin’ ke’.		相信个		136		true	自旧档汇入	2026-04-13T01:27:08+08:00
Confiant	adj	Ne soyez pas trop -.	不要太大意	véh yao’ t‘ai’ da’ i’.		勿要太大意		136		true	自旧档汇入	2026-04-13T01:27:08+08:00
Confidence	sf		知心话	sin woh ke’ seh wo’.	sin foh ke’ seh wo’.	心腹个説話		136	待定	true	自旧档汇入	2026-04-13T01:27:08+08:00
Confident	sm		知己，心腹人	tse ’ki ke’.		知己个		136		true	自旧档汇入	2026-04-13T01:27:08+08:00
Confident	sm		知己，心腹人	sin woh gnen.	sin foh gnen.	心腹人		136		true	自旧档汇入	2026-04-13T01:27:08+08:00
Confier	va		交代，托付，嘱托	kao dai’.		交代		136		true	自旧档汇入	2026-04-13T01:27:08+08:00
Confier	va		交代，托付，嘱托	t‘oh fou’.		托付		136		true	自旧档汇入	2026-04-13T01:27:08+08:00
Confier	va		交代，托付，嘱托	tsôh t‘oh.		囑托		136		true	自旧档汇入	2026-04-13T01:27:08+08:00
Confier	va	Donner en dépit.	交代，寄托，重托	kao dai’.		交代		136		true	自旧档汇入	2026-04-13T01:27:08+08:00
Confier	va	Donner en dépit.	交代，寄托，重托	t‘oh péh ’la.		托撥拉		136		true	自旧档汇入	2026-04-13T01:27:08+08:00
Confier	va	Donner en dépit.	交代，寄托，重托	ki’ t‘oh.		寄托		136		true	自旧档汇入	2026-04-13T01:27:08+08:00
Confier	va	Donner en dépit.	交代，寄托，重托	zong’ t‘oh.		重托		136		true	自旧档汇入	2026-04-13T01:27:08+08:00
Confier	va	Dire en confidence.	私下谈话	wo’ se seh wo’.		話私説話		136		true	自旧档汇入	2026-04-13T01:27:08+08:00
Configuration	sf		形势	yeng se’.		形勢		136		true	自旧档汇入	2026-04-13T01:27:08+08:00
Confiner	vn		边界，交界	pié ka’.		邊界		136		true	自旧档汇入	2026-04-13T01:27:08+08:00
Confiner	vn		边界，交界	kiao ka’.		交界		136		true	自旧档汇入	2026-04-13T01:27:08+08:00
Confiner	vn	Le Kiang-sou confine au Chan-tong.	江苏和山东接壤	kiang sou dong sè tong kiao(kèh) ka’.	kaong sou dong sè tong kiao(kèh) ka’.	江蘇同山東交（夾）界		136	待定	true	自旧档汇入	2026-04-13T01:27:08+08:00
Confins	sm.pl.		夹界,边界	kèh ka’.		夾界		136		true	自旧档汇入	2026-04-13T01:27:08+08:00
Confins	sm.pl.		夹界,边界	pié ka’.		邊界		136		true	自旧档汇入	2026-04-13T01:27:08+08:00
Confirmation	sf	(C). 	证实，证明	kié tsen’.		堅振		136		true	自旧档汇入	2026-04-13T01:27:08+08:00
Confirmer	va	(C). 	证实，证明	kié tsen’.		堅振		136		true	自旧档汇入	2026-04-13T01:27:08+08:00
Confirmer	va	Affermir.	加固	kié kou’.		堅固		136		true	自旧档汇入	2026-04-13T01:27:08+08:00
Confirmer	va	Ratifier. 	准，作证	’tsen.		准		136		true	自旧档汇入	2026-04-13T01:27:08+08:00
Confirmer	va	Ratifier. 	准，作证	tsoh tseng’.		作證		136		true	自旧档汇入	2026-04-13T01:27:08+08:00
Confisquer	va		入官，充公	zéh koé.		入官		136		true	自旧档汇入	2026-04-13T01:27:08+08:00
Confisquer	va		入官，充公	ts‘ong kong.		充公		136		true	自旧档汇入	2026-04-13T01:27:08+08:00
Confisquer	va	 - [à un mandarin.]	抄家，革俸	ts‘ao ka.		抄家		136		true	自旧档汇入	2026-04-13T01:27:08+08:00
Confisquer	va	 - [à un mandarin.]	抄家，革俸	kah fong’.		革俸		136		true	自旧档汇入	2026-04-13T01:27:08+08:00
Confiteor	sm	(C).	解罪经	’ka zu’ kieng.		解罪經		136		true	自旧档汇入	2026-04-13T01:27:08+08:00
Confits	adj	(Fruits).	糖煮水果	daong ’kou.		糖果		136		true	自旧档汇入	2026-04-13T01:27:08+08:00
Confitures	sf.pl.	de poires.	梨果酱	sang li daong.		生梨糖		136		true	自旧档汇入	2026-04-13T01:27:08+08:00
Conflit	sm		交手，相争	kiao ’seû.		交手		136		true	自旧档汇入	2026-04-13T01:27:08+08:00
Conflit	sm		交手，相争	siang tseng.		相争		136		true	自旧档汇入	2026-04-13T01:27:08+08:00
Cofluent	sm		河流交汇处	ts‘ouo kaong.		叉江		136	市区方言志159有汊港	true	自旧档汇入	2026-04-13T01:27:08+08:00
Cofluent	sm		河流交汇处	o yang.	o yang’.	丫漾		136		true	自旧档汇入	2026-04-13T01:27:08+08:00
Confluer	vn		合流	lieû tao’ ih k‘oei’.		流到一塊		137		true	自旧档汇入	2026-04-13T01:27:08+08:00
Confondre	va	qqn.	认错人，看错人	gnen’ (seh) ts‘ouo gnen.		認（識）差人		137		true	自旧档汇入	2026-04-13T01:27:08+08:00
Confondre	va	qqn.	认错人，看错人	k‘eu’ ts‘ouo gnen.		看差人		137		true	自旧档汇入	2026-04-13T01:27:08+08:00
Confondre	va	 - [des objets].	缠乱，绞乱，弄乱	zé leu’.		纏亂		137		true	自旧档汇入	2026-04-13T01:27:08+08:00
Confondre	va	 - [des objets].	缠乱，绞乱，弄乱	’kao leu’.		絞亂		137		true	自旧档汇入	2026-04-13T01:27:08+08:00
Confondre	va	 - [des objets].	缠乱，绞乱，弄乱	long leu’.	long’ leu’.	弄亂		137		true	自旧档汇入	2026-04-13T01:27:08+08:00
Conformation	sf		样子，有样式	yang’ ’tse.		樣子		137		true	自旧档汇入	2026-04-13T01:27:08+08:00
Conformation	sf		样子，有样式	’yeû yang seh.	’yeû yang’ seh.	有樣式		137		true	自旧档汇入	2026-04-13T01:27:08+08:00
Conforme	adj		与……一样的	héh seh.		合式		137		true	自旧档汇入	2026-04-13T01:27:08+08:00
Conforme	adj		与……一样的	tsao’ yang’.		照樣		137		true	自旧档汇入	2026-04-13T01:27:08+08:00
Conforme	adj	S'accordant avec.	与……相符	héh tei’.		合對		137		true	自旧档汇入	2026-04-13T01:27:08+08:00
Conforme	adj	S'accordant avec.	与……相符	t‘ih tei’.		貼對		137	待定	true	自旧档汇入	2026-04-13T01:27:08+08:00
Conforme	adj	S'accordant avec.	与……相符	siang tei’.		相對		137		true	自旧档汇入	2026-04-13T01:27:08+08:00
Conformément	adv	à.	依，照	i.		依		137		true	自旧档汇入	2026-04-13T01:27:08+08:00
Conformément	adv	à.	依，照	tsao’.		照		137		true	自旧档汇入	2026-04-13T01:27:08+08:00
Conformément	adv	 - à la raison. 	照理	tsao’ ’li ke’.		照理个		137		true	自旧档汇入	2026-04-13T01:27:08+08:00
Conformément	adv	 - au droit.	照名分	tsao’ ’ming ven’.	tsao’ ming ven’.	照名分		137		true	自旧档汇入	2026-04-13T01:27:08+08:00
Conformément	adv	Agir - aux règles.	循规蹈矩	zin koei dao’ ’kiu.		循規蹈矩		137		true	自旧档汇入	2026-04-13T01:27:08+08:00
Conformer	va	ses actes à ses paroles.	言行一体	yé yeng’ dong ke’(siang tei’).		言行同个（相對）		137		true	自旧档汇入	2026-04-13T01:27:08+08:00
Conformer	va	ses actes à ses paroles.	言行一体	yé kou’ yeng’, yeng’ kou’ ’yé.	yé kou’ yeng, yeng kou’ yé.	言顧行，行顧言		137	待定	true	自旧档汇入	2026-04-13T01:27:08+08:00
Conformer	vr	Se - aux désirs de qqn.	随……的心愿	zu i sin gneu’.		隨伊心願		137		true	自旧档汇入	2026-04-13T01:27:08+08:00
Conformité	sf		同心	dong sin.		同心		137		true	自旧档汇入	2026-04-13T01:27:08+08:00
Conformité	sf	 - à la volonté de Dieu. (C).	翕合天主圣意	hih héh t‘ié ’tsu seng’ i’.		翕合天主聖意		137	待定	true	自旧档汇入	2026-04-13T01:27:08+08:00
Conformité	sf	En - de vues.	意气相投	i’ k‘i’ siang deû.		意氣相投		137		true	自旧档汇入	2026-04-13T01:27:08+08:00
Conforter	va	le corps.	养壮，补力	yang ts‘aong’.	’yang tsaong’.	養壯		137		true	自旧档汇入	2026-04-13T01:27:08+08:00
Conforter	va	le corps.	养壮，补力	’pou lih.		補力		137		true	自旧档汇入	2026-04-13T01:27:08+08:00
Conforter	va	Consoler: - l'âme.	安慰，壮他胆	eu wei’.		安慰		137		true	自旧档汇入	2026-04-13T01:27:08+08:00
Conforter	va	Consoler: - l'âme.	安慰，壮他胆	ts‘aong’ i ’tè.	tsaong’ i ’tè.	壯伊胆		137	保留簡體	true	自旧档汇入	2026-04-13T01:27:08+08:00
Conforter	va	Consoler: - l'âme.	安慰，壮他胆	eu’ i ’tè.		按伊胆		137	保留簡體	true	自旧档汇入	2026-04-13T01:27:08+08:00
Confortable	sm	Jouir du -.	动用有余	dong’ yong’ ’yeû yu.		動用有餘		137		true	自旧档汇入	2026-04-13T01:27:08+08:00
Confortable	sm	Jouir du -.	受用	zeû’ yong’.		受用		137		true	自旧档汇入	2026-04-13T01:27:08+08:00
Confrère	sm		同会弟兄，会兄，会友	dong wei’ di’ hiong.		同會弟兄		137		true	自旧档汇入	2026-04-13T01:27:08+08:00
Confrère	sm		同会弟兄，会兄，会友	wei’ hiong.		會兄		137		true	自旧档汇入	2026-04-13T01:27:08+08:00
Confrère	sm		同会弟兄，会兄，会友	wei’ ’yeû.		會友		137		true	自旧档汇入	2026-04-13T01:27:08+08:00
Confrérie	sf		圣会	seng’ wei’.		聖會		137		true	自旧档汇入	2026-04-13T01:27:08+08:00
Confronter		des témoins.	同审，盘问	dong (tei’) ’sen.		同（對）審		137		true	自旧档汇入	2026-04-13T01:27:08+08:00
Confronter		des témoins.	同审，盘问	bé men’.		盤問		137		true	自旧档汇入	2026-04-13T01:27:08+08:00
Confucianisme	sm		儒教	zu kiao’.		儒教		137		true	自旧档汇入	2026-04-13T01:27:08+08:00
Confucianistes	sm		儒家	zu ka.		儒家		137		true	自旧档汇入	2026-04-13T01:27:08+08:00
Confucius	sm		孔子，孔夫子，仲尼，孔圣人，孔丘	’k‘ong ’tse.		孔子		137		true	自旧档汇入	2026-04-13T01:27:08+08:00
Confucius	sm		孔子，孔夫子，仲尼，孔圣人，孔丘	’k‘ong fou ’tse.		孔夫子		137		true	自旧档汇入	2026-04-13T01:27:08+08:00
Confucius	sm		孔子，孔夫子，仲尼，孔圣人，孔丘	zong gni.		仲尼		137	待定	true	自旧档汇入	2026-04-13T01:27:08+08:00
Confucius	sm		孔子，孔夫子，仲尼，孔圣人，孔丘	’k‘ong seng’ gnen.		孔聖人		137		true	自旧档汇入	2026-04-13T01:27:08+08:00
Confucius	sm		孔子，孔夫子，仲尼，孔圣人，孔丘	’k‘ong meû.	 ’k‘ong k‘ieû.	孔丘		137	印刷錯誤	true	自旧档汇入	2026-04-13T01:27:08+08:00
Confucius	sm	Temple de -.	孔庙，文庙	’k‘ong miao’.		孔廟		137		true	自旧档汇入	2026-04-13T01:27:08+08:00
Confucius	sm	Temple de -.	孔庙，文庙	wen miao’.		文廟		137		true	自旧档汇入	2026-04-13T01:27:08+08:00
Confus	adj	Confondus[Cris].	混乱的	leu’ fen fen.		亂紛紛		137		true	自旧档汇入	2026-04-13T01:27:08+08:00
Confus	adj	Confondus[Cris].	混乱的	wen’ zôh zôh.		混濁濁		137		true	自旧档汇入	2026-04-13T01:27:08+08:00
Confus	adj	Pas clair.	混乱的，混杂的	wen’ leu’.		混亂		137		true	自旧档汇入	2026-04-13T01:27:08+08:00
Confus	adj	Pas clair.	混乱的，混杂的	wen’ zéh.		混雜		137		true	自旧档汇入	2026-04-13T01:27:08+08:00
Confus	adj	Embrouillé[Souvenir].	不清爽，模模糊糊的	véh ts‘ing ’saong.		勿清爽		137		true	自旧档汇入	2026-04-13T01:27:08+08:00
Confus	adj	Embrouillé[Souvenir].	不清爽，模模糊糊的	mo mo wou wou ke’.		模模糊糊个		137	原作“[米莫][米莫]糊糊个”	true	自旧档汇入	2026-04-13T01:27:08+08:00
Confus	adj	Honteux. Être -.	羞愧的	sieû koei’ ke’.	sieû goei’ ke’.	羞愧个		137	待定	true	自旧档汇入	2026-04-13T01:27:08+08:00
Confus	adj	Honteux. Être -.	羞愧的	t‘è ts‘ong’ ke’.		坍銃个	坍㧤个	137	待定 另坍㧤	true	自旧档汇入	2026-04-13T01:27:08+08:00
Confus	adj	Tout -.	难为情的，不好意思，当不起的	mié ’k‘ong nè wei zing.		面孔難為情		137		true	自旧档汇入	2026-04-13T01:27:08+08:00
Confus	adj	Tout -.	难为情的，不好意思，当不起的	véh ’h‘ao i’ se.		勿好意思		137		true	自旧档汇入	2026-04-13T01:27:08+08:00
Confus	adj	Tout -.	难为情的，不好意思，当不起的	taong véh ’k‘i ke’.		當勿起个		137		true	自旧档汇入	2026-04-13T01:27:08+08:00
Confusément	adv		七颠八倒地，没头绪地	ts‘ih tié pèh ’tao ke’.		七顛八倒个		138		true	自旧档汇入	2026-04-13T01:27:08+08:00
Confusément	adv		七颠八倒地，没头绪地	m deû zu’ ke’.		無頭緒个	嘸頭緒个	138		true	自旧档汇入	2026-04-13T01:27:08+08:00
Confusion	sf	(Mettre la).	绞乱，混杂	’kao leu’.		絞亂		138		true	自旧档汇入	2026-04-13T01:27:08+08:00
Confusion	sf	(Mettre la).	绞乱，混杂	wen’ zéh.		混雜		138		true	自旧档汇入	2026-04-13T01:27:08+08:00
Confusion	sf	S'attirer une -.	自讨没趣	t‘ao’ m ts‘u’	’t‘ao m ts‘u’	討無趣	討嘸趣	138		true	自旧档汇入	2026-04-13T01:27:08+08:00
Confusion	sf	S'attirer une -.	自讨没趣	t‘è ts‘ong’.		坍銃	坍㧤	138		true	自旧档汇入	2026-04-13T01:27:08+08:00
Confusion	sf	S'attirer une -.	自讨没趣	t‘è dai.		坍台		138	保留簡體	true	自旧档汇入	2026-04-13T01:27:08+08:00
Congé		(Demander un).	告假，告辞	kao’ ’kia.		告假		138	待定	true	自旧档汇入	2026-04-13T01:27:08+08:00
Congé		(Demander un).	告假，告辞	kao’ ze.		告辭		138		true	自旧档汇入	2026-04-13T01:27:08+08:00
Congé		Donner - à ses élèves.	放学	faong’ hoh.		放學		138		true	自旧档汇入	2026-04-13T01:27:08+08:00
Congé		Donner - à ses élèves.	放学	’ka koé’.		解館		138		true	自旧档汇入	2026-04-13T01:27:08+08:00
Congé		Prendre - de qqn.	辞别，告别，拜别	ze biéh.		辭别		138		true	自旧档汇入	2026-04-13T01:27:08+08:00
Congé		Prendre - de qqn.	辞别，告别，拜别	kao’ biéh.		告别		138		true	自旧档汇入	2026-04-13T01:27:08+08:00
Congé		Prendre - de qqn.	辞别，告别，拜别	pa’ biéh.		拜别		138		true	自旧档汇入	2026-04-13T01:27:08+08:00
Congédier	va	qqn.	解雇	ze i.		辭伊		138		true	自旧档汇入	2026-04-13T01:27:08+08:00
Congédier	va	qqn.	解雇	wei i.		回伊		138		true	自旧档汇入	2026-04-13T01:27:08+08:00
Congédier	va	qqn.	解雇	ding i.		停伊		138		true	自旧档汇入	2026-04-13T01:27:08+08:00
Congédier	va	qqn.	解雇	hiéh i.		歇伊		138		true	自旧档汇入	2026-04-13T01:27:08+08:00
Congédier	va	 - un professeur.	解雇教授	’ts‘ing biéh zieû’.		請别就		138		true	自旧档汇入	2026-04-13T01:27:08+08:00
Congédier	va	 - une assemblée.	散会	sè’ wei’.		散會		138		true	自旧档汇入	2026-04-13T01:27:08+08:00
Congelé	pp		冷冻	kiéh ’long lai.		結攏來		138		true	自旧档汇入	2026-04-13T01:27:08+08:00
Congelé	pp		冷冻	ping(tong’) ’long lai.		冰（凍）攏來		138		true	自旧档汇入	2026-04-13T01:27:08+08:00
Congénère	adj		同类的	dong lei’ ke’.		同類个		138		true	自旧档汇入	2026-04-13T01:27:08+08:00
Congestion	sf		充血	yu hieuh.		瘀血		138		true	自旧档汇入	2026-04-13T01:27:08+08:00
Congratuler	va		道喜，恭喜，庆贺	dao’ ’hi.		道喜		138		true	自旧档汇入	2026-04-13T01:27:08+08:00
Congratuler	va		道喜，恭喜，庆贺	kong ’hi.		恭喜		138		true	自旧档汇入	2026-04-13T01:27:08+08:00
Congratuler	va		道喜，恭喜，庆贺	k‘ieng’ wou’.		慶賀		138		true	自旧档汇入	2026-04-13T01:27:08+08:00
Congrégation	sf		会	wei’.		會		138		true	自旧档汇入	2026-04-13T01:27:08+08:00
Congrégation	sf	 - de la Propagande. (C).	圣教圣部	seng’ kiao’ seng’ bou’.		聖教聖部		138		true	自旧档汇入	2026-04-13T01:27:08+08:00
Congrégation	sf	 - des Rites. (C).	圣教礼部	seng’ kiao’ ’li bou’.		聖教禮部		138		true	自旧档汇入	2026-04-13T01:27:08+08:00
Congrégation	sf	 - des Indulgences. (C).	恩赦圣部	en souo’ seng’ bou’.		恩赦聖部		138		true	自旧档汇入	2026-04-13T01:27:08+08:00
Congrégation	sf	Préfet d'une - romaine.	尚书	zang’ su.		尚書		138		true	自旧档汇入	2026-04-13T01:27:08+08:00
Congrès	sm		会议	kong wei’ gni’.		公會議		138		true	自旧档汇入	2026-04-13T01:27:08+08:00
Conique	adj		圆锥形的	tsié yeu ke’.		尖圓个		138		true	自旧档汇入	2026-04-13T01:27:08+08:00
Conjecturer	va		猜度，猜想，料想，测度，约莫，揣着	ts‘ai doh.		猜度		138		true	自旧档汇入	2026-04-13T01:27:08+08:00
Conjecturer	va		猜度，猜想，料想，测度，约莫，揣着	t‘sai ’siang.		猜想		138		true	自旧档汇入	2026-04-13T01:27:08+08:00
Conjecturer	va		猜度，猜想，料想，测度，约莫，揣着	gneh liao’.		逆料		138		true	自旧档汇入	2026-04-13T01:27:08+08:00
Conjecturer	va		猜度，猜想，料想，测度，约莫，揣着	liao’ siang.	liao’ ’siang.	料想		138		true	自旧档汇入	2026-04-13T01:27:08+08:00
Conjecturer	va		猜度，猜想，料想，测度，约莫，揣着	t‘séh doh.	ts‘éh doh	測度		138	印刷錯誤	true	自旧档汇入	2026-04-13T01:27:08+08:00
Conjecturer	va		猜度，猜想，料想，测度，约莫，揣着	yah moh.		約摸		138		true	自旧档汇入	2026-04-13T01:27:08+08:00
Conjecturer	va		猜度，猜想，料想，测度，约莫，揣着	’ts‘é zah.		揣着		138		true	自旧档汇入	2026-04-13T01:27:08+08:00
Conjoindre	va		接连	tsih lié.		接連		138		true	自旧档汇入	2026-04-13T01:27:08+08:00
Conjoindre	va		接连	lié ’long lai.		連攏來		138		true	自旧档汇入	2026-04-13T01:27:08+08:00
Conjoindre	va		接连	p‘ei’ ’long lai.		配攏來		138		true	自旧档汇入	2026-04-13T01:27:08+08:00
Conjoindre	va		接连	ping’ ’long lai.		併攏來		138		true	自旧档汇入	2026-04-13T01:27:08+08:00
Conjointement	adv		一块，一起	ih k‘oei’.		一塊		138		true	自旧档汇入	2026-04-13T01:27:08+08:00
Conjointement	adv		一块，一起	ih dao.		一淘		138		true	自旧档汇入	2026-04-13T01:27:08+08:00
Conjointement	adv		一块，一起	i zi.		一齊		138		true	自旧档汇入	2026-04-13T01:27:08+08:00
Conjoncture	sf		光景，情形，机会	koang ’kieng.		光景		138		true	自旧档汇入	2026-04-13T01:27:08+08:00
Conjoncture	sf		光景，情形，机会	zing yeng.		情形		138		true	自旧档汇入	2026-04-13T01:27:08+08:00
Conjoncture	sf		光景，情形，机会	ki wei’.		機會		138		true	自旧档汇入	2026-04-13T01:27:08+08:00
Conjoncture	sf	En cette -.	在这个关头	bang zah(tao’) di’ ke’ koang ’kieng.		碰着（到）第个光景		138		true	自旧档汇入	2026-04-13T01:27:08+08:00
Conjugal	adj		夫妇的，夫妻的	fou wou’ ke’.		夫婦个		138		true	自旧档汇入	2026-04-13T01:27:08+08:00
Conjugal	adj		夫妇的，夫妻的	fou ts‘i ke’.		夫妻个		138		true	自旧档汇入	2026-04-13T01:27:08+08:00
Conjugal	adj		夫妇的，夫妻的	fou ts‘i dao ’li.		夫妻淘裏		138		true	自旧档汇入	2026-04-13T01:27:08+08:00
Conjuré	pp		合同谋反的，结党的	héh dong meû ’fè ke’.		合同謀反个		138		true	自旧档汇入	2026-04-13T01:27:08+08:00
Conjuré	pp		合同谋反的，结党的	kiéh ’taong ke’.		結黨个		138		true	自旧档汇入	2026-04-13T01:27:08+08:00
Conjurer	va	Comploter.	谋反	meû ’fè.		謀反		138		true	自旧档汇入	2026-04-13T01:27:08+08:00
Conjurer	va	Supplier.	苦求，哀求，恳求	’k‘ou ghieû.		苦求		138		true	自旧档汇入	2026-04-13T01:27:08+08:00
Conjurer	va	Supplier.	苦求，哀求，恳求	ai ghieû.		哀求		138		true	自旧档汇入	2026-04-13T01:27:08+08:00
Conjurer	va	Supplier.	苦求，哀求，恳求	’k‘en ghieû.		懇求		138		true	自旧档汇入	2026-04-13T01:27:08+08:00
Conjurer	va	Détourner: - un malheur.	防备患难	baong bei’ wè’ nè.		防備患難		138		true	自旧档汇入	2026-04-13T01:27:08+08:00
Conjurer	va	Exorciser. (C).	驱魔，赶魔鬼	k‘iu mô.		驅魔		138		true	自旧档汇入	2026-04-13T01:27:08+08:00
Conjurer	va	Exorciser. (C).	驱魔，赶魔鬼	’keu mô ’kiu.		赶魔鬼		138	保留簡體	true	自旧档汇入	2026-04-13T01:27:08+08:00
Connaissance	sf	Savoir.	学问	hoh ven’.		學問		139		true	自旧档汇入	2026-04-13T01:27:08+08:00
Connaissance	sf	Le malade a encore sa -.	病人还有意识	bing’ gnen wè ts‘ing ’saong.		病人還清爽		139		true	自旧档汇入	2026-04-13T01:27:08+08:00
Connaissance	sf	Le malade a encore sa -.	病人还有意识	bing’ gnen wè véh zeng hoen.	bing’ gnen wè véh zeng h‘oen.	病人還勿曾昏		139		true	自旧档汇入	2026-04-13T01:27:08+08:00
Connaissance	sf	Perdre -.	不省人事	maong ts‘éh k‘i’.		忙出去	？出去	139		true	自旧档汇入	2026-04-13T01:27:08+08:00
Connaissance	sf	Perdre -.	不省人事	péh sing zen ze’ véh ’hiao teh ’la ’tsé.	péh ’sing zen ze’ véh ’hiao teh ’la ’tsé.	不省人事勿曉得拉者		139	待定	true	自旧档汇入	2026-04-13T01:27:08+08:00
Connaissance	sf	Reprendre -.	苏醒，重新清爽	zong sin ts‘ing ’saong ’tsé.		重新清爽者		139		true	自旧档汇入	2026-04-13T01:27:08+08:00
Connaissance	sf	Reprendre -.	苏醒，重新清爽	zong sin ’sing ’ze ’tsé lai ’tsé.	zong sin ’sing ze’ ’tsé lai ’tsé.	重新醒是轉來者		139		true	自旧档汇入	2026-04-13T01:27:08+08:00
Connaissance	sf	Personne connue.	熟人，认识的人	zôh gnen.		熟人		139		true	自旧档汇入	2026-04-13T01:27:08+08:00
Connaissance	sf	Personne connue.	熟人，认识的人	gnen’ teh ke’ gnen.		認得个人		139		true	自旧档汇入	2026-04-13T01:27:08+08:00
Connaissement	sm		货单，货色单纸	fou’ tè.		貨單		139		true	自旧档汇入	2026-04-13T01:27:08+08:00
Connaissement	sm		货单，货色单纸	fou’ séh tè ’tse.		貨色單紙		139	待定	true	自旧档汇入	2026-04-13T01:27:08+08:00
Connaisseur	sm		行家的，内行的	seh fou’ ke’ gnen.		識貨个人		139		true	自旧档汇入	2026-04-13T01:27:08+08:00
Connaisseur	sm		行家的，内行的	tsing kong ke’.		精工个		139		true	自旧档汇入	2026-04-13T01:27:08+08:00
Connaître	va	Savoir.	晓得，认得，识	’hiao teh.		曉得		139		true	自旧档汇入	2026-04-13T01:27:08+08:00
Connaître	va	Savoir.	晓得，认得，识	gnen’ teh.		認得		139		true	自旧档汇入	2026-04-13T01:27:08+08:00
Connaître	va	Savoir.	晓得，认得，识	seh.		識		139		true	自旧档汇入	2026-04-13T01:27:08+08:00
Connaître	va	Avoir la pratique, l'usage de.	会，熟，识事务，熟悉	wei’.		會		139		true	自旧档汇入	2026-04-13T01:27:08+08:00
Connaître	va	Avoir la pratique, l'usage de.	会，熟，识事务，熟悉	zôh.		熟		139		true	自旧档汇入	2026-04-13T01:27:08+08:00
Connaître	va	Avoir la pratique, l'usage de.	会，熟，识事务，熟悉	seh ze’ wou’.		識事務		139		true	自旧档汇入	2026-04-13T01:27:08+08:00
Connaître	va	Avoir la pratique, l'usage de.	会，熟，识事务，熟悉	zôh sieh.		熟悉		139		true	自旧档汇入	2026-04-13T01:27:08+08:00
Connaître	va	 - qqn.	认识	gnen’ teh.		認得		139		true	自旧档汇入	2026-04-13T01:27:08+08:00
Connaître	va	Se faire -. Se faire un nom.	出名	ts‘éh ming.		出名		139		true	自旧档汇入	2026-04-13T01:27:08+08:00
Connaître	va	Se faire -. Se faire un nom.	出名	yao’ ’hiang.		要响		139	保留簡體	true	自旧档汇入	2026-04-13T01:27:08+08:00
Connaître	va	Ne pas se -.	不认识	véh gnen’ teh ze’ ka.		勿認得自家		139		true	自旧档汇入	2026-04-13T01:27:08+08:00
Connaître	va	Ne plus se -. Être hors de soi.	发昏，魂不附体	fèh hoen.	fèh h‘oen.	發昏		139		true	自旧档汇入	2026-04-13T01:27:08+08:00
Connaître	va	Ne plus se -. Être hors de soi.	发昏，魂不附体	zen(wen) péh wou t‘i.	zen(wen) péh wou’ t‘i.	神（魂）不附體		139		true	自旧档汇入	2026-04-13T01:27:08+08:00
Connexe	adj		相关的	tsih lié ke’.		接連个		139		true	自旧档汇入	2026-04-13T01:27:08+08:00
Connexe	adj		相关的	siang lié ke’.		相連个		139		true	自旧档汇入	2026-04-13T01:27:08+08:00
Connivence	sf	Être de -.	容情	yong zing.		容情		139		true	自旧档汇入	2026-04-13T01:27:08+08:00
Connivence	sf	Être de -.	串通一气的	ih ’k‘eû k‘i’.		一口氣		139		true	自旧档汇入	2026-04-13T01:27:08+08:00
Connivence	sf	Être de -.	串通一气的	’ngè k‘ai ’ngè pi’.		眼開眼閉		139		true	自旧档汇入	2026-04-13T01:27:08+08:00
Connu	adj	Célèbre.	出名的，有名声的	ts‘éh ming ke’.		出名个		139		true	自旧档汇入	2026-04-13T01:27:08+08:00
Connu	adj	Célèbre.	出名的，有名声的	’yeû ming sang ke’.		有名聲个		139		true	自旧档汇入	2026-04-13T01:27:08+08:00
Connu	adj	 - de vue. 	面熟	mié’ zôh.		面熟		139		true	自旧档汇入	2026-04-13T01:27:08+08:00
Connu	adj	Pas - de vue.	陌生	mah sang.		陌生		139		true	自旧档汇入	2026-04-13T01:27:08+08:00
Conquis	pp	[Pays].	无所顾忌的	teh seng’ kou’ lai ke’.		得勝過來个		139		true	自旧档汇入	2026-04-13T01:27:08+08:00
Consacrer	va	Offrir à Dieu.	献给天主，奉献	hié’ péh t‘ié tsu.	hié’ péh t‘ié ’tsu.	獻撥天主		139		true	自旧档汇入	2026-04-13T01:27:08+08:00
Consacrer	va	Offrir à Dieu.	献给天主，奉献	wong’ hié’.		奉獻		139		true	自旧档汇入	2026-04-13T01:27:08+08:00
Consacrer	va	Rendre sacré.	使神圣	seng’.		聖		139		true	自旧档汇入	2026-04-13T01:27:08+08:00
Consacrer	va	 - la Ste Eucharistie. (C).	成圣经	zeng seng’ ’t‘i.		成聖體		139		true	自旧档汇入	2026-04-13T01:27:08+08:00
Consacrer	vr	Se - à (une occupation).	专务	tsé wou’.		專務		139		true	自旧档汇入	2026-04-13T01:27:08+08:00
Consanguin	adj		嫡亲	tieh ts‘in.		嫡親		139		true	自旧档汇入	2026-04-13T01:27:08+08:00
Conscience	sf		良心	liang sin.		良心		139		true	自旧档汇入	2026-04-13T01:27:08+08:00
Conscience	sf	Avoir perdu toute -.	失去良心	saong’ h‘eh liang sin.		喪黑良心		139		true	自旧档汇入	2026-04-13T01:27:08+08:00
Conscience	sf	Agir contre sa -.	埋没良心，做虚心事	ma meh liang sin.	ma méh liang sin.	埋没良心		139	待定	true	自旧档汇入	2026-04-13T01:27:08+08:00
Conscience	sf	Agir contre sa -.	埋没良心，做虚心事	tsou’ hiu sin ze’ ’t‘i.		做虚心事體		139		true	自旧档汇入	2026-04-13T01:27:08+08:00
Conscience	sf	Ne pouvoir suporter les reproches de sa -.	对不起良心	tei’ véh zu’ liang sin.		對勿住良心		140	Ne pouvoir supporter les reproches de sa -.	true	自旧档汇入	2026-04-13T01:27:08+08:00
Conscience	sf	Ne pouvoir suporter les reproches de sa -.	对不起良心	’ngao liang sin.		咬良心		140	Ne pouvoir supporter les reproches de sa -.	true	自旧档汇入	2026-04-13T01:27:08+08:00
Conscience	sf	N'avoir pas - de ses actes.	不知道轻重，不识好歹	véh ’hiao teh k‘ieng zong’.		勿曉得輕重		140		true	自旧档汇入	2026-04-13T01:27:08+08:00
Conscience	sf	N'avoir pas - de ses actes.	不知道轻重，不识好歹	véh seh ’h‘ao k‘ieû.		勿識好恘		140		true	自旧档汇入	2026-04-13T01:27:08+08:00
Conscience	loc.adv.	En -. Vraiment.	实在，真真实实	zéh zai’.		實在		140		true	自旧档汇入	2026-04-13T01:27:08+08:00
Conscience	loc.adv.	En -. Vraiment.	实在，真真实实	tsen tsen zéh zéh.		真真實實		140		true	自旧档汇入	2026-04-13T01:27:08+08:00
Consciencieux	adj		有良心的，细心的	’yeû liang sin ke’.		有良心个		140		true	自旧档汇入	2026-04-13T01:27:08+08:00
Consciencieux	adj		有良心的，细心的	pouo si’.	’pouo si’.	把細		140		true	自旧档汇入	2026-04-13T01:27:08+08:00
Consciencieux	adj		有良心的，细心的	si’ sin.		細心		140		true	自旧档汇入	2026-04-13T01:27:08+08:00
Consciencieux	adj	Conforme à la conscience.	凭良心	tsao’ liang sin.		照良心		140		true	自旧档汇入	2026-04-13T01:27:08+08:00
Conscrit	sm		新兵	sin ping.		新兵		140		true	自旧档汇入	2026-04-13T01:27:08+08:00
Consécration	sf	(C).	成圣体的时候	zeng seng’ ’t‘i.		成聖體		140		true	自旧档汇入	2026-04-13T01:27:08+08:00
Consécration	sf	Moment de la -. (C).	成圣体的时候	zeng seng’ ’t‘i ke’ ze heû’.		成聖體个時候		140		true	自旧档汇入	2026-04-13T01:27:08+08:00
Consécutif	adj		连续的，一连	lih.		曆		140	待定	true	自旧档汇入	2026-04-13T01:27:08+08:00
Consécutif	adj		连续的，一连	lié.		連		140		true	自旧档汇入	2026-04-13T01:27:08+08:00
Consécutif	adj		连续的，一连	ih lié.		一連		140		true	自旧档汇入	2026-04-13T01:27:08+08:00
Conseil	sm	Demander -.	指教，提醒	’tse kiao’.		指教		140		true	自旧档汇入	2026-04-13T01:27:08+08:00
Conseil	sm	Demander -.	指教，提醒	di ’sing.		提醒		140		true	自旧档汇入	2026-04-13T01:27:08+08:00
Conseil	sm	Demander -.	请教	’ts‘ing kiao’.		請教		140		true	自旧档汇入	2026-04-13T01:27:08+08:00
Conseil	sm	 - d'État.	军机	kiun ki.		軍機		140		true	自旧档汇入	2026-04-13T01:27:08+08:00
Conseil	sm	 - privé de l'Empereur.	内阁	nei’ koh.		内閣		140		true	自旧档汇入	2026-04-13T01:27:08+08:00
Conseiller		d'un mandarin.	师爷	se ya.		師爺		140		true	自旧档汇入	2026-04-13T01:27:08+08:00
Conseiller		 - de l'Empereur.	阁老	koh ’lao.		閣老		140		true	自旧档汇入	2026-04-13T01:27:08+08:00
Conseiller	va	qqn. Lui donner un conseil.	替别人出主意	t‘i’ biéh gnen ts‘éh ’tsu i’.		替别人出主意		140		true	自旧档汇入	2026-04-13T01:27:08+08:00
Conseiller	va	Guider par ses conseils.	指点，指引	’tse ’tié.		指点		140	保留簡體	true	自旧档汇入	2026-04-13T01:27:08+08:00
Conseiller	va	Guider par ses conseils.	指点，指引	’tse ’yen.		指引		140		true	自旧档汇入	2026-04-13T01:27:08+08:00
Consentir	vn		允许，应允，答应，应承	’yun ’hiu.		允許		140		true	自旧档汇入	2026-04-13T01:27:08+08:00
Consentir	vn		允许，应允，答应，应承	yeng’ ’yun.		應允		140		true	自旧档汇入	2026-04-13T01:27:08+08:00
Consentir	vn		允许，应允，答应，应承	tèh yeng’.		答應		140	原作“荅應”	true	自旧档汇入	2026-04-13T01:27:08+08:00
Consentir	vn		允许，应允，答应，应承	yeng’ zeng.		應承		140		true	自旧档汇入	2026-04-13T01:27:08+08:00
Conséquence	sf	Conclusion.	推论，后果	ts‘u yih.		推憶		140		true	自旧档汇入	2026-04-13T01:27:08+08:00
Conséquence	sf	Tirer une -.	得出推论	ts‘u len’.		推論		140		true	自旧档汇入	2026-04-13T01:27:08+08:00
Conséquence	sf	Suite.	关系	koè i’.		關係		140		true	自旧档汇入	2026-04-13T01:27:08+08:00
Conséquence	sf	Avoir des -s.	有关系	’yeû koè i’.		有關係		140		true	自旧档汇入	2026-04-13T01:27:08+08:00
Conséquence	sf	Agir sans souci des -s.	不顾后果地行动	kou’ zié’ véh kou’ ’heû.		顧前勿顧後		140		true	自旧档汇入	2026-04-13T01:27:08+08:00
Conséquence	sf	Subir les -s d'une faute.	承担犯错的后果	ze’ ka tsou’ ze’ ze’ ka taong.		自家做事自家當		140		true	自旧档汇入	2026-04-13T01:27:08+08:00
Conséquence	sf	L'auteur de l'acte en subit les -s.	一人做事一人当，自做自得	ih sen tsou’ ze’ ih sen taong.		一身做事一身當		140		true	自旧档汇入	2026-04-13T01:27:08+08:00
Conséquence	sf	L'auteur de l'acte en subit les -s.	一人做事一人当，自做自得	ze’ tsou’ ze’ teh.		自做自得		140		true	自旧档汇入	2026-04-13T01:27:08+08:00
Conséquence	sf	J'accepte les -s de mon acte.	我敢作敢当	’ngou ’ké tsou’ ’ké taong.		我敢做敢當		140		true	自旧档汇入	2026-04-13T01:27:08+08:00
Conséquence	sf	En - de.	为此缘故，由于	wei’ ’ts‘e yeu kou’.		為此緣故		140		true	自旧档汇入	2026-04-13T01:27:08+08:00
Conséquence	sf	En - de.	为此缘故，由于	ka’ lao.	ka’ ’lao.	介咾		140		true	自旧档汇入	2026-04-13T01:27:08+08:00
Conséquence	sf	En - de.	为此缘故，由于	ka’ méh.		介末		140		true	自旧档汇入	2026-04-13T01:27:08+08:00
Conséquence	sf	En - de.	为此缘故，由于	kéh méh.		盖末		140	待定 保留簡體	true	自旧档汇入	2026-04-13T01:27:08+08:00
Conséquent	adj	dans ses paroles.	彻底的，一贯的	seh wo’ siang tei’.		説話相對		140		true	自旧档汇入	2026-04-13T01:27:08+08:00
Conséquent	loc.adv.	Par -.	所以，因此	’sou ’i.		所以		140		true	自旧档汇入	2026-04-13T01:27:08+08:00
Conséquent	loc.adv.	Par -.	所以，因此	yen ’ts‘e.		因此		140		true	自旧档汇入	2026-04-13T01:27:08+08:00
Conservation	sf		保存	’pao zen.		保存		140		true	自旧档汇入	2026-04-13T01:27:08+08:00
Conservation	sf	Avoir l'instinct de la -.	贪生怕死的	t‘é sang’ p‘ouo’ ’si ke’.	t‘é sang p‘ouo’ ’si ke’.	貪生怕死个		140		true	自旧档汇入	2026-04-13T01:27:08+08:00
Conserve	loc.adv.	(De).	一起	ih zi.		一齊		140		true	自旧档汇入	2026-04-13T01:27:08+08:00
Conserve	loc.adv.	(De).	一起	ih dao.		一淘		140		true	自旧档汇入	2026-04-13T01:27:08+08:00
Conserve	loc.adv.	Voyager de -.	打帮走	’tang paong ’tseû.		打帮走		140		true	自旧档汇入	2026-04-13T01:27:08+08:00
Conserves	sf.pl.	Lunettes.	平光眼镜	bing koang ’ngè kieng’.		平光眼鏡		140		true	自旧档汇入	2026-04-13T01:27:08+08:00
Conserves	sf.pl.	légumes salés	咸菜	hè’ ts‘ai’	hè ts‘ai’	鹹菜		141		true	自旧档汇入	2026-04-13T01:27:08+08:00
Conserves	sf.pl.	Fruits secs. ,, confits. 	果干	’keu ’kou	keu ’kou	乾果		141		true	自旧档汇入	2026-04-13T01:27:08+08:00
Conserves	sf.pl.	Fruits secs. ,, confits. 	果干	daong ’kou		糖果		141		true	自旧档汇入	2026-04-13T01:27:08+08:00
Conserver	va.		保存	’pao zen		保存		141		true	自旧档汇入	2026-04-13T01:27:08+08:00
Conserver	va.		保存	zen lieû		存留		141		true	自旧档汇入	2026-04-13T01:27:08+08:00
Conserver	va.		保存	baong ’seû		防守		141		true	自旧档汇入	2026-04-13T01:27:08+08:00
Conserver	va.	Maintenir en bon état	保养	zen		存		141		true	自旧档汇入	2026-04-13T01:27:08+08:00
Conserver	va.	Maintenir en bon état	保养	’pao ’zong		保重		141		true	自旧档汇入	2026-04-13T01:27:08+08:00
Conserver	va.	Garder qqn ou qqch.	保留	lieû zu’ i		留住伊		141		true	自旧档汇入	2026-04-13T01:27:08+08:00
Conserver	va.	Garder qqn ou qqch.	保留	zen lieû ’la		存留拉		141		true	自旧档汇入	2026-04-13T01:27:08+08:00
Conserver	va.	Garder qqn ou qqch.	保留	faong ’la	faong’ ’la	放拉		141		true	自旧档汇入	2026-04-13T01:27:08+08:00
Conserver	vr.	Se-.Ne pas se gâter	被保持，保养	’pa ’la ’pa véh wa’ ke’		擺拉擺勿壞个		141		true	自旧档汇入	2026-04-13T01:27:08+08:00
Considérable	adj.		重要，大量	dou’ ke’		大个		141		true	自旧档汇入	2026-04-13T01:27:08+08:00
Considérable	adj.		重要，大量	da’		大		141		true	自旧档汇入	2026-04-13T01:27:08+08:00
Considération	sf. 	Respect	重视	’siang deû		想頭		141		true	自旧档汇入	2026-04-13T01:27:08+08:00
Considération	sf. 	Respect	重视	k‘eu’ ’zong		看重		141		true	自旧档汇入	2026-04-13T01:27:08+08:00
Considération	sf. 	Iljouit d'une grande - .	敬重	da’ kai’ k‘eu’ ’zong(kieng’ woh) i ke’		大概看重（敬服）伊个		141		true	自旧档汇入	2026-04-13T01:27:08+08:00
Considération	sf. 	En - de	鉴于	k‘eu’		看		141		true	自旧档汇入	2026-04-13T01:27:08+08:00
Considération	sf. 	Par - pour lui	鉴于	k‘eu’ ’i ke’ mié’ laong’		看伊个面上		141		true	自旧档汇入	2026-04-13T01:27:08+08:00
Considération	sf. 	Par - pour lui	鉴于	déh wei’ i		特為伊		141		true	自旧档汇入	2026-04-13T01:27:08+08:00
Considéré	pp.	(Tout bien)	受尊重的，诶考虑的(总而言之)	’siang k‘i’ ’siang lai		想去想來		141		true	自旧档汇入	2026-04-13T01:27:08+08:00
Considérer	va.	Regarder	端详	lieû sin k‘eu’ k‘eu’ k‘eu’		留心看看看		141		true	自旧档汇入	2026-04-13T01:27:08+08:00
Considérer	va.	Estimer	尊重	k‘eu’ ’zong		看重		141		true	自旧档汇入	2026-04-13T01:27:08+08:00
Considérer	va.	Estimer	尊重	tsen ’zong		尊重		141		true	自旧档汇入	2026-04-13T01:27:08+08:00
Considérer	va.	Penser	考虑	’siang ih ’siang		想一想		141		true	自旧档汇入	2026-04-13T01:27:08+08:00
Consigne	sf.		命令	hao’ ling’		號令		141		true	自旧档汇入	2026-04-13T01:27:08+08:00
Consigner	va.	par écrit	记载	’sia		寫		141		true	自旧档汇入	2026-04-13T01:27:08+08:00
Consigner	va.	par écrit	记载	ki’ tsai’		記載		141		true	自旧档汇入	2026-04-13T01:27:08+08:00
Consigner	va.	par écrit	记载	’sia ’la ki’ ’h‘ao’la		寫拉記好拉		141		true	自旧档汇入	2026-04-13T01:27:08+08:00
Consigner	va.	—de l'argent	寄存	ding’ dié		定錢		141		true	自旧档汇入	2026-04-13T01:27:08+08:00
Consigner	va.	—une barque	禁止出入	fong zé		封船		141		true	自旧档汇入	2026-04-13T01:27:08+08:00
Consigner	va.	—Les troupes à la caserne	禁止出入	kien’ ’tse ts‘éh yeng		禁止出營		141		true	自旧档汇入	2026-04-13T01:27:08+08:00
Consistance	sf.		坚固，浓厚	kié kou’		堅固		141		true	自旧档汇入	2026-04-13T01:27:08+08:00
Consistance	sf.		坚固，浓厚	lao ngang’		牢硬		141		true	自旧档汇入	2026-04-13T01:27:08+08:00
Consistance	sf.		坚固，浓厚	zah zéh		着實		141		true	自旧档汇入	2026-04-13T01:27:08+08:00
Consister	vn.	en  	关于，在于	ze’		是		141		true	自旧档汇入	2026-04-13T01:27:08+08:00
Consister	vn.	en  	关于，在于	zieû’ ze’		就是		141		true	自旧档汇入	2026-04-13T01:27:08+08:00
Consolation	sf.	spirituelle	慰藉	zen wei’		神慰		141		true	自旧档汇入	2026-04-13T01:27:08+08:00
Consoler	va.		安慰	eu wei’		安慰		141		true	自旧档汇入	2026-04-13T01:27:08+08:00
Consolider	va.		加固	kié kou’		堅固		141		true	自旧档汇入	2026-04-13T01:27:08+08:00
Consolider	va.		加固	tsou’ tsou’ lao		做做牢		141		true	自旧档汇入	2026-04-13T01:27:08+08:00
Consommation	sf.	Conlusion d'une affaire	完成，消费	seû zang		收場		141		true	自旧档汇入	2026-04-13T01:27:08+08:00
Consommation	sf.	Garder pour sa -	完成，消费	lieû ’la ze’ ka k‘ieh ke’		留拉自家吃个		141		true	自旧档汇入	2026-04-13T01:27:08+08:00
Consommer	va.		消费,消耗	yong’ wé		用完		141		true	自旧档汇入	2026-04-13T01:27:08+08:00
Consommer	va.		消费,消耗	yong’ koang		用光		141		true	自旧档汇入	2026-04-13T01:27:08+08:00
Consommer	va.	Achever	完成 	tsou’ wé		做完		141		true	自旧档汇入	2026-04-13T01:27:08+08:00
Consommer	va.	Achever	完成 	’mé kong		滿工		141		true	自旧档汇入	2026-04-13T01:27:08+08:00
Consommer	va.	Achever	完成 	yeu ’mé		圓滿		141		true	自旧档汇入	2026-04-13T01:27:08+08:00
Consommer	va.	Achever	完成 	zeng kong		成功		141		true	自旧档汇入	2026-04-13T01:27:08+08:00
Consomption	sf.	Phtisie	痨病，衰竭	lao bing’		癆病		141		true	自旧档汇入	2026-04-13T01:27:08+08:00
Consomption	sf.	Phtisie	痨病，衰竭	lao saong		癆傷		141		true	自旧档汇入	2026-04-13T01:27:08+08:00
Consonance	sf.		同韵	yun’		韵		141		true	自旧档汇入	2026-04-13T01:27:08+08:00
Consonance	sf.		同韵	dong yen		同音		141		true	自旧档汇入	2026-04-13T01:27:08+08:00
Consonne	sf.		辅音	’vou yen ke’ ze’		輔音个字		141		true	自旧档汇入	2026-04-13T01:27:08+08:00
Conspirer	vn.		密谋	meû ’fè		謀反		141		true	自旧档汇入	2026-04-13T01:27:08+08:00
Conspirer	vn.		密谋	’k‘i ’fè		起反		141		true	自旧档汇入	2026-04-13T01:27:08+08:00
Conspirer	vn.		密谋	ts‘é’ t‘ong		串通		141		true	自旧档汇入	2026-04-13T01:27:08+08:00
Conspuer	va.		当众嘲笑，喝倒彩	k‘i ’wou		欺侮		142		true	自旧档汇入	2026-04-13T01:27:08+08:00
Conspuer	va.		当众嘲笑，喝倒彩	’tsong gnen men’ zié ling zôh	tsong’ gnen men zié ling zôh	衆人門前凌辱		142		true	自旧档汇入	2026-04-13T01:27:08+08:00
Constamment	adv.		经常	’waong ’waong		往往		142		true	自旧档汇入	2026-04-13T01:27:08+08:00
Constamment	adv.		经常	zang ze		常時		142		true	自旧档汇入	2026-04-13T01:27:08+08:00
Constance	sf.		坚定，忠实	’yeû zang sin ke’		有常心个		142		true	自旧档汇入	2026-04-13T01:27:08+08:00
Constance	sf.		坚定，忠实	’yeû sin siang ke’		有心相个		142		true	自旧档汇入	2026-04-13T01:27:08+08:00
Constance	sf.	Manquer de -	坚定，忠实	pé’ dou eul fi’		半途而廢		142		true	自旧档汇入	2026-04-13T01:27:08+08:00
Constant	adj.	Continu	坚持的，忠贞的	zang sin		常心		142		true	自旧档汇入	2026-04-13T01:27:08+08:00
Constant	adj.	Continu	坚持的，忠贞的	zang zang		常常		142		true	自旧档汇入	2026-04-13T01:27:08+08:00
Constant	adj.	Continu	坚持的，忠贞的	zang tsaong		常庄	常樁	142		true	自旧档汇入	2026-04-13T01:27:08+08:00
Constant	adj.	Indubitable	不变的	zang zang véh pié’		常常勿變		142		true	自旧档汇入	2026-04-13T01:27:08+08:00
Constant	adj.	Indubitable	不变的	ih ding’ ke’		一定个		142		true	自旧档汇入	2026-04-13T01:27:08+08:00
Constaté	pp.	Fait bien -	确认	zah zéh ke’		着實个		142		true	自旧档汇入	2026-04-13T01:27:08+08:00
Constaté	pp.	Fait bien -	确认	m gni woh ke’		無疑惑个	嘸疑惑察个	142		true	自旧档汇入	2026-04-13T01:27:08+08:00
Constater	va.		观察，确认	ts‘èh ts‘éh		察出		142		true	自旧档汇入	2026-04-13T01:27:08+08:00
Constater	va.		观察，确认	zouo ts‘éh		查出		142		true	自旧档汇入	2026-04-13T01:27:08+08:00
Constellation	sf.		星座	sing sieû’		星宿		142		true	自旧档汇入	2026-04-13T01:27:08+08:00
Consterné	pp.		沮丧	hah lai t‘è hieng’	h‘ah lai t‘è hieng’	嚇來坍興		142		true	自旧档汇入	2026-04-13T01:27:08+08:00
Constipation	sf.		便秘	da’ bié’ péh t‘ong		大便不通		142		true	自旧档汇入	2026-04-13T01:27:08+08:00
Constipé	pp.		便秘的	ze bing’		滯病		142	待定	true	自旧档汇入	2026-04-13T01:27:08+08:00
Constituer	va.	Former un tout	组成	héh zeng		合成		142		true	自旧档汇入	2026-04-13T01:27:08+08:00
Constituer	va.	Former un tout	组成	p‘ei’ zeng		配成		142		true	自旧档汇入	2026-04-13T01:27:08+08:00
Constituer	va.	établir	建立	séh lih		設立		142		true	自旧档汇入	2026-04-13T01:27:08+08:00
Constituer	va.	établir	建立	ts‘aong’ lih		創立		142		true	自旧档汇入	2026-04-13T01:27:08+08:00
Constituer	va.	établir	建立	lih ding’		立定		142		true	自旧档汇入	2026-04-13T01:27:08+08:00
Constituer	va.	Organiser	组织	eu ba		安排		142		true	自旧档汇入	2026-04-13T01:27:08+08:00
Constitution	sf.	tempérament	体质	’t‘i k‘i’		體氣		142		true	自旧档汇入	2026-04-13T01:27:08+08:00
Constitution	sf.	tempérament	体质	’pen tséh		本質		142		true	自旧档汇入	2026-04-13T01:27:08+08:00
Constitution	sf.	Ruiner la -	体质	saong gneu k‘i’		傷原氣		142		true	自旧档汇入	2026-04-13T01:27:08+08:00
Constitution	sf.	Faible de-	体质	’t‘i k‘i’ ’gneu zah		體氣軟弱		142		true	自旧档汇入	2026-04-13T01:27:08+08:00
Constitution	sf.	— d'un État	宪法	kôh fèh		國法		142		true	自旧档汇入	2026-04-13T01:27:08+08:00
Construire	va.		建造	zao’		造		142		true	自旧档汇入	2026-04-13T01:27:08+08:00
Construire	va.		建造	’k‘i		起		142		true	自旧档汇入	2026-04-13T01:27:08+08:00
Construire	va.		建造	’tang		打		142		true	自旧档汇入	2026-04-13T01:27:08+08:00
Construire	va.		建造	tsi’	ts‘i’	砌		142		true	自旧档汇入	2026-04-13T01:27:08+08:00
Construire	va.		建造	tsôh		築		142		true	自旧档汇入	2026-04-13T01:27:08+08:00
Consubstantiel	adj.		共存的	ih sing’ ih ’t‘i		一性一體		142		true	自旧档汇入	2026-04-13T01:27:08+08:00
Consul	sm.		领事	’ling ze’ koé		領事官		142		true	自旧档汇入	2026-04-13T01:27:08+08:00
Consulat	sm.		领事馆，领事的任期或职位	’ling ze’ koé nga men		領事官衙門		142		true	自旧档汇入	2026-04-13T01:27:08+08:00
Consultation	sf.		会诊	men tsen	men ’tsen	門診		142		true	自旧档汇入	2026-04-13T01:27:08+08:00
Consultation	sf.		会诊	men’ tseng	men’ tseng’	問症		142		true	自旧档汇入	2026-04-13T01:27:08+08:00
Consultation	sf.		会诊	men’ bing’ zing		問病情		142		true	自旧档汇入	2026-04-13T01:27:08+08:00
Consulte	sf.	Tenir-	商量	saong liang 		商量		142	待定	true	自旧档汇入	2026-04-13T01:27:08+08:00
Consulte	sf.	Tenir-	商量	saong gni’		商議		142		true	自旧档汇入	2026-04-13T01:27:08+08:00
Consulter	va.		商议	’ts‘ing kiao’		請教		142		true	自旧档汇入	2026-04-13T01:27:08+08:00
Consulter	va.		商议	men’ men’		問問		142		true	自旧档汇入	2026-04-13T01:27:08+08:00
Consulter	va.	—le fong-choei (Pa）	咨询	k‘eu’ fong ’se		看風水		142		true	自旧档汇入	2026-04-13T01:27:08+08:00
Consumer	va.	dépenser	消耗	yong ’koang	yong’ koang	用光		142	印刷錯誤	true	自旧档汇入	2026-04-13T01:27:08+08:00
Consumer	va.	dépenser	消耗	yong’ wé		用完		142		true	自旧档汇入	2026-04-13T01:27:08+08:00
Consumer	va.	détruire	毁灭	miéh t‘éh		滅脱		142		true	自旧档汇入	2026-04-13T01:27:08+08:00
Contact	sm.	avec	联系	siang lié 		相連		142		true	自旧档汇入	2026-04-13T01:27:08+08:00
Contact	sm.	avec	联系	tsih zah		接着		142		true	自旧档汇入	2026-04-13T01:27:08+08:00
Contagieux	adj.		传染的	tèh ke	tèh ke’	搭个		142		true	自旧档汇入	2026-04-13T01:27:08+08:00
Contagieux	adj.		传染的	kou’ gnen ke’		過人个		142		true	自旧档汇入	2026-04-13T01:27:08+08:00
Contaminer	va.	Maladie contagieuse	传染的	wen yôh bing’		瘟疫病		142		true	自旧档汇入	2026-04-13T01:27:08+08:00
Contaminer	va.		传染 	tsé ’zé		沾染		142		true	自旧档汇入	2026-04-13T01:27:08+08:00
Conte	sm.		故事	tèh k‘ai lai		搭開來		142		true	自旧档汇入	2026-04-13T01:27:08+08:00
Conte	sm.		故事	’kou ze’		古事		142	待定 變調	true	自旧档汇入	2026-04-13T01:27:08+08:00
Conte	sm.		故事	hè wo’		閑話		142		true	自旧档汇入	2026-04-13T01:27:08+08:00
Conte	sm.		故事	seh ’kiu wo’		説鬼話		142		true	自旧档汇入	2026-04-13T01:27:08+08:00
Conte	sm.	—en l'air	故事	’eul pié fong		耳邊風		143		true	自旧档汇入	2026-04-13T01:27:08+08:00
Conte	sm.	Monsonge	无稽之谈	hiu wo’		虚話		143		true	自旧档汇入	2026-04-13T01:27:08+08:00
Conte	sm.	Monsonge	无稽之谈	’ts‘è maong’		摌夢	？？	143	一作“剷茫”	true	自旧档汇入	2026-04-13T01:27:08+08:00
Conte	sm.	Plaisanterie	无稽之谈	wo’ fèh siao’		話發笑		143		true	自旧档汇入	2026-04-13T01:27:08+08:00
Contempler 	va.	des yeux	凝视	maong’		望		143		true	自旧档汇入	2026-04-13T01:27:08+08:00
Contempler 	va.	des yeux	凝视	lieû sin si’ k‘eu’		留心細看		143		true	自旧档汇入	2026-04-13T01:27:08+08:00
Contempler 	va.	— en esprit	沉思	’siang ih ’siang		想一想		143		true	自旧档汇入	2026-04-13T01:27:08+08:00
Contempler 	va.	— en esprit	沉思	meh ’siang		默想		143		true	自旧档汇入	2026-04-13T01:27:08+08:00
Contempler 	va.	— en esprit	沉思	tsu’ ’siang		注想		143		true	自旧档汇入	2026-04-13T01:27:08+08:00
Contemporain	adj.	Du même temps	同时的	ih ze ke’		一時个		143		true	自旧档汇入	2026-04-13T01:27:08+08:00
Contemporain	adj.	Du même temps	同时的	dong gné ke’		同年个		143		true	自旧档汇入	2026-04-13T01:27:08+08:00
Contemporain	adj.	Du même temps	同时的	dong ze ke’		同時个		143		true	自旧档汇入	2026-04-13T01:27:08+08:00
Contemporain	adj.	Du temps actuel	当代的	zu kien ke’		如今个		143		true	自旧档汇入	2026-04-13T01:27:08+08:00
Contemporain	adj.	Du temps actuel	当代的	yé’ zai ke’	yé’ zai’ ke’	現在个		143		true	自旧档汇入	2026-04-13T01:27:08+08:00
Contenance	sf.		容量	yong ’liang	yong liang’	容量		143	待定	true	自旧档汇入	2026-04-13T01:27:08+08:00
Contenance	sf.	Quelle est la - du terrain？	面积	’yeû ’ki ’m ’ki fen di’		有幾畝幾分地		143		true	自旧档汇入	2026-04-13T01:27:08+08:00
Contenance	sf.	Maintien	举止，风度	mié’ mao’		面貌		143		true	自旧档汇入	2026-04-13T01:27:08+08:00
Contenance	sf.	Maintien	举止，风度	zen k‘i’		神氣		143		true	自旧档汇入	2026-04-13T01:27:08+08:00
Contenance	sf.	—grave	举止，风度	yong mao’(k‘i’ ziang’)wei i(gné)	yong mao’(k‘i’ ziang’)wei gni(gné)	容貌（氣象）威儀（嚴）		143	待定 不分i、ie？	true	自旧档汇入	2026-04-13T01:27:08+08:00
Contenance	sf.	Faire bonne 一	举止，风度	véh pié’ seh		勿變色		143		true	自旧档汇入	2026-04-13T01:27:08+08:00
Contenance	sf.	—devant l'ennemi	举止，风度	véh t‘ei	véh t‘ei’	勿退		143		true	自旧档汇入	2026-04-13T01:27:08+08:00
Contenance	sf.	—devant l'ennemi	举止，风度	véh t‘è hieng’		勿坍興		143		true	自旧档汇入	2026-04-13T01:27:08+08:00
Contenance	sf.	Perdre—	举止，风度	pié’ seh		變色		143		true	自旧档汇入	2026-04-13T01:27:08+08:00
Contenance	sf.	Perdre—	举止，风度	t‘è mié’ ’k‘ong		坍面孔		143		true	自旧档汇入	2026-04-13T01:27:08+08:00
Contenance	sf.	Perdre—	举止，风度	m zang mié’		無長面	嘸長面	143		true	自旧档汇入	2026-04-13T01:27:08+08:00
Contenir	va.	Renfermer 	包含，容纳	pao koèh 		包括		143		true	自旧档汇入	2026-04-13T01:27:08+08:00
Contenir	va.	Renfermer 	包含，容纳	tsaong tsai’		裝載		143		true	自旧档汇入	2026-04-13T01:27:08+08:00
Contenir	va.	Renfermer 	包含，容纳	tsah teh loh		着得落		143		true	自旧档汇入	2026-04-13T01:27:08+08:00
Contenir	va.	—la foule	遏制	’koé zu’		管住		143		true	自旧档汇入	2026-04-13T01:27:08+08:00
Contenir	va.	—la foule	遏制	yah sôh zu’		約束住		143		true	自旧档汇入	2026-04-13T01:27:08+08:00
Contenir	va.	— ses passions	遏制	èh woh ze’ ka ke’ se yôh		壓服自家个私欲		143		true	自旧档汇入	2026-04-13T01:27:08+08:00
Contenir	vr.	Se - 	忍耐	nai’ ’k‘i’	nai’ k‘i’	耐氣		143	印刷錯誤	true	自旧档汇入	2026-04-13T01:27:08+08:00
Contenir	vr.	Se - 	忍耐	’zen nai’		忍耐		143		true	自旧档汇入	2026-04-13T01:27:08+08:00
Contenir	vr.	Ne pouvoir se -	忍耐	’zen nai’ véh lai		忍耐勿來		143		true	自旧档汇入	2026-04-13T01:27:08+08:00
Cotent	adj.	Satisfait	满足	tsôh siang	tsôh siang’	足相		143		true	自旧档汇入	2026-04-13T01:27:08+08:00
Cotent	adj.	Satisfait	满足	ziang’ sin tsôh i’		像心足意		143		true	自旧档汇入	2026-04-13T01:27:08+08:00
Cotent	adj.	Il n’est pas 一	满足	sin véh woh		心勿服		143		true	自旧档汇入	2026-04-13T01:27:08+08:00
Cotent	adj.	Manger et boire son 一	满足	’tsieû tsu’ vè’ ’pao		酒醉飯飽		143		true	自旧档汇入	2026-04-13T01:27:08+08:00
Cotentement	sm.		满足	sin ’mé i’ tsôh 		心滿意足		143		true	自旧档汇入	2026-04-13T01:27:08+08:00
Contenter	va.		使满意	t‘ao’ ’h‘ao	’t‘ao ’h‘ao	討好		143		true	自旧档汇入	2026-04-13T01:27:08+08:00
Contenter	va.		使满意	’za gnen k‘a’ wéh		惹人快活		143		true	自旧档汇入	2026-04-13T01:27:08+08:00
Contenter	va.	Facile à-	使满意	’h‘ao ’tang fèh		好打發		143		true	自旧档汇入	2026-04-13T01:27:08+08:00
Contenter	va.	II est difcile de-tout le monde.	使满意	ih gnen nè woh pah gnen sin		一人難服百人心		143		true	自旧档汇入	2026-04-13T01:27:08+08:00
Contenter	va.	Suivre ：—ses désirs	使满意	faong’ tsong’ se yôh		放縱私欲		143		true	自旧档汇入	2026-04-13T01:27:08+08:00
Contenter	va.	Suivre ：—ses désirs	使满意	zu ze’ ka ke’ i’ se		隨自家个意思		143		true	自旧档汇入	2026-04-13T01:27:08+08:00
Contenter	va.	Rassasier : - sa faim 	使满意	k‘ieh ’pao		吃飽		143		true	自旧档汇入	2026-04-13T01:27:08+08:00
Contenter	vr.	Se-de 	满足于	péh kou’		不過		143		true	自旧档汇入	2026-04-13T01:27:08+08:00
Contenter	vr.	Se-de 	满足于	tè tè		單單		143		true	自旧档汇入	2026-04-13T01:27:08+08:00
Contenter	vr.	Il faut savoir se -.	满足于	zen taong tse tsôh		人當知足		143		true	自旧档汇入	2026-04-13T01:27:08+08:00
Contentieux		[Esprit].	争执	h‘ao’ sang ze’		好生事		143		true	自旧档汇入	2026-04-13T01:27:08+08:00
Contention	sf.	d’esprit	紧张，聚精会神	tsen’ tsoh		振作		143		true	自旧档汇入	2026-04-13T01:27:08+08:00
Contention	sf.	d’esprit	紧张，聚精会神	fèh fen 	fèh fen’	發奮		143		true	自旧档汇入	2026-04-13T01:27:08+08:00
Contention	sf.	d’esprit	紧张，聚精会神	sin kiéh		心急		143		true	自旧档汇入	2026-04-13T01:27:08+08:00
Conter	va.	Narrer	讲述	’kaong kou’ ze’		講故事		143		true	自旧档汇入	2026-04-13T01:27:08+08:00
Conter	va.	Narrer	讲述	zéh ze’		述事		143		true	自旧档汇入	2026-04-13T01:27:08+08:00
Conter	va.	Il nous en conte !	诓骗	i ke’ seh wo’ véh tsôh wei bing		伊个説話勿足爲慿		143		true	自旧档汇入	2026-04-13T01:27:08+08:00
Contestable	adj.		可质疑的	véh ih ding’ ke’		勿一定个		144		true	自旧档汇入	2026-04-13T01:27:08+08:00
Contestable	adj.		可质疑的	’k‘o gni ke’		可疑个		144		true	自旧档汇入	2026-04-13T01:27:08+08:00
Conteste	sf.	（Sans） Sûr	无疑	zah zéh ke’		着實个		144		true	自旧档汇入	2026-04-13T01:27:08+08:00
Contester	va.	Nier	质疑	véh gnen’		勿認		144		true	自旧档汇入	2026-04-13T01:27:08+08:00
Contester	va.	Nier	质疑	véh gnen’ teh		勿認得		144		true	自旧档汇入	2026-04-13T01:27:08+08:00
Contester	vn.	Disputer	争论	tseng len’		争論		144		true	自旧档汇入	2026-04-13T01:27:08+08:00
Contester	vn.	Disputer	争论	siang tseng ’bié		相争辯		144		true	自旧档汇入	2026-04-13T01:27:08+08:00
Conteur	sm.		讲故事的人	seh su ke’		説書个		144		true	自旧档汇入	2026-04-13T01:27:08+08:00
Contexte	sm.		语境，背景	’zaong ’hao wen		上下文		144		true	自旧档汇入	2026-04-13T01:27:08+08:00
Contigu	adj.		毗连的	siang lié ke’		相連个		144		true	自旧档汇入	2026-04-13T01:27:08+08:00
Contigu	adj.		毗连的	kah pieh		隔壁		144		true	自旧档汇入	2026-04-13T01:27:08+08:00
Contigu	adj.		毗连的	lin sô’ kah pieh		鄰舍隔壁		144		true	自旧档汇入	2026-04-13T01:27:08+08:00
Continence	sf.		禁欲	tseng tsih 		貞節		144		true	自旧档汇入	2026-04-13T01:27:08+08:00
Continence	sf.		禁欲	zieh seh		絶色		144		true	自旧档汇入	2026-04-13T01:27:08+08:00
Continence	sf.	Garder la -	禁欲	tseng kiéh		貞潔		144		true	自旧档汇入	2026-04-13T01:27:08+08:00
Continent	adj.		禁欲的	kiéh zing’ ke’		潔净个		144		true	自旧档汇入	2026-04-13T01:27:08+08:00
Continent	sm.		洲	tseû		洲		144		true	自旧档汇入	2026-04-13T01:27:08+08:00
Continent	sm.	Les 5-s	洲	n da’ tseû	’n da’ tseû	五大洲		144		true	自旧档汇入	2026-04-13T01:27:08+08:00
Contingent	sm.	(Troupes du)	份额，部队	ngeh sou’ ke’ ping		額數个兵		144		true	自旧档汇入	2026-04-13T01:27:08+08:00
Contingent	adj.		非主要的，偶然的	’ngeû zé ke’		偶然个		144		true	自旧档汇入	2026-04-13T01:27:08+08:00
Contingent	adj.		非主要的，偶然的	véh ih ding’ ke’		勿一定个		144		true	自旧档汇入	2026-04-13T01:27:08+08:00
Continu	adj.		连续的	tsih lié ke’		接連个		144		true	自旧档汇入	2026-04-13T01:27:08+08:00
Continu	adj.		连续的	véh ding ke’		勿停个		144		true	自旧档汇入	2026-04-13T01:27:08+08:00
Continu	adj.	Pluie -e	连续的	zang deû ’yu		常頭雨		144		true	自旧档汇入	2026-04-13T01:27:08+08:00
Continuation	sf.		连续	tsih zôh		接續		144		true	自旧档汇入	2026-04-13T01:27:08+08:00
Continuation	sf.		连续	zôh kieu’		續卷		144		true	自旧档汇入	2026-04-13T01:27:08+08:00
Continuer	va.		继续	véh ’deu lié		勿斷連		144		true	自旧档汇入	2026-04-13T01:27:08+08:00
Continuer	va.		继续	lié tsih lié		連接連		144		true	自旧档汇入	2026-04-13T01:27:08+08:00
Continuer	va.		继续	tsih lié laong’		接連上		144		true	自旧档汇入	2026-04-13T01:27:08+08:00
Continuer	va.		继续	tsih zaong’ k‘i’		接上去		144		true	自旧档汇入	2026-04-13T01:27:08+08:00
Continuer	va.	Inutile de -à parler	继续	véh pih tsih ’hao k‘i’ tsai’ wo’		勿必接下去再話		144		true	自旧档汇入	2026-04-13T01:27:08+08:00
Contorsion	sf.	Grimace	扭曲	foa ’tse		歪嘴		144		true	自旧档汇入	2026-04-13T01:27:08+08:00
Contorsion	sf.	—des muscles	扭曲	’tsé kien		轉筋		144		true	自旧档汇入	2026-04-13T01:27:08+08:00
Contours	sm.pl.	Aspect	轮廓，外形	yeng se’ 		形勢		144		true	自旧档汇入	2026-04-13T01:27:08+08:00
Contours	sm.pl.	Aspect	轮廓，外形	ghiôh ’kieng		局景		144		true	自旧档汇入	2026-04-13T01:27:08+08:00
Contracter	va.	alliance	缔结，订立	kiéh yah		結約		144		true	自旧档汇入	2026-04-13T01:27:08+08:00
Contracter	va.	—amitié	缔结，订立	kiéh kiao 		結交		144		true	自旧档汇入	2026-04-13T01:27:08+08:00
Contracter	va.	—amitié	缔结，订立	kiao tsih		交接		144		true	自旧档汇入	2026-04-13T01:27:08+08:00
Contracter	va.	—des fiançailles	缔结，订立	ding’ ts‘in		定親		144		true	自旧档汇入	2026-04-13T01:27:08+08:00
Contracter	va.	—des fiançailles	缔结，订立	p‘è ts‘in		攀親		144		true	自旧档汇入	2026-04-13T01:27:08+08:00
Contracter	va.	—des dettes	缔结，订立	k‘ié’ tsang’		欠賬		144		true	自旧档汇入	2026-04-13T01:27:08+08:00
Contracter	va.	—des dettes	缔结，订立	tsia’ hang’	tsia’ haong’	借項		144		true	自旧档汇入	2026-04-13T01:27:08+08:00
Contracter	va.	—une maladie 	沾染	teh bing’		得病		144		true	自旧档汇入	2026-04-13T01:27:08+08:00
Contracter	va.	—une maladie 	沾染	sang bing’		生病		144		true	自旧档汇入	2026-04-13T01:27:08+08:00
Contracter	va.	—un défaut	沾染	teh mao bing’		得毛病		144		true	自旧档汇入	2026-04-13T01:27:08+08:00
Contracter	va.	—un défaut	沾染	’yeû mao bing’		有毛病		144		true	自旧档汇入	2026-04-13T01:27:08+08:00
Contracter	vr.	Se - 	收缩	soh ’teu 		縮短		144		true	自旧档汇入	2026-04-13T01:27:08+08:00
Contracter	vr.	Se - 	收缩	soh ’long lai		縮攏來		144		true	自旧档汇入	2026-04-13T01:27:08+08:00
Contracter	vr.	Se - 	收缩	t‘ei’ soh		退縮		144		true	自旧档汇入	2026-04-13T01:27:08+08:00
Contraction	sf.	de nerfs	收缩	ts‘eû kien		抽筋		144		true	自旧档汇入	2026-04-13T01:27:08+08:00
Contradictoire	adj.	(Langage)	矛盾的	ze’ siang meû den’		自相矛盾		144		true	自旧档汇入	2026-04-13T01:27:08+08:00
Contradictoire	adj.	(Langage)	矛盾的	’liang wo’ siang ’fè		兩話相反		144		true	自旧档汇入	2026-04-13T01:27:08+08:00
Contraindre	va.		强迫，约束	’mié ’k‘iang		勉强		144		true	自旧档汇入	2026-04-13T01:27:08+08:00
Contraindre	va.		强迫，约束	ngang’ pieh		硬逼		144		true	自旧档汇入	2026-04-13T01:27:08+08:00
Contraire	adj.	opposé	相反的	siang ’fe ke’		相反个		144		true	自旧档汇入	2026-04-13T01:27:08+08:00
Contraire	adj.	Défavorable	相反的	gneh		逆		145		true	自旧档汇入	2026-04-13T01:27:08+08:00
Contraire	adj.	Vent-	相反的	’ting deû fong		頂頭風		145		true	自旧档汇入	2026-04-13T01:27:08+08:00
Contraire	adj.	Vent-	相反的	gneh fong		逆風		145		true	自旧档汇入	2026-04-13T01:27:08+08:00
Contraire	adj.	Courant-	相反的	ts‘ouo gneh ’se		叉逆水		145		true	自旧档汇入	2026-04-13T01:27:08+08:00
Contraire	adj.	Courant-	相反的	gneh ’se		逆水		145		true	自旧档汇入	2026-04-13T01:27:08+08:00
Contraire	adj.	Hostile. Il m'est-	相反的	tei’ deû		對頭		145		true	自旧档汇入	2026-04-13T01:27:08+08:00
Contraire	adj.	Hostile. Il m'est-	相反的	ze’ ’ngou ke’ zeû gnen		是我个仇人		145		true	自旧档汇入	2026-04-13T01:27:08+08:00
Contraire	adj.	Nuisible:cette viande m'est-	相反的	di’ yang’ gnôh ’ngou k‘ieh véh loh		第樣肉我吃勿落		145		true	自旧档汇入	2026-04-13T01:27:08+08:00
Contraire	adj.	Au-.loc.adv.	相反的	siang ’fè		相反		145		true	自旧档汇入	2026-04-13T01:27:08+08:00
Contrariant		(Homme)	爱反驳的，恼人的	den’ gnen		鈍人	？人	145		true	自旧档汇入	2026-04-13T01:27:08+08:00
Contrariant		(Homme)	爱反驳的，恼人的	den’ deû		鈍頭	？頭	145		true	自旧档汇入	2026-04-13T01:27:08+08:00
Contrariant		(Homme)	爱反驳的，恼人的	’za k‘i’ ke’		惹氣个		145		true	自旧档汇入	2026-04-13T01:27:08+08:00
Contrarier	va.	qqn.	阻碍	’za k‘i’		惹氣		145		true	自旧档汇入	2026-04-13T01:27:08+08:00
Contrarier	va.	qqn.	阻碍	nè wei		難爲		145		true	自旧档汇入	2026-04-13T01:27:08+08:00
Contrarier	va.	—[ses projets]	阻碍	’tsou ’taong		阻擋		145		true	自旧档汇入	2026-04-13T01:27:08+08:00
Contrariété	sf.		矛盾，气恼	’tsou ’taong		阻擋		145		true	自旧档汇入	2026-04-13T01:27:08+08:00
Contrariété	sf.		矛盾，气恼	wei gneh		違逆		145		true	自旧档汇入	2026-04-13T01:27:08+08:00
Contraster	vn.		形成对比	siang ’fè		相反		145		true	自旧档汇入	2026-04-13T01:27:08+08:00
Contrat	sm.		契约	héh dong		合同		145		true	自旧档汇入	2026-04-13T01:27:08+08:00
Contrat	sm.		契约	k‘i’ tsang’		契張		145		true	自旧档汇入	2026-04-13T01:27:08+08:00
Contrat	sm.		契约	bing kiu’		慿據		145		true	自旧档汇入	2026-04-13T01:27:08+08:00
Contrat	sm.	Faire un -	契约	lih héh dong		立合同		145		true	自旧档汇入	2026-04-13T01:27:08+08:00
Contrat	sm.	Faire un -	契约	lih k‘i’ kiu’		立契據		145		true	自旧档汇入	2026-04-13T01:27:08+08:00
Contrat	sm.	— de vente	契约	ma’ k‘i’ 		賣契		145		true	自旧档汇入	2026-04-13T01:27:08+08:00
Contrat	sm.	— mariage	契约	foen su		婚書		145		true	自旧档汇入	2026-04-13T01:27:08+08:00
Contrat	sm.	— mariage	契约	foen kiu’		婚據		145		true	自旧档汇入	2026-04-13T01:27:08+08:00
Contrat	sm.	— légalisé	契约	hong k‘i’ 		紅契		145		true	自旧档汇入	2026-04-13T01:27:08+08:00
Contrat	sm.	— légalisé	契约	su’ k‘i’ 		税契		145		true	自旧档汇入	2026-04-13T01:27:08+08:00
Contrat	sm.	— non légalisé	契约	bah k‘i’ 		白契		145		true	自旧档汇入	2026-04-13T01:27:08+08:00
Contre	prép.		对着	tei’ 		對		145		true	自旧档汇入	2026-04-13T01:27:08+08:00
Contre	prép.		对着	siang ’fè		相反		145		true	自旧档汇入	2026-04-13T01:27:08+08:00
Contre	prép.		对着	gneh		逆		145		true	自旧档汇入	2026-04-13T01:27:08+08:00
Contre	prép.	Se fâcher -qqn	对着	’hou mao’ i	’h‘ou mao’ i	火冒伊		145	原作“火昌伊” 印刷錯誤	true	自旧档汇入	2026-04-13T01:27:08+08:00
Contre	prép.	Près de:—la rivière	靠着	k‘ao’ zah wou pié		靠着河邊		145		true	自旧档汇入	2026-04-13T01:27:08+08:00
Contre-amiral	sm.		海军少将	’se se fou’ di tôh		水師副提督		145		true	自旧档汇入	2026-04-13T01:27:08+08:00
Contre-balancer	va.		相称	siang tseng’	siang ts‘eng’	相稱		145		true	自旧档汇入	2026-04-13T01:27:08+08:00
Contrebande	sf.	Objets de	走私	se fou’		私貨		145		true	自旧档汇入	2026-04-13T01:27:08+08:00
Contrebande	sf.	Faire la -	走私	dao su’		逃税		145		true	自旧档汇入	2026-04-13T01:27:08+08:00
Contrecarrer	va.		对抗	t‘ih mié’ siang zaong’		貼面相撞		145		true	自旧档汇入	2026-04-13T01:27:08+08:00
Contre-cœur	adv.	(À)loc.ter	勉强	mié ’k‘iang	’mié ’k‘iang	勉强		145		true	自旧档汇入	2026-04-13T01:27:08+08:00
Contre-cœur	adv.	(À)loc.ter	勉强	m nai’ wou		没奈何	嘸奈何	145		true	自旧档汇入	2026-04-13T01:27:08+08:00
Contredire	va.	Disputer	反驳	siang ’fè		相反		145		true	自旧档汇入	2026-04-13T01:27:08+08:00
Contredire	va.	Disputer	反驳	pié’ pôh	bié’ pôh	辯駁		145		true	自旧档汇入	2026-04-13T01:27:08+08:00
Contredire	va.	Il se contredit	反驳	zié yé véh tei’ ’heû ’gnu		前言勿對後語		145		true	自旧档汇入	2026-04-13T01:27:08+08:00
Contredire	va.	Il se contredit	反驳	ze’ siang meû den’		自相矛盾		145		true	自旧档汇入	2026-04-13T01:27:08+08:00
Contredit	loc.adv.	(Sans)	无疑	’kou zé		果然		145		true	自旧档汇入	2026-04-13T01:27:08+08:00
Contrée	sf.		地方	di’ faong		地方		145		true	自旧档汇入	2026-04-13T01:27:08+08:00
Contrefaçon	sf.		伪造	’ka ’ya deû		假野頭		145		true	自旧档汇入	2026-04-13T01:27:08+08:00
Contrefaçon	sf.		伪造	’ka tsou’		假做		145		true	自旧档汇入	2026-04-13T01:27:08+08:00
Contrefaire	va.		冒充	’ka(mao’)(tsaong)ts‘ong		假（冒）（裝）充		145		true	自旧档汇入	2026-04-13T01:27:08+08:00
Contrefait	adj.	Imité	伪造的	’ka tsou’ ke’		假做个		145		true	自旧档汇入	2026-04-13T01:27:08+08:00
Contrefait	adj.	Difforme	畸形的	’ts‘eû leû’		醜陋		145		true	自旧档汇入	2026-04-13T01:27:08+08:00
Contrefait	adj.	Vilain	畸形的	ts‘ou ben	ts‘ou ben’	粗笨		145		true	自旧档汇入	2026-04-13T01:27:08+08:00
Contrefort	sm.		墙垛	ziang ’tou ’tse		墻堵子		145	待定	true	自旧档汇入	2026-04-13T01:27:08+08:00
Contremaître	sm.		工长	’pouo tsoh se wou’		把作司務		146		true	自旧档汇入	2026-04-13T01:27:08+08:00
Contremaître	sm.		工长	tsoh deû		作頭		146		true	自旧档汇入	2026-04-13T01:27:08+08:00
Contremaître	sm.		工长	ziang deû	ziang’ deû	匠頭		146		true	自旧档汇入	2026-04-13T01:27:08+08:00
Contremander	va.		撤消	’kai ling’		改令		146		true	自旧档汇入	2026-04-13T01:27:08+08:00
Contremander	va.		撤消	’kai ming’		改命		146		true	自旧档汇入	2026-04-13T01:27:08+08:00
Contrepoids	sm.		砝码	ze’ deû		錘頭	縋頭	146		true	自旧档汇入	2026-04-13T01:27:08+08:00
Contrepoison	sm.		解毒药	’ka dôh ke’ yah		解毒个藥		146		true	自旧档汇入	2026-04-13T01:27:08+08:00
Contresens	sm.		误解	’liang i’ véh tei’		兩意勿對		146		true	自旧档汇入	2026-04-13T01:27:08+08:00
Contresens	sm.		误解	i’ se’ siang fè ke’	i’ se siang ’fè ke’	意思相反个		146		true	自旧档汇入	2026-04-13T01:27:08+08:00
Contretemps	sm.		意外	ts‘ouo deû		[扌叉]頭	？頭	146	原作“[扌义]”	true	自旧档汇入	2026-04-13T01:27:08+08:00
Contretemps	sm.		意外	véh ’zao h‘ouo’		勿造化		146		true	自旧档汇入	2026-04-13T01:27:08+08:00
Contrevenir	vn.		违反	pei’ ming	pei’ ming’	背命		146		true	自旧档汇入	2026-04-13T01:27:08+08:00
Contrevenir	vn.		违反	’vè fèh		犯法		146		true	自旧档汇入	2026-04-13T01:27:08+08:00
Contrevent	sm.		百叶窗	’pè ts‘aong		板窗		146		true	自旧档汇入	2026-04-13T01:27:08+08:00
Contribuer	vn.	en argent	赞助，分担	t‘è p‘a’		攤派		146		true	自旧档汇入	2026-04-13T01:27:08+08:00
Contribuer	vn.	en argent	赞助，分担	kieu dié		捐錢		146		true	自旧档汇入	2026-04-13T01:27:08+08:00
Contribuer	vn.	en argent	赞助，分担	ts‘éh kieu dié		出捐錢		146		true	自旧档汇入	2026-04-13T01:27:08+08:00
Contribution	sf.		分摊	kiun fen		均分		146		true	自旧档汇入	2026-04-13T01:27:08+08:00
Contribution	sf.		分摊	kong t‘è		公攤		146		true	自旧档汇入	2026-04-13T01:27:08+08:00
Contribution	sf.		分摊	k‘ié p‘a’		牽派		146	原作“牽泒”	true	自旧档汇入	2026-04-13T01:27:08+08:00
Contribution	sf.		分摊	kieu		捐		146		true	自旧档汇入	2026-04-13T01:27:08+08:00
Contribution	sf.		分摊	zié liang		錢粮		146	保留簡體	true	自旧档汇入	2026-04-13T01:27:08+08:00
Contrister	va.		使伤心	’za gnen yeû sèh		惹人憂殺		146		true	自旧档汇入	2026-04-13T01:27:08+08:00
Contrister	va.		使伤心	saong gnen ke’ sin		傷人个心		146		true	自旧档汇入	2026-04-13T01:27:08+08:00
Contrition	sf.	parfaite	忏悔	’zaong ’teng t‘ong’ hoei’	’zaong ’teng t‘ong’ h‘oei’	上等痛悔		146		true	自旧档汇入	2026-04-13T01:27:08+08:00
Contrition	sf.	—imparfaite	忏悔	’hao ’teng t‘ong’ hoei’	’hao ’teng t‘ong’ h‘oei’	下等痛悔		146		true	自旧档汇入	2026-04-13T01:27:08+08:00
Contrition	sf.	Faire un acte de—	忏悔	fèh t‘ong’ hoei’	fèh t‘ong’ h‘oei’	發痛悔		146		true	自旧档汇入	2026-04-13T01:27:08+08:00
Contrôler	va.		检查	zouo ts‘èh		查察		146		true	自旧档汇入	2026-04-13T01:27:08+08:00
Contrôler	va.		检查	zouo zouo		查查		146		true	自旧档汇入	2026-04-13T01:27:08+08:00
Contrôler	va.		检查	zouo ’k‘ao		查考		146		true	自旧档汇入	2026-04-13T01:27:08+08:00
Contrôler	va.		检查	kiao tei’	kiao’ tei’	較對		146	待定	true	自旧档汇入	2026-04-13T01:27:08+08:00
Controverse	sf.		争论	’pié len’	’bié len’	辯論		146		true	自旧档汇入	2026-04-13T01:27:08+08:00
Controversé	pp.		有争议的	’yeû pôh deû ke’		有駁頭个		146		true	自旧档汇入	2026-04-13T01:27:08+08:00
Controversé	pp.		有争议的	véh ih ding’ ke’		勿一定个		146		true	自旧档汇入	2026-04-13T01:27:08+08:00
Contumace	adj.et s.		法庭缺席	véh tao’ eu’		勿到案		146		true	自旧档汇入	2026-04-13T01:27:08+08:00
Contumace	adj.et s.		法庭缺席	dao ’vè		逃犯		146		true	自旧档汇入	2026-04-13T01:27:08+08:00
Contusion	sf.		挫伤	zaong’ sé’		撞碎		146		true	自旧档汇入	2026-04-13T01:27:08+08:00
Contusion	sf.		挫伤	yu saong 		瘀傷		146		true	自旧档汇入	2026-04-13T01:27:08+08:00
Convaincre	va.		说服	kiao’ gnen sin’ woh		叫人信服		146		true	自旧档汇入	2026-04-13T01:27:08+08:00
Convaincre	va.	— de faute	问罪	men’ lai m k‘ai ’k‘eû		問來無開口	問來嘸開口	146		true	自旧档汇入	2026-04-13T01:27:08+08:00
Convaincre	vr.	Se — 	说服	ven’ zu’		問罪		146		true	自旧档汇入	2026-04-13T01:27:08+08:00
Convaincre	va.		说服	’bié su		辯輸		146		true	自旧档汇入	2026-04-13T01:27:08+08:00
Convaincre	va.		说服	’siang ’k‘i		想起		146		true	自旧档汇入	2026-04-13T01:27:08+08:00
Convaincre	va.		说服	ze’ sin’		自信		146		true	自旧档汇入	2026-04-13T01:27:08+08:00
Convalescence	sf.		康复期	bing’ ’h‘ao ’tié ’tsé		病好點者		146		true	自旧档汇入	2026-04-13T01:27:08+08:00
Convalescence	sf.		康复期	’yang bing’		養病		146		true	自旧档汇入	2026-04-13T01:27:08+08:00
Convalescent	adj.	(Être)	正在康复的	bing’ se’ t‘ei’ ’tsé		病勢退者		146		true	自旧档汇入	2026-04-13T01:27:08+08:00
Convenable	adj.		合适的，得当的	siang gni		相宜		146		true	自旧档汇入	2026-04-13T01:27:08+08:00
Convenable	adj.		合适的，得当的	teu faong 		端方		146		true	自旧档汇入	2026-04-13T01:27:08+08:00
Convenable	adj.		合适的，得当的	héh seh		合式		146		true	自旧档汇入	2026-04-13T01:27:08+08:00
Convenable	adj.		合适的，得当的	’se teh ke’ ’mô?		使得个麽		146		true	自旧档汇入	2026-04-13T01:27:08+08:00
Convenablement	adv.		恰当，得体	’h‘ao ’h‘ao kiao	’h‘ao ’h‘ao kiao’	好好叫		146		true	自旧档汇入	2026-04-13T01:27:08+08:00
Convenance	sf.	Bien séance	契合	siang gni		相宜		146		true	自旧档汇入	2026-04-13T01:27:08+08:00
Convenance	sf.	À votre—	契合	mié’ zing		面情		146		true	自旧档汇入	2026-04-13T01:27:08+08:00
Convenance	sf.		契合	’li mao’		禮貌		146		true	自旧档汇入	2026-04-13T01:27:08+08:00
Convenance	sf.		契合	zu bié’ nong’		隨便儂		146		true	自旧档汇入	2026-04-13T01:27:08+08:00
Convenance	sf.	N’avoir pas le sentiment des —s	礼仪	ghieh ghi véh tse tsu’	ghieh ghi véh tse ts‘u’	極其勿知趣		146		true	自旧档汇入	2026-04-13T01:27:08+08:00
Convenance	sf.	N’avoir pas le sentiment des —s	礼仪	véh seh ’t‘i ’t‘ong		勿識體統		146		true	自旧档汇入	2026-04-13T01:27:08+08:00
Convenir	vn.	Être bienséant	适合	siang gni		相宜		147		true	自旧档汇入	2026-04-13T01:27:08+08:00
Convenir	vn.	Être approprié	适合	’k‘o ’i		可以		147		true	自旧档汇入	2026-04-13T01:27:08+08:00
Convenir	vn.	Être approprié	适合	’k‘o		可		147		true	自旧档汇入	2026-04-13T01:27:08+08:00
Convenir	vn.	Être approprié	适合	tei’ 		對		147		true	自旧档汇入	2026-04-13T01:27:08+08:00
Convenir	vn.	Être conforme	适合	tei’ kieng’ ke’		對勁个		147		true	自旧档汇入	2026-04-13T01:27:08+08:00
Convenir	vn.	Être conforme	适合	siang tseng’ ke’	siang ts‘eng’ ke’	相稱个		147		true	自旧档汇入	2026-04-13T01:27:08+08:00
Convenir	vn.	Être conforme	适合	p‘ei’ pang ke’		配伻个	配？个	147	待定	true	自旧档汇入	2026-04-13T01:27:08+08:00
Convenir	vn.	Être commode	适合	faong bié’ ke’		方便个		147		true	自旧档汇入	2026-04-13T01:27:08+08:00
Convenir	vn.	Être commode	适合	bié’ taong’ ke’		便當个		147		true	自旧档汇入	2026-04-13T01:27:08+08:00
Convenir	vn.	— d’une faute	承认	gnen’ ts‘ouo’		認錯	認差	147		true	自旧档汇入	2026-04-13T01:27:08+08:00
Convenir	vn.	S'accorder à dire	承认	gnen gnen zai wo’ ke’		人人儕話个		147		true	自旧档汇入	2026-04-13T01:27:08+08:00
Convenir	vn.	Chacun convient que	承认	tsong’ ’k‘eû ih ze		衆口一辭		147		true	自旧档汇入	2026-04-13T01:27:08+08:00
Convenir	vn.	Décider	约定	ding’		定		147		true	自旧档汇入	2026-04-13T01:27:08+08:00
Convenir	vn.	Décider	约定	ding’ taong’		定當		147		true	自旧档汇入	2026-04-13T01:27:08+08:00
Convenir	vn.	—de Tomber d'accord	约定	yah ding’		約定		147		true	自旧档汇入	2026-04-13T01:27:08+08:00
Convention	sf.		协定	wou yah		和約		147		true	自旧档汇入	2026-04-13T01:27:08+08:00
Convention	sf.		协定	héh dong		合同		147		true	自旧档汇入	2026-04-13T01:27:08+08:00
Convention	sf.	Faire une-	协定	lih héh dong kiu’		立合同據		147		true	自旧档汇入	2026-04-13T01:27:08+08:00
Converger	vn.	au centre	会聚	’tse hiang tsong sin	’tse hiang’ tsong sin	指向中心		147		true	自旧档汇入	2026-04-13T01:27:08+08:00
Converser	vn.		会话	p‘è’ dè 	p‘è dè 	攀談		147		true	自旧档汇入	2026-04-13T01:27:08+08:00
Converser	vn.		会话	su dè	zu’ dè	叙談		147	待定	true	自旧档汇入	2026-04-13T01:27:08+08:00
Converser	vn.		会话	’kaong tsang		講章		147		true	自旧档汇入	2026-04-13T01:27:08+08:00
Convertir	vr.	Se- 	皈依，变换	ké h‘ouo’	’ké h‘ouo’	感化		147		true	自旧档汇入	2026-04-13T01:27:08+08:00
Convertir	vr.	Se- 	皈依，变换	wei deû ’kai kou’		回頭改過		147		true	自旧档汇入	2026-04-13T01:27:08+08:00
Convexe	adj.		凸状的	déh dou’ ke’		凸肚个		147		true	自旧档汇入	2026-04-13T01:27:08+08:00
Conviction	sf.		确信	kieuh i’		决意		147		true	自旧档汇入	2026-04-13T01:27:08+08:00
Conviction	sf.		确信	sin’ ding’		信定		147		true	自旧档汇入	2026-04-13T01:27:08+08:00
Conviction	sf.	Avoir la- de	确信	’hiao teh ih ding’		曉得一定		147		true	自旧档汇入	2026-04-13T01:27:08+08:00
Conviction	sf.	Pièce à -	罪证	pao’ ze ke’ bing kiu’	pao’ zeû ke’ bing kiu’	報仇个憑據		147	印刷錯誤	true	自旧档汇入	2026-04-13T01:27:08+08:00
Convier	va.		邀请	’ts‘ing		請		147		true	自旧档汇入	2026-04-13T01:27:08+08:00
Convive	sm.	Hôte	宾客	dong zieh ke’		同席个		147		true	自旧档汇入	2026-04-13T01:27:08+08:00
Convive	sm.	Hôte	宾客	k‘ah gnen		客人		147		true	自旧档汇入	2026-04-13T01:27:08+08:00
Convoi	sm.	funèbre	队列	ts‘éh pin’		出殯		147		true	自旧档汇入	2026-04-13T01:27:08+08:00
Convoi	sm.	funèbre	队列	ts‘éh saong		出喪		147		true	自旧档汇入	2026-04-13T01:27:08+08:00
Convoi	sm.	Assister à un:-funèbre	队列	song’ pin’		送殯		147		true	自旧档汇入	2026-04-13T01:27:08+08:00
Convoi	sm.	Assister à un:-funèbre	队列	song’ tsaong’		送葬		147		true	自旧档汇入	2026-04-13T01:27:08+08:00
Convoi	sm.	Assister à un:-funèbre	队列	song’ saong		送喪		147		true	自旧档汇入	2026-04-13T01:27:08+08:00
Convoi	sm.	— militaire	队列	tsai’ ping hiang’ ke’ ts‘ouo ’tse		載兵餉个車子		147	待定 餉聲調	true	自旧档汇入	2026-04-13T01:27:08+08:00
Convoiter	va.		觊觎	t‘é		貪		147		true	自旧档汇入	2026-04-13T01:27:08+08:00
Convoiter	va.		觊觎	’ngè gnéh		眼熱		147		true	自旧档汇入	2026-04-13T01:27:08+08:00
Convoitise	sf.	Objet de la—	贪婪	t‘é sin		貪心		147		true	自旧档汇入	2026-04-13T01:27:08+08:00
Convoitise	sf.	Objet de la—	贪婪	se yôh		私欲		147		true	自旧档汇入	2026-04-13T01:27:08+08:00
Convoitise	sf.	Objet de la—	贪婪	t‘é deû		貪頭		147		true	自旧档汇入	2026-04-13T01:27:08+08:00
Convoquer	va.		召集	yah wei’		約會		147		true	自旧档汇入	2026-04-13T01:27:08+08:00
Convoquer	va.		召集	zi gnen 		齊人		147		true	自旧档汇入	2026-04-13T01:27:08+08:00
Convoquer	va.		召集	zu’ wei’		聚會		147		true	自旧档汇入	2026-04-13T01:27:08+08:00
Convoyer	va.		护送	’pao piao		保標		147		true	自旧档汇入	2026-04-13T01:27:08+08:00
Convulsion	sf.		痉挛	ts‘eû kien		抽筋		147		true	自旧档汇入	2026-04-13T01:27:08+08:00
Convulsion	sf.		痉挛	kieng fong		驚風		147		true	自旧档汇入	2026-04-13T01:27:08+08:00
Coolie	sm.	Homme de peine	苦力	’siao kong		小工		147		true	自旧档汇入	2026-04-13T01:27:08+08:00
Coolie	sm.	Homme de peine	苦力	t‘iao fou		挑夫		147		true	自旧档汇入	2026-04-13T01:27:08+08:00
Coolie	sm.	Homme de peine	苦力	kiah pè		脚班		147		true	自旧档汇入	2026-04-13T01:27:08+08:00
Coopérateur	sm.		合作者	wou zou’ ke’		扶助个		147		true	自旧档汇入	2026-04-13T01:27:08+08:00
Coopérer	vn.		合作 	siang paong		相帮		147		true	自旧档汇入	2026-04-13T01:27:08+08:00
Coopérer	vn.		合作 	wou zou’		扶助		147		true	自旧档汇入	2026-04-13T01:27:08+08:00
Coordonner	va.		协调，配合	eu ba 		安排		147		true	自旧档汇入	2026-04-13T01:27:08+08:00
Coordonner	va.		协调，配合	ba li’	ba lih	排列		147	待定 按字標音	true	自旧档汇入	2026-04-13T01:27:08+08:00
Copeau	sm.		木屑	moh bi 		木皮		147		true	自旧档汇入	2026-04-13T01:27:08+08:00
Copeau	sm.		木屑	moh za		木柴		147		true	自旧档汇入	2026-04-13T01:27:08+08:00
Copeau	sm.		木屑	moh h‘ouo		木花		147		true	自旧档汇入	2026-04-13T01:27:08+08:00
Copeau	sm.		木屑	’bao h‘ouo	bao’ h‘ouo	刨花		147		true	自旧档汇入	2026-04-13T01:27:08+08:00
Copie	sf.	— d'un livre	抄本	ts‘ao ’pè		抄板		147		true	自旧档汇入	2026-04-13T01:27:08+08:00
Copie	sf.	— d'un livre	抄本	ts‘ao ’pen		抄本		147		true	自旧档汇入	2026-04-13T01:27:08+08:00
Copie	sf.	— d'un brouillon	抄本	deng ts‘ing		謄清		148		true	自旧档汇入	2026-04-13T01:27:08+08:00
Copie	sf.	— d'un document	原稿	zen ti’ ’kao	zen ’ti ’kao	存底稿		148		true	自旧档汇入	2026-04-13T01:27:08+08:00
Copie	sf.	— d'un document	原稿	ts‘ao bah zen eu	ts‘ao bah zen eu’	抄白存案		148		true	自旧档汇入	2026-04-13T01:27:08+08:00
Copier	va.		抄写	ts‘ao ’sia		抄寫		148		true	自旧档汇入	2026-04-13T01:27:08+08:00
Copier	va.		抄写	deng lôh		謄録		148		true	自旧档汇入	2026-04-13T01:27:08+08:00
Copieux	adj.		丰盛的	fong zeng’		豐盛		148		true	自旧档汇入	2026-04-13T01:27:08+08:00
Copiste	sm.		抄写者	deng lôh ke’		謄録个		148		true	自旧档汇入	2026-04-13T01:27:08+08:00
Copiste	sm.		抄写者	ts‘ao ’sia ke’		抄寫个		148		true	自旧档汇入	2026-04-13T01:27:08+08:00
Copiste	sm.		抄写者	su ts‘a		書差		148		true	自旧档汇入	2026-04-13T01:27:08+08:00
Copiste	sm.		抄写者	dai’ su		代書		148		true	自旧档汇入	2026-04-13T01:27:08+08:00
Coq	sm.		公鸡	kong ki		公鷄		148		true	自旧档汇入	2026-04-13T01:27:08+08:00
Coq	sm.		公鸡	yong ki [ih tsah]		雄鷄[一隻]		148		true	自旧档汇入	2026-04-13T01:27:08+08:00
Coq	sm.		公鸡	teû’ ki		鬥鷄		148		true	自旧档汇入	2026-04-13T01:27:08+08:00
Coque	sf.	d’œuf	蛋壳	dè’ k‘oh		蛋殼		148		true	自旧档汇入	2026-04-13T01:27:08+08:00
Coque	sf.	—（navire）	船体	zé ka’ ’tse		船架子		148		true	自旧档汇入	2026-04-13T01:27:08+08:00
Coqueluche	sf.		伤风	saong fong		傷風		148		true	自旧档汇入	2026-04-13T01:27:08+08:00
Coquet	sm.		漂亮的	ai’ kiao		愛嬌		148		true	自旧档汇入	2026-04-13T01:27:08+08:00
Coquet	sm.	—adj.Gracieux	漂亮的	’za gnen tseng’ sin		惹人稱心		148		true	自旧档汇入	2026-04-13T01:27:08+08:00
Coquet	sm.	—adj.Gracieux	漂亮的	’t‘i mié’		體面		148		true	自旧档汇入	2026-04-13T01:27:08+08:00
Coquillage	sm.	—marin	贝壳	’bang k‘oh		蚌殼		148		true	自旧档汇入	2026-04-13T01:27:08+08:00
Coquillage	sm.	—marin	贝壳	’h‘ai lou		海螺		148		true	自旧档汇入	2026-04-13T01:27:08+08:00
Coquin	sm.	（injure）	家伙	koang ’koen		光棍		148		true	自旧档汇入	2026-04-13T01:27:08+08:00
Coquin	sm.	（injure）	家伙	t‘èh bi		撻皮		148	待定	true	自旧档汇入	2026-04-13T01:27:08+08:00
Coquin	sm.	（injure）	家伙	’t‘ou ’koen		土棍		148		true	自旧档汇入	2026-04-13T01:27:08+08:00
Cor	sm.	aux pieds	茧	ki ’ngè		鷄眼		148		true	自旧档汇入	2026-04-13T01:27:08+08:00
Cor	sm.	aux pieds	茧	kiah loang’ ’lao ’kié		脚上老趼		148		true	自旧档汇入	2026-04-13T01:27:08+08:00
Cor	loc.adv.	À cor et à cri	号角	hou yao héh loh	h‘ou yao h‘éh lôh	呼吆喝六		148		true	自旧档汇入	2026-04-13T01:27:08+08:00
Cor	loc.adv.	À cor et à cri	号角	kao sang dou’ k‘i’		高聲大氣		148		true	自旧档汇入	2026-04-13T01:27:08+08:00
Corail	sm.		珊瑚	sè wou		珊瑚		148		true	自旧档汇入	2026-04-13T01:27:08+08:00
Coran	sm.		古兰经	wei wei kieng		回回經		148		true	自旧档汇入	2026-04-13T01:27:08+08:00
Corbeau	sm.		乌鸦	’lao o		老鴉		148		true	自旧档汇入	2026-04-13T01:27:08+08:00
Corbeau	sm.		乌鸦	ou o [ih tsah]		烏鴉[一隻]		148		true	自旧档汇入	2026-04-13T01:27:08+08:00
Corbeau	sm.	— [Constellation] 	乌鸦	’tsen sieû’		軫宿		148		true	自旧档汇入	2026-04-13T01:27:08+08:00
Corbeille	sf.		篮	lè		籃		148		true	自旧档汇入	2026-04-13T01:27:08+08:00
Corbeille	sf.		篮	lè deû [ih tsah]		籃頭[一隻]		148		true	自旧档汇入	2026-04-13T01:27:08+08:00
Corbillard	sm.		柩车	tsaong se ’mô tsouo		裝屍馬車		148		true	自旧档汇入	2026-04-13T01:27:08+08:00
Corde		 Supplice de la-	绳	zeng [ih ken]		繩[一根]		148		true	自旧档汇入	2026-04-13T01:27:08+08:00
Corde			绳	’kao yeng(sèh)		絞刑（殺）		148		true	自旧档汇入	2026-04-13T01:27:08+08:00
Corde			绳	k‘ié’ tsong sang		縴中牲		148	待定	true	自旧档汇入	2026-04-13T01:27:08+08:00
Corde			绳	’la k‘ié’ 		拉縴		148		true	自旧档汇入	2026-04-13T01:27:08+08:00
Cordeau	sm.		线	sié’		綫		148		true	自旧档汇入	2026-04-13T01:27:08+08:00
Cordeau	sm.		线	si’ zeng		細繩		148		true	自旧档汇入	2026-04-13T01:27:08+08:00
Cordeau	sm.		线	fen sié	’fen sié’	粉綫		148		true	自旧档汇入	2026-04-13T01:27:08+08:00
Cordeau	sm.		线	meh sié’		墨綫		148		true	自旧档汇入	2026-04-13T01:27:08+08:00
Cordelle	sf.		绳	pang zeng wo’ di’ ka’		伻繩畫地界	？	148		true	自旧档汇入	2026-04-13T01:27:08+08:00
Corder	va.	du chanvre	搓绳	k‘ie’		縴		148		true	自旧档汇入	2026-04-13T01:27:08+08:00
Corder	va.		搓绳	k‘ié zeng	k‘ié’ zeng	縴繩		148		true	自旧档汇入	2026-04-13T01:27:08+08:00
Corder	va.		搓绳	yong’ mô bi ’tang(’kao)zeng		用麻皮打（絞）繩		148		true	自旧档汇入	2026-04-13T01:27:08+08:00
Corder	va.		搓绳	’kao mô soh		絞麻索		148		true	自旧档汇入	2026-04-13T01:27:08+08:00
Cordialement	adv.		衷心地	ké sin zing gneu’(loh i’)ke’		甘心情願（樂意）个		148		true	自旧档汇入	2026-04-13T01:27:08+08:00
Cordialité	sf.		真诚	tou zing		多情		148		true	自旧档汇入	2026-04-13T01:27:08+08:00
Cordier	sm.		制绳工	’tang(ma’) zeng ke’		打（賣）繩个		148		true	自旧档汇入	2026-04-13T01:27:08+08:00
Cordon	sm.		细绳	’siao zeng 		小繩		148		true	自旧档汇入	2026-04-13T01:27:08+08:00
Cordon	sm.		细绳	se(sié’)ta’		絲（綫）帶		148		true	自旧档汇入	2026-04-13T01:27:08+08:00
Cordonnier	sm.		鞋匠	ha ziang’		鞋匠		149		true	自旧档汇入	2026-04-13T01:27:08+08:00
Cordonnier	sm.		鞋匠	bi ziang’		皮匠		149		true	自旧档汇入	2026-04-13T01:27:08+08:00
Cordonnier	sm.		鞋匠	tsou’ ha ’tse ke’		做鞋子个		149		true	自旧档汇入	2026-04-13T01:27:08+08:00
Corée	sf.		朝鲜	kao-li kôh	kao-li’ kôh	高麗國		149		true	自旧档汇入	2026-04-13T01:27:08+08:00
Coreligionnaire	sm.		信奉同一宗教者	dong kiao’ ke’		同教个		149		true	自旧档汇入	2026-04-13T01:27:08+08:00
Corentin	sm.		科朗坦 (人名)	kouoh-laong-ding		郭郎定		149		true	自旧档汇入	2026-04-13T01:27:08+08:00
Coriace	adj.		坚韧的，固执的	ngang’		硬		149		true	自旧档汇入	2026-04-13T01:27:08+08:00
Coriace	adj.		坚韧的，固执的	gnen’		肕	？	149		true	自旧档汇入	2026-04-13T01:27:08+08:00
Coriandre	sf.		芫荽	gneu su		芫荽		149		true	自旧档汇入	2026-04-13T01:27:08+08:00
Cormoran	sm.		鸬鹚	moh n kong		摸魚公		149		true	自旧档汇入	2026-04-13T01:27:08+08:00
Cormoran	sm.		鸬鹚	’se ’lao o		水老鴉		149		true	自旧档汇入	2026-04-13T01:27:08+08:00
Cornac	sm.		驯象人	k‘eu ziang’ ke’		看象个		149		true	自旧档汇入	2026-04-13T01:27:08+08:00
Cornac	sm.		驯象人	’keu ziang’ ke’		趕象个		149		true	自旧档汇入	2026-04-13T01:27:08+08:00
Cornaline	sf.		玛瑙	’mô ’nao		瑪瑙		149		true	自旧档汇入	2026-04-13T01:27:08+08:00
Corne	sf.		角	koh		角		149		true	自旧档汇入	2026-04-13T01:27:08+08:00
Corne	sf.	Chausse-pied	角	ha pèh ’tse(ih ’pou)	ha pèh ’tse(ih ’pouo)	鞋拔子[一把]		149	印刷錯誤	true	自旧档汇入	2026-04-13T01:27:08+08:00
Corne	sf.	Sabot du cheval	角	’mô di		馬蹄		149		true	自旧档汇入	2026-04-13T01:27:08+08:00
Corne	sf.	Sabot du cheval	角	di ’tse		蹄子		149		true	自旧档汇入	2026-04-13T01:27:08+08:00
Corner	vn.		吹号角	ts‘e hao’ koh		吹號角		149		true	自旧档汇入	2026-04-13T01:27:08+08:00
Cornet	sm.	Trompe	号角	hao’ koh		號角		149		true	自旧档汇入	2026-04-13T01:27:08+08:00
Corniche	sf.	d'un mur	挑檐	ziang deû sié’		墻頭綫		149		true	自旧档汇入	2026-04-13T01:27:08+08:00
Cornichon	sm.		小黄瓜	’siao wang kouo	’siao waong kouo	小黄瓜		149		true	自旧档汇入	2026-04-13T01:27:08+08:00
Cornichon	sm.		小黄瓜	ts‘ai	ts‘ai’	菜瓜		149		true	自旧档汇入	2026-04-13T01:27:08+08:00
Corolle	sf.		花冠	h‘ouo pè		花瓣		149		true	自旧档汇入	2026-04-13T01:27:08+08:00
Corolle	sf.		花冠	h‘ouo t‘oh		花托		149		true	自旧档汇入	2026-04-13T01:27:08+08:00
Corporal	sm.	(C.)	圣体布	’kieû tséh pou’		九折布		149		true	自旧档汇入	2026-04-13T01:27:08+08:00
Corporal	sm.		圣体布	seng’ pou’		聖布		149		true	自旧档汇入	2026-04-13T01:27:08+08:00
Corporation	sf.		行会	wei’		會		149		true	自旧档汇入	2026-04-13T01:27:08+08:00
Corporation	sf.	Chef de -	行会	wei’ deû(’seû)		會頭（首）		149		true	自旧档汇入	2026-04-13T01:27:08+08:00
Corporel	adj.	Matériel	有形体的	’yeû yeng ziang’ ke’		有形像个		149		true	自旧档汇入	2026-04-13T01:27:08+08:00
Corporel	adj.	Concernant le corps	肉体的	gnôh seng ke’	gnôh sen ke’	肉身个		149	待定	true	自旧档汇入	2026-04-13T01:27:08+08:00
Corps	sm.	d'être organisé	身体	sen ’t‘i		身體		149		true	自旧档汇入	2026-04-13T01:27:08+08:00
Corps	sm.	d'être organisé	身体	’t‘i tséh		體質		149		true	自旧档汇入	2026-04-13T01:27:08+08:00
Corps	sm.	—（opposé à âme）	身体	gnôh sen		肉身		149		true	自旧档汇入	2026-04-13T01:27:08+08:00
Corps	sm.	Haut du—	身体	’zaong pé’ sen	zaong’ pé’ sen	上半身		149	變調	true	自旧档汇入	2026-04-13T01:27:08+08:00
Corps	sm.	Bas du —	身体	’hao pé’ sen		下半身		149		true	自旧档汇入	2026-04-13T01:27:08+08:00
Corps	sm.	Chose matérnelle	物体	méh ze’		物事		149		true	自旧档汇入	2026-04-13T01:27:08+08:00
Corps	sm.	Chose matérnelle	物体	véh ghié’		物件		149		true	自旧档汇入	2026-04-13T01:27:08+08:00
Corps	sm.	—de bâtiment	主体	ih zou’ vaong ’tse		一座房子		149		true	自旧档汇入	2026-04-13T01:27:08+08:00
Corps	sm.	—d'armée	团体	ih kiun		一軍		149		true	自旧档汇入	2026-04-13T01:27:08+08:00
Corps	sm.	—de grade	团体	’seû yeng		守營		149		true	自旧档汇入	2026-04-13T01:27:08+08:00
Corpulent	adj.		胖	sen ’t‘i ts‘ou		身體粗		149		true	自旧档汇入	2026-04-13T01:27:08+08:00
Corpulent	adj.		胖	p‘ang’	p‘aong’	胖		149		true	自旧档汇入	2026-04-13T01:27:08+08:00
Corpulent	adj.		胖	dou’ k‘oei deû	dou’ k‘oei’ deû	大塊頭		149		true	自旧档汇入	2026-04-13T01:27:08+08:00
Corpuscule	sm.		微粒	zen méh		塵末		149		true	自旧档汇入	2026-04-13T01:27:08+08:00
Correct	Fig.		正确，得体	teu tseng’		端正		149		true	自旧档汇入	2026-04-13T01:27:08+08:00
Correct	Fig.		正确，得体	teu faong 		端方		149		true	自旧档汇入	2026-04-13T01:27:08+08:00
Corrélatif	adj.		相应的	siang yeng’ ke’		相應个		149		true	自旧档汇入	2026-04-13T01:27:08+08:00
Corrélatif	adj.		相应的	siang héh ke’		相合个		149		true	自旧档汇入	2026-04-13T01:27:08+08:00
Corrélatif	adj.		相应的	siang tei’ ke’		相對个		149		true	自旧档汇入	2026-04-13T01:27:08+08:00
Correspondance	sf.	épistolaire	通信	su sin’ waong lai	su sin’ ’waong lai	書信往來		149		true	自旧档汇入	2026-04-13T01:27:08+08:00
Correspondre	vn.		符合	siang tei’  		相對		149		true	自旧档汇入	2026-04-13T01:27:08+08:00
Correspondre	vn.		符合	siang p‘ei’		相配		149		true	自旧档汇入	2026-04-13T01:27:08+08:00
Correspondre	vn.	être conforme	符合	siang dong		相同		149		true	自旧档汇入	2026-04-13T01:27:08+08:00
Correspondre	vn.	Communiquer	相通	siang t‘ong		相通		149		true	自旧档汇入	2026-04-13T01:27:08+08:00
Corridor	sm.		走廊	yeû laong		游廊		149		true	自旧档汇入	2026-04-13T01:27:08+08:00
Corridor	sm.		走廊	’tseû laong		走廊		149		true	自旧档汇入	2026-04-13T01:27:08+08:00
Corriger	va.	châtier	惩罚	vèh		罰		149		true	自旧档汇入	2026-04-13T01:27:08+08:00
Corriger	va.	châtier	惩罚	tséh vèh	tseh vèh	責罰		149	待定	true	自旧档汇入	2026-04-13T01:27:08+08:00
Corriger	va.	réformer	改正	’kai		改		149		true	自旧档汇入	2026-04-13T01:27:08+08:00
Corriger	va.	réformer	改正	’kai pié’		改變		149		true	自旧档汇入	2026-04-13T01:27:08+08:00
Corriger	va.	réformer	改正	’kai tseng’		改正		149		true	自旧档汇入	2026-04-13T01:27:08+08:00
Corriger	vr.	Se- 	改正	’kai kou’		改過		150		true	自旧档汇入	2026-04-13T01:27:08+08:00
Corriger	vr.	Se- de l'opium	改正	ka’ yé		戒烟		150		true	自旧档汇入	2026-04-13T01:27:08+08:00
Corroder	va.		腐蚀	sieû’ wa’		銹壞		150		true	自旧档汇入	2026-04-13T01:27:08+08:00
Corroder	va.		腐蚀	tsu’ wa’		蛀壞		150		true	自旧档汇入	2026-04-13T01:27:08+08:00
Corroder	va.		腐蚀	’ngao sé’		咬碎		150		true	自旧档汇入	2026-04-13T01:27:08+08:00
Corrompre	va.		腐坏	long’ wa’		弄壞		150		true	自旧档汇入	2026-04-13T01:27:08+08:00
Corrompre	va.		腐坏	ba’ wa’		敗壞		150		true	自旧档汇入	2026-04-13T01:27:08+08:00
Corrompre	va.	—par des présents	贿赂	hang ’foei lou’		行賄賂		150		true	自旧档汇入	2026-04-13T01:27:08+08:00
Corrompre	va.	—par des présents	贿赂	séh ’foei	seh ’foei	塞賄		150	待定	true	自旧档汇入	2026-04-13T01:27:08+08:00
Corrompre	va.	Se laisser -	贿赂	’zeû ’foei		受賄		150		true	自旧档汇入	2026-04-13T01:27:08+08:00
Corroyeur	sm.		皮革整理工	siao bi ziang’		硝皮匠		150		true	自旧档汇入	2026-04-13T01:27:08+08:00
Corrompu	adj.		腐败的	wa’ ke’		壞个		150		true	自旧档汇入	2026-04-13T01:27:08+08:00
Corrompu	adj.	Fils-	腐败的	ba’ ka tsing		敗家精		150		true	自旧档汇入	2026-04-13T01:27:08+08:00
Corrupteur	adj.		使人堕落的	wa’ ’piao yang’ ke’		壞表樣个		150		true	自旧档汇入	2026-04-13T01:27:08+08:00
Corrupteur	adj.		使人堕落的	wa’ gnen sin ke’		壞人心个		150		true	自旧档汇入	2026-04-13T01:27:08+08:00
Corsaire	sm.		私掠船	’h‘ai zeh		海賊		150		true	自旧档汇入	2026-04-13T01:27:08+08:00
Cortège	sm.	Faire - à qqn.	随行	ken pè		跟班		150		true	自旧档汇入	2026-04-13T01:27:08+08:00
Cortège	sm.	Faire - à qqn.	随行	song’ i		送伊		150		true	自旧档汇入	2026-04-13T01:27:08+08:00
Corvée	Fig.		差役	taong ts‘a		當差		150		true	自旧档汇入	2026-04-13T01:27:08+08:00
Corvée	Fig.		差役	ts‘a ’se		差使		150		true	自旧档汇入	2026-04-13T01:27:08+08:00
Corvée	Fig.		差役	’lou sou		嚕[口穌]		150	待定 一作“囉嗦”“囉唆”	true	自旧档汇入	2026-04-13T01:27:08+08:00
Coryphée	sm.	Chef  	领袖	ts‘éh deû		出頭		150		true	自旧档汇入	2026-04-13T01:27:08+08:00
Coryphée	sm.	Chef  	领袖	’ling deû		領頭		150		true	自旧档汇入	2026-04-13T01:27:08+08:00
Coryphée	sm.	Chef  	领袖	k‘ai lou’		開路		150		true	自旧档汇入	2026-04-13T01:27:08+08:00
Cosécante	sf.		余割	yu keuh		餘割		150		true	自旧档汇入	2026-04-13T01:27:08+08:00
Cosinus	sm.		余弦	yu yé		餘弦		150		true	自旧档汇入	2026-04-13T01:27:08+08:00
Cosmétique	sm.		化妆品	tse fen	tse ’fen	脂粉		150		true	自旧档汇入	2026-04-13T01:27:08+08:00
Cosmographie	sf.		宇宙志 	t‘ié wen di’ ’li		天文地理		150		true	自旧档汇入	2026-04-13T01:27:08+08:00
Cosmopolite	sm.		四海为家的人	m ih ding’ zu’ ’la ke’ di’ faong		無一定住拉个地方	嘸一定住拉个地方	150		true	自旧档汇入	2026-04-13T01:27:08+08:00
Cosmopolite	sm.		四海为家的人	wou zang kiu tse di’		無常居之地	嘸常居之地	150		true	自旧档汇入	2026-04-13T01:27:08+08:00
Cosse	sf.	de pois	荚	deû’ k‘oh		豆殼		150		true	自旧档汇入	2026-04-13T01:27:08+08:00
Cosse	sf.	de pois	荚	deû’ kiéh		豆莢		150		true	自旧档汇入	2026-04-13T01:27:08+08:00
Costume	sm.		服装	hang deû		行頭		150		true	自旧档汇入	2026-04-13T01:27:08+08:00
Costume	sm.		服装	hang ’zang [ih fou’]	hang zang’ [ih fou’]	行仗[一副]		150	待定	true	自旧档汇入	2026-04-13T01:27:08+08:00
Costume	sm.	— européen	西服	si yang ’tang pè’		西洋打扮		150		true	自旧档汇入	2026-04-13T01:27:08+08:00
Costume	sm.	— européen	西服	si yang woh seh		西洋服色		150	待定 服飾	true	自旧档汇入	2026-04-13T01:27:08+08:00
Cotangente	sf.		余切	yu ts‘ih		餘切		150		true	自旧档汇入	2026-04-13T01:27:08+08:00
Côte	sf.	Fausse -	肋骨	leh baong koéh 		肋膀骨		150		true	自旧档汇入	2026-04-13T01:27:08+08:00
Côte	sf.	Fausse -	肋骨	leh koéh		肋骨		150		true	自旧档汇入	2026-04-13T01:27:08+08:00
Côte	sf.	Fausse -	肋骨	’gneu leh		軟肋		150		true	自旧档汇入	2026-04-13T01:27:08+08:00
Côte	sf.	Penchant d’une colline	山坡	sè pei’		山背		150		true	自旧档汇入	2026-04-13T01:27:08+08:00
Côte	sf.	Penchant d’une colline	山坡	sè ke’ baong mié’		山个旁面		150		true	自旧档汇入	2026-04-13T01:27:08+08:00
Côte	sf.	À mi-côte	山坡	pé’ sè laong’		半山上		150		true	自旧档汇入	2026-04-13T01:27:08+08:00
Côte	sf.	À mi-côte	山坡	tsong sè		中山		150		true	自旧档汇入	2026-04-13T01:27:08+08:00
Côte	sf.	Rivage de la mer	海滨	’h‘ai t‘è		海灘		150		true	自旧档汇入	2026-04-13T01:27:08+08:00
Côte	sf.	Rivage de la mer	海滨	’h‘ai pié ke’ di’ faong		海邊个地方		150		true	自旧档汇入	2026-04-13T01:27:08+08:00
Côté	sm.	Incliner sur le -	旁边	baong		旁		150		true	自旧档汇入	2026-04-13T01:27:08+08:00
Côté	sm.	Incliner sur le -	旁边	baong pié		旁邊		150		true	自旧档汇入	2026-04-13T01:27:08+08:00
Côté	sm.	Incliner sur le -	旁边	tseh ’tsé lai tsé		側轉來者		150		true	自旧档汇入	2026-04-13T01:27:08+08:00
Côté	Fig. 	Regarder de - 	方面	p‘ié ’la ih mié’		偏拉一面		150		true	自旧档汇入	2026-04-13T01:27:08+08:00
Côté	Fig. 	Regarder de - 	方面	k‘eu’ véh ’k‘i		看勿起		150		true	自旧档汇入	2026-04-13T01:27:08+08:00
Côté	Fig. 	Regarder de - 	方面	k‘eu’ véh ’zaong ’ngè		看勿上眼		150		true	自旧档汇入	2026-04-13T01:27:08+08:00
Côté	sm.	De tous-s	方面	se’ ’ya ’li		四下裏		150		true	自旧档汇入	2026-04-13T01:27:08+08:00
Côté	sm.	De tous-s	方面	se’ mié’ pèh faong		四面八方		150		true	自旧档汇入	2026-04-13T01:27:08+08:00
Côté	sm.	De - loc. adv.	旁边	tseh ’li hiang’		側裏向		150		true	自旧档汇入	2026-04-13T01:27:08+08:00
Côté	sm.	De - loc. adv.	旁边	wang ’li		横裏		150		true	自旧档汇入	2026-04-13T01:27:08+08:00
Côté	sm.	À- de	旁边	baong pié		旁邊		150		true	自旧档汇入	2026-04-13T01:27:08+08:00
Côté	sm.	Mettre de-（à part）	方面	di k‘ai		提開		150		true	自旧档汇入	2026-04-13T01:27:08+08:00
Côté	sm.	Mettre de-（à part）	方面	tieû koang		丢光		150		true	自旧档汇入	2026-04-13T01:27:08+08:00
Côté	sm.	Traiter des deux -s	方面	’liang pié(mié’)seh		兩邊（面）説		150		true	自旧档汇入	2026-04-13T01:27:08+08:00
Coteau	sm.	Colline.	山丘 	k‘ieu ling.	k‘ieû ling	邱陵	丘陵	151		true	自旧档汇入	2026-04-13T01:27:08+08:00
Côtelette	sf.		排骨	leh diao.		肋條		151		true	自旧档汇入	2026-04-13T01:27:08+08:00
Cotisation	sf.		凑钱	’kou ven’.		股分		151		true	自旧档汇入	2026-04-13T01:27:08+08:00
Cotisation	sf.		凑钱	’kou deû.		股頭		151		true	自旧档汇入	2026-04-13T01:27:08+08:00
Coterie	sf.	(Formerune).	小集团	kiéh ’taong.		結黨		151		true	自旧档汇入	2026-04-13T01:27:08+08:00
Cotiser(Se)	vpr.		分担费用	kiun t‘è.		均攤		151		true	自旧档汇入	2026-04-13T01:27:08+08:00
Cotiser(Se)	vpr.		分担费用	kiun fen.		均分		151		true	自旧档汇入	2026-04-13T01:27:08+08:00
Cotiser(Se)	vpr.		分担费用	p‘a’.		派		151	原作“泒”	true	自旧档汇入	2026-04-13T01:27:08+08:00
Coton	sm.		棉花	mié h‘ouo.		棉花		151		true	自旧档汇入	2026-04-13T01:27:08+08:00
Coton	sm.		棉花	moh mié.		木棉		151		true	自旧档汇入	2026-04-13T01:27:08+08:00
Coton	sm.		棉纱	h‘ouo ghi. 		花萁		151		true	自旧档汇入	2026-04-13T01:27:08+08:00
Cotonnier	sm.	[arbre].  –[arbuste].	棉的	moh mié pou’.		木棉布		151		true	自旧档汇入	2026-04-13T01:27:08+08:00
Cotonnier	sm.	[arbre].  –[arbuste].	棉的	mié pou’.		棉布		151		true	自旧档汇入	2026-04-13T01:27:08+08:00
Cotonnade	sf.	– européenne	棉织品	yang pou’ [ih p‘ieh].		洋布[一匹]		151		true	自旧档汇入	2026-04-13T01:27:08+08:00
Cottage	sm.		（农舍式）小型别墅	’siao waong ’tse.		小房子		151		true	自旧档汇入	2026-04-13T01:27:08+08:00
Cotte	sf.	de mailles.	杜父鱼	’sou ’tse kèh.		鎖子甲		151		true	自旧档汇入	2026-04-13T01:27:08+08:00
Cotylédon	sm.		子叶	pè’.		瓣		151		true	自旧档汇入	2026-04-13T01:27:08+08:00
Cou	sm.		脖子	’kieng koéh.		頸骨		151		true	自旧档汇入	2026-04-13T01:27:08+08:00
Cou	sm.		脖子	deû ’kieng  koéh.		頭頸骨		151		true	自旧档汇入	2026-04-13T01:27:08+08:00
Cou	sm.		脖子	deû ’kieng.		頭頸		151		true	自旧档汇入	2026-04-13T01:27:08+08:00
Cou	sm.		脖子	’kieng pôh ’tse.		頸膊子		151		true	自旧档汇入	2026-04-13T01:27:08+08:00
Couchant	sm.		西方	si mié’. 		西面		151		true	自旧档汇入	2026-04-13T01:27:08+08:00
Couchant	sm.		西方	si faong. 		西方		151		true	自旧档汇入	2026-04-13T01:27:08+08:00
Couche	sf.	Lit.	床	zaong [ih tsang].		床[一張]		151		true	自旧档汇入	2026-04-13T01:27:08+08:00
Couche	sf.	Par –s.	层	ih zeng ih zeng.		一層一層		151		true	自旧档汇入	2026-04-13T01:27:08+08:00
Couche	sf.	Être en –s.	分娩	zou’ gneuh.		坐月		151		true	自旧档汇入	2026-04-13T01:27:08+08:00
Couché	pp.		躺着的	’t‘ang ’la.	’t‘aong ’la.	躺拉		151	待定	true	自旧档汇入	2026-04-13T01:27:08+08:00
Couché	pp.		躺着的	k‘oen’ ’la.		睏拉		151		true	自旧档汇入	2026-04-13T01:27:08+08:00
Couché	pp.		躺着的	k‘oen’ kao’.		睏覺		151		true	自旧档汇入	2026-04-13T01:27:08+08:00
Coucher	vn.		宿夜	sôh ya’.		宿夜		151		true	自旧档汇入	2026-04-13T01:27:08+08:00
Coucher	vn.		宿夜	kou’ ya’.		過夜		151		true	自旧档汇入	2026-04-13T01:27:08+08:00
Coucher	va.	[Placer horizontalement.]	使躺下	faong’ bing ’la.		放平拉		151		true	自旧档汇入	2026-04-13T01:27:08+08:00
Coucher	va.	[Placer horizontalement.]	使躺下	bing koh.		平擱		151		true	自旧档汇入	2026-04-13T01:27:08+08:00
Coucher	vr.	Se –. 	使躺下	’t‘ang ’la.	’t‘aong ’la.	躺拉		151		true	自旧档汇入	2026-04-13T01:27:08+08:00
Coucher	vr.	S'étendre, dormir	睡觉	k‘oen’ (kao’).		睏[覺]		151	待定 格式	true	自旧档汇入	2026-04-13T01:27:08+08:00
Coucher	vr.	Se –. 	（太阳星辰等）沉下	gnéh deû loh sè.		日頭落山		151		true	自旧档汇入	2026-04-13T01:27:08+08:00
Coucher	vr.	Le soleil se couche.	（太阳星辰等）沉下	guéh deû loh gni.		日頭落坭		151	待定	true	自旧档汇入	2026-04-13T01:27:08+08:00
Coude	sm.	Tournant.	肘	pi’ ts‘ang ’tse.		臂撑子		151		true	自旧档汇入	2026-04-13T01:27:08+08:00
Coude	sm.		肘	wè.		彎		151		true	自旧档汇入	2026-04-13T01:27:08+08:00
Cou-de-pied	sm.		脚背	kiah pei’.		脚背		151		true	自旧档汇入	2026-04-13T01:27:08+08:00
Coudre	va.		缝	lin ih lin.		繂一繂	繗一繗	151		true	自旧档汇入	2026-04-13T01:27:08+08:00
Coudre	va.		缝	wong ih wong.		縫一縫		151		true	自旧档汇入	2026-04-13T01:27:08+08:00
Coudre	va.		缝	tsou’ tsen sié’.		做針綫		151		true	自旧档汇入	2026-04-13T01:27:08+08:00
Coudre	va.		缝	’tiao ih ’tiao.		[巾勺]一[巾勺]	？一？	151	待定	true	自旧档汇入	2026-04-13T01:27:08+08:00
Couenne	sf.		猪肉皮	tse gnôh bi.		猪肉皮		151		true	自旧档汇入	2026-04-13T01:27:08+08:00
Coulant	adj.	[Langage].	流畅的	zen’ taong’.		順當		151		true	自旧档汇入	2026-04-13T01:27:08+08:00
Coulant	adj.	[Caractère]–.	流畅的	wou zen’.		和順		151		true	自旧档汇入	2026-04-13T01:27:08+08:00
Coulant	adj.	Nœud–.	流畅的	wéh kiéh.		活結		151		true	自旧档汇入	2026-04-13T01:27:08+08:00
Coulant	adj.	Ne soyez pas trop –.	滑动的	véh yao’ t‘ai’ song.		勿要太鬆		151		true	自旧档汇入	2026-04-13T01:27:08+08:00
Couler	vn.		流	lieû.		流		151		true	自旧档汇入	2026-04-13T01:27:08+08:00
Couler	vn.		流	leû’ ts‘éh lai.		漏出來		151		true	自旧档汇入	2026-04-13T01:27:08+08:00
Couler	vn.		流	yé’(ti’) ’hao lai.	yé(ti’) ’hao lai.	沿（渧）下來		151		true	自旧档汇入	2026-04-13T01:27:08+08:00
Couler	vn.	aller au fond de l'eau	流	zen ’hao k‘i’.		沉下去		151		true	自旧档汇入	2026-04-13T01:27:08+08:00
Couler	vn.	Laisser échapper.	流	leû’.		漏		151		true	自旧档汇入	2026-04-13T01:27:08+08:00
Couler	vn.	–. va. – un métal	流	tsu’.		鑄		151		true	自旧档汇入	2026-04-13T01:27:08+08:00
Couleur	sf.		颜色	ngè seh.		顔色		151		true	自旧档汇入	2026-04-13T01:27:08+08:00
Couleur	sf.	De différentes –s.	颜色	’n seh ke’		五色个		151		true	自旧档汇入	2026-04-13T01:27:08+08:00
Couleuvre	sf.		游蛇	zouo [ih diao]		蛇[一條]		152		true	自旧档汇入	2026-04-13T01:27:08+08:00
Coulis	adj.	(Vent).	穿堂风	t‘ong fong.		通風		152		true	自旧档汇入	2026-04-13T01:27:08+08:00
Coulisse	sf.	Rainure.	滑槽	zao sié’.		槽綫		152		true	自旧档汇入	2026-04-13T01:27:08+08:00
Coup	sm.	Frapper un –.	打	ih ki’.		一記		152		true	自旧档汇入	2026-04-13T01:27:08+08:00
Coup	sm.	Frapper un –.	打	’tang ih ki’.		打一記		152		true	自旧档汇入	2026-04-13T01:27:08+08:00
Coup	sm.	Frapper un – de sabre.	打	’k‘é ih ’k‘é (tao).		砍一砍（刀）		152		true	自旧档汇入	2026-04-13T01:27:08+08:00
Coup	sm.	donner un – de pied.	打	t‘ih ih kiah		踢一脚		152	待定	true	自旧档汇入	2026-04-13T01:27:08+08:00
Coup	sm.	donner un – de corne.	打	bang’ ih koh.		碰一角		152		true	自旧档汇入	2026-04-13T01:27:08+08:00
Coup	sm.	En venir aux – s.	打	dong’ ’seû.		動手		152		true	自旧档汇入	2026-04-13T01:27:08+08:00
Coup	sm.	En venir aux – s.	打	siang ’tang.		相打		152		true	自旧档汇入	2026-04-13T01:27:08+08:00
Coup	sm.	Tuer quelqu'un à – s de poing et de pied.	打	’tang ih ghieu deû		打一拳頭		152		true	自旧档汇入	2026-04-13T01:27:08+08:00
Coup	sm.	Tuer quelqu'un à – s de poing et de pied.	打	t‘ih ih kiah		踢一脚		152		true	自旧档汇入	2026-04-13T01:27:08+08:00
Coup	sm.	Tuer quelqu'un à – s de poing et de pied.	打	tsoh gnen ’tang sèh ’tsé		作人打殺者		152		true	自旧档汇入	2026-04-13T01:27:08+08:00
Coup	sm.	Revevoir un – de soleil.	打	gnéh deû ’li souo’ wa’.		日頭裏晒坏		152	保留簡體	true	自旧档汇入	2026-04-13T01:27:08+08:00
Coup	Fig.	Donner un – de main.	举动	paong maong.		幫忙		152		true	自旧档汇入	2026-04-13T01:27:08+08:00
Coup	Fig.	Donner un – de main.	举动	siang paong ih ’pouo.		相幫一把		152		true	自旧档汇入	2026-04-13T01:27:08+08:00
Coup	Fig.	Donner un – d'épaule.	举动	ts‘éh ih pi’ ’tse lih.	ts‘éh ih pi’ tse lih.	出一臂之力		152		true	自旧档汇入	2026-04-13T01:27:08+08:00
Coup	Fig.	Ne jamais manquer son –.	射击	pah fèh pah tsong’.		百發百中		152		true	自旧档汇入	2026-04-13T01:27:08+08:00
Coup	Fig.	Faire d'une pierre 2– s.	举动	ih ’kiu ’liang teh.		一舉兩得		152		true	自旧档汇入	2026-04-13T01:27:08+08:00
Coup	Fig.	Avoir du – d'œil.	击	’ngè lih kao.		眼力高		152		true	自旧档汇入	2026-04-13T01:27:08+08:00
Coup	Fig.	Coup sur –.	一下子	lié ih lié gni	lié ih lié gni’	連一連二，，		152		true	自旧档汇入	2026-04-13T01:27:08+08:00
Coup	Fig.	Coup sur –.	一下子	lié tsih lié		連接連				true	自旧档汇入	2026-04-13T01:27:08+08:00
Coup	Fig.	Coup sur –.	一下子	véh ding hiéh		勿停歇				true	自旧档汇入	2026-04-13T01:27:08+08:00
Coup	loc. adv.	Tout à coup.	一下子	féh zé.		忽然		152		true	自旧档汇入	2026-04-13T01:27:08+08:00
Coup	loc. adv.	Tout à coup.	一下子	teng ze lih k‘eh.		登時立刻		152		true	自旧档汇入	2026-04-13T01:27:08+08:00
Coup	loc. adv.	A – sûr.	一下子	pih ding’.		必定		152		true	自旧档汇入	2026-04-13T01:27:08+08:00
Coupapble	adj.	Déclarer –.	有罪的	’yeû zu’.		有罪		152		true	自旧档汇入	2026-04-13T01:27:08+08:00
Coupapble	adj.	Déclarer –.	有罪的	ding’ zu’.		定罪		152		true	自旧档汇入	2026-04-13T01:27:08+08:00
Coupe	sf.	à vin	杯	ih tsah ’tsieû pei.		一隻酒杯		152		true	自旧档汇入	2026-04-13T01:27:08+08:00
Coupe	sf.	Une – de vin.	杯	ih pei ’tsieû		一杯酒		152		true	自旧档汇入	2026-04-13T01:27:08+08:00
Coupelle	sf.		小酒杯	gnen wo.	gnen wou	銀窩		152	待定	true	自旧档汇入	2026-04-13T01:27:08+08:00
Couper	va.	– en tranches.	切	keuh.		割		152		true	自旧档汇入	2026-04-13T01:27:08+08:00
Couper	va.	– en tranches.	切	ts‘ih.		切		152		true	自旧档汇入	2026-04-13T01:27:08+08:00
Couper	va.	– en frappant à grands coups.	切	’k‘é.		砍		152		true	自旧档汇入	2026-04-13T01:27:08+08:00
Couper	va.	– en frappant à grands coups.	切	’tsè.		斬		152		true	自旧档汇入	2026-04-13T01:27:08+08:00
Couper	va.	– un habit.	切	zai i.		裁衣		152		true	自旧档汇入	2026-04-13T01:27:08+08:00
Couper	va.	–(les communications).	切	zih ’deu.		截斷		152		true	自旧档汇入	2026-04-13T01:27:08+08:00
Couper	va.	Se – au doigt	切	keuh t‘éh ’tsi deû.	keuh t‘éh tsih deû.	割脱指頭	割脱節頭	152	待定	true	自旧档汇入	2026-04-13T01:27:08+08:00
Couper	va.	Se – dans ses paroles.	自相矛盾	zié yé véh tei’ ’heû ’gnu.		前言勿對後語		152		true	自旧档汇入	2026-04-13T01:27:08+08:00
Couperet	sm.		剁肉的大刀	mè tao.		蠻刀		152	待定	true	自旧档汇入	2026-04-13T01:27:08+08:00
Couperet	sm.		剁肉的大刀	ts‘ih ts‘ai’ tao.		切菜刀		152		true	自旧档汇入	2026-04-13T01:27:08+08:00
Couperose	sf.		 矾	zao wè’.		皂礬		152	待定	true	自旧档汇入	2026-04-13T01:27:08+08:00
Couperose	sf.	– bleue.	 矾	lôh wè.		緑礬		152		true	自旧档汇入	2026-04-13T01:27:08+08:00
Couperose	sf.	– verte.	 矾	ts‘ing wè.		青礬		152		true	自旧档汇入	2026-04-13T01:27:08+08:00
Couple	sm. 	Epoux.	夫妻	fou wou’.		夫婦		152		true	自旧档汇入	2026-04-13T01:27:08+08:00
Couple	sm. 	Epoux.	夫妻	fou ts‘i.		夫妻		152		true	自旧档汇入	2026-04-13T01:27:08+08:00
Couple	sm. 	Un – d'animaux.	一对	ih tei’.		一對		152		true	自旧档汇入	2026-04-13T01:27:08+08:00
Couple	sf.	Une – [d'œufs].	一对	’liang ke’.		兩个		153		true	自旧档汇入	2026-04-13T01:27:08+08:00
Couplet	sm.		(歌曲主歌的)段	ih tsih se.		一節詩		153		true	自旧档汇入	2026-04-13T01:27:08+08:00
Coupon	sm.	d'étoffe.	零头衣料	ling sé’ pou’ deû.		零碎布頭		153		true	自旧档汇入	2026-04-13T01:27:08+08:00
Coupure	sf. 	Blessure.	割破的伤口	sé’.		碎		153		true	自旧档汇入	2026-04-13T01:27:08+08:00
Coupure	sf. 	Blessure.	割破的伤口	tao saong.		刀傷		153		true	自旧档汇入	2026-04-13T01:27:08+08:00
Cour	sf.	D'une maison.	天井	t‘ié ’tsing.		天井		153		true	自旧档汇入	2026-04-13T01:27:08+08:00
Cour	sf.	D'une maison.	院子	ding sin.		庭心		153		true	自旧档汇入	2026-04-13T01:27:08+08:00
Cour	sf.	La – impériale.	朝廷	zao ding		朝庭	朝廷	153	待定	true	自旧档汇入	2026-04-13T01:27:08+08:00
Cour	sf.	Le palais.	朝廷	kong dié’		宫殿		153		true	自旧档汇入	2026-04-13T01:27:08+08:00
Cour	sf.	Faire la – à qqn.	奉承	wong’ zeng.		奉承		153		true	自旧档汇入	2026-04-13T01:27:08+08:00
Courage	sm.		勇气	’tè k‘i’.		膽氣		153		true	自旧档汇入	2026-04-13T01:27:08+08:00
Courage	sm.		勇气	’tè liang’.		膽量		153		true	自旧档汇入	2026-04-13T01:27:08+08:00
Courage	sm.		勇气	’yong ’ké.		勇敢		153		true	自旧档汇入	2026-04-13T01:27:08+08:00
Courage	sm.	Perdre –.	勇气	t‘è hieng’.		坍興		153		true	自旧档汇入	2026-04-13T01:27:08+08:00
Courage	sm.	Dureté ; il a le – de le frapper.	勇气	ngang’ sin ’tang i.		硬心打伊		153		true	自旧档汇入	2026-04-13T01:27:08+08:00
Courage	interj.	– ! 	勇气	dou’ ’tè (faong’ sin) méh ’tsé!		大膽（放心）末者		153		true	自旧档汇入	2026-04-13T01:27:08+08:00
Courageux	adj.		胆大的	’tè dou’ ke’.		膽大个		153		true	自旧档汇入	2026-04-13T01:27:08+08:00
Courageux	adj.		胆大的	’yong ’ké ke’.		勇敢个		153		true	自旧档汇入	2026-04-13T01:27:08+08:00
Courageux	adj.	Ardent au travail.	胆大的	tsou’ sang wéh ghien ’kien ke.		做生活勤謹个		153		true	自旧档汇入	2026-04-13T01:27:08+08:00
Couramment	adv.	(Parler)	流利地	seh wo’ wo’ lai lié loh lai.		説話説來連絡來		153		true	自旧档汇入	2026-04-13T01:27:08+08:00
Courant	adj.	Eau –e.	流动的	wéh ’se		活水		153		true	自旧档汇入	2026-04-13T01:27:08+08:00
Courant	adj.	Actuel : mois –.	当前的	’pen gneuh.		本月		153		true	自旧档汇入	2026-04-13T01:27:08+08:00
Courant	adj.	Prix –.	当前的	ze ka’.		時價		153		true	自旧档汇入	2026-04-13T01:27:08+08:00
Courant	sm.	–. Fil de l'eau.	流水的	zen’ ’se.		順水		153		true	自旧档汇入	2026-04-13T01:27:08+08:00
Courant	sm.	Sens du –.	流水的	zen’ ’se.		順水		153		true	自旧档汇入	2026-04-13T01:27:08+08:00
Courant	sm.	Contre le –.	流水的	gneh ’se.		逆水		153		true	自旧档汇入	2026-04-13T01:27:08+08:00
Courant	sm.	Barque descendant le –.	流水的	’hao ’se zé.		下水船		153		true	自旧档汇入	2026-04-13T01:27:08+08:00
Courant	sm.	Barque remontant le –.	流水的	zaong’ ’se zé.		上水船		153		true	自旧档汇入	2026-04-13T01:27:08+08:00
Courant	sm.	Suivre le – (la foule).	潮流	tsao’ da’ kai’.		照大概		153		true	自旧档汇入	2026-04-13T01:27:08+08:00
Courant	sm.	Mettre au –.	了解情况	kao’ sou’.		告訴		153		true	自旧档汇入	2026-04-13T01:27:08+08:00
Courant	sm.	Mettre au –.	了解情况	’pin ming.		禀明		153		true	自旧档汇入	2026-04-13T01:27:08+08:00
Courant	sm.	Être au –. (d'un emploi).	了解情况	zih lié’.		習練		153		true	自旧档汇入	2026-04-13T01:27:08+08:00
Courant	sm.	Courant d'air.	穿堂风	’liang deû t‘ong.		兩頭通		153		true	自旧档汇入	2026-04-13T01:27:08+08:00
Courant	sm.	Courant d'air.	穿堂风	t‘ong fong.		通風		153		true	自旧档汇入	2026-04-13T01:27:08+08:00
Courante	sf.	Diarrhée	拉肚子	dou’ ’li véh kiéh zéh		肚裏勿結實		153		true	自旧档汇入	2026-04-13T01:27:08+08:00
Courante	sf.	Diarrhée	拉肚子	za’		瀉	？	153	待定	true	自旧档汇入	2026-04-13T01:27:08+08:00
Courbaturé	adj.	(Être tout).	极度疲劳的	wen sen fèh seu.		渾身發酸		153		true	自旧档汇入	2026-04-13T01:27:08+08:00
Courbaturé	adj.	(Être tout).	极度疲劳的	sa dou lai kien se m lih		衰瘏來筋絲無力	衰瘏來筋絲嘸力	153		true	自旧档汇入	2026-04-13T01:27:08+08:00
Courbe	adj.		曲的	k‘iôh ke’.		曲个		153		true	自旧档汇入	2026-04-13T01:27:08+08:00
Courbe	adj.		曲的	k‘iôh k‘iôh wè wè.		曲曲灣灣	曲曲彎彎	153	待定	true	自旧档汇入	2026-04-13T01:27:08+08:00
Courbe	adj.		曲的	kiôh ts‘éh.	kiôh tséh.	曲折		153		true	自旧档汇入	2026-04-13T01:27:08+08:00
Courber	va.	 la tête.	使弯曲	wè		灣	彎	153		true	自旧档汇入	2026-04-13T01:27:08+08:00
Courber	va.	 la tête.	使弯曲	ti deû		低頭		153		true	自旧档汇入	2026-04-13T01:27:08+08:00
Courber	va.	 la tête.	使弯曲	deû ’eû ’hao lai	deû eû ’hao lai	頭傴下來		153		true	自旧档汇入	2026-04-13T01:27:08+08:00
Courbettes	sf. pl.	(Faire des)	〈口语〉卑躬屈膝的行礼	k‘éh deû.		磕頭		153		true	自旧档汇入	2026-04-13T01:27:08+08:00
Courbettes	sf. pl.	(Faire des)	〈口语〉卑躬屈膝的行礼	’ts‘é mei’ wong’ zeng.		諂媚奉承		153	待定	true	自旧档汇入	2026-04-13T01:27:08+08:00
Coureur	sm.	Messager rapide.	奔跑的人	bao sin’ ke’.		跑信个		153		true	自旧档汇入	2026-04-13T01:27:08+08:00
Coureur	sm.	Messager rapide.	奔跑的人	zé sin’ ke’.		傳信个		153		true	自旧档汇入	2026-04-13T01:27:08+08:00
Coureur	sm.	Vagabond.	好色者	kaong wou.		江湖		153		true	自旧档汇入	2026-04-13T01:27:08+08:00
Coureur	sm.	Vagabond.	好色者	t‘èh bi.		搨皮		153	待定	true	自旧档汇入	2026-04-13T01:27:08+08:00
Coureur	sm.	Vagabond.	好色者	lieû maong.		流氓		153		true	自旧档汇入	2026-04-13T01:27:08+08:00
Courge	sf.		【植物学】南瓜;西葫芦;笋瓜	kouo.		瓜		153		true	自旧档汇入	2026-04-13T01:27:08+08:00
Courir	vn.	Ne pouvoir –.	跑	bao.		跑		153		true	自旧档汇入	2026-04-13T01:27:08+08:00
Courir	vn.	Ne pouvoir –.	跑	bao véh dong’(k‘oa’) .		跑勿動（快）		153		true	自旧档汇入	2026-04-13T01:27:08+08:00
Courir	vn.	– de tous côtés	跑	tong bao si bao.		東跑西跑		154		true	自旧档汇入	2026-04-13T01:27:08+08:00
Courir	vn.	– après qqn.	跑	keu.	’keu.	趕		154		true	自旧档汇入	2026-04-13T01:27:08+08:00
Courir	vn.	– après qqn.	追	keu ’kein.	’keu ’kein.	趕緊		154		true	自旧档汇入	2026-04-13T01:27:08+08:00
Courir	vn.	– après qqn.	追	tsu i.		追伊		154		true	自旧档汇入	2026-04-13T01:27:08+08:00
Courir	vn.	– après la gloire et la fortune.	追	tseng ming deuh li’.		争名奪利		154		true	自旧档汇入	2026-04-13T01:27:08+08:00
Courir	vn.	Faire – des bruits	传播	zao’ yao yé.		造謡言		154		true	自旧档汇入	2026-04-13T01:27:08+08:00
Couronne	sf.	La – d'épines (C).	桂冠	h‘ouo koé.		花冠		154		true	自旧档汇入	2026-04-13T01:27:08+08:00
Couronne	sf.	La – d'épines (C).	桂冠	ts‘e’ koé.		茨冠		154	待定	true	自旧档汇入	2026-04-13T01:27:08+08:00
Couronnement	sm.	d'un édifice.	加冕	’ting.		頂		154		true	自旧档汇入	2026-04-13T01:27:08+08:00
Courrier	sm.		信	pao’ sin’ ke’ gnen.		報信個人		154		true	自旧档汇入	2026-04-13T01:27:08+08:00
Courrier	sm.	à cheval	信	pao’ ’mô.		報馬		154		true	自旧档汇入	2026-04-13T01:27:08+08:00
Courrier	sm.	à cheval	信	ghi ’mô lai pao’ sin’.		騎馬來報信		154		true	自旧档汇入	2026-04-13T01:27:08+08:00
Courroie	sf.		皮带	bi diao.		皮條		154		true	自旧档汇入	2026-04-13T01:27:08+08:00
Courroucer	va.	pp.	激怒	’za i fèh ’h‘ou.		惹伊發火		154		true	自旧档汇入	2026-04-13T01:27:08+08:00
Courroucer	va.	pp.	激怒	’za i k‘i’.		惹伊氣		154		true	自旧档汇入	2026-04-13T01:27:08+08:00
Courroucé	pp.	[,, eaux.	怒的	k‘i’ lai ’si.		氣來死		154		true	自旧档汇入	2026-04-13T01:27:08+08:00
Cours	sm.	des astres.	天体的移动	sing ’tsé.		星轉		154		true	自旧档汇入	2026-04-13T01:27:08+08:00
Cours	sm.	des astres.	水流	’se lieû dong’.		水流動		154		true	自旧档汇入	2026-04-13T01:27:08+08:00
Cours	sm.	Avoir – partout.	流动	t‘ong hang.		通行		154		true	自旧档汇入	2026-04-13T01:27:08+08:00
Cours	sm.	Avoir – partout.	流动	’tseû dong’.		走動		154		true	自旧档汇入	2026-04-13T01:27:08+08:00
Court	adj.		短的	’teu ke’.		短个		154		true	自旧档汇入	2026-04-13T01:27:08+08:00
Court	adj.	Laconique	简捷的	’kié zih ke’.		簡捷个		154		true	自旧档汇入	2026-04-13T01:27:08+08:00
Court	adj.	Laconique	简捷的	’kié bié’ ke’.		簡便个		154		true	自旧档汇入	2026-04-13T01:27:08+08:00
Court	adj.	Soyez –.	简捷的	nong’ ’kié bié’ ih ’ngè.		儂簡便一眼		154		true	自旧档汇入	2026-04-13T01:27:08+08:00
Court	adv.		短的	véh ke.	véh keû’.	勿够		154	印刷錯誤	true	自旧档汇入	2026-04-13T01:27:08+08:00
Court	adv.		短的	m méh.		無末	嘸末	154		true	自旧档汇入	2026-04-13T01:27:08+08:00
Court	adv.	Rester à – de paroles.	短的	m sa’ wo’ deû.		無啥話頭	嘸啥話頭	154		true	自旧档汇入	2026-04-13T01:27:08+08:00
Court	adv.	N'être jamais à – de raisons	短的	seh véh zin’ ke’ ’li.		説勿盡个理		154		true	自旧档汇入	2026-04-13T01:27:08+08:00
Courtage	sm.		经纪	tsong gnen dié.		中人錢		154		true	自旧档汇入	2026-04-13T01:27:08+08:00
Courtage	sm.	Payer le –.	经纪	ts‘éh yong dié.	ts‘éh yong’ dié.	出用錢		154	待定	true	自旧档汇入	2026-04-13T01:27:08+08:00
Courtier	sm.		经纪人	kieng ’seû.		經手		154		true	自旧档汇入	2026-04-13T01:27:08+08:00
Courtier	sm.		经纪人	tsong gnen.		中人		154		true	自旧档汇入	2026-04-13T01:27:08+08:00
Courtier	sm.		经纪人	’ma bè’.		買辦		154		true	自旧档汇入	2026-04-13T01:27:08+08:00
Courtepointe	ouatée		有绗缝的棉被	bi’ deû.		被頭		154		true	自旧档汇入	2026-04-13T01:27:08+08:00
Courtepointe	ouatée		有绗缝的棉被	mié bi’.		棉被		154		true	自旧档汇入	2026-04-13T01:27:08+08:00
Courtepointe	ouatée		有绗缝的棉被	su’ bi’.		絮被		154	待定	true	自旧档汇入	2026-04-13T01:27:08+08:00
Courtilière	sf.		蝼蛄	leû kou.		螻蛄		154		true	自旧档汇入	2026-04-13T01:27:08+08:00
Courtisan	sm.	Flatteur.	阿谀奉承的	kou’ yu wong’ zeng.		過於奉承		154		true	自旧档汇入	2026-04-13T01:27:08+08:00
Courtisan	sm.	Flatteur.	阿谀奉承的	t‘éh sa wong’ zeng.	t‘éh sa’ wong’ zeng.	忒啥奉承		154	待定	true	自旧档汇入	2026-04-13T01:27:08+08:00
Courtiser	va.		奉承	wong’ zeng.		奉承		154		true	自旧档汇入	2026-04-13T01:27:08+08:00
Courtiser	va.		奉承	ts‘iu wong’.	ts‘u wong’.	趨奉		154	待定	true	自旧档汇入	2026-04-13T01:27:08+08:00
Courtiser	va.		奉承	’za gnen yéh woh.	’za gnen yeuh woh.	惹人悦服		154	印刷錯誤	true	自旧档汇入	2026-04-13T01:27:08+08:00
Courtisane	sf.		高等妓女	tsaong wou’.		娼婦		154		true	自旧档汇入	2026-04-13T01:27:08+08:00
Courtisane	sf.		高等妓女	piao ’tse.	biao ’tse.	嫖子		154		true	自旧档汇入	2026-04-13T01:27:08+08:00
Courtois	adj.	Poli. Affable.	有礼貌的	’yeû ’li mao’.		有禮貌		154		true	自旧档汇入	2026-04-13T01:27:08+08:00
Courtois	adj.	Poli. Affable.	有礼貌的	wen wou.		温和		154		true	自旧档汇入	2026-04-13T01:27:08+08:00
Cousin, Cousine.s.		Fils, 	堂兄弟	sôh pah (daong) di’ hiong; 		叔伯（堂）弟兄		154	法文調整	true	自旧档汇入	2026-04-13T01:27:08+08:00
Cousin, Cousine.s.		Filles d'un frère du père.	堂姐妹	sôh pah (daong)’tse mei’.		叔伯（堂）姊妹		154		true	自旧档汇入	2026-04-13T01:27:08+08:00
Cousin, Cousine.s.		Fils, fille d'une sœur du père	表兄弟	’piao di’ hiong.		表弟兄		154		true	自旧档汇入	2026-04-13T01:27:08+08:00
Cousin, Cousine.s.		Fils, fille d'une sœur du père	表姊妹	’piao ’tse mei’.		表姊妹		154		true	自旧档汇入	2026-04-13T01:27:08+08:00
Cousin, Cousine.s.		Fils, Fille d'une sœur de la mère.	姨弟兄	i di’ hiong.	yi di’ hiong.	姨弟兄		154	待定	true	自旧档汇入	2026-04-13T01:27:08+08:00
Cousin, Cousine.s.		Fils, Fille d'une sœur de la mère.	姨姊妹	i ’tse mei’	yi ’tse mei’	姨姊妹		154	待定	true	自旧档汇入	2026-04-13T01:27:08+08:00
Cousin	sm.	[insecte]	库蚊	men ’tse.		蚊子		155		true	自旧档汇入	2026-04-13T01:27:08+08:00
Coussin	sm.		垫子	’zou gnôh.		坐褥		155		true	自旧档汇入	2026-04-13T01:27:08+08:00
Coussin	sm.		垫子	dié’ ’tse.		墊子		155		true	自旧档汇入	2026-04-13T01:27:08+08:00
Coussin	sm.	– de fauteuil.	垫子	’yu ’tse laong’ ’zou gnôh (dié’ ’tse)		椅子上坐褥（墊子）		155	待定 椅聲調	true	自旧档汇入	2026-04-13T01:27:08+08:00
Coussin	sm.	– sur la selle.	垫子	’mô eu bi’. 		馬鞍被		155		true	自旧档汇入	2026-04-13T01:27:08+08:00
Coussin	sm.	– sous la selle.	垫子	’mô eu dié’ ’tse.		馬鞍墊子		155		true	自旧档汇入	2026-04-13T01:27:08+08:00
Couteau. Coutelas	sm.		刀	tao [ih ’pouo].		刀[一把]		155		true	自旧档汇入	2026-04-13T01:27:08+08:00
Couteau. Coutelas	sm.		刀	yao tao.		腰刀		155		true	自旧档汇入	2026-04-13T01:27:08+08:00
Coutellerie.	sf.		刀剪业	tao tsoh.		刀作		155		true	自旧档汇入	2026-04-13T01:27:08+08:00
Coutellerie.	sf.		刀剪业	t‘ih tié’.		鐡店		155		true	自旧档汇入	2026-04-13T01:27:08+08:00
Coutelier	sm.		刀剪匠	’tang tao ke’ gnen.		打刀个人		155		true	自旧档汇入	2026-04-13T01:27:08+08:00
Coutelier	sm.		刀剪匠	t‘ih ziang’.		鐵匠		155		true	自旧档汇入	2026-04-13T01:27:08+08:00
Coûter	vn.		值	zeh.		值		155		true	自旧档汇入	2026-04-13T01:27:08+08:00
Coûter	vn.		值	zeh teh.		值得		155		true	自旧档汇入	2026-04-13T01:27:08+08:00
Coûter	vn.	Exiger des efforts.	值	fi’ ze’.		費事		155		true	自旧档汇入	2026-04-13T01:27:08+08:00
Coûter	vn.	Exiger des efforts.	值	dou’ fi’ zen se.		大費神思		155		true	自旧档汇入	2026-04-13T01:27:08+08:00
Coûter	vn.	Coûte que copute	值	na p‘ouo na neng.	na p‘ouo’ na neng.	那怕那能		155	待定	true	自旧档汇入	2026-04-13T01:27:08+08:00
Coûter	vn.	Coûte que copute	无论如何	tseng’ ’fè.		正反		155		true	自旧档汇入	2026-04-13T01:27:08+08:00
Coûter	vn.	Coûte que copute	无论如何	’h‘ao k‘ieû.		好恘		155		true	自旧档汇入	2026-04-13T01:27:08+08:00
Coûter	vn.	Coûte que copute	无论如何	wang ’zu.		横竪		155	待定 豎聲調	true	自旧档汇入	2026-04-13T01:27:08+08:00
Coûteux	adj.		花钱多的	kiu’.		貴		155		true	自旧档汇入	2026-04-13T01:27:08+08:00
Coûteux	adj.		花钱多的	saong fi’ dou’ ke’.		傷費大个		155		true	自旧档汇入	2026-04-13T01:27:08+08:00
Coûteux	adj.		花钱多的	fi’ dong dié.		費銅錢		155		true	自旧档汇入	2026-04-13T01:27:08+08:00
Coûteux	adj.		花钱多的	k‘ieh dong ke’.		吃銅个		155		true	自旧档汇入	2026-04-13T01:27:08+08:00
Coutil	sm.	européen	人字斜纹布	yang tèh lié’.	yang tèh lié.	洋褡褳		155	待定	true	自旧档汇入	2026-04-13T01:27:08+08:00
Coutil	sm.	européen	人字斜纹布	mang mô pou’	’mang mô pou’	稝麻布		155		true	自旧档汇入	2026-04-13T01:27:08+08:00
Coutume	sf.		习惯	koei ’kiu.		規矩		155		true	自旧档汇入	2026-04-13T01:27:08+08:00
Coutume	sf.		习惯	fong zôh.		風俗		155		true	自旧档汇入	2026-04-13T01:27:08+08:00
Coutume	sf.		习惯	fong h‘o’.		風化		155		true	自旧档汇入	2026-04-13T01:27:08+08:00
Coutume	sf.	J'ai la – de …	习惯	’ngou bing zang (koè’ zang).		我平常（慣常）		155		true	自旧档汇入	2026-04-13T01:27:08+08:00
Coutume	sf.	La 1ère fois c'est une faveur; la 2e fois une –.=laissez leur prendre un pied chez vous	习惯	di’ ih wei faong’ ze’ zing ven’.		第一回放是情分		155		true	自旧档汇入	2026-04-13T01:27:08+08:00
Coutume	sf.	la 2e fois une –.=laissez leur prendre un pied chez vous	习惯	di’ gni’ wei zeng ze’ li’ lih ’tsé : gnang’ i ’la nong’ daong tèh kiah ih tèh kiah.	di’ gni’ wei zeng ze’ li’ lih ’tsé : gnang’ i ’la nong’ daong’ tèh kiah ih tèh kiah.	第二回成是例律者：讓伊拉儂蕩搭脚一搭脚		155	待定	true	自旧档汇入	2026-04-13T01:27:08+08:00
Couture	sf.	(faire de la) 	缝	tsou’ tsen sié’.		做針綫		155		true	自旧档汇入	2026-04-13T01:27:08+08:00
Couvain	sm.		蜂儿	zong ke’ ’tse.		虫个子		155	保留簡體	true	自旧档汇入	2026-04-13T01:27:08+08:00
Couvée	sf.		一窝雏禽	ih k‘ou ’siao ki.		一窩小鷄	一窠小鷄	155		true	自旧档汇入	2026-04-13T01:27:08+08:00
Couver	va.		孵（卵）	bou’ dè’.		哺蛋	伏蛋	155	待定	true	自旧档汇入	2026-04-13T01:27:08+08:00
Couver	va.		孵（卵）	bou’ ’siao ki.		哺小雞	伏小鷄	155	待定	true	自旧档汇入	2026-04-13T01:27:08+08:00
Couvent	sm.		修(道)院	sieû yeu’.		修院		155		true	自旧档汇入	2026-04-13T01:27:08+08:00
Couvercle	sm.		盖子	’kai deû.		蓋頭		155		true	自旧档汇入	2026-04-13T01:27:08+08:00
Couvert	sm.	– européen. 	餐具	tao ts‘ouo.		刀叉		155		true	自旧档汇入	2026-04-13T01:27:08+08:00
Couvert	sm.	– chinois (tasses, bâtonnets).	餐具	pei k‘oai.		杯筷		155		true	自旧档汇入	2026-04-13T01:27:08+08:00
Couvert	adj.	Mettre le –.	餐具	pé vè’.		搬飯		155		true	自旧档汇入	2026-04-13T01:27:08+08:00
Couvert	adj.	Mettre le –.	餐具	’pa zieh.		擺席		155		true	自旧档汇入	2026-04-13T01:27:08+08:00
Couvert	adj.	–. Ciel –.	 布满的	yen t‘ié.		陰天		155		true	自旧档汇入	2026-04-13T01:27:08+08:00
Couvert	adj.	Parler à mots –s.	隐蔽的	’tse tong wo’ si.		指東話西		155		true	自旧档汇入	2026-04-13T01:27:08+08:00
Couverte	sf.	Tout – de plaies.	 布满的	’mé sen ’yeû ts‘aong.		滿身有瘡		155		true	自旧档汇入	2026-04-13T01:27:08+08:00
Couverte	sf.	Email.		lou dié.		螺鈿		155	待定	true	自旧档汇入	2026-04-13T01:27:08+08:00
Couverture	sf.	de lit.	被子	bi’ deû.		被頭		156		true	自旧档汇入	2026-04-13T01:27:08+08:00
Couverture	sf.	de lit.	被子	bi’ gnôh [ih diao].		被褥[一條]		156		true	自旧档汇入	2026-04-13T01:27:08+08:00
Couverture	sf.	de lit.	被子	p‘ou ’kai.		鋪蓋		156		true	自旧档汇入	2026-04-13T01:27:08+08:00
Couverture	sf.	Louer une –.	遮盖	tsou bi’.		租被		156		true	自旧档汇入	2026-04-13T01:27:08+08:00
Couverture	sf.	– de livre.	遮盖	su t‘ao’ .		書套		156		true	自旧档汇入	2026-04-13T01:27:08+08:00
Couverture	sf.	– de maison.	屋顶	ôh ’ting (yé).		屋頂（檐）		156		true	自旧档汇入	2026-04-13T01:27:08+08:00
Couveuse	sf.		抱窝鸡	’lao bou ki.		老婆鷄	老伏鷄	156	待定 聲調	true	自旧档汇入	2026-04-13T01:27:08+08:00
Couvi	adj.	(Œuf) 	鸡蛋	m seh dè’.		無色蛋	嘸色蛋	156		true	自旧档汇入	2026-04-13T01:27:08+08:00
Couvi	adj.	(Œuf) 	鸡蛋	bou t‘ih dè’.	bou’ t‘ih dè’.	哺鐵蛋	伏鐵蛋	156		true	自旧档汇入	2026-04-13T01:27:08+08:00
Couvoir	sm.		抱窝鸡的窝	ki neu waong.	ki ’neu waong.	鷄暖房		156		true	自旧档汇入	2026-04-13T01:27:08+08:00
Couvoir	sm.		抱窝鸡的窝	ki bang		鷄棚		156		true	自旧档汇入	2026-04-13T01:27:08+08:00
Couvrir	va.		盖	’kai.		蓋		156		true	自旧档汇入	2026-04-13T01:27:08+08:00
Couvrir	va.		盖	’kai lai laong’.		蓋來上		156		true	自旧档汇入	2026-04-13T01:27:08+08:00
Couvrir	va.	Voiler.	盖	mong.		蒙		156		true	自旧档汇入	2026-04-13T01:27:08+08:00
Couvrir	va.	Voiler.	盖	tsouo.		遮		156		true	自旧档汇入	2026-04-13T01:27:08+08:00
Couvrir	va.	Voiler.	遮藏	mé.		瞞		156		true	自旧档汇入	2026-04-13T01:27:08+08:00
Couvrir	va.	– avec la main. 	遮藏	’ou zu’.		捂住		156	待定	true	自旧档汇入	2026-04-13T01:27:08+08:00
Couvrir	va.	 – le feu.	盖	’h‘ou laong’ péh foei.		火上撥灰		156		true	自旧档汇入	2026-04-13T01:27:08+08:00
Couvrir	va.	L'eau couvre la terre.	盖	’se méh.		水没		156		true	自旧档汇入	2026-04-13T01:27:08+08:00
Couvrir	va.	L'eau couvre la terre.	盖	’mé di’ zin’ ze’ ’se.		滿地盡是水		156		true	自旧档汇入	2026-04-13T01:27:08+08:00
Couvrir	va.	Se – la tête.	盖	ta’ mao’ ’tse.		戴帽子		156		true	自旧档汇入	2026-04-13T01:27:08+08:00
Couvrir	va.	Le temps se couvre.	盖	yen ’k‘i t‘ié lai ’li		陰起天來裏		156		true	自旧档汇入	2026-04-13T01:27:08+08:00
Couvrir	va.	Le temps se couvre.	盖	’zaong yun t‘ié		上雲天				true	自旧档汇入	2026-04-13T01:27:08+08:00
Crabe	sm.	Œufs de –.	蟹	’h‘a.		蟹		156		true	自旧档汇入	2026-04-13T01:27:08+08:00
Crabe	sm.	Œufs de –.	蟹	’h‘a waong		蟹黄		156	待定	true	自旧档汇入	2026-04-13T01:27:08+08:00
Crachat	sm.		唾沫	t‘ou’ ke’ t‘ou’ mô.		吐個唾沫		156	待定	true	自旧档汇入	2026-04-13T01:27:08+08:00
Crachat	sm.		痰	dè.		痰		156		true	自旧档汇入	2026-04-13T01:27:08+08:00
Crachoir	sm.		痰盂	dè yu.		痰盂		156		true	自旧档汇入	2026-04-13T01:27:08+08:00
Crachoir	sm.		痰盂	dè ben.		痰盆		156		true	自旧档汇入	2026-04-13T01:27:08+08:00
Cracher	va.		吐	t‘ou’.		吐		156		true	自旧档汇入	2026-04-13T01:27:08+08:00
Cracher	va.		吐	t‘ou’ zè t‘ou’.		吐湛唾	吐涎唾	156		true	自旧档汇入	2026-04-13T01:27:08+08:00
Cracher	va.		吐	t‘ou’ ts‘ing ’se.		吐清水		156		true	自旧档汇入	2026-04-13T01:27:08+08:00
Cracher	va.	– le sang.	吐	t‘ou’ hieuh		吐血		156		true	自旧档汇入	2026-04-13T01:27:08+08:00
Cracher	va.	– sur…	吐	t‘ou’ ’la…laong’		吐拉…上		156		true	自旧档汇入	2026-04-13T01:27:08+08:00
Craie	sf.		【矿物】白垩	’bah ’fen.	bah ’fen.	白粉		156	印刷錯誤	true	自旧档汇入	2026-04-13T01:27:08+08:00
Craie	sf.		【矿物】白垩	zah ’fen.		石粉		156		true	自旧档汇入	2026-04-13T01:27:08+08:00
Craindre	va.		怕	p‘ouo’.		怕		156		true	自旧档汇入	2026-04-13T01:27:08+08:00
Craindre	va.		怕	p‘ouo’ ghiu’.		怕懼		156		true	自旧档汇入	2026-04-13T01:27:08+08:00
Craindre	va.		怕	kieng hah.	kieng h‘ah.	驚嚇		156		true	自旧档汇入	2026-04-13T01:27:08+08:00
Craindre	va.	Je ne crains qu'une chose, c'est que…	怕	biéh yang véh p‘ouo’, tseh p‘ouo’…	biéh yang’ véh p‘ouo’, tséh p‘ouo’…	别樣勿怕，只怕…		156	待定 只	true	自旧档汇入	2026-04-13T01:27:08+08:00
Crainte	sf.	De – que.	怕	p‘ouo’		怕		156		true	自旧档汇入	2026-04-13T01:27:08+08:00
Crainte	sf.	De – que.	怕	’k‘ong p‘ouo’		恐怕		156		true	自旧档汇入	2026-04-13T01:27:08+08:00
Crainte	sf.	Ne pouvoir bannir la –.	怕	faong’ sin véh loh.		放心勿落		156		true	自旧档汇入	2026-04-13T01:27:08+08:00
Craintif	adj.	Peureux	胆怯的(人)	’tsè ’siao.		胆小		156	保留簡體	true	自旧档汇入	2026-04-13T01:27:08+08:00
Craintif	adj.	Peureux	胆怯的(人)	nei’ hiu.		内虚		156		true	自旧档汇入	2026-04-13T01:27:08+08:00
Craintif	adj.	Peureux	胆怯的(人)	sin hiu ’tè hiu.		心虚胆虚		156	保留簡體	true	自旧档汇入	2026-04-13T01:27:08+08:00
Craintif	adj.	 à l'excès.	胆怯的(人)	kieng sin hah ’tè.		驚心嚇胆		156	保留簡體	true	自旧档汇入	2026-04-13T01:27:08+08:00
Craintif	adj.	 à l'excès.	胆怯的(人)	p‘ouo’ sôh se se.		怕縮絲絲	怕？？？	156	待定	true	自旧档汇入	2026-04-13T01:27:08+08:00
Craintif	adj.	 à l'excès.	胆怯的(人)	wei’ deû wei’ ’nao ke’.		畏頭畏腦个		156		true	自旧档汇入	2026-04-13T01:27:08+08:00
Craintif	adj.	 à l'excès.	胆怯的(人)	wei’ ’seû wei’ ’gni ke’.		畏首畏尾个		156		true	自旧档汇入	2026-04-13T01:27:08+08:00
Cramoisi	adj.		深红的	dou’ hong ngè seh.		大紅顔色		156		true	自旧档汇入	2026-04-13T01:27:08+08:00
Cramoisi	adj.		深红的	dou’ hong ke’.		大紅个		156		true	自旧档汇入	2026-04-13T01:27:08+08:00
Crampe	sf.		抽筋	ts‘eû kien.		抽筋		156		true	自旧档汇入	2026-04-13T01:27:08+08:00
Crampe	sf.		抽筋	k‘ié kien.		牽筋		156		true	自旧档汇入	2026-04-13T01:27:08+08:00
Crampon	sm.	en fer	扣钉	t‘ih bieh ’tse.		鐡鼻子		156		true	自旧档汇入	2026-04-13T01:27:08+08:00
Cramponner	va. vr.	Se cramponner	钩住	’tsa zu’		抓住		156	待定	true	自旧档汇入	2026-04-13T01:27:08+08:00
Cramponner	va. vr.	Se cramponner	钩住	bouo zu.		爬住		156		true	自旧档汇入	2026-04-13T01:27:08+08:00
Cran	sm.		卡槽	k‘eû’ deû.		扣頭		156		true	自旧档汇入	2026-04-13T01:27:08+08:00
Crâne	sm.	Faire le –. 	颅	kou leu	k‘ou leû	骷髏		156	待定	true	自旧档汇入	2026-04-13T01:27:08+08:00
Crâne	sm.	Faire le –. 	颅	’nao koéh.		腦骨		156		true	自旧档汇入	2026-04-13T01:27:08+08:00
Crâne	sm.	Faire le –. 	有胆量的	’tè dou’.		胆大		156	保留簡體	true	自旧档汇入	2026-04-13T01:27:08+08:00
Crâne	sm.	Faire le –. 	有胆量的	dou’ ’pa.		大擺		156		true	自旧档汇入	2026-04-13T01:27:08+08:00
Crapaud	sm.		蟾蜍	la’ kéh ’pouo [ih tsah].		癩蛤[虫琶][一隻]	癩蛤？	156	待定	true	自旧档汇入	2026-04-13T01:27:08+08:00
Crapuleux	adj.		荒淫无耻的	’tsieû naong vè’ dai’.		酒囊飯袋		156		true	自旧档汇入	2026-04-13T01:27:08+08:00
Crapuleux	adj.		荒淫无耻的	’tsieû ’kiu.		酒鬼		157		true	自旧档汇入	2026-04-13T01:27:08+08:00
Crapuleux	adj.		荒淫无耻的	vè’ laong deû.		飯郎頭		157		true	自旧档汇入	2026-04-13T01:27:08+08:00
Craquelé	sm.		碎纹的	ze zah.		磁石		157		true	自旧档汇入	2026-04-13T01:27:08+08:00
Craquelé	sm.		碎纹的	’wé souo.		碗沙		157		true	自旧档汇入	2026-04-13T01:27:08+08:00
Craquer	vn.		使发出破裂声	pao’ seng ’hisang.		爆聲响		157	保留簡體	true	自旧档汇入	2026-04-13T01:27:08+08:00
Craquer	vn.	– sous la dent.	使发出破裂声	k‘ieh lai sé’ lèh sé’ lèh.		吃來碎喇碎喇	？	157	待定	true	自旧档汇入	2026-04-13T01:27:08+08:00
Crasse	sf.		炉渣	yeû gni.		油泥		157		true	自旧档汇入	2026-04-13T01:27:08+08:00
Crasse	sf.		炉渣	wou sou.		捼莎	？	157	待定	true	自旧档汇入	2026-04-13T01:27:08+08:00
Crasse	sf.		卑劣的手段	oh ts‘oh.		齷齪		157		true	自旧档汇入	2026-04-13T01:27:08+08:00
Crasse	sf.		脏	lèh tèh.		邋遢		157		true	自旧档汇入	2026-04-13T01:27:08+08:00
Crasseux	adj.		积满污垢的	ang tsang.		骯髒		157	待定	true	自旧档汇入	2026-04-13T01:27:08+08:00
Crasseux	adj.		积满污垢的	wou wei’.		污穢		157	待定	true	自旧档汇入	2026-04-13T01:27:08+08:00
Crasseux	adj.		积满污垢的	lèh tèh.		邋遢		157		true	自旧档汇入	2026-04-13T01:27:08+08:00
Cratère	sm.		火山口	’h‘ou sè ’k‘eû.		火山口		157		true	自旧档汇入	2026-04-13T01:27:08+08:00
Cravache	sf.		马鞭	’mô pié ’tse.		馬鞭子		157		true	自旧档汇入	2026-04-13T01:27:08+08:00
Crayon, crayonner	sm. va.		铅笔	k‘è pieh.		鉛筆		157		true	自旧档汇入	2026-04-13T01:27:08+08:00
Crayon, crayonner	sm. va.		画笔	miao wo’.		描畫		157		true	自旧档汇入	2026-04-13T01:27:08+08:00
Créance	sf.	Croyance.	相信	sin’.		信		157		true	自旧档汇入	2026-04-13T01:27:08+08:00
Créance	sf.	– commeriale.	债券	tsia p‘iao’.	tsia’ p‘iao’.	借票		157		true	自旧档汇入	2026-04-13T01:27:08+08:00
Créance	sf.	– commeriale.	债券	tsang’.		賬		157		true	自旧档汇入	2026-04-13T01:27:08+08:00
Créance	sf.	– commeriale.	债券	wei p‘iao’.	wei’ p‘iao’.	滙票		157		true	自旧档汇入	2026-04-13T01:27:08+08:00
Créance	sf.	Recevoir une lettre de –.	债券	’ling bing p‘iao’.		領憑票		157		true	自旧档汇入	2026-04-13T01:27:08+08:00
Créancier	sm.		债主	tsa’ ’tsu.		債主		157		true	自旧档汇入	2026-04-13T01:27:08+08:00
Créateur	sm	Le –.	造物主	zao’ vè’ wéh ke’.		造萬物個		157		true	自旧档汇入	2026-04-13T01:27:08+08:00
Créateur	sm	Le –.	造物主	zao’ wéh ’tsu.		造物主		157		true	自旧档汇入	2026-04-13T01:27:08+08:00
Création	sf.	L'univers.	天地万物	vè’ wéh.		萬物		157		true	自旧档汇入	2026-04-13T01:27:08+08:00
Création	sf.	Depuis la création.	天地万物	zong k‘ai p‘ieh ’i lai.		從開闢以來		157		true	自旧档汇入	2026-04-13T01:27:08+08:00
Créature	sf.		天地万物	zeû’ zao’ tse wéh.		受造之物		157		true	自旧档汇入	2026-04-13T01:27:08+08:00
Crécelle	sf.	– des bon.	摇转时发出嘎嘎声的玩具	moh ling.		木鈴		157		true	自旧档汇入	2026-04-13T01:27:08+08:00
Crécelle	sf.	– des bon.	摇转时发出嘎嘎声的玩具	moh yu.		木魚		157		true	自旧档汇入	2026-04-13T01:27:08+08:00
Crécerelle	sf.		红隼	yao ’tse	yao’ ’tse	鷂子		157		true	自旧档汇入	2026-04-13T01:27:08+08:00
Crèche	sf.	La crèche. (C.)	马槽	sang k‘eû’ zao.		牲口槽		157	原作“牲𤘘槽”	true	自旧档汇入	2026-04-13T01:27:08+08:00
Crèche	sf.	La crèche. (C.)	马槽	’mô zao.		馬槽		157		true	自旧档汇入	2026-04-13T01:27:08+08:00
Crédence	sf.	(C.)	餐具橱	t‘ié zen dai.		天神臺		157		true	自旧档汇入	2026-04-13T01:27:08+08:00
Crédit	sm.	Influence.	声望	’yeû ming waong’.		有名望		157		true	自旧档汇入	2026-04-13T01:27:08+08:00
Crédit	sm.	Influence.	声望	’yeû se’ mah (deû).		有勢脉（頭）		157	保留簡體	true	自旧档汇入	2026-04-13T01:27:08+08:00
Crédit	sm.	Influence.	声望	’yeû kiah lih.		有脚力		157		true	自旧档汇入	2026-04-13T01:27:08+08:00
Crédit	sm.	Acheté à –. Vendu à –.	声望	souo ’ma (lai) ke’ 		賒買（來）个		157		true	自旧档汇入	2026-04-13T01:27:08+08:00
Crédit	sm.	Acheté à –. Vendu à –.	声望	souo ma’ (k‘i’) ke’		賒賣（去）个				true	自旧档汇入	2026-04-13T01:27:08+08:00
Credo	sm.	(C.)	信经	sin’ kieng.		信經		157		true	自旧档汇入	2026-04-13T01:27:08+08:00
Crédule	adj.		轻信的	’gni ’tou ken ’gneu.		耳朵根軟		157		true	自旧档汇入	2026-04-13T01:27:08+08:00
Crédule	adj.	Je ne suis pas –.	轻信的	’ngou véh k‘ieng sin’.		我勿輕信		157		true	自旧档汇入	2026-04-13T01:27:08+08:00
Créer	va.	Faire de rien.	创造	zao’.		造		157		true	自旧档汇入	2026-04-13T01:27:08+08:00
Créer	va.	Faire de rien.	创造	zong méh ’yeû tsong sang zao’.		從没有中生造		157		true	自旧档汇入	2026-04-13T01:27:08+08:00
Créer	va.	Constituer en dignité.	设立	’kè ’sié.		揀選		157		true	自旧档汇入	2026-04-13T01:27:08+08:00
Créer	va.	Constituer en dignité.	设立	fong tsiah.		封爵		157		true	自旧档汇入	2026-04-13T01:27:08+08:00
Créer	va.	– mandarin.	设立	faong’ koé.		放官		157		true	自旧档汇入	2026-04-13T01:27:08+08:00
Crème	sf.	– fouettée.	奶皮	’na bi.		奶皮		157		true	自旧档汇入	2026-04-13T01:27:08+08:00
Crème	sf.	– fouettée.	奶皮	yeû mié’.		油面		157		true	自旧档汇入	2026-04-13T01:27:08+08:00
Crème	sf.	– fouettée.	奶皮	ki dè’ moh.		鷄蛋沫		157	待定	true	自旧档汇入	2026-04-13T01:27:08+08:00
Créneau	sm.		雉堞	zeng nga ’ts‘é.		城牙齒		157		true	自旧档汇入	2026-04-13T01:27:08+08:00
Crénelure	sf.		小圆齿状叶缘	h‘ouo ziang deû.		花墻頭		157		true	自旧档汇入	2026-04-13T01:27:08+08:00
Crêpe	sm.	Etoffe	绉纱	souo.		紗		157		true	自旧档汇入	2026-04-13T01:27:08+08:00
Crêpe	sm.	Etoffe	绉纱	’yu tseû’.		羽縐		157		true	自旧档汇入	2026-04-13T01:27:08+08:00
Crépir	va.		粗涂	’fen zah foei.		粉石灰		157		true	自旧档汇入	2026-04-13T01:27:08+08:00
Crépir	va.		粗涂	’fen séh.		粉刷		157		true	自旧档汇入	2026-04-13T01:27:08+08:00
Crépitation	sf.		连续发出爆裂声	pao’ seng ’hiang.		爆聲响		158	保留簡體	true	自旧档汇入	2026-04-13T01:27:08+08:00
Crépitation	sf.		连续发出爆裂声	’h‘ou pao’ pih-lih-pa-’la.		火爆嗶嚦吧拉		158	待定	true	自旧档汇入	2026-04-13T01:27:08+08:00
Crépus	adj.	(Cheveux)	天生短而卷曲的[指头发]	ghieu deû fèh.		鬈頭髮		158		true	自旧档汇入	2026-04-13T01:27:08+08:00
Crépuscule	sm.		暮色	waong hoen deû.	waong h‘oen deû.	黄昏頭		158		true	自旧档汇入	2026-04-13T01:27:08+08:00
Cresson	sm.		水踤菜	wou ghien ts‘ai’.		河芹菜		158		true	自旧档汇入	2026-04-13T01:27:08+08:00
Cresson	sm.		水踤菜	’se sang ts‘ai’.		水生菜		158		true	自旧档汇入	2026-04-13T01:27:08+08:00
Crête	sf.	de coq.	肉冠	ki koé.		鷄冠		158		true	自旧档汇入	2026-04-13T01:27:08+08:00
Crête	sf.	– de maison. 	脊	ôh tsieh.		屋脊		158		true	自旧档汇入	2026-04-13T01:27:08+08:00
Crête	sf.	 – de montaigne	脊	sè ’ting.		山頂		158		true	自旧档汇入	2026-04-13T01:27:08+08:00
Crête-de-coq	sf.		鸡冠花	ki koé h‘ouo.		鷄冠花		158		true	自旧档汇入	2026-04-13T01:27:08+08:00
Creuser	va.		挖	wèh.		挖		158		true	自旧档汇入	2026-04-13T01:27:08+08:00
Creuser	va.		挖	k‘en.		墾		158	待定	true	自旧档汇入	2026-04-13T01:27:08+08:00
Creuser	va.		挖	ghieuh k‘ai.		掘開		158		true	自旧档汇入	2026-04-13T01:27:08+08:00
Creuser	va.	Impossible de –.	挖	wèh véh loh.		挖勿落		158		true	自旧档汇入	2026-04-13T01:27:08+08:00
Creuser	Fig.	–. Approfondir.	挖	zouo ming.		查明		158		true	自旧档汇入	2026-04-13T01:27:08+08:00
Creuset	sm.		坩埚	lou.		爐		158		true	自旧档汇入	2026-04-13T01:27:08+08:00
Creuset	sm.		坩埚	h‘o gnen ’tse ke’ lou.	h‘o’ gnen ’tse ke’ lou	化銀子个爐		158		true	自旧档汇入	2026-04-13T01:27:08+08:00
Creux	sm.	– de l'estomac.	空的	ao.		凹		158		true	自旧档汇入	2026-04-13T01:27:08+08:00
Creux	sm.	– de l'estomac.	空的	k‘ong.		空		158		true	自旧档汇入	2026-04-13T01:27:08+08:00
Creux	sm.	– de l'estomac.	空的	seng.	sen.	深		158	待定	true	自旧档汇入	2026-04-13T01:27:08+08:00
Creux	sm.	– de l'estomac.	空的	sin k‘eû’.	sin ’k‘eû.	心口		158		true	自旧档汇入	2026-04-13T01:27:08+08:00
Creux	sm.	– de l'oreille.	空的	’gni ’tou ’koé.		耳朵管		158		true	自旧档汇入	2026-04-13T01:27:08+08:00
Creux	sm.	– de la main.	空的	’seû sin.		手心		158		true	自旧档汇入	2026-04-13T01:27:08+08:00
Creux	adj.	Dent creuse.	空的	tsu (k‘ong) nga.	tsu’ (k‘ong) nga.	蛀（空）牙		158		true	自旧档汇入	2026-04-13T01:27:08+08:00
Creux	adj.	Cave : endroit –.	空的	ao di’ faong.		凹地方		158		true	自旧档汇入	2026-04-13T01:27:08+08:00
Creux	adj.	Cave : endroit –.	空的	ti ts‘u’.		低處		158		true	自旧档汇入	2026-04-13T01:27:08+08:00
Creux	adj.	Bas : chemin –.	空的	ti lou’.		低路		158		true	自旧档汇入	2026-04-13T01:27:08+08:00
Creux	adj.	Bas : chemin –.	空的	keû lou’.		溝路		158		true	自旧档汇入	2026-04-13T01:27:08+08:00
Creux	Fig.	Sans fond. [Idée].	空的	k‘ong hiu ke’.		空虚个		158		true	自旧档汇入	2026-04-13T01:27:08+08:00
Creux	Fig.	Sans fond. [Idée].	空的	k‘ong weû ke’.		空浮个		158		true	自旧档汇入	2026-04-13T01:27:08+08:00
Crevasse	sf.		裂缝	wong.	wong’.	縫		158		true	自旧档汇入	2026-04-13T01:27:08+08:00
Crevasse	sf.		裂缝	fèh.		奯		158		true	自旧档汇入	2026-04-13T01:27:08+08:00
Crevasse	sf.	Les murs ont des –s, les cloisons ont des oreilles.	裂缝	ziang yeû wong，pieh yeû eul 	ziang ’yeû wong’，pieh ’yeû ’eul.	墻有縫，壁有耳		158		true	自旧档汇入	2026-04-13T01:27:08+08:00
Crevasse	sf.	Les murs ont des –s, les cloisons ont des oreilles.	裂缝	(t‘ing pieh kia, t‘ing seh wo).	 (t‘ing pieh kiah, t‘ing seh wo’).	（聽壁脚，聽説話）		158	待定 格式	true	自旧档汇入	2026-04-13T01:27:08+08:00
Crevassé	pp.		有裂缝的	lih wong ’tsé.	lih wong’ ’tsé.	裂縫者		158		true	自旧档汇入	2026-04-13T01:27:08+08:00
Crevasser(Se)	vr.		使有裂缝	lih wong.	lih wong’.	裂縫		158		true	自旧档汇入	2026-04-13T01:27:08+08:00
Crevasser(Se)	vr.		使有裂缝	bèh fèh (foèh).		拔奯		158		true	自旧档汇入	2026-04-13T01:27:08+08:00
Crève-cœur 	sm.		伤心	saong sin ze’.		傷心事		158		true	自旧档汇入	2026-04-13T01:27:08+08:00
Crever	vn.	L'abcès a crevé.	破裂	p‘ou.	p‘ou’.	破		158		true	自旧档汇入	2026-04-13T01:27:08+08:00
Crever	vn.	L'abcès a crevé.	破裂	koah.		㕟	呱	158	待定	true	自旧档汇入	2026-04-13T01:27:08+08:00
Crever	vn.	L'abcès a crevé.	破裂	ts‘aong ts‘é ’tsé.		瘡穿者	瘡？者	158	待定	true	自旧档汇入	2026-04-13T01:27:08+08:00
Crever	vn.	La digue a crevé.	破裂	wou ngeu’ k‘ai ze’ k‘eû’ ’tse ’tsé (’tang t‘éh ’tsé).	wou ngeu’ k‘ai ze’ ’k‘eû ’tse ’tsé (’tang t‘éh ’tsé).	河岸開是口子者（打脱者）		158		true	自旧档汇入	2026-04-13T01:27:08+08:00
Crevette	sf.		虾	h‘eu.		蝦		158	原作“鰕”	true	自旧档汇入	2026-04-13T01:27:08+08:00
Cri	sm.		喊叫	h‘è’ ih sang.		喊一聲		158		true	自旧档汇入	2026-04-13T01:27:08+08:00
Cri	sm.		喊叫	kao sang dou’ k‘i’.		高聲大氣		158		true	自旧档汇入	2026-04-13T01:27:08+08:00
Cri	sm.		喊叫	’tiao kiao’.		窵叫	鳥叫	158		true	自旧档汇入	2026-04-13T01:27:08+08:00
Criailler	vn.		瞎叫喊	’leu ’ts‘ao ’leu nao’.	leu’ ’ts‘ao leu’ nao’.	亂吵亂鬧		158	變調	true	自旧档汇入	2026-04-13T01:27:08+08:00
Criant	adj.	[Abus].	令人不满的	nai véh teh.	nai’ véh teh.	耐勿得		158		true	自旧档汇入	2026-04-13T01:27:08+08:00
Crible, Cribler	sm. 		筛	sa (se) ’tse.		篩子	篩（簁）子	158		true	自旧档汇入	2026-04-13T01:27:08+08:00
Crible, Cribler	Va.		筛	sa (se).		篩	篩（簁）	158		true	自旧档汇入	2026-04-13T01:27:08+08:00
Crible, Cribler	Va.		筛	sa(se) ih sa.		篩一篩	篩（簁）一篩	158	待定 格式	true	自旧档汇入	2026-04-13T01:27:08+08:00
Criblé	pp.	de dettes.	欠账的	k‘ié’ ih sen tsang’.		欠一身賬		158		true	自旧档汇入	2026-04-13T01:27:08+08:00
Cri-cri	sm.		蟋蟀	tsao’ ki.		灶鷄		158	保留簡體	true	自旧档汇入	2026-04-13T01:27:08+08:00
Cri-cri	sm.		蟋蟀	tsaong laong.		螽郎	蟑螂	158		true	自旧档汇入	2026-04-13T01:27:08+08:00
Crier	va et vn.		叫	kiao’.		叫		158		true	自旧档汇入	2026-04-13T01:27:08+08:00
Crier	va et vn.		叫	h‘é’.		喊		158		true	自旧档汇入	2026-04-13T01:27:08+08:00
Crier	va et vn.		叫	h‘é’ kiao’.		喊叫		158		true	自旧档汇入	2026-04-13T01:27:08+08:00
Crier	va et vn.		叫	da’ seng h‘è’.		大聲喊		158		true	自旧档汇入	2026-04-13T01:27:08+08:00
Crier	va et vn.	– sa marchandise.	叫	yao va h‘è’ ’lao ma’.		吆否喊咾賣		159	待定	true	自旧档汇入	2026-04-13T01:27:08+08:00
Crier	va et vn.	– des légumes.	叫	yao h‘è’ ka ma’ ’siao ts‘ai’.		吆喊街賣小菜		159		true	自旧档汇入	2026-04-13T01:27:08+08:00
Crier	va et vn.	– devant le ya-men pour demander justice.	叫	h‘è’ yeu.		喊冤		159		true	自旧档汇入	2026-04-13T01:27:08+08:00
Crieur	sm.	(devant le cortège d'un mandarin.	沿街叫卖的小贩	h‘eh dao’ ke’.		喝道个		159	待定	true	自旧档汇入	2026-04-13T01:27:08+08:00
Crime	sm.	– capital.	罪	’zong véh kou’ ke’ zu’		重勿過个罪		159		true	自旧档汇入	2026-04-13T01:27:08+08:00
Crime	sm.	– capital.	罪	’si (’se) zu’		死罪				true	自旧档汇入	2026-04-13T01:27:08+08:00
Crime	sm.	– méritant décapitation.	罪	’tsè zu’.		斬罪		159		true	自旧档汇入	2026-04-13T01:27:08+08:00
Crime	sm.	– méritant décapitation.	罪	sèh deû ke’ zu’.		殺頭个罪		159		true	自旧档汇入	2026-04-13T01:27:08+08:00
Crime	sm.	– mér. La strangulation	罪	’kao zu’.		絞罪		159		true	自旧档汇入	2026-04-13T01:27:08+08:00
Crime	sm.	 mér. Le banissement.	罪	lieû zu’.		流罪		159		true	自旧档汇入	2026-04-13T01:27:08+08:00
Crime	sm.	 mér. Le banissement.	罪	dou zu’.		徒罪		159		true	自旧档汇入	2026-04-13T01:27:08+08:00
Criminel	sm.	Code –.	罪人	’vè gnen.		犯人		159		true	自旧档汇入	2026-04-13T01:27:08+08:00
Criminel	sm.	Code –.	刑	yeng fèh.		刑法		159		true	自旧档汇入	2026-04-13T01:27:08+08:00
Criminel	sm.	Code –.	刑	yeng ming.		刑名		159		true	自旧档汇入	2026-04-13T01:27:08+08:00
Criminel	sm.	Tribunal – (de Pékin).	刑	yeng bou’.		刑部		159		true	自旧档汇入	2026-04-13T01:27:08+08:00
Criminel	sm.	Juge – d'une province.	刑	eu’ ts‘èh se.		按察司		159		true	自旧档汇入	2026-04-13T01:27:08+08:00
Criminel	sm.	Juge – d'une province.	刑	gnéh dai.		臬臺		159		true	自旧档汇入	2026-04-13T01:27:08+08:00
Crin	sm.		马毛	mao.		毛		159		true	自旧档汇入	2026-04-13T01:27:08+08:00
Crin	sm.		马毛	tsong [ih ken].		鬃[一根]		159		true	自旧档汇入	2026-04-13T01:27:08+08:00
Crinière	sf.		马鬃	’mô tsong.		馬鬃		159		true	自旧档汇入	2026-04-13T01:27:08+08:00
Crinière	sf.		马鬃	’ling tsong mao.		領鬃毛		159		true	自旧档汇入	2026-04-13T01:27:08+08:00
Criquet	sm.		蚱蜢	wang zong.		蝗虫		159	保留簡體	true	自旧档汇入	2026-04-13T01:27:08+08:00
Crispation	sf.	de nerfs.	卷缩	ts‘eû kien.		抽筋		159		true	自旧档汇入	2026-04-13T01:27:08+08:00
Cristal 	sm.	de roche.	水晶	’se tsing.		水晶		159		true	自旧档汇入	2026-04-13T01:27:08+08:00
Cristal 	sm.	de roche.	水晶	meh tsing.		墨晶		159		true	自旧档汇入	2026-04-13T01:27:08+08:00
Critérium	sm.		选拔赛	bing kiu’.		憑據		159		true	自旧档汇入	2026-04-13T01:27:08+08:00
Critique	sf.	Comment échapper à toute – ?	评判的	p‘i bing.		批評		159		true	自旧档汇入	2026-04-13T01:27:08+08:00
Critique	sf.	Comment échapper à toute – ?	评判的	ts‘ih yé pèh ’gnu wè neng ’mié t‘éh va?		七言八語還能免脱否		159		true	自旧档汇入	2026-04-13T01:27:08+08:00
Critique	sf.	La – est aisée, mais…	评判的	wo’ teh tao’ tsou’ véh tao’.		話得到做勿到		159		true	自旧档汇入	2026-04-13T01:27:08+08:00
Critique	adj.	Malade dans un état –.	病危的	di’ ke’ bing’ gnen ze’ ’k‘o ’si ’k‘o wéh ke’.		第个病人是可死可活个		159		true	自旧档汇入	2026-04-13T01:27:08+08:00
Critique	adj.	Esprit critique	评判的	’hi h‘oé p‘i bing biéh gnen ke’.		喜歡批評别人个		159		true	自旧档汇入	2026-04-13T01:27:08+08:00
Critique	adj.	Esprit critique	评判的	h‘ao’ koa’ gnen.		好怪人		159		true	自旧档汇入	2026-04-13T01:27:08+08:00
Critiquer	va.		评判	seh zang wo’ ’teu.		説長話短		159		true	自旧档汇入	2026-04-13T01:27:08+08:00
Critiquer	va.		评判	bié’ len’ ze’ fi.		辯論是非		159		true	自旧档汇入	2026-04-13T01:27:08+08:00
Critiquer	va.		评判	tsah gnen ke’ ts‘ouo ts‘u’.		摘人个差處		159		true	自旧档汇入	2026-04-13T01:27:08+08:00
Critiquer	va.		评判	p‘i bing.		批評		159		true	自旧档汇入	2026-04-13T01:27:08+08:00
Croc, crochet	sm.		挂钩	keû ’tse.		鈎子		159		true	自旧档汇入	2026-04-13T01:27:08+08:00
Croc, crochet	sm.		挂钩	tsah keû deû.		勺鈎頭		159	待定	true	自旧档汇入	2026-04-13T01:27:08+08:00
Crochu	adj.	(Nez).	钩形的	keû bieh.		鈎鼻		159		true	自旧档汇入	2026-04-13T01:27:08+08:00
Crocodile	sm.		鳄鱼	ngo n [ih tsah].		鱷魚[一隻]		159	待定	true	自旧档汇入	2026-04-13T01:27:08+08:00
Croire	va.		信	sin’.		信		159		true	自旧档汇入	2026-04-13T01:27:08+08:00
Croire	va.		信	siang sin’.		相信		159		true	自旧档汇入	2026-04-13T01:27:08+08:00
Croire	va.		信	taong tsen.	taong’ tsen.	當真		159		true	自旧档汇入	2026-04-13T01:27:08+08:00
Croire	va.	– fermement.	信	sen sin’ wou gni.		深信無疑		159		true	自旧档汇入	2026-04-13T01:27:08+08:00
Croire	va.	s'imaginer	信	’siang ’k‘i lai.		想起來		159		true	自旧档汇入	2026-04-13T01:27:08+08:00
Croire	va.	Croyez-vous que j'aie peur de vous?	信	nong ’siang ngou p‘ouo nong va?	nong’ ’siang ’ngou p‘ouo’ nong’ va?	儂想我怕儂否		159		true	自旧档汇入	2026-04-13T01:27:08+08:00
Croire	va.	Céder aux raisons de qqn.	信	sin’ woh.		信服		159		true	自旧档汇入	2026-04-13T01:27:08+08:00
Croire	va.	Céder aux raisons de qqn.	信	sin’ zong.		信從		159		true	自旧档汇入	2026-04-13T01:27:08+08:00
Croisé	sm.		交叉的	zia wen pou’.		斜文布		160		true	自旧档汇入	2026-04-13T01:27:08+08:00
Croisée	sf.		窗子	ts‘aong.		窗		160		true	自旧档汇入	2026-04-13T01:27:08+08:00
Croisée	sf.		窗子	ts‘aong ’k‘eû.		窗口		160		true	自旧档汇入	2026-04-13T01:27:08+08:00
Croiser	va.	les bras.	使交叉	sôh ’seû.		束手		160		true	自旧档汇入	2026-04-13T01:27:08+08:00
Croiser	va.	les bras.	使交叉	kao (gao) ’seû.		㙱手	？	160	可能是絞	true	自旧档汇入	2026-04-13T01:27:08+08:00
Croiser	va.	Tenir les bras croisés.	使交叉	siang ’long ze’ ’tié ’seû.		相攏是點手		160		true	自旧档汇入	2026-04-13T01:27:08+08:00
Croiser	va.	– les jambes.	使交叉	kao’ (’gao) kiah.		㙱脚	？	160	待定 聲調混亂	true	自旧档汇入	2026-04-13T01:27:08+08:00
Croiser	va.	– les jambes.	使交叉	bé kiah.		盤脚		160		true	自旧档汇入	2026-04-13T01:27:08+08:00
Croiser	va.	– les jambes.	使交叉	bé sieh zou’.		盤膝坐		160		true	自旧档汇入	2026-04-13T01:27:08+08:00
Croiser	va.	– les mers.	使交叉	zin ’h‘ai.		巡海		160		true	自旧档汇入	2026-04-13T01:27:08+08:00
Croiseur	sm.		巡洋舰	zin zé.		巡船		160		true	自旧档汇入	2026-04-13T01:27:08+08:00
Croisillon	sm.		横木	wang moh.		横木		160		true	自旧档汇入	2026-04-13T01:27:08+08:00
Croissant	sm.	de la lune	月牙	gneuh nga.		月芽		160		true	自旧档汇入	2026-04-13T01:27:08+08:00
Croissant	sm.	de la lune	月牙	gneuh se.		月絲		160		true	自旧档汇入	2026-04-13T01:27:08+08:00
Croître	vn.		增长	’tsang dou’ ’k‘i lai.		長大起來		160		true	自旧档汇入	2026-04-13T01:27:08+08:00
Croix	sf.	(C.)	十字	zéh ze’ ka’.		十字架		160		true	自旧档汇入	2026-04-13T01:27:08+08:00
Croix	sf.	Faire le signe de la – (C.)	十字	wah zéh ze’.		畫十字	劃十字	160	待定	true	自旧档汇入	2026-04-13T01:27:08+08:00
Croix	sf.	L'invention de la – (C.)	十字	zin woh zéh ze’ seng’ ka’.		尋獲十字聖架		160		true	自旧档汇入	2026-04-13T01:27:08+08:00
Croix	sf.	L'Exaltation de la –(C.)	十字	koang yong zéh ze’ seng’ ka’.		光榮十字聖架		160		true	自旧档汇入	2026-04-13T01:27:08+08:00
Croquant	adj.	sous la dent.	脆的	ts‘u’ ke’.		脆个		160	原作“腕个”	true	自旧档汇入	2026-04-13T01:27:08+08:00
Croquant	adj.	sous la dent.	脆的	song ts‘u’ ke’.		鬆脆个		160	原作“鬆腕个”	true	自旧档汇入	2026-04-13T01:27:08+08:00
Croquer	va. vn.		嚼	ziah.		嚼		160		true	自旧档汇入	2026-04-13T01:27:08+08:00
Croquer	va. vn.		嚼	’k‘en ts‘u’.		齦脆		160	原作“齦腕”	true	自旧档汇入	2026-04-13T01:27:08+08:00
Croquis	sm.		草图	’kao ’tse.		稿子		160		true	自旧档汇入	2026-04-13T01:27:08+08:00
Croquis	sm.		草图	dou yeng.		圖形		160		true	自旧档汇入	2026-04-13T01:27:08+08:00
Crosse	sf.	(d'évêque). – de fusil.	权杖	ghieu zang’.		權杖		160		true	自旧档汇入	2026-04-13T01:27:08+08:00
Crosse	sf.	(d'évêque). – de fusil.	权杖	ts‘iang ping’.		槍柄		160		true	自旧档汇入	2026-04-13T01:27:08+08:00
Croton	sm.	Huile de –.	巴豆	pouo deû’.		巴豆		160		true	自旧档汇入	2026-04-13T01:27:08+08:00
Croton	sm.	Huile de –.	巴豆	pouo deû’ yeû.		巴豆油		160		true	自旧档汇入	2026-04-13T01:27:08+08:00
Crotte	sf.	Boue.	泥	gni.		泥		160		true	自旧档汇入	2026-04-13T01:27:08+08:00
Crotte	sf.	Fiente.	屎	wou.	ou’	屎	？	160	待定	true	自旧档汇入	2026-04-13T01:27:08+08:00
Crotte	sf.	Fiente.	屎	fen’.		糞		160		true	自旧档汇入	2026-04-13T01:27:08+08:00
Crottin	sm.	de cheval	(马、驴、骡等的)粪	’mô fen’.		馬糞		160		true	自旧档汇入	2026-04-13T01:27:08+08:00
Crotté	pp.		沾上泥的	sen laong’ zè lè’ gni.		身上湛爛泥	身上濺爛泥	160	待定	true	自旧档汇入	2026-04-13T01:27:08+08:00
Crouler	vn.		倒塌	t‘è.		坍		160		true	自旧档汇入	2026-04-13T01:27:08+08:00
Crouler	vn.		倒塌	t‘è t‘éh.		坍脱		160		true	自旧档汇入	2026-04-13T01:27:08+08:00
Croupe	sf.	d'un cheval	马屁股	’mô p‘i’ ’kou.		馬屁股		160		true	自旧档汇入	2026-04-13T01:27:08+08:00
Croupe	sf.	– d'une montaigne	顶	sè ’ting.		山頂		160		true	自旧档汇入	2026-04-13T01:27:08+08:00
Croupière	sf.		后緻	heû’ ts‘ieû.		後鞦		160	待定	true	自旧档汇入	2026-04-13T01:27:08+08:00
Croupion	sm.		屁股 	gni’ koéh.		尾骨		160	待定 尾聲調	true	自旧档汇入	2026-04-13T01:27:08+08:00
Croupion	sm.		屁股 	pei’ heû’ deû.		背後頭		160		true	自旧档汇入	2026-04-13T01:27:08+08:00
Croupissante	adj.	(Eau).	（水等）因不流动而腐败	’si ’se.		死水		160		true	自旧档汇入	2026-04-13T01:27:08+08:00
Croupissante	adj.	(Eau).	（水等）因不流动而腐败	ts‘eû’ ’se.		臭水		160		true	自旧档汇入	2026-04-13T01:27:08+08:00
Croustilleux	adj.	(Langage).		fi ’li ke’ wo’.		非禮个話		160		true	自旧档汇入	2026-04-13T01:27:08+08:00
Croustilleux	adj.	(Langage).		wou wei’ ke’ seh wo’.		污穢个説話		160	待定	true	自旧档汇入	2026-04-13T01:27:08+08:00
Croûte	sf.	d'une plaie.	痂盖	ts‘aong pouo.		瘡疤		160		true	自旧档汇入	2026-04-13T01:27:08+08:00
Croûte	sf.	– de pain.	面包皮	mé deû k‘oh ’tse.		饅頭殼子		160		true	自旧档汇入	2026-04-13T01:27:08+08:00
Croyable	adj.		可信的	’k‘o sin’ ke’.		可信个		160		true	自旧档汇入	2026-04-13T01:27:08+08:00
Cru	sm.	Vin du –.	产区	’pen di’.		本地		160		true	自旧档汇入	2026-04-13T01:27:08+08:00
Cru	sm.	Vin du –.	产区	’pen di’ ’tsieû.		本地酒		160		true	自旧档汇入	2026-04-13T01:27:08+08:00
Cru	adj.		生的	sang ke’.		生个		160		true	自旧档汇入	2026-04-13T01:27:08+08:00
Cru	adj.		生的	véh zeng sao zôh ke’.		勿曾燒熟个		160		true	自旧档汇入	2026-04-13T01:27:08+08:00
Cru	adj.	Soie –e.	生的	sang se.		生絲		160		true	自旧档汇入	2026-04-13T01:27:08+08:00
Cru	adj.	Indécent. [Discours].	生的	ts‘ou ’lou lai ’ya da’.		粗鹵來野大		160	待定	true	自旧档汇入	2026-04-13T01:27:08+08:00
Cruauté	sf.	Nature cruelle, Acte cruel	残忍，暴戾，残酷的行为	hiong sing’		凶性		161		true	自旧档汇入	2026-04-13T01:27:08+08:00
Cruauté	sf.	Nature cruelle, Acte cruel	残忍，暴戾，残酷的行为	hiong ze’		凶事		161		true	自旧档汇入	2026-04-13T01:27:08+08:00
Cruche	sf.	Grande - à eau	壶，水罐	wou [ih ’pouo]		壺[一把]		161		true	自旧档汇入	2026-04-13T01:27:08+08:00
Cruche	sf.	Grande - à eau	壶，水罐	’se kaong		水缸		161		true	自旧档汇入	2026-04-13T01:27:08+08:00
Cruche	sf.	- ou jarre pour le vin	酒壶，酒罐	’tsieû bang’ (dé)		酒甏（[缶單]）	酒壇	161	待定	true	自旧档汇入	2026-04-13T01:27:08+08:00
Crucifier	va.		把…钉死在十字架上	ting’ ’la zéh ze’ ka’ laong’		釘拉十字架上		161		true	自旧档汇入	2026-04-13T01:27:08+08:00
Crucifix	sm. (C.)		（木质或用金属等制成的）带耶稣像的十字架	’k‘ou ziang’		苦像		161		true	自旧档汇入	2026-04-13T01:27:08+08:00
Crue	sf.		涨水	’se ’tsang		水漲		161		true	自旧档汇入	2026-04-13T01:27:08+08:00
Crue	sf.		涨水	’se fèh		水發		161		true	自旧档汇入	2026-04-13T01:27:08+08:00
Crue	sf.		涨水	’se méh		水没		161		true	自旧档汇入	2026-04-13T01:27:08+08:00
Cruel	adj.		残酷的，凶残的	hiong oh		凶惡		161		true	自旧档汇入	2026-04-13T01:27:08+08:00
Cruel	adj.		残酷的，凶残的	pao’ gniah	bao’ gnah	暴虐		161	待定	true	自旧档汇入	2026-04-13T01:27:08+08:00
Cruel	adj.	Supplice -	酷刑	gniah yeng	gnah yeng	虐刑		161		true	自旧档汇入	2026-04-13T01:27:08+08:00
Cruel	adj.	Caractère -	残忍的性格	laong sin		狼心		161		true	自旧档汇入	2026-04-13T01:27:08+08:00
Cruel	adj.	Entraillles de fer	铁石心肠	t‘ih zah sin zang’	t‘ih zah sin zang	鐵石心腸		161		true	自旧档汇入	2026-04-13T01:27:08+08:00
Cube	sm. 		立方体	lôh faong		六方		161		true	自旧档汇入	2026-04-13T01:27:08+08:00
Cube	sm. 	- d'un nombre	立方数	lih faong sou’		立方數		161		true	自旧档汇入	2026-04-13T01:27:08+08:00
Cueillette	sf.		采摘，采集	tieh		摘	？	161	待定	true	自旧档汇入	2026-04-13T01:27:08+08:00
Cueillette	sf.		采摘，采集	tsoh		捉		161		true	自旧档汇入	2026-04-13T01:27:08+08:00
Cueillette	sf.	- des poires	摘梨	tieh li		摘梨	？	161		true	自旧档汇入	2026-04-13T01:27:08+08:00
Cueillette	sf.	- des poires	摘梨	ts‘ai sang li	’ts‘ai sang li	采生梨		161		true	自旧档汇入	2026-04-13T01:27:08+08:00
Cueillir	va.		采摘	tieh		摘	？	161		true	自旧档汇入	2026-04-13T01:27:08+08:00
Cueillir	va.	- en choisissant	（挑选着）采摘	’ts‘ai		采		161		true	自旧档汇入	2026-04-13T01:27:08+08:00
Cueillir	va.	- en choisissant	（挑选着）采摘	tsoh		捉		161		true	自旧档汇入	2026-04-13T01:27:08+08:00
Cueillir	va.	- le thé en pinçant	摘茶叶	tieh zouo yéh		摘茶葉	？	161		true	自旧档汇入	2026-04-13T01:27:08+08:00
Cuiller	sf.	- à pot	匙，勺	ih tsah ts‘ao		一隻抄		161		true	自旧档汇入	2026-04-13T01:27:08+08:00
Cuiller	sf.	- à pot	匙，勺	ih ’pouo zoh ’tse		一把杓子		161	字典上杓字内部为一横	true	自旧档汇入	2026-04-13T01:27:08+08:00
Cuiller	sf.	- en porcelaine pour la sauce	匙，勺	diao kang		調羹		161		true	自旧档汇入	2026-04-13T01:27:08+08:00
Cuiller	sf.	- en porcelaine pour la sauce	匙，勺	t‘aong biao		湯瓢		161		true	自旧档汇入	2026-04-13T01:27:08+08:00
Cuillerée	sf.		一满匙的量(一满匙)	ih ts‘ao		一抄		161		true	自旧档汇入	2026-04-13T01:27:08+08:00
Cuillerée	sf.		一满匙的量(一满匙)	ih zoh		一勺		161	原作“一勺”	true	自旧档汇入	2026-04-13T01:27:08+08:00
Cuir	sm.	- non tanné	皮，皮革（未经鞣制的皮革）	bi		皮		161		true	自旧档汇入	2026-04-13T01:27:08+08:00
Cuir	sm.	- non tanné	皮，皮革（未经鞣制的皮革）	sang bi		生皮		161		true	自旧档汇入	2026-04-13T01:27:08+08:00
Cuir	sm.	#NAME?	皮，皮革（鞣过的皮革）	zôh bi		熟皮		161		true	自旧档汇入	2026-04-13T01:27:08+08:00
Cuir	sm.	- de Russie	皮，皮革（俄罗斯皮革）	hiang bi		香皮		161		true	自旧档汇入	2026-04-13T01:27:08+08:00
Cuirasse	sf.	de soldat	护甲（兵甲）	ping kèh		兵甲		161		true	自旧档汇入	2026-04-13T01:27:08+08:00
Cuirasse	sf.	- de navire	护甲（船甲）	zé t‘ih kèh		船鐵甲		161		true	自旧档汇入	2026-04-13T01:27:08+08:00
Cuirassé	sm.		装甲舰	t‘ih kèh zé		鐵甲船		161		true	自旧档汇入	2026-04-13T01:27:08+08:00
Cuire	va.	- à l'eau	烧，煮	sao		燒		161		true	自旧档汇入	2026-04-13T01:27:08+08:00
Cuire	va.	- à l'eau	烧，煮	’tsu		煮		161		true	自旧档汇入	2026-04-13T01:27:08+08:00
Cuire	va.	- à la vapeur	蒸	tseng		烝	蒸	161	待定	true	自旧档汇入	2026-04-13T01:27:08+08:00
Cuire	va.	- jusqu'à décoction	熬	ngao		熬		161		true	自旧档汇入	2026-04-13T01:27:08+08:00
Cuire	va.	- jusqu'à décoction	煎	tsié		煎		161		true	自旧档汇入	2026-04-13T01:27:08+08:00
Cuire	va.	- à petit feu	用小火烧	t‘en’	ten’	炖		161		true	自旧档汇入	2026-04-13T01:27:08+08:00
Cuire	va. Fig.	La tête me cuit	头脑发热（发烧？）	deû ’nao sao teh li’ hai’		頭腦燒得利害		161	中文翻译不确定	true	自旧档汇入	2026-04-13T01:27:08+08:00
Cuisine	sf.		厨房	tsao’ kè		灶間		161	保留簡體	true	自旧档汇入	2026-04-13T01:27:08+08:00
Cuisine	sf.		厨房	zu waong		厨房		161		true	自旧档汇入	2026-04-13T01:27:08+08:00
Cuisine	sf.	Faire la -	烧饭	sao vè’		燒飯		161		true	自旧档汇入	2026-04-13T01:27:08+08:00
Cuisine	sf.	Faire la -	烧饭	long’ vè’		弄飯		161		true	自旧档汇入	2026-04-13T01:27:08+08:00
Cuisinier	sm.		厨师，大厨	zu se kong		厨师公		161		true	自旧档汇入	2026-04-13T01:27:08+08:00
Cuisinier	sm.	- en chef	厨师，大厨	zu se wou’		厨司傅		161	待定 一作“司務”	true	自旧档汇入	2026-04-13T01:27:08+08:00
Cuisinier	sm.	Aide -	厨师助理，负责烧火的	sao ’h‘ou ke’		燒火个		161	中文翻译不确定	true	自旧档汇入	2026-04-13T01:27:08+08:00
Cuisse	sf.		腿，大腿	’t‘ei		腿		161		true	自旧档汇入	2026-04-13T01:27:08+08:00
Cuisse	sf.		腿，大腿	dou’ ’t‘ei		大腿		161		true	自旧档汇入	2026-04-13T01:27:08+08:00
Cuit	adj.	Bien -	熟的，熟透的	zôh		熟		161		true	自旧档汇入	2026-04-13T01:27:08+08:00
Cuit	adj.	Bien -	熟的，熟透的	sao zôh ’la ’tsé		燒熟拉者		161		true	自旧档汇入	2026-04-13T01:27:08+08:00
Cuit	adj.	Bien -	熟的，熟透的	sao lai sou t‘eû’		燒來酥透	？	161	原作“燒來[歹艹魚]透”	true	自旧档汇入	2026-04-13T01:27:08+08:00
Cuit	adj.	Bien -	熟的，熟透的	sao lai hi lè’		燒來稀爛		161		true	自旧档汇入	2026-04-13T01:27:08+08:00
Cuivre	sm.		铜	dong		銅		161		true	自旧档汇入	2026-04-13T01:27:08+08:00
Cuivre	sm.	#NAME?	生铜	sang dong		生銅		161		true	自旧档汇入	2026-04-13T01:27:08+08:00
Cuivre	sm.	#NAME?	熟铜	zôh dong		熟銅		161		true	自旧档汇入	2026-04-13T01:27:08+08:00
Cuivré	adj.		铜色的	dong ngè seh		銅顔色		161		true	自旧档汇入	2026-04-13T01:27:08+08:00
Cuivrer	va.		镀铜，包铜	t‘ih dong		貼銅		161		true	自旧档汇入	2026-04-13T01:27:08+08:00
Cuivrer	va.		镀铜，包铜	pao dong		包銅		161		true	自旧档汇入	2026-04-13T01:27:08+08:00
Cul	sm.		屁股	p‘i’ ’kou		屁股		162		true	自旧档汇入	2026-04-13T01:27:08+08:00
Cul	sm.	- de bouteille	瓶底	bing ’ti		瓶底		162		true	自旧档汇入	2026-04-13T01:27:08+08:00
Cul-de-jatte	sm.		双腿残疾者	zè zih		殘疾		162		true	自旧档汇入	2026-04-13T01:27:08+08:00
Cul-de-jatte	sm.		双腿残疾者	fong t‘è		瘋癱		162	待定 中瘋	true	自旧档汇入	2026-04-13T01:27:08+08:00
Cul-de-jatte	sm.		双腿残疾者	t‘è ’tse		癱子		162		true	自旧档汇入	2026-04-13T01:27:08+08:00
Cul-de-sac	sm.		死胡同，死巷	véh t‘ong ke’ lou’		勿通个路		162		true	自旧档汇入	2026-04-13T01:27:08+08:00
Cul-de-sac	sm.		死胡同，死巷	’deu (zin) deû lou’	’deu (zin’) deû lou’	斷（盡）頭路		162		true	自旧档汇入	2026-04-13T01:27:08+08:00
Culasse	sf.	[fusil]	枪栓	ts‘iang ’ti		槍底		162		true	自旧档汇入	2026-04-13T01:27:08+08:00
Culasse	sf.	[canon]	炮栓	p‘ao’ ’ti		炮底		162		true	自旧档汇入	2026-04-13T01:27:08+08:00
Culbute	sf.	(Faire la)	翻筋斗	fè (’tang) ken deû (teû)	fè (’tang) ken deû (’teû)	翻（打）根頭（斗）		162		true	自旧档汇入	2026-04-13T01:27:08+08:00
Culbute	sf.	(Faire la)	翻筋斗	deû ’ting ’tao sè		頭頂倒山		162		true	自旧档汇入	2026-04-13T01:27:08+08:00
Culbuter	va.		栽跟头	’tang ’tao		打倒		162		true	自旧档汇入	2026-04-13T01:27:08+08:00
Culminant	adj.	(Point)	最高处的（顶点）	ghieh ts‘u’		極處		162		true	自旧档汇入	2026-04-13T01:27:08+08:00
Culminant	adj.	(Point)	最高处的（顶点）	’ting kao		頂高		162		true	自旧档汇入	2026-04-13T01:27:08+08:00
Culot	sm.	d'une pipe	容器(烟斗）底部的沉淀物, 残渣	yé hoei	yé h‘oei	烟灰		162		true	自旧档汇入	2026-04-13T01:27:08+08:00
Culot	sm.	d'une pipe	容器(烟斗）底部的沉淀物, 残渣	mei deû		煤頭		162		true	自旧档汇入	2026-04-13T01:27:08+08:00
Culot	sm.	d'une pipe	容器(烟斗）底部的沉淀物, 残渣	yé dong hoei	yé dong h‘oei	烟筒灰		162		true	自旧档汇入	2026-04-13T01:27:08+08:00
Culotte	sf.		短裤	’k‘ou’ ’tse [ih diao]	k‘ou’ ’tse [ih diao]	褲子[一條]		162	印刷錯誤	true	自旧档汇入	2026-04-13T01:27:08+08:00
Culte	sm.	(Rendre un)	（对上帝、神、圣人等的）敬奉，崇拜，恭敬	kieng’ wong’		敬奉		162		true	自旧档汇入	2026-04-13T01:27:08+08:00
Culte	sm.	(Rendre un)	（对上帝、神、圣人等的）敬奉，崇拜，恭敬	kong kieng’		恭敬		162		true	自旧档汇入	2026-04-13T01:27:08+08:00
Culte	sm.	(Rendre un)	（对上帝、神、圣人等的）敬奉，崇拜，恭敬	wong’ zeng		奉承		162		true	自旧档汇入	2026-04-13T01:27:08+08:00
Cultivateur	sm.		耕作者，农夫，农场主	’tsong dié gnen		種田人		162		true	自旧档汇入	2026-04-13T01:27:08+08:00
Cultivateur	sm.		耕作者，农夫，农场主	dié wou	dié ’wou	田户		162		true	自旧档汇入	2026-04-13T01:27:08+08:00
Cultiver	va.		耕种，耕作	’tsong dié		種田		162		true	自旧档汇入	2026-04-13T01:27:08+08:00
Cultiver	va.		耕种，耕作	wou’ nong		務農		162		true	自旧档汇入	2026-04-13T01:27:08+08:00
Cumuler	va.		合并，兼任	tsih		積		162	中文解释与上海话不同	true	自旧档汇入	2026-04-13T01:27:08+08:00
Cumuler	va.		合并，兼任	tsih hioh	tsih hiôh	積蓄		162	待定	true	自旧档汇入	2026-04-13T01:27:08+08:00
Cumuler	va.	On ne cumule pas 2 offices.	合并，兼任	ih sen véh neng taong eul’ zen’ (’liang yoh)	ih sen véh neng taong eul’ zen’ (’liang yôh)	一身勿能當二任（兩役）		162	待定	true	自旧档汇入	2026-04-13T01:27:08+08:00
Cupide	adj.		贪财的，贪婪的	h‘eh sin		黑心		162		true	自旧档汇入	2026-04-13T01:27:08+08:00
Cupide	adj.		贪财的，贪婪的	t‘è zai	t‘é zai	貪財		162	待定	true	自旧档汇入	2026-04-13T01:27:08+08:00
Cupide	adj.		贪财的，贪婪的	h‘ao’ zai		好財		162		true	自旧档汇入	2026-04-13T01:27:08+08:00
Cupidité	sf.		贪婪，唯利是图	t‘è sin	t‘é sin	貪心		162	待定	true	自旧档汇入	2026-04-13T01:27:08+08:00
Cupidité	sf.		贪婪，唯利是图	ih dié zu’ ming	ih dié zu’ ming’	一錢如命		162		true	自旧档汇入	2026-04-13T01:27:08+08:00
Cupule	sf.	du gland	橡椀	ziang’ wé’ ’tse		橡椀子		162	待定	true	自旧档汇入	2026-04-13T01:27:08+08:00
Curable	adj.		可治愈的	i teh ’h‘ao ke’		醫得好个		162		true	自旧档汇入	2026-04-13T01:27:08+08:00
Curable	adj.		可治愈的	’yeû kieû ke’	’yeû kieû’ ke’	有救个		162		true	自旧档汇入	2026-04-13T01:27:08+08:00
Curcuma	sm.		姜黄	waong kiang		黄薑		162		true	自旧档汇入	2026-04-13T01:27:08+08:00
Cure-dent	sm.		牙签	ts‘éh nga zang’		出牙杖		162		true	自旧档汇入	2026-04-13T01:27:08+08:00
Cure-oreille	sm.		耳勺	wèh ’gni		挖耳		162		true	自旧档汇入	2026-04-13T01:27:08+08:00
Cure-oreille	sm.		耳勺	’gni bouo		耳爬	耳耙/？	162	待定	true	自旧档汇入	2026-04-13T01:27:08+08:00
Curer	va.	un puits	淘井，清除井底污泥	dao ’tsing		淘井		162		true	自旧档汇入	2026-04-13T01:27:08+08:00
Curer	va.	Se - les dents	剔牙	ts‘éh nga ’ts‘e		出牙齒		162	待定	true	自旧档汇入	2026-04-13T01:27:08+08:00
Curieux	adj.	[Homme]	好奇的，爱打听的	h‘ao’ ’koé hè ze’		好管閑事		162		true	自旧档汇入	2026-04-13T01:27:08+08:00
Curieux	adj.	[Homme]	好奇的，爱打听的	pah ’tang t‘ing		百打聽		162		true	自旧档汇入	2026-04-13T01:27:08+08:00
Curieux	adj.	Rare. Étonnant	稀有的，稀奇的	’sao ’yeû		少有		162		true	自旧档汇入	2026-04-13T01:27:08+08:00
Curieux	adj.	Rare. Étonnant	稀有的，稀奇的	hi ’heu	hi ’h‘eu	希罕		162		true	自旧档汇入	2026-04-13T01:27:08+08:00
Curieux	adj.	Rare. Étonnant	稀有的，稀奇的	hi ghi		希奇		162		true	自旧档汇入	2026-04-13T01:27:08+08:00
Curiosités	sf.pl.	(Voir les)	奇珍，古玩（开眼界）	’koang ’koang ’ngè ka’		廣廣眼界		162		true	自旧档汇入	2026-04-13T01:27:08+08:00
Curiosités	sf.pl.	(Voir les)	奇珍，古玩（开眼界）	k‘eu’ zang k‘eu’ ’teu		看長看短		162		true	自旧档汇入	2026-04-13T01:27:08+08:00
Curiosités	sf.pl.	Acheter des -	奇珍，古玩（购置古玩）	’ma ’kou tong wé’ k‘i’	’ma ’kou ’tong wé k‘i’	買古董玩器		162	待定 玩	true	自旧档汇入	2026-04-13T01:27:08+08:00
Cursive	adj.	(Écriture)	草书的，草体的	’ts‘ao ze’		草字		162		true	自旧档汇入	2026-04-13T01:27:08+08:00
Cuscute	sf.		菟丝子	t‘ou’ se		菟絲		162		true	自旧档汇入	2026-04-13T01:27:08+08:00
Custode	sf. (C.)		(陈列于圣体显供台的)圣体盒, 圣饼盒	seng’ ’t‘i hèh ’tse		聖體盒子		162		true	自旧档汇入	2026-04-13T01:27:08+08:00
Cuve	sf.		木桶	moh ’dong		木桶		162		true	自旧档汇入	2026-04-13T01:27:08+08:00
Cuve	sf.		木盆	moh ben		木盆		162		true	自旧档汇入	2026-04-13T01:27:08+08:00
Cuvette	sf.	pour se laver	盆，脸盆	mié’ ben		面盆		162		true	自旧档汇入	2026-04-13T01:27:08+08:00
Cuvette	sf.	pour se laver	盆，脸盆	mié’ lou		面爐		162		true	自旧档汇入	2026-04-13T01:27:08+08:00
Cycle	sm.		花甲	kièh ’tse		甲子		162		true	自旧档汇入	2026-04-13T01:27:08+08:00
Cycle	sm.		甲子	h‘ouo kièh		花甲		162		true	自旧档汇入	2026-04-13T01:27:08+08:00
Cygne	sm.		天鹅	t‘ié ngou		天鵝		162		true	自旧档汇入	2026-04-13T01:27:08+08:00
Cylindre	sm.		圆柱体	zang yeu ’t‘i		長圓體		163		true	自旧档汇入	2026-04-13T01:27:08+08:00
Cymbale	sf.		钹， 铙钹	p‘ou		鋪		163	待定	true	自旧档汇入	2026-04-13T01:27:08+08:00
Cymbale	sf.		钹， 铙钹	koèh ’tse		銛子		163	待定	true	自旧档汇入	2026-04-13T01:27:08+08:00
Cymbale	sf.	Jouer des -s	敲钹	bang’ koèh ’tse		碰銛子		163		true	自旧档汇入	2026-04-13T01:27:08+08:00
Cyprès	sm.		柏树	pah zu’		柏樹		163		true	自旧档汇入	2026-04-13T01:27:08+08:00
Cyprin	sm.	doré. Poisson rouge	金鱼	kien tsih n		金鯽魚		163		true	自旧档汇入	2026-04-13T01:27:08+08:00
Cyprin	sm.	doré. Poisson rouge	金鱼	kien n		金魚		163		true	自旧档汇入	2026-04-13T01:27:08+08:00
Daigner	vn.	Daignez	请，敬请	sih teh		屑得		163		true	自旧档汇入	2026-04-13T01:27:08+08:00
Daigner	vn.	Daignez	请，敬请	’ts‘ing		請		163		true	自旧档汇入	2026-04-13T01:27:08+08:00
Daigner	vn.	,, venir. ,, entendre	请来	’ts‘ing lai		請來		163		true	自旧档汇入	2026-04-13T01:27:08+08:00
Daigner	vn.	,, venir. ,, entendre	请听	’ts‘ing t‘ing		請聽		163		true	自旧档汇入	2026-04-13T01:27:08+08:00
Daim	sm.		鹿	lôh [ih tsah]		鹿[一隻]		163		true	自旧档汇入	2026-04-13T01:27:08+08:00
Daim	sm.	#NAME?	獐子	tsaong ’tse		麞子		163		true	自旧档汇入	2026-04-13T01:27:08+08:00
Daim	sm.	#NAME?	狍子	p‘ao ’tse	bao ’tse	狍子		163	待定	true	自旧档汇入	2026-04-13T01:27:08+08:00
Dais	sm.		天幕，天盖	t‘ié mé	t‘ié mé’	天幔		163		true	自旧档汇入	2026-04-13T01:27:08+08:00
Dais	sm.		天幕，天盖	t‘ié bong [ih ke]	t‘ié bong [ih ke’]	天篷[一个]		163		true	自旧档汇入	2026-04-13T01:27:08+08:00
Dais	sm.	- pour le St Sacrement	圣体伞	seng’ ’t‘i sè’ [ih ’pouo]		聖體傘[一把]		163		true	自旧档汇入	2026-04-13T01:27:08+08:00
Dalle	sf.	- en brique	石板	zah ’pè(bi)		石板（皮）		163		true	自旧档汇入	2026-04-13T01:27:08+08:00
Dalle	sf.	- en brique	石板	za tsé		石磚		163		true	自旧档汇入	2026-04-13T01:27:08+08:00
Dalle	sf.	- en brique	石板	faong tsé		方磚		163		true	自旧档汇入	2026-04-13T01:27:08+08:00
Dalmatique	sf. (C.)		皇帝和权贵穿的华丽长袍	lôh ’p‘in tsi’ i		六品祭衣		163		true	自旧档汇入	2026-04-13T01:27:08+08:00
Damas	sm.		锦缎	’kien deu’		錦緞		163		true	自旧档汇入	2026-04-13T01:27:08+08:00
Damas	sm.		花缎	h‘ouo deu’		花緞		163		true	自旧档汇入	2026-04-13T01:27:08+08:00
Damassé	sm.		锦缎花纹布	h‘ouo ven pou’		花紋布		163		true	自旧档汇入	2026-04-13T01:27:08+08:00
Dame	sf.	Vieille -	老妇人，老太太	t‘a’ t‘a’		太太		163		true	自旧档汇入	2026-04-13T01:27:08+08:00
Dame	sf.	Vieille -	老妇人，老太太	’lao ’na ’na		老奶奶		163		true	自旧档汇入	2026-04-13T01:27:08+08:00
Dame	sf.	Vieille -	老妇人，老太太	’lao dou’ gnang		老大娘		163		true	自旧档汇入	2026-04-13T01:27:08+08:00
Dame	sf.	Jeu de -s	西洋跳棋	wei ghi		圍棋		163	中文解释与上海话不同	true	自旧档汇入	2026-04-13T01:27:08+08:00
Dame	sf.	Jouer aux -s	下棋	tsah ghi		着棋		163		true	自旧档汇入	2026-04-13T01:27:08+08:00
Damier	sm.		(国际跳棋的）棋盘	ghi bé		棋盤		163		true	自旧档汇入	2026-04-13T01:27:08+08:00
Damnation	sf. (C.)		[宗]罚入地狱； 入地狱之罪	di’ gnôh ke’ ’k‘ou		地獄个苦		163		true	自旧档汇入	2026-04-13T01:27:08+08:00
Damnation	sf. (C.)		[宗]罚入地狱； 入地狱之罪	’yong vèh		永罰		163		true	自旧档汇入	2026-04-13T01:27:08+08:00
Damné	sm.		受极大的苦	zeû’ di’ gnôh ke’ ’k‘ou		受地獄个苦		163		true	自旧档汇入	2026-04-13T01:27:08+08:00
Damner	vr.	(Se) Tomber en enfer	遭天罚， 遭入地狱之罚	loh di’ gnôh		落地獄		163		true	自旧档汇入	2026-04-13T01:27:08+08:00
Dandiner	vr.	(Se)	身体左右摇摆	yao yao ’pa ’pa		摇摇擺襬		163		true	自旧档汇入	2026-04-13T01:27:08+08:00
Dandiner	vr.	(Se)	身体左右摇摆	’tseû lai ’gnao ’lao ’gnao		走來嫋咾嫋	走來？咾？	163	待定	true	自旧档汇入	2026-04-13T01:27:08+08:00
Dandiner	vr.	(Se)	身体左右摇摆	teh i’ yang yang		得意揚揚		163		true	自旧档汇入	2026-04-13T01:27:08+08:00
Dandiner	vr.	(Se)	身体左右摇摆	’tseû lai ’gneû ’lao ’gneû		走來扭咾扭		163		true	自旧档汇入	2026-04-13T01:27:08+08:00
Danemark	sm.		丹麦	tè kôh		丹國		163		true	自旧档汇入	2026-04-13T01:27:08+08:00
Danemark	sm.		丹麦	tè-’mô		丹瑪		163		true	自旧档汇入	2026-04-13T01:27:08+08:00
Danger	sm.		危险	ngoei ’hié		危險		163		true	自旧档汇入	2026-04-13T01:27:08+08:00
Danger	sm.		危险	hiong ’hié		凶險		163		true	自旧档汇入	2026-04-13T01:27:08+08:00
Danger	sm.	S'exposer au -	冒险	mao’ ’hié		冒險		163		true	自旧档汇入	2026-04-13T01:27:08+08:00
Dangereux	adj.	Redoutable	危险的，有害的	ngoei ’hié ke’		危險个		163		true	自旧档汇入	2026-04-13T01:27:08+08:00
Dangereux	adj.	Redoutable	危险的，有害的	’k‘o p‘ouo’ ke’		可怕个		163		true	自旧档汇入	2026-04-13T01:27:08+08:00
Danois	sm. - adj.		丹麦的，丹麦人	tè kôh gnen		丹國人		163		true	自旧档汇入	2026-04-13T01:27:08+08:00
Dans	prép.		在……里，在……中	léh ’la		垃拉		163		true	自旧档汇入	2026-04-13T01:27:08+08:00
Dans	prép.		在……里，在……中	’la laong’		拉上		163		true	自旧档汇入	2026-04-13T01:27:08+08:00
Dans	prép.		在……里，在……中	’la ’li hiang’		拉裏向		163		true	自旧档汇入	2026-04-13T01:27:08+08:00
Dans	prép.	- le jour	在白天	’la gnéh ’li		拉日裏		163		true	自旧档汇入	2026-04-13T01:27:08+08:00
Dans	prép.	- l'hiver	在冬天	’la tong t‘ié ’li		拉冬天裏		163		true	自旧档汇入	2026-04-13T01:27:08+08:00
Dans	prép.	- l'hiver	在冬天	heu ’li		寒裏		163		true	自旧档汇入	2026-04-13T01:27:08+08:00
Dans	prép.	Il vient 3 fois - un jour.	他一天来三次。	i ih gnéh lai sè wei		伊一日來三回		163		true	自旧档汇入	2026-04-13T01:27:08+08:00
Dans	prép.	- un an je reviendrai.	我一年后再来。	’ngou kou’ ih gné tsai’ lai		我過一年再來		163		true	自旧档汇入	2026-04-13T01:27:08+08:00
Danser	vn.		跳舞，跳动	t‘iao’ ’wou		跳舞		163		true	自旧档汇入	2026-04-13T01:27:08+08:00
Danser	vn.		跳舞，跳动	t‘iao’ hi’		跳戲		163		true	自旧档汇入	2026-04-13T01:27:08+08:00
Danser	vn.		指手画脚	’tse ’seû wah kiah		指手劃脚		163		true	自旧档汇入	2026-04-13T01:27:08+08:00
Dartre	sf.		皮疹	’sié ts‘aong		癣瘡		164		true	自旧档汇入	2026-04-13T01:27:08+08:00
Date	sf.		日期，时期，年代	gnéh ghi		日期		164		true	自旧档汇入	2026-04-13T01:27:08+08:00
Date	sf.		日期，时期，年代	gnéh ’tse		日子		164		true	自旧档汇入	2026-04-13T01:27:08+08:00
Date	sf.		日期，时期，年代	gné gneuh		年月		164		true	自旧档汇入	2026-04-13T01:27:08+08:00
Date	sf.		日期，时期，年代	gné hao	gné hao’	年號		164		true	自旧档汇入	2026-04-13T01:27:08+08:00
Dater	va.	Écrire la date	注明日期，写上日期	’sia gnéh ’tse		寫日子		164		true	自旧档汇入	2026-04-13T01:27:08+08:00
Dauphin	sm.		海豚	’h‘ai ts‘e	’h‘ai tse	海猪		164		true	自旧档汇入	2026-04-13T01:27:08+08:00
Dauphin	sm.		海豚	kaong ts‘e	kaong tse	江猪		164		true	自旧档汇入	2026-04-13T01:27:08+08:00
Davantage	adv.		更多，更加	tou ih ’ngè		多一眼		164		true	自旧档汇入	2026-04-13T01:27:08+08:00
Davantage	adv.		更多，更加	tou ’tié		多點		164		true	自旧档汇入	2026-04-13T01:27:08+08:00
De	prép.		的	ke’		个		164		true	自旧档汇入	2026-04-13T01:27:08+08:00
De	prép.	Le cœur - l'homme	人的心	gnen ke’ sin		人个心		164		true	自旧档汇入	2026-04-13T01:27:08+08:00
De	prép.	Être - fer.	铁做的	ze’ t‘ih ke’		是鐵个		164		true	自旧档汇入	2026-04-13T01:27:08+08:00
De	prép.	Homme d'un grand âge.	年纪大的人	gné ’ki dou’ ke’ gnen		年紀大个人		164		true	自旧档汇入	2026-04-13T01:27:08+08:00
De	prép.	-. [Point de départ]	从	zong		從		164		true	自旧档汇入	2026-04-13T01:27:08+08:00
Dé	sm.	à coudre	顶针	’ting tsen		頂針		164		true	自旧档汇入	2026-04-13T01:27:08+08:00
Dé	sm.	à coudre	顶针	tsen k‘ou		針窩	針窠	164		true	自旧档汇入	2026-04-13T01:27:08+08:00
Dé	sm.	- à jouer	骰子	deû ’tse		骰子		164		true	自旧档汇入	2026-04-13T01:27:08+08:00
Dé	sm.	- à jouer	骰子	’pao		寶		164		true	自旧档汇入	2026-04-13T01:27:08+08:00
Dé	sm.	Jeter les -s	掷骰子	zah deû ’tse		擲骰子		164		true	自旧档汇入	2026-04-13T01:27:08+08:00
Dé	sm.	Jeter les -s	掷骰子	yao ’pao		摇寶		164		true	自旧档汇入	2026-04-13T01:27:08+08:00
Débâcle	sf.	Dégel	解冻，融化	k‘ai tong’		開凍		164		true	自旧档汇入	2026-04-13T01:27:08+08:00
Débâcle	sf.	Dégel	解冻，融化	k‘ai yang		開烊		164		true	自旧档汇入	2026-04-13T01:27:08+08:00
Débâcle	sf. Fig.	Défaite. Insuccès	崩溃，失败，覆灭	ba’ ’tseû		敗走		164		true	自旧档汇入	2026-04-13T01:27:08+08:00
Débâcle	sf. Fig.	Défaite. Insuccès	崩溃，失败，覆灭	t‘ih ’tao	tih ’tao	跌倒		164		true	自旧档汇入	2026-04-13T01:27:08+08:00
Déballer	va.		拆包，开箱	k‘ai k‘ai pao		開開包		164		true	自旧档汇入	2026-04-13T01:27:08+08:00
Déballer	va.		拆包，开箱	pao fèh k‘ai lai		包發開來		164		true	自旧档汇入	2026-04-13T01:27:08+08:00
Débandade	loc. adv.	(À la)	混乱的，溃散的	leu’ fen fen		亂紛紛		164		true	自旧档汇入	2026-04-13T01:27:08+08:00
Débandade	loc. adv.	Courir à la -	乱跑，瞎跑	leu’ bao		亂跑		164		true	自旧档汇入	2026-04-13T01:27:08+08:00
Débandade	loc. adv.	Courir à la -	乱跑，瞎跑	hèh bao	h‘èh bao	瞎跑		164		true	自旧档汇入	2026-04-13T01:27:08+08:00
Débander	va. vr.	Se -	放松，松开，松弛	faong’ song		放鬆		164		true	自旧档汇入	2026-04-13T01:27:08+08:00
Débander	va. vr.	Se -	放松，松开，松弛	faong’ k‘ai		放開		164		true	自旧档汇入	2026-04-13T01:27:08+08:00
Débander	va. vr.	Se -	放松，松开，松弛	fen sè’		分散		164		true	自旧档汇入	2026-04-13T01:27:08+08:00
Débander	va. vr.	Se - en désordre	乱走	leu’ ’tseû		亂走		164		true	自旧档汇入	2026-04-13T01:27:08+08:00
Débarbouiller	vr.	(Se)	给…洗脸	k‘a mié’		揩面		164		true	自旧档汇入	2026-04-13T01:27:08+08:00
Débarbouiller	vr.	(Se)	给…洗脸	zing’ mié’		净面		164		true	自旧档汇入	2026-04-13T01:27:08+08:00
Débarcadère	sm.		码头	’mô deû		碼頭		164		true	自旧档汇入	2026-04-13T01:27:08+08:00
Débarquer	vn.		上船	’zaong ngeu’		上岸		164		true	自旧档汇入	2026-04-13T01:27:08+08:00
Débarquer	va.	- des marchandises	卸货	sia’ fou’ seh		卸貨色		164		true	自旧档汇入	2026-04-13T01:27:08+08:00
Débarrasser	va.		清除，使摆脱	nao k‘ai		拿開		164		true	自旧档汇入	2026-04-13T01:27:08+08:00
Débarrasser	va.		清除，使摆脱	seû zéh (gnéh)		收拾		164		true	自旧档汇入	2026-04-13T01:27:08+08:00
Débarrasser	va.		清除，使摆脱	ts‘éh k‘ong		出空		164	待定	true	自旧档汇入	2026-04-13T01:27:08+08:00
Débarrasser	va.	- le passage	开路	k‘ai dao’ (lou’)		開道（路）		164		true	自旧档汇入	2026-04-13T01:27:08+08:00
Débarrasser	vr.	Se -	脱身，摆脱	t‘euh sen		脱身		164		true	自旧档汇入	2026-04-13T01:27:08+08:00
Débarrasser	vr.	Se tirer d'embarras	摆脱困境	t‘euh keu ki		脱干機		164		true	自旧档汇入	2026-04-13T01:27:08+08:00
Débarrer	va.	une porte	拔闩开门	’la k‘ai sé men		拉開閂門		164		true	自旧档汇入	2026-04-13T01:27:08+08:00
Débarrer	va.	une porte	拔闩开门	k‘ai k‘ai sé’	k‘ai k‘ai sé	開開閂		164		true	自旧档汇入	2026-04-13T01:27:08+08:00
Débat	sm.	Contestation	争论，辩论	tseng len’		争論		164		true	自旧档汇入	2026-04-13T01:27:08+08:00
Débat	sm.	Dispute bruyante	冲突，斗争	’ts‘ao nao’		吵鬧		164		true	自旧档汇入	2026-04-13T01:27:08+08:00
Débâter	va.	[un âne]	卸下驴的驮鞍	nao t‘éh eu ’tse		拿脱鞍子		164		true	自旧档汇入	2026-04-13T01:27:08+08:00
Débattre	va.		辩论	’bié len’		辯論		164		true	自旧档汇入	2026-04-13T01:27:08+08:00
Débattre	va.	Je n'ai pas débattu le prix avec lui.	我没有与他还价	véh zeng ’fè(wè) i ke’ ka’ dié		勿曾返（還）伊个價錢		164		true	自旧档汇入	2026-04-13T01:27:08+08:00
Débauche	sf.		酒色	’tsieû seh		酒色		164		true	自旧档汇入	2026-04-13T01:27:08+08:00
Débauche	sf.	Gourmandise	吃（放荡的）	k‘ieh		吃		164		true	自旧档汇入	2026-04-13T01:27:08+08:00
Débauche	sf.	Ivrognerie	喝（放荡的）	tsah		著		164		true	自旧档汇入	2026-04-13T01:27:08+08:00
Débauche	sf.	Libertinage	嫖（放荡的）	p‘iao	biao	嫖		164		true	自旧档汇入	2026-04-13T01:27:08+08:00
Débauche	sf.	Jeu	赌（放荡的）	’tou		賭		164		true	自旧档汇入	2026-04-13T01:27:08+08:00
Débauché	sm.		放荡的人	’tsieû seh ke’ gnen		酒色个人		165		true	自旧档汇入	2026-04-13T01:27:08+08:00
Débauché	sm.		放荡的人	p‘iao k‘ah	biao k‘ah	嫖客		165		true	自旧档汇入	2026-04-13T01:27:08+08:00
Débaucher	va.		诱惑，引诱	keû ’yen biéh gnen		勾引别人		165		true	自旧档汇入	2026-04-13T01:27:08+08:00
Débaucher	va.		诱惑，引诱	’yen yeû’ biéh gnen		引誘别人		165		true	自旧档汇入	2026-04-13T01:27:08+08:00
Débaucher	vr.	Se -	诱惑，引诱	faong’ se’		放肆		165		true	自旧档汇入	2026-04-13T01:27:08+08:00
Débile	adj.	Faible	软弱的	’gneu zah		軟弱		165		true	自旧档汇入	2026-04-13T01:27:08+08:00
Débitant	sm.	de vin	开酒店的	k‘ai ’tsieû tié’ ke’		開酒店个		165	中文解释与上海话不同，为酒类零售商	true	自旧档汇入	2026-04-13T01:27:08+08:00
Débiter	va.	Vendre en détail	零售，零卖	ling sé’ ma’		零碎買		165		true	自旧档汇入	2026-04-13T01:27:08+08:00
Débiteur	sm.		负债的	k‘ié’ tsang’ ke’		欠賬个		165		true	自旧档汇入	2026-04-13T01:27:08+08:00
Débiteur	sm.		负债的	k‘ié’ tsa’ ke’		欠債个		165		true	自旧档汇入	2026-04-13T01:27:08+08:00
Déblatérer	vn.		痛骂，大骂	’zin liang’ ’mô gnen	’zin liang’ mô’ gnen	儘量駡人		165		true	自旧档汇入	2026-04-13T01:27:08+08:00
Déblayer	va.		清除，扫清	ts‘éh k‘ong		出空		165		true	自旧档汇入	2026-04-13T01:27:08+08:00
Déblayer	va.		清除，扫清	seû zéh keu zing’		收拾乾净		165		true	自旧档汇入	2026-04-13T01:27:08+08:00
Débloquer	va.		解围，解封	’ka wei k‘oen’		解圍困		165		true	自旧档汇入	2026-04-13T01:27:08+08:00
Déboire	sm.		挫折，失望	véh zen’ sin ke’ ze’ ’t‘i		勿順心个事體		165		true	自旧档汇入	2026-04-13T01:27:08+08:00
Déboiser	va.		伐光树木	’tao t‘éh ih ’tsong ke’ zu’	’tao t‘éh ih tsong’ ke’ zu’	倒脱一衆个樹		165		true	自旧档汇入	2026-04-13T01:27:08+08:00
Déboîté		Les os sont -s.	骨头脱臼	koéh deû t‘éh ga’		骨頭脱骱		165		true	自旧档汇入	2026-04-13T01:27:08+08:00
Débonder	va.		拔出塞子	bèh t‘éh seh deû		拔脱塞頭		165		true	自旧档汇入	2026-04-13T01:27:08+08:00
Débonnaire	adj.		温厚的，宽厚的	t‘ai’ liang zé’		太良善		165		true	自旧档汇入	2026-04-13T01:27:08+08:00
Déborder	vn.		漫溢，溢出	’yong ts‘éh lai		涌出來		165		true	自旧档汇入	2026-04-13T01:27:08+08:00
Déborder	vn.		漫溢，溢出	p‘ou ts‘éh lai		潽出來		165		true	自旧档汇入	2026-04-13T01:27:08+08:00
Débordé	pp.	par l'ouvrage	工作忙不过来	maong lai véh kou’ deû		忙來勿過頭		165		true	自旧档汇入	2026-04-13T01:27:08+08:00
Débotter	vr.	(Se)	脱长靴	t‘euh hiou		脱靴		165		true	自旧档汇入	2026-04-13T01:27:08+08:00
Débouché	sm.	Issue	路	lou’		路		165		true	自旧档汇入	2026-04-13T01:27:08+08:00
Débouché	sm.	Expédient	办法，方法	fèh ’tse		法子		165		true	自旧档汇入	2026-04-13T01:27:08+08:00
Débouché	sm.	Expédient	办法，方法	men lou’		門路		165		true	自旧档汇入	2026-04-13T01:27:08+08:00
Débouché	sm.	Expédient	办法，方法	faong fèh		方法		165		true	自旧档汇入	2026-04-13T01:27:08+08:00
Débouché	sm.	Commerce : pas de -	没有销路	véh siao fou’		勿銷貨		165		true	自旧档汇入	2026-04-13T01:27:08+08:00
Déboucher	va.		开通，拔塞子	k‘ai		開		165		true	自旧档汇入	2026-04-13T01:27:08+08:00
Déboucher	va.		开通，拔塞子	bèh t‘éh		拔脱		165		true	自旧档汇入	2026-04-13T01:27:08+08:00
Déboucher	va.	- une bouteille	开通，拔塞子	k‘ai bing		開瓶		165		true	自旧档汇入	2026-04-13T01:27:08+08:00
Déboucher	vn.		出口	ts‘éh ’k‘eû		出口		165		true	自旧档汇入	2026-04-13T01:27:08+08:00
Déboucler	va.		解开扣子	ts‘eû t‘éh		抽脱		165		true	自旧档汇入	2026-04-13T01:27:08+08:00
Déboucler	va.		解开扣子	’ka t‘éh k‘eû’ ’tse		解脱扣子		165		true	自旧档汇入	2026-04-13T01:27:08+08:00
Débourber	va.		清除淤泥，挖取淤泥	dao ts‘éh gni lai		淘出泥來		165		true	自旧档汇入	2026-04-13T01:27:08+08:00
Débourber	va.		清除淤泥，挖取淤泥	liao gni		撩泥		165		true	自旧档汇入	2026-04-13T01:27:08+08:00
Débourrer	va.		取出填塞物	’tao ts‘éh lai		倒出來		165		true	自旧档汇入	2026-04-13T01:27:08+08:00
Débourrer	va.		取出填塞物	k‘ieng ts‘éh lai		傾出來		165		true	自旧档汇入	2026-04-13T01:27:08+08:00
Débours	sm.		垫款	k‘ai siao		開銷		165		true	自旧档汇入	2026-04-13T01:27:08+08:00
Débours	sm.		垫款	yong fi’	yong’ fi’	用費		165		true	自旧档汇入	2026-04-13T01:27:08+08:00
Déboursé	sm.		预付款	h‘ouo fi’		花费		165		true	自旧档汇入	2026-04-13T01:27:08+08:00
Débourser	va.		支付，掏钱，花钱	moh ts‘éh zié lai		摸出錢來		165		true	自旧档汇入	2026-04-13T01:27:08+08:00
Débourser	va.		支付，掏钱，花钱	ts‘éh dong dié		出銅錢		165		true	自旧档汇入	2026-04-13T01:27:08+08:00
Debout	adv.	(Se tenir)	站着，直立着	lih zeh ’la		立直拉		165		true	自旧档汇入	2026-04-13T01:27:08+08:00
Debout	adv.	(Se tenir)	站着，直立着	lih ’la		立拉		165		true	自旧档汇入	2026-04-13T01:27:08+08:00
Debout	adv.	Ne pouvoir se tenir -	站不直，站不起来	lih véh zeh		立勿直		165		true	自旧档汇入	2026-04-13T01:27:08+08:00
Debout	adv.	Ne pouvoir se tenir -	站不直，站不起来	zè véh zu’	zè’ véh zu’	站勿住		165		true	自旧档汇入	2026-04-13T01:27:08+08:00
Debout	adv.	Ne pouvoir se tenir -	站不直，站不起来	lih véh ’k‘i		立勿起		165		true	自旧档汇入	2026-04-13T01:27:08+08:00
Debout	adv.	Vent -	顶风，迎面风	’ting fong		頂風		165		true	自旧档汇入	2026-04-13T01:27:08+08:00
Debout	adv.	-！interj.	站起来！	lih ’k‘i lai！		立起來		165		true	自旧档汇入	2026-04-13T01:27:08+08:00
Débouter		un plaignant	驳回	p‘i gneu kao’		批原告		165		true	自旧档汇入	2026-04-13T01:27:08+08:00
Débouter		un plaignant	驳回	véh tsen	véh ’tsen	勿准		165		true	自旧档汇入	2026-04-13T01:27:08+08:00
Déboutonner		un habit	解开纽扣	’ka k‘ai i zaong		解開衣裳		165		true	自旧档汇入	2026-04-13T01:27:08+08:00
Déboutonner		un habit	解开纽扣	’ka ’gneû ’tse		解紐子		165		true	自旧档汇入	2026-04-13T01:27:08+08:00
Débraillé	adj.		衣冠不整的	t‘è k‘ai hiong daong		攤開胸膛		166		true	自旧档汇入	2026-04-13T01:27:08+08:00
Débraillé	adj.		衣冠不整的	t‘è kié’ loh p‘è’	t‘è kié loh p‘è’	攤肩落襻		166		true	自旧档汇入	2026-04-13T01:27:08+08:00
Débrider	va.		取下(马、骡等的)笼头	t‘euh long deû		脱籠頭		166	原作“脱䪊頭”	true	自旧档汇入	2026-04-13T01:27:08+08:00
Débrider	va.	Sans -	连续的，不间断的	véh ’deu		勿斷		166		true	自旧档汇入	2026-04-13T01:27:08+08:00
Débrider	va.	D'une traite	不断地，一下子	ih kiah		一脚		166		true	自旧档汇入	2026-04-13T01:27:08+08:00
Débris	sm.	Décombres	碎片，残骸	fi’ wéh		费物		166		true	自旧档汇入	2026-04-13T01:27:08+08:00
Débris	sm.	Décombres	碎片，残骸	ghieû’ liao’		舊料		166		true	自旧档汇入	2026-04-13T01:27:08+08:00
Débris	sm.	(tuiles et briques)	砖石瓦片	’ngao bè loh tsé	’ngao bè lôh tsé	瓦爿㼾磚		166	待定	true	自旧档汇入	2026-04-13T01:27:08+08:00
Débris	sm.	Restes: - d'un repas	剩饭	zeng’ ’hao lai ke’ vè’		剩下來个飯		166		true	自旧档汇入	2026-04-13T01:27:08+08:00
Débrouillard	adj.		善于应对的	zé’ yu bè’ ze’ ’t‘i		善於辦事體		166		true	自旧档汇入	2026-04-13T01:27:08+08:00
Débrouiller	va.	Démêler	整理，分开	ts‘éh ’li ts‘éh ’li		出理出理		166		true	自旧档汇入	2026-04-13T01:27:08+08:00
Débrouiller	va.	Démêler	整理，分开	fen k‘ai		分開		166		true	自旧档汇入	2026-04-13T01:27:08+08:00
Débrouiller	va.	- du fil	整理线	’li sié’		理綫		166		true	自旧档汇入	2026-04-13T01:27:08+08:00
Débrouiller	va.	Remettre en ordre	料理，整理	eu ba		安排		166		true	自旧档汇入	2026-04-13T01:27:08+08:00
Débrouiller	va.	Remettre en ordre	料理，整理	liao’ ’li		料理		166		true	自旧档汇入	2026-04-13T01:27:08+08:00
Débrouiller	va.	Remettre en ordre	料理，整理	faong’ lai ’yeû ts‘e’ ’zu		放來有次序		166	待定 序聲調	true	自旧档汇入	2026-04-13T01:27:08+08:00
Débrouiller	vr.	Se -. Être devenu clair	查清楚的	zouo ming bah ’la ke’		查明白拉个		166		true	自旧档汇入	2026-04-13T01:27:08+08:00
Débrouiller	va.	Se -. Être devenu clair	查清楚的	ts‘èh ts‘ing ’saong ’la ke’		察清爽拉个		166		true	自旧档汇入	2026-04-13T01:27:08+08:00
Débrouiller	va.	Se tirer d'affaire : il sait se -.	他能够应付	i wei’ bè’ ze’ ’t‘i		伊會辦事體		166		true	自旧档汇入	2026-04-13T01:27:08+08:00
Débusquer	va.		逐出，赶走	’keu ts‘éh k‘i’		趕出去		166		true	自旧档汇入	2026-04-13T01:27:08+08:00
Début	sm.	Au -	起初，最初	’k‘i deû		起頭		166		true	自旧档汇入	2026-04-13T01:27:08+08:00
Début	sm.	Au -	起初，最初	taong ts‘ou		當初		166		true	自旧档汇入	2026-04-13T01:27:08+08:00
Deçà	prép.		在……的这边	ti mié’	di’ mié’	第面		166		true	自旧档汇入	2026-04-13T01:27:08+08:00
Deçà	prép.	En - de la rivière	在河边	wou ti pié’	wou di’ pié’	河第邊		166		true	自旧档汇入	2026-04-13T01:27:08+08:00
Deçà	prép.	Aller - delà	东来西往	tong lai si ’waong		東來西往		166		true	自旧档汇入	2026-04-13T01:27:08+08:00
Deçà	prép.	Courir - et delà	东奔西跑	tong bao si bao		東跑西跑		166		true	自旧档汇入	2026-04-13T01:27:08+08:00
Décacheter		une lettre	拆信	ts‘ah k‘ai su sin’		拆開書信		166		true	自旧档汇入	2026-04-13T01:27:08+08:00
Décade	sf.		一旬，十日	zin		旬		166		true	自旧档汇入	2026-04-13T01:27:08+08:00
Décade	sf.		一旬，十日	’wé		澣	？	166	待定	true	自旧档汇入	2026-04-13T01:27:08+08:00
Décade	sf.	Quel jour est-ce de la 1ère - ?... de la 2e - ?	今天是初几？	kien ’tsao ze’ ts‘ou ’ki？		今早是初幾		166	待定	true	自旧档汇入	2026-04-13T01:27:08+08:00
Décade	sf.	Quel jour est-ce de la 1ère - ?... de la 3e - ?	今天是初几？	ze’ zéh ’ki？		是十幾		166	中文解释不确定	true	自旧档汇入	2026-04-13T01:27:08+08:00
Décadence	sf.	Époque de	衰落的时期	sé se’		衰世		166	特殊	true	自旧档汇入	2026-04-13T01:27:08+08:00
Décalogue	sm. (C.)		十诫	T‘ié ’tsu zéh ka’		天主十誡		166		true	自旧档汇入	2026-04-13T01:27:08+08:00
Décamper	vn. Fig.	-	拔营	bèh yeng		拔營		166		true	自旧档汇入	2026-04-13T01:27:08+08:00
Décamper	vn. Fig.	-	逃走	dao ’tseû		逃走		166		true	自旧档汇入	2026-04-13T01:27:08+08:00
Décamper	vn. Fig.	Décampe d'ici, et vite !	快点离开这里	t‘i’ ’ngou ’koen ba’！		替我滚罷		166	中文解释不确定	true	自旧档汇入	2026-04-13T01:27:08+08:00
Décaper	va.		除锈	mô t‘éh t‘ih sieû’		磨脱鐵銹		166		true	自旧档汇入	2026-04-13T01:27:08+08:00
Décapitation	sf.		斩首	’tsè deû		斬頭		166		true	自旧档汇入	2026-04-13T01:27:08+08:00
Décapitation	sf.		杀头	sèh deû		殺頭		166		true	自旧档汇入	2026-04-13T01:27:08+08:00
Décapitation	sf.	Crime entraînant la -	死罪	sèh zu’		殺罪		166		true	自旧档汇入	2026-04-13T01:27:08+08:00
Décapité	sm.	(Tête de)	首级	’seû kieh		首級		166		true	自旧档汇入	2026-04-13T01:27:08+08:00
Décapiter	va.		杀头，斩首	’tsè		斬		166		true	自旧档汇入	2026-04-13T01:27:08+08:00
Décapiter	va.		杀头，斩首	sèh deû		殺頭		166		true	自旧档汇入	2026-04-13T01:27:08+08:00
Décavé	pp.		破产的人	ba’ ’tsé		敗者		166		true	自旧档汇入	2026-04-13T01:27:08+08:00
Décédé	pp.		死者	’si ’tsé		死者		166		true	自旧档汇入	2026-04-13T01:27:08+08:00
Décédé	pp.		死者	véh léh ’la ’tsé		勿拉拉者		166		true	自旧档汇入	2026-04-13T01:27:08+08:00
Décéder	vn.		死亡，去世	’si		死		166		true	自旧档汇入	2026-04-13T01:27:08+08:00
Décéder	vn.		死亡，去世	k‘i’ se’		去世		166		true	自旧档汇入	2026-04-13T01:27:08+08:00
Décéder	vn.		死亡，去世	zia’ se’		謝世		166		true	自旧档汇入	2026-04-13T01:27:08+08:00
Décembre	sm.		十二月	si yang zéh gni’ gneuh		西洋十二月		166		true	自旧档汇入	2026-04-13T01:27:08+08:00
Décembre	sm.	Vers le 7 -	大雪	da’ sih		大雪		166		true	自旧档汇入	2026-04-13T01:27:08+08:00
Décembre	sm.	Vers le 22 -	冬至	tong tse’		冬至		166		true	自旧档汇入	2026-04-13T01:27:08+08:00
Décemment	adv.		端庄地，体面地	teu tseng’		端正		167		true	自旧档汇入	2026-04-13T01:27:08+08:00
Décent	adj.		端庄的，体面的	héh ’li		合禮		167		true	自旧档汇入	2026-04-13T01:27:08+08:00
Décennal	adj.		十年的	zéh gné ke’		十年个		167		true	自旧档汇入	2026-04-13T01:27:08+08:00
Décennal	adj.	Une fois tous les 10 ans.	十年一次	zéh gné ih ts‘e’		十年一次		167		true	自旧档汇入	2026-04-13T01:27:08+08:00
Déception	sf.		失望	séh maong’		失望		167		true	自旧档汇入	2026-04-13T01:27:08+08:00
Déception	sf.	(Éprouver une)	感到失望	m méh p‘é’ maong’		無末盼望	嘸末盼望	167	待定	true	自旧档汇入	2026-04-13T01:27:08+08:00
Décerner	va.		颁发，授予	’saong se’		賞賜		167		true	自旧档汇入	2026-04-13T01:27:08+08:00
Décerner	va.		颁发，授予	’saong péh		賞撥		167		true	自旧档汇入	2026-04-13T01:27:08+08:00
Décerner	va.	- les honneurs divins	授予神圣的荣誉，封神	fong zen		封神		167		true	自旧档汇入	2026-04-13T01:27:08+08:00
Décès	sm.		死亡	’si		死		167		true	自旧档汇入	2026-04-13T01:27:08+08:00
Décevoir	va.	Tromper	欺骗，哄骗	’hong	’h‘ong	哄		167		true	自旧档汇入	2026-04-13T01:27:08+08:00
Décevoir	va.	Tromper	欺骗，哄骗	’hong p‘ié’	’h‘ong p‘ié’	哄騙		167		true	自旧档汇入	2026-04-13T01:27:08+08:00
Déchaîner	va.		解开锁链	’ka (’ka k‘ai) lié’ diao		解（解開）鏈條		167	原作“解（解開）鏈[釒條]”	true	自旧档汇入	2026-04-13T01:27:08+08:00
Déchaîner	va.	- un chien	放狗	faong’ ’keû		放狗		167		true	自旧档汇入	2026-04-13T01:27:08+08:00
Décharger	va.	qqn.	卸货，卸下	sia’ t‘éh		卸脱		167		true	自旧档汇入	2026-04-13T01:27:08+08:00
Décharger	va.	qqn.	卸货，卸下	sia’ ’hao lai		卸下來		167		true	自旧档汇入	2026-04-13T01:27:08+08:00
Décharger	va.	- son cœur	发泄	nao sin ze’ ih ’tao		拏心事一倒		167	待定	true	自旧档汇入	2026-04-13T01:27:08+08:00
Décharger	va.	- sa bile	出气	ts‘éh ts‘éh k‘i’		出出氣		167		true	自旧档汇入	2026-04-13T01:27:08+08:00
Décharger	va.	- une barque	卸货	sia’ t‘éh fou’ seh		卸脱貨色		167		true	自旧档汇入	2026-04-13T01:27:08+08:00
Décharger	va.	- une barque	卸货	’k‘i fou’		起貨		167		true	自旧档汇入	2026-04-13T01:27:08+08:00
Décharger	va.	- un fusil		faong’ ts‘iang		放槍		167		true	自旧档汇入	2026-04-13T01:27:08+08:00
Décharger	vr.	Se - d'un emploi	卸任	sia’ zen’		卸任		167		true	自旧档汇入	2026-04-13T01:27:08+08:00
Décharger	va.	Se - d'un emploi	卸任	sia’ yen’		卸印		167		true	自旧档汇入	2026-04-13T01:27:08+08:00
Décharger	va.	Se - d'un fardeau	卸下担子	sia’ kié		卸肩		167		true	自旧档汇入	2026-04-13T01:27:08+08:00
Décharger	va.	Se - d'un fardeau	卸下担子	tè’ ’tse faong’ ’hao lai		擔子放下來		167		true	自旧档汇入	2026-04-13T01:27:08+08:00
Décharger	va.	Se - sur un autre	把事情托付给别人	’pa (t‘ei) ’la biéh gnen sen laong’		擺（推）拉别人身上		167		true	自旧档汇入	2026-04-13T01:27:08+08:00
Décharné	adj.	(Être tout)	瘦骨嶙峋的，皮包骨头的	seû’ lai ih ’pouo koéh deû		瘦來一把骨頭		167		true	自旧档汇入	2026-04-13T01:27:08+08:00
Décharné	adj.	(Être tout)	瘦骨嶙峋的，皮包骨头的	seû’ lai bi pao koéh		瘦來皮包骨		167		true	自旧档汇入	2026-04-13T01:27:08+08:00
Décharné	adj.	(Être tout)	瘦骨嶙峋的，皮包骨头的	koéh seû’ zu za		骨瘦如柴		167		true	自旧档汇入	2026-04-13T01:27:08+08:00
Décharné	adj.	(Être tout)	瘦骨嶙峋的，皮包骨头的	k‘ou ziao		枯憔		167	原作“枯樵”	true	自旧档汇入	2026-04-13T01:27:08+08:00
Déchausser	vr.	(Se)	脱鞋	t‘euh ha ’tse		脱鞋子		167		true	自旧档汇入	2026-04-13T01:27:08+08:00
Déchaussé	pp.	Déchaux.adj.	赤脚	ts‘ah kiah		赤脚		167		true	自旧档汇入	2026-04-13T01:27:08+08:00
Déchet	sm.		消耗，损耗	tséh		折		167		true	自旧档汇入	2026-04-13T01:27:08+08:00
Déchet	sm.		消耗，损耗	hao’		耗		167	待定	true	自旧档汇入	2026-04-13T01:27:08+08:00
Déchet	sm.	Sur 1 livre, 4 onces de -.	一斤折去四两	ih kien tséh (zéh) t‘éh se’ ’liang		一斤折（趞）脱四兩	一斤折（？）脱四兩	167		true	自旧档汇入	2026-04-13T01:27:08+08:00
Déchet	sm.	Il y a un tiers de -.	折去三分之一	tséh t‘éh sè fen tse ih		折脱三分之一		167	待定	true	自旧档汇入	2026-04-13T01:27:08+08:00
Déchiffrer	va.		辨认，辨读	gnè’ (k‘eu’） ts‘éh lai		念（看）出來		167		true	自旧档汇入	2026-04-13T01:27:08+08:00
Déchiqueter	va.		撕碎，扯碎	tsih sé’		砌碎	？碎	167	待定	true	自旧档汇入	2026-04-13T01:27:08+08:00
Déchirer	va.		撕碎	se sé’		撕碎		167		true	自旧档汇入	2026-04-13T01:27:08+08:00
Déchirer	va.		撕开	se k‘ai		撕開		167		true	自旧档汇入	2026-04-13T01:27:08+08:00
Déchirer	va.		扯碎	’tsa sé’	’ts‘a sé’	扯碎		167		true	自旧档汇入	2026-04-13T01:27:08+08:00
Déchirer	va.		撕掉	’tsa t‘éh	’ts‘a t‘éh	扯脱		167		true	自旧档汇入	2026-04-13T01:27:08+08:00
Déchirer	va.	- avec les ongles	抓	tsao		抓		167		true	自旧档汇入	2026-04-13T01:27:08+08:00
Déchirer	va.	les griffes	抓破	tsao (p‘ou’) sé’		抓（破）碎		167		true	自旧档汇入	2026-04-13T01:27:08+08:00
Déchirer	va.	Affliger : - le cœur	使人痛苦	’za gnen saong sin		惹人傷心		167		true	自旧档汇入	2026-04-13T01:27:08+08:00
Déchirer	va.	Diffamer : - la réputation	污蔑，诽谤	’hoei paong’ biéh gnen	’h‘oei paong’ biéh gnen	譭謗别人		167		true	自旧档汇入	2026-04-13T01:27:08+08:00
Déchirer	va.	Diffamer : - la réputation	污蔑，诽谤	tsao t‘èh biéh gnen		糟蹋別人		167	原作“遭塌别人”	true	自旧档汇入	2026-04-13T01:27:08+08:00
Déchirer	va.	Diffamer : - la réputation	污蔑，诽谤	wa’ gnen ming sang		壞人名聲		167		true	自旧档汇入	2026-04-13T01:27:08+08:00
Déchoir	vn.		衰败	sé’ ba’	sé ba’	衰敗		167		true	自旧档汇入	2026-04-13T01:27:08+08:00
Déchu	pp.	- de son ancien état	蹩脚的	p‘ih kiah	bih kiah	蹩脚		167	待定	true	自旧档汇入	2026-04-13T01:27:08+08:00
Déchu	pp.	- de son ancien état	丧失权力的	t‘ei pè ’tsé		推班者	推扳者	167		true	自旧档汇入	2026-04-13T01:27:08+08:00
Déchu	pp.	- de son ancien état	丧失权力的	wa’ ’hao lai ke’		壞下來个		167		true	自旧档汇入	2026-04-13T01:27:08+08:00
Déchu	pp.	- du trône	失掉江山	seh t‘éh kiang sè	séh t‘éh kiang sè	失脱江山		167	待定	true	自旧档汇入	2026-04-13T01:27:08+08:00
Décidé	adj.		坚决的，果断的	ding’ taong’ tsé		定當者		168		true	自旧档汇入	2026-04-13T01:27:08+08:00
Décidé	adj.	Qui sai prendre un parti.	有主意的	’yeû ’tsu i’ ke’		有主意个		168		true	自旧档汇入	2026-04-13T01:27:08+08:00
Décidé	adj.	Courageux	勇敢的	’yong ’ké ke’		勇敢个		168		true	自旧档汇入	2026-04-13T01:27:08+08:00
Décidé	adj.	Courageux	有胆量的	’yeû ’tè liang’ ke’		有膽量个		168		true	自旧档汇入	2026-04-13T01:27:08+08:00
Décidément	adv.		坚决地，果断地	pih zé		必然		168		true	自旧档汇入	2026-04-13T01:27:08+08:00
Décidément	adv.		坚决地，果断地	teu’ wou		斷乎		168		true	自旧档汇入	2026-04-13T01:27:08+08:00
Décidément	adv.		坚决地，果断地	kieuh wou		决乎		168		true	自旧档汇入	2026-04-13T01:27:08+08:00
Décider	va.		决定	kieuh ding’		决定		168		true	自旧档汇入	2026-04-13T01:27:08+08:00
Décider	va.		决定	ding’ kié	ding’ kié’	定見		168		true	自旧档汇入	2026-04-13T01:27:08+08:00
Décider	va.		决定	ding’ taong’		定當		168		true	自旧档汇入	2026-04-13T01:27:08+08:00
Décider	va.		决定	ding’ koei ke’		定歸个		168		true	自旧档汇入	2026-04-13T01:27:08+08:00
Décider	va.	Je n'ose pas -.	我不敢做主。	véh ’ké tsou’ ’tsu		勿敢做主		168		true	自旧档汇入	2026-04-13T01:27:08+08:00
Décider	vr.	Se -	决定	nao ding’ ’tsu i’		拏定主意		168	待定	true	自旧档汇入	2026-04-13T01:27:08+08:00
Décimal	adj.	Nombre -	小数的	’wei sou’		尾數		168	待定	true	自旧档汇入	2026-04-13T01:27:08+08:00
Décimal	adj.	Nombre -	小数的	’siao sou’		小數		168		true	自旧档汇入	2026-04-13T01:27:08+08:00
Décisif	adj.		决定的，决定性的	kieuh ding’ ke’		决定个		168		true	自旧档汇入	2026-04-13T01:27:08+08:00
Décisif	adj.		决定的，决定性的	m kang ’kai ke’		無更改个	嘸更改个	168		true	自旧档汇入	2026-04-13T01:27:08+08:00
Décisif	adj.	Bataille décisive	决战	kieuh tsé’		决戰		168		true	自旧档汇入	2026-04-13T01:27:08+08:00
Décisif	adj.	Bataille décisive	决战	kieuh ke’ su yeng		决個輸贏		168		true	自旧档汇入	2026-04-13T01:27:08+08:00
Décision	sf.	Résolution	决定	lih ding’ ke’ ’tsu i’		立定个主意		168		true	自旧档汇入	2026-04-13T01:27:08+08:00
Décision	sf.	En affaires, il faut être homme de -.	办事需要有决断	bè’ ze’ t‘i’ ’tsong yao’ ’yeû kieuh  teu’		辦事體總要有决斷		168		true	自旧档汇入	2026-04-13T01:27:08+08:00
Décision	sf.	Ordre	命	ming’		命		168		true	自旧档汇入	2026-04-13T01:27:08+08:00
Décision	sf.	Sentence : - du jude	裁决，判定	p‘é’ teu’		判斷		168		true	自旧档汇入	2026-04-13T01:27:08+08:00
Décision	sf.	Sentence : - du jude	裁决，判定	eu’ ’kieu		案卷		168	待定	true	自旧档汇入	2026-04-13T01:27:08+08:00
Déclamer	va.	à la chinoise	朗读	gnè’		念		168		true	自旧档汇入	2026-04-13T01:27:08+08:00
Déclamer	va.	à la chinoise	朗读	diao ’k‘i k‘iang lai		調起腔來		168		true	自旧档汇入	2026-04-13T01:27:08+08:00
Déclarer	va.		表露，表明	seh ming bah		説明白		168		true	自旧档汇入	2026-04-13T01:27:08+08:00
Déclarer	va.		表露，表明	wo’ ts‘ing ’saong		話清爽		168		true	自旧档汇入	2026-04-13T01:27:08+08:00
Déclin	sm.	(Être à son)	衰弱，快没了	méh k‘oa’ ’tsé		没快者		168		true	自旧档汇入	2026-04-13T01:27:08+08:00
Déclin	sm.	Au - de la vie	在生命的尽头	tao’ ’lao		到老		168		true	自旧档汇入	2026-04-13T01:27:08+08:00
Décliner	vn.	Le jour décline.	白天要结束了。	gnéh deû zieû yao’ méh k‘oa’ ’tsé	gnéh deû zieû’ yao’ méh k‘oa’ ’tsé	日頭就要没快者		168		true	自旧档汇入	2026-04-13T01:27:08+08:00
Décliner	vn.	S'affaiblir	衰败，变老	sé’ ba’	sé ba’	衰敗		168		true	自旧档汇入	2026-04-13T01:27:08+08:00
Décliner	vn.	S'affaiblir	衰败，变老	’lao ’tsé		老者		168		true	自旧档汇入	2026-04-13T01:27:08+08:00
Décliner	va.	-. Refuser.	推辞，推脱	t‘ei ze		推辭		168		true	自旧档汇入	2026-04-13T01:27:08+08:00
Décliner	vn.	-. Refuser.	推辞，推脱	t‘ei t‘éh		推脱		168		true	自旧档汇入	2026-04-13T01:27:08+08:00
Décliner	vn.	-. Refuser.	推辞，推脱	t‘ei t‘oh		推托		168		true	自旧档汇入	2026-04-13T01:27:08+08:00
Décliner	vn.	- une commission	回绝委托	sia’ kié ka		卸肩架		168		true	自旧档汇入	2026-04-13T01:27:08+08:00
Déclivité	sf.		倾斜，斜坡	zè		巉		168		true	自旧档汇入	2026-04-13T01:27:08+08:00
Déclivité	sf.		倾斜，斜坡	di’ yeng èh laong’ t‘è		地形鴨上灘		168		true	自旧档汇入	2026-04-13T01:27:08+08:00
Déclivité	sf.		倾斜，斜坡	di’ yeng t‘è tsé ’la ke’		地形灘轉拉个		168		true	自旧档汇入	2026-04-13T01:27:08+08:00
Déclouer	va.		起钉	’k‘i ting		起釘		168		true	自旧档汇入	2026-04-13T01:27:08+08:00
Déclouer	va.		拔钉	bèh ting		拔釘		168		true	自旧档汇入	2026-04-13T01:27:08+08:00
Décocher	va.	une flèche	射箭	fèh tsié’		發箭		168		true	自旧档汇入	2026-04-13T01:27:08+08:00
Décocher	va.	une flèche	射箭	zoh tsié’		射箭		168		true	自旧档汇入	2026-04-13T01:27:08+08:00
Décoction		(Faire une)	煎药	tsié’ yah	tsié yah	煎藥		168		true	自旧档汇入	2026-04-13T01:27:08+08:00
Décolérer	vn.	Il ne décolère pas.	他总是不息怒。	i ’tsong véh sieh nou’		伊總勿息怒		168		true	自旧档汇入	2026-04-13T01:27:08+08:00
Décoller	va.	Décapiter	扯下，剥离	hiao t‘éh		[扌号]脱	？	168	待定	true	自旧档汇入	2026-04-13T01:27:08+08:00
Décoller	va.	Décapiter	扯下，剥离	hiéh t‘éh		揭脱	？	168	待定	true	自旧档汇入	2026-04-13T01:27:08+08:00
Décoller	va.	Décapiter	杀头	sèh deû		殺頭		168		true	自旧档汇入	2026-04-13T01:27:08+08:00
Décoloré	pp.		褪色的	ngè seh véh sié ming ’tsé		顔色勿鮮明者		168		true	自旧档汇入	2026-04-13T01:27:08+08:00
Décoloré	pp.		褪色的	ngè seh t‘ei’ ’tsé		顔色退者		168		true	自旧档汇入	2026-04-13T01:27:08+08:00
Décolorer	vr.	(Se)	使褪色，使脱色	t‘ei’ t‘éh ngè seh		退脱顔色		168	待定	true	自旧档汇入	2026-04-13T01:27:08+08:00
Décolorer	vr.	(Se)	使褪色，使脱色	pié’ ngè seh		變顔色		168		true	自旧档汇入	2026-04-13T01:27:08+08:00
Décombres	sm.pl.		废墟，残垣断壁	tsé sih		磚屑		168		true	自旧档汇入	2026-04-13T01:27:08+08:00
Décombres	sm.pl.		废墟，残垣断壁	sé’ tsé deû		碎磚頭		168		true	自旧档汇入	2026-04-13T01:27:08+08:00
Décommander	va.		取消	’kai ling’		改令		169		true	自旧档汇入	2026-04-13T01:27:08+08:00
Décommander	va.		取消	kang pié’ hao’ ling’		更變號令		169		true	自旧档汇入	2026-04-13T01:27:08+08:00
Décomposer	va.	Diviser	分解，分开	fen k‘ai		分開		169		true	自旧档汇入	2026-04-13T01:27:08+08:00
Décomposer	vr.	Se -. Changer	改变	pié’		變		169		true	自旧档汇入	2026-04-13T01:27:08+08:00
Décomposer	vr.	Son visage se décompose.	他脸色变了。	i pié’ tse mié’ seh ’tsé		伊變之面色者		169		true	自旧档汇入	2026-04-13T01:27:08+08:00
Décomposer	va.	Se gâter	变坏	wa’		壞		169		true	自旧档汇入	2026-04-13T01:27:08+08:00
Décompter	va.		除去，减去	zu t‘éh		除脱		169		true	自旧档汇入	2026-04-13T01:27:08+08:00
Décompter	va.		除去，减去	k‘eû’ t‘éh		扣脱		169		true	自旧档汇入	2026-04-13T01:27:08+08:00
Décompter	va.		除去，减去	’tang tséh deû		打折頭		169		true	自旧档汇入	2026-04-13T01:27:08+08:00
Déconcerté	adj.		弄呆了	long’ ngai ’la ’tsé		弄呆拉者		169		true	自旧档汇入	2026-04-13T01:27:08+08:00
Déconcerté	adj.	Avoir l’air -.	弄呆了	long’ hoen ’la ’tsé	long’ h‘oen ’la ’tsé	弄昏拉者		169	原作“弄惛拉者”	true	自旧档汇入	2026-04-13T01:27:08+08:00
Déconcerter	va.	les ruses de qqn.	打乱，使不和谐	p‘ou’ i ke’ fèh		破伊个法		169		true	自旧档汇入	2026-04-13T01:27:08+08:00
Déconcerter	va.	Faire perdre contenance	使人变脸色	long’ gnen pié’ seh		弄人變色		169		true	自旧档汇入	2026-04-13T01:27:08+08:00
Déconcerter	va.	Faire perdre contenance	使人变脸色	kiao’ gnen véh teh loh dai		叫人勿得落臺		169		true	自旧档汇入	2026-04-13T01:27:08+08:00
Déconfit	adj.	(Être tout)	狼狈的，窘迫的	’t‘ao ke’ m ts‘u’		討個無趣	討個嘸趣	169	待定	true	自旧档汇入	2026-04-13T01:27:08+08:00
Déconsidéré	adj.	Il est -.	他的名声不好。	i ke’ ming sang véh ’h‘ao		伊个名聲勿好		169		true	自旧档汇入	2026-04-13T01:27:08+08:00
Déconsidérer	va.	qqn.	使失去声望	wo’ k‘ieû biéh gnen		話恘别人		169		true	自旧档汇入	2026-04-13T01:27:08+08:00
Déconsidérer	va.	qqn.	使失去声望	wa’ biéh gnen sang se’		壞别人聲勢		169		true	自旧档汇入	2026-04-13T01:27:08+08:00
Déconsidérer	vr.	Se -	失去声望，丧失信誉	séh ze’ ka sen ven’		失自家身分		169		true	自旧档汇入	2026-04-13T01:27:08+08:00
Déconsidérer	vr.	Se -	失去声望，丧失信誉	séh ’t‘i ’t‘ong		失體統		169		true	自旧档汇入	2026-04-13T01:27:08+08:00
Décontenancé	adj.		使失去常态，使窘迫	long’ lai t‘è t‘è ts‘ong’ ts‘ong	long’ lai t‘è t‘è ts‘ong’ ts‘ong’	弄來坍坍㧤㧤		169		true	自旧档汇入	2026-04-13T01:27:08+08:00
Décontenancé	adj.		使失去常态，使窘迫	long’ lai ngai tse tse		弄來呆之之		169	待定	true	自旧档汇入	2026-04-13T01:27:08+08:00
Déconvenue	sf.		失望，沮丧	véh ts‘eng’ sin		勿稱心		169		true	自旧档汇入	2026-04-13T01:27:08+08:00
Déconvenue	sf.		失望，沮丧	hoei’ k‘i’ 	h‘oei’ k‘i’ 	晦氣		169		true	自旧档汇入	2026-04-13T01:27:08+08:00
Déconvenue	sf.		失望，沮丧	’tao yun’		倒運		169		true	自旧档汇入	2026-04-13T01:27:08+08:00
Décor	sm.	Peinture	装饰	tsaong seh		裝飾		169	原作“裝餙”	true	自旧档汇入	2026-04-13T01:27:08+08:00
Décor	sm.	Peinture	画	wo’		畫		169		true	自旧档汇入	2026-04-13T01:27:08+08:00
Décorer	va.	qq. chose	装饰	tsaong seh		妝飾		169	原作“妝餙”	true	自旧档汇入	2026-04-13T01:27:08+08:00
Décorer	va.	#NAME?	加赏	ka ’saong		加賞		169		true	自旧档汇入	2026-04-13T01:27:08+08:00
Décorer	va.	- une femme	诰封	kao’ fong		誥封		169		true	自旧档汇入	2026-04-13T01:27:08+08:00
Décortiquer	va.		去皮，去壳	k‘i’ bi k‘oh		去皮殼		169		true	自旧档汇入	2026-04-13T01:27:08+08:00
Décortiquer	va.	- le riz	碾米	k‘ié long		牽礱		169		true	自旧档汇入	2026-04-13T01:27:08+08:00
Décortiquer	va.	- le riz	碾米	’tang ’mi		打米		169		true	自旧档汇入	2026-04-13T01:27:08+08:00
Décorum	sm.		礼貌	’li mao’		禮貌		169		true	自旧档汇入	2026-04-13T01:27:08+08:00
Décorum	sm.		规矩	koei ’kiu		規矩		169		true	自旧档汇入	2026-04-13T01:27:08+08:00
Décorum	sm.		体统	’t‘i ’t‘ong		體統		169		true	自旧档汇入	2026-04-13T01:27:08+08:00
Décorum	sm.	Garder le -	有礼貌	’yeû ’li mao’		有禮貌		169		true	自旧档汇入	2026-04-13T01:27:08+08:00
Découcher	vn.		在外面住宿	ts‘éh men (nga’ deû) kou’ ya’		出門（外頭）過夜		169		true	自旧档汇入	2026-04-13T01:27:08+08:00
Découcher	vn.		在外面住宿	zai’ wai’ sôh yé’	zai’ wai’ sôh ya’	在外宿夜		169	待定	true	自旧档汇入	2026-04-13T01:27:08+08:00
Découdre	va.		把（封号的东西）拆开	ts‘ah t‘éh		拆脱		169		true	自旧档汇入	2026-04-13T01:27:08+08:00
Découdre	va.		把（封号的东西）拆开	ts‘ah wong’		拆縫		169		true	自旧档汇入	2026-04-13T01:27:08+08:00
Découler	vn.		流下来，淌下来	lieû (tieh) ’hao lai		流（滴）下來		169		true	自旧档汇入	2026-04-13T01:27:08+08:00
Découler	vn.		流下来，淌下来	lieû ts‘éh lai		流出來		169		true	自旧档汇入	2026-04-13T01:27:08+08:00
Découler	vn.	- à travers une fente	漏	leû’		漏		169		true	自旧档汇入	2026-04-13T01:27:08+08:00
Découler	vn.	Provenir de	源自	ts‘éh lai		出來		169		true	自旧档汇入	2026-04-13T01:27:08+08:00
Découler	vn.	Provenir de	源自	sang ts‘éh lai		生出來		169		true	自旧档汇入	2026-04-13T01:27:08+08:00
Découper	va.		剪开	’tsié k‘ai		剪開		169		true	自旧档汇入	2026-04-13T01:27:08+08:00
Découper	va.		切开	’tsè k‘ai		斬開		169		true	自旧档汇入	2026-04-13T01:27:08+08:00
Découpure	sf.	Dentelure	齿形雕刻	h‘ouo yang’		花樣		169		true	自旧档汇入	2026-04-13T01:27:08+08:00
Découragé	pp.		气馁，泄气	t‘è hieng’		坍興		169		true	自旧档汇入	2026-04-13T01:27:08+08:00
Découragé	pp.		气馁，泄气	m maong’		無望	嘸望	169		true	自旧档汇入	2026-04-13T01:27:08+08:00
Découragé	pp.		气馁，泄气	ba’ hieng’		敗興		169		true	自旧档汇入	2026-04-13T01:27:08+08:00
Décourager	vr.	(Se)	使失去勇气， 使气馁， 使泄气	véh ’k‘i kieng’		勿起勁		170		true	自旧档汇入	2026-04-13T01:27:08+08:00
Décourager	vr.	(Se)	使失去勇气， 使气馁， 使泄气	séh hieng’		失興		170		true	自旧档汇入	2026-04-13T01:27:08+08:00
Décourager	vr.	(Se)	使失去勇气， 使气馁， 使泄气	ping t‘è’ siao yang		冰炭消烊		170		true	自旧档汇入	2026-04-13T01:27:08+08:00
Décourager	vr.	(Se)	使失去勇气， 使气馁， 使泄气	séh maong’		失望		170		true	自旧档汇入	2026-04-13T01:27:08+08:00
Décourager	vr.	(Se)	使失去勇气， 使气馁， 使泄气	foei sin		灰心		170		true	自旧档汇入	2026-04-13T01:27:08+08:00
Décousu	adj.		脱线的	t‘euh tse sié’ kiah		脱之綫脚		170		true	自旧档汇入	2026-04-13T01:27:08+08:00
Décousu	adj.	Sans suite	不连贯的，缺乏条理的	ts‘ih tèh pèh tèh		七搭八搭		170	原作“七塔八塔”	true	自旧档汇入	2026-04-13T01:27:08+08:00
Décousu	adj.	Paroles -es	缺乏条理的话	ts‘ih ts‘ouo ’tang pèh zé		七差打八纏		170		true	自旧档汇入	2026-04-13T01:27:08+08:00
Découvert	adj.	Nu	裸露的	koang		光		170		true	自旧档汇入	2026-04-13T01:27:08+08:00
Découvert	adj.	Tête -e	秃头	t‘ôh deû		秃頭		170		true	自旧档汇入	2026-04-13T01:27:08+08:00
Découvert	adj.	Pieds -s	赤脚	ts‘ah kiah		赤脚		170		true	自旧档汇入	2026-04-13T01:27:08+08:00
Découvert	adj.	Serein : ciel -	晴天	t‘ié ’h‘ao		天好		170		true	自旧档汇入	2026-04-13T01:27:08+08:00
Découvert	adj.	Serein : ciel -	晴天	zing t‘ié		晴天		170		true	自旧档汇入	2026-04-13T01:27:08+08:00
Découvert	adj.	À -. Ouvertement	袒露的，开诚布公的	daong daong waong waong ke’		堂堂皇皇个		170	原作“[日堂][日堂]皇皇个”	true	自旧档汇入	2026-04-13T01:27:08+08:00
Découvert	adj.	À -. Ouvertement	袒露的，开诚布公的	ming liang ke’	ming liang’ ke’	明亮个		170		true	自旧档汇入	2026-04-13T01:27:08+08:00
Découvert	adj.	À -. Ouvertement	袒露的，开诚布公的	tseng’ da’ koang ming		正大光明		170		true	自旧档汇入	2026-04-13T01:27:08+08:00
Découverte	sf.	d'un secret	发现	p‘ou’		破		170		true	自旧档汇入	2026-04-13T01:27:08+08:00
Découverte	sf.	d'un secret	露出马脚	lou’ ts‘éh ’mô kiah		露出馬脚		170		true	自旧档汇入	2026-04-13T01:27:08+08:00
Découverte	sf.	Aller à la -	探索	t‘é’ t‘é’ sin’ sieh		探探信息		170		true	自旧档汇入	2026-04-13T01:27:08+08:00
Découvrir	va.	Révéler	泄露，暴露	sieh leû’	siéh leû’	洩漏		170	待定	true	自旧档汇入	2026-04-13T01:27:08+08:00
Découvrir	va.	Révéler	泄露，暴露	’tié p‘ou’		點破		170		true	自旧档汇入	2026-04-13T01:27:08+08:00
Découvrir	va.	Ôter ce qui couvre	揭露，揭开	hiéh k‘ai lai		揭開來	？	170		true	自旧档汇入	2026-04-13T01:27:08+08:00
Découvrir	va.	Trouver en perquisitionnant	找出来，搜出来	’zin zah (ts‘éh lai)	zin zah (ts‘éh lai)	尋着（出來）		170		true	自旧档汇入	2026-04-13T01:27:08+08:00
Découvrir	va.	Trouver en perquisitionnant	找出来，搜出来	seû ts‘éh lai		搜出來		170		true	自旧档汇入	2026-04-13T01:27:08+08:00
Découvrir	va.	,, en examinant	查出来	zouo zah (ts‘ éh lai)		查着（出來）		170		true	自旧档汇入	2026-04-13T01:27:08+08:00
Découvrir	va.	,, en flairant	闻出来	wen ts‘éh lai		聞出來		170	待定	true	自旧档汇入	2026-04-13T01:27:08+08:00
Découvrir	va.	Voir de loin	望见，看见	maong’ teh kié’		望得見		170		true	自旧档汇入	2026-04-13T01:27:08+08:00
Découvrir	va.	Voir de loin	望见，看见	yeû k‘eu’	’yeû k‘eu’	遠看		170		true	自旧档汇入	2026-04-13T01:27:08+08:00
Découvrir	va.	Manifester	显示，显露	lou’ ts‘éh lai		露出來		170		true	自旧档汇入	2026-04-13T01:27:08+08:00
Découvrir	va.	Manifester	显示，显露	fèh ’hié ts‘éh lai		發顯出來		170		true	自旧档汇入	2026-04-13T01:27:08+08:00
Découvrir	vpr.	Se - la tête	脱帽子	zu mao’ ’tse		除帽子		170		true	自旧档汇入	2026-04-13T01:27:08+08:00
Découvrir	vpr.	Se - la tête	秃顶	t‘ôh deû		秃頭		170		true	自旧档汇入	2026-04-13T01:27:08+08:00
Découvrir	vr.	Se -. Paraître à nu	露出来	lou’ ts‘éh lai		露出來		170		true	自旧档汇入	2026-04-13T01:27:08+08:00
Découvrir	va.	Les choses les plus cachées en finissent-elles pas par se - ?	隐秘之事不是早晚会泄露的吗？	yen mih ke’ ze’ ’t‘i ’tsao ’è wè ’yeû véh sieh leû’ ke’ ’mô ?	’yen mih ke’ ze’ ’t‘i ’tsao è’ wè ’yeû véh siéh leû’ ke’ ’mô ?	隱密个事體早晚還有勿洩露个麽	隱密个事體早晏還有勿洩露个麽	170	待定	true	自旧档汇入	2026-04-13T01:27:08+08:00
Décrasser	va.	en essuyant	清洗，去垢	k‘a keu zing’		揩乾净		170		true	自旧档汇入	2026-04-13T01:27:08+08:00
Décrasser	va.	en essuyant	擦去油腻	k‘a t‘éh ’tié yeû gni’		揩脱點油膩		170		true	自旧档汇入	2026-04-13T01:27:08+08:00
Décrasser	va.	en lavant	清洗，去油	tsié ih tsié		湔一湔		170		true	自旧档汇入	2026-04-13T01:27:08+08:00
Décrasser	va.	en lavant	清洗，去油	tsié t‘éh yeû gni’		湔脱油膩		170		true	自旧档汇入	2026-04-13T01:27:08+08:00
Décréditer	va.	qqn.	使失去信用，使失去威望	wo’ k‘ieû		話恘		170		true	自旧档汇入	2026-04-13T01:27:08+08:00
Décréditer	va.	qqn.	使失去信用，使失去威望	’hoei paong’ gnen ke’ ming sang	’h‘oei paong’ gnen ke’ ming sang	毁謗人个名聲		170		true	自旧档汇入	2026-04-13T01:27:08+08:00
Décrépit	adj.		老的，衰败的	sé ba’ ’tsé		衰敗者		170	特殊	true	自旧档汇入	2026-04-13T01:27:08+08:00
Décrépit	adj.		老的，衰败的	long tsong		龍鍾		170		true	自旧档汇入	2026-04-13T01:27:08+08:00
Décret	sm.	- du ciel	天命，天意	ming’		命		170		true	自旧档汇入	2026-04-13T01:27:08+08:00
Décret	sm.	- du ciel	天命，天意	t‘ié ming’		天命		170		true	自旧档汇入	2026-04-13T01:27:08+08:00
Décret	sm.	- de la Providence	天命	T‘ié ’tsu ke’ ming’		天主个命		170		true	自旧档汇入	2026-04-13T01:27:08+08:00
Décret	sm.	#NAME?	圣旨	seng’ ’tse		聖旨		170		true	自旧档汇入	2026-04-13T01:27:08+08:00
Décret	sm.	#NAME?	谕旨	yu’ ’tse		諭旨		170		true	自旧档汇入	2026-04-13T01:27:08+08:00
Décret	sm.	#NAME?	上谕	zaong’ yu’		上諭		170		true	自旧档汇入	2026-04-13T01:27:08+08:00
Décret	sm.	#NAME?	谕旨	tsèh ’tse		札旨		170		true	自旧档汇入	2026-04-13T01:27:08+08:00
Décréter	va.		颁布法令，宣布政令，宣布	ding’		定		170		true	自旧档汇入	2026-04-13T01:27:08+08:00
Décréter	va.		颁布法令，宣布政令，宣布	ding’ koei		定歸		170		true	自旧档汇入	2026-04-13T01:27:08+08:00
Décréter	va.		颁布法令，宣布政令，宣布	ts‘éh ling’		出令		170		true	自旧档汇入	2026-04-13T01:27:08+08:00
Décréter	va.		颁布法令，宣布政令，宣布	ts‘éh hao’ ling’		出號令		170		true	自旧档汇入	2026-04-13T01:27:08+08:00
Décrié	pp		贬低名声	m ming sang		無名聲	嘸名聲	171		true	自旧档汇入	2026-04-13T01:27:08+08:00
Décrié	pp		贬低名声	ming sang wa’ ’tsé.		名聲壊者		171		true	自旧档汇入	2026-04-13T01:27:08+08:00
Décrier	va		贬低名声	wo’ k‘ieû		話恘		171		true	自旧档汇入	2026-04-13T01:27:08+08:00
Décrier	va		贬低名声	wo’ wa’ 		话壞		171		true	自旧档汇入	2026-04-13T01:27:08+08:00
Décrire	va	par la parole.	用语言来形容	yeng yong ts‘éh lai		形容出來		171		true	自旧档汇入	2026-04-13T01:27:08+08:00
Décrire	va	par la parole.	用语言来形容	miao mô 		描摩		171	待定	true	自旧档汇入	2026-04-13T01:27:08+08:00
Décrire	va	Tracer(un cercle).	画（一个圈）	wah(ih ke’ k‘ieu).		畫（一个圈）	劃（一个圈）	171	待定	true	自旧档汇入	2026-04-13T01:27:08+08:00
Décrocher	va		从钩上取下	tsah keû(zéh) ngéh t‘éh		？鈎拾脱	？鈎拾脱	171	待定	true	自旧档汇入	2026-04-13T01:27:08+08:00
Décrocher	va		从钩上取下	keû laong’ nao ’hao lai. 		鈎上拿下來		171		true	自旧档汇入	2026-04-13T01:27:08+08:00
Décroître	vn	Les jours décroissent.	天色黯淡	’siao		小		171		true	自旧档汇入	2026-04-13T01:27:08+08:00
Décroître	vn	Les jours décroissent.	天色黯淡	’teu		短		171		true	自旧档汇入	2026-04-13T01:27:08+08:00
Décroître	vn	Les jours décroissent.	天色黯淡	t‘ié seh ’teu ’tsé		天色短者		171		true	自旧档汇入	2026-04-13T01:27:08+08:00
Décroître	vn	Les jours décroissent.	天色黯淡	gnéh ’teu ’tsé.		日短者		171		true	自旧档汇入	2026-04-13T01:27:08+08:00
Décroître	vn	Le prix décroît.	价格降低	ka’ tih ’tsé		價跌者		171		true	自旧档汇入	2026-04-13T01:27:08+08:00
Décroître	vn	Le prix décroît.	价格降低	ka’ dié zié’ ’li.		價錢賤裏		171		true	自旧档汇入	2026-04-13T01:27:08+08:00
Décrotter	va	en brossant.	刷下来	séh ’hao lai.		刷下來		171		true	自旧档汇入	2026-04-13T01:27:08+08:00
Décrotter	va	 -- en lavant.	洗下来	zing’ ’hao lai.		净下來		171		true	自旧档汇入	2026-04-13T01:27:08+08:00
Décrotter	va	 -- en grattant.	刮下来	koèh ’hao lai.		刮下來		171		true	自旧档汇入	2026-04-13T01:27:08+08:00
Décrotter	va	Ne pouvoir --.	无法洗干净	séh(zing’)(koèh)véh loh ke’ lè’ gni.		刷（净）（刮）勿落个爛泥		171		true	自旧档汇入	2026-04-13T01:27:08+08:00
Déçu	adj		失望	m méh tsôh gneu’.		無末足願	嘸末足願	171		true	自旧档汇入	2026-04-13T01:27:08+08:00
Décuple	adj		十倍	dou’ zéh bei’		大十倍		171		true	自旧档汇入	2026-04-13T01:27:08+08:00
Décupler	va		十倍	ka zéh bei’.		加十倍		171		true	自旧档汇入	2026-04-13T01:27:08+08:00
Décurion	sm		(古罗马)元老院议员	kèh ’tsang		甲長		171		true	自旧档汇入	2026-04-13T01:27:08+08:00
Décurion	sm		(古罗马)元老院议员	ba ’tsang.		牌長		171		true	自旧档汇入	2026-04-13T01:27:08+08:00
Dédaigner	va	 -- Rejeter.	轻视	véh sih teh		勿屑得		171		true	自旧档汇入	2026-04-13T01:27:08+08:00
Dédaigner	va	 -- Rejeter.	轻视	yé’ ’sao.	yé ’sao.	嫌少		171		true	自旧档汇入	2026-04-13T01:27:08+08:00
Dédaigner	va	Regarder avec dégoût.	厌恶地看人	yé’ k‘i’.	yé k‘i’	厭棄		171		true	自旧档汇入	2026-04-13T01:27:08+08:00
Dédaigner	va	Mépriser.	蔑视	k‘ieng mè’		輕慢		171		true	自旧档汇入	2026-04-13T01:27:08+08:00
Dédaigner	va	Mépriser.	蔑视	k‘eu’ k‘ieng		看輕		171		true	自旧档汇入	2026-04-13T01:27:08+08:00
Dédaigner	va	Mépriser.	蔑视	’miao ze’.		藐視		171		true	自旧档汇入	2026-04-13T01:27:08+08:00
Dédaigner	va	 -- les gens.	鄙视人们	k‘eu’ véh ’k‘i		看勿起		171		true	自旧档汇入	2026-04-13T01:27:08+08:00
Dédaigner	va	 -- les gens.	鄙视人们	nao biéh gnen lai k‘eu’ véh zaong’(zéh)’ngè.		拿别人來看勿上（入）眼		171		true	自旧档汇入	2026-04-13T01:27:08+08:00
Dédaigneux		(Prendre un air).	轻蔑（的气质）	k‘eu’ gnen véh ’k‘i ke’		看人勿起个		171		true	自旧档汇入	2026-04-13T01:27:08+08:00
Dédaigneux		(Prendre un air).	轻蔑（的气质）	k‘ieng mé’ ke’ yang’ ’tse	k‘ieng mè’ ke’ yang’ ’tse	輕慢个樣子		171		true	自旧档汇入	2026-04-13T01:27:08+08:00
Dédaigneux		(Prendre un air).	轻蔑（的气质）	wang bieh zu’ ’ngè ke’.	wang biéh zu’ ’ngè ke’.	横鼻竪眼个		171	待定	true	自旧档汇入	2026-04-13T01:27:08+08:00
Dedans	adv		在里面	léh ’la ’li deû.		垃拉裏頭		171		true	自旧档汇入	2026-04-13T01:27:08+08:00
Dedans	adv	Au -- et au dehors.	在里面和在外面	’li hiang’ nga’ deû.		裏向外頭		171		true	自旧档汇入	2026-04-13T01:27:08+08:00
Dédier	va		奉献	seng’		聖		171		true	自旧档汇入	2026-04-13T01:27:08+08:00
Dédier	va		奉献	tsôh seng’		祝聖		171		true	自旧档汇入	2026-04-13T01:27:08+08:00
Dédier	va		奉献	wong’ hié.	wong’ hié’.	奉獻		171		true	自旧档汇入	2026-04-13T01:27:08+08:00
Dédire	vr	(Se).Rétracter son dire.	撤回他说的话	séh yé		失言		171		true	自旧档汇入	2026-04-13T01:27:08+08:00
Dédire	vr	(Se).Rétracter son dire.	撤回他说的话	séh yah		失約		171		true	自旧档汇入	2026-04-13T01:27:08+08:00
Dédire	vr	(Se).Rétracter son dire.	撤回他说的话	’kai ’k‘eû		改口		171		true	自旧档汇入	2026-04-13T01:27:08+08:00
Dédire	vr	(Se).Rétracter son dire.	撤回他说的话	zeh yé.		食言		171		true	自旧档汇入	2026-04-13T01:27:08+08:00
Dédire	vr	Reconnaître son erreur.	认识到他的错误	gnen’ ts‘ouo’.		認錯	認差	171		true	自旧档汇入	2026-04-13T01:27:08+08:00
Dédire	vr	Manquer à sa promesse.	失言	zeh yé		食言		171		true	自旧档汇入	2026-04-13T01:27:08+08:00
Dédire	vr	Manquer à sa promesse.	失言	séh sin’.		失信		171		true	自旧档汇入	2026-04-13T01:27:08+08:00
Dédire	vr	Se -- d'une convention.	违反一个约定	t‘ei’ wei		退回		171		true	自旧档汇入	2026-04-13T01:27:08+08:00
Dédire	vr	Se -- d'une convention.	违反一个约定	’fè hoei’.	’fè h‘oei’.	反悔		171		true	自旧档汇入	2026-04-13T01:27:08+08:00
Dédommagement	sm		赔偿	’pou wè.		補還		171		true	自旧档汇入	2026-04-13T01:27:08+08:00
Dédommagement	sm	 -- pécuniaire.	金钱上的补偿	bei ’pou ke’ dong dié.		賠補个銅錢		171		true	自旧档汇入	2026-04-13T01:27:08+08:00
Dédommager	va		赔偿	bei biéh gnen		賠别人		171		true	自旧档汇入	2026-04-13T01:27:08+08:00
Dédommager	va		赔偿	bei ’pou biéh gnen.		賠補别人		171		true	自旧档汇入	2026-04-13T01:27:08+08:00
Dédommager	vr	Se -- en secret.	秘密赔偿	se ’hao deû ’pou zang.		私下頭補償		171	待定	true	自旧档汇入	2026-04-13T01:27:08+08:00
Dédoubler	va	Ôter la doublure.	脱去衬里	ts‘ah t‘éh kéh ’li.	ts‘ah t‘éh kèh ’li.	拆脱夾裏		172	待定	true	自旧档汇入	2026-04-13T01:27:08+08:00
Dédoubler	va	Diviser en 2.	一分为二	ih fen ’liang k‘oei’		一分兩塊		172		true	自旧档汇入	2026-04-13T01:27:08+08:00
Dédoubler	va	Diviser en 2.	一分为二	fen zeng ’liang ke’.		分成兩個		172	待定	true	自旧档汇入	2026-04-13T01:27:08+08:00
Déduire	va	Décompter.	减去	zu		除		172		true	自旧档汇入	2026-04-13T01:27:08+08:00
Déduire	va	Décompter.	减去	k‘eû’.		扣		172		true	自旧档汇入	2026-04-13T01:27:08+08:00
Déduire	va	Escompter.	预先支用	zu(k‘eû’) ts‘éh lai.		除（扣）出來		172		true	自旧档汇入	2026-04-13T01:27:08+08:00
Déduire	va	Tirer une conséquence.	推出一个后果	ts‘u len’.		推論		172		true	自旧档汇入	2026-04-13T01:27:08+08:00
Défâcher	vr	(Se).	息怒	bing sieh ze’ nou’ ’tsé.		平息是怒者		172		true	自旧档汇入	2026-04-13T01:27:08+08:00
Défaillance	sf	Tomber en-.	昏倒	m lih liang’		無力量	嘸力量	172		true	自旧档汇入	2026-04-13T01:27:08+08:00
Défaillance	sf	Tomber en-.	昏倒	fèh hoen.	fèh h‘oen.	發昏		172		true	自旧档汇入	2026-04-13T01:27:08+08:00
Défaillance	sf	Revenir d'une-.	醒来	’sing ze’ ’tsé lai ’tsé.		醒是轉來者		172		true	自旧档汇入	2026-04-13T01:27:08+08:00
Défaire	va	Détruire.	摧毁	ts‘ah		拆		172		true	自旧档汇入	2026-04-13T01:27:08+08:00
Défaire	va	Détruire.	摧毁	ts‘ah t‘éh		拆脱		172		true	自旧档汇入	2026-04-13T01:27:08+08:00
Défaire	va	Détruire.	摧毁	ts‘ah sia’.		拆卸		172		true	自旧档汇入	2026-04-13T01:27:08+08:00
Défaire	va	Dénouer.	解开	’ka t‘éh		解脱		172		true	自旧档汇入	2026-04-13T01:27:08+08:00
Défaire	va	Dénouer.	解开	’ka		解		172		true	自旧档汇入	2026-04-13T01:27:08+08:00
Défaire	va	Dénouer.	解开	’ka k‘ai.		解開		172		true	自旧档汇入	2026-04-13T01:27:08+08:00
Défaire	va	Rompre:--un marché.	折断：打乱市场秩序	t‘ei’ wei.		退回		172		true	自旧档汇入	2026-04-13T01:27:08+08:00
Défaire	va	Vaincre:-- l'ennemi.	战胜：战胜敌人	’tang ba’ tei’ deû		打敗對頭		172		true	自旧档汇入	2026-04-13T01:27:08+08:00
Défaire	va	Vaincre:-- l'ennemi.	战胜：战胜敌人	teh seng’.		得勝		172		true	自旧档汇入	2026-04-13T01:27:08+08:00
Défaire	va	Se -- d'un vice : vin;opium.	摆脱一个恶习：戒酒；戒烟	ka’ ’tsieû		戒酒		172		true	自旧档汇入	2026-04-13T01:27:08+08:00
Défaire	va	Se -- d'un vice : vin;opium.	摆脱一个恶习：戒酒；戒烟	ka’ yé.		戒烟		172		true	自旧档汇入	2026-04-13T01:27:08+08:00
Défaite	sf		战败	ba’ tsang’.		敗仗		172		true	自旧档汇入	2026-04-13T01:27:08+08:00
Défaite	sf	Essayer une --.	败仗	’tang ba’		打敗		172		true	自旧档汇入	2026-04-13T01:27:08+08:00
Défaite	sf	Essayer une --.	败仗	’tang ze’ ba’ tsang’.		打是敗仗		172		true	自旧档汇入	2026-04-13T01:27:08+08:00
Défaite	sf	Vaine excuse.	无用的借口	t‘ei ze ke’ seh wo’.		推辭个説話		172		true	自旧档汇入	2026-04-13T01:27:08+08:00
Défalquer	va	Déduire.	扣除	zu t‘éh		除脱		172		true	自旧档汇入	2026-04-13T01:27:08+08:00
Défalquer	va	Déduire.	扣除	k‘eû’ t‘éh.		扣脱		172		true	自旧档汇入	2026-04-13T01:27:08+08:00
Défaut	sm		缺少	mao bing’		毛病		172		true	自旧档汇入	2026-04-13T01:27:08+08:00
Défaut	sm		缺少	’teu ts‘u’		短處		172		true	自旧档汇入	2026-04-13T01:27:08+08:00
Défaut	sm		缺少	kou’ séh		過失		172		true	自旧档汇入	2026-04-13T01:27:08+08:00
Défaut	sm		缺少	ts‘ouo ts‘u’.		差處		172		true	自旧档汇入	2026-04-13T01:27:08+08:00
Défaut	sm	Relever les --s d'autrui.	治病	hiao t‘ong ts‘aong.	hiao t‘ong’ ts‘aong.	[扌号]痛瘡		172		true	自旧档汇入	2026-04-13T01:27:08+08:00
Défaut	sm	À -- de…alors.	在…缺席时	m méh....zieû.	m méh....zieû’.	無末....就	嘸末....就	172		true	自旧档汇入	2026-04-13T01:27:08+08:00
Défaut	sm	Faire -- dans un jugement.	逃案	dao eu’.		逃案		172		true	自旧档汇入	2026-04-13T01:27:08+08:00
Défaveur	sf	(Encourir la).	失宠	séh ’ts‘ong.		失寵		172		true	自旧档汇入	2026-04-13T01:27:08+08:00
Défavorable	adj		不顺利	véh zen’ taong’ ke’		勿順當个		172		true	自旧档汇入	2026-04-13T01:27:08+08:00
Défavorable	adj		不顺利	véh zu i’ ke’.		勿遂意个		172	待定	true	自旧档汇入	2026-04-13T01:27:08+08:00
Défavorablement	adv	(Parler -- de qqn).	不赞成别人	wo’ gnen véh ’h‘ao		話人勿好		172		true	自旧档汇入	2026-04-13T01:27:08+08:00
Défavorablement	adv	(Parler -- de qqn).	不赞成别人	’hoei paong’ biéh gnen ka.	’h‘oei paong’ biéh gnen ka.	毁謗别人家		172		true	自旧档汇入	2026-04-13T01:27:08+08:00
Défectueux	adj	Qui a un défaut.	有缺陷的人	’yeû mao bing’ ke’.		有毛病个		172		true	自旧档汇入	2026-04-13T01:27:08+08:00
Défectueux	adj	Incomplet.	不完全	k‘ieuh		缺		172		true	自旧档汇入	2026-04-13T01:27:08+08:00
Défectueux	adj	Incomplet.	不完全	véh zié ke’.		勿全个		172		true	自旧档汇入	2026-04-13T01:27:08+08:00
Défendeur	sm	Accusé.	被告	bi’ kao’.		被告		172		true	自旧档汇入	2026-04-13T01:27:08+08:00
Défendre	va	Protéger.	保护	’pao wou’.		保護		172		true	自旧档汇入	2026-04-13T01:27:08+08:00
Défendre	va	Garantir.	保证	tsouo ’taong		遮擋		172		true	自旧档汇入	2026-04-13T01:27:08+08:00
Défendre	va	Garantir.	保证	baong ’seû.		防守		172		true	自旧档汇入	2026-04-13T01:27:08+08:00
Défendre	va	 -- contre le soleil.	防晒	tsouo gnéh deû.		遮日頭		172		true	自旧档汇入	2026-04-13T01:27:08+08:00
Défendre	va	Interdire.	禁止	kien’ ’tse		禁止		172		true	自旧档汇入	2026-04-13T01:27:08+08:00
Défendre	va	Interdire.	禁止	véh ’hiu.		勿許		172		true	自旧档汇入	2026-04-13T01:27:08+08:00
Défendre	va	Se --.	防守	’ti ’taong		抵擋		172		true	自旧档汇入	2026-04-13T01:27:08+08:00
Défendre	va	Se --.	防守	baong ’seû.		防守		172		true	自旧档汇入	2026-04-13T01:27:08+08:00
Défendre	va Fig.	Se disculper.	修辞。为自己辩解	sou’ (sen) yeu		訴（伸）冤		172		true	自旧档汇入	2026-04-13T01:27:08+08:00
Défendre	va Fig.	Se disculper.	修辞。为自己辩解	’si zu’.		洗罪		172		true	自旧档汇入	2026-04-13T01:27:08+08:00
Défense		écrite du défendenr.	诉冤	sou’ zeng		訴呈		172	詞性缺失 défendenr應該是défendeur	true	自旧档汇入	2026-04-13T01:27:08+08:00
Défense		écrite du défendenr.	诉冤	sou’ yeu.		訴冤		172	詞性缺失 défendenr應該是défendeur	true	自旧档汇入	2026-04-13T01:27:08+08:00
Défense		Prohibition.	禁止	kien’ ’tse.		禁止		172		true	自旧档汇入	2026-04-13T01:27:08+08:00
Défense		 --s d'éléphant.	象牙	ziang’ nga.		象牙		173		true	自旧档汇入	2026-04-13T01:27:08+08:00
Défenseur	sm		保护人	’pao wou’ ke’		保護个		173		true	自旧档汇入	2026-04-13T01:27:08+08:00
Défenseur	sm		保护人	’pao gnen		保人		173		true	自旧档汇入	2026-04-13T01:27:08+08:00
Défenseur	sm		保护人	zong’ se.		訟師		173		true	自旧档汇入	2026-04-13T01:27:08+08:00
Déférence	sf	Avoir de la -- pour qqn.	对某人保有尊重	kieng’ i’		敬意		173		true	自旧档汇入	2026-04-13T01:27:08+08:00
Déférence	sf	Avoir de la -- pour qqn.	对某人保有尊重	sin’ woh i		信服伊		173		true	自旧档汇入	2026-04-13T01:27:08+08:00
Déférence	sf	Avoir de la -- pour qqn.	对某人保有尊重	pa’ woh i		拜服伊		173		true	自旧档汇入	2026-04-13T01:27:08+08:00
Déférence	sf	Avoir de la -- pour qqn.	对某人保有尊重	ts‘ih kong pèh kieng’ i.		七恭八敬伊		173		true	自旧档汇入	2026-04-13T01:27:08+08:00
Déférer	va	Dénoncer,	告发	di kieû’		提究		173		true	自旧档汇入	2026-04-13T01:27:08+08:00
Déférer	va	Dénoncer,	告发	song’ koé.		送官		173		true	自旧档汇入	2026-04-13T01:27:08+08:00
Déferré	pp	Le cheval est --.	马下了蹄铁	’mô loh t‘éh ’mô kiah t‘ih.		馬落脱馬脚鐵		173		true	自旧档汇入	2026-04-13T01:27:08+08:00
Défiance	sf		怀疑	gni sin.		疑心		173		true	自旧档汇入	2026-04-13T01:27:08+08:00
Défiant	adj	Il est très--.	他太多疑了	tou sin ke’		多心个		173		true	自旧档汇入	2026-04-13T01:27:08+08:00
Défiant	adj	Il est très--.	他太多疑了	gni sin dou’.		疑心大		173		true	自旧档汇入	2026-04-13T01:27:08+08:00
Déficit	sm	Il y a $10 de --.	有十美元的亏损	k‘ong	k‘ong’	空		173		true	自旧档汇入	2026-04-13T01:27:08+08:00
Déficit	sm	Il y a $10 de --.	有十美元的亏损	k‘oei k‘ong ’yeû zéh k‘oei’ yang dié.	k‘oei k‘ong’ ’yeû zéh k‘oei’ yang dié.	虧空有十塊洋錢		173		true	自旧档汇入	2026-04-13T01:27:08+08:00
Défier	va	qqn.	挑战某人	’za i		惹伊		173		true	自旧档汇入	2026-04-13T01:27:08+08:00
Défier	va	qqn.	挑战某人	yeû dieh i.	yeû’ dieh i.	誘敵伊		173		true	自旧档汇入	2026-04-13T01:27:08+08:00
Défier	va vr	Se -- de qqn.	不信任某人	véh ’i k‘ao i		勿倚靠伊		173		true	自旧档汇入	2026-04-13T01:27:08+08:00
Défier	va vr	Se -- de qqn.	不信任某人	gni woh i.		疑惑伊		173		true	自旧档汇入	2026-04-13T01:27:08+08:00
Défier	va vr	Ayez confiance en vos gens;si vous vous défiez d'eux,ne les employez pas.	信任您的人；疑人不用	’yong’ ’la ke’ gnen nong’ véh yao’ gni sin i	yong’ ’la ke’ gnen nong’ véh yao’ gni sin i	用拉个人，儂勿要疑心伊		173	待定 標點符號。印刷錯誤	true	自旧档汇入	2026-04-13T01:27:08+08:00
Défier	va vr	Ayez confiance en vos gens;si vous vous défiez d'eux,ne les employez pas.	信任您的人；疑人不用	’k‘o gni ke’ gnen nong’ véh yao’ yong’ i.		可疑个人，儂勿要用伊		173	標點符號	true	自旧档汇入	2026-04-13T01:27:08+08:00
Défiguré	pp		毁损外形	véh ziang’ yang’ ’tse		勿像樣子		173		true	自旧档汇入	2026-04-13T01:27:08+08:00
Défiguré	pp		毁损外形	’tseû yang’.		走樣		173		true	自旧档汇入	2026-04-13T01:27:08+08:00
Défilé	sm	de montagne.	山路	sè keû		山溝		173		true	自旧档汇入	2026-04-13T01:27:08+08:00
Défilé	sm	de montagne.	山路	sè kèh lou’.		山夾路		173	待定	true	自旧档汇入	2026-04-13T01:27:08+08:00
Défiler	va	du fil.	抽线	ts‘eû sié’.		抽綫		173		true	自旧档汇入	2026-04-13T01:27:08+08:00
Défiler	vn	Marcher à la file.	一次行进	’tseû lai ih da’ zang		走來一[土大]長	走來一埭長	173		true	自旧档汇入	2026-04-13T01:27:08+08:00
Défiler	vn	Marcher à la file.	一次行进	’tseû lai ih ’tsè zi.		走來一斬齊	？	173	待定	true	自旧档汇入	2026-04-13T01:27:08+08:00
Définir	va		下定义	’ka seh ze’ i’.		解説字意		173		true	自旧档汇入	2026-04-13T01:27:08+08:00
Définition	sf		定义	’ka seh		解説		173		true	自旧档汇入	2026-04-13T01:27:08+08:00
Définition	sf		定义	’kaong fèh.		講法		173		true	自旧档汇入	2026-04-13T01:27:08+08:00
Définitif	adj		决定性的	ding’ taong’		定當		173		true	自旧档汇入	2026-04-13T01:27:08+08:00
Définitif	adj		决定性的	kieuh ding’.		决定		173		true	自旧档汇入	2026-04-13T01:27:08+08:00
Définitif	adj	C'est un arrangement --.	做最后的决定	véh ’hiu ’fè hoei’	véh ’hiu ’fè h‘oei’	勿許返悔		173		true	自旧档汇入	2026-04-13T01:27:08+08:00
Définitif	adj	C'est un arrangement --.	做最后的决定	’yong ’yeu véh kang ’kai.		永遠勿更改		173		true	自旧档汇入	2026-04-13T01:27:08+08:00
Définitif	adj	Ne pas dire d'une façon définitive.	不要把话说死	seh wéh dong’ wo’		説活動話		173		true	自旧档汇入	2026-04-13T01:27:08+08:00
Définitif	adj	Ne pas dire d'une façon définitive.	不要把话说死	véh wo’ ding’.		勿話定		173		true	自旧档汇入	2026-04-13T01:27:08+08:00
Définitif	adj	En définitive.	归根结底地	méh méh ’liao		末末了		173		true	自旧档汇入	2026-04-13T01:27:08+08:00
Définitif	adj	En définitive.	归根结底地	’tsong eul yé tse		總而言之		173		true	自旧档汇入	2026-04-13T01:27:08+08:00
Définitif	adj	En définitive.	归根结底地	kieû’ kieng.	kieû’ kieng’.	究竟		173		true	自旧档汇入	2026-04-13T01:27:08+08:00
Défleurir	vn		使花朵零落	zia’		謝		173	原作“㓔”	true	自旧档汇入	2026-04-13T01:27:08+08:00
Défleurir	vn		使花朵零落	h‘ouo zia’ ’tsé		花謝者		173	原作“花㓔者”	true	自旧档汇入	2026-04-13T01:27:08+08:00
Défleurir	vn		使花朵零落	h‘ouo pè t‘euh ’tsé.	ii	花瓣脱者		173		true	自旧档汇入	2026-04-13T01:27:08+08:00
Défoncé	pp	(Seau).	桶捅破	t‘euh t‘éh tse ’dong ’ti.		脱脱之桶底		173		true	自旧档汇入	2026-04-13T01:27:08+08:00
Défoncer	va	un coffre.	打穿箱底	’tang k‘ai (k‘iao’ t‘éh)ghiu’ siang.		打開（撬脱）櫃箱		173	原作“打開（撽脱）櫃箱”	true	自旧档汇入	2026-04-13T01:27:08+08:00
Défoncer	va	 -- un terrain.	深耕土地	ben di’	ben’ di’	坌田		173		true	自旧档汇入	2026-04-13T01:27:08+08:00
Défoncer	va	 -- un terrain.	深耕土地	wèh di’		挖地		173		true	自旧档汇入	2026-04-13T01:27:08+08:00
Défoncer	va	 -- un terrain.	深耕土地	’ben lai sen.	ben’ lai sen.	坌來深		173		true	自旧档汇入	2026-04-13T01:27:08+08:00
Déformé	pp		变形	véh ziang’ yang’.		勿像樣		173		true	自旧档汇入	2026-04-13T01:27:08+08:00
Défourner	va		从炉中取出	ts‘éh yao.		出窑		173		true	自旧档汇入	2026-04-13T01:27:08+08:00
Défrayer	va	un voyageur.	为一个旅行者支付费用	ts‘éh bé fi’(lou’ fi’).		出盤費（路費）		174		true	自旧档汇入	2026-04-13T01:27:08+08:00
Défricher	va		开垦	k‘ai hoang	k‘ai h‘oang	開荒		174		true	自旧档汇入	2026-04-13T01:27:08+08:00
Défricher	va		开垦	k‘ai hoang(sang)di’.	k‘ai h‘oang(sang)di’.	開荒（生）地		174		true	自旧档汇入	2026-04-13T01:27:08+08:00
Défroncer			弄平褶裥	faong’ ’kè		放[糹干]	放？	174	待定	true	自旧档汇入	2026-04-13T01:27:08+08:00
Défroncer			弄平褶裥	long’ ’t‘ing i zaong.		弄挺衣裳		174		true	自旧档汇入	2026-04-13T01:27:08+08:00
Défroncer		les plis d'un habit.	弄平衣服的褶皱	siao’ mei ’daong ’daong.	siao’ mi ’daong ’daong.	笑眉蕩蕩		174	待定	true	自旧档汇入	2026-04-13T01:27:08+08:00
Défunt	adj et sm		已故	’si ke’		死个		174		true	自旧档汇入	2026-04-13T01:27:08+08:00
Défunt	adj et sm		已故	waong zen.		亡人		174		true	自旧档汇入	2026-04-13T01:27:08+08:00
Dégagé	adj	(Air).	无拘无束的神情	ling bié’		伶便	靈便	174	待定	true	自旧档汇入	2026-04-13T01:27:08+08:00
Dégagé	adj	(Air).	无拘无束的神情	’seû kiah k‘ieng k‘oa’.		手脚輕快		174		true	自旧档汇入	2026-04-13T01:27:08+08:00
Dégager	va	Racheter.	赎回	faong’ t‘éh		放脱		174		true	自旧档汇入	2026-04-13T01:27:08+08:00
Dégager	va	Racheter.	赎回	zôh ts‘éh lai.		贖出來		174		true	自旧档汇入	2026-04-13T01:27:08+08:00
Dégager	va	Ne pouvoir --.	不能赎回	zôh véh ts‘éh lai.		贖勿出來		174		true	自旧档汇入	2026-04-13T01:27:08+08:00
Dégager	va	Débarrasser: -- la route.	清楚：开路	k‘ai dao’		開道		174		true	自旧档汇入	2026-04-13T01:27:08+08:00
Dégager	va	Débarrasser: -- la route.	清楚：开路	k‘ai lou’.		開路		174		true	自旧档汇入	2026-04-13T01:27:08+08:00
Dégager	va	Se--. Sortir d'embarras.	摆脱。走出阻碍	t‘euh sen		脱身		174		true	自旧档汇入	2026-04-13T01:27:08+08:00
Dégager	va	Se--. Sortir d'embarras.	摆脱。走出阻碍	ts‘eû sen.		抽身		174		true	自旧档汇入	2026-04-13T01:27:08+08:00
Dégager	va	Rompre un engagemt.	退回	t‘ei’ wei		退回		174		true	自旧档汇入	2026-04-13T01:27:08+08:00
Dégager	va	Rompre un engagemt.	退回	t‘ei’ wè.		退還		174		true	自旧档汇入	2026-04-13T01:27:08+08:00
Dégaîner	va vn		拔（匕首， 剑）出鞘	bèh ih ’pouo tao ts‘éh lai.		拔一把刀出來		174		true	自旧档汇入	2026-04-13T01:27:08+08:00
Dégarnir	va	une maison.	腾空房子	pé ts‘éh ka’ ’fou lai.	pé ts‘éh ka ’fou lai.	搬出傢伙來		174		true	自旧档汇入	2026-04-13T01:27:08+08:00
Dégât	sm	 --causé par l'eau.	水灾	hai’ ts‘u’		害處		174		true	自旧档汇入	2026-04-13T01:27:08+08:00
Dégât	sm	 --causé par l'eau.	水灾	’se hai’.		水害		174		true	自旧档汇入	2026-04-13T01:27:08+08:00
Dégauchir	va		修平	’zu zeh		竪直		174		true	自旧档汇入	2026-04-13T01:27:08+08:00
Dégauchir	va		修平	long’ zeh.		弄直		174		true	自旧档汇入	2026-04-13T01:27:08+08:00
Dégeler	vn	Il dégèle.	解冻	yang ’tsé		烊者		174		true	自旧档汇入	2026-04-13T01:27:08+08:00
Dégeler	vn	Il dégèle.	解冻	yang k‘ai lai		烊開來		174		true	自旧档汇入	2026-04-13T01:27:08+08:00
Dégeler	vn	Il dégèle.	解冻	k‘ai yang		開烊		174		true	自旧档汇入	2026-04-13T01:27:08+08:00
Dégeler	vn	Il dégèle.	解冻	h‘o’ ’tsé.		化者		174		true	自旧档汇入	2026-04-13T01:27:08+08:00
Dégénéré	pp		退化的	pié’ wa’ ’tsé.		變壞者		174		true	自旧档汇入	2026-04-13T01:27:08+08:00
Dégoiser	va	 -- et critiquer.	放连珠炮似地说与批评	wo’ lai k‘oa’		話來快		174		true	自旧档汇入	2026-04-13T01:27:08+08:00
Dégoiser	va	 -- et critiquer.	放连珠炮似地说与批评	wo’ zang seh ’teu		話長説短		174		true	自旧档汇入	2026-04-13T01:27:08+08:00
Dégoiser	va	 -- et critiquer.	放连珠炮似地说与批评	’tse véh ’kien zen’.		嘴勿謹慎		174		true	自旧档汇入	2026-04-13T01:27:08+08:00
Dégonflé	pp	Désenflé.	消肿	’tsong t‘ei’ ’tsé.		腫退者		174	原作“瘇退者”	true	自旧档汇入	2026-04-13T01:27:08+08:00
Dégonflé	pp	[Ballon] --.	瘪了的球	pieh ’tsé.	piéh ’tsé.	癟者		174	原作“秘者”	true	自旧档汇入	2026-04-13T01:27:08+08:00
Dégourdi	adj		机灵	’saong k‘oa’		爽快		174		true	自旧档汇入	2026-04-13T01:27:08+08:00
Dégourdi	adj		机灵	’seû kiah ’h‘ao		手脚好		174		true	自旧档汇入	2026-04-13T01:27:08+08:00
Dégourdi	adj		机灵	kiah k‘ieng ’seû ziéh.		脚輕手捷		174		true	自旧档汇入	2026-04-13T01:27:08+08:00
Dégourdir	va	Se--.Perdre sa timidité.	活动身体。抛弃羞涩	su kien		舒筋		174		true	自旧档汇入	2026-04-13T01:27:08+08:00
Dégourdir	va	Se--.Perdre sa timidité.	活动身体。抛弃羞涩	wéh hiuéh	wéh hieuh	活血		174		true	自旧档汇入	2026-04-13T01:27:08+08:00
Dégourdir	va	Se--.Perdre sa timidité.	活动身体。抛弃羞涩	wou zen’		和順		174		true	自旧档汇入	2026-04-13T01:27:08+08:00
Dégourdir	va	Se--.Perdre sa timidité.	活动身体。抛弃羞涩	’tè liang’ dou’ ’tié.		膽量大點		174		true	自旧档汇入	2026-04-13T01:27:08+08:00
Dégoût	sm		厌恶	yé’ k‘i’		厭氣		174	待定 另厭棄	true	自旧档汇入	2026-04-13T01:27:08+08:00
Dégoût	sm		厌恶	’ao ’nao.	ao’ ’nao.	懊恼		174	原作“燠惱”	true	自旧档汇入	2026-04-13T01:27:08+08:00
Dégoûtant	adj	C'est--.	倒胃口	yé’ ou’ ke’		厭惡个		174	待定	true	自旧档汇入	2026-04-13T01:27:08+08:00
Dégoûtant	adj	C'est--.	倒胃口	’k‘o ou’ ke’.		可惡个		174		true	自旧档汇入	2026-04-13T01:27:08+08:00
Dégoûté	adj		感到恶心	m tse mi’ ke’.		無滋味个	嘸滋味个	174		true	自旧档汇入	2026-04-13T01:27:08+08:00
Dégoûtter	vn		滴	lin ’hao lai		淋下來		174		true	自旧档汇入	2026-04-13T01:27:08+08:00
Dégoûtter	vn		滴	tieh ’hao lai.		滴下來		174		true	自旧档汇入	2026-04-13T01:27:08+08:00
Dégrader	va	Gâter.	变质	kah t‘éh		革脱		174		true	自旧档汇入	2026-04-13T01:27:08+08:00
Dégrader	va	Gâter.	变质	ts‘è’ t‘éh		參脱	？脱	174	待定	true	自旧档汇入	2026-04-13T01:27:08+08:00
Dégrader	va	Gâter.	变质	wa’ t‘éh		壞脱		174		true	自旧档汇入	2026-04-13T01:27:08+08:00
Dégrader	va	Gâter.	变质	tsao t‘èh.		糟蹋		174	原作“遭塌”	true	自旧档汇入	2026-04-13T01:27:08+08:00
Dégrader	vr. Fig	Se --.	失去尊严	ze’ séh sen ven’.		自失身分		174		true	自旧档汇入	2026-04-13T01:27:08+08:00
Dégrafer	va		解开扣子	’ka t‘éh keû ’tse		解脱鈎子		174		true	自旧档汇入	2026-04-13T01:27:08+08:00
Dégrafer	va		解开扣子	’ka k‘ai		解開		174		true	自旧档汇入	2026-04-13T01:27:08+08:00
Dégrafer	va		解开扣子	faong’ t‘éh.		放脱		175		true	自旧档汇入	2026-04-13T01:27:08+08:00
Dégraisser	va		除去脂肪	zing’(k‘i’) t‘éh yeû ’se.		净（去）脱油水		175		true	自旧档汇入	2026-04-13T01:27:08+08:00
Degré	sm	Marche d'escalier.	台阶	kieh		級		175		true	自旧档汇入	2026-04-13T01:27:08+08:00
Degré	sm	Marche d'escalier.	台阶	kieh deû.		級頭		175		true	自旧档汇入	2026-04-13T01:27:08+08:00
Degré	sm	Grade dans les dignités.	品级	’p‘in kieh.		品級		175		true	自旧档汇入	2026-04-13T01:27:08+08:00
Degré	sm	Abaissé,élevé d'un --.	降一级，升一级	kaong’ ih kieh		降一級		175		true	自旧档汇入	2026-04-13T01:27:08+08:00
Degré	sm	Abaissé,élevé d'un --.	降一级，升一级	seng ih ’p‘in.		升一品		175		true	自旧档汇入	2026-04-13T01:27:08+08:00
Degré	sm	 -- de parenté. À quel -- êtes-vous parents?	亲等关系。你和父母的亲等关系是什么？	dai’ sou’		代數		175		true	自旧档汇入	2026-04-13T01:27:08+08:00
Degré	sm	 -- de parenté. À quel -- êtes-vous parents?	亲等关系。你和父母的亲等关系是什么？	woh		服		175		true	自旧档汇入	2026-04-13T01:27:08+08:00
Degré	sm	 -- de parenté. À quel -- êtes-vous parents?	亲等关系。你和父母的亲等关系是什么？	nong’ dong i ’yeû ’ki dai’ ’tsé ?		儂同伊有幾代者		175		true	自旧档汇入	2026-04-13T01:27:08+08:00
Degré	sm	 -- de parenté. À quel -- êtes-vous parents?	亲等关系。你和父母的亲等关系是什么？	léh ’la ’ki woh ’li?		垃拉幾服裏		175		true	自旧档汇入	2026-04-13T01:27:08+08:00
Degré	sm	 -- de parenté. À quel -- êtes-vous parents?	亲等关系。你和父母的亲等关系是什么？	nong’ tèh i yah koei ’yeû ’ki dai’?		儂搭伊約歸有幾代		175	待定	true	自旧档汇入	2026-04-13T01:27:08+08:00
Degré	sm	 --[sphère,baromère].	度[范围，晴雨表]	kieng dou’		經度		175		true	自旧档汇入	2026-04-13T01:27:08+08:00
Degré	sm	 --[sphère,baromère].	度[范围，晴雨表]	wei dou’	wei’ dou’	緯度		175		true	自旧档汇入	2026-04-13T01:27:08+08:00
Degré	sm	 --[sphère,baromère].	度[范围，晴雨表]	dou’ sou’.		度數		175		true	自旧档汇入	2026-04-13T01:27:08+08:00
Degré	sm	En venir à ce --.	到这个地步	tao’ di’ ke’ di’ bou’.		到第个地步		175		true	自旧档汇入	2026-04-13T01:27:08+08:00
Degré	sm	Être idiot au dernier--.	蠢到极点	’tseng ben’ tao’ ghieh ts‘u’	’ts‘en ben’ tao’ ghieh ts‘u’	蠢笨到極處		175		true	自旧档汇入	2026-04-13T01:27:08+08:00
Degré	sm	Par --s.	逐步	mè’ mè’ neng		慢慢能		175		true	自旧档汇入	2026-04-13T01:27:08+08:00
Degré	sm	Par --s.	逐步	zié’ zié’ tse.		漸漸之		175		true	自旧档汇入	2026-04-13T01:27:08+08:00
Degré	sm	 -- d'autel.	祭坛台阶	tsi’ dai dèh bou’.		祭臺踏步		175		true	自旧档汇入	2026-04-13T01:27:08+08:00
Dégrever	va		减税	’kè ’mié		减免		175		true	自旧档汇入	2026-04-13T01:27:08+08:00
Dégrever	va		减税	’kè ’sao		减少		175		true	自旧档汇入	2026-04-13T01:27:08+08:00
Dégrever	va		减税	’mié ngah.		免額		175		true	自旧档汇入	2026-04-13T01:27:08+08:00
Dégrisé	pp		醒酒	tsu’ ’sing		醉醒		175		true	自旧档汇入	2026-04-13T01:27:08+08:00
Dégrisé	pp		醒酒	tsu’ ’sing ’tsé.		醉醒者		175		true	自旧档汇入	2026-04-13T01:27:08+08:00
Déguenillé	adj		穿得破破烂烂	tsah p‘ou’ i zaong ke’		著破衣裳个		175		true	自旧档汇入	2026-04-13T01:27:08+08:00
Déguenillé	adj		穿得破破烂烂	tsah p‘ou’ ’la ke’ i zaong.		著破拉个衣裳		175		true	自旧档汇入	2026-04-13T01:27:08+08:00
Déguerpir	vn		逃走	dao ’tseû.		逃走		175		true	自旧档汇入	2026-04-13T01:27:08+08:00
Déguiser	vr	(Se).	乔装打扮	’ka tsaong		假裝		175		true	自旧档汇入	2026-04-13T01:27:08+08:00
Déguiser	vr	(Se).	乔装打扮	’ka pè’		假扮		175		true	自旧档汇入	2026-04-13T01:27:08+08:00
Déguiser	vr	(Se).	乔装打扮	tsouo deû ’kai kiah.		遮頭盖脚		175	保留簡體	true	自旧档汇入	2026-04-13T01:27:08+08:00
Déguiser	va	 --ses sentiments	伪装情绪	tsaong pè’		裝扮		175		true	自旧档汇入	2026-04-13T01:27:08+08:00
Déguiser	va	 --ses sentiments	伪装情绪	tsaong k‘iang tsou’ diao.		裝腔做調		175		true	自旧档汇入	2026-04-13T01:27:08+08:00
Déguster	adj		品味	zang zang ’tse mi’.		嘗嘗旨味		175	待定 嘗	true	自旧档汇入	2026-04-13T01:27:08+08:00
Déharnacher	va		卸下马具	’ka t‘éh ’mô t‘ao’		解脱馬套		175		true	自旧档汇入	2026-04-13T01:27:08+08:00
Déharnacher	va		卸下马具	’sia t‘éh ’mô t‘ao’	sia’ t‘éh ’mô t‘ao’	卸脱馬套		175		true	自旧档汇入	2026-04-13T01:27:08+08:00
Déhonté	adj		厚脸皮	’lao(heû’)mié’ bi		老（厚）面皮		175		true	自旧档汇入	2026-04-13T01:27:08+08:00
Déhonté	adj		厚脸皮	véh ’hiao teh sieû ’tse ke’.	véh ’hiao teh sieû ’ts‘e ke’.	勿曉得羞耻个		175		true	自旧档汇入	2026-04-13T01:27:08+08:00
Dehors	sm		在外面	nga’ deû		外頭		175		true	自旧档汇入	2026-04-13T01:27:08+08:00
Dehors	sm		在外面	nga’ se’.		外勢		175		true	自旧档汇入	2026-04-13T01:27:08+08:00
Dehors	sm	Apparences. Beaux --.	外表。美丽的外表	nga’ mié’		外面		175		true	自旧档汇入	2026-04-13T01:27:08+08:00
Dehors	sm	Apparences. Beaux --.	外表。美丽的外表	nga’ mié’ ’h‘ao.		外面好		175		true	自旧档汇入	2026-04-13T01:27:08+08:00
Dehors	adv	En-- de la porte.	在门外	nga’		外		175		true	自旧档汇入	2026-04-13T01:27:08+08:00
Dehors	adv	En-- de la porte.	在门外	men nga’.		門外		175		true	自旧档汇入	2026-04-13T01:27:08+08:00
Dehors	adv	En -- de.Excepté. Ensus de.	在此之外。除此以外	zu t‘éh tse		除脱之		175		true	自旧档汇入	2026-04-13T01:27:08+08:00
Dehors	adv	En -- de.Excepté. Ensus de.	在此之外。除此以外	ling’ nga’		另外		175		true	自旧档汇入	2026-04-13T01:27:08+08:00
Dehors	adv	En -- de.Excepté. Ensus de.	在此之外。除此以外	keh wai’.		格外		175		true	自旧档汇入	2026-04-13T01:27:08+08:00
Déifier	va		把…奉若神明	fong zen.		封神		175		true	自旧档汇入	2026-04-13T01:27:08+08:00
Déjà	adv	Dès ce moment.	从此刻	’i kieng.		已經		175		true	自旧档汇入	2026-04-13T01:27:08+08:00
Déjà	adv	Auparavant.	自此之后	zié deû ’k‘i		前頭起		175		true	自旧档汇入	2026-04-13T01:27:08+08:00
Déjà	adv	Auparavant.	自此之后	’i zié		已前		175		true	自旧档汇入	2026-04-13T01:27:08+08:00
Déjà	adv	Auparavant.	自此之后	’i kieng.		已經		175		true	自旧档汇入	2026-04-13T01:27:08+08:00
Déjeter	vr	(Se). Se courber.	弯曲	wè ’tsé		灣者	彎者	175		true	自旧档汇入	2026-04-13T01:27:08+08:00
Déjeter	vr	(Se). Se courber.	弯曲	k‘iôh ’tsé.		曲者		175		true	自旧档汇入	2026-04-13T01:27:08+08:00
Déjeter	vr	Le mur se déjète.	墙弯了	ziang k‘iôh(eû)(k‘ia)’tsé.		墻曲（傴）（欹）者	墻曲（傴）（？）者	175	待定	true	自旧档汇入	2026-04-13T01:27:08+08:00
Déjeuner	sm vn		早饭	’tsao vè’		早飯		176		true	自旧档汇入	2026-04-13T01:27:08+08:00
Déjeuner	sm vn		早饭	k‘ieh ’tsao vè’.		吃早飯		176		true	自旧档汇入	2026-04-13T01:27:08+08:00
Déjouer	va	les ruses de qqn.	挫败某人的诡计	long’ gnen hoei’ k‘i’	long’ gnen h‘oei’ k‘i’	弄人晦氣		176		true	自旧档汇入	2026-04-13T01:27:08+08:00
Déjouer	va	les ruses de qqn.	挫败某人的诡计	seh p‘ou’ i ke’ kié ki’.		識破伊个奸計		176	待定	true	自旧档汇入	2026-04-13T01:27:08+08:00
Delà	prép	Au -- de.	在…以外	kou’ pié.		過邊	箇邊	176		true	自旧档汇入	2026-04-13T01:27:08+08:00
Delà	prép	Davantage:40 ans et au --.	超过：四十岁及以上	’yeû se’ séh tou su’.		有四十多歲		176		true	自旧档汇入	2026-04-13T01:27:08+08:00
Delà	prép	Pas au -- de.	不过	péh kou’.		不過		176		true	自旧档汇入	2026-04-13T01:27:08+08:00
Délabré	adj		破败不堪的	p‘ou’ ke’		破个		176		true	自旧档汇入	2026-04-13T01:27:08+08:00
Délabré	adj		破败不堪的	t‘è ke’.		坍个		176		true	自旧档汇入	2026-04-13T01:27:08+08:00
Délai	sm	Mettre du--.	设置期限	tè ngou’		耽誤		176		true	自旧档汇入	2026-04-13T01:27:08+08:00
Délai	sm	Mettre du--.	设置期限	tè koh.		耽擱		176		true	自旧档汇入	2026-04-13T01:27:08+08:00
Délai	sm	Chose qui ne souffre pas de --.	不能延期的工作	véh yao’ mè	véh yao’ mè’	勿要慢		176		true	自旧档汇入	2026-04-13T01:27:08+08:00
Délai	sm	Chose qui ne souffre pas de --.	不能延期的工作	k‘oa’ k‘oa’ wou		快快乎		176		true	自旧档汇入	2026-04-13T01:27:08+08:00
Délai	sm	Chose qui ne souffre pas de --.	不能延期的工作	tè koh véh teh.		耽擱勿得		176		true	自旧档汇入	2026-04-13T01:27:08+08:00
Délai	sm	Accorder un --.	改期	’kai gnéh ghi		改日期		176		true	自旧档汇入	2026-04-13T01:27:08+08:00
Délai	sm	Accorder un --.	改期	wé’ ghi.	’wé ghi.	緩期		176	待定 緩聲調	true	自旧档汇入	2026-04-13T01:27:08+08:00
Délai	sm	Fixer un -- de 3 jours.	设置一个三天的延期	hè’ ding’ sè gnéh gnéh ghi.		限定三日日期		176		true	自旧档汇入	2026-04-13T01:27:08+08:00
Délai	sm	Sans --.	毫不迟延地	lih k‘éh.		立刻		176		true	自旧档汇入	2026-04-13T01:27:08+08:00
Délaissé	pp		无依无靠	m i k‘ao’ ke’.		無依靠个	嘸依靠个	176		true	自旧档汇入	2026-04-13T01:27:08+08:00
Délasser	vr	(Se).	消除疲劳	béh siang’		孛相		176		true	自旧档汇入	2026-04-13T01:27:08+08:00
Délasser	vr	(Se).	消除疲劳	yeû wé’		游玩		176		true	自旧档汇入	2026-04-13T01:27:08+08:00
Délasser	vr	(Se).	消除疲劳	’sè sin.		散心		176		true	自旧档汇入	2026-04-13T01:27:08+08:00
Délayer	va	de la farine.	掺水搅和面粉	wou(’sè) mié’ fen.	wou(’sè) mié’ ’fen.	和（散）麵粉		176	待定	true	自旧档汇入	2026-04-13T01:27:08+08:00
Délayer	va	-- de l'encre.	调配墨水	gné meh		研墨		176		true	自旧档汇入	2026-04-13T01:27:08+08:00
Délayer	va	-- de l'encre.	调配墨水	mô meh.		磨墨		176		true	自旧档汇入	2026-04-13T01:27:08+08:00
Délectation	sf		高兴	k‘a’ wéh		快活		176		true	自旧档汇入	2026-04-13T01:27:08+08:00
Délectation	sf		高兴	k‘oa’ loh.		快樂		176		true	自旧档汇入	2026-04-13T01:27:08+08:00
Délecter	vr	(Se).	（对某事物）非常高兴	ghieh ghi yeuh loh		極其悦樂		176		true	自旧档汇入	2026-04-13T01:27:08+08:00
Délecter	vr	(Se).	（对某事物）非常高兴	zéh fen k‘a’ wéh.		十分快活		176		true	自旧档汇入	2026-04-13T01:27:08+08:00
Délégué	sm	officiel.	代表	’wei yeu.		委員		176		true	自旧档汇入	2026-04-13T01:27:08+08:00
Déléguer	va	 -- qqn.	委派（代表）	ts‘a ’wei yeu.		差委員		176		true	自旧档汇入	2026-04-13T01:27:08+08:00
Délétère	adj	(Gaz.)	(对身心)有害（的气体）	dôh k‘i’.		毒氣		176		true	自旧档汇入	2026-04-13T01:27:08+08:00
Délibéré		De propos --.	故意	kou’ i’		故意		176		true	自旧档汇入	2026-04-13T01:27:08+08:00
Délibéré		De propos --.	故意	’yeû sin		有心		176		true	自旧档汇入	2026-04-13T01:27:08+08:00
Délibéré		De propos --.	故意	deh di’		特地		176		true	自旧档汇入	2026-04-13T01:27:08+08:00
Délibéré		De propos --.	故意	deh deh ’li		特特裏		176		true	自旧档汇入	2026-04-13T01:27:08+08:00
Délibérer		en commun.	一起商议	saong gni’		商議		176		true	自旧档汇入	2026-04-13T01:27:08+08:00
Délibérer		en commun.	一起商议	saong liang.		商量		176		true	自旧档汇入	2026-04-13T01:27:08+08:00
Délibérer		 -- en soi-même.	想一想自己	’siang ih ’siang		想一想		176		true	自旧档汇入	2026-04-13T01:27:08+08:00
Délibérer		 -- en soi-même.	想一想自己	doh liang		度量		176		true	自旧档汇入	2026-04-13T01:27:08+08:00
Délibérer		 -- en soi-même.	想一想自己	mô mô k‘eu’		摩摩看		176		true	自旧档汇入	2026-04-13T01:27:08+08:00
Délibérer		 -- en soi-même.	想一想自己	mô mô tseng’ tsoh.		摩摩正作		176	待定	true	自旧档汇入	2026-04-13T01:27:08+08:00
Délicat	adj	Fin.	精细	si’ ’k‘iao ke’		細巧个		176		true	自旧档汇入	2026-04-13T01:27:08+08:00
Délicat	adj	Fin.	精细	k‘iao zah ke’.	kiao zah ke’.	嬌弱个		176		true	自旧档汇入	2026-04-13T01:27:08+08:00
Délicat	adj	Faible. Tendre.	脆弱，嫩	’gneu zah ke’		軟弱个		176		true	自旧档汇入	2026-04-13T01:27:08+08:00
Délicat	adj	Faible. Tendre.	脆弱，嫩	nen’ ke’.		嫩个		176		true	自旧档汇入	2026-04-13T01:27:08+08:00
Délicat	adj	Exquis. Mets --s.	美好，山珍海味	mei’ ’h‘ao	’mei ’h‘ao	美好		176		true	自旧档汇入	2026-04-13T01:27:08+08:00
Délicat	adj	Exquis. Mets --s.	美好，山珍海味	sè tsen ’h‘ai wi’.		山珍海味		176		true	自旧档汇入	2026-04-13T01:27:08+08:00
Délicatesse	sf	(Avoir de la).	文静	wen wen ’zing ’zing		文文静静		176		true	自旧档汇入	2026-04-13T01:27:08+08:00
Délicatesse	sf	(Avoir de la).	文静	koei koei ’kiu ’kiu ke’		規規矩矩个		176		true	自旧档汇入	2026-04-13T01:27:08+08:00
Délicatesse	sf	(Avoir de la).	文静	’li mao’.		禮貌		176		true	自旧档汇入	2026-04-13T01:27:08+08:00
Délicatesse	sf	Être en --.	关系微妙	’lang dè’		冷淡		176		true	自旧档汇入	2026-04-13T01:27:08+08:00
Délicatesse	sf	Être en --.	关系微妙	sou ’yeu.		疏遠		176		true	自旧档汇入	2026-04-13T01:27:08+08:00
Délices	sf.pl		高兴	k‘oa’ loh		快樂		176		true	自旧档汇入	2026-04-13T01:27:08+08:00
Délices	sf.pl		高兴	tsoh loh.		作樂		176		true	自旧档汇入	2026-04-13T01:27:08+08:00
Délicieux	adj		美味	mei’ ’h‘ao.	’mei ’h‘ao.	美好		176		true	自旧档汇入	2026-04-13T01:27:08+08:00
Délié	adj	Menu.	菜单	si’ gni’		細膩		176		true	自旧档汇入	2026-04-13T01:27:08+08:00
Délié	adj	Menu.	菜单	tsing si’.		精細		176		true	自旧档汇入	2026-04-13T01:27:08+08:00
Délié	adj	Ingénieux:esprit --.	灵巧：机敏的精神	ling long(li’)		玲瓏（俐）		176		true	自旧档汇入	2026-04-13T01:27:08+08:00
Délié	adj	Ingénieux:esprit --.	灵巧：机敏的精神	’tong ’k‘iao.		懂巧		176		true	自旧档汇入	2026-04-13T01:27:08+08:00
Délié	adj	Exercé:langue bien déliée.	训练有素：口齿伶俐	’yeû ’k‘eû zai.		有口才		177		true	自旧档汇入	2026-04-13T01:27:08+08:00
Délier	va	Détacher.	解开	’ka k‘ai lai		解開來		177		true	自旧档汇入	2026-04-13T01:27:08+08:00
Délier	va	Détacher.	解开	faong’ k‘ai lai		放開來		177		true	自旧档汇入	2026-04-13T01:27:08+08:00
Délier	va	Détacher.	解开	’ka kiéh‘.	’ka kiéh	解結		177	印刷錯誤	true	自旧档汇入	2026-04-13T01:27:08+08:00
Délier	vr	Dispenser. Se --.	免除	k‘oé ’mié		寬免		177		true	自旧档汇入	2026-04-13T01:27:08+08:00
Délier	vr	Dispenser. Se --.	免除	gnao souo’		饒赦		177		true	自旧档汇入	2026-04-13T01:27:08+08:00
Délier	vr	Dispenser. Se --.	免除	’ka t‘éh.		解脱		177		true	自旧档汇入	2026-04-13T01:27:08+08:00
Délimiter	va		划定界限	wah kiang ka’.		畫疆界	劃疆界	177	待定	true	自旧档汇入	2026-04-13T01:27:08+08:00
Délinquant	sm		犯人	’vè gnen		犯人		177		true	自旧档汇入	2026-04-13T01:27:08+08:00
Délinquant	sm		犯人	’vè fèh ke’.		犯法个		177		true	自旧档汇入	2026-04-13T01:27:08+08:00
Délire	sm	（Il est en).	（他）发狂	fèh hoen ’tsé	fèh h‘oen ’tsé	發昏者		177		true	自旧档汇入	2026-04-13T01:27:08+08:00
Délire	sm	（Il est en).	（他）发狂	fèh goang.		發狂		177		true	自旧档汇入	2026-04-13T01:27:08+08:00
Délirer	vn		发谵妄	hoen mi péh ’sing	h‘oen mi péh ’sing	昏迷不醒		177		true	自旧档汇入	2026-04-13T01:27:08+08:00
Délirer	vn		发谵妄	fèh hoen.	fèh h‘oen.	發昏		177		true	自旧档汇入	2026-04-13T01:27:08+08:00
Délirer	vn	Déraisonner.	胡说八道	hèh wo’.	h‘èh wo’.	瞎話		177		true	自旧档汇入	2026-04-13T01:27:08+08:00
Délit		Commettre un --.	犯罪	’vè lih fèh.		犯律法		177		true	自旧档汇入	2026-04-13T01:27:08+08:00
Délit		Corps du --.	罪证	zaong tseng’	tsaong tseng’	贜證		177		true	自旧档汇入	2026-04-13T01:27:08+08:00
Délit		Corps du --.	罪证	’pouo ping’.		把柄		177		true	自旧档汇入	2026-04-13T01:27:08+08:00
Délivrer	va	un prisonnier.	放回一个囚犯	faong’ t‘éh		放脱		177		true	自旧档汇入	2026-04-13T01:27:08+08:00
Délivrer	va	un prisonnier.	放回一个囚犯	faong’ wei		放回		177		true	自旧档汇入	2026-04-13T01:27:08+08:00
Délivrer	va	un prisonnier.	放回一个囚犯	kieû’ ts‘éh.		救出		177		true	自旧档汇入	2026-04-13T01:27:08+08:00
Délivrer	va	 --un homme en danger.	解救危险中的人	kieû’		救		177		true	自旧档汇入	2026-04-13T01:27:08+08:00
Délivrer	va	 --un homme en danger.	解救危险中的人	kieû’ ts‘éh lai.		救出來		177		true	自旧档汇入	2026-04-13T01:27:08+08:00
Déloger	vn		迁走	pé zang		搬場		177		true	自旧档汇入	2026-04-13T01:27:08+08:00
Déloger	vn		迁走	pé wou ’daong.	pé ’wou ’daong	搬户蕩		177		true	自旧档汇入	2026-04-13T01:27:08+08:00
Déloger	va	 --qqn.	迁出，某人	’keu i ts‘éh kieng’.		赶伊出境		177	保留簡體	true	自旧档汇入	2026-04-13T01:27:08+08:00
Déloyal	adj		不忠诚	m liang sin		無良心	嘸良心	177		true	自旧档汇入	2026-04-13T01:27:08+08:00
Déloyal	adj		不忠诚	kié vèh gnen		奸猾人		177	待定	true	自旧档汇入	2026-04-13T01:27:08+08:00
Déloyal	adj		不忠诚	véh tsong sin’.		勿忠信		177		true	自旧档汇入	2026-04-13T01:27:08+08:00
Déluge	sm		滂沱大雨	hong ’se.		洪水		177		true	自旧档汇入	2026-04-13T01:27:08+08:00
Demain	adv		明天	ming ’tsao		明早		177	待定	true	自旧档汇入	2026-04-13T01:27:08+08:00
Demain	adv		明天	ming t‘ié.		明天		177		true	自旧档汇入	2026-04-13T01:27:08+08:00
Demain	adv	 --matin.	明天早上	ming ’tsao ’tsao zeng.	ming ’tsao ’tsao zen.	明早早晨		177	待定	true	自旧档汇入	2026-04-13T01:27:08+08:00
Demain	adv	À --.	明天见	ming ’tsao wei.		明早會		177	但待定	true	自旧档汇入	2026-04-13T01:27:08+08:00
Démancher	vr	(Se).	脱柄	bèh ping’		拔柄		177		true	自旧档汇入	2026-04-13T01:27:08+08:00
Démancher	vr	(Se).	脱柄	t‘euh ping’.		脱柄		177		true	自旧档汇入	2026-04-13T01:27:08+08:00
Demander	va		要求	ghieû		求		177		true	自旧档汇入	2026-04-13T01:27:08+08:00
Demander	va		要求	’t‘ao.		討		177		true	自旧档汇入	2026-04-13T01:27:08+08:00
Demander	va	 -- l'aumône.-- la pluie.	请求施舍。求雨	ghieû k‘ieh		求乞		177		true	自旧档汇入	2026-04-13T01:27:08+08:00
Demander	va	 -- l'aumône.-- la pluie.	请求施舍。求雨	ghieû ai kieng		求哀矜		177		true	自旧档汇入	2026-04-13T01:27:08+08:00
Demander	va	 -- l'aumône.-- la pluie.	请求施舍。求雨	ghieû ’yû.		求雨		177		true	自旧档汇入	2026-04-13T01:27:08+08:00
Demander	va	Réclamer:--son salaire.	要求：讨工资	’t‘ao kong dié.		討工錢		177		true	自旧档汇入	2026-04-13T01:27:08+08:00
Demander	va	S'enquérir:-- la route.	打听：问路	men’ lou’.		問路		177		true	自旧档汇入	2026-04-13T01:27:08+08:00
Demander	va	Exiger:-- du travail.	要求：费工夫	fi’ ze’.		費事		177		true	自旧档汇入	2026-04-13T01:27:08+08:00
Demander	va	Cela demande du temps.	这很费功夫	fi’ kong fou.		費工夫		177		true	自旧档汇入	2026-04-13T01:27:08+08:00
Demander	va	Je ne ,, pas mieux.	我不求更好	di’ ke’ ’a tei’ ’ngou ke’ sin ke’.		第个也對我个心个		177		true	自旧档汇入	2026-04-13T01:27:08+08:00
Demander	va	Se--à soi-même.	考虑自己	ze’ men liang sin.	ze’ men’ liang sin.	自問良心		177		true	自旧档汇入	2026-04-13T01:27:08+08:00
Demander	va	Se--la main sur la conscience.	扪心自问	fou sin ze’ ven’.	’fou sin ze’ ven’.	撫心自問		177		true	自旧档汇入	2026-04-13T01:27:08+08:00
Demander	va	Se--.Réfléchir.	考虑。反思	’siang ih ’siang.		想一想		177		true	自旧档汇入	2026-04-13T01:27:08+08:00
Demandeur	sm	en justice.	司法方面	gneu kao’.		原告		177		true	自旧档汇入	2026-04-13T01:27:08+08:00
Démangeaison	sf		发痒	’yang		癢		177		true	自旧档汇入	2026-04-13T01:27:08+08:00
Démangeaison	sf		发痒	ting.		疔		177		true	自旧档汇入	2026-04-13T01:27:08+08:00
Démanger	vn		发痒	’yang		癢		177		true	自旧档汇入	2026-04-13T01:27:08+08:00
Démanger	vn		发痒	ting.		疔		177		true	自旧档汇入	2026-04-13T01:27:08+08:00
Démanteler	va		拆除	ts‘ah zeng ziang		拆城墻		177		true	自旧档汇入	2026-04-13T01:27:08+08:00
Démanteler	va		拆除	t‘è fi’(p‘ou’).		坍廢（破）		177		true	自旧档汇入	2026-04-13T01:27:08+08:00
Démantibuler	va		拆毁	’tang sé’		打碎		177		true	自旧档汇入	2026-04-13T01:27:08+08:00
Démantibuler	va		拆毁	’tang fi’		打廢		177		true	自旧档汇入	2026-04-13T01:27:08+08:00
Démantibuler	va		拆毁	’tang wa’.		打壞		177		true	自旧档汇入	2026-04-13T01:27:08+08:00
Démarcation	sf	(Faire la).	划界	fen ka’.		分界		177		true	自旧档汇入	2026-04-13T01:27:08+08:00
Démarche	sf	Allure.	步态	hang tsoh dong’ bou’.		行作動步		178		true	自旧档汇入	2026-04-13T01:27:08+08:00
Démarche	sf	Des --s.	尝试	paong maong.		帮忙		178		true	自旧档汇入	2026-04-13T01:27:08+08:00
Démarquer	va		去掉标记	nao t‘éh ki’ gnen’		拿脱記認		178		true	自旧档汇入	2026-04-13T01:27:08+08:00
Démarquer	va		去掉标记	ts‘ah t‘éh ki’ gnen’.		拆脱記認		178		true	自旧档汇入	2026-04-13T01:27:08+08:00
Démarrer	vn		开动	k‘ai zé.		開船		178		true	自旧档汇入	2026-04-13T01:27:08+08:00
Démasquer	va	des manœuvres.	拆穿阴谋	p‘ou’ ki’ tsah	p‘ou’ ki’ ts‘ah	破計策		178		true	自旧档汇入	2026-04-13T01:27:08+08:00
Démasquer	va	des manœuvres.	拆穿阴谋	seh ts‘é.		識穿		178		true	自旧档汇入	2026-04-13T01:27:08+08:00
Démâté	pp		打断桅杆	wei ’tse ts‘e ’deu ’tsé.		桅子吹斷者		178		true	自旧档汇入	2026-04-13T01:27:08+08:00
Démêlé	sm	Avoir des --s avec qqn.	和某人有争执	dong i tseng len’		同伊争論		178		true	自旧档汇入	2026-04-13T01:27:08+08:00
Démêlé	sm	Avoir des --s avec qqn.	和某人有争执	dong i tseng.		同伊争		178	待定	true	自旧档汇入	2026-04-13T01:27:08+08:00
Démêler	va	Séparer.	分开	’li k‘ai		理開		178		true	自旧档汇入	2026-04-13T01:27:08+08:00
Démêler	va	Séparer.	分开	fen k‘ai		分開		178		true	自旧档汇入	2026-04-13T01:27:08+08:00
Démêler	va	Séparer.	分开	ts‘ah k‘ai.		拆開		178		true	自旧档汇入	2026-04-13T01:27:08+08:00
Démêler	va	 -- les cheveux.	梳头	se deû.		梳頭		178		true	自旧档汇入	2026-04-13T01:27:08+08:00
Démêler	va	Distinguer:--le vrai du faux.	区分：明辨是非	fen ts‘éh tsen ’ka lai.		分出真假來		178		true	自旧档汇入	2026-04-13T01:27:08+08:00
Démêloir	sm	pour les cheveux.	用于头发。	moh se [ih ke’].		木梳[一个]		178		true	自旧档汇入	2026-04-13T01:27:08+08:00
Démêloir	sm	 -pour la barbe.	梳胡须的梳子	sou se.		鬚梳		178		true	自旧档汇入	2026-04-13T01:27:08+08:00
Démembrer	va	 -- un État.	瓜分国家	kouo fen		瓜分		178		true	自旧档汇入	2026-04-13T01:27:08+08:00
Démembrer	va	 -- un État.	瓜分国家	fen wei ’ki kôh.		分為幾國		178		true	自旧档汇入	2026-04-13T01:27:08+08:00
Démembrer	va	 -- un criminel.	肢解犯人	’koa sé’		剮碎		178		true	自旧档汇入	2026-04-13T01:27:08+08:00
Démembrer	va	 -- un criminel.	肢解犯人	ling ze.		凌遲		178		true	自旧档汇入	2026-04-13T01:27:08+08:00
Déménagement	sm		搬家	pé zang.		搬場		178		true	自旧档汇入	2026-04-13T01:27:08+08:00
Déménagement	sm	Frais de --.	搬家的费用	pé zang fi’.		搬場費		178		true	自旧档汇入	2026-04-13T01:27:08+08:00
Déménager	va		搬家的费用	pé zang.		搬場		178		true	自旧档汇入	2026-04-13T01:27:08+08:00
Démence	sf	(Être en).	发狂	ts‘e bing’		痴病		178		true	自旧档汇入	2026-04-13T01:27:08+08:00
Démence	sf	(Être en).	发狂	goang bing’.		狂病		178		true	自旧档汇入	2026-04-13T01:27:08+08:00
Démener	vr	(Se).	乱奔乱跑	’seû maong kiah leu’		手忙脚亂		178		true	自旧档汇入	2026-04-13T01:27:08+08:00
Démener	vr	(Se).	乱奔乱跑	t‘iao’ ’k‘i t‘iao’ ’zou		跳起跳坐		178		true	自旧档汇入	2026-04-13T01:27:08+08:00
Démener	vr	(Se).	乱奔乱跑	tong bao si bao.		東跑西跑		178		true	自旧档汇入	2026-04-13T01:27:08+08:00
Démentir	va	Les actes démentent les paroles.	行动揭穿话语	seh wo’ dong hang ze’ véh tei’ ke’.		説話同行事勿對个		178		true	自旧档汇入	2026-04-13T01:27:08+08:00
Démentir	va	Se--. Manquer de constance.	停止。缺少恒心	m zang sin		無常心	嘸常心	178		true	自旧档汇入	2026-04-13T01:27:08+08:00
Démentir	va	Se--. Manquer de constance.	停止。缺少恒心	pé’ dou eul fi’.		半途而廢		178		true	自旧档汇入	2026-04-13T01:27:08+08:00
Démérite	sm		过失	kou’ séh		過失		178		true	自旧档汇入	2026-04-13T01:27:08+08:00
Démérite	sm		过失	zu’ kou’.		罪過		178		true	自旧档汇入	2026-04-13T01:27:08+08:00
Démériter	vn		犯过错	’yeû kou’ séh.		有過失		178		true	自旧档汇入	2026-04-13T01:27:08+08:00
Démesuré	adj		过度	kou’ dou	kou’ dou’	過度		178		true	自旧档汇入	2026-04-13T01:27:08+08:00
Démesuré	adj		过度	keh wai’ zang dou’ ke’.		格外長大个		178		true	自旧档汇入	2026-04-13T01:27:08+08:00
Demeure	sf		耽搁	kiu ts‘u’		居處		178		true	自旧档汇入	2026-04-13T01:27:08+08:00
Demeure	sf		耽搁	zu’ ts‘u’.		住處		178		true	自旧档汇入	2026-04-13T01:27:08+08:00
Demeurer	vn	 -- en ville.	停留在城市中	tè koh		耽擱		178		true	自旧档汇入	2026-04-13T01:27:08+08:00
Demeurer	vn	 -- en ville.	停留在城市中	zu’ kiu		住居		178		true	自旧档汇入	2026-04-13T01:27:08+08:00
Demeurer	vn	 -- en ville.	停留在城市中	zu’ ’la zeng ’li.		住拉城裏		178		true	自旧档汇入	2026-04-13T01:27:08+08:00
Demi	adj	Une -- heure.	半个小时	ih pé’		一半		178		true	自旧档汇入	2026-04-13T01:27:08+08:00
Demi	adj	Une -- heure.	半个小时	pé’ ’tié tsong.		半點鐘		178		true	自旧档汇入	2026-04-13T01:27:08+08:00
Demi	adj	Un -- mois.	半个月	pé’ gneuh		半月		178		true	自旧档汇入	2026-04-13T01:27:08+08:00
Demi	adj	Un -- mois.	半个月	pé’ ke’ gneuh.		半个月		178		true	自旧档汇入	2026-04-13T01:27:08+08:00
Demi	adj	Un mois et --.	一个半月	ih gneuh pé’		一月半		178		true	自旧档汇入	2026-04-13T01:27:08+08:00
Demi	adj	Un mois et --.	一个半月	ih ke’ pé’ gneuh.		一个半月		178		true	自旧档汇入	2026-04-13T01:27:08+08:00
Demi	adj	À moitié: à -- mort.	一半：过半伤亡	pé’ ’si pé’ wéh.		半死半活		178		true	自旧档汇入	2026-04-13T01:27:08+08:00
Démis	adj	(Avoir le bras).	胳膊脱臼	kié ’paong t‘euh ga.	kié ’paong t‘euh ga’.	肩膀脱骱		178		true	自旧档汇入	2026-04-13T01:27:08+08:00
Démission	sf	(Donner sa)de mandarin.	辞官	ze koé		辭官		178		true	自旧档汇入	2026-04-13T01:27:08+08:00
Démission	sf	(Donner sa)de mandarin.	辞官	k‘ai k‘ieuh		開缺		178		true	自旧档汇入	2026-04-13T01:27:08+08:00
Démission	sf	(Donner sa)de mandarin.	辞官	sia zen’.		卸任		178		true	自旧档汇入	2026-04-13T01:27:08+08:00
Démission	sf	Offrir sa -- pour…	告…	kao’....		告....		178		true	自旧档汇入	2026-04-13T01:27:08+08:00
Démission	sf	,, soigner ses parents.	告辞赡养父母	kao’ ze ’yang ts‘in.		告辭養親		179		true	自旧档汇入	2026-04-13T01:27:08+08:00
Démission	sf	,, vieillesse;maladie.	告老还乡；告病还乡	kao’ ’lao		告老		179		true	自旧档汇入	2026-04-13T01:27:08+08:00
Démission	sf	,, vieillesse;maladie.	告老还乡；告病还乡	kao’ bing’.		告病		179		true	自旧档汇入	2026-04-13T01:27:08+08:00
Demoiselle	sf		小姐	’siao ’tsia		小姐		179		true	自旧档汇入	2026-04-13T01:27:08+08:00
Demoiselle	sf		小姐	koei ’gnu		閨女		179		true	自旧档汇入	2026-04-13T01:27:08+08:00
Demoiselle	sf		小姐	kou gnang.		姑娘		179		true	自旧档汇入	2026-04-13T01:27:08+08:00
Demoiselle	sf	 -- âgée.	姑娘	’lao kou gnang.		老姑娘		179		true	自旧档汇入	2026-04-13T01:27:08+08:00
Demoiselle	sf	Libellule.	蜻蜓	sing ding.		蜻蜓		179		true	自旧档汇入	2026-04-13T01:27:08+08:00
Démolir	va		拆毁	ts‘ah wa’		拆壞		179		true	自旧档汇入	2026-04-13T01:27:08+08:00
Démolir	va		拆毁	bouo t‘éh.		扒脱		179	待定	true	自旧档汇入	2026-04-13T01:27:08+08:00
Démon	sm		魔鬼	’kiu		鬼		179		true	自旧档汇入	2026-04-13T01:27:08+08:00
Démon	sm		魔鬼	mô ’kiu.		魔鬼		179		true	自旧档汇入	2026-04-13T01:27:08+08:00
Démon	sm	Mal causé par le --.	阴病	yn bing’.		陰病		179	待定 注意	true	自旧档汇入	2026-04-13T01:27:08+08:00
Démoniaque	adj et s		魔鬼附身的	wou’ mô ke’		負魔个		179		true	自旧档汇入	2026-04-13T01:27:08+08:00
Démoniaque	adj et s		魔鬼附身的	wou’ mô ’kiu ke’.		負魔鬼个		179		true	自旧档汇入	2026-04-13T01:27:08+08:00
Démonter		une montre.	拆开一只表	ts‘ah t‘éh ih tsah ’piao.		拆脱一隻表		179	保留簡體	true	自旧档汇入	2026-04-13T01:27:08+08:00
Démonter		--qqn en l'interrogeant.	通过质询某人使之局促不安	nao i lai pôh (men’)’tao.		拿伊來剥（問）倒	拿伊來駁（問）倒	179		true	自旧档汇入	2026-04-13T01:27:08+08:00
Démonter		Le réduire au silence.	让人沉默	seh zu’(méh)i ’tse.		塞住（没）伊嘴		179		true	自旧档汇入	2026-04-13T01:27:08+08:00
Démonter		Lui faire perdre contenance.	让人无法克制	long’ i lai véh téh ’hao dai.		弄伊來勿得下台		179	保留簡體	true	自旧档汇入	2026-04-13T01:27:08+08:00
Démontrer	va		论证	ts‘u len’		推論		179		true	自旧档汇入	2026-04-13T01:27:08+08:00
Démontrer	va		论证	fèh ming		發明		179		true	自旧档汇入	2026-04-13T01:27:08+08:00
Démontrer	va		论证	’kaong ts‘ing ’saong.		講清爽		179		true	自旧档汇入	2026-04-13T01:27:08+08:00
Démoralisant	adj		令人沮丧的	t‘è gnen hieng’ ke’.		坍人興个		179		true	自旧档汇入	2026-04-13T01:27:08+08:00
Démoralisant	adj	Corrompant.	令人沮丧的	ba’ wa’ gnen sin ke’.		敗壞人心个		179		true	自旧档汇入	2026-04-13T01:27:08+08:00
Démoralisé	adj	Découragé.	沮丧	t‘è hieng’		坍興		179		true	自旧档汇入	2026-04-13T01:27:08+08:00
Démoralisé	adj	Découragé.	沮丧	foei sin.		灰心		179		true	自旧档汇入	2026-04-13T01:27:08+08:00
Démordre	vn	Céder.	让出	faong’ ’k‘eû		放口		179		true	自旧档汇入	2026-04-13T01:27:08+08:00
Démordre	vn	Céder.	让出	gnang’		讓		179		true	自旧档汇入	2026-04-13T01:27:08+08:00
Démordre	vn	Céder.	让出	t‘ei’ gnang’.		退讓		179		true	自旧档汇入	2026-04-13T01:27:08+08:00
Démordre	vn	Ne pas vouloir en --.	固执	kou’ tséh ’ki kié’.		固執己見		179		true	自旧档汇入	2026-04-13T01:27:08+08:00
Dénaturé	adj	(Fils).	反常的（儿子）	véh hiao’ ’tse		勿孝子		179		true	自旧档汇入	2026-04-13T01:27:08+08:00
Dénaturé	adj	(Fils).	反常的（儿子）	’n gneh ’tse.		忤逆子		179		true	自旧档汇入	2026-04-13T01:27:08+08:00
Dénaturer	va	C'est-- mes intentions.	歪曲了我的意图	di’ ke’ ze’ ’h‘ao sin zeng oh i’.		第个是好心成惡意		179		true	自旧档汇入	2026-04-13T01:27:08+08:00
Dénaturer	va	C'est-- mes paroles.	歪曲了我的话语	di’ ke’ ze’ ’h‘ao wo’ taong’ wa’ wo’.		第个是好話當壞話		179		true	自旧档汇入	2026-04-13T01:27:08+08:00
Dénicher	va	des oiseaux.	从鸟巢中掏取鸟儿	moh ’tiao		摸寫	摸鳥	179		true	自旧档汇入	2026-04-13T01:27:08+08:00
Dénicher	va	des oiseaux.	从鸟巢中掏取鸟儿	moh ’tiao k‘ou.		摸寫窠	摸鳥窠	179		true	自旧档汇入	2026-04-13T01:27:08+08:00
Dénier	va		否认	véh gnen’		勿認		179		true	自旧档汇入	2026-04-13T01:27:08+08:00
Dénier	va		否认	véh zeng gnen’.		勿承認		179		true	自旧档汇入	2026-04-13T01:27:08+08:00
Dénier	va	Refuser.	拒绝	véh ’hiu.		勿許		179		true	自旧档汇入	2026-04-13T01:27:08+08:00
Deniers	smpl	publics.Impôt.Trésor.	钱。税。宝贝	zié liang		錢粮		179	保留簡體	true	自旧档汇入	2026-04-13T01:27:08+08:00
Deniers	smpl	publics.Impôt.Trésor.	钱。税。宝贝	gnen k‘ou’.		銀庫		179		true	自旧档汇入	2026-04-13T01:27:08+08:00
Dénigrer	va		诽谤	wo’ wa’ biéh gnen		話壞别人		179		true	自旧档汇入	2026-04-13T01:27:08+08:00
Dénigrer	va		诽谤	wo’ biéh gnen k‘ieû ts‘u’		話别人恘處		179		true	自旧档汇入	2026-04-13T01:27:08+08:00
Dénigrer	va		诽谤	’hoei paong’.	’h‘oei paong’.	毁謗		179		true	自旧档汇入	2026-04-13T01:27:08+08:00
Dénombrement	sm		点数	gnen ting ts‘ah.		人丁册		179		true	自旧档汇入	2026-04-13T01:27:08+08:00
Dénombrement	sm	Faire le --.	记数	zouo wou’ ’k‘eû.		查户口		179		true	自旧档汇入	2026-04-13T01:27:08+08:00
Dénominateur	sm		分母	ming ’mô	ming’ ’mô	命碼		179		true	自旧档汇入	2026-04-13T01:27:08+08:00
Dénominateur	sm		分母	mou sou’.	’mou sou’.	母數		179		true	自旧档汇入	2026-04-13T01:27:08+08:00
Dénoncer	va	 --au juge.	告官	kao’		告		179		true	自旧档汇入	2026-04-13T01:27:08+08:00
Dénoncer	va	 --au juge.	告官	pao’ koé		報官		179		true	自旧档汇入	2026-04-13T01:27:08+08:00
Dénoncer	va	 --au juge.	告官	’pin koé.		禀官		179		true	自旧档汇入	2026-04-13T01:27:08+08:00
Dénonciateur	sm		告发者	kao’ biéh gnen ke’.		告别人个		179		true	自旧档汇入	2026-04-13T01:27:08+08:00
Dénoter	va		表示	’tse ’tié		指點		179		true	自旧档汇入	2026-04-13T01:27:08+08:00
Dénoter	va		表示	’piao ming.		表明		179		true	自旧档汇入	2026-04-13T01:27:08+08:00
Dénouer	va		解结	’ka		解		179		true	自旧档汇入	2026-04-13T01:27:08+08:00
Dénouer	va		解结	’ka k‘ai ’k‘oen deû.		解開捆頭		179		true	自旧档汇入	2026-04-13T01:27:08+08:00
Denrées	sf. pl		食品	liang zeh		粮食		180	保留簡體	true	自旧档汇入	2026-04-13T01:27:08+08:00
Denrées	sf. pl		食品	liang ’mi.		粮米		180	保留簡體	true	自旧档汇入	2026-04-13T01:27:08+08:00
Dense	adj		稠密	’mang		[糹孟]	稝	180		true	自旧档汇入	2026-04-13T01:27:08+08:00
Dense	adj		稠密	ts‘eû mih	zeû mih	稠密		180		true	自旧档汇入	2026-04-13T01:27:08+08:00
Dense	adj		稠密	’mang mih.		[糹孟]密	稝密	180		true	自旧档汇入	2026-04-13T01:27:08+08:00
Densité	sf		稠密(度)	hi ’mang		稀[糹孟]	稀稝	180		true	自旧档汇入	2026-04-13T01:27:08+08:00
Densité	sf		稠密(度)	mih sèh.		密率	密？	180	待定	true	自旧档汇入	2026-04-13T01:27:08+08:00
Dent	sf		牙齿	nga ’ts‘e [ih ke’].		牙齒[一個]		180		true	自旧档汇入	2026-04-13T01:27:08+08:00
Dent	sf	Molaires, Incisives.	臼齿。切牙	bé nga		盤牙		180		true	自旧档汇入	2026-04-13T01:27:08+08:00
Dent	sf	Molaires, Incisives.	臼齿。切牙	men nga.		門牙		180		true	自旧档汇入	2026-04-13T01:27:08+08:00
Dent	sf	Fausse --. -- de scie.	假牙。锯齿牙	siang nga		鑲牙		180		true	自旧档汇入	2026-04-13T01:27:08+08:00
Dent	sf	Fausse --. -- de scie.	假牙。锯齿牙	ké’ ’tse ’ts‘e.		鋸子齒		180		true	自旧档汇入	2026-04-13T01:27:08+08:00
Dentelé	adj	 -- comme une scie.	锯齿如锯子	’yeû nga ’ts‘e ke’		有牙齒个		180		true	自旧档汇入	2026-04-13T01:27:08+08:00
Dentelé	adj	 -- comme une scie.	锯齿如锯子	ziang’ ké’ ’tse neng.		像鋸子能		180		true	自旧档汇入	2026-04-13T01:27:08+08:00
Dentelle	sf		花边	h‘ouo pié.		花邊		180		true	自旧档汇入	2026-04-13T01:27:08+08:00
Dentier	sm		（一组）假牙	ih ’keû siang nga.		一口鑲牙		180		true	自旧档汇入	2026-04-13T01:27:08+08:00
Dentifrice	adj	(Poudre).	牙粉	nga ’fen		牙粉		180		true	自旧档汇入	2026-04-13T01:27:08+08:00
Dentifrice	adj	(Poudre).	牙粉	nga hoei.	nga h‘oei.	牙灰		180		true	自旧档汇入	2026-04-13T01:27:08+08:00
Dentiste	sm		牙医	k‘eu’ nga tseng’ ke’.		看牙症个		180		true	自旧档汇入	2026-04-13T01:27:08+08:00
Dénûment		Être dans un extrême --.	在极端贫困中	ghiong ’kou	ghiong ’k‘ou	窮苦		180		true	自旧档汇入	2026-04-13T01:27:08+08:00
Dénûment		Être dans un extrême --.	在极端贫困中	bin ghiong ’ya da’		貧窮野大		180		true	自旧档汇入	2026-04-13T01:27:08+08:00
Dénûment		Être dans un extrême --.	在极端贫困中	ih ’ngè m teh.		一眼無得	一眼嘸得	180		true	自旧档汇入	2026-04-13T01:27:08+08:00
Dépaqueter	va		拆（包）	ts‘ah pao		拆包		180		true	自旧档汇入	2026-04-13T01:27:08+08:00
Dépaqueter	va		拆（包）	k‘ai pao		開包		180		true	自旧档汇入	2026-04-13T01:27:08+08:00
Dépaqueter	va		拆（包）	’ka k‘ai pao lai.		解開包來		180		true	自旧档汇入	2026-04-13T01:27:08+08:00
Dépareillé	pp		零散	ts‘ah sè’ ’tsé.		拆散者		180		true	自旧档汇入	2026-04-13T01:27:08+08:00
Déparler	vn	(Ne pas).	（不肯）住口	wo’ véh ding.		話勿停		180		true	自旧档汇入	2026-04-13T01:27:08+08:00
Départ	sm		离开	’dong sen		動身		180		true	自旧档汇入	2026-04-13T01:27:08+08:00
Départ	sm		离开	fèh kiah(hang).		發脚（行）		180		true	自旧档汇入	2026-04-13T01:27:08+08:00
Départ	sm	Être sur son --.	即将动身	lin ghi ’dong sen		臨期動身		180		true	自旧档汇入	2026-04-13T01:27:08+08:00
Départ	sm	Être sur son --.	即将动身	lin yeng.		臨行		180		true	自旧档汇入	2026-04-13T01:27:08+08:00
Départ	sm	Vindu-.Coup de l'étrier.	践行酒	tsié’ hang ’tsieû.		餞行酒		180		true	自旧档汇入	2026-04-13T01:27:08+08:00
Département	sm	Préfecture de 1er	府	’fou.		府		180		true	自旧档汇入	2026-04-13T01:27:08+08:00
Département	sm	de2e ordre.	州	tseû.		州		180		true	自旧档汇入	2026-04-13T01:27:08+08:00
Départir	va	Gratifier.	赏赐	’saong se’.		賞賜		180		true	自旧档汇入	2026-04-13T01:27:08+08:00
Départir	va	Distribuer.	分发	fen sè’		分散		180		true	自旧档汇入	2026-04-13T01:27:08+08:00
Départir	va	Se--de ses exigences.	放弃苛求	gnang’		讓		180		true	自旧档汇入	2026-04-13T01:27:08+08:00
Départir	va	Se--de ses exigences.	放弃苛求	t‘ei’ gnang’		退讓		180		true	自旧档汇入	2026-04-13T01:27:08+08:00
Départir	va	Se--de ses exigences.	放弃苛求	véh tsu kieû’.		勿追究		180		true	自旧档汇入	2026-04-13T01:27:08+08:00
Dépasser	va		超出	kou’		過		180		true	自旧档汇入	2026-04-13T01:27:08+08:00
Dépasser	va		超出	’tseû kou’ ’tsé		走過者		180		true	自旧档汇入	2026-04-13T01:27:08+08:00
Dépasser	va		超出	’tseû t‘eû’ ’tsé.		走透者		180		true	自旧档汇入	2026-04-13T01:27:08+08:00
Dépasser	va	 -- le bord.	超出界限	t‘éh mé.	t‘éh ’mé.	忒滿		180		true	自旧档汇入	2026-04-13T01:27:08+08:00
Dépasser	va	 -- la mesure.	过度	kou’ ven’		過分		180		true	自旧档汇入	2026-04-13T01:27:08+08:00
Dépasser	va	 -- la mesure.	过度	kou’ dou’.		過度		180		true	自旧档汇入	2026-04-13T01:27:08+08:00
Dépasser	va	Surpasser. Excéder.	超出	ts‘ao kou’.		超過		180		true	自旧档汇入	2026-04-13T01:27:08+08:00
Dépasser	va .Fig	Apparaître au dehors.	出现在外面	lou’ ts‘éh lai		露出來		180		true	自旧档汇入	2026-04-13T01:27:08+08:00
Dépasser	va .Fig	Apparaître au dehors.	出现在外面	t‘eû’ kou’.		透過		180		true	自旧档汇入	2026-04-13T01:27:08+08:00
Dépasser	va	L'oreille dépasse.	耳朵露出来	lou’ ts‘éh ’gni pouo(’pen siang’)lai.		露出尾把（本相）來	露出尾巴（本相）來	180		true	自旧档汇入	2026-04-13T01:27:08+08:00
Dépaysé	pp	（Tout).	(因环境、地域或习惯改变而)不自在	di’ faong véh zôh		地方勿熟		180		true	自旧档汇入	2026-04-13T01:27:08+08:00
Dépaysé	pp	（Tout).	(因环境、地域或习惯改变而)不自在	m ’tseû ts‘u’		無走處	嘸走處	180		true	自旧档汇入	2026-04-13T01:27:08+08:00
Dépaysé	pp	（Tout).	(因环境、地域或习惯改变而)不自在	’tseû deû wou lou’.		走頭無路	走投無路	180	待定	true	自旧档汇入	2026-04-13T01:27:08+08:00
Dépecer	va		切成碎块	’tsè k‘ai ’ki k‘oei’		斬開幾塊		180		true	自旧档汇入	2026-04-13T01:27:08+08:00
Dépecer	va		切成碎块	p‘ieh k‘ai lai.		劈開來		180		true	自旧档汇入	2026-04-13T01:27:08+08:00
Dépêche	sf	officielle.	官方	kong wen		公文		180		true	自旧档汇入	2026-04-13T01:27:08+08:00
Dépêche	sf	officielle.	官方	wen su [ih fong].		文書[一封]		180		true	自旧档汇入	2026-04-13T01:27:08+08:00
Dépêche	sf	 -- de Cour à Cour.	宫廷间的快信	tse wei’.		知會		180		true	自旧档汇入	2026-04-13T01:27:08+08:00
dépêche	sf	- d'égal à égal 		tsao’ wei’		照會		181		true	自旧档汇入	2026-04-13T01:27:08+08:00
dépêche	sf	- d' inférieur à supérieur	下级呈交上级的公函	’pin t‘ieh	’pin t‘iéh	禀帖		181	待定	true	自旧档汇入	2026-04-13T01:27:08+08:00
dépêche	sf	#NAME?	电报	dié’ pao’		電報		181		true	自旧档汇入	2026-04-13T01:27:08+08:00
dépêcher	qqn. va.		急遣，急派	p‘a’(’tang fèh) gnen k‘i’		派（打發）人去		181		true	自旧档汇入	2026-04-13T01:27:08+08:00
dépêcher	vr	- qqn. Se -	赶紧做	’keu ’kien tsou’		赶緊做		181	保留簡體	true	自旧档汇入	2026-04-13T01:27:08+08:00
dépêcher	vr	- qqn. Se -	赶紧做	k‘oa’ ’tié tsou’		快點做		181		true	自旧档汇入	2026-04-13T01:27:08+08:00
dépeindre	va	Expliquer	描写，描述	’kaong ’ka		講解		181		true	自旧档汇入	2026-04-13T01:27:08+08:00
dépeindre	va	Expliquer	描写，描述：	yeng yong ts‘éh lai		形容出來		181		true	自旧档汇入	2026-04-13T01:27:08+08:00
dépendre	va	Détacher	取下（悬挂的东西）	tsah ’hao lai		摘下來		181		true	自旧档汇入	2026-04-13T01:27:08+08:00
dépendre	va	Détacher	取下（悬挂的东西）	zu ’hao lai		除下來		181		true	自旧档汇入	2026-04-13T01:27:08+08:00
dépendre	va	Détacher	取下（悬挂的东西）	nao ’hao lai		拿下來		181		true	自旧档汇入	2026-04-13T01:27:08+08:00
dépendre	va	- un tableau	取下取下挂着的画	sia’ ’hao lai		卸下來		181		true	自旧档汇入	2026-04-13T01:27:08+08:00
dépendre	vn	Ètre sous l'autorité de qqn.	受某人的管辖	zôh i ’koé		屬伊管		181		true	自旧档汇入	2026-04-13T01:27:08+08:00
dépendre	vn	Ètre sous l'autorité de qqn.	受某人的管辖	zôh i ’seû ’hao		屬伊手下		181		true	自旧档汇入	2026-04-13T01:27:08+08:00
dépendre	vn	Ètre au pouvoir de qqn.	取决于,依存于,依…而定	yeû i		由伊		181		true	自旧档汇入	2026-04-13T01:27:08+08:00
dépendre	vn	Ètre au pouvoir de qqn.	取决于,依存于,依…而定	zai’ i sen laong’		在伊身上		181		true	自旧档汇入	2026-04-13T01:27:08+08:00
dépendre	vn	Ètre au pouvoir de qqn.	取决于,依存于,依…而定	koei yu i 		歸於伊		181		true	自旧档汇入	2026-04-13T01:27:08+08:00
dépendre	vn	Ètre au pouvoir de qqn.	取决于,依存于,依…而定	zai’ wou koh gnen		在乎各人		181		true	自旧档汇入	2026-04-13T01:27:08+08:00
dépendre	vn	Votre vie ne dépend pas de vous	你的生死不取决于你	’si wéh véh yeû nong’		死活勿由儂		181		true	自旧档汇入	2026-04-13T01:27:08+08:00
dépendre	vn	La délibération dépend des hommes	谋事在人	meû ze’ zai’ zen		謀事在人		181		true	自旧档汇入	2026-04-13T01:27:08+08:00
dépendre	vn	la réalisation ,, du ciel	成事在天	zeng ze’ zai’ t‘ié		成事在天		181		true	自旧档汇入	2026-04-13T01:27:08+08:00
dépens	sm. pl.		花费	h‘ouo fi’		花費		181		true	自旧档汇入	2026-04-13T01:27:08+08:00
dépens	sm. pl.		花费	k‘ai fi’		開費		181		true	自旧档汇入	2026-04-13T01:27:08+08:00
dépens	sm. pl.	À ses - 	由他承担	dong dié i lai		銅錢伊來		181		true	自旧档汇入	2026-04-13T01:27:08+08:00
dépens	sm. pl.	À ses - 	由他承担	i k‘ieh k‘iu		伊吃虧		181		true	自旧档汇入	2026-04-13T01:27:08+08:00
dépens	sm. pl.	Chercher son avantage aux - d'autrui	以牺牲他人为代价谋求自己的优势	’sen zen li’ ’ki		損人利己		181		true	自旧档汇入	2026-04-13T01:27:08+08:00
dépense	sm. pl.		开支，费用，支出	fi’ yong’		費用		181		true	自旧档汇入	2026-04-13T01:27:08+08:00
dépense	sm. pl.		开支，费用，支出	yong’ deû		用頭		181		true	自旧档汇入	2026-04-13T01:27:08+08:00
dépense	sm. pl.		开支，费用，支出	yong’ fi’		用費		181		true	自旧档汇入	2026-04-13T01:27:08+08:00
dépense	sm. pl.	- pr nourriture	饭钱，伙食费	vè’ dié		飯錢		181		true	自旧档汇入	2026-04-13T01:27:08+08:00
dépense	sm. pl.	- pr voiture	车费	ts‘ouo dié		車錢		181		true	自旧档汇入	2026-04-13T01:27:08+08:00
dépense	sm. pl.	- d'un fonctionnaire		hang’ ’koé	haong’ ’k‘oé	項款		181	待定	true	自旧档汇入	2026-04-13T01:27:08+08:00
dépense	sm. pl.	Dépôt des provisions	食品贮藏室	ts‘aong waong		倉房		181		true	自旧档汇入	2026-04-13T01:27:08+08:00
dépense	sm. pl.	Dépôt des provisions	食品贮藏室	’zè waong		棧房		181		true	自旧档汇入	2026-04-13T01:27:08+08:00
dépenser	va	de l'argent	花钱	yong’ dong dié		用銅錢		181		true	自旧档汇入	2026-04-13T01:27:08+08:00
dépenser	va	de l'argent	花钱	fi’ dong dié		費銅錢		181		true	自旧档汇入	2026-04-13T01:27:08+08:00
dépenser	va	de l'argent	花钱	fi’ yong’ gnen zié		費用銀錢		181		true	自旧档汇入	2026-04-13T01:27:08+08:00
dépenser	va	- des forces	花费力气	fi’ ze’		費事		181		true	自旧档汇入	2026-04-13T01:27:08+08:00
dépenser	va	- des forces	花费力气	fi’ lih		費力		181		true	自旧档汇入	2026-04-13T01:27:08+08:00
dépenser	va	- des forces	花费力气	lao lih		勞力		181		true	自旧档汇入	2026-04-13T01:27:08+08:00
dépenser	va	- du temps	花费时间	fi’ kong fou		費工夫		181		true	自旧档汇入	2026-04-13T01:27:08+08:00
dépenser	vr	Se - pour qqn. 	为某人出力，费心	fi’ sin		費心		181		true	自旧档汇入	2026-04-13T01:27:08+08:00
dépenser	vr	Se - pour qqn. 	为某人出力，费心	ts‘éh lih		出力		181		true	自旧档汇入	2026-04-13T01:27:08+08:00
dépenser	vr	Se - pour qqn. 	为某人出力，费心	ih fè sin hieuh		一番心血		181		true	自旧档汇入	2026-04-13T01:27:08+08:00
dépensier	adj	Prodigue	爱花钱的，乱花钱的	laong’ fi’		浪費		181		true	自旧档汇入	2026-04-13T01:27:08+08:00
dépensier	adj	Prodigue	爱花钱的，乱花钱的	’liao p‘ei		了㚰	？？	181	待定	true	自旧档汇入	2026-04-13T01:27:08+08:00
dépérir	vn		衰弱；萎蔫	sé ba’		衰敗		181	特殊	true	自旧档汇入	2026-04-13T01:27:08+08:00
dépérir	vn		衰弱；萎蔫	sé		衰		181		true	自旧档汇入	2026-04-13T01:27:08+08:00
dépêtrer		(Se)	使摆脱，解救	t‘euh  sen		脱身		181		true	自旧档汇入	2026-04-13T01:27:08+08:00
dépeupler	va	Exterminer	使人口减少，使荒无人烟	’ts‘iao miéh		剿滅		181		true	自旧档汇入	2026-04-13T01:27:08+08:00
dépister	va	Trouver la piste	发现足迹；发现踪迹；发现线索	tsao’ tse kiah tsieh yen’ ’lao tsu		照之脚迹印咾追		181		true	自旧档汇入	2026-04-13T01:27:08+08:00
dépister	va	La faire perdre	失去踪迹	méh tsieh		没迹		181		true	自旧档汇入	2026-04-13T01:27:08+08:00
dépister	va. Fig.	Fig.intrigues	发现他的阴谋	p‘ou’ i ke’ kié ki’		破伊个奸計		181	待定	true	自旧档汇入	2026-04-13T01:27:08+08:00
dépit	sm	Avoir du -	气恼，恼恨，怨恨	k‘i’		氣		182		true	自旧档汇入	2026-04-13T01:27:08+08:00
dépit	sm	Avoir du -	气恼，恼恨，怨恨	’tou k‘i’		賭氣		182		true	自旧档汇入	2026-04-13T01:27:08+08:00
dépit	sm	En - de vous, il faut...	不管你怎么样，都必须…	nong’ ’k‘eng véh ’k‘eng ’tsong yao’...		儂肯勿肯總要…		182		true	自旧档汇入	2026-04-13T01:27:08+08:00
dépit	sm	En - du bon sens	不近情理	kieuh wou ’ts‘e ’li		决無此理		182		true	自旧档汇入	2026-04-13T01:27:08+08:00
déplacée	adj	(Parole)	不得体的（话）	fi ’li ke’ seh wo’		非理个説話		182		true	自旧档汇入	2026-04-13T01:27:08+08:00
déplacer	va	des objets	移动，挪动，搬动-东西	pé méh ze’		搬物事		182		true	自旧档汇入	2026-04-13T01:27:08+08:00
déplacer	va	des objets	移动，挪动，搬动-东西	pé (wé’) di’ faong		搬（换）地方		182		true	自旧档汇入	2026-04-13T01:27:08+08:00
déplacer	va	- des mandarins	调换-官员	diao’		調		182		true	自旧档汇入	2026-04-13T01:27:08+08:00
déplacer	va	- des mandarins	调换-官员	diao’ wé’		調换		182		true	自旧档汇入	2026-04-13T01:27:08+08:00
déplaire	vn	[Personne]	不讨人喜欢，惹人讨厌的（人）	’za gnen yé’		惹人厭		182		true	自旧档汇入	2026-04-13T01:27:08+08:00
déplaire	vn	#NAME?	不讨人喜欢，惹人讨厌的（事物）	m méh zing ts‘u’		無末情趣	嘸末情趣	182		true	自旧档汇入	2026-04-13T01:27:08+08:00
déplaire	vn	#NAME?	不讨人喜欢，惹人讨厌的（事物）	véh tei’ lou’		勿對路		182		true	自旧档汇入	2026-04-13T01:27:08+08:00
déplaisir	sm	Éprouver du -	感到-不愉快	véh ’hi hoé	véh ’hi h‘oé	勿喜歡		182		true	自旧档汇入	2026-04-13T01:27:08+08:00
déplaisir	sm	Éprouver du -	感到-不愉快	véh ts‘eng’ sin		勿稱心		182		true	自旧档汇入	2026-04-13T01:27:08+08:00
déplanter	va		拔，挖	bèh		拔		182		true	自旧档汇入	2026-04-13T01:27:08+08:00
déplanter	va		拔，挖	bèh ’k‘i lai		拔起來		182		true	自旧档汇入	2026-04-13T01:27:08+08:00
déplanter	va		拔，挖	wèh ’k‘i lai		挖起來		182		true	自旧档汇入	2026-04-13T01:27:08+08:00
déplanter	va		拔，挖	ghieuh ’k‘i lai		掘起來		182		true	自旧档汇入	2026-04-13T01:27:08+08:00
déplier	va		打开，展开	’pa k‘ai		擺開		182		true	自旧档汇入	2026-04-13T01:27:08+08:00
déplier	va		打开，展开	’tang k‘ai lai		打開來		182		true	自旧档汇入	2026-04-13T01:27:08+08:00
déplier	va		打开，展开	tsoh (féh) k‘ai lai	tsoh (fèh) k‘ai lai	作（發）開來		182		true	自旧档汇入	2026-04-13T01:27:08+08:00
déplisser	va		弄平皱纹；消除折痕	faong’ k‘ai		放開		182		true	自旧档汇入	2026-04-13T01:27:08+08:00
déplisser	va		弄平皱纹；消除折痕	t‘è k‘ai		攤開		182		true	自旧档汇入	2026-04-13T01:27:08+08:00
déplorable	adj		不幸的，令人惋惜的	saong sin		傷心		182		true	自旧档汇入	2026-04-13T01:27:08+08:00
déplorable	adj		可悲的，可叹的	’k‘o t‘è’ ke’		可嘆个		182		true	自旧档汇入	2026-04-13T01:27:08+08:00
déplorable	adj		可悲的，可叹的	’k‘o sieh ke’		可惜个		182		true	自旧档汇入	2026-04-13T01:27:08+08:00
déplorer	va	S'affliger	为…感到悲痛	nè kou’		難過		182		true	自旧档汇入	2026-04-13T01:27:08+08:00
déplorer	va	S'affliger	为…感到悲痛	yeû zeû		憂愁		182		true	自旧档汇入	2026-04-13T01:27:08+08:00
déplorer	va	Se repentir	可惜，惋惜，为…感到遗憾	heû’ hoei’(foei’)	heû’ h‘oei’(foei’)	後悔		182		true	自旧档汇入	2026-04-13T01:27:08+08:00
déplorer	va	Se repentir	可惜，惋惜，为…感到遗憾	’ao hoei’(foei’)	ao’ h‘oei’(foei’)	懊悔		182		true	自旧档汇入	2026-04-13T01:27:08+08:00
déployer	va	Étendre	展开，摊开，铺开	’pa k‘ai		擺開		182		true	自旧档汇入	2026-04-13T01:27:08+08:00
déployer	va	Étendre	展开，摊开，铺开	sen k‘ai		伸開		182		true	自旧档汇入	2026-04-13T01:27:08+08:00
déployer	va	Montrer. [- son habileté]	显示-他的技能	fèh hié’ ts‘éh lai	fèh ’hié ts‘éh lai	發顯出來		182	待定，本字典多作上聲	true	自旧档汇入	2026-04-13T01:27:08+08:00
déployer	va	Montrer. [- son habileté]	显示-他的技能	zeng ts‘éh lai		呈出來		182		true	自旧档汇入	2026-04-13T01:27:08+08:00
déployer	va	- ses forces	出力	ts‘éh lih		出力		182		true	自旧档汇入	2026-04-13T01:27:08+08:00
déployer	va	- ses forces	出力	zah lih		着力		182		true	自旧档汇入	2026-04-13T01:27:08+08:00
déplumer	va		拔羽毛，褪毛	bèh mao		拔毛		182		true	自旧档汇入	2026-04-13T01:27:08+08:00
déplumer	va		拔羽毛，褪毛	’sié mao		㧥毛	？毛	182	待定	true	自旧档汇入	2026-04-13T01:27:08+08:00
déplumer	va		拔羽毛，褪毛	k‘i’ t‘éh mao		去脱毛		182		true	自旧档汇入	2026-04-13T01:27:08+08:00
déplumer	va	Se -	羽毛脱落；脱发	t‘euh mao		脱毛		182		true	自旧档汇入	2026-04-13T01:27:08+08:00
déporter	va	#NAME?	放逐，流放-某人	vèh i ts‘ong kiun		罰伊充軍		182		true	自旧档汇入	2026-04-13T01:27:08+08:00
déposer	va		放下，放置	faong’		放		182		true	自旧档汇入	2026-04-13T01:27:08+08:00
déposer	va		放下，放置	koh		擱		182		true	自旧档汇入	2026-04-13T01:27:08+08:00
déposer	va		放下，放置	faong’ ’hao lai		放下來		182		true	自旧档汇入	2026-04-13T01:27:08+08:00
déposer	va		放下，放置	koh ’la di’ laong	koh ’la di’ laong’	擱拉地上		182		true	自旧档汇入	2026-04-13T01:27:08+08:00
déposer	va	Mettre en dépôt	寄存，存放	t‘oh		托		182		true	自旧档汇入	2026-04-13T01:27:08+08:00
déposer	va	- de l'argent	寄存，存放-钱	ki’ (t‘oh) gnen ’tse		寄（托）銀子		182	待定	true	自旧档汇入	2026-04-13T01:27:08+08:00
déposer	va	- un mandarin	废黜，罢免-官员	kah koé		革官		182		true	自旧档汇入	2026-04-13T01:27:08+08:00
déposer	va	- une charge	放弃-职务	ze koé		辭官		182		true	自旧档汇入	2026-04-13T01:27:08+08:00
déposer	va	- une charge	放弃-职务	sia’ zen’		卸任		182		true	自旧档汇入	2026-04-13T01:27:08+08:00
déposer	vn	Témoigner en justice	立证，作证；在法庭作证	tsou’ kié’ tseng’		做見證		182		true	自旧档汇入	2026-04-13T01:27:08+08:00
déposer	vn	La lie se dépose	沉积出，沉淀出	kiah ting ’hao k‘i		脚汀下去	脚？下去	182		true	自旧档汇入	2026-04-13T01:27:08+08:00
dépositarie	sm		受托人，保管人	zeû’ t‘oh ke’		受托个		182		true	自旧档汇入	2026-04-13T01:27:08+08:00
déposition	sf	(Faire une) juridique	作证	pao’ koé		報官		182		true	自旧档汇入	2026-04-13T01:27:08+08:00
déposition	sf	(Faire une) juridique	作证	tsou’ kié’ tseng’		做見證		182		true	自旧档汇入	2026-04-13T01:27:08+08:00
déposséder	va		剥夺	tsé’ pouo’		占霸		182		true	自旧档汇入	2026-04-13T01:27:08+08:00
déposséder	va		剥夺	kiéh liah		劫掠		182		true	自旧档汇入	2026-04-13T01:27:08+08:00
dépôt	sm	Chose confiée	寄存物，保管物	ki’ ’la ke’ méh ze’		寄拉个物事		182		true	自旧档汇入	2026-04-13T01:27:08+08:00
dépôt	sm	Chambre à -	寄存室	k‘ou’ waong		庫房		182		true	自旧档汇入	2026-04-13T01:27:08+08:00
dépôt	sm	Grenier	仓库；粮仓	ts‘aong kè		倉間		182		true	自旧档汇入	2026-04-13T01:27:08+08:00
dépôt	sm	Godown	货仓，货栈	’zè waong		棧房		182		true	自旧档汇入	2026-04-13T01:27:08+08:00
dépôt	sm	- de mendicité	收留乞丐的地方；收容所	kieû’ bin yeû	kieû’ bin yeû’	救貧院		182		true	自旧档汇入	2026-04-13T01:27:08+08:00
dépôt	sm	Lie	沉淀物，渣	kiah		脚		183		true	自旧档汇入	2026-04-13T01:27:08+08:00
dépôt	sm	Sédiment	沉淀，沉淀物	wou gni		河泥		183		true	自旧档汇入	2026-04-13T01:27:08+08:00
dépôt	sm	Pus	脓	nong		膿		183		true	自旧档汇入	2026-04-13T01:27:08+08:00
dépoter	va	(un liquide)	给（液体）换容器	tao’ ts‘éh lai		倒出來		183		true	自旧档汇入	2026-04-13T01:27:08+08:00
dépoter	va	(un liquide)	给（液体）换容器	k‘ieng t‘éh		傾脱		183		true	自旧档汇入	2026-04-13T01:27:08+08:00
dépouille	sf	mortelle	遗体，遗骸	’si se		死屍		183		true	自旧档汇入	2026-04-13T01:27:08+08:00
dépouille	sf	mortelle	遗体，遗骸	se ’seû		屍首		183		true	自旧档汇入	2026-04-13T01:27:08+08:00
dépouille	sf	Peau d'animal	剥下的动物皮	bi		皮		183		true	自旧档汇入	2026-04-13T01:27:08+08:00
dépouille	sf	Ce dont on s'empare	战利品；掠夺物	ts‘iang ke’ méh ze’	’ts‘iang ke’ méh ze’	搶个物事		183		true	自旧档汇入	2026-04-13T01:27:08+08:00
dépouiller	va	un animal	剥动物皮	pôh bi		剥皮		183		true	自旧档汇入	2026-04-13T01:27:08+08:00
dépouiller	va	Enlever de force	掠夺；抢劫	’ts‘iang		搶		183		true	自旧档汇入	2026-04-13T01:27:08+08:00
dépouiller	va	Enlever de force	掠夺；抢劫	’ts‘iang deuh		搶奪		183		true	自旧档汇入	2026-04-13T01:27:08+08:00
dépouiller	va	Examiner [des registres]	分析；审查（登记簿）	zouo zouo		查查		183		true	自旧档汇入	2026-04-13T01:27:08+08:00
dépouiller	va	Se -   Se dévêtir	去除，去掉，脱去	t‘euh i zaong 		脱衣裳		183		true	自旧档汇入	2026-04-13T01:27:08+08:00
dépouiller	va	Se - de ses plumes	去除，去掉，脱去	t‘euh mao		脱毛		183		true	自旧档汇入	2026-04-13T01:27:08+08:00
dépouiller	va	Se -. Se priver de	放弃；抛掉	’souo t‘éh		捨脱		183		true	自旧档汇入	2026-04-13T01:27:08+08:00
dépourvu	adj	de tout	一无所有	ghiong ’k‘ou		窮苦		183		true	自旧档汇入	2026-04-13T01:27:08+08:00
dépourvu	adj	de tout	一无所有	’liang zieû’ ’li ts‘ing fong 		兩袖裏清風		183		true	自旧档汇入	2026-04-13T01:27:08+08:00
dépourvu	adj	Au -. Inopinément	意外地，突然地	’ngeû zé		偶然		183		true	自旧档汇入	2026-04-13T01:27:08+08:00
dépourvu	adj	Au -. Inopinément	意外地，突然地	foéh zé		忽然		183		true	自旧档汇入	2026-04-13T01:27:08+08:00
dépravé	adj		道德败坏的，堕落的	sin wa’ ’la ’tsé		心壞拉者		183		true	自旧档汇入	2026-04-13T01:27:08+08:00
dépraver	va		败坏；使堕落	wa’ gnen sin		壞人心		183		true	自旧档汇入	2026-04-13T01:27:08+08:00
déprécier	va	une marchandise	降低价值；使跌价；使贬值	’kou ghiang		估强		183		true	自旧档汇入	2026-04-13T01:27:08+08:00
déprécier	va	une marchandise	降低价值；使跌价；使贬值	’kou lai t‘eh bié’ gni		估來忒便宜		183		true	自旧档汇入	2026-04-13T01:27:08+08:00
déprécier	va	#NAME?	贬低，贬损，诋毁	k‘eu’ k‘ieng		看輕		183		true	自旧档汇入	2026-04-13T01:27:08+08:00
déprimer	va	#NAME?	贬低，贬损，诋毁	èh èh i		壓壓伊		183		true	自旧档汇入	2026-04-13T01:27:08+08:00
depuis	prép	#NAME?	自…以来，从…以后	zong		從		183		true	自旧档汇入	2026-04-13T01:27:08+08:00
depuis	prép	#NAME?	自…以来，从…以后	ze’ zong		自從		183		true	自旧档汇入	2026-04-13T01:27:08+08:00
depuis	prép	#NAME?	已有很久，很久以来；很久	’kieû ’i		久已		183		true	自旧档汇入	2026-04-13T01:27:08+08:00
depuis	prép	#NAME?	已有很久，很久以来；很久	zang ’yeu		長遠		183		true	自旧档汇入	2026-04-13T01:27:08+08:00
depuis	prép	- tel jour jusqu'à tel jour	从某天到某天	zong ’meû gnéh ’k‘i tse’ ’meû gnéh ding		從某日起至某日停		183		true	自旧档汇入	2026-04-13T01:27:08+08:00
députer	va	qqn	派遣-某人	’tang fèh gnen		打發人		183		true	自旧档汇入	2026-04-13T01:27:08+08:00
députer	va	qqn	派遣-某人	ts‘a gnen k‘i’		差人去		183		true	自旧档汇入	2026-04-13T01:27:08+08:00
déraciner	va		连根拔出	bèh t‘éh ken		拔脱根		183		true	自旧档汇入	2026-04-13T01:27:08+08:00
déraciner	va		连根拔出	lié ken bèh ’k‘i		連根拔起		183		true	自旧档汇入	2026-04-13T01:27:08+08:00
déraciner	va. Fig.	- un vice	铲除恶习	’kai kou’		改過		183		true	自旧档汇入	2026-04-13T01:27:08+08:00
déraciner	va. Fig.	- un vice	铲除恶习	zu ken		除根		183		true	自旧档汇入	2026-04-13T01:27:08+08:00
déraisonnable	adj		不合理的；无理性的，不理智的	wou dou		糊塗		183		true	自旧档汇入	2026-04-13T01:27:08+08:00
déraisonnable	adj		不合理的；无理性的，不理智的	véh ’tong dao’ ’li		勿懂道理		183		true	自旧档汇入	2026-04-13T01:27:08+08:00
déraisonnable	adj	Chose -	不合理的-事	véh tsao’ zing ’li ke’		勿照情理个		183		true	自旧档汇入	2026-04-13T01:27:08+08:00
déraisonner	vn	Divaguer	胡说八道；胡言乱语	wou wo’		胡話		183		true	自旧档汇入	2026-04-13T01:27:08+08:00
déraisonner	vn	Divaguer	胡说八道；胡言乱语	leu’ seh		亂説		183		true	自旧档汇入	2026-04-13T01:27:08+08:00
déraisonner	vn	Divaguer	胡说八道；胡言乱语	hèh wo’	h‘èh wo’	瞎話		183		true	自旧档汇入	2026-04-13T01:27:08+08:00
déranger	va	Déplacer	移动，挪动，搬动；移位	pé		搬		183		true	自旧档汇入	2026-04-13T01:27:08+08:00
déranger	va	Déplacer	移动，挪动，搬动；移位	wé’ di’ faong		换地方		183		true	自旧档汇入	2026-04-13T01:27:08+08:00
déranger	va	Mette en désordre	弄乱，搞乱	long’ leu’ ’tsé		弄亂者		183		true	自旧档汇入	2026-04-13T01:27:08+08:00
déranger	va	Mette en désordre	弄乱，搞乱	waong ih ke’ zu ih ke’	wang ih ke’ ’zu ih ke’	横一个竪一个		183		true	自旧档汇入	2026-04-13T01:27:08+08:00
déranger	va	- qqn de ses occupations	打扰，麻烦	’taong t‘éh i kong fou		擋脱伊工夫		183		true	自旧档汇入	2026-04-13T01:27:08+08:00
déranger	va	- qqn de ses occupations	打扰，麻烦	fi’ sin		費心		183		true	自旧档汇入	2026-04-13T01:27:08+08:00
déranger	va	- qqn de ses occupations	打扰，麻烦	vè lao		煩勞		183		true	自旧档汇入	2026-04-13T01:27:08+08:00
déranger	va	- qqn de ses occupations	打扰，麻烦	kieng dong		驚動		183		true	自旧档汇入	2026-04-13T01:27:08+08:00
déranger	va	- qqn de ses devoir	勾引，引坏（让人玩忽职守）	keû ’yen biéh gnen		勾引别人		183		true	自旧档汇入	2026-04-13T01:27:08+08:00
déranger	va	- qqn de ses devoir	勾引，引坏（让人玩忽职守）	’yen yeû’ biéh gnen		引誘别人				true	自旧档汇入	2026-04-13T01:27:08+08:00
déranger	va	L'horloge est dérangée	时钟被拨乱	tsong véh tei’ ’tsé		鐘勿對者		183		true	自旧档汇入	2026-04-13T01:27:08+08:00
déranger	vr	Se - pr laisser passer qqn. 	让路使人通过	k‘ai dao’		開道		183		true	自旧档汇入	2026-04-13T01:27:08+08:00
déranger	va	Se - pr laisser passer	让路使人通过	gnang lou’	gnang’ lou’	讓路		183		true	自旧档汇入	2026-04-13T01:27:08+08:00
déranger	va	Se - pr laisser passer	让路使人通过	’sè ih ’sè		閃一閃		183	待定	true	自旧档汇入	2026-04-13T01:27:08+08:00
déranger	va	Ne vous dérangez pas	您别麻烦了。您忙您的事吧。	’tse bou’		止步		184		true	自旧档汇入	2026-04-13T01:27:08+08:00
déranger	va	Ne vous dérangez pas	您别麻烦了。您忙您的事吧。	lieû bou’		留步		184		true	自旧档汇入	2026-04-13T01:27:08+08:00
déranger	va	Se - [au moral]		faong’ se’		放肆		184		true	自旧档汇入	2026-04-13T01:27:08+08:00
derechef	adv		重新，再次	tsai’		再		184		true	自旧档汇入	2026-04-13T01:27:08+08:00
derechef	adv		重新，再次	zong sin		重新		184		true	自旧档汇入	2026-04-13T01:27:08+08:00
déréglé	adj		不规则的，失常的，错乱的	m méh koei ’kiu ke’		無末規矩个	嘸末規矩个	184		true	自旧档汇入	2026-04-13T01:27:08+08:00
déréglé	adj	Excessif	过度的，无节制的	kou’ ven’		過分		184		true	自旧档汇入	2026-04-13T01:27:08+08:00
déréglé	adj	Excessif	过度的，无节制的	t‘ai’ dou’		太大		184		true	自旧档汇入	2026-04-13T01:27:08+08:00
déréglé	adj	Excessif	过度的，无节制的	t‘ai’ tou		太多		184		true	自旧档汇入	2026-04-13T01:27:08+08:00
dérider	vr	(Se)	快活，露出笑脸	siao’ mei daong daong	siao’ mi daong daong	笑眉蕩蕩		184	待定	true	自旧档汇入	2026-04-13T01:27:08+08:00
dérider	vr	(Se)	快活，露出笑脸	’ka men’		解悶		184		true	自旧档汇入	2026-04-13T01:27:08+08:00
dérision	sf	(Tourner en)	嘲笑，嘲弄，嘲讽	ki siao’		譏笑		184		true	自旧档汇入	2026-04-13T01:27:08+08:00
dérive	sf	(Aller à la)	漂移，漂流（失去控制，不知所措）	ts‘ong ’hao k‘i’ 		衝下去		184		true	自旧档汇入	2026-04-13T01:27:08+08:00
dérive	sf	(Aller à la)	漂移，漂流（失去控制，不知所措）	lieû (t‘eng) ’hao k‘i’		流（氽）下去		184	待定	true	自旧档汇入	2026-04-13T01:27:08+08:00
dériver	vn	Provenir de	来自，由…得出，由…产生	lai		來		184		true	自旧档汇入	2026-04-13T01:27:08+08:00
dériver	vn	Provenir de	来自，由…得出，由…产生	ts‘éh lai		出來		184		true	自旧档汇入	2026-04-13T01:27:08+08:00
dernier	adj		最后的，最末的	méh méh kiah ke’		末末脚个		184		true	自旧档汇入	2026-04-13T01:27:08+08:00
dernier	adj	Avant -	倒数第二，倒数第二的	méh (kiah) di’ gni’		末（脚）第二		184		true	自旧档汇入	2026-04-13T01:27:08+08:00
dernier	adj	Précédent. Le mois -	先于，在…之前。上一月	zaong’ ih gneuh		上一月		184		true	自旧档汇入	2026-04-13T01:27:08+08:00
dernier	adj	Précédent. La fois -e	先于，在…之前。上一次	zaong’ ih ts‘e’		上一次		184		true	自旧档汇入	2026-04-13T01:27:08+08:00
dernier	adj	Précédent. La fois -e	先于，在…之前。上一次	zaong’ ih wei		上一回		184		true	自旧档汇入	2026-04-13T01:27:08+08:00
dernier	adj	Précédent. L'année -e	先于，在…之前。去年	k‘iu’ (zaong’) gné		去（上）年		184		true	自旧档汇入	2026-04-13T01:27:08+08:00
dernier	adj	Précédent. L'année -e	先于，在…之前。去年	ghieû’ gné		舊年		184		true	自旧档汇入	2026-04-13T01:27:08+08:00
dernier	adj	Récent: les -s évènements	最近的，最新的	sin ghien’ ke’ ze’ ’t‘i 		新近个事體		184		true	自旧档汇入	2026-04-13T01:27:08+08:00
dernier	adj	Extrême: la -e misère	极度的	ghiong ghieh		窮極		184		true	自旧档汇入	2026-04-13T01:27:08+08:00
dernièrement	adv		最近，近来	sin ghien’		新近		184		true	自旧档汇入	2026-04-13T01:27:08+08:00
dernièrement	adv		最近，近来	ghien’ lai		近來		184		true	自旧档汇入	2026-04-13T01:27:08+08:00
dernier-né	sm		最小的孩子	’na méh deû gni ’tse		奶末頭兒子		184	原作“奶末頭倪子”	true	自旧档汇入	2026-04-13T01:27:08+08:00
dernier-né	sm		最小的孩子	’siao gni ’tse		小兒子		184	原作“小倪子”	true	自旧档汇入	2026-04-13T01:27:08+08:00
dérobé	adj		偷来的，窃取的	t‘eû ’la ke’		偷拉个		184		true	自旧档汇入	2026-04-13T01:27:08+08:00
dérobée	loc. adv.	(À la)	偷偷地，私下地	t‘eû bé’ ’tse		偷伴子	？	184	待定	true	自旧档汇入	2026-04-13T01:27:08+08:00
dérobée	loc. adv.	(À la)	偷偷地，私下地	é’ ’ti ’li deû		暗底裏頭		184		true	自旧档汇入	2026-04-13T01:27:08+08:00
dérober	va	Voler	偷，偷窃	t‘eû		偷		184		true	自旧档汇入	2026-04-13T01:27:08+08:00
dérober	va	Voler	偷，偷窃	t‘eû dao’		偷盗		184		true	自旧档汇入	2026-04-13T01:27:08+08:00
dérober	va	- aux regards	遮住，挡住-视线	tsouo ’kai		遮盖		184	保留簡體	true	自旧档汇入	2026-04-13T01:27:08+08:00
dérober	va	- aux regards	遮住，挡住-视线	tsouo mé		遮瞞		184		true	自旧档汇入	2026-04-13T01:27:08+08:00
dérober	va	- aux regards	遮住，挡住-视线	mé		瞞		184		true	自旧档汇入	2026-04-13T01:27:08+08:00
dérober	va	- aux regards	遮住，挡住-视线	k‘aong’		抗	囥	184		true	自旧档汇入	2026-04-13T01:27:08+08:00
dérober	va	Se - aux pour suites de la justice	逃避审判	dao ’vè		逃犯		184		true	自旧档汇入	2026-04-13T01:27:08+08:00
dérober	va	Se - aux pour suites de la justice	逃避审判	dao eu’		逃案		184		true	自旧档汇入	2026-04-13T01:27:08+08:00
déroger	vn	- à la loi	违背-法律	véh tsao’ lih fèh		勿照律法		184		true	自旧档汇入	2026-04-13T01:27:08+08:00
déroger	vn	S'avilir	降低，损害（身分、体面等）	t‘è zang mié’		坍場面		184		true	自旧档汇入	2026-04-13T01:27:08+08:00
déroger	vn	S'avilir	降低，损害（身分、体面等）	k‘ieng zié ze’ ka	k‘ieng zié’ ze’ ka	輕賤自家		184		true	自旧档汇入	2026-04-13T01:27:08+08:00
déroger	vn	S'avilir	降低，损害（身分、体面等）	séh sen ven’		失身份		184		true	自旧档汇入	2026-04-13T01:27:08+08:00
dérouiller	va	en essuyant	擦拭-除锈	ts‘èh sieû’ pè		擦銹斑		184		true	自旧档汇入	2026-04-13T01:27:08+08:00
dérouiller	va	en essuyant	擦拭-除锈	ts‘èh liang’		擦亮		184		true	自旧档汇入	2026-04-13T01:27:08+08:00
dérouiller	va	- en frottant	摩擦-除锈	mô sieû’ pè		磨銹斑		184		true	自旧档汇入	2026-04-13T01:27:08+08:00
dérouiller	va	- en frottant	摩擦-除锈	mô liang’		磨亮		184		true	自旧档汇入	2026-04-13T01:27:08+08:00
dérouler	va	du fil	放开，打开-线	sié’ faong’ k‘ai lai		綫放開來		184		true	自旧档汇入	2026-04-13T01:27:08+08:00
dérouler	va	- une image	展示-图像	faong’ k‘ai ziang’ lai k‘eu’ k‘eu’		放開像來看看		184		true	自旧档汇入	2026-04-13T01:27:08+08:00
déroute	sf	(Mette en)	（使）溃败，溃逃	nao tieh gnen (zen) sèh t‘ei’ ’tsé	nao dieh gnen (zen) sèh t‘ei’ ’tsé	拿敵人殺退者		184		true	自旧档汇入	2026-04-13T01:27:08+08:00
dérouter	va	#NAME?	使离开正路，使迷失方向	kiao’ gnen ’tseû ts‘ouo lou’		叫人走差路		184		true	自旧档汇入	2026-04-13T01:27:08+08:00
dérouter	va. Fig.	 Faire perdre le fil conducteur	使失去踪迹，使失去线索：	kiao’ gnen moh véh zah deû zu’		叫人摸勿着頭緒		184		true	自旧档汇入	2026-04-13T01:27:08+08:00
derrière	sm		在…的后面，在…的背后	heû’ deû		後頭		184		true	自旧档汇入	2026-04-13T01:27:08+08:00
derrière	sm		在…的后面，在…的背后	heû’ pié		後邊		184		true	自旧档汇入	2026-04-13T01:27:08+08:00
derrière	sm	- d'un objet	在…的后面，在…的背后	heû’ mié’		後面		185		true	自旧档汇入	2026-04-13T01:27:08+08:00
derrière	sm	- d'un objet	在…的后面，在…的背后	pei’ heû’ deû		背後頭		185		true	自旧档汇入	2026-04-13T01:27:08+08:00
derrière	sm	Le postérieur	臀部	p‘i’ ’kou		屁股		185		true	自旧档汇入	2026-04-13T01:27:08+08:00
derrière	adv et prép		在后面，在背后	’la heû’ deû		拉後頭		185		true	自旧档汇入	2026-04-13T01:27:08+08:00
derrière	adv et prép		在后面，在背后	’la heû’ mié’		拉後面		185		true	自旧档汇入	2026-04-13T01:27:08+08:00
derrière	adv et prép	Devant et - 	在前面和后面	zié heû’		前後		185		true	自旧档汇入	2026-04-13T01:27:08+08:00
derrière	adv et prép	Porte de -	后门	heû’ men		後門		185		true	自旧档汇入	2026-04-13T01:27:08+08:00
derrière	adv et prép	Injurier qqn par -	在背后侮辱人	pei’ heû’ ’ti mô’ gnen		背後底駡人		185		true	自旧档汇入	2026-04-13T01:27:08+08:00
dès	Prép		从…起	zong		從		185		true	自旧档汇入	2026-04-13T01:27:08+08:00
dès	Prép	#NAME?	从明天起	ming tsao k‘i’ deû	ming tsao ’k‘i deû	明早起頭		185	待定	true	自旧档汇入	2026-04-13T01:27:08+08:00
dès	Prép	- lors: s'il en est ainsi	从那时起:如果是这样的话	ki’ zé ze’ di’ ke’ yang’ ’tse		既然是第个樣子		185		true	自旧档汇入	2026-04-13T01:27:08+08:00
dès	Prép	- que le maître arrive...	先生一到	sié sang ih lai		先生一來		185		true	自旧档汇入	2026-04-13T01:27:08+08:00
dèsabuser	va		使醒悟，使觉悟	di ’sing gnen		提醒人		185		true	自旧档汇入	2026-04-13T01:27:08+08:00
dèsabuser	vr	Se -	醒悟，觉悟	’hoei ngou’ (’sing ngou’) ’tsé lai	’h‘oei ngou’ (’sing ngou’) ’tsé lai	悔悟（醒悟）轉來		185		true	自旧档汇入	2026-04-13T01:27:08+08:00
dèsaccord	sm	Manque de conformité	不一致，不协调，矛盾	véh tei’		勿對		185		true	自旧档汇入	2026-04-13T01:27:08+08:00
dèsaccord	sm	Manque de conformité	不一致，不协调，矛盾	véh héh seh		勿合式		185		true	自旧档汇入	2026-04-13T01:27:08+08:00
dèsaccord	sm	,, d'harmonie. Voix en.	（音乐）不协和，走音；声音-不协和	véh zéh (wou) k‘iang diao		勿入（和）腔調		185		true	自旧档汇入	2026-04-13T01:27:08+08:00
dèsaccord	sm	Désunion	不和，意见分歧	véh wou moh		勿和睦		185		true	自旧档汇入	2026-04-13T01:27:08+08:00
dèsaccord	sm	Désunion	不和，意见分歧	véh tei’ kieng’		勿對勁		185		true	自旧档汇入	2026-04-13T01:27:08+08:00
désaccoutumer	vr	(Se)	失去习惯，改掉习惯，戒除	ka’		戒		185		true	自旧档汇入	2026-04-13T01:27:08+08:00
désaccoutumer	vr	- de l'opium	戒除-鸦片烟	ka’ yé		戒烟		185		true	自旧档汇入	2026-04-13T01:27:08+08:00
désaccoutumer	vr	- de l'opium	戒除-鸦片烟	ka’ gné deû		戒癮頭	戒念頭	185		true	自旧档汇入	2026-04-13T01:27:08+08:00
désaccoutumer	vr	- du jeu	戒除-赌博	ka’ ’tou		戒賭		185		true	自旧档汇入	2026-04-13T01:27:08+08:00
désaffectionné	pp		（对人或物）不再喜欢，失去好感，疏远，不满	sin ’ga ’tsé		心解者	心懈者	185	聲調	true	自旧档汇入	2026-04-13T01:27:08+08:00
désagréable	adj	[Personne]	不客气的，不和蔼的	’t‘ao yé’		討厭		185		true	自旧档汇入	2026-04-13T01:27:08+08:00
désagréable	adj	[Personne]	不客气的，不和蔼的	’za gnen yé’		惹人厭		185		true	自旧档汇入	2026-04-13T01:27:08+08:00
désagréable	adj	Chose -	令人不愉快的，令人讨厌的	hao wou ts‘u’ wi’		毫無趣味		185		true	自旧档汇入	2026-04-13T01:27:08+08:00
désagrément	sm		不快，烦恼，麻烦	véh zen’ (ts‘eng’) sin ke’ ze’ ’t‘i		勿順（稱）心个事體		185		true	自旧档汇入	2026-04-13T01:27:08+08:00
désagrément	sm	Avoir du -	求得不快	’t‘ao ih ke’ m ts‘u’		討一个無趣	討一个嘸趣	185		true	自旧档汇入	2026-04-13T01:27:08+08:00
désaltéré	pp	Ètre.	使解渴	véh keuh ’tsé		勿渴者		185		true	自旧档汇入	2026-04-13T01:27:08+08:00
désaltérer	vr	Se -	解渴	’ka keuh	’ka k‘euh	解渴		185		true	自旧档汇入	2026-04-13T01:27:08+08:00
désappointant	adj		令人失望	t‘è hieng’		坍興		185		true	自旧档汇入	2026-04-13T01:27:08+08:00
désappointé	pp		失望	bah bah ’li p‘è’ maong’		白白裏盼望		185	原作“白白裏盻望”	true	自旧档汇入	2026-04-13T01:27:08+08:00
désapprendre	va		忘记，不再会（已学得的技能等）	maong’ ki’		忘記者	忘記	185	按照羅馬字改造	true	自旧档汇入	2026-04-13T01:27:08+08:00
