where,word,mean,pinYin,pinYinSearch,Pronunciation
浦东·川沙,排(排),[空],ba2(bᴀ²¹³),ba2,暂无
浦东·川沙,牌(牌),[空],ba2(bᴀ²¹³),ba2,暂无
浦东·川沙,罢(罷),[空],ba2(bᴀ²¹³),ba2,暂无
浦东·川沙,败(敗),[空],ba6(bᴀ¹³),ba6,暂无
浦东·川沙,稗(稗),[空],ba6(bᴀ¹³),ba6,暂无
浦东·川沙,叭(叭),喇~,pa1(ɓᴀ⁵³),pa1,暂无
浦东·川沙,爸(爸),[空],pa1(ɓᴀ⁵³),pa1,暂无
浦东·川沙,摆(擺),[空],pa3(ɓᴀ⁴⁴),pa3,暂无
浦东·川沙,拜(拜),[空],pa5(ɓᴀ³⁵),pa5,暂无
浦东·川沙,汏(汏),洗,da2(dᴀ²¹³),da2,暂无
浦东·川沙,□(□),事体~到明朝作，拖延,da2(dᴀ²¹³),da2,暂无
浦东·川沙,□(□),格~，竹器,da4(dᴀ²¹³),da4,暂无
浦东·川沙,埭(埭),[空],da6(dᴀ¹³),da6,暂无
浦东·川沙,大(大),[空],da6(dᴀ¹³),da6,暂无
浦东·川沙,多(多),~年,ta1(ɗᴀ⁵³),ta1,暂无
浦东·川沙,带(帶),[空],ta5(ɗᴀ³⁵),ta5,暂无
浦东·川沙,戴(戴),白,ta5(ɗᴀ³⁵),ta5,暂无
浦东·川沙,澥(澥),粥~脱,ga2(ɡᴀ²¹³),ga2,暂无
浦东·川沙,懈(懈),做事体~,ga2(ɡᴀ²¹³),ga2,暂无
浦东·川沙,茄(茄),白,ga2(ɡᴀ²¹³),ga2,暂无
浦东·川沙,□(□),~进来，挤进,ga2(ɡᴀ²¹³),ga2,暂无
浦东·川沙,骱(骱),关节,ga6(ɡᴀ¹³),ga6,暂无
浦东·川沙,哈(哈),~气,ha1(hᴀ⁵³),ha1,暂无
浦东·川沙,蟹(蟹),[空],ha3(hᴀ⁴⁴),ha3,暂无
浦东·川沙,也(也),白,gha2(ɦᴀ²¹³),gha2,暂无
浦东·川沙,鞋(鞋),[空],gha2(ɦᴀ²¹³),gha2,暂无
浦东·川沙,加(加),白,ka1(kᴀ⁵³),ka1,暂无
浦东·川沙,嘉(嘉),白,ka1(kᴀ⁵³),ka1,暂无
浦东·川沙,家(家),白,ka1(kᴀ⁵³),ka1,暂无
浦东·川沙,痂(痂),白,ka1(kᴀ⁵³),ka1,暂无
浦东·川沙,街(街),[空],ka1(kᴀ⁵³),ka1,暂无
浦东·川沙,阶(階),白,ka1(kᴀ⁵³),ka1,暂无
浦东·川沙,假(假),真~。白,ka3(kᴀ⁴⁴),ka3,暂无
浦东·川沙,解(解),~开，~木头，~匠，锯开,ka3(kᴀ⁴⁴),ka3,暂无
浦东·川沙,贾(賈),姓,ka3(kᴀ⁴⁴),ka3,暂无
浦东·川沙,假(假),放~。白,ka5(kᴀ³⁵),ka5,暂无
浦东·川沙,价(價),白,ka5(kᴀ³⁵),ka5,暂无
浦东·川沙,嫁(嫁),白,ka5(kᴀ³⁵),ka5,暂无
浦东·川沙,尬(尬),[空],ka5(kᴀ³⁵),ka5,暂无
浦东·川沙,届(屆),白,ka5(kᴀ³⁵),ka5,暂无
浦东·川沙,戒(戒),白,ka5(kᴀ³⁵),ka5,暂无
浦东·川沙,架(架),白,ka5(kᴀ³⁵),ka5,暂无
浦东·川沙,界(界),白,ka5(kᴀ³⁵),ka5,暂无
浦东·川沙,稼(稼),白,ka5(kᴀ³⁵),ka5,暂无
浦东·川沙,芥(芥),[空],ka5(kᴀ³⁵),ka5,暂无
浦东·川沙,疥(疥),[空],ka5(kᴀ³⁵),ka5,暂无
浦东·川沙,卡(卡),~车,kha1(kʰᴀ⁵³),kha1,暂无
浦东·川沙,揩(揩),[空],kha1(kʰᴀ⁵³),kha1,暂无
浦东·川沙,楷(楷),[空],kha3(kʰᴀ⁴⁴),kha3,暂无
浦东·川沙,卡(卡),~子，关卡,kha5(kʰᴀ³⁵),kha5,暂无
浦东·川沙,拉(拉),[空],la1(lᴀ⁵³),la1,暂无
浦东·川沙,喇(喇),~叭,la2(lᴀ²¹³),la2,暂无
浦东·川沙,垃(垃),~圾,la2(lᴀ²¹³),la2,暂无
浦东·川沙,癞(癞),[空],la6(lᴀ¹³),la6,暂无
浦东·川沙,赖(賴),[空],la6(lᴀ¹³),la6,暂无
浦东·川沙,埋(埋),[空],ma1(mᴀ⁵³),ma1,暂无
浦东·川沙,妈(媽),阿~,ma1(mᴀ⁵³),ma1,暂无
浦东·川沙,买(買),[空],ma2(mᴀ²¹³),ma2,暂无
浦东·川沙,卖(賣),[空],ma6(mᴀ¹³),ma6,暂无
浦东·川沙,哪(哪),[空],na1(nᴀ⁵³),na1,暂无
浦东·川沙,那(那),[空],na1(nᴀ⁵³),na1,暂无
浦东·川沙,哪(哪),~能，怎样,na2(nᴀ²¹³),na2,暂无
浦东·川沙,奶(奶),[空],na2(nᴀ²¹³),na2,暂无
浦东·川沙,艿(艿),毛芋~,na2(nᴀ²¹³),na2,暂无
浦东·川沙,㑚(㑚),你们,na6(nᴀ¹³),na6,暂无
浦东·川沙,吶(吶),唢~,na6(nᴀ¹³),na6,暂无
浦东·川沙,捱(捱),~辰光,nga1(ŋᴀ⁵³),nga1,暂无
浦东·川沙,砑(砑),~光,nga1(ŋᴀ⁵³),nga1,暂无
浦东·川沙,捱(捱),~辰光,nga2(ŋᴀ²¹³),nga2,暂无
浦东·川沙,牙(牙),[空],nga2(ŋᴀ²¹³),nga2,暂无
浦东·川沙,芽(芽),[空],nga2(ŋᴀ²¹³),nga2,暂无
浦东·川沙,衙(衙),[空],nga2(ŋᴀ²¹³),nga2,暂无
浦东·川沙,□(□),~骨,nga2(ŋᴀ²¹³),nga2,暂无
浦东·川沙,外(外),[空],nga6(ŋᴀ¹³),nga6,暂无
浦东·川沙,歪(歪),[空],fa1(ɸᴀ⁵³),fa1,暂无
浦东·川沙,派(派),~司,pha1(pʰᴀ⁵³),pha1,暂无
浦东·川沙,派(派),[空],pha5(pʰᴀ³⁵),pha5,暂无
浦东·川沙,三(三),~五个,sa1(sᴀ⁵³),sa1,暂无
浦东·川沙,筛(篩),[空],sa1(sᴀ⁵³),sa1,暂无
浦东·川沙,酾(釃),~酒，~水，倒，斟,sa1(sᴀ⁵³),sa1,暂无
浦东·川沙,□(□),~木头，锯开,sa1(sᴀ⁵³),sa1,暂无
浦东·川沙,洒(灑),[空],sa3(sᴀ⁴⁴),sa3,暂无
浦东·川沙,啥(啥),什么,sa5(sᴀ³⁵),sa5,暂无
浦东·川沙,他(他),[空],tha1(tʰᴀ⁵³),tha1,暂无
浦东·川沙,她(她),[空],tha1(tʰᴀ⁵³),tha1,暂无
浦东·川沙,它(它),[空],tha1(tʰᴀ⁵³),tha1,暂无
浦东·川沙,拖(拖),~鼻涕,tha1(tʰᴀ⁵³),tha1,暂无
浦东·川沙,太(太),白,tha5(tʰᴀ³⁵),tha5,暂无
浦东·川沙,泰(泰),[空],tha5(tʰᴀ³⁵),tha5,暂无
浦东·川沙,抓(抓),[空],tsa1(tsᴀ⁵³),tsa1,暂无
浦东·川沙,斋(齋),[空],tsa1(tsᴀ⁵³),tsa1,暂无
浦东·川沙,□(□),ɕiᴀ~⁵⁵-²¹聪明，能干,tsa1(tsᴀ⁵³),tsa1,暂无
浦东·川沙,债(債),[空],tsa5(tsᴀ³⁵),tsa5,暂无
浦东·川沙,笊(笊),~篱,tsa5(tsᴀ³⁵),tsa5,暂无
浦东·川沙,差(差),出~,tsha1(tsʰᴀ⁵³),tsha1,暂无
浦东·川沙,扯(扯),~旗，~二胡,tsha1(tsʰᴀ⁵³),tsha1,暂无
浦东·川沙,钗(釵),[空],tsha1(tsʰᴀ⁵³),tsha1,暂无
浦东·川沙,□(□),台子~开，~点铜钿来，挪,tsha1(tsʰᴀ⁵³),tsha1,暂无
浦东·川沙,扯(扯),~破,tsha3(tsʰᴀ⁴⁴),tsha3,暂无
浦东·川沙,□(□),~匀，搞平均，补偿,tsha3(tsʰᴀ⁴⁴),tsha3,暂无
浦东·川沙,蔡(蔡),[空],tsha5(tsʰᴀ³⁵),tsha5,暂无
浦东·川沙,柴(柴),[空],za2(zᴀ²¹³),za2,暂无
浦东·川沙,豺(豺),[空],za2(zᴀ²¹³),za2,暂无
浦东·川沙,惹(惹),[空],za2(zᴀ²¹³),za2,暂无
浦东·川沙,□(□),pʰi⁴⁴咾~，站不稳,za2(zᴀ²¹³),za2,暂无
浦东·川沙,□(□),肚皮~，泻，拉（大便）,za4(zᴀ²¹³),za4,暂无
浦东·川沙,寨(寨),~门,za6(zᴀ¹³),za6,暂无
浦东·川沙,娃(娃),[空],ua1(βᴀ⁵³),ua1,暂无
浦东·川沙,怀(懷),白,va2(βᴀ²¹³),va2,暂无
浦东·川沙,槐(槐),[空],va2(βᴀ²¹³),va2,暂无
浦东·川沙,淮(淮),[空],va2(βᴀ²¹³),va2,暂无
浦东·川沙,坏(壞),[空],va6(βᴀ¹³),va6,暂无
浦东·川沙,唉(唉),~声叹气。白,a1(ᴀ⁵³),a1,暂无
浦东·川沙,挨(挨),~次序,a1(ᴀ⁵³),a1,暂无
浦东·川沙,阿(阿),~姨,a1(ᴀ⁵³),a1,暂无
浦东·川沙,矮(矮),[空],a3(ᴀ⁴⁴),a3,暂无
浦东·川沙,彭(彭),[空],ban2(bã²¹³),ban2,暂无
浦东·川沙,朋(朋),[空],ban2(bã²¹³),ban2,暂无
浦东·川沙,棚(棚),[空],ban2(bã²¹³),ban2,暂无
浦东·川沙,膨(膨),[空],ban2(bã²¹³),ban2,暂无
浦东·川沙,膨(膨),[空],ban2(bã²¹³),ban2,暂无
浦东·川沙,蟛(蟛),[空],ban2(bã²¹³),ban2,暂无
浦东·川沙,鹏(鵬),[空],ban2(bã²¹³),ban2,暂无
浦东·川沙,蚌(蚌),[空],ban2(bã²¹³),ban2,暂无
浦东·川沙,甏(甏),[空],ban6(bã¹³),ban6,暂无
浦东·川沙,碰(碰),[空],ban6(bã¹³),ban6,暂无
浦东·川沙,□(□),~门，不讲理，又说“猛门”,ban6(bã¹³),ban6,暂无
浦东·川沙,浜(浜),[空],pan1(ɓã⁵³),pan1,暂无
浦东·川沙,绷(繃),[空],pan1(ɓã⁵³),pan1,暂无
浦东·川沙,迸(迸),~开来,pan5(ɓã³⁵),pan5,暂无
浦东·川沙,□(□),~拉，悬挂着,dan6(dã¹³),dan6,暂无
浦东·川沙,打(打),[空],tan3(ɗã⁴⁴),tan3,暂无
浦东·川沙,□(□),~过去，挤，擦,gan2(ɡã²¹³),gan2,暂无
浦东·川沙,亨(亨),大~。白,han1(hã⁵³),han1,暂无
浦东·川沙,夯(夯),[空],han1(hã⁵³),han1,暂无
浦东·川沙,桁(桁),~条,ghan2(ɦã²¹³),ghan2,暂无
浦东·川沙,行(行),~勿通,ghan2(ɦã²¹³),ghan2,暂无
浦东·川沙,杏(杏),[空],ghan2(ɦã²¹³),ghan2,暂无
浦东·川沙,庚(庚),[空],kan1(kã⁵³),kan1,暂无
浦东·川沙,更(更),打~。白,kan1(kã⁵³),kan1,暂无
浦东·川沙,粳(粳),[空],kan1(kã⁵³),kan1,暂无
浦东·川沙,羹(羹),[空],kan1(kã⁵³),kan1,暂无
浦东·川沙,哽(哽),[空],kan3(kã⁴⁴),kan3,暂无
浦东·川沙,梗(梗),[空],kan3(kã⁴⁴),kan3,暂无
浦东·川沙,耿(耿),姓。白,kan3(kã⁴⁴),kan3,暂无
浦东·川沙,鲠(鯁),[空],kan3(kã⁴⁴),kan3,暂无
浦东·川沙,坑(坑),~缸，粪缸,khan1(kʰã⁵³),khan1,暂无
浦东·川沙,冷(冷),[空],lan2(lã²¹³),lan2,暂无
浦东·川沙,猫(貓),白,man1(mã⁵³),man1,暂无
浦东·川沙,虻(虻),~蝇,man2(mã²¹³),man2,暂无
浦东·川沙,猛(猛),[空],man2(mã²¹³),man2,暂无
浦东·川沙,稝(稝),稠密,man2(mã²¹³),man2,暂无
浦东·川沙,孟(孟),[空],man6(mã¹³),man6,暂无
浦东·川沙,硬(硬),[空],ngan2(ŋã²¹³),ngan2,暂无
浦东·川沙,乓(乓),[空],phan1(pʰã⁵³),phan1,暂无
浦东·川沙,□(□),~雨，潲雨,phan1(pʰã⁵³),phan1,暂无
浦东·川沙,□(□),~点酒，加（料酒）,phan1(pʰã⁵³),phan1,暂无
浦东·川沙,碰(碰),~得拢头；~台子，拍,phan5(pʰã³⁵),phan5,暂无
浦东·川沙,牲(牲),白,san1(sã⁵³),san1,暂无
浦东·川沙,生(生),白,san1(sã⁵³),san1,暂无
浦东·川沙,甥(甥),白,san1(sã⁵³),san1,暂无
浦东·川沙,笙(笙),白,san1(sã⁵³),san1,暂无
浦东·川沙,声(聲),白,san1(sã⁵³),san1,暂无
浦东·川沙,省(省),[空],san3(sã⁴⁴),san3,暂无
浦东·川沙,□(□),~~渧，湿貌,than1(tʰã⁵³),than1,暂无
浦东·川沙,张(張),[空],tsan1(tsã⁵³),tsan1,暂无
浦东·川沙,争(爭),白,tsan1(tsã⁵³),tsan1,暂无
浦东·川沙,瘴(瘴),[空],tsan1(tsã⁵³),tsan1,暂无
浦东·川沙,睁(睜),白,tsan1(tsã⁵³),tsan1,暂无
浦东·川沙,章(章),[空],tsan1(tsã⁵³),tsan1,暂无
浦东·川沙,障(障),[空],tsan1(tsã⁵³),tsan1,暂无
浦东·川沙,掌(掌),[空],tsan3(tsã⁴⁴),tsan3,暂无
浦东·川沙,涨(漲),[空],tsan3(tsã⁴⁴),tsan3,暂无
浦东·川沙,长(長),生~,tsan3(tsã⁴⁴),tsan3,暂无
浦东·川沙,仗(仗),打~,tsan5(tsã³⁵),tsan5,暂无
浦东·川沙,帐(帳),[空],tsan5(tsã³⁵),tsan5,暂无
浦东·川沙,胀(脹),[空],tsan5(tsã³⁵),tsan5,暂无
浦东·川沙,账(賬),[空],tsan5(tsã³⁵),tsan5,暂无
浦东·川沙,撑(撐),~船,tshan1(tsʰã⁵³),tshan1,暂无
浦东·川沙,昌(昌),[空],tshan1(tsʰã⁵³),tshan1,暂无
浦东·川沙,厂(廠),[空],tshan5(tsʰã³⁵),tshan5,暂无
浦东·川沙,撑(撐),~起来,tshan5(tsʰã³⁵),tshan5,暂无
浦东·川沙,畅(暢),[空],tshan5(tsʰã³⁵),tshan5,暂无
浦东·川沙,牚(牚),打~，名词,tshan5(tsʰã³⁵),tshan5,暂无
浦东·川沙,场(場),[空],zan2(zã²¹³),zan2,暂无
浦东·川沙,始(始),[空],zan2(zã²¹³),zan2,暂无
浦东·川沙,常(常),[空],zan2(zã²¹³),zan2,暂无
浦东·川沙,肠(腸),[空],zan2(zã²¹³),zan2,暂无
浦东·川沙,长(長),~短,zan2(zã²¹³),zan2,暂无
浦东·川沙,丈(丈),[空],zan2(zã²¹³),zan2,暂无
浦东·川沙,仗(仗),~势,zan2(zã²¹³),zan2,暂无
浦东·川沙,壤(壤),[空],zan2(zã²¹³),zan2,暂无
浦东·川沙,杖(杖),[空],zan2(zã²¹³),zan2,暂无
浦东·川沙,剩(剩),白,zan6(zã¹³),zan6,暂无
浦东·川沙,盛(盛),姓,zan6(zã¹³),zan6,暂无
浦东·川沙,让(讓),[空],zan6(zã¹³),zan6,暂无
浦东·川沙,锃(鋥),~亮,zan6(zã¹³),zan6,暂无
浦东·川沙,䂻(䂻),~紧,zan6(zã¹³),zan6,暂无
浦东·川沙,横(橫),~理,uan1(βã⁵³),uan1,暂无
浦东·川沙,横(橫),[空],van2(βã²¹³),van2,暂无
浦东·川沙,□(□),镰刀,van2(βã²¹³),van2,暂无
浦东·川沙,樱(櫻),~桃。白,an1(ã⁵³),an1,暂无
浦东·川沙,鹦(鸚),~哥。白,an1(ã⁵³),an1,暂无
浦东·川沙,旁(旁),[空],baon2(bɑ̃²¹³),baon2,暂无
浦东·川沙,螃(螃),[空],baon2(bɑ̃²¹³),baon2,暂无
浦东·川沙,防(防),[空],baon2(bɑ̃²¹³),baon2,暂无
浦东·川沙,鳑(鰟),~皮郎，鱼,baon2(bɑ̃²¹³),baon2,暂无
浦东·川沙,庞(龐),[空],baon2(bɑ̃²¹³),baon2,暂无
浦东·川沙,棒(棒),[空],baon2(bɑ̃²¹³),baon2,暂无
浦东·川沙,傍(傍),[空],baon6(bɑ̃¹³),baon6,暂无
浦东·川沙,帮(幫),[空],paon1(ɓɑ̃⁵³),paon1,暂无
浦东·川沙,梆(梆),[空],paon1(ɓɑ̃⁵³),paon1,暂无
浦东·川沙,泵(泵),[空],paon1(ɓɑ̃⁵³),paon1,暂无
浦东·川沙,邦(邦),[空],paon1(ɓɑ̃⁵³),paon1,暂无
浦东·川沙,榜(榜),[空],paon3(ɓɑ̃⁴⁴),paon3,暂无
浦东·川沙,磅(磅),[空],paon3(ɓɑ̃⁴⁴),paon3,暂无
浦东·川沙,绑(綁),[空],paon3(ɓɑ̃⁴⁴),paon3,暂无
浦东·川沙,唐(唐),[空],daon2(dɑ̃²¹³),daon2,暂无
浦东·川沙,堂(堂),[空],daon2(dɑ̃²¹³),daon2,暂无
浦东·川沙,塘(塘),[空],daon2(dɑ̃²¹³),daon2,暂无
浦东·川沙,搪(搪),[空],daon2(dɑ̃²¹³),daon2,暂无
浦东·川沙,糖(糖),[空],daon2(dɑ̃²¹³),daon2,暂无
浦东·川沙,螳(螳),[空],daon2(dɑ̃²¹³),daon2,暂无
浦东·川沙,荡(蕩),[空],daon2(dɑ̃²¹³),daon2,暂无
浦东·川沙,宕(宕),[空],daon6(dɑ̃¹³),daon6,暂无
浦东·川沙,当(當),应~,taon1(ɗɑ̃⁵³),taon1,暂无
浦东·川沙,端(端),~午,taon1(ɗɑ̃⁵³),taon1,暂无
浦东·川沙,裆(襠),[空],taon1(ɗɑ̃⁵³),taon1,暂无
浦东·川沙,挡(擋),[空],taon3(ɗɑ̃⁴⁴),taon3,暂无
浦东·川沙,党(黨),[空],taon3(ɗɑ̃⁴⁴),taon3,暂无
浦东·川沙,挡(擋),~牢，扶,taon5(ɗɑ̃³⁵),taon5,暂无
浦东·川沙,当(當),典~,taon5(ɗɑ̃³⁵),taon5,暂无
浦东·川沙,戆(戇),傻,gaon2(ɡɑ̃²¹³),gaon2,暂无
浦东·川沙,□(□),气喘,haon1(hɑ̃⁵³),haon1,暂无
浦东·川沙,杭(杭),[空],ghaon2(ɦɑ̃²¹³),ghaon2,暂无
浦东·川沙,绗(絎),[空],ghaon2(ɦɑ̃²¹³),ghaon2,暂无
浦东·川沙,航(航),[空],ghaon2(ɦɑ̃²¹³),ghaon2,暂无
浦东·川沙,行(行),银~,ghaon2(ɦɑ̃²¹³),ghaon2,暂无
浦东·川沙,降(降),投~。白,ghaon2(ɦɑ̃²¹³),ghaon2,暂无
浦东·川沙,项(項),[空],ghaon2(ɦɑ̃²¹³),ghaon2,暂无
浦东·川沙,□(□),~一记，忍受,ghaon2(ɦɑ̃²¹³),ghaon2,暂无
浦东·川沙,巷(巷),[空],ghaon6(ɦɑ̃¹³),ghaon6,暂无
浦东·川沙,刚(剛),[空],kaon1(kɑ̃⁵³),kaon1,暂无
浦东·川沙,冈(岡),[空],kaon1(kɑ̃⁵³),kaon1,暂无
浦东·川沙,岗(崗),[空],kaon1(kɑ̃⁵³),kaon1,暂无
浦东·川沙,扛(扛),[空],kaon1(kɑ̃⁵³),kaon1,暂无
浦东·川沙,江(江),白,kaon1(kɑ̃⁵³),kaon1,暂无
浦东·川沙,纲(綱),[空],kaon1(kɑ̃⁵³),kaon1,暂无
浦东·川沙,缸(缸),[空],kaon1(kɑ̃⁵³),kaon1,暂无
浦东·川沙,豇(豇),[空],kaon1(kɑ̃⁵³),kaon1,暂无
浦东·川沙,钢(鋼),[空],kaon1(kɑ̃⁵³),kaon1,暂无
浦东·川沙,港(港),[空],kaon3(kɑ̃⁴⁴),kaon3,暂无
浦东·川沙,讲(講),白,kaon3(kɑ̃⁴⁴),kaon3,暂无
浦东·川沙,杠(杠),[空],kaon5(kɑ̃³⁵),kaon5,暂无
浦东·川沙,降(降),下~。白,kaon5(kɑ̃³⁵),kaon5,暂无
浦东·川沙,坑(坑),[空],khaon1(kʰɑ̃⁵³),khaon1,暂无
浦东·川沙,康(康),[空],khaon1(kʰɑ̃⁵³),khaon1,暂无
浦东·川沙,糠(糠),[空],khaon1(kʰɑ̃⁵³),khaon1,暂无
浦东·川沙,慷(慷),[空],khaon3(kʰɑ̃⁴⁴),khaon3,暂无
浦东·川沙,囥(囥),~起来，藏,khaon5(kʰɑ̃³⁵),khaon5,暂无
浦东·川沙,抗(抗),[空],khaon5(kʰɑ̃³⁵),khaon5,暂无
浦东·川沙,炕(炕),[空],khaon5(kʰɑ̃³⁵),khaon5,暂无
浦东·川沙,誏(誏),~声，指桑骂槐,laon1(lɑ̃⁵³),laon1,暂无
浦东·川沙,廊(廊),[空],laon2(lɑ̃²¹³),laon2,暂无
浦东·川沙,狼(狼),[空],laon2(lɑ̃²¹³),laon2,暂无
浦东·川沙,郎(郎),[空],laon2(lɑ̃²¹³),laon2,暂无
浦东·川沙,郎(郎),[空],laon2(lɑ̃²¹³),laon2,暂无
浦东·川沙,朗(朗),[空],laon2(lɑ̃²¹³),laon2,暂无
浦东·川沙,浪(浪),[空],laon6(lɑ̃¹³),laon6,暂无
浦东·川沙,㫰(㫰),~衣裳，晾,laon6(lɑ̃¹³),laon6,暂无
浦东·川沙,莽(莽),~撞,maon1(mɑ̃⁵³),maon1,暂无
浦东·川沙,亡(亡),~人。白,maon2(mɑ̃²¹³),maon2,暂无
浦东·川沙,忙(忙),[空],maon2(mɑ̃²¹³),maon2,暂无
浦东·川沙,盲(盲),[空],maon2(mɑ̃²¹³),maon2,暂无
浦东·川沙,芒(芒),[空],maon2(mɑ̃²¹³),maon2,暂无
浦东·川沙,茫(茫),[空],maon2(mɑ̃²¹³),maon2,暂无
浦东·川沙,网(網),[空],maon2(mɑ̃²¹³),maon2,暂无
浦东·川沙,莽(莽),[空],maon2(mɑ̃²¹³),maon2,暂无
浦东·川沙,蟒(蟒),[空],maon2(mɑ̃²¹³),maon2,暂无
浦东·川沙,梦(夢),[空],maon6(mɑ̃¹³),maon6,暂无
浦东·川沙,妄(妄),白,maon6(mɑ̃¹³),maon6,暂无
浦东·川沙,忘(忘),白,maon6(mɑ̃¹³),maon6,暂无
浦东·川沙,望(望),白,maon6(mɑ̃¹³),maon6,暂无
浦东·川沙,囊(囊),[空],naon2(nɑ̃²¹³),naon2,暂无
浦东·川沙,昂(昂),[空],ngaon2(ŋɑ̃²¹³),ngaon2,暂无
浦东·川沙,慌(慌),[空],faon1(ɸɑ̃⁵³),faon1,暂无
浦东·川沙,房(房),[空],faon1(ɸɑ̃⁵³),faon1,暂无
浦东·川沙,方(方),[空],faon1(ɸɑ̃⁵³),faon1,暂无
浦东·川沙,肪(肪),[空],faon1(ɸɑ̃⁵³),faon1,暂无
浦东·川沙,芳(芳),[空],faon1(ɸɑ̃⁵³),faon1,暂无
浦东·川沙,荒(荒),[空],faon1(ɸɑ̃⁵³),faon1,暂无
浦东·川沙,黄(黃),蛋~,faon1(ɸɑ̃⁵³),faon1,暂无
浦东·川沙,仿(仿),[空],faon3(ɸɑ̃⁴⁴),faon3,暂无
浦东·川沙,晃(晃),[空],faon3(ɸɑ̃⁴⁴),faon3,暂无
浦东·川沙,纺(紡),[空],faon3(ɸɑ̃⁴⁴),faon3,暂无
浦东·川沙,谎(謊),[空],faon3(ɸɑ̃⁴⁴),faon3,暂无
浦东·川沙,放(放),[空],faon5(ɸɑ̃³⁵),faon5,暂无
浦东·川沙,况(況),[空],faon5(ɸɑ̃³⁵),faon5,暂无
浦东·川沙,访(訪),[空],faon5(ɸɑ̃³⁵),faon5,暂无
浦东·川沙,髈(髈),腿【校】原文声调作阳平，显误，径改,phaon1(pʰɑ̃⁵³),phaon1,暂无
浦东·川沙,胖(胖),[空],phaon5(pʰɑ̃³⁵),phaon5,暂无
浦东·川沙,伤(傷),[空],saon1(sɑ̃⁵³),saon1,暂无
浦东·川沙,商(商),[空],saon1(sɑ̃⁵³),saon1,暂无
浦东·川沙,丧(喪),~事,saon1(sɑ̃⁵³),saon1,暂无
浦东·川沙,嗓(嗓),吊~子,saon1(sɑ̃⁵³),saon1,暂无
浦东·川沙,桑(桑),[空],saon1(sɑ̃⁵³),saon1,暂无
浦东·川沙,双(雙),[空],saon1(sɑ̃⁵³),saon1,暂无
浦东·川沙,爽(爽),[空],saon3(sɑ̃⁴⁴),saon3,暂无
浦东·川沙,赏(賞),[空],saon3(sɑ̃⁴⁴),saon3,暂无
浦东·川沙,丧(喪),~失,saon5(sɑ̃³⁵),saon5,暂无
浦东·川沙,汤(湯),[空],thaon1(tʰɑ̃⁵³),thaon1,暂无
浦东·川沙,□(□),~没亮光，遮掩，挡,thaon1(tʰɑ̃⁵³),thaon1,暂无
浦东·川沙,倘(倘),[空],thaon3(tʰɑ̃⁴⁴),thaon3,暂无
浦东·川沙,躺(躺),[空],thaon3(tʰɑ̃⁴⁴),thaon3,暂无
浦东·川沙,妆(妝),[空],tsaon1(tsɑ̃⁵³),tsaon1,暂无
浦东·川沙,桩(樁),[空],tsaon1(tsɑ̃⁵³),tsaon1,暂无
浦东·川沙,樟(樟),[空],tsaon1(tsɑ̃⁵³),tsaon1,暂无
浦东·川沙,庄(莊),[空],tsaon1(tsɑ̃⁵³),tsaon1,暂无
浦东·川沙,装(裝),[空],tsaon1(tsɑ̃⁵³),tsaon1,暂无
浦东·川沙,赃(贓),[空],tsaon1(tsɑ̃⁵³),tsaon1,暂无
浦东·川沙,脏(髒),肮~,tsaon1(tsɑ̃⁵³),tsaon1,暂无
浦东·川沙,壮(壯),[空],tsaon5(tsɑ̃³⁵),tsaon5,暂无
浦东·川沙,奘(奘),人~来，胖,tsaon5(tsɑ̃³⁵),tsaon5,暂无
浦东·川沙,葬(葬),[空],tsaon5(tsɑ̃³⁵),tsaon5,暂无
浦东·川沙,仓(倉),[空],tshaon1(tsʰɑ̃⁵³),tshaon1,暂无
浦东·川沙,疮(瘡),[空],tshaon1(tsʰɑ̃⁵³),tshaon1,暂无
浦东·川沙,窗(窗),[空],tshaon1(tsʰɑ̃⁵³),tshaon1,暂无
浦东·川沙,菖(菖),~蒲,tshaon1(tsʰɑ̃⁵³),tshaon1,暂无
浦东·川沙,苍(蒼),[空],tshaon1(tsʰɑ̃⁵³),tshaon1,暂无
浦东·川沙,闯(闖),[空],tshaon3(tsʰɑ̃⁴⁴),tshaon3,暂无
浦东·川沙,倡(倡),提~,tshaon5(tsʰɑ̃³⁵),tshaon5,暂无
浦东·川沙,创(創),[空],tshaon5(tsʰɑ̃³⁵),tshaon5,暂无
浦东·川沙,唱(唱),[空],tshaon5(tsʰɑ̃³⁵),tshaon5,暂无
浦东·川沙,偿(償),[空],zaon2(zɑ̃²¹³),zaon2,暂无
浦东·川沙,尝(嘗),[空],zaon2(zɑ̃²¹³),zaon2,暂无
浦东·川沙,藏(藏),隐~,zaon2(zɑ̃²¹³),zaon2,暂无
浦东·川沙,裳(裳),[空],zaon2(zɑ̃²¹³),zaon2,暂无
浦东·川沙,上(上),[空],zaon2(zɑ̃²¹³),zaon2,暂无
浦东·川沙,奘(奘),玄~,zaon6(zɑ̃¹³),zaon6,暂无
浦东·川沙,尚(尚),[空],zaon6(zɑ̃¹³),zaon6,暂无
浦东·川沙,幢(幢),[空],zaon6(zɑ̃¹³),zaon6,暂无
浦东·川沙,撞(撞),[空],zaon6(zɑ̃¹³),zaon6,暂无
浦东·川沙,状(狀),[空],zaon6(zɑ̃¹³),zaon6,暂无
浦东·川沙,藏(藏),西~,zaon6(zɑ̃¹³),zaon6,暂无
浦东·川沙,脏(臟),五~,zaon6(zɑ̃¹³),zaon6,暂无
浦东·川沙,□(□),性交,zaon6(zɑ̃¹³),zaon6,暂无
浦东·川沙,汪(汪),[空],uaon1(βɑ̃⁵³),uaon1,暂无
浦东·川沙,亡(亡),[空],vaon2(βɑ̃²¹³),vaon2,暂无
浦东·川沙,房(房),过~亲,vaon2(βɑ̃²¹³),vaon2,暂无
浦东·川沙,煌(煌),[空],vaon2(βɑ̃²¹³),vaon2,暂无
浦东·川沙,王(王),[空],vaon2(βɑ̃²¹³),vaon2,暂无
浦东·川沙,皇(皇),[空],vaon2(βɑ̃²¹³),vaon2,暂无
浦东·川沙,簧(簧),[空],vaon2(βɑ̃²¹³),vaon2,暂无
浦东·川沙,黄(黃),[空],vaon2(βɑ̃²¹³),vaon2,暂无
浦东·川沙,往(往),[空],uaon3(βɑ̃⁴⁴),uaon3,暂无
浦东·川沙,枉(枉),[空],uaon3(βɑ̃⁴⁴),uaon3,暂无
浦东·川沙,妄(妄),[空],vaon6(βɑ̃¹³),vaon6,暂无
浦东·川沙,忘(忘),[空],vaon6(βɑ̃¹³),vaon6,暂无
浦东·川沙,旺(旺),[空],vaon6(βɑ̃¹³),vaon6,暂无
浦东·川沙,晃(晃),走路~勒~，摇晃,vaon6(βɑ̃¹³),vaon6,暂无
浦东·川沙,望(望),[空],vaon6(βɑ̃¹³),vaon6,暂无
浦东·川沙,肮(骯),~脏,aon1(ɑ̃⁵³),aon1,暂无
浦东·川沙,□(□),~小人困，抱着哄拍,aon1(ɑ̃⁵³),aon1,暂无
浦东·川沙,拔(拔),[空],baeq8(bæʔ²³),baeq8,暂无
浦东·川沙,爿(爿),一~店,baeq8(bæʔ²³),baeq8,暂无
浦东·川沙,白(白),茭~,baeq8(bæʔ²³),baeq8,暂无
浦东·川沙,八(八),[空],paeq7(ɓæʔ⁵),paeq7,暂无
浦东·川沙,踏(踏),[空],daeq8(dæʔ²³),daeq8,暂无
浦东·川沙,达(達),[空],daeq8(dæʔ²³),daeq8,暂无
浦东·川沙,闼(闥),窗~，上为窗，下为~,daeq8(dæʔ²³),daeq8,暂无
浦东·川沙,搭(搭),[空],taeq7(ɗæʔ⁵),taeq7,暂无
浦东·川沙,答(答),[空],taeq7(ɗæʔ⁵),taeq7,暂无
浦东·川沙,褡(褡),~裢,taeq7(ɗæʔ⁵),taeq7,暂无
浦东·川沙,轧(軋),挤，压,gaeq8(ɡæʔ²³),gaeq8,暂无
浦东·川沙,呻(呻),[空],haeq7(hæʔ⁵),haeq7,暂无
浦东·川沙,喝(喝),~茶,haeq7(hæʔ⁵),haeq7,暂无
浦东·川沙,恰(恰),~好,haeq7(hæʔ⁵),haeq7,暂无
浦东·川沙,瞎(瞎),[空],haeq7(hæʔ⁵),haeq7,暂无
浦东·川沙,辖(轄),[空],haeq7(hæʔ⁵),haeq7,暂无
浦东·川沙,匣(匣),[空],ghaeq8(ɦæʔ²³),ghaeq8,暂无
浦东·川沙,峡(峽),[空],ghaeq8(ɦæʔ²³),ghaeq8,暂无
浦东·川沙,狭(狹),[空],ghaeq8(ɦæʔ²³),ghaeq8,暂无
浦东·川沙,盒(盒),[空],ghaeq8(ɦæʔ²³),ghaeq8,暂无
浦东·川沙,夹(夾),[空],kaeq7(kæʔ⁵),kaeq7,暂无
浦东·川沙,甲(甲),盔~,kaeq7(kæʔ⁵),kaeq7,暂无
浦东·川沙,恰(恰),~~，刚才,khaeq7(kʰæʔ⁵),khaeq7,暂无
浦东·川沙,掐(掐),~卦,khaeq7(kʰæʔ⁵),khaeq7,暂无
浦东·川沙,□(□),~牢住，压住,khaeq7(kʰæʔ⁵),khaeq7,暂无
浦东·川沙,栏(欄),栅~,laeq8(læʔ²³),laeq8,暂无
浦东·川沙,猎(獵),~狗,laeq8(læʔ²³),laeq8,暂无
浦东·川沙,瘌(瘌),[空],laeq8(læʔ²³),laeq8,暂无
浦东·川沙,腊(臘),[空],laeq8(læʔ²³),laeq8,暂无
浦东·川沙,蜡(蠟),[空],laeq8(læʔ²³),laeq8,暂无
浦东·川沙,辣(辣),[空],laeq8(læʔ²³),laeq8,暂无
浦东·川沙,邋(邋),[空],laeq8(læʔ²³),laeq8,暂无
浦东·川沙,□(□),~水，泼,laeq8(læʔ²³),laeq8,暂无
浦东·川沙,袜(襪),[空],maeq8(mæʔ²³),maeq8,暂无
浦东·川沙,捺(捺),[空],naeq8(næʔ²³),naeq8,暂无
浦东·川沙,齾(齾),~口，缺,ngaeq8(ŋæʔ²³),ngaeq8,暂无
浦东·川沙,法(法),[空],faeq7(ɸæʔ⁵),faeq7,暂无
浦东·川沙,发(發),[空],faeq7(ɸæʔ⁵),faeq7,暂无
浦东·川沙,豁(豁),[空],faeq7(ɸæʔ⁵),faeq7,暂无
浦东·川沙,杀(殺),[空],saeq7(sæʔ⁵),saeq7,暂无
浦东·川沙,煞(煞),开心~，~车,saeq7(sæʔ⁵),saeq7,暂无
浦东·川沙,眨(眨),[空],saeq7(sæʔ⁵),saeq7,暂无
浦东·川沙,萨(薩),[空],saeq7(sæʔ⁵),saeq7,暂无
浦东·川沙,□(□),~孵，母鸡抱窝,saeq7(sæʔ⁵),saeq7,暂无
浦东·川沙,塔(塔),[空],thaeq7(tʰæʔ⁵),thaeq7,暂无
浦东·川沙,搨(搨),~粉，搽，抹,thaeq7(tʰæʔ⁵),thaeq7,暂无
浦东·川沙,榻(榻),[空],thaeq7(tʰæʔ⁵),thaeq7,暂无
浦东·川沙,獭(獺),[空],thaeq7(tʰæʔ⁵),thaeq7,暂无
浦东·川沙,遢(遢),邋~,thaeq7(tʰæʔ⁵),thaeq7,暂无
浦东·川沙,咂(咂),~滋味，辨,tsaeq7(tsæʔ⁵),tsaeq7,暂无
浦东·川沙,札(札),[空],tsaeq7(tsæʔ⁵),tsaeq7,暂无
浦东·川沙,扎(紮),[空],tsaeq7(tsæʔ⁵),tsaeq7,暂无
浦东·川沙,察(察),[空],tshaeq7(tsʰæʔ⁵),tshaeq7,暂无
浦东·川沙,插(插),[空],tshaeq7(tsʰæʔ⁵),tshaeq7,暂无
浦东·川沙,擦(擦),[空],tshaeq7(tsʰæʔ⁵),tshaeq7,暂无
浦东·川沙,侧(側),[空],zaeq8(zæʔ²³),zaeq8,暂无
浦东·川沙,煠(煠),~~酥，久煮,zaeq8(zæʔ²³),zaeq8,暂无
浦东·川沙,闸(閘),[空],zaeq8(zæʔ²³),zaeq8,暂无
浦东·川沙,□(□),~出来，凸出,zaeq8(zæʔ²³),zaeq8,暂无
浦东·川沙,挖(挖),[空],uaeq7(βæʔ⁵),uaeq7,暂无
浦东·川沙,乏(乏),[空],vaeq8(βæʔ²³),vaeq8,暂无
浦东·川沙,伐(伐),[空],vaeq8(βæʔ²³),vaeq8,暂无
浦东·川沙,滑(滑),[空],vaeq8(βæʔ²³),vaeq8,暂无
浦东·川沙,猾(猾),[空],vaeq8(βæʔ²³),vaeq8,暂无
浦东·川沙,筏(筏),[空],vaeq8(βæʔ²³),vaeq8,暂无
浦东·川沙,罚(罰),[空],vaeq8(βæʔ²³),vaeq8,暂无
浦东·川沙,□(□),~水，泼,vaeq8(βæʔ²³),vaeq8,暂无
浦东·川沙,压(壓),[空],aeq7(æʔ⁵),aeq7,暂无
浦东·川沙,押(押),[空],aeq7(æʔ⁵),aeq7,暂无
浦东·川沙,阿(阿),~三,aeq7(æʔ⁵),aeq7,暂无
浦东·川沙,鸭(鴨),[空],aeq7(æʔ⁵),aeq7,暂无
浦东·川沙,白(白),[空],baq8(bᴀʔ²³),baq8,暂无
浦东·川沙,伯(伯),[空],paq7(ɓᴀʔ⁵),paq7,暂无
浦东·川沙,擘(擘),~开,paq7(ɓᴀʔ⁵),paq7,暂无
浦东·川沙,柏(柏),[空],paq7(ɓᴀʔ⁵),paq7,暂无
浦东·川沙,百(百),[空],paq7(ɓᴀʔ⁵),paq7,暂无
浦东·川沙,□(□),水~，水垢,paq7(ɓᴀʔ⁵),paq7,暂无
浦东·川沙,吓(嚇),[空],haq7(hᴀʔ⁵),haq7,暂无
浦东·川沙,格(格),[空],kaq7(kᴀʔ⁵),kaq7,暂无
浦东·川沙,隔(隔),[空],kaq7(kᴀʔ⁵),kaq7,暂无
浦东·川沙,□(□),~电台，~~准，校，旋,kaq7(kᴀʔ⁵),kaq7,暂无
浦东·川沙,客(客),[空],khaq7(kʰᴀʔ⁵),khaq7,暂无
浦东·川沙,脉(脈),[空],maq8(mᴀʔ²³),maq8,暂无
浦东·川沙,陌(陌),[空],maq8(mᴀʔ²³),maq8,暂无
浦东·川沙,麦(麥),[空],maq8(mᴀʔ²³),maq8,暂无
浦东·川沙,额(額),[空],ngaq8(ŋᴀʔ²³),ngaq8,暂无
浦东·川沙,□(□),~断，摇晃，推动,ngaq8(ŋᴀʔ²³),ngaq8,暂无
浦东·川沙,拍(拍),[空],phaq7(pʰᴀʔ⁵),phaq7,暂无
浦东·川沙,𤖼(𤖼),~开脚，分开,phaq7(pʰᴀʔ⁵),phaq7,暂无
浦东·川沙,□(□),~开脚，分开,phaq7(pʰᴀʔ⁵),phaq7,暂无
浦东·川沙,栅(柵),[空],saq7(sᴀʔ⁵),saq7,暂无
浦东·川沙,湿(濕),[空],saq7(sᴀʔ⁵),saq7,暂无
浦东·川沙,□(□),门~，~门，闩（不固定的）,saq7(sᴀʔ⁵),saq7,暂无
浦东·川沙,脱(脫),弄坏~，助词,thaq7(tʰᴀʔ⁵),thaq7,暂无
浦东·川沙,只(只),[空],tsaq7(tsᴀʔ⁵),tsaq7,暂无
浦东·川沙,摘(摘),[空],tsaq7(tsᴀʔ⁵),tsaq7,暂无
浦东·川沙,着(著),~衣裳,tsaq7(tsᴀʔ⁵),tsaq7,暂无
浦东·川沙,酌(酌),[空],tsaq7(tsᴀʔ⁵),tsaq7,暂无
浦东·川沙,□(□),~水，略洒,tsaq7(tsᴀʔ⁵),tsaq7,暂无
浦东·川沙,册(冊),[空],tshaq7(tsʰᴀʔ⁵),tshaq7,暂无
浦东·川沙,坼(坼),开~，裂开,tshaq7(tsʰᴀʔ⁵),tshaq7,暂无
浦东·川沙,尺(尺),[空],tshaq7(tsʰᴀʔ⁵),tshaq7,暂无
浦东·川沙,拆(拆),[空],tshaq7(tsʰᴀʔ⁵),tshaq7,暂无
浦东·川沙,焯(焯),肉~白水,tshaq7(tsʰᴀʔ⁵),tshaq7,暂无
浦东·川沙,策(策),[空],tshaq7(tsʰᴀʔ⁵),tshaq7,暂无
浦东·川沙,绰(綽),[空],tshaq7(tsʰᴀʔ⁵),tshaq7,暂无
浦东·川沙,赤(赤),~豆,tshaq7(tsʰᴀʔ⁵),tshaq7,暂无
浦东·川沙,□(□),~尿，~蛋，排泻，下,tshaq7(tsʰᴀʔ⁵),tshaq7,暂无
浦东·川沙,宅(宅),[空],zaq8(zᴀʔ²³),zaq8,暂无
浦东·川沙,弱(弱),[空],zaq8(zᴀʔ²³),zaq8,暂无
浦东·川沙,掷(擲),~骰子,zaq8(zᴀʔ²³),zaq8,暂无
浦东·川沙,石(石),[空],zaq8(zᴀʔ²³),zaq8,暂无
浦东·川沙,芍(芍),[空],zaq8(zᴀʔ²³),zaq8,暂无
浦东·川沙,若(若),[空],zaq8(zᴀʔ²³),zaq8,暂无
浦东·川沙,着(著),困~,zaq8(zᴀʔ²³),zaq8,暂无
浦东·川沙,踯(躑),~脚，跺,zaq8(zᴀʔ²³),zaq8,暂无
浦东·川沙,阿(阿),~哥,aq7(ᴀʔ⁵),aq7,暂无
浦东·川沙,袍(袍),[空],bau2(bɔ²¹³),bau2,暂无
浦东·川沙,跑(跑),[空],bau2(bɔ²¹³),bau2,暂无
浦东·川沙,抱(抱),[空],bau2(bɔ²¹³),bau2,暂无
浦东·川沙,鲍(鮑),[空],bau2(bɔ²¹³),bau2,暂无
浦东·川沙,刨(刨),[空],bau6(bɔ¹³),bau6,暂无
浦东·川沙,暴(暴),[空],bau6(bɔ¹³),bau6,暂无
浦东·川沙,爆(爆),~炸,bau6(bɔ¹³),bau6,暂无
浦东·川沙,包(包),[空],pau1(ɓɔ⁵³),pau1,暂无
浦东·川沙,胞(胞),[空],pau1(ɓɔ⁵³),pau1,暂无
浦东·川沙,保(保),[空],pau3(ɓɔ⁴⁴),pau3,暂无
浦东·川沙,堡(堡),[空],pau3(ɓɔ⁴⁴),pau3,暂无
浦东·川沙,宝(寶),[空],pau3(ɓɔ⁴⁴),pau3,暂无
浦东·川沙,饱(飽),[空],pau3(ɓɔ⁴⁴),pau3,暂无
浦东·川沙,报(報),[空],pau5(ɓɔ³⁵),pau5,暂无
浦东·川沙,爆(爆),~开来，迸裂,pau5(ɓɔ³⁵),pau5,暂无
浦东·川沙,豹(豹),[空],pau5(ɓɔ³⁵),pau5,暂无
浦东·川沙,□(□),~勿动，走,pau5(ɓɔ³⁵),pau5,暂无
浦东·川沙,桃(桃),[空],dau2(dɔ²¹³),dau2,暂无
浦东·川沙,淘(淘),[空],dau2(dɔ²¹³),dau2,暂无
浦东·川沙,涛(濤),[空],dau2(dɔ²¹³),dau2,暂无
浦东·川沙,萄(萄),[空],dau2(dɔ²¹³),dau2,暂无
浦东·川沙,逃(逃),[空],dau2(dɔ²¹³),dau2,暂无
浦东·川沙,陶(陶),[空],dau2(dɔ²¹³),dau2,暂无
浦东·川沙,稻(稻),[空],dau2(dɔ²¹³),dau2,暂无
浦东·川沙,道(道),[空],dau2(dɔ²¹³),dau2,暂无
浦东·川沙,导(導),[空],dau6(dɔ¹³),dau6,暂无
浦东·川沙,悼(悼),[空],dau6(dɔ¹³),dau6,暂无
浦东·川沙,盗(盜),[空],dau6(dɔ¹³),dau6,暂无
浦东·川沙,蹈(蹈),[空],dau6(dɔ¹³),dau6,暂无
浦东·川沙,□(□),~一~，搅拌,dau6(dɔ¹³),dau6,暂无
浦东·川沙,刀(刀),[空],tau1(ɗɔ⁵³),tau1,暂无
浦东·川沙,倒(倒),~过来,tau3(ɗɔ⁴⁴),tau3,暂无
浦东·川沙,岛(島),[空],tau3(ɗɔ⁴⁴),tau3,暂无
浦东·川沙,捣(搗),[空],tau3(ɗɔ⁴⁴),tau3,暂无
浦东·川沙,祷(禱),[空],tau3(ɗɔ⁴⁴),tau3,暂无
浦东·川沙,倒(倒),~水,tau5(ɗɔ³⁵),tau5,暂无
浦东·川沙,到(到),[空],tau5(ɗɔ³⁵),tau5,暂无
浦东·川沙,搞(搞),[空],gau2(ɡɔ²¹³),gau2,暂无
浦东·川沙,□(□),蟹~，螯,gau2(ɡɔ²¹³),gau2,暂无
浦东·川沙,蒿(蒿),[空],hau1(hɔ⁵³),hau1,暂无
浦东·川沙,□(□),咸肉~脱，变质，哈喇,hau1(hɔ⁵³),hau1,暂无
浦东·川沙,好(好),[空],hau3(hɔ⁴⁴),hau3,暂无
浦东·川沙,晓(曉),~得，知道,hau3(hɔ⁴⁴),hau3,暂无
浦东·川沙,孝(孝),戴~。白,hau5(hɔ³⁵),hau5,暂无
浦东·川沙,嚎(嚎),[空],ghau2(ɦɔ²¹³),ghau2,暂无
浦东·川沙,毫(毫),[空],ghau2(ɦɔ²¹³),ghau2,暂无
浦东·川沙,号(號),~叫,ghau2(ɦɔ²¹³),ghau2,暂无
浦东·川沙,豪(豪),[空],ghau2(ɦɔ²¹³),ghau2,暂无
浦东·川沙,下(下),[空],ghau2(ɦɔ²¹³),ghau2,暂无
浦东·川沙,夏(夏),[空],ghau2(ɦɔ²¹³),ghau2,暂无
浦东·川沙,厦(廈),[空],ghau2(ɦɔ²¹³),ghau2,暂无
浦东·川沙,浩(浩),[空],ghau2(ɦɔ²¹³),ghau2,暂无
浦东·川沙,□(□),~好份量，算准,ghau2(ɦɔ²¹³),ghau2,暂无
浦东·川沙,号(號),~数,ghau6(ɦɔ¹³),ghau6,暂无
浦东·川沙,交(交),白,kau1(kɔ⁵³),kau1,暂无
浦东·川沙,篙(篙),[空],kau1(kɔ⁵³),kau1,暂无
浦东·川沙,糕(糕),[空],kau1(kɔ⁵³),kau1,暂无
浦东·川沙,羔(羔),[空],kau1(kɔ⁵³),kau1,暂无
浦东·川沙,膏(膏),[空],kau1(kɔ⁵³),kau1,暂无
浦东·川沙,胶(膠),白,kau1(kɔ⁵³),kau1,暂无
浦东·川沙,茭(茭),~白,kau1(kɔ⁵³),kau1,暂无
浦东·川沙,跤(跤),[空],kau1(kɔ⁵³),kau1,暂无
浦东·川沙,铰(鉸),~链,kau1(kɔ⁵³),kau1,暂无
浦东·川沙,高(高),[空],kau1(kɔ⁵³),kau1,暂无
浦东·川沙,搅(攪),[空],kau3(kɔ⁴⁴),kau3,暂无
浦东·川沙,稿(稿),[空],kau3(kɔ⁴⁴),kau3,暂无
浦东·川沙,绞(絞),[空],kau3(kɔ⁴⁴),kau3,暂无
浦东·川沙,告(告),[空],kau5(kɔ³⁵),kau5,暂无
浦东·川沙,教(教),白,kau5(kɔ³⁵),kau5,暂无
浦东·川沙,校(校),~准。白,kau5(kɔ³⁵),kau5,暂无
浦东·川沙,窖(窖),白,kau5(kɔ³⁵),kau5,暂无
浦东·川沙,觉(覺),困~，睡觉。白,kau5(kɔ³⁵),kau5,暂无
浦东·川沙,酵(酵),白,kau5(kɔ³⁵),kau5,暂无
浦东·川沙,□(□),~头，肥料,kau5(kɔ³⁵),kau5,暂无
浦东·川沙,敲(敲),白,khau1(kʰɔ⁵³),khau1,暂无
浦东·川沙,烤(烤),[空],khau1(kʰɔ⁵³),khau1,暂无
浦东·川沙,考(考),[空],khau3(kʰɔ⁴⁴),khau3,暂无
浦东·川沙,拷(拷),~酒，打酒,khau5(kʰɔ³⁵),khau5,暂无
浦东·川沙,靠(靠),[空],khau5(kʰɔ³⁵),khau5,暂无
浦东·川沙,捞(撈),[空],lau1(lɔ⁵³),lau1,暂无
浦东·川沙,劳(勞),[空],lau2(lɔ²¹³),lau2,暂无
浦东·川沙,牢(牢),[空],lau2(lɔ²¹³),lau2,暂无
浦东·川沙,痨(癆),[空],lau2(lɔ²¹³),lau2,暂无
浦东·川沙,佬(佬),大好~,lau2(lɔ²¹³),lau2,暂无
浦东·川沙,老(老),[空],lau2(lɔ²¹³),lau2,暂无
浦东·川沙,涝(澇),[空],lau6(lɔ¹³),lau6,暂无
浦东·川沙,毛(毛),[空],mau2(mɔ²¹³),mau2,暂无
浦东·川沙,牡(牡),[空],mau2(mɔ²¹³),mau2,暂无
浦东·川沙,矛(矛),~盾,mau2(mɔ²¹³),mau2,暂无
浦东·川沙,茅(茅),[空],mau2(mɔ²¹³),mau2,暂无
浦东·川沙,猫(貓),[空],mau2(mɔ²¹³),mau2,暂无
浦东·川沙,锚(錨),[空],mau2(mɔ²¹³),mau2,暂无
浦东·川沙,卯(卯),[空],mau2(mɔ²¹³),mau2,暂无
浦东·川沙,冒(冒),[空],mau6(mɔ¹³),mau6,暂无
浦东·川沙,帽(帽),[空],mau6(mɔ¹³),mau6,暂无
浦东·川沙,貌(貌),[空],mau6(mɔ¹³),mau6,暂无
浦东·川沙,拿(拿),[空],nau1(nɔ⁵³),nau1,暂无
浦东·川沙,挠(撓),[空],nau2(nɔ²¹³),nau2,暂无
浦东·川沙,饶(饒),[空],nau2(nɔ²¹³),nau2,暂无
浦东·川沙,恼(惱),[空],nau2(nɔ²¹³),nau2,暂无
浦东·川沙,脑(腦),[空],nau2(nɔ²¹³),nau2,暂无
浦东·川沙,闹(鬧),[空],nau6(nɔ¹³),nau6,暂无
浦东·川沙,熬(熬),[空],ngau2(ŋɔ²¹³),ngau2,暂无
浦东·川沙,咬(咬),[空],ngau2(ŋɔ²¹³),ngau2,暂无
浦东·川沙,瓦(瓦),[空],ngau2(ŋɔ²¹³),ngau2,暂无
浦东·川沙,傲(傲),[空],ngau6(ŋɔ¹³),ngau6,暂无
浦东·川沙,抛(拋),[空],phau1(pʰɔ⁵³),phau1,暂无
浦东·川沙,爆(爆),~米花,phau1(pʰɔ⁵³),phau1,暂无
浦东·川沙,脬(脬),猪尿~,phau1(pʰɔ⁵³),phau1,暂无
浦东·川沙,泡(泡),[空],phau5(pʰɔ³⁵),phau5,暂无
浦东·川沙,炮(炮),[空],phau5(pʰɔ³⁵),phau5,暂无
浦东·川沙,梢(梢),[空],sau1(sɔ⁵³),sau1,暂无
浦东·川沙,烧(燒),[空],sau1(sɔ⁵³),sau1,暂无
浦东·川沙,稍(稍),[空],sau1(sɔ⁵³),sau1,暂无
浦东·川沙,筲(筲),~箕,sau1(sɔ⁵³),sau1,暂无
浦东·川沙,肖(肖),生~,sau1(sɔ⁵³),sau1,暂无
浦东·川沙,臊(臊),[空],sau1(sɔ⁵³),sau1,暂无
浦东·川沙,艄(艄),[空],sau1(sɔ⁵³),sau1,暂无
浦东·川沙,骚(騷),[空],sau1(sɔ⁵³),sau1,暂无
浦东·川沙,嫂(嫂),[空],sau3(sɔ⁴⁴),sau3,暂无
浦东·川沙,少(少),多~,sau3(sɔ⁴⁴),sau3,暂无
浦东·川沙,扫(掃),~地,sau3(sɔ⁴⁴),sau3,暂无
浦东·川沙,少(少),~年,sau5(sɔ³⁵),sau5,暂无
浦东·川沙,扫(掃),~帚,sau5(sɔ³⁵),sau5,暂无
浦东·川沙,燥(燥),天气~来，干,sau5(sɔ³⁵),sau5,暂无
浦东·川沙,叨(叨),~光,thau1(tʰɔ⁵³),thau1,暂无
浦东·川沙,掏(掏),[空],thau1(tʰɔ⁵³),thau1,暂无
浦东·川沙,滔(滔),[空],thau1(tʰɔ⁵³),thau1,暂无
浦东·川沙,讨(討),[空],thau3(tʰɔ⁴⁴),thau3,暂无
浦东·川沙,套(套),[空],thau5(tʰɔ³⁵),thau5,暂无
浦东·川沙,招(招),[空],tsau1(tsɔ⁵³),tsau1,暂无
浦东·川沙,搔(搔),~头皮，挠,tsau1(tsɔ⁵³),tsau1,暂无
浦东·川沙,昭(昭),[空],tsau1(tsɔ⁵³),tsau1,暂无
浦东·川沙,朝(朝),今~，今天,tsau1(tsɔ⁵³),tsau1,暂无
浦东·川沙,沼(沼),[空],tsau1(tsɔ⁵³),tsau1,暂无
浦东·川沙,糟(糟),[空],tsau1(tsɔ⁵³),tsau1,暂无
浦东·川沙,遭(遭),[空],tsau1(tsɔ⁵³),tsau1,暂无
浦东·川沙,找(找),~钞票,tsau3(tsɔ⁴⁴),tsau3,暂无
浦东·川沙,早(早),[空],tsau3(tsɔ⁴⁴),tsau3,暂无
浦东·川沙,枣(棗),[空],tsau3(tsɔ⁴⁴),tsau3,暂无
浦东·川沙,澡(澡),[空],tsau3(tsɔ⁴⁴),tsau3,暂无
浦东·川沙,爪(爪),脚~,tsau3(tsɔ⁴⁴),tsau3,暂无
浦东·川沙,蚤(蚤),[空],tsau3(tsɔ⁴⁴),tsau3,暂无
浦东·川沙,灶(灶),[空],tsau5(tsɔ³⁵),tsau5,暂无
浦东·川沙,照(照),[空],tsau5(tsɔ³⁵),tsau5,暂无
浦东·川沙,罩(罩),[空],tsau5(tsɔ³⁵),tsau5,暂无
浦东·川沙,诏(詔),[空],tsau5(tsɔ³⁵),tsau5,暂无
浦东·川沙,抄(抄),[空],tshau1(tsʰɔ⁵³),tshau1,暂无
浦东·川沙,操(操),[空],tshau1(tsʰɔ⁵³),tshau1,暂无
浦东·川沙,超(超),[空],tshau1(tsʰɔ⁵³),tshau1,暂无
浦东·川沙,钞(鈔),[空],tshau1(tsʰɔ⁵³),tshau1,暂无
浦东·川沙,□(□),~尿布，包,tshau1(tsʰɔ⁵³),tshau1,暂无
浦东·川沙,吵(吵),[空],tshau3(tsʰɔ⁴⁴),tshau3,暂无
浦东·川沙,炒(炒),[空],tshau3(tsʰɔ⁴⁴),tshau3,暂无
浦东·川沙,草(草),[空],tshau3(tsʰɔ⁴⁴),tshau3,暂无
浦东·川沙,钞(鈔),~票,tshau3(tsʰɔ⁴⁴),tshau3,暂无
浦东·川沙,糙(糙),[空],tshau5(tsʰɔ³⁵),tshau5,暂无
浦东·川沙,耖(耖),~田，耕田,tshau5(tsʰɔ³⁵),tshau5,暂无
浦东·川沙,躁(躁),[空],tshau5(tsʰɔ³⁵),tshau5,暂无
浦东·川沙,□(□),~手，洗擦,tshau5(tsʰɔ³⁵),tshau5,暂无
浦东·川沙,嘲(嘲),[空],zau2(zɔ²¹³),zau2,暂无
浦东·川沙,曹(曹),[空],zau2(zɔ²¹³),zau2,暂无
浦东·川沙,朝(朝),~代,zau2(zɔ²¹³),zau2,暂无
浦东·川沙,槽(槽),[空],zau2(zɔ²¹³),zau2,暂无
浦东·川沙,潮(潮),[空],zau2(zɔ²¹³),zau2,暂无
浦东·川沙,韶(韶),[空],zau2(zɔ²¹³),zau2,暂无
浦东·川沙,饶(饒),[空],zau2(zɔ²¹³),zau2,暂无
浦东·川沙,兆(兆),[空],zau2(zɔ²¹³),zau2,暂无
浦东·川沙,扰(擾),[空],zau2(zɔ²¹³),zau2,暂无
浦东·川沙,皂(皂),[空],zau2(zɔ²¹³),zau2,暂无
浦东·川沙,绍(紹),[空],zau2(zɔ²¹³),zau2,暂无
浦东·川沙,赵(趙),[空],zau2(zɔ²¹³),zau2,暂无
浦东·川沙,造(造),[空],zau2(zɔ²¹³),zau2,暂无
浦东·川沙,□(□),~篮头，抄，挎,zau2(zɔ²¹³),zau2,暂无
浦东·川沙,召(召),[空],zau6(zɔ¹³),zau6,暂无
浦东·川沙,昨(昨),~日,zau6(zɔ¹³),zau6,暂无
浦东·川沙,邵(邵),[空],zau6(zɔ¹³),zau6,暂无
浦东·川沙,□(□),语气词，表示征询、不定语气,uau1(βɔ⁵³),uau1,暂无
浦东·川沙,丫(丫),[空],au1(ɔ⁵³),au1,暂无
浦东·川沙,亚(亞),旧读，~钿~火油,au1(ɔ⁵³),au1,暂无
浦东·川沙,挜(掗),强予,au1(ɔ⁵³),au1,暂无
浦东·川沙,桠(椏),[空],au1(ɔ⁵³),au1,暂无
浦东·川沙,阿(阿),~弥陀佛,au1(ɔ⁵³),au1,暂无
浦东·川沙,鸦(鴉),~鹊，乌鸦,au1(ɔ⁵³),au1,暂无
浦东·川沙,哑(啞),[空],au3(ɔ⁴⁴),au3,暂无
浦东·川沙,袄(襖),[空],au3(ɔ⁴⁴),au3,暂无
浦东·川沙,凹(凹),[空],au5(ɔ³⁵),au5,暂无
浦东·川沙,奥(奧),[空],au5(ɔ³⁵),au5,暂无
浦东·川沙,懊(懊),[空],au5(ɔ³⁵),au5,暂无
浦东·川沙,拗(拗),~断,au5(ɔ³⁵),au5,暂无
浦东·川沙,澳(澳),[空],au5(ɔ³⁵),au5,暂无
浦东·川沙,□(□),~磨子，~药水拨小囡吃，（用勺）倒入（米或液体）,au5(ɔ³⁵),au5,暂无
浦东·川沙,凙(凙),凌~，檐冰,daoq8(dɔʔ²³),daoq8,暂无
浦东·川沙,度(度),忖~,daoq8(dɔʔ²³),daoq8,暂无
浦东·川沙,踱(踱),[空],daoq8(dɔʔ²³),daoq8,暂无
浦东·川沙,铎(鐸),[空],daoq8(dɔʔ²³),daoq8,暂无
浦东·川沙,厾(厾),~开，丢，扔,taoq7(ɗɔʔ⁵),taoq7,暂无
浦东·川沙,沰(沰),一~水，滴,taoq7(ɗɔʔ⁵),taoq7,暂无
浦东·川沙,笃(篤),~定,taoq7(ɗɔʔ⁵),taoq7,暂无
浦东·川沙,□(□),头浪~一记，打、敲打,taoq7(ɗɔʔ⁵),taoq7,暂无
浦东·川沙,搁(擱),~浅,gaoq8(ɡɔʔ²³),gaoq8,暂无
浦东·川沙,藿(藿),[空],haoq7(hɔʔ⁵),haoq7,暂无
浦东·川沙,霍(霍),[空],haoq7(hɔʔ⁵),haoq7,暂无
浦东·川沙,□(□),~牢墙头，贴近,haoq7(hɔʔ⁵),haoq7,暂无
浦东·川沙,□(□),贴个纸头~起拉，有点拱起，脱开（附着物的表面）,haoq7(hɔʔ⁵),haoq7,暂无
浦东·川沙,学(學),[空],ghaoq8(ɦɔʔ²³),ghaoq8,暂无
浦东·川沙,各(各),[空],kaoq7(kɔʔ⁵),kaoq7,暂无
浦东·川沙,搁(擱),[空],kaoq7(kɔʔ⁵),kaoq7,暂无
浦东·川沙,觉(覺),~着，感觉到,kaoq7(kɔʔ⁵),kaoq7,暂无
浦东·川沙,角(角),[空],kaoq7(kɔʔ⁵),kaoq7,暂无
浦东·川沙,阁(閣),[空],kaoq7(kɔʔ⁵),kaoq7,暂无
浦东·川沙,壳(殼),[空],khaoq7(kʰɔʔ⁵),khaoq7,暂无
浦东·川沙,乐(樂),快~,laoq8(lɔʔ²³),laoq8,暂无
浦东·川沙,洛(洛),[空],laoq8(lɔʔ²³),laoq8,暂无
浦东·川沙,烙(烙),[空],laoq8(lɔʔ²³),laoq8,暂无
浦东·川沙,络(絡),[空],laoq8(lɔʔ²³),laoq8,暂无
浦东·川沙,落(落),[空],laoq8(lɔʔ²³),laoq8,暂无
浦东·川沙,醋(醋),[空],laoq8(lɔʔ²³),laoq8,暂无
浦东·川沙,骆(駱),[空],laoq8(lɔʔ²³),laoq8,暂无
浦东·川沙,诺(諾),[空],naoq8(nɔʔ²³),naoq8,暂无
浦东·川沙,噩(噩),[空],ngaoq8(ŋɔʔ²³),ngaoq8,暂无
浦东·川沙,岳(岳),[空],ngaoq8(ŋɔʔ²³),ngaoq8,暂无
浦东·川沙,岳(嶽),[空],ngaoq8(ŋɔʔ²³),ngaoq8,暂无
浦东·川沙,疟(瘧),发~子，打摆子,ngaoq8(ŋɔʔ²³),ngaoq8,暂无
浦东·川沙,鄂(鄂),[空],ngaoq8(ŋɔʔ²³),ngaoq8,暂无
浦东·川沙,鹤(鶴),[空],ngaoq8(ŋɔʔ²³),ngaoq8,暂无
浦东·川沙,□(□),头~起，昂起,ngaoq8(ŋɔʔ²³),ngaoq8,暂无
浦东·川沙,嗍(嗍),~一口，吮吸,saoq7(sɔʔ⁵),saoq7,暂无
浦东·川沙,朔(朔),[空],saoq7(sɔʔ⁵),saoq7,暂无
浦东·川沙,索(索),[空],saoq7(sɔʔ⁵),saoq7,暂无
浦东·川沙,缩(縮),[空],saoq7(sɔʔ⁵),saoq7,暂无
浦东·川沙,庹(庹),量长度的单位,thaoq7(tʰɔʔ⁵),thaoq7,暂无
浦东·川沙,托(托),[空],thaoq7(tʰɔʔ⁵),thaoq7,暂无
浦东·川沙,柝(柝),[空],thaoq7(tʰɔʔ⁵),thaoq7,暂无
浦东·川沙,作(作),[空],tsaoq7(tsɔʔ⁵),tsaoq7,暂无
浦东·川沙,卓(卓),[空],tsaoq7(tsɔʔ⁵),tsaoq7,暂无
浦东·川沙,捉(捉),[空],tsaoq7(tsɔʔ⁵),tsaoq7,暂无
浦东·川沙,斫(斫),~稻，割,tsaoq7(tsɔʔ⁵),tsaoq7,暂无
浦东·川沙,桌(桌),[空],tsaoq7(tsɔʔ⁵),tsaoq7,暂无
浦东·川沙,琢(琢),[空],tsaoq7(tsɔʔ⁵),tsaoq7,暂无
浦东·川沙,龊(齪),龌~,tshaoq7(tsʰɔʔ⁵),tshaoq7,暂无
浦东·川沙,勺(勺),[空],zaoq8(zɔʔ²³),zaoq8,暂无
浦东·川沙,啄(啄),[空],zaoq8(zɔʔ²³),zaoq8,暂无
浦东·川沙,射(射),~箭,zaoq8(zɔʔ²³),zaoq8,暂无
浦东·川沙,昨(昨),[空],zaoq8(zɔʔ²³),zaoq8,暂无
浦东·川沙,浊(濁),[空],zaoq8(zɔʔ²³),zaoq8,暂无
浦东·川沙,镯(鐲),[空],zaoq8(zɔʔ²³),zaoq8,暂无
浦东·川沙,凿(鑿),[空],zaoq8(zɔʔ²³),zaoq8,暂无
浦东·川沙,□(□),~一刀，戳,zaoq8(zɔʔ²³),zaoq8,暂无
浦东·川沙,握(握),[空],uaoq7(βɔʔ⁵),uaoq7,暂无
浦东·川沙,缚(縛),[空],vaoq8(βɔʔ²³),vaoq8,暂无
浦东·川沙,镬(鑊),[空],vaoq8(βɔʔ²³),vaoq8,暂无
浦东·川沙,恶(惡),[空],aoq7(ɔʔ⁵),aoq7,暂无
浦东·川沙,龌(齷),~龊,aoq7(ɔʔ⁵),aoq7,暂无
浦东·川沙,伴(伴),[空],be2(be²¹³),be2,暂无
浦东·川沙,培(培),[空],be2(be²¹³),be2,暂无
浦东·川沙,瀊(瀊),水~出来，溢出,be2(be²¹³),be2,暂无
浦东·川沙,盘(盤),[空],be2(be²¹³),be2,暂无
浦东·川沙,裴(裴),[空],be2(be²¹³),be2,暂无
浦东·川沙,赔(賠),[空],be2(be²¹³),be2,暂无
浦东·川沙,陪(陪),[空],be2(be²¹³),be2,暂无
浦东·川沙,倍(倍),[空],be2(be²¹³),be2,暂无
浦东·川沙,陛(陛),[空],be2(be²¹³),be2,暂无
浦东·川沙,□(□),勿大好~，打交道,be2(be²¹³),be2,暂无
浦东·川沙,佩(佩),[空],be6(be¹³),be6,暂无
浦东·川沙,备(備),[空],be6(be¹³),be6,暂无
浦东·川沙,叛(叛),[空],be6(be¹³),be6,暂无
浦东·川沙,焙(焙),[空],be6(be¹³),be6,暂无
浦东·川沙,疿(疿),~子,be6(be¹³),be6,暂无
浦东·川沙,绊(絆),[空],be6(be¹³),be6,暂无
浦东·川沙,被(被),~动,be6(be¹³),be6,暂无
浦东·川沙,□(□),~起来，躲藏,be6(be¹³),be6,暂无
浦东·川沙,俾(俾),[空],pe1(ɓe⁵³),pe1,暂无
浦东·川沙,卑(卑),[空],pe1(ɓe⁵³),pe1,暂无
浦东·川沙,彼(彼),[空],pe1(ɓe⁵³),pe1,暂无
浦东·川沙,悲(悲),[空],pe1(ɓe⁵³),pe1,暂无
浦东·川沙,搬(搬),[空],pe1(ɓe⁵³),pe1,暂无
浦东·川沙,杯(杯),[空],pe1(ɓe⁵³),pe1,暂无
浦东·川沙,碑(碑),[空],pe1(ɓe⁵³),pe1,暂无
浦东·川沙,般(般),~若,pe1(ɓe⁵³),pe1,暂无
浦东·川沙,半(半),[空],pe5(ɓe³⁵),pe5,暂无
浦东·川沙,背(背),~心，~书,pe5(ɓe³⁵),pe5,暂无
浦东·川沙,贝(貝),[空],pe5(ɓe³⁵),pe5,暂无
浦东·川沙,辈(輩),[空],pe5(ɓe³⁵),pe5,暂无
浦东·川沙,台(台),[空],de2(de²¹³),de2,暂无
浦东·川沙,抬(抬),[空],de2(de²¹³),de2,暂无
浦东·川沙,潭(潭),水~~，水坑,de2(de²¹³),de2,暂无
浦东·川沙,苔(苔),青~,de2(de²¹³),de2,暂无
浦东·川沙,待(待),[空],de2(de²¹³),de2,暂无
浦东·川沙,怠(怠),[空],de2(de²¹³),de2,暂无
浦东·川沙,绐(紿),棕绷~脱，松，失去弹性,de2(de²¹³),de2,暂无
浦东·川沙,代(代),[空],de6(de¹³),de6,暂无
浦东·川沙,兑(兌),[空],de6(de¹³),de6,暂无
浦东·川沙,袋(袋),[空],de6(de¹³),de6,暂无
浦东·川沙,贷(貸),[空],de6(de¹³),de6,暂无
浦东·川沙,队(隊),[空],de6(de¹³),de6,暂无
浦东·川沙,呆(呆),~子,te1(ɗe⁵³),te1,暂无
浦东·川沙,堆(堆),[空],te1(ɗe⁵³),te1,暂无
浦东·川沙,□(□),~拉水里，略浸,te1(ɗe⁵³),te1,暂无
浦东·川沙,对(對),[空],te5(ɗe³⁵),te5,暂无
浦东·川沙,戴(戴),[空],te5(ɗe³⁵),te5,暂无
浦东·川沙,□(□),打~，打呃,ge4(ɡe²¹³),ge4,暂无
浦东·川沙,□(□),老~，污垢,ge4(ɡe²¹³),ge4,暂无
浦东·川沙,隑(隑),斜靠,ge6(ɡe¹³),ge6,暂无
浦东·川沙,□(□),虚肿,he1(he⁵³),he1,暂无
浦东·川沙,□(□),~汤，舀,he1(he⁵³),he1,暂无
浦东·川沙,海(海),[空],he3(he⁴⁴),he3,暂无
浦东·川沙,函(函),[空],ghe2(ɦe²¹³),ghe2,暂无
浦东·川沙,含(含),[空],ghe2(ɦe²¹³),ghe2,暂无
浦东·川沙,孩(孩),[空],ghe2(ɦe²¹³),ghe2,暂无
浦东·川沙,亥(亥),[空],ghe2(ɦe²¹³),ghe2,暂无
浦东·川沙,害(害),[空],ghe6(ɦe¹³),ghe6,暂无
浦东·川沙,憾(憾),[空],ghe6(ɦe¹³),ghe6,暂无
浦东·川沙,柑(柑),[空],ke1(ke⁵³),ke1,暂无
浦东·川沙,泔(泔),[空],ke1(ke⁵³),ke1,暂无
浦东·川沙,甘(甘),[空],ke1(ke⁵³),ke1,暂无
浦东·川沙,该(該),[空],ke1(ke⁵³),ke1,暂无
浦东·川沙,赅(賅),~家当，拥有,ke1(ke⁵³),ke1,暂无
浦东·川沙,□(□),~家当，拥有,ke1(ke⁵³),ke1,暂无
浦东·川沙,感(感),[空],ke3(ke⁴⁴),ke3,暂无
浦东·川沙,改(改),[空],ke3(ke⁴⁴),ke3,暂无
浦东·川沙,敢(敢),[空],ke3(ke⁴⁴),ke3,暂无
浦东·川沙,盖(蓋),~头,ke3(ke⁴⁴),ke3,暂无
浦东·川沙,丐(丐),[空],ke5(ke³⁵),ke5,暂无
浦东·川沙,概(概),[空],ke5(ke³⁵),ke5,暂无
浦东·川沙,溉(溉),[空],ke5(ke³⁵),ke5,暂无
浦东·川沙,盖(蓋),结~，痂,ke5(ke³⁵),ke5,暂无
浦东·川沙,钙(鈣),[空],ke5(ke³⁵),ke5,暂无
浦东·川沙,锯(鋸),~子,ke5(ke³⁵),ke5,暂无
浦东·川沙,凯(凱),[空],khe1(kʰe⁵³),khe1,暂无
浦东·川沙,开(開),[空],khe1(kʰe⁵³),khe1,暂无
浦东·川沙,□(□),~痛，碰撞,khe3(kʰe⁴⁴),khe3,暂无
浦东·川沙,刊(刊),[空],khe5(kʰe³⁵),khe5,暂无
浦东·川沙,勘(勘),[空],khe5(kʰe³⁵),khe5,暂无
浦东·川沙,坎(坎),[空],khe5(kʰe³⁵),khe5,暂无
浦东·川沙,堪(堪),[空],khe5(kʰe³⁵),khe5,暂无
浦东·川沙,慨(慨),[空],khe5(kʰe³⁵),khe5,暂无
浦东·川沙,砍(砍),[空],khe5(kʰe³⁵),khe5,暂无
浦东·川沙,龛(龕),[空],khe5(kʰe³⁵),khe5,暂无
浦东·川沙,来(來),[空],le2(le²¹³),le2,暂无
浦东·川沙,擂(擂),~鼓，重击,le2(le²¹³),le2,暂无
浦东·川沙,雷(雷),[空],le2(le²¹³),le2,暂无
浦东·川沙,儡(儡),[空],le2(le²¹³),le2,暂无
浦东·川沙,垒(壘),[空],le2(le²¹³),le2,暂无
浦东·川沙,累(累),[空],le6(le¹³),le6,暂无
浦东·川沙,类(類),[空],le6(le¹³),le6,暂无
浦东·川沙,每(每),[空],me1(me⁵³),me1,暂无
浦东·川沙,媒(媒),[空],me2(me²¹³),me2,暂无
浦东·川沙,枚(枚),[空],me2(me²¹³),me2,暂无
浦东·川沙,梅(梅),[空],me2(me²¹³),me2,暂无
浦东·川沙,煤(煤),[空],me2(me²¹³),me2,暂无
浦东·川沙,瞒(瞞),[空],me2(me²¹³),me2,暂无
浦东·川沙,薇(薇),蔷~花,me2(me²¹³),me2,暂无
浦东·川沙,馒(饅),[空],me2(me²¹³),me2,暂无
浦东·川沙,霉(黴),[空],me2(me²¹³),me2,暂无
浦东·川沙,满(滿),[空],me2(me²¹³),me2,暂无
浦东·川沙,美(美),[空],me3(me⁴⁴),me3,暂无
浦东·川沙,妹(妹),[空],me6(me¹³),me6,暂无
浦东·川沙,寐(寐),[空],me6(me¹³),me6,暂无
浦东·川沙,昧(昧),[空],me6(me¹³),me6,暂无
浦东·川沙,乃(乃),[空],ne1(ne⁵³),ne1,暂无
浦东·川沙,奈(奈),[空],ne1(ne⁵³),ne1,暂无
浦东·川沙,南(南),[空],ne2(ne²¹³),ne2,暂无
浦东·川沙,楠(楠),[空],ne2(ne²¹³),ne2,暂无
浦东·川沙,男(男),[空],ne2(ne²¹³),ne2,暂无
浦东·川沙,内(內),[空],ne6(ne¹³),ne6,暂无
浦东·川沙,耐(耐),[空],ne6(ne¹³),ne6,暂无
浦东·川沙,俨(儼),[空],nge2(ŋe²¹³),nge2,暂无
浦东·川沙,呆(呆),~头~脑,nge2(ŋe²¹³),nge2,暂无
浦东·川沙,岩(岩),[空],nge2(ŋe²¹³),nge2,暂无
浦东·川沙,癌(癌),[空],nge2(ŋe²¹³),nge2,暂无
浦东·川沙,衔(銜),~头，头衔,nge2(ŋe²¹³),nge2,暂无
浦东·川沙,碍(礙),[空],nge6(ŋe¹³),nge6,暂无
浦东·川沙,艾(艾),[空],nge6(ŋe¹³),nge6,暂无
浦东·川沙,徽(徽),[空],fe1(ɸe⁵³),fe1,暂无
浦东·川沙,恢(恢),[空],fe1(ɸe⁵³),fe1,暂无
浦东·川沙,欢(歡),[空],fe1(ɸe⁵³),fe1,暂无
浦东·川沙,灰(灰),[空],fe1(ɸe⁵³),fe1,暂无
浦东·川沙,辉(輝),[空],fe1(ɸe⁵³),fe1,暂无
浦东·川沙,麾(麾),[空],fe1(ɸe⁵³),fe1,暂无
浦东·川沙,贿(賄),[空],fe3(ɸe⁴⁴),fe3,暂无
浦东·川沙,唤(喚),[空],fe5(ɸe³⁵),fe5,暂无
浦东·川沙,悔(悔),[空],fe5(ɸe³⁵),fe5,暂无
浦东·川沙,挥(揮),[空],fe5(ɸe³⁵),fe5,暂无
浦东·川沙,晦(晦),[空],fe5(ɸe³⁵),fe5,暂无
浦东·川沙,毁(毀),[空],fe5(ɸe³⁵),fe5,暂无
浦东·川沙,焕(煥),[空],fe5(ɸe³⁵),fe5,暂无
浦东·川沙,痪(瘓),[空],fe5(ɸe³⁵),fe5,暂无
浦东·川沙,讳(諱),[空],fe5(ɸe³⁵),fe5,暂无
浦东·川沙,丕(丕),[空],phe1(pʰe⁵³),phe1,暂无
浦东·川沙,坯(坯),[空],phe1(pʰe⁵³),phe1,暂无
浦东·川沙,拚(拚),~死吃河豚,phe1(pʰe⁵³),phe1,暂无
浦东·川沙,潘(潘),[空],phe1(pʰe⁵³),phe1,暂无
浦东·川沙,判(判),[空],phe5(pʰe³⁵),phe5,暂无
浦东·川沙,剖(剖),[空],phe5(pʰe³⁵),phe5,暂无
浦东·川沙,沛(沛),[空],phe5(pʰe³⁵),phe5,暂无
浦东·川沙,辔(轡),[空],phe5(pʰe³⁵),phe5,暂无
浦东·川沙,配(配),[空],phe5(pʰe³⁵),phe5,暂无
浦东·川沙,扇(扇),~风,se1(se⁵³),se1,暂无
浦东·川沙,腮(腮),[空],se1(se⁵³),se1,暂无
浦东·川沙,苫(苫),[空],se1(se⁵³),se1,暂无
浦东·川沙,衰(衰),[空],se1(se⁵³),se1,暂无
浦东·川沙,闩(閂),门~，固定的,se1(se⁵³),se1,暂无
浦东·川沙,鳃(鰓),[空],se1(se⁵³),se1,暂无
浦东·川沙,□(□),~豆，种,se1(se⁵³),se1,暂无
浦东·川沙,糁(糝),饭米~，米粒,se3(se⁴⁴),se3,暂无
浦东·川沙,闪(閃),[空],se3(se⁴⁴),se3,暂无
浦东·川沙,陕(陝),[空],se3(se⁴⁴),se3,暂无
浦东·川沙,舍(舍),宿~,se5(se³⁵),se5,暂无
浦东·川沙,帅(帥),[空],se5(se³⁵),se5,暂无
浦东·川沙,扇(扇),~子,se5(se³⁵),se5,暂无
浦东·川沙,碎(碎),[空],se5(se³⁵),se5,暂无
浦东·川沙,赛(賽),[空],se5(se³⁵),se5,暂无
浦东·川沙,台(台),~州,the1(tʰe⁵³),the1,暂无
浦东·川沙,推(推),[空],the1(tʰe⁵³),the1,暂无
浦东·川沙,煺(煺),~毛,the1(tʰe⁵³),the1,暂无
浦东·川沙,胎(胎),[空],the1(tʰe⁵³),the1,暂无
浦东·川沙,苔(苔),舌~,the1(tʰe⁵³),the1,暂无
浦东·川沙,贪(貪),[空],the1(tʰe⁵³),the1,暂无
浦东·川沙,□(□),~拉嘴里，塞进,the1(tʰe⁵³),the1,暂无
浦东·川沙,腿(腿),[空],the3(tʰe⁴⁴),the3,暂无
浦东·川沙,太(太),[空],the5(tʰe³⁵),the5,暂无
浦东·川沙,态(態),[空],the5(tʰe³⁵),the5,暂无
浦东·川沙,探(探),[空],the5(tʰe³⁵),the5,暂无
浦东·川沙,汰(汰),淘~,the5(tʰe³⁵),the5,暂无
浦东·川沙,色(色),[空],the5(tʰe³⁵),the5,暂无
浦东·川沙,褪(褪),~颜色,the5(tʰe³⁵),the5,暂无
浦东·川沙,退(退),[空],the5(tʰe³⁵),the5,暂无
浦东·川沙,颜(顏),[空],the5(tʰe³⁵),the5,暂无
浦东·川沙,再(再),[空],tse1(tse⁵³),tse1,暂无
浦东·川沙,占(占),~卜,tse1(tse⁵³),tse1,暂无
浦东·川沙,寨(寨),[空],tse1(tse⁵³),tse1,暂无
浦东·川沙,专(專),[空],tse1(tse⁵³),tse1,暂无
浦东·川沙,栽(栽),[空],tse1(tse⁵³),tse1,暂无
浦东·川沙,毡(氈),[空],tse1(tse⁵³),tse1,暂无
浦东·川沙,沾(沾),[空],tse1(tse⁵³),tse1,暂无
浦东·川沙,灾(災),[空],tse1(tse⁵³),tse1,暂无
浦东·川沙,瞻(瞻),[空],tse1(tse⁵³),tse1,暂无
浦东·川沙,砖(磚),[空],tse1(tse⁵³),tse1,暂无
浦东·川沙,簪(簪),[空],tse1(tse⁵³),tse1,暂无
浦东·川沙,者(者),[空],tse1(tse⁵³),tse1,暂无
浦东·川沙,转(轉),~送,tse3(tse⁴⁴),tse3,暂无
浦东·川沙,占(佔),~领,tse5(tse³⁵),tse5,暂无
浦东·川沙,战(戰),[空],tse5(tse³⁵),tse5,暂无
浦东·川沙,载(載),~重,tse5(tse³⁵),tse5,暂无
浦东·川沙,辗(輾),[空],tse5(tse³⁵),tse5,暂无
浦东·川沙,转(轉),~圈子,tse5(tse³⁵),tse5,暂无
浦东·川沙,串(串),[空],tshe1(tsʰe⁵³),tshe1,暂无
浦东·川沙,参(參),[空],tshe1(tsʰe⁵³),tshe1,暂无
浦东·川沙,川(川),[空],tshe1(tsʰe⁵³),tshe1,暂无
浦东·川沙,扦(扦),~插,tshe1(tsʰe⁵³),tshe1,暂无
浦东·川沙,穿(穿),[空],tshe1(tsʰe⁵³),tshe1,暂无
浦东·川沙,餐(餐),[空],tshe1(tsʰe⁵³),tshe1,暂无
浦东·川沙,喘(喘),[空],tshe3(tsʰe⁴⁴),tshe3,暂无
浦东·川沙,彩(彩),[空],tshe3(tsʰe⁴⁴),tshe3,暂无
浦东·川沙,惨(慘),[空],tshe3(tsʰe⁴⁴),tshe3,暂无
浦东·川沙,睬(睬),[空],tshe3(tsʰe⁴⁴),tshe3,暂无
浦东·川沙,采(采),[空],tshe3(tsʰe⁴⁴),tshe3,暂无
浦东·川沙,菜(菜),[空],tshe5(tsʰe³⁵),tshe5,暂无
浦东·川沙,传(傳),~达,ze2(ze²¹³),ze2,暂无
浦东·川沙,侪(儕),副词，都,ze2(ze²¹³),ze2,暂无
浦东·川沙,才(才),[空],ze2(ze²¹³),ze2,暂无
浦东·川沙,材(材),[空],ze2(ze²¹³),ze2,暂无
浦东·川沙,椽(椽),[空],ze2(ze²¹³),ze2,暂无
浦东·川沙,然(然),[空],ze2(ze²¹³),ze2,暂无
浦东·川沙,燃(燃),[空],ze2(ze²¹³),ze2,暂无
浦东·川沙,禅(禪),~宗,ze2(ze²¹³),ze2,暂无
浦东·川沙,缠(纏),[空],ze2(ze²¹³),ze2,暂无
浦东·川沙,船(船),[空],ze2(ze²¹³),ze2,暂无
浦东·川沙,蝉(蟬),[空],ze2(ze²¹³),ze2,暂无
浦东·川沙,蟾(蟾),[空],ze2(ze²¹³),ze2,暂无
浦东·川沙,蚕(蠶),[空],ze2(ze²¹³),ze2,暂无
浦东·川沙,裁(裁),[空],ze2(ze²¹³),ze2,暂无
浦东·川沙,财(財),[空],ze2(ze²¹³),ze2,暂无
浦东·川沙,冉(冉),[空],ze2(ze²¹³),ze2,暂无
浦东·川沙,善(善),[空],ze2(ze²¹³),ze2,暂无
浦东·川沙,在(在),[空],ze2(ze²¹³),ze2,暂无
浦东·川沙,染(染),[空],ze2(ze²¹³),ze2,暂无
浦东·川沙,社(社),[空],ze2(ze²¹³),ze2,暂无
浦东·川沙,篆(篆),[空],ze2(ze²¹³),ze2,暂无
浦东·川沙,罪(罪),~过,ze2(ze²¹³),ze2,暂无
浦东·川沙,传(傳),左~,ze6(ze¹³),ze6,暂无
浦东·川沙,单(單),姓,ze6(ze¹³),ze6,暂无
浦东·川沙,寨(寨),[空],ze6(ze¹³),ze6,暂无
浦东·川沙,射(射),高~炮,ze6(ze¹³),ze6,暂无
浦东·川沙,左(左),[空],ze6(ze¹³),ze6,暂无
浦东·川沙,禅(禪),~让,ze6(ze¹³),ze6,暂无
浦东·川沙,膳(膳),[空],ze6(ze¹³),ze6,暂无
浦东·川沙,威(威),[空],ue1(βe⁵³),ue1,暂无
浦东·川沙,煨(煨),[空],ue1(βe⁵³),ue1,暂无
浦东·川沙,萎(萎),[空],ue1(βe⁵³),ue1,暂无
浦东·川沙,丸(丸),[空],ve2(βe²¹³),ve2,暂无
浦东·川沙,危(危),[空],ve2(βe²¹³),ve2,暂无
浦东·川沙,回(回),[空],ve2(βe²¹³),ve2,暂无
浦东·川沙,围(圍),[空],ve2(βe²¹³),ve2,暂无
浦东·川沙,完(完),[空],ve2(βe²¹³),ve2,暂无
浦东·川沙,怀(懷),胸~,ve2(βe²¹³),ve2,暂无
浦东·川沙,桅(桅),[空],ve2(βe²¹³),ve2,暂无
浦东·川沙,桓(桓),[空],ve2(βe²¹³),ve2,暂无
浦东·川沙,为(為),作~,ve2(βe²¹³),ve2,暂无
浦东·川沙,茴(茴),[空],ve2(βe²¹³),ve2,暂无
浦东·川沙,违(違),[空],ve2(βe²¹³),ve2,暂无
浦东·川沙,伟(偉),[空],ve2(βe²¹³),ve2,暂无
浦东·川沙,皖(皖),[空],ve2(βe²¹³),ve2,暂无
浦东·川沙,缓(緩),[空],ve2(βe²¹³),ve2,暂无
浦东·川沙,苇(葦),[空],ve2(βe²¹³),ve2,暂无
浦东·川沙,委(委),[空],ue3(βe⁴⁴),ue3,暂无
浦东·川沙,惋(惋),[空],ue3(βe⁴⁴),ue3,暂无
浦东·川沙,碗(碗),[空],ue3(βe⁴⁴),ue3,暂无
浦东·川沙,喂(餵),~养,ue5(βe³⁵),ue5,暂无
浦东·川沙,畏(畏),[空],ue5(βe³⁵),ue5,暂无
浦东·川沙,腕(腕),[空],ue5(βe³⁵),ue5,暂无
浦东·川沙,位(位),[空],ve6(βe¹³),ve6,暂无
浦东·川沙,伪(偽),[空],ve6(βe¹³),ve6,暂无
浦东·川沙,汇(匯),[空],ve6(βe¹³),ve6,暂无
浦东·川沙,外(外),[空],ve6(βe¹³),ve6,暂无
浦东·川沙,巍(巍),[空],ve6(βe¹³),ve6,暂无
浦东·川沙,汇(彙),[空],ve6(βe¹³),ve6,暂无
浦东·川沙,惠(惠),[空],ve6(βe¹³),ve6,暂无
浦东·川沙,慧(慧),[空],ve6(βe¹³),ve6,暂无
浦东·川沙,慰(慰),[空],ve6(βe¹³),ve6,暂无
浦东·川沙,换(換),[空],ve6(βe¹³),ve6,暂无
浦东·川沙,会(會),[空],ve6(βe¹³),ve6,暂无
浦东·川沙,为(為),~啥,ve6(βe¹³),ve6,暂无
浦东·川沙,猬(猬),[空],ve6(βe¹³),ve6,暂无
浦东·川沙,纬(緯),[空],ve6(βe¹³),ve6,暂无
浦东·川沙,绘(繪),[空],ve6(βe¹³),ve6,暂无
浦东·川沙,胃(胃),[空],ve6(βe¹³),ve6,暂无
浦东·川沙,蕙(蕙),[空],ve6(βe¹³),ve6,暂无
浦东·川沙,卫(衛),[空],ve6(βe¹³),ve6,暂无
浦东·川沙,谓(謂),[空],ve6(βe¹³),ve6,暂无
浦东·川沙,魏(魏),[空],ve6(βe¹³),ve6,暂无
浦东·川沙,哀(哀),[空],e1(e⁵³),e1,暂无
浦东·川沙,唉(唉),[空],e1(e⁵³),e1,暂无
浦东·川沙,埃(埃),[空],e1(e⁵³),e1,暂无
浦东·川沙,庵(庵),[空],e1(e⁵³),e1,暂无
浦东·川沙,揞(揞),用手~没，遮盖,e3(e⁴⁴),e3,暂无
浦东·川沙,爱(愛),[空],e5(e³⁵),e5,暂无
浦东·川沙,暗(暗),[空],e5(e³⁵),e5,暂无
浦东·川沙,蔼(藹),[空],e5(e³⁵),e5,暂无
浦东·川沙,儿(兒),~戏【校】原文韵母表中此韵作[əl]，同音字汇中作[l]，结合作者其他文献，确定为[əl],er1(əl⁵³),er1,暂无
浦东·川沙,尔(爾),【校】原文韵母表中此韵作[əl]，同音字汇中作[l]，结合作者其他文献，确定为[əl],er1(əl⁵³),er1,暂无
浦东·川沙,耳(耳),【校】原文韵母表中此韵作[əl]，同音字汇中作[l]，结合作者其他文献，确定为[əl],er1(əl⁵³),er1,暂无
浦东·川沙,而(而),【校】原文韵母表中此韵作[əl]，同音字汇中作[l]，结合作者其他文献，确定为[əl],er2(əl²¹³),er2,暂无
浦东·川沙,尔(爾),【校】原文韵母表中此韵作[əl]，同音字汇中作[l]，结合作者其他文献，确定为[əl],er2(əl²¹³),er2,暂无
浦东·川沙,二(二),【校】原文韵母表中此韵作[əl]，同音字汇中作[l]，结合作者其他文献，确定为[əl],er6(əl¹³),er6,暂无
浦东·川沙,贰(貳),【校】原文韵母表中此韵作[əl]，同音字汇中作[l]，结合作者其他文献，确定为[əl],er6(əl¹³),er6,暂无
浦东·川沙,盆(盆),[空],ben2(bən²¹³),ben2,暂无
浦东·川沙,坌(坌),[空],ben6(bən¹³),ben6,暂无
浦东·川沙,笨(笨),[空],ben6(bən¹³),ben6,暂无
浦东·川沙,奔(奔),[空],pen1(ɓən⁵³),pen1,暂无
浦东·川沙,崩(崩),[空],pen1(ɓən⁵³),pen1,暂无
浦东·川沙,畚(畚),~箕，~垃圾,pen1(ɓən⁵³),pen1,暂无
浦东·川沙,本(本),[空],pen3(ɓən⁴⁴),pen3,暂无
浦东·川沙,□(□),开，皲裂,pen5(ɓən³⁵),pen5,暂无
浦东·川沙,囤(囤),[空],den2(dən²¹³),den2,暂无
浦东·川沙,屯(屯),[空],den2(dən²¹³),den2,暂无
浦东·川沙,沌(沌),[空],den2(dən²¹³),den2,暂无
浦东·川沙,臀(臀),[空],den2(dən²¹³),den2,暂无
浦东·川沙,藤(藤),[空],den2(dən²¹³),den2,暂无
浦东·川沙,誊(謄),[空],den2(dən²¹³),den2,暂无
浦东·川沙,豚(豚),[空],den2(dən²¹³),den2,暂无
浦东·川沙,饨(飩),[空],den2(dən²¹³),den2,暂无
浦东·川沙,腾(騰),[空],den2(dən²¹³),den2,暂无
浦东·川沙,盾(盾),[空],den2(dən²¹³),den2,暂无
浦东·川沙,□(□),踩，踏,den2(dən²¹³),den2,暂无
浦东·川沙,瞪(瞪),眼睛~出,den6(dən¹³),den6,暂无
浦东·川沙,遁(遁),[空],den6(dən¹³),den6,暂无
浦东·川沙,邓(鄧),[空],den6(dən¹³),den6,暂无
浦东·川沙,钝(鈍),[空],den6(dən¹³),den6,暂无
浦东·川沙,□(□),~伊两句，挖苦,den6(dən¹³),den6,暂无
浦东·川沙,吨(噸),[空],ten1(ɗən⁵³),ten1,暂无
浦东·川沙,墩(墩),[空],ten1(ɗən⁵³),ten1,暂无
浦东·川沙,敦(敦),[空],ten1(ɗən⁵³),ten1,暂无
浦东·川沙,灯(燈),[空],ten1(ɗən⁵³),ten1,暂无
浦东·川沙,登(登),[空],ten1(ɗən⁵³),ten1,暂无
浦东·川沙,膯(膯),鸡~，嗉囊,ten1(ɗən⁵³),ten1,暂无
浦东·川沙,蹲(蹲),[空],ten1(ɗən⁵³),ten1,暂无
浦东·川沙,镦(鐓),~鸡，阉割,ten1(ɗən⁵³),ten1,暂无
浦东·川沙,□(□),~拉屋里，呆,ten1(ɗən⁵³),ten1,暂无
浦东·川沙,等(等),[空],ten3(ɗən⁴⁴),ten3,暂无
浦东·川沙,凳(凳),[空],ten5(ɗən³⁵),ten5,暂无
浦东·川沙,戥(戥),[空],ten5(ɗən³⁵),ten5,暂无
浦东·川沙,炖(燉),[空],ten5(ɗən³⁵),ten5,暂无
浦东·川沙,镫(鐙),[空],ten5(ɗən³⁵),ten5,暂无
浦东·川沙,顿(頓),[空],ten5(ɗən³⁵),ten5,暂无
浦东·川沙,□(□),~份量，掂,ten5(ɗən³⁵),ten5,暂无
浦东·川沙,□(□),吃~脱，吃得过饱,ten5(ɗən³⁵),ten5,暂无
浦东·川沙,□(□),脾气~，倔,gen6(ɡən¹³),gen6,暂无
浦东·川沙,亨(亨),[空],hen1(hən⁵³),hen1,暂无
浦东·川沙,哼(哼),[空],hen1(hən⁵³),hen1,暂无
浦东·川沙,很(很),[空],hen3(hən⁴⁴),hen3,暂无
浦东·川沙,狠(狠),[空],hen3(hən⁴⁴),hen3,暂无
浦东·川沙,擤(擤),[空],hen5(hən³⁵),hen5,暂无
浦东·川沙,恒(恒),[空],ghen2(ɦən²¹³),ghen2,暂无
浦东·川沙,痕(痕),[空],ghen2(ɦən²¹³),ghen2,暂无
浦东·川沙,衡(衡),平~,ghen2(ɦən²¹³),ghen2,暂无
浦东·川沙,恨(恨),[空],ghen6(ɦən¹³),ghen6,暂无
浦东·川沙,更(更),~换,ken1(kən⁵³),ken1,暂无
浦东·川沙,根(根),[空],ken1(kən⁵³),ken1,暂无
浦东·川沙,耕(耕),[空],ken1(kən⁵³),ken1,暂无
浦东·川沙,跟(跟),[空],ken1(kən⁵³),ken1,暂无
浦东·川沙,耿(耿),[空],ken3(kən⁴⁴),ken3,暂无
浦东·川沙,更(更),~加,ken5(kən³⁵),ken5,暂无
浦东·川沙,□(□),~抽斗，翻寻,khen1(kʰən⁵³),khen1,暂无
浦东·川沙,□(□),~个潭潭，挖掘,khen1(kʰən⁵³),khen1,暂无
浦东·川沙,啃(啃),[空],khen3(kʰən⁴⁴),khen3,暂无
浦东·川沙,垦(墾),[空],khen3(kʰən⁴⁴),khen3,暂无
浦东·川沙,恳(懇),[空],khen3(kʰən⁴⁴),khen3,暂无
浦东·川沙,肯(肯),[空],khen3(kʰən⁴⁴),khen3,暂无
浦东·川沙,□(□),污垢,khen5(kʰən³⁵),khen5,暂无
浦东·川沙,仑(侖),[空],len2(lən²¹³),len2,暂无
浦东·川沙,伦(倫),[空],len2(lən²¹³),len2,暂无
浦东·川沙,棱(棱),[空],len2(lən²¹³),len2,暂无
浦东·川沙,沦(淪),[空],len2(lən²¹³),len2,暂无
浦东·川沙,轮(輪),[空],len2(lən²¹³),len2,暂无
浦东·川沙,冷(冷),[空],len2(lən²¹³),len2,暂无
浦东·川沙,□(□),~一~，想，回想,len2(lən²¹³),len2,暂无
浦东·川沙,另(另),~外,len6(lən¹³),len6,暂无
浦东·川沙,论(論),[空],len6(lən¹³),len6,暂无
浦东·川沙,闷(悶),[空],men1(mən⁵³),men1,暂无
浦东·川沙,焖(燜),[空],men1(mən⁵³),men1,暂无
浦东·川沙,盟(盟),[空],men2(mən²¹³),men2,暂无
浦东·川沙,闻(聞),白,men2(mən²¹³),men2,暂无
浦东·川沙,萌(萌),[空],men2(mən²¹³),men2,暂无
浦东·川沙,蚊(蚊),[空],men2(mən²¹³),men2,暂无
浦东·川沙,门(門),[空],men2(mən²¹³),men2,暂无
浦东·川沙,猛(猛),[空],men3(mən⁴⁴),men3,暂无
浦东·川沙,问(問),白,men6(mən¹³),men6,暂无
浦东·川沙,孟(孟),[空],men6(mən¹³),men6,暂无
浦东·川沙,□(□),~紧嘴，抿,men6(mən¹³),men6,暂无
浦东·川沙,能(能),[空],nen2(nən²¹³),nen2,暂无
浦东·川沙,嫩(嫩),[空],nen6(nən¹³),nen6,暂无
浦东·川沙,分(分),[空],fen1(ɸən⁵³),fen1,暂无
浦东·川沙,婚(婚),[空],fen1(ɸən⁵³),fen1,暂无
浦东·川沙,昏(昏),[空],fen1(ɸən⁵³),fen1,暂无
浦东·川沙,纷(紛),[空],fen1(ɸən⁵³),fen1,暂无
浦东·川沙,芬(芬),[空],fen1(ɸən⁵³),fen1,暂无
浦东·川沙,荤(葷),荤菜,fen1(ɸən⁵³),fen1,暂无
浦东·川沙,轰(轟),雷~霹雳,fen1(ɸən⁵³),fen1,暂无
浦东·川沙,粉(粉),[空],fen3(ɸən⁴⁴),fen3,暂无
浦东·川沙,奋(奮),[空],fen5(ɸən³⁵),fen5,暂无
浦东·川沙,粪(糞),[空],fen5(ɸən³⁵),fen5,暂无
浦东·川沙,喷(噴),[空],phen1(pʰən⁵³),phen1,暂无
浦东·川沙,烹(烹),[空],phen1(pʰən⁵³),phen1,暂无
浦东·川沙,伸(伸),[空],sen1(sən⁵³),sen1,暂无
浦东·川沙,僧(僧),[空],sen1(sən⁵³),sen1,暂无
浦东·川沙,升(升),[空],sen1(sən⁵³),sen1,暂无
浦东·川沙,参(參),人~,sen1(sən⁵³),sen1,暂无
浦东·川沙,孙(孫),[空],sen1(sən⁵³),sen1,暂无
浦东·川沙,森(森),[空],sen1(sən⁵³),sen1,暂无
浦东·川沙,深(深),[空],sen1(sən⁵³),sen1,暂无
浦东·川沙,牲(牲),[空],sen1(sən⁵³),sen1,暂无
浦东·川沙,狲(猻),[空],sen1(sən⁵³),sen1,暂无
浦东·川沙,生(生),[空],sen1(sən⁵³),sen1,暂无
浦东·川沙,甥(甥),[空],sen1(sən⁵³),sen1,暂无
浦东·川沙,申(申),[空],sen1(sən⁵³),sen1,暂无
浦东·川沙,笙(笙),[空],sen1(sən⁵³),sen1,暂无
浦东·川沙,声(聲),[空],sen1(sən⁵³),sen1,暂无
浦东·川沙,身(身),[空],sen1(sən⁵³),sen1,暂无
浦东·川沙,逊(遜),[空],sen1(sən⁵³),sen1,暂无
浦东·川沙,婶(嬸),[空],sen3(sən⁴⁴),sen3,暂无
浦东·川沙,审(審),[空],sen3(sən⁴⁴),sen3,暂无
浦东·川沙,损(損),[空],sen3(sən⁴⁴),sen3,暂无
浦东·川沙,榫(榫),[空],sen3(sən⁴⁴),sen3,暂无
浦东·川沙,沈(沈),[空],sen3(sən⁴⁴),sen3,暂无
浦东·川沙,笋(筍),[空],sen3(sən⁴⁴),sen3,暂无
浦东·川沙,胜(勝),[空],sen5(sən³⁵),sen5,暂无
浦东·川沙,渗(滲),[空],sen5(sən³⁵),sen5,暂无
浦东·川沙,圣(聖),[空],sen5(sən³⁵),sen5,暂无
浦东·川沙,舜(舜),[空],sen5(sən³⁵),sen5,暂无
浦东·川沙,吞(吞),[空],then1(tʰən⁵³),then1,暂无
浦东·川沙,□(□),~着气味，气味袭人,then1(tʰən⁵³),then1,暂无
浦东·川沙,氽(氽),[空],then3(tʰən⁴⁴),then3,暂无
浦东·川沙,侦(偵),[空],tsen1(tsən⁵³),tsen1,暂无
浦东·川沙,增(增),[空],tsen1(tsən⁵³),tsen1,暂无
浦东·川沙,尊(尊),[空],tsen1(tsən⁵³),tsen1,暂无
浦东·川沙,征(征),[空],tsen1(tsən⁵³),tsen1,暂无
浦东·川沙,憎(憎),[空],tsen1(tsən⁵³),tsen1,暂无
浦东·川沙,捘(捘),~奶，挤,tsen1(tsən⁵³),tsen1,暂无
浦东·川沙,擦(擦),[空],tsen1(tsən⁵³),tsen1,暂无
浦东·川沙,斟(斟),[空],tsen1(tsən⁵³),tsen1,暂无
浦东·川沙,曾(曾),姓,tsen1(tsən⁵³),tsen1,暂无
浦东·川沙,正(正),~月,tsen1(tsən⁵³),tsen1,暂无
浦东·川沙,争(爭),[空],tsen1(tsən⁵³),tsen1,暂无
浦东·川沙,珍(珍),[空],tsen1(tsən⁵³),tsen1,暂无
浦东·川沙,真(真),[空],tsen1(tsən⁵³),tsen1,暂无
浦东·川沙,睁(睜),[空],tsen1(tsən⁵³),tsen1,暂无
浦东·川沙,筝(箏),[空],tsen1(tsən⁵³),tsen1,暂无
浦东·川沙,肫(肫),~肝,tsen1(tsən⁵³),tsen1,暂无
浦东·川沙,臻(臻),[空],tsen1(tsən⁵³),tsen1,暂无
浦东·川沙,蒸(蒸),[空],tsen1(tsən⁵³),tsen1,暂无
浦东·川沙,贞(貞),[空],tsen1(tsən⁵³),tsen1,暂无
浦东·川沙,遵(遵),[空],tsen1(tsən⁵³),tsen1,暂无
浦东·川沙,针(針),[空],tsen1(tsən⁵³),tsen1,暂无
浦东·川沙,□(□),楔子,tsen1(tsən⁵³),tsen1,暂无
浦东·川沙,□(□),~奶，挤,tsen1(tsən⁵³),tsen1,暂无
浦东·川沙,准(准),[空],tsen3(tsən⁴⁴),tsen3,暂无
浦东·川沙,拯(拯),[空],tsen3(tsən⁴⁴),tsen3,暂无
浦东·川沙,整(整),[空],tsen3(tsən⁴⁴),tsen3,暂无
浦东·川沙,振(振),[空],tsen5(tsən³⁵),tsen5,暂无
浦东·川沙,政(政),[空],tsen5(tsən³⁵),tsen5,暂无
浦东·川沙,枕(枕),[空],tsen5(tsən³⁵),tsen5,暂无
浦东·川沙,正(正),[空],tsen5(tsən³⁵),tsen5,暂无
浦东·川沙,疹(疹),[空],tsen5(tsən³⁵),tsen5,暂无
浦东·川沙,症(症),[空],tsen5(tsən³⁵),tsen5,暂无
浦东·川沙,诊(診),[空],tsen5(tsən³⁵),tsen5,暂无
浦东·川沙,证(證),[空],tsen5(tsən³⁵),tsen5,暂无
浦东·川沙,镇(鎮),[空],tsen5(tsən³⁵),tsen5,暂无
浦东·川沙,震(震),[空],tsen5(tsən³⁵),tsen5,暂无
浦东·川沙,□(□),~过去，掷,tsen5(tsən³⁵),tsen5,暂无
浦东·川沙,忖(忖),想,tshen1(tsʰən⁵³),tshen1,暂无
浦东·川沙,春(春),[空],tshen1(tsʰən⁵³),tshen1,暂无
浦东·川沙,村(村),[空],tshen1(tsʰən⁵³),tshen1,暂无
浦东·川沙,椿(椿),[空],tshen1(tsʰən⁵³),tshen1,暂无
浦东·川沙,皴(皴),[空],tshen1(tsʰən⁵³),tshen1,暂无
浦东·川沙,称(稱),~呼,tshen1(tsʰən⁵³),tshen1,暂无
浦东·川沙,蛏(蟶),~壳,tshen1(tsʰən⁵³),tshen1,暂无
浦东·川沙,蠢(蠢),[空],tshen1(tsʰən⁵³),tshen1,暂无
浦东·川沙,寸(寸),[空],tshen5(tsʰən³⁵),tshen5,暂无
浦东·川沙,秤(秤),[空],tshen5(tsʰən³⁵),tshen5,暂无
浦东·川沙,称(稱),相~,tshen5(tsʰən³⁵),tshen5,暂无
浦东·川沙,舂(舂),~米,tshen5(tsʰən³⁵),tshen5,暂无
浦东·川沙,衬(襯),[空],tshen5(tsʰən³⁵),tshen5,暂无
浦东·川沙,趁(趁),[空],tshen5(tsʰən³⁵),tshen5,暂无
浦东·川沙,逞(逞),[空],tshen5(tsʰən³⁵),tshen5,暂无
浦东·川沙,丞(丞),[空],zen2(zən²¹³),zen2,暂无
浦东·川沙,乘(乘),[空],zen2(zən²¹³),zen2,暂无
浦东·川沙,人(人),[空],zen2(zən²¹³),zen2,暂无
浦东·川沙,仁(仁),[空],zen2(zən²¹³),zen2,暂无
浦东·川沙,仍(仍),[空],zen2(zən²¹³),zen2,暂无
浦东·川沙,呈(呈),[空],zen2(zən²¹³),zen2,暂无
浦东·川沙,唇(唇),[空],zen2(zən²¹³),zen2,暂无
浦东·川沙,城(城),[空],zen2(zən²¹³),zen2,暂无
浦东·川沙,尘(塵),[空],zen2(zən²¹³),zen2,暂无
浦东·川沙,娠(娠),[空],zen2(zən²¹³),zen2,暂无
浦东·川沙,存(存),[空],zen2(zən²¹³),zen2,暂无
浦东·川沙,层(層),[空],zen2(zən²¹³),zen2,暂无
浦东·川沙,惩(懲),[空],zen2(zən²¹³),zen2,暂无
浦东·川沙,成(成),[空],zen2(zən²¹³),zen2,暂无
浦东·川沙,承(承),[空],zen2(zən²¹³),zen2,暂无
浦东·川沙,晨(晨),[空],zen2(zən²¹³),zen2,暂无
浦东·川沙,曾(曾),~经,zen2(zən²¹³),zen2,暂无
浦东·川沙,橙(橙),[空],zen2(zən²¹³),zen2,暂无
浦东·川沙,沉(沉),[空],zen2(zən²¹³),zen2,暂无
浦东·川沙,澄(澄),[空],zen2(zən²¹³),zen2,暂无
浦东·川沙,盛(盛),~饭,zen2(zən²¹³),zen2,暂无
浦东·川沙,神(神),[空],zen2(zən²¹³),zen2,暂无
浦东·川沙,程(程),[空],zen2(zən²¹³),zen2,暂无
浦东·川沙,纯(純),[空],zen2(zən²¹³),zen2,暂无
浦东·川沙,绳(繩),[空],zen2(zən²¹³),zen2,暂无
浦东·川沙,臣(臣),[空],zen2(zən²¹³),zen2,暂无
浦东·川沙,莼(蒓),[空],zen2(zən²¹³),zen2,暂无
浦东·川沙,诚(誠),[空],zen2(zən²¹³),zen2,暂无
浦东·川沙,辰(辰),[空],zen2(zən²¹³),zen2,暂无
浦东·川沙,醇(醇),[空],zen2(zən²¹³),zen2,暂无
浦东·川沙,陈(陳),[空],zen2(zən²¹³),zen2,暂无
浦东·川沙,忍(忍),[空],zen2(zən²¹³),zen2,暂无
浦东·川沙,甚(甚),[空],zen2(zən²¹³),zen2,暂无
浦东·川沙,肾(腎),[空],zen2(zən²¹³),zen2,暂无
浦东·川沙,任(任),[空],zen6(zən¹³),zen6,暂无
浦东·川沙,刃(刃),[空],zen6(zən¹³),zen6,暂无
浦东·川沙,剩(剩),[空],zen6(zən¹³),zen6,暂无
浦东·川沙,慎(慎),[空],zen6(zən¹³),zen6,暂无
浦东·川沙,润(潤),[空],zen6(zən¹³),zen6,暂无
浦东·川沙,盛(盛),兴~,zen6(zən¹³),zen6,暂无
浦东·川沙,纫(紉),[空],zen6(zən¹³),zen6,暂无
浦东·川沙,认(認),[空],zen6(zən¹³),zen6,暂无
浦东·川沙,赠(贈),[空],zen6(zən¹³),zen6,暂无
浦东·川沙,郑(鄭),[空],zen6(zən¹³),zen6,暂无
浦东·川沙,阵(陣),[空],zen6(zən¹³),zen6,暂无
浦东·川沙,韧(韌),[空],zen6(zən¹³),zen6,暂无
浦东·川沙,顺(順),[空],zen6(zən¹³),zen6,暂无
浦东·川沙,温(溫),[空],uen1(βən⁵³),uen1,暂无
浦东·川沙,瘟(瘟),[空],uen1(βən⁵³),uen1,暂无
浦东·川沙,坟(墳),[空],ven2(βən²¹³),ven2,暂无
浦东·川沙,文(文),[空],ven2(βən²¹³),ven2,暂无
浦东·川沙,浑(渾),[空],ven2(βən²¹³),ven2,暂无
浦东·川沙,焚(焚),[空],ven2(βən²¹³),ven2,暂无
浦东·川沙,纹(紋),[空],ven2(βən²¹³),ven2,暂无
浦东·川沙,闻(聞),[空],ven2(βən²¹³),ven2,暂无
浦东·川沙,馄(餛),[空],ven2(βən²¹³),ven2,暂无
浦东·川沙,魂(魂),[空],ven2(βən²¹³),ven2,暂无
浦东·川沙,刎(刎),[空],ven2(βən²¹³),ven2,暂无
浦东·川沙,吻(吻),[空],ven2(βən²¹³),ven2,暂无
浦东·川沙,忿(忿),[空],ven2(βən²¹³),ven2,暂无
浦东·川沙,愤(憤),[空],ven2(βən²¹³),ven2,暂无
浦东·川沙,混(混),[空],ven2(βən²¹³),ven2,暂无
浦东·川沙,稳(穩),[空],uen3(βən⁴⁴),uen3,暂无
浦东·川沙,份(份),本~,ven6(βən¹³),ven6,暂无
浦东·川沙,问(問),[空],ven6(βən¹³),ven6,暂无
浦东·川沙,恩(恩),[空],en1(ən⁵³),en1,暂无
浦东·川沙,别(別),~人,beq8(bəʔ²³),beq8,暂无
浦东·川沙,勃(勃),[空],beq8(bəʔ²³),beq8,暂无
浦东·川沙,钱(錢),[空],beq8(bəʔ²³),beq8,暂无
浦东·川沙,鼻(鼻),[空],beq8(bəʔ²³),beq8,暂无
浦东·川沙,□(□),~石头，搬,beq8(bəʔ²³),beq8,暂无
浦东·川沙,不(不),[空],peq7(ɓəʔ⁵),peq7,暂无
浦东·川沙,拨(撥),[空],peq7(ɓəʔ⁵),peq7,暂无
浦东·川沙,钵(缽),[空],peq7(ɓəʔ⁵),peq7,暂无
浦东·川沙,凸(凸),~出,deq8(dəʔ²³),deq8,暂无
浦东·川沙,突(突),[空],deq8(dəʔ²³),deq8,暂无
浦东·川沙,答(答),[空],teq7(ɗəʔ⁵),teq7,暂无
浦东·川沙,□(□),黏，贴,teq7(ɗəʔ⁵),teq7,暂无
浦东·川沙,搿(搿),[空],geq8(ɡəʔ²³),geq8,暂无
浦东·川沙,□(□),~脱，因被树荫等遮盖而长不好,heq7(həʔ⁵),heq7,暂无
浦东·川沙,合(合),[空],gheq8(ɦəʔ²³),gheq8,暂无
浦东·川沙,核(核),~心,gheq8(ɦəʔ²³),gheq8,暂无
浦东·川沙,佮(佮),~做生意，合,keq7(kəʔ⁵),keq7,暂无
浦东·川沙,割(割),[空],keq7(kəʔ⁵),keq7,暂无
浦东·川沙,割(割),[空],keq7(kəʔ⁵),keq7,暂无
浦东·川沙,合(合),十~为一升,keq7(kəʔ⁵),keq7,暂无
浦东·川沙,葛(葛),[空],keq7(kəʔ⁵),keq7,暂无
浦东·川沙,蛤(蛤),[空],keq7(kəʔ⁵),keq7,暂无
浦东·川沙,骨(骨),[空],keq7(kəʔ⁵),keq7,暂无
浦东·川沙,鸽(鴿),[空],keq7(kəʔ⁵),keq7,暂无
浦东·川沙,窟(窟),[空],kheq7(kʰəʔ⁵),kheq7,暂无
浦东·川沙,阔(闊),[空],kheq7(kʰəʔ⁵),kheq7,暂无
浦东·川沙,抹(抹),[空],meq8(məʔ²³),meq8,暂无
浦东·川沙,末(末),[空],meq8(məʔ²³),meq8,暂无
浦东·川沙,没(沒),[空],meq8(məʔ²³),meq8,暂无
浦东·川沙,沫(沫),[空],meq8(məʔ²³),meq8,暂无
浦东·川沙,物(物),~事，东西,meq8(məʔ²³),meq8,暂无
浦东·川沙,纳(納),[空],neq8(nəʔ²³),neq8,暂无
浦东·川沙,兀(兀),[空],ngeq8(ŋəʔ²³),ngeq8,暂无
浦东·川沙,覈(覈),审~,ngeq8(ŋəʔ²³),ngeq8,暂无
浦东·川沙,杌(杌),~子,ngeq8(ŋəʔ²³),ngeq8,暂无
浦东·川沙,□(□),凳子~，要垫一垫，脚不平,ngeq8(ŋəʔ²³),ngeq8,暂无
浦东·川沙,佛(佛),仿~,feq7(ɸəʔ⁵),feq7,暂无
浦东·川沙,勿(勿),[空],feq7(ɸəʔ⁵),feq7,暂无
浦东·川沙,寣(寣),困一~，一觉,feq7(ɸəʔ⁵),feq7,暂无
浦东·川沙,忽(忽),[空],feq7(ɸəʔ⁵),feq7,暂无
浦东·川沙,□(□),布~脱，变朽,feq7(ɸəʔ⁵),feq7,暂无
浦东·川沙,泼(潑),[空],pheq7(pʰəʔ⁵),pheq7,暂无
浦东·川沙,刷(刷),[空],seq7(səʔ⁵),seq7,暂无
浦东·川沙,失(失),[空],seq7(səʔ⁵),seq7,暂无
浦东·川沙,室(室),[空],seq7(səʔ⁵),seq7,暂无
浦东·川沙,摄(攝),[空],seq7(səʔ⁵),seq7,暂无
浦东·川沙,涩(澀),[空],seq7(səʔ⁵),seq7,暂无
浦东·川沙,湿(濕),[空],seq7(səʔ⁵),seq7,暂无
浦东·川沙,瑟(瑟),[空],seq7(səʔ⁵),seq7,暂无
浦东·川沙,虱(虱),[空],seq7(səʔ⁵),seq7,暂无
浦东·川沙,设(設),[空],seq7(səʔ⁵),seq7,暂无
浦东·川沙,□(□),麦~头，穗,seq7(səʔ⁵),seq7,暂无
浦东·川沙,脱(脫),坏~，助词,theq7(tʰəʔ⁵),theq7,暂无
浦东·川沙,□(□),我~侬，连词,theq7(tʰəʔ⁵),theq7,暂无
浦东·川沙,只(只),~有,tseq7(tsəʔ⁵),tseq7,暂无
浦东·川沙,哲(哲),[空],tseq7(tsəʔ⁵),tseq7,暂无
浦东·川沙,执(執),[空],tseq7(tsəʔ⁵),tseq7,暂无
浦东·川沙,折(折),[空],tseq7(tsəʔ⁵),tseq7,暂无
浦东·川沙,拙(拙),[空],tseq7(tsəʔ⁵),tseq7,暂无
浦东·川沙,汁(汁),[空],tseq7(tsəʔ⁵),tseq7,暂无
浦东·川沙,浙(浙),[空],tseq7(tsəʔ⁵),tseq7,暂无
浦东·川沙,褶(褶),[空],tseq7(tsəʔ⁵),tseq7,暂无
浦东·川沙,质(質),[空],tseq7(tsəʔ⁵),tseq7,暂无
浦东·川沙,出(出),[空],tsheq7(tsʰəʔ⁵),tsheq7,暂无
浦东·川沙,彻(徹),[空],tsheq7(tsʰəʔ⁵),tsheq7,暂无
浦东·川沙,撤(撤),[空],tsheq7(tsʰəʔ⁵),tsheq7,暂无
浦东·川沙,辙(轍),[空],tsheq7(tsʰəʔ⁵),tsheq7,暂无
浦东·川沙,什(什),[空],zeq8(zəʔ²³),zeq8,暂无
浦东·川沙,侄(侄),[空],zeq8(zəʔ²³),zeq8,暂无
浦东·川沙,入(入),[空],zeq8(zəʔ²³),zeq8,暂无
浦东·川沙,十(十),[空],zeq8(zəʔ²³),zeq8,暂无
浦东·川沙,实(實),[空],zeq8(zəʔ²³),zeq8,暂无
浦东·川沙,拾(拾),[空],zeq8(zəʔ²³),zeq8,暂无
浦东·川沙,日(日),[空],zeq8(zəʔ²³),zeq8,暂无
浦东·川沙,涉(涉),[空],zeq8(zəʔ²³),zeq8,暂无
浦东·川沙,秩(秩),[空],zeq8(zəʔ²³),zeq8,暂无
浦东·川沙,舌(舌),[空],zeq8(zəʔ²³),zeq8,暂无
浦东·川沙,蛰(蟄),惊~,zeq8(zəʔ²³),zeq8,暂无
浦东·川沙,术(術),[空],zeq8(zəʔ²³),zeq8,暂无
浦东·川沙,述(述),[空],zeq8(zəʔ²³),zeq8,暂无
浦东·川沙,杂(雜),[空],zeq8(zəʔ²³),zeq8,暂无
浦东·川沙,勿(勿),[空],ueq7(βəʔ⁵),ueq7,暂无
浦东·川沙,屋(屋),~里，家里,ueq7(βəʔ⁵),ueq7,暂无
浦东·川沙,殟(殟),~塞，心中郁闷，不快,ueq7(βəʔ⁵),ueq7,暂无
浦东·川沙,𩑦(𩑦),~杀，淹,ueq7(βəʔ⁵),ueq7,暂无
浦东·川沙,活(活),[空],veq8(βəʔ²³),veq8,暂无
浦东·川沙,核(核),桃~,veq8(βəʔ²³),veq8,暂无
浦东·川沙,佛(佛),[空],veq8(βəʔ²³),veq8,暂无
浦东·川沙,物(物),[空],veq8(βəʔ²³),veq8,暂无
浦东·川沙,活(活),~狲，猴子,veq8(βəʔ²³),veq8,暂无
浦东·川沙,□(□),~səʔ，心中郁闷，不快,veq8(βəʔ²³),veq8,暂无
浦东·川沙,□(□),~没，遮盖,eq7(əʔ⁵),eq7,暂无
浦东·川沙,爿(爿),一~田，块,bae2(bɛ²¹³),bae2,暂无
浦东·川沙,□(□),~乌龟，爬行,bae2(bɛ²¹³),bae2,暂无
浦东·川沙,办(辦),[空],bae6(bɛ¹³),bae6,暂无
浦东·川沙,扳(扳),[空],pae1(ɓɛ⁵³),pae1,暂无
浦东·川沙,斑(斑),[空],pae1(ɓɛ⁵³),pae1,暂无
浦东·川沙,班(班),[空],pae1(ɓɛ⁵³),pae1,暂无
浦东·川沙,般(般),一~,pae1(ɓɛ⁵³),pae1,暂无
浦东·川沙,颁(頒),[空],pae1(ɓɛ⁵³),pae1,暂无
浦东·川沙,板(板),[空],pae3(ɓɛ⁴⁴),pae3,暂无
浦东·川沙,版(版),[空],pae3(ɓɛ⁴⁴),pae3,暂无
浦东·川沙,扮(扮),[空],pae5(ɓɛ³⁵),pae5,暂无
浦东·川沙,瓣(瓣),一~叶子,pae5(ɓɛ³⁵),pae5,暂无
浦东·川沙,坛(壇),[空],dae2(dɛ²¹³),dae2,暂无
浦东·川沙,弹(彈),~琴,dae2(dɛ²¹³),dae2,暂无
浦东·川沙,檀(檀),[空],dae2(dɛ²¹³),dae2,暂无
浦东·川沙,潭(潭),龙~,dae2(dɛ²¹³),dae2,暂无
浦东·川沙,痰(痰),[空],dae2(dɛ²¹³),dae2,暂无
浦东·川沙,谈(談),[空],dae2(dɛ²¹³),dae2,暂无
浦东·川沙,谭(譚),[空],dae2(dɛ²¹³),dae2,暂无
浦东·川沙,氮(氮),[空],dae2(dɛ²¹³),dae2,暂无
浦东·川沙,淡(淡),[空],dae2(dɛ²¹³),dae2,暂无
浦东·川沙,诞(誕),[空],dae2(dɛ²¹³),dae2,暂无
浦东·川沙,但(但),[空],dae6(dɛ¹³),dae6,暂无
浦东·川沙,弹(彈),~子,dae6(dɛ¹³),dae6,暂无
浦东·川沙,蛋(蛋),[空],dae6(dɛ¹³),dae6,暂无
浦东·川沙,丹(丹),[空],tae1(ɗɛ⁵³),tae1,暂无
浦东·川沙,任(任),[空],tae1(ɗɛ⁵³),tae1,暂无
浦东·川沙,单(單),[空],tae1(ɗɛ⁵³),tae1,暂无
浦东·川沙,担(擔),~任,tae1(ɗɛ⁵³),tae1,暂无
浦东·川沙,耽(耽),[空],tae1(ɗɛ⁵³),tae1,暂无
浦东·川沙,诞(誕),[空],tae1(ɗɛ⁵³),tae1,暂无
浦东·川沙,□(□),~过来，拿,tae1(ɗɛ⁵³),tae1,暂无
浦东·川沙,胆(膽),[空],tae3(ɗɛ⁴⁴),tae3,暂无
浦东·川沙,担(擔),挑~,tae5(ɗɛ³⁵),tae5,暂无
浦东·川沙,旦(旦),[空],tae5(ɗɛ³⁵),tae5,暂无
浦东·川沙,□(□),黄~，蟹类；蟹要~人，夹,gae2(ɡɛ²¹³),gae2,暂无
浦东·川沙,喊(喊),[空],hae5(hɛ³⁵),hae5,暂无
浦东·川沙,还(還),~有,ghae2(ɦɛ²¹³),ghae2,暂无
浦东·川沙,衔(銜),~拉嘴浪,ghae2(ɦɛ²¹³),ghae2,暂无
浦东·川沙,闲(閑),[空],ghae2(ɦɛ²¹³),ghae2,暂无
浦东·川沙,咸(鹹),~味,ghae2(ɦɛ²¹³),ghae2,暂无
浦东·川沙,限(限),白,ghae2(ɦɛ²¹³),ghae2,暂无
浦东·川沙,陷(陷),白,ghae6(ɦɛ¹³),ghae6,暂无
浦东·川沙,馅(餡),~头，馅,ghae6(ɦɛ¹³),ghae6,暂无
浦东·川沙,奸(奸),白,kae1(kɛ⁵³),kae1,暂无
浦东·川沙,奸(姦),白,kae1(kɛ⁵³),kae1,暂无
浦东·川沙,尴(尷),~尬,kae1(kɛ⁵³),kae1,暂无
浦东·川沙,监(監),[空],kae1(kɛ⁵³),kae1,暂无
浦东·川沙,间(間),白,kae1(kɛ⁵³),kae1,暂无
浦东·川沙,碱(堿),[空],kae3(kɛ⁴⁴),kae3,暂无
浦东·川沙,拣(揀),[空],kae3(kɛ⁴⁴),kae3,暂无
浦东·川沙,柬(柬),[空],kae3(kɛ⁴⁴),kae3,暂无
浦东·川沙,减(減),[空],kae3(kɛ⁴⁴),kae3,暂无
浦东·川沙,裥(襇),[空],kae3(kɛ⁴⁴),kae3,暂无
浦东·川沙,□(□),~出眼饭来，分出一点（饭菜）,kae3(kɛ⁴⁴),kae3,暂无
浦东·川沙,两(兩),[空],kae5(kɛ³⁵),kae5,暂无
浦东·川沙,橄(橄),[空],kae5(kɛ³⁵),kae5,暂无
浦东·川沙,涧(澗),[空],kae5(kɛ³⁵),kae5,暂无
浦东·川沙,谏(諫),[空],kae5(kɛ³⁵),kae5,暂无
浦东·川沙,间(間),~两日，间隔,kae5(kɛ³⁵),kae5,暂无
浦东·川沙,槛(檻),门~,khae1(kʰɛ⁵³),khae1,暂无
浦东·川沙,铅(鉛),白,khae1(kʰɛ⁵³),khae1,暂无
浦东·川沙,嵌(嵌),[空],khae5(kʰɛ³⁵),khae5,暂无
浦东·川沙,舰(艦),[空],khae5(kʰɛ³⁵),khae5,暂无
浦东·川沙,拦(攔),阻~,lae2(lɛ²¹³),lae2,暂无
浦东·川沙,栏(欄),~杆,lae2(lɛ²¹³),lae2,暂无
浦东·川沙,篮(籃),[空],lae2(lɛ²¹³),lae2,暂无
浦东·川沙,蓝(藍),[空],lae2(lɛ²¹³),lae2,暂无
浦东·川沙,兰(蘭),[空],lae2(lɛ²¹³),lae2,暂无
浦东·川沙,懒(懶),[空],lae2(lɛ²¹³),lae2,暂无
浦东·川沙,揽(攬),[空],lae2(lɛ²¹³),lae2,暂无
浦东·川沙,榄(欖),[空],lae2(lɛ²¹³),lae2,暂无
浦东·川沙,览(覽),[空],lae2(lɛ²¹³),lae2,暂无
浦东·川沙,滥(濫),[空],lae6(lɛ¹³),lae6,暂无
浦东·川沙,烂(爛),[空],lae6(lɛ¹³),lae6,暂无
浦东·川沙,缆(纜),[空],lae6(lɛ¹³),lae6,暂无
浦东·川沙,蛮(蠻),副词，~好,mae1(mɛ⁵³),mae1,暂无
浦东·川沙,蛮(蠻),野~,mae2(mɛ²¹³),mae2,暂无
浦东·川沙,慢(慢),[空],mae6(mɛ¹³),mae6,暂无
浦东·川沙,万(萬),千叮~嘱,mae6(mɛ¹³),mae6,暂无
浦东·川沙,迈(邁),[空],mae6(mɛ¹³),mae6,暂无
浦东·川沙,拿(拿),[空],nae1(nɛ⁵³),nae1,暂无
浦东·川沙,难(難),[空],nae2(nɛ²¹³),nae2,暂无
浦东·川沙,颜(顏),白,ngae2(ŋɛ²¹³),ngae2,暂无
浦东·川沙,眼(眼),[空],ngae2(ŋɛ²¹³),ngae2,暂无
浦东·川沙,雁(雁),[空],ngae6(ŋɛ¹³),ngae6,暂无
浦东·川沙,番(番),[空],fae1(ɸɛ⁵³),fae1,暂无
浦东·川沙,翻(翻),[空],fae1(ɸɛ⁵³),fae1,暂无
浦东·川沙,蕃(蕃),~茄,fae1(ɸɛ⁵³),fae1,暂无
浦东·川沙,反(反),[空],fae3(ɸɛ⁴⁴),fae3,暂无
浦东·川沙,□(□),～能，胃中不适，欲呕,fae3(ɸɛ⁴⁴),fae3,暂无
浦东·川沙,泛(泛),[空],fae5(ɸɛ³⁵),fae5,暂无
浦东·川沙,贩(販),[空],fae5(ɸɛ³⁵),fae5,暂无
浦东·川沙,□(□),~尾巴，甩,fae5(ɸɛ³⁵),fae5,暂无
浦东·川沙,攀(攀),[空],phae1(pʰɛ⁵³),phae1,暂无
浦东·川沙,□(□),~根绳子晒衣裳，拉,phae1(pʰɛ⁵³),phae1,暂无
浦东·川沙,盼(盼),[空],phae5(pʰɛ³⁵),phae5,暂无
浦东·川沙,袢(袢),[空],phae5(pʰɛ³⁵),phae5,暂无
浦东·川沙,襻(襻),纽~,phae5(pʰɛ³⁵),phae5,暂无
浦东·川沙,鋬(鋬),茶壶~,phae5(pʰɛ³⁵),phae5,暂无
浦东·川沙,三(三),[空],sae1(sɛ⁵³),sae1,暂无
浦东·川沙,删(刪),[空],sae1(sɛ⁵³),sae1,暂无
浦东·川沙,山(山),[空],sae1(sɛ⁵³),sae1,暂无
浦东·川沙,杉(杉),[空],sae1(sɛ⁵³),sae1,暂无
浦东·川沙,汕(汕),[空],sae1(sɛ⁵³),sae1,暂无
浦东·川沙,珊(珊),[空],sae1(sɛ⁵³),sae1,暂无
浦东·川沙,疝(疝),[空],sae1(sɛ⁵³),sae1,暂无
浦东·川沙,衫(衫),[空],sae1(sɛ⁵³),sae1,暂无
浦东·川沙,讪(訕),搭~,sae1(sɛ⁵³),sae1,暂无
浦东·川沙,散(散),[空],sae3(sɛ⁴⁴),sae3,暂无
浦东·川沙,伞(傘),[空],sae5(sɛ³⁵),sae5,暂无
浦东·川沙,啥(啥),~人，谁,sae5(sɛ³⁵),sae5,暂无
浦东·川沙,坍(坍),[空],thae1(tʰɛ⁵³),thae1,暂无
浦东·川沙,摊(攤),[空],thae1(tʰɛ⁵³),thae1,暂无
浦东·川沙,毯(毯),[空],thae1(tʰɛ⁵³),thae1,暂无
浦东·川沙,滩(灘),[空],thae1(tʰɛ⁵³),thae1,暂无
浦东·川沙,瘫(癱),[空],thae1(tʰɛ⁵³),thae1,暂无
浦东·川沙,坦(坦),[空],thae3(tʰɛ⁴⁴),thae3,暂无
浦东·川沙,袒(袒),[空],thae3(tʰɛ⁴⁴),thae3,暂无
浦东·川沙,叹(歎),[空],thae5(tʰɛ³⁵),thae5,暂无
浦东·川沙,炭(炭),[空],thae5(tʰɛ³⁵),thae5,暂无
浦东·川沙,劗(劗),~肉，切，剁,tsae1(tsɛ⁵³),tsae1,暂无
浦东·川沙,崭(嶄),[空],tsae3(tsɛ⁴⁴),tsae3,暂无
浦东·川沙,斩(斬),[空],tsae3(tsɛ⁴⁴),tsae3,暂无
浦东·川沙,盏(盞),[空],tsae3(tsɛ⁴⁴),tsae3,暂无
浦东·川沙,□(□),好,tsae3(tsɛ⁴⁴),tsae3,暂无
浦东·川沙,□(□),侬去~脱歇，小睡,tsae3(tsɛ⁴⁴),tsae3,暂无
浦东·川沙,蘸(蘸),[空],tsae5(tsɛ³⁵),tsae5,暂无
浦东·川沙,赞(贊),[空],tsae5(tsɛ³⁵),tsae5,暂无
浦东·川沙,搀(攙),[空],tshae1(tsʰɛ⁵³),tshae1,暂无
浦东·川沙,□(□),~伊一跤，推,tshae1(tsʰɛ⁵³),tshae1,暂无
浦东·川沙,□(□),来~拉甏里，倾倒,tshae1(tsʰɛ⁵³),tshae1,暂无
浦东·川沙,产(產),[空],tshae3(tsʰɛ⁴⁴),tshae3,暂无
浦东·川沙,铲(鏟),[空],tshae3(tsʰɛ⁴⁴),tshae3,暂无
浦东·川沙,□(□),~伊两声，责骂,tshae3(tsʰɛ⁴⁴),tshae3,暂无
浦东·川沙,灿(燦),[空],tshae5(tsʰɛ³⁵),tshae5,暂无
浦东·川沙,惭(慚),[空],zae2(zɛ²¹³),zae2,暂无
浦东·川沙,残(殘),[空],zae2(zɛ²¹³),zae2,暂无
浦东·川沙,涎(涎),~唾，唾沫,zae2(zɛ²¹³),zae2,暂无
浦东·川沙,谗(讒),[空],zae2(zɛ²¹³),zae2,暂无
浦东·川沙,馋(饞),[空],zae2(zɛ²¹³),zae2,暂无
浦东·川沙,巉(巉),扶梯~，陡,zae6(zɛ¹³),zae6,暂无
浦东·川沙,暂(暫),[空],zae6(zɛ¹³),zae6,暂无
浦东·川沙,栈(棧),[空],zae6(zɛ¹³),zae6,暂无
浦东·川沙,湛(湛),[空],zae6(zɛ¹³),zae6,暂无
浦东·川沙,溅(濺),[空],zae6(zɛ¹³),zae6,暂无
浦东·川沙,站(站),[空],zae6(zɛ¹³),zae6,暂无
浦东·川沙,绽(綻),[空],zae6(zɛ¹³),zae6,暂无
浦东·川沙,赚(賺),[空],zae6(zɛ¹³),zae6,暂无
浦东·川沙,□(□),扶梯~，陡,zae6(zɛ¹³),zae6,暂无
浦东·川沙,弯(彎),[空],uae1(βɛ⁵³),uae1,暂无
浦东·川沙,湾(灣),[空],uae1(βɛ⁵³),uae1,暂无
浦东·川沙,□(□),顺便~一~，顺路去,uae1(βɛ⁵³),uae1,暂无
浦东·川沙,凡(凡),[空],vae2(βɛ²¹³),vae2,暂无
浦东·川沙,帆(帆),[空],vae2(βɛ²¹³),vae2,暂无
浦东·川沙,烦(煩),[空],vae2(βɛ²¹³),vae2,暂无
浦东·川沙,矾(礬),[空],vae2(βɛ²¹³),vae2,暂无
浦东·川沙,繁(繁),[空],vae2(βɛ²¹³),vae2,暂无
浦东·川沙,藩(藩),[空],vae2(βɛ²¹³),vae2,暂无
浦东·川沙,还(還),归~,vae2(βɛ²¹³),vae2,暂无
浦东·川沙,顽(頑),[空],vae2(βɛ²¹³),vae2,暂无
浦东·川沙,犯(犯),[空],vae2(βɛ²¹³),vae2,暂无
浦东·川沙,范(範),[空],vae2(βɛ²¹³),vae2,暂无
浦东·川沙,挽(挽),[空],uae3(βɛ⁴⁴),uae3,暂无
浦东·川沙,晚(晚),[空],uae3(βɛ⁴⁴),uae3,暂无
浦东·川沙,□(□),~水，打水,vae4(βɛ²¹³),vae4,暂无
浦东·川沙,宦(宦),[空],vae6(βɛ¹³),vae6,暂无
浦东·川沙,幻(幻),[空],vae6(βɛ¹³),vae6,暂无
浦东·川沙,患(患),[空],vae6(βɛ¹³),vae6,暂无
浦东·川沙,玩(玩),[空],vae6(βɛ¹³),vae6,暂无
浦东·川沙,万(萬),[空],vae6(βɛ¹³),vae6,暂无
浦东·川沙,饭(飯),[空],vae6(βɛ¹³),vae6,暂无
浦东·川沙,还(還),~有,ae1(ɛ⁵³),ae1,暂无
浦东·川沙,晏(晏),（时间）晚。白,ae5(ɛ³⁵),ae5,暂无
浦东·川沙,投(投),[空],deu2(dɤ²¹³),deu2,暂无
浦东·川沙,头(頭),[空],deu2(dɤ²¹³),deu2,暂无
浦东·川沙,骰(骰),[空],deu2(dɤ²¹³),deu2,暂无
浦东·川沙,痘(痘),[空],deu6(dɤ¹³),deu6,暂无
浦东·川沙,窦(竇),[空],deu6(dɤ¹³),deu6,暂无
浦东·川沙,豆(豆),[空],deu6(dɤ¹³),deu6,暂无
浦东·川沙,逗(逗),[空],deu6(dɤ¹³),deu6,暂无
浦东·川沙,兜(兜),[空],teu1(ɗɤ⁵³),teu1,暂无
浦东·川沙,抖(抖),[空],teu3(ɗɤ⁴⁴),teu3,暂无
浦东·川沙,斗(斗),一~米,teu3(ɗɤ⁴⁴),teu3,暂无
浦东·川沙,斗(鬥),~争,teu5(ɗɤ³⁵),teu5,暂无
浦东·川沙,□(□),~头缩颈，缩,geu2(ɡɤ²¹³),geu2,暂无
浦东·川沙,吼(吼),[空],heu1(hɤ⁵³),heu1,暂无
浦东·川沙,□(□),~背，驼背,heu1(hɤ⁵³),heu1,暂无
浦东·川沙,吼(吼),[空],heu3(hɤ⁴⁴),heu3,暂无
浦东·川沙,□(□),~退，吓唬,heu3(hɤ⁴⁴),heu3,暂无
浦东·川沙,鲎(鱟),[空],heu5(hɤ³⁵),heu5,暂无
浦东·川沙,侯(侯),[空],gheu2(ɦɤ²¹³),gheu2,暂无
浦东·川沙,儿(兒),~子,gheu2(ɦɤ²¹³),gheu2,暂无
浦东·川沙,喉(喉),[空],gheu2(ɦɤ²¹³),gheu2,暂无
浦东·川沙,猴(猴),[空],gheu2(ɦɤ²¹³),gheu2,暂无
浦东·川沙,厚(厚),[空],gheu2(ɦɤ²¹³),gheu2,暂无
浦东·川沙,后(后),[空],gheu2(ɦɤ²¹³),gheu2,暂无
浦东·川沙,候(候),[空],gheu6(ɦɤ¹³),gheu6,暂无
浦东·川沙,勾(勾),[空],keu1(kɤ⁵³),keu1,暂无
浦东·川沙,沟(溝),[空],keu1(kɤ⁵³),keu1,暂无
浦东·川沙,钩(鉤),[空],keu1(kɤ⁵³),keu1,暂无
浦东·川沙,构(構),[空],keu3(kɤ⁴⁴),keu3,暂无
浦东·川沙,狗(狗),[空],keu3(kɤ⁴⁴),keu3,暂无
浦东·川沙,苟(苟),[空],keu3(kɤ⁴⁴),keu3,暂无
浦东·川沙,购(購),[空],keu3(kɤ⁴⁴),keu3,暂无
浦东·川沙,人(人),[空],keu5(kɤ³⁵),keu5,暂无
浦东·川沙,个(個),~人,keu5(kɤ³⁵),keu5,暂无
浦东·川沙,够(夠),[空],keu5(kɤ³⁵),keu5,暂无
浦东·川沙,抠(摳),[空],kheu1(kʰɤ⁵³),kheu1,暂无
浦东·川沙,眍(瞘),[空],kheu1(kʰɤ⁵³),kheu1,暂无
浦东·川沙,口(口),[空],kheu3(kʰɤ⁴⁴),kheu3,暂无
浦东·川沙,叩(叩),[空],kheu3(kʰɤ⁴⁴),kheu3,暂无
浦东·川沙,寇(寇),[空],kheu5(kʰɤ³⁵),kheu5,暂无
浦东·川沙,扣(扣),[空],kheu5(kʰɤ³⁵),kheu5,暂无
浦东·川沙,□(□),~来，小气,kheu5(kʰɤ³⁵),kheu5,暂无
浦东·川沙,娄(婁),[空],leu2(lɤ²¹³),leu2,暂无
浦东·川沙,搂(摟),[空],leu2(lɤ²¹³),leu2,暂无
浦东·川沙,楼(樓),[空],leu2(lɤ²¹³),leu2,暂无
浦东·川沙,瘤(瘤),白,leu2(lɤ²¹³),leu2,暂无
浦东·川沙,蝼(螻),[空],leu2(lɤ²¹³),leu2,暂无
浦东·川沙,篓(簍),[空],leu2(lɤ²¹³),leu2,暂无
浦东·川沙,漏(漏),[空],leu6(lɤ¹³),leu6,暂无
浦东·川沙,陋(陋),[空],leu6(lɤ¹³),leu6,暂无
浦东·川沙,某(某),[空],meu2(mɤ²¹³),meu2,暂无
浦东·川沙,牟(牟),[空],meu2(mɤ²¹³),meu2,暂无
浦东·川沙,矛(矛),[空],meu2(mɤ²¹³),meu2,暂无
浦东·川沙,谋(謀),[空],meu2(mɤ²¹³),meu2,暂无
浦东·川沙,牡(牡),[空],meu2(mɤ²¹³),meu2,暂无
浦东·川沙,亩(畝),[空],meu2(mɤ²¹³),meu2,暂无
浦东·川沙,茂(茂),[空],meu6(mɤ¹³),meu6,暂无
浦东·川沙,贸(貿),[空],meu6(mɤ¹³),meu6,暂无
浦东·川沙,偶(偶),[空],ngeu2(ŋɤ²¹³),ngeu2,暂无
浦东·川沙,藕(藕),[空],ngeu2(ŋɤ²¹³),ngeu2,暂无
浦东·川沙,否(否),[空],feu5(ɸɤ³⁵),feu5,暂无
浦东·川沙,搜(搜),[空],seu1(sɤ⁵³),seu1,暂无
浦东·川沙,收(收),[空],seu1(sɤ⁵³),seu1,暂无
浦东·川沙,飕(颼),[空],seu1(sɤ⁵³),seu1,暂无
浦东·川沙,馊(餿),~气，馊,seu1(sɤ⁵³),seu1,暂无
浦东·川沙,叟(叟),[空],seu3(sɤ⁴⁴),seu3,暂无
浦东·川沙,守(守),[空],seu3(sɤ⁴⁴),seu3,暂无
浦东·川沙,手(手),[空],seu3(sɤ⁴⁴),seu3,暂无
浦东·川沙,首(首),[空],seu3(sɤ⁴⁴),seu3,暂无
浦东·川沙,□(□),~粉，揉，和面,seu3(sɤ⁴⁴),seu3,暂无
浦东·川沙,嗽(嗽),~来，咳嗽,seu5(sɤ³⁵),seu5,暂无
浦东·川沙,兽(獸),[空],seu5(sɤ³⁵),seu5,暂无
浦东·川沙,瘦(瘦),[空],seu5(sɤ³⁵),seu5,暂无
浦东·川沙,偷(偷),[空],theu1(tʰɤ⁵³),theu1,暂无
浦东·川沙,㪗(㪗),~开被头，抖开,theu3(tʰɤ⁴⁴),theu3,暂无
浦东·川沙,透(透),[空],theu5(tʰɤ³⁵),theu5,暂无
浦东·川沙,周(周),[空],tseu1(tsɤ⁵³),tseu1,暂无
浦东·川沙,州(州),[空],tseu1(tsɤ⁵³),tseu1,暂无
浦东·川沙,洲(洲),[空],tseu1(tsɤ⁵³),tseu1,暂无
浦东·川沙,舟(舟),[空],tseu1(tsɤ⁵³),tseu1,暂无
浦东·川沙,邹(鄒),[空],tseu1(tsɤ⁵³),tseu1,暂无
浦东·川沙,帚(帚),[空],tseu3(tsɤ⁴⁴),tseu3,暂无
浦东·川沙,肘(肘),[空],tseu3(tsɤ⁴⁴),tseu3,暂无
浦东·川沙,走(走),[空],tseu3(tsɤ⁴⁴),tseu3,暂无
浦东·川沙,咒(咒),[空],tseu5(tsɤ³⁵),tseu5,暂无
浦东·川沙,奏(奏),[空],tseu5(tsɤ³⁵),tseu5,暂无
浦东·川沙,昼(晝),[空],tseu5(tsɤ³⁵),tseu5,暂无
浦东·川沙,绉(縐),~纱,tseu5(tsɤ³⁵),tseu5,暂无
浦东·川沙,抽(抽),[空],tsheu1(tsʰɤ⁵³),tsheu1,暂无
浦东·川沙,丑(丑),[空],tsheu5(tsʰɤ³⁵),tsheu5,暂无
浦东·川沙,凑(湊),[空],tsheu5(tsʰɤ³⁵),tsheu5,暂无
浦东·川沙,臭(臭),[空],tsheu5(tsʰɤ³⁵),tsheu5,暂无
浦东·川沙,丑(醜),[空],tsheu5(tsʰɤ³⁵),tsheu5,暂无
浦东·川沙,仇(仇),[空],zeu2(zɤ²¹³),zeu2,暂无
浦东·川沙,愁(愁),[空],zeu2(zɤ²¹³),zeu2,暂无
浦东·川沙,揉(揉),[空],zeu2(zɤ²¹³),zeu2,暂无
浦东·川沙,柔(柔),[空],zeu2(zɤ²¹³),zeu2,暂无
浦东·川沙,筹(籌),[空],zeu2(zɤ²¹³),zeu2,暂无
浦东·川沙,绸(綢),[空],zeu2(zɤ²¹³),zeu2,暂无
浦东·川沙,酬(酬),[空],zeu2(zɤ²¹³),zeu2,暂无
浦东·川沙,受(受),[空],zeu2(zɤ²¹³),zeu2,暂无
浦东·川沙,纣(紂),[空],zeu2(zɤ²¹³),zeu2,暂无
浦东·川沙,售(售),[空],zeu6(zɤ¹³),zeu6,暂无
浦东·川沙,寿(壽),[空],zeu6(zɤ¹³),zeu6,暂无
浦东·川沙,宙(宙),[空],zeu6(zɤ¹³),zeu6,暂无
浦东·川沙,授(授),[空],zeu6(zɤ¹³),zeu6,暂无
浦东·川沙,骤(驟),[空],zeu6(zɤ¹³),zeu6,暂无
浦东·川沙,浮(浮),[空],veu2(βɤ²¹³),veu2,暂无
浦东·川沙,负(負),[空],veu2(βɤ²¹³),veu2,暂无
浦东·川沙,阜(阜),[空],veu2(βɤ²¹³),veu2,暂无
浦东·川沙,伛(傴),~腰曲背,eu1(ɤ⁵³),eu1,暂无
浦东·川沙,欧(歐),[空],eu1(ɤ⁵³),eu1,暂无
浦东·川沙,殴(毆),[空],eu1(ɤ⁵³),eu1,暂无
浦东·川沙,瓯(甌),[空],eu1(ɤ⁵³),eu1,暂无
浦东·川沙,呕(嘔),[空],eu3(ɤ⁴⁴),eu3,暂无
浦东·川沙,伛(傴),~下去，弯腰,eu5(ɤ³⁵),eu5,暂无
浦东·川沙,便(便),~宜,bi2(bi²¹³),bi2,暂无
浦东·川沙,啤(啤),~酒,bi2(bi²¹³),bi2,暂无
浦东·川沙,琵(琵),[空],bi2(bi²¹³),bi2,暂无
浦东·川沙,疲(疲),[空],bi2(bi²¹³),bi2,暂无
浦东·川沙,皮(皮),[空],bi2(bi²¹³),bi2,暂无
浦东·川沙,肥(肥),~皂,bi2(bi²¹³),bi2,暂无
浦东·川沙,脾(脾),[空],bi2(bi²¹³),bi2,暂无
浦东·川沙,鲏(鮍),鳑~鱼,bi2(bi²¹³),bi2,暂无
浦东·川沙,婢(婢),[空],bi2(bi²¹³),bi2,暂无
浦东·川沙,痹(痹),[空],bi2(bi²¹³),bi2,暂无
浦东·川沙,被(被),~头,bi2(bi²¹³),bi2,暂无
浦东·川沙,辨(辨),[空],bi2(bi²¹³),bi2,暂无
浦东·川沙,辫(辮),[空],bi2(bi²¹³),bi2,暂无
浦东·川沙,辩(辯),[空],bi2(bi²¹³),bi2,暂无
浦东·川沙,鄙(鄙),~人,bi2(bi²¹³),bi2,暂无
浦东·川沙,陛(陛),[空],bi2(bi²¹³),bi2,暂无
浦东·川沙,□(□),~辫子，梳,bi4(bi²¹³),bi4,暂无
浦东·川沙,便(便),方~,bi6(bi¹³),bi6,暂无
浦东·川沙,币(幣),[空],bi6(bi¹³),bi6,暂无
浦东·川沙,弊(弊),[空],bi6(bi¹³),bi6,暂无
浦东·川沙,敝(敝),[空],bi6(bi¹³),bi6,暂无
浦东·川沙,毙(斃),[空],bi6(bi¹³),bi6,暂无
浦东·川沙,汴(汴),[空],bi6(bi¹³),bi6,暂无
浦东·川沙,璧(璧),~刀,bi6(bi¹³),bi6,暂无
浦东·川沙,避(避),[空],bi6(bi¹³),bi6,暂无
浦东·川沙,屄(屄),女阴,pi1(ɓi⁵³),pi1,暂无
浦东·川沙,篦(篦),[空],pi1(ɓi⁵³),pi1,暂无
浦东·川沙,编(編),[空],pi1(ɓi⁵³),pi1,暂无
浦东·川沙,蓖(蓖),[空],pi1(ɓi⁵³),pi1,暂无
浦东·川沙,蝙(蝙),[空],pi1(ɓi⁵³),pi1,暂无
浦东·川沙,边(邊),[空],pi1(ɓi⁵³),pi1,暂无
浦东·川沙,鞭(鞭),[空],pi1(ɓi⁵³),pi1,暂无
浦东·川沙,匾(匾),[空],pi3(ɓi⁴⁴),pi3,暂无
浦东·川沙,扁(扁),[空],pi3(ɓi⁴⁴),pi3,暂无
浦东·川沙,比(比),[空],pi3(ɓi⁴⁴),pi3,暂无
浦东·川沙,鄙(鄙),卑~,pi3(ɓi⁴⁴),pi3,暂无
浦东·川沙,庇(庇),[空],pi5(ɓi³⁵),pi5,暂无
浦东·川沙,泌(泌),[空],pi5(ɓi³⁵),pi5,暂无
浦东·川沙,秘(秘),[空],pi5(ɓi³⁵),pi5,暂无
浦东·川沙,臂(臂),[空],pi5(ɓi³⁵),pi5,暂无
浦东·川沙,蔽(蔽),[空],pi5(ɓi³⁵),pi5,暂无
浦东·川沙,变(變),[空],pi5(ɓi³⁵),pi5,暂无
浦东·川沙,贬(貶),[空],pi5(ɓi³⁵),pi5,暂无
浦东·川沙,遍(遍),一~,pi5(ɓi³⁵),pi5,暂无
浦东·川沙,闭(閉),[空],pi5(ɓi³⁵),pi5,暂无
浦东·川沙,嬉(嬉),[空],shi1(ɕi⁵³),shi1,暂无
浦东·川沙,希(希),[空],shi1(ɕi⁵³),shi1,暂无
浦东·川沙,熙(熙),[空],shi1(ɕi⁵³),shi1,暂无
浦东·川沙,牺(犧),[空],shi1(ɕi⁵³),shi1,暂无
浦东·川沙,稀(稀),[空],shi1(ɕi⁵³),shi1,暂无
浦东·川沙,轩(軒),[空],shi1(ɕi⁵³),shi1,暂无
浦东·川沙,喜(喜),[空],shi3(ɕi⁴⁴),shi3,暂无
浦东·川沙,蟢(蟢),[空],shi3(ɕi⁴⁴),shi3,暂无
浦东·川沙,险(險),[空],shi3(ɕi⁴⁴),shi3,暂无
浦东·川沙,显(顯),[空],shi3(ɕi⁴⁴),shi3,暂无
浦东·川沙,宪(憲),[空],shi5(ɕi³⁵),shi5,暂无
浦东·川沙,戏(戲),[空],shi5(ɕi³⁵),shi5,暂无
浦东·川沙,献(獻),[空],shi5(ɕi³⁵),shi5,暂无
浦东·川沙,系(係),关~,shi5(ɕi³⁵),shi5,暂无
浦东·川沙,苋(莧),米~，苋菜,shi5(ɕi³⁵),shi5,暂无
浦东·川沙,□(□),颜色~，鲜艳,shi5(ɕi³⁵),shi5,暂无
浦东·川沙,啼(啼),[空],di2(di²¹³),di2,暂无
浦东·川沙,堤(堤),[空],di2(di²¹³),di2,暂无
浦东·川沙,填(填),[空],di2(di²¹³),di2,暂无
浦东·川沙,提(提),[空],di2(di²¹³),di2,暂无
浦东·川沙,甜(甜),[空],di2(di²¹³),di2,暂无
浦东·川沙,田(田),[空],di2(di²¹³),di2,暂无
浦东·川沙,蹄(蹄),[空],di2(di²¹³),di2,暂无
浦东·川沙,钿(鈿),铜~，钱,di2(di²¹³),di2,暂无
浦东·川沙,题(題),[空],di2(di²¹³),di2,暂无
浦东·川沙,弟(弟),[空],di2(di²¹³),di2,暂无
浦东·川沙,佃(佃),[空],di6(di¹³),di6,暂无
浦东·川沙,地(地),[空],di6(di¹³),di6,暂无
浦东·川沙,垫(墊),[空],di6(di¹³),di6,暂无
浦东·川沙,奠(奠),[空],di6(di¹³),di6,暂无
浦东·川沙,殿(殿),[空],di6(di¹³),di6,暂无
浦东·川沙,淀(淀),~山湖，上海湖名,di6(di¹³),di6,暂无
浦东·川沙,淀(澱),[空],di6(di¹³),di6,暂无
浦东·川沙,第(第),[空],di6(di¹³),di6,暂无
浦东·川沙,递(遞),[空],di6(di¹³),di6,暂无
浦东·川沙,隶(隸),[空],di6(di¹³),di6,暂无
浦东·川沙,电(電),[空],di6(di¹³),di6,暂无
浦东·川沙,低(低),[空],ti1(ɗi⁵³),ti1,暂无
浦东·川沙,掂(掂),[空],ti1(ɗi⁵³),ti1,暂无
浦东·川沙,踮(踮),[空],ti1(ɗi⁵³),ti1,暂无
浦东·川沙,颠(顛),[空],ti1(ɗi⁵³),ti1,暂无
浦东·川沙,典(典),[空],ti3(ɗi⁴⁴),ti3,暂无
浦东·川沙,底(底),[空],ti3(ɗi⁴⁴),ti3,暂无
浦东·川沙,抵(抵),[空],ti3(ɗi⁴⁴),ti3,暂无
浦东·川沙,点(點),[空],ti3(ɗi⁴⁴),ti3,暂无
浦东·川沙,帝(帝),[空],ti5(ɗi³⁵),ti5,暂无
浦东·川沙,店(店),[空],ti5(ɗi³⁵),ti5,暂无
浦东·川沙,渧(渧),水~下来，滴落,ti5(ɗi³⁵),ti5,暂无
浦东·川沙,乾(乾),~坤,ji2(dʑi²¹³),ji2,暂无
浦东·川沙,其(其),[空],ji2(dʑi²¹³),ji2,暂无
浦东·川沙,奇(奇),[空],ji2(dʑi²¹³),ji2,暂无
浦东·川沙,岐(岐),[空],ji2(dʑi²¹³),ji2,暂无
浦东·川沙,掮(掮),[空],ji2(dʑi²¹³),ji2,暂无
浦东·川沙,旗(旗),[空],ji2(dʑi²¹³),ji2,暂无
浦东·川沙,棋(棋),[空],ji2(dʑi²¹³),ji2,暂无
浦东·川沙,期(期),[空],ji2(dʑi²¹³),ji2,暂无
浦东·川沙,祁(祁),[空],ji2(dʑi²¹³),ji2,暂无
浦东·川沙,祈(祈),[空],ji2(dʑi²¹³),ji2,暂无
浦东·川沙,萁(萁),花~柴，棉花秸,ji2(dʑi²¹³),ji2,暂无
浦东·川沙,虔(虔),[空],ji2(dʑi²¹³),ji2,暂无
浦东·川沙,蜞(蜞),蟛~,ji2(dʑi²¹³),ji2,暂无
浦东·川沙,钳(鉗),[空],ji2(dʑi²¹³),ji2,暂无
浦东·川沙,骑(騎),[空],ji2(dʑi²¹³),ji2,暂无
浦东·川沙,鳍(鰭),[空],ji2(dʑi²¹³),ji2,暂无
浦东·川沙,件(件),[空],ji2(dʑi²¹³),ji2,暂无
浦东·川沙,妓(妓),[空],ji2(dʑi²¹³),ji2,暂无
浦东·川沙,技(技),[空],ji2(dʑi²¹³),ji2,暂无
浦东·川沙,键(鍵),[空],ji2(dʑi²¹³),ji2,暂无
浦东·川沙,健(健),[空],ji6(dʑi¹³),ji6,暂无
浦东·川沙,忌(忌),[空],ji6(dʑi¹³),ji6,暂无
浦东·川沙,伊(伊),他,yi2(ɦi²¹³),yi2,暂无
浦东·川沙,兮(兮),[空],yi2(ɦi²¹³),yi2,暂无
浦东·川沙,夷(夷),[空],yi2(ɦi²¹³),yi2,暂无
浦东·川沙,奚(奚),[空],yi2(ɦi²¹³),yi2,暂无
浦东·川沙,姨(姨),[空],yi2(ɦi²¹³),yi2,暂无
浦东·川沙,嫌(嫌),[空],yi2(ɦi²¹³),yi2,暂无
浦东·川沙,延(延),[空],yi2(ɦi²¹³),yi2,暂无
浦东·川沙,弦(弦),[空],yi2(ɦi²¹³),yi2,暂无
浦东·川沙,携(攜),[空],yi2(ɦi²¹³),yi2,暂无
浦东·川沙,沂(沂),[空],yi2(ɦi²¹³),yi2,暂无
浦东·川沙,沿(沿),[空],yi2(ɦi²¹³),yi2,暂无
浦东·川沙,涎(涎),[空],yi2(ɦi²¹³),yi2,暂无
浦东·川沙,炎(炎),发~,yi2(ɦi²¹³),yi2,暂无
浦东·川沙,焉(焉),[空],yi2(ɦi²¹³),yi2,暂无
浦东·川沙,矣(矣),[空],yi2(ɦi²¹³),yi2,暂无
浦东·川沙,移(移),[空],yi2(ɦi²¹³),yi2,暂无
浦东·川沙,檐(簷),[空],yi2(ɦi²¹³),yi2,暂无
浦东·川沙,蜒(蜒),水~蚰,yi2(ɦi²¹³),yi2,暂无
浦东·川沙,言(言),[空],yi2(ɦi²¹³),yi2,暂无
浦东·川沙,谐(諧),[空],yi2(ɦi²¹³),yi2,暂无
浦东·川沙,贤(賢),[空],yi2(ɦi²¹³),yi2,暂无
浦东·川沙,遗(遺),[空],yi2(ɦi²¹³),yi2,暂无
浦东·川沙,铅(鉛),[空],yi2(ɦi²¹³),yi2,暂无
浦东·川沙,颜(顏),[空],yi2(ɦi²¹³),yi2,暂无
浦东·川沙,饴(飴),[空],yi2(ɦi²¹³),yi2,暂无
浦东·川沙,盐(鹽),[空],yi2(ɦi²¹³),yi2,暂无
浦东·川沙,演(演),[空],yi2(ɦi²¹³),yi2,暂无
浦东·川沙,勚(勩),~脱，磨损,yi6(ɦi¹³),yi6,暂无
浦东·川沙,懈(懈),[空],yi6(ɦi¹³),yi6,暂无
浦东·川沙,易(易),容~,yi6(ɦi¹³),yi6,暂无
浦东·川沙,现(現),[空],yi6(ɦi¹³),yi6,暂无
浦东·川沙,异(異),[空],yi6(ɦi¹³),yi6,暂无
浦东·川沙,疑(疑),[空],yi6(ɦi¹³),yi6,暂无
浦东·川沙,系(系),[空],yi6(ɦi¹³),yi6,暂无
浦东·川沙,腌(醃),~菜,yi6(ɦi¹³),yi6,暂无
浦东·川沙,□(□),称得~，（份量）不足,li1(li⁵³),li1,暂无
浦东·川沙,厘(厘),[空],li2(li²¹³),li2,暂无
浦东·川沙,廉(廉),[空],li2(li²¹³),li2,暂无
浦东·川沙,怜(憐),[空],li2(li²¹³),li2,暂无
浦东·川沙,犁(犁),[空],li2(li²¹³),li2,暂无
浦东·川沙,狸(狸),[空],li2(li²¹³),li2,暂无
浦东·川沙,璃(璃),[空],li2(li²¹³),li2,暂无
浦东·川沙,帘(簾),[空],li2(li²¹³),li2,暂无
浦东·川沙,篱(籬),[空],li2(li²¹³),li2,暂无
浦东·川沙,联(聯),[空],li2(li²¹³),li2,暂无
浦东·川沙,莲(蓮),[空],li2(li²¹³),li2,暂无
浦东·川沙,裢(褳),褡~,li2(li²¹³),li2,暂无
浦东·川沙,连(連),[空],li2(li²¹³),li2,暂无
浦东·川沙,镰(鐮),[空],li2(li²¹³),li2,暂无
浦东·川沙,离(離),[空],li2(li²¹³),li2,暂无
浦东·川沙,鲢(鰱),花~,li2(li²¹³),li2,暂无
浦东·川沙,黎(黎),[空],li2(li²¹³),li2,暂无
浦东·川沙,吕(呂),[空],li2(li²¹³),li2,暂无
浦东·川沙,敛(斂),[空],li2(li²¹³),li2,暂无
浦东·川沙,李(李),[空],li2(li²¹³),li2,暂无
浦东·川沙,理(理),[空],li2(li²¹³),li2,暂无
浦东·川沙,礼(禮),[空],li2(li²¹³),li2,暂无
浦东·川沙,脸(臉),[空],li2(li²¹³),li2,暂无
浦东·川沙,里(裡),[空],li2(li²¹³),li2,暂无
浦东·川沙,里(里),[空],li2(li²¹³),li2,暂无
浦东·川沙,鲤(鯉),[空],li2(li²¹³),li2,暂无
浦东·川沙,例(例),[空],li6(li¹³),li6,暂无
浦东·川沙,利(利),[空],li6(li¹³),li6,暂无
浦东·川沙,励(勵),[空],li6(li¹³),li6,暂无
浦东·川沙,厉(厲),[空],li6(li¹³),li6,暂无
浦东·川沙,吏(吏),[空],li6(li¹³),li6,暂无
浦东·川沙,恋(戀),[空],li6(li¹³),li6,暂无
浦东·川沙,楝(楝),[空],li6(li¹³),li6,暂无
浦东·川沙,殓(殮),[空],li6(li¹³),li6,暂无
浦东·川沙,泪(淚),[空],li6(li¹³),li6,暂无
浦东·川沙,痢(痢),[空],li6(li¹³),li6,暂无
浦东·川沙,练(練),[空],li6(li¹³),li6,暂无
浦东·川沙,链(鏈),[空],li6(li¹³),li6,暂无
浦东·川沙,丽(麗),[空],li6(li¹³),li6,暂无
浦东·川沙,咪(咪),~口酒，小口喝,mi1(mi⁵³),mi1,暂无
浦东·川沙,眯(眯),~眼睛,mi1(mi⁵³),mi1,暂无
浦东·川沙,弥(彌),[空],mi2(mi²¹³),mi2,暂无
浦东·川沙,棉(棉),[空],mi2(mi²¹³),mi2,暂无
浦东·川沙,楣(楣),[空],mi2(mi²¹³),mi2,暂无
浦东·川沙,眉(眉),[空],mi2(mi²¹³),mi2,暂无
浦东·川沙,眠(眠),[空],mi2(mi²¹³),mi2,暂无
浦东·川沙,糜(糜),[空],mi2(mi²¹³),mi2,暂无
浦东·川沙,绵(綿),[空],mi2(mi²¹³),mi2,暂无
浦东·川沙,谜(謎),[空],mi2(mi²¹³),mi2,暂无
浦东·川沙,迷(迷),[空],mi2(mi²¹³),mi2,暂无
浦东·川沙,免(免),[空],mi2(mi²¹³),mi2,暂无
浦东·川沙,娩(娩),[空],mi2(mi²¹³),mi2,暂无
浦东·川沙,米(米),[空],mi2(mi²¹³),mi2,暂无
浦东·川沙,糜(糜),[空],mi2(mi²¹³),mi2,暂无
浦东·川沙,缅(緬),[空],mi2(mi²¹³),mi2,暂无
浦东·川沙,勉(勉),[空],mi3(mi⁴⁴),mi3,暂无
浦东·川沙,味(味),~道。白,mi6(mi¹³),mi6,暂无
浦东·川沙,媚(媚),[空],mi6(mi¹³),mi6,暂无
浦东·川沙,眠(眠),[空],mi6(mi¹³),mi6,暂无
浦东·川沙,面(面),[空],mi6(mi¹³),mi6,暂无
浦东·川沙,你(你),[空],ni1(ni⁵³),ni1,暂无
浦东·川沙,拈(拈),~开,gni1(ȵi⁵³),gni1,暂无
浦东·川沙,拟(擬),[空],gni1(ȵi⁵³),gni1,暂无
浦东·川沙,研(研),~究,gni1(ȵi⁵³),gni1,暂无
浦东·川沙,黏(黏),[空],gni1(ȵi⁵³),gni1,暂无
浦东·川沙,□(□),~~嘴，擦,gni1(ȵi⁵³),gni1,暂无
浦东·川沙,□(□),~螺丝，~开盖头，旋，拧,gni1(ȵi⁵³),gni1,暂无
浦东·川沙,倪(倪),[空],gni2(ȵi²¹³),gni2,暂无
浦东·川沙,仪(儀),[空],gni2(ȵi²¹³),gni2,暂无
浦东·川沙,呢(呢),[空],gni2(ȵi²¹³),gni2,暂无
浦东·川沙,严(嚴),[空],gni2(ȵi²¹³),gni2,暂无
浦东·川沙,宜(宜),[空],gni2(ȵi²¹³),gni2,暂无
浦东·川沙,尼(尼),[空],gni2(ȵi²¹³),gni2,暂无
浦东·川沙,年(年),[空],gni2(ȵi²¹³),gni2,暂无
浦东·川沙,拈(拈),~香,gni2(ȵi²¹³),gni2,暂无
浦东·川沙,泥(泥),[空],gni2(ȵi²¹³),gni2,暂无
浦东·川沙,疑(疑),[空],gni2(ȵi²¹³),gni2,暂无
浦东·川沙,研(研),~墨,gni2(ȵi²¹³),gni2,暂无
浦东·川沙,谚(諺),[空],gni2(ȵi²¹³),gni2,暂无
浦东·川沙,阎(閻),[空],gni2(ȵi²¹³),gni2,暂无
浦东·川沙,女(女),~婿,gni2(ȵi²¹³),gni2,暂无
浦东·川沙,尾(尾),~巴,gni2(ȵi²¹³),gni2,暂无
浦东·川沙,碾(碾),[空],gni2(ȵi²¹³),gni2,暂无
浦东·川沙,罱(罱),~泥,gni2(ȵi²¹³),gni2,暂无
浦东·川沙,耳(耳),~朵,gni2(ȵi²¹³),gni2,暂无
浦东·川沙,辇(輦),[空],gni2(ȵi²¹³),gni2,暂无
浦东·川沙,□(□),~头，瘾,gni2(ȵi²¹³),gni2,暂无
浦东·川沙,二(二),白,gni6(ȵi¹³),gni6,暂无
浦东·川沙,貳(貳),白,gni6(ȵi¹³),gni6,暂无
浦东·川沙,伲(伲),我们,gni6(ȵi¹³),gni6,暂无
浦东·川沙,毅(毅),[空],gni6(ȵi¹³),gni6,暂无
浦东·川沙,砚(硯),[空],gni6(ȵi¹³),gni6,暂无
浦东·川沙,义(義),[空],gni6(ȵi¹³),gni6,暂无
浦东·川沙,腻(膩),[空],gni6(ȵi¹³),gni6,暂无
浦东·川沙,艺(藝),[空],gni6(ȵi¹³),gni6,暂无
浦东·川沙,谊(誼),[空],gni6(ȵi¹³),gni6,暂无
浦东·川沙,议(議),[空],gni6(ȵi¹³),gni6,暂无
浦东·川沙,妃(妃),[空],fi1(ɸi⁵³),fi1,暂无
浦东·川沙,翡(翡),[空],fi1(ɸi⁵³),fi1,暂无
浦东·川沙,非(非),[空],fi1(ɸi⁵³),fi1,暂无
浦东·川沙,飞(飛),[空],fi1(ɸi⁵³),fi1,暂无
浦东·川沙,匪(匪),[空],fi3(ɸi⁴⁴),fi3,暂无
浦东·川沙,榧(榧),[空],fi3(ɸi⁴⁴),fi3,暂无
浦东·川沙,废(廢),[空],fi5(ɸi³⁵),fi5,暂无
浦东·川沙,沸(沸),[空],fi5(ɸi³⁵),fi5,暂无
浦东·川沙,肺(肺),[空],fi5(ɸi³⁵),fi5,暂无
浦东·川沙,费(費),[空],fi5(ɸi³⁵),fi5,暂无
浦东·川沙,批(批),[空],phi1(pʰi⁵³),phi1,暂无
浦东·川沙,披(披),[空],phi1(pʰi⁵³),phi1,暂无
浦东·川沙,篇(篇),[空],phi1(pʰi⁵³),phi1,暂无
浦东·川沙,纰(紕),~漏,phi1(pʰi⁵³),phi1,暂无
浦东·川沙,遍(遍),~地,phi1(pʰi⁵³),phi1,暂无
浦东·川沙,𠜱(𠜱),~肉片,phi1(pʰi⁵³),phi1,暂无
浦东·川沙,()(()),~咾zᴀ213:摇晃，站不稳,phi3(pʰi⁴⁴),phi3,暂无
浦东·川沙,□(□),~咾，zᴀ²¹³，摇晃，站不稳,phi3(pʰi⁴⁴),phi3,暂无
浦东·川沙,屁(屁),[空],phi5(pʰi³⁵),phi5,暂无
浦东·川沙,譬(譬),~如,phi5(pʰi³⁵),phi5,暂无
浦东·川沙,些(些),[空],si1(si⁵³),si1,暂无
浦东·川沙,仙(仙),[空],si1(si⁵³),si1,暂无
浦东·川沙,先(先),[空],si1(si⁵³),si1,暂无
浦东·川沙,圾(圾),垃~,si1(si⁵³),si1,暂无
浦东·川沙,宣(宣),[空],si1(si⁵³),si1,暂无
浦东·川沙,犀(犀),[空],si1(si⁵³),si1,暂无
浦东·川沙,西(西),[空],si1(si⁵³),si1,暂无
浦东·川沙,鲜(鮮),[空],si1(si⁵³),si1,暂无
浦东·川沙,□(□),称得~，秤足,si1(si⁵³),si1,暂无
浦东·川沙,死(死),[空],si3(si⁴⁴),si3,暂无
浦东·川沙,洗(洗),[空],si3(si⁴⁴),si3,暂无
浦东·川沙,癣(癬),[空],si3(si⁴⁴),si3,暂无
浦东·川沙,选(選),[空],si3(si⁴⁴),si3,暂无
浦东·川沙,婿(婿),[空],si5(si³⁵),si5,暂无
浦东·川沙,细(細),[空],si5(si³⁵),si5,暂无
浦东·川沙,絮(絮),被~,si5(si³⁵),si5,暂无
浦东·川沙,线(線),[空],si5(si³⁵),si5,暂无
浦东·川沙,鏾(鏾),~鸡，阉割,si5(si³⁵),si5,暂无
浦东·川沙,兼(兼),[空],ci1(tɕi⁵³),ci1,暂无
浦东·川沙,几(几),茶~,ci1(tɕi⁵³),ci1,暂无
浦东·川沙,基(基),[空],ci1(tɕi⁵³),ci1,暂无
浦东·川沙,坚(堅),[空],ci1(tɕi⁵³),ci1,暂无
浦东·川沙,几(幾),[空],ci1(tɕi⁵³),ci1,暂无
浦东·川沙,搛(搛),[空],ci1(tɕi⁵³),ci1,暂无
浦东·川沙,机(機),[空],ci1(tɕi⁵³),ci1,暂无
浦东·川沙,稽(稽),~查,ci1(tɕi⁵³),ci1,暂无
浦东·川沙,箕(箕),畚~,ci1(tɕi⁵³),ci1,暂无
浦东·川沙,肌(肌),[空],ci1(tɕi⁵³),ci1,暂无
浦东·川沙,肩(肩),[空],ci1(tɕi⁵³),ci1,暂无
浦东·川沙,艰(艱),[空],ci1(tɕi⁵³),ci1,暂无
浦东·川沙,讥(譏),[空],ci1(tɕi⁵³),ci1,暂无
浦东·川沙,间(間),[空],ci1(tɕi⁵³),ci1,暂无
浦东·川沙,鸡(雞),[空],ci1(tɕi⁵³),ci1,暂无
浦东·川沙,饥(饑),[空],ci1(tɕi⁵³),ci1,暂无
浦东·川沙,□(□),镰刀,ci1(tɕi⁵³),ci1,暂无
浦东·川沙,□(□),~咾轧，挤，推搡,ci1(tɕi⁵³),ci1,暂无
浦东·川沙,己(己),[空],ci3(tɕi⁴⁴),ci3,暂无
浦东·川沙,几(幾),~个,ci3(tɕi⁴⁴),ci3,暂无
浦东·川沙,检(檢),[空],ci3(tɕi⁴⁴),ci3,暂无
浦东·川沙,简(簡),[空],ci3(tɕi⁴⁴),ci3,暂无
浦东·川沙,纪(紀),[空],ci3(tɕi⁴⁴),ci3,暂无
浦东·川沙,茧(繭),[空],ci3(tɕi⁴⁴),ci3,暂无
浦东·川沙,冀(冀),[空],ci5(tɕi³⁵),ci5,暂无
浦东·川沙,剑(劍),[空],ci5(tɕi³⁵),ci5,暂无
浦东·川沙,季(季),[空],ci5(tɕi³⁵),ci5,暂无
浦东·川沙,寄(寄),[空],ci5(tɕi³⁵),ci5,暂无
浦东·川沙,建(建),[空],ci5(tɕi³⁵),ci5,暂无
浦东·川沙,悸(悸),[空],ci5(tɕi³⁵),ci5,暂无
浦东·川沙,既(既),[空],ci5(tɕi³⁵),ci5,暂无
浦东·川沙,系(繫),~鞋带,ci5(tɕi³⁵),ci5,暂无
浦东·川沙,继(繼),[空],ci5(tɕi³⁵),ci5,暂无
浦东·川沙,见(見),[空],ci5(tɕi³⁵),ci5,暂无
浦东·川沙,计(計),[空],ci5(tɕi³⁵),ci5,暂无
浦东·川沙,记(記),[空],ci5(tɕi³⁵),ci5,暂无
浦东·川沙,间(間),~断,ci5(tɕi³⁵),ci5,暂无
浦东·川沙,弃(棄),[空],chi1(tɕʰi⁵³),chi1,暂无
浦东·川沙,欺(欺),[空],chi1(tɕʰi⁵³),chi1,暂无
浦东·川沙,溪(溪),[空],chi1(tɕʰi⁵³),chi1,暂无
浦东·川沙,牵(牽),[空],chi1(tɕʰi⁵³),chi1,暂无
浦东·川沙,稽(稽),~首,chi1(tɕʰi⁵³),chi1,暂无
浦东·川沙,谦(謙),[空],chi1(tɕʰi⁵³),chi1,暂无
浦东·川沙,岂(豈),[空],chi1(tɕʰi⁵³),chi1,暂无
浦东·川沙,启(啟),[空],chi3(tɕʰi⁴⁴),chi3,暂无
浦东·川沙,杞(杞),枸~子,chi3(tɕʰi⁴⁴),chi3,暂无
浦东·川沙,岂(豈),[空],chi3(tɕʰi⁴⁴),chi3,暂无
浦东·川沙,起(起),[空],chi3(tɕʰi⁴⁴),chi3,暂无
浦东·川沙,企(企),[空],chi5(tɕʰi³⁵),chi5,暂无
浦东·川沙,去(去),白,chi5(tɕʰi³⁵),chi5,暂无
浦东·川沙,器(器),[空],chi5(tɕʰi³⁵),chi5,暂无
浦东·川沙,契(契),地~,chi5(tɕʰi³⁵),chi5,暂无
浦东·川沙,欠(欠),[空],chi5(tɕʰi³⁵),chi5,暂无
浦东·川沙,歉(歉),[空],chi5(tɕʰi³⁵),chi5,暂无
浦东·川沙,气(氣),[空],chi5(tɕʰi³⁵),chi5,暂无
浦东·川沙,汽(汽),[空],chi5(tɕʰi³⁵),chi5,暂无
浦东·川沙,纤(纖),~绳,chi5(tɕʰi³⁵),chi5,暂无
浦东·川沙,谴(譴),[空],chi5(tɕʰi³⁵),chi5,暂无
浦东·川沙,遣(遣),[空],chi5(tɕʰi³⁵),chi5,暂无
浦东·川沙,天(天),[空],thi1(tʰi⁵³),thi1,暂无
浦东·川沙,梯(梯),[空],thi1(tʰi⁵³),thi1,暂无
浦东·川沙,添(添),[空],thi1(tʰi⁵³),thi1,暂无
浦东·川沙,舔(舔),[空],thi3(tʰi⁴⁴),thi3,暂无
浦东·川沙,体(體),[空],thi3(tʰi⁴⁴),thi3,暂无
浦东·川沙,剃(剃),[空],thi5(tʰi³⁵),thi5,暂无
浦东·川沙,屉(屜),抽~,thi5(tʰi³⁵),thi5,暂无
浦东·川沙,替(替),[空],thi5(tʰi³⁵),thi5,暂无
浦东·川沙,涕(涕),[空],thi5(tʰi³⁵),thi5,暂无
浦东·川沙,剂(劑),[空],tsi1(tsi⁵³),tsi1,暂无
浦东·川沙,尖(尖),[空],tsi1(tsi⁵³),tsi1,暂无
浦东·川沙,煎(煎),[空],tsi1(tsi⁵³),tsi1,暂无
浦东·川沙,笺(箋),[空],tsi1(tsi⁵³),tsi1,暂无
浦东·川沙,饯(餞),蜜~,tsi1(tsi⁵³),tsi1,暂无
浦东·川沙,剪(剪),[空],tsi3(tsi⁴⁴),tsi3,暂无
浦东·川沙,姐(姐),[空],tsi3(tsi⁴⁴),tsi3,暂无
浦东·川沙,挤(擠),[空],tsi3(tsi⁴⁴),tsi3,暂无
浦东·川沙,占(占),~便宜,tsi5(tsi³⁵),tsi5,暂无
浦东·川沙,左(左),~手,tsi5(tsi³⁵),tsi5,暂无
浦东·川沙,济(濟),[空],tsi5(tsi³⁵),tsi5,暂无
浦东·川沙,祭(祭),[空],tsi5(tsi³⁵),tsi5,暂无
浦东·川沙,箭(箭),[空],tsi5(tsi³⁵),tsi5,暂无
浦东·川沙,荐(薦),[空],tsi5(tsi³⁵),tsi5,暂无
浦东·川沙,际(際),[空],tsi5(tsi³⁵),tsi5,暂无
浦东·川沙,且(且),[空],tshi1(tsʰi⁵³),tshi1,暂无
浦东·川沙,千(千),[空],tshi1(tsʰi⁵³),tshi1,暂无
浦东·川沙,妻(妻),[空],tshi1(tsʰi⁵³),tshi1,暂无
浦东·川沙,栖(棲),[空],tshi1(tsʰi⁵³),tshi1,暂无
浦东·川沙,椠(槧),~皮，削,tshi1(tsʰi⁵³),tshi1,暂无
浦东·川沙,歼(殲),[空],tshi1(tsʰi⁵³),tshi1,暂无
浦东·川沙,痊(痊),[空],tshi1(tsʰi⁵³),tshi1,暂无
浦东·川沙,签(簽),[空],tshi1(tsʰi⁵³),tshi1,暂无
浦东·川沙,签(籤),[空],tshi1(tsʰi⁵³),tshi1,暂无
浦东·川沙,纤(纖),[空],tshi1(tsʰi⁵³),tshi1,暂无
浦东·川沙,蛆(蛆),[空],tshi1(tsʰi⁵³),tshi1,暂无
浦东·川沙,迁(遷),[空],tshi1(tsʰi⁵³),tshi1,暂无
浦东·川沙,千(韆),[空],tshi1(tsʰi⁵³),tshi1,暂无
浦东·川沙,𩸸(𩸸),乌~，青鱼,tshi1(tsʰi⁵³),tshi1,暂无
浦东·川沙,全(全),[空],zi2(zi²¹³),zi2,暂无
浦东·川沙,前(前),[空],zi2(zi²¹³),zi2,暂无
浦东·川沙,徐(徐),[空],zi2(zi²¹³),zi2,暂无
浦东·川沙,旋(旋),[空],zi2(zi²¹³),zi2,暂无
浦东·川沙,泉(泉),[空],zi2(zi²¹³),zi2,暂无
浦东·川沙,潜(潛),[空],zi2(zi²¹³),zi2,暂无
浦东·川沙,痊(痊),[空],zi2(zi²¹³),zi2,暂无
浦东·川沙,脐(臍),[空],zi2(zi²¹³),zi2,暂无
浦东·川沙,荠(薺),[空],zi2(zi²¹³),zi2,暂无
浦东·川沙,钱(錢),[空],zi2(zi²¹³),zi2,暂无
浦东·川沙,齐(齊),[空],zi2(zi²¹³),zi2,暂无
浦东·川沙,渐(漸),[空],zi2(zi²¹³),zi2,暂无
浦东·川沙,践(踐),[空],zi2(zi²¹³),zi2,暂无
浦东·川沙,溅(濺),[空],zi6(zi¹³),zi6,暂无
浦东·川沙,羡(羨),[空],zi6(zi¹³),zi6,暂无
浦东·川沙,贱(賤),[空],zi6(zi¹³),zi6,暂无
浦东·川沙,钱(錢),[空],zi6(zi¹³),zi6,暂无
浦东·川沙,唯(唯),[空],vi2(βi²¹³),vi2,暂无
浦东·川沙,微(微),[空],vi2(βi²¹³),vi2,暂无
浦东·川沙,惟(惟),[空],vi2(βi²¹³),vi2,暂无
浦东·川沙,维(維),[空],vi2(βi²¹³),vi2,暂无
浦东·川沙,肥(肥),[空],vi2(βi²¹³),vi2,暂无
浦东·川沙,尾(尾),[空],vi2(βi²¹³),vi2,暂无
浦东·川沙,味(味),~精,vi6(βi¹³),vi6,暂无
浦东·川沙,未(未),[空],vi6(βi¹³),vi6,暂无
浦东·川沙,费(費),姓,vi6(βi¹³),vi6,暂无
浦东·川沙,也(也),[空],i1(i⁵³),i1,暂无
浦东·川沙,依(依),[空],i1(i⁵³),i1,暂无
浦东·川沙,已(已),[空],i1(i⁵³),i1,暂无
浦东·川沙,淹(淹),[空],i1(i⁵³),i1,暂无
浦东·川沙,焉(焉),[空],i1(i⁵³),i1,暂无
浦东·川沙,烟(煙),[空],i1(i⁵³),i1,暂无
浦东·川沙,燕(燕),~京,i1(i⁵³),i1,暂无
浦东·川沙,翳(翳),[空],i1(i⁵³),i1,暂无
浦东·川沙,蔫(蔫),[空],i1(i⁵³),i1,暂无
浦东·川沙,衣(衣),[空],i1(i⁵³),i1,暂无
浦东·川沙,腌(醃),~笃鲜，鲜咸肉和笋同煮的菜,i1(i⁵³),i1,暂无
浦东·川沙,医(醫),[空],i1(i⁵³),i1,暂无
浦东·川沙,阉(閹),[空],i1(i⁵³),i1,暂无
浦东·川沙,以(以),[空],i3(i⁴⁴),i3,暂无
浦东·川沙,掩(掩),[空],i3(i⁴⁴),i3,暂无
浦东·川沙,魇(魘),[空],i3(i⁴⁴),i3,暂无
浦东·川沙,亿(億),[空],i5(i³⁵),i5,暂无
浦东·川沙,厌(厭),[空],i5(i³⁵),i5,暂无
浦东·川沙,咽(咽),~下去,i5(i³⁵),i5,暂无
浦东·川沙,堰(堰),[空],i5(i³⁵),i5,暂无
浦东·川沙,宴(宴),[空],i5(i³⁵),i5,暂无
浦东·川沙,意(意),[空],i5(i³⁵),i5,暂无
浦东·川沙,忆(憶),[空],i5(i³⁵),i5,暂无
浦东·川沙,晏(晏),[空],i5(i³⁵),i5,暂无
浦东·川沙,燕(燕),~子,i5(i³⁵),i5,暂无
浦东·川沙,䞁(䞁),~长短，比量,i5(i³⁵),i5,暂无
浦东·川沙,□(□),~长短，比量,i5(i³⁵),i5,暂无
浦东·川沙,□(□),~tsᴀ，乖，聪明,shia1(ɕiᴀ⁵³),shia1,暂无
浦东·川沙,爹(爹),[空],tia1(ɗiᴀ⁵³),tia1,暂无
浦东·川沙,嗲(嗲),[空],tia3(ɗiᴀ⁴⁴),tia3,暂无
浦东·川沙,茄(茄),~克衫,jia2(dʑiᴀ²¹³),jia2,暂无
浦东·川沙,□(□),能干,jia2(dʑiᴀ²¹³),jia2,暂无
浦东·川沙,崖(崖),[空],ya2(ɦiᴀ²¹³),ya2,暂无
浦东·川沙,涯(涯),[空],ya2(ɦiᴀ²¹³),ya2,暂无
浦东·川沙,爷(爺),[空],ya2(ɦiᴀ²¹³),ya2,暂无
浦东·川沙,野(野),[空],ya2(ɦiᴀ²¹³),ya2,暂无
浦东·川沙,夜(夜),[空],ya6(ɦiᴀ¹³),ya6,暂无
浦东·川沙,廿(廿),~五,gnia6(ȵiᴀ¹³),gnia6,暂无
浦东·川沙,鲇(鮎),~鱼,gnia6(ȵiᴀ¹³),gnia6,暂无
浦东·川沙,写(寫),[空],sia3(siᴀ⁴⁴),sia3,暂无
浦东·川沙,卸(卸),[空],sia5(siᴀ³⁵),sia5,暂无
浦东·川沙,泻(瀉),[空],sia5(siᴀ³⁵),sia5,暂无
浦东·川沙,加(加),[空],cia1(tɕiᴀ⁵³),cia1,暂无
浦东·川沙,嘉(嘉),[空],cia1(tɕiᴀ⁵³),cia1,暂无
浦东·川沙,家(家),[空],cia1(tɕiᴀ⁵³),cia1,暂无
浦东·川沙,痂(痂),[空],cia1(tɕiᴀ⁵³),cia1,暂无
浦东·川沙,皆(皆),[空],cia1(tɕiᴀ⁵³),cia1,暂无
浦东·川沙,阶(階),[空],cia1(tɕiᴀ⁵³),cia1,暂无
浦东·川沙,假(假),真~。文,cia3(tɕiᴀ⁴⁴),cia3,暂无
浦东·川沙,介(介),[空],cia5(tɕiᴀ³⁵),cia5,暂无
浦东·川沙,假(假),放~,cia5(tɕiᴀ³⁵),cia5,暂无
浦东·川沙,价(價),[空],cia5(tɕiᴀ³⁵),cia5,暂无
浦东·川沙,嫁(嫁),[空],cia5(tɕiᴀ³⁵),cia5,暂无
浦东·川沙,届(屆),[空],cia5(tɕiᴀ³⁵),cia5,暂无
浦东·川沙,戒(戒),[空],cia5(tɕiᴀ³⁵),cia5,暂无
浦东·川沙,架(架),[空],cia5(tɕiᴀ³⁵),cia5,暂无
浦东·川沙,稼(稼),[空],cia5(tɕiᴀ³⁵),cia5,暂无
浦东·川沙,驾(駕),[空],cia5(tɕiᴀ³⁵),cia5,暂无
浦东·川沙,姐(姐),[空],tsia3(tsiᴀ⁴⁴),tsia3,暂无
浦东·川沙,借(借),[空],tsia5(tsiᴀ³⁵),tsia5,暂无
浦东·川沙,七(七),~八个,tshia1(tsʰiᴀ⁵³),tshia1,暂无
浦东·川沙,笡(笡),斜,tshia5(tsʰiᴀ³⁵),tshia5,暂无
浦东·川沙,斜(斜),[空],zia2(ziᴀ²¹³),zia2,暂无
浦东·川沙,邪(邪),[空],zia2(ziᴀ²¹³),zia2,暂无
浦东·川沙,□(□),事体勿做，~拉外头，浪荡，不驯服,zia2(ziᴀ²¹³),zia2,暂无
浦东·川沙,塮(塮),猪~,zia6(ziᴀ¹³),zia6,暂无
浦东·川沙,谢(謝),[空],zia6(ziᴀ¹³),zia6,暂无
浦东·川沙,亚(亞),[空],ia1(iᴀ⁵³),ia1,暂无
浦东·川沙,椰(椰),[空],ia1(iᴀ⁵³),ia1,暂无
浦东·川沙,耶(耶),[空],ia1(iᴀ⁵³),ia1,暂无
浦东·川沙,霞(霞),[空],ia1(iᴀ⁵³),ia1,暂无
浦东·川沙,鸦(鴉),[空],ia1(iᴀ⁵³),ia1,暂无
浦东·川沙,□(□),~进去，躲藏，偷偷,ia1(iᴀ⁵³),ia1,暂无
浦东·川沙,雅(雅),[空],ia3(iᴀ⁴⁴),ia3,暂无
浦东·川沙,乡(鄉),[空],shian1(ɕiã⁵³),shian1,暂无
浦东·川沙,香(香),[空],shian1(ɕiã⁵³),shian1,暂无
浦东·川沙,享(享),[空],shian3(ɕiã⁴⁴),shian3,暂无
浦东·川沙,响(響),[空],shian3(ɕiã⁴⁴),shian3,暂无
浦东·川沙,向(向),[空],shian5(ɕiã³⁵),shian5,暂无
浦东·川沙,向(嚮),[空],shian5(ɕiã³⁵),shian5,暂无
浦东·川沙,饷(餉),[空],shian5(ɕiã³⁵),shian5,暂无
浦东·川沙,强(強),~大,jian2(dʑiã²¹³),jian2,暂无
浦东·川沙,𠼢(𠼢),价钱贱,jian2(dʑiã²¹³),jian2,暂无
浦东·川沙,犟(犟),脾气~,jian2(dʑiã²¹³),jian2,暂无
浦东·川沙,扬(揚),[空],yan2(ɦiã²¹³),yan2,暂无
浦东·川沙,杨(楊),[空],yan2(ɦiã²¹³),yan2,暂无
浦东·川沙,洋(洋),[空],yan2(ɦiã²¹³),yan2,暂无
浦东·川沙,烊(烊),[空],yan2(ɦiã²¹³),yan2,暂无
浦东·川沙,疡(瘍),[空],yan2(ɦiã²¹³),yan2,暂无
浦东·川沙,羊(羊),[空],yan2(ɦiã²¹³),yan2,暂无
浦东·川沙,降(降),投~,yan2(ɦiã²¹³),yan2,暂无
浦东·川沙,阳(陽),[空],yan2(ɦiã²¹³),yan2,暂无
浦东·川沙,氧(氧),[空],yan2(ɦiã²¹³),yan2,暂无
浦东·川沙,痒(癢),[空],yan2(ɦiã²¹³),yan2,暂无
浦东·川沙,养(養),[空],yan2(ɦiã²¹³),yan2,暂无
浦东·川沙,样(樣),[空],yan6(ɦiã¹³),yan6,暂无
浦东·川沙,寸(寸),[空],lian2(liã²¹³),lian2,暂无
浦东·川沙,尺(尺),[空],lian2(liã²¹³),lian2,暂无
浦东·川沙,梁(梁),[空],lian2(liã²¹³),lian2,暂无
浦东·川沙,凉(涼),[空],lian2(liã²¹³),lian2,暂无
浦东·川沙,粱(粱),[空],lian2(liã²¹³),lian2,暂无
浦东·川沙,粮(糧),[空],lian2(liã²¹³),lian2,暂无
浦东·川沙,良(良),[空],lian2(liã²¹³),lian2,暂无
浦东·川沙,量(量),~尺寸,lian2(liã²¹³),lian2,暂无
浦东·川沙,两(兩),[空],lian2(liã²¹³),lian2,暂无
浦东·川沙,亮(亮),[空],lian6(liã¹³),lian6,暂无
浦东·川沙,谅(諒),[空],lian6(liã¹³),lian6,暂无
浦东·川沙,辆(輛),[空],lian6(liã¹³),lian6,暂无
浦东·川沙,量(量),数~,lian6(liã¹³),lian6,暂无
浦东·川沙,酿(釀),[空],gnian1(ȵiã⁵³),gnian1,暂无
浦东·川沙,娘(娘),[空],gnian2(ȵiã²¹³),gnian2,暂无
浦东·川沙,娘(孃),[空],gnian2(ȵiã²¹³),gnian2,暂无
浦东·川沙,酿(釀),酒~,gnian2(ȵiã²¹³),gnian2,暂无
浦东·川沙,嚷(嚷),[空],gnian2(ȵiã²¹³),gnian2,暂无
浦东·川沙,壤(壤),白,gnian2(ȵiã²¹³),gnian2,暂无
浦东·川沙,瓤(瓤),[空],gnian2(ȵiã²¹³),gnian2,暂无
浦东·川沙,仰(仰),[空],gnian3(ȵiã⁴⁴),gnian3,暂无
浦东·川沙,让(讓),白,gnian6(ȵiã¹³),gnian6,暂无
浦东·川沙,厢(廂),[空],sian1(siã⁵³),sian1,暂无
浦东·川沙,湘(湘),[空],sian1(siã⁵³),sian1,暂无
浦东·川沙,相(相),~互,sian1(siã⁵³),sian1,暂无
浦东·川沙,箱(箱),[空],sian1(siã⁵³),sian1,暂无
浦东·川沙,襄(襄),[空],sian1(siã⁵³),sian1,暂无
浦东·川沙,镶(鑲),[空],sian1(siã⁵³),sian1,暂无
浦东·川沙,想(想),[空],sian3(siã⁴⁴),sian3,暂无
浦东·川沙,鲞(鯗),~鱼,sian3(siã⁴⁴),sian3,暂无
浦东·川沙,□(□),谷，撒开,sian3(siã⁴⁴),sian3,暂无
浦东·川沙,相(相),~亲,sian5(siã³⁵),sian5,暂无
浦东·川沙,僵(僵),[空],cian1(tɕiã⁵³),cian1,暂无
浦东·川沙,姜(姜),[空],cian1(tɕiã⁵³),cian1,暂无
浦东·川沙,江(江),[空],cian1(tɕiã⁵³),cian1,暂无
浦东·川沙,疆(疆),[空],cian1(tɕiã⁵³),cian1,暂无
浦东·川沙,姜(薑),[空],cian1(tɕiã⁵³),cian1,暂无
浦东·川沙,缰(韁),[空],cian1(tɕiã⁵³),cian1,暂无
浦东·川沙,讲(講),[空],cian3(tɕiã⁴⁴),cian3,暂无
浦东·川沙,降(降),~落,cian5(tɕiã³⁵),cian5,暂无
浦东·川沙,羌(羌),[空],chian1(tɕʰiã⁵³),chian1,暂无
浦东·川沙,腔(腔),[空],chian1(tɕʰiã⁵³),chian1,暂无
浦东·川沙,强(強),勉~,chian3(tɕʰiã⁴⁴),chian3,暂无
浦东·川沙,犟(犟),~料，倔脾气的人,chian3(tɕʰiã⁴⁴),chian3,暂无
浦东·川沙,□(□),讲~脱，讲得走样,chian3(tɕʰiã⁴⁴),chian3,暂无
浦东·川沙,将(將),~来,tsian1(tsiã⁵³),tsian1,暂无
浦东·川沙,浆(漿),[空],tsian1(tsiã⁵³),tsian1,暂无
浦东·川沙,桨(槳),[空],tsian3(tsiã⁴⁴),tsian3,暂无
浦东·川沙,奖(獎),[空],tsian3(tsiã⁴⁴),tsian3,暂无
浦东·川沙,蒋(蔣),[空],tsian3(tsiã⁴⁴),tsian3,暂无
浦东·川沙,将(將),~领,tsian5(tsiã³⁵),tsian5,暂无
浦东·川沙,酱(醬),[空],tsian5(tsiã³⁵),tsian5,暂无
浦东·川沙,枪(槍),[空],tshian1(tsʰiã⁵³),tshian1,暂无
浦东·川沙,□(□),~冷水，掺和,tshian1(tsʰiã⁵³),tshian1,暂无
浦东·川沙,抢(搶),[空],tshian3(tsʰiã⁴⁴),tshian3,暂无
浦东·川沙,呛(嗆),[空],tshian5(tsʰiã³⁵),tshian5,暂无
浦东·川沙,𪉨(𪉨),~蟹，用酒和盐水浸泡，略腌,tshian5(tsʰiã³⁵),tshian5,暂无
浦东·川沙,□(□),~牙，~出来，突出,tshian5(tsʰiã³⁵),tshian5,暂无
浦东·川沙,樯(檣),~子，桅杆,zian2(ziã²¹³),zian2,暂无
浦东·川沙,墙(牆),[空],zian2(ziã²¹³),zian2,暂无
浦东·川沙,祥(祥),[空],zian2(ziã²¹³),zian2,暂无
浦东·川沙,详(詳),[空],zian2(ziã²¹³),zian2,暂无
浦东·川沙,像(像),[空],zian2(ziã²¹³),zian2,暂无
浦东·川沙,橡(橡),[空],zian2(ziã²¹³),zian2,暂无
浦东·川沙,象(象),[空],zian2(ziã²¹³),zian2,暂无
浦东·川沙,匠(匠),[空],zian6(ziã¹³),zian6,暂无
浦东·川沙,央(央),[空],ian1(iã⁵³),ian1,暂无
浦东·川沙,殃(殃),[空],ian1(iã⁵³),ian1,暂无
浦东·川沙,秧(秧),[空],ian1(iã⁵³),ian1,暂无
浦东·川沙,鸯(鴦),[空],ian1(iã⁵³),ian1,暂无
浦东·川沙,映(映),放~,ian5(iã³⁵),ian5,暂无
浦东·川沙,王(王),~家港；姓,yaon2(ɦiɑ̃²¹³),yaon2,暂无
浦东·川沙,旺(旺),[空],yaon6(ɦiɑ̃¹³),yaon6,暂无
浦东·川沙,□(□),~伊一跤，推,gniaon1(ȵiɑ̃⁵³),gniaon1,暂无
浦东·川沙,协(協),[空],yaeq8(ɦiæʔ²³),yaeq8,暂无
浦东·川沙,洽(洽),[空],yaeq8(ɦiæʔ²³),yaeq8,暂无
浦东·川沙,捏(捏),[空],gniaeq8(ȵiæʔ²³),gniaeq8,暂无
浦东·川沙,箬(箬),~帽,gniaeq8(ȵiæʔ²³),gniaeq8,暂无
浦东·川沙,甲(甲),~子,ciaeq7(tɕiæʔ⁵),ciaeq7,暂无
浦东·川沙,恰(恰),[空],chiaeq7(tɕʰiæʔ⁵),chiaeq7,暂无
浦东·川沙,剧(劇),[空],jiaq8(dʑiᴀʔ²³),jiaq8,暂无
浦东·川沙,学(學),[空],yaq8(ɦiᴀʔ²³),yaq8,暂无
浦东·川沙,乐(樂),音~,yaq8(ɦiᴀʔ²³),yaq8,暂无
浦东·川沙,药(藥),[空],yaq8(ɦiᴀʔ²³),yaq8,暂无
浦东·川沙,跃(躍),[空],yaq8(ɦiᴀʔ²³),yaq8,暂无
浦东·川沙,钥(鑰),[空],yaq8(ɦiᴀʔ²³),yaq8,暂无
浦东·川沙,掠(掠),[空],liaq8(liᴀʔ²³),liaq8,暂无
浦东·川沙,疟(瘧),[空],gniaq8(ȵiᴀʔ²³),gniaq8,暂无
浦东·川沙,箬(箬),芦~，芦叶,gniaq8(ȵiᴀʔ²³),gniaq8,暂无
浦东·川沙,虐(虐),[空],gniaq8(ȵiᴀʔ²³),gniaq8,暂无
浦东·川沙,削(削),[空],siaq7(siᴀʔ⁵),siaq7,暂无
浦东·川沙,鹊(鵲),鸦~,siaq7(siᴀʔ⁵),siaq7,暂无
浦东·川沙,级(級),[空],ciaq7(tɕiᴀʔ⁵),ciaq7,暂无
浦东·川沙,脚(腳),[空],ciaq7(tɕiᴀʔ⁵),ciaq7,暂无
浦东·川沙,觉(覺),[空],ciaq7(tɕiᴀʔ⁵),ciaq7,暂无
浦东·川沙,角(角),~色,ciaq7(tɕiᴀʔ⁵),ciaq7,暂无
浦东·川沙,却(卻),[空],chiaq7(tɕʰiᴀʔ⁵),chiaq7,暂无
浦东·川沙,确(確),[空],chiaq7(tɕʰiᴀʔ⁵),chiaq7,暂无
浦东·川沙,爵(爵),[空],tsiaq7(tsiᴀʔ⁵),tsiaq7,暂无
浦东·川沙,皵(皵),肉~皮，肉刺,tshiaq7(tsʰiᴀʔ⁵),tshiaq7,暂无
浦东·川沙,雀(雀),[空],tshiaq7(tsʰiᴀʔ⁵),tshiaq7,暂无
浦东·川沙,鹊(鵲),[空],tshiaq7(tsʰiᴀʔ⁵),tshiaq7,暂无
浦东·川沙,□(□),~~趣，逗乐,tshiaq7(tsʰiᴀʔ⁵),tshiaq7,暂无
浦东·川沙,嚼(嚼),[空],ziaq8(ziᴀʔ²³),ziaq8,暂无
浦东·川沙,约(約),[空],iaq7(iᴀʔ⁵),iaq7,暂无
浦东·川沙,嫖(嫖),[空],biau2(biɔ²¹³),biau2,暂无
浦东·川沙,瓢(瓢),[空],biau2(biɔ²¹³),biau2,暂无
浦东·川沙,婊(婊),[空],piau1(ɓiɔ⁵³),piau1,暂无
浦东·川沙,彪(彪),[空],piau1(ɓiɔ⁵³),piau1,暂无
浦东·川沙,标(標),[空],piau1(ɓiɔ⁵³),piau1,暂无
浦东·川沙,膘(膘),[空],piau1(ɓiɔ⁵³),piau1,暂无
浦东·川沙,表(錶),手~,piau1(ɓiɔ⁵³),piau1,暂无
浦东·川沙,□(□),水~出来，急射,piau1(ɓiɔ⁵³),piau1,暂无
浦东·川沙,表(表),[空],piau3(ɓiɔ⁴⁴),piau3,暂无
浦东·川沙,裱(裱),[空],piau3(ɓiɔ⁴⁴),piau3,暂无
浦东·川沙,嚣(囂),[空],shiau1(ɕiɔ⁵³),shiau1,暂无
浦东·川沙,枵(枵),[空],shiau1(ɕiɔ⁵³),shiau1,暂无
浦东·川沙,□(□),~开盖头，揭开,shiau1(ɕiɔ⁵³),shiau1,暂无
浦东·川沙,晓(曉),[空],shiau3(ɕiɔ⁴⁴),shiau3,暂无
浦东·川沙,哮(哮),[空],shiau5(ɕiɔ³⁵),shiau5,暂无
浦东·川沙,孝(孝),[空],shiau5(ɕiɔ³⁵),shiau5,暂无
浦东·川沙,酵(酵),[空],shiau5(ɕiɔ³⁵),shiau5,暂无
浦东·川沙,条(條),[空],diau2(diɔ²¹³),diau2,暂无
浦东·川沙,调(調),~换,diau2(diɔ²¹³),diau2,暂无
浦东·川沙,跳(跳),~脚，跺,diau2(diɔ²¹³),diau2,暂无
浦东·川沙,调(調),音~,diau6(diɔ¹³),diau6,暂无
浦东·川沙,刁(刁),[空],tiau1(ɗiɔ⁵³),tiau1,暂无
浦东·川沙,貂(貂),[空],tiau1(ɗiɔ⁵³),tiau1,暂无
浦东·川沙,雕(雕),[空],tiau1(ɗiɔ⁵³),tiau1,暂无
浦东·川沙,鸟(鳥),[空],tiau3(ɗiɔ⁴⁴),tiau3,暂无
浦东·川沙,□(□),~馄饨皮子，擀,tiau3(ɗiɔ⁴⁴),tiau3,暂无
浦东·川沙,□(□),一~花，朵,tiau3(ɗiɔ⁴⁴),tiau3,暂无
浦东·川沙,吊(吊),[空],tiau5(ɗiɔ³⁵),tiau5,暂无
浦东·川沙,钓(釣),[空],tiau5(ɗiɔ³⁵),tiau5,暂无
浦东·川沙,侨(僑),[空],jiau2(dʑiɔ²¹³),jiau2,暂无
浦东·川沙,乔(喬),[空],jiau2(dʑiɔ²¹³),jiau2,暂无
浦东·川沙,桥(橋),[空],jiau2(dʑiɔ²¹³),jiau2,暂无
浦东·川沙,翘(翹),木头~脱，变形,jiau2(dʑiɔ²¹³),jiau2,暂无
浦东·川沙,荞(蕎),[空],jiau2(dʑiɔ²¹³),jiau2,暂无
浦东·川沙,挢(撟),~石头，撬,jiau6(dʑiɔ¹³),jiau6,暂无
浦东·川沙,轿(轎),[空],jiau6(dʑiɔ¹³),jiau6,暂无
浦东·川沙,尧(堯),[空],yau2(ɦiɔ²¹³),yau2,暂无
浦东·川沙,姚(姚),[空],yau2(ɦiɔ²¹³),yau2,暂无
浦东·川沙,摇(搖),[空],yau2(ɦiɔ²¹³),yau2,暂无
浦东·川沙,淆(淆),[空],yau2(ɦiɔ²¹³),yau2,暂无
浦东·川沙,窑(窯),[空],yau2(ɦiɔ²¹³),yau2,暂无
浦东·川沙,肴(肴),[空],yau2(ɦiɔ²¹³),yau2,暂无
浦东·川沙,谣(謠),[空],yau2(ɦiɔ²¹³),yau2,暂无
浦东·川沙,舀(舀),~水,yau2(ɦiɔ²¹³),yau2,暂无
浦东·川沙,□(□),门~起来，合上,yau4(ɦiɔ²¹³),yau4,暂无
浦东·川沙,效(效),[空],yau6(ɦiɔ¹³),yau6,暂无
浦东·川沙,校(校),学~,yau6(ɦiɔ¹³),yau6,暂无
浦东·川沙,耀(耀),[空],yau6(ɦiɔ¹³),yau6,暂无
浦东·川沙,要(要),[空],yau6(ɦiɔ¹³),yau6,暂无
浦东·川沙,鹞(鷂),[空],yau6(ɦiɔ¹³),yau6,暂无
浦东·川沙,捞(撈),[空],liau1(liɔ⁵³),liau1,暂无
浦东·川沙,撩(撩),[空],liau1(liɔ⁵³),liau1,暂无
浦东·川沙,寥(寥),[空],liau2(liɔ²¹³),liau2,暂无
浦东·川沙,捞(撈),[空],liau2(liɔ²¹³),liau2,暂无
浦东·川沙,潦(潦),~草,liau2(liɔ²¹³),liau2,暂无
浦东·川沙,燎(燎),[空],liau2(liɔ²¹³),liau2,暂无
浦东·川沙,聊(聊),[空],liau2(liɔ²¹³),liau2,暂无
浦东·川沙,辽(遼),[空],liau2(liɔ²¹³),liau2,暂无
浦东·川沙,了(了),~结,liau2(liɔ²¹³),liau2,暂无
浦东·川沙,暸(暸),[空],liau2(liɔ²¹³),liau2,暂无
浦东·川沙,瞭(瞭),[空],liau2(liɔ²¹³),liau2,暂无
浦东·川沙,廖(廖),[空],liau6(liɔ¹³),liau6,暂无
浦东·川沙,料(料),[空],liau6(liɔ¹³),liau6,暂无
浦东·川沙,疗(療),[空],liau6(liɔ¹³),liau6,暂无
浦东·川沙,镣(鐐),[空],liau6(liɔ¹³),liau6,暂无
浦东·川沙,藐(藐),[空],miau1(miɔ⁵³),miau1,暂无
浦东·川沙,描(描),[空],miau2(miɔ²¹³),miau2,暂无
浦东·川沙,渺(渺),[空],miau2(miɔ²¹³),miau2,暂无
浦东·川沙,苗(苗),[空],miau2(miɔ²¹³),miau2,暂无
浦东·川沙,秒(秒),[空],miau2(miɔ²¹³),miau2,暂无
浦东·川沙,妙(妙),[空],miau6(miɔ¹³),miau6,暂无
浦东·川沙,庙(廟),[空],miau6(miɔ¹³),miau6,暂无
浦东·川沙,缪(繆),姓,miau6(miɔ¹³),miau6,暂无
浦东·川沙,谬(謬),[空],miau6(miɔ¹³),miau6,暂无
浦东·川沙,绕(繞),~勿清，纠缠,gniau2(ȵiɔ²¹³),gniau2,暂无
浦东·川沙,饶(饒),[空],gniau2(ȵiɔ²¹³),gniau2,暂无
浦东·川沙,鸟(鳥),[空],gniau3(ȵiɔ⁴⁴),gniau3,暂无
浦东·川沙,尿(尿),~素,gniau6(ȵiɔ¹³),gniau6,暂无
浦东·川沙,绕(繞),~纱,gniau6(ȵiɔ¹³),gniau6,暂无
浦东·川沙,漂(漂),~浮,phiau1(pʰiɔ⁵³),phiau1,暂无
浦东·川沙,飘(飄),[空],phiau1(pʰiɔ⁵³),phiau1,暂无
浦东·川沙,漂(漂),~白,phiau3(pʰiɔ⁴⁴),phiau3,暂无
浦东·川沙,票(票),[空],phiau5(pʰiɔ³⁵),phiau5,暂无
浦东·川沙,沙(沙),[空],siau1(siɔ⁵³),siau1,暂无
浦东·川沙,消(消),[空],siau1(siɔ⁵³),siau1,暂无
浦东·川沙,痧(痧),[空],siau1(siɔ⁵³),siau1,暂无
浦东·川沙,硝(硝),[空],siau1(siɔ⁵³),siau1,暂无
浦东·川沙,箫(簫),[空],siau1(siɔ⁵³),siau1,暂无
浦东·川沙,纱(紗),[空],siau1(siɔ⁵³),siau1,暂无
浦东·川沙,萧(蕭),[空],siau1(siɔ⁵³),siau1,暂无
浦东·川沙,赊(賒),[空],siau1(siɔ⁵³),siau1,暂无
浦东·川沙,逍(逍),[空],siau1(siɔ⁵³),siau1,暂无
浦东·川沙,销(銷),[空],siau1(siɔ⁵³),siau1,暂无
浦东·川沙,霄(霄),[空],siau1(siɔ⁵³),siau1,暂无
浦东·川沙,鞘(鞘),刀~,siau1(siɔ⁵³),siau1,暂无
浦东·川沙,□(□),~耳朵，搅,siau1(siɔ⁵³),siau1,暂无
浦东·川沙,十(十),~五,siau3(siɔ⁴⁴),siau3,暂无
浦东·川沙,小(小),[空],siau3(siɔ⁴⁴),siau3,暂无
浦东·川沙,筱(筱),[空],siau3(siɔ⁴⁴),siau3,暂无
浦东·川沙,舍(舍),~得,siau3(siɔ⁴⁴),siau3,暂无
浦东·川沙,晒(曬),[空],siau5(siɔ³⁵),siau5,暂无
浦东·川沙,笑(笑),[空],siau5(siɔ³⁵),siau5,暂无
浦东·川沙,舍(舍),邻~,siau5(siɔ³⁵),siau5,暂无
浦东·川沙,赦(赦),[空],siau5(siɔ³⁵),siau5,暂无
浦东·川沙,交(交),[空],ciau1(tɕiɔ⁵³),ciau1,暂无
浦东·川沙,娇(嬌),[空],ciau1(tɕiɔ⁵³),ciau1,暂无
浦东·川沙,浇(澆),[空],ciau1(tɕiɔ⁵³),ciau1,暂无
浦东·川沙,狡(狡),[空],ciau1(tɕiɔ⁵³),ciau1,暂无
浦东·川沙,胶(膠),[空],ciau1(tɕiɔ⁵³),ciau1,暂无
浦东·川沙,郊(郊),[空],ciau1(tɕiɔ⁵³),ciau1,暂无
浦东·川沙,骄(驕),[空],ciau1(tɕiɔ⁵³),ciau1,暂无
浦东·川沙,侥(僥),~幸,ciau3(tɕiɔ⁴⁴),ciau3,暂无
浦东·川沙,矫(矯),[空],ciau3(tɕiɔ⁴⁴),ciau3,暂无
浦东·川沙,绞(絞),[空],ciau3(tɕiɔ⁴⁴),ciau3,暂无
浦东·川沙,缴(繳),[空],ciau3(tɕiɔ⁴⁴),ciau3,暂无
浦东·川沙,叫(叫),[空],ciau5(tɕiɔ³⁵),ciau5,暂无
浦东·川沙,教(教),~育,ciau5(tɕiɔ³⁵),ciau5,暂无
浦东·川沙,校(校),~对,ciau5(tɕiɔ³⁵),ciau5,暂无
浦东·川沙,较(較),[空],ciau5(tɕiɔ³⁵),ciau5,暂无
浦东·川沙,敲(敲),[空],chiau1(tɕʰiɔ⁵³),chiau1,暂无
浦东·川沙,跷(蹺),[空],chiau1(tɕʰiɔ⁵³),chiau1,暂无
浦东·川沙,巧(巧),[空],chiau3(tɕʰiɔ⁴⁴),chiau3,暂无
浦东·川沙,窍(竅),[空],chiau3(tɕʰiɔ⁴⁴),chiau3,暂无
浦东·川沙,翘(翹),[空],chiau5(tɕʰiɔ³⁵),chiau5,暂无
浦东·川沙,挑(挑),[空],thiau1(tʰiɔ⁵³),thiau1,暂无
浦东·川沙,□(□),~~伊，让他获利,thiau1(tʰiɔ⁵³),thiau1,暂无
浦东·川沙,粜(糶),[空],thiau5(tʰiɔ³⁵),thiau5,暂无
浦东·川沙,跳(跳),[空],thiau5(tʰiɔ³⁵),thiau5,暂无
浦东·川沙,查(查),姓,tsiau1(tsiɔ⁵³),tsiau1,暂无
浦东·川沙,椒(椒),[空],tsiau1(tsiɔ⁵³),tsiau1,暂无
浦东·川沙,楂(楂),[空],tsiau1(tsiɔ⁵³),tsiau1,暂无
浦东·川沙,渣(渣),[空],tsiau1(tsiɔ⁵³),tsiau1,暂无
浦东·川沙,焦(焦),[空],tsiau1(tsiɔ⁵³),tsiau1,暂无
浦东·川沙,蕉(蕉),[空],tsiau1(tsiɔ⁵³),tsiau1,暂无
浦东·川沙,遮(遮),[空],tsiau1(tsiɔ⁵³),tsiau1,暂无
浦东·川沙,□(□),~一把，抓,tsiau1(tsiɔ⁵³),tsiau1,暂无
浦东·川沙,榨(榨),[空],tsiau5(tsiɔ³⁵),tsiau5,暂无
浦东·川沙,炸(炸),[空],tsiau5(tsiɔ³⁵),tsiau5,暂无
浦东·川沙,蔗(蔗),[空],tsiau5(tsiɔ³⁵),tsiau5,暂无
浦东·川沙,诈(詐),[空],tsiau5(tsiɔ³⁵),tsiau5,暂无
浦东·川沙,醮(醮),[空],tsiau5(tsiɔ³⁵),tsiau5,暂无
浦东·川沙,叉(叉),[空],tshiau1(tsʰiɔ⁵³),tshiau1,暂无
浦东·川沙,差(差),~勿多,tshiau1(tsʰiɔ⁵³),tshiau1,暂无
浦东·川沙,杈(杈),[空],tshiau1(tsʰiɔ⁵³),tshiau1,暂无
浦东·川沙,缲(繰),~立，缲边，~起袖子,tshiau1(tsʰiɔ⁵³),tshiau1,暂无
浦东·川沙,车(車),[空],tshiau1(tsʰiɔ⁵³),tshiau1,暂无
浦东·川沙,错(錯),~脱铜钿，交易中不慎把钱多给了对方,tshiau1(tsʰiɔ⁵³),tshiau1,暂无
浦东·川沙,俏(俏),[空],tshiau5(tsʰiɔ³⁵),tshiau5,暂无
浦东·川沙,岔(岔),[空],tshiau5(tsʰiɔ³⁵),tshiau5,暂无
浦东·川沙,帩(帩),~紧绳，勒，抽（紧）,tshiau5(tsʰiɔ³⁵),tshiau5,暂无
浦东·川沙,□(□),覅来~，捣乱,tshiau5(tsʰiɔ³⁵),tshiau5,暂无
浦东·川沙,畲(佘),[空],ziau2(ziɔ²¹³),ziau2,暂无
浦东·川沙,剿(剿),[空],ziau2(ziɔ²¹³),ziau2,暂无
浦东·川沙,巢(巢),[空],ziau2(ziɔ²¹³),ziau2,暂无
浦东·川沙,查(查),调~,ziau2(ziɔ²¹³),ziau2,暂无
浦东·川沙,樵(樵),[空],ziau2(ziɔ²¹³),ziau2,暂无
浦东·川沙,蛇(蛇),[空],ziau2(ziɔ²¹³),ziau2,暂无
浦东·川沙,喏(喏),唱~,ziau2(ziɔ²¹³),ziau2,暂无
浦东·川沙,社(社),[空],ziau2(ziɔ²¹³),ziau2,暂无
浦东·川沙,乍(乍),[空],ziau6(ziɔ¹³),ziau6,暂无
浦东·川沙,射(射),[空],ziau6(ziɔ¹³),ziau6,暂无
浦东·川沙,麝(麝),[空],ziau6(ziɔ¹³),ziau6,暂无
浦东·川沙,覅(覅),【校】原文未标调？,viau6(βiɔ¹³),viau6,暂无
浦东·川沙,吆(吆),五~喝六,iau1(iɔ⁵³),iau1,暂无
浦东·川沙,妖(妖),[空],iau1(iɔ⁵³),iau1,暂无
浦东·川沙,幺(幺),~二三,iau1(iɔ⁵³),iau1,暂无
浦东·川沙,杳(杳),[空],iau1(iɔ⁵³),iau1,暂无
浦东·川沙,腰(腰),[空],iau1(iɔ⁵³),iau1,暂无
浦东·川沙,要(要),~求,iau1(iɔ⁵³),iau1,暂无
浦东·川沙,邀(邀),[空],iau1(iɔ⁵³),iau1,暂无
浦东·川沙,闄(闄),~纸头，折叠,iau1(iɔ⁵³),iau1,暂无
浦东·川沙,𢫭(𢫭),~面，揉,gniaoq8(ȵiɔʔ²³),gniaoq8,暂无
浦东·川沙,咸(咸),~丰,yae2(ɦiɛ²¹³),yae2,暂无
浦东·川沙,炎(炎),[空],yae2(ɦiɛ²¹³),yae2,暂无
浦东·川沙,艳(豔),[空],yae2(ɦiɛ²¹³),yae2,暂无
浦东·川沙,械(械),[空],yae6(ɦiɛ¹³),yae6,暂无
浦东·川沙,焰(焰),[空],yae6(ɦiɛ¹³),yae6,暂无
浦东·川沙,陷(陷),[空],yae6(ɦiɛ¹³),yae6,暂无
浦东·川沙,罱(罱),~泥,gniae2(ȵiɛ²¹³),gniae2,暂无
浦东·川沙,廿(廿),[空],gniae6(ȵiɛ¹³),gniae6,暂无
浦东·川沙,念(念),[空],gniae6(ȵiɛ¹³),gniae6,暂无
浦东·川沙,奸(奸),[空],ciae1(tɕiɛ⁵³),ciae1,暂无
浦东·川沙,也(也),[空],iae1(iɛ⁵³),iae1,暂无
浦东·川沙,休(休),[空],shieu1(ɕiɤ⁵³),shieu1,暂无
浦东·川沙,朽(朽),[空],shieu3(ɕiɤ⁴⁴),shieu3,暂无
浦东·川沙,嗅(嗅),[空],shieu5(ɕiɤ³⁵),shieu5,暂无
浦东·川沙,丢(丟),[空],tieu1(ɗiɤ⁵³),tieu1,暂无
浦东·川沙,仇(仇),姓,jieu2(dʑiɤ²¹³),jieu2,暂无
浦东·川沙,求(求),[空],jieu2(dʑiɤ²¹³),jieu2,暂无
浦东·川沙,球(球),[空],jieu2(dʑiɤ²¹³),jieu2,暂无
浦东·川沙,咎(咎),休~,jieu2(dʑiɤ²¹³),jieu2,暂无
浦东·川沙,柏(柏),[空],jieu2(dʑiɤ²¹³),jieu2,暂无
浦东·川沙,臼(臼),[空],jieu2(dʑiɤ²¹³),jieu2,暂无
浦东·川沙,舅(舅),[空],jieu2(dʑiɤ²¹³),jieu2,暂无
浦东·川沙,柩(柩),[空],jieu6(dʑiɤ¹³),jieu6,暂无
浦东·川沙,旧(舊),[空],jieu6(dʑiɤ¹³),jieu6,暂无
浦东·川沙,尤(尤),[空],yeu2(ɦiɤ²¹³),yeu2,暂无
浦东·川沙,油(油),[空],yeu2(ɦiɤ²¹³),yeu2,暂无
浦东·川沙,游(游),[空],yeu2(ɦiɤ²¹³),yeu2,暂无
浦东·川沙,犹(猶),[空],yeu2(ɦiɤ²¹³),yeu2,暂无
浦东·川沙,由(由),[空],yeu2(ɦiɤ²¹³),yeu2,暂无
浦东·川沙,蚰(蚰),水蜒~,yeu2(ɦiɤ²¹³),yeu2,暂无
浦东·川沙,游(遊),[空],yeu2(ɦiɤ²¹³),yeu2,暂无
浦东·川沙,邮(郵),[空],yeu2(ɦiɤ²¹³),yeu2,暂无
浦东·川沙,友(友),[空],yeu2(ɦiɤ²¹³),yeu2,暂无
浦东·川沙,有(有),[空],yeu2(ɦiɤ²¹³),yeu2,暂无
浦东·川沙,诱(誘),[空],yeu2(ɦiɤ²¹³),yeu2,暂无
浦东·川沙,酉(酉),[空],yeu2(ɦiɤ²¹³),yeu2,暂无
浦东·川沙,佑(佑),[空],yeu6(ɦiɤ¹³),yeu6,暂无
浦东·川沙,又(又),[空],yeu6(ɦiɤ¹³),yeu6,暂无
浦东·川沙,右(右),[空],yeu6(ɦiɤ¹³),yeu6,暂无
浦东·川沙,幼(幼),[空],yeu6(ɦiɤ¹³),yeu6,暂无
浦东·川沙,柚(柚),[空],yeu6(ɦiɤ¹³),yeu6,暂无
浦东·川沙,釉(釉),[空],yeu6(ɦiɤ¹³),yeu6,暂无
浦东·川沙,鼬(鼬),[空],yeu6(ɦiɤ¹³),yeu6,暂无
浦东·川沙,溜(溜),[空],lieu1(liɤ⁵³),lieu1,暂无
浦东·川沙,刘(劉),[空],lieu2(liɤ²¹³),lieu2,暂无
浦东·川沙,榴(榴),[空],lieu2(liɤ²¹³),lieu2,暂无
浦东·川沙,流(流),[空],lieu2(liɤ²¹³),lieu2,暂无
浦东·川沙,琉(琉),[空],lieu2(liɤ²¹³),lieu2,暂无
浦东·川沙,留(留),[空],lieu2(liɤ²¹³),lieu2,暂无
浦东·川沙,瘤(瘤),肿~,lieu2(liɤ²¹³),lieu2,暂无
浦东·川沙,硫(硫),[空],lieu2(liɤ²¹³),lieu2,暂无
浦东·川沙,柳(柳),[空],lieu2(liɤ²¹³),lieu2,暂无
浦东·川沙,馏(餾),[空],lieu6(liɤ¹³),lieu6,暂无
浦东·川沙,扭(扭),[空],gnieu1(ȵiɤ⁵³),gnieu1,暂无
浦东·川沙,牛(牛),[空],gnieu2(ȵiɤ²¹³),gnieu2,暂无
浦东·川沙,纽(紐),[空],gnieu2(ȵiɤ²¹³),gnieu2,暂无
浦东·川沙,钮(鈕),[空],gnieu2(ȵiɤ²¹³),gnieu2,暂无
浦东·川沙,谬(謬),[空],gnieu6(ȵiɤ¹³),gnieu6,暂无
浦东·川沙,修(修),[空],sieu1(siɤ⁵³),sieu1,暂无
浦东·川沙,羞(羞),[空],sieu1(siɤ⁵³),sieu1,暂无
浦东·川沙,宿(宿),星~,sieu5(siɤ³⁵),sieu5,暂无
浦东·川沙,秀(秀),[空],sieu5(siɤ³⁵),sieu5,暂无
浦东·川沙,绣(繡),[空],sieu5(siɤ³⁵),sieu5,暂无
浦东·川沙,锈(鏽),[空],sieu5(siɤ³⁵),sieu5,暂无
浦东·川沙,纠(糾),[空],cieu1(tɕiɤ⁵³),cieu1,暂无
浦东·川沙,赳(赳),[空],cieu1(tɕiɤ⁵³),cieu1,暂无
浦东·川沙,阄(鬮),[空],cieu1(tɕiɤ⁵³),cieu1,暂无
浦东·川沙,鸠(鳩),[空],cieu1(tɕiɤ⁵³),cieu1,暂无
浦东·川沙,久(久),[空],cieu3(tɕiɤ⁴⁴),cieu3,暂无
浦东·川沙,九(九),[空],cieu3(tɕiɤ⁴⁴),cieu3,暂无
浦东·川沙,灸(灸),[空],cieu3(tɕiɤ⁴⁴),cieu3,暂无
浦东·川沙,韭(韭),[空],cieu3(tɕiɤ⁴⁴),cieu3,暂无
浦东·川沙,救(救),[空],cieu5(tɕiɤ³⁵),cieu5,暂无
浦东·川沙,究(究),[空],cieu5(tɕiɤ³⁵),cieu5,暂无
浦东·川沙,丘(丘),[空],chieu1(tɕʰiɤ⁵³),chieu1,暂无
浦东·川沙,恘(恘),坏,chieu1(tɕʰiɤ⁵³),chieu1,暂无
浦东·川沙,揪(揪),~伊一把，抓,tsieu1(tsiɤ⁵³),tsieu1,暂无
浦东·川沙,酒(酒),[空],tsieu3(tsiɤ⁴⁴),tsieu3,暂无
浦东·川沙,皱(皺),[空],tsieu5(tsiɤ³⁵),tsieu5,暂无
浦东·川沙,绉(縐),[空],tsieu5(tsiɤ³⁵),tsieu5,暂无
浦东·川沙,揪(揪),[空],tshieu1(tsʰiɤ⁵³),tshieu1,暂无
浦东·川沙,秋(秋),[空],tshieu1(tsʰiɤ⁵³),tshieu1,暂无
浦东·川沙,锹(鍬),[空],tshieu1(tsʰiɤ⁵³),tshieu1,暂无
浦东·川沙,囚(囚),[空],zieu2(ziɤ²¹³),zieu2,暂无
浦东·川沙,泅(泅),[空],zieu2(ziɤ²¹³),zieu2,暂无
浦东·川沙,酋(酋),[空],zieu2(ziɤ²¹³),zieu2,暂无
浦东·川沙,就(就),[空],zieu6(ziɤ¹³),zieu6,暂无
浦东·川沙,袖(袖),[空],zieu6(ziɤ¹³),zieu6,暂无
浦东·川沙,优(優),[空],ieu1(iɤ⁵³),ieu1,暂无
浦东·川沙,幽(幽),[空],ieu1(iɤ⁵³),ieu1,暂无
浦东·川沙,悠(悠),[空],ieu1(iɤ⁵³),ieu1,暂无
浦东·川沙,忧(憂),[空],ieu1(iɤ⁵³),ieu1,暂无
浦东·川沙,攸(攸),[空],ieu1(iɤ⁵³),ieu1,暂无
浦东·川沙,别(別),[空],biq8(biɪʔ²³),biq8,暂无
浦东·川沙,弼(弼),[空],biq8(biɪʔ²³),biq8,暂无
浦东·川沙,枇(枇),~杷,biq8(biɪʔ²³),biq8,暂无
浦东·川沙,鼻(鼻),[空],biq8(biɪʔ²³),biq8,暂无
浦东·川沙,壁(壁),[空],piq7(ɓiɪʔ⁵),piq7,暂无
浦东·川沙,必(必),[空],piq7(ɓiɪʔ⁵),piq7,暂无
浦东·川沙,憋(憋),[空],piq7(ɓiɪʔ⁵),piq7,暂无
浦东·川沙,滗(潷),~干，沥去水,piq7(ɓiɪʔ⁵),piq7,暂无
浦东·川沙,璧(璧),[空],piq7(ɓiɪʔ⁵),piq7,暂无
浦东·川沙,毕(畢),[空],piq7(ɓiɪʔ⁵),piq7,暂无
浦东·川沙,瘪(癟),[空],piq7(ɓiɪʔ⁵),piq7,暂无
浦东·川沙,笔(筆),[空],piq7(ɓiɪʔ⁵),piq7,暂无
浦东·川沙,逼(逼),[空],piq7(ɓiɪʔ⁵),piq7,暂无
浦东·川沙,鳖(鱉),[空],piq7(ɓiɪʔ⁵),piq7,暂无
浦东·川沙,吸(吸),[空],shiq7(ɕiɪʔ⁵),shiq7,暂无
浦东·川沙,歇(歇),[空],shiq7(ɕiɪʔ⁵),shiq7,暂无
浦东·川沙,胁(脅),[空],shiq7(ɕiɪʔ⁵),shiq7,暂无
浦东·川沙,蝎(蠍),[空],shiq7(ɕiɪʔ⁵),shiq7,暂无
浦东·川沙,凸(凸),~出,diq8(diɪʔ²³),diq8,暂无
浦东·川沙,敌(敵),[空],diq8(diɪʔ²³),diq8,暂无
浦东·川沙,牒(牒),[空],diq8(diɪʔ²³),diq8,暂无
浦东·川沙,狄(狄),[空],diq8(diɪʔ²³),diq8,暂无
浦东·川沙,碟(碟),[空],diq8(diɪʔ²³),diq8,暂无
浦东·川沙,笛(笛),[空],diq8(diɪʔ²³),diq8,暂无
浦东·川沙,籴(糴),[空],diq8(diɪʔ²³),diq8,暂无
浦东·川沙,蝶(蝶),[空],diq8(diɪʔ²³),diq8,暂无
浦东·川沙,谍(諜),[空],diq8(diɪʔ²³),diq8,暂无
浦东·川沙,嫡(嫡),[空],tiq7(ɗiɪʔ⁵),tiq7,暂无
浦东·川沙,摘(摘),拧，掐：~脱头，~人,tiq7(ɗiɪʔ⁵),tiq7,暂无
浦东·川沙,滴(滴),[空],tiq7(ɗiɪʔ⁵),tiq7,暂无
浦东·川沙,的(的),[空],tiq7(ɗiɪʔ⁵),tiq7,暂无
浦东·川沙,跌(跌),[空],tiq7(ɗiɪʔ⁵),tiq7,暂无
浦东·川沙,杰(傑),[空],jiq8(dʑiɪʔ²³),jiq8,暂无
浦东·川沙,及(及),[空],jiq8(dʑiɪʔ²³),jiq8,暂无
浦东·川沙,叶(葉),~子,yiq8(ɦiɪʔ²³),yiq8,暂无
浦东·川沙,逸(逸),[空],yiq8(ɦiɪʔ²³),yiq8,暂无
浦东·川沙,页(頁),[空],yiq8(ɦiɪʔ²³),yiq8,暂无
浦东·川沙,列(列),[空],liq8(liɪʔ²³),liq8,暂无
浦东·川沙,力(力),[空],liq8(liɪʔ²³),liq8,暂无
浦东·川沙,劣(劣),[空],liq8(liɪʔ²³),liq8,暂无
浦东·川沙,律(律),[空],liq8(liɪʔ²³),liq8,暂无
浦东·川沙,捩(捩),[空],liq8(liɪʔ²³),liq8,暂无
浦东·川沙,历(曆),[空],liq8(liɪʔ²³),liq8,暂无
浦东·川沙,栗(栗),[空],liq8(liɪʔ²³),liq8,暂无
浦东·川沙,沥(瀝),~干,liq8(liɪʔ²³),liq8,暂无
浦东·川沙,烈(烈),[空],liq8(liɪʔ²³),liq8,暂无
浦东·川沙,猎(獵),~狗,liq8(liɪʔ²³),liq8,暂无
浦东·川沙,率(率),效~,liq8(liɪʔ²³),liq8,暂无
浦东·川沙,立(立),[空],liq8(liɪʔ²³),liq8,暂无
浦东·川沙,笠(笠),[空],liq8(liɪʔ²³),liq8,暂无
浦东·川沙,粒(粒),[空],liq8(liɪʔ²³),liq8,暂无
浦东·川沙,荔(荔),~枝,liq8(liɪʔ²³),liq8,暂无
浦东·川沙,裂(裂),[空],liq8(liɪʔ²³),liq8,暂无
浦东·川沙,□(□),~人，拧，扭,liq8(liɪʔ²³),liq8,暂无
浦东·川沙,密(密),[空],miq8(miɪʔ²³),miq8,暂无
浦东·川沙,搣(搣),~螺丝，拧，旋,miq8(miɪʔ²³),miq8,暂无
浦东·川沙,灭(滅),[空],miq8(miɪʔ²³),miq8,暂无
浦东·川沙,篾(篾),[空],miq8(miɪʔ²³),miq8,暂无
浦东·川沙,蔑(蔑),[空],miq8(miɪʔ²³),miq8,暂无
浦东·川沙,蜜(蜜),[空],miq8(miɪʔ²³),miq8,暂无
浦东·川沙,觅(覓),[空],miq8(miɪʔ²³),miq8,暂无
浦东·川沙,孽(孽),[空],gniq8(ȵiɪʔ²³),gniq8,暂无
浦东·川沙,日(日),白,gniq8(ȵiɪʔ²³),gniq8,暂无
浦东·川沙,业(業),[空],gniq8(ȵiɪʔ²³),gniq8,暂无
浦东·川沙,热(熱),[空],gniq8(ȵiɪʔ²³),gniq8,暂无
浦东·川沙,聂(聶),[空],gniq8(ȵiɪʔ²³),gniq8,暂无
浦东·川沙,镊(鑷),[空],gniq8(ȵiɪʔ²³),gniq8,暂无
浦东·川沙,僻(僻),[空],phiq7(pʰiɪʔ⁵),phiq7,暂无
浦东·川沙,劈(劈),[空],phiq7(pʰiɪʔ⁵),phiq7,暂无
浦东·川沙,匹(匹),[空],phiq7(pʰiɪʔ⁵),phiq7,暂无
浦东·川沙,撇(撇),~沫,phiq7(pʰiɪʔ⁵),phiq7,暂无
浦东·川沙,辟(辟),开~,phiq7(pʰiɪʔ⁵),phiq7,暂无
浦东·川沙,屑(屑),[空],siq7(siɪʔ⁵),siq7,暂无
浦东·川沙,恤(恤),[空],siq7(siɪʔ⁵),siq7,暂无
浦东·川沙,悉(悉),[空],siq7(siɪʔ⁵),siq7,暂无
浦东·川沙,惜(惜),[空],siq7(siɪʔ⁵),siq7,暂无
浦东·川沙,戊(戊),[空],siq7(siɪʔ⁵),siq7,暂无
浦东·川沙,昔(昔),[空],siq7(siɪʔ⁵),siq7,暂无
浦东·川沙,析(析),[空],siq7(siɪʔ⁵),siq7,暂无
浦东·川沙,泄(泄),[空],siq7(siɪʔ⁵),siq7,暂无
浦东·川沙,玺(璽),玉~印,siq7(siɪʔ⁵),siq7,暂无
浦东·川沙,薛(薛),[空],siq7(siɪʔ⁵),siq7,暂无
浦东·川沙,锡(錫),[空],siq7(siɪʔ⁵),siq7,暂无
浦东·川沙,雪(雪),[空],siq7(siɪʔ⁵),siq7,暂无
浦东·川沙,髓(髓),骨~,siq7(siɪʔ⁵),siq7,暂无
浦东·川沙,劫(劫),[空],ciq7(tɕiɪʔ⁵),ciq7,暂无
浦东·川沙,吉(吉),[空],ciq7(tɕiɪʔ⁵),ciq7,暂无
浦东·川沙,急(急),[空],ciq7(tɕiɪʔ⁵),ciq7,暂无
浦东·川沙,挟(挾),~菜,ciq7(tɕiɪʔ⁵),ciq7,暂无
浦东·川沙,揭(揭),[空],ciq7(tɕiɪʔ⁵),ciq7,暂无
浦东·川沙,洁(潔),[空],ciq7(tɕiɪʔ⁵),ciq7,暂无
浦东·川沙,结(結),[空],ciq7(tɕiɪʔ⁵),ciq7,暂无
浦东·川沙,给(給),[空],ciq7(tɕiɪʔ⁵),ciq7,暂无
浦东·川沙,荚(莢),毛豆~,ciq7(tɕiɪʔ⁵),ciq7,暂无
浦东·川沙,颊(頰),面~骨（骨读[ku]）,ciq7(tɕiɪʔ⁵),ciq7,暂无
浦东·川沙,乞(乞),[空],chiq7(tɕʰiɪʔ⁵),chiq7,暂无
浦东·川沙,泣(泣),[空],chiq7(tɕʰiɪʔ⁵),chiq7,暂无
浦东·川沙,讫(訖),[空],chiq7(tɕʰiɪʔ⁵),chiq7,暂无
浦东·川沙,剔(剔),[空],thiq7(tʰiɪʔ⁵),thiq7,暂无
浦东·川沙,帖(帖),[空],thiq7(tʰiɪʔ⁵),thiq7,暂无
浦东·川沙,梯(梯),扶~,thiq7(tʰiɪʔ⁵),thiq7,暂无
浦东·川沙,贴(貼),[空],thiq7(tʰiɪʔ⁵),thiq7,暂无
浦东·川沙,踢(踢),[空],thiq7(tʰiɪʔ⁵),thiq7,暂无
浦东·川沙,铁(鐵),[空],thiq7(tʰiɪʔ⁵),thiq7,暂无
浦东·川沙,即(即),[空],tsiq7(tsiɪʔ⁵),tsiq7,暂无
浦东·川沙,接(接),[空],tsiq7(tsiɪʔ⁵),tsiq7,暂无
浦东·川沙,疖(癤),[空],tsiq7(tsiɪʔ⁵),tsiq7,暂无
浦东·川沙,积(積),[空],tsiq7(tsiɪʔ⁵),tsiq7,暂无
浦东·川沙,节(節),[空],tsiq7(tsiɪʔ⁵),tsiq7,暂无
浦东·川沙,绩(績),[空],tsiq7(tsiɪʔ⁵),tsiq7,暂无
浦东·川沙,脊(脊),[空],tsiq7(tsiɪʔ⁵),tsiq7,暂无
浦东·川沙,迹(跡),[空],tsiq7(tsiɪʔ⁵),tsiq7,暂无
浦东·川沙,鲫(鯽),[空],tsiq7(tsiɪʔ⁵),tsiq7,暂无
浦东·川沙,七(七),[空],tshiq7(tsʰiɪʔ⁵),tshiq7,暂无
浦东·川沙,切(切),[空],tshiq7(tsʰiɪʔ⁵),tshiq7,暂无
浦东·川沙,妾(妾),[空],tshiq7(tsʰiɪʔ⁵),tshiq7,暂无
浦东·川沙,戚(戚),[空],tshiq7(tsʰiɪʔ⁵),tshiq7,暂无
浦东·川沙,缉(緝),[空],tshiq7(tsʰiɪʔ⁵),tshiq7,暂无
浦东·川沙,辑(輯),[空],tshiq7(tsʰiɪʔ⁵),tshiq7,暂无
浦东·川沙,□(□),~紧，~杀脱，抽，勒,tshiq7(tsʰiɪʔ⁵),tshiq7,暂无
浦东·川沙,夕(夕),[空],ziq8(ziɪʔ²³),ziq8,暂无
浦东·川沙,寂(寂),[空],ziq8(ziɪʔ²³),ziq8,暂无
浦东·川沙,席(席),[空],ziq8(ziɪʔ²³),ziq8,暂无
浦东·川沙,截(截),[空],ziq8(ziɪʔ²³),ziq8,暂无
浦东·川沙,拾(拾),~起来,ziq8(ziɪʔ²³),ziq8,暂无
浦东·川沙,捷(捷),[空],ziq8(ziɪʔ²³),ziq8,暂无
浦东·川沙,疾(疾),[空],ziq8(ziɪʔ²³),ziq8,暂无
浦东·川沙,绝(絕),[空],ziq8(ziɪʔ²³),ziq8,暂无
浦东·川沙,习(習),[空],ziq8(ziɪʔ²³),ziq8,暂无
浦东·川沙,袭(襲),[空],ziq8(ziɪʔ²³),ziq8,暂无
浦东·川沙,集(集),[空],ziq8(ziɪʔ²³),ziq8,暂无
浦东·川沙,一(一),[空],iq7(iɪʔ⁵),iq7,暂无
浦东·川沙,乙(乙),[空],iq7(iɪʔ⁵),iq7,暂无
浦东·川沙,噎(噎),[空],iq7(iɪʔ⁵),iq7,暂无
浦东·川沙,揖(揖),作~,iq7(iɪʔ⁵),iq7,暂无
浦东·川沙,坪(坪),[空],bin2(bin²¹³),bin2,暂无
浦东·川沙,屏(屏),~风,bin2(bin²¹³),bin2,暂无
浦东·川沙,平(平),[空],bin2(bin²¹³),bin2,暂无
浦东·川沙,凭(憑),[空],bin2(bin²¹³),bin2,暂无
浦东·川沙,瓶(瓶),[空],bin2(bin²¹³),bin2,暂无
浦东·川沙,萍(萍),[空],bin2(bin²¹³),bin2,暂无
浦东·川沙,评(評),[空],bin2(bin²¹³),bin2,暂无
浦东·川沙,贫(貧),[空],bin2(bin²¹³),bin2,暂无
浦东·川沙,频(頻),[空],bin2(bin²¹³),bin2,暂无
浦东·川沙,并(並),~排,bin2(bin²¹³),bin2,暂无
浦东·川沙,病(病),[空],bin6(bin¹³),bin6,暂无
浦东·川沙,兵(兵),[空],pin1(ɓin⁵³),pin1,暂无
浦东·川沙,冰(冰),[空],pin1(ɓin⁵³),pin1,暂无
浦东·川沙,彬(彬),[空],pin1(ɓin⁵³),pin1,暂无
浦东·川沙,斌(斌),[空],pin1(ɓin⁵³),pin1,暂无
浦东·川沙,槟(檳),[空],pin1(ɓin⁵³),pin1,暂无
浦东·川沙,殡(殯),[空],pin1(ɓin⁵³),pin1,暂无
浦东·川沙,滨(濱),[空],pin1(ɓin⁵³),pin1,暂无
浦东·川沙,宾(賓),[空],pin1(ɓin⁵³),pin1,暂无
浦东·川沙,鬓(鬢),[空],pin1(ɓin⁵³),pin1,暂无
浦东·川沙,禀(稟),[空],pin3(ɓin⁴⁴),pin3,暂无
浦东·川沙,饼(餅),[空],pin3(ɓin⁴⁴),pin3,暂无
浦东·川沙,丙(丙),[空],pin5(ɓin³⁵),pin5,暂无
浦东·川沙,并(併),合~,pin5(ɓin³⁵),pin5,暂无
浦东·川沙,柄(柄),[空],pin5(ɓin³⁵),pin5,暂无
浦东·川沙,炳(炳),[空],pin5(ɓin³⁵),pin5,暂无
浦东·川沙,秉(秉),[空],pin5(ɓin³⁵),pin5,暂无
浦东·川沙,□(□),~辰光，挨，相持,pin5(ɓin³⁵),pin5,暂无
浦东·川沙,欣(欣),[空],shin1(ɕin⁵³),shin1,暂无
浦东·川沙,馨(馨),[空],shin1(ɕin⁵³),shin1,暂无
浦东·川沙,亭(亭),[空],din2(din²¹³),din2,暂无
浦东·川沙,停(停),[空],din2(din²¹³),din2,暂无
浦东·川沙,庭(庭),[空],din2(din²¹³),din2,暂无
浦东·川沙,廷(廷),[空],din2(din²¹³),din2,暂无
浦东·川沙,蜓(蜓),[空],din2(din²¹³),din2,暂无
浦东·川沙,绽(綻),[空],din2(din²¹³),din2,暂无
浦东·川沙,定(定),[空],din6(din¹³),din6,暂无
浦东·川沙,丁(丁),[空],tin1(ɗin⁵³),tin1,暂无
浦东·川沙,叮(叮),形容词，痒,tin1(ɗin⁵³),tin1,暂无
浦东·川沙,汀(汀),水~,tin1(ɗin⁵³),tin1,暂无
浦东·川沙,疔(疔),[空],tin1(ɗin⁵³),tin1,暂无
浦东·川沙,盯(盯),[空],tin1(ɗin⁵³),tin1,暂无
浦东·川沙,钉(釘),[空],tin1(ɗin⁵³),tin1,暂无
浦东·川沙,顶(頂),[空],tin3(ɗin⁴⁴),tin3,暂无
浦东·川沙,鼎(鼎),[空],tin3(ɗin⁴⁴),tin3,暂无
浦东·川沙,濎(濎),[空],tin5(ɗin³⁵),tin5,暂无
浦东·川沙,订(訂),[空],tin5(ɗin³⁵),tin5,暂无
浦东·川沙,钉(釘),[空],tin5(ɗin³⁵),tin5,暂无
浦东·川沙,勤(勤),[空],jin2(dʑin²¹³),jin2,暂无
浦东·川沙,擒(擒),[空],jin2(dʑin²¹³),jin2,暂无
浦东·川沙,琴(琴),[空],jin2(dʑin²¹³),jin2,暂无
浦东·川沙,禽(禽),[空],jin2(dʑin²¹³),jin2,暂无
浦东·川沙,芹(芹),药~,jin2(dʑin²¹³),jin2,暂无
浦东·川沙,近(近),[空],jin2(dʑin²¹³),jin2,暂无
浦东·川沙,劲(勁),~道,jin6(dʑin¹³),jin6,暂无
浦东·川沙,寅(寅),[空],yin2(ɦin²¹³),yin2,暂无
浦东·川沙,淫(淫),[空],yin2(ɦin²¹³),yin2,暂无
浦东·川沙,尹(尹),[空],yin2(ɦin²¹³),yin2,暂无
浦东·川沙,引(引),[空],yin2(ɦin²¹³),yin2,暂无
浦东·川沙,铃(鈴),[空],lin1(lin⁵³),lin1,暂无
浦东·川沙,伶(伶),[空],lin2(lin²¹³),lin2,暂无
浦东·川沙,林(林),[空],lin2(lin²¹³),lin2,暂无
浦东·川沙,淋(淋),[空],lin2(lin²¹³),lin2,暂无
浦东·川沙,凌(淩),[空],lin2(lin²¹³),lin2,暂无
浦东·川沙,磷(磷),[空],lin2(lin²¹³),lin2,暂无
浦东·川沙,繗(繗),~衣裳，缝,lin2(lin²¹³),lin2,暂无
浦东·川沙,临(臨),[空],lin2(lin²¹³),lin2,暂无
浦东·川沙,菱(菱),[空],lin2(lin²¹³),lin2,暂无
浦东·川沙,邻(鄰),[空],lin2(lin²¹³),lin2,暂无
浦东·川沙,铃(鈴),[空],lin2(lin²¹³),lin2,暂无
浦东·川沙,陵(陵),[空],lin2(lin²¹³),lin2,暂无
浦东·川沙,零(零),[空],lin2(lin²¹³),lin2,暂无
浦东·川沙,灵(靈),[空],lin2(lin²¹³),lin2,暂无
浦东·川沙,领(領),[空],lin2(lin²¹³),lin2,暂无
浦东·川沙,鳞(鱗),[空],lin2(lin²¹³),lin2,暂无
浦东·川沙,岭(嶺),[空],lin2(lin²¹³),lin2,暂无
浦东·川沙,领(領),[空],lin2(lin²¹³),lin2,暂无
浦东·川沙,令(令),[空],lin6(lin¹³),lin6,暂无
浦东·川沙,另(另),[空],lin6(lin¹³),lin6,暂无
浦东·川沙,吝(吝),[空],lin6(lin¹³),lin6,暂无
浦东·川沙,闰(閏),[空],lin6(lin¹³),lin6,暂无
浦东·川沙,鸣(鳴),[空],min1(min⁵³),min1,暂无
浦东·川沙,名(名),[空],min2(min²¹³),min2,暂无
浦东·川沙,明(明),[空],min2(min²¹³),min2,暂无
浦东·川沙,民(民),[空],min2(min²¹³),min2,暂无
浦东·川沙,铭(銘),[空],min2(min²¹³),min2,暂无
浦东·川沙,闽(閩),[空],min2(min²¹³),min2,暂无
浦东·川沙,悯(憫),[空],min2(min²¹³),min2,暂无
浦东·川沙,敏(敏),[空],min2(min²¹³),min2,暂无
浦东·川沙,皿(皿),[空],min2(min²¹³),min2,暂无
浦东·川沙,脗(脗),~缝，合缝,min2(min²¹³),min2,暂无
浦东·川沙,闵(閔),[空],min2(min²¹³),min2,暂无
浦东·川沙,抿(抿),~紧,min5(min³⁵),min5,暂无
浦东·川沙,命(命),[空],min6(min¹³),min6,暂无
浦东·川沙,人(人),[空],gnin2(ȵin²¹³),gnin2,暂无
浦东·川沙,仁(仁),[空],gnin2(ȵin²¹³),gnin2,暂无
浦东·川沙,凝(凝),[空],gnin2(ȵin²¹³),gnin2,暂无
浦东·川沙,吟(吟),[空],gnin2(ȵin²¹³),gnin2,暂无
浦东·川沙,宁(寧),[空],gnin2(ȵin²¹³),gnin2,暂无
浦东·川沙,银(銀),[空],gnin2(ȵin²¹³),gnin2,暂无
浦东·川沙,龈(齦),牙~肉,gnin2(ȵin²¹³),gnin2,暂无
浦东·川沙,凝(凝),粥~起，凝结,gnin6(ȵin¹³),gnin6,暂无
浦东·川沙,乒(乒),[空],phin1(pʰin⁵³),phin1,暂无
浦东·川沙,姘(姘),[空],phin1(pʰin⁵³),phin1,暂无
浦东·川沙,拼(拼),[空],phin1(pʰin⁵³),phin1,暂无
浦东·川沙,品(品),[空],phin3(pʰin⁴⁴),phin3,暂无
浦东·川沙,聘(聘),[空],phin3(pʰin⁴⁴),phin3,暂无
浦东·川沙,心(心),[空],sin1(sin⁵³),sin1,暂无
浦东·川沙,新(新),[空],sin1(sin⁵³),sin1,暂无
浦东·川沙,星(星),[空],sin1(sin⁵³),sin1,暂无
浦东·川沙,猩(猩),[空],sin1(sin⁵³),sin1,暂无
浦东·川沙,腥(腥),[空],sin1(sin⁵³),sin1,暂无
浦东·川沙,薪(薪),[空],sin1(sin⁵³),sin1,暂无
浦东·川沙,蜻(蜻),~蜓,sin1(sin⁵³),sin1,暂无
浦东·川沙,辛(辛),[空],sin1(sin⁵³),sin1,暂无
浦东·川沙,省(省),反~,sin3(sin⁴⁴),sin3,暂无
浦东·川沙,醒(醒),[空],sin3(sin⁴⁴),sin3,暂无
浦东·川沙,信(信),[空],sin5(sin³⁵),sin5,暂无
浦东·川沙,姓(姓),[空],sin5(sin³⁵),sin5,暂无
浦东·川沙,性(性),[空],sin5(sin³⁵),sin5,暂无
浦东·川沙,汛(汛),[空],sin5(sin³⁵),sin5,暂无
浦东·川沙,讯(訊),[空],sin5(sin³⁵),sin5,暂无
浦东·川沙,今(今),[空],cin1(tɕin⁵³),cin1,暂无
浦东·川沙,巾(巾),[空],cin1(tɕin⁵³),cin1,暂无
浦东·川沙,斤(斤),[空],cin1(tɕin⁵³),cin1,暂无
浦东·川沙,筋(筋),[空],cin1(tɕin⁵³),cin1,暂无
浦东·川沙,襟(襟),连~,cin1(tɕin⁵³),cin1,暂无
浦东·川沙,金(金),[空],cin1(tɕin⁵³),cin1,暂无
浦东·川沙,紧(緊),[空],cin3(tɕin⁴⁴),cin3,暂无
浦东·川沙,谨(謹),[空],cin3(tɕin⁴⁴),cin3,暂无
浦东·川沙,锦(錦),[空],cin3(tɕin⁴⁴),cin3,暂无
浦东·川沙,仅(僅),[空],cin5(tɕin³⁵),cin5,暂无
浦东·川沙,禁(禁),[空],cin5(tɕin³⁵),cin5,暂无
浦东·川沙,钦(欽),[空],chin1(tɕʰin⁵³),chin1,暂无
浦东·川沙,揿(撳),[空],chin5(tɕʰin³⁵),chin5,暂无
浦东·川沙,厅(廳),[空],thin1(tʰin⁵³),thin1,暂无
浦东·川沙,汀(汀),水门~，水泥,thin1(tʰin⁵³),thin1,暂无
浦东·川沙,听(聽),[空],thin1(tʰin⁵³),thin1,暂无
浦东·川沙,挺(挺),[空],thin3(tʰin⁴⁴),thin3,暂无
浦东·川沙,艇(艇),[空],thin3(tʰin⁴⁴),thin3,暂无
浦东·川沙,□(□),剩下，留下,thin5(tʰin³⁵),thin5,暂无
浦东·川沙,晶(晶),[空],tsin1(tsin⁵³),tsin1,暂无
浦东·川沙,津(津),[空],tsin1(tsin⁵³),tsin1,暂无
浦东·川沙,睛(睛),[空],tsin1(tsin⁵³),tsin1,暂无
浦东·川沙,精(精),[空],tsin1(tsin⁵³),tsin1,暂无
浦东·川沙,井(井),[空],tsin3(tsin⁴⁴),tsin3,暂无
浦东·川沙,尽(盡),~管，~侬吃,tsin3(tsin⁴⁴),tsin3,暂无
浦东·川沙,俊(俊),[空],tsin5(tsin³⁵),tsin5,暂无
浦东·川沙,晋(晉),[空],tsin5(tsin³⁵),tsin5,暂无
浦东·川沙,浸(浸),[空],tsin5(tsin³⁵),tsin5,暂无
浦东·川沙,竣(竣),[空],tsin5(tsin³⁵),tsin5,暂无
浦东·川沙,进(進),[空],tsin5(tsin³⁵),tsin5,暂无
浦东·川沙,骏(駿),[空],tsin5(tsin³⁵),tsin5,暂无
浦东·川沙,侵(侵),[空],tshin1(tsʰin⁵³),tshin1,暂无
浦东·川沙,清(清),[空],tshin1(tsʰin⁵³),tshin1,暂无
浦东·川沙,亲(親),[空],tshin1(tsʰin⁵³),tshin1,暂无
浦东·川沙,青(青),[空],tshin1(tsʰin⁵³),tshin1,暂无
浦东·川沙,寝(寢),[空],tshin3(tsʰin⁴⁴),tshin3,暂无
浦东·川沙,请(請),[空],tshin3(tsʰin⁴⁴),tshin3,暂无
浦东·川沙,寻(尋),[空],zin2(zin²¹³),zin2,暂无
浦东·川沙,巡(巡),[空],zin2(zin²¹³),zin2,暂无
浦东·川沙,循(循),[空],zin2(zin²¹³),zin2,暂无
浦东·川沙,情(情),[空],zin2(zin²¹³),zin2,暂无
浦东·川沙,旬(旬),[空],zin2(zin²¹³),zin2,暂无
浦东·川沙,晴(晴),[空],zin2(zin²¹³),zin2,暂无
浦东·川沙,秦(秦),[空],zin2(zin²¹³),zin2,暂无
浦东·川沙,饧(餳),~糖，饴糖,zin2(zin²¹³),zin2,暂无
浦东·川沙,尽(盡),[空],zin2(zin²¹³),zin2,暂无
浦东·川沙,靖(靖),[空],zin2(zin²¹³),zin2,暂无
浦东·川沙,静(靜),[空],zin2(zin²¹³),zin2,暂无
浦东·川沙,殉(殉),[空],zin6(zin¹³),zin6,暂无
浦东·川沙,净(淨),[空],zin6(zin¹³),zin6,暂无
浦东·川沙,蕈(蕈),香~,zin6(zin¹³),zin6,暂无
浦东·川沙,因(因),[空],in1(in⁵³),in1,暂无
浦东·川沙,姻(姻),[空],in1(in⁵³),in1,暂无
浦东·川沙,殷(殷),[空],in1(in⁵³),in1,暂无
浦东·川沙,阴(陰),[空],in1(in⁵³),in1,暂无
浦东·川沙,音(音),[空],in1(in⁵³),in1,暂无
浦东·川沙,隐(隱),[空],in3(in⁴⁴),in3,暂无
浦东·川沙,□(□),火~脱，熄,in3(in⁴⁴),in3,暂无
浦东·川沙,印(印),[空],in5(in³⁵),in5,暂无
浦东·川沙,瀴(瀴),水~，凉、冷,in5(in³⁵),in5,暂无
浦东·川沙,窨(窨),[空],in5(in³⁵),in5,暂无
浦东·川沙,荫(蔭),[空],in5(in³⁵),in5,暂无
浦东·川沙,饮(飲),[空],in5(in³⁵),in5,暂无
浦东·川沙,□(□),水~，凉、冷,in5(in³⁵),in5,暂无
浦东·川沙,兄(兄),[空],shion1(ɕioŋ⁵³),shion1,暂无
浦东·川沙,凶(凶),[空],shion1(ɕioŋ⁵³),shion1,暂无
浦东·川沙,胸(胸),[空],shion1(ɕioŋ⁵³),shion1,暂无
浦东·川沙,琼(瓊),[空],jion2(dʑioŋ²¹³),jion2,暂无
浦东·川沙,穷(窮),[空],jion2(dʑioŋ²¹³),jion2,暂无
浦东·川沙,茔(塋),[空],yon2(ɦioŋ²¹³),yon2,暂无
浦东·川沙,容(容),[空],yon2(ɦioŋ²¹³),yon2,暂无
浦东·川沙,庸(庸),[空],yon2(ɦioŋ²¹³),yon2,暂无
浦东·川沙,荣(榮),[空],yon2(ɦioŋ²¹³),yon2,暂无
浦东·川沙,溶(溶),[空],yon2(ɦioŋ²¹³),yon2,暂无
浦东·川沙,荥(滎),[空],yon2(ɦioŋ²¹³),yon2,暂无
浦东·川沙,熊(熊),[空],yon2(ɦioŋ²¹³),yon2,暂无
浦东·川沙,营(營),小~房，地名,yon2(ɦioŋ²¹³),yon2,暂无
浦东·川沙,莹(瑩),[空],yon2(ɦioŋ²¹³),yon2,暂无
浦东·川沙,痛(痛),[空],yon2(ɦioŋ²¹³),yon2,暂无
浦东·川沙,蓉(蓉),[空],yon2(ɦioŋ²¹³),yon2,暂无
浦东·川沙,融(融),[空],yon2(ɦioŋ²¹³),yon2,暂无
浦东·川沙,萤(螢),[空],yon2(ɦioŋ²¹³),yon2,暂无
浦东·川沙,雄(雄),[空],yon2(ɦioŋ²¹³),yon2,暂无
浦东·川沙,佣(傭),[空],yon6(ɦioŋ¹³),yon6,暂无
浦东·川沙,用(用),[空],yon6(ɦioŋ¹³),yon6,暂无
浦东·川沙,浓(濃),[空],gnion2(ȵioŋ²¹³),gnion2,暂无
浦东·川沙,绒(絨),[空],gnion2(ȵioŋ²¹³),gnion2,暂无
浦东·川沙,弓(弓),弹棉花的弓,cion1(tɕioŋ⁵³),cion1,暂无
浦东·川沙,龚(龔),[空],cion1(tɕioŋ⁵³),cion1,暂无
浦东·川沙,迥(迥),[空],cion3(tɕioŋ⁴⁴),cion3,暂无
浦东·川沙,穹(穹),[空],chion1(tɕʰioŋ⁵³),chion1,暂无
浦东·川沙,菌(菌),[空],chion1(tɕʰioŋ⁵³),chion1,暂无
浦东·川沙,勇(勇),[空],ion3(ioŋ⁴⁴),ion3,暂无
浦东·川沙,南(南),[空],ion3(ioŋ⁴⁴),ion3,暂无
浦东·川沙,娟(娟),[空],ion3(ioŋ⁴⁴),ion3,暂无
浦东·川沙,拥(擁),[空],ion3(ioŋ⁴⁴),ion3,暂无
浦东·川沙,永(永),[空],ion3(ioŋ⁴⁴),ion3,暂无
浦东·川沙,泳(泳),[空],ion3(ioŋ⁴⁴),ion3,暂无
浦东·川沙,涌(湧),[空],ion3(ioŋ⁴⁴),ion3,暂无
浦东·川沙,咏(詠),[空],ion3(ioŋ⁴⁴),ion3,暂无
浦东·川沙,雍(雍),[空],ion3(ioŋ⁴⁴),ion3,暂无
浦东·川沙,畜(畜),~牧,shioq7(ɕioʔ⁵),shioq7,暂无
浦东·川沙,蓄(蓄),[空],shioq7(ɕioʔ⁵),shioq7,暂无
浦东·川沙,局(局),[空],jioq8(dʑioʔ²³),jioq8,暂无
浦东·川沙,轴(軸),[空],jioq8(dʑioʔ²³),jioq8,暂无
浦东·川沙,逐(逐),[空],jioq8(dʑioʔ²³),jioq8,暂无
浦东·川沙,域(域),[空],yoq8(ɦioʔ²³),yoq8,暂无
浦东·川沙,役(役),[空],yoq8(ɦioʔ²³),yoq8,暂无
浦东·川沙,欲(欲),[空],yoq8(ɦioʔ²³),yoq8,暂无
浦东·川沙,浴(浴),[空],yoq8(ɦioʔ²³),yoq8,暂无
浦东·川沙,狱(獄),[空],yoq8(ɦioʔ²³),yoq8,暂无
浦东·川沙,疫(疫),[空],yoq8(ɦioʔ²³),yoq8,暂无
浦东·川沙,育(育),[空],yoq8(ɦioʔ²³),yoq8,暂无
浦东·川沙,狱(獄),地~,gnioq8(ȵioʔ²³),gnioq8,暂无
浦东·川沙,玉(玉),[空],gnioq8(ȵioʔ²³),gnioq8,暂无
浦东·川沙,肉(肉),[空],gnioq8(ȵioʔ²³),gnioq8,暂无
浦东·川沙,𢫭(𢫭),~面，揉,gnioq8(ȵioʔ²³),gnioq8,暂无
浦东·川沙,褥(褥),~子,gnioq8(ȵioʔ²³),gnioq8,暂无
浦东·川沙,曲(曲),歌~,chioq7(tɕʰioʔ⁵),chioq7,暂无
浦东·川沙,郁(郁),[空],ioq7(ioʔ⁵),ioq7,暂无
浦东·川沙,郁(鬱),[空],ioq7(ioʔ⁵),ioq7,暂无
浦东·川沙,靴(靴),[空],shiuu1(ɕiu⁵³),shiuu1,暂无
浦东·川沙,兴(興),~旺,shieon1(ɕiʌŋ⁵³),shieon1,暂无
浦东·川沙,兴(興),高~,shieon5(ɕiʌŋ³⁵),shieon5,暂无
浦东·川沙,衅(釁),[空],shieon5(ɕiʌŋ³⁵),shieon5,暂无
浦东·川沙,擎(擎),[空],jieon2(dʑiʌŋ²¹³),jieon2,暂无
浦东·川沙,鲸(鯨),[空],jieon2(dʑiʌŋ²¹³),jieon2,暂无
浦东·川沙,□(□),一~田，量词,jieon2(dʑiʌŋ²¹³),jieon2,暂无
浦东·川沙,竞(競),[空],jieon6(dʑiʌŋ¹³),jieon6,暂无
浦东·川沙,刑(刑),[空],yeon2(ɦiʌŋ²¹³),yeon2,暂无
浦东·川沙,型(型),[空],yeon2(ɦiʌŋ²¹³),yeon2,暂无
浦东·川沙,形(形),[空],yeon2(ɦiʌŋ²¹³),yeon2,暂无
浦东·川沙,营(營),[空],yeon2(ɦiʌŋ²¹³),yeon2,暂无
浦东·川沙,盈(盈),[空],yeon2(ɦiʌŋ²¹³),yeon2,暂无
浦东·川沙,行(行),~动,yeon2(ɦiʌŋ²¹³),yeon2,暂无
浦东·川沙,衡(衡),~山,yeon2(ɦiʌŋ²¹³),yeon2,暂无
浦东·川沙,赢(贏),[空],yeon2(ɦiʌŋ²¹³),yeon2,暂无
浦东·川沙,幸(幸),[空],yeon2(ɦiʌŋ²¹³),yeon2,暂无
浦东·川沙,颖(穎),[空],yeon2(ɦiʌŋ²¹³),yeon2,暂无
浦东·川沙,任(任),姓,gnieon2(ȵiʌŋ²¹³),gnieon2,暂无
浦东·川沙,壬(壬),[空],gnieon2(ȵiʌŋ²¹³),gnieon2,暂无
浦东·川沙,迎(迎),[空],gnieon2(ȵiʌŋ²¹³),gnieon2,暂无
浦东·川沙,认(認),[空],gnieon6(ȵiʌŋ¹³),gnieon6,暂无
浦东·川沙,闰(閏),~月,gnieon6(ȵiʌŋ¹³),gnieon6,暂无
浦东·川沙,韧(韌),[空],gnieon6(ȵiʌŋ¹³),gnieon6,暂无
浦东·川沙,京(京),[空],cieon1(tɕiʌŋ⁵³),cieon1,暂无
浦东·川沙,泾(涇),[空],cieon1(tɕiʌŋ⁵³),cieon1,暂无
浦东·川沙,经(經),[空],cieon1(tɕiʌŋ⁵³),cieon1,暂无
浦东·川沙,荆(荊),[空],cieon1(tɕiʌŋ⁵³),cieon1,暂无
浦东·川沙,惊(驚),[空],cieon1(tɕiʌŋ⁵³),cieon1,暂无
浦东·川沙,境(境),[空],cieon3(tɕiʌŋ⁴⁴),cieon3,暂无
浦东·川沙,景(景),[空],cieon3(tɕiʌŋ⁴⁴),cieon3,暂无
浦东·川沙,茎(莖),[空],cieon3(tɕiʌŋ⁴⁴),cieon3,暂无
浦东·川沙,警(警),[空],cieon3(tɕiʌŋ⁴⁴),cieon3,暂无
浦东·川沙,颈(頸),[空],cieon3(tɕiʌŋ⁴⁴),cieon3,暂无
浦东·川沙,径(徑),[空],cieon5(tɕiʌŋ³⁵),cieon5,暂无
浦东·川沙,敬(敬),[空],cieon5(tɕiʌŋ³⁵),cieon5,暂无
浦东·川沙,竞(競),[空],cieon5(tɕiʌŋ³⁵),cieon5,暂无
浦东·川沙,镜(鏡),[空],cieon5(tɕiʌŋ³⁵),cieon5,暂无
浦东·川沙,倾(傾),[空],chieon1(tɕʰiʌŋ⁵³),chieon1,暂无
浦东·川沙,卿(卿),[空],chieon1(tɕʰiʌŋ⁵³),chieon1,暂无
浦东·川沙,氢(氫),[空],chieon1(tɕʰiʌŋ⁵³),chieon1,暂无
浦东·川沙,轻(輕),[空],chieon1(tɕʰiʌŋ⁵³),chieon1,暂无
浦东·川沙,顷(頃),[空],chieon1(tɕʰiʌŋ⁵³),chieon1,暂无
浦东·川沙,庆(慶),[空],chieon5(tɕʰiʌŋ³⁵),chieon5,暂无
浦东·川沙,盘(磐),[空],chieon5(tɕʰiʌŋ³⁵),chieon5,暂无
浦东·川沙,罄(罄),[空],chieon5(tɕʰiʌŋ³⁵),chieon5,暂无
浦东·川沙,婴(嬰),[空],ieon1(iʌŋ⁵³),ieon1,暂无
浦东·川沙,应(應),[空],ieon1(iʌŋ⁵³),ieon1,暂无
浦东·川沙,樱(櫻),[空],ieon1(iʌŋ⁵³),ieon1,暂无
浦东·川沙,缕(縷),[空],ieon1(iʌŋ⁵³),ieon1,暂无
浦东·川沙,英(英),[空],ieon1(iʌŋ⁵³),ieon1,暂无
浦东·川沙,蝇(蠅),[空],ieon1(iʌŋ⁵³),ieon1,暂无
浦东·川沙,莺(鶯),[空],ieon1(iʌŋ⁵³),ieon1,暂无
浦东·川沙,鹰(鷹),[空],ieon1(iʌŋ⁵³),ieon1,暂无
浦东·川沙,鹦(鸚),[空],ieon1(iʌŋ⁵³),ieon1,暂无
浦东·川沙,影(影),[空],ieon3(iʌŋ⁴⁴),ieon3,暂无
浦东·川沙,幸(幸),[空],ieon5(iʌŋ³⁵),ieon5,暂无
浦东·川沙,应(應),响~,ieon5(iʌŋ³⁵),ieon5,暂无
浦东·川沙,映(映),反~,ieon5(iʌŋ³⁵),ieon5,暂无
浦东·川沙,洇(洇),（墨迹）~开来，渗透,ieon5(iʌŋ³⁵),ieon5,暂无
浦东·川沙,□(□),用揩布~干水，吸干,ieon5(iʌŋ³⁵),ieon5,暂无
浦东·川沙,履(履),[空],jieoq8(dʑiʌʔ²³),jieoq8,暂无
浦东·川沙,极(極),[空],jieoq8(dʑiʌʔ²³),jieoq8,暂无
浦东·川沙,□(□),~子，夏夜的小飞虫【校】原文声母作[h]，显误，径改,yeoq8(ɦiʌʔ²³),yeoq8,暂无
浦东·川沙,亦(亦),【校】原文声母作[h]，显误，径改,yeoq8(ɦiʌʔ²³),yeoq8,暂无
浦东·川沙,亿(億),【校】原文声母作[h]，显误，径改,yeoq8(ɦiʌʔ²³),yeoq8,暂无
浦东·川沙,忆(憶),【校】原文声母作[h]，显误，径改,yeoq8(ɦiʌʔ²³),yeoq8,暂无
浦东·川沙,易(易),交~【校】原文声母作[h]，显误，径改,yeoq8(ɦiʌʔ²³),yeoq8,暂无
浦东·川沙,液(液),【校】原文声母作[h]，显误，径改,yeoq8(ɦiʌʔ²³),yeoq8,暂无
浦东·川沙,翼(翼),【校】原文声母作[h]，显误，径改,yeoq8(ɦiʌʔ²³),yeoq8,暂无
浦东·川沙,腋(腋),【校】原文声母作[h]，显误，径改,yeoq8(ɦiʌʔ²³),yeoq8,暂无
浦东·川沙,译(譯),【校】原文声母作[h]，显误，径改,yeoq8(ɦiʌʔ²³),yeoq8,暂无
浦东·川沙,匿(匿),[空],gnieoq8(ȵiʌʔ²³),gnieoq8,暂无
浦东·川沙,戟(戟),[空],cieoq7(tɕiʌʔ⁵),cieoq7,暂无
浦东·川沙,击(擊),[空],cieoq7(tɕiʌʔ⁵),cieoq7,暂无
浦东·川沙,激(激),[空],cieoq7(tɕiʌʔ⁵),cieoq7,暂无
浦东·川沙,吃(喫),[空],chieoq7(tɕʰiʌʔ⁵),chieoq7,暂无
浦东·川沙,抑(抑),[空],ieoq7(iʌʔ⁵),ieoq7,暂无
浦东·川沙,溢(溢),[空],ieoq7(iʌʔ⁵),ieoq7,暂无
浦东·川沙,益(益),[空],ieoq7(iʌʔ⁵),ieoq7,暂无
浦东·川沙,姆(姆),伯~淘里，妯娌,m1(m⁵³),m1,暂无
浦东·川沙,呒(嘸),~没，没有,m2(m²¹³),m2,暂无
浦东·川沙,亩(畝),[空],m2(m²¹³),m2,暂无
浦东·川沙,□(□),"~奶，祖母，同""阿奶""",n1(n⁵³),n1,暂无
浦东·川沙,嗅(嗅),[空],hng5(hŋ³⁵),hng5,暂无
浦东·川沙,擤(擤),[空],hng5(hŋ³⁵),hng5,暂无
浦东·川沙,吴(吳),姓。白【校】原文声母作[ɦ]，现根据音系结构及原文其他成音节韵处理而舍去,ng2(ŋ²¹³),ng2,暂无
浦东·川沙,鱼(魚),白【校】原文声母作[ɦ]，现根据音系结构及原文其他成音节韵处理而舍去,ng2(ŋ²¹³),ng2,暂无
浦东·川沙,五(五),白【校】原文声母作[ɦ]，现根据音系结构及原文其他成音节韵处理而舍去,ng2(ŋ²¹³),ng2,暂无
浦东·川沙,伍(伍),白【校】原文声母作[ɦ]，现根据音系结构及原文其他成音节韵处理而舍去,ng2(ŋ²¹³),ng2,暂无
浦东·川沙,午(午),端~，~时。白【校】原文声母作[ɦ]，现根据音系结构及原文其他成音节韵处理而舍去,ng2(ŋ²¹³),ng2,暂无
浦东·川沙,忤(忤),~逆【校】原文声母作[ɦ]，现根据音系结构及原文其他成音节韵处理而舍去,ng6(ŋ¹³),ng6,暂无
浦东·川沙,扒(扒),[空],bo2(bo²¹³),bo2,暂无
浦东·川沙,杷(杷),枇~,bo2(bo²¹³),bo2,暂无
浦东·川沙,爬(爬),[空],bo2(bo²¹³),bo2,暂无
浦东·川沙,琶(琶),[空],bo2(bo²¹³),bo2,暂无
浦东·川沙,䶕(䶕),~牙齿,bo2(bo²¹³),bo2,暂无
浦东·川沙,刨(刨),~木头,bo6(bo¹³),bo6,暂无
浦东·川沙,耙(耙),[空],bo6(bo¹³),bo6,暂无
浦东·川沙,巴(巴),[空],po1(ɓo⁵³),po1,暂无
浦东·川沙,疤(疤),[空],po1(ɓo⁵³),po1,暂无
浦东·川沙,笆(笆),~斗,po1(ɓo⁵³),po1,暂无
浦东·川沙,芭(芭),[空],po1(ɓo⁵³),po1,暂无
浦东·川沙,把(把),~柄,po3(ɓo⁴⁴),po3,暂无
浦东·川沙,坝(壩),[空],po5(ɓo³⁵),po5,暂无
浦东·川沙,把(把),[空],po5(ɓo³⁵),po5,暂无
浦东·川沙,霸(霸),[空],po5(ɓo³⁵),po5,暂无
浦东·川沙,□(□),~馄饨皮子，擀,to1(ɗo⁵³),to1,暂无
浦东·川沙,划(划),[空],gho2(ɦo²¹³),gho2,暂无
浦东·川沙,桦(樺),[空],gho2(ɦo²¹³),gho2,暂无
浦东·川沙,华(華),[空],gho2(ɦo²¹³),gho2,暂无
浦东·川沙,画(畫),[空],gho6(ɦo¹³),gho6,暂无
浦东·川沙,华(華),[空],gho6(ɦo¹³),gho6,暂无
浦东·川沙,话(話),[空],gho6(ɦo¹³),gho6,暂无
浦东·川沙,瓜(瓜),[空],ko1(ko⁵³),ko1,暂无
浦东·川沙,寡(寡),[空],ko3(ko⁴⁴),ko3,暂无
浦东·川沙,卦(卦),[空],ko5(ko³⁵),ko5,暂无
浦东·川沙,挂(掛),[空],ko5(ko³⁵),ko5,暂无
浦东·川沙,夸(誇),[空],kho1(kʰo⁵³),kho1,暂无
浦东·川沙,可(可),~惜,kho3(kʰo⁴⁴),kho3,暂无
浦东·川沙,跨(跨),[空],kho5(kʰo³⁵),kho5,暂无
浦东·川沙,麻(麻),[空],mo2(mo²¹³),mo2,暂无
浦东·川沙,码(碼),[空],mo2(mo²¹³),mo2,暂无
浦东·川沙,马(馬),[空],mo2(mo²¹³),mo2,暂无
浦东·川沙,骂(罵),[空],mo6(mo¹³),mo6,暂无
浦东·川沙,劐(劐),~开来，用刀割,fo1(ɸo⁵³),fo1,暂无
浦东·川沙,花(花),[空],fo1(ɸo⁵³),fo1,暂无
浦东·川沙,化(化),[空],fo5(ɸo³⁵),fo5,暂无
浦东·川沙,怕(怕),[空],pho5(pʰo³⁵),pho5,暂无
浦东·川沙,划(划),~船,vo2(βo²¹³),vo2,暂无
浦东·川沙,华(華),[空],vo2(βo²¹³),vo2,暂无
浦东·川沙,画(畫),[空],vo6(βo¹³),vo6,暂无
浦东·川沙,华(華),~家巷，姓,vo6(βo¹³),vo6,暂无
浦东·川沙,话(話),[空],vo6(βo¹³),vo6,暂无
浦东·川沙,亚(亞),[空],o1(o⁵³),o1,暂无
浦东·川沙,搲(搲),~米，抓,o1(o⁵³),o1,暂无
浦东·川沙,蛙(蛙),[空],o1(o⁵³),o1,暂无
浦东·川沙,团(團),[空],d02(dø²¹³),d02,暂无
浦东·川沙,弹(彈),~花衣，弹棉花,d02(dø²¹³),d02,暂无
浦东·川沙,团(糰),[空],d02(dø²¹³),d02,暂无
浦东·川沙,断(斷),~绝,d02(dø²¹³),d02,暂无
浦东·川沙,段(段),[空],d06(dø¹³),d06,暂无
浦东·川沙,缎(緞),[空],d06(dø¹³),d06,暂无
浦东·川沙,端(端),[空],t01(ɗø⁵³),t01,暂无
浦东·川沙,掸(撣),~灰,t03(ɗø⁴⁴),t03,暂无
浦东·川沙,短(短),[空],t03(ɗø⁴⁴),t03,暂无
浦东·川沙,断(斷),决~,t05(ɗø³⁵),t05,暂无
浦东·川沙,锻(鍛),[空],t05(ɗø³⁵),t05,暂无
浦东·川沙,虾(蝦),[空],h01(hø⁵³),h01,暂无
浦东·川沙,汉(漢),[空],h05(hø³⁵),h05,暂无
浦东·川沙,熯(熯),~饼，用少量的油煎,h05(hø³⁵),h05,暂无
浦东·川沙,寒(寒),[空],gh02(ɦø²¹³),gh02,暂无
浦东·川沙,翰(翰),[空],gh02(ɦø²¹³),gh02,暂无
浦东·川沙,旱(旱),[空],gh02(ɦø²¹³),gh02,暂无
浦东·川沙,岸(岸),[空],gh06(ɦø¹³),gh06,暂无
浦东·川沙,汗(汗),[空],gh06(ɦø¹³),gh06,暂无
浦东·川沙,焊(焊),[空],gh06(ɦø¹³),gh06,暂无
浦东·川沙,干(乾),~湿,k01(kø⁵³),k01,暂无
浦东·川沙,干(干),~支,k01(kø⁵³),k01,暂无
浦东·川沙,竿(竿),[空],k01(kø⁵³),k01,暂无
浦东·川沙,肝(肝),[空],k01(kø⁵³),k01,暂无
浦东·川沙,杆(桿),[空],k03(kø⁴⁴),k03,暂无
浦东·川沙,秆(稈),[空],k03(kø⁴⁴),k03,暂无
浦东·川沙,赶(趕),[空],k03(kø⁴⁴),k03,暂无
浦东·川沙,干(幹),~部,k05(kø³⁵),k05,暂无
浦东·川沙,看(看),~门,kh01(kʰø⁵³),kh01,暂无
浦东·川沙,可(可),~以,kh03(kʰø⁴⁴),kh03,暂无
浦东·川沙,看(看),~戏,kh05(kʰø³⁵),kh05,暂无
浦东·川沙,鵉(鵉),[空],l02(lø²¹³),l02,暂无
浦东·川沙,卵(卵),男阴。白,l02(lø²¹³),l02,暂无
浦东·川沙,□(□),~鸡，拦阻，驱赶,l02(lø²¹³),l02,暂无
浦东·川沙,乱(亂),[空],l06(lø¹³),l06,暂无
浦东·川沙,暖(暖),[空],n02(nø²¹³),n02,暂无
浦东·川沙,囡(囡),[空],n06(nø¹³),n06,暂无
浦东·川沙,岸(岸),[空],ng06(ŋø¹³),ng06,暂无
浦东·川沙,酸(酸),[空],s01(sø⁵³),s01,暂无
浦东·川沙,虽(雖),[空],s01(sø⁵³),s01,暂无
浦东·川沙,水(水),[空],s03(sø⁴⁴),s03,暂无
浦东·川沙,岁(歲),[空],s05(sø³⁵),s05,暂无
浦东·川沙,税(稅),[空],s05(sø³⁵),s05,暂无
浦东·川沙,算(算),[空],s05(sø³⁵),s05,暂无
浦东·川沙,绥(綏),[空],s05(sø³⁵),s05,暂无
浦东·川沙,蒜(蒜),[空],s05(sø³⁵),s05,暂无
浦东·川沙,锐(銳),[空],s05(sø³⁵),s05,暂无
浦东·川沙,蜕(蛻),蛇~壳,th05(tʰø³⁵),th05,暂无
浦东·川沙,□(□),~戒指，除下,th05(tʰø³⁵),th05,暂无
浦东·川沙,追(追),[空],ts01(tsø⁵³),ts01,暂无
浦东·川沙,锥(錐),[空],ts01(tsø⁵³),ts01,暂无
浦东·川沙,钻(鑽),~洞,ts01(tsø⁵³),ts01,暂无
浦东·川沙,嘴(嘴),[空],ts03(tsø⁴⁴),ts03,暂无
浦东·川沙,最(最),[空],ts05(tsø³⁵),ts05,暂无
浦东·川沙,缀(綴),[空],ts05(tsø³⁵),ts05,暂无
浦东·川沙,赘(贅),[空],ts05(tsø³⁵),ts05,暂无
浦东·川沙,醉(醉),[空],ts05(tsø³⁵),ts05,暂无
浦东·川沙,钻(鑽),~头,ts05(tsø³⁵),ts05,暂无
浦东·川沙,催(催),[空],tsh01(tsʰø⁵³),tsh01,暂无
浦东·川沙,吹(吹),文,tsh01(tsʰø⁵³),tsh01,暂无
浦东·川沙,喘(喘),[空],tsh01(tsʰø⁵³),tsh01,暂无
浦东·川沙,崔(崔),[空],tsh01(tsʰø⁵³),tsh01,暂无
浦东·川沙,汆(汆),[空],tsh01(tsʰø⁵³),tsh01,暂无
浦东·川沙,炊(炊),[空],tsh01(tsʰø⁵³),tsh01,暂无
浦东·川沙,猜(猜),[空],tsh01(tsʰø⁵³),tsh01,暂无
浦东·川沙,窜(竄),[空],tsh01(tsʰø⁵³),tsh01,暂无
浦东·川沙,车(車),旧式手推童车,tsh01(tsʰø⁵³),tsh01,暂无
浦东·川沙,餐(餐),[空],tsh01(tsʰø⁵³),tsh01,暂无
浦东·川沙,采(采),白,tsh03(tsʰø⁴⁴),tsh03,暂无
浦东·川沙,篡(篡),[空],tsh05(tsʰø³⁵),tsh05,暂无
浦东·川沙,翠(翠),[空],tsh05(tsʰø³⁵),tsh05,暂无
浦东·川沙,脆(脆),[空],tsh05(tsʰø³⁵),tsh05,暂无
浦东·川沙,垂(垂),[空],z02(zø²¹³),z02,暂无
浦东·川沙,槌(槌),[空],z02(zø²¹³),z02,暂无
浦东·川沙,谁(誰),[空],z02(zø²¹³),z02,暂无
浦东·川沙,锤(錘),[空],z02(zø²¹³),z02,暂无
浦东·川沙,随(隨),[空],z02(zø²¹³),z02,暂无
浦东·川沙,髓(髓),骨~,z02(zø²¹³),z02,暂无
浦东·川沙,罪(罪),[空],z02(zø²¹³),z02,暂无
浦东·川沙,蕊(蕊),[空],z02(zø²¹³),z02,暂无
浦东·川沙,坠(墜),[空],z06(zø¹³),z06,暂无
浦东·川沙,瑞(瑞),[空],z06(zø¹³),z06,暂无
浦东·川沙,睡(睡),[空],z06(zø¹³),z06,暂无
浦东·川沙,穗(穗),[空],z06(zø¹³),z06,暂无
浦东·川沙,粹(粹),[空],z06(zø¹³),z06,暂无
浦东·川沙,遂(遂),[空],z06(zø¹³),z06,暂无
浦东·川沙,隧(隧),[空],z06(zø¹³),z06,暂无
浦东·川沙,安(安),[空],01(ø⁵³),01,暂无
浦东·川沙,氨(氨),[空],01(ø⁵³),01,暂无
浦东·川沙,鞍(鞍),[空],01(ø⁵³),01,暂无
浦东·川沙,按(按),[空],05(ø³⁵),05,暂无
浦东·川沙,案(案),[空],05(ø³⁵),05,暂无
浦东·川沙,夺(奪),[空],doeq8(dœʔ²³),doeq8,暂无
浦东·川沙,掇(掇),~凳子，端,toeq7(ɗœʔ⁵),toeq7,暂无
浦东·川沙,喝(喝),~彩，五吆~六,hoeq7(hœʔ⁵),hoeq7,暂无
浦东·川沙,割(割),[空],koeq7(kœʔ⁵),koeq7,暂无
浦东·川沙,渴(渴),[空],khoeq7(kʰœʔ⁵),khoeq7,暂无
浦东·川沙,捋(捋),[空],loeq8(lœʔ²³),loeq8,暂无
浦东·川沙,脱(脫),~衣裳,thoeq7(tʰœʔ⁵),thoeq7,暂无
浦东·川沙,□(□),~草，用锄除（草）,thoeq7(tʰœʔ⁵),thoeq7,暂无
浦东·川沙,卒(卒),[空],tsoeq7(tsœʔ⁵),tsoeq7,暂无
浦东·川沙,□(□),~蛛，蜘蛛,tsoeq7(tsœʔ⁵),tsoeq7,暂无
浦东·川沙,撮(撮),[空],tshoeq7(tsʰœʔ⁵),tshoeq7,暂无
浦东·川沙,塳(塳),~尘，灰~起来，（灰尘）扬起,bon2(boŋ²¹³),bon2,暂无
浦东·川沙,篷(篷),[空],bon2(boŋ²¹³),bon2,暂无
浦东·川沙,蓬(蓬),[空],bon2(boŋ²¹³),bon2,暂无
浦东·川沙,同(同),[空],don2(doŋ²¹³),don2,暂无
浦东·川沙,桐(桐),[空],don2(doŋ²¹³),don2,暂无
浦东·川沙,瞳(瞳),[空],don2(doŋ²¹³),don2,暂无
浦东·川沙,童(童),[空],don2(doŋ²¹³),don2,暂无
浦东·川沙,筒(筒),[空],don2(doŋ²¹³),don2,暂无
浦东·川沙,铜(銅),[空],don2(doŋ²¹³),don2,暂无
浦东·川沙,动(動),[空],don2(doŋ²¹³),don2,暂无
浦东·川沙,桶(桶),[空],don2(doŋ²¹³),don2,暂无
浦东·川沙,洞(洞),[空],don6(doŋ¹³),don6,暂无
浦东·川沙,冬(冬),[空],ton1(ɗoŋ⁵³),ton1,暂无
浦东·川沙,东(東),[空],ton1(ɗoŋ⁵³),ton1,暂无
浦东·川沙,懂(懂),[空],ton3(ɗoŋ⁴⁴),ton3,暂无
浦东·川沙,董(董),[空],ton3(ɗoŋ⁴⁴),ton3,暂无
浦东·川沙,冻(凍),[空],ton5(ɗoŋ³⁵),ton5,暂无
浦东·川沙,栋(棟),[空],ton5(ɗoŋ³⁵),ton5,暂无
浦东·川沙,共(共),[空],gon6(ɡoŋ¹³),gon6,暂无
浦东·川沙,哄(哄),[空],hon1(hoŋ⁵³),hon1,暂无
浦东·川沙,封(封),[空],hon1(hoŋ⁵³),hon1,暂无
浦东·川沙,峰(峰),[空],hon1(hoŋ⁵³),hon1,暂无
浦东·川沙,枫(楓),[空],hon1(hoŋ⁵³),hon1,暂无
浦东·川沙,烘(烘),[空],hon1(hoŋ⁵³),hon1,暂无
浦东·川沙,烽(烽),[空],hon1(hoŋ⁵³),hon1,暂无
浦东·川沙,疯(瘋),[空],hon1(hoŋ⁵³),hon1,暂无
浦东·川沙,蕻(蕻),雪里~,hon1(hoŋ⁵³),hon1,暂无
浦东·川沙,蜂(蜂),[空],hon1(hoŋ⁵³),hon1,暂无
浦东·川沙,讽(諷),[空],hon1(hoŋ⁵³),hon1,暂无
浦东·川沙,丰(豐),[空],hon1(hoŋ⁵³),hon1,暂无
浦东·川沙,轰(轟),[空],hon1(hoŋ⁵³),hon1,暂无
浦东·川沙,锋(鋒),[空],hon1(hoŋ⁵³),hon1,暂无
浦东·川沙,风(風),[空],hon1(hoŋ⁵³),hon1,暂无
浦东·川沙,□(□),人~来~去，挤，拥,hon1(hoŋ⁵³),hon1,暂无
浦东·川沙,捧(捧),[空],hon3(hoŋ⁴⁴),hon3,暂无
浦东·川沙,俸(俸),[空],hon5(hoŋ³⁵),hon5,暂无
浦东·川沙,宏(宏),[空],ghon2(ɦoŋ²¹³),ghon2,暂无
浦东·川沙,汞(汞),[空],ghon2(ɦoŋ²¹³),ghon2,暂无
浦东·川沙,洪(洪),[空],ghon2(ɦoŋ²¹³),ghon2,暂无
浦东·川沙,红(紅),[空],ghon2(ɦoŋ²¹³),ghon2,暂无
浦东·川沙,缝(縫),裁~,ghon2(ɦoŋ²¹³),ghon2,暂无
浦东·川沙,虹(虹),[空],ghon2(ɦoŋ²¹³),ghon2,暂无
浦东·川沙,逢(逢),[空],ghon2(ɦoŋ²¹³),ghon2,暂无
浦东·川沙,鸿(鴻),[空],ghon2(ɦoŋ²¹³),ghon2,暂无
浦东·川沙,奉(奉),[空],ghon6(ɦoŋ¹³),ghon6,暂无
浦东·川沙,缝(縫),一条~,ghon6(ɦoŋ¹³),ghon6,暂无
浦东·川沙,冯(馮),[空],ghon6(ɦoŋ¹³),ghon6,暂无
浦东·川沙,凤(鳳),[空],ghon6(ɦoŋ¹³),ghon6,暂无
浦东·川沙,□(□),疮疖将溃,ghon6(ɦoŋ¹³),ghon6,暂无
浦东·川沙,供(供),~给,kon1(koŋ⁵³),kon1,暂无
浦东·川沙,公(公),[空],kon1(koŋ⁵³),kon1,暂无
浦东·川沙,功(功),[空],kon1(koŋ⁵³),kon1,暂无
浦东·川沙,宫(宮),[空],kon1(koŋ⁵³),kon1,暂无
浦东·川沙,工(工),[空],kon1(koŋ⁵³),kon1,暂无
浦东·川沙,弓(弓),~箭,kon1(koŋ⁵³),kon1,暂无
浦东·川沙,恭(恭),[空],kon1(koŋ⁵³),kon1,暂无
浦东·川沙,攻(攻),[空],kon1(koŋ⁵³),kon1,暂无
浦东·川沙,蚣(蚣),[空],kon1(koŋ⁵³),kon1,暂无
浦东·川沙,躬(躬),[空],kon1(koŋ⁵³),kon1,暂无
浦东·川沙,巩(鞏),[空],kon3(koŋ⁴⁴),kon3,暂无
浦东·川沙,供(供),~佛,kon5(koŋ³⁵),kon5,暂无
浦东·川沙,拱(拱),~起来,kon5(koŋ³⁵),kon5,暂无
浦东·川沙,贡(貢),[空],kon5(koŋ³⁵),kon5,暂无
浦东·川沙,空(空),~虚,khon1(kʰoŋ⁵³),khon1,暂无
浦东·川沙,孔(孔),[空],khon3(kʰoŋ⁴⁴),khon3,暂无
浦东·川沙,恐(恐),[空],khon3(kʰoŋ⁴⁴),khon3,暂无
浦东·川沙,控(控),[空],khon5(kʰoŋ³⁵),khon5,暂无
浦东·川沙,空(空),有~,khon5(kʰoŋ³⁵),khon5,暂无
浦东·川沙,弄(弄),~坏脱,lon1(loŋ⁵³),lon1,暂无
浦东·川沙,珑(瓏),[空],lon2(loŋ²¹³),lon2,暂无
浦东·川沙,窘(窘),[空],lon2(loŋ²¹³),lon2,暂无
浦东·川沙,笼(籠),[空],lon2(loŋ²¹³),lon2,暂无
浦东·川沙,聋(聾),[空],lon2(loŋ²¹³),lon2,暂无
浦东·川沙,隆(隆),[空],lon2(loŋ²¹³),lon2,暂无
浦东·川沙,龙(龍),[空],lon2(loŋ²¹³),lon2,暂无
浦东·川沙,垄(壟),[空],lon2(loŋ²¹³),lon2,暂无
浦东·川沙,拢(攏),[空],lon2(loŋ²¹³),lon2,暂无
浦东·川沙,陇(隴),[空],lon2(loŋ²¹³),lon2,暂无
浦东·川沙,弄(弄),~堂，~坏,lon6(loŋ¹³),lon6,暂无
浦东·川沙,懵(懵),[空],mon2(moŋ²¹³),mon2,暂无
浦东·川沙,蒙(蒙),~懂,mon2(moŋ²¹³),mon2,暂无
浦东·川沙,脓(膿),[空],non2(noŋ²¹³),non2,暂无
浦东·川沙,农(農),[空],non2(noŋ²¹³),non2,暂无
浦东·川沙,侬(儂),你,non6(noŋ¹³),non6,暂无
浦东·川沙,□(□),被头一晒~起来，变蓬松,phon1(pʰoŋ⁵³),phon1,暂无
浦东·川沙,嵩(嵩),[空],son1(soŋ⁵³),son1,暂无
浦东·川沙,摏(摏),~一拳，~碎，击,son1(soŋ⁵³),son1,暂无
浦东·川沙,松(松),[空],son1(soŋ⁵³),son1,暂无
浦东·川沙,淞(淞),[空],son1(soŋ⁵³),son1,暂无
浦东·川沙,□(□),~一拳、~碎，击,son1(soŋ⁵³),son1,暂无
浦东·川沙,宋(宋),[空],son5(soŋ³⁵),son5,暂无
浦东·川沙,送(送),[空],son5(soŋ³⁵),son5,暂无
浦东·川沙,通(通),[空],thon1(tʰoŋ⁵³),thon1,暂无
浦东·川沙,统(統),[空],thon3(tʰoŋ⁴⁴),thon3,暂无
浦东·川沙,痛(痛),[空],thon5(tʰoŋ³⁵),thon5,暂无
浦东·川沙,中(中),[空],tson1(tsoŋ⁵³),tson1,暂无
浦东·川沙,宗(宗),[空],tson1(tsoŋ⁵³),tson1,暂无
浦东·川沙,忠(忠),[空],tson1(tsoŋ⁵³),tson1,暂无
浦东·川沙,棕(棕),[空],tson1(tsoŋ⁵³),tson1,暂无
浦东·川沙,蛊(蠱),[空],tson1(tsoŋ⁵³),tson1,暂无
浦东·川沙,衷(衷),[空],tson1(tsoŋ⁵³),tson1,暂无
浦东·川沙,踪(蹤),[空],tson1(tsoŋ⁵³),tson1,暂无
浦东·川沙,钟(鐘),[空],tson1(tsoŋ⁵³),tson1,暂无
浦东·川沙,鬃(鬃),[空],tson1(tsoŋ⁵³),tson1,暂无
浦东·川沙,□(□),~齐， ~碎，击，舂,tson1(tsoŋ⁵³),tson1,暂无
浦东·川沙,种(種),~子,tson3(tsoŋ⁴⁴),tson3,暂无
浦东·川沙,总(總),[空],tson3(tsoŋ⁴⁴),tson3,暂无
浦东·川沙,肿(腫),[空],tson3(tsoŋ⁴⁴),tson3,暂无
浦东·川沙,中(中),打~,tson5(tsoŋ³⁵),tson5,暂无
浦东·川沙,冢(冢),[空],tson5(tsoŋ³⁵),tson5,暂无
浦东·川沙,囚(囚),[空],tson5(tsoŋ³⁵),tson5,暂无
浦东·川沙,棕(棕),[空],tson5(tsoŋ³⁵),tson5,暂无
浦东·川沙,众(眾),[空],tson5(tsoŋ³⁵),tson5,暂无
浦东·川沙,种(種),~田,tson5(tsoŋ³⁵),tson5,暂无
浦东·川沙,终(終),[空],tson5(tsoŋ³⁵),tson5,暂无
浦东·川沙,综(綜),[空],tson5(tsoŋ³⁵),tson5,暂无
浦东·川沙,纵(縱),~上去，跃,tson5(tsoŋ³⁵),tson5,暂无
浦东·川沙,充(充),[空],tshon1(tsʰoŋ⁵³),tshon1,暂无
浦东·川沙,匆(匆),[空],tshon1(tsʰoŋ⁵³),tshon1,暂无
浦东·川沙,囱(囪),[空],tshon1(tsʰoŋ⁵³),tshon1,暂无
浦东·川沙,从(從),~容,tshon1(tsʰoŋ⁵³),tshon1,暂无
浦东·川沙,冲(沖),[空],tshon1(tsʰoŋ⁵³),tshon1,暂无
浦东·川沙,聪(聰),[空],tshon1(tsʰoŋ⁵³),tshon1,暂无
浦东·川沙,葱(蔥),[空],tshon1(tsʰoŋ⁵³),tshon1,暂无
浦东·川沙,宠(寵),[空],tshon5(tsʰoŋ³⁵),tshon5,暂无
浦东·川沙,铳(銃),[空],tshon5(tsʰoŋ³⁵),tshon5,暂无
浦东·川沙,𥅻(𥅻),瞌~，瞌睡,tshon5(tsʰoŋ³⁵),tshon5,暂无
浦东·川沙,□(□),~出去，向前倾,tshon5(tsʰoŋ³⁵),tshon5,暂无
浦东·川沙,丛(叢),[空],zon2(zoŋ²¹³),zon2,暂无
浦东·川沙,崇(崇),[空],zon2(zoŋ²¹³),zon2,暂无
浦东·川沙,从(從),[空],zon2(zoŋ²¹³),zon2,暂无
浦东·川沙,戎(戎),[空],zon2(zoŋ²¹³),zon2,暂无
浦东·川沙,迭(疊),[空],zon2(zoŋ²¹³),zon2,暂无
浦东·川沙,茸(茸),[空],zon2(zoŋ²¹³),zon2,暂无
浦东·川沙,虫(蟲),[空],zon2(zoŋ²¹³),zon2,暂无
浦东·川沙,重(重),~叠,zon2(zoŋ²¹³),zon2,暂无
浦东·川沙,重(重),轻~,zon2(zoŋ²¹³),zon2,暂无
浦东·川沙,仲(仲),[空],zon6(zoŋ¹³),zon6,暂无
浦东·川沙,讼(訟),[空],zon6(zoŋ¹³),zon6,暂无
浦东·川沙,诵(誦),[空],zon6(zoŋ¹³),zon6,暂无
浦东·川沙,颂(頌),[空],zon6(zoŋ¹³),zon6,暂无
浦东·川沙,翁(翁),[空],on1(oŋ⁵³),on1,暂无
浦东·川沙,蕹(蕹),~菜，空心菜,on1(oŋ⁵³),on1,暂无
浦东·川沙,瓮(甕),[空],on5(oŋ³⁵),on5,暂无
浦东·川沙,齆(齆),[空],on5(oŋ³⁵),on5,暂无
浦东·川沙,□(□),脚~下去，陷,on5(oŋ³⁵),on5,暂无
浦东·川沙,仆(僕),~人,boq8(boʔ²³),boq8,暂无
浦东·川沙,箔(箔),[空],boq8(boʔ²³),boq8,暂无
浦东·川沙,薄(薄),[空],boq8(boʔ²³),boq8,暂无
浦东·川沙,剥(剝),[空],poq7(ɓoʔ⁵),poq7,暂无
浦东·川沙,北(北),[空],poq7(ɓoʔ⁵),poq7,暂无
浦东·川沙,博(博),[空],poq7(ɓoʔ⁵),poq7,暂无
浦东·川沙,卜(卜),~卦,poq7(ɓoʔ⁵),poq7,暂无
浦东·川沙,膊(膊),赤~,poq7(ɓoʔ⁵),poq7,暂无
浦东·川沙,驳(駁),[空],poq7(ɓoʔ⁵),poq7,暂无
浦东·川沙,椟(櫝),[空],doq8(doʔ²³),doq8,暂无
浦东·川沙,毒(毒),[空],doq8(doʔ²³),doq8,暂无
浦东·川沙,牍(牘),[空],doq8(doʔ²³),doq8,暂无
浦东·川沙,犊(犢),[空],doq8(doʔ²³),doq8,暂无
浦东·川沙,独(獨),[空],doq8(doʔ²³),doq8,暂无
浦东·川沙,读(讀),[空],doq8(doʔ²³),doq8,暂无
浦东·川沙,□(□),水拉~，沸腾,doq8(doʔ²³),doq8,暂无
浦东·川沙,督(督),[空],toq7(ɗoʔ⁵),toq7,暂无
浦东·川沙,笃(篤),[空],toq7(ɗoʔ⁵),toq7,暂无
浦东·川沙,𡰪(𡰪),女阴,toq7(ɗoʔ⁵),toq7,暂无
浦东·川沙,□(□),女阴,toq7(ɗoʔ⁵),toq7,暂无
浦东·川沙,幅(幅),[空],hoq7(hoʔ⁵),hoq7,暂无
浦东·川沙,福(福),[空],hoq7(hoʔ⁵),hoq7,暂无
浦东·川沙,腹(腹),[空],hoq7(hoʔ⁵),hoq7,暂无
浦东·川沙,蝠(蝠),[空],hoq7(hoʔ⁵),hoq7,暂无
浦东·川沙,复(複),[空],hoq7(hoʔ⁵),hoq7,暂无
浦东·川沙,覆(覆),[空],hoq7(hoʔ⁵),hoq7,暂无
浦东·川沙,伏(伏),[空],ghoq8(ɦoʔ²³),ghoq8,暂无
浦东·川沙,惑(惑),[空],ghoq8(ɦoʔ²³),ghoq8,暂无
浦东·川沙,或(或),[空],ghoq8(ɦoʔ²³),ghoq8,暂无
浦东·川沙,斛(斛),两~一石,ghoq8(ɦoʔ²³),ghoq8,暂无
浦东·川沙,服(服),[空],ghoq8(ɦoʔ²³),ghoq8,暂无
浦东·川沙,获(獲),[空],ghoq8(ɦoʔ²³),ghoq8,暂无
浦东·川沙,复(復),恢~,ghoq8(ɦoʔ²³),ghoq8,暂无
浦东·川沙,国(國),[空],koq7(koʔ⁵),koq7,暂无
浦东·川沙,谷(穀),[空],koq7(koʔ⁵),koq7,暂无
浦东·川沙,谷(谷),[空],koq7(koʔ⁵),koq7,暂无
浦东·川沙,哭(哭),[空],khoq7(kʰoʔ⁵),khoq7,暂无
浦东·川沙,醋(醋),[空],khoq7(kʰoʔ⁵),khoq7,暂无
浦东·川沙,六(六),[空],loq8(loʔ²³),loq8,暂无
浦东·川沙,禄(祿),[空],loq8(loʔ²³),loq8,暂无
浦东·川沙,绿(綠),[空],loq8(loʔ²³),loq8,暂无
浦东·川沙,录(錄),[空],loq8(loʔ²³),loq8,暂无
浦东·川沙,陆(陸),[空],loq8(loʔ²³),loq8,暂无
浦东·川沙,鹿(鹿),[空],loq8(loʔ²³),loq8,暂无
浦东·川沙,䟿(䟿),[空],loq8(loʔ²³),loq8,暂无
浦东·川沙,□(□),~起来，起床，起来,loq8(loʔ²³),loq8,暂无
浦东·川沙,寞(寞),[空],moq8(moʔ²³),moq8,暂无
浦东·川沙,摸(摸),[空],moq8(moʔ²³),moq8,暂无
浦东·川沙,木(木),[空],moq8(moʔ²³),moq8,暂无
浦东·川沙,漠(漠),[空],moq8(moʔ²³),moq8,暂无
浦东·川沙,牧(牧),[空],moq8(moʔ²³),moq8,暂无
浦东·川沙,目(目),[空],moq8(moʔ²³),moq8,暂无
浦东·川沙,睦(睦),[空],moq8(moʔ²³),moq8,暂无
浦东·川沙,穆(穆),[空],moq8(moʔ²³),moq8,暂无
浦东·川沙,膜(膜),[空],moq8(moʔ²³),moq8,暂无
浦东·川沙,莫(莫),[空],moq8(moʔ²³),moq8,暂无
浦东·川沙,仆(僕),~倒,phoq7(pʰoʔ⁵),phoq7,暂无
浦东·川沙,扑(撲),[空],phoq7(pʰoʔ⁵),phoq7,暂无
浦东·川沙,朴(樸),[空],phoq7(pʰoʔ⁵),phoq7,暂无
浦东·川沙,□(□),~肉，肥肉,phoq7(pʰoʔ⁵),phoq7,暂无
浦东·川沙,叔(叔),[空],soq7(soʔ⁵),soq7,暂无
浦东·川沙,塑(塑),~料,soq7(soʔ⁵),soq7,暂无
浦东·川沙,宿(宿),[空],soq7(soʔ⁵),soq7,暂无
浦东·川沙,料(料),[空],soq7(soʔ⁵),soq7,暂无
浦东·川沙,束(束),[空],soq7(soʔ⁵),soq7,暂无
浦东·川沙,粟(粟),[空],soq7(soʔ⁵),soq7,暂无
浦东·川沙,肃(肅),[空],soq7(soʔ⁵),soq7,暂无
浦东·川沙,速(速),[空],soq7(soʔ⁵),soq7,暂无
浦东·川沙,秃(禿),[空],thoq7(tʰoʔ⁵),thoq7,暂无
浦东·川沙,□(□),人~来哉，都,thoq7(tʰoʔ⁵),thoq7,暂无
浦东·川沙,嘱(囑),[空],tsoq7(tsoʔ⁵),tsoq7,暂无
浦东·川沙,烛(燭),[空],tsoq7(tsoʔ⁵),tsoq7,暂无
浦东·川沙,祝(祝),[空],tsoq7(tsoʔ⁵),tsoq7,暂无
浦东·川沙,竹(竹),[空],tsoq7(tsoʔ⁵),tsoq7,暂无
浦东·川沙,筑(築),[空],tsoq7(tsoʔ⁵),tsoq7,暂无
浦东·川沙,粥(粥),[空],tsoq7(tsoʔ⁵),tsoq7,暂无
浦东·川沙,足(足),[空],tsoq7(tsoʔ⁵),tsoq7,暂无
浦东·川沙,□(□),~紧眉头，蹙,tsoq7(tsoʔ⁵),tsoq7,暂无
浦东·川沙,促(促),[空],tshoq7(tsʰoʔ⁵),tshoq7,暂无
浦东·川沙,戳(戳),[空],tshoq7(tsʰoʔ⁵),tshoq7,暂无
浦东·川沙,畜(畜),~牲,tshoq7(tsʰoʔ⁵),tshoq7,暂无
浦东·川沙,触(觸),[空],tshoq7(tsʰoʔ⁵),tshoq7,暂无
浦东·川沙,俗(俗),[空],zoq8(zoʔ²³),zoq8,暂无
浦东·川沙,属(屬),[空],zoq8(zoʔ²³),zoq8,暂无
浦东·川沙,擉(擉),~痛，戳,zoq8(zoʔ²³),zoq8,暂无
浦东·川沙,族(族),[空],zoq8(zoʔ²³),zoq8,暂无
浦东·川沙,淑(淑),[空],zoq8(zoʔ²³),zoq8,暂无
浦东·川沙,熟(熟),[空],zoq8(zoʔ²³),zoq8,暂无
浦东·川沙,续(續),[空],zoq8(zoʔ²³),zoq8,暂无
浦东·川沙,蜀(蜀),[空],zoq8(zoʔ²³),zoq8,暂无
浦东·川沙,赎(贖),[空],zoq8(zoʔ²³),zoq8,暂无
浦东·川沙,辱(辱),[空],zoq8(zoʔ²³),zoq8,暂无
浦东·川沙,屋(屋),[空],oq7(oʔ⁵),oq7,暂无
浦东·川沙,司(司),[空],sy1(sɿ⁵³),sy1,暂无
浦东·川沙,尿(尿),[空],sy1(sɿ⁵³),sy1,暂无
浦东·川沙,尸(屍),[空],sy1(sɿ⁵³),sy1,暂无
浦东·川沙,师(師),[空],sy1(sɿ⁵³),sy1,暂无
浦东·川沙,厮(廝),[空],sy1(sɿ⁵³),sy1,暂无
浦东·川沙,思(思),[空],sy1(sɿ⁵³),sy1,暂无
浦东·川沙,撕(撕),[空],sy1(sɿ⁵³),sy1,暂无
浦东·川沙,斯(斯),[空],sy1(sɿ⁵³),sy1,暂无
浦东·川沙,施(施),[空],sy1(sɿ⁵³),sy1,暂无
浦东·川沙,梳(梳),[空],sy1(sɿ⁵³),sy1,暂无
浦东·川沙,狮(獅),[空],sy1(sɿ⁵³),sy1,暂无
浦东·川沙,私(私),[空],sy1(sɿ⁵³),sy1,暂无
浦东·川沙,筛(篩),[空],sy1(sɿ⁵³),sy1,暂无
浦东·川沙,丝(絲),[空],sy1(sɿ⁵³),sy1,暂无
浦东·川沙,蛳(螄),螺~,sy1(sɿ⁵³),sy1,暂无
浦东·川沙,诗(詩),[空],sy1(sɿ⁵³),sy1,暂无
浦东·川沙,豕(豕),[空],sy1(sɿ⁵³),sy1,暂无
浦东·川沙,使(使),[空],sy3(sɿ⁴⁴),sy3,暂无
浦东·川沙,史(史),[空],sy3(sɿ⁴⁴),sy3,暂无
浦东·川沙,始(始),[空],sy3(sɿ⁴⁴),sy3,暂无
浦东·川沙,死(死),[空],sy3(sɿ⁴⁴),sy3,暂无
浦东·川沙,水(水),白,sy3(sɿ⁴⁴),sy3,暂无
浦东·川沙,矢(矢),[空],sy3(sɿ⁴⁴),sy3,暂无
浦东·川沙,驶(駛),[空],sy3(sɿ⁴⁴),sy3,暂无
浦东·川沙,鼠(鼠),老~。白,sy3(sɿ⁴⁴),sy3,暂无
浦东·川沙,世(世),[空],sy5(sɿ³⁵),sy5,暂无
浦东·川沙,势(勢),[空],sy5(sɿ³⁵),sy5,暂无
浦东·川沙,四(四),[空],sy5(sɿ³⁵),sy5,暂无
浦东·川沙,肆(肆),[空],sy5(sɿ³⁵),sy5,暂无
浦东·川沙,试(試),[空],sy5(sɿ³⁵),sy5,暂无
浦东·川沙,赐(賜),[空],sy5(sɿ³⁵),sy5,暂无
浦东·川沙,之(之),[空],tsy1(tsɿ⁵³),tsy1,暂无
浦东·川沙,姿(姿),[空],tsy1(tsɿ⁵³),tsy1,暂无
浦东·川沙,支(支),[空],tsy1(tsɿ⁵³),tsy1,暂无
浦东·川沙,枝(枝),[空],tsy1(tsɿ⁵³),tsy1,暂无
浦东·川沙,栀(梔),[空],tsy1(tsɿ⁵³),tsy1,暂无
浦东·川沙,滋(滋),[空],tsy1(tsɿ⁵³),tsy1,暂无
浦东·川沙,知(知),[空],tsy1(tsɿ⁵³),tsy1,暂无
浦东·川沙,肢(肢),[空],tsy1(tsɿ⁵³),tsy1,暂无
浦东·川沙,脂(脂),[空],tsy1(tsɿ⁵³),tsy1,暂无
浦东·川沙,芝(芝),[空],tsy1(tsɿ⁵³),tsy1,暂无
浦东·川沙,兹(茲),[空],tsy1(tsɿ⁵³),tsy1,暂无
浦东·川沙,咨(諮),[空],tsy1(tsɿ⁵³),tsy1,暂无
浦东·川沙,猪(豬),[空],tsy1(tsɿ⁵³),tsy1,暂无
浦东·川沙,资(資),[空],tsy1(tsɿ⁵³),tsy1,暂无
浦东·川沙,□(□),水~出来，（从孔中）冒出,tsy1(tsɿ⁵³),tsy1,暂无
浦东·川沙,嘴(嘴),白,tsy3(tsɿ⁴⁴),tsy3,暂无
浦东·川沙,址(址),[空],tsy3(tsɿ⁴⁴),tsy3,暂无
浦东·川沙,姊(姊),~妹淘里,tsy3(tsɿ⁴⁴),tsy3,暂无
浦东·川沙,子(子),[空],tsy3(tsɿ⁴⁴),tsy3,暂无
浦东·川沙,指(指),[空],tsy3(tsɿ⁴⁴),tsy3,暂无
浦东·川沙,旨(旨),[空],tsy3(tsɿ⁴⁴),tsy3,暂无
浦东·川沙,梓(梓),[空],tsy3(tsɿ⁴⁴),tsy3,暂无
浦东·川沙,止(止),[空],tsy3(tsɿ⁴⁴),tsy3,暂无
浦东·川沙,淘(淘),[空],tsy3(tsɿ⁴⁴),tsy3,暂无
浦东·川沙,紫(紫),[空],tsy3(tsɿ⁴⁴),tsy3,暂无
浦东·川沙,里(裡),[空],tsy3(tsɿ⁴⁴),tsy3,暂无
浦东·川沙,趾(趾),[空],tsy3(tsɿ⁴⁴),tsy3,暂无
浦东·川沙,制(制),[空],tsy5(tsɿ³⁵),tsy5,暂无
浦东·川沙,剚(剚),~鞋子：緔鞋,tsy5(tsɿ³⁵),tsy5,暂无
浦东·川沙,志(志),[空],tsy5(tsɿ³⁵),tsy5,暂无
浦东·川沙,智(智),[空],tsy5(tsɿ³⁵),tsy5,暂无
浦东·川沙,痣(痣),[空],tsy5(tsɿ³⁵),tsy5,暂无
浦东·川沙,置(置),[空],tsy5(tsɿ³⁵),tsy5,暂无
浦东·川沙,至(至),[空],tsy5(tsɿ³⁵),tsy5,暂无
浦东·川沙,吹(吹),白,tshy1(tsʰɿ⁵³),tshy1,暂无
浦东·川沙,嗤(嗤),[空],tshy1(tsʰɿ⁵³),tshy1,暂无
浦东·川沙,此(此),[空],tshy1(tsʰɿ⁵³),tshy1,暂无
浦东·川沙,痴(癡),[空],tshy1(tsʰɿ⁵³),tshy1,暂无
浦东·川沙,眵(眵),[空],tshy1(tsʰɿ⁵³),tshy1,暂无
浦东·川沙,雌(雌),[空],tshy1(tsʰɿ⁵³),tshy1,暂无
浦东·川沙,侈(侈),[空],tshy3(tsʰɿ⁴⁴),tshy3,暂无
浦东·川沙,齿(齒),[空],tshy3(tsʰɿ⁴⁴),tshy3,暂无
浦东·川沙,刺(刺),[空],tshy5(tsʰɿ³⁵),tshy5,暂无
浦东·川沙,厕(廁),[空],tshy5(tsʰɿ³⁵),tshy5,暂无
浦东·川沙,次(次),[空],tshy5(tsʰɿ³⁵),tshy5,暂无
浦东·川沙,疵(疵),[空],tshy5(tsʰɿ³⁵),tshy5,暂无
浦东·川沙,翅(翅),[空],tshy5(tsʰɿ³⁵),tshy5,暂无
浦东·川沙,伺(伺),[空],zy2(zɿ²¹³),zy2,暂无
浦东·川沙,匙(匙),钥~,zy2(zɿ²¹³),zy2,暂无
浦东·川沙,慈(慈),[空],zy2(zɿ²¹³),zy2,暂无
浦东·川沙,持(持),[空],zy2(zɿ²¹³),zy2,暂无
浦东·川沙,时(時),[空],zy2(zɿ²¹³),zy2,暂无
浦东·川沙,池(池),[空],zy2(zɿ²¹³),zy2,暂无
浦东·川沙,瓷(瓷),[空],zy2(zɿ²¹³),zy2,暂无
浦东·川沙,磁(磁),[空],zy2(zɿ²¹³),zy2,暂无
浦东·川沙,祠(祠),[空],zy2(zɿ²¹³),zy2,暂无
浦东·川沙,莳(蒔),[空],zy2(zɿ²¹³),zy2,暂无
浦东·川沙,词(詞),[空],zy2(zɿ²¹³),zy2,暂无
浦东·川沙,辞(辭),[空],zy2(zɿ²¹³),zy2,暂无
浦东·川沙,迟(遲),[空],zy2(zɿ²¹³),zy2,暂无
浦东·川沙,锄(鋤),~头,zy2(zɿ²¹³),zy2,暂无
浦东·川沙,驰(馳),[空],zy2(zɿ²¹³),zy2,暂无
浦东·川沙,鲥(鰣),[空],zy2(zɿ²¹³),zy2,暂无
浦东·川沙,乳(乳),~腐,zy2(zɿ²¹³),zy2,暂无
浦东·川沙,仕(仕),[空],zy2(zɿ²¹³),zy2,暂无
浦东·川沙,似(似),[空],zy2(zɿ²¹³),zy2,暂无
浦东·川沙,俟(俟),[空],zy2(zɿ²¹³),zy2,暂无
浦东·川沙,士(士),[空],zy2(zɿ²¹³),zy2,暂无
浦东·川沙,巳(巳),[空],zy2(zɿ²¹³),zy2,暂无
浦东·川沙,市(市),[空],zy2(zɿ²¹³),zy2,暂无
浦东·川沙,恃(恃),[空],zy2(zɿ²¹³),zy2,暂无
浦东·川沙,是(是),[空],zy2(zɿ²¹³),zy2,暂无
浦东·川沙,柿(柿),[空],zy2(zɿ²¹³),zy2,暂无
浦东·川沙,氏(氏),[空],zy2(zɿ²¹³),zy2,暂无
浦东·川沙,痔(痔),[空],zy2(zɿ²¹³),zy2,暂无
浦东·川沙,祀(祀),[空],zy2(zɿ²¹³),zy2,暂无
浦东·川沙,事(事),[空],zy6(zɿ¹³),zy6,暂无
浦东·川沙,侍(侍),[空],zy6(zɿ¹³),zy6,暂无
浦东·川沙,嗜(嗜),[空],zy6(zɿ¹³),zy6,暂无
浦东·川沙,嗣(嗣),[空],zy6(zɿ¹³),zy6,暂无
浦东·川沙,字(字),[空],zy6(zɿ¹³),zy6,暂无
浦东·川沙,寺(寺),[空],zy6(zɿ¹³),zy6,暂无
浦东·川沙,治(治),[空],zy6(zɿ¹³),zy6,暂无
浦东·川沙,滞(滯),[空],zy6(zɿ¹³),zy6,暂无
浦东·川沙,示(示),[空],zy6(zɿ¹³),zy6,暂无
浦东·川沙,稚(稚),[空],zy6(zɿ¹³),zy6,暂无
浦东·川沙,自(自),[空],zy6(zɿ¹³),zy6,暂无
浦东·川沙,视(視),[空],zy6(zɿ¹³),zy6,暂无
浦东·川沙,誓(誓),[空],zy6(zɿ¹³),zy6,暂无
浦东·川沙,逝(逝),[空],zy6(zɿ¹³),zy6,暂无
浦东·川沙,饲(飼),[空],zy6(zɿ¹³),zy6,暂无
浦东·川沙,婆(婆),[空],bu2(bu²¹³),bu2,暂无
浦东·川沙,脯(脯),胸~,bu2(bu²¹³),bu2,暂无
浦东·川沙,菩(菩),[空],bu2(bu²¹³),bu2,暂无
浦东·川沙,蒲(蒲),[空],bu2(bu²¹³),bu2,暂无
浦东·川沙,篰(篰),竹筐,bu2(bu²¹³),bu2,暂无
浦东·川沙,簿(簿),[空],bu2(bu²¹³),bu2,暂无
浦东·川沙,部(部),[空],bu2(bu²¹³),bu2,暂无
浦东·川沙,伏(伏),~下来，蹲下,bu6(bu¹³),bu6,暂无
浦东·川沙,埠(埠),[空],bu6(bu¹³),bu6,暂无
浦东·川沙,孵(孵),[空],bu6(bu¹³),bu6,暂无
浦东·川沙,捕(捕),[空],bu6(bu¹³),bu6,暂无
浦东·川沙,步(步),[空],bu6(bu¹³),bu6,暂无
浦东·川沙,□(□),~下来，蹲下,bu6(bu¹³),bu6,暂无
浦东·川沙,波(波),[空],pu1(ɓu⁵³),pu1,暂无
浦东·川沙,玻(玻),[空],pu1(ɓu⁵³),pu1,暂无
浦东·川沙,菠(菠),[空],pu1(ɓu⁵³),pu1,暂无
浦东·川沙,簸(簸),[空],pu3(ɓu⁴⁴),pu3,暂无
浦东·川沙,补(補),[空],pu3(ɓu⁴⁴),pu3,暂无
浦东·川沙,谱(譜),家~,pu3(ɓu⁴⁴),pu3,暂无
浦东·川沙,布(布),[空],pu5(ɓu³⁵),pu5,暂无
浦东·川沙,怖(怖),[空],pu5(ɓu³⁵),pu5,暂无
浦东·川沙,播(播),[空],pu5(ɓu³⁵),pu5,暂无
浦东·川沙,图(圖),【校】原文声调作阴平，显误，径改,du2(du²¹³),du2,暂无
浦东·川沙,涂(塗),【校】原文声调作阴平，显误，径改,du2(du²¹³),du2,暂无
浦东·川沙,屠(屠),【校】原文声调作阴平，显误，径改,du2(du²¹³),du2,暂无
浦东·川沙,徒(徒),【校】原文声调作阴平，显误，径改,du2(du²¹³),du2,暂无
浦东·川沙,途(途),【校】原文声调作阴平，显误，径改,du2(du²¹³),du2,暂无
浦东·川沙,驮(馱),【校】原文声调作阴平，显误，径改,du2(du²¹³),du2,暂无
浦东·川沙,驼(駝),【校】原文声调作阴平，显误，径改,du2(du²¹³),du2,暂无
浦东·川沙,惰(惰),[空],du2(du²¹³),du2,暂无
浦东·川沙,杜(杜),[空],du2(du²¹³),du2,暂无
浦东·川沙,肚(肚),~皮，肚子,du2(du²¹³),du2,暂无
浦东·川沙,舵(舵),[空],du2(du²¹³),du2,暂无
浦东·川沙,大(大),[空],du6(du¹³),du6,暂无
浦东·川沙,度(度),[空],du6(du¹³),du6,暂无
浦东·川沙,渡(渡),[空],du6(du¹³),du6,暂无
浦东·川沙,镀(鍍),[空],du6(du¹³),du6,暂无
浦东·川沙,多(多),[空],tu1(ɗu⁵³),tu1,暂无
浦东·川沙,都(都),[空],tu1(ɗu⁵³),tu1,暂无
浦东·川沙,堵(堵),[空],tu3(ɗu⁴⁴),tu3,暂无
浦东·川沙,朵(朵),[空],tu3(ɗu⁴⁴),tu3,暂无
浦东·川沙,睹(睹),[空],tu3(ɗu⁴⁴),tu3,暂无
浦东·川沙,肚(肚),猪~,tu3(ɗu⁴⁴),tu3,暂无
浦东·川沙,赌(賭),[空],tu3(ɗu⁴⁴),tu3,暂无
浦东·川沙,躲(躲),[空],tu3(ɗu⁴⁴),tu3,暂无
浦东·川沙,妒(妒),[空],tu5(ɗu³⁵),tu5,暂无
浦东·川沙,□(□),唠叨，咕哝,gu2(ɡu²¹³),gu2,暂无
浦东·川沙,哥(哥),[空],ku1(ku⁵³),ku1,暂无
浦东·川沙,姑(姑),[空],ku1(ku⁵³),ku1,暂无
浦东·川沙,姑(姑),[空],ku1(ku⁵³),ku1,暂无
浦东·川沙,孤(孤),[空],ku1(ku⁵³),ku1,暂无
浦东·川沙,戈(戈),[空],ku1(ku⁵³),ku1,暂无
浦东·川沙,歌(歌),[空],ku1(ku⁵³),ku1,暂无
浦东·川沙,箍(箍),[空],ku1(ku⁵³),ku1,暂无
浦东·川沙,蜗(蝸),~牛,ku1(ku⁵³),ku1,暂无
浦东·川沙,锅(鍋),[空],ku1(ku⁵³),ku1,暂无
浦东·川沙,估(估),[空],ku3(ku⁴⁴),ku3,暂无
浦东·川沙,古(古),[空],ku3(ku⁴⁴),ku3,暂无
浦东·川沙,果(果),[空],ku3(ku⁴⁴),ku3,暂无
浦东·川沙,枯(枯),[空],ku3(ku⁴⁴),ku3,暂无
浦东·川沙,股(股),[空],ku3(ku⁴⁴),ku3,暂无
浦东·川沙,裹(裹),[空],ku3(ku⁴⁴),ku3,暂无
浦东·川沙,鼓(鼓),[空],ku3(ku⁴⁴),ku3,暂无
浦东·川沙,个(個),~人,ku5(ku³⁵),ku5,暂无
浦东·川沙,固(固),[空],ku5(ku³⁵),ku5,暂无
浦东·川沙,故(故),[空],ku5(ku³⁵),ku5,暂无
浦东·川沙,过(過),[空],ku5(ku³⁵),ku5,暂无
浦东·川沙,雇(雇),[空],ku5(ku³⁵),ku5,暂无
浦东·川沙,顾(顧),[空],ku5(ku³⁵),ku5,暂无
浦东·川沙,枯(枯),[空],khu1(kʰu⁵³),khu1,暂无
浦东·川沙,棵(棵),[空],khu1(kʰu⁵³),khu1,暂无
浦东·川沙,科(科),[空],khu1(kʰu⁵³),khu1,暂无
浦东·川沙,窠(窠),[空],khu1(kʰu⁵³),khu1,暂无
浦东·川沙,颗(顆),[空],khu1(kʰu⁵³),khu1,暂无
浦东·川沙,苦(苦),[空],khu3(kʰu⁴⁴),khu3,暂无
浦东·川沙,库(庫),[空],khu5(kʰu³⁵),khu5,暂无
浦东·川沙,裤(褲),[空],khu5(kʰu³⁵),khu5,暂无
浦东·川沙,课(課),[空],khu5(kʰu³⁵),khu5,暂无
浦东·川沙,啰(啰),~唆,lu1(lu⁵³),lu1,暂无
浦东·川沙,鲁(魯),姓,lu1(lu⁵³),lu1,暂无
浦东·川沙,□(□),用手贴近表面轻掠,lu1(lu⁵³),lu1,暂无
浦东·川沙,庐(廬),[空],lu2(lu²¹³),lu2,暂无
浦东·川沙,炉(爐),[空],lu2(lu²¹³),lu2,暂无
浦东·川沙,猡(玀),猪~,lu2(lu²¹³),lu2,暂无
浦东·川沙,卢(盧),[空],lu2(lu²¹³),lu2,暂无
浦东·川沙,箩(籮),[空],lu2(lu²¹³),lu2,暂无
浦东·川沙,罗(羅),[空],lu2(lu²¹³),lu2,暂无
浦东·川沙,脶(腡),[空],lu2(lu²¹³),lu2,暂无
浦东·川沙,芦(蘆),[空],lu2(lu²¹³),lu2,暂无
浦东·川沙,螺(螺),[空],lu2(lu²¹³),lu2,暂无
浦东·川沙,锣(鑼),[空],lu2(lu²¹³),lu2,暂无
浦东·川沙,驴(驢),[空],lu2(lu²¹³),lu2,暂无
浦东·川沙,卵(卵),[空],lu2(lu²¹³),lu2,暂无
浦东·川沙,橹(櫓),[空],lu2(lu²¹³),lu2,暂无
浦东·川沙,虏(虜),[空],lu2(lu²¹³),lu2,暂无
浦东·川沙,裸(裸),[空],lu2(lu²¹³),lu2,暂无
浦东·川沙,鲁(魯),山东,lu2(lu²¹³),lu2,暂无
浦东·川沙,卤(鹵),[空],lu2(lu²¹³),lu2,暂无
浦东·川沙,赂(賂),[空],lu6(lu¹³),lu6,暂无
浦东·川沙,路(路),[空],lu6(lu¹³),lu6,暂无
浦东·川沙,露(露),[空],lu6(lu¹³),lu6,暂无
浦东·川沙,鹭(鷺),[空],lu6(lu¹³),lu6,暂无
浦东·川沙,□(□),~~亮，天色微明,mu1(mu⁵³),mu1,暂无
浦东·川沙,摩(摩),[空],mu2(mu²¹³),mu2,暂无
浦东·川沙,摹(摹),[空],mu2(mu²¹³),mu2,暂无
浦东·川沙,模(模),[空],mu2(mu²¹³),mu2,暂无
浦东·川沙,磨(磨),~刀,mu2(mu²¹³),mu2,暂无
浦东·川沙,魔(魔),[空],mu2(mu²¹³),mu2,暂无
浦东·川沙,拇(拇),[空],mu2(mu²¹³),mu2,暂无
浦东·川沙,母(母),[空],mu2(mu²¹³),mu2,暂无
浦东·川沙,□(□),泡沫,mu2(mu²¹³),mu2,暂无
浦东·川沙,募(募),[空],mu6(mu¹³),mu6,暂无
浦东·川沙,墓(墓),[空],mu6(mu¹³),mu6,暂无
浦东·川沙,幕(幕),[空],mu6(mu¹³),mu6,暂无
浦东·川沙,慕(慕),[空],mu6(mu¹³),mu6,暂无
浦东·川沙,暮(暮),[空],mu6(mu¹³),mu6,暂无
浦东·川沙,磨(磨),~子,mu6(mu¹³),mu6,暂无
浦东·川沙,奴(奴),[空],nu1(nu⁵³),nu1,暂无
浦东·川沙,捼(捼),抚摸，揉,nu1(nu⁵³),nu1,暂无
浦东·川沙,努(努),[空],nu3(nu⁴⁴),nu3,暂无
浦东·川沙,怒(怒),[空],nu6(nu¹³),nu6,暂无
浦东·川沙,糯(糯),[空],nu6(nu¹³),nu6,暂无
浦东·川沙,我(我),[空],ngu1(ŋu⁵³),ngu1,暂无
浦东·川沙,俄(俄),[空],ngu2(ŋu²¹³),ngu2,暂无
浦东·川沙,吾(吾),[空],ngu2(ŋu²¹³),ngu2,暂无
浦东·川沙,娥(娥),[空],ngu2(ŋu²¹³),ngu2,暂无
浦东·川沙,梧(梧),[空],ngu2(ŋu²¹³),ngu2,暂无
浦东·川沙,鹅(鵝),[空],ngu2(ŋu²¹³),ngu2,暂无
浦东·川沙,我(我),白,ngu2(ŋu²¹³),ngu2,暂无
浦东·川沙,悟(悟),[空],ngu6(ŋu¹³),ngu6,暂无
浦东·川沙,卧(臥),[空],ngu6(ŋu¹³),ngu6,暂无
浦东·川沙,误(誤),[空],ngu6(ŋu¹³),ngu6,暂无
浦东·川沙,饿(餓),[空],ngu6(ŋu¹³),ngu6,暂无
浦东·川沙,俘(俘),[空],fu1(ɸu⁵³),fu1,暂无
浦东·川沙,呼(呼),[空],fu1(ɸu⁵³),fu1,暂无
浦东·川沙,夫(夫),[空],fu1(ɸu⁵³),fu1,暂无
浦东·川沙,敷(敷),[空],fu1(ɸu⁵³),fu1,暂无
浦东·川沙,肤(膚),[空],fu1(ɸu⁵³),fu1,暂无
浦东·川沙,麸(麩),[空],fu1(ɸu⁵³),fu1,暂无
浦东·川沙,□(□),~一口香烟，吸,fu1(ɸu⁵³),fu1,暂无
浦东·川沙,伙(夥),[空],fu3(ɸu⁴⁴),fu3,暂无
浦东·川沙,府(府),[空],fu3(ɸu⁴⁴),fu3,暂无
浦东·川沙,斧(斧),[空],fu3(ɸu⁴⁴),fu3,暂无
浦东·川沙,浒(滸),水~,fu3(ɸu⁴⁴),fu3,暂无
浦东·川沙,火(火),[空],fu3(ɸu⁴⁴),fu3,暂无
浦东·川沙,甫(甫),[空],fu3(ɸu⁴⁴),fu3,暂无
浦东·川沙,腑(腑),[空],fu3(ɸu⁴⁴),fu3,暂无
浦东·川沙,虎(虎),[空],fu3(ɸu⁴⁴),fu3,暂无
浦东·川沙,辅(輔),[空],fu3(ɸu⁴⁴),fu3,暂无
浦东·川沙,釜(釜),[空],fu3(ɸu⁴⁴),fu3,暂无
浦东·川沙,付(付),[空],fu5(ɸu³⁵),fu5,暂无
浦东·川沙,俯(俯),[空],fu5(ɸu³⁵),fu5,暂无
浦东·川沙,傅(傅),[空],fu5(ɸu³⁵),fu5,暂无
浦东·川沙,副(副),[空],fu5(ɸu³⁵),fu5,暂无
浦东·川沙,富(富),[空],fu5(ɸu³⁵),fu5,暂无
浦东·川沙,讣(訃),[空],fu5(ɸu³⁵),fu5,暂无
浦东·川沙,货(貨),[空],fu5(ɸu³⁵),fu5,暂无
浦东·川沙,赋(賦),[空],fu5(ɸu³⁵),fu5,暂无
浦东·川沙,赴(赴),[空],fu5(ɸu³⁵),fu5,暂无
浦东·川沙,坡(坡),[空],phu1(pʰu⁵³),phu1,暂无
浦东·川沙,普(普),[空],phu1(pʰu⁵³),phu1,暂无
浦东·川沙,潽(潽),水~出来，溢,phu1(pʰu⁵³),phu1,暂无
浦东·川沙,铺(鋪),~路,phu1(pʰu⁵³),phu1,暂无
浦东·川沙,浦(浦),[空],phu3(pʰu⁴⁴),phu3,暂无
浦东·川沙,谱(譜),乐~,phu3(pʰu⁴⁴),phu3,暂无
浦东·川沙,店(店),[空],phu5(pʰu³⁵),phu5,暂无
浦东·川沙,破(破),[空],phu5(pʰu³⁵),phu5,暂无
浦东·川沙,铺(鋪),店~,phu5(pʰu³⁵),phu5,暂无
浦东·川沙,唆(唆),[空],su1(su⁵³),su1,暂无
浦东·川沙,梭(梭),[空],su1(su⁵³),su1,暂无
浦东·川沙,梳(梳),[空],su1(su⁵³),su1,暂无
浦东·川沙,疏(疏),[空],su1(su⁵³),su1,暂无
浦东·川沙,睃(睃),[空],su1(su⁵³),su1,暂无
浦东·川沙,蓑(蓑),[空],su1(su⁵³),su1,暂无
浦东·川沙,蔬(蔬),[空],su1(su⁵³),su1,暂无
浦东·川沙,苏(蘇),[空],su1(su⁵³),su1,暂无
浦东·川沙,酥(酥),[空],su1(su⁵³),su1,暂无
浦东·川沙,唢(嗩),[空],su3(su⁴⁴),su3,暂无
浦东·川沙,所(所),[空],su3(su⁴⁴),su3,暂无
浦东·川沙,琐(瑣),[空],su3(su⁴⁴),su3,暂无
浦东·川沙,锁(鎖),[空],su3(su⁴⁴),su3,暂无
浦东·川沙,塑(塑),[空],su5(su³⁵),su5,暂无
浦东·川沙,数(數),[空],su5(su³⁵),su5,暂无
浦东·川沙,疏(疏),[空],su5(su³⁵),su5,暂无
浦东·川沙,素(素),[空],su5(su³⁵),su5,暂无
浦东·川沙,诉(訴),[空],su5(su³⁵),su5,暂无
浦东·川沙,拖(拖),[空],thu1(tʰu⁵³),thu1,暂无
浦东·川沙,土(土),[空],thu3(tʰu⁴⁴),thu3,暂无
浦东·川沙,妥(妥),[空],thu3(tʰu⁴⁴),thu3,暂无
浦东·川沙,兔(兔),[空],thu5(tʰu³⁵),thu5,暂无
浦东·川沙,吐(吐),[空],thu5(tʰu³⁵),thu5,暂无
浦东·川沙,唾(唾),[空],thu5(tʰu³⁵),thu5,暂无
浦东·川沙,租(租),[空],tsu1(tsu⁵³),tsu1,暂无
浦东·川沙,佐(佐),[空],tsu3(tsu⁴⁴),tsu3,暂无
浦东·川沙,左(左),[空],tsu3(tsu⁴⁴),tsu3,暂无
浦东·川沙,祖(祖),[空],tsu3(tsu⁴⁴),tsu3,暂无
浦东·川沙,组(組),[空],tsu3(tsu⁴⁴),tsu3,暂无
浦东·川沙,阻(阻),[空],tsu3(tsu⁴⁴),tsu3,暂无
浦东·川沙,初(初),[空],tshu1(tsʰu⁵³),tshu1,暂无
浦东·川沙,搓(搓),[空],tshu1(tsʰu⁵³),tshu1,暂无
浦东·川沙,粗(粗),[空],tshu1(tsʰu⁵³),tshu1,暂无
浦东·川沙,楚(楚),[空],tshu3(tsʰu⁴⁴),tshu3,暂无
浦东·川沙,础(礎),[空],tshu3(tsʰu⁴⁴),tshu3,暂无
浦东·川沙,措(措),[空],tshu5(tsʰu³⁵),tshu5,暂无
浦东·川沙,醋(醋),[空],tshu5(tsʰu³⁵),tshu5,暂无
浦东·川沙,锉(銼),[空],tshu5(tsʰu³⁵),tshu5,暂无
浦东·川沙,错(錯),[空],tshu5(tsʰu³⁵),tshu5,暂无
浦东·川沙,锄(鋤),[空],zu2(zu²¹³),zu2,暂无
浦东·川沙,坐(坐),[空],zu2(zu²¹³),zu2,暂无
浦东·川沙,助(助),[空],zu6(zu¹³),zu6,暂无
浦东·川沙,座(座),[空],zu6(zu¹³),zu6,暂无
浦东·川沙,伍(伍),[空],vu2(βu²¹³),vu2,暂无
浦东·川沙,何(何),[空],vu2(βu²¹³),vu2,暂无
浦东·川沙,午(午),[空],vu2(βu²¹³),vu2,暂无
浦东·川沙,吴(吳),[空],vu2(βu²¹³),vu2,暂无
浦东·川沙,和(和),[空],vu2(βu²¹³),vu2,暂无
浦东·川沙,壶(壺),[空],vu2(βu²¹³),vu2,暂无
浦东·川沙,巫(巫),[空],vu2(βu²¹³),vu2,暂无
浦东·川沙,扶(扶),[空],vu2(βu²¹³),vu2,暂无
浦东·川沙,河(河),[空],vu2(βu²¹³),vu2,暂无
浦东·川沙,湖(湖),[空],vu2(βu²¹³),vu2,暂无
浦东·川沙,无(無),[空],vu2(βu²¹³),vu2,暂无
浦东·川沙,狐(狐),[空],vu2(βu²¹³),vu2,暂无
浦东·川沙,禾(禾),[空],vu2(βu²¹³),vu2,暂无
浦东·川沙,符(符),[空],vu2(βu²¹³),vu2,暂无
浦东·川沙,糊(糊),[空],vu2(βu²¹³),vu2,暂无
浦东·川沙,胡(胡),[空],vu2(βu²¹³),vu2,暂无
浦东·川沙,芙(芙),~蓉,vu2(βu²¹³),vu2,暂无
浦东·川沙,荷(荷),[空],vu2(βu²¹³),vu2,暂无
浦东·川沙,葫(葫),[空],vu2(βu²¹³),vu2,暂无
浦东·川沙,蜈(蜈),[空],vu2(βu²¹³),vu2,暂无
浦东·川沙,蝴(蝴),[空],vu2(βu²¹³),vu2,暂无
浦东·川沙,讹(訛),[空],vu2(βu²¹³),vu2,暂无
浦东·川沙,诬(誣),[空],vu2(βu²¹³),vu2,暂无
浦东·川沙,侮(侮),[空],vu2(βu²¹³),vu2,暂无
浦东·川沙,妇(婦),[空],vu2(βu²¹³),vu2,暂无
浦东·川沙,我(我),白,vu2(βu²¹³),vu2,暂无
浦东·川沙,户(戶),[空],vu2(βu²¹³),vu2,暂无
浦东·川沙,武(武),[空],vu2(βu²¹³),vu2,暂无
浦东·川沙,沪(滬),[空],vu2(βu²¹³),vu2,暂无
浦东·川沙,父(父),[空],vu2(βu²¹³),vu2,暂无
浦东·川沙,祸(禍),[空],vu2(βu²¹³),vu2,暂无
浦东·川沙,腐(腐),[空],vu2(βu²¹³),vu2,暂无
浦东·川沙,舞(舞),[空],vu2(βu²¹³),vu2,暂无
浦东·川沙,辅(輔),左~右弼,vu2(βu²¹³),vu2,暂无
浦东·川沙,鹉(鵡),[空],vu2(βu²¹³),vu2,暂无
浦东·川沙,互(互),[空],vu6(βu¹³),vu6,暂无
浦东·川沙,务(務),[空],vu6(βu¹³),vu6,暂无
浦东·川沙,戊(戊),[空],vu6(βu¹³),vu6,暂无
浦东·川沙,护(護),[空],vu6(βu¹³),vu6,暂无
浦东·川沙,贺(賀),[空],vu6(βu¹³),vu6,暂无
浦东·川沙,雾(霧),[空],vu6(βu¹³),vu6,暂无
浦东·川沙,倭(倭),[空],u1(u⁵³),u1,暂无
浦东·川沙,坞(塢),[空],u1(u⁵³),u1,暂无
浦东·川沙,捂(捂),~热,u1(u⁵³),u1,暂无
浦东·川沙,污(汙),[空],u1(u⁵³),u1,暂无
浦东·川沙,乌(烏),[空],u1(u⁵³),u1,暂无
浦东·川沙,莴(萵),[空],u1(u⁵³),u1,暂无
浦东·川沙,阿(阿),~胶,u1(u⁵³),u1,暂无
浦东·川沙,屙(屙),大便,u5(u³⁵),u5,暂无
浦东·川沙,乖(乖),[空],kua1(kuᴀ⁵³),kua1,暂无
浦东·川沙,拐(拐),[空],kua3(kuᴀ⁴⁴),kua3,暂无
浦东·川沙,怪(怪),[空],kua5(kuᴀ³⁵),kua5,暂无
浦东·川沙,快(快),[空],khua5(kʰuᴀ³⁵),khua5,暂无
浦东·川沙,光(光),~火，发怒,kuan1(kuã⁵³),kuan1,暂无
浦东·川沙,□(□),肿起来,kuan1(kuã⁵³),kuan1,暂无
浦东·川沙,□(□),~出一条路来，开裂,kuan3(kuã⁴⁴),kuan3,暂无
浦东·川沙,狂(狂),[空],guaon2(ɡuɑ̃²¹³),guaon2,暂无
浦东·川沙,逛(逛),[空],guaon2(ɡuɑ̃²¹³),guaon2,暂无
浦东·川沙,光(光),[空],kuaon1(kuɑ̃⁵³),kuaon1,暂无
浦东·川沙,广(廣),[空],kuaon3(kuɑ̃⁴⁴),kuaon3,暂无
浦东·川沙,□(□),侬拉缸里~~看，还有么？摸，搜寻,kuaon5(kuɑ̃³⁵),kuaon5,暂无
浦东·川沙,匡(匡),[空],khuaon5(kʰuɑ̃³⁵),khuaon5,暂无
浦东·川沙,旷(曠),[空],khuaon5(kʰuɑ̃³⁵),khuaon5,暂无
浦东·川沙,眶(眶),[空],khuaon5(kʰuɑ̃³⁵),khuaon5,暂无
浦东·川沙,矿(礦),[空],khuaon5(kʰuɑ̃³⁵),khuaon5,暂无
浦东·川沙,筐(筐),[空],khuaon5(kʰuɑ̃³⁵),khuaon5,暂无
浦东·川沙,□(□),衣裳~着个龌龊，耳朵里~着句闲话，偶尔碰到,guaeq8(ɡuæʔ²³),guaeq8,暂无
浦东·川沙,刮(刮),[空],kuaeq7(kuæʔ⁵),kuaeq7,暂无
浦东·川沙,括(括),[空],kuaeq7(kuæʔ⁵),kuaeq7,暂无
浦东·川沙,□(□),~开一条路路，裂开,kuaq7(kuᴀʔ⁵),kuaq7,暂无
浦东·川沙,廓(廓),[空],kuaoq7(kuɔʔ⁵),kuaoq7,暂无
浦东·川沙,椁(槨),[空],kuaoq7(kuɔʔ⁵),kuaoq7,暂无
浦东·川沙,郭(郭),[空],kuaoq7(kuɔʔ⁵),kuaoq7,暂无
浦东·川沙,□(□),~嘴，漱口；水~出来，晃荡,kuaoq7(kuɔʔ⁵),kuaoq7,暂无
浦东·川沙,扩(擴),[空],khuaoq7(kʰuɔʔ⁵),khuaoq7,暂无
浦东·川沙,葵(葵),[空],gue2(ɡue²¹³),gue2,暂无
浦东·川沙,逵(逵),[空],gue2(ɡue²¹³),gue2,暂无
浦东·川沙,馗(馗),[空],gue2(ɡue²¹³),gue2,暂无
浦东·川沙,跪(跪),[空],gue2(ɡue²¹³),gue2,暂无
浦东·川沙,愧(愧),[空],gue6(ɡue¹³),gue6,暂无
浦东·川沙,柜(櫃),[空],gue6(ɡue¹³),gue6,暂无
浦东·川沙,溃(潰),[空],gue6(ɡue¹³),gue6,暂无
浦东·川沙,冠(冠),衣~,kue1(kue⁵³),kue1,暂无
浦东·川沙,圭(圭),[空],kue1(kue⁵³),kue1,暂无
浦东·川沙,官(官),[空],kue1(kue⁵³),kue1,暂无
浦东·川沙,棺(棺),[空],kue1(kue⁵³),kue1,暂无
浦东·川沙,归(歸),[空],kue1(kue⁵³),kue1,暂无
浦东·川沙,规(規),[空],kue1(kue⁵³),kue1,暂无
浦东·川沙,观(觀),~看,kue1(kue⁵³),kue1,暂无
浦东·川沙,龟(龜),[空],kue1(kue⁵³),kue1,暂无
浦东·川沙,管(管),[空],kue3(kue⁴⁴),kue3,暂无
浦东·川沙,诡(詭),[空],kue3(kue⁴⁴),kue3,暂无
浦东·川沙,轨(軌),[空],kue3(kue⁴⁴),kue3,暂无
浦东·川沙,馆(館),[空],kue3(kue⁴⁴),kue3,暂无
浦东·川沙,鬼(鬼),[空],kue3(kue⁴⁴),kue3,暂无
浦东·川沙,冠(冠),~军,kue5(kue³⁵),kue5,暂无
浦东·川沙,刽(劊),[空],kue5(kue³⁵),kue5,暂无
浦东·川沙,会(會),~计,kue5(kue³⁵),kue5,暂无
浦东·川沙,桧(檜),[空],kue5(kue³⁵),kue5,暂无
浦东·川沙,灌(灌),[空],kue5(kue³⁵),kue5,暂无
浦东·川沙,癸(癸),[空],kue5(kue³⁵),kue5,暂无
浦东·川沙,罐(罐),[空],kue5(kue³⁵),kue5,暂无
浦东·川沙,观(觀),寺~,kue5(kue³⁵),kue5,暂无
浦东·川沙,贯(貫),十五~,kue5(kue³⁵),kue5,暂无
浦东·川沙,贵(貴),[空],kue5(kue³⁵),kue5,暂无
浦东·川沙,闺(閨),[空],kue5(kue³⁵),kue5,暂无
浦东·川沙,鳜(鱖),[空],kue5(kue³⁵),kue5,暂无
浦东·川沙,奎(奎),[空],khue1(kʰue⁵³),khue1,暂无
浦东·川沙,宽(寬),[空],khue1(kʰue⁵³),khue1,暂无
浦东·川沙,恢(恢),[空],khue1(kʰue⁵³),khue1,暂无
浦东·川沙,盔(盔),[空],khue1(kʰue⁵³),khue1,暂无
浦东·川沙,蒯(蒯),[空],khue1(kʰue⁵³),khue1,暂无
浦东·川沙,亏(虧),[空],khue1(kʰue⁵³),khue1,暂无
浦东·川沙,魁(魁),[空],khue1(kʰue⁵³),khue1,暂无
浦东·川沙,傀(傀),[空],khue3(kʰue⁴⁴),khue3,暂无
浦东·川沙,款(款),[空],khue3(kʰue⁴⁴),khue3,暂无
浦东·川沙,窥(窺),[空],khue3(kʰue⁴⁴),khue3,暂无
浦东·川沙,块(塊),[空],khue5(kʰue³⁵),khue5,暂无
浦东·川沙,危(危),[空],ngue1(ŋue⁵³),ngue1,暂无
浦东·川沙,巍(巍),[空],ngue6(ŋue¹³),ngue6,暂无
浦东·川沙,魏(魏),[空],ngue6(ŋue¹³),ngue6,暂无
浦东·川沙,滚(滾),[空],kuen3(kuən⁴⁴),kuen3,暂无
浦东·川沙,棍(棍),[空],kuen5(kuən³⁵),kuen5,暂无
浦东·川沙,坤(坤),[空],khuen1(kʰuən⁵³),khuen1,暂无
浦东·川沙,昆(昆),[空],khuen1(kʰuən⁵³),khuen1,暂无
浦东·川沙,捆(捆),[空],khuen3(kʰuən⁴⁴),khuen3,暂无
浦东·川沙,困(困),[空],khuen5(kʰuən³⁵),khuen5,暂无
浦东·川沙,捆(捆),[空],khuen5(kʰuən³⁵),khuen5,暂无
浦东·川沙,□(□),肥料要~一~，山芋放拉地窟里拉，放置一段时间，保存或使之发酵,khueq7(kʰuəʔ⁵),khueq7,暂无
浦东·川沙,环(環),[空],guae2(ɡuɛ²¹³),guae2,暂无
浦东·川沙,损(損),[空],guae6(ɡuɛ¹³),guae6,暂无
浦东·川沙,关(關),[空],kuae1(kuɛ⁵³),kuae1,暂无
浦东·川沙,鳏(鰥),[空],kuae1(kuɛ⁵³),kuae1,暂无
浦东·川沙,惯(慣),[空],kuae5(kuɛ³⁵),kuae5,暂无
浦东·川沙,贯(貫),[空],kuae5(kuɛ³⁵),kuae5,暂无
浦东·川沙,筷(筷),[空],khuae1(kʰuɛ⁵³),khuae1,暂无
浦东·川沙,顽(頑),~固,nguae2(ŋuɛ²¹³),nguae2,暂无
浦东·川沙,率(率),~领,suoeq7(suœʔ⁵),suoeq7,暂无
浦东·川沙,蟀(蟀),[空],suoeq7(suœʔ⁵),suoeq7,暂无
浦东·川沙,说(說),[空],suoeq7(suœʔ⁵),suoeq7,暂无
浦东·川沙,帛(帛),财~,beoq8(bʌʔ²³),beoq8,暂无
浦东·川沙,特(特),[空],deoq8(dʌʔ²³),deoq8,暂无
浦东·川沙,得(得),[空],teoq7(ɗʌʔ⁵),teoq7,暂无
浦东·川沙,德(德),[空],teoq7(ɗʌʔ⁵),teoq7,暂无
浦东·川沙,赫(赫),[空],heoq7(hʌʔ⁵),heoq7,暂无
浦东·川沙,郝(郝),[空],heoq7(hʌʔ⁵),heoq7,暂无
浦东·川沙,黑(黑),[空],heoq7(hʌʔ⁵),heoq7,暂无
浦东·川沙,革(革),[空],keoq7(kʌʔ⁵),keoq7,暂无
浦东·川沙,克(克),[空],kheoq7(kʰʌʔ⁵),kheoq7,暂无
浦东·川沙,刻(刻),[空],kheoq7(kʰʌʔ⁵),kheoq7,暂无
浦东·川沙,掐(掐),白,kheoq7(kʰʌʔ⁵),kheoq7,暂无
浦东·川沙,勒(勒),[空],leoq8(lʌʔ²³),leoq8,暂无
浦东·川沙,肋(肋),[空],leoq8(lʌʔ²³),leoq8,暂无
浦东·川沙,墨(墨),[空],meoq8(mʌʔ²³),meoq8,暂无
浦东·川沙,默(默),[空],meoq8(mʌʔ²³),meoq8,暂无
浦东·川沙,泊(泊),梁山~,pheoq7(pʰʌʔ⁵),pheoq7,暂无
浦东·川沙,迫(迫),[空],pheoq7(pʰʌʔ⁵),pheoq7,暂无
浦东·川沙,魄(魄),[空],pheoq7(pʰʌʔ⁵),pheoq7,暂无
浦东·川沙,塞(塞),[空],seoq7(sʌʔ⁵),seoq7,暂无
浦东·川沙,室(室),[空],seoq7(sʌʔ⁵),seoq7,暂无
浦东·川沙,式(式),[空],seoq7(sʌʔ⁵),seoq7,暂无
浦东·川沙,色(色),[空],seoq7(sʌʔ⁵),seoq7,暂无
浦东·川沙,识(識),[空],seoq7(sʌʔ⁵),seoq7,暂无
浦东·川沙,适(適),[空],seoq7(sʌʔ⁵),seoq7,暂无
浦东·川沙,释(釋),[空],seoq7(sʌʔ⁵),seoq7,暂无
浦东·川沙,饰(飾),[空],seoq7(sʌʔ⁵),seoq7,暂无
浦东·川沙,忒(忒),[空],theoq7(tʰʌʔ⁵),theoq7,暂无
浦东·川沙,侧(側),~转,tseoq7(tsʌʔ⁵),tseoq7,暂无
浦东·川沙,则(則),[空],tseoq7(tsʌʔ⁵),tseoq7,暂无
浦东·川沙,织(織),[空],tseoq7(tsʌʔ⁵),tseoq7,暂无
浦东·川沙,职(職),[空],tseoq7(tsʌʔ⁵),tseoq7,暂无
浦东·川沙,责(責),[空],tseoq7(tsʌʔ⁵),tseoq7,暂无
浦东·川沙,斥(斥),[空],tsheoq7(tsʰʌʔ⁵),tsheoq7,暂无
浦东·川沙,测(測),[空],tsheoq7(tsʰʌʔ⁵),tsheoq7,暂无
浦东·川沙,策(策),[空],tsheoq7(tsʰʌʔ⁵),tsheoq7,暂无
浦东·川沙,赤(赤),[空],tsheoq7(tsʰʌʔ⁵),tsheoq7,暂无
浦东·川沙,饬(飭),[空],tsheoq7(tsʰʌʔ⁵),tsheoq7,暂无
浦东·川沙,值(值),[空],zeoq8(zʌʔ²³),zeoq8,暂无
浦东·川沙,择(擇),[空],zeoq8(zʌʔ²³),zeoq8,暂无
浦东·川沙,掷(擲),[空],zeoq8(zʌʔ²³),zeoq8,暂无
浦东·川沙,植(植),[空],zeoq8(zʌʔ²³),zeoq8,暂无
浦东·川沙,殖(殖),[空],zeoq8(zʌʔ²³),zeoq8,暂无
浦东·川沙,泽(澤),[空],zeoq8(zʌʔ²³),zeoq8,暂无
浦东·川沙,直(直),[空],zeoq8(zʌʔ²³),zeoq8,暂无
浦东·川沙,蚀(蝕),[空],zeoq8(zʌʔ²³),zeoq8,暂无
浦东·川沙,贼(賊),[空],zeoq8(zʌʔ²³),zeoq8,暂无
浦东·川沙,食(食),[空],zeoq8(zʌʔ²³),zeoq8,暂无
浦东·川沙,嘘(噓),[空],shiu1(ɕy⁵³),shiu1,暂无
浦东·川沙,吁(吁),长~短叹,shiu1(ɕy⁵³),shiu1,暂无
浦东·川沙,虚(虛),[空],shiu1(ɕy⁵³),shiu1,暂无
浦东·川沙,毁(毀),~牙齿，小儿换牙。白,shiu3(ɕy⁴⁴),shiu3,暂无
浦东·川沙,许(許),[空],shiu3(ɕy⁴⁴),shiu3,暂无
浦东·川沙,渠(渠),[空],jiu2(dʑy²¹³),jiu2,暂无
浦东·川沙,瞿(瞿),[空],jiu2(dʑy²¹³),jiu2,暂无
浦东·川沙,馗(馗),钟~轴子,jiu2(dʑy²¹³),jiu2,暂无
浦东·川沙,巨(巨),[空],jiu2(dʑy²¹³),jiu2,暂无
浦东·川沙,拒(拒),[空],jiu2(dʑy²¹³),jiu2,暂无
浦东·川沙,炬(炬),[空],jiu2(dʑy²¹³),jiu2,暂无
浦东·川沙,距(距),[空],jiu2(dʑy²¹³),jiu2,暂无
浦东·川沙,跪(跪),白,jiu2(dʑy²¹³),jiu2,暂无
浦东·川沙,俱(俱),家~,jiu6(dʑy¹³),jiu6,暂无
浦东·川沙,具(具),[空],jiu6(dʑy¹³),jiu6,暂无
浦东·川沙,惧(懼),[空],jiu6(dʑy¹³),jiu6,暂无
浦东·川沙,柜(櫃),白,jiu6(dʑy¹³),jiu6,暂无
浦东·川沙,于(于),[空],yu2(ɦy²¹³),yu2,暂无
浦东·川沙,余(余),[空],yu2(ɦy²¹³),yu2,暂无
浦东·川沙,围(圍),~巾,yu2(ɦy²¹³),yu2,暂无
浦东·川沙,圩(圩),~塘,yu2(ɦy²¹³),yu2,暂无
浦东·川沙,愉(愉),[空],yu2(ɦy²¹³),yu2,暂无
浦东·川沙,榆(榆),[空],yu2(ɦy²¹³),yu2,暂无
浦东·川沙,渝(渝),[空],yu2(ɦy²¹³),yu2,暂无
浦东·川沙,渔(漁),[空],yu2(ɦy²¹³),yu2,暂无
浦东·川沙,盂(盂),[空],yu2(ɦy²¹³),yu2,暂无
浦东·川沙,逾(逾),[空],yu2(ɦy²¹³),yu2,暂无
浦东·川沙,余(餘),[空],yu2(ɦy²¹³),yu2,暂无
浦东·川沙,鱼(魚),[空],yu2(ɦy²¹³),yu2,暂无
浦东·川沙,宇(宇),[空],yu2(ɦy²¹³),yu2,暂无
浦东·川沙,愈(愈),[空],yu2(ɦy²¹³),yu2,暂无
浦东·川沙,禹(禹),[空],yu2(ɦy²¹³),yu2,暂无
浦东·川沙,羽(羽),[空],yu2(ɦy²¹³),yu2,暂无
浦东·川沙,与(與),[空],yu2(ɦy²¹³),yu2,暂无
浦东·川沙,雨(雨),[空],yu2(ɦy²¹³),yu2,暂无
浦东·川沙,吁(籲),呼~,yu6(ɦy¹³),yu6,暂无
浦东·川沙,喻(喻),[空],yu6(ɦy¹³),yu6,暂无
浦东·川沙,芋(芋),[空],yu6(ɦy¹³),yu6,暂无
浦东·川沙,裕(裕),[空],yu6(ɦy¹³),yu6,暂无
浦东·川沙,誉(譽),[空],yu6(ɦy¹³),yu6,暂无
浦东·川沙,豫(豫),[空],yu6(ɦy¹³),yu6,暂无
浦东·川沙,预(預),[空],yu6(ɦy¹³),yu6,暂无
浦东·川沙,纬(緯),~纱。白,yu6(ɦy¹³),yu6,暂无
浦东·川沙,侣(侶),【校】原文作阴平，显误，径改,liu2(ly²¹³),liu2,暂无
浦东·川沙,吕(呂),【校】原文作阴平，显误，径改,liu2(ly²¹³),liu2,暂无
浦东·川沙,屡(屢),【校】原文作阴平，显误，径改,liu2(ly²¹³),liu2,暂无
浦东·川沙,旅(旅),【校】原文作阴平，显误，径改,liu2(ly²¹³),liu2,暂无
浦东·川沙,缕(縷),【校】原文作阴平，显误，径改,liu2(ly²¹³),liu2,暂无
浦东·川沙,铝(鋁),【校】原文作阴平，显误，径改,liu2(ly²¹³),liu2,暂无
浦东·川沙,履(履),[空],liu2(ly²¹³),liu2,暂无
浦东·川沙,旅(旅),[空],liu2(ly²¹³),liu2,暂无
浦东·川沙,虑(慮),[空],liu6(ly¹³),liu6,暂无
浦东·川沙,滤(濾),[空],liu6(ly¹³),liu6,暂无
浦东·川沙,娱(娛),[空],gniu2(ȵy²¹³),gniu2,暂无
浦东·川沙,愚(愚),[空],gniu2(ȵy²¹³),gniu2,暂无
浦东·川沙,虞(虞),[空],gniu2(ȵy²¹³),gniu2,暂无
浦东·川沙,女(女),[空],gniu2(ȵy²¹³),gniu2,暂无
浦东·川沙,语(語),[空],gniu2(ȵy²¹³),gniu2,暂无
浦东·川沙,寓(寓),[空],gniu6(ȵy¹³),gniu6,暂无
浦东·川沙,御(禦),[空],gniu6(ȵy¹³),gniu6,暂无
浦东·川沙,遇(遇),[空],gniu6(ȵy¹³),gniu6,暂无
浦东·川沙,书(書),[空],siu1(sy⁵³),siu1,暂无
浦东·川沙,舒(舒),[空],siu1(sy⁵³),siu1,暂无
浦东·川沙,输(輸),[空],siu1(sy⁵³),siu1,暂无
浦东·川沙,需(需),[空],siu1(sy⁵³),siu1,暂无
浦东·川沙,须(須),[空],siu1(sy⁵³),siu1,暂无
浦东·川沙,数(數),~~看,siu3(sy⁴⁴),siu3,暂无
浦东·川沙,暑(暑),[空],siu3(sy⁴⁴),siu3,暂无
浦东·川沙,泰(泰),[空],siu3(sy⁴⁴),siu3,暂无
浦东·川沙,鼠(鼠),[空],siu3(sy⁴⁴),siu3,暂无
浦东·川沙,庶(庶),[空],siu5(sy³⁵),siu5,暂无
浦东·川沙,恕(恕),[空],siu5(sy³⁵),siu5,暂无
浦东·川沙,戍(戍),[空],siu5(sy³⁵),siu5,暂无
浦东·川沙,俱(俱),一应~全,ciu1(tɕy⁵³),ciu1,暂无
浦东·川沙,居(居),[空],ciu1(tɕy⁵³),ciu1,暂无
浦东·川沙,拘(拘),[空],ciu1(tɕy⁵³),ciu1,暂无
浦东·川沙,归(歸),~去。白,ciu1(tɕy⁵³),ciu1,暂无
浦东·川沙,炮(炮),[空],ciu1(tɕy⁵³),ciu1,暂无
浦东·川沙,车(車),~马炮,ciu1(tɕy⁵³),ciu1,暂无
浦东·川沙,驹(駒),[空],ciu1(tɕy⁵³),ciu1,暂无
浦东·川沙,龟(龜),白,ciu1(tɕy⁵³),ciu1,暂无
浦东·川沙,矩(矩),[空],ciu3(tɕy⁴⁴),ciu3,暂无
浦东·川沙,鬼(鬼),白,ciu3(tɕy⁴⁴),ciu3,暂无
浦东·川沙,句(句),[空],ciu5(tɕy³⁵),ciu5,暂无
浦东·川沙,据(據),[空],ciu5(tɕy³⁵),ciu5,暂无
浦东·川沙,举(舉),[空],ciu5(tɕy³⁵),ciu5,暂无
浦东·川沙,苣(苣),莴~笋,ciu5(tɕy³⁵),ciu5,暂无
浦东·川沙,贵(貴),价钿~。白,ciu5(tɕy³⁵),ciu5,暂无
浦东·川沙,区(區),[空],chiu1(tɕʰy⁵³),chiu1,暂无
浦东·川沙,亏(虧),吃~。白,chiu1(tɕʰy⁵³),chiu1,暂无
浦东·川沙,驱(驅),[空],chiu1(tɕʰy⁵³),chiu1,暂无
浦东·川沙,去(去),[空],chiu5(tɕʰy³⁵),chiu5,暂无
浦东·川沙,朱(朱),[空],tsiu1(tsy⁵³),tsiu1,暂无
浦东·川沙,株(株),[空],tsiu1(tsy⁵³),tsiu1,暂无
浦东·川沙,殊(殊),[空],tsiu1(tsy⁵³),tsiu1,暂无
浦东·川沙,珠(珠),[空],tsiu1(tsy⁵³),tsiu1,暂无
浦东·川沙,蛛(蛛),[空],tsiu1(tsy⁵³),tsiu1,暂无
浦东·川沙,诛(誅),[空],tsiu1(tsy⁵³),tsiu1,暂无
浦东·川沙,诸(諸),[空],tsiu1(tsy⁵³),tsiu1,暂无
浦东·川沙,主(主),[空],tsiu3(tsy⁴⁴),tsiu3,暂无
浦东·川沙,注(注),[空],tsiu5(tsy³⁵),tsiu5,暂无
浦东·川沙,疰(疰),~夏,tsiu5(tsy³⁵),tsiu5,暂无
浦东·川沙,着(著),~名,tsiu5(tsy³⁵),tsiu5,暂无
浦东·川沙,蛀(蛀),[空],tsiu5(tsy³⁵),tsiu5,暂无
浦东·川沙,铸(鑄),[空],tsiu5(tsy³⁵),tsiu5,暂无
浦东·川沙,驻(駐),[空],tsiu5(tsy³⁵),tsiu5,暂无
浦东·川沙,趋(趨),[空],tshiu1(tsʰy⁵³),tshiu1,暂无
浦东·川沙,取(取),[空],tshiu3(tsʰy⁴⁴),tshiu3,暂无
浦东·川沙,娶(娶),[空],tshiu3(tsʰy⁴⁴),tshiu3,暂无
浦东·川沙,杵(杵),[空],tshiu3(tsʰy⁴⁴),tshiu3,暂无
浦东·川沙,处(處),相~,tshiu3(tsʰy⁴⁴),tshiu3,暂无
浦东·川沙,处(處),~所,tshiu5(tsʰy³⁵),tshiu5,暂无
浦东·川沙,趣(趣),[空],tshiu5(tsʰy³⁵),tshiu5,暂无
浦东·川沙,□(□),漂亮,tshiu5(tsʰy³⁵),tshiu5,暂无
浦东·川沙,储(儲),[空],ziu2(zy²¹³),ziu2,暂无
浦东·川沙,如(如),[空],ziu2(zy²¹³),ziu2,暂无
浦东·川沙,厨(廚),[空],ziu2(zy²¹³),ziu2,暂无
浦东·川沙,橱(櫥),[空],ziu2(zy²¹³),ziu2,暂无
浦东·川沙,殊(殊),[空],ziu2(zy²¹³),ziu2,暂无
浦东·川沙,除(除),[空],ziu2(zy²¹³),ziu2,暂无
浦东·川沙,乳(乳),[空],ziu2(zy²¹³),ziu2,暂无
浦东·川沙,儒(儒),[空],ziu2(zy²¹³),ziu2,暂无
浦东·川沙,序(序),[空],ziu2(zy²¹³),ziu2,暂无
浦东·川沙,叙(敘),[空],ziu2(zy²¹³),ziu2,暂无
浦东·川沙,曙(曙),[空],ziu2(zy²¹³),ziu2,暂无
浦东·川沙,柱(柱),[空],ziu2(zy²¹³),ziu2,暂无
浦东·川沙,汝(汝),[空],ziu2(zy²¹³),ziu2,暂无
浦东·川沙,绪(緒),[空],ziu2(zy²¹³),ziu2,暂无
浦东·川沙,聚(聚),[空],ziu2(zy²¹³),ziu2,暂无
浦东·川沙,苎(苧),~麻,ziu2(zy²¹³),ziu2,暂无
浦东·川沙,竖(豎),[空],ziu2(zy²¹³),ziu2,暂无
浦东·川沙,住(住),[空],ziu6(zy¹³),ziu6,暂无
浦东·川沙,树(樹),[空],ziu6(zy¹³),ziu6,暂无
浦东·川沙,署(署),[空],ziu6(zy¹³),ziu6,暂无
浦东·川沙,薯(薯),[空],ziu6(zy¹³),ziu6,暂无
浦东·川沙,淤(淤),[空],iu1(y⁵³),iu1,暂无
浦东·川沙,瘀(瘀),[空],iu1(y⁵³),iu1,暂无
浦东·川沙,与(與),~众不同,iu1(y⁵³),iu1,暂无
浦东·川沙,迂(迂),[空],iu1(y⁵³),iu1,暂无
浦东·川沙,椅(椅),[空],iu3(y⁴⁴),iu3,暂无
浦东·川沙,喂(餵),~饭。白,iu5(y³⁵),iu5,暂无
浦东·川沙,勋(勳),[空],shiun1(ɕyn⁵³),shiun1,暂无
浦东·川沙,熏(熏),[空],shiun1(ɕyn⁵³),shiun1,暂无
浦东·川沙,熏(薰),[空],shiun1(ɕyn⁵³),shiun1,暂无
浦东·川沙,训(訓),[空],shiun5(ɕyn³⁵),shiun5,暂无
浦东·川沙,驯(馴),[空],shiun5(ɕyn³⁵),shiun5,暂无
浦东·川沙,群(群),[空],jiun2(dʑyn²¹³),jiun2,暂无
浦东·川沙,芹(芹),~菜,jiun2(dʑyn²¹³),jiun2,暂无
浦东·川沙,裙(裙),[空],jiun2(dʑyn²¹³),jiun2,暂无
浦东·川沙,郡(郡),[空],jiun6(dʑyn¹³),jiun6,暂无
浦东·川沙,云(云),[空],yun2(ɦyn²¹³),yun2,暂无
浦东·川沙,匀(勻),[空],yun2(ɦyn²¹³),yun2,暂无
浦东·川沙,寅(寅),~卯勿通光,yun2(ɦyn²¹³),yun2,暂无
浦东·川沙,盈(盈),[空],yun2(ɦyn²¹³),yun2,暂无
浦东·川沙,云(雲),[空],yun2(ɦyn²¹³),yun2,暂无
浦东·川沙,允(允),[空],yun2(ɦyn²¹³),yun2,暂无
浦东·川沙,孕(孕),[空],yun6(ɦyn¹³),yun6,暂无
浦东·川沙,晕(暈),[空],yun6(ɦyn¹³),yun6,暂无
浦东·川沙,熨(熨),[空],yun6(ɦyn¹³),yun6,暂无
浦东·川沙,运(運),[空],yun6(ɦyn¹³),yun6,暂无
浦东·川沙,韵(韻),[空],yun6(ɦyn¹³),yun6,暂无
浦东·川沙,君(君),[空],ciun1(tɕyn⁵³),ciun1,暂无
浦东·川沙,均(均),[空],ciun1(tɕyn⁵³),ciun1,暂无
浦东·川沙,军(軍),[空],ciun1(tɕyn⁵³),ciun1,暂无
浦东·川沙,钧(鈞),[空],ciun1(tɕyn⁵³),ciun1,暂无
浦东·川沙,窘(窘),[空],ciun5(tɕyn³⁵),ciun5,暂无
浦东·川沙,菌(菌),[空],chiun1(tɕʰyn⁵³),chiun1,暂无
浦东·川沙,喧(喧),[空],shioe1(ɕyø⁵³),shioe1,暂无
浦东·川沙,揎(揎),~一记，打,shioe1(ɕyø⁵³),shioe1,暂无
浦东·川沙,□(□),~到上海，赶路,shioe1(ɕyø⁵³),shioe1,暂无
浦东·川沙,楦(楦),[空],shioe5(ɕyø³⁵),shioe5,暂无
浦东·川沙,拳(拳),[空],jioe2(dʑyø²¹³),jioe2,暂无
浦东·川沙,权(權),[空],jioe2(dʑyø²¹³),jioe2,暂无
浦东·川沙,蜷(踡),人~气，蜷缩,jioe2(dʑyø²¹³),jioe2,暂无
浦东·川沙,圈(圈),猪~,jioe2(dʑyø²¹³),jioe2,暂无
浦东·川沙,□(□),纸头~成一团，揉搓,jioe2(dʑyø²¹³),jioe2,暂无
浦东·川沙,倦(倦),[空],jioe6(dʑyø¹³),jioe6,暂无
浦东·川沙,元(元),[空],yoe2(ɦyø²¹³),yoe2,暂无
浦东·川沙,员(員),[空],yoe2(ɦyø²¹³),yoe2,暂无
浦东·川沙,园(園),[空],yoe2(ɦyø²¹³),yoe2,暂无
浦东·川沙,圆(圓),[空],yoe2(ɦyø²¹³),yoe2,暂无
浦东·川沙,悬(懸),[空],yoe2(ɦyø²¹³),yoe2,暂无
浦东·川沙,援(援),[空],yoe2(ɦyø²¹³),yoe2,暂无
浦东·川沙,渊(淵),[空],yoe2(ɦyø²¹³),yoe2,暂无
浦东·川沙,玄(玄),[空],yoe2(ɦyø²¹³),yoe2,暂无
浦东·川沙,缘(緣),[空],yoe2(ɦyø²¹³),yoe2,暂无
浦东·川沙,袁(袁),[空],yoe2(ɦyø²¹³),yoe2,暂无
浦东·川沙,辕(轅),[空],yoe2(ɦyø²¹³),yoe2,暂无
浦东·川沙,远(遠),[空],yoe2(ɦyø²¹³),yoe2,暂无
浦东·川沙,阮(阮),[空],yoe2(ɦyø²¹³),yoe2,暂无
浦东·川沙,眩(眩),头~，眩晕,yoe6(ɦyø¹³),yoe6,暂无
浦东·川沙,县(縣),[空],yoe6(ɦyø¹³),yoe6,暂无
浦东·川沙,院(院),[空],yoe6(ɦyø¹³),yoe6,暂无
浦东·川沙,元(元),[空],gnioe2(ȵyø²¹³),gnioe2,暂无
浦东·川沙,原(原),[空],gnioe2(ȵyø²¹³),gnioe2,暂无
浦东·川沙,源(源),[空],gnioe2(ȵyø²¹³),gnioe2,暂无
浦东·川沙,软(軟),[空],gnioe2(ȵyø²¹³),gnioe2,暂无
浦东·川沙,愿(願),[空],gnioe6(ȵyø¹³),gnioe6,暂无
浦东·川沙,娟(娟),[空],cioe1(tɕyø⁵³),cioe1,暂无
浦东·川沙,捐(捐),[空],cioe1(tɕyø⁵³),cioe1,暂无
浦东·川沙,鹃(鵑),[空],cioe1(tɕyø⁵³),cioe1,暂无
浦东·川沙,卷(卷),~起来,cioe3(tɕyø⁴⁴),cioe3,暂无
浦东·川沙,卷(卷),~子,cioe5(tɕyø³⁵),cioe5,暂无
浦东·川沙,娟(娟),[空],cioe5(tɕyø³⁵),cioe5,暂无
浦东·川沙,眷(眷),[空],cioe5(tɕyø³⁵),cioe5,暂无
浦东·川沙,圈(圈),~子,chioe1(tɕʰyø⁵³),chioe1,暂无
浦东·川沙,券(券),[空],chioe3(tɕʰyø⁴⁴),chioe3,暂无
浦东·川沙,犬(犬),[空],chioe3(tɕʰyø⁴⁴),chioe3,暂无
浦东·川沙,劝(勸),[空],chioe5(tɕʰyø³⁵),chioe5,暂无
浦东·川沙,冤(冤),[空],ioe1(yø⁵³),ioe1,暂无
浦东·川沙,鸳(鴛),[空],ioe1(yø⁵³),ioe1,暂无
浦东·川沙,怨(怨),[空],ioe5(yø³⁵),ioe5,暂无
浦东·川沙,噱(噱),~头,shioeq7(ɕyœʔ⁵),shioeq7,暂无
浦东·川沙,血(血),[空],shioeq7(ɕyœʔ⁵),shioeq7,暂无
浦东·川沙,倔(倔),[空],jioeq8(dʑyœʔ²³),jioeq8,暂无
浦东·川沙,掘(掘),[空],jioeq8(dʑyœʔ²³),jioeq8,暂无
浦东·川沙,□(□),~出去，气鼓鼓地走开,jioeq8(dʑyœʔ²³),jioeq8,暂无
浦东·川沙,悦(悅),[空],yoeq8(ɦyœʔ²³),yoeq8,暂无
浦东·川沙,曰(曰),[空],yoeq8(ɦyœʔ²³),yoeq8,暂无
浦东·川沙,月(月),[空],yoeq8(ɦyœʔ²³),yoeq8,暂无
浦东·川沙,穴(穴),[空],yoeq8(ɦyœʔ²³),yoeq8,暂无
浦东·川沙,粤(粵),[空],yoeq8(ɦyœʔ²³),yoeq8,暂无
浦东·川沙,越(越),[空],yoeq8(ɦyœʔ²³),yoeq8,暂无
浦东·川沙,阅(閱),[空],yoeq8(ɦyœʔ²³),yoeq8,暂无
浦东·川沙,月(月),[空],gnioeq8(ȵyœʔ²³),gnioeq8,暂无
浦东·川沙,厥(厥),[空],cioeq7(tɕyœʔ⁵),cioeq7,暂无
浦东·川沙,掬(掬),[空],cioeq7(tɕyœʔ⁵),cioeq7,暂无
浦东·川沙,橘(橘),[空],cioeq7(tɕyœʔ⁵),cioeq7,暂无
浦东·川沙,决(決),[空],cioeq7(tɕyœʔ⁵),cioeq7,暂无
浦东·川沙,菊(菊),[空],cioeq7(tɕyœʔ⁵),cioeq7,暂无
浦东·川沙,诀(訣),[空],cioeq7(tɕyœʔ⁵),cioeq7,暂无
浦东·川沙,鞠(鞠),[空],cioeq7(tɕyœʔ⁵),cioeq7,暂无
浦东·川沙,屈(屈),[空],chioeq7(tɕʰyœʔ⁵),chioeq7,暂无
浦东·川沙,缺(缺),[空],chioeq7(tɕʰyœʔ⁵),chioeq7,暂无
浦东·川沙,□(□),~纸头，折叠,ioeq7(yœʔ⁵),ioeq7,暂无