where,word,mean,pinYin,pinYinSearch,Pronunciation
宝山·罗泾,嬉(嬉),[空],shi1(ɕi⁵²),shi1,暂无
宝山·罗泾,彭(彭),[空],ban2(bã²³¹),ban2,暂无
宝山·罗泾,朽(朽),[空],shiu3(ɕy³³⁴),shiu3,暂无
宝山·罗泾,蚌(蚌),[空],ban6(bã²¹³),ban6,暂无
宝山·罗泾,粤(粵),[空],ioq7(ʔioʔ⁴),ioq7,暂无
宝山·罗泾,拔(拔),[空],baq8(bᴀʔ¹²),baq8,暂无
宝山·罗泾,朋(朋),[空],ban2(bã²³¹),ban2,暂无
宝山·罗泾,棚(棚),[空],ban2(bã²³¹),ban2,暂无
宝山·罗泾,膨(膨),[空],ban2(bã²³¹),ban2,暂无
宝山·罗泾,排(排),[空],ba2(bɑ²³¹),ba2,暂无
宝山·罗泾,牌(牌),[空],ba2(bɑ²³¹),ba2,暂无
宝山·罗泾,旁(旁),[空],baon2(bɒ̃²³¹),baon2,暂无
宝山·罗泾,滂(滂),[空],baon2(bɒ̃²³¹),baon2,暂无
宝山·罗泾,螃(螃),[空],baon2(bɒ̃²³¹),baon2,暂无
宝山·罗泾,防(防),[空],baon2(bɒ̃²³¹),baon2,暂无
宝山·罗泾,庞(龐),[空],baon2(bɒ̃²³¹),baon2,暂无
宝山·罗泾,败(敗),[空],ba6(bɑ²¹³),ba6,暂无
宝山·罗泾,稗(稗),[空],ba6(bɑ²¹³),ba6,暂无
宝山·罗泾,罢(罷),[空],ba6(bɑ²¹³),ba6,暂无
宝山·罗泾,傍(傍),[空],baon6(bɒ̃²¹³),baon6,暂无
宝山·罗泾,棒(棒),[空],baon6(bɒ̃²¹³),baon6,暂无
宝山·罗泾,白(白),[空],baq8(bᴀʔ¹²),baq8,暂无
宝山·罗泾,钹(鈸),[空],baq8(bᴀʔ¹²),baq8,暂无
宝山·罗泾,刨(刨),[空],bau2(bɔ²³¹),bau2,暂无
宝山·罗泾,袍(袍),[空],bau2(bɔ²³¹),bau2,暂无
宝山·罗泾,跑(跑),[空],bau2(bɔ²³¹),bau2,暂无
宝山·罗泾,抱(抱),[空],bau6(bɔ²¹³),bau6,暂无
宝山·罗泾,暴(暴),[空],bau6(bɔ²¹³),bau6,暂无
宝山·罗泾,曝(曝),[空],bau6(bɔ²¹³),bau6,暂无
宝山·罗泾,瀑(瀑),[空],bau6(bɔ²¹³),bau6,暂无
宝山·罗泾,爆(爆),~炸,bau6(bɔ²¹³),bau6,暂无
宝山·罗泾,刨(鉋),[空],bau6(bɔ²¹³),bau6,暂无
宝山·罗泾,雹(雹),[空],bau6(bɔ²¹³),bau6,暂无
宝山·罗泾,鲍(鮑),[空],bau6(bɔ²¹³),bau6,暂无
宝山·罗泾,爿(爿),[空],bae2(bɛ²³¹),bae2,暂无
宝山·罗泾,盆(盆),[空],ben2(bɛ̃²³¹),ben2,暂无
宝山·罗泾,盟(盟),[空],ben2(bɛ̃²³¹),ben2,暂无
宝山·罗泾,办(辦),[空],bae6(bɛ²¹³),bae6,暂无
宝山·罗泾,笨(笨),[空],ben6(bɛ̃²¹³),ben6,暂无
宝山·罗泾,勃(勃),[空],beq8(bəʔ¹²),beq8,暂无
宝山·罗泾,馍(饃),[空],beq8(bəʔ¹²),beq8,暂无
宝山·罗泾,杷(杷),[空],beu2(bɤ²³¹),beu2,暂无
宝山·罗泾,爬(爬),[空],beu2(bɤ²³¹),beu2,暂无
宝山·罗泾,琶(琶),[空],beu2(bɤ²³¹),beu2,暂无
宝山·罗泾,罢(罷),[空],beu6(bɤ²¹³),beu6,暂无
宝山·罗泾,耙(耙),[空],beu6(bɤ²¹³),beu6,暂无
宝山·罗泾,便(便),~宜,bie2(bɪ²³¹),bie2,暂无
宝山·罗泾,琵(琵),[空],bi2(bi²³¹),bi2,暂无
宝山·罗泾,疲(疲),[空],bi2(bi²³¹),bi2,暂无
宝山·罗泾,皮(皮),[空],bi2(bi²³¹),bi2,暂无
宝山·罗泾,盘(盤),[空],bie2(bɪ²³¹),bie2,暂无
宝山·罗泾,肥(肥),~皂,bi2(bi²³¹),bi2,暂无
宝山·罗泾,脾(脾),[空],bi2(bi²³¹),bi2,暂无
宝山·罗泾,坪(坪),[空],bin2(bɪ̃²³¹),bin2,暂无
宝山·罗泾,屏(屏),[空],bin2(bɪ̃²³¹),bin2,暂无
宝山·罗泾,平(平),[空],bin2(bɪ̃²³¹),bin2,暂无
宝山·罗泾,凭(憑),[空],bin2(bɪ̃²³¹),bin2,暂无
宝山·罗泾,瓶(瓶),[空],bin2(bɪ̃²³¹),bin2,暂无
宝山·罗泾,萍(萍),[空],bin2(bɪ̃²³¹),bin2,暂无
宝山·罗泾,评(評),[空],bin2(bɪ̃²³¹),bin2,暂无
宝山·罗泾,贫(貧),[空],bin2(bɪ̃²³¹),bin2,暂无
宝山·罗泾,频(頻),[空],bin2(bɪ̃²³¹),bin2,暂无
宝山·罗泾,伴(伴),[空],bie6(bɪ²¹³),bie6,暂无
宝山·罗泾,便(便),方~,bie6(bɪ²¹³),bie6,暂无
宝山·罗泾,叛(叛),[空],bie6(bɪ²¹³),bie6,暂无
宝山·罗泾,婢(婢),[空],bi6(bi²¹³),bi6,暂无
宝山·罗泾,币(幣),[空],bi6(bi²¹³),bi6,暂无
宝山·罗泾,弊(弊),[空],bi6(bi²¹³),bi6,暂无
宝山·罗泾,拌(拌),[空],bie6(bɪ²¹³),bie6,暂无
宝山·罗泾,敝(敝),[空],bi6(bi²¹³),bi6,暂无
宝山·罗泾,毙(斃),[空],bi6(bi²¹³),bi6,暂无
宝山·罗泾,汴(汴),[空],bie6(bɪ²¹³),bie6,暂无
宝山·罗泾,痹(痺),[空],bi6(bi²¹³),bi6,暂无
宝山·罗泾,绊(絆),[空],bie6(bɪ²¹³),bie6,暂无
宝山·罗泾,蔽(蔽),[空],bi6(bi²¹³),bi6,暂无
宝山·罗泾,被(被),~頭,bi6(bi²¹³),bi6,暂无
宝山·罗泾,辨(辨),[空],bie6(bɪ²¹³),bie6,暂无
宝山·罗泾,辫(辮),[空],bie6(bɪ²¹³),bie6,暂无
宝山·罗泾,辩(辯),[空],bie6(bɪ²¹³),bie6,暂无
宝山·罗泾,避(避),[空],bi6(bi²¹³),bi6,暂无
宝山·罗泾,鐾(鐾),[空],bi6(bi²¹³),bi6,暂无
宝山·罗泾,并(並),[空],bin6(bɪ̃²¹³),bin6,暂无
宝山·罗泾,病(病),[空],bin6(bɪ̃²¹³),bin6,暂无
宝山·罗泾,嫖(嫖),[空],biau2(biɔ²³¹),biau2,暂无
宝山·罗泾,瓢(瓢),[空],biau2(biɔ²³¹),biau2,暂无
宝山·罗泾,鳔(鰾),[空],biau6(biɔ²¹³),biau6,暂无
宝山·罗泾,别(別),[空],biq8(bɪʔ¹²),biq8,暂无
宝山·罗泾,弼(弼),[空],biq8(bɪʔ¹²),biq8,暂无
宝山·罗泾,枇(枇),[空],biq8(bɪʔ¹²),biq8,暂无
宝山·罗泾,鼻(鼻),[空],biq8(bɪʔ¹²),biq8,暂无
宝山·罗泾,篷(篷),[空],bon2(boŋ²³¹),bon2,暂无
宝山·罗泾,蓬(蓬),[空],bon2(boŋ²³¹),bon2,暂无
宝山·罗泾,缚(縛),[空],boq8(boʔ¹²),boq8,暂无
宝山·罗泾,薄(薄),[空],boq8(boʔ¹²),boq8,暂无
宝山·罗泾,婆(婆),[空],bu2(bu²³¹),bu2,暂无
宝山·罗泾,孵(孵),[空],bu2(bu²³¹),bu2,暂无
宝山·罗泾,脯(脯),胸~,bu2(bu²³¹),bu2,暂无
宝山·罗泾,菩(菩),[空],bu2(bu²³¹),bu2,暂无
宝山·罗泾,蒲(蒲),[空],bu2(bu²³¹),bu2,暂无
宝山·罗泾,埠(埠),[空],bu6(bu²¹³),bu6,暂无
宝山·罗泾,捕(捕),[空],bu6(bu²¹³),bu6,暂无
宝山·罗泾,步(步),[空],bu6(bu²¹³),bu6,暂无
宝山·罗泾,簿(簿),[空],bu6(bu²¹³),bu6,暂无
宝山·罗泾,部(部),[空],bu6(bu²¹³),bu6,暂无
宝山·罗泾,阜(阜),[空],bu6(bu²¹³),bu6,暂无
宝山·罗泾,培(培),[空],bai2(bʌɜ²³¹),bai2,暂无
宝山·罗泾,裴(裴),[空],bai2(bʌɜ²³¹),bai2,暂无
宝山·罗泾,赔(賠),[空],bai2(bʌɜ²³¹),bai2,暂无
宝山·罗泾,陪(陪),[空],bai2(bʌɜ²³¹),bai2,暂无
宝山·罗泾,佩(佩),[空],bai6(bʌɜ²¹³),bai6,暂无
宝山·罗泾,倍(倍),[空],bai6(bʌɜ²¹³),bai6,暂无
宝山·罗泾,备(備),[空],bai6(bʌɜ²¹³),bai6,暂无
宝山·罗泾,焙(焙),[空],bai6(bʌɜ²¹³),bai6,暂无
宝山·罗泾,痱(疿),[空],bai6(bʌɜ²¹³),bai6,暂无
宝山·罗泾,被(被),~迫,bai6(bʌɜ²¹³),bai6,暂无
宝山·罗泾,希(希),[空],shi1(ɕi⁵²),shi1,暂无
宝山·罗泾,熙(熙),[空],shi1(ɕi⁵²),shi1,暂无
宝山·罗泾,牺(犧),[空],shi1(ɕi⁵²),shi1,暂无
宝山·罗泾,稀(稀),[空],shi1(ɕi⁵²),shi1,暂无
宝山·罗泾,轩(軒),[空],shie1(ɕɪ⁵²),shie1,暂无
宝山·罗泾,勋(勳),[空],shin1(ɕɪ̃⁵²),shin1,暂无
宝山·罗泾,掀(掀),[空],shin1(ɕɪ̃⁵²),shin1,暂无
宝山·罗泾,欣(欣),[空],shin1(ɕɪ̃⁵²),shin1,暂无
宝山·罗泾,熏(熏),[空],shin1(ɕɪ̃⁵²),shin1,暂无
宝山·罗泾,兴(興),~旺,shin1(ɕɪ̃⁵²),shin1,暂无
宝山·罗泾,薰(薰),[空],shin1(ɕɪ̃⁵²),shin1,暂无
宝山·罗泾,馨(馨),[空],shin1(ɕɪ̃⁵²),shin1,暂无
宝山·罗泾,喜(喜),[空],shi3(ɕi³³⁴),shi3,暂无
宝山·罗泾,徙(徙),[空],shi3(ɕi³³⁴),shi3,暂无
宝山·罗泾,宪(憲),[空],shie3(ɕɪ³³⁴),shie3,暂无
宝山·罗泾,戏(戲),[空],shi3(ɕi³³⁴),shi3,暂无
宝山·罗泾,携(攜),[空],shi3(ɕi³³⁴),shi3,暂无
宝山·罗泾,杞(杞),[空],shi3(ɕi³³⁴),shi3,暂无
宝山·罗泾,献(獻),[空],shie3(ɕɪ³³⁴),shie3,暂无
宝山·罗泾,玺(璽),[空],shi3(ɕi³³⁴),shi3,暂无
宝山·罗泾,系(繫),聯~,shi3(ɕi³³⁴),shi3,暂无
宝山·罗泾,苋(莧),[空],shie3(ɕɪ³³⁴),shie3,暂无
宝山·罗泾,险(險),[空],shie3(ɕɪ³³⁴),shie3,暂无
宝山·罗泾,显(顯),[空],shie3(ɕɪ³³⁴),shie3,暂无
宝山·罗泾,磬(磬),[空],shin3(ɕɪ̃³³⁴),shin3,暂无
宝山·罗泾,兴(興),高~,shin3(ɕɪ̃³³⁴),shin3,暂无
宝山·罗泾,训(訓),[空],shin3(ɕɪ̃³³⁴),shin3,暂无
宝山·罗泾,衅(釁),[空],shin3(ɕɪ̃³³⁴),shin3,暂无
宝山·罗泾,乡(鄉),[空],shian1(ɕiã⁵²),shian1,暂无
宝山·罗泾,香(香),[空],shian1(ɕiã⁵²),shian1,暂无
宝山·罗泾,享(享),[空],shian3(ɕiã³³⁴),shian3,暂无
宝山·罗泾,向(向),[空],shian3(ɕiã³³⁴),shian3,暂无
宝山·罗泾,晌(晌),[空],shian3(ɕiã³³⁴),shian3,暂无
宝山·罗泾,响(響),[空],shian3(ɕiã³³⁴),shian3,暂无
宝山·罗泾,饷(餉),[空],shian3(ɕiã³³⁴),shian3,暂无
宝山·罗泾,峡(峽),[空],shiaq7(ɕiᴀʔ⁴),shiaq7,暂无
宝山·罗泾,嚣(囂),[空],shiau1(ɕiɔ⁵²),shiau1,暂无
宝山·罗泾,尧(堯),[空],shiau1(ɕiɔ⁵²),shiau1,暂无
宝山·罗泾,侥(僥),[空],shiau3(ɕiɔ³³⁴),shiau3,暂无
宝山·罗泾,孝(孝),文,shiau3(ɕiɔ³³⁴),shiau3,暂无
宝山·罗泾,酵(酵),文,shiau3(ɕiɔ³³⁴),shiau3,暂无
宝山·罗泾,㧦(㧦),打一頓,shieu1(ɕiɤ⁵²),shieu1,暂无
宝山·罗泾,兄(兄),[空],shion1(ɕioŋ⁵²),shion1,暂无
宝山·罗泾,凶(兇),[空],shion1(ɕioŋ⁵²),shion1,暂无
宝山·罗泾,凶(凶),[空],shion1(ɕioŋ⁵²),shion1,暂无
宝山·罗泾,胸(胸),[空],shion1(ɕioŋ⁵²),shion1,暂无
宝山·罗泾,恤(恤),[空],shioq7(ɕioʔ⁴),shioq7,暂无
宝山·罗泾,畜(畜),~牧,shioq7(ɕioʔ⁴),shioq7,暂无
宝山·罗泾,蓄(蓄),[空],shioq7(ɕioʔ⁴),shioq7,暂无
宝山·罗泾,血(血),[空],shioq7(ɕioʔ⁴),shioq7,暂无
宝山·罗泾,吸(吸),[空],shiq7(ɕɪʔ⁴),shiq7,暂无
宝山·罗泾,歇(歇),[空],shiq7(ɕɪʔ⁴),shiq7,暂无
宝山·罗泾,胁(脅),[空],shiq7(ɕɪʔ⁴),shiq7,暂无
宝山·罗泾,蝎(蠍),[空],shiq7(ɕɪʔ⁴),shiq7,暂无
宝山·罗泾,休(休),[空],shiu1(ɕy⁵²),shiu1,暂无
宝山·罗泾,吁(吁),[空],shiu1(ɕy⁵²),shiu1,暂无
宝山·罗泾,嘘(噓),[空],shiu1(ɕy⁵²),shiu1,暂无
宝山·罗泾,墟(墟),[空],shiu1(ɕy⁵²),shiu1,暂无
宝山·罗泾,虚(虛),[空],shiu1(ɕy⁵²),shiu1,暂无
宝山·罗泾,靴(靴),[空],shiu1(ɕy⁵²),shiu1,暂无
宝山·罗泾,嗅(嗅),[空],shiu3(ɕy³³⁴),shiu3,暂无
宝山·罗泾,楦(楦),[空],shiu3(ɕy³³⁴),shiu3,暂无
宝山·罗泾,许(許),[空],shiu3(ɕy³³⁴),shiu3,暂无
宝山·罗泾,唐(唐),[空],daon2(dɒ̃²³¹),daon2,暂无
宝山·罗泾,堂(堂),[空],daon2(dɒ̃²³¹),daon2,暂无
宝山·罗泾,塘(塘),[空],daon2(dɒ̃²³¹),daon2,暂无
宝山·罗泾,棠(棠),[空],daon2(dɒ̃²³¹),daon2,暂无
宝山·罗泾,糖(糖),[空],daon2(dɒ̃²³¹),daon2,暂无
宝山·罗泾,螳(螳),[空],daon2(dɒ̃²³¹),daon2,暂无
宝山·罗泾,大(大),[空],da6(dɑ²¹³),da6,暂无
宝山·罗泾,宕(宕),[空],daon6(dɒ̃²¹³),daon6,暂无
宝山·罗泾,荡(蕩),[空],daon6(dɒ̃²¹³),daon6,暂无
宝山·罗泾,沓(沓),[空],daq8(dᴀʔ¹²),daq8,暂无
宝山·罗泾,踏(踏),[空],daq8(dᴀʔ¹²),daq8,暂无
宝山·罗泾,达(達),[空],daq8(dᴀʔ¹²),daq8,暂无
宝山·罗泾,桃(桃),[空],dau2(dɔ²³¹),dau2,暂无
宝山·罗泾,淘(淘),[空],dau2(dɔ²³¹),dau2,暂无
宝山·罗泾,涛(濤),[空],dau2(dɔ²³¹),dau2,暂无
宝山·罗泾,萄(萄),[空],dau2(dɔ²³¹),dau2,暂无
宝山·罗泾,逃(逃),[空],dau2(dɔ²³¹),dau2,暂无
宝山·罗泾,陶(陶),[空],dau2(dɔ²³¹),dau2,暂无
宝山·罗泾,导(導),[空],dau6(dɔ²¹³),dau6,暂无
宝山·罗泾,盗(盜),[空],dau6(dɔ²¹³),dau6,暂无
宝山·罗泾,祷(禱),[空],dau6(dɔ²¹³),dau6,暂无
宝山·罗泾,踱(踱),[空],daoq8(dɔʔ¹²),daoq8,暂无
宝山·罗泾,台(台),[空],dae2(dɛ²³¹),dae2,暂无
宝山·罗泾,坛(壇),[空],dae2(dɛ²³¹),dae2,暂无
宝山·罗泾,弹(彈),~琴,dae2(dɛ²³¹),dae2,暂无
宝山·罗泾,抬(抬),[空],dae2(dɛ²³¹),dae2,暂无
宝山·罗泾,檀(檀),[空],dae2(dɛ²³¹),dae2,暂无
宝山·罗泾,痰(痰),[空],dae2(dɛ²³¹),dae2,暂无
宝山·罗泾,台(臺),[空],dae2(dɛ²³¹),dae2,暂无
宝山·罗泾,苔(苔),青~,dae2(dɛ²³¹),dae2,暂无
宝山·罗泾,谈(談),[空],dae2(dɛ²³¹),dae2,暂无
宝山·罗泾,谭(譚),[空],dae2(dɛ²³¹),dae2,暂无
宝山·罗泾,屯(屯),[空],den2(dɛ̃²³¹),den2,暂无
宝山·罗泾,疼(疼),[空],den2(dɛ̃²³¹),den2,暂无
宝山·罗泾,臀(臀),[空],den2(dɛ̃²³¹),den2,暂无
宝山·罗泾,藤(藤),[空],den2(dɛ̃²³¹),den2,暂无
宝山·罗泾,誊(謄),[空],den2(dɛ̃²³¹),den2,暂无
宝山·罗泾,豚(豚),[空],den2(dɛ̃²³¹),den2,暂无
宝山·罗泾,饨(飩),[空],den2(dɛ̃²³¹),den2,暂无
宝山·罗泾,腾(騰),[空],den2(dɛ̃²³¹),den2,暂无
宝山·罗泾,代(代),[空],dae6(dɛ²¹³),dae6,暂无
宝山·罗泾,但(但),[空],dae6(dɛ²¹³),dae6,暂无
宝山·罗泾,弹(彈),[空],dae6(dɛ²¹³),dae6,暂无
宝山·罗泾,待(待),[空],dae6(dɛ²¹³),dae6,暂无
宝山·罗泾,怠(怠),[空],dae6(dɛ²¹³),dae6,暂无
宝山·罗泾,淡(淡),[空],dae6(dɛ²¹³),dae6,暂无
宝山·罗泾,蛋(蛋),[空],dae6(dɛ²¹³),dae6,暂无
宝山·罗泾,袋(袋),[空],dae6(dɛ²¹³),dae6,暂无
宝山·罗泾,贷(貸),[空],dae6(dɛ²¹³),dae6,暂无
宝山·罗泾,囤(囤),[空],den6(dɛ̃²¹³),den6,暂无
宝山·罗泾,盾(盾),[空],den6(dɛ̃²¹³),den6,暂无
宝山·罗泾,遁(遁),[空],den6(dɛ̃²¹³),den6,暂无
宝山·罗泾,邓(鄧),[空],den6(dɛ̃²¹³),den6,暂无
宝山·罗泾,钝(鈍),[空],den6(dɛ̃²¹³),den6,暂无
宝山·罗泾,特(特),[空],deq8(dəʔ¹²),deq8,暂无
宝山·罗泾,叠(疊),[空],deq8(dəʔ¹²),deq8,暂无
宝山·罗泾,突(突),[空],deq8(dəʔ¹²),deq8,暂无
宝山·罗泾,团(團),[空],deu2(dɤ²³¹),deu2,暂无
宝山·罗泾,团(糰),[空],deu2(dɤ²³¹),deu2,暂无
宝山·罗泾,断(斷),[空],deu6(dɤ²¹³),deu6,暂无
宝山·罗泾,椴(椴),[空],deu6(dɤ²¹³),deu6,暂无
宝山·罗泾,段(段),[空],deu6(dɤ²¹³),deu6,暂无
宝山·罗泾,缎(緞),[空],deu6(dɤ²¹³),deu6,暂无
宝山·罗泾,啼(啼),[空],di2(di²³¹),di2,暂无
宝山·罗泾,堤(堤),[空],di2(di²³¹),di2,暂无
宝山·罗泾,填(填),[空],die2(dɪ²³¹),die2,暂无
宝山·罗泾,提(提),[空],di2(di²³¹),di2,暂无
宝山·罗泾,潭(潭),[空],die2(dɪ²³¹),die2,暂无
宝山·罗泾,甜(甜),[空],die2(dɪ²³¹),die2,暂无
宝山·罗泾,田(田),[空],die2(dɪ²³¹),die2,暂无
宝山·罗泾,蹄(蹄),[空],di2(di²³¹),di2,暂无
宝山·罗泾,题(題),[空],di2(di²³¹),di2,暂无
宝山·罗泾,亭(亭),[空],din2(dɪ̃²³¹),din2,暂无
宝山·罗泾,停(停),[空],din2(dɪ̃²³¹),din2,暂无
宝山·罗泾,庭(庭),[空],din2(dɪ̃²³¹),din2,暂无
宝山·罗泾,廷(廷),[空],din2(dɪ̃²³¹),din2,暂无
宝山·罗泾,蜓(蜓),[空],din2(dɪ̃²³¹),din2,暂无
宝山·罗泾,佃(佃),[空],die6(dɪ²¹³),die6,暂无
宝山·罗泾,地(地),[空],di6(di²¹³),di6,暂无
宝山·罗泾,垫(墊),[空],die6(dɪ²¹³),die6,暂无
宝山·罗泾,奠(奠),[空],die6(dɪ²¹³),die6,暂无
宝山·罗泾,弟(弟),[空],di6(di²¹³),di6,暂无
宝山·罗泾,殿(殿),[空],die6(dɪ²¹³),die6,暂无
宝山·罗泾,递(遞),[空],di6(di²¹³),di6,暂无
宝山·罗泾,隶(隸),[空],di6(di²¹³),di6,暂无
宝山·罗泾,电(電),[空],die6(dɪ²¹³),die6,暂无
宝山·罗泾,定(定),[空],din6(dɪ̃²¹³),din6,暂无
宝山·罗泾,锭(錠),[空],din6(dɪ̃²¹³),din6,暂无
宝山·罗泾,条(條),[空],diau2(diɔ²³¹),diau2,暂无
宝山·罗泾,调(調),~和,diau2(diɔ²³¹),diau2,暂无
宝山·罗泾,掉(掉),[空],diau6(diɔ²¹³),diau6,暂无
宝山·罗泾,调(調),音~,diau6(diɔ²¹³),diau6,暂无
宝山·罗泾,敌(敵),[空],diq8(dɪʔ¹²),diq8,暂无
宝山·罗泾,牒(牒),[空],diq8(dɪʔ¹²),diq8,暂无
宝山·罗泾,狄(狄),[空],diq8(dɪʔ¹²),diq8,暂无
宝山·罗泾,碟(碟),[空],diq8(dɪʔ¹²),diq8,暂无
宝山·罗泾,笛(笛),[空],diq8(dɪʔ¹²),diq8,暂无
宝山·罗泾,籴(糴),[空],diq8(dɪʔ¹²),diq8,暂无
宝山·罗泾,蝶(蝶),[空],diq8(dɪʔ¹²),diq8,暂无
宝山·罗泾,谍(諜),[空],diq8(dɪʔ¹²),diq8,暂无
宝山·罗泾,同(同),[空],don2(doŋ²³¹),don2,暂无
宝山·罗泾,桐(桐),[空],don2(doŋ²³¹),don2,暂无
宝山·罗泾,瞳(瞳),[空],don2(doŋ²³¹),don2,暂无
宝山·罗泾,童(童),[空],don2(doŋ²³¹),don2,暂无
宝山·罗泾,筒(筒),[空],don2(doŋ²³¹),don2,暂无
宝山·罗泾,铜(銅),[空],don2(doŋ²³¹),don2,暂无
宝山·罗泾,动(動),[空],don6(doŋ²¹³),don6,暂无
宝山·罗泾,桶(桶),[空],don6(doŋ²¹³),don6,暂无
宝山·罗泾,洞(洞),[空],don6(doŋ²¹³),don6,暂无
宝山·罗泾,夺(奪),[空],doq8(doʔ¹²),doq8,暂无
宝山·罗泾,毒(毒),[空],doq8(doʔ¹²),doq8,暂无
宝山·罗泾,牍(牘),[空],doq8(doʔ¹²),doq8,暂无
宝山·罗泾,犊(犢),[空],doq8(doʔ¹²),doq8,暂无
宝山·罗泾,独(獨),[空],doq8(doʔ¹²),doq8,暂无
宝山·罗泾,读(讀),[空],doq8(doʔ¹²),doq8,暂无
宝山·罗泾,铎(鐸),[空],doq8(doʔ¹²),doq8,暂无
宝山·罗泾,图(圖),[空],du2(du²³¹),du2,暂无
宝山·罗泾,涂(塗),[空],du2(du²³¹),du2,暂无
宝山·罗泾,屠(屠),[空],du2(du²³¹),du2,暂无
宝山·罗泾,徒(徒),[空],du2(du²³¹),du2,暂无
宝山·罗泾,途(途),[空],du2(du²³¹),du2,暂无
宝山·罗泾,驮(馱),[空],du2(du²³¹),du2,暂无
宝山·罗泾,驼(駝),[空],du2(du²³¹),du2,暂无
宝山·罗泾,大(大),[空],du6(du²¹³),du6,暂无
宝山·罗泾,度(度),[空],du6(du²¹³),du6,暂无
宝山·罗泾,惰(惰),[空],du6(du²¹³),du6,暂无
宝山·罗泾,杜(杜),[空],du6(du²¹³),du6,暂无
宝山·罗泾,渡(渡),[空],du6(du²¹³),du6,暂无
宝山·罗泾,肚(肚),~皮,du6(du²¹³),du6,暂无
宝山·罗泾,舵(舵),[空],du6(du²¹³),du6,暂无
宝山·罗泾,镀(鍍),[空],du6(du²¹³),du6,暂无
宝山·罗泾,投(投),[空],dai2(dʌɜ²³¹),dai2,暂无
宝山·罗泾,头(頭),[空],dai2(dʌɜ²³¹),dai2,暂无
宝山·罗泾,兑(兌),[空],dai6(dʌɜ²¹³),dai6,暂无
宝山·罗泾,豆(豆),[空],dai6(dʌɜ²¹³),dai6,暂无
宝山·罗泾,逗(逗),[空],dai6(dʌɜ²¹³),dai6,暂无
宝山·罗泾,队(隊),[空],dai6(dʌɜ²¹³),dai6,暂无
宝山·罗泾,干(乾),[空],jie2(dʑɪ²³¹),jie2,暂无
宝山·罗泾,其(其),[空],ji2(dʑi²³¹),ji2,暂无
宝山·罗泾,奇(奇),[空],ji2(dʑi²³¹),ji2,暂无
宝山·罗泾,岐(岐),[空],ji2(dʑi²³¹),ji2,暂无
宝山·罗泾,掮(掮),[空],jie2(dʑɪ²³¹),jie2,暂无
宝山·罗泾,旗(旗),[空],ji2(dʑi²³¹),ji2,暂无
宝山·罗泾,期(期),[空],ji2(dʑi²³¹),ji2,暂无
宝山·罗泾,棋(棋),[空],ji2(dʑi²³¹),ji2,暂无
宝山·罗泾,犍(犍),[空],jie2(dʑɪ²³¹),jie2,暂无
宝山·罗泾,祁(祁),[空],ji2(dʑi²³¹),ji2,暂无
宝山·罗泾,祈(祈),[空],ji2(dʑi²³¹),ji2,暂无
宝山·罗泾,钳(鉗),[空],jie2(dʑɪ²³¹),jie2,暂无
宝山·罗泾,骑(騎),[空],ji2(dʑi²³¹),ji2,暂无
宝山·罗泾,鳍(鰭),[空],ji2(dʑi²³¹),ji2,暂无
宝山·罗泾,勤(勤),[空],jin2(dʑɪ̃²³¹),jin2,暂无
宝山·罗泾,君(君),[空],jin2(dʑɪ̃²³¹),jin2,暂无
宝山·罗泾,擎(擎),[空],jin2(dʑɪ̃²³¹),jin2,暂无
宝山·罗泾,擒(擒),[空],jin2(dʑɪ̃²³¹),jin2,暂无
宝山·罗泾,琴(琴),[空],jin2(dʑɪ̃²³¹),jin2,暂无
宝山·罗泾,禽(禽),[空],jin2(dʑɪ̃²³¹),jin2,暂无
宝山·罗泾,群(羣),[空],jin2(dʑɪ̃²³¹),jin2,暂无
宝山·罗泾,芹(芹),[空],jin2(dʑɪ̃²³¹),jin2,暂无
宝山·罗泾,裙(裙),[空],jin2(dʑɪ̃²³¹),jin2,暂无
宝山·罗泾,鲸(鯨),[空],jin2(dʑɪ̃²³¹),jin2,暂无
宝山·罗泾,件(件),[空],jie6(dʑɪ²¹³),jie6,暂无
宝山·罗泾,健(健),[空],jie6(dʑɪ²¹³),jie6,暂无
宝山·罗泾,俭(儉),[空],jie6(dʑɪ²¹³),jie6,暂无
宝山·罗泾,妓(妓),[空],ji6(dʑi²¹³),ji6,暂无
宝山·罗泾,忌(忌),[空],ji6(dʑi²¹³),ji6,暂无
宝山·罗泾,技(技),[空],ji6(dʑi²¹³),ji6,暂无
宝山·罗泾,柜(櫃),白,ji6(dʑi²¹³),ji6,暂无
宝山·罗泾,腱(腱),[空],jie6(dʑɪ²¹³),jie6,暂无
宝山·罗泾,跪(跪),白,ji6(dʑi²¹³),ji6,暂无
宝山·罗泾,键(鍵),[空],jie6(dʑɪ²¹³),jie6,暂无
宝山·罗泾,仅(僅),[空],jin6(dʑɪ̃²¹³),jin6,暂无
宝山·罗泾,竞(競),[空],jin6(dʑɪ̃²¹³),jin6,暂无
宝山·罗泾,谨(謹),[空],jin6(dʑɪ̃²¹³),jin6,暂无
宝山·罗泾,近(近),[空],jin6(dʑɪ̃²¹³),jin6,暂无
宝山·罗泾,郡(郡),[空],jin6(dʑɪ̃²¹³),jin6,暂无
宝山·罗泾,强(強),[空],jian2(dʑiã²³¹),jian2,暂无
宝山·罗泾,狂(狂),[空],jiaon2(dʑiɒ̃²³¹),jiaon2,暂无
宝山·罗泾,犟(犟),[空],jian6(dʑiã²¹³),jian6,暂无
宝山·罗泾,剧(劇),[空],jiaq8(dʑiᴀʔ¹²),jiaq8,暂无
宝山·罗泾,侨(僑),[空],jiau2(dʑiɔ²³¹),jiau2,暂无
宝山·罗泾,乔(喬),[空],jiau2(dʑiɔ²³¹),jiau2,暂无
宝山·罗泾,桥(橋),[空],jiau2(dʑiɔ²³¹),jiau2,暂无
宝山·罗泾,荞(蕎),[空],jiau2(dʑiɔ²³¹),jiau2,暂无
宝山·罗泾,撬(撬),[空],jiau6(dʑiɔ²¹³),jiau6,暂无
宝山·罗泾,轿(轎),[空],jiau6(dʑiɔ²¹³),jiau6,暂无
宝山·罗泾,拳(拳),[空],jieu2(dʑiɤ²³¹),jieu2,暂无
宝山·罗泾,权(權),[空],jieu2(dʑiɤ²³¹),jieu2,暂无
宝山·罗泾,倦(倦),[空],jieu6(dʑiɤ²¹³),jieu6,暂无
宝山·罗泾,圈(圈),豬~,jieu6(dʑiɤ²¹³),jieu6,暂无
宝山·罗泾,琼(瓊),[空],jion2(dʑioŋ²³¹),jion2,暂无
宝山·罗泾,穷(窮),[空],jion2(dʑioŋ²³¹),jion2,暂无
宝山·罗泾,局(局),[空],jioq8(dʑioʔ¹²),jioq8,暂无
宝山·罗泾,掘(掘),[空],jioq8(dʑioʔ¹²),jioq8,暂无
宝山·罗泾,轴(軸),[空],jioq8(dʑioʔ¹²),jioq8,暂无
宝山·罗泾,鋦(鋦),[空],jioq8(dʑioʔ¹²),jioq8,暂无
宝山·罗泾,杰(傑),[空],jiq8(dʑɪʔ¹²),jiq8,暂无
宝山·罗泾,及(及),[空],jiq8(dʑɪʔ¹²),jiq8,暂无
宝山·罗泾,极(極),[空],jiq8(dʑɪʔ¹²),jiq8,暂无
宝山·罗泾,仇(仇),姓,jiu2(dʑy²³¹),jiu2,暂无
宝山·罗泾,姓(姓),[空],jiu2(dʑy²³¹),jiu2,暂无
宝山·罗泾,求(求),[空],jiu2(dʑy²³¹),jiu2,暂无
宝山·罗泾,渠(渠),[空],jiu2(dʑy²³¹),jiu2,暂无
宝山·罗泾,球(球),[空],jiu2(dʑy²³¹),jiu2,暂无
宝山·罗泾,瞿(瞿),[空],jiu2(dʑy²³¹),jiu2,暂无
宝山·罗泾,俱(俱),[空],jiu6(dʑy²¹³),jiu6,暂无
宝山·罗泾,具(具),[空],jiu6(dʑy²¹³),jiu6,暂无
宝山·罗泾,巨(巨),[空],jiu6(dʑy²¹³),jiu6,暂无
宝山·罗泾,惧(懼),[空],jiu6(dʑy²¹³),jiu6,暂无
宝山·罗泾,拒(拒),[空],jiu6(dʑy²¹³),jiu6,暂无
宝山·罗泾,柩(柩),[空],jiu6(dʑy²¹³),jiu6,暂无
宝山·罗泾,臼(臼),[空],jiu6(dʑy²¹³),jiu6,暂无
宝山·罗泾,舅(舅),[空],jiu6(dʑy²¹³),jiu6,暂无
宝山·罗泾,旧(舊),[空],jiu6(dʑy²¹³),jiu6,暂无
宝山·罗泾,距(距),[空],jiu6(dʑy²¹³),jiu6,暂无
宝山·罗泾,儿(兒),文,er2(əl²³¹),er2,暂无
宝山·罗泾,而(而),[空],er2(əl²³¹),er2,暂无
宝山·罗泾,而(而),[空],er6(əl²¹³),er6,暂无
宝山·罗泾,耳(耳),文,er6(əl²¹³),er6,暂无
宝山·罗泾,饵(餌),[空],er6(əl²¹³),er6,暂无
宝山·罗泾,方(方),[空],faon1(fɒ̃⁵²),faon1,暂无
宝山·罗泾,肪(肪),[空],faon1(fɒ̃⁵²),faon1,暂无
宝山·罗泾,芳(芳),[空],faon1(fɒ̃⁵²),faon1,暂无
宝山·罗泾,仿(仿),[空],faon3(fɒ̃³³⁴),faon3,暂无
宝山·罗泾,仿(倣),[空],faon3(fɒ̃³³⁴),faon3,暂无
宝山·罗泾,妨(妨),[空],faon3(fɒ̃³³⁴),faon3,暂无
宝山·罗泾,放(放),[空],faon3(fɒ̃³³⁴),faon3,暂无
宝山·罗泾,纺(紡),[空],faon3(fɒ̃³³⁴),faon3,暂无
宝山·罗泾,访(訪),[空],faon3(fɒ̃³³⁴),faon3,暂无
宝山·罗泾,法(法),[空],faq7(fᴀʔ⁴),faq7,暂无
宝山·罗泾,发(發),[空],faq7(fᴀʔ⁴),faq7,暂无
宝山·罗泾,发(髮),[空],faq7(fᴀʔ⁴),faq7,暂无
宝山·罗泾,番(番),[空],fae1(fɛ⁵²),fae1,暂无
宝山·罗泾,翻(翻),[空],fae1(fɛ⁵²),fae1,暂无
宝山·罗泾,藩(藩),[空],fae1(fɛ⁵²),fae1,暂无
宝山·罗泾,分(分),[空],fen1(fɛ̃⁵²),fen1,暂无
宝山·罗泾,纷(紛),[空],fen1(fɛ̃⁵²),fen1,暂无
宝山·罗泾,芬(芬),[空],fen1(fɛ̃⁵²),fen1,暂无
宝山·罗泾,反(反),[空],fae3(fɛ³³⁴),fae3,暂无
宝山·罗泾,樊(樊),[空],fae3(fɛ³³⁴),fae3,暂无
宝山·罗泾,贩(販),[空],fae3(fɛ³³⁴),fae3,暂无
宝山·罗泾,奋(奮),[空],fen3(fɛ̃³³⁴),fen3,暂无
宝山·罗泾,粉(粉),[空],fen3(fɛ̃³³⁴),fen3,暂无
宝山·罗泾,粪(糞),[空],fen3(fɛ̃³³⁴),fen3,暂无
宝山·罗泾,佛(彿),[空],feq7(fəʔ⁴),feq7,暂无
宝山·罗泾,妃(妃),[空],fi1(fi⁵²),fi1,暂无
宝山·罗泾,非(非),[空],fi1(fi⁵²),fi1,暂无
宝山·罗泾,飞(飛),[空],fi1(fi⁵²),fi1,暂无
宝山·罗泾,匪(匪),[空],fi3(fi³³⁴),fi3,暂无
宝山·罗泾,吠(吠),[空],fi3(fi³³⁴),fi3,暂无
宝山·罗泾,废(廢),[空],fi3(fi³³⁴),fi3,暂无
宝山·罗泾,榧(榧),[空],fi3(fi³³⁴),fi3,暂无
宝山·罗泾,翡(翡),[空],fi3(fi³³⁴),fi3,暂无
宝山·罗泾,肺(肺),[空],fi3(fi³³⁴),fi3,暂无
宝山·罗泾,费(費),[空],fi3(fi³³⁴),fi3,暂无
宝山·罗泾,封(封),[空],fon1(foŋ⁵²),fon1,暂无
宝山·罗泾,峰(峯),[空],fon1(foŋ⁵²),fon1,暂无
宝山·罗泾,枫(楓),[空],fon1(foŋ⁵²),fon1,暂无
宝山·罗泾,疯(瘋),[空],fon1(foŋ⁵²),fon1,暂无
宝山·罗泾,蜂(蜂),[空],fon1(foŋ⁵²),fon1,暂无
宝山·罗泾,丰(豐),[空],fon1(foŋ⁵²),fon1,暂无
宝山·罗泾,锋(鋒),[空],fon1(foŋ⁵²),fon1,暂无
宝山·罗泾,风(風),[空],fon1(foŋ⁵²),fon1,暂无
宝山·罗泾,讽(諷),[空],fon3(foŋ³³⁴),fon3,暂无
宝山·罗泾,幅(幅),[空],foq7(foʔ⁴),foq7,暂无
宝山·罗泾,福(福),[空],foq7(foʔ⁴),foq7,暂无
宝山·罗泾,腹(腹),[空],foq7(foʔ⁴),foq7,暂无
宝山·罗泾,蝠(蝠),[空],foq7(foʔ⁴),foq7,暂无
宝山·罗泾,复(複),[空],foq7(foʔ⁴),foq7,暂无
宝山·罗泾,覆(覆),[空],foq7(foʔ⁴),foq7,暂无
宝山·罗泾,俘(俘),[空],fu1(fu⁵²),fu1,暂无
宝山·罗泾,夫(夫),[空],fu1(fu⁵²),fu1,暂无
宝山·罗泾,敷(敷),[空],fu1(fu⁵²),fu1,暂无
宝山·罗泾,肤(膚),[空],fu1(fu⁵²),fu1,暂无
宝山·罗泾,芙(芙),[空],fu1(fu⁵²),fu1,暂无
宝山·罗泾,麸(麩),[空],fu1(fu⁵²),fu1,暂无
宝山·罗泾,付(付),[空],fu3(fu³³⁴),fu3,暂无
宝山·罗泾,俯(俯),[空],fu3(fu³³⁴),fu3,暂无
宝山·罗泾,傅(傅),[空],fu3(fu³³⁴),fu3,暂无
宝山·罗泾,副(副),[空],fu3(fu³³⁴),fu3,暂无
宝山·罗泾,富(富),[空],fu3(fu³³⁴),fu3,暂无
宝山·罗泾,府(府),[空],fu3(fu³³⁴),fu3,暂无
宝山·罗泾,斧(斧),[空],fu3(fu³³⁴),fu3,暂无
宝山·罗泾,甫(甫),[空],fu3(fu³³⁴),fu3,暂无
宝山·罗泾,腑(腑),[空],fu3(fu³³⁴),fu3,暂无
宝山·罗泾,赋(賦),[空],fu3(fu³³⁴),fu3,暂无
宝山·罗泾,赴(赴),[空],fu3(fu³³⁴),fu3,暂无
宝山·罗泾,辅(輔),[空],fu3(fu³³⁴),fu3,暂无
宝山·罗泾,釜(釜),[空],fu3(fu³³⁴),fu3,暂无
宝山·罗泾,否(否),[空],fai3(fʌɜ³³⁴),fai3,暂无
宝山·罗泾,茄(茄),[空],ga2(gɑ²³¹),ga2,暂无
宝山·罗泾,骱(骱),[空],ga6(gɑ²¹³),ga6,暂无
宝山·罗泾,戆(戇),[空],gaon6(gɒ̃²¹³),gaon6,暂无
宝山·罗泾,轧(軋),[空],gaq8(gᴀʔ¹²),gaq8,暂无
宝山·罗泾,螯(螯),[空],gau2(gɔ²³¹),gau2,暂无
宝山·罗泾,搞(搞),[空],gau6(gɔ²¹³),gau6,暂无
宝山·罗泾,搿(搿),[空],geq8(gəʔ¹²),geq8,暂无
宝山·罗泾,共(共),[空],gon6(goŋ²¹³),gon6,暂无
宝山·罗泾,玩(玩),[空],ɡuae2(ɡuɛ²³¹),ɡuae2,暂无
宝山·罗泾,环(環),[空],ɡuae2(ɡuɛ²³¹),ɡuae2,暂无
宝山·罗泾,顽(頑),[空],ɡuae2(ɡuɛ²³¹),ɡuae2,暂无
宝山·罗泾,掼(摜),[空],ɡuae6(ɡuɛ²¹³),ɡuae6,暂无
宝山·罗泾,冠(冠),~生園,guai2(guʌɜ²³¹),guai2,暂无
宝山·罗泾,园(園),[空],guai2(guʌɜ²³¹),guai2,暂无
宝山·罗泾,桅(桅),[空],guai2(guʌɜ²³¹),guai2,暂无
宝山·罗泾,葵(葵),[空],guai2(guʌɜ²³¹),guai2,暂无
宝山·罗泾,逵(逵),[空],guai2(guʌɜ²³¹),guai2,暂无
宝山·罗泾,愧(愧),[空],guai6(guʌɜ²¹³),guai6,暂无
宝山·罗泾,柜(櫃),文,guai6(guʌɜ²¹³),guai6,暂无
宝山·罗泾,溃(潰),[空],guai6(guʌɜ²¹³),guai6,暂无
宝山·罗泾,跪(跪),文,guai6(guʌɜ²¹³),guai6,暂无
宝山·罗泾,行(行),[空],ghan2(ɦã²³¹),ghan2,暂无
宝山·罗泾,杭(杭),[空],ghaon2(ɦɒ̃²³¹),ghaon2,暂无
宝山·罗泾,航(航),[空],ghaon2(ɦɒ̃²³¹),ghaon2,暂无
宝山·罗泾,行(行),[空],ghaon2(ɦɒ̃²³¹),ghaon2,暂无
宝山·罗泾,降(降),投~,ghaon2(ɦɒ̃²³¹),ghaon2,暂无
宝山·罗泾,杏(杏),[空],ghan6(ɦã²¹³),ghan6,暂无
宝山·罗泾,也(也),白,gha6(ɦɑ²¹³),gha6,暂无
宝山·罗泾,巷(巷),[空],ghaon6(ɦɒ̃²¹³),ghaon6,暂无
宝山·罗泾,项(項),[空],ghaon6(ɦɒ̃²¹³),ghaon6,暂无
宝山·罗泾,匣(匣),[空],ghaq8(ɦᴀʔ¹²),ghaq8,暂无
宝山·罗泾,狭(狹),[空],ghaq8(ɦᴀʔ¹²),ghaq8,暂无
宝山·罗泾,盒(盒),[空],ghaq8(ɦᴀʔ¹²),ghaq8,暂无
宝山·罗泾,壕(壕),[空],ghau2(ɦɔ²³¹),ghau2,暂无
宝山·罗泾,毫(毫),[空],ghau2(ɦɔ²³¹),ghau2,暂无
宝山·罗泾,豪(豪),[空],ghau2(ɦɔ²³¹),ghau2,暂无
宝山·罗泾,浩(浩),[空],ghau6(ɦɔ²¹³),ghau6,暂无
宝山·罗泾,号(號),[空],ghau6(ɦɔ²¹³),ghau6,暂无
宝山·罗泾,学(學),[空],ghaoq8(ɦɔʔ¹²),ghaoq8,暂无
宝山·罗泾,咸(咸),[空],ghae2(ɦɛ²³¹),ghae2,暂无
宝山·罗泾,孩(孩),[空],ghae2(ɦɛ²³¹),ghae2,暂无
宝山·罗泾,衔(銜),[空],ghae2(ɦɛ²³¹),ghae2,暂无
宝山·罗泾,闲(閒),[空],ghae2(ɦɛ²³¹),ghae2,暂无
宝山·罗泾,咸(鹹),[空],ghae2(ɦɛ²³¹),ghae2,暂无
宝山·罗泾,恒(恆),[空],ghen2(ɦɛ̃²³¹),ghen2,暂无
宝山·罗泾,痕(痕),[空],ghen2(ɦɛ̃²³¹),ghen2,暂无
宝山·罗泾,衡(衡),[空],ghen2(ɦɛ̃²³¹),ghen2,暂无
宝山·罗泾,亥(亥),[空],ghae6(ɦɛ²¹³),ghae6,暂无
宝山·罗泾,害(害),[空],ghae6(ɦɛ²¹³),ghae6,暂无
宝山·罗泾,械(械),[空],ghae6(ɦɛ²¹³),ghae6,暂无
宝山·罗泾,限(限),[空],ghae6(ɦɛ²¹³),ghae6,暂无
宝山·罗泾,恨(恨),[空],ghen6(ɦɛ̃²¹³),ghen6,暂无
宝山·罗泾,合(合),[空],gheq8(ɦəʔ¹²),gheq8,暂无
宝山·罗泾,咳(咳),[空],gheq8(ɦəʔ¹²),gheq8,暂无
宝山·罗泾,核(核),[空],gheq8(ɦəʔ¹²),gheq8,暂无
宝山·罗泾,寒(寒),[空],gheu2(ɦɤ²³¹),gheu2,暂无
宝山·罗泾,韩(韓),[空],gheu2(ɦɤ²³¹),gheu2,暂无
宝山·罗泾,下(下),[空],gheu6(ɦɤ²¹³),gheu6,暂无
宝山·罗泾,夏(夏),[空],gheu6(ɦɤ²¹³),gheu6,暂无
宝山·罗泾,厦(廈),[空],gheu6(ɦɤ²¹³),gheu6,暂无
宝山·罗泾,旱(旱),[空],gheu6(ɦɤ²¹³),gheu6,暂无
宝山·罗泾,汗(汗),[空],gheu6(ɦɤ²¹³),gheu6,暂无
宝山·罗泾,翰(翰),[空],gheu6(ɦɤ²¹³),gheu6,暂无
宝山·罗泾,焊(銲),[空],gheu6(ɦɤ²¹³),gheu6,暂无
宝山·罗泾,函(函),[空],ye2(ɦɪ²³¹),ye2,暂无
宝山·罗泾,含(含),[空],ye2(ɦɪ²³¹),ye2,暂无
宝山·罗泾,围(圍),[空],yi2(ɦi²³¹),yi2,暂无
宝山·罗泾,夷(夷),[空],yi2(ɦi²³¹),yi2,暂无
宝山·罗泾,奚(奚),[空],yi2(ɦi²³¹),yi2,暂无
宝山·罗泾,姨(姨),[空],yi2(ɦi²³¹),yi2,暂无
宝山·罗泾,嫌(嫌),[空],ye2(ɦɪ²³¹),ye2,暂无
宝山·罗泾,延(延),[空],ye2(ɦɪ²³¹),ye2,暂无
宝山·罗泾,弦(弦),[空],ye2(ɦɪ²³¹),ye2,暂无
宝山·罗泾,榆(榆),[空],yi2(ɦi²³¹),yi2,暂无
宝山·罗泾,沿(沿),[空],ye2(ɦɪ²³¹),ye2,暂无
宝山·罗泾,涎(涎),[空],ye2(ɦɪ²³¹),ye2,暂无
宝山·罗泾,炎(炎),[空],ye2(ɦɪ²³¹),ye2,暂无
宝山·罗泾,移(移),[空],yi2(ɦi²³¹),yi2,暂无
宝山·罗泾,筵(筵),[空],ye2(ɦɪ²³¹),ye2,暂无
宝山·罗泾,檐(簷),[空],ye2(ɦɪ²³¹),ye2,暂无
宝山·罗泾,言(言),[空],ye2(ɦɪ²³¹),ye2,暂无
宝山·罗泾,贤(賢),[空],ye2(ɦɪ²³¹),ye2,暂无
宝山·罗泾,遗(遺),[空],yi2(ɦi²³¹),yi2,暂无
宝山·罗泾,阎(閻),[空],ye2(ɦɪ²³¹),ye2,暂无
宝山·罗泾,饴(飴),[空],yi2(ɦi²³¹),yi2,暂无
宝山·罗泾,盐(鹽),[空],ye2(ɦɪ²³¹),ye2,暂无
宝山·罗泾,云(云),[空],yin2(ɦɪ̃²³¹),yin2,暂无
宝山·罗泾,刑(刑),[空],yin2(ɦɪ̃²³¹),yin2,暂无
宝山·罗泾,匀(勻),[空],yin2(ɦɪ̃²³¹),yin2,暂无
宝山·罗泾,型(型),[空],yin2(ɦɪ̃²³¹),yin2,暂无
宝山·罗泾,茔(塋),[空],yin2(ɦɪ̃²³¹),yin2,暂无
宝山·罗泾,寅(寅),[空],yin2(ɦɪ̃²³¹),yin2,暂无
宝山·罗泾,形(形),[空],yin2(ɦɪ̃²³¹),yin2,暂无
宝山·罗泾,荥(滎),[空],yin2(ɦɪ̃²³¹),yin2,暂无
宝山·罗泾,营(營),[空],yin2(ɦɪ̃²³¹),yin2,暂无
宝山·罗泾,盈(盈),[空],yin2(ɦɪ̃²³¹),yin2,暂无
宝山·罗泾,萤(螢),[空],yin2(ɦɪ̃²³¹),yin2,暂无
宝山·罗泾,蝇(蠅),[空],yin2(ɦɪ̃²³¹),yin2,暂无
宝山·罗泾,行(行),~為,yin2(ɦɪ̃²³¹),yin2,暂无
宝山·罗泾,赢(贏),[空],yin2(ɦɪ̃²³¹),yin2,暂无
宝山·罗泾,云(雲),[空],yin2(ɦɪ̃²³¹),yin2,暂无
宝山·罗泾,也(也),文,ye6(ɦɪ²¹³),ye6,暂无
宝山·罗泾,以(以),[空],yi6(ɦi²¹³),yi6,暂无
宝山·罗泾,系(係),[空],yi6(ɦi²¹³),yi6,暂无
宝山·罗泾,已(已),[空],yi6(ɦi²¹³),yi6,暂无
宝山·罗泾,愈(愈),[空],yi6(ɦi²¹³),yi6,暂无
宝山·罗泾,憾(憾),[空],ye6(ɦɪ²¹³),ye6,暂无
宝山·罗泾,懈(懈),[空],ye6(ɦɪ²¹³),ye6,暂无
宝山·罗泾,撼(撼),[空],ye6(ɦɪ²¹³),ye6,暂无
宝山·罗泾,易(易),[空],yi6(ɦi²¹³),yi6,暂无
宝山·罗泾,演(演),[空],ye6(ɦɪ²¹³),ye6,暂无
宝山·罗泾,焰(焰),[空],ye6(ɦɪ²¹³),ye6,暂无
宝山·罗泾,现(現),[空],ye6(ɦɪ²¹³),ye6,暂无
宝山·罗泾,异(異),[空],yi6(ɦi²¹³),yi6,暂无
宝山·罗泾,矣(矣),[空],yi6(ɦi²¹³),yi6,暂无
宝山·罗泾,系(系),[空],yi6(ɦi²¹³),yi6,暂无
宝山·罗泾,肄(肄),[空],yi6(ɦi²¹³),yi6,暂无
宝山·罗泾,腌(腌),[空],ye6(ɦɪ²¹³),ye6,暂无
宝山·罗泾,艳(艷),[空],ye6(ɦɪ²¹³),ye6,暂无
宝山·罗泾,芋(芋),[空],yi6(ɦi²¹³),yi6,暂无
宝山·罗泾,谚(諺),[空],ye6(ɦɪ²¹³),ye6,暂无
宝山·罗泾,陷(陷),[空],ye6(ɦɪ²¹³),ye6,暂无
宝山·罗泾,雁(雁),[空],ye6(ɦɪ²¹³),ye6,暂无
宝山·罗泾,雨(雨),[空],yi6(ɦi²¹³),yi6,暂无
宝山·罗泾,馅(餡),[空],ye6(ɦɪ²¹³),ye6,暂无
宝山·罗泾,盐(鹽),醃,ye6(ɦɪ²¹³),ye6,暂无
宝山·罗泾,孕(孕),[空],yin6(ɦɪ̃²¹³),yin6,暂无
宝山·罗泾,幸(幸),[空],yin6(ɦɪ̃²¹³),yin6,暂无
宝山·罗泾,引(引),[空],yin6(ɦɪ̃²¹³),yin6,暂无
宝山·罗泾,晕(暈),[空],yin6(ɦɪ̃²¹³),yin6,暂无
宝山·罗泾,熨(熨),[空],yin6(ɦɪ̃²¹³),yin6,暂无
宝山·罗泾,颖(穎),[空],yin6(ɦɪ̃²¹³),yin6,暂无
宝山·罗泾,行(行),品~,yin6(ɦɪ̃²¹³),yin6,暂无
宝山·罗泾,运(運),[空],yin6(ɦɪ̃²¹³),yin6,暂无
宝山·罗泾,扬(揚),[空],yan2(ɦiã²³¹),yan2,暂无
宝山·罗泾,杨(楊),[空],yan2(ɦiã²³¹),yan2,暂无
宝山·罗泾,洋(洋),[空],yan2(ɦiã²³¹),yan2,暂无
宝山·罗泾,烊(烊),[空],yan2(ɦiã²³¹),yan2,暂无
宝山·罗泾,疡(瘍),[空],yan2(ɦiã²³¹),yan2,暂无
宝山·罗泾,羊(羊),[空],yan2(ɦiã²³¹),yan2,暂无
宝山·罗泾,崖(崖),[空],ya2(ɦiɑ²³¹),ya2,暂无
宝山·罗泾,暇(暇),[空],ya2(ɦiɑ²³¹),ya2,暂无
宝山·罗泾,涯(涯),[空],ya2(ɦiɑ²³¹),ya2,暂无
宝山·罗泾,爷(爺),[空],ya2(ɦiɑ²³¹),ya2,暂无
宝山·罗泾,瑕(瑕),[空],ya2(ɦiɑ²³¹),ya2,暂无
宝山·罗泾,谐(諧),[空],ya2(ɦiɑ²³¹),ya2,暂无
宝山·罗泾,遐(遐),[空],ya2(ɦiɑ²³¹),ya2,暂无
宝山·罗泾,霞(霞),[空],ya2(ɦiɑ²³¹),ya2,暂无
宝山·罗泾,样(樣),[空],yan6(ɦiã²¹³),yan6,暂无
宝山·罗泾,痒(癢),[空],yan6(ɦiã²¹³),yan6,暂无
宝山·罗泾,养(養),[空],yan6(ɦiã²¹³),yan6,暂无
宝山·罗泾,夜(夜),[空],ya6(ɦiɑ²¹³),ya6,暂无
宝山·罗泾,野(野),[空],ya6(ɦiɑ²¹³),ya6,暂无
宝山·罗泾,旺(旺),[空],yaon6(ɦiɒ̃²¹³),yaon6,暂无
宝山·罗泾,协(協),[空],yaq8(ɦiᴀʔ¹²),yaq8,暂无
宝山·罗泾,药(藥),[空],yaq8(ɦiᴀʔ¹²),yaq8,暂无
宝山·罗泾,跃(躍),[空],yaq8(ɦiᴀʔ¹²),yaq8,暂无
宝山·罗泾,钥(鑰),[空],yaq8(ɦiᴀʔ¹²),yaq8,暂无
宝山·罗泾,姚(姚),[空],yau2(ɦiɔ²³¹),yau2,暂无
宝山·罗泾,摇(搖),[空],yau2(ɦiɔ²³¹),yau2,暂无
宝山·罗泾,挠(撓),[空],yau2(ɦiɔ²³¹),yau2,暂无
宝山·罗泾,杳(杳),[空],yau2(ɦiɔ²³¹),yau2,暂无
宝山·罗泾,淆(淆),[空],yau2(ɦiɔ²³¹),yau2,暂无
宝山·罗泾,窑(窰),[空],yau2(ɦiɔ²³¹),yau2,暂无
宝山·罗泾,肴(肴),[空],yau2(ɦiɔ²³¹),yau2,暂无
宝山·罗泾,谣(謠),[空],yau2(ɦiɔ²³¹),yau2,暂无
宝山·罗泾,效(效),[空],yau6(ɦiɔ²¹³),yau6,暂无
宝山·罗泾,校(校),學~，上~,yau6(ɦiɔ²¹³),yau6,暂无
宝山·罗泾,耀(耀),[空],yau6(ɦiɔ²¹³),yau6,暂无
宝山·罗泾,鹞(鷂),[空],yau6(ɦiɔ²¹³),yau6,暂无
宝山·罗泾,乐(樂),音~,yaoq8(ɦiɔʔ¹²),yaoq8,暂无
宝山·罗泾,园(園),[空],yeu2(ɦiɤ²³¹),yeu2,暂无
宝山·罗泾,悬(懸),[空],yeu2(ɦiɤ²³¹),yeu2,暂无
宝山·罗泾,渊(淵),[空],yeu2(ɦiɤ²³¹),yeu2,暂无
宝山·罗泾,玄(玄),[空],yeu2(ɦiɤ²³¹),yeu2,暂无
宝山·罗泾,缘(緣),[空],yeu2(ɦiɤ²³¹),yeu2,暂无
宝山·罗泾,袁(袁),[空],yeu2(ɦiɤ²³¹),yeu2,暂无
宝山·罗泾,辕(轅),[空],yeu2(ɦiɤ²³¹),yeu2,暂无
宝山·罗泾,眩(眩),[空],yeu6(ɦiɤ²¹³),yeu6,暂无
宝山·罗泾,县(縣),[空],yeu6(ɦiɤ²¹³),yeu6,暂无
宝山·罗泾,远(遠),[空],yeu6(ɦiɤ²¹³),yeu6,暂无
宝山·罗泾,院(院),[空],yeu6(ɦiɤ²¹³),yeu6,暂无
宝山·罗泾,容(容),[空],yon2(ɦioŋ²³¹),yon2,暂无
宝山·罗泾,庸(庸),[空],yon2(ɦioŋ²³¹),yon2,暂无
宝山·罗泾,荣(榮),[空],yon2(ɦioŋ²³¹),yon2,暂无
宝山·罗泾,熊(熊),[空],yon2(ɦioŋ²³¹),yon2,暂无
宝山·罗泾,茸(茸),[空],yon2(ɦioŋ²³¹),yon2,暂无
宝山·罗泾,融(融),[空],yon2(ɦioŋ²³¹),yon2,暂无
宝山·罗泾,镕(鎔),[空],yon2(ɦioŋ²³¹),yon2,暂无
宝山·罗泾,雄(雄),[空],yon2(ɦioŋ²³¹),yon2,暂无
宝山·罗泾,用(用),[空],yon6(ɦioŋ²¹³),yon6,暂无
宝山·罗泾,域(域),[空],yoq8(ɦioʔ¹²),yoq8,暂无
宝山·罗泾,役(役),[空],yoq8(ɦioʔ¹²),yoq8,暂无
宝山·罗泾,悦(悅),[空],yoq8(ɦioʔ¹²),yoq8,暂无
宝山·罗泾,欲(慾),[空],yoq8(ɦioʔ¹²),yoq8,暂无
宝山·罗泾,曰(曰),[空],yoq8(ɦioʔ¹²),yoq8,暂无
宝山·罗泾,月(月),文,yoq8(ɦioʔ¹²),yoq8,暂无
宝山·罗泾,欲(欲),[空],yoq8(ɦioʔ¹²),yoq8,暂无
宝山·罗泾,浴(浴),[空],yoq8(ɦioʔ¹²),yoq8,暂无
宝山·罗泾,疫(疫),[空],yoq8(ɦioʔ¹²),yoq8,暂无
宝山·罗泾,穴(穴),[空],yoq8(ɦioʔ¹²),yoq8,暂无
宝山·罗泾,育(育),[空],yoq8(ɦioʔ¹²),yoq8,暂无
宝山·罗泾,越(越),[空],yoq8(ɦioʔ¹²),yoq8,暂无
宝山·罗泾,阅(閱),[空],yoq8(ɦioʔ¹²),yoq8,暂无
宝山·罗泾,亦(亦),[空],yiq8(ɦɪʔ¹²),yiq8,暂无
宝山·罗泾,拽(拽),[空],yiq8(ɦɪʔ¹²),yiq8,暂无
宝山·罗泾,液(液),[空],yiq8(ɦɪʔ¹²),yiq8,暂无
宝山·罗泾,翼(翼),[空],yiq8(ɦɪʔ¹²),yiq8,暂无
宝山·罗泾,腋(腋),[空],yiq8(ɦɪʔ¹²),yiq8,暂无
宝山·罗泾,叶(葉),[空],yiq8(ɦɪʔ¹²),yiq8,暂无
宝山·罗泾,译(譯),[空],yiq8(ɦɪʔ¹²),yiq8,暂无
宝山·罗泾,逸(逸),[空],yiq8(ɦɪʔ¹²),yiq8,暂无
宝山·罗泾,页(頁),[空],yiq8(ɦɪʔ¹²),yiq8,暂无
宝山·罗泾,宏(宏),[空],ghon2(ɦoŋ²³¹),ghon2,暂无
宝山·罗泾,弘(弘),[空],ghon2(ɦoŋ²³¹),ghon2,暂无
宝山·罗泾,洪(洪),[空],ghon2(ɦoŋ²³¹),ghon2,暂无
宝山·罗泾,红(紅),[空],ghon2(ɦoŋ²³¹),ghon2,暂无
宝山·罗泾,虹(虹),[空],ghon2(ɦoŋ²³¹),ghon2,暂无
宝山·罗泾,鸿(鴻),[空],ghon2(ɦoŋ²³¹),ghon2,暂无
宝山·罗泾,虹(虹),[空],ghon6(ɦoŋ²¹³),ghon6,暂无
宝山·罗泾,镬(鑊),[空],ghoq8(ɦoʔ¹²),ghoq8,暂无
宝山·罗泾,乎(乎),白,wu2(ɦu²³¹),wu2,暂无
宝山·罗泾,何(何),[空],wu2(ɦu²³¹),wu2,暂无
宝山·罗泾,吴(吳),[空],wu2(ɦu²³¹),wu2,暂无
宝山·罗泾,和(和),[空],wu2(ɦu²³¹),wu2,暂无
宝山·罗泾,壶(壺),[空],wu2(ɦu²³¹),wu2,暂无
宝山·罗泾,河(河),[空],wu2(ɦu²³¹),wu2,暂无
宝山·罗泾,狐(狐),[空],wu2(ɦu²³¹),wu2,暂无
宝山·罗泾,瓠(瓠),[空],wu2(ɦu²³¹),wu2,暂无
宝山·罗泾,禾(禾),[空],wu2(ɦu²³¹),wu2,暂无
宝山·罗泾,胡(胡),[空],wu2(ɦu²³¹),wu2,暂无
宝山·罗泾,荷(荷),[空],wu2(ɦu²³¹),wu2,暂无
宝山·罗泾,蜈(蜈),[空],wu2(ɦu²³¹),wu2,暂无
宝山·罗泾,胡(鬍),[空],wu2(ɦu²³¹),wu2,暂无
宝山·罗泾,伍(伍),[空],wu6(ɦu²¹³),wu6,暂无
宝山·罗泾,午(午),[空],wu6(ɦu²¹³),wu6,暂无
宝山·罗泾,和(和),~麪,wu6(ɦu²¹³),wu6,暂无
宝山·罗泾,悟(悟),[空],wu6(ɦu²¹³),wu6,暂无
宝山·罗泾,戊(戊),[空],wu6(ɦu²¹³),wu6,暂无
宝山·罗泾,户(戶),[空],wu6(ɦu²¹³),wu6,暂无
宝山·罗泾,沪(滬),[空],wu6(ɦu²¹³),wu6,暂无
宝山·罗泾,祸(禍),[空],wu6(ɦu²¹³),wu6,暂无
宝山·罗泾,护(護),[空],wu6(ɦu²¹³),wu6,暂无
宝山·罗泾,贺(賀),[空],wu6(ɦu²¹³),wu6,暂无
宝山·罗泾,横(橫),[空],wan2(ɦuã²³¹),wan2,暂无
宝山·罗泾,槐(槐),[空],wa2(ɦuɑ²³¹),wa2,暂无
宝山·罗泾,淮(淮),[空],wa2(ɦuɑ²³¹),wa2,暂无
宝山·罗泾,狂(狂),[空],waon2(ɦuɒ̃²³¹),waon2,暂无
宝山·罗泾,皇(皇),[空],waon2(ɦuɒ̃²³¹),waon2,暂无
宝山·罗泾,簧(簧),[空],waon2(ɦuɒ̃²³¹),waon2,暂无
宝山·罗泾,蝗(蝗),[空],waon2(ɦuɒ̃²³¹),waon2,暂无
宝山·罗泾,黄(黃),[空],waon2(ɦuɒ̃²³¹),waon2,暂无
宝山·罗泾,横(橫),[空],wan6(ɦuã²¹³),wan6,暂无
宝山·罗泾,坏(壞),[空],wa6(ɦuɑ²¹³),wa6,暂无
宝山·罗泾,妄(妄),[空],waon6(ɦuɒ̃²¹³),waon6,暂无
宝山·罗泾,旺(旺),[空],waon6(ɦuɒ̃²¹³),waon6,暂无
宝山·罗泾,望(望),文,waon6(ɦuɒ̃²¹³),waon6,暂无
宝山·罗泾,枉(枉),[空],waon6(ɦuɒ̃²¹³),waon6,暂无
宝山·罗泾,王(王),[空],waon6(ɦuɒ̃²¹³),waon6,暂无
宝山·罗泾,逛(逛),[空],waon6(ɦuɒ̃²¹³),waon6,暂无
宝山·罗泾,划(劃),[空],waq8(ɦuᴀʔ¹²),waq8,暂无
宝山·罗泾,活(活),[空],waq8(ɦuᴀʔ¹²),waq8,暂无
宝山·罗泾,滑(滑),[空],waq8(ɦuᴀʔ¹²),waq8,暂无
宝山·罗泾,猾(猾),[空],waq8(ɦuᴀʔ¹²),waq8,暂无
宝山·罗泾,怀(懷),[空],wae2(ɦuɛ²³¹),wae2,暂无
宝山·罗泾,桓(桓),[空],wae2(ɦuɛ²³¹),wae2,暂无
宝山·罗泾,还(還),[空],wae2(ɦuɛ²³¹),wae2,暂无
宝山·罗泾,顽(頑),~皮,wae2(ɦuɛ²³¹),wae2,暂无
宝山·罗泾,混(混),[空],wen2(ɦuɛ̃²³¹),wen2,暂无
宝山·罗泾,馄(餛),[空],wen2(ɦuɛ̃²³¹),wen2,暂无
宝山·罗泾,魂(魂),[空],wen2(ɦuɛ̃²³¹),wen2,暂无
宝山·罗泾,患(患),[空],wae6(ɦuɛ²¹³),wae6,暂无
宝山·罗泾,混(混),[空],wen6(ɦuɛ̃²¹³),wen6,暂无
宝山·罗泾,划(划),[空],weu2(ɦuɤ²³¹),weu2,暂无
宝山·罗泾,华(華),中~,weu2(ɦuɤ²³¹),weu2,暂无
宝山·罗泾,铧(鏵),[空],weu2(ɦuɤ²³¹),weu2,暂无
宝山·罗泾,桦(樺),[空],weu6(ɦuɤ²¹³),weu6,暂无
宝山·罗泾,画(畫),[空],weu6(ɦuɤ²¹³),weu6,暂无
宝山·罗泾,华(華),~山,weu6(ɦuɤ²¹³),weu6,暂无
宝山·罗泾,话(話),[空],weu6(ɦuɤ²¹³),weu6,暂无
宝山·罗泾,完(完),[空],we2(ɦuɪ²³¹),we2,暂无
宝山·罗泾,换(換),[空],we6(ɦuɪ²¹³),we6,暂无
宝山·罗泾,玩(玩),[空],we6(ɦuɪ²¹³),we6,暂无
宝山·罗泾,丸(丸),[空],wai2(ɦuʌɜ²³¹),wai2,暂无
宝山·罗泾,危(危),[空],wai2(ɦuʌɜ²³¹),wai2,暂无
宝山·罗泾,回(回),[空],wai2(ɦuʌɜ²³¹),wai2,暂无
宝山·罗泾,围(圍),文,wai2(ɦuʌɜ²³¹),wai2,暂无
宝山·罗泾,茴(茴),[空],wai2(ɦuʌɜ²³¹),wai2,暂无
宝山·罗泾,违(違),[空],wai2(ɦuʌɜ²³¹),wai2,暂无
宝山·罗泾,麾(麾),[空],wai2(ɦuʌɜ²³¹),wai2,暂无
宝山·罗泾,位(位),[空],wai6(ɦuʌɜ²¹³),wai6,暂无
宝山·罗泾,伟(偉),[空],wai6(ɦuʌɜ²¹³),wai6,暂无
宝山·罗泾,伪(偽),[空],wai6(ɦuʌɜ²¹³),wai6,暂无
宝山·罗泾,汇(匯),[空],wai6(ɦuʌɜ²¹³),wai6,暂无
宝山·罗泾,宦(宦),[空],wai6(ɦuʌɜ²¹³),wai6,暂无
宝山·罗泾,汇(彙),[空],wai6(ɦuʌɜ²¹³),wai6,暂无
宝山·罗泾,惠(惠),[空],wai6(ɦuʌɜ²¹³),wai6,暂无
宝山·罗泾,慧(慧),[空],wai6(ɦuʌɜ²¹³),wai6,暂无
宝山·罗泾,会(會),開~，不~,wai6(ɦuʌɜ²¹³),wai6,暂无
宝山·罗泾,为(為),[空],wai6(ɦuʌɜ²¹³),wai6,暂无
宝山·罗泾,纬(緯),[空],wai6(ɦuʌɜ²¹³),wai6,暂无
宝山·罗泾,胃(胃),[空],wai6(ɦuʌɜ²¹³),wai6,暂无
宝山·罗泾,苇(葦),[空],wai6(ɦuʌɜ²¹³),wai6,暂无
宝山·罗泾,猬(蝟),[空],wai6(ɦuʌɜ²¹³),wai6,暂无
宝山·罗泾,卫(衛),[空],wai6(ɦuʌɜ²¹³),wai6,暂无
宝山·罗泾,讳(諱),[空],wai6(ɦuʌɜ²¹³),wai6,暂无
宝山·罗泾,谓(謂),[空],wai6(ɦuʌɜ²¹³),wai6,暂无
宝山·罗泾,魏(魏),[空],wai6(ɦuʌɜ²¹³),wai6,暂无
宝山·罗泾,侯(侯),[空],ghai2(ɦʌɜ²³¹),ghai2,暂无
宝山·罗泾,喉(喉),[空],ghai2(ɦʌɜ²³¹),ghai2,暂无
宝山·罗泾,猴(猴),[空],ghai2(ɦʌɜ²³¹),ghai2,暂无
宝山·罗泾,候(候),[空],ghai6(ɦʌɜ²¹³),ghai6,暂无
宝山·罗泾,厚(厚),[空],ghai6(ɦʌɜ²¹³),ghai6,暂无
宝山·罗泾,后(后),[空],ghai6(ɦʌɜ²¹³),ghai6,暂无
宝山·罗泾,后(後),[空],ghai6(ɦʌɜ²¹³),ghai6,暂无
宝山·罗泾,于(于),[空],yu2(ɦy²³¹),yu2,暂无
宝山·罗泾,余(余),[空],yu2(ɦy²³¹),yu2,暂无
宝山·罗泾,愉(愉),[空],yu2(ɦy²³¹),yu2,暂无
宝山·罗泾,于(於),[空],yu2(ɦy²³¹),yu2,暂无
宝山·罗泾,油(油),[空],yu2(ɦy²³¹),yu2,暂无
宝山·罗泾,游(游),[空],yu2(ɦy²³¹),yu2,暂无
宝山·罗泾,渔(漁),[空],yu2(ɦy²³¹),yu2,暂无
宝山·罗泾,犹(猶),[空],yu2(ɦy²³¹),yu2,暂无
宝山·罗泾,由(由),[空],yu2(ɦy²³¹),yu2,暂无
宝山·罗泾,盂(盂),[空],yu2(ɦy²³¹),yu2,暂无
宝山·罗泾,虞(虞),[空],yu2(ɦy²³¹),yu2,暂无
宝山·罗泾,迂(迂),[空],yu2(ɦy²³¹),yu2,暂无
宝山·罗泾,逾(逾),[空],yu2(ɦy²³¹),yu2,暂无
宝山·罗泾,游(遊),[空],yu2(ɦy²³¹),yu2,暂无
宝山·罗泾,邮(郵),[空],yu2(ɦy²³¹),yu2,暂无
宝山·罗泾,余(餘),[空],yu2(ɦy²³¹),yu2,暂无
宝山·罗泾,鱼(魚),文,yu2(ɦy²³¹),yu2,暂无
宝山·罗泾,佑(佑),[空],yu6(ɦy²¹³),yu6,暂无
宝山·罗泾,又(又),[空],yu6(ɦy²¹³),yu6,暂无
宝山·罗泾,友(友),[空],yu6(ɦy²¹³),yu6,暂无
宝山·罗泾,右(右),[空],yu6(ɦy²¹³),yu6,暂无
宝山·罗泾,喻(喻),[空],yu6(ɦy²¹³),yu6,暂无
宝山·罗泾,宇(宇),[空],yu6(ɦy²¹³),yu6,暂无
宝山·罗泾,有(有),[空],yu6(ɦy²¹³),yu6,暂无
宝山·罗泾,柚(柚),[空],yu6(ɦy²¹³),yu6,暂无
宝山·罗泾,与(與),[空],yu6(ɦy²¹³),yu6,暂无
宝山·罗泾,莠(莠),[空],yu6(ɦy²¹³),yu6,暂无
宝山·罗泾,裕(裕),[空],yu6(ɦy²¹³),yu6,暂无
宝山·罗泾,诱(誘),[空],yu6(ɦy²¹³),yu6,暂无
宝山·罗泾,豫(豫),[空],yu6(ɦy²¹³),yu6,暂无
宝山·罗泾,酉(酉),[空],yu6(ɦy²¹³),yu6,暂无
宝山·罗泾,釉(釉),[空],yu6(ɦy²¹³),yu6,暂无
宝山·罗泾,雨(雨),[空],yu6(ɦy²¹³),yu6,暂无
宝山·罗泾,预(預),[空],yu6(ɦy²¹³),yu6,暂无
宝山·罗泾,鼬(鼬),[空],yu6(ɦy²¹³),yu6,暂无
宝山·罗泾,庚(庚),[空],kan1(kã⁵²),kan1,暂无
宝山·罗泾,更(更),[空],kan1(kã⁵²),kan1,暂无
宝山·罗泾,粳(粳),[空],kan1(kã⁵²),kan1,暂无
宝山·罗泾,羹(羹),[空],kan1(kã⁵²),kan1,暂无
宝山·罗泾,家(傢),[空],ka1(kɑ⁵²),ka1,暂无
宝山·罗泾,加(加),[空],ka1(kɑ⁵²),ka1,暂无
宝山·罗泾,嘉(嘉),[空],ka1(kɑ⁵²),ka1,暂无
宝山·罗泾,家(家),白,ka1(kɑ⁵²),ka1,暂无
宝山·罗泾,痂(痂),[空],ka1(kɑ⁵²),ka1,暂无
宝山·罗泾,街(街),[空],ka1(kɑ⁵²),ka1,暂无
宝山·罗泾,解(解),白,ka1(kɑ⁵²),ka1,暂无
宝山·罗泾,阶(階),白,ka1(kɑ⁵²),ka1,暂无
宝山·罗泾,刚(剛),[空],kaon1(kɒ̃⁵²),kaon1,暂无
宝山·罗泾,冈(岡),[空],kaon1(kɒ̃⁵²),kaon1,暂无
宝山·罗泾,岗(崗),[空],kaon1(kɒ̃⁵²),kaon1,暂无
宝山·罗泾,扛(扛),[空],kaon1(kɒ̃⁵²),kaon1,暂无
宝山·罗泾,江(江),[空],kaon1(kɒ̃⁵²),kaon1,暂无
宝山·罗泾,纲(綱),[空],kaon1(kɒ̃⁵²),kaon1,暂无
宝山·罗泾,缸(缸),[空],kaon1(kɒ̃⁵²),kaon1,暂无
宝山·罗泾,豇(豇),[空],kaon1(kɒ̃⁵²),kaon1,暂无
宝山·罗泾,钢(鋼),[空],kaon1(kɒ̃⁵²),kaon1,暂无
宝山·罗泾,哽(哽),[空],kan3(kã³³⁴),kan3,暂无
宝山·罗泾,埂(埂),[空],kan3(kã³³⁴),kan3,暂无
宝山·罗泾,梗(梗),[空],kan3(kã³³⁴),kan3,暂无
宝山·罗泾,介(介),白,ka3(kɑ³³⁴),ka3,暂无
宝山·罗泾,假(假),白,ka3(kɑ³³⁴),ka3,暂无
宝山·罗泾,价(價),[空],ka3(kɑ³³⁴),ka3,暂无
宝山·罗泾,嫁(嫁),[空],ka3(kɑ³³⁴),ka3,暂无
宝山·罗泾,尬(尬),[空],ka3(kɑ³³⁴),ka3,暂无
宝山·罗泾,届(屆),白,ka3(kɑ³³⁴),ka3,暂无
宝山·罗泾,戒(戒),[空],ka3(kɑ³³⁴),ka3,暂无
宝山·罗泾,架(架),[空],ka3(kɑ³³⁴),ka3,暂无
宝山·罗泾,界(界),白,ka3(kɑ³³⁴),ka3,暂无
宝山·罗泾,疥(疥),[空],ka3(kɑ³³⁴),ka3,暂无
宝山·罗泾,芥(芥),[空],ka3(kɑ³³⁴),ka3,暂无
宝山·罗泾,贾(賈),[空],ka3(kɑ³³⁴),ka3,暂无
宝山·罗泾,杠(杠),[空],kaon3(kɒ̃³³⁴),kaon3,暂无
宝山·罗泾,港(港),[空],kaon3(kɒ̃³³⁴),kaon3,暂无
宝山·罗泾,讲(講),[空],kaon3(kɒ̃³³⁴),kaon3,暂无
宝山·罗泾,降(降),下~,kaon3(kɒ̃³³⁴),kaon3,暂无
宝山·罗泾,夹(夾),[空],kaq7(kᴀʔ⁴),kaq7,暂无
宝山·罗泾,格(格),[空],kaq7(kᴀʔ⁴),kaq7,暂无
宝山·罗泾,胛(胛),[空],kaq7(kᴀʔ⁴),kaq7,暂无
宝山·罗泾,蛤(蛤),[空],kaq7(kᴀʔ⁴),kaq7,暂无
宝山·罗泾,裌(裌),[空],kaq7(kᴀʔ⁴),kaq7,暂无
宝山·罗泾,隔(隔),[空],kaq7(kᴀʔ⁴),kaq7,暂无
宝山·罗泾,交(交),白,kau1(kɔ⁵²),kau1,暂无
宝山·罗泾,教(教),~書,kau1(kɔ⁵²),kau1,暂无
宝山·罗泾,篙(篙),[空],kau1(kɔ⁵²),kau1,暂无
宝山·罗泾,糕(糕),[空],kau1(kɔ⁵²),kau1,暂无
宝山·罗泾,羔(羔),[空],kau1(kɔ⁵²),kau1,暂无
宝山·罗泾,膏(膏),[空],kau1(kɔ⁵²),kau1,暂无
宝山·罗泾,胶(膠),白,kau1(kɔ⁵²),kau1,暂无
宝山·罗泾,高(高),[空],kau1(kɔ⁵²),kau1,暂无
宝山·罗泾,告(告),[空],kau3(kɔ³³⁴),kau3,暂无
宝山·罗泾,告(告),[空],kau3(kɔ³³⁴),kau3,暂无
宝山·罗泾,窖(窖),白,kau3(kɔ³³⁴),kau3,暂无
宝山·罗泾,绞(絞),白,kau3(kɔ³³⁴),kau3,暂无
宝山·罗泾,觉(覺),睡~,kau3(kɔ³³⁴),kau3,暂无
宝山·罗泾,酵(酵),白,kau3(kɔ³³⁴),kau3,暂无
宝山·罗泾,铰(鉸),[空],kau3(kɔ³³⁴),kau3,暂无
宝山·罗泾,各(各),[空],kaoq7(kɔʔ⁴),kaoq7,暂无
宝山·罗泾,搁(擱),[空],kaoq7(kɔʔ⁴),kaoq7,暂无
宝山·罗泾,角(角),[空],kaoq7(kɔʔ⁴),kaoq7,暂无
宝山·罗泾,阁(閣),[空],kaoq7(kɔʔ⁴),kaoq7,暂无
宝山·罗泾,尴(尷),[空],kae1(kɛ⁵²),kae1,暂无
宝山·罗泾,监(監),[空],kae1(kɛ⁵²),kae1,暂无
宝山·罗泾,该(該),[空],kae1(kɛ⁵²),kae1,暂无
宝山·罗泾,间(間),白,kae1(kɛ⁵²),kae1,暂无
宝山·罗泾,更(更),[空],ken1(kɛ̃⁵²),ken1,暂无
宝山·罗泾,根(根),[空],ken1(kɛ̃⁵²),ken1,暂无
宝山·罗泾,耕(耕),[空],ken1(kɛ̃⁵²),ken1,暂无
宝山·罗泾,跟(跟),[空],ken1(kɛ̃⁵²),ken1,暂无
宝山·罗泾,丐(丐),[空],kae3(kɛ³³⁴),kae3,暂无
宝山·罗泾,姓(姓),[空],kae3(kɛ³³⁴),kae3,暂无
宝山·罗泾,拣(揀),[空],kae3(kɛ³³⁴),kae3,暂无
宝山·罗泾,改(改),[空],kae3(kɛ³³⁴),kae3,暂无
宝山·罗泾,概(概),[空],kae3(kɛ³³⁴),kae3,暂无
宝山·罗泾,橄(橄),[空],kae3(kɛ³³⁴),kae3,暂无
宝山·罗泾,减(減),[空],kae3(kɛ³³⁴),kae3,暂无
宝山·罗泾,溉(溉),[空],kae3(kɛ³³⁴),kae3,暂无
宝山·罗泾,盖(蓋),姓,kae3(kɛ³³⁴),kae3,暂无
宝山·罗泾,裥(襇),[空],kae3(kɛ³³⁴),kae3,暂无
宝山·罗泾,更(更),~加,ken3(kɛ̃³³⁴),ken3,暂无
宝山·罗泾,耿(耿),[空],ken3(kɛ̃³³⁴),ken3,暂无
宝山·罗泾,割(割),[空],keq7(kəʔ⁴),keq7,暂无
宝山·罗泾,胳(胳),[空],keq7(kəʔ⁴),keq7,暂无
宝山·罗泾,鸽(鴿),[空],keq7(kəʔ⁴),keq7,暂无
宝山·罗泾,干(乾),[空],keu1(kɤ⁵²),keu1,暂无
宝山·罗泾,干(干),[空],keu1(kɤ⁵²),keu1,暂无
宝山·罗泾,竿(竿),[空],keu1(kɤ⁵²),keu1,暂无
宝山·罗泾,肝(肝),[空],keu1(kɤ⁵²),keu1,暂无
宝山·罗泾,锯(鋸),[空],keu1(kɤ⁵²),keu1,暂无
宝山·罗泾,干(幹),[空],keu3(kɤ³³⁴),keu3,暂无
宝山·罗泾,擀(擀),[空],keu3(kɤ³³⁴),keu3,暂无
宝山·罗泾,杆(桿),[空],keu3(kɤ³³⁴),keu3,暂无
宝山·罗泾,秆(稈),[空],keu3(kɤ³³⁴),keu3,暂无
宝山·罗泾,赶(趕),[空],keu3(kɤ³³⁴),keu3,暂无
宝山·罗泾,坑(坑),[空],khan1(kʰã⁵²),khan1,暂无
宝山·罗泾,揩(揩),[空],kha1(kʰɑ⁵²),kha1,暂无
宝山·罗泾,康(康),[空],khaon1(kʰɒ̃⁵²),khaon1,暂无
宝山·罗泾,慷(慷),[空],khaon1(kʰɒ̃⁵²),khaon1,暂无
宝山·罗泾,糠(糠),[空],khaon1(kʰɒ̃⁵²),khaon1,暂无
宝山·罗泾,楷(楷),[空],kha3(kʰɑ³³⁴),kha3,暂无
宝山·罗泾,囥(囥),[空],khaon3(kʰɒ̃³³⁴),khaon3,暂无
宝山·罗泾,抗(抗),[空],khaon3(kʰɒ̃³³⁴),khaon3,暂无
宝山·罗泾,炕(炕),[空],khaon3(kʰɒ̃³³⁴),khaon3,暂无
宝山·罗泾,客(客),[空],khaq7(kʰᴀʔ⁴),khaq7,暂无
宝山·罗泾,掐(掐),[空],khaq7(kʰᴀʔ⁴),khaq7,暂无
宝山·罗泾,揢(揢),[空],khaq7(kʰᴀʔ⁴),khaq7,暂无
宝山·罗泾,敲(敲),[空],khau1(kʰɔ⁵²),khau1,暂无
宝山·罗泾,烤(烤),[空],khau3(kʰɔ³³⁴),khau3,暂无
宝山·罗泾,犒(犒),[空],khau3(kʰɔ³³⁴),khau3,暂无
宝山·罗泾,考(考),[空],khau3(kʰɔ³³⁴),khau3,暂无
宝山·罗泾,靠(靠),[空],khau3(kʰɔ³³⁴),khau3,暂无
宝山·罗泾,壳(殼),[空],khaoq7(kʰɔʔ⁴),khaoq7,暂无
宝山·罗泾,铅(鉛),[空],khae1(kʰɛ⁵²),khae1,暂无
宝山·罗泾,开(開),[空],khae1(kʰɛ⁵²),khae1,暂无
宝山·罗泾,龛(龕),[空],khae1(kʰɛ⁵²),khae1,暂无
宝山·罗泾,凯(凱),[空],khae3(kʰɛ³³⁴),khae3,暂无
宝山·罗泾,嵌(嵌),[空],khae3(kʰɛ³³⁴),khae3,暂无
宝山·罗泾,慨(慨),[空],khae3(kʰɛ³³⁴),khae3,暂无
宝山·罗泾,舰(艦),[空],khae3(kʰɛ³³⁴),khae3,暂无
宝山·罗泾,垦(墾),[空],khen3(kʰɛ̃³³⁴),khen3,暂无
宝山·罗泾,恳(懇),[空],khen3(kʰɛ̃³³⁴),khen3,暂无
宝山·罗泾,肯(肯),[空],khen3(kʰɛ̃³³⁴),khen3,暂无
宝山·罗泾,龈(齦),[空],khen3(kʰɛ̃³³⁴),khen3,暂无
宝山·罗泾,克(克),[空],kheq7(kʰəʔ⁴),kheq7,暂无
宝山·罗泾,刻(刻),[空],kheq7(kʰəʔ⁴),kheq7,暂无
宝山·罗泾,咳(咳),[空],kheq7(kʰəʔ⁴),kheq7,暂无
宝山·罗泾,渴(渴),[空],kheq7(kʰəʔ⁴),kheq7,暂无
宝山·罗泾,磕(磕),[空],kheq7(kʰəʔ⁴),kheq7,暂无
宝山·罗泾,刊(刊),[空],kheu1(kʰɤ⁵²),kheu1,暂无
宝山·罗泾,看(看),~守,kheu1(kʰɤ⁵²),kheu1,暂无
宝山·罗泾,看(看),~見,kheu3(kʰɤ³³⁴),kheu3,暂无
宝山·罗泾,堪(堪),[空],khie1(kʰɪ⁵²),khie1,暂无
宝山·罗泾,勘(勘),[空],khie3(kʰɪ³³⁴),khie3,暂无
宝山·罗泾,坎(坎),[空],khie3(kʰɪ³³⁴),khie3,暂无
宝山·罗泾,砍(砍),[空],khie3(kʰɪ³³⁴),khie3,暂无
宝山·罗泾,空(空),~虛,khon1(kʰoŋ⁵²),khon1,暂无
宝山·罗泾,孔(孔),[空],khon3(kʰoŋ³³⁴),khon3,暂无
宝山·罗泾,恐(恐),[空],khon3(kʰoŋ³³⁴),khon3,暂无
宝山·罗泾,控(控),[空],khon3(kʰoŋ³³⁴),khon3,暂无
宝山·罗泾,空(空),~缺,khon3(kʰoŋ³³⁴),khon3,暂无
宝山·罗泾,咳(咳),[空],khoq7(kʰoʔ⁴),khoq7,暂无
宝山·罗泾,哭(哭),[空],khoq7(kʰoʔ⁴),khoq7,暂无
宝山·罗泾,廓(廓),[空],khoq7(kʰoʔ⁴),khoq7,暂无
宝山·罗泾,窟(窟),[空],khoq7(kʰoʔ⁴),khoq7,暂无
宝山·罗泾,酷(酷),[空],khoq7(kʰoʔ⁴),khoq7,暂无
宝山·罗泾,枯(枯),[空],khu1(kʰu⁵²),khu1,暂无
宝山·罗泾,棵(棵),[空],khu1(kʰu⁵²),khu1,暂无
宝山·罗泾,科(科),[空],khu1(kʰu⁵²),khu1,暂无
宝山·罗泾,窠(窠),[空],khu1(kʰu⁵²),khu1,暂无
宝山·罗泾,颗(顆),[空],khu1(kʰu⁵²),khu1,暂无
宝山·罗泾,可(可),[空],khu3(kʰu³³⁴),khu3,暂无
宝山·罗泾,库(庫),[空],khu3(kʰu³³⁴),khu3,暂无
宝山·罗泾,苦(苦),[空],khu3(kʰu³³⁴),khu3,暂无
宝山·罗泾,裤(褲),[空],khu3(kʰu³³⁴),khu3,暂无
宝山·罗泾,课(課),[空],khu3(kʰu³³⁴),khu3,暂无
宝山·罗泾,夸(誇),[空],khua1(kʰuɑ⁵²),khua1,暂无
宝山·罗泾,匡(匡),[空],khuaon1(kʰuɒ̃⁵²),khuaon1,暂无
宝山·罗泾,眶(眶),[空],khuaon1(kʰuɒ̃⁵²),khuaon1,暂无
宝山·罗泾,筐(筐),[空],khuaon1(kʰuɒ̃⁵²),khuaon1,暂无
宝山·罗泾,垮(垮),[空],khua3(kʰuɑ³³⁴),khua3,暂无
宝山·罗泾,快(快),[空],khua3(kʰuɑ³³⁴),khua3,暂无
宝山·罗泾,跨(跨),[空],khua3(kʰuɑ³³⁴),khua3,暂无
宝山·罗泾,旷(曠),[空],khuaon3(kʰuɒ̃³³⁴),khuaon3,暂无
宝山·罗泾,矿(礦),[空],khuaon3(kʰuɒ̃³³⁴),khuaon3,暂无
宝山·罗泾,阔(闊),[空],khuaq7(kʰuᴀʔ⁴),khuaq7,暂无
宝山·罗泾,筷(筷),[空],khuae1(kʰuɛ⁵²),khuae1,暂无
宝山·罗泾,坤(坤),[空],khuen1(kʰuɛ̃⁵²),khuen1,暂无
宝山·罗泾,昆(崑),[空],khuen1(kʰuɛ̃⁵²),khuen1,暂无
宝山·罗泾,昆(昆),[空],khuen1(kʰuɛ̃⁵²),khuen1,暂无
宝山·罗泾,困(困),[空],khuen3(kʰuɛ̃³³⁴),khuen3,暂无
宝山·罗泾,捆(綑),[空],khuen3(kʰuɛ̃³³⁴),khuen3,暂无
宝山·罗泾,扩(擴),[空],khueq7(kʰuəʔ⁴),khueq7,暂无
宝山·罗泾,夸(誇),[空],khueu1(kʰuɤ⁵²),khueu1,暂无
宝山·罗泾,侉(侉),[空],khueu3(kʰuɤ³³⁴),khueu3,暂无
宝山·罗泾,垮(垮),[空],khueu3(kʰuɤ³³⁴),khueu3,暂无
宝山·罗泾,跨(跨),[空],khueu3(kʰuɤ³³⁴),khueu3,暂无
宝山·罗泾,宽(寬),[空],khue1(kʰuɪ⁵²),khue1,暂无
宝山·罗泾,款(款),[空],khue3(kʰuɪ³³⁴),khue3,暂无
宝山·罗泾,盔(盔),[空],khuai1(kʰuʌɜ⁵²),khuai1,暂无
宝山·罗泾,窥(窺),[空],khuai1(kʰuʌɜ⁵²),khuai1,暂无
宝山·罗泾,亏(虧),文,khuai1(kʰuʌɜ⁵²),khuai1,暂无
宝山·罗泾,魁(魁),[空],khuai1(kʰuʌɜ⁵²),khuai1,暂无
宝山·罗泾,傀(傀),[空],khuai3(kʰuʌɜ³³⁴),khuai3,暂无
宝山·罗泾,块(塊),[空],khuai3(kʰuʌɜ³³⁴),khuai3,暂无
宝山·罗泾,蒯(蒯),[空],khuai3(kʰuʌɜ³³⁴),khuai3,暂无
宝山·罗泾,剾(剾),[空],khai1(kʰʌɜ⁵²),khai1,暂无
宝山·罗泾,抠(摳),[空],khai1(kʰʌɜ⁵²),khai1,暂无
宝山·罗泾,口(口),[空],khai3(kʰʌɜ³³⁴),khai3,暂无
宝山·罗泾,寇(寇),[空],khai3(kʰʌɜ³³⁴),khai3,暂无
宝山·罗泾,扣(扣),[空],khai3(kʰʌɜ³³⁴),khai3,暂无
宝山·罗泾,柑(柑),[空],kie1(kɪ⁵²),kie1,暂无
宝山·罗泾,泔(泔),[空],kie1(kɪ⁵²),kie1,暂无
宝山·罗泾,甘(甘),[空],kie1(kɪ⁵²),kie1,暂无
宝山·罗泾,感(感),[空],kie3(kɪ³³⁴),kie3,暂无
宝山·罗泾,敢(敢),[空],kie3(kɪ³³⁴),kie3,暂无
宝山·罗泾,盖(蓋),[空],kie3(kɪ³³⁴),kie3,暂无
宝山·罗泾,供(供),~給,kon1(koŋ⁵²),kon1,暂无
宝山·罗泾,公(公),[空],kon1(koŋ⁵²),kon1,暂无
宝山·罗泾,功(功),[空],kon1(koŋ⁵²),kon1,暂无
宝山·罗泾,宫(宮),[空],kon1(koŋ⁵²),kon1,暂无
宝山·罗泾,宫(宮),[空],kon1(koŋ⁵²),kon1,暂无
宝山·罗泾,工(工),[空],kon1(koŋ⁵²),kon1,暂无
宝山·罗泾,弓(弓),[空],kon1(koŋ⁵²),kon1,暂无
宝山·罗泾,恭(恭),[空],kon1(koŋ⁵²),kon1,暂无
宝山·罗泾,攻(攻),[空],kon1(koŋ⁵²),kon1,暂无
宝山·罗泾,蚣(蚣),[空],kon1(koŋ⁵²),kon1,暂无
宝山·罗泾,躬(躬),[空],kon1(koŋ⁵²),kon1,暂无
宝山·罗泾,拱(拱),[空],kon3(koŋ³³⁴),kon3,暂无
宝山·罗泾,汞(汞),[空],kon3(koŋ³³⁴),kon3,暂无
宝山·罗泾,贡(貢),[空],kon3(koŋ³³⁴),kon3,暂无
宝山·罗泾,巩(鞏),[空],kon3(koŋ³³⁴),kon3,暂无
宝山·罗泾,割(割),[空],koq7(koʔ⁴),koq7,暂无
宝山·罗泾,榖(榖),[空],koq7(koʔ⁴),koq7,暂无
宝山·罗泾,葛(葛),[空],koq7(koʔ⁴),koq7,暂无
宝山·罗泾,谷(谷),[空],koq7(koʔ⁴),koq7,暂无
宝山·罗泾,郭(郭),[空],koq7(koʔ⁴),koq7,暂无
宝山·罗泾,哥(哥),[空],ku1(ku⁵²),ku1,暂无
宝山·罗泾,姑(姑),[空],ku1(ku⁵²),ku1,暂无
宝山·罗泾,孤(孤),[空],ku1(ku⁵²),ku1,暂无
宝山·罗泾,歌(歌),[空],ku1(ku⁵²),ku1,暂无
宝山·罗泾,箍(箍),[空],ku1(ku⁵²),ku1,暂无
宝山·罗泾,蜗(蝸),[空],ku1(ku⁵²),ku1,暂无
宝山·罗泾,锅(鍋),[空],ku1(ku⁵²),ku1,暂无
宝山·罗泾,估(估),[空],ku3(ku³³⁴),ku3,暂无
宝山·罗泾,个(個),[空],ku3(ku³³⁴),ku3,暂无
宝山·罗泾,古(古),[空],ku3(ku³³⁴),ku3,暂无
宝山·罗泾,固(固),[空],ku3(ku³³⁴),ku3,暂无
宝山·罗泾,故(故),[空],ku3(ku³³⁴),ku3,暂无
宝山·罗泾,果(果),[空],ku3(ku³³⁴),ku3,暂无
宝山·罗泾,牯(牯),[空],ku3(ku³³⁴),ku3,暂无
宝山·罗泾,股(股),[空],ku3(ku³³⁴),ku3,暂无
宝山·罗泾,锢(錮),[空],ku3(ku³³⁴),ku3,暂无
宝山·罗泾,雇(雇),[空],ku3(ku³³⁴),ku3,暂无
宝山·罗泾,顾(顧),[空],ku3(ku³³⁴),ku3,暂无
宝山·罗泾,鼓(鼓),[空],ku3(ku³³⁴),ku3,暂无
宝山·罗泾,乖(乖),[空],kua1(kuɑ⁵²),kua1,暂无
宝山·罗泾,光(光),[空],kuaon1(kuɒ̃⁵²),kuaon1,暂无
宝山·罗泾,剐(剮),[空],kua3(kuɑ³³⁴),kua3,暂无
宝山·罗泾,怪(怪),[空],kua3(kuɑ³³⁴),kua3,暂无
宝山·罗泾,拐(拐),[空],kua3(kuɑ³³⁴),kua3,暂无
宝山·罗泾,广(廣),[空],kuaon3(kuɒ̃³³⁴),kuaon3,暂无
宝山·罗泾,刮(刮),[空],kuaq7(kuᴀʔ⁴),kuaq7,暂无
宝山·罗泾,括(括),[空],kuaq7(kuᴀʔ⁴),kuaq7,暂无
宝山·罗泾,虢(虢),[空],kuaq7(kuᴀʔ⁴),kuaq7,暂无
宝山·罗泾,关(關),[空],kuae1(kuɛ⁵²),kuae1,暂无
宝山·罗泾,惯(慣),[空],kuae3(kuɛ³³⁴),kuae3,暂无
宝山·罗泾,贯(貫),[空],kuae3(kuɛ³³⁴),kuae3,暂无
宝山·罗泾,棍(棍),[空],kuen3(kuɛ̃³³⁴),kuen3,暂无
宝山·罗泾,滚(滾),[空],kuen3(kuɛ̃³³⁴),kuen3,暂无
宝山·罗泾,国(國),[空],kueq7(kuəʔ⁴),kueq7,暂无
宝山·罗泾,骨(骨),[空],kueq7(kuəʔ⁴),kueq7,暂无
宝山·罗泾,瓜(瓜),[空],kueu1(kuɤ⁵²),kueu1,暂无
宝山·罗泾,鳏(鰥),[空],kueu1(kuɤ⁵²),kueu1,暂无
宝山·罗泾,卦(卦),[空],kueu3(kuɤ³³⁴),kueu3,暂无
宝山·罗泾,寡(寡),[空],kueu3(kuɤ³³⁴),kueu3,暂无
宝山·罗泾,挂(掛),[空],kueu3(kuɤ³³⁴),kueu3,暂无
宝山·罗泾,官(官),[空],kue1(kuɪ⁵²),kue1,暂无
宝山·罗泾,棺(棺),[空],kue1(kuɪ⁵²),kue1,暂无
宝山·罗泾,观(觀),[空],kue1(kuɪ⁵²),kue1,暂无
宝山·罗泾,灌(灌),[空],kue3(kuɪ³³⁴),kue3,暂无
宝山·罗泾,管(管),[空],kue3(kuɪ³³⁴),kue3,暂无
宝山·罗泾,罐(罐),[空],kue3(kuɪ³³⁴),kue3,暂无
宝山·罗泾,观(觀),[空],kue3(kuɪ³³⁴),kue3,暂无
宝山·罗泾,贯(貫),[空],kue3(kuɪ³³⁴),kue3,暂无
宝山·罗泾,馆(館),[空],kue3(kuɪ³³⁴),kue3,暂无
宝山·罗泾,冠(冠),~軍,kuai1(kuʌɜ⁵²),kuai1,暂无
宝山·罗泾,圭(圭),[空],kuai1(kuʌɜ⁵²),kuai1,暂无
宝山·罗泾,归(歸),[空],kuai1(kuʌɜ⁵²),kuai1,暂无
宝山·罗泾,规(規),[空],kuai1(kuʌɜ⁵²),kuai1,暂无
宝山·罗泾,闺(閨),[空],kuai1(kuʌɜ⁵²),kuai1,暂无
宝山·罗泾,龟(龜),文,kuai1(kuʌɜ⁵²),kuai1,暂无
宝山·罗泾,刽(劊),[空],kuai3(kuʌɜ³³⁴),kuai3,暂无
宝山·罗泾,会(會),~計,kuai3(kuʌɜ³³⁴),kuai3,暂无
宝山·罗泾,桂(桂),[空],kuai3(kuʌɜ³³⁴),kuai3,暂无
宝山·罗泾,桧(檜),[空],kuai3(kuʌɜ³³⁴),kuai3,暂无
宝山·罗泾,癸(癸),[空],kuai3(kuʌɜ³³⁴),kuai3,暂无
宝山·罗泾,绘(繪),[空],kuai3(kuʌɜ³³⁴),kuai3,暂无
宝山·罗泾,诡(詭),[空],kuai3(kuʌɜ³³⁴),kuai3,暂无
宝山·罗泾,贵(貴),文,kuai3(kuʌɜ³³⁴),kuai3,暂无
宝山·罗泾,轨(軌),[空],kuai3(kuʌɜ³³⁴),kuai3,暂无
宝山·罗泾,鬼(鬼),文,kuai3(kuʌɜ³³⁴),kuai3,暂无
宝山·罗泾,鳜(鱖),[空],kuai3(kuʌɜ³³⁴),kuai3,暂无
宝山·罗泾,勾(勾),[空],kai1(kʌɜ⁵²),kai1,暂无
宝山·罗泾,沟(溝),[空],kai1(kʌɜ⁵²),kai1,暂无
宝山·罗泾,钩(鉤),[空],kai1(kʌɜ⁵²),kai1,暂无
宝山·罗泾,锯(鋸),[空],kai1(kʌɜ⁵²),kai1,暂无
宝山·罗泾,够(夠),[空],kai3(kʌɜ³³⁴),kai3,暂无
宝山·罗泾,构(構),[空],kai3(kʌɜ³³⁴),kai3,暂无
宝山·罗泾,狗(狗),[空],kai3(kʌɜ³³⁴),kai3,暂无
宝山·罗泾,苟(苟),[空],kai3(kʌɜ³³⁴),kai3,暂无
宝山·罗泾,购(購),[空],kai3(kʌɜ³³⁴),kai3,暂无
宝山·罗泾,拉(拉),[空],la1(lɑ⁵²),la1,暂无
宝山·罗泾,廊(廊),[空],laon2(lɒ̃²³¹),laon2,暂无
宝山·罗泾,狼(狼),[空],laon2(lɒ̃²³¹),laon2,暂无
宝山·罗泾,郎(郎),[空],laon2(lɒ̃²³¹),laon2,暂无
宝山·罗泾,冷(冷),[空],lan6(lã²¹³),lan6,暂无
宝山·罗泾,赖(賴),[空],la6(lɑ²¹³),la6,暂无
宝山·罗泾,攘(攘),[空],laon6(lɒ̃²¹³),laon6,暂无
宝山·罗泾,朗(朗),[空],laon6(lɒ̃²¹³),laon6,暂无
宝山·罗泾,浪(浪),[空],laon6(lɒ̃²¹³),laon6,暂无
宝山·罗泾,猎(獵),[空],laq8(lᴀʔ¹²),laq8,暂无
宝山·罗泾,瘌(瘌),[空],laq8(lᴀʔ¹²),laq8,暂无
宝山·罗泾,癞(癩),[空],laq8(lᴀʔ¹²),laq8,暂无
宝山·罗泾,腊(臘),[空],laq8(lᴀʔ¹²),laq8,暂无
宝山·罗泾,蜡(蠟),[空],laq8(lᴀʔ¹²),laq8,暂无
宝山·罗泾,辣(辣),[空],laq8(lᴀʔ¹²),laq8,暂无
宝山·罗泾,镴(鑞),[空],laq8(lᴀʔ¹²),laq8,暂无
宝山·罗泾,唠(嘮),[空],lau1(lɔ⁵²),lau1,暂无
宝山·罗泾,捞(撈),[空],lau1(lɔ⁵²),lau1,暂无
宝山·罗泾,劳(勞),[空],lau2(lɔ²³¹),lau2,暂无
宝山·罗泾,牢(牢),[空],lau2(lɔ²³¹),lau2,暂无
宝山·罗泾,涝(澇),[空],lau6(lɔ²¹³),lau6,暂无
宝山·罗泾,老(老),[空],lau6(lɔ²¹³),lau6,暂无
宝山·罗泾,乐(樂),[空],laoq8(lɔʔ¹²),laoq8,暂无
宝山·罗泾,洛(洛),[空],laoq8(lɔʔ¹²),laoq8,暂无
宝山·罗泾,烙(烙),[空],laoq8(lɔʔ¹²),laoq8,暂无
宝山·罗泾,络(絡),[空],laoq8(lɔʔ¹²),laoq8,暂无
宝山·罗泾,落(落),[空],laoq8(lɔʔ¹²),laoq8,暂无
宝山·罗泾,赂(賂),[空],laoq8(lɔʔ¹²),laoq8,暂无
宝山·罗泾,酪(酪),[空],laoq8(lɔʔ¹²),laoq8,暂无
宝山·罗泾,骆(駱),[空],laoq8(lɔʔ¹²),laoq8,暂无
宝山·罗泾,来(來),[空],lae2(lɛ²³¹),lae2,暂无
宝山·罗泾,拦(攔),[空],lae2(lɛ²³¹),lae2,暂无
宝山·罗泾,栏(欄),[空],lae2(lɛ²³¹),lae2,暂无
宝山·罗泾,篮(籃),[空],lae2(lɛ²³¹),lae2,暂无
宝山·罗泾,蓝(藍),[空],lae2(lɛ²³¹),lae2,暂无
宝山·罗泾,兰(蘭),[空],lae2(lɛ²³¹),lae2,暂无
宝山·罗泾,伦(倫),[空],len2(lɛ̃²³¹),len2,暂无
宝山·罗泾,仑(崙),[空],len2(lɛ̃²³¹),len2,暂无
宝山·罗泾,楞(楞),[空],len2(lɛ̃²³¹),len2,暂无
宝山·罗泾,论(論),~語,len2(lɛ̃²³¹),len2,暂无
宝山·罗泾,轮(輪),[空],len2(lɛ̃²³¹),len2,暂无
宝山·罗泾,懒(懶),[空],lae6(lɛ²¹³),lae6,暂无
宝山·罗泾,揽(攬),[空],lae6(lɛ²¹³),lae6,暂无
宝山·罗泾,榄(欖),[空],lae6(lɛ²¹³),lae6,暂无
宝山·罗泾,滥(濫),[空],lae6(lɛ²¹³),lae6,暂无
宝山·罗泾,烂(爛),[空],lae6(lɛ²¹³),lae6,暂无
宝山·罗泾,缆(纜),[空],lae6(lɛ²¹³),lae6,暂无
宝山·罗泾,览(覽),[空],lae6(lɛ²¹³),lae6,暂无
宝山·罗泾,赖(賴),[空],lae6(lɛ²¹³),lae6,暂无
宝山·罗泾,论(論),議~,len6(lɛ̃²¹³),len6,暂无
宝山·罗泾,勒(勒),[空],leq8(ləʔ¹²),leq8,暂无
宝山·罗泾,肋(肋),[空],leq8(ləʔ¹²),leq8,暂无
宝山·罗泾,乱(亂),[空],leu6(lɤ²¹³),leu6,暂无
宝山·罗泾,卵(卵),~子、~巢,leu6(lɤ²¹³),leu6,暂无
宝山·罗泾,拎(拎),[空],lin1(lɪ̃⁵²),lin1,暂无
宝山·罗泾,廉(廉),[空],lie2(lɪ²³¹),lie2,暂无
宝山·罗泾,梨(梨),[空],li2(li²³¹),li2,暂无
宝山·罗泾,犁(犁),[空],li2(li²³¹),li2,暂无
宝山·罗泾,狸(狸),[空],li2(li²³¹),li2,暂无
宝山·罗泾,璃(璃),[空],li2(li²³¹),li2,暂无
宝山·罗泾,帘(簾),[空],lie2(lɪ²³¹),lie2,暂无
宝山·罗泾,篱(籬),[空],li2(li²³¹),li2,暂无
宝山·罗泾,联(聯),[空],lie2(lɪ²³¹),lie2,暂无
宝山·罗泾,莲(蓮),[空],lie2(lɪ²³¹),lie2,暂无
宝山·罗泾,连(連),[空],lie2(lɪ²³¹),lie2,暂无
宝山·罗泾,厘(釐),[空],li2(li²³¹),li2,暂无
宝山·罗泾,镰(鐮),[空],lie2(lɪ²³¹),lie2,暂无
宝山·罗泾,离(離),[空],li2(li²³¹),li2,暂无
宝山·罗泾,黎(黎),[空],li2(li²³¹),li2,暂无
宝山·罗泾,伶(伶),[空],lin2(lɪ̃²³¹),lin2,暂无
宝山·罗泾,凌(凌),[空],lin2(lɪ̃²³¹),lin2,暂无
宝山·罗泾,怜(憐),[空],lin2(lɪ̃²³¹),lin2,暂无
宝山·罗泾,林(林),[空],lin2(lɪ̃²³¹),lin2,暂无
宝山·罗泾,淋(淋),[空],lin2(lɪ̃²³¹),lin2,暂无
宝山·罗泾,燐(燐),[空],lin2(lɪ̃²³¹),lin2,暂无
宝山·罗泾,临(臨),[空],lin2(lɪ̃²³¹),lin2,暂无
宝山·罗泾,菱(菱),[空],lin2(lɪ̃²³¹),lin2,暂无
宝山·罗泾,邻(鄰),[空],lin2(lɪ̃²³¹),lin2,暂无
宝山·罗泾,铃(鈴),[空],lin2(lɪ̃²³¹),lin2,暂无
宝山·罗泾,陵(陵),[空],lin2(lɪ̃²³¹),lin2,暂无
宝山·罗泾,零(零),[空],lin2(lɪ̃²³¹),lin2,暂无
宝山·罗泾,灵(靈),[空],lin2(lɪ̃²³¹),lin2,暂无
宝山·罗泾,领(領),[空],lin2(lɪ̃²³¹),lin2,暂无
宝山·罗泾,鳞(鱗),[空],lin2(lɪ̃²³¹),lin2,暂无
宝山·罗泾,例(例),[空],li6(li²¹³),li6,暂无
宝山·罗泾,利(利),[空],li6(li²¹³),li6,暂无
宝山·罗泾,励(勵),[空],li6(li²¹³),li6,暂无
宝山·罗泾,厉(厲),[空],li6(li²¹³),li6,暂无
宝山·罗泾,吏(吏),[空],li6(li²¹³),li6,暂无
宝山·罗泾,履(履),[空],li6(li²¹³),li6,暂无
宝山·罗泾,恋(戀),[空],lie6(lɪ²¹³),lie6,暂无
宝山·罗泾,敛(斂),[空],lie6(lɪ²¹³),lie6,暂无
宝山·罗泾,李(李),[空],li6(li²¹³),li6,暂无
宝山·罗泾,楝(楝),[空],lie6(lɪ²¹³),lie6,暂无
宝山·罗泾,殓(殓),[空],lie6(lɪ²¹³),lie6,暂无
宝山·罗泾,泪(淚),[空],li6(li²¹³),li6,暂无
宝山·罗泾,炼(煉),[空],lie6(lɪ²¹³),lie6,暂无
宝山·罗泾,理(理),[空],li6(li²¹³),li6,暂无
宝山·罗泾,痢(痢),[空],li6(li²¹³),li6,暂无
宝山·罗泾,礼(禮),[空],li6(li²¹³),li6,暂无
宝山·罗泾,脸(臉),[空],lie6(lɪ²¹³),lie6,暂无
宝山·罗泾,里(裏),[空],li6(li²¹³),li6,暂无
宝山·罗泾,里(里),[空],li6(li²¹³),li6,暂无
宝山·罗泾,鲤(鯉),[空],li6(li²¹³),li6,暂无
宝山·罗泾,丽(麗),[空],li6(li²¹³),li6,暂无
宝山·罗泾,令(令),[空],lin6(lɪ̃²¹³),lin6,暂无
宝山·罗泾,另(另),[空],lin6(lɪ̃²¹³),lin6,暂无
宝山·罗泾,吝(吝),[空],lin6(lɪ̃²¹³),lin6,暂无
宝山·罗泾,岭(嶺),[空],lin6(lɪ̃²¹³),lin6,暂无
宝山·罗泾,赁(賃),[空],lin6(lɪ̃²¹³),lin6,暂无
宝山·罗泾,领(領),[空],lin6(lɪ̃²¹³),lin6,暂无
宝山·罗泾,梁(梁),[空],lian2(liã²³¹),lian2,暂无
宝山·罗泾,凉(涼),[空],lian2(liã²³¹),lian2,暂无
宝山·罗泾,粱(粱),[空],lian2(liã²³¹),lian2,暂无
宝山·罗泾,粮(糧),[空],lian2(liã²³¹),lian2,暂无
宝山·罗泾,良(良),[空],lian2(liã²³¹),lian2,暂无
宝山·罗泾,量(量),[空],lian2(liã²³¹),lian2,暂无
宝山·罗泾,亮(亮),[空],lian6(liã²¹³),lian6,暂无
宝山·罗泾,两(兩),[空],lian6(liã²¹³),lian6,暂无
宝山·罗泾,谅(諒),[空],lian6(liã²¹³),lian6,暂无
宝山·罗泾,辆(輛),[空],lian6(liã²¹³),lian6,暂无
宝山·罗泾,量(量),[空],lian6(liã²¹³),lian6,暂无
宝山·罗泾,掠(掠),[空],liaq8(liᴀʔ¹²),liaq8,暂无
宝山·罗泾,略(略),[空],liaq8(liᴀʔ¹²),liaq8,暂无
宝山·罗泾,寥(寥),[空],liau1(liɔ⁵²),liau1,暂无
宝山·罗泾,撩(撩),[空],liau1(liɔ⁵²),liau1,暂无
宝山·罗泾,燎(燎),[空],liau2(liɔ²³¹),liau2,暂无
宝山·罗泾,聊(聊),[空],liau2(liɔ²³¹),liau2,暂无
宝山·罗泾,辽(遼),[空],liau2(liɔ²³¹),liau2,暂无
宝山·罗泾,了(了),[空],liau6(liɔ²¹³),liau6,暂无
宝山·罗泾,廖(廖),[空],liau6(liɔ²¹³),liau6,暂无
宝山·罗泾,料(料),[空],liau6(liɔ²¹³),liau6,暂无
宝山·罗泾,疗(療),[空],liau6(liɔ²¹³),liau6,暂无
宝山·罗泾,了(瞭),[空],liau6(liɔ²¹³),liau6,暂无
宝山·罗泾,谬(謬),~論,liau6(liɔ²¹³),liau6,暂无
宝山·罗泾,列(列),[空],liq8(lɪʔ¹²),liq8,暂无
宝山·罗泾,力(力),[空],liq8(lɪʔ¹²),liq8,暂无
宝山·罗泾,劣(劣),[空],liq8(lɪʔ¹²),liq8,暂无
宝山·罗泾,律(律),[空],liq8(lɪʔ¹²),liq8,暂无
宝山·罗泾,历(曆),[空],liq8(lɪʔ¹²),liq8,暂无
宝山·罗泾,栗(栗),[空],liq8(lɪʔ¹²),liq8,暂无
宝山·罗泾,历(歷),[空],liq8(lɪʔ¹²),liq8,暂无
宝山·罗泾,烈(烈),[空],liq8(lɪʔ¹²),liq8,暂无
宝山·罗泾,率(率),[空],liq8(lɪʔ¹²),liq8,暂无
宝山·罗泾,立(立),[空],liq8(lɪʔ¹²),liq8,暂无
宝山·罗泾,笠(笠),[空],liq8(lɪʔ¹²),liq8,暂无
宝山·罗泾,粒(粒),[空],liq8(lɪʔ¹²),liq8,暂无
宝山·罗泾,荔(荔),[空],liq8(lɪʔ¹²),liq8,暂无
宝山·罗泾,裂(裂),[空],liq8(lɪʔ¹²),liq8,暂无
宝山·罗泾,笼(籠),[空],lon2(loŋ²³¹),lon2,暂无
宝山·罗泾,聋(聾),[空],lon2(loŋ²³¹),lon2,暂无
宝山·罗泾,隆(隆),[空],lon2(loŋ²³¹),lon2,暂无
宝山·罗泾,龙(龍),[空],lon2(loŋ²³¹),lon2,暂无
宝山·罗泾,垅(壠),[空],lon6(loŋ²¹³),lon6,暂无
宝山·罗泾,弄(弄),[空],lon6(loŋ²¹³),lon6,暂无
宝山·罗泾,拢(攏),[空],lon6(loŋ²¹³),lon6,暂无
宝山·罗泾,陇(隴),[空],lon6(loŋ²¹³),lon6,暂无
宝山·罗泾,啰(囉),[空],lu1(lu⁵²),lu1,暂无
宝山·罗泾,庐(廬),[空],lu2(lu²³¹),lu2,暂无
宝山·罗泾,炉(爐),[空],lu2(lu²³¹),lu2,暂无
宝山·罗泾,卢(盧),[空],lu2(lu²³¹),lu2,暂无
宝山·罗泾,箩(籮),[空],lu2(lu²³¹),lu2,暂无
宝山·罗泾,罗(羅),[空],lu2(lu²³¹),lu2,暂无
宝山·罗泾,脶(腡),[空],lu2(lu²³¹),lu2,暂无
宝山·罗泾,芦(蘆),[空],lu2(lu²³¹),lu2,暂无
宝山·罗泾,螺(螺),[空],lu2(lu²³¹),lu2,暂无
宝山·罗泾,锣(鑼),[空],lu2(lu²³¹),lu2,暂无
宝山·罗泾,骡(騾),[空],lu2(lu²³¹),lu2,暂无
宝山·罗泾,驴(驢),[空],lu2(lu²³¹),lu2,暂无
宝山·罗泾,鸬(鸕),[空],lu2(lu²³¹),lu2,暂无
宝山·罗泾,卵(卵),[空],lu3(lu³³⁴),lu3,暂无
宝山·罗泾,摞(摞),[空],lu6(lu²¹³),lu6,暂无
宝山·罗泾,橹(櫓),[空],lu6(lu²¹³),lu6,暂无
宝山·罗泾,卤(滷),[空],lu6(lu²¹³),lu6,暂无
宝山·罗泾,虏(虜),[空],lu6(lu²¹³),lu6,暂无
宝山·罗泾,裸(裸),[空],lu6(lu²¹³),lu6,暂无
宝山·罗泾,路(路),[空],lu6(lu²¹³),lu6,暂无
宝山·罗泾,露(露),[空],lu6(lu²¹³),lu6,暂无
宝山·罗泾,鲁(魯),[空],lu6(lu²¹³),lu6,暂无
宝山·罗泾,鹭(鷺),[空],lu6(lu²¹³),lu6,暂无
宝山·罗泾,楼(樓),[空],lai2(lʌɜ²³¹),lai2,暂无
宝山·罗泾,雷(雷),[空],lai2(lʌɜ²³¹),lai2,暂无
宝山·罗泾,搂(摟),[空],lai3(lʌɜ³³⁴),lai3,暂无
宝山·罗泾,耧(耬),[空],lai3(lʌɜ³³⁴),lai3,暂无
宝山·罗泾,儡(儡),[空],lai6(lʌɜ²¹³),lai6,暂无
宝山·罗泾,垒(壘),[空],lai6(lʌɜ²¹³),lai6,暂无
宝山·罗泾,屡(屢),[空],lai6(lʌɜ²¹³),lai6,暂无
宝山·罗泾,漏(漏),[空],lai6(lʌɜ²¹³),lai6,暂无
宝山·罗泾,篓(簍),[空],lai6(lʌɜ²¹³),lai6,暂无
宝山·罗泾,累(累),[空],lai6(lʌɜ²¹³),lai6,暂无
宝山·罗泾,缕(縷),[空],lai6(lʌɜ²¹³),lai6,暂无
宝山·罗泾,蕊(蘂),[空],lai6(lʌɜ²¹³),lai6,暂无
宝山·罗泾,陋(陋),[空],lai6(lʌɜ²¹³),lai6,暂无
宝山·罗泾,类(類),[空],lai6(lʌɜ²¹³),lai6,暂无
宝山·罗泾,溜(溜),[空],liu1(ly⁵²),liu1,暂无
宝山·罗泾,遛(遛),[空],liu1(ly⁵²),liu1,暂无
宝山·罗泾,刘(劉),[空],liu2(ly²³¹),liu2,暂无
宝山·罗泾,榴(榴),[空],liu2(ly²³¹),liu2,暂无
宝山·罗泾,流(流),[空],liu2(ly²³¹),liu2,暂无
宝山·罗泾,琉(琉),[空],liu2(ly²³¹),liu2,暂无
宝山·罗泾,留(留),[空],liu2(ly²³¹),liu2,暂无
宝山·罗泾,硫(硫),[空],liu2(ly²³¹),liu2,暂无
宝山·罗泾,吕(呂),[空],liu3(ly³³⁴),liu3,暂无
宝山·罗泾,旅(旅),[空],liu3(ly³³⁴),liu3,暂无
宝山·罗泾,虑(慮),[空],liu6(ly²¹³),liu6,暂无
宝山·罗泾,柳(柳),[空],liu6(ly²¹³),liu6,暂无
宝山·罗泾,滤(濾),[空],liu6(ly²¹³),liu6,暂无
宝山·罗泾,馏(餾),[空],liu6(ly²¹³),liu6,暂无
宝山·罗泾,猫(貓),[空],man1(mã⁵²),man1,暂无
宝山·罗泾,妈(媽),[空],ma1(mɑ⁵²),ma1,暂无
宝山·罗泾,猫(貓),[空],man2(mã²³¹),man2,暂无
宝山·罗泾,埋(埋),[空],ma2(mɑ²³¹),ma2,暂无
宝山·罗泾,盲(盲),~腸炎,maon2(mɒ̃²³¹),maon2,暂无
宝山·罗泾,芒(芒),[空],maon2(mɒ̃²³¹),maon2,暂无
宝山·罗泾,锰(錳),[空],man3(mã³³⁴),man3,暂无
宝山·罗泾,孟(孟),[空],man6(mã²¹³),man6,暂无
宝山·罗泾,买(買),[空],ma6(mɑ²¹³),ma6,暂无
宝山·罗泾,卖(賣),[空],ma6(mɑ²¹³),ma6,暂无
宝山·罗泾,忘(忘),[空],maon6(mɒ̃²¹³),maon6,暂无
宝山·罗泾,望(望),白,maon6(mɒ̃²¹³),maon6,暂无
宝山·罗泾,网(網),[空],maon6(mɒ̃²¹³),maon6,暂无
宝山·罗泾,脉(脈),[空],maq8(mᴀʔ¹²),maq8,暂无
宝山·罗泾,袜(襪),[空],maq8(mᴀʔ¹²),maq8,暂无
宝山·罗泾,陌(陌),[空],maq8(mᴀʔ¹²),maq8,暂无
宝山·罗泾,麦(麥),[空],maq8(mᴀʔ¹²),maq8,暂无
宝山·罗泾,猫(貓),文,mau1(mɔ⁵²),mau1,暂无
宝山·罗泾,毛(毛),[空],mau2(mɔ²³¹),mau2,暂无
宝山·罗泾,矛(矛),[空],mau2(mɔ²³¹),mau2,暂无
宝山·罗泾,茅(茅),[空],mau2(mɔ²³¹),mau2,暂无
宝山·罗泾,冒(冒),[空],mau6(mɔ²¹³),mau6,暂无
宝山·罗泾,卯(卯),[空],mau6(mɔ²¹³),mau6,暂无
宝山·罗泾,帽(帽),[空],mau6(mɔ²¹³),mau6,暂无
宝山·罗泾,牡(牡),[空],mau6(mɔ²¹³),mau6,暂无
宝山·罗泾,藐(藐),[空],mau6(mɔ²¹³),mau6,暂无
宝山·罗泾,貌(貌),[空],mau6(mɔ²¹³),mau6,暂无
宝山·罗泾,猫(貓),白,mau6(mɔ²¹³),mau6,暂无
宝山·罗泾,蛮(蠻),[空],mae1(mɛ⁵²),mae1,暂无
宝山·罗泾,闷(悶),[空],men1(mɛ̃⁵²),men1,暂无
宝山·罗泾,蛮(蠻),[空],mae2(mɛ²³¹),mae2,暂无
宝山·罗泾,明(明),[空],men2(mɛ̃²³¹),men2,暂无
宝山·罗泾,闻(聞),白,men2(mɛ̃²³¹),men2,暂无
宝山·罗泾,蚊(蚊),[空],men2(mɛ̃²³¹),men2,暂无
宝山·罗泾,门(門),[空],men2(mɛ̃²³¹),men2,暂无
宝山·罗泾,幔(幔),[空],mae6(mɛ²¹³),mae6,暂无
宝山·罗泾,慢(慢),[空],mae6(mɛ²¹³),mae6,暂无
宝山·罗泾,晚(晚),[空],mae6(mɛ²¹³),mae6,暂无
宝山·罗泾,漫(漫),[空],mae6(mɛ²¹³),mae6,暂无
宝山·罗泾,万(萬),[空],mae6(mɛ²¹³),mae6,暂无
宝山·罗泾,蔓(蔓),[空],mae6(mɛ²¹³),mae6,暂无
宝山·罗泾,迈(邁),[空],mae6(mɛ²¹³),mae6,暂无
宝山·罗泾,问(問),白,men6(mɛ̃²¹³),men6,暂无
宝山·罗泾,猛(猛),[空],men6(mɛ̃²¹³),men6,暂无
宝山·罗泾,墨(墨),[空],meq8(məʔ¹²),meq8,暂无
宝山·罗泾,抹(抹),[空],meq8(məʔ¹²),meq8,暂无
宝山·罗泾,末(末),[空],meq8(məʔ¹²),meq8,暂无
宝山·罗泾,没(沒),[空],meq8(məʔ¹²),meq8,暂无
宝山·罗泾,沫(沫),[空],meq8(məʔ¹²),meq8,暂无
宝山·罗泾,物(物),白,meq8(məʔ¹²),meq8,暂无
宝山·罗泾,默(默),[空],meq8(məʔ¹²),meq8,暂无
宝山·罗泾,麻(麻),[空],meu2(mɤ²³¹),meu2,暂无
宝山·罗泾,码(碼),[空],meu6(mɤ²¹³),meu6,暂无
宝山·罗泾,骂(罵),[空],meu6(mɤ²¹³),meu6,暂无
宝山·罗泾,马(馬),[空],meu6(mɤ²¹³),meu6,暂无
宝山·罗泾,渳(渳),[空],mi1(mi⁵²),mi1,暂无
宝山·罗泾,姓(姓),[空],min1(mɪ̃⁵²),min1,暂无
宝山·罗泾,闵(閔),姓,min1(mɪ̃⁵²),min1,暂无
宝山·罗泾,弥(彌),[空],mi2(mi²³¹),mi2,暂无
宝山·罗泾,棉(棉),[空],mie2(mɪ²³¹),mie2,暂无
宝山·罗泾,楣(楣),[空],mi2(mi²³¹),mi2,暂无
宝山·罗泾,眉(眉),[空],mi2(mi²³¹),mi2,暂无
宝山·罗泾,眠(眠),[空],mie2(mɪ²³¹),mie2,暂无
宝山·罗泾,瞒(瞞),[空],mie2(mɪ²³¹),mie2,暂无
宝山·罗泾,糜(糜),[空],mi2(mi²³¹),mi2,暂无
宝山·罗泾,绵(綿),[空],mie2(mɪ²³¹),mie2,暂无
宝山·罗泾,迷(迷),[空],mi2(mi²³¹),mi2,暂无
宝山·罗泾,馒(饅),[空],mie2(mɪ²³¹),mie2,暂无
宝山·罗泾,名(名),[空],min2(mɪ̃²³¹),min2,暂无
宝山·罗泾,明(明),[空],min2(mɪ̃²³¹),min2,暂无
宝山·罗泾,民(民),[空],min2(mɪ̃²³¹),min2,暂无
宝山·罗泾,铭(銘),[空],min2(mɪ̃²³¹),min2,暂无
宝山·罗泾,鸣(鳴),[空],min2(mɪ̃²³¹),min2,暂无
宝山·罗泾,免(免),[空],mie3(mɪ³³⁴),mie3,暂无
宝山·罗泾,秘(秘),[空],mi3(mi³³⁴),mi3,暂无
宝山·罗泾,萌(萌),~芽,min3(mɪ̃³³⁴),min3,暂无
宝山·罗泾,闽(閩),[空],min3(mɪ̃³³⁴),min3,暂无
宝山·罗泾,味(味),白,mi6(mi²¹³),mi6,暂无
宝山·罗泾,媚(媚),[空],mi6(mi²¹³),mi6,暂无
宝山·罗泾,尾(尾),白,mi6(mi²¹³),mi6,暂无
宝山·罗泾,泌(泌),[空],mi6(mi²¹³),mi6,暂无
宝山·罗泾,满(滿),[空],mie6(mɪ²¹³),mie6,暂无
宝山·罗泾,米(米),[空],mi6(mi²¹³),mi6,暂无
宝山·罗泾,缅(緬),[空],mie6(mɪ²¹³),mie6,暂无
宝山·罗泾,谜(謎),文,mi6(mi²¹³),mi6,暂无
宝山·罗泾,靡(靡),[空],mi6(mi²¹³),mi6,暂无
宝山·罗泾,面(面),[空],mie6(mɪ²¹³),mie6,暂无
宝山·罗泾,面(麵),[空],mie6(mɪ²¹³),mie6,暂无
宝山·罗泾,悯(憫),[空],min6(mɪ̃²¹³),min6,暂无
宝山·罗泾,抿(抿),[空],min6(mɪ̃²¹³),min6,暂无
宝山·罗泾,敏(敏),[空],min6(mɪ̃²¹³),min6,暂无
宝山·罗泾,皿(皿),[空],min6(mɪ̃²¹³),min6,暂无
宝山·罗泾,缪(繆),[空],miau1(miɔ⁵²),miau1,暂无
宝山·罗泾,描(描),[空],miau2(miɔ²³¹),miau2,暂无
宝山·罗泾,苗(苗),[空],miau2(miɔ²³¹),miau2,暂无
宝山·罗泾,妙(妙),[空],miau6(miɔ²¹³),miau6,暂无
宝山·罗泾,庙(廟),[空],miau6(miɔ²¹³),miau6,暂无
宝山·罗泾,渺(渺),[空],miau6(miɔ²¹³),miau6,暂无
宝山·罗泾,秒(秒),[空],miau6(miɔ²¹³),miau6,暂无
宝山·罗泾,藐(藐),[空],miau6(miɔ²¹³),miau6,暂无
宝山·罗泾,密(密),[空],miq8(mɪʔ¹²),miq8,暂无
宝山·罗泾,灭(滅),[空],miq8(mɪʔ¹²),miq8,暂无
宝山·罗泾,篾(篾),[空],miq8(mɪʔ¹²),miq8,暂无
宝山·罗泾,蜜(蜜),[空],miq8(mɪʔ¹²),miq8,暂无
宝山·罗泾,觅(覓),[空],miq8(mɪʔ¹²),miq8,暂无
宝山·罗泾,忙(忙),[空],mon2(moŋ²³¹),mon2,暂无
宝山·罗泾,盲(盲),[空],mon2(moŋ²³¹),mon2,暂无
宝山·罗泾,芒(芒),[空],mon2(moŋ²³¹),mon2,暂无
宝山·罗泾,茫(茫),[空],mon2(moŋ²³¹),mon2,暂无
宝山·罗泾,萌(萌),[空],mon2(moŋ²³¹),mon2,暂无
宝山·罗泾,蒙(蒙),[空],mon2(moŋ²³¹),mon2,暂无
宝山·罗泾,虻(虻),[空],mon2(moŋ²³¹),mon2,暂无
宝山·罗泾,梦(夢),[空],mon6(moŋ²¹³),mon6,暂无
宝山·罗泾,懵(懵),[空],mon6(moŋ²¹³),mon6,暂无
宝山·罗泾,莽(莽),[空],mon6(moŋ²¹³),mon6,暂无
宝山·罗泾,蟒(蟒),[空],mon6(moŋ²¹³),mon6,暂无
宝山·罗泾,蠓(蠓),[空],mon6(moŋ²¹³),mon6,暂无
宝山·罗泾,寞(寞),[空],moq8(moʔ¹²),moq8,暂无
宝山·罗泾,摸(摸),[空],moq8(moʔ¹²),moq8,暂无
宝山·罗泾,木(木),[空],moq8(moʔ¹²),moq8,暂无
宝山·罗泾,牧(牧),[空],moq8(moʔ¹²),moq8,暂无
宝山·罗泾,目(目),[空],moq8(moʔ¹²),moq8,暂无
宝山·罗泾,穆(穆),[空],moq8(moʔ¹²),moq8,暂无
宝山·罗泾,膜(膜),[空],moq8(moʔ¹²),moq8,暂无
宝山·罗泾,莫(莫),[空],moq8(moʔ¹²),moq8,暂无
宝山·罗泾,蟆(蟆),[空],moq8(moʔ¹²),moq8,暂无
宝山·罗泾,摩(摩),[空],mu2(mu²³¹),mu2,暂无
宝山·罗泾,摹(摹),[空],mu2(mu²³¹),mu2,暂无
宝山·罗泾,模(模),[空],mu2(mu²³¹),mu2,暂无
宝山·罗泾,魔(魔),[空],mu2(mu²³¹),mu2,暂无
宝山·罗泾,母(母),[空],mu3(mu³³⁴),mu3,暂无
宝山·罗泾,募(募),[空],mu6(mu²¹³),mu6,暂无
宝山·罗泾,幕(幕),[空],mu6(mu²¹³),mu6,暂无
宝山·罗泾,慕(慕),[空],mu6(mu²¹³),mu6,暂无
宝山·罗泾,拇(拇),[空],mu6(mu²¹³),mu6,暂无
宝山·罗泾,暮(暮),[空],mu6(mu²¹³),mu6,暂无
宝山·罗泾,母(母),[空],mu6(mu²¹³),mu6,暂无
宝山·罗泾,磨(磨),[空],mu6(mu²¹³),mu6,暂无
宝山·罗泾,媒(媒),[空],mai2(mʌɜ²³¹),mai2,暂无
宝山·罗泾,枚(枚),[空],mai2(mʌɜ²³¹),mai2,暂无
宝山·罗泾,梅(梅),[空],mai2(mʌɜ²³¹),mai2,暂无
宝山·罗泾,煤(煤),[空],mai2(mʌɜ²³¹),mai2,暂无
宝山·罗泾,谋(謀),[空],mai2(mʌɜ²³¹),mai2,暂无
宝山·罗泾,霉(黴),[空],mai2(mʌɜ²³¹),mai2,暂无
宝山·罗泾,美(美),[空],mai3(mʌɜ³³⁴),mai3,暂无
宝山·罗泾,妹(妹),[空],mai6(mʌɜ²¹³),mai6,暂无
宝山·罗泾,寐(寐),[空],mai6(mʌɜ²¹³),mai6,暂无
宝山·罗泾,昧(昧),[空],mai6(mʌɜ²¹³),mai6,暂无
宝山·罗泾,某(某),[空],mai6(mʌɜ²¹³),mai6,暂无
宝山·罗泾,每(每),[空],mai6(mʌɜ²¹³),mai6,暂无
宝山·罗泾,亩(畝),[空],mai6(mʌɜ²¹³),mai6,暂无
宝山·罗泾,美(美),[空],mai6(mʌɜ²¹³),mai6,暂无
宝山·罗泾,茂(茂),[空],mai6(mʌɜ²¹³),mai6,暂无
宝山·罗泾,谜(謎),白,mai6(mʌɜ²¹³),mai6,暂无
宝山·罗泾,贸(貿),[空],mai6(mʌɜ²¹³),mai6,暂无
宝山·罗泾,吴(吳),[空],n2(n̩²³¹),n2,暂无
宝山·罗泾,鱼(魚),白,n2(n̩²³¹),n2,暂无
宝山·罗泾,五(五),[空],n6(n̩²¹³),n6,暂无
宝山·罗泾,伍(伍),白,n6(n̩²¹³),n6,暂无
宝山·罗泾,午(午),白,n6(n̩²¹³),n6,暂无
宝山·罗泾,吾(吾),白,n6(n̩²¹³),n6,暂无
宝山·罗泾,亩(畝),[空],n6(n̩²¹³),n6,暂无
宝山·罗泾,囊(囊),[空],naon2(nɒ̃²³¹),naon2,暂无
宝山·罗泾,瓤(瓤),[空],naon2(nɒ̃²³¹),naon2,暂无
宝山·罗泾,哪(哪),[空],na6(nɑ²¹³),na6,暂无
宝山·罗泾,奶(奶),[空],na6(nɑ²¹³),na6,暂无
宝山·罗泾,那(那),[空],na6(nɑ²¹³),na6,暂无
宝山·罗泾,捺(捺),[空],naq8(nᴀʔ¹²),naq8,暂无
宝山·罗泾,纳(納),[空],naq8(nᴀʔ¹²),naq8,暂无
宝山·罗泾,挠(撓),[空],nau2(nɔ²³¹),nau2,暂无
宝山·罗泾,恼(惱),[空],nau6(nɔ²¹³),nau6,暂无
宝山·罗泾,脑(腦),[空],nau6(nɔ²¹³),nau6,暂无
宝山·罗泾,闹(鬧),[空],nau6(nɔ²¹³),nau6,暂无
宝山·罗泾,诺(諾),[空],naoq8(nɔʔ¹²),naoq8,暂无
宝山·罗泾,拿(拿),[空],nae1(nɛ⁵²),nae1,暂无
宝山·罗泾,难(難),~易,nae2(nɛ²³¹),nae2,暂无
宝山·罗泾,能(能),[空],nen2(nɛ̃²³¹),nen2,暂无
宝山·罗泾,乃(乃),[空],nae6(nɛ²¹³),nae6,暂无
宝山·罗泾,奈(奈),[空],nae6(nɛ²¹³),nae6,暂无
宝山·罗泾,耐(耐),[空],nae6(nɛ²¹³),nae6,暂无
宝山·罗泾,难(難),患~,nae6(nɛ²¹³),nae6,暂无
宝山·罗泾,嫩(嫩),[空],nen6(nɛ̃²¹³),nen6,暂无
宝山·罗泾,纳(納),[空],neq8(nəʔ¹²),neq8,暂无
宝山·罗泾,拿(拿),[空],neu1(nɤ⁵²),neu1,暂无
宝山·罗泾,挪(挪),[空],neu6(nɤ²¹³),neu6,暂无
宝山·罗泾,暖(暖),[空],neu6(nɤ²¹³),neu6,暂无
宝山·罗泾,南(南),[空],nie2(nɪ²³¹),nie2,暂无
宝山·罗泾,年(年),[空],nie2(nɪ²³¹),nie2,暂无
宝山·罗泾,男(男),[空],nie2(nɪ²³¹),nie2,暂无
宝山·罗泾,侬(儂),[空],non2(noŋ²³¹),non2,暂无
宝山·罗泾,脓(膿),[空],non2(noŋ²³¹),non2,暂无
宝山·罗泾,农(農),[空],non2(noŋ²³¹),non2,暂无
宝山·罗泾,齈(齈),[空],non6(noŋ²¹³),non6,暂无
宝山·罗泾,六(六),[空],noq8(noʔ¹²),noq8,暂无
宝山·罗泾,捋(捋),[空],noq8(noʔ¹²),noq8,暂无
宝山·罗泾,禄(祿),[空],noq8(noʔ¹²),noq8,暂无
宝山·罗泾,绿(綠),[空],noq8(noʔ¹²),noq8,暂无
宝山·罗泾,录(錄),[空],noq8(noʔ¹²),noq8,暂无
宝山·罗泾,陆(陸),[空],noq8(noʔ¹²),noq8,暂无
宝山·罗泾,鹿(鹿),[空],noq8(noʔ¹²),noq8,暂无
宝山·罗泾,奴(奴),[空],nu2(nu²³¹),nu2,暂无
宝山·罗泾,努(努),[空],nu6(nu²¹³),nu6,暂无
宝山·罗泾,怒(怒),[空],nu6(nu²¹³),nu6,暂无
宝山·罗泾,挪(挪),[空],nu6(nu²¹³),nu6,暂无
宝山·罗泾,糯(糯),[空],nu6(nu²¹³),nu6,暂无
宝山·罗泾,内(內),[空],nai6(nʌɜ²¹³),nai6,暂无
宝山·罗泾,你(你),[空],gni1(ȵi⁵²),gni1,暂无
宝山·罗泾,倪(倪),[空],gni2(ȵi²³¹),gni2,暂无
宝山·罗泾,仪(儀),[空],gni2(ȵi²³¹),gni2,暂无
宝山·罗泾,儿(兒),白,gni2(ȵi²³¹),gni2,暂无
宝山·罗泾,严(嚴),[空],gnie2(ȵɪ²³¹),gnie2,暂无
宝山·罗泾,宜(宜),[空],gni2(ȵi²³¹),gni2,暂无
宝山·罗泾,尼(尼),[空],gni2(ȵi²³¹),gni2,暂无
宝山·罗泾,沂(沂),[空],gni2(ȵi²³¹),gni2,暂无
宝山·罗泾,泥(泥),[空],gni2(ȵi²³¹),gni2,暂无
宝山·罗泾,疑(疑),[空],gni2(ȵi²³¹),gni2,暂无
宝山·罗泾,研(研),[空],gnie2(ȵɪ²³¹),gnie2,暂无
宝山·罗泾,粘(粘),[空],gnie2(ȵɪ²³¹),gnie2,暂无
宝山·罗泾,黏(黏),[空],gnie2(ȵɪ²³¹),gnie2,暂无
宝山·罗泾,人(人),白,gnin2(ȵɪ̃²³¹),gnin2,暂无
宝山·罗泾,仁(仁),白,gnin2(ȵɪ̃²³¹),gnin2,暂无
宝山·罗泾,任(任),[空],gnin2(ȵɪ̃²³¹),gnin2,暂无
宝山·罗泾,吟(吟),[空],gnin2(ȵɪ̃²³¹),gnin2,暂无
宝山·罗泾,壬(壬),[空],gnin2(ȵɪ̃²³¹),gnin2,暂无
宝山·罗泾,宁(寧),安~,gnin2(ȵɪ̃²³¹),gnin2,暂无
宝山·罗泾,淫(淫),[空],gnin2(ȵɪ̃²³¹),gnin2,暂无
宝山·罗泾,迎(迎),[空],gnin2(ȵɪ̃²³¹),gnin2,暂无
宝山·罗泾,银(銀),[空],gnin2(ȵɪ̃²³¹),gnin2,暂无
宝山·罗泾,二(二),[空],gni6(ȵi²¹³),gni6,暂无
宝山·罗泾,俨(儼),[空],gnie6(ȵɪ²¹³),gnie6,暂无
宝山·罗泾,凝(凝),[空],gni6(ȵi²¹³),gni6,暂无
宝山·罗泾,女(女),白,gni6(ȵi²¹³),gni6,暂无
宝山·罗泾,捻(撚),[空],gnie6(ȵɪ²¹³),gnie6,暂无
宝山·罗泾,拟(擬),[空],gni6(ȵi²¹³),gni6,暂无
宝山·罗泾,撵(攆),[空],gnie6(ȵɪ²¹³),gnie6,暂无
宝山·罗泾,染(染),白,gnie6(ȵɪ²¹³),gnie6,暂无
宝山·罗泾,毅(毅),[空],gni6(ȵi²¹³),gni6,暂无
宝山·罗泾,砚(硯),[空],gnie6(ȵɪ²¹³),gnie6,暂无
宝山·罗泾,碾(碾),[空],gnie6(ȵɪ²¹³),gnie6,暂无
宝山·罗泾,义(義),[空],gni6(ȵi²¹³),gni6,暂无
宝山·罗泾,耳(耳),白,gni6(ȵi²¹³),gni6,暂无
宝山·罗泾,腻(膩),[空],gni6(ȵi²¹³),gni6,暂无
宝山·罗泾,艺(藝),[空],gni6(ȵi²¹³),gni6,暂无
宝山·罗泾,蚁(蟻),[空],gni6(ȵi²¹³),gni6,暂无
宝山·罗泾,谊(誼),[空],gni6(ȵi²¹³),gni6,暂无
宝山·罗泾,议(議),[空],gni6(ȵi²¹³),gni6,暂无
宝山·罗泾,贰(貳),[空],gni6(ȵi²¹³),gni6,暂无
宝山·罗泾,验(驗),[空],gnie6(ȵɪ²¹³),gnie6,暂无
宝山·罗泾,佞(佞),[空],gnin6(ȵɪ̃²¹³),gnin6,暂无
宝山·罗泾,宁(寧),~可,gnin6(ȵɪ̃²¹³),gnin6,暂无
宝山·罗泾,认(認),白,gnin6(ȵɪ̃²¹³),gnin6,暂无
宝山·罗泾,闰(閏),[空],gnin6(ȵɪ̃²¹³),gnin6,暂无
宝山·罗泾,娘(娘),[空],gnian2(ȵiã²³¹),gnian2,暂无
宝山·罗泾,仰(仰),[空],gnian6(ȵiã²¹³),gnian6,暂无
宝山·罗泾,让(讓),[空],gnian6(ȵiã²¹³),gnian6,暂无
宝山·罗泾,酿(釀),[空],gnian6(ȵiã²¹³),gnian6,暂无
宝山·罗泾,捏(捏),[空],gniaq8(ȵiᴀʔ¹²),gniaq8,暂无
宝山·罗泾,疟(瘧),[空],gniaq8(ȵiᴀʔ¹²),gniaq8,暂无
宝山·罗泾,虐(虐),[空],gniaq8(ȵiᴀʔ¹²),gniaq8,暂无
宝山·罗泾,饶(饒),[空],gniau2(ȵiɔ²³¹),gniau2,暂无
宝山·罗泾,鸟(鳥),文,gniau3(ȵiɔ³³⁴),gniau3,暂无
宝山·罗泾,尿(尿),[空],gniau6(ȵiɔ²¹³),gniau6,暂无
宝山·罗泾,绕(繞),[空],gniau6(ȵiɔ²¹³),gniau6,暂无
宝山·罗泾,鲇(鮎),[空],gniae2(ȵiɛ²³¹),gniae2,暂无
宝山·罗泾,鲶(鯰),[空],gniae2(ȵiɛ²³¹),gniae2,暂无
宝山·罗泾,廿(廿),[空],gniae6(ȵiɛ²¹³),gniae6,暂无
宝山·罗泾,念(念),[空],gniae6(ȵiɛ²¹³),gniae6,暂无
宝山·罗泾,元(元),[空],gnieu2(ȵiɤ²³¹),gnieu2,暂无
宝山·罗泾,原(原),[空],gnieu2(ȵiɤ²³¹),gnieu2,暂无
宝山·罗泾,源(源),[空],gnieu2(ȵiɤ²³¹),gnieu2,暂无
宝山·罗泾,阮(阮),[空],gnieu6(ȵiɤ²¹³),gnieu6,暂无
宝山·罗泾,愿(願),[空],gnieu6(ȵiɤ²¹³),gnieu6,暂无
宝山·罗泾,戎(戎),[空],gnion2(ȵioŋ²³¹),gnion2,暂无
宝山·罗泾,浓(濃),[空],gnion2(ȵioŋ²³¹),gnion2,暂无
宝山·罗泾,绒(絨),[空],gnion2(ȵioŋ²³¹),gnion2,暂无
宝山·罗泾,冗(冗),[空],gnion6(ȵioŋ²¹³),gnion6,暂无
宝山·罗泾,狱(獄),[空],gnioq8(ȵioʔ¹²),gnioq8,暂无
宝山·罗泾,玉(玉),[空],gnioq8(ȵioʔ¹²),gnioq8,暂无
宝山·罗泾,肉(肉),[空],gnioq8(ȵioʔ¹²),gnioq8,暂无
宝山·罗泾,褥(褥),白,gnioq8(ȵioʔ¹²),gnioq8,暂无
宝山·罗泾,匿(匿),[空],gniq8(ȵɪʔ¹²),gniq8,暂无
宝山·罗泾,孽(孽),[空],gniq8(ȵɪʔ¹²),gniq8,暂无
宝山·罗泾,日(日),白,gniq8(ȵɪʔ¹²),gniq8,暂无
宝山·罗泾,业(業),[空],gniq8(ȵɪʔ¹²),gniq8,暂无
宝山·罗泾,溺(溺),[空],gniq8(ȵɪʔ¹²),gniq8,暂无
宝山·罗泾,热(熱),[空],gniq8(ȵɪʔ¹²),gniq8,暂无
宝山·罗泾,聂(聶),[空],gniq8(ȵɪʔ¹²),gniq8,暂无
宝山·罗泾,蹑(躡),[空],gniq8(ȵɪʔ¹²),gniq8,暂无
宝山·罗泾,逆(逆),[空],gniq8(ȵɪʔ¹²),gniq8,暂无
宝山·罗泾,镊(鑷),[空],gniq8(ȵɪʔ¹²),gniq8,暂无
宝山·罗泾,娱(娛),[空],gniu2(ȵy²³¹),gniu2,暂无
宝山·罗泾,愚(愚),[空],gniu2(ȵy²³¹),gniu2,暂无
宝山·罗泾,牛(牛),[空],gniu2(ȵy²³¹),gniu2,暂无
宝山·罗泾,女(女),文,gniu6(ȵy²¹³),gniu6,暂无
宝山·罗泾,寓(寓),[空],gniu6(ȵy²¹³),gniu6,暂无
宝山·罗泾,御(御),[空],gniu6(ȵy²¹³),gniu6,暂无
宝山·罗泾,扭(扭),[空],gniu6(ȵy²¹³),gniu6,暂无
宝山·罗泾,御(禦),[空],gniu6(ȵy²¹³),gniu6,暂无
宝山·罗泾,禹(禹),[空],gniu6(ȵy²¹³),gniu6,暂无
宝山·罗泾,纽(紐),[空],gniu6(ȵy²¹³),gniu6,暂无
宝山·罗泾,语(語),[空],gniu6(ȵy²¹³),gniu6,暂无
宝山·罗泾,遇(遇),[空],gniu6(ȵy²¹³),gniu6,暂无
宝山·罗泾,牙(牙),[空],nga2(ŋɑ²³¹),nga2,暂无
宝山·罗泾,芽(芽),[空],nga2(ŋɑ²³¹),nga2,暂无
宝山·罗泾,衙(衙),[空],nga2(ŋɑ²³¹),nga2,暂无
宝山·罗泾,昂(昂),[空],ngaon2(ŋɒ̃²³¹),ngaon2,暂无
宝山·罗泾,硬(硬),[空],ngan6(ŋã²¹³),ngan6,暂无
宝山·罗泾,外(外),[空],nga6(ŋɑ²¹³),nga6,暂无
宝山·罗泾,砑(砑),[空],nga6(ŋɑ²¹³),nga6,暂无
宝山·罗泾,额(額),[空],ngaq8(ŋᴀʔ¹²),ngaq8,暂无
宝山·罗泾,熬(熬),[空],ngau2(ŋɔ²³¹),ngau2,暂无
宝山·罗泾,傲(傲),[空],ngau6(ŋɔ²¹³),ngau6,暂无
宝山·罗泾,咬(咬),[空],ngau6(ŋɔ²¹³),ngau6,暂无
宝山·罗泾,鏊(鏊),[空],ngau6(ŋɔ²¹³),ngau6,暂无
宝山·罗泾,岳(岳),[空],ngaoq8(ŋɔʔ¹²),ngaoq8,暂无
宝山·罗泾,岳(嶽),[空],ngaoq8(ŋɔʔ¹²),ngaoq8,暂无
宝山·罗泾,鄂(鄂),[空],ngaoq8(ŋɔʔ¹²),ngaoq8,暂无
宝山·罗泾,鹤(鶴),[空],ngaoq8(ŋɔʔ¹²),ngaoq8,暂无
宝山·罗泾,呆(呆),[空],ngae2(ŋɛ²³¹),ngae2,暂无
宝山·罗泾,颜(顏),[空],ngae2(ŋɛ²³¹),ngae2,暂无
宝山·罗泾,眼(眼),[空],ngae6(ŋɛ²¹³),ngae6,暂无
宝山·罗泾,碍(礙),[空],ngae6(ŋɛ²¹³),ngae6,暂无
宝山·罗泾,艾(艾),[空],ngae6(ŋɛ²¹³),ngae6,暂无
宝山·罗泾,月(月),白,ngeq8(ŋəʔ¹²),ngeq8,暂无
宝山·罗泾,杌(杌),[空],ngeq8(ŋəʔ¹²),ngeq8,暂无
宝山·罗泾,讹(訛),[空],ngeu2(ŋɤ²³¹),ngeu2,暂无
宝山·罗泾,瓦(瓦),[空],ngeu6(ŋɤ²¹³),ngeu6,暂无
宝山·罗泾,岩(巖),[空],ngie2(ŋɪ²³¹),ngie2,暂无
宝山·罗泾,岸(岸),[空],ngie6(ŋɪ²¹³),ngie6,暂无
宝山·罗泾,软(軟),[空],ngie6(ŋɪ²¹³),ngie6,暂无
宝山·罗泾,俄(俄),[空],ngu2(ŋu²³¹),ngu2,暂无
宝山·罗泾,吾(吾),文,ngu2(ŋu²³¹),ngu2,暂无
宝山·罗泾,梧(梧),[空],ngu2(ŋu²³¹),ngu2,暂无
宝山·罗泾,蛾(蛾),[空],ngu2(ŋu²³¹),ngu2,暂无
宝山·罗泾,鹅(鵝),[空],ngu2(ŋu²³¹),ngu2,暂无
宝山·罗泾,互(互),[空],ngu6(ŋu²¹³),ngu6,暂无
宝山·罗泾,我(我),[空],ngu6(ŋu²¹³),ngu6,暂无
宝山·罗泾,卧(臥),[空],ngu6(ŋu²¹³),ngu6,暂无
宝山·罗泾,误(誤),[空],ngu6(ŋu²¹³),ngu6,暂无
宝山·罗泾,饿(餓),[空],ngu6(ŋu²¹³),ngu6,暂无
宝山·罗泾,偶(偶),[空],ngai6(ŋʌɜ²¹³),ngai6,暂无
宝山·罗泾,藕(藕),[空],ngai6(ŋʌɜ²¹³),ngai6,暂无
宝山·罗泾,浜(浜),[空],pan1(pã⁵²),pan1,暂无
宝山·罗泾,巴(巴),[空],pa1(pɑ⁵²),pa1,暂无
宝山·罗泾,爸(爸),[空],pa1(pɑ⁵²),pa1,暂无
宝山·罗泾,芭(芭),[空],pa1(pɑ⁵²),pa1,暂无
宝山·罗泾,帮(幫),[空],paon1(pɒ̃⁵²),paon1,暂无
宝山·罗泾,邦(邦),[空],paon1(pɒ̃⁵²),paon1,暂无
宝山·罗泾,拜(拜),[空],pa3(pɑ³³⁴),pa3,暂无
宝山·罗泾,摆(擺),[空],pa3(pɑ³³⁴),pa3,暂无
宝山·罗泾,榜(榜),[空],paon3(pɒ̃³³⁴),paon3,暂无
宝山·罗泾,绑(綁),[空],paon3(pɒ̃³³⁴),paon3,暂无
宝山·罗泾,谤(謗),[空],paon3(pɒ̃³³⁴),paon3,暂无
宝山·罗泾,八(八),[空],paq7(pᴀʔ⁴),paq7,暂无
宝山·罗泾,帛(帛),[空],paq7(pᴀʔ⁴),paq7,暂无
宝山·罗泾,柏(柏),[空],paq7(pᴀʔ⁴),paq7,暂无
宝山·罗泾,百(百),[空],paq7(pᴀʔ⁴),paq7,暂无
宝山·罗泾,驳(駁),[空],paq7(pᴀʔ⁴),paq7,暂无
宝山·罗泾,包(包),[空],pau1(pɔ⁵²),pau1,暂无
宝山·罗泾,胞(胞),[空],pau1(pɔ⁵²),pau1,暂无
宝山·罗泾,褒(褒),[空],pau1(pɔ⁵²),pau1,暂无
宝山·罗泾,保(保),[空],pau3(pɔ³³⁴),pau3,暂无
宝山·罗泾,堡(堡),[空],pau3(pɔ³³⁴),pau3,暂无
宝山·罗泾,报(報),[空],pau3(pɔ³³⁴),pau3,暂无
宝山·罗泾,宝(寶),[空],pau3(pɔ³³⁴),pau3,暂无
宝山·罗泾,爆(爆),[空],pau3(pɔ³³⁴),pau3,暂无
宝山·罗泾,豹(豹),[空],pau3(pɔ³³⁴),pau3,暂无
宝山·罗泾,饱(飽),[空],pau3(pɔ³³⁴),pau3,暂无
宝山·罗泾,扳(扳),[空],pae1(pɛ⁵²),pae1,暂无
宝山·罗泾,斑(斑),[空],pae1(pɛ⁵²),pae1,暂无
宝山·罗泾,班(班),[空],pae1(pɛ⁵²),pae1,暂无
宝山·罗泾,般(般),[空],pae1(pɛ⁵²),pae1,暂无
宝山·罗泾,颁(頒),[空],pae1(pɛ⁵²),pae1,暂无
宝山·罗泾,奔(奔),[空],pen1(pɛ̃⁵²),pen1,暂无
宝山·罗泾,崩(崩),[空],pen1(pɛ̃⁵²),pen1,暂无
宝山·罗泾,锛(锛),[空],pen1(pɛ̃⁵²),pen1,暂无
宝山·罗泾,扮(扮),[空],pae3(pɛ³³⁴),pae3,暂无
宝山·罗泾,板(板),[空],pae3(pɛ³³⁴),pae3,暂无
宝山·罗泾,版(版),[空],pae3(pɛ³³⁴),pae3,暂无
宝山·罗泾,瓣(瓣),[空],pae3(pɛ³³⁴),pae3,暂无
宝山·罗泾,本(本),[空],pen3(pɛ̃³³⁴),pen3,暂无
宝山·罗泾,不(不),[空],peq7(pəʔ⁴),peq7,暂无
宝山·罗泾,八(八),[空],peq7(pəʔ⁴),peq7,暂无
宝山·罗泾,拨(撥),[空],peq7(pəʔ⁴),peq7,暂无
宝山·罗泾,钵(钵),[空],peq7(pəʔ⁴),peq7,暂无
宝山·罗泾,巴(巴),[空],peu1(pɤ⁵²),peu1,暂无
宝山·罗泾,疤(疤),[空],peu1(pɤ⁵²),peu1,暂无
宝山·罗泾,垻(垻),[空],peu3(pɤ³³⁴),peu3,暂无
宝山·罗泾,坝(壩),[空],peu3(pɤ³³⁴),peu3,暂无
宝山·罗泾,把(把),[空],peu3(pɤ³³⁴),peu3,暂无
宝山·罗泾,欛(欛),[空],peu3(pɤ³³⁴),peu3,暂无
宝山·罗泾,霸(霸),[空],peu3(pɤ³³⁴),peu3,暂无
宝山·罗泾,肨(肨),[空],phaon1(pʰɒ̃⁵²),phaon1,暂无
宝山·罗泾,派(派),[空],pha3(pʰɑ³³⁴),pha3,暂无
宝山·罗泾,胖(胖),[空],phaon3(pʰɒ̃³³⁴),phaon3,暂无
宝山·罗泾,拍(拍),[空],phaq7(pʰᴀʔ⁴),phaq7,暂无
宝山·罗泾,魄(魄),[空],phaq7(pʰᴀʔ⁴),phaq7,暂无
宝山·罗泾,抛(拋),[空],phau1(pʰɔ⁵²),phau1,暂无
宝山·罗泾,泡(泡),[空],phau1(pʰɔ⁵²),phau1,暂无
宝山·罗泾,泡(泡),[空],phau3(pʰɔ³³⁴),phau3,暂无
宝山·罗泾,炮(炮),[空],phau3(pʰɔ³³⁴),phau3,暂无
宝山·罗泾,攀(攀),[空],phae1(pʰɛ⁵²),phae1,暂无
宝山·罗泾,喷(噴),[空],phen1(pʰɛ̃⁵²),phen1,暂无
宝山·罗泾,烹(烹),[空],phen1(pʰɛ̃⁵²),phen1,暂无
宝山·罗泾,盼(盼),[空],phae3(pʰɛ³³⁴),phae3,暂无
宝山·罗泾,襻(襻),[空],phae3(pʰɛ³³⁴),phae3,暂无
宝山·罗泾,泼(潑),[空],pheq7(pʰəʔ⁴),pheq7,暂无
宝山·罗泾,迫(迫),[空],pheq7(pʰəʔ⁴),pheq7,暂无
宝山·罗泾,怕(怕),[空],pheu3(pʰɤ³³⁴),pheu3,暂无
宝山·罗泾,偏(偏),[空],phie1(pʰɪ⁵²),phie1,暂无
宝山·罗泾,批(批),[空],phi1(pʰi⁵²),phi1,暂无
宝山·罗泾,披(披),[空],phi1(pʰi⁵²),phi1,暂无
宝山·罗泾,潘(潘),[空],phie1(pʰɪ⁵²),phie1,暂无
宝山·罗泾,番(番),[空],phie1(pʰɪ⁵²),phie1,暂无
宝山·罗泾,篇(篇),[空],phie1(pʰɪ⁵²),phie1,暂无
宝山·罗泾,姘(姘),[空],phin1(pʰɪ̃⁵²),phin1,暂无
宝山·罗泾,拼(拼),[空],phin1(pʰɪ̃⁵²),phin1,暂无
宝山·罗泾,屁(屁),[空],phi3(pʰi³³⁴),phi3,暂无
宝山·罗泾,片(片),[空],phie3(pʰɪ³³⁴),phie3,暂无
宝山·罗泾,臂(臂),[空],phi3(pʰi³³⁴),phi3,暂无
宝山·罗泾,遍(遍),[空],phie3(pʰɪ³³⁴),phie3,暂无
宝山·罗泾,骗(騙),[空],phie3(pʰɪ³³⁴),phie3,暂无
宝山·罗泾,品(品),[空],phin3(pʰɪ̃³³⁴),phin3,暂无
宝山·罗泾,聘(聘),[空],phin3(pʰɪ̃³³⁴),phin3,暂无
宝山·罗泾,漂(漂),~亮,phiau1(pʰiɔ⁵²),phiau1,暂无
宝山·罗泾,飘(飄),[空],phiau1(pʰiɔ⁵²),phiau1,暂无
宝山·罗泾,漂(漂),[空],phiau3(pʰiɔ³³⁴),phiau3,暂无
宝山·罗泾,票(票),[空],phiau3(pʰiɔ³³⁴),phiau3,暂无
宝山·罗泾,僻(僻),[空],phiq7(pʰɪʔ⁴),phiq7,暂无
宝山·罗泾,劈(劈),[空],phiq7(pʰɪʔ⁴),phiq7,暂无
宝山·罗泾,匹(匹),[空],phiq7(pʰɪʔ⁴),phiq7,暂无
宝山·罗泾,撇(撇),[空],phiq7(pʰɪʔ⁴),phiq7,暂无
宝山·罗泾,擘(擘),[空],phiq7(pʰɪʔ⁴),phiq7,暂无
宝山·罗泾,辟(闢),[空],phiq7(pʰɪʔ⁴),phiq7,暂无
宝山·罗泾,捧(捧),[空],phon3(pʰoŋ³³⁴),phon3,暂无
宝山·罗泾,仆(仆),[空],phoq7(pʰoʔ⁴),phoq7,暂无
宝山·罗泾,仆(僕),[空],phoq7(pʰoʔ⁴),phoq7,暂无
宝山·罗泾,扑(撲),[空],phoq7(pʰoʔ⁴),phoq7,暂无
宝山·罗泾,朴(朴),[空],phoq7(pʰoʔ⁴),phoq7,暂无
宝山·罗泾,朴(樸),[空],phoq7(pʰoʔ⁴),phoq7,暂无
宝山·罗泾,泊(泊),[空],phoq7(pʰoʔ⁴),phoq7,暂无
宝山·罗泾,坡(坡),[空],phu1(pʰu⁵²),phu1,暂无
宝山·罗泾,铺(鋪),~設,phu1(pʰu⁵²),phu1,暂无
宝山·罗泾,破(破),[空],phu3(pʰu³³⁴),phu3,暂无
宝山·罗泾,脯(脯),杏~,phu3(pʰu³³⁴),phu3,暂无
宝山·罗泾,谱(譜),[空],phu3(pʰu³³⁴),phu3,暂无
宝山·罗泾,铺(鋪),店~,phu3(pʰu³³⁴),phu3,暂无
宝山·罗泾,丕(丕),[空],phai1(pʰʌɜ⁵²),phai1,暂无
宝山·罗泾,坯(坯),[空],phai1(pʰʌɜ⁵²),phai1,暂无
宝山·罗泾,胚(胚),[空],phai1(pʰʌɜ⁵²),phai1,暂无
宝山·罗泾,判(判),[空],phai3(pʰʌɜ³³⁴),phai3,暂无
宝山·罗泾,剖(剖),[空],phai3(pʰʌɜ³³⁴),phai3,暂无
宝山·罗泾,沛(沛),[空],phai3(pʰʌɜ³³⁴),phai3,暂无
宝山·罗泾,配(配),[空],phai3(pʰʌɜ³³⁴),phai3,暂无
宝山·罗泾,搬(搬),[空],pie1(pɪ⁵²),pie1,暂无
宝山·罗泾,编(編),[空],pie1(pɪ⁵²),pie1,暂无
宝山·罗泾,蓖(蓖),[空],pi1(pi⁵²),pi1,暂无
宝山·罗泾,蝙(蝙),[空],pie1(pɪ⁵²),pie1,暂无
宝山·罗泾,边(邊),[空],pie1(pɪ⁵²),pie1,暂无
宝山·罗泾,鞭(鞭),[空],pie1(pɪ⁵²),pie1,暂无
宝山·罗泾,兵(兵),[空],pin1(pɪ̃⁵²),pin1,暂无
宝山·罗泾,冰(冰),[空],pin1(pɪ̃⁵²),pin1,暂无
宝山·罗泾,彬(彬),[空],pin1(pɪ̃⁵²),pin1,暂无
宝山·罗泾,槟(檳),[空],pin1(pɪ̃⁵²),pin1,暂无
宝山·罗泾,宾(賓),[空],pin1(pɪ̃⁵²),pin1,暂无
宝山·罗泾,匾(匾),[空],pie3(pɪ³³⁴),pie3,暂无
宝山·罗泾,半(半),[空],pie3(pɪ³³⁴),pie3,暂无
宝山·罗泾,庇(庇),[空],pi3(pi³³⁴),pi3,暂无
宝山·罗泾,扁(扁),[空],pie3(pɪ³³⁴),pie3,暂无
宝山·罗泾,比(比),[空],pi3(pi³³⁴),pi3,暂无
宝山·罗泾,秘(秘),[空],pi3(pi³³⁴),pi3,暂无
宝山·罗泾,篦(篦),[空],pi3(pi³³⁴),pi3,暂无
宝山·罗泾,臂(臂),[空],pi3(pi³³⁴),pi3,暂无
宝山·罗泾,变(變),[空],pie3(pɪ³³⁴),pie3,暂无
宝山·罗泾,贬(貶),[空],pie3(pɪ³³⁴),pie3,暂无
宝山·罗泾,鄙(鄙),[空],pi3(pi³³⁴),pi3,暂无
宝山·罗泾,闭(閉),[空],pi3(pi³³⁴),pi3,暂无
宝山·罗泾,陛(陛),[空],pi3(pi³³⁴),pi3,暂无
宝山·罗泾,丙(丙),[空],pin3(pɪ̃³³⁴),pin3,暂无
宝山·罗泾,并(併),[空],pin3(pɪ̃³³⁴),pin3,暂无
宝山·罗泾,柄(柄),[空],pin3(pɪ̃³³⁴),pin3,暂无
宝山·罗泾,殡(殯),[空],pin3(pɪ̃³³⁴),pin3,暂无
宝山·罗泾,秉(秉),[空],pin3(pɪ̃³³⁴),pin3,暂无
宝山·罗泾,禀(稟),[空],pin3(pɪ̃³³⁴),pin3,暂无
宝山·罗泾,迸(迸),[空],pin3(pɪ̃³³⁴),pin3,暂无
宝山·罗泾,饼(餅),[空],pin3(pɪ̃³³⁴),pin3,暂无
宝山·罗泾,鬓(鬢),[空],pin3(pɪ̃³³⁴),pin3,暂无
宝山·罗泾,彪(彪),[空],piau1(piɔ⁵²),piau1,暂无
宝山·罗泾,标(標),[空],piau1(piɔ⁵²),piau1,暂无
宝山·罗泾,臕(臕),[空],piau1(piɔ⁵²),piau1,暂无
宝山·罗泾,表(表),[空],piau3(piɔ³³⁴),piau3,暂无
宝山·罗泾,表(錶),[空],piau3(piɔ³³⁴),piau3,暂无
宝山·罗泾,壁(壁),[空],piq7(pɪʔ⁴),piq7,暂无
宝山·罗泾,必(必),[空],piq7(pɪʔ⁴),piq7,暂无
宝山·罗泾,憋(憋),[空],piq7(pɪʔ⁴),piq7,暂无
宝山·罗泾,璧(璧),[空],piq7(pɪʔ⁴),piq7,暂无
宝山·罗泾,碧(碧),[空],piq7(pɪʔ⁴),piq7,暂无
宝山·罗泾,秕(秕),[空],piq7(pɪʔ⁴),piq7,暂无
宝山·罗泾,笔(筆),[空],piq7(pɪʔ⁴),piq7,暂无
宝山·罗泾,逼(逼),[空],piq7(pɪʔ⁴),piq7,暂无
宝山·罗泾,鳖(鼈),[空],piq7(pɪʔ⁴),piq7,暂无
宝山·罗泾,剥(剝),[空],poq7(poʔ⁴),poq7,暂无
宝山·罗泾,北(北),[空],poq7(poʔ⁴),poq7,暂无
宝山·罗泾,博(博),[空],poq7(poʔ⁴),poq7,暂无
宝山·罗泾,卜(卜),[空],poq7(poʔ⁴),poq7,暂无
宝山·罗泾,帕(帕),[空],poq7(poʔ⁴),poq7,暂无
宝山·罗泾,驳(駁),[空],poq7(poʔ⁴),poq7,暂无
宝山·罗泾,波(波),[空],pu1(pu⁵²),pu1,暂无
宝山·罗泾,玻(玻),[空],pu1(pu⁵²),pu1,暂无
宝山·罗泾,菠(菠),[空],pu1(pu⁵²),pu1,暂无
宝山·罗泾,颇(頗),[空],pu1(pu⁵²),pu1,暂无
宝山·罗泾,布(佈),[空],pu3(pu³³⁴),pu3,暂无
宝山·罗泾,布(布),[空],pu3(pu³³⁴),pu3,暂无
宝山·罗泾,怖(怖),[空],pu3(pu³³⁴),pu3,暂无
宝山·罗泾,簸(簸),[空],pu3(pu³³⁴),pu3,暂无
宝山·罗泾,补(補),[空],pu3(pu³³⁴),pu3,暂无
宝山·罗泾,讣(訃),[空],pu3(pu³³⁴),pu3,暂无
宝山·罗泾,跛(跛),[空],pu3(pu³³⁴),pu3,暂无
宝山·罗泾,卑(卑),[空],pai1(pʌɜ⁵²),pai1,暂无
宝山·罗泾,悲(悲),[空],pai1(pʌɜ⁵²),pai1,暂无
宝山·罗泾,杯(杯),[空],pai1(pʌɜ⁵²),pai1,暂无
宝山·罗泾,碑(碑),[空],pai1(pʌɜ⁵²),pai1,暂无
宝山·罗泾,俾(俾),[空],pai3(pʌɜ³³⁴),pai3,暂无
宝山·罗泾,彼(彼),[空],pai3(pʌɜ³³⁴),pai3,暂无
宝山·罗泾,背(背),[空],pai3(pʌɜ³³⁴),pai3,暂无
宝山·罗泾,贝(貝),[空],pai3(pʌɜ³³⁴),pai3,暂无
宝山·罗泾,辈(輩),[空],pai3(pʌɜ³³⁴),pai3,暂无
宝山·罗泾,牲(牲),[空],san1(sã⁵²),san1,暂无
宝山·罗泾,生(生),[空],san1(sã⁵²),san1,暂无
宝山·罗泾,甥(甥),[空],san1(sã⁵²),san1,暂无
宝山·罗泾,筛(篩),[空],sa1(sɑ⁵²),sa1,暂无
宝山·罗泾,纱(紗),[空],sa1(sɑ⁵²),sa1,暂无
宝山·罗泾,伤(傷),[空],saon1(sɒ̃⁵²),saon1,暂无
宝山·罗泾,偿(償),[空],saon1(sɒ̃⁵²),saon1,暂无
宝山·罗泾,商(商),[空],saon1(sɒ̃⁵²),saon1,暂无
宝山·罗泾,丧(喪),婚~,saon1(sɒ̃⁵²),saon1,暂无
宝山·罗泾,孀(孀),[空],saon1(sɒ̃⁵²),saon1,暂无
宝山·罗泾,桑(桑),[空],saon1(sɒ̃⁵²),saon1,暂无
宝山·罗泾,双(雙),[空],saon1(sɒ̃⁵²),saon1,暂无
宝山·罗泾,霜(霜),[空],saon1(sɒ̃⁵²),saon1,暂无
宝山·罗泾,省(省),[空],san3(sã³³⁴),san3,暂无
宝山·罗泾,傻(傻),[空],sa3(sɑ³³⁴),sa3,暂无
宝山·罗泾,洒(灑),[空],sa3(sɑ³³⁴),sa3,暂无
宝山·罗泾,丧(喪),~失,saon3(sɒ̃³³⁴),saon3,暂无
宝山·罗泾,嗓(嗓),[空],saon3(sɒ̃³³⁴),saon3,暂无
宝山·罗泾,搡(搡),[空],saon3(sɒ̃³³⁴),saon3,暂无
宝山·罗泾,爽(爽),[空],saon3(sɒ̃³³⁴),saon3,暂无
宝山·罗泾,赏(賞),[空],saon3(sɒ̃³³⁴),saon3,暂无
宝山·罗泾,栅(柵),[空],saq7(sᴀʔ⁴),saq7,暂无
宝山·罗泾,杀(殺),[空],saq7(sᴀʔ⁴),saq7,暂无
宝山·罗泾,眨(眨),[空],saq7(sᴀʔ⁴),saq7,暂无
宝山·罗泾,萨(薩),[空],saq7(sᴀʔ⁴),saq7,暂无
宝山·罗泾,闩(閂),[空],saq7(sᴀʔ⁴),saq7,暂无
宝山·罗泾,捎(捎),[空],sau1(sɔ⁵²),sau1,暂无
宝山·罗泾,梢(梢),[空],sau1(sɔ⁵²),sau1,暂无
宝山·罗泾,烧(燒),[空],sau1(sɔ⁵²),sau1,暂无
宝山·罗泾,稍(稍),[空],sau1(sɔ⁵²),sau1,暂无
宝山·罗泾,臊(臊),[空],sau1(sɔ⁵²),sau1,暂无
宝山·罗泾,骚(騷),[空],sau1(sɔ⁵²),sau1,暂无
宝山·罗泾,嫂(嫂),[空],sau3(sɔ³³⁴),sau3,暂无
宝山·罗泾,少(少),[空],sau3(sɔ³³⁴),sau3,暂无
宝山·罗泾,扫(掃),[空],sau3(sɔ³³⁴),sau3,暂无
宝山·罗泾,索(索),[空],saoq7(sɔʔ⁴),saoq7,暂无
宝山·罗泾,三(三),[空],sae1(sɛ⁵²),sae1,暂无
宝山·罗泾,删(刪),[空],sae1(sɛ⁵²),sae1,暂无
宝山·罗泾,山(山),[空],sae1(sɛ⁵²),sae1,暂无
宝山·罗泾,拴(拴),[空],sae1(sɛ⁵²),sae1,暂无
宝山·罗泾,摔(摔),[空],sae1(sɛ⁵²),sae1,暂无
宝山·罗泾,杉(杉),[空],sae1(sɛ⁵²),sae1,暂无
宝山·罗泾,栅(柵),[空],sae1(sɛ⁵²),sae1,暂无
宝山·罗泾,珊(珊),[空],sae1(sɛ⁵²),sae1,暂无
宝山·罗泾,腮(腮),[空],sae1(sɛ⁵²),sae1,暂无
宝山·罗泾,衫(衫),[空],sae1(sɛ⁵²),sae1,暂无
宝山·罗泾,衰(衰),[空],sae1(sɛ⁵²),sae1,暂无
宝山·罗泾,鳃(鰓),[空],sae1(sɛ⁵²),sae1,暂无
宝山·罗泾,伸(伸),[空],sen1(sɛ̃⁵²),sen1,暂无
宝山·罗泾,胜(勝),[空],sen1(sɛ̃⁵²),sen1,暂无
宝山·罗泾,升(升),[空],sen1(sɛ̃⁵²),sen1,暂无
宝山·罗泾,参(參),人~,sen1(sɛ̃⁵²),sen1,暂无
宝山·罗泾,孙(孫),[空],sen1(sɛ̃⁵²),sen1,暂无
宝山·罗泾,森(森),[空],sen1(sɛ̃⁵²),sen1,暂无
宝山·罗泾,深(深),[空],sen1(sɛ̃⁵²),sen1,暂无
宝山·罗泾,牲(牲),[空],sen1(sɛ̃⁵²),sen1,暂无
宝山·罗泾,生(生),[空],sen1(sɛ̃⁵²),sen1,暂无
宝山·罗泾,申(申),[空],sen1(sɛ̃⁵²),sen1,暂无
宝山·罗泾,笙(笙),[空],sen1(sɛ̃⁵²),sen1,暂无
宝山·罗泾,声(聲),[空],sen1(sɛ̃⁵²),sen1,暂无
宝山·罗泾,身(身),[空],sen1(sɛ̃⁵²),sen1,暂无
宝山·罗泾,帅(帥),[空],sae3(sɛ³³⁴),sae3,暂无
宝山·罗泾,散(散),[空],sae3(sɛ³³⁴),sae3,暂无
宝山·罗泾,疝(疝),[空],sae3(sɛ³³⁴),sae3,暂无
宝山·罗泾,碎(碎),[空],sae3(sɛ³³⁴),sae3,暂无
宝山·罗泾,粹(粹),[空],sae3(sɛ³³⁴),sae3,暂无
宝山·罗泾,赛(賽),[空],sae3(sɛ³³⁴),sae3,暂无
宝山·罗泾,胜(勝),[空],sen3(sɛ̃³³⁴),sen3,暂无
宝山·罗泾,婶(嬸),[空],sen3(sɛ̃³³⁴),sen3,暂无
宝山·罗泾,审(審),[空],sen3(sɛ̃³³⁴),sen3,暂无
宝山·罗泾,损(損),[空],sen3(sɛ̃³³⁴),sen3,暂无
宝山·罗泾,榫(榫),[空],sen3(sɛ̃³³⁴),sen3,暂无
宝山·罗泾,沉(沈),[空],sen3(sɛ̃³³⁴),sen3,暂无
宝山·罗泾,渗(滲),[空],sen3(sɛ̃³³⁴),sen3,暂无
宝山·罗泾,笋(筍),[空],sen3(sɛ̃³³⁴),sen3,暂无
宝山·罗泾,圣(聖),[空],sen3(sɛ̃³³⁴),sen3,暂无
宝山·罗泾,舜(舜),[空],sen3(sɛ̃³³⁴),sen3,暂无
宝山·罗泾,逊(遜),[空],sen3(sɛ̃³³⁴),sen3,暂无
宝山·罗泾,阵(陣),[空],sen3(sɛ̃³³⁴),sen3,暂无
宝山·罗泾,刷(刷),[空],seq7(səʔ⁴),seq7,暂无
宝山·罗泾,啬(嗇),[空],seq7(səʔ⁴),seq7,暂无
宝山·罗泾,塞(塞),[空],seq7(səʔ⁴),seq7,暂无
宝山·罗泾,失(失),[空],seq7(səʔ⁴),seq7,暂无
宝山·罗泾,室(室),[空],seq7(səʔ⁴),seq7,暂无
宝山·罗泾,式(式),[空],seq7(səʔ⁴),seq7,暂无
宝山·罗泾,摄(攝),[空],seq7(səʔ⁴),seq7,暂无
宝山·罗泾,涮(涮),[空],seq7(səʔ⁴),seq7,暂无
宝山·罗泾,涩(澀),[空],seq7(səʔ⁴),seq7,暂无
宝山·罗泾,湿(濕),[空],seq7(səʔ⁴),seq7,暂无
宝山·罗泾,率(率),[空],seq7(səʔ⁴),seq7,暂无
宝山·罗泾,瑟(瑟),[空],seq7(səʔ⁴),seq7,暂无
宝山·罗泾,色(色),[空],seq7(səʔ⁴),seq7,暂无
宝山·罗泾,虱(蝨),[空],seq7(səʔ⁴),seq7,暂无
宝山·罗泾,蟀(蟀),[空],seq7(səʔ⁴),seq7,暂无
宝山·罗泾,设(設),[空],seq7(səʔ⁴),seq7,暂无
宝山·罗泾,说(說),[空],seq7(səʔ⁴),seq7,暂无
宝山·罗泾,识(識),[空],seq7(səʔ⁴),seq7,暂无
宝山·罗泾,适(適),[空],seq7(səʔ⁴),seq7,暂无
宝山·罗泾,释(釋),[空],seq7(səʔ⁴),seq7,暂无
宝山·罗泾,饰(飾),[空],seq7(səʔ⁴),seq7,暂无
宝山·罗泾,奢(奢),[空],seu1(sɤ⁵²),seu1,暂无
宝山·罗泾,沙(沙),[空],seu1(sɤ⁵²),seu1,暂无
宝山·罗泾,莎(莎),[空],seu1(sɤ⁵²),seu1,暂无
宝山·罗泾,赊(賒),[空],seu1(sɤ⁵²),seu1,暂无
宝山·罗泾,酸(酸),[空],seu1(sɤ⁵²),seu1,暂无
宝山·罗泾,伞(傘),[空],seu3(sɤ³³⁴),seu3,暂无
宝山·罗泾,舍(捨),[空],seu3(sɤ³³⁴),seu3,暂无
宝山·罗泾,晒(曬),[空],seu3(sɤ³³⁴),seu3,暂无
宝山·罗泾,算(算),[空],seu3(sɤ³³⁴),seu3,暂无
宝山·罗泾,蒜(蒜),[空],seu3(sɤ³³⁴),seu3,暂无
宝山·罗泾,陕(陝),[空],seu3(sɤ³³⁴),seu3,暂无
宝山·罗泾,仙(仙),[空],sie1(sɪ⁵²),sie1,暂无
宝山·罗泾,先(先),[空],sie1(sɪ⁵²),sie1,暂无
宝山·罗泾,喧(喧),[空],sie1(sɪ⁵²),sie1,暂无
宝山·罗泾,宣(宣),[空],sie1(sɪ⁵²),sie1,暂无
宝山·罗泾,扇(搧),[空],sie1(sɪ⁵²),sie1,暂无
宝山·罗泾,栖(棲),[空],si1(si⁵²),si1,暂无
宝山·罗泾,犀(犀),[空],si1(si⁵²),si1,暂无
宝山·罗泾,膻(羶),[空],sie1(sɪ⁵²),sie1,暂无
宝山·罗泾,西(西),[空],si1(si⁵²),si1,暂无
宝山·罗泾,闩(閂),[空],sie1(sɪ⁵²),sie1,暂无
宝山·罗泾,鲜(鮮),新~,sie1(sɪ⁵²),sie1,暂无
宝山·罗泾,心(心),[空],sin1(sɪ̃⁵²),sin1,暂无
宝山·罗泾,新(新),[空],sin1(sɪ̃⁵²),sin1,暂无
宝山·罗泾,旬(旬),[空],sin1(sɪ̃⁵²),sin1,暂无
宝山·罗泾,星(星),[空],sin1(sɪ̃⁵²),sin1,暂无
宝山·罗泾,腥(腥),[空],sin1(sɪ̃⁵²),sin1,暂无
宝山·罗泾,荀(荀),[空],sin1(sɪ̃⁵²),sin1,暂无
宝山·罗泾,薪(薪),[空],sin1(sɪ̃⁵²),sin1,暂无
宝山·罗泾,蜻(蜻),[空],sin1(sɪ̃⁵²),sin1,暂无
宝山·罗泾,辛(辛),[空],sin1(sɪ̃⁵²),sin1,暂无
宝山·罗泾,壻(壻),[空],si3(si³³⁴),si3,暂无
宝山·罗泾,扇(扇),[空],sie3(sɪ³³⁴),sie3,暂无
宝山·罗泾,死(死),[空],si3(si³³⁴),si3,暂无
宝山·罗泾,洗(洗),[空],si3(si³³⁴),si3,暂无
宝山·罗泾,癣(癬),[空],sie3(sɪ³³⁴),sie3,暂无
宝山·罗泾,细(細),[空],si3(si³³⁴),si3,暂无
宝山·罗泾,絮(絮),[空],si3(si³³⁴),si3,暂无
宝山·罗泾,线(線),[空],sie3(sɪ³³⁴),sie3,暂无
宝山·罗泾,选(選),[空],sie3(sɪ³³⁴),sie3,暂无
宝山·罗泾,闪(閃),[空],sie3(sɪ³³⁴),sie3,暂无
宝山·罗泾,鲜(鮮),~少,sie3(sɪ³³⁴),sie3,暂无
宝山·罗泾,信(信),[空],sin3(sɪ̃³³⁴),sin3,暂无
宝山·罗泾,姓(姓),[空],sin3(sɪ̃³³⁴),sin3,暂无
宝山·罗泾,性(性),[空],sin3(sɪ̃³³⁴),sin3,暂无
宝山·罗泾,殉(殉),[空],sin3(sɪ̃³³⁴),sin3,暂无
宝山·罗泾,讯(訊),[空],sin3(sɪ̃³³⁴),sin3,暂无
宝山·罗泾,迅(迅),[空],sin3(sɪ̃³³⁴),sin3,暂无
宝山·罗泾,醒(醒),[空],sin3(sɪ̃³³⁴),sin3,暂无
宝山·罗泾,厢(廂),[空],sian1(siã⁵²),sian1,暂无
宝山·罗泾,湘(湘),[空],sian1(siã⁵²),sian1,暂无
宝山·罗泾,相(相),互~,sian1(siã⁵²),sian1,暂无
宝山·罗泾,箱(箱),[空],sian1(siã⁵²),sian1,暂无
宝山·罗泾,襄(襄),[空],sian1(siã⁵²),sian1,暂无
宝山·罗泾,镶(鑲),[空],sian1(siã⁵²),sian1,暂无
宝山·罗泾,想(想),[空],sian3(siã³³⁴),sian3,暂无
宝山·罗泾,相(相),~貌,sian3(siã³³⁴),sian3,暂无
宝山·罗泾,鲞(鯗),[空],sian3(siã³³⁴),sian3,暂无
宝山·罗泾,卸(卸),[空],sia3(siɑ³³⁴),sia3,暂无
宝山·罗泾,写(寫),[空],sia3(siɑ³³⁴),sia3,暂无
宝山·罗泾,泻(瀉),[空],sia3(siɑ³³⁴),sia3,暂无
宝山·罗泾,削(削),[空],siaq7(siᴀʔ⁴),siaq7,暂无
宝山·罗泾,宵(宵),[空],siau1(siɔ⁵²),siau1,暂无
宝山·罗泾,屑(屑),[空],siau1(siɔ⁵²),siau1,暂无
宝山·罗泾,消(消),[空],siau1(siɔ⁵²),siau1,暂无
宝山·罗泾,硝(硝),[空],siau1(siɔ⁵²),siau1,暂无
宝山·罗泾,箫(簫),[空],siau1(siɔ⁵²),siau1,暂无
宝山·罗泾,萧(蕭),[空],siau1(siɔ⁵²),siau1,暂无
宝山·罗泾,销(銷),[空],siau1(siɔ⁵²),siau1,暂无
宝山·罗泾,霄(霄),[空],siau1(siɔ⁵²),siau1,暂无
宝山·罗泾,小(小),[空],siau3(siɔ³³⁴),siau3,暂无
宝山·罗泾,潲(潲),[空],siau3(siɔ³³⁴),siau3,暂无
宝山·罗泾,笑(笑),[空],siau3(siɔ³³⁴),siau3,暂无
宝山·罗泾,鞘(鞘),[空],siau3(siɔ³³⁴),siau3,暂无
宝山·罗泾,兮(兮),[空],siq7(sɪʔ⁴),siq7,暂无
宝山·罗泾,媳(媳),[空],siq7(sɪʔ⁴),siq7,暂无
宝山·罗泾,屑(屑),[空],siq7(sɪʔ⁴),siq7,暂无
宝山·罗泾,息(息),[空],siq7(sɪʔ⁴),siq7,暂无
宝山·罗泾,悉(悉),[空],siq7(sɪʔ⁴),siq7,暂无
宝山·罗泾,惜(惜),[空],siq7(sɪʔ⁴),siq7,暂无
宝山·罗泾,戌(戌),[空],siq7(sɪʔ⁴),siq7,暂无
宝山·罗泾,昔(昔),[空],siq7(sɪʔ⁴),siq7,暂无
宝山·罗泾,析(析),[空],siq7(sɪʔ⁴),siq7,暂无
宝山·罗泾,泄(泄),[空],siq7(sɪʔ⁴),siq7,暂无
宝山·罗泾,熄(熄),[空],siq7(sɪʔ⁴),siq7,暂无
宝山·罗泾,脊(脊),[空],siq7(sɪʔ⁴),siq7,暂无
宝山·罗泾,膝(膝),[空],siq7(sɪʔ⁴),siq7,暂无
宝山·罗泾,薛(薛),[空],siq7(sɪʔ⁴),siq7,暂无
宝山·罗泾,锡(錫),[空],siq7(sɪʔ⁴),siq7,暂无
宝山·罗泾,雪(雪),[空],siq7(sɪʔ⁴),siq7,暂无
宝山·罗泾,嵩(嵩),[空],son1(soŋ⁵²),son1,暂无
宝山·罗泾,松(松),[空],son1(soŋ⁵²),son1,暂无
宝山·罗泾,松(鬆),[空],son1(soŋ⁵²),son1,暂无
宝山·罗泾,宋(宋),[空],son3(soŋ³³⁴),son3,暂无
宝山·罗泾,讼(訟),[空],son3(soŋ³³⁴),son3,暂无
宝山·罗泾,送(送),[空],son3(soŋ³³⁴),son3,暂无
宝山·罗泾,叔(叔),[空],soq7(soʔ⁴),soq7,暂无
宝山·罗泾,塑(塑),[空],soq7(soʔ⁴),soq7,暂无
宝山·罗泾,宿(宿),[空],soq7(soʔ⁴),soq7,暂无
宝山·罗泾,朔(朔),[空],soq7(soʔ⁴),soq7,暂无
宝山·罗泾,束(束),[空],soq7(soʔ⁴),soq7,暂无
宝山·罗泾,粟(粟),[空],soq7(soʔ⁴),soq7,暂无
宝山·罗泾,缩(缩),[空],soq7(soʔ⁴),soq7,暂无
宝山·罗泾,肃(肅),[空],soq7(soʔ⁴),soq7,暂无
宝山·罗泾,速(速),[空],soq7(soʔ⁴),soq7,暂无
宝山·罗泾,唆(唆),[空],su1(su⁵²),su1,暂无
宝山·罗泾,梭(梭),[空],su1(su⁵²),su1,暂无
宝山·罗泾,枢(樞),[空],su1(su⁵²),su1,暂无
宝山·罗泾,疏(疏),[空],su1(su⁵²),su1,暂无
宝山·罗泾,蓑(蓑),[空],su1(su⁵²),su1,暂无
宝山·罗泾,蔬(蔬),[空],su1(su⁵²),su1,暂无
宝山·罗泾,苏(蘇),[空],su1(su⁵²),su1,暂无
宝山·罗泾,酥(酥),[空],su1(su⁵²),su1,暂无
宝山·罗泾,嗉(嗉),[空],su3(su³³⁴),su3,暂无
宝山·罗泾,庶(庶),[空],su3(su³³⁴),su3,暂无
宝山·罗泾,恕(恕),[空],su3(su³³⁴),su3,暂无
宝山·罗泾,所(所),[空],su3(su³³⁴),su3,暂无
宝山·罗泾,数(數),[空],su3(su³³⁴),su3,暂无
宝山·罗泾,琐(瑣),[空],su3(su³³⁴),su3,暂无
宝山·罗泾,素(素),[空],su3(su³³⁴),su3,暂无
宝山·罗泾,诉(訴),[空],su3(su³³⁴),su3,暂无
宝山·罗泾,锁(鎖),[空],su3(su³³⁴),su3,暂无
宝山·罗泾,黍(黍),[空],su3(su³³⁴),su3,暂无
宝山·罗泾,搜(搜),[空],sai1(sʌɜ⁵²),sai1,暂无
宝山·罗泾,收(收),[空],sai1(sʌɜ⁵²),sai1,暂无
宝山·罗泾,搜(蒐),[空],sai1(sʌɜ⁵²),sai1,暂无
宝山·罗泾,虽(雖),[空],sai1(sʌɜ⁵²),sai1,暂无
宝山·罗泾,飕(颼),[空],sai1(sʌɜ⁵²),sai1,暂无
宝山·罗泾,馊(餿),[空],sai1(sʌɜ⁵²),sai1,暂无
宝山·罗泾,叟(叟),[空],sai3(sʌɜ³³⁴),sai3,暂无
宝山·罗泾,嗽(嗽),[空],sai3(sʌɜ³³⁴),sai3,暂无
宝山·罗泾,守(守),[空],sai3(sʌɜ³³⁴),sai3,暂无
宝山·罗泾,手(手),[空],sai3(sʌɜ³³⁴),sai3,暂无
宝山·罗泾,岁(歲),[空],sai3(sʌɜ³³⁴),sai3,暂无
宝山·罗泾,漱(漱),[空],sai3(sʌɜ³³⁴),sai3,暂无
宝山·罗泾,兽(獸),[空],sai3(sʌɜ³³⁴),sai3,暂无
宝山·罗泾,瘦(瘦),[空],sai3(sʌɜ³³⁴),sai3,暂无
宝山·罗泾,税(稅),[空],sai3(sʌɜ³³⁴),sai3,暂无
宝山·罗泾,首(首),[空],sai3(sʌɜ³³⁴),sai3,暂无
宝山·罗泾,些(些),[空],siu1(sy⁵²),siu1,暂无
宝山·罗泾,修(修),[空],siu1(sy⁵²),siu1,暂无
宝山·罗泾,羞(羞),[空],siu1(sy⁵²),siu1,暂无
宝山·罗泾,需(需),[空],siu1(sy⁵²),siu1,暂无
宝山·罗泾,须(須),[空],siu1(sy⁵²),siu1,暂无
宝山·罗泾,须(鬚),[空],siu1(sy⁵²),siu1,暂无
宝山·罗泾,宿(宿),星~,siu3(sy³³⁴),siu3,暂无
宝山·罗泾,秀(秀),[空],siu3(sy³³⁴),siu3,暂无
宝山·罗泾,絮(絮),[空],siu3(sy³³⁴),siu3,暂无
宝山·罗泾,绣(繡),[空],siu3(sy³³⁴),siu3,暂无
宝山·罗泾,锈(銹),[空],siu3(sy³³⁴),siu3,暂无
宝山·罗泾,多(多),[空],ta1(tɑ⁵²),ta1,暂无
宝山·罗泾,当(當),~時,taon1(tɒ̃⁵²),taon1,暂无
宝山·罗泾,打(打),[空],tan3(tã³³⁴),tan3,暂无
宝山·罗泾,带(帶),[空],ta3(tɑ³³⁴),ta3,暂无
宝山·罗泾,戴(戴),[空],ta3(tɑ³³⁴),ta3,暂无
宝山·罗泾,挡(擋),[空],taon3(tɒ̃³³⁴),taon3,暂无
宝山·罗泾,当(當),~作,taon3(tɒ̃³³⁴),taon3,暂无
宝山·罗泾,党(黨),[空],taon3(tɒ̃³³⁴),taon3,暂无
宝山·罗泾,搭(搭),[空],taq7(tᴀʔ⁴),taq7,暂无
宝山·罗泾,獭(獺),[空],taq7(tᴀʔ⁴),taq7,暂无
宝山·罗泾,答(答),[空],taq7(tᴀʔ⁴),taq7,暂无
宝山·罗泾,刀(刀),[空],tau1(tɔ⁵²),tau1,暂无
宝山·罗泾,叨(叨),[空],tau1(tɔ⁵²),tau1,暂无
宝山·罗泾,倒(倒),[空],tau3(tɔ³³⁴),tau3,暂无
宝山·罗泾,到(到),[空],tau3(tɔ³³⁴),tau3,暂无
宝山·罗泾,岛(島),[空],tau3(tɔ³³⁴),tau3,暂无
宝山·罗泾,欺(欺),[空],chi1(tɕʰi⁵²),chi1,暂无
宝山·罗泾,溪(溪),[空],chi1(tɕʰi⁵²),chi1,暂无
宝山·罗泾,牵(牽),[空],chie1(tɕʰɪ⁵²),chie1,暂无
宝山·罗泾,亏(虧),白,chi1(tɕʰi⁵²),chi1,暂无
宝山·罗泾,谦(謙),[空],chie1(tɕʰɪ⁵²),chie1,暂无
宝山·罗泾,倾(傾),[空],chin1(tɕʰɪ̃⁵²),chin1,暂无
宝山·罗泾,卿(卿),[空],chin1(tɕʰɪ̃⁵²),chin1,暂无
宝山·罗泾,钦(欽),[空],chin1(tɕʰɪ̃⁵²),chin1,暂无
宝山·罗泾,轻(輕),[空],chin1(tɕʰɪ̃⁵²),chin1,暂无
宝山·罗泾,企(企),[空],chi3(tɕʰi³³⁴),chi3,暂无
宝山·罗泾,去(去),文,chi3(tɕʰi³³⁴),chi3,暂无
宝山·罗泾,启(啟),[空],chi3(tɕʰi³³⁴),chi3,暂无
宝山·罗泾,器(器),[空],chi3(tɕʰi³³⁴),chi3,暂无
宝山·罗泾,契(契),[空],chi3(tɕʰi³³⁴),chi3,暂无
宝山·罗泾,弃(棄),[空],chi3(tɕʰi³³⁴),chi3,暂无
宝山·罗泾,欠(欠),[空],chie3(tɕʰɪ³³⁴),chie3,暂无
宝山·罗泾,歉(歉),[空],chie3(tɕʰɪ³³⁴),chie3,暂无
宝山·罗泾,气(氣),[空],chi3(tɕʰi³³⁴),chi3,暂无
宝山·罗泾,汽(汽),[空],chi3(tɕʰi³³⁴),chi3,暂无
宝山·罗泾,岂(豈),[空],chi3(tɕʰi³³⁴),chi3,暂无
宝山·罗泾,起(起),[空],chi3(tɕʰi³³⁴),chi3,暂无
宝山·罗泾,遣(遣),[空],chie3(tɕʰɪ³³⁴),chie3,暂无
宝山·罗泾,倾(傾),[空],chin3(tɕʰɪ̃³³⁴),chin3,暂无
宝山·罗泾,寝(寢),[空],chin3(tɕʰɪ̃³³⁴),chin3,暂无
宝山·罗泾,庆(慶),[空],chin3(tɕʰɪ̃³³⁴),chin3,暂无
宝山·罗泾,揿(撳),[空],chin3(tɕʰɪ̃³³⁴),chin3,暂无
宝山·罗泾,羌(羌),[空],chian1(tɕʰiã⁵²),chian1,暂无
宝山·罗泾,腔(腔),[空],chiaon1(tɕʰiɒ̃⁵²),chiaon1,暂无
宝山·罗泾,强(強),勉~,chian3(tɕʰiã³³⁴),chian3,暂无
宝山·罗泾,却(卻),[空],chiaq7(tɕʰiᴀʔ⁴),chiaq7,暂无
宝山·罗泾,怯(怯),[空],chiaq7(tɕʰiᴀʔ⁴),chiaq7,暂无
宝山·罗泾,恰(恰),[空],chiaq7(tɕʰiᴀʔ⁴),chiaq7,暂无
宝山·罗泾,掐(掐),[空],chiaq7(tɕʰiᴀʔ⁴),chiaq7,暂无
宝山·罗泾,洽(洽),[空],chiaq7(tɕʰiᴀʔ⁴),chiaq7,暂无
宝山·罗泾,撬(撬),[空],chiau1(tɕʰiɔ⁵²),chiau1,暂无
宝山·罗泾,巧(巧),[空],chiau3(tɕʰiɔ³³⁴),chiau3,暂无
宝山·罗泾,窍(竅),[空],chiau3(tɕʰiɔ³³⁴),chiau3,暂无
宝山·罗泾,确(確),[空],chiaoq7(tɕʰiɔʔ⁴),chiaoq7,暂无
宝山·罗泾,吃(喫),[空],chieq7(tɕʰiəʔ⁴),chieq7,暂无
宝山·罗泾,圈(圈),圓~,chieu1(tɕʰiɤ⁵²),chieu1,暂无
宝山·罗泾,券(券),[空],chieu3(tɕʰiɤ³³⁴),chieu3,暂无
宝山·罗泾,劝(勸),[空],chieu3(tɕʰiɤ³³⁴),chieu3,暂无
宝山·罗泾,犬(犬),[空],chieu3(tɕʰiɤ³³⁴),chieu3,暂无
宝山·罗泾,倔(倔),[空],chioq7(tɕʰioʔ⁴),chioq7,暂无
宝山·罗泾,屈(屈),[空],chioq7(tɕʰioʔ⁴),chioq7,暂无
宝山·罗泾,曲(曲),[空],chioq7(tɕʰioʔ⁴),chioq7,暂无
宝山·罗泾,缺(缺),[空],chioq7(tɕʰioʔ⁴),chioq7,暂无
宝山·罗泾,麴(麴),[空],chioq7(tɕʰioʔ⁴),chioq7,暂无
宝山·罗泾,乞(乞),[空],chiq7(tɕʰɪʔ⁴),chiq7,暂无
宝山·罗泾,吃(吃),[空],chiq7(tɕʰɪʔ⁴),chiq7,暂无
宝山·罗泾,契(契),[空],chiq7(tɕʰɪʔ⁴),chiq7,暂无
宝山·罗泾,泣(泣),[空],chiq7(tɕʰɪʔ⁴),chiq7,暂无
宝山·罗泾,讫(訖),[空],chiq7(tɕʰɪʔ⁴),chiq7,暂无
宝山·罗泾,丘(丘),[空],chiu1(tɕʰy⁵²),chiu1,暂无
宝山·罗泾,区(區),[空],chiu1(tɕʰy⁵²),chiu1,暂无
宝山·罗泾,墟(墟),蘆~,chiu1(tɕʰy⁵²),chiu1,暂无
宝山·罗泾,驱(驅),[空],chiu1(tɕʰy⁵²),chiu1,暂无
宝山·罗泾,去(去),文,chiu3(tɕʰy³³⁴),chiu3,暂无
宝山·罗泾,兼(兼),[空],cie1(tɕɪ⁵²),cie1,暂无
宝山·罗泾,基(基),[空],ci1(tɕi⁵²),ci1,暂无
宝山·罗泾,坚(堅),[空],cie1(tɕɪ⁵²),cie1,暂无
宝山·罗泾,几(幾),~乎,ci1(tɕi⁵²),ci1,暂无
宝山·罗泾,几(几),茶~,ci1(tɕi⁵²),ci1,暂无
宝山·罗泾,搛(搛),[空],cie1(tɕɪ⁵²),cie1,暂无
宝山·罗泾,机(機),[空],ci1(tɕi⁵²),ci1,暂无
宝山·罗泾,犍(犍),[空],cie1(tɕɪ⁵²),cie1,暂无
宝山·罗泾,稽(稽),[空],ci1(tɕi⁵²),ci1,暂无
宝山·罗泾,肌(肌),[空],ci1(tɕi⁵²),ci1,暂无
宝山·罗泾,肩(肩),[空],cie1(tɕɪ⁵²),cie1,暂无
宝山·罗泾,艰(艱),[空],cie1(tɕɪ⁵²),cie1,暂无
宝山·罗泾,讥(譏),[空],ci1(tɕi⁵²),ci1,暂无
宝山·罗泾,鉴(鑑),[空],cie1(tɕɪ⁵²),cie1,暂无
宝山·罗泾,间(間),[空],cie1(tɕɪ⁵²),cie1,暂无
宝山·罗泾,鸡(雞),[空],ci1(tɕi⁵²),ci1,暂无
宝山·罗泾,饥(飢),[空],ci1(tɕi⁵²),ci1,暂无
宝山·罗泾,饥(饑),[空],ci1(tɕi⁵²),ci1,暂无
宝山·罗泾,龟(龜),白,ci1(tɕi⁵²),ci1,暂无
宝山·罗泾,京(京),[空],cin1(tɕɪ̃⁵²),cin1,暂无
宝山·罗泾,今(今),[空],cin1(tɕɪ̃⁵²),cin1,暂无
宝山·罗泾,君(君),[空],cin1(tɕɪ̃⁵²),cin1,暂无
宝山·罗泾,均(均),[空],cin1(tɕɪ̃⁵²),cin1,暂无
宝山·罗泾,巾(巾),[空],cin1(tɕɪ̃⁵²),cin1,暂无
宝山·罗泾,斤(斤),[空],cin1(tɕɪ̃⁵²),cin1,暂无
宝山·罗泾,禁(禁),[空],cin1(tɕɪ̃⁵²),cin1,暂无
宝山·罗泾,筋(筋),[空],cin1(tɕɪ̃⁵²),cin1,暂无
宝山·罗泾,经(經),[空],cin1(tɕɪ̃⁵²),cin1,暂无
宝山·罗泾,荆(荊),[空],cin1(tɕɪ̃⁵²),cin1,暂无
宝山·罗泾,茎(莖),[空],cin1(tɕɪ̃⁵²),cin1,暂无
宝山·罗泾,菌(菌),[空],cin1(tɕɪ̃⁵²),cin1,暂无
宝山·罗泾,襟(襟),[空],cin1(tɕɪ̃⁵²),cin1,暂无
宝山·罗泾,军(軍),[空],cin1(tɕɪ̃⁵²),cin1,暂无
宝山·罗泾,金(金),[空],cin1(tɕɪ̃⁵²),cin1,暂无
宝山·罗泾,钧(鈞),[空],cin1(tɕɪ̃⁵²),cin1,暂无
宝山·罗泾,惊(驚),[空],cin1(tɕɪ̃⁵²),cin1,暂无
宝山·罗泾,冀(冀),[空],ci3(tɕi³³⁴),ci3,暂无
宝山·罗泾,几(几),[空],ci3(tɕi³³⁴),ci3,暂无
宝山·罗泾,剑(劍),[空],cie3(tɕɪ³³⁴),cie3,暂无
宝山·罗泾,季(季),[空],ci3(tɕi³³⁴),ci3,暂无
宝山·罗泾,寄(寄),[空],ci3(tɕi³³⁴),ci3,暂无
宝山·罗泾,己(己),[空],ci3(tɕi³³⁴),ci3,暂无
宝山·罗泾,几(幾),[空],ci3(tɕi³³⁴),ci3,暂无
宝山·罗泾,建(建),[空],cie3(tɕɪ³³⁴),cie3,暂无
宝山·罗泾,既(既),[空],ci3(tɕi³³⁴),ci3,暂无
宝山·罗泾,柬(柬),[空],cie3(tɕɪ³³⁴),cie3,暂无
宝山·罗泾,检(檢),[空],cie3(tɕɪ³³⁴),cie3,暂无
宝山·罗泾,涧(澗),[空],cie3(tɕɪ³³⁴),cie3,暂无
宝山·罗泾,简(簡),[空],cie3(tɕɪ³³⁴),cie3,暂无
宝山·罗泾,纪(紀),[空],ci3(tɕi³³⁴),ci3,暂无
宝山·罗泾,茧(繭),[空],cie3(tɕɪ³³⁴),cie3,暂无
宝山·罗泾,继(繼),[空],ci3(tɕi³³⁴),ci3,暂无
宝山·罗泾,见(見),[空],cie3(tɕɪ³³⁴),cie3,暂无
宝山·罗泾,计(計),[空],ci3(tɕi³³⁴),ci3,暂无
宝山·罗泾,记(記),[空],ci3(tɕi³³⁴),ci3,暂无
宝山·罗泾,谏(諫),[空],cie3(tɕɪ³³⁴),cie3,暂无
宝山·罗泾,贵(貴),白,ci3(tɕi³³⁴),ci3,暂无
宝山·罗泾,锏(鐧),[空],cie3(tɕɪ³³⁴),cie3,暂无
宝山·罗泾,鬼(鬼),白,ci3(tɕi³³⁴),ci3,暂无
宝山·罗泾,劲(勁),有~,cin3(tɕɪ̃³³⁴),cin3,暂无
宝山·罗泾,劲(勁),~敵,cin3(tɕɪ̃³³⁴),cin3,暂无
宝山·罗泾,境(境),[空],cin3(tɕɪ̃³³⁴),cin3,暂无
宝山·罗泾,径(徑),[空],cin3(tɕɪ̃³³⁴),cin3,暂无
宝山·罗泾,敬(敬),[空],cin3(tɕɪ̃³³⁴),cin3,暂无
宝山·罗泾,景(景),[空],cin3(tɕɪ̃³³⁴),cin3,暂无
宝山·罗泾,禁(禁),~止,cin3(tɕɪ̃³³⁴),cin3,暂无
宝山·罗泾,竟(竟),[空],cin3(tɕɪ̃³³⁴),cin3,暂无
宝山·罗泾,紧(緊),[空],cin3(tɕɪ̃³³⁴),cin3,暂无
宝山·罗泾,警(警),[空],cin3(tɕɪ̃³³⁴),cin3,暂无
宝山·罗泾,锦(錦),[空],cin3(tɕɪ̃³³⁴),cin3,暂无
宝山·罗泾,镜(鏡),[空],cin3(tɕɪ̃³³⁴),cin3,暂无
宝山·罗泾,颈(頸),[空],cin3(tɕɪ̃³³⁴),cin3,暂无
宝山·罗泾,僵(僵),[空],cian1(tɕiã⁵²),cian1,暂无
宝山·罗泾,姜(姜),[空],cian1(tɕiã⁵²),cian1,暂无
宝山·罗泾,疆(疆),[空],cian1(tɕiã⁵²),cian1,暂无
宝山·罗泾,礓(礓),[空],cian1(tɕiã⁵²),cian1,暂无
宝山·罗泾,缰(繮),[空],cian1(tɕiã⁵²),cian1,暂无
宝山·罗泾,姜(薑),[空],cian1(tɕiã⁵²),cian1,暂无
宝山·罗泾,佳(佳),[空],cia1(tɕiɑ⁵²),cia1,暂无
宝山·罗泾,家(家),文,cia1(tɕiɑ⁵²),cia1,暂无
宝山·罗泾,皆(皆),[空],cia1(tɕiɑ⁵²),cia1,暂无
宝山·罗泾,解(解),文,cia1(tɕiɑ⁵²),cia1,暂无
宝山·罗泾,谐(諧),[空],cia1(tɕiɑ⁵²),cia1,暂无
宝山·罗泾,阶(階),文,cia1(tɕiɑ⁵²),cia1,暂无
宝山·罗泾,介(介),文,cia3(tɕiɑ³³⁴),cia3,暂无
宝山·罗泾,假(假),文,cia3(tɕiɑ³³⁴),cia3,暂无
宝山·罗泾,届(屆),文,cia3(tɕiɑ³³⁴),cia3,暂无
宝山·罗泾,界(界),文,cia3(tɕiɑ³³⁴),cia3,暂无
宝山·罗泾,稼(稼),[空],cia3(tɕiɑ³³⁴),cia3,暂无
宝山·罗泾,驾(駕),[空],cia3(tɕiɑ³³⁴),cia3,暂无
宝山·罗泾,甲(甲),[空],ciaq7(tɕiᴀʔ⁴),ciaq7,暂无
宝山·罗泾,脚(腳),[空],ciaq7(tɕiᴀʔ⁴),ciaq7,暂无
宝山·罗泾,交(交),文,ciau1(tɕiɔ⁵²),ciau1,暂无
宝山·罗泾,娇(嬌),[空],ciau1(tɕiɔ⁵²),ciau1,暂无
宝山·罗泾,浇(澆),[空],ciau1(tɕiɔ⁵²),ciau1,暂无
宝山·罗泾,胶(膠),文,ciau1(tɕiɔ⁵²),ciau1,暂无
宝山·罗泾,郊(郊),[空],ciau1(tɕiɔ⁵²),ciau1,暂无
宝山·罗泾,骄(驕),[空],ciau1(tɕiɔ⁵²),ciau1,暂无
宝山·罗泾,叫(叫),[空],ciau3(tɕiɔ³³⁴),ciau3,暂无
宝山·罗泾,搅(攪),[空],ciau3(tɕiɔ³³⁴),ciau3,暂无
宝山·罗泾,教(教),~育,ciau3(tɕiɔ³³⁴),ciau3,暂无
宝山·罗泾,校(校),~對,ciau3(tɕiɔ³³⁴),ciau3,暂无
宝山·罗泾,狡(狡),[空],ciau3(tɕiɔ³³⁴),ciau3,暂无
宝山·罗泾,矫(矯),[空],ciau3(tɕiɔ³³⁴),ciau3,暂无
宝山·罗泾,窖(窖),文,ciau3(tɕiɔ³³⁴),ciau3,暂无
宝山·罗泾,绞(絞),文,ciau3(tɕiɔ³³⁴),ciau3,暂无
宝山·罗泾,缴(繳),[空],ciau3(tɕiɔ³³⁴),ciau3,暂无
宝山·罗泾,较(較),[空],ciau3(tɕiɔ³³⁴),ciau3,暂无
宝山·罗泾,饺(餃),[空],ciau3(tɕiɔ³³⁴),ciau3,暂无
宝山·罗泾,觉(覺),[空],ciaoq7(tɕiɔʔ⁴),ciaoq7,暂无
宝山·罗泾,奸(奸),[空],ciae1(tɕiɛ⁵²),ciae1,暂无
宝山·罗泾,捐(捐),[空],cieu1(tɕiɤ⁵²),cieu1,暂无
宝山·罗泾,卷(卷),[空],cieu3(tɕiɤ³³⁴),cieu3,暂无
宝山·罗泾,卷(捲),[空],cieu3(tɕiɤ³³⁴),cieu3,暂无
宝山·罗泾,眷(眷),[空],cieu3(tɕiɤ³³⁴),cieu3,暂无
宝山·罗泾,绢(絹),[空],cieu3(tɕiɤ³³⁴),cieu3,暂无
宝山·罗泾,窘(窘),[空],cion3(tɕioŋ³³⁴),cion3,暂无
宝山·罗泾,迥(迥),[空],cion3(tɕioŋ³³⁴),cion3,暂无
宝山·罗泾,厥(厥),[空],cioq7(tɕioʔ⁴),cioq7,暂无
宝山·罗泾,掬(掬),[空],cioq7(tɕioʔ⁴),cioq7,暂无
宝山·罗泾,橘(橘),[空],cioq7(tɕioʔ⁴),cioq7,暂无
宝山·罗泾,橛(橛),[空],cioq7(tɕioʔ⁴),cioq7,暂无
宝山·罗泾,决(決),[空],cioq7(tɕioʔ⁴),cioq7,暂无
宝山·罗泾,菊(菊),[空],cioq7(tɕioʔ⁴),cioq7,暂无
宝山·罗泾,诀(訣),[空],cioq7(tɕioʔ⁴),cioq7,暂无
宝山·罗泾,钁(钁),[空],cioq7(tɕioʔ⁴),cioq7,暂无
宝山·罗泾,劫(劫),[空],ciq7(tɕɪʔ⁴),ciq7,暂无
宝山·罗泾,吉(吉),[空],ciq7(tɕɪʔ⁴),ciq7,暂无
宝山·罗泾,屐(屐),[空],ciq7(tɕɪʔ⁴),ciq7,暂无
宝山·罗泾,急(急),[空],ciq7(tɕɪʔ⁴),ciq7,暂无
宝山·罗泾,戟(戟),[空],ciq7(tɕɪʔ⁴),ciq7,暂无
宝山·罗泾,挟(挾),[空],ciq7(tɕɪʔ⁴),ciq7,暂无
宝山·罗泾,击(擊),[空],ciq7(tɕɪʔ⁴),ciq7,暂无
宝山·罗泾,洁(潔),[空],ciq7(tɕɪʔ⁴),ciq7,暂无
宝山·罗泾,激(激),[空],ciq7(tɕɪʔ⁴),ciq7,暂无
宝山·罗泾,级(級),[空],ciq7(tɕɪʔ⁴),ciq7,暂无
宝山·罗泾,给(給),[空],ciq7(tɕɪʔ⁴),ciq7,暂无
宝山·罗泾,系(繫),~鞋帶,ciq7(tɕɪʔ⁴),ciq7,暂无
宝山·罗泾,髻(髻),[空],ciq7(tɕɪʔ⁴),ciq7,暂无
宝山·罗泾,居(居),[空],ciu1(tɕy⁵²),ciu1,暂无
宝山·罗泾,拘(拘),[空],ciu1(tɕy⁵²),ciu1,暂无
宝山·罗泾,炮(砲),[空],ciu1(tɕy⁵²),ciu1,暂无
宝山·罗泾,纠(糾),[空],ciu1(tɕy⁵²),ciu1,暂无
宝山·罗泾,车(車),~馬炮,ciu1(tɕy⁵²),ciu1,暂无
宝山·罗泾,驹(駒),[空],ciu1(tɕy⁵²),ciu1,暂无
宝山·罗泾,阄(鬮),[空],ciu1(tɕy⁵²),ciu1,暂无
宝山·罗泾,鸠(鳩),[空],ciu1(tɕy⁵²),ciu1,暂无
宝山·罗泾,久(久),[空],ciu3(tɕy³³⁴),ciu3,暂无
宝山·罗泾,九(九),[空],ciu3(tɕy³³⁴),ciu3,暂无
宝山·罗泾,句(句),[空],ciu3(tɕy³³⁴),ciu3,暂无
宝山·罗泾,咎(咎),[空],ciu3(tɕy³³⁴),ciu3,暂无
宝山·罗泾,据(據),[空],ciu3(tɕy³³⁴),ciu3,暂无
宝山·罗泾,救(救),[空],ciu3(tɕy³³⁴),ciu3,暂无
宝山·罗泾,灸(灸),[空],ciu3(tɕy³³⁴),ciu3,暂无
宝山·罗泾,矩(矩),[空],ciu3(tɕy³³⁴),ciu3,暂无
宝山·罗泾,究(究),[空],ciu3(tɕy³³⁴),ciu3,暂无
宝山·罗泾,竟(竟),[空],ciu3(tɕy³³⁴),ciu3,暂无
宝山·罗泾,举(舉),[空],ciu3(tɕy³³⁴),ciu3,暂无
宝山·罗泾,锯(鋸),[空],ciu3(tɕy³³⁴),ciu3,暂无
宝山·罗泾,韭(韭),[空],ciu3(tɕy³³⁴),ciu3,暂无
宝山·罗泾,笃(篤),[空],taoq7(tɔʔ⁴),taoq7,暂无
宝山·罗泾,丹(丹),[空],tae1(tɛ⁵²),tae1,暂无
宝山·罗泾,单(單),[空],tae1(tɛ⁵²),tae1,暂无
宝山·罗泾,担(擔),~任,tae1(tɛ⁵²),tae1,暂无
宝山·罗泾,耽(耽),[空],tae1(tɛ⁵²),tae1,暂无
宝山·罗泾,墩(墩),[空],ten1(tɛ̃⁵²),ten1,暂无
宝山·罗泾,敦(敦),[空],ten1(tɛ̃⁵²),ten1,暂无
宝山·罗泾,灯(燈),[空],ten1(tɛ̃⁵²),ten1,暂无
宝山·罗泾,登(登),[空],ten1(tɛ̃⁵²),ten1,暂无
宝山·罗泾,蹲(蹲),[空],ten1(tɛ̃⁵²),ten1,暂无
宝山·罗泾,姓(姓),[空],tae3(tɛ³³⁴),tae3,暂无
宝山·罗泾,戴(戴),姓,tae3(tɛ³³⁴),tae3,暂无
宝山·罗泾,掸(撣),[空],tae3(tɛ³³⁴),tae3,暂无
宝山·罗泾,担(擔),挑~,tae3(tɛ³³⁴),tae3,暂无
宝山·罗泾,旦(旦),[空],tae3(tɛ³³⁴),tae3,暂无
宝山·罗泾,胆(膽),[空],tae3(tɛ³³⁴),tae3,暂无
宝山·罗泾,诞(誕),[空],tae3(tɛ³³⁴),tae3,暂无
宝山·罗泾,凳(凳),[空],ten3(tɛ̃³³⁴),ten3,暂无
宝山·罗泾,扽(扽),[空],ten3(tɛ̃³³⁴),ten3,暂无
宝山·罗泾,澄(澄),~一~,ten3(tɛ̃³³⁴),ten3,暂无
宝山·罗泾,瞪(瞪),[空],ten3(tɛ̃³³⁴),ten3,暂无
宝山·罗泾,等(等),[空],ten3(tɛ̃³³⁴),ten3,暂无
宝山·罗泾,镫(镫),[空],ten3(tɛ̃³³⁴),ten3,暂无
宝山·罗泾,顿(頓),[空],ten3(tɛ̃³³⁴),ten3,暂无
宝山·罗泾,得(得),[空],teq7(təʔ⁴),teq7,暂无
宝山·罗泾,德(德),[空],teq7(təʔ⁴),teq7,暂无
宝山·罗泾,答(答),[空],teq7(təʔ⁴),teq7,暂无
宝山·罗泾,端(端),[空],teu1(tɤ⁵²),teu1,暂无
宝山·罗泾,锻(鍛),[空],teu3(tɤ³³⁴),teu3,暂无
宝山·罗泾,他(他),[空],tha1(tʰɑ⁵²),tha1,暂无
宝山·罗泾,拖(拖),鼻涕~下來,tha1(tʰɑ⁵²),tha1,暂无
宝山·罗泾,汤(湯),[空],thaon1(tʰɒ̃⁵²),thaon1,暂无
宝山·罗泾,太(太),[空],tha3(tʰɑ³³⁴),tha3,暂无
宝山·罗泾,泰(泰),[空],tha3(tʰɑ³³⁴),tha3,暂无
宝山·罗泾,倘(倘),[空],thaon3(tʰɒ̃³³⁴),thaon3,暂无
宝山·罗泾,烫(燙),[空],thaon3(tʰɒ̃³³⁴),thaon3,暂无
宝山·罗泾,趟(趟),[空],thaon3(tʰɒ̃³³⁴),thaon3,暂无
宝山·罗泾,躺(躺),[空],thaon3(tʰɒ̃³³⁴),thaon3,暂无
宝山·罗泾,塌(塌),[空],thaq7(tʰᴀʔ⁴),thaq7,暂无
宝山·罗泾,塔(塔),[空],thaq7(tʰᴀʔ⁴),thaq7,暂无
宝山·罗泾,拓(搨),[空],thaq7(tʰᴀʔ⁴),thaq7,暂无
宝山·罗泾,榻(榻),[空],thaq7(tʰᴀʔ⁴),thaq7,暂无
宝山·罗泾,叨(叨),[空],thau1(tʰɔ⁵²),thau1,暂无
宝山·罗泾,滔(滔),[空],thau1(tʰɔ⁵²),thau1,暂无
宝山·罗泾,套(套),[空],thau3(tʰɔ³³⁴),thau3,暂无
宝山·罗泾,讨(討),[空],thau3(tʰɔ³³⁴),thau3,暂无
宝山·罗泾,托(托),[空],thaoq7(tʰɔʔ⁴),thaoq7,暂无
宝山·罗泾,托(託),[空],thaoq7(tʰɔʔ⁴),thaoq7,暂无
宝山·罗泾,坍(坍),[空],thae1(tʰɛ⁵²),thae1,暂无
宝山·罗泾,摊(攤),[空],thae1(tʰɛ⁵²),thae1,暂无
宝山·罗泾,滩(灘),[空],thae1(tʰɛ⁵²),thae1,暂无
宝山·罗泾,胎(胎),[空],thae1(tʰɛ⁵²),thae1,暂无
宝山·罗泾,苔(苔),舌~,thae1(tʰɛ⁵²),thae1,暂无
宝山·罗泾,吞(吞),[空],then1(tʰɛ̃⁵²),then1,暂无
宝山·罗泾,坦(坦),[空],thae3(tʰɛ³³⁴),thae3,暂无
宝山·罗泾,态(態),[空],thae3(tʰɛ³³⁴),thae3,暂无
宝山·罗泾,叹(歎),[空],thae3(tʰɛ³³⁴),thae3,暂无
宝山·罗泾,毯(毯),[空],thae3(tʰɛ³³⁴),thae3,暂无
宝山·罗泾,炭(炭),[空],thae3(tʰɛ³³⁴),thae3,暂无
宝山·罗泾,氽(氽),[空],then3(tʰɛ̃³³⁴),then3,暂无
宝山·罗泾,忒(忒),[空],theq7(tʰəʔ⁴),theq7,暂无
宝山·罗泾,褪(褪),[空],theu3(tʰɤ³³⁴),theu3,暂无
宝山·罗泾,天(天),[空],thie1(tʰɪ⁵²),thie1,暂无
宝山·罗泾,梯(梯),[空],thi1(tʰi⁵²),thi1,暂无
宝山·罗泾,添(添),[空],thie1(tʰɪ⁵²),thie1,暂无
宝山·罗泾,贪(貪),[空],thie1(tʰɪ⁵²),thie1,暂无
宝山·罗泾,厅(廳),[空],thin1(tʰɪ̃⁵²),thin1,暂无
宝山·罗泾,汀(汀),[空],thin1(tʰɪ̃⁵²),thin1,暂无
宝山·罗泾,听(聽),[空],thin1(tʰɪ̃⁵²),thin1,暂无
宝山·罗泾,剃(剃),[空],thi3(tʰi³³⁴),thi3,暂无
宝山·罗泾,屉(屜),[空],thi3(tʰi³³⁴),thi3,暂无
宝山·罗泾,探(探),[空],thie3(tʰɪ³³⁴),thie3,暂无
宝山·罗泾,掭(掭),[空],thie3(tʰɪ³³⁴),thie3,暂无
宝山·罗泾,替(替),[空],thi3(tʰi³³⁴),thi3,暂无
宝山·罗泾,涕(涕),[空],thi3(tʰi³³⁴),thi3,暂无
宝山·罗泾,舔(舔),[空],thie3(tʰɪ³³⁴),thie3,暂无
宝山·罗泾,体(體),[空],thi3(tʰi³³⁴),thi3,暂无
宝山·罗泾,挺(挺),[空],thin3(tʰɪ̃³³⁴),thin3,暂无
宝山·罗泾,艇(艇),[空],thin3(tʰɪ̃³³⁴),thin3,暂无
宝山·罗泾,挑(挑),[空],thiau1(tʰiɔ⁵²),thiau1,暂无
宝山·罗泾,粜(糶),[空],thiau3(tʰiɔ³³⁴),thiau3,暂无
宝山·罗泾,跳(跳),[空],thiau3(tʰiɔ³³⁴),thiau3,暂无
宝山·罗泾,剔(剔),[空],thiq7(tʰɪʔ⁴),thiq7,暂无
宝山·罗泾,帖(帖),[空],thiq7(tʰɪʔ⁴),thiq7,暂无
宝山·罗泾,贴(貼),[空],thiq7(tʰɪʔ⁴),thiq7,暂无
宝山·罗泾,踢(踢),[空],thiq7(tʰɪʔ⁴),thiq7,暂无
宝山·罗泾,铁(鐵),[空],thiq7(tʰɪʔ⁴),thiq7,暂无
宝山·罗泾,通(通),[空],thon1(tʰoŋ⁵²),thon1,暂无
宝山·罗泾,捅(捅),[空],thon3(tʰoŋ³³⁴),thon3,暂无
宝山·罗泾,痛(痛),[空],thon3(tʰoŋ³³⁴),thon3,暂无
宝山·罗泾,秃(禿),[空],thoq7(tʰoʔ⁴),thoq7,暂无
宝山·罗泾,脱(脫),[空],thoq7(tʰoʔ⁴),thoq7,暂无
宝山·罗泾,蜕(蛻),[空],thoq7(tʰoʔ⁴),thoq7,暂无
宝山·罗泾,拖(拖),[空],thu1(tʰu⁵²),thu1,暂无
宝山·罗泾,兔(兔),[空],thu3(tʰu³³⁴),thu3,暂无
宝山·罗泾,吐(吐),[空],thu3(tʰu³³⁴),thu3,暂无
宝山·罗泾,唾(唾),[空],thu3(tʰu³³⁴),thu3,暂无
宝山·罗泾,土(土),[空],thu3(tʰu³³⁴),thu3,暂无
宝山·罗泾,妥(妥),[空],thu3(tʰu³³⁴),thu3,暂无
宝山·罗泾,椭(橢),[空],thu3(tʰu³³⁴),thu3,暂无
宝山·罗泾,偷(偷),[空],thai1(tʰʌɜ⁵²),thai1,暂无
宝山·罗泾,推(推),[空],thai1(tʰʌɜ⁵²),thai1,暂无
宝山·罗泾,腿(腿),[空],thai3(tʰʌɜ³³⁴),thai3,暂无
宝山·罗泾,退(退),[空],thai3(tʰʌɜ³³⁴),thai3,暂无
宝山·罗泾,透(透),[空],thai3(tʰʌɜ³³⁴),thai3,暂无
宝山·罗泾,㪗(㪗),[空],thai3(tʰʌɜ³³⁴),thai3,暂无
宝山·罗泾,低(低),[空],ti1(ti⁵²),ti1,暂无
宝山·罗泾,掂(掂),[空],tie1(tɪ⁵²),tie1,暂无
宝山·罗泾,颠(顛),[空],tie1(tɪ⁵²),tie1,暂无
宝山·罗泾,丁(丁),[空],tin1(tɪ̃⁵²),tin1,暂无
宝山·罗泾,疔(疔),[空],tin1(tɪ̃⁵²),tin1,暂无
宝山·罗泾,钉(釘),鐵~,tin1(tɪ̃⁵²),tin1,暂无
宝山·罗泾,典(典),[空],tie3(tɪ³³⁴),tie3,暂无
宝山·罗泾,帝(帝),[空],ti3(ti³³⁴),ti3,暂无
宝山·罗泾,底(底),[空],ti3(ti³³⁴),ti3,暂无
宝山·罗泾,店(店),[空],tie3(tɪ³³⁴),tie3,暂无
宝山·罗泾,抵(抵),[空],ti3(ti³³⁴),ti3,暂无
宝山·罗泾,腆(腆),[空],tie3(tɪ³³⁴),tie3,暂无
宝山·罗泾,点(點),[空],tie3(tɪ³³⁴),tie3,暂无
宝山·罗泾,订(訂),[空],tin3(tɪ̃³³⁴),tin3,暂无
宝山·罗泾,钉(釘),~住,tin3(tɪ̃³³⁴),tin3,暂无
宝山·罗泾,顶(頂),[空],tin3(tɪ̃³³⁴),tin3,暂无
宝山·罗泾,鼎(鼎),[空],tin3(tɪ̃³³⁴),tin3,暂无
宝山·罗泾,爹(爹),[空],tia1(tiɑ⁵²),tia1,暂无
宝山·罗泾,嗲(嗲),[空],tia3(tiɑ³³⁴),tia3,暂无
宝山·罗泾,刁(刁),[空],tiau1(tiɔ⁵²),tiau1,暂无
宝山·罗泾,貂(貂),[空],tiau1(tiɔ⁵²),tiau1,暂无
宝山·罗泾,雕(雕),[空],tiau1(tiɔ⁵²),tiau1,暂无
宝山·罗泾,吊(弔),[空],tiau3(tiɔ³³⁴),tiau3,暂无
宝山·罗泾,钓(釣),[空],tiau3(tiɔ³³⁴),tiau3,暂无
宝山·罗泾,鸟(鳥),白,tiau3(tiɔ³³⁴),tiau3,暂无
宝山·罗泾,嫡(嫡),[空],tiq7(tɪʔ⁴),tiq7,暂无
宝山·罗泾,滴(滴),[空],tiq7(tɪʔ⁴),tiq7,暂无
宝山·罗泾,的(的),[空],tiq7(tɪʔ⁴),tiq7,暂无
宝山·罗泾,迭(迭),[空],tiq7(tɪʔ⁴),tiq7,暂无
宝山·罗泾,冬(冬),[空],ton1(toŋ⁵²),ton1,暂无
宝山·罗泾,东(東),[空],ton1(toŋ⁵²),ton1,暂无
宝山·罗泾,冻(凍),[空],ton3(toŋ³³⁴),ton3,暂无
宝山·罗泾,懂(懂),[空],ton3(toŋ³³⁴),ton3,暂无
宝山·罗泾,栋(棟),[空],ton3(toŋ³³⁴),ton3,暂无
宝山·罗泾,董(董),[空],ton3(toŋ³³⁴),ton3,暂无
宝山·罗泾,掇(掇),[空],toq7(toʔ⁴),toq7,暂无
宝山·罗泾,督(督),[空],toq7(toʔ⁴),toq7,暂无
宝山·罗泾,张(張),[空],tsan1(tsã⁵²),tsan1,暂无
宝山·罗泾,争(爭),[空],tsan1(tsã⁵²),tsan1,暂无
宝山·罗泾,抓(抓),[空],tsa1(tsɑ⁵²),tsa1,暂无
宝山·罗泾,斋(齋),[空],tsa1(tsɑ⁵²),tsa1,暂无
宝山·罗泾,桩(樁),[空],tsaon1(tsɒ̃⁵²),tsaon1,暂无
宝山·罗泾,樟(樟),[空],tsaon1(tsɒ̃⁵²),tsaon1,暂无
宝山·罗泾,章(章),[空],tsaon1(tsɒ̃⁵²),tsaon1,暂无
宝山·罗泾,庄(莊),[空],tsaon1(tsɒ̃⁵²),tsaon1,暂无
宝山·罗泾,装(裝),[空],tsaon1(tsɒ̃⁵²),tsaon1,暂无
宝山·罗泾,赃(贓),[空],tsaon1(tsɒ̃⁵²),tsaon1,暂无
宝山·罗泾,脏(髒),[空],tsaon1(tsɒ̃⁵²),tsaon1,暂无
宝山·罗泾,帐(帳),[空],tsan3(tsã³³⁴),tsan3,暂无
宝山·罗泾,涨(漲),[空],tsan3(tsã³³⁴),tsan3,暂无
宝山·罗泾,胀(脹),[空],tsan3(tsã³³⁴),tsan3,暂无
宝山·罗泾,账(賬),[空],tsan3(tsã³³⁴),tsan3,暂无
宝山·罗泾,长(長),生~,tsan3(tsã³³⁴),tsan3,暂无
宝山·罗泾,债(債),[空],tsa3(tsɑ³³⁴),tsa3,暂无
宝山·罗泾,寨(寨),[空],tsa3(tsɑ³³⁴),tsa3,暂无
宝山·罗泾,爪(爪),~子,tsa3(tsɑ³³⁴),tsa3,暂无
宝山·罗泾,笊(笊),[空],tsa3(tsɑ³³⁴),tsa3,暂无
宝山·罗泾,壮(壯),[空],tsaon3(tsɒ̃³³⁴),tsaon3,暂无
宝山·罗泾,掌(掌),[空],tsaon3(tsɒ̃³³⁴),tsaon3,暂无
宝山·罗泾,瘴(瘴),[空],tsaon3(tsɒ̃³³⁴),tsaon3,暂无
宝山·罗泾,葬(葬),[空],tsaon3(tsɒ̃³³⁴),tsaon3,暂无
宝山·罗泾,障(障),[空],tsaon3(tsɒ̃³³⁴),tsaon3,暂无
宝山·罗泾,摘(摘),[空],tsaq7(tsᴀʔ⁴),tsaq7,暂无
宝山·罗泾,札(札),[空],tsaq7(tsᴀʔ⁴),tsaq7,暂无
宝山·罗泾,着(着),~衣,tsaq7(tsᴀʔ⁴),tsaq7,暂无
宝山·罗泾,窄(窄),[空],tsaq7(tsᴀʔ⁴),tsaq7,暂无
宝山·罗泾,扎(紮),[空],tsaq7(tsᴀʔ⁴),tsaq7,暂无
宝山·罗泾,责(責),[空],tsaq7(tsᴀʔ⁴),tsaq7,暂无
宝山·罗泾,酌(酌),[空],tsaq7(tsᴀʔ⁴),tsaq7,暂无
宝山·罗泾,只(隻),[空],tsaq7(tsᴀʔ⁴),tsaq7,暂无
宝山·罗泾,招(招),[空],tsau1(tsɔ⁵²),tsau1,暂无
宝山·罗泾,昭(昭),[空],tsau1(tsɔ⁵²),tsau1,暂无
宝山·罗泾,朝(朝),今~,tsau1(tsɔ⁵²),tsau1,暂无
宝山·罗泾,糟(糟),[空],tsau1(tsɔ⁵²),tsau1,暂无
宝山·罗泾,遭(遭),[空],tsau1(tsɔ⁵²),tsau1,暂无
宝山·罗泾,找(找),[空],tsau3(tsɔ³³⁴),tsau3,暂无
宝山·罗泾,早(早),[空],tsau3(tsɔ³³⁴),tsau3,暂无
宝山·罗泾,枣(棗),[空],tsau3(tsɔ³³⁴),tsau3,暂无
宝山·罗泾,沼(沼),[空],tsau3(tsɔ³³⁴),tsau3,暂无
宝山·罗泾,澡(澡),[空],tsau3(tsɔ³³⁴),tsau3,暂无
宝山·罗泾,照(照),[空],tsau3(tsɔ³³⁴),tsau3,暂无
宝山·罗泾,爪(爪),~牙,tsau3(tsɔ³³⁴),tsau3,暂无
宝山·罗泾,灶(竈),[空],tsau3(tsɔ³³⁴),tsau3,暂无
宝山·罗泾,罩(罩),[空],tsau3(tsɔ³³⁴),tsau3,暂无
宝山·罗泾,蚤(蚤),[空],tsau3(tsɔ³³⁴),tsau3,暂无
宝山·罗泾,作(作),[空],tsaoq7(tsɔʔ⁴),tsaoq7,暂无
宝山·罗泾,栽(栽),[空],tsae1(tsɛ⁵²),tsae1,暂无
宝山·罗泾,灾(災),[空],tsae1(tsɛ⁵²),tsae1,暂无
宝山·罗泾,笺(箋),[空],tsae1(tsɛ⁵²),tsae1,暂无
宝山·罗泾,侦(偵),[空],tsen1(tsɛ̃⁵²),tsen1,暂无
宝山·罗泾,增(增),[空],tsen1(tsɛ̃⁵²),tsen1,暂无
宝山·罗泾,姓(姓),[空],tsen1(tsɛ̃⁵²),tsen1,暂无
宝山·罗泾,娠(娠),[空],tsen1(tsɛ̃⁵²),tsen1,暂无
宝山·罗泾,尊(尊),[空],tsen1(tsɛ̃⁵²),tsen1,暂无
宝山·罗泾,征(征),[空],tsen1(tsɛ̃⁵²),tsen1,暂无
宝山·罗泾,征(徵),[空],tsen1(tsɛ̃⁵²),tsen1,暂无
宝山·罗泾,憎(憎),[空],tsen1(tsɛ̃⁵²),tsen1,暂无
宝山·罗泾,斟(斟),[空],tsen1(tsɛ̃⁵²),tsen1,暂无
宝山·罗泾,曾(曾),姓,tsen1(tsɛ̃⁵²),tsen1,暂无
宝山·罗泾,榛(榛),[空],tsen1(tsɛ̃⁵²),tsen1,暂无
宝山·罗泾,正(正),[空],tsen1(tsɛ̃⁵²),tsen1,暂无
宝山·罗泾,争(爭),[空],tsen1(tsɛ̃⁵²),tsen1,暂无
宝山·罗泾,珍(珍),[空],tsen1(tsɛ̃⁵²),tsen1,暂无
宝山·罗泾,真(真),[空],tsen1(tsɛ̃⁵²),tsen1,暂无
宝山·罗泾,睁(睜),[空],tsen1(tsɛ̃⁵²),tsen1,暂无
宝山·罗泾,筝(箏),[空],tsen1(tsɛ̃⁵²),tsen1,暂无
宝山·罗泾,肫(肫),[空],tsen1(tsɛ̃⁵²),tsen1,暂无
宝山·罗泾,蒸(蒸),[空],tsen1(tsɛ̃⁵²),tsen1,暂无
宝山·罗泾,贞(貞),[空],tsen1(tsɛ̃⁵²),tsen1,暂无
宝山·罗泾,遵(遵),[空],tsen1(tsɛ̃⁵²),tsen1,暂无
宝山·罗泾,针(針),[空],tsen1(tsɛ̃⁵²),tsen1,暂无
宝山·罗泾,再(再),[空],tsae3(tsɛ³³⁴),tsae3,暂无
宝山·罗泾,宰(宰),[空],tsae3(tsɛ³³⁴),tsae3,暂无
宝山·罗泾,斩(斬),[空],tsae3(tsɛ³³⁴),tsae3,暂无
宝山·罗泾,盏(盞),[空],tsae3(tsɛ³³⁴),tsae3,暂无
宝山·罗泾,绽(綻),[空],tsae3(tsɛ³³⁴),tsae3,暂无
宝山·罗泾,者(者),[空],tsae3(tsɛ³³⁴),tsae3,暂无
宝山·罗泾,蘸(蘸),[空],tsae3(tsɛ³³⁴),tsae3,暂无
宝山·罗泾,赘(贅),[空],tsae3(tsɛ³³⁴),tsae3,暂无
宝山·罗泾,赞(贊),[空],tsae3(tsɛ³³⁴),tsae3,暂无
宝山·罗泾,载(載),[空],tsae3(tsɛ³³⁴),tsae3,暂无
宝山·罗泾,准(准),[空],tsen3(tsɛ̃³³⁴),tsen3,暂无
宝山·罗泾,振(振),[空],tsen3(tsɛ̃³³⁴),tsen3,暂无
宝山·罗泾,撙(撙),[空],tsen3(tsɛ̃³³⁴),tsen3,暂无
宝山·罗泾,政(政),[空],tsen3(tsɛ̃³³⁴),tsen3,暂无
宝山·罗泾,整(整),[空],tsen3(tsɛ̃³³⁴),tsen3,暂无
宝山·罗泾,枕(枕),[空],tsen3(tsɛ̃³³⁴),tsen3,暂无
宝山·罗泾,正(正),[空],tsen3(tsɛ̃³³⁴),tsen3,暂无
宝山·罗泾,准(準),[空],tsen3(tsɛ̃³³⁴),tsen3,暂无
宝山·罗泾,疹(疹),[空],tsen3(tsɛ̃³³⁴),tsen3,暂无
宝山·罗泾,症(症),[空],tsen3(tsɛ̃³³⁴),tsen3,暂无
宝山·罗泾,诊(診),[空],tsen3(tsɛ̃³³⁴),tsen3,暂无
宝山·罗泾,证(證),[空],tsen3(tsɛ̃³³⁴),tsen3,暂无
宝山·罗泾,镇(鎮),[空],tsen3(tsɛ̃³³⁴),tsen3,暂无
宝山·罗泾,震(震),[空],tsen3(tsɛ̃³³⁴),tsen3,暂无
宝山·罗泾,侧(側),[空],tseq7(tsəʔ⁴),tseq7,暂无
宝山·罗泾,则(則),[空],tseq7(tsəʔ⁴),tseq7,暂无
宝山·罗泾,卒(卒),[空],tseq7(tsəʔ⁴),tseq7,暂无
宝山·罗泾,哲(哲),[空],tseq7(tsəʔ⁴),tseq7,暂无
宝山·罗泾,执(執),[空],tseq7(tsəʔ⁴),tseq7,暂无
宝山·罗泾,折(折),~斷,tseq7(tsəʔ⁴),tseq7,暂无
宝山·罗泾,拙(拙),[空],tseq7(tsəʔ⁴),tseq7,暂无
宝山·罗泾,折(摺),[空],tseq7(tsəʔ⁴),tseq7,暂无
宝山·罗泾,汁(汁),[空],tseq7(tsəʔ⁴),tseq7,暂无
宝山·罗泾,浙(浙),[空],tseq7(tsəʔ⁴),tseq7,暂无
宝山·罗泾,炙(炙),[空],tseq7(tsəʔ⁴),tseq7,暂无
宝山·罗泾,织(織),[空],tseq7(tsəʔ⁴),tseq7,暂无
宝山·罗泾,职(職),[空],tseq7(tsəʔ⁴),tseq7,暂无
宝山·罗泾,只(衹),[空],tseq7(tsəʔ⁴),tseq7,暂无
宝山·罗泾,褶(褶),[空],tseq7(tsəʔ⁴),tseq7,暂无
宝山·罗泾,质(質),[空],tseq7(tsəʔ⁴),tseq7,暂无
宝山·罗泾,动(動),[空],tseu1(tsɤ⁵²),tseu1,暂无
宝山·罗泾,姓(姓),[空],tseu1(tsɤ⁵²),tseu1,暂无
宝山·罗泾,抓(抓),[空],tseu1(tsɤ⁵²),tseu1,暂无
宝山·罗泾,查(查),姓,tseu1(tsɤ⁵²),tseu1,暂无
宝山·罗泾,渣(渣),[空],tseu1(tsɤ⁵²),tseu1,暂无
宝山·罗泾,词(詞),[空],tseu1(tsɤ⁵²),tseu1,暂无
宝山·罗泾,遮(遮),[空],tseu1(tsɤ⁵²),tseu1,暂无
宝山·罗泾,钻(鑽),動詞,tseu1(tsɤ⁵²),tseu1,暂无
宝山·罗泾,名(名),[空],tseu3(tsɤ³³⁴),tseu3,暂无
宝山·罗泾,攒(攢),[空],tseu3(tsɤ³³⁴),tseu3,暂无
宝山·罗泾,榨(榨),[空],tseu3(tsɤ³³⁴),tseu3,暂无
宝山·罗泾,炸(炸),[空],tseu3(tsɤ³³⁴),tseu3,暂无
宝山·罗泾,蔗(蔗),[空],tseu3(tsɤ³³⁴),tseu3,暂无
宝山·罗泾,诈(詐),[空],tseu3(tsɤ³³⁴),tseu3,暂无
宝山·罗泾,词(詞),[空],tseu3(tsɤ³³⁴),tseu3,暂无
宝山·罗泾,钻(鑽),名詞,tseu3(tsɤ³³⁴),tseu3,暂无
宝山·罗泾,撑(撐),[空],tshan1(tsʰã⁵²),tshan1,暂无
宝山·罗泾,差(差),出~,tsha1(tsʰɑ⁵²),tsha1,暂无
宝山·罗泾,仓(倉),[空],tshaon1(tsʰɒ̃⁵²),tshaon1,暂无
宝山·罗泾,昌(昌),[空],tshaon1(tsʰɒ̃⁵²),tshaon1,暂无
宝山·罗泾,疮(瘡),[空],tshaon1(tsʰɒ̃⁵²),tshaon1,暂无
宝山·罗泾,窗(窗),[空],tshaon1(tsʰɒ̃⁵²),tshaon1,暂无
宝山·罗泾,菖(菖),[空],tshaon1(tsʰɒ̃⁵²),tshaon1,暂无
宝山·罗泾,苍(蒼),[空],tshaon1(tsʰɒ̃⁵²),tshaon1,暂无
宝山·罗泾,畅(暢),[空],tshan3(tsʰã³³⁴),tshan3,暂无
宝山·罗泾,岔(岔),[空],tsha3(tsʰɑ³³⁴),tsha3,暂无
宝山·罗泾,扯(扯),[空],tsha3(tsʰɑ³³⁴),tsha3,暂无
宝山·罗泾,蔡(蔡),[空],tsha3(tsʰɑ³³⁴),tsha3,暂无
宝山·罗泾,倡(倡),[空],tshaon3(tsʰɒ̃³³⁴),tshaon3,暂无
宝山·罗泾,创(創),[空],tshaon3(tsʰɒ̃³³⁴),tshaon3,暂无
宝山·罗泾,唱(唱),[空],tshaon3(tsʰɒ̃³³⁴),tshaon3,暂无
宝山·罗泾,厂(廠),[空],tshaon3(tsʰɒ̃³³⁴),tshaon3,暂无
宝山·罗泾,闯(闖),[空],tshaon3(tsʰɒ̃³³⁴),tshaon3,暂无
宝山·罗泾,册(冊),[空],tshaq7(tsʰᴀʔ⁴),tshaq7,暂无
宝山·罗泾,察(察),[空],tshaq7(tsʰᴀʔ⁴),tshaq7,暂无
宝山·罗泾,尺(尺),[空],tshaq7(tsʰᴀʔ⁴),tshaq7,暂无
宝山·罗泾,拆(拆),[空],tshaq7(tsʰᴀʔ⁴),tshaq7,暂无
宝山·罗泾,插(插),[空],tshaq7(tsʰᴀʔ⁴),tshaq7,暂无
宝山·罗泾,擦(擦),[空],tshaq7(tsʰᴀʔ⁴),tshaq7,暂无
宝山·罗泾,焯(焯),[空],tshaq7(tsʰᴀʔ⁴),tshaq7,暂无
宝山·罗泾,策(策),[空],tshaq7(tsʰᴀʔ⁴),tshaq7,暂无
宝山·罗泾,绰(綽),[空],tshaq7(tsʰᴀʔ⁴),tshaq7,暂无
宝山·罗泾,抄(抄),[空],tshau1(tsʰɔ⁵²),tshau1,暂无
宝山·罗泾,操(操),[空],tshau1(tsʰɔ⁵²),tshau1,暂无
宝山·罗泾,超(超),[空],tshau1(tsʰɔ⁵²),tshau1,暂无
宝山·罗泾,钞(鈔),[空],tshau1(tsʰɔ⁵²),tshau1,暂无
宝山·罗泾,吵(吵),[空],tshau3(tsʰɔ³³⁴),tshau3,暂无
宝山·罗泾,炒(炒),[空],tshau3(tsʰɔ³³⁴),tshau3,暂无
宝山·罗泾,糙(糙),[空],tshau3(tsʰɔ³³⁴),tshau3,暂无
宝山·罗泾,草(草),[空],tshau3(tsʰɔ³³⁴),tshau3,暂无
宝山·罗泾,躁(躁),[空],tshau3(tsʰɔ³³⁴),tshau3,暂无
宝山·罗泾,搀(攙),[空],tshae1(tsʰɛ⁵²),tshae1,暂无
宝山·罗泾,春(春),[空],tshen1(tsʰɛ̃⁵²),tshen1,暂无
宝山·罗泾,村(村),[空],tshen1(tsʰɛ̃⁵²),tshen1,暂无
宝山·罗泾,椿(椿),[空],tshen1(tsʰɛ̃⁵²),tshen1,暂无
宝山·罗泾,皴(皴),[空],tshen1(tsʰɛ̃⁵²),tshen1,暂无
宝山·罗泾,称(稱),[空],tshen1(tsʰɛ̃⁵²),tshen1,暂无
宝山·罗泾,蛏(蟶),[空],tshen1(tsʰɛ̃⁵²),tshen1,暂无
宝山·罗泾,彩(彩),[空],tshae3(tsʰɛ³³⁴),tshae3,暂无
宝山·罗泾,采(採),[空],tshae3(tsʰɛ³³⁴),tshae3,暂无
宝山·罗泾,棌(棌),[空],tshae3(tsʰɛ³³⁴),tshae3,暂无
宝山·罗泾,灿(燦),[空],tshae3(tsʰɛ³³⁴),tshae3,暂无
宝山·罗泾,产(產),[空],tshae3(tsʰɛ³³⁴),tshae3,暂无
宝山·罗泾,睬(睬),[空],tshae3(tsʰɛ³³⁴),tshae3,暂无
宝山·罗泾,菜(菜),[空],tshae3(tsʰɛ³³⁴),tshae3,暂无
宝山·罗泾,铲(鏟),[空],tshae3(tsʰɛ³³⁴),tshae3,暂无
宝山·罗泾,寸(寸),[空],tshen3(tsʰɛ̃³³⁴),tshen3,暂无
宝山·罗泾,忖(忖),[空],tshen3(tsʰɛ̃³³⁴),tshen3,暂无
宝山·罗泾,秤(秤),[空],tshen3(tsʰɛ̃³³⁴),tshen3,暂无
宝山·罗泾,称(稱),[空],tshen3(tsʰɛ̃³³⁴),tshen3,暂无
宝山·罗泾,蠢(蠢),[空],tshen3(tsʰɛ̃³³⁴),tshen3,暂无
宝山·罗泾,衬(襯),[空],tshen3(tsʰɛ̃³³⁴),tshen3,暂无
宝山·罗泾,趁(趁),[空],tshen3(tsʰɛ̃³³⁴),tshen3,暂无
宝山·罗泾,蹭(蹭),[空],tshen3(tsʰɛ̃³³⁴),tshen3,暂无
宝山·罗泾,逞(逞),[空],tshen3(tsʰɛ̃³³⁴),tshen3,暂无
宝山·罗泾,出(出),[空],tsheq7(tsʰəʔ⁴),tsheq7,暂无
宝山·罗泾,彻(徹),[空],tsheq7(tsʰəʔ⁴),tsheq7,暂无
宝山·罗泾,撤(撤),[空],tsheq7(tsʰəʔ⁴),tsheq7,暂无
宝山·罗泾,斥(斥),[空],tsheq7(tsʰəʔ⁴),tsheq7,暂无
宝山·罗泾,测(測),[空],tsheq7(tsʰəʔ⁴),tsheq7,暂无
宝山·罗泾,猝(猝),[空],tsheq7(tsʰəʔ⁴),tsheq7,暂无
宝山·罗泾,赤(赤),[空],tsheq7(tsʰəʔ⁴),tsheq7,暂无
宝山·罗泾,饬(飭),[空],tsheq7(tsʰəʔ⁴),tsheq7,暂无
宝山·罗泾,叉(叉),[空],tsheu1(tsʰɤ⁵²),tsheu1,暂无
宝山·罗泾,差(差),[空],tsheu1(tsʰɤ⁵²),tsheu1,暂无
宝山·罗泾,搓(搓),~麻將,tsheu1(tsʰɤ⁵²),tsheu1,暂无
宝山·罗泾,杈(杈),[空],tsheu1(tsʰɤ⁵²),tsheu1,暂无
宝山·罗泾,汆(汆),[空],tsheu1(tsʰɤ⁵²),tsheu1,暂无
宝山·罗泾,车(車),[空],tsheu1(tsʰɤ⁵²),tsheu1,暂无
宝山·罗泾,钗(釵),[空],tsheu1(tsʰɤ⁵²),tsheu1,暂无
宝山·罗泾,餐(餐),[空],tsheu1(tsʰɤ⁵²),tsheu1,暂无
宝山·罗泾,岔(岔),[空],tsheu3(tsʰɤ³³⁴),tsheu3,暂无
宝山·罗泾,窜(竄),[空],tsheu3(tsʰɤ³³⁴),tsheu3,暂无
宝山·罗泾,篡(篡),[空],tsheu3(tsʰɤ³³⁴),tsheu3,暂无
宝山·罗泾,纂(纂),[空],tsheu3(tsʰɤ³³⁴),tsheu3,暂无
宝山·罗泾,错(錯),[空],tsheu3(tsʰɤ³³⁴),tsheu3,暂无
宝山·罗泾,千(千),[空],tshie1(tsʰɪ⁵²),tshie1,暂无
宝山·罗泾,参(參),[空],tshie1(tsʰɪ⁵²),tshie1,暂无
宝山·罗泾,妻(妻),[空],tshi1(tsʰi⁵²),tshi1,暂无
宝山·罗泾,川(川),[空],tshie1(tsʰɪ⁵²),tshie1,暂无
宝山·罗泾,歼(殲),[空],tshie1(tsʰɪ⁵²),tshie1,暂无
宝山·罗泾,穿(穿),[空],tshie1(tsʰɪ⁵²),tshie1,暂无
宝山·罗泾,签(簽),[空],tshie1(tsʰɪ⁵²),tshie1,暂无
宝山·罗泾,签(籤),[空],tshie1(tsʰɪ⁵²),tshie1,暂无
宝山·罗泾,蛆(蛆),[空],tshi1(tsʰi⁵²),tshi1,暂无
宝山·罗泾,迁(遷),[空],tshie1(tsʰɪ⁵²),tshie1,暂无
宝山·罗泾,侵(侵),[空],tshin1(tsʰɪ̃⁵²),tshin1,暂无
宝山·罗泾,清(清),[空],tshin1(tsʰɪ̃⁵²),tshin1,暂无
宝山·罗泾,亲(親),[空],tshin1(tsʰɪ̃⁵²),tshin1,暂无
宝山·罗泾,且(且),[空],tshi3(tsʰi³³⁴),tshi3,暂无
宝山·罗泾,串(串),[空],tshie3(tsʰɪ³³⁴),tshie3,暂无
宝山·罗泾,喘(喘),[空],tshie3(tsʰɪ³³⁴),tshie3,暂无
宝山·罗泾,惨(慘),[空],tshie3(tsʰɪ³³⁴),tshie3,暂无
宝山·罗泾,浅(淺),[空],tshie3(tsʰɪ³³⁴),tshie3,暂无
宝山·罗泾,砌(砌),[空],tshi3(tsʰi³³⁴),tshi3,暂无
宝山·罗泾,吣(吣),[空],tshin3(tsʰɪ̃³³⁴),tshin3,暂无
宝山·罗泾,请(請),[空],tshin3(tsʰɪ̃³³⁴),tshin3,暂无
宝山·罗泾,枪(槍),[空],tshian1(tsʰiã⁵²),tshian1,暂无
宝山·罗泾,抢(搶),[空],tshian3(tsʰiã³³⁴),tshian3,暂无
宝山·罗泾,笡(笡),[空],tshia3(tsʰiɑ³³⁴),tshia3,暂无
宝山·罗泾,雀(雀),[空],tshiaq7(tsʰiᴀʔ⁴),tshiaq7,暂无
宝山·罗泾,鹊(鵲),[空],tshiaq7(tsʰiᴀʔ⁴),tshiaq7,暂无
宝山·罗泾,缲(繰),[空],tshiau1(tsʰiɔ⁵²),tshiau1,暂无
宝山·罗泾,锹(鍬),[空],tshiau1(tsʰiɔ⁵²),tshiau1,暂无
宝山·罗泾,俏(俏),[空],tshiau3(tsʰiɔ³³⁴),tshiau3,暂无
宝山·罗泾,悄(悄),[空],tshiau3(tsʰiɔ³³⁴),tshiau3,暂无
宝山·罗泾,七(七),[空],tshiq7(tsʰɪʔ⁴),tshiq7,暂无
宝山·罗泾,切(切),[空],tshiq7(tsʰɪʔ⁴),tshiq7,暂无
宝山·罗泾,妾(妾),[空],tshiq7(tsʰɪʔ⁴),tshiq7,暂无
宝山·罗泾,戚(戚),[空],tshiq7(tsʰɪʔ⁴),tshiq7,暂无
宝山·罗泾,漆(漆),[空],tshiq7(tsʰɪʔ⁴),tshiq7,暂无
宝山·罗泾,缉(緝),[空],tshiq7(tsʰɪʔ⁴),tshiq7,暂无
宝山·罗泾,辑(輯),[空],tshiq7(tsʰɪʔ⁴),tshiq7,暂无
宝山·罗泾,充(充),[空],tshon1(tsʰoŋ⁵²),tshon1,暂无
宝山·罗泾,囱(囪),[空],tshon1(tsʰoŋ⁵²),tshon1,暂无
宝山·罗泾,匆(怱),[空],tshon1(tsʰoŋ⁵²),tshon1,暂无
宝山·罗泾,聪(聰),[空],tshon1(tsʰoŋ⁵²),tshon1,暂无
宝山·罗泾,舂(舂),[空],tshon1(tsʰoŋ⁵²),tshon1,暂无
宝山·罗泾,葱(葱),[空],tshon1(tsʰoŋ⁵²),tshon1,暂无
宝山·罗泾,冲(衝),[空],tshon1(tsʰoŋ⁵²),tshon1,暂无
宝山·罗泾,宠(寵),[空],tshon3(tsʰoŋ³³⁴),tshon3,暂无
宝山·罗泾,铳(銃),[空],tshon3(tsʰoŋ³³⁴),tshon3,暂无
宝山·罗泾,促(促),[空],tshoq7(tsʰoʔ⁴),tshoq7,暂无
宝山·罗泾,戳(戳),[空],tshoq7(tsʰoʔ⁴),tshoq7,暂无
宝山·罗泾,撮(撮),[空],tshoq7(tsʰoʔ⁴),tshoq7,暂无
宝山·罗泾,畜(畜),~牲,tshoq7(tsʰoʔ⁴),tshoq7,暂无
宝山·罗泾,绰(綽),[空],tshoq7(tsʰoʔ⁴),tshoq7,暂无
宝山·罗泾,触(觸),[空],tshoq7(tsʰoʔ⁴),tshoq7,暂无
宝山·罗泾,初(初),[空],tshu1(tsʰu⁵²),tshu1,暂无
宝山·罗泾,搓(搓),[空],tshu1(tsʰu⁵²),tshu1,暂无
宝山·罗泾,粗(粗),[空],tshu1(tsʰu⁵²),tshu1,暂无
宝山·罗泾,措(措),[空],tshu3(tsʰu³³⁴),tshu3,暂无
宝山·罗泾,楚(楚),[空],tshu3(tsʰu³³⁴),tshu3,暂无
宝山·罗泾,醋(醋),[空],tshu3(tsʰu³³⁴),tshu3,暂无
宝山·罗泾,锉(銼),[空],tshu3(tsʰu³³⁴),tshu3,暂无
宝山·罗泾,雉(雉),[空],tshu3(tsʰu³³⁴),tshu3,暂无
宝山·罗泾,催(催),[空],tshai1(tsʰʌɜ⁵²),tshai1,暂无
宝山·罗泾,吹(吹),文,tshai1(tsʰʌɜ⁵²),tshai1,暂无
宝山·罗泾,崔(崔),[空],tshai1(tsʰʌɜ⁵²),tshai1,暂无
宝山·罗泾,抽(抽),[空],tshai1(tsʰʌɜ⁵²),tshai1,暂无
宝山·罗泾,猜(猜),[空],tshai1(tsʰʌɜ⁵²),tshai1,暂无
宝山·罗泾,丑(丑),[空],tshai3(tsʰʌɜ³³⁴),tshai3,暂无
宝山·罗泾,揣(揣),[空],tshai3(tsʰʌɜ³³⁴),tshai3,暂无
宝山·罗泾,凑(湊),[空],tshai3(tsʰʌɜ³³⁴),tshai3,暂无
宝山·罗泾,翠(翠),[空],tshai3(tsʰʌɜ³³⁴),tshai3,暂无
宝山·罗泾,脆(脆),[空],tshai3(tsʰʌɜ³³⁴),tshai3,暂无
宝山·罗泾,臭(臭),[空],tshai3(tsʰʌɜ³³⁴),tshai3,暂无
宝山·罗泾,丑(醜),[空],tshai3(tsʰʌɜ³³⁴),tshai3,暂无
宝山·罗泾,秋(秋),[空],tshiu1(tsʰy⁵²),tshiu1,暂无
宝山·罗泾,趋(趨),[空],tshiu1(tsʰy⁵²),tshiu1,暂无
宝山·罗泾,取(取),[空],tshiu3(tsʰy³³⁴),tshiu3,暂无
宝山·罗泾,娶(娶),[空],tshiu3(tsʰy³³⁴),tshiu3,暂无
宝山·罗泾,趣(趣),[空],tshiu3(tsʰy³³⁴),tshiu3,暂无
宝山·罗泾,占(占),[空],tsie1(tsɪ⁵²),tsie1,暂无
宝山·罗泾,专(專),[空],tsie1(tsɪ⁵²),tsie1,暂无
宝山·罗泾,尖(尖),[空],tsie1(tsɪ⁵²),tsie1,暂无
宝山·罗泾,毡(氈),[空],tsie1(tsɪ⁵²),tsie1,暂无
宝山·罗泾,沾(沾),[空],tsie1(tsɪ⁵²),tsie1,暂无
宝山·罗泾,煎(煎),[空],tsie1(tsɪ⁵²),tsie1,暂无
宝山·罗泾,瞻(瞻),[空],tsie1(tsɪ⁵²),tsie1,暂无
宝山·罗泾,砖(磚),[空],tsie1(tsɪ⁵²),tsie1,暂无
宝山·罗泾,笺(箋),[空],tsie1(tsɪ⁵²),tsie1,暂无
宝山·罗泾,簪(簪),[空],tsie1(tsɪ⁵²),tsie1,暂无
宝山·罗泾,晶(晶),[空],tsin1(tsɪ̃⁵²),tsin1,暂无
宝山·罗泾,津(津),[空],tsin1(tsɪ̃⁵²),tsin1,暂无
宝山·罗泾,睛(睛),[空],tsin1(tsɪ̃⁵²),tsin1,暂无
宝山·罗泾,精(精),[空],tsin1(tsɪ̃⁵²),tsin1,暂无
宝山·罗泾,青(青),[空],tsin1(tsɪ̃⁵²),tsin1,暂无
宝山·罗泾,占(佔),[空],tsie3(tsɪ³³⁴),tsie3,暂无
宝山·罗泾,剪(剪),[空],tsie3(tsɪ³³⁴),tsie3,暂无
宝山·罗泾,剂(劑),[空],tsi3(tsi³³⁴),tsi3,暂无
宝山·罗泾,姐(姐),[空],tsi3(tsi³³⁴),tsi3,暂无
宝山·罗泾,展(展),[空],tsie3(tsɪ³³⁴),tsie3,暂无
宝山·罗泾,战(戰),[空],tsie3(tsɪ³³⁴),tsie3,暂无
宝山·罗泾,撰(撰),[空],tsie3(tsɪ³³⁴),tsie3,暂无
宝山·罗泾,挤(擠),[空],tsi3(tsi³³⁴),tsi3,暂无
宝山·罗泾,济(濟),[空],tsi3(tsi³³⁴),tsi3,暂无
宝山·罗泾,祭(祭),[空],tsi3(tsi³³⁴),tsi3,暂无
宝山·罗泾,箭(箭),[空],tsie3(tsɪ³³⁴),tsie3,暂无
宝山·罗泾,转(轉),[空],tsie3(tsɪ³³⁴),tsie3,暂无
宝山·罗泾,际(際),[空],tsi3(tsi³³⁴),tsi3,暂无
宝山·罗泾,颤(顫),[空],tsie3(tsɪ³³⁴),tsie3,暂无
宝山·罗泾,井(井),[空],tsin3(tsɪ̃³³⁴),tsin3,暂无
宝山·罗泾,俊(俊),[空],tsin3(tsɪ̃³³⁴),tsin3,暂无
宝山·罗泾,晋(晉),[空],tsin3(tsɪ̃³³⁴),tsin3,暂无
宝山·罗泾,浸(浸),[空],tsin3(tsɪ̃³³⁴),tsin3,暂无
宝山·罗泾,进(進),[空],tsin3(tsɪ̃³³⁴),tsin3,暂无
宝山·罗泾,将(將),~來,tsian1(tsiã⁵²),tsian1,暂无
宝山·罗泾,浆(漿),[空],tsian1(tsiã⁵²),tsian1,暂无
宝山·罗泾,将(將),大~,tsian3(tsiã³³⁴),tsian3,暂无
宝山·罗泾,桨(槳),[空],tsian3(tsiã³³⁴),tsian3,暂无
宝山·罗泾,奖(獎),[空],tsian3(tsiã³³⁴),tsian3,暂无
宝山·罗泾,蒋(蔣),[空],tsian3(tsiã³³⁴),tsian3,暂无
宝山·罗泾,酱(醬),[空],tsian3(tsiã³³⁴),tsian3,暂无
宝山·罗泾,借(借),[空],tsia3(tsiɑ³³⁴),tsia3,暂无
宝山·罗泾,姐(姐),[空],tsia3(tsiɑ³³⁴),tsia3,暂无
宝山·罗泾,爵(爵),[空],tsiaq7(tsiᴀʔ⁴),tsiaq7,暂无
宝山·罗泾,椒(椒),[空],tsiau1(tsiɔ⁵²),tsiau1,暂无
宝山·罗泾,焦(焦),[空],tsiau1(tsiɔ⁵²),tsiau1,暂无
宝山·罗泾,蕉(蕉),[空],tsiau1(tsiɔ⁵²),tsiau1,暂无
宝山·罗泾,醮(醮),[空],tsiau3(tsiɔ³³⁴),tsiau3,暂无
宝山·罗泾,即(即),[空],tsiq7(tsɪʔ⁴),tsiq7,暂无
宝山·罗泾,接(接),[空],tsiq7(tsɪʔ⁴),tsiq7,暂无
宝山·罗泾,积(積),[空],tsiq7(tsɪʔ⁴),tsiq7,暂无
宝山·罗泾,节(節),[空],tsiq7(tsɪʔ⁴),tsiq7,暂无
宝山·罗泾,绩(績),[空],tsiq7(tsɪʔ⁴),tsiq7,暂无
宝山·罗泾,脊(脊),[空],tsiq7(tsɪʔ⁴),tsiq7,暂无
宝山·罗泾,迹(跡),[空],tsiq7(tsɪʔ⁴),tsiq7,暂无
宝山·罗泾,鲫(鯽),[空],tsiq7(tsɪʔ⁴),tsiq7,暂无
宝山·罗泾,中(中),當~,tson1(tsoŋ⁵²),tson1,暂无
宝山·罗泾,宗(宗),[空],tson1(tsoŋ⁵²),tson1,暂无
宝山·罗泾,忠(忠),[空],tson1(tsoŋ⁵²),tson1,暂无
宝山·罗泾,盅(盅),[空],tson1(tsoŋ⁵²),tson1,暂无
宝山·罗泾,终(終),[空],tson1(tsoŋ⁵²),tson1,暂无
宝山·罗泾,综(綜),[空],tson1(tsoŋ⁵²),tson1,暂无
宝山·罗泾,纵(縱),~橫,tson1(tsoŋ⁵²),tson1,暂无
宝山·罗泾,踪(蹤),[空],tson1(tsoŋ⁵²),tson1,暂无
宝山·罗泾,钟(鍾),[空],tson1(tsoŋ⁵²),tson1,暂无
宝山·罗泾,钟(鐘),[空],tson1(tsoŋ⁵²),tson1,暂无
宝山·罗泾,鬃(鬃),[空],tson1(tsoŋ⁵²),tson1,暂无
宝山·罗泾,中(中),射~,tson3(tsoŋ³³⁴),tson3,暂无
宝山·罗泾,冢(冢),[空],tson3(tsoŋ³³⁴),tson3,暂无
宝山·罗泾,怂(慫),[空],tson3(tsoŋ³³⁴),tson3,暂无
宝山·罗泾,众(眾),[空],tson3(tsoŋ³³⁴),tson3,暂无
宝山·罗泾,种(種),[空],tson3(tsoŋ³³⁴),tson3,暂无
宝山·罗泾,纵(縱),放~,tson3(tsoŋ³³⁴),tson3,暂无
宝山·罗泾,总(總),[空],tson3(tsoŋ³³⁴),tson3,暂无
宝山·罗泾,肿(腫),[空],tson3(tsoŋ³³⁴),tson3,暂无
宝山·罗泾,冢(冢),[空],tsoq7(tsoʔ⁴),tsoq7,暂无
宝山·罗泾,卓(卓),[空],tsoq7(tsoʔ⁴),tsoq7,暂无
宝山·罗泾,啄(啄),[空],tsoq7(tsoʔ⁴),tsoq7,暂无
宝山·罗泾,嘱(囑),[空],tsoq7(tsoʔ⁴),tsoq7,暂无
宝山·罗泾,捉(捉),[空],tsoq7(tsoʔ⁴),tsoq7,暂无
宝山·罗泾,桌(桌),[空],tsoq7(tsoʔ⁴),tsoq7,暂无
宝山·罗泾,浞(浞),[空],tsoq7(tsoʔ⁴),tsoq7,暂无
宝山·罗泾,涿(涿),[空],tsoq7(tsoʔ⁴),tsoq7,暂无
宝山·罗泾,烛(燭),[空],tsoq7(tsoʔ⁴),tsoq7,暂无
宝山·罗泾,琢(琢),[空],tsoq7(tsoʔ⁴),tsoq7,暂无
宝山·罗泾,祝(祝),[空],tsoq7(tsoʔ⁴),tsoq7,暂无
宝山·罗泾,竹(竹),[空],tsoq7(tsoʔ⁴),tsoq7,暂无
宝山·罗泾,筑(築),[空],tsoq7(tsoʔ⁴),tsoq7,暂无
宝山·罗泾,粥(粥),[空],tsoq7(tsoʔ⁴),tsoq7,暂无
宝山·罗泾,足(足),[空],tsoq7(tsoʔ⁴),tsoq7,暂无
宝山·罗泾,租(租),[空],tsu1(tsu⁵²),tsu1,暂无
宝山·罗泾,佐(佐),[空],tsu3(tsu³³⁴),tsu3,暂无
宝山·罗泾,做(做),[空],tsu3(tsu³³⁴),tsu3,暂无
宝山·罗泾,左(左),[空],tsu3(tsu³³⁴),tsu3,暂无
宝山·罗泾,祖(祖),[空],tsu3(tsu³³⁴),tsu3,暂无
宝山·罗泾,组(組),[空],tsu3(tsu³³⁴),tsu3,暂无
宝山·罗泾,阻(阻),[空],tsu3(tsu³³⁴),tsu3,暂无
宝山·罗泾,周(周),[空],tsai1(tsʌɜ⁵²),tsai1,暂无
宝山·罗泾,州(州),[空],tsai1(tsʌɜ⁵²),tsai1,暂无
宝山·罗泾,槌(槌),[空],tsai1(tsʌɜ⁵²),tsai1,暂无
宝山·罗泾,洲(洲),[空],tsai1(tsʌɜ⁵²),tsai1,暂无
宝山·罗泾,舟(舟),[空],tsai1(tsʌɜ⁵²),tsai1,暂无
宝山·罗泾,追(追),[空],tsai1(tsʌɜ⁵²),tsai1,暂无
宝山·罗泾,邹(鄒),[空],tsai1(tsʌɜ⁵²),tsai1,暂无
宝山·罗泾,锥(錐),[空],tsai1(tsʌɜ⁵²),tsai1,暂无
宝山·罗泾,咒(咒),[空],tsai3(tsʌɜ³³⁴),tsai3,暂无
宝山·罗泾,奏(奏),[空],tsai3(tsʌɜ³³⁴),tsai3,暂无
宝山·罗泾,宙(宙),[空],tsai3(tsʌɜ³³⁴),tsai3,暂无
宝山·罗泾,帚(帚),[空],tsai3(tsʌɜ³³⁴),tsai3,暂无
宝山·罗泾,昼(晝),[空],tsai3(tsʌɜ³³⁴),tsai3,暂无
宝山·罗泾,最(最),[空],tsai3(tsʌɜ³³⁴),tsai3,暂无
宝山·罗泾,皱(皺),[空],tsai3(tsʌɜ³³⁴),tsai3,暂无
宝山·罗泾,粹(粹),[空],tsai3(tsʌɜ³³⁴),tsai3,暂无
宝山·罗泾,缀(綴),[空],tsai3(tsʌɜ³³⁴),tsai3,暂无
宝山·罗泾,肘(肘),[空],tsai3(tsʌɜ³³⁴),tsai3,暂无
宝山·罗泾,走(走),[空],tsai3(tsʌɜ³³⁴),tsai3,暂无
宝山·罗泾,醉(醉),[空],tsai3(tsʌɜ³³⁴),tsai3,暂无
宝山·罗泾,酒(酒),[空],tsiu3(tsy³³⁴),tsiu3,暂无
宝山·罗泾,多(多),[空],tu1(tu⁵²),tu1,暂无
宝山·罗泾,都(都),~城,tu1(tu⁵²),tu1,暂无
宝山·罗泾,剁(剁),[空],tu3(tu³³⁴),tu3,暂无
宝山·罗泾,堵(堵),[空],tu3(tu³³⁴),tu3,暂无
宝山·罗泾,朵(朵),[空],tu3(tu³³⁴),tu3,暂无
宝山·罗泾,肚(肚),豬~,tu3(tu³³⁴),tu3,暂无
宝山·罗泾,赌(賭),[空],tu3(tu³³⁴),tu3,暂无
宝山·罗泾,躲(躲),[空],tu3(tu³³⁴),tu3,暂无
宝山·罗泾,兜(兜),[空],tai1(tʌɜ⁵²),tai1,暂无
宝山·罗泾,堆(堆),[空],tai1(tʌɜ⁵²),tai1,暂无
宝山·罗泾,对(對),[空],tai3(tʌɜ³³⁴),tai3,暂无
宝山·罗泾,抖(抖),[空],tai3(tʌɜ³³⁴),tai3,暂无
宝山·罗泾,斗(斗),[空],tai3(tʌɜ³³⁴),tai3,暂无
宝山·罗泾,碓(碓),[空],tai3(tʌɜ³³⁴),tai3,暂无
宝山·罗泾,陡(陡),[空],tai3(tʌɜ³³⁴),tai3,暂无
宝山·罗泾,斗(鬥),[空],tai3(tʌɜ³³⁴),tai3,暂无
宝山·罗泾,丢(丟),[空],tiu1(ty⁵²),tiu1,暂无
宝山·罗泾,亡(亡),[空],vaon2(vɒ̃²³¹),vaon2,暂无
宝山·罗泾,房(房),[空],vaon2(vɒ̃²³¹),vaon2,暂无
宝山·罗泾,乏(乏),[空],vaq8(vᴀʔ¹²),vaq8,暂无
宝山·罗泾,伐(伐),[空],vaq8(vᴀʔ¹²),vaq8,暂无
宝山·罗泾,筏(筏),[空],vaq8(vᴀʔ¹²),vaq8,暂无
宝山·罗泾,罚(罰),[空],vaq8(vᴀʔ¹²),vaq8,暂无
宝山·罗泾,凡(凡),[空],vae2(vɛ²³¹),vae2,暂无
宝山·罗泾,帆(帆),[空],vae2(vɛ²³¹),vae2,暂无
宝山·罗泾,烦(煩),[空],vae2(vɛ²³¹),vae2,暂无
宝山·罗泾,繁(繁),[空],vae2(vɛ²³¹),vae2,暂无
宝山·罗泾,坟(墳),[空],ven2(vɛ̃²³¹),ven2,暂无
宝山·罗泾,文(文),[空],ven2(vɛ̃²³¹),ven2,暂无
宝山·罗泾,焚(焚),[空],ven2(vɛ̃²³¹),ven2,暂无
宝山·罗泾,纹(紋),[空],ven2(vɛ̃²³¹),ven2,暂无
宝山·罗泾,闻(聞),文,ven2(vɛ̃²³¹),ven2,暂无
宝山·罗泾,犯(犯),[空],vae6(vɛ²¹³),vae6,暂无
宝山·罗泾,范(範),[空],vae6(vɛ²¹³),vae6,暂无
宝山·罗泾,范(范),[空],vae6(vɛ²¹³),vae6,暂无
宝山·罗泾,万(萬),[空],vae6(vɛ²¹³),vae6,暂无
宝山·罗泾,饭(飯),[空],vae6(vɛ²¹³),vae6,暂无
宝山·罗泾,份(份),[空],ven6(vɛ̃²¹³),ven6,暂无
宝山·罗泾,吻(吻),[空],ven6(vɛ̃²¹³),ven6,暂无
宝山·罗泾,问(問),文,ven6(vɛ̃²¹³),ven6,暂无
宝山·罗泾,忿(忿),[空],ven6(vɛ̃²¹³),ven6,暂无
宝山·罗泾,愤(憤),[空],ven6(vɛ̃²¹³),ven6,暂无
宝山·罗泾,佛(佛),[空],veq8(vəʔ¹²),veq8,暂无
宝山·罗泾,勿(勿),[空],veq8(vəʔ¹²),veq8,暂无
宝山·罗泾,物(物),文,veq8(vəʔ¹²),veq8,暂无
宝山·罗泾,唯(唯),[空],vi2(vi²³¹),vi2,暂无
宝山·罗泾,微(微),[空],vi2(vi²³¹),vi2,暂无
宝山·罗泾,惟(惟),[空],vi2(vi²³¹),vi2,暂无
宝山·罗泾,维(維),[空],vi2(vi²³¹),vi2,暂无
宝山·罗泾,肥(肥),[空],vi2(vi²³¹),vi2,暂无
宝山·罗泾,味(味),文,vi6(vi²¹³),vi6,暂无
宝山·罗泾,姓(姓),[空],vi6(vi²¹³),vi6,暂无
宝山·罗泾,尾(尾),文,vi6(vi²¹³),vi6,暂无
宝山·罗泾,未(未),[空],vi6(vi²¹³),vi6,暂无
宝山·罗泾,费(費),姓,vi6(vi²¹³),vi6,暂无
宝山·罗泾,缝(縫),~衣服,von2(voŋ²³¹),von2,暂无
宝山·罗泾,逢(逢),[空],von2(voŋ²³¹),von2,暂无
宝山·罗泾,冯(馮),[空],von2(voŋ²³¹),von2,暂无
宝山·罗泾,俸(俸),[空],von6(voŋ²¹³),von6,暂无
宝山·罗泾,奉(奉),[空],von6(voŋ²¹³),von6,暂无
宝山·罗泾,缝(縫),一條~,von6(voŋ²¹³),von6,暂无
宝山·罗泾,凤(鳳),[空],von6(voŋ²¹³),von6,暂无
宝山·罗泾,伏(伏),[空],voq8(voʔ¹²),voq8,暂无
宝山·罗泾,复(復),[空],voq8(voʔ¹²),voq8,暂无
宝山·罗泾,服(服),[空],voq8(voʔ¹²),voq8,暂无
宝山·罗泾,栿(栿),[空],voq8(voʔ¹²),voq8,暂无
宝山·罗泾,扶(扶),[空],vu2(vu²³¹),vu2,暂无
宝山·罗泾,浮(浮),[空],vu2(vu²³¹),vu2,暂无
宝山·罗泾,无(無),[空],vu2(vu²³¹),vu2,暂无
宝山·罗泾,符(符),[空],vu2(vu²³¹),vu2,暂无
宝山·罗泾,侮(侮),[空],vu6(vu²¹³),vu6,暂无
宝山·罗泾,务(務),[空],vu6(vu²¹³),vu6,暂无
宝山·罗泾,妇(婦),[空],vu6(vu²¹³),vu6,暂无
宝山·罗泾,抚(撫),[空],vu6(vu²¹³),vu6,暂无
宝山·罗泾,武(武),[空],vu6(vu²¹³),vu6,暂无
宝山·罗泾,父(父),[空],vu6(vu²¹³),vu6,暂无
宝山·罗泾,腐(腐),[空],vu6(vu²¹³),vu6,暂无
宝山·罗泾,舞(舞),[空],vu6(vu²¹³),vu6,暂无
宝山·罗泾,负(負),[空],vu6(vu²¹³),vu6,暂无
宝山·罗泾,附(附),[空],vu6(vu²¹³),vu6,暂无
宝山·罗泾,雾(霧),[空],vu6(vu²¹³),vu6,暂无
宝山·罗泾,鹉(鵡),[空],vu6(vu²¹³),vu6,暂无
宝山·罗泾,浮(浮),[空],vai2(vʌɜ²³¹),vai2,暂无
宝山·罗泾,亨(亨),[空],han1(xã⁵²),han1,暂无
宝山·罗泾,蛤(蛤),[空],ha1(xɑ⁵²),ha1,暂无
宝山·罗泾,夯(夯),[空],haon1(xɒ̃⁵²),haon1,暂无
宝山·罗泾,蟹(蟹),[空],ha3(xɑ³³⁴),ha3,暂无
宝山·罗泾,吓(嚇),[空],haq7(xᴀʔ⁴),haq7,暂无
宝山·罗泾,瞎(瞎),[空],haq7(xᴀʔ⁴),haq7,暂无
宝山·罗泾,蒿(蒿),[空],hau1(xɔ⁵²),hau1,暂无
宝山·罗泾,薅(薅),[空],hau1(xɔ⁵²),hau1,暂无
宝山·罗泾,好(好),[空],hau3(xɔ³³⁴),hau3,暂无
宝山·罗泾,孝(孝),白,hau3(xɔ³³⁴),hau3,暂无
宝山·罗泾,耗(耗),[空],hau3(xɔ³³⁴),hau3,暂无
宝山·罗泾,亨(亨),[空],hen1(xɛ̃⁵²),hen1,暂无
宝山·罗泾,喊(喊),[空],hae3(xɛ³³⁴),hae3,暂无
宝山·罗泾,海(海),[空],hae3(xɛ³³⁴),hae3,暂无
宝山·罗泾,很(很),[空],hen3(xɛ̃³³⁴),hen3,暂无
宝山·罗泾,喝(喝),[空],heq7(xəʔ⁴),heq7,暂无
宝山·罗泾,赫(赫),[空],heq7(xəʔ⁴),heq7,暂无
宝山·罗泾,郝(郝),[空],heq7(xəʔ⁴),heq7,暂无
宝山·罗泾,黑(黑),[空],heq7(xəʔ⁴),heq7,暂无
宝山·罗泾,虾(蝦),[空],heu1(xɤ⁵²),heu1,暂无
宝山·罗泾,鼾(鼾),[空],heu1(xɤ⁵²),heu1,暂无
宝山·罗泾,汉(漢),[空],heu3(xɤ³³⁴),heu3,暂无
宝山·罗泾,罕(罕),[空],heu3(xɤ³³⁴),heu3,暂无
宝山·罗泾,蚶(蚶),[空],hie1(xɪ⁵²),hie1,暂无
宝山·罗泾,酣(酣),[空],hie1(xɪ⁵²),hie1,暂无
宝山·罗泾,揈(揈),[空],hon1(xoŋ⁵²),hon1,暂无
宝山·罗泾,烘(烘),[空],hon1(xoŋ⁵²),hon1,暂无
宝山·罗泾,轰(轟),[空],hon1(xoŋ⁵²),hon1,暂无
宝山·罗泾,哄(哄),[空],hon3(xoŋ³³⁴),hon3,暂无
宝山·罗泾,藿(藿),[空],hoq7(xoʔ⁴),hoq7,暂无
宝山·罗泾,霍(霍),[空],hoq7(xoʔ⁴),hoq7,暂无
宝山·罗泾,乎(乎),文,hu1(xu⁵²),hu1,暂无
宝山·罗泾,呼(呼),[空],hu1(xu⁵²),hu1,暂无
宝山·罗泾,伙(夥),[空],hu3(xu³³⁴),hu3,暂无
宝山·罗泾,浒(滸),[空],hu3(xu³³⁴),hu3,暂无
宝山·罗泾,火(火),[空],hu3(xu³³⁴),hu3,暂无
宝山·罗泾,荷(荷),[空],hu3(xu³³⁴),hu3,暂无
宝山·罗泾,薄(薄),[空],hu3(xu³³⁴),hu3,暂无
宝山·罗泾,虎(虎),[空],hu3(xu³³⁴),hu3,暂无
宝山·罗泾,货(貨),[空],hu3(xu³³⁴),hu3,暂无
宝山·罗泾,歪(歪),[空],hua1(xuɑ⁵²),hua1,暂无
宝山·罗泾,慌(慌),[空],huaon1(xuɒ̃⁵²),huaon1,暂无
宝山·罗泾,荒(荒),[空],huaon1(xuɒ̃⁵²),huaon1,暂无
宝山·罗泾,晃(晃),[空],huaon3(xuɒ̃³³⁴),huaon3,暂无
宝山·罗泾,况(況),[空],huaon3(xuɒ̃³³⁴),huaon3,暂无
宝山·罗泾,谎(謊),[空],huaon3(xuɒ̃³³⁴),huaon3,暂无
宝山·罗泾,豁(豁),[空],huaq7(xuᴀʔ⁴),huaq7,暂无
宝山·罗泾,辖(轄),[空],huaq7(xuᴀʔ⁴),huaq7,暂无
宝山·罗泾,婚(婚),[空],huen1(xuɛ̃⁵²),huen1,暂无
宝山·罗泾,昏(昏),[空],huen1(xuɛ̃⁵²),huen1,暂无
宝山·罗泾,荤(葷),[空],huen1(xuɛ̃⁵²),huen1,暂无
宝山·罗泾,甩(甩),[空],huae3(xuɛ³³⁴),huae3,暂无
宝山·罗泾,忽(忽),[空],hueq7(xuəʔ⁴),hueq7,暂无
宝山·罗泾,花(花),[空],hueu1(xuɤ⁵²),hueu1,暂无
宝山·罗泾,化(化),[空],hueu3(xuɤ³³⁴),hueu3,暂无
宝山·罗泾,欢(歡),[空],hue1(xuɪ⁵²),hue1,暂无
宝山·罗泾,唤(喚),[空],hue3(xuɪ³³⁴),hue3,暂无
宝山·罗泾,焕(煥),[空],hue3(xuɪ³³⁴),hue3,暂无
宝山·罗泾,徽(徽),[空],huai1(xuʌɜ⁵²),huai1,暂无
宝山·罗泾,恢(恢),[空],huai1(xuʌɜ⁵²),huai1,暂无
宝山·罗泾,挥(揮),[空],huai1(xuʌɜ⁵²),huai1,暂无
宝山·罗泾,灰(灰),[空],huai1(xuʌɜ⁵²),huai1,暂无
宝山·罗泾,盔(盔),[空],huai1(xuʌɜ⁵²),huai1,暂无
宝山·罗泾,辉(輝),[空],huai1(xuʌɜ⁵²),huai1,暂无
宝山·罗泾,悔(悔),[空],huai3(xuʌɜ³³⁴),huai3,暂无
宝山·罗泾,晦(晦),[空],huai3(xuʌɜ³³⁴),huai3,暂无
宝山·罗泾,毁(毀),[空],huai3(xuʌɜ³³⁴),huai3,暂无
宝山·罗泾,秽(穢),[空],huai3(xuʌɜ³³⁴),huai3,暂无
宝山·罗泾,贿(賄),[空],huai3(xuʌɜ³³⁴),huai3,暂无
宝山·罗泾,呴(呴),[空],hai1(xʌɜ⁵²),hai1,暂无
宝山·罗泾,䫲(䫲),[空],hai1(xʌɜ⁵²),hai1,暂无
宝山·罗泾,吼(吼),[空],hai3(xʌɜ³³⁴),hai3,暂无
宝山·罗泾,鲎(鱟),[空],hai3(xʌɜ³³⁴),hai3,暂无
宝山·罗泾,场(場),[空],zan2(zã²³¹),zan2,暂无
宝山·罗泾,澄(澄),[空],zan2(zã²³¹),zan2,暂无
宝山·罗泾,短(短),[空],zan2(zã²³¹),zan2,暂无
宝山·罗泾,肠(腸),[空],zan2(zã²³¹),zan2,暂无
宝山·罗泾,长(長),~短,zan2(zã²³¹),zan2,暂无
宝山·罗泾,柴(柴),[空],za2(zɑ²³¹),za2,暂无
宝山·罗泾,偿(償),[空],zaon2(zɒ̃²³¹),zaon2,暂无
宝山·罗泾,尝(嘗),[空],zaon2(zɒ̃²³¹),zaon2,暂无
宝山·罗泾,常(常),[空],zaon2(zɒ̃²³¹),zaon2,暂无
宝山·罗泾,床(牀),[空],zaon2(zɒ̃²³¹),zaon2,暂无
宝山·罗泾,藏(藏),隱~,zaon2(zɒ̃²³¹),zaon2,暂无
宝山·罗泾,裳(裳),[空],zaon2(zɒ̃²³¹),zaon2,暂无
宝山·罗泾,丈(丈),[空],zan6(zã²¹³),zan6,暂无
宝山·罗泾,仗(仗),[空],zan6(zã²¹³),zan6,暂无
宝山·罗泾,剩(剩),[空],zan6(zã²¹³),zan6,暂无
宝山·罗泾,名(名),[空],zan6(zã²¹³),zan6,暂无
宝山·罗泾,地(地),[空],zan6(zã²¹³),zan6,暂无
宝山·罗泾,杖(杖),[空],zan6(zã²¹³),zan6,暂无
宝山·罗泾,盛(盛),~澤，地名,zan6(zã²¹³),zan6,暂无
宝山·罗泾,锃(锃),[空],zan6(zã²¹³),zan6,暂无
宝山·罗泾,惹(惹),[空],za6(zɑ²¹³),za6,暂无
宝山·罗泾,上(上),[空],zaon6(zɒ̃²¹³),zaon6,暂无
宝山·罗泾,壤(壤),[空],zaon6(zɒ̃²¹³),zaon6,暂无
宝山·罗泾,尚(尚),[空],zaon6(zɒ̃²¹³),zaon6,暂无
宝山·罗泾,撞(撞),[空],zaon6(zɒ̃²¹³),zaon6,暂无
宝山·罗泾,状(狀),[空],zaon6(zɒ̃²¹³),zaon6,暂无
宝山·罗泾,脏(臟),[空],zaon6(zɒ̃²¹³),zaon6,暂无
宝山·罗泾,藏(藏),西~,zaon6(zɒ̃²¹³),zaon6,暂无
宝山·罗泾,宅(宅),[空],zaq8(zᴀʔ¹²),zaq8,暂无
宝山·罗泾,弱(弱),[空],zaq8(zᴀʔ¹²),zaq8,暂无
宝山·罗泾,掷(擲),[空],zaq8(zᴀʔ¹²),zaq8,暂无
宝山·罗泾,煠(煠),[空],zaq8(zᴀʔ¹²),zaq8,暂无
宝山·罗泾,石(石),[空],zaq8(zᴀʔ¹²),zaq8,暂无
宝山·罗泾,着(著),睡~,zaq8(zᴀʔ¹²),zaq8,暂无
宝山·罗泾,铡(鍘),[空],zaq8(zᴀʔ¹²),zaq8,暂无
宝山·罗泾,闸(閘),[空],zaq8(zᴀʔ¹²),zaq8,暂无
宝山·罗泾,曹(曹),[空],zau2(zɔ²³¹),zau2,暂无
宝山·罗泾,朝(朝),~代,zau2(zɔ²³¹),zau2,暂无
宝山·罗泾,槽(槽),[空],zau2(zɔ²³¹),zau2,暂无
宝山·罗泾,潮(潮),[空],zau2(zɔ²³¹),zau2,暂无
宝山·罗泾,韶(韶),[空],zau2(zɔ²³¹),zau2,暂无
宝山·罗泾,兆(兆),[空],zau6(zɔ²¹³),zau6,暂无
宝山·罗泾,召(召),[空],zau6(zɔ²¹³),zau6,暂无
宝山·罗泾,扰(擾),[空],zau6(zɔ²¹³),zau6,暂无
宝山·罗泾,皂(皂),[空],zau6(zɔ²¹³),zau6,暂无
宝山·罗泾,绍(紹),[空],zau6(zɔ²¹³),zau6,暂无
宝山·罗泾,诏(詔),[空],zau6(zɔ²¹³),zau6,暂无
宝山·罗泾,赵(趙),[空],zau6(zɔ²¹³),zau6,暂无
宝山·罗泾,造(造),[空],zau6(zɔ²¹³),zau6,暂无
宝山·罗泾,邵(邵),[空],zau6(zɔ²¹³),zau6,暂无
宝山·罗泾,昨(昨),[空],zaoq8(zɔʔ¹²),zaoq8,暂无
宝山·罗泾,柞(柞),[空],zaoq8(zɔʔ¹²),zaoq8,暂无
宝山·罗泾,镯(鐲),[空],zaoq8(zɔʔ¹²),zaoq8,暂无
宝山·罗泾,凿(鑿),[空],zaoq8(zɔʔ¹²),zaoq8,暂无
宝山·罗泾,惭(慚),[空],zae2(zɛ²³¹),zae2,暂无
宝山·罗泾,才(才),[空],zae2(zɛ²³¹),zae2,暂无
宝山·罗泾,材(材),[空],zae2(zɛ²³¹),zae2,暂无
宝山·罗泾,残(殘),[空],zae2(zɛ²³¹),zae2,暂无
宝山·罗泾,才(纔),[空],zae2(zɛ²³¹),zae2,暂无
宝山·罗泾,裁(裁),[空],zae2(zɛ²³¹),zae2,暂无
宝山·罗泾,谗(讒),[空],zae2(zɛ²³¹),zae2,暂无
宝山·罗泾,豺(豺),[空],zae2(zɛ²³¹),zae2,暂无
宝山·罗泾,财(財),[空],zae2(zɛ²³¹),zae2,暂无
宝山·罗泾,馋(饞),[空],zae2(zɛ²³¹),zae2,暂无
宝山·罗泾,丞(丞),[空],zen2(zɛ̃²³¹),zen2,暂无
宝山·罗泾,乘(乘),[空],zen2(zɛ̃²³¹),zen2,暂无
宝山·罗泾,人(人),文,zen2(zɛ̃²³¹),zen2,暂无
宝山·罗泾,仁(仁),文,zen2(zɛ̃²³¹),zen2,暂无
宝山·罗泾,仍(仍),[空],zen2(zɛ̃²³¹),zen2,暂无
宝山·罗泾,僧(僧),[空],zen2(zɛ̃²³¹),zen2,暂无
宝山·罗泾,呈(呈),[空],zen2(zɛ̃²³¹),zen2,暂无
宝山·罗泾,城(城),[空],zen2(zɛ̃²³¹),zen2,暂无
宝山·罗泾,尘(塵),[空],zen2(zɛ̃²³¹),zen2,暂无
宝山·罗泾,存(存),[空],zen2(zɛ̃²³¹),zen2,暂无
宝山·罗泾,层(層),[空],zen2(zɛ̃²³¹),zen2,暂无
宝山·罗泾,岑(岑),[空],zen2(zɛ̃²³¹),zen2,暂无
宝山·罗泾,惩(懲),[空],zen2(zɛ̃²³¹),zen2,暂无
宝山·罗泾,成(成),[空],zen2(zɛ̃²³¹),zen2,暂无
宝山·罗泾,承(承),[空],zen2(zɛ̃²³¹),zen2,暂无
宝山·罗泾,晨(晨),[空],zen2(zɛ̃²³¹),zen2,暂无
宝山·罗泾,曾(曾),~經,zen2(zɛ̃²³¹),zen2,暂无
宝山·罗泾,橙(橙),[空],zen2(zɛ̃²³¹),zen2,暂无
宝山·罗泾,沉(沉),[空],zen2(zɛ̃²³¹),zen2,暂无
宝山·罗泾,澄(澄),[空],zen2(zɛ̃²³¹),zen2,暂无
宝山·罗泾,盛(盛),~滿了,zen2(zɛ̃²³¹),zen2,暂无
宝山·罗泾,神(神),[空],zen2(zɛ̃²³¹),zen2,暂无
宝山·罗泾,程(程),[空],zen2(zɛ̃²³¹),zen2,暂无
宝山·罗泾,纯(純),[空],zen2(zɛ̃²³¹),zen2,暂无
宝山·罗泾,绳(繩),[空],zen2(zɛ̃²³¹),zen2,暂无
宝山·罗泾,唇(脣),[空],zen2(zɛ̃²³¹),zen2,暂无
宝山·罗泾,臣(臣),[空],zen2(zɛ̃²³¹),zen2,暂无
宝山·罗泾,莼(莼),[空],zen2(zɛ̃²³¹),zen2,暂无
宝山·罗泾,诚(誠),[空],zen2(zɛ̃²³¹),zen2,暂无
宝山·罗泾,辰(辰),[空],zen2(zɛ̃²³¹),zen2,暂无
宝山·罗泾,醇(醇),[空],zen2(zɛ̃²³¹),zen2,暂无
宝山·罗泾,陈(陳),[空],zen2(zɛ̃²³¹),zen2,暂无
宝山·罗泾,在(在),[空],zae6(zɛ²¹³),zae6,暂无
宝山·罗泾,暂(暫),[空],zae6(zɛ²¹³),zae6,暂无
宝山·罗泾,栈(棧),[空],zae6(zɛ²¹³),zae6,暂无
宝山·罗泾,溅(濺),[空],zae6(zɛ²¹³),zae6,暂无
宝山·罗泾,站(站),[空],zae6(zɛ²¹³),zae6,暂无
宝山·罗泾,赚(賺),[空],zae6(zɛ²¹³),zae6,暂无
宝山·罗泾,践(踐),[空],zae6(zɛ²¹³),zae6,暂无
宝山·罗泾,任(任),~務,zen6(zɛ̃²¹³),zen6,暂无
宝山·罗泾,刃(刃),[空],zen6(zɛ̃²¹³),zen6,暂无
宝山·罗泾,剩(剩),[空],zen6(zɛ̃²¹³),zen6,暂无
宝山·罗泾,忍(忍),[空],zen6(zɛ̃²¹³),zen6,暂无
宝山·罗泾,慎(慎),[空],zen6(zɛ̃²¹³),zen6,暂无
宝山·罗泾,沌(沌),[空],zen6(zɛ̃²¹³),zen6,暂无
宝山·罗泾,润(潤),[空],zen6(zɛ̃²¹³),zen6,暂无
宝山·罗泾,甚(甚),[空],zen6(zɛ̃²¹³),zen6,暂无
宝山·罗泾,盛(盛),興~,zen6(zɛ̃²¹³),zen6,暂无
宝山·罗泾,肾(腎),[空],zen6(zɛ̃²¹³),zen6,暂无
宝山·罗泾,葚(葚),[空],zen6(zɛ̃²¹³),zen6,暂无
宝山·罗泾,认(認),文,zen6(zɛ̃²¹³),zen6,暂无
宝山·罗泾,赠(贈),[空],zen6(zɛ̃²¹³),zen6,暂无
宝山·罗泾,郑(鄭),[空],zen6(zɛ̃²¹³),zen6,暂无
宝山·罗泾,韧(靭),[空],zen6(zɛ̃²¹³),zen6,暂无
宝山·罗泾,顺(順),[空],zen6(zɛ̃²¹³),zen6,暂无
宝山·罗泾,什(什),[空],zeq8(zəʔ¹²),zeq8,暂无
宝山·罗泾,值(值),[空],zeq8(zəʔ¹²),zeq8,暂无
宝山·罗泾,入(入),[空],zeq8(zəʔ¹²),zeq8,暂无
宝山·罗泾,十(十),[空],zeq8(zəʔ¹²),zeq8,暂无
宝山·罗泾,姪(姪),[空],zeq8(zəʔ¹²),zeq8,暂无
宝山·罗泾,实(實),[空],zeq8(zəʔ¹²),zeq8,暂无
宝山·罗泾,择(擇),[空],zeq8(zəʔ¹²),zeq8,暂无
宝山·罗泾,日(日),文,zeq8(zəʔ¹²),zeq8,暂无
宝山·罗泾,术(术),[空],zeq8(zəʔ¹²),zeq8,暂无
宝山·罗泾,植(植),[空],zeq8(zəʔ¹²),zeq8,暂无
宝山·罗泾,殖(殖),[空],zeq8(zəʔ¹²),zeq8,暂无
宝山·罗泾,涉(涉),[空],zeq8(zəʔ¹²),zeq8,暂无
宝山·罗泾,泽(澤),[空],zeq8(zəʔ¹²),zeq8,暂无
宝山·罗泾,直(直),[空],zeq8(zəʔ¹²),zeq8,暂无
宝山·罗泾,秩(秩),[空],zeq8(zəʔ¹²),zeq8,暂无
宝山·罗泾,舌(舌),[空],zeq8(zəʔ¹²),zeq8,暂无
宝山·罗泾,蚀(蝕),[空],zeq8(zəʔ¹²),zeq8,暂无
宝山·罗泾,蛰(蟄),[空],zeq8(zəʔ¹²),zeq8,暂无
宝山·罗泾,术(術),[空],zeq8(zəʔ¹²),zeq8,暂无
宝山·罗泾,贼(賊),[空],zeq8(zəʔ¹²),zeq8,暂无
宝山·罗泾,述(述),[空],zeq8(zəʔ¹²),zeq8,暂无
宝山·罗泾,杂(雜),[空],zeq8(zəʔ¹²),zeq8,暂无
宝山·罗泾,食(食),[空],zeq8(zəʔ¹²),zeq8,暂无
宝山·罗泾,佘(佘),[空],zeu2(zɤ²³¹),zeu2,暂无
宝山·罗泾,查(查),[空],zeu2(zɤ²³¹),zeu2,暂无
宝山·罗泾,茶(茶),[空],zeu2(zɤ²³¹),zeu2,暂无
宝山·罗泾,蛇(蛇),[空],zeu2(zɤ²³¹),zeu2,暂无
宝山·罗泾,乍(乍),[空],zeu6(zɤ²¹³),zeu6,暂无
宝山·罗泾,麝(麝),[空],zeu6(zɤ²¹³),zeu6,暂无
宝山·罗泾,传(傳),~達,zie2(zɪ²³¹),zie2,暂无
宝山·罗泾,全(全),[空],zie2(zɪ²³¹),zie2,暂无
宝山·罗泾,前(前),[空],zie2(zɪ²³¹),zie2,暂无
宝山·罗泾,徐(徐),[空],zi2(zi²³¹),zi2,暂无
宝山·罗泾,旋(旋),[空],zie2(zɪ²³¹),zie2,暂无
宝山·罗泾,椽(椽),[空],zie2(zɪ²³¹),zie2,暂无
宝山·罗泾,泉(泉),[空],zie2(zɪ²³¹),zie2,暂无
宝山·罗泾,潜(潛),[空],zie2(zɪ²³¹),zie2,暂无
宝山·罗泾,然(然),[空],zie2(zɪ²³¹),zie2,暂无
宝山·罗泾,燃(燃),[空],zie2(zɪ²³¹),zie2,暂无
宝山·罗泾,禅(禪),[空],zie2(zɪ²³¹),zie2,暂无
宝山·罗泾,缠(纏),[空],zie2(zɪ²³¹),zie2,暂无
宝山·罗泾,脐(臍),[空],zi2(zi²³¹),zi2,暂无
宝山·罗泾,船(船),[空],zie2(zɪ²³¹),zie2,暂无
宝山·罗泾,蝉(蟬),[空],zie2(zɪ²³¹),zie2,暂无
宝山·罗泾,蟾(蟾),[空],zie2(zɪ²³¹),zie2,暂无
宝山·罗泾,蚕(蠶),[空],zie2(zɪ²³¹),zie2,暂无
宝山·罗泾,钱(錢),[空],zie2(zɪ²³¹),zie2,暂无
宝山·罗泾,齐(齊),[空],zi2(zi²³¹),zi2,暂无
宝山·罗泾,寻(尋),[空],zin2(zɪ̃²³¹),zin2,暂无
宝山·罗泾,巡(巡),[空],zin2(zɪ̃²³¹),zin2,暂无
宝山·罗泾,循(循),[空],zin2(zɪ̃²³¹),zin2,暂无
宝山·罗泾,情(情),[空],zin2(zɪ̃²³¹),zin2,暂无
宝山·罗泾,晴(晴),[空],zin2(zɪ̃²³¹),zin2,暂无
宝山·罗泾,秦(秦),[空],zin2(zɪ̃²³¹),zin2,暂无
宝山·罗泾,传(傳),~記,zie6(zɪ²¹³),zie6,暂无
宝山·罗泾,冉(冉),文,zie6(zɪ²¹³),zie6,暂无
宝山·罗泾,善(善),[空],zie6(zɪ²¹³),zie6,暂无
宝山·罗泾,单(單),姓,zie6(zɪ²¹³),zie6,暂无
宝山·罗泾,射(射),[空],zie6(zɪ²¹³),zie6,暂无
宝山·罗泾,染(染),文,zie6(zɪ²¹³),zie6,暂无
宝山·罗泾,渐(漸),[空],zie6(zɪ²¹³),zie6,暂无
宝山·罗泾,社(社),[空],zie6(zɪ²¹³),zie6,暂无
宝山·罗泾,禅(禪),[空],zie6(zɪ²¹³),zie6,暂无
宝山·罗泾,篆(篆),[空],zie6(zɪ²¹³),zie6,暂无
宝山·罗泾,羡(羨),[空],zie6(zɪ²¹³),zie6,暂无
宝山·罗泾,膳(膳),[空],zie6(zɪ²¹³),zie6,暂无
宝山·罗泾,荠(薺),[空],zi6(zi²¹³),zi6,暂无
宝山·罗泾,贱(賤),[空],zie6(zɪ²¹³),zie6,暂无
宝山·罗泾,践(踐),[空],zie6(zɪ²¹³),zie6,暂无
宝山·罗泾,镟(镟),[空],zie6(zɪ²¹³),zie6,暂无
宝山·罗泾,饯(餞),[空],zie6(zɪ²¹³),zie6,暂无
宝山·罗泾,尽(儘),[空],zin6(zɪ̃²¹³),zin6,暂无
宝山·罗泾,净(淨),[空],zin6(zɪ̃²¹³),zin6,暂无
宝山·罗泾,尽(盡),[空],zin6(zɪ̃²¹³),zin6,暂无
宝山·罗泾,靖(靖),[空],zin6(zɪ̃²¹³),zin6,暂无
宝山·罗泾,静(靜),[空],zin6(zɪ̃²¹³),zin6,暂无
宝山·罗泾,墙(牆),[空],zian2(ziã²³¹),zian2,暂无
宝山·罗泾,祥(祥),[空],zian2(ziã²³¹),zian2,暂无
宝山·罗泾,详(詳),[空],zian2(ziã²³¹),zian2,暂无
宝山·罗泾,斜(斜),[空],zia2(ziɑ²³¹),zia2,暂无
宝山·罗泾,邪(邪),[空],zia2(ziɑ²³¹),zia2,暂无
宝山·罗泾,像(像),[空],zian6(ziã²¹³),zian6,暂无
宝山·罗泾,匠(匠),[空],zian6(ziã²¹³),zian6,暂无
宝山·罗泾,橡(橡),[空],zian6(ziã²¹³),zian6,暂无
宝山·罗泾,象(象),[空],zian6(ziã²¹³),zian6,暂无
宝山·罗泾,谢(謝),[空],zia6(ziɑ²¹³),zia6,暂无
宝山·罗泾,嚼(嚼),[空],ziaq8(ziᴀʔ¹²),ziaq8,暂无
宝山·罗泾,爵(爵),[空],ziaq8(ziᴀʔ¹²),ziaq8,暂无
宝山·罗泾,巢(巢),[空],ziau2(ziɔ²³¹),ziau2,暂无
宝山·罗泾,樵(樵),[空],ziau2(ziɔ²³¹),ziau2,暂无
宝山·罗泾,剿(剿),[空],ziau6(ziɔ²¹³),ziau6,暂无
宝山·罗泾,夕(夕),[空],ziq8(zɪʔ¹²),ziq8,暂无
宝山·罗泾,寂(寂),[空],ziq8(zɪʔ¹²),ziq8,暂无
宝山·罗泾,席(席),[空],ziq8(zɪʔ¹²),ziq8,暂无
宝山·罗泾,截(截),[空],ziq8(zɪʔ¹²),ziq8,暂无
宝山·罗泾,拾(拾),[空],ziq8(zɪʔ¹²),ziq8,暂无
宝山·罗泾,捷(捷),[空],ziq8(zɪʔ¹²),ziq8,暂无
宝山·罗泾,疾(疾),[空],ziq8(zɪʔ¹²),ziq8,暂无
宝山·罗泾,籍(籍),[空],ziq8(zɪʔ¹²),ziq8,暂无
宝山·罗泾,习(習),[空],ziq8(zɪʔ¹²),ziq8,暂无
宝山·罗泾,借(藉),[空],ziq8(zɪʔ¹²),ziq8,暂无
宝山·罗泾,褯(褯),[空],ziq8(zɪʔ¹²),ziq8,暂无
宝山·罗泾,袭(襲),[空],ziq8(zɪʔ¹²),ziq8,暂无
宝山·罗泾,集(集),[空],ziq8(zɪʔ¹²),ziq8,暂无
宝山·罗泾,丛(叢),[空],zon2(zoŋ²³¹),zon2,暂无
宝山·罗泾,崇(崇),[空],zon2(zoŋ²³¹),zon2,暂无
宝山·罗泾,从(從),[空],zon2(zoŋ²³¹),zon2,暂无
宝山·罗泾,虫(蟲),[空],zon2(zoŋ²³¹),zon2,暂无
宝山·罗泾,重(重),~複,zon2(zoŋ²³¹),zon2,暂无
宝山·罗泾,仲(仲),[空],zon6(zoŋ²¹³),zon6,暂无
宝山·罗泾,诵(誦),[空],zon6(zoŋ²¹³),zon6,暂无
宝山·罗泾,重(重),輕~,zon6(zoŋ²¹³),zon6,暂无
宝山·罗泾,颂(頌),[空],zon6(zoŋ²¹³),zon6,暂无
宝山·罗泾,俗(俗),[空],zoq8(zoʔ¹²),zoq8,暂无
宝山·罗泾,勺(勺),[空],zoq8(zoʔ¹²),zoq8,暂无
宝山·罗泾,属(屬),[空],zoq8(zoʔ¹²),zoq8,暂无
宝山·罗泾,族(族),[空],zoq8(zoʔ¹²),zoq8,暂无
宝山·罗泾,淑(淑),[空],zoq8(zoʔ¹²),zoq8,暂无
宝山·罗泾,浊(濁),[空],zoq8(zoʔ¹²),zoq8,暂无
宝山·罗泾,熟(熟),[空],zoq8(zoʔ¹²),zoq8,暂无
宝山·罗泾,续(續),[空],zoq8(zoʔ¹²),zoq8,暂无
宝山·罗泾,芍(芍),[空],zoq8(zoʔ¹²),zoq8,暂无
宝山·罗泾,若(若),[空],zoq8(zoʔ¹²),zoq8,暂无
宝山·罗泾,蜀(蜀),[空],zoq8(zoʔ¹²),zoq8,暂无
宝山·罗泾,褥(褥),文,zoq8(zoʔ¹²),zoq8,暂无
宝山·罗泾,赎(贖),[空],zoq8(zoʔ¹²),zoq8,暂无
宝山·罗泾,辱(辱),[空],zoq8(zoʔ¹²),zoq8,暂无
宝山·罗泾,逐(逐),[空],zoq8(zoʔ¹²),zoq8,暂无
宝山·罗泾,助(助),[空],zu6(zu²¹³),zu6,暂无
宝山·罗泾,坐(坐),[空],zu6(zu²¹³),zu6,暂无
宝山·罗泾,座(座),[空],zu6(zu²¹³),zu6,暂无
宝山·罗泾,仇(仇),[空],zai2(zʌɜ²³¹),zai2,暂无
宝山·罗泾,垂(垂),[空],zai2(zʌɜ²³¹),zai2,暂无
宝山·罗泾,愁(愁),[空],zai2(zʌɜ²³¹),zai2,暂无
宝山·罗泾,揉(揉),[空],zai2(zʌɜ²³¹),zai2,暂无
宝山·罗泾,柔(柔),[空],zai2(zʌɜ²³¹),zai2,暂无
宝山·罗泾,稠(稠),[空],zai2(zʌɜ²³¹),zai2,暂无
宝山·罗泾,筹(籌),[空],zai2(zʌɜ²³¹),zai2,暂无
宝山·罗泾,绥(綏),[空],zai2(zʌɜ²³¹),zai2,暂无
宝山·罗泾,绸(綢),[空],zai2(zʌɜ²³¹),zai2,暂无
宝山·罗泾,谁(誰),[空],zai2(zʌɜ²³¹),zai2,暂无
宝山·罗泾,酬(酬),[空],zai2(zʌɜ²³¹),zai2,暂无
宝山·罗泾,锤(錘),[空],zai2(zʌɜ²³¹),zai2,暂无
宝山·罗泾,随(隨),[空],zai2(zʌɜ²³¹),zai2,暂无
宝山·罗泾,受(受),[空],zai6(zʌɜ²¹³),zai6,暂无
宝山·罗泾,售(售),[空],zai6(zʌɜ²¹³),zai6,暂无
宝山·罗泾,坠(墜),[空],zai6(zʌɜ²¹³),zai6,暂无
宝山·罗泾,寿(壽),[空],zai6(zʌɜ²¹³),zai6,暂无
宝山·罗泾,授(授),[空],zai6(zʌɜ²¹³),zai6,暂无
宝山·罗泾,瑞(瑞),[空],zai6(zʌɜ²¹³),zai6,暂无
宝山·罗泾,睡(睡),[空],zai6(zʌɜ²¹³),zai6,暂无
宝山·罗泾,穗(穗),[空],zai6(zʌɜ²¹³),zai6,暂无
宝山·罗泾,罪(罪),[空],zai6(zʌɜ²¹³),zai6,暂无
宝山·罗泾,芮(芮),[空],zai6(zʌɜ²¹³),zai6,暂无
宝山·罗泾,遂(遂),[空],zai6(zʌɜ²¹³),zai6,暂无
宝山·罗泾,隧(隧),[空],zai6(zʌɜ²¹³),zai6,暂无
宝山·罗泾,髓(髓),[空],zai6(zʌɜ²¹³),zai6,暂无
宝山·罗泾,囚(囚),[空],ziu2(zy²³¹),ziu2,暂无
宝山·罗泾,泅(泅),[空],ziu2(zy²³¹),ziu2,暂无
宝山·罗泾,娶(娶),[空],ziu6(zy²¹³),ziu6,暂无
宝山·罗泾,就(就),[空],ziu6(zy²¹³),ziu6,暂无
宝山·罗泾,序(序),[空],ziu6(zy²¹³),ziu6,暂无
宝山·罗泾,叙(敘),[空],ziu6(zy²¹³),ziu6,暂无
宝山·罗泾,绪(緒),[空],ziu6(zy²¹³),ziu6,暂无
宝山·罗泾,署(署),[空],ziu6(zy²¹³),ziu6,暂无
宝山·罗泾,聚(聚),[空],ziu6(zy²¹³),ziu6,暂无
宝山·罗泾,薯(薯),[空],ziu6(zy²¹³),ziu6,暂无
宝山·罗泾,袖(袖),[空],ziu6(zy²¹³),ziu6,暂无
宝山·罗泾,骤(驟),[空],ziu6(zy²¹³),ziu6,暂无
宝山·罗泾,樱(櫻),[空],an1(ʔã⁵²),an1,暂无
宝山·罗泾,挨(挨),[空],a1(ʔɑ⁵²),a1,暂无
宝山·罗泾,肮(骯),[空],aon1(ʔɒ̃⁵²),aon1,暂无
宝山·罗泾,矮(矮),[空],a3(ʔɑ³³⁴),a3,暂无
宝山·罗泾,压(壓),[空],aq7(ʔᴀʔ⁴),aq7,暂无
宝山·罗泾,押(押),[空],aq7(ʔᴀʔ⁴),aq7,暂无
宝山·罗泾,鸭(鴨),[空],aq7(ʔᴀʔ⁴),aq7,暂无
宝山·罗泾,坳(坳),[空],au1(ʔɔ⁵²),au1,暂无
宝山·罗泾,爊(爊),[空],au1(ʔɔ⁵²),au1,暂无
宝山·罗泾,奥(奧),[空],au3(ʔɔ³³⁴),au3,暂无
宝山·罗泾,懊(懊),[空],au3(ʔɔ³³⁴),au3,暂无
宝山·罗泾,袄(襖),[空],au3(ʔɔ³³⁴),au3,暂无
宝山·罗泾,恶(惡),善~,aoq7(ʔɔʔ⁴),aoq7,暂无
宝山·罗泾,哀(哀),[空],ae1(ʔɛ⁵²),ae1,暂无
宝山·罗泾,埃(埃),[空],ae1(ʔɛ⁵²),ae1,暂无
宝山·罗泾,挨(挨),[空],ae1(ʔɛ⁵²),ae1,暂无
宝山·罗泾,挨(捱),[空],ae1(ʔɛ⁵²),ae1,暂无
宝山·罗泾,恩(恩),[空],en1(ʔɛ̃⁵²),en1,暂无
宝山·罗泾,爱(愛),[空],ae3(ʔɛ³³⁴),ae3,暂无
宝山·罗泾,蔼(藹),[空],ae3(ʔɛ³³⁴),ae3,暂无
宝山·罗泾,扼(扼),[空],eq7(ʔəʔ⁴),eq7,暂无
宝山·罗泾,轭(軛),[空],eq7(ʔəʔ⁴),eq7,暂无
宝山·罗泾,丫(丫),[空],eu1(ʔɤ⁵²),eu1,暂无
宝山·罗泾,安(安),[空],eu1(ʔɤ⁵²),eu1,暂无
宝山·罗泾,桠(椏),[空],eu1(ʔɤ⁵²),eu1,暂无
宝山·罗泾,鞍(鞍),[空],eu1(ʔɤ⁵²),eu1,暂无
宝山·罗泾,哑(啞),[空],eu3(ʔɤ³³⁴),eu3,暂无
宝山·罗泾,按(按),[空],eu3(ʔɤ³³⁴),eu3,暂无
宝山·罗泾,晏(晏),[空],eu3(ʔɤ³³⁴),eu3,暂无
宝山·罗泾,案(案),[空],eu3(ʔɤ³³⁴),eu3,暂无
宝山·罗泾,伊(伊),[空],i1(ʔi⁵²),i1,暂无
宝山·罗泾,依(依),[空],i1(ʔi⁵²),i1,暂无
宝山·罗泾,庵(庵),[空],ie1(ʔɪ⁵²),ie1,暂无
宝山·罗泾,淹(淹),[空],ie1(ʔɪ⁵²),ie1,暂无
宝山·罗泾,焉(焉),白,ie1(ʔɪ⁵²),ie1,暂无
宝山·罗泾,烟(煙),[空],ie1(ʔɪ⁵²),ie1,暂无
宝山·罗泾,衣(衣),[空],i1(ʔi⁵²),i1,暂无
宝山·罗泾,腌(醃),[空],ie1(ʔɪ⁵²),ie1,暂无
宝山·罗泾,医(醫),[空],i1(ʔi⁵²),i1,暂无
宝山·罗泾,阉(閹),[空],ie1(ʔɪ⁵²),ie1,暂无
宝山·罗泾,因(因),[空],in1(ʔɪ̃⁵²),in1,暂无
宝山·罗泾,姻(姻),[空],in1(ʔɪ̃⁵²),in1,暂无
宝山·罗泾,应(應),~當,in1(ʔɪ̃⁵²),in1,暂无
宝山·罗泾,樱(櫻),[空],in1(ʔɪ̃⁵²),in1,暂无
宝山·罗泾,殷(殷),[空],in1(ʔɪ̃⁵²),in1,暂无
宝山·罗泾,焉(焉),文,in1(ʔɪ̃⁵²),in1,暂无
宝山·罗泾,英(英),[空],in1(ʔɪ̃⁵²),in1,暂无
宝山·罗泾,蔫(蔫),[空],in1(ʔɪ̃⁵²),in1,暂无
宝山·罗泾,阴(陰),[空],in1(ʔɪ̃⁵²),in1,暂无
宝山·罗泾,音(音),[空],in1(ʔɪ̃⁵²),in1,暂无
宝山·罗泾,莺(鶯),[空],in1(ʔɪ̃⁵²),in1,暂无
宝山·罗泾,鹦(鸚),[空],in1(ʔɪ̃⁵²),in1,暂无
宝山·罗泾,倚(倚),[空],i3(ʔi³³⁴),i3,暂无
宝山·罗泾,亿(億),[空],i3(ʔi³³⁴),i3,暂无
宝山·罗泾,厌(厭),[空],ie3(ʔɪ³³⁴),ie3,暂无
宝山·罗泾,咽(嚥),[空],ie3(ʔɪ³³⁴),ie3,暂无
宝山·罗泾,宴(宴),[空],ie3(ʔɪ³³⁴),ie3,暂无
宝山·罗泾,徛(徛),[空],i3(ʔi³³⁴),i3,暂无
宝山·罗泾,意(意),[空],i3(ʔi³³⁴),i3,暂无
宝山·罗泾,忆(憶),[空],i3(ʔi³³⁴),i3,暂无
宝山·罗泾,掩(掩),[空],ie3(ʔɪ³³⁴),ie3,暂无
宝山·罗泾,揞(揞),[空],ie3(ʔɪ³³⁴),ie3,暂无
宝山·罗泾,晏(晏),[空],ie3(ʔɪ³³⁴),ie3,暂无
宝山·罗泾,暗(暗),[空],ie3(ʔɪ³³⁴),ie3,暂无
宝山·罗泾,椅(椅),[空],i3(ʔi³³⁴),i3,暂无
宝山·罗泾,燕(燕),[空],ie3(ʔɪ³³⁴),ie3,暂无
宝山·罗泾,魇(魘),[空],ie3(ʔɪ³³⁴),ie3,暂无
宝山·罗泾,允(允),[空],in3(ʔɪ̃³³⁴),in3,暂无
宝山·罗泾,兖(兗),[空],in3(ʔɪ̃³³⁴),in3,暂无
宝山·罗泾,印(印),[空],in3(ʔɪ̃³³⁴),in3,暂无
宝山·罗泾,堰(堰),[空],in3(ʔɪ̃³³⁴),in3,暂无
宝山·罗泾,尹(尹),[空],in3(ʔɪ̃³³⁴),in3,暂无
宝山·罗泾,影(影),[空],in3(ʔɪ̃³³⁴),in3,暂无
宝山·罗泾,应(應),響~,in3(ʔɪ̃³³⁴),in3,暂无
宝山·罗泾,映(映),[空],in3(ʔɪ̃³³⁴),in3,暂无
宝山·罗泾,窨(窨),[空],in3(ʔɪ̃³³⁴),in3,暂无
宝山·罗泾,隐(隱),[空],in3(ʔɪ̃³³⁴),in3,暂无
宝山·罗泾,韵(韻),[空],in3(ʔɪ̃³³⁴),in3,暂无
宝山·罗泾,饮(飲),[空],in3(ʔɪ̃³³⁴),in3,暂无
宝山·罗泾,央(央),[空],ian1(ʔiã⁵²),ian1,暂无
宝山·罗泾,殃(殃),[空],ian1(ʔiã⁵²),ian1,暂无
宝山·罗泾,秧(秧),[空],ian1(ʔiã⁵²),ian1,暂无
宝山·罗泾,耶(耶),[空],ia1(ʔiɑ⁵²),ia1,暂无
宝山·罗泾,鸦(鴉),[空],ia1(ʔiɑ⁵²),ia1,暂无
宝山·罗泾,映(映),放~,ian3(ʔiã³³⁴),ian3,暂无
宝山·罗泾,亚(亞),[空],ia3(ʔiɑ³³⁴),ia3,暂无
宝山·罗泾,哑(啞),[空],ia3(ʔiɑ³³⁴),ia3,暂无
宝山·罗泾,雅(雅),[空],ia3(ʔiɑ³³⁴),ia3,暂无
宝山·罗泾,约(約),[空],iaq7(ʔiᴀʔ⁴),iaq7,暂无
宝山·罗泾,么(么),[空],iau1(ʔiɔ⁵²),iau1,暂无
宝山·罗泾,吆(吆),[空],iau1(ʔiɔ⁵²),iau1,暂无
宝山·罗泾,妖(妖),[空],iau1(ʔiɔ⁵²),iau1,暂无
宝山·罗泾,腰(腰),[空],iau1(ʔiɔ⁵²),iau1,暂无
宝山·罗泾,要(要),~求,iau1(ʔiɔ⁵²),iau1,暂无
宝山·罗泾,邀(邀),[空],iau1(ʔiɔ⁵²),iau1,暂无
宝山·罗泾,要(要),想~,iau3(ʔiɔ³³⁴),iau3,暂无
宝山·罗泾,冤(冤),[空],ieu1(ʔiɤ⁵²),ieu1,暂无
宝山·罗泾,援(援),[空],ieu1(ʔiɤ⁵²),ieu1,暂无
宝山·罗泾,员(員),[空],ieu3(ʔiɤ³³⁴),ieu3,暂无
宝山·罗泾,圆(圓),[空],ieu3(ʔiɤ³³⁴),ieu3,暂无
宝山·罗泾,宛(宛),[空],ieu3(ʔiɤ³³⁴),ieu3,暂无
宝山·罗泾,怨(怨),[空],ieu3(ʔiɤ³³⁴),ieu3,暂无
宝山·罗泾,雍(雍),[空],ion1(ʔioŋ⁵²),ion1,暂无
宝山·罗泾,勇(勇),[空],ion3(ʔioŋ³³⁴),ion3,暂无
宝山·罗泾,壅(壅),[空],ion3(ʔioŋ³³⁴),ion3,暂无
宝山·罗泾,拥(擁),[空],ion3(ʔioŋ³³⁴),ion3,暂无
宝山·罗泾,永(永),[空],ion3(ʔioŋ³³⁴),ion3,暂无
宝山·罗泾,泳(泳),[空],ion3(ʔioŋ³³⁴),ion3,暂无
宝山·罗泾,涌(湧),[空],ion3(ʔioŋ³³⁴),ion3,暂无
宝山·罗泾,甬(甬),[空],ion3(ʔioŋ³³⁴),ion3,暂无
宝山·罗泾,咏(詠),[空],ion3(ʔioŋ³³⁴),ion3,暂无
宝山·罗泾,郁(郁),[空],ioq7(ʔioʔ⁴),ioq7,暂无
宝山·罗泾,一(一),[空],iq7(ʔɪʔ⁴),iq7,暂无
宝山·罗泾,乙(乙),[空],iq7(ʔɪʔ⁴),iq7,暂无
宝山·罗泾,噎(噎),[空],iq7(ʔɪʔ⁴),iq7,暂无
宝山·罗泾,抑(抑),[空],iq7(ʔɪʔ⁴),iq7,暂无
宝山·罗泾,揖(揖),[空],iq7(ʔɪʔ⁴),iq7,暂无
宝山·罗泾,益(益),[空],iq7(ʔɪʔ⁴),iq7,暂无
宝山·罗泾,缢(縊),[空],iq7(ʔɪʔ⁴),iq7,暂无
宝山·罗泾,靥(靨),[空],iq7(ʔɪʔ⁴),iq7,暂无
宝山·罗泾,翁(翁),[空],on1(ʔoŋ⁵²),on1,暂无
宝山·罗泾,瓮(甕),[空],on3(ʔoŋ³³⁴),on3,暂无
宝山·罗泾,屋(屋),[空],oq7(ʔoʔ⁴),oq7,暂无
宝山·罗泾,恶(惡),[空],oq7(ʔoʔ⁴),oq7,暂无
宝山·罗泾,握(握),[空],oq7(ʔoʔ⁴),oq7,暂无
宝山·罗泾,沃(沃),[空],oq7(ʔoʔ⁴),oq7,暂无
宝山·罗泾,倭(倭),[空],u1(ʔu⁵²),u1,暂无
宝山·罗泾,巫(巫),[空],u1(ʔu⁵²),u1,暂无
宝山·罗泾,污(污),[空],u1(ʔu⁵²),u1,暂无
宝山·罗泾,乌(烏),[空],u1(ʔu⁵²),u1,暂无
宝山·罗泾,窝(窩),[空],u1(ʔu⁵²),u1,暂无
宝山·罗泾,诬(誣),[空],u1(ʔu⁵²),u1,暂无
宝山·罗泾,坞(塢),[空],u3(ʔu³³⁴),u3,暂无
宝山·罗泾,横(橫),~對,uan1(ʔuã⁵²),uan1,暂无
宝山·罗泾,洼(窪),[空],ua1(ʔuɑ⁵²),ua1,暂无
宝山·罗泾,蛙(蛙),[空],ua1(ʔuɑ⁵²),ua1,暂无
宝山·罗泾,汪(汪),[空],uaon1(ʔuɒ̃⁵²),uaon1,暂无
宝山·罗泾,往(往),[空],uaon3(ʔuɒ̃³³⁴),uaon3,暂无
宝山·罗泾,挖(挖),[空],uaq7(ʔuᴀʔ⁴),uaq7,暂无
宝山·罗泾,弯(彎),[空],uae1(ʔuɛ⁵²),uae1,暂无
宝山·罗泾,湾(灣),[空],uae1(ʔuɛ⁵²),uae1,暂无
宝山·罗泾,温(溫),[空],uen1(ʔuɛ̃⁵²),uen1,暂无
宝山·罗泾,瘟(瘟),[空],uen1(ʔuɛ̃⁵²),uen1,暂无
宝山·罗泾,幻(幻),[空],uae3(ʔuɛ³³⁴),uae3,暂无
宝山·罗泾,挽(挽),[空],uae3(ʔuɛ³³⁴),uae3,暂无
宝山·罗泾,晚(晚),[空],uae3(ʔuɛ³³⁴),uae3,暂无
宝山·罗泾,稳(穩),[空],uen3(ʔuɛ̃³³⁴),uen3,暂无
宝山·罗泾,屋(屋),[空],ueq7(ʔuəʔ⁴),ueq7,暂无
宝山·罗泾,宛(宛),~平,ue1(ʔuɪ⁵²),ue1,暂无
宝山·罗泾,豌(豌),[空],ue1(ʔuɪ⁵²),ue1,暂无
宝山·罗泾,皖(皖),[空],ue3(ʔuɪ³³⁴),ue3,暂无
宝山·罗泾,碗(碗),[空],ue3(ʔuɪ³³⁴),ue3,暂无
宝山·罗泾,缓(緩),[空],ue3(ʔuɪ³³⁴),ue3,暂无
宝山·罗泾,腕(腕),[空],ue3(ʔuɪ³³⁴),ue3,暂无
宝山·罗泾,威(威),[空],uai1(ʔuʌɜ⁵²),uai1,暂无
宝山·罗泾,煨(煨),[空],uai1(ʔuʌɜ⁵²),uai1,暂无
宝山·罗泾,萎(萎),[空],uai1(ʔuʌɜ⁵²),uai1,暂无
宝山·罗泾,委(委),[空],uai3(ʔuʌɜ³³⁴),uai3,暂无
宝山·罗泾,慰(慰),[空],uai3(ʔuʌɜ³³⁴),uai3,暂无
宝山·罗泾,畏(畏),[空],uai3(ʔuʌɜ³³⁴),uai3,暂无
宝山·罗泾,朆(朆),[空],ven1(ʔʋɛ̃⁵²),ven1,暂无
宝山·罗泾,欧(歐),[空],ai1(ʔʌɜ⁵²),ai1,暂无
宝山·罗泾,殴(毆),[空],ai1(ʔʌɜ⁵²),ai1,暂无
宝山·罗泾,瓯(甌),[空],ai1(ʔʌɜ⁵²),ai1,暂无
宝山·罗泾,呕(嘔),[空],ai3(ʔʌɜ³³⁴),ai3,暂无
宝山·罗泾,怄(慪),[空],ai3(ʔʌɜ³³⁴),ai3,暂无
宝山·罗泾,弗(弗),[空],veq7(ʔʋəʔ⁴),veq7,暂无
宝山·罗泾,朆(朆),[空],vin1(ʔʋɪ̃⁵²),vin1,暂无
宝山·罗泾,优(優),[空],iu1(ʔy⁵²),iu1,暂无
宝山·罗泾,尤(尤),[空],iu1(ʔy⁵²),iu1,暂无
宝山·罗泾,幽(幽),[空],iu1(ʔy⁵²),iu1,暂无
宝山·罗泾,悠(悠),[空],iu1(ʔy⁵²),iu1,暂无
宝山·罗泾,忧(憂),[空],iu1(ʔy⁵²),iu1,暂无
宝山·罗泾,淤(淤),[空],iu1(ʔy⁵²),iu1,暂无
宝山·罗泾,幼(幼),[空],iu3(ʔy³³⁴),iu3,暂无
宝山·罗泾,羽(羽),[空],iu3(ʔy³³⁴),iu3,暂无
宝山·罗泾,猪(豬),[空],tsy1(tsɿ⁵²),tsy1,暂无
宝山·罗泾,诸(諸),[空],tsy1(tsɿ⁵²),tsy1,暂无
宝山·罗泾,诛(誅),[空],tsy1(tsɿ⁵²),tsy1,暂无
宝山·罗泾,蛛(蛛),[空],tsy1(tsɿ⁵²),tsy1,暂无
宝山·罗泾,株(株),[空],tsy1(tsɿ⁵²),tsy1,暂无
宝山·罗泾,朱(朱),[空],tsy1(tsɿ⁵²),tsy1,暂无
宝山·罗泾,朱(硃),[空],tsy1(tsɿ⁵²),tsy1,暂无
宝山·罗泾,殊(殊),[空],tsy1(tsɿ⁵²),tsy1,暂无
宝山·罗泾,知(知),[空],tsy1(tsɿ⁵²),tsy1,暂无
宝山·罗泾,蜘(蜘),[空],tsy1(tsɿ⁵²),tsy1,暂无
宝山·罗泾,支(支),[空],tsy1(tsɿ⁵²),tsy1,暂无
宝山·罗泾,枝(枝),[空],tsy1(tsɿ⁵²),tsy1,暂无
宝山·罗泾,肢(肢),[空],tsy1(tsɿ⁵²),tsy1,暂无
宝山·罗泾,栀(梔),[空],tsy1(tsɿ⁵²),tsy1,暂无
宝山·罗泾,资(資),[空],tsy1(tsɿ⁵²),tsy1,暂无
宝山·罗泾,姿(姿),[空],tsy1(tsɿ⁵²),tsy1,暂无
宝山·罗泾,脂(脂),[空],tsy1(tsɿ⁵²),tsy1,暂无
宝山·罗泾,滋(滋),[空],tsy1(tsɿ⁵²),tsy1,暂无
宝山·罗泾,辎(輜),[空],tsy1(tsɿ⁵²),tsy1,暂无
宝山·罗泾,之(之),[空],tsy1(tsɿ⁵²),tsy1,暂无
宝山·罗泾,芝(芝),[空],tsy1(tsɿ⁵²),tsy1,暂无
宝山·罗泾,着(著),[空],tsy3(tsɿ³³⁴),tsy3,暂无
宝山·罗泾,煮(煮),[空],tsy3(tsɿ³³⁴),tsy3,暂无
宝山·罗泾,拄(拄),[空],tsy3(tsɿ³³⁴),tsy3,暂无
宝山·罗泾,驻(駐),[空],tsy3(tsɿ³³⁴),tsy3,暂无
宝山·罗泾,注(註),[空],tsy3(tsɿ³³⁴),tsy3,暂无
宝山·罗泾,主(主),[空],tsy3(tsɿ³³⁴),tsy3,暂无
宝山·罗泾,注(注),[空],tsy3(tsɿ³³⁴),tsy3,暂无
宝山·罗泾,蛀(蛀),[空],tsy3(tsɿ³³⁴),tsy3,暂无
宝山·罗泾,铸(鑄),[空],tsy3(tsɿ³³⁴),tsy3,暂无
宝山·罗泾,制(制),[空],tsy3(tsɿ³³⁴),tsy3,暂无
宝山·罗泾,制(製),[空],tsy3(tsɿ³³⁴),tsy3,暂无
宝山·罗泾,紫(紫),[空],tsy3(tsɿ³³⁴),tsy3,暂无
宝山·罗泾,智(智),[空],tsy3(tsɿ³³⁴),tsy3,暂无
宝山·罗泾,纸(紙),[空],tsy3(tsɿ³³⁴),tsy3,暂无
宝山·罗泾,姊(姊),[空],tsy3(tsɿ³³⁴),tsy3,暂无
宝山·罗泾,致(致),[空],tsy3(tsɿ³³⁴),tsy3,暂无
宝山·罗泾,旨(旨),[空],tsy3(tsɿ³³⁴),tsy3,暂无
宝山·罗泾,指(指),[空],tsy3(tsɿ³³⁴),tsy3,暂无
宝山·罗泾,至(至),[空],tsy3(tsɿ³³⁴),tsy3,暂无
宝山·罗泾,嗜(嗜),[空],tsy3(tsɿ³³⁴),tsy3,暂无
宝山·罗泾,子(子),[空],tsy3(tsɿ³³⁴),tsy3,暂无
宝山·罗泾,梓(梓),[空],tsy3(tsɿ³³⁴),tsy3,暂无
宝山·罗泾,置(置),[空],tsy3(tsɿ³³⁴),tsy3,暂无
宝山·罗泾,滓(滓),[空],tsy3(tsɿ³³⁴),tsy3,暂无
宝山·罗泾,止(止),[空],tsy3(tsɿ³³⁴),tsy3,暂无
宝山·罗泾,趾(趾),[空],tsy3(tsɿ³³⁴),tsy3,暂无
宝山·罗泾,址(址),[空],tsy3(tsɿ³³⁴),tsy3,暂无
宝山·罗泾,志(志),[空],tsy3(tsɿ³³⁴),tsy3,暂无
宝山·罗泾,志(誌),[空],tsy3(tsɿ³³⁴),tsy3,暂无
宝山·罗泾,痣(痣),[空],tsy3(tsɿ³³⁴),tsy3,暂无
宝山·罗泾,嘴(嘴),[空],tsy3(tsɿ³³⁴),tsy3,暂无
宝山·罗泾,雌(雌),[空],tshy1(tsʰɿ⁵²),tshy1,暂无
宝山·罗泾,疵(疵),[空],tshy1(tsʰɿ⁵²),tshy1,暂无
宝山·罗泾,眵(眵),[空],tshy1(tsʰɿ⁵²),tshy1,暂无
宝山·罗泾,咨(咨),[空],tshy1(tsʰɿ⁵²),tshy1,暂无
宝山·罗泾,痴(癡),[空],tshy1(tsʰɿ⁵²),tshy1,暂无
宝山·罗泾,吹(吹),文,tshy1(tsʰɿ⁵²),tshy1,暂无
宝山·罗泾,褚(褚),[空],tshy3(tsʰɿ³³⁴),tshy3,暂无
宝山·罗泾,处(處),[空],tshy3(tsʰɿ³³⁴),tshy3,暂无
宝山·罗泾,鼠(鼠),[空],tshy3(tsʰɿ³³⁴),tshy3,暂无
宝山·罗泾,此(此),[空],tshy3(tsʰɿ³³⁴),tshy3,暂无
宝山·罗泾,刺(刺),[空],tshy3(tsʰɿ³³⁴),tshy3,暂无
宝山·罗泾,侈(侈),[空],tshy3(tsʰɿ³³⁴),tshy3,暂无
宝山·罗泾,翅(翅),[空],tshy3(tsʰɿ³³⁴),tshy3,暂无
宝山·罗泾,次(次),[空],tshy3(tsʰɿ³³⁴),tshy3,暂无
宝山·罗泾,耻(恥),[空],tshy3(tsʰɿ³³⁴),tshy3,暂无
宝山·罗泾,厕(廁),[空],tshy3(tsʰɿ³³⁴),tshy3,暂无
宝山·罗泾,齿(齒),[空],tshy3(tsʰɿ³³⁴),tshy3,暂无
宝山·罗泾,梳(梳),[空],sy1(sɿ⁵²),sy1,暂无
宝山·罗泾,书(書),[空],sy1(sɿ⁵²),sy1,暂无
宝山·罗泾,舒(舒),[空],sy1(sɿ⁵²),sy1,暂无
宝山·罗泾,输(輸),[空],sy1(sɿ⁵²),sy1,暂无
宝山·罗泾,斯(斯),[空],sy1(sɿ⁵²),sy1,暂无
宝山·罗泾,厮(廝),[空],sy1(sɿ⁵²),sy1,暂无
宝山·罗泾,撕(撕),[空],sy1(sɿ⁵²),sy1,暂无
宝山·罗泾,施(施),[空],sy1(sɿ⁵²),sy1,暂无
宝山·罗泾,私(私),[空],sy1(sɿ⁵²),sy1,暂无
宝山·罗泾,师(師),[空],sy1(sɿ⁵²),sy1,暂无
宝山·罗泾,狮(獅),[空],sy1(sɿ⁵²),sy1,暂无
宝山·罗泾,尸(尸),[空],sy1(sɿ⁵²),sy1,暂无
宝山·罗泾,尸(屍),[空],sy1(sɿ⁵²),sy1,暂无
宝山·罗泾,司(司),[空],sy1(sɿ⁵²),sy1,暂无
宝山·罗泾,丝(絲),[空],sy1(sɿ⁵²),sy1,暂无
宝山·罗泾,思(思),[空],sy1(sɿ⁵²),sy1,暂无
宝山·罗泾,嗤(嗤),[空],sy1(sɿ⁵²),sy1,暂无
宝山·罗泾,诗(詩),[空],sy1(sɿ⁵²),sy1,暂无
宝山·罗泾,暑(暑),[空],sy3(sɿ³³⁴),sy3,暂无
宝山·罗泾,世(世),[空],sy3(sɿ³³⁴),sy3,暂无
宝山·罗泾,势(勢),[空],sy3(sɿ³³⁴),sy3,暂无
宝山·罗泾,赐(賜),[空],sy3(sɿ³³⁴),sy3,暂无
宝山·罗泾,死(死),[空],sy3(sɿ³³⁴),sy3,暂无
宝山·罗泾,四(四),[空],sy3(sɿ³³⁴),sy3,暂无
宝山·罗泾,肆(肆),[空],sy3(sɿ³³⁴),sy3,暂无
宝山·罗泾,矢(矢),[空],sy3(sɿ³³⁴),sy3,暂无
宝山·罗泾,屎(屎),[空],sy3(sɿ³³⁴),sy3,暂无
宝山·罗泾,伺(伺),[空],sy3(sɿ³³⁴),sy3,暂无
宝山·罗泾,使(使),[空],sy3(sɿ³³⁴),sy3,暂无
宝山·罗泾,史(史),[空],sy3(sɿ³³⁴),sy3,暂无
宝山·罗泾,驶(駛),[空],sy3(sɿ³³⁴),sy3,暂无
宝山·罗泾,始(始),[空],sy3(sɿ³³⁴),sy3,暂无
宝山·罗泾,试(試),[空],sy3(sɿ³³⁴),sy3,暂无
宝山·罗泾,水(水),[空],sy3(sɿ³³⁴),sy3,暂无
宝山·罗泾,除(除),[空],zy2(zɿ²³¹),zy2,暂无
宝山·罗泾,储(儲),[空],zy2(zɿ²³¹),zy2,暂无
宝山·罗泾,锄(鋤),[空],zy2(zɿ²³¹),zy2,暂无
宝山·罗泾,如(如),[空],zy2(zɿ²³¹),zy2,暂无
宝山·罗泾,殊(殊),[空],zy2(zɿ²³¹),zy2,暂无
宝山·罗泾,厨(廚),[空],zy2(zɿ²³¹),zy2,暂无
宝山·罗泾,雏(雛),[空],zy2(zɿ²³¹),zy2,暂无
宝山·罗泾,儒(儒),[空],zy2(zɿ²³¹),zy2,暂无
宝山·罗泾,池(池),[空],zy2(zɿ²³¹),zy2,暂无
宝山·罗泾,匙(匙),[空],zy2(zɿ²³¹),zy2,暂无
宝山·罗泾,瓷(瓷),[空],zy2(zɿ²³¹),zy2,暂无
宝山·罗泾,迟(遲),[空],zy2(zɿ²³¹),zy2,暂无
宝山·罗泾,驰(馳),[空],zy2(zɿ²³¹),zy2,暂无
宝山·罗泾,兹(茲),[空],zy2(zɿ²³¹),zy2,暂无
宝山·罗泾,慈(慈),[空],zy2(zɿ²³¹),zy2,暂无
宝山·罗泾,磁(磁),[空],zy2(zɿ²³¹),zy2,暂无
宝山·罗泾,辞(辭),[空],zy2(zɿ²³¹),zy2,暂无
宝山·罗泾,词(詞),[空],zy2(zɿ²³¹),zy2,暂无
宝山·罗泾,祠(祠),[空],zy2(zɿ²³¹),zy2,暂无
宝山·罗泾,持(持),[空],zy2(zɿ²³¹),zy2,暂无
宝山·罗泾,时(時),[空],zy2(zɿ²³¹),zy2,暂无
宝山·罗泾,箸(箸),[空],zy6(zɿ²¹³),zy6,暂无
宝山·罗泾,汝(汝),[空],zy6(zɿ²¹³),zy6,暂无
宝山·罗泾,柱(柱),[空],zy6(zɿ²¹³),zy6,暂无
宝山·罗泾,住(住),[空],zy6(zɿ²¹³),zy6,暂无
宝山·罗泾,竖(豎),[空],zy6(zɿ²¹³),zy6,暂无
宝山·罗泾,树(樹),[空],zy6(zɿ²¹³),zy6,暂无
宝山·罗泾,乳(乳),[空],zy6(zɿ²¹³),zy6,暂无
宝山·罗泾,滞(滯),[空],zy6(zɿ²¹³),zy6,暂无
宝山·罗泾,誓(誓),[空],zy6(zɿ²¹³),zy6,暂无
宝山·罗泾,逝(逝),[空],zy6(zɿ²¹³),zy6,暂无
宝山·罗泾,是(是),[空],zy6(zɿ²¹³),zy6,暂无
宝山·罗泾,氏(氏),[空],zy6(zɿ²¹³),zy6,暂无
宝山·罗泾,豉(豉),[空],zy6(zɿ²¹³),zy6,暂无
宝山·罗泾,自(自),[空],zy6(zɿ²¹³),zy6,暂无
宝山·罗泾,稚(稚),[空],zy6(zɿ²¹³),zy6,暂无
宝山·罗泾,示(示),[空],zy6(zɿ²¹³),zy6,暂无
宝山·罗泾,视(視),[空],zy6(zɿ²¹³),zy6,暂无
宝山·罗泾,似(似),[空],zy6(zɿ²¹³),zy6,暂无
宝山·罗泾,祀(祀),[空],zy6(zɿ²¹³),zy6,暂无
宝山·罗泾,字(字),[空],zy6(zɿ²¹³),zy6,暂无
宝山·罗泾,寺(寺),[空],zy6(zɿ²¹³),zy6,暂无
宝山·罗泾,嗣(嗣),[空],zy6(zɿ²¹³),zy6,暂无
宝山·罗泾,饲(飼),[空],zy6(zɿ²¹³),zy6,暂无
宝山·罗泾,痔(痔),[空],zy6(zɿ²¹³),zy6,暂无
宝山·罗泾,治(治),[空],zy6(zɿ²¹³),zy6,暂无
宝山·罗泾,士(士),[空],zy6(zɿ²¹³),zy6,暂无
宝山·罗泾,仕(仕),[空],zy6(zɿ²¹³),zy6,暂无
宝山·罗泾,柿(柿),[空],zy6(zɿ²¹³),zy6,暂无
宝山·罗泾,事(事),[空],zy6(zɿ²¹³),zy6,暂无
宝山·罗泾,市(市),[空],zy6(zɿ²¹³),zy6,暂无
宝山·罗泾,恃(恃),[空],zy6(zɿ²¹³),zy6,暂无
宝山·罗泾,侍(侍),[空],zy6(zɿ²¹³),zy6,暂无