where,word,mean,pinYin,pinYinSearch,Pronunciation
崇明,朱(朱),[空],tsy1(tsɿ⁵⁵),tsy1,暂无
崇明,猪(豬),[空],tsy1(tsɿ⁵⁵),tsy1,暂无
崇明,珠(珠),[空],tsy1(tsɿ⁵⁵),tsy1,暂无
崇明,诸(諸),[空],tsy1(tsɿ⁵⁵),tsy1,暂无
崇明,藷(藷),[空],tsy1(tsɿ⁵⁵),tsy1,暂无
崇明,株(株),[空],tsy1(tsɿ⁵⁵),tsy1,暂无
崇明,诛(誅),[空],tsy1(tsɿ⁵⁵),tsy1,暂无
崇明,褚(褚),姓,tsy1(tsɿ⁵⁵),tsy1,暂无
崇明,渚(渚),[空],tsy1(tsɿ⁵⁵),tsy1,暂无
崇明,铢(銖),[空],tsy1(tsɿ⁵⁵),tsy1,暂无
崇明,蛛(蛛),[空],tsy1(tsɿ⁵⁵),tsy1,暂无
崇明,茱(茱),[空],tsy1(tsɿ⁵⁵),tsy1,暂无
崇明,潴(瀦),[空],tsy1(tsɿ⁵⁵),tsy1,暂无
崇明,洙(洙),[空],tsy1(tsɿ⁵⁵),tsy1,暂无
崇明,侏(侏),[空],tsy1(tsɿ⁵⁵),tsy1,暂无
崇明,絑(絑),[空],tsy1(tsɿ⁵⁵),tsy1,暂无
崇明,朱(朱),[空],tsy1(tsɿ⁵⁵),tsy1,暂无
崇明,之(之),[空],tsy1(tsɿ⁵⁵),tsy1,暂无
崇明,知(知),[空],tsy1(tsɿ⁵⁵),tsy1,暂无
崇明,枝(枝),[空],tsy1(tsɿ⁵⁵),tsy1,暂无
崇明,支(支),[空],tsy1(tsɿ⁵⁵),tsy1,暂无
崇明,智(智),[空],tsy1(tsɿ⁵⁵),tsy1,暂无
崇明,芝(芝),[空],tsy1(tsɿ⁵⁵),tsy1,暂无
崇明,脂(脂),[空],tsy1(tsɿ⁵⁵),tsy1,暂无
崇明,肢(肢),[空],tsy1(tsɿ⁵⁵),tsy1,暂无
崇明,吱(吱),[空],tsy1(tsɿ⁵⁵),tsy1,暂无
崇明,卮(卮),[空],tsy1(tsɿ⁵⁵),tsy1,暂无
崇明,酯(酯),[空],tsy1(tsɿ⁵⁵),tsy1,暂无
崇明,蜘(蜘),[空],tsy1(tsɿ⁵⁵),tsy1,暂无
崇明,觯(觶),[空],tsy1(tsɿ⁵⁵),tsy1,暂无
崇明,资(資),[空],tsy1(tsɿ⁵⁵),tsy1,暂无
崇明,滋(滋),[空],tsy1(tsɿ⁵⁵),tsy1,暂无
崇明,嗞(嗞),[空],tsy1(tsɿ⁵⁵),tsy1,暂无
崇明,孳(孳),[空],tsy1(tsɿ⁵⁵),tsy1,暂无
崇明,孜(孜),[空],tsy1(tsɿ⁵⁵),tsy1,暂无
崇明,姿(姿),[空],tsy1(tsɿ⁵⁵),tsy1,暂无
崇明,咨(諮),[空],tsy1(tsɿ⁵⁵),tsy1,暂无
崇明,恣(恣),[空],tsy1(tsɿ⁵⁵),tsy1,暂无
崇明,咨(諮),[空],tsy1(tsɿ⁵⁵),tsy1,暂无
崇明,辎(輜),[空],tsy1(tsɿ⁵⁵),tsy1,暂无
崇明,缁(緇),[空],tsy1(tsɿ⁵⁵),tsy1,暂无
崇明,淄(淄),[空],tsy1(tsɿ⁵⁵),tsy1,暂无
崇明,鲻(鯔),[空],tsy1(tsɿ⁵⁵),tsy1,暂无
崇明,菑(菑),[空],tsy1(tsɿ⁵⁵),tsy1,暂无
崇明,雉(雉),[空],tsy1(tsɿ⁵⁵),tsy1,暂无
崇明,锥(錐),~钻(锥子),tsy1(tsɿ⁵⁵),tsy1,暂无
崇明,栽(栽),~跟斗(翻跟斗)；~几粒豆,tsy1(tsɿ⁵⁵),tsy1,暂无
崇明,煮(煮),[空],tsy3(tsɿ⁴²⁴),tsy3,暂无
崇明,主(主),[空],tsy3(tsɿ⁴²⁴),tsy3,暂无
崇明,炷(炷),[空],tsy3(tsɿ⁴²⁴),tsy3,暂无
崇明,助(助),[空],tsy3(tsɿ⁴²⁴),tsy3,暂无
崇明,拄(拄),[空],tsy3(tsɿ⁴²⁴),tsy3,暂无
崇明,箸(箸),[空],tsy3(tsɿ⁴²⁴),tsy3,暂无
崇明,豸(豸),[空],tsy3(tsɿ⁴²⁴),tsy3,暂无
崇明,彘(彘),[空],tsy3(tsɿ⁴²⁴),tsy3,暂无
崇明,指(指),[空],tsy3(tsɿ⁴²⁴),tsy3,暂无
崇明,纸(紙),[空],tsy3(tsɿ⁴²⁴),tsy3,暂无
崇明,止(止),[空],tsy3(tsɿ⁴²⁴),tsy3,暂无
崇明,子(子),[空],tsy3(tsɿ⁴²⁴),tsy3,暂无
崇明,仔(仔),[空],tsy3(tsɿ⁴²⁴),tsy3,暂无
崇明,籽(籽),[空],tsy3(tsɿ⁴²⁴),tsy3,暂无
崇明,姊(姊),~妹(妹妹),tsy3(tsɿ⁴²⁴),tsy3,暂无
崇明,滓(滓),[空],tsy3(tsɿ⁴²⁴),tsy3,暂无
崇明,梓(梓),[空],tsy3(tsɿ⁴²⁴),tsy3,暂无
崇明,趾(趾),[空],tsy3(tsɿ⁴²⁴),tsy3,暂无
崇明,嘴(嘴),[空],tsy3(tsɿ⁴²⁴),tsy3,暂无
崇明,祗(祗),[空],tsy3(tsɿ⁴²⁴),tsy3,暂无
崇明,帜(幟),[空],tsy3(tsɿ⁴²⁴),tsy3,暂无
崇明,置(置),[空],tsy5(tsɿ³³),tsy5,暂无
崇明,致(致),[空],tsy5(tsɿ³³),tsy5,暂无
崇明,至(至),[空],tsy5(tsɿ³³),tsy5,暂无
崇明,志(志),[空],tsy5(tsɿ³³),tsy5,暂无
崇明,痣(痣),[空],tsy5(tsɿ³³),tsy5,暂无
崇明,制(制),[空],tsy5(tsɿ³³),tsy5,暂无
崇明,驻(駐),[空],tsy5(tsɿ³³),tsy5,暂无
崇明,铸(鑄),[空],tsy5(tsɿ³³),tsy5,暂无
崇明,注(注),[空],tsy5(tsɿ³³),tsy5,暂无
崇明,蛀(蛀),[空],tsy5(tsɿ³³),tsy5,暂无
崇明,址(址),[空],tsy5(tsɿ³³),tsy5,暂无
崇明,着(著),显~,tsy5(tsɿ³³),tsy5,暂无
崇明,注(注),[空],tsy5(tsɿ³³),tsy5,暂无
崇明,枢(樞),[空],tshy1(tsʰɿ⁵⁵),tshy1,暂无
崇明,雌(雌),[空],tshy1(tsʰɿ⁵⁵),tshy1,暂无
崇明,痴(癡),[空],tshy1(tsʰɿ⁵⁵),tshy1,暂无
崇明,嗤(嗤),[空],tshy1(tsʰɿ⁵⁵),tshy1,暂无
崇明,魑(魑),[空],tshy1(tsʰɿ⁵⁵),tshy1,暂无
崇明,侈(侈),[空],tshy1(tsʰɿ⁵⁵),tshy1,暂无
崇明,鸱(鴟),[空],tshy1(tsʰɿ⁵⁵),tshy1,暂无
崇明,媸(媸),[空],tshy1(tsʰɿ⁵⁵),tshy1,暂无
崇明,蚩(蚩),[空],tshy1(tsʰɿ⁵⁵),tshy1,暂无
崇明,啻(啻),[空],tshy1(tsʰɿ⁵⁵),tshy1,暂无
崇明,笞(笞),[空],tshy1(tsʰɿ⁵⁵),tshy1,暂无
崇明,差(差),参~,tshy1(tsʰɿ⁵⁵),tshy1,暂无
崇明,吹(吹),白读,tshy1(tsʰɿ⁵⁵),tshy1,暂无
崇明,踟(踟),[空],tshy1(tsʰɿ⁵⁵),tshy1,暂无
崇明,眵(眵),眼~(眼屎),tshy1(tsʰɿ⁵⁵),tshy1,暂无
崇明,此(此),[空],tshy3(tsʰɿ⁴²⁴),tshy3,暂无
崇明,耻(恥),[空],tshy3(tsʰɿ⁴²⁴),tshy3,暂无
崇明,处(處),~分；~理,tshy3(tsʰɿ⁴²⁴),tshy3,暂无
崇明,处(處),住~,tshy5(tsʰɿ³³),tshy5,暂无
崇明,鼠(鼠),[空],tshy5(tsʰɿ³³),tshy5,暂无
崇明,齿(齒),[空],tshy5(tsʰɿ³³),tshy5,暂无
崇明,次(次),[空],tshy5(tsʰɿ³³),tshy5,暂无
崇明,刺(刺),[空],tshy5(tsʰɿ³³),tshy5,暂无
崇明,厕(廁),[空],tshy5(tsʰɿ³³),tshy5,暂无
崇明,翅(翅),[空],tshy5(tsʰɿ³³),tshy5,暂无
崇明,疵(疵),[空],tshy5(tsʰɿ³³),tshy5,暂无
崇明,除(除),[空],dzy2(dzɿ²⁴),dzy2,暂无
崇明,储(儲),[空],dzy2(dzɿ²⁴),dzy2,暂无
崇明,厨(廚),[空],dzy2(dzɿ²⁴),dzy2,暂无
崇明,橱(櫥),[空],dzy2(dzɿ²⁴),dzy2,暂无
崇明,滁(滁),[空],dzy2(dzɿ²⁴),dzy2,暂无
崇明,磁(磁),[空],dzy2(dzɿ²⁴),dzy2,暂无
崇明,词(詞),[空],dzy2(dzɿ²⁴),dzy2,暂无
崇明,兹(茲),[空],dzy2(dzɿ²⁴),dzy2,暂无
崇明,慈(慈),[空],dzy2(dzɿ²⁴),dzy2,暂无
崇明,辞(辭),[空],dzy2(dzɿ²⁴),dzy2,暂无
崇明,瓷(瓷),[空],dzy2(dzɿ²⁴),dzy2,暂无
崇明,糍(糍),[空],dzy2(dzɿ²⁴),dzy2,暂无
崇明,伺(伺),[空],dzy2(dzɿ²⁴),dzy2,暂无
崇明,持(持),坚~,dzy2(dzɿ²⁴),dzy2,暂无
崇明,驰(馳),[空],dzy2(dzɿ²⁴),dzy2,暂无
崇明,池(池),[空],dzy2(dzɿ²⁴),dzy2,暂无
崇明,迟(遲),[空],dzy2(dzɿ²⁴),dzy2,暂无
崇明,墀(墀),[空],dzy2(dzɿ²⁴),dzy2,暂无
崇明,嗣(嗣),[空],dzy2(dzɿ²⁴),dzy2,暂无
崇明,饲(飼),[空],dzy2(dzɿ²⁴),dzy2,暂无
崇明,稚(稚),幼~,dzy2(dzɿ²⁴),dzy2,暂无
崇明,柱(柱),[空],dzy4(dzɿ²⁴²),dzy4,暂无
崇明,躇(躇),踌~,dzy4(dzɿ²⁴²),dzy4,暂无
崇明,持(持),维~,dzy4(dzɿ²⁴²),dzy4,暂无
崇明,住(住),[空],dzy6(dzɿ³¹³),dzy6,暂无
崇明,治(治),[空],dzy6(dzɿ³¹³),dzy6,暂无
崇明,舒(舒),[空],sy1(sɿ⁵⁵),sy1,暂无
崇明,书(書),[空],sy1(sɿ⁵⁵),sy1,暂无
崇明,梳(梳),白读：~头,sy1(sɿ⁵⁵),sy1,暂无
崇明,疏(疏),白读：粗~(粗糙),sy1(sɿ⁵⁵),sy1,暂无
崇明,输(輸),[空],sy1(sɿ⁵⁵),sy1,暂无
崇明,丝(絲),[空],sy1(sɿ⁵⁵),sy1,暂无
崇明,斯(斯),[空],sy1(sɿ⁵⁵),sy1,暂无
崇明,思(思),~念,sy1(sɿ⁵⁵),sy1,暂无
崇明,司(司),[空],sy1(sɿ⁵⁵),sy1,暂无
崇明,私(私),[空],sy1(sɿ⁵⁵),sy1,暂无
崇明,撕(撕),[空],sy1(sɿ⁵⁵),sy1,暂无
崇明,嘶(嘶),[空],sy1(sɿ⁵⁵),sy1,暂无
崇明,厮(廝),[空],sy1(sɿ⁵⁵),sy1,暂无
崇明,咝(噝),[空],sy1(sɿ⁵⁵),sy1,暂无
崇明,锶(鍶),[空],sy1(sɿ⁵⁵),sy1,暂无
崇明,笥(笥),[空],sy1(sɿ⁵⁵),sy1,暂无
崇明,蛳(螄),[空],sy1(sɿ⁵⁵),sy1,暂无
崇明,施(施),[空],sy1(sɿ⁵⁵),sy1,暂无
崇明,诗(詩),[空],sy1(sɿ⁵⁵),sy1,暂无
崇明,尸(屍),[空],sy1(sɿ⁵⁵),sy1,暂无
崇明,尸(屍),[空],sy1(sɿ⁵⁵),sy1,暂无
崇明,师(師),[空],sy1(sɿ⁵⁵),sy1,暂无
崇明,尿(尿),白读。和北京话尿一读sui的音对应,sy1(sɿ⁵⁵),sy1,暂无
崇明,屎(屎),文读,sy1(sɿ⁵⁵),sy1,暂无
崇明,狮(獅),[空],sy1(sɿ⁵⁵),sy1,暂无
崇明,施(施),[空],sy1(sɿ⁵⁵),sy1,暂无
崇明,死(死),一读喜,sy3(sɿ⁴²⁴),sy3,暂无
崇明,史(史),[空],sy3(sɿ⁴²⁴),sy3,暂无
崇明,使(使),动词,sy3(sɿ⁴²⁴),sy3,暂无
崇明,始(始),[空],sy3(sɿ⁴²⁴),sy3,暂无
崇明,矢(矢),[空],sy3(sɿ⁴²⁴),sy3,暂无
崇明,暑(暑),[空],sy3(sɿ⁴²⁴),sy3,暂无
崇明,驶(駛),[空],sy3(sɿ⁴²⁴),sy3,暂无
崇明,水(水),白读,sy3(sɿ⁴²⁴),sy3,暂无
崇明,黍(黍),[空],sy3(sɿ⁴²⁴),sy3,暂无
崇明,豕(豕),[空],sy3(sɿ⁴²⁴),sy3,暂无
崇明,四(四),[空],sy5(sɿ³³),sy5,暂无
崇明,思(思),意~,sy5(sɿ³³),sy5,暂无
崇明,世(世),[空],sy5(sɿ³³),sy5,暂无
崇明,试(試),[空],sy5(sɿ³³),sy5,暂无
崇明,赐(賜),[空],sy5(sɿ³³),sy5,暂无
崇明,势(勢),[空],sy5(sɿ³³),sy5,暂无
崇明,使(使),大~,sy5(sɿ³³),sy5,暂无
崇明,庶(庶),[空],sy5(sɿ³³),sy5,暂无
崇明,戍(戍),[空],sy5(sɿ³³),sy5,暂无
崇明,噬(噬),[空],sy5(sɿ³³),sy5,暂无
崇明,肆(肆),[空],sy5(sɿ³³),sy5,暂无
崇明,锄(鋤),白读：~头,zy2(zɿ²⁴),zy2,暂无
崇明,如(如),~意,zy2(zɿ²⁴),zy2,暂无
崇明,儒(儒),[空],zy2(zɿ²⁴),zy2,暂无
崇明,孺(孺),[空],zy2(zɿ²⁴),zy2,暂无
崇明,匙(匙),[空],zy2(zɿ²⁴),zy2,暂无
崇明,时(時),[空],zy2(zɿ²⁴),zy2,暂无
崇明,鲥(鰣),[空],zy2(zɿ²⁴),zy2,暂无
崇明,垂(垂),白读：~下来,zy2(zɿ²⁴),zy2,暂无
崇明,腄(腄),皮肤上成片的红斑,zy2(zɿ²⁴),zy2,暂无
崇明,是(是),[空],zy4(zɿ²⁴²),zy4,暂无
崇明,竖(豎),[空],zy4(zɿ²⁴²),zy4,暂无
崇明,市(市),~镇,zy4(zɿ²⁴²),zy4,暂无
崇明,似(似),[空],zy4(zɿ²⁴²),zy4,暂无
崇明,如(如),~何(文读),zy4(zɿ²⁴²),zy4,暂无
崇明,乳(乳),~腐(豆腐乳),zy4(zɿ²⁴²),zy4,暂无
崇明,自(自),[空],zy6(zɿ³¹³),zy6,暂无
崇明,誓(誓),[空],zy6(zɿ³¹³),zy6,暂无
崇明,视(視),[空],zy6(zɿ³¹³),zy6,暂无
崇明,事(事),[空],zy6(zɿ³¹³),zy6,暂无
崇明,仕(仕),[空],zy6(zɿ³¹³),zy6,暂无
崇明,士(士),[空],zy6(zɿ³¹³),zy6,暂无
崇明,逝(逝),[空],zy6(zɿ³¹³),zy6,暂无
崇明,氏(氏),[空],zy6(zɿ³¹³),zy6,暂无
崇明,峙(峙),[空],zy6(zɿ³¹³),zy6,暂无
崇明,示(示),[空],zy6(zɿ³¹³),zy6,暂无
崇明,巳(巳),[空],zy6(zɿ³¹³),zy6,暂无
崇明,寺(寺),[空],zy6(zɿ³¹³),zy6,暂无
崇明,侍(侍),[空],zy6(zɿ³¹³),zy6,暂无
崇明,祀(祀),[空],zy6(zɿ³¹³),zy6,暂无
崇明,墅(墅),[空],zy6(zɿ³¹³),zy6,暂无
崇明,汝(汝),[空],zy6(zɿ³¹³),zy6,暂无
崇明,树(樹),[空],zy6(zɿ³¹³),zy6,暂无
崇明,乳(乳),[空],zy6(zɿ³¹³),zy6,暂无
崇明,市(市),上海~,zy6(zɿ³¹³),zy6,暂无
崇明,屄(屄),[空],pi1(pi⁵⁵),pi1,暂无
崇明,比(比),[空],pi3(pi⁴²⁴),pi3,暂无
崇明,鄙(鄙),[空],pi3(pi⁴²⁴),pi3,暂无
崇明,闭(閉),[空],pi5(pi³³),pi5,暂无
崇明,臂(臂),[空],pi5(pi³³),pi5,暂无
崇明,蔽(蔽),[空],pi5(pi³³),pi5,暂无
崇明,庇(庇),[空],pi5(pi³³),pi5,暂无
崇明,秘(秘),[空],pi5(pi³³),pi5,暂无
崇明,泌(泌),[空],pi5(pi³³),pi5,暂无
崇明,批(批),[空],phi1(pʰi⁵⁵),phi1,暂无
崇明,披(披),[空],phi1(pʰi⁵⁵),phi1,暂无
崇明,譬(譬),[空],phi3(pʰi⁴²⁴),phi3,暂无
崇明,屁(屁),[空],phi5(pʰi³³),phi5,暂无
崇明,脾(脾),[空],bi2(bi²⁴),bi2,暂无
崇明,皮(皮),[空],bi2(bi²⁴),bi2,暂无
崇明,疲(疲),~劳,bi2(bi²⁴),bi2,暂无
崇明,裨(裨),[空],bi2(bi²⁴),bi2,暂无
崇明,婢(婢),[空],bi2(bi²⁴),bi2,暂无
崇明,琵(琵),~琶,bi2(bi²⁴),bi2,暂无
崇明,被(被),[空],bi4(bi²⁴²),bi4,暂无
崇明,坒(坒),[空],bi4(bi²⁴²),bi4,暂无
崇明,疲(疲),~倦,bi4(bi²⁴²),bi4,暂无
崇明,弊(弊),[空],bi6(bi³¹³),bi6,暂无
崇明,敝(敝),[空],bi6(bi³¹³),bi6,暂无
崇明,币(幣),[空],bi6(bi³¹³),bi6,暂无
崇明,毙(斃),[空],bi6(bi³¹³),bi6,暂无
崇明,陛(陛),[空],bi6(bi³¹³),bi6,暂无
崇明,鐾(鐾),~刀,bi6(bi³¹³),bi6,暂无
崇明,眯(瞇),~秋眼(近视眼，眯着眼),mi1(ʔmi⁵⁵),mi1,暂无
崇明,咪(咪),笑~~,mi1(ʔmi⁵⁵),mi1,暂无
崇明,眉(眉),~眼全无(不象样子),mi1(ʔmi⁵⁵),mi1,暂无
崇明,迷(迷),[空],mi2(ɦmi²⁴),mi2,暂无
崇明,蜜(蜜),[空],mi2(ɦmi²⁴),mi2,暂无
崇明,谜(謎),书面音,mi2(ɦmi²⁴),mi2,暂无
崇明,祢(禰),[空],mi2(ɦmi²⁴),mi2,暂无
崇明,弥(彌),[空],mi2(ɦmi²⁴),mi2,暂无
崇明,猕(獼),[空],mi2(ɦmi²⁴),mi2,暂无
崇明,醚(醚),[空],mi2(ɦmi²⁴),mi2,暂无
崇明,麋(麋),[空],mi2(ɦmi²⁴),mi2,暂无
崇明,弭(弭),[空],mi2(ɦmi²⁴),mi2,暂无
崇明,沵(濔),[空],mi2(ɦmi²⁴),mi2,暂无
崇明,靡(靡),[空],mi2(ɦmi²⁴),mi2,暂无
崇明,糜(糜),[空],mi2(ɦmi²⁴),mi2,暂无
崇明,眉(眉),~毛,mi2(ɦmi²⁴),mi2,暂无
崇明,棉(棉),~花,mi2(ɦmi²⁴),mi2,暂无
崇明,米(米),[空],mi4(ɦmi²⁴²),mi4,暂无
崇明,未(未),~勒(有的是时间或机会),mi6(ɦmi³¹³),mi6,暂无
崇明,味(味),白读：~道,mi6(ɦmi³¹³),mi6,暂无
崇明,眯(瞇),视力模糊,mi6(ɦmi³¹³),mi6,暂无
崇明,非(非),[空],fi1(fi⁵⁵),fi1,暂无
崇明,飞(飛),[空],fi1(fi⁵⁵),fi1,暂无
崇明,菲(菲),[空],fi1(fi⁵⁵),fi1,暂无
崇明,妃(妃),[空],fi1(fi⁵⁵),fi1,暂无
崇明,斐(斐),[空],fi1(fi⁵⁵),fi1,暂无
崇明,匪(匪),[空],fi1(fi⁵⁵),fi1,暂无
崇明,绯(緋),~红,fi1(fi⁵⁵),fi1,暂无
崇明,霏(霏),[空],fi1(fi⁵⁵),fi1,暂无
崇明,翡(翡),~翠,fi1(fi⁵⁵),fi1,暂无
崇明,啡(啡),咖~,fi1(fi⁵⁵),fi1,暂无
崇明,榧(榧),[空],fi1(fi⁵⁵),fi1,暂无
崇明,费(費),[空],fi5(fi³³),fi5,暂无
崇明,肺(肺),[空],fi5(fi³³),fi5,暂无
崇明,废(廢),[空],fi5(fi³³),fi5,暂无
崇明,沸(沸),[空],fi5(fi³³),fi5,暂无
崇明,吠(吠),[空],fi5(fi³³),fi5,暂无
崇明,蜚(蜚),[空],fi5(fi³³),fi5,暂无
崇明,扉(扉),[空],fi5(fi³³),fi5,暂无
崇明,䕠(䕠),芦~(芦苇席),fi5(fi³³),fi5,暂无
崇明,肥(肥),~肉，另读皮,vi2(vi²⁴),vi2,暂无
崇明,维(維),思~,vi2(vi²⁴),vi2,暂无
崇明,唯(唯),[空],vi2(vi²⁴),vi2,暂无
崇明,微(微),[空],vi2(vi²⁴),vi2,暂无
崇明,薇(薇),[空],vi2(vi²⁴),vi2,暂无
崇明,帷(帷),[空],vi2(vi²⁴),vi2,暂无
崇明,维(維),~持；~护,vi4(vi²⁴²),vi4,暂无
崇明,未(未),~防,vi6(vi³¹³),vi6,暂无
崇明,尾(尾),文读,vi6(vi³¹³),vi6,暂无
崇明,味(味),~之素,vi6(vi³¹³),vi6,暂无
崇明,低(低),[空],ti1(ti⁵⁵),ti1,暂无
崇明,底(底),[空],ti3(ti⁴²⁴),ti3,暂无
崇明,帝(帝),[空],ti3(ti⁴²⁴),ti3,暂无
崇明,抵(抵),[空],ti3(ti⁴²⁴),ti3,暂无
崇明,蒂(蒂),[空],ti3(ti⁴²⁴),ti3,暂无
崇明,氐(氐),[空],ti3(ti⁴²⁴),ti3,暂无
崇明,诋(詆),[空],ti3(ti⁴²⁴),ti3,暂无
崇明,邸(邸),[空],ti3(ti⁴²⁴),ti3,暂无
崇明,缔(締),[空],ti3(ti⁴²⁴),ti3,暂无
崇明,羝(羝),[空],ti3(ti⁴²⁴),ti3,暂无
崇明,柢(柢),[空],ti3(ti⁴²⁴),ti3,暂无
崇明,骶(骶),[空],ti3(ti⁴²⁴),ti3,暂无
崇明,觗(觗),[空],ti3(ti⁴²⁴),ti3,暂无
崇明,谛(諦),[空],ti5(ti³³),ti5,暂无
崇明,褅(褅),[空],ti5(ti³³),ti5,暂无
崇明,渧(渧),[空],ti5(ti³³),ti5,暂无
崇明,梯(梯),[空],thi1(tʰi⁵⁵),thi1,暂无
崇明,屉(屜),[空],thi1(tʰi⁵⁵),thi1,暂无
崇明,绨(綈),《广韵》平声齐韵杜奚切，崇明话“线绨”(一种绸子)读阴平调,thi1(tʰi⁵⁵),thi1,暂无
崇明,锑(銻),[空],thi1(tʰi⁵⁵),thi1,暂无
崇明,体(體),[空],thi3(tʰi⁴²⁴),thi3,暂无
崇明,替(替),[空],thi5(tʰi³³),thi5,暂无
崇明,剃(剃),[空],thi5(tʰi³³),thi5,暂无
崇明,涕(涕),[空],thi5(tʰi³³),thi5,暂无
崇明,剃(剃),[空],thi5(tʰi³³),thi5,暂无
崇明,嚏(嚏),[空],thi5(tʰi³³),thi5,暂无
崇明,提(提),[空],di2(di²⁴),di2,暂无
崇明,题(題),[空],di2(di²⁴),di2,暂无
崇明,蹄(蹄),[空],di2(di²⁴),di2,暂无
崇明,啼(啼),[空],di2(di²⁴),di2,暂无
崇明,騠(騠),[空],di2(di²⁴),di2,暂无
崇明,荑(荑),[空],di2(di²⁴),di2,暂无
崇明,弟(弟),[空],di4(di²⁴²),di4,暂无
崇明,弟(弟),[空],di6(di³¹³),di6,暂无
崇明,第(第),[空],di6(di³¹³),di6,暂无
崇明,地(地),[空],di6(di³¹³),di6,暂无
崇明,递(遞),[空],di6(di³¹³),di6,暂无
崇明,娣(娣),[空],di6(di³¹³),di6,暂无
崇明,棣(棣),[空],di6(di³¹³),di6,暂无
崇明,悌(悌),[空],di6(di³¹³),di6,暂无
崇明,捚(捚),提水也说捚水,li1(ʔli⁵⁵),li1,暂无
崇明,哩(哩),衬字用，叽哩咕噜,li1(ʔli⁵⁵),li1,暂无
崇明,励(勵),[空],li3(ʔli⁴²⁴),li3,暂无
崇明,屡(屢),[空],li3(ʔli⁴²⁴),li3,暂无
崇明,离(離),[空],li2(ɦli²⁴),li2,暂无
崇明,梨(梨),[空],li2(ɦli²⁴),li2,暂无
崇明,厘(厘),[空],li2(ɦli²⁴),li2,暂无
崇明,黎(黎),[空],li2(ɦli²⁴),li2,暂无
崇明,犁(犁),[空],li2(ɦli²⁴),li2,暂无
崇明,锂(鋰),[空],li2(ɦli²⁴),li2,暂无
崇明,漓(漓),[空],li2(ɦli²⁴),li2,暂无
崇明,骊(驪),[空],li2(ɦli²⁴),li2,暂无
崇明,狸(狸),[空],li2(ɦli²⁴),li2,暂无
崇明,篱(籬),[空],li2(ɦli²⁴),li2,暂无
崇明,璃(璃),[空],li2(ɦli²⁴),li2,暂无
崇明,蠡(蠡),[空],li2(ɦli²⁴),li2,暂无
崇明,藜(藜),[空],li2(ɦli²⁴),li2,暂无
崇明,俚(俚),[空],li2(ɦli²⁴),li2,暂无
崇明,罹(罹),[空],li2(ɦli²⁴),li2,暂无
崇明,驴(驢),[空],li2(ɦli²⁴),li2,暂无
崇明,理(理),[空],li4(ɦli²⁴²),li4,暂无
崇明,礼(禮),[空],li4(ɦli²⁴²),li4,暂无
崇明,李(李),[空],li4(ɦli²⁴²),li4,暂无
崇明,里(裡),[空],li4(ɦli²⁴²),li4,暂无
崇明,裹(裹),[空],li4(ɦli²⁴²),li4,暂无
崇明,厉(厲),[空],li4(ɦli²⁴²),li4,暂无
崇明,吕(呂),[空],li4(ɦli²⁴²),li4,暂无
崇明,利(利),[空],li6(ɦli³¹³),li6,暂无
崇明,例(例),[空],li6(ɦli³¹³),li6,暂无
崇明,丽(麗),[空],li6(ɦli³¹³),li6,暂无
崇明,吏(吏),[空],li6(ɦli³¹³),li6,暂无
崇明,隶(隸),[空],li6(ɦli³¹³),li6,暂无
崇明,鲤(鯉),[空],li6(ɦli³¹³),li6,暂无
崇明,莉(莉),[空],li6(ɦli³¹³),li6,暂无
崇明,痢(痢),[空],li6(ɦli³¹³),li6,暂无
崇明,俐(俐),[空],li6(ɦli³¹³),li6,暂无
崇明,澧(澧),[空],li6(ɦli³¹³),li6,暂无
崇明,戾(戾),[空],li6(ɦli³¹³),li6,暂无
崇明,砺(礪),[空],li6(ɦli³¹³),li6,暂无
崇明,俪(儷),[空],li6(ɦli³¹³),li6,暂无
崇明,铝(鋁),[空],li6(ɦli³¹³),li6,暂无
崇明,旅(旅),[空],li6(ɦli³¹³),li6,暂无
崇明,虑(慮),[空],li6(ɦli³¹³),li6,暂无
崇明,滤(濾),[空],li6(ɦli³¹³),li6,暂无
崇明,侣(侶),[空],li6(ɦli³¹³),li6,暂无
崇明,榈(櫚),[空],li6(ɦli³¹³),li6,暂无
崇明,膂(膂),[空],li6(ɦli³¹³),li6,暂无
崇明,泪(淚),[空],li6(ɦli³¹³),li6,暂无
崇明,履(履),[空],li6(ɦli³¹³),li6,暂无
崇明,基(基),[空],ci1(tɕi⁵⁵),ci1,暂无
崇明,机(機),[空],ci1(tɕi⁵⁵),ci1,暂无
崇明,鸡(雞),[空],ci1(tɕi⁵⁵),ci1,暂无
崇明,己(己),自己的书面读音,ci1(tɕi⁵⁵),ci1,暂无
崇明,姬(姬),[空],ci1(tɕi⁵⁵),ci1,暂无
崇明,䇫(䇫),编(篦子),ci1(tɕi⁵⁵),ci1,暂无
崇明,箕(箕),[空],ci1(tɕi⁵⁵),ci1,暂无
崇明,羁(羈),[空],ci1(tɕi⁵⁵),ci1,暂无
崇明,骥(驥),[空],ci1(tɕi⁵⁵),ci1,暂无
崇明,讥(譏),[空],ci1(tɕi⁵⁵),ci1,暂无
崇明,肌(肌),[空],ci1(tɕi⁵⁵),ci1,暂无
崇明,饥(饑),[空],ci1(tɕi⁵⁵),ci1,暂无
崇明,期(期),~过(小孩满周岁),ci1(tɕi⁵⁵),ci1,暂无
崇明,稽(稽),[空],ci1(tɕi⁵⁵),ci1,暂无
崇明,嵇(嵇),[空],ci1(tɕi⁵⁵),ci1,暂无
崇明,几(幾),~何学；茶~,ci1(tɕi⁵⁵),ci1,暂无
崇明,奇(奇),~数,ci1(tɕi⁵⁵),ci1,暂无
崇明,居(居),文读,ci1(tɕi⁵⁵),ci1,暂无
崇明,车(車),~马炮,ci1(tɕi⁵⁵),ci1,暂无
崇明,龟(龜),乌~,ci1(tɕi⁵⁵),ci1,暂无
崇明,姐(姐),阿~(称姐姐),ci1(tɕi⁵⁵),ci1,暂无
崇明,姊(姊),文读,ci1(tɕi⁵⁵),ci1,暂无
崇明,圾(圾),文读：垃~,ci1(tɕi⁵⁵),ci1,暂无
崇明,几(幾),~个,ci3(tɕi⁴²⁴),ci3,暂无
崇明,己(己),单字音,ci3(tɕi⁴²⁴),ci3,暂无
崇明,挤(擠),[空],ci3(tɕi⁴²⁴),ci3,暂无
崇明,虮(蟣),[空],ci3(tɕi⁴²⁴),ci3,暂无
崇明,举(舉),[空],ci3(tɕi⁴²⁴),ci3,暂无
崇明,鬼(鬼),白读,ci3(tɕi⁴²⁴),ci3,暂无
崇明,姐(姐),妻阿~(妻子的姐),ci3(tɕi⁴²⁴),ci3,暂无
崇明,剂(劑),[空],ci5(tɕi³³),ci5,暂无
崇明,季(季),[空],ci5(tɕi³³),ci5,暂无
崇明,记(記),[空],ci5(tɕi³³),ci5,暂无
崇明,纪(紀),[空],ci5(tɕi³³),ci5,暂无
崇明,既(既),[空],ci5(tɕi³³),ci5,暂无
崇明,寄(寄),[空],ci5(tɕi³³),ci5,暂无
崇明,计(計),[空],ci5(tɕi³³),ci5,暂无
崇明,继(繼),[空],ci5(tɕi³³),ci5,暂无
崇明,祭(祭),[空],ci5(tɕi³³),ci5,暂无
崇明,冀(冀),[空],ci5(tɕi³³),ci5,暂无
崇明,际(際),[空],ci5(tɕi³³),ci5,暂无
崇明,系(系),~鞋带,ci5(tɕi³³),ci5,暂无
崇明,贵(貴),价钱高的白读音,ci5(tɕi³³),ci5,暂无
崇明,区(區),白读,chi1(tɕʰi⁵⁵),chi1,暂无
崇明,趋(趨),[空],chi1(tɕʰi⁵⁵),chi1,暂无
崇明,蛆(蛆),[空],chi1(tɕʰi⁵⁵),chi1,暂无
崇明,妻(妻),[空],chi1(tɕʰi⁵⁵),chi1,暂无
崇明,凄(淒),[空],chi1(tɕʰi⁵⁵),chi1,暂无
崇明,溪(溪),[空],chi1(tɕʰi⁵⁵),chi1,暂无
崇明,欺(欺),[空],chi1(tɕʰi⁵⁵),chi1,暂无
崇明,栖(棲),[空],chi1(tɕʰi⁵⁵),chi1,暂无
崇明,奚(奚),文读,chi1(tɕʰi⁵⁵),chi1,暂无
崇明,驱(驅),[空],chi1(tɕʰi⁵⁵),chi1,暂无
崇明,起(起),[空],chi3(tɕʰi⁴²⁴),chi3,暂无
崇明,启(啟),[空],chi3(tɕʰi⁴²⁴),chi3,暂无
崇明,企(企),[空],chi3(tɕʰi⁴²⁴),chi3,暂无
崇明,弃(棄),[空],chi3(tɕʰi⁴²⁴),chi3,暂无
崇明,岂(豈),[空],chi3(tɕʰi⁴²⁴),chi3,暂无
崇明,砌(砌),[空],chi3(tɕʰi⁴²⁴),chi3,暂无
崇明,取(取),[空],chi3(tɕʰi⁴²⁴),chi3,暂无
崇明,娶(娶),[空],chi3(tɕʰi⁴²⁴),chi3,暂无
崇明,气(氣),[空],chi5(tɕʰi³³),chi5,暂无
崇明,汽(汽),[空],chi5(tɕʰi³³),chi5,暂无
崇明,器(器),[空],chi5(tɕʰi³³),chi5,暂无
崇明,契(契),~约,chi5(tɕʰi³³),chi5,暂无
崇明,去(去),文读,chi5(tɕʰi³³),chi5,暂无
崇明,期(期),时~,ji2(dʑi²⁴),ji2,暂无
崇明,其(其),及~,ji2(dʑi²⁴),ji2,暂无
崇明,旗(旗),[空],ji2(dʑi²⁴),ji2,暂无
崇明,棋(棋),[空],ji2(dʑi²⁴),ji2,暂无
崇明,歧(歧),[空],ji2(dʑi²⁴),ji2,暂无
崇明,岐(岐),[空],ji2(dʑi²⁴),ji2,暂无
崇明,骑(騎),[空],ji2(dʑi²⁴),ji2,暂无
崇明,奇(奇),~怪,ji2(dʑi²⁴),ji2,暂无
崇明,琪(琪),[空],ji2(dʑi²⁴),ji2,暂无
崇明,齐(齊),文读,ji2(dʑi²⁴),ji2,暂无
崇明,脐(臍),[空],ji2(dʑi²⁴),ji2,暂无
崇明,荠(薺),文读,ji2(dʑi²⁴),ji2,暂无
崇明,祁(祁),[空],ji2(dʑi²⁴),ji2,暂无
崇明,祈(祈),[空],ji2(dʑi²⁴),ji2,暂无
崇明,颀(頎),[空],ji2(dʑi²⁴),ji2,暂无
崇明,瞿(瞿),白读,ji2(dʑi²⁴),ji2,暂无
崇明,渠(渠),白读,ji2(dʑi²⁴),ji2,暂无
崇明,衢(衢),[空],ji2(dʑi²⁴),ji2,暂无
崇明,惧(懼),文读：~怕,ji2(dʑi²⁴),ji2,暂无
崇明,跪(跪),白读,ji4(dʑi²⁴²),ji4,暂无
崇明,聚(聚),文读,ji4(dʑi²⁴²),ji4,暂无
崇明,其(其),~他，~余,ji4(dʑi²⁴²),ji4,暂无
崇明,技(技),[空],ji6(dʑi³¹³),ji6,暂无
崇明,忌(忌),[空],ji6(dʑi³¹³),ji6,暂无
崇明,妓(妓),[空],ji6(dʑi³¹³),ji6,暂无
崇明,巨(巨),[空],ji6(dʑi³¹³),ji6,暂无
崇明,柜(櫃),白读,ji6(dʑi³¹³),ji6,暂无
崇明,序(序),[空],ji6(dʑi³¹³),ji6,暂无
崇明,叙(敘),[空],ji6(dʑi³¹³),ji6,暂无
崇明,绪(緒),[空],ji6(dʑi³¹³),ji6,暂无
崇明,薯(薯),[空],ji6(dʑi³¹³),ji6,暂无
崇明,曙(曙),[空],ji6(dʑi³¹³),ji6,暂无
崇明,署(署),[空],ji6(dʑi³¹³),ji6,暂无
崇明,惧(懼),~虐(敬畏),ji6(dʑi³¹³),ji6,暂无
崇明,你(你),文读,gni1(ʔȵi⁵⁵),gni1,暂无
崇明,腻(膩),油~(指食物油性大),gni1(ʔȵi⁵⁵),gni1,暂无
崇明,耳(耳),~线(缝衣针),gni1(ʔȵi⁵⁵),gni1,暂无
崇明,日(日),昨~头(昨天),gni1(ʔȵi⁵⁵),gni1,暂无
崇明,拟(擬),[空],gni3(ʔȵi⁴²⁴),gni3,暂无
崇明,尼(尼),[空],gni2(ɦȵi²⁴),gni2,暂无
崇明,呢(呢),~绒,gni2(ɦȵi²⁴),gni2,暂无
崇明,泥(泥),[空],gni2(ɦȵi²⁴),gni2,暂无
崇明,妮(妮),[空],gni2(ɦȵi²⁴),gni2,暂无
崇明,倪(倪),[空],gni2(ɦȵi²⁴),gni2,暂无
崇明,霓(霓),[空],gni2(ɦȵi²⁴),gni2,暂无
崇明,睨(睨),[空],gni2(ɦȵi²⁴),gni2,暂无
崇明,猊(猊),猫~(猫),gni2(ɦȵi²⁴),gni2,暂无
崇明,宜(宜),[空],gni2(ɦȵi²⁴),gni2,暂无
崇明,疑(疑),[空],gni2(ɦȵi²⁴),gni2,暂无
崇明,虞(虞),白读,gni2(ɦȵi²⁴),gni2,暂无
崇明,愚(愚),白读,gni2(ɦȵi²⁴),gni2,暂无
崇明,娱(娛),白读,gni2(ɦȵi²⁴),gni2,暂无
崇明,女(女),[空],gni4(ɦȵi²⁴²),gni4,暂无
崇明,入(入),~舍女婿,gni4(ɦȵi²⁴²),gni4,暂无
崇明,毅(毅),[空],gni6(ɦȵi³¹³),gni6,暂无
崇明,蚁(蟻),[空],gni6(ɦȵi³¹³),gni6,暂无
崇明,义(義),[空],gni6(ɦȵi³¹³),gni6,暂无
崇明,议(議),[空],gni6(ɦȵi³¹³),gni6,暂无
崇明,艺(藝),[空],gni6(ɦȵi³¹³),gni6,暂无
崇明,吃(吃),[空],gni6(ɦȵi³¹³),gni6,暂无
崇明,腻(膩),油~(指污垢),gni6(ɦȵi³¹³),gni6,暂无
崇明,诣(詣),[空],gni6(ɦȵi³¹³),gni6,暂无
崇明,谊(誼),[空],gni6(ɦȵi³¹³),gni6,暂无
崇明,二(二),也读数词两,gni6(ɦȵi³¹³),gni6,暂无
崇明,贰(貳),[空],gni6(ɦȵi³¹³),gni6,暂无
崇明,弍(弍),[空],gni6(ɦȵi³¹³),gni6,暂无
崇明,蕊(蕊),白读,gni6(ɦȵi³¹³),gni6,暂无
崇明,尾(尾),~巴,gni6(ɦȵi³¹³),gni6,暂无
崇明,耳(耳),~朵,gni6(ɦȵi³¹³),gni6,暂无
崇明,芋(芋),~艿(受艿字声母影响而致),gni6(ɦȵi³¹³),gni6,暂无
崇明,语(語),白读,gni6(ɦȵi³¹³),gni6,暂无
崇明,遇(遇),白读,gni6(ɦȵi³¹³),gni6,暂无
崇明,西(西),[空],shi1(ɕi⁵⁵),shi1,暂无
崇明,兮(兮),[空],shi1(ɕi⁵⁵),shi1,暂无
崇明,粞(粞),[空],shi1(ɕi⁵⁵),shi1,暂无
崇明,希(希),[空],shi1(ɕi⁵⁵),shi1,暂无
崇明,稀(稀),[空],shi1(ɕi⁵⁵),shi1,暂无
崇明,硒(硒),[空],shi1(ɕi⁵⁵),shi1,暂无
崇明,熙(熙),[空],shi1(ɕi⁵⁵),shi1,暂无
崇明,玺(璽),[空],shi1(ɕi⁵⁵),shi1,暂无
崇明,徙(徙),[空],shi1(ɕi⁵⁵),shi1,暂无
崇明,嘻(嘻),[空],shi1(ɕi⁵⁵),shi1,暂无
崇明,牺(犧),[空],shi1(ɕi⁵⁵),shi1,暂无
崇明,犀(犀),[空],shi1(ɕi⁵⁵),shi1,暂无
崇明,羲(羲),[空],shi1(ɕi⁵⁵),shi1,暂无
崇明,曦(曦),[空],shi1(ɕi⁵⁵),shi1,暂无
崇明,荠(薺),口语,shi1(ɕi⁵⁵),shi1,暂无
崇明,须(須),[空],shi1(ɕi⁵⁵),shi1,暂无
崇明,须(須),文读,shi1(ɕi⁵⁵),shi1,暂无
崇明,需(需),[空],shi1(ɕi⁵⁵),shi1,暂无
崇明,熹(熹),[空],shi1(ɕi⁵⁵),shi1,暂无
崇明,虚(虛),文读,shi1(ɕi⁵⁵),shi1,暂无
崇明,嘘(噓),[空],shi1(ɕi⁵⁵),shi1,暂无
崇明,墟(墟),文读,shi1(ɕi⁵⁵),shi1,暂无
崇明,诩(詡),[空],shi1(ɕi⁵⁵),shi1,暂无
崇明,煦(煦),[空],shi1(ɕi⁵⁵),shi1,暂无
崇明,喜(喜),[空],shi3(ɕi⁴²⁴),shi3,暂无
崇明,死(死),[空],shi3(ɕi⁴²⁴),shi3,暂无
崇明,许(許),允~,shi3(ɕi⁴²⁴),shi3,暂无
崇明,细(細),[空],shi5(ɕi³³),shi5,暂无
崇明,戏(戲),[空],shi5(ɕi³³),shi5,暂无
崇明,婿(婿),[空],shi5(ɕi³³),shi5,暂无
崇明,胥(胥),[空],shi5(ɕi³³),shi5,暂无
崇明,絮(絮),[空],shi5(ɕi³³),shi5,暂无
崇明,圾(圾),垃~,shi5(ɕi³³),shi5,暂无
崇明,脐(臍),白读,zhi2(ʑi²⁴),zhi2,暂无
崇明,齐(齊),白读,zhi2(ʑi²⁴),zhi2,暂无
崇明,徐(徐),[空],zhi2(ʑi²⁴),zhi2,暂无
崇明,聚(聚),白读,zhi4(ʑi²⁴²),zhi4,暂无
崇明,其(其),这，那；个：吉~(这个)，个~(那个),ki1(ki⁵⁵),ki1,暂无
崇明,唭(唭),你~：那要：呆郎子你~),ki1(ki⁵⁵),ki1,暂无
崇明,去(去),出~(连读调),khi1(kʰi⁵⁵),khi1,暂无
崇明,去(去),口语,khi5(kʰi³³),khi5,暂无
崇明,其(其),实~(这样),gi2(gi²⁴),gi2,暂无
崇明,以(以),~后,i1(i⁵⁵),i1,暂无
崇明,依(依),[空],i1(i⁵⁵),i1,暂无
崇明,倚(倚),[空],i1(i⁵⁵),i1,暂无
崇明,衣(衣),[空],i1(i⁵⁵),i1,暂无
崇明,医(醫),[空],i1(i⁵⁵),i1,暂无
崇明,懿(懿),[空],i1(i⁵⁵),i1,暂无
崇明,漪(漪),[空],i1(i⁵⁵),i1,暂无
崇明,椅(椅),~子,i1(i⁵⁵),i1,暂无
崇明,奚(奚),~家港(地名),i1(i⁵⁵),i1,暂无
崇明,意(意),~思,i1(i⁵⁵),i1,暂无
崇明,已(已),~经,i3(i⁴²⁴),i3,暂无
崇明,以(以),所~,i3(i⁴²⁴),i3,暂无
崇明,亿(億),[空],i5(i³³),i5,暂无
崇明,意(意),注~,i5(i³³),i5,暂无
崇明,忆(憶),[空],i5(i³³),i5,暂无
崇明,喂(喂),白读,i5(i³³),i5,暂无
崇明,鱼(魚),子~(凤尾鱼),i5(i³³),i5,暂无
崇明,仪(儀),[空],yi2(ɦi²⁴),yi2,暂无
崇明,移(移),[空],yi2(ɦi²⁴),yi2,暂无
崇明,怡(怡),[空],yi2(ɦi²⁴),yi2,暂无
崇明,夷(夷),[空],yi2(ɦi²⁴),yi2,暂无
崇明,遗(遺),[空],yi2(ɦi²⁴),yi2,暂无
崇明,咦(咦),语气词,yi2(ɦi²⁴),yi2,暂无
崇明,伊(伊),[空],yi2(ɦi²⁴),yi2,暂无
崇明,围(圍),~腰(围裙),yi2(ɦi²⁴),yi2,暂无
崇明,圩(圩),[空],yi2(ɦi²⁴),yi2,暂无
崇明,姨(姨),[空],yi2(ɦi²⁴),yi2,暂无
崇明,颐(頤),[空],yi2(ɦi²⁴),yi2,暂无
崇明,彝(彝),[空],yi2(ɦi²⁴),yi2,暂无
崇明,肄(肄),[空],yi2(ɦi²⁴),yi2,暂无
崇明,于(於),姓,yi2(ɦi²⁴),yi2,暂无
崇明,又(又),白读,yi4(ɦi²⁴²),yi4,暂无
崇明,雨(雨),白读,yi4(ɦi²⁴²),yi4,暂无
崇明,纬(緯),~纱(横向的纱),yi4(ɦi²⁴²),yi4,暂无
崇明,矣(矣),[空],yi4(ɦi²⁴²),yi4,暂无
崇明,翼(翼),[空],yi6(ɦi³¹³),yi6,暂无
崇明,易(易),容~,yi6(ɦi³¹³),yi6,暂无
崇明,异(異),[空],yi6(ɦi³¹³),yi6,暂无
崇明,勚(勩),[空],yi6(ɦi³¹³),yi6,暂无
崇明,系(系),[空],yi6(ɦi³¹³),yi6,暂无
崇明,系(系),[空],yi6(ɦi³¹³),yi6,暂无
崇明,咦(咦),表示惊异的语气,yi6(ɦi³¹³),yi6,暂无
崇明,预(預),~备,yi6(ɦi³¹³),yi6,暂无
崇明,裕(裕),富~,yi6(ɦi³¹³),yi6,暂无
崇明,芋(芋),番~(白薯),yi6(ɦi³¹³),yi6,暂无
崇明,鱼(魚),子~(凤尾鱼),yi6(ɦi³¹³),yi6,暂无
崇明,纬(緯),~纱(布机上横向的纱),yi6(ɦi³¹³),yi6,暂无
崇明,波(波),[空],pu1(pu⁵⁵),pu1,暂无
崇明,玻(玻),[空],pu1(pu⁵⁵),pu1,暂无
崇明,播(播),[空],pu3(pu⁴²⁴),pu3,暂无
崇明,谱(譜),老~说话(老一代传下来的话),pu3(pu⁴²⁴),pu3,暂无
崇明,补(補),[空],pu3(pu⁴²⁴),pu3,暂无
崇明,堡(堡),~镇(地名),pu3(pu⁴²⁴),pu3,暂无
崇明,簸(簸),[空],pu5(pu³³),pu5,暂无
崇明,怖(怖),[空],pu5(pu³³),pu5,暂无
崇明,铺(鋪),~路,phu1(pʰu⁵⁵),phu1,暂无
崇明,坡(坡),[空],phu1(pʰu⁵⁵),phu1,暂无
崇明,颇(頗),[空],phu1(pʰu⁵⁵),phu1,暂无
崇明,谱(譜),文读,phu3(pʰu⁴²⁴),phu3,暂无
崇明,普(普),[空],phu3(pʰu⁴²⁴),phu3,暂无
崇明,浦(浦),[空],phu3(pʰu⁴²⁴),phu3,暂无
崇明,铺(鋪),店~,phu5(pʰu³³),phu5,暂无
崇明,婆(婆),[空],bu2(bu²⁴),bu2,暂无
崇明,蒲(蒲),[空],bu2(bu²⁴),bu2,暂无
崇明,菩(菩),[空],bu2(bu²⁴),bu2,暂无
崇明,捕(捕),[空],bu2(bu²⁴),bu2,暂无
崇明,葡(葡),[空],bu2(bu²⁴),bu2,暂无
崇明,匍(匍),[空],bu2(bu²⁴),bu2,暂无
崇明,脯(脯),胸~,bu2(bu²⁴),bu2,暂无
崇明,薄(薄),~荷,bu4(bu²⁴²),bu4,暂无
崇明,伏(伏),直着坍下,bu4(bu²⁴²),bu4,暂无
崇明,部(部),[空],bu6(bu³¹³),bu6,暂无
崇明,簿(簿),[空],bu6(bu³¹³),bu6,暂无
崇明,步(步),[空],bu6(bu³¹³),bu6,暂无
崇明,埠(埠),[空],bu6(bu³¹³),bu6,暂无
崇明,伏(伏),~小鸡。《广韵》去声宥韵扶富切“鸟菢子”,bu6(bu³¹³),bu6,暂无
崇明,姆(姆),~~(称天主教修女),mu1(ʔmu⁵⁵),mu1,暂无
崇明,母(母),[空],mu3(ʔmu⁴²⁴),mu3,暂无
崇明,姆(姆),文读,mu3(ʔmu⁴²⁴),mu3,暂无
崇明,拇(拇),[空],mu3(ʔmu⁴²⁴),mu3,暂无
崇明,模(模),[空],mu2(ɦmu²⁴),mu2,暂无
崇明,磨(磨),~刀,mu2(ɦmu²⁴),mu2,暂无
崇明,膜(膜),泡沫,mu2(ɦmu²⁴),mu2,暂无
崇明,摹(摹),[空],mu2(ɦmu²⁴),mu2,暂无
崇明,谟(謨),[空],mu2(ɦmu²⁴),mu2,暂无
崇明,魔(魔),[空],mu2(ɦmu²⁴),mu2,暂无
崇明,摩(摩),[空],mu2(ɦmu²⁴),mu2,暂无
崇明,磨(磨),老人或幼儿用牙龈磨咬食物,mu4(ɦmu²⁴²),mu4,暂无
崇明,磨(磨),牵~(推磨),mu6(ɦmu³¹³),mu6,暂无
崇明,墓(墓),[空],mu6(ɦmu³¹³),mu6,暂无
崇明,幕(幕),[空],mu6(ɦmu³¹³),mu6,暂无
崇明,慕(慕),[空],mu6(ɦmu³¹³),mu6,暂无
崇明,暮(暮),[空],mu6(ɦmu³¹³),mu6,暂无
崇明,募(募),[空],mu6(ɦmu³¹³),mu6,暂无
崇明,夫(夫),[空],fu1(fu⁵⁵),fu1,暂无
崇明,夫(夫),[空],fu1(fu⁵⁵),fu1,暂无
崇明,肤(膚),[空],fu1(fu⁵⁵),fu1,暂无
崇明,孚(孚),[空],fu1(fu⁵⁵),fu1,暂无
崇明,敷(敷),[空],fu1(fu⁵⁵),fu1,暂无
崇明,俘(俘),[空],fu1(fu⁵⁵),fu1,暂无
崇明,趺(趺),[空],fu1(fu⁵⁵),fu1,暂无
崇明,麸(麩),[空],fu1(fu⁵⁵),fu1,暂无
崇明,抚(撫),[空],fu3(fu⁴²⁴),fu3,暂无
崇明,斧(斧),[空],fu3(fu⁴²⁴),fu3,暂无
崇明,釜(釜),[空],fu3(fu⁴²⁴),fu3,暂无
崇明,腑(腑),[空],fu3(fu⁴²⁴),fu3,暂无
崇明,俯(俯),[空],fu3(fu⁴²⁴),fu3,暂无
崇明,府(府),[空],fu3(fu⁴²⁴),fu3,暂无
崇明,辅(輔),[空],fu3(fu⁴²⁴),fu3,暂无
崇明,脯(脯),文读：果~,fu3(fu⁴²⁴),fu3,暂无
崇明,富(富),[空],fu5(fu³³),fu5,暂无
崇明,付(付),[空],fu5(fu³³),fu5,暂无
崇明,赴(赴),[空],fu5(fu³³),fu5,暂无
崇明,副(副),[空],fu5(fu³³),fu5,暂无
崇明,傅(傅),[空],fu5(fu³³),fu5,暂无
崇明,甫(甫),[空],fu5(fu³³),fu5,暂无
崇明,赋(賦),[空],fu5(fu³³),fu5,暂无
崇明,讣(訃),[空],fu5(fu³³),fu5,暂无
崇明,罘(罘),[空],fu5(fu³³),fu5,暂无
崇明,咐(咐),[空],fu5(fu³³),fu5,暂无
崇明,无(無),一无事体(没有任何事情),vu2(vu²⁴),vu2,暂无
崇明,芙(芙),[空],vu2(vu²⁴),vu2,暂无
崇明,凫(鳧),[空],vu2(vu²⁴),vu2,暂无
崇明,扶(扶),[空],vu2(vu²⁴),vu2,暂无
崇明,巫(巫),[空],vu2(vu²⁴),vu2,暂无
崇明,浮(浮),牙齿~(牙齿根部动摇),vu2(vu²⁴),vu2,暂无
崇明,舞(舞),[空],vu4(vu²⁴²),vu4,暂无
崇明,武(武),[空],vu4(vu²⁴²),vu4,暂无
崇明,无(無),文读,vu4(vu²⁴²),vu4,暂无
崇明,附(附),[空],vu6(vu³¹³),vu6,暂无
崇明,父(父),[空],vu6(vu³¹³),vu6,暂无
崇明,扶(扶),[空],vu6(vu³¹³),vu6,暂无
崇明,符(符),[空],vu6(vu³¹³),vu6,暂无
崇明,腐(腐),[空],vu6(vu³¹³),vu6,暂无
崇明,妇(婦),[空],vu6(vu³¹³),vu6,暂无
崇明,负(負),[空],vu6(vu³¹³),vu6,暂无
崇明,务(務),[空],vu6(vu³¹³),vu6,暂无
崇明,驸(駙),[空],vu6(vu³¹³),vu6,暂无
崇明,侮(侮),[空],vu6(vu³¹³),vu6,暂无
崇明,戊(戊),[空],vu6(vu³¹³),vu6,暂无
崇明,紨(紨),柴~：捆柴草、农作物的草绳,vu6(vu³¹³),vu6,暂无
崇明,多(多),~少,tu1(tu⁵⁵),tu1,暂无
崇明,都(都),[空],tu1(tu⁵⁵),tu1,暂无
崇明,嘟(嘟),[空],tu1(tu⁵⁵),tu1,暂无
崇明,朵(朵),[空],tu3(tu⁴²⁴),tu3,暂无
崇明,赌(賭),[空],tu3(tu⁴²⁴),tu3,暂无
崇明,堵(堵),[空],tu3(tu⁴²⁴),tu3,暂无
崇明,睹(睹),[空],tu3(tu⁴²⁴),tu3,暂无
崇明,肚(肚),鱼~,tu3(tu⁴²⁴),tu3,暂无
崇明,躲(躲),[空],tu3(tu⁴²⁴),tu3,暂无
崇明,垛(垛),[空],tu3(tu⁴²⁴),tu3,暂无
崇明,剁(剁),[空],tu3(tu⁴²⁴),tu3,暂无
崇明,妒(妒),[空],tu3(tu⁴²⁴),tu3,暂无
崇明,拖(拖),~拉,thu1(tʰu⁵⁵),thu1,暂无
崇明,兔(兔),[空],thu1(tʰu⁵⁵),thu1,暂无
崇明,土(土),[空],thu3(tʰu⁴²⁴),thu3,暂无
崇明,吐(吐),[空],thu3(tʰu⁴²⁴),thu3,暂无
崇明,妥(妥),[空],thu3(tʰu⁴²⁴),thu3,暂无
崇明,唾(唾),[空],thu3(tʰu⁴²⁴),thu3,暂无
崇明,椭(橢),[空],thu3(tʰu⁴²⁴),thu3,暂无
崇明,毻(毻),《集韵》去声过韵吐卧切,thu5(tʰu³³),thu5,暂无
崇明,蜕(蛻),《集韵》去声过韵吐卧切,thu5(tʰu³³),thu5,暂无
崇明,徒(徒),[空],du2(du²⁴),du2,暂无
崇明,图(圖),[空],du2(du²⁴),du2,暂无
崇明,涂(塗),[空],du2(du²⁴),du2,暂无
崇明,途(途),[空],du2(du²⁴),du2,暂无
崇明,屠(屠),[空],du2(du²⁴),du2,暂无
崇明,荼(荼),[空],du2(du²⁴),du2,暂无
崇明,沱(沱),[空],du2(du²⁴),du2,暂无
崇明,鸵(鴕),[空],du2(du²⁴),du2,暂无
崇明,陀(陀),[空],du2(du²⁴),du2,暂无
崇明,驼(駝),[空],du2(du²⁴),du2,暂无
崇明,驮(馱),[空],du2(du²⁴),du2,暂无
崇明,跎(跎),[空],du2(du²⁴),du2,暂无
崇明,酡(酡),[空],du2(du²⁴),du2,暂无
崇明,舵(舵),文读,du2(du²⁴),du2,暂无
崇明,堕(墮),~落,du2(du²⁴),du2,暂无
崇明,杜(杜),~想(自己想),du4(du²⁴²),du4,暂无
崇明,惰(惰),懒~,du4(du²⁴²),du4,暂无
崇明,嶞(嶞),趴在人背上或其他物体上，《广韵》上声果韵徒果切“山高”,du4(du²⁴²),du4,暂无
崇明,度(度),过~,du6(du³¹³),du6,暂无
崇明,渡(渡),[空],du6(du³¹³),du6,暂无
崇明,大(大),~小,du6(du³¹³),du6,暂无
崇明,肚(肚),~皮(肚子),du6(du³¹³),du6,暂无
崇明,努(努),[空],nu3(ʔnu⁴²⁴),nu3,暂无
崇明,奴(奴),~隶,nu2(ɦnu²⁴),nu2,暂无
崇明,弩(弩),[空],nu2(ɦnu²⁴),nu2,暂无
崇明,驽(駑),[空],nu2(ɦnu²⁴),nu2,暂无
崇明,帑(帑),[空],nu2(ɦnu²⁴),nu2,暂无
崇明,驽(駑),[空],nu2(ɦnu²⁴),nu2,暂无
崇明,胬(胬),[空],nu2(ɦnu²⁴),nu2,暂无
崇明,奴(奴),自称,nu4(ɦnu²⁴²),nu4,暂无
崇明,呶(呶),没有牙齿时用牙龈磨咬,nu4(ɦnu²⁴²),nu4,暂无
崇明,怒(怒),[空],nu6(ɦnu³¹³),nu6,暂无
崇明,糯(糯),[空],nu6(ɦnu³¹³),nu6,暂无
崇明,撸(擼),抚摸,lu1(ʔlu⁵⁵),lu1,暂无
崇明,噜(嚕),~苏,lu1(ʔlu⁵⁵),lu1,暂无
崇明,啰(囉),~嗦,lu1(ʔlu⁵⁵),lu1,暂无
崇明,虏(虜),俘~,lu1(ʔlu⁵⁵),lu1,暂无
崇明,鲁(魯),[空],lu3(ʔlu⁴²⁴),lu3,暂无
崇明,卵(卵),文读，读上声果韵郎果切,lu3(ʔlu⁴²⁴),lu3,暂无
崇明,掳(擄),[空],lu3(ʔlu⁴²⁴),lu3,暂无
崇明,罗(羅),[空],lu2(ɦlu²⁴),lu2,暂无
崇明,骡(騾),[空],lu2(ɦlu²⁴),lu2,暂无
崇明,螺(螺),[空],lu2(ɦlu²⁴),lu2,暂无
崇明,裸(裸),[空],lu2(ɦlu²⁴),lu2,暂无
崇明,萝(蘿),[空],lu2(ɦlu²⁴),lu2,暂无
崇明,锣(鑼),[空],lu2(ɦlu²⁴),lu2,暂无
崇明,逻(邏),[空],lu2(ɦlu²⁴),lu2,暂无
崇明,箩(籮),[空],lu2(ɦlu²⁴),lu2,暂无
崇明,漯(漯),[空],lu2(ɦlu²⁴),lu2,暂无
崇明,脶(腡),[空],lu2(ɦlu²⁴),lu2,暂无
崇明,卢(盧),[空],lu2(ɦlu²⁴),lu2,暂无
崇明,芦(蘆),[空],lu2(ɦlu²⁴),lu2,暂无
崇明,庐(廬),[空],lu2(ɦlu²⁴),lu2,暂无
崇明,炉(爐),[空],lu2(ɦlu²⁴),lu2,暂无
崇明,鲈(鱸),[空],lu2(ɦlu²⁴),lu2,暂无
崇明,颅(顱),[空],lu2(ɦlu²⁴),lu2,暂无
崇明,鸬(鸕),[空],lu2(ɦlu²⁴),lu2,暂无
崇明,泸(瀘),[空],lu2(ɦlu²⁴),lu2,暂无
崇明,橹(櫓),[空],lu4(ɦlu²⁴²),lu4,暂无
崇明,卤(鹵),[空],lu4(ɦlu²⁴²),lu4,暂无
崇明,路(路),[空],lu6(ɦlu³¹³),lu6,暂无
崇明,潞(潞),[空],lu6(ɦlu³¹³),lu6,暂无
崇明,露(露),[空],lu6(ɦlu³¹³),lu6,暂无
崇明,璐(璐),[空],lu6(ɦlu³¹³),lu6,暂无
崇明,鹭(鷺),[空],lu6(ɦlu³¹³),lu6,暂无
崇明,赂(賂),[空],lu6(ɦlu³¹³),lu6,暂无
崇明,租(租),[空],tsu1(tsu⁵⁵),tsu1,暂无
崇明,组(組),[空],tsu3(tsu⁴²⁴),tsu3,暂无
崇明,祖(祖),[空],tsu3(tsu⁴²⁴),tsu3,暂无
崇明,阻(阻),[空],tsu3(tsu⁴²⁴),tsu3,暂无
崇明,诅(詛),[空],tsu3(tsu⁴²⁴),tsu3,暂无
崇明,左(左),文读,tsu3(tsu⁴²⁴),tsu3,暂无
崇明,佐(佐),[空],tsu3(tsu⁴²⁴),tsu3,暂无
崇明,沮(沮),[空],tsu3(tsu⁴²⁴),tsu3,暂无
崇明,狙(狙),[空],tsu3(tsu⁴²⁴),tsu3,暂无
崇明,做(做),[空],tsu5(tsu³³),tsu5,暂无
崇明,粗(粗),[空],tshu1(tsʰu⁵⁵),tshu1,暂无
崇明,初(初),[空],tshu1(tsʰu⁵⁵),tshu1,暂无
崇明,楚(楚),[空],tshu1(tsʰu⁵⁵),tshu1,暂无
崇明,搓(搓),~绳,tshu1(tsʰu⁵⁵),tshu1,暂无
崇明,础(礎),[空],tshu3(tsʰu⁴²⁴),tshu3,暂无
崇明,措(措),[空],tshu3(tsʰu⁴²⁴),tshu3,暂无
崇明,挫(挫),[空],tshu3(tsʰu⁴²⁴),tshu3,暂无
崇明,锉(銼),[空],tshu5(tsʰu³³),tshu5,暂无
崇明,错(錯),~误,tshu5(tsʰu³³),tshu5,暂无
崇明,醋(醋),[空],tshu5(tsʰu³³),tshu5,暂无
崇明,雏(雛),[空],dzu2(dzu²⁴),dzu2,暂无
崇明,锄(鋤),文读,dzu2(dzu²⁴),dzu2,暂无
崇明,刍(芻),[空],dzu2(dzu²⁴),dzu2,暂无
崇明,助(助),[空],dzu6(dzu³¹³),dzu6,暂无
崇明,苏(蘇),[空],su1(su⁵⁵),su1,暂无
崇明,酥(酥),[空],su1(su⁵⁵),su1,暂无
崇明,须(須),~牙(胡须),su1(su⁵⁵),su1,暂无
崇明,梭(梭),[空],su1(su⁵⁵),su1,暂无
崇明,唆(唆),[空],su1(su⁵⁵),su1,暂无
崇明,睃(睃),瞧，探望,su1(su⁵⁵),su1,暂无
崇明,疏(疏),~远,su1(su⁵⁵),su1,暂无
崇明,梳(梳),~妆台,su1(su⁵⁵),su1,暂无
崇明,蔬(蔬),[空],su1(su⁵⁵),su1,暂无
崇明,稣(穌),[空],su1(su⁵⁵),su1,暂无
崇明,苏(蘇),[空],su1(su⁵⁵),su1,暂无
崇明,蓑(蓑),[空],su1(su⁵⁵),su1,暂无
崇明,所(所),~以,su1(su⁵⁵),su1,暂无
崇明,锁(鎖),[空],su3(su⁴²⁴),su3,暂无
崇明,琐(瑣),[空],su3(su⁴²⁴),su3,暂无
崇明,唢(嗩),[空],su3(su⁴²⁴),su3,暂无
崇明,数(數),动词,su3(su⁴²⁴),su3,暂无
崇明,所(所),厕~,su3(su⁴²⁴),su3,暂无
崇明,素(素),[空],su5(su³³),su5,暂无
崇明,诉(訴),[空],su5(su³³),su5,暂无
崇明,塑(塑),泥~木雕,su5(su³³),su5,暂无
崇明,数(數),~目,su5(su³³),su5,暂无
崇明,殂(殂),《广韵》平声模韵昨胡切：死也,zu2(zu²⁴),zu2,暂无
崇明,坐(坐),[空],zu4(zu²⁴²),zu4,暂无
崇明,座(座),[空],zu4(zu²⁴²),zu4,暂无
崇明,蜗(蝸),~牛,ku1(ku⁵⁵),ku1,暂无
崇明,哥(哥),[空],ku1(ku⁵⁵),ku1,暂无
崇明,歌(歌),[空],ku1(ku⁵⁵),ku1,暂无
崇明,戈(戈),[空],ku1(ku⁵⁵),ku1,暂无
崇明,个(個),~数(数目字)；~半(一个半)；一~~把(个把，才一个),ku1(ku⁵⁵),ku1,暂无
崇明,过(過),超~,ku1(ku⁵⁵),ku1,暂无
崇明,锅(鍋),[空],ku1(ku⁵⁵),ku1,暂无
崇明,埚(堝),[空],ku1(ku⁵⁵),ku1,暂无
崇明,孤(孤),[空],ku1(ku⁵⁵),ku1,暂无
崇明,鸪(鴣),文读,ku1(ku⁵⁵),ku1,暂无
崇明,估(估),[空],ku1(ku⁵⁵),ku1,暂无
崇明,沽(沽),[空],ku1(ku⁵⁵),ku1,暂无
崇明,箍(箍),~桶,ku1(ku⁵⁵),ku1,暂无
崇明,姑(姑),[空],ku1(ku⁵⁵),ku1,暂无
崇明,菇(菇),[空],ku1(ku⁵⁵),ku1,暂无
崇明,菰(菰),[空],ku1(ku⁵⁵),ku1,暂无
崇明,辜(辜),[空],ku1(ku⁵⁵),ku1,暂无
崇明,咕(咕),~~叫,ku1(ku⁵⁵),ku1,暂无
崇明,牯(牯),[空],ku3(ku⁴²⁴),ku3,暂无
崇明,贾(賈),商~,ku3(ku⁴²⁴),ku3,暂无
崇明,诂(詁),[空],ku3(ku⁴²⁴),ku3,暂无
崇明,崮(崮),[空],ku3(ku⁴²⁴),ku3,暂无
崇明,瞽(瞽),[空],ku3(ku⁴²⁴),ku3,暂无
崇明,蛊(蠱),[空],ku3(ku⁴²⁴),ku3,暂无
崇明,股(股),[空],ku3(ku⁴²⁴),ku3,暂无
崇明,臌(臌),[空],ku3(ku⁴²⁴),ku3,暂无
崇明,古(古),[空],ku3(ku⁴²⁴),ku3,暂无
崇明,果(果),[空],ku3(ku⁴²⁴),ku3,暂无
崇明,裹(裹),[空],ku3(ku⁴²⁴),ku3,暂无
崇明,故(故),缘~,ku3(ku⁴²⁴),ku3,暂无
崇明,鸪(鴣),别~(口语指布谷鸟),ku3(ku⁴²⁴),ku3,暂无
崇明,个(個),~别；原~子(整个儿),ku5(ku³³),ku5,暂无
崇明,顾(顧),[空],ku5(ku³³),ku5,暂无
崇明,过(過),~年,ku5(ku³³),ku5,暂无
崇明,酤(酤),[空],ku5(ku³³),ku5,暂无
崇明,固(固),[空],ku5(ku³³),ku5,暂无
崇明,雇(雇),[空],ku5(ku³³),ku5,暂无
崇明,故(故),事~,ku5(ku³³),ku5,暂无
崇明,科(科),[空],khu1(kʰu⁵⁵),khu1,暂无
崇明,蝌(蝌),[空],khu1(kʰu⁵⁵),khu1,暂无
崇明,柯(柯),[空],khu1(kʰu⁵⁵),khu1,暂无
崇明,苛(苛),[空],khu1(kʰu⁵⁵),khu1,暂无
崇明,珂(珂),[空],khu1(kʰu⁵⁵),khu1,暂无
崇明,轲(軻),[空],khu1(kʰu⁵⁵),khu1,暂无
崇明,牁(牁),[空],khu1(kʰu⁵⁵),khu1,暂无
崇明,棵(棵),[空],khu1(kʰu⁵⁵),khu1,暂无
崇明,窠(窠),[空],khu1(kʰu⁵⁵),khu1,暂无
崇明,稞(稞),[空],khu1(kʰu⁵⁵),khu1,暂无
崇明,颗(顆),[空],khu1(kʰu⁵⁵),khu1,暂无
崇明,库(庫),仓~,khu1(kʰu⁵⁵),khu1,暂无
崇明,枯(枯),[空],khu1(kʰu⁵⁵),khu1,暂无
崇明,骷(骷),[空],khu1(kʰu⁵⁵),khu1,暂无
崇明,箍(箍),~锭(把纸钱扎在一起),khu1(kʰu⁵⁵),khu1,暂无
崇明,苦(苦),[空],khu3(kʰu⁴²⁴),khu3,暂无
崇明,可(可),[空],khu3(kʰu⁴²⁴),khu3,暂无
崇明,课(課),[空],khu5(kʰu³³),khu5,暂无
崇明,库(庫),扎纸~(烧给死者的房子等家用物品叫库),khu5(kʰu³³),khu5,暂无
崇明,裤(褲),棉~,khu5(kʰu³³),khu5,暂无
崇明,咕(咕),形容词词尾：活~~(鼓胀的样子),gu4(gu²⁴²),gu4,暂无
崇明,呼(呼),[空],hu1(hu⁵⁵),hu1,暂无
崇明,乎(乎),之~者也,hu1(hu⁵⁵),hu1,暂无
崇明,呵(呵),~斥,hu1(hu⁵⁵),hu1,暂无
崇明,呵(呵),呀~嗨,hu1(hu⁵⁵),hu1,暂无
崇明,伙(夥),小~子(男青年),hu1(hu⁵⁵),hu1,暂无
崇明,虎(虎),马~,hu1(hu⁵⁵),hu1,暂无
崇明,浒(滸),[空],hu3(hu⁴²⁴),hu3,暂无
崇明,虎(虎),[空],hu3(hu⁴²⁴),hu3,暂无
崇明,唬(唬),[空],hu3(hu⁴²⁴),hu3,暂无
崇明,戽(戽),[空],hu3(hu⁴²⁴),hu3,暂无
崇明,伙(夥),~计,hu3(hu⁴²⁴),hu3,暂无
崇明,火(火),[空],hu3(hu⁴²⁴),hu3,暂无
崇明,脯(脯),鱼~,hu3(hu⁴²⁴),hu3,暂无
崇明,货(貨),[空],hu5(hu³³),hu5,暂无
崇明,荷(荷),薄~,hu5(hu³³),hu5,暂无
崇明,和(和),~气,ghu2(hɦu²⁴),ghu2,暂无
崇明,河(河),[空],ghu2(hɦu²⁴),ghu2,暂无
崇明,禾(禾),[空],ghu2(hɦu²⁴),ghu2,暂无
崇明,何(何),姓,ghu2(hɦu²⁴),ghu2,暂无
崇明,荷(荷),~花,ghu2(hɦu²⁴),ghu2,暂无
崇明,龢(龢),[空],ghu2(hɦu²⁴),ghu2,暂无
崇明,祸(禍),[空],ghu4(hɦu²⁴²),ghu4,暂无
崇明,贺(賀),[空],ghu6(hɦu³¹³),ghu6,暂无
崇明,和(和),~勒一淘(混在一起),ghu6(hɦu³¹³),ghu6,暂无
崇明,乌(烏),[空],u1(u⁵⁵),u1,暂无
崇明,钨(鎢),[空],u1(u⁵⁵),u1,暂无
崇明,坞(塢),[空],u1(u⁵⁵),u1,暂无
崇明,邬(鄔),[空],u1(u⁵⁵),u1,暂无
崇明,呜(嗚),[空],u1(u⁵⁵),u1,暂无
崇明,五(五),文读,u1(u⁵⁵),u1,暂无
崇明,乎(乎),弗在~,u1(u⁵⁵),u1,暂无
崇明,污(汙),[空],u1(u⁵⁵),u1,暂无
崇明,恶(惡),厌~,u1(u⁵⁵),u1,暂无
崇明,倭(倭),[空],u1(u⁵⁵),u1,暂无
崇明,涡(渦),旋~,u1(u⁵⁵),u1,暂无
崇明,毋(毋),[空],u1(u⁵⁵),u1,暂无
崇明,恶(惡),粪,u5(u³³),u5,暂无
崇明,莴(萵),~笋,u5(u³³),u5,暂无
崇明,捂(捂),[空],u5(u³³),u5,暂无
崇明,户(戶),~槛(门坎),u5(u³³),u5,暂无
崇明,吴(吳),~越,wu2(ɦu²⁴),wu2,暂无
崇明,胡(胡),[空],wu2(ɦu²⁴),wu2,暂无
崇明,胡(胡),[空],wu2(ɦu²⁴),wu2,暂无
崇明,糊(糊),[空],wu2(ɦu²⁴),wu2,暂无
崇明,蝴(蝴),[空],wu2(ɦu²⁴),wu2,暂无
崇明,葫(葫),[空],wu2(ɦu²⁴),wu2,暂无
崇明,猢(猢),[空],wu2(ɦu²⁴),wu2,暂无
崇明,湖(湖),[空],wu2(ɦu²⁴),wu2,暂无
崇明,扈(扈),[空],wu2(ɦu²⁴),wu2,暂无
崇明,沪(滬),[空],wu2(ɦu²⁴),wu2,暂无
崇明,狐(狐),[空],wu2(ɦu²⁴),wu2,暂无
崇明,壶(壺),[空],wu2(ɦu²⁴),wu2,暂无
崇明,垩(堊),[空],wu2(ɦu²⁴),wu2,暂无
崇明,讹(訛),以~传~,wu2(ɦu²⁴),wu2,暂无
崇明,户(戶),[空],wu6(ɦu³¹³),wu6,暂无
崇明,伍(伍),队~,wu6(ɦu³¹³),wu6,暂无
崇明,互(互),[空],wu6(ɦu³¹³),wu6,暂无
崇明,护(護),[空],wu6(ɦu³¹³),wu6,暂无
崇明,误(誤),[空],wu6(ɦu³¹³),wu6,暂无
崇明,午(午),[空],wu6(ɦu³¹³),wu6,暂无
崇明,居(居),文读,ciu1(tɕy⁵⁵),ciu1,暂无
崇明,车(車),~马炮,ciu1(tɕy⁵⁵),ciu1,暂无
崇明,驹(駒),[空],ciu1(tɕy⁵⁵),ciu1,暂无
崇明,锯(鋸),文读,ciu1(tɕy⁵⁵),ciu1,暂无
崇明,踞(踞),[空],ciu1(tɕy⁵⁵),ciu1,暂无
崇明,疽(疽),[空],ciu1(tɕy⁵⁵),ciu1,暂无
崇明,矩(矩),~形,ciu1(tɕy⁵⁵),ciu1,暂无
崇明,句(句),[空],ciu5(tɕy³³),ciu5,暂无
崇明,矩(矩),规~,ciu5(tɕy³³),ciu5,暂无
崇明,据(據),[空],ciu5(tɕy³³),ciu5,暂无
崇明,举(舉),[空],ciu5(tɕy³³),ciu5,暂无
崇明,躯(軀),[空],chiu1(tɕʰy⁵⁵),chiu1,暂无
崇明,觑(覷),[空],chiu1(tɕʰy⁵⁵),chiu1,暂无
崇明,区(區),文读,chiu1(tɕʰy⁵⁵),chiu1,暂无
崇明,去(去),文读,chiu5(tɕʰy³³),chiu5,暂无
崇明,惧(懼),[空],jiu2(dʑy²⁴),jiu2,暂无
崇明,瞿(瞿),[空],jiu2(dʑy²⁴),jiu2,暂无
崇明,衢(衢),[空],jiu2(dʑy²⁴),jiu2,暂无
崇明,渠(渠),[空],jiu2(dʑy²⁴),jiu2,暂无
崇明,聚(聚),文读,jiu4(dʑy²⁴²),jiu4,暂无
崇明,屿(嶼),文读,jiu4(dʑy²⁴²),jiu4,暂无
崇明,巨(巨),[空],jiu6(dʑy³¹³),jiu6,暂无
崇明,距(距),[空],jiu6(dʑy³¹³),jiu6,暂无
崇明,具(具),[空],jiu6(dʑy³¹³),jiu6,暂无
崇明,俱(俱),[空],jiu6(dʑy³¹³),jiu6,暂无
崇明,炬(炬),[空],jiu6(dʑy³¹³),jiu6,暂无
崇明,拒(拒),[空],jiu6(dʑy³¹³),jiu6,暂无
崇明,飓(颶),[空],jiu6(dʑy³¹³),jiu6,暂无
崇明,鉅(钜),[空],jiu6(dʑy³¹³),jiu6,暂无
崇明,柩(柩),文读,jiu6(dʑy³¹³),jiu6,暂无
崇明,虞(虞),文读,gniu2(ɦȵy²⁴),gniu2,暂无
崇明,愚(愚),文读,gniu2(ɦȵy²⁴),gniu2,暂无
崇明,娱(娛),文读,gniu2(ɦȵy²⁴),gniu2,暂无
崇明,寓(寓),~言,gniu2(ɦȵy²⁴),gniu2,暂无
崇明,女(女),文读,gniu4(ɦȵy²⁴²),gniu4,暂无
崇明,遇(遇),文读,gniu6(ɦȵy³¹³),gniu6,暂无
崇明,语(語),文读,gniu6(ɦȵy³¹³),gniu6,暂无
崇明,虚(虛),文读,shiu1(ɕy⁵⁵),shiu1,暂无
崇明,墟(墟),文读,shiu1(ɕy⁵⁵),shiu1,暂无
崇明,嘘(噓),给小儿把尿时发的声音,shiu1(ɕy⁵⁵),shiu1,暂无
崇明,许(許),文读,shiu3(ɕy⁴²⁴),shiu3,暂无
崇明,瘀(瘀),[空],iu1(y⁵⁵),iu1,暂无
崇明,淤(淤),[空],iu1(y⁵⁵),iu1,暂无
崇明,羽(羽),[空],iu3(y⁴²⁴),iu3,暂无
崇明,予(予),[空],iu3(y⁴²⁴),iu3,暂无
崇明,与(與),[空],iu5(y³³),iu5,暂无
崇明,于(於),[空],iu5(y³³),iu5,暂无
崇明,禹(禹),[空],iu5(y³³),iu5,暂无
崇明,于(於),在~,iu5(y³³),iu5,暂无
崇明,余(餘),文读,yu2(ɦy²⁴),yu2,暂无
崇明,余(餘),文读,yu2(ɦy²⁴),yu2,暂无
崇明,玙(璵),王鲁~镇(口语“鲈鱼镇”),yu2(ɦy²⁴),yu2,暂无
崇明,于(於),姓,yu2(ɦy²⁴),yu2,暂无
崇明,余(餘),[空],yu2(ɦy²⁴),yu2,暂无
崇明,逾(逾),[空],yu2(ɦy²⁴),yu2,暂无
崇明,俞(俞),[空],yu2(ɦy²⁴),yu2,暂无
崇明,踰(踰),[空],yu2(ɦy²⁴),yu2,暂无
崇明,愈(愈),[空],yu2(ɦy²⁴),yu2,暂无
崇明,鱼(魚),文读,yu2(ɦy²⁴),yu2,暂无
崇明,渝(渝),[空],yu2(ɦy²⁴),yu2,暂无
崇明,瑜(瑜),[空],yu2(ɦy²⁴),yu2,暂无
崇明,雨(雨),文读,yu4(ɦy²⁴²),yu4,暂无
崇明,于(於),~是,yu4(ɦy²⁴²),yu4,暂无
崇明,预(預),文读,yu6(ɦy³¹³),yu6,暂无
崇明,裕(裕),文读,yu6(ɦy³¹³),yu6,暂无
崇明,宇(宇),[空],yu6(ɦy³¹³),yu6,暂无
崇明,御(禦),[空],yu6(ɦy³¹³),yu6,暂无
崇明,豫(豫),[空],yu6(ɦy³¹³),yu6,暂无
崇明,喻(喻),文读,yu6(ɦy³¹³),yu6,暂无
崇明,爸(爸),[空],pa1(pɑ⁵⁵),pa1,暂无
崇明,摆(擺),白读,pa3(pɑ⁴²⁴),pa3,暂无
崇明,襬(襬),下~,pa3(pɑ⁴²⁴),pa3,暂无
崇明,拜(拜),白读,pa5(pɑ³³),pa5,暂无
崇明,派(派),~司牌(扑克牌),pha1(pʰɑ⁵⁵),pha1,暂无
崇明,派(派),白读,pha5(pʰɑ³³),pha5,暂无
崇明,牌(牌),[空],ba2(bɑ²⁴),ba2,暂无
崇明,排(排),白读,ba2(bɑ²⁴),ba2,暂无
崇明,排(排),~人(拉人),ba2(bɑ²⁴),ba2,暂无
崇明,罢(罷),~得(可以不去),ba4(bɑ²⁴²),ba4,暂无
崇明,败(敗),白读,ba6(bɑ³¹³),ba6,暂无
崇明,稗(稗),[空],ba6(bɑ³¹³),ba6,暂无
崇明,妈(媽),[空],ma1(ʔmɑ⁵⁵),ma1,暂无
崇明,马(馬),~虎,ma1(ʔmɑ⁵⁵),ma1,暂无
崇明,埋(埋),白读,ma2(ɦmɑ²⁴),ma2,暂无
崇明,买(買),白读,ma4(ɦmɑ²⁴²),ma4,暂无
崇明,卖(賣),白读,ma6(ɦmɑ³¹³),ma6,暂无
崇明,多(多),口语：多时,ta1(tɑ⁵⁵),ta1,暂无
崇明,带(帶),白读,ta5(tɑ³³),ta5,暂无
崇明,戴(戴),口语：~帽子,ta5(tɑ³³),ta5,暂无
崇明,拖(拖),口语：~尾巴,tha1(tʰɑ⁵⁵),tha1,暂无
崇明,太(太),口语：~太,tha1(tʰɑ⁵⁵),tha1,暂无
崇明,泰(泰),白读,tha5(tʰɑ³³),tha5,暂无
崇明,太(太),口语：老太~,tha5(tʰɑ³³),tha5,暂无
崇明,驮(馱),挪动，移动；挪借,da2(dɑ²⁴),da2,暂无
崇明,舵(舵),口语，车、船等因重心不稳而晃动,da4(dɑ²⁴²),da4,暂无
崇明,大(大),~麦,da6(dɑ³¹³),da6,暂无
崇明,汏(汏),《广韵》去声豪韵徒盖切“涛汏，说文曰渐㶕也”,da6(dɑ³¹³),da6,暂无
崇明,那(那),文读,na1(ʔnɑ⁵⁵),na1,暂无
崇明,奶(奶),儿语：奶~(乳头；乳汁),na1(ʔnɑ⁵⁵),na1,暂无
崇明,奶(奶),儿语：奶~(乳头；乳汁),na3(ʔnɑ⁴²⁴),na3,暂无
崇明,挪(挪),[空],na2(ɦnɑ²⁴),na2,暂无
崇明,哪(哪),文读,na4(ɦnɑ²⁴²),na4,暂无
崇明,奶(奶),白读,na4(ɦnɑ²⁴²),na4,暂无
崇明,艿(艿),白读,na4(ɦnɑ²⁴²),na4,暂无
崇明,拉(拉),[空],la1(ʔlɑ⁵⁵),la1,暂无
崇明,垃(垃),文读：~圾,la1(ʔlɑ⁵⁵),la1,暂无
崇明,拉(拉),~馋：流口水,la2(ɦlɑ²⁴),la2,暂无
崇明,拉(拉),嚎哭的声音：~两声(哭几声),la2(ɦlɑ²⁴),la2,暂无
崇明,垃(垃),~圾,la2(ɦlɑ²⁴),la2,暂无
崇明,喇(喇),~叭,la2(ɦlɑ²⁴),la2,暂无
崇明,攋(攋),用手指爪爪。《集韵》上声骇韵洛骇切：把攋“,la4(ɦlɑ²⁴²),la4,暂无
崇明,哪(哪),口语：~墩(哪里),la4(ɦlɑ²⁴²),la4,暂无
崇明,赖(賴),口语：~皮,la6(ɦlɑ³¹³),la6,暂无
崇明,癞(癩),~沟把(癞蛤蟆),la6(ɦlɑ³¹³),la6,暂无
崇明,斋(齋),[空],tsa1(tsɑ⁵⁵),tsa1,暂无
崇明,抓(抓),~住,tsa1(tsɑ⁵⁵),tsa1,暂无
崇明,爪(爪),用脚趾扎住地面,tsa3(tsɑ⁴²⁴),tsa3,暂无
崇明,债(債),[空],tsa5(tsɑ³³),tsa5,暂无
崇明,差(差),~使,tsha1(tsʰɑ⁵⁵),tsha1,暂无
崇明,扯(扯),撕~,tsha1(tsʰɑ⁵⁵),tsha1,暂无
崇明,扯(扯),平均分开,tsha3(tsʰɑ⁴²⁴),tsha3,暂无
崇明,菜(菜),口语：~烟(土制的旱烟),tsha3(tsʰɑ⁴²⁴),tsha3,暂无
崇明,蔡(蔡),[空],tsha5(tsʰɑ³³),tsha5,暂无
崇明,绰(綽),~号,tsha5(tsʰɑ³³),tsha5,暂无
崇明,射(射),坐时臀部往后突出,dza4(dzɑ²⁴²),dza4,暂无
崇明,射(射),大小便的动作,dza6(dzɑ³¹³),dza6,暂无
崇明,筛(篩),[空],sa1(sɑ⁵⁵),sa1,暂无
崇明,洒(灑),[空],sa3(sɑ⁴²⁴),sa3,暂无
崇明,傻(傻),[空],sa3(sɑ⁴²⁴),sa3,暂无
崇明,啥(啥),[空],sa5(sɑ³³),sa5,暂无
崇明,柴(柴),[空],za2(zɑ²⁴),za2,暂无
崇明,惹(惹),[空],za4(zɑ²⁴²),za4,暂无
崇明,麝(麝),~香,za6(zɑ³¹³),za6,暂无
崇明,射(射),秋~~(形容秋天的细雨),za6(zɑ³¹³),za6,暂无
崇明,家(家),白读,ka1(kɑ⁵⁵),ka1,暂无
崇明,加(加),白读,ka1(kɑ⁵⁵),ka1,暂无
崇明,皆(皆),白读,ka1(kɑ⁵⁵),ka1,暂无
崇明,街(街),[空],ka1(kɑ⁵⁵),ka1,暂无
崇明,阶(階),[空],ka1(kɑ⁵⁵),ka1,暂无
崇明,嘉(嘉),~定(地名),ka1(kɑ⁵⁵),ka1,暂无
崇明,枷(枷),白读,ka1(kɑ⁵⁵),ka1,暂无
崇明,假(假),真~,ka3(kɑ⁴²⁴),ka3,暂无
崇明,解(解),解一个结,ka3(kɑ⁴²⁴),ka3,暂无
崇明,戒(戒),白读,ka3(kɑ⁴²⁴),ka3,暂无
崇明,假(假),请~,ka5(kɑ³³),ka5,暂无
崇明,架(架),白读,ka5(kɑ³³),ka5,暂无
崇明,嫁(嫁),白读,ka5(kɑ³³),ka5,暂无
崇明,价(價),白读,ka5(kɑ³³),ka5,暂无
崇明,解(解),押解,ka5(kɑ³³),ka5,暂无
崇明,介(介),白读,ka5(kɑ³³),ka5,暂无
崇明,界(界),白读,ka5(kɑ³³),ka5,暂无
崇明,届(屆),白读,ka5(kɑ³³),ka5,暂无
崇明,尬(尬),尴~,ka5(kɑ³³),ka5,暂无
崇明,咖(咖),~啡,kha1(kʰɑ⁵⁵),kha1,暂无
崇明,楷(楷),大~小~,kha1(kʰɑ⁵⁵),kha1,暂无
崇明,揩(揩),[空],kha1(kʰɑ⁵⁵),kha1,暂无
崇明,卡(卡),卡片,kha1(kʰɑ⁵⁵),kha1,暂无
崇明,卡(卡),~住,kha3(kʰɑ⁴²⁴),kha3,暂无
崇明,快(快),~活,kha3(kʰɑ⁴²⁴),kha3,暂无
崇明,茄(茄),[空],ga2(gɑ²⁴),ga2,暂无
崇明,秸(秸),[空],ga2(gɑ²⁴),ga2,暂无
崇明,枷(枷),磨、擦,ga2(gɑ²⁴),ga2,暂无
崇明,芥(芥),~末,ga2(gɑ²⁴),ga2,暂无
崇明,懈(懈),松懈。俗写字。声音是《广韵》上声蟹韵求蟹切的拐。,ga4(gɑ²⁴²),ga4,暂无
崇明,个(個),句末疑问词：你~(你的吗？),ga4(gɑ²⁴²),ga4,暂无
崇明,拐(拐),身体的关节处。《广韵》上声蟹韵求蟹切“手脚之物枝也”,ga6(gɑ³¹³),ga6,暂无
崇明,拐(拐),硬挤入,ga6(gɑ³¹³),ga6,暂无
崇明,捱(捱),紧挨着,nga1(ʔŋɑ⁵⁵),nga1,暂无
崇明,牙(牙),[空],nga2(ŋɑ²⁴),nga2,暂无
崇明,芽(芽),[空],nga2(ŋɑ²⁴),nga2,暂无
崇明,衙(衙),[空],nga2(ŋɑ²⁴),nga2,暂无
崇明,外(外),~面,nga4(ŋɑ²⁴²),nga4,暂无
崇明,外(外),~食(馋人家的食物),nga6(ŋɑ³¹³),nga6,暂无
崇明,哈(哈),~~笑,ha1(hɑ⁵⁵),ha1,暂无
崇明,哈(哈),疑问词，单独成句,ha1(hɑ⁵⁵),ha1,暂无
崇明,呵(呵),~气,ha1(hɑ⁵⁵),ha1,暂无
崇明,花(花),~碎(划破皮肤),ha1(hɑ⁵⁵),ha1,暂无
崇明,蟹(蟹),[空],ha3(hɑ⁴²⁴),ha3,暂无
崇明,何(何),吃~(吃什么),ha5(hɑ³³),ha5,暂无
崇明,鞋(鞋),[空],gha2(hɦɑ²⁴),gha2,暂无
崇明,何(何),~物事(什么东西),gha4(hɦɑ²⁴²),gha4,暂无
崇明,挨(挨),[空],a1(ɑ⁵⁵),a1,暂无
崇明,捱(捱),文读,a1(ɑ⁵⁵),a1,暂无
崇明,矮(矮),特别的连读调：~凳,a1(ɑ⁵⁵),a1,暂无
崇明,矮(矮),[空],a3(ɑ⁴²⁴),a3,暂无
崇明,阿(阿),~婆(称姥姥或奶奶),a3(ɑ⁴²⁴),a3,暂无
崇明,压(壓),[空],a5(ɑ³³),a5,暂无
崇明,也(也),我~去,a6(ɦɑ³¹³),a6,暂无
崇明,爹(爹),[空],tia1(tiɑ⁵⁵),tia1,暂无
崇明,嗲(嗲),[空],tia3(tiɑ⁴²⁴),tia3,暂无
崇明,家(家),文读,cia1(tɕiɑ⁵⁵),cia1,暂无
崇明,加(加),文读,cia1(tɕiɑ⁵⁵),cia1,暂无
崇明,皆(皆),文读,cia1(tɕiɑ⁵⁵),cia1,暂无
崇明,嘉(嘉),~奖,cia1(tɕiɑ⁵⁵),cia1,暂无
崇明,枷(枷),文读,cia1(tɕiɑ⁵⁵),cia1,暂无
崇明,假(假),文读，真~,cia3(tɕiɑ⁴²⁴),cia3,暂无
崇明,解(解),文读，~放,cia3(tɕiɑ⁴²⁴),cia3,暂无
崇明,戒(戒),文读,cia3(tɕiɑ⁴²⁴),cia3,暂无
崇明,姐(姐),[空],cia3(tɕiɑ⁴²⁴),cia3,暂无
崇明,假(假),文读，请~,cia5(tɕiɑ³³),cia5,暂无
崇明,架(架),文读,cia5(tɕiɑ³³),cia5,暂无
崇明,嫁(嫁),文读,cia5(tɕiɑ³³),cia5,暂无
崇明,价(價),文读,cia5(tɕiɑ³³),cia5,暂无
崇明,解(解),文读：押~,cia5(tɕiɑ³³),cia5,暂无
崇明,介(介),文读,cia5(tɕiɑ³³),cia5,暂无
崇明,界(界),文读,cia5(tɕiɑ³³),cia5,暂无
崇明,届(屆),文读,cia5(tɕiɑ³³),cia5,暂无
崇明,借(借),[空],cia5(tɕiɑ³³),cia5,暂无
崇明,笡(笡),~头：歪头《广韵》去声韵迁谢切：斜逆也。崇明话读阴平调,chia1(tɕʰiɑ⁵⁵),chia1,暂无
崇明,且(且),~勒(等到),chia5(tɕʰiɑ³³),chia5,暂无
崇明,斜(斜),~勾(扑克牌J),jia2(dʑiɑ²⁴),jia2,暂无
崇明,邪(邪),~人头(能干的人),jia2(dʑiɑ²⁴),jia2,暂无
崇明,蹃(蹃),避让。《集韵》上声马韵尔者切：“蹃，䠚蹃，距地用力也”(和惹的反切相同),gnia4(ɦȵiɑ²⁴²),gnia4,暂无
崇明,写(寫),[空],shia3(ɕiɑ⁴²⁴),shia3,暂无
崇明,泻(瀉),[空],shia5(ɕiɑ³³),shia5,暂无
崇明,卸(卸),[空],shia5(ɕiɑ³³),shia5,暂无
崇明,斜(斜),[空],zhia2(ʑiɑ²⁴),zhia2,暂无
崇明,邪(邪),[空],zhia2(ʑiɑ²⁴),zhia2,暂无
崇明,谢(謝),[空],zhia6(ʑiɑ³¹³),zhia6,暂无
崇明,耶(耶),~酥,ia1(iɑ⁵⁵),ia1,暂无
崇明,野(野),回避远去,ia1(iɑ⁵⁵),ia1,暂无
崇明,崖(崖),[空],ia1(iɑ⁵⁵),ia1,暂无
崇明,涯(涯),[空],ia1(iɑ⁵⁵),ia1,暂无
崇明,椰(椰),[空],ia1(iɑ⁵⁵),ia1,暂无
崇明,霞(霞),[空],ia1(iɑ⁵⁵),ia1,暂无
崇明,暇(暇),[空],ia1(iɑ⁵⁵),ia1,暂无
崇明,瑕(瑕),[空],ia1(iɑ⁵⁵),ia1,暂无
崇明,丫(丫),文读,ia1(iɑ⁵⁵),ia1,暂无
崇明,鸦(鴉),[空],ia1(iɑ⁵⁵),ia1,暂无
崇明,雅(雅),[空],ia3(iɑ⁴²⁴),ia3,暂无
崇明,亚(亞),[空],ia5(iɑ³³),ia5,暂无
崇明,耶(耶),~稣,ya2(ɦiɑ²⁴),ya2,暂无
崇明,野(野),白读,ya4(ɦiɑ²⁴²),ya4,暂无
崇明,也(也),白读,ya4(ɦiɑ²⁴²),ya4,暂无
崇明,下(下),文读,ya4(ɦiɑ²⁴²),ya4,暂无
崇明,夜(夜),白读,ya6(ɦiɑ³¹³),ya6,暂无
崇明,下(下),文读,ya6(ɦiɑ³¹³),ya6,暂无
崇明,夏(夏),文读,ya6(ɦiɑ³¹³),ya6,暂无
崇明,厦(廈),文读,ya6(ɦiɑ³¹³),ya6,暂无
崇明,乖(乖),白读,kua1(kuɑ⁵⁵),kua1,暂无
崇明,拐(拐),~骗,kua3(kuɑ⁴²⁴),kua3,暂无
崇明,拐(拐),[空],kua3(kuɑ⁴²⁴),kua3,暂无
崇明,怪(怪),白读,kua5(kuɑ³³),kua5,暂无
崇明,快(快),白读,khua5(kʰuɑ³³),khua5,暂无
崇明,拐(拐),~脚子(瘸子)《广韵》上声蟹韵求蟹切：手指之物枝也”,gua4(guɑ²⁴²),gua4,暂无
崇明,竵(竵),歪,hua1(huɑ⁵⁵),hua1,暂无
崇明,竵(竵),歪。偏斜开去,hua3(huɑ⁴²⁴),hua3,暂无
崇明,歪(歪),[空],ua1(uɑ⁵⁵),ua1,暂无
崇明,娃(娃),娃~,ua1(uɑ⁵⁵),ua1,暂无
崇明,哇(哇),[空],ua1(uɑ⁵⁵),ua1,暂无
崇明,洼(窪),[空],ua1(uɑ⁵⁵),ua1,暂无
崇明,娃(娃),娃~,ua3(uɑ⁴²⁴),ua3,暂无
崇明,哇(哇),象声词：~~叫,wa2(ɦuɑ²⁴),wa2,暂无
崇明,淮(淮),白读,wa2(ɦuɑ²⁴),wa2,暂无
崇明,槐(槐),白读,wa2(ɦuɑ²⁴),wa2,暂无
崇明,哇(哇),象声词：~啦~啦(大声嚷嚷),wa4(ɦuɑ²⁴²),wa4,暂无
崇明,坏(壞),白读,wa6(ɦuɑ³¹³),wa6,暂无
崇明,盦(盦),头发~起子(头发遮掩额头的样子)，《广韵》平声覃韵乌含切：“说文曰覆盖也”,e1(e⁵⁵),e1,暂无
崇明,掩(掩),[空],e3(e⁴²⁴),e3,暂无
崇明,咽(咽),饭~下去,e5(e³³),e5,暂无
崇明,淹(淹),[空],e5(e³³),e5,暂无
崇明,俺(俺),[空],e5(e³³),e5,暂无
崇明,暗(暗),[空],e5(e³³),e5,暂无
崇明,庵(庵),[空],e5(e³³),e5,暂无
崇明,黯(黯),[空],e5(e³³),e5,暂无
崇明,谙(諳),[空],e5(e³³),e5,暂无
崇明,编(編),[空],pie1(pie⁵⁵),pie1,暂无
崇明,边(邊),[空],pie1(pie⁵⁵),pie1,暂无
崇明,遍(遍),[空],pie1(pie⁵⁵),pie1,暂无
崇明,鞭(鞭),[空],pie1(pie⁵⁵),pie1,暂无
崇明,煸(煸),[空],pie1(pie⁵⁵),pie1,暂无
崇明,搬(搬),[空],pie1(pie⁵⁵),pie1,暂无
崇明,扁(扁),[空],pie3(pie⁴²⁴),pie3,暂无
崇明,匾(匾),[空],pie3(pie⁴²⁴),pie3,暂无
崇明,蝙(蝙),[空],pie3(pie⁴²⁴),pie3,暂无
崇明,变(變),[空],pie5(pie³³),pie5,暂无
崇明,半(半),[空],pie5(pie³³),pie5,暂无
崇明,笾(籩),[空],pie5(pie³³),pie5,暂无
崇明,徧(徧),[空],phie1(pʰie⁵⁵),phie1,暂无
崇明,偏(偏),[空],phie1(pʰie⁵⁵),phie1,暂无
崇明,篇(篇),[空],phie1(pʰie⁵⁵),phie1,暂无
崇明,翩(翩),[空],phie1(pʰie⁵⁵),phie1,暂无
崇明,潘(潘),[空],phie1(pʰie⁵⁵),phie1,暂无
崇明,片(片),[空],phie5(pʰie³³),phie5,暂无
崇明,骗(騙),[空],phie5(pʰie³³),phie5,暂无
崇明,便(便),~宜,bie2(bie²⁴),bie2,暂无
崇明,骈(駢),[空],bie2(bie²⁴),bie2,暂无
崇明,盘(盤),[空],bie2(bie²⁴),bie2,暂无
崇明,釆(釆),[空],bie4(bie²⁴²),bie4,暂无
崇明,辩(辯),[空],bie4(bie²⁴²),bie4,暂无
崇明,辫(辮),[空],bie4(bie²⁴²),bie4,暂无
崇明,辨(辨),[空],bie4(bie²⁴²),bie4,暂无
崇明,拌(拌),[空],bie4(bie²⁴²),bie4,暂无
崇明,便(便),方~,bie6(bie³¹³),bie6,暂无
崇明,卞(卞),[空],bie6(bie³¹³),bie6,暂无
崇明,汴(汴),[空],bie6(bie³¹³),bie6,暂无
崇明,伴(伴),[空],bie6(bie³¹³),bie6,暂无
崇明,贬(貶),[空],bie6(bie³¹³),bie6,暂无
崇明,叛(叛),[空],bie6(bie³¹³),bie6,暂无
崇明,免(免),[空],mie1(ʔmie⁵⁵),mie1,暂无
崇明,勉(勉),[空],mie3(ʔmie⁴²⁴),mie3,暂无
崇明,娩(娩),[空],mie3(ʔmie⁴²⁴),mie3,暂无
崇明,冕(冕),[空],mie3(ʔmie⁴²⁴),mie3,暂无
崇明,棉(棉),~絮,mie2(ɦmie²⁴),mie2,暂无
崇明,眠(眠),[空],mie2(ɦmie²⁴),mie2,暂无
崇明,绵(綿),[空],mie2(ɦmie²⁴),mie2,暂无
崇明,媒(媒),口语：~人,mie2(ɦmie²⁴),mie2,暂无
崇明,鳗(鰻),~鲡,mie2(ɦmie²⁴),mie2,暂无
崇明,满(滿),[空],mie4(ɦmie²⁴²),mie4,暂无
崇明,棉(棉),~袍,mie4(ɦmie²⁴²),mie4,暂无
崇明,面(面),[空],mie6(ɦmie³¹³),mie6,暂无
崇明,缅(緬),[空],mie6(ɦmie³¹³),mie6,暂无
崇明,面(面),[空],mie6(ɦmie³¹³),mie6,暂无
崇明,范(範),姓,vie4(vie²⁴²),vie4,暂无
崇明,颠(顛),[空],tie1(tie⁵⁵),tie1,暂无
崇明,巅(巔),[空],tie1(tie⁵⁵),tie1,暂无
崇明,掂(掂),[空],tie1(tie⁵⁵),tie1,暂无
崇明,敁(敁),[空],tie1(tie⁵⁵),tie1,暂无
崇明,癫(癲),[空],tie1(tie⁵⁵),tie1,暂无
崇明,踮(踮),[空],tie1(tie⁵⁵),tie1,暂无
崇明,癜(癜),[空],tie1(tie⁵⁵),tie1,暂无
崇明,点(點),一~一(一点儿),tie1(tie⁵⁵),tie1,暂无
崇明,点(點),[空],tie3(tie⁴²⁴),tie3,暂无
崇明,典(典),[空],tie3(tie⁴²⁴),tie3,暂无
崇明,碘(碘),[空],tie3(tie⁴²⁴),tie3,暂无
崇明,玷(玷),[空],tie3(tie⁴²⁴),tie3,暂无
崇明,店(店),[空],tie5(tie³³),tie5,暂无
崇明,惦(惦),[空],tie5(tie³³),tie5,暂无
崇明,天(天),[空],thie1(tʰie⁵⁵),thie1,暂无
崇明,添(添),[空],thie1(tʰie⁵⁵),thie1,暂无
崇明,贪(貪),[空],thie1(tʰie⁵⁵),thie1,暂无
崇明,舔(舔),[空],thie3(tʰie⁴²⁴),thie3,暂无
崇明,忝(忝),[空],thie3(tʰie⁴²⁴),thie3,暂无
崇明,掭(掭),[空],thie5(tʰie³³),thie5,暂无
崇明,滇(滇),[空],die2(die²⁴),die2,暂无
崇明,韧(韌),[空],die2(die²⁴),die2,暂无
崇明,田(田),[空],die2(die²⁴),die2,暂无
崇明,填(填),[空],die2(die²⁴),die2,暂无
崇明,甜(甜),[空],die2(die²⁴),die2,暂无
崇明,恬(恬),[空],die2(die²⁴),die2,暂无
崇明,坛(壇),口语：一~,die2(die²⁴),die2,暂无
崇明,电(電),[空],die4(die²⁴²),die4,暂无
崇明,垫(墊),~钞票(先由一人支付),die4(die²⁴²),die4,暂无
崇明,奠(奠),[空],die4(die²⁴²),die4,暂无
崇明,殿(殿),~一条被,die6(die³¹³),die6,暂无
崇明,垫(墊),[空],die6(die³¹³),die6,暂无
崇明,甸(甸),[空],die6(die³¹³),die6,暂无
崇明,淀(澱),[空],die6(die³¹³),die6,暂无
崇明,佃(佃),[空],die6(die³¹³),die6,暂无
崇明,南(南),[空],nie2(ɦnie²⁴),nie2,暂无
崇明,喃(喃),[空],nie2(ɦnie²⁴),nie2,暂无
崇明,楠(楠),[空],nie2(ɦnie²⁴),nie2,暂无
崇明,男(男),[空],nie2(ɦnie²⁴),nie2,暂无
崇明,难(難),口语：~为你(谢谢你),nie2(ɦnie²⁴),nie2,暂无
崇明,腩(腩),多,nie4(ɦnie²⁴²),nie4,暂无
崇明,莲(蓮),~部(人民。亲昵的相反数,lie1(ʔlie⁵⁵),lie1,暂无
崇明,莲(蓮),[空],lie2(ɦlie²⁴),lie2,暂无
崇明,廉(廉),[空],lie2(ɦlie²⁴),lie2,暂无
崇明,连(連),[空],lie2(ɦlie²⁴),lie2,暂无
崇明,联(聯),[空],lie2(ɦlie²⁴),lie2,暂无
崇明,恋(戀),[空],lie2(ɦlie²⁴),lie2,暂无
崇明,帘(簾),[空],lie2(ɦlie²⁴),lie2,暂无
崇明,涟(漣),[空],lie2(ɦlie²⁴),lie2,暂无
崇明,镰(鐮),[空],lie2(ɦlie²⁴),lie2,暂无
崇明,鳃(鰓),[空],lie2(ɦlie²⁴),lie2,暂无
崇明,镰(鐮),[空],lie2(ɦlie²⁴),lie2,暂无
崇明,琏(璉),[空],lie2(ɦlie²⁴),lie2,暂无
崇明,殓(殮),[空],lie2(ɦlie²⁴),lie2,暂无
崇明,奁(奩),[空],lie2(ɦlie²⁴),lie2,暂无
崇明,帘(簾),[空],lie2(ɦlie²⁴),lie2,暂无
崇明,楝(楝),~树菇,lie2(ɦlie²⁴),lie2,暂无
崇明,敛(斂),[空],lie4(ɦlie²⁴²),lie4,暂无
崇明,脸(臉),[空],lie6(ɦlie³¹³),lie6,暂无
崇明,链(鏈),[空],lie6(ɦlie³¹³),lie6,暂无
崇明,练(練),[空],lie6(ɦlie³¹³),lie6,暂无
崇明,炼(煉),[空],lie6(ɦlie³¹³),lie6,暂无
崇明,怜(憐),[空],lie6(ɦlie³¹³),lie6,暂无
崇明,楝(楝),~树菇,lie6(ɦlie³¹³),lie6,暂无
崇明,簪(簪),[空],tsie1(tsie⁵⁵),tsie1,暂无
崇明,参(參),~加,tshie1(tsʰie⁵⁵),tshie1,暂无
崇明,惨(慘),[空],tshie3(tsʰie⁴²⁴),tshie3,暂无
崇明,掺(摻),[空],tshie5(tsʰie³³),tshie5,暂无
崇明,挦(撏),掏取,dzie2(dzie²⁴),dzie2,暂无
崇明,奢(奢),[空],sie1(sie⁵⁵),sie1,暂无
崇明,舍(舍),文读,sie3(sie⁴²⁴),sie3,暂无
崇明,糁(糝),饭粞~(掉下的饭粒),sie3(sie⁴²⁴),sie3,暂无
崇明,舍(舍),宿~,sie5(sie³³),sie5,暂无
崇明,蚕(蠶),[空],zie2(zie²⁴),zie2,暂无
崇明,射(射),~箭,zie4(zie²⁴²),zie4,暂无
崇明,社(社),[空],zie4(zie²⁴²),zie4,暂无
崇明,尖(尖),[空],cie1(tɕie⁵⁵),cie1,暂无
崇明,间(間),文读,cie1(tɕie⁵⁵),cie1,暂无
崇明,涧(澗),[空],cie1(tɕie⁵⁵),cie1,暂无
崇明,兼(兼),[空],cie1(tɕie⁵⁵),cie1,暂无
崇明,坚(堅),[空],cie1(tɕie⁵⁵),cie1,暂无
崇明,肩(肩),[空],cie1(tɕie⁵⁵),cie1,暂无
崇明,煎(煎),[空],cie1(tɕie⁵⁵),cie1,暂无
崇明,湔(湔),《广韵》平声仙韵子仙切“洗也”,cie1(tɕie⁵⁵),cie1,暂无
崇明,艰(艱),文读,cie1(tɕie⁵⁵),cie1,暂无
崇明,笺(箋),信~子,cie1(tɕie⁵⁵),cie1,暂无
崇明,奸(奸),文读‘,cie1(tɕie⁵⁵),cie1,暂无
崇明,简(簡),[空],cie3(tɕie⁴²⁴),cie3,暂无
崇明,检(檢),[空],cie3(tɕie⁴²⁴),cie3,暂无
崇明,剪(剪),[空],cie3(tɕie⁴²⁴),cie3,暂无
崇明,捡(撿),[空],cie3(tɕie⁴²⁴),cie3,暂无
崇明,柬(柬),[空],cie3(tɕie⁴²⁴),cie3,暂无
崇明,间(間),文读，~隔,cie5(tɕie³³),cie5,暂无
崇明,见(見),[空],cie5(tɕie³³),cie5,暂无
崇明,建(建),[空],cie5(tɕie³³),cie5,暂无
崇明,剑(劍),[空],cie5(tɕie³³),cie5,暂无
崇明,箭(箭),[空],cie5(tɕie³³),cie5,暂无
崇明,鉴(鑒),[空],cie5(tɕie³³),cie5,暂无
崇明,荐(薦),[空],cie5(tɕie³³),cie5,暂无
崇明,笺(箋),[空],cie5(tɕie³³),cie5,暂无
崇明,笺(箋),信~,cie5(tɕie³³),cie5,暂无
崇明,溅(濺),水~筒(喷射水珠的竹筒,cie5(tɕie³³),cie5,暂无
崇明,饯(餞),[空],cie5(tɕie³³),cie5,暂无
崇明,骞(騫),[空],chie1(tɕʰie⁵⁵),chie1,暂无
崇明,蹇(蹇),[空],chie1(tɕʰie⁵⁵),chie1,暂无
崇明,牵(牽),[空],chie1(tɕʰie⁵⁵),chie1,暂无
崇明,千(千),[空],chie1(tɕʰie⁵⁵),chie1,暂无
崇明,签(簽),[空],chie1(tɕʰie⁵⁵),chie1,暂无
崇明,椠(槧),[空],chie1(tɕʰie⁵⁵),chie1,暂无
崇明,钱(錢),[空],chie1(tɕʰie⁵⁵),chie1,暂无
崇明,迁(遷),[空],chie1(tɕʰie⁵⁵),chie1,暂无
崇明,茜(茜),[空],chie1(tɕʰie⁵⁵),chie1,暂无
崇明,倩(倩),[空],chie1(tɕʰie⁵⁵),chie1,暂无
崇明,谦(謙),[空],chie1(tɕʰie⁵⁵),chie1,暂无
崇明,仟(仟),[空],chie1(tɕʰie⁵⁵),chie1,暂无
崇明,佥(僉),[空],chie1(tɕʰie⁵⁵),chie1,暂无
崇明,阡(阡),[空],chie1(tɕʰie⁵⁵),chie1,暂无
崇明,扦(扡),[空],chie1(tɕʰie⁵⁵),chie1,暂无
崇明,纤(纖),[空],chie1(tɕʰie⁵⁵),chie1,暂无
崇明,堑(塹),[空],chie3(tɕʰie⁴²⁴),chie3,暂无
崇明,歼(殲),[空],chie3(tɕʰie⁴²⁴),chie3,暂无
崇明,浅(淺),[空],chie3(tɕʰie⁴²⁴),chie3,暂无
崇明,悭(慳),[空],chie3(tɕʰie⁴²⁴),chie3,暂无
崇明,谴(譴),[空],chie3(tɕʰie⁴²⁴),chie3,暂无
崇明,欠(欠),[空],chie5(tɕʰie³³),chie5,暂无
崇明,遣(遣),[空],chie5(tɕʰie³³),chie5,暂无
崇明,歉(歉),[空],chie5(tɕʰie³³),chie5,暂无
崇明,愆(愆),[空],chie5(tɕʰie³³),chie5,暂无
崇明,黔(黔),[空],jie2(dʑie²⁴),jie2,暂无
崇明,前(前),文读,jie2(dʑie²⁴),jie2,暂无
崇明,干(幹),~隆,jie2(dʑie²⁴),jie2,暂无
崇明,拑(拑),[空],jie2(dʑie²⁴),jie2,暂无
崇明,虔(虔),[空],jie2(dʑie²⁴),jie2,暂无
崇明,潜(潛),[空],jie2(dʑie²⁴),jie2,暂无
崇明,褰(褰),[空],jie2(dʑie²⁴),jie2,暂无
崇明,掮(掮),[空],jie2(dʑie²⁴),jie2,暂无
崇明,泉(泉),[空],jie2(dʑie²⁴),jie2,暂无
崇明,全(全),文读,jie2(dʑie²⁴),jie2,暂无
崇明,旋(旋),文读,jie2(dʑie²⁴),jie2,暂无
崇明,教(教),[空],jie2(dʑie²⁴),jie2,暂无
崇明,全(全),~靠,jie4(dʑie²⁴²),jie4,暂无
崇明,藉(藉),[空],jie6(dʑie³¹³),jie6,暂无
崇明,践(踐),[空],jie6(dʑie³¹³),jie6,暂无
崇明,件(件),[空],jie6(dʑie³¹³),jie6,暂无
崇明,键(鍵),[空],jie6(dʑie³¹³),jie6,暂无
崇明,渐(漸),[空],jie6(dʑie³¹³),jie6,暂无
崇明,贱(賤),文读,jie6(dʑie³¹³),jie6,暂无
崇明,俭(儉),[空],jie6(dʑie³¹³),jie6,暂无
崇明,痊(痊),[空],jie6(dʑie³¹³),jie6,暂无
崇明,谢(謝),文读,jie6(dʑie³¹³),jie6,暂无
崇明,粘(粘),[空],gnie1(ʔȵie⁵⁵),gnie1,暂无
崇明,拈(拈),[空],gnie1(ʔȵie⁵⁵),gnie1,暂无
崇明,捻(撚),[空],gnie1(ʔȵie⁵⁵),gnie1,暂无
崇明,黏(黏),[空],gnie1(ʔȵie⁵⁵),gnie1,暂无
崇明,蔫(蔫),[空],gnie1(ʔȵie⁵⁵),gnie1,暂无
崇明,撵(攆),[空],gnie1(ʔȵie⁵⁵),gnie1,暂无
崇明,捻(撚),[空],gnie1(ʔȵie⁵⁵),gnie1,暂无
崇明,妍(妍),[空],gnie1(ʔȵie⁵⁵),gnie1,暂无
崇明,研(研),~究,gnie1(ʔȵie⁵⁵),gnie1,暂无
崇明,严(嚴),[空],gnie2(ɦȵie²⁴),gnie2,暂无
崇明,年(年),[空],gnie2(ɦȵie²⁴),gnie2,暂无
崇明,阎(閻),[空],gnie2(ɦȵie²⁴),gnie2,暂无
崇明,研(研),~大米(把玉米粒从玉米棒上搓下来),gnie2(ɦȵie²⁴),gnie2,暂无
崇明,难(難),口语：~为你(谢谢你),gnie2(ɦȵie²⁴),gnie2,暂无
崇明,辗(輾),[空],gnie4(ɦȵie²⁴²),gnie4,暂无
崇明,碾(碾),[空],gnie4(ɦȵie²⁴²),gnie4,暂无
崇明,辇(輦),[空],gnie4(ɦȵie²⁴²),gnie4,暂无
崇明,彦(彥),[空],gnie4(ɦȵie²⁴²),gnie4,暂无
崇明,谚(諺),[空],gnie4(ɦȵie²⁴²),gnie4,暂无
崇明,验(驗),[空],gnie4(ɦȵie²⁴²),gnie4,暂无
崇明,染(染),口语：~头发,gnie4(ɦȵie²⁴²),gnie4,暂无
崇明,念(念),[空],gnie6(ɦȵie³¹³),gnie6,暂无
崇明,念(念),[空],gnie6(ɦȵie³¹³),gnie6,暂无
崇明,廿(廿),[空],gnie6(ɦȵie³¹³),gnie6,暂无
崇明,砚(硯),[空],gnie6(ɦȵie³¹³),gnie6,暂无
崇明,仙(仙),[空],shie1(ɕie⁵⁵),shie1,暂无
崇明,籼(秈),[空],shie1(ɕie⁵⁵),shie1,暂无
崇明,鲜(鮮),[空],shie1(ɕie⁵⁵),shie1,暂无
崇明,先(先),[空],shie1(ɕie⁵⁵),shie1,暂无
崇明,杴(杴),[空],shie1(ɕie⁵⁵),shie1,暂无
崇明,锨(鍁),[空],shie1(ɕie⁵⁵),shie1,暂无
崇明,忺(忺),[空],shie1(ɕie⁵⁵),shie1,暂无
崇明,萱(萱),[空],shie1(ɕie⁵⁵),shie1,暂无
崇明,喧(喧),[空],shie1(ɕie⁵⁵),shie1,暂无
崇明,煊(煊),[空],shie1(ɕie⁵⁵),shie1,暂无
崇明,轩(軒),[空],shie1(ɕie⁵⁵),shie1,暂无
崇明,宣(宣),[空],shie1(ɕie⁵⁵),shie1,暂无
崇明,暹(暹),[空],shie1(ɕie⁵⁵),shie1,暂无
崇明,纤(纖),[空],shie3(ɕie⁴²⁴),shie3,暂无
崇明,选(選),[空],shie3(ɕie⁴²⁴),shie3,暂无
崇明,显(顯),[空],shie3(ɕie⁴²⁴),shie3,暂无
崇明,洗(洗),[空],shie3(ɕie⁴²⁴),shie3,暂无
崇明,冼(冼),[空],shie3(ɕie⁴²⁴),shie3,暂无
崇明,筅(筅),筅帚,shie3(ɕie⁴²⁴),shie3,暂无
崇明,险(險),[空],shie3(ɕie⁴²⁴),shie3,暂无
崇明,宪(憲),[空],shie3(ɕie⁴²⁴),shie3,暂无
崇明,献(獻),[空],shie3(ɕie⁴²⁴),shie3,暂无
崇明,癣(癬),[空],shie3(ɕie⁴²⁴),shie3,暂无
崇明,综(綜),[空],shie5(ɕie³³),shie5,暂无
崇明,线(線),[空],shie5(ɕie³³),shie5,暂无
崇明,腺(腺),[空],shie5(ɕie³³),shie5,暂无
崇明,前(前),白读,zhie2(ʑie²⁴),zhie2,暂无
崇明,全(全),~夜(整夜),zhie2(ʑie²⁴),zhie2,暂无
崇明,贱(賤),~坯：骂不识好歹的人,zhie6(ʑie³¹³),zhie6,暂无
崇明,旋(旋),~头：转过头。《广韵》“旋”有平声仙韵似宣切和去声线韵辞恋切两读,zhie6(ʑie³¹³),zhie6,暂无
崇明,甘(甘),[空],kie1(kie⁵⁵),kie1,暂无
崇明,柑(柑),[空],kie1(kie⁵⁵),kie1,暂无
崇明,淦(淦),[空],kie1(kie⁵⁵),kie1,暂无
崇明,绀(紺),[空],kie1(kie⁵⁵),kie1,暂无
崇明,泔(泔),[空],kie1(kie⁵⁵),kie1,暂无
崇明,感(感),[空],kie3(kie⁴²⁴),kie3,暂无
崇明,敢(敢),[空],kie3(kie⁴²⁴),kie3,暂无
崇明,赣(贛),[空],kie3(kie⁴²⁴),kie3,暂无
崇明,㔶(㔶),《广韵》上声感韵古𧝓切“覆头也”,kie3(kie⁴²⁴),kie3,暂无
崇明,堪(堪),[空],khie1(kʰie⁵⁵),khie1,暂无
崇明,坎(坎),~坷；~额骨头(额头上部往前突出),khie1(kʰie⁵⁵),khie1,暂无
崇明,砍(砍),[空],khie3(kʰie⁴²⁴),khie3,暂无
崇明,侃(侃),[空],khie3(kʰie⁴²⁴),khie3,暂无
崇明,勘(勘),[空],khie3(kʰie⁴²⁴),khie3,暂无
崇明,阚(闞),[空],khie3(kʰie⁴²⁴),khie3,暂无
崇明,巖(巖),[空],ngie2(ɦŋie²⁴),ngie2,暂无
崇明,岩(岩),[空],ngie2(ɦŋie²⁴),ngie2,暂无
崇明,癌(癌),《广韵》平声咸韵五咸切：嵒，巖也。癌字字形字音当源自此。加疒字头表示意义。普通话今读ai为避开同音字炎,ngie2(ɦŋie²⁴),ngie2,暂无
崇明,研(研),摇动,ngie2(ɦŋie²⁴),ngie2,暂无
崇明,俨(儼),~然。《广韵》上声俨韵鱼掩切,ngie4(ɦŋie²⁴²),ngie4,暂无
崇明,妍(妍),[空],ngie4(ɦŋie²⁴²),ngie4,暂无
崇明,嫣(嫣),[空],ngie4(ɦŋie²⁴²),ngie4,暂无
崇明,憨(憨),文读,hie1(hie⁵⁵),hie1,暂无
崇明,酣(酣),[空],hie1(hie⁵⁵),hie1,暂无
崇明,蚶(蚶),[空],hie1(hie⁵⁵),hie1,暂无
崇明,撼(撼),[空],hie1(hie⁵⁵),hie1,暂无
崇明,憾(憾),遗~,hie3(hie⁴²⁴),hie3,暂无
崇明,含(含),[空],ghie2(hɦie²⁴),ghie2,暂无
崇明,函(函),[空],ghie2(hɦie²⁴),ghie2,暂无
崇明,涵(涵),[空],ghie2(hɦie²⁴),ghie2,暂无
崇明,菡(菡),[空],ghie2(hɦie²⁴),ghie2,暂无
崇明,晗(晗),[空],ghie2(hɦie²⁴),ghie2,暂无
崇明,颔(頷),[空],ghie2(hɦie²⁴),ghie2,暂无
崇明,憾(憾),胆怯，害怕。《集韵》上声感韵户感切：憾，感，恨也,ghie4(hɦie²⁴²),ghie4,暂无
崇明,艳(豔),鲜~,ie1(ie⁵⁵),ie1,暂无
崇明,燕(燕),~子,ie1(ie⁵⁵),ie1,暂无
崇明,烟(煙),[空],ie1(ie⁵⁵),ie1,暂无
崇明,烟(煙),[空],ie1(ie⁵⁵),ie1,暂无
崇明,胭(胭),[空],ie1(ie⁵⁵),ie1,暂无
崇明,嫣(嫣),[空],ie1(ie⁵⁵),ie1,暂无
崇明,焉(焉),[空],ie1(ie⁵⁵),ie1,暂无
崇明,也(也),文读,ie1(ie⁵⁵),ie1,暂无
崇明,宴(宴),[空],ie5(ie³³),ie5,暂无
崇明,厌(厭),[空],ie5(ie³³),ie5,暂无
崇明,堰(堰),[空],ie5(ie³³),ie5,暂无
崇明,䞁(䞁),《集韵》去声愿韵於建切“物相当也”,ie5(ie³³),ie5,暂无
崇明,燕(燕),莺歌~舞,ie5(ie³³),ie5,暂无
崇明,咽(咽),~喉,ie5(ie³³),ie5,暂无
崇明,言(言),[空],ye2(ɦie²⁴),ye2,暂无
崇明,筵(筵),[空],ye2(ɦie²⁴),ye2,暂无
崇明,盐(鹽),[空],ye2(ɦie²⁴),ye2,暂无
崇明,颜(顏),文读,ye2(ɦie²⁴),ye2,暂无
崇明,延(延),[空],ye2(ɦie²⁴),ye2,暂无
崇明,炎(炎),[空],ye2(ɦie²⁴),ye2,暂无
崇明,贤(賢),[空],ye2(ɦie²⁴),ye2,暂无
崇明,娴(嫻),[空],ye2(ɦie²⁴),ye2,暂无
崇明,弦(弦),[空],ye2(ɦie²⁴),ye2,暂无
崇明,嫌(嫌),[空],ye2(ɦie²⁴),ye2,暂无
崇明,檐(簷),[空],ye2(ɦie²⁴),ye2,暂无
崇明,沿(沿),~海,ye2(ɦie²⁴),ye2,暂无
崇明,咸(鹹),~阳,ye2(ɦie²⁴),ye2,暂无
崇明,沿(沿),路~(路边),ye4(ɦie²⁴²),ye4,暂无
崇明,野(野),文读,ye4(ɦie²⁴²),ye4,暂无
崇明,陷(陷),[空],ye4(ɦie²⁴²),ye4,暂无
崇明,馅(餡),[空],ye4(ɦie²⁴²),ye4,暂无
崇明,亦(亦),[空],ye4(ɦie²⁴²),ye4,暂无
崇明,盐(鹽),《广韵》去声艳韵以赡切：盐，以盐腌也。本音平声,ye6(ɦie³¹³),ye6,暂无
崇明,腌(醃),[空],ye6(ɦie³¹³),ye6,暂无
崇明,演(演),[空],ye6(ɦie³¹³),ye6,暂无
崇明,现(現),[空],ye6(ɦie³¹³),ye6,暂无
崇明,衍(衍),[空],ye6(ɦie³¹³),ye6,暂无
崇明,雁(雁),文读,ye6(ɦie³¹³),ye6,暂无
崇明,野(野),文读,ye6(ɦie³¹³),ye6,暂无
崇明,夜(夜),文读,ye6(ɦie³¹³),ye6,暂无
崇明,液(液),[空],ye6(ɦie³¹³),ye6,暂无
崇明,冶(冶),[空],ye6(ɦie³¹³),ye6,暂无
崇明,腋(腋),[空],ye6(ɦie³¹³),ye6,暂无
崇明,官(官),[空],kue1(kue⁵⁵),kue1,暂无
崇明,棺(棺),[空],kue1(kue⁵⁵),kue1,暂无
崇明,倌(倌),[空],kue1(kue⁵⁵),kue1,暂无
崇明,观(觀),~音,kue1(kue⁵⁵),kue1,暂无
崇明,冠(冠),衣~,kue1(kue⁵⁵),kue1,暂无
崇明,管(管),[空],kue3(kue⁴²⁴),kue3,暂无
崇明,馆(館),[空],kue3(kue⁴²⁴),kue3,暂无
崇明,盥(盥),[空],kue3(kue⁴²⁴),kue3,暂无
崇明,莞(莞),东~,kue3(kue⁴²⁴),kue3,暂无
崇明,贯(貫),[空],kue5(kue³³),kue5,暂无
崇明,观(觀),道~,kue5(kue³³),kue5,暂无
崇明,冠(冠),~军,kue5(kue³³),kue5,暂无
崇明,罐(罐),[空],kue5(kue³³),kue5,暂无
崇明,灌(灌),[空],kue5(kue³³),kue5,暂无
崇明,宽(寬),[空],khue1(kʰue⁵⁵),khue1,暂无
崇明,髋(髖),[空],khue1(kʰue⁵⁵),khue1,暂无
崇明,款(款),[空],khue3(kʰue⁴²⁴),khue3,暂无
崇明,欢(歡),[空],hue1(hue⁵⁵),hue1,暂无
崇明,罐(罐),[空],hue1(hue⁵⁵),hue1,暂无
崇明,焕(煥),[空],hue5(hue³³),hue5,暂无
崇明,唤(喚),[空],hue5(hue³³),hue5,暂无
崇明,涣(渙),[空],hue5(hue³³),hue5,暂无
崇明,奂(奐),[空],hue5(hue³³),hue5,暂无
崇明,缓(緩),~几天(推迟几天),ue1(ue⁵⁵),ue1,暂无
崇明,缓(緩),~和,ue3(ue⁴²⁴),ue3,暂无
崇明,碗(碗),[空],ue3(ue⁴²⁴),ue3,暂无
崇明,腕(腕),[空],ue3(ue⁴²⁴),ue3,暂无
崇明,婉(婉),[空],ue3(ue⁴²⁴),ue3,暂无
崇明,宛(宛),[空],ue3(ue⁴²⁴),ue3,暂无
崇明,畹(畹),[空],ue3(ue⁴²⁴),ue3,暂无
崇明,琬(琬),[空],ue3(ue⁴²⁴),ue3,暂无
崇明,桓(桓),[空],we2(ɦue²⁴),we2,暂无
崇明,完(完),[空],we2(ɦue²⁴),we2,暂无
崇明,丸(丸),[空],we2(ɦue²⁴),we2,暂无
崇明,莞(莞),~尔,we2(ɦue²⁴),we2,暂无
崇明,换(換),[空],we6(ɦue³¹³),we6,暂无
崇明,缓(緩),[空],we6(ɦue³¹³),we6,暂无
崇明,浣(浣),[空],we6(ɦue³¹³),we6,暂无
崇明,鱿(魷),[空],we6(ɦue³¹³),we6,暂无
崇明,玩(玩),[空],we6(ɦue³¹³),we6,暂无
崇明,皖(皖),[空],we6(ɦue³¹³),we6,暂无
崇明,单(單),~数,toe1(tø⁵⁵),toe1,暂无
崇明,丹(丹),[空],toe1(tø⁵⁵),toe1,暂无
崇明,端(端),[空],toe1(tø⁵⁵),toe1,暂无
崇明,端(端),[空],toe1(tø⁵⁵),toe1,暂无
崇明,掸(撣),[空],toe3(tø⁴²⁴),toe3,暂无
崇明,短(短),[空],toe3(tø⁴²⁴),toe3,暂无
崇明,锻(鍛),[空],toe5(tø³³),toe5,暂无
崇明,锻(鍛),[空],toe5(tø³³),toe5,暂无
崇明,断(斷),判~,toe5(tø³³),toe5,暂无
崇明,瘫(癱),[空],thoe1(tʰø⁵⁵),thoe1,暂无
崇明,滩(灘),海~,thoe1(tʰø⁵⁵),thoe1,暂无
崇明,摊(攤),~派,thoe1(tʰø⁵⁵),thoe1,暂无
崇明,碳(碳),[空],thoe5(tʰø³³),thoe5,暂无
崇明,叹(歎),[空],thoe5(tʰø³³),thoe5,暂无
崇明,炭(炭),[空],thoe5(tʰø³³),thoe5,暂无
崇明,探(探),把悬挂的东西取下,thoe5(tʰø³³),thoe5,暂无
崇明,团(團),[空],doe2(dø²⁴),doe2,暂无
崇明,抟(摶),[空],doe2(dø²⁴),doe2,暂无
崇明,糰(糰),[空],doe2(dø²⁴),doe2,暂无
崇明,弹(彈),动词,doe2(dø²⁴),doe2,暂无
崇明,断(斷),弄~,doe4(dø²⁴²),doe4,暂无
崇明,蛋(蛋),[空],doe6(dø³¹³),doe6,暂无
崇明,段(段),[空],doe6(dø³¹³),doe6,暂无
崇明,缎(緞),[空],doe6(dø³¹³),doe6,暂无
崇明,弹(弹),子~,doe6(dø³¹³),doe6,暂无
崇明,囡(囡),[空],noe1(ʔnø⁵⁵),noe1,暂无
崇明,囡(囡),连读调：~囡ʔnø55-424ʔnø55,noe3(ʔnø⁴²⁴),noe3,暂无
崇明,难(難),~过,noe2(ɦnø²⁴),noe2,暂无
崇明,暖(暖),[空],noe4(ɦnø²⁴²),noe4,暂无
崇明,难(難),患~,noe6(ɦnø³¹³),noe6,暂无
崇明,而(而),[空],lhoe1(ʔlhø⁵⁵),lhoe1,暂无
崇明,儿(兒),文读,lhoe1(ʔlhø⁵⁵),lhoe1,暂无
崇明,耳(耳),文读,lhoe1(ʔlhø⁵⁵),lhoe1,暂无
崇明,拦(攔),[空],loe2(ɦlø²⁴),loe2,暂无
崇明,栏(欄),[空],loe2(ɦlø²⁴),loe2,暂无
崇明,婪(婪),[空],loe2(ɦlø²⁴),loe2,暂无
崇明,鸾(鸞),[空],loe2(ɦlø²⁴),loe2,暂无
崇明,栾(欒),[空],loe2(ɦlø²⁴),loe2,暂无
崇明,銮(鑾),[空],loe2(ɦlø²⁴),loe2,暂无
崇明,峦(巒),[空],loe2(ɦlø²⁴),loe2,暂无
崇明,孪(孿),[空],loe2(ɦlø²⁴),loe2,暂无
崇明,滦(灤),[空],loe2(ɦlø²⁴),loe2,暂无
崇明,卵(卵),口语,loe4(ɦlø²⁴²),loe4,暂无
崇明,乱(亂),[空],loe6(ɦlø³¹³),loe6,暂无
崇明,二(二),文读,loe6(ɦlø³¹³),loe6,暂无
崇明,钻(鑽),动词,tsoe1(tsø⁵⁵),tsoe1,暂无
崇明,钻(鑽),名词：~戒,tsoe1(tsø⁵⁵),tsoe1,暂无
崇明,砖(磚),[空],tsoe1(tsø⁵⁵),tsoe1,暂无
崇明,专(專),[空],tsoe1(tsø⁵⁵),tsoe1,暂无
崇明,詹(詹),[空],tsoe1(tsø⁵⁵),tsoe1,暂无
崇明,毡(氈),[空],tsoe1(tsø⁵⁵),tsoe1,暂无
崇明,瞻(瞻),[空],tsoe1(tsø⁵⁵),tsoe1,暂无
崇明,瓒(瓚),[空],tsoe1(tsø⁵⁵),tsoe1,暂无
崇明,颛(顓),[空],tsoe1(tsø⁵⁵),tsoe1,暂无
崇明,转(轉),~换,tsoe3(tsø⁴²⁴),tsoe3,暂无
崇明,攒(攢),[空],tsoe3(tsø⁴²⁴),tsoe3,暂无
崇明,转(轉),~动,tsoe5(tsø³³),tsoe5,暂无
崇明,占(占),[空],tsoe5(tsø³³),tsoe5,暂无
崇明,展(展),[空],tsoe5(tsø³³),tsoe5,暂无
崇明,战(戰),[空],tsoe5(tsø³³),tsoe5,暂无
崇明,赞(贊),[空],tsoe5(tsø³³),tsoe5,暂无
崇明,沾(沾),[空],tsoe5(tsø³³),tsoe5,暂无
崇明,赞(贊),[空],tsoe5(tsø³³),tsoe5,暂无
崇明,颤(顫),[空],tsoe5(tsø³³),tsoe5,暂无
崇明,穿(穿),[空],tshoe1(tsʰø⁵⁵),tshoe1,暂无
崇明,川(川),[空],tshoe1(tsʰø⁵⁵),tshoe1,暂无
崇明,钏(釧),[空],tshoe1(tsʰø⁵⁵),tshoe1,暂无
崇明,撺(攛),[空],tshoe1(tsʰø⁵⁵),tshoe1,暂无
崇明,串(串),[空],tshoe5(tsʰø³³),tshoe5,暂无
崇明,喘(喘),[空],tshoe5(tsʰø³³),tshoe5,暂无
崇明,窜(竄),[空],tshoe5(tsʰø³³),tshoe5,暂无
崇明,蹿(躥),[空],tshoe5(tsʰø³³),tshoe5,暂无
崇明,篡(篡),[空],tshoe5(tsʰø³³),tshoe5,暂无
崇明,蹿(躥),[空],tshoe5(tsʰø³³),tshoe5,暂无
崇明,纂(纂),[空],tshoe5(tsʰø³³),tshoe5,暂无
崇明,阐(闡),[空],tshoe5(tsʰø³³),tshoe5,暂无
崇明,诌(謅),[空],tshoe5(tsʰø³³),tshoe5,暂无
崇明,传(傳),~达,dzoe2(dzø²⁴),dzoe2,暂无
崇明,椽(椽),[空],dzoe2(dzø²⁴),dzoe2,暂无
崇明,撰(撰),[空],dzoe4(dzø²⁴²),dzoe4,暂无
崇明,缠(纏),[空],dzoe6(dzø³¹³),dzoe6,暂无
崇明,篆(篆),[空],dzoe6(dzø³¹³),dzoe6,暂无
崇明,廛(廛),[空],dzoe6(dzø³¹³),dzoe6,暂无
崇明,染(染),传~病,dzoe6(dzø³¹³),dzoe6,暂无
崇明,传(傳),自~,dzoe6(dzø³¹³),dzoe6,暂无
崇明,酸(酸),[空],soe1(sø⁵⁵),soe1,暂无
崇明,栓(栓),[空],soe1(sø⁵⁵),soe1,暂无
崇明,拴(拴),[空],soe1(sø⁵⁵),soe1,暂无
崇明,闩(閂),[空],soe1(sø⁵⁵),soe1,暂无
崇明,煽(煽),[空],soe1(sø⁵⁵),soe1,暂无
崇明,搧(搧),[空],soe1(sø⁵⁵),soe1,暂无
崇明,伞(傘),[空],soe3(sø⁴²⁴),soe3,暂无
崇明,陕(陝),[空],soe3(sø⁴²⁴),soe3,暂无
崇明,闪(閃),[空],soe3(sø⁴²⁴),soe3,暂无
崇明,算(算),[空],soe5(sø³³),soe5,暂无
崇明,蒜(蒜),[空],soe5(sø³³),soe5,暂无
崇明,散(散),[空],soe5(sø³³),soe5,暂无
崇明,扇(扇),纸~,soe5(sø³³),soe5,暂无
崇明,骟(騸),[空],soe5(sø³³),soe5,暂无
崇明,船(船),[空],zoe2(zø²⁴),zoe2,暂无
崇明,然(然),[空],zoe2(zø²⁴),zoe2,暂无
崇明,燃(燃),[空],zoe2(zø²⁴),zoe2,暂无
崇明,篅(篅),[空],zoe4(zø²⁴²),zoe4,暂无
崇明,冉(冉),[空],zoe4(zø²⁴²),zoe4,暂无
崇明,禅(禪),[空],zoe6(zø³¹³),zoe6,暂无
崇明,善(善),[空],zoe6(zø³¹³),zoe6,暂无
崇明,赡(贍),[空],zoe6(zø³¹³),zoe6,暂无
崇明,擅(擅),[空],zoe6(zø³¹³),zoe6,暂无
崇明,鳍(鰭),[空],zoe6(zø³¹³),zoe6,暂无
崇明,膳(膳),[空],zoe6(zø³¹³),zoe6,暂无
崇明,缮(繕),[空],zoe6(zø³¹³),zoe6,暂无
崇明,蟾(蟾),[空],zoe6(zø³¹³),zoe6,暂无
崇明,婵(嬋),[空],zoe6(zø³¹³),zoe6,暂无
崇明,蝉(蟬),[空],zoe6(zø³¹³),zoe6,暂无
崇明,单(單),姓,zoe6(zø³¹³),zoe6,暂无
崇明,染(染),涂上油漆颜料,zoe6(zø³¹³),zoe6,暂无
崇明,干(干),[空],koe1(kø⁵⁵),koe1,暂无
崇明,杆(杆),[空],koe1(kø⁵⁵),koe1,暂无
崇明,肝(肝),[空],koe1(kø⁵⁵),koe1,暂无
崇明,竿(竿),[空],koe1(kø⁵⁵),koe1,暂无
崇明,秆(稈),[空],koe1(kø⁵⁵),koe1,暂无
崇明,干(乾),~湿,koe1(kø⁵⁵),koe1,暂无
崇明,够(夠),口语：~事(足够),koe1(kø⁵⁵),koe1,暂无
崇明,赶(趕),[空],koe3(kø⁴²⁴),koe3,暂无
崇明,扞(扞),[空],koe3(kø⁴²⁴),koe3,暂无
崇明,擀(擀),[空],koe3(kø⁴²⁴),koe3,暂无
崇明,干(幹),能~,koe5(kø³³),koe5,暂无
崇明,看(看),~守,khoe1(kʰø⁵⁵),khoe1,暂无
崇明,看(看),~书,khoe5(kʰø³³),khoe5,暂无
崇明,岸(岸),[空],ngoe6(ŋø³¹³),ngoe6,暂无
崇明,熯(熯),[空],hoe1(hø⁵⁵),hoe1,暂无
崇明,汉(漢),[空],hoe5(hø³³),hoe5,暂无
崇明,罕(罕),[空],hoe5(hø³³),hoe5,暂无
崇明,暵(暵),[空],hoe5(hø³³),hoe5,暂无
崇明,熯(熯),[空],hoe5(hø³³),hoe5,暂无
崇明,焕(煥),人名,hoe5(hø³³),hoe5,暂无
崇明,寒(寒),[空],ghoe2(hɦø²⁴),ghoe2,暂无
崇明,韩(韓),[空],ghoe2(hɦø²⁴),ghoe2,暂无
崇明,邯(邯),[空],ghoe2(hɦø²⁴),ghoe2,暂无
崇明,旱(旱),[空],ghoe4(hɦø²⁴²),ghoe4,暂无
崇明,汗(汗),[空],ghoe6(hɦø³¹³),ghoe6,暂无
崇明,焊(焊),[空],ghoe6(hɦø³¹³),ghoe6,暂无
崇明,翰(翰),[空],ghoe6(hɦø³¹³),ghoe6,暂无
崇明,鼾(鼾),[空],ghoe6(hɦø³¹³),ghoe6,暂无
崇明,悍(悍),[空],ghoe6(hɦø³¹³),ghoe6,暂无
崇明,瀚(瀚),[空],ghoe6(hɦø³¹³),ghoe6,暂无
崇明,捍(捍),[空],ghoe6(hɦø³¹³),ghoe6,暂无
崇明,安(安),[空],oe1(ø⁵⁵),oe1,暂无
崇明,氨(氨),[空],oe1(ø⁵⁵),oe1,暂无
崇明,胺(胺),[空],oe1(ø⁵⁵),oe1,暂无
崇明,按(按),[空],oe1(ø⁵⁵),oe1,暂无
崇明,按(按),[空],oe5(ø³³),oe5,暂无
崇明,案(案),[空],oe5(ø³³),oe5,暂无
崇明,鞍(鞍),[空],oe5(ø³³),oe5,暂无
崇明,晏(晏),[空],oe5(ø³³),oe5,暂无
崇明,捐(捐),[空],cioe1(tɕyø⁵⁵),cioe1,暂无
崇明,娟(娟),[空],cioe1(tɕyø⁵⁵),cioe1,暂无
崇明,鹃(鵑),[空],cioe1(tɕyø⁵⁵),cioe1,暂无
崇明,绢(絹),手~,cioe1(tɕyø⁵⁵),cioe1,暂无
崇明,卷(卷),[空],cioe3(tɕyø⁴²⁴),cioe3,暂无
崇明,卷(卷),[空],cioe5(tɕyø³³),cioe5,暂无
崇明,绢(絹),~头(手绢),cioe5(tɕyø³³),cioe5,暂无
崇明,圈(圈),圆~,chioe1(tɕʰyø⁵⁵),chioe1,暂无
崇明,犬(犬),[空],chioe3(tɕʰyø⁴²⁴),chioe3,暂无
崇明,劝(勸),[空],chioe5(tɕʰyø³³),chioe5,暂无
崇明,券(券),[空],chioe5(tɕʰyø³³),chioe5,暂无
崇明,绻(綣),[空],chioe5(tɕʰyø³³),chioe5,暂无
崇明,权(權),[空],jioe2(dʑyø²⁴),jioe2,暂无
崇明,拳(拳),[空],jioe2(dʑyø²⁴),jioe2,暂无
崇明,颧(顴),[空],jioe2(dʑyø²⁴),jioe2,暂无
崇明,蜷(蜷),[空],jioe2(dʑyø²⁴),jioe2,暂无
崇明,鬈(鬈),[空],jioe2(dʑyø²⁴),jioe2,暂无
崇明,倦(倦),[空],jioe4(dʑyø²⁴²),jioe4,暂无
崇明,圈(圈),猪~,jioe4(dʑyø²⁴²),jioe4,暂无
崇明,原(原),[空],gnioe2(ɦȵyø²⁴),gnioe2,暂无
崇明,源(源),[空],gnioe2(ɦȵyø²⁴),gnioe2,暂无
崇明,元(元),人名,gnioe2(ɦȵyø²⁴),gnioe2,暂无
崇明,阮(阮),[空],gnioe2(ɦȵyø²⁴),gnioe2,暂无
崇明,耎(耎),[空],gnioe4(ɦȵyø²⁴²),gnioe4,暂无
崇明,软(軟),[空],gnioe4(ɦȵyø²⁴²),gnioe4,暂无
崇明,软(軟),[空],gnioe4(ɦȵyø²⁴²),gnioe4,暂无
崇明,愿(願),[空],gnioe6(ɦȵyø³¹³),gnioe6,暂无
崇明,揎(揎),[空],shioe1(ɕyø⁵⁵),shioe1,暂无
崇明,萱(萱),[空],shioe1(ɕyø⁵⁵),shioe1,暂无
崇明,小(小),~囡(可能受囡的韵母影响所致),shioe3(ɕyø⁴²⁴),shioe3,暂无
崇明,楦(楦),[空],shioe5(ɕyø³³),shioe5,暂无
崇明,冤(冤),~枉,ioe1(yø⁵⁵),ioe1,暂无
崇明,宛(宛),[空],ioe1(yø⁵⁵),ioe1,暂无
崇明,鸳(鴛),[空],ioe1(yø⁵⁵),ioe1,暂无
崇明,鸢(鳶),[空],ioe1(yø⁵⁵),ioe1,暂无
崇明,莺(鶯),[空],ioe1(yø⁵⁵),ioe1,暂无
崇明,渊(淵),[空],ioe1(yø⁵⁵),ioe1,暂无
崇明,怨(怨),[空],ioe5(yø³³),ioe5,暂无
崇明,圆(圓),[空],yoe2(ɦyø²⁴),yoe2,暂无
崇明,垣(垣),[空],yoe2(ɦyø²⁴),yoe2,暂无
崇明,园(園),[空],yoe2(ɦyø²⁴),yoe2,暂无
崇明,辕(轅),[空],yoe2(ɦyø²⁴),yoe2,暂无
崇明,员(員),[空],yoe2(ɦyø²⁴),yoe2,暂无
崇明,辕(轅),[空],yoe2(ɦyø²⁴),yoe2,暂无
崇明,袁(袁),[空],yoe2(ɦyø²⁴),yoe2,暂无
崇明,缘(緣),[空],yoe2(ɦyø²⁴),yoe2,暂无
崇明,苑(苑),[空],yoe2(ɦyø²⁴),yoe2,暂无
崇明,媛(媛),[空],yoe2(ɦyø²⁴),yoe2,暂无
崇明,猿(猿),[空],yoe2(ɦyø²⁴),yoe2,暂无
崇明,援(援),[空],yoe2(ɦyø²⁴),yoe2,暂无
崇明,沅(沅),[空],yoe2(ɦyø²⁴),yoe2,暂无
崇明,悬(懸),[空],yoe2(ɦyø²⁴),yoe2,暂无
崇明,玄(玄),[空],yoe2(ɦyø²⁴),yoe2,暂无
崇明,烜(烜),[空],yoe2(ɦyø²⁴),yoe2,暂无
崇明,炫(炫),[空],yoe2(ɦyø²⁴),yoe2,暂无
崇明,眩(眩),[空],yoe2(ɦyø²⁴),yoe2,暂无
崇明,元(元),[空],yoe2(ɦyø²⁴),yoe2,暂无
崇明,远(遠),[空],yoe4(ɦyø²⁴²),yoe4,暂无
崇明,院(院),[空],yoe6(ɦyø³¹³),yoe6,暂无
崇明,县(縣),[空],yoe6(ɦyø³¹³),yoe6,暂无
崇明,擘(擘),一虎口长叫一~,pai1(pɛ⁵⁵),pai1,暂无
崇明,摆(擺),文读,pai3(pɛ⁴²⁴),pai3,暂无
崇明,拜(拜),文读,pai5(pɛ³³),pai5,暂无
崇明,呸(呸),[空],phai1(pʰɛ⁵⁵),phai1,暂无
崇明,派(派),文读,phai5(pʰɛ³³),phai5,暂无
崇明,排(排),文读,bai2(bɛ²⁴),bai2,暂无
崇明,败(敗),文读,bai6(bɛ³¹³),bai6,暂无
崇明,母(母),母~：婶母,mai1(ʔmɛ⁵⁵),mai1,暂无
崇明,母(母),~母：婶母,mai3(ʔmɛ⁴²⁴),mai3,暂无
崇明,埋(埋),文读,mai2(ɦmɛ²⁴),mai2,暂无
崇明,霾(霾),[空],mai2(ɦmɛ²⁴),mai2,暂无
崇明,买(買),文读,mai4(ɦmɛ²⁴²),mai4,暂无
崇明,卖(賣),文读,mai6(ɦmɛ³¹³),mai6,暂无
崇明,抬(抬),~头夜壶(骂人头仰着的样子),tai1(tɛ⁵⁵),tai1,暂无
崇明,獃(呆),[空],tai1(tɛ⁵⁵),tai1,暂无
崇明,跢(跢),儿语：跢~(扶着小儿走)《集韵》去声泰韵当盖切：跢，小儿行貌。一曰倒也。,tai1(tɛ⁵⁵),tai1,暂无
崇明,殆(殆),[空],tai3(tɛ⁴²⁴),tai3,暂无
崇明,歹(歹),[空],tai3(tɛ⁴²⁴),tai3,暂无
崇明,跢(跢),儿语：跢~(扶着小儿走),tai3(tɛ⁴²⁴),tai3,暂无
崇明,带(帶),文读,tai5(tɛ³³),tai5,暂无
崇明,戴(戴),文读,tai5(tɛ³³),tai5,暂无
崇明,胎(胎),[空],thai1(tʰɛ⁵⁵),thai1,暂无
崇明,态(態),[空],thai3(tʰɛ⁴²⁴),thai3,暂无
崇明,傣(傣),[空],thai5(tʰɛ³³),thai5,暂无
崇明,太(太),文读,thai5(tʰɛ³³),thai5,暂无
崇明,泰(泰),文读,thai5(tʰɛ³³),thai5,暂无
崇明,滩(灘),河~头(河边),thai5(tʰɛ³³),thai5,暂无
崇明,台(台),[空],dai2(dɛ²⁴),dai2,暂无
崇明,抬(抬),[空],dai2(dɛ²⁴),dai2,暂无
崇明,苔(苔),[空],dai2(dɛ²⁴),dai2,暂无
崇明,台(台),[空],dai2(dɛ²⁴),dai2,暂无
崇明,待(待),[空],dai4(dɛ²⁴²),dai4,暂无
崇明,怠(怠),[空],dai4(dɛ²⁴²),dai4,暂无
崇明,代(代),[空],dai6(dɛ³¹³),dai6,暂无
崇明,袋(袋),[空],dai6(dɛ³¹³),dai6,暂无
崇明,袋(袋),宕下：~下巴,dai6(dɛ³¹³),dai6,暂无
崇明,贷(貸),[空],dai6(dɛ³¹³),dai6,暂无
崇明,黛(黛),[空],dai6(dɛ³¹³),dai6,暂无
崇明,岱(岱),[空],dai6(dɛ³¹³),dai6,暂无
崇明,逮(逮),[空],dai6(dɛ³¹³),dai6,暂无
崇明,玳(玳),[空],dai6(dɛ³¹³),dai6,暂无
崇明,乃(乃),[空],nai1(ʔnɛ⁵⁵),nai1,暂无
崇明,奶(奶),儿语：奶~(乳头；乳汁),nai1(ʔnɛ⁵⁵),nai1,暂无
崇明,奶(奶),儿语：奶~(乳头；乳汁),nai3(ʔnɛ⁴²⁴),nai3,暂无
崇明,奶(奶),文读,nai4(ɦnɛ²⁴²),nai4,暂无
崇明,耐(耐),[空],nai6(ɦnɛ³¹³),nai6,暂无
崇明,奈(奈),[空],nai6(ɦnɛ³¹³),nai6,暂无
崇明,鼐(鼐),[空],nai6(ɦnɛ³¹³),nai6,暂无
崇明,艿(艿),文读,nai6(ɦnɛ³¹³),nai6,暂无
崇明,来(來),[空],lai2(ɦlɛ²⁴),lai2,暂无
崇明,睐(睞),[空],lai2(ɦlɛ²⁴),lai2,暂无
崇明,涞(淶),[空],lai2(ɦlɛ²⁴),lai2,暂无
崇明,徕(徠),[空],lai2(ɦlɛ²⁴),lai2,暂无
崇明,崃(崍),[空],lai2(ɦlɛ²⁴),lai2,暂无
崇明,唻(唻),[空],lai2(ɦlɛ²⁴),lai2,暂无
崇明,栽(栽),[空],tsai1(tsɛ⁵⁵),tsai1,暂无
崇明,灾(災),[空],tsai1(tsɛ⁵⁵),tsai1,暂无
崇明,宰(宰),[空],tsai3(tsɛ⁴²⁴),tsai3,暂无
崇明,崽(崽),[空],tsai3(tsɛ⁴²⁴),tsai3,暂无
崇明,载(載),[空],tsai5(tsɛ³³),tsai5,暂无
崇明,再(再),[空],tsai5(tsɛ³³),tsai5,暂无
崇明,哉(哉),[空],tsai5(tsɛ³³),tsai5,暂无
崇明,猜(猜),[空],tshai1(tsʰɛ⁵⁵),tshai1,暂无
崇明,彩(彩),[空],tshai3(tsʰɛ⁴²⁴),tshai3,暂无
崇明,踩(踩),[空],tshai3(tsʰɛ⁴²⁴),tshai3,暂无
崇明,睬(睬),[空],tshai3(tsʰɛ⁴²⁴),tshai3,暂无
崇明,探(探),[空],tshai3(tsʰɛ⁴²⁴),tshai3,暂无
崇明,采(采),[空],tshai3(tsʰɛ⁴²⁴),tshai3,暂无
崇明,菜(菜),青~,tshai5(tsʰɛ³³),tshai5,暂无
崇明,才(才),[空],dzai2(dzɛ²⁴),dzai2,暂无
崇明,财(財),[空],dzai2(dzɛ²⁴),dzai2,暂无
崇明,材(材),~料,dzai2(dzɛ²⁴),dzai2,暂无
崇明,在(在),文读,dzai4(dzɛ²⁴²),dzai4,暂无
崇明,在(在),口语：~~(到处),dzai6(dzɛ³¹³),dzai6,暂无
崇明,揌(揌),[空],sai1(sɛ⁵⁵),sai1,暂无
崇明,塞(塞),领子~一~,sai1(sɛ⁵⁵),sai1,暂无
崇明,腮(腮),[空],sai1(sɛ⁵⁵),sai1,暂无
崇明,鳃(鰓),[空],sai1(sɛ⁵⁵),sai1,暂无
崇明,赛(賽),[空],sai5(sɛ³³),sai5,暂无
崇明,塞(塞),~头疖子之类化脓结痂后的脓疙瘩,sai5(sɛ³³),sai5,暂无
崇明,裁(裁),[空],zai2(zɛ²⁴),zai2,暂无
崇明,材(材),棺~,zai2(zɛ²⁴),zai2,暂无
崇明,罪(罪),口语：罪过(谢谢),zai4(zɛ²⁴²),zai4,暂无
崇明,该(該),[空],kai1(kɛ⁵⁵),kai1,暂无
崇明,垓(垓),[空],kai1(kɛ⁵⁵),kai1,暂无
崇明,赅(賅),[空],kai1(kɛ⁵⁵),kai1,暂无
崇明,改(改),[空],kai3(kɛ⁴²⁴),kai3,暂无
崇明,盖(蓋),[空],kai5(kɛ³³),kai5,暂无
崇明,钙(鈣),[空],kai5(kɛ³³),kai5,暂无
崇明,概(概),[空],kai5(kɛ³³),kai5,暂无
崇明,丐(丐),[空],kai5(kɛ³³),kai5,暂无
崇明,匄(匄),[空],kai5(kɛ³³),kai5,暂无
崇明,溉(溉),[空],kai5(kɛ³³),kai5,暂无
崇明,开(開),[空],khai1(kʰɛ⁵⁵),khai1,暂无
崇明,凯(凱),[空],khai3(kʰɛ⁴²⁴),khai3,暂无
崇明,慨(慨),[空],khai5(kʰɛ³³),khai5,暂无
崇明,闿(闓),[空],khai5(kʰɛ³³),khai5,暂无
崇明,戤(戤),[空],gai6(gɛ³¹³),gai6,暂无
崇明,隑(隑),斜靠。《集韵》去声代韵巨代切“博雅陭也”。陭即倚也。,gai6(gɛ³¹³),gai6,暂无
崇明,呆(呆),[空],ngai2(ŋɛ²⁴),ngai2,暂无
崇明,艾(艾),[空],ngai6(ŋɛ³¹³),ngai6,暂无
崇明,碍(礙),[空],ngai6(ŋɛ³¹³),ngai6,暂无
崇明,嗨(嗨),叹词,hai1(hɛ⁵⁵),hai1,暂无
崇明,咍(咍),[空],hai1(hɛ⁵⁵),hai1,暂无
崇明,海(海),[空],hai3(hɛ⁴²⁴),hai3,暂无
崇明,醢(醢),[空],hai3(hɛ⁴²⁴),hai3,暂无
崇明,骇(駭),[空],hai3(hɛ⁴²⁴),hai3,暂无
崇明,许(許),口语。答应给予,hai3(hɛ⁴²⁴),hai3,暂无
崇明,骸(骸),[空],hai5(hɛ³³),hai5,暂无
崇明,孩(孩),[空],ghai2(hɦɛ²⁴),ghai2,暂无
崇明,咳(咳),大声喊叫。《广韵》平声咍韵户来切“小儿笑貌”,ghai2(hɦɛ²⁴),ghai2,暂无
崇明,亥(亥),[空],ghai4(hɦɛ²⁴²),ghai4,暂无
崇明,咳(咳),~声叹气,ghai4(hɦɛ²⁴²),ghai4,暂无
崇明,氦(氦),[空],ghai6(hɦɛ³¹³),ghai6,暂无
崇明,害(害),[空],ghai6(hɦɛ³¹³),ghai6,暂无
崇明,哀(哀),[空],ai1(ɛ⁵⁵),ai1,暂无
崇明,哎(哎),叹词，招呼的声音，相当于北京话的喂,ai1(ɛ⁵⁵),ai1,暂无
崇明,还(還),连读调；还要,ai3(ɛ⁴²⁴),ai3,暂无
崇明,爱(愛),[空],ai5(ɛ³³),ai5,暂无
崇明,嗳(噯),~一哇(病痛时的叫声),ai5(ɛ³³),ai5,暂无
崇明,隘(隘),[空],ai5(ɛ³³),ai5,暂无
崇明,霭(靄),[空],ai5(ɛ³³),ai5,暂无
崇明,暖(暖),[空],ai5(ɛ³³),ai5,暂无
崇明,瑷(璦),[空],ai5(ɛ³³),ai5,暂无
崇明,蔼(藹),[空],ai5(ɛ³³),ai5,暂无
崇明,皑(皚),[空],ai5(ɛ³³),ai5,暂无
崇明,嗳(噯),[空],ai5(ɛ³³),ai5,暂无
崇明,还(還),单子调；再；还,ai5(ɛ³³),ai5,暂无
崇明,埃(埃),[空],ai2(ɦɛ²⁴),ai2,暂无
崇明,谐(諧),[空],ai2(ɦɛ²⁴),ai2,暂无
崇明,唉(唉),~声叹气,ai4(ɦɛ²⁴²),ai4,暂无
崇明,懈(懈),[空],ai6(ɦɛ³¹³),ai6,暂无
崇明,械(械),[空],ai6(ɦɛ³¹³),ai6,暂无
崇明,谐(諧),[空],yai2(ɦiɛ²⁴),yai2,暂无
崇明,懈(懈),[空],yai6(ɦiɛ³¹³),yai6,暂无
崇明,械(械),[空],yai6(ɦiɛ³¹³),yai6,暂无
崇明,乖(乖),文读,kuai1(kuɛ⁵⁵),kuai1,暂无
崇明,夬(夬),[空],kuai5(kuɛ³³),kuai5,暂无
崇明,怪(怪),文读,kuai5(kuɛ³³),kuai5,暂无
崇明,快(快),文读,khuai5(kʰuɛ³³),khuai5,暂无
崇明,筷(筷),文读,khuai5(kʰuɛ³³),khuai5,暂无
崇明,蒯(蒯),[空],khuai5(kʰuɛ³³),khuai5,暂无
崇明,歪(歪),~笃子(歪着的样子),uai1(uɛ⁵⁵),uai1,暂无
崇明,喂(喂),叹词,uai1(uɛ⁵⁵),uai1,暂无
崇明,淮(淮),白读,wai2(ɦuɛ²⁴),wai2,暂无
崇明,槐(槐),白读,wai2(ɦuɛ²⁴),wai2,暂无
崇明,还(還),~好(病痛有所减轻),wai2(ɦuɛ²⁴),wai2,暂无
崇明,外(外),~戏(偶尔玩一下),wai4(ɦuɛ²⁴²),wai4,暂无
崇明,外(外),文读,wai6(ɦuɛ³¹³),wai6,暂无
崇明,坏(壞),[空],wai6(ɦuɛ³¹³),wai6,暂无
崇明,般(般),[空],pae1(pæ⁵⁵),pae1,暂无
崇明,扳(扳),[空],pae1(pæ⁵⁵),pae1,暂无
崇明,班(班),[空],pae1(pæ⁵⁵),pae1,暂无
崇明,斑(斑),[空],pae1(pæ⁵⁵),pae1,暂无
崇明,颁(頒),[空],pae1(pæ⁵⁵),pae1,暂无
崇明,瘢(瘢),[空],pae1(pæ⁵⁵),pae1,暂无
崇明,癍(癍),[空],pae1(pæ⁵⁵),pae1,暂无
崇明,板(板),[空],pae3(pæ⁴²⁴),pae3,暂无
崇明,版(版),[空],pae3(pæ⁴²⁴),pae3,暂无
崇明,扮(扮),[空],pae3(pæ⁴²⁴),pae3,暂无
崇明,阪(阪),[空],pae3(pæ⁴²⁴),pae3,暂无
崇明,阪(阪),[空],pae3(pæ⁴²⁴),pae3,暂无
崇明,瓣(瓣),[空],pae5(pæ³³),pae5,暂无
崇明,绊(絆),[空],pae5(pæ³³),pae5,暂无
崇明,跘(跘),[空],pae5(pæ³³),pae5,暂无
崇明,攀(攀),[空],phae1(pʰæ⁵⁵),phae1,暂无
崇明,盼(盼),[空],phae5(pʰæ³³),phae5,暂无
崇明,襻(襻),[空],phae5(pʰæ³³),phae5,暂无
崇明,爿(爿),[空],bae2(bæ²⁴),bae2,暂无
崇明,办(辦),[空],bae6(bæ³¹³),bae6,暂无
崇明,蛮(蠻),横~；不讲理,mae1(ʔmæ⁵⁵),mae1,暂无
崇明,蛮(蠻),副词：~好(很好),mae1(ʔmæ⁵⁵),mae1,暂无
崇明,曼(曼),人名：赵一~,mae1(ʔmæ⁵⁵),mae1,暂无
崇明,蛮(蠻),野~,mae2(ɦmæ²⁴),mae2,暂无
崇明,蔓(蔓),[空],mae2(ɦmæ²⁴),mae2,暂无
崇明,幔(幔),[空],mae2(ɦmæ²⁴),mae2,暂无
崇明,鳗(鰻),文读,mae2(ɦmæ²⁴),mae2,暂无
崇明,晚(晚),口语：~娘(后母),mae4(ɦmæ²⁴²),mae4,暂无
崇明,曼(曼),[空],mae6(ɦmæ³¹³),mae6,暂无
崇明,慢(慢),[空],mae6(ɦmæ³¹³),mae6,暂无
崇明,漫(漫),[空],mae6(ɦmæ³¹³),mae6,暂无
崇明,万(萬),白读,mae6(ɦmæ³¹³),mae6,暂无
崇明,翻(翻),[空],fae1(fæ⁵⁵),fae1,暂无
崇明,番(番),[空],fae1(fæ⁵⁵),fae1,暂无
崇明,幅(幅),[空],fae1(fæ⁵⁵),fae1,暂无
崇明,反(反),[空],fae3(fæ⁴²⁴),fae3,暂无
崇明,返(返),[空],fae3(fæ⁴²⁴),fae3,暂无
崇明,泛(泛),[空],fae5(fæ³³),fae5,暂无
崇明,贩(販),[空],fae5(fæ³³),fae5,暂无
崇明,凡(凡),[空],vae2(væ²⁴),vae2,暂无
崇明,繁(繁),[空],vae2(væ²⁴),vae2,暂无
崇明,帆(帆),[空],vae2(væ²⁴),vae2,暂无
崇明,烦(煩),[空],vae2(væ²⁴),vae2,暂无
崇明,樊(樊),[空],vae2(væ²⁴),vae2,暂无
崇明,梵(梵),[空],vae2(væ²⁴),vae2,暂无
崇明,藩(藩),[空],vae2(væ²⁴),vae2,暂无
崇明,矾(礬),[空],vae2(væ²⁴),vae2,暂无
崇明,蕃(蕃),[空],vae2(væ²⁴),vae2,暂无
崇明,燔(燔),[空],vae2(væ²⁴),vae2,暂无
崇明,犯(犯),[空],vae4(væ²⁴²),vae4,暂无
崇明,范(範),模~,vae6(væ³¹³),vae6,暂无
崇明,饭(飯),[空],vae6(væ³¹³),vae6,暂无
崇明,万(萬),文读,vae6(væ³¹³),vae6,暂无
崇明,聃(聃),[空],tae1(tæ⁵⁵),tae1,暂无
崇明,儋(儋),[空],tae1(tæ⁵⁵),tae1,暂无
崇明,耽(耽),[空],tae1(tæ⁵⁵),tae1,暂无
崇明,担(擔),~当,tae1(tæ⁵⁵),tae1,暂无
崇明,诞(誕),[空],tae3(tæ⁴²⁴),tae3,暂无
崇明,殚(殫),[空],tae3(tæ⁴²⁴),tae3,暂无
崇明,胆(膽),[空],tae3(tæ⁴²⁴),tae3,暂无
崇明,担(擔),~子,tae5(tæ³³),tae5,暂无
崇明,旦(旦),[空],tae5(tæ³³),tae5,暂无
崇明,石(石),量词：一~米,tae5(tæ³³),tae5,暂无
崇明,坍(坍),~面子：丢脸,thae1(tʰæ⁵⁵),thae1,暂无
崇明,滩(灘),~簧戏,thae1(tʰæ⁵⁵),thae1,暂无
崇明,摊(攤),一~生：聚在一摊的样子,thae1(tʰæ⁵⁵),thae1,暂无
崇明,毯(毯),~子,thae1(tʰæ⁵⁵),thae1,暂无
崇明,坦(坦),[空],thae3(tʰæ⁴²⁴),thae3,暂无
崇明,袒(袒),[空],thae3(tʰæ⁴²⁴),thae3,暂无
崇明,坍(坍),房子~脱：房子塌了,thae5(tʰæ³³),thae5,暂无
崇明,探(探),试探,thae5(tʰæ³³),thae5,暂无
崇明,谭(譚),[空],dae2(dæ²⁴),dae2,暂无
崇明,坛(壇),[空],dae2(dæ²⁴),dae2,暂无
崇明,昙(曇),[空],dae2(dæ²⁴),dae2,暂无
崇明,潭(潭),[空],dae2(dæ²⁴),dae2,暂无
崇明,谈(談),[空],dae2(dæ²⁴),dae2,暂无
崇明,痰(痰),[空],dae2(dæ²⁴),dae2,暂无
崇明,覃(覃),[空],dae2(dæ²⁴),dae2,暂无
崇明,淡(淡),[空],dae4(dæ²⁴²),dae4,暂无
崇明,啖(啖),[空],dae4(dæ²⁴²),dae4,暂无
崇明,氮(氮),[空],dae4(dæ²⁴²),dae4,暂无
崇明,澹(澹),[空],dae4(dæ²⁴²),dae4,暂无
崇明,弹(彈),~珠：小孩玩的玻璃球,dae6(dæ³¹³),dae6,暂无
崇明,惮(憚),[空],dae6(dæ³¹³),dae6,暂无
崇明,𥲄(𥲄),~篮(竹篮)。𥲄，《广韵》上声敢韵徒敢切“竹名”。《集韵》上声敢韵杜览切“竹名”，又去声阚韵徒滥切“竹名”。崇明话“𥲄”不单说，连读调中读阳去调，所以推断单字调读阳上、阳去都有可能,dae6(dæ³¹³),dae6,暂无
崇明,拿(拿),疑即揽读阴平调,nae1(ʔnæ⁵⁵),nae1,暂无
崇明,拿(拿),硬要给人。疑即揽读阳去调,nae6(ɦnæ³¹³),nae6,暂无
崇明,兰(蘭),人名，读阴平调表爱称,lae1(ʔlæ⁵⁵),lae1,暂无
崇明,览(覽),[空],lae3(ʔlæ⁴²⁴),lae3,暂无
崇明,滥(濫),[空],lae5(ʔlæ³³),lae5,暂无
崇明,兰(蘭),[空],lae2(ɦlæ²⁴),lae2,暂无
崇明,蓝(藍),[空],lae2(ɦlæ²⁴),lae2,暂无
崇明,斓(斕),[空],lae2(ɦlæ²⁴),lae2,暂无
崇明,榄(欖),[空],lae2(ɦlæ²⁴),lae2,暂无
崇明,篮(籃),[空],lae2(ɦlæ²⁴),lae2,暂无
崇明,阑(闌),[空],lae2(ɦlæ²⁴),lae2,暂无
崇明,岚(嵐),[空],lae2(ɦlæ²⁴),lae2,暂无
崇明,澜(瀾),[空],lae2(ɦlæ²⁴),lae2,暂无
崇明,懒(懶),[空],lae4(ɦlæ²⁴²),lae4,暂无
崇明,揽(攬),[空],lae6(ɦlæ³¹³),lae6,暂无
崇明,烂(爛),[空],lae6(ɦlæ³¹³),lae6,暂无
崇明,缆(纜),[空],lae6(ɦlæ³¹³),lae6,暂无
崇明,斩(斬),用刀切,tsae1(tsæ⁵⁵),tsae1,暂无
崇明,盏(盞),[空],tsae3(tsæ⁴²⁴),tsae3,暂无
崇明,崭(嶄),[空],tsae3(tsæ⁴²⁴),tsae3,暂无
崇明,蘸(蘸),[空],tsae5(tsæ³³),tsae5,暂无
崇明,搀(攙),[空],tshae1(tsʰæ⁵⁵),tshae1,暂无
崇明,菜(菜),口语：小~(菜肴),tshae1(tsʰæ⁵⁵),tshae1,暂无
崇明,铲(鏟),[空],tshae3(tsʰæ⁴²⁴),tshae3,暂无
崇明,产(產),生~,tshae3(tsʰæ⁴²⁴),tshae3,暂无
崇明,忏(懺),[空],tshae5(tsʰæ³³),tshae5,暂无
崇明,残(殘),[空],dzae2(dzæ²⁴),dzae2,暂无
崇明,馋(饞),嘴~,dzae2(dzæ²⁴),dzae2,暂无
崇明,谗(讒),[空],dzae2(dzæ²⁴),dzae2,暂无
崇明,赚(賺),[空],dzae4(dzæ²⁴²),dzae4,暂无
崇明,惭(慚),[空],dzae4(dzæ²⁴²),dzae4,暂无
崇明,巉(巉),陡。《广韵》上声槛韵仕槛切“峻巉貌”,dzae4(dzæ²⁴²),dzae4,暂无
崇明,纔(纔),[空],dzae4(dzæ²⁴²),dzae4,暂无
崇明,暂(暫),[空],dzae6(dzæ³¹³),dzae6,暂无
崇明,站(站),[空],dzae6(dzæ³¹³),dzae6,暂无
崇明,绽(綻),[空],dzae6(dzæ³¹³),dzae6,暂无
崇明,湛(湛),[空],dzae6(dzæ³¹³),dzae6,暂无
崇明,栈(棧),[空],dzae6(dzæ³¹³),dzae6,暂无
崇明,䋎(䋎),《广韵》去声裥韵丈苋切“补缝”,dzae6(dzæ³¹³),dzae6,暂无
崇明,山(山),[空],sae1(sæ⁵⁵),sae1,暂无
崇明,珊(珊),[空],sae1(sæ⁵⁵),sae1,暂无
崇明,衫(衫),[空],sae1(sæ⁵⁵),sae1,暂无
崇明,姗(姍),[空],sae1(sæ⁵⁵),sae1,暂无
崇明,疝(疝),[空],sae1(sæ⁵⁵),sae1,暂无
崇明,讪(訕),[空],sae1(sæ⁵⁵),sae1,暂无
崇明,汕(汕),[空],sae1(sæ⁵⁵),sae1,暂无
崇明,潸(潸),[空],sae1(sæ⁵⁵),sae1,暂无
崇明,舢(舢),[空],sae1(sæ⁵⁵),sae1,暂无
崇明,三(三),[空],sae1(sæ⁵⁵),sae1,暂无
崇明,三(三),[空],sae1(sæ⁵⁵),sae1,暂无
崇明,杉(杉),水~,sae1(sæ⁵⁵),sae1,暂无
崇明,萨(薩),菩~,sae1(sæ⁵⁵),sae1,暂无
崇明,杉(杉),~木,sae5(sæ³³),sae5,暂无
崇明,跚(跚),[空],sae5(sæ³³),sae5,暂无
崇明,删(刪),[空],sae5(sæ³³),sae5,暂无
崇明,产(產),虫~子(产卵)。产，《广韵》上声产韵所简切。今读阴去调，可能跟“产子”连读调音同“删子”所致,sae5(sæ³³),sae5,暂无
崇明,馋(饞),~唾：唾液,zae2(zæ²⁴),zae2,暂无
崇明,尴(尷),[空],kae1(kæ⁵⁵),kae1,暂无
崇明,监(監),~牢,kae1(kæ⁵⁵),kae1,暂无
崇明,间(間),白读：房间,kae1(kæ⁵⁵),kae1,暂无
崇明,奸(奸),白读,kae1(kæ⁵⁵),kae1,暂无
崇明,艰(艱),白读,kae1(kæ⁵⁵),kae1,暂无
崇明,减(減),[空],kae3(kæ⁴²⁴),kae3,暂无
崇明,间(間),白读：~一天：隔一天,kae5(kæ³³),kae5,暂无
崇明,缄(緘),[空],kae5(kæ³³),kae5,暂无
崇明,碱(堿),[空],kae5(kæ³³),kae5,暂无
崇明,铅(鉛),[空],khae1(kʰæ⁵⁵),khae1,暂无
崇明,槛(檻),[空],khae3(kʰæ⁴²⁴),khae3,暂无
崇明,舰(艦),[空],khae3(kʰæ⁴²⁴),khae3,暂无
崇明,嵌(嵌),[空],khae5(kʰæ³³),khae5,暂无
崇明,眼(眼),一~~：一点点,ngae1(ʔŋæ⁵⁵),ngae1,暂无
崇明,衔(銜),~头,ngae2(ɦŋæ²⁴),ngae2,暂无
崇明,颜(顏),白读,ngae2(ɦŋæ²⁴),ngae2,暂无
崇明,眼(眼),[空],ngae4(ɦŋæ²⁴²),ngae4,暂无
崇明,颜(顏),配~色,ngae6(ɦŋæ³¹³),ngae6,暂无
崇明,憨(憨),~来(不听话)《广韵》平声谈韵呼谈切“痴也”,hae1(hæ⁵⁵),hae1,暂无
崇明,喊(喊),[空],hae5(hæ³³),hae5,暂无
崇明,咸(咸),[空],ghae2(hɦæ²⁴),ghae2,暂无
崇明,鹹(鹹),[空],ghae2(hɦæ²⁴),ghae2,暂无
崇明,衔(銜),[空],ghae2(hɦæ²⁴),ghae2,暂无
崇明,啣(啣),[空],ghae2(hɦæ²⁴),ghae2,暂无
崇明,限(限),[空],ghae4(hɦæ²⁴²),ghae4,暂无
崇明,关(關),[空],kuae1(kuæ⁵⁵),kuae1,暂无
崇明,纶(綸),~巾,kuae1(kuæ⁵⁵),kuae1,暂无
崇明,鳏(鰥),[空],kuae1(kuæ⁵⁵),kuae1,暂无
崇明,矔(矔),眼梢瞥见。《广韵》去声谏韵古患切：矔眮，转目。,kuae3(kuæ⁴²⁴),kuae3,暂无
崇明,惯(慣),[空],kuae5(kuæ³³),kuae5,暂无
崇明,筷(筷),[空],khuae5(kʰuæ³³),khuae5,暂无
崇明,顽(頑),[空],guae2(guæ²⁴),guae2,暂无
崇明,环(環),~绕,guae2(guæ²⁴),guae2,暂无
崇明,掼(摜),[空],guae4(guæ²⁴²),guae4,暂无
崇明,环(環),耳~,guae6(guæ³¹³),guae6,暂无
崇明,懁(懁),小孩乖。《集韵》平声删韵呼关切“性戾也”。可能是一种饭调,huae1(huæ⁵⁵),huae1,暂无
崇明,甩(甩),摔,huae5(huæ³³),huae5,暂无
崇明,湾(灣),[空],uae1(uæ⁵⁵),uae1,暂无
崇明,弯(彎),[空],uae1(uæ⁵⁵),uae1,暂无
崇明,挽(挽),[空],uae3(uæ⁴²⁴),uae3,暂无
崇明,绾(綰),[空],uae3(uæ⁴²⁴),uae3,暂无
崇明,患(患),[空],uae5(uæ³³),uae5,暂无
崇明,幻(幻),[空],uae5(uæ³³),uae5,暂无
崇明,宦(宦),[空],uae5(uæ³³),uae5,暂无
崇明,晚(晚),文读,uae5(uæ³³),uae5,暂无
崇明,还(還),归~,wae2(ɦuæ²⁴),wae2,暂无
崇明,剖(剖),[空],pheu1(pʰɵ⁵⁵),pheu1,暂无
崇明,每(每),[空],meu1(ʔmɵ⁵⁵),meu1,暂无
崇明,眸(眸),[空],meu1(ʔmɵ⁵⁵),meu1,暂无
崇明,谋(謀),[空],meu2(ɦmɵ²⁴),meu2,暂无
崇明,贸(貿),[空],meu2(ɦmɵ²⁴),meu2,暂无
崇明,矛(矛),[空],meu2(ɦmɵ²⁴),meu2,暂无
崇明,媒(媒),[空],meu2(ɦmɵ²⁴),meu2,暂无
崇明,某(某),[空],meu4(ɦmɵ²⁴²),meu4,暂无
崇明,茂(茂),[空],meu6(ɦmɵ³¹³),meu6,暂无
崇明,亩(畝),[空],meu6(ɦmɵ³¹³),meu6,暂无
崇明,浮(浮),~来(轻浮得很),feu1(fɵ⁵⁵),feu1,暂无
崇明,否(否),[空],feu3(fɵ⁴²⁴),feu3,暂无
崇明,浮(浮),~游,veu2(vɵ²⁴),veu2,暂无
崇明,阜(阜),[空],veu2(vɵ²⁴),veu2,暂无
崇明,复(復),文读：~活,veu6(vɵ³¹³),veu6,暂无
崇明,兜(兜),[空],teu1(tɵ⁵⁵),teu1,暂无
崇明,陡(陡),[空],teu3(tɵ⁴²⁴),teu3,暂无
崇明,斗(斗),量具,teu3(tɵ⁴²⁴),teu3,暂无
崇明,抖(抖),[空],teu3(tɵ⁴²⁴),teu3,暂无
崇明,蚪(蚪),[空],teu3(tɵ⁴²⁴),teu3,暂无
崇明,斗(鬥),[空],teu5(tɵ³³),teu5,暂无
崇明,偷(偷),[空],theu1(tʰɵ⁵⁵),theu1,暂无
崇明,㪗(㪗),~气：呼吸,theu3(tʰɵ⁴²⁴),theu3,暂无
崇明,透(透),[空],theu5(tʰɵ³³),theu5,暂无
崇明,头(頭),[空],deu2(dɵ²⁴),deu2,暂无
崇明,投(投),[空],deu2(dɵ²⁴),deu2,暂无
崇明,骰(骰),[空],deu2(dɵ²⁴),deu2,暂无
崇明,逗(逗),[空],deu4(dɵ²⁴²),deu4,暂无
崇明,豆(豆),[空],deu6(dɵ³¹³),deu6,暂无
崇明,窦(竇),[空],deu6(dɵ³¹³),deu6,暂无
崇明,痘(痘),[空],deu6(dɵ³¹³),deu6,暂无
崇明,登(登),[空],deu6(dɵ³¹³),deu6,暂无
崇明,娄(婁),[空],leu2(ɦlɵ²⁴),leu2,暂无
崇明,楼(樓),[空],leu2(ɦlɵ²⁴),leu2,暂无
崇明,瘘(瘺),[空],leu2(ɦlɵ²⁴),leu2,暂无
崇明,留(留),白读,leu2(ɦlɵ²⁴),leu2,暂无
崇明,搂(摟),[空],leu4(ɦlɵ²⁴²),leu4,暂无
崇明,篓(簍),[空],leu6(ɦlɵ³¹³),leu6,暂无
崇明,周(周),[空],tseu1(tsɵ⁵⁵),tseu1,暂无
崇明,州(州),[空],tseu1(tsɵ⁵⁵),tseu1,暂无
崇明,洲(洲),[空],tseu1(tsɵ⁵⁵),tseu1,暂无
崇明,舟(舟),[空],tseu1(tsɵ⁵⁵),tseu1,暂无
崇明,邹(鄒),[空],tseu1(tsɵ⁵⁵),tseu1,暂无
崇明,走(走),[空],tseu3(tsɵ⁴²⁴),tseu3,暂无
崇明,帚(帚),[空],tseu3(tsɵ⁴²⁴),tseu3,暂无
崇明,咒(咒),[空],tseu5(tsɵ³³),tseu5,暂无
崇明,肘(肘),[空],tseu5(tsɵ³³),tseu5,暂无
崇明,昼(晝),[空],tseu5(tsɵ³³),tseu5,暂无
崇明,胄(冑),[空],tseu5(tsɵ³³),tseu5,暂无
崇明,奏(奏),[空],tseu5(tsɵ³³),tseu5,暂无
崇明,皱(皺),文读,tseu5(tsɵ³³),tseu5,暂无
崇明,抽(抽),[空],tsheu1(tsʰɵ⁵⁵),tsheu1,暂无
崇明,愁(愁),[空],tsheu1(tsʰɵ⁵⁵),tsheu1,暂无
崇明,雠(讎),[空],tsheu1(tsʰɵ⁵⁵),tsheu1,暂无
崇明,揍(揍),[空],tsheu3(tsʰɵ⁴²⁴),tsheu3,暂无
崇明,丑(寅),子丑寅卯,tsheu5(tsʰɵ³³),tsheu5,暂无
崇明,臭(臭),[空],tsheu5(tsʰɵ³³),tsheu5,暂无
崇明,丑(醜),[空],tsheu5(tsʰɵ³³),tsheu5,暂无
崇明,凑(湊),[空],tsheu5(tsʰɵ³³),tsheu5,暂无
崇明,籀(籀),[空],dzeu2(dzɵ²⁴),dzeu2,暂无
崇明,仇(仇),~恨,dzeu2(dzɵ²⁴),dzeu2,暂无
崇明,酬(酬),[空],dzeu2(dzɵ²⁴),dzeu2,暂无
崇明,稠(稠),[空],dzeu2(dzɵ²⁴),dzeu2,暂无
崇明,绸(綢),[空],dzeu2(dzɵ²⁴),dzeu2,暂无
崇明,踌(躊),[空],dzeu2(dzɵ²⁴),dzeu2,暂无
崇明,畴(疇),[空],dzeu2(dzɵ²⁴),dzeu2,暂无
崇明,惆(惆),[空],dzeu2(dzɵ²⁴),dzeu2,暂无
崇明,揉(揉),文读,dzeu2(dzɵ²⁴),dzeu2,暂无
崇明,授(授),[空],dzeu6(dzɵ³¹³),dzeu6,暂无
崇明,缓(緩),[空],dzeu6(dzɵ³¹³),dzeu6,暂无
崇明,纣(紂),[空],dzeu6(dzɵ³¹³),dzeu6,暂无
崇明,骤(驟),[空],dzeu6(dzɵ³¹³),dzeu6,暂无
崇明,宙(宙),[空],dzeu6(dzɵ³¹³),dzeu6,暂无
崇明,售(售),[空],dzeu6(dzɵ³¹³),dzeu6,暂无
崇明,搜(搜),[空],seu1(sɵ⁵⁵),seu1,暂无
崇明,飕(颼),[空],seu1(sɵ⁵⁵),seu1,暂无
崇明,收(收),[空],seu1(sɵ⁵⁵),seu1,暂无
崇明,搜(搜),[空],seu1(sɵ⁵⁵),seu1,暂无
崇明,艘(艘),[空],seu1(sɵ⁵⁵),seu1,暂无
崇明,嗖(嗖),[空],seu1(sɵ⁵⁵),seu1,暂无
崇明,艘(艘),[空],seu1(sɵ⁵⁵),seu1,暂无
崇明,手(手),[空],seu3(sɵ⁴²⁴),seu3,暂无
崇明,漫(漫),[空],seu3(sɵ⁴²⁴),seu3,暂无
崇明,擞(擻),[空],seu3(sɵ⁴²⁴),seu3,暂无
崇明,狩(狩),[空],seu3(sɵ⁴²⁴),seu3,暂无
崇明,首(首),[空],seu3(sɵ⁴²⁴),seu3,暂无
崇明,守(守),[空],seu3(sɵ⁴²⁴),seu3,暂无
崇明,叟(叟),[空],seu3(sɵ⁴²⁴),seu3,暂无
崇明,兽(獸),[空],seu5(sɵ³³),seu5,暂无
崇明,瘦(瘦),[空],seu5(sɵ³³),seu5,暂无
崇明,嗽(嗽),[空],seu5(sɵ³³),seu5,暂无
崇明,愁(愁),[空],zeu2(zɵ²⁴),zeu2,暂无
崇明,就(就),白读,zeu2(zɵ²⁴),zeu2,暂无
崇明,受(受),[空],zeu4(zɵ²⁴²),zeu4,暂无
崇明,聚(聚),口语：~点芝麻(积累些芝麻),zeu4(zɵ²⁴²),zeu4,暂无
崇明,寿(壽),[空],zeu6(zɵ³¹³),zeu6,暂无
崇明,勾(勾),[空],keu1(kɵ⁵⁵),keu1,暂无
崇明,沟(溝),[空],keu1(kɵ⁵⁵),keu1,暂无
崇明,钩(鉤),[空],keu1(kɵ⁵⁵),keu1,暂无
崇明,篝(篝),[空],keu1(kɵ⁵⁵),keu1,暂无
崇明,笱(笱),[空],keu1(kɵ⁵⁵),keu1,暂无
崇明,遘(遘),[空],keu1(kɵ⁵⁵),keu1,暂无
崇明,锯(鋸),~子,keu1(kɵ⁵⁵),keu1,暂无
崇明,狗(狗),[空],keu3(kɵ⁴²⁴),keu3,暂无
崇明,苟(苟),[空],keu3(kɵ⁴²⁴),keu3,暂无
崇明,枸(枸),[空],keu3(kɵ⁴²⁴),keu3,暂无
崇明,诟(詬),[空],keu3(kɵ⁴²⁴),keu3,暂无
崇明,购(購),[空],keu5(kɵ³³),keu5,暂无
崇明,够(夠),[空],keu5(kɵ³³),keu5,暂无
崇明,构(構),[空],keu5(kɵ³³),keu5,暂无
崇明,垢(垢),[空],keu5(kɵ³³),keu5,暂无
崇明,媾(媾),[空],keu5(kɵ³³),keu5,暂无
崇明,抠(摳),[空],kheu1(kʰɵ⁵⁵),kheu1,暂无
崇明,眍(瞘),[空],kheu1(kʰɵ⁵⁵),kheu1,暂无
崇明,口(口),[空],kheu3(kʰɵ⁴²⁴),kheu3,暂无
崇明,扣(扣),[空],kheu3(kʰɵ⁴²⁴),kheu3,暂无
崇明,寇(寇),[空],kheu5(kʰɵ³³),kheu5,暂无
崇明,叩(叩),[空],kheu5(kʰɵ³³),kheu5,暂无
崇明,蔻(蔻),[空],kheu5(kʰɵ³³),kheu5,暂无
崇明,筘(筘),[空],kheu5(kʰɵ³³),kheu5,暂无
崇明,扣(扣),[空],kheu5(kʰɵ³³),kheu5,暂无
崇明,痀(痀),身体蜷缩。《集韵》平声虞韵权俱切：痀，说文曲脊也,geu2(gɵ²⁴),geu2,暂无
崇明,鸲(鴝),~鸪，~哥(八哥),geu2(gɵ²⁴),geu2,暂无
崇明,藕(藕),[空],ngeu4(ŋɵ²⁴²),ngeu4,暂无
崇明,藕(藕),[空],ngeu4(ŋɵ²⁴²),ngeu4,暂无
崇明,钮(鈕),口语：~头(钮扣),ngeu4(ŋɵ²⁴²),ngeu4,暂无
崇明,纽(紐),同钮,ngeu4(ŋɵ²⁴²),ngeu4,暂无
崇明,偶(偶),[空],ngeu6(ŋɵ³¹³),ngeu6,暂无
崇明,鼾(鼾),[空],heu1(hɵ⁵⁵),heu1,暂无
崇明,鲎(鱟),虹,heu5(hɵ³³),heu5,暂无
崇明,吼(吼),[空],heu5(hɵ³³),heu5,暂无
崇明,喉(喉),[空],gheu2(hɦɵ²⁴),gheu2,暂无
崇明,侯(侯),[空],gheu2(hɦɵ²⁴),gheu2,暂无
崇明,后(后),皇后,gheu2(hɦɵ²⁴),gheu2,暂无
崇明,厚(厚),[空],gheu4(hɦɵ²⁴²),gheu4,暂无
崇明,后(後),[空],gheu4(hɦɵ²⁴²),gheu4,暂无
崇明,候(候),[空],gheu6(hɦɵ³¹³),gheu6,暂无
崇明,区(區),姓,eu1(ɵ⁵⁵),eu1,暂无
崇明,殴(毆),[空],eu1(ɵ⁵⁵),eu1,暂无
崇明,讴(謳),[空],eu1(ɵ⁵⁵),eu1,暂无
崇明,欧(歐),[空],eu1(ɵ⁵⁵),eu1,暂无
崇明,瓯(甌),[空],eu1(ɵ⁵⁵),eu1,暂无
崇明,鸥(鷗),[空],eu1(ɵ⁵⁵),eu1,暂无
崇明,呕(嘔),[空],eu3(ɵ⁴²⁴),eu3,暂无
崇明,沤(漚),[空],eu5(ɵ³³),eu5,暂无
崇明,怄(慪),[空],eu5(ɵ³³),eu5,暂无
崇明,伛(傴),~背：弓着背,eu5(ɵ³³),eu5,暂无
崇明,呕(嘔),象声词：~~~(形容哭声),eu4(ɦɵ²⁴²),eu4,暂无
崇明,彪(彪),[空],pieu1(piɵ⁵⁵),pieu1,暂无
崇明,谬(謬),[空],mieu3(ʔmiɵ⁴²⁴),mieu3,暂无
崇明,丢(丟),[空],tieu1(tiɵ⁵⁵),tieu1,暂无
崇明,溜(溜),[空],lieu1(ʔliɵ⁵⁵),lieu1,暂无
崇明,遛(遛),[空],lieu1(ʔliɵ⁵⁵),lieu1,暂无
崇明,流(流),[空],lieu2(ɦliɵ²⁴),lieu2,暂无
崇明,留(留),文读,lieu2(ɦliɵ²⁴),lieu2,暂无
崇明,刘(劉),[空],lieu2(ɦliɵ²⁴),lieu2,暂无
崇明,硫(硫),[空],lieu2(ɦliɵ²⁴),lieu2,暂无
崇明,瘤(瘤),[空],lieu2(ɦliɵ²⁴),lieu2,暂无
崇明,琉(琉),[空],lieu2(ɦliɵ²⁴),lieu2,暂无
崇明,榴(榴),[空],lieu2(ɦliɵ²⁴),lieu2,暂无
崇明,浏(瀏),[空],lieu2(ɦliɵ²⁴),lieu2,暂无
崇明,骝(騮),[空],lieu2(ɦliɵ²⁴),lieu2,暂无
崇明,柳(柳),[空],lieu6(ɦliɵ³¹³),lieu6,暂无
崇明,溜(溜),[空],lieu6(ɦliɵ³¹³),lieu6,暂无
崇明,纠(糾),[空],cieu1(tɕiɵ⁵⁵),cieu1,暂无
崇明,揫(揫),[空],cieu1(tɕiɵ⁵⁵),cieu1,暂无
崇明,揪(揪),文读,cieu1(tɕiɵ⁵⁵),cieu1,暂无
崇明,鸠(鳩),[空],cieu1(tɕiɵ⁵⁵),cieu1,暂无
崇明,咎(咎),[空],cieu1(tɕiɵ⁵⁵),cieu1,暂无
崇明,厩(廄),[空],cieu1(tɕiɵ⁵⁵),cieu1,暂无
崇明,啾(啾),[空],cieu1(tɕiɵ⁵⁵),cieu1,暂无
崇明,阉(閹),抓~,cieu1(tɕiɵ⁵⁵),cieu1,暂无
崇明,交(交),~关(一读“纠关”),cieu1(tɕiɵ⁵⁵),cieu1,暂无
崇明,九(九),[空],cieu3(tɕiɵ⁴²⁴),cieu3,暂无
崇明,玖(玖),[空],cieu3(tɕiɵ⁴²⁴),cieu3,暂无
崇明,酒(酒),[空],cieu3(tɕiɵ⁴²⁴),cieu3,暂无
崇明,韭(韭),[空],cieu3(tɕiɵ⁴²⁴),cieu3,暂无
崇明,灸(灸),[空],cieu3(tɕiɵ⁴²⁴),cieu3,暂无
崇明,久(久),[空],cieu5(tɕiɵ³³),cieu5,暂无
崇明,救(救),[空],cieu5(tɕiɵ³³),cieu5,暂无
崇明,究(究),[空],cieu5(tɕiɵ³³),cieu5,暂无
崇明,皱(皺),白读,cieu5(tɕiɵ³³),cieu5,暂无
崇明,㾭(㾭),《集韵》去声宥韵即就切“缩也”,cieu5(tɕiɵ³³),cieu5,暂无
崇明,秋(秋),[空],chieu1(tɕʰiɵ⁵⁵),chieu1,暂无
崇明,恘(恘),好~,chieu1(tɕʰiɵ⁵⁵),chieu1,暂无
崇明,丘(丘),[空],chieu1(tɕʰiɵ⁵⁵),chieu1,暂无
崇明,邱(邱),[空],chieu1(tɕʰiɵ⁵⁵),chieu1,暂无
崇明,蚯(蚯),[空],chieu1(tɕʰiɵ⁵⁵),chieu1,暂无
崇明,揪(揪),握住,chieu3(tɕʰiɵ⁴²⁴),chieu3,暂无
崇明,就(就),文读,jieu2(dʑiɵ²⁴),jieu2,暂无
崇明,球(球),[空],jieu2(dʑiɵ²⁴),jieu2,暂无
崇明,求(求),[空],jieu2(dʑiɵ²⁴),jieu2,暂无
崇明,裘(裘),[空],jieu2(dʑiɵ²⁴),jieu2,暂无
崇明,囚(囚),[空],jieu2(dʑiɵ²⁴),jieu2,暂无
崇明,泅(泅),[空],jieu2(dʑiɵ²⁴),jieu2,暂无
崇明,虬(虯),[空],jieu2(dʑiɵ²⁴),jieu2,暂无
崇明,酋(酋),[空],jieu2(dʑiɵ²⁴),jieu2,暂无
崇明,述(述),[空],jieu2(dʑiɵ²⁴),jieu2,暂无
崇明,球(球),[空],jieu2(dʑiɵ²⁴),jieu2,暂无
崇明,訄(訄),[空],jieu2(dʑiɵ²⁴),jieu2,暂无
崇明,仇(仇),姓,jieu2(dʑiɵ²⁴),jieu2,暂无
崇明,就(就),成~好事,jieu4(dʑiɵ²⁴²),jieu4,暂无
崇明,旧(舊),[空],jieu6(dʑiɵ³¹³),jieu6,暂无
崇明,舅(舅),[空],jieu6(dʑiɵ³¹³),jieu6,暂无
崇明,臼(臼),[空],jieu6(dʑiɵ³¹³),jieu6,暂无
崇明,牛(牛),儿语：~~,gnieu1(ʔȵiɵ⁵⁵),gnieu1,暂无
崇明,揉(揉),~眼睛,gnieu1(ʔȵiɵ⁵⁵),gnieu1,暂无
崇明,妞(妞),[空],gnieu1(ʔȵiɵ⁵⁵),gnieu1,暂无
崇明,忸(忸),羞~。《集韵》上声有韵女九切“愧也”,gnieu1(ʔȵiɵ⁵⁵),gnieu1,暂无
崇明,牛(牛),[空],gnieu2(ɦȵiɵ²⁴),gnieu2,暂无
崇明,钮(鈕),文读,gnieu4(ɦȵiɵ²⁴²),gnieu4,暂无
崇明,纽(紐),文读,gnieu4(ɦȵiɵ²⁴²),gnieu4,暂无
崇明,扭(扭),[空],gnieu4(ɦȵiɵ²⁴²),gnieu4,暂无
崇明,修(修),[空],shieu1(ɕiɵ⁵⁵),shieu1,暂无
崇明,休(休),[空],shieu1(ɕiɵ⁵⁵),shieu1,暂无
崇明,羞(羞),[空],shieu1(ɕiɵ⁵⁵),shieu1,暂无
崇明,馐(饈),[空],shieu1(ɕiɵ⁵⁵),shieu1,暂无
崇明,貅(貅),[空],shieu1(ɕiɵ⁵⁵),shieu1,暂无
崇明,鸺(鵂),[空],shieu1(ɕiɵ⁵⁵),shieu1,暂无
崇明,嗅(嗅),哭泣时大口喘气的动作,shieu3(ɕiɵ⁴²⁴),shieu3,暂无
崇明,宿(宿),星~,shieu3(ɕiɵ⁴²⁴),shieu3,暂无
崇明,秀(秀),[空],shieu5(ɕiɵ³³),shieu5,暂无
崇明,绣(繡),[空],shieu5(ɕiɵ³³),shieu5,暂无
崇明,锈(鏽),[空],shieu5(ɕiɵ³³),shieu5,暂无
崇明,朽(朽),[空],shieu5(ɕiɵ³³),shieu5,暂无
崇明,嗅(嗅),文读,shieu5(ɕiɵ³³),shieu5,暂无
崇明,泅(泅),[空],zhieu4(ʑiɵ²⁴²),zhieu4,暂无
崇明,袖(袖),[空],zhieu6(ʑiɵ³¹³),zhieu6,暂无
崇明,岫(岫),[空],zhieu6(ʑiɵ³¹³),zhieu6,暂无
崇明,优(優),[空],ieu1(iɵ⁵⁵),ieu1,暂无
崇明,忧(憂),[空],ieu1(iɵ⁵⁵),ieu1,暂无
崇明,幽(幽),[空],ieu1(iɵ⁵⁵),ieu1,暂无
崇明,悠(悠),[空],ieu1(iɵ⁵⁵),ieu1,暂无
崇明,枚(枚),[空],ieu1(iɵ⁵⁵),ieu1,暂无
崇明,幼(幼),[空],ieu5(iɵ³³),ieu5,暂无
崇明,莠(莠),[空],ieu5(iɵ³³),ieu5,暂无
崇明,黝(黝),[空],ieu5(iɵ³³),ieu5,暂无
崇明,诱(誘),[空],ieu5(iɵ³³),ieu5,暂无
崇明,呦(呦),[空],ieu5(iɵ³³),ieu5,暂无
崇明,犹(猶),[空],yeu2(ɦiɵ²⁴),yeu2,暂无
崇明,游(遊),[空],yeu2(ɦiɵ²⁴),yeu2,暂无
崇明,由(由),[空],yeu2(ɦiɵ²⁴),yeu2,暂无
崇明,游(遊),[空],yeu2(ɦiɵ²⁴),yeu2,暂无
崇明,油(油),[空],yeu2(ɦiɵ²⁴),yeu2,暂无
崇明,尤(尤),[空],yeu2(ɦiɵ²⁴),yeu2,暂无
崇明,邮(郵),[空],yeu2(ɦiɵ²⁴),yeu2,暂无
崇明,疣(疣),[空],yeu2(ɦiɵ²⁴),yeu2,暂无
崇明,釉(釉),[空],yeu2(ɦiɵ²⁴),yeu2,暂无
崇明,柚(柚),[空],yeu2(ɦiɵ²⁴),yeu2,暂无
崇明,繇(繇),[空],yeu2(ɦiɵ²⁴),yeu2,暂无
崇明,猷(猷),[空],yeu2(ɦiɵ²⁴),yeu2,暂无
崇明,鼬(鼬),[空],yeu2(ɦiɵ²⁴),yeu2,暂无
崇明,鱿(魷),[空],yeu2(ɦiɵ²⁴),yeu2,暂无
崇明,有(有),[空],yeu4(ɦiɵ²⁴²),yeu4,暂无
崇明,又(又),文读,yeu4(ɦiɵ²⁴²),yeu4,暂无
崇明,右(右),[空],yeu6(ɦiɵ³¹³),yeu6,暂无
崇明,友(友),[空],yeu6(ɦiɵ³¹³),yeu6,暂无
崇明,佑(佑),[空],yeu6(ɦiɵ³¹³),yeu6,暂无
崇明,酉(酉),[空],yeu6(ɦiɵ³¹³),yeu6,暂无
崇明,囿(囿),[空],yeu6(ɦiɵ³¹³),yeu6,暂无
崇明,宥(宥),[空],yeu6(ɦiɵ³¹³),yeu6,暂无
崇明,包(包),[空],pau1(pɔ⁵⁵),pau1,暂无
崇明,胞(胞),[空],pau1(pɔ⁵⁵),pau1,暂无
崇明,苞(苞),[空],pau1(pɔ⁵⁵),pau1,暂无
崇明,宝(寶),[空],pau3(pɔ⁴²⁴),pau3,暂无
崇明,堡(堡),碉~,pau3(pɔ⁴²⁴),pau3,暂无
崇明,葆(葆),[空],pau3(pɔ⁴²⁴),pau3,暂无
崇明,饱(飽),[空],pau3(pɔ⁴²⁴),pau3,暂无
崇明,煲(煲),[空],pau3(pɔ⁴²⁴),pau3,暂无
崇明,褒(褒),[空],pau3(pɔ⁴²⁴),pau3,暂无
崇明,鸨(鴇),[空],pau3(pɔ⁴²⁴),pau3,暂无
崇明,褓(褓),[空],pau3(pɔ⁴²⁴),pau3,暂无
崇明,爆(爆),~芽,pau5(pɔ³³),pau5,暂无
崇明,报(報),[空],pau5(pɔ³³),pau5,暂无
崇明,趵(趵),[空],pau5(pɔ³³),pau5,暂无
崇明,豹(豹),[空],pau5(pɔ³³),pau5,暂无
崇明,抛(拋),[空],phau1(pʰɔ⁵⁵),phau1,暂无
崇明,脬(脬),[空],phau1(pʰɔ⁵⁵),phau1,暂无
崇明,泡(泡),[空],phau5(pʰɔ³³),phau5,暂无
崇明,炮(炮),[空],phau5(pʰɔ³³),phau5,暂无
崇明,跑(跑),[空],bau2(bɔ²⁴),bau2,暂无
崇明,庖(庖),[空],bau2(bɔ²⁴),bau2,暂无
崇明,袍(袍),[空],bau2(bɔ²⁴),bau2,暂无
崇明,匏(匏),[空],bau2(bɔ²⁴),bau2,暂无
崇明,抱(抱),[空],bau4(bɔ²⁴²),bau4,暂无
崇明,暴(暴),~糙,bau4(bɔ²⁴²),bau4,暂无
崇明,暴(暴),粗~,bau6(bɔ³¹³),bau6,暂无
崇明,曝(曝),[空],bau6(bɔ³¹³),bau6,暂无
崇明,爆(爆),~炸,bau6(bɔ³¹³),bau6,暂无
崇明,雹(雹),[空],bau6(bɔ³¹³),bau6,暂无
崇明,刨(刨),[空],bau6(bɔ³¹³),bau6,暂无
崇明,鲍(鮑),[空],bau6(bɔ³¹³),bau6,暂无
崇明,猫(貓),~霎眼(像猫一样老眨巴眼睛),mau1(ʔmɔ⁵⁵),mau1,暂无
崇明,矛(矛),[空],mau2(ɦmɔ²⁴),mau2,暂无
崇明,贸(貿),[空],mau2(ɦmɔ²⁴),mau2,暂无
崇明,毛(毛),[空],mau2(ɦmɔ²⁴),mau2,暂无
崇明,猫(貓),白读,mau2(ɦmɔ²⁴),mau2,暂无
崇明,茅(茅),[空],mau2(ɦmɔ²⁴),mau2,暂无
崇明,锚(錨),[空],mau2(ɦmɔ²⁴),mau2,暂无
崇明,旄(旄),[空],mau2(ɦmɔ²⁴),mau2,暂无
崇明,耄(耄),[空],mau2(ɦmɔ²⁴),mau2,暂无
崇明,懋(懋),[空],mau2(ɦmɔ²⁴),mau2,暂无
崇明,牦(牦),[空],mau2(ɦmɔ²⁴),mau2,暂无
崇明,蟊(蟊),[空],mau2(ɦmɔ²⁴),mau2,暂无
崇明,冒(冒),[空],mau4(ɦmɔ²⁴²),mau4,暂无
崇明,茂(茂),[空],mau6(ɦmɔ³¹³),mau6,暂无
崇明,儿(兒),[空],mau6(ɦmɔ³¹³),mau6,暂无
崇明,貌(貌),[空],mau6(ɦmɔ³¹³),mau6,暂无
崇明,帽(帽),[空],mau6(ɦmɔ³¹³),mau6,暂无
崇明,冒(冒),[空],mau6(ɦmɔ³¹³),mau6,暂无
崇明,卯(卯),[空],mau6(ɦmɔ³¹³),mau6,暂无
崇明,铆(鉚),[空],mau6(ɦmɔ³¹³),mau6,暂无
崇明,髦(髦),[空],mau6(ɦmɔ³¹³),mau6,暂无
崇明,刀(刀),[空],tau1(tɔ⁵⁵),tau1,暂无
崇明,叨(叨),唠~,tau1(tɔ⁵⁵),tau1,暂无
崇明,鱼(魚),[空],tau1(tɔ⁵⁵),tau1,暂无
崇明,鱽(魛),[空],tau1(tɔ⁵⁵),tau1,暂无
崇明,倒(倒),往下~,tau3(tɔ⁴²⁴),tau3,暂无
崇明,岛(島),[空],tau3(tɔ⁴²⁴),tau3,暂无
崇明,捣(搗),[空],tau3(tɔ⁴²⁴),tau3,暂无
崇明,祷(禱),[空],tau3(tɔ⁴²⁴),tau3,暂无
崇明,到(到),[空],tau5(tɔ³³),tau5,暂无
崇明,倒(倒),副词：反~,tau5(tɔ³³),tau5,暂无
崇明,绦(絛),[空],thau1(tʰɔ⁵⁵),thau1,暂无
崇明,韬(韜),[空],thau1(tʰɔ⁵⁵),thau1,暂无
崇明,滔(滔),[空],thau1(tʰɔ⁵⁵),thau1,暂无
崇明,饕(饕),[空],thau1(tʰɔ⁵⁵),thau1,暂无
崇明,弢(弢),[空],thau1(tʰɔ⁵⁵),thau1,暂无
崇明,叨(叨),~光,thau1(tʰɔ⁵⁵),thau1,暂无
崇明,讨(討),[空],thau3(tʰɔ⁴²⁴),thau3,暂无
崇明,套(套),[空],thau5(tʰɔ³³),thau5,暂无
崇明,焘(燾),[空],dau2(dɔ²⁴),dau2,暂无
崇明,涛(濤),[空],dau2(dɔ²⁴),dau2,暂无
崇明,陶(陶),[空],dau2(dɔ²⁴),dau2,暂无
崇明,淘(淘),[空],dau2(dɔ²⁴),dau2,暂无
崇明,掏(掏),[空],dau2(dɔ²⁴),dau2,暂无
崇明,萄(萄),[空],dau2(dɔ²⁴),dau2,暂无
崇明,匋(匋),[空],dau2(dɔ²⁴),dau2,暂无
崇明,啕(啕),[空],dau2(dɔ²⁴),dau2,暂无
崇明,洮(洮),[空],dau2(dɔ²⁴),dau2,暂无
崇明,逃(逃),[空],dau2(dɔ²⁴),dau2,暂无
崇明,桃(桃),[空],dau2(dɔ²⁴),dau2,暂无
崇明,咷(咷),[空],dau2(dɔ²⁴),dau2,暂无
崇明,稻(稻),[空],dau4(dɔ²⁴²),dau4,暂无
崇明,道(道),[空],dau6(dɔ³¹³),dau6,暂无
崇明,盗(盜),[空],dau6(dɔ³¹³),dau6,暂无
崇明,导(導),[空],dau6(dɔ³¹³),dau6,暂无
崇明,悼(悼),[空],dau6(dɔ³¹³),dau6,暂无
崇明,蹈(蹈),[空],dau6(dɔ³¹³),dau6,暂无
崇明,拿(拿),[空],nau1(ʔnɔ⁵⁵),nau1,暂无
崇明,拿(拿),[空],nau2(ɦnɔ²⁴),nau2,暂无
崇明,挠(撓),[空],nau2(ɦnɔ²⁴),nau2,暂无
崇明,铙(鐃),[空],nau2(ɦnɔ²⁴),nau2,暂无
崇明,猱(猱),[空],nau2(ɦnɔ²⁴),nau2,暂无
崇明,脑(腦),[空],nau6(ɦnɔ³¹³),nau6,暂无
崇明,闹(鬧),[空],nau6(ɦnɔ³¹³),nau6,暂无
崇明,恼(惱),[空],nau6(ɦnɔ³¹³),nau6,暂无
崇明,瑙(瑙),[空],nau6(ɦnɔ³¹³),nau6,暂无
崇明,恼(惱),[空],nau6(ɦnɔ³¹³),nau6,暂无
崇明,淖(淖),[空],nau6(ɦnɔ³¹³),nau6,暂无
崇明,捞(撈),[空],lau1(ʔlɔ⁵⁵),lau1,暂无
崇明,唠(嘮),~叨,lau1(ʔlɔ⁵⁵),lau1,暂无
崇明,捞(撈),[空],lau2(ɦlɔ²⁴),lau2,暂无
崇明,唠(嘮),~噜：内脏,lau2(ɦlɔ²⁴),lau2,暂无
崇明,劳(勞),[空],lau2(ɦlɔ²⁴),lau2,暂无
崇明,牢(牢),[空],lau2(ɦlɔ²⁴),lau2,暂无
崇明,涝(澇),~灾,lau2(ɦlɔ²⁴),lau2,暂无
崇明,痨(癆),[空],lau2(ɦlɔ²⁴),lau2,暂无
崇明,崂(嶗),[空],lau2(ɦlɔ²⁴),lau2,暂无
崇明,老(老),[空],lau4(ɦlɔ²⁴²),lau4,暂无
崇明,佬(佬),[空],lau4(ɦlɔ²⁴²),lau4,暂无
崇明,姥(姥),[空],lau4(ɦlɔ²⁴²),lau4,暂无
崇明,嫪(嫪),[空],lau6(ɦlɔ³¹³),lau6,暂无
崇明,涝(澇),用盐浸泡蔬菜,lau6(ɦlɔ³¹³),lau6,暂无
崇明,糟(糟),[空],tsau1(tsɔ⁵⁵),tsau1,暂无
崇明,遭(遭),[空],tsau1(tsɔ⁵⁵),tsau1,暂无
崇明,招(招),[空],tsau1(tsɔ⁵⁵),tsau1,暂无
崇明,朝(朝),今~,tsau1(tsɔ⁵⁵),tsau1,暂无
崇明,昭(昭),[空],tsau1(tsɔ⁵⁵),tsau1,暂无
崇明,诏(詔),[空],tsau1(tsɔ⁵⁵),tsau1,暂无
崇明,沼(沼),[空],tsau1(tsɔ⁵⁵),tsau1,暂无
崇明,钊(釗),[空],tsau1(tsɔ⁵⁵),tsau1,暂无
崇明,抓(抓),~叮人：挠痒,tsau1(tsɔ⁵⁵),tsau1,暂无
崇明,搔(搔),[空],tsau1(tsɔ⁵⁵),tsau1,暂无
崇明,早(早),[空],tsau3(tsɔ⁴²⁴),tsau3,暂无
崇明,枣(棗),[空],tsau3(tsɔ⁴²⁴),tsau3,暂无
崇明,藻(藻),[空],tsau3(tsɔ⁴²⁴),tsau3,暂无
崇明,噪(噪),[空],tsau3(tsɔ⁴²⁴),tsau3,暂无
崇明,澡(澡),[空],tsau3(tsɔ⁴²⁴),tsau3,暂无
崇明,蚤(蚤),[空],tsau3(tsɔ⁴²⁴),tsau3,暂无
崇明,找(找),[空],tsau3(tsɔ⁴²⁴),tsau3,暂无
崇明,爪(爪),~牙,tsau3(tsɔ⁴²⁴),tsau3,暂无
崇明,灶(灶),[空],tsau5(tsɔ³³),tsau5,暂无
崇明,照(照),[空],tsau5(tsɔ³³),tsau5,暂无
崇明,罩(罩),[空],tsau5(tsɔ³³),tsau5,暂无
崇明,躁(躁),文读,tsau5(tsɔ³³),tsau5,暂无
崇明,操(操),[空],tshau1(tsʰɔ⁵⁵),tshau1,暂无
崇明,超(超),[空],tshau1(tsʰɔ⁵⁵),tshau1,暂无
崇明,抄(抄),[空],tshau1(tsʰɔ⁵⁵),tshau1,暂无
崇明,昭(昭),[空],tshau1(tsʰɔ⁵⁵),tshau1,暂无
崇明,草(草),[空],tshau3(tsʰɔ⁴²⁴),tshau3,暂无
崇明,炒(炒),[空],tshau3(tsʰɔ⁴²⁴),tshau3,暂无
崇明,吵(吵),[空],tshau3(tsʰɔ⁴²⁴),tshau3,暂无
崇明,钞(鈔),~票,tshau3(tsʰɔ⁴²⁴),tshau3,暂无
崇明,躁(躁),白读,tshau5(tsʰɔ³³),tshau5,暂无
崇明,糙(糙),[空],tshau5(tsʰɔ³³),tshau5,暂无
崇明,造(造),~诣,tshau5(tsʰɔ³³),tshau5,暂无
崇明,朝(朝),[空],dzau2(dzɔ²⁴),dzau2,暂无
崇明,潮(潮),[空],dzau2(dzɔ²⁴),dzau2,暂无
崇明,巢(巢),[空],dzau2(dzɔ²⁴),dzau2,暂无
崇明,嘲(嘲),[空],dzau2(dzɔ²⁴),dzau2,暂无
崇明,造(造),~说话：说没有根据的话,dzau4(dzɔ²⁴²),dzau4,暂无
崇明,赵(趙),[空],dzau4(dzɔ²⁴²),dzau4,暂无
崇明,骚(騷),[空],sau1(sɔ⁵⁵),sau1,暂无
崇明,臊(臊),[空],sau1(sɔ⁵⁵),sau1,暂无
崇明,捎(捎),[空],sau1(sɔ⁵⁵),sau1,暂无
崇明,稍(稍),[空],sau1(sɔ⁵⁵),sau1,暂无
崇明,梢(梢),[空],sau1(sɔ⁵⁵),sau1,暂无
崇明,筲(筲),~箕,sau1(sɔ⁵⁵),sau1,暂无
崇明,烧(燒),[空],sau1(sɔ⁵⁵),sau1,暂无
崇明,扫(掃),~地。《广韵》上声皓韵苏老切,sau3(sɔ⁴²⁴),sau3,暂无
崇明,埽(埽),[空],sau3(sɔ⁴²⁴),sau3,暂无
崇明,少(少),多~,sau3(sɔ⁴²⁴),sau3,暂无
崇明,嫂(嫂),[空],sau3(sɔ⁴²⁴),sau3,暂无
崇明,扫(掃),~帚。《广韵》去声号韵苏到切,sau5(sɔ³³),sau5,暂无
崇明,燥(燥),[空],sau5(sɔ³³),sau5,暂无
崇明,哨(哨),[空],sau5(sɔ³³),sau5,暂无
崇明,潲(潲),[空],sau5(sɔ³³),sau5,暂无
崇明,少(少),年~,sau5(sɔ³³),sau5,暂无
崇明,肖(肖),生~,sau5(sɔ³³),sau5,暂无
崇明,曹(曹),[空],zau2(zɔ²⁴),zau2,暂无
崇明,槽(槽),[空],zau2(zɔ²⁴),zau2,暂无
崇明,漕(漕),[空],zau2(zɔ²⁴),zau2,暂无
崇明,嘈(嘈),[空],zau2(zɔ²⁴),zau2,暂无
崇明,造(造),建~,zau4(zɔ²⁴²),zau4,暂无
崇明,皂(皂),[空],zau6(zɔ³¹³),zau6,暂无
崇明,兆(兆),[空],zau6(zɔ³¹³),zau6,暂无
崇明,召(召),[空],zau6(zɔ³¹³),zau6,暂无
崇明,兆(兆),[空],zau6(zɔ³¹³),zau6,暂无
崇明,肇(肇),[空],zau6(zɔ³¹³),zau6,暂无
崇明,晃(晃),[空],zau6(zɔ³¹³),zau6,暂无
崇明,邵(邵),[空],zau6(zɔ³¹³),zau6,暂无
崇明,韶(韶),[空],zau6(zɔ³¹³),zau6,暂无
崇明,劭(劭),[空],zau6(zɔ³¹³),zau6,暂无
崇明,绕(繞),文读,zau6(zɔ³¹³),zau6,暂无
崇明,高(高),[空],kau1(kɔ⁵⁵),kau1,暂无
崇明,膏(膏),[空],kau1(kɔ⁵⁵),kau1,暂无
崇明,糕(糕),[空],kau1(kɔ⁵⁵),kau1,暂无
崇明,羔(羔),[空],kau1(kɔ⁵⁵),kau1,暂无
崇明,睾(睾),[空],kau1(kɔ⁵⁵),kau1,暂无
崇明,皋(皋),[空],kau1(kɔ⁵⁵),kau1,暂无
崇明,交(交),白读,kau1(kɔ⁵⁵),kau1,暂无
崇明,胶(膠),白读,kau1(kɔ⁵⁵),kau1,暂无
崇明,铰(鉸),~链(合页，门窗上的一种装置),kau1(kɔ⁵⁵),kau1,暂无
崇明,稿(稿),[空],kau3(kɔ⁴²⁴),kau3,暂无
崇明,篙(篙),[空],kau3(kɔ⁴²⁴),kau3,暂无
崇明,绞(絞),白读,kau3(kɔ⁴²⁴),kau3,暂无
崇明,告(告),[空],kau5(kɔ³³),kau5,暂无
崇明,诰(誥),[空],kau5(kɔ³³),kau5,暂无
崇明,教(教),白读,kau5(kɔ³³),kau5,暂无
崇明,搅(攪),白读,kau5(kɔ³³),kau5,暂无
崇明,觉(覺),睏~,kau5(kɔ³³),kau5,暂无
崇明,窖(窖),[空],kau5(kɔ³³),kau5,暂无
崇明,酵(酵),口语“发酵”,kau5(kɔ³³),kau5,暂无
崇明,尻(尻),[空],khau1(kʰɔ⁵⁵),khau1,暂无
崇明,敲(敲),[空],khau1(kʰɔ⁵⁵),khau1,暂无
崇明,考(考),[空],khau3(kʰɔ⁴²⁴),khau3,暂无
崇明,烤(烤),[空],khau3(kʰɔ⁴²⁴),khau3,暂无
崇明,拷(拷),[空],khau3(kʰɔ⁴²⁴),khau3,暂无
崇明,铐(銬),[空],khau3(kʰɔ⁴²⁴),khau3,暂无
崇明,栲(栲),[空],khau3(kʰɔ⁴²⁴),khau3,暂无
崇明,攷(攷),[空],khau3(kʰɔ⁴²⁴),khau3,暂无
崇明,缟(縞),[空],khau5(kʰɔ³³),khau5,暂无
崇明,靠(靠),[空],khau5(kʰɔ³³),khau5,暂无
崇明,稿(稿),[空],khau5(kʰɔ³³),khau5,暂无
崇明,螯(螯),[空],gau2(gɔ²⁴),gau2,暂无
崇明,搞(搞),[空],gau4(gɔ²⁴²),gau4,暂无
崇明,绞(絞),[空],gau4(gɔ²⁴²),gau4,暂无
崇明,敖(敖),[空],ngau1(ŋɔ⁵⁵),ngau1,暂无
崇明,獒(獒),[空],ngau1(ŋɔ⁵⁵),ngau1,暂无
崇明,熬(熬),[空],ngau1(ŋɔ⁵⁵),ngau1,暂无
崇明,鳌(鼇),[空],ngau1(ŋɔ⁵⁵),ngau1,暂无
崇明,嗷(嗷),[空],ngau1(ŋɔ⁵⁵),ngau1,暂无
崇明,遨(遨),[空],ngau1(ŋɔ⁵⁵),ngau1,暂无
崇明,鳌(鼇),[空],ngau1(ŋɔ⁵⁵),ngau1,暂无
崇明,翱(翱),[空],ngau1(ŋɔ⁵⁵),ngau1,暂无
崇明,咬(咬),[空],ngau4(ŋɔ²⁴²),ngau4,暂无
崇明,瓦(瓦),~屋,ngau4(ŋɔ²⁴²),ngau4,暂无
崇明,傲(傲),[空],ngau6(ŋɔ³¹³),ngau6,暂无
崇明,耗(耗),[空],hau1(hɔ⁵⁵),hau1,暂无
崇明,篙(篙),[空],hau1(hɔ⁵⁵),hau1,暂无
崇明,薅(薅),[空],hau1(hɔ⁵⁵),hau1,暂无
崇明,好(好),[空],hau3(hɔ⁴²⁴),hau3,暂无
崇明,孝(孝),口语：着~(戴孝),hau5(hɔ³³),hau5,暂无
崇明,豪(豪),[空],ghau2(hɦɔ²⁴),ghau2,暂无
崇明,嚎(嚎),[空],ghau2(hɦɔ²⁴),ghau2,暂无
崇明,毫(毫),[空],ghau2(hɦɔ²⁴),ghau2,暂无
崇明,濠(濠),[空],ghau2(hɦɔ²⁴),ghau2,暂无
崇明,壕(壕),[空],ghau2(hɦɔ²⁴),ghau2,暂无
崇明,号(號),~叫,ghau2(hɦɔ²⁴),ghau2,暂无
崇明,镐(鎬),[空],ghau6(hɦɔ³¹³),ghau6,暂无
崇明,澔(澔),[空],ghau6(hɦɔ³¹³),ghau6,暂无
崇明,浩(浩),[空],ghau6(hɦɔ³¹³),ghau6,暂无
崇明,昊(昊),[空],ghau6(hɦɔ³¹³),ghau6,暂无
崇明,号(號),~数,ghau6(hɦɔ³¹³),ghau6,暂无
崇明,号(號),量度,ghau6(hɦɔ³¹³),ghau6,暂无
崇明,皓(皓),[空],ghau6(hɦɔ³¹³),ghau6,暂无
崇明,灏(灝),[空],ghau6(hɦɔ³¹³),ghau6,暂无
崇明,拗(拗),~折,au1(ɔ⁵⁵),au1,暂无
崇明,拗(拗),~勒臂弯里(挂在臂上),au3(ɔ⁴²⁴),au3,暂无
崇明,袄(襖),布~(棉袄),au3(ɔ⁴²⁴),au3,暂无
崇明,拗(拗),~磨(推磨时在磨心里放粮食),au5(ɔ³³),au5,暂无
崇明,袄(襖),皮~,au5(ɔ³³),au5,暂无
崇明,媪(媼),[空],au5(ɔ³³),au5,暂无
崇明,坳(坳),[空],au5(ɔ³³),au5,暂无
崇明,奥(奧),[空],au5(ɔ³³),au5,暂无
崇明,澳(澳),[空],au5(ɔ³³),au5,暂无
崇明,凹(凹),[空],au5(ɔ³³),au5,暂无
崇明,噢(噢),象声词，表示答应,au4(ɦɔ²⁴²),au4,暂无
崇明,彪(彪),[空],piau1(piɔ⁵⁵),piau1,暂无
崇明,标(標),[空],piau1(piɔ⁵⁵),piau1,暂无
崇明,镖(鏢),[空],piau1(piɔ⁵⁵),piau1,暂无
崇明,飙(飆),[空],piau1(piɔ⁵⁵),piau1,暂无
崇明,膘(膘),[空],piau1(piɔ⁵⁵),piau1,暂无
崇明,镳(鑣),[空],piau1(piɔ⁵⁵),piau1,暂无
崇明,骠(驃),[空],piau1(piɔ⁵⁵),piau1,暂无
崇明,表(錶),手~,piau1(piɔ⁵⁵),piau1,暂无
崇明,表(表),~示,piau1(piɔ⁵⁵),piau1,暂无
崇明,表(表),[空],piau3(piɔ⁴²⁴),piau3,暂无
崇明,裱(裱),[空],piau3(piɔ⁴²⁴),piau3,暂无
崇明,婊(婊),~子,piau5(piɔ³³),piau5,暂无
崇明,飘(飄),[空],phiau1(pʰiɔ⁵⁵),phiau1,暂无
崇明,漂(漂),[空],phiau3(pʰiɔ⁴²⁴),phiau3,暂无
崇明,票(票),[空],phiau5(pʰiɔ³³),phiau5,暂无
崇明,瞟(瞟),[空],phiau5(pʰiɔ³³),phiau5,暂无
崇明,嫖(嫖),[空],biau2(biɔ²⁴),biau2,暂无
崇明,瓢(瓢),[空],biau2(biɔ²⁴),biau2,暂无
崇明,剽(剽),[空],biau2(biɔ²⁴),biau2,暂无
崇明,殍(殍),[空],biau2(biɔ²⁴),biau2,暂无
崇明,薸(薸),[空],biau2(biɔ²⁴),biau2,暂无
崇明,喵(喵),象声词，形容猫叫的声音,miau1(ʔmiɔ⁵⁵),miau1,暂无
崇明,瞄(瞄),~一眼,miau1(ʔmiɔ⁵⁵),miau1,暂无
崇明,淼(淼),[空],miau3(ʔmiɔ⁴²⁴),miau3,暂无
崇明,渺(渺),[空],miau3(ʔmiɔ⁴²⁴),miau3,暂无
崇明,邈(邈),[空],miau3(ʔmiɔ⁴²⁴),miau3,暂无
崇明,缈(緲),[空],miau3(ʔmiɔ⁴²⁴),miau3,暂无
崇明,藐(藐),[空],miau3(ʔmiɔ⁴²⁴),miau3,暂无
崇明,妙(妙),美~,miau5(ʔmiɔ³³),miau5,暂无
崇明,苗(苗),[空],miau2(ɦmiɔ²⁴),miau2,暂无
崇明,瞄(瞄),~准,miau2(ɦmiɔ²⁴),miau2,暂无
崇明,描(描),[空],miau2(ɦmiɔ²⁴),miau2,暂无
崇明,猫(貓),文读,miau2(ɦmiɔ²⁴),miau2,暂无
崇明,庙(廟),[空],miau6(ɦmiɔ³¹³),miau6,暂无
崇明,秒(秒),[空],miau6(ɦmiɔ³¹³),miau6,暂无
崇明,妙(妙),~郎(人名),miau6(ɦmiɔ³¹³),miau6,暂无
崇明,鸟(鳥),小~(男阴)《广韵》上声篠韵都了切，表小而读阴平调,tiau1(tiɔ⁵⁵),tiau1,暂无
崇明,雕(雕),[空],tiau1(tiɔ⁵⁵),tiau1,暂无
崇明,刁(刁),[空],tiau1(tiɔ⁵⁵),tiau1,暂无
崇明,叼(叼),[空],tiau1(tiɔ⁵⁵),tiau1,暂无
崇明,貂(貂),[空],tiau1(tiɔ⁵⁵),tiau1,暂无
崇明,凋(凋),[空],tiau1(tiɔ⁵⁵),tiau1,暂无
崇明,碉(碉),[空],tiau1(tiɔ⁵⁵),tiau1,暂无
崇明,扚(扚),抓住不放。《广韵》上声篠韵都了切“扚击”,tiau3(tiɔ⁴²⁴),tiau3,暂无
崇明,铫(銚),[空],tiau5(tiɔ³³),tiau5,暂无
崇明,钓(釣),[空],tiau5(tiɔ³³),tiau5,暂无
崇明,吊(吊),[空],tiau5(tiɔ³³),tiau5,暂无
崇明,挑(挑),[空],thiau1(tʰiɔ⁵⁵),thiau1,暂无
崇明,朓(朓),[空],thiau5(tʰiɔ³³),thiau5,暂无
崇明,眺(眺),[空],thiau5(tʰiɔ³³),thiau5,暂无
崇明,粜(糶),[空],thiau5(tʰiɔ³³),thiau5,暂无
崇明,跳(跳),[空],thiau5(tʰiɔ³³),thiau5,暂无
崇明,调(調),~和,diau2(diɔ²⁴),diau2,暂无
崇明,佻(佻),[空],diau2(diɔ²⁴),diau2,暂无
崇明,窕(窕),[空],diau2(diɔ²⁴),diau2,暂无
崇明,蜩(蜩),[空],diau2(diɔ²⁴),diau2,暂无
崇明,笤(笤),[空],diau2(diɔ²⁴),diau2,暂无
崇明,条(條),[空],diau2(diɔ²⁴),diau2,暂无
崇明,迢(迢),[空],diau2(diɔ²⁴),diau2,暂无
崇明,调(調),~动,diau4(diɔ²⁴²),diau4,暂无
崇明,掉(掉),文读,diau4(diɔ²⁴²),diau4,暂无
崇明,𤱩(𤱩),《广韵》上声篠韵徒了切：𤱩疁，田中穴。《集韵》上声篠韵“𤱩，田界。”,diau4(diɔ²⁴²),diau4,暂无
崇明,𤕷(𤕷),放在衣柜前又长又宽的条凳。《广韵》上声篠韵徒了切：𤕷，𤕷床子。《集韵》注“床板”。韵书注为“床，床板”,diau4(diɔ²⁴²),diau4,暂无
崇明,调(調),声~,diau6(diɔ³¹³),diau6,暂无
崇明,了(了),文读,liau5(ʔliɔ³³),liau5,暂无
崇明,廖(廖),[空],liau2(ɦliɔ²⁴),liau2,暂无
崇明,寥(寥),[空],liau2(ɦliɔ²⁴),liau2,暂无
崇明,聊(聊),[空],liau2(ɦliɔ²⁴),liau2,暂无
崇明,撩(撩),[空],liau2(ɦliɔ²⁴),liau2,暂无
崇明,辽(遼),[空],liau2(ɦliɔ²⁴),liau2,暂无
崇明,疗(療),[空],liau2(ɦliɔ²⁴),liau2,暂无
崇明,寮(寮),[空],liau2(ɦliɔ²⁴),liau2,暂无
崇明,瞭(瞭),[空],liau2(ɦliɔ²⁴),liau2,暂无
崇明,僚(僚),[空],liau2(ɦliɔ²⁴),liau2,暂无
崇明,燎(燎),[空],liau2(ɦliɔ²⁴),liau2,暂无
崇明,潦(潦),[空],liau2(ɦliɔ²⁴),liau2,暂无
崇明,獠(獠),[空],liau2(ɦliɔ²⁴),liau2,暂无
崇明,鹩(鷯),[空],liau2(ɦliɔ²⁴),liau2,暂无
崇明,了(了),~解,liau6(ɦliɔ³¹³),liau6,暂无
崇明,料(料),[空],liau6(ɦliɔ³¹³),liau6,暂无
崇明,交(交),文读,ciau1(tɕiɔ⁵⁵),ciau1,暂无
崇明,胶(膠),文读,ciau1(tɕiɔ⁵⁵),ciau1,暂无
崇明,娇(嬌),[空],ciau1(tɕiɔ⁵⁵),ciau1,暂无
崇明,焦(焦),[空],ciau1(tɕiɔ⁵⁵),ciau1,暂无
崇明,缴(繳),[空],ciau1(tɕiɔ⁵⁵),ciau1,暂无
崇明,浇(澆),[空],ciau1(tɕiɔ⁵⁵),ciau1,暂无
崇明,椒(椒),[空],ciau1(tɕiɔ⁵⁵),ciau1,暂无
崇明,郊(郊),[空],ciau1(tɕiɔ⁵⁵),ciau1,暂无
崇明,蛟(蛟),[空],ciau1(tɕiɔ⁵⁵),ciau1,暂无
崇明,骄(驕),[空],ciau1(tɕiɔ⁵⁵),ciau1,暂无
崇明,礁(礁),[空],ciau1(tɕiɔ⁵⁵),ciau1,暂无
崇明,蕉(蕉),[空],ciau1(tɕiɔ⁵⁵),ciau1,暂无
崇明,姣(姣),[空],ciau1(tɕiɔ⁵⁵),ciau1,暂无
崇明,铰(鉸),文读,ciau1(tɕiɔ⁵⁵),ciau1,暂无
崇明,皎(皎),[空],ciau1(tɕiɔ⁵⁵),ciau1,暂无
崇明,跤(跤),[空],ciau1(tɕiɔ⁵⁵),ciau1,暂无
崇明,佼(佼),~侥侥者,ciau1(tɕiɔ⁵⁵),ciau1,暂无
崇明,绞(絞),文读,ciau3(tɕiɔ⁴²⁴),ciau3,暂无
崇明,矫(矯),[空],ciau3(tɕiɔ⁴²⁴),ciau3,暂无
崇明,饺(餃),[空],ciau3(tɕiɔ⁴²⁴),ciau3,暂无
崇明,剿(剿),[空],ciau3(tɕiɔ⁴²⁴),ciau3,暂无
崇明,侥(僥),[空],ciau3(tɕiɔ⁴²⁴),ciau3,暂无
崇明,校(校),~对,ciau3(tɕiɔ⁴²⁴),ciau3,暂无
崇明,教(教),文读,ciau5(tɕiɔ³³),ciau5,暂无
崇明,叫(叫),[空],ciau5(tɕiɔ³³),ciau5,暂无
崇明,较(較),[空],ciau5(tɕiɔ³³),ciau5,暂无
崇明,搅(攪),文读,ciau5(tɕiɔ³³),ciau5,暂无
崇明,锹(鍬),[空],chiau1(tɕʰiɔ⁵⁵),chiau1,暂无
崇明,缲(繰),[空],chiau1(tɕʰiɔ⁵⁵),chiau1,暂无
崇明,跷(蹺),抬脚,chiau1(tɕʰiɔ⁵⁵),chiau1,暂无
崇明,撬(撬),《集韵》平声萧韵牵幺切“撬，举也”,chiau1(tɕʰiɔ⁵⁵),chiau1,暂无
崇明,七(七),~八个,chiau1(tɕʰiɔ⁵⁵),chiau1,暂无
崇明,巧(巧),[空],chiau3(tɕʰiɔ⁴²⁴),chiau3,暂无
崇明,跷(蹺),~~板,chiau5(tɕʰiɔ³³),chiau5,暂无
崇明,俏(俏),[空],chiau5(tɕʰiɔ³³),chiau5,暂无
崇明,悄(悄),[空],chiau5(tɕʰiɔ³³),chiau5,暂无
崇明,窍(竅),[空],chiau5(tɕʰiɔ³³),chiau5,暂无
崇明,峭(峭),[空],chiau5(tɕʰiɔ³³),chiau5,暂无
崇明,桥(橋),[空],jiau2(dʑiɔ²⁴),jiau2,暂无
崇明,乔(喬),[空],jiau2(dʑiɔ²⁴),jiau2,暂无
崇明,侨(僑),[空],jiau2(dʑiɔ²⁴),jiau2,暂无
崇明,荞(蕎),[空],jiau2(dʑiɔ²⁴),jiau2,暂无
崇明,翘(翹),《广韵》平声宵韵渠遥切：举也，悬也，危也,jiau2(dʑiɔ²⁴),jiau2,暂无
崇明,瞧(瞧),[空],jiau2(dʑiɔ²⁴),jiau2,暂无
崇明,樵(樵),[空],jiau2(dʑiɔ²⁴),jiau2,暂无
崇明,轿(轎),~子(连读调),jiau2(dʑiɔ²⁴),jiau2,暂无
崇明,趫(趫),~一步(跨大步)。《广韵》平声宵韵渠遥切：举也，悬也，危也,jiau4(dʑiɔ²⁴²),jiau4,暂无
崇明,轿(轎),花~,jiau6(dʑiɔ³¹³),jiau6,暂无
崇明,鸟(鳥),文读,gniau3(ʔȵiɔ⁴²⁴),gniau3,暂无
崇明,尿(尿),文读,gniau5(ʔȵiɔ³³),gniau5,暂无
崇明,饶(饒),[空],gniau2(ɦȵiɔ²⁴),gniau2,暂无
崇明,娆(嬈),妖~,gniau2(ɦȵiɔ²⁴),gniau2,暂无
崇明,袅(袅),同裹。裹，《广韵》上声篠韵奴鸟切“腰裹”,gniau4(ɦȵiɔ²⁴²),gniau4,暂无
崇明,绕(繞),白读,gniau6(ɦȵiɔ³¹³),gniau6,暂无
崇明,肖(肖),姓,shiau1(ɕiɔ⁵⁵),shiau1,暂无
崇明,霄(霄),[空],shiau1(ɕiɔ⁵⁵),shiau1,暂无
崇明,消(消),[空],shiau1(ɕiɔ⁵⁵),shiau1,暂无
崇明,销(銷),[空],shiau1(ɕiɔ⁵⁵),shiau1,暂无
崇明,萧(蕭),[空],shiau1(ɕiɔ⁵⁵),shiau1,暂无
崇明,啸(嘯),[空],shiau1(ɕiɔ⁵⁵),shiau1,暂无
崇明,潇(瀟),[空],shiau1(ɕiɔ⁵⁵),shiau1,暂无
崇明,箫(簫),[空],shiau1(ɕiɔ⁵⁵),shiau1,暂无
崇明,枭(梟),[空],shiau1(ɕiɔ⁵⁵),shiau1,暂无
崇明,硝(硝),[空],shiau1(ɕiɔ⁵⁵),shiau1,暂无
崇明,鸮(鴞),[空],shiau1(ɕiɔ⁵⁵),shiau1,暂无
崇明,嚣(囂),[空],shiau1(ɕiɔ⁵⁵),shiau1,暂无
崇明,逍(逍),[空],shiau1(ɕiɔ⁵⁵),shiau1,暂无
崇明,小(小),[空],shiau3(ɕiɔ⁴²⁴),shiau3,暂无
崇明,晓(曉),[空],shiau3(ɕiɔ⁴²⁴),shiau3,暂无
崇明,筱(筱),[空],shiau3(ɕiɔ⁴²⁴),shiau3,暂无
崇明,筱(筱),[空],shiau3(ɕiɔ⁴²⁴),shiau3,暂无
崇明,酵(酵),文读,shiau5(ɕiɔ³³),shiau5,暂无
崇明,孝(孝),文读,shiau5(ɕiɔ³³),shiau5,暂无
崇明,笑(笑),[空],shiau5(ɕiɔ³³),shiau5,暂无
崇明,宵(宵),[空],shiau5(ɕiɔ³³),shiau5,暂无
崇明,哮(哮),[空],shiau5(ɕiɔ³³),shiau5,暂无
崇明,肖(肖),~像,shiau5(ɕiɔ³³),shiau5,暂无
崇明,要(要),~求,iau1(iɔ⁵⁵),iau1,暂无
崇明,腰(腰),[空],iau1(iɔ⁵⁵),iau1,暂无
崇明,夭(夭),[空],iau1(iɔ⁵⁵),iau1,暂无
崇明,么(麼),[空],iau1(iɔ⁵⁵),iau1,暂无
崇明,邀(邀),[空],iau1(iɔ⁵⁵),iau1,暂无
崇明,吆(吆),[空],iau1(iɔ⁵⁵),iau1,暂无
崇明,窈(窈),[空],iau1(iɔ⁵⁵),iau1,暂无
崇明,要(要),重~,iau5(iɔ³³),iau5,暂无
崇明,淆(淆),[空],yau2(ɦiɔ²⁴),yau2,暂无
崇明,摇(搖),[空],yau2(ɦiɔ²⁴),yau2,暂无
崇明,尧(堯),[空],yau2(ɦiɔ²⁴),yau2,暂无
崇明,窑(窯),[空],yau2(ɦiɔ²⁴),yau2,暂无
崇明,姚(姚),[空],yau2(ɦiɔ²⁴),yau2,暂无
崇明,瑶(瑤),[空],yau2(ɦiɔ²⁴),yau2,暂无
崇明,肴(肴),[空],yau2(ɦiɔ²⁴),yau2,暂无
崇明,爻(爻),[空],yau2(ɦiɔ²⁴),yau2,暂无
崇明,谣(謠),[空],yau2(ɦiɔ²⁴),yau2,暂无
崇明,徭(徭),[空],yau2(ɦiɔ²⁴),yau2,暂无
崇明,遥(遙),[空],yau2(ɦiɔ²⁴),yau2,暂无
崇明,舀(舀),[空],yau4(ɦiɔ²⁴²),yau4,暂无
崇明,校(校),[空],yau6(ɦiɔ³¹³),yau6,暂无
崇明,效(效),[空],yau6(ɦiɔ³¹³),yau6,暂无
崇明,効(効),[空],yau6(ɦiɔ³¹³),yau6,暂无
崇明,耀(耀),[空],yau6(ɦiɔ³¹³),yau6,暂无
崇明,曜(曜),[空],yau6(ɦiɔ³¹³),yau6,暂无
崇明,滧(滧),[空],yau6(ɦiɔ³¹³),yau6,暂无
崇明,杳(杳),[空],yau6(ɦiɔ³¹³),yau6,暂无
崇明,巴(巴),[空],po1(po⁵⁵),po1,暂无
崇明,把(把),~脉,po1(po⁵⁵),po1,暂无
崇明,芭(芭),[空],po1(po⁵⁵),po1,暂无
崇明,笆(笆),[空],po1(po⁵⁵),po1,暂无
崇明,疤(疤),[空],po1(po⁵⁵),po1,暂无
崇明,粑(粑),儿语：~~(饼类食物),po1(po⁵⁵),po1,暂无
崇明,把(把),~尿,po3(po⁴²⁴),po3,暂无
崇明,襬(襬),下~,po3(po⁴²⁴),po3,暂无
崇明,坝(壩),[空],po5(po³³),po5,暂无
崇明,把(把),刀~,po5(po³³),po5,暂无
崇明,欛(欛),[空],po5(po³³),po5,暂无
崇明,霸(霸),[空],po5(po³³),po5,暂无
崇明,靶(靶),[空],po5(po³³),po5,暂无
崇明,葩(葩),蓬松、铺开的样子。葩，《广韵》平声麻韵普巴切：花也，又草花白。,pho1(pʰo⁵⁵),pho1,暂无
崇明,怕(怕),[空],pho5(pʰo³³),pho5,暂无
崇明,扒(扒),[空],bo2(bo²⁴),bo2,暂无
崇明,耙(耙),[空],bo2(bo²⁴),bo2,暂无
崇明,琶(琶),[空],bo2(bo²⁴),bo2,暂无
崇明,杷(杷),枇~,bo2(bo²⁴),bo2,暂无
崇明,爬(爬),[空],bo2(bo²⁴),bo2,暂无
崇明,䶕(䶕),~牙齿(上齿往外突出),bo6(bo³¹³),bo6,暂无
崇明,罢(罷),~免,bo6(bo³¹³),bo6,暂无
崇明,麻(麻),小孩得意疯玩,mo1(ʔmo⁵⁵),mo1,暂无
崇明,马(馬),~上,mo1(ʔmo⁵⁵),mo1,暂无
崇明,麻(麻),[空],mo2(ɦmo²⁴),mo2,暂无
崇明,马(馬),[空],mo4(ɦmo²⁴²),mo4,暂无
崇明,码(碼),[空],mo4(ɦmo²⁴²),mo4,暂无
崇明,骂(罵),[空],mo6(ɦmo³¹³),mo6,暂无
崇明,玛(瑪),[空],mo6(ɦmo³¹³),mo6,暂无
崇明,蚂(螞),[空],mo6(ɦmo³¹³),mo6,暂无
崇明,哆(哆),~啰~啰，象声词，形容一五一十地传话,to1(to⁵⁵),to1,暂无
崇明,诺(諾),指点词：~，钥匙拨你(这儿，钥匙给你),no1(ʔno⁵⁵),no1,暂无
崇明,啰(囉),~啰(呼猪声),lo1(ʔlo⁵⁵),lo1,暂无
崇明,渣(渣),[空],tso1(tso⁵⁵),tso1,暂无
崇明,楂(楂),[空],tso1(tso⁵⁵),tso1,暂无
崇明,喳(喳),象声词：~啰~啰(形容说话声),tso1(tso⁵⁵),tso1,暂无
崇明,喳(喳),指点词：~，拨你(诺，给你),tso1(tso⁵⁵),tso1,暂无
崇明,遮(遮),[空],tso1(tso⁵⁵),tso1,暂无
崇明,㪥(㪥),《广韵》平声麻韵侧加切：以指拨也,tso1(tso⁵⁵),tso1,暂无
崇明,炸(炸),~弹,tso5(tso³³),tso5,暂无
崇明,榨(榨),[空],tso5(tso³³),tso5,暂无
崇明,诈(詐),[空],tso5(tso³³),tso5,暂无
崇明,柞(柞),[空],tso5(tso³³),tso5,暂无
崇明,蔗(蔗),[空],tso5(tso³³),tso5,暂无
崇明,乍(乍),[空],tso5(tso³³),tso5,暂无
崇明,窄(窄),[空],tso5(tso³³),tso5,暂无
崇明,奓(奓),《集韵》去声𧜗韵陟嫁切“张也”,tso5(tso³³),tso5,暂无
崇明,车(車),推~子,tsho1(tsʰo⁵⁵),tsho1,暂无
崇明,差(差),~别；错,tsho1(tsʰo⁵⁵),tsho1,暂无
崇明,蹉(蹉),[空],tsho1(tsʰo⁵⁵),tsho1,暂无
崇明,叉(叉),[空],tsho1(tsʰo⁵⁵),tsho1,暂无
崇明,汊(汊),[空],tsho1(tsʰo⁵⁵),tsho1,暂无
崇明,杈(杈),[空],tsho1(tsʰo⁵⁵),tsho1,暂无
崇明,衩(衩),[空],tsho1(tsʰo⁵⁵),tsho1,暂无
崇明,扠(扠),~旗：升旗,tsho1(tsʰo⁵⁵),tsho1,暂无
崇明,扠(扠),从胳膊下扶人,tsho3(tsʰo⁴²⁴),tsho3,暂无
崇明,岔(岔),[空],tsho5(tsʰo³³),tsho5,暂无
崇明,诧(詫),[空],tsho5(tsʰo³³),tsho5,暂无
崇明,查(查),姓,dzo2(dzo²⁴),dzo2,暂无
崇明,茶(茶),[空],dzo2(dzo²⁴),dzo2,暂无
崇明,搽(搽),[空],dzo2(dzo²⁴),dzo2,暂无
崇明,蛇(蛇),名词,dzo2(dzo²⁴),dzo2,暂无
崇明,昨(昨),文读,dzo6(dzo³¹³),dzo6,暂无
崇明,蛇(蛇),动词，伸头出去,dzo6(dzo³¹³),dzo6,暂无
崇明,纱(紗),[空],so1(so⁵⁵),so1,暂无
崇明,沙(沙),[空],so1(so⁵⁵),so1,暂无
崇明,砂(砂),[空],so1(so⁵⁵),so1,暂无
崇明,畲(佘),[空],so1(so⁵⁵),so1,暂无
崇明,舍(舍),[空],so1(so⁵⁵),so1,暂无
崇明,畲(畬),[空],so1(so⁵⁵),so1,暂无
崇明,赊(賒),[空],so1(so⁵⁵),so1,暂无
崇明,舍(捨),白读,so3(so⁴²⁴),so3,暂无
崇明,赦(赦),[空],so3(so⁴²⁴),so3,暂无
崇明,晒(曬),[空],so5(so³³),so5,暂无
崇明,舍(舍),环洞~,so5(so³³),so5,暂无
崇明,喏(喏),唱~,zo6(zo³¹³),zo6,暂无
崇明,挂(掛),~勒人身浪(吊在人身上),ko3(ko⁴²⁴),ko3,暂无
崇明,挂(掛),~帐子,ko5(ko³³),ko5,暂无
崇明,夸(誇),[空],kho1(kʰo⁵⁵),kho1,暂无
崇明,夸(誇),[空],kho1(kʰo⁵⁵),kho1,暂无
崇明,垮(垮),[空],kho3(kʰo⁴²⁴),kho3,暂无
崇明,胯(胯),开~(上衣要不两侧开一口子)《集韵》上声蟹韵枯买切：腰肥貌。,kho3(kʰo⁴²⁴),kho3,暂无
崇明,跨(跨),[空],kho5(kʰo³³),kho5,暂无
崇明,嗰(嗰),象声词，形容公鸡啼叫声：嗰嗰~,go4(go²⁴²),go4,暂无
崇明,嗰(嗰),象声词，形容公鸡啼叫声：~嗰嗰,go6(go³¹³),go6,暂无
崇明,瓦(瓦),[空],ngo4(ŋo²⁴²),ngo4,暂无
崇明,瓦(瓦),头支撑在外,ngo6(ŋo³¹³),ngo6,暂无
崇明,花(花),~草,ho1(ho⁵⁵),ho1,暂无
崇明,虾(蝦),[空],ho1(ho⁵⁵),ho1,暂无
崇明,呵(呵),~一口气(吐一口气),ho1(ho⁵⁵),ho1,暂无
崇明,煅(煆),[空],ho1(ho⁵⁵),ho1,暂无
崇明,化(化),连读调：~吃吃(胳肢人：在胳肢窝挠人痒),ho3(ho⁴²⁴),ho3,暂无
崇明,化(化),[空],ho5(ho³³),ho5,暂无
崇明,花(花),~钞票,ho5(ho³³),ho5,暂无
崇明,孝(孝),吊~,ho5(ho³³),ho5,暂无
崇明,下(下),[空],gho4(hɦo²⁴²),gho4,暂无
崇明,夏(夏),白读,gho4(hɦo²⁴²),gho4,暂无
崇明,厦(廈),~门,gho6(hɦo³¹³),gho6,暂无
崇明,哑(啞),打~(干哕),o1(o⁵⁵),o1,暂无
崇明,讹(訛),~赖,o1(o⁵⁵),o1,暂无
崇明,哑(啞),~子(哑巴),o5(o³³),o5,暂无
崇明,唷(唷),叹词：~，红裤子~,io5(io³³),io5,暂无
崇明,哟(喲),叹词：哎~！,io5(io³³),io5,暂无
崇明,唷(唷),象声词：吭~,yo4(ɦio²⁴²),yo4,暂无
崇明,哟(喲),象声词：吭~,yo4(ɦio²⁴²),yo4,暂无
崇明,瓜(瓜),[空],kuo1(kuo⁵⁵),kuo1,暂无
崇明,寡(寡),[空],kuo5(kuo³³),kuo5,暂无
崇明,卦(卦),[空],kuo5(kuo³³),kuo5,暂无
崇明,呱(呱),象声词：~啰~啰(男孩发育时变得发沙的声音),guo4(guo²⁴²),guo4,暂无
崇明,哇(哇),[空],uo1(uo⁵⁵),uo1,暂无
崇明,蛙(蛙),[空],uo1(uo⁵⁵),uo1,暂无
崇明,漥(漥),[空],uo1(uo⁵⁵),uo1,暂无
崇明,丫(丫),~头(女儿),uo1(uo⁵⁵),uo1,暂无
崇明,搲(搲),《集韵》平声麻韵乌瓜切“手提物”,uo1(uo⁵⁵),uo1,暂无
崇明,讹(訛),~赖,uo1(uo⁵⁵),uo1,暂无
崇明,划(划),~船,wo2(ɦuo²⁴),wo2,暂无
崇明,华(華),[空],wo2(ɦuo²⁴),wo2,暂无
崇明,桦(樺),[空],wo2(ɦuo²⁴),wo2,暂无
崇明,哗(嘩),[空],wo2(ɦuo²⁴),wo2,暂无
崇明,骅(驊),[空],wo2(ɦuo²⁴),wo2,暂无
崇明,硪(硪),石~(打夯用具)。《广韵》平声哥韵五和切“说文曰石岩也”,wo2(ɦuo²⁴),wo2,暂无
崇明,话(話),[空],wo6(ɦuo³¹³),wo6,暂无
崇明,画(畫),[空],wo6(ɦuo³¹³),wo6,暂无
崇明,杯(杯),[空],pei1(pei⁵⁵),pei1,暂无
崇明,碑(碑),[空],pei1(pei⁵⁵),pei1,暂无
崇明,卑(卑),[空],pei1(pei⁵⁵),pei1,暂无
崇明,陂(陂),[空],pei1(pei⁵⁵),pei1,暂无
崇明,杯(杯),[空],pei1(pei⁵⁵),pei1,暂无
崇明,揹(揹),对~(两人意见相反),pei1(pei⁵⁵),pei1,暂无
崇明,彼(彼),[空],pei1(pei⁵⁵),pei1,暂无
崇明,背(背),[空],pei5(pei³³),pei5,暂无
崇明,贝(貝),[空],pei5(pei³³),pei5,暂无
崇明,辈(輩),[空],pei5(pei³³),pei5,暂无
崇明,狈(狽),[空],pei5(pei³³),pei5,暂无
崇明,褙(褙),[空],pei5(pei³³),pei5,暂无
崇明,胚(胚),[空],phei1(pʰei⁵⁵),phei1,暂无
崇明,坯(坯),[空],phei1(pʰei⁵⁵),phei1,暂无
崇明,配(配),[空],phei5(pʰei³³),phei5,暂无
崇明,沛(沛),[空],phei5(pʰei³³),phei5,暂无
崇明,霈(霈),[空],phei5(pʰei³³),phei5,暂无
崇明,辔(轡),[空],phei5(pʰei³³),phei5,暂无
崇明,旆(旆),[空],phei5(pʰei³³),phei5,暂无
崇明,丕(丕),[空],phei5(pʰei³³),phei5,暂无
崇明,蓓(蓓),[空],bei2(bei²⁴),bei2,暂无
崇明,培(培),[空],bei2(bei²⁴),bei2,暂无
崇明,陪(陪),[空],bei2(bei²⁴),bei2,暂无
崇明,赔(賠),[空],bei2(bei²⁴),bei2,暂无
崇明,裴(裴),[空],bei2(bei²⁴),bei2,暂无
崇明,被(被),文读,bei4(bei²⁴²),bei4,暂无
崇明,倍(倍),[空],bei4(bei²⁴²),bei4,暂无
崇明,备(備),[空],bei6(bei³¹³),bei6,暂无
崇明,佩(佩),[空],bei6(bei³¹³),bei6,暂无
崇明,枚(枚),[空],mei1(ʔmei⁵⁵),mei1,暂无
崇明,妹(妹),[空],mei5(ʔmei³³),mei5,暂无
崇明,美(美),[空],mei5(ʔmei³³),mei5,暂无
崇明,镁(鎂),[空],mei5(ʔmei³³),mei5,暂无
崇明,媚(媚),[空],mei5(ʔmei³³),mei5,暂无
崇明,梅(梅),[空],mei2(ɦmei²⁴),mei2,暂无
崇明,煤(煤),[空],mei2(ɦmei²⁴),mei2,暂无
崇明,酶(酶),[空],mei2(ɦmei²⁴),mei2,暂无
崇明,楣(楣),[空],mei2(ɦmei²⁴),mei2,暂无
崇明,湄(湄),[空],mei2(ɦmei²⁴),mei2,暂无
崇明,莓(莓),[空],mei2(ɦmei²⁴),mei2,暂无
崇明,嵋(嵋),[空],mei2(ɦmei²⁴),mei2,暂无
崇明,霉(黴),[空],mei2(ɦmei²⁴),mei2,暂无
崇明,谜(謎),~谜子(谜语),mei6(ɦmei³¹³),mei6,暂无
崇明,眛(眛),[空],mei6(ɦmei³¹³),mei6,暂无
崇明,寐(寐),[空],mei6(ɦmei³¹³),mei6,暂无
崇明,袂(袂),[空],mei6(ɦmei³¹³),mei6,暂无
崇明,昧(昧),[空],mei6(ɦmei³¹³),mei6,暂无
崇明,魅(魅),[空],mei6(ɦmei³¹³),mei6,暂无
崇明,玫(玫),[空],mei6(ɦmei³¹³),mei6,暂无
崇明,煝(煝),《广韵》去声至韵明秘切：“煝，焅热”,mei6(ɦmei³¹³),mei6,暂无
崇明,堆(堆),[空],tei1(tei⁵⁵),tei1,暂无
崇明,碓(碓),[空],tei1(tei⁵⁵),tei1,暂无
崇明,对(對),[空],tei5(tei³³),tei5,暂无
崇明,推(推),[空],thei1(tʰei⁵⁵),thei1,暂无
崇明,腿(腿),[空],thei3(tʰei⁴²⁴),thei3,暂无
崇明,蜕(蛻),[空],thei3(tʰei⁴²⁴),thei3,暂无
崇明,退(退),[空],thei5(tʰei³³),thei5,暂无
崇明,褪(褪),[空],thei5(tʰei³³),thei5,暂无
崇明,颓(頹),[空],dei4(dei²⁴²),dei4,暂无
崇明,颓(頹),[空],dei4(dei²⁴²),dei4,暂无
崇明,队(隊),[空],dei6(dei³¹³),dei6,暂无
崇明,兑(兌),[空],dei6(dei³¹³),dei6,暂无
崇明,馁(餒),[空],nei4(ɦnei²⁴²),nei4,暂无
崇明,餧(餧),[空],nei4(ɦnei²⁴²),nei4,暂无
崇明,内(內),[空],nei6(ɦnei³¹³),nei6,暂无
崇明,雷(雷),[空],lei2(lei²⁴),lei2,暂无
崇明,蕾(蕾),[空],lei2(lei²⁴),lei2,暂无
崇明,镭(鐳),[空],lei2(lei²⁴),lei2,暂无
崇明,羸(羸),[空],lei2(lei²⁴),lei2,暂无
崇明,累(累),文读,lei4(lei²⁴²),lei4,暂无
崇明,垒(壘),[空],lei4(lei²⁴²),lei4,暂无
崇明,儡(儡),[空],lei4(lei²⁴²),lei4,暂无
崇明,儽(儽),[空],lei4(lei²⁴²),lei4,暂无
崇明,类(類),[空],lei6(lei³¹³),lei6,暂无
崇明,磊(磊),[空],lei6(lei³¹³),lei6,暂无
崇明,擂(擂),[空],lei6(lei³¹³),lei6,暂无
崇明,耒(耒),[空],lei6(lei³¹³),lei6,暂无
崇明,诔(誄),[空],lei6(lei³¹³),lei6,暂无
崇明,累(累),~垃圾(耐脏),lei6(lei³¹³),lei6,暂无
崇明,追(追),[空],tsei1(tsei⁵⁵),tsei1,暂无
崇明,椎(椎),[空],tsei1(tsei⁵⁵),tsei1,暂无
崇明,锥(錐),文读,tsei1(tsei⁵⁵),tsei1,暂无
崇明,最(最),[空],tsei5(tsei³³),tsei5,暂无
崇明,醉(醉),[空],tsei5(tsei³³),tsei5,暂无
崇明,缀(綴),[空],tsei5(tsei³³),tsei5,暂无
崇明,赘(贅),[空],tsei5(tsei³³),tsei5,暂无
崇明,吹(吹),文读,tshei1(tsʰei⁵⁵),tshei1,暂无
崇明,炊(炊),[空],tshei1(tsʰei⁵⁵),tshei1,暂无
崇明,崔(崔),[空],tshei1(tsʰei⁵⁵),tshei1,暂无
崇明,催(催),[空],tshei1(tsʰei⁵⁵),tshei1,暂无
崇明,摧(摧),[空],tshei1(tsʰei⁵⁵),tshei1,暂无
崇明,璀(璀),[空],tshei1(tsʰei⁵⁵),tshei1,暂无
崇明,碎(碎),把饭用锅铲或筷子弄松,tshei3(tsʰei⁴²⁴),tshei3,暂无
崇明,翠(翠),[空],tshei5(tsʰei³³),tshei5,暂无
崇明,脆(脆),[空],tshei5(tsʰei³³),tshei5,暂无
崇明,鎚(鎚),[空],dzei2(dzei²⁴),dzei2,暂无
崇明,垂(垂),文读,dzei2(dzei²⁴),dzei2,暂无
崇明,锤(錘),[空],dzei2(dzei²⁴),dzei2,暂无
崇明,捶(捶),[空],dzei2(dzei²⁴),dzei2,暂无
崇明,槌(槌),[空],dzei2(dzei²⁴),dzei2,暂无
崇明,棰(棰),[空],dzei2(dzei²⁴),dzei2,暂无
崇明,陲(陲),[空],dzei2(dzei²⁴),dzei2,暂无
崇明,隋(隋),[空],dzei2(dzei²⁴),dzei2,暂无
崇明,随(隨),~便,dzei2(dzei²⁴),dzei2,暂无
崇明,睡(睡),文读,dzei2(dzei²⁴),dzei2,暂无
崇明,罪(罪),文读,dzei4(dzei²⁴²),dzei4,暂无
崇明,谁(誰),文读,dzei4(dzei²⁴²),dzei4,暂无
崇明,坠(墜),[空],dzei6(dzei³¹³),dzei6,暂无
崇明,萃(萃),[空],dzei6(dzei³¹³),dzei6,暂无
崇明,悴(悴),[空],dzei6(dzei³¹³),dzei6,暂无
崇明,粹(粹),[空],dzei6(dzei³¹³),dzei6,暂无
崇明,蕊(蕊),文读,dzei6(dzei³¹³),dzei6,暂无
崇明,瑞(瑞),[空],dzei6(dzei³¹³),dzei6,暂无
崇明,穗(穗),[空],dzei6(dzei³¹³),dzei6,暂无
崇明,遂(遂),[空],dzei6(dzei³¹³),dzei6,暂无
崇明,燧(燧),[空],dzei6(dzei³¹³),dzei6,暂无
崇明,隧(隧),[空],dzei6(dzei³¹³),dzei6,暂无
崇明,虽(雖),[空],sei1(sei⁵⁵),sei1,暂无
崇明,绥(綏),[空],sei1(sei⁵⁵),sei1,暂无
崇明,水(水),文读,sei3(sei⁴²⁴),sei3,暂无
崇明,碎(碎),破~,sei5(sei³³),sei5,暂无
崇明,邃(邃),[空],sei5(sei³³),sei5,暂无
崇明,岁(歲),[空],sei5(sei³³),sei5,暂无
崇明,祟(祟),[空],sei5(sei³³),sei5,暂无
崇明,税(稅),[空],sei5(sei³³),sei5,暂无
崇明,随(隨),~身,zei2(zei²⁴),zei2,暂无
崇明,居(居),~铜钿,kei1(kei⁵⁵),kei1,暂无
崇明,锯(鋸),~子(连读调),kei1(kei⁵⁵),kei1,暂无
崇明,锯(鋸),龙~(一种又长又大的锯),kei5(kei³³),kei5,暂无
崇明,徛(徛),站立；《广韵》上声纸韵渠绮切“立也”,gei4(gei²⁴²),gei4,暂无
崇明,鱼(魚),儿语：~~,ngei1(ʔŋei⁵⁵),ngei1,暂无
崇明,鱼(魚),白读,ngei2(ɦŋei²⁴),ngei2,暂无
崇明,虚(虛),~肿,hei1(hei⁵⁵),hei1,暂无
崇明,许(許),~你(答应你),hei3(hei⁴²⁴),hei3,暂无
崇明,圭(圭),[空],kuei1(kuei⁵⁵),kuei1,暂无
崇明,硅(矽),[空],kuei1(kuei⁵⁵),kuei1,暂无
崇明,轨(軌),[空],kuei1(kuei⁵⁵),kuei1,暂无
崇明,归(歸),[空],kuei1(kuei⁵⁵),kuei1,暂无
崇明,规(規),[空],kuei1(kuei⁵⁵),kuei1,暂无
崇明,龟(龜),[空],kuei1(kuei⁵⁵),kuei1,暂无
崇明,皈(皈),[空],kuei1(kuei⁵⁵),kuei1,暂无
崇明,鬼(鬼),文读,kuei3(kuei⁴²⁴),kuei3,暂无
崇明,贵(貴),文读,kuei5(kuei³³),kuei5,暂无
崇明,桂(桂),[空],kuei5(kuei³³),kuei5,暂无
崇明,癸(癸),[空],kuei5(kuei³³),kuei5,暂无
崇明,刽(劊),[空],kuei5(kuei³³),kuei5,暂无
崇明,鲑(鮭),[空],kuei5(kuei³³),kuei5,暂无
崇明,鳜(鱖),[空],kuei5(kuei³³),kuei5,暂无
崇明,闺(閨),[空],kuei5(kuei³³),kuei5,暂无
崇明,瑰(瑰),[空],kuei5(kuei³³),kuei5,暂无
崇明,诡(詭),[空],kuei5(kuei³³),kuei5,暂无
崇明,桧(檜),[空],kuei5(kuei³³),kuei5,暂无
崇明,会(會),~计,kuei5(kuei³³),kuei5,暂无
崇明,绘(繪),[空],kuei5(kuei³³),kuei5,暂无
崇明,奎(奎),[空],khuei1(kʰuei⁵⁵),khuei1,暂无
崇明,亏(虧),[空],khuei1(kʰuei⁵⁵),khuei1,暂无
崇明,魁(魁),[空],khuei1(kʰuei⁵⁵),khuei1,暂无
崇明,窥(窺),[空],khuei1(kʰuei⁵⁵),khuei1,暂无
崇明,篑(簣),[空],khuei1(kʰuei⁵⁵),khuei1,暂无
崇明,跬(跬),[空],khuei1(kʰuei⁵⁵),khuei1,暂无
崇明,喟(喟),[空],khuei1(kʰuei⁵⁵),khuei1,暂无
崇明,傀(傀),[空],khuei5(kʰuei³³),khuei5,暂无
崇明,馈(饋),[空],khuei5(kʰuei³³),khuei5,暂无
崇明,葵(葵),[空],guei2(guei²⁴),guei2,暂无
崇明,夔(夔),[空],guei2(guei²⁴),guei2,暂无
崇明,逵(逵),[空],guei2(guei²⁴),guei2,暂无
崇明,睽(睽),[空],guei2(guei²⁴),guei2,暂无
崇明,揆(揆),[空],guei2(guei²⁴),guei2,暂无
崇明,馗(馗),[空],guei2(guei²⁴),guei2,暂无
崇明,跪(跪),文读,guei4(guei²⁴²),guei4,暂无
崇明,溃(潰),[空],guei4(guei²⁴²),guei4,暂无
崇明,愧(愧),[空],guei4(guei²⁴²),guei4,暂无
崇明,柜(櫃),文读,guei6(guei³¹³),guei6,暂无
崇明,危(危),[空],nguei2(ɦŋuei²⁴),nguei2,暂无
崇明,桅(桅),[空],nguei2(ɦŋuei²⁴),nguei2,暂无
崇明,伪(偽),[空],nguei6(ɦŋuei³¹³),nguei6,暂无
崇明,灰(灰),[空],huei1(huei⁵⁵),huei1,暂无
崇明,盔(盔),[空],huei1(huei⁵⁵),huei1,暂无
崇明,辉(輝),[空],huei1(huei⁵⁵),huei1,暂无
崇明,徽(徽),[空],huei1(huei⁵⁵),huei1,暂无
崇明,晖(暉),[空],huei1(huei⁵⁵),huei1,暂无
崇明,挥(揮),发~,huei1(huei⁵⁵),huei1,暂无
崇明,恢(恢),[空],huei1(huei⁵⁵),huei1,暂无
崇明,麾(麾),[空],huei1(huei⁵⁵),huei1,暂无
崇明,诙(詼),[空],huei1(huei⁵⁵),huei1,暂无
崇明,悔(悔),[空],huei3(huei⁴²⁴),huei3,暂无
崇明,讳(諱),[空],huei5(huei³³),huei5,暂无
崇明,毁(毀),[空],huei5(huei³³),huei5,暂无
崇明,烩(燴),[空],huei5(huei³³),huei5,暂无
崇明,卉(卉),[空],huei5(huei³³),huei5,暂无
崇明,晦(晦),[空],huei5(huei³³),huei5,暂无
崇明,喙(喙),[空],huei5(huei³³),huei5,暂无
崇明,贿(賄),[空],huei5(huei³³),huei5,暂无
崇明,挥(揮),~汗,huei5(huei³³),huei5,暂无
崇明,威(威),[空],uei1(uei⁵⁵),uei1,暂无
崇明,畏(畏),[空],uei1(uei⁵⁵),uei1,暂无
崇明,煨(煨),[空],uei1(uei⁵⁵),uei1,暂无
崇明,偎(偎),依~,uei1(uei⁵⁵),uei1,暂无
崇明,烩(燴),酱~蛋,uei1(uei⁵⁵),uei1,暂无
崇明,委(委),[空],uuei3(uuei⁴²⁴),uuei3,暂无
崇明,萎(萎),[空],uei5(uei³³),uei5,暂无
崇明,餵(餵),[空],uei5(uei³³),uei5,暂无
崇明,喂(喂),~养,uei5(uei³³),uei5,暂无
崇明,会(會),~吃~做,uei5(uei³³),uei5,暂无
崇明,围(圍),[空],wei2(ɦuei²⁴),wei2,暂无
崇明,违(違),[空],wei2(ɦuei²⁴),wei2,暂无
崇明,苇(葦),[空],wei2(ɦuei²⁴),wei2,暂无
崇明,回(回),来~,wei2(ɦuei²⁴),wei2,暂无
崇明,洄(洄),[空],wei2(ɦuei²⁴),wei2,暂无
崇明,蛔(蛔),[空],wei2(ɦuei²⁴),wei2,暂无
崇明,为(爲),行~,wei2(ɦuei²⁴),wei2,暂无
崇明,为(爲),~子(为了),wei6(ɦuei³¹³),wei6,暂无
崇明,谓(謂),[空],wei6(ɦuei³¹³),wei6,暂无
崇明,纬(緯),带经~(平时注意积蓄),wei6(ɦuei³¹³),wei6,暂无
崇明,卫(衛),[空],wei6(ɦuei³¹³),wei6,暂无
崇明,位(位),[空],wei6(ɦuei³¹³),wei6,暂无
崇明,伟(偉),[空],wei6(ɦuei³¹³),wei6,暂无
崇明,魏(魏),[空],wei6(ɦuei³¹³),wei6,暂无
崇明,韦(韋),[空],wei6(ɦuei³¹³),wei6,暂无
崇明,胃(胃),[空],wei6(ɦuei³¹³),wei6,暂无
崇明,巍(巍),[空],wei6(ɦuei³¹³),wei6,暂无
崇明,慰(慰),[空],wei6(ɦuei³¹³),wei6,暂无
崇明,蔚(蔚),[空],wei6(ɦuei³¹³),wei6,暂无
崇明,尉(尉),[空],wei6(ɦuei³¹³),wei6,暂无
崇明,渭(渭),[空],wei6(ɦuei³¹³),wei6,暂无
崇明,慧(慧),[空],wei6(ɦuei³¹³),wei6,暂无
崇明,惠(惠),[空],wei6(ɦuei³¹³),wei6,暂无
崇明,汇(匯),[空],wei6(ɦuei³¹³),wei6,暂无
崇明,汇(彙),[空],wei6(ɦuei³¹³),wei6,暂无
崇明,蕙(蕙),[空],wei6(ɦuei³¹³),wei6,暂无
崇明,会(會),开~,wei6(ɦuei³¹³),wei6,暂无
崇明,秽(穢),[空],wei6(ɦuei³¹³),wei6,暂无
崇明,彗(彗),[空],wei6(ɦuei³¹³),wei6,暂无
崇明,回(回),转卖,wei6(ɦuei³¹³),wei6,暂无
崇明,奔(奔),[空],pen1(pən⁵⁵),pen1,暂无
崇明,贵(貴),[空],pen1(pən⁵⁵),pen1,暂无
崇明,犇(犇),[空],pen1(pən⁵⁵),pen1,暂无
崇明,崩(崩),[空],pen1(pən⁵⁵),pen1,暂无
崇明,畚(畚),《广韵》上声混韵布忖切“草器”是名词。崇明话读阴平调，是动词,pen1(pən⁵⁵),pen1,暂无
崇明,本(本),[空],pen3(pən⁴²⁴),pen3,暂无
崇明,喷(噴),~水,phen1(pʰən⁵⁵),phen1,暂无
崇明,喷(噴),香~~,phen3(pʰən⁴²⁴),phen3,暂无
崇明,盆(盆),[空],ben2(bən²⁴),ben2,暂无
崇明,闻(聞),少,ben2(bən²⁴),ben2,暂无
崇明,笨(笨),[空],ben4(bən²⁴²),ben4,暂无
崇明,坌(坌),[空],ben6(bən³¹³),ben6,暂无
崇明,萌(萌),[空],men1(ʔmən⁵⁵),men1,暂无
崇明,焖(燜),红~肉,men1(ʔmən⁵⁵),men1,暂无
崇明,闷(悶),《广韵》只有去声愿韵莫困切一读，《集韵》另有平声魂韵谟奔切(闷然不觉貌，一曰有顷间也)一读,men1(ʔmən⁵⁵),men1,暂无
崇明,闷(悶),[空],men5(ʔmən³³),men5,暂无
崇明,猛(猛),~烈,men5(ʔmən³³),men5,暂无
崇明,门(門),~窗,men2(ɦmən²⁴),men2,暂无
崇明,们(們),[空],men2(ɦmən²⁴),men2,暂无
崇明,盟(盟),[空],men2(ɦmən²⁴),men2,暂无
崇明,闻(聞),白读,men2(ɦmən²⁴),men2,暂无
崇明,明(明),~朝(明天),men2(ɦmən²⁴),men2,暂无
崇明,闷(悶),~羊：性欲被压抑的母羊,men6(ɦmən³¹³),men6,暂无
崇明,锰(錳),[空],men6(ɦmən³¹³),men6,暂无
崇明,问(問),白读,men6(ɦmən³¹³),men6,暂无
崇明,门(門),~前(面前),men6(ɦmən³¹³),men6,暂无
崇明,分(分),[空],fen1(fən⁵⁵),fen1,暂无
崇明,芬(芬),[空],fen1(fən⁵⁵),fen1,暂无
崇明,纷(紛),[空],fen1(fən⁵⁵),fen1,暂无
崇明,汾(汾),[空],fen1(fən⁵⁵),fen1,暂无
崇明,吩(吩),[空],fen1(fən⁵⁵),fen1,暂无
崇明,氛(氛),~围,fen1(fən⁵⁵),fen1,暂无
崇明,酚(酚),[空],fen1(fən⁵⁵),fen1,暂无
崇明,粉(粉),[空],fen3(fən⁴²⁴),fen3,暂无
崇明,粪(糞),[空],fen5(fən³³),fen5,暂无
崇明,奋(奮),[空],fen5(fən³³),fen5,暂无
崇明,坟(墳),[空],ven2(vən²⁴),ven2,暂无
崇明,坟(墳),[空],ven2(vən²⁴),ven2,暂无
崇明,焚(焚),[空],ven2(vən²⁴),ven2,暂无
崇明,文(文),[空],ven2(vən²⁴),ven2,暂无
崇明,纹(紋),[空],ven2(vən²⁴),ven2,暂无
崇明,闻(聞),文读,ven2(vən²⁴),ven2,暂无
崇明,份(份),~心(操心),ven4(vən²⁴²),ven4,暂无
崇明,份(份),分几~,ven6(vən³¹³),ven6,暂无
崇明,愤(憤),[空],ven6(vən³¹³),ven6,暂无
崇明,忿(忿),[空],ven6(vən³¹³),ven6,暂无
崇明,氛(氛),气~,ven6(vən³¹³),ven6,暂无
崇明,问(問),文读,ven6(vən³¹³),ven6,暂无
崇明,吻(吻),[空],ven6(vən³¹³),ven6,暂无
崇明,墩(墩),[空],ten1(tən⁵⁵),ten1,暂无
崇明,敦(敦),[空],ten1(tən⁵⁵),ten1,暂无
崇明,驐(驐),[空],ten1(tən⁵⁵),ten1,暂无
崇明,蹲(蹲),[空],ten1(tən⁵⁵),ten1,暂无
崇明,灯(燈),[空],ten1(tən⁵⁵),ten1,暂无
崇明,登(登),[空],ten1(tən⁵⁵),ten1,暂无
崇明,等(等),[空],ten3(tən⁴²⁴),ten3,暂无
崇明,趸(躉),~船(浮动的码头),ten3(tən⁴²⁴),ten3,暂无
崇明,吨(噸),[空],ten5(tən³³),ten5,暂无
崇明,顿(頓),[空],ten5(tən³³),ten5,暂无
崇明,炖(燉),[空],ten5(tən³³),ten5,暂无
崇明,蹬(蹬),[空],ten5(tən³³),ten5,暂无
崇明,瞪(瞪),[空],ten5(tən³³),ten5,暂无
崇明,凳(凳),[空],ten5(tən³³),ten5,暂无
崇明,戥(戥),[空],ten5(tən³³),ten5,暂无
崇明,扽(扽),把布匹、衣物、线等两头猛一拉,ten5(tən³³),ten5,暂无
崇明,吞(吞),[空],then1(tʰən⁵⁵),then1,暂无
崇明,听(聽),用鼻子闻,then1(tʰən⁵⁵),then1,暂无
崇明,氽(氽),浮在水上,then3(tʰən⁴²⁴),then3,暂无
崇明,饨(飩),[空],den2(dən²⁴),den2,暂无
崇明,臀(臀),[空],den2(dən²⁴),den2,暂无
崇明,豚(豚),[空],den2(dən²⁴),den2,暂无
崇明,腾(騰),[空],den2(dən²⁴),den2,暂无
崇明,藤(藤),[空],den2(dən²⁴),den2,暂无
崇明,滕(滕),[空],den2(dən²⁴),den2,暂无
崇明,誊(謄),[空],den2(dən²⁴),den2,暂无
崇明,藤(藤),[空],den2(dən²⁴),den2,暂无
崇明,停(停),白读,den2(dən²⁴),den2,暂无
崇明,囤(囤),[空],den4(dən²⁴²),den4,暂无
崇明,屯(屯),[空],den4(dən²⁴²),den4,暂无
崇明,盾(盾),[空],den4(dən²⁴²),den4,暂无
崇明,遁(遁),[空],den4(dən²⁴²),den4,暂无
崇明,钝(鈍),[空],den6(dən³¹³),den6,暂无
崇明,邓(鄧),[空],den6(dən³¹³),den6,暂无
崇明,能(能),[空],nen2(ɦnən²⁴),nen2,暂无
崇明,恁(恁),[空],nen2(ɦnən²⁴),nen2,暂无
崇明,嫩(嫩),[空],nen6(ɦnən³¹³),nen6,暂无
崇明,愣(愣),[空],len5(ʔlən³³),len5,暂无
崇明,论(論),~语,len2(ɦlən²⁴),len2,暂无
崇明,轮(輪),[空],len2(ɦlən²⁴),len2,暂无
崇明,伦(倫),[空],len2(ɦlən²⁴),len2,暂无
崇明,仑(侖),[空],len2(ɦlən²⁴),len2,暂无
崇明,沦(淪),[空],len2(ɦlən²⁴),len2,暂无
崇明,抡(掄),[空],len2(ɦlən²⁴),len2,暂无
崇明,纶(綸),[空],len2(ɦlən²⁴),len2,暂无
崇明,淋(淋),~雨,len2(ɦlən²⁴),len2,暂无
崇明,楞(楞),[空],len2(ɦlən²⁴),len2,暂无
崇明,棱(棱),[空],len2(ɦlən²⁴),len2,暂无
崇明,邻(鄰),白读,len2(ɦlən²⁴),len2,暂无
崇明,鳞(鱗),白读,len2(ɦlən²⁴),len2,暂无
崇明,论(論),讨~,len6(ɦlən³¹³),len6,暂无
崇明,棱(棱),骨~枝生(肌肉少骨头多的样子),len6(ɦlən³¹³),len6,暂无
崇明,尊(尊),[空],tsen1(tsən⁵⁵),tsen1,暂无
崇明,樽(樽),[空],tsen1(tsən⁵⁵),tsen1,暂无
崇明,鳟(鱒),[空],tsen1(tsən⁵⁵),tsen1,暂无
崇明,撙(撙),[空],tsen1(tsən⁵⁵),tsen1,暂无
崇明,捘(捘),[空],tsen1(tsən⁵⁵),tsen1,暂无
崇明,真(真),[空],tsen1(tsən⁵⁵),tsen1,暂无
崇明,针(針),[空],tsen1(tsən⁵⁵),tsen1,暂无
崇明,珍(珍),[空],tsen1(tsən⁵⁵),tsen1,暂无
崇明,帧(幀),[空],tsen1(tsən⁵⁵),tsen1,暂无
崇明,贞(貞),[空],tsen1(tsən⁵⁵),tsen1,暂无
崇明,诊(診),[空],tsen1(tsən⁵⁵),tsen1,暂无
崇明,甄(甄),[空],tsen1(tsən⁵⁵),tsen1,暂无
崇明,臻(臻),[空],tsen1(tsən⁵⁵),tsen1,暂无
崇明,侦(偵),[空],tsen1(tsən⁵⁵),tsen1,暂无
崇明,棒(棒),[空],tsen1(tsən⁵⁵),tsen1,暂无
崇明,斟(斟),[空],tsen1(tsən⁵⁵),tsen1,暂无
崇明,疹(疹),[空],tsen1(tsən⁵⁵),tsen1,暂无
崇明,箴(箴),[空],tsen1(tsən⁵⁵),tsen1,暂无
崇明,砧(砧),[空],tsen1(tsən⁵⁵),tsen1,暂无
崇明,肫(肫),[空],tsen1(tsən⁵⁵),tsen1,暂无
崇明,谆(諄),[空],tsen1(tsən⁵⁵),tsen1,暂无
崇明,增(增),[空],tsen1(tsən⁵⁵),tsen1,暂无
崇明,赠(贈),[空],tsen1(tsən⁵⁵),tsen1,暂无
崇明,曾(曾),姓,tsen1(tsən⁵⁵),tsen1,暂无
崇明,憎(憎),[空],tsen1(tsən⁵⁵),tsen1,暂无
崇明,甑(甑),[空],tsen1(tsən⁵⁵),tsen1,暂无
崇明,缯(繒),[空],tsen1(tsən⁵⁵),tsen1,暂无
崇明,罾(罾),[空],tsen1(tsən⁵⁵),tsen1,暂无
崇明,矰(矰),[空],tsen1(tsən⁵⁵),tsen1,暂无
崇明,正(正),~月,tsen1(tsən⁵⁵),tsen1,暂无
崇明,证(證),[空],tsen1(tsən⁵⁵),tsen1,暂无
崇明,争(爭),~取,tsen1(tsən⁵⁵),tsen1,暂无
崇明,征(征),~伐,tsen1(tsən⁵⁵),tsen1,暂无
崇明,蒸(蒸),[空],tsen1(tsən⁵⁵),tsen1,暂无
崇明,挣(掙),[空],tsen1(tsən⁵⁵),tsen1,暂无
崇明,铮(錚),[空],tsen1(tsən⁵⁵),tsen1,暂无
崇明,筝(箏),[空],tsen1(tsən⁵⁵),tsen1,暂无
崇明,睁(睜),[空],tsen1(tsən⁵⁵),tsen1,暂无
崇明,峥(崢),[空],tsen1(tsən⁵⁵),tsen1,暂无
崇明,诤(諍),[空],tsen1(tsən⁵⁵),tsen1,暂无
崇明,征(徵),~收,tsen1(tsən⁵⁵),tsen1,暂无
崇明,狰(猙),[空],tsen1(tsən⁵⁵),tsen1,暂无
崇明,烝(烝),[空],tsen1(tsən⁵⁵),tsen1,暂无
崇明,准(准),[空],tsen3(tsən⁴²⁴),tsen3,暂无
崇明,凖(凖),[空],tsen3(tsən⁴²⁴),tsen3,暂无
崇明,整(整),[空],tsen3(tsən⁴²⁴),tsen3,暂无
崇明,拯(拯),[空],tsen3(tsən⁴²⁴),tsen3,暂无
崇明,镇(鎮),[空],tsen5(tsən³³),tsen5,暂无
崇明,振(振),[空],tsen5(tsən³³),tsen5,暂无
崇明,赈(賑),[空],tsen5(tsən³³),tsen5,暂无
崇明,震(震),[空],tsen5(tsən³³),tsen5,暂无
崇明,枕(枕),[空],tsen5(tsən³³),tsen5,暂无
崇明,圳(圳),[空],tsen5(tsən³³),tsen5,暂无
崇明,正(正),真~,tsen5(tsən³³),tsen5,暂无
崇明,政(政),[空],tsen5(tsən³³),tsen5,暂无
崇明,症(症),[空],tsen5(tsən³³),tsen5,暂无
崇明,怔(怔),[空],tsen5(tsən³³),tsen5,暂无
崇明,春(春),[空],tshen1(tsʰən⁵⁵),tshen1,暂无
崇明,椿(椿),[空],tshen1(tsʰən⁵⁵),tshen1,暂无
崇明,村(村),[空],tshen1(tsʰən⁵⁵),tshen1,暂无
崇明,皴(皴),[空],tshen1(tsʰən⁵⁵),tshen1,暂无
崇明,邨(邨),[空],tshen1(tsʰən⁵⁵),tshen1,暂无
崇明,蛏(蟶),[空],tshen1(tsʰən⁵⁵),tshen1,暂无
崇明,赪(赬),[空],tshen1(tsʰən⁵⁵),tshen1,暂无
崇明,成(成),[空],tshen1(tsʰən⁵⁵),tshen1,暂无
崇明,承(承),[空],tshen1(tsʰən⁵⁵),tshen1,暂无
崇明,城(城),[空],tshen1(tsʰən⁵⁵),tshen1,暂无
崇明,称(稱),~呼,tshen1(tsʰən⁵⁵),tshen1,暂无
崇明,蠢(蠢),[空],tshen3(tsʰən⁴²⁴),tshen3,暂无
崇明,寸(寸),[空],tshen5(tsʰən³³),tshen5,暂无
崇明,忖(忖),[空],tshen5(tsʰən³³),tshen5,暂无
崇明,秤(秤),[空],tshen5(tsʰən³³),tshen5,暂无
崇明,称(稱),~心,tshen5(tsʰən³³),tshen5,暂无
崇明,趁(趁),[空],tshen5(tsʰən³³),tshen5,暂无
崇明,剩(剩),留下，剩下,tshen5(tsʰən³³),tshen5,暂无
崇明,存(存),[空],dzen2(dzən²⁴),dzen2,暂无
崇明,鸩(鴆),[空],dzen2(dzən²⁴),dzen2,暂无
崇明,陈(陳),[空],dzen2(dzən²⁴),dzen2,暂无
崇明,沉(沉),[空],dzen2(dzən²⁴),dzen2,暂无
崇明,臣(臣),[空],dzen2(dzən²⁴),dzen2,暂无
崇明,程(程),[空],dzen2(dzən²⁴),dzen2,暂无
崇明,呈(呈),[空],dzen2(dzən²⁴),dzen2,暂无
崇明,乘(乘),~法,dzen2(dzən²⁴),dzen2,暂无
崇明,诚(誠),[空],dzen2(dzən²⁴),dzen2,暂无
崇明,城(城),县~,dzen2(dzən²⁴),dzen2,暂无
崇明,成(成),~就,dzen2(dzən²⁴),dzen2,暂无
崇明,橙(橙),[空],dzen2(dzən²⁴),dzen2,暂无
崇明,澄(澄),文读,dzen2(dzən²⁴),dzen2,暂无
崇明,丞(丞),[空],dzen2(dzən²⁴),dzen2,暂无
崇明,承(承),[空],dzen2(dzən²⁴),dzen2,暂无
崇明,瀓(瀓),[空],dzen2(dzən²⁴),dzen2,暂无
崇明,嵊(嵊),~县,dzen2(dzən²⁴),dzen2,暂无
崇明,逞(逞),[空],dzen4(dzən²⁴²),dzen4,暂无
崇明,仍(仍),[空],dzen4(dzən²⁴²),dzen4,暂无
崇明,郑(鄭),[空],dzen6(dzən³¹³),dzen6,暂无
崇明,阵(陣),[空],dzen6(dzən³¹³),dzen6,暂无
崇明,朕(朕),[空],dzen6(dzən³¹³),dzen6,暂无
崇明,赠(贈),[空],dzen6(dzən³¹³),dzen6,暂无
崇明,惩(懲),[空],dzen6(dzən³¹³),dzen6,暂无
崇明,剩(剩),~下,dzen6(dzən³¹³),dzen6,暂无
崇明,掷(擲),[空],dzen6(dzən³¹³),dzen6,暂无
崇明,孙(孫),[空],sen1(sən⁵⁵),sen1,暂无
崇明,荪(蓀),[空],sen1(sən⁵⁵),sen1,暂无
崇明,狲(猻),[空],sen1(sən⁵⁵),sen1,暂无
崇明,身(身),[空],sen1(sən⁵⁵),sen1,暂无
崇明,伸(伸),[空],sen1(sən⁵⁵),sen1,暂无
崇明,深(深),[空],sen1(sən⁵⁵),sen1,暂无
崇明,申(申),[空],sen1(sən⁵⁵),sen1,暂无
崇明,生(生),文读,sen1(sən⁵⁵),sen1,暂无
崇明,甥(甥),文读,sen1(sən⁵⁵),sen1,暂无
崇明,笙(笙),[空],sen1(sən⁵⁵),sen1,暂无
崇明,声(聲),~音,sen1(sən⁵⁵),sen1,暂无
崇明,升(升),[空],sen1(sən⁵⁵),sen1,暂无
崇明,升(升),[空],sen1(sən⁵⁵),sen1,暂无
崇明,牲(牲),[空],sen1(sən⁵⁵),sen1,暂无
崇明,升(升),[空],sen1(sən⁵⁵),sen1,暂无
崇明,眚(眚),[空],sen1(sən⁵⁵),sen1,暂无
崇明,沈(沈),[空],sen3(sən⁴²⁴),sen3,暂无
崇明,审(審),[空],sen3(sən⁴²⁴),sen3,暂无
崇明,婶(嬸),[空],sen3(sən⁴²⁴),sen3,暂无
崇明,损(損),[空],sen3(sən⁴²⁴),sen3,暂无
崇明,笋(筍),[空],sen3(sən⁴²⁴),sen3,暂无
崇明,隼(隼),[空],sen3(sən⁴²⁴),sen3,暂无
崇明,榫(榫),[空],sen3(sən⁴²⁴),sen3,暂无
崇明,舜(舜),[空],sen3(sən⁴²⁴),sen3,暂无
崇明,瞬(瞬),[空],sen3(sən⁴²⁴),sen3,暂无
崇明,逊(遜),[空],sen3(sən⁴²⁴),sen3,暂无
崇明,圣(聖),[空],sen5(sən³³),sen5,暂无
崇明,胜(勝),[空],sen5(sən³³),sen5,暂无
崇明,神(神),[空],zen2(zən²⁴),zen2,暂无
崇明,晨(晨),[空],zen2(zən²⁴),zen2,暂无
崇明,尘(塵),[空],zen2(zən²⁴),zen2,暂无
崇明,辰(辰),[空],zen2(zən²⁴),zen2,暂无
崇明,纯(純),[空],zen2(zən²⁴),zen2,暂无
崇明,唇(唇),[空],zen2(zən²⁴),zen2,暂无
崇明,淳(淳),[空],zen2(zən²⁴),zen2,暂无
崇明,鹑(鶉),[空],zen2(zən²⁴),zen2,暂无
崇明,醇(醇),[空],zen2(zən²⁴),zen2,暂无
崇明,莼(蓴),[空],zen2(zən²⁴),zen2,暂无
崇明,莼(蓴),[空],zen2(zən²⁴),zen2,暂无
崇明,漘(漘),[空],zen2(zən²⁴),zen2,暂无
崇明,驯(馴),《广韵》平声谆韵详遵切：扰也从也善也,zen2(zən²⁴),zen2,暂无
崇明,乘(乘),~凉,zen2(zən²⁴),zen2,暂无
崇明,盛(盛),~饭,zen2(zən²⁴),zen2,暂无
崇明,成(成),~功,zen2(zən²⁴),zen2,暂无
崇明,城(城),~里,zen2(zən²⁴),zen2,暂无
崇明,绳(繩),[空],zen2(zən²⁴),zen2,暂无
崇明,层(層),[空],zen2(zən²⁴),zen2,暂无
崇明,人(人),文读,zen2(zən²⁴),zen2,暂无
崇明,仁(仁),文读,zen2(zən²⁴),zen2,暂无
崇明,吮(吮),[空],zen4(zən²⁴²),zen4,暂无
崇明,忍(忍),文读,zen4(zən²⁴²),zen4,暂无
崇明,荏(荏),[空],zen4(zən²⁴²),zen4,暂无
崇明,盛(盛),~行,zen6(zən³¹³),zen6,暂无
崇明,肾(腎),[空],zen6(zən³¹³),zen6,暂无
崇明,慎(慎),[空],zen6(zən³¹³),zen6,暂无
崇明,甚(甚),[空],zen6(zən³¹³),zen6,暂无
崇明,任(任),[空],zen6(zən³¹³),zen6,暂无
崇明,认(認),文读,zen6(zən³¹³),zen6,暂无
崇明,刃(刃),[空],zen6(zən³¹³),zen6,暂无
崇明,韧(韌),文读,zen6(zən³¹³),zen6,暂无
崇明,妊(妊),[空],zen6(zən³¹³),zen6,暂无
崇明,仞(仞),[空],zen6(zən³¹³),zen6,暂无
崇明,纫(紉),[空],zen6(zən³¹³),zen6,暂无
崇明,顺(順),[空],zen6(zən³¹³),zen6,暂无
崇明,跟(跟),[空],ken1(kən⁵⁵),ken1,暂无
崇明,根(根),[空],ken1(kən⁵⁵),ken1,暂无
崇明,更(更),文读：三~,ken1(kən⁵⁵),ken1,暂无
崇明,艮(艮),文读：~直,ken5(kən³³),ken5,暂无
崇明,亘(亙),[空],ken5(kən³³),ken5,暂无
崇明,更(更),~加,ken5(kən³³),ken5,暂无
崇明,倾(傾),翻找,khen1(kʰən⁵⁵),khen1,暂无
崇明,垦(墾),[空],khen3(kʰən⁴²⁴),khen3,暂无
崇明,肯(肯),[空],khen3(kʰən⁴²⁴),khen3,暂无
崇明,啃(啃),[空],khen3(kʰən⁴²⁴),khen3,暂无
崇明,恳(懇),[空],khen3(kʰən⁴²⁴),khen3,暂无
崇明,艮(艮),说话生硬,gen4(gən²⁴²),gen4,暂无
崇明,亨(亨),文读,hen1(hən⁵⁵),hen1,暂无
崇明,哼(哼),[空],hen1(hən⁵⁵),hen1,暂无
崇明,狠(狠),[空],hen3(hən⁴²⁴),hen3,暂无
崇明,很(很),[空],hen5(hən³³),hen5,暂无
崇明,痕(痕),[空],ghen2(hɦən²⁴),ghen2,暂无
崇明,衡(衡),[空],ghen2(hɦən²⁴),ghen2,暂无
崇明,恒(恒),[空],ghen2(hɦən²⁴),ghen2,暂无
崇明,珩(珩),[空],ghen2(hɦən²⁴),ghen2,暂无
崇明,恒(恒),[空],ghen2(hɦən²⁴),ghen2,暂无
崇明,恨(恨),[空],ghen6(hɦən³¹³),ghen6,暂无
崇明,恩(恩),[空],en1(ən⁵⁵),en1,暂无
崇明,摁(摁),[空],en5(ən³³),en5,暂无
崇明,嗯(嗯),[空],en4(ɦən²⁴²),en4,暂无
崇明,斌(斌),[空],pin1(pin⁵⁵),pin1,暂无
崇明,彬(彬),[空],pin1(pin⁵⁵),pin1,暂无
崇明,宾(賓),[空],pin1(pin⁵⁵),pin1,暂无
崇明,滨(濱),[空],pin1(pin⁵⁵),pin1,暂无
崇明,鬓(鬢),[空],pin1(pin⁵⁵),pin1,暂无
崇明,缤(繽),[空],pin1(pin⁵⁵),pin1,暂无
崇明,摈(擯),[空],pin1(pin⁵⁵),pin1,暂无
崇明,殡(殯),[空],pin1(pin⁵⁵),pin1,暂无
崇明,槟(檳),[空],pin1(pin⁵⁵),pin1,暂无
崇明,嫔(嬪),[空],pin1(pin⁵⁵),pin1,暂无
崇明,邠(邠),[空],pin1(pin⁵⁵),pin1,暂无
崇明,豳(豳),[空],pin1(pin⁵⁵),pin1,暂无
崇明,膑(臏),[空],pin1(pin⁵⁵),pin1,暂无
崇明,兵(兵),象声词,pin1(pin⁵⁵),pin1,暂无
崇明,冰(冰),[空],pin1(pin⁵⁵),pin1,暂无
崇明,乒(乒),[空],pin1(pin⁵⁵),pin1,暂无
崇明,并(並),[空],pin3(pin⁴²⁴),pin3,暂无
崇明,并(並),[空],pin3(pin⁴²⁴),pin3,暂无
崇明,饼(餅),[空],pin3(pin⁴²⁴),pin3,暂无
崇明,丙(丙),[空],pin5(pin³³),pin5,暂无
崇明,炳(炳),[空],pin5(pin³³),pin5,暂无
崇明,柄(柄),[空],pin5(pin³³),pin5,暂无
崇明,禀(稟),[空],pin5(pin³³),pin5,暂无
崇明,昺(昺),[空],pin5(pin³³),pin5,暂无
崇明,屏(屏),~气。《集韵》去声劲韵卑正切“除也”,pin5(pin³³),pin5,暂无
崇明,摒(摒),[空],pin5(pin³³),pin5,暂无
崇明,拼(拼),[空],phin1(pʰin⁵⁵),phin1,暂无
崇明,颦(顰),[空],phin1(pʰin⁵⁵),phin1,暂无
崇明,拚(拚),[空],phin1(pʰin⁵⁵),phin1,暂无
崇明,乒(乒),~乓球,phin1(pʰin⁵⁵),phin1,暂无
崇明,品(品),[空],phin3(pʰin⁴²⁴),phin3,暂无
崇明,聘(聘),招~,phin3(pʰin⁴²⁴),phin3,暂无
崇明,牝(牝),[空],phin3(pʰin⁴²⁴),phin3,暂无
崇明,聘(聘),~礼,phin33(pʰin33),phin33,暂无
崇明,频(頻),[空],bin2(bin²⁴),bin2,暂无
崇明,贫(貧),[空],bin2(bin²⁴),bin2,暂无
崇明,濒(瀕),[空],bin2(bin²⁴),bin2,暂无
崇明,屏(屏),~风,bin2(bin²⁴),bin2,暂无
崇明,平(平),[空],bin2(bin²⁴),bin2,暂无
崇明,评(評),[空],bin2(bin²⁴),bin2,暂无
崇明,凭(憑),[空],bin2(bin²⁴),bin2,暂无
崇明,瓶(瓶),[空],bin2(bin²⁴),bin2,暂无
崇明,萍(萍),[空],bin2(bin²⁴),bin2,暂无
崇明,坪(坪),[空],bin2(bin²⁴),bin2,暂无
崇明,苹(蘋),[空],bin2(bin²⁴),bin2,暂无
崇明,并(並),[空],bin4(bin²⁴²),bin4,暂无
崇明,并(並),[空],bin4(bin²⁴²),bin4,暂无
崇明,呯(呯),象声词：~零碰啷(叮叮咣咣),bin4(bin²⁴²),bin4,暂无
崇明,病(病),[空],bin6(bin³¹³),bin6,暂无
崇明,皿(皿),[空],min1(ʔmin⁵⁵),min1,暂无
崇明,鸣(鳴),[空],min1(ʔmin⁵⁵),min1,暂无
崇明,冥(冥),[空],min1(ʔmin⁵⁵),min1,暂无
崇明,螟(螟),[空],min1(ʔmin⁵⁵),min1,暂无
崇明,螟(螟),[空],min1(ʔmin⁵⁵),min1,暂无
崇明,敏(敏),[空],min3(ʔmin⁴²⁴),min3,暂无
崇明,闽(閩),[空],min3(ʔmin⁴²⁴),min3,暂无
崇明,闵(閔),[空],min3(ʔmin⁴²⁴),min3,暂无
崇明,悯(憫),[空],min3(ʔmin⁴²⁴),min3,暂无
崇明,名(名),[空],min2(ɦmin²⁴),min2,暂无
崇明,明(明),光~,min2(ɦmin²⁴),min2,暂无
崇明,铭(銘),[空],min2(ɦmin²⁴),min2,暂无
崇明,茗(茗),[空],min2(ɦmin²⁴),min2,暂无
崇明,民(民),[空],min2(ɦmin²⁴),min2,暂无
崇明,珉(瑉),[空],min2(ɦmin²⁴),min2,暂无
崇明,泯(泯),[空],min2(ɦmin²⁴),min2,暂无
崇明,抿(抿),[空],min4(ɦmin²⁴²),min4,暂无
崇明,命(命),[空],min6(ɦmin³¹³),min6,暂无
崇明,丁(丁),[空],tin1(tin⁵⁵),tin1,暂无
崇明,叮(叮),[空],tin1(tin⁵⁵),tin1,暂无
崇明,仃(仃),[空],tin1(tin⁵⁵),tin1,暂无
崇明,疔(疔),[空],tin1(tin⁵⁵),tin1,暂无
崇明,钉(釘),~子,tin1(tin⁵⁵),tin1,暂无
崇明,盯(盯),[空],tin1(tin⁵⁵),tin1,暂无
崇明,顶(頂),[空],tin阴土(tin阴土),tin阴土,暂无
崇明,鼎(鼎),[空],tin阴土(tin阴土),tin阴土,暂无
崇明,订(訂),[空],tin5(tin³³),tin5,暂无
崇明,钉(釘),~住,tin5(tin³³),tin5,暂无
崇明,澄(澄),~一~,tin5(tin³³),tin5,暂无
崇明,听(聽),~话,thin1(tʰin⁵⁵),thin1,暂无
崇明,厅(廳),[空],thin1(tʰin⁵⁵),thin1,暂无
崇明,汀(汀),[空],thin1(tʰin⁵⁵),thin1,暂无
崇明,桯(桯),[空],thin1(tʰin⁵⁵),thin1,暂无
崇明,挺(挺),[空],thin3(tʰin⁴²⁴),thin3,暂无
崇明,艇(艇),[空],thin3(tʰin⁴²⁴),thin3,暂无
崇明,听(聽),~戏,thin5(tʰin³³),thin5,暂无
崇明,听(聽),剩,thin5(tʰin³³),thin5,暂无
崇明,亭(亭),[空],din2(din²⁴),din2,暂无
崇明,停(停),文读,din2(din²⁴),din2,暂无
崇明,庭(庭),[空],din2(din²⁴),din2,暂无
崇明,廷(廷),[空],din2(din²⁴),din2,暂无
崇明,婷(婷),[空],din2(din²⁴),din2,暂无
崇明,霆(霆),[空],din2(din²⁴),din2,暂无
崇明,蜓(蜓),[空],din2(din²⁴),din2,暂无
崇明,锭(錠),量词,din4(din²⁴²),din4,暂无
崇明,定(定),[空],din6(din³¹³),din6,暂无
崇明,拎(拎),[空],lin1(ʔlin⁵⁵),lin1,暂无
崇明,吟(吟),象声词：~~~(形容铃声),lin1(ʔlin⁵⁵),lin1,暂无
崇明,廪(廩),[空],lin3(ʔlin⁴²⁴),lin3,暂无
崇明,凛(凜),[空],lin3(ʔlin⁴²⁴),lin3,暂无
崇明,吝(吝),[空],lin3(ʔlin⁴²⁴),lin3,暂无
崇明,赁(賃),[空],lin3(ʔlin⁴²⁴),lin3,暂无
崇明,邻(鄰),文读,lin2(ɦlin²⁴),lin2,暂无
崇明,鳞(鱗),文读,lin2(ɦlin²⁴),lin2,暂无
崇明,淋(淋),文读,lin2(ɦlin²⁴),lin2,暂无
崇明,林(林),[空],lin2(ɦlin²⁴),lin2,暂无
崇明,琳(琳),[空],lin2(ɦlin²⁴),lin2,暂无
崇明,临(臨),[空],lin2(ɦlin²⁴),lin2,暂无
崇明,磷(磷),[空],lin2(ɦlin²⁴),lin2,暂无
崇明,麟(麟),[空],lin2(ɦlin²⁴),lin2,暂无
崇明,霖(霖),[空],lin2(ɦlin²⁴),lin2,暂无
崇明,蔺(藺),[空],lin2(ɦlin²⁴),lin2,暂无
崇明,璘(璘),[空],lin2(ɦlin²⁴),lin2,暂无
崇明,粼(粼),[空],lin2(ɦlin²⁴),lin2,暂无
崇明,躏(躪),[空],lin2(ɦlin²⁴),lin2,暂无
崇明,零(零),[空],lin2(ɦlin²⁴),lin2,暂无
崇明,棱(棱),[空],lin2(ɦlin²⁴),lin2,暂无
崇明,苓(苓),[空],lin2(ɦlin²⁴),lin2,暂无
崇明,灵(靈),[空],lin2(ɦlin²⁴),lin2,暂无
崇明,凌(淩),[空],lin2(ɦlin²⁴),lin2,暂无
崇明,玲(玲),[空],lin2(ɦlin²⁴),lin2,暂无
崇明,龄(齡),[空],lin2(ɦlin²⁴),lin2,暂无
崇明,伶(伶),[空],lin2(ɦlin²⁴),lin2,暂无
崇明,陵(陵),[空],lin2(ɦlin²⁴),lin2,暂无
崇明,铃(鈴),[空],lin2(ɦlin²⁴),lin2,暂无
崇明,菱(菱),[空],lin2(ɦlin²⁴),lin2,暂无
崇明,翎(翎),[空],lin2(ɦlin²⁴),lin2,暂无
崇明,绫(綾),[空],lin2(ɦlin²⁴),lin2,暂无
崇明,翎(翎),[空],lin2(ɦlin²⁴),lin2,暂无
崇明,棂(欞),[空],lin2(ɦlin²⁴),lin2,暂无
崇明,领(領),[空],lin4(ɦlin²⁴²),lin4,暂无
崇明,另(另),[空],lin6(ɦlin³¹³),lin6,暂无
崇明,令(令),[空],lin6(ɦlin³¹³),lin6,暂无
崇明,岭(嶺),[空],lin6(ɦlin³¹³),lin6,暂无
崇明,今(今),[空],cin1(tɕin⁵⁵),cin1,暂无
崇明,金(金),[空],cin1(tɕin⁵⁵),cin1,暂无
崇明,巾(巾),[空],cin1(tɕin⁵⁵),cin1,暂无
崇明,津(津),[空],cin1(tɕin⁵⁵),cin1,暂无
崇明,斤(斤),[空],cin1(tɕin⁵⁵),cin1,暂无
崇明,筋(筋),[空],cin1(tɕin⁵⁵),cin1,暂无
崇明,靳(靳),[空],cin1(tɕin⁵⁵),cin1,暂无
崇明,襟(襟),[空],cin1(tɕin⁵⁵),cin1,暂无
崇明,卺(巹),[空],cin1(tɕin⁵⁵),cin1,暂无
崇明,矜(矜),[空],cin1(tɕin⁵⁵),cin1,暂无
崇明,经(經),[空],cin1(tɕin⁵⁵),cin1,暂无
崇明,精(精),[空],cin1(tɕin⁵⁵),cin1,暂无
崇明,京(京),[空],cin1(tɕin⁵⁵),cin1,暂无
崇明,晶(晶),[空],cin1(tɕin⁵⁵),cin1,暂无
崇明,荆(荊),[空],cin1(tɕin⁵⁵),cin1,暂无
崇明,惊(驚),[空],cin1(tɕin⁵⁵),cin1,暂无
崇明,睛(睛),[空],cin1(tɕin⁵⁵),cin1,暂无
崇明,军(軍),白读,cin1(tɕin⁵⁵),cin1,暂无
崇明,君(君),白读,cin1(tɕin⁵⁵),cin1,暂无
崇明,均(均),白读,cin1(tɕin⁵⁵),cin1,暂无
崇明,钧(鈞),白读,cin1(tɕin⁵⁵),cin1,暂无
崇明,仅(僅),文读,cin3(tɕin⁴²⁴),cin3,暂无
崇明,晋(晉),[空],cin3(tɕin⁴²⁴),cin3,暂无
崇明,锦(錦),[空],cin3(tɕin⁴²⁴),cin3,暂无
崇明,紧(緊),[空],cin3(tɕin⁴²⁴),cin3,暂无
崇明,禁(禁),[空],cin3(tɕin⁴²⁴),cin3,暂无
崇明,谨(謹),[空],cin3(tɕin⁴²⁴),cin3,暂无
崇明,瑾(瑾),[空],cin3(tɕin⁴²⁴),cin3,暂无
崇明,缙(縉),[空],cin3(tɕin⁴²⁴),cin3,暂无
崇明,馑(饉),[空],cin3(tɕin⁴²⁴),cin3,暂无
崇明,觐(覲),[空],cin3(tɕin⁴²⁴),cin3,暂无
崇明,槿(槿),[空],cin3(tɕin⁴²⁴),cin3,暂无
崇明,噤(噤),[空],cin3(tɕin⁴²⁴),cin3,暂无
崇明,尽(盡),[空],cin3(tɕin⁴²⁴),cin3,暂无
崇明,憬(憬),[空],cin3(tɕin⁴²⁴),cin3,暂无
崇明,景(景),[空],cin3(tɕin⁴²⁴),cin3,暂无
崇明,警(警),[空],cin3(tɕin⁴²⁴),cin3,暂无
崇明,境(境),[空],cin3(tɕin⁴²⁴),cin3,暂无
崇明,菌(菌),白读,cin3(tɕin⁴²⁴),cin3,暂无
崇明,进(進),[空],cin5(tɕin³³),cin5,暂无
崇明,劲(勁),[空],cin5(tɕin³³),cin5,暂无
崇明,浸(浸),[空],cin5(tɕin³³),cin5,暂无
崇明,颈(頸),[空],cin5(tɕin³³),cin5,暂无
崇明,胫(脛),[空],cin5(tɕin³³),cin5,暂无
崇明,竟(竟),[空],cin5(tɕin³³),cin5,暂无
崇明,镜(鏡),[空],cin5(tɕin³³),cin5,暂无
崇明,径(徑),[空],cin5(tɕin³³),cin5,暂无
崇明,敬(敬),[空],cin5(tɕin³³),cin5,暂无
崇明,井(井),[空],cin5(tɕin³³),cin5,暂无
崇明,茎(莖),[空],cin5(tɕin³³),cin5,暂无
崇明,俊(俊),[空],cin5(tɕin³³),cin5,暂无
崇明,峻(峻),[空],cin5(tɕin³³),cin5,暂无
崇明,骏(駿),[空],cin5(tɕin³³),cin5,暂无
崇明,竣(竣),[空],cin5(tɕin³³),cin5,暂无
崇明,亲(親),[空],chin1(tɕʰin⁵⁵),chin1,暂无
崇明,钦(欽),[空],chin1(tɕʰin⁵⁵),chin1,暂无
崇明,侵(侵),[空],chin1(tɕʰin⁵⁵),chin1,暂无
崇明,倾(傾),~倒,chin1(tɕʰin⁵⁵),chin1,暂无
崇明,清(清),[空],chin1(tɕʰin⁵⁵),chin1,暂无
崇明,卿(卿),[空],chin1(tɕʰin⁵⁵),chin1,暂无
崇明,青(青),[空],chin1(tɕʰin⁵⁵),chin1,暂无
崇明,蜻(蜻),[空],chin1(tɕʰin⁵⁵),chin1,暂无
崇明,氢(氫),[空],chin1(tɕʰin⁵⁵),chin1,暂无
崇明,轻(輕),[空],chin1(tɕʰin⁵⁵),chin1,暂无
崇明,寝(寢),[空],chin3(tɕʰin⁴²⁴),chin3,暂无
崇明,请(請),[空],chin3(tɕʰin⁴²⁴),chin3,暂无
崇明,顷(頃),[空],chin5(tɕʰin³³),chin5,暂无
崇明,沁(沁),[空],chin5(tɕʰin³³),chin5,暂无
崇明,揿(撳),[空],chin5(tɕʰin³³),chin5,暂无
崇明,庆(慶),[空],chin5(tɕʰin³³),chin5,暂无
崇明,盘(盤),[空],chin5(tɕʰin³³),chin5,暂无
崇明,罄(罄),[空],chin5(tɕʰin³³),chin5,暂无
崇明,秦(秦),[空],jin2(dʑin²⁴),jin2,暂无
崇明,勤(勤),[空],jin2(dʑin²⁴),jin2,暂无
崇明,琴(琴),[空],jin2(dʑin²⁴),jin2,暂无
崇明,覃(覃),姓,jin2(dʑin²⁴),jin2,暂无
崇明,衾(衾),[空],jin2(dʑin²⁴),jin2,暂无
崇明,芹(芹),[空],jin2(dʑin²⁴),jin2,暂无
崇明,擒(擒),[空],jin2(dʑin²⁴),jin2,暂无
崇明,噙(噙),[空],jin2(dʑin²⁴),jin2,暂无
崇明,禽(禽),[空],jin2(dʑin²⁴),jin2,暂无
崇明,晴(晴),[空],jin2(dʑin²⁴),jin2,暂无
崇明,情(情),[空],jin2(dʑin²⁴),jin2,暂无
崇明,擎(擎),[空],jin2(dʑin²⁴),jin2,暂无
崇明,巡(巡),[空],jin2(dʑin²⁴),jin2,暂无
崇明,循(循),[空],jin2(dʑin²⁴),jin2,暂无
崇明,驯(馴),~服,jin2(dʑin²⁴),jin2,暂无
崇明,群(群),白读,jin2(dʑin²⁴),jin2,暂无
崇明,裙(裙),白读,jin2(dʑin²⁴),jin2,暂无
崇明,鲸(鯨),[空],jin2(dʑin²⁴),jin2,暂无
崇明,近(近),[空],jin4(dʑin²⁴²),jin4,暂无
崇明,凚(凚),抖动，《广韵》上声寝韵渠饮切：凚，《玉篇》云，寒极也。,jin4(dʑin²⁴²),jin4,暂无
崇明,尽(盡),[空],jin6(dʑin³¹³),jin6,暂无
崇明,静(靜),安~,jin6(dʑin³¹³),jin6,暂无
崇明,靖(靖),[空],jin6(dʑin³¹³),jin6,暂无
崇明,净(淨),[空],jin6(dʑin³¹³),jin6,暂无
崇明,兢(兢),[空],jin6(dʑin³¹³),jin6,暂无
崇明,郡(郡),白读,jin6(dʑin³¹³),jin6,暂无
崇明,旬(旬),[空],jin6(dʑin³¹³),jin6,暂无
崇明,妗(妗),~母(舅母),jin6(dʑin³¹³),jin6,暂无
崇明,仅(僅),白读,jin6(dʑin³¹³),jin6,暂无
崇明,吟(吟),[空],gnin1(ʔȵin⁵⁵),gnin1,暂无
崇明,凝(凝),[空],gnin1(ʔȵin⁵⁵),gnin1,暂无
崇明,佞(佞),[空],gnin1(ʔȵin⁵⁵),gnin1,暂无
崇明,宁(寧),[空],gnin2(ɦȵin²⁴),gnin2,暂无
崇明,拧(擰),[空],gnin2(ɦȵin²⁴),gnin2,暂无
崇明,狞(獰),[空],gnin2(ɦȵin²⁴),gnin2,暂无
崇明,咛(嚀),[空],gnin2(ɦȵin²⁴),gnin2,暂无
崇明,柠(檸),[空],gnin2(ɦȵin²⁴),gnin2,暂无
崇明,宁(甯),[空],gnin2(ɦȵin²⁴),gnin2,暂无
崇明,龈(齦),[空],gnin2(ɦȵin²⁴),gnin2,暂无
崇明,银(銀),[空],gnin2(ɦȵin²⁴),gnin2,暂无
崇明,人(人),白读,gnin2(ɦȵin²⁴),gnin2,暂无
崇明,仁(仁),杏~,gnin2(ɦȵin²⁴),gnin2,暂无
崇明,迎(迎),[空],gnin2(ɦȵin²⁴),gnin2,暂无
崇明,蝇(蠅),苍~,gnin2(ɦȵin²⁴),gnin2,暂无
崇明,忍(忍),白读,gnin4(ɦȵin²⁴²),gnin4,暂无
崇明,韧(韌),[空],gnin6(ɦȵin³¹³),gnin6,暂无
崇明,认(認),白读,gnin6(ɦȵin³¹³),gnin6,暂无
崇明,净(淨),干~,gnin6(ɦȵin³¹³),gnin6,暂无
崇明,心(心),[空],shin1(ɕin⁵⁵),shin1,暂无
崇明,辛(辛),[空],shin1(ɕin⁵⁵),shin1,暂无
崇明,新(新),[空],shin1(ɕin⁵⁵),shin1,暂无
崇明,鑫(鑫),[空],shin1(ɕin⁵⁵),shin1,暂无
崇明,欣(欣),[空],shin1(ɕin⁵⁵),shin1,暂无
崇明,芯(芯),[空],shin1(ɕin⁵⁵),shin1,暂无
崇明,锌(鋅),[空],shin1(ɕin⁵⁵),shin1,暂无
崇明,馨(馨),[空],shin1(ɕin⁵⁵),shin1,暂无
崇明,薪(薪),[空],shin1(ɕin⁵⁵),shin1,暂无
崇明,昕(昕),[空],shin1(ɕin⁵⁵),shin1,暂无
崇明,歆(歆),[空],shin1(ɕin⁵⁵),shin1,暂无
崇明,勋(勳),白读,shin1(ɕin⁵⁵),shin1,暂无
崇明,熏(熏),白读,shin1(ɕin⁵⁵),shin1,暂无
崇明,熏(熏),白读,shin1(ɕin⁵⁵),shin1,暂无
崇明,星(星),[空],shin1(ɕin⁵⁵),shin1,暂无
崇明,腥(腥),[空],shin1(ɕin⁵⁵),shin1,暂无
崇明,惺(惺),[空],shin1(ɕin⁵⁵),shin1,暂无
崇明,猩(猩),[空],shin1(ɕin⁵⁵),shin1,暂无
崇明,兴(興),~旺,shin1(ɕin⁵⁵),shin1,暂无
崇明,醒(醒),[空],shin3(ɕin⁴²⁴),shin3,暂无
崇明,擤(擤),[空],shin3(ɕin⁴²⁴),shin3,暂无
崇明,省(省),反~,shin3(ɕin⁴²⁴),shin3,暂无
崇明,信(信),[空],shin5(ɕin³³),shin5,暂无
崇明,衅(釁),[空],shin5(ɕin³³),shin5,暂无
崇明,囟(囟),~门,shin5(ɕin³³),shin5,暂无
崇明,讯(訊),[空],shin5(ɕin³³),shin5,暂无
崇明,训(訓),白读,shin5(ɕin³³),shin5,暂无
崇明,迅(迅),[空],shin5(ɕin³³),shin5,暂无
崇明,询(詢),[空],shin5(ɕin³³),shin5,暂无
崇明,性(性),[空],shin5(ɕin³³),shin5,暂无
崇明,兴(興),高~,shin5(ɕin³³),shin5,暂无
崇明,寻(尋),[空],zhin2(ʑin²⁴),zhin2,暂无
崇明,秦(秦),[空],zhin2(ʑin²⁴),zhin2,暂无
崇明,荥(滎),[空],zhin2(ʑin²⁴),zhin2,暂无
崇明,静(靜),~寂寂(寂静),zhin4(ʑin²⁴²),zhin4,暂无
崇明,净(淨),~衣裳,zhin6(ʑin³¹³),zhin6,暂无
崇明,音(音),[空],in1(in⁵⁵),in1,暂无
崇明,阴(陰),[空],in1(in⁵⁵),in1,暂无
崇明,因(因),[空],in1(in⁵⁵),in1,暂无
崇明,淫(淫),[空],in1(in⁵⁵),in1,暂无
崇明,殷(殷),[空],in1(in⁵⁵),in1,暂无
崇明,茵(茵),[空],in1(in⁵⁵),in1,暂无
崇明,荫(蔭),树~,in1(in⁵⁵),in1,暂无
崇明,姻(姻),[空],in1(in⁵⁵),in1,暂无
崇明,缨(纓),[空],in1(in⁵⁵),in1,暂无
崇明,应(應),[空],in1(in⁵⁵),in1,暂无
崇明,英(英),[空],in1(in⁵⁵),in1,暂无
崇明,蝇(蠅),[空],in1(in⁵⁵),in1,暂无
崇明,鹰(鷹),[空],in1(in⁵⁵),in1,暂无
崇明,盈(盈),[空],in1(in⁵⁵),in1,暂无
崇明,莹(瑩),[空],in1(in⁵⁵),in1,暂无
崇明,莹(瑩),[空],in1(in⁵⁵),in1,暂无
崇明,鹦(鸚),文读,in1(in⁵⁵),in1,暂无
崇明,樱(櫻),文读,in1(in⁵⁵),in1,暂无
崇明,婴(嬰),[空],in1(in⁵⁵),in1,暂无
崇明,嘤(嚶),文读,in1(in⁵⁵),in1,暂无
崇明,瘿(癭),[空],in1(in⁵⁵),in1,暂无
崇明,膺(膺),[空],in1(in⁵⁵),in1,暂无
崇明,瑛(瑛),[空],in1(in⁵⁵),in1,暂无
崇明,莺(鶯),[空],in1(in⁵⁵),in1,暂无
崇明,隐(隱),~藏,in3(in⁴²⁴),in3,暂无
崇明,瘾(癮),[空],in3(in⁴²⁴),in3,暂无
崇明,印(印),[空],in3(in⁴²⁴),in3,暂无
崇明,影(影),[空],in3(in⁴²⁴),in3,暂无
崇明,颖(穎),[空],in3(in⁴²⁴),in3,暂无
崇明,颍(潁),[空],in3(in⁴²⁴),in3,暂无
崇明,郢(郢),[空],in3(in⁴²⁴),in3,暂无
崇明,蕴(蘊),[空],in3(in⁴²⁴),in3,暂无
崇明,允(允),[空],in3(in⁴²⁴),in3,暂无
崇明,愠(慍),[空],in3(in⁴²⁴),in3,暂无
崇明,饮(飲),[空],in5(in³³),in5,暂无
崇明,荫(蔭),寒冷。《广韵》去声沁韵於禁切,in5(in³³),in5,暂无
崇明,蚓(蚓),[空],in5(in³³),in5,暂无
崇明,引(引),文读,in5(in³³),in5,暂无
崇明,映(映),[空],in5(in³³),in5,暂无
崇明,应(應),答~,in5(in³³),in5,暂无
崇明,酝(醞),[空],in5(in³³),in5,暂无
崇明,隐(隱),吹~(吹熄),in5(in³³),in5,暂无
崇明,行(行),文读：~走,yin2(ɦin²⁴),yin2,暂无
崇明,刑(刑),[空],yin2(ɦin²⁴),yin2,暂无
崇明,型(型),[空],yin2(ɦin²⁴),yin2,暂无
崇明,形(形),[空],yin2(ɦin²⁴),yin2,暂无
崇明,邢(邢),[空],yin2(ɦin²⁴),yin2,暂无
崇明,胤(胤),[空],yin2(ɦin²⁴),yin2,暂无
崇明,寅(寅),[空],yin2(ɦin²⁴),yin2,暂无
崇明,瀛(瀛),[空],yin2(ɦin²⁴),yin2,暂无
崇明,营(營),~业,yin2(ɦin²⁴),yin2,暂无
崇明,赢(贏),[空],yin2(ɦin²⁴),yin2,暂无
崇明,萤(螢),[空],yin2(ɦin²⁴),yin2,暂无
崇明,萦(縈),[空],yin2(ɦin²⁴),yin2,暂无
崇明,荧(熒),[空],yin2(ɦin²⁴),yin2,暂无
崇明,云(雲),白读,yin2(ɦin²⁴),yin2,暂无
崇明,耘(耘),文读,yin2(ɦin²⁴),yin2,暂无
崇明,匀(勻),文读,yin2(ɦin²⁴),yin2,暂无
崇明,芸(芸),[空],yin2(ɦin²⁴),yin2,暂无
崇明,筠(筠),[空],yin2(ɦin²⁴),yin2,暂无
崇明,昀(昀),[空],yin2(ɦin²⁴),yin2,暂无
崇明,引(引),白读,yin4(ɦin²⁴²),yin4,暂无
崇明,幸(幸),[空],yin6(ɦin³¹³),yin6,暂无
崇明,悻(悻),[空],yin6(ɦin³¹³),yin6,暂无
崇明,尹(尹),[空],yin6(ɦin³¹³),yin6,暂无
崇明,鄞(鄞),[空],yin6(ɦin³¹³),yin6,暂无
崇明,运(運),白读,yin6(ɦin³¹³),yin6,暂无
崇明,韵(韻),白读,yin6(ɦin³¹³),yin6,暂无
崇明,晕(暈),白读,yin6(ɦin³¹³),yin6,暂无
崇明,熨(熨),[空],yin6(ɦin³¹³),yin6,暂无
崇明,孕(孕),[空],yin6(ɦin³¹³),yin6,暂无
崇明,陨(隕),[空],yin6(ɦin³¹³),yin6,暂无
崇明,陨(隕),[空],yin6(ɦin³¹³),yin6,暂无
崇明,殒(殞),[空],yin6(ɦin³¹³),yin6,暂无
崇明,郓(鄆),[空],yin6(ɦin³¹³),yin6,暂无
崇明,郧(鄖),[空],yin6(ɦin³¹³),yin6,暂无
崇明,行(行),品~,yin6(ɦin³¹³),yin6,暂无
崇明,滚(滾),~动,kuen3(kuən⁴²⁴),kuen3,暂无
崇明,衮(袞),[空],kuen3(kuən⁴²⁴),kuen3,暂无
崇明,滚(滾),水开,kuen5(kuən³³),kuen5,暂无
崇明,棍(棍),[空],kuen5(kuən³³),kuen5,暂无
崇明,髡(髡),[空],khuen1(kʰuən⁵⁵),khuen1,暂无
崇明,坤(坤),[空],khuen1(kʰuən⁵⁵),khuen1,暂无
崇明,昆(昆),[空],khuen1(kʰuən⁵⁵),khuen1,暂无
崇明,琨(琨),[空],khuen1(kʰuən⁵⁵),khuen1,暂无
崇明,幌(幌),[空],khuen1(kʰuən⁵⁵),khuen1,暂无
崇明,堃(堃),[空],khuen1(kʰuən⁵⁵),khuen1,暂无
崇明,捆(捆),[空],khuen3(kʰuən⁴²⁴),khuen3,暂无
崇明,捆(捆),[空],khuen5(kʰuən³³),khuen5,暂无
崇明,困(困),[空],khuen5(kʰuən³³),khuen5,暂无
崇明,婚(婚),[空],huen1(huən⁵⁵),huen1,暂无
崇明,昏(昏),[空],huen1(huən⁵⁵),huen1,暂无
崇明,荤(葷),[空],huen1(huən⁵⁵),huen1,暂无
崇明,阍(閽),[空],huen1(huən⁵⁵),huen1,暂无
崇明,惛(惛),头脑昏沉浑浊。《广韵》去声愿韵呼闷切“迷忘也”,huen5(huən³³),huen5,暂无
崇明,温(溫),[空],uen1(uən⁵⁵),uen1,暂无
崇明,瘟(瘟),[空],uen1(uən⁵⁵),uen1,暂无
崇明,稳(穩),[空],uen3(uən⁴²⁴),uen3,暂无
崇明,魂(魂),[空],wen2(ɦuən²⁴),wen2,暂无
崇明,浑(渾),~浊,wen2(ɦuən²⁴),wen2,暂无
崇明,馄(餛),~饨,wen2(ɦuən²⁴),wen2,暂无
崇明,浑(渾),圆~,wen4(ɦuən²⁴²),wen4,暂无
崇明,混(混),[空],wen6(ɦuən³¹³),wen6,暂无
崇明,军(軍),文读,ciun1(tɕyn⁵⁵),ciun1,暂无
崇明,均(均),文读,ciun1(tɕyn⁵⁵),ciun1,暂无
崇明,君(君),文读,ciun1(tɕyn⁵⁵),ciun1,暂无
崇明,钧(鈞),文读,ciun1(tɕyn⁵⁵),ciun1,暂无
崇明,菌(菌),文读,ciun3(tɕyn⁴²⁴),ciun3,暂无
崇明,窘(窘),[空],ciun3(tɕyn⁴²⁴),ciun3,暂无
崇明,群(群),文读,jiun2(dʑyn²⁴),jiun2,暂无
崇明,裙(裙),文读,jiun2(dʑyn²⁴),jiun2,暂无
崇明,郡(郡),文读,jiun6(dʑyn³¹³),jiun6,暂无
崇明,勋(勳),文读,shiun1(ɕyn⁵⁵),shiun1,暂无
崇明,熏(熏),文读,shiun1(ɕyn⁵⁵),shiun1,暂无
崇明,训(訓),文读,shiun5(ɕyn³³),shiun5,暂无
崇明,匀(勻),文读,yun2(ɦyn²⁴),yun2,暂无
崇明,云(雲),文读,yun2(ɦyn²⁴),yun2,暂无
崇明,云(雲),文读,yun2(ɦyn²⁴),yun2,暂无
崇明,芸(芸),文读,yun2(ɦyn²⁴),yun2,暂无
崇明,熨(熨),文读,yun6(ɦyn³¹³),yun6,暂无
崇明,韵(韻),文读,yun6(ɦyn³¹³),yun6,暂无
崇明,运(運),文读,yun6(ɦyn³¹³),yun6,暂无
崇明,晕(暈),文读,yun6(ɦyn³¹³),yun6,暂无
崇明,浜(浜),[空],pan1(pã⁵⁵),pan1,暂无
崇明,绷(繃),[空],pan1(pã⁵⁵),pan1,暂无
崇明,繃(繃),《说文解字》十三上糸部“绷，束也”徐铉音补盲切，属庚韵。《广韵》北萌切，属耕韵,pan1(pã⁵⁵),pan1,暂无
崇明,絣(絣),《广韵》平声耕韵北萌切“振绳也,pan1(pã⁵⁵),pan1,暂无
崇明,迸(迸),[空],pan5(pã³³),pan5,暂无
崇明,烹(烹),[空],phan1(pʰã⁵⁵),phan1,暂无
崇明,砰(砰),《广韵》平声耕韵普耕切：砰磕，如雷之声,phan1(pʰã⁵⁵),phan1,暂无
崇明,乓(乓),[空],phan1(pʰã⁵⁵),phan1,暂无
崇明,碰(碰),硬~硬(显然),phan1(pʰã⁵⁵),phan1,暂无
崇明,碰(碰),手接触,phan3(pʰã⁴²⁴),phan3,暂无
崇明,碰(碰),言语争执；象声词，形容铙钹相碰的声音,phan5(pʰã³³),phan5,暂无
崇明,膨(膨),~胀,ban2(bã²⁴),ban2,暂无
崇明,澎(澎),[空],ban2(bã²⁴),ban2,暂无
崇明,蟛(蟛),[空],ban2(bã²⁴),ban2,暂无
崇明,彭(彭),[空],ban2(bã²⁴),ban2,暂无
崇明,朋(朋),[空],ban2(bã²⁴),ban2,暂无
崇明,鹏(鵬),[空],ban2(bã²⁴),ban2,暂无
崇明,棚(棚),[空],ban2(bã²⁴),ban2,暂无
崇明,庞(龐),[空],ban2(bã²⁴),ban2,暂无
崇明,厖(厖),[空],ban2(bã²⁴),ban2,暂无
崇明,蚌(蚌),[空],ban4(bã²⁴²),ban4,暂无
崇明,碰(碰),~着,ban4(bã²⁴²),ban4,暂无
崇明,嘭(嘭),象声词：~~~响,ban4(bã²⁴²),ban4,暂无
崇明,甏(甏),缸~,ban6(bã³¹³),ban6,暂无
崇明,膨(膨),肚皮~(肚子鼓),ban6(bã³¹³),ban6,暂无
崇明,盲(盲),眼睛有眼模糊,man1(ʔmã⁵⁵),man1,暂无
崇明,盲(盲),眯勒~(形容喝酒时的得意),man1(ʔmã⁵⁵),man1,暂无
崇明,孟(孟),~当中。《嘉定方言研究》39、40页也读阳平调,man2(ɦmã²⁴),man2,暂无
崇明,濛(濛),~花雨(毛毛雨),man2(ɦmã²⁴),man2,暂无
崇明,猛(猛),密集,man4(ɦmã²⁴²),man4,暂无
崇明,孟(孟),~子,man6(ɦmã³¹³),man6,暂无
崇明,噹(噹),象声词：~啷~啷(形容铃声等),tan1(tã⁵⁵),tan1,暂无
崇明,打(打),[空],tan3(tã⁴²⁴),tan3,暂无
崇明,啷(啷),象声词，形容铃声：~~~~马来，隔壁大姐归来(儿歌),lan1(ʔlã⁵⁵),lan1,暂无
崇明,冷(冷),[空],lan4(ɦlã²⁴²),lan4,暂无
崇明,张(張),[空],tsan1(tsã⁵⁵),tsan1,暂无
崇明,章(章),[空],tsan1(tsã⁵⁵),tsan1,暂无
崇明,璋(璋),[空],tsan1(tsã⁵⁵),tsan1,暂无
崇明,彰(彰),[空],tsan1(tsã⁵⁵),tsan1,暂无
崇明,樟(樟),[空],tsan1(tsã⁵⁵),tsan1,暂无
崇明,漳(漳),[空],tsan1(tsã⁵⁵),tsan1,暂无
崇明,獐(獐),[空],tsan1(tsã⁵⁵),tsan1,暂无
崇明,蟑(蟑),[空],tsan1(tsã⁵⁵),tsan1,暂无
崇明,牂(牂),[空],tsan1(tsã⁵⁵),tsan1,暂无
崇明,长(長),生~,tsan3(tsã⁴²⁴),tsan3,暂无
崇明,掌(掌),[空],tsan3(tsã⁴²⁴),tsan3,暂无
崇明,涨(漲),~潮,tsan3(tsã⁴²⁴),tsan3,暂无
崇明,仗(仗),打~,tsan5(tsã³³),tsan5,暂无
崇明,账(賬),[空],tsan5(tsã³³),tsan5,暂无
崇明,涨(漲),饭~一~,tsan5(tsã³³),tsan5,暂无
崇明,帐(帳),[空],tsan5(tsã³³),tsan5,暂无
崇明,胀(脹),[空],tsan5(tsã³³),tsan5,暂无
崇明,障(障),[空],tsan5(tsã³³),tsan5,暂无
崇明,昌(昌),[空],tshan1(tsʰã⁵⁵),tshan1,暂无
崇明,倡(倡),提~,tshan1(tsʰã⁵⁵),tshan1,暂无
崇明,娼(娼),[空],tshan1(tsʰã⁵⁵),tshan1,暂无
崇明,鲳(鯧),[空],tshan1(tsʰã⁵⁵),tshan1,暂无
崇明,盛(盛),[空],tshan1(tsʰã⁵⁵),tshan1,暂无
崇明,撑(撐),[空],tshan1(tsʰã⁵⁵),tshan1,暂无
崇明,撑(撐),[空],tshan1(tsʰã⁵⁵),tshan1,暂无
崇明,畅(暢),[空],tshan3(tsʰã⁴²⁴),tshan3,暂无
崇明,敞(敞),[空],tshan3(tsʰã⁴²⁴),tshan3,暂无
崇明,昶(昶),[空],tshan3(tsʰã⁴²⁴),tshan3,暂无
崇明,厂(廠),[空],tshan3(tsʰã⁴²⁴),tshan3,暂无
崇明,氅(氅),[空],tshan3(tsʰã⁴²⁴),tshan3,暂无
崇明,鬯(鬯),[空],tshan3(tsʰã⁴²⁴),tshan3,暂无
崇明,怅(悵),[空],tshan5(tsʰã³³),tshan5,暂无
崇明,倡(倡),~导,tshan5(tsʰã³³),tshan5,暂无
崇明,牚(牚),《广韵》去声映韵他孟切“斜柱也”。《集韵》去声映韵耻孟切“支柱也”,tshan5(tsʰã³³),tshan5,暂无
崇明,伥(倀),[空],tshan5(tsʰã³³),tshan5,暂无
崇明,创(創),[空],tshan5(tsʰã³³),tshan5,暂无
崇明,长(長),[空],dzan2(dzã²⁴),dzan2,暂无
崇明,嫦(嫦),[空],dzan2(dzã²⁴),dzan2,暂无
崇明,尝(嚐),文读,dzan2(dzã²⁴),dzan2,暂无
崇明,偿(償),[空],dzan2(dzã²⁴),dzan2,暂无
崇明,尝(嘗),[空],dzan2(dzã²⁴),dzan2,暂无
崇明,常(常),[空],dzan2(dzã²⁴),dzan2,暂无
崇明,场(場),[空],dzan2(dzã²⁴),dzan2,暂无
崇明,肠(腸),[空],dzan2(dzã²⁴),dzan2,暂无
崇明,裳(裳),文读,dzan2(dzã²⁴),dzan2,暂无
崇明,丈(丈),量词：~二,dzan4(dzã²⁴²),dzan4,暂无
崇明,剩(剩),白读,dzan6(dzã³¹³),dzan6,暂无
崇明,仗(仗),依~,dzan6(dzã³¹³),dzan6,暂无
崇明,杖(杖),[空],dzan6(dzã³¹³),dzan6,暂无
崇明,丈(丈),动词：~量,dzan6(dzã³¹³),dzan6,暂无
崇明,盛(盛),姓,dzan6(dzã³¹³),dzan6,暂无
崇明,生(生),白读,san1(sã⁵⁵),san1,暂无
崇明,声(聲),~气(音色),san1(sã⁵⁵),san1,暂无
崇明,甥(甥),外~,san1(sã⁵⁵),san1,暂无
崇明,商(商),文读,san1(sã⁵⁵),san1,暂无
崇明,伤(傷),文读,san1(sã⁵⁵),san1,暂无
崇明,殇(殤),[空],san1(sã⁵⁵),san1,暂无
崇明,觞(觴),[空],san1(sã⁵⁵),san1,暂无
崇明,㾪(㾪),瘦弱：《广韵》上声梗韵所景切“瘦㾪”,san3(sã⁴²⁴),san3,暂无
崇明,省(省),节~,san3(sã⁴²⁴),san3,暂无
崇明,赏(賞),文读,san3(sã⁴²⁴),san3,暂无
崇明,爽(爽),风~(风大),san3(sã⁴²⁴),san3,暂无
崇明,上(上),文读,zan4(zã²⁴²),zan4,暂无
崇明,让(讓),文读,zan6(zã³¹³),zan6,暂无
崇明,壤(壤),[空],zan6(zã³¹³),zan6,暂无
崇明,嚷(嚷),[空],zan6(zã³¹³),zan6,暂无
崇明,攘(攘),[空],zan6(zã³¹³),zan6,暂无
崇明,尚(尚),高~,zan6(zã³¹³),zan6,暂无
崇明,庚(庚),[空],kan1(kã⁵⁵),kan1,暂无
崇明,更(更),白读：三~,kan1(kã⁵⁵),kan1,暂无
崇明,羹(羹),[空],kan1(kã⁵⁵),kan1,暂无
崇明,耕(耕),[空],kan1(kã⁵⁵),kan1,暂无
崇明,赓(賡),[空],kan1(kã⁵⁵),kan1,暂无
崇明,粳(粳),~米,kan1(kã⁵⁵),kan1,暂无
崇明,耿(耿),[空],kan3(kã⁴²⁴),kan3,暂无
崇明,哽(哽),[空],kan3(kã⁴²⁴),kan3,暂无
崇明,梗(梗),[空],kan5(kã³³),kan5,暂无
崇明,坑(坑),[空],khan1(kʰã⁵⁵),khan1,暂无
崇明,梗(梗),[空],gan6(gã³¹³),gan6,暂无
崇明,硬(硬),~劲(硬是),ngan2(ɦŋã²⁴),ngan2,暂无
崇明,硬(硬),[空],ngan6(ɦŋã³¹³),ngan6,暂无
崇明,夯(夯),[空],han1(hã⁵⁵),han1,暂无
崇明,亨(亨),白读,han1(hã⁵⁵),han1,暂无
崇明,行(行),~船,ghan2(hɦã²⁴),ghan2,暂无
崇明,桁(桁),[空],ghan2(hɦã²⁴),ghan2,暂无
崇明,胻(胻),鸭~(鸭屁股),ghan4(hɦã²⁴²),ghan4,暂无
崇明,吭(吭),象声词：~哟,ghan4(hɦã²⁴²),ghan4,暂无
崇明,杏(杏),[空],ghan6(hɦã³¹³),ghan6,暂无
崇明,鹦(鸚),~哥(鹦鹉),an1(ã⁵⁵),an1,暂无
崇明,樱(櫻),~桃,an1(ã⁵⁵),an1,暂无
崇明,嘤(嚶),象声词：~里~啷(小孩歌声),an1(ã⁵⁵),an1,暂无
崇明,盎(盎),~格鲁,an1(ã⁵⁵),an1,暂无
崇明,盎(盎),~然,an5(ã³³),an5,暂无
崇明,良(良),~郎(人名，读阴平调表亲热),lian1(ʔliã⁵⁵),lian1,暂无
崇明,良(良),[空],lian2(ɦliã²⁴),lian2,暂无
崇明,量(量),动词：~尺寸,lian2(ɦliã²⁴),lian2,暂无
崇明,梁(梁),[空],lian2(ɦliã²⁴),lian2,暂无
崇明,粮(糧),[空],lian2(ɦliã²⁴),lian2,暂无
崇明,谅(諒),[空],lian2(ɦliã²⁴),lian2,暂无
崇明,踉(踉),~跄跄,lian2(ɦliã²⁴),lian2,暂无
崇明,两(兩),~个,lian4(ɦliã²⁴²),lian4,暂无
崇明,俩(倆),[空],lian4(ɦliã²⁴²),lian4,暂无
崇明,魉(魎),[空],lian4(ɦliã²⁴²),lian4,暂无
崇明,二(二),读同两,lian4(ɦliã²⁴²),lian4,暂无
崇明,两(兩),斤~,lian6(ɦliã³¹³),lian6,暂无
崇明,量(量),数~,lian6(ɦliã³¹³),lian6,暂无
崇明,亮(亮),[空],lian6(ɦliã³¹³),lian6,暂无
崇明,辆(輛),[空],lian6(ɦliã³¹³),lian6,暂无
崇明,将(將),~军,cian1(tɕiã⁵⁵),cian1,暂无
崇明,姜(薑),[空],cian1(tɕiã⁵⁵),cian1,暂无
崇明,疆(疆),[空],cian1(tɕiã⁵⁵),cian1,暂无
崇明,僵(僵),[空],cian1(tɕiã⁵⁵),cian1,暂无
崇明,缰(韁),[空],cian1(tɕiã⁵⁵),cian1,暂无
崇明,殭(殭),[空],cian1(tɕiã⁵⁵),cian1,暂无
崇明,浆(漿),[空],cian1(tɕiã⁵⁵),cian1,暂无
崇明,糨(糨),[空],cian1(tɕiã⁵⁵),cian1,暂无
崇明,奖(獎),[空],cian3(tɕiã⁴²⁴),cian3,暂无
崇明,蒋(蔣),[空],cian3(tɕiã⁴²⁴),cian3,暂无
崇明,桨(槳),[空],cian3(tɕiã⁴²⁴),cian3,暂无
崇明,将(將),~领；鸟,cian5(tɕiã³³),cian5,暂无
崇明,酱(醬),[空],cian5(tɕiã³³),cian5,暂无
崇明,抢(搶),~位置,chian1(tɕʰiã⁵⁵),chian1,暂无
崇明,枪(槍),[空],chian1(tɕʰiã⁵⁵),chian1,暂无
崇明,腔(腔),口语：~调,chian1(tɕʰiã⁵⁵),chian1,暂无
崇明,锵(鏘),[空],chian1(tɕʰiã⁵⁵),chian1,暂无
崇明,跄(蹌),踉踉~~,chian1(tɕʰiã⁵⁵),chian1,暂无
崇明,抢(搶),偷~,chian3(tɕʰiã⁴²⁴),chian3,暂无
崇明,呛(嗆),[空],chian5(tɕʰiã³³),chian5,暂无
崇明,炝(熗),[空],chian5(tɕʰiã³³),chian5,暂无
崇明,戗(戧),[空],chian5(tɕʰiã³³),chian5,暂无
崇明,强(強),坚~,jian2(dʑiã²⁴),jian2,暂无
崇明,祥(祥),[空],jian2(dʑiã²⁴),jian2,暂无
崇明,详(詳),[空],jian2(dʑiã²⁴),jian2,暂无
崇明,襁(繈),[空],jian2(dʑiã²⁴),jian2,暂无
崇明,镪(鏹),[空],jian2(dʑiã²⁴),jian2,暂无
崇明,戕(戕),[空],jian2(dʑiã²⁴),jian2,暂无
崇明,翔(翔),[空],jian2(dʑiã²⁴),jian2,暂无
崇明,强(強),~硬,jian4(dʑiã²⁴²),jian4,暂无
崇明,犟(犟),[空],jian4(dʑiã²⁴²),jian4,暂无
崇明,像(像),~话：好像、可能,jian4(dʑiã²⁴²),jian4,暂无
崇明,匠(匠),文读,jian6(dʑiã³¹³),jian6,暂无
崇明,强(強),僵硬不灵活,jian6(dʑiã³¹³),jian6,暂无
崇明,孃(孃),~~(称姑姑),gnian1(ʔȵiã⁵⁵),gnian1,暂无
崇明,酿(釀),[空],gnian5(ʔȵiã³³),gnian5,暂无
崇明,仰(仰),文读,gnian5(ʔȵiã³³),gnian5,暂无
崇明,娘(娘),[空],gnian2(ɦȵiã²⁴),gnian2,暂无
崇明,仰(仰),头往上抬,gnian4(ɦȵiã²⁴²),gnian4,暂无
崇明,让(讓),白读,gnian6(ɦȵiã³¹³),gnian6,暂无
崇明,香(香),[空],shian1(ɕiã⁵⁵),shian1,暂无
崇明,相(相),互~,shian1(ɕiã⁵⁵),shian1,暂无
崇明,乡(鄉),[空],shian1(ɕiã⁵⁵),shian1,暂无
崇明,箱(箱),[空],shian1(ɕiã⁵⁵),shian1,暂无
崇明,襄(襄),[空],shian1(ɕiã⁵⁵),shian1,暂无
崇明,镶(鑲),[空],shian1(ɕiã⁵⁵),shian1,暂无
崇明,厢(廂),[空],shian1(ɕiã⁵⁵),shian1,暂无
崇明,骥(驥),[空],shian1(ɕiã⁵⁵),shian1,暂无
崇明,想(想),[空],shian3(ɕiã⁴²⁴),shian3,暂无
崇明,享(享),[空],shian3(ɕiã⁴²⁴),shian3,暂无
崇明,响(響),[空],shian3(ɕiã⁴²⁴),shian3,暂无
崇明,飨(饗),[空],shian3(ɕiã⁴²⁴),shian3,暂无
崇明,饷(餉),[空],shian3(ɕiã⁴²⁴),shian3,暂无
崇明,向(向),[空],shian5(ɕiã³³),shian5,暂无
崇明,相(相),长~,shian5(ɕiã³³),shian5,暂无
崇明,墙(牆),[空],zhian2(ʑiã²⁴),zhian2,暂无
崇明,嫱(嬙),[空],zhian2(ʑiã²⁴),zhian2,暂无
崇明,樯(檣),[空],zhian2(ʑiã²⁴),zhian2,暂无
崇明,像(像),[空],zhian4(ʑiã²⁴²),zhian4,暂无
崇明,象(象),[空],zhian4(ʑiã²⁴²),zhian4,暂无
崇明,蔷(薔),[空],zhian6(ʑiã³¹³),zhian6,暂无
崇明,橡(橡),[空],zhian6(ʑiã³¹³),zhian6,暂无
崇明,匠(匠),文读,zhian6(ʑiã³¹³),zhian6,暂无
崇明,央(央),[空],ian1(iã⁵⁵),ian1,暂无
崇明,秧(秧),[空],ian1(iã⁵⁵),ian1,暂无
崇明,殃(殃),[空],ian1(iã⁵⁵),ian1,暂无
崇明,鸯(鴦),[空],ian1(iã⁵⁵),ian1,暂无
崇明,恙(恙),[空],ian1(iã⁵⁵),ian1,暂无
崇明,泱(泱),[空],ian1(iã⁵⁵),ian1,暂无
崇明,鞍(鞍),[空],ian1(iã⁵⁵),ian1,暂无
崇明,怏(怏),[空],ian1(iã⁵⁵),ian1,暂无
崇明,漾(漾),~肩(漾河的河岸),ian3(iã⁴²⁴),ian3,暂无
崇明,漾(漾),小~(河名),ian5(iã³³),ian5,暂无
崇明,羊(羊),[空],yan2(ɦiã²⁴),yan2,暂无
崇明,洋(洋),[空],yan2(ɦiã²⁴),yan2,暂无
崇明,佯(佯),[空],yan2(ɦiã²⁴),yan2,暂无
崇明,阳(陽),[空],yan2(ɦiã²⁴),yan2,暂无
崇明,杨(楊),[空],yan2(ɦiã²⁴),yan2,暂无
崇明,扬(揚),[空],yan2(ɦiã²⁴),yan2,暂无
崇明,炀(煬),[空],yan2(ɦiã²⁴),yan2,暂无
崇明,疡(瘍),[空],yan2(ɦiã²⁴),yan2,暂无
崇明,烊(烊),[空],yan2(ɦiã²⁴),yan2,暂无
崇明,蛘(蛘),[空],yan2(ɦiã²⁴),yan2,暂无
崇明,氧(氧),[空],yan4(ɦiã²⁴²),yan4,暂无
崇明,养(養),[空],yan4(ɦiã²⁴²),yan4,暂无
崇明,痒(癢),[空],yan4(ɦiã²⁴²),yan4,暂无
崇明,徉(徉),[空],yan4(ɦiã²⁴²),yan4,暂无
崇明,漾(漾),荡~,yan4(ɦiã²⁴²),yan4,暂无
崇明,飏(揚),[空],yan6(ɦiã³¹³),yan6,暂无
崇明,样(樣),[空],yan6(ɦiã³¹³),yan6,暂无
崇明,光(光),~火,kuan1(kuã⁵⁵),kuan1,暂无
崇明,咣(咣),象声词：~啷~啷(形容尖利的声音等),kuan1(kuã⁵⁵),kuan1,暂无
崇明,矿(礦),~灰(石灰),kuan3(kuã⁴²⁴),kuan3,暂无
崇明,哐(哐),象声词：~响里(哐当一声),khuan1(kʰuã⁵⁵),khuan1,暂无
崇明,狂(狂),[空],guan2(guã²⁴),guan2,暂无
崇明,轰(轟),~~烈烈(形容能干)。轰，《广韵》平声耕韵合口二等呼宏切：群车声。崇明话梗摄庚耕两韵二等开口字口语多读ã韵，如庚韵的烹彭膨猛孟撑生省更哽坑硬亨行杏、耕韵的浜迸棚蚌争耕，合口字读uã韵，如庚韵(以平赅上去)合口二等的矿灰横。所以耕韵合口二等的轰字读huã⁵⁵符合崇明话的语音演变规律。,huan1(huã⁵⁵),huan1,暂无
崇明,横(橫),~蛮,uan1(uã⁵⁵),uan1,暂无
崇明,䁝(䁝),~潦清(形容看得清楚，听得清楚，或内心明了)。《广韵》上声梗韵合口二等乌猛切：清洁。,uan3(uã⁴²⁴),uan3,暂无
崇明,横(橫),~竖,wan2(ɦuã²⁴),wan2,暂无
崇明,横(橫),横亘；量词：一~麦(一行麦),wan6(ɦuã³¹³),wan6,暂无
崇明,帮(幫),[空],paon1(pɑ̃⁵⁵),paon1,暂无
崇明,邦(邦),[空],paon1(pɑ̃⁵⁵),paon1,暂无
崇明,梆(梆),[空],paon1(pɑ̃⁵⁵),paon1,暂无
崇明,磅(磅),~秤,paon1(pɑ̃⁵⁵),paon1,暂无
崇明,榜(榜),[空],paon3(pɑ̃⁴²⁴),paon3,暂无
崇明,磅(磅),[空],paon3(pɑ̃⁴²⁴),paon3,暂无
崇明,镑(鎊),[空],paon3(pɑ̃⁴²⁴),paon3,暂无
崇明,绑(綁),[空],paon3(pɑ̃⁴²⁴),paon3,暂无
崇明,谤(謗),[空],paon3(pɑ̃⁴²⁴),paon3,暂无
崇明,胮(胮),浮肿。《广韵》平声江韵匹江切“胮胀”,phaon1(pʰɑ̃⁵⁵),phaon1,暂无
崇明,捧(捧),[空],phaon3(pʰɑ̃⁴²⁴),phaon3,暂无
崇明,髈(髈),大~(大腿),phaon3(pʰɑ̃⁴²⁴),phaon3,暂无
崇明,胖(胖),[空],phaon5(pʰɑ̃³³),phaon5,暂无
崇明,旁(旁),[空],baon2(bɑ̃²⁴),baon2,暂无
崇明,膀(膀),[空],baon2(bɑ̃²⁴),baon2,暂无
崇明,螃(螃),[空],baon2(bɑ̃²⁴),baon2,暂无
崇明,滂(滂),[空],baon2(bɑ̃²⁴),baon2,暂无
崇明,防(防),[空],baon2(bɑ̃²⁴),baon2,暂无
崇明,傍(傍),[空],baon4(bɑ̃²⁴²),baon4,暂无
崇明,棒(棒),[空],baon4(bɑ̃²⁴²),baon4,暂无
崇明,盲(盲),[空],maon2(mɑ̃²⁴),maon2,暂无
崇明,忙(忙),[空],maon2(mɑ̃²⁴),maon2,暂无
崇明,芒(芒),[空],maon2(mɑ̃²⁴),maon2,暂无
崇明,茫(茫),[空],maon2(mɑ̃²⁴),maon2,暂无
崇明,氓(氓),[空],maon2(mɑ̃²⁴),maon2,暂无
崇明,蒙(蒙),[空],maon2(mɑ̃²⁴),maon2,暂无
崇明,梦(夢),[空],maon4(mɑ̃²⁴²),maon4,暂无
崇明,网(網),[空],maon4(mɑ̃²⁴²),maon4,暂无
崇明,惘(惘),[空],maon4(mɑ̃²⁴²),maon4,暂无
崇明,魍(魍),[空],maon4(mɑ̃²⁴²),maon4,暂无
崇明,莽(莽),[空],maon4(mɑ̃²⁴²),maon4,暂无
崇明,蟒(蟒),[空],maon4(mɑ̃²⁴²),maon4,暂无
崇明,望(望),白读,maon6(mɑ̃³¹³),maon6,暂无
崇明,忘(忘),白读,maon6(mɑ̃³¹³),maon6,暂无
崇明,方(方),[空],faon1(fɑ̃⁵⁵),faon1,暂无
崇明,芳(芳),[空],faon1(fɑ̃⁵⁵),faon1,暂无
崇明,坊(坊),[空],faon1(fɑ̃⁵⁵),faon1,暂无
崇明,舫(舫),[空],faon1(fɑ̃⁵⁵),faon1,暂无
崇明,妨(妨),[空],faon1(fɑ̃⁵⁵),faon1,暂无
崇明,仿(仿),[空],faon3(fɑ̃⁴²⁴),faon3,暂无
崇明,彷(彷),[空],faon3(fɑ̃⁴²⁴),faon3,暂无
崇明,访(訪),[空],faon3(fɑ̃⁴²⁴),faon3,暂无
崇明,纺(紡),[空],faon3(fɑ̃⁴²⁴),faon3,暂无
崇明,仿(仿),[空],faon3(fɑ̃⁴²⁴),faon3,暂无
崇明,放(放),[空],faon5(fɑ̃³³),faon5,暂无
崇明,房(房),[空],vaon2(vɑ̃²⁴),vaon2,暂无
崇明,亡(亡),[空],vaon2(vɑ̃²⁴),vaon2,暂无
崇明,望(望),少数人说~东道(赌输赢)，多数说㨪东道,vaon4(vɑ̃²⁴²),vaon4,暂无
崇明,望(望),文读,vaon6(vɑ̃³¹³),vaon6,暂无
崇明,罔(罔),[空],vaon6(vɑ̃³¹³),vaon6,暂无
崇明,忘(忘),文读,vaon6(vɑ̃³¹³),vaon6,暂无
崇明,妄(妄),[空],vaon6(vɑ̃³¹³),vaon6,暂无
崇明,噹(噹),[空],taon1(tɑ̃⁵⁵),taon1,暂无
崇明,当(當),应~,taon1(tɑ̃⁵⁵),taon1,暂无
崇明,裆(襠),[空],taon1(tɑ̃⁵⁵),taon1,暂无
崇明,铛(鐺),[空],taon1(tɑ̃⁵⁵),taon1,暂无
崇明,党(黨),[空],taon3(tɑ̃⁴²⁴),taon3,暂无
崇明,挡(擋),[空],taon3(tɑ̃⁴²⁴),taon3,暂无
崇明,当(當),家~,taon5(tɑ̃³³),taon5,暂无
崇明,档(檔),[空],taon5(tɑ̃³³),taon5,暂无
崇明,汤(湯),[空],thaon1(tʰɑ̃⁵⁵),thaon1,暂无
崇明,荡(蕩),浪~(流氓),thaon1(tʰɑ̃⁵⁵),thaon1,暂无
崇明,搪(搪),遮，迎。《集韵》平声唐韵他郎切：搪，揬也。搪揬，犹今唐突，有冒犯义。和崇明话的遮挡义有关联。而崇明话搪的迎接义，可以看做是一种反调,thaon1(tʰɑ̃⁵⁵),thaon1,暂无
崇明,躺(躺),[空],thaon3(tʰɑ̃⁴²⁴),thaon3,暂无
崇明,淌(淌),[空],thaon3(tʰɑ̃⁴²⁴),thaon3,暂无
崇明,倘(倘),[空],thaon3(tʰɑ̃⁴²⁴),thaon3,暂无
崇明,烫(燙),[空],thaon5(tʰɑ̃³³),thaon5,暂无
崇明,烫(燙),[空],thaon5(tʰɑ̃³³),thaon5,暂无
崇明,趟(趟),[空],thaon5(tʰɑ̃³³),thaon5,暂无
崇明,堂(堂),[空],daon2(dɑ̃²⁴),daon2,暂无
崇明,镗(鏜),[空],daon2(dɑ̃²⁴),daon2,暂无
崇明,膛(膛),[空],daon2(dɑ̃²⁴),daon2,暂无
崇明,螳(螳),[空],daon2(dɑ̃²⁴),daon2,暂无
崇明,棠(棠),[空],daon2(dɑ̃²⁴),daon2,暂无
崇明,糖(糖),[空],daon2(dɑ̃²⁴),daon2,暂无
崇明,唐(唐),[空],daon2(dɑ̃²⁴),daon2,暂无
崇明,塘(塘),[空],daon2(dɑ̃²⁴),daon2,暂无
崇明,荡(蕩),[空],daon4(dɑ̃²⁴²),daon4,暂无
崇明,荡(蕩),[空],daon4(dɑ̃²⁴²),daon4,暂无
崇明,宕(宕),[空],daon6(dɑ̃³¹³),daon6,暂无
崇明,砀(碭),[空],daon6(dɑ̃³¹³),daon6,暂无
崇明,囊(囊),[空],naon2(ɦnɑ̃²⁴),naon2,暂无
崇明,镶(鑲),[空],naon2(ɦnɑ̃²⁴),naon2,暂无
崇明,囊(囊),[空],naon2(ɦnɑ̃²⁴),naon2,暂无
崇明,瓤(瓤),瓜~,naon2(ɦnɑ̃²⁴),naon2,暂无
崇明,郎(郎),~~:儿语称自己,laon1(ʔlɑ̃⁵⁵),laon1,暂无
崇明,啷(啷),[空],laon1(ʔlɑ̃⁵⁵),laon1,暂无
崇明,浪(浪),~荡,laon1(ʔlɑ̃⁵⁵),laon1,暂无
崇明,朗(朗),[空],laon3(ʔlɑ̃⁴²⁴),laon3,暂无
崇明,浪(浪),~漫,laon3(ʔlɑ̃⁴²⁴),laon3,暂无
崇明,郎(郎),[空],laon2(ɦlɑ̃²⁴),laon2,暂无
崇明,狼(狼),[空],laon2(ɦlɑ̃²⁴),laon2,暂无
崇明,廊(廊),[空],laon2(ɦlɑ̃²⁴),laon2,暂无
崇明,琅(琅),[空],laon2(ɦlɑ̃²⁴),laon2,暂无
崇明,榔(榔),[空],laon2(ɦlɑ̃²⁴),laon2,暂无
崇明,螂(螂),[空],laon2(ɦlɑ̃²⁴),laon2,暂无
崇明,锒(鋃),[空],laon2(ɦlɑ̃²⁴),laon2,暂无
崇明,浪(浪),“上”用在名词后的口语音,laon4(ɦlɑ̃²⁴²),laon4,暂无
崇明,浪(浪),波~,laon6(ɦlɑ̃³¹³),laon6,暂无
崇明,晾(晾),《集韵》上声宕韵郎宕切“暴也”,laon6(ɦlɑ̃³¹³),laon6,暂无
崇明,脏(髒),[空],tsaon1(tsɑ̃⁵⁵),tsaon1,暂无
崇明,臧(臧),[空],tsaon1(tsɑ̃⁵⁵),tsaon1,暂无
崇明,赃(贓),[空],tsaon1(tsɑ̃⁵⁵),tsaon1,暂无
崇明,奘(奘),[空],tsaon1(tsɑ̃⁵⁵),tsaon1,暂无
崇明,装(裝),[空],tsaon1(tsɑ̃⁵⁵),tsaon1,暂无
崇明,庄(莊),[空],tsaon1(tsɑ̃⁵⁵),tsaon1,暂无
崇明,妆(妝),[空],tsaon1(tsɑ̃⁵⁵),tsaon1,暂无
崇明,桩(樁),[空],tsaon1(tsɑ̃⁵⁵),tsaon1,暂无
崇明,桩(樁),[空],tsaon1(tsɑ̃⁵⁵),tsaon1,暂无
崇明,妆(妝),[空],tsaon1(tsɑ̃⁵⁵),tsaon1,暂无
崇明,葬(葬),[空],tsaon5(tsɑ̃³³),tsaon5,暂无
崇明,壮(壯),[空],tsaon5(tsɑ̃³³),tsaon5,暂无
崇明,仓(倉),[空],tshaon1(tsʰɑ̃⁵⁵),tshaon1,暂无
崇明,苍(蒼),[空],tshaon1(tsʰɑ̃⁵⁵),tshaon1,暂无
崇明,舱(艙),[空],tshaon1(tsʰɑ̃⁵⁵),tshaon1,暂无
崇明,沧(滄),[空],tshaon1(tsʰɑ̃⁵⁵),tshaon1,暂无
崇明,窗(窗),[空],tshaon1(tsʰɑ̃⁵⁵),tshaon1,暂无
崇明,疮(瘡),[空],tshaon1(tsʰɑ̃⁵⁵),tshaon1,暂无
崇明,闯(闖),文读,tshaon3(tsʰɑ̃⁴²⁴),tshaon3,暂无
崇明,磢(磢),[空],tshaon3(tsʰɑ̃⁴²⁴),tshaon3,暂无
崇明,闯(闖),~进去,tshaon5(tsʰɑ̃³³),tshaon5,暂无
崇明,唱(唱),[空],tshaon5(tsʰɑ̃³³),tshaon5,暂无
崇明,藏(藏),隐~,dzaon2(dzɑ̃²⁴),dzaon2,暂无
崇明,撞(撞),[空],dzaon4(dzɑ̃²⁴²),dzaon4,暂无
崇明,藏(藏),西~,dzaon6(dzɑ̃³¹³),dzaon6,暂无
崇明,状(狀),[空],dzaon6(dzɑ̃³¹³),dzaon6,暂无
崇明,幢(幢),[空],dzaon6(dzɑ̃³¹³),dzaon6,暂无
崇明,脏(臓),[空],dzaon6(dzɑ̃³¹³),dzaon6,暂无
崇明,桑(桑),[空],saon1(sɑ̃⁵⁵),saon1,暂无
崇明,嗓(嗓),[空],saon1(sɑ̃⁵⁵),saon1,暂无
崇明,双(雙),[空],saon1(sɑ̃⁵⁵),saon1,暂无
崇明,霜(霜),[空],saon1(sɑ̃⁵⁵),saon1,暂无
崇明,孀(孀),[空],saon1(sɑ̃⁵⁵),saon1,暂无
崇明,骦(驦),[空],saon1(sɑ̃⁵⁵),saon1,暂无
崇明,丧(喪),~事,saon1(sɑ̃⁵⁵),saon1,暂无
崇明,伤(傷),白读,saon1(sɑ̃⁵⁵),saon1,暂无
崇明,商(商),~量,saon1(sɑ̃⁵⁵),saon1,暂无
崇明,爽(爽),清~,saon3(sɑ̃⁴²⁴),saon3,暂无
崇明,赏(賞),白读,saon3(sɑ̃⁴²⁴),saon3,暂无
崇明,丧(喪),~失,saon5(sɑ̃³³),saon5,暂无
崇明,磉(磉),[空],saon5(sɑ̃³³),saon5,暂无
崇明,床(床),[空],zaon2(zɑ̃²⁴),zaon2,暂无
崇明,裳(裳),白读,zaon2(zɑ̃²⁴),zaon2,暂无
崇明,尝(嘗),白读,zaon2(zɑ̃²⁴),zaon2,暂无
崇明,上(上),白读,zaon4(zɑ̃²⁴²),zaon4,暂无
崇明,尙(尙),和~,zaon6(zɑ̃³¹³),zaon6,暂无
崇明,上(上),~一~(来干一下),zaon6(zɑ̃³¹³),zaon6,暂无
崇明,江(江),[空],kaon1(kɑ̃⁵⁵),kaon1,暂无
崇明,刚(剛),[空],kaon1(kɑ̃⁵⁵),kaon1,暂无
崇明,钢(鋼),[空],kaon1(kɑ̃⁵⁵),kaon1,暂无
崇明,岗(崗),[空],kaon1(kɑ̃⁵⁵),kaon1,暂无
崇明,缸(缸),[空],kaon1(kɑ̃⁵⁵),kaon1,暂无
崇明,冈(岡),[空],kaon1(kɑ̃⁵⁵),kaon1,暂无
崇明,纲(綱),[空],kaon1(kɑ̃⁵⁵),kaon1,暂无
崇明,罡(罡),[空],kaon1(kɑ̃⁵⁵),kaon1,暂无
崇明,肛(肛),[空],kaon1(kɑ̃⁵⁵),kaon1,暂无
崇明,扛(扛),[空],kaon1(kɑ̃⁵⁵),kaon1,暂无
崇明,豇(豇),[空],kaon1(kɑ̃⁵⁵),kaon1,暂无
崇明,讲(講),[空],kaon3(kɑ̃⁴²⁴),kaon3,暂无
崇明,港(港),[空],kaon3(kɑ̃⁴²⁴),kaon3,暂无
崇明,广(廣),~勺(较大的铜制水勺),kaon3(kɑ̃⁴²⁴),kaon3,暂无
崇明,降(降),~落,kaon5(kɑ̃³³),kaon5,暂无
崇明,杠(杠),[空],kaon5(kɑ̃³³),kaon5,暂无
崇明,杠(槓),[空],kaon5(kɑ̃³³),kaon5,暂无
崇明,虹(虹),一条~(皮肤上被摩擦而发红的条纹),kaon5(kɑ̃³³),kaon5,暂无
崇明,康(康),[空],khaon1(kʰɑ̃⁵⁵),khaon1,暂无
崇明,糠(糠),[空],khaon1(kʰɑ̃⁵⁵),khaon1,暂无
崇明,慷(慷),[空],khaon3(kʰɑ̃⁴²⁴),khaon3,暂无
崇明,亢(亢),高~,khaon5(kʰɑ̃³³),khaon5,暂无
崇明,抗(抗),[空],khaon5(kʰɑ̃³³),khaon5,暂无
崇明,炕(炕),[空],khaon5(kʰɑ̃³³),khaon5,暂无
崇明,囥(囥),藏,khaon5(kʰɑ̃³³),khaon5,暂无
崇明,阬(阬),墓穴：打~建筑墓穴。阬，《广韵》去声宕韵苦浪切“门也”。《集韵》注为“坑也”,khaon5(kʰɑ̃³³),khaon5,暂无
崇明,戆(戇),[空],gaon4(gɑ̃²⁴²),gaon4,暂无
崇明,讲(講),~神(聊天),gaon6(gɑ̃³¹³),gaon6,暂无
崇明,昂(昂),[空],ngaon2(ɦŋɑ̃²⁴),ngaon2,暂无
崇明,印(印),[空],ngaon2(ɦŋɑ̃²⁴),ngaon2,暂无
崇明,慌(慌),心~(心悸),haon1(hɑ̃⁵⁵),haon1,暂无
崇明,降(降),投~,ghaon2(hɦɑ̃²⁴),ghaon2,暂无
崇明,行(行),银~,ghaon2(hɦɑ̃²⁴),ghaon2,暂无
崇明,航(航),[空],ghaon2(hɦɑ̃²⁴),ghaon2,暂无
崇明,杭(杭),[空],ghaon2(hɦɑ̃²⁴),ghaon2,暂无
崇明,沆(沆),[空],ghaon2(hɦɑ̃²⁴),ghaon2,暂无
崇明,绗(絎),[空],ghaon2(hɦɑ̃²⁴),ghaon2,暂无
崇明,亢(亢),俗写字：~田(高田，和低田相对),ghaon4(hɦɑ̃²⁴²),ghaon4,暂无
崇明,项(項),[空],ghaon6(hɦɑ̃³¹³),ghaon6,暂无
崇明,巷(巷),[空],ghaon6(hɦɑ̃³¹³),ghaon6,暂无
崇明,亢(亢),闷热、烦躁,ghaon6(hɦɑ̃³¹³),ghaon6,暂无
崇明,笐(笐),《广韵》去声宕韵下浪切“衣架”。《集韵》竹竿也。又《集韵》去声绛韵胡洚切：笐，挂衣架也，一曰竹列“,ghaon6(hɦɑ̃³¹³),ghaon6,暂无
崇明,肮(骯),[空],aon1(ɑ̃⁵⁵),aon1,暂无
崇明,江(江),文读,ciaon1(tɕiɑ̃⁵⁵),ciaon1,暂无
崇明,讲(講),文读,ciaon3(tɕiɑ̃⁴²⁴),ciaon3,暂无
崇明,降(降),文读：~落,ciaon5(tɕiɑ̃³³),ciaon5,暂无
崇明,腔(腔),口~,chiaon1(tɕʰiɑ̃⁵⁵),chiaon1,暂无
崇明,旺(旺),白读,yaon2(ɦiɑ̃²⁴),yaon2,暂无
崇明,王(王),姓,yaon2(ɦiɑ̃²⁴),yaon2,暂无
崇明,光(光),~明,kuaon1(kuɑ̃⁵⁵),kuaon1,暂无
崇明,咣(咣),[空],kuaon1(kuɑ̃⁵⁵),kuaon1,暂无
崇明,广(廣),~大,kuaon3(kuɑ̃⁴²⁴),kuaon3,暂无
崇明,广(廣),摸。《集韵》去声宕韵古旷切“度广曰广”,kuaon5(kuɑ̃³³),kuaon5,暂无
崇明,匡(匡),[空],khuaon1(kʰuɑ̃⁵⁵),khuaon1,暂无
崇明,框(框),[空],khuaon1(kʰuɑ̃⁵⁵),khuaon1,暂无
崇明,筐(筐),[空],khuaon1(kʰuɑ̃⁵⁵),khuaon1,暂无
崇明,眶(眶),[空],khuaon1(kʰuɑ̃⁵⁵),khuaon1,暂无
崇明,诓(誆),[空],khuaon1(kʰuɑ̃⁵⁵),khuaon1,暂无
崇明,邝(鄺),[空],khuaon3(kʰuɑ̃⁴²⁴),khuaon3,暂无
崇明,旷(曠),[空],khuaon3(kʰuɑ̃⁴²⁴),khuaon3,暂无
崇明,矿(礦),文读,khuaon5(kʰuɑ̃³³),khuaon5,暂无
崇明,圹(壙),[空],khuaon5(kʰuɑ̃³³),khuaon5,暂无
崇明,狂(狂),[空],guaon2(guɑ̃²⁴),guaon2,暂无
崇明,逛(逛),[空],guaon4(guɑ̃²⁴²),guaon4,暂无
崇明,荒(荒),[空],huaon1(huɑ̃⁵⁵),huaon1,暂无
崇明,慌(慌),[空],huaon1(huɑ̃⁵⁵),huaon1,暂无
崇明,黄(黃),蛋~,huaon1(huɑ̃⁵⁵),huaon1,暂无
崇明,胱(胱),[空],huaon3(huɑ̃⁴²⁴),huaon3,暂无
崇明,恍(恍),[空],huaon3(huɑ̃⁴²⁴),huaon3,暂无
崇明,谎(謊),[空],huaon3(huɑ̃⁴²⁴),huaon3,暂无
崇明,晃(晃),[空],huaon3(huɑ̃⁴²⁴),huaon3,暂无
崇明,幌(幌),[空],huaon3(huɑ̃⁴²⁴),huaon3,暂无
崇明,况(況),[空],huaon5(huɑ̃³³),huaon5,暂无
崇明,汪(汪),[空],uaon1(uɑ̃⁵⁵),uaon1,暂无
崇明,往(往),[空],uaon5(uɑ̃³³),uaon5,暂无
崇明,枉(枉),[空],uaon5(uɑ̃³³),uaon5,暂无
崇明,王(王),大~,waon2(ɦuɑ̃²⁴),waon2,暂无
崇明,隍(隍),[空],waon2(ɦuɑ̃²⁴),waon2,暂无
崇明,黄(黃),[空],waon2(ɦuɑ̃²⁴),waon2,暂无
崇明,簧(簧),[空],waon2(ɦuɑ̃²⁴),waon2,暂无
崇明,璜(璜),[空],waon2(ɦuɑ̃²⁴),waon2,暂无
崇明,磺(磺),[空],waon2(ɦuɑ̃²⁴),waon2,暂无
崇明,皇(皇),[空],waon2(ɦuɑ̃²⁴),waon2,暂无
崇明,煌(煌),[空],waon2(ɦuɑ̃²⁴),waon2,暂无
崇明,晃(晃),日头~(阳光)。《广韵》上声荡韵胡广切：明也，晖也，光也。,waon4(ɦuɑ̃²⁴²),waon4,暂无
崇明,愰(愰),晃动，不稳。《集韵》上声荡韵户广切：愰懩，心不定,waon4(ɦuɑ̃²⁴²),waon4,暂无
崇明,愰(愰),把扶以防跌倒,waon4(ɦuɑ̃²⁴²),waon4,暂无
崇明,旺(旺),文读,waon6(ɦuɑ̃³¹³),waon6,暂无
崇明,嘣(嘣),象声词,pon1(poŋ⁵⁵),pon1,暂无
崇明,蹦(蹦),[空],pon5(poŋ³³),pon5,暂无
崇明,蓬(蓬),~~松松,phon1(pʰoŋ⁵⁵),phon1,暂无
崇明,捧(捧),[空],phon3(pʰoŋ⁴²⁴),phon3,暂无
崇明,蓬(蓬),[空],bon2(boŋ²⁴),bon2,暂无
崇明,篷(篷),[空],bon2(boŋ²⁴),bon2,暂无
崇明,芃(芃),[空],bon2(boŋ²⁴),bon2,暂无
崇明,塳(塳),~尘(灰尘),bon2(boŋ²⁴),bon2,暂无
崇明,矇(矇),[空],mon1(ʔmoŋ⁵⁵),mon1,暂无
崇明,蒙(蒙),~住眼睛,mon1(ʔmoŋ⁵⁵),mon1,暂无
崇明,蒙(蒙),~古,mon2(ɦmoŋ²⁴),mon2,暂无
崇明,梦(夢),[空],mon4(ɦmoŋ²⁴²),mon4,暂无
崇明,懵(懵),~懂,mon4(ɦmoŋ²⁴²),mon4,暂无
崇明,蜢(蜢),蚱~(蚂蚱),mon4(ɦmoŋ²⁴²),mon4,暂无
崇明,风(風),[空],fon1(foŋ⁵⁵),fon1,暂无
崇明,疯(瘋),[空],fon1(foŋ⁵⁵),fon1,暂无
崇明,枫(楓),[空],fon1(foŋ⁵⁵),fon1,暂无
崇明,峰(峰),[空],fon1(foŋ⁵⁵),fon1,暂无
崇明,锋(鋒),[空],fon1(foŋ⁵⁵),fon1,暂无
崇明,蜂(蜂),[空],fon1(foŋ⁵⁵),fon1,暂无
崇明,烽(烽),[空],fon1(foŋ⁵⁵),fon1,暂无
崇明,酆(酆),[空],fon1(foŋ⁵⁵),fon1,暂无
崇明,丰(豐),[空],fon1(foŋ⁵⁵),fon1,暂无
崇明,封(封),[空],fon1(foŋ⁵⁵),fon1,暂无
崇明,讽(諷),[空],fon3(foŋ⁴²⁴),fon3,暂无
崇明,俸(俸),薪~,fon5(foŋ³³),fon5,暂无
崇明,逢(逢),[空],von2(voŋ²⁴),von2,暂无
崇明,缝(縫),~~补补,von2(voŋ²⁴),von2,暂无
崇明,冯(馮),[空],von2(voŋ²⁴),von2,暂无
崇明,缝(縫),一条~,von4(voŋ²⁴²),von4,暂无
崇明,奉(奉),[空],von4(voŋ²⁴²),von4,暂无
崇明,凤(鳳),[空],von4(voŋ²⁴²),von4,暂无
崇明,东(東),[空],ton1(toŋ⁵⁵),ton1,暂无
崇明,冬(冬),[空],ton1(toŋ⁵⁵),ton1,暂无
崇明,咚(咚),[空],ton1(toŋ⁵⁵),ton1,暂无
崇明,董(董),[空],ton3(toŋ⁴²⁴),ton3,暂无
崇明,懂(懂),[空],ton3(toŋ⁴²⁴),ton3,暂无
崇明,栋(棟),[空],ton5(toŋ³³),ton5,暂无
崇明,冻(凍),[空],ton5(toŋ³³),ton5,暂无
崇明,通(通),[空],thon1(tʰoŋ⁵⁵),thon1,暂无
崇明,嗵(嗵),象声词,thon1(tʰoŋ⁵⁵),thon1,暂无
崇明,统(統),[空],thon3(tʰoŋ⁴²⁴),thon3,暂无
崇明,捅(捅),[空],thon3(tʰoŋ⁴²⁴),thon3,暂无
崇明,痛(痛),[空],thon5(tʰoŋ³³),thon5,暂无
崇明,疼(疼),[空],thon5(tʰoŋ³³),thon5,暂无
崇明,同(同),[空],don2(doŋ²⁴),don2,暂无
崇明,硐(硐),[空],don2(doŋ²⁴),don2,暂无
崇明,胴(胴),[空],don2(doŋ²⁴),don2,暂无
崇明,铜(銅),[空],don2(doŋ²⁴),don2,暂无
崇明,筒(筒),[空],don2(doŋ²⁴),don2,暂无
崇明,桐(桐),[空],don2(doŋ²⁴),don2,暂无
崇明,酮(酮),[空],don2(doŋ²⁴),don2,暂无
崇明,衕(衕),[空],don2(doŋ²⁴),don2,暂无
崇明,童(童),[空],don2(doŋ²⁴),don2,暂无
崇明,僮(僮),[空],don2(doŋ²⁴),don2,暂无
崇明,瞳(瞳),[空],don2(doŋ²⁴),don2,暂无
崇明,潼(潼),[空],don2(doŋ²⁴),don2,暂无
崇明,彤(彤),[空],don2(doŋ²⁴),don2,暂无
崇明,佟(佟),[空],don2(doŋ²⁴),don2,暂无
崇明,动(動),[空],don4(doŋ²⁴²),don4,暂无
崇明,桶(桶),[空],don4(doŋ²⁴²),don4,暂无
崇明,洞(洞),[空],don6(doŋ³¹³),don6,暂无
崇明,侗(侗),[空],don6(doŋ³¹³),don6,暂无
崇明,峒(峒),[空],don6(doŋ³¹³),don6,暂无
崇明,恫(恫),[空],don6(doŋ³¹³),don6,暂无
崇明,脓(膿),[空],non2(ɦnoŋ²⁴),non2,暂无
崇明,农(農),[空],non2(ɦnoŋ²⁴),non2,暂无
崇明,侬(儂),[空],non2(ɦnoŋ²⁴),non2,暂无
崇明,哝(噥),嘴巴~拱子(噘着嘴),non4(ɦnoŋ²⁴²),non4,暂无
崇明,哝(噥),~勒~(形容老人没有牙齿时磨咬食物的样子),non4(ɦnoŋ²⁴²),non4,暂无
崇明,弄(弄),玩~,non6(ɦnoŋ³¹³),non6,暂无
崇明,龙(龍),[空],lon2(ɦloŋ²⁴),lon2,暂无
崇明,笼(籠),[空],lon2(ɦloŋ²⁴),lon2,暂无
崇明,聋(聾),[空],lon2(ɦloŋ²⁴),lon2,暂无
崇明,垄(壟),[空],lon2(ɦloŋ²⁴),lon2,暂无
崇明,珑(瓏),[空],lon2(ɦloŋ²⁴),lon2,暂无
崇明,胧(朧),[空],lon2(ɦloŋ²⁴),lon2,暂无
崇明,咙(嚨),[空],lon2(ɦloŋ²⁴),lon2,暂无
崇明,砻(礱),[空],lon2(ɦloŋ²⁴),lon2,暂无
崇明,隆(隆),[空],lon2(ɦloŋ²⁴),lon2,暂无
崇明,陇(隴),[空],lon4(ɦloŋ²⁴²),lon4,暂无
崇明,拢(攏),[空],lon4(ɦloŋ²⁴²),lon4,暂无
崇明,垅(壟),[空],lon4(ɦloŋ²⁴²),lon4,暂无
崇明,弄(弄),~堂,lon6(ɦloŋ³¹³),lon6,暂无
崇明,宗(宗),[空],tson1(tsoŋ⁵⁵),tson1,暂无
崇明,琮(琮),[空],tson1(tsoŋ⁵⁵),tson1,暂无
崇明,综(綜),~合,tson1(tsoŋ⁵⁵),tson1,暂无
崇明,棕(棕),[空],tson1(tsoŋ⁵⁵),tson1,暂无
崇明,踪(蹤),[空],tson1(tsoŋ⁵⁵),tson1,暂无
崇明,粽(粽),~子,tson1(tsoŋ⁵⁵),tson1,暂无
崇明,鬃(鬃),[空],tson1(tsoŋ⁵⁵),tson1,暂无
崇明,纵(縱),放~,tson1(tsoŋ⁵⁵),tson1,暂无
崇明,螽(螽),[空],tson1(tsoŋ⁵⁵),tson1,暂无
崇明,衷(衷),[空],tson1(tsoŋ⁵⁵),tson1,暂无
崇明,盅(盅),[空],tson1(tsoŋ⁵⁵),tson1,暂无
崇明,中(中),~央,tson1(tsoŋ⁵⁵),tson1,暂无
崇明,钟(鐘),[空],tson1(tsoŋ⁵⁵),tson1,暂无
崇明,忠(忠),[空],tson1(tsoŋ⁵⁵),tson1,暂无
崇明,终(終),[空],tson1(tsoŋ⁵⁵),tson1,暂无
崇明,锺(鐘),[空],tson1(tsoŋ⁵⁵),tson1,暂无
崇明,众(眾),~生(畜生),tson1(tsoŋ⁵⁵),tson1,暂无
崇明,总(總),[空],tson3(tsoŋ⁴²⁴),tson3,暂无
崇明,纵(縱),合~连横,tson3(tsoŋ⁴²⁴),tson3,暂无
崇明,冢(塚),[空],tson3(tsoŋ⁴²⁴),tson3,暂无
崇明,冢(塚),[空],tson3(tsoŋ⁴²⁴),tson3,暂无
崇明,踵(踵),[空],tson3(tsoŋ⁴²⁴),tson3,暂无
崇明,种(種),~类,tson3(tsoŋ⁴²⁴),tson3,暂无
崇明,肿(腫),[空],tson3(tsoŋ⁴²⁴),tson3,暂无
崇明,综(綜),织布机上的装置,tson5(tsoŋ³³),tson5,暂无
崇明,种(種),~地,tson5(tsoŋ³³),tson5,暂无
崇明,众(眾),群~,tson5(tsoŋ³³),tson5,暂无
崇明,仲(仲),[空],tson5(tsoŋ³³),tson5,暂无
崇明,中(中),射~,tson5(tsoŋ³³),tson5,暂无
崇明,忡(忡),[空],tson5(tsoŋ³³),tson5,暂无
崇明,葱(蔥),[空],tshon1(tsʰoŋ⁵⁵),tshon1,暂无
崇明,聪(聰),[空],tshon1(tsʰoŋ⁵⁵),tshon1,暂无
崇明,匆(匆),[空],tshon1(tsʰoŋ⁵⁵),tshon1,暂无
崇明,骢(驄),[空],tshon1(tsʰoŋ⁵⁵),tshon1,暂无
崇明,囱(囪),[空],tshon1(tsʰoŋ⁵⁵),tshon1,暂无
崇明,冲(沖),[空],tshon1(tsʰoŋ⁵⁵),tshon1,暂无
崇明,充(充),[空],tshon1(tsʰoŋ⁵⁵),tshon1,暂无
崇明,铳(銃),[空],tshon1(tsʰoŋ⁵⁵),tshon1,暂无
崇明,宠(寵),[空],tshon3(tsʰoŋ⁴²⁴),tshon3,暂无
崇明,蹱(蹱),~勒~(形容脚步不稳的样子),tshon5(tsʰoŋ³³),tshon5,暂无
崇明,舂(舂),[空],tshon5(tsʰoŋ³³),tshon5,暂无
崇明,𥅻(𥅻),瞌~,tshon5(tsʰoŋ³³),tshon5,暂无
崇明,从(從),跟~,dzon2(dzoŋ²⁴),dzon2,暂无
崇明,重(重),~新,dzon2(dzoŋ²⁴),dzon2,暂无
崇明,丛(叢),[空],dzon2(dzoŋ²⁴),dzon2,暂无
崇明,虫(蟲),[空],dzon2(dzoŋ²⁴),dzon2,暂无
崇明,崇(崇),[空],dzon2(dzoŋ²⁴),dzon2,暂无
崇明,戎(戎),[空],dzon2(dzoŋ²⁴),dzon2,暂无
崇明,从(從),~来,dzon4(dzoŋ²⁴²),dzon4,暂无
崇明,重(重),轻~,dzon4(dzoŋ²⁴²),dzon4,暂无
崇明,仲(仲),[空],dzon6(dzoŋ³¹³),dzon6,暂无
崇明,颂(頌),[空],dzon6(dzoŋ³¹³),dzon6,暂无
崇明,诵(誦),[空],dzon6(dzoŋ³¹³),dzon6,暂无
崇明,松(松),[空],son1(soŋ⁵⁵),son1,暂无
崇明,嵩(嵩),[空],son1(soŋ⁵⁵),son1,暂无
崇明,讼(訟),[空],son1(soŋ⁵⁵),son1,暂无
崇明,淞(淞),[空],son1(soŋ⁵⁵),son1,暂无
崇明,崧(崧),[空],son1(soŋ⁵⁵),son1,暂无
崇明,菘(菘),[空],son1(soŋ⁵⁵),son1,暂无
崇明,怂(慫),[空],son1(soŋ⁵⁵),son1,暂无
崇明,松(松),[空],son1(soŋ⁵⁵),son1,暂无
崇明,耸(聳),[空],son3(soŋ⁴²⁴),son3,暂无
崇明,竦(竦),[空],son3(soŋ⁴²⁴),son3,暂无
崇明,宋(宋),[空],son5(soŋ³³),son5,暂无
崇明,送(送),[空],son5(soŋ³³),son5,暂无
崇明,㞞(㞞),[空],zon2(zoŋ²⁴),zon2,暂无
崇明,工(工),[空],kon1(koŋ⁵⁵),kon1,暂无
崇明,公(公),[空],kon1(koŋ⁵⁵),kon1,暂无
崇明,宫(宮),[空],kon1(koŋ⁵⁵),kon1,暂无
崇明,供(供),提~,kon1(koŋ⁵⁵),kon1,暂无
崇明,功(功),[空],kon1(koŋ⁵⁵),kon1,暂无
崇明,攻(攻),[空],kon1(koŋ⁵⁵),kon1,暂无
崇明,弓(弓),~箭,kon1(koŋ⁵⁵),kon1,暂无
崇明,恭(恭),[空],kon1(koŋ⁵⁵),kon1,暂无
崇明,躬(躬),[空],kon1(koŋ⁵⁵),kon1,暂无
崇明,拱(拱),[空],kon3(koŋ⁴²⁴),kon3,暂无
崇明,巩(鞏),[空],kon3(koŋ⁴²⁴),kon3,暂无
崇明,觥(觥),[空],kon3(koŋ⁴²⁴),kon3,暂无
崇明,供(供),上~,kon5(koŋ³³),kon5,暂无
崇明,贡(貢),[空],kon5(koŋ³³),kon5,暂无
崇明,汞(汞),[空],kon5(koŋ³³),kon5,暂无
崇明,肱(肱),[空],kon5(koŋ³³),kon5,暂无
崇明,空(空),天~,khon1(kʰoŋ⁵⁵),khon1,暂无
崇明,崆(崆),[空],khon1(kʰoŋ⁵⁵),khon1,暂无
崇明,孔(孔),[空],khon3(kʰoŋ⁴²⁴),khon3,暂无
崇明,控(控),[空],khon3(kʰoŋ⁴²⁴),khon3,暂无
崇明,恐(恐),[空],khon3(kʰoŋ⁴²⁴),khon3,暂无
崇明,箜(箜),[空],khon3(kʰoŋ⁴²⁴),khon3,暂无
崇明,空(空),~缺,khon5(kʰoŋ³³),khon5,暂无
崇明,共(共),[空],gon6(goŋ³¹³),gon6,暂无
崇明,轰(轟),~炸,hon1(hoŋ⁵⁵),hon1,暂无
崇明,哄(哄),[空],hon1(hoŋ⁵⁵),hon1,暂无
崇明,烘(烘),[空],hon1(hoŋ⁵⁵),hon1,暂无
崇明,訇(訇),[空],hon1(hoŋ⁵⁵),hon1,暂无
崇明,讧(訌),[空],hon1(hoŋ⁵⁵),hon1,暂无
崇明,閧(閧),[空],hon1(hoŋ⁵⁵),hon1,暂无
崇明,哄(哄),[空],hon1(hoŋ⁵⁵),hon1,暂无
崇明,嗅(嗅),《集韵》去声送韵香仲切“鼻审气也”,hon5(hoŋ³³),hon5,暂无
崇明,蕻(蕻),《集韵》去声送韵胡贡切(作蕻、𦶓)和呼贡切(作𦶓)两读，呼贡切下注：吴俗谓艸木萌曰𦶓。,hon5(hoŋ³³),hon5,暂无
崇明,虹(虹),[空],ghon2(hɦoŋ²⁴),ghon2,暂无
崇明,红(紅),[空],ghon2(hɦoŋ²⁴),ghon2,暂无
崇明,洪(洪),[空],ghon2(hɦoŋ²⁴),ghon2,暂无
崇明,宏(宏),[空],ghon2(hɦoŋ²⁴),ghon2,暂无
崇明,鸿(鴻),[空],ghon2(hɦoŋ²⁴),ghon2,暂无
崇明,弘(弘),[空],ghon2(hɦoŋ²⁴),ghon2,暂无
崇明,泓(泓),[空],ghon2(hɦoŋ²⁴),ghon2,暂无
崇明,薨(薨),[空],ghon2(hɦoŋ²⁴),ghon2,暂无
崇明,叿(叿),象声词：~响里(轰一声),ghon4(hɦoŋ²⁴²),ghon4,暂无
崇明,嗡(嗡),[空],on1(oŋ⁵⁵),on1,暂无
崇明,翁(翁),[空],on1(oŋ⁵⁵),on1,暂无
崇明,蓊(蓊),[空],on1(oŋ⁵⁵),on1,暂无
崇明,齆(齆),[空],on5(oŋ³³),on5,暂无
崇明,瓮(甕),[空],on5(oŋ³³),on5,暂无
崇明,瓮(甕),[空],on5(oŋ³³),on5,暂无
崇明,龚(龔),[空],cion1(tɕyoŋ⁵⁵),cion1,暂无
崇明,弓(弓),~弦,cion1(tɕyoŋ⁵⁵),cion1,暂无
崇明,炯(炯),[空],cion3(tɕyoŋ⁴²⁴),cion3,暂无
崇明,迥(迥),[空],cion3(tɕyoŋ⁴²⁴),cion3,暂无
崇明,供(供),~碗(上供用的碗),cion5(tɕyoŋ³³),cion5,暂无
崇明,穷(窮),[空],jion2(dʑyoŋ²⁴),jion2,暂无
崇明,琼(瓊),[空],jion2(dʑyoŋ²⁴),jion2,暂无
崇明,穹(穹),[空],jion2(dʑyoŋ²⁴),jion2,暂无
崇明,蛩(蛩),[空],jion2(dʑyoŋ²⁴),jion2,暂无
崇明,绒(絨),~郎(人名),gnion1(ʔȵyoŋ⁵⁵),gnion1,暂无
崇明,绒(絨),呢~,gnion2(ɦȵyoŋ²⁴),gnion2,暂无
崇明,浓(濃),[空],gnion2(ɦȵyoŋ²⁴),gnion2,暂无
崇明,涌(湧),~勒~(形容波浪那样的涌动),gnion4(ɦȵyoŋ²⁴²),gnion4,暂无
崇明,兄(兄),[空],shion1(ɕyoŋ⁵⁵),shion1,暂无
崇明,胸(胸),[空],shion1(ɕyoŋ⁵⁵),shion1,暂无
崇明,凶(凶),[空],shion1(ɕyoŋ⁵⁵),shion1,暂无
崇明,匈(匈),[空],shion1(ɕyoŋ⁵⁵),shion1,暂无
崇明,汹(洶),[空],shion1(ɕyoŋ⁵⁵),shion1,暂无
崇明,邕(邕),[空],ion1(yoŋ⁵⁵),ion1,暂无
崇明,臃(臃),松弛而起皱,ion1(yoŋ⁵⁵),ion1,暂无
崇明,涌(湧),[空],ion3(yoŋ⁴²⁴),ion3,暂无
崇明,涌(湧),[空],ion3(yoŋ⁴²⁴),ion3,暂无
崇明,永(永),[空],ion3(yoŋ⁴²⁴),ion3,暂无
崇明,壅(壅),[空],ion5(yoŋ³³),ion5,暂无
崇明,雍(雍),[空],ion5(yoŋ³³),ion5,暂无
崇明,咏(詠),[空],ion5(yoŋ³³),ion5,暂无
崇明,泳(泳),[空],ion5(yoŋ³³),ion5,暂无
崇明,勇(勇),[空],ion5(yoŋ³³),ion5,暂无
崇明,甬(甬),[空],ion5(yoŋ³³),ion5,暂无
崇明,蛹(蛹),[空],ion5(yoŋ³³),ion5,暂无
崇明,俑(俑),[空],ion5(yoŋ³³),ion5,暂无
崇明,踊(踴),[空],ion5(yoŋ³³),ion5,暂无
崇明,痈(癰),[空],ion5(yoŋ³³),ion5,暂无
崇明,拥(擁),[空],ion5(yoŋ³³),ion5,暂无
崇明,熊(熊),[空],yon2(ɦyoŋ²⁴),yon2,暂无
崇明,雄(雄),[空],yon2(ɦyoŋ²⁴),yon2,暂无
崇明,庸(庸),[空],yon2(ɦyoŋ²⁴),yon2,暂无
崇明,慵(慵),[空],yon2(ɦyoŋ²⁴),yon2,暂无
崇明,墉(墉),[空],yon2(ɦyoŋ²⁴),yon2,暂无
崇明,营(營),~生,yon2(ɦyoŋ²⁴),yon2,暂无
崇明,涌(湧),~勒~(形容波浪那样的涌动),yon4(ɦyoŋ²⁴²),yon4,暂无
崇明,用(用),[空],yon6(ɦyoŋ³¹³),yon6,暂无
崇明,佣(傭),[空],yon6(ɦyoŋ³¹³),yon6,暂无
崇明,姆(姆),~妈,m1(ʔm⁵⁵),m1,暂无
崇明,儿(兒),~郎(昵称小孩),n1(ʔn⁵⁵),n1,暂无
崇明,无(無),~人(未曾),n1(ʔn⁵⁵),n1,暂无
崇明,母(母),~娘,n1(ʔn⁵⁵),n1,暂无
崇明,儿(兒),~子,n2(ɦn²⁴),n2,暂无
崇明,无(無),~得(没有),n2(ɦn²⁴),n2,暂无
崇明,吴(吳),姓,n2(ɦn²⁴),n2,暂无
崇明,你(你),白读,n4(ɦn²⁴²),n4,暂无
崇明,五(五),[空],n4(ɦn²⁴²),n4,暂无
崇明,伍(伍),[空],n4(ɦn²⁴²),n4,暂无
崇明,母(母),丈~,n4(ɦn²⁴²),n4,暂无
崇明,母(母),~狗(是阳上调“母”的连读调),n6(ɦn³¹³),n6,暂无
崇明,我(我),文读,ng1(ʔŋ⁵⁵),ng1,暂无
崇明,悟(悟),~心(舒畅),ng1(ʔŋ⁵⁵),ng1,暂无
崇明,悟(悟),~爽(舒坦),ng5(ʔŋ³³),ng5,暂无
崇明,俄(俄),[空],ng2(ɦŋ²⁴),ng2,暂无
崇明,鹅(鵝),[空],ng2(ɦŋ²⁴),ng2,暂无
崇明,娥(娥),[空],ng2(ɦŋ²⁴),ng2,暂无
崇明,峨(峨),[空],ng2(ɦŋ²⁴),ng2,暂无
崇明,蛾(蛾),[空],ng2(ɦŋ²⁴),ng2,暂无
崇明,梧(梧),[空],ng2(ɦŋ²⁴),ng2,暂无
崇明,我(我),白读,ng4(ɦŋ²⁴²),ng4,暂无
崇明,吾(吾),[空],ng4(ɦŋ²⁴²),ng4,暂无
崇明,唔(唔),应答声,ng4(ɦŋ²⁴²),ng4,暂无
崇明,饿(餓),[空],ng6(ɦŋ³¹³),ng6,暂无
崇明,悟(悟),~性,ng6(ɦŋ³¹³),ng6,暂无
崇明,晤(晤),[空],ng6(ɦŋ³¹³),ng6,暂无
崇明,卧(臥),[空],ng6(ɦŋ³¹³),ng6,暂无
崇明,八(八),[空],paeq7(pæʔ⁵),paeq7,暂无
崇明,捌(捌),[空],paeq7(pæʔ⁵),paeq7,暂无
崇明,拔(拔),[空],baeq8(bæʔ²),baeq8,暂无
崇明,跋(跋),[空],baeq8(bæʔ²),baeq8,暂无
崇明,魃(魃),[空],baeq8(bæʔ²),baeq8,暂无
崇明,钹(鈸),[空],baeq8(bæʔ²),baeq8,暂无
崇明,袜(襪),儿语：~~(小袜),maeq7(ʔmæʔ⁵),maeq7,暂无
崇明,袜(襪),[空],maeq8(ɦmæʔ²),maeq8,暂无
崇明,发(發),[空],faeq7(fæʔ⁵),faeq7,暂无
崇明,法(法),[空],faeq7(fæʔ⁵),faeq7,暂无
崇明,珐(琺),[空],faeq7(fæʔ⁵),faeq7,暂无
崇明,髪(髪),[空],faeq7(fæʔ⁵),faeq7,暂无
崇明,伐(伐),[空],vaeq8(væʔ²),vaeq8,暂无
崇明,罚(罰),[空],vaeq8(væʔ²),vaeq8,暂无
崇明,阀(閥),[空],vaeq8(væʔ²),vaeq8,暂无
崇明,乏(乏),[空],vaeq8(væʔ²),vaeq8,暂无
崇明,筏(筏),[空],vaeq8(væʔ²),vaeq8,暂无
崇明,垡(垡),[空],vaeq8(væʔ²),vaeq8,暂无
崇明,答(答),白读,taeq7(tæʔ⁵),taeq7,暂无
崇明,搭(搭),[空],taeq7(tæʔ⁵),taeq7,暂无
崇明,嗒(嗒),[空],taeq7(tæʔ⁵),taeq7,暂无
崇明,沓(遝),[空],taeq7(tæʔ⁵),taeq7,暂无
崇明,褡(褡),[空],taeq7(tæʔ⁵),taeq7,暂无
崇明,塔(塔),[空],thaeq7(tʰæʔ⁵),thaeq7,暂无
崇明,趿(趿),[空],thaeq7(tʰæʔ⁵),thaeq7,暂无
崇明,蹋(蹋),[空],thaeq7(tʰæʔ⁵),thaeq7,暂无
崇明,塌(塌),[空],thaeq7(tʰæʔ⁵),thaeq7,暂无
崇明,榻(榻),[空],thaeq7(tʰæʔ⁵),thaeq7,暂无
崇明,獭(獺),[空],thaeq7(tʰæʔ⁵),thaeq7,暂无
崇明,达(達),[空],daeq8(dæʔ²),daeq8,暂无
崇明,哒(噠),[空],daeq8(dæʔ²),daeq8,暂无
崇明,踏(踏),[空],daeq8(dæʔ²),daeq8,暂无
崇明,挞(撻),[空],daeq8(dæʔ²),daeq8,暂无
崇明,闼(闥),窗~,daeq8(dæʔ²),daeq8,暂无
崇明,鞑(韃),[空],daeq8(dæʔ²),daeq8,暂无
崇明,搨(搨),~粉(搽脂粉)《集韵》入声合韵讬合切“冒也，一曰摹也”,daeq8(dæʔ²),daeq8,暂无
崇明,纳(納),[空],naeq7(ʔnæʔ⁵),naeq7,暂无
崇明,拉(拉),~~匝匝(锅内放的水分合适)。拉，《广韵》入声合韵卢合切,laeq7(ʔlæʔ⁵),laeq7,暂无
崇明,拉(拉),~来~去(抢来抢去),laeq8(ɦlæʔ²),laeq8,暂无
崇明,癞(癩),~痢头,laeq8(ɦlæʔ²),laeq8,暂无
崇明,瘌(瘌),[空],laeq8(ɦlæʔ²),laeq8,暂无
崇明,辣(辣),[空],laeq8(ɦlæʔ²),laeq8,暂无
崇明,蜡(蠟),[空],laeq8(ɦlæʔ²),laeq8,暂无
崇明,腊(臘),[空],laeq8(ɦlæʔ²),laeq8,暂无
崇明,剌(剌),[空],laeq8(ɦlæʔ²),laeq8,暂无
崇明,邋(邋),[空],laeq8(ɦlæʔ²),laeq8,暂无
崇明,扎(紮),[空],tsaeq7(tsæʔ⁵),tsaeq7,暂无
崇明,砸(砸),[空],tsaeq7(tsæʔ⁵),tsaeq7,暂无
崇明,匝(匝),[空],tsaeq7(tsæʔ⁵),tsaeq7,暂无
崇明,咂(咂),[空],tsaeq7(tsæʔ⁵),tsaeq7,暂无
崇明,扎(紮),[空],tsaeq7(tsæʔ⁵),tsaeq7,暂无
崇明,币(幣),[空],tsaeq7(tsæʔ⁵),tsaeq7,暂无
崇明,札(劄),[空],tsaeq7(tsæʔ⁵),tsaeq7,暂无
崇明,擦(擦),[空],tshaeq7(tsʰæʔ⁵),tshaeq7,暂无
崇明,嚓(嚓),[空],tshaeq7(tsʰæʔ⁵),tshaeq7,暂无
崇明,插(插),[空],tshaeq7(tsʰæʔ⁵),tshaeq7,暂无
崇明,察(察),[空],tshaeq7(tsʰæʔ⁵),tshaeq7,暂无
崇明,锸(鍤),[空],tshaeq7(tsʰæʔ⁵),tshaeq7,暂无
崇明,杂(雜),~货店,dzaeq8(dzæʔ²),dzaeq8,暂无
崇明,刹(剎),[空],saeq7(sæʔ⁵),saeq7,暂无
崇明,眨(眨),白读,saeq7(sæʔ⁵),saeq7,暂无
崇明,萨(薩),[空],saeq7(sæʔ⁵),saeq7,暂无
崇明,杀(殺),[空],saeq7(sæʔ⁵),saeq7,暂无
崇明,杀(殺),[空],saeq7(sæʔ⁵),saeq7,暂无
崇明,刹(剎),[空],saeq7(sæʔ⁵),saeq7,暂无
崇明,煞(煞),[空],saeq7(sæʔ⁵),saeq7,暂无
崇明,歃(歃),[空],saeq7(sæʔ⁵),saeq7,暂无
崇明,栅(柵),[空],zaeq8(zæʔ²),zaeq8,暂无
崇明,闸(閘),[空],zaeq8(zæʔ²),zaeq8,暂无
崇明,铡(鍘),[空],zaeq8(zæʔ²),zaeq8,暂无
崇明,炸(煠),油~管(油条),zaeq8(zæʔ²),zaeq8,暂无
崇明,夹(夾),[空],kaeq7(kæʔ⁵),kaeq7,暂无
崇明,荚(莢),[空],kaeq7(kæʔ⁵),kaeq7,暂无
崇明,颊(頰),[空],kaeq7(kæʔ⁵),kaeq7,暂无
崇明,浃(浹),[空],kaeq7(kæʔ⁵),kaeq7,暂无
崇明,夹(夾),[空],kaeq7(kæʔ⁵),kaeq7,暂无
崇明,甲(甲),[空],kaeq7(kæʔ⁵),kaeq7,暂无
崇明,钾(鉀),[空],kaeq7(kæʔ⁵),kaeq7,暂无
崇明,岬(岬),[空],kaeq7(kæʔ⁵),kaeq7,暂无
崇明,胛(胛),[空],kaeq7(kæʔ⁵),kaeq7,暂无
崇明,刮(刮),~镬锈(刮锅底的烟灰),kaeq7(kæʔ⁵),kaeq7,暂无
崇明,疙(疙),~瘩,kaeq7(kæʔ⁵),kaeq7,暂无
崇明,掐(掐),[空],khaeq7(kʰæʔ⁵),khaeq7,暂无
崇明,恰(恰),[空],khaeq7(kʰæʔ⁵),khaeq7,暂无
崇明,洽(洽),[空],khaeq7(kʰæʔ⁵),khaeq7,暂无
崇明,轧(軋),[空],gaeq8(gæʔ²),gaeq8,暂无
崇明,戛(戛),[空],gaeq8(gæʔ²),gaeq8,暂无
崇明,齾(齾),器物有缺口：~口(缺口)。《说文解字》二下齿部“齾，缺齿也。从齿献声。《广韵》入声鎋韵五鎋切“器缺也”,ngaeq8(ɦŋæʔ²),ngaeq8,暂无
崇明,瞎(瞎),[空],haeq7(hæʔ⁵),haeq7,暂无
崇明,呷(呷),[空],haeq7(hæʔ⁵),haeq7,暂无
崇明,辖(轄),[空],ghaeq8(hɦæʔ²),ghaeq8,暂无
崇明,狭(狹),[空],ghaeq8(hɦæʔ²),ghaeq8,暂无
崇明,匣(匣),[空],ghaeq8(hɦæʔ²),ghaeq8,暂无
崇明,狎(狎),[空],ghaeq8(hɦæʔ²),ghaeq8,暂无
崇明,盒(盒),[空],ghaeq8(hɦæʔ²),ghaeq8,暂无
崇明,鸭(鴨),[空],aeq7(æʔ⁵),aeq7,暂无
崇明,阿(阿),~入(可曾),aeq7(æʔ⁵),aeq7,暂无
崇明,括(括),包~,kuaeq7(kuæʔ⁵),kuaeq7,暂无
崇明,刮(刮),~皮,kuaeq7(kuæʔ⁵),kuaeq7,暂无
崇明,括(括),用大的木框闩门,guaeq8(guæʔ²),guaeq8,暂无
崇明,豁(豁),~口,huaeq7(huæʔ⁵),huaeq7,暂无
崇明,豁(豁),丢失东西,huaeq7(huæʔ⁵),huaeq7,暂无
崇明,挖(挖),[空],uaeq7(uæʔ⁵),uaeq7,暂无
崇明,斡(斡),[空],uaeq7(uæʔ⁵),uaeq7,暂无
崇明,滑(滑),光~,waeq8(ɦuæʔ²),waeq8,暂无
崇明,滑(滑),~水(倒水),waeq8(ɦuæʔ²),waeq8,暂无
崇明,猾(猾),[空],waeq8(ɦuæʔ²),waeq8,暂无
崇明,擎(擎),[空],paq7(pɑʔ⁵),paq7,暂无
崇明,百(百),[空],paq7(pɑʔ⁵),paq7,暂无
崇明,柏(柏),[空],paq7(pɑʔ⁵),paq7,暂无
崇明,佰(佰),[空],paq7(pɑʔ⁵),paq7,暂无
崇明,伯(伯),[空],paq7(pɑʔ⁵),paq7,暂无
崇明,拍(拍),[空],phaq7(pʰɑʔ⁵),phaq7,暂无
崇明,魄(魄),[空],phaq7(pʰɑʔ⁵),phaq7,暂无
崇明,白(白),[空],baq8(bɑʔ²),baq8,暂无
崇明,摸(摸),大约~只(大约),maq7(ʔmɑʔ⁵),maq7,暂无
崇明,麦(麥),[空],maq8(ɦmɑʔ²),maq8,暂无
崇明,脉(脈),[空],maq8(ɦmɑʔ²),maq8,暂无
崇明,陌(陌),[空],maq8(ɦmɑʔ²),maq8,暂无
崇明,嗒(嗒),象声词：~~~(形容敲打的声音),maq7(ʔmɑʔ⁵),maq7,暂无
崇明,拉(拉),~来~去(抢来抢去)《广韵》入声合韵卢合切“折也，败也，摧也”,laq8(ɦlɑʔ²),laq8,暂无
崇明,着(著),吃~哈(吃到什么),laq8(ɦlɑʔ²),laq8,暂无
崇明,只(隻),[空],tsaq7(tsɑʔ⁵),tsaq7,暂无
崇明,摘(摘),~一条黄瓜,tsaq7(tsɑʔ⁵),tsaq7,暂无
崇明,谪(謫),[空],tsaq7(tsɑʔ⁵),tsaq7,暂无
崇明,灼(灼),[空],tsaq7(tsɑʔ⁵),tsaq7,暂无
崇明,酌(酌),[空],tsaq7(tsɑʔ⁵),tsaq7,暂无
崇明,跖(蹠),[空],tsaq7(tsɑʔ⁵),tsaq7,暂无
崇明,炙(炙),[空],tsaq7(tsɑʔ⁵),tsaq7,暂无
崇明,仄(仄),[空],tsaq7(tsɑʔ⁵),tsaq7,暂无
崇明,绰(綽),影影~~,tsaq7(tsɑʔ⁵),tsaq7,暂无
崇明,着(著),~衣裳(穿衣裳),tsaq7(tsɑʔ⁵),tsaq7,暂无
崇明,拆(拆),[空],tshaq7(tsʰɑʔ⁵),tshaq7,暂无
崇明,册(冊),[空],tshaq7(tsʰɑʔ⁵),tshaq7,暂无
崇明,策(策),[空],tshaq7(tsʰɑʔ⁵),tshaq7,暂无
崇明,尺(尺),[空],tshaq7(tsʰɑʔ⁵),tshaq7,暂无
崇明,赤(赤),~豆,tshaq7(tsʰɑʔ⁵),tshaq7,暂无
崇明,绰(綽),~号,tshaq7(tsʰɑʔ⁵),tshaq7,暂无
崇明,敕(敕),[空],tshaq7(tsʰɑʔ⁵),tshaq7,暂无
崇明,㿭(㿭),《广韵》入声陌韵丑格切“皴㿭”,tshaq7(tsʰɑʔ⁵),tshaq7,暂无
崇明,着(著),~地坐,dzaq8(dzɑʔ²),dzaq8,暂无
崇明,宅(宅),[空],dzaq8(dzɑʔ²),dzaq8,暂无
崇明,跖(蹠),[空],dzaq8(dzɑʔ²),dzaq8,暂无
崇明,掷(擲),[空],dzaq8(dzɑʔ²),dzaq8,暂无
崇明,湿(濕),[空],saq7(sɑʔ⁵),saq7,暂无
崇明,塞(塞),~足,saq7(sɑʔ⁵),saq7,暂无
崇明,栅(柵),小~子,saq7(sɑʔ⁵),saq7,暂无
崇明,栅(柵),~芦头(削芦苇叶),saq7(sɑʔ⁵),saq7,暂无
崇明,刷(刷),~板(形容事情做得好),saq7(sɑʔ⁵),saq7,暂无
崇明,唰(唰),~啦~啦(象声词),saq7(sɑʔ⁵),saq7,暂无
崇明,石(石),[空],zaq8(zɑʔ²),zaq8,暂无
崇明,弱(弱),[空],zaq8(zɑʔ²),zaq8,暂无
崇明,若(若),[空],zaq8(zɑʔ²),zaq8,暂无
崇明,箬(箬),[空],zaq8(zɑʔ²),zaq8,暂无
崇明,射(射),~箭,zaq8(zɑʔ²),zaq8,暂无
崇明,芍(芍),~药,zaq8(zɑʔ²),zaq8,暂无
崇明,着(著),吃~(吃到),zaq8(zɑʔ²),zaq8,暂无
崇明,格(格),[空],kaq7(kɑʔ⁵),kaq7,暂无
崇明,隔(隔),[空],kaq7(kɑʔ⁵),kaq7,暂无
崇明,嗝(嗝),[空],kaq7(kɑʔ⁵),kaq7,暂无
崇明,膈(膈),[空],kaq7(kɑʔ⁵),kaq7,暂无
崇明,镉(鎘),[空],kaq7(kɑʔ⁵),kaq7,暂无
崇明,骼(骼),[空],kaq7(kɑʔ⁵),kaq7,暂无
崇明,客(客),[空],khaq7(kʰɑʔ⁵),khaq7,暂无
崇明,额(額),[空],ngaq8(ɦŋɑʔ²),ngaq8,暂无
崇明,吓(嚇),[空],haq7(hɑʔ⁵),haq7,暂无
崇明,吓(嚇),[空],haq7(hɑʔ⁵),haq7,暂无
崇明,押(押),[空],aq7(ɑʔ⁵),aq7,暂无
崇明,压(壓),[空],aq7(ɑʔ⁵),aq7,暂无
崇明,略(略),[空],liaq8(ɦliɑʔ²),liaq8,暂无
崇明,掠(掠),[空],liaq8(ɦliɑʔ²),liaq8,暂无
崇明,雀(雀),~子癍。《广韵》入声药韵即略切“鸟雀”,ciaq7(tɕiɑʔ⁵),ciaq7,暂无
崇明,脚(腳),[空],ciaq7(tɕiɑʔ⁵),ciaq7,暂无
崇明,爵(爵),文读,ciaq7(tɕiɑʔ⁵),ciaq7,暂无
崇明,雀(雀),麻~,chiaq7(tɕʰiɑʔ⁵),chiaq7,暂无
崇明,鹊(鵲),[空],chiaq7(tɕʰiɑʔ⁵),chiaq7,暂无
崇明,皵(皵),《广韵》入声药韵七雀切“皮皴”,chiaq7(tɕʰiɑʔ⁵),chiaq7,暂无
崇明,虐(虐),[空],gniaq8(ɦȵiɑʔ²),gniaq8,暂无
崇明,疟(瘧),[空],gniaq8(ɦȵiɑʔ²),gniaq8,暂无
崇明,疟(瘧),[空],gniaq8(ɦȵiɑʔ²),gniaq8,暂无
崇明,捏(捏),[空],gniaq8(ɦȵiɑʔ²),gniaq8,暂无
崇明,涅(涅),[空],gniaq8(ɦȵiɑʔ²),gniaq8,暂无
崇明,陧(隉),[空],gniaq8(ɦȵiɑʔ²),gniaq8,暂无
崇明,慑(懾),惧~(敬畏),gniaq8(ɦȵiɑʔ²),gniaq8,暂无
崇明,削(削),[空],shiaq7(ɕiɑʔ⁵),shiaq7,暂无
崇明,嚼(嚼),[空],zhiaq8(ʑiɑʔ²),zhiaq8,暂无
崇明,跃(躍),文读,iaq7(iɑʔ⁵),iaq7,暂无
崇明,约(約),文读,iaq7(iɑʔ⁵),iaq7,暂无
崇明,钥(鑰),[空],yaq8(ɦiɑʔ²),yaq8,暂无
崇明,药(藥),[空],yaq8(ɦiɑʔ²),yaq8,暂无
崇明,药(藥),[空],yaq8(ɦiɑʔ²),yaq8,暂无
崇明,曰(曰),白读,yaq8(ɦiɑʔ²),yaq8,暂无
崇明,刮(刮),~~叫(好极了),kuaq7(kuɑʔ⁵),kuaq7,暂无
崇明,䂸(䂸),裂。《广韵》入声麦韵古获切“䂸破”,kuaq7(kuɑʔ⁵),kuaq7,暂无
崇明,掝(掝),绽裂。《广韵》入声麦韵呼麦切“裂也”,huaq7(huɑʔ⁵),huaq7,暂无
崇明,划(劃),和今简体字“划”不同音,waq8(ɦuɑʔ²),waq8,暂无
崇明,拨(撥),[空],peq7(pəʔ⁵),peq7,暂无
崇明,钵(缽),[空],peq7(pəʔ⁵),peq7,暂无
崇明,廹(廹),《广韵》入声陌韵博陌切“逼也近也急也附也”,peq7(pəʔ⁵),peq7,暂无
崇明,不(不),文读,peq7(pəʔ⁵),peq7,暂无
崇明,泼(潑),[空],pheq7(pʰəʔ⁵),pheq7,暂无
崇明,孛(孛),[空],beq8(bəʔ²),beq8,暂无
崇明,帛(帛),[空],beq8(bəʔ²),beq8,暂无
崇明,脖(脖),[空],beq8(bəʔ²),beq8,暂无
崇明,勃(勃),[空],beq8(bəʔ²),beq8,暂无
崇明,渤(渤),[空],beq8(bəʔ²),beq8,暂无
崇明,饽(餑),[空],beq8(bəʔ²),beq8,暂无
崇明,薄(薄),~刀(菜刀),beq8(bəʔ²),beq8,暂无
崇明,别(別),~人(未曾),beq8(bəʔ²),beq8,暂无
崇明,鼻(鼻),~涕,beq8(bəʔ²),beq8,暂无
崇明,默(默),~~得得(不声不响),meq7(ʔməʔ⁵),meq7,暂无
崇明,默(默),~书(默写课文),meq8(ɦməʔ²),meq8,暂无
崇明,没(沒),[空],meq8(ɦməʔ²),meq8,暂无
崇明,末(末),[空],meq8(ɦməʔ²),meq8,暂无
崇明,抹(抹),[空],meq8(ɦməʔ²),meq8,暂无
崇明,沫(沫),[空],meq8(ɦməʔ²),meq8,暂无
崇明,茉(茉),[空],meq8(ɦməʔ²),meq8,暂无
崇明,墨(墨),[空],meq8(ɦməʔ²),meq8,暂无
崇明,物(物),白读,meq8(ɦməʔ²),meq8,暂无
崇明,弗(弗),[空],feq7(fəʔ⁵),feq7,暂无
崇明,勿(勿),文读,feq7(fəʔ⁵),feq7,暂无
崇明,拂(拂),[空],feq7(fəʔ⁵),feq7,暂无
崇明,氟(氟),[空],feq7(fəʔ⁵),feq7,暂无
崇明,彿(彿),彷~,feq7(fəʔ⁵),feq7,暂无
崇明,笏(笏),[空],feq7(fəʔ⁵),feq7,暂无
崇明,佛(佛),[空],veq8(vəʔ²),veq8,暂无
崇明,物(物),文读,veq8(vəʔ²),veq8,暂无
崇明,得(得),~到,teq7(təʔ⁵),teq7,暂无
崇明,得(得),粘贴,teq7(təʔ⁵),teq7,暂无
崇明,德(德),[空],teq7(təʔ⁵),teq7,暂无
崇明,答(答),文读,teq7(təʔ⁵),teq7,暂无
崇明,掇(掇),白读,teq7(təʔ⁵),teq7,暂无
崇明,脱(脫),白读,theq7(tʰəʔ⁵),theq7,暂无
崇明,忒(忒),[空],theq7(tʰəʔ⁵),theq7,暂无
崇明,叠(疊),放置,deq8(dəʔ²),deq8,暂无
崇明,特(特),[空],deq8(dəʔ²),deq8,暂无
崇明,突(突),[空],deq8(dəʔ²),deq8,暂无
崇明,凸(凸),[空],deq8(dəʔ²),deq8,暂无
崇明,夺(奪),白读,deq8(dəʔ²),deq8,暂无
崇明,讷(訥),个~(形容说话不利落),neq7(ʔnəʔ⁵),neq7,暂无
崇明,纳(納),一~(心中突然有所疑虑),neq7(ʔnəʔ⁵),neq7,暂无
崇明,纳(納),文读,neq8(ɦnəʔ²),neq8,暂无
崇明,呐(吶),[空],neq8(ɦnəʔ²),neq8,暂无
崇明,讷(訥),[空],neq8(ɦnəʔ²),neq8,暂无
崇明,嘞(嘞),嘿~嘿~(形容笑声),leq7(ʔləʔ⁵),leq7,暂无
崇明,勒(勒),[空],leq8(ɦləʔ²),leq8,暂无
崇明,鳓(鰳),[空],leq8(ɦləʔ²),leq8,暂无
崇明,仂(仂),[空],leq8(ɦləʔ²),leq8,暂无
崇明,肋(肋),[空],leq8(ɦləʔ²),leq8,暂无
崇明,捋(捋),白读,leq8(ɦləʔ²),leq8,暂无
崇明,则(則),[空],tseq7(tsəʔ⁵),tseq7,暂无
崇明,侧(側),~转(向侧面转身),tseq7(tsəʔ⁵),tseq7,暂无
崇明,责(責),[空],tseq7(tsəʔ⁵),tseq7,暂无
崇明,啧(嘖),[空],tseq7(tsəʔ⁵),tseq7,暂无
崇明,帻(幘),[空],tseq7(tsəʔ⁵),tseq7,暂无
崇明,只(只),~有,tseq7(tsəʔ⁵),tseq7,暂无
崇明,质(質),[空],tseq7(tsəʔ⁵),tseq7,暂无
崇明,职(職),[空],tseq7(tsəʔ⁵),tseq7,暂无
崇明,执(執),[空],tseq7(tsəʔ⁵),tseq7,暂无
崇明,汁(汁),[空],tseq7(tsəʔ⁵),tseq7,暂无
崇明,织(織),[空],tseq7(tsəʔ⁵),tseq7,暂无
崇明,这(這),文读,tseq7(tsəʔ⁵),tseq7,暂无
崇明,者(者),[空],tseq7(tsəʔ⁵),tseq7,暂无
崇明,折(折),~断,tseq7(tsəʔ⁵),tseq7,暂无
崇明,浙(浙),白读,tseq7(tsəʔ⁵),tseq7,暂无
崇明,哲(哲),白读,tseq7(tsəʔ⁵),tseq7,暂无
崇明,喆(喆),[空],tseq7(tsəʔ⁵),tseq7,暂无
崇明,辄(輒),[空],tseq7(tsəʔ⁵),tseq7,暂无
崇明,褶(褶),[空],tseq7(tsəʔ⁵),tseq7,暂无
崇明,折(折),[空],tseq7(tsəʔ⁵),tseq7,暂无
崇明,蛰(蟄),[空],tseq7(tsəʔ⁵),tseq7,暂无
崇明,赭(赭),[空],tseq7(tsəʔ⁵),tseq7,暂无
崇明,詟(讋),[空],tseq7(tsəʔ⁵),tseq7,暂无
崇明,绌(絀),白读,tseq7(tsəʔ⁵),tseq7,暂无
崇明,拙(拙),白读,tseq7(tsəʔ⁵),tseq7,暂无
崇明,茁(茁),白读,tseq7(tsəʔ⁵),tseq7,暂无
崇明,卒(卒),[空],tseq7(tsəʔ⁵),tseq7,暂无
崇明,撮(撮),[空],tseq7(tsəʔ⁵),tseq7,暂无
崇明,挚(摯),[空],tseq7(tsəʔ⁵),tseq7,暂无
崇明,帙(帙),[空],tseq7(tsəʔ⁵),tseq7,暂无
崇明,窒(窒),[空],tseq7(tsəʔ⁵),tseq7,暂无
崇明,鸷(鷙),[空],tseq7(tsəʔ⁵),tseq7,暂无
崇明,贽(贄),[空],tseq7(tsəʔ⁵),tseq7,暂无
崇明,蛭(蛭),[空],tseq7(tsəʔ⁵),tseq7,暂无
崇明,侧(側),~身,tsheq7(tsʰəʔ⁵),tsheq7,暂无
崇明,澈(澈),白读,tsheq7(tsʰəʔ⁵),tsheq7,暂无
崇明,彻(徹),白读,tsheq7(tsʰəʔ⁵),tsheq7,暂无
崇明,撤(撤),白读,tsheq7(tsʰəʔ⁵),tsheq7,暂无
崇明,辙(轍),白读,tsheq7(tsʰəʔ⁵),tsheq7,暂无
崇明,出(出),[空],tsheq7(tsʰəʔ⁵),tsheq7,暂无
崇明,测(測),[空],tsheq7(tsʰəʔ⁵),tsheq7,暂无
崇明,恻(惻),[空],tsheq7(tsʰəʔ⁵),tsheq7,暂无
崇明,赤(赤),文读,tsheq7(tsʰəʔ⁵),tsheq7,暂无
崇明,赤(赤),手工给纱布染色：~点红纱,tsheq7(tsʰəʔ⁵),tsheq7,暂无
崇明,斥(斥),[空],tsheq7(tsʰəʔ⁵),tsheq7,暂无
崇明,叱(叱),[空],tsheq7(tsʰəʔ⁵),tsheq7,暂无
崇明,啜(啜),[空],tsheq7(tsʰəʔ⁵),tsheq7,暂无
崇明,辍(輟),[空],tsheq7(tsʰəʔ⁵),tsheq7,暂无
崇明,饬(飭),[空],tsheq7(tsʰəʔ⁵),tsheq7,暂无
崇明,择(擇),[空],dzeq8(dzəʔ²),dzeq8,暂无
崇明,泽(澤),[空],dzeq8(dzəʔ²),dzeq8,暂无
崇明,直(直),[空],dzeq8(dzəʔ²),dzeq8,暂无
崇明,值(值),[空],dzeq8(dzəʔ²),dzeq8,暂无
崇明,植(植),[空],dzeq8(dzəʔ²),dzeq8,暂无
崇明,殖(殖),[空],dzeq8(dzəʔ²),dzeq8,暂无
崇明,侄(侄),[空],dzeq8(dzəʔ²),dzeq8,暂无
崇明,侄(侄),[空],dzeq8(dzəʔ²),dzeq8,暂无
崇明,秩(秩),[空],dzeq8(dzəʔ²),dzeq8,暂无
崇明,杂(雜),文读,dzeq8(dzəʔ²),dzeq8,暂无
崇明,塞(塞),堵~,seq7(səʔ⁵),seq7,暂无
崇明,十(十),三~，四~,seq7(səʔ⁵),seq7,暂无
崇明,折(折),弄~,seq7(səʔ⁵),seq7,暂无
崇明,饰(飾),[空],seq7(səʔ⁵),seq7,暂无
崇明,说(說),文读,seq7(səʔ⁵),seq7,暂无
崇明,湿(濕),[空],seq7(səʔ⁵),seq7,暂无
崇明,率(率),~领,seq7(səʔ⁵),seq7,暂无
崇明,蟀(蟀),[空],seq7(səʔ⁵),seq7,暂无
崇明,刷(刷),白读,seq7(səʔ⁵),seq7,暂无
崇明,设(設),白读,seq7(səʔ⁵),seq7,暂无
崇明,摄(攝),[空],seq7(səʔ⁵),seq7,暂无
崇明,慑(懾),文读,seq7(səʔ⁵),seq7,暂无
崇明,识(識),[空],seq7(səʔ⁵),seq7,暂无
崇明,适(適),[空],seq7(səʔ⁵),seq7,暂无
崇明,式(式),[空],seq7(səʔ⁵),seq7,暂无
崇明,虱(虱),[空],seq7(səʔ⁵),seq7,暂无
崇明,瑟(瑟),[空],seq7(səʔ⁵),seq7,暂无
崇明,涩(澀),[空],seq7(səʔ⁵),seq7,暂无
崇明,啬(嗇),[空],seq7(səʔ⁵),seq7,暂无
崇明,穑(穡),[空],seq7(səʔ⁵),seq7,暂无
崇明,失(失),[空],seq7(səʔ⁵),seq7,暂无
崇明,拭(拭),[空],seq7(səʔ⁵),seq7,暂无
崇明,室(室),[空],seq7(səʔ⁵),seq7,暂无
崇明,释(釋),[空],seq7(səʔ⁵),seq7,暂无
崇明,十(十),~一，~二,zeq8(zəʔ²),zeq8,暂无
崇明,拾(拾),文读,zeq8(zəʔ²),zeq8,暂无
崇明,蚀(蝕),[空],zeq8(zəʔ²),zeq8,暂无
崇明,实(實),[空],zeq8(zəʔ²),zeq8,暂无
崇明,食(食),[空],zeq8(zəʔ²),zeq8,暂无
崇明,舌(舌),[空],zeq8(zəʔ²),zeq8,暂无
崇明,涉(涉),[空],zeq8(zəʔ²),zeq8,暂无
崇明,陟(陟),[空],zeq8(zəʔ²),zeq8,暂无
崇明,踅(踅),《集韵》入声薛韵似绝切“旋倒也”,zeq8(zəʔ²),zeq8,暂无
崇明,折(折),~脚(瘸腿)。《广韵》入声薛韵常列切“断而又连也”,zeq8(zəʔ²),zeq8,暂无
崇明,入(入),[空],zeq8(zəʔ²),zeq8,暂无
崇明,日(日),文读,zeq8(zəʔ²),zeq8,暂无
崇明,贼(賊),[空],zeq8(zəʔ²),zeq8,暂无
崇明,硕(碩),[空],zeq8(zəʔ²),zeq8,暂无
崇明,术(術),[空],zeq8(zəʔ²),zeq8,暂无
崇明,述(述),[空],zeq8(zəʔ²),zeq8,暂无
崇明,昨(昨),~日头(昨天),zeq8(zəʔ²),zeq8,暂无
崇明,个(個),这，那,keq7(kəʔ⁵),keq7,暂无
崇明,蛤(蛤),[空],keq7(kəʔ⁵),keq7,暂无
崇明,合(合),一升十合；~会,keq7(kəʔ⁵),keq7,暂无
崇明,鸽(鴿),[空],keq7(kəʔ⁵),keq7,暂无
崇明,革(革),[空],keq7(kəʔ⁵),keq7,暂无
崇明,搿(搿),[空],keq7(kəʔ⁵),keq7,暂无
崇明,葛(葛),白读,keq7(kəʔ⁵),keq7,暂无
崇明,割(割),白读,keq7(kəʔ⁵),keq7,暂无
崇明,胳(胳),[空],keq7(kəʔ⁵),keq7,暂无
崇明,疙(疙),~瘩,keq7(kəʔ⁵),keq7,暂无
崇明,磕(磕),[空],kheq7(kʰəʔ⁵),kheq7,暂无
崇明,匼(匼),[空],kheq7(kʰəʔ⁵),kheq7,暂无
崇明,克(克),[空],kheq7(kʰəʔ⁵),kheq7,暂无
崇明,刻(刻),[空],kheq7(kʰəʔ⁵),kheq7,暂无
崇明,咳(咳),[空],kheq7(kʰəʔ⁵),kheq7,暂无
崇明,渴(渴),白读,kheq7(kʰəʔ⁵),kheq7,暂无
崇明,恪(恪),[空],kheq7(kʰəʔ⁵),kheq7,暂无
崇明,嗑(嗑),[空],kheq7(kʰəʔ⁵),kheq7,暂无
崇明,瞌(瞌),[空],kheq7(kʰəʔ⁵),kheq7,暂无
崇明,克(克),[空],kheq7(kʰəʔ⁵),kheq7,暂无
崇明,克(克),[空],kheq7(kʰəʔ⁵),kheq7,暂无
崇明,恪(恪),~实实(诚恳老实),kheq7(kʰəʔ⁵),kheq7,暂无
崇明,个(個),一~两~,geq8(gəʔ²),geq8,暂无
崇明,搿(搿),[空],geq8(gəʔ²),geq8,暂无
崇明,兀(兀),[空],ngeq8(ɦŋəʔ²),ngeq8,暂无
崇明,杌(杌),[空],ngeq8(ɦŋəʔ²),ngeq8,暂无
崇明,扤(扤),摇动。《广韵》入声没韵五忽切“摇动”,ngeq8(ɦŋəʔ²),ngeq8,暂无
崇明,喝(喝),白读,heq7(həʔ⁵),heq7,暂无
崇明,赫(赫),[空],heq7(həʔ⁵),heq7,暂无
崇明,黑(黑),[空],heq7(həʔ⁵),heq7,暂无
崇明,嘿(嘿),象声词,heq7(həʔ⁵),heq7,暂无
崇明,合(合),~作,gheq8(hɦəʔ²),gheq8,暂无
崇明,核(核),[空],gheq8(hɦəʔ²),gheq8,暂无
崇明,劾(劾),[空],gheq8(hɦəʔ²),gheq8,暂无
崇明,阖(闔),[空],gheq8(hɦəʔ²),gheq8,暂无
崇明,盍(盍),[空],gheq8(hɦəʔ²),gheq8,暂无
崇明,核(核),[空],gheq8(hɦəʔ²),gheq8,暂无
崇明,褐(褐),[空],gheq8(hɦəʔ²),gheq8,暂无
崇明,纥(紇),[空],gheq8(hɦəʔ²),gheq8,暂无
崇明,厄(厄),[空],eq7(əʔ⁵),eq7,暂无
崇明,扼(扼),[空],eq7(əʔ⁵),eq7,暂无
崇明,呃(呃),[空],eq7(əʔ⁵),eq7,暂无
崇明,噎(噎),白读,eq7(əʔ⁵),eq7,暂无
崇明,遏(遏),[空],eq7(əʔ⁵),eq7,暂无
崇明,憋(憋),[空],piq7(piəʔ⁵),piq7,暂无
崇明,鳌(鼇),[空],piq7(piəʔ⁵),piq7,暂无
崇明,瘪(癟),[空],piq7(piəʔ⁵),piq7,暂无
崇明,鳖(鱉),[空],piq7(piəʔ⁵),piq7,暂无
崇明,别(別),区~,piq7(piəʔ⁵),piq7,暂无
崇明,逼(逼),[空],piq7(piəʔ⁵),piq7,暂无
崇明,笔(筆),[空],piq7(piəʔ⁵),piq7,暂无
崇明,滗(潷),[空],piq7(piəʔ⁵),piq7,暂无
崇明,碧(碧),[空],piq7(piəʔ⁵),piq7,暂无
崇明,必(必),[空],piq7(piəʔ⁵),piq7,暂无
崇明,壁(壁),[空],piq7(piəʔ⁵),piq7,暂无
崇明,璧(璧),[空],piq7(piəʔ⁵),piq7,暂无
崇明,辟(辟),复~,piq7(piəʔ⁵),piq7,暂无
崇明,愎(愎),[空],piq7(piəʔ⁵),piq7,暂无
崇明,襞(襞),[空],piq7(piəʔ⁵),piq7,暂无
崇明,嬖(嬖),[空],piq7(piəʔ⁵),piq7,暂无
崇明,毕(畢),[空],piq7(piəʔ⁵),piq7,暂无
崇明,哔(嗶),~叽(一种布料),piq7(piəʔ⁵),piq7,暂无
崇明,跸(蹕),[空],piq7(piəʔ⁵),piq7,暂无
崇明,不(不),~过(只是),piq7(piəʔ⁵),piq7,暂无
崇明,闢(闢),[空],phiq7(pʰiəʔ⁵),phiq7,暂无
崇明,辟(辟),开~,phiq7(pʰiəʔ⁵),phiq7,暂无
崇明,劈(劈),[空],phiq7(pʰiəʔ⁵),phiq7,暂无
崇明,僻(僻),[空],phiq7(pʰiəʔ⁵),phiq7,暂无
崇明,霹(霹),[空],phiq7(pʰiəʔ⁵),phiq7,暂无
崇明,癖(癖),[空],phiq7(pʰiəʔ⁵),phiq7,暂无
崇明,撇(撇),[空],phiq7(pʰiəʔ⁵),phiq7,暂无
崇明,瞥(瞥),[空],phiq7(pʰiəʔ⁵),phiq7,暂无
崇明,匹(匹),[空],phiq7(pʰiəʔ⁵),phiq7,暂无
崇明,疋(疋),[空],phiq7(pʰiəʔ⁵),phiq7,暂无
崇明,别(別),离~,biq8(biəʔ²),biq8,暂无
崇明,弼(弼),[空],biq8(biəʔ²),biq8,暂无
崇明,蹩(蹩),[空],biq8(biəʔ²),biq8,暂无
崇明,鹁(鵓),[空],biq8(biəʔ²),biq8,暂无
崇明,鼻(鼻),~头,biq8(biəʔ²),biq8,暂无
崇明,密(密),~~屑屑(形容小孩纠缠),miq7(ʔmiəʔ⁵),miq7,暂无
崇明,密(密),[空],miq8(ɦmiəʔ²),miq8,暂无
崇明,蜜(蜜),[空],miq8(ɦmiəʔ²),miq8,暂无
崇明,幂(冪),[空],miq8(ɦmiəʔ²),miq8,暂无
崇明,幂(冪),[空],miq8(ɦmiəʔ²),miq8,暂无
崇明,觅(覓),[空],miq8(ɦmiəʔ²),miq8,暂无
崇明,宓(宓),[空],miq8(ɦmiəʔ²),miq8,暂无
崇明,篾(篾),[空],miq8(ɦmiəʔ²),miq8,暂无
崇明,灭(滅),[空],miq8(ɦmiəʔ²),miq8,暂无
崇明,蔑(蔑),[空],miq8(ɦmiəʔ²),miq8,暂无
崇明,懱(懱),[空],miq8(ɦmiəʔ²),miq8,暂无
崇明,蠛(蠛),[空],miq8(ɦmiəʔ²),miq8,暂无
崇明,的(的),[空],tiq7(tiəʔ⁵),tiq7,暂无
崇明,滴(滴),[空],tiq7(tiəʔ⁵),tiq7,暂无
崇明,嘀(嘀),[空],tiq7(tiəʔ⁵),tiq7,暂无
崇明,嫡(嫡),[空],tiq7(tiəʔ⁵),tiq7,暂无
崇明,铺(鋪),[空],tiq7(tiəʔ⁵),tiq7,暂无
崇明,摘(摘),~头(塞子),tiq7(tiəʔ⁵),tiq7,暂无
崇明,跌(跌),[空],tiq7(tiəʔ⁵),tiq7,暂无
崇明,踢(踢),[空],thiq7(tʰiəʔ⁵),thiq7,暂无
崇明,剔(剔),[空],thiq7(tʰiəʔ⁵),thiq7,暂无
崇明,惕(惕),[空],thiq7(tʰiəʔ⁵),thiq7,暂无
崇明,倜(倜),[空],thiq7(tʰiəʔ⁵),thiq7,暂无
崇明,贴(貼),[空],thiq7(tʰiəʔ⁵),thiq7,暂无
崇明,帖(帖),[空],thiq7(tʰiəʔ⁵),thiq7,暂无
崇明,贴(貼),[空],thiq7(tʰiəʔ⁵),thiq7,暂无
崇明,铁(鐵),[空],thiq7(tʰiəʔ⁵),thiq7,暂无
崇明,翟(翟),[空],diq8(diəʔ²),diq8,暂无
崇明,籴(糴),[空],diq8(diəʔ²),diq8,暂无
崇明,涤(滌),[空],diq8(diəʔ²),diq8,暂无
崇明,迪(迪),[空],diq8(diəʔ²),diq8,暂无
崇明,敌(敵),[空],diq8(diəʔ²),diq8,暂无
崇明,狄(狄),[空],diq8(diəʔ²),diq8,暂无
崇明,笛(笛),[空],diq8(diəʔ²),diq8,暂无
崇明,叠(疊),重~,diq8(diəʔ²),diq8,暂无
崇明,碟(碟),[空],diq8(diəʔ²),diq8,暂无
崇明,蝶(蝶),[空],diq8(diəʔ²),diq8,暂无
崇明,迭(迭),[空],diq8(diəʔ²),diq8,暂无
崇明,谍(諜),[空],diq8(diəʔ²),diq8,暂无
崇明,牒(牒),[空],diq8(diəʔ²),diq8,暂无
崇明,瓞(瓞),[空],diq8(diəʔ²),diq8,暂无
崇明,咥(咥),[空],diq8(diəʔ²),diq8,暂无
崇明,立(立),[空],liq8(ɦliəʔ²),liq8,暂无
崇明,粒(粒),[空],liq8(ɦliəʔ²),liq8,暂无
崇明,力(力),[空],liq8(ɦliəʔ²),liq8,暂无
崇明,栗(栗),[空],liq8(ɦliəʔ²),liq8,暂无
崇明,历(曆),[空],liq8(ɦliəʔ²),liq8,暂无
崇明,沥(瀝),[空],liq8(ɦliəʔ²),liq8,暂无
崇明,荔(荔),[空],liq8(ɦliəʔ²),liq8,暂无
崇明,笠(笠),[空],liq8(ɦliəʔ²),liq8,暂无
崇明,砾(礫),[空],liq8(ɦliəʔ²),liq8,暂无
崇明,雳(靂),[空],liq8(ɦliəʔ²),liq8,暂无
崇明,历(曆),[空],liq8(ɦliəʔ²),liq8,暂无
崇明,裂(裂),[空],liq8(ɦliəʔ²),liq8,暂无
崇明,列(列),[空],liq8(ɦliəʔ²),liq8,暂无
崇明,冽(冽),[空],liq8(ɦliəʔ²),liq8,暂无
崇明,烈(烈),[空],liq8(ɦliəʔ²),liq8,暂无
崇明,劣(劣),[空],liq8(ɦliəʔ²),liq8,暂无
崇明,猎(獵),[空],liq8(ɦliəʔ²),liq8,暂无
崇明,捩(捩),~勒~(性情乖戾)。《广韵》入声屑韵练结切“拗捩”,liq8(ɦliəʔ²),liq8,暂无
崇明,戾(戾),~勒~(性情乖戾)。《广韵》入声屑韵练结切“罪也，曲也”,liq8(ɦliəʔ²),liq8,暂无
崇明,率(率),效~,liq8(ɦliəʔ²),liq8,暂无
崇明,律(律),[空],liq8(ɦliəʔ²),liq8,暂无
崇明,急(急),[空],ciq8(tɕiəʔ²),ciq8,暂无
崇明,即(即),[空],ciq8(tɕiəʔ²),ciq8,暂无
崇明,节(節),[空],ciq8(tɕiəʔ²),ciq8,暂无
崇明,疖(癤),[空],ciq8(tɕiəʔ²),ciq8,暂无
崇明,吉(吉),[空],ciq8(tɕiəʔ²),ciq8,暂无
崇明,洁(潔),[空],ciq8(tɕiəʔ²),ciq8,暂无
崇明,结(結),[空],ciq8(tɕiəʔ²),ciq8,暂无
崇明,秸(秸),[空],ciq8(tɕiəʔ²),ciq8,暂无
崇明,拮(拮),[空],ciq8(tɕiəʔ²),ciq8,暂无
崇明,蝍(蝍),[空],ciq8(tɕiəʔ²),ciq8,暂无
崇明,鲫(鯽),[空],ciq8(tɕiəʔ²),ciq8,暂无
崇明,级(級),[空],ciq8(tɕiəʔ²),ciq8,暂无
崇明,给(給),文读,ciq8(tɕiəʔ²),ciq8,暂无
崇明,积(積),[空],ciq8(tɕiəʔ²),ciq8,暂无
崇明,迹(跡),[空],ciq8(tɕiəʔ²),ciq8,暂无
崇明,激(激),[空],ciq8(tɕiəʔ²),ciq8,暂无
崇明,击(擊),[空],ciq8(tɕiəʔ²),ciq8,暂无
崇明,脊(脊),[空],ciq8(tɕiəʔ²),ciq8,暂无
崇明,绩(績),[空],ciq8(tɕiəʔ²),ciq8,暂无
崇明,髻(髻),[空],ciq8(tɕiəʔ²),ciq8,暂无
崇明,棘(棘),[空],ciq8(tɕiəʔ²),ciq8,暂无
崇明,稷(稷),[空],ciq8(tɕiəʔ²),ciq8,暂无
崇明,嵴(脊),[空],ciq8(tɕiəʔ²),ciq8,暂无
崇明,迹(跡),[空],ciq8(tɕiəʔ²),ciq8,暂无
崇明,瘠(瘠),[空],ciq8(tɕiəʔ²),ciq8,暂无
崇明,偈(偈),[空],ciq8(tɕiəʔ²),ciq8,暂无
崇明,揭(揭),~示,ciq8(tɕiəʔ²),ciq8,暂无
崇明,碣(碣),[空],ciq8(tɕiəʔ²),ciq8,暂无
崇明,羯(羯),[空],ciq8(tɕiəʔ²),ciq8,暂无
崇明,孑(孑),[空],ciq8(tɕiəʔ²),ciq8,暂无
崇明,妾(妾),文读,ciq8(tɕiəʔ²),ciq8,暂无
崇明,接(接),[空],ciq8(tɕiəʔ²),ciq8,暂无
崇明,劫(劫),[空],ciq8(tɕiəʔ²),ciq8,暂无
崇明,辑(輯),[空],chiq7(tɕʰiəʔ⁵),chiq7,暂无
崇明,缉(緝),[空],chiq7(tɕʰiəʔ⁵),chiq7,暂无
崇明,戟(戟),[空],chiq7(tɕʰiəʔ⁵),chiq7,暂无
崇明,戢(戢),[空],chiq7(tɕʰiəʔ⁵),chiq7,暂无
崇明,楫(楫),[空],chiq7(tɕʰiəʔ⁵),chiq7,暂无
崇明,葺(葺),[空],chiq7(tɕʰiəʔ⁵),chiq7,暂无
崇明,诘(詰),~问,chiq7(tɕʰiəʔ⁵),chiq7,暂无
崇明,切(切),[空],chiq7(tɕʰiəʔ⁵),chiq7,暂无
崇明,窃(竊),[空],chiq7(tɕʰiəʔ⁵),chiq7,暂无
崇明,窃(竊),[空],chiq7(tɕʰiəʔ⁵),chiq7,暂无
崇明,怯(怯),[空],chiq7(tɕʰiəʔ⁵),chiq7,暂无
崇明,妾(妾),夫~(夫妻),chiq7(tɕʰiəʔ⁵),chiq7,暂无
崇明,惬(愜),[空],chiq7(tɕʰiəʔ⁵),chiq7,暂无
崇明,乞(乞),[空],chiq7(tɕʰiəʔ⁵),chiq7,暂无
崇明,吃(吃),[空],chiq7(tɕʰiəʔ⁵),chiq7,暂无
崇明,吃(喫),[空],chiq7(tɕʰiəʔ⁵),chiq7,暂无
崇明,契(契),~丹,chiq7(tɕʰiəʔ⁵),chiq7,暂无
崇明,七(七),[空],chiq7(tɕʰiəʔ⁵),chiq7,暂无
崇明,漆(漆),[空],chiq7(tɕʰiəʔ⁵),chiq7,暂无
崇明,泣(泣),[空],chiq7(tɕʰiəʔ⁵),chiq7,暂无
崇明,柒(柒),[空],chiq7(tɕʰiəʔ⁵),chiq7,暂无
崇明,膝(膝),~馒头,chiq7(tɕʰiəʔ⁵),chiq7,暂无
崇明,讫(訖),[空],chiq7(tɕʰiəʔ⁵),chiq7,暂无
崇明,迄(迄),[空],chiq7(tɕʰiəʔ⁵),chiq7,暂无
崇明,嘁(嘁),[空],chiq7(tɕʰiəʔ⁵),chiq7,暂无
崇明,戚(戚),[空],chiq7(tɕʰiəʔ⁵),chiq7,暂无
崇明,隙(隙),[空],chiq7(tɕʰiəʔ⁵),chiq7,暂无
崇明,极(極),[空],jiq8(dʑiəʔ²),jiq8,暂无
崇明,及(及),[空],jiq8(dʑiəʔ²),jiq8,暂无
崇明,汲(汲),[空],jiq8(dʑiəʔ²),jiq8,暂无
崇明,笈(笈),[空],jiq8(dʑiəʔ²),jiq8,暂无
崇明,岌(岌),[空],jiq8(dʑiəʔ²),jiq8,暂无
崇明,疾(疾),[空],jiq8(dʑiəʔ²),jiq8,暂无
崇明,嫉(嫉),[空],jiq8(dʑiəʔ²),jiq8,暂无
崇明,集(集),[空],jiq8(dʑiəʔ²),jiq8,暂无
崇明,寂(寂),[空],jiq8(dʑiəʔ²),jiq8,暂无
崇明,籍(籍),[空],jiq8(dʑiəʔ²),jiq8,暂无
崇明,殛(殛),[空],jiq8(dʑiəʔ²),jiq8,暂无
崇明,亟(亟),[空],jiq8(dʑiəʔ²),jiq8,暂无
崇明,杰(傑),[空],jiq8(dʑiəʔ²),jiq8,暂无
崇明,捷(捷),[空],jiq8(dʑiəʔ²),jiq8,暂无
崇明,婕(婕),[空],jiq8(dʑiəʔ²),jiq8,暂无
崇明,睫(睫),[空],jiq8(dʑiəʔ²),jiq8,暂无
崇明,竭(竭),[空],jiq8(dʑiəʔ²),jiq8,暂无
崇明,桀(桀),[空],jiq8(dʑiəʔ²),jiq8,暂无
崇明,席(席),[空],jiq8(dʑiəʔ²),jiq8,暂无
崇明,习(習),[空],jiq8(dʑiəʔ²),jiq8,暂无
崇明,夕(夕),[空],jiq8(dʑiəʔ²),jiq8,暂无
崇明,汐(汐),[空],jiq8(dʑiəʔ²),jiq8,暂无
崇明,袭(襲),[空],jiq8(dʑiəʔ²),jiq8,暂无
崇明,绝(絕),[空],jiq8(dʑiəʔ²),jiq8,暂无
崇明,业(業),[空],gniq8(ɦȵiəʔ²),gniq8,暂无
崇明,聂(聶),[空],gniq8(ɦȵiəʔ²),gniq8,暂无
崇明,蘖(蘗),[空],gniq8(ɦȵiəʔ²),gniq8,暂无
崇明,镍(鎳),[空],gniq8(ɦȵiəʔ²),gniq8,暂无
崇明,孽(孽),[空],gniq8(ɦȵiəʔ²),gniq8,暂无
崇明,颞(顳),[空],gniq8(ɦȵiəʔ²),gniq8,暂无
崇明,蹑(躡),[空],gniq8(ɦȵiəʔ²),gniq8,暂无
崇明,臬(臬),[空],gniq8(ɦȵiəʔ²),gniq8,暂无
崇明,镊(鑷),[空],gniq8(ɦȵiəʔ²),gniq8,暂无
崇明,嗫(囁),[空],gniq8(ɦȵiəʔ²),gniq8,暂无
崇明,热(熱),[空],gniq8(ɦȵiəʔ²),gniq8,暂无
崇明,日(日),白读,gniq8(ɦȵiəʔ²),gniq8,暂无
崇明,逆(逆),[空],gniq8(ɦȵiəʔ²),gniq8,暂无
崇明,溺(溺),[空],gniq8(ɦȵiəʔ²),gniq8,暂无
崇明,匿(匿),[空],gniq8(ɦȵiəʔ²),gniq8,暂无
崇明,昵(昵),[空],gniq8(ɦȵiəʔ²),gniq8,暂无
崇明,宜(宜),便~头(便宜),gniq8(ɦȵiəʔ²),gniq8,暂无
崇明,析(析),[空],shiq7(ɕiəʔ⁵),shiq7,暂无
崇明,淅(淅),[空],shiq7(ɕiəʔ⁵),shiq7,暂无
崇明,晰(晰),[空],shiq7(ɕiəʔ⁵),shiq7,暂无
崇明,皙(皙),[空],shiq7(ɕiəʔ⁵),shiq7,暂无
崇明,蜥(蜥),[空],shiq7(ɕiəʔ⁵),shiq7,暂无
崇明,揭(揭),拿起盖子：~镬㔶(揭锅盖)。《集韵》揭有十一个反切，可见揭有多读,shiq7(ɕiəʔ⁵),shiq7,暂无
崇明,吸(吸),[空],shiq7(ɕiəʔ⁵),shiq7,暂无
崇明,悉(悉),[空],shiq7(ɕiəʔ⁵),shiq7,暂无
崇明,惜(惜),[空],shiq7(ɕiəʔ⁵),shiq7,暂无
崇明,昔(昔),[空],shiq7(ɕiəʔ⁵),shiq7,暂无
崇明,锡(錫),[空],shiq7(ɕiəʔ⁵),shiq7,暂无
崇明,息(息),[空],shiq7(ɕiəʔ⁵),shiq7,暂无
崇明,熄(熄),[空],shiq7(ɕiəʔ⁵),shiq7,暂无
崇明,泄(泄),[空],shiq7(ɕiəʔ⁵),shiq7,暂无
崇明,薛(薛),[空],shiq7(ɕiəʔ⁵),shiq7,暂无
崇明,雪(雪),[空],shiq7(ɕiəʔ⁵),shiq7,暂无
崇明,鳕(鱈),[空],shiq7(ɕiəʔ⁵),shiq7,暂无
崇明,膝(膝),文读,shiq7(ɕiəʔ⁵),shiq7,暂无
崇明,截(截),[空],zhiq8(ʑiəʔ²),zhiq8,暂无
崇明,拾(拾),白读,zhiq8(ʑiəʔ²),zhiq8,暂无
崇明,一(一),[空],iq7(iəʔ⁵),iq7,暂无
崇明,壹(壹),[空],iq7(iəʔ⁵),iq7,暂无
崇明,噎(噎),文读,iq7(iəʔ⁵),iq7,暂无
崇明,乙(乙),[空],iq7(iəʔ⁵),iq7,暂无
崇明,咽(咽),呜~,iq7(iəʔ⁵),iq7,暂无
崇明,逸(逸),[空],iq7(iəʔ⁵),iq7,暂无
崇明,溢(溢),[空],iq7(iəʔ⁵),iq7,暂无
崇明,益(益),[空],iq7(iəʔ⁵),iq7,暂无
崇明,缢(縊),[空],iq7(iəʔ⁵),iq7,暂无
崇明,抑(抑),[空],iq7(iəʔ⁵),iq7,暂无
崇明,邑(邑),[空],iq7(iəʔ⁵),iq7,暂无
崇明,挹(挹),[空],iq7(iəʔ⁵),iq7,暂无
崇明,揖(揖),[空],iq7(iəʔ⁵),iq7,暂无
崇明,谒(謁),[空],iq7(iəʔ⁵),iq7,暂无
崇明,页(頁),[空],yiq8(ɦiəʔ²),yiq8,暂无
崇明,叶(葉),[空],yiq8(ɦiəʔ²),yiq8,暂无
崇明,易(易),贸~,yiq8(ɦiəʔ²),yiq8,暂无
崇明,蜴(蜴),[空],yiq8(ɦiəʔ²),yiq8,暂无
崇明,译(譯),[空],yiq8(ɦiəʔ²),yiq8,暂无
崇明,驿(驛),[空],yiq8(ɦiəʔ²),yiq8,暂无
崇明,奕(奕),[空],yiq8(ɦiəʔ²),yiq8,暂无
崇明,弈(弈),[空],yiq8(ɦiəʔ²),yiq8,暂无
崇明,轶(軼),[空],yiq8(ɦiəʔ²),yiq8,暂无
崇明,佚(佚),[空],yiq8(ɦiəʔ²),yiq8,暂无
崇明,屹(屹),[空],yiq8(ɦiəʔ²),yiq8,暂无
崇明,熠(熠),[空],yiq8(ɦiəʔ²),yiq8,暂无
崇明,烨(燁),[空],yiq8(ɦiəʔ²),yiq8,暂无
崇明,晔(曄),[空],yiq8(ɦiəʔ²),yiq8,暂无
崇明,抴(抴),[空],yiq8(ɦiəʔ²),yiq8,暂无
崇明,拽(拽),手~手(手拉手)。《广韵》入声薛韵羊列切“拖也”,yiq8(ɦiəʔ²),yiq8,暂无
崇明,曳(曳),[空],yiq8(ɦiəʔ²),yiq8,暂无
崇明,骨(骨),[空],kueq7(kuəʔ⁵),kueq7,暂无
崇明,汩(汩),[空],kueq7(kuəʔ⁵),kueq7,暂无
崇明,国(國),[空],kueq7(kuəʔ⁵),kueq7,暂无
崇明,蝈(蟈),[空],kueq7(kuəʔ⁵),kueq7,暂无
崇明,帼(幗),[空],kueq7(kuəʔ⁵),kueq7,暂无
崇明,啯(啯),[空],kueq7(kuəʔ⁵),kueq7,暂无
崇明,虢(虢),[空],kueq7(kuəʔ⁵),kueq7,暂无
崇明,阔(闊),[空],khueq7(kʰuəʔ⁵),khueq7,暂无
崇明,窟(窟),[空],khueq7(kʰuəʔ⁵),khueq7,暂无
崇明,泏(泏),东西在水里长时间浸泡着。《广韵》入声没韵苦骨切“沤池”,khueq7(kʰuəʔ⁵),khueq7,暂无
崇明,忽(忽),[空],hueq7(huəʔ⁵),hueq7,暂无
崇明,惚(惚),[空],hueq7(huəʔ⁵),hueq7,暂无
崇明,唿(呼),[空],hueq7(huəʔ⁵),hueq7,暂无
崇明,寣(寣),《广韵》入声没韵呼骨切“睡一觉”,hueq7(huəʔ⁵),hueq7,暂无
崇明,笏(笏),[空],hueq7(huəʔ⁵),hueq7,暂无
崇明,屋(屋),~里,ueq7(uəʔ⁵),ueq7,暂无
崇明,勿(勿),吃~得(不可以吃),ueq7(uəʔ⁵),ueq7,暂无
崇明,殟(殟),心情憋屈。《广韵》入声没韵乌没切“心闷”,ueq7(uəʔ⁵),ueq7,暂无
崇明,𩑦(𩑦),眼睛深藏的样子。《广韵》入声没韵乌没切“内头水中”,ueq7(uəʔ⁵),ueq7,暂无
崇明,活(活),[空],weq8(ɦuəʔ²),weq8,暂无
崇明,囫(囫),[空],weq8(ɦuəʔ²),weq8,暂无
崇明,或(或),[空],weq8(ɦuəʔ²),weq8,暂无
崇明,惑(惑),[空],weq8(ɦuəʔ²),weq8,暂无
崇明,获(獲),[空],weq8(ɦuəʔ²),weq8,暂无
崇明,鹘(鶻),[空],weq8(ɦuəʔ²),weq8,暂无
崇明,𣝗(𣝗),《广韵》入声没韵户骨切“果子𣝗也”,weq8(ɦuəʔ²),weq8,暂无
崇明,勿(勿),~勿少少(不少),weq8(ɦuəʔ²),weq8,暂无
崇明,掇(掇),文读,toeq7(tøʔ⁵),toeq7,暂无
崇明,脱(脫),文读,thoeq7(tʰøʔ⁵),thoeq7,暂无
崇明,夺(奪),文读,doeq8(døʔ²),doeq8,暂无
崇明,捋(捋),文读,loeq8(løʔ²),loeq8,暂无
崇明,折(折),文读,tsoeq7(tsøʔ⁵),tsoeq7,暂无
崇明,浙(浙),文读,tsoeq7(tsøʔ⁵),tsoeq7,暂无
崇明,茁(茁),文读,tsoeq7(tsøʔ⁵),tsoeq7,暂无
崇明,拙(拙),文读,tsoeq7(tsøʔ⁵),tsoeq7,暂无
崇明,绌(絀),文读,tsoeq7(tsøʔ⁵),tsoeq7,暂无
崇明,撮(撮),文读,tsoeq7(tsøʔ⁵),tsoeq7,暂无
崇明,澈(澈),文读,tshoeq7(tsʰøʔ⁵),tshoeq7,暂无
崇明,彻(徹),文读,tshoeq7(tsʰøʔ⁵),tshoeq7,暂无
崇明,撤(撤),文读,tshoeq7(tsʰøʔ⁵),tshoeq7,暂无
崇明,辙(轍),文读,tshoeq7(tsʰøʔ⁵),tshoeq7,暂无
崇明,说(說),文读,soeq7(søʔ⁵),soeq7,暂无
崇明,刷(刷),文读,soeq7(søʔ⁵),soeq7,暂无
崇明,设(設),文读,soeq7(søʔ⁵),soeq7,暂无
崇明,葛(葛),文读,koeq7(køʔ⁵),koeq7,暂无
崇明,割(割),文读,koeq7(køʔ⁵),koeq7,暂无
崇明,渴(渴),文读,khoeq7(kʰøʔ⁵),khoeq7,暂无
崇明,喝(喝),文读,hoeq7(høʔ⁵),hoeq7,暂无
崇明,觉(覺),文读,cioeq7(tɕyøʔ⁵),cioeq7,暂无
崇明,爵(爵),文读,cioeq7(tɕyøʔ⁵),cioeq7,暂无
崇明,绝(絕),文读,cioeq7(tɕyøʔ⁵),cioeq7,暂无
崇明,决(決),文读,cioeq7(tɕyøʔ⁵),cioeq7,暂无
崇明,抉(抉),文读,cioeq7(tɕyøʔ⁵),cioeq7,暂无
崇明,诀(訣),文读,cioeq7(tɕyøʔ⁵),cioeq7,暂无
崇明,菊(菊),文读,cioeq7(tɕyøʔ⁵),cioeq7,暂无
崇明,孓(孓),文读,cioeq7(tɕyøʔ⁵),cioeq7,暂无
崇明,缺(缺),文读,chioeq7(tɕʰyøʔ⁵),chioeq7,暂无
崇明,确(確),文读,chioeq7(tɕʰyøʔ⁵),chioeq7,暂无
崇明,阙(闕),文读,chioeq7(tɕʰyøʔ⁵),chioeq7,暂无
崇明,局(局),文读,jioeq8(dʑyøʔ²),jioeq8,暂无
崇明,掘(掘),文读,jioeq8(dʑyøʔ²),jioeq8,暂无
崇明,月(月),文读,gnioeq8(ɦȵyøʔ²),gnioeq8,暂无
崇明,旭(旭),文读,shioeq7(ɕyøʔ⁵),shioeq7,暂无
崇明,恤(恤),文读,shioeq7(ɕyøʔ⁵),shioeq7,暂无
崇明,血(血),文读,shioeq7(ɕyøʔ⁵),shioeq7,暂无
崇明,噱(噱),文读,shioeq7(ɕyøʔ⁵),shioeq7,暂无
崇明,约(約),文读,ioeq7(yøʔ⁵),ioeq7,暂无
崇明,跃(躍),文读,ioeq7(yøʔ⁵),ioeq7,暂无
崇明,郁(鬱),文读,ioeq7(yøʔ⁵),ioeq7,暂无
崇明,乐(樂),文读,yoeq8(ɦyøʔ²),yoeq8,暂无
崇明,越(越),文读,yoeq8(ɦyøʔ²),yoeq8,暂无
崇明,粤(粵),文读,yoeq8(ɦyøʔ²),yoeq8,暂无
崇明,曰(曰),文读,yoeq8(ɦyøʔ²),yoeq8,暂无
崇明,阅(閱),文读,yoeq8(ɦyøʔ²),yoeq8,暂无
崇明,悦(悅),文读,yoeq8(ɦyøʔ²),yoeq8,暂无
崇明,域(域),文读,yoeq8(ɦyøʔ²),yoeq8,暂无
崇明,欲(欲),文读,yoeq8(ɦyøʔ²),yoeq8,暂无
崇明,欲(欲),文读,yoeq8(ɦyøʔ²),yoeq8,暂无
崇明,浴(浴),文读,yoeq8(ɦyøʔ²),yoeq8,暂无
崇明,毓(毓),文读,yoeq8(ɦyøʔ²),yoeq8,暂无
崇明,昱(昱),文读,yoeq8(ɦyøʔ²),yoeq8,暂无
崇明,学(學),文读,yoeq8(ɦyøʔ²),yoeq8,暂无
崇明,北(北),[空],poq7(poʔ⁵),poq7,暂无
崇明,卜(蔔),[空],poq7(poʔ⁵),poq7,暂无
崇明,驳(駁),[空],poq7(poʔ⁵),poq7,暂无
崇明,博(博),[空],poq7(poʔ⁵),poq7,暂无
崇明,搏(搏),[空],poq7(poʔ⁵),poq7,暂无
崇明,膊(膊),[空],poq7(poʔ⁵),poq7,暂无
崇明,缚(縛),[空],poq7(poʔ⁵),poq7,暂无
崇明,剥(剝),[空],poq7(poʔ⁵),poq7,暂无
崇明,亳(亳),[空],poq7(poʔ⁵),poq7,暂无
崇明,泊(泊),[空],phoq7(pʰoʔ⁵),phoq7,暂无
崇明,舶(舶),[空],phoq7(pʰoʔ⁵),phoq7,暂无
崇明,朴(樸),[空],phoq7(pʰoʔ⁵),phoq7,暂无
崇明,扑(撲),[空],phoq7(pʰoʔ⁵),phoq7,暂无
崇明,朴(樸),[空],phoq7(pʰoʔ⁵),phoq7,暂无
崇明,濮(濮),[空],phoq7(pʰoʔ⁵),phoq7,暂无
崇明,璞(璞),[空],phoq7(pʰoʔ⁵),phoq7,暂无
崇明,蹼(蹼),[空],phoq7(pʰoʔ⁵),phoq7,暂无
崇明,醭(醭),[空],phoq7(pʰoʔ⁵),phoq7,暂无
崇明,扑(撲),[空],phoq7(pʰoʔ⁵),phoq7,暂无
崇明,薄(薄),厚~,boq8(boʔ²),boq8,暂无
崇明,箔(箔),[空],boq8(boʔ²),boq8,暂无
崇明,礴(礴),[空],boq8(boʔ²),boq8,暂无
崇明,暴(暴),旧读：~露,boq8(boʔ²),boq8,暂无
崇明,瀑(瀑),[空],boq8(boʔ²),boq8,暂无
崇明,匐(匐),[空],boq8(boʔ²),boq8,暂无
崇明,木(木),[空],moq8(ɦmoʔ²),moq8,暂无
崇明,沐(沐),[空],moq8(ɦmoʔ²),moq8,暂无
崇明,摸(摸),[空],moq8(ɦmoʔ²),moq8,暂无
崇明,莫(莫),[空],moq8(ɦmoʔ²),moq8,暂无
崇明,漠(漠),[空],moq8(ɦmoʔ²),moq8,暂无
崇明,谟(謨),[空],moq8(ɦmoʔ²),moq8,暂无
崇明,么(麼),[空],moq8(ɦmoʔ²),moq8,暂无
崇明,么(麼),[空],moq8(ɦmoʔ²),moq8,暂无
崇明,寞(寞),[空],moq8(ɦmoʔ²),moq8,暂无
崇明,獏(獏),[空],moq8(ɦmoʔ²),moq8,暂无
崇明,膜(膜),隔~,moq8(ɦmoʔ²),moq8,暂无
崇明,目(目),[空],moq8(ɦmoʔ²),moq8,暂无
崇明,苜(苜),[空],moq8(ɦmoʔ²),moq8,暂无
崇明,穆(穆),[空],moq8(ɦmoʔ²),moq8,暂无
崇明,牧(牧),[空],moq8(ɦmoʔ²),moq8,暂无
崇明,福(福),[空],foq7(foʔ⁵),foq7,暂无
崇明,辐(輻),[空],foq7(foʔ⁵),foq7,暂无
崇明,蝠(蝠),[空],foq7(foʔ⁵),foq7,暂无
崇明,福(福),[空],foq7(foʔ⁵),foq7,暂无
崇明,幅(幅),[空],foq7(foʔ⁵),foq7,暂无
崇明,复(复),[空],foq7(foʔ⁵),foq7,暂无
崇明,复(復),反~,foq7(foʔ⁵),foq7,暂无
崇明,覆(覆),[空],foq7(foʔ⁵),foq7,暂无
崇明,复(複),~习,foq7(foʔ⁵),foq7,暂无
崇明,腹(腹),[空],foq7(foʔ⁵),foq7,暂无
崇明,馥(馥),[空],foq7(foʔ⁵),foq7,暂无
崇明,伏(伏),埋~,voq8(voʔ²),voq8,暂无
崇明,服(服),[空],voq8(voʔ²),voq8,暂无
崇明,复(復),恢~,voq8(voʔ²),voq8,暂无
崇明,宓(宓),[空],voq8(voʔ²),voq8,暂无
崇明,沃(沃),[空],voq8(voʔ²),voq8,暂无
崇明,笃(篤),[空],toq7(toʔ⁵),toq7,暂无
崇明,督(督),[空],toq7(toʔ⁵),toq7,暂无
崇明,厾(厾),扔,toq7(toʔ⁵),toq7,暂无
崇明,沰(沰),一~血。《集韵》入声铎韵当各切“滴也”,toq7(toʔ⁵),toq7,暂无
崇明,得(得),~怕(只怕),toq7(toʔ⁵),toq7,暂无
崇明,秃(禿),[空],thoq7(tʰoʔ⁵),thoq7,暂无
崇明,托(托),[空],thoq7(tʰoʔ⁵),thoq7,暂无
崇明,讬(托),[空],thoq7(tʰoʔ⁵),thoq7,暂无
崇明,拓(拓),[空],thoq7(tʰoʔ⁵),thoq7,暂无
崇明,庹(庹),[空],thoq7(tʰoʔ⁵),thoq7,暂无
崇明,鼍(鼉),[空],thoq7(tʰoʔ⁵),thoq7,暂无
崇明,柝(柝),[空],thoq7(tʰoʔ⁵),thoq7,暂无
崇明,橐(橐),[空],thoq7(tʰoʔ⁵),thoq7,暂无
崇明,独(獨),[空],doq8(doʔ²),doq8,暂无
崇明,毒(毒),[空],doq8(doʔ²),doq8,暂无
崇明,渎(瀆),[空],doq8(doʔ²),doq8,暂无
崇明,椟(櫝),[空],doq8(doʔ²),doq8,暂无
崇明,犊(犢),[空],doq8(doʔ²),doq8,暂无
崇明,黩(黷),[空],doq8(doʔ²),doq8,暂无
崇明,椟(櫝),[空],doq8(doʔ²),doq8,暂无
崇明,度(度),猜~,doq8(doʔ²),doq8,暂无
崇明,踱(踱),[空],doq8(doʔ²),doq8,暂无
崇明,咄(咄),[空],doq8(doʔ²),doq8,暂无
崇明,凙(凙),凌~(冰锥),doq8(doʔ²),doq8,暂无
崇明,铎(鐸),[空],doq8(doʔ²),doq8,暂无
崇明,诺(諾),承~,noq8(ɦnoʔ²),noq8,暂无
崇明,落(落),[空],loq8(ɦloʔ²),loq8,暂无
崇明,洛(洛),[空],loq8(ɦloʔ²),loq8,暂无
崇明,骆(駱),[空],loq8(ɦloʔ²),loq8,暂无
崇明,络(絡),[空],loq8(ɦloʔ²),loq8,暂无
崇明,酪(酪),[空],loq8(ɦloʔ²),loq8,暂无
崇明,雒(雒),[空],loq8(ɦloʔ²),loq8,暂无
崇明,烙(烙),[空],loq8(ɦloʔ²),loq8,暂无
崇明,荦(犖),[空],loq8(ɦloʔ²),loq8,暂无
崇明,陆(陸),[空],loq8(ɦloʔ²),loq8,暂无
崇明,录(錄),[空],loq8(ɦloʔ²),loq8,暂无
崇明,鹿(鹿),[空],loq8(ɦloʔ²),loq8,暂无
崇明,六(六),[空],loq8(ɦloʔ²),loq8,暂无
崇明,禄(祿),[空],loq8(ɦloʔ²),loq8,暂无
崇明,绿(綠),[空],loq8(ɦloʔ²),loq8,暂无
崇明,戮(戮),[空],loq8(ɦloʔ²),loq8,暂无
崇明,碌(碌),[空],loq8(ɦloʔ²),loq8,暂无
崇明,渌(淥),[空],loq8(ɦloʔ²),loq8,暂无
崇明,录(錄),[空],loq8(ɦloʔ²),loq8,暂无
崇明,漉(漉),[空],loq8(ɦloʔ²),loq8,暂无
崇明,辘(轆),[空],loq8(ɦloʔ²),loq8,暂无
崇明,簏(簏),[空],loq8(ɦloʔ²),loq8,暂无
崇明,麓(麓),[空],loq8(ɦloʔ²),loq8,暂无
崇明,乐(樂),快~,loq8(ɦloʔ²),loq8,暂无
崇明,足(足),[空],tsoq7(tsoʔ⁵),tsoq7,暂无
崇明,竹(竹),[空],tsoq7(tsoʔ⁵),tsoq7,暂无
崇明,祝(祝),[空],tsoq7(tsoʔ⁵),tsoq7,暂无
崇明,筑(築),[空],tsoq7(tsoʔ⁵),tsoq7,暂无
崇明,烛(燭),[空],tsoq7(tsoʔ⁵),tsoq7,暂无
崇明,嘱(囑),[空],tsoq7(tsoʔ⁵),tsoq7,暂无
崇明,瞩(矚),[空],tsoq7(tsoʔ⁵),tsoq7,暂无
崇明,竺(竺),[空],tsoq7(tsoʔ⁵),tsoq7,暂无
崇明,卓(卓),[空],tsoq7(tsoʔ⁵),tsoq7,暂无
崇明,桌(桌),[空],tsoq7(tsoʔ⁵),tsoq7,暂无
崇明,捉(捉),[空],tsoq7(tsoʔ⁵),tsoq7,暂无
崇明,啄(啄),[空],tsoq7(tsoʔ⁵),tsoq7,暂无
崇明,琢(琢),[空],tsoq7(tsoʔ⁵),tsoq7,暂无
崇明,濯(濯),[空],tsoq7(tsoʔ⁵),tsoq7,暂无
崇明,擢(擢),[空],tsoq7(tsoʔ⁵),tsoq7,暂无
崇明,涿(涿),[空],tsoq7(tsoʔ⁵),tsoq7,暂无
崇明,作(作),[空],tsoq7(tsoʔ⁵),tsoq7,暂无
崇明,酢(酢),[空],tsoq7(tsoʔ⁵),tsoq7,暂无
崇明,粥(粥),[空],tsoq7(tsoʔ⁵),tsoq7,暂无
崇明,斫(斫),[空],tsoq7(tsoʔ⁵),tsoq7,暂无
崇明,瘃(瘃),冻~,tsoq7(tsoʔ⁵),tsoq7,暂无
崇明,簇(簇),一~生(一丛)。《广韵》入声屋韵千木切“小竹”。崇明话读不送气声母,tsoq7(tsoʔ⁵),tsoq7,暂无
崇明,镞(鏃),《广韵》入声屋韵作木切。崇明话读不送气声母,tshoq7(tsʰoʔ⁵),tshoq7,暂无
崇明,促(促),[空],tshoq7(tsʰoʔ⁵),tshoq7,暂无
崇明,蹙(蹙),[空],tshoq7(tsʰoʔ⁵),tshoq7,暂无
崇明,蹴(蹴),[空],tshoq7(tsʰoʔ⁵),tshoq7,暂无
崇明,踧(踧),[空],tshoq7(tsʰoʔ⁵),tshoq7,暂无
崇明,触(觸),[空],tshoq7(tsʰoʔ⁵),tshoq7,暂无
崇明,畜(畜),牲~,tshoq7(tsʰoʔ⁵),tshoq7,暂无
崇明,矗(矗),[空],tshoq7(tsʰoʔ⁵),tshoq7,暂无
崇明,搐(搐),[空],tshoq7(tsʰoʔ⁵),tshoq7,暂无
崇明,戳(戳),[空],tshoq7(tsʰoʔ⁵),tshoq7,暂无
崇明,龊(齪),[空],tshoq7(tsʰoʔ⁵),tshoq7,暂无
崇明,束(束),~腰(戴孝用腰带),tshoq7(tsʰoʔ⁵),tshoq7,暂无
崇明,族(族),[空],dzoq8(dzoʔ²),dzoq8,暂无
崇明,浊(濁),[空],dzoq8(dzoʔ²),dzoq8,暂无
崇明,逐(逐),[空],dzoq8(dzoʔ²),dzoq8,暂无
崇明,轴(軸),[空],dzoq8(dzoʔ²),dzoq8,暂无
崇明,蜀(蜀),[空],dzoq8(dzoʔ²),dzoq8,暂无
崇明,俗(俗),[空],dzoq8(dzoʔ²),dzoq8,暂无
崇明,叔(叔),[空],soq8(soʔ²),soq8,暂无
崇明,淑(淑),[空],soq8(soʔ²),soq8,暂无
崇明,倏(倏),~响里(形容快)。《广韵》入声屋韵式竹切：倏忽，犬走疾也”,soq8(soʔ²),soq8,暂无
崇明,嗍(嗍),[空],soq8(soʔ²),soq8,暂无
崇明,朔(朔),[空],soq8(soʔ²),soq8,暂无
崇明,搠(搠),[空],soq8(soʔ²),soq8,暂无
崇明,溯(溯),[空],soq8(soʔ²),soq8,暂无
崇明,塑(塑),~料,soq8(soʔ²),soq8,暂无
崇明,索(索),[空],soq8(soʔ²),soq8,暂无
崇明,说(說),~话(话),soq8(soʔ²),soq8,暂无
崇明,缩(縮),[空],soq8(soʔ²),soq8,暂无
崇明,宿(宿),住~,soq8(soʔ²),soq8,暂无
崇明,蓿(蓿),苜~,soq8(soʔ²),soq8,暂无
崇明,肃(肅),[空],soq8(soʔ²),soq8,暂无
崇明,粟(粟),[空],soq8(soʔ²),soq8,暂无
崇明,僳(僳),[空],soq8(soʔ²),soq8,暂无
崇明,夙(夙),[空],soq8(soʔ²),soq8,暂无
崇明,簌(簌),[空],soq8(soʔ²),soq8,暂无
崇明,谡(謖),[空],soq8(soʔ²),soq8,暂无
崇明,觫(觫),[空],soq8(soʔ²),soq8,暂无
崇明,速(速),[空],soq8(soʔ²),soq8,暂无
崇明,束(束),结~,soq8(soʔ²),soq8,暂无
崇明,欶(欶),吮吸。《集韵》入声屋韵所六切“吮也”，又入声觉韵色角切“说文吮也”。两个反切都和崇明话读音相合,soq8(soʔ²),soq8,暂无
崇明,属(屬),[空],zoq8(zoʔ²),zoq8,暂无
崇明,镯(鐲),[空],zoq8(zoʔ²),zoq8,暂无
崇明,熟(熟),[空],zoq8(zoʔ²),zoq8,暂无
崇明,孰(孰),[空],zoq8(zoʔ²),zoq8,暂无
崇明,塾(塾),[空],zoq8(zoʔ²),zoq8,暂无
崇明,赎(贖),[空],zoq8(zoʔ²),zoq8,暂无
崇明,俗(俗),[空],zoq8(zoʔ²),zoq8,暂无
崇明,辱(辱),文读,zoq8(zoʔ²),zoq8,暂无
崇明,褥(褥),文读,zoq8(zoʔ²),zoq8,暂无
崇明,肉(肉),[空],zoq8(zoʔ²),zoq8,暂无
崇明,谷(穀),[空],koq7(koʔ⁵),koq7,暂无
崇明,榖(榖),[空],koq7(koʔ⁵),koq7,暂无
崇明,毂(轂),[空],koq7(koʔ⁵),koq7,暂无
崇明,角(角),[空],koq7(koʔ⁵),koq7,暂无
崇明,觉(覺),~察,koq7(koʔ⁵),koq7,暂无
崇明,郭(郭),[空],koq7(koʔ⁵),koq7,暂无
崇明,椁(槨),[空],koq7(koʔ⁵),koq7,暂无
崇明,各(各),[空],koq7(koʔ⁵),koq7,暂无
崇明,阁(閣),[空],koq7(koʔ⁵),koq7,暂无
崇明,搁(擱),[空],koq7(koʔ⁵),koq7,暂无
崇明,个(個),~个好得来(真是好啊),koq7(koʔ⁵),koq7,暂无
崇明,壳(殼),[空],khoq7(kʰoʔ⁵),khoq7,暂无
崇明,殻(殻),[空],khoq7(kʰoʔ⁵),khoq7,暂无
崇明,哭(哭),[空],khoq7(kʰoʔ⁵),khoq7,暂无
崇明,酷(酷),[空],khoq7(kʰoʔ⁵),khoq7,暂无
崇明,扩(擴),[空],khoq7(kʰoʔ⁵),khoq7,暂无
崇明,廓(廓),轮~,khoq7(kʰoʔ⁵),khoq7,暂无
崇明,个(個),三~,goq8(goʔ²),goq8,暂无
崇明,岳(嶽),[空],ngoq8(ɦŋoʔ²),ngoq8,暂无
崇明,岳(嶽),[空],ngoq8(ɦŋoʔ²),ngoq8,暂无
崇明,鄂(鄂),[空],ngoq8(ɦŋoʔ²),ngoq8,暂无
崇明,鳄(鱷),[空],ngoq8(ɦŋoʔ²),ngoq8,暂无
崇明,萼(萼),[空],ngoq8(ɦŋoʔ²),ngoq8,暂无
崇明,锷(鍔),[空],ngoq8(ɦŋoʔ²),ngoq8,暂无
崇明,颚(顎),[空],ngoq8(ɦŋoʔ²),ngoq8,暂无
崇明,愕(愕),[空],ngoq8(ɦŋoʔ²),ngoq8,暂无
崇明,腭(齶),[空],ngoq8(ɦŋoʔ²),ngoq8,暂无
崇明,噩(噩),[空],ngoq8(ɦŋoʔ²),ngoq8,暂无
崇明,咢(咢),[空],ngoq8(ɦŋoʔ²),ngoq8,暂无
崇明,霍(霍),[空],hoq7(hoʔ⁵),hoq7,暂无
崇明,藿(藿),[空],hoq7(hoʔ⁵),hoq7,暂无
崇明,壑(壑),[空],hoq7(hoʔ⁵),hoq7,暂无
崇明,镬(鑊),[空],ghoq8(hɦoʔ²),ghoq8,暂无
崇明,鹤(鶴),[空],ghoq8(hɦoʔ²),ghoq8,暂无
崇明,斛(斛),[空],ghoq8(hɦoʔ²),ghoq8,暂无
崇明,礐(礐),石~(石夯),ghoq8(hɦoʔ²),ghoq8,暂无
崇明,学(學),白读,ghoq8(hɦoʔ²),ghoq8,暂无
崇明,获(穫),收~。按，崇明话获得的获和收穫的穫不同音,ghoq8(hɦoʔ²),ghoq8,暂无
崇明,恶(惡),凶~,oq7(oʔ⁵),oq7,暂无
崇明,屋(屋),房~,uoq7(uoʔ⁵),uoq7,暂无
崇明,喔(喔),[空],uoq7(uoʔ⁵),uoq7,暂无
崇明,握(握),[空],uoq7(uoʔ⁵),uoq7,暂无
崇明,橘(橘),[空],cioq7(tɕyoʔ⁵),cioq7,暂无
崇明,鞠(鞠),[空],cioq7(tɕyoʔ⁵),cioq7,暂无
崇明,觉(覺),文读,cioq7(tɕyoʔ⁵),cioq7,暂无
崇明,决(決),白读,cioq7(tɕyoʔ⁵),cioq7,暂无
崇明,抉(抉),白读,cioq7(tɕyoʔ⁵),cioq7,暂无
崇明,诀(訣),白读,cioq7(tɕyoʔ⁵),cioq7,暂无
崇明,菊(菊),白读,cioq7(tɕyoʔ⁵),cioq7,暂无
崇明,孓(孓),白读,cioq7(tɕyoʔ⁵),cioq7,暂无
崇明,缺(缺),白读,chioq7(tɕʰyoʔ⁵),chioq7,暂无
崇明,确(確),白读,chioq7(tɕʰyoʔ⁵),chioq7,暂无
崇明,阙(闕),白读,chioq7(tɕʰyoʔ⁵),chioq7,暂无
崇明,局(局),白读,jioq8(dʑyoʔ²),jioq8,暂无
崇明,掘(掘),白读,jioq8(dʑyoʔ²),jioq8,暂无
崇明,剧(劇),[空],jioq8(dʑyoʔ²),jioq8,暂无
崇明,肉(肉),儿语：~~(肉),gnioq7(ʔȵyoʔ⁵),gnioq7,暂无
崇明,月(月),白读,gnioq8(ɦȵyoʔ²),gnioq8,暂无
崇明,玉(玉),[空],gnioq8(ɦȵyoʔ²),gnioq8,暂无
崇明,肉(肉),白读,gnioq8(ɦȵyoʔ²),gnioq8,暂无
崇明,𢫭(𢫭),揉，也可作“搙”,gnioq8(ɦȵyoʔ²),gnioq8,暂无
崇明,搙(搙),揉。《广韵》入声沃韵内沃切“捻搙”,gnioq8(ɦȵyoʔ²),gnioq8,暂无
崇明,褥(褥),弹~子(弹棉花)。《广韵》入声沃韵内沃切“小儿衣也”，又入声烛韵而蜀切“毡褥”,gnioq8(ɦȵyoʔ²),gnioq8,暂无
崇明,日(一),~夜(每夜),gnioq8(ɦȵyoʔ²),gnioq8,暂无
崇明,旭(旭),白读,shioq7(ɕyoʔ⁵),shioq7,暂无
崇明,恤(恤),白读,shioq7(ɕyoʔ⁵),shioq7,暂无
崇明,血(血),白读,shioq7(ɕyoʔ⁵),shioq7,暂无
崇明,噱(噱),白读,shioq7(ɕyoʔ⁵),shioq7,暂无
崇明,决(決),一~(形容速度极快)。《广韵》入声屑韵呼决切“小飞貌”,shioq7(ɕyoʔ⁵),shioq7,暂无
崇明,郁(郁),姓,ioq7(yoʔ⁵),ioq7,暂无
崇明,郁(鬱),[空],ioq7(yoʔ⁵),ioq7,暂无
崇明,鹬(鷸),[空],ioq7(yoʔ⁵),ioq7,暂无
崇明,乐(樂),音~,yoq8(ɦyoʔ²),yoq8,暂无
崇明,越(越),白读,yoq8(ɦyoʔ²),yoq8,暂无
崇明,粤(粵),白读,yoq8(ɦyoʔ²),yoq8,暂无
崇明,阅(閱),白读,yoq8(ɦyoʔ²),yoq8,暂无
崇明,悦(悅),白读,yoq8(ɦyoʔ²),yoq8,暂无
崇明,域(域),白读,yoq8(ɦyoʔ²),yoq8,暂无
崇明,欲(欲),白读,yoq8(ɦyoʔ²),yoq8,暂无
崇明,欲(欲),白读,yoq8(ɦyoʔ²),yoq8,暂无
崇明,浴(浴),白读,yoq8(ɦyoʔ²),yoq8,暂无
崇明,毓(毓),白读,yoq8(ɦyoʔ²),yoq8,暂无
崇明,昱(昱),白读,yoq8(ɦyoʔ²),yoq8,暂无
崇明,学(學),文读,yoq8(ɦyoʔ²),yoq8,暂无