where,word,mean,pinYin,Pronunciation
上海·市区(中新派),髭(髭),[空],tsy1(tsɿ⁵³),暂无
上海·市区(中新派),龇(齜),~牙,tsy1(tsɿ⁵³),暂无
上海·市区(中新派),资(資),[空],tsy1(tsɿ⁵³),暂无
上海·市区(中新派),姿(姿),[空],tsy1(tsɿ⁵³),暂无
上海·市区(中新派),咨(諮),[空],tsy1(tsɿ⁵³),暂无
上海·市区(中新派),兹(茲),[空],tsy1(tsɿ⁵³),暂无
上海·市区(中新派),滋(滋),[空],tsy1(tsɿ⁵³),暂无
上海·市区(中新派),孳(孳),[空],tsy1(tsɿ⁵³),暂无
上海·市区(中新派),孜(孜),[空],tsy1(tsɿ⁵³),暂无
上海·市区(中新派),淄(淄),[空],tsy1(tsɿ⁵³),暂无
上海·市区(中新派),辎(輜),[空],tsy1(tsɿ⁵³),暂无
上海·市区(中新派),锱(錙),[空],tsy1(tsɿ⁵³),暂无
上海·市区(中新派),知(知),[空],tsy1(tsɿ⁵³),暂无
上海·市区(中新派),蜘(蜘),[空],tsy1(tsɿ⁵³),暂无
上海·市区(中新派),支(支),[空],tsy1(tsɿ⁵³),暂无
上海·市区(中新派),肢(肢),[空],tsy1(tsɿ⁵³),暂无
上海·市区(中新派),枝(枝),[空],tsy1(tsɿ⁵³),暂无
上海·市区(中新派),栀(梔),[空],tsy1(tsɿ⁵³),暂无
上海·市区(中新派),吱(吱),[空],tsy1(tsɿ⁵³),暂无
上海·市区(中新派),脂(脂),[空],tsy1(tsɿ⁵³),暂无
上海·市区(中新派),芝(芝),[空],tsy1(tsɿ⁵³),暂无
上海·市区(中新派),智(智),[空],tsy1(tsɿ⁵³),暂无
上海·市区(中新派),猪(豬),[空],tsy1(tsɿ⁵³),暂无
上海·市区(中新派),诸(諸),[空],tsy1(tsɿ⁵³),暂无
上海·市区(中新派),诛(誅),[空],tsy1(tsɿ⁵³),暂无
上海·市区(中新派),株(株),[空],tsy1(tsɿ⁵³),暂无
上海·市区(中新派),朱(朱),[空],tsy1(tsɿ⁵³),暂无
上海·市区(中新派),朱(硃),[空],tsy1(tsɿ⁵³),暂无
上海·市区(中新派),侏(侏),[空],tsy1(tsɿ⁵³),暂无
上海·市区(中新派),珠(珠),[空],tsy1(tsɿ⁵³),暂无
上海·市区(中新派),茱(茱),~萸,tsy1(tsɿ⁵³),暂无
上海·市区(中新派),㨖(㨖),~鞋,tsy1(tsɿ⁵³),暂无
上海·市区(中新派),㿳(㿳),黑~~,tsy1(tsɿ⁵³),暂无
上海·市区(中新派),紫(紫),[空],tsy5(tsɿ³³⁴),暂无
上海·市区(中新派),姊(姊),[空],tsy5(tsɿ³³⁴),暂无
上海·市区(中新派),子(子),[空],tsy5(tsɿ³³⁴),暂无
上海·市区(中新派),籽(籽),[空],tsy5(tsɿ³³⁴),暂无
上海·市区(中新派),仔(仔),~细,tsy5(tsɿ³³⁴),暂无
上海·市区(中新派),梓(梓),[空],tsy5(tsɿ³³⁴),暂无
上海·市区(中新派),滓(滓),[空],tsy5(tsɿ³³⁴),暂无
上海·市区(中新派),恣(恣),[空],tsy5(tsɿ³³⁴),暂无
上海·市区(中新派),纸(紙),[空],tsy5(tsɿ³³⁴),暂无
上海·市区(中新派),咫(咫),[空],tsy5(tsɿ³³⁴),暂无
上海·市区(中新派),旨(旨),[空],tsy5(tsɿ³³⁴),暂无
上海·市区(中新派),指(指),[空],tsy5(tsɿ³³⁴),暂无
上海·市区(中新派),止(止),[空],tsy5(tsɿ³³⁴),暂无
上海·市区(中新派),趾(趾),[空],tsy5(tsɿ³³⁴),暂无
上海·市区(中新派),址(址),[空],tsy5(tsɿ³³⁴),暂无
上海·市区(中新派),芷(芷),[空],tsy5(tsɿ³³⁴),暂无
上海·市区(中新派),制(制),[空],tsy5(tsɿ³³⁴),暂无
上海·市区(中新派),制(製),[空],tsy5(tsɿ³³⁴),暂无
上海·市区(中新派),智(智),[空],tsy5(tsɿ³³⁴),暂无
上海·市区(中新派),致(致),[空],tsy5(tsɿ³³⁴),暂无
上海·市区(中新派),致(緻),[空],tsy5(tsɿ³³⁴),暂无
上海·市区(中新派),至(至),[空],tsy5(tsɿ³³⁴),暂无
上海·市区(中新派),挚(摯),[空],tsy5(tsɿ³³⁴),暂无
上海·市区(中新派),置(置),[空],tsy5(tsɿ³³⁴),暂无
上海·市区(中新派),志(志),[空],tsy5(tsɿ³³⁴),暂无
上海·市区(中新派),志(誌),[空],tsy5(tsɿ³³⁴),暂无
上海·市区(中新派),痣(痣),[空],tsy5(tsɿ³³⁴),暂无
上海·市区(中新派),识(識),标~,tsy5(tsɿ³³⁴),暂无
上海·市区(中新派),帜(幟),[空],tsy5(tsɿ³³⁴),暂无
上海·市区(中新派),之(之),[空],tsy5(tsɿ³³⁴),暂无
上海·市区(中新派),煮(煮),[空],tsy5(tsɿ³³⁴),暂无
上海·市区(中新派),着(著),[空],tsy5(tsɿ³³⁴),暂无
上海·市区(中新派),渚(渚),[空],tsy5(tsɿ³³⁴),暂无
上海·市区(中新派),主(主),[空],tsy5(tsɿ³³⁴),暂无
上海·市区(中新派),驻(駐),[空],tsy5(tsɿ³³⁴),暂无
上海·市区(中新派),拄(拄),[空],tsy5(tsɿ³³⁴),暂无
上海·市区(中新派),注(注),[空],tsy5(tsɿ³³⁴),暂无
上海·市区(中新派),注(註),[空],tsy5(tsɿ³³⁴),暂无
上海·市区(中新派),蛀(蛀),[空],tsy5(tsɿ³³⁴),暂无
上海·市区(中新派),炷(炷),[空],tsy5(tsɿ³³⁴),暂无
上海·市区(中新派),铸(鑄),[空],tsy5(tsɿ³³⁴),暂无
上海·市区(中新派),疰(疰),[空],tsy5(tsɿ³³⁴),暂无
上海·市区(中新派),嘴(嘴),白,tsy5(tsɿ³³⁴),暂无
上海·市区(中新派),仔(仔),吃~饭，助词,tsy5(tsɿ³³⁴),暂无
上海·市区(中新派),雌(雌),[空],tshy1(tsʰɿ⁵³),暂无
上海·市区(中新派),疵(疵),[空],tshy1(tsʰɿ⁵³),暂无
上海·市区(中新派),差(差),参~,tshy1(tsʰɿ⁵³),暂无
上海·市区(中新派),此(此),[空],tshy1(tsʰɿ⁵³),暂无
上海·市区(中新派),魑(魑),~魅,tshy1(tsʰɿ⁵³),暂无
上海·市区(中新派),眵(眵),[空],tshy1(tsʰɿ⁵³),暂无
上海·市区(中新派),鸱(鴟),[空],tshy1(tsʰɿ⁵³),暂无
上海·市区(中新派),痴(癡),[空],tshy1(tsʰɿ⁵³),暂无
上海·市区(中新派),笞(笞),[空],tshy1(tsʰɿ⁵³),暂无
上海·市区(中新派),嗤(嗤),[空],tshy1(tsʰɿ⁵³),暂无
上海·市区(中新派),吹(吹),白,tshy1(tsʰɿ⁵³),暂无
上海·市区(中新派),粢(粢),~饭,tshy1(tsʰɿ⁵³),暂无
上海·市区(中新派),跐(跐),[空],tshy5(tsʰɿ³³⁴),暂无
上海·市区(中新派),刺(刺),[空],tshy5(tsʰɿ³³⁴),暂无
上海·市区(中新派),厕(廁),[空],tshy5(tsʰɿ³³⁴),暂无
上海·市区(中新派),次(次),[空],tshy5(tsʰɿ³³⁴),暂无
上海·市区(中新派),侈(侈),[空],tshy5(tsʰɿ³³⁴),暂无
上海·市区(中新派),耻(恥),[空],tshy5(tsʰɿ³³⁴),暂无
上海·市区(中新派),齿(齒),[空],tshy5(tsʰɿ³³⁴),暂无
上海·市区(中新派),翅(翅),[空],tshy5(tsʰɿ³³⁴),暂无
上海·市区(中新派),褚(褚),[空],tshy5(tsʰɿ³³⁴),暂无
上海·市区(中新派),处(處),~理，~所,tshy5(tsʰɿ³³⁴),暂无
上海·市区(中新派),鼠(鼠),[空],tshy5(tsʰɿ³³⁴),暂无
上海·市区(中新派),斯(斯),[空],sy1(sɿ⁵³),暂无
上海·市区(中新派),撕(撕),[空],sy1(sɿ⁵³),暂无
上海·市区(中新派),嘶(嘶),[空],sy1(sɿ⁵³),暂无
上海·市区(中新派),厮(廝),[空],sy1(sɿ⁵³),暂无
上海·市区(中新派),私(私),[空],sy1(sɿ⁵³),暂无
上海·市区(中新派),司(司),[空],sy1(sɿ⁵³),暂无
上海·市区(中新派),丝(絲),[空],sy1(sɿ⁵³),暂无
上海·市区(中新派),思(思),[空],sy1(sɿ⁵³),暂无
上海·市区(中新派),鸶(鷥),鹭~,sy1(sɿ⁵³),暂无
上海·市区(中新派),蛳(螄),螺~,sy1(sɿ⁵³),暂无
上海·市区(中新派),施(施),[空],sy1(sɿ⁵³),暂无
上海·市区(中新派),师(師),[空],sy1(sɿ⁵³),暂无
上海·市区(中新派),狮(獅),[空],sy1(sɿ⁵³),暂无
上海·市区(中新派),尸(屍),[空],sy1(sɿ⁵³),暂无
上海·市区(中新派),诗(詩),[空],sy1(sɿ⁵³),暂无
上海·市区(中新派),世(世),[空],sy1(sɿ⁵³),暂无
上海·市区(中新派),势(勢),[空],sy1(sɿ⁵³),暂无
上海·市区(中新派),梳(梳),[空],sy1(sɿ⁵³),暂无
上海·市区(中新派),书(書),[空],sy1(sɿ⁵³),暂无
上海·市区(中新派),舒(舒),[空],sy1(sɿ⁵³),暂无
上海·市区(中新派),抒(抒),[空],sy1(sɿ⁵³),暂无
上海·市区(中新派),纾(紓),[空],sy1(sɿ⁵³),暂无
上海·市区(中新派),输(輸),[空],sy1(sɿ⁵³),暂无
上海·市区(中新派),枢(樞),[空],sy1(sɿ⁵³),暂无
上海·市区(中新派),筛(篩),[空],sy1(sɿ⁵³),暂无
上海·市区(中新派),尿(尿),白,sy1(sɿ⁵³),暂无
上海·市区(中新派),死(死),文,sy5(sɿ³³⁴),暂无
上海·市区(中新派),四(四),[空],sy5(sɿ³³⁴),暂无
上海·市区(中新派),泗(泗),[空],sy5(sɿ³³⁴),暂无
上海·市区(中新派),驷(駟),[空],sy5(sɿ³³⁴),暂无
上海·市区(中新派),肆(肆),[空],sy5(sɿ³³⁴),暂无
上海·市区(中新派),赐(賜),[空],sy5(sɿ³³⁴),暂无
上海·市区(中新派),屎(屎),[空],sy5(sɿ³³⁴),暂无
上海·市区(中新派),矢(矢),[空],sy5(sɿ³³⁴),暂无
上海·市区(中新派),豕(豕),[空],sy5(sɿ³³⁴),暂无
上海·市区(中新派),史(史),[空],sy5(sɿ³³⁴),暂无
上海·市区(中新派),使(使),[空],sy5(sɿ³³⁴),暂无
上海·市区(中新派),驶(駛),[空],sy5(sɿ³³⁴),暂无
上海·市区(中新派),始(始),[空],sy5(sɿ³³⁴),暂无
上海·市区(中新派),世(世),[空],sy5(sɿ³³⁴),暂无
上海·市区(中新派),势(勢),[空],sy5(sɿ³³⁴),暂无
上海·市区(中新派),试(試),[空],sy5(sɿ³³⁴),暂无
上海·市区(中新派),暑(暑),[空],sy5(sɿ³³⁴),暂无
上海·市区(中新派),黍(黍),[空],sy5(sɿ³³⁴),暂无
上海·市区(中新派),庶(庶),[空],sy5(sɿ³³⁴),暂无
上海·市区(中新派),恕(恕),[空],sy5(sɿ³³⁴),暂无
上海·市区(中新派),戍(戍),[空],sy5(sɿ³³⁴),暂无
上海·市区(中新派),水(水),白,sy5(sɿ³³⁴),暂无
上海·市区(中新派),瓷(瓷),[空],zy6(zɿ¹¹³),暂无
上海·市区(中新派),慈(慈),[空],zy6(zɿ¹¹³),暂无
上海·市区(中新派),磁(磁),[空],zy6(zɿ¹¹³),暂无
上海·市区(中新派),糍(糍),[空],zy6(zɿ¹¹³),暂无
上海·市区(中新派),词(詞),[空],zy6(zɿ¹¹³),暂无
上海·市区(中新派),祠(祠),[空],zy6(zɿ¹¹³),暂无
上海·市区(中新派),辞(辭),[空],zy6(zɿ¹¹³),暂无
上海·市区(中新派),伺(伺),[空],zy6(zɿ¹¹³),暂无
上海·市区(中新派),似(似),[空],zy6(zɿ¹¹³),暂无
上海·市区(中新派),祀(祀),[空],zy6(zɿ¹¹³),暂无
上海·市区(中新派),寺(寺),[空],zy6(zɿ¹¹³),暂无
上海·市区(中新派),巳(巳),[空],zy6(zɿ¹¹³),暂无
上海·市区(中新派),嗣(嗣),[空],zy6(zɿ¹¹³),暂无
上海·市区(中新派),饲(飼),[空],zy6(zɿ¹¹³),暂无
上海·市区(中新派),自(自),[空],zy6(zɿ¹¹³),暂无
上海·市区(中新派),字(字),[空],zy6(zɿ¹¹³),暂无
上海·市区(中新派),仔(仔),吃~饭，助词,zy6(zɿ¹¹³),暂无
上海·市区(中新派),池(池),[空],zy6(zɿ¹¹³),暂无
上海·市区(中新派),驰(馳),[空],zy6(zɿ¹¹³),暂无
上海·市区(中新派),弛(弛),[空],zy6(zɿ¹¹³),暂无
上海·市区(中新派),迟(遲),[空],zy6(zɿ¹¹³),暂无
上海·市区(中新派),匙(匙),[空],zy6(zɿ¹¹³),暂无
上海·市区(中新派),持(持),[空],zy6(zɿ¹¹³),暂无
上海·市区(中新派),时(時),[空],zy6(zɿ¹¹³),暂无
上海·市区(中新派),鲥(鰣),[空],zy6(zɿ¹¹³),暂无
上海·市区(中新派),莳(蒔),[空],zy6(zɿ¹¹³),暂无
上海·市区(中新派),逝(逝),[空],zy6(zɿ¹¹³),暂无
上海·市区(中新派),氏(氏),[空],zy6(zɿ¹¹³),暂无
上海·市区(中新派),誓(誓),[空],zy6(zɿ¹¹³),暂无
上海·市区(中新派),豉(豉),[空],zy6(zɿ¹¹³),暂无
上海·市区(中新派),是(是),[空],zy6(zɿ¹¹³),暂无
上海·市区(中新派),示(示),[空],zy6(zɿ¹¹³),暂无
上海·市区(中新派),视(視),[空],zy6(zɿ¹¹³),暂无
上海·市区(中新派),嗜(嗜),[空],zy6(zɿ¹¹³),暂无
上海·市区(中新派),士(士),[空],zy6(zɿ¹¹³),暂无
上海·市区(中新派),柿(柿),[空],zy6(zɿ¹¹³),暂无
上海·市区(中新派),仕(仕),[空],zy6(zɿ¹¹³),暂无
上海·市区(中新派),事(事),[空],zy6(zɿ¹¹³),暂无
上海·市区(中新派),市(市),[空],zy6(zɿ¹¹³),暂无
上海·市区(中新派),侍(侍),[空],zy6(zɿ¹¹³),暂无
上海·市区(中新派),恃(恃),[空],zy6(zɿ¹¹³),暂无
上海·市区(中新派),滞(滯),[空],zy6(zɿ¹¹³),暂无
上海·市区(中新派),稚(稚),[空],zy6(zɿ¹¹³),暂无
上海·市区(中新派),痔(痔),[空],zy6(zɿ¹¹³),暂无
上海·市区(中新派),峙(峙),[空],zy6(zɿ¹¹³),暂无
上海·市区(中新派),治(治),[空],zy6(zɿ¹¹³),暂无
上海·市区(中新派),除(除),[空],zy6(zɿ¹¹³),暂无
上海·市区(中新派),躇(躇),踌~,zy6(zɿ¹¹³),暂无
上海·市区(中新派),锄(鋤),[空],zy6(zɿ¹¹³),暂无
上海·市区(中新派),橱(櫥),[空],zy6(zɿ¹¹³),暂无
上海·市区(中新派),厨(廚),[空],zy6(zɿ¹¹³),暂无
上海·市区(中新派),雏(雛),[空],zy6(zɿ¹¹³),暂无
上海·市区(中新派),殊(殊),[空],zy6(zɿ¹¹³),暂无
上海·市区(中新派),署(署),[空],zy6(zɿ¹¹³),暂无
上海·市区(中新派),薯(薯),[空],zy6(zɿ¹¹³),暂无
上海·市区(中新派),曙(曙),[空],zy6(zɿ¹¹³),暂无
上海·市区(中新派),墅(墅),[空],zy6(zɿ¹¹³),暂无
上海·市区(中新派),树(樹),[空],zy6(zɿ¹¹³),暂无
上海·市区(中新派),竖(豎),[空],zy6(zɿ¹¹³),暂无
上海·市区(中新派),贮(貯),[空],zy6(zɿ¹¹³),暂无
上海·市区(中新派),伫(佇),[空],zy6(zɿ¹¹³),暂无
上海·市区(中新派),苎(苧),[空],zy6(zɿ¹¹³),暂无
上海·市区(中新派),柱(柱),[空],zy6(zɿ¹¹³),暂无
上海·市区(中新派),住(住),[空],zy6(zɿ¹¹³),暂无
上海·市区(中新派),箸(箸),[空],zy6(zɿ¹¹³),暂无
上海·市区(中新派),如(如),白,zy6(zɿ¹¹³),暂无
上海·市区(中新派),茹(茹),白,zy6(zɿ¹¹³),暂无
上海·市区(中新派),儒(儒),白,zy6(zɿ¹¹³),暂无
上海·市区(中新派),蠕(蠕),白,zy6(zɿ¹¹³),暂无
上海·市区(中新派),孺(孺),白,zy6(zɿ¹¹³),暂无
上海·市区(中新派),濡(濡),白,zy6(zɿ¹¹³),暂无
上海·市区(中新派),汝(汝),白,zy6(zɿ¹¹³),暂无
上海·市区(中新派),乳(乳),白,zy6(zɿ¹¹³),暂无
上海·市区(中新派),屄(屄),[空],pi1(pi⁵³),暂无
上海·市区(中新派),蓖(蓖),~麻,pi1(pi⁵³),暂无
上海·市区(中新派),篦(篦),梳~,pi1(pi⁵³),暂无
上海·市区(中新派),鞭(鞭),[空],pi1(pi⁵³),暂无
上海·市区(中新派),编(編),[空],pi1(pi⁵³),暂无
上海·市区(中新派),边(邊),[空],pi1(pi⁵³),暂无
上海·市区(中新派),蝙(蝙),~蝠,pi1(pi⁵³),暂无
上海·市区(中新派),鳊(鯿),[空],pi1(pi⁵³),暂无
上海·市区(中新派),煸(煸),[空],pi1(pi⁵³),暂无
上海·市区(中新派),砭(砭),[空],pi1(pi⁵³),暂无
上海·市区(中新派),彼(彼),[空],pi5(pi³³⁴),暂无
上海·市区(中新派),鄙(鄙),[空],pi5(pi³³⁴),暂无
上海·市区(中新派),匕(匕),[空],pi5(pi³³⁴),暂无
上海·市区(中新派),比(比),[空],pi5(pi³³⁴),暂无
上海·市区(中新派),妣(妣),[空],pi5(pi³³⁴),暂无
上海·市区(中新派),闭(閉),[空],pi5(pi³³⁴),暂无
上海·市区(中新派),蔽(蔽),[空],pi5(pi³³⁴),暂无
上海·市区(中新派),箅(箅),[空],pi5(pi³³⁴),暂无
上海·市区(中新派),臂(臂),[空],pi5(pi³³⁴),暂无
上海·市区(中新派),泌(泌),[空],pi5(pi³³⁴),暂无
上海·市区(中新派),秘(秘),白,pi5(pi³³⁴),暂无
上海·市区(中新派),变(變),[空],pi5(pi³³⁴),暂无
上海·市区(中新派),遍(遍),[空],pi5(pi³³⁴),暂无
上海·市区(中新派),贬(貶),[空],pi5(pi³³⁴),暂无
上海·市区(中新派),匾(匾),[空],pi5(pi³³⁴),暂无
上海·市区(中新派),扁(扁),[空],pi5(pi³³⁴),暂无
上海·市区(中新派),批(批),[空],phi1(pʰi⁵³),暂无
上海·市区(中新派),纰(紕),[空],phi1(pʰi⁵³),暂无
上海·市区(中新派),砒(砒),[空],phi1(pʰi⁵³),暂无
上海·市区(中新派),𠜱(𠜱),~肉,phi1(pʰi⁵³),暂无
上海·市区(中新派),披(披),[空],phi1(pʰi⁵³),暂无
上海·市区(中新派),丕(丕),[空],phi1(pʰi⁵³),暂无
上海·市区(中新派),篇(篇),[空],phi1(pʰi⁵³),暂无
上海·市区(中新派),偏(偏),[空],phi1(pʰi⁵³),暂无
上海·市区(中新派),翩(翩),[空],phi1(pʰi⁵³),暂无
上海·市区(中新派),蚍(蚍),~蜉,phi5(pʰi³³⁴),暂无
上海·市区(中新派),否(否),臧~,phi5(pʰi³³⁴),暂无
上海·市区(中新派),痞(痞),[空],phi5(pʰi³³⁴),暂无
上海·市区(中新派),媲(媲),[空],phi5(pʰi³³⁴),暂无
上海·市区(中新派),譬(譬),[空],phi5(pʰi³³⁴),暂无
上海·市区(中新派),屁(屁),[空],phi5(pʰi³³⁴),暂无
上海·市区(中新派),庇(庇),[空],phi5(pʰi³³⁴),暂无
上海·市区(中新派),骗(騙),[空],phi5(pʰi³³⁴),暂无
上海·市区(中新派),片(片),[空],phi5(pʰi³³⁴),暂无
上海·市区(中新派),皮(皮),[空],bi6(bi¹¹³),暂无
上海·市区(中新派),疲(疲),[空],bi6(bi¹¹³),暂无
上海·市区(中新派),陂(陂),[空],bi6(bi¹¹³),暂无
上海·市区(中新派),脾(脾),[空],bi6(bi¹¹³),暂无
上海·市区(中新派),琵(琵),[空],bi6(bi¹¹³),暂无
上海·市区(中新派),鲏(鮍),鳑~,bi6(bi¹¹³),暂无
上海·市区(中新派),敝(敝),[空],bi6(bi¹¹³),暂无
上海·市区(中新派),币(幣),[空],bi6(bi¹¹³),暂无
上海·市区(中新派),毙(斃),[空],bi6(bi¹¹³),暂无
上海·市区(中新派),弊(弊),[空],bi6(bi¹¹³),暂无
上海·市区(中新派),陛(陛),[空],bi6(bi¹¹³),暂无
上海·市区(中新派),婢(婢),[空],bi6(bi¹¹³),暂无
上海·市区(中新派),避(避),[空],bi6(bi¹¹³),暂无
上海·市区(中新派),痹(痺),[空],bi6(bi¹¹³),暂无
上海·市区(中新派),被(被),~头,bi6(bi¹¹³),暂无
上海·市区(中新派),肥(肥),~皂,bi6(bi¹¹³),暂无
上海·市区(中新派),啤(啤),~酒,bi6(bi¹¹³),暂无
上海·市区(中新派),鐾(鐾),[空],bi6(bi¹¹³),暂无
上海·市区(中新派),便(便),~宜,bi6(bi¹¹³),暂无
上海·市区(中新派),辨(辨),[空],bi6(bi¹¹³),暂无
上海·市区(中新派),辩(辯),[空],bi6(bi¹¹³),暂无
上海·市区(中新派),辫(辮),[空],bi6(bi¹¹³),暂无
上海·市区(中新派),骈(駢),[空],bi6(bi¹¹³),暂无
上海·市区(中新派),卞(卞),[空],bi6(bi¹¹³),暂无
上海·市区(中新派),汴(汴),[空],bi6(bi¹¹³),暂无
上海·市区(中新派),弁(弁),[空],bi6(bi¹¹³),暂无
上海·市区(中新派),坒(坒),一~瓦片，量词,bi6(bi¹¹³),暂无
上海·市区(中新派),薇(薇),蔷~花,bi6(bi¹¹³),暂无
上海·市区(中新派),咪(咪),[空],mi1(mi⁵³),暂无
上海·市区(中新派),眯(眯),[空],mi1(mi⁵³),暂无
上海·市区(中新派),𡬍(𡬍),~一歇，略睡,mi1(mi⁵³),暂无
上海·市区(中新派),秘(秘),文,mi5(mi³³⁴),暂无
上海·市区(中新派),勉(勉),[空],mi5(mi³³⁴),暂无
上海·市区(中新派),谜(謎),[空],mi6(mi¹¹³),暂无
上海·市区(中新派),迷(迷),[空],mi6(mi¹¹³),暂无
上海·市区(中新派),糜(糜),[空],mi6(mi¹¹³),暂无
上海·市区(中新派),弥(彌),[空],mi6(mi¹¹³),暂无
上海·市区(中新派),麋(麋),[空],mi6(mi¹¹³),暂无
上海·市区(中新派),米(米),[空],mi6(mi¹¹³),暂无
上海·市区(中新派),靡(靡),[空],mi6(mi¹¹³),暂无
上海·市区(中新派),醚(醚),[空],mi6(mi¹¹³),暂无
上海·市区(中新派),眉(眉),[空],mi6(mi¹¹³),暂无
上海·市区(中新派),嵋(嵋),[空],mi6(mi¹¹³),暂无
上海·市区(中新派),魅(魅),~魑,mi6(mi¹¹³),暂无
上海·市区(中新派),媚(媚),[空],mi6(mi¹¹³),暂无
上海·市区(中新派),尾(尾),白,mi6(mi¹¹³),暂无
上海·市区(中新派),味(味),白,mi6(mi¹¹³),暂无
上海·市区(中新派),棉(棉),[空],mi6(mi¹¹³),暂无
上海·市区(中新派),绵(綿),[空],mi6(mi¹¹³),暂无
上海·市区(中新派),眠(眠),[空],mi6(mi¹¹³),暂无
上海·市区(中新派),勉(勉),[空],mi6(mi¹¹³),暂无
上海·市区(中新派),免(免),[空],mi6(mi¹¹³),暂无
上海·市区(中新派),冕(冕),[空],mi6(mi¹¹³),暂无
上海·市区(中新派),缅(緬),[空],mi6(mi¹¹³),暂无
上海·市区(中新派),渑(澠),[空],mi6(mi¹¹³),暂无
上海·市区(中新派),沔(沔),[空],mi6(mi¹¹³),暂无
上海·市区(中新派),面(面),[空],mi6(mi¹¹³),暂无
上海·市区(中新派),麺(麺),[空],mi6(mi¹¹³),暂无
上海·市区(中新派),未(未),~勒，差得远，早着呢,mi6(mi¹¹³),暂无
上海·市区(中新派),非(非),[空],fi1(fi⁵³),暂无
上海·市区(中新派),飞(飛),[空],fi1(fi⁵³),暂无
上海·市区(中新派),啡(啡),咖~,fi1(fi⁵³),暂无
上海·市区(中新派),扉(扉),[空],fi1(fi⁵³),暂无
上海·市区(中新派),妃(妃),[空],fi1(fi⁵³),暂无
上海·市区(中新派),绯(緋),[空],fi1(fi⁵³),暂无
上海·市区(中新派),霏(霏),[空],fi1(fi⁵³),暂无
上海·市区(中新派),菲(菲),[空],fi1(fi⁵³),暂无
上海·市区(中新派),翡(翡),~翠,fi1(fi⁵³),暂无
上海·市区(中新派),沸(沸),[空],fi1(fi⁵³),暂无
上海·市区(中新派),痱(痱),~子。文,fi1(fi⁵³),暂无
上海·市区(中新派),匪(匪),[空],fi5(fi³³⁴),暂无
上海·市区(中新派),榧(榧),香~子,fi5(fi³³⁴),暂无
上海·市区(中新派),诽(誹),[空],fi5(fi³³⁴),暂无
上海·市区(中新派),斐(斐),[空],fi5(fi³³⁴),暂无
上海·市区(中新派),废(廢),[空],fi5(fi³³⁴),暂无
上海·市区(中新派),肺(肺),[空],fi5(fi³³⁴),暂无
上海·市区(中新派),费(費),[空],fi5(fi³³⁴),暂无
上海·市区(中新派),吠(吠),[空],fi5(fi³³⁴),暂无
上海·市区(中新派),䉬(䉬),芦~,fi5(fi³³⁴),暂无
上海·市区(中新派),肥(肥),[空],vi6(vi¹¹³),暂无
上海·市区(中新派),淝(淝),[空],vi6(vi¹¹³),暂无
上海·市区(中新派),腓(腓),[空],vi6(vi¹¹³),暂无
上海·市区(中新派),微(微),[空],vi6(vi¹¹³),暂无
上海·市区(中新派),唯(唯),[空],vi6(vi¹¹³),暂无
上海·市区(中新派),维(維),[空],vi6(vi¹¹³),暂无
上海·市区(中新派),惟(惟),[空],vi6(vi¹¹³),暂无
上海·市区(中新派),帷(帷),[空],vi6(vi¹¹³),暂无
上海·市区(中新派),薇(薇),[空],vi6(vi¹¹³),暂无
上海·市区(中新派),尾(尾),文,vi6(vi¹¹³),暂无
上海·市区(中新派),味(味),文,vi6(vi¹¹³),暂无
上海·市区(中新派),未(未),[空],vi6(vi¹¹³),暂无
上海·市区(中新派),费(費),姓,vi6(vi¹¹³),暂无
上海·市区(中新派),低(低),[空],ti1(ti⁵³),暂无
上海·市区(中新派),羝(羝),[空],ti1(ti⁵³),暂无
上海·市区(中新派),掂(掂),[空],ti1(ti⁵³),暂无
上海·市区(中新派),踮(踮),[空],ti1(ti⁵³),暂无
上海·市区(中新派),颠(顛),[空],ti1(ti⁵³),暂无
上海·市区(中新派),巅(巔),[空],ti1(ti⁵³),暂无
上海·市区(中新派),癫(癲),[空],ti1(ti⁵³),暂无
上海·市区(中新派),底(底),[空],ti5(ti³³⁴),暂无
上海·市区(中新派),诋(詆),[空],ti5(ti³³⁴),暂无
上海·市区(中新派),抵(抵),[空],ti5(ti³³⁴),暂无
上海·市区(中新派),邸(邸),[空],ti5(ti³³⁴),暂无
上海·市区(中新派),砥(砥),[空],ti5(ti³³⁴),暂无
上海·市区(中新派),帝(帝),[空],ti5(ti³³⁴),暂无
上海·市区(中新派),蒂(蒂),[空],ti5(ti³³⁴),暂无
上海·市区(中新派),缔(締),[空],ti5(ti³³⁴),暂无
上海·市区(中新派),谛(諦),[空],ti5(ti³³⁴),暂无
上海·市区(中新派),典(典),[空],ti5(ti³³⁴),暂无
上海·市区(中新派),点(點),[空],ti5(ti³³⁴),暂无
上海·市区(中新派),店(店),[空],ti5(ti³³⁴),暂无
上海·市区(中新派),惦(惦),[空],ti5(ti³³⁴),暂无
上海·市区(中新派),玷(玷),[空],ti5(ti³³⁴),暂无
上海·市区(中新派),癜(癜),白~疯,ti5(ti³³⁴),暂无
上海·市区(中新派),渧(渧),~水,ti5(ti³³⁴),暂无
上海·市区(中新派),梯(梯),[空],thi1(tʰi⁵³),暂无
上海·市区(中新派),天(天),[空],thi1(tʰi⁵³),暂无
上海·市区(中新派),添(添),[空],thi1(tʰi⁵³),暂无
上海·市区(中新派),锑(銻),[空],thi1(tʰi⁵³),暂无
上海·市区(中新派),体(體),[空],thi5(tʰi³³⁴),暂无
上海·市区(中新派),嚏(嚏),喷~,thi5(tʰi³³⁴),暂无
上海·市区(中新派),替(替),[空],thi5(tʰi³³⁴),暂无
上海·市区(中新派),屉(屜),[空],thi5(tʰi³³⁴),暂无
上海·市区(中新派),涕(涕),[空],thi5(tʰi³³⁴),暂无
上海·市区(中新派),剃(剃),[空],thi5(tʰi³³⁴),暂无
上海·市区(中新派),忝(忝),[空],thi5(tʰi³³⁴),暂无
上海·市区(中新派),舔(舔),[空],thi5(tʰi³³⁴),暂无
上海·市区(中新派),掭(掭),~火，~笔,thi5(tʰi³³⁴),暂无
上海·市区(中新派),题(題),[空],di6(di¹¹³),暂无
上海·市区(中新派),堤(堤),[空],di6(di¹¹³),暂无
上海·市区(中新派),提(提),[空],di6(di¹¹³),暂无
上海·市区(中新派),啼(啼),[空],di6(di¹¹³),暂无
上海·市区(中新派),蹄(蹄),[空],di6(di¹¹³),暂无
上海·市区(中新派),醍(醍),~醐,di6(di¹¹³),暂无
上海·市区(中新派),弟(弟),[空],di6(di¹¹³),暂无
上海·市区(中新派),第(第),[空],di6(di¹¹³),暂无
上海·市区(中新派),娣(娣),[空],di6(di¹¹³),暂无
上海·市区(中新派),递(遞),[空],di6(di¹¹³),暂无
上海·市区(中新派),地(地),[空],di6(di¹¹³),暂无
上海·市区(中新派),棣(棣),[空],di6(di¹¹³),暂无
上海·市区(中新派),隶(隸),[空],di6(di¹¹³),暂无
上海·市区(中新派),逮(逮),[空],di6(di¹¹³),暂无
上海·市区(中新派),甜(甜),[空],di6(di¹¹³),暂无
上海·市区(中新派),田(田),[空],di6(di¹¹³),暂无
上海·市区(中新派),恬(恬),[空],di6(di¹¹³),暂无
上海·市区(中新派),湉(湉),[空],di6(di¹¹³),暂无
上海·市区(中新派),填(填),[空],di6(di¹¹³),暂无
上海·市区(中新派),阗(闐),[空],di6(di¹¹³),暂无
上海·市区(中新派),垫(墊),[空],di6(di¹¹³),暂无
上海·市区(中新派),电(電),[空],di6(di¹¹³),暂无
上海·市区(中新派),奠(奠),[空],di6(di¹¹³),暂无
上海·市区(中新派),殿(殿),[空],di6(di¹¹³),暂无
上海·市区(中新派),淀(澱),[空],di6(di¹¹³),暂无
上海·市区(中新派),淀(澱),[空],di6(di¹¹³),暂无
上海·市区(中新派),钿(鈿),铜~，钱,di6(di¹¹³),暂无
上海·市区(中新派),佃(佃),[空],di6(di¹¹³),暂无
上海·市区(中新派),甸(甸),[空],di6(di¹¹³),暂无
上海·市区(中新派),靛(靛),[空],di6(di¹¹³),暂无
上海·市区(中新派),滇(滇),[空],di6(di¹¹³),暂无
上海·市区(中新派),㼭(㼭),~床脚,di6(di¹¹³),暂无
上海·市区(中新派),你(你),[空],ni1(ni⁵³),暂无
上海·市区(中新派),黎(黎),[空],li6(li¹¹³),暂无
上海·市区(中新派),犁(犁),[空],li6(li¹¹³),暂无
上海·市区(中新派),离(離),[空],li6(li¹¹³),暂无
上海·市区(中新派),篱(籬),[空],li6(li¹¹³),暂无
上海·市区(中新派),藜(藜),[空],li6(li¹¹³),暂无
上海·市区(中新派),漓(漓),[空],li6(li¹¹³),暂无
上海·市区(中新派),骊(驪),[空],li6(li¹¹³),暂无
上海·市区(中新派),鹂(鸝),[空],li6(li¹¹³),暂无
上海·市区(中新派),鲡(鱺),鳗~,li6(li¹¹³),暂无
上海·市区(中新派),梨(梨),[空],li6(li¹¹³),暂无
上海·市区(中新派),蠡(蠡),[空],li6(li¹¹³),暂无
上海·市区(中新派),蜊(蜊),蛤~,li6(li¹¹³),暂无
上海·市区(中新派),厘(厘),[空],li6(li¹¹³),暂无
上海·市区(中新派),狸(狸),[空],li6(li¹¹³),暂无
上海·市区(中新派),喱(喱),咖~,li6(li¹¹³),暂无
上海·市区(中新派),璃(璃),玻~,li6(li¹¹³),暂无
上海·市区(中新派),礼(禮),[空],li6(li¹¹³),暂无
上海·市区(中新派),李(李),[空],li6(li¹¹³),暂无
上海·市区(中新派),里(裡),[空],li6(li¹¹³),暂无
上海·市区(中新派),里(裡),[空],li6(li¹¹³),暂无
上海·市区(中新派),理(理),[空],li6(li¹¹³),暂无
上海·市区(中新派),鲤(鯉),[空],li6(li¹¹³),暂无
上海·市区(中新派),俚(俚),[空],li6(li¹¹³),暂无
上海·市区(中新派),娌(娌),[空],li6(li¹¹³),暂无
上海·市区(中新派),澧(澧),[空],li6(li¹¹³),暂无
上海·市区(中新派),醴(醴),[空],li6(li¹¹³),暂无
上海·市区(中新派),厉(厲),[空],li6(li¹¹³),暂无
上海·市区(中新派),励(勵),[空],li6(li¹¹³),暂无
上海·市区(中新派),砺(礪),[空],li6(li¹¹³),暂无
上海·市区(中新派),丽(麗),[空],li6(li¹¹³),暂无
上海·市区(中新派),俪(儷),[空],li6(li¹¹³),暂无
上海·市区(中新派),戾(戾),[空],li6(li¹¹³),暂无
上海·市区(中新派),泪(淚),[空],li6(li¹¹³),暂无
上海·市区(中新派),詈(詈),[空],li6(li¹¹³),暂无
上海·市区(中新派),利(利),[空],li6(li¹¹³),暂无
上海·市区(中新派),痢(痢),[空],li6(li¹¹³),暂无
上海·市区(中新派),俐(俐),[空],li6(li¹¹³),暂无
上海·市区(中新派),莉(莉),[空],li6(li¹¹³),暂无
上海·市区(中新派),莅(蒞),[空],li6(li¹¹³),暂无
上海·市区(中新派),吏(吏),[空],li6(li¹¹³),暂无
上海·市区(中新派),廉(廉),[空],li6(li¹¹³),暂无
上海·市区(中新派),镰(鐮),[空],li6(li¹¹³),暂无
上海·市区(中新派),帘(簾),[空],li6(li¹¹³),暂无
上海·市区(中新派),奁(奩),[空],li6(li¹¹³),暂无
上海·市区(中新派),连(連),[空],li6(li¹¹³),暂无
上海·市区(中新派),涟(漣),[空],li6(li¹¹³),暂无
上海·市区(中新派),鲢(鰱),[空],li6(li¹¹³),暂无
上海·市区(中新派),裢(褳),[空],li6(li¹¹³),暂无
上海·市区(中新派),联(聯),[空],li6(li¹¹³),暂无
上海·市区(中新派),怜(憐),[空],li6(li¹¹³),暂无
上海·市区(中新派),莲(蓮),[空],li6(li¹¹³),暂无
上海·市区(中新派),敛(斂),[空],li6(li¹¹³),暂无
上海·市区(中新派),脸(臉),[空],li6(li¹¹³),暂无
上海·市区(中新派),殓(殮),[空],li6(li¹¹³),暂无
上海·市区(中新派),练(練),[空],li6(li¹¹³),暂无
上海·市区(中新派),链(鏈),[空],li6(li¹¹³),暂无
上海·市区(中新派),炼(煉),[空],li6(li¹¹³),暂无
上海·市区(中新派),楝(楝),[空],li6(li¹¹³),暂无
上海·市区(中新派),恋(戀),[空],li6(li¹¹³),暂无
上海·市区(中新派),𤃀(𤃀),~干,li6(li¹¹³),暂无
上海·市区(中新派),謰(謰),~謱，语乱,li6(li¹¹³),暂无
上海·市区(中新派),鸡(雞),[空],ci1(tɕi⁵³),暂无
上海·市区(中新派),稽(稽),[空],ci1(tɕi⁵³),暂无
上海·市区(中新派),嵇(嵇),[空],ci1(tɕi⁵³),暂无
上海·市区(中新派),羁(羈),[空],ci1(tɕi⁵³),暂无
上海·市区(中新派),饥(饑),[空],ci1(tɕi⁵³),暂无
上海·市区(中新派),饥(饑),[空],ci1(tɕi⁵³),暂无
上海·市区(中新派),肌(肌),[空],ci1(tɕi⁵³),暂无
上海·市区(中新派),几(几),茶~,ci1(tɕi⁵³),暂无
上海·市区(中新派),几(幾),~乎,ci1(tɕi⁵³),暂无
上海·市区(中新派),基(基),[空],ci1(tɕi⁵³),暂无
上海·市区(中新派),箕(箕),[空],ci1(tɕi⁵³),暂无
上海·市区(中新派),姬(姬),[空],ci1(tɕi⁵³),暂无
上海·市区(中新派),机(機),[空],ci1(tɕi⁵³),暂无
上海·市区(中新派),讥(譏),[空],ci1(tɕi⁵³),暂无
上海·市区(中新派),矶(磯),[空],ci1(tɕi⁵³),暂无
上海·市区(中新派),叽(嘰),[空],ci1(tɕi⁵³),暂无
上海·市区(中新派),乩(乩),[空],ci1(tɕi⁵³),暂无
上海·市区(中新派),既(既),[空],ci1(tɕi⁵³),暂无
上海·市区(中新派),嗟(嗟),[空],ci1(tɕi⁵³),暂无
上海·市区(中新派),尖(尖),[空],ci1(tɕi⁵³),暂无
上海·市区(中新派),歼(殲),[空],ci1(tɕi⁵³),暂无
上海·市区(中新派),兼(兼),[空],ci1(tɕi⁵³),暂无
上海·市区(中新派),搛(搛),~菜,ci1(tɕi⁵³),暂无
上海·市区(中新派),蒹(蒹),[空],ci1(tɕi⁵³),暂无
上海·市区(中新派),艰(艱),[空],ci1(tɕi⁵³),暂无
上海·市区(中新派),间(間),文,ci1(tɕi⁵³),暂无
上海·市区(中新派),奸(奸),文,ci1(tɕi⁵³),暂无
上海·市区(中新派),奸(姦),文,ci1(tɕi⁵³),暂无
上海·市区(中新派),菅(菅),[空],ci1(tɕi⁵³),暂无
上海·市区(中新派),煎(煎),[空],ci1(tɕi⁵³),暂无
上海·市区(中新派),监(監),文,ci1(tɕi⁵³),暂无
上海·市区(中新派),笺(箋),[空],ci1(tɕi⁵³),暂无
上海·市区(中新派),肩(肩),[空],ci1(tɕi⁵³),暂无
上海·市区(中新派),坚(堅),[空],ci1(tɕi⁵³),暂无
上海·市区(中新派),朞(朞),周年,ci1(tɕi⁵³),暂无
上海·市区(中新派),挤(擠),[空],ci5(tɕi³³⁴),暂无
上海·市区(中新派),麂(麂),[空],ci5(tɕi³³⁴),暂无
上海·市区(中新派),己(己),[空],ci5(tɕi³³⁴),暂无
上海·市区(中新派),几(幾),~个,ci5(tɕi³³⁴),暂无
上海·市区(中新派),虮(蟣),壁~,ci5(tɕi³³⁴),暂无
上海·市区(中新派),祭(祭),[空],ci5(tɕi³³⁴),暂无
上海·市区(中新派),际(際),[空],ci5(tɕi³³⁴),暂无
上海·市区(中新派),穄(穄),[空],ci5(tɕi³³⁴),暂无
上海·市区(中新派),济(濟),[空],ci5(tɕi³³⁴),暂无
上海·市区(中新派),霁(霽),[空],ci5(tɕi³³⁴),暂无
上海·市区(中新派),剂(劑),[空],ci5(tɕi³³⁴),暂无
上海·市区(中新派),计(計),[空],ci5(tɕi³³⁴),暂无
上海·市区(中新派),继(繼),[空],ci5(tɕi³³⁴),暂无
上海·市区(中新派),繫(系),~鞋带,ci5(tɕi³³⁴),暂无
上海·市区(中新派),寄(寄),[空],ci5(tɕi³³⁴),暂无
上海·市区(中新派),冀(冀),[空],ci5(tɕi³³⁴),暂无
上海·市区(中新派),骥(驥),[空],ci5(tɕi³³⁴),暂无
上海·市区(中新派),纪(紀),[空],ci5(tɕi³³⁴),暂无
上海·市区(中新派),记(記),[空],ci5(tɕi³³⁴),暂无
上海·市区(中新派),既(既),[空],ci5(tɕi³³⁴),暂无
上海·市区(中新派),暨(暨),[空],ci5(tɕi³³⁴),暂无
上海·市区(中新派),季(季),[空],ci5(tɕi³³⁴),暂无
上海·市区(中新派),悸(悸),[空],ci5(tɕi³³⁴),暂无
上海·市区(中新派),姐(姐),文,ci5(tɕi³³⁴),暂无
上海·市区(中新派),缄(緘),[空],ci5(tɕi³³⁴),暂无
上海·市区(中新派),检(檢),[空],ci5(tɕi³³⁴),暂无
上海·市区(中新派),睑(瞼),[空],ci5(tɕi³³⁴),暂无
上海·市区(中新派),简(簡),[空],ci5(tɕi³³⁴),暂无
上海·市区(中新派),柬(柬),[空],ci5(tɕi³³⁴),暂无
上海·市区(中新派),拣(揀),文,ci5(tɕi³³⁴),暂无
上海·市区(中新派),剪(剪),[空],ci5(tɕi³³⁴),暂无
上海·市区(中新派),蹇(蹇),[空],ci5(tɕi³³⁴),暂无
上海·市区(中新派),謇(謇),[空],ci5(tɕi³³⁴),暂无
上海·市区(中新派),茧(繭),[空],ci5(tɕi³³⁴),暂无
上海·市区(中新派),鉴(鑒),文,ci5(tɕi³³⁴),暂无
上海·市区(中新派),剑(劍),[空],ci5(tɕi³³⁴),暂无
上海·市区(中新派),间(間),~断,ci5(tɕi³³⁴),暂无
上海·市区(中新派),谏(諫),[空],ci5(tɕi³³⁴),暂无
上海·市区(中新派),涧(澗),文,ci5(tɕi³³⁴),暂无
上海·市区(中新派),箭(箭),[空],ci5(tɕi³³⁴),暂无
上海·市区(中新派),溅(濺),[空],ci5(tɕi³³⁴),暂无
上海·市区(中新派),建(建),[空],ci5(tɕi³³⁴),暂无
上海·市区(中新派),毽(毽),~子,ci5(tɕi³³⁴),暂无
上海·市区(中新派),荐(荐),[空],ci5(tɕi³³⁴),暂无
上海·市区(中新派),荐(薦),[空],ci5(tɕi³³⁴),暂无
上海·市区(中新派),见(見),[空],ci5(tɕi³³⁴),暂无
上海·市区(中新派),左(左),~手,ci5(tɕi³³⁴),暂无
上海·市区(中新派),占(占),~地方,ci5(tɕi³³⁴),暂无
上海·市区(中新派),妻(妻),[空],chi1(tɕʰi⁵³),暂无
上海·市区(中新派),凄(淒),[空],chi1(tɕʰi⁵³),暂无
上海·市区(中新派),萋(萋),[空],chi1(tɕʰi⁵³),暂无
上海·市区(中新派),栖(棲),[空],chi1(tɕʰi⁵³),暂无
上海·市区(中新派),欺(欺),[空],chi1(tɕʰi⁵³),暂无
上海·市区(中新派),岂(豈),[空],chi1(tɕʰi⁵³),暂无
上海·市区(中新派),溪(溪),[空],chi1(tɕʰi⁵³),暂无
上海·市区(中新派),蛆(蛆),[空],chi1(tɕʰi⁵³),暂无
上海·市区(中新派),签(簽),[空],chi1(tɕʰi⁵³),暂无
上海·市区(中新派),签(簽),[空],chi1(tɕʰi⁵³),暂无
上海·市区(中新派),佥(僉),[空],chi1(tɕʰi⁵³),暂无
上海·市区(中新派),谦(謙),[空],chi1(tɕʰi⁵³),暂无
上海·市区(中新派),迁(遷),[空],chi1(tɕʰi⁵³),暂无
上海·市区(中新派),千(韆),[空],chi1(tɕʰi⁵³),暂无
上海·市区(中新派),骞(騫),[空],chi1(tɕʰi⁵³),暂无
上海·市区(中新派),千(千),[空],chi1(tɕʰi⁵³),暂无
上海·市区(中新派),阡(阡),[空],chi1(tɕʰi⁵³),暂无
上海·市区(中新派),仟(仟),[空],chi1(tɕʰi⁵³),暂无
上海·市区(中新派),芊(芊),[空],chi1(tɕʰi⁵³),暂无
上海·市区(中新派),扦(扡),[空],chi1(tɕʰi⁵³),暂无
上海·市区(中新派),钎(釺),[空],chi1(tɕʰi⁵³),暂无
上海·市区(中新派),牵(牽),[空],chi1(tɕʰi⁵³),暂无
上海·市区(中新派),歼(殲),[空],chi1(tɕʰi⁵³),暂无
上海·市区(中新派),笺(箋),[空],chi1(tɕʰi⁵³),暂无
上海·市区(中新派),椠(槧),~皮，削,chi1(tɕʰi⁵³),暂无
上海·市区(中新派),㹂(㹂),牛~仔头，犟而不从,chi1(tɕʰi⁵³),暂无
上海·市区(中新派),𥉐(𥉐),眼睛一~一~，目动,chi1(tɕʰi⁵³),暂无
上海·市区(中新派),启(啟),[空],chi5(tɕʰi³³⁴),暂无
上海·市区(中新派),企(企),[空],chi5(tɕʰi³³⁴),暂无
上海·市区(中新派),起(起),[空],chi5(tɕʰi³³⁴),暂无
上海·市区(中新派),杞(杞),[空],chi5(tɕʰi³³⁴),暂无
上海·市区(中新派),契(契),~约,chi5(tɕʰi³³⁴),暂无
上海·市区(中新派),砌(砌),[空],chi5(tɕʰi³³⁴),暂无
上海·市区(中新派),器(器),[空],chi5(tɕʰi³³⁴),暂无
上海·市区(中新派),弃(棄),[空],chi5(tɕʰi³³⁴),暂无
上海·市区(中新派),气(氣),[空],chi5(tɕʰi³³⁴),暂无
上海·市区(中新派),汽(汽),[空],chi5(tɕʰi³³⁴),暂无
上海·市区(中新派),跂(跂),[空],chi5(tɕʰi³³⁴),暂无
上海·市区(中新派),且(且),[空],chi5(tɕʰi³³⁴),暂无
上海·市区(中新派),去(去),白,chi5(tɕʰi³³⁴),暂无
上海·市区(中新派),浅(淺),[空],chi5(tɕʰi³³⁴),暂无
上海·市区(中新派),遣(遣),[空],chi5(tɕʰi³³⁴),暂无
上海·市区(中新派),缱(繾),~绻,chi5(tɕʰi³³⁴),暂无
上海·市区(中新派),谴(譴),[空],chi5(tɕʰi³³⁴),暂无
上海·市区(中新派),堑(塹),[空],chi5(tɕʰi³³⁴),暂无
上海·市区(中新派),欠(欠),[空],chi5(tɕʰi³³⁴),暂无
上海·市区(中新派),芡(芡),[空],chi5(tɕʰi³³⁴),暂无
上海·市区(中新派),歉(歉),[空],chi5(tɕʰi³³⁴),暂无
上海·市区(中新派),倩(倩),[空],chi5(tɕʰi³³⁴),暂无
上海·市区(中新派),茜(茜),[空],chi5(tɕʰi³³⁴),暂无
上海·市区(中新派),纤(縴),[空],chi5(tɕʰi³³⁴),暂无
上海·市区(中新派),㹂(㹂),[空],chi5(tɕʰi³³⁴),暂无
上海·市区(中新派),觑(覷),眯~眼，近视,chi5(tɕʰi³³⁴),暂无
上海·市区(中新派),期(期),[空],ji6(dʑi¹¹³),暂无
上海·市区(中新派),奇(奇),[空],ji6(dʑi¹¹³),暂无
上海·市区(中新派),骑(騎),[空],ji6(dʑi¹¹³),暂无
上海·市区(中新派),琦(琦),[空],ji6(dʑi¹¹³),暂无
上海·市区(中新派),锜(錡),[空],ji6(dʑi¹¹³),暂无
上海·市区(中新派),畸(畸),[空],ji6(dʑi¹¹³),暂无
上海·市区(中新派),岐(岐),[空],ji6(dʑi¹¹³),暂无
上海·市区(中新派),歧(歧),[空],ji6(dʑi¹¹³),暂无
上海·市区(中新派),芪(芪),[空],ji6(dʑi¹¹³),暂无
上海·市区(中新派),祇(祇),神~,ji6(dʑi¹¹³),暂无
上海·市区(中新派),崎(崎),[空],ji6(dʑi¹¹³),暂无
上海·市区(中新派),祁(祁),[空],ji6(dʑi¹¹³),暂无
上海·市区(中新派),耆(耆),[空],ji6(dʑi¹¹³),暂无
上海·市区(中新派),鳍(鰭),[空],ji6(dʑi¹¹³),暂无
上海·市区(中新派),其(其),[空],ji6(dʑi¹¹³),暂无
上海·市区(中新派),棋(棋),[空],ji6(dʑi¹¹³),暂无
上海·市区(中新派),旗(旗),[空],ji6(dʑi¹¹³),暂无
上海·市区(中新派),萁(萁),[空],ji6(dʑi¹¹³),暂无
上海·市区(中新派),蜞(蜞),[空],ji6(dʑi¹¹³),暂无
上海·市区(中新派),淇(淇),[空],ji6(dʑi¹¹³),暂无
上海·市区(中新派),祺(祺),[空],ji6(dʑi¹¹³),暂无
上海·市区(中新派),琪(琪),[空],ji6(dʑi¹¹³),暂无
上海·市区(中新派),麒(麒),[空],ji6(dʑi¹¹³),暂无
上海·市区(中新派),祈(祈),[空],ji6(dʑi¹¹³),暂无
上海·市区(中新派),颀(頎),[空],ji6(dʑi¹¹³),暂无
上海·市区(中新派),技(技),[空],ji6(dʑi¹¹³),暂无
上海·市区(中新派),妓(妓),[空],ji6(dʑi¹¹³),暂无
上海·市区(中新派),伎(伎),[空],ji6(dʑi¹¹³),暂无
上海·市区(中新派),忌(忌),[空],ji6(dʑi¹¹³),暂无
上海·市区(中新派),猗(猗),古~园,ji6(dʑi¹¹³),暂无
上海·市区(中新派),钳(鉗),[空],ji6(dʑi¹¹³),暂无
上海·市区(中新派),黔(黔),[空],ji6(dʑi¹¹³),暂无
上海·市区(中新派),干(乾),~坤,ji6(dʑi¹¹³),暂无
上海·市区(中新派),虔(虔),[空],ji6(dʑi¹¹³),暂无
上海·市区(中新派),掮(掮),[空],ji6(dʑi¹¹³),暂无
上海·市区(中新派),俭(儉),[空],ji6(dʑi¹¹³),暂无
上海·市区(中新派),件(件),[空],ji6(dʑi¹¹³),暂无
上海·市区(中新派),健(健),[空],ji6(dʑi¹¹³),暂无
上海·市区(中新派),键(鍵),[空],ji6(dʑi¹¹³),暂无
上海·市区(中新派),腱(腱),[空],ji6(dʑi¹¹³),暂无
上海·市区(中新派),揵(揵),~起手，举,ji6(dʑi¹¹³),暂无
上海·市区(中新派),拈(拈),[空],gni1(ȵi⁵³),暂无
上海·市区(中新派),粘(粘),[空],gni1(ȵi⁵³),暂无
上海·市区(中新派),撵(攆),[空],gni1(ȵi⁵³),暂无
上海·市区(中新派),捻(捻),[空],gni1(ȵi⁵³),暂无
上海·市区(中新派),碾(碾),[空],gni1(ȵi⁵³),暂无
上海·市区(中新派),研(研),[空],gni1(ȵi⁵³),暂无
上海·市区(中新派),妍(妍),[空],gni1(ȵi⁵³),暂无
上海·市区(中新派),抳(抳),~~嘴，擦,gni1(ȵi⁵³),暂无
上海·市区(中新派),泥(泥),[空],gni6(ȵi¹¹³),暂无
上海·市区(中新派),倪(倪),[空],gni6(ȵi¹¹³),暂无
上海·市区(中新派),霓(霓),[空],gni6(ȵi¹¹³),暂无
上海·市区(中新派),尼(尼),[空],gni6(ȵi¹¹³),暂无
上海·市区(中新派),呢(呢),[空],gni6(ȵi¹¹³),暂无
上海·市区(中新派),妮(妮),[空],gni6(ȵi¹¹³),暂无
上海·市区(中新派),伲(伲),我~，我们,gni6(ȵi¹¹³),暂无
上海·市区(中新派),拟(擬),[空],gni6(ȵi¹¹³),暂无
上海·市区(中新派),腻(膩),[空],gni6(ȵi¹¹³),暂无
上海·市区(中新派),宜(宜),[空],gni6(ȵi¹¹³),暂无
上海·市区(中新派),仪(儀),[空],gni6(ȵi¹¹³),暂无
上海·市区(中新派),疑(疑),[空],gni6(ȵi¹¹³),暂无
上海·市区(中新派),蚁(蟻),[空],gni6(ȵi¹¹³),暂无
上海·市区(中新派),尾(尾),白,gni6(ȵi¹¹³),暂无
上海·市区(中新派),艺(藝),[空],gni6(ȵi¹¹³),暂无
上海·市区(中新派),呓(囈),[空],gni6(ȵi¹¹³),暂无
上海·市区(中新派),诣(詣),[空],gni6(ȵi¹¹³),暂无
上海·市区(中新派),毅(毅),[空],gni6(ȵi¹¹³),暂无
上海·市区(中新派),谊(誼),[空],gni6(ȵi¹¹³),暂无
上海·市区(中新派),义(義),[空],gni6(ȵi¹¹³),暂无
上海·市区(中新派),议(議),[空],gni6(ȵi¹¹³),暂无
上海·市区(中新派),儿(兒),白,gni6(ȵi¹¹³),暂无
上海·市区(中新派),耳(耳),白,gni6(ȵi¹¹³),暂无
上海·市区(中新派),二(二),白,gni6(ȵi¹¹³),暂无
上海·市区(中新派),贰(貳),白,gni6(ȵi¹¹³),暂无
上海·市区(中新派),年(年),[空],gni6(ȵi¹¹³),暂无
上海·市区(中新派),念(念),[空],gni6(ȵi¹¹³),暂无
上海·市区(中新派),阎(閻),[空],gni6(ȵi¹¹³),暂无
上海·市区(中新派),严(嚴),[空],gni6(ȵi¹¹³),暂无
上海·市区(中新派),研(研),~墨,gni6(ȵi¹¹³),暂无
上海·市区(中新派),俨(儼),[空],gni6(ȵi¹¹³),暂无
上海·市区(中新派),验(驗),[空],gni6(ȵi¹¹³),暂无
上海·市区(中新派),酽(釅),[空],gni6(ȵi¹¹³),暂无
上海·市区(中新派),砚(硯),[空],gni6(ȵi¹¹³),暂无
上海·市区(中新派),染(染),白,gni6(ȵi¹¹³),暂无
上海·市区(中新派),西(西),[空],shi1(ɕi⁵³),暂无
上海·市区(中新派),犀(犀),[空],shi1(ɕi⁵³),暂无
上海·市区(中新派),粞(粞),[空],shi1(ɕi⁵³),暂无
上海·市区(中新派),兮(兮),[空],shi1(ɕi⁵³),暂无
上海·市区(中新派),奚(奚),[空],shi1(ɕi⁵³),暂无
上海·市区(中新派),曦(曦),[空],shi1(ɕi⁵³),暂无
上海·市区(中新派),羲(羲),[空],shi1(ɕi⁵³),暂无
上海·市区(中新派),牺(犧),[空],shi1(ɕi⁵³),暂无
上海·市区(中新派),嘻(嘻),[空],shi1(ɕi⁵³),暂无
上海·市区(中新派),嬉(嬉),[空],shi1(ɕi⁵³),暂无
上海·市区(中新派),熹(熹),[空],shi1(ɕi⁵³),暂无
上海·市区(中新派),熙(熙),[空],shi1(ɕi⁵³),暂无
上海·市区(中新派),希(希),[空],shi1(ɕi⁵³),暂无
上海·市区(中新派),稀(稀),[空],shi1(ɕi⁵³),暂无
上海·市区(中新派),髓(髓),骨~,shi1(ɕi⁵³),暂无
上海·市区(中新派),畦(畦),[空],shi1(ɕi⁵³),暂无
上海·市区(中新派),絮(絮),[空],shi1(ɕi⁵³),暂无
上海·市区(中新派),胥(胥),[空],shi1(ɕi⁵³),暂无
上海·市区(中新派),暹(暹),[空],shi1(ɕi⁵³),暂无
上海·市区(中新派),纤(纖),~维,shi1(ɕi⁵³),暂无
上海·市区(中新派),仙(仙),[空],shi1(ɕi⁵³),暂无
上海·市区(中新派),籼(秈),[空],shi1(ɕi⁵³),暂无
上海·市区(中新派),鲜(鮮),[空],shi1(ɕi⁵³),暂无
上海·市区(中新派),掀(掀),[空],shi1(ɕi⁵³),暂无
上海·市区(中新派),先(先),[空],shi1(ɕi⁵³),暂无
上海·市区(中新派),轩(軒),[空],shi1(ɕi⁵³),暂无
上海·市区(中新派),宣(宣),[空],shi1(ɕi⁵³),暂无
上海·市区(中新派),揎(揎),[空],shi1(ɕi⁵³),暂无
上海·市区(中新派),喧(喧),[空],shi1(ɕi⁵³),暂无
上海·市区(中新派),萱(萱),[空],shi1(ɕi⁵³),暂无
上海·市区(中新派),圾(圾),垃~,shi1(ɕi⁵³),暂无
上海·市区(中新派),些(些),[空],shi1(ɕi⁵³),暂无
上海·市区(中新派),妗(妗),~拨人家看，炫耀,shi1(ɕi⁵³),暂无
上海·市区(中新派),洗(洗),[空],shi5(ɕi³³⁴),暂无
上海·市区(中新派),玺(璽),[空],shi5(ɕi³³⁴),暂无
上海·市区(中新派),徙(徙),[空],shi5(ɕi³³⁴),暂无
上海·市区(中新派),喜(喜),[空],shi5(ɕi³³⁴),暂无
上海·市区(中新派),蟢(蟢),~子,shi5(ɕi³³⁴),暂无
上海·市区(中新派),禧(禧),[空],shi5(ɕi³³⁴),暂无
上海·市区(中新派),细(細),[空],shi5(ɕi³³⁴),暂无
上海·市区(中新派),係(系),[空],shi5(ɕi³³⁴),暂无
上海·市区(中新派),戏(戲),[空],shi5(ɕi³³⁴),暂无
上海·市区(中新派),死(死),白,shi5(ɕi³³⁴),暂无
上海·市区(中新派),婿(婿),[空],shi5(ɕi³³⁴),暂无
上海·市区(中新派),险(險),[空],shi5(ɕi³³⁴),暂无
上海·市区(中新派),藓(蘚),[空],shi5(ɕi³³⁴),暂无
上海·市区(中新派),跣(跣),[空],shi5(ɕi³³⁴),暂无
上海·市区(中新派),铣(銑),[空],shi5(ɕi³³⁴),暂无
上海·市区(中新派),筅(筅),[空],shi5(ɕi³³⁴),暂无
上海·市区(中新派),显(顯),[空],shi5(ɕi³³⁴),暂无
上海·市区(中新派),蚬(蜆),[空],shi5(ɕi³³⁴),暂无
上海·市区(中新派),苋(莧),[空],shi5(ɕi³³⁴),暂无
上海·市区(中新派),线(線),[空],shi5(ɕi³³⁴),暂无
上海·市区(中新派),宪(憲),[空],shi5(ɕi³³⁴),暂无
上海·市区(中新派),献(獻),[空],shi5(ɕi³³⁴),暂无
上海·市区(中新派),选(選),[空],shi5(ɕi³³⁴),暂无
上海·市区(中新派),癣(癬),[空],shi5(ɕi³³⁴),暂无
上海·市区(中新派),鏾(鏾),~鸡，阉,shi5(ɕi³³⁴),暂无
上海·市区(中新派),齐(齊),[空],zhi6(ʑi¹¹³),暂无
上海·市区(中新派),脐(臍),[空],zhi6(ʑi¹¹³),暂无
上海·市区(中新派),蛴(蠐),[空],zhi6(ʑi¹¹³),暂无
上海·市区(中新派),荠(薺),[空],zhi6(ʑi¹¹³),暂无
上海·市区(中新派),鲚(鱭),刀~，鱼,zhi6(ʑi¹¹³),暂无
上海·市区(中新派),徐(徐),[空],zhi6(ʑi¹¹³),暂无
上海·市区(中新派),潜(潛),[空],zhi6(ʑi¹¹³),暂无
上海·市区(中新派),钱(錢),[空],zhi6(ʑi¹¹³),暂无
上海·市区(中新派),前(前),[空],zhi6(ʑi¹¹³),暂无
上海·市区(中新派),渐(漸),[空],zhi6(ʑi¹¹³),暂无
上海·市区(中新派),践(踐),[空],zhi6(ʑi¹¹³),暂无
上海·市区(中新派),贱(賤),[空],zhi6(ʑi¹¹³),暂无
上海·市区(中新派),饯(餞),[空],zhi6(ʑi¹¹³),暂无
上海·市区(中新派),羡(羨),[空],zhi6(ʑi¹¹³),暂无
上海·市区(中新派),痊(痊),[空],zhi6(ʑi¹¹³),暂无
上海·市区(中新派),全(全),[空],zhi6(ʑi¹¹³),暂无
上海·市区(中新派),泉(泉),[空],zhi6(ʑi¹¹³),暂无
上海·市区(中新派),旋(旋),[空],zhi6(ʑi¹¹³),暂无
上海·市区(中新派),璇(璇),[空],zhi6(ʑi¹¹³),暂无
上海·市区(中新派),漩(漩),[空],zhi6(ʑi¹¹³),暂无
上海·市区(中新派),奚(奚),[空],yi6(ɦi¹¹³),暂无
上海·市区(中新派),系(系),[空],yi6(ɦi¹¹³),暂无
上海·市区(中新派),伊(伊),他,yi6(ɦi¹¹³),暂无
上海·市区(中新派),移(移),[空],yi6(ɦi¹¹³),暂无
上海·市区(中新派),簃(簃),[空],yi6(ɦi¹¹³),暂无
上海·市区(中新派),姨(姨),[空],yi6(ɦi¹¹³),暂无
上海·市区(中新派),夷(夷),[空],yi6(ɦi¹¹³),暂无
上海·市区(中新派),痍(痍),[空],yi6(ɦi¹¹³),暂无
上海·市区(中新派),彝(彝),[空],yi6(ɦi¹¹³),暂无
上海·市区(中新派),饴(飴),[空],yi6(ɦi¹¹³),暂无
上海·市区(中新派),怡(怡),[空],yi6(ɦi¹¹³),暂无
上海·市区(中新派),贻(貽),[空],yi6(ɦi¹¹³),暂无
上海·市区(中新派),胰(胰),[空],yi6(ɦi¹¹³),暂无
上海·市区(中新派),颐(頤),[空],yi6(ɦi¹¹³),暂无
上海·市区(中新派),沂(沂),[空],yi6(ɦi¹¹³),暂无
上海·市区(中新派),遗(遺),[空],yi6(ɦi¹¹³),暂无
上海·市区(中新派),矣(矣),[空],yi6(ɦi¹¹³),暂无
上海·市区(中新派),勚(勩),发条~脱，磨损,yi6(ɦi¹¹³),暂无
上海·市区(中新派),裔(裔),[空],yi6(ɦi¹¹³),暂无
上海·市区(中新派),诣(詣),[空],yi6(ɦi¹¹³),暂无
上海·市区(中新派),羿(羿),[空],yi6(ɦi¹¹³),暂无
上海·市区(中新派),异(異),[空],yi6(ɦi¹¹³),暂无
上海·市区(中新派),懿(懿),[空],yi6(ɦi¹¹³),暂无
上海·市区(中新派),肄(肄),[空],yi6(ɦi¹¹³),暂无
上海·市区(中新派),畦(畦),[空],yi6(ɦi¹¹³),暂无
上海·市区(中新派),炎(炎),[空],yi6(ɦi¹¹³),暂无
上海·市区(中新派),盐(鹽),[空],yi6(ɦi¹¹³),暂无
上海·市区(中新派),檐(簷),[空],yi6(ɦi¹¹³),暂无
上海·市区(中新派),阎(閻),[空],yi6(ɦi¹¹³),暂无
上海·市区(中新派),颜(顏),文,yi6(ɦi¹¹³),暂无
上海·市区(中新派),延(延),[空],yi6(ɦi¹¹³),暂无
上海·市区(中新派),筵(筵),[空],yi6(ɦi¹¹³),暂无
上海·市区(中新派),蜒(蜒),[空],yi6(ɦi¹¹³),暂无
上海·市区(中新派),言(言),[空],yi6(ɦi¹¹³),暂无
上海·市区(中新派),沿(沿),[空],yi6(ɦi¹¹³),暂无
上海·市区(中新派),衍(衍),[空],yi6(ɦi¹¹³),暂无
上海·市区(中新派),艳(艷),[空],yi6(ɦi¹¹³),暂无
上海·市区(中新派),焰(焰),[空],yi6(ɦi¹¹³),暂无
上海·市区(中新派),谚(諺),[空],yi6(ɦi¹¹³),暂无
上海·市区(中新派),彦(彥),[空],yi6(ɦi¹¹³),暂无
上海·市区(中新派),唁(唁),[空],yi6(ɦi¹¹³),暂无
上海·市区(中新派),闲(閒),文,yi6(ɦi¹¹³),暂无
上海·市区(中新派),娴(嫻),文,yi6(ɦi¹¹³),暂无
上海·市区(中新派),嫌(嫌),[空],yi6(ɦi¹¹³),暂无
上海·市区(中新派),涎(涎),[空],yi6(ɦi¹¹³),暂无
上海·市区(中新派),贤(賢),[空],yi6(ɦi¹¹³),暂无
上海·市区(中新派),弦(弦),[空],yi6(ɦi¹¹³),暂无
上海·市区(中新派),舷(舷),[空],yi6(ɦi¹¹³),暂无
上海·市区(中新派),陷(陷),文,yi6(ɦi¹¹³),暂无
上海·市区(中新派),馅(餡),文,yi6(ɦi¹¹³),暂无
上海·市区(中新派),现(現),[空],yi6(ɦi¹¹³),暂无
上海·市区(中新派),玄(玄),[空],yi6(ɦi¹¹³),暂无
上海·市区(中新派),眩(眩),[空],yi6(ɦi¹¹³),暂无
上海·市区(中新派),携(攜),[空],yi6(ɦi¹¹³),暂无
上海·市区(中新派),冶(冶),[空],yi6(ɦi¹¹³),暂无
上海·市区(中新派),又(又),[空],yi6(ɦi¹¹³),暂无
上海·市区(中新派),漪(漪),[空],i1(i⁵³),暂无
上海·市区(中新派),猗(猗),[空],i1(i⁵³),暂无
上海·市区(中新派),伊(伊),[空],i1(i⁵³),暂无
上海·市区(中新派),医(醫),[空],i1(i⁵³),暂无
上海·市区(中新派),依(依),[空],i1(i⁵³),暂无
上海·市区(中新派),衣(衣),[空],i1(i⁵³),暂无
上海·市区(中新派),铱(銥),[空],i1(i⁵³),暂无
上海·市区(中新派),瞖(瞖),[空],i1(i⁵³),暂无
上海·市区(中新派),淹(淹),[空],i1(i⁵³),暂无
上海·市区(中新派),焉(焉),[空],i1(i⁵³),暂无
上海·市区(中新派),蔫(蔫),[空],i1(i⁵³),暂无
上海·市区(中新派),嫣(嫣),[空],i1(i⁵³),暂无
上海·市区(中新派),烟(煙),[空],i1(i⁵³),暂无
上海·市区(中新派),胭(胭),[空],i1(i⁵³),暂无
上海·市区(中新派),阉(閹),[空],i1(i⁵³),暂无
上海·市区(中新派),腌(醃),[空],i1(i⁵³),暂无
上海·市区(中新派),咽(咽),~喉,i1(i⁵³),暂无
上海·市区(中新派),匽(匽),火~下去，隐,i1(i⁵³),暂无
上海·市区(中新派),𥀬(𥀬),一层~，疮痂,i1(i⁵³),暂无
上海·市区(中新派),倚(倚),[空],i5(i³³⁴),暂无
上海·市区(中新派),椅(椅),[空],i5(i³³⁴),暂无
上海·市区(中新派),已(已),[空],i5(i³³⁴),暂无
上海·市区(中新派),以(以),[空],i5(i³³⁴),暂无
上海·市区(中新派),诣(詣),[空],i5(i³³⁴),暂无
上海·市区(中新派),苡(苡),[空],i5(i³³⁴),暂无
上海·市区(中新派),易(易),容~,i5(i³³⁴),暂无
上海·市区(中新派),意(意),[空],i5(i³³⁴),暂无
上海·市区(中新派),屹(屹),[空],i5(i³³⁴),暂无
上海·市区(中新派),亿(億),[空],i5(i³³⁴),暂无
上海·市区(中新派),忆(憶),[空],i5(i³³⁴),暂无
上海·市区(中新派),臆(臆),[空],i5(i³³⁴),暂无
上海·市区(中新派),薏(薏),[空],i5(i³³⁴),暂无
上海·市区(中新派),癔(癔),[空],i5(i³³⁴),暂无
上海·市区(中新派),掩(掩),[空],i5(i³³⁴),暂无
上海·市区(中新派),魇(魘),[空],i5(i³³⁴),暂无
上海·市区(中新派),演(演),[空],i5(i³³⁴),暂无
上海·市区(中新派),厌(厭),[空],i5(i³³⁴),暂无
上海·市区(中新派),雁(雁),[空],i5(i³³⁴),暂无
上海·市区(中新派),晏(晏),文,i5(i³³⁴),暂无
上海·市区(中新派),堰(堰),[空],i5(i³³⁴),暂无
上海·市区(中新派),燕(燕),~子,i5(i³³⁴),暂无
上海·市区(中新派),咽(嚥),~下去,i5(i³³⁴),暂无
上海·市区(中新派),宴(宴),[空],i5(i³³⁴),暂无
上海·市区(中新派),䞁(䞁),~尺寸，量，比划,i5(i³³⁴),暂无
上海·市区(中新派),波(波),[空],pu1(pu⁵³),暂无
上海·市区(中新派),菠(菠),[空],pu1(pu⁵³),暂无
上海·市区(中新派),播(播),[空],pu1(pu⁵³),暂无
上海·市区(中新派),玻(玻),[空],pu1(pu⁵³),暂无
上海·市区(中新派),跛(跛),[空],pu1(pu⁵³),暂无
上海·市区(中新派),簸(簸),[空],pu1(pu⁵³),暂无
上海·市区(中新派),补(補),[空],pu5(pu³³⁴),暂无
上海·市区(中新派),谱(譜),[空],pu5(pu³³⁴),暂无
上海·市区(中新派),布(布),[空],pu5(pu³³⁴),暂无
上海·市区(中新派),怖(怖),[空],pu5(pu³³⁴),暂无
上海·市区(中新派),坡(坡),[空],phu1(pʰu⁵³),暂无
上海·市区(中新派),颇(頗),[空],phu1(pʰu⁵³),暂无
上海·市区(中新派),铺(鋪),~路,phu1(pʰu⁵³),暂无
上海·市区(中新派),潽(潽),水~出来，溢,phu1(pʰu⁵³),暂无
上海·市区(中新派),叵(叵),[空],phu5(pʰu³³⁴),暂无
上海·市区(中新派),破(破),[空],phu5(pʰu³³⁴),暂无
上海·市区(中新派),谱(譜),[空],phu5(pʰu³³⁴),暂无
上海·市区(中新派),圃(圃),[空],phu5(pʰu³³⁴),暂无
上海·市区(中新派),普(普),[空],phu5(pʰu³³⁴),暂无
上海·市区(中新派),浦(浦),[空],phu5(pʰu³³⁴),暂无
上海·市区(中新派),溥(溥),[空],phu5(pʰu³³⁴),暂无
上海·市区(中新派),铺(鋪),店~,phu5(pʰu³³⁴),暂无
上海·市区(中新派),剖(剖),[空],phu5(pʰu³³⁴),暂无
上海·市区(中新派),婆(婆),[空],bu6(bu¹¹³),暂无
上海·市区(中新派),鄱(鄱),[空],bu6(bu¹¹³),暂无
上海·市区(中新派),薄(薄),~荷,bu6(bu¹¹³),暂无
上海·市区(中新派),蒲(蒲),[空],bu6(bu¹¹³),暂无
上海·市区(中新派),菩(菩),[空],bu6(bu¹¹³),暂无
上海·市区(中新派),脯(脯),胸~,bu6(bu¹¹³),暂无
上海·市区(中新派),葡(葡),[空],bu6(bu¹¹³),暂无
上海·市区(中新派),匍(匍),[空],bu6(bu¹¹³),暂无
上海·市区(中新派),哺(哺),[空],bu6(bu¹¹³),暂无
上海·市区(中新派),捕(捕),[空],bu6(bu¹¹³),暂无
上海·市区(中新派),部(部),[空],bu6(bu¹¹³),暂无
上海·市区(中新派),簿(簿),[空],bu6(bu¹¹³),暂无
上海·市区(中新派),埠(埠),[空],bu6(bu¹¹³),暂无
上海·市区(中新派),步(步),[空],bu6(bu¹¹³),暂无
上海·市区(中新派),伏(伏),[空],bu6(bu¹¹³),暂无
上海·市区(中新派),孵(孵),~豆芽，~太阳,bu6(bu¹¹³),暂无
上海·市区(中新派),䈬(䈬),竹网,bu6(bu¹¹³),暂无
上海·市区(中新派),母(母),[空],mu1(mu⁵³),暂无
上海·市区(中新派),拇(拇),[空],mu1(mu⁵³),暂无
上海·市区(中新派),模(模),[空],mu6(mu¹¹³),暂无
上海·市区(中新派),牡(牡),[空],mu6(mu¹¹³),暂无
上海·市区(中新派),暮(暮),[空],mu6(mu¹¹³),暂无
上海·市区(中新派),慕(慕),[空],mu6(mu¹¹³),暂无
上海·市区(中新派),墓(墓),[空],mu6(mu¹¹³),暂无
上海·市区(中新派),募(募),[空],mu6(mu¹¹³),暂无
上海·市区(中新派),魔(魔),[空],mu6(mu¹¹³),暂无
上海·市区(中新派),磨(磨),[空],mu6(mu¹¹³),暂无
上海·市区(中新派),蘑(蘑),[空],mu6(mu¹¹³),暂无
上海·市区(中新派),摩(摩),[空],mu6(mu¹¹³),暂无
上海·市区(中新派),幕(幕),[空],mu6(mu¹¹³),暂无
上海·市区(中新派),摹(摹),[空],mu6(mu¹¹³),暂无
上海·市区(中新派),夫(夫),[空],fu1(fu⁵³),暂无
上海·市区(中新派),敷(敷),[空],fu1(fu⁵³),暂无
上海·市区(中新派),麸(麩),[空],fu1(fu⁵³),暂无
上海·市区(中新派),俘(俘),[空],fu1(fu⁵³),暂无
上海·市区(中新派),孚(孚),[空],fu1(fu⁵³),暂无
上海·市区(中新派),肤(膚),[空],fu5(fu³³⁴),暂无
上海·市区(中新派),府(府),[空],fu5(fu³³⁴),暂无
上海·市区(中新派),俯(俯),[空],fu5(fu³³⁴),暂无
上海·市区(中新派),腑(腑),[空],fu5(fu³³⁴),暂无
上海·市区(中新派),斧(斧),[空],fu5(fu³³⁴),暂无
上海·市区(中新派),甫(甫),[空],fu5(fu³³⁴),暂无
上海·市区(中新派),脯(脯),杏~,fu5(fu³³⁴),暂无
上海·市区(中新派),釜(釜),[空],fu5(fu³³⁴),暂无
上海·市区(中新派),辅(輔),[空],fu5(fu³³⁴),暂无
上海·市区(中新派),付(付),[空],fu5(fu³³⁴),暂无
上海·市区(中新派),赋(賦),[空],fu5(fu³³⁴),暂无
上海·市区(中新派),咐(咐),吩~,fu5(fu³³⁴),暂无
上海·市区(中新派),傅(傅),姓,fu5(fu³³⁴),暂无
上海·市区(中新派),赴(赴),[空],fu5(fu³³⁴),暂无
上海·市区(中新派),讣(訃),[空],fu5(fu³³⁴),暂无
上海·市区(中新派),富(富),[空],fu5(fu³³⁴),暂无
上海·市区(中新派),副(副),[空],fu5(fu³³⁴),暂无
上海·市区(中新派),匐(匐),匍~,fu5(fu³³⁴),暂无
上海·市区(中新派),符(符),[空],vu6(vu¹¹³),暂无
上海·市区(中新派),苻(苻),[空],vu6(vu¹¹³),暂无
上海·市区(中新派),扶(扶),[空],vu6(vu¹¹³),暂无
上海·市区(中新派),芙(芙),~蓉,vu6(vu¹¹³),暂无
上海·市区(中新派),浮(浮),[空],vu6(vu¹¹³),暂无
上海·市区(中新派),蜉(蜉),[空],vu6(vu¹¹³),暂无
上海·市区(中新派),桴(桴),[空],vu6(vu¹¹³),暂无
上海·市区(中新派),腐(腐),[空],vu6(vu¹¹³),暂无
上海·市区(中新派),辅(輔),[空],vu6(vu¹¹³),暂无
上海·市区(中新派),抚(撫),[空],vu6(vu¹¹³),暂无
上海·市区(中新派),拊(拊),[空],vu6(vu¹¹³),暂无
上海·市区(中新派),父(父),[空],vu6(vu¹¹³),暂无
上海·市区(中新派),附(附),[空],vu6(vu¹¹³),暂无
上海·市区(中新派),驸(駙),[空],vu6(vu¹¹³),暂无
上海·市区(中新派),妇(婦),[空],vu6(vu¹¹³),暂无
上海·市区(中新派),负(負),[空],vu6(vu¹¹³),暂无
上海·市区(中新派),阜(阜),[空],vu6(vu¹¹³),暂无
上海·市区(中新派),伏(伏),[空],vu6(vu¹¹³),暂无
上海·市区(中新派),孵(孵),[空],vu6(vu¹¹³),暂无
上海·市区(中新派),多(多),[空],tu1(tu⁵³),暂无
上海·市区(中新派),都(都),[空],tu1(tu⁵³),暂无
上海·市区(中新派),嘟(嘟),[空],tu1(tu⁵³),暂无
上海·市区(中新派),朵(朵),[空],tu5(tu³³⁴),暂无
上海·市区(中新派),躲(躲),[空],tu5(tu³³⁴),暂无
上海·市区(中新派),剁(剁),[空],tu5(tu³³⁴),暂无
上海·市区(中新派),堵(堵),[空],tu5(tu³³⁴),暂无
上海·市区(中新派),赌(賭),[空],tu5(tu³³⁴),暂无
上海·市区(中新派),肚(肚),猪~,tu5(tu³³⁴),暂无
上海·市区(中新派),睹(睹),[空],tu5(tu³³⁴),暂无
上海·市区(中新派),妒(妒),[空],tu5(tu³³⁴),暂无
上海·市区(中新派),蠹(蠹),[空],tu5(tu³³⁴),暂无
上海·市区(中新派),拖(拖),[空],thu1(tʰu⁵³),暂无
上海·市区(中新派),妥(妥),[空],thu5(tʰu³³⁴),暂无
上海·市区(中新派),椭(橢),[空],thu5(tʰu³³⁴),暂无
上海·市区(中新派),唾(唾),[空],thu5(tʰu³³⁴),暂无
上海·市区(中新派),吐(吐),~痰，呕~,thu5(tʰu³³⁴),暂无
上海·市区(中新派),土(土),[空],thu5(tʰu³³⁴),暂无
上海·市区(中新派),兔(兔),[空],thu5(tʰu³³⁴),暂无
上海·市区(中新派),堍(堍),[空],thu5(tʰu³³⁴),暂无
上海·市区(中新派),毻(毻),~毛，蜕,thu5(tʰu³³⁴),暂无
上海·市区(中新派),陀(陀),[空],du6(du¹¹³),暂无
上海·市区(中新派),驼(駝),[空],du6(du¹¹³),暂无
上海·市区(中新派),沱(沱),[空],du6(du¹¹³),暂无
上海·市区(中新派),驮(馱),[空],du6(du¹¹³),暂无
上海·市区(中新派),坨(坨),[空],du6(du¹¹³),暂无
上海·市区(中新派),陀(陀),[空],du6(du¹¹³),暂无
上海·市区(中新派),鸵(鴕),[空],du6(du¹¹³),暂无
上海·市区(中新派),砣(砣),[空],du6(du¹¹³),暂无
上海·市区(中新派),舵(舵),[空],du6(du¹¹³),暂无
上海·市区(中新派),堕(墮),[空],du6(du¹¹³),暂无
上海·市区(中新派),惰(惰),[空],du6(du¹¹³),暂无
上海·市区(中新派),徒(徒),[空],du6(du¹¹³),暂无
上海·市区(中新派),屠(屠),[空],du6(du¹¹³),暂无
上海·市区(中新派),涂(涂),[空],du6(du¹¹³),暂无
上海·市区(中新派),图(圖),[空],du6(du¹¹³),暂无
上海·市区(中新派),荼(荼),[空],du6(du¹¹³),暂无
上海·市区(中新派),杜(杜),[空],du6(du¹¹³),暂无
上海·市区(中新派),肚(肚),~皮,du6(du¹¹³),暂无
上海·市区(中新派),度(度),[空],du6(du¹¹³),暂无
上海·市区(中新派),渡(渡),[空],du6(du¹¹³),暂无
上海·市区(中新派),镀(鍍),[空],du6(du¹¹³),暂无
上海·市区(中新派),大(大),白,du6(du¹¹³),暂无
上海·市区(中新派),糯(糯),[空],nu6(nu¹¹³),暂无
上海·市区(中新派),奴(奴),[空],nu6(nu¹¹³),暂无
上海·市区(中新派),努(努),[空],nu6(nu¹¹³),暂无
上海·市区(中新派),怒(怒),[空],nu6(nu¹¹³),暂无
上海·市区(中新派),弩(弩),[空],nu6(nu¹¹³),暂无
上海·市区(中新派),驽(駑),[空],nu6(nu¹¹³),暂无
上海·市区(中新派),孥(孥),[空],nu6(nu¹¹³),暂无
上海·市区(中新派),噜(嚕),~苏,lu1(lu⁵³),暂无
上海·市区(中新派),攎(攎),~拢来,lu1(lu⁵³),暂无
上海·市区(中新派),橹(櫓),~袖子管，~~手，~齐,lu1(lu⁵³),暂无
上海·市区(中新派),罗(羅),[空],lu6(lu¹¹³),暂无
上海·市区(中新派),锣(鑼),[空],lu6(lu¹¹³),暂无
上海·市区(中新派),箩(籮),[空],lu6(lu¹¹³),暂无
上海·市区(中新派),萝(蘿),[空],lu6(lu¹¹³),暂无
上海·市区(中新派),逻(邏),[空],lu6(lu¹¹³),暂无
上海·市区(中新派),骡(騾),[空],lu6(lu¹¹³),暂无
上海·市区(中新派),螺(螺),[空],lu6(lu¹¹³),暂无
上海·市区(中新派),𤄷(𤄷),[空],lu6(lu¹¹³),暂无
上海·市区(中新派),脶(腡),[空],lu6(lu¹¹³),暂无
上海·市区(中新派),猡(玀),猪~,lu6(lu¹¹³),暂无
上海·市区(中新派),裸(裸),[空],lu6(lu¹¹³),暂无
上海·市区(中新派),芦(蘆),[空],lu6(lu¹¹³),暂无
上海·市区(中新派),泸(瀘),[空],lu6(lu¹¹³),暂无
上海·市区(中新派),庐(廬),[空],lu6(lu¹¹³),暂无
上海·市区(中新派),炉(爐),[空],lu6(lu¹¹³),暂无
上海·市区(中新派),颅(顱),[空],lu6(lu¹¹³),暂无
上海·市区(中新派),鲈(鱸),[空],lu6(lu¹¹³),暂无
上海·市区(中新派),轳(轤),[空],lu6(lu¹¹³),暂无
上海·市区(中新派),鲁(魯),[空],lu6(lu¹¹³),暂无
上海·市区(中新派),虏(虜),[空],lu6(lu¹¹³),暂无
上海·市区(中新派),掳(擄),[空],lu6(lu¹¹³),暂无
上海·市区(中新派),橹(櫓),[空],lu6(lu¹¹³),暂无
上海·市区(中新派),撸(擼),[空],lu6(lu¹¹³),暂无
上海·市区(中新派),卤(鹵),[空],lu6(lu¹¹³),暂无
上海·市区(中新派),路(路),[空],lu6(lu¹¹³),暂无
上海·市区(中新派),露(露),[空],lu6(lu¹¹³),暂无
上海·市区(中新派),赂(賂),[空],lu6(lu¹¹³),暂无
上海·市区(中新派),璐(璐),[空],lu6(lu¹¹³),暂无
上海·市区(中新派),潞(潞),[空],lu6(lu¹¹³),暂无
上海·市区(中新派),鹭(鷺),~鸶,lu6(lu¹¹³),暂无
上海·市区(中新派),驴(驢),[空],lu6(lu¹¹³),暂无
上海·市区(中新派),租(租),[空],tsu1(tsu⁵³),暂无
上海·市区(中新派),左(左),[空],tsu5(tsu³³⁴),暂无
上海·市区(中新派),佐(佐),[空],tsu5(tsu³³⁴),暂无
上海·市区(中新派),做(做),[空],tsu5(tsu³³⁴),暂无
上海·市区(中新派),祖(祖),[空],tsu5(tsu³³⁴),暂无
上海·市区(中新派),阻(阻),[空],tsu5(tsu³³⁴),暂无
上海·市区(中新派),组(組),[空],tsu5(tsu³³⁴),暂无
上海·市区(中新派),诅(詛),[空],tsu5(tsu³³⁴),暂无
上海·市区(中新派),俎(俎),[空],tsu5(tsu³³⁴),暂无
上海·市区(中新派),搓(搓),[空],tshu1(tsʰu⁵³),暂无
上海·市区(中新派),蹉(蹉),~脚，蹍，擦,tshu1(tsʰu⁵³),暂无
上海·市区(中新派),磋(磋),[空],tshu1(tsʰu⁵³),暂无
上海·市区(中新派),错(錯),差~,tshu1(tsʰu⁵³),暂无
上海·市区(中新派),粗(粗),[空],tshu1(tsʰu⁵³),暂无
上海·市区(中新派),初(初),[空],tshu1(tsʰu⁵³),暂无
上海·市区(中新派),挫(挫),[空],tshu5(tsʰu³³⁴),暂无
上海·市区(中新派),锉(銼),[空],tshu5(tsʰu³³⁴),暂无
上海·市区(中新派),错(錯),~脱一笔账，弄错,tshu5(tsʰu³³⁴),暂无
上海·市区(中新派),措(措),[空],tshu5(tsʰu³³⁴),暂无
上海·市区(中新派),醋(醋),[空],tshu5(tsʰu³³⁴),暂无
上海·市区(中新派),楚(楚),[空],tshu5(tsʰu³³⁴),暂无
上海·市区(中新派),础(礎),[空],tshu5(tsʰu³³⁴),暂无
上海·市区(中新派),蓑(蓑),[空],su1(su⁵³),暂无
上海·市区(中新派),梭(梭),[空],su1(su⁵³),暂无
上海·市区(中新派),苏(囌),噜~,su1(su⁵³),暂无
上海·市区(中新派),苏(蘇),[空],su1(su⁵³),暂无
上海·市区(中新派),酥(酥),[空],su1(su⁵³),暂无
上海·市区(中新派),稣(穌),[空],su1(su⁵³),暂无
上海·市区(中新派),疏(疏),[空],su1(su⁵³),暂无
上海·市区(中新派),蔬(蔬),[空],su1(su⁵³),暂无
上海·市区(中新派),锁(鎖),[空],su5(su³³⁴),暂无
上海·市区(中新派),琐(瑣),[空],su5(su³³⁴),暂无
上海·市区(中新派),唢(嗩),~呐,su5(su³³⁴),暂无
上海·市区(中新派),所(所),[空],su5(su³³⁴),暂无
上海·市区(中新派),素(素),[空],su5(su³³⁴),暂无
上海·市区(中新派),嗉(嗉),[空],su5(su³³⁴),暂无
上海·市区(中新派),诉(訴),[空],su5(su³³⁴),暂无
上海·市区(中新派),塑(塑),[空],su5(su³³⁴),暂无
上海·市区(中新派),数(數),[空],su5(su³³⁴),暂无
上海·市区(中新派),漱(漱),~口,su5(su³³⁴),暂无
上海·市区(中新派),戍(戍),[空],su5(su³³⁴),暂无
上海·市区(中新派),坐(坐),[空],zu6(zu¹¹³),暂无
上海·市区(中新派),座(座),[空],zu6(zu¹¹³),暂无
上海·市区(中新派),锄(鋤),[空],zu6(zu¹¹³),暂无
上海·市区(中新派),助(助),[空],zu6(zu¹¹³),暂无
上海·市区(中新派),䠡(䠡),~被头窠，脚踩蹍,zu6(zu¹¹³),暂无
上海·市区(中新派),歌(歌),[空],ku1(ku⁵³),暂无
上海·市区(中新派),哥(哥),[空],ku1(ku⁵³),暂无
上海·市区(中新派),戈(戈),[空],ku1(ku⁵³),暂无
上海·市区(中新派),锅(鍋),[空],ku1(ku⁵³),暂无
上海·市区(中新派),姑(姑),[空],ku1(ku⁵³),暂无
上海·市区(中新派),沽(沽),[空],ku1(ku⁵³),暂无
上海·市区(中新派),蛄(蛄),[空],ku1(ku⁵³),暂无
上海·市区(中新派),辜(辜),[空],ku1(ku⁵³),暂无
上海·市区(中新派),鸪(鴣),[空],ku1(ku⁵³),暂无
上海·市区(中新派),菇(菇),[空],ku1(ku⁵³),暂无
上海·市区(中新派),箍(箍),[空],ku1(ku⁵³),暂无
上海·市区(中新派),孤(孤),[空],ku1(ku⁵³),暂无
上海·市区(中新派),个(個),~人,ku5(ku³³⁴),暂无
上海·市区(中新派),果(果),[空],ku5(ku³³⁴),暂无
上海·市区(中新派),裹(裹),[空],ku5(ku³³⁴),暂无
上海·市区(中新派),过(過),[空],ku5(ku³³⁴),暂无
上海·市区(中新派),蜗(蝸),[空],ku5(ku³³⁴),暂无
上海·市区(中新派),估(估),[空],ku5(ku³³⁴),暂无
上海·市区(中新派),古(古),[空],ku5(ku³³⁴),暂无
上海·市区(中新派),牯(牯),[空],ku5(ku³³⁴),暂无
上海·市区(中新派),股(股),[空],ku5(ku³³⁴),暂无
上海·市区(中新派),鼓(鼓),[空],ku5(ku³³⁴),暂无
上海·市区(中新派),臌(臌),[空],ku5(ku³³⁴),暂无
上海·市区(中新派),瞽(瞽),[空],ku5(ku³³⁴),暂无
上海·市区(中新派),贾(賈),商~,ku5(ku³³⁴),暂无
上海·市区(中新派),蛊(蠱),[空],ku5(ku³³⁴),暂无
上海·市区(中新派),诂(詁),[空],ku5(ku³³⁴),暂无
上海·市区(中新派),故(故),[空],ku5(ku³³⁴),暂无
上海·市区(中新派),固(固),[空],ku5(ku³³⁴),暂无
上海·市区(中新派),锢(錮),[空],ku5(ku³³⁴),暂无
上海·市区(中新派),雇(僱),[空],ku5(ku³³⁴),暂无
上海·市区(中新派),顾(顧),[空],ku5(ku³³⁴),暂无
上海·市区(中新派),柯(柯),[空],khu1(kʰu⁵³),暂无
上海·市区(中新派),轲(軻),[空],khu1(kʰu⁵³),暂无
上海·市区(中新派),髁(髁),脚~骨,khu1(kʰu⁵³),暂无
上海·市区(中新派),苛(苛),[空],khu1(kʰu⁵³),暂无
上海·市区(中新派),科(科),[空],khu1(kʰu⁵³),暂无
上海·市区(中新派),棵(棵),[空],khu1(kʰu⁵³),暂无
上海·市区(中新派),窠(窠),[空],khu1(kʰu⁵³),暂无
上海·市区(中新派),稞(稞),[空],khu1(kʰu⁵³),暂无
上海·市区(中新派),蝌(蝌),[空],khu1(kʰu⁵³),暂无
上海·市区(中新派),枯(枯),[空],khu1(kʰu⁵³),暂无
上海·市区(中新派),骷(骷),~髅,khu1(kʰu⁵³),暂无
上海·市区(中新派),库(庫),[空],khu1(kʰu⁵³),暂无
上海·市区(中新派),颗(顆),[空],khu5(kʰu³³⁴),暂无
上海·市区(中新派),可(可),[空],khu5(kʰu³³⁴),暂无
上海·市区(中新派),坷(坷),坎~,khu5(kʰu³³⁴),暂无
上海·市区(中新派),课(課),[空],khu5(kʰu³³⁴),暂无
上海·市区(中新派),苦(苦),[空],khu5(kʰu³³⁴),暂无
上海·市区(中新派),裤(褲),[空],khu5(kʰu³³⁴),暂无
上海·市区(中新派),我(我),文,ngu1(ŋu⁵³),暂无
上海·市区(中新派),蛾(蛾),[空],ngu6(ŋu¹¹³),暂无
上海·市区(中新派),鹅(鵝),[空],ngu6(ŋu¹¹³),暂无
上海·市区(中新派),俄(俄),[空],ngu6(ŋu¹¹³),暂无
上海·市区(中新派),峨(峨),[空],ngu6(ŋu¹¹³),暂无
上海·市区(中新派),娥(娥),[空],ngu6(ŋu¹¹³),暂无
上海·市区(中新派),讹(訛),[空],ngu6(ŋu¹¹³),暂无
上海·市区(中新派),饿(餓),[空],ngu6(ŋu¹¹³),暂无
上海·市区(中新派),我(我),白,ngu6(ŋu¹¹³),暂无
上海·市区(中新派),卧(臥),[空],ngu6(ŋu¹¹³),暂无
上海·市区(中新派),吾(吾),[空],ngu6(ŋu¹¹³),暂无
上海·市区(中新派),梧(梧),[空],ngu6(ŋu¹¹³),暂无
上海·市区(中新派),误(誤),[空],ngu6(ŋu¹¹³),暂无
上海·市区(中新派),悟(悟),[空],ngu6(ŋu¹¹³),暂无
上海·市区(中新派),晤(晤),[空],ngu6(ŋu¹¹³),暂无
上海·市区(中新派),互(互),[空],ngu6(ŋu¹¹³),暂无
上海·市区(中新派),寤(寤),[空],ngu6(ŋu¹¹³),暂无
上海·市区(中新派),呼(呼),[空],hu1(hu⁵³),暂无
上海·市区(中新派),乎(乎),[空],hu1(hu⁵³),暂无
上海·市区(中新派),荷(荷),薄~,hu5(hu³³⁴),暂无
上海·市区(中新派),火(火),[空],hu5(hu³³⁴),暂无
上海·市区(中新派),伙(伙),[空],hu5(hu³³⁴),暂无
上海·市区(中新派),伙(夥),[空],hu5(hu³³⁴),暂无
上海·市区(中新派),货(貨),[空],hu5(hu³³⁴),暂无
上海·市区(中新派),虎(虎),[空],hu5(hu³³⁴),暂无
上海·市区(中新派),浒(滸),[空],hu5(hu³³⁴),暂无
上海·市区(中新派),琥(琥),[空],hu5(hu³³⁴),暂无
上海·市区(中新派),戽(戽),[空],hu5(hu³³⁴),暂无
上海·市区(中新派),何(何),[空],wu6(ɦu¹¹³),暂无
上海·市区(中新派),荷(荷),[空],wu6(ɦu¹¹³),暂无
上海·市区(中新派),河(河),[空],wu6(ɦu¹¹³),暂无
上海·市区(中新派),禾(禾),[空],wu6(ɦu¹¹³),暂无
上海·市区(中新派),和(和),[空],wu6(ɦu¹¹³),暂无
上海·市区(中新派),贺(賀),[空],wu6(ɦu¹¹³),暂无
上海·市区(中新派),祸(禍),[空],wu6(ɦu¹¹³),暂无
上海·市区(中新派),胡(胡),[空],wu6(ɦu¹¹³),暂无
上海·市区(中新派),湖(湖),[空],wu6(ɦu¹¹³),暂无
上海·市区(中新派),糊(糊),[空],wu6(ɦu¹¹³),暂无
上海·市区(中新派),葫(葫),[空],wu6(ɦu¹¹³),暂无
上海·市区(中新派),胡(鬍),[空],wu6(ɦu¹¹³),暂无
上海·市区(中新派),弧(弧),[空],wu6(ɦu¹¹³),暂无
上海·市区(中新派),狐(狐),[空],wu6(ɦu¹¹³),暂无
上海·市区(中新派),壶(壺),[空],wu6(ɦu¹¹³),暂无
上海·市区(中新派),乎(乎),[空],wu6(ɦu¹¹³),暂无
上海·市区(中新派),蝴(蝴),[空],wu6(ɦu¹¹³),暂无
上海·市区(中新派),醐(醐),醍~,wu6(ɦu¹¹³),暂无
上海·市区(中新派),瑚(瑚),[空],wu6(ɦu¹¹³),暂无
上海·市区(中新派),户(戶),[空],wu6(ɦu¹¹³),暂无
上海·市区(中新派),沪(滬),[空],wu6(ɦu¹¹³),暂无
上海·市区(中新派),扈(扈),[空],wu6(ɦu¹¹³),暂无
上海·市区(中新派),护(護),[空],wu6(ɦu¹¹³),暂无
上海·市区(中新派),瓠(瓠),[空],wu6(ɦu¹¹³),暂无
上海·市区(中新派),互(互),[空],wu6(ɦu¹¹³),暂无
上海·市区(中新派),巫(巫),[空],wu6(ɦu¹¹³),暂无
上海·市区(中新派),吴(吳),[空],wu6(ɦu¹¹³),暂无
上海·市区(中新派),蜈(蜈),~蚣,wu6(ɦu¹¹³),暂无
上海·市区(中新派),无(無),[空],wu6(ɦu¹¹³),暂无
上海·市区(中新派),妩(嫵),[空],wu6(ɦu¹¹³),暂无
上海·市区(中新派),毋(毋),[空],wu6(ɦu¹¹³),暂无
上海·市区(中新派),芜(蕪),[空],wu6(ɦu¹¹³),暂无
上海·市区(中新派),伍(伍),队~,wu6(ɦu¹¹³),暂无
上海·市区(中新派),午(午),文,wu6(ɦu¹¹³),暂无
上海·市区(中新派),武(武),[空],wu6(ɦu¹¹³),暂无
上海·市区(中新派),舞(舞),[空],wu6(ɦu¹¹³),暂无
上海·市区(中新派),侮(侮),[空],wu6(ɦu¹¹³),暂无
上海·市区(中新派),鹉(鵡),鹦~,wu6(ɦu¹¹³),暂无
上海·市区(中新派),务(務),[空],wu6(ɦu¹¹³),暂无
上海·市区(中新派),雾(霧),[空],wu6(ɦu¹¹³),暂无
上海·市区(中新派),婺(婺),[空],wu6(ɦu¹¹³),暂无
上海·市区(中新派),骛(騖),[空],wu6(ɦu¹¹³),暂无
上海·市区(中新派),鹜(鶩),[空],wu6(ɦu¹¹³),暂无
上海·市区(中新派),抚(撫),[空],wu6(ɦu¹¹³),暂无
上海·市区(中新派),腐(腐),[空],wu6(ɦu¹¹³),暂无
上海·市区(中新派),妇(婦),[空],wu6(ɦu¹¹³),暂无
上海·市区(中新派),傅(傅),师~,wu6(ɦu¹¹³),暂无
上海·市区(中新派),戊(戊),[空],wu6(ɦu¹¹³),暂无
上海·市区(中新派),阿(阿),~胶,u1(u⁵³),暂无
上海·市区(中新派),窝(窩),[空],u1(u⁵³),暂无
上海·市区(中新派),倭(倭),[空],u1(u⁵³),暂无
上海·市区(中新派),莴(萵),~苣笋,u1(u⁵³),暂无
上海·市区(中新派),乌(烏),[空],u1(u⁵³),暂无
上海·市区(中新派),邬(鄔),[空],u1(u⁵³),暂无
上海·市区(中新派),呜(嗚),[空],u1(u⁵³),暂无
上海·市区(中新派),钨(鎢),[空],u1(u⁵³),暂无
上海·市区(中新派),污(污),[空],u1(u⁵³),暂无
上海·市区(中新派),诬(誣),[空],u1(u⁵³),暂无
上海·市区(中新派),五(五),文,u1(u⁵³),暂无
上海·市区(中新派),伍(伍),文,u1(u⁵³),暂无
上海·市区(中新派),捂(捂),[空],u1(u⁵³),暂无
上海·市区(中新派),焐(焐),[空],u1(u⁵³),暂无
上海·市区(中新派),坞(塢),[空],u1(u⁵³),暂无
上海·市区(中新派),唩(唩),~吵，小儿啼闹,u1(u⁵³),暂无
上海·市区(中新派),污(污),大便,u5(u³³⁴),暂无
上海·市区(中新派),午(午),文,u5(u³³⁴),暂无
上海·市区(中新派),涴(涴),鞋子~辣泥里，陷,u5(u³³⁴),暂无
上海·市区(中新派),驴(驢),[空],ly6(ly¹¹³),暂无
上海·市区(中新派),闾(閭),[空],ly6(ly¹¹³),暂无
上海·市区(中新派),榈(櫚),[空],ly6(ly¹¹³),暂无
上海·市区(中新派),铝(鋁),[空],ly6(ly¹¹³),暂无
上海·市区(中新派),侣(侶),[空],ly6(ly¹¹³),暂无
上海·市区(中新派),旅(旅),[空],ly6(ly¹¹³),暂无
上海·市区(中新派),屡(屢),[空],ly6(ly¹¹³),暂无
上海·市区(中新派),履(履),[空],ly6(ly¹¹³),暂无
上海·市区(中新派),虑(慮),[空],ly6(ly¹¹³),暂无
上海·市区(中新派),滤(濾),[空],ly6(ly¹¹³),暂无
上海·市区(中新派),缕(縷),[空],ly6(ly¹¹³),暂无
上海·市区(中新派),膂(膂),[空],ly6(ly¹¹³),暂无
上海·市区(中新派),居(居),[空],ciu1(tɕy⁵³),暂无
上海·市区(中新派),车(車),~马炮,ciu1(tɕy⁵³),暂无
上海·市区(中新派),拘(拘),[空],ciu1(tɕy⁵³),暂无
上海·市区(中新派),驹(駒),[空],ciu1(tɕy⁵³),暂无
上海·市区(中新派),裾(裾),[空],ciu1(tɕy⁵³),暂无
上海·市区(中新派),琚(琚),[空],ciu1(tɕy⁵³),暂无
上海·市区(中新派),疽(疽),[空],ciu1(tɕy⁵³),暂无
上海·市区(中新派),龟(龜),白,ciu1(tɕy⁵³),暂无
上海·市区(中新派),举(舉),[空],ciu5(tɕy³³⁴),暂无
上海·市区(中新派),榉(櫸),[空],ciu5(tɕy³³⁴),暂无
上海·市区(中新派),矩(矩),[空],ciu5(tɕy³³⁴),暂无
上海·市区(中新派),据(據),[空],ciu5(tɕy³³⁴),暂无
上海·市区(中新派),锯(鋸),[空],ciu5(tɕy³³⁴),暂无
上海·市区(中新派),倨(倨),[空],ciu5(tɕy³³⁴),暂无
上海·市区(中新派),踞(踞),[空],ciu5(tɕy³³⁴),暂无
上海·市区(中新派),句(句),[空],ciu5(tɕy³³⁴),暂无
上海·市区(中新派),苣(苣),莴~笋,ciu5(tɕy³³⁴),暂无
上海·市区(中新派),鬼(鬼),白,ciu5(tɕy³³⁴),暂无
上海·市区(中新派),贵(貴),白,ciu5(tɕy³³⁴),暂无
上海·市区(中新派),蛆(蛆),[空],chiu1(tɕʰy⁵³),暂无
上海·市区(中新派),祛(祛),[空],chiu1(tɕʰy⁵³),暂无
上海·市区(中新派),趋(趨),[空],chiu1(tɕʰy⁵³),暂无
上海·市区(中新派),区(區),[空],chiu1(tɕʰy⁵³),暂无
上海·市区(中新派),躯(軀),[空],chiu1(tɕʰy⁵³),暂无
上海·市区(中新派),驱(驅),[空],chiu1(tɕʰy⁵³),暂无
上海·市区(中新派),岖(嶇),[空],chiu1(tɕʰy⁵³),暂无
上海·市区(中新派),亏(虧),吃~,chiu1(tɕʰy⁵³),暂无
上海·市区(中新派),取(取),[空],chiu5(tɕʰy³³⁴),暂无
上海·市区(中新派),娶(娶),[空],chiu5(tɕʰy³³⁴),暂无
上海·市区(中新派),觑(覷),[空],chiu5(tɕʰy³³⁴),暂无
上海·市区(中新派),去(去),白,chiu5(tɕʰy³³⁴),暂无
上海·市区(中新派),趣(趣),[空],chiu5(tɕʰy³³⁴),暂无
上海·市区(中新派),龋(齲),[空],chiu5(tɕʰy³³⁴),暂无
上海·市区(中新派),渠(渠),[空],jiu6(dʑy¹¹³),暂无
上海·市区(中新派),衢(衢),[空],jiu6(dʑy¹¹³),暂无
上海·市区(中新派),瞿(瞿),[空],jiu6(dʑy¹¹³),暂无
上海·市区(中新派),巨(巨),[空],jiu6(dʑy¹¹³),暂无
上海·市区(中新派),拒(拒),[空],jiu6(dʑy¹¹³),暂无
上海·市区(中新派),距(距),[空],jiu6(dʑy¹¹³),暂无
上海·市区(中新派),炬(炬),[空],jiu6(dʑy¹¹³),暂无
上海·市区(中新派),遽(遽),[空],jiu6(dʑy¹¹³),暂无
上海·市区(中新派),具(具),[空],jiu6(dʑy¹¹³),暂无
上海·市区(中新派),俱(俱),[空],jiu6(dʑy¹¹³),暂无
上海·市区(中新派),惧(懼),[空],jiu6(dʑy¹¹³),暂无
上海·市区(中新派),飓(颶),[空],jiu6(dʑy¹¹³),暂无
上海·市区(中新派),跪(跪),白,jiu6(dʑy¹¹³),暂无
上海·市区(中新派),柜(櫃),白,jiu6(dʑy¹¹³),暂无
上海·市区(中新派),馗(馗),白,jiu6(dʑy¹¹³),暂无
上海·市区(中新派),蕖(蕖),[空],jiu6(dʑy¹¹³),暂无
上海·市区(中新派),女(女),[空],gniu6(ȵy¹¹³),暂无
上海·市区(中新派),虞(虞),[空],gniu6(ȵy¹¹³),暂无
上海·市区(中新派),隅(隅),[空],gniu6(ȵy¹¹³),暂无
上海·市区(中新派),娱(娛),[空],gniu6(ȵy¹¹³),暂无
上海·市区(中新派),语(語),[空],gniu6(ȵy¹¹³),暂无
上海·市区(中新派),圄(圄),[空],gniu6(ȵy¹¹³),暂无
上海·市区(中新派),寓(寓),[空],gniu6(ȵy¹¹³),暂无
上海·市区(中新派),御(禦),[空],gniu6(ȵy¹¹³),暂无
上海·市区(中新派),驭(馭),[空],gniu6(ȵy¹¹³),暂无
上海·市区(中新派),胥(胥),[空],shiu1(ɕy⁵³),暂无
上海·市区(中新派),墟(墟),[空],shiu1(ɕy⁵³),暂无
上海·市区(中新派),虚(虛),[空],shiu1(ɕy⁵³),暂无
上海·市区(中新派),嘘(噓),[空],shiu1(ɕy⁵³),暂无
上海·市区(中新派),须(須),[空],shiu1(ɕy⁵³),暂无
上海·市区(中新派),须(鬚),[空],shiu1(ɕy⁵³),暂无
上海·市区(中新派),需(需),[空],shiu1(ɕy⁵³),暂无
上海·市区(中新派),絮(絮),[空],shiu1(ɕy⁵³),暂无
上海·市区(中新派),吁(吁),气喘吁~,shiu1(ɕy⁵³),暂无
上海·市区(中新派),许(許),[空],shiu5(ɕy³³⁴),暂无
上海·市区(中新派),栩(栩),[空],shiu5(ɕy³³⁴),暂无
上海·市区(中新派),诩(詡),[空],shiu5(ɕy³³⁴),暂无
上海·市区(中新派),酗(酗),[空],shiu5(ɕy³³⁴),暂无
上海·市区(中新派),婿(婿),[空],shiu5(ɕy³³⁴),暂无
上海·市区(中新派),煦(煦),[空],shiu5(ɕy³³⁴),暂无
上海·市区(中新派),序(序),[空],zhiu6(ʑy¹¹³),暂无
上海·市区(中新派),叙(敘),[空],zhiu6(ʑy¹¹³),暂无
上海·市区(中新派),绪(緒),[空],zhiu6(ʑy¹¹³),暂无
上海·市区(中新派),聚(聚),[空],zhiu6(ʑy¹¹³),暂无
上海·市区(中新派),鱼(魚),文,yu6(ɦy¹¹³),暂无
上海·市区(中新派),渔(漁),[空],yu6(ɦy¹¹³),暂无
上海·市区(中新派),于(於),[空],yu6(ɦy¹¹³),暂无
上海·市区(中新派),余(餘),[空],yu6(ɦy¹¹³),暂无
上海·市区(中新派),余(余),[空],yu6(ɦy¹¹³),暂无
上海·市区(中新派),娱(娛),[空],yu6(ɦy¹¹³),暂无
上海·市区(中新派),愚(愚),[空],yu6(ɦy¹¹³),暂无
上海·市区(中新派),舆(輿),[空],yu6(ɦy¹¹³),暂无
上海·市区(中新派),虞(虞),[空],yu6(ɦy¹¹³),暂无
上海·市区(中新派),于(于),[空],yu6(ɦy¹¹³),暂无
上海·市区(中新派),盂(盂),[空],yu6(ɦy¹¹³),暂无
上海·市区(中新派),竽(竽),[空],yu6(ɦy¹¹³),暂无
上海·市区(中新派),俞(俞),[空],yu6(ɦy¹¹³),暂无
上海·市区(中新派),榆(榆),[空],yu6(ɦy¹¹³),暂无
上海·市区(中新派),逾(逾),[空],yu6(ɦy¹¹³),暂无
上海·市区(中新派),愉(愉),[空],yu6(ɦy¹¹³),暂无
上海·市区(中新派),渝(渝),[空],yu6(ɦy¹¹³),暂无
上海·市区(中新派),臾(臾),[空],yu6(ɦy¹¹³),暂无
上海·市区(中新派),谀(諛),[空],yu6(ɦy¹¹³),暂无
上海·市区(中新派),腴(腴),[空],yu6(ɦy¹¹³),暂无
上海·市区(中新派),萸(萸),茱~,yu6(ɦy¹¹³),暂无
上海·市区(中新派),与(與),[空],yu6(ɦy¹¹³),暂无
上海·市区(中新派),屿(嶼),[空],yu6(ɦy¹¹³),暂无
上海·市区(中新派),予(予),[空],yu6(ɦy¹¹³),暂无
上海·市区(中新派),雨(雨),[空],yu6(ɦy¹¹³),暂无
上海·市区(中新派),宇(宇),[空],yu6(ɦy¹¹³),暂无
上海·市区(中新派),羽(羽),[空],yu6(ɦy¹¹³),暂无
上海·市区(中新派),禹(禹),[空],yu6(ɦy¹¹³),暂无
上海·市区(中新派),庾(庾),[空],yu6(ɦy¹¹³),暂无
上海·市区(中新派),誉(譽),[空],yu6(ɦy¹¹³),暂无
上海·市区(中新派),豫(豫),[空],yu6(ɦy¹¹³),暂无
上海·市区(中新派),预(預),[空],yu6(ɦy¹¹³),暂无
上海·市区(中新派),遇(遇),[空],yu6(ɦy¹¹³),暂无
上海·市区(中新派),寓(寓),[空],yu6(ɦy¹¹³),暂无
上海·市区(中新派),芋(芋),[空],yu6(ɦy¹¹³),暂无
上海·市区(中新派),愈(愈),[空],yu6(ɦy¹¹³),暂无
上海·市区(中新派),裕(裕),[空],yu6(ɦy¹¹³),暂无
上海·市区(中新派),喻(喻),[空],yu6(ɦy¹¹³),暂无
上海·市区(中新派),吁(籲),[空],yu6(ɦy¹¹³),暂无
上海·市区(中新派),围(圍),~巾。白,yu6(ɦy¹¹³),暂无
上海·市区(中新派),纬(緯),~纱。白,yu6(ɦy¹¹³),暂无
上海·市区(中新派),淤(淤),[空],iu1(y⁵³),暂无
上海·市区(中新派),迂(迂),[空],iu1(y⁵³),暂无
上海·市区(中新派),于(於),姓,iu1(y⁵³),暂无
上海·市区(中新派),瘀(瘀),[空],iu1(y⁵³),暂无
上海·市区(中新派),妪(嫗),[空],iu5(y³³⁴),暂无
上海·市区(中新派),喂(餵),白,iu5(y³³⁴),暂无
上海·市区(中新派),巴(巴),文,pa1(pᴀ⁵³),暂无
上海·市区(中新派),芭(芭),文,pa1(pᴀ⁵³),暂无
上海·市区(中新派),笆(笆),文,pa1(pᴀ⁵³),暂无
上海·市区(中新派),疤(疤),文,pa1(pᴀ⁵³),暂无
上海·市区(中新派),爸(爸),[空],pa1(pᴀ⁵³),暂无
上海·市区(中新派),叭(叭),喇~,pa1(pᴀ⁵³),暂无
上海·市区(中新派),把(把),文,pa5(pᴀ³³⁴),暂无
上海·市区(中新派),欛(欛),刀~。文,pa5(pᴀ³³⁴),暂无
上海·市区(中新派),霸(霸),文,pa5(pᴀ³³⁴),暂无
上海·市区(中新派),坝(壩),文,pa5(pᴀ³³⁴),暂无
上海·市区(中新派),靶(靶),文,pa5(pᴀ³³⁴),暂无
上海·市区(中新派),摆(擺),[空],pa5(pᴀ³³⁴),暂无
上海·市区(中新派),拜(拜),[空],pa5(pᴀ³³⁴),暂无
上海·市区(中新派),湃(湃),[空],pa5(pᴀ³³⁴),暂无
上海·市区(中新派),怕(怕),文,pha5(pʰᴀ³³⁴),暂无
上海·市区(中新派),派(派),[空],pha5(pʰᴀ³³⁴),暂无
上海·市区(中新派),爬(爬),文,ba6(bᴀ¹¹³),暂无
上海·市区(中新派),琶(琶),文,ba6(bᴀ¹¹³),暂无
上海·市区(中新派),罢(罷),[空],ba6(bᴀ¹¹³),暂无
上海·市区(中新派),排(排),[空],ba6(bᴀ¹¹³),暂无
上海·市区(中新派),俳(俳),[空],ba6(bᴀ¹¹³),暂无
上海·市区(中新派),牌(牌),[空],ba6(bᴀ¹¹³),暂无
上海·市区(中新派),稗(稗),[空],ba6(bᴀ¹¹³),暂无
上海·市区(中新派),败(敗),[空],ba6(bᴀ¹¹³),暂无
上海·市区(中新派),妈(媽),[空],ma1(mᴀ⁵³),暂无
上海·市区(中新派),马(馬),文,ma6(mᴀ¹¹³),暂无
上海·市区(中新派),玛(瑪),文,ma6(mᴀ¹¹³),暂无
上海·市区(中新派),骂(罵),文,ma6(mᴀ¹¹³),暂无
上海·市区(中新派),埋(埋),[空],ma6(mᴀ¹¹³),暂无
上海·市区(中新派),买(買),[空],ma6(mᴀ¹¹³),暂无
上海·市区(中新派),卖(賣),[空],ma6(mᴀ¹¹³),暂无
上海·市区(中新派),𠲎(𠲎),去~，吗,va6(vᴀ¹¹³),暂无
上海·市区(中新派),多(多),~年，好几,ta1(tᴀ⁵³),暂无
上海·市区(中新派),戴(戴),白,ta5(tᴀ³³⁴),暂无
上海·市区(中新派),带(帶),白,ta5(tᴀ³³⁴),暂无
上海·市区(中新派),他(他),[空],tha1(tʰᴀ⁵³),暂无
上海·市区(中新派),她(她),[空],tha1(tʰᴀ⁵³),暂无
上海·市区(中新派),它(它),[空],tha1(tʰᴀ⁵³),暂无
上海·市区(中新派),拖(拖),~鼻涕,tha1(tʰᴀ⁵³),暂无
上海·市区(中新派),太(太),白,tha5(tʰᴀ³³⁴),暂无
上海·市区(中新派),汰(汰),白,tha5(tʰᴀ³³⁴),暂无
上海·市区(中新派),泰(泰),[空],tha5(tʰᴀ³³⁴),暂无
上海·市区(中新派),大(大),[空],da6(dᴀ¹¹³),暂无
上海·市区(中新派),埭(埭),一~字，行，次，量词,da6(dᴀ¹¹³),暂无
上海·市区(中新派),汏(汏),洗,da6(dᴀ¹¹³),暂无
上海·市区(中新派),䈆(䈆),一种平底有眼的竹器（匾）,da6(dᴀ¹¹³),暂无
上海·市区(中新派),拿(拿),文,na1(nᴀ⁵³),暂无
上海·市区(中新派),那(那),[空],na1(nᴀ⁵³),暂无
上海·市区(中新派),挪(挪),文,na6(nᴀ¹¹³),暂无
上海·市区(中新派),哪(哪),[空],na6(nᴀ¹¹³),暂无
上海·市区(中新派),拿(拿),文,na6(nᴀ¹¹³),暂无
上海·市区(中新派),奶(奶),白,na6(nᴀ¹¹³),暂无
上海·市区(中新派),艿(艿),[空],na6(nᴀ¹¹³),暂无
上海·市区(中新派),㑚(㑚),你们,na6(nᴀ¹¹³),暂无
上海·市区(中新派),拉(拉),[空],la1(lᴀ⁵³),暂无
上海·市区(中新派),喇(喇),~叭,la6(lᴀ¹¹³),暂无
上海·市区(中新派),垃(垃),~圾,la6(lᴀ¹¹³),暂无
上海·市区(中新派),赖(賴),白,la6(lᴀ¹¹³),暂无
上海·市区(中新派),癞(癩),[空],la6(lᴀ¹¹³),暂无
上海·市区(中新派),籁(籟),白,la6(lᴀ¹¹³),暂无
上海·市区(中新派),攋(攋),~破手,la6(lᴀ¹¹³),暂无
上海·市区(中新派),赖(賴),~地坐，赖,la6(lᴀ¹¹³),暂无
上海·市区(中新派),抓(抓),[空],tsa1(tsᴀ⁵³),暂无
上海·市区(中新派),渣(渣),文,tsa1(tsᴀ⁵³),暂无
上海·市区(中新派),斋(齋),白,tsa1(tsᴀ⁵³),暂无
上海·市区(中新派),诈(詐),文,tsa5(tsᴀ³³⁴),暂无
上海·市区(中新派),榨(榨),文,tsa5(tsᴀ³³⁴),暂无
上海·市区(中新派),炸(炸),文,tsa5(tsᴀ³³⁴),暂无
上海·市区(中新派),爪(爪),[空],tsa5(tsᴀ³³⁴),暂无
上海·市区(中新派),笊(笊),~篱,tsa5(tsᴀ³³⁴),暂无
上海·市区(中新派),债(債),[空],tsa5(tsᴀ³³⁴),暂无
上海·市区(中新派),咱(咱),[空],tsa5(tsᴀ³³⁴),暂无
上海·市区(中新派),差(差),~错，出~,tsha1(tsʰᴀ⁵³),暂无
上海·市区(中新派),杈(杈),文,tsha1(tsʰᴀ⁵³),暂无
上海·市区(中新派),叉(叉),文,tsha1(tsʰᴀ⁵³),暂无
上海·市区(中新派),钗(釵),文,tsha1(tsʰᴀ⁵³),暂无
上海·市区(中新派),诧(詫),文,tsha1(tsʰᴀ⁵³),暂无
上海·市区(中新派),岔(岔),文,tsha5(tsʰᴀ³³⁴),暂无
上海·市区(中新派),汊(汊),文,tsha5(tsʰᴀ³³⁴),暂无
上海·市区(中新派),蔡(蔡),[空],tsha5(tsʰᴀ³³⁴),暂无
上海·市区(中新派),绰(綽),~号,tsha5(tsʰᴀ³³⁴),暂无
上海·市区(中新派),扯(扯),[空],tsha5(tsʰᴀ³³⁴),暂无
上海·市区(中新派),茬(茬),[空],tsha5(tsʰᴀ³³⁴),暂无
上海·市区(中新派),沙(沙),文,sa1(sᴀ⁵³),暂无
上海·市区(中新派),娑(娑),文,sa1(sᴀ⁵³),暂无
上海·市区(中新派),砂(砂),文,sa1(sᴀ⁵³),暂无
上海·市区(中新派),鲨(鯊),文,sa1(sᴀ⁵³),暂无
上海·市区(中新派),裟(裟),文,sa1(sᴀ⁵³),暂无
上海·市区(中新派),莎(莎),文,sa1(sᴀ⁵³),暂无
上海·市区(中新派),筛(篩),[空],sa1(sᴀ⁵³),暂无
上海·市区(中新派),酾(釃),~酒,sa1(sᴀ⁵³),暂无
上海·市区(中新派),撒(撒),[空],sa5(sᴀ³³⁴),暂无
上海·市区(中新派),洒(灑),[空],sa5(sᴀ³³⁴),暂无
上海·市区(中新派),啥(啥),[空],sa5(sᴀ³³⁴),暂无
上海·市区(中新派),耍(耍),[空],sa5(sᴀ³³⁴),暂无
上海·市区(中新派),傻(傻),[空],sa5(sᴀ³³⁴),暂无
上海·市区(中新派),晒(曬),文,sa5(sᴀ³³⁴),暂无
上海·市区(中新派),閯(閯),~开，散~,sa5(sᴀ³³⁴),暂无
上海·市区(中新派),豺(豺),白,za6(zᴀ¹¹³),暂无
上海·市区(中新派),柴(柴),[空],za6(zᴀ¹¹³),暂无
上海·市区(中新派),惹(惹),[空],za6(zᴀ¹¹³),暂无
上海·市区(中新派),家(家),白,ka1(kᴀ⁵³),暂无
上海·市区(中新派),家(傢),白,ka1(kᴀ⁵³),暂无
上海·市区(中新派),加(加),白,ka1(kᴀ⁵³),暂无
上海·市区(中新派),嘉(嘉),白,ka1(kᴀ⁵³),暂无
上海·市区(中新派),枷(枷),白,ka1(kᴀ⁵³),暂无
上海·市区(中新派),笳(笳),白,ka1(kᴀ⁵³),暂无
上海·市区(中新派),袈(袈),白,ka1(kᴀ⁵³),暂无
上海·市区(中新派),街(街),[空],ka1(kᴀ⁵³),暂无
上海·市区(中新派),阶(階),~沿石，石阶。白,ka1(kᴀ⁵³),暂无
上海·市区(中新派),痂(痂),[空],ka1(kᴀ⁵³),暂无
上海·市区(中新派),伽(伽),白,ka1(kᴀ⁵³),暂无
上海·市区(中新派),芥(芥),~菜,ka1(kᴀ⁵³),暂无
上海·市区(中新派),咖(咖),~喱,ka1(kᴀ⁵³),暂无
上海·市区(中新派),假(假),白,ka5(kᴀ³³⁴),暂无
上海·市区(中新派),嫁(嫁),白,ka5(kᴀ³³⁴),暂无
上海·市区(中新派),架(架),白,ka5(kᴀ³³⁴),暂无
上海·市区(中新派),驾(駕),[空],ka5(kᴀ³³⁴),暂无
上海·市区(中新派),价(價),白,ka5(kᴀ³³⁴),暂无
上海·市区(中新派),解(解),白,ka5(kᴀ³³⁴),暂无
上海·市区(中新派),介(介),白,ka5(kᴀ³³⁴),暂无
上海·市区(中新派),界(界),白,ka5(kᴀ³³⁴),暂无
上海·市区(中新派),疥(疥),[空],ka5(kᴀ³³⁴),暂无
上海·市区(中新派),届(屆),白,ka5(kᴀ³³⁴),暂无
上海·市区(中新派),戒(戒),白,ka5(kᴀ³³⁴),暂无
上海·市区(中新派),尬(尬),尴~,ka5(kᴀ³³⁴),暂无
上海·市区(中新派),庎(庎),~橱,ka5(kᴀ³³⁴),暂无
上海·市区(中新派),枷(枷),白,ka5(kᴀ³³⁴),暂无
上海·市区(中新派),揩(揩),[空],kha1(kʰᴀ⁵³),暂无
上海·市区(中新派),卡(卡),[空],kha5(kʰᴀ³³⁴),暂无
上海·市区(中新派),楷(楷),[空],kha5(kʰᴀ³³⁴),暂无
上海·市区(中新派),茄(茄),[空],ga6(gᴀ¹¹³),暂无
上海·市区(中新派),伽(伽),[空],ga6(gᴀ¹¹³),暂无
上海·市区(中新派),骱(骱),关节,ga6(gᴀ¹¹³),暂无
上海·市区(中新派),澥(澥),羹~脱，由稠变稀，失去粘性,ga6(gᴀ¹¹³),暂无
上海·市区(中新派),懈(懈),做事体~，懈怠,ga6(gᴀ¹¹³),暂无
上海·市区(中新派),解(解),~鞋带，解；~板，锯。白,ga6(gᴀ¹¹³),暂无
上海·市区(中新派),捱(捱),[空],nga1(ŋᴀ⁵³),暂无
上海·市区(中新派),砑(砑),[空],nga1(ŋᴀ⁵³),暂无
上海·市区(中新派),𧻲(𧻲),[空],nga1(ŋᴀ⁵³),暂无
上海·市区(中新派),牙(牙),白,nga6(ŋᴀ¹¹³),暂无
上海·市区(中新派),芽(芽),白,nga6(ŋᴀ¹¹³),暂无
上海·市区(中新派),蚜(蚜),白,nga6(ŋᴀ¹¹³),暂无
上海·市区(中新派),衙(衙),白,nga6(ŋᴀ¹¹³),暂无
上海·市区(中新派),砑(砑),[空],nga6(ŋᴀ¹¹³),暂无
上海·市区(中新派),捱(捱),[空],nga6(ŋᴀ¹¹³),暂无
上海·市区(中新派),外(外),[空],nga6(ŋᴀ¹¹³),暂无
上海·市区(中新派),𧻲(𧻲),~辣海勿走，留着不走,nga6(ŋᴀ¹¹³),暂无
上海·市区(中新派),哈(哈),~气，~~笑,ha1(hᴀ⁵³),暂无
上海·市区(中新派),蟹(蟹),[空],ha5(hᴀ³³⁴),暂无
上海·市区(中新派),啊(啊),[空],gha6(ɦᴀ¹¹³),暂无
上海·市区(中新派),鞋(鞋),[空],gha6(ɦᴀ¹¹³),暂无
上海·市区(中新派),也(也),白,gha6(ɦᴀ¹¹³),暂无
上海·市区(中新派),啊(啊),[空],a1(ᴀ⁵³),暂无
上海·市区(中新派),阿(阿),~姨,a1(ᴀ⁵³),暂无
上海·市区(中新派),挨(挨),白,a1(ᴀ⁵³),暂无
上海·市区(中新派),矮(矮),[空],a5(ᴀ³³⁴),暂无
上海·市区(中新派),爹(爹),[空],tia1(tiᴀ⁵³),暂无
上海·市区(中新派),嗲(嗲),[空],tia5(tiᴀ³³⁴),暂无
上海·市区(中新派),家(家),[空],cia1(tɕiᴀ⁵³),暂无
上海·市区(中新派),家(傢),[空],cia1(tɕiᴀ⁵³),暂无
上海·市区(中新派),加(加),[空],cia1(tɕiᴀ⁵³),暂无
上海·市区(中新派),嘉(嘉),[空],cia1(tɕiᴀ⁵³),暂无
上海·市区(中新派),枷(枷),[空],cia1(tɕiᴀ⁵³),暂无
上海·市区(中新派),笳(笳),[空],cia1(tɕiᴀ⁵³),暂无
上海·市区(中新派),袈(袈),[空],cia1(tɕiᴀ⁵³),暂无
上海·市区(中新派),伽(伽),[空],cia1(tɕiᴀ⁵³),暂无
上海·市区(中新派),阶(階),[空],cia1(tɕiᴀ⁵³),暂无
上海·市区(中新派),佳(佳),[空],cia1(tɕiᴀ⁵³),暂无
上海·市区(中新派),皆(皆),[空],cia1(tɕiᴀ⁵³),暂无
上海·市区(中新派),喈(喈),[空],cia1(tɕiᴀ⁵³),暂无
上海·市区(中新派),佳(佳),[空],cia5(tɕiᴀ³³⁴),暂无
上海·市区(中新派),贾(賈),姓,cia5(tɕiᴀ³³⁴),暂无
上海·市区(中新派),假(假),文,cia5(tɕiᴀ³³⁴),暂无
上海·市区(中新派),稼(稼),[空],cia5(tɕiᴀ³³⁴),暂无
上海·市区(中新派),嫁(嫁),文,cia5(tɕiᴀ³³⁴),暂无
上海·市区(中新派),架(架),文,cia5(tɕiᴀ³³⁴),暂无
上海·市区(中新派),驾(駕),文,cia5(tɕiᴀ³³⁴),暂无
上海·市区(中新派),价(價),文,cia5(tɕiᴀ³³⁴),暂无
上海·市区(中新派),姐(姐),白,cia5(tɕiᴀ³³⁴),暂无
上海·市区(中新派),解(解),文,cia5(tɕiᴀ³³⁴),暂无
上海·市区(中新派),借(借),[空],cia5(tɕiᴀ³³⁴),暂无
上海·市区(中新派),介(介),文,cia5(tɕiᴀ³³⁴),暂无
上海·市区(中新派),界(界),文,cia5(tɕiᴀ³³⁴),暂无
上海·市区(中新派),届(屆),文,cia5(tɕiᴀ³³⁴),暂无
上海·市区(中新派),戒(戒),文,cia5(tɕiᴀ³³⁴),暂无
上海·市区(中新派),枷(枷),文,cia5(tɕiᴀ³³⁴),暂无
上海·市区(中新派),诫(誡),[空],cia5(tɕiᴀ³³⁴),暂无
上海·市区(中新派),笡(笡),~头，歪斜,chia5(tɕʰiᴀ³³⁴),暂无
上海·市区(中新派),茄(茄),文,jia6(dʑiᴀ¹¹³),暂无
上海·市区(中新派),瑕(瑕),[空],shia5(ɕiᴀ³³⁴),暂无
上海·市区(中新派),暇(暇),[空],shia5(ɕiᴀ³³⁴),暂无
上海·市区(中新派),遐(遐),[空],shia5(ɕiᴀ³³⁴),暂无
上海·市区(中新派),下(下),文,shia5(ɕiᴀ³³⁴),暂无
上海·市区(中新派),厦(廈),文,shia5(ɕiᴀ³³⁴),暂无
上海·市区(中新派),夏(夏),文,shia5(ɕiᴀ³³⁴),暂无
上海·市区(中新派),写(寫),[空],shia5(ɕiᴀ³³⁴),暂无
上海·市区(中新派),泻(瀉),[空],shia5(ɕiᴀ³³⁴),暂无
上海·市区(中新派),卸(卸),[空],shia5(ɕiᴀ³³⁴),暂无
上海·市区(中新派),㕐(㕐),~胡梯，滑倾,shia5(ɕiᴀ³³⁴),暂无
上海·市区(中新派),邪(邪),[空],zhia6(ʑiᴀ¹¹³),暂无
上海·市区(中新派),斜(斜),[空],zhia6(ʑiᴀ¹¹³),暂无
上海·市区(中新派),谢(謝),[空],zhia6(ʑiᴀ¹¹³),暂无
上海·市区(中新派),榭(榭),[空],zhia6(ʑiᴀ¹¹³),暂无
上海·市区(中新派),牙(牙),文,ya6(ɦiᴀ¹¹³),暂无
上海·市区(中新派),芽(芽),文,ya6(ɦiᴀ¹¹³),暂无
上海·市区(中新派),蚜(蚜),文,ya6(ɦiᴀ¹¹³),暂无
上海·市区(中新派),衙(衙),文,ya6(ɦiᴀ¹¹³),暂无
上海·市区(中新派),涯(涯),[空],ya6(ɦiᴀ¹¹³),暂无
上海·市区(中新派),崖(崖),[空],ya6(ɦiᴀ¹¹³),暂无
上海·市区(中新派),耶(耶),[空],ya6(ɦiᴀ¹¹³),暂无
上海·市区(中新派),爷(爺),[空],ya6(ɦiᴀ¹¹³),暂无
上海·市区(中新派),野(野),[空],ya6(ɦiᴀ¹¹³),暂无
上海·市区(中新派),夜(夜),[空],ya6(ɦiᴀ¹¹³),暂无
上海·市区(中新派),鸦(鴉),文,ia1(iᴀ⁵³),暂无
上海·市区(中新派),丫(丫),文,ia1(iᴀ⁵³),暂无
上海·市区(中新派),亚(亞),[空],ia1(iᴀ⁵³),暂无
上海·市区(中新派),椰(椰),[空],ia1(iᴀ⁵³),暂无
上海·市区(中新派),霞(霞),[空],ia1(iᴀ⁵³),暂无
上海·市区(中新派),雅(雅),[空],ia5(iᴀ³³⁴),暂无
上海·市区(中新派),哑(啞),文,ia5(iᴀ³³⁴),暂无
上海·市区(中新派),讶(訝),[空],ia5(iᴀ³³⁴),暂无
上海·市区(中新派),迓(迓),[空],ia5(iᴀ³³⁴),暂无
上海·市区(中新派),瓜(瓜),文,kua1(kuᴀ⁵³),暂无
上海·市区(中新派),乖(乖),[空],kua1(kuᴀ⁵³),暂无
上海·市区(中新派),寡(寡),文,kua5(kuᴀ³³⁴),暂无
上海·市区(中新派),剐(剮),文,kua5(kuᴀ³³⁴),暂无
上海·市区(中新派),挂(掛),文,kua5(kuᴀ³³⁴),暂无
上海·市区(中新派),卦(卦),文,kua5(kuᴀ³³⁴),暂无
上海·市区(中新派),拐(拐),[空],kua5(kuᴀ³³⁴),暂无
上海·市区(中新派),怪(怪),[空],kua5(kuᴀ³³⁴),暂无
上海·市区(中新派),夸(夸),文,khua1(kʰuᴀ⁵³),暂无
上海·市区(中新派),垮(垮),文,khua5(kʰuᴀ³³⁴),暂无
上海·市区(中新派),跨(跨),文,khua5(kʰuᴀ³³⁴),暂无
上海·市区(中新派),蒯(蒯),[空],khua5(kʰuᴀ³³⁴),暂无
上海·市区(中新派),快(快),[空],khua5(kʰuᴀ³³⁴),暂无
上海·市区(中新派),筷(筷),[空],khua5(kʰuᴀ³³⁴),暂无
上海·市区(中新派),花(花),文,hua1(huᴀ⁵³),暂无
上海·市区(中新派),歪(歪),[空],hua1(huᴀ⁵³),暂无
上海·市区(中新派),哗(嘩),[空],hua1(huᴀ⁵³),暂无
上海·市区(中新派),化(化),文,hua5(huᴀ³³⁴),暂无
上海·市区(中新派),华(華),文,wa6(ɦuᴀ¹¹³),暂无
上海·市区(中新派),铧(鏵),文,wa6(ɦuᴀ¹¹³),暂无
上海·市区(中新派),骅(驊),文,wa6(ɦuᴀ¹¹³),暂无
上海·市区(中新派),桦(樺),文,wa6(ɦuᴀ¹¹³),暂无
上海·市区(中新派),画(畫),文,wa6(ɦuᴀ¹¹³),暂无
上海·市区(中新派),话(話),文,wa6(ɦuᴀ¹¹³),暂无
上海·市区(中新派),淮(淮),[空],wa6(ɦuᴀ¹¹³),暂无
上海·市区(中新派),怀(懷),白,wa6(ɦuᴀ¹¹³),暂无
上海·市区(中新派),槐(槐),[空],wa6(ɦuᴀ¹¹³),暂无
上海·市区(中新派),坏(壞),[空],wa6(ɦuᴀ¹¹³),暂无
上海·市区(中新派),娲(媧),[空],ua1(uᴀ⁵³),暂无
上海·市区(中新派),洼(洼),[空],ua1(uᴀ⁵³),暂无
上海·市区(中新派),娃(娃),[空],ua1(uᴀ⁵³),暂无
上海·市区(中新派),蛙(蛙),文,ua1(uᴀ⁵³),暂无
上海·市区(中新派),歪(歪),[空],ua1(uᴀ⁵³),暂无
上海·市区(中新派),巴(巴),白,po1(po⁵³),暂无
上海·市区(中新派),芭(芭),白,po1(po⁵³),暂无
上海·市区(中新派),笆(笆),白,po1(po⁵³),暂无
上海·市区(中新派),疤(疤),白,po1(po⁵³),暂无
上海·市区(中新派),把(把),白,po5(po³³⁴),暂无
上海·市区(中新派),欛(欛),刀~。白,po5(po³³⁴),暂无
上海·市区(中新派),靶(靶),白,po5(po³³⁴),暂无
上海·市区(中新派),霸(霸),白,po5(po³³⁴),暂无
上海·市区(中新派),坝(壩),白,po5(po³³⁴),暂无
上海·市区(中新派),怕(怕),白,pho5(pʰo³³⁴),暂无
上海·市区(中新派),扒(扒),[空],bo6(bo¹¹³),暂无
上海·市区(中新派),爬(爬),白,bo6(bo¹¹³),暂无
上海·市区(中新派),杷(杷),枇~,bo6(bo¹¹³),暂无
上海·市区(中新派),琶(琶),琵~。白,bo6(bo¹¹³),暂无
上海·市区(中新派),耙(耙),[空],bo6(bo¹¹³),暂无
上海·市区(中新派),䶕(䶕),~牙,bo6(bo¹¹³),暂无
上海·市区(中新派),嬷(嬤),[空],mo1(mo⁵³),暂无
上海·市区(中新派),麻(麻),[空],mo6(mo¹¹³),暂无
上海·市区(中新派),马(馬),白,mo6(mo¹¹³),暂无
上海·市区(中新派),码(碼),[空],mo6(mo¹¹³),暂无
上海·市区(中新派),玛(瑪),白,mo6(mo¹¹³),暂无
上海·市区(中新派),蚂(螞),[空],mo6(mo¹¹³),暂无
上海·市区(中新派),骂(罵),白,mo6(mo¹¹³),暂无
上海·市区(中新派),魔(魔),[空],mo6(mo¹¹³),暂无
上海·市区(中新派),磨(磨),[空],mo6(mo¹¹³),暂无
上海·市区(中新派),蘑(蘑),[空],mo6(mo¹¹³),暂无
上海·市区(中新派),摩(摩),[空],mo6(mo¹¹³),暂无
上海·市区(中新派),摹(摹),[空],mo6(mo¹¹³),暂无
上海·市区(中新派),模(模),[空],mo6(mo¹¹³),暂无
上海·市区(中新派),暮(暮),[空],mo6(mo¹¹³),暂无
上海·市区(中新派),墓(墓),[空],mo6(mo¹¹³),暂无
上海·市区(中新派),慕(慕),[空],mo6(mo¹¹³),暂无
上海·市区(中新派),募(募),[空],mo6(mo¹¹³),暂无
上海·市区(中新派),幕(幕),[空],mo6(mo¹¹³),暂无
上海·市区(中新派),拿(拿),白,no1(no⁵³),暂无
上海·市区(中新派),拿(拿),白,no6(no¹¹³),暂无
上海·市区(中新派),挪(挪),白,no6(no¹¹³),暂无
上海·市区(中新派),哪(哪),~吒,no6(no¹¹³),暂无
上海·市区(中新派),查(查),姓,tso1(tso⁵³),暂无
上海·市区(中新派),楂(楂),[空],tso1(tso⁵³),暂无
上海·市区(中新派),渣(渣),白,tso1(tso⁵³),暂无
上海·市区(中新派),抓(抓),[空],tso1(tso⁵³),暂无
上海·市区(中新派),遮(遮),[空],tso1(tso⁵³),暂无
上海·市区(中新派),摣(摣),~田螺，五指抓物,tso1(tso⁵³),暂无
上海·市区(中新派),诈(詐),白,tso5(tso³³⁴),暂无
上海·市区(中新派),榨(榨),白,tso5(tso³³⁴),暂无
上海·市区(中新派),炸(炸),白,tso5(tso³³⁴),暂无
上海·市区(中新派),赭(赭),[空],tso5(tso³³⁴),暂无
上海·市区(中新派),鹧(鷓),~鸪,tso5(tso³³⁴),暂无
上海·市区(中新派),蔗(蔗),[空],tso5(tso³³⁴),暂无
上海·市区(中新派),咤(吒),哪~,tso5(tso³³⁴),暂无
上海·市区(中新派),柘(柘),[空],tso5(tso³³⁴),暂无
上海·市区(中新派),杈(杈),白,tsho1(tsʰo⁵³),暂无
上海·市区(中新派),叉(叉),白,tsho1(tsʰo⁵³),暂无
上海·市区(中新派),差(差),白,tsho1(tsʰo⁵³),暂无
上海·市区(中新派),钗(釵),白,tsho1(tsʰo⁵³),暂无
上海·市区(中新派),诧(詫),白,tsho1(tsʰo⁵³),暂无
上海·市区(中新派),车(車),[空],tsho1(tsʰo⁵³),暂无
上海·市区(中新派),搓(搓),~麻将,tsho1(tsʰo⁵³),暂无
上海·市区(中新派),错(錯),差~,tsho1(tsʰo⁵³),暂无
上海·市区(中新派),岔(岔),白,tsho5(tsʰo³³⁴),暂无
上海·市区(中新派),汊(汊),白,tsho5(tsʰo³³⁴),暂无
上海·市区(中新派),沙(沙),白,so1(so⁵³),暂无
上海·市区(中新派),砂(砂),白,so1(so⁵³),暂无
上海·市区(中新派),纱(紗),白,so1(so⁵³),暂无
上海·市区(中新派),鲨(鯊),白,so1(so⁵³),暂无
上海·市区(中新派),裟(裟),白,so1(so⁵³),暂无
上海·市区(中新派),莎(莎),白,so1(so⁵³),暂无
上海·市区(中新派),赊(賒),[空],so1(so⁵³),暂无
上海·市区(中新派),娑(娑),白,so1(so⁵³),暂无
上海·市区(中新派),痧(痧),[空],so1(so⁵³),暂无
上海·市区(中新派),舍(舍),宿~,so5(so³³⁴),暂无
上海·市区(中新派),舍(捨),[空],so5(so³³⁴),暂无
上海·市区(中新派),赦(赦),[空],so5(so³³⁴),暂无
上海·市区(中新派),晒(曬),白,so5(so³³⁴),暂无
上海·市区(中新派),茶(茶),[空],zo6(zo¹¹³),暂无
上海·市区(中新派),搽(搽),[空],zo6(zo¹¹³),暂无
上海·市区(中新派),查(查),调~,zo6(zo¹¹³),暂无
上海·市区(中新派),乍(乍),[空],zo6(zo¹¹³),暂无
上海·市区(中新派),蛇(蛇),[空],zo6(zo¹¹³),暂无
上海·市区(中新派),畲(佘),[空],zo6(zo¹¹³),暂无
上海·市区(中新派),社(社),[空],zo6(zo¹¹³),暂无
上海·市区(中新派),射(射),[空],zo6(zo¹¹³),暂无
上海·市区(中新派),麝(麝),[空],zo6(zo¹¹³),暂无
上海·市区(中新派),昨(昨),[空],zo6(zo¹¹³),暂无
上海·市区(中新派),瓜(瓜),白,ko1(ko⁵³),暂无
上海·市区(中新派),寡(寡),白,ko5(ko³³⁴),暂无
上海·市区(中新派),剐(剮),白,ko5(ko³³⁴),暂无
上海·市区(中新派),挂(掛),白,ko5(ko³³⁴),暂无
上海·市区(中新派),卦(卦),白,ko5(ko³³⁴),暂无
上海·市区(中新派),夸(夸),白,kho1(kʰo⁵³),暂无
上海·市区(中新派),垮(垮),白,kho5(kʰo³³⁴),暂无
上海·市区(中新派),跨(跨),白,kho5(kʰo³³⁴),暂无
上海·市区(中新派),瓦(瓦),[空],ngo6(ŋo¹¹³),暂无
上海·市区(中新派),花(花),白,ho1(ho⁵³),暂无
上海·市区(中新派),虾(蝦),[空],ho1(ho⁵³),暂无
上海·市区(中新派),呵(呵),~欠,ho1(ho⁵³),暂无
上海·市区(中新派),华(華),龙~，地名,ho1(ho⁵³),暂无
上海·市区(中新派),化(化),白,ho5(ho³³⁴),暂无
上海·市区(中新派),华(華),白,gho6(ɦo¹¹³),暂无
上海·市区(中新派),铧(鏵),白,gho6(ɦo¹¹³),暂无
上海·市区(中新派),骅(驊),白,gho6(ɦo¹¹³),暂无
上海·市区(中新派),桦(樺),白,gho6(ɦo¹¹³),暂无
上海·市区(中新派),哗(嘩),[空],gho6(ɦo¹¹³),暂无
上海·市区(中新派),划(划),~船,gho6(ɦo¹¹³),暂无
上海·市区(中新派),下(下),白,gho6(ɦo¹¹³),暂无
上海·市区(中新派),夏(夏),白,gho6(ɦo¹¹³),暂无
上海·市区(中新派),厦(廈),白,gho6(ɦo¹¹³),暂无
上海·市区(中新派),画(畫),白,gho6(ɦo¹¹³),暂无
上海·市区(中新派),话(話),白,gho6(ɦo¹¹³),暂无
上海·市区(中新派),鸦(鴉),白,o1(o⁵³),暂无
上海·市区(中新派),丫(丫),白,o1(o⁵³),暂无
上海·市区(中新派),桠(椏),[空],o1(o⁵³),暂无
上海·市区(中新派),划(划),~船,o1(o⁵³),暂无
上海·市区(中新派),蛙(蛙),白,o1(o⁵³),暂无
上海·市区(中新派),搲(搲),~米，~空，抓,o1(o⁵³),暂无
上海·市区(中新派),挜(掗),~拨侬，强予,o1(o⁵³),暂无
上海·市区(中新派),阿(阿),~弥陀佛,o1(o⁵³),暂无
上海·市区(中新派),哑(啞),白,o5(o³³⁴),暂无
上海·市区(中新派),褒(褒),[空],pau1(pɔ⁵³),暂无
上海·市区(中新派),包(包),[空],pau1(pɔ⁵³),暂无
上海·市区(中新派),胞(胞),[空],pau1(pɔ⁵³),暂无
上海·市区(中新派),苞(苞),[空],pau1(pɔ⁵³),暂无
上海·市区(中新派),褒(褒),[空],pau5(pɔ³³⁴),暂无
上海·市区(中新派),宝(寶),[空],pau5(pɔ³³⁴),暂无
上海·市区(中新派),保(保),[空],pau5(pɔ³³⁴),暂无
上海·市区(中新派),堡(堡),[空],pau5(pɔ³³⁴),暂无
上海·市区(中新派),葆(葆),[空],pau5(pɔ³³⁴),暂无
上海·市区(中新派),褓(褓),[空],pau5(pɔ³³⁴),暂无
上海·市区(中新派),鸨(鴇),[空],pau5(pɔ³³⁴),暂无
上海·市区(中新派),饱(飽),[空],pau5(pɔ³³⁴),暂无
上海·市区(中新派),报(報),[空],pau5(pɔ³³⁴),暂无
上海·市区(中新派),豹(豹),[空],pau5(pɔ³³⁴),暂无
上海·市区(中新派),爆(爆),~炒菜,pau5(pɔ³³⁴),暂无
上海·市区(中新派),趵(趵),旺火烧柴~，跃,pau5(pɔ³³⁴),暂无
上海·市区(中新派),脬(脬),[空],phau1(pʰɔ⁵³),暂无
上海·市区(中新派),抛(拋),[空],phau1(pʰɔ⁵³),暂无
上海·市区(中新派),炮(炮),[空],phau5(pʰɔ³³⁴),暂无
上海·市区(中新派),疱(皰),[空],phau5(pʰɔ³³⁴),暂无
上海·市区(中新派),泡(泡),[空],phau5(pʰɔ³³⁴),暂无
上海·市区(中新派),袍(袍),[空],bau6(bɔ¹¹³),暂无
上海·市区(中新派),刨(刨),[空],bau6(bɔ¹¹³),暂无
上海·市区(中新派),跑(跑),[空],bau6(bɔ¹¹³),暂无
上海·市区(中新派),咆(咆),[空],bau6(bɔ¹¹³),暂无
上海·市区(中新派),抱(抱),[空],bau6(bɔ¹¹³),暂无
上海·市区(中新派),暴(暴),[空],bau6(bɔ¹¹³),暂无
上海·市区(中新派),曝(曝),[空],bau6(bɔ¹¹³),暂无
上海·市区(中新派),瀑(瀑),[空],bau6(bɔ¹¹³),暂无
上海·市区(中新派),菢(菢),[空],bau6(bɔ¹¹³),暂无
上海·市区(中新派),爆(爆),~炸,bau6(bɔ¹¹³),暂无
上海·市区(中新派),鲍(鮑),[空],bau6(bɔ¹¹³),暂无
上海·市区(中新派),雹(雹),[空],bau6(bɔ¹¹³),暂无
上海·市区(中新派),爮(爮),~树皮，用指甲刮,bau6(bɔ¹¹³),暂无
上海·市区(中新派),猫(貓),[空],mau1(mɔ⁵³),暂无
上海·市区(中新派),猫(貓),[空],mau6(mɔ¹¹³),暂无
上海·市区(中新派),毛(毛),[空],mau6(mɔ¹¹³),暂无
上海·市区(中新派),髦(髦),[空],mau6(mɔ¹¹³),暂无
上海·市区(中新派),牦(牦),[空],mau6(mɔ¹¹³),暂无
上海·市区(中新派),茅(茅),[空],mau6(mɔ¹¹³),暂无
上海·市区(中新派),蝥(蝥),[空],mau6(mɔ¹¹³),暂无
上海·市区(中新派),锚(錨),[空],mau6(mɔ¹¹³),暂无
上海·市区(中新派),矛(矛),[空],mau6(mɔ¹¹³),暂无
上海·市区(中新派),卯(卯),[空],mau6(mɔ¹¹³),暂无
上海·市区(中新派),铆(鉚),[空],mau6(mɔ¹¹³),暂无
上海·市区(中新派),冒(冒),[空],mau6(mɔ¹¹³),暂无
上海·市区(中新派),帽(帽),[空],mau6(mɔ¹¹³),暂无
上海·市区(中新派),瑁(瑁),[空],mau6(mɔ¹¹³),暂无
上海·市区(中新派),貌(貌),[空],mau6(mɔ¹¹³),暂无
上海·市区(中新派),耄(耄),[空],mau6(mɔ¹¹³),暂无
上海·市区(中新派),贸(貿),[空],mau6(mɔ¹¹³),暂无
上海·市区(中新派),茂(茂),[空],mau6(mɔ¹¹³),暂无
上海·市区(中新派),懋(懋),[空],mau6(mɔ¹¹³),暂无
上海·市区(中新派),泖(泖),地名,mau6(mɔ¹¹³),暂无
上海·市区(中新派),刀(刀),[空],tau1(tɔ⁵³),暂无
上海·市区(中新派),叨(叨),唠~,tau1(tɔ⁵³),暂无
上海·市区(中新派),捣(搗),[空],tau5(tɔ³³⁴),暂无
上海·市区(中新派),祷(禱),[空],tau5(tɔ³³⁴),暂无
上海·市区(中新派),岛(島),[空],tau5(tɔ³³⁴),暂无
上海·市区(中新派),倒(倒),~下来，~挂,tau5(tɔ³³⁴),暂无
上海·市区(中新派),到(到),[空],tau5(tɔ³³⁴),暂无
上海·市区(中新派),叨(叨),~光,thau1(tʰɔ⁵³),暂无
上海·市区(中新派),滔(滔),[空],thau1(tʰɔ⁵³),暂无
上海·市区(中新派),韬(韜),[空],thau1(tʰɔ⁵³),暂无
上海·市区(中新派),涛(濤),[空],thau1(tʰɔ⁵³),暂无
上海·市区(中新派),饕(饕),[空],thau1(tʰɔ⁵³),暂无
上海·市区(中新派),绦(縧),[空],thau1(tʰɔ⁵³),暂无
上海·市区(中新派),套(套),[空],thau5(tʰɔ³³⁴),暂无
上海·市区(中新派),讨(討),[空],thau5(tʰɔ³³⁴),暂无
上海·市区(中新派),涛(濤),[空],dau6(dɔ¹¹³),暂无
上海·市区(中新派),焘(燾),[空],dau6(dɔ¹¹³),暂无
上海·市区(中新派),桃(桃),[空],dau6(dɔ¹¹³),暂无
上海·市区(中新派),掏(掏),[空],dau6(dɔ¹¹³),暂无
上海·市区(中新派),逃(逃),[空],dau6(dɔ¹¹³),暂无
上海·市区(中新派),咷(咷),[空],dau6(dɔ¹¹³),暂无
上海·市区(中新派),淘(淘),[空],dau6(dɔ¹¹³),暂无
上海·市区(中新派),陶(陶),[空],dau6(dɔ¹¹³),暂无
上海·市区(中新派),萄(萄),[空],dau6(dɔ¹¹³),暂无
上海·市区(中新派),导(導),[空],dau6(dɔ¹¹³),暂无
上海·市区(中新派),蹈(蹈),[空],dau6(dɔ¹¹³),暂无
上海·市区(中新派),道(道),[空],dau6(dɔ¹¹³),暂无
上海·市区(中新派),稻(稻),[空],dau6(dɔ¹¹³),暂无
上海·市区(中新派),盗(盜),[空],dau6(dɔ¹¹³),暂无
上海·市区(中新派),悼(悼),[空],dau6(dɔ¹¹³),暂无
上海·市区(中新派),脑(腦),[空],nau6(nɔ¹¹³),暂无
上海·市区(中新派),恼(惱),[空],nau6(nɔ¹¹³),暂无
上海·市区(中新派),瑙(瑙),[空],nau6(nɔ¹¹³),暂无
上海·市区(中新派),闹(鬧),[空],nau6(nɔ¹¹³),暂无
上海·市区(中新派),淖(淖),[空],nau6(nɔ¹¹³),暂无
上海·市区(中新派),捞(撈),[空],lau1(lɔ⁵³),暂无
上海·市区(中新派),唠(嘮),~叨,lau1(lɔ⁵³),暂无
上海·市区(中新派),劳(勞),[空],lau6(lɔ¹¹³),暂无
上海·市区(中新派),痨(癆),[空],lau6(lɔ¹¹³),暂无
上海·市区(中新派),牢(牢),[空],lau6(lɔ¹¹³),暂无
上海·市区(中新派),醪(醪),[空],lau6(lɔ¹¹³),暂无
上海·市区(中新派),老(老),[空],lau6(lɔ¹¹³),暂无
上海·市区(中新派),栳(栳),栲~,lau6(lɔ¹¹³),暂无
上海·市区(中新派),佬(佬),[空],lau6(lɔ¹¹³),暂无
上海·市区(中新派),姥(姥),[空],lau6(lɔ¹¹³),暂无
上海·市区(中新派),涝(澇),[空],lau6(lɔ¹¹³),暂无
上海·市区(中新派),憦(憦),懊~,lau6(lɔ¹¹³),暂无
上海·市区(中新派),遭(遭),[空],tsau1(tsɔ⁵³),暂无
上海·市区(中新派),糟(糟),[空],tsau1(tsɔ⁵³),暂无
上海·市区(中新派),朝(朝),~夕,tsau1(tsɔ⁵³),暂无
上海·市区(中新派),昭(昭),[空],tsau1(tsɔ⁵³),暂无
上海·市区(中新派),招(招),[空],tsau1(tsɔ⁵³),暂无
上海·市区(中新派),钊(釗),[空],tsau1(tsɔ⁵³),暂无
上海·市区(中新派),沼(沼),[空],tsau1(tsɔ⁵³),暂无
上海·市区(中新派),抓(抓),[空],tsau1(tsɔ⁵³),暂无
上海·市区(中新派),搔(搔),[空],tsau1(tsɔ⁵³),暂无
上海·市区(中新派),早(早),[空],tsau5(tsɔ³³⁴),暂无
上海·市区(中新派),蚤(蚤),[空],tsau5(tsɔ³³⁴),暂无
上海·市区(中新派),枣(棗),[空],tsau5(tsɔ³³⁴),暂无
上海·市区(中新派),澡(澡),[空],tsau5(tsɔ³³⁴),暂无
上海·市区(中新派),藻(藻),[空],tsau5(tsɔ³³⁴),暂无
上海·市区(中新派),躁(躁),[空],tsau5(tsɔ³³⁴),暂无
上海·市区(中新派),灶(竈),[空],tsau5(tsɔ³³⁴),暂无
上海·市区(中新派),爪(爪),[空],tsau5(tsɔ³³⁴),暂无
上海·市区(中新派),找(找),[空],tsau5(tsɔ³³⁴),暂无
上海·市区(中新派),罩(罩),[空],tsau5(tsɔ³³⁴),暂无
上海·市区(中新派),笊(笊),~篱,tsau5(tsɔ³³⁴),暂无
上海·市区(中新派),照(照),[空],tsau5(tsɔ³³⁴),暂无
上海·市区(中新派),诏(詔),[空],tsau5(tsɔ³³⁴),暂无
上海·市区(中新派),操(操),[空],tshau1(tsʰɔ⁵³),暂无
上海·市区(中新派),抄(抄),[空],tshau1(tsʰɔ⁵³),暂无
上海·市区(中新派),钞(鈔),~写,tshau1(tsʰɔ⁵³),暂无
上海·市区(中新派),超(超),[空],tshau1(tsʰɔ⁵³),暂无
上海·市区(中新派),草(草),[空],tshau5(tsʰɔ³³⁴),暂无
上海·市区(中新派),糙(糙),[空],tshau5(tsʰɔ³³⁴),暂无
上海·市区(中新派),钞(鈔),~票,tshau5(tsʰɔ³³⁴),暂无
上海·市区(中新派),炒(炒),[空],tshau5(tsʰɔ³³⁴),暂无
上海·市区(中新派),吵(吵),[空],tshau5(tsʰɔ³³⁴),暂无
上海·市区(中新派),耖(耖),~地,tshau5(tsʰɔ³³⁴),暂无
上海·市区(中新派),躁(躁),[空],tshau5(tsʰɔ³³⁴),暂无
上海·市区(中新派),骚(騷),[空],sau1(sɔ⁵³),暂无
上海·市区(中新派),臊(臊),[空],sau1(sɔ⁵³),暂无
上海·市区(中新派),梢(梢),[空],sau1(sɔ⁵³),暂无
上海·市区(中新派),稍(稍),[空],sau1(sɔ⁵³),暂无
上海·市区(中新派),捎(捎),[空],sau1(sɔ⁵³),暂无
上海·市区(中新派),艄(艄),[空],sau1(sɔ⁵³),暂无
上海·市区(中新派),哨(哨),[空],sau1(sɔ⁵³),暂无
上海·市区(中新派),筲(筲),[空],sau1(sɔ⁵³),暂无
上海·市区(中新派),烧(燒),[空],sau1(sɔ⁵³),暂无
上海·市区(中新派),艘(艘),[空],sau1(sɔ⁵³),暂无
上海·市区(中新派),扫(掃),~地，~帚,sau5(sɔ³³⁴),暂无
上海·市区(中新派),嫂(嫂),[空],sau5(sɔ³³⁴),暂无
上海·市区(中新派),燥(燥),[空],sau5(sɔ³³⁴),暂无
上海·市区(中新派),少(少),多~，~年,sau5(sɔ³³⁴),暂无
上海·市区(中新派),潲(潲),[空],sau5(sɔ³³⁴),暂无
上海·市区(中新派),𢜶(𢜶),豪~，快,sau5(sɔ³³⁴),暂无
上海·市区(中新派),曹(曹),[空],zau6(zɔ¹¹³),暂无
上海·市区(中新派),槽(槽),[空],zau6(zɔ¹¹³),暂无
上海·市区(中新派),漕(漕),[空],zau6(zɔ¹¹³),暂无
上海·市区(中新派),嘈(嘈),[空],zau6(zɔ¹¹³),暂无
上海·市区(中新派),皂(皂),[空],zau6(zɔ¹¹³),暂无
上海·市区(中新派),造(造),[空],zau6(zɔ¹¹³),暂无
上海·市区(中新派),嘲(嘲),[空],zau6(zɔ¹¹³),暂无
上海·市区(中新派),巢(巢),[空],zau6(zɔ¹¹³),暂无
上海·市区(中新派),朝(朝),~代,zau6(zɔ¹¹³),暂无
上海·市区(中新派),潮(潮),[空],zau6(zɔ¹¹³),暂无
上海·市区(中新派),晁(晁),[空],zau6(zɔ¹¹³),暂无
上海·市区(中新派),赵(趙),[空],zau6(zɔ¹¹³),暂无
上海·市区(中新派),兆(兆),[空],zau6(zɔ¹¹³),暂无
上海·市区(中新派),肇(肇),[空],zau6(zɔ¹¹³),暂无
上海·市区(中新派),召(召),[空],zau6(zɔ¹¹³),暂无
上海·市区(中新派),韶(韶),[空],zau6(zɔ¹¹³),暂无
上海·市区(中新派),绍(紹),[空],zau6(zɔ¹¹³),暂无
上海·市区(中新派),邵(邵),[空],zau6(zɔ¹¹³),暂无
上海·市区(中新派),饶(饒),文,zau6(zɔ¹¹³),暂无
上海·市区(中新派),扰(擾),文,zau6(zɔ¹¹³),暂无
上海·市区(中新派),膏(膏),[空],kau1(kɔ⁵³),暂无
上海·市区(中新派),高(高),[空],kau1(kɔ⁵³),暂无
上海·市区(中新派),篙(篙),[空],kau1(kɔ⁵³),暂无
上海·市区(中新派),皋(皋),[空],kau1(kɔ⁵³),暂无
上海·市区(中新派),糕(糕),[空],kau1(kɔ⁵³),暂无
上海·市区(中新派),羔(羔),[空],kau1(kɔ⁵³),暂无
上海·市区(中新派),告(告),[空],kau1(kɔ⁵³),暂无
上海·市区(中新派),交(交),白,kau1(kɔ⁵³),暂无
上海·市区(中新派),茭(茭),~白,kau1(kɔ⁵³),暂无
上海·市区(中新派),鲛(鮫),马~鱼,kau1(kɔ⁵³),暂无
上海·市区(中新派),胶(膠),白,kau1(kɔ⁵³),暂无
上海·市区(中新派),稿(稿),[空],kau5(kɔ³³⁴),暂无
上海·市区(中新派),缟(縞),[空],kau5(kɔ³³⁴),暂无
上海·市区(中新派),槁(槁),[空],kau5(kɔ³³⁴),暂无
上海·市区(中新派),镐(鎬),[空],kau5(kɔ³³⁴),暂无
上海·市区(中新派),告(告),[空],kau5(kɔ³³⁴),暂无
上海·市区(中新派),杲(杲),[空],kau5(kɔ³³⁴),暂无
上海·市区(中新派),诰(誥),[空],kau5(kɔ³³⁴),暂无
上海·市区(中新派),教(教),~书。白,kau5(kɔ³³⁴),暂无
上海·市区(中新派),绞(絞),白,kau5(kɔ³³⁴),暂无
上海·市区(中新派),铰(鉸),白,kau5(kɔ³³⁴),暂无
上海·市区(中新派),搅(攪),白,kau5(kɔ³³⁴),暂无
上海·市区(中新派),校(校),白,kau5(kɔ³³⁴),暂无
上海·市区(中新派),跤(跤),白,kau5(kɔ³³⁴),暂无
上海·市区(中新派),觉(覺),困~。白,kau5(kɔ³³⁴),暂无
上海·市区(中新派),酵(酵),白,kau5(kɔ³³⁴),暂无
上海·市区(中新派),窖(窖),白,kau5(kɔ³³⁴),暂无
上海·市区(中新派),敲(敲),白,khau1(kʰɔ⁵³),暂无
上海·市区(中新派),考(考),[空],khau5(kʰɔ³³⁴),暂无
上海·市区(中新派),拷(拷),[空],khau5(kʰɔ³³⁴),暂无
上海·市区(中新派),烤(烤),[空],khau5(kʰɔ³³⁴),暂无
上海·市区(中新派),靠(靠),[空],khau5(kʰɔ³³⁴),暂无
上海·市区(中新派),犒(犒),[空],khau5(kʰɔ³³⁴),暂无
上海·市区(中新派),铐(銬),[空],khau5(kʰɔ³³⁴),暂无
上海·市区(中新派),搞(搞),[空],gau6(gɔ¹¹³),暂无
上海·市区(中新派),搅(攪),白,gau6(gɔ¹¹³),暂无
上海·市区(中新派),骹(骹),蟹~，螯,gau6(gɔ¹¹³),暂无
上海·市区(中新派),遨(遨),[空],gau6(gɔ¹¹³),暂无
上海·市区(中新派),鳌(鰲),[空],ngau6(ŋɔ¹¹³),暂无
上海·市区(中新派),敖(敖),[空],ngau6(ŋɔ¹¹³),暂无
上海·市区(中新派),嗷(嗷),[空],ngau6(ŋɔ¹¹³),暂无
上海·市区(中新派),熬(熬),[空],ngau6(ŋɔ¹¹³),暂无
上海·市区(中新派),鏖(鏖),[空],ngau6(ŋɔ¹¹³),暂无
上海·市区(中新派),翱(翱),[空],ngau6(ŋɔ¹¹³),暂无
上海·市区(中新派),傲(傲),[空],ngau6(ŋɔ¹¹³),暂无
上海·市区(中新派),咬(咬),白,ngau6(ŋɔ¹¹³),暂无
上海·市区(中新派),蒿(蒿),[空],hau1(hɔ⁵³),暂无
上海·市区(中新派),薅(薅),[空],hau1(hɔ⁵³),暂无
上海·市区(中新派),好(好),[空],hau5(hɔ³³⁴),暂无
上海·市区(中新派),耗(耗),[空],hau5(hɔ³³⁴),暂无
上海·市区(中新派),孝(孝),戴~。白,hau5(hɔ³³⁴),暂无
上海·市区(中新派),豪(豪),[空],ghau6(ɦɔ¹¹³),暂无
上海·市区(中新派),毫(毫),[空],ghau6(ɦɔ¹¹³),暂无
上海·市区(中新派),壕(壕),[空],ghau6(ɦɔ¹¹³),暂无
上海·市区(中新派),濠(濠),[空],ghau6(ɦɔ¹¹³),暂无
上海·市区(中新派),嚎(嚎),[空],ghau6(ɦɔ¹¹³),暂无
上海·市区(中新派),浩(浩),[空],ghau6(ɦɔ¹¹³),暂无
上海·市区(中新派),皓(皓),[空],ghau6(ɦɔ¹¹³),暂无
上海·市区(中新派),颢(顥),[空],ghau6(ɦɔ¹¹³),暂无
上海·市区(中新派),昊(昊),[空],ghau6(ɦɔ¹¹³),暂无
上海·市区(中新派),号(號),[空],ghau6(ɦɔ¹¹³),暂无
上海·市区(中新派),㩝(㩝),~准足，估量,ghau6(ɦɔ¹¹³),暂无
上海·市区(中新派),凹(凹),[空],au1(ɔ⁵³),暂无
上海·市区(中新派),懊(懊),[空],au1(ɔ⁵³),暂无
上海·市区(中新派),坳(坳),[空],au1(ɔ⁵³),暂无
上海·市区(中新派),䫜(䫜),面孔~,au1(ɔ⁵³),暂无
上海·市区(中新派),袄(襖),[空],au5(ɔ³³⁴),暂无
上海·市区(中新派),拗(拗),[空],au5(ɔ³³⁴),暂无
上海·市区(中新派),奥(奧),[空],au5(ɔ³³⁴),暂无
上海·市区(中新派),澳(澳),[空],au5(ɔ³³⁴),暂无
上海·市区(中新派),墺(墺),[空],au5(ɔ³³⁴),暂无
上海·市区(中新派),媪(媼),[空],au5(ɔ³³⁴),暂无
上海·市区(中新派),膘(膘),[空],piau1(piɔ⁵³),暂无
上海·市区(中新派),镖(鏢),[空],piau1(piɔ⁵³),暂无
上海·市区(中新派),镳(鑣),[空],piau1(piɔ⁵³),暂无
上海·市区(中新派),标(標),[空],piau1(piɔ⁵³),暂无
上海·市区(中新派),飙(飆),[空],piau1(piɔ⁵³),暂无
上海·市区(中新派),彪(彪),[空],piau1(piɔ⁵³),暂无
上海·市区(中新派),表(錶),[空],piau1(piɔ⁵³),暂无
上海·市区(中新派),表(表),[空],piau5(piɔ³³⁴),暂无
上海·市区(中新派),表(錶),[空],piau5(piɔ³³⁴),暂无
上海·市区(中新派),婊(婊),[空],piau5(piɔ³³⁴),暂无
上海·市区(中新派),裱(裱),[空],piau5(piɔ³³⁴),暂无
上海·市区(中新派),飘(飄),[空],phiau1(pʰiɔ⁵³),暂无
上海·市区(中新派),漂(漂),~浮,phiau1(pʰiɔ⁵³),暂无
上海·市区(中新派),瞟(瞟),[空],phiau1(pʰiɔ⁵³),暂无
上海·市区(中新派),漂(漂),~白，~亮,phiau5(pʰiɔ³³⁴),暂无
上海·市区(中新派),票(票),[空],phiau5(pʰiɔ³³⁴),暂无
上海·市区(中新派),瓢(瓢),[空],biau6(biɔ¹¹³),暂无
上海·市区(中新派),嫖(嫖),[空],biau6(biɔ¹¹³),暂无
上海·市区(中新派),剽(剽),[空],biau6(biɔ¹¹³),暂无
上海·市区(中新派),鳔(鰾),[空],biau6(biɔ¹¹³),暂无
上海·市区(中新派),瞄(瞄),~一眼，瞟,miau1(miɔ⁵³),暂无
上海·市区(中新派),苗(苗),[空],miau6(miɔ¹¹³),暂无
上海·市区(中新派),描(描),[空],miau6(miɔ¹¹³),暂无
上海·市区(中新派),瞄(瞄),~凖,miau6(miɔ¹¹³),暂无
上海·市区(中新派),渺(渺),[空],miau6(miɔ¹¹³),暂无
上海·市区(中新派),藐(藐),[空],miau6(miɔ¹¹³),暂无
上海·市区(中新派),秒(秒),[空],miau6(miɔ¹¹³),暂无
上海·市区(中新派),缈(緲),[空],miau6(miɔ¹¹³),暂无
上海·市区(中新派),眇(眇),[空],miau6(miɔ¹¹³),暂无
上海·市区(中新派),庙(廟),[空],miau6(miɔ¹¹³),暂无
上海·市区(中新派),妙(妙),[空],miau6(miɔ¹¹³),暂无
上海·市区(中新派),缪(繆),姓,miau6(miɔ¹¹³),暂无
上海·市区(中新派),谬(謬),[空],miau6(miɔ¹¹³),暂无
上海·市区(中新派),覅(覅),我~看，不要；~吵，别,viau6(viɔ¹¹³),暂无
上海·市区(中新派),刁(刁),[空],tiau1(tiɔ⁵³),暂无
上海·市区(中新派),雕(雕),[空],tiau1(tiɔ⁵³),暂无
上海·市区(中新派),凋(凋),[空],tiau1(tiɔ⁵³),暂无
上海·市区(中新派),貂(貂),[空],tiau1(tiɔ⁵³),暂无
上海·市区(中新派),鸟(鳥),白,tiau5(tiɔ³³⁴),暂无
上海·市区(中新派),屌(屌),[空],tiau5(tiɔ³³⁴),暂无
上海·市区(中新派),钓(釣),[空],tiau5(tiɔ³³⁴),暂无
上海·市区(中新派),吊(吊),[空],tiau5(tiɔ³³⁴),暂无
上海·市区(中新派),眺(眺),[空],thiau1(tʰiɔ⁵³),暂无
上海·市区(中新派),挑(挑),[空],thiau1(tʰiɔ⁵³),暂无
上海·市区(中新派),佻(佻),[空],thiau1(tʰiɔ⁵³),暂无
上海·市区(中新派),祧(祧),[空],thiau1(tʰiɔ⁵³),暂无
上海·市区(中新派),跳(跳),[空],thiau5(tʰiɔ³³⁴),暂无
上海·市区(中新派),粜(糶),[空],thiau5(tʰiɔ³³⁴),暂无
上海·市区(中新派),条(條),[空],diau6(diɔ¹¹³),暂无
上海·市区(中新派),调(調),[空],diau6(diɔ¹¹³),暂无
上海·市区(中新派),苕(苕),[空],diau6(diɔ¹¹³),暂无
上海·市区(中新派),迢(迢),[空],diau6(diɔ¹¹³),暂无
上海·市区(中新派),掉(掉),[空],diau6(diɔ¹¹³),暂无
上海·市区(中新派),笤(笤),~帚,diau6(diɔ¹¹³),暂无
上海·市区(中新派),撩(撩),[空],liau1(liɔ⁵³),暂无
上海·市区(中新派),尥(尥),一脚~倒人,liau1(liɔ⁵³),暂无
上海·市区(中新派),摷(摷),~伊一记，打,liau1(liɔ⁵³),暂无
上海·市区(中新派),燎(燎),[空],liau6(liɔ¹¹³),暂无
上海·市区(中新派),聊(聊),[空],liau6(liɔ¹¹³),暂无
上海·市区(中新派),僚(僚),[空],liau6(liɔ¹¹³),暂无
上海·市区(中新派),獠(獠),[空],liau6(liɔ¹¹³),暂无
上海·市区(中新派),辽(遼),[空],liau6(liɔ¹¹³),暂无
上海·市区(中新派),撩(撩),[空],liau6(liɔ¹¹³),暂无
上海·市区(中新派),疗(療),[空],liau6(liɔ¹¹³),暂无
上海·市区(中新派),寥(寥),[空],liau6(liɔ¹¹³),暂无
上海·市区(中新派),缭(繚),[空],liau6(liɔ¹¹³),暂无
上海·市区(中新派),了(了),~解，结,liau6(liɔ¹¹³),暂无
上海·市区(中新派),瞭(瞭),[空],liau6(liɔ¹¹³),暂无
上海·市区(中新派),潦(潦),~草,liau6(liɔ¹¹³),暂无
上海·市区(中新派),蓼(蓼),[空],liau6(liɔ¹¹³),暂无
上海·市区(中新派),料(料),[空],liau6(liɔ¹¹³),暂无
上海·市区(中新派),镣(鐐),[空],liau6(liɔ¹¹³),暂无
上海·市区(中新派),廖(廖),[空],liau6(liɔ¹¹³),暂无
上海·市区(中新派),𢻢(𢻢),长~条,liau6(liɔ¹¹³),暂无
上海·市区(中新派),䩍(䩍),白~~,liau6(liɔ¹¹³),暂无
上海·市区(中新派),交(交),文,ciau1(tɕiɔ⁵³),暂无
上海·市区(中新派),郊(郊),[空],ciau1(tɕiɔ⁵³),暂无
上海·市区(中新派),蛟(蛟),[空],ciau1(tɕiɔ⁵³),暂无
上海·市区(中新派),胶(膠),文,ciau1(tɕiɔ⁵³),暂无
上海·市区(中新派),焦(焦),[空],ciau1(tɕiɔ⁵³),暂无
上海·市区(中新派),蕉(蕉),[空],ciau1(tɕiɔ⁵³),暂无
上海·市区(中新派),礁(礁),[空],ciau1(tɕiɔ⁵³),暂无
上海·市区(中新派),椒(椒),[空],ciau1(tɕiɔ⁵³),暂无
上海·市区(中新派),骄(驕),[空],ciau1(tɕiɔ⁵³),暂无
上海·市区(中新派),娇(嬌),[空],ciau1(tɕiɔ⁵³),暂无
上海·市区(中新派),浇(澆),[空],ciau1(tɕiɔ⁵³),暂无
上海·市区(中新派),缴(繳),[空],ciau1(tɕiɔ⁵³),暂无
上海·市区(中新派),纠(糾),[空],ciau1(tɕiɔ⁵³),暂无
上海·市区(中新派),姣(姣),[空],ciau5(tɕiɔ³³⁴),暂无
上海·市区(中新派),绞(絞),[空],ciau5(tɕiɔ³³⁴),暂无
上海·市区(中新派),狡(狡),[空],ciau5(tɕiɔ³³⁴),暂无
上海·市区(中新派),铰(鉸),文,ciau5(tɕiɔ³³⁴),暂无
上海·市区(中新派),佼(佼),[空],ciau5(tɕiɔ³³⁴),暂无
上海·市区(中新派),矫(矯),[空],ciau5(tɕiɔ³³⁴),暂无
上海·市区(中新派),皎(皎),[空],ciau5(tɕiɔ³³⁴),暂无
上海·市区(中新派),搅(攪),文,ciau5(tɕiɔ³³⁴),暂无
上海·市区(中新派),侥(僥),[空],ciau5(tɕiɔ³³⁴),暂无
上海·市区(中新派),教(教),文,ciau5(tɕiɔ³³⁴),暂无
上海·市区(中新派),校(校),~对。文,ciau5(tɕiɔ³³⁴),暂无
上海·市区(中新派),较(較),[空],ciau5(tɕiɔ³³⁴),暂无
上海·市区(中新派),跤(跤),文,ciau5(tɕiɔ³³⁴),暂无
上海·市区(中新派),觉(覺),睡~。文,ciau5(tɕiɔ³³⁴),暂无
上海·市区(中新派),窖(窖),文,ciau5(tɕiɔ³³⁴),暂无
上海·市区(中新派),叫(叫),[空],ciau5(tɕiɔ³³⁴),暂无
上海·市区(中新派),醮(醮),[空],ciau5(tɕiɔ³³⁴),暂无
上海·市区(中新派),敲(敲),文,chiau1(tɕʰiɔ⁵³),暂无
上海·市区(中新派),锹(鍬),[空],chiau1(tɕʰiɔ⁵³),暂无
上海·市区(中新派),缲(繰),~边,chiau1(tɕʰiɔ⁵³),暂无
上海·市区(中新派),跷(蹺),[空],chiau1(tɕʰiɔ⁵³),暂无
上海·市区(中新派),悄(悄),[空],chiau1(tɕʰiɔ⁵³),暂无
上海·市区(中新派),撬(撬),[空],chiau1(tɕʰiɔ⁵³),暂无
上海·市区(中新派),橇(橇),[空],chiau1(tɕʰiɔ⁵³),暂无
上海·市区(中新派),巧(巧),[空],chiau5(tɕʰiɔ³³⁴),暂无
上海·市区(中新派),俏(俏),[空],chiau5(tɕʰiɔ³³⁴),暂无
上海·市区(中新派),翘(翹),[空],chiau5(tɕʰiɔ³³⁴),暂无
上海·市区(中新派),窍(竅),[空],chiau5(tɕʰiɔ³³⁴),暂无
上海·市区(中新派),峭(峭),[空],chiau5(tɕʰiɔ³³⁴),暂无
上海·市区(中新派),瞧(瞧),[空],jiau6(dʑiɔ¹¹³),暂无
上海·市区(中新派),桥(橋),[空],jiau6(dʑiɔ¹¹³),暂无
上海·市区(中新派),乔(喬),[空],jiau6(dʑiɔ¹¹³),暂无
上海·市区(中新派),荞(蕎),[空],jiau6(dʑiɔ¹¹³),暂无
上海·市区(中新派),轿(轎),[空],jiau6(dʑiɔ¹¹³),暂无
上海·市区(中新派),翘(翹),木头~脱，木板受潮后弯曲不平,jiau6(dʑiɔ¹¹³),暂无
上海·市区(中新派),挢(撟),~石头，顶起,jiau6(dʑiɔ¹¹³),暂无
上海·市区(中新派),鸟(鳥),文,gniau1(ȵiɔ⁵³),暂无
上海·市区(中新派),尿(尿),文,gniau1(ȵiɔ⁵³),暂无
上海·市区(中新派),饶(饒),白,gniau6(ȵiɔ¹¹³),暂无
上海·市区(中新派),桡(橈),[空],gniau6(ȵiɔ¹¹³),暂无
上海·市区(中新派),蛲(蟯),[空],gniau6(ȵiɔ¹¹³),暂无
上海·市区(中新派),挠(撓),白,gniau6(ȵiɔ¹¹³),暂无
上海·市区(中新派),绕(繞),[空],gniau6(ȵiɔ¹¹³),暂无
上海·市区(中新派),铙(鐃),[空],gniau6(ȵiɔ¹¹³),暂无
上海·市区(中新派),扰(擾),[空],gniau6(ȵiɔ¹¹³),暂无
上海·市区(中新派),嬲(嬲),[空],gniau6(ȵiɔ¹¹³),暂无
上海·市区(中新派),尧(堯),[空],gniau6(ȵiɔ¹¹³),暂无
上海·市区(中新派),消(消),[空],shiau1(ɕiɔ⁵³),暂无
上海·市区(中新派),宵(宵),[空],shiau1(ɕiɔ⁵³),暂无
上海·市区(中新派),霄(霄),[空],shiau1(ɕiɔ⁵³),暂无
上海·市区(中新派),硝(硝),[空],shiau1(ɕiɔ⁵³),暂无
上海·市区(中新派),销(銷),[空],shiau1(ɕiɔ⁵³),暂无
上海·市区(中新派),逍(逍),[空],shiau1(ɕiɔ⁵³),暂无
上海·市区(中新派),枭(梟),[空],shiau1(ɕiɔ⁵³),暂无
上海·市区(中新派),枵(枵),[空],shiau1(ɕiɔ⁵³),暂无
上海·市区(中新派),嚣(囂),[空],shiau1(ɕiɔ⁵³),暂无
上海·市区(中新派),潇(瀟),[空],shiau1(ɕiɔ⁵³),暂无
上海·市区(中新派),萧(蕭),[空],shiau1(ɕiɔ⁵³),暂无
上海·市区(中新派),箫(簫),[空],shiau1(ɕiɔ⁵³),暂无
上海·市区(中新派),啸(嘯),[空],shiau1(ɕiɔ⁵³),暂无
上海·市区(中新派),肖(肖),[空],shiau1(ɕiɔ⁵³),暂无
上海·市区(中新派),鞘(鞘),[空],shiau1(ɕiɔ⁵³),暂无
上海·市区(中新派),捎(捎),~耳朵，~鸟窠,shiau1(ɕiɔ⁵³),暂无
上海·市区(中新派),捎(捎),~地光，乱翻滚摩擦,shiau1(ɕiɔ⁵³),暂无
上海·市区(中新派),捎(捎),~篮球，投篮,shiau1(ɕiɔ⁵³),暂无
上海·市区(中新派),淆(淆),[空],shiau5(ɕiɔ³³⁴),暂无
上海·市区(中新派),小(小),[空],shiau5(ɕiɔ³³⁴),暂无
上海·市区(中新派),筱(筱),[空],shiau5(ɕiɔ³³⁴),暂无
上海·市区(中新派),晓(曉),[空],shiau5(ɕiɔ³³⁴),暂无
上海·市区(中新派),孝(孝),[空],shiau5(ɕiɔ³³⁴),暂无
上海·市区(中新派),笑(笑),[空],shiau5(ɕiɔ³³⁴),暂无
上海·市区(中新派),哮(哮),[空],shiau5(ɕiɔ³³⁴),暂无
上海·市区(中新派),酵(酵),[空],shiau5(ɕiɔ³³⁴),暂无
上海·市区(中新派),樵(樵),[空],zhiau6(ʑiɔ¹¹³),暂无
上海·市区(中新派),谯(譙),[空],zhiau6(ʑiɔ¹¹³),暂无
上海·市区(中新派),憔(憔),~悴,zhiau6(ʑiɔ¹¹³),暂无
上海·市区(中新派),剿(剿),[空],zhiau6(ʑiɔ¹¹³),暂无
上海·市区(中新派),巢(巢),[空],zhiau6(ʑiɔ¹¹³),暂无
上海·市区(中新派),缫(繅),[空],zhiau6(ʑiɔ¹¹³),暂无
上海·市区(中新派),㩭(㩭),瞎~，捣乱,zhiau6(ʑiɔ¹¹³),暂无
上海·市区(中新派),淆(淆),[空],yau6(ɦiɔ¹¹³),暂无
上海·市区(中新派),郊(郊),[空],yau6(ɦiɔ¹¹³),暂无
上海·市区(中新派),肴(餚),[空],yau6(ɦiɔ¹¹³),暂无
上海·市区(中新派),爻(爻),[空],yau6(ɦiɔ¹¹³),暂无
上海·市区(中新派),校(校),学~,yau6(ɦiɔ¹¹³),暂无
上海·市区(中新派),摇(搖),[空],yau6(ɦiɔ¹¹³),暂无
上海·市区(中新派),谣(謠),[空],yau6(ɦiɔ¹¹³),暂无
上海·市区(中新派),遥(遙),[空],yau6(ɦiɔ¹¹³),暂无
上海·市区(中新派),瑶(瑤),[空],yau6(ɦiɔ¹¹³),暂无
上海·市区(中新派),徭(徭),[空],yau6(ɦiɔ¹¹³),暂无
上海·市区(中新派),姚(姚),[空],yau6(ɦiɔ¹¹³),暂无
上海·市区(中新派),尧(堯),[空],yau6(ɦiɔ¹¹³),暂无
上海·市区(中新派),咬(咬),[空],yau6(ɦiɔ¹¹³),暂无
上海·市区(中新派),舀(舀),[空],yau6(ɦiɔ¹¹³),暂无
上海·市区(中新派),杳(杳),[空],yau6(ɦiɔ¹¹³),暂无
上海·市区(中新派),耀(耀),[空],yau6(ɦiɔ¹¹³),暂无
上海·市区(中新派),曜(曜),[空],yau6(ɦiɔ¹¹³),暂无
上海·市区(中新派),鹞(鷂),[空],yau6(ɦiɔ¹¹³),暂无
上海·市区(中新派),妖(妖),[空],iau1(iɔ⁵³),暂无
上海·市区(中新派),夭(夭),[空],iau1(iɔ⁵³),暂无
上海·市区(中新派),邀(邀),[空],iau1(iɔ⁵³),暂无
上海·市区(中新派),要(要),~求,iau1(iɔ⁵³),暂无
上海·市区(中新派),腰(腰),[空],iau1(iɔ⁵³),暂无
上海·市区(中新派),吆(吆),[空],iau1(iɔ⁵³),暂无
上海·市区(中新派),幺(幺),[空],iau1(iɔ⁵³),暂无
上海·市区(中新派),要(要),[空],iau5(iɔ³³⁴),暂无
上海·市区(中新派),闄(闄),纸头一~两，折叠,iau5(iɔ³³⁴),暂无
上海·市区(中新派),剖(剖),[空],pheu1(pʰɤ⁵³),暂无
上海·市区(中新派),谋(謀),[空],meu6(mɤ¹¹³),暂无
上海·市区(中新派),眸(眸),[空],meu6(mɤ¹¹³),暂无
上海·市区(中新派),牟(牟),[空],meu6(mɤ¹¹³),暂无
上海·市区(中新派),侔(侔),[空],meu6(mɤ¹¹³),暂无
上海·市区(中新派),某(某),[空],meu6(mɤ¹¹³),暂无
上海·市区(中新派),亩(畝),[空],meu6(mɤ¹¹³),暂无
上海·市区(中新派),牡(牡),[空],meu6(mɤ¹¹³),暂无
上海·市区(中新派),矛(矛),[空],meu6(mɤ¹¹³),暂无
上海·市区(中新派),贸(貿),[空],meu6(mɤ¹¹³),暂无
上海·市区(中新派),茂(茂),[空],meu6(mɤ¹¹³),暂无
上海·市区(中新派),否(否),[空],feu5(fɤ³³⁴),暂无
上海·市区(中新派),缶(缶),[空],feu5(fɤ³³⁴),暂无
上海·市区(中新派),浮(浮),[空],veu6(vɤ¹¹³),暂无
上海·市区(中新派),蜉(蜉),[空],veu6(vɤ¹¹³),暂无
上海·市区(中新派),负(負),[空],veu6(vɤ¹¹³),暂无
上海·市区(中新派),阜(阜),[空],veu6(vɤ¹¹³),暂无
上海·市区(中新派),桴(桴),[空],veu6(vɤ¹¹³),暂无
上海·市区(中新派),兜(兜),[空],teu1(tɤ⁵³),暂无
上海·市区(中新派),篼(篼),[空],teu1(tɤ⁵³),暂无
上海·市区(中新派),斗(斗),[空],teu5(tɤ³³⁴),暂无
上海·市区(中新派),抖(抖),[空],teu5(tɤ³³⁴),暂无
上海·市区(中新派),斗(鬥),[空],teu5(tɤ³³⁴),暂无
上海·市区(中新派),陡(陡),[空],teu5(tɤ³³⁴),暂无
上海·市区(中新派),蚪(蚪),蝌~,teu5(tɤ³³⁴),暂无
上海·市区(中新派),偷(偷),[空],theu1(tʰɤ⁵³),暂无
上海·市区(中新派),㪗(㪗),[空],theu5(tʰɤ³³⁴),暂无
上海·市区(中新派),透(透),[空],theu5(tʰɤ³³⁴),暂无
上海·市区(中新派),头(頭),[空],deu6(dɤ¹¹³),暂无
上海·市区(中新派),投(投),[空],deu6(dɤ¹¹³),暂无
上海·市区(中新派),骰(骰),[空],deu6(dɤ¹¹³),暂无
上海·市区(中新派),窦(竇),[空],deu6(dɤ¹¹³),暂无
上海·市区(中新派),豆(豆),[空],deu6(dɤ¹¹³),暂无
上海·市区(中新派),逗(逗),[空],deu6(dɤ¹¹³),暂无
上海·市区(中新派),痘(痘),[空],deu6(dɤ¹¹³),暂无
上海·市区(中新派),读(讀),句~,deu6(dɤ¹¹³),暂无
上海·市区(中新派),𠞭(𠞭),~一个洞，抠，挖,leu1(lɤ⁵³),暂无
上海·市区(中新派),搂(摟),[空],leu6(lɤ¹¹³),暂无
上海·市区(中新派),楼(樓),[空],leu6(lɤ¹¹³),暂无
上海·市区(中新派),偻(僂),[空],leu6(lɤ¹¹³),暂无
上海·市区(中新派),娄(婁),[空],leu6(lɤ¹¹³),暂无
上海·市区(中新派),蝼(螻),~蛄,leu6(lɤ¹¹³),暂无
上海·市区(中新派),髅(髏),骷~,leu6(lɤ¹¹³),暂无
上海·市区(中新派),篓(簍),[空],leu6(lɤ¹¹³),暂无
上海·市区(中新派),漏(漏),[空],leu6(lɤ¹¹³),暂无
上海·市区(中新派),陋(陋),[空],leu6(lɤ¹¹³),暂无
上海·市区(中新派),镂(鏤),[空],leu6(lɤ¹¹³),暂无
上海·市区(中新派),瘘(瘻),[空],leu6(lɤ¹¹³),暂无
上海·市区(中新派),揉(揉),[空],leu6(lɤ¹¹³),暂无
上海·市区(中新派),蹂(蹂),~躏,leu6(lɤ¹¹³),暂无
上海·市区(中新派),謱(謱),謰~，语乱,leu6(lɤ¹¹³),暂无
上海·市区(中新派),邹(鄒),[空],tseu1(tsɤ⁵³),暂无
上海·市区(中新派),诌(謅),[空],tseu1(tsɤ⁵³),暂无
上海·市区(中新派),周(周),[空],tseu1(tsɤ⁵³),暂无
上海·市区(中新派),周(週),[空],tseu1(tsɤ⁵³),暂无
上海·市区(中新派),州(州),[空],tseu1(tsɤ⁵³),暂无
上海·市区(中新派),洲(洲),[空],tseu1(tsɤ⁵³),暂无
上海·市区(中新派),昼(晝),[空],tseu1(tsɤ⁵³),暂无
上海·市区(中新派),走(走),[空],tseu5(tsɤ³³⁴),暂无
上海·市区(中新派),奏(奏),[空],tseu5(tsɤ³³⁴),暂无
上海·市区(中新派),肘(肘),[空],tseu5(tsɤ³³⁴),暂无
上海·市区(中新派),帚(帚),[空],tseu5(tsɤ³³⁴),暂无
上海·市区(中新派),皱(皺),[空],tseu5(tsɤ³³⁴),暂无
上海·市区(中新派),绉(縐),[空],tseu5(tsɤ³³⁴),暂无
上海·市区(中新派),咒(咒),[空],tseu5(tsɤ³³⁴),暂无
上海·市区(中新派),抽(抽),[空],tsheu1(tsʰɤ⁵³),暂无
上海·市区(中新派),凑(湊),[空],tsheu5(tsʰɤ³³⁴),暂无
上海·市区(中新派),丑(醜),[空],tsheu5(tsʰɤ³³⁴),暂无
上海·市区(中新派),丑(丑),[空],tsheu5(tsʰɤ³³⁴),暂无
上海·市区(中新派),臭(臭),[空],tsheu5(tsʰɤ³³⁴),暂无
上海·市区(中新派),腠(腠),[空],tsheu5(tsʰɤ³³⁴),暂无
上海·市区(中新派),艘(艘),[空],seu1(sɤ⁵³),暂无
上海·市区(中新派),搜(搜),[空],seu1(sɤ⁵³),暂无
上海·市区(中新派),飕(颼),[空],seu1(sɤ⁵³),暂无
上海·市区(中新派),馊(餿),[空],seu1(sɤ⁵³),暂无
上海·市区(中新派),溲(溲),[空],seu1(sɤ⁵³),暂无
上海·市区(中新派),收(收),[空],seu1(sɤ⁵³),暂无
上海·市区(中新派),叟(叟),[空],seu5(sɤ³³⁴),暂无
上海·市区(中新派),擞(擻),抖~,seu5(sɤ³³⁴),暂无
上海·市区(中新派),嗽(嗽),咳~,seu5(sɤ³³⁴),暂无
上海·市区(中新派),手(手),[空],seu5(sɤ³³⁴),暂无
上海·市区(中新派),首(首),[空],seu5(sɤ³³⁴),暂无
上海·市区(中新派),守(守),[空],seu5(sɤ³³⁴),暂无
上海·市区(中新派),瘦(瘦),[空],seu5(sɤ³³⁴),暂无
上海·市区(中新派),兽(獸),[空],seu5(sɤ³³⁴),暂无
上海·市区(中新派),狩(狩),[空],seu5(sɤ³³⁴),暂无
上海·市区(中新派),绸(綢),[空],zeu6(zɤ¹¹³),暂无
上海·市区(中新派),稠(稠),[空],zeu6(zɤ¹¹³),暂无
上海·市区(中新派),筹(籌),[空],zeu6(zɤ¹¹³),暂无
上海·市区(中新派),踌(躊),~躇,zeu6(zɤ¹¹³),暂无
上海·市区(中新派),畴(疇),[空],zeu6(zɤ¹¹³),暂无
上海·市区(中新派),俦(儔),[空],zeu6(zɤ¹¹³),暂无
上海·市区(中新派),愁(愁),[空],zeu6(zɤ¹¹³),暂无
上海·市区(中新派),仇(仇),[空],zeu6(zɤ¹¹³),暂无
上海·市区(中新派),酬(酬),[空],zeu6(zɤ¹¹³),暂无
上海·市区(中新派),宙(宙),[空],zeu6(zɤ¹¹³),暂无
上海·市区(中新派),胄(胄),[空],zeu6(zɤ¹¹³),暂无
上海·市区(中新派),骤(驟),[空],zeu6(zɤ¹¹³),暂无
上海·市区(中新派),纣(紂),[空],zeu6(zɤ¹¹³),暂无
上海·市区(中新派),受(受),[空],zeu6(zɤ¹¹³),暂无
上海·市区(中新派),绶(綬),[空],zeu6(zɤ¹¹³),暂无
上海·市区(中新派),授(授),[空],zeu6(zɤ¹¹³),暂无
上海·市区(中新派),寿(壽),[空],zeu6(zɤ¹¹³),暂无
上海·市区(中新派),柔(柔),[空],zeu6(zɤ¹¹³),暂无
上海·市区(中新派),揉(揉),[空],zeu6(zɤ¹¹³),暂无
上海·市区(中新派),蹂(蹂),~躏,zeu6(zɤ¹¹³),暂无
上海·市区(中新派),寿(壽),~头，傻,zeu6(zɤ¹¹³),暂无
上海·市区(中新派),勾(勾),[空],keu1(kɤ⁵³),暂无
上海·市区(中新派),钩(鉤),[空],keu1(kɤ⁵³),暂无
上海·市区(中新派),沟(溝),[空],keu1(kɤ⁵³),暂无
上海·市区(中新派),佝(佝),~偻,keu1(kɤ⁵³),暂无
上海·市区(中新派),篝(篝),[空],keu1(kɤ⁵³),暂无
上海·市区(中新派),狗(狗),[空],keu5(kɤ³³⁴),暂无
上海·市区(中新派),茍(茍),[空],keu5(kɤ³³⁴),暂无
上海·市区(中新派),枸(枸),[空],keu5(kɤ³³⁴),暂无
上海·市区(中新派),够(夠),[空],keu5(kɤ³³⁴),暂无
上海·市区(中新派),垢(垢),[空],keu5(kɤ³³⁴),暂无
上海·市区(中新派),构(構),[空],keu5(kɤ³³⁴),暂无
上海·市区(中新派),购(購),[空],keu5(kɤ³³⁴),暂无
上海·市区(中新派),媾(媾),[空],keu5(kɤ³³⁴),暂无
上海·市区(中新派),抠(摳),[空],kheu1(kʰɤ⁵³),暂无
上海·市区(中新派),眍(瞘),眼睛~下去,kheu1(kʰɤ⁵³),暂无
上海·市区(中新派),口(口),[空],kheu5(kʰɤ³³⁴),暂无
上海·市区(中新派),叩(叩),[空],kheu5(kʰɤ³³⁴),暂无
上海·市区(中新派),扣(釦),[空],kheu5(kʰɤ³³⁴),暂无
上海·市区(中新派),扣(扣),[空],kheu5(kʰɤ³³⁴),暂无
上海·市区(中新派),寇(寇),[空],kheu5(kʰɤ³³⁴),暂无
上海·市区(中新派),蔻(蔻),[空],kheu5(kʰɤ³³⁴),暂无
上海·市区(中新派),𣹇(𣹇),船~辣泥里，搁浅,kheu5(kʰɤ³³⁴),暂无
上海·市区(中新派),䊵(䊵),带子~起，收缩,geu6(gɤ¹¹³),暂无
上海·市区(中新派),𧺤(𧺤),脚~起仔，屈而不伸,geu6(gɤ¹¹³),暂无
上海·市区(中新派),跔(跔),~头颈，缩颈,geu6(gɤ¹¹³),暂无
上海·市区(中新派),藕(藕),[空],ngeu6(ŋɤ¹¹³),暂无
上海·市区(中新派),偶(偶),[空],ngeu6(ŋɤ¹¹³),暂无
上海·市区(中新派),耦(耦),[空],ngeu6(ŋɤ¹¹³),暂无
上海·市区(中新派),齁(齁),[空],heu1(hɤ⁵³),暂无
上海·市区(中新派),呴(呴),~势煞，怀怒欲发,heu1(hɤ⁵³),暂无
上海·市区(中新派),吼(吼),~病，哮喘,heu1(hɤ⁵³),暂无
上海·市区(中新派),吼(吼),[空],heu5(hɤ³³⁴),暂无
上海·市区(中新派),鲎(鱟),虹,heu5(hɤ³³⁴),暂无
上海·市区(中新派),侯(侯),[空],gheu6(ɦɤ¹¹³),暂无
上海·市区(中新派),喉(喉),[空],gheu6(ɦɤ¹¹³),暂无
上海·市区(中新派),猴(猴),[空],gheu6(ɦɤ¹¹³),暂无
上海·市区(中新派),瘊(瘊),[空],gheu6(ɦɤ¹¹³),暂无
上海·市区(中新派),篌(篌),箜~,gheu6(ɦɤ¹¹³),暂无
上海·市区(中新派),厚(厚),[空],gheu6(ɦɤ¹¹³),暂无
上海·市区(中新派),后(后),[空],gheu6(ɦɤ¹¹³),暂无
上海·市区(中新派),后(後),[空],gheu6(ɦɤ¹¹³),暂无
上海·市区(中新派),候(候),[空],gheu6(ɦɤ¹¹³),暂无
上海·市区(中新派),欧(歐),[空],eu1(ɤ⁵³),暂无
上海·市区(中新派),区(區),姓,eu1(ɤ⁵³),暂无
上海·市区(中新派),讴(謳),[空],eu1(ɤ⁵³),暂无
上海·市区(中新派),殴(毆),[空],eu1(ɤ⁵³),暂无
上海·市区(中新派),瓯(甌),[空],eu1(ɤ⁵³),暂无
上海·市区(中新派),伛(傴),~腰曲背,eu1(ɤ⁵³),暂无
上海·市区(中新派),呕(嘔),[空],eu5(ɤ³³⁴),暂无
上海·市区(中新派),沤(漚),[空],eu5(ɤ³³⁴),暂无
上海·市区(中新派),怄(慪),[空],eu5(ɤ³³⁴),暂无
上海·市区(中新派),伛(傴),[空],eu5(ɤ³³⁴),暂无
上海·市区(中新派),谬(謬),[空],mieu6(miɤ¹¹³),暂无
上海·市区(中新派),丢(丟),[空],tieu1(tiɤ⁵³),暂无
上海·市区(中新派),溜(溜),[空],lieu1(liɤ⁵³),暂无
上海·市区(中新派),流(流),[空],lieu6(liɤ¹¹³),暂无
上海·市区(中新派),琉(琉),[空],lieu6(liɤ¹¹³),暂无
上海·市区(中新派),刘(劉),[空],lieu6(liɤ¹¹³),暂无
上海·市区(中新派),留(留),[空],lieu6(liɤ¹¹³),暂无
上海·市区(中新派),榴(榴),[空],lieu6(liɤ¹¹³),暂无
上海·市区(中新派),瘤(瘤),[空],lieu6(liɤ¹¹³),暂无
上海·市区(中新派),硫(硫),[空],lieu6(liɤ¹¹³),暂无
上海·市区(中新派),柳(柳),[空],lieu6(liɤ¹¹³),暂无
上海·市区(中新派),遛(遛),[空],lieu6(liɤ¹¹³),暂无
上海·市区(中新派),馏(餾),[空],lieu6(liɤ¹¹³),暂无
上海·市区(中新派),浏(瀏),[空],lieu6(liɤ¹¹³),暂无
上海·市区(中新派),绺(綹),[空],lieu6(liɤ¹¹³),暂无
上海·市区(中新派),揪(揪),[空],cieu1(tɕiɤ⁵³),暂无
上海·市区(中新派),啾(啾),[空],cieu1(tɕiɤ⁵³),暂无
上海·市区(中新派),鸠(鳩),[空],cieu1(tɕiɤ⁵³),暂无
上海·市区(中新派),阄(鬮),[空],cieu1(tɕiɤ⁵³),暂无
上海·市区(中新派),究(究),[空],cieu1(tɕiɤ⁵³),暂无
上海·市区(中新派),赳(赳),[空],cieu1(tɕiɤ⁵³),暂无
上海·市区(中新派),酒(酒),[空],cieu5(tɕiɤ³³⁴),暂无
上海·市区(中新派),九(九),[空],cieu5(tɕiɤ³³⁴),暂无
上海·市区(中新派),久(久),[空],cieu5(tɕiɤ³³⁴),暂无
上海·市区(中新派),韭(韭),[空],cieu5(tɕiɤ³³⁴),暂无
上海·市区(中新派),玖(玖),[空],cieu5(tɕiɤ³³⁴),暂无
上海·市区(中新派),救(救),[空],cieu5(tɕiɤ³³⁴),暂无
上海·市区(中新派),疚(疚),[空],cieu5(tɕiɤ³³⁴),暂无
上海·市区(中新派),厩(廄),[空],cieu5(tɕiɤ³³⁴),暂无
上海·市区(中新派),㾭(㾭),人老要~，蜷缩,cieu5(tɕiɤ³³⁴),暂无
上海·市区(中新派),秋(秋),[空],chieu1(tɕʰiɤ⁵³),暂无
上海·市区(中新派),鳅(鰍),[空],chieu1(tɕʰiɤ⁵³),暂无
上海·市区(中新派),秋(鞦),[空],chieu1(tɕʰiɤ⁵³),暂无
上海·市区(中新派),丘(丘),[空],chieu1(tɕʰiɤ⁵³),暂无
上海·市区(中新派),邱(邱),[空],chieu1(tɕʰiɤ⁵³),暂无
上海·市区(中新派),蚯(蚯),[空],chieu1(tɕʰiɤ⁵³),暂无
上海·市区(中新派),揪(揪),[空],chieu1(tɕʰiɤ⁵³),暂无
上海·市区(中新派),恘(恘),好~，坏,chieu1(tɕʰiɤ⁵³),暂无
上海·市区(中新派),囚(囚),[空],jieu6(dʑiɤ¹¹³),暂无
上海·市区(中新派),泅(泅),[空],jieu6(dʑiɤ¹¹³),暂无
上海·市区(中新派),求(求),[空],jieu6(dʑiɤ¹¹³),暂无
上海·市区(中新派),球(球),[空],jieu6(dʑiɤ¹¹³),暂无
上海·市区(中新派),仇(仇),姓,jieu6(dʑiɤ¹¹³),暂无
上海·市区(中新派),虬(虬),[空],jieu6(dʑiɤ¹¹³),暂无
上海·市区(中新派),舅(舅),[空],jieu6(dʑiɤ¹¹³),暂无
上海·市区(中新派),旧(舊),[空],jieu6(dʑiɤ¹¹³),暂无
上海·市区(中新派),臼(臼),[空],jieu6(dʑiɤ¹¹³),暂无
上海·市区(中新派),桕(桕),[空],jieu6(dʑiɤ¹¹³),暂无
上海·市区(中新派),咎(咎),[空],jieu6(dʑiɤ¹¹³),暂无
上海·市区(中新派),柩(柩),[空],jieu6(dʑiɤ¹¹³),暂无
上海·市区(中新派),球(毬),一~花，量词,jieu6(dʑiɤ¹¹³),暂无
上海·市区(中新派),妞(妞),[空],gnieu1(ȵiɤ⁵³),暂无
上海·市区(中新派),扭(扭),[空],gnieu1(ȵiɤ⁵³),暂无
上海·市区(中新派),牛(牛),[空],gnieu6(ȵiɤ¹¹³),暂无
上海·市区(中新派),纽(紐),[空],gnieu6(ȵiɤ¹¹³),暂无
上海·市区(中新派),钮(鈕),[空],gnieu6(ȵiɤ¹¹³),暂无
上海·市区(中新派),休(休),[空],shieu1(ɕiɤ⁵³),暂无
上海·市区(中新派),修(修),[空],shieu1(ɕiɤ⁵³),暂无
上海·市区(中新派),羞(羞),[空],shieu1(ɕiɤ⁵³),暂无
上海·市区(中新派),朽(朽),[空],shieu5(ɕiɤ³³⁴),暂无
上海·市区(中新派),秀(秀),[空],shieu5(ɕiɤ³³⁴),暂无
上海·市区(中新派),锈(銹),[空],shieu5(ɕiɤ³³⁴),暂无
上海·市区(中新派),琇(琇),[空],shieu5(ɕiɤ³³⁴),暂无
上海·市区(中新派),绣(繡),[空],shieu5(ɕiɤ³³⁴),暂无
上海·市区(中新派),宿(宿),星~,shieu5(ɕiɤ³³⁴),暂无
上海·市区(中新派),嗅(嗅),[空],shieu5(ɕiɤ³³⁴),暂无
上海·市区(中新派),溴(溴),[空],shieu5(ɕiɤ³³⁴),暂无
上海·市区(中新派),酋(酋),[空],zhieu6(ʑiɤ¹¹³),暂无
上海·市区(中新派),遒(遒),[空],zhieu6(ʑiɤ¹¹³),暂无
上海·市区(中新派),就(就),[空],zhieu6(ʑiɤ¹¹³),暂无
上海·市区(中新派),鹫(鷲),[空],zhieu6(ʑiɤ¹¹³),暂无
上海·市区(中新派),袖(袖),[空],zhieu6(ʑiɤ¹¹³),暂无
上海·市区(中新派),岫(岫),[空],zhieu6(ʑiɤ¹¹³),暂无
上海·市区(中新派),尤(尤),[空],yeu6(ɦiɤ¹¹³),暂无
上海·市区(中新派),邮(郵),[空],yeu6(ɦiɤ¹¹³),暂无
上海·市区(中新派),由(由),[空],yeu6(ɦiɤ¹¹³),暂无
上海·市区(中新派),疣(疣),[空],yeu6(ɦiɤ¹¹³),暂无
上海·市区(中新派),油(油),[空],yeu6(ɦiɤ¹¹³),暂无
上海·市区(中新派),铀(鈾),[空],yeu6(ɦiɤ¹¹³),暂无
上海·市区(中新派),犹(猶),[空],yeu6(ɦiɤ¹¹³),暂无
上海·市区(中新派),游(遊),[空],yeu6(ɦiɤ¹¹³),暂无
上海·市区(中新派),游(游),[空],yeu6(ɦiɤ¹¹³),暂无
上海·市区(中新派),鱿(魷),~鱼,yeu6(ɦiɤ¹¹³),暂无
上海·市区(中新派),蚰(蚰),~蜒,yeu6(ɦiɤ¹¹³),暂无
上海·市区(中新派),猷(猷),[空],yeu6(ɦiɤ¹¹³),暂无
上海·市区(中新派),有(有),[空],yeu6(ɦiɤ¹¹³),暂无
上海·市区(中新派),友(友),[空],yeu6(ɦiɤ¹¹³),暂无
上海·市区(中新派),酉(酉),[空],yeu6(ɦiɤ¹¹³),暂无
上海·市区(中新派),又(又),[空],yeu6(ɦiɤ¹¹³),暂无
上海·市区(中新派),莠(莠),[空],yeu6(ɦiɤ¹¹³),暂无
上海·市区(中新派),右(右),[空],yeu6(ɦiɤ¹¹³),暂无
上海·市区(中新派),佑(佑),[空],yeu6(ɦiɤ¹¹³),暂无
上海·市区(中新派),佑(祐),[空],yeu6(ɦiɤ¹¹³),暂无
上海·市区(中新派),囿(囿),[空],yeu6(ɦiɤ¹¹³),暂无
上海·市区(中新派),宥(宥),[空],yeu6(ɦiɤ¹¹³),暂无
上海·市区(中新派),侑(侑),[空],yeu6(ɦiɤ¹¹³),暂无
上海·市区(中新派),诱(誘),[空],yeu6(ɦiɤ¹¹³),暂无
上海·市区(中新派),柚(柚),[空],yeu6(ɦiɤ¹¹³),暂无
上海·市区(中新派),釉(釉),[空],yeu6(ɦiɤ¹¹³),暂无
上海·市区(中新派),鼬(鼬),[空],yeu6(ɦiɤ¹¹³),暂无
上海·市区(中新派),忧(憂),[空],ieu1(iɤ⁵³),暂无
上海·市区(中新派),优(優),[空],ieu1(iɤ⁵³),暂无
上海·市区(中新派),悠(悠),[空],ieu1(iɤ⁵³),暂无
上海·市区(中新派),幽(幽),[空],ieu1(iɤ⁵³),暂无
上海·市区(中新派),又(又),[空],ieu1(iɤ⁵³),暂无
上海·市区(中新派),攸(攸),[空],ieu1(iɤ⁵³),暂无
上海·市区(中新派),幼(幼),[空],ieu5(iɤ³³⁴),暂无
上海·市区(中新派),杯(杯),[空],pe1(pᴇ⁵³),暂无
上海·市区(中新派),碑(碑),[空],pe1(pᴇ⁵³),暂无
上海·市区(中新派),卑(卑),[空],pe1(pᴇ⁵³),暂无
上海·市区(中新派),悲(悲),[空],pe1(pᴇ⁵³),暂无
上海·市区(中新派),辈(輩),[空],pe1(pᴇ⁵³),暂无
上海·市区(中新派),彼(彼),[空],pe1(pᴇ⁵³),暂无
上海·市区(中新派),裨(裨),[空],pe1(pᴇ⁵³),暂无
上海·市区(中新派),掰(掰),~断,pe1(pᴇ⁵³),暂无
上海·市区(中新派),班(班),[空],pe1(pᴇ⁵³),暂无
上海·市区(中新派),斑(斑),[空],pe1(pᴇ⁵³),暂无
上海·市区(中新派),颁(頒),[空],pe1(pᴇ⁵³),暂无
上海·市区(中新派),扳(扳),[空],pe1(pᴇ⁵³),暂无
上海·市区(中新派),螌(螌),~蝥,pe1(pᴇ⁵³),暂无
上海·市区(中新派),般(般),[空],pe1(pᴇ⁵³),暂无
上海·市区(中新派),瘢(瘢),[空],pe1(pᴇ⁵³),暂无
上海·市区(中新派),贝(貝),[空],pe5(pᴇ³³⁴),暂无
上海·市区(中新派),狈(狽),[空],pe5(pᴇ³³⁴),暂无
上海·市区(中新派),背(背),~心,pe5(pᴇ³³⁴),暂无
上海·市区(中新派),钡(鋇),[空],pe5(pᴇ³³⁴),暂无
上海·市区(中新派),板(板),[空],pe5(pᴇ³³⁴),暂无
上海·市区(中新派),版(版),[空],pe5(pᴇ³³⁴),暂无
上海·市区(中新派),坂(坂),[空],pe5(pᴇ³³⁴),暂无
上海·市区(中新派),扮(扮),[空],pe5(pᴇ³³⁴),暂无
上海·市区(中新派),瓣(瓣),[空],pe5(pᴇ³³⁴),暂无
上海·市区(中新派),𢲔(𢲔),~跤，绊,pe5(pᴇ³³⁴),暂无
上海·市区(中新派),胚(胚),[空],phe1(pʰᴇ⁵³),暂无
上海·市区(中新派),丕(丕),[空],phe1(pʰᴇ⁵³),暂无
上海·市区(中新派),坯(坯),[空],phe1(pʰᴇ⁵³),暂无
上海·市区(中新派),攀(攀),[空],phe1(pʰᴇ⁵³),暂无
上海·市区(中新派),沛(沛),[空],phe5(pʰᴇ³³⁴),暂无
上海·市区(中新派),配(配),[空],phe5(pʰᴇ³³⁴),暂无
上海·市区(中新派),盼(盼),[空],phe5(pʰᴇ³³⁴),暂无
上海·市区(中新派),襻(襻),[空],phe5(pʰᴇ³³⁴),暂无
上海·市区(中新派),鋬(鋬),茶壶~,phe5(pʰᴇ³³⁴),暂无
上海·市区(中新派),培(培),[空],be6(bᴇ¹¹³),暂无
上海·市区(中新派),陪(陪),[空],be6(bᴇ¹¹³),暂无
上海·市区(中新派),赔(賠),[空],be6(bᴇ¹¹³),暂无
上海·市区(中新派),裴(裴),[空],be6(bᴇ¹¹³),暂无
上海·市区(中新派),佩(佩),[空],be6(bᴇ¹¹³),暂无
上海·市区(中新派),倍(倍),[空],be6(bᴇ¹¹³),暂无
上海·市区(中新派),蓓(蓓),[空],be6(bᴇ¹¹³),暂无
上海·市区(中新派),被(被),~动,be6(bᴇ¹¹³),暂无
上海·市区(中新派),背(背),~书,be6(bᴇ¹¹³),暂无
上海·市区(中新派),焙(焙),[空],be6(bᴇ¹¹³),暂无
上海·市区(中新派),备(備),[空],be6(bᴇ¹¹³),暂无
上海·市区(中新派),徘(徘),~徊,be6(bᴇ¹¹³),暂无
上海·市区(中新派),疿(疿),~子。白,be6(bᴇ¹¹³),暂无
上海·市区(中新派),丬(爿),[空],be6(bᴇ¹¹³),暂无
上海·市区(中新派),瓣(瓣),[空],be6(bᴇ¹¹³),暂无
上海·市区(中新派),办(辦),[空],be6(bᴇ¹¹³),暂无
上海·市区(中新派),掊(掊),~灰，拨（土）,be6(bᴇ¹¹³),暂无
上海·市区(中新派),𨂝(𨂝),~山，爬,be6(bᴇ¹¹³),暂无
上海·市区(中新派),每(每),[空],me1(mᴇ⁵³),暂无
上海·市区(中新派),蛮(蠻),~好，很,me1(mᴇ⁵³),暂无
上海·市区(中新派),每(每),[空],me5(mᴇ³³⁴),暂无
上海·市区(中新派),美(美),[空],me5(mᴇ³³⁴),暂无
上海·市区(中新派),镁(鎂),[空],me5(mᴇ³³⁴),暂无
上海·市区(中新派),梅(梅),[空],me6(mᴇ¹¹³),暂无
上海·市区(中新派),枚(枚),[空],me6(mᴇ¹¹³),暂无
上海·市区(中新派),媒(媒),[空],me6(mᴇ¹¹³),暂无
上海·市区(中新派),煤(煤),[空],me6(mᴇ¹¹³),暂无
上海·市区(中新派),莓(莓),[空],me6(mᴇ¹¹³),暂无
上海·市区(中新派),玫(玫),~瑰,me6(mᴇ¹¹³),暂无
上海·市区(中新派),楣(楣),[空],me6(mᴇ¹¹³),暂无
上海·市区(中新派),嵋(嵋),[空],me6(mᴇ¹¹³),暂无
上海·市区(中新派),霉(霉),[空],me6(mᴇ¹¹³),暂无
上海·市区(中新派),酶(酶),[空],me6(mᴇ¹¹³),暂无
上海·市区(中新派),每(每),[空],me6(mᴇ¹¹³),暂无
上海·市区(中新派),袂(袂),[空],me6(mᴇ¹¹³),暂无
上海·市区(中新派),谜(謎),~~子,me6(mᴇ¹¹³),暂无
上海·市区(中新派),妹(妹),[空],me6(mᴇ¹¹³),暂无
上海·市区(中新派),昧(昧),[空],me6(mᴇ¹¹³),暂无
上海·市区(中新派),媚(媚),[空],me6(mᴇ¹¹³),暂无
上海·市区(中新派),魅(魅),魑~,me6(mᴇ¹¹³),暂无
上海·市区(中新派),寐(寐),[空],me6(mᴇ¹¹³),暂无
上海·市区(中新派),霾(霾),[空],me6(mᴇ¹¹³),暂无
上海·市区(中新派),迈(邁),[空],me6(mᴇ¹¹³),暂无
上海·市区(中新派),蛮(蠻),[空],me6(mᴇ¹¹³),暂无
上海·市区(中新派),蔓(蔓),[空],me6(mᴇ¹¹³),暂无
上海·市区(中新派),慢(慢),[空],me6(mᴇ¹¹³),暂无
上海·市区(中新派),漫(漫),[空],me6(mᴇ¹¹³),暂无
上海·市区(中新派),谩(謾),[空],me6(mᴇ¹¹³),暂无
上海·市区(中新派),万(萬),[空],me6(mᴇ¹¹³),暂无
上海·市区(中新派),玩(玩),白,me6(mᴇ¹¹³),暂无
上海·市区(中新派),顽(頑),~皮。白,me6(mᴇ¹¹³),暂无
上海·市区(中新派),晚(晚),~娘，后娘。白,me6(mᴇ¹¹³),暂无
上海·市区(中新派),翻(翻),[空],fe1(fᴇ⁵³),暂无
上海·市区(中新派),番(番),[空],fe1(fᴇ⁵³),暂无
上海·市区(中新派),幡(幡),[空],fe1(fᴇ⁵³),暂无
上海·市区(中新派),反(反),[空],fe5(fᴇ³³⁴),暂无
上海·市区(中新派),返(返),[空],fe5(fᴇ³³⁴),暂无
上海·市区(中新派),乏(乏),[空],fe5(fᴇ³³⁴),暂无
上海·市区(中新派),贩(販),[空],fe5(fᴇ³³⁴),暂无
上海·市区(中新派),㽹(㽹),心里~,fe5(fᴇ³³⁴),暂无
上海·市区(中新派),帆(帆),[空],ve6(vᴇ¹¹³),暂无
上海·市区(中新派),藩(藩),[空],ve6(vᴇ¹¹³),暂无
上海·市区(中新派),凡(凡),[空],ve6(vᴇ¹¹³),暂无
上海·市区(中新派),烦(煩),[空],ve6(vᴇ¹¹³),暂无
上海·市区(中新派),繁(繁),[空],ve6(vᴇ¹¹³),暂无
上海·市区(中新派),蕃(蕃),~衍,ve6(vᴇ¹¹³),暂无
上海·市区(中新派),樊(樊),[空],ve6(vᴇ¹¹³),暂无
上海·市区(中新派),犯(犯),[空],ve6(vᴇ¹¹³),暂无
上海·市区(中新派),梵(梵),[空],ve6(vᴇ¹¹³),暂无
上海·市区(中新派),范(範),[空],ve6(vᴇ¹¹³),暂无
上海·市区(中新派),范(范),[空],ve6(vᴇ¹¹³),暂无
上海·市区(中新派),矾(礬),[空],ve6(vᴇ¹¹³),暂无
上海·市区(中新派),万(萬),[空],ve6(vᴇ¹¹³),暂无
上海·市区(中新派),饭(飯),[空],ve6(vᴇ¹¹³),暂无
上海·市区(中新派),𣍐(𣍐),~唱，不会,ve6(vᴇ¹¹³),暂无
上海·市区(中新派),堆(堆),[空],te1(tᴇ⁵³),暂无
上海·市区(中新派),呆(呆),[空],te1(tᴇ⁵³),暂无
上海·市区(中新派),歹(歹),[空],te1(tᴇ⁵³),暂无
上海·市区(中新派),耽(耽),[空],te1(tᴇ⁵³),暂无
上海·市区(中新派),眈(眈),[空],te1(tᴇ⁵³),暂无
上海·市区(中新派),担(擔),~任,te1(tᴇ⁵³),暂无
上海·市区(中新派),丹(丹),[空],te1(tᴇ⁵³),暂无
上海·市区(中新派),单(單),[空],te1(tᴇ⁵³),暂无
上海·市区(中新派),郸(鄲),邯~,te1(tᴇ⁵³),暂无
上海·市区(中新派),殚(殫),[空],te1(tᴇ⁵³),暂无
上海·市区(中新派),箪(簞),[空],te1(tᴇ⁵³),暂无
上海·市区(中新派),对(對),[空],te5(tᴇ³³⁴),暂无
上海·市区(中新派),戴(戴),文,te5(tᴇ³³⁴),暂无
上海·市区(中新派),带(帶),文,te5(tᴇ³³⁴),暂无
上海·市区(中新派),胆(膽),[空],te5(tᴇ³³⁴),暂无
上海·市区(中新派),疸(疸),[空],te5(tᴇ³³⁴),暂无
上海·市区(中新派),担(擔),~子,te5(tᴇ³³⁴),暂无
上海·市区(中新派),诞(誕),[空],te5(tᴇ³³⁴),暂无
上海·市区(中新派),旦(旦),[空],te5(tᴇ³³⁴),暂无
上海·市区(中新派),掸(撣),[空],te5(tᴇ³³⁴),暂无
上海·市区(中新派),推(推),[空],the1(tʰᴇ⁵³),暂无
上海·市区(中新派),胎(胎),[空],the1(tʰᴇ⁵³),暂无
上海·市区(中新派),苔(苔),舌~,the1(tʰᴇ⁵³),暂无
上海·市区(中新派),坍(坍),[空],the1(tʰᴇ⁵³),暂无
上海·市区(中新派),摊(攤),[空],the1(tʰᴇ⁵³),暂无
上海·市区(中新派),滩(灘),[空],the1(tʰᴇ⁵³),暂无
上海·市区(中新派),瘫(癱),[空],the1(tʰᴇ⁵³),暂无
上海·市区(中新派),毯(毯),[空],the1(tʰᴇ⁵³),暂无
上海·市区(中新派),颓(頹),[空],the5(tʰᴇ³³⁴),暂无
上海·市区(中新派),退(退),[空],the5(tʰᴇ³³⁴),暂无
上海·市区(中新派),腿(腿),[空],the5(tʰᴇ³³⁴),暂无
上海·市区(中新派),褪(褪),~颜色,the5(tʰᴇ³³⁴),暂无
上海·市区(中新派),态(態),[空],the5(tʰᴇ³³⁴),暂无
上海·市区(中新派),太(太),[空],the5(tʰᴇ³³⁴),暂无
上海·市区(中新派),汰(汰),[空],the5(tʰᴇ³³⁴),暂无
上海·市区(中新派),毯(毯),[空],the5(tʰᴇ³³⁴),暂无
上海·市区(中新派),坦(坦),[空],the5(tʰᴇ³³⁴),暂无
上海·市区(中新派),袒(袒),[空],the5(tʰᴇ³³⁴),暂无
上海·市区(中新派),碳(碳),[空],the5(tʰᴇ³³⁴),暂无
上海·市区(中新派),炭(炭),[空],the5(tʰᴇ³³⁴),暂无
上海·市区(中新派),叹(歎),[空],the5(tʰᴇ³³⁴),暂无
上海·市区(中新派),𨂞(𨂞),𨂝~勿动,the5(tʰᴇ³³⁴),暂无
上海·市区(中新派),颓(頹),[空],de6(dᴇ¹¹³),暂无
上海·市区(中新派),队(隊),[空],de6(dᴇ¹¹³),暂无
上海·市区(中新派),兑(兌),[空],de6(dᴇ¹¹³),暂无
上海·市区(中新派),苔(苔),[空],de6(dᴇ¹¹³),暂无
上海·市区(中新派),台(臺),[空],de6(dᴇ¹¹³),暂无
上海·市区(中新派),台(檯),[空],de6(dᴇ¹¹³),暂无
上海·市区(中新派),台(颱),[空],de6(dᴇ¹¹³),暂无
上海·市区(中新派),抬(抬),[空],de6(dᴇ¹¹³),暂无
上海·市区(中新派),贷(貸),[空],de6(dᴇ¹¹³),暂无
上海·市区(中新派),待(待),[空],de6(dᴇ¹¹³),暂无
上海·市区(中新派),怠(怠),[空],de6(dᴇ¹¹³),暂无
上海·市区(中新派),殆(殆),[空],de6(dᴇ¹¹³),暂无
上海·市区(中新派),绐(紿),棕绷~脱，松，失去弹性,de6(dᴇ¹¹³),暂无
上海·市区(中新派),代(代),[空],de6(dᴇ¹¹³),暂无
上海·市区(中新派),袋(袋),[空],de6(dᴇ¹¹³),暂无
上海·市区(中新派),岱(岱),[空],de6(dᴇ¹¹³),暂无
上海·市区(中新派),黛(黛),[空],de6(dᴇ¹¹³),暂无
上海·市区(中新派),逮(逮),[空],de6(dᴇ¹¹³),暂无
上海·市区(中新派),玳(玳),[空],de6(dᴇ¹¹³),暂无
上海·市区(中新派),谭(譚),[空],de6(dᴇ¹¹³),暂无
上海·市区(中新派),覃(覃),[空],de6(dᴇ¹¹³),暂无
上海·市区(中新派),谭(譚),[空],de6(dᴇ¹¹³),暂无
上海·市区(中新派),昙(曇),[空],de6(dᴇ¹¹³),暂无
上海·市区(中新派),谈(談),[空],de6(dᴇ¹¹³),暂无
上海·市区(中新派),痰(痰),[空],de6(dᴇ¹¹³),暂无
上海·市区(中新派),坛(罈),[空],de6(dᴇ¹¹³),暂无
上海·市区(中新派),坛(壇),[空],de6(dᴇ¹¹³),暂无
上海·市区(中新派),檀(檀),[空],de6(dᴇ¹¹³),暂无
上海·市区(中新派),弹(彈),[空],de6(dᴇ¹¹³),暂无
上海·市区(中新派),淡(淡),[空],de6(dᴇ¹¹³),暂无
上海·市区(中新派),氮(氮),[空],de6(dᴇ¹¹³),暂无
上海·市区(中新派),但(但),[空],de6(dᴇ¹¹³),暂无
上海·市区(中新派),蛋(蛋),[空],de6(dᴇ¹¹³),暂无
上海·市区(中新派),惮(憚),[空],de6(dᴇ¹¹³),暂无
上海·市区(中新派),啖(啖),[空],de6(dᴇ¹¹³),暂无
上海·市区(中新派),乃(乃),[空],ne1(nᴇ⁵³),暂无
上海·市区(中新派),拿(拿),白。应为担,ne1(nᴇ⁵³),暂无
上海·市区(中新派),馁(餒),[空],ne6(nᴇ¹¹³),暂无
上海·市区(中新派),内(內),[空],ne6(nᴇ¹¹³),暂无
上海·市区(中新派),乃(乃),[空],ne6(nᴇ¹¹³),暂无
上海·市区(中新派),奶(奶),文,ne6(nᴇ¹¹³),暂无
上海·市区(中新派),氖(氖),[空],ne6(nᴇ¹¹³),暂无
上海·市区(中新派),耐(耐),[空],ne6(nᴇ¹¹³),暂无
上海·市区(中新派),奈(奈),[空],ne6(nᴇ¹¹³),暂无
上海·市区(中新派),难(難),[空],ne6(nᴇ¹¹³),暂无
上海·市区(中新派),鼐(鼐),[空],ne6(nᴇ¹¹³),暂无
上海·市区(中新派),雷(雷),[空],le6(lᴇ¹¹³),暂无
上海·市区(中新派),蕾(蕾),[空],le6(lᴇ¹¹³),暂无
上海·市区(中新派),镭(鐳),[空],le6(lᴇ¹¹³),暂无
上海·市区(中新派),磊(磊),[空],le6(lᴇ¹¹³),暂无
上海·市区(中新派),累(累),[空],le6(lᴇ¹¹³),暂无
上海·市区(中新派),儡(儡),[空],le6(lᴇ¹¹³),暂无
上海·市区(中新派),垒(壘),[空],le6(lᴇ¹¹³),暂无
上海·市区(中新派),耒(耒),[空],le6(lᴇ¹¹³),暂无
上海·市区(中新派),诔(誄),[空],le6(lᴇ¹¹³),暂无
上海·市区(中新派),擂(擂),[空],le6(lᴇ¹¹³),暂无
上海·市区(中新派),类(類),[空],le6(lᴇ¹¹³),暂无
上海·市区(中新派),来(來),[空],le6(lᴇ¹¹³),暂无
上海·市区(中新派),莱(萊),[空],le6(lᴇ¹¹³),暂无
上海·市区(中新派),睐(睞),[空],le6(lᴇ¹¹³),暂无
上海·市区(中新派),赉(賚),[空],le6(lᴇ¹¹³),暂无
上海·市区(中新派),赖(賴),文,le6(lᴇ¹¹³),暂无
上海·市区(中新派),籁(籟),文,le6(lᴇ¹¹³),暂无
上海·市区(中新派),岚(嵐),[空],le6(lᴇ¹¹³),暂无
上海·市区(中新派),婪(婪),[空],le6(lᴇ¹¹³),暂无
上海·市区(中新派),蓝(藍),[空],le6(lᴇ¹¹³),暂无
上海·市区(中新派),篮(籃),[空],le6(lᴇ¹¹³),暂无
上海·市区(中新派),兰(蘭),[空],le6(lᴇ¹¹³),暂无
上海·市区(中新派),槛(檻),[空],le6(lᴇ¹¹³),暂无
上海·市区(中新派),阑(闌),[空],le6(lᴇ¹¹³),暂无
上海·市区(中新派),斓(斕),[空],le6(lᴇ¹¹³),暂无
上海·市区(中新派),拦(攔),[空],le6(lᴇ¹¹³),暂无
上海·市区(中新派),栏(欄),[空],le6(lᴇ¹¹³),暂无
上海·市区(中新派),澜(瀾),[空],le6(lᴇ¹¹³),暂无
上海·市区(中新派),谰(讕),[空],le6(lᴇ¹¹³),暂无
上海·市区(中新派),览(覽),[空],le6(lᴇ¹¹³),暂无
上海·市区(中新派),揽(攬),[空],le6(lᴇ¹¹³),暂无
上海·市区(中新派),缆(纜),[空],le6(lᴇ¹¹³),暂无
上海·市区(中新派),榄(欖),[空],le6(lᴇ¹¹³),暂无
上海·市区(中新派),懒(懶),[空],le6(lᴇ¹¹³),暂无
上海·市区(中新派),滥(濫),[空],le6(lᴇ¹¹³),暂无
上海·市区(中新派),烂(爛),[空],le6(lᴇ¹¹³),暂无
上海·市区(中新派),瀨(瀨),水~辣地浪，弄湿，弄脏,le6(lᴇ¹¹³),暂无
上海·市区(中新派),灾(災),[空],tse1(tsᴇ⁵³),暂无
上海·市区(中新派),栽(栽),[空],tse1(tsᴇ⁵³),暂无
上海·市区(中新派),哉(哉),[空],tse1(tsᴇ⁵³),暂无
上海·市区(中新派),再(再),[空],tse1(tsᴇ⁵³),暂无
上海·市区(中新派),斋(齋),[空],tse1(tsᴇ⁵³),暂无
上海·市区(中新派),寨(寨),[空],tse1(tsᴇ⁵³),暂无
上海·市区(中新派),盏(盞),[空],tse1(tsᴇ⁵³),暂无
上海·市区(中新派),仔(仔),牛~裤,tse1(tsᴇ⁵³),暂无
上海·市区(中新派),崽(崽),[空],tse1(tsᴇ⁵³),暂无
上海·市区(中新派),劗(劗),~肉，剁,tse1(tsᴇ⁵³),暂无
上海·市区(中新派),赘(贅),[空],tse5(tsᴇ³³⁴),暂无
上海·市区(中新派),宰(宰),[空],tse5(tsᴇ³³⁴),暂无
上海·市区(中新派),载(載),[空],tse5(tsᴇ³³⁴),暂无
上海·市区(中新派),赞(贊),[空],tse5(tsᴇ³³⁴),暂无
上海·市区(中新派),斩(斬),[空],tse5(tsᴇ³³⁴),暂无
上海·市区(中新派),湛(湛),[空],tse5(tsᴇ³³⁴),暂无
上海·市区(中新派),蘸(蘸),[空],tse5(tsᴇ³³⁴),暂无
上海·市区(中新派),者(者),[空],tse5(tsᴇ³³⁴),暂无
上海·市区(中新派),㜺(㜺),美好,tse5(tsᴇ³³⁴),暂无
上海·市区(中新派),搀(攙),[空],tshe1(tsʰᴇ⁵³),暂无
上海·市区(中新派),潺(潺),[空],tshe1(tsʰᴇ⁵³),暂无
上海·市区(中新派),啐(啐),~一~，受惊后的安慰词,tshe5(tsʰᴇ³³⁴),暂无
上海·市区(中新派),采(采),[空],tshe5(tsʰᴇ³³⁴),暂无
上海·市区(中新派),彩(彩),[空],tshe5(tsʰᴇ³³⁴),暂无
上海·市区(中新派),睬(睬),[空],tshe5(tsʰᴇ³³⁴),暂无
上海·市区(中新派),菜(菜),[空],tshe5(tsʰᴇ³³⁴),暂无
上海·市区(中新派),灿(燦),[空],tshe5(tsʰᴇ³³⁴),暂无
上海·市区(中新派),粲(粲),[空],tshe5(tsʰᴇ³³⁴),暂无
上海·市区(中新派),铲(鏟),[空],tshe5(tsʰᴇ³³⁴),暂无
上海·市区(中新派),产(產),[空],tshe5(tsʰᴇ³³⁴),暂无
上海·市区(中新派),忏(懺),[空],tshe5(tsʰᴇ³³⁴),暂无
上海·市区(中新派),腮(腮),[空],se1(sᴇ⁵³),暂无
上海·市区(中新派),鳃(鰓),[空],se1(sᴇ⁵³),暂无
上海·市区(中新派),衰(衰),[空],se1(sᴇ⁵³),暂无
上海·市区(中新派),三(三),[空],se1(sᴇ⁵³),暂无
上海·市区(中新派),叁(叁),[空],se1(sᴇ⁵³),暂无
上海·市区(中新派),杉(杉),[空],se1(sᴇ⁵³),暂无
上海·市区(中新派),衫(衫),[空],se1(sᴇ⁵³),暂无
上海·市区(中新派),姗(姍),[空],se1(sᴇ⁵³),暂无
上海·市区(中新派),珊(珊),[空],se1(sᴇ⁵³),暂无
上海·市区(中新派),删(刪),[空],se1(sᴇ⁵³),暂无
上海·市区(中新派),芟(芟),[空],se1(sᴇ⁵³),暂无
上海·市区(中新派),山(山),[空],se1(sᴇ⁵³),暂无
上海·市区(中新派),汕(汕),[空],se1(sᴇ⁵³),暂无
上海·市区(中新派),疝(疝),[空],se1(sᴇ⁵³),暂无
上海·市区(中新派),讪(訕),[空],se1(sᴇ⁵³),暂无
上海·市区(中新派),舢(舢),~板,se1(sᴇ⁵³),暂无
上海·市区(中新派),率(率),~领,se1(sᴇ⁵³),暂无
上海·市区(中新派),碎(碎),[空],se5(sᴇ³³⁴),暂无
上海·市区(中新派),塞(塞),边~,se5(sᴇ³³⁴),暂无
上海·市区(中新派),赛(賽),[空],se5(sᴇ³³⁴),暂无
上海·市区(中新派),帅(帥),[空],se5(sᴇ³³⁴),暂无
上海·市区(中新派),散(散),[空],se5(sᴇ³³⁴),暂无
上海·市区(中新派),馓(饊),~子,se5(sᴇ³³⁴),暂无
上海·市区(中新派),伞(傘),[空],se5(sᴇ³³⁴),暂无
上海·市区(中新派),舍(舍),宿~,se5(sᴇ³³⁴),暂无
上海·市区(中新派),罪(罪),[空],ze6(zᴇ¹¹³),暂无
上海·市区(中新派),才(才),[空],ze6(zᴇ¹¹³),暂无
上海·市区(中新派),财(財),[空],ze6(zᴇ¹¹³),暂无
上海·市区(中新派),材(材),[空],ze6(zᴇ¹¹³),暂无
上海·市区(中新派),裁(裁),[空],ze6(zᴇ¹¹³),暂无
上海·市区(中新派),在(在),[空],ze6(zᴇ¹¹³),暂无
上海·市区(中新派),纔(纔),[空],ze6(zᴇ¹¹³),暂无
上海·市区(中新派),哉(哉),[空],ze6(zᴇ¹¹³),暂无
上海·市区(中新派),豺(豺),[空],ze6(zᴇ¹¹³),暂无
上海·市区(中新派),侪(儕),[空],ze6(zᴇ¹¹³),暂无
上海·市区(中新派),寨(寨),[空],ze6(zᴇ¹¹³),暂无
上海·市区(中新派),惭(慚),[空],ze6(zᴇ¹¹³),暂无
上海·市区(中新派),残(殘),[空],ze6(zᴇ¹¹³),暂无
上海·市区(中新派),暂(暫),[空],ze6(zᴇ¹¹³),暂无
上海·市区(中新派),馋(饞),[空],ze6(zᴇ¹¹³),暂无
上海·市区(中新派),谗(讒),[空],ze6(zᴇ¹¹³),暂无
上海·市区(中新派),巉(巉),[空],ze6(zᴇ¹¹³),暂无
上海·市区(中新派),湛(湛),[空],ze6(zᴇ¹¹³),暂无
上海·市区(中新派),站(站),[空],ze6(zᴇ¹¹³),暂无
上海·市区(中新派),绽(綻),[空],ze6(zᴇ¹¹³),暂无
上海·市区(中新派),栈(棧),[空],ze6(zᴇ¹¹³),暂无
上海·市区(中新派),髯(髯),[空],ze6(zᴇ¹¹³),暂无
上海·市区(中新派),赚(賺),[空],ze6(zᴇ¹¹³),暂无
上海·市区(中新派),涎(涎),~唾，唾沫,ze6(zᴇ¹¹³),暂无
上海·市区(中新派),灒(灒),~水，溅,ze6(zᴇ¹¹³),暂无
上海·市区(中新派),蹔(蹔),~𧉆，蟋蟀,ze6(zᴇ¹¹³),暂无
上海·市区(中新派),该(該),[空],ke1(kᴇ⁵³),暂无
上海·市区(中新派),赅(賅),~家当，拥有；~得来，吝啬；言简意~,ke1(kᴇ⁵³),暂无
上海·市区(中新派),尴(尷),~尴尬,ke1(kᴇ⁵³),暂无
上海·市区(中新派),监(監),白,ke1(kᴇ⁵³),暂无
上海·市区(中新派),间(間),白,ke1(kᴇ⁵³),暂无
上海·市区(中新派),奸(奸),白,ke1(kᴇ⁵³),暂无
上海·市区(中新派),奸(姦),白,ke1(kᴇ⁵³),暂无
上海·市区(中新派),改(改),[空],ke5(kᴇ³³⁴),暂无
上海·市区(中新派),概(概),[空],ke5(kᴇ³³⁴),暂无
上海·市区(中新派),溉(溉),[空],ke5(kᴇ³³⁴),暂无
上海·市区(中新派),盖(蓋),[空],ke5(kᴇ³³⁴),暂无
上海·市区(中新派),钙(鈣),[空],ke5(kᴇ³³⁴),暂无
上海·市区(中新派),丐(丐),[空],ke5(kᴇ³³⁴),暂无
上海·市区(中新派),橄(橄),~榄,ke5(kᴇ³³⁴),暂无
上海·市区(中新派),减(減),[空],ke5(kᴇ³³⁴),暂无
上海·市区(中新派),碱(堿),[空],ke5(kᴇ³³⁴),暂无
上海·市区(中新派),裥(襇),[空],ke5(kᴇ³³⁴),暂无
上海·市区(中新派),拣(揀),[空],ke5(kᴇ³³⁴),暂无
上海·市区(中新派),鉴(鑒),白,ke5(kᴇ³³⁴),暂无
上海·市区(中新派),涧(澗),[空],ke5(kᴇ³³⁴),暂无
上海·市区(中新派),开(開),[空],khe1(kʰᴇ⁵³),暂无
上海·市区(中新派),堪(堪),[空],khe1(kʰᴇ⁵³),暂无
上海·市区(中新派),戡(戡),[空],khe1(kʰᴇ⁵³),暂无
上海·市区(中新派),龛(龕),[空],khe1(kʰᴇ⁵³),暂无
上海·市区(中新派),铅(鉛),[空],khe1(kʰᴇ⁵³),暂无
上海·市区(中新派),舰(艦),白,khe1(kʰᴇ⁵³),暂无
上海·市区(中新派),凯(凱),[空],khe5(kʰᴇ³³⁴),暂无
上海·市区(中新派),恺(愷),[空],khe5(kʰᴇ³³⁴),暂无
上海·市区(中新派),铠(鎧),[空],khe5(kʰᴇ³³⁴),暂无
上海·市区(中新派),慨(慨),[空],khe5(kʰᴇ³³⁴),暂无
上海·市区(中新派),锴(鍇),[空],khe5(kʰᴇ³³⁴),暂无
上海·市区(中新派),忾(愾),[空],khe5(kʰᴇ³³⁴),暂无
上海·市区(中新派),刊(刊),[空],khe5(kʰᴇ³³⁴),暂无
上海·市区(中新派),勘(勘),[空],khe5(kʰᴇ³³⁴),暂无
上海·市区(中新派),堪(堪),[空],khe5(kʰᴇ³³⁴),暂无
上海·市区(中新派),砍(砍),[空],khe5(kʰᴇ³³⁴),暂无
上海·市区(中新派),坎(坎),[空],khe5(kʰᴇ³³⁴),暂无
上海·市区(中新派),槛(檻),门~,khe5(kʰᴇ³³⁴),暂无
上海·市区(中新派),侃(侃),[空],khe5(kʰᴇ³³⁴),暂无
上海·市区(中新派),嵌(嵌),[空],khe5(kʰᴇ³³⁴),暂无
上海·市区(中新派),隑(隑),~墙头，斜靠,ge6(gᴇ¹¹³),暂无
上海·市区(中新派),呆(呆),[空],nge6(ŋᴇ¹¹³),暂无
上海·市区(中新派),癌(癌),[空],nge6(ŋᴇ¹¹³),暂无
上海·市区(中新派),皑(皚),[空],nge6(ŋᴇ¹¹³),暂无
上海·市区(中新派),碍(礙),[空],nge6(ŋᴇ¹¹³),暂无
上海·市区(中新派),艾(艾),[空],nge6(ŋᴇ¹¹³),暂无
上海·市区(中新派),岩(岩),[空],nge6(ŋᴇ¹¹³),暂无
上海·市区(中新派),颜(顏),白,nge6(ŋᴇ¹¹³),暂无
上海·市区(中新派),眼(眼),[空],nge6(ŋᴇ¹¹³),暂无
上海·市区(中新派),衔(銜),~头,nge6(ŋᴇ¹¹³),暂无
上海·市区(中新派),䫲(䫲),五~六肿，面虚肿,he1(hᴇ⁵³),暂无
上海·市区(中新派),海(海),[空],he5(hᴇ³³⁴),暂无
上海·市区(中新派),喊(喊),[空],he5(hᴇ³³⁴),暂无
上海·市区(中新派),孩(孩),[空],ghe6(ɦᴇ¹¹³),暂无
上海·市区(中新派),骸(骸),[空],ghe6(ɦᴇ¹¹³),暂无
上海·市区(中新派),还(還),[空],ghe6(ɦᴇ¹¹³),暂无
上海·市区(中新派),亥(亥),[空],ghe6(ɦᴇ¹¹³),暂无
上海·市区(中新派),害(害),[空],ghe6(ɦᴇ¹¹³),暂无
上海·市区(中新派),骇(駭),[空],ghe6(ɦᴇ¹¹³),暂无
上海·市区(中新派),咸(鹹),[空],ghe6(ɦᴇ¹¹³),暂无
上海·市区(中新派),衔(銜),~辣嘴里,ghe6(ɦᴇ¹¹³),暂无
上海·市区(中新派),闲(閒),白,ghe6(ɦᴇ¹¹³),暂无
上海·市区(中新派),娴(嫻),白,ghe6(ɦᴇ¹¹³),暂无
上海·市区(中新派),陷(陷),白,ghe6(ɦᴇ¹¹³),暂无
上海·市区(中新派),馅(餡),白,ghe6(ɦᴇ¹¹³),暂无
上海·市区(中新派),限(限),白,ghe6(ɦᴇ¹¹³),暂无
上海·市区(中新派),哀(哀),[空],e1(ᴇ⁵³),暂无
上海·市区(中新派),埃(埃),[空],e1(ᴇ⁵³),暂无
上海·市区(中新派),挨(挨),白,e1(ᴇ⁵³),暂无
上海·市区(中新派),爱(愛),[空],e5(ᴇ³³⁴),暂无
上海·市区(中新派),霭(靄),[空],e5(ᴇ³³⁴),暂无
上海·市区(中新派),蔼(藹),[空],e5(ᴇ³³⁴),暂无
上海·市区(中新派),暧(曖),[空],e5(ᴇ³³⁴),暂无
上海·市区(中新派),瑷(璦),[空],e5(ᴇ³³⁴),暂无
上海·市区(中新派),隘(隘),[空],e5(ᴇ³³⁴),暂无
上海·市区(中新派),晏(晏),白,e5(ᴇ³³⁴),暂无
上海·市区(中新派),监(監),文,cie1(tɕiᴇ⁵³),暂无
上海·市区(中新派),奸(奸),文,cie1(tɕiᴇ⁵³),暂无
上海·市区(中新派),舰(艦),文,cie1(tɕiᴇ⁵³),暂无
上海·市区(中新派),奸(姦),文,cie1(tɕiᴇ⁵³),暂无
上海·市区(中新派),械(械),[空],cie1(tɕiᴇ⁵³),暂无
上海·市区(中新派),鉴(鑒),文,cie5(tɕiᴇ³³⁴),暂无
上海·市区(中新派),念(念),[空],gnie6(ȵiᴇ¹¹³),暂无
上海·市区(中新派),廿(廿),[空],gnie6(ȵiᴇ¹¹³),暂无
上海·市区(中新派),罱(罱),~泥,gnie6(ȵiᴇ¹¹³),暂无
上海·市区(中新派),闲(閒),文,ye6(ɦiᴇ¹¹³),暂无
上海·市区(中新派),娴(嫻),文,ye6(ɦiᴇ¹¹³),暂无
上海·市区(中新派),限(限),文,ye6(ɦiᴇ¹¹³),暂无
上海·市区(中新派),懈(懈),文,ye6(ɦiᴇ¹¹³),暂无
上海·市区(中新派),也(也),文,ye6(ɦiᴇ¹¹³),暂无
上海·市区(中新派),械(械),[空],ye6(ɦiᴇ¹¹³),暂无
上海·市区(中新派),圭(圭),[空],kue1(kuᴇ⁵³),暂无
上海·市区(中新派),瑰(瑰),玫~,kue1(kuᴇ⁵³),暂无
上海·市区(中新派),规(規),[空],kue1(kuᴇ⁵³),暂无
上海·市区(中新派),龟(龜),文,kue1(kuᴇ⁵³),暂无
上海·市区(中新派),归(歸),[空],kue1(kuᴇ⁵³),暂无
上海·市区(中新派),硅(硅),[空],kue1(kuᴇ⁵³),暂无
上海·市区(中新派),关(關),[空],kue1(kuᴇ⁵³),暂无
上海·市区(中新派),会(會),~计,kue5(kuᴇ³³⁴),暂无
上海·市区(中新派),闺(閨),[空],kue5(kuᴇ³³⁴),暂无
上海·市区(中新派),诡(詭),[空],kue5(kuᴇ³³⁴),暂无
上海·市区(中新派),轨(軌),[空],kue5(kuᴇ³³⁴),暂无
上海·市区(中新派),鬼(鬼),文,kue5(kuᴇ³³⁴),暂无
上海·市区(中新派),贵(貴),文,kue5(kuᴇ³³⁴),暂无
上海·市区(中新派),刽(劊),[空],kue5(kuᴇ³³⁴),暂无
上海·市区(中新派),桧(檜),[空],kue5(kuᴇ³³⁴),暂无
上海·市区(中新派),桂(桂),[空],kue5(kuᴇ³³⁴),暂无
上海·市区(中新派),鳜(鱖),[空],kue5(kuᴇ³³⁴),暂无
上海·市区(中新派),鳏(鰥),[空],kue5(kuᴇ³³⁴),暂无
上海·市区(中新派),贯(貫),[空],kue5(kuᴇ³³⁴),暂无
上海·市区(中新派),惯(慣),[空],kue5(kuᴇ³³⁴),暂无
上海·市区(中新派),烩(燴),油煠~,kue5(kuᴇ³³⁴),暂无
上海·市区(中新派),筷(筷),[空],khue1(kʰuᴇ⁵³),暂无
上海·市区(中新派),盔(盔),[空],khue1(kʰuᴇ⁵³),暂无
上海·市区(中新派),亏(虧),文,khue1(kʰuᴇ⁵³),暂无
上海·市区(中新派),窥(窺),[空],khue1(kʰuᴇ⁵³),暂无
上海·市区(中新派),魁(魁),[空],khue1(kʰuᴇ⁵³),暂无
上海·市区(中新派),奎(奎),[空],khue1(kʰuᴇ⁵³),暂无
上海·市区(中新派),会(會),~计,khue5(kʰuᴇ³³⁴),暂无
上海·市区(中新派),块(塊),[空],khue5(kʰuᴇ³³⁴),暂无
上海·市区(中新派),傀(傀),[空],khue5(kʰuᴇ³³⁴),暂无
上海·市区(中新派),哙(噲),[空],khue5(kʰuᴇ³³⁴),暂无
上海·市区(中新派),款(款),[空],khue5(kʰuᴇ³³⁴),暂无
上海·市区(中新派),窾(窾),[空],khue5(kʰuᴇ³³⁴),暂无
上海·市区(中新派),葵(葵),[空],gue6(guᴇ¹¹³),暂无
上海·市区(中新派),逵(逵),[空],gue6(guᴇ¹¹³),暂无
上海·市区(中新派),睽(睽),[空],gue6(guᴇ¹¹³),暂无
上海·市区(中新派),夔(夔),[空],gue6(guᴇ¹¹³),暂无
上海·市区(中新派),馗(馗),[空],gue6(guᴇ¹¹³),暂无
上海·市区(中新派),揆(揆),[空],gue6(guᴇ¹¹³),暂无
上海·市区(中新派),溃(潰),[空],gue6(guᴇ¹¹³),暂无
上海·市区(中新派),愧(愧),[空],gue6(guᴇ¹¹³),暂无
上海·市区(中新派),癸(癸),[空],gue6(guᴇ¹¹³),暂无
上海·市区(中新派),跪(跪),文,gue6(guᴇ¹¹³),暂无
上海·市区(中新派),柜(櫃),文,gue6(guᴇ¹¹³),暂无
上海·市区(中新派),掼(摜),[空],gue6(guᴇ¹¹³),暂无
上海·市区(中新派),环(環),[空],gue6(guᴇ¹¹³),暂无
上海·市区(中新派),寰(寰),[空],gue6(guᴇ¹¹³),暂无
上海·市区(中新派),鬟(鬟),[空],gue6(guᴇ¹¹³),暂无
上海·市区(中新派),灰(灰),[空],hue1(huᴇ⁵³),暂无
上海·市区(中新派),恢(恢),[空],hue1(huᴇ⁵³),暂无
上海·市区(中新派),诙(詼),[空],hue1(huᴇ⁵³),暂无
上海·市区(中新派),麾(麾),[空],hue1(huᴇ⁵³),暂无
上海·市区(中新派),挥(揮),[空],hue1(huᴇ⁵³),暂无
上海·市区(中新派),辉(輝),[空],hue1(huᴇ⁵³),暂无
上海·市区(中新派),晖(暉),[空],hue1(huᴇ⁵³),暂无
上海·市区(中新派),徽(徽),[空],hue1(huᴇ⁵³),暂无
上海·市区(中新派),挥(揮),[空],hue5(huᴇ³³⁴),暂无
上海·市区(中新派),悔(悔),[空],hue5(huᴇ³³⁴),暂无
上海·市区(中新派),毁(毀),[空],hue5(huᴇ³³⁴),暂无
上海·市区(中新派),贿(賄),[空],hue5(huᴇ³³⁴),暂无
上海·市区(中新派),晦(晦),[空],hue5(huᴇ³³⁴),暂无
上海·市区(中新派),诲(誨),[空],hue5(huᴇ³³⁴),暂无
上海·市区(中新派),喙(喙),[空],hue5(huᴇ³³⁴),暂无
上海·市区(中新派),秽(穢),[空],hue5(huᴇ³³⁴),暂无
上海·市区(中新派),讳(諱),[空],hue5(huᴇ³³⁴),暂无
上海·市区(中新派),卉(卉),[空],hue5(huᴇ³³⁴),暂无
上海·市区(中新派),烩(燴),[空],hue5(huᴇ³³⁴),暂无
上海·市区(中新派),怀(懷),文,we6(ɦuᴇ¹¹³),暂无
上海·市区(中新派),徊(徊),徘~,we6(ɦuᴇ¹¹³),暂无
上海·市区(中新派),回(回),[空],we6(ɦuᴇ¹¹³),暂无
上海·市区(中新派),回(迴),[空],we6(ɦuᴇ¹¹³),暂无
上海·市区(中新派),蛔(蛔),[空],we6(ɦuᴇ¹¹³),暂无
上海·市区(中新派),茴(茴),[空],we6(ɦuᴇ¹¹³),暂无
上海·市区(中新派),会(會),~议，~做,we6(ɦuᴇ¹¹³),暂无
上海·市区(中新派),绘(繪),[空],we6(ɦuᴇ¹¹³),暂无
上海·市区(中新派),汇(匯),[空],we6(ɦuᴇ¹¹³),暂无
上海·市区(中新派),汇(彙),[空],we6(ɦuᴇ¹¹³),暂无
上海·市区(中新派),惠(惠),[空],we6(ɦuᴇ¹¹³),暂无
上海·市区(中新派),彗(彗),[空],we6(ɦuᴇ¹¹³),暂无
上海·市区(中新派),慧(慧),[空],we6(ɦuᴇ¹¹³),暂无
上海·市区(中新派),讳(諱),[空],we6(ɦuᴇ¹¹³),暂无
上海·市区(中新派),为(爲),[空],we6(ɦuᴇ¹¹³),暂无
上海·市区(中新派),桅(桅),[空],we6(ɦuᴇ¹¹³),暂无
上海·市区(中新派),巍(巍),[空],we6(ɦuᴇ¹¹³),暂无
上海·市区(中新派),韦(韋),[空],we6(ɦuᴇ¹¹³),暂无
上海·市区(中新派),违(違),[空],we6(ɦuᴇ¹¹³),暂无
上海·市区(中新派),围(圍),文,we6(ɦuᴇ¹¹³),暂无
上海·市区(中新派),帏(幃),[空],we6(ɦuᴇ¹¹³),暂无
上海·市区(中新派),闱(闈),[空],we6(ɦuᴇ¹¹³),暂无
上海·市区(中新派),伪(偽),[空],we6(ɦuᴇ¹¹³),暂无
上海·市区(中新派),伟(偉),[空],we6(ɦuᴇ¹¹³),暂无
上海·市区(中新派),炜(煒),[空],we6(ɦuᴇ¹¹³),暂无
上海·市区(中新派),玮(瑋),[空],we6(ɦuᴇ¹¹³),暂无
上海·市区(中新派),韪(韙),[空],we6(ɦuᴇ¹¹³),暂无
上海·市区(中新派),苇(葦),[空],we6(ɦuᴇ¹¹³),暂无
上海·市区(中新派),纬(緯),[空],we6(ɦuᴇ¹¹³),暂无
上海·市区(中新派),卫(衛),[空],we6(ɦuᴇ¹¹³),暂无
上海·市区(中新派),位(位),[空],we6(ɦuᴇ¹¹³),暂无
上海·市区(中新派),魏(魏),[空],we6(ɦuᴇ¹¹³),暂无
上海·市区(中新派),蔚(蔚),[空],we6(ɦuᴇ¹¹³),暂无
上海·市区(中新派),胃(胃),[空],we6(ɦuᴇ¹¹³),暂无
上海·市区(中新派),渭(渭),[空],we6(ɦuᴇ¹¹³),暂无
上海·市区(中新派),谓(謂),[空],we6(ɦuᴇ¹¹³),暂无
上海·市区(中新派),猬(猬),[空],we6(ɦuᴇ¹¹³),暂无
上海·市区(中新派),还(還),[空],we6(ɦuᴇ¹¹³),暂无
上海·市区(中新派),患(患),[空],we6(ɦuᴇ¹¹³),暂无
上海·市区(中新派),宦(宦),[空],we6(ɦuᴇ¹¹³),暂无
上海·市区(中新派),豢(豢),[空],we6(ɦuᴇ¹¹³),暂无
上海·市区(中新派),喂(喂),[空],ue1(uᴇ⁵³),暂无
上海·市区(中新派),偎(偎),[空],ue1(uᴇ⁵³),暂无
上海·市区(中新派),威(威),[空],ue1(uᴇ⁵³),暂无
上海·市区(中新派),萎(萎),[空],ue1(uᴇ⁵³),暂无
上海·市区(中新派),弯(彎),[空],ue1(uᴇ⁵³),暂无
上海·市区(中新派),湾(灣),[空],ue1(uᴇ⁵³),暂无
上海·市区(中新派),会(會),~做,ue5(uᴇ³³⁴),暂无
上海·市区(中新派),痿(痿),[空],ue5(uᴇ³³⁴),暂无
上海·市区(中新派),委(委),[空],ue5(uᴇ³³⁴),暂无
上海·市区(中新派),诿(諉),[空],ue5(uᴇ³³⁴),暂无
上海·市区(中新派),喂(餵),文,ue5(uᴇ³³⁴),暂无
上海·市区(中新派),畏(畏),[空],ue5(uᴇ³³⁴),暂无
上海·市区(中新派),慰(慰),[空],ue5(uᴇ³³⁴),暂无
上海·市区(中新派),尉(尉),[空],ue5(uᴇ³³⁴),暂无
上海·市区(中新派),患(患),[空],ue5(uᴇ³³⁴),暂无
上海·市区(中新派),幻(幻),[空],ue5(uᴇ³³⁴),暂无
上海·市区(中新派),晚(晚),文,ue5(uᴇ³³⁴),暂无
上海·市区(中新派),挽(挽),[空],ue5(uᴇ³³⁴),暂无
上海·市区(中新派),绾(綰),[空],ue5(uᴇ³³⁴),暂无
上海·市区(中新派),搬(搬),[空],poe1(pø⁵³),暂无
上海·市区(中新派),半(半),[空],poe5(pø³³⁴),暂无
上海·市区(中新派),潘(潘),[空],phoe1(pʰø⁵³),暂无
上海·市区(中新派),判(判),[空],phoe5(pʰø³³⁴),暂无
上海·市区(中新派),盘(盤),[空],boe6(bø¹¹³),暂无
上海·市区(中新派),盘(磐),[空],boe6(bø¹¹³),暂无
上海·市区(中新派),蟠(蟠),[空],boe6(bø¹¹³),暂无
上海·市区(中新派),叛(叛),[空],boe6(bø¹¹³),暂无
上海·市区(中新派),绊(絆),[空],boe6(bø¹¹³),暂无
上海·市区(中新派),伴(伴),[空],boe6(bø¹¹³),暂无
上海·市区(中新派),拌(拌),[空],boe6(bø¹¹³),暂无
上海·市区(中新派),盘(槃),[空],boe6(bø¹¹³),暂无
上海·市区(中新派),瀊(瀊),~水，溢，满,boe6(bø¹¹³),暂无
上海·市区(中新派),𨒃(𨒃),~起来，躲藏,boe6(bø¹¹³),暂无
上海·市区(中新派),瞒(瞞),[空],moe6(mø¹¹³),暂无
上海·市区(中新派),馒(饅),~头,moe6(mø¹¹³),暂无
上海·市区(中新派),满(滿),[空],moe6(mø¹¹³),暂无
上海·市区(中新派),鳗(鰻),[空],moe6(mø¹¹³),暂无
上海·市区(中新派),端(端),[空],toe1(tø⁵³),暂无
上海·市区(中新派),掸(撣),[空],toe5(tø³³⁴),暂无
上海·市区(中新派),短(短),[空],toe5(tø³³⁴),暂无
上海·市区(中新派),断(斷),决~,toe5(tø³³⁴),暂无
上海·市区(中新派),锻(鍛),[空],toe5(tø³³⁴),暂无
上海·市区(中新派),贪(貪),[空],thoe1(tʰø⁵³),暂无
上海·市区(中新派),湍(湍),[空],thoe1(tʰø⁵³),暂无
上海·市区(中新派),蜕(蛻),[空],thoe5(tʰø³³⁴),暂无
上海·市区(中新派),探(探),[空],thoe5(tʰø³³⁴),暂无
上海·市区(中新派),煺(煺),~毛,thoe5(tʰø³³⁴),暂无
上海·市区(中新派),萏(萏),菡~,doe6(dø¹¹³),暂无
上海·市区(中新派),团(團),[空],doe6(dø¹¹³),暂无
上海·市区(中新派),抟(摶),~纸头,doe6(dø¹¹³),暂无
上海·市区(中新派),团(糰),[空],doe6(dø¹¹³),暂无
上海·市区(中新派),断(斷),[空],doe6(dø¹¹³),暂无
上海·市区(中新派),段(段),[空],doe6(dø¹¹³),暂无
上海·市区(中新派),缎(緞),[空],doe6(dø¹¹³),暂无
上海·市区(中新派),篿(篿),圆形竹器,doe6(dø¹¹³),暂无
上海·市区(中新派),囡(囡),[空],noe1(nø⁵³),暂无
上海·市区(中新派),囡(囡),[空],noe6(nø¹¹³),暂无
上海·市区(中新派),男(男),[空],noe6(nø¹¹³),暂无
上海·市区(中新派),南(南),[空],noe6(nø¹¹³),暂无
上海·市区(中新派),楠(楠),[空],noe6(nø¹¹³),暂无
上海·市区(中新派),喃(喃),[空],noe6(nø¹¹³),暂无
上海·市区(中新派),暖(暖),[空],noe6(nø¹¹³),暂无
上海·市区(中新派),鸾(鸞),[空],loe6(lø¹¹³),暂无
上海·市区(中新派),栾(欒),[空],loe6(lø¹¹³),暂无
上海·市区(中新派),銮(鑾),[空],loe6(lø¹¹³),暂无
上海·市区(中新派),峦(巒),[空],loe6(lø¹¹³),暂无
上海·市区(中新派),滦(灤),[空],loe6(lø¹¹³),暂无
上海·市区(中新派),卵(卵),白,loe6(lø¹¹³),暂无
上海·市区(中新派),乱(亂),[空],loe6(lø¹¹³),暂无
上海·市区(中新派),追(追),[空],tsoe1(tsø⁵³),暂无
上海·市区(中新派),锥(錐),[空],tsoe1(tsø⁵³),暂无
上海·市区(中新派),簪(簪),[空],tsoe1(tsø⁵³),暂无
上海·市区(中新派),沾(沾),[空],tsoe1(tsø⁵³),暂无
上海·市区(中新派),瞻(瞻),[空],tsoe1(tsø⁵³),暂无
上海·市区(中新派),詹(詹),[空],tsoe1(tsø⁵³),暂无
上海·市区(中新派),占(占),~卜,tsoe1(tsø⁵³),暂无
上海·市区(中新派),毡(氈),[空],tsoe1(tsø⁵³),暂无
上海·市区(中新派),专(專),[空],tsoe1(tsø⁵³),暂无
上海·市区(中新派),砖(磚),[空],tsoe1(tsø⁵³),暂无
上海·市区(中新派),钻(鑽),[空],tsoe1(tsø⁵³),暂无
上海·市区(中新派),嘴(嘴),文,tsoe5(tsø³³⁴),暂无
上海·市区(中新派),最(最),[空],tsoe5(tsø³³⁴),暂无
上海·市区(中新派),醉(醉),[空],tsoe5(tsø³³⁴),暂无
上海·市区(中新派),缀(綴),[空],tsoe5(tsø³³⁴),暂无
上海·市区(中新派),赘(贅),[空],tsoe5(tsø³³⁴),暂无
上海·市区(中新派),占(佔),[空],tsoe5(tsø³³⁴),暂无
上海·市区(中新派),展(展),[空],tsoe5(tsø³³⁴),暂无
上海·市区(中新派),辗(輾),[空],tsoe5(tsø³³⁴),暂无
上海·市区(中新派),战(戰),[空],tsoe5(tsø³³⁴),暂无
上海·市区(中新派),转(轉),[空],tsoe5(tsø³³⁴),暂无
上海·市区(中新派),啭(囀),[空],tsoe5(tsø³³⁴),暂无
上海·市区(中新派),猜(猜),[空],tshoe1(tsʰø⁵³),暂无
上海·市区(中新派),揣(揣),[空],tshoe1(tsʰø⁵³),暂无
上海·市区(中新派),催(催),[空],tshoe1(tsʰø⁵³),暂无
上海·市区(中新派),崔(崔),[空],tshoe1(tsʰø⁵³),暂无
上海·市区(中新派),摧(摧),[空],tshoe1(tsʰø⁵³),暂无
上海·市区(中新派),吹(吹),文,tshoe1(tsʰø⁵³),暂无
上海·市区(中新派),炊(炊),[空],tshoe1(tsʰø⁵³),暂无
上海·市区(中新派),参(參),[空],tshoe1(tsʰø⁵³),暂无
上海·市区(中新派),餐(餐),[空],tshoe1(tsʰø⁵³),暂无
上海·市区(中新派),汆(汆),~汤,tshoe1(tsʰø⁵³),暂无
上海·市区(中新派),蹿(躥),[空],tshoe1(tsʰø⁵³),暂无
上海·市区(中新派),撺(攛),[空],tshoe1(tsʰø⁵³),暂无
上海·市区(中新派),窜(竄),[空],tshoe1(tsʰø⁵³),暂无
上海·市区(中新派),穿(穿),[空],tshoe1(tsʰø⁵³),暂无
上海·市区(中新派),串(串),[空],tshoe1(tsʰø⁵³),暂无
上海·市区(中新派),川(川),[空],tshoe1(tsʰø⁵³),暂无
上海·市区(中新派),淬(淬),[空],tshoe5(tsʰø³³⁴),暂无
上海·市区(中新派),焠(焠),[空],tshoe5(tsʰø³³⁴),暂无
上海·市区(中新派),脆(脆),[空],tshoe5(tsʰø³³⁴),暂无
上海·市区(中新派),翠(翠),[空],tshoe5(tsʰø³³⁴),暂无
上海·市区(中新派),萃(萃),[空],tshoe5(tsʰø³³⁴),暂无
上海·市区(中新派),粹(粹),[空],tshoe5(tsʰø³³⁴),暂无
上海·市区(中新派),瘁(瘁),[空],tshoe5(tsʰø³³⁴),暂无
上海·市区(中新派),惨(慘),[空],tshoe5(tsʰø³³⁴),暂无
上海·市区(中新派),阐(闡),[空],tshoe5(tsʰø³³⁴),暂无
上海·市区(中新派),篡(篡),[空],tshoe5(tsʰø³³⁴),暂无
上海·市区(中新派),喘(喘),[空],tshoe5(tsʰø³³⁴),暂无
上海·市区(中新派),串(串),[空],tshoe5(tsʰø³³⁴),暂无
上海·市区(中新派),钏(釧),[空],tshoe5(tsʰø³³⁴),暂无
上海·市区(中新派),颤(顫),[空],tshoe5(tsʰø³³⁴),暂无
上海·市区(中新派),虽(雖),[空],soe1(sø⁵³),暂无
上海·市区(中新派),奢(奢),[空],soe1(sø⁵³),暂无
上海·市区(中新派),酸(酸),[空],soe1(sø⁵³),暂无
上海·市区(中新派),酸(痠),[空],soe1(sø⁵³),暂无
上海·市区(中新派),拴(拴),[空],soe1(sø⁵³),暂无
上海·市区(中新派),栓(栓),[空],soe1(sø⁵³),暂无
上海·市区(中新派),闩(閂),[空],soe1(sø⁵³),暂无
上海·市区(中新派),率(率),~领,soe5(sø³³⁴),暂无
上海·市区(中新派),绥(綏),[空],soe5(sø³³⁴),暂无
上海·市区(中新派),岁(歲),[空],soe5(sø³³⁴),暂无
上海·市区(中新派),祟(祟),[空],soe5(sø³³⁴),暂无
上海·市区(中新派),邃(邃),[空],soe5(sø³³⁴),暂无
上海·市区(中新派),水(水),文,soe5(sø³³⁴),暂无
上海·市区(中新派),税(稅),[空],soe5(sø³³⁴),暂无
上海·市区(中新派),说(說),游~,soe5(sø³³⁴),暂无
上海·市区(中新派),锐(銳),[空],soe5(sø³³⁴),暂无
上海·市区(中新派),扇(扇),[空],soe5(sø³³⁴),暂无
上海·市区(中新派),搧(搧),~风,soe5(sø³³⁴),暂无
上海·市区(中新派),煽(煽),[空],soe5(sø³³⁴),暂无
上海·市区(中新派),陕(陝),[空],soe5(sø³³⁴),暂无
上海·市区(中新派),闪(閃),[空],soe5(sø³³⁴),暂无
上海·市区(中新派),算(算),[空],soe5(sø³³⁴),暂无
上海·市区(中新派),蒜(蒜),[空],soe5(sø³³⁴),暂无
上海·市区(中新派),糁(糝),饭米~，米粒,soe5(sø³³⁴),暂无
上海·市区(中新派),罪(罪),[空],zoe6(zø¹¹³),暂无
上海·市区(中新派),随(隨),[空],zoe6(zø¹¹³),暂无
上海·市区(中新派),隋(隋),[空],zoe6(zø¹¹³),暂无
上海·市区(中新派),髓(髓),[空],zoe6(zø¹¹³),暂无
上海·市区(中新派),遂(遂),[空],zoe6(zø¹¹³),暂无
上海·市区(中新派),隧(隧),[空],zoe6(zø¹¹³),暂无
上海·市区(中新派),穗(穗),[空],zoe6(zø¹¹³),暂无
上海·市区(中新派),悴(悴),憔~,zoe6(zø¹¹³),暂无
上海·市区(中新派),垂(垂),[空],zoe6(zø¹¹³),暂无
上海·市区(中新派),陲(陲),[空],zoe6(zø¹¹³),暂无
上海·市区(中新派),椎(椎),[空],zoe6(zø¹¹³),暂无
上海·市区(中新派),槌(槌),[空],zoe6(zø¹¹³),暂无
上海·市区(中新派),锤(錘),[空],zoe6(zø¹¹³),暂无
上海·市区(中新派),坠(墜),[空],zoe6(zø¹¹³),暂无
上海·市区(中新派),睡(睡),[空],zoe6(zø¹¹³),暂无
上海·市区(中新派),蕊(蕊),[空],zoe6(zø¹¹³),暂无
上海·市区(中新派),锐(銳),[空],zoe6(zø¹¹³),暂无
上海·市区(中新派),芮(芮),[空],zoe6(zø¹¹³),暂无
上海·市区(中新派),谁(誰),[空],zoe6(zø¹¹³),暂无
上海·市区(中新派),瑞(瑞),[空],zoe6(zø¹¹³),暂无
上海·市区(中新派),蚕(蠶),[空],zoe6(zø¹¹³),暂无
上海·市区(中新派),蟾(蟾),[空],zoe6(zø¹¹³),暂无
上海·市区(中新派),缠(纏),[空],zoe6(zø¹¹³),暂无
上海·市区(中新派),蝉(蟬),[空],zoe6(zø¹¹³),暂无
上海·市区(中新派),禅(禪),[空],zoe6(zø¹¹³),暂无
上海·市区(中新派),单(單),姓,zoe6(zø¹¹³),暂无
上海·市区(中新派),婵(嬋),[空],zoe6(zø¹¹³),暂无
上海·市区(中新派),善(善),[空],zoe6(zø¹¹³),暂无
上海·市区(中新派),鳝(鱔),[空],zoe6(zø¹¹³),暂无
上海·市区(中新派),膳(膳),[空],zoe6(zø¹¹³),暂无
上海·市区(中新派),缮(繕),[空],zoe6(zø¹¹³),暂无
上海·市区(中新派),擅(擅),[空],zoe6(zø¹¹³),暂无
上海·市区(中新派),赡(贍),[空],zoe6(zø¹¹³),暂无
上海·市区(中新派),嬗(嬗),[空],zoe6(zø¹¹³),暂无
上海·市区(中新派),然(然),[空],zoe6(zø¹¹³),暂无
上海·市区(中新派),燃(燃),[空],zoe6(zø¹¹³),暂无
上海·市区(中新派),染(染),文,zoe6(zø¹¹³),暂无
上海·市区(中新派),冉(冉),[空],zoe6(zø¹¹³),暂无
上海·市区(中新派),传(傳),[空],zoe6(zø¹¹³),暂无
上海·市区(中新派),椽(椽),[空],zoe6(zø¹¹³),暂无
上海·市区(中新派),船(船),[空],zoe6(zø¹¹³),暂无
上海·市区(中新派),篅(篅),~条,zoe6(zø¹¹³),暂无
上海·市区(中新派),撰(撰),[空],zoe6(zø¹¹³),暂无
上海·市区(中新派),篆(篆),[空],zoe6(zø¹¹³),暂无
上海·市区(中新派),𢷹(𢷹),手~转，扭弯,zoe6(zø¹¹³),暂无
上海·市区(中新派),馔(饌),[空],zoe6(zø¹¹³),暂无
上海·市区(中新派),甘(甘),[空],koe1(kø⁵³),暂无
上海·市区(中新派),柑(柑),[空],koe1(kø⁵³),暂无
上海·市区(中新派),泔(泔),[空],koe1(kø⁵³),暂无
上海·市区(中新派),坩(坩),[空],koe1(kø⁵³),暂无
上海·市区(中新派),干(乾),~净,koe1(kø⁵³),暂无
上海·市区(中新派),干(干),[空],koe1(kø⁵³),暂无
上海·市区(中新派),肝(肝),[空],koe1(kø⁵³),暂无
上海·市区(中新派),竿(竿),[空],koe1(kø⁵³),暂无
上海·市区(中新派),感(感),[空],koe5(kø³³⁴),暂无
上海·市区(中新派),敢(敢),[空],koe5(kø³³⁴),暂无
上海·市区(中新派),杆(桿),[空],koe5(kø³³⁴),暂无
上海·市区(中新派),秆(稈),[空],koe5(kø³³⁴),暂无
上海·市区(中新派),擀(擀),[空],koe5(kø³³⁴),暂无
上海·市区(中新派),赶(趕),[空],koe5(kø³³⁴),暂无
上海·市区(中新派),赣(贛),[空],koe5(kø³³⁴),暂无
上海·市区(中新派),淦(淦),[空],koe5(kø³³⁴),暂无
上海·市区(中新派),干(幹),~劲,koe5(kø³³⁴),暂无
上海·市区(中新派),绀(紺),[空],koe5(kø³³⁴),暂无
上海·市区(中新派),看(看),~守,khoe1(kʰø⁵³),暂无
上海·市区(中新派),看(看),[空],khoe5(kʰø³³⁴),暂无
上海·市区(中新派),岸(岸),[空],ngoe6(ŋø¹¹³),暂无
上海·市区(中新派),虾(蝦),[空],hoe1(hø⁵³),暂无
上海·市区(中新派),蚶(蚶),~子,hoe1(hø⁵³),暂无
上海·市区(中新派),鼾(鼾),[空],hoe1(hø⁵³),暂无
上海·市区(中新派),酣(酣),[空],hoe1(hø⁵³),暂无
上海·市区(中新派),罕(罕),[空],hoe5(hø³³⁴),暂无
上海·市区(中新派),憾(憾),[空],hoe5(hø³³⁴),暂无
上海·市区(中新派),汉(漢),[空],hoe5(hø³³⁴),暂无
上海·市区(中新派),熯(熯),~饼，烘,hoe5(hø³³⁴),暂无
上海·市区(中新派),㗿(㗿),~两声，怒责,hoe5(hø³³⁴),暂无
上海·市区(中新派),含(含),[空],ghoe6(ɦø¹¹³),暂无
上海·市区(中新派),涵(涵),[空],ghoe6(ɦø¹¹³),暂无
上海·市区(中新派),函(函),[空],ghoe6(ɦø¹¹³),暂无
上海·市区(中新派),菡(菡),~萏,ghoe6(ɦø¹¹³),暂无
上海·市区(中新派),邯(邯),~郸,ghoe6(ɦø¹¹³),暂无
上海·市区(中新派),寒(寒),[空],ghoe6(ɦø¹¹³),暂无
上海·市区(中新派),韩(韓),[空],ghoe6(ɦø¹¹³),暂无
上海·市区(中新派),撼(撼),[空],ghoe6(ɦø¹¹³),暂无
上海·市区(中新派),颔(頷),[空],ghoe6(ɦø¹¹³),暂无
上海·市区(中新派),憾(憾),[空],ghoe6(ɦø¹¹³),暂无
上海·市区(中新派),旱(旱),[空],ghoe6(ɦø¹¹³),暂无
上海·市区(中新派),汗(汗),[空],ghoe6(ɦø¹¹³),暂无
上海·市区(中新派),焊(焊),[空],ghoe6(ɦø¹¹³),暂无
上海·市区(中新派),捍(捍),[空],ghoe6(ɦø¹¹³),暂无
上海·市区(中新派),悍(悍),[空],ghoe6(ɦø¹¹³),暂无
上海·市区(中新派),焊(銲),[空],ghoe6(ɦø¹¹³),暂无
上海·市区(中新派),瀚(瀚),[空],ghoe6(ɦø¹¹³),暂无
上海·市区(中新派),翰(翰),[空],ghoe6(ɦø¹¹³),暂无
上海·市区(中新派),庵(庵),[空],oe1(ø⁵³),暂无
上海·市区(中新派),鹌(鵪),~鹑,oe1(ø⁵³),暂无
上海·市区(中新派),安(安),[空],oe1(ø⁵³),暂无
上海·市区(中新派),鞍(鞍),[空],oe1(ø⁵³),暂无
上海·市区(中新派),按(按),[空],oe1(ø⁵³),暂无
上海·市区(中新派),案(案),[空],oe1(ø⁵³),暂无
上海·市区(中新派),氨(氨),[空],oe1(ø⁵³),暂无
上海·市区(中新派),铵(銨),[空],oe1(ø⁵³),暂无
上海·市区(中新派),黯(黯),[空],oe5(ø³³⁴),暂无
上海·市区(中新派),暗(暗),[空],oe5(ø³³⁴),暂无
上海·市区(中新派),谙(諳),[空],oe5(ø³³⁴),暂无
上海·市区(中新派),官(官),[空],kuoe1(kuø⁵³),暂无
上海·市区(中新派),棺(棺),[空],kuoe1(kuø⁵³),暂无
上海·市区(中新派),观(觀),~察,kuoe1(kuø⁵³),暂无
上海·市区(中新派),冠(冠),衣~,kuoe1(kuø⁵³),暂无
上海·市区(中新派),管(管),[空],kuoe5(kuø³³⁴),暂无
上海·市区(中新派),馆(館),[空],kuoe5(kuø³³⁴),暂无
上海·市区(中新派),灌(灌),[空],kuoe5(kuø³³⁴),暂无
上海·市区(中新派),罐(罐),[空],kuoe5(kuø³³⁴),暂无
上海·市区(中新派),观(觀),楼~,kuoe5(kuø³³⁴),暂无
上海·市区(中新派),鹳(鸛),[空],kuoe5(kuø³³⁴),暂无
上海·市区(中新派),冠(冠),~军,kuoe5(kuø³³⁴),暂无
上海·市区(中新派),盥(盥),[空],kuoe5(kuø³³⁴),暂无
上海·市区(中新派),宽(寬),[空],khuoe1(kʰuø⁵³),暂无
上海·市区(中新派),髋(髖),[空],khuoe1(kʰuø⁵³),暂无
上海·市区(中新派),款(款),[空],khuoe5(kʰuø³³⁴),暂无
上海·市区(中新派),窾(窾),[空],khuoe5(kʰuø³³⁴),暂无
上海·市区(中新派),欢(歡),[空],huoe1(huø⁵³),暂无
上海·市区(中新派),唤(喚),[空],huoe5(huø³³⁴),暂无
上海·市区(中新派),焕(煥),[空],huoe5(huø³³⁴),暂无
上海·市区(中新派),涣(渙),[空],huoe5(huø³³⁴),暂无
上海·市区(中新派),痪(瘓),[空],huoe5(huø³³⁴),暂无
上海·市区(中新派),桓(桓),[空],woe6(ɦuø¹¹³),暂无
上海·市区(中新派),换(換),[空],woe6(ɦuø¹¹³),暂无
上海·市区(中新派),完(完),[空],woe6(ɦuø¹¹³),暂无
上海·市区(中新派),纨(紈),[空],woe6(ɦuø¹¹³),暂无
上海·市区(中新派),丸(丸),[空],woe6(ɦuø¹¹³),暂无
上海·市区(中新派),玩(玩),文,woe6(ɦuø¹¹³),暂无
上海·市区(中新派),顽(頑),文,woe6(ɦuø¹¹³),暂无
上海·市区(中新派),缓(緩),[空],uoe5(uø³³⁴),暂无
上海·市区(中新派),浣(浣),[空],uoe5(uø³³⁴),暂无
上海·市区(中新派),碗(碗),[空],uoe5(uø³³⁴),暂无
上海·市区(中新派),剜(剜),[空],uoe5(uø³³⁴),暂无
上海·市区(中新派),皖(皖),[空],uoe5(uø³³⁴),暂无
上海·市区(中新派),宛(宛),[空],uoe5(uø³³⁴),暂无
上海·市区(中新派),蜿(蜿),[空],uoe5(uø³³⁴),暂无
上海·市区(中新派),惋(惋),[空],uoe5(uø³³⁴),暂无
上海·市区(中新派),婉(婉),[空],uoe5(uø³³⁴),暂无
上海·市区(中新派),豌(豌),[空],uoe5(uø³³⁴),暂无
上海·市区(中新派),腕(腕),[空],uoe5(uø³³⁴),暂无
上海·市区(中新派),菀(菀),[空],uoe5(uø³³⁴),暂无
上海·市区(中新派),捐(捐),[空],cioe1(tɕyø⁵³),暂无
上海·市区(中新派),娟(娟),[空],cioe1(tɕyø⁵³),暂无
上海·市区(中新派),涓(涓),[空],cioe1(tɕyø⁵³),暂无
上海·市区(中新派),鹃(鵑),[空],cioe1(tɕyø⁵³),暂无
上海·市区(中新派),卷(卷),[空],cioe5(tɕyø³³⁴),暂无
上海·市区(中新派),眷(眷),[空],cioe5(tɕyø³³⁴),暂无
上海·市区(中新派),绢(絹),[空],cioe5(tɕyø³³⁴),暂无
上海·市区(中新派),卷(捲),[空],cioe5(tɕyø³³⁴),暂无
上海·市区(中新派),圈(圈),[空],chioe1(tɕʰyø⁵³),暂无
上海·市区(中新派),犬(犬),[空],chioe5(tɕʰyø³³⁴),暂无
上海·市区(中新派),劝(勸),[空],chioe5(tɕʰyø³³⁴),暂无
上海·市区(中新派),券(券),[空],chioe5(tɕʰyø³³⁴),暂无
上海·市区(中新派),权(權),[空],jioe6(dʑyø¹¹³),暂无
上海·市区(中新派),拳(拳),[空],jioe6(dʑyø¹¹³),暂无
上海·市区(中新派),蜷(踡),[空],jioe6(dʑyø¹¹³),暂无
上海·市区(中新派),蜷(蜷),[空],jioe6(dʑyø¹¹³),暂无
上海·市区(中新派),鬈(鬈),[空],jioe6(dʑyø¹¹³),暂无
上海·市区(中新派),颧(顴),[空],jioe6(dʑyø¹¹³),暂无
上海·市区(中新派),绻(綣),缱~,jioe6(dʑyø¹¹³),暂无
上海·市区(中新派),圈(圈),猪~,jioe6(dʑyø¹¹³),暂无
上海·市区(中新派),倦(倦),[空],jioe6(dʑyø¹¹³),暂无
上海·市区(中新派),䟒(䟒),走路~发~发，走路身曲,jioe6(dʑyø¹¹³),暂无
上海·市区(中新派),䠰(䠰),身体~牢,jioe6(dʑyø¹¹³),暂无
上海·市区(中新派),原(原),[空],gnioe6(ȵyø¹¹³),暂无
上海·市区(中新派),源(源),[空],gnioe6(ȵyø¹¹³),暂无
上海·市区(中新派),元(元),白,gnioe6(ȵyø¹¹³),暂无
上海·市区(中新派),愿(願),[空],gnioe6(ȵyø¹¹³),暂无
上海·市区(中新派),软(軟),[空],gnioe6(ȵyø¹¹³),暂无
上海·市区(中新派),阮(阮),[空],gnioe6(ȵyø¹¹³),暂无
上海·市区(中新派),鼋(黿),[空],gnioe6(ȵyø¹¹³),暂无
上海·市区(中新派),靴(靴),[空],shioe1(ɕyø⁵³),暂无
上海·市区(中新派),宣(宣),[空],shioe1(ɕyø⁵³),暂无
上海·市区(中新派),喧(喧),[空],shioe1(ɕyø⁵³),暂无
上海·市区(中新派),萱(萱),[空],shioe1(ɕyø⁵³),暂无
上海·市区(中新派),揎(揎),[空],shioe1(ɕyø⁵³),暂无
上海·市区(中新派),楦(楦),[空],shioe1(ɕyø⁵³),暂无
上海·市区(中新派),㧦(㧦),~耳光，打，踢,shioe1(ɕyø⁵³),暂无
上海·市区(中新派),𧾎(𧾎),一脚~到上海，疾走,shioe1(ɕyø⁵³),暂无
上海·市区(中新派),䚭(䚭),挥角~人,shioe1(ɕyø⁵³),暂无
上海·市区(中新派),鸢(鳶),[空],yoe6(ɦyø¹¹³),暂无
上海·市区(中新派),员(員),[空],yoe6(ɦyø¹¹³),暂无
上海·市区(中新派),圆(圓),[空],yoe6(ɦyø¹¹³),暂无
上海·市区(中新派),缘(緣),[空],yoe6(ɦyø¹¹³),暂无
上海·市区(中新派),橼(櫞),[空],yoe6(ɦyø¹¹³),暂无
上海·市区(中新派),袁(袁),[空],yoe6(ɦyø¹¹³),暂无
上海·市区(中新派),园(園),[空],yoe6(ɦyø¹¹³),暂无
上海·市区(中新派),辕(轅),[空],yoe6(ɦyø¹¹³),暂无
上海·市区(中新派),援(援),[空],yoe6(ɦyø¹¹³),暂无
上海·市区(中新派),爰(爰),[空],yoe6(ɦyø¹¹³),暂无
上海·市区(中新派),垣(垣),[空],yoe6(ɦyø¹¹³),暂无
上海·市区(中新派),远(遠),[空],yoe6(ɦyø¹¹³),暂无
上海·市区(中新派),院(院),[空],yoe6(ɦyø¹¹³),暂无
上海·市区(中新派),玄(玄),[空],yoe6(ɦyø¹¹³),暂无
上海·市区(中新派),眩(眩),[空],yoe6(ɦyø¹¹³),暂无
上海·市区(中新派),泫(泫),[空],yoe6(ɦyø¹¹³),暂无
上海·市区(中新派),元(元),文,yoe6(ɦyø¹¹³),暂无
上海·市区(中新派),县(縣),[空],yoe6(ɦyø¹¹³),暂无
上海·市区(中新派),悬(懸),[空],yoe6(ɦyø¹¹³),暂无
上海·市区(中新派),冤(冤),[空],ioe1(yø⁵³),暂无
上海·市区(中新派),鸳(鴛),[空],ioe1(yø⁵³),暂无
上海·市区(中新派),渊(淵),[空],ioe1(yø⁵³),暂无
上海·市区(中新派),怨(怨),[空],ioe5(yø³³⁴),暂无
上海·市区(中新派),苑(苑),[空],ioe5(yø³³⁴),暂无
上海·市区(中新派),絣(絣),~架,pan1(pã⁵³),暂无
上海·市区(中新派),绷(繃),[空],pan1(pã⁵³),暂无
上海·市区(中新派),崩(崩),白,pan1(pã⁵³),暂无
上海·市区(中新派),浜(浜),[空],pan1(pã⁵³),暂无
上海·市区(中新派),迸(迸),~㿭,pan5(pã³³⁴),暂无
上海·市区(中新派),泵(泵),[空],pan5(pã³³⁴),暂无
上海·市区(中新派),乓(乓),[空],phan1(pʰã⁵³),暂无
上海·市区(中新派),朋(朋),[空],ban6(bã¹¹³),暂无
上海·市区(中新派),鹏(鵬),[空],ban6(bã¹¹³),暂无
上海·市区(中新派),彭(彭),[空],ban6(bã¹¹³),暂无
上海·市区(中新派),澎(澎),[空],ban6(bã¹¹³),暂无
上海·市区(中新派),蟛(蟛),~蜞,ban6(bã¹¹³),暂无
上海·市区(中新派),膨(膨),[空],ban6(bã¹¹³),暂无
上海·市区(中新派),棚(棚),[空],ban6(bã¹¹³),暂无
上海·市区(中新派),硼(硼),[空],ban6(bã¹¹³),暂无
上海·市区(中新派),碰(碰),[空],ban6(bã¹¹³),暂无
上海·市区(中新派),蚌(蚌),[空],ban6(bã¹¹³),暂无
上海·市区(中新派),甏(甏),[空],ban6(bã¹¹³),暂无
上海·市区(中新派),𦗭(𦗭),聋~，耳聋,ban6(bã¹¹³),暂无
上海·市区(中新派),猛(猛),白,man6(mã¹¹³),暂无
上海·市区(中新派),孟(孟),[空],man6(mã¹¹³),暂无
上海·市区(中新派),蜢(蜢),[空],man6(mã¹¹³),暂无
上海·市区(中新派),锰(錳),[空],man6(mã¹¹³),暂无
上海·市区(中新派),稝(稝),密密~~，密,man6(mã¹¹³),暂无
上海·市区(中新派),打(打),[空],tan5(tã³³⁴),暂无
上海·市区(中新派),踼(踼),~脱一跤，滑跌,than5(tʰã³³⁴),暂无
上海·市区(中新派),冷(冷),[空],lan6(lã¹¹³),暂无
上海·市区(中新派),争(爭),白,tsan1(tsã⁵³),暂无
上海·市区(中新派),睁(睜),白,tsan1(tsã⁵³),暂无
上海·市区(中新派),张(張),[空],tsan1(tsã⁵³),暂无
上海·市区(中新派),𥇔(𥇔),~望，看望,tsan1(tsã⁵³),暂无
上海·市区(中新派),长(長),生~,tsan5(tsã³³⁴),暂无
上海·市区(中新派),涨(漲),[空],tsan5(tsã³³⁴),暂无
上海·市区(中新派),帐(帳),[空],tsan5(tsã³³⁴),暂无
上海·市区(中新派),账(賬),[空],tsan5(tsã³³⁴),暂无
上海·市区(中新派),胀(脹),[空],tsan5(tsã³³⁴),暂无
上海·市区(中新派),仗(仗),[空],tsan5(tsã³³⁴),暂无
上海·市区(中新派),撑(撐),[空],tshan1(tsʰã⁵³),暂无
上海·市区(中新派),昶(昶),[空],tshan1(tsʰã⁵³),暂无
上海·市区(中新派),撑(撐),[空],tshan5(tsʰã³³⁴),暂无
上海·市区(中新派),牚(牚),~棒，支柱,tshan5(tsʰã³³⁴),暂无
上海·市区(中新派),敞(敞),[空],tshan5(tsʰã³³⁴),暂无
上海·市区(中新派),厂(廠),[空],tshan5(tsʰã³³⁴),暂无
上海·市区(中新派),氅(氅),[空],tshan5(tsʰã³³⁴),暂无
上海·市区(中新派),畅(暢),[空],tshan5(tsʰã³³⁴),暂无
上海·市区(中新派),怅(悵),[空],tshan5(tsʰã³³⁴),暂无
上海·市区(中新派),伥(倀),[空],tshan5(tsʰã³³⁴),暂无
上海·市区(中新派),生(生),白,san1(sã⁵³),暂无
上海·市区(中新派),牲(牲),白,san1(sã⁵³),暂无
上海·市区(中新派),甥(甥),白,san1(sã⁵³),暂无
上海·市区(中新派),声(聲),白,san1(sã⁵³),暂无
上海·市区(中新派),省(省),[空],san5(sã³³⁴),暂无
上海·市区(中新派),锃(鋥),~亮,zan6(zã¹¹³),暂无
上海·市区(中新派),盛(盛),姓,zan6(zã¹¹³),暂无
上海·市区(中新派),剩(剩),白,zan6(zã¹¹³),暂无
上海·市区(中新派),藏(藏),[空],zan6(zã¹¹³),暂无
上海·市区(中新派),长(長),[空],zan6(zã¹¹³),暂无
上海·市区(中新派),场(場),[空],zan6(zã¹¹³),暂无
上海·市区(中新派),肠(腸),[空],zan6(zã¹¹³),暂无
上海·市区(中新派),常(常),[空],zan6(zã¹¹³),暂无
上海·市区(中新派),嫦(嫦),[空],zan6(zã¹¹³),暂无
上海·市区(中新派),丈(丈),[空],zan6(zã¹¹³),暂无
上海·市区(中新派),杖(杖),[空],zan6(zã¹¹³),暂无
上海·市区(中新派),仗(仗),~势,zan6(zã¹¹³),暂无
上海·市区(中新派),䂻(䂻),~袋袋，塞,zan6(zã¹¹³),暂无
上海·市区(中新派),更(更),白,kan1(kã⁵³),暂无
上海·市区(中新派),庚(庚),[空],kan1(kã⁵³),暂无
上海·市区(中新派),羹(羹),[空],kan1(kã⁵³),暂无
上海·市区(中新派),粳(粳),[空],kan1(kã⁵³),暂无
上海·市区(中新派),哽(哽),[空],kan5(kã³³⁴),暂无
上海·市区(中新派),埂(埂),[空],kan5(kã³³⁴),暂无
上海·市区(中新派),梗(梗),[空],kan5(kã³³⁴),暂无
上海·市区(中新派),鲠(鯁),[空],kan5(kã³³⁴),暂无
上海·市区(中新派),亘(亙),[空],kan5(kã³³⁴),暂无
上海·市区(中新派),坑(坑),[空],khan1(kʰã⁵³),暂无
上海·市区(中新派),硬(硬),[空],ngan6(ŋã¹¹³),暂无
上海·市区(中新派),亨(亨),[空],han1(hã⁵³),暂无
上海·市区(中新派),哼(哼),白,han1(hã⁵³),暂无
上海·市区(中新派),夯(夯),[空],han1(hã⁵³),暂无
上海·市区(中新派),行(行),~开来，流行。白,ghan6(ɦã¹¹³),暂无
上海·市区(中新派),杏(杏),[空],ghan6(ɦã¹¹³),暂无
上海·市区(中新派),桁(桁),[空],ghan6(ɦã¹¹³),暂无
上海·市区(中新派),鹦(鸚),白,an1(ã⁵³),暂无
上海·市区(中新派),樱(櫻),白,an1(ã⁵³),暂无
上海·市区(中新派),良(良),[空],lian6(liã¹¹³),暂无
上海·市区(中新派),凉(涼),[空],lian6(liã¹¹³),暂无
上海·市区(中新派),量(量),[空],lian6(liã¹¹³),暂无
上海·市区(中新派),粮(糧),[空],lian6(liã¹¹³),暂无
上海·市区(中新派),梁(梁),[空],lian6(liã¹¹³),暂无
上海·市区(中新派),粱(粱),[空],lian6(liã¹¹³),暂无
上海·市区(中新派),两(兩),[空],lian6(liã¹¹³),暂无
上海·市区(中新派),魉(魎),魍~,lian6(liã¹¹³),暂无
上海·市区(中新派),俩(倆),[空],lian6(liã¹¹³),暂无
上海·市区(中新派),亮(亮),[空],lian6(liã¹¹³),暂无
上海·市区(中新派),谅(諒),[空],lian6(liã¹¹³),暂无
上海·市区(中新派),晾(晾),[空],lian6(liã¹¹³),暂无
上海·市区(中新派),踉(踉),~跄,lian6(liã¹¹³),暂无
上海·市区(中新派),辆(輛),[空],lian6(liã¹¹³),暂无
上海·市区(中新派),二(二),一~三,lian6(liã¹¹³),暂无
上海·市区(中新派),将(將),~来,cian1(tɕiã⁵³),暂无
上海·市区(中新派),浆(漿),[空],cian1(tɕiã⁵³),暂无
上海·市区(中新派),疆(疆),[空],cian1(tɕiã⁵³),暂无
上海·市区(中新派),僵(僵),[空],cian1(tɕiã⁵³),暂无
上海·市区(中新派),姜(姜),[空],cian1(tɕiã⁵³),暂无
上海·市区(中新派),姜(薑),[空],cian1(tɕiã⁵³),暂无
上海·市区(中新派),缰(韁),[空],cian1(tɕiã⁵³),暂无
上海·市区(中新派),礓(礓),[空],cian1(tɕiã⁵³),暂无
上海·市区(中新派),江(江),文,cian1(tɕiã⁵³),暂无
上海·市区(中新派),奖(獎),[空],cian5(tɕiã³³⁴),暂无
上海·市区(中新派),蒋(蔣),[空],cian5(tɕiã³³⁴),暂无
上海·市区(中新派),桨(槳),[空],cian5(tɕiã³³⁴),暂无
上海·市区(中新派),讲(講),[空],cian5(tɕiã³³⁴),暂无
上海·市区(中新派),酱(醬),[空],cian5(tɕiã³³⁴),暂无
上海·市区(中新派),将(將),~帅,cian5(tɕiã³³⁴),暂无
上海·市区(中新派),降(降),~落。文,cian5(tɕiã³³⁴),暂无
上海·市区(中新派),绛(絳),[空],cian5(tɕiã³³⁴),暂无
上海·市区(中新派),枪(槍),[空],chian1(tɕʰiã⁵³),暂无
上海·市区(中新派),锵(鏘),[空],chian1(tɕʰiã⁵³),暂无
上海·市区(中新派),羌(羌),[空],chian1(tɕʰiã⁵³),暂无
上海·市区(中新派),腔(腔),[空],chian1(tɕʰiã⁵³),暂无
上海·市区(中新派),呛(嗆),[空],chian5(tɕʰiã³³⁴),暂无
上海·市区(中新派),抢(搶),[空],chian5(tɕʰiã³³⁴),暂无
上海·市区(中新派),襁(繈),[空],chian5(tɕʰiã³³⁴),暂无
上海·市区(中新派),强(強),勉~,chian5(tɕʰiã³³⁴),暂无
上海·市区(中新派),𪉨(𪉨),~蟹。腌,chian5(tɕʰiã³³⁴),暂无
上海·市区(中新派),镪(鏹),硝~水,chian5(tɕʰiã³³⁴),暂无
上海·市区(中新派),跄(蹌),踉~,chian5(tɕʰiã³³⁴),暂无
上海·市区(中新派),戗(戧),讲~脱，偏差，冲突,chian5(tɕʰiã³³⁴),暂无
上海·市区(中新派),强(強),[空],jian6(dʑiã¹¹³),暂无
上海·市区(中新派),𠼢(𠼢),便宜,jian6(dʑiã¹¹³),暂无
上海·市区(中新派),娘(孃),~~，姑姑,gnian1(ȵiã⁵³),暂无
上海·市区(中新派),仰(仰),[空],gnian5(ȵiã³³⁴),暂无
上海·市区(中新派),娘(娘),[空],gnian6(ȵiã¹¹³),暂无
上海·市区(中新派),娘(孃),[空],gnian6(ȵiã¹¹³),暂无
上海·市区(中新派),酿(釀),[空],gnian6(ȵiã¹¹³),暂无
上海·市区(中新派),仰(仰),[空],gnian6(ȵiã¹¹³),暂无
上海·市区(中新派),让(讓),[空],gnian6(ȵiã¹¹³),暂无
上海·市区(中新派),嚷(嚷),[空],gnian6(ȵiã¹¹³),暂无
上海·市区(中新派),壤(壤),[空],gnian6(ȵiã¹¹³),暂无
上海·市区(中新派),相(相),~互,shian1(ɕiã⁵³),暂无
上海·市区(中新派),箱(箱),[空],shian1(ɕiã⁵³),暂无
上海·市区(中新派),厢(廂),[空],shian1(ɕiã⁵³),暂无
上海·市区(中新派),湘(湘),[空],shian1(ɕiã⁵³),暂无
上海·市区(中新派),襄(襄),[空],shian1(ɕiã⁵³),暂无
上海·市区(中新派),镶(鑲),[空],shian1(ɕiã⁵³),暂无
上海·市区(中新派),香(香),[空],shian1(ɕiã⁵³),暂无
上海·市区(中新派),乡(鄉),[空],shian1(ɕiã⁵³),暂无
上海·市区(中新派),想(想),[空],shian5(ɕiã³³⁴),暂无
上海·市区(中新派),鮝(鮝),~鱼,shian5(ɕiã³³⁴),暂无
上海·市区(中新派),享(享),[空],shian5(ɕiã³³⁴),暂无
上海·市区(中新派),响(響),[空],shian5(ɕiã³³⁴),暂无
上海·市区(中新派),飨(饗),[空],shian5(ɕiã³³⁴),暂无
上海·市区(中新派),饷(餉),[空],shian5(ɕiã³³⁴),暂无
上海·市区(中新派),相(相),~面,shian5(ɕiã³³⁴),暂无
上海·市区(中新派),向(嚮),[空],shian5(ɕiã³³⁴),暂无
上海·市区(中新派),墙(牆),[空],zhian6(ʑiã¹¹³),暂无
上海·市区(中新派),蔷(薔),[空],zhian6(ʑiã¹¹³),暂无
上海·市区(中新派),樯(檣),[空],zhian6(ʑiã¹¹³),暂无
上海·市区(中新派),匠(匠),[空],zhian6(ʑiã¹¹³),暂无
上海·市区(中新派),详(詳),[空],zhian6(ʑiã¹¹³),暂无
上海·市区(中新派),祥(祥),[空],zhian6(ʑiã¹¹³),暂无
上海·市区(中新派),翔(翔),[空],zhian6(ʑiã¹¹³),暂无
上海·市区(中新派),像(像),[空],zhian6(ʑiã¹¹³),暂无
上海·市区(中新派),象(象),[空],zhian6(ʑiã¹¹³),暂无
上海·市区(中新派),橡(橡),[空],zhian6(ʑiã¹¹³),暂无
上海·市区(中新派),羊(羊),[空],yan6(ɦiã¹¹³),暂无
上海·市区(中新派),洋(洋),[空],yan6(ɦiã¹¹³),暂无
上海·市区(中新派),烊(烊),[空],yan6(ɦiã¹¹³),暂无
上海·市区(中新派),佯(佯),[空],yan6(ɦiã¹¹³),暂无
上海·市区(中新派),阳(陽),[空],yan6(ɦiã¹¹³),暂无
上海·市区(中新派),杨(楊),[空],yan6(ɦiã¹¹³),暂无
上海·市区(中新派),扬(揚),[空],yan6(ɦiã¹¹³),暂无
上海·市区(中新派),疡(瘍),[空],yan6(ɦiã¹¹³),暂无
上海·市区(中新派),炀(煬),[空],yan6(ɦiã¹¹³),暂无
上海·市区(中新派),养(養),[空],yan6(ɦiã¹¹³),暂无
上海·市区(中新派),痒(癢),[空],yan6(ɦiã¹¹³),暂无
上海·市区(中新派),氧(氧),[空],yan6(ɦiã¹¹³),暂无
上海·市区(中新派),样(樣),[空],yan6(ɦiã¹¹³),暂无
上海·市区(中新派),漾(漾),[空],yan6(ɦiã¹¹³),暂无
上海·市区(中新派),恙(恙),[空],yan6(ɦiã¹¹³),暂无
上海·市区(中新派),蛘(蛘),~子,yan6(ɦiã¹¹³),暂无
上海·市区(中新派),央(央),[空],ian1(iã⁵³),暂无
上海·市区(中新派),秧(秧),[空],ian1(iã⁵³),暂无
上海·市区(中新派),殃(殃),[空],ian1(iã⁵³),暂无
上海·市区(中新派),泱(泱),[空],ian1(iã⁵³),暂无
上海·市区(中新派),鸯(鴦),[空],ian1(iã⁵³),暂无
上海·市区(中新派),怏(怏),[空],ian1(iã⁵³),暂无
上海·市区(中新派),映(映),白,ian5(iã³³⁴),暂无
上海·市区(中新派),光(光),~火，发怒,kuan1(kuã⁵³),暂无
上海·市区(中新派),横(橫),[空],wan6(ɦuã¹¹³),暂无
上海·市区(中新派),横(橫),~理，蛮横,uan1(uã⁵³),暂无
上海·市区(中新派),帮(幫),[空],paon1(pɑ̃⁵³),暂无
上海·市区(中新派),邦(邦),[空],paon1(pɑ̃⁵³),暂无
上海·市区(中新派),梆(梆),[空],paon1(pɑ̃⁵³),暂无
上海·市区(中新派),榜(榜),[空],paon5(pɑ̃³³⁴),暂无
上海·市区(中新派),蒡(蒡),[空],paon5(pɑ̃³³⁴),暂无
上海·市区(中新派),膀(膀),肩~,paon5(pɑ̃³³⁴),暂无
上海·市区(中新派),绑(綁),[空],paon5(pɑ̃³³⁴),暂无
上海·市区(中新派),磅(磅),[空],paon5(pɑ̃³³⁴),暂无
上海·市区(中新派),镑(鎊),[空],paon5(pɑ̃³³⁴),暂无
上海·市区(中新派),谤(謗),[空],paon5(pɑ̃³³⁴),暂无
上海·市区(中新派),胖(胖),[空],phaon5(pʰɑ̃³³⁴),暂无
上海·市区(中新派),髈(髈),脚~，腿,phaon5(pʰɑ̃³³⁴),暂无
上海·市区(中新派),防(防),白,baon6(bɑ̃¹¹³),暂无
上海·市区(中新派),旁(旁),[空],baon6(bɑ̃¹¹³),暂无
上海·市区(中新派),滂(滂),[空],baon6(bɑ̃¹¹³),暂无
上海·市区(中新派),傍(傍),[空],baon6(bɑ̃¹¹³),暂无
上海·市区(中新派),膀(膀),~胱,baon6(bɑ̃¹¹³),暂无
上海·市区(中新派),磅(磅),~礴,baon6(bɑ̃¹¹³),暂无
上海·市区(中新派),彷(彷),~徨,baon6(bɑ̃¹¹³),暂无
上海·市区(中新派),螃(螃),[空],baon6(bɑ̃¹¹³),暂无
上海·市区(中新派),鳑(鰟),~鲏鱼,baon6(bɑ̃¹¹³),暂无
上海·市区(中新派),庞(龐),[空],baon6(bɑ̃¹¹³),暂无
上海·市区(中新派),棒(棒),[空],baon6(bɑ̃¹¹³),暂无
上海·市区(中新派),忙(忙),[空],maon6(mɑ̃¹¹³),暂无
上海·市区(中新派),芒(芒),[空],maon6(mɑ̃¹¹³),暂无
上海·市区(中新派),茫(茫),[空],maon6(mɑ̃¹¹³),暂无
上海·市区(中新派),硭(硭),[空],maon6(mɑ̃¹¹³),暂无
上海·市区(中新派),盲(盲),[空],maon6(mɑ̃¹¹³),暂无
上海·市区(中新派),氓(氓),[空],maon6(mɑ̃¹¹³),暂无
上海·市区(中新派),虻(虻),[空],maon6(mɑ̃¹¹³),暂无
上海·市区(中新派),莽(莽),[空],maon6(mɑ̃¹¹³),暂无
上海·市区(中新派),蟒(蟒),[空],maon6(mɑ̃¹¹³),暂无
上海·市区(中新派),亡(亡),关~,maon6(mɑ̃¹¹³),暂无
上海·市区(中新派),网(網),[空],maon6(mɑ̃¹¹³),暂无
上海·市区(中新派),罔(罔),[空],maon6(mɑ̃¹¹³),暂无
上海·市区(中新派),魍(魍),~魉,maon6(mɑ̃¹¹³),暂无
上海·市区(中新派),忘(忘),白,maon6(mɑ̃¹¹³),暂无
上海·市区(中新派),妄(妄),白,maon6(mɑ̃¹¹³),暂无
上海·市区(中新派),望(望),白,maon6(mɑ̃¹¹³),暂无
上海·市区(中新派),懵(懵),[空],maon6(mɑ̃¹¹³),暂无
上海·市区(中新派),梦(夢),[空],maon6(mɑ̃¹¹³),暂无
上海·市区(中新派),𥭚(𥭚),~板，造房时铺在椽子上的薄砖,maon6(mɑ̃¹¹³),暂无
上海·市区(中新派),方(方),[空],faon1(fɑ̃⁵³),暂无
上海·市区(中新派),坊(坊),[空],faon1(fɑ̃⁵³),暂无
上海·市区(中新派),芳(芳),[空],faon1(fɑ̃⁵³),暂无
上海·市区(中新派),房(房),过~，过继,faon1(fɑ̃⁵³),暂无
上海·市区(中新派),肪(肪),[空],faon1(fɑ̃⁵³),暂无
上海·市区(中新派),枋(枋),[空],faon1(fɑ̃⁵³),暂无
上海·市区(中新派),仿(仿),[空],faon5(fɑ̃³³⁴),暂无
上海·市区(中新派),纺(紡),[空],faon5(fɑ̃³³⁴),暂无
上海·市区(中新派),访(訪),[空],faon5(fɑ̃³³⁴),暂无
上海·市区(中新派),妨(妨),[空],faon5(fɑ̃³³⁴),暂无
上海·市区(中新派),放(放),[空],faon5(fɑ̃³³⁴),暂无
上海·市区(中新派),舫(舫),[空],faon5(fɑ̃³³⁴),暂无
上海·市区(中新派),防(防),文,vaon6(vɑ̃¹¹³),暂无
上海·市区(中新派),房(房),[空],vaon6(vɑ̃¹¹³),暂无
上海·市区(中新派),当(當),应~,taon1(tɑ̃⁵³),暂无
上海·市区(中新派),当(噹),[空],taon1(tɑ̃⁵³),暂无
上海·市区(中新派),铛(鐺),[空],taon1(tɑ̃⁵³),暂无
上海·市区(中新派),珰(璫),[空],taon1(tɑ̃⁵³),暂无
上海·市区(中新派),裆(襠),[空],taon1(tɑ̃⁵³),暂无
上海·市区(中新派),党(黨),[空],taon5(tɑ̃³³⁴),暂无
上海·市区(中新派),挡(擋),[空],taon5(tɑ̃³³⁴),暂无
上海·市区(中新派),当(當),妥~,taon5(tɑ̃³³⁴),暂无
上海·市区(中新派),檔(檔),[空],taon5(tɑ̃³³⁴),暂无
上海·市区(中新派),汤(湯),[空],thaon1(tʰɑ̃⁵³),暂无
上海·市区(中新派),𢴳(𢴳),~牢飞来个球，挡住,thaon1(tʰɑ̃⁵³),暂无
上海·市区(中新派),倘(倘),[空],thaon5(tʰɑ̃³³⁴),暂无
上海·市区(中新派),躺(躺),[空],thaon5(tʰɑ̃³³⁴),暂无
上海·市区(中新派),淌(淌),[空],thaon5(tʰɑ̃³³⁴),暂无
上海·市区(中新派),趟(趟),[空],thaon5(tʰɑ̃³³⁴),暂无
上海·市区(中新派),烫(燙),[空],thaon5(tʰɑ̃³³⁴),暂无
上海·市区(中新派),唐(唐),[空],daon6(dɑ̃¹¹³),暂无
上海·市区(中新派),糖(糖),[空],daon6(dɑ̃¹¹³),暂无
上海·市区(中新派),塘(塘),[空],daon6(dɑ̃¹¹³),暂无
上海·市区(中新派),堂(堂),[空],daon6(dɑ̃¹¹³),暂无
上海·市区(中新派),棠(棠),[空],daon6(dɑ̃¹¹³),暂无
上海·市区(中新派),膛(膛),[空],daon6(dɑ̃¹¹³),暂无
上海·市区(中新派),樘(樘),门~子，门框,daon6(dɑ̃¹¹³),暂无
上海·市区(中新派),傥(儻),~吃，店堂。白,daon6(dɑ̃¹¹³),暂无
上海·市区(中新派),搪(搪),[空],daon6(dɑ̃¹¹³),暂无
上海·市区(中新派),溏(溏),~薄,daon6(dɑ̃¹¹³),暂无
上海·市区(中新派),螳(螳),[空],daon6(dɑ̃¹¹³),暂无
上海·市区(中新派),荡(蕩),[空],daon6(dɑ̃¹¹³),暂无
上海·市区(中新派),宕(宕),[空],daon6(dɑ̃¹¹³),暂无
上海·市区(中新派),砀(碭),~山，爬,daon6(dɑ̃¹¹³),暂无
上海·市区(中新派),趤(趤),[空],daon6(dɑ̃¹¹³),暂无
上海·市区(中新派),婸(婸),~孛相，淫戏,daon6(dɑ̃¹¹³),暂无
上海·市区(中新派),囊(囊),[空],naon6(nɑ̃¹¹³),暂无
上海·市区(中新派),攮(攮),[空],naon6(nɑ̃¹¹³),暂无
上海·市区(中新派),曩(曩),[空],naon6(nɑ̃¹¹³),暂无
上海·市区(中新派),瓤(瓤),[空],naon6(nɑ̃¹¹³),暂无
上海·市区(中新派),誏(誏),~声，闲言,laon1(lɑ̃⁵³),暂无
上海·市区(中新派),郎(郎),[空],laon6(lɑ̃¹¹³),暂无
上海·市区(中新派),廊(廊),[空],laon6(lɑ̃¹¹³),暂无
上海·市区(中新派),狼(狼),[空],laon6(lɑ̃¹¹³),暂无
上海·市区(中新派),榔(榔),[空],laon6(lɑ̃¹¹³),暂无
上海·市区(中新派),琅(瑯),[空],laon6(lɑ̃¹¹³),暂无
上海·市区(中新派),锒(鋃),[空],laon6(lɑ̃¹¹³),暂无
上海·市区(中新派),朗(朗),[空],laon6(lɑ̃¹¹³),暂无
上海·市区(中新派),浪(浪),[空],laon6(lɑ̃¹¹³),暂无
上海·市区(中新派),螂(螂),[空],laon6(lɑ̃¹¹³),暂无
上海·市区(中新派),㫰(㫰),~衣裳，晾,laon6(lɑ̃¹¹³),暂无
上海·市区(中新派),𧻴(𧻴),趤，逸游,laon6(lɑ̃¹¹³),暂无
上海·市区(中新派),臧(臧),[空],tsaon1(tsɑ̃⁵³),暂无
上海·市区(中新派),赃(贓),[空],tsaon1(tsɑ̃⁵³),暂无
上海·市区(中新派),脏(髒),肮~,tsaon1(tsɑ̃⁵³),暂无
上海·市区(中新派),章(章),[空],tsaon1(tsɑ̃⁵³),暂无
上海·市区(中新派),樟(樟),[空],tsaon1(tsɑ̃⁵³),暂无
上海·市区(中新派),漳(漳),[空],tsaon1(tsɑ̃⁵³),暂无
上海·市区(中新派),彰(彰),[空],tsaon1(tsɑ̃⁵³),暂无
上海·市区(中新派),璋(璋),[空],tsaon1(tsɑ̃⁵³),暂无
上海·市区(中新派),蟑(蟑),[空],tsaon1(tsɑ̃⁵³),暂无
上海·市区(中新派),獐(獐),[空],tsaon1(tsɑ̃⁵³),暂无
上海·市区(中新派),庄(莊),[空],tsaon1(tsɑ̃⁵³),暂无
上海·市区(中新派),装(裝),[空],tsaon1(tsɑ̃⁵³),暂无
上海·市区(中新派),妆(妝),[空],tsaon1(tsɑ̃⁵³),暂无
上海·市区(中新派),桩(樁),[空],tsaon1(tsɑ̃⁵³),暂无
上海·市区(中新派),葬(葬),[空],tsaon5(tsɑ̃³³⁴),暂无
上海·市区(中新派),掌(掌),[空],tsaon5(tsɑ̃³³⁴),暂无
上海·市区(中新派),障(障),[空],tsaon5(tsɑ̃³³⁴),暂无
上海·市区(中新派),瘴(瘴),[空],tsaon5(tsɑ̃³³⁴),暂无
上海·市区(中新派),壮(壯),[空],tsaon5(tsɑ̃³³⁴),暂无
上海·市区(中新派),焋(焋),[空],tsaon5(tsɑ̃³³⁴),暂无
上海·市区(中新派),嶂(嶂),[空],tsaon5(tsɑ̃³³⁴),暂无
上海·市区(中新派),仓(倉),[空],tshaon1(tsʰɑ̃⁵³),暂无
上海·市区(中新派),苍(蒼),[空],tshaon1(tsʰɑ̃⁵³),暂无
上海·市区(中新派),舱(艙),[空],tshaon1(tsʰɑ̃⁵³),暂无
上海·市区(中新派),沧(滄),[空],tshaon1(tsʰɑ̃⁵³),暂无
上海·市区(中新派),昌(昌),[空],tshaon1(tsʰɑ̃⁵³),暂无
上海·市区(中新派),倡(倡),~优,tshaon1(tsʰɑ̃⁵³),暂无
上海·市区(中新派),猖(猖),[空],tshaon1(tsʰɑ̃⁵³),暂无
上海·市区(中新派),鲳(鯧),[空],tshaon1(tsʰɑ̃⁵³),暂无
上海·市区(中新派),阊(閶),[空],tshaon1(tsʰɑ̃⁵³),暂无
上海·市区(中新派),菖(菖),[空],tshaon1(tsʰɑ̃⁵³),暂无
上海·市区(中新派),窗(窗),[空],tshaon1(tsʰɑ̃⁵³),暂无
上海·市区(中新派),疮(瘡),[空],tshaon1(tsʰɑ̃⁵³),暂无
上海·市区(中新派),唱(唱),[空],tshaon5(tsʰɑ̃³³⁴),暂无
上海·市区(中新派),倡(倡),提~,tshaon5(tsʰɑ̃³³⁴),暂无
上海·市区(中新派),闯(闖),[空],tshaon5(tsʰɑ̃³³⁴),暂无
上海·市区(中新派),创(創),[空],tshaon5(tsʰɑ̃³³⁴),暂无
上海·市区(中新派),怆(愴),[空],tshaon5(tsʰɑ̃³³⁴),暂无
上海·市区(中新派),桑(桑),[空],saon1(sɑ̃⁵³),暂无
上海·市区(中新派),丧(喪),~事,saon1(sɑ̃⁵³),暂无
上海·市区(中新派),商(商),[空],saon1(sɑ̃⁵³),暂无
上海·市区(中新派),墑(墑),[空],saon1(sɑ̃⁵³),暂无
上海·市区(中新派),伤(傷),[空],saon1(sɑ̃⁵³),暂无
上海·市区(中新派),霜(霜),[空],saon1(sɑ̃⁵³),暂无
上海·市区(中新派),双(雙),[空],saon1(sɑ̃⁵³),暂无
上海·市区(中新派),孀(孀),[空],saon1(sɑ̃⁵³),暂无
上海·市区(中新派),嗓(嗓),[空],saon5(sɑ̃³³⁴),暂无
上海·市区(中新派),搡(搡),[空],saon5(sɑ̃³³⁴),暂无
上海·市区(中新派),磉(磉),[空],saon5(sɑ̃³³⁴),暂无
上海·市区(中新派),丧(喪),~失,saon5(sɑ̃³³⁴),暂无
上海·市区(中新派),赏(賞),[空],saon5(sɑ̃³³⁴),暂无
上海·市区(中新派),爽(爽),[空],saon5(sɑ̃³³⁴),暂无
上海·市区(中新派),藏(藏),[空],zaon6(zɑ̃¹¹³),暂无
上海·市区(中新派),脏(臟),内~,zaon6(zɑ̃¹¹³),暂无
上海·市区(中新派),尝(嘗),[空],zaon6(zɑ̃¹¹³),暂无
上海·市区(中新派),偿(償),[空],zaon6(zɑ̃¹¹³),暂无
上海·市区(中新派),裳(裳),[空],zaon6(zɑ̃¹¹³),暂无
上海·市区(中新派),上(上),[空],zaon6(zɑ̃¹¹³),暂无
上海·市区(中新派),尚(尚),[空],zaon6(zɑ̃¹¹³),暂无
上海·市区(中新派),绱(緔),[空],zaon6(zɑ̃¹¹³),暂无
上海·市区(中新派),床(牀),[空],zaon6(zɑ̃¹¹³),暂无
上海·市区(中新派),幢(幢),[空],zaon6(zɑ̃¹¹³),暂无
上海·市区(中新派),状(狀),[空],zaon6(zɑ̃¹¹³),暂无
上海·市区(中新派),撞(撞),[空],zaon6(zɑ̃¹¹³),暂无
上海·市区(中新派),壮(壯),~族,zaon6(zɑ̃¹¹³),暂无
上海·市区(中新派),刚(剛),[空],kaon1(kɑ̃⁵³),暂无
上海·市区(中新派),冈(岡),[空],kaon1(kɑ̃⁵³),暂无
上海·市区(中新派),钢(鋼),[空],kaon1(kɑ̃⁵³),暂无
上海·市区(中新派),纲(綱),[空],kaon1(kɑ̃⁵³),暂无
上海·市区(中新派),缸(缸),[空],kaon1(kɑ̃⁵³),暂无
上海·市区(中新派),肛(肛),[空],kaon1(kɑ̃⁵³),暂无
上海·市区(中新派),扛(扛),[空],kaon1(kɑ̃⁵³),暂无
上海·市区(中新派),豇(豇),[空],kaon1(kɑ̃⁵³),暂无
上海·市区(中新派),江(江),白,kaon1(kɑ̃⁵³),暂无
上海·市区(中新派),港(港),[空],kaon5(kɑ̃³³⁴),暂无
上海·市区(中新派),岗(崗),[空],kaon5(kɑ̃³³⁴),暂无
上海·市区(中新派),杠(杠),[空],kaon5(kɑ̃³³⁴),暂无
上海·市区(中新派),讲(講),白,kaon5(kɑ̃³³⁴),暂无
上海·市区(中新派),降(降),~落。白,kaon5(kɑ̃³³⁴),暂无
上海·市区(中新派),虹(虹),[空],kaon5(kɑ̃³³⁴),暂无
上海·市区(中新派),康(康),[空],khaon1(kʰɑ̃⁵³),暂无
上海·市区(中新派),糠(糠),[空],khaon1(kʰɑ̃⁵³),暂无
上海·市区(中新派),炕(炕),[空],khaon1(kʰɑ̃⁵³),暂无
上海·市区(中新派),坑(坑),[空],khaon1(kʰɑ̃⁵³),暂无
上海·市区(中新派),慷(慷),[空],khaon5(kʰɑ̃³³⁴),暂无
上海·市区(中新派),抗(抗),[空],khaon5(kʰɑ̃³³⁴),暂无
上海·市区(中新派),亢(亢),[空],khaon5(kʰɑ̃³³⁴),暂无
上海·市区(中新派),伉(伉),[空],khaon5(kʰɑ̃³³⁴),暂无
上海·市区(中新派),吭(吭),[空],khaon5(kʰɑ̃³³⁴),暂无
上海·市区(中新派),囥(囥),~物事，藏,khaon5(kʰɑ̃³³⁴),暂无
上海·市区(中新派),戆(戇),[空],gaon6(gɑ̃¹¹³),暂无
上海·市区(中新派),昂(昂),[空],ngaon6(ŋɑ̃¹¹³),暂无
上海·市区(中新派),𩠾(𩠾),气急~~，喘气,haon1(hɑ̃⁵³),暂无
上海·市区(中新派),行(行),银~。白,ghaon6(ɦɑ̃¹¹³),暂无
上海·市区(中新派),杭(杭),[空],ghaon6(ɦɑ̃¹¹³),暂无
上海·市区(中新派),航(航),[空],ghaon6(ɦɑ̃¹¹³),暂无
上海·市区(中新派),降(降),投~,ghaon6(ɦɑ̃¹¹³),暂无
上海·市区(中新派),项(項),[空],ghaon6(ɦɑ̃¹¹³),暂无
上海·市区(中新派),巷(巷),[空],ghaon6(ɦɑ̃¹¹³),暂无
上海·市区(中新派),绗(絎),~两针，缝,ghaon6(ɦɑ̃¹¹³),暂无
上海·市区(中新派),肮(骯),~脏,aon1(ɑ̃⁵³),暂无
上海·市区(中新派),盎(盎),[空],aon5(ɑ̃³³⁴),暂无
上海·市区(中新派),旺(旺),白,yaon6(ɦiɑ̃¹¹³),暂无
上海·市区(中新派),光(光),[空],kuaon1(kuɑ̃⁵³),暂无
上海·市区(中新派),洸(洸),[空],kuaon1(kuɑ̃⁵³),暂无
上海·市区(中新派),胱(胱),膀~,kuaon1(kuɑ̃⁵³),暂无
上海·市区(中新派),广(廣),[空],kuaon5(kuɑ̃³³⁴),暂无
上海·市区(中新派),逛(逛),[空],kuaon5(kuɑ̃³³⁴),暂无
上海·市区(中新派),邝(鄺),[空],kuaon5(kuɑ̃³³⁴),暂无
上海·市区(中新派),匡(匡),[空],khuaon1(kʰuɑ̃⁵³),暂无
上海·市区(中新派),筐(筐),[空],khuaon1(kʰuɑ̃⁵³),暂无
上海·市区(中新派),眶(眶),[空],khuaon1(kʰuɑ̃⁵³),暂无
上海·市区(中新派),桄(桄),一~线，量词,khuaon1(kʰuɑ̃⁵³),暂无
上海·市区(中新派),旷(曠),[空],khuaon5(kʰuɑ̃³³⁴),暂无
上海·市区(中新派),矿(礦),[空],khuaon5(kʰuɑ̃³³⁴),暂无
上海·市区(中新派),况(況),[空],khuaon5(kʰuɑ̃³³⁴),暂无
上海·市区(中新派),狂(狂),[空],guaon6(guɑ̃¹¹³),暂无
上海·市区(中新派),逛(逛),[空],guaon6(guɑ̃¹¹³),暂无
上海·市区(中新派),诳(誑),[空],guaon6(guɑ̃¹¹³),暂无
上海·市区(中新派),荒(荒),[空],huaon1(huɑ̃⁵³),暂无
上海·市区(中新派),慌(慌),[空],huaon1(huɑ̃⁵³),暂无
上海·市区(中新派),肓(肓),[空],huaon1(huɑ̃⁵³),暂无
上海·市区(中新派),黄(黃),蛋~,huaon1(huɑ̃⁵³),暂无
上海·市区(中新派),谎(謊),[空],huaon5(huɑ̃³³⁴),暂无
上海·市区(中新派),恍(恍),[空],huaon5(huɑ̃³³⁴),暂无
上海·市区(中新派),晃(晃),[空],huaon5(huɑ̃³³⁴),暂无
上海·市区(中新派),幌(幌),[空],huaon5(huɑ̃³³⁴),暂无
上海·市区(中新派),况(況),[空],huaon5(huɑ̃³³⁴),暂无
上海·市区(中新派),狂(狂),[空],waon6(ɦuɑ̃¹¹³),暂无
上海·市区(中新派),黄(黃),[空],waon6(ɦuɑ̃¹¹³),暂无
上海·市区(中新派),簧(簧),[空],waon6(ɦuɑ̃¹¹³),暂无
上海·市区(中新派),蝗(蝗),[空],waon6(ɦuɑ̃¹¹³),暂无
上海·市区(中新派),璜(璜),[空],waon6(ɦuɑ̃¹¹³),暂无
上海·市区(中新派),蟥(蟥),[空],waon6(ɦuɑ̃¹¹³),暂无
上海·市区(中新派),潢(潢),[空],waon6(ɦuɑ̃¹¹³),暂无
上海·市区(中新派),磺(磺),[空],waon6(ɦuɑ̃¹¹³),暂无
上海·市区(中新派),皇(皇),[空],waon6(ɦuɑ̃¹¹³),暂无
上海·市区(中新派),煌(煌),[空],waon6(ɦuɑ̃¹¹³),暂无
上海·市区(中新派),隍(隍),[空],waon6(ɦuɑ̃¹¹³),暂无
上海·市区(中新派),惶(惶),[空],waon6(ɦuɑ̃¹¹³),暂无
上海·市区(中新派),凰(凰),[空],waon6(ɦuɑ̃¹¹³),暂无
上海·市区(中新派),徨(徨),[空],waon6(ɦuɑ̃¹¹³),暂无
上海·市区(中新派),亡(亡),[空],waon6(ɦuɑ̃¹¹³),暂无
上海·市区(中新派),王(王),[空],waon6(ɦuɑ̃¹¹³),暂无
上海·市区(中新派),网(網),文,waon6(ɦuɑ̃¹¹³),暂无
上海·市区(中新派),妄(妄),文,waon6(ɦuɑ̃¹¹³),暂无
上海·市区(中新派),忘(忘),文,waon6(ɦuɑ̃¹¹³),暂无
上海·市区(中新派),望(望),文,waon6(ɦuɑ̃¹¹³),暂无
上海·市区(中新派),旺(旺),文,waon6(ɦuɑ̃¹¹³),暂无
上海·市区(中新派),𤮏(𤮏),砖~，小瓦,waon6(ɦuɑ̃¹¹³),暂无
上海·市区(中新派),汪(汪),[空],uaon1(uɑ̃⁵³),暂无
上海·市区(中新派),枉(枉),[空],uaon5(uɑ̃³³⁴),暂无
上海·市区(中新派),往(往),[空],uaon5(uɑ̃³³⁴),暂无
上海·市区(中新派),奔(奔),[空],pen1(pən⁵³),暂无
上海·市区(中新派),贲(賁),[空],pen1(pən⁵³),暂无
上海·市区(中新派),畚(畚),~垃圾，~箕,pen1(pən⁵³),暂无
上海·市区(中新派),崩(崩),文,pen1(pən⁵³),暂无
上海·市区(中新派),本(本),[空],pen5(pən³³⁴),暂无
上海·市区(中新派),苯(苯),[空],pen5(pən³³⁴),暂无
上海·市区(中新派),喷(噴),[空],phen1(pʰən⁵³),暂无
上海·市区(中新派),烹(烹),[空],phen1(pʰən⁵³),暂无
上海·市区(中新派),怦(怦),[空],phen1(pʰən⁵³),暂无
上海·市区(中新派),砰(砰),[空],phen1(pʰən⁵³),暂无
上海·市区(中新派),抨(抨),[空],phen1(pʰən⁵³),暂无
上海·市区(中新派),盆(盆),[空],ben6(bən¹¹³),暂无
上海·市区(中新派),笨(笨),[空],ben6(bən¹¹³),暂无
上海·市区(中新派),坌(坌),~地,ben6(bən¹¹³),暂无
上海·市区(中新派),闷(悶),[空],men1(mən⁵³),暂无
上海·市区(中新派),猛(猛),文,men5(mən³³⁴),暂无
上海·市区(中新派),门(門),[空],men6(mən¹¹³),暂无
上海·市区(中新派),扪(捫),[空],men6(mən¹¹³),暂无
上海·市区(中新派),懑(懣),[空],men6(mən¹¹³),暂无
上海·市区(中新派),蚊(蚊),白,men6(mən¹¹³),暂无
上海·市区(中新派),问(問),白,men6(mən¹¹³),暂无
上海·市区(中新派),闻(聞),白,men6(mən¹¹³),暂无
上海·市区(中新派),盟(盟),[空],men6(mən¹¹³),暂无
上海·市区(中新派),萌(萌),[空],men6(mən¹¹³),暂无
上海·市区(中新派),分(分),[空],fen1(fən⁵³),暂无
上海·市区(中新派),吩(吩),~咐,fen1(fən⁵³),暂无
上海·市区(中新派),芬(芬),[空],fen1(fən⁵³),暂无
上海·市区(中新派),纷(紛),[空],fen1(fən⁵³),暂无
上海·市区(中新派),氛(氛),[空],fen1(fən⁵³),暂无
上海·市区(中新派),畚(畚),~箕,fen1(fən⁵³),暂无
上海·市区(中新派),粉(粉),[空],fen5(fən³³⁴),暂无
上海·市区(中新派),粪(糞),[空],fen5(fən³³⁴),暂无
上海·市区(中新派),奋(奮),[空],fen5(fən³³⁴),暂无
上海·市区(中新派),愤(憤),[空],fen5(fən³³⁴),暂无
上海·市区(中新派),忿(忿),[空],fen5(fən³³⁴),暂无
上海·市区(中新派),汾(汾),[空],fen5(fən³³⁴),暂无
上海·市区(中新派),焚(焚),[空],ven6(vən¹¹³),暂无
上海·市区(中新派),坟(墳),[空],ven6(vən¹¹³),暂无
上海·市区(中新派),愤(憤),[空],ven6(vən¹¹³),暂无
上海·市区(中新派),忿(忿),[空],ven6(vən¹¹³),暂无
上海·市区(中新派),份(份),本~,ven6(vən¹¹³),暂无
上海·市区(中新派),文(文),[空],ven6(vən¹¹³),暂无
上海·市区(中新派),纹(紋),[空],ven6(vən¹¹³),暂无
上海·市区(中新派),蚊(蚊),文,ven6(vən¹¹³),暂无
上海·市区(中新派),问(問),文,ven6(vən¹¹³),暂无
上海·市区(中新派),闻(聞),文,ven6(vən¹¹³),暂无
上海·市区(中新派),雯(雯),[空],ven6(vən¹¹³),暂无
上海·市区(中新派),吻(吻),[空],ven6(vən¹¹³),暂无
上海·市区(中新派),紊(紊),[空],ven6(vən¹¹³),暂无
上海·市区(中新派),刎(刎),[空],ven6(vən¹¹³),暂无
上海·市区(中新派),敦(敦),[空],ten1(tən⁵³),暂无
上海·市区(中新派),墩(墩),[空],ten1(tən⁵³),暂无
上海·市区(中新派),礅(礅),[空],ten1(tən⁵³),暂无
上海·市区(中新派),蹲(蹲),[空],ten1(tən⁵³),暂无
上海·市区(中新派),登(登),[空],ten1(tən⁵³),暂无
上海·市区(中新派),蹬(蹬),[空],ten1(tən⁵³),暂无
上海·市区(中新派),灯(燈),[空],ten1(tən⁵³),暂无
上海·市区(中新派),瞪(瞪),[空],ten1(tən⁵³),暂无
上海·市区(中新派),驐(驐),~鸡，阉割,ten1(tən⁵³),暂无
上海·市区(中新派),盹(盹),[空],ten5(tən³³⁴),暂无
上海·市区(中新派),趸(躉),[空],ten5(tən³³⁴),暂无
上海·市区(中新派),顿(頓),[空],ten5(tən³³⁴),暂无
上海·市区(中新派),炖(燉),[空],ten5(tən³³⁴),暂无
上海·市区(中新派),吨(噸),[空],ten5(tən³³⁴),暂无
上海·市区(中新派),等(等),[空],ten5(tən³³⁴),暂无
上海·市区(中新派),戥(戥),[空],ten5(tən³³⁴),暂无
上海·市区(中新派),凳(凳),[空],ten5(tən³³⁴),暂无
上海·市区(中新派),镫(鐙),[空],ten5(tən³³⁴),暂无
上海·市区(中新派),磴(磴),[空],ten5(tən³³⁴),暂无
上海·市区(中新派),膯(膯),~食。积食,ten5(tən³³⁴),暂无
上海·市区(中新派),憕(憕),眼睛~牢勿动,ten5(tən³³⁴),暂无
上海·市区(中新派),吞(吞),[空],then1(tʰən⁵³),暂无
上海·市区(中新派),听(聽),~着气味，气味袭人,then1(tʰən⁵³),暂无
上海·市区(中新派),氽(氽),[空],then5(tʰən³³⁴),暂无
上海·市区(中新派),㶒(㶒),水~发~发，荡漾,then5(tʰən³³⁴),暂无
上海·市区(中新派),屯(屯),[空],den6(dən¹¹³),暂无
上海·市区(中新派),豚(豚),[空],den6(dən¹¹³),暂无
上海·市区(中新派),臀(臀),[空],den6(dən¹¹³),暂无
上海·市区(中新派),饨(飩),馄~,den6(dən¹¹³),暂无
上海·市区(中新派),囤(囤),[空],den6(dən¹¹³),暂无
上海·市区(中新派),沌(沌),[空],den6(dən¹¹³),暂无
上海·市区(中新派),盾(盾),[空],den6(dən¹¹³),暂无
上海·市区(中新派),钝(鈍),[空],den6(dən¹¹³),暂无
上海·市区(中新派),遁(遁),[空],den6(dən¹¹³),暂无
上海·市区(中新派),滕(滕),[空],den6(dən¹¹³),暂无
上海·市区(中新派),藤(藤),[空],den6(dən¹¹³),暂无
上海·市区(中新派),誊(謄),[空],den6(dən¹¹³),暂无
上海·市区(中新派),疼(疼),[空],den6(dən¹¹³),暂无
上海·市区(中新派),腾(騰),[空],den6(dən¹¹³),暂无
上海·市区(中新派),邓(鄧),[空],den6(dən¹¹³),暂无
上海·市区(中新派),嫩(嫩),[空],nen6(nən¹¹³),暂无
上海·市区(中新派),能(能),[空],nen6(nən¹¹³),暂无
上海·市区(中新派),抡(掄),[空],len1(lən⁵³),暂无
上海·市区(中新派),楞(楞),[空],len1(lən⁵³),暂无
上海·市区(中新派),扔(扔),[空],len1(lən⁵³),暂无
上海·市区(中新派),刃(刃),文,len6(lən¹¹³),暂无
上海·市区(中新派),仑(侖),[空],len6(lən¹¹³),暂无
上海·市区(中新派),轮(輪),[空],len6(lən¹¹³),暂无
上海·市区(中新派),伦(倫),[空],len6(lən¹¹³),暂无
上海·市区(中新派),纶(綸),[空],len6(lən¹¹³),暂无
上海·市区(中新派),沦(淪),[空],len6(lən¹¹³),暂无
上海·市区(中新派),埨(埨),~头,len6(lən¹¹³),暂无
上海·市区(中新派),囵(圇),囫~,len6(lən¹¹³),暂无
上海·市区(中新派),论(論),[空],len6(lən¹¹³),暂无
上海·市区(中新派),棱(棱),[空],len6(lən¹¹³),暂无
上海·市区(中新派),砧(砧),[空],tsen1(tsən⁵³),暂无
上海·市区(中新派),针(針),[空],tsen1(tsən⁵³),暂无
上海·市区(中新派),斟(斟),[空],tsen1(tsən⁵³),暂无
上海·市区(中新派),箴(箴),[空],tsen1(tsən⁵³),暂无
上海·市区(中新派),珍(珍),[空],tsen1(tsən⁵³),暂无
上海·市区(中新派),榛(榛),[空],tsen1(tsən⁵³),暂无
上海·市区(中新派),臻(臻),[空],tsen1(tsən⁵³),暂无
上海·市区(中新派),真(真),[空],tsen1(tsən⁵³),暂无
上海·市区(中新派),甄(甄),[空],tsen1(tsən⁵³),暂无
上海·市区(中新派),贞(貞),[空],tsen1(tsən⁵³),暂无
上海·市区(中新派),祯(禎),[空],tsen1(tsən⁵³),暂无
上海·市区(中新派),桢(楨),[空],tsen1(tsən⁵³),暂无
上海·市区(中新派),侦(偵),[空],tsen1(tsən⁵³),暂无
上海·市区(中新派),诊(診),[空],tsen1(tsən⁵³),暂无
上海·市区(中新派),尊(尊),[空],tsen1(tsən⁵³),暂无
上海·市区(中新派),樽(樽),[空],tsen1(tsən⁵³),暂无
上海·市区(中新派),遵(遵),[空],tsen1(tsən⁵³),暂无
上海·市区(中新派),谆(諄),[空],tsen1(tsən⁵³),暂无
上海·市区(中新派),肫(肫),鸡~,tsen1(tsən⁵³),暂无
上海·市区(中新派),增(增),[空],tsen1(tsən⁵³),暂无
上海·市区(中新派),憎(憎),[空],tsen1(tsən⁵³),暂无
上海·市区(中新派),曾(曾),姓,tsen1(tsən⁵³),暂无
上海·市区(中新派),甑(甑),[空],tsen1(tsən⁵³),暂无
上海·市区(中新派),蒸(蒸),[空],tsen1(tsən⁵³),暂无
上海·市区(中新派),征(徵),[空],tsen1(tsən⁵³),暂无
上海·市区(中新派),争(爭),文,tsen1(tsən⁵³),暂无
上海·市区(中新派),睁(睜),文,tsen1(tsən⁵³),暂无
上海·市区(中新派),狰(猙),[空],tsen1(tsən⁵³),暂无
上海·市区(中新派),筝(箏),[空],tsen1(tsən⁵³),暂无
上海·市区(中新派),正(正),~月,tsen1(tsən⁵³),暂无
上海·市区(中新派),征(征),[空],tsen1(tsən⁵³),暂无
上海·市区(中新派),挣(掙),[空],tsen1(tsən⁵³),暂无
上海·市区(中新派),㲀(㲀),~紧，敲击,tsen1(tsən⁵³),暂无
上海·市区(中新派),枕(枕),[空],tsen5(tsən³³⁴),暂无
上海·市区(中新派),诊(診),[空],tsen5(tsən³³⁴),暂无
上海·市区(中新派),疹(疹),[空],tsen5(tsən³³⁴),暂无
上海·市区(中新派),镇(鎮),[空],tsen5(tsən³³⁴),暂无
上海·市区(中新派),振(振),[空],tsen5(tsən³³⁴),暂无
上海·市区(中新派),震(震),[空],tsen5(tsən³³⁴),暂无
上海·市区(中新派),赈(賑),[空],tsen5(tsən³³⁴),暂无
上海·市区(中新派),圳(圳),[空],tsen5(tsən³³⁴),暂无
上海·市区(中新派),凖(凖),[空],tsen5(tsən³³⁴),暂无
上海·市区(中新派),拯(拯),[空],tsen5(tsən³³⁴),暂无
上海·市区(中新派),整(整),[空],tsen5(tsən³³⁴),暂无
上海·市区(中新派),证(證),[空],tsen5(tsən³³⁴),暂无
上海·市区(中新派),症(症),[空],tsen5(tsən³³⁴),暂无
上海·市区(中新派),帧(幀),[空],tsen5(tsən³³⁴),暂无
上海·市区(中新派),正(正),[空],tsen5(tsən³³⁴),暂无
上海·市区(中新派),政(政),[空],tsen5(tsən³³⁴),暂无
上海·市区(中新派),怎(怎),[空],tsen5(tsən³³⁴),暂无
上海·市区(中新派),黰(黰),霉~气,tsen5(tsən³³⁴),暂无
上海·市区(中新派),参(參),~差,tshen1(tsʰən⁵³),暂无
上海·市区(中新派),琛(琛),[空],tshen1(tsʰən⁵³),暂无
上海·市区(中新派),嗔(嗔),[空],tshen1(tsʰən⁵³),暂无
上海·市区(中新派),瞋(瞋),[空],tshen1(tsʰən⁵³),暂无
上海·市区(中新派),村(村),[空],tshen1(tsʰən⁵³),暂无
上海·市区(中新派),皴(皴),[空],tshen1(tsʰən⁵³),暂无
上海·市区(中新派),椿(椿),[空],tshen1(tsʰən⁵³),暂无
上海·市区(中新派),春(春),[空],tshen1(tsʰən⁵³),暂无
上海·市区(中新派),称(稱),~号,tshen1(tsʰən⁵³),暂无
上海·市区(中新派),瞠(瞠),[空],tshen1(tsʰən⁵³),暂无
上海·市区(中新派),趁(趁),[空],tshen5(tsʰən³³⁴),暂无
上海·市区(中新派),衬(襯),[空],tshen5(tsʰən³³⁴),暂无
上海·市区(中新派),称(稱),相~,tshen5(tsʰən³³⁴),暂无
上海·市区(中新派),碜(磣),[空],tshen5(tsʰən³³⁴),暂无
上海·市区(中新派),寸(寸),[空],tshen5(tsʰən³³⁴),暂无
上海·市区(中新派),忖(忖),[空],tshen5(tsʰən³³⁴),暂无
上海·市区(中新派),蠢(蠢),[空],tshen5(tsʰən³³⁴),暂无
上海·市区(中新派),逞(逞),[空],tshen5(tsʰən³³⁴),暂无
上海·市区(中新派),骋(騁),[空],tshen5(tsʰən³³⁴),暂无
上海·市区(中新派),秤(秤),[空],tshen5(tsʰən³³⁴),暂无
上海·市区(中新派),森(森),[空],sen1(sən⁵³),暂无
上海·市区(中新派),参(參),人~,sen1(sən⁵³),暂无
上海·市区(中新派),深(深),[空],sen1(sən⁵³),暂无
上海·市区(中新派),身(身),[空],sen1(sən⁵³),暂无
上海·市区(中新派),申(申),[空],sen1(sən⁵³),暂无
上海·市区(中新派),呻(呻),[空],sen1(sən⁵³),暂无
上海·市区(中新派),伸(伸),[空],sen1(sən⁵³),暂无
上海·市区(中新派),绅(紳),[空],sen1(sən⁵³),暂无
上海·市区(中新派),狲(猻),[空],sen1(sən⁵³),暂无
上海·市区(中新派),孙(孫),[空],sen1(sən⁵³),暂无
上海·市区(中新派),僧(僧),[空],sen1(sən⁵³),暂无
上海·市区(中新派),升(升),[空],sen1(sən⁵³),暂无
上海·市区(中新派),生(生),文,sen1(sən⁵³),暂无
上海·市区(中新派),甥(甥),文,sen1(sən⁵³),暂无
上海·市区(中新派),笙(笙),[空],sen1(sən⁵³),暂无
上海·市区(中新派),牲(牲),文,sen1(sən⁵³),暂无
上海·市区(中新派),声(聲),文,sen1(sən⁵³),暂无
上海·市区(中新派),审(審),[空],sen5(sən³³⁴),暂无
上海·市区(中新派),婶(嬸),[空],sen5(sən³³⁴),暂无
上海·市区(中新派),沈(沈),[空],sen5(sən³³⁴),暂无
上海·市区(中新派),渗(滲),[空],sen5(sən³³⁴),暂无
上海·市区(中新派),损(損),[空],sen5(sən³³⁴),暂无
上海·市区(中新派),笋(筍),[空],sen5(sən³³⁴),暂无
上海·市区(中新派),榫(榫),[空],sen5(sən³³⁴),暂无
上海·市区(中新派),瞬(瞬),[空],sen5(sən³³⁴),暂无
上海·市区(中新派),舜(舜),[空],sen5(sən³³⁴),暂无
上海·市区(中新派),逊(遜),[空],sen5(sən³³⁴),暂无
上海·市区(中新派),胜(勝),[空],sen5(sən³³⁴),暂无
上海·市区(中新派),圣(聖),[空],sen5(sən³³⁴),暂无
上海·市区(中新派),岑(岑),[空],zen6(zən¹¹³),暂无
上海·市区(中新派),涔(涔),[空],zen6(zən¹¹³),暂无
上海·市区(中新派),沉(沉),[空],zen6(zən¹¹³),暂无
上海·市区(中新派),忱(忱),[空],zen6(zən¹¹³),暂无
上海·市区(中新派),谌(諶),[空],zen6(zən¹¹³),暂无
上海·市区(中新派),陈(陳),[空],zen6(zən¹¹³),暂无
上海·市区(中新派),尘(塵),[空],zen6(zən¹¹³),暂无
上海·市区(中新派),晨(晨),[空],zen6(zən¹¹³),暂无
上海·市区(中新派),辰(辰),[空],zen6(zən¹¹³),暂无
上海·市区(中新派),臣(臣),[空],zen6(zən¹¹³),暂无
上海·市区(中新派),橙(橙),~子,zen6(zən¹¹³),暂无
上海·市区(中新派),呻(呻),[空],zen6(zən¹¹³),暂无
上海·市区(中新派),娠(娠),[空],zen6(zən¹¹³),暂无
上海·市区(中新派),甚(甚),[空],zen6(zən¹¹³),暂无
上海·市区(中新派),葚(葚),[空],zen6(zən¹¹³),暂无
上海·市区(中新派),神(神),[空],zen6(zən¹¹³),暂无
上海·市区(中新派),阵(陣),[空],zen6(zən¹¹³),暂无
上海·市区(中新派),肾(腎),[空],zen6(zən¹¹³),暂无
上海·市区(中新派),慎(慎),[空],zen6(zən¹¹³),暂无
上海·市区(中新派),蜃(蜃),[空],zen6(zən¹¹³),暂无
上海·市区(中新派),任(任),文,zen6(zən¹¹³),暂无
上海·市区(中新派),壬(壬),文,zen6(zən¹¹³),暂无
上海·市区(中新派),人(人),文,zen6(zən¹¹³),暂无
上海·市区(中新派),仁(仁),文,zen6(zən¹¹³),暂无
上海·市区(中新派),忍(忍),文,zen6(zən¹¹³),暂无
上海·市区(中新派),刃(刃),文,zen6(zən¹¹³),暂无
上海·市区(中新派),认(認),文,zen6(zən¹¹³),暂无
上海·市区(中新派),韧(韌),文,zen6(zən¹¹³),暂无
上海·市区(中新派),仞(仞),文,zen6(zən¹¹³),暂无
上海·市区(中新派),衽(衽),文,zen6(zən¹¹³),暂无
上海·市区(中新派),荏(荏),[空],zen6(zən¹¹³),暂无
上海·市区(中新派),妊(妊),[空],zen6(zən¹¹³),暂无
上海·市区(中新派),纫(紉),[空],zen6(zən¹¹³),暂无
上海·市区(中新派),饪(飪),[空],zen6(zən¹¹³),暂无
上海·市区(中新派),存(存),[空],zen6(zən¹¹³),暂无
上海·市区(中新派),唇(唇),[空],zen6(zən¹¹³),暂无
上海·市区(中新派),纯(純),[空],zen6(zən¹¹³),暂无
上海·市区(中新派),莼(蒓),[空],zen6(zən¹¹³),暂无
上海·市区(中新派),醇(醇),[空],zen6(zən¹¹³),暂无
上海·市区(中新派),淳(淳),[空],zen6(zən¹¹³),暂无
上海·市区(中新派),鹑(鶉),鹌~,zen6(zən¹¹³),暂无
上海·市区(中新派),吮(吮),[空],zen6(zən¹¹³),暂无
上海·市区(中新派),顺(順),[空],zen6(zən¹¹³),暂无
上海·市区(中新派),润(潤),[空],zen6(zən¹¹³),暂无
上海·市区(中新派),闰(閏),文,zen6(zən¹¹³),暂无
上海·市区(中新派),曾(曾),~经,zen6(zən¹¹³),暂无
上海·市区(中新派),赠(贈),[空],zen6(zən¹¹³),暂无
上海·市区(中新派),层(層),[空],zen6(zən¹¹³),暂无
上海·市区(中新派),澄(澄),[空],zen6(zən¹¹³),暂无
上海·市区(中新派),惩(懲),[空],zen6(zən¹¹³),暂无
上海·市区(中新派),乘(乘),[空],zen6(zən¹¹³),暂无
上海·市区(中新派),承(承),[空],zen6(zən¹¹³),暂无
上海·市区(中新派),丞(丞),[空],zen6(zən¹¹³),暂无
上海·市区(中新派),程(程),[空],zen6(zən¹¹³),暂无
上海·市区(中新派),呈(呈),[空],zen6(zən¹¹³),暂无
上海·市区(中新派),成(成),[空],zen6(zən¹¹³),暂无
上海·市区(中新派),城(城),[空],zen6(zən¹¹³),暂无
上海·市区(中新派),诚(誠),[空],zen6(zən¹¹³),暂无
上海·市区(中新派),盛(盛),[空],zen6(zən¹¹³),暂无
上海·市区(中新派),绳(繩),[空],zen6(zən¹¹³),暂无
上海·市区(中新派),嵊(嵊),[空],zen6(zən¹¹³),暂无
上海·市区(中新派),郑(鄭),[空],zen6(zən¹¹³),暂无
上海·市区(中新派),仍(仍),文,zen6(zən¹¹³),暂无
上海·市区(中新派),剩(剩),文,zen6(zən¹¹³),暂无
上海·市区(中新派),跟(跟),[空],ken1(kən⁵³),暂无
上海·市区(中新派),根(根),[空],ken1(kən⁵³),暂无
上海·市区(中新派),更(更),文,ken1(kən⁵³),暂无
上海·市区(中新派),耕(耕),[空],ken1(kən⁵³),暂无
上海·市区(中新派),赓(賡),[空],ken1(kən⁵³),暂无
上海·市区(中新派),更(更),~加,ken5(kən³³⁴),暂无
上海·市区(中新派),耿(耿),[空],ken5(kən³³⁴),暂无
上海·市区(中新派),艮(艮),[空],ken5(kən³³⁴),暂无
上海·市区(中新派),铿(鏗),[空],khen1(kʰən⁵³),暂无
上海·市区(中新派),恳(懇),[空],khen5(kʰən³³⁴),暂无
上海·市区(中新派),垦(墾),[空],khen5(kʰən³³⁴),暂无
上海·市区(中新派),啃(啃),[空],khen5(kʰən³³⁴),暂无
上海·市区(中新派),肯(肯),[空],khen5(kʰən³³⁴),暂无
上海·市区(中新派),哼(哼),文,hen1(hən⁵³),暂无
上海·市区(中新派),很(很),[空],hen5(hən³³⁴),暂无
上海·市区(中新派),狠(狠),[空],hen5(hən³³⁴),暂无
上海·市区(中新派),擤(擤),[空],hen5(hən³³⁴),暂无
上海·市区(中新派),痕(痕),[空],ghen6(ɦən¹¹³),暂无
上海·市区(中新派),恨(恨),[空],ghen6(ɦən¹¹³),暂无
上海·市区(中新派),恒(恆),[空],ghen6(ɦən¹¹³),暂无
上海·市区(中新派),衡(衡),[空],ghen6(ɦən¹¹³),暂无
上海·市区(中新派),蘅(蘅),[空],ghen6(ɦən¹¹³),暂无
上海·市区(中新派),嗯(嗯),[空],en1(ən⁵³),暂无
上海·市区(中新派),恩(恩),[空],en1(ən⁵³),暂无
上海·市区(中新派),彬(彬),[空],pin1(pin⁵³),暂无
上海·市区(中新派),斌(斌),[空],pin1(pin⁵³),暂无
上海·市区(中新派),宾(賓),[空],pin1(pin⁵³),暂无
上海·市区(中新派),滨(濱),[空],pin1(pin⁵³),暂无
上海·市区(中新派),缤(繽),[空],pin1(pin⁵³),暂无
上海·市区(中新派),殡(殯),[空],pin1(pin⁵³),暂无
上海·市区(中新派),鬓(鬢),[空],pin1(pin⁵³),暂无
上海·市区(中新派),槟(檳),[空],pin1(pin⁵³),暂无
上海·市区(中新派),兵(兵),[空],pin1(pin⁵³),暂无
上海·市区(中新派),冰(冰),[空],pin1(pin⁵³),暂无
上海·市区(中新派),禀(稟),[空],pin5(pin³³⁴),暂无
上海·市区(中新派),秉(秉),[空],pin5(pin³³⁴),暂无
上海·市区(中新派),丙(丙),[空],pin5(pin³³⁴),暂无
上海·市区(中新派),柄(柄),[空],pin5(pin³³⁴),暂无
上海·市区(中新派),饼(餅),[空],pin5(pin³³⁴),暂无
上海·市区(中新派),炳(炳),[空],pin5(pin³³⁴),暂无
上海·市区(中新派),并(併),[空],pin5(pin³³⁴),暂无
上海·市区(中新派),摒(摒),[空],pin5(pin³³⁴),暂无
上海·市区(中新派),鈵(鈵),~辰光,pin5(pin³³⁴),暂无
上海·市区(中新派),摈(擯),[空],pin5(pin³³⁴),暂无
上海·市区(中新派),拼(拼),[空],phin1(pʰin⁵³),暂无
上海·市区(中新派),姘(姘),[空],phin1(pʰin⁵³),暂无
上海·市区(中新派),乒(乒),[空],phin1(pʰin⁵³),暂无
上海·市区(中新派),品(品),[空],phin5(pʰin³³⁴),暂无
上海·市区(中新派),聘(聘),[空],phin5(pʰin³³⁴),暂无
上海·市区(中新派),牝(牝),[空],phin5(pʰin³³⁴),暂无
上海·市区(中新派),贫(貧),[空],bin6(bin¹¹³),暂无
上海·市区(中新派),频(頻),[空],bin6(bin¹¹³),暂无
上海·市区(中新派),颦(顰),[空],bin6(bin¹¹³),暂无
上海·市区(中新派),濒(瀕),[空],bin6(bin¹¹³),暂无
上海·市区(中新派),凭(憑),[空],bin6(bin¹¹³),暂无
上海·市区(中新派),平(平),[空],bin6(bin¹¹³),暂无
上海·市区(中新派),评(評),[空],bin6(bin¹¹³),暂无
上海·市区(中新派),坪(坪),[空],bin6(bin¹¹³),暂无
上海·市区(中新派),苹(蘋),[空],bin6(bin¹¹³),暂无
上海·市区(中新派),瓶(瓶),[空],bin6(bin¹¹³),暂无
上海·市区(中新派),屏(屏),[空],bin6(bin¹¹³),暂无
上海·市区(中新派),萍(萍),[空],bin6(bin¹¹³),暂无
上海·市区(中新派),并(並),[空],bin6(bin¹¹³),暂无
上海·市区(中新派),病(病),[空],bin6(bin¹¹³),暂无
上海·市区(中新派),闽(閩),[空],min5(min³³⁴),暂无
上海·市区(中新派),闵(閔),[空],min5(min³³⁴),暂无
上海·市区(中新派),敏(敏),[空],min5(min³³⁴),暂无
上海·市区(中新派),皿(皿),[空],min5(min³³⁴),暂无
上海·市区(中新派),抿(抿),[空],min5(min³³⁴),暂无
上海·市区(中新派),鸣(鳴),[空],min5(min³³⁴),暂无
上海·市区(中新派),脗(脗),~缝,min5(min³³⁴),暂无
上海·市区(中新派),民(民),[空],min6(min¹¹³),暂无
上海·市区(中新派),闵(閔),[空],min6(min¹¹³),暂无
上海·市区(中新派),闽(閩),[空],min6(min¹¹³),暂无
上海·市区(中新派),敏(敏),[空],min6(min¹¹³),暂无
上海·市区(中新派),悯(憫),[空],min6(min¹¹³),暂无
上海·市区(中新派),泯(泯),[空],min6(min¹¹³),暂无
上海·市区(中新派),皿(皿),[空],min6(min¹¹³),暂无
上海·市区(中新派),珉(珉),[空],min6(min¹¹³),暂无
上海·市区(中新派),岷(岷),[空],min6(min¹¹³),暂无
上海·市区(中新派),明(明),[空],min6(min¹¹³),暂无
上海·市区(中新派),名(名),[空],min6(min¹¹³),暂无
上海·市区(中新派),铭(銘),[空],min6(min¹¹³),暂无
上海·市区(中新派),瞑(瞑),[空],min6(min¹¹³),暂无
上海·市区(中新派),暝(暝),[空],min6(min¹¹³),暂无
上海·市区(中新派),冥(冥),[空],min6(min¹¹³),暂无
上海·市区(中新派),溟(溟),[空],min6(min¹¹³),暂无
上海·市区(中新派),茗(茗),[空],min6(min¹¹³),暂无
上海·市区(中新派),命(命),[空],min6(min¹¹³),暂无
上海·市区(中新派),酩(酩),~酊,min6(min¹¹³),暂无
上海·市区(中新派),丁(丁),[空],tin1(tin⁵³),暂无
上海·市区(中新派),钉(釘),~子,tin1(tin⁵³),暂无
上海·市区(中新派),叮(叮),[空],tin1(tin⁵³),暂无
上海·市区(中新派),盯(盯),[空],tin1(tin⁵³),暂无
上海·市区(中新派),仃(仃),[空],tin1(tin⁵³),暂无
上海·市区(中新派),疔(疔),[空],tin1(tin⁵³),暂无
上海·市区(中新派),顶(頂),[空],tin5(tin³³⁴),暂无
上海·市区(中新派),鼎(鼎),[空],tin5(tin³³⁴),暂无
上海·市区(中新派),酊(酊),酩~,tin5(tin³³⁴),暂无
上海·市区(中新派),钉(釘),~只钉,tin5(tin³³⁴),暂无
上海·市区(中新派),订(訂),[空],tin5(tin³³⁴),暂无
上海·市区(中新派),濎(濎),~脚,tin5(tin³³⁴),暂无
上海·市区(中新派),听(聽),[空],thin1(tʰin⁵³),暂无
上海·市区(中新派),厅(廳),[空],thin1(tʰin⁵³),暂无
上海·市区(中新派),汀(汀),[空],thin1(tʰin⁵³),暂无
上海·市区(中新派),艇(艇),[空],thin5(tʰin³³⁴),暂无
上海·市区(中新派),挺(挺),[空],thin5(tʰin³³⁴),暂无
上海·市区(中新派),听(聽),~凭,thin5(tʰin³³⁴),暂无
上海·市区(中新派),婷(婷),[空],din6(din¹¹³),暂无
上海·市区(中新派),停(停),[空],din6(din¹¹³),暂无
上海·市区(中新派),庭(庭),[空],din6(din¹¹³),暂无
上海·市区(中新派),亭(亭),[空],din6(din¹¹³),暂无
上海·市区(中新派),廷(廷),[空],din6(din¹¹³),暂无
上海·市区(中新派),霆(霆),[空],din6(din¹¹³),暂无
上海·市区(中新派),蜓(蜓),[空],din6(din¹¹³),暂无
上海·市区(中新派),定(定),[空],din6(din¹¹³),暂无
上海·市区(中新派),锭(錠),[空],din6(din¹¹³),暂无
上海·市区(中新派),拎(拎),[空],lin1(lin⁵³),暂无
上海·市区(中新派),林(林),[空],lin6(lin¹¹³),暂无
上海·市区(中新派),淋(淋),[空],lin6(lin¹¹³),暂无
上海·市区(中新派),琳(琳),[空],lin6(lin¹¹³),暂无
上海·市区(中新派),霖(霖),[空],lin6(lin¹¹³),暂无
上海·市区(中新派),临(臨),[空],lin6(lin¹¹³),暂无
上海·市区(中新派),邻(鄰),[空],lin6(lin¹¹³),暂无
上海·市区(中新派),鳞(鱗),[空],lin6(lin¹¹³),暂无
上海·市区(中新派),磷(燐),[空],lin6(lin¹¹³),暂无
上海·市区(中新派),麟(麟),[空],lin6(lin¹¹³),暂无
上海·市区(中新派),璘(璘),[空],lin6(lin¹¹³),暂无
上海·市区(中新派),磷(磷),[空],lin6(lin¹¹³),暂无
上海·市区(中新派),粼(粼),[空],lin6(lin¹¹³),暂无
上海·市区(中新派),懔(懔),[空],lin6(lin¹¹³),暂无
上海·市区(中新派),凛(凜),[空],lin6(lin¹¹³),暂无
上海·市区(中新派),廪(廩),[空],lin6(lin¹¹³),暂无
上海·市区(中新派),檩(檁),[空],lin6(lin¹¹³),暂无
上海·市区(中新派),吝(吝),[空],lin6(lin¹¹³),暂无
上海·市区(中新派),蔺(藺),[空],lin6(lin¹¹³),暂无
上海·市区(中新派),躏(躪),蹂~,lin6(lin¹¹³),暂无
上海·市区(中新派),陵(陵),[空],lin6(lin¹¹³),暂无
上海·市区(中新派),棱(棱),[空],lin6(lin¹¹³),暂无
上海·市区(中新派),凌(凌),[空],lin6(lin¹¹³),暂无
上海·市区(中新派),菱(菱),[空],lin6(lin¹¹³),暂无
上海·市区(中新派),绫(綾),[空],lin6(lin¹¹³),暂无
上海·市区(中新派),灵(靈),[空],lin6(lin¹¹³),暂无
上海·市区(中新派),棂(欞),[空],lin6(lin¹¹³),暂无
上海·市区(中新派),铃(鈴),[空],lin6(lin¹¹³),暂无
上海·市区(中新派),伶(伶),[空],lin6(lin¹¹³),暂无
上海·市区(中新派),零(零),[空],lin6(lin¹¹³),暂无
上海·市区(中新派),龄(齡),[空],lin6(lin¹¹³),暂无
上海·市区(中新派),苓(苓),[空],lin6(lin¹¹³),暂无
上海·市区(中新派),玲(玲),[空],lin6(lin¹¹³),暂无
上海·市区(中新派),泠(泠),[空],lin6(lin¹¹³),暂无
上海·市区(中新派),聆(聆),[空],lin6(lin¹¹³),暂无
上海·市区(中新派),蛉(蛉),[空],lin6(lin¹¹³),暂无
上海·市区(中新派),翎(翎),[空],lin6(lin¹¹³),暂无
上海·市区(中新派),羚(羚),[空],lin6(lin¹¹³),暂无
上海·市区(中新派),囹(囹),[空],lin6(lin¹¹³),暂无
上海·市区(中新派),瓴(瓴),[空],lin6(lin¹¹³),暂无
上海·市区(中新派),鸰(鴒),[空],lin6(lin¹¹³),暂无
上海·市区(中新派),领(領),[空],lin6(lin¹¹³),暂无
上海·市区(中新派),令(令),[空],lin6(lin¹¹³),暂无
上海·市区(中新派),岭(嶺),[空],lin6(lin¹¹³),暂无
上海·市区(中新派),另(另),[空],lin6(lin¹¹³),暂无
上海·市区(中新派),繗(繗),~衣裳，缝合,lin6(lin¹¹³),暂无
上海·市区(中新派),今(今),[空],cin1(tɕin⁵³),暂无
上海·市区(中新派),金(金),[空],cin1(tɕin⁵³),暂无
上海·市区(中新派),津(津),[空],cin1(tɕin⁵³),暂无
上海·市区(中新派),襟(襟),[空],cin1(tɕin⁵³),暂无
上海·市区(中新派),巾(巾),[空],cin1(tɕin⁵³),暂无
上海·市区(中新派),斤(斤),[空],cin1(tɕin⁵³),暂无
上海·市区(中新派),筋(筋),[空],cin1(tɕin⁵³),暂无
上海·市区(中新派),矜(矜),[空],cin1(tɕin⁵³),暂无
上海·市区(中新派),兢(兢),[空],cin1(tɕin⁵³),暂无
上海·市区(中新派),茎(莖),[空],cin1(tɕin⁵³),暂无
上海·市区(中新派),京(京),[空],cin1(tɕin⁵³),暂无
上海·市区(中新派),惊(驚),[空],cin1(tɕin⁵³),暂无
上海·市区(中新派),荆(荊),[空],cin1(tɕin⁵³),暂无
上海·市区(中新派),精(精),[空],cin1(tɕin⁵³),暂无
上海·市区(中新派),晶(晶),[空],cin1(tɕin⁵³),暂无
上海·市区(中新派),旌(旌),[空],cin1(tɕin⁵³),暂无
上海·市区(中新派),睛(睛),[空],cin1(tɕin⁵³),暂无
上海·市区(中新派),菁(菁),[空],cin1(tɕin⁵³),暂无
上海·市区(中新派),经(經),[空],cin1(tɕin⁵³),暂无
上海·市区(中新派),泾(涇),[空],cin1(tɕin⁵³),暂无
上海·市区(中新派),禁(禁),[空],cin5(tɕin³³⁴),暂无
上海·市区(中新派),锦(錦),[空],cin5(tɕin³³⁴),暂无
上海·市区(中新派),紧(緊),[空],cin5(tɕin³³⁴),暂无
上海·市区(中新派),侭(侭),[空],cin5(tɕin³³⁴),暂无
上海·市区(中新派),谨(謹),[空],cin5(tɕin³³⁴),暂无
上海·市区(中新派),槿(槿),[空],cin5(tɕin³³⁴),暂无
上海·市区(中新派),堇(堇),[空],cin5(tɕin³³⁴),暂无
上海·市区(中新派),浸(浸),[空],cin5(tɕin³³⁴),暂无
上海·市区(中新派),进(進),[空],cin5(tɕin³³⁴),暂无
上海·市区(中新派),晋(晉),[空],cin5(tɕin³³⁴),暂无
上海·市区(中新派),劲(勁),[空],cin5(tɕin³³⁴),暂无
上海·市区(中新派),景(景),[空],cin5(tɕin³³⁴),暂无
上海·市区(中新派),警(警),[空],cin5(tɕin³³⁴),暂无
上海·市区(中新派),靳(靳),[空],cin5(tɕin³³⁴),暂无
上海·市区(中新派),井(井),[空],cin5(tɕin³³⁴),暂无
上海·市区(中新派),阱(阱),[空],cin5(tɕin³³⁴),暂无
上海·市区(中新派),儆(儆),[空],cin5(tɕin³³⁴),暂无
上海·市区(中新派),颈(頸),[空],cin5(tɕin³³⁴),暂无
上海·市区(中新派),憬(憬),[空],cin5(tɕin³³⁴),暂无
上海·市区(中新派),境(境),[空],cin5(tɕin³³⁴),暂无
上海·市区(中新派),敬(敬),[空],cin5(tɕin³³⁴),暂无
上海·市区(中新派),竞(競),[空],cin5(tɕin³³⁴),暂无
上海·市区(中新派),镜(鏡),[空],cin5(tɕin³³⁴),暂无
上海·市区(中新派),竟(竟),[空],cin5(tɕin³³⁴),暂无
上海·市区(中新派),径(徑),[空],cin5(tɕin³³⁴),暂无
上海·市区(中新派),俊(俊),[空],cin5(tɕin³³⁴),暂无
上海·市区(中新派),骏(駿),[空],cin5(tɕin³³⁴),暂无
上海·市区(中新派),峻(峻),[空],cin5(tɕin³³⁴),暂无
上海·市区(中新派),浚(浚),[空],cin5(tɕin³³⁴),暂无
上海·市区(中新派),竣(竣),[空],cin5(tɕin³³⁴),暂无
上海·市区(中新派),刭(剄),[空],cin5(tɕin³³⁴),暂无
上海·市区(中新派),侵(侵),[空],chin1(tɕʰin⁵³),暂无
上海·市区(中新派),钦(欽),[空],chin1(tɕʰin⁵³),暂无
上海·市区(中新派),亲(親),[空],chin1(tɕʰin⁵³),暂无
上海·市区(中新派),衾(衾),[空],chin1(tɕʰin⁵³),暂无
上海·市区(中新派),卿(卿),[空],chin1(tɕʰin⁵³),暂无
上海·市区(中新派),清(清),[空],chin1(tɕʰin⁵³),暂无
上海·市区(中新派),轻(輕),[空],chin1(tɕʰin⁵³),暂无
上海·市区(中新派),青(青),[空],chin1(tɕʰin⁵³),暂无
上海·市区(中新派),蜻(蜻),~蜓,chin1(tɕʰin⁵³),暂无
上海·市区(中新派),鲭(鯖),[空],chin1(tɕʰin⁵³),暂无
上海·市区(中新派),倾(傾),[空],chin1(tɕʰin⁵³),暂无
上海·市区(中新派),氢(氫),[空],chin1(tɕʰin⁵³),暂无
上海·市区(中新派),氰(氰),[空],chin1(tɕʰin⁵³),暂无
上海·市区(中新派),寝(寢),[空],chin5(tɕʰin³³⁴),暂无
上海·市区(中新派),沁(沁),[空],chin5(tɕʰin³³⁴),暂无
上海·市区(中新派),揿(撳),[空],chin5(tɕʰin³³⁴),暂无
上海·市区(中新派),请(請),[空],chin5(tɕʰin³³⁴),暂无
上海·市区(中新派),顷(頃),[空],chin5(tɕʰin³³⁴),暂无
上海·市区(中新派),庆(慶),[空],chin5(tɕʰin³³⁴),暂无
上海·市区(中新派),磬(磬),[空],chin5(tɕʰin³³⁴),暂无
上海·市区(中新派),罄(罄),[空],chin5(tɕʰin³³⁴),暂无
上海·市区(中新派),琴(琴),[空],jin6(dʑin¹¹³),暂无
上海·市区(中新派),禽(禽),[空],jin6(dʑin¹¹³),暂无
上海·市区(中新派),擒(擒),[空],jin6(dʑin¹¹³),暂无
上海·市区(中新派),勤(勤),[空],jin6(dʑin¹¹³),暂无
上海·市区(中新派),芹(芹),[空],jin6(dʑin¹¹³),暂无
上海·市区(中新派),仅(僅),[空],jin6(dʑin¹¹³),暂无
上海·市区(中新派),近(近),[空],jin6(dʑin¹¹³),暂无
上海·市区(中新派),噤(噤),[空],jin6(dʑin¹¹³),暂无
上海·市区(中新派),凚(凚),寒~,jin6(dʑin¹¹³),暂无
上海·市区(中新派),觐(覲),[空],jin6(dʑin¹¹³),暂无
上海·市区(中新派),鲸(鯨),[空],jin6(dʑin¹¹³),暂无
上海·市区(中新派),擎(擎),[空],jin6(dʑin¹¹³),暂无
上海·市区(中新派),竞(競),[空],jin6(dʑin¹¹³),暂无
上海·市区(中新派),痉(痙),[空],jin6(dʑin¹¹³),暂无
上海·市区(中新派),檠(檠),[空],jin6(dʑin¹¹³),暂无
上海·市区(中新派),黥(黥),[空],jin6(dʑin¹¹³),暂无
上海·市区(中新派),任(任),姓。白,gnin6(ȵin¹¹³),暂无
上海·市区(中新派),壬(壬),白,gnin6(ȵin¹¹³),暂无
上海·市区(中新派),人(人),白,gnin6(ȵin¹¹³),暂无
上海·市区(中新派),仁(仁),白,gnin6(ȵin¹¹³),暂无
上海·市区(中新派),忍(忍),白,gnin6(ȵin¹¹³),暂无
上海·市区(中新派),妊(妊),白,gnin6(ȵin¹¹³),暂无
上海·市区(中新派),认(認),白,gnin6(ȵin¹¹³),暂无
上海·市区(中新派),衽(衽),白,gnin6(ȵin¹¹³),暂无
上海·市区(中新派),韧(韌),白,gnin6(ȵin¹¹³),暂无
上海·市区(中新派),仞(仞),白,gnin6(ȵin¹¹³),暂无
上海·市区(中新派),闰(閏),白,gnin6(ȵin¹¹³),暂无
上海·市区(中新派),赁(賃),[空],gnin6(ȵin¹¹³),暂无
上海·市区(中新派),吟(吟),[空],gnin6(ȵin¹¹³),暂无
上海·市区(中新派),垠(垠),[空],gnin6(ȵin¹¹³),暂无
上海·市区(中新派),狺(狺),[空],gnin6(ȵin¹¹³),暂无
上海·市区(中新派),龈(齦),[空],gnin6(ȵin¹¹³),暂无
上海·市区(中新派),凝(凝),[空],gnin6(ȵin¹¹³),暂无
上海·市区(中新派),宁(寧),[空],gnin6(ȵin¹¹³),暂无
上海·市区(中新派),宁(甯),[空],gnin6(ȵin¹¹³),暂无
上海·市区(中新派),咛(嚀),[空],gnin6(ȵin¹¹³),暂无
上海·市区(中新派),佞(佞),[空],gnin6(ȵin¹¹³),暂无
上海·市区(中新派),泞(濘),[空],gnin6(ȵin¹¹³),暂无
上海·市区(中新派),迎(迎),[空],gnin6(ȵin¹¹³),暂无
上海·市区(中新派),仍(仍),白,gnin6(ȵin¹¹³),暂无
上海·市区(中新派),鄞(鄞),~县,gnin6(ȵin¹¹³),暂无
上海·市区(中新派),狞(獰),[空],gnin6(ȵin¹¹³),暂无
上海·市区(中新派),柠(檸),~檬,gnin6(ȵin¹¹³),暂无
上海·市区(中新派),心(心),[空],shin1(ɕin⁵³),暂无
上海·市区(中新派),芯(芯),[空],shin1(ɕin⁵³),暂无
上海·市区(中新派),辛(辛),[空],shin1(ɕin⁵³),暂无
上海·市区(中新派),歆(歆),[空],shin1(ɕin⁵³),暂无
上海·市区(中新派),新(新),[空],shin1(ɕin⁵³),暂无
上海·市区(中新派),薪(薪),[空],shin1(ɕin⁵³),暂无
上海·市区(中新派),馨(馨),[空],shin1(ɕin⁵³),暂无
上海·市区(中新派),莘(莘),~庄，地名,shin1(ɕin⁵³),暂无
上海·市区(中新派),鑫(鑫),[空],shin1(ɕin⁵³),暂无
上海·市区(中新派),锌(鋅),[空],shin1(ɕin⁵³),暂无
上海·市区(中新派),兴(興),~旺,shin1(ɕin⁵³),暂无
上海·市区(中新派),星(星),[空],shin1(ɕin⁵³),暂无
上海·市区(中新派),猩(猩),[空],shin1(ɕin⁵³),暂无
上海·市区(中新派),惺(惺),[空],shin1(ɕin⁵³),暂无
上海·市区(中新派),腥(腥),[空],shin1(ɕin⁵³),暂无
上海·市区(中新派),蜻(蜻),~蜓,shin1(ɕin⁵³),暂无
上海·市区(中新派),掀(掀),[空],shin1(ɕin⁵³),暂无
上海·市区(中新派),眚(眚),生~，眼病,shin1(ɕin⁵³),暂无
上海·市区(中新派),欣(欣),[空],shin5(ɕin³³⁴),暂无
上海·市区(中新派),信(信),[空],shin5(ɕin³³⁴),暂无
上海·市区(中新派),衅(釁),[空],shin5(ɕin³³⁴),暂无
上海·市区(中新派),囟(囟),[空],shin5(ɕin³³⁴),暂无
上海·市区(中新派),省(省),反~,shin5(ɕin³³⁴),暂无
上海·市区(中新派),醒(醒),[空],shin5(ɕin³³⁴),暂无
上海·市区(中新派),兴(興),~奋,shin5(ɕin³³⁴),暂无
上海·市区(中新派),性(性),[空],shin5(ɕin³³⁴),暂无
上海·市区(中新派),姓(姓),[空],shin5(ɕin³³⁴),暂无
上海·市区(中新派),讯(訊),[空],shin5(ɕin³³⁴),暂无
上海·市区(中新派),迅(迅),[空],shin5(ɕin³³⁴),暂无
上海·市区(中新派),汛(汛),[空],shin5(ɕin³³⁴),暂无
上海·市区(中新派),臖(臖),~起，肿,shin5(ɕin³³⁴),暂无
上海·市区(中新派),秦(秦),[空],zhin6(ʑin¹¹³),暂无
上海·市区(中新派),尽(盡),[空],zhin6(ʑin¹¹³),暂无
上海·市区(中新派),烬(燼),[空],zhin6(ʑin¹¹³),暂无
上海·市区(中新派),寻(尋),[空],zhin6(ʑin¹¹³),暂无
上海·市区(中新派),浔(潯),[空],zhin6(ʑin¹¹³),暂无
上海·市区(中新派),巡(巡),[空],zhin6(ʑin¹¹³),暂无
上海·市区(中新派),循(循),[空],zhin6(ʑin¹¹³),暂无
上海·市区(中新派),蕈(蕈),[空],zhin6(ʑin¹¹³),暂无
上海·市区(中新派),情(情),[空],zhin6(ʑin¹¹³),暂无
上海·市区(中新派),晴(晴),[空],zhin6(ʑin¹¹³),暂无
上海·市区(中新派),静(靜),[空],zhin6(ʑin¹¹³),暂无
上海·市区(中新派),靖(靖),[空],zhin6(ʑin¹¹³),暂无
上海·市区(中新派),净(淨),[空],zhin6(ʑin¹¹³),暂无
上海·市区(中新派),旬(旬),[空],zhin6(ʑin¹¹³),暂无
上海·市区(中新派),饧(餳),~糖,zhin6(ʑin¹¹³),暂无
上海·市区(中新派),淫(淫),[空],yin6(ɦin¹¹³),暂无
上海·市区(中新派),霪(霪),[空],yin6(ɦin¹¹³),暂无
上海·市区(中新派),寅(寅),[空],yin6(ɦin¹¹³),暂无
上海·市区(中新派),引(引),[空],yin6(ɦin¹¹³),暂无
上海·市区(中新派),蚓(蚓),[空],yin6(ɦin¹¹³),暂无
上海·市区(中新派),尹(尹),[空],yin6(ɦin¹¹³),暂无
上海·市区(中新派),胤(胤),[空],yin6(ɦin¹¹³),暂无
上海·市区(中新派),行(行),~动。文,yin6(ɦin¹¹³),暂无
上海·市区(中新派),形(形),[空],yin6(ɦin¹¹³),暂无
上海·市区(中新派),型(型),[空],yin6(ɦin¹¹³),暂无
上海·市区(中新派),刑(刑),[空],yin6(ɦin¹¹³),暂无
上海·市区(中新派),邢(邢),[空],yin6(ɦin¹¹³),暂无
上海·市区(中新派),幸(幸),[空],yin6(ɦin¹¹³),暂无
上海·市区(中新派),悻(悻),[空],yin6(ɦin¹¹³),暂无
上海·市区(中新派),楹(楹),[空],yin6(ɦin¹¹³),暂无
上海·市区(中新派),盈(盈),[空],yin6(ɦin¹¹³),暂无
上海·市区(中新派),莹(瑩),[空],yin6(ɦin¹¹³),暂无
上海·市区(中新派),营(營),[空],yin6(ɦin¹¹³),暂无
上海·市区(中新派),茔(塋),[空],yin6(ɦin¹¹³),暂无
上海·市区(中新派),萤(螢),[空],yin6(ɦin¹¹³),暂无
上海·市区(中新派),荧(熒),[空],yin6(ɦin¹¹³),暂无
上海·市区(中新派),颖(穎),[空],yin6(ɦin¹¹³),暂无
上海·市区(中新派),颍(潁),[空],yin6(ɦin¹¹³),暂无
上海·市区(中新派),音(音),[空],in1(in⁵³),暂无
上海·市区(中新派),阴(陰),[空],in1(in⁵³),暂无
上海·市区(中新派),喑(喑),[空],in1(in⁵³),暂无
上海·市区(中新派),瘖(瘖),[空],in1(in⁵³),暂无
上海·市区(中新派),因(因),[空],in1(in⁵³),暂无
上海·市区(中新派),姻(姻),[空],in1(in⁵³),暂无
上海·市区(中新派),茵(茵),[空],in1(in⁵³),暂无
上海·市区(中新派),氤(氤),[空],in1(in⁵³),暂无
上海·市区(中新派),殷(殷),[空],in1(in⁵³),暂无
上海·市区(中新派),尹(尹),[空],in1(in⁵³),暂无
上海·市区(中新派),荫(蔭),[空],in1(in⁵³),暂无
上海·市区(中新派),应(應),~当,in1(in⁵³),暂无
上海·市区(中新派),鹰(鷹),[空],in1(in⁵³),暂无
上海·市区(中新派),膺(膺),[空],in1(in⁵³),暂无
上海·市区(中新派),莺(鶯),[空],in1(in⁵³),暂无
上海·市区(中新派),樱(櫻),文,in1(in⁵³),暂无
上海·市区(中新派),鹦(鸚),文,in1(in⁵³),暂无
上海·市区(中新派),罂(罌),[空],in1(in⁵³),暂无
上海·市区(中新派),英(英),[空],in1(in⁵³),暂无
上海·市区(中新派),瑛(瑛),[空],in1(in⁵³),暂无
上海·市区(中新派),婴(嬰),[空],in1(in⁵³),暂无
上海·市区(中新派),缨(纓),[空],in1(in⁵³),暂无
上海·市区(中新派),蝇(蠅),[空],in1(in⁵³),暂无
上海·市区(中新派),萦(縈),[空],in1(in⁵³),暂无
上海·市区(中新派),饮(飲),[空],in5(in³³⁴),暂无
上海·市区(中新派),隐(隱),[空],in5(in³³⁴),暂无
上海·市区(中新派),瘾(癮),[空],in5(in³³⁴),暂无
上海·市区(中新派),印(印),[空],in5(in³³⁴),暂无
上海·市区(中新派),影(影),[空],in5(in³³⁴),暂无
上海·市区(中新派),应(應),答~,in5(in³³⁴),暂无
上海·市区(中新派),映(映),文,in5(in³³⁴),暂无
上海·市区(中新派),洇(洇),水缸~水勒，渗透,in5(in³³⁴),暂无
上海·市区(中新派),瀴(瀴),水~，冷,in5(in³³⁴),暂无
上海·市区(中新派),衮(袞),[空],kuen1(kuən⁵³),暂无
上海·市区(中新派),滚(滾),[空],kuen1(kuən⁵³),暂无
上海·市区(中新派),棍(棍),[空],kuen1(kuən⁵³),暂无
上海·市区(中新派),磙(磙),[空],kuen1(kuən⁵³),暂无
上海·市区(中新派),鲧(鯀),[空],kuen1(kuən⁵³),暂无
上海·市区(中新派),昆(昆),[空],khuen1(kʰuən⁵³),暂无
上海·市区(中新派),坤(坤),[空],khuen1(kʰuən⁵³),暂无
上海·市区(中新派),琨(琨),[空],khuen1(kʰuən⁵³),暂无
上海·市区(中新派),鲲(鯤),[空],khuen1(kʰuən⁵³),暂无
上海·市区(中新派),捆(捆),[空],khuen5(kʰuən³³⁴),暂无
上海·市区(中新派),困(困),[空],khuen5(kʰuən³³⁴),暂无
上海·市区(中新派),困(睏),[空],khuen5(kʰuən³³⁴),暂无
上海·市区(中新派),婚(婚),[空],huen1(huən⁵³),暂无
上海·市区(中新派),昏(昏),[空],huen1(huən⁵³),暂无
上海·市区(中新派),荤(葷),[空],huen1(huən⁵³),暂无
上海·市区(中新派),浑(渾),[空],wen6(ɦuən¹¹³),暂无
上海·市区(中新派),魂(魂),[空],wen6(ɦuən¹¹³),暂无
上海·市区(中新派),馄(餛),~饨,wen6(ɦuən¹¹³),暂无
上海·市区(中新派),混(混),[空],wen6(ɦuən¹¹³),暂无
上海·市区(中新派),诨(諢),[空],wen6(ɦuən¹¹³),暂无
上海·市区(中新派),温(溫),[空],uen1(uən⁵³),暂无
上海·市区(中新派),瘟(瘟),[空],uen1(uən⁵³),暂无
上海·市区(中新派),蕴(蘊),~藻浜，地名,uen1(uən⁵³),暂无
上海·市区(中新派),稳(穩),[空],uen5(uən³³⁴),暂无
上海·市区(中新派),均(均),[空],ciun1(tɕyn⁵³),暂无
上海·市区(中新派),钧(鈞),[空],ciun1(tɕyn⁵³),暂无
上海·市区(中新派),君(君),[空],ciun1(tɕyn⁵³),暂无
上海·市区(中新派),军(軍),[空],ciun1(tɕyn⁵³),暂无
上海·市区(中新派),菌(菌),[空],ciun1(tɕyn⁵³),暂无
上海·市区(中新派),皲(皸),[空],ciun1(tɕyn⁵³),暂无
上海·市区(中新派),窘(窘),[空],ciun5(tɕyn³³⁴),暂无
上海·市区(中新派),峻(峻),[空],ciun5(tɕyn³³⁴),暂无
上海·市区(中新派),浚(浚),[空],ciun5(tɕyn³³⁴),暂无
上海·市区(中新派),竣(竣),[空],ciun5(tɕyn³³⁴),暂无
上海·市区(中新派),俊(俊),[空],ciun5(tɕyn³³⁴),暂无
上海·市区(中新派),骏(駿),[空],ciun5(tɕyn³³⁴),暂无
上海·市区(中新派),菌(菌),[空],chiun1(tɕʰyn⁵³),暂无
上海·市区(中新派),群(群),[空],jiun6(dʑyn¹¹³),暂无
上海·市区(中新派),裙(裙),[空],jiun6(dʑyn¹¹³),暂无
上海·市区(中新派),郡(郡),[空],jiun6(dʑyn¹¹³),暂无
上海·市区(中新派),熏(熏),[空],shiun1(ɕyn⁵³),暂无
上海·市区(中新派),熏(薰),[空],shiun1(ɕyn⁵³),暂无
上海·市区(中新派),勋(勛),[空],shiun1(ɕyn⁵³),暂无
上海·市区(中新派),醺(醺),[空],shiun1(ɕyn⁵³),暂无
上海·市区(中新派),荀(荀),[空],shiun5(ɕyn³³⁴),暂无
上海·市区(中新派),询(詢),[空],shiun5(ɕyn³³⁴),暂无
上海·市区(中新派),驯(馴),[空],shiun5(ɕyn³³⁴),暂无
上海·市区(中新派),迅(迅),[空],shiun5(ɕyn³³⁴),暂无
上海·市区(中新派),殉(殉),[空],shiun5(ɕyn³³⁴),暂无
上海·市区(中新派),训(訓),[空],shiun5(ɕyn³³⁴),暂无
上海·市区(中新派),巡(巡),[空],zhiun6(ʑyn¹¹³),暂无
上海·市区(中新派),旬(旬),[空],zhiun6(ʑyn¹¹³),暂无
上海·市区(中新派),徇(徇),[空],zhiun6(ʑyn¹¹³),暂无
上海·市区(中新派),循(循),[空],zhiun6(ʑyn¹¹³),暂无
上海·市区(中新派),云(云),[空],yun6(ɦyn¹¹³),暂无
上海·市区(中新派),匀(勻),[空],yun6(ɦyn¹¹³),暂无
上海·市区(中新派),云(雲),[空],yun6(ɦyn¹¹³),暂无
上海·市区(中新派),陨(隕),[空],yun6(ɦyn¹¹³),暂无
上海·市区(中新派),殒(殞),[空],yun6(ɦyn¹¹³),暂无
上海·市区(中新派),韵(韻),[空],yun6(ɦyn¹¹³),暂无
上海·市区(中新派),芸(芸),[空],yun6(ɦyn¹¹³),暂无
上海·市区(中新派),耘(耘),[空],yun6(ɦyn¹¹³),暂无
上海·市区(中新派),运(運),[空],yun6(ɦyn¹¹³),暂无
上海·市区(中新派),孕(孕),[空],yun6(ɦyn¹¹³),暂无
上海·市区(中新派),晕(暈),[空],yun6(ɦyn¹¹³),暂无
上海·市区(中新派),蕴(蘊),[空],iun5(yn³³⁴),暂无
上海·市区(中新派),允(允),[空],iun5(yn³³⁴),暂无
上海·市区(中新派),熨(熨),[空],iun5(yn³³⁴),暂无
上海·市区(中新派),酝(醞),[空],iun5(yn³³⁴),暂无
上海·市区(中新派),捧(捧),[空],phon5(pʰoŋ³³⁴),暂无
上海·市区(中新派),蓬(蓬),[空],bon6(boŋ¹¹³),暂无
上海·市区(中新派),篷(篷),[空],bon6(boŋ¹¹³),暂无
上海·市区(中新派),凤(鳳),~仙花,bon6(boŋ¹¹³),暂无
上海·市区(中新派),埲(埲),~尘，灰土,bon6(boŋ¹¹³),暂无
上海·市区(中新派),蒙(蒙),~眼睛，遮,mon1(moŋ⁵³),暂无
上海·市区(中新派),蒙(蒙),[空],mon6(moŋ¹¹³),暂无
上海·市区(中新派),朦(朦),[空],mon6(moŋ¹¹³),暂无
上海·市区(中新派),蒙(濛),[空],mon6(moŋ¹¹³),暂无
上海·市区(中新派),檬(檬),[空],mon6(moŋ¹¹³),暂无
上海·市区(中新派),懵(懵),[空],mon6(moŋ¹¹³),暂无
上海·市区(中新派),蠓(蠓),[空],mon6(moŋ¹¹³),暂无
上海·市区(中新派),梦(夢),[空],mon6(moŋ¹¹³),暂无
上海·市区(中新派),风(風),[空],fon1(foŋ⁵³),暂无
上海·市区(中新派),枫(楓),[空],fon1(foŋ⁵³),暂无
上海·市区(中新派),疯(瘋),[空],fon1(foŋ⁵³),暂无
上海·市区(中新派),丰(豐),[空],fon1(foŋ⁵³),暂无
上海·市区(中新派),封(封),[空],fon1(foŋ⁵³),暂无
上海·市区(中新派),锋(鋒),[空],fon1(foŋ⁵³),暂无
上海·市区(中新派),峰(峰),[空],fon1(foŋ⁵³),暂无
上海·市区(中新派),烽(烽),[空],fon1(foŋ⁵³),暂无
上海·市区(中新派),蜂(蜂),[空],fon1(foŋ⁵³),暂无
上海·市区(中新派),讽(諷),[空],fon1(foŋ⁵³),暂无
上海·市区(中新派),俸(俸),[空],fon5(foŋ³³⁴),暂无
上海·市区(中新派),冯(馮),[空],von6(voŋ¹¹³),暂无
上海·市区(中新派),逢(逢),[空],von6(voŋ¹¹³),暂无
上海·市区(中新派),缝(縫),[空],von6(voŋ¹¹³),暂无
上海·市区(中新派),凤(鳳),[空],von6(voŋ¹¹³),暂无
上海·市区(中新派),奉(奉),[空],von6(voŋ¹¹³),暂无
上海·市区(中新派),俸(俸),[空],von6(voŋ¹¹³),暂无
上海·市区(中新派),东(東),[空],ton1(toŋ⁵³),暂无
上海·市区(中新派),冬(冬),[空],ton1(toŋ⁵³),暂无
上海·市区(中新派),懂(懂),[空],ton5(toŋ³³⁴),暂无
上海·市区(中新派),董(董),[空],ton5(toŋ³³⁴),暂无
上海·市区(中新派),冻(凍),[空],ton5(toŋ³³⁴),暂无
上海·市区(中新派),栋(棟),[空],ton5(toŋ³³⁴),暂无
上海·市区(中新派),通(通),[空],thon1(tʰoŋ⁵³),暂无
上海·市区(中新派),蓪(蓪),~草,thon1(tʰoŋ⁵³),暂无
上海·市区(中新派),捅(捅),[空],thon5(tʰoŋ³³⁴),暂无
上海·市区(中新派),统(統),[空],thon5(tʰoŋ³³⁴),暂无
上海·市区(中新派),痛(痛),[空],thon5(tʰoŋ³³⁴),暂无
上海·市区(中新派),同(同),[空],don6(doŋ¹¹³),暂无
上海·市区(中新派),铜(銅),[空],don6(doŋ¹¹³),暂无
上海·市区(中新派),桐(桐),[空],don6(doŋ¹¹³),暂无
上海·市区(中新派),筒(筒),[空],don6(doŋ¹¹³),暂无
上海·市区(中新派),童(童),[空],don6(doŋ¹¹³),暂无
上海·市区(中新派),瞳(瞳),[空],don6(doŋ¹¹³),暂无
上海·市区(中新派),僮(僮),[空],don6(doŋ¹¹³),暂无
上海·市区(中新派),潼(潼),[空],don6(doŋ¹¹³),暂无
上海·市区(中新派),彤(彤),[空],don6(doŋ¹¹³),暂无
上海·市区(中新派),桶(桶),[空],don6(doŋ¹¹³),暂无
上海·市区(中新派),动(動),[空],don6(doŋ¹¹³),暂无
上海·市区(中新派),洞(洞),[空],don6(doŋ¹¹³),暂无
上海·市区(中新派),恫(恫),[空],don6(doŋ¹¹³),暂无
上海·市区(中新派),恸(慟),[空],don6(doŋ¹¹³),暂无
上海·市区(中新派),侗(侗),~族,don6(doŋ¹¹³),暂无
上海·市区(中新派),烔(烔),热~~，热乎乎,don6(doŋ¹¹³),暂无
上海·市区(中新派),弄(弄),[空],non1(noŋ⁵³),暂无
上海·市区(中新派),农(農),[空],non6(noŋ¹¹³),暂无
上海·市区(中新派),脓(膿),[空],non6(noŋ¹¹³),暂无
上海·市区(中新派),齈(齈),[空],non6(noŋ¹¹³),暂无
上海·市区(中新派),弄(弄),[空],non6(noŋ¹¹³),暂无
上海·市区(中新派),侬(儂),[空],non6(noŋ¹¹³),暂无
上海·市区(中新派),弄(弄),[空],lon1(loŋ⁵³),暂无
上海·市区(中新派),笼(籠),[空],lon6(loŋ¹¹³),暂无
上海·市区(中新派),聋(聾),[空],lon6(loŋ¹¹³),暂无
上海·市区(中新派),砻(礱),[空],lon6(loŋ¹¹³),暂无
上海·市区(中新派),咙(嚨),喉~,lon6(loŋ¹¹³),暂无
上海·市区(中新派),胧(朧),[空],lon6(loŋ¹¹³),暂无
上海·市区(中新派),珑(瓏),[空],lon6(loŋ¹¹³),暂无
上海·市区(中新派),隆(隆),[空],lon6(loŋ¹¹³),暂无
上海·市区(中新派),窿(窿),[空],lon6(loŋ¹¹³),暂无
上海·市区(中新派),龙(龍),[空],lon6(loŋ¹¹³),暂无
上海·市区(中新派),拢(攏),[空],lon6(loŋ¹¹³),暂无
上海·市区(中新派),陇(隴),[空],lon6(loŋ¹¹³),暂无
上海·市区(中新派),垄(壟),[空],lon6(loŋ¹¹³),暂无
上海·市区(中新派),弄(弄),[空],lon6(loŋ¹¹³),暂无
上海·市区(中新派),棕(棕),[空],tson1(tsoŋ⁵³),暂无
上海·市区(中新派),鬃(鬃),[空],tson1(tsoŋ⁵³),暂无
上海·市区(中新派),宗(宗),[空],tson1(tsoŋ⁵³),暂无
上海·市区(中新派),踪(蹤),[空],tson1(tsoŋ⁵³),暂无
上海·市区(中新派),综(綜),[空],tson1(tsoŋ⁵³),暂无
上海·市区(中新派),枞(樅),[空],tson1(tsoŋ⁵³),暂无
上海·市区(中新派),中(中),[空],tson1(tsoŋ⁵³),暂无
上海·市区(中新派),衷(衷),[空],tson1(tsoŋ⁵³),暂无
上海·市区(中新派),忠(忠),[空],tson1(tsoŋ⁵³),暂无
上海·市区(中新派),终(終),[空],tson1(tsoŋ⁵³),暂无
上海·市区(中新派),钟(鐘),[空],tson1(tsoŋ⁵³),暂无
上海·市区(中新派),盅(盅),[空],tson1(tsoŋ⁵³),暂无
上海·市区(中新派),翪(翪),翅膀一~，耸翅上,tson1(tsoŋ⁵³),暂无
上海·市区(中新派),𧺣(𧺣),~到屋里，急行,tson1(tsoŋ⁵³),暂无
上海·市区(中新派),总(總),[空],tson5(tsoŋ³³⁴),暂无
上海·市区(中新派),粽(粽),[空],tson5(tsoŋ³³⁴),暂无
上海·市区(中新派),纵(縱),[空],tson5(tsoŋ³³⁴),暂无
上海·市区(中新派),终(終),[空],tson5(tsoŋ³³⁴),暂无
上海·市区(中新派),冢(冢),[空],tson5(tsoŋ³³⁴),暂无
上海·市区(中新派),种(種),[空],tson5(tsoŋ³³⁴),暂无
上海·市区(中新派),肿(腫),[空],tson5(tsoŋ³³⁴),暂无
上海·市区(中新派),蹱(蹱),[空],tson5(tsoŋ³³⁴),暂无
上海·市区(中新派),中(中),~暑,tson5(tsoŋ³³⁴),暂无
上海·市区(中新派),众(眾),[空],tson5(tsoŋ³³⁴),暂无
上海·市区(中新派),聪(聰),[空],tshon1(tsʰoŋ⁵³),暂无
上海·市区(中新派),匆(匆),[空],tshon1(tsʰoŋ⁵³),暂无
上海·市区(中新派),葱(蔥),[空],tshon1(tsʰoŋ⁵³),暂无
上海·市区(中新派),囱(囪),[空],tshon1(tsʰoŋ⁵³),暂无
上海·市区(中新派),从(從),~容,tshon1(tsʰoŋ⁵³),暂无
上海·市区(中新派),忡(忡),[空],tshon1(tsʰoŋ⁵³),暂无
上海·市区(中新派),充(充),[空],tshon1(tsʰoŋ⁵³),暂无
上海·市区(中新派),冲(衝),[空],tshon1(tsʰoŋ⁵³),暂无
上海·市区(中新派),憧(憧),[空],tshon1(tsʰoŋ⁵³),暂无
上海·市区(中新派),舂(舂),[空],tshon1(tsʰoŋ⁵³),暂无
上海·市区(中新派),宠(寵),[空],tshon5(tsʰoŋ³³⁴),暂无
上海·市区(中新派),铳(銃),[空],tshon5(tsʰoŋ³³⁴),暂无
上海·市区(中新派),𥅻(𥅻),瞌~,tshon5(tsʰoŋ³³⁴),暂无
上海·市区(中新派),鍯(鍯),~洞，打,tshon5(tsʰoŋ³³⁴),暂无
上海·市区(中新派),𠑙(𠑙),跌跌~~，斜而不稳,tshon5(tsʰoŋ³³⁴),暂无
上海·市区(中新派),松(松),[空],son1(soŋ⁵³),暂无
上海·市区(中新派),松(鬆),[空],son1(soŋ⁵³),暂无
上海·市区(中新派),嵩(嵩),[空],son1(soŋ⁵³),暂无
上海·市区(中新派),淞(淞),[空],son1(soŋ⁵³),暂无
上海·市区(中新派),耸(聳),[空],son5(soŋ³³⁴),暂无
上海·市区(中新派),悚(悚),[空],son5(soŋ³³⁴),暂无
上海·市区(中新派),竦(竦),[空],son5(soŋ³³⁴),暂无
上海·市区(中新派),送(送),[空],son5(soŋ³³⁴),暂无
上海·市区(中新派),宋(宋),[空],son5(soŋ³³⁴),暂无
上海·市区(中新派),诵(誦),[空],son5(soŋ³³⁴),暂无
上海·市区(中新派),颂(頌),[空],son5(soŋ³³⁴),暂无
上海·市区(中新派),讼(訟),[空],son5(soŋ³³⁴),暂无
上海·市区(中新派),怂(慫),~恿,son5(soŋ³³⁴),暂无
上海·市区(中新派),丛(叢),[空],zon6(zoŋ¹¹³),暂无
上海·市区(中新派),从(從),[空],zon6(zoŋ¹¹³),暂无
上海·市区(中新派),诵(誦),[空],zon6(zoŋ¹¹³),暂无
上海·市区(中新派),颂(頌),[空],zon6(zoŋ¹¹³),暂无
上海·市区(中新派),讼(訟),[空],zon6(zoŋ¹¹³),暂无
上海·市区(中新派),虫(蟲),[空],zon6(zoŋ¹¹³),暂无
上海·市区(中新派),崇(崇),[空],zon6(zoŋ¹¹³),暂无
上海·市区(中新派),重(重),[空],zon6(zoŋ¹¹³),暂无
上海·市区(中新派),仲(仲),[空],zon6(zoŋ¹¹³),暂无
上海·市区(中新派),戎(戎),文,zon6(zoŋ¹¹³),暂无
上海·市区(中新派),茸(茸),文,zon6(zoŋ¹¹³),暂无
上海·市区(中新派),公(公),[空],kon1(koŋ⁵³),暂无
上海·市区(中新派),肱(肱),[空],kon1(koŋ⁵³),暂无
上海·市区(中新派),蚣(蚣),[空],kon1(koŋ⁵³),暂无
上海·市区(中新派),工(工),[空],kon1(koŋ⁵³),暂无
上海·市区(中新派),攻(攻),[空],kon1(koŋ⁵³),暂无
上海·市区(中新派),功(功),[空],kon1(koŋ⁵³),暂无
上海·市区(中新派),弓(弓),[空],kon1(koŋ⁵³),暂无
上海·市区(中新派),躬(躬),[空],kon1(koŋ⁵³),暂无
上海·市区(中新派),宫(宮),[空],kon1(koŋ⁵³),暂无
上海·市区(中新派),恭(恭),[空],kon1(koŋ⁵³),暂无
上海·市区(中新派),供(供),~应,kon1(koŋ⁵³),暂无
上海·市区(中新派),龚(龔),[空],kon1(koŋ⁵³),暂无
上海·市区(中新派),疘(疘),臀~，肛门,kon1(koŋ⁵³),暂无
上海·市区(中新派),汞(汞),[空],kon5(koŋ³³⁴),暂无
上海·市区(中新派),巩(鞏),[空],kon5(koŋ³³⁴),暂无
上海·市区(中新派),拱(拱),[空],kon5(koŋ³³⁴),暂无
上海·市区(中新派),贡(貢),[空],kon5(koŋ³³⁴),暂无
上海·市区(中新派),供(供),~佛,kon5(koŋ³³⁴),暂无
上海·市区(中新派),空(空),[空],khon1(kʰoŋ⁵³),暂无
上海·市区(中新派),箜(箜),~篌,khon1(kʰoŋ⁵³),暂无
上海·市区(中新派),孔(孔),[空],khon5(kʰoŋ³³⁴),暂无
上海·市区(中新派),恐(恐),[空],khon5(kʰoŋ³³⁴),暂无
上海·市区(中新派),控(控),[空],khon5(kʰoŋ³³⁴),暂无
上海·市区(中新派),空(空),~闲,khon5(kʰoŋ³³⁴),暂无
上海·市区(中新派),共(共),[空],gon6(goŋ¹¹³),暂无
上海·市区(中新派),轰(轟),[空],hon1(hoŋ⁵³),暂无
上海·市区(中新派),烘(烘),[空],hon1(hoŋ⁵³),暂无
上海·市区(中新派),哄(哄),~堂大笑,hon1(hoŋ⁵³),暂无
上海·市区(中新派),薨(薨),[空],hon1(hoŋ⁵³),暂无
上海·市区(中新派),哄(哄),~骗,hon5(hoŋ³³⁴),暂无
上海·市区(中新派),讧(訌),[空],hon5(hoŋ³³⁴),暂无
上海·市区(中新派),蕻(蕻),[空],hon5(hoŋ³³⁴),暂无
上海·市区(中新派),𦶓(𦶓),草一~而起，草木萌发,hon5(hoŋ³³⁴),暂无
上海·市区(中新派),弘(弘),[空],ghon6(ɦoŋ¹¹³),暂无
上海·市区(中新派),泓(泓),[空],ghon6(ɦoŋ¹¹³),暂无
上海·市区(中新派),红(紅),[空],ghon6(ɦoŋ¹¹³),暂无
上海·市区(中新派),宏(宏),[空],ghon6(ɦoŋ¹¹³),暂无
上海·市区(中新派),洪(洪),[空],ghon6(ɦoŋ¹¹³),暂无
上海·市区(中新派),虹(虹),[空],ghon6(ɦoŋ¹¹³),暂无
上海·市区(中新派),鸿(鴻),[空],ghon6(ɦoŋ¹¹³),暂无
上海·市区(中新派),翁(翁),[空],on1(oŋ⁵³),暂无
上海·市区(中新派),嗡(嗡),[空],on1(oŋ⁵³),暂无
上海·市区(中新派),蕹(蕹),~菜,on1(oŋ⁵³),暂无
上海·市区(中新派),齆(齆),[空],on5(oŋ³³⁴),暂无
上海·市区(中新派),䐥(䐥),~气，臭味,on5(oŋ³³⁴),暂无
上海·市区(中新派),瓮(甕),[空],on5(oŋ³³⁴),暂无
上海·市区(中新派),均(均),[空],cion1(tɕioŋ⁵³),暂无
上海·市区(中新派),钧(鈞),[空],cion1(tɕioŋ⁵³),暂无
上海·市区(中新派),君(君),[空],cion1(tɕioŋ⁵³),暂无
上海·市区(中新派),军(軍),[空],cion1(tɕioŋ⁵³),暂无
上海·市区(中新派),皲(皸),[空],cion1(tɕioŋ⁵³),暂无
上海·市区(中新派),菌(菌),[空],cion1(tɕioŋ⁵³),暂无
上海·市区(中新派),炯(炯),[空],cion1(tɕioŋ⁵³),暂无
上海·市区(中新派),龚(龔),[空],cion1(tɕioŋ⁵³),暂无
上海·市区(中新派),窘(窘),[空],cion5(tɕioŋ³³⁴),暂无
上海·市区(中新派),迥(迥),[空],cion5(tɕioŋ³³⁴),暂无
上海·市区(中新派),穹(穹),[空],chion1(tɕʰioŋ⁵³),暂无
上海·市区(中新派),群(群),[空],jion6(dʑioŋ¹¹³),暂无
上海·市区(中新派),裙(裙),[空],jion6(dʑioŋ¹¹³),暂无
上海·市区(中新派),郡(郡),[空],jion6(dʑioŋ¹¹³),暂无
上海·市区(中新派),琼(瓊),[空],jion6(dʑioŋ¹¹³),暂无
上海·市区(中新派),穹(穹),[空],jion6(dʑioŋ¹¹³),暂无
上海·市区(中新派),穷(窮),[空],jion6(dʑioŋ¹¹³),暂无
上海·市区(中新派),浓(濃),[空],gnion6(ȵioŋ¹¹³),暂无
上海·市区(中新派),醲(醲),[空],gnion6(ȵioŋ¹¹³),暂无
上海·市区(中新派),绒(絨),[空],gnion6(ȵioŋ¹¹³),暂无
上海·市区(中新派),冗(冗),[空],gnion6(ȵioŋ¹¹³),暂无
上海·市区(中新派),戎(戎),白,gnion6(ȵioŋ¹¹³),暂无
上海·市区(中新派),茸(茸),白,gnion6(ȵioŋ¹¹³),暂无
上海·市区(中新派),熏(熏),[空],shion1(ɕioŋ⁵³),暂无
上海·市区(中新派),熏(薰),[空],shion1(ɕioŋ⁵³),暂无
上海·市区(中新派),醺(醺),[空],shion1(ɕioŋ⁵³),暂无
上海·市区(中新派),勋(勛),[空],shion1(ɕioŋ⁵³),暂无
上海·市区(中新派),兄(兄),[空],shion1(ɕioŋ⁵³),暂无
上海·市区(中新派),凶(兇),[空],shion1(ɕioŋ⁵³),暂无
上海·市区(中新派),汹(洶),[空],shion1(ɕioŋ⁵³),暂无
上海·市区(中新派),胸(胸),[空],shion1(ɕioŋ⁵³),暂无
上海·市区(中新派),匈(匈),[空],shion1(ɕioŋ⁵³),暂无
上海·市区(中新派),讻(詾),[空],shion1(ɕioŋ⁵³),暂无
上海·市区(中新派),荀(荀),[空],shion5(ɕioŋ³³⁴),暂无
上海·市区(中新派),询(詢),[空],shion5(ɕioŋ³³⁴),暂无
上海·市区(中新派),训(訓),[空],shion5(ɕioŋ³³⁴),暂无
上海·市区(中新派),驯(馴),[空],shion5(ɕioŋ³³⁴),暂无
上海·市区(中新派),殉(殉),[空],shion5(ɕioŋ³³⁴),暂无
上海·市区(中新派),徇(徇),[空],zhion6(ʑioŋ¹¹³),暂无
上海·市区(中新派),匀(勻),[空],yon6(ɦioŋ¹¹³),暂无
上海·市区(中新派),云(雲),[空],yon6(ɦioŋ¹¹³),暂无
上海·市区(中新派),云(云),[空],yon6(ɦioŋ¹¹³),暂无
上海·市区(中新派),陨(隕),[空],yon6(ɦioŋ¹¹³),暂无
上海·市区(中新派),殒(殞),[空],yon6(ɦioŋ¹¹³),暂无
上海·市区(中新派),韵(韻),[空],yon6(ɦioŋ¹¹³),暂无
上海·市区(中新派),芸(芸),[空],yon6(ɦioŋ¹¹³),暂无
上海·市区(中新派),耘(耘),[空],yon6(ɦioŋ¹¹³),暂无
上海·市区(中新派),运(運),[空],yon6(ɦioŋ¹¹³),暂无
上海·市区(中新派),孕(孕),[空],yon6(ɦioŋ¹¹³),暂无
上海·市区(中新派),晕(暈),[空],yon6(ɦioŋ¹¹³),暂无
上海·市区(中新派),允(允),[空],yon6(ɦioŋ¹¹³),暂无
上海·市区(中新派),茔(塋),[空],yon6(ɦioŋ¹¹³),暂无
上海·市区(中新派),莹(瑩),[空],yon6(ɦioŋ¹¹³),暂无
上海·市区(中新派),营(營),[空],yon6(ɦioŋ¹¹³),暂无
上海·市区(中新派),萤(螢),[空],yon6(ɦioŋ¹¹³),暂无
上海·市区(中新派),荧(熒),[空],yon6(ɦioŋ¹¹³),暂无
上海·市区(中新派),荣(榮),[空],yon6(ɦioŋ¹¹³),暂无
上海·市区(中新派),融(融),[空],yon6(ɦioŋ¹¹³),暂无
上海·市区(中新派),容(容),[空],yon6(ɦioŋ¹¹³),暂无
上海·市区(中新派),熔(熔),[空],yon6(ɦioŋ¹¹³),暂无
上海·市区(中新派),溶(溶),[空],yon6(ɦioŋ¹¹³),暂无
上海·市区(中新派),榕(榕),[空],yon6(ɦioŋ¹¹³),暂无
上海·市区(中新派),庸(庸),[空],yon6(ɦioŋ¹¹³),暂无
上海·市区(中新派),慵(慵),[空],yon6(ɦioŋ¹¹³),暂无
上海·市区(中新派),蓉(蓉),[空],yon6(ɦioŋ¹¹³),暂无
上海·市区(中新派),佣(傭),[空],yon6(ɦioŋ¹¹³),暂无
上海·市区(中新派),用(用),[空],yon6(ɦioŋ¹¹³),暂无
上海·市区(中新派),镛(鏞),[空],yon6(ɦioŋ¹¹³),暂无
上海·市区(中新派),熊(熊),[空],yon6(ɦioŋ¹¹³),暂无
上海·市区(中新派),雄(雄),[空],yon6(ɦioŋ¹¹³),暂无
上海·市区(中新派),允(允),[空],ion5(ioŋ³³⁴),暂无
上海·市区(中新派),酝(醞),[空],ion5(ioŋ³³⁴),暂无
上海·市区(中新派),蕴(蘊),[空],ion5(ioŋ³³⁴),暂无
上海·市区(中新派),熨(熨),[空],ion5(ioŋ³³⁴),暂无
上海·市区(中新派),永(永),[空],ion5(ioŋ³³⁴),暂无
上海·市区(中新派),咏(詠),[空],ion5(ioŋ³³⁴),暂无
上海·市区(中新派),泳(泳),[空],ion5(ioŋ³³⁴),暂无
上海·市区(中新派),甬(甬),[空],ion5(ioŋ³³⁴),暂无
上海·市区(中新派),勇(勇),[空],ion5(ioŋ³³⁴),暂无
上海·市区(中新派),涌(湧),[空],ion5(ioŋ³³⁴),暂无
上海·市区(中新派),俑(俑),[空],ion5(ioŋ³³⁴),暂无
上海·市区(中新派),踊(踴),[空],ion5(ioŋ³³⁴),暂无
上海·市区(中新派),蛹(蛹),[空],ion5(ioŋ³³⁴),暂无
上海·市区(中新派),恿(恿),[空],ion5(ioŋ³³⁴),暂无
上海·市区(中新派),雍(雍),[空],ion5(ioŋ³³⁴),暂无
上海·市区(中新派),壅(壅),[空],ion5(ioŋ³³⁴),暂无
上海·市区(中新派),邕(邕),[空],ion5(ioŋ³³⁴),暂无
上海·市区(中新派),拥(擁),[空],ion5(ioŋ³³⁴),暂无
上海·市区(中新派),臃(臃),[空],ion5(ioŋ³³⁴),暂无
上海·市区(中新派),痈(癰),[空],ion5(ioŋ³³⁴),暂无
上海·市区(中新派),八(八),[空],paq7(pᴀʔ⁵⁵),暂无
上海·市区(中新派),捌(捌),[空],paq7(pᴀʔ⁵⁵),暂无
上海·市区(中新派),伯(伯),[空],paq7(pᴀʔ⁵⁵),暂无
上海·市区(中新派),百(百),[空],paq7(pᴀʔ⁵⁵),暂无
上海·市区(中新派),柏(柏),[空],paq7(pᴀʔ⁵⁵),暂无
上海·市区(中新派),擘(擘),~开,paq7(pᴀʔ⁵⁵),暂无
上海·市区(中新派),拍(拍),[空],phaq7(pʰᴀʔ⁵⁵),暂无
上海·市区(中新派),帕(帕),[空],phaq7(pʰᴀʔ⁵⁵),暂无
上海·市区(中新派),泊(泊),[空],phaq7(pʰᴀʔ⁵⁵),暂无
上海·市区(中新派),粕(粕),[空],phaq7(pʰᴀʔ⁵⁵),暂无
上海·市区(中新派),魄(魄),[空],phaq7(pʰᴀʔ⁵⁵),暂无
上海·市区(中新派),迫(迫),[空],phaq7(pʰᴀʔ⁵⁵),暂无
上海·市区(中新派),珀(珀),琥~,phaq7(pʰᴀʔ⁵⁵),暂无
上海·市区(中新派),舶(舶),[空],phaq7(pʰᴀʔ⁵⁵),暂无
上海·市区(中新派),𤖼(𤖼),~开脚，分开,phaq7(pʰᴀʔ⁵⁵),暂无
上海·市区(中新派),拔(拔),[空],baq8(bᴀʔ¹²),暂无
上海·市区(中新派),跋(跋),[空],baq8(bᴀʔ¹²),暂无
上海·市区(中新派),帛(帛),[空],baq8(bᴀʔ¹²),暂无
上海·市区(中新派),白(白),[空],baq8(bᴀʔ¹²),暂无
上海·市区(中新派),𧻙(𧻙),走路~发~发，蹒跚,maq7(mᴀʔ⁵⁵),暂无
上海·市区(中新派),袜(襪),[空],maq8(mᴀʔ¹²),暂无
上海·市区(中新派),陌(陌),[空],maq8(mᴀʔ¹²),暂无
上海·市区(中新派),脉(脈),[空],maq8(mᴀʔ¹²),暂无
上海·市区(中新派),麦(麥),[空],maq8(mᴀʔ¹²),暂无
上海·市区(中新派),发(發),[空],faq7(fᴀʔ⁵⁵),暂无
上海·市区(中新派),髪(髪),[空],faq7(fᴀʔ⁵⁵),暂无
上海·市区(中新派),法(法),[空],faq7(fᴀʔ⁵⁵),暂无
上海·市区(中新派),珐(琺),~琅,faq7(fᴀʔ⁵⁵),暂无
上海·市区(中新派),砝(砝),~码,faq7(fᴀʔ⁵⁵),暂无
上海·市区(中新派),乏(乏),[空],vaq8(vᴀʔ¹²),暂无
上海·市区(中新派),伐(伐),[空],vaq8(vᴀʔ¹²),暂无
上海·市区(中新派),筏(筏),[空],vaq8(vᴀʔ¹²),暂无
上海·市区(中新派),阀(閥),[空],vaq8(vᴀʔ¹²),暂无
上海·市区(中新派),罚(罰),[空],vaq8(vᴀʔ¹²),暂无
上海·市区(中新派),搭(搭),[空],taq7(tᴀʔ⁵⁵),暂无
上海·市区(中新派),褡(褡),[空],taq7(tᴀʔ⁵⁵),暂无
上海·市区(中新派),耷(耷),[空],taq7(tᴀʔ⁵⁵),暂无
上海·市区(中新派),答(答),[空],taq7(tᴀʔ⁵⁵),暂无
上海·市区(中新派),妲(妲),[空],taq7(tᴀʔ⁵⁵),暂无
上海·市区(中新派),嗒(嗒),~味道,taq7(tᴀʔ⁵⁵),暂无
上海·市区(中新派),瘩(瘩),疙~,taq7(tᴀʔ⁵⁵),暂无
上海·市区(中新派),鎝(鎝),铁~,taq7(tᴀʔ⁵⁵),暂无
上海·市区(中新派),沓(沓),瞎~瞎缠,taq7(tᴀʔ⁵⁵),暂无
上海·市区(中新派),溚(溚),~~渧,taq7(tᴀʔ⁵⁵),暂无
上海·市区(中新派),㿯(㿯),宽~~，皮松,taq7(tᴀʔ⁵⁵),暂无
上海·市区(中新派),塌(塌),[空],thaq7(tʰᴀʔ⁵⁵),暂无
上海·市区(中新派),溻(溻),[空],thaq7(tʰᴀʔ⁵⁵),暂无
上海·市区(中新派),塔(塔),[空],thaq7(tʰᴀʔ⁵⁵),暂无
上海·市区(中新派),獭(獺),[空],thaq7(tʰᴀʔ⁵⁵),暂无
上海·市区(中新派),搨(搨),[空],thaq7(tʰᴀʔ⁵⁵),暂无
上海·市区(中新派),榻(榻),[空],thaq7(tʰᴀʔ⁵⁵),暂无
上海·市区(中新派),遢(遢),邋~,thaq7(tʰᴀʔ⁵⁵),暂无
上海·市区(中新派),蹋(蹋),[空],thaq7(tʰᴀʔ⁵⁵),暂无
上海·市区(中新派),鳎(鰨),捏~鱼,thaq7(tʰᴀʔ⁵⁵),暂无
上海·市区(中新派),呾(呾),~伊两句,thaq7(tʰᴀʔ⁵⁵),暂无
上海·市区(中新派),𩝣(𩝣),~饼,thaq7(tʰᴀʔ⁵⁵),暂无
上海·市区(中新派),达(達),[空],daq8(dᴀʔ¹²),暂无
上海·市区(中新派),踏(踏),[空],daq8(dᴀʔ¹²),暂无
上海·市区(中新派),闼(闥),[空],daq8(dᴀʔ¹²),暂无
上海·市区(中新派),挞(撻),[空],daq8(dᴀʔ¹²),暂无
上海·市区(中新派),䈳(䈳),窗扇,daq8(dᴀʔ¹²),暂无
上海·市区(中新派),纳(納),[空],naq8(nᴀʔ¹²),暂无
上海·市区(中新派),衲(衲),[空],naq8(nᴀʔ¹²),暂无
上海·市区(中新派),捺(捺),[空],naq8(nᴀʔ¹²),暂无
上海·市区(中新派),钠(鈉),[空],naq8(nᴀʔ¹²),暂无
上海·市区(中新派),吶(吶),[空],naq8(nᴀʔ¹²),暂无
上海·市区(中新派),邋(邋),~遢,laq8(lᴀʔ¹²),暂无
上海·市区(中新派),腊(臘),[空],laq8(lᴀʔ¹²),暂无
上海·市区(中新派),蜡(蠟),[空],laq8(lᴀʔ¹²),暂无
上海·市区(中新派),辣(辣),[空],laq8(lᴀʔ¹²),暂无
上海·市区(中新派),剌(剌),[空],laq8(lᴀʔ¹²),暂无
上海·市区(中新派),瘌(瘌),[空],laq8(lᴀʔ¹²),暂无
上海·市区(中新派),猎(獵),[空],laq8(lᴀʔ¹²),暂无
上海·市区(中新派),匝(匝),[空],tsaq7(tsᴀʔ⁵⁵),暂无
上海·市区(中新派),咂(咂),[空],tsaq7(tsᴀʔ⁵⁵),暂无
上海·市区(中新派),扎(扎),[空],tsaq7(tsᴀʔ⁵⁵),暂无
上海·市区(中新派),札(札),[空],tsaq7(tsᴀʔ⁵⁵),暂无
上海·市区(中新派),窄(窄),[空],tsaq7(tsᴀʔ⁵⁵),暂无
上海·市区(中新派),着(著),~衣裳,tsaq7(tsᴀʔ⁵⁵),暂无
上海·市区(中新派),酌(酌),[空],tsaq7(tsᴀʔ⁵⁵),暂无
上海·市区(中新派),灼(灼),[空],tsaq7(tsᴀʔ⁵⁵),暂无
上海·市区(中新派),炙(炙),[空],tsaq7(tsᴀʔ⁵⁵),暂无
上海·市区(中新派),𡇠(𡇠),~硬，坚固,tsaq7(tsᴀʔ⁵⁵),暂无
上海·市区(中新派),只(隻),[空],tsaq7(tsᴀʔ⁵⁵),暂无
上海·市区(中新派),擦(擦),[空],tshaq7(tsʰᴀʔ⁵⁵),暂无
上海·市区(中新派),插(插),[空],tshaq7(tsʰᴀʔ⁵⁵),暂无
上海·市区(中新派),察(察),[空],tshaq7(tsʰᴀʔ⁵⁵),暂无
上海·市区(中新派),策(策),[空],tshaq7(tsʰᴀʔ⁵⁵),暂无
上海·市区(中新派),册(冊),[空],tshaq7(tsʰᴀʔ⁵⁵),暂无
上海·市区(中新派),拆(拆),[空],tshaq7(tsʰᴀʔ⁵⁵),暂无
上海·市区(中新派),尺(尺),[空],tshaq7(tsʰᴀʔ⁵⁵),暂无
上海·市区(中新派),赤(赤),[空],tshaq7(tsʰᴀʔ⁵⁵),暂无
上海·市区(中新派),斥(斥),排~,tshaq7(tsʰᴀʔ⁵⁵),暂无
上海·市区(中新派),坼(坼),~开,tshaq7(tsʰᴀʔ⁵⁵),暂无
上海·市区(中新派),绰(綽),~号,tshaq7(tsʰᴀʔ⁵⁵),暂无
上海·市区(中新派),㿭(㿭),皲裂,tshaq7(tsʰᴀʔ⁵⁵),暂无
上海·市区(中新派),萨(薩),[空],saq7(sᴀʔ⁵⁵),暂无
上海·市区(中新派),飒(颯),[空],saq7(sᴀʔ⁵⁵),暂无
上海·市区(中新派),杀(殺),[空],saq7(sᴀʔ⁵⁵),暂无
上海·市区(中新派),煞(煞),[空],saq7(sᴀʔ⁵⁵),暂无
上海·市区(中新派),剎(剎),[空],saq7(sᴀʔ⁵⁵),暂无
上海·市区(中新派),眨(眨),[空],saq7(sᴀʔ⁵⁵),暂无
上海·市区(中新派),霎(霎),[空],saq7(sᴀʔ⁵⁵),暂无
上海·市区(中新派),栅(柵),[空],saq7(sᴀʔ⁵⁵),暂无
上海·市区(中新派),湿(濕),[空],saq7(sᴀʔ⁵⁵),暂无
上海·市区(中新派),撒(撒),~手,saq7(sᴀʔ⁵⁵),暂无
上海·市区(中新派),𢶍(𢶍),~裤腰,saq7(sᴀʔ⁵⁵),暂无
上海·市区(中新派),𩐅(𩐅),~台脚，垫稳,saq7(sᴀʔ⁵⁵),暂无
上海·市区(中新派),杂(雜),[空],zaq8(zᴀʔ¹²),暂无
上海·市区(中新派),砸(砸),[空],zaq8(zᴀʔ¹²),暂无
上海·市区(中新派),闸(閘),[空],zaq8(zᴀʔ¹²),暂无
上海·市区(中新派),煠(煠),[空],zaq8(zᴀʔ¹²),暂无
上海·市区(中新派),铡(鍘),[空],zaq8(zᴀʔ¹²),暂无
上海·市区(中新派),宅(宅),[空],zaq8(zᴀʔ¹²),暂无
上海·市区(中新派),着(著),~落,zaq8(zᴀʔ¹²),暂无
上海·市区(中新派),硕(碩),[空],zaq8(zᴀʔ¹²),暂无
上海·市区(中新派),若(若),[空],zaq8(zᴀʔ¹²),暂无
上海·市区(中新派),弱(弱),[空],zaq8(zᴀʔ¹²),暂无
上海·市区(中新派),掷(擲),[空],zaq8(zᴀʔ¹²),暂无
上海·市区(中新派),石(石),[空],zaq8(zᴀʔ¹²),暂无
上海·市区(中新派),芍(芍),[空],zaq8(zᴀʔ¹²),暂无
上海·市区(中新派),𧼰(𧼰),~进~出，窜，跑,zaq8(zᴀʔ¹²),暂无
上海·市区(中新派),措(措),拨门~着一记，夹痛,zaq8(zᴀʔ¹²),暂无
上海·市区(中新派),夹(夾),白,kaq7(kᴀʔ⁵⁵),暂无
上海·市区(中新派),峡(峽),白,kaq7(kᴀʔ⁵⁵),暂无
上海·市区(中新派),格(格),[空],kaq7(kᴀʔ⁵⁵),暂无
上海·市区(中新派),隔(隔),[空],kaq7(kᴀʔ⁵⁵),暂无
上海·市区(中新派),骼(骼),[空],kaq7(kᴀʔ⁵⁵),暂无
上海·市区(中新派),膈(膈),[空],kaq7(kᴀʔ⁵⁵),暂无
上海·市区(中新派),䇲(䇲),~栅，木桩,kaq7(kᴀʔ⁵⁵),暂无
上海·市区(中新派),䀫(䀫),~~眼睛，眨,kaq7(kᴀʔ⁵⁵),暂无
上海·市区(中新派),掐(掐),[空],khaq7(kʰᴀʔ⁵⁵),暂无
上海·市区(中新派),恰(恰),白,khaq7(kʰᴀʔ⁵⁵),暂无
上海·市区(中新派),客(客),[空],khaq7(kʰᴀʔ⁵⁵),暂无
上海·市区(中新派),轧(軋),[空],gaq8(gᴀʔ¹²),暂无
上海·市区(中新派),额(額),[空],ngaq8(ŋᴀʔ¹²),暂无
上海·市区(中新派),齾(齾),~口，缺齿，弄缺,ngaq8(ŋᴀʔ¹²),暂无
上海·市区(中新派),瞎(瞎),[空],haq7(hᴀʔ⁵⁵),暂无
上海·市区(中新派),辖(轄),白,haq7(hᴀʔ⁵⁵),暂无
上海·市区(中新派),吓(嚇),[空],haq7(hᴀʔ⁵⁵),暂无
上海·市区(中新派),喝(喝),[空],haq7(hᴀʔ⁵⁵),暂无
上海·市区(中新派),呷(呷),[空],haq7(hᴀʔ⁵⁵),暂无
上海·市区(中新派),狭(狹),[空],ghaq8(ɦᴀʔ¹²),暂无
上海·市区(中新派),匣(匣),[空],ghaq8(ɦᴀʔ¹²),暂无
上海·市区(中新派),盒(盒),[空],ghaq8(ɦᴀʔ¹²),暂无
上海·市区(中新派),狎(狎),[空],ghaq8(ɦᴀʔ¹²),暂无
上海·市区(中新派),鸭(鴨),[空],aq7(ᴀʔ⁵⁵),暂无
上海·市区(中新派),押(押),[空],aq7(ᴀʔ⁵⁵),暂无
上海·市区(中新派),压(壓),[空],aq7(ᴀʔ⁵⁵),暂无
上海·市区(中新派),阿(阿),~哥,aq7(ᴀʔ⁵⁵),暂无
上海·市区(中新派),略(略),[空],liaq8(liᴀʔ¹²),暂无
上海·市区(中新派),掠(掠),[空],liaq8(liᴀʔ¹²),暂无
上海·市区(中新派),夹(夾),文,ciaq7(tɕiᴀʔ⁵⁵),暂无
上海·市区(中新派),荚(莢),[空],ciaq7(tɕiᴀʔ⁵⁵),暂无
上海·市区(中新派),峡(峽),文,ciaq7(tɕiᴀʔ⁵⁵),暂无
上海·市区(中新派),颊(頰),[空],ciaq7(tɕiᴀʔ⁵⁵),暂无
上海·市区(中新派),甲(甲),[空],ciaq7(tɕiᴀʔ⁵⁵),暂无
上海·市区(中新派),胛(胛),[空],ciaq7(tɕiᴀʔ⁵⁵),暂无
上海·市区(中新派),钾(鉀),[空],ciaq7(tɕiᴀʔ⁵⁵),暂无
上海·市区(中新派),爵(爵),[空],ciaq7(tɕiᴀʔ⁵⁵),暂无
上海·市区(中新派),脚(腳),[空],ciaq7(tɕiᴀʔ⁵⁵),暂无
上海·市区(中新派),恰(恰),文,chiaq7(tɕʰiᴀʔ⁵⁵),暂无
上海·市区(中新派),洽(洽),~谈,chiaq7(tɕʰiᴀʔ⁵⁵),暂无
上海·市区(中新派),怯(怯),[空],chiaq7(tɕʰiᴀʔ⁵⁵),暂无
上海·市区(中新派),雀(雀),[空],chiaq7(tɕʰiᴀʔ⁵⁵),暂无
上海·市区(中新派),鹊(鵲),[空],chiaq7(tɕʰiᴀʔ⁵⁵),暂无
上海·市区(中新派),却(卻),[空],chiaq7(tɕʰiᴀʔ⁵⁵),暂无
上海·市区(中新派),皵(皵),扳~丝，一丝翘起,chiaq7(tɕʰiᴀʔ⁵⁵),暂无
上海·市区(中新派),捏(捏),[空],gniaq8(ȵiᴀʔ¹²),暂无
上海·市区(中新派),虐(虐),[空],gniaq8(ȵiᴀʔ¹²),暂无
上海·市区(中新派),疟(瘧),[空],gniaq8(ȵiᴀʔ¹²),暂无
上海·市区(中新派),箬(箬),[空],gniaq8(ȵiᴀʔ¹²),暂无
上海·市区(中新派),辖(轄),文,shiaq7(ɕiᴀʔ⁵⁵),暂无
上海·市区(中新派),削(削),[空],shiaq7(ɕiᴀʔ⁵⁵),暂无
上海·市区(中新派),嚼(嚼),[空],zhiaq8(ʑiᴀʔ¹²),暂无
上海·市区(中新派),侠(俠),[空],yaq8(ɦiᴀʔ¹²),暂无
上海·市区(中新派),协(協),[空],yaq8(ɦiᴀʔ¹²),暂无
上海·市区(中新派),胁(脅),[空],yaq8(ɦiᴀʔ¹²),暂无
上海·市区(中新派),跃(躍),[空],yaq8(ɦiᴀʔ¹²),暂无
上海·市区(中新派),乐(樂),音~,yaq8(ɦiᴀʔ¹²),暂无
上海·市区(中新派),学(學),文,yaq8(ɦiᴀʔ¹²),暂无
上海·市区(中新派),峡(峽),文,yaq8(ɦiᴀʔ¹²),暂无
上海·市区(中新派),药(藥),[空],yaq8(ɦiᴀʔ¹²),暂无
上海·市区(中新派),钥(鑰),~匙,yaq8(ɦiᴀʔ¹²),暂无
上海·市区(中新派),洽(洽),接~,yaq8(ɦiᴀʔ¹²),暂无
上海·市区(中新派),约(約),[空],iaq7(iᴀʔ⁵⁵),暂无
上海·市区(中新派),刮(刮),[空],kuaq7(kuᴀʔ⁵⁵),暂无
上海·市区(中新派),掴(摑),~耳光，打,kuaq7(kuᴀʔ⁵⁵),暂无
上海·市区(中新派),括(括),[空],kuaq7(kuᴀʔ⁵⁵),暂无
上海·市区(中新派),矌(矌),拨我~一眼，略见,kuaq7(kuᴀʔ⁵⁵),暂无
上海·市区(中新派),豁(豁),[空],huaq7(huᴀʔ⁵⁵),暂无
上海·市区(中新派),奯(奯),~开眼睛，长大眼睛,huaq7(huᴀʔ⁵⁵),暂无
上海·市区(中新派),滑(滑),[空],waq8(ɦuᴀʔ¹²),暂无
上海·市区(中新派),猾(猾),[空],waq8(ɦuᴀʔ¹²),暂无
上海·市区(中新派),划(劃),计~,waq8(ɦuᴀʔ¹²),暂无
上海·市区(中新派),磆(磆),~石,waq8(ɦuᴀʔ¹²),暂无
上海·市区(中新派),挖(挖),[空],uaq7(uᴀʔ⁵⁵),暂无
上海·市区(中新派),剥(剝),[空],poq7(poʔ⁵⁵),暂无
上海·市区(中新派),博(博),[空],poq7(poʔ⁵⁵),暂无
上海·市区(中新派),搏(搏),[空],poq7(poʔ⁵⁵),暂无
上海·市区(中新派),膊(膊),[空],poq7(poʔ⁵⁵),暂无
上海·市区(中新派),驳(駁),[空],poq7(poʔ⁵⁵),暂无
上海·市区(中新派),卜(卜),~卦,poq7(poʔ⁵⁵),暂无
上海·市区(中新派),北(北),[空],poq7(poʔ⁵⁵),暂无
上海·市区(中新派),扑(撲),[空],phoq7(pʰoʔ⁵⁵),暂无
上海·市区(中新派),仆(僕),~倒,phoq7(pʰoʔ⁵⁵),暂无
上海·市区(中新派),璞(璞),[空],phoq7(pʰoʔ⁵⁵),暂无
上海·市区(中新派),朴(樸),[空],phoq7(pʰoʔ⁵⁵),暂无
上海·市区(中新派),蹼(蹼),[空],phoq7(pʰoʔ⁵⁵),暂无
上海·市区(中新派),濮(濮),[空],phoq7(pʰoʔ⁵⁵),暂无
上海·市区(中新派),噗(噗),[空],phoq7(pʰoʔ⁵⁵),暂无
上海·市区(中新派),𩔈(𩔈),~肉，肥,phoq7(pʰoʔ⁵⁵),暂无
上海·市区(中新派),薄(薄),[空],boq8(boʔ¹²),暂无
上海·市区(中新派),箔(箔),[空],boq8(boʔ¹²),暂无
上海·市区(中新派),卜(蔔),老~，萝卜,boq8(boʔ¹²),暂无
上海·市区(中新派),仆(僕),~人,boq8(boʔ¹²),暂无
上海·市区(中新派),瀑(瀑),[空],boq8(boʔ¹²),暂无
上海·市区(中新派),曝(曝),[空],boq8(boʔ¹²),暂无
上海·市区(中新派),缚(縛),白,boq8(boʔ¹²),暂无
上海·市区(中新派),匍(匍),~辣地浪，伏,boq8(boʔ¹²),暂无
上海·市区(中新派),䞳(䞳),合~,boq8(boʔ¹²),暂无
上海·市区(中新派),摸(摸),[空],moq8(moʔ¹²),暂无
上海·市区(中新派),膜(膜),[空],moq8(moʔ¹²),暂无
上海·市区(中新派),莫(莫),[空],moq8(moʔ¹²),暂无
上海·市区(中新派),寞(寞),[空],moq8(moʔ¹²),暂无
上海·市区(中新派),漠(漠),[空],moq8(moʔ¹²),暂无
上海·市区(中新派),木(木),[空],moq8(moʔ¹²),暂无
上海·市区(中新派),沐(沐),[空],moq8(moʔ¹²),暂无
上海·市区(中新派),目(目),[空],moq8(moʔ¹²),暂无
上海·市区(中新派),牧(牧),[空],moq8(moʔ¹²),暂无
上海·市区(中新派),穆(穆),[空],moq8(moʔ¹²),暂无
上海·市区(中新派),睦(睦),[空],moq8(moʔ¹²),暂无
上海·市区(中新派),苜(苜),[空],moq8(moʔ¹²),暂无
上海·市区(中新派),福(福),[空],foq7(foʔ⁵⁵),暂无
上海·市区(中新派),蝠(蝠),蝙~,foq7(foʔ⁵⁵),暂无
上海·市区(中新派),幅(幅),[空],foq7(foʔ⁵⁵),暂无
上海·市区(中新派),辐(輻),[空],foq7(foʔ⁵⁵),暂无
上海·市区(中新派),复(複),[空],foq7(foʔ⁵⁵),暂无
上海·市区(中新派),复(復),[空],foq7(foʔ⁵⁵),暂无
上海·市区(中新派),覆(覆),[空],foq7(foʔ⁵⁵),暂无
上海·市区(中新派),腹(腹),[空],foq7(foʔ⁵⁵),暂无
上海·市区(中新派),蝮(蝮),[空],foq7(foʔ⁵⁵),暂无
上海·市区(中新派),馥(馥),[空],foq7(foʔ⁵⁵),暂无
上海·市区(中新派),服(服),[空],voq8(voʔ¹²),暂无
上海·市区(中新派),伏(伏),[空],voq8(voʔ¹²),暂无
上海·市区(中新派),茯(茯),~苓,voq8(voʔ¹²),暂无
上海·市区(中新派),袱(袱),[空],voq8(voʔ¹²),暂无
上海·市区(中新派),复(復),[空],voq8(voʔ¹²),暂无
上海·市区(中新派),缚(縛),文,voq8(voʔ¹²),暂无
上海·市区(中新派),笃(篤),[空],toq7(toʔ⁵⁵),暂无
上海·市区(中新派),督(督),[空],toq7(toʔ⁵⁵),暂无
上海·市区(中新派),厾(厾),~标枪，扔，掷,toq7(toʔ⁵⁵),暂无
上海·市区(中新派),𧝴(𧝴),~角,toq7(toʔ⁵⁵),暂无
上海·市区(中新派),沰(沰),~雨，淋；一~，滴,toq7(toʔ⁵⁵),暂无
上海·市区(中新派),豛(豛),敲,toq7(toʔ⁵⁵),暂无
上海·市区(中新派),托(托),[空],thoq7(tʰoʔ⁵⁵),暂无
上海·市区(中新派),庹(庹),[空],thoq7(tʰoʔ⁵⁵),暂无
上海·市区(中新派),拓(拓),[空],thoq7(tʰoʔ⁵⁵),暂无
上海·市区(中新派),柝(柝),[空],thoq7(tʰoʔ⁵⁵),暂无
上海·市区(中新派),橐(橐),[空],thoq7(tʰoʔ⁵⁵),暂无
上海·市区(中新派),魄(魄),落~,thoq7(tʰoʔ⁵⁵),暂无
上海·市区(中新派),袥(袥),~肩，垫肩,thoq7(tʰoʔ⁵⁵),暂无
上海·市区(中新派),铎(鐸),[空],doq8(doʔ¹²),暂无
上海·市区(中新派),踱(踱),[空],doq8(doʔ¹²),暂无
上海·市区(中新派),喥(喥),[空],doq8(doʔ¹²),暂无
上海·市区(中新派),独(獨),[空],doq8(doʔ¹²),暂无
上海·市区(中新派),读(讀),[空],doq8(doʔ¹²),暂无
上海·市区(中新派),渎(瀆),[空],doq8(doʔ¹²),暂无
上海·市区(中新派),牍(牘),[空],doq8(doʔ¹²),暂无
上海·市区(中新派),犊(犢),[空],doq8(doʔ¹²),暂无
上海·市区(中新派),椟(櫝),[空],doq8(doʔ¹²),暂无
上海·市区(中新派),黩(黷),[空],doq8(doʔ¹²),暂无
上海·市区(中新派),毒(毒),[空],doq8(doʔ¹²),暂无
上海·市区(中新派),诺(諾),[空],noq8(noʔ¹²),暂无
上海·市区(中新派),落(落),[空],loq8(loʔ¹²),暂无
上海·市区(中新派),洛(洛),[空],loq8(loʔ¹²),暂无
上海·市区(中新派),骆(駱),[空],loq8(loʔ¹²),暂无
上海·市区(中新派),络(絡),[空],loq8(loʔ¹²),暂无
上海·市区(中新派),禄(祿),[空],loq8(loʔ¹²),暂无
上海·市区(中新派),录(錄),[空],loq8(loʔ¹²),暂无
上海·市区(中新派),碌(碌),[空],loq8(loʔ¹²),暂无
上海·市区(中新派),漉(漉),[空],loq8(loʔ¹²),暂无
上海·市区(中新派),麓(麓),[空],loq8(loʔ¹²),暂无
上海·市区(中新派),鹿(鹿),[空],loq8(loʔ¹²),暂无
上海·市区(中新派),陆(陸),[空],loq8(loʔ¹²),暂无
上海·市区(中新派),戮(戮),[空],loq8(loʔ¹²),暂无
上海·市区(中新派),氯(氯),[空],loq8(loʔ¹²),暂无
上海·市区(中新派),绿(綠),[空],loq8(loʔ¹²),暂无
上海·市区(中新派),乐(樂),快~,loq8(loʔ¹²),暂无
上海·市区(中新派),六(六),[空],loq8(loʔ¹²),暂无
上海·市区(中新派),烙(烙),[空],loq8(loʔ¹²),暂无
上海·市区(中新派),酪(酪),[空],loq8(loʔ¹²),暂无
上海·市区(中新派),辘(轆),[空],loq8(loʔ¹²),暂无
上海·市区(中新派),熝(熝),[空],loq8(loʔ¹²),暂无
上海·市区(中新派),赂(賂),[空],loq8(loʔ¹²),暂无
上海·市区(中新派),䃙(䃙),~砖，砖头,loq8(loʔ¹²),暂无
上海·市区(中新派),盝(盝),~水，浸,loq8(loʔ¹²),暂无
上海·市区(中新派),碌(碌),~起来，起床,loq8(loʔ¹²),暂无
上海·市区(中新派),作(作),[空],tsoq7(tsoʔ⁵⁵),暂无
上海·市区(中新派),拙(拙),[空],tsoq7(tsoʔ⁵⁵),暂无
上海·市区(中新派),桌(桌),[空],tsoq7(tsoʔ⁵⁵),暂无
上海·市区(中新派),卓(卓),[空],tsoq7(tsoʔ⁵⁵),暂无
上海·市区(中新派),捉(捉),[空],tsoq7(tsoʔ⁵⁵),暂无
上海·市区(中新派),斫(斫),~麦,tsoq7(tsoʔ⁵⁵),暂无
上海·市区(中新派),茁(茁),[空],tsoq7(tsoʔ⁵⁵),暂无
上海·市区(中新派),琢(琢),[空],tsoq7(tsoʔ⁵⁵),暂无
上海·市区(中新派),啄(啄),[空],tsoq7(tsoʔ⁵⁵),暂无
上海·市区(中新派),足(足),[空],tsoq7(tsoʔ⁵⁵),暂无
上海·市区(中新派),竹(竹),[空],tsoq7(tsoʔ⁵⁵),暂无
上海·市区(中新派),竺(竺),[空],tsoq7(tsoʔ⁵⁵),暂无
上海·市区(中新派),烛(燭),[空],tsoq7(tsoʔ⁵⁵),暂无
上海·市区(中新派),嘱(囑),[空],tsoq7(tsoʔ⁵⁵),暂无
上海·市区(中新派),瞩(矚),[空],tsoq7(tsoʔ⁵⁵),暂无
上海·市区(中新派),筑(筑),[空],tsoq7(tsoʔ⁵⁵),暂无
上海·市区(中新派),祝(祝),[空],tsoq7(tsoʔ⁵⁵),暂无
上海·市区(中新派),粥(粥),[空],tsoq7(tsoʔ⁵⁵),暂无
上海·市区(中新派),蹙(蹙),[空],tsoq7(tsoʔ⁵⁵),暂无
上海·市区(中新派),瘃(瘃),冻~，冻疮,tsoq7(tsoʔ⁵⁵),暂无
上海·市区(中新派),唶(唶),小囡嘴巴~发~发，吮吸,tsoq7(tsoʔ⁵⁵),暂无
上海·市区(中新派),撮(撮),[空],tshoq7(tsʰoʔ⁵⁵),暂无
上海·市区(中新派),戳(戳),[空],tshoq7(tsʰoʔ⁵⁵),暂无
上海·市区(中新派),辍(輟),[空],tshoq7(tsʰoʔ⁵⁵),暂无
上海·市区(中新派),啜(啜),[空],tshoq7(tsʰoʔ⁵⁵),暂无
上海·市区(中新派),绰(綽),宽~,tshoq7(tsʰoʔ⁵⁵),暂无
上海·市区(中新派),龊(齪),龌~,tshoq7(tsʰoʔ⁵⁵),暂无
上海·市区(中新派),猝(猝),[空],tshoq7(tsʰoʔ⁵⁵),暂无
上海·市区(中新派),簇(簇),[空],tshoq7(tsʰoʔ⁵⁵),暂无
上海·市区(中新派),蹴(蹴),[空],tshoq7(tsʰoʔ⁵⁵),暂无
上海·市区(中新派),促(促),[空],tshoq7(tsʰoʔ⁵⁵),暂无
上海·市区(中新派),怵(怵),[空],tshoq7(tsʰoʔ⁵⁵),暂无
上海·市区(中新派),畜(畜),~牲,tshoq7(tsʰoʔ⁵⁵),暂无
上海·市区(中新派),矗(矗),[空],tshoq7(tsʰoʔ⁵⁵),暂无
上海·市区(中新派),触(觸),[空],tshoq7(tsʰoʔ⁵⁵),暂无
上海·市区(中新派),擉(擉),~痛，戳,tshoq7(tsʰoʔ⁵⁵),暂无
上海·市区(中新派),缩(縮),[空],soq7(soʔ⁵⁵),暂无
上海·市区(中新派),索(索),[空],soq7(soʔ⁵⁵),暂无
上海·市区(中新派),烁(爍),[空],soq7(soʔ⁵⁵),暂无
上海·市区(中新派),铄(鑠),[空],soq7(soʔ⁵⁵),暂无
上海·市区(中新派),朔(朔),[空],soq7(soʔ⁵⁵),暂无
上海·市区(中新派),硕(碩),[空],soq7(soʔ⁵⁵),暂无
上海·市区(中新派),速(速),[空],soq7(soʔ⁵⁵),暂无
上海·市区(中新派),肃(肅),[空],soq7(soʔ⁵⁵),暂无
上海·市区(中新派),宿(宿),[空],soq7(soʔ⁵⁵),暂无
上海·市区(中新派),夙(夙),[空],soq7(soʔ⁵⁵),暂无
上海·市区(中新派),蓿(蓿),[空],soq7(soʔ⁵⁵),暂无
上海·市区(中新派),谡(謖),[空],soq7(soʔ⁵⁵),暂无
上海·市区(中新派),粟(粟),[空],soq7(soʔ⁵⁵),暂无
上海·市区(中新派),塑(塑),[空],soq7(soʔ⁵⁵),暂无
上海·市区(中新派),溯(溯),[空],soq7(soʔ⁵⁵),暂无
上海·市区(中新派),叔(叔),[空],soq7(soʔ⁵⁵),暂无
上海·市区(中新派),菽(菽),[空],soq7(soʔ⁵⁵),暂无
上海·市区(中新派),倏(倏),[空],soq7(soʔ⁵⁵),暂无
上海·市区(中新派),束(束),[空],soq7(soʔ⁵⁵),暂无
上海·市区(中新派),嗍(嗍),~汽水，吮吸,soq7(soʔ⁵⁵),暂无
上海·市区(中新派),昨(昨),[空],zoq8(zoʔ¹²),暂无
上海·市区(中新派),凿(鑿),[空],zoq8(zoʔ¹²),暂无
上海·市区(中新派),啄(啄),[空],zoq8(zoʔ¹²),暂无
上海·市区(中新派),浊(濁),[空],zoq8(zoʔ¹²),暂无
上海·市区(中新派),镯(鐲),[空],zoq8(zoʔ¹²),暂无
上海·市区(中新派),族(族),[空],zoq8(zoʔ¹²),暂无
上海·市区(中新派),俗(俗),[空],zoq8(zoʔ¹²),暂无
上海·市区(中新派),妯(妯),[空],zoq8(zoʔ¹²),暂无
上海·市区(中新派),逐(逐),[空],zoq8(zoʔ¹²),暂无
上海·市区(中新派),躅(躅),踯~,zoq8(zoʔ¹²),暂无
上海·市区(中新派),孰(孰),[空],zoq8(zoʔ¹²),暂无
上海·市区(中新派),熟(熟),[空],zoq8(zoʔ¹²),暂无
上海·市区(中新派),淑(淑),[空],zoq8(zoʔ¹²),暂无
上海·市区(中新派),赎(贖),[空],zoq8(zoʔ¹²),暂无
上海·市区(中新派),蜀(蜀),[空],zoq8(zoʔ¹²),暂无
上海·市区(中新派),属(屬),[空],zoq8(zoʔ¹²),暂无
上海·市区(中新派),辱(辱),[空],zoq8(zoʔ¹²),暂无
上海·市区(中新派),续(續),[空],zoq8(zoʔ¹²),暂无
上海·市区(中新派),射(射),[空],zoq8(zoʔ¹²),暂无
上海·市区(中新派),勺(勺),[空],zoq8(zoʔ¹²),暂无
上海·市区(中新派),𧮙(𧮙),~一句，奚落,zoq8(zoʔ¹²),暂无
上海·市区(中新派),胳(胳),[空],koq7(koʔ⁵⁵),暂无
上海·市区(中新派),搁(擱),[空],koq7(koʔ⁵⁵),暂无
上海·市区(中新派),阁(閣),[空],koq7(koʔ⁵⁵),暂无
上海·市区(中新派),各(各),[空],koq7(koʔ⁵⁵),暂无
上海·市区(中新派),铬(鉻),[空],koq7(koʔ⁵⁵),暂无
上海·市区(中新派),郭(郭),[空],koq7(koʔ⁵⁵),暂无
上海·市区(中新派),国(國),[空],koq7(koʔ⁵⁵),暂无
上海·市区(中新派),帼(幗),[空],koq7(koʔ⁵⁵),暂无
上海·市区(中新派),廓(廓),[空],koq7(koʔ⁵⁵),暂无
上海·市区(中新派),谷(穀),[空],koq7(koʔ⁵⁵),暂无
上海·市区(中新派),谷(谷),[空],koq7(koʔ⁵⁵),暂无
上海·市区(中新派),觉(覺),~着。白,koq7(koʔ⁵⁵),暂无
上海·市区(中新派),角(角),[空],koq7(koʔ⁵⁵),暂无
上海·市区(中新派),𥆌(𥆌),眼睛一~一~转,koq7(koʔ⁵⁵),暂无
上海·市区(中新派),䀰(䀰),眼睛一~，张大,koq7(koʔ⁵⁵),暂无
上海·市区(中新派),壳(殼),[空],khoq7(kʰoʔ⁵⁵),暂无
上海·市区(中新派),廓(廓),[空],khoq7(kʰoʔ⁵⁵),暂无
上海·市区(中新派),窟(窟),[空],khoq7(kʰoʔ⁵⁵),暂无
上海·市区(中新派),哭(哭),[空],khoq7(kʰoʔ⁵⁵),暂无
上海·市区(中新派),酷(酷),[空],khoq7(kʰoʔ⁵⁵),暂无
上海·市区(中新派),𤿩(𤿩),木片~起来，凸出,khoq7(kʰoʔ⁵⁵),暂无
上海·市区(中新派),搁(擱),~浅,goq8(goʔ¹²),暂无
上海·市区(中新派),愕(愕),[空],ngoq8(ŋoʔ¹²),暂无
上海·市区(中新派),鄂(鄂),[空],ngoq8(ŋoʔ¹²),暂无
上海·市区(中新派),颚(顎),[空],ngoq8(ŋoʔ¹²),暂无
上海·市区(中新派),鳄(鱷),[空],ngoq8(ŋoʔ¹²),暂无
上海·市区(中新派),萼(萼),[空],ngoq8(ŋoʔ¹²),暂无
上海·市区(中新派),鹤(鶴),[空],ngoq8(ŋoʔ¹²),暂无
上海·市区(中新派),岳(岳),白,ngoq8(ŋoʔ¹²),暂无
上海·市区(中新派),疟(瘧),发~子。白,ngoq8(ŋoʔ¹²),暂无
上海·市区(中新派),壑(壑),[空],hoq7(hoʔ⁵⁵),暂无
上海·市区(中新派),霍(霍),[空],hoq7(hoʔ⁵⁵),暂无
上海·市区(中新派),藿(藿),[空],hoq7(hoʔ⁵⁵),暂无
上海·市区(中新派),忽(忽),[空],hoq7(hoʔ⁵⁵),暂无
上海·市区(中新派),淴(淴),~浴，洗澡,hoq7(hoʔ⁵⁵),暂无
上海·市区(中新派),嗀(嗀),痰，咯,hoq7(hoʔ⁵⁵),暂无
上海·市区(中新派),镬(鑊),[空],ghoq8(ɦoʔ¹²),暂无
上海·市区(中新派),或(或),[空],ghoq8(ɦoʔ¹²),暂无
上海·市区(中新派),惑(惑),[空],ghoq8(ɦoʔ¹²),暂无
上海·市区(中新派),学(學),白,ghoq8(ɦoʔ¹²),暂无
上海·市区(中新派),斛(斛),[空],ghoq8(ɦoʔ¹²),暂无
上海·市区(中新派),屋(屋),[空],oq7(oʔ⁵⁵),暂无
上海·市区(中新派),握(握),[空],oq7(oʔ⁵⁵),暂无
上海·市区(中新派),幄(幄),[空],oq7(oʔ⁵⁵),暂无
上海·市区(中新派),渥(渥),[空],oq7(oʔ⁵⁵),暂无
上海·市区(中新派),龌(齷),~龊,oq7(oʔ⁵⁵),暂无
上海·市区(中新派),沃(沃),[空],oq7(oʔ⁵⁵),暂无
上海·市区(中新派),噩(噩),[空],oq7(oʔ⁵⁵),暂无
上海·市区(中新派),恶(惡),[空],oq7(oʔ⁵⁵),暂无
上海·市区(中新派),厥(厥),[空],cioq7(tɕioʔ⁵⁵),暂无
上海·市区(中新派),蕨(蕨),[空],cioq7(tɕioʔ⁵⁵),暂无
上海·市区(中新派),蹶(蹶),[空],cioq7(tɕioʔ⁵⁵),暂无
上海·市区(中新派),决(決),[空],cioq7(tɕioʔ⁵⁵),暂无
上海·市区(中新派),抉(抉),[空],cioq7(tɕioʔ⁵⁵),暂无
上海·市区(中新派),诀(訣),[空],cioq7(tɕioʔ⁵⁵),暂无
上海·市区(中新派),镢(钁),[空],cioq7(tɕioʔ⁵⁵),暂无
上海·市区(中新派),攫(攫),[空],cioq7(tɕioʔ⁵⁵),暂无
上海·市区(中新派),觉(覺),~悟。文,cioq7(tɕioʔ⁵⁵),暂无
上海·市区(中新派),珏(珏),[空],cioq7(tɕioʔ⁵⁵),暂无
上海·市区(中新派),孑(孑),[空],cioq7(tɕioʔ⁵⁵),暂无
上海·市区(中新派),橘(橘),[空],cioq7(tɕioʔ⁵⁵),暂无
上海·市区(中新派),菊(菊),[空],cioq7(tɕioʔ⁵⁵),暂无
上海·市区(中新派),鞠(鞠),[空],cioq7(tɕioʔ⁵⁵),暂无
上海·市区(中新派),掬(掬),[空],cioq7(tɕioʔ⁵⁵),暂无
上海·市区(中新派),阙(闕),[空],chioq7(tɕʰioʔ⁵⁵),暂无
上海·市区(中新派),缺(缺),[空],chioq7(tɕʰioʔ⁵⁵),暂无
上海·市区(中新派),却(卻),[空],chioq7(tɕʰioʔ⁵⁵),暂无
上海·市区(中新派),确(確),[空],chioq7(tɕʰioʔ⁵⁵),暂无
上海·市区(中新派),屈(屈),[空],chioq7(tɕʰioʔ⁵⁵),暂无
上海·市区(中新派),曲(曲),[空],chioq7(tɕʰioʔ⁵⁵),暂无
上海·市区(中新派),蛐(蛐),[空],chioq7(tɕʰioʔ⁵⁵),暂无
上海·市区(中新派),曲(麯),[空],chioq7(tɕʰioʔ⁵⁵),暂无
上海·市区(中新派),炔(炔),[空],chioq7(tɕʰioʔ⁵⁵),暂无
上海·市区(中新派),撅(撅),[空],jioq8(dʑioʔ¹²),暂无
上海·市区(中新派),掘(掘),[空],jioq8(dʑioʔ¹²),暂无
上海·市区(中新派),倔(倔),[空],jioq8(dʑioʔ¹²),暂无
上海·市区(中新派),崛(崛),[空],jioq8(dʑioʔ¹²),暂无
上海·市区(中新派),瘸(瘸),[空],jioq8(dʑioʔ¹²),暂无
上海·市区(中新派),局(局),[空],jioq8(dʑioʔ¹²),暂无
上海·市区(中新派),轴(軸),[空],jioq8(dʑioʔ¹²),暂无
上海·市区(中新派),屐(屐),[空],jioq8(dʑioʔ¹²),暂无
上海·市区(中新派),䞷(䞷),~出去，含怒而去,jioq8(dʑioʔ¹²),暂无
上海·市区(中新派),𧤼(𧤼),牛角~人,jioq8(dʑioʔ¹²),暂无
上海·市区(中新派),赶(赶),~起尾巴，翘起,jioq8(dʑioʔ¹²),暂无
上海·市区(中新派),𥏘(𥏘),一~粉笔，量词,jioq8(dʑioʔ¹²),暂无
上海·市区(中新派),月(月),[空],gnioq8(ȵioʔ¹²),暂无
上海·市区(中新派),褥(褥),[空],gnioq8(ȵioʔ¹²),暂无
上海·市区(中新派),缛(縟),[空],gnioq8(ȵioʔ¹²),暂无
上海·市区(中新派),玉(玉),[空],gnioq8(ȵioʔ¹²),暂无
上海·市区(中新派),肉(肉),[空],gnioq8(ȵioʔ¹²),暂无
上海·市区(中新派),𢫭(𢫭),~麺，揉，搓,gnioq8(ȵioʔ¹²),暂无
上海·市区(中新派),血(血),[空],shioq7(ɕioʔ⁵⁵),暂无
上海·市区(中新派),噱(噱),[空],shioq7(ɕioʔ⁵⁵),暂无
上海·市区(中新派),恤(恤),[空],shioq7(ɕioʔ⁵⁵),暂无
上海·市区(中新派),畜(畜),~牧,shioq7(ɕioʔ⁵⁵),暂无
上海·市区(中新派),蓄(蓄),[空],shioq7(ɕioʔ⁵⁵),暂无
上海·市区(中新派),旭(旭),[空],shioq7(ɕioʔ⁵⁵),暂无
上海·市区(中新派),悦(悅),[空],yoq8(ɦioʔ¹²),暂无
上海·市区(中新派),曰(曰),[空],yoq8(ɦioʔ¹²),暂无
上海·市区(中新派),阅(閱),[空],yoq8(ɦioʔ¹²),暂无
上海·市区(中新派),月(月),[空],yoq8(ɦioʔ¹²),暂无
上海·市区(中新派),越(越),[空],yoq8(ɦioʔ¹²),暂无
上海·市区(中新派),粤(粵),[空],yoq8(ɦioʔ¹²),暂无
上海·市区(中新派),钺(鉞),[空],yoq8(ɦioʔ¹²),暂无
上海·市区(中新派),岳(岳),文,yoq8(ɦioʔ¹²),暂无
上海·市区(中新派),域(域),[空],yoq8(ɦioʔ¹²),暂无
上海·市区(中新派),育(育),[空],yoq8(ɦioʔ¹²),暂无
上海·市区(中新派),毓(毓),[空],yoq8(ɦioʔ¹²),暂无
上海·市区(中新派),煜(煜),[空],yoq8(ɦioʔ¹²),暂无
上海·市区(中新派),禹(禹),[空],yoq8(ɦioʔ¹²),暂无
上海·市区(中新派),欲(慾),[空],yoq8(ɦioʔ¹²),暂无
上海·市区(中新派),浴(浴),[空],yoq8(ɦioʔ¹²),暂无
上海·市区(中新派),疫(疫),[空],yoq8(ɦioʔ¹²),暂无
上海·市区(中新派),穴(穴),[空],yoq8(ɦioʔ¹²),暂无
上海·市区(中新派),役(役),[空],yoq8(ɦioʔ¹²),暂无
上海·市区(中新派),鬻(鬻),[空],yoq8(ɦioʔ¹²),暂无
上海·市区(中新派),聿(聿),[空],yoq8(ɦioʔ¹²),暂无
上海·市区(中新派),郁(鬱),[空],ioq7(ioʔ⁵⁵),暂无
上海·市区(中新派),郁(郁),[空],ioq7(ioʔ⁵⁵),暂无
上海·市区(中新派),不(不),[空],peq7(pəʔ⁵⁵),暂无
上海·市区(中新派),钵(缽),[空],peq7(pəʔ⁵⁵),暂无
上海·市区(中新派),拨(撥),[空],peq7(pəʔ⁵⁵),暂无
上海·市区(中新派),泼(潑),[空],pheq7(pʰəʔ⁵⁵),暂无
上海·市区(中新派),鼻(鼻),[空],beq8(bəʔ¹²),暂无
上海·市区(中新派),钹(鈸),[空],beq8(bəʔ¹²),暂无
上海·市区(中新派),勃(勃),[空],beq8(bəʔ¹²),暂无
上海·市区(中新派),渤(渤),[空],beq8(bəʔ¹²),暂无
上海·市区(中新派),脖(脖),[空],beq8(bəʔ¹²),暂无
上海·市区(中新派),鹁(鵓),[空],beq8(bəʔ¹²),暂无
上海·市区(中新派),别(別),[空],beq8(bəʔ¹²),暂无
上海·市区(中新派),孛(孛),~相，玩,beq8(bəʔ¹²),暂无
上海·市区(中新派),末(末),[空],meq8(məʔ¹²),暂无
上海·市区(中新派),抹(抹),[空],meq8(məʔ¹²),暂无
上海·市区(中新派),沫(沫),[空],meq8(məʔ¹²),暂无
上海·市区(中新派),茉(茉),[空],meq8(məʔ¹²),暂无
上海·市区(中新派),殁(歿),[空],meq8(məʔ¹²),暂无
上海·市区(中新派),没(沒),[空],meq8(məʔ¹²),暂无
上海·市区(中新派),墨(墨),[空],meq8(məʔ¹²),暂无
上海·市区(中新派),默(默),[空],meq8(məʔ¹²),暂无
上海·市区(中新派),物(物),~事。白,meq8(məʔ¹²),暂无
上海·市区(中新派),佛(佛),仿~,feq7(fəʔ⁵⁵),暂无
上海·市区(中新派),佛(佛),[空],veq8(vəʔ¹²),暂无
上海·市区(中新派),弗(弗),[空],veq8(vəʔ¹²),暂无
上海·市区(中新派),拂(拂),[空],veq8(vəʔ¹²),暂无
上海·市区(中新派),物(物),文,veq8(vəʔ¹²),暂无
上海·市区(中新派),勿(勿),[空],veq8(vəʔ¹²),暂无
上海·市区(中新派),氟(氟),[空],veq8(vəʔ¹²),暂无
上海·市区(中新派),得(得),[空],teq7(təʔ⁵⁵),暂无
上海·市区(中新派),德(德),[空],teq7(təʔ⁵⁵),暂无
上海·市区(中新派),掇(掇),~凳子,teq7(təʔ⁵⁵),暂无
上海·市区(中新派),裰(裰),[空],teq7(təʔ⁵⁵),暂无
上海·市区(中新派),裰(裰),~份量，掂,teq7(təʔ⁵⁵),暂无
上海·市区(中新派),忒(忒),[空],theq7(tʰəʔ⁵⁵),暂无
上海·市区(中新派),脱(脫),[空],theq7(tʰəʔ⁵⁵),暂无
上海·市区(中新派),秃(禿),[空],theq7(tʰəʔ⁵⁵),暂无
上海·市区(中新派),特(特),[空],deq8(dəʔ¹²),暂无
上海·市区(中新派),夺(夺),[空],deq8(dəʔ¹²),暂无
上海·市区(中新派),突(突),[空],deq8(dəʔ¹²),暂无
上海·市区(中新派),凸(凸),[空],deq8(dəʔ¹²),暂无
上海·市区(中新派),叠(叠),[空],deq8(dəʔ¹²),暂无
上海·市区(中新派),纳(納),[空],neq8(nəʔ¹²),暂无
上海·市区(中新派),讷(訥),[空],neq8(nəʔ¹²),暂无
上海·市区(中新派),勒(勒),[空],leq8(ləʔ¹²),暂无
上海·市区(中新派),肋(肋),[空],leq8(ləʔ¹²),暂无
上海·市区(中新派),捋(捋),[空],leq8(ləʔ¹²),暂无
上海·市区(中新派),则(則),[空],tseq7(tsəʔ⁵⁵),暂无
上海·市区(中新派),责(責),[空],tseq7(tsəʔ⁵⁵),暂无
上海·市区(中新派),啧(嘖),[空],tseq7(tsəʔ⁵⁵),暂无
上海·市区(中新派),仄(仄),[空],tseq7(tsəʔ⁵⁵),暂无
上海·市区(中新派),折(折),[空],tseq7(tsəʔ⁵⁵),暂无
上海·市区(中新派),折(摺),[空],tseq7(tsəʔ⁵⁵),暂无
上海·市区(中新派),哲(哲),[空],tseq7(tsəʔ⁵⁵),暂无
上海·市区(中新派),浙(浙),[空],tseq7(tsəʔ⁵⁵),暂无
上海·市区(中新派),拙(拙),[空],tseq7(tsəʔ⁵⁵),暂无
上海·市区(中新派),汁(汁),[空],tseq7(tsəʔ⁵⁵),暂无
上海·市区(中新派),职(職),[空],tseq7(tsəʔ⁵⁵),暂无
上海·市区(中新派),织(織),[空],tseq7(tsəʔ⁵⁵),暂无
上海·市区(中新派),执(執),[空],tseq7(tsəʔ⁵⁵),暂无
上海·市区(中新派),只(只),~有,tseq7(tsəʔ⁵⁵),暂无
上海·市区(中新派),窒(窒),[空],tseq7(tsəʔ⁵⁵),暂无
上海·市区(中新派),质(質),[空],tseq7(tsəʔ⁵⁵),暂无
上海·市区(中新派),蛭(蛭),[空],tseq7(tsəʔ⁵⁵),暂无
上海·市区(中新派),卒(卒),[空],tseq7(tsəʔ⁵⁵),暂无
上海·市区(中新派),摘(摘),[空],tseq7(tsəʔ⁵⁵),暂无
上海·市区(中新派),侧(側),[空],tseq7(tsəʔ⁵⁵),暂无
上海·市区(中新派),唶(唶),[空],tseq7(tsəʔ⁵⁵),暂无
上海·市区(中新派),侧(側),[空],tsheq7(tsʰəʔ⁵⁵),暂无
上海·市区(中新派),恻(惻),[空],tsheq7(tsʰəʔ⁵⁵),暂无
上海·市区(中新派),测(測),[空],tsheq7(tsʰəʔ⁵⁵),暂无
上海·市区(中新派),彻(徹),[空],tsheq7(tsʰəʔ⁵⁵),暂无
上海·市区(中新派),撤(撤),[空],tsheq7(tsʰəʔ⁵⁵),暂无
上海·市区(中新派),澈(澈),[空],tsheq7(tsʰəʔ⁵⁵),暂无
上海·市区(中新派),辙(轍),[空],tsheq7(tsʰəʔ⁵⁵),暂无
上海·市区(中新派),掣(掣),[空],tsheq7(tsʰəʔ⁵⁵),暂无
上海·市区(中新派),撮(撮),[空],tsheq7(tsʰəʔ⁵⁵),暂无
上海·市区(中新派),叱(叱),[空],tsheq7(tsʰəʔ⁵⁵),暂无
上海·市区(中新派),敕(敕),[空],tsheq7(tsʰəʔ⁵⁵),暂无
上海·市区(中新派),饬(飭),[空],tsheq7(tsʰəʔ⁵⁵),暂无
上海·市区(中新派),斥(斥),~责,tsheq7(tsʰəʔ⁵⁵),暂无
上海·市区(中新派),拆(拆),~穿,tsheq7(tsʰəʔ⁵⁵),暂无
上海·市区(中新派),猝(猝),仓~,tsheq7(tsʰəʔ⁵⁵),暂无
上海·市区(中新派),出(出),[空],tsheq7(tsʰəʔ⁵⁵),暂无
上海·市区(中新派),黜(黜),[空],tsheq7(tsʰəʔ⁵⁵),暂无
上海·市区(中新派),涩(澀),[空],seq7(səʔ⁵⁵),暂无
上海·市区(中新派),瑟(瑟),[空],seq7(səʔ⁵⁵),暂无
上海·市区(中新派),塞(塞),[空],seq7(səʔ⁵⁵),暂无
上海·市区(中新派),啬(嗇),[空],seq7(səʔ⁵⁵),暂无
上海·市区(中新派),色(色),[空],seq7(səʔ⁵⁵),暂无
上海·市区(中新派),摄(攝),[空],seq7(səʔ⁵⁵),暂无
上海·市区(中新派),设(設),[空],seq7(səʔ⁵⁵),暂无
上海·市区(中新派),说(說),[空],seq7(səʔ⁵⁵),暂无
上海·市区(中新派),穑(穡),[空],seq7(səʔ⁵⁵),暂无
上海·市区(中新派),湿(濕),[空],seq7(səʔ⁵⁵),暂无
上海·市区(中新派),虱(虱),[空],seq7(səʔ⁵⁵),暂无
上海·市区(中新派),失(失),[空],seq7(səʔ⁵⁵),暂无
上海·市区(中新派),室(室),[空],seq7(səʔ⁵⁵),暂无
上海·市区(中新派),识(識),[空],seq7(səʔ⁵⁵),暂无
上海·市区(中新派),饰(飾),[空],seq7(səʔ⁵⁵),暂无
上海·市区(中新派),试(試),[空],seq7(səʔ⁵⁵),暂无
上海·市区(中新派),拭(拭),[空],seq7(səʔ⁵⁵),暂无
上海·市区(中新派),适(適),[空],seq7(səʔ⁵⁵),暂无
上海·市区(中新派),率(率),~领,seq7(səʔ⁵⁵),暂无
上海·市区(中新派),蟀(蟀),蟋~,seq7(səʔ⁵⁵),暂无
上海·市区(中新派),刷(刷),[空],seq7(səʔ⁵⁵),暂无
上海·市区(中新派),择(擇),[空],zeq8(zəʔ¹²),暂无
上海·市区(中新派),泽(澤),[空],zeq8(zəʔ¹²),暂无
上海·市区(中新派),蛰(蟄),[空],zeq8(zəʔ¹²),暂无
上海·市区(中新派),蜇(蜇),海~,zeq8(zəʔ¹²),暂无
上海·市区(中新派),舌(舌),[空],zeq8(zəʔ¹²),暂无
上海·市区(中新派),折(折),~脚，断,zeq8(zəʔ¹²),暂无
上海·市区(中新派),涉(涉),[空],zeq8(zəʔ¹²),暂无
上海·市区(中新派),侄(侄),[空],zeq8(zəʔ¹²),暂无
上海·市区(中新派),直(直),[空],zeq8(zəʔ¹²),暂无
上海·市区(中新派),值(值),[空],zeq8(zəʔ¹²),暂无
上海·市区(中新派),殖(殖),[空],zeq8(zəʔ¹²),暂无
上海·市区(中新派),踯(躑),~躅,zeq8(zəʔ¹²),暂无
上海·市区(中新派),秩(秩),[空],zeq8(zəʔ¹²),暂无
上海·市区(中新派),掷(擲),[空],zeq8(zəʔ¹²),暂无
上海·市区(中新派),十(十),[空],zeq8(zəʔ¹²),暂无
上海·市区(中新派),什(什),[空],zeq8(zəʔ¹²),暂无
上海·市区(中新派),拾(拾),[空],zeq8(zəʔ¹²),暂无
上海·市区(中新派),实(實),[空],zeq8(zəʔ¹²),暂无
上海·市区(中新派),食(食),[空],zeq8(zəʔ¹²),暂无
上海·市区(中新派),蚀(蝕),[空],zeq8(zəʔ¹²),暂无
上海·市区(中新派),日(日),文,zeq8(zəʔ¹²),暂无
上海·市区(中新派),术(術),[空],zeq8(zəʔ¹²),暂无
上海·市区(中新派),述(述),[空],zeq8(zəʔ¹²),暂无
上海·市区(中新派),入(入),[空],zeq8(zəʔ¹²),暂无
上海·市区(中新派),贼(賊),[空],zeq8(zəʔ¹²),暂无
上海·市区(中新派),哉(哉),[空],zeq8(zəʔ¹²),暂无
上海·市区(中新派),鸽(鴿),[空],keq7(kəʔ⁵⁵),暂无
上海·市区(中新派),割(割),[空],keq7(kəʔ⁵⁵),暂无
上海·市区(中新派),蛤(蛤),~蜊,keq7(kəʔ⁵⁵),暂无
上海·市区(中新派),葛(葛),[空],keq7(kəʔ⁵⁵),暂无
上海·市区(中新派),革(革),[空],keq7(kəʔ⁵⁵),暂无
上海·市区(中新派),合(合),升~，~算,keq7(kəʔ⁵⁵),暂无
上海·市区(中新派),佮(佮),~做，合,keq7(kəʔ⁵⁵),暂无
上海·市区(中新派),疙(疙),~瘩,keq7(kəʔ⁵⁵),暂无
上海·市区(中新派),胳(胳),[空],keq7(kəʔ⁵⁵),暂无
上海·市区(中新派),嗝(嗝),[空],keq7(kəʔ⁵⁵),暂无
上海·市区(中新派),磕(磕),[空],kheq7(kʰəʔ⁵⁵),暂无
上海·市区(中新派),瞌(瞌),[空],kheq7(kʰəʔ⁵⁵),暂无
上海·市区(中新派),咳(咳),[空],kheq7(kʰəʔ⁵⁵),暂无
上海·市区(中新派),渴(渴),[空],kheq7(kʰəʔ⁵⁵),暂无
上海·市区(中新派),克(克),[空],kheq7(kʰəʔ⁵⁵),暂无
上海·市区(中新派),刻(刻),[空],kheq7(kʰəʔ⁵⁵),暂无
上海·市区(中新派),栲(栲),~栳,kheq7(kʰəʔ⁵⁵),暂无
上海·市区(中新派),搕(搕),~碎，击,kheq7(kʰəʔ⁵⁵),暂无
上海·市区(中新派),搿(搿),[空],geq8(gəʔ¹²),暂无
上海·市区(中新派),个(個),量词,geq8(gəʔ¹²),暂无
上海·市区(中新派),轭(軛),[空],ngeq8(ŋəʔ¹²),暂无
上海·市区(中新派),厄(厄),[空],ngeq8(ŋəʔ¹²),暂无
上海·市区(中新派),扼(扼),[空],ngeq8(ŋəʔ¹²),暂无
上海·市区(中新派),兀(兀),[空],ngeq8(ŋəʔ¹²),暂无
上海·市区(中新派),杌(杌),~子，凳子,ngeq8(ŋəʔ¹²),暂无
上海·市区(中新派),核(核),[空],ngeq8(ŋəʔ¹²),暂无
上海·市区(中新派),喝(喝),[空],heq7(həʔ⁵⁵),暂无
上海·市区(中新派),赫(赫),[空],heq7(həʔ⁵⁵),暂无
上海·市区(中新派),郝(郝),[空],heq7(həʔ⁵⁵),暂无
上海·市区(中新派),黑(黑),[空],heq7(həʔ⁵⁵),暂无
上海·市区(中新派),合(合),[空],gheq8(ɦəʔ¹²),暂无
上海·市区(中新派),阖(闔),[空],gheq8(ɦəʔ¹²),暂无
上海·市区(中新派),核(核),[空],gheq8(ɦəʔ¹²),暂无
上海·市区(中新派),阂(閡),[空],gheq8(ɦəʔ¹²),暂无
上海·市区(中新派),个(個),[空],gheq8(ɦəʔ¹²),暂无
上海·市区(中新派),劾(劾),[空],gheq8(ɦəʔ¹²),暂无
上海·市区(中新派),遏(遏),[空],eq7(əʔ⁵⁵),暂无
上海·市区(中新派),㷈(㷈),~火为种,eq7(əʔ⁵⁵),暂无
上海·市区(中新派),盦(盦),碗~辣酱浪，覆盖,eq7(əʔ⁵⁵),暂无
上海·市区(中新派),骨(骨),[空],kueq7(kuəʔ⁵⁵),暂无
上海·市区(中新派),汩(汩),~没,kueq7(kuəʔ⁵⁵),暂无
上海·市区(中新派),窟(窟),[空],khueq7(kʰuəʔ⁵⁵),暂无
上海·市区(中新派),阔(闊),[空],khueq7(kʰuəʔ⁵⁵),暂无
上海·市区(中新派),扩(擴),[空],khueq7(kʰuəʔ⁵⁵),暂无
上海·市区(中新派),寣(寣),困一~，睡一觉,hueq7(huəʔ⁵⁵),暂无
上海·市区(中新派),𣝗(𣝗),[空],weq8(ɦuəʔ¹²),暂无
上海·市区(中新派),囫(囫),[空],weq8(ɦuəʔ¹²),暂无
上海·市区(中新派),活(活),[空],weq8(ɦuəʔ¹²),暂无
上海·市区(中新派),获(獲),[空],weq8(ɦuəʔ¹²),暂无
上海·市区(中新派),𩑦(𩑦),~杀，纳头水中,ueq7(uəʔ⁵⁵),暂无
上海·市区(中新派),殟(殟),~塞，心中烦闷,ueq7(uəʔ⁵⁵),暂无
上海·市区(中新派),鳖(鱉),[空],piq7(piɪʔ⁵⁵),暂无
上海·市区(中新派),瘪(癟),[空],piq7(piɪʔ⁵⁵),暂无
上海·市区(中新派),逼(逼),[空],piq7(piɪʔ⁵⁵),暂无
上海·市区(中新派),笔(筆),[空],piq7(piɪʔ⁵⁵),暂无
上海·市区(中新派),滗(潷),~干,piq7(piɪʔ⁵⁵),暂无
上海·市区(中新派),毕(畢),[空],piq7(piɪʔ⁵⁵),暂无
上海·市区(中新派),必(必),[空],piq7(piɪʔ⁵⁵),暂无
上海·市区(中新派),碧(碧),[空],piq7(piɪʔ⁵⁵),暂无
上海·市区(中新派),壁(壁),[空],piq7(piɪʔ⁵⁵),暂无
上海·市区(中新派),璧(璧),[空],piq7(piɪʔ⁵⁵),暂无
上海·市区(中新派),哔(嗶),~叽,piq7(piɪʔ⁵⁵),暂无
上海·市区(中新派),辟(辟),[空],phiq7(pʰiɪʔ⁵⁵),暂无
上海·市区(中新派),撇(撇),[空],phiq7(pʰiɪʔ⁵⁵),暂无
上海·市区(中新派),瞥(瞥),[空],phiq7(pʰiɪʔ⁵⁵),暂无
上海·市区(中新派),辟(辟),[空],phiq7(pʰiɪʔ⁵⁵),暂无
上海·市区(中新派),劈(劈),[空],phiq7(pʰiɪʔ⁵⁵),暂无
上海·市区(中新派),霹(霹),[空],phiq7(pʰiɪʔ⁵⁵),暂无
上海·市区(中新派),匹(匹),[空],phiq7(pʰiɪʔ⁵⁵),暂无
上海·市区(中新派),癖(癖),[空],phiq7(pʰiɪʔ⁵⁵),暂无
上海·市区(中新派),僻(僻),[空],phiq7(pʰiɪʔ⁵⁵),暂无
上海·市区(中新派),辟(闢),[空],phiq7(pʰiɪʔ⁵⁵),暂无
上海·市区(中新派),憋(憋),[空],biq8(biɪʔ¹²),暂无
上海·市区(中新派),别(別),[空],biq8(biɪʔ¹²),暂无
上海·市区(中新派),蹩(蹩),~脚,biq8(biɪʔ¹²),暂无
上海·市区(中新派),鼻(鼻),[空],biq8(biɪʔ¹²),暂无
上海·市区(中新派),枇(枇),~杷,biq8(biɪʔ¹²),暂无
上海·市区(中新派),弼(弼),[空],biq8(biɪʔ¹²),暂无
上海·市区(中新派),愎(愎),[空],biq8(biɪʔ¹²),暂无
上海·市区(中新派),𧼱(𧼱),~出~进,biq8(biɪʔ¹²),暂无
上海·市区(中新派),篾(篾),[空],miq8(miɪʔ¹²),暂无
上海·市区(中新派),蔑(蔑),[空],miq8(miɪʔ¹²),暂无
上海·市区(中新派),灭(滅),[空],miq8(miɪʔ¹²),暂无
上海·市区(中新派),密(密),[空],miq8(miɪʔ¹²),暂无
上海·市区(中新派),蜜(蜜),[空],miq8(miɪʔ¹²),暂无
上海·市区(中新派),觅(覓),[空],miq8(miɪʔ¹²),暂无
上海·市区(中新派),汨(汨),~罗江,miq8(miɪʔ¹²),暂无
上海·市区(中新派),搣(搣),~螺丝，捻搓,miq8(miɪʔ¹²),暂无
上海·市区(中新派),跌(跌),[空],tiq7(tiɪʔ⁵⁵),暂无
上海·市区(中新派),滴(滴),[空],tiq7(tiɪʔ⁵⁵),暂无
上海·市区(中新派),的(的),[空],tiq7(tiɪʔ⁵⁵),暂无
上海·市区(中新派),嫡(嫡),[空],tiq7(tiɪʔ⁵⁵),暂无
上海·市区(中新派),镝(鏑),[空],tiq7(tiɪʔ⁵⁵),暂无
上海·市区(中新派),摘(摘),[空],tiq7(tiɪʔ⁵⁵),暂无
上海·市区(中新派),擿(擿),~肉，~痧,tiq7(tiɪʔ⁵⁵),暂无
上海·市区(中新派),扚(扚),~线头，掐,tiq7(tiɪʔ⁵⁵),暂无
上海·市区(中新派),帖(帖),[空],thiq7(tʰiɪʔ⁵⁵),暂无
上海·市区(中新派),贴(貼),[空],thiq7(tʰiɪʔ⁵⁵),暂无
上海·市区(中新派),铁(鐵),[空],thiq7(tʰiɪʔ⁵⁵),暂无
上海·市区(中新派),踢(踢),[空],thiq7(tʰiɪʔ⁵⁵),暂无
上海·市区(中新派),剔(剔),[空],thiq7(tʰiɪʔ⁵⁵),暂无
上海·市区(中新派),惕(惕),[空],thiq7(tʰiɪʔ⁵⁵),暂无
上海·市区(中新派),迭(疊),[空],diq8(diɪʔ¹²),暂无
上海·市区(中新派),碟(碟),[空],diq8(diɪʔ¹²),暂无
上海·市区(中新派),牒(牒),[空],diq8(diɪʔ¹²),暂无
上海·市区(中新派),蝶(蝶),[空],diq8(diɪʔ¹²),暂无
上海·市区(中新派),谍(諜),[空],diq8(diɪʔ¹²),暂无
上海·市区(中新派),迭(迭),[空],diq8(diɪʔ¹²),暂无
上海·市区(中新派),笛(笛),[空],diq8(diɪʔ¹²),暂无
上海·市区(中新派),迪(迪),[空],diq8(diɪʔ¹²),暂无
上海·市区(中新派),敌(敵),[空],diq8(diɪʔ¹²),暂无
上海·市区(中新派),狄(狄),[空],diq8(diɪʔ¹²),暂无
上海·市区(中新派),荻(荻),[空],diq8(diɪʔ¹²),暂无
上海·市区(中新派),翟(翟),[空],diq8(diɪʔ¹²),暂无
上海·市区(中新派),籴(糴),[空],diq8(diɪʔ¹²),暂无
上海·市区(中新派),涤(滌),[空],diq8(diɪʔ¹²),暂无
上海·市区(中新派),列(列),[空],liq8(liɪʔ¹²),暂无
上海·市区(中新派),裂(裂),[空],liq8(liɪʔ¹²),暂无
上海·市区(中新派),烈(烈),[空],liq8(liɪʔ¹²),暂无
上海·市区(中新派),冽(冽),[空],liq8(liɪʔ¹²),暂无
上海·市区(中新派),立(立),[空],liq8(liɪʔ¹²),暂无
上海·市区(中新派),粒(粒),[空],liq8(liɪʔ¹²),暂无
上海·市区(中新派),捩(捩),[空],liq8(liɪʔ¹²),暂无
上海·市区(中新派),栗(栗),[空],liq8(liɪʔ¹²),暂无
上海·市区(中新派),溧(溧),[空],liq8(liɪʔ¹²),暂无
上海·市区(中新派),栗(慄),[空],liq8(liɪʔ¹²),暂无
上海·市区(中新派),力(力),[空],liq8(liɪʔ¹²),暂无
上海·市区(中新派),历(歷),[空],liq8(liɪʔ¹²),暂无
上海·市区(中新派),历(曆),[空],liq8(liɪʔ¹²),暂无
上海·市区(中新派),沥(瀝),[空],liq8(liɪʔ¹²),暂无
上海·市区(中新派),枥(櫪),[空],liq8(liɪʔ¹²),暂无
上海·市区(中新派),雳(靂),[空],liq8(liɪʔ¹²),暂无
上海·市区(中新派),砾(礫),[空],liq8(liɪʔ¹²),暂无
上海·市区(中新派),栎(櫟),[空],liq8(liɪʔ¹²),暂无
上海·市区(中新派),荔(荔),~枝,liq8(liɪʔ¹²),暂无
上海·市区(中新派),莅(蒞),[空],liq8(liɪʔ¹²),暂无
上海·市区(中新派),律(律),[空],liq8(liɪʔ¹²),暂无
上海·市区(中新派),率(率),效~,liq8(liɪʔ¹²),暂无
上海·市区(中新派),劣(劣),[空],liq8(liɪʔ¹²),暂无
上海·市区(中新派),𢯰(𢯰),~干,liq8(liɪʔ¹²),暂无
上海·市区(中新派),𧛿(𧛿),衣裳~转，急缠,liq8(liɪʔ¹²),暂无
上海·市区(中新派),接(接),[空],ciq7(tɕiɪʔ⁵⁵),暂无
上海·市区(中新派),揭(揭),[空],ciq7(tɕiɪʔ⁵⁵),暂无
上海·市区(中新派),结(結),[空],ciq7(tɕiɪʔ⁵⁵),暂无
上海·市区(中新派),劫(劫),[空],ciq7(tɕiɪʔ⁵⁵),暂无
上海·市区(中新派),荚(莢),毛豆~,ciq7(tɕiɪʔ⁵⁵),暂无
上海·市区(中新派),颊(頰),面~骨,ciq7(tɕiɪʔ⁵⁵),暂无
上海·市区(中新派),孑(孑),[空],ciq7(tɕiɪʔ⁵⁵),暂无
上海·市区(中新派),节(節),[空],ciq7(tɕiɪʔ⁵⁵),暂无
上海·市区(中新派),疖(癤),[空],ciq7(tɕiɪʔ⁵⁵),暂无
上海·市区(中新派),洁(潔),[空],ciq7(tɕiɪʔ⁵⁵),暂无
上海·市区(中新派),拮(拮),~据,ciq7(tɕiɪʔ⁵⁵),暂无
上海·市区(中新派),桔(桔),~梗,ciq7(tɕiɪʔ⁵⁵),暂无
上海·市区(中新派),积(積),[空],ciq7(tɕiɪʔ⁵⁵),暂无
上海·市区(中新派),迹(跡),[空],ciq7(tɕiɪʔ⁵⁵),暂无
上海·市区(中新派),激(激),[空],ciq7(tɕiɪʔ⁵⁵),暂无
上海·市区(中新派),击(擊),[空],ciq7(tɕiɪʔ⁵⁵),暂无
上海·市区(中新派),绩(績),[空],ciq7(tɕiɪʔ⁵⁵),暂无
上海·市区(中新派),渍(漬),[空],ciq7(tɕiɪʔ⁵⁵),暂无
上海·市区(中新派),急(急),[空],ciq7(tɕiɪʔ⁵⁵),暂无
上海·市区(中新派),级(級),[空],ciq7(tɕiɪʔ⁵⁵),暂无
上海·市区(中新派),汲(汲),[空],ciq7(tɕiɪʔ⁵⁵),暂无
上海·市区(中新派),吉(吉),[空],ciq7(tɕiɪʔ⁵⁵),暂无
上海·市区(中新派),即(即),[空],ciq7(tɕiɪʔ⁵⁵),暂无
上海·市区(中新派),棘(棘),[空],ciq7(tɕiɪʔ⁵⁵),暂无
上海·市区(中新派),脊(脊),[空],ciq7(tɕiɪʔ⁵⁵),暂无
上海·市区(中新派),鹡(鶺),~鸰,ciq7(tɕiɪʔ⁵⁵),暂无
上海·市区(中新派),瘠(瘠),[空],ciq7(tɕiɪʔ⁵⁵),暂无
上海·市区(中新派),给(給),供~,ciq7(tɕiɪʔ⁵⁵),暂无
上海·市区(中新派),戟(戟),[空],ciq7(tɕiɪʔ⁵⁵),暂无
上海·市区(中新派),鲫(鯽),[空],ciq7(tɕiɪʔ⁵⁵),暂无
上海·市区(中新派),唧(唧),[空],ciq7(tɕiɪʔ⁵⁵),暂无
上海·市区(中新派),稷(稷),[空],ciq7(tɕiɪʔ⁵⁵),暂无
上海·市区(中新派),髻(髻),[空],ciq7(tɕiɪʔ⁵⁵),暂无
上海·市区(中新派),挟(挾),~菜,ciq7(tɕiɪʔ⁵⁵),暂无
上海·市区(中新派),䥛(䥛),镰刀,ciq7(tɕiɪʔ⁵⁵),暂无
上海·市区(中新派),𧉆(𧉆),~，蟋蟀,ciq7(tɕiɪʔ⁵⁵),暂无
上海·市区(中新派),切(切),[空],chiq7(tɕʰiɪʔ⁵⁵),暂无
上海·市区(中新派),窃(竊),[空],chiq7(tɕʰiɪʔ⁵⁵),暂无
上海·市区(中新派),锲(鍥),[空],chiq7(tɕʰiɪʔ⁵⁵),暂无
上海·市区(中新派),怯(怯),[空],chiq7(tɕʰiɪʔ⁵⁵),暂无
上海·市区(中新派),七(七),[空],chiq7(tɕʰiɪʔ⁵⁵),暂无
上海·市区(中新派),柒(柒),[空],chiq7(tɕʰiɪʔ⁵⁵),暂无
上海·市区(中新派),漆(漆),[空],chiq7(tɕʰiɪʔ⁵⁵),暂无
上海·市区(中新派),戚(戚),[空],chiq7(tɕʰiɪʔ⁵⁵),暂无
上海·市区(中新派),乞(乞),[空],chiq7(tɕʰiɪʔ⁵⁵),暂无
上海·市区(中新派),葺(葺),[空],chiq7(tɕʰiɪʔ⁵⁵),暂无
上海·市区(中新派),泣(泣),[空],chiq7(tɕʰiɪʔ⁵⁵),暂无
上海·市区(中新派),迄(迄),[空],chiq7(tɕʰiɪʔ⁵⁵),暂无
上海·市区(中新派),讫(訖),[空],chiq7(tɕʰiɪʔ⁵⁵),暂无
上海·市区(中新派),吃(喫),[空],chiq7(tɕʰiɪʔ⁵⁵),暂无
上海·市区(中新派),缉(緝),[空],chiq7(tɕʰiɪʔ⁵⁵),暂无
上海·市区(中新派),辑(輯),[空],chiq7(tɕʰiɪʔ⁵⁵),暂无
上海·市区(中新派),契(契),[空],chiq7(tɕʰiɪʔ⁵⁵),暂无
上海·市区(中新派),齕(齕),~牢，咬住,chiq7(tɕʰiɪʔ⁵⁵),暂无
上海·市区(中新派),杰(傑),[空],jiq8(dʑiɪʔ¹²),暂无
上海·市区(中新派),竭(竭),[空],jiq8(dʑiɪʔ¹²),暂无
上海·市区(中新派),桀(桀),[空],jiq8(dʑiɪʔ¹²),暂无
上海·市区(中新派),及(及),[空],jiq8(dʑiɪʔ¹²),暂无
上海·市区(中新派),笈(笈),[空],jiq8(dʑiɪʔ¹²),暂无
上海·市区(中新派),极(極),[空],jiq8(dʑiɪʔ¹²),暂无
上海·市区(中新派),剧(劇),[空],jiq8(dʑiɪʔ¹²),暂无
上海·市区(中新派),蹑(躡),[空],gniq8(ȵiɪʔ¹²),暂无
上海·市区(中新派),镊(鑷),[空],gniq8(ȵiɪʔ¹²),暂无
上海·市区(中新派),聂(聶),[空],gniq8(ȵiɪʔ¹²),暂无
上海·市区(中新派),孽(孽),[空],gniq8(ȵiɪʔ¹²),暂无
上海·市区(中新派),蘗(蘗),[空],gniq8(ȵiɪʔ¹²),暂无
上海·市区(中新派),啮(嚙),[空],gniq8(ȵiɪʔ¹²),暂无
上海·市区(中新派),业(業),[空],gniq8(ȵiɪʔ¹²),暂无
上海·市区(中新派),涅(涅),[空],gniq8(ȵiɪʔ¹²),暂无
上海·市区(中新派),匿(匿),[空],gniq8(ȵiɪʔ¹²),暂无
上海·市区(中新派),逆(逆),[空],gniq8(ȵiɪʔ¹²),暂无
上海·市区(中新派),溺(溺),[空],gniq8(ȵiɪʔ¹²),暂无
上海·市区(中新派),日(日),白,gniq8(ȵiɪʔ¹²),暂无
上海·市区(中新派),热(熱),[空],gniq8(ȵiɪʔ¹²),暂无
上海·市区(中新派),镍(鎳),[空],gniq8(ȵiɪʔ¹²),暂无
上海·市区(中新派),蝎(蝎),[空],shiq7(ɕiɪʔ⁵⁵),暂无
上海·市区(中新派),歇(歇),[空],shiq7(ɕiɪʔ⁵⁵),暂无
上海·市区(中新派),楔(楔),[空],shiq7(ɕiɪʔ⁵⁵),暂无
上海·市区(中新派),胁(脅),[空],shiq7(ɕiɪʔ⁵⁵),暂无
上海·市区(中新派),亵(褻),[空],shiq7(ɕiɪʔ⁵⁵),暂无
上海·市区(中新派),泄(洩),[空],shiq7(ɕiɪʔ⁵⁵),暂无
上海·市区(中新派),屑(屑),[空],shiq7(ɕiɪʔ⁵⁵),暂无
上海·市区(中新派),薛(薛),[空],shiq7(ɕiɪʔ⁵⁵),暂无
上海·市区(中新派),雪(雪),[空],shiq7(ɕiɪʔ⁵⁵),暂无
上海·市区(中新派),吸(吸),[空],shiq7(ɕiɪʔ⁵⁵),暂无
上海·市区(中新派),熄(熄),[空],shiq7(ɕiɪʔ⁵⁵),暂无
上海·市区(中新派),媳(媳),[空],shiq7(ɕiɪʔ⁵⁵),暂无
上海·市区(中新派),息(息),[空],shiq7(ɕiɪʔ⁵⁵),暂无
上海·市区(中新派),悉(悉),[空],shiq7(ɕiɪʔ⁵⁵),暂无
上海·市区(中新派),膝(膝),[空],shiq7(ɕiɪʔ⁵⁵),暂无
上海·市区(中新派),蟋(蟋),~蟀,shiq7(ɕiɪʔ⁵⁵),暂无
上海·市区(中新派),昔(昔),[空],shiq7(ɕiɪʔ⁵⁵),暂无
上海·市区(中新派),惜(惜),[空],shiq7(ɕiɪʔ⁵⁵),暂无
上海·市区(中新派),析(析),[空],shiq7(ɕiɪʔ⁵⁵),暂无
上海·市区(中新派),淅(淅),[空],shiq7(ɕiɪʔ⁵⁵),暂无
上海·市区(中新派),锡(錫),[空],shiq7(ɕiɪʔ⁵⁵),暂无
上海·市区(中新派),晰(晰),[空],shiq7(ɕiɪʔ⁵⁵),暂无
上海·市区(中新派),歙(歙),~县,shiq7(ɕiɪʔ⁵⁵),暂无
上海·市区(中新派),蜥(蜥),[空],shiq7(ɕiɪʔ⁵⁵),暂无
上海·市区(中新派),隙(隙),[空],shiq7(ɕiɪʔ⁵⁵),暂无
上海·市区(中新派),戌(戌),[空],shiq7(ɕiɪʔ⁵⁵),暂无
上海·市区(中新派),睫(睫),[空],zhiq8(ʑiɪʔ¹²),暂无
上海·市区(中新派),捷(捷),[空],zhiq8(ʑiɪʔ¹²),暂无
上海·市区(中新派),截(截),[空],zhiq8(ʑiɪʔ¹²),暂无
上海·市区(中新派),藉(藉),[空],zhiq8(ʑiɪʔ¹²),暂无
上海·市区(中新派),绝(絕),[空],zhiq8(ʑiɪʔ¹²),暂无
上海·市区(中新派),集(集),[空],zhiq8(ʑiɪʔ¹²),暂无
上海·市区(中新派),疾(疾),[空],zhiq8(ʑiɪʔ¹²),暂无
上海·市区(中新派),蒺(蒺),[空],zhiq8(ʑiɪʔ¹²),暂无
上海·市区(中新派),籍(籍),[空],zhiq8(ʑiɪʔ¹²),暂无
上海·市区(中新派),寂(寂),[空],zhiq8(ʑiɪʔ¹²),暂无
上海·市区(中新派),习(習),[空],zhiq8(ʑiɪʔ¹²),暂无
上海·市区(中新派),袭(襲),[空],zhiq8(ʑiɪʔ¹²),暂无
上海·市区(中新派),席(席),[空],zhiq8(ʑiɪʔ¹²),暂无
上海·市区(中新派),夕(夕),[空],zhiq8(ʑiɪʔ¹²),暂无
上海·市区(中新派),硅(矽),[空],zhiq8(ʑiɪʔ¹²),暂无
上海·市区(中新派),叶(葉),[空],yiq8(ɦiɪʔ¹²),暂无
上海·市区(中新派),页(頁),[空],yiq8(ɦiɪʔ¹²),暂无
上海·市区(中新派),曳(曳),[空],yiq8(ɦiɪʔ¹²),暂无
上海·市区(中新派),液(液),[空],yiq8(ɦiɪʔ¹²),暂无
上海·市区(中新派),腋(腋),[空],yiq8(ɦiɪʔ¹²),暂无
上海·市区(中新派),掖(掖),[空],yiq8(ɦiɪʔ¹²),暂无
上海·市区(中新派),轶(軼),[空],yiq8(ɦiɪʔ¹²),暂无
上海·市区(中新派),佚(佚),[空],yiq8(ɦiɪʔ¹²),暂无
上海·市区(中新派),逸(逸),[空],yiq8(ɦiɪʔ¹²),暂无
上海·市区(中新派),熠(熠),[空],yiq8(ɦiɪʔ¹²),暂无
上海·市区(中新派),翼(翼),[空],yiq8(ɦiɪʔ¹²),暂无
上海·市区(中新派),翌(翌),[空],yiq8(ɦiɪʔ¹²),暂无
上海·市区(中新派),亦(亦),[空],yiq8(ɦiɪʔ¹²),暂无
上海·市区(中新派),弋(弋),[空],yiq8(ɦiɪʔ¹²),暂无
上海·市区(中新派),奕(奕),[空],yiq8(ɦiɪʔ¹²),暂无
上海·市区(中新派),弈(弈),[空],yiq8(ɦiɪʔ¹²),暂无
上海·市区(中新派),译(譯),[空],yiq8(ɦiɪʔ¹²),暂无
上海·市区(中新派),驿(驛),[空],yiq8(ɦiɪʔ¹²),暂无
上海·市区(中新派),绎(繹),[空],yiq8(ɦiɪʔ¹²),暂无
上海·市区(中新派),易(易),交~,yiq8(ɦiɪʔ¹²),暂无
上海·市区(中新派),蜴(蜴),蜥~,yiq8(ɦiɪʔ¹²),暂无
上海·市区(中新派),噎(噎),[空],iq7(iɪʔ⁵⁵),暂无
上海·市区(中新派),咽(咽),哽~,iq7(iɪʔ⁵⁵),暂无
上海·市区(中新派),靥(靨),[空],iq7(iɪʔ⁵⁵),暂无
上海·市区(中新派),揖(揖),[空],iq7(iɪʔ⁵⁵),暂无
上海·市区(中新派),一(一),[空],iq7(iɪʔ⁵⁵),暂无
上海·市区(中新派),乙(乙),[空],iq7(iɪʔ⁵⁵),暂无
上海·市区(中新派),壹(壹),[空],iq7(iɪʔ⁵⁵),暂无
上海·市区(中新派),抑(抑),[空],iq7(iɪʔ⁵⁵),暂无
上海·市区(中新派),溢(溢),[空],iq7(iɪʔ⁵⁵),暂无
上海·市区(中新派),益(益),[空],iq7(iɪʔ⁵⁵),暂无
上海·市区(中新派),缢(縊),[空],iq7(iɪʔ⁵⁵),暂无
上海·市区(中新派),邑(邑),[空],iq7(iɪʔ⁵⁵),暂无
上海·市区(中新派),悒(悒),[空],iq7(iɪʔ⁵⁵),暂无
上海·市区(中新派),谒(謁),[空],iq7(iɪʔ⁵⁵),暂无
上海·市区(中新派),擪(擪),~干水，按，按吸,iq7(iɪʔ⁵⁵),暂无
上海·市区(中新派),搕(搕),~牢勿拨人家看，用手遮盖,iq7(iɪʔ⁵⁵),暂无
上海·市区(中新派),厥(厥),[空],ciuq7(tɕyɪʔ⁵⁵),暂无
上海·市区(中新派),蕨(蕨),[空],ciuq7(tɕyɪʔ⁵⁵),暂无
上海·市区(中新派),蹶(蹶),[空],ciuq7(tɕyɪʔ⁵⁵),暂无
上海·市区(中新派),决(決),[空],ciuq7(tɕyɪʔ⁵⁵),暂无
上海·市区(中新派),抉(抉),[空],ciuq7(tɕyɪʔ⁵⁵),暂无
上海·市区(中新派),诀(訣),[空],ciuq7(tɕyɪʔ⁵⁵),暂无
上海·市区(中新派),镢(钁),[空],ciuq7(tɕyɪʔ⁵⁵),暂无
上海·市区(中新派),攫(攫),[空],ciuq7(tɕyɪʔ⁵⁵),暂无
上海·市区(中新派),觉(覺),~悟。文,ciuq7(tɕyɪʔ⁵⁵),暂无
上海·市区(中新派),珏(珏),[空],ciuq7(tɕyɪʔ⁵⁵),暂无
上海·市区(中新派),孑(孑),[空],ciuq7(tɕyɪʔ⁵⁵),暂无
上海·市区(中新派),橘(橘),[空],ciuq7(tɕyɪʔ⁵⁵),暂无
上海·市区(中新派),菊(菊),[空],ciuq7(tɕyɪʔ⁵⁵),暂无
上海·市区(中新派),鞠(鞠),[空],ciuq7(tɕyɪʔ⁵⁵),暂无
上海·市区(中新派),掬(掬),[空],ciuq7(tɕyɪʔ⁵⁵),暂无
上海·市区(中新派),阙(闕),[空],chiuq7(tɕʰyɪʔ⁵⁵),暂无
上海·市区(中新派),缺(缺),[空],chiuq7(tɕʰyɪʔ⁵⁵),暂无
上海·市区(中新派),却(卻),[空],chiuq7(tɕʰyɪʔ⁵⁵),暂无
上海·市区(中新派),确(確),[空],chiuq7(tɕʰyɪʔ⁵⁵),暂无
上海·市区(中新派),屈(屈),[空],chiuq7(tɕʰyɪʔ⁵⁵),暂无
上海·市区(中新派),曲(曲),[空],chiuq7(tɕʰyɪʔ⁵⁵),暂无
上海·市区(中新派),蛐(蛐),[空],chiuq7(tɕʰyɪʔ⁵⁵),暂无
上海·市区(中新派),曲(麯),[空],chiuq7(tɕʰyɪʔ⁵⁵),暂无
上海·市区(中新派),炔(炔),[空],chiuq7(tɕʰyɪʔ⁵⁵),暂无
上海·市区(中新派),撅(撅),[空],jiuq8(dʑyɪʔ¹²),暂无
上海·市区(中新派),掘(掘),[空],jiuq8(dʑyɪʔ¹²),暂无
上海·市区(中新派),倔(倔),[空],jiuq8(dʑyɪʔ¹²),暂无
上海·市区(中新派),崛(崛),[空],jiuq8(dʑyɪʔ¹²),暂无
上海·市区(中新派),瘸(瘸),[空],jiuq8(dʑyɪʔ¹²),暂无
上海·市区(中新派),局(局),[空],jiuq8(dʑyɪʔ¹²),暂无
上海·市区(中新派),轴(軸),[空],jiuq8(dʑyɪʔ¹²),暂无
上海·市区(中新派),屐(屐),[空],jiuq8(dʑyɪʔ¹²),暂无
上海·市区(中新派),䞷(䞷),~出去，含怒而去,jiuq8(dʑyɪʔ¹²),暂无
上海·市区(中新派),𧤼(𧤼),牛角~人,jiuq8(dʑyɪʔ¹²),暂无
上海·市区(中新派),赶(赶),~起尾巴，翘起,jiuq8(dʑyɪʔ¹²),暂无
上海·市区(中新派),月(月),[空],gniuq8(ȵyɪʔ¹²),暂无
上海·市区(中新派),血(血),[空],shiuq7(ɕyɪʔ⁵⁵),暂无
上海·市区(中新派),噱(噱),[空],shiuq7(ɕyɪʔ⁵⁵),暂无
上海·市区(中新派),恤(恤),[空],shiuq7(ɕyɪʔ⁵⁵),暂无
上海·市区(中新派),畜(畜),[空],shiuq7(ɕyɪʔ⁵⁵),暂无
上海·市区(中新派),蓄(蓄),[空],shiuq7(ɕyɪʔ⁵⁵),暂无
上海·市区(中新派),旭(旭),[空],shiuq7(ɕyɪʔ⁵⁵),暂无
上海·市区(中新派),悦(悅),[空],yuq8(ɦyɪʔ¹²),暂无
上海·市区(中新派),曰(曰),[空],yuq8(ɦyɪʔ¹²),暂无
上海·市区(中新派),阅(閱),[空],yuq8(ɦyɪʔ¹²),暂无
上海·市区(中新派),月(月),[空],yuq8(ɦyɪʔ¹²),暂无
上海·市区(中新派),越(越),[空],yuq8(ɦyɪʔ¹²),暂无
上海·市区(中新派),粤(粵),[空],yuq8(ɦyɪʔ¹²),暂无
上海·市区(中新派),钺(鉞),[空],yuq8(ɦyɪʔ¹²),暂无
上海·市区(中新派),岳(岳),[空],yuq8(ɦyɪʔ¹²),暂无
上海·市区(中新派),域(域),[空],yuq8(ɦyɪʔ¹²),暂无
上海·市区(中新派),育(育),[空],yuq8(ɦyɪʔ¹²),暂无
上海·市区(中新派),毓(毓),[空],yuq8(ɦyɪʔ¹²),暂无
上海·市区(中新派),煜(煜),[空],yuq8(ɦyɪʔ¹²),暂无
上海·市区(中新派),禹(禹),[空],yuq8(ɦyɪʔ¹²),暂无
上海·市区(中新派),欲(慾),[空],yuq8(ɦyɪʔ¹²),暂无
上海·市区(中新派),浴(浴),[空],yuq8(ɦyɪʔ¹²),暂无
上海·市区(中新派),疫(疫),[空],yuq8(ɦyɪʔ¹²),暂无
上海·市区(中新派),穴(穴),[空],yuq8(ɦyɪʔ¹²),暂无
上海·市区(中新派),役(役),[空],yuq8(ɦyɪʔ¹²),暂无
上海·市区(中新派),鬻(鬻),[空],yuq8(ɦyɪʔ¹²),暂无
上海·市区(中新派),聿(聿),[空],yuq8(ɦyɪʔ¹²),暂无
上海·市区(中新派),郁(鬱),[空],iuq7(yɪʔ⁵⁵),暂无
上海·市区(中新派),郁(郁),[空],iuq7(yɪʔ⁵⁵),暂无
上海·市区(中新派),儿(兒),文,er6(ɦəl¹¹³),暂无
上海·市区(中新派),而(而),[空],er6(ɦəl¹¹³),暂无
上海·市区(中新派),尔(爾),[空],er6(ɦəl¹¹³),暂无
上海·市区(中新派),迩(邇),[空],er6(ɦəl¹¹³),暂无
上海·市区(中新派),耳(耳),文,er6(ɦəl¹¹³),暂无
上海·市区(中新派),洱(洱),[空],er6(ɦəl¹¹³),暂无
上海·市区(中新派),饵(餌),[空],er6(ɦəl¹¹³),暂无
上海·市区(中新派),珥(珥),[空],er6(ɦəl¹¹³),暂无
上海·市区(中新派),二(二),文,er6(ɦəl¹¹³),暂无
上海·市区(中新派),贰(貳),文,er6(ɦəl¹¹³),暂无
上海·市区(中新派),姆(姆),~妈,m1(m̩⁵³),暂无
上海·市区(中新派),母(母),伯~,m1(m̩⁵³),暂无
上海·市区(中新派),拇(拇),[空],m1(m̩⁵³),暂无
上海·市区(中新派),亩(畝),文,m6(ɦm̩¹¹³),暂无
上海·市区(中新派),呒(嘸),没有,m6(ɦm̩¹¹³),暂无
上海·市区(中新派),嗯(嗯),[空],n1(n̩⁵³),暂无
上海·市区(中新派),五(五),白,ng6(ɦŋ̩¹¹³),暂无
上海·市区(中新派),伍(伍),白,ng6(ɦŋ̩¹¹³),暂无
上海·市区(中新派),午(午),端~。白,ng6(ɦŋ̩¹¹³),暂无
上海·市区(中新派),鱼(魚),白,ng6(ɦŋ̩¹¹³),暂无
上海·市区(中新派),儿(兒),囡~，女儿。白,ng6(ɦŋ̩¹¹³),暂无
上海·市区(中新派),垯(墶),[空],taq7(tᴀʔ⁵⁵),暂无
上海·市区(中新派),𡍲(𡍲),[空],taq7(tᴀʔ⁵⁵),暂无
上海·市区(中新派),我(我),新派,wu6(ɦu¹¹³),暂无