where,word,mean,pinYin,pinYinSearch,Pronunciation
松江,猪(豬),[空],tsy1(ʦɿ⁵³),tsy1,暂无
松江,知(知),[空],tsy1(ʦɿ⁵³),tsy1,暂无
松江,蜘(蜘),[空],tsy1(ʦɿ⁵³),tsy1,暂无
松江,支(支),[空],tsy1(ʦɿ⁵³),tsy1,暂无
松江,枝(枝),[空],tsy1(ʦɿ⁵³),tsy1,暂无
松江,肢(肢),[空],tsy1(ʦɿ⁵³),tsy1,暂无
松江,栀(梔),[空],tsy1(ʦɿ⁵³),tsy1,暂无
松江,资(資),[空],tsy1(ʦɿ⁵³),tsy1,暂无
松江,咨(諮),[空],tsy1(ʦɿ⁵³),tsy1,暂无
松江,姿(姿),[空],tsy1(ʦɿ⁵³),tsy1,暂无
松江,恣(恣),[空],tsy1(ʦɿ⁵³),tsy1,暂无
松江,脂(脂),[空],tsy1(ʦɿ⁵³),tsy1,暂无
松江,兹(茲),[空],tsy1(ʦɿ⁵³),tsy1,暂无
松江,滋(滋),[空],tsy1(ʦɿ⁵³),tsy1,暂无
松江,孳(孳),[空],tsy1(ʦɿ⁵³),tsy1,暂无
松江,之(之),[空],tsy1(ʦɿ⁵³),tsy1,暂无
松江,芝(芝),[空],tsy1(ʦɿ⁵³),tsy1,暂无
松江,辎(輜),[空],tsy1(ʦɿ⁵³),tsy1,暂无
松江,缁(緇),[空],tsy1(ʦɿ⁵³),tsy1,暂无
松江,孜(孜),[空],tsy1(ʦɿ⁵³),tsy1,暂无
松江,髭(髭),[空],tsy1(ʦɿ⁵³),tsy1,暂无
松江,吱(吱),[空],tsy1(ʦɿ⁵³),tsy1,暂无
松江,锥(錐),刺入,tsy1(ʦɿ⁵³),tsy1,暂无
松江,紫(紫),[空],tsy3(ʦɿ⁴⁴),tsy3,暂无
松江,只(只),文，~有,tsy3(ʦɿ⁴⁴),tsy3,暂无
松江,卮(卮),[空],tsy3(ʦɿ⁴⁴),tsy3,暂无
松江,纸(紙),[空],tsy3(ʦɿ⁴⁴),tsy3,暂无
松江,姊(姊),~妹,tsy3(ʦɿ⁴⁴),tsy3,暂无
松江,旨(旨),[空],tsy3(ʦɿ⁴⁴),tsy3,暂无
松江,指(指),[空],tsy3(ʦɿ⁴⁴),tsy3,暂无
松江,梓(梓),[空],tsy3(ʦɿ⁴⁴),tsy3,暂无
松江,滓(滓),[空],tsy3(ʦɿ⁴⁴),tsy3,暂无
松江,子(子),[空],tsy3(ʦɿ⁴⁴),tsy3,暂无
松江,仔(仔),[空],tsy3(ʦɿ⁴⁴),tsy3,暂无
松江,籽(籽),[空],tsy3(ʦɿ⁴⁴),tsy3,暂无
松江,止(止),[空],tsy3(ʦɿ⁴⁴),tsy3,暂无
松江,址(址),[空],tsy3(ʦɿ⁴⁴),tsy3,暂无
松江,趾(趾),[空],tsy3(ʦɿ⁴⁴),tsy3,暂无
松江,芷(芷),[空],tsy3(ʦɿ⁴⁴),tsy3,暂无
松江,徵(徵),五音之一,tsy3(ʦɿ⁴⁴),tsy3,暂无
松江,嘴(嘴),白,tsy3(ʦɿ⁴⁴),tsy3,暂无
松江,制(制),[空],tsy5(ʦɿ³⁵),tsy5,暂无
松江,製(製),[空],tsy5(ʦɿ³⁵),tsy5,暂无
松江,智(智),[空],tsy5(ʦɿ³⁵),tsy5,暂无
松江,眵(眵),眼~,tsy5(ʦɿ³⁵),tsy5,暂无
松江,至(至),[空],tsy5(ʦɿ³⁵),tsy5,暂无
松江,致(致),[空],tsy5(ʦɿ³⁵),tsy5,暂无
松江,緻(緻),[空],tsy5(ʦɿ³⁵),tsy5,暂无
松江,置(置),[空],tsy5(ʦɿ³⁵),tsy5,暂无
松江,志(志),[空],tsy5(ʦɿ³⁵),tsy5,暂无
松江,誌(誌),[空],tsy5(ʦɿ³⁵),tsy5,暂无
松江,痣(痣),[空],tsy5(ʦɿ³⁵),tsy5,暂无
松江,褚(褚),[空],tshy1(ʦʰɿ⁵³),tshy1,暂无
松江,雌(雌),[空],tshy1(ʦʰɿ⁵³),tshy1,暂无
松江,差(差),[空],tshy1(ʦʰɿ⁵³),tshy1,暂无
松江,痴(痴),[空],tshy1(ʦʰɿ⁵³),tshy1,暂无
松江,蚩(蚩),[空],tshy1(ʦʰɿ⁵³),tshy1,暂无
松江,嗤(嗤),[空],tshy1(ʦʰɿ⁵³),tshy1,暂无
松江,吹(吹),白,tshy1(ʦʰɿ⁵³),tshy1,暂无
松江,炊(炊),~饭糕，俗作“粢”,tshy1(ʦʰɿ⁵³),tshy1,暂无
松江,粢(粢),[空],tshy1(ʦʰɿ⁵³),tshy1,暂无
松江,此(此),[空],tshy3(ʦʰɿ⁴⁴),tshy3,暂无
松江,耻(恥),[空],tshy3(ʦʰɿ⁴⁴),tshy3,暂无
松江,齿(齒),[空],tshy3(ʦʰɿ⁴⁴),tshy3,暂无
松江,侈(侈),[空],tshy3(ʦʰɿ⁴⁴),tshy3,暂无
松江,刺(刺),[空],tshy5(ʦʰɿ³⁵),tshy5,暂无
松江,翅(翅),[空],tshy5(ʦʰɿ³⁵),tshy5,暂无
松江,次(次),[空],tshy5(ʦʰɿ³⁵),tshy5,暂无
松江,伺(伺),[空],tshy5(ʦʰɿ³⁵),tshy5,暂无
松江,厕(廁),[空],tshy5(ʦʰɿ³⁵),tshy5,暂无
松江,蛓(蛓),[空],tshy5(ʦʰɿ³⁵),tshy5,暂无
松江,梳(梳),白，~头，木~,sy1(sɿ⁵³),sy1,暂无
松江,斯(斯),[空],sy1(sɿ⁵³),sy1,暂无
松江,撕(撕),[空],sy1(sɿ⁵³),sy1,暂无
松江,厮(廝),[空],sy1(sɿ⁵³),sy1,暂无
松江,嘶(嘶),[空],sy1(sɿ⁵³),sy1,暂无
松江,施(施),[空],sy1(sɿ⁵³),sy1,暂无
松江,筛(篩),[空],sy1(sɿ⁵³),sy1,暂无
松江,师(師),[空],sy1(sɿ⁵³),sy1,暂无
松江,狮(獅),[空],sy1(sɿ⁵³),sy1,暂无
松江,蛳(螄),[空],sy1(sɿ⁵³),sy1,暂无
松江,尸(屍),[空],sy1(sɿ⁵³),sy1,暂无
松江,屍(屍),[空],sy1(sɿ⁵³),sy1,暂无
松江,丝(絲),[空],sy1(sɿ⁵³),sy1,暂无
松江,私(私),[空],sy1(sɿ⁵³),sy1,暂无
松江,司(司),[空],sy1(sɿ⁵³),sy1,暂无
松江,思(思),[空],sy1(sɿ⁵³),sy1,暂无
松江,诗(詩),[空],sy1(sɿ⁵³),sy1,暂无
松江,鼠(鼠),白,sy3(sɿ⁴⁴),sy3,暂无
松江,豕(豕),[空],sy3(sɿ⁴⁴),sy3,暂无
松江,死(死),文,sy3(sɿ⁴⁴),sy3,暂无
松江,屎(屎),[空],sy3(sɿ⁴⁴),sy3,暂无
松江,矢(矢),[空],sy3(sɿ⁴⁴),sy3,暂无
松江,水(水),白,sy3(sɿ⁴⁴),sy3,暂无
松江,使(使),[空],sy3(sɿ⁴⁴),sy3,暂无
松江,史(史),[空],sy3(sɿ⁴⁴),sy3,暂无
松江,驶(駛),[空],sy3(sɿ⁴⁴),sy3,暂无
松江,始(始),[空],sy3(sɿ⁴⁴),sy3,暂无
松江,世(世),[空],sy5(sɿ³⁵),sy5,暂无
松江,势(勢),[空],sy5(sɿ³⁵),sy5,暂无
松江,赐(賜),[空],sy5(sɿ³⁵),sy5,暂无
松江,四(四),[空],sy5(sɿ³⁵),sy5,暂无
松江,泗(泗),[空],sy5(sɿ³⁵),sy5,暂无
松江,肆(肆),[空],sy5(sɿ³⁵),sy5,暂无
松江,试(試),[空],sy5(sɿ³⁵),sy5,暂无
松江,弑(弒),[空],sy5(sɿ³⁵),sy5,暂无
松江,锄(鋤),白,zy2(zɿ³¹),zy2,暂无
松江,疵(疵),吹毛求~,zy2(zɿ³¹),zy2,暂无
松江,池(池),[空],zy2(zɿ³¹),zy2,暂无
松江,驰(馳),[空],zy2(zɿ³¹),zy2,暂无
松江,匙(匙),[空],zy2(zɿ³¹),zy2,暂无
松江,瓷(瓷),[空],zy2(zɿ³¹),zy2,暂无
松江,迟(遲),[空],zy2(zɿ³¹),zy2,暂无
松江,慈(慈),[空],zy2(zɿ³¹),zy2,暂无
松江,磁(磁),[空],zy2(zɿ³¹),zy2,暂无
松江,辞(辭),[空],zy2(zɿ³¹),zy2,暂无
松江,词(詞),[空],zy2(zɿ³¹),zy2,暂无
松江,祠(祠),[空],zy2(zɿ³¹),zy2,暂无
松江,持(持),[空],zy2(zɿ³¹),zy2,暂无
松江,时(時),[空],zy2(zɿ³¹),zy2,暂无
松江,鲥(鰣),[空],zy2(zɿ³¹),zy2,暂无
松江,墅(墅),[空],zy4(zɿ²²),zy4,暂无
松江,是(是),[空],zy4(zɿ²²),zy4,暂无
松江,雉(雉),[空],zy4(zɿ²²),zy4,暂无
松江,似(似),[空],zy4(zɿ²²),zy4,暂无
松江,巳(巳),[空],zy4(zɿ²²),zy4,暂无
松江,祀(祀),[空],zy4(zɿ²²),zy4,暂无
松江,俟(俟),[空],zy4(zɿ²²),zy4,暂无
松江,痔(痔),[空],zy4(zɿ²²),zy4,暂无
松江,市(市),[空],zy4(zɿ²²),zy4,暂无
松江,柿(柿),[空],zy4(zɿ²²),zy4,暂无
松江,恃(恃),[空],zy4(zɿ²²),zy4,暂无
松江,士(士),[空],zy4(zɿ²²),zy4,暂无
松江,滞(滯),[空],zy6(zɿ¹³),zy6,暂无
松江,誓(誓),[空],zy6(zɿ¹³),zy6,暂无
松江,逝(逝),[空],zy6(zɿ¹³),zy6,暂无
松江,氏(氏),[空],zy6(zɿ¹³),zy6,暂无
松江,豉(豉),[空],zy6(zɿ¹³),zy6,暂无
松江,餈(餈),[空],zy6(zɿ¹³),zy6,暂无
松江,糍(糍),饭~,zy6(zɿ¹³),zy6,暂无
松江,自(自),[空],zy6(zɿ¹³),zy6,暂无
松江,稚(稚),[空],zy6(zɿ¹³),zy6,暂无
松江,嗜(嗜),[空],zy6(zɿ¹³),zy6,暂无
松江,示(示),[空],zy6(zɿ¹³),zy6,暂无
松江,视(視),[空],zy6(zɿ¹³),zy6,暂无
松江,字(字),[空],zy6(zɿ¹³),zy6,暂无
松江,治(治),[空],zy6(zɿ¹³),zy6,暂无
松江,寺(寺),[空],zy6(zɿ¹³),zy6,暂无
松江,侍(侍),[空],zy6(zɿ¹³),zy6,暂无
松江,嗣(嗣),[空],zy6(zɿ¹³),zy6,暂无
松江,饲(飼),[空],zy6(zɿ¹³),zy6,暂无
松江,士(士),又,zy6(zɿ¹³),zy6,暂无
松江,仕(仕),[空],zy6(zɿ¹³),zy6,暂无
松江,似(似),又,zy6(zɿ¹³),zy6,暂无
松江,事(事),[空],zy6(zɿ¹³),zy6,暂无
松江,睡(睡),~眬眬,zy6(zɿ¹³),zy6,暂无
松江,坠(墜),白,zy6(zɿ¹³),zy6,暂无
松江,屄(屄),[空],pi1(ɓi⁵³),pi1,暂无
松江,蓖(蓖),[空],pi1(ɓi⁵³),pi1,暂无
松江,篦(篦),[空],pi1(ɓi⁵³),pi1,暂无
松江,边(邊),[空],pi1(ɓi⁵³),pi1,暂无
松江,鞭(鞭),[空],pi1(ɓi⁵³),pi1,暂无
松江,编(編),[空],pi1(ɓi⁵³),pi1,暂无
松江,蝙(蝙),[空],pi1(ɓi⁵³),pi1,暂无
松江,彼(彼),[空],pi3(ɓi⁴⁴),pi3,暂无
松江,比(比),[空],pi3(ɓi⁴⁴),pi3,暂无
松江,鄙(鄙),[空],pi3(ɓi⁴⁴),pi3,暂无
松江,贬(貶),[空],pi3(ɓi⁴⁴),pi3,暂无
松江,扁(扁),[空],pi3(ɓi⁴⁴),pi3,暂无
松江,匾(匾),[空],pi3(ɓi⁴⁴),pi3,暂无
松江,蔽(蔽),[空],pi5(ɓi³⁵),pi5,暂无
松江,闭(閉),[空],pi5(ɓi³⁵),pi5,暂无
松江,裨(裨),[空],pi5(ɓi³⁵),pi5,暂无
松江,臂(臂),[空],pi5(ɓi³⁵),pi5,暂无
松江,泌(泌),[空],pi5(ɓi³⁵),pi5,暂无
松江,秘(秘),[空],pi5(ɓi³⁵),pi5,暂无
松江,变(變),[空],pi5(ɓi³⁵),pi5,暂无
松江,遍(遍),[空],pi5(ɓi³⁵),pi5,暂无
松江,煸(煸),[空],pi5(ɓi³⁵),pi5,暂无
松江,徧(徧),[空],pi5(ɓi³⁵),pi5,暂无
松江,批(批),[空],phi1(pʰi⁵³),phi1,暂无
松江,砒(砒),[空],phi1(pʰi⁵³),phi1,暂无
松江,披(披),[空],phi1(pʰi⁵³),phi1,暂无
松江,㱟(㱟),[空],phi1(pʰi⁵³),phi1,暂无
松江,篇(篇),[空],phi1(pʰi⁵³),phi1,暂无
松江,偏(偏),[空],phi1(pʰi⁵³),phi1,暂无
松江,遍(遍),~地,phi1(pʰi⁵³),phi1,暂无
松江,翩(翩),[空],phi1(pʰi⁵³),phi1,暂无
松江,圮(圮),[空],phi3(pʰi⁴⁴),phi3,暂无
松江,痞(痞),[空],phi3(pʰi⁴⁴),phi3,暂无
松江,庇(庇),[空],phi3(pʰi⁴⁴),phi3,暂无
松江,䫌(䫌),头倾侧状,phi3(pʰi⁴⁴),phi3,暂无
松江,譬(譬),[空],phi5(pʰi³⁵),phi5,暂无
松江,皮(皮),[空],bi2(bi³¹),bi2,暂无
松江,疲(疲),[空],bi2(bi³¹),bi2,暂无
松江,脾(脾),[空],bi2(bi³¹),bi2,暂无
松江,肥(肥),~皂,bi2(bi³¹),bi2,暂无
松江,琵(琵),[空],bi2(bi³¹),bi2,暂无
松江,啤(啤),[空],bi2(bi³¹),bi2,暂无
松江,鲏(鮍),鳑~,bi2(bi³¹),bi2,暂无
松江,薇(薇),蔷~花,bi2(bi³¹),bi2,暂无
松江,便(便),~宜,bi2(bi³¹),bi2,暂无
松江,骈(駢),[空],bi2(bi³¹),bi2,暂无
松江,被(被),[空],bi4(bi²²),bi4,暂无
松江,辨(辨),[空],bi4(bi²²),bi4,暂无
松江,辩(辯),[空],bi4(bi²²),bi4,暂无
松江,辫(辮),[空],bi4(bi²²),bi4,暂无
松江,敝(敝),[空],bi6(bi¹³),bi6,暂无
松江,币(幣),[空],bi6(bi¹³),bi6,暂无
松江,弊(弊),[空],bi6(bi¹³),bi6,暂无
松江,毙(斃),[空],bi6(bi¹³),bi6,暂无
松江,陛(陛),[空],bi6(bi¹³),bi6,暂无
松江,鐾(鐾),[空],bi6(bi¹³),bi6,暂无
松江,避(避),[空],bi6(bi¹³),bi6,暂无
松江,婢(婢),[空],bi6(bi¹³),bi6,暂无
松江,痹(痺),[空],bi6(bi¹³),bi6,暂无
松江,坒(坒),层：一~砖,bi6(bi¹³),bi6,暂无
松江,卞(卞),[空],bi6(bi¹³),bi6,暂无
松江,汴(汴),[空],bi6(bi¹³),bi6,暂无
松江,弁(弁),[空],bi6(bi¹³),bi6,暂无
松江,便(便),方~,bi6(bi¹³),bi6,暂无
松江,眯(瞇),[空],mi1(mi⁵³),mi1,暂无
松江,咪(咪),[空],mi1(mi⁵³),mi1,暂无
松江,渳(渳),小口喝,mi1(mi⁵³),mi1,暂无
松江,𡬍(𡬍),[空],mi1(mi⁵³),mi1,暂无
松江,睸(睸),[空],mi1(mi⁵³),mi1,暂无
松江,迷(迷),白,mi2(mi³¹),mi2,暂无
松江,谜(謎),文,mi2(mi³¹),mi2,暂无
松江,糜(糜),[空],mi2(mi³¹),mi2,暂无
松江,縻(縻),[空],mi2(mi³¹),mi2,暂无
松江,弥(彌),[空],mi2(mi³¹),mi2,暂无
松江,眉(眉),白,mi2(mi³¹),mi2,暂无
松江,棉(棉),[空],mi2(mi³¹),mi2,暂无
松江,绵(綿),[空],mi2(mi³¹),mi2,暂无
松江,眠(眠),[空],mi2(mi³¹),mi2,暂无
松江,勉(勉),~励,mi3(mi⁴⁴),mi3,暂无
松江,米(米),[空],mi4(mi²²),mi4,暂无
松江,靡(靡),[空],mi4(mi²²),mi4,暂无
松江,弭(弭),[空],mi4(mi²²),mi4,暂无
松江,免(免),[空],mi4(mi²²),mi4,暂无
松江,娩(娩),[空],mi4(mi²²),mi4,暂无
松江,勉(勉),~强,mi4(mi²²),mi4,暂无
松江,缅(緬),[空],mi4(mi²²),mi4,暂无
松江,冕(冕),[空],mi4(mi²²),mi4,暂无
松江,渑(澠),[空],mi4(mi²²),mi4,暂无
松江,咪(咪),阿~：猫的昵称,mi5(mi³⁵),mi5,暂无
松江,妹(妹),又,mi6(mi¹³),mi6,暂无
松江,尾(尾),白，又,mi6(mi¹³),mi6,暂无
松江,未(未),白,mi6(mi¹³),mi6,暂无
松江,味(味),白，~道,mi6(mi¹³),mi6,暂无
松江,面(面),[空],mi6(mi¹³),mi6,暂无
松江,麺(麺),[空],mi6(mi¹³),mi6,暂无
松江,灰(灰),又,fi1(ɸi⁵³),fi1,暂无
松江,飞(飛),[空],fi1(ɸi⁵³),fi1,暂无
松江,非(非),[空],fi1(ɸi⁵³),fi1,暂无
松江,妃(妃),[空],fi1(ɸi⁵³),fi1,暂无
松江,匪(匪),[空],fi1(ɸi⁵³),fi1,暂无
松江,榧(榧),[空],fi1(ɸi⁵³),fi1,暂无
松江,翡(翡),[空],fi1(ɸi⁵³),fi1,暂无
松江,斐(斐),[空],fi1(ɸi⁵³),fi1,暂无
松江,扉(扉),[空],fi1(ɸi⁵³),fi1,暂无
松江,菲(菲),[空],fi1(ɸi⁵³),fi1,暂无
松江,绯(緋),[空],fi1(ɸi⁵³),fi1,暂无
松江,啡(啡),[空],fi1(ɸi⁵³),fi1,暂无
松江,霏(霏),[空],fi1(ɸi⁵³),fi1,暂无
松江,诽(誹),[空],fi1(ɸi⁵³),fi1,暂无
松江,废(廢),[空],fi5(ɸi³⁵),fi5,暂无
松江,䉬(䉬),[空],fi5(ɸi³⁵),fi5,暂无
松江,肺(肺),[空],fi5(ɸi³⁵),fi5,暂无
松江,痱(痱),文,fi5(ɸi³⁵),fi5,暂无
松江,费(費),[空],fi5(ɸi³⁵),fi5,暂无
松江,沸(沸),[空],fi5(ɸi³⁵),fi5,暂无
松江,回(回),又,vi2(βi³¹),vi2,暂无
松江,茴(茴),又,vi2(βi³¹),vi2,暂无
松江,蛔(蛔),[空],vi2(βi³¹),vi2,暂无
松江,肥(肥),~料,vi2(βi³¹),vi2,暂无
松江,微(微),[空],vi2(βi³¹),vi2,暂无
松江,薇(薇),[空],vi2(βi³¹),vi2,暂无
松江,维(維),[空],vi2(βi³¹),vi2,暂无
松江,惟(惟),[空],vi2(βi³¹),vi2,暂无
松江,唯(唯),[空],vi2(βi³¹),vi2,暂无
松江,为(為),作~，又,vi2(βi³¹),vi2,暂无
松江,围(圍),文，又,vi2(βi³¹),vi2,暂无
松江,违(違),又,vi2(βi³¹),vi2,暂无
松江,会(會),开~，又,vi6(βi¹³),vi6,暂无
松江,绘(繪),又,vi6(βi¹³),vi6,暂无
松江,卫(衛),又,vi6(βi¹³),vi6,暂无
松江,惠(惠),又,vi6(βi¹³),vi6,暂无
松江,慧(慧),又,vi6(βi¹³),vi6,暂无
松江,吠(吠),[空],vi6(βi¹³),vi6,暂无
松江,未(未),文,vi6(βi¹³),vi6,暂无
松江,味(味),~精,vi6(βi¹³),vi6,暂无
松江,位(位),又,vi6(βi¹³),vi6,暂无
松江,为(為),~啥，又,vi6(βi¹³),vi6,暂无
松江,胃(胃),又,vi6(βi¹³),vi6,暂无
松江,谓(謂),又,vi6(βi¹³),vi6,暂无
松江,蝟(蝟),又,vi6(βi¹³),vi6,暂无
松江,纬(緯),又，文,vi6(βi¹³),vi6,暂无
松江,尾(尾),文,vi6(βi¹³),vi6,暂无
松江,低(低),[空],ti1(ɗi⁵³),ti1,暂无
松江,掂(掂),[空],ti1(ɗi⁵³),ti1,暂无
松江,颠(顛),[空],ti1(ɗi⁵³),ti1,暂无
松江,巅(巔),[空],ti1(ɗi⁵³),ti1,暂无
松江,癫(癲),[空],ti1(ɗi⁵³),ti1,暂无
松江,底(底),[空],ti3(ɗi⁴⁴),ti3,暂无
松江,抵(抵),[空],ti3(ɗi⁴⁴),ti3,暂无
松江,诋(詆),[空],ti3(ɗi⁴⁴),ti3,暂无
松江,邸(邸),[空],ti3(ɗi⁴⁴),ti3,暂无
松江,点(點),[空],ti3(ɗi⁴⁴),ti3,暂无
松江,典(典),[空],ti3(ɗi⁴⁴),ti3,暂无
松江,碘(碘),[空],ti3(ɗi⁴⁴),ti3,暂无
松江,帝(帝),[空],ti5(ɗi³⁵),ti5,暂无
松江,蒂(蒂),[空],ti5(ɗi³⁵),ti5,暂无
松江,谛(諦),[空],ti5(ɗi³⁵),ti5,暂无
松江,渧(渧),[空],ti5(ɗi³⁵),ti5,暂无
松江,店(店),[空],ti5(ɗi³⁵),ti5,暂无
松江,踮(踮),[空],ti5(ɗi³⁵),ti5,暂无
松江,惦(惦),[空],ti5(ɗi³⁵),ti5,暂无
松江,梯(梯),[空],thi1(tʰi⁵³),thi1,暂无
松江,添(添),[空],thi1(tʰi⁵³),thi1,暂无
松江,天(天),[空],thi1(tʰi⁵³),thi1,暂无
松江,体(體),[空],thi3(tʰi⁴⁴),thi3,暂无
松江,舔(舔),[空],thi3(tʰi⁴⁴),thi3,暂无
松江,忝(忝),[空],thi3(tʰi⁴⁴),thi3,暂无
松江,掭(掭),~笔,thi3(tʰi⁴⁴),thi3,暂无
松江,替(替),[空],thi5(tʰi³⁵),thi5,暂无
松江,剃(剃),[空],thi5(tʰi³⁵),thi5,暂无
松江,涕(涕),[空],thi5(tʰi³⁵),thi5,暂无
松江,屉(屜),[空],thi5(tʰi³⁵),thi5,暂无
松江,㮇(㮇),火~：烧火工具,thi5(tʰi³⁵),thi5,暂无
松江,銛(銛),~锁,thi5(tʰi³⁵),thi5,暂无
松江,提(提),[空],di2(di³¹),di2,暂无
松江,题(題),[空],di2(di³¹),di2,暂无
松江,堤(堤),[空],di2(di³¹),di2,暂无
松江,啼(啼),[空],di2(di³¹),di2,暂无
松江,蹄(蹄),[空],di2(di³¹),di2,暂无
松江,甜(甜),[空],di2(di³¹),di2,暂无
松江,田(田),[空],di2(di³¹),di2,暂无
松江,钿(鈿),[空],di2(di³¹),di2,暂无
松江,填(填),[空],di2(di³¹),di2,暂无
松江,恬(恬),[空],di2(di³¹),di2,暂无
松江,弟(弟),[空],di4(di²²),di4,暂无
松江,娣(娣),[空],di4(di²²),di4,暂无
松江,悌(悌),[空],di4(di²²),di4,暂无
松江,殄(殄),[空],di4(di²²),di4,暂无
松江,第(第),[空],di6(di¹³),di6,暂无
松江,递(遞),[空],di6(di¹³),di6,暂无
松江,隶(隸),[空],di6(di¹³),di6,暂无
松江,逮(逮),白,di6(di¹³),di6,暂无
松江,缔(締),[空],di6(di¹³),di6,暂无
松江,地(地),[空],di6(di¹³),di6,暂无
松江,电(電),[空],di6(di¹³),di6,暂无
松江,殿(殿),[空],di6(di¹³),di6,暂无
松江,淀(淀),[空],di6(di¹³),di6,暂无
松江,垫(墊),[空],di6(di¹³),di6,暂无
松江,奠(奠),[空],di6(di¹³),di6,暂无
松江,佃(佃),[空],di6(di¹³),di6,暂无
松江,甸(甸),[空],di6(di¹³),di6,暂无
松江,靛(靛),[空],di6(di¹³),di6,暂无
松江,你(你),[空],ni3(ni⁴⁴),ni3,暂无
松江,剺(剺),用刀划,li1(li⁵³),li1,暂无
松江,骡(騾),白,li2(li³¹),li2,暂无
松江,犁(犁),[空],li2(li³¹),li2,暂无
松江,嫠(嫠),[空],li2(li³¹),li2,暂无
松江,鹂(鸝),[空],li2(li³¹),li2,暂无
松江,丽(麗),高~,li2(li³¹),li2,暂无
松江,鲡(鱺),[空],li2(li³¹),li2,暂无
松江,离(離),[空],li2(li³¹),li2,暂无
松江,璃(璃),[空],li2(li³¹),li2,暂无
松江,篱(籬),[空],li2(li³¹),li2,暂无
松江,漓(漓),[空],li2(li³¹),li2,暂无
松江,梨(梨),[空],li2(li³¹),li2,暂无
松江,蜊(蜊),蛤~,li2(li³¹),li2,暂无
松江,厘(厘),[空],li2(li³¹),li2,暂无
松江,狸(狸),[空],li2(li³¹),li2,暂无
松江,罹(罹),[空],li2(li³¹),li2,暂无
松江,廉(廉),[空],li2(li³¹),li2,暂无
松江,镰(鐮),[空],li2(li³¹),li2,暂无
松江,帘(簾),[空],li2(li³¹),li2,暂无
松江,奁(奩),[空],li2(li³¹),li2,暂无
松江,怜(憐),[空],li2(li³¹),li2,暂无
松江,联(聯),[空],li2(li³¹),li2,暂无
松江,连(連),[空],li2(li³¹),li2,暂无
松江,莲(蓮),[空],li2(li³¹),li2,暂无
松江,鲢(鰱),[空],li2(li³¹),li2,暂无
松江,裢(褳),[空],li2(li³¹),li2,暂无
松江,涟(漣),[空],li2(li³¹),li2,暂无
松江,缕(縷),白,li4(li²²),li4,暂无
松江,屡(屢),白,li4(li²²),li4,暂无
松江,礼(禮),[空],li4(li²²),li4,暂无
松江,鳢(鱧),[空],li4(li²²),li4,暂无
松江,李(李),[空],li4(li²²),li4,暂无
松江,里(裡),[空],li4(li²²),li4,暂无
松江,裏(裏),[空],li4(li²²),li4,暂无
松江,鲤(鯉),[空],li4(li²²),li4,暂无
松江,娌(娌),[空],li4(li²²),li4,暂无
松江,脸(臉),[空],li4(li²²),li4,暂无
松江,例(例),[空],li6(li¹³),li6,暂无
松江,厉(厲),[空],li6(li¹³),li6,暂无
松江,励(勵),[空],li6(li¹³),li6,暂无
松江,砺(礪),[空],li6(li¹³),li6,暂无
松江,丽(麗),美~,li6(li¹³),li6,暂无
松江,荔(荔),[空],li6(li¹³),li6,暂无
松江,𤃀(𤃀),[空],li6(li¹³),li6,暂无
松江,利(利),[空],li6(li¹³),li6,暂无
松江,痢(痢),[空],li6(li¹³),li6,暂无
松江,俐(俐),[空],li6(li¹³),li6,暂无
松江,莉(莉),[空],li6(li¹³),li6,暂无
松江,戾(戾),[空],li6(li¹³),li6,暂无
松江,唳(唳),[空],li6(li¹³),li6,暂无
松江,吏(吏),[空],li6(li¹³),li6,暂无
松江,泪(淚),白,li6(li¹³),li6,暂无
松江,链(鏈),[空],li6(li¹³),li6,暂无
松江,敛(斂),[空],li6(li¹³),li6,暂无
松江,殓(殮),[空],li6(li¹³),li6,暂无
松江,练(練),[空],li6(li¹³),li6,暂无
松江,炼(煉),[空],li6(li¹³),li6,暂无
松江,楝(楝),[空],li6(li¹³),li6,暂无
松江,㼑(㼑),瓤,li6(li¹³),li6,暂无
松江,恋(戀),[空],li6(li¹³),li6,暂无
松江,齑(齏),[空],tsi1(ʦi⁵³),tsi1,暂无
松江,睫(睫),[空],tsi1(ʦi⁵³),tsi1,暂无
松江,尖(尖),[空],tsi1(ʦi⁵³),tsi1,暂无
松江,歼(殲),[空],tsi1(ʦi⁵³),tsi1,暂无
松江,煎(煎),[空],tsi1(ʦi⁵³),tsi1,暂无
松江,湔(湔),[空],tsi1(ʦi⁵³),tsi1,暂无
松江,笺(箋),[空],tsi1(ʦi⁵³),tsi1,暂无
松江,鲫(鯽),~鱼,tsi1(ʦi⁵³),tsi1,暂无
松江,挤(擠),[空],tsi3(ʦi⁴⁴),tsi3,暂无
松江,姊(姊),阿~,tsi3(ʦi⁴⁴),tsi3,暂无
松江,剪(剪),[空],tsi3(ʦi⁴⁴),tsi3,暂无
松江,借(借),~手：左右,tsi5(ʦi³⁵),tsi5,暂无
松江,再(再),又,tsi5(ʦi³⁵),tsi5,暂无
松江,祭(祭),[空],tsi5(ʦi³⁵),tsi5,暂无
松江,际(際),[空],tsi5(ʦi³⁵),tsi5,暂无
松江,穄(穄),[空],tsi5(ʦi³⁵),tsi5,暂无
松江,济(濟),[空],tsi5(ʦi³⁵),tsi5,暂无
松江,剂(劑),[空],tsi5(ʦi³⁵),tsi5,暂无
松江,穧(穧),[空],tsi5(ʦi³⁵),tsi5,暂无
松江,占(佔),白,tsi5(ʦi³⁵),tsi5,暂无
松江,溅(濺),文,tsi5(ʦi³⁵),tsi5,暂无
松江,箭(箭),[空],tsi5(ʦi³⁵),tsi5,暂无
松江,荐(薦),[空],tsi5(ʦi³⁵),tsi5,暂无
松江,饯(餞),蜜~,tsi5(ʦi³⁵),tsi5,暂无
松江,且(且),[空],tshi1(ʦʰi⁵³),tshi1,暂无
松江,蛆(蛆),[空],tshi1(ʦʰi⁵³),tshi1,暂无
松江,觑(覷),[空],tshi1(ʦʰi⁵³),tshi1,暂无
松江,妻(妻),[空],tshi1(ʦʰi⁵³),tshi1,暂无
松江,萋(萋),[空],tshi1(ʦʰi⁵³),tshi1,暂无
松江,凄(淒),[空],tshi1(ʦʰi⁵³),tshi1,暂无
松江,栖(棲),[空],tshi1(ʦʰi⁵³),tshi1,暂无
松江,歼(殲),又,tshi1(ʦʰi⁵³),tshi1,暂无
松江,千(千),[空],tshi1(ʦʰi⁵³),tshi1,暂无
松江,迁(遷),~移,tshi1(ʦʰi⁵³),tshi1,暂无
松江,扦(扦),[空],tshi1(ʦʰi⁵³),tshi1,暂无
松江,钎(釬),[空],tshi1(ʦʰi⁵³),tshi1,暂无
松江,籖(籖),[空],tshi1(ʦʰi⁵³),tshi1,暂无
松江,签(簽),[空],tshi1(ʦʰi⁵³),tshi1,暂无
松江,堑(塹),[空],tshi1(ʦʰi⁵³),tshi1,暂无
松江,椠(槧),削：~脚,tshi1(ʦʰi⁵³),tshi1,暂无
松江,浅(淺),[空],tshi3(ʦʰi⁴⁴),tshi3,暂无
松江,迁(遷),~就,tshi3(ʦʰi⁴⁴),tshi3,暂无
松江,砌(砌),[空],tshi5(ʦʰi³⁵),tshi5,暂无
松江,沏(沏),[空],tshi5(ʦʰi³⁵),tshi5,暂无
松江,西(西),[空],si1(si⁵³),si1,暂无
松江,犀(犀),[空],si1(si⁵³),si1,暂无
松江,樨(樨),[空],si1(si⁵³),si1,暂无
松江,粞(粞),碎米,si1(si⁵³),si1,暂无
松江,暹(暹),[空],si1(si⁵³),si1,暂无
松江,纤(纖),~维,si1(si⁵³),si1,暂无
松江,鲜(鮮),新~,si1(si⁵³),si1,暂无
松江,先(先),[空],si1(si⁵³),si1,暂无
松江,宣(宣),[空],si1(si⁵³),si1,暂无
松江,些(些),[空],si3(si⁴⁴),si3,暂无
松江,洗(洗),[空],si3(si⁴⁴),si3,暂无
松江,铣(銑),[空],si3(si⁴⁴),si3,暂无
松江,玺(璽),[空],si3(si⁴⁴),si3,暂无
松江,徙(徙),[空],si3(si⁴⁴),si3,暂无
松江,死(死),[空],si3(si⁴⁴),si3,暂无
松江,鲜(鮮),~见,si3(si⁴⁴),si3,暂无
松江,癣(癬),[空],si3(si⁴⁴),si3,暂无
松江,鏾(鏾),阉割,si3(si⁴⁴),si3,暂无
松江,筅(筅),[空],si3(si⁴⁴),si3,暂无
松江,箲(箲),[空],si3(si⁴⁴),si3,暂无
松江,选(選),[空],si3(si⁴⁴),si3,暂无
松江,絮(絮),白,si5(si³⁵),si5,暂无
松江,细(細),[空],si5(si³⁵),si5,暂无
松江,婿(婿),白,si5(si³⁵),si5,暂无
松江,圾(圾),垃~,si5(si³⁵),si5,暂无
松江,屣(屣),[空],si5(si³⁵),si5,暂无
松江,线(線),[空],si5(si³⁵),si5,暂无
松江,腺(腺),[空],si5(si³⁵),si5,暂无
松江,徐(徐),[空],zi2(zi³¹),zi2,暂无
松江,齐(齊),[空],zi2(zi³¹),zi2,暂无
松江,脐(臍),[空],zi2(zi³¹),zi2,暂无
松江,潜(潛),[空],zi2(zi³¹),zi2,暂无
松江,钱(錢),[空],zi2(zi³¹),zi2,暂无
松江,前(前),[空],zi2(zi³¹),zi2,暂无
松江,全(全),[空],zi2(zi³¹),zi2,暂无
松江,泉(泉),[空],zi2(zi³¹),zi2,暂无
松江,旋(旋),[空],zi2(zi³¹),zi2,暂无
松江,荠(薺),[空],zi4(zi²²),zi4,暂无
松江,鲚(鱭),[空],zi4(zi²²),zi4,暂无
松江,贱(賤),[空],zi6(zi¹³),zi6,暂无
松江,践(踐),[空],zi6(zi¹³),zi6,暂无
松江,饯(餞),~行,zi6(zi¹³),zi6,暂无
松江,渐(漸),[空],zi6(zi¹³),zi6,暂无
松江,羡(羨),[空],zi6(zi¹³),zi6,暂无
松江,旋(旋),头发~,zi6(zi¹³),zi6,暂无
松江,镟(鏇),[空],zi6(zi¹³),zi6,暂无
松江,璇(璇),[空],zi6(zi¹³),zi6,暂无
松江,鸡(雞),[空],ci1(ci⁵³),ci1,暂无
松江,稽(稽),[空],ci1(ci⁵³),ci1,暂无
松江,跻(躋),[空],ci1(ci⁵³),ci1,暂无
松江,奇(奇),~数,ci1(ci⁵³),ci1,暂无
松江,羁(羈),[空],ci1(ci⁵³),ci1,暂无
松江,姬(姬),[空],ci1(ci⁵³),ci1,暂无
松江,肌(肌),[空],ci1(ci⁵³),ci1,暂无
松江,饥(飢),[空],ci1(ci⁵³),ci1,暂无
松江,几(几),茶~,ci1(ci⁵³),ci1,暂无
松江,机(機),[空],ci1(ci⁵³),ci1,暂无
松江,几(幾),~乎,ci1(ci⁵³),ci1,暂无
松江,叽(嘰),[空],ci1(ci⁵³),ci1,暂无
松江,基(基),[空],ci1(ci⁵³),ci1,暂无
松江,箕(箕),[空],ci1(ci⁵³),ci1,暂无
松江,笄(笄),[空],ci1(ci⁵³),ci1,暂无
松江,嵇(嵇),[空],ci1(ci⁵³),ci1,暂无
松江,乩(乩),[空],ci1(ci⁵³),ci1,暂无
松江,间(間),文，空~,ci1(ci⁵³),ci1,暂无
松江,兼(兼),[空],ci1(ci⁵³),ci1,暂无
松江,搛(搛),[空],ci1(ci⁵³),ci1,暂无
松江,艰(艱),[空],ci1(ci⁵³),ci1,暂无
松江,肩(肩),[空],ci1(ci⁵³),ci1,暂无
松江,坚(堅),[空],ci1(ci⁵³),ci1,暂无
松江,己(己),[空],ci3(ci⁴⁴),ci3,暂无
松江,几(幾),~个,ci3(ci⁴⁴),ci3,暂无
松江,拣(揀),文,ci3(ci⁴⁴),ci3,暂无
松江,裥(襉),文,ci3(ci⁴⁴),ci3,暂无
松江,柬(柬),文,ci3(ci⁴⁴),ci3,暂无
松江,检(檢),[空],ci3(ci⁴⁴),ci3,暂无
松江,睑(瞼),[空],ci3(ci⁴⁴),ci3,暂无
松江,简(簡),[空],ci3(ci⁴⁴),ci3,暂无
松江,茧(繭),[空],ci3(ci⁴⁴),ci3,暂无
松江,笕(筧),[空],ci3(ci⁴⁴),ci3,暂无
松江,趼(趼),[空],ci3(ci⁴⁴),ci3,暂无
松江,计(計),[空],ci5(ci³⁵),ci5,暂无
松江,继(繼),[空],ci5(ci³⁵),ci5,暂无
松江,繫(繫),~鞋带,ci5(ci³⁵),ci5,暂无
松江,髻(髻),[空],ci5(ci³⁵),ci5,暂无
松江,寄(寄),[空],ci5(ci³⁵),ci5,暂无
松江,翨(翨),[空],ci5(ci³⁵),ci5,暂无
松江,冀(冀),[空],ci5(ci³⁵),ci5,暂无
松江,记(記),[空],ci5(ci³⁵),ci5,暂无
松江,纪(紀),[空],ci5(ci³⁵),ci5,暂无
松江,季(季),[空],ci5(ci³⁵),ci5,暂无
松江,鉴(鑑),文,ci5(ci³⁵),ci5,暂无
松江,剑(劍),[空],ci5(ci³⁵),ci5,暂无
松江,谏(諫),[空],ci5(ci³⁵),ci5,暂无
松江,涧(澗),文，又,ci5(ci³⁵),ci5,暂无
松江,间(間),~断,ci5(ci³⁵),ci5,暂无
松江,锏(鐧),又,ci5(ci³⁵),ci5,暂无
松江,建(建),[空],ci5(ci³⁵),ci5,暂无
松江,毽(毽),[空],ci5(ci³⁵),ci5,暂无
松江,腱(腱),~子肉,ci5(ci³⁵),ci5,暂无
松江,溪(溪),[空],chi1(cʰi⁵³),chi1,暂无
松江,蹊(蹊),[空],chi1(cʰi⁵³),chi1,暂无
松江,欺(欺),[空],chi1(cʰi⁵³),chi1,暂无
松江,谦(謙),[空],chi1(cʰi⁵³),chi1,暂无
松江,牵(牽),[空],chi1(cʰi⁵³),chi1,暂无
松江,愆(愆),[空],chi1(cʰi⁵³),chi1,暂无
松江,起(起),[空],chi3(cʰi⁴⁴),chi3,暂无
松江,岂(豈),[空],chi3(cʰi⁴⁴),chi3,暂无
松江,杞(杞),[空],chi3(cʰi⁴⁴),chi3,暂无
松江,屺(屺),[空],chi3(cʰi⁴⁴),chi3,暂无
松江,玘(玘),[空],chi3(cʰi⁴⁴),chi3,暂无
松江,遣(遣),[空],chi3(cʰi⁴⁴),chi3,暂无
松江,去(去),白,chi5(cʰi³⁵),chi5,暂无
松江,启(啟),[空],chi5(cʰi³⁵),chi5,暂无
松江,契(契),[空],chi5(cʰi³⁵),chi5,暂无
松江,企(企),[空],chi5(cʰi³⁵),chi5,暂无
松江,㩻(㩻),[空],chi5(cʰi³⁵),chi5,暂无
松江,欹(欹),[空],chi5(cʰi³⁵),chi5,暂无
松江,器(器),[空],chi5(cʰi³⁵),chi5,暂无
松江,弃(棄),[空],chi5(cʰi³⁵),chi5,暂无
松江,气(氣),[空],chi5(cʰi³⁵),chi5,暂无
松江,汽(汽),[空],chi5(cʰi³⁵),chi5,暂无
松江,谴(譴),[空],chi5(cʰi³⁵),chi5,暂无
松江,奇(奇),[空],ji2(ɟi³¹),ji2,暂无
松江,骑(騎),[空],ji2(ɟi³¹),ji2,暂无
松江,琦(琦),[空],ji2(ɟi³¹),ji2,暂无
松江,崎(崎),[空],ji2(ɟi³¹),ji2,暂无
松江,攲(攲),[空],ji2(ɟi³¹),ji2,暂无
松江,歧(歧),[空],ji2(ɟi³¹),ji2,暂无
松江,岐(岐),[空],ji2(ɟi³¹),ji2,暂无
松江,祈(祈),[空],ji2(ɟi³¹),ji2,暂无
松江,祁(祁),[空],ji2(ɟi³¹),ji2,暂无
松江,鳍(鰭),[空],ji2(ɟi³¹),ji2,暂无
松江,耆(耆),[空],ji2(ɟi³¹),ji2,暂无
松江,其(其),[空],ji2(ɟi³¹),ji2,暂无
松江,棋(棋),[空],ji2(ɟi³¹),ji2,暂无
松江,期(期),[空],ji2(ɟi³¹),ji2,暂无
松江,旗(旗),[空],ji2(ɟi³¹),ji2,暂无
松江,祺(祺),[空],ji2(ɟi³¹),ji2,暂无
松江,麒(麒),[空],ji2(ɟi³¹),ji2,暂无
松江,萁(萁),花~,ji2(ɟi³¹),ji2,暂无
松江,蜞(蜞),[空],ji2(ɟi³¹),ji2,暂无
松江,淇(淇),冰~淋,ji2(ɟi³¹),ji2,暂无
松江,钳(鉗),[空],ji2(ɟi³¹),ji2,暂无
松江,乾(乾),~坤,ji2(ɟi³¹),ji2,暂无
松江,揵(揵),[空],ji2(ɟi³¹),ji2,暂无
松江,虔(虔),[空],ji2(ɟi³¹),ji2,暂无
松江,𠢅(𠢅),[空],ji2(ɟi³¹),ji2,暂无
松江,掮(掮),[空],ji2(ɟi³¹),ji2,暂无
松江,件(件),[空],ji4(ɟi²²),ji4,暂无
松江,键(鍵),[空],ji4(ɟi²²),ji4,暂无
松江,技(技),[空],ji6(ɟi¹³),ji6,暂无
松江,妓(妓),[空],ji6(ɟi¹³),ji6,暂无
松江,伎(伎),[空],ji6(ɟi¹³),ji6,暂无
松江,徛(徛),[空],ji6(ɟi¹³),ji6,暂无
松江,忌(忌),[空],ji6(ɟi¹³),ji6,暂无
松江,俭(儉),[空],ji6(ɟi¹³),ji6,暂无
松江,健(健),[空],ji6(ɟi¹³),ji6,暂无
松江,腱(腱),文,ji6(ɟi¹³),ji6,暂无
松江,黏(黏),[空],gni1(ɲi⁵³),gni1,暂无
松江,拈(拈),[空],gni1(ɲi⁵³),gni1,暂无
松江,研(研),[空],gni1(ɲi⁵³),gni1,暂无
松江,呢(呢),~喃,gni1(ɲi⁵³),gni1,暂无
松江,抳(抳),擦,gni1(ɲi⁵³),gni1,暂无
松江,呢(呢),~唔,gni1(ɲi⁵³),gni1,暂无
松江,倪(倪),[空],gni2(ɲi³¹),gni2,暂无
松江,霓(霓),[空],gni2(ɲi³¹),gni2,暂无
松江,儿(兒),白，又,gni2(ɲi³¹),gni2,暂无
松江,仪(儀),[空],gni2(ɲi³¹),gni2,暂无
松江,宜(宜),[空],gni2(ɲi³¹),gni2,暂无
松江,疑(疑),[空],gni2(ɲi³¹),gni2,暂无
松江,尼(尼),[空],gni2(ɲi³¹),gni2,暂无
松江,泥(泥),[空],gni2(ɲi³¹),gni2,暂无
松江,伲(伲),[空],gni2(ɲi³¹),gni2,暂无
松江,呢(呢),~大衣,gni2(ɲi³¹),gni2,暂无
松江,怩(怩),[空],gni2(ɲi³¹),gni2,暂无
松江,腻(膩),油~,gni2(ɲi³¹),gni2,暂无
松江,沂(沂),[空],gni2(ɲi³¹),gni2,暂无
松江,严(嚴),[空],gni2(ɲi³¹),gni2,暂无
松江,阎(閻),[空],gni2(ɲi³¹),gni2,暂无
松江,年(年),[空],gni2(ɲi³¹),gni2,暂无
松江,拟(擬),[空],gni3(ɲi⁴⁴),gni3,暂无
松江,辇(輦),[空],gni3(ɲi⁴⁴),gni3,暂无
松江,碾(碾),[空],gni3(ɲi⁴⁴),gni3,暂无
松江,撵(攆),[空],gni3(ɲi⁴⁴),gni3,暂无
松江,女(女),~婿,gni4(ɲi²²),gni4,暂无
松江,蚁(蟻),[空],gni4(ɲi²²),gni4,暂无
松江,尾(尾),白，~巴,gni4(ɲi²²),gni4,暂无
松江,耳(耳),[空],gni4(ɲi²²),gni4,暂无
松江,俨(儼),[空],gni4(ɲi²²),gni4,暂无
松江,染(染),白,gni4(ɲi²²),gni4,暂无
松江,捻(捻),[空],gni4(ɲi²²),gni4,暂无
松江,瘾(癮),白,gni4(ɲi²²),gni4,暂无
松江,艺(藝),[空],gni6(ɲi¹³),gni6,暂无
松江,呓(囈),[空],gni6(ɲi¹³),gni6,暂无
松江,刈(刈),[空],gni6(ɲi¹³),gni6,暂无
松江,义(義),[空],gni6(ɲi¹³),gni6,暂无
松江,议(議),[空],gni6(ɲi¹³),gni6,暂无
松江,谊(誼),[空],gni6(ɲi¹³),gni6,暂无
松江,腻(膩),[空],gni6(ɲi¹³),gni6,暂无
松江,二(二),[空],gni6(ɲi¹³),gni6,暂无
松江,贰(貳),[空],gni6(ɲi¹³),gni6,暂无
松江,诣(詣),[空],gni6(ɲi¹³),gni6,暂无
松江,毅(毅),[空],gni6(ɲi¹³),gni6,暂无
松江,酽(釅),[空],gni6(ɲi¹³),gni6,暂无
松江,验(驗),[空],gni6(ɲi¹³),gni6,暂无
松江,彦(彥),[空],gni6(ɲi¹³),gni6,暂无
松江,谚(諺),[空],gni6(ɲi¹³),gni6,暂无
松江,砚(硯),[空],gni6(ɲi¹³),gni6,暂无
松江,兮(兮),[空],shi1(çi⁵³),shi1,暂无
松江,牺(犧),[空],shi1(çi⁵³),shi1,暂无
松江,羲(羲),[空],shi1(çi⁵³),shi1,暂无
松江,嘻(嘻),[空],shi1(çi⁵³),shi1,暂无
松江,嬉(嬉),[空],shi1(çi⁵³),shi1,暂无
松江,熙(熙),[空],shi1(çi⁵³),shi1,暂无
松江,𡄵(𡄵),[空],shi1(çi⁵³),shi1,暂无
松江,希(希),[空],shi1(çi⁵³),shi1,暂无
松江,稀(稀),[空],shi1(çi⁵³),shi1,暂无
松江,仚(仚),[空],shi1(çi⁵³),shi1,暂无
松江,掀(掀),[空],shi1(çi⁵³),shi1,暂无
松江,锨(鍁),[空],shi1(çi⁵³),shi1,暂无
松江,轩(軒),[空],shi1(çi⁵³),shi1,暂无
松江,喜(喜),[空],shi3(çi⁴⁴),shi3,暂无
松江,蟢(蟢),[空],shi3(çi⁴⁴),shi3,暂无
松江,险(險),[空],shi3(çi⁴⁴),shi3,暂无
松江,蚬(蜆),[空],shi3(çi⁴⁴),shi3,暂无
松江,显(顯),[空],shi3(çi⁴⁴),shi3,暂无
松江,戏(戲),[空],shi5(çi³⁵),shi5,暂无
松江,渠(渠),[空],yi2(ɦi³¹),yi2,暂无
松江,携(攜),[空],yi2(ɦi³¹),yi2,暂无
松江,奚(奚),[空],yi2(ɦi³¹),yi2,暂无
松江,移(移),[空],yi2(ɦi³¹),yi2,暂无
松江,夷(夷),[空],yi2(ɦi³¹),yi2,暂无
松江,姨(姨),[空],yi2(ɦi³¹),yi2,暂无
松江,以(以),[空],yi2(ɦi³¹),yi2,暂无
松江,矣(矣),[空],yi2(ɦi³¹),yi2,暂无
松江,怡(怡),[空],yi2(ɦi³¹),yi2,暂无
松江,饴(飴),[空],yi2(ɦi³¹),yi2,暂无
松江,贻(貽),[空],yi2(ɦi³¹),yi2,暂无
松江,诒(詒),[空],yi2(ɦi³¹),yi2,暂无
松江,颐(頤),[空],yi2(ɦi³¹),yi2,暂无
松江,彝(彝),[空],yi2(ɦi³¹),yi2,暂无
松江,遗(遺),[空],yi2(ɦi³¹),yi2,暂无
松江,盐(鹽),[空],yi2(ɦi³¹),yi2,暂无
松江,炎(炎),文，又,yi2(ɦi³¹),yi2,暂无
松江,檐(簷),[空],yi2(ɦi³¹),yi2,暂无
松江,涎(涎),[空],yi2(ɦi³¹),yi2,暂无
松江,延(延),[空],yi2(ɦi³¹),yi2,暂无
松江,筵(筵),[空],yi2(ɦi³¹),yi2,暂无
松江,蜒(蜒),[空],yi2(ɦi³¹),yi2,暂无
松江,言(言),[空],yi2(ɦi³¹),yi2,暂无
松江,贤(賢),[空],yi2(ɦi³¹),yi2,暂无
松江,弦(弦),[空],yi2(ɦi³¹),yi2,暂无
松江,舷(舷),[空],yi2(ɦi³¹),yi2,暂无
松江,沿(沿),[空],yi2(ɦi³¹),yi2,暂无
松江,焉(焉),心不在~,yi2(ɦi³¹),yi2,暂无
松江,衍(衍),[空],yi2(ɦi³¹),yi2,暂无
松江,系(系),[空],yi6(ɦi¹³),yi6,暂无
松江,係(係),[空],yi6(ɦi¹³),yi6,暂无
松江,繫(繫),连~,yi6(ɦi¹³),yi6,暂无
松江,易(易),容~,yi6(ɦi¹³),yi6,暂无
松江,冶(冶),[空],yi6(ɦi¹³),yi6,暂无
松江,肄(肄),[空],yi6(ɦi¹³),yi6,暂无
松江,异(異),[空],yi6(ɦi¹³),yi6,暂无
松江,懿(懿),[空],yi6(ɦi¹³),yi6,暂无
松江,勚(勚),磨损,yi6(ɦi¹³),yi6,暂无
松江,又(又),白,yi6(ɦi¹³),yi6,暂无
松江,艳(艷),[空],yi6(ɦi¹³),yi6,暂无
松江,盐(鹽),腌制,yi6(ɦi¹³),yi6,暂无
松江,限(限),有~：不多,yi6(ɦi¹³),yi6,暂无
松江,衣(衣),[空],i1(i⁵³),i1,暂无
松江,依(依),[空],i1(i⁵³),i1,暂无
松江,医(醫),[空],i1(i⁵³),i1,暂无
松江,伊(伊),[空],i1(i⁵³),i1,暂无
松江,淹(淹),[空],i1(i⁵³),i1,暂无
松江,阉(閹),[空],i1(i⁵³),i1,暂无
松江,掩(掩),[空],i1(i⁵³),i1,暂无
松江,嫌(嫌),[空],i1(i⁵³),i1,暂无
松江,焉(焉),[空],i1(i⁵³),i1,暂无
松江,蔫(蔫),[空],i1(i⁵³),i1,暂无
松江,嫣(嫣),[空],i1(i⁵³),i1,暂无
松江,烟(煙),[空],i1(i⁵³),i1,暂无
松江,燕(燕),姓,i1(i⁵³),i1,暂无
松江,咽(咽),~喉,i1(i⁵³),i1,暂无
松江,胭(胭),~脂,i1(i⁵³),i1,暂无
松江,以(以),又,i3(i⁴⁴),i3,暂无
松江,椅(椅),文,i3(i⁴⁴),i3,暂无
松江,倚(倚),[空],i3(i⁴⁴),i3,暂无
松江,矣(矣),又,i3(i⁴⁴),i3,暂无
松江,掩(掩),[空],i3(i⁴⁴),i3,暂无
松江,魇(魘),[空],i3(i⁴⁴),i3,暂无
松江,厣(厴),[空],i3(i⁴⁴),i3,暂无
松江,演(演),[空],i3(i⁴⁴),i3,暂无
松江,匽(匽),隐藏,i3(i⁴⁴),i3,暂无
松江,瞖(瞖),[空],i5(i³⁵),i5,暂无
松江,意(意),[空],i5(i³⁵),i5,暂无
松江,已(已),[空],i5(i³⁵),i5,暂无
松江,裔(裔),[空],i5(i³⁵),i5,暂无
松江,厌(厭),[空],i5(i³⁵),i5,暂无
松江,堰(堰),[空],i5(i³⁵),i5,暂无
松江,䞁(䞁),比较,i5(i³⁵),i5,暂无
松江,宴(宴),[空],i5(i³⁵),i5,暂无
松江,燕(燕),~子,i5(i³⁵),i5,暂无
松江,咽(咽),~下,i5(i³⁵),i5,暂无
松江,忆(憶),文,i5(i³⁵),i5,暂无
松江,亿(億),文,i5(i³⁵),i5,暂无
松江,波(波),[空],pu1(ɓu⁵³),pu1,暂无
松江,菠(菠),[空],pu1(ɓu⁵³),pu1,暂无
松江,玻(玻),[空],pu1(ɓu⁵³),pu1,暂无
松江,跛(跛),[空],pu3(ɓu⁴⁴),pu3,暂无
松江,簸(簸),~一~,pu3(ɓu⁴⁴),pu3,暂无
松江,补(補),[空],pu3(ɓu⁴⁴),pu3,暂无
松江,谱(譜),[空],pu3(ɓu⁴⁴),pu3,暂无
松江,播(播),[空],pu5(ɓu³⁵),pu5,暂无
松江,簸(簸),~箕,pu5(ɓu³⁵),pu5,暂无
松江,布(布),[空],pu5(ɓu³⁵),pu5,暂无
松江,佈(佈),[空],pu5(ɓu³⁵),pu5,暂无
松江,怖(怖),[空],pu5(ɓu³⁵),pu5,暂无
松江,坡(坡),[空],phu1(pʰu⁵³),phu1,暂无
松江,颇(頗),[空],phu1(pʰu⁵³),phu1,暂无
松江,铺(鋪),~开,phu1(pʰu⁵³),phu1,暂无
松江,潽(潽),溢出,phu1(pʰu⁵³),phu1,暂无
松江,叵(叵),[空],phu3(pʰu⁴⁴),phu3,暂无
松江,普(普),[空],phu3(pʰu⁴⁴),phu3,暂无
松江,谱(譜),又,phu3(pʰu⁴⁴),phu3,暂无
松江,浦(浦),[空],phu3(pʰu⁴⁴),phu3,暂无
松江,圃(圃),[空],phu3(pʰu⁴⁴),phu3,暂无
松江,破(破),[空],phu5(pʰu³⁵),phu5,暂无
松江,铺(鋪),当~,phu5(pʰu³⁵),phu5,暂无
松江,潽(潽),遍，趟,phu5(pʰu³⁵),phu5,暂无
松江,婆(婆),[空],bu2(bu³¹),bu2,暂无
松江,菩(菩),[空],bu2(bu³¹),bu2,暂无
松江,蒲(蒲),[空],bu2(bu³¹),bu2,暂无
松江,脯(脯),胸~,bu2(bu³¹),bu2,暂无
松江,葡(葡),文,bu2(bu³¹),bu2,暂无
松江,匍(匍),[空],bu2(bu³¹),bu2,暂无
松江,抚(撫),揉,bu2(bu³¹),bu2,暂无
松江,部(部),[空],bu4(bu²²),bu4,暂无
松江,簿(簿),[空],bu4(bu²²),bu4,暂无
松江,𥳖(𥳖),[空],bu4(bu²²),bu4,暂无
松江,篰(篰),[空],bu4(bu²²),bu4,暂无
松江,步(步),[空],bu6(bu¹³),bu6,暂无
松江,埠(埠),[空],bu6(bu¹³),bu6,暂无
松江,捕(捕),[空],bu6(bu¹³),bu6,暂无
松江,伏(伏),蹲下，孵,bu6(bu¹³),bu6,暂无
松江,乎(乎),又,fu1(ɸu⁵³),fu1,暂无
松江,夫(夫),[空],fu1(ɸu⁵³),fu1,暂无
松江,呼(呼),[空],fu1(ɸu⁵³),fu1,暂无
松江,肤(膚),[空],fu1(ɸu⁵³),fu1,暂无
松江,麸(麩),[空],fu1(ɸu⁵³),fu1,暂无
松江,俘(俘),~虏,fu1(ɸu⁵³),fu1,暂无
松江,火(火),[空],fu3(ɸu⁴⁴),fu3,暂无
松江,伙(夥),[空],fu3(ɸu⁴⁴),fu3,暂无
松江,虎(虎),[空],fu3(ɸu⁴⁴),fu3,暂无
松江,琥(琥),[空],fu3(ɸu⁴⁴),fu3,暂无
松江,浒(滸),[空],fu3(ɸu⁴⁴),fu3,暂无
松江,斧(斧),[空],fu3(ɸu⁴⁴),fu3,暂无
松江,府(府),[空],fu3(ɸu⁴⁴),fu3,暂无
松江,腑(腑),[空],fu3(ɸu⁴⁴),fu3,暂无
松江,俯(俯),[空],fu3(ɸu⁴⁴),fu3,暂无
松江,甫(甫),[空],fu3(ɸu⁴⁴),fu3,暂无
松江,脯(脯),果~,fu3(ɸu⁴⁴),fu3,暂无
松江,辅(輔),[空],fu3(ɸu⁴⁴),fu3,暂无
松江,釜(釜),[空],fu3(ɸu⁴⁴),fu3,暂无
松江,抚(撫),[空],fu3(ɸu⁴⁴),fu3,暂无
松江,戽(戽),[空],fu5(ɸu³⁵),fu5,暂无
松江,赴(赴),[空],fu5(ɸu³⁵),fu5,暂无
松江,讣(訃),[空],fu5(ɸu³⁵),fu5,暂无
松江,付(付),[空],fu5(ɸu³⁵),fu5,暂无
松江,傅(傅),[空],fu5(ɸu³⁵),fu5,暂无
松江,赋(賦),[空],fu5(ɸu³⁵),fu5,暂无
松江,孵(孵),[空],fu5(ɸu³⁵),fu5,暂无
松江,富(富),[空],fu5(ɸu³⁵),fu5,暂无
松江,副(副),[空],fu5(ɸu³⁵),fu5,暂无
松江,何(何),[空],vu2(βu³¹),vu2,暂无
松江,河(河),[空],vu2(βu³¹),vu2,暂无
松江,荷(荷),[空],vu2(βu³¹),vu2,暂无
松江,和(和),[空],vu2(βu³¹),vu2,暂无
松江,禾(禾),[空],vu2(βu³¹),vu2,暂无
松江,胡(胡),[空],vu2(βu³¹),vu2,暂无
松江,湖(湖),[空],vu2(βu³¹),vu2,暂无
松江,葫(葫),[空],vu2(βu³¹),vu2,暂无
松江,鬍(鬍),[空],vu2(βu³¹),vu2,暂无
松江,蝴(蝴),[空],vu2(βu³¹),vu2,暂无
松江,瑚(瑚),[空],vu2(βu³¹),vu2,暂无
松江,糊(糊),[空],vu2(βu³¹),vu2,暂无
松江,狐(狐),[空],vu2(βu³¹),vu2,暂无
松江,壶(壺),[空],vu2(βu³¹),vu2,暂无
松江,乎(乎),[空],vu2(βu³¹),vu2,暂无
松江,吴(吳),文,vu2(βu³¹),vu2,暂无
松江,蜈(蜈),[空],vu2(βu³¹),vu2,暂无
松江,梧(梧),文，又,vu2(βu³¹),vu2,暂无
松江,符(符),[空],vu2(βu³¹),vu2,暂无
松江,扶(扶),[空],vu2(βu³¹),vu2,暂无
松江,芙(芙),[空],vu2(βu³¹),vu2,暂无
松江,无(無),[空],vu2(βu³¹),vu2,暂无
松江,芜(蕪),[空],vu2(βu³¹),vu2,暂无
松江,巫(巫),[空],vu2(βu³¹),vu2,暂无
松江,喉(喉),~咙,vu2(βu³¹),vu2,暂无
松江,户(戶),[空],vu4(βu²²),vu4,暂无
松江,沪(滬),[空],vu4(βu²²),vu4,暂无
松江,伍(伍),队~,vu4(βu²²),vu4,暂无
松江,武(武),[空],vu4(βu²²),vu4,暂无
松江,鹉(鵡),[空],vu4(βu²²),vu4,暂无
松江,舞(舞),[空],vu4(βu²²),vu4,暂无
松江,侮(侮),[空],vu4(βu²²),vu4,暂无
松江,紨(紨),[空],vu4(βu²²),vu4,暂无
松江,贺(賀),[空],vu6(βu¹³),vu6,暂无
松江,祸(禍),[空],vu6(βu¹³),vu6,暂无
松江,忤(忤),文，又,vu6(βu¹³),vu6,暂无
松江,护(護),[空],vu6(βu¹³),vu6,暂无
松江,诬(誣),~告,vu6(βu¹³),vu6,暂无
松江,父(父),[空],vu6(βu¹³),vu6,暂无
松江,腐(腐),[空],vu6(βu¹³),vu6,暂无
松江,附(附),[空],vu6(βu¹³),vu6,暂无
松江,雾(霧),[空],vu6(βu¹³),vu6,暂无
松江,务(務),[空],vu6(βu¹³),vu6,暂无
松江,戊(戊),[空],vu6(βu¹³),vu6,暂无
松江,负(負),[空],vu6(βu¹³),vu6,暂无
松江,妇(婦),[空],vu6(βu¹³),vu6,暂无
松江,阜(阜),[空],vu6(βu¹³),vu6,暂无
松江,多(多),[空],tu1(ɗu⁵³),tu1,暂无
松江,哆(哆),[空],tu1(ɗu⁵³),tu1,暂无
松江,都(都),[空],tu1(ɗu⁵³),tu1,暂无
松江,朵(朵),[空],tu3(ɗu⁴⁴),tu3,暂无
松江,躲(躲),[空],tu3(ɗu⁴⁴),tu3,暂无
松江,垛(垛),城~子,tu3(ɗu⁴⁴),tu3,暂无
松江,堵(堵),[空],tu3(ɗu⁴⁴),tu3,暂无
松江,赌(賭),[空],tu3(ɗu⁴⁴),tu3,暂无
松江,睹(睹),[空],tu3(ɗu⁴⁴),tu3,暂无
松江,肚(肚),猪~,tu3(ɗu⁴⁴),tu3,暂无
松江,妒(妒),[空],tu5(ɗu³⁵),tu5,暂无
松江,蠹(蠹),[空],tu5(ɗu³⁵),tu5,暂无
松江,拖(拖),~地板,thu1(tʰu⁵³),thu1,暂无
松江,妥(妥),[空],thu3(tʰu⁴⁴),thu3,暂无
松江,椭(橢),[空],thu3(tʰu⁴⁴),thu3,暂无
松江,土(土),[空],thu3(tʰu⁴⁴),thu3,暂无
松江,吐(吐),又,thu3(tʰu⁴⁴),thu3,暂无
松江,堍(堍),[空],thu3(tʰu⁴⁴),thu3,暂无
松江,唾(唾),[空],thu5(tʰu³⁵),thu5,暂无
松江,兔(兔),[空],thu5(tʰu³⁵),thu5,暂无
松江,吐(吐),[空],thu5(tʰu³⁵),thu5,暂无
松江,驼(駝),[空],du2(du³¹),du2,暂无
松江,驮(馱),[空],du2(du³¹),du2,暂无
松江,陀(陀),[空],du2(du³¹),du2,暂无
松江,砣(砣),[空],du2(du³¹),du2,暂无
松江,跎(跎),[空],du2(du³¹),du2,暂无
松江,坨(坨),[空],du2(du³¹),du2,暂无
松江,徒(徒),[空],du2(du³¹),du2,暂无
松江,屠(屠),[空],du2(du³¹),du2,暂无
松江,瘏(瘏),[空],du2(du³¹),du2,暂无
松江,途(途),[空],du2(du³¹),du2,暂无
松江,涂(塗),[空],du2(du³¹),du2,暂无
松江,图(圖),[空],du2(du³¹),du2,暂无
松江,荼(荼),[空],du2(du³¹),du2,暂无
松江,镀(鍍),又,du2(du³¹),du2,暂无
松江,舵(舵),[空],du4(du²²),du4,暂无
松江,堕(墮),[空],du4(du²²),du4,暂无
松江,杜(杜),[空],du4(du²²),du4,暂无
松江,肚(肚),~皮,du4(du²²),du4,暂无
松江,大(大),白,du6(du¹³),du6,暂无
松江,惰(惰),[空],du6(du¹³),du6,暂无
松江,堕(墮),又,du6(du¹³),du6,暂无
松江,度(度),[空],du6(du¹³),du6,暂无
松江,渡(渡),[空],du6(du¹³),du6,暂无
松江,镀(鍍),[空],du6(du¹³),du6,暂无
松江,懦(懦),[空],nu1(nu⁵³),nu1,暂无
松江,努(努),[空],nu1(nu⁵³),nu1,暂无
松江,呶(呶),[空],nu1(nu⁵³),nu1,暂无
松江,挪(挪),[空],nu2(nu³¹),nu2,暂无
松江,捼(捼),揉,nu2(nu³¹),nu2,暂无
松江,挼(挼),[空],nu2(nu³¹),nu2,暂无
松江,奴(奴),[空],nu2(nu³¹),nu2,暂无
松江,糯(糯),[空],nu6(nu¹³),nu6,暂无
松江,怒(怒),[空],nu6(nu¹³),nu6,暂无
松江,啰(囉),[空],lu1(lu⁵³),lu1,暂无
松江,噜(嚕),[空],lu1(lu⁵³),lu1,暂无
松江,撸(擼),抚摸,lu1(lu⁵³),lu1,暂无
松江,攎(攎),[空],lu1(lu⁵³),lu1,暂无
松江,罗(羅),[空],lu2(lu³¹),lu2,暂无
松江,锣(鑼),[空],lu2(lu³¹),lu2,暂无
松江,箩(籮),[空],lu2(lu³¹),lu2,暂无
松江,萝(蘿),[空],lu2(lu³¹),lu2,暂无
松江,逻(邏),[空],lu2(lu³¹),lu2,暂无
松江,猡(玀),[空],lu2(lu³¹),lu2,暂无
松江,螺(螺),[空],lu2(lu³¹),lu2,暂无
松江,骡(騾),文,lu2(lu³¹),lu2,暂无
松江,脶(腡),[空],lu2(lu³¹),lu2,暂无
松江,卢(盧),[空],lu2(lu³¹),lu2,暂无
松江,鲈(鱸),[空],lu2(lu³¹),lu2,暂无
松江,颅(顱),[空],lu2(lu³¹),lu2,暂无
松江,鸬(鸕),[空],lu2(lu³¹),lu2,暂无
松江,芦(蘆),[空],lu2(lu³¹),lu2,暂无
松江,炉(爐),[空],lu2(lu³¹),lu2,暂无
松江,庐(廬),文,lu2(lu³¹),lu2,暂无
松江,驴(驢),白,lu2(lu³¹),lu2,暂无
松江,裸(裸),[空],lu4(lu²²),lu4,暂无
松江,鲁(魯),[空],lu4(lu²²),lu4,暂无
松江,橹(櫓),[空],lu4(lu²²),lu4,暂无
松江,卤(鹵),[空],lu4(lu²²),lu4,暂无
松江,虏(虜),[空],lu4(lu²²),lu4,暂无
松江,掳(擄),[空],lu4(lu²²),lu4,暂无
松江,卵(卵),文，~子,lu4(lu²²),lu4,暂无
松江,路(路),[空],lu6(lu¹³),lu6,暂无
松江,露(露),[空],lu6(lu¹³),lu6,暂无
松江,赂(賂),[空],lu6(lu¹³),lu6,暂无
松江,鹭(鷺),[空],lu6(lu¹³),lu6,暂无
松江,璐(璐),[空],lu6(lu¹³),lu6,暂无
松江,租(租),[空],tsu1(ʦu⁵³),tsu1,暂无
松江,菹(菹),~草,tsu1(ʦu⁵³),tsu1,暂无
松江,俎(俎),[空],tsu1(ʦu⁵³),tsu1,暂无
松江,祖(祖),[空],tsu3(ʦu⁴⁴),tsu3,暂无
松江,组(組),[空],tsu3(ʦu⁴⁴),tsu3,暂无
松江,阻(阻),[空],tsu3(ʦu⁴⁴),tsu3,暂无
松江,诅(詛),[空],tsu3(ʦu⁴⁴),tsu3,暂无
松江,做(做),[空],tsu5(ʦu³⁵),tsu5,暂无
松江,左(左),[空],tsu5(ʦu³⁵),tsu5,暂无
松江,佐(佐),[空],tsu5(ʦu³⁵),tsu5,暂无
松江,搓(搓),[空],tshu1(ʦʰu⁵³),tshu1,暂无
松江,粗(粗),[空],tshu1(ʦʰu⁵³),tshu1,暂无
松江,错(錯),~误，又,tshu1(ʦʰu⁵³),tshu1,暂无
松江,初(初),[空],tshu1(ʦʰu⁵³),tshu1,暂无
松江,杵(杵),[空],tshu3(ʦʰu⁴⁴),tshu3,暂无
松江,楚(楚),[空],tshu3(ʦʰu⁴⁴),tshu3,暂无
松江,础(礎),[空],tshu3(ʦʰu⁴⁴),tshu3,暂无
松江,锉(銼),[空],tshu5(ʦʰu³⁵),tshu5,暂无
松江,挫(挫),[空],tshu5(ʦʰu³⁵),tshu5,暂无
松江,措(措),[空],tshu5(ʦʰu³⁵),tshu5,暂无
松江,醋(醋),[空],tshu5(ʦʰu³⁵),tshu5,暂无
松江,错(錯),~过,tshu5(ʦʰu³⁵),tshu5,暂无
松江,梭(梭),[空],su1(su⁵³),su1,暂无
松江,嗦(嗦),[空],su1(su⁵³),su1,暂无
松江,唆(唆),[空],su1(su⁵³),su1,暂无
松江,睃(睃),[空],su1(su⁵³),su1,暂无
松江,蓑(蓑),[空],su1(su⁵³),su1,暂无
松江,莎(莎),~草,su1(su⁵³),su1,暂无
松江,苏(蘇),[空],su1(su⁵³),su1,暂无
松江,酥(酥),[空],su1(su⁵³),su1,暂无
松江,甦(甦),[空],su1(su⁵³),su1,暂无
松江,梳(梳),文,su1(su⁵³),su1,暂无
松江,疏(疏),~忽,su1(su⁵³),su1,暂无
松江,蔬(蔬),[空],su1(su⁵³),su1,暂无
松江,鬚(鬚),鬍~,su1(su⁵³),su1,暂无
松江,漱(漱),白,su1(su⁵³),su1,暂无
松江,锁(鎖),[空],su3(su⁴⁴),su3,暂无
松江,琐(瑣),[空],su3(su⁴⁴),su3,暂无
松江,所(所),[空],su3(su⁴⁴),su3,暂无
松江,数(數),动词，文,su3(su⁴⁴),su3,暂无
松江,素(素),[空],su5(su³⁵),su5,暂无
松江,嗉(嗉),[空],su5(su³⁵),su5,暂无
松江,塑(塑),[空],su5(su³⁵),su5,暂无
松江,诉(訴),[空],su5(su³⁵),su5,暂无
松江,疏(疏),注~,su5(su³⁵),su5,暂无
松江,所(所),又,su5(su³⁵),su5,暂无
松江,数(數),名词,su5(su³⁵),su5,暂无
松江,痤(痤),[空],zu2(zu³¹),zu2,暂无
松江,锄(鋤),又,zu2(zu³¹),zu2,暂无
松江,雏(雛),[空],zu2(zu³¹),zu2,暂无
松江,刍(芻),[空],zu2(zu³¹),zu2,暂无
松江,坐(坐),[空],zu4(zu²²),zu4,暂无
松江,座(座),又,zu4(zu²²),zu4,暂无
松江,座(座),[空],zu6(zu¹³),zu6,暂无
松江,助(助),[空],zu6(zu¹³),zu6,暂无
松江,歌(歌),[空],ku1(ku⁵³),ku1,暂无
松江,哥(哥),[空],ku1(ku⁵³),ku1,暂无
松江,锅(鍋),[空],ku1(ku⁵³),ku1,暂无
松江,戈(戈),[空],ku1(ku⁵³),ku1,暂无
松江,箍(箍),[空],ku1(ku⁵³),ku1,暂无
松江,孤(孤),[空],ku1(ku⁵³),ku1,暂无
松江,姑(姑),[空],ku1(ku⁵³),ku1,暂无
松江,蛄(蛄),[空],ku1(ku⁵³),ku1,暂无
松江,咕(咕),[空],ku1(ku⁵³),ku1,暂无
松江,鸪(鴣),[空],ku1(ku⁵³),ku1,暂无
松江,蜗(蝸),白,ku1(ku⁵³),ku1,暂无
松江,果(果),[空],ku3(ku⁴⁴),ku3,暂无
松江,裹(裹),[空],ku3(ku⁴⁴),ku3,暂无
松江,餜(餜),[空],ku3(ku⁴⁴),ku3,暂无
松江,古(古),[空],ku3(ku⁴⁴),ku3,暂无
松江,估(估),[空],ku3(ku⁴⁴),ku3,暂无
松江,牯(牯),[空],ku3(ku⁴⁴),ku3,暂无
松江,股(股),[空],ku3(ku⁴⁴),ku3,暂无
松江,鼓(鼓),[空],ku3(ku⁴⁴),ku3,暂无
松江,贾(賈),商~,ku3(ku⁴⁴),ku3,暂无
松江,过(過),[空],ku5(ku³⁵),ku5,暂无
松江,故(故),[空],ku5(ku³⁵),ku5,暂无
松江,固(固),[空],ku5(ku³⁵),ku5,暂无
松江,雇(僱),[空],ku5(ku³⁵),ku5,暂无
松江,顾(顧),[空],ku5(ku³⁵),ku5,暂无
松江,锢(錮),[空],ku5(ku³⁵),ku5,暂无
松江,辜(辜),[空],ku5(ku³⁵),ku5,暂无
松江,柯(柯),[空],khu1(kʰu⁵³),khu1,暂无
松江,轲(軻),[空],khu1(kʰu⁵³),khu1,暂无
松江,珂(珂),[空],khu1(kʰu⁵³),khu1,暂无
松江,苛(苛),[空],khu1(kʰu⁵³),khu1,暂无
松江,窠(窠),[空],khu1(kʰu⁵³),khu1,暂无
松江,颗(顆),[空],khu1(kʰu⁵³),khu1,暂无
松江,棵(棵),[空],khu1(kʰu⁵³),khu1,暂无
松江,稞(稞),[空],khu1(kʰu⁵³),khu1,暂无
松江,科(科),[空],khu1(kʰu⁵³),khu1,暂无
松江,蝌(蝌),[空],khu1(kʰu⁵³),khu1,暂无
松江,枯(枯),[空],khu1(kʰu⁵³),khu1,暂无
松江,骷(骷),[空],khu1(kʰu⁵³),khu1,暂无
松江,可(可),文,khu3(kʰu⁴⁴),khu3,暂无
松江,苦(苦),[空],khu3(kʰu⁴⁴),khu3,暂无
松江,课(課),[空],khu5(kʰu³⁵),khu5,暂无
松江,库(庫),[空],khu5(kʰu³⁵),khu5,暂无
松江,裤(褲),[空],khu5(kʰu³⁵),khu5,暂无
松江,哦(哦),呢~：自言自语,ngu1(ŋu⁵³),ngu1,暂无
松江,唔(唔),呢~,ngu1(ŋu⁵³),ngu1,暂无
松江,鹅(鵝),[空],ngu2(ŋu³¹),ngu2,暂无
松江,蛾(蛾),[空],ngu2(ŋu³¹),ngu2,暂无
松江,俄(俄),[空],ngu2(ŋu³¹),ngu2,暂无
松江,娥(娥),[空],ngu2(ŋu³¹),ngu2,暂无
松江,峨(峨),[空],ngu2(ŋu³¹),ngu2,暂无
松江,哦(哦),吟~,ngu2(ŋu³¹),ngu2,暂无
松江,讹(訛),[空],ngu2(ŋu³¹),ngu2,暂无
松江,吾(吾),文,ngu2(ŋu³¹),ngu2,暂无
松江,梧(梧),文,ngu2(ŋu³¹),ngu2,暂无
松江,我(我),[空],ngu3(ŋu⁴⁴),ngu3,暂无
松江,吾(吾),文，又,ngu3(ŋu⁴⁴),ngu3,暂无
松江,饿(餓),[空],ngu6(ŋu¹³),ngu6,暂无
松江,卧(臥),[空],ngu6(ŋu¹³),ngu6,暂无
松江,互(互),[空],ngu6(ŋu¹³),ngu6,暂无
松江,误(誤),[空],ngu6(ŋu¹³),ngu6,暂无
松江,悟(悟),[空],ngu6(ŋu¹³),ngu6,暂无
松江,晤(晤),[空],ngu6(ŋu¹³),ngu6,暂无
松江,阿(阿),~胶,u1(u⁵³),u1,暂无
松江,窝(窩),[空],u1(u⁵³),u1,暂无
松江,倭(倭),[空],u1(u⁵³),u1,暂无
松江,涡(渦),[空],u1(u⁵³),u1,暂无
松江,莴(萵),[空],u1(u⁵³),u1,暂无
松江,蜗(蝸),文,u1(u⁵³),u1,暂无
松江,乌(烏),[空],u1(u⁵³),u1,暂无
松江,坞(塢),[空],u1(u⁵³),u1,暂无
松江,呜(嗚),[空],u1(u⁵³),u1,暂无
松江,污(污),[空],u1(u⁵³),u1,暂无
松江,捂(捂),[空],u1(u⁵³),u1,暂无
松江,诬(誣),~蔑,u1(u⁵³),u1,暂无
松江,午(午),文,u3(u⁴⁴),u3,暂无
松江,五(五),文,u3(u⁴⁴),u3,暂无
松江,伍(伍),文,u3(u⁴⁴),u3,暂无
松江,忤(忤),文,u3(u⁴⁴),u3,暂无
松江,仵(仵),~作子,u5(u³⁵),u5,暂无
松江,恶(惡),可~,u5(u³⁵),u5,暂无
松江,恶(惡),粪便,u5(u³⁵),u5,暂无
松江,𤆏(𤆏),[空],u5(u³⁵),u5,暂无
松江,焐(焐),[空],u5(u³⁵),u5,暂无
松江,𤕻(𤕻),~头：棺材的前面一端,u5(u³⁵),u5,暂无
松江,庐(廬),草~,liu2(ly³¹),liu2,暂无
松江,驴(驢),文,liu2(ly³¹),liu2,暂无
松江,屡(屢),[空],liu3(ly⁴⁴),liu3,暂无
松江,吕(呂),[空],liu4(ly²²),liu4,暂无
松江,侣(侶),[空],liu4(ly²²),liu4,暂无
松江,铝(鋁),[空],liu4(ly²²),liu4,暂无
松江,旅(旅),[空],liu4(ly²²),liu4,暂无
松江,屡(屢),文,liu4(ly²²),liu4,暂无
松江,履(履),[空],liu4(ly²²),liu4,暂无
松江,缕(縷),文,liu4(ly²²),liu4,暂无
松江,褛(褸),[空],liu4(ly²²),liu4,暂无
松江,榈(櫚),[空],liu4(ly²²),liu4,暂无
松江,虑(慮),[空],liu6(ly¹³),liu6,暂无
松江,滤(濾),[空],liu6(ly¹³),liu6,暂无
松江,缕(縷),文，又,liu6(ly¹³),liu6,暂无
松江,疽(疽),[空],tsiu1(ʦy⁵³),tsiu1,暂无
松江,诸(諸),[空],tsiu1(ʦy⁵³),tsiu1,暂无
松江,株(株),[空],tsiu1(ʦy⁵³),tsiu1,暂无
松江,诛(誅),[空],tsiu1(ʦy⁵³),tsiu1,暂无
松江,蛛(蛛),[空],tsiu1(ʦy⁵³),tsiu1,暂无
松江,朱(朱),[空],tsiu1(ʦy⁵³),tsiu1,暂无
松江,珠(珠),[空],tsiu1(ʦy⁵³),tsiu1,暂无
松江,硃(硃),[空],tsiu1(ʦy⁵³),tsiu1,暂无
松江,侏(侏),[空],tsiu1(ʦy⁵³),tsiu1,暂无
松江,煮(煮),[空],tsiu3(ʦy⁴⁴),tsiu3,暂无
松江,渚(渚),[空],tsiu3(ʦy⁴⁴),tsiu3,暂无
松江,翥(翥),[空],tsiu3(ʦy⁴⁴),tsiu3,暂无
松江,主(主),[空],tsiu3(ʦy⁴⁴),tsiu3,暂无
松江,拄(拄),~拐杖,tsiu3(ʦy⁴⁴),tsiu3,暂无
松江,炷(炷),[空],tsiu3(ʦy⁴⁴),tsiu3,暂无
松江,著(著),[空],tsiu5(ʦy³⁵),tsiu5,暂无
松江,箸(箸),[空],tsiu5(ʦy³⁵),tsiu5,暂无
松江,煮(煮),又,tsiu5(ʦy³⁵),tsiu5,暂无
松江,驻(駐),[空],tsiu5(ʦy³⁵),tsiu5,暂无
松江,注(注),[空],tsiu5(ʦy³⁵),tsiu5,暂无
松江,註(註),[空],tsiu5(ʦy³⁵),tsiu5,暂无
松江,蛀(蛀),[空],tsiu5(ʦy³⁵),tsiu5,暂无
松江,疰(疰),[空],tsiu5(ʦy³⁵),tsiu5,暂无
松江,铸(鑄),[空],tsiu5(ʦy³⁵),tsiu5,暂无
松江,鳜(鱖),白,tsiu5(ʦy³⁵),tsiu5,暂无
松江,蛆(蛆),文,tshiu1(ʦʰy⁵³),tshiu1,暂无
松江,处(處),~理,tshiu3(ʦʰy⁴⁴),tshiu3,暂无
松江,取(取),[空],tshiu3(ʦʰy⁴⁴),tshiu3,暂无
松江,娶(娶),[空],tshiu3(ʦʰy⁴⁴),tshiu3,暂无
松江,处(處),到~,tshiu5(ʦʰy³⁵),tshiu5,暂无
松江,趣(趣),[空],tshiu5(ʦʰy³⁵),tshiu5,暂无
松江,书(書),[空],siu1(sy⁵³),siu1,暂无
松江,舒(舒),[空],siu1(sy⁵³),siu1,暂无
松江,抒(抒),[空],siu1(sy⁵³),siu1,暂无
松江,须(須),[空],siu1(sy⁵³),siu1,暂无
松江,需(需),[空],siu1(sy⁵³),siu1,暂无
松江,鬚(鬚),文,siu1(sy⁵³),siu1,暂无
松江,输(輸),[空],siu1(sy⁵³),siu1,暂无
松江,胥(胥),[空],siu1(sy⁵³),siu1,暂无
松江,暑(暑),[空],siu3(sy⁴⁴),siu3,暂无
松江,黍(黍),[空],siu3(sy⁴⁴),siu3,暂无
松江,鼠(鼠),文,siu3(sy⁴⁴),siu3,暂无
松江,数(數),动词，白,siu3(sy⁴⁴),siu3,暂无
松江,絮(絮),文,siu5(sy³⁵),siu5,暂无
松江,恕(恕),[空],siu5(sy³⁵),siu5,暂无
松江,庶(庶),[空],siu5(sy³⁵),siu5,暂无
松江,戍(戍),[空],siu5(sy³⁵),siu5,暂无
松江,婿(婿),文,siu5(sy³⁵),siu5,暂无
松江,徐(徐),舒~,ziu2(zy³¹),ziu2,暂无
松江,除(除),[空],ziu2(zy³¹),ziu2,暂无
松江,储(儲),又,ziu2(zy³¹),ziu2,暂无
松江,苎(苧),又,ziu2(zy³¹),ziu2,暂无
松江,躇(躇),[空],ziu2(zy³¹),ziu2,暂无
松江,如(如),[空],ziu2(zy³¹),ziu2,暂无
松江,厨(廚),[空],ziu2(zy³¹),ziu2,暂无
松江,橱(櫥),[空],ziu2(zy³¹),ziu2,暂无
松江,蹰(躕),[空],ziu2(zy³¹),ziu2,暂无
松江,殊(殊),[空],ziu2(zy³¹),ziu2,暂无
松江,儒(儒),[空],ziu2(zy³¹),ziu2,暂无
松江,孺(孺),[空],ziu2(zy³¹),ziu2,暂无
松江,蠕(蠕),[空],ziu2(zy³¹),ziu2,暂无
松江,序(序),[空],ziu4(zy²²),ziu4,暂无
松江,叙(敘),[空],ziu4(zy²²),ziu4,暂无
松江,绪(緒),[空],ziu4(zy²²),ziu4,暂无
松江,苎(苧),[空],ziu4(zy²²),ziu4,暂无
松江,汝(汝),[空],ziu4(zy²²),ziu4,暂无
松江,柱(柱),[空],ziu4(zy²²),ziu4,暂无
松江,竖(豎),[空],ziu4(zy²²),ziu4,暂无
松江,乳(乳),[空],ziu4(zy²²),ziu4,暂无
松江,序(序),又,ziu6(zy¹³),ziu6,暂无
松江,叙(敘),又,ziu6(zy¹³),ziu6,暂无
松江,绪(緒),又,ziu6(zy¹³),ziu6,暂无
松江,储(儲),又,ziu6(zy¹³),ziu6,暂无
松江,贮(貯),[空],ziu6(zy¹³),ziu6,暂无
松江,箸(箸),[空],ziu6(zy¹³),ziu6,暂无
松江,署(署),[空],ziu6(zy¹³),ziu6,暂无
松江,曙(曙),[空],ziu6(zy¹³),ziu6,暂无
松江,薯(薯),[空],ziu6(zy¹³),ziu6,暂无
松江,聚(聚),[空],ziu6(zy¹³),ziu6,暂无
松江,住(住),[空],ziu6(zy¹³),ziu6,暂无
松江,树(樹),[空],ziu6(zy¹³),ziu6,暂无
松江,居(居),[空],ciu1(cy⁵³),ciu1,暂无
松江,车(車),~马炮,ciu1(cy⁵³),ciu1,暂无
松江,苣(苣),[空],ciu1(cy⁵³),ciu1,暂无
松江,拘(拘),[空],ciu1(cy⁵³),ciu1,暂无
松江,驹(駒),[空],ciu1(cy⁵³),ciu1,暂无
松江,矩(矩),又,ciu1(cy⁵³),ciu1,暂无
松江,龟(龜),白,ciu1(cy⁵³),ciu1,暂无
松江,归(歸),白,ciu1(cy⁵³),ciu1,暂无
松江,举(舉),[空],ciu3(cy⁴⁴),ciu3,暂无
松江,矩(矩),[空],ciu3(cy⁴⁴),ciu3,暂无
松江,鬼(鬼),白,ciu3(cy⁴⁴),ciu3,暂无
松江,据(據),[空],ciu5(cy³⁵),ciu5,暂无
松江,锯(鋸),文,ciu5(cy³⁵),ciu5,暂无
松江,莒(莒),[空],ciu5(cy³⁵),ciu5,暂无
松江,遽(遽),[空],ciu5(cy³⁵),ciu5,暂无
松江,句(句),[空],ciu5(cy³⁵),ciu5,暂无
松江,鳜(鱖),白,ciu5(cy³⁵),ciu5,暂无
松江,贵(貴),白,ciu5(cy³⁵),ciu5,暂无
松江,墟(墟),地名：芦~,chiu1(cʰy⁵³),chiu1,暂无
松江,趋(趨),[空],chiu1(cʰy⁵³),chiu1,暂无
松江,枢(樞),[空],chiu1(cʰy⁵³),chiu1,暂无
松江,区(區),[空],chiu1(cʰy⁵³),chiu1,暂无
松江,躯(軀),[空],chiu1(cʰy⁵³),chiu1,暂无
松江,岖(嶇),[空],chiu1(cʰy⁵³),chiu1,暂无
松江,亏(虧),白,chiu1(cʰy⁵³),chiu1,暂无
松江,去(去),文,chiu5(cʰy³⁵),chiu5,暂无
松江,祛(祛),[空],chiu5(cʰy³⁵),chiu5,暂无
松江,渠(渠),[空],jiu2(ɟy³¹),jiu2,暂无
松江,榘(榘),[空],jiu2(ɟy³¹),jiu2,暂无
松江,瞿(瞿),[空],jiu2(ɟy³¹),jiu2,暂无
松江,衢(衢),[空],jiu2(ɟy³¹),jiu2,暂无
松江,馗(馗),白,jiu2(ɟy³¹),jiu2,暂无
松江,跪(跪),白,jiu4(ɟy²²),jiu4,暂无
松江,巨(巨),[空],jiu6(ɟy¹³),jiu6,暂无
松江,拒(拒),[空],jiu6(ɟy¹³),jiu6,暂无
松江,距(距),[空],jiu6(ɟy¹³),jiu6,暂无
松江,炬(炬),[空],jiu6(ɟy¹³),jiu6,暂无
松江,讵(詎),[空],jiu6(ɟy¹³),jiu6,暂无
松江,俱(俱),[空],jiu6(ɟy¹³),jiu6,暂无
松江,具(具),[空],jiu6(ɟy¹³),jiu6,暂无
松江,惧(懼),[空],jiu6(ɟy¹³),jiu6,暂无
松江,柜(櫃),白,jiu6(ɟy¹³),jiu6,暂无
松江,愚(愚),[空],gniu2(ɲy³¹),gniu2,暂无
松江,娱(娛),[空],gniu2(ɲy³¹),gniu2,暂无
松江,虞(虞),[空],gniu2(ɲy³¹),gniu2,暂无
松江,女(女),[空],gniu4(ɲy²²),gniu4,暂无
松江,蕊(蕊),白,gniu4(ɲy²²),gniu4,暂无
松江,语(語),[空],gniu6(ɲy¹³),gniu6,暂无
松江,御(禦),[空],gniu6(ɲy¹³),gniu6,暂无
松江,禦(禦),[空],gniu6(ɲy¹³),gniu6,暂无
松江,驭(馭),[空],gniu6(ɲy¹³),gniu6,暂无
松江,隅(隅),[空],gniu6(ɲy¹³),gniu6,暂无
松江,遇(遇),[空],gniu6(ɲy¹³),gniu6,暂无
松江,寓(寓),[空],gniu6(ɲy¹³),gniu6,暂无
松江,虚(虛),[空],shiu1(çy⁵³),shiu1,暂无
松江,嘘(噓),[空],shiu1(çy⁵³),shiu1,暂无
松江,墟(墟),[空],shiu1(çy⁵³),shiu1,暂无
松江,吁(吁),长~短叹,shiu1(çy⁵³),shiu1,暂无
松江,输(輸),文，~出,shiu1(çy⁵³),shiu1,暂无
松江,许(許),[空],shiu3(çy⁴⁴),shiu3,暂无
松江,煦(煦),[空],shiu5(çy³⁵),shiu5,暂无
松江,鱼(魚),[空],yu2(ɦy³¹),yu2,暂无
松江,渔(漁),[空],yu2(ɦy³¹),yu2,暂无
松江,於(於),[空],yu2(ɦy³¹),yu2,暂无
松江,余(餘),[空],yu2(ɦy³¹),yu2,暂无
松江,馀(馀),[空],yu2(ɦy³¹),yu2,暂无
松江,舁(舁),[空],yu2(ɦy³¹),yu2,暂无
松江,舆(輿),[空],yu2(ɦy³¹),yu2,暂无
松江,与(與),[空],yu2(ɦy³¹),yu2,暂无
松江,于(於),[空],yu2(ɦy³¹),yu2,暂无
松江,予(予),[空],yu2(ɦy³¹),yu2,暂无
松江,榆(榆),[空],yu2(ɦy³¹),yu2,暂无
松江,瑜(瑜),[空],yu2(ɦy³¹),yu2,暂无
松江,愉(愉),[空],yu2(ɦy³¹),yu2,暂无
松江,逾(逾),[空],yu2(ɦy³¹),yu2,暂无
松江,谕(諭),[空],yu2(ɦy³¹),yu2,暂无
松江,围(圍),~身头,yu2(ɦy³¹),yu2,暂无
松江,与(與),又,yu4(ɦy²²),yu4,暂无
松江,雨(雨),[空],yu4(ɦy²²),yu4,暂无
松江,羽(羽),[空],yu4(ɦy²²),yu4,暂无
松江,禹(禹),[空],yu4(ɦy²²),yu4,暂无
松江,愈(愈),又,yu4(ɦy²²),yu4,暂无
松江,预(預),[空],yu6(ɦy¹³),yu6,暂无
松江,誉(譽),[空],yu6(ɦy¹³),yu6,暂无
松江,豫(豫),[空],yu6(ɦy¹³),yu6,暂无
松江,宇(宇),[空],yu6(ɦy¹³),yu6,暂无
松江,芋(芋),山~,yu6(ɦy¹³),yu6,暂无
松江,喻(喻),[空],yu6(ɦy¹³),yu6,暂无
松江,逾(逾),又,yu6(ɦy¹³),yu6,暂无
松江,愈(愈),[空],yu6(ɦy¹³),yu6,暂无
松江,裕(裕),[空],yu6(ɦy¹³),yu6,暂无
松江,吁(籲),呼~,yu6(ɦy¹³),yu6,暂无
松江,纬(緯),白,yu6(ɦy¹³),yu6,暂无
松江,淤(淤),[空],iu1(y⁵³),iu1,暂无
松江,迂(迂),[空],iu1(y⁵³),iu1,暂无
松江,椅(椅),[空],iu3(y⁴⁴),iu3,暂无
松江,盂(盂),[空],iu5(y³⁵),iu5,暂无
松江,芋(芋),~艿，又,iu5(y³⁵),iu5,暂无
松江,喂(餵),~饭,iu5(y³⁵),iu5,暂无
松江,纬(緯),~纱,iu5(y³⁵),iu5,暂无
松江,巴(巴),文,pa1(ɓɑ⁵³),pa1,暂无
松江,芭(芭),~蕾,pa1(ɓɑ⁵³),pa1,暂无
松江,疤(疤),文,pa1(ɓɑ⁵³),pa1,暂无
松江,吧(吧),酒~,pa1(ɓɑ⁵³),pa1,暂无
松江,爸(爸),[空],pa1(ɓɑ⁵³),pa1,暂无
松江,叭(叭),喇~,pa1(ɓɑ⁵³),pa1,暂无
松江,把(把),~兄弟,pa3(ɓɑ⁴⁴),pa3,暂无
松江,摆(擺),[空],pa3(ɓɑ⁴⁴),pa3,暂无
松江,拜(拜),白,pa5(ɓɑ³⁵),pa5,暂无
松江,湃(湃),[空],pa5(ɓɑ³⁵),pa5,暂无
松江,趴(趴),[空],pha1(pʰɑ⁵³),pha1,暂无
松江,怕(怕),文,pha5(pʰɑ³⁵),pha5,暂无
松江,派(派),[空],pha5(pʰɑ³⁵),pha5,暂无
松江,排(排),[空],ba2(bɑ³¹),ba2,暂无
松江,牌(牌),[空],ba2(bɑ³¹),ba2,暂无
松江,罢(罷),~休,ba4(bɑ²²),ba4,暂无
松江,稗(稗),[空],ba6(bɑ¹³),ba6,暂无
松江,罢(罷),语气词,ba6(bɑ¹³),ba6,暂无
松江,败(敗),[空],ba6(bɑ¹³),ba6,暂无
松江,妈(媽),[空],ma1(mɑ⁵³),ma1,暂无
松江,埋(埋),[空],ma1(mɑ⁵³),ma1,暂无
松江,麻(麻),文,ma2(mɑ³¹),ma2,暂无
松江,埋(埋),~怨,ma2(mɑ³¹),ma2,暂无
松江,马(馬),~上,ma3(mɑ⁴⁴),ma3,暂无
松江,马(馬),文,ma4(mɑ²²),ma4,暂无
松江,买(買),白,ma4(mɑ²²),ma4,暂无
松江,嫲(嫲),奶~：奶妈,ma6(mɑ¹³),ma6,暂无
松江,骂(罵),文,ma6(mɑ¹³),ma6,暂无
松江,卖(賣),白,ma6(mɑ¹³),ma6,暂无
松江,花(花),文,fa1(ɸɑ⁵³),fa1,暂无
松江,歪(歪),[空],fa1(ɸɑ⁵³),fa1,暂无
松江,化(化),文,fa5(ɸɑ³⁵),fa5,暂无
松江,华(華),文,va2(βɑ³¹),va2,暂无
松江,桦(樺),文,va2(βɑ³¹),va2,暂无
松江,娃(娃),[空],va2(βɑ³¹),va2,暂无
松江,哇(哇),[空],va2(βɑ³¹),va2,暂无
松江,淮(淮),[空],va2(βɑ³¹),va2,暂无
松江,怀(懷),白,va2(βɑ³¹),va2,暂无
松江,槐(槐),白,va2(βɑ³¹),va2,暂无
松江,瓦(瓦),文,va4(βɑ²²),va4,暂无
松江,坏(壞),白,va6(βɑ¹³),va6,暂无
松江,画(畫),文,va6(βɑ¹³),va6,暂无
松江,话(話),文,va6(βɑ¹³),va6,暂无
松江,𠲎(𠲎),[空],va6(βɑ¹³),va6,暂无
松江,多(多),~日,ta1(ɗɑ⁵³),ta1,暂无
松江,戴(戴),~帽子,ta5(ɗɑ³⁵),ta5,暂无
松江,带(帶),白,ta5(ɗɑ³⁵),ta5,暂无
松江,他(他),[空],tha1(tʰɑ⁵³),tha1,暂无
松江,她(她),[空],tha1(tʰɑ⁵³),tha1,暂无
松江,它(它),[空],tha1(tʰɑ⁵³),tha1,暂无
松江,拖(拖),~舌头,tha1(tʰɑ⁵³),tha1,暂无
松江,拕(拕),[空],tha1(tʰɑ⁵³),tha1,暂无
松江,泰(泰),从容不迫,tha3(tʰɑ⁴⁴),tha3,暂无
松江,太(太),[空],tha5(tʰɑ³⁵),tha5,暂无
松江,泰(泰),白,tha5(tʰɑ³⁵),tha5,暂无
松江,汰(汰),白,tha5(tʰɑ³⁵),tha5,暂无
松江,䈆(䈆),竹器,da4(dɑ²²),da4,暂无
松江,大(大),文,da6(dɑ¹³),da6,暂无
松江,汏(汏),洗,da6(dɑ¹³),da6,暂无
松江,埭(埭),行：一~字,da6(dɑ¹³),da6,暂无
松江,挪(挪),文,na1(nɑ⁵³),na1,暂无
松江,那(那),[空],na1(nɑ⁵³),na1,暂无
松江,拿(拿),文,na1(nɑ⁵³),na1,暂无
松江,奶(奶),~~：祖母,na3(nɑ⁴⁴),na3,暂无
松江,奶(奶),乳房，乳汁,na4(nɑ²²),na4,暂无
松江,艿(艿),[空],na4(nɑ²²),na4,暂无
松江,耐(耐),[空],na5(nɑ³⁵),na5,暂无
松江,奈(奈),~何桥,na5(nɑ³⁵),na5,暂无
松江,奈(奈),白,na6(nɑ¹³),na6,暂无
松江,㑚(㑚),你们,na6(nɑ¹³),na6,暂无
松江,拉(拉),[空],la1(lɑ⁵³),la1,暂无
松江,啦(啦),~~队,la1(lɑ⁵³),la1,暂无
松江,垃(垃),~圾,la4(lɑ²²),la4,暂无
松江,攋(攋),挠,la4(lɑ²²),la4,暂无
松江,赖(賴),白,la6(lɑ¹³),la6,暂无
松江,癞(癩),[空],la6(lɑ¹³),la6,暂无
松江,喇(喇),~叭,la6(lɑ¹³),la6,暂无
松江,斋(齋),[空],tsa1(ʦɑ⁵³),tsa1,暂无
松江,抓(抓),[空],tsa1(ʦɑ⁵³),tsa1,暂无
松江,笊(笊),~篱,tsa3(ʦɑ⁴⁴),tsa3,暂无
松江,咱(咱),[空],tsa3(ʦɑ⁴⁴),tsa3,暂无
松江,债(債),[空],tsa5(ʦɑ³⁵),tsa5,暂无
松江,扯(扯),~篷,tsha1(ʦʰɑ⁵³),tsha1,暂无
松江,差(差),出~,tsha1(ʦʰɑ⁵³),tsha1,暂无
松江,钗(釵),文,tsha1(ʦʰɑ⁵³),tsha1,暂无
松江,扯(扯),~平,tsha3(ʦʰɑ⁴⁴),tsha3,暂无
松江,蔡(蔡),白,tsha5(ʦʰɑ³⁵),tsha5,暂无
松江,沙(沙),文,sa1(sɑ⁵³),sa1,暂无
松江,纱(紗),文,sa1(sɑ⁵³),sa1,暂无
松江,筛(篩),~酒,sa1(sɑ⁵³),sa1,暂无
松江,衰(衰),~瘏：累,sa1(sɑ⁵³),sa1,暂无
松江,三(三),~四个,sa1(sɑ⁵³),sa1,暂无
松江,洒(灑),[空],sa3(sɑ⁴⁴),sa3,暂无
松江,傻(傻),[空],sa3(sɑ⁴⁴),sa3,暂无
松江,耍(耍),[空],sa3(sɑ⁴⁴),sa3,暂无
松江,啥(啥),[空],sa5(sɑ³⁵),sa5,暂无
松江,煞(煞),接~,sa5(sɑ³⁵),sa5,暂无
松江,豺(豺),白,za2(zɑ³¹),za2,暂无
松江,柴(柴),[空],za2(zɑ³¹),za2,暂无
松江,惹(惹),[空],za4(zɑ²²),za4,暂无
松江,家(家),白,ka1(kɑ⁵³),ka1,暂无
松江,加(加),白,ka1(kɑ⁵³),ka1,暂无
松江,嘉(嘉),白,ka1(kɑ⁵³),ka1,暂无
松江,傢(傢),白,ka1(kɑ⁵³),ka1,暂无
松江,枷(枷),白，~锁,ka1(kɑ⁵³),ka1,暂无
松江,袈(袈),白,ka1(kɑ⁵³),ka1,暂无
松江,咖(咖),~喱,ka1(kɑ⁵³),ka1,暂无
松江,阶(階),~沿石,ka1(kɑ⁵³),ka1,暂无
松江,街(街),白,ka1(kɑ⁵³),ka1,暂无
松江,假(假),白，真~,ka3(kɑ⁴⁴),ka3,暂无
松江,贾(賈),白,ka3(kɑ⁴⁴),ka3,暂无
松江,解(解),白，~开,ka3(kɑ⁴⁴),ka3,暂无
松江,假(假),白，放~,ka5(kɑ³⁵),ka5,暂无
松江,架(架),白,ka5(kɑ³⁵),ka5,暂无
松江,嫁(嫁),白,ka5(kɑ³⁵),ka5,暂无
松江,稼(稼),[空],ka5(kɑ³⁵),ka5,暂无
松江,枷(枷),上~,ka5(kɑ³⁵),ka5,暂无
松江,价(價),白,ka5(kɑ³⁵),ka5,暂无
松江,𢉤(𢉤),[空],ka5(kɑ³⁵),ka5,暂无
松江,介(介),白,ka5(kɑ³⁵),ka5,暂无
松江,界(界),白,ka5(kɑ³⁵),ka5,暂无
松江,届(屆),白,ka5(kɑ³⁵),ka5,暂无
松江,戒(戒),白,ka5(kɑ³⁵),ka5,暂无
松江,芥(芥),白,ka5(kɑ³⁵),ka5,暂无
松江,疥(疥),白,ka5(kɑ³⁵),ka5,暂无
松江,尬(尬),[空],ka5(kɑ³⁵),ka5,暂无
松江,解(解),~差,ka5(kɑ³⁵),ka5,暂无
松江,吤(吤),[空],ka5(kɑ³⁵),ka5,暂无
松江,咖(咖),~啡,kha1(kʰɑ⁵³),kha1,暂无
松江,揩(揩),[空],kha1(kʰɑ⁵³),kha1,暂无
松江,楷(楷),[空],kha3(kʰɑ⁴⁴),kha3,暂无
松江,卡(卡),~片,kha3(kʰɑ⁴⁴),kha3,暂无
松江,茄(茄),[空],ga2(gɑ³¹),ga2,暂无
松江,痂(痂),[空],ga2(gɑ³¹),ga2,暂无
松江,袈(袈),[空],ga2(gɑ³¹),ga2,暂无
松江,懈(懈),松懈：~门,ga4(gɑ²²),ga4,暂无
松江,澥(澥),浆糊等失去黏性,ga4(gɑ²²),ga4,暂无
松江,骱(骱),[空],ga6(gɑ¹³),ga6,暂无
松江,牙(牙),白,nga2(ŋɑ³¹),nga2,暂无
松江,芽(芽),白,nga2(ŋɑ³¹),nga2,暂无
松江,蚜(蚜),白,nga2(ŋɑ³¹),nga2,暂无
松江,衙(衙),白,nga2(ŋɑ³¹),nga2,暂无
松江,齖(齖),啃,nga2(ŋɑ³¹),nga2,暂无
松江,外(外),白,nga6(ŋɑ¹³),nga6,暂无
松江,哈(哈),[空],ha1(hɑ⁵³),ha1,暂无
松江,颬(颬),[空],ha1(hɑ⁵³),ha1,暂无
松江,蟹(蟹),[空],ha3(hɑ⁴⁴),ha3,暂无
松江,罅(罅),~拉：缝儿,ha5(hɑ³⁵),ha5,暂无
松江,解(解),姓,ha5(hɑ³⁵),ha5,暂无
松江,何(何),~里：哪里,gha2(ɦɑ³¹),gha2,暂无
松江,蝦(蝦),~蟆,gha2(ɦɑ³¹),gha2,暂无
松江,鞋(鞋),[空],gha2(ɦɑ³¹),gha2,暂无
松江,也(也),白,gha4(ɦɑ²²),gha4,暂无
松江,阿(阿),~姨,a1(ɑ⁵³),a1,暂无
松江,挨(挨),[空],a1(ɑ⁵³),a1,暂无
松江,啊(啊),[空],a1(ɑ⁵³),a1,暂无
松江,矮(矮),[空],a3(ɑ⁴⁴),a3,暂无
松江,爹(爹),[空],tia1(ɗiɑ⁵³),tia1,暂无
松江,嗲(嗲),[空],tia3(ɗiɑ⁴⁴),tia3,暂无
松江,嗟(嗟),[空],tsia1(ʦiɑ⁵³),tsia1,暂无
松江,姐(姐),白,tsia3(ʦiɑ⁴⁴),tsia3,暂无
松江,借(借),[空],tsia5(ʦiɑ³⁵),tsia5,暂无
松江,藉(藉),~故,tsia5(ʦiɑ³⁵),tsia5,暂无
松江,七(七),~八岁,tshia1(ʦʰiɑ⁵³),tshia1,暂无
松江,笡(笡),[空],tshia5(ʦʰiɑ³⁵),tshia5,暂无
松江,写(寫),白,sia3(siɑ⁴⁴),sia3,暂无
松江,泻(瀉),白,sia5(siɑ³⁵),sia5,暂无
松江,卸(卸),[空],sia5(siɑ³⁵),sia5,暂无
松江,邪(邪),[空],zia2(ziɑ³¹),zia2,暂无
松江,斜(斜),[空],zia2(ziɑ³¹),zia2,暂无
松江,藉(藉),~口,zia6(ziɑ¹³),zia6,暂无
松江,谢(謝),白,zia6(ziɑ¹³),zia6,暂无
松江,塮(塮),[空],zia6(ziɑ¹³),zia6,暂无
松江,家(家),文,cia1(ciɑ⁵³),cia1,暂无
松江,加(加),文,cia1(ciɑ⁵³),cia1,暂无
松江,嘉(嘉),文,cia1(ciɑ⁵³),cia1,暂无
松江,傢(傢),文,cia1(ciɑ⁵³),cia1,暂无
松江,枷(枷),文,cia1(ciɑ⁵³),cia1,暂无
松江,袈(袈),文,cia1(ciɑ⁵³),cia1,暂无
松江,皆(皆),文,cia1(ciɑ⁵³),cia1,暂无
松江,阶(階),~段,cia1(ciɑ⁵³),cia1,暂无
松江,街(街),文,cia1(ciɑ⁵³),cia1,暂无
松江,佳(佳),[空],cia1(ciɑ⁵³),cia1,暂无
松江,假(假),文，真~,cia3(ciɑ⁴⁴),cia3,暂无
松江,贾(賈),文,cia3(ciɑ⁴⁴),cia3,暂无
松江,解(解),文,cia3(ciɑ⁴⁴),cia3,暂无
松江,假(假),文，放~,cia5(ciɑ³⁵),cia5,暂无
松江,架(架),文,cia5(ciɑ³⁵),cia5,暂无
松江,嫁(嫁),文,cia5(ciɑ³⁵),cia5,暂无
松江,驾(駕),[空],cia5(ciɑ³⁵),cia5,暂无
松江,价(價),文,cia5(ciɑ³⁵),cia5,暂无
松江,介(介),文,cia5(ciɑ³⁵),cia5,暂无
松江,界(界),文,cia5(ciɑ³⁵),cia5,暂无
松江,届(屆),文,cia5(ciɑ³⁵),cia5,暂无
松江,戒(戒),文,cia5(ciɑ³⁵),cia5,暂无
松江,芥(芥),文,cia5(ciɑ³⁵),cia5,暂无
松江,疥(疥),文,cia5(ciɑ³⁵),cia5,暂无
松江,鲇(鮎),~鱼,gnia2(ɲiɑ³¹),gnia2,暂无
松江,鲶(鯰),[空],gnia2(ɲiɑ³¹),gnia2,暂无
松江,罅(罅),文,shia1(çiɑ⁵³),shia1,暂无
松江,虾(蝦),文,shia3(çiɑ⁴⁴),shia3,暂无
松江,下(下),文,shia5(çiɑ³⁵),shia5,暂无
松江,牙(牙),文,ya2(ɦiɑ³¹),ya2,暂无
松江,芽(芽),文,ya2(ɦiɑ³¹),ya2,暂无
松江,蚜(蚜),文,ya2(ɦiɑ³¹),ya2,暂无
松江,衙(衙),文,ya2(ɦiɑ³¹),ya2,暂无
松江,瑕(瑕),[空],ya2(ɦiɑ³¹),ya2,暂无
松江,遐(遐),[空],ya2(ɦiɑ³¹),ya2,暂无
松江,暇(暇),[空],ya2(ɦiɑ³¹),ya2,暂无
松江,爷(爺),白,ya2(ɦiɑ³¹),ya2,暂无
松江,耶(耶),[空],ya2(ɦiɑ³¹),ya2,暂无
松江,椰(椰),[空],ya2(ɦiɑ³¹),ya2,暂无
松江,揶(揶),白,ya2(ɦiɑ³¹),ya2,暂无
松江,涯(涯),[空],ya2(ɦiɑ³¹),ya2,暂无
松江,崖(崖),文,ya2(ɦiɑ³¹),ya2,暂无
松江,野(野),白,ya4(ɦiɑ²²),ya4,暂无
松江,下(下),文,ya6(ɦiɑ¹³),ya6,暂无
松江,夏(夏),文,ya6(ɦiɑ¹³),ya6,暂无
松江,厦(廈),文,ya6(ɦiɑ¹³),ya6,暂无
松江,也(也),文,ya6(ɦiɑ¹³),ya6,暂无
松江,夜(夜),又,ya6(ɦiɑ¹³),ya6,暂无
松江,霞(霞),[空],ia1(iɑ⁵³),ia1,暂无
松江,丫(丫),文,ia1(iɑ⁵³),ia1,暂无
松江,桠(椏),文,ia1(iɑ⁵³),ia1,暂无
松江,鸦(鴉),文,ia1(iɑ⁵³),ia1,暂无
松江,呀(呀),[空],ia1(iɑ⁵³),ia1,暂无
松江,雅(雅),[空],ia3(iɑ⁴⁴),ia3,暂无
松江,哑(啞),文,ia3(iɑ⁴⁴),ia3,暂无
松江,亚(亞),[空],ia3(iɑ⁴⁴),ia3,暂无
松江,夜(夜),白,ia5(iɑ³⁵),ia5,暂无
松江,瓜(瓜),文,kua1(kuɑ⁵³),kua1,暂无
松江,乖(乖),白,kua1(kuɑ⁵³),kua1,暂无
松江,寡(寡),文,kua3(kuɑ⁴⁴),kua3,暂无
松江,拐(拐),白,kua3(kuɑ⁴⁴),kua3,暂无
松江,剐(剮),文,kua5(kuɑ³⁵),kua5,暂无
松江,怪(怪),白,kua5(kuɑ³⁵),kua5,暂无
松江,挂(掛),文,kua5(kuɑ³⁵),kua5,暂无
松江,卦(卦),文,kua5(kuɑ³⁵),kua5,暂无
松江,褂(褂),文,kua5(kuɑ³⁵),kua5,暂无
松江,罣(罣),[空],kua5(kuɑ³⁵),kua5,暂无
松江,夸(誇),文,khua1(kʰuɑ⁵³),khua1,暂无
松江,垮(垮),[空],khua3(kʰuɑ⁴⁴),khua3,暂无
松江,跨(跨),文,khua5(kʰuɑ³⁵),khua5,暂无
松江,绔(絝),纨~,khua5(kʰuɑ³⁵),khua5,暂无
松江,蒯(蒯),白,khua5(kʰuɑ³⁵),khua5,暂无
松江,快(快),白,khua5(kʰuɑ³⁵),khua5,暂无
松江,蛙(蛙),文,ua1(uɑ⁵³),ua1,暂无
松江,洼(窪),[空],ua1(uɑ⁵³),ua1,暂无
松江,娃(娃),文,ua1(uɑ⁵³),ua1,暂无
松江,哇(哇),文,ua1(uɑ⁵³),ua1,暂无
松江,歪(歪),文,ua1(uɑ⁵³),ua1,暂无
松江,瘢(瘢),[空],pae1(ɓɛ⁵³),pae1,暂无
松江,班(班),[空],pae1(ɓɛ⁵³),pae1,暂无
松江,斑(斑),[空],pae1(ɓɛ⁵³),pae1,暂无
松江,颁(頒),[空],pae1(ɓɛ⁵³),pae1,暂无
松江,扳(扳),[空],pae1(ɓɛ⁵³),pae1,暂无
松江,掰(掰),[空],pae1(ɓɛ⁵³),pae1,暂无
松江,般(般),[空],pae1(ɓɛ⁵³),pae1,暂无
松江,瓣(瓣),[空],pae1(ɓɛ⁵³),pae1,暂无
松江,板(板),[空],pae3(ɓɛ⁴⁴),pae3,暂无
松江,版(版),[空],pae3(ɓɛ⁴⁴),pae3,暂无
松江,坂(坂),[空],pae3(ɓɛ⁴⁴),pae3,暂无
松江,阪(阪),[空],pae3(ɓɛ⁴⁴),pae3,暂无
松江,拜(拜),文,pae5(ɓɛ³⁵),pae5,暂无
松江,扮(扮),[空],pae5(ɓɛ³⁵),pae5,暂无
松江,绊(絆),[空],pae5(ɓɛ³⁵),pae5,暂无
松江,攀(攀),[空],phae1(pʰɛ⁵³),phae1,暂无
松江,盼(盼),[空],phae5(pʰɛ³⁵),phae5,暂无
松江,襻(襻),[空],phae5(pʰɛ³⁵),phae5,暂无
松江,鋬(鋬),器物上的提梁,phae5(pʰɛ³⁵),phae5,暂无
松江,爿(爿),[空],bae2(bɛ³¹),bae2,暂无
松江,𨂝(𨂝),爬,bae2(bɛ³¹),bae2,暂无
松江,埋(埋),文,mae1(mɛ⁵³),mae1,暂无
松江,蛮(蠻),很,mae1(mɛ⁵³),mae1,暂无
松江,蛮(蠻),野~,mae2(mɛ³¹),mae2,暂无
松江,曼(曼),[空],mae2(mɛ³¹),mae2,暂无
松江,谩(謾),[空],mae2(mɛ³¹),mae2,暂无
松江,漫(漫),[空],mae2(mɛ³¹),mae2,暂无
松江,蔓(蔓),[空],mae2(mɛ³¹),mae2,暂无
松江,买(買),文,mae4(mɛ²²),mae4,暂无
松江,晚(晚),白：~娘,mae4(mɛ²²),mae4,暂无
松江,迈(邁),[空],mae6(mɛ¹³),mae6,暂无
松江,未(未),句末语气词,mae6(mɛ¹³),mae6,暂无
松江,慢(慢),[空],mae6(mɛ¹³),mae6,暂无
松江,幔(幔),[空],mae6(mɛ¹³),mae6,暂无
松江,卖(賣),文,mae6(mɛ¹³),mae6,暂无
松江,万(萬),白，麻将用语,mae6(mɛ¹³),mae6,暂无
松江,翻(翻),[空],fae1(ɸɛ⁵³),fae1,暂无
松江,番(番),[空],fae1(ɸɛ⁵³),fae1,暂无
松江,幡(幡),[空],fae1(ɸɛ⁵³),fae1,暂无
松江,反(反),[空],fae3(ɸɛ⁴⁴),fae3,暂无
松江,返(返),[空],fae3(ɸɛ⁴⁴),fae3,暂无
松江,泛(泛),[空],fae5(ɸɛ³⁵),fae5,暂无
松江,贩(販),[空],fae5(ɸɛ³⁵),fae5,暂无
松江,㽹(㽹),反胃,fae5(ɸɛ³⁵),fae5,暂无
松江,怀(懷),文,vae2(βɛ³¹),vae2,暂无
松江,槐(槐),文,vae2(βɛ³¹),vae2,暂无
松江,凡(凡),[空],vae2(βɛ³¹),vae2,暂无
松江,帆(帆),[空],vae2(βɛ³¹),vae2,暂无
松江,範(範),模~,vae2(βɛ³¹),vae2,暂无
松江,桓(桓),[空],vae2(βɛ³¹),vae2,暂无
松江,玩(玩),[空],vae2(βɛ³¹),vae2,暂无
松江,顽(頑),文,vae2(βɛ³¹),vae2,暂无
松江,还(還),归~,vae2(βɛ³¹),vae2,暂无
松江,烦(煩),[空],vae2(βɛ³¹),vae2,暂无
松江,藩(藩),[空],vae2(βɛ³¹),vae2,暂无
松江,繁(繁),[空],vae2(βɛ³¹),vae2,暂无
松江,矾(礬),[空],vae2(βɛ³¹),vae2,暂无
松江,樊(樊),[空],vae2(βɛ³¹),vae2,暂无
松江,梵(梵),[空],vae2(βɛ³¹),vae2,暂无
松江,范(范),姓,vae4(βɛ²²),vae4,暂无
松江,犯(犯),[空],vae4(βɛ²²),vae4,暂无
松江,外(外),文,vae6(βɛ¹³),vae6,暂无
松江,坏(壞),文,vae6(βɛ¹³),vae6,暂无
松江,患(患),[空],vae6(βɛ¹³),vae6,暂无
松江,饭(飯),[空],vae6(βɛ¹³),vae6,暂无
松江,万(萬),[空],vae6(βɛ¹³),vae6,暂无
松江,耽(耽),[空],tae1(ɗɛ⁵³),tae1,暂无
松江,担(擔),~任,tae1(ɗɛ⁵³),tae1,暂无
松江,单(單),[空],tae1(ɗɛ⁵³),tae1,暂无
松江,郸(鄲),[空],tae1(ɗɛ⁵³),tae1,暂无
松江,丹(丹),[空],tae1(ɗɛ⁵³),tae1,暂无
松江,胆(膽),[空],tae3(ɗɛ⁴⁴),tae3,暂无
松江,带(帶),文,tae5(ɗɛ³⁵),tae5,暂无
松江,担(擔),挑~,tae5(ɗɛ³⁵),tae5,暂无
松江,诞(誕),[空],tae5(ɗɛ³⁵),tae5,暂无
松江,旦(旦),[空],tae5(ɗɛ³⁵),tae5,暂无
松江,疸(疸),[空],tae5(ɗɛ³⁵),tae5,暂无
松江,坍(坍),[空],thae1(tʰɛ⁵³),thae1,暂无
松江,毯(毯),又,thae1(tʰɛ⁵³),thae1,暂无
松江,摊(攤),[空],thae1(tʰɛ⁵³),thae1,暂无
松江,滩(灘),[空],thae1(tʰɛ⁵³),thae1,暂无
松江,瘫(癱),[空],thae1(tʰɛ⁵³),thae1,暂无
松江,痑(痑),[空],thae1(tʰɛ⁵³),thae1,暂无
松江,毯(毯),[空],thae3(tʰɛ⁴⁴),thae3,暂无
松江,坦(坦),[空],thae3(tʰɛ⁴⁴),thae3,暂无
松江,袒(袒),[空],thae3(tʰɛ⁴⁴),thae3,暂无
松江,倓(倓),从容安定,thae3(tʰɛ⁴⁴),thae3,暂无
松江,太(太),文,thae5(tʰɛ³⁵),thae5,暂无
松江,泰(泰),文,thae5(tʰɛ³⁵),thae5,暂无
松江,汰(汰),文,thae5(tʰɛ³⁵),thae5,暂无
松江,炭(炭),[空],thae5(tʰɛ³⁵),thae5,暂无
松江,碳(碳),[空],thae5(tʰɛ³⁵),thae5,暂无
松江,叹(嘆),[空],thae5(tʰɛ³⁵),thae5,暂无
松江,潭(潭),水~,dae2(dɛ³¹),dae2,暂无
松江,谭(譚),[空],dae2(dɛ³¹),dae2,暂无
松江,谈(談),[空],dae2(dɛ³¹),dae2,暂无
松江,痰(痰),[空],dae2(dɛ³¹),dae2,暂无
松江,弹(彈),~琴,dae2(dɛ³¹),dae2,暂无
松江,檀(檀),[空],dae2(dɛ³¹),dae2,暂无
松江,坛(壇),[空],dae2(dɛ³¹),dae2,暂无
松江,淡(淡),[空],dae4(dɛ²²),dae4,暂无
松江,但(但),[空],dae4(dɛ²²),dae4,暂无
松江,蛋(蛋),[空],dae6(dɛ¹³),dae6,暂无
松江,弹(彈),子~,dae6(dɛ¹³),dae6,暂无
松江,担(擔),拿,nae1(nɛ⁵³),nae1,暂无
松江,难(難),困~,nae2(nɛ³¹),nae2,暂无
松江,奶(奶),文,nae3(nɛ⁴⁴),nae3,暂无
松江,难(難),逃~,nae6(nɛ¹³),nae6,暂无
松江,呐(吶),语气词,nae6(nɛ¹³),nae6,暂无
松江,来(來),[空],lae2(lɛ³¹),lae2,暂无
松江,婪(婪),[空],lae2(lɛ³¹),lae2,暂无
松江,揽(攬),又,lae2(lɛ³¹),lae2,暂无
松江,蓝(藍),[空],lae2(lɛ³¹),lae2,暂无
松江,篮(籃),[空],lae2(lɛ³¹),lae2,暂无
松江,兰(蘭),[空],lae2(lɛ³¹),lae2,暂无
松江,拦(攔),[空],lae2(lɛ³¹),lae2,暂无
松江,栏(欄),[空],lae2(lɛ³¹),lae2,暂无
松江,阑(闌),[空],lae2(lɛ³¹),lae2,暂无
松江,澜(瀾),[空],lae2(lɛ³¹),lae2,暂无
松江,襴(襴),布~：围裙,lae2(lɛ³¹),lae2,暂无
松江,幱(幱),[空],lae2(lɛ³¹),lae2,暂无
松江,缆(纜),~绳,lae4(lɛ²²),lae4,暂无
松江,懒(懶),[空],lae4(lɛ²²),lae4,暂无
松江,赖(賴),文,lae6(lɛ¹³),lae6,暂无
松江,癞(癩),文,lae6(lɛ¹³),lae6,暂无
松江,览(覽),[空],lae6(lɛ¹³),lae6,暂无
松江,揽(攬),[空],lae6(lɛ¹³),lae6,暂无
松江,缆(纜),系,lae6(lɛ¹³),lae6,暂无
松江,滥(濫),[空],lae6(lɛ¹³),lae6,暂无
松江,烂(爛),[空],lae6(lɛ¹³),lae6,暂无
松江,灾(災),又,tsae1(ʦɛ⁵³),tsae1,暂无
松江,斋(齋),文,tsae1(ʦɛ⁵³),tsae1,暂无
松江,簪(簪),文,tsae1(ʦɛ⁵³),tsae1,暂无
松江,斩(斬),[空],tsae1(ʦɛ⁵³),tsae1,暂无
松江,劗(劗),切、剁,tsae1(ʦɛ⁵³),tsae1,暂无
松江,盏(盞),[空],tsae3(ʦɛ⁴⁴),tsae3,暂无
松江,崭(嶄),[空],tsae3(ʦɛ⁴⁴),tsae3,暂无
松江,㜺(㜺),好,tsae3(ʦɛ⁴⁴),tsae3,暂无
松江,哉(哉),[空],tsae5(ʦɛ³⁵),tsae5,暂无
松江,蘸(蘸),[空],tsae5(ʦɛ³⁵),tsae5,暂无
松江,赞(贊),[空],tsae5(ʦɛ³⁵),tsae5,暂无
松江,搀(攙),[空],tshae1(ʦʰɛ⁵³),tshae1,暂无
松江,产(產),[空],tshae3(ʦʰɛ⁴⁴),tshae3,暂无
松江,铲(鏟),[空],tshae3(ʦʰɛ⁴⁴),tshae3,暂无
松江,剷(剷),[空],tshae3(ʦʰɛ⁴⁴),tshae3,暂无
松江,忏(懺),~悔,tshae3(ʦʰɛ⁴⁴),tshae3,暂无
松江,蔡(蔡),文,tshae5(ʦʰɛ³⁵),tshae5,暂无
松江,灿(燦),[空],tshae5(ʦʰɛ³⁵),tshae5,暂无
松江,忏(懺),拜~,tshae5(ʦʰɛ³⁵),tshae5,暂无
松江,三(三),[空],sae1(sɛ⁵³),sae1,暂无
松江,杉(杉),[空],sae1(sɛ⁵³),sae1,暂无
松江,衫(衫),[空],sae1(sɛ⁵³),sae1,暂无
松江,删(刪),[空],sae1(sɛ⁵³),sae1,暂无
松江,珊(珊),[空],sae1(sɛ⁵³),sae1,暂无
松江,跚(跚),[空],sae1(sɛ⁵³),sae1,暂无
松江,姗(姍),[空],sae1(sɛ⁵³),sae1,暂无
松江,山(山),[空],sae1(sɛ⁵³),sae1,暂无
松江,汕(汕),[空],sae1(sɛ⁵³),sae1,暂无
松江,讪(訕),[空],sae1(sɛ⁵³),sae1,暂无
松江,疝(疝),[空],sae1(sɛ⁵³),sae1,暂无
松江,舢(舢),[空],sae1(sɛ⁵³),sae1,暂无
松江,芟(芟),[空],sae1(sɛ⁵³),sae1,暂无
松江,散(散),鞋带~了,sae3(sɛ⁴⁴),sae3,暂无
松江,伞(傘),[空],sae5(sɛ³⁵),sae5,暂无
松江,散(散),分~,sae5(sɛ³⁵),sae5,暂无
松江,豺(豺),文，又,zae2(zɛ³¹),zae2,暂无
松江,侪(儕),都,zae2(zɛ³¹),zae2,暂无
松江,残(殘),[空],zae2(zɛ³¹),zae2,暂无
松江,惭(慚),[空],zae2(zɛ³¹),zae2,暂无
松江,馋(饞),[空],zae2(zɛ³¹),zae2,暂无
松江,谗(讒),[空],zae2(zɛ³¹),zae2,暂无
松江,潺(潺),[空],zae2(zɛ³¹),zae2,暂无
松江,赚(賺),[空],zae4(zɛ²²),zae4,暂无
松江,站(站),车~,zae4(zɛ²²),zae4,暂无
松江,栈(棧),[空],zae4(zɛ²²),zae4,暂无
松江,巉(巉),[空],zae4(zɛ²²),zae4,暂无
松江,㟞(㟞),陡峭,zae4(zɛ²²),zae4,暂无
松江,篅(篅),一种盛放谷物的器具,zae4(zɛ²²),zae4,暂无
松江,站(站),~立,zae6(zɛ¹³),zae6,暂无
松江,暂(暫),[空],zae6(zɛ¹³),zae6,暂无
松江,撰(撰),[空],zae6(zɛ¹³),zae6,暂无
松江,绽(綻),[空],zae6(zɛ¹³),zae6,暂无
松江,溅(濺),白,zae6(zɛ¹³),zae6,暂无
松江,蹔(蹔),~𧉆：蟋蟀,zae6(zɛ¹³),zae6,暂无
松江,监(監),白,kae1(kɛ⁵³),kae1,暂无
松江,尴(尷),[空],kae1(kɛ⁵³),kae1,暂无
松江,奸(姦),白,kae1(kɛ⁵³),kae1,暂无
松江,间(間),房~,kae1(kɛ⁵³),kae1,暂无
松江,钙(鈣),[空],kae3(kɛ⁴⁴),kae3,暂无
松江,橄(橄),[空],kae3(kɛ⁴⁴),kae3,暂无
松江,减(減),白,kae3(kɛ⁴⁴),kae3,暂无
松江,碱(鹼),白,kae3(kɛ⁴⁴),kae3,暂无
松江,拣(揀),白,kae3(kɛ⁴⁴),kae3,暂无
松江,柬(柬),白,kae3(kɛ⁴⁴),kae3,暂无
松江,涧(澗),白,kae3(kɛ⁴⁴),kae3,暂无
松江,裥(襉),白,kae3(kɛ⁴⁴),kae3,暂无
松江,鉴(鑑),白,kae5(kɛ³⁵),kae5,暂无
松江,监(監),~生,kae5(kɛ³⁵),kae5,暂无
松江,间(間),~苗,kae5(kɛ³⁵),kae5,暂无
松江,锏(鐧),[空],kae5(kɛ³⁵),kae5,暂无
松江,龛(龕),又,khae1(kʰɛ⁵³),khae1,暂无
松江,舰(艦),白,khae1(kʰɛ⁵³),khae1,暂无
松江,铅(鉛),白,khae1(kʰɛ⁵³),khae1,暂无
松江,肷(肷),[空],khae3(kʰɛ⁴⁴),khae3,暂无
松江,槛(檻),白,khae3(kʰɛ⁴⁴),khae3,暂无
松江,嵌(嵌),白,khae5(kʰɛ³⁵),khae5,暂无
松江,看(看),表示尝试,khae5(kʰɛ³⁵),khae5,暂无
松江,钳(鉗),白,gae2(ɡɛ³¹),gae2,暂无
松江,呆(呆),白,ngae2(ŋɛ³¹),ngae2,暂无
松江,颜(顏),白,ngae2(ŋɛ³¹),ngae2,暂无
松江,眼(眼),白,ngae4(ŋɛ²²),ngae4,暂无
松江,雁(雁),白,ngae6(ŋɛ¹³),ngae6,暂无
松江,壗(壗),表示某处,hae1(hɛ⁵³),hae1,暂无
松江,骇(駭),白,hae5(hɛ³⁵),hae5,暂无
松江,喊(喊),[空],hae5(hɛ³⁵),hae5,暂无
松江,苋(莧),[空],hae5(hɛ³⁵),hae5,暂无
松江,函(函),[空],ghae2(ɦɛ³¹),ghae2,暂无
松江,咸(鹹),五味之一,ghae2(ɦɛ³¹),ghae2,暂无
松江,衔(銜),[空],ghae2(ɦɛ³¹),ghae2,暂无
松江,闲(閒),白,ghae2(ɦɛ³¹),ghae2,暂无
松江,炎(炎),白,ghae2(ɦɛ³¹),ghae2,暂无
松江,限(限),白,ghae4(ɦɛ²²),ghae4,暂无
松江,馅(餡),白,ghae4(ɦɛ²²),ghae4,暂无
松江,陷(陷),白,ghae6(ɦɛ¹³),ghae6,暂无
松江,雁(雁),白，又,ghae6(ɦɛ¹³),ghae6,暂无
松江,欸(欸),叹词，表应答,ae1(ɛ⁵³),ae1,暂无
松江,欸(欸),[空],ae5(ɛ³⁵),ae5,暂无
松江,晏(晏),晚,ae5(ɛ³⁵),ae5,暂无
松江,街(街),文,ciae1(ciɛ⁵³),ciae1,暂无
松江,监(監),文,ciae1(ciɛ⁵³),ciae1,暂无
松江,奸(姦),文,ciae1(ciɛ⁵³),ciae1,暂无
松江,间(間),文,ciae1(ciɛ⁵³),ciae1,暂无
松江,减(減),文,ciae3(ciɛ⁴⁴),ciae3,暂无
松江,碱(鹼),文,ciae3(ciɛ⁴⁴),ciae3,暂无
松江,拣(揀),文,ciae3(ciɛ⁴⁴),ciae3,暂无
松江,柬(柬),文,ciae3(ciɛ⁴⁴),ciae3,暂无
松江,涧(澗),文,ciae3(ciɛ⁴⁴),ciae3,暂无
松江,裥(襉),文,ciae3(ciɛ⁴⁴),ciae3,暂无
松江,鉴(鑑),文,ciae5(ciɛ³⁵),ciae5,暂无
松江,监(監),文,ciae5(ciɛ³⁵),ciae5,暂无
松江,间(間),文,ciae5(ciɛ³⁵),ciae5,暂无
松江,谏(諫),[空],ciae5(ciɛ³⁵),ciae5,暂无
松江,舰(艦),文,chiae1(cʰiɛ⁵³),chiae1,暂无
松江,槛(檻),文,chiae1(cʰiɛ⁵³),chiae1,暂无
松江,铅(鉛),文,chiae1(cʰiɛ⁵³),chiae1,暂无
松江,槛(檻),文,chiae3(cʰiɛ⁴⁴),chiae3,暂无
松江,嵌(嵌),文,chiae5(cʰiɛ³⁵),chiae5,暂无
松江,念(念),[空],gniae6(ɲiɛ¹³),gniae6,暂无
松江,廿(廿),二十,gniae6(ɲiɛ¹³),gniae6,暂无
松江,蟹(蟹),文,shiae3(çiɛ⁴⁴),shiae3,暂无
松江,骇(駭),文,shiae5(çiɛ³⁵),shiae5,暂无
松江,解(解),文,shiae5(çiɛ³⁵),shiae5,暂无
松江,懈(懈),文，又,shiae5(çiɛ³⁵),shiae5,暂无
松江,苋(莧),文,shiae5(çiɛ³⁵),shiae5,暂无
松江,谐(諧),[空],yae2(ɦiɛ³¹),yae2,暂无
松江,偕(偕),[空],yae2(ɦiɛ³¹),yae2,暂无
松江,咸(咸),[空],yae2(ɦiɛ³¹),yae2,暂无
松江,闲(閒),文,yae2(ɦiɛ³¹),yae2,暂无
松江,炎(炎),文,yae2(ɦiɛ³¹),yae2,暂无
松江,野(野),文,yae4(ɦiɛ²²),yae4,暂无
松江,限(限),文,yae4(ɦiɛ²²),yae4,暂无
松江,眼(眼),文,yae4(ɦiɛ²²),yae4,暂无
松江,械(械),[空],yae6(ɦiɛ¹³),yae6,暂无
松江,懈(懈),文,yae6(ɦiɛ¹³),yae6,暂无
松江,颜(顏),文,yae6(ɦiɛ¹³),yae6,暂无
松江,陷(陷),文,yae6(ɦiɛ¹³),yae6,暂无
松江,焰(焰),[空],yae6(ɦiɛ¹³),yae6,暂无
松江,艳(艷),[空],yae6(ɦiɛ¹³),yae6,暂无
松江,雁(雁),文,yae6(ɦiɛ¹³),yae6,暂无
松江,也(也),文,iae3(iɛ⁴⁴),iae3,暂无
松江,夜(夜),文,iae5(iɛ³⁵),iae5,暂无
松江,乖(乖),文,kuae1(kuɛ⁵³),kuae1,暂无
松江,关(關),[空],kuae1(kuɛ⁵³),kuae1,暂无
松江,鳏(鰥),[空],kuae1(kuɛ⁵³),kuae1,暂无
松江,纶(綸),~巾,kuae1(kuɛ⁵³),kuae1,暂无
松江,拐(拐),文,kuae3(kuɛ⁴⁴),kuae3,暂无
松江,怪(怪),文,kuae5(kuɛ³⁵),kuae5,暂无
松江,惯(慣),[空],kuae5(kuɛ³⁵),kuae5,暂无
松江,筷(筷),[空],khuae3(kʰuɛ⁴⁴),khuae3,暂无
松江,蒯(蒯),文,khuae5(kʰuɛ³⁵),khuae5,暂无
松江,快(快),文,khuae5(kʰuɛ³⁵),khuae5,暂无
松江,环(環),[空],guae2(ɡuɛ³¹),guae2,暂无
松江,寰(寰),[空],guae2(ɡuɛ³¹),guae2,暂无
松江,掼(摜),[空],guae6(ɡuɛ¹³),guae6,暂无
松江,弯(彎),[空],uae1(uɛ⁵³),uae1,暂无
松江,湾(灣),[空],uae1(uɛ⁵³),uae1,暂无
松江,範(範),文,uae3(uɛ⁴⁴),uae3,暂无
松江,犯(犯),文,uae3(uɛ⁴⁴),uae3,暂无
松江,玩(玩),文,uae3(uɛ⁴⁴),uae3,暂无
松江,幻(幻),[空],uae3(uɛ⁴⁴),uae3,暂无
松江,晚(晚),文,uae3(uɛ⁴⁴),uae3,暂无
松江,挽(挽),[空],uae3(uɛ⁴⁴),uae3,暂无
松江,宦(宦),[空],uae5(uɛ³⁵),uae5,暂无
松江,杯(杯),[空],pe1(ɓe⁵³),pe1,暂无
松江,卑(卑),[空],pe1(ɓe⁵³),pe1,暂无
松江,碑(碑),[空],pe1(ɓe⁵³),pe1,暂无
松江,悲(悲),[空],pe1(ɓe⁵³),pe1,暂无
松江,搬(搬),[空],pe1(ɓe⁵³),pe1,暂无
松江,彼(彼),文,pe3(ɓe⁴⁴),pe3,暂无
松江,贝(貝),[空],pe5(ɓe³⁵),pe5,暂无
松江,背(背),[空],pe5(ɓe³⁵),pe5,暂无
松江,辈(輩),[空],pe5(ɓe³⁵),pe5,暂无
松江,半(半),[空],pe5(ɓe³⁵),pe5,暂无
松江,胚(胚),[空],phe1(pʰe⁵³),phe1,暂无
松江,坯(坯),[空],phe1(pʰe⁵³),phe1,暂无
松江,丕(丕),[空],phe1(pʰe⁵³),phe1,暂无
松江,邳(邳),[空],phe1(pʰe⁵³),phe1,暂无
松江,呸(呸),[空],phe1(pʰe⁵³),phe1,暂无
松江,潘(潘),[空],phe1(pʰe⁵³),phe1,暂无
松江,拚(拚),[空],phe1(pʰe⁵³),phe1,暂无
松江,沛(沛),[空],phe5(pʰe³⁵),phe5,暂无
松江,配(配),[空],phe5(pʰe³⁵),phe5,暂无
松江,辔(轡),[空],phe5(pʰe³⁵),phe5,暂无
松江,判(判),[空],phe5(pʰe³⁵),phe5,暂无
松江,陪(陪),[空],be2(be³¹),be2,暂无
松江,培(培),[空],be2(be³¹),be2,暂无
松江,赔(賠),[空],be2(be³¹),be2,暂无
松江,裴(裴),[空],be2(be³¹),be2,暂无
松江,盘(盤),[空],be2(be³¹),be2,暂无
松江,瀊(瀊),溢出,be2(be³¹),be2,暂无
松江,倍(倍),[空],be4(be²²),be4,暂无
松江,蓓(蓓),[空],be4(be²²),be4,暂无
松江,拌(拌),[空],be4(be²²),be4,暂无
松江,佩(佩),[空],be6(be¹³),be6,暂无
松江,焙(焙),[空],be6(be¹³),be6,暂无
松江,俾(俾),[空],be6(be¹³),be6,暂无
松江,被(被),文,be6(be¹³),be6,暂无
松江,备(備),[空],be6(be¹³),be6,暂无
松江,惫(憊),[空],be6(be¹³),be6,暂无
松江,痱(痱),白,be6(be¹³),be6,暂无
松江,伴(伴),[空],be6(be¹³),be6,暂无
松江,畔(畔),[空],be6(be¹³),be6,暂无
松江,叛(叛),[空],be6(be¹³),be6,暂无
松江,埋(埋),文,me1(me⁵³),me1,暂无
松江,每(每),[空],me1(me⁵³),me1,暂无
松江,鞔(鞔),在鞋帮上缝白布,me1(me⁵³),me1,暂无
松江,梅(梅),[空],me2(me³¹),me2,暂无
松江,煤(煤),[空],me2(me³¹),me2,暂无
松江,媒(媒),[空],me2(me³¹),me2,暂无
松江,枚(枚),[空],me2(me³¹),me2,暂无
松江,玫(玫),[空],me2(me³¹),me2,暂无
松江,霉(黴),[空],me2(me³¹),me2,暂无
松江,谜(謎),[空],me2(me³¹),me2,暂无
松江,眉(眉),文,me2(me³¹),me2,暂无
松江,楣(楣),[空],me2(me³¹),me2,暂无
松江,黴(黴),[空],me2(me³¹),me2,暂无
松江,瞒(瞞),[空],me2(me³¹),me2,暂无
松江,鳗(鰻),[空],me2(me³¹),me2,暂无
松江,䓣(䓣),[空],me2(me³¹),me2,暂无
松江,鞔(鞔),~裆裤,me2(me³¹),me2,暂无
松江,美(美),[空],me3(me⁴⁴),me3,暂无
松江,满(滿),[空],me4(me²²),me4,暂无
松江,妹(妹),又,me5(me³⁵),me5,暂无
松江,妹(妹),[空],me6(me¹³),me6,暂无
松江,昧(昧),[空],me6(me¹³),me6,暂无
松江,袂(袂),[空],me6(me¹³),me6,暂无
松江,媚(媚),[空],me6(me¹³),me6,暂无
松江,寐(寐),[空],me6(me¹³),me6,暂无
松江,灰(灰),[空],fe1(ɸe⁵³),fe1,暂无
松江,恢(恢),文,fe1(ɸe⁵³),fe1,暂无
松江,诙(詼),[空],fe1(ɸe⁵³),fe1,暂无
松江,徽(徽),[空],fe1(ɸe⁵³),fe1,暂无
松江,麾(麾),[空],fe1(ɸe⁵³),fe1,暂无
松江,挥(揮),[空],fe1(ɸe⁵³),fe1,暂无
松江,辉(輝),[空],fe1(ɸe⁵³),fe1,暂无
松江,欢(歡),[空],fe1(ɸe⁵³),fe1,暂无
松江,獾(獾),文,fe1(ɸe⁵³),fe1,暂无
松江,麾(麾),又,fe3(ɸe⁴⁴),fe3,暂无
松江,贿(賄),[空],fe5(ɸe³⁵),fe5,暂无
松江,悔(悔),[空],fe5(ɸe³⁵),fe5,暂无
松江,晦(晦),[空],fe5(ɸe³⁵),fe5,暂无
松江,毁(毀),[空],fe5(ɸe³⁵),fe5,暂无
松江,回(回),[空],ve2(βe³¹),ve2,暂无
松江,茴(茴),[空],ve2(βe³¹),ve2,暂无
松江,桅(桅),文,ve2(βe³¹),ve2,暂无
松江,违(違),[空],ve2(βe³¹),ve2,暂无
松江,围(圍),文,ve2(βe³¹),ve2,暂无
松江,韦(韋),[空],ve2(βe³¹),ve2,暂无
松江,苇(葦),[空],ve2(βe³¹),ve2,暂无
松江,为(為),作~,ve2(βe³¹),ve2,暂无
松江,完(完),[空],ve2(βe³¹),ve2,暂无
松江,丸(丸),[空],ve2(βe³¹),ve2,暂无
松江,纨(紈),[空],ve2(βe³¹),ve2,暂无
松江,纬(緯),又,ve4(βe²²),ve4,暂无
松江,汇(匯),[空],ve6(βe¹³),ve6,暂无
松江,会(會),开~,ve6(βe¹³),ve6,暂无
松江,绘(繪),[空],ve6(βe¹³),ve6,暂无
松江,卫(衛),[空],ve6(βe¹³),ve6,暂无
松江,惠(惠),[空],ve6(βe¹³),ve6,暂无
松江,慧(慧),[空],ve6(βe¹³),ve6,暂无
松江,位(位),[空],ve6(βe¹³),ve6,暂无
松江,伪(偽),文,ve6(βe¹³),ve6,暂无
松江,伟(偉),[空],ve6(βe¹³),ve6,暂无
松江,纬(緯),[空],ve6(βe¹³),ve6,暂无
松江,为(為),~啥,ve6(βe¹³),ve6,暂无
松江,胃(胃),[空],ve6(βe¹³),ve6,暂无
松江,谓(謂),[空],ve6(βe¹³),ve6,暂无
松江,蝟(蝟),[空],ve6(βe¹³),ve6,暂无
松江,换(換),[空],ve6(βe¹³),ve6,暂无
松江,呆(呆),文,te1(ɗe⁵³),te1,暂无
松江,歹(歹),[空],te1(ɗe⁵³),te1,暂无
松江,堆(堆),[空],te1(ɗe⁵³),te1,暂无
松江,聃(聃),[空],te1(ɗe⁵³),te1,暂无
松江,𠡒(𠡒),拉扯,te3(ɗe⁴⁴),te3,暂无
松江,戴(戴),姓,te2(ɗe³¹),te2,暂无
松江,对(對),[空],te2(ɗe³¹),te2,暂无
松江,胎(胎),[空],the1(tʰe⁵³),the1,暂无
松江,台(台),~甫,the1(tʰe⁵³),the1,暂无
松江,苔(苔),舌~,the1(tʰe⁵³),the1,暂无
松江,推(推),[空],the1(tʰe⁵³),the1,暂无
松江,贪(貪),[空],the1(tʰe⁵³),the1,暂无
松江,煺(煺),去毛,the1(tʰe⁵³),the1,暂无
松江,腿(腿),[空],the3(tʰe⁴⁴),the3,暂无
松江,态(態),[空],the5(tʰe³⁵),the5,暂无
松江,退(退),[空],the5(tʰe³⁵),the5,暂无
松江,探(探),[空],the5(tʰe³⁵),the5,暂无
松江,褪(褪),文,the5(tʰe³⁵),the5,暂无
松江,台(臺),~湾,de2(de³¹),de2,暂无
松江,枱(枱),[空],de2(de³¹),de2,暂无
松江,抬(抬),[空],de2(de³¹),de2,暂无
松江,苔(苔),青泥~,de2(de³¹),de2,暂无
松江,颓(頹),[空],de2(de³¹),de2,暂无
松江,潭(潭),白龙~,de2(de³¹),de2,暂无
松江,罎(罎),[空],de2(de³¹),de2,暂无
松江,惮(憚),[空],de2(de³¹),de2,暂无
松江,待(待),[空],de4(de²²),de4,暂无
松江,待(待),~媒：宴请媒人,de6(de¹³),de6,暂无
松江,殆(殆),[空],de6(de¹³),de6,暂无
松江,怠(怠),[空],de6(de¹³),de6,暂无
松江,代(代),[空],de6(de¹³),de6,暂无
松江,袋(袋),[空],de6(de¹³),de6,暂无
松江,贷(貸),[空],de6(de¹³),de6,暂无
松江,绐(紿),失去弹性而下垂,de6(de¹³),de6,暂无
松江,逮(逮),文,de6(de¹³),de6,暂无
松江,队(隊),[空],de6(de¹³),de6,暂无
松江,兑(兌),[空],de6(de¹³),de6,暂无
松江,喃(喃),[空],ne1(ne⁵³),ne1,暂无
松江,男(男),[空],ne2(ne³¹),ne2,暂无
松江,南(南),[空],ne2(ne³¹),ne2,暂无
松江,楠(楠),[空],ne2(ne³¹),ne2,暂无
松江,乃(乃),[空],ne3(ne⁴⁴),ne3,暂无
松江,赧(赧),[空],ne3(ne⁴⁴),ne3,暂无
松江,奈(奈),文,ne6(ne¹³),ne6,暂无
松江,耐(耐),[空],ne6(ne¹³),ne6,暂无
松江,内(內),[空],ne6(ne¹³),ne6,暂无
松江,累(累),~堆：累赘,le1(le⁵³),le1,暂无
松江,雷(雷),[空],le2(le³¹),le2,暂无
松江,蕾(蕾),[空],le2(le³¹),le2,暂无
松江,擂(擂),[空],le2(le³¹),le2,暂无
松江,累(累),~计,le3(le⁴⁴),le3,暂无
松江,垒(壘),[空],le4(le²²),le4,暂无
松江,儡(儡),[空],le6(le¹³),le6,暂无
松江,癗(癗),[空],le6(le¹³),le6,暂无
松江,磊(磊),[空],le6(le¹³),le6,暂无
松江,累(累),连~,le6(le¹³),le6,暂无
松江,类(類),[空],le6(le¹³),le6,暂无
松江,泪(淚),文,le6(le¹³),le6,暂无
松江,栽(栽),[空],tse1(ʦe⁵³),tse1,暂无
松江,灾(災),[空],tse1(ʦe⁵³),tse1,暂无
松江,沾(沾),[空],tse1(ʦe⁵³),tse1,暂无
松江,霑(霑),[空],tse1(ʦe⁵³),tse1,暂无
松江,瞻(瞻),[空],tse1(ʦe⁵³),tse1,暂无
松江,占(占),~卜,tse1(ʦe⁵³),tse1,暂无
松江,旃(旃),[空],tse1(ʦe⁵³),tse1,暂无
松江,专(專),[空],tse1(ʦe⁵³),tse1,暂无
松江,砖(磚),[空],tse1(ʦe⁵³),tse1,暂无
松江,者(者),次：一~,tse3(ʦe⁴⁴),tse3,暂无
松江,簪(簪),[空],tse3(ʦe⁴⁴),tse3,暂无
松江,转(轉),[空],tse3(ʦe⁴⁴),tse3,暂无
松江,宰(宰),[空],tse5(ʦe³⁵),tse5,暂无
松江,载(載),[空],tse5(ʦe³⁵),tse5,暂无
松江,再(再),[空],tse5(ʦe³⁵),tse5,暂无
松江,寨(寨),[空],tse5(ʦe³⁵),tse5,暂无
松江,佔(佔),文,tse5(ʦe³⁵),tse5,暂无
松江,展(展),[空],tse5(ʦe³⁵),tse5,暂无
松江,战(戰),[空],tse5(ʦe³⁵),tse5,暂无
松江,转(轉),~圈,tse5(ʦe³⁵),tse5,暂无
松江,参(參),~加,tshe1(ʦʰe⁵³),tshe1,暂无
松江,川(川),[空],tshe1(ʦʰe⁵³),tshe1,暂无
松江,穿(穿),[空],tshe1(ʦʰe⁵³),tshe1,暂无
松江,采(採),[空],tshe3(ʦʰe⁴⁴),tshe3,暂无
松江,彩(彩),[空],tshe3(ʦʰe⁴⁴),tshe3,暂无
松江,睬(睬),[空],tshe3(ʦʰe⁴⁴),tshe3,暂无
松江,踩(踩),[空],tshe3(ʦʰe⁴⁴),tshe3,暂无
松江,惨(慘),[空],tshe3(ʦʰe⁴⁴),tshe3,暂无
松江,舛(舛),[空],tshe3(ʦʰe⁴⁴),tshe3,暂无
松江,菜(菜),[空],tshe5(ʦʰe³⁵),tshe5,暂无
松江,颤(顫),[空],tshe5(ʦʰe³⁵),tshe5,暂无
松江,串(串),[空],tshe5(ʦʰe³⁵),tshe5,暂无
松江,奢(奢),[空],se1(se⁵³),se1,暂无
松江,腮(腮),[空],se1(se⁵³),se1,暂无
松江,鳃(鰓),[空],se1(se⁵³),se1,暂无
松江,衰(衰),[空],se1(se⁵³),se1,暂无
松江,闩(閂),[空],se1(se⁵³),se1,暂无
松江,栓(栓),[空],se1(se⁵³),se1,暂无
松江,洒(灑),文,se3(se⁴⁴),se3,暂无
松江,捨(捨),文,se3(se⁴⁴),se3,暂无
松江,陕(陝),[空],se3(se⁴⁴),se3,暂无
松江,闪(閃),[空],se3(se⁴⁴),se3,暂无
松江,舍(舍),暗~：隐蔽,se5(se³⁵),se5,暂无
松江,晒(曬),文,se5(se³⁵),se5,暂无
松江,赛(賽),又,se5(se³⁵),se5,暂无
松江,寨(寨),[空],se5(se³⁵),se5,暂无
松江,碎(碎),[空],se5(se³⁵),se5,暂无
松江,帅(帥),[空],se5(se³⁵),se5,暂无
松江,搧(搧),[空],se5(se³⁵),se5,暂无
松江,扇(扇),[空],se5(se³⁵),se5,暂无
松江,才(才),[空],ze2(ze³¹),ze2,暂无
松江,财(財),[空],ze2(ze³¹),ze2,暂无
松江,材(材),[空],ze2(ze³¹),ze2,暂无
松江,裁(裁),[空],ze2(ze³¹),ze2,暂无
松江,豺(豺),文,ze2(ze³¹),ze2,暂无
松江,蚕(蠶),[空],ze2(ze³¹),ze2,暂无
松江,蟾(蟾),[空],ze2(ze³¹),ze2,暂无
松江,缠(纏),[空],ze2(ze³¹),ze2,暂无
松江,擅(擅),[空],ze2(ze³¹),ze2,暂无
松江,蝉(蟬),[空],ze2(ze³¹),ze2,暂无
松江,禅(禪),[空],ze2(ze³¹),ze2,暂无
松江,阐(闡),[空],ze2(ze³¹),ze2,暂无
松江,单(單),姓,ze2(ze³¹),ze2,暂无
松江,然(然),[空],ze2(ze³¹),ze2,暂无
松江,燃(燃),[空],ze2(ze³¹),ze2,暂无
松江,传(傳),~达,ze2(ze³¹),ze2,暂无
松江,椽(椽),[空],ze2(ze³¹),ze2,暂无
松江,船(船),[空],ze2(ze³¹),ze2,暂无
松江,在(在),又,ze4(ze²²),ze4,暂无
松江,罪(罪),~过,ze4(ze²²),ze4,暂无
松江,染(染),文,ze4(ze²²),ze4,暂无
松江,冉(冉),[空],ze4(ze²²),ze4,暂无
松江,缠(纏),纠缠,ze4(ze²²),ze4,暂无
松江,善(善),[空],ze4(ze²²),ze4,暂无
松江,鳝(鱔),[空],ze4(ze²²),ze4,暂无
松江,蟮(蟮),[空],ze4(ze²²),ze4,暂无
松江,墡(墡),一种白色的土,ze4(ze²²),ze4,暂无
松江,篆(篆),[空],ze4(ze²²),ze4,暂无
松江,射(射),文,ze6(ze¹³),ze6,暂无
松江,在(在),[空],ze6(ze¹³),ze6,暂无
松江,膳(膳),[空],ze6(ze¹³),ze6,暂无
松江,缮(繕),[空],ze6(ze¹³),ze6,暂无
松江,传(傳),~记,ze6(ze¹³),ze6,暂无
松江,居(居),拥有财产,ke1(ke⁵³),ke1,暂无
松江,该(該),[空],ke1(ke⁵³),ke1,暂无
松江,赅(賅),[空],ke1(ke⁵³),ke1,暂无
松江,甘(甘),[空],ke1(ke⁵³),ke1,暂无
松江,泔(泔),[空],ke1(ke⁵³),ke1,暂无
松江,柑(柑),[空],ke1(ke⁵³),ke1,暂无
松江,疳(疳),[空],ke1(ke⁵³),ke1,暂无
松江,改(改),[空],ke3(ke⁴⁴),ke3,暂无
松江,敢(敢),[空],ke3(ke⁴⁴),ke3,暂无
松江,感(感),[空],ke3(ke⁴⁴),ke3,暂无
松江,锯(鋸),[空],ke5(ke³⁵),ke5,暂无
松江,概(概),[空],ke5(ke³⁵),ke5,暂无
松江,溉(溉),[空],ke5(ke³⁵),ke5,暂无
松江,盖(蓋),[空],ke5(ke³⁵),ke5,暂无
松江,丐(丐),[空],ke5(ke³⁵),ke5,暂无
松江,寄(寄),~信,ke5(ke³⁵),ke5,暂无
松江,感(感),又,ke5(ke³⁵),ke5,暂无
松江,开(開),[空],khe1(kʰe⁵³),khe1,暂无
松江,龛(龕),[空],khe1(kʰe⁵³),khe1,暂无
松江,堪(堪),[空],khe1(kʰe⁵³),khe1,暂无
松江,勘(勘),[空],khe1(kʰe⁵³),khe1,暂无
松江,凯(凱),[空],khe3(kʰe⁴⁴),khe3,暂无
松江,恺(愷),[空],khe3(kʰe⁴⁴),khe3,暂无
松江,忾(愾),[空],khe3(kʰe⁴⁴),khe3,暂无
松江,砍(砍),[空],khe3(kʰe⁴⁴),khe3,暂无
松江,坎(坎),[空],khe3(kʰe⁴⁴),khe3,暂无
松江,瞰(瞰),[空],khe3(kʰe⁴⁴),khe3,暂无
松江,慨(慨),[空],khe5(kʰe³⁵),khe5,暂无
松江,勘(勘),又,khe5(kʰe³⁵),khe5,暂无
松江,阚(闞),[空],khe5(kʰe³⁵),khe5,暂无
松江,戤(戤),[空],ge6(ɡe¹³),ge6,暂无
松江,隑(隑),倚靠,ge6(ɡe¹³),ge6,暂无
松江,崖(崖),白,nge1(ŋe⁵³),nge1,暂无
松江,岩(岩),[空],nge1(ŋe⁵³),nge1,暂无
松江,癌(癌),[空],nge1(ŋe⁵³),nge1,暂无
松江,衔(銜),头~,nge2(ŋe³¹),nge2,暂无
松江,俨(儼),[空],nge4(ŋe²²),nge4,暂无
松江,碍(礙),[空],nge6(ŋe¹³),nge6,暂无
松江,艾(艾),[空],nge6(ŋe¹³),nge6,暂无
松江,虚(虛),浮肿,he1(he⁵³),he1,暂无
松江,蚶(蚶),[空],he1(he⁵³),he1,暂无
松江,酣(酣),[空],he1(he⁵³),he1,暂无
松江,憨(憨),[空],he1(he⁵³),he1,暂无
松江,顸(頇),[空],he1(he⁵³),he1,暂无
松江,鼾(鼾),[空],he1(he⁵³),he1,暂无
松江,许(許),承诺,he3(he⁴⁴),he3,暂无
松江,海(海),[空],he3(he⁴⁴),he3,暂无
松江,醢(醢),[空],he3(he⁴⁴),he3,暂无
松江,孩(孩),[空],ghe2(ɦe³¹),ghe2,暂无
松江,含(含),[空],ghe2(ɦe³¹),ghe2,暂无
松江,亥(亥),[空],ghe4(ɦe²²),ghe4,暂无
松江,害(害),[空],ghe6(ɦe¹³),ghe6,暂无
松江,撼(撼),[空],ghe6(ɦe¹³),ghe6,暂无
松江,憾(憾),[空],ghe6(ɦe¹³),ghe6,暂无
松江,哀(哀),[空],e1(e⁵³),e1,暂无
松江,埃(埃),[空],e1(e⁵³),e1,暂无
松江,挨(挨),文,e1(e⁵³),e1,暂无
松江,唉(唉),[空],e1(e⁵³),e1,暂无
松江,庵(庵),[空],e1(e⁵³),e1,暂无
松江,鹌(鵪),[空],e1(e⁵³),e1,暂无
松江,暧(曖),[空],e3(e⁴⁴),e3,暂无
松江,揞(揞),[空],e3(e⁴⁴),e3,暂无
松江,爱(愛),[空],e5(e³⁵),e5,暂无
松江,蔼(藹),[空],e5(e³⁵),e5,暂无
松江,霭(靄),[空],e5(e³⁵),e5,暂无
松江,暗(暗),[空],e5(e³⁵),e5,暂无
松江,谙(諳),[空],e5(e³⁵),e5,暂无
松江,写(寫),文,sie3(sie⁴⁴),sie3,暂无
松江,泻(瀉),文,sie5(sie³⁵),sie5,暂无
松江,谢(謝),文,zie6(zie¹³),zie6,暂无
松江,圭(圭),[空],kue1(kue⁵³),kue1,暂无
松江,闺(閨),[空],kue1(kue⁵³),kue1,暂无
松江,规(規),[空],kue1(kue⁵³),kue1,暂无
松江,龟(龜),文,kue1(kue⁵³),kue1,暂无
松江,归(歸),文,kue1(kue⁵³),kue1,暂无
松江,晷(晷),[空],kue1(kue⁵³),kue1,暂无
松江,官(官),[空],kue1(kue⁵³),kue1,暂无
松江,棺(棺),[空],kue1(kue⁵³),kue1,暂无
松江,倌(倌),[空],kue1(kue⁵³),kue1,暂无
松江,观(觀),参~,kue1(kue⁵³),kue1,暂无
松江,冠(冠),衣~,kue1(kue⁵³),kue1,暂无
松江,馃(餜),油煠~：油条,kue3(kue⁴⁴),kue3,暂无
松江,诡(詭),[空],kue3(kue⁴⁴),kue3,暂无
松江,轨(軌),[空],kue3(kue⁴⁴),kue3,暂无
松江,匦(匭),[空],kue3(kue⁴⁴),kue3,暂无
松江,晷(晷),[空],kue3(kue⁴⁴),kue3,暂无
松江,癸(癸),[空],kue3(kue⁴⁴),kue3,暂无
松江,鬼(鬼),文,kue3(kue⁴⁴),kue3,暂无
松江,管(管),[空],kue3(kue⁴⁴),kue3,暂无
松江,会(會),~计,kue5(kue³⁵),kue5,暂无
松江,桧(檜),[空],kue5(kue³⁵),kue5,暂无
松江,鳜(鱖),文,kue5(kue³⁵),kue5,暂无
松江,桂(桂),[空],kue5(kue³⁵),kue5,暂无
松江,贵(貴),文,kue5(kue³⁵),kue5,暂无
松江,瑰(瑰),[空],kue5(kue³⁵),kue5,暂无
松江,馆(館),[空],kue5(kue³⁵),kue5,暂无
松江,贯(貫),[空],kue5(kue³⁵),kue5,暂无
松江,观(觀),道~,kue5(kue³⁵),kue5,暂无
松江,冠(冠),~军,kue5(kue³⁵),kue5,暂无
松江,灌(灌),[空],kue5(kue³⁵),kue5,暂无
松江,罐(罐),[空],kue5(kue³⁵),kue5,暂无
松江,盥(盥),[空],kue5(kue³⁵),kue5,暂无
松江,恢(恢),白,khue1(kʰue⁵³),khue1,暂无
松江,盔(盔),[空],khue1(kʰue⁵³),khue1,暂无
松江,魁(魁),[空],khue1(kʰue⁵³),khue1,暂无
松江,奎(奎),[空],khue1(kʰue⁵³),khue1,暂无
松江,亏(虧),文,khue1(kʰue⁵³),khue1,暂无
松江,宽(寬),[空],khue1(kʰue⁵³),khue1,暂无
松江,傀(傀),[空],khue3(kʰue⁴⁴),khue3,暂无
松江,会(會),~计，又,khue3(kʰue⁴⁴),khue3,暂无
松江,刽(劊),[空],khue3(kʰue⁴⁴),khue3,暂无
松江,款(款),[空],khue3(kʰue⁴⁴),khue3,暂无
松江,块(塊),[空],khue5(kʰue³⁵),khue5,暂无
松江,窥(窺),[空],khue5(kʰue³⁵),khue5,暂无
松江,葵(葵),[空],gue2(ɡue³¹),gue2,暂无
松江,揆(揆),[空],gue2(ɡue³¹),gue2,暂无
松江,逵(逵),[空],gue2(ɡue³¹),gue2,暂无
松江,馗(馗),文,gue2(ɡue³¹),gue2,暂无
松江,夔(夔),姓,gue2(ɡue³¹),gue2,暂无
松江,跪(跪),文,gue4(ɡue²²),gue4,暂无
松江,桧(檜),又,gue6(ɡue¹³),gue6,暂无
松江,愧(愧),[空],gue6(ɡue¹³),gue6,暂无
松江,溃(潰),[空],gue6(ɡue¹³),gue6,暂无
松江,馈(饋),[空],gue6(ɡue¹³),gue6,暂无
松江,逵(逵),又,gue6(ɡue¹³),gue6,暂无
松江,柜(櫃),文,gue6(ɡue¹³),gue6,暂无
松江,桅(桅),白,ngue2(ŋue³¹),ngue2,暂无
松江,危(危),[空],ngue2(ŋue³¹),ngue2,暂无
松江,巍(巍),[空],ngue2(ŋue³¹),ngue2,暂无
松江,魏(魏),[空],ngue6(ŋue¹³),ngue6,暂无
松江,伪(偽),白,ngue6(ŋue¹³),ngue6,暂无
松江,煨(煨),[空],ue1(ue⁵³),ue1,暂无
松江,偎(偎),[空],ue1(ue⁵³),ue1,暂无
松江,烩(燴),[空],ue1(ue⁵³),ue1,暂无
松江,萎(萎),[空],ue1(ue⁵³),ue1,暂无
松江,威(威),[空],ue1(ue⁵³),ue1,暂无
松江,萎(萎),又,ue3(ue⁴⁴),ue3,暂无
松江,委(委),[空],ue3(ue⁴⁴),ue3,暂无
松江,缓(緩),[空],ue3(ue⁴⁴),ue3,暂无
松江,皖(皖),[空],ue3(ue⁴⁴),ue3,暂无
松江,豌(豌),[空],ue3(ue⁴⁴),ue3,暂无
松江,碗(碗),[空],ue3(ue⁴⁴),ue3,暂无
松江,婉(婉),[空],ue3(ue⁴⁴),ue3,暂无
松江,惋(惋),[空],ue3(ue⁴⁴),ue3,暂无
松江,腕(腕),[空],ue3(ue⁴⁴),ue3,暂无
松江,会(會),~不~,ue5(ue³⁵),ue5,暂无
松江,秽(穢),[空],ue5(ue³⁵),ue5,暂无
松江,彗(彗),[空],ue5(ue³⁵),ue5,暂无
松江,喂(餵),~饭，文,ue5(ue³⁵),ue5,暂无
松江,畏(畏),[空],ue5(ue³⁵),ue5,暂无
松江,慰(慰),[空],ue5(ue³⁵),ue5,暂无
松江,端(端),[空],toe1(ɗø⁵³),toe1,暂无
松江,掸(撣),[空],toe3(ɗø⁴⁴),toe3,暂无
松江,短(短),[空],toe3(ɗø⁴⁴),toe3,暂无
松江,断(斷),决~,toe5(ɗø³⁵),toe5,暂无
松江,锻(鍛),[空],toe5(ɗø³⁵),toe5,暂无
松江,碫(碫),[空],toe5(ɗø³⁵),toe5,暂无
松江,簖(簖),[空],toe5(ɗø³⁵),toe5,暂无
松江,湍(湍),[空],thoe1(tʰø⁵³),thoe1,暂无
松江,煓(煓),[空],thoe1(tʰø⁵³),thoe1,暂无
松江,蜕(蛻),[空],thoe5(tʰø³⁵),thoe5,暂无
松江,褪(褪),[空],thoe5(tʰø³⁵),thoe5,暂无
松江,团(團),[空],doe2(dø³¹),doe2,暂无
松江,糰(糰),[空],doe2(dø³¹),doe2,暂无
松江,断(斷),~绝,doe4(dø²²),doe4,暂无
松江,段(段),姓,doe4(dø²²),doe4,暂无
松江,段(段),一~,doe6(dø¹³),doe6,暂无
松江,缎(緞),[空],doe6(dø¹³),doe6,暂无
松江,囡(囡),昵称孩子,noe1(nø⁵³),noe1,暂无
松江,暖(暖),[空],noe4(nø²²),noe4,暂无
松江,囡(囡),小孩儿,noe4(nø²²),noe4,暂无
松江,囡(囡),女儿,noe6(nø¹³),noe6,暂无
松江,岚(嵐),[空],loe2(lø³¹),loe2,暂无
松江,圞(圞),[空],loe2(lø³¹),loe2,暂无
松江,鸾(鸞),[空],loe2(lø³¹),loe2,暂无
松江,峦(巒),[空],loe2(lø³¹),loe2,暂无
松江,銮(鑾),[空],loe2(lø³¹),loe2,暂无
松江,栾(欒),[空],loe2(lø³¹),loe2,暂无
松江,滦(灤),[空],loe2(lø³¹),loe2,暂无
松江,挛(攣),[空],loe2(lø³¹),loe2,暂无
松江,恋(戀),又,loe2(lø³¹),loe2,暂无
松江,卵(卵),男阴,loe4(lø²²),loe4,暂无
松江,乱(亂),[空],loe6(lø¹³),loe6,暂无
松江,追(追),[空],tsoe1(ʦø⁵³),tsoe1,暂无
松江,锥(錐),文,tsoe1(ʦø⁵³),tsoe1,暂无
松江,钻(鑽),~洞,tsoe1(ʦø⁵³),tsoe1,暂无
松江,最(最),[空],tsoe3(ʦø⁴⁴),tsoe3,暂无
松江,嘴(嘴),文,tsoe3(ʦø⁴⁴),tsoe3,暂无
松江,攒(攢),[空],tsoe3(ʦø⁴⁴),tsoe3,暂无
松江,赘(贅),[空],tsoe5(ʦø³⁵),tsoe5,暂无
松江,缀(綴),[空],tsoe5(ʦø³⁵),tsoe5,暂无
松江,醉(醉),[空],tsoe5(ʦø³⁵),tsoe5,暂无
松江,纂(纂),[空],tsoe5(ʦø³⁵),tsoe5,暂无
松江,钻(鑽),鞋~,tsoe5(ʦø³⁵),tsoe5,暂无
松江,猜(猜),[空],tshoe1(ʦʰø⁵³),tshoe1,暂无
松江,崔(崔),[空],tshoe1(ʦʰø⁵³),tshoe1,暂无
松江,催(催),[空],tshoe1(ʦʰø⁵³),tshoe1,暂无
松江,摧(摧),[空],tshoe1(ʦʰø⁵³),tshoe1,暂无
松江,璀(璀),[空],tshoe1(ʦʰø⁵³),tshoe1,暂无
松江,啐(啐),[空],tshoe1(ʦʰø⁵³),tshoe1,暂无
松江,吹(吹),文,tshoe1(ʦʰø⁵³),tshoe1,暂无
松江,炊(炊),文,tshoe1(ʦʰø⁵³),tshoe1,暂无
松江,餐(餐),[空],tshoe1(ʦʰø⁵³),tshoe1,暂无
松江,汆(汆),[空],tshoe1(ʦʰø⁵³),tshoe1,暂无
松江,撺(攛),[空],tshoe1(ʦʰø⁵³),tshoe1,暂无
松江,䱗(䱗),~条：白条鱼,tshoe1(ʦʰø⁵³),tshoe1,暂无
松江,喘(喘),[空],tshoe3(ʦʰø⁴⁴),tshoe3,暂无
松江,脆(脆),[空],tshoe5(ʦʰø³⁵),tshoe5,暂无
松江,揣(揣),~度,tshoe5(ʦʰø³⁵),tshoe5,暂无
松江,翠(翠),[空],tshoe5(ʦʰø³⁵),tshoe5,暂无
松江,篡(篡),[空],tshoe5(ʦʰø³⁵),tshoe5,暂无
松江,窜(竄),[空],tshoe5(ʦʰø³⁵),tshoe5,暂无
松江,虽(雖),[空],soe1(sø⁵³),soe1,暂无
松江,糁(糝),饭~，饭粒,soe1(sø⁵³),soe1,暂无
松江,酸(酸),[空],soe1(sø⁵³),soe1,暂无
松江,绥(綏),[空],soe3(sø⁴⁴),soe3,暂无
松江,水(水),文,soe3(sø⁴⁴),soe3,暂无
松江,岁(歲),[空],soe5(sø³⁵),soe5,暂无
松江,祟(祟),[空],soe5(sø³⁵),soe5,暂无
松江,税(稅),[空],soe5(sø³⁵),soe5,暂无
松江,锐(銳),[空],soe5(sø³⁵),soe5,暂无
松江,蒜(蒜),[空],soe5(sø³⁵),soe5,暂无
松江,算(算),[空],soe5(sø³⁵),soe5,暂无
松江,说(說),游~,soe5(sø³⁵),soe5,暂无
松江,随(隨),[空],zoe2(zø³¹),zoe2,暂无
松江,隋(隋),[空],zoe2(zø³¹),zoe2,暂无
松江,垂(垂),[空],zoe2(zø³¹),zoe2,暂无
松江,锤(錘),[空],zoe2(zø³¹),zoe2,暂无
松江,槌(槌),[空],zoe2(zø³¹),zoe2,暂无
松江,谁(誰),[空],zoe2(zø³¹),zoe2,暂无
松江,罪(罪),犯~,zoe4(zø²²),zoe4,暂无
松江,芮(芮),[空],zoe6(zø¹³),zoe6,暂无
松江,睡(睡),[空],zoe6(zø¹³),zoe6,暂无
松江,瑞(瑞),[空],zoe6(zø¹³),zoe6,暂无
松江,蕊(蕊),文,zoe6(zø¹³),zoe6,暂无
松江,穗(穗),[空],zoe6(zø¹³),zoe6,暂无
松江,粹(粹),[空],zoe6(zø¹³),zoe6,暂无
松江,萃(萃),[空],zoe6(zø¹³),zoe6,暂无
松江,悴(悴),[空],zoe6(zø¹³),zoe6,暂无
松江,遂(遂),[空],zoe6(zø¹³),zoe6,暂无
松江,隧(隧),[空],zoe6(zø¹³),zoe6,暂无
松江,坠(墜),[空],zoe6(zø¹³),zoe6,暂无
松江,干(乾),~湿,koe1(kø⁵³),koe1,暂无
松江,干(干),天~,koe1(kø⁵³),koe1,暂无
松江,竿(竿),[空],koe1(kø⁵³),koe1,暂无
松江,肝(肝),[空],koe1(kø⁵³),koe1,暂无
松江,赶(趕),[空],koe3(kø⁴⁴),koe3,暂无
松江,杆(桿),[空],koe3(kø⁴⁴),koe3,暂无
松江,秆(稈),[空],koe3(kø⁴⁴),koe3,暂无
松江,擀(擀),[空],koe3(kø⁴⁴),koe3,暂无
松江,干(幹),~部,koe5(kø³⁵),koe5,暂无
松江,看(看),~守,khoe1(kʰø⁵³),khoe1,暂无
松江,刊(刊),[空],khoe1(kʰø⁵³),khoe1,暂无
松江,侃(侃),[空],khoe1(kʰø⁵³),khoe1,暂无
松江,侃(侃),[空],khoe3(kʰø⁴⁴),khoe3,暂无
松江,看(看),观~,khoe5(kʰø³⁵),khoe5,暂无
松江,岸(岸),[空],ngoe6(ŋø¹³),ngoe6,暂无
松江,揎(揎),[空],hoe1(hø⁵³),hoe1,暂无
松江,㧦(㧦),[空],hoe1(hø⁵³),hoe1,暂无
松江,喧(喧),[空],hoe1(hø⁵³),hoe1,暂无
松江,煊(煊),[空],hoe1(hø⁵³),hoe1,暂无
松江,萱(萱),[空],hoe1(hø⁵³),hoe1,暂无
松江,貆(貆),[空],hoe1(hø⁵³),hoe1,暂无
松江,獾(獾),白,hoe1(hø⁵³),hoe1,暂无
松江,虾(蝦),鱼~,hoe3(hø⁴⁴),hoe3,暂无
松江,罕(罕),[空],hoe5(hø³⁵),hoe5,暂无
松江,汉(漢),[空],hoe5(hø³⁵),hoe5,暂无
松江,熯(熯),煎烤,hoe5(hø³⁵),hoe5,暂无
松江,楦(楦),[空],hoe5(hø³⁵),hoe5,暂无
松江,寒(寒),[空],ghoe2(ɦø³¹),ghoe2,暂无
松江,韩(韓),[空],ghoe2(ɦø³¹),ghoe2,暂无
松江,元(元),铜~,ghoe2(ɦø³¹),ghoe2,暂无
松江,员(員),[空],ghoe2(ɦø³¹),ghoe2,暂无
松江,缘(緣),[空],ghoe2(ɦø³¹),ghoe2,暂无
松江,圆(圓),[空],ghoe2(ɦø³¹),ghoe2,暂无
松江,园(園),[空],ghoe2(ɦø³¹),ghoe2,暂无
松江,袁(袁),[空],ghoe2(ɦø³¹),ghoe2,暂无
松江,辕(轅),[空],ghoe2(ɦø³¹),ghoe2,暂无
松江,玄(玄),[空],ghoe2(ɦø³¹),ghoe2,暂无
松江,垣(垣),[空],ghoe2(ɦø³¹),ghoe2,暂无
松江,猿(猿),[空],ghoe2(ɦø³¹),ghoe2,暂无
松江,悬(懸),[空],ghoe2(ɦø³¹),ghoe2,暂无
松江,渊(淵),[空],ghoe2(ɦø³¹),ghoe2,暂无
松江,旱(旱),[空],ghoe4(ɦø²²),ghoe4,暂无
松江,远(遠),[空],ghoe4(ɦø²²),ghoe4,暂无
松江,汗(汗),[空],ghoe6(ɦø¹³),ghoe6,暂无
松江,翰(翰),[空],ghoe6(ɦø¹³),ghoe6,暂无
松江,悍(悍),[空],ghoe6(ɦø¹³),ghoe6,暂无
松江,院(院),[空],ghoe6(ɦø¹³),ghoe6,暂无
松江,眩(眩),[空],ghoe6(ɦø¹³),ghoe6,暂无
松江,县(縣),[空],ghoe6(ɦø¹³),ghoe6,暂无
松江,安(安),[空],oe1(ø⁵³),oe1,暂无
松江,鞍(鞍),[空],oe1(ø⁵³),oe1,暂无
松江,冤(冤),[空],oe1(ø⁵³),oe1,暂无
松江,缘(緣),文,oe1(ø⁵³),oe1,暂无
松江,鸳(鴛),[空],oe1(ø⁵³),oe1,暂无
松江,媛(媛),[空],oe3(ø⁴⁴),oe3,暂无
松江,援(援),[空],oe3(ø⁴⁴),oe3,暂无
松江,焊(焊),[空],oe5(ø³⁵),oe5,暂无
松江,按(按),[空],oe5(ø³⁵),oe5,暂无
松江,案(案),[空],oe5(ø³⁵),oe5,暂无
松江,怨(怨),[空],oe5(ø³⁵),oe5,暂无
松江,县(縣),~隍庙,oe5(ø³⁵),oe5,暂无
松江,娟(娟),[空],cioe1(cyø⁵³),cioe1,暂无
松江,鹃(鵑),[空],cioe1(cyø⁵³),cioe1,暂无
松江,捐(捐),[空],cioe1(cyø⁵³),cioe1,暂无
松江,捲(捲),[空],cioe3(cyø⁴⁴),cioe3,暂无
松江,卷(卷),[空],cioe3(cyø⁴⁴),cioe3,暂无
松江,眷(眷),[空],cioe5(cyø³⁵),cioe5,暂无
松江,绢(絹),[空],cioe5(cyø³⁵),cioe5,暂无
松江,圈(圈),[空],chioe1(cʰyø⁵³),chioe1,暂无
松江,埢(埢),围墙,chioe1(cʰyø⁵³),chioe1,暂无
松江,犬(犬),[空],chioe3(cʰyø⁴⁴),chioe3,暂无
松江,券(券),[空],chioe3(cʰyø⁴⁴),chioe3,暂无
松江,劝(勸),[空],chioe5(cʰyø³⁵),chioe5,暂无
松江,权(權),[空],jioe2(ɟyø³¹),jioe2,暂无
松江,拳(拳),[空],jioe2(ɟyø³¹),jioe2,暂无
松江,颧(顴),[空],jioe2(ɟyø³¹),jioe2,暂无
松江,䠰(䠰),[空],jioe2(ɟyø³¹),jioe2,暂无
松江,蜷(蜷),[空],jioe2(ɟyø³¹),jioe2,暂无
松江,鬈(鬈),[空],jioe2(ɟyø³¹),jioe2,暂无
松江,倦(倦),[空],jioe6(ɟyø¹³),jioe6,暂无
松江,元(元),~旦,gnioe2(ɲyø³¹),gnioe2,暂无
松江,原(原),[空],gnioe2(ɲyø³¹),gnioe2,暂无
松江,源(源),[空],gnioe2(ɲyø³¹),gnioe2,暂无
松江,软(軟),[空],gnioe4(ɲyø²²),gnioe4,暂无
松江,阮(阮),[空],gnioe4(ɲyø²²),gnioe4,暂无
松江,愿(願),[空],gnioe6(ɲyø¹³),gnioe6,暂无
松江,褒(褒),又,pau1(ɓɔ⁵³),pau1,暂无
松江,包(包),[空],pau1(ɓɔ⁵³),pau1,暂无
松江,苞(苞),[空],pau1(ɓɔ⁵³),pau1,暂无
松江,胞(胞),[空],pau1(ɓɔ⁵³),pau1,暂无
松江,鸨(鴇),[空],pau1(ɓɔ⁵³),pau1,暂无
松江,宝(寶),[空],pau3(ɓɔ⁴⁴),pau3,暂无
松江,堡(堡),[空],pau3(ɓɔ⁴⁴),pau3,暂无
松江,保(保),[空],pau3(ɓɔ⁴⁴),pau3,暂无
松江,褓(褓),[空],pau3(ɓɔ⁴⁴),pau3,暂无
松江,饱(飽),[空],pau3(ɓɔ⁴⁴),pau3,暂无
松江,报(報),[空],pau5(ɓɔ³⁵),pau5,暂无
松江,豹(豹),[空],pau5(ɓɔ³⁵),pau5,暂无
松江,爆(爆),油~虾,pau5(ɓɔ³⁵),pau5,暂无
松江,趵(趵),[空],pau5(ɓɔ³⁵),pau5,暂无
松江,抛(拋),[空],phau1(pʰɔ⁵³),phau1,暂无
松江,泡(泡),水~,phau1(pʰɔ⁵³),phau1,暂无
松江,脬(脬),[空],phau1(pʰɔ⁵³),phau1,暂无
松江,炮(炮),[空],phau5(pʰɔ³⁵),phau5,暂无
松江,泡(泡),浸~,phau5(pʰɔ³⁵),phau5,暂无
松江,袍(袍),[空],bau2(bɔ³¹),bau2,暂无
松江,跑(跑),[空],bau2(bɔ³¹),bau2,暂无
松江,麅(麅),[空],bau2(bɔ³¹),bau2,暂无
松江,抱(抱),[空],bau4(bɔ²²),bau4,暂无
松江,鲍(鮑),[空],bau4(bɔ²²),bau4,暂无
松江,暴(暴),[空],bau6(bɔ¹³),bau6,暂无
松江,爆(爆),~炸,bau6(bɔ¹³),bau6,暂无
松江,鉋(鉋),[空],bau6(bɔ¹³),bau6,暂无
松江,刨(刨),[空],bau6(bɔ¹³),bau6,暂无
松江,鲍(鮑),又,bau6(bɔ¹³),bau6,暂无
松江,庖(庖),[空],bau6(bɔ¹³),bau6,暂无
松江,咆(咆),[空],bau6(bɔ¹³),bau6,暂无
松江,瀑(瀑),[空],bau6(bɔ¹³),bau6,暂无
松江,曝(曝),[空],bau6(bɔ¹³),bau6,暂无
松江,毛(毛),[空],mau2(mɔ³¹),mau2,暂无
松江,髦(髦),[空],mau2(mɔ³¹),mau2,暂无
松江,茅(茅),[空],mau2(mɔ³¹),mau2,暂无
松江,猫(貓),[空],mau2(mɔ³¹),mau2,暂无
松江,锚(錨),[空],mau2(mɔ³¹),mau2,暂无
松江,卯(卯),[空],mau4(mɔ²²),mau4,暂无
松江,铆(鉚),[空],mau4(mɔ²²),mau4,暂无
松江,泖(泖),[空],mau4(mɔ²²),mau4,暂无
松江,昴(昴),[空],mau4(mɔ²²),mau4,暂无
松江,冒(冒),[空],mau6(mɔ¹³),mau6,暂无
松江,帽(帽),[空],mau6(mɔ¹³),mau6,暂无
松江,貌(貌),[空],mau6(mɔ¹³),mau6,暂无
松江,刀(刀),[空],tau1(ɗɔ⁵³),tau1,暂无
松江,叨(叨),唠~,tau1(ɗɔ⁵³),tau1,暂无
松江,倒(倒),~下,tau3(ɗɔ⁴⁴),tau3,暂无
松江,祷(禱),[空],tau3(ɗɔ⁴⁴),tau3,暂无
松江,岛(島),[空],tau3(ɗɔ⁴⁴),tau3,暂无
松江,捣(搗),[空],tau3(ɗɔ⁴⁴),tau3,暂无
松江,到(到),[空],tau5(ɗɔ³⁵),tau5,暂无
松江,倒(倒),颠~,tau5(ɗɔ³⁵),tau5,暂无
松江,叨(叨),~光,thau1(tʰɔ⁵³),thau1,暂无
松江,滔(滔),[空],thau1(tʰɔ⁵³),thau1,暂无
松江,韬(韜),[空],thau1(tʰɔ⁵³),thau1,暂无
松江,弢(弢),[空],thau1(tʰɔ⁵³),thau1,暂无
松江,绦(絛),[空],thau1(tʰɔ⁵³),thau1,暂无
松江,讨(討),[空],thau3(tʰɔ⁴⁴),thau3,暂无
松江,套(套),[空],thau5(tʰɔ³⁵),thau5,暂无
松江,桃(桃),[空],dau2(dɔ³¹),dau2,暂无
松江,逃(逃),[空],dau2(dɔ³¹),dau2,暂无
松江,淘(淘),[空],dau2(dɔ³¹),dau2,暂无
松江,陶(陶),[空],dau2(dɔ³¹),dau2,暂无
松江,涛(濤),[空],dau2(dɔ³¹),dau2,暂无
松江,萄(萄),[空],dau2(dɔ³¹),dau2,暂无
松江,稻(稻),[空],dau4(dɔ²²),dau4,暂无
松江,蹈(蹈),[空],dau4(dɔ²²),dau4,暂无
松江,道(道),~袍,dau4(dɔ²²),dau4,暂无
松江,道(道),[空],dau6(dɔ¹³),dau6,暂无
松江,导(導),[空],dau6(dɔ¹³),dau6,暂无
松江,盗(盜),[空],dau6(dɔ¹³),dau6,暂无
松江,掏(掏),[空],dau6(dɔ¹³),dau6,暂无
松江,悼(悼),[空],dau6(dɔ¹³),dau6,暂无
松江,铙(鐃),[空],nau2(nɔ³¹),nau2,暂无
松江,挠(撓),[空],nau2(nɔ³¹),nau2,暂无
松江,脑(腦),[空],nau4(nɔ²²),nau4,暂无
松江,淖(淖),[空],nau4(nɔ²²),nau4,暂无
松江,恼(惱),[空],nau6(nɔ¹³),nau6,暂无
松江,闹(鬧),[空],nau6(nɔ¹³),nau6,暂无
松江,捞(撈),[空],lau1(lɔ⁵³),lau1,暂无
松江,唠(嘮),[空],lau1(lɔ⁵³),lau1,暂无
松江,涝(澇),[空],lau1(lɔ⁵³),lau1,暂无
松江,萝(蘿),~卜,lau2(lɔ³¹),lau2,暂无
松江,牢(牢),[空],lau2(lɔ³¹),lau2,暂无
松江,劳(勞),[空],lau2(lɔ³¹),lau2,暂无
松江,痨(癆),[空],lau2(lɔ³¹),lau2,暂无
松江,老(老),白,lau4(lɔ²²),lau4,暂无
松江,姥(姥),刘~~,lau4(lɔ²²),lau4,暂无
松江,佬(佬),[空],lau4(lɔ²²),lau4,暂无
松江,老(老),文,lau5(lɔ³⁵),lau5,暂无
松江,憦(憦),[空],lau6(lɔ¹³),lau6,暂无
松江,恅(恅),懊悔,lau6(lɔ¹³),lau6,暂无
松江,咾(咾),语气词,lau6(lɔ¹³),lau6,暂无
松江,遭(遭),[空],tsau1(ʦɔ⁵³),tsau1,暂无
松江,糟(糟),[空],tsau1(ʦɔ⁵³),tsau1,暂无
松江,抓(抓),~痒,tsau1(ʦɔ⁵³),tsau1,暂无
松江,找(找),文，寻~,tsau1(ʦɔ⁵³),tsau1,暂无
松江,朝(朝),今~,tsau1(ʦɔ⁵³),tsau1,暂无
松江,昭(昭),[空],tsau1(ʦɔ⁵³),tsau1,暂无
松江,招(招),[空],tsau1(ʦɔ⁵³),tsau1,暂无
松江,早(早),[空],tsau3(ʦɔ⁴⁴),tsau3,暂无
松江,枣(棗),[空],tsau3(ʦɔ⁴⁴),tsau3,暂无
松江,澡(澡),[空],tsau3(ʦɔ⁴⁴),tsau3,暂无
松江,蚤(蚤),[空],tsau3(ʦɔ⁴⁴),tsau3,暂无
松江,藻(藻),[空],tsau3(ʦɔ⁴⁴),tsau3,暂无
松江,爪(爪),[空],tsau3(ʦɔ⁴⁴),tsau3,暂无
松江,找(找),~钞票,tsau3(ʦɔ⁴⁴),tsau3,暂无
松江,沼(沼),[空],tsau3(ʦɔ⁴⁴),tsau3,暂无
松江,灶(灶),[空],tsau5(ʦɔ³⁵),tsau5,暂无
松江,躁(躁),[空],tsau5(ʦɔ³⁵),tsau5,暂无
松江,噪(噪),[空],tsau5(ʦɔ³⁵),tsau5,暂无
松江,罩(罩),[空],tsau5(ʦɔ³⁵),tsau5,暂无
松江,照(照),[空],tsau5(ʦɔ³⁵),tsau5,暂无
松江,诏(詔),[空],tsau5(ʦɔ³⁵),tsau5,暂无
松江,操(操),~场,tshau1(ʦʰɔ⁵³),tshau1,暂无
松江,糙(糙),[空],tshau1(ʦʰɔ⁵³),tshau1,暂无
松江,造(造),~次,tshau1(ʦʰɔ⁵³),tshau1,暂无
松江,抄(抄),*~写，舀，勺子,tshau1(ʦʰɔ⁵³),tshau1,暂无
松江,超(超),[空],tshau1(ʦʰɔ⁵³),tshau1,暂无
松江,草(草),[空],tshau3(ʦʰɔ⁴⁴),tshau3,暂无
松江,钞(鈔),[空],tshau3(ʦʰɔ⁴⁴),tshau3,暂无
松江,炒(炒),[空],tshau3(ʦʰɔ⁴⁴),tshau3,暂无
松江,吵(吵),[空],tshau3(ʦʰɔ⁴⁴),tshau3,暂无
松江,操(操),曹~,tshau5(ʦʰɔ³⁵),tshau5,暂无
松江,糙(糙),又,tshau5(ʦʰɔ³⁵),tshau5,暂无
松江,骚(騷),[空],sau1(sɔ⁵³),sau1,暂无
松江,臊(臊),[空],sau1(sɔ⁵³),sau1,暂无
松江,梢(梢),[空],sau1(sɔ⁵³),sau1,暂无
松江,捎(捎),[空],sau1(sɔ⁵³),sau1,暂无
松江,筲(筲),[空],sau1(sɔ⁵³),sau1,暂无
松江,稍(稍),[空],sau1(sɔ⁵³),sau1,暂无
松江,艄(艄),[空],sau1(sɔ⁵³),sau1,暂无
松江,蛸(蛸),[空],sau1(sɔ⁵³),sau1,暂无
松江,烧(燒),[空],sau1(sɔ⁵³),sau1,暂无
松江,扫(掃),[空],sau3(sɔ⁴⁴),sau3,暂无
松江,嫂(嫂),[空],sau3(sɔ⁴⁴),sau3,暂无
松江,少(少),多~,sau3(sɔ⁴⁴),sau3,暂无
松江,燥(燥),[空],sau5(sɔ³⁵),sau5,暂无
松江,哨(哨),[空],sau5(sɔ³⁵),sau5,暂无
松江,少(少),~爷,sau5(sɔ³⁵),sau5,暂无
松江,𢜶(𢜶),快,sau5(sɔ³⁵),sau5,暂无
松江,曹(曹),[空],zau2(zɔ³¹),zau2,暂无
松江,槽(槽),[空],zau2(zɔ³¹),zau2,暂无
松江,漕(漕),[空],zau2(zɔ³¹),zau2,暂无
松江,嘈(嘈),[空],zau2(zɔ³¹),zau2,暂无
松江,朝(朝),~代,zau2(zɔ³¹),zau2,暂无
松江,潮(潮),[空],zau2(zɔ³¹),zau2,暂无
松江,嘲(嘲),[空],zau2(zɔ³¹),zau2,暂无
松江,韶(韶),[空],zau2(zɔ³¹),zau2,暂无
松江,饶(饒),[空],zau2(zɔ³¹),zau2,暂无
松江,𤵥(𤵥),饿,zau2(zɔ³¹),zau2,暂无
松江,𡮦(𡮦),劳~：垃圾,zau2(zɔ³¹),zau2,暂无
松江,造(造),[空],zau4(zɔ²²),zau4,暂无
松江,兆(兆),[空],zau4(zɔ²²),zau4,暂无
松江,肇(肇),[空],zau4(zɔ²²),zau4,暂无
松江,赵(趙),[空],zau4(zɔ²²),zau4,暂无
松江,摷(摷),提篮子,zau4(zɔ²²),zau4,暂无
松江,皂(皂),[空],zau6(zɔ¹³),zau6,暂无
松江,兆(兆),又,zau6(zɔ¹³),zau6,暂无
松江,召(召),[空],zau6(zɔ¹³),zau6,暂无
松江,肇(肇),又,zau6(zɔ¹³),zau6,暂无
松江,绍(紹),[空],zau6(zɔ¹³),zau6,暂无
松江,邵(邵),[空],zau6(zɔ¹³),zau6,暂无
松江,扰(擾),[空],zau6(zɔ¹³),zau6,暂无
松江,绕(繞),文,zau6(zɔ¹³),zau6,暂无
松江,高(高),[空],kau1(kɔ⁵³),kau1,暂无
松江,膏(膏),[空],kau1(kɔ⁵³),kau1,暂无
松江,篙(篙),[空],kau1(kɔ⁵³),kau1,暂无
松江,羔(羔),[空],kau1(kɔ⁵³),kau1,暂无
松江,糕(糕),[空],kau1(kɔ⁵³),kau1,暂无
松江,皋(皋),[空],kau1(kɔ⁵³),kau1,暂无
松江,睾(睾),[空],kau1(kɔ⁵³),kau1,暂无
松江,交(交),白,kau1(kɔ⁵³),kau1,暂无
松江,胶(膠),白,kau1(kɔ⁵³),kau1,暂无
松江,茭(茭),白,kau1(kɔ⁵³),kau1,暂无
松江,鲛(鮫),[空],kau1(kɔ⁵³),kau1,暂无
松江,跤(跤),[空],kau1(kɔ⁵³),kau1,暂无
松江,教(教),邀请，叫,kau1(kɔ⁵³),kau1,暂无
松江,稿(稿),[空],kau3(kɔ⁴⁴),kau3,暂无
松江,搞(搞),文,kau3(kɔ⁴⁴),kau3,暂无
松江,槁(槁),[空],kau3(kɔ⁴⁴),kau3,暂无
松江,缟(縞),[空],kau3(kɔ⁴⁴),kau3,暂无
松江,绞(絞),白,kau3(kɔ⁴⁴),kau3,暂无
松江,搅(攪),白,kau3(kɔ⁴⁴),kau3,暂无
松江,铰(鉸),白,kau3(kɔ⁴⁴),kau3,暂无
松江,㽱(㽱),[空],kau3(kɔ⁴⁴),kau3,暂无
松江,告(告),[空],kau5(kɔ³⁵),kau5,暂无
松江,诰(誥),[空],kau5(kɔ³⁵),kau5,暂无
松江,教(教),~书,kau5(kɔ³⁵),kau5,暂无
松江,校(校),~场,kau5(kɔ³⁵),kau5,暂无
松江,窖(窖),[空],kau5(kɔ³⁵),kau5,暂无
松江,觉(覺),醒,kau5(kɔ³⁵),kau5,暂无
松江,酵(酵),白,kau5(kɔ³⁵),kau5,暂无
松江,珓(珓),[空],kau5(kɔ³⁵),kau5,暂无
松江,敲(敲),白,khau1(kʰɔ⁵³),khau1,暂无
松江,可(可),[空],khau3(kʰɔ⁴⁴),khau3,暂无
松江,考(考),[空],khau3(kʰɔ⁴⁴),khau3,暂无
松江,拷(拷),[空],khau5(kʰɔ³⁵),khau5,暂无
松江,烤(烤),[空],khau5(kʰɔ³⁵),khau5,暂无
松江,靠(靠),[空],khau5(kʰɔ³⁵),khau5,暂无
松江,铐(銬),[空],khau5(kʰɔ³⁵),khau5,暂无
松江,犒(犒),[空],khau5(kʰɔ³⁵),khau5,暂无
松江,螯(螯),[空],gau2(ɡɔ³¹),gau2,暂无
松江,搞(搞),[空],gau4(ɡɔ²²),gau4,暂无
松江,熬(熬),[空],ngau2(ŋɔ³¹),ngau2,暂无
松江,鳌(鰲),[空],ngau2(ŋɔ³¹),ngau2,暂无
松江,鏖(鏖),[空],ngau2(ŋɔ³¹),ngau2,暂无
松江,嗷(嗷),[空],ngau2(ŋɔ³¹),ngau2,暂无
松江,咬(咬),白,ngau4(ŋɔ²²),ngau4,暂无
松江,傲(傲),[空],ngau6(ŋɔ¹³),ngau6,暂无
松江,蒿(蒿),[空],hau1(hɔ⁵³),hau1,暂无
松江,薅(薅),[空],hau1(hɔ⁵³),hau1,暂无
松江,好(好),~坏,hau3(hɔ⁴⁴),hau3,暂无
松江,好(好),爱~,hau5(hɔ³⁵),hau5,暂无
松江,耗(耗),[空],hau5(hɔ³⁵),hau5,暂无
松江,孝(孝),带~,hau5(hɔ³⁵),hau5,暂无
松江,豪(豪),[空],ghau2(ɦɔ³¹),ghau2,暂无
松江,毫(毫),[空],ghau2(ɦɔ³¹),ghau2,暂无
松江,壕(壕),[空],ghau2(ɦɔ³¹),ghau2,暂无
松江,号(號),~叫,ghau2(ɦɔ³¹),ghau2,暂无
松江,㩝(㩝),量米,ghau2(ɦɔ³¹),ghau2,暂无
松江,下(下),白,ghau4(ɦɔ²²),ghau4,暂无
松江,夏(夏),姓,ghau4(ɦɔ²²),ghau4,暂无
松江,浩(浩),[空],ghau4(ɦɔ²²),ghau4,暂无
松江,皓(皓),[空],ghau4(ɦɔ²²),ghau4,暂无
松江,灏(灝),[空],ghau4(ɦɔ²²),ghau4,暂无
松江,夏(夏),春~,ghau6(ɦɔ¹³),ghau6,暂无
松江,厦(廈),大~，~门,ghau6(ɦɔ¹³),ghau6,暂无
松江,号(號),~码,ghau6(ɦɔ¹³),ghau6,暂无
松江,爊(爊),[空],au1(ɔ⁵³),au1,暂无
松江,凹(凹),[空],au1(ɔ⁵³),au1,暂无
松江,坳(坳),[空],au1(ɔ⁵³),au1,暂无
松江,摮(摮),折,au1(ɔ⁵³),au1,暂无
松江,䫜(䫜),[空],au1(ɔ⁵³),au1,暂无
松江,袄(襖),[空],au3(ɔ⁴⁴),au3,暂无
松江,奥(奧),[空],au5(ɔ³⁵),au5,暂无
松江,澳(澳),[空],au5(ɔ³⁵),au5,暂无
松江,懊(懊),[空],au5(ɔ³⁵),au5,暂无
松江,拗(拗),~春,au5(ɔ³⁵),au5,暂无
松江,扷(扷),[空],au5(ɔ³⁵),au5,暂无
松江,标(標),[空],piau1(ɓiɔ⁵³),piau1,暂无
松江,镖(鏢),[空],piau1(ɓiɔ⁵³),piau1,暂无
松江,膘(膘),[空],piau1(ɓiɔ⁵³),piau1,暂无
松江,婊(婊),[空],piau1(ɓiɔ⁵³),piau1,暂无
松江,彪(彪),[空],piau1(ɓiɔ⁵³),piau1,暂无
松江,滮(滮),[空],piau1(ɓiɔ⁵³),piau1,暂无
松江,表(表),[空],piau3(ɓiɔ⁴⁴),piau3,暂无
松江,錶(錶),[空],piau3(ɓiɔ⁴⁴),piau3,暂无
松江,裱(裱),[空],piau3(ɓiɔ⁴⁴),piau3,暂无
松江,飘(飄),[空],phiau1(pʰiɔ⁵³),phiau1,暂无
松江,漂(漂),~流,phiau1(pʰiɔ⁵³),phiau1,暂无
松江,漂(漂),~亮,phiau3(pʰiɔ⁴⁴),phiau3,暂无
松江,缥(縹),[空],phiau3(pʰiɔ⁴⁴),phiau3,暂无
松江,票(票),[空],phiau5(pʰiɔ³⁵),phiau5,暂无
松江,剽(剽),[空],phiau5(pʰiɔ³⁵),phiau5,暂无
松江,朴(樸),姓,phiau5(pʰiɔ³⁵),phiau5,暂无
松江,嫖(嫖),[空],biau2(biɔ³¹),biau2,暂无
松江,瓢(瓢),[空],biau2(biɔ³¹),biau2,暂无
松江,薸(薸),[空],biau2(biɔ³¹),biau2,暂无
松江,瞄(瞄),偷看,miau1(miɔ⁵³),miau1,暂无
松江,猫(貓),文,miau2(miɔ³¹),miau2,暂无
松江,苗(苗),[空],miau2(miɔ³¹),miau2,暂无
松江,描(描),[空],miau2(miɔ³¹),miau2,暂无
松江,瞄(瞄),[空],miau2(miɔ³¹),miau2,暂无
松江,秒(秒),[空],miau3(miɔ⁴⁴),miau3,暂无
松江,妙(妙),[空],miau3(miɔ⁴⁴),miau3,暂无
松江,渺(渺),[空],miau3(miɔ⁴⁴),miau3,暂无
松江,缈(緲),[空],miau3(miɔ⁴⁴),miau3,暂无
松江,眇(眇),[空],miau3(miɔ⁴⁴),miau3,暂无
松江,藐(藐),[空],miau3(miɔ⁴⁴),miau3,暂无
松江,庙(廟),[空],miau6(miɔ¹³),miau6,暂无
松江,妙(妙),又,miau6(miɔ¹³),miau6,暂无
松江,缪(繆),姓,miau6(miɔ¹³),miau6,暂无
松江,刁(刁),[空],tiau1(ɗiɔ⁵³),tiau1,暂无
松江,貂(貂),[空],tiau1(ɗiɔ⁵³),tiau1,暂无
松江,雕(雕),[空],tiau1(ɗiɔ⁵³),tiau1,暂无
松江,碉(碉),[空],tiau1(ɗiɔ⁵³),tiau1,暂无
松江,叼(叼),[空],tiau1(ɗiɔ⁵³),tiau1,暂无
松江,鸟(鳥),白,tiau3(ɗiɔ⁴⁴),tiau3,暂无
松江,钓(釣),[空],tiau5(ɗiɔ³⁵),tiau5,暂无
松江,吊(吊),[空],tiau5(ɗiɔ³⁵),tiau5,暂无
松江,弔(弔),[空],tiau5(ɗiɔ³⁵),tiau5,暂无
松江,窎(窵),[空],tiau5(ɗiɔ³⁵),tiau5,暂无
松江,銚(銚),[空],tiau5(ɗiɔ³⁵),tiau5,暂无
松江,铞(铞),[空],tiau5(ɗiɔ³⁵),tiau5,暂无
松江,𧜣(𧜣),缝补,tiau5(ɗiɔ³⁵),tiau5,暂无
松江,挑(挑),[空],thiau1(tʰiɔ⁵³),thiau1,暂无
松江,佻(佻),[空],thiau1(tʰiɔ⁵³),thiau1,暂无
松江,𠛪(𠛪),[空],thiau1(tʰiɔ⁵³),thiau1,暂无
松江,条(條),[空],diau2(diɔ³¹),diau2,暂无
松江,调(調),~和,diau2(diɔ³¹),diau2,暂无
松江,笤(笤),[空],diau2(diɔ³¹),diau2,暂无
松江,迢(迢),[空],diau2(diɔ³¹),diau2,暂无
松江,窕(窕),[空],diau2(diɔ³¹),diau2,暂无
松江,趒(趒),[空],diau2(diɔ³¹),diau2,暂无
松江,跳(跳),跺脚,diau2(diɔ³¹),diau2,暂无
松江,㨄(㨄),[空],diau2(diɔ³¹),diau2,暂无
松江,调(調),~换,diau4(diɔ²²),diau4,暂无
松江,掉(掉),[空],diau6(diɔ¹³),diau6,暂无
松江,调(調),曲~,diau6(diɔ¹³),diau6,暂无
松江,燎(燎),[空],liau2(liɔ³¹),liau2,暂无
松江,撩(撩),[空],liau2(liɔ³¹),liau2,暂无
松江,僚(僚),[空],liau2(liɔ³¹),liau2,暂无
松江,嘹(嘹),[空],liau2(liɔ³¹),liau2,暂无
松江,镣(鐐),[空],liau2(liɔ³¹),liau2,暂无
松江,聊(聊),[空],liau2(liɔ³¹),liau2,暂无
松江,辽(遼),[空],liau2(liɔ³¹),liau2,暂无
松江,寥(寥),[空],liau2(liɔ³¹),liau2,暂无
松江,䩍(䩍),面色苍白,liau2(liɔ³¹),liau2,暂无
松江,了(了),一~百~,liau4(liɔ²²),liau4,暂无
松江,疗(療),[空],liau6(liɔ¹³),liau6,暂无
松江,瞭(瞭),[空],liau6(liɔ¹³),liau6,暂无
松江,了(了),~结,liau6(liɔ¹³),liau6,暂无
松江,撩(撩),又,liau6(liɔ¹³),liau6,暂无
松江,潦(潦),[空],liau6(liɔ¹³),liau6,暂无
松江,料(料),[空],liau6(liɔ¹³),liau6,暂无
松江,廖(廖),姓,liau6(liɔ¹³),liau6,暂无
松江,焦(焦),[空],tsiau1(ʦiɔ⁵³),tsiau1,暂无
松江,蕉(蕉),[空],tsiau1(ʦiɔ⁵³),tsiau1,暂无
松江,椒(椒),[空],tsiau1(ʦiɔ⁵³),tsiau1,暂无
松江,醮(醮),[空],tsiau5(ʦiɔ³⁵),tsiau5,暂无
松江,礁(礁),[空],tsiau5(ʦiɔ³⁵),tsiau5,暂无
松江,剿(剿),[空],tsiau5(ʦiɔ³⁵),tsiau5,暂无
松江,缲(繰),[空],tshiau1(ʦʰiɔ⁵³),tshiau1,暂无
松江,悄(悄),[空],tshiau1(ʦʰiɔ⁵³),tshiau1,暂无
松江,鞘(鞘),[空],tshiau1(ʦʰiɔ⁵³),tshiau1,暂无
松江,俏(俏),[空],tshiau5(ʦʰiɔ³⁵),tshiau5,暂无
松江,诮(誚),打趣,tshiau5(ʦʰiɔ³⁵),tshiau5,暂无
松江,峭(峭),[空],tshiau5(ʦʰiɔ³⁵),tshiau5,暂无
松江,瞧(瞧),[空],tshiau5(ʦʰiɔ³⁵),tshiau5,暂无
松江,消(消),[空],siau1(siɔ⁵³),siau1,暂无
松江,宵(宵),[空],siau1(siɔ⁵³),siau1,暂无
松江,霄(霄),[空],siau1(siɔ⁵³),siau1,暂无
松江,硝(硝),[空],siau1(siɔ⁵³),siau1,暂无
松江,销(銷),[空],siau1(siɔ⁵³),siau1,暂无
松江,萧(蕭),[空],siau1(siɔ⁵³),siau1,暂无
松江,箫(簫),[空],siau1(siɔ⁵³),siau1,暂无
松江,潇(瀟),[空],siau1(siɔ⁵³),siau1,暂无
松江,捎(捎),涮,siau1(siɔ⁵³),siau1,暂无
松江,𤞚(𤞚),倒地,siau1(siɔ⁵³),siau1,暂无
松江,小(小),[空],siau3(siɔ⁴⁴),siau3,暂无
松江,筱(筱),[空],siau3(siɔ⁴⁴),siau3,暂无
松江,笑(笑),[空],siau5(siɔ³⁵),siau5,暂无
松江,肖(肖),像,siau5(siɔ³⁵),siau5,暂无
松江,啸(嘯),[空],siau5(siɔ³⁵),siau5,暂无
松江,巢(巢),[空],ziau2(ziɔ³¹),ziau2,暂无
松江,樵(樵),[空],ziau2(ziɔ³¹),ziau2,暂无
松江,憔(憔),[空],ziau2(ziɔ³¹),ziau2,暂无
松江,交(交),文,ciau1(ciɔ⁵³),ciau1,暂无
松江,胶(膠),文,ciau1(ciɔ⁵³),ciau1,暂无
松江,茭(茭),文,ciau1(ciɔ⁵³),ciau1,暂无
松江,跤(跤),文,ciau1(ciɔ⁵³),ciau1,暂无
松江,郊(郊),[空],ciau1(ciɔ⁵³),ciau1,暂无
松江,蛟(蛟),[空],ciau1(ciɔ⁵³),ciau1,暂无
松江,狡(狡),[空],ciau1(ciɔ⁵³),ciau1,暂无
松江,骄(驕),[空],ciau1(ciɔ⁵³),ciau1,暂无
松江,娇(嬌),[空],ciau1(ciɔ⁵³),ciau1,暂无
松江,浇(澆),[空],ciau1(ciɔ⁵³),ciau1,暂无
松江,侥(僥),[空],ciau1(ciɔ⁵³),ciau1,暂无
松江,绞(絞),文,ciau3(ciɔ⁴⁴),ciau3,暂无
松江,铰(鉸),文,ciau3(ciɔ⁴⁴),ciau3,暂无
松江,搅(攪),文,ciau3(ciɔ⁴⁴),ciau3,暂无
松江,矫(矯),[空],ciau3(ciɔ⁴⁴),ciau3,暂无
松江,较(較),[空],ciau3(ciɔ⁴⁴),ciau3,暂无
松江,校(校),~对,ciau3(ciɔ⁴⁴),ciau3,暂无
松江,饺(餃),[空],ciau3(ciɔ⁴⁴),ciau3,暂无
松江,缴(繳),[空],ciau3(ciɔ⁴⁴),ciau3,暂无
松江,教(教),~育,ciau5(ciɔ³⁵),ciau5,暂无
松江,觉(覺),文,ciau5(ciɔ³⁵),ciau5,暂无
松江,校(校),上~,ciau5(ciɔ³⁵),ciau5,暂无
松江,叫(叫),[空],ciau5(ciɔ³⁵),ciau5,暂无
松江,敲(敲),文,chiau1(cʰiɔ⁵³),chiau1,暂无
松江,锹(鍬),[空],chiau1(cʰiɔ⁵³),chiau1,暂无
松江,跷(蹺),[空],chiau1(cʰiɔ⁵³),chiau1,暂无
松江,蹻(蹻),高~,chiau1(cʰiɔ⁵³),chiau1,暂无
松江,橇(橇),[空],chiau1(cʰiɔ⁵³),chiau1,暂无
松江,撬(撬),挑拨,chiau1(cʰiɔ⁵³),chiau1,暂无
松江,巧(巧),[空],chiau3(cʰiɔ⁴⁴),chiau3,暂无
松江,翘(翹),[空],chiau5(cʰiɔ³⁵),chiau5,暂无
松江,鞘(鞘),又,chiau5(cʰiɔ³⁵),chiau5,暂无
松江,窍(竅),[空],chiau5(cʰiɔ³⁵),chiau5,暂无
松江,桥(橋),[空],jiau2(ɟiɔ³¹),jiau2,暂无
松江,乔(喬),[空],jiau2(ɟiɔ³¹),jiau2,暂无
松江,荞(蕎),[空],jiau2(ɟiɔ³¹),jiau2,暂无
松江,侨(僑),[空],jiau2(ɟiɔ³¹),jiau2,暂无
松江,轿(轎),[空],jiau6(ɟiɔ¹³),jiau6,暂无
松江,饶(饒),白,gniau2(ɲiɔ³¹),gniau2,暂无
松江,鸟(鳥),文,gniau3(ɲiɔ⁴⁴),gniau3,暂无
松江,尿(尿),[空],gniau3(ɲiɔ⁴⁴),gniau3,暂无
松江,袅(裊),[空],gniau3(ɲiɔ⁴⁴),gniau3,暂无
松江,嬲(嬲),纠缠,gniau3(ɲiɔ⁴⁴),gniau3,暂无
松江,嬲(嬲),又,gniau4(ɲiɔ²²),gniau4,暂无
松江,绕(繞),白,gniau4(ɲiɔ²²),gniau4,暂无
松江,绕(繞),又,gniau6(ɲiɔ¹³),gniau6,暂无
松江,嚣(囂),[空],shiau1(çiɔ⁵³),shiau1,暂无
松江,枵(枵),[空],shiau1(çiɔ⁵³),shiau1,暂无
松江,𢳚(𢳚),揭开,shiau1(çiɔ⁵³),shiau1,暂无
松江,枭(梟),[空],shiau1(çiɔ⁵³),shiau1,暂无
松江,浇(澆),~薄：刻薄,shiau1(çiɔ⁵³),shiau1,暂无
松江,骁(驍),[空],shiau1(çiɔ⁵³),shiau1,暂无
松江,鸮(鴞),[空],shiau1(çiɔ⁵³),shiau1,暂无
松江,晓(曉),[空],shiau3(çiɔ⁴⁴),shiau3,暂无
松江,孝(孝),~顺,shiau5(çiɔ³⁵),shiau5,暂无
松江,酵(酵),文,shiau5(çiɔ³⁵),shiau5,暂无
松江,肴(餚),[空],yau2(ɦiɔ³¹),yau2,暂无
松江,淆(淆),[空],yau2(ɦiɔ³¹),yau2,暂无
松江,爻(爻),[空],yau2(ɦiɔ³¹),yau2,暂无
松江,摇(搖),[空],yau2(ɦiɔ³¹),yau2,暂无
松江,谣(謠),[空],yau2(ɦiɔ³¹),yau2,暂无
松江,遥(遙),[空],yau2(ɦiɔ³¹),yau2,暂无
松江,瑶(瑤),[空],yau2(ɦiɔ³¹),yau2,暂无
松江,窑(窯),[空],yau2(ɦiɔ³¹),yau2,暂无
松江,姚(姚),[空],yau2(ɦiɔ³¹),yau2,暂无
松江,珧(珧),[空],yau2(ɦiɔ³¹),yau2,暂无
松江,尧(堯),[空],yau2(ɦiɔ³¹),yau2,暂无
松江,吆(吆),[空],yau2(ɦiɔ³¹),yau2,暂无
松江,咬(咬),文,yau4(ɦiɔ²²),yau4,暂无
松江,舀(舀),[空],yau4(ɦiɔ²²),yau4,暂无
松江,校(校),~长,yau6(ɦiɔ¹³),yau6,暂无
松江,效(效),[空],yau6(ɦiɔ¹³),yau6,暂无
松江,耀(耀),[空],yau6(ɦiɔ¹³),yau6,暂无
松江,鹞(鷂),[空],yau6(ɦiɔ¹³),yau6,暂无
松江,曜(曜),[空],yau6(ɦiɔ¹³),yau6,暂无
松江,要(要),[空],iau1(iɔ⁵³),iau1,暂无
松江,腰(腰),[空],iau1(iɔ⁵³),iau1,暂无
松江,妖(妖),[空],iau1(iɔ⁵³),iau1,暂无
松江,夭(夭),[空],iau1(iɔ⁵³),iau1,暂无
松江,邀(邀),[空],iau1(iɔ⁵³),iau1,暂无
松江,幺(么),[空],iau1(iɔ⁵³),iau1,暂无
松江,吆(吆),文,iau1(iɔ⁵³),iau1,暂无
松江,窈(窈),[空],iau1(iɔ⁵³),iau1,暂无
松江,闄(闄),折叠,iau1(iɔ⁵³),iau1,暂无
松江,杳(杳),[空],iau3(iɔ⁴⁴),iau3,暂无
松江,要(要),重~,iau5(iɔ³⁵),iau5,暂无
松江,𧟰(𧟰),不要，别,uiau5(uiɔ³⁵),uiau5,暂无
松江,巴(巴),白,po1(ɓo⁵³),po1,暂无
松江,疤(疤),白,po1(ɓo⁵³),po1,暂无
松江,芭(芭),~蕉,po1(ɓo⁵³),po1,暂无
松江,笆(笆),[空],po1(ɓo⁵³),po1,暂无
松江,把(把),~手,po1(ɓo⁵³),po1,暂无
松江,把(把),~握,po1(ɓo⁵³),po1,暂无
松江,霸(霸),[空],po3(ɓo⁴⁴),po3,暂无
松江,欛(欛),[空],po5(ɓo³⁵),po5,暂无
松江,壩(壩),[空],po5(ɓo³⁵),po5,暂无
松江,坝(壩),[空],po5(ɓo³⁵),po5,暂无
松江,怕(怕),白,pho5(pʰo³⁵),pho5,暂无
松江,爬(爬),[空],bo2(bo³¹),bo2,暂无
松江,杷(杷),[空],bo2(bo³¹),bo2,暂无
松江,琶(琶),[空],bo2(bo³¹),bo2,暂无
松江,钯(鈀),[空],bo2(bo³¹),bo2,暂无
松江,掱(掱),~手,bo2(bo³¹),bo2,暂无
松江,罢(罷),文,bo4(bo²²),bo4,暂无
松江,䶕(䶕),龅牙,bo6(bo¹³),bo6,暂无
松江,耙(耙),[空],bo6(bo¹³),bo6,暂无
松江,磨(磨),~夜作,mo1(mo⁵³),mo1,暂无
松江,磨(磨),~刀,mo2(mo³¹),mo2,暂无
松江,馍(饃),[空],mo2(mo³¹),mo2,暂无
松江,魔(魔),[空],mo2(mo³¹),mo2,暂无
松江,摩(摩),[空],mo2(mo³¹),mo2,暂无
松江,嬷(嬤),修女,mo2(mo³¹),mo2,暂无
松江,蘑(蘑),[空],mo2(mo³¹),mo2,暂无
松江,麻(麻),[空],mo2(mo³¹),mo2,暂无
松江,痳(痳),[空],mo2(mo³¹),mo2,暂无
松江,蟆(蟆),[空],mo2(mo³¹),mo2,暂无
松江,模(模),[空],mo2(mo³¹),mo2,暂无
松江,摹(摹),[空],mo2(mo³¹),mo2,暂无
松江,膜(膜),[空],mo2(mo³¹),mo2,暂无
松江,嬷(嬤),~~：伯母,mo3(mo⁴⁴),mo3,暂无
松江,母(母),文,mo3(mo⁴⁴),mo3,暂无
松江,拇(拇),文,mo3(mo⁴⁴),mo3,暂无
松江,姥(姥),斗~宫,mo3(mo⁴⁴),mo3,暂无
松江,马(馬),白,mo4(mo²²),mo4,暂无
松江,码(碼),[空],mo4(mo²²),mo4,暂无
松江,蚂(螞),[空],mo4(mo²²),mo4,暂无
松江,吗(嗎),~啡,mo4(mo²²),mo4,暂无
松江,姥(姥),老~：妻子,mo4(mo²²),mo4,暂无
松江,么(麼),[空],mo4(mo²²),mo4,暂无
松江,磨(磨),石~,mo6(mo¹³),mo6,暂无
松江,骂(罵),[空],mo6(mo¹³),mo6,暂无
松江,暮(暮),[空],mo6(mo¹³),mo6,暂无
松江,慕(慕),[空],mo6(mo¹³),mo6,暂无
松江,墓(墓),[空],mo6(mo¹³),mo6,暂无
松江,募(募),[空],mo6(mo¹³),mo6,暂无
松江,幕(幕),[空],mo6(mo¹³),mo6,暂无
松江,朵(朵),文,to3(ɗo⁴⁴),to3,暂无
松江,躲(躲),文,to3(ɗo⁴⁴),to3,暂无
松江,剁(剁),~面，刀切面,to5(ɗo³⁵),to5,暂无
松江,跺(跺),[空],to5(ɗo³⁵),to5,暂无
松江,拿(拿),[空],no1(no⁵³),no1,暂无
松江,挪(挪),[空],no2(no³¹),no2,暂无
松江,哪(哪),~吒,no2(no³¹),no2,暂无
松江,查(查),姓,tso1(ʦo⁵³),tso1,暂无
松江,渣(渣),[空],tso1(ʦo⁵³),tso1,暂无
松江,楂(楂),[空],tso1(ʦo⁵³),tso1,暂无
松江,遮(遮),[空],tso1(ʦo⁵³),tso1,暂无
松江,蔗(蔗),[空],tso1(ʦo⁵³),tso1,暂无
松江,摣(摣),抓取,tso1(ʦo⁵³),tso1,暂无
松江,柞(柞),~树,tso3(ʦo⁴⁴),tso3,暂无
松江,炸(炸),[空],tso5(ʦo³⁵),tso5,暂无
松江,榨(榨),[空],tso5(ʦo³⁵),tso5,暂无
松江,诈(詐),[空],tso5(ʦo³⁵),tso5,暂无
松江,柘(柘),[空],tso5(ʦo³⁵),tso5,暂无
松江,搓(搓),文,tsho1(ʦʰo⁵³),tsho1,暂无
松江,磋(磋),[空],tsho1(ʦʰo⁵³),tsho1,暂无
松江,叉(叉),[空],tsho1(ʦʰo⁵³),tsho1,暂无
松江,杈(杈),[空],tsho1(ʦʰo⁵³),tsho1,暂无
松江,钗(釵),[空],tsho1(ʦʰo⁵³),tsho1,暂无
松江,汊(汊),[空],tsho1(ʦʰo⁵³),tsho1,暂无
松江,差(差),~勿多,tsho1(ʦʰo⁵³),tsho1,暂无
松江,车(車),[空],tsho1(ʦʰo⁵³),tsho1,暂无
松江,错(錯),~误,tsho1(ʦʰo⁵³),tsho1,暂无
松江,诧(詫),[空],tsho3(ʦʰo⁴⁴),tsho3,暂无
松江,岔(岔),[空],tsho3(ʦʰo⁴⁴),tsho3,暂无
松江,衩(衩),[空],tsho5(ʦʰo³⁵),tsho5,暂无
松江,错(錯),又,tsho5(ʦʰo³⁵),tsho5,暂无
松江,莎(莎),[空],so1(so⁵³),so1,暂无
松江,沙(沙),[空],so1(so⁵³),so1,暂无
松江,纱(紗),[空],so1(so⁵³),so1,暂无
松江,砂(砂),[空],so1(so⁵³),so1,暂无
松江,裟(裟),[空],so1(so⁵³),so1,暂无
松江,鲨(鯊),[空],so1(so⁵³),so1,暂无
松江,赊(賒),[空],so1(so⁵³),so1,暂无
松江,捨(捨),[空],so3(so⁴⁴),so3,暂无
松江,赦(赦),[空],so3(so⁴⁴),so3,暂无
松江,十(十),~五,so3(so⁴⁴),so3,暂无
松江,晒(曬),[空],so5(so³⁵),so5,暂无
松江,舍(舍),~间：舍下,so5(so³⁵),so5,暂无
松江,茶(茶),[空],zo2(zo³¹),zo2,暂无
松江,搽(搽),[空],zo2(zo³¹),zo2,暂无
松江,查(查),调~,zo2(zo³¹),zo2,暂无
松江,蛇(蛇),[空],zo2(zo³¹),zo2,暂无
松江,佘(佘),[空],zo2(zo³¹),zo2,暂无
松江,昨(昨),[空],zo2(zo³¹),zo2,暂无
松江,柞(柞),又,zo2(zo³¹),zo2,暂无
松江,社(社),[空],zo4(zo²²),zo4,暂无
松江,喏(喏),唱~,zo4(zo²²),zo4,暂无
松江,乍(乍),[空],zo6(zo¹³),zo6,暂无
松江,射(射),[空],zo6(zo¹³),zo6,暂无
松江,麝(麝),[空],zo6(zo¹³),zo6,暂无
松江,瓜(瓜),白,ko1(ko⁵³),ko1,暂无
松江,寡(寡),白,ko3(ko⁴⁴),ko3,暂无
松江,挂(掛),白,ko5(ko³⁵),ko5,暂无
松江,卦(卦),白,ko5(ko³⁵),ko5,暂无
松江,褂(褂),白,ko5(ko³⁵),ko5,暂无
松江,罣(罣),白,ko5(ko³⁵),ko5,暂无
松江,夸(誇),白,kho1(kʰo⁵³),kho1,暂无
松江,垮(垮),白,kho3(kʰo⁴⁴),kho3,暂无
松江,跨(跨),白,kho5(kʰo³⁵),kho5,暂无
松江,瓦(瓦),白,ngo4(ŋo²²),ngo4,暂无
松江,呵(呵),~痒,ho1(ho⁵³),ho1,暂无
松江,花(花),白,ho1(ho⁵³),ho1,暂无
松江,哗(嘩),[空],ho1(ho⁵³),ho1,暂无
松江,化(化),白,ho5(ho³⁵),ho5,暂无
松江,华(華),白,gho2(ɦo³¹),gho2,暂无
松江,铧(鏵),[空],gho2(ɦo³¹),gho2,暂无
松江,哗(嘩),[空],gho2(ɦo³¹),gho2,暂无
松江,划(劃),~饭,gho2(ɦo³¹),gho2,暂无
松江,桦(樺),[空],gho2(ɦo³¹),gho2,暂无
松江,下(下),~巴,gho4(ɦo²²),gho4,暂无
松江,华(華),姓,gho6(ɦo¹³),gho6,暂无
松江,画(畫),白,gho6(ɦo¹³),gho6,暂无
松江,话(話),白,gho6(ɦo¹³),gho6,暂无
松江,阿(阿),~弥陀佛,o1(o⁵³),o1,暂无
松江,丫(丫),白,o1(o⁵³),o1,暂无
松江,鸦(鴉),白,o1(o⁵³),o1,暂无
松江,桠(椏),白,o1(o⁵³),o1,暂无
松江,划(划),~船,o1(o⁵³),o1,暂无
松江,蛙(蛙),白,o1(o⁵³),o1,暂无
松江,挜(掗),强予,o1(o⁵³),o1,暂无
松江,搲(搲),用手抓,o1(o⁵³),o1,暂无
松江,哑(啞),白,o3(o⁴⁴),o3,暂无
松江,唷(唷),叹词，表示惊讶、疼痛,yo2(ɦio³¹),yo2,暂无
松江,哟(喲),叹词，表示惊讶,io1(io⁵³),io1,暂无
松江,靴(靴),[空],shio1(çiu⁵³),shio1,暂无
松江,褒(褒),[空],peu1(ɓɯ⁵³),peu1,暂无
松江,剖(剖),[空],pheu5(pʰɯ³⁵),pheu5,暂无
松江,谋(謀),[空],meu2(mɯ³¹),meu2,暂无
松江,矛(矛),[空],meu2(mɯ³¹),meu2,暂无
松江,亩(畝),文,meu4(mɯ²²),meu4,暂无
松江,某(某),[空],meu6(mɯ¹³),meu6,暂无
松江,牡(牡),[空],meu6(mɯ¹³),meu6,暂无
松江,茂(茂),[空],meu6(mɯ¹³),meu6,暂无
松江,贸(貿),[空],meu6(mɯ¹³),meu6,暂无
松江,牟(牟),[空],meu6(mɯ¹³),meu6,暂无
松江,眸(眸),[空],meu6(mɯ¹³),meu6,暂无
松江,否(否),[空],feu3(ɸɯ⁴⁴),feu3,暂无
松江,缶(缶),[空],feu3(ɸɯ⁴⁴),feu3,暂无
松江,浮(浮),[空],veu2(βɯ³¹),veu2,暂无
松江,阜(阜),文,veu6(βɯ¹³),veu6,暂无
松江,负(負),文,veu6(βɯ¹³),veu6,暂无
松江,復(復),年~一年,veu6(βɯ¹³),veu6,暂无
松江,兜(兜),[空],teu1(ɗɯ⁵³),teu1,暂无
松江,斗(斗),[空],teu3(ɗɯ⁴⁴),teu3,暂无
松江,抖(抖),[空],teu3(ɗɯ⁴⁴),teu3,暂无
松江,蚪(蚪),[空],teu3(ɗɯ⁴⁴),teu3,暂无
松江,陡(陡),[空],teu3(ɗɯ⁴⁴),teu3,暂无
松江,斗(鬥),[空],teu5(ɗɯ³⁵),teu5,暂无
松江,偷(偷),[空],theu1(tʰɯ⁵³),theu1,暂无
松江,㪗(㪗),[空],theu3(tʰɯ⁴⁴),theu3,暂无
松江,透(透),[空],theu5(tʰɯ³⁵),theu5,暂无
松江,头(頭),[空],deu2(dɯ³¹),deu2,暂无
松江,投(投),[空],deu2(dɯ³¹),deu2,暂无
松江,骰(骰),[空],deu2(dɯ³¹),deu2,暂无
松江,豆(豆),[空],deu6(dɯ¹³),deu6,暂无
松江,逗(逗),[空],deu6(dɯ¹³),deu6,暂无
松江,脰(脰),[空],deu6(dɯ¹³),deu6,暂无
松江,痘(痘),[空],deu6(dɯ¹³),deu6,暂无
松江,荳(荳),[空],deu6(dɯ¹³),deu6,暂无
松江,窦(竇),[空],deu6(dɯ¹³),deu6,暂无
松江,馁(餒),[空],neu6(nɯ¹³),neu6,暂无
松江,耨(耨),[空],neu6(nɯ¹³),neu6,暂无
松江,搂(摟),[空],leu1(lɯ⁵³),leu1,暂无
松江,𠞭(𠞭),挖、抠,leu1(lɯ⁵³),leu1,暂无
松江,楼(樓),[空],leu2(lɯ³¹),leu2,暂无
松江,溇(漊),[空],leu2(lɯ³¹),leu2,暂无
松江,镂(鏤),[空],leu2(lɯ³¹),leu2,暂无
松江,喽(嘍),[空],leu2(lɯ³¹),leu2,暂无
松江,髅(髏),[空],leu2(lɯ³¹),leu2,暂无
松江,搂(摟),挑拨,leu4(lɯ²²),leu4,暂无
松江,篓(簍),[空],leu4(lɯ²²),leu4,暂无
松江,溇(漊),[空],leu4(lɯ²²),leu4,暂无
松江,邹(鄒),[空],tseu1(ʦɯ⁵³),tseu1,暂无
松江,周(週),[空],tseu1(ʦɯ⁵³),tseu1,暂无
松江,州(州),[空],tseu1(ʦɯ⁵³),tseu1,暂无
松江,洲(洲),[空],tseu1(ʦɯ⁵³),tseu1,暂无
松江,舟(舟),[空],tseu1(ʦɯ⁵³),tseu1,暂无
松江,走(走),[空],tseu3(ʦɯ⁴⁴),tseu3,暂无
松江,帚(帚),[空],tseu3(ʦɯ⁴⁴),tseu3,暂无
松江,奏(奏),[空],tseu5(ʦɯ³⁵),tseu5,暂无
松江,揍(揍),[空],tseu5(ʦɯ³⁵),tseu5,暂无
松江,肘(肘),[空],tseu5(ʦɯ³⁵),tseu5,暂无
松江,昼(晝),[空],tseu5(ʦɯ³⁵),tseu5,暂无
松江,皱(皺),[空],tseu5(ʦɯ³⁵),tseu5,暂无
松江,绉(縐),[空],tseu5(ʦɯ³⁵),tseu5,暂无
松江,诌(謅),[空],tseu5(ʦɯ³⁵),tseu5,暂无
松江,咒(咒),[空],tseu5(ʦɯ³⁵),tseu5,暂无
松江,抽(抽),[空],tsheu1(ʦʰɯ⁵³),tsheu1,暂无
松江,丑(醜),[空],tsheu3(ʦʰɯ⁴⁴),tsheu3,暂无
松江,醜(醜),[空],tsheu3(ʦʰɯ⁴⁴),tsheu3,暂无
松江,凑(湊),[空],tsheu5(ʦʰɯ³⁵),tsheu5,暂无
松江,臭(臭),[空],tsheu5(ʦʰɯ³⁵),tsheu5,暂无
松江,搜(搜),[空],seu1(sɯ⁵³),seu1,暂无
松江,馊(餿),[空],seu1(sɯ⁵³),seu1,暂无
松江,蒐(蒐),[空],seu1(sɯ⁵³),seu1,暂无
松江,飕(颼),[空],seu1(sɯ⁵³),seu1,暂无
松江,收(收),[空],seu1(sɯ⁵³),seu1,暂无
松江,𣸈(𣸈),[空],seu1(sɯ⁵³),seu1,暂无
松江,艘(艘),[空],seu3(sɯ⁴⁴),seu3,暂无
松江,手(手),[空],seu3(sɯ⁴⁴),seu3,暂无
松江,守(守),[空],seu3(sɯ⁴⁴),seu3,暂无
松江,首(首),[空],seu3(sɯ⁴⁴),seu3,暂无
松江,叟(叟),[空],seu5(sɯ³⁵),seu5,暂无
松江,瘦(瘦),[空],seu5(sɯ³⁵),seu5,暂无
松江,绸(綢),[空],zeu2(zɯ³¹),zeu2,暂无
松江,稠(稠),[空],zeu2(zɯ³¹),zeu2,暂无
松江,筹(籌),[空],zeu2(zɯ³¹),zeu2,暂无
松江,畴(疇),[空],zeu2(zɯ³¹),zeu2,暂无
松江,踌(躊),[空],zeu2(zɯ³¹),zeu2,暂无
松江,俦(儔),[空],zeu2(zɯ³¹),zeu2,暂无
松江,愁(愁),[空],zeu2(zɯ³¹),zeu2,暂无
松江,仇(仇),报~,zeu2(zɯ³¹),zeu2,暂无
松江,酬(酬),[空],zeu2(zɯ³¹),zeu2,暂无
松江,柔(柔),[空],zeu2(zɯ³¹),zeu2,暂无
松江,揉(揉),[空],zeu2(zɯ³¹),zeu2,暂无
松江,讎(讎),[空],zeu2(zɯ³¹),zeu2,暂无
松江,㨨(㨨),抽,zeu2(zɯ³¹),zeu2,暂无
松江,受(受),[空],zeu4(zɯ²²),zeu4,暂无
松江,𥣙(𥣙),[空],zeu4(zɯ²²),zeu4,暂无
松江,纣(紂),[空],zeu6(zɯ¹³),zeu6,暂无
松江,宙(宙),[空],zeu6(zɯ¹³),zeu6,暂无
松江,骤(驟),[空],zeu6(zɯ¹³),zeu6,暂无
松江,勾(勾),[空],keu1(kɯ⁵³),keu1,暂无
松江,钩(鉤),[空],keu1(kɯ⁵³),keu1,暂无
松江,沟(溝),[空],keu1(kɯ⁵³),keu1,暂无
松江,篝(篝),[空],keu1(kɯ⁵³),keu1,暂无
松江,苟(苟),[空],keu1(kɯ⁵³),keu1,暂无
松江,狗(狗),[空],keu3(kɯ⁴⁴),keu3,暂无
松江,枸(枸),[空],keu3(kɯ⁴⁴),keu3,暂无
松江,个(個),~人，一~,keu5(kɯ³⁵),keu5,暂无
松江,够(夠),[空],keu5(kɯ³⁵),keu5,暂无
松江,购(購),[空],keu5(kɯ³⁵),keu5,暂无
松江,构(構),[空],keu5(kɯ³⁵),keu5,暂无
松江,诟(詬),[空],keu5(kɯ³⁵),keu5,暂无
松江,垢(垢),[空],keu5(kɯ³⁵),keu5,暂无
松江,抠(摳),[空],kheu1(kʰɯ⁵³),kheu1,暂无
松江,剾(剾),[空],kheu1(kʰɯ⁵³),kheu1,暂无
松江,䁱(䁱),[空],kheu1(kʰɯ⁵³),kheu1,暂无
松江,眍(瞘),[空],kheu1(kʰɯ⁵³),kheu1,暂无
松江,眗(眗),[空],kheu1(kʰɯ⁵³),kheu1,暂无
松江,口(口),[空],kheu3(kʰɯ⁴⁴),kheu3,暂无
松江,叩(叩),[空],kheu5(kʰɯ³⁵),kheu5,暂无
松江,扣(扣),[空],kheu5(kʰɯ³⁵),kheu5,暂无
松江,寇(寇),[空],kheu5(kʰɯ³⁵),kheu5,暂无
松江,蔻(蔻),[空],kheu5(kʰɯ³⁵),kheu5,暂无
松江,跔(跔),缩,geu2(ɡɯ³¹),geu2,暂无
松江,藕(藕),[空],ngeu4(ŋɯ²²),ngeu4,暂无
松江,偶(偶),[空],ngeu6(ŋɯ¹³),ngeu6,暂无
松江,呴(呴),气恼,heu1(hɯ⁵³),heu1,暂无
松江,𦞈(𦞈),[空],heu1(hɯ⁵³),heu1,暂无
松江,齁(齁),喘,heu1(hɯ⁵³),heu1,暂无
松江,侯(侯),[空],gheu2(ɦɯ³¹),gheu2,暂无
松江,喉(喉),[空],gheu2(ɦɯ³¹),gheu2,暂无
松江,猴(猴),[空],gheu2(ɦɯ³¹),gheu2,暂无
松江,瘊(瘊),[空],gheu2(ɦɯ³¹),gheu2,暂无
松江,后(後),[空],gheu4(ɦɯ²²),gheu4,暂无
松江,厚(厚),[空],gheu4(ɦɯ²²),gheu4,暂无
松江,个(個),的,gheu6(ɦɯ¹³),gheu6,暂无
松江,后(后),皇~,gheu6(ɦɯ¹³),gheu6,暂无
松江,候(候),[空],gheu6(ɦɯ¹³),gheu6,暂无
松江,欧(歐),[空],eu1(ɯ⁵³),eu1,暂无
松江,瓯(甌),[空],eu1(ɯ⁵³),eu1,暂无
松江,殴(毆),[空],eu1(ɯ⁵³),eu1,暂无
松江,鸥(鷗),[空],eu1(ɯ⁵³),eu1,暂无
松江,伛(傴),弯腰,eu1(ɯ⁵³),eu1,暂无
松江,䉱(䉱),~篮：摇篮,eu1(ɯ⁵³),eu1,暂无
松江,呕(嘔),[空],eu3(ɯ⁴⁴),eu3,暂无
松江,沤(漚),[空],eu5(ɯ³⁵),eu5,暂无
松江,怄(慪),[空],eu5(ɯ³⁵),eu5,暂无
松江,缪(繆),绸~,mieu2(miɯ³¹),mieu2,暂无
松江,谬(謬),[空],mieu6(miɯ¹³),mieu6,暂无
松江,丢(丟),[空],tieu1(ɗiɯ⁵³),tieu1,暂无
松江,溜(溜),~之大吉，~冰,lieu1(liɯ⁵³),lieu1,暂无
松江,流(流),[空],lieu2(liɯ³¹),lieu2,暂无
松江,刘(劉),[空],lieu2(liɯ³¹),lieu2,暂无
松江,留(留),[空],lieu2(liɯ³¹),lieu2,暂无
松江,榴(榴),[空],lieu2(liɯ³¹),lieu2,暂无
松江,瘤(瘤),[空],lieu2(liɯ³¹),lieu2,暂无
松江,馏(餾),[空],lieu2(liɯ³¹),lieu2,暂无
松江,硫(硫),[空],lieu2(liɯ³¹),lieu2,暂无
松江,琉(琉),[空],lieu2(liɯ³¹),lieu2,暂无
松江,柳(柳),[空],lieu4(liɯ²²),lieu4,暂无
松江,绺(綹),[空],lieu4(liɯ²²),lieu4,暂无
松江,溜(溜),~~花,lieu5(liɯ³⁵),lieu5,暂无
松江,溜(溜),灵活,lieu6(liɯ¹³),lieu6,暂无
松江,揪(揪),[空],tsieu1(ʦiɯ⁵³),tsieu1,暂无
松江,酒(酒),[空],tsieu3(ʦiɯ⁴⁴),tsieu3,暂无
松江,揫(揫),量词，束,tsieu3(ʦiɯ⁴⁴),tsieu3,暂无
松江,皱(皺),又,tsieu5(ʦiɯ³⁵),tsieu5,暂无
松江,绉(縐),又,tsieu5(ʦiɯ³⁵),tsieu5,暂无
松江,秋(秋),[空],tshieu1(ʦʰiɯ⁵³),tshieu1,暂无
松江,鞦(鞦),[空],tshieu1(ʦʰiɯ⁵³),tshieu1,暂无
松江,鳅(鰍),[空],tshieu1(ʦʰiɯ⁵³),tshieu1,暂无
松江,抽(抽),鞭打,tshieu1(ʦʰiɯ⁵³),tshieu1,暂无
松江,修(修),[空],sieu1(siɯ⁵³),sieu1,暂无
松江,羞(羞),[空],sieu1(siɯ⁵³),sieu1,暂无
松江,秀(秀),[空],sieu5(siɯ³⁵),sieu5,暂无
松江,绣(繡),[空],sieu5(siɯ³⁵),sieu5,暂无
松江,锈(銹),[空],sieu5(siɯ³⁵),sieu5,暂无
松江,宿(宿),星~,sieu5(siɯ³⁵),sieu5,暂无
松江,囚(囚),[空],zieu2(ziɯ³¹),zieu2,暂无
松江,泅(泅),[空],zieu2(ziɯ³¹),zieu2,暂无
松江,酋(酋),[空],zieu2(ziɯ³¹),zieu2,暂无
松江,㥢(㥢),凶悍,zieu2(ziɯ³¹),zieu2,暂无
松江,就(就),[空],zieu6(ziɯ¹³),zieu6,暂无
松江,袖(袖),[空],zieu6(ziɯ¹³),zieu6,暂无
松江,鸠(鳩),[空],cieu1(ciɯ⁵³),cieu1,暂无
松江,纠(糾),~缠,cieu1(ciɯ⁵³),cieu1,暂无
松江,阄(鬮),[空],cieu1(ciɯ⁵³),cieu1,暂无
松江,赳(赳),[空],cieu1(ciɯ⁵³),cieu1,暂无
松江,九(九),[空],cieu3(ciɯ⁴⁴),cieu3,暂无
松江,久(久),[空],cieu3(ciɯ⁴⁴),cieu3,暂无
松江,灸(灸),[空],cieu3(ciɯ⁴⁴),cieu3,暂无
松江,韭(韭),[空],cieu3(ciɯ⁴⁴),cieu3,暂无
松江,纠(糾),~合,cieu3(ciɯ⁴⁴),cieu3,暂无
松江,救(救),[空],cieu5(ciɯ³⁵),cieu5,暂无
松江,究(究),[空],cieu5(ciɯ³⁵),cieu5,暂无
松江,丘(丘),[空],chieu1(cʰiɯ⁵³),chieu1,暂无
松江,邱(邱),[空],chieu1(cʰiɯ⁵³),chieu1,暂无
松江,蚯(蚯),[空],chieu1(cʰiɯ⁵³),chieu1,暂无
松江,恘(恘),[空],chieu1(cʰiɯ⁵³),chieu1,暂无
松江,求(求),[空],jieu2(ɟiɯ³¹),jieu2,暂无
松江,球(球),[空],jieu2(ɟiɯ³¹),jieu2,暂无
松江,裘(裘),[空],jieu2(ɟiɯ³¹),jieu2,暂无
松江,逑(逑),[空],jieu2(ɟiɯ³¹),jieu2,暂无
松江,仇(仇),姓,jieu2(ɟiɯ³¹),jieu2,暂无
松江,勼(勼),[空],jieu2(ɟiɯ³¹),jieu2,暂无
松江,𧺤(𧺤),身体蜷缩,jieu2(ɟiɯ³¹),jieu2,暂无
松江,舅(舅),[空],jieu4(ɟiɯ²²),jieu4,暂无
松江,臼(臼),[空],jieu4(ɟiɯ²²),jieu4,暂无
松江,桕(桕),[空],jieu4(ɟiɯ²²),jieu4,暂无
松江,咎(咎),[空],jieu6(ɟiɯ¹³),jieu6,暂无
松江,旧(舊),[空],jieu6(ɟiɯ¹³),jieu6,暂无
松江,柩(柩),[空],jieu6(ɟiɯ¹³),jieu6,暂无
松江,牛(牛),[空],gnieu2(ɲiɯ³¹),gnieu2,暂无
松江,扭(扭),[空],gnieu3(ɲiɯ⁴⁴),gnieu3,暂无
松江,纽(紐),又,gnieu3(ɲiɯ⁴⁴),gnieu3,暂无
松江,钮(鈕),又,gnieu3(ɲiɯ⁴⁴),gnieu3,暂无
松江,沑(沑),潮湿,gnieu3(ɲiɯ⁴⁴),gnieu3,暂无
松江,扭(扭),又,gnieu4(ɲiɯ²²),gnieu4,暂无
松江,纽(紐),[空],gnieu4(ɲiɯ²²),gnieu4,暂无
松江,钮(鈕),[空],gnieu4(ɲiɯ²²),gnieu4,暂无
松江,休(休),[空],shieu1(çiɯ⁵³),shieu1,暂无
松江,朽(朽),[空],shieu5(çiɯ³⁵),shieu5,暂无
松江,嗅(嗅),文,shieu5(çiɯ³⁵),shieu5,暂无
松江,臭(臭),文，体~,shieu5(çiɯ³⁵),shieu5,暂无
松江,尤(尤),[空],ghieu2(ɦiɯ³¹),ghieu2,暂无
松江,邮(郵),[空],ghieu2(ɦiɯ³¹),ghieu2,暂无
松江,游(遊),[空],ghieu2(ɦiɯ³¹),ghieu2,暂无
松江,犹(猶),[空],ghieu2(ɦiɯ³¹),ghieu2,暂无
松江,由(由),[空],ghieu2(ɦiɯ³¹),ghieu2,暂无
松江,油(油),[空],ghieu2(ɦiɯ³¹),ghieu2,暂无
松江,酉(酉),[空],ghieu2(ɦiɯ³¹),ghieu2,暂无
松江,蚰(蚰),[空],ghieu2(ɦiɯ³¹),ghieu2,暂无
松江,有(有),[空],ghieu4(ɦiɯ²²),ghieu4,暂无
松江,友(友),[空],ghieu4(ɦiɯ²²),ghieu4,暂无
松江,又(又),文,ghieu6(ɦiɯ¹³),ghieu6,暂无
松江,诱(誘),[空],ghieu6(ɦiɯ¹³),ghieu6,暂无
松江,莠(莠),[空],ghieu6(ɦiɯ¹³),ghieu6,暂无
松江,蜏(蜏),[空],ghieu6(ɦiɯ¹³),ghieu6,暂无
松江,右(右),[空],ghieu6(ɦiɯ¹³),ghieu6,暂无
松江,佑(佑),[空],ghieu6(ɦiɯ¹³),ghieu6,暂无
松江,柚(柚),[空],ghieu6(ɦiɯ¹³),ghieu6,暂无
松江,釉(釉),[空],ghieu6(ɦiɯ¹³),ghieu6,暂无
松江,鼬(鼬),[空],ghieu6(ɦiɯ¹³),ghieu6,暂无
松江,优(優),[空],ieu1(iɯ⁵³),ieu1,暂无
松江,忧(憂),[空],ieu1(iɯ⁵³),ieu1,暂无
松江,悠(悠),[空],ieu1(iɯ⁵³),ieu1,暂无
松江,攸(攸),[空],ieu1(iɯ⁵³),ieu1,暂无
松江,幽(幽),[空],ieu1(iɯ⁵³),ieu1,暂无
松江,呦(呦),[空],ieu1(iɯ⁵³),ieu1,暂无
松江,幼(幼),[空],ieu5(iɯ³⁵),ieu5,暂无
松江,浜(浜),[空],pan1(ɓæ̃⁵³),pan1,暂无
松江,绷(繃),白,pan1(ɓæ̃⁵³),pan1,暂无
松江,崩(崩),白,pan1(ɓæ̃⁵³),pan1,暂无
松江,迸(迸),[空],pan5(ɓæ̃³⁵),pan5,暂无
松江,乓(乓),[空],phan1(pʰæ̃⁵³),phan1,暂无
松江,烹(烹),放料酒,phan1(pʰæ̃⁵³),phan1,暂无
松江,洴(洴),潲雨,phan1(pʰæ̃⁵³),phan1,暂无
松江,碰(碰),[空],phan5(pʰæ̃³⁵),phan5,暂无
松江,閛(閛),~门：关门,phan5(pʰæ̃³⁵),phan5,暂无
松江,朋(朋),白,ban2(bæ̃³¹),ban2,暂无
松江,棚(棚),[空],ban2(bæ̃³¹),ban2,暂无
松江,彭(彭),[空],ban2(bæ̃³¹),ban2,暂无
松江,膨(膨),[空],ban2(bæ̃³¹),ban2,暂无
松江,蟛(蟛),[空],ban2(bæ̃³¹),ban2,暂无
松江,蚌(蚌),[空],ban4(bæ̃²²),ban4,暂无
松江,蚌(蚌),又,ban6(bæ̃¹³),ban6,暂无
松江,碰(碰),[空],ban6(bæ̃¹³),ban6,暂无
松江,甏(甏),[空],ban6(bæ̃¹³),ban6,暂无
松江,嘭(嘭),[空],ban6(bæ̃¹³),ban6,暂无
松江,盲(盲),~子：瞎子,man2(mæ̃³¹),man2,暂无
松江,虻(虻),~蝇,man2(mæ̃³¹),man2,暂无
松江,咩(咩),羊叫声,man3(mæ̃⁴⁴),man3,暂无
松江,猛(猛),密,man4(mæ̃²²),man4,暂无
松江,蜢(蜢),[空],man4(mæ̃²²),man4,暂无
松江,猛(猛),白，凶~,man6(mæ̃¹³),man6,暂无
松江,孟(孟),白,man6(mæ̃¹³),man6,暂无
松江,横(橫),[空],van2(βæ̃³¹),van2,暂无
松江,横(橫),蛮~,van6(βæ̃¹³),van6,暂无
松江,打(打),[空],tan3(ɗæ̃⁴⁴),tan3,暂无
松江,铴(铴),锣：小锣,than1(tʰæ̃⁵³),than1,暂无
松江,宕(宕),悬挂,dan6(dæ̃¹³),dan6,暂无
松江,荡(盪),白，~秋千,dan6(dæ̃¹³),dan6,暂无
松江,趤(趤),逸游,dan6(dæ̃¹³),dan6,暂无
松江,冷(冷),白,lan4(læ̃²²),lan4,暂无
松江,张(張),[空],tsan1(ʦæ̃⁵³),tsan1,暂无
松江,章(章),又,tsan1(ʦæ̃⁵³),tsan1,暂无
松江,樟(樟),又,tsan1(ʦæ̃⁵³),tsan1,暂无
松江,彰(彰),[空],tsan1(ʦæ̃⁵³),tsan1,暂无
松江,獐(獐),[空],tsan1(ʦæ̃⁵³),tsan1,暂无
松江,璋(璋),[空],tsan1(ʦæ̃⁵³),tsan1,暂无
松江,争(爭),白,tsan1(ʦæ̃⁵³),tsan1,暂无
松江,睁(睜),白,tsan1(ʦæ̃⁵³),tsan1,暂无
松江,长(長),生~,tsan3(ʦæ̃⁴⁴),tsan3,暂无
松江,涨(漲),[空],tsan3(ʦæ̃⁴⁴),tsan3,暂无
松江,掌(掌),又,tsan3(ʦæ̃⁴⁴),tsan3,暂无
松江,仗(仗),[空],tsan5(ʦæ̃³⁵),tsan5,暂无
松江,帐(帳),[空],tsan5(ʦæ̃³⁵),tsan5,暂无
松江,账(賬),[空],tsan5(ʦæ̃³⁵),tsan5,暂无
松江,胀(脹),[空],tsan5(ʦæ̃³⁵),tsan5,暂无
松江,障(障),[空],tsan5(ʦæ̃³⁵),tsan5,暂无
松江,瘴(瘴),[空],tsan5(ʦæ̃³⁵),tsan5,暂无
松江,昌(昌),又,tshan1(ʦʰæ̃⁵³),tshan1,暂无
松江,菖(菖),又,tshan1(ʦʰæ̃⁵³),tshan1,暂无
松江,娼(娼),[空],tshan1(ʦʰæ̃⁵³),tshan1,暂无
松江,猖(猖),[空],tshan1(ʦʰæ̃⁵³),tshan1,暂无
松江,撑(撐),[空],tshan1(ʦʰæ̃⁵³),tshan1,暂无
松江,厂(廠),[空],tshan3(ʦʰæ̃⁴⁴),tshan3,暂无
松江,伥(倀),[空],tshan3(ʦʰæ̃⁴⁴),tshan3,暂无
松江,畅(暢),[空],tshan5(ʦʰæ̃³⁵),tshan5,暂无
松江,倡(倡),又,tshan5(ʦʰæ̃³⁵),tshan5,暂无
松江,唱(唱),又,tshan5(ʦʰæ̃³⁵),tshan5,暂无
松江,怅(悵),[空],tshan5(ʦʰæ̃³⁵),tshan5,暂无
松江,敞(敞),[空],tshan5(ʦʰæ̃³⁵),tshan5,暂无
松江,撑(撐),勉力支撑,tshan5(ʦʰæ̃³⁵),tshan5,暂无
松江,牚(牚),[空],tshan5(ʦʰæ̃³⁵),tshan5,暂无
松江,伤(傷),又,san1(sæ̃⁵³),san1,暂无
松江,商(商),又,san1(sæ̃⁵³),san1,暂无
松江,墒(墒),[空],san1(sæ̃⁵³),san1,暂无
松江,生(生),白,san1(sæ̃⁵³),san1,暂无
松江,笙(笙),白,san1(sæ̃⁵³),san1,暂无
松江,牲(牲),白,san1(sæ̃⁵³),san1,暂无
松江,甥(甥),白,san1(sæ̃⁵³),san1,暂无
松江,声(聲),白,san1(sæ̃⁵³),san1,暂无
松江,鉎(鉎),[空],san1(sæ̃⁵³),san1,暂无
松江,赏(賞),又,san3(sæ̃⁴⁴),san3,暂无
松江,晌(晌),又,san3(sæ̃⁴⁴),san3,暂无
松江,省(省),白,san3(sæ̃⁴⁴),san3,暂无
松江,长(長),~短,zan2(zæ̃³¹),zan2,暂无
松江,肠(腸),[空],zan2(zæ̃³¹),zan2,暂无
松江,场(場),[空],zan2(zæ̃³¹),zan2,暂无
松江,常(常),[空],zan2(zæ̃³¹),zan2,暂无
松江,裳(裳),又,zan2(zæ̃³¹),zan2,暂无
松江,尝(嘗),又,zan2(zæ̃³¹),zan2,暂无
松江,偿(償),又,zan2(zæ̃³¹),zan2,暂无
松江,穰(穰),[空],zan2(zæ̃³¹),zan2,暂无
松江,橙(橙),~子,zan2(zæ̃³¹),zan2,暂无
松江,䂻(䂻),硬塞,zan2(zæ̃³¹),zan2,暂无
松江,丈(丈),[空],zan4(zæ̃²²),zan4,暂无
松江,杖(杖),[空],zan4(zæ̃²²),zan4,暂无
松江,上(上),又,zan4(zæ̃²²),zan4,暂无
松江,仗(仗),炮~,zan6(zæ̃¹³),zan6,暂无
松江,上(上),又,zan6(zæ̃¹³),zan6,暂无
松江,尚(尚),又,zan6(zæ̃¹³),zan6,暂无
松江,让(讓),文,zan6(zæ̃¹³),zan6,暂无
松江,壤(壤),[空],zan6(zæ̃¹³),zan6,暂无
松江,嚷(嚷),[空],zan6(zæ̃¹³),zan6,暂无
松江,攘(攘),[空],zan6(zæ̃¹³),zan6,暂无
松江,剩(剩),白,zan6(zæ̃¹³),zan6,暂无
松江,锃(鋥),[空],zan6(zæ̃¹³),zan6,暂无
松江,盛(盛),姓,zan6(zæ̃¹³),zan6,暂无
松江,更(更),白,kan1(kæ̃⁵³),kan1,暂无
松江,粳(粳),白,kan1(kæ̃⁵³),kan1,暂无
松江,庚(庚),白,kan1(kæ̃⁵³),kan1,暂无
松江,羹(羹),白,kan1(kæ̃⁵³),kan1,暂无
松江,耕(耕),白,kan1(kæ̃⁵³),kan1,暂无
松江,耿(耿),白,kan3(kæ̃⁴⁴),kan3,暂无
松江,埂(埂),白,kan3(kæ̃⁴⁴),kan3,暂无
松江,哽(哽),白,kan3(kæ̃⁴⁴),kan3,暂无
松江,梗(梗),白,kan3(kæ̃⁴⁴),kan3,暂无
松江,骾(骾),白,kan3(kæ̃⁴⁴),kan3,暂无
松江,㾘(㾘),[空],kan3(kæ̃⁴⁴),kan3,暂无
松江,坑(坑),白,khan1(kʰæ̃⁵³),khan1,暂无
松江,硬(硬),[空],ngan6(ŋæ̃¹³),ngan6,暂无
松江,亨(亨),~通,han1(hæ̃⁵³),han1,暂无
松江,脝(脝),[空],han1(hæ̃⁵³),han1,暂无
松江,夯(夯),打~,han5(hæ̃³⁵),han5,暂无
松江,亨(亨),大~,han5(hæ̃³⁵),han5,暂无
松江,行(行),流行,ghan2(ɦæ̃³¹),ghan2,暂无
松江,桁(桁),[空],ghan2(ɦæ̃³¹),ghan2,暂无
松江,樱(櫻),[空],an1(æ̃⁵³),an1,暂无
松江,鹦(鸚),[空],an1(æ̃⁵³),an1,暂无
松江,杏(杏),[空],an3(æ̃⁴⁴),an3,暂无
松江,量(量),~长短,lian2(liæ̃³¹),lian2,暂无
松江,粮(糧),[空],lian2(liæ̃³¹),lian2,暂无
松江,良(良),[空],lian2(liæ̃³¹),lian2,暂无
松江,凉(涼),[空],lian2(liæ̃³¹),lian2,暂无
松江,梁(梁),[空],lian2(liæ̃³¹),lian2,暂无
松江,粱(粱),[空],lian2(liæ̃³¹),lian2,暂无
松江,两(兩),[空],lian4(liæ̃²²),lian4,暂无
松江,辆(輛),[空],lian4(liæ̃²²),lian4,暂无
松江,量(量),数~,lian6(liæ̃¹³),lian6,暂无
松江,亮(亮),[空],lian6(liæ̃¹³),lian6,暂无
松江,谅(諒),[空],lian6(liæ̃¹³),lian6,暂无
松江,晾(晾),[空],lian6(liæ̃¹³),lian6,暂无
松江,将(將),~来,tsian1(ʦiæ̃⁵³),tsian1,暂无
松江,浆(漿),[空],tsian1(ʦiæ̃⁵³),tsian1,暂无
松江,奖(獎),[空],tsian3(ʦiæ̃⁴⁴),tsian3,暂无
松江,蒋(蔣),[空],tsian3(ʦiæ̃⁴⁴),tsian3,暂无
松江,桨(槳),[空],tsian3(ʦiæ̃⁴⁴),tsian3,暂无
松江,将(將),大~,tsian5(ʦiæ̃³⁵),tsian5,暂无
松江,酱(醬),[空],tsian5(ʦiæ̃³⁵),tsian5,暂无
松江,枪(槍),[空],tshian1(ʦʰiæ̃⁵³),tshian1,暂无
松江,跄(蹌),[空],tshian1(ʦʰiæ̃⁵³),tshian1,暂无
松江,锵(鏘),[空],tshian1(ʦʰiæ̃⁵³),tshian1,暂无
松江,抢(搶),[空],tshian3(ʦʰiæ̃⁴⁴),tshian3,暂无
松江,呛(嗆),[空],tshian5(ʦʰiæ̃³⁵),tshian5,暂无
松江,戧(戧),斜倚,tshian5(ʦʰiæ̃³⁵),tshian5,暂无
松江,𪉨(𪉨),用酒或醋腌渍,tshian5(ʦʰiæ̃³⁵),tshian5,暂无
松江,相(相),~互,sian1(siæ̃⁵³),sian1,暂无
松江,箱(箱),[空],sian1(siæ̃⁵³),sian1,暂无
松江,厢(廂),[空],sian1(siæ̃⁵³),sian1,暂无
松江,湘(湘),[空],sian1(siæ̃⁵³),sian1,暂无
松江,镶(鑲),[空],sian1(siæ̃⁵³),sian1,暂无
松江,骧(驤),[空],sian1(siæ̃⁵³),sian1,暂无
松江,想(想),[空],sian3(siæ̃⁴⁴),sian3,暂无
松江,鲞(鯗),[空],sian3(siæ̃⁴⁴),sian3,暂无
松江,相(相),~面,sian5(siæ̃³⁵),sian5,暂无
松江,祥(祥),[空],zian2(ziæ̃³¹),zian2,暂无
松江,详(詳),[空],zian2(ziæ̃³¹),zian2,暂无
松江,庠(庠),[空],zian2(ziæ̃³¹),zian2,暂无
松江,墙(牆),[空],zian2(ziæ̃³¹),zian2,暂无
松江,蔷(薔),[空],zian2(ziæ̃³¹),zian2,暂无
松江,樯(檣),[空],zian2(ziæ̃³¹),zian2,暂无
松江,翔(翔),[空],zian2(ziæ̃³¹),zian2,暂无
松江,戕(戕),[空],zian2(ziæ̃³¹),zian2,暂无
松江,象(象),[空],zian4(ziæ̃²²),zian4,暂无
松江,像(像),[空],zian4(ziæ̃²²),zian4,暂无
松江,橡(橡),[空],zian4(ziæ̃²²),zian4,暂无
松江,像(像),肖~,zian6(ziæ̃¹³),zian6,暂无
松江,匠(匠),[空],zian6(ziæ̃¹³),zian6,暂无
松江,姜(姜),[空],cian1(ciæ̃⁵³),cian1,暂无
松江,疆(疆),[空],cian1(ciæ̃⁵³),cian1,暂无
松江,僵(僵),[空],cian1(ciæ̃⁵³),cian1,暂无
松江,薑(薑),[空],cian1(ciæ̃⁵³),cian1,暂无
松江,缰(韁),[空],cian1(ciæ̃⁵³),cian1,暂无
松江,礓(礓),[空],cian1(ciæ̃⁵³),cian1,暂无
松江,江(江),文,cian1(ciæ̃⁵³),cian1,暂无
松江,讲(講),文,cian3(ciæ̃⁴⁴),cian3,暂无
松江,降(降),~落,cian5(ciæ̃³⁵),cian5,暂无
松江,绛(絳),文,cian5(ciæ̃³⁵),cian5,暂无
松江,腔(腔),[空],chian1(cʰiæ̃⁵³),chian1,暂无
松江,羌(羌),文,chian1(cʰiæ̃⁵³),chian1,暂无
松江,强(強),勉~,chian3(cʰiæ̃⁴⁴),chian3,暂无
松江,镪(鏹),[空],chian3(cʰiæ̃⁴⁴),chian3,暂无
松江,襁(襁),[空],chian3(cʰiæ̃⁴⁴),chian3,暂无
松江,强(強),~大,jian2(ɟiæ̃³¹),jian2,暂无
松江,𠼢(𠼢),[空],jian2(ɟiæ̃³¹),jian2,暂无
松江,犟(犟),[空],jian4(ɟiæ̃²²),jian4,暂无
松江,酿(釀),酒~,gnian1(ɲiæ̃⁵³),gnian1,暂无
松江,娘(娘),[空],gnian2(ɲiæ̃³¹),gnian2,暂无
松江,仰(仰),[空],gnian3(ɲiæ̃⁴⁴),gnian3,暂无
松江,孃(孃),[空],gnian3(ɲiæ̃⁴⁴),gnian3,暂无
松江,酿(釀),酝~,gnian5(ɲiæ̃³⁵),gnian5,暂无
松江,让(讓),白,gnian6(ɲiæ̃¹³),gnian6,暂无
松江,香(香),[空],shian1(çiæ̃⁵³),shian1,暂无
松江,乡(鄉),[空],shian1(çiæ̃⁵³),shian1,暂无
松江,响(響),[空],shian3(çiæ̃⁴⁴),shian3,暂无
松江,晌(晌),[空],shian3(çiæ̃⁴⁴),shian3,暂无
松江,向(向),[空],shian5(çiæ̃³⁵),shian5,暂无
松江,饷(餉),[空],shian5(çiæ̃³⁵),shian5,暂无
松江,享(享),[空],shian5(çiæ̃³⁵),shian5,暂无
松江,羊(羊),[空],yan2(ɦiæ̃³¹),yan2,暂无
松江,洋(洋),[空],yan2(ɦiæ̃³¹),yan2,暂无
松江,佯(佯),[空],yan2(ɦiæ̃³¹),yan2,暂无
松江,蛘(蛘),[空],yan2(ɦiæ̃³¹),yan2,暂无
松江,阳(陽),[空],yan2(ɦiæ̃³¹),yan2,暂无
松江,扬(揚),[空],yan2(ɦiæ̃³¹),yan2,暂无
松江,杨(楊),[空],yan2(ɦiæ̃³¹),yan2,暂无
松江,疡(瘍),[空],yan2(ɦiæ̃³¹),yan2,暂无
松江,炀(煬),[空],yan2(ɦiæ̃³¹),yan2,暂无
松江,烊(烊),[空],yan2(ɦiæ̃³¹),yan2,暂无
松江,养(養),[空],yan4(ɦiæ̃²²),yan4,暂无
松江,痒(癢),[空],yan4(ɦiæ̃²²),yan4,暂无
松江,氧(氧),[空],yan4(ɦiæ̃²²),yan4,暂无
松江,漾(漾),[空],yan6(ɦiæ̃¹³),yan6,暂无
松江,央(央),[空],ian1(iæ̃⁵³),ian1,暂无
松江,秧(秧),[空],ian1(iæ̃⁵³),ian1,暂无
松江,殃(殃),[空],ian1(iæ̃⁵³),ian1,暂无
松江,泱(泱),[空],ian1(iæ̃⁵³),ian1,暂无
松江,怏(怏),[空],ian1(iæ̃⁵³),ian1,暂无
松江,鞅(鞅),[空],ian1(iæ̃⁵³),ian1,暂无
松江,鸯(鴦),[空],ian1(iæ̃⁵³),ian1,暂无
松江,样(樣),[空],ian5(iæ̃³⁵),ian5,暂无
松江,漾(漾),文,ian5(iæ̃³⁵),ian5,暂无
松江,恙(恙),[空],ian5(iæ̃³⁵),ian5,暂无
松江,映(映),[空],ian5(iæ̃³⁵),ian5,暂无
松江,光(光),~火,kuan1(kuæ̃⁵³),kuan1,暂无
松江,横(橫),不讲理,uan1(uæ̃⁵³),uan1,暂无
松江,帮(幫),[空],paon1(ɓɒ̃⁵³),paon1,暂无
松江,邦(邦),[空],paon1(ɓɒ̃⁵³),paon1,暂无
松江,梆(梆),[空],paon1(ɓɒ̃⁵³),paon1,暂无
松江,榜(榜),[空],paon3(ɓɒ̃⁴⁴),paon3,暂无
松江,镑(鎊),[空],paon3(ɓɒ̃⁴⁴),paon3,暂无
松江,膀(膀),[空],paon3(ɓɒ̃⁴⁴),paon3,暂无
松江,磅(磅),[空],paon3(ɓɒ̃⁴⁴),paon3,暂无
松江,绑(綁),[空],paon3(ɓɒ̃⁴⁴),paon3,暂无
松江,谤(謗),[空],paon5(ɓɒ̃³⁵),paon5,暂无
松江,滂(滂),[空],phaon1(pʰɒ̃⁵³),phaon1,暂无
松江,髈(髈),脚~,phaon3(pʰɒ̃⁴⁴),phaon3,暂无
松江,胖(胖),[空],phaon5(pʰɒ̃³⁵),phaon5,暂无
松江,旁(旁),[空],baon2(bɒ̃³¹),baon2,暂无
松江,螃(螃),[空],baon2(bɒ̃³¹),baon2,暂无
松江,鳑(鰟),[空],baon2(bɒ̃³¹),baon2,暂无
松江,滂(滂),~沱,baon2(bɒ̃³¹),baon2,暂无
松江,膀(膀),~胱,baon2(bɒ̃³¹),baon2,暂无
松江,防(防),[空],baon2(bɒ̃³¹),baon2,暂无
松江,庞(龐),[空],baon2(bɒ̃³¹),baon2,暂无
松江,棒(棒),[空],baon4(bɒ̃²²),baon4,暂无
松江,傍(傍),[空],baon6(bɒ̃¹³),baon6,暂无
松江,忙(忙),[空],maon2(mɒ̃³¹),maon2,暂无
松江,芒(芒),[空],maon2(mɒ̃³¹),maon2,暂无
松江,茫(茫),[空],maon2(mɒ̃³¹),maon2,暂无
松江,亡(亡),关~,maon2(mɒ̃³¹),maon2,暂无
松江,罔(罔),捏~,maon2(mɒ̃³¹),maon2,暂无
松江,盲(盲),文,maon2(mɒ̃³¹),maon2,暂无
松江,氓(氓),白,maon2(mɒ̃³¹),maon2,暂无
松江,虻(虻),文,maon2(mɒ̃³¹),maon2,暂无
松江,芒(芒),~果,maon4(mɒ̃²²),maon4,暂无
松江,莽(莽),[空],maon4(mɒ̃²²),maon4,暂无
松江,蟒(蟒),[空],maon4(mɒ̃²²),maon4,暂无
松江,网(網),白,maon4(mɒ̃²²),maon4,暂无
松江,望(望),白,maon6(mɒ̃¹³),maon6,暂无
松江,忘(忘),白,maon6(mɒ̃¹³),maon6,暂无
松江,妄(妄),白,maon6(mɒ̃¹³),maon6,暂无
松江,梦(夢),[空],maon6(mɒ̃¹³),maon6,暂无
松江,荒(荒),[空],faon1(ɸɒ̃⁵³),faon1,暂无
松江,慌(慌),[空],faon1(ɸɒ̃⁵³),faon1,暂无
松江,肓(肓),[空],faon1(ɸɒ̃⁵³),faon1,暂无
松江,方(方),[空],faon1(ɸɒ̃⁵³),faon1,暂无
松江,芳(芳),[空],faon1(ɸɒ̃⁵³),faon1,暂无
松江,肪(肪),[空],faon1(ɸɒ̃⁵³),faon1,暂无
松江,坊(坊),[空],faon1(ɸɒ̃⁵³),faon1,暂无
松江,黄(黃),蛋黄,faon1(ɸɒ̃⁵³),faon1,暂无
松江,谎(謊),[空],faon3(ɸɒ̃⁴⁴),faon3,暂无
松江,恍(恍),[空],faon3(ɸɒ̃⁴⁴),faon3,暂无
松江,纺(紡),[空],faon3(ɸɒ̃⁴⁴),faon3,暂无
松江,仿(仿),[空],faon3(ɸɒ̃⁴⁴),faon3,暂无
松江,舫(舫),[空],faon3(ɸɒ̃⁴⁴),faon3,暂无
松江,彷(彷),~彿,faon3(ɸɒ̃⁴⁴),faon3,暂无
松江,妨(妨),[空],faon3(ɸɒ̃⁴⁴),faon3,暂无
松江,访(訪),[空],faon5(ɸɒ̃³⁵),faon5,暂无
松江,放(放),[空],faon5(ɸɒ̃³⁵),faon5,暂无
松江,晃(晃),[空],faon5(ɸɒ̃³⁵),faon5,暂无
松江,况(況),[空],faon5(ɸɒ̃³⁵),faon5,暂无
松江,皇(皇),[空],vaon2(βɒ̃³¹),vaon2,暂无
松江,蝗(蝗),[空],vaon2(βɒ̃³¹),vaon2,暂无
松江,惶(惶),[空],vaon2(βɒ̃³¹),vaon2,暂无
松江,遑(遑),[空],vaon2(βɒ̃³¹),vaon2,暂无
松江,徨(徨),[空],vaon2(βɒ̃³¹),vaon2,暂无
松江,黄(黃),[空],vaon2(βɒ̃³¹),vaon2,暂无
松江,簧(簧),[空],vaon2(βɒ̃³¹),vaon2,暂无
松江,磺(磺),[空],vaon2(βɒ̃³¹),vaon2,暂无
松江,潢(潢),[空],vaon2(βɒ̃³¹),vaon2,暂无
松江,璜(璜),[空],vaon2(βɒ̃³¹),vaon2,暂无
松江,蟥(蟥),[空],vaon2(βɒ̃³¹),vaon2,暂无
松江,房(房),[空],vaon2(βɒ̃³¹),vaon2,暂无
松江,亡(亡),文,vaon2(βɒ̃³¹),vaon2,暂无
松江,王(王),[空],vaon2(βɒ̃³¹),vaon2,暂无
松江,罔(罔),荒唐,vaon2(βɒ̃³¹),vaon2,暂无
松江,衁(衁),血,vaon2(βɒ̃³¹),vaon2,暂无
松江,网(網),文,vaon4(βɒ̃²²),vaon4,暂无
松江,辋(輞),[空],vaon4(βɒ̃²²),vaon4,暂无
松江,望(望),文,vaon6(βɒ̃¹³),vaon6,暂无
松江,忘(忘),文,vaon6(βɒ̃¹³),vaon6,暂无
松江,妄(妄),文,vaon6(βɒ̃¹³),vaon6,暂无
松江,旺(旺),文,vaon6(βɒ̃¹³),vaon6,暂无
松江,端(端),~午,taon1(ɗɒ̃⁵³),taon1,暂无
松江,当(當),~时,taon1(ɗɒ̃⁵³),taon1,暂无
松江,裆(襠),[空],taon1(ɗɒ̃⁵³),taon1,暂无
松江,铛(鐺),[空],taon1(ɗɒ̃⁵³),taon1,暂无
松江,档(檔),软~,taon1(ɗɒ̃⁵³),taon1,暂无
松江,党(黨),[空],taon3(ɗɒ̃⁴⁴),taon3,暂无
松江,挡(擋),[空],taon3(ɗɒ̃⁴⁴),taon3,暂无
松江,噹(噹),[空],taon3(ɗɒ̃⁴⁴),taon3,暂无
松江,当(當),上~,taon5(ɗɒ̃³⁵),taon5,暂无
松江,档(檔),[空],taon5(ɗɒ̃³⁵),taon5,暂无
松江,汤(湯),[空],thaon1(tʰɒ̃⁵³),thaon1,暂无
松江,𢴳(𢴳),挡住,thaon1(tʰɒ̃⁵³),thaon1,暂无
松江,躺(躺),[空],thaon3(tʰɒ̃⁴⁴),thaon3,暂无
松江,倘(倘),[空],thaon3(tʰɒ̃⁴⁴),thaon3,暂无
松江,淌(淌),[空],thaon3(tʰɒ̃⁴⁴),thaon3,暂无
松江,踼(踼),滑跌,thaon3(tʰɒ̃⁴⁴),thaon3,暂无
松江,烫(燙),[空],thaon5(tʰɒ̃³⁵),thaon5,暂无
松江,趟(趟),[空],thaon5(tʰɒ̃³⁵),thaon5,暂无
松江,耥(耥),~稻,thaon5(tʰɒ̃³⁵),thaon5,暂无
松江,傥(傥),[空],thaon5(tʰɒ̃³⁵),thaon5,暂无
松江,堂(堂),[空],daon2(dɒ̃³¹),daon2,暂无
松江,螳(螳),[空],daon2(dɒ̃³¹),daon2,暂无
松江,膛(膛),[空],daon2(dɒ̃³¹),daon2,暂无
松江,棠(棠),[空],daon2(dɒ̃³¹),daon2,暂无
松江,唐(唐),[空],daon2(dɒ̃³¹),daon2,暂无
松江,糖(糖),[空],daon2(dɒ̃³¹),daon2,暂无
松江,塘(塘),[空],daon2(dɒ̃³¹),daon2,暂无
松江,搪(搪),[空],daon2(dɒ̃³¹),daon2,暂无
松江,溏(溏),[空],daon2(dɒ̃³¹),daon2,暂无
松江,凼(氹),[空],daon4(dɒ̃²²),daon4,暂无
松江,荡(盪),户~,daon4(dɒ̃²²),daon4,暂无
松江,盪(盪),[空],daon4(dɒ̃²²),daon4,暂无
松江,宕(宕),又,daon6(dɒ̃¹³),daon6,暂无
松江,荡(盪),~湖船,daon6(dɒ̃¹³),daon6,暂无
松江,趤(趤),𧻴~：逸游,daon6(dɒ̃¹³),daon6,暂无
松江,囊(囊),[空],naon2(nɒ̃³¹),naon2,暂无
松江,瓤(瓤),[空],naon2(nɒ̃³¹),naon2,暂无
松江,曩(曩),[空],naon4(nɒ̃²²),naon4,暂无
松江,儾(儾),跳板等上下颤动,naon5(nɒ̃³⁵),naon5,暂无
松江,誏(誏),~声：嘲讽,laon1(lɒ̃⁵³),laon1,暂无
松江,狼(狼),[空],laon2(lɒ̃³¹),laon2,暂无
松江,郎(郎),[空],laon2(lɒ̃³¹),laon2,暂无
松江,廊(廊),[空],laon2(lɒ̃³¹),laon2,暂无
松江,榔(榔),[空],laon2(lɒ̃³¹),laon2,暂无
松江,螂(螂),[空],laon2(lɒ̃³¹),laon2,暂无
松江,琅(瑯),[空],laon2(lɒ̃³¹),laon2,暂无
松江,稂(稂),[空],laon2(lɒ̃³¹),laon2,暂无
松江,啷(啷),象声词,laon3(lɒ̃⁴⁴),laon3,暂无
松江,朗(朗),[空],laon4(lɒ̃²²),laon4,暂无
松江,浪(浪),[空],laon6(lɒ̃¹³),laon6,暂无
松江,㫰(㫰),晾晒,laon6(lɒ̃¹³),laon6,暂无
松江,𧻴(𧻴),~趤：逸游,laon6(lɒ̃¹³),laon6,暂无
松江,脏(髒),肮~,tsaon1(ʦɒ̃⁵³),tsaon1,暂无
松江,赃(贓),[空],tsaon1(ʦɒ̃⁵³),tsaon1,暂无
松江,臧(臧),[空],tsaon1(ʦɒ̃⁵³),tsaon1,暂无
松江,装(裝),[空],tsaon1(ʦɒ̃⁵³),tsaon1,暂无
松江,庄(莊),[空],tsaon1(ʦɒ̃⁵³),tsaon1,暂无
松江,章(章),姓,tsaon1(ʦɒ̃⁵³),tsaon1,暂无
松江,樟(樟),[空],tsaon1(ʦɒ̃⁵³),tsaon1,暂无
松江,桩(樁),[空],tsaon1(ʦɒ̃⁵³),tsaon1,暂无
松江,掌(掌),巴~,tsaon3(ʦɒ̃⁴⁴),tsaon3,暂无
松江,奘(奘),[空],tsaon5(ʦɒ̃³⁵),tsaon5,暂无
松江,葬(葬),[空],tsaon5(ʦɒ̃³⁵),tsaon5,暂无
松江,壮(壯),[空],tsaon5(ʦɒ̃³⁵),tsaon5,暂无
松江,障(障),[空],tsaon5(ʦɒ̃³⁵),tsaon5,暂无
松江,瘴(瘴),[空],tsaon5(ʦɒ̃³⁵),tsaon5,暂无
松江,仓(倉),[空],tshaon1(ʦʰɒ̃⁵³),tshaon1,暂无
松江,苍(蒼),[空],tshaon1(ʦʰɒ̃⁵³),tshaon1,暂无
松江,舱(艙),[空],tshaon1(ʦʰɒ̃⁵³),tshaon1,暂无
松江,伧(傖),[空],tshaon1(ʦʰɒ̃⁵³),tshaon1,暂无
松江,疮(瘡),[空],tshaon1(ʦʰɒ̃⁵³),tshaon1,暂无
松江,昌(昌),[空],tshaon1(ʦʰɒ̃⁵³),tshaon1,暂无
松江,菖(菖),[空],tshaon1(ʦʰɒ̃⁵³),tshaon1,暂无
松江,窗(窗),[空],tshaon1(ʦʰɒ̃⁵³),tshaon1,暂无
松江,闯(闖),[空],tshaon5(ʦʰɒ̃³⁵),tshaon5,暂无
松江,创(創),[空],tshaon5(ʦʰɒ̃³⁵),tshaon5,暂无
松江,唱(唱),[空],tshaon5(ʦʰɒ̃³⁵),tshaon5,暂无
松江,倡(倡),[空],tshaon5(ʦʰɒ̃³⁵),tshaon5,暂无
松江,桑(桑),[空],saon1(sɒ̃⁵³),saon1,暂无
松江,丧(喪),出~,saon1(sɒ̃⁵³),saon1,暂无
松江,磉(磉),[空],saon1(sɒ̃⁵³),saon1,暂无
松江,霜(霜),[空],saon1(sɒ̃⁵³),saon1,暂无
松江,孀(孀),[空],saon1(sɒ̃⁵³),saon1,暂无
松江,伤(傷),[空],saon1(sɒ̃⁵³),saon1,暂无
松江,商(商),[空],saon1(sɒ̃⁵³),saon1,暂无
松江,双(雙),[空],saon1(sɒ̃⁵³),saon1,暂无
松江,嗓(嗓),[空],saon3(sɒ̃⁴⁴),saon3,暂无
松江,搡(搡),[空],saon3(sɒ̃⁴⁴),saon3,暂无
松江,爽(爽),[空],saon3(sɒ̃⁴⁴),saon3,暂无
松江,赏(賞),[空],saon3(sɒ̃⁴⁴),saon3,暂无
松江,丧(喪),~失,saon5(sɒ̃³⁵),saon5,暂无
松江,藏(藏),躲~,zaon2(zɒ̃³¹),zaon2,暂无
松江,床(床),[空],zaon2(zɒ̃³¹),zaon2,暂无
松江,尝(嘗),[空],zaon2(zɒ̃³¹),zaon2,暂无
松江,裳(裳),[空],zaon2(zɒ̃³¹),zaon2,暂无
松江,偿(償),[空],zaon2(zɒ̃³¹),zaon2,暂无
松江,上(上),~山,zaon4(zɒ̃²²),zaon4,暂无
松江,鞝(鞝),~鞋子,zaon4(zɒ̃²²),zaon4,暂无
松江,藏(藏),西~,zaon6(zɒ̃¹³),zaon6,暂无
松江,脏(臟),五~,zaon6(zɒ̃¹³),zaon6,暂无
松江,状(狀),[空],zaon6(zɒ̃¹³),zaon6,暂无
松江,上(上),~面,zaon6(zɒ̃¹³),zaon6,暂无
松江,尚(尚),[空],zaon6(zɒ̃¹³),zaon6,暂无
松江,幢(幢),[空],zaon6(zɒ̃¹³),zaon6,暂无
松江,撞(撞),[空],zaon6(zɒ̃¹³),zaon6,暂无
松江,冈(岡),[空],kaon1(kɒ̃⁵³),kaon1,暂无
松江,刚(剛),[空],kaon1(kɒ̃⁵³),kaon1,暂无
松江,岗(崗),[空],kaon1(kɒ̃⁵³),kaon1,暂无
松江,钢(鋼),[空],kaon1(kɒ̃⁵³),kaon1,暂无
松江,纲(綱),[空],kaon1(kɒ̃⁵³),kaon1,暂无
松江,罡(罡),[空],kaon1(kɒ̃⁵³),kaon1,暂无
松江,扛(扛),[空],kaon1(kɒ̃⁵³),kaon1,暂无
松江,缸(缸),[空],kaon1(kɒ̃⁵³),kaon1,暂无
松江,肛(肛),[空],kaon1(kɒ̃⁵³),kaon1,暂无
松江,江(江),白,kaon1(kɒ̃⁵³),kaon1,暂无
松江,豇(豇),[空],kaon1(kɒ̃⁵³),kaon1,暂无
松江,讲(講),白,kaon3(kɒ̃⁴⁴),kaon3,暂无
松江,港(港),[空],kaon3(kɒ̃⁴⁴),kaon3,暂无
松江,杠(槓),[空],kaon5(kɒ̃³⁵),kaon5,暂无
松江,降(降),下~,kaon5(kɒ̃³⁵),kaon5,暂无
松江,绛(絳),白,kaon5(kɒ̃³⁵),kaon5,暂无
松江,康(康),[空],khaon1(kʰɒ̃⁵³),khaon1,暂无
松江,糠(糠),[空],khaon1(kʰɒ̃⁵³),khaon1,暂无
松江,颃(頏),[空],khaon1(kʰɒ̃⁵³),khaon1,暂无
松江,匡(匡),[空],khaon1(kʰɒ̃⁵³),khaon1,暂无
松江,筐(筐),[空],khaon1(kʰɒ̃⁵³),khaon1,暂无
松江,坑(坑),文,khaon1(kʰɒ̃⁵³),khaon1,暂无
松江,慷(慷),[空],khaon3(kʰɒ̃⁴⁴),khaon3,暂无
松江,匟(匟),~床,khaon3(kʰɒ̃⁴⁴),khaon3,暂无
松江,抗(抗),[空],khaon5(kʰɒ̃³⁵),khaon5,暂无
松江,亢(亢),[空],khaon5(kʰɒ̃³⁵),khaon5,暂无
松江,炕(炕),[空],khaon5(kʰɒ̃³⁵),khaon5,暂无
松江,囥(囥),[空],khaon5(kʰɒ̃³⁵),khaon5,暂无
松江,戆(戇),傻,gaon4(ɡɒ̃²²),gaon4,暂无
松江,昂(昂),[空],ngaon3(ŋɒ̃⁴⁴),ngaon3,暂无
松江,望(望),[空],ngaon6(ŋɒ̃¹³),ngaon6,暂无
松江,𥭚(𥭚),~板,ngaon6(ŋɒ̃¹³),ngaon6,暂无
松江,杭(杭),[空],ghaon2(ɦɒ̃³¹),ghaon2,暂无
松江,航(航),[空],ghaon2(ɦɒ̃³¹),ghaon2,暂无
松江,行(行),~列,ghaon2(ɦɒ̃³¹),ghaon2,暂无
松江,绗(絎),[空],ghaon2(ɦɒ̃³¹),ghaon2,暂无
松江,降(降),投~,ghaon2(ɦɒ̃³¹),ghaon2,暂无
松江,项(項),[空],ghaon4(ɦɒ̃²²),ghaon4,暂无
松江,巷(巷),[空],ghaon4(ɦɒ̃²²),ghaon4,暂无
松江,肮(骯),[空],aon1(ɒ̃⁵³),aon1,暂无
松江,羌(羌),白,chiaon1(cʰiɒ̃⁵³),chiaon1,暂无
松江,眶(眶),白,chiaon1(cʰiɒ̃⁵³),chiaon1,暂无
松江,旺(旺),白,yaon6(ɦiɒ̃¹³),yaon6,暂无
松江,光(光),[空],kuaon1(kuɒ̃⁵³),kuaon1,暂无
松江,胱(胱),[空],kuaon1(kuɒ̃⁵³),kuaon1,暂无
松江,广(廣),[空],kuaon3(kuɒ̃⁴⁴),kuaon3,暂无
松江,逛(逛),[空],kuaon5(kuɒ̃³⁵),kuaon5,暂无
松江,匡(匡),又,khuaon1(kʰuɒ̃⁵³),khuaon1,暂无
松江,框(框),[空],khuaon1(kʰuɒ̃⁵³),khuaon1,暂无
松江,筐(筐),又,khuaon1(kʰuɒ̃⁵³),khuaon1,暂无
松江,诓(誆),[空],khuaon3(kʰuɒ̃⁴⁴),khuaon3,暂无
松江,旷(曠),[空],khuaon5(kʰuɒ̃³⁵),khuaon5,暂无
松江,圹(壙),[空],khuaon5(kʰuɒ̃³⁵),khuaon5,暂无
松江,邝(鄺),[空],khuaon5(kʰuɒ̃³⁵),khuaon5,暂无
松江,眶(眶),文,khuaon5(kʰuɒ̃³⁵),khuaon5,暂无
松江,矿(礦),[空],khuaon5(kʰuɒ̃³⁵),khuaon5,暂无
松江,狂(狂),[空],guaon2(ɡuɒ̃³¹),guaon2,暂无
松江,汪(汪),[空],uaon1(uɒ̃⁵³),uaon1,暂无
松江,往(往),[空],uaon3(uɒ̃⁴⁴),uaon3,暂无
松江,枉(枉),[空],uaon3(uɒ̃⁴⁴),uaon3,暂无
松江,枉(枉),又,uaon5(uɒ̃³⁵),uaon5,暂无
松江,奔(奔),[空],pen1(ɓəŋ⁵³),pen1,暂无
松江,锛(錛),[空],pen1(ɓəŋ⁵³),pen1,暂无
松江,畚(畚),[空],pen1(ɓəŋ⁵³),pen1,暂无
松江,崩(崩),文,pen1(ɓəŋ⁵³),pen1,暂无
松江,绷(繃),文,pen1(ɓəŋ⁵³),pen1,暂无
松江,痭(痭),[空],pen1(ɓəŋ⁵³),pen1,暂无
松江,本(本),[空],pen3(ɓəŋ⁴⁴),pen3,暂无
松江,蹦(蹦),文，又,pen5(ɓəŋ³⁵),pen5,暂无
松江,喷(噴),[空],phen1(pʰəŋ⁵³),phen1,暂无
松江,烹(烹),文,phen1(pʰəŋ⁵³),phen1,暂无
松江,抨(抨),[空],phen1(pʰəŋ⁵³),phen1,暂无
松江,盆(盆),[空],ben2(bəŋ³¹),ben2,暂无
松江,朋(朋),文,ben2(bəŋ³¹),ben2,暂无
松江,笨(笨),[空],ben6(bəŋ¹³),ben6,暂无
松江,坌(坌),挖掘,ben6(bəŋ¹³),ben6,暂无
松江,焖(燜),[空],men1(məŋ⁵³),men1,暂无
松江,闷(悶),又,men1(məŋ⁵³),men1,暂无
松江,门(門),[空],men2(məŋ³¹),men2,暂无
松江,们(們),[空],men2(məŋ³¹),men2,暂无
松江,蚊(蚊),白,men2(məŋ³¹),men2,暂无
松江,闻(聞),白,men2(məŋ³¹),men2,暂无
松江,氓(氓),文,men2(məŋ³¹),men2,暂无
松江,萌(萌),[空],men2(məŋ³¹),men2,暂无
松江,明(明),~朝,men2(məŋ³¹),men2,暂无
松江,盟(盟),[空],men2(məŋ³¹),men2,暂无
松江,蜢(蜢),文,men4(məŋ²²),men4,暂无
松江,闷(悶),[空],men6(məŋ¹³),men6,暂无
松江,焖(燜),又,men6(məŋ¹³),men6,暂无
松江,问(問),动词,men6(məŋ¹³),men6,暂无
松江,猛(猛),文,men6(məŋ¹³),men6,暂无
松江,孟(孟),文,men6(məŋ¹³),men6,暂无
松江,昏(昏),[空],fen1(ɸəŋ⁵³),fen1,暂无
松江,婚(婚),[空],fen1(ɸəŋ⁵³),fen1,暂无
松江,分(分),[空],fen1(ɸəŋ⁵³),fen1,暂无
松江,芬(芬),[空],fen1(ɸəŋ⁵³),fen1,暂无
松江,吩(吩),[空],fen1(ɸəŋ⁵³),fen1,暂无
松江,纷(紛),[空],fen1(ɸəŋ⁵³),fen1,暂无
松江,汾(汾),[空],fen1(ɸəŋ⁵³),fen1,暂无
松江,氛(氛),[空],fen1(ɸəŋ⁵³),fen1,暂无
松江,荤(葷),[空],fen1(ɸəŋ⁵³),fen1,暂无
松江,粉(粉),[空],fen3(ɸəŋ⁴⁴),fen3,暂无
松江,粪(糞),[空],fen5(ɸəŋ³⁵),fen5,暂无
松江,奋(奮),[空],fen5(ɸəŋ³⁵),fen5,暂无
松江,魂(魂),[空],ven2(βəŋ³¹),ven2,暂无
松江,馄(餛),[空],ven2(βəŋ³¹),ven2,暂无
松江,浑(渾),[空],ven2(βəŋ³¹),ven2,暂无
松江,坟(墳),[空],ven2(βəŋ³¹),ven2,暂无
松江,文(文),[空],ven2(βəŋ³¹),ven2,暂无
松江,纹(紋),[空],ven2(βəŋ³¹),ven2,暂无
松江,蚊(蚊),文,ven2(βəŋ³¹),ven2,暂无
松江,闻(聞),文,ven2(βəŋ³¹),ven2,暂无
松江,焚(焚),[空],ven2(βəŋ³¹),ven2,暂无
松江,雯(雯),[空],ven2(βəŋ³¹),ven2,暂无
松江,混(混),[空],ven4(βəŋ²²),ven4,暂无
松江,诨(諢),[空],ven4(βəŋ²²),ven4,暂无
松江,紊(紊),[空],ven4(βəŋ²²),ven4,暂无
松江,愤(憤),[空],ven6(βəŋ¹³),ven6,暂无
松江,忿(忿),[空],ven6(βəŋ¹³),ven6,暂无
松江,份(份),[空],ven6(βəŋ¹³),ven6,暂无
松江,吻(吻),[空],ven6(βəŋ¹³),ven6,暂无
松江,刎(刎),[空],ven6(βəŋ¹³),ven6,暂无
松江,问(問),~题,ven6(βəŋ¹³),ven6,暂无
松江,敦(敦),[空],ten1(ɗəŋ⁵³),ten1,暂无
松江,墩(墩),[空],ten1(ɗəŋ⁵³),ten1,暂无
松江,惇(惇),[空],ten1(ɗəŋ⁵³),ten1,暂无
松江,驐(驐),[空],ten1(ɗəŋ⁵³),ten1,暂无
松江,蹲(蹲),[空],ten1(ɗəŋ⁵³),ten1,暂无
松江,灯(燈),[空],ten1(ɗəŋ⁵³),ten1,暂无
松江,登(登),[空],ten1(ɗəŋ⁵³),ten1,暂无
松江,蹭(蹭),磨~,ten1(ɗəŋ⁵³),ten1,暂无
松江,戥(戥),掂量,ten1(ɗəŋ⁵³),ten1,暂无
松江,趸(躉),[空],ten3(ɗəŋ⁴⁴),ten3,暂无
松江,盹(盹),[空],ten3(ɗəŋ⁴⁴),ten3,暂无
松江,等(等),[空],ten3(ɗəŋ⁴⁴),ten3,暂无
松江,戥(戥),~子,ten3(ɗəŋ⁴⁴),ten3,暂无
松江,顿(頓),[空],ten5(ɗəŋ³⁵),ten5,暂无
松江,炖(燉),[空],ten5(ɗəŋ³⁵),ten5,暂无
松江,吨(噸),[空],ten5(ɗəŋ³⁵),ten5,暂无
松江,扽(扽),[空],ten5(ɗəŋ³⁵),ten5,暂无
松江,凳(凳),[空],ten5(ɗəŋ³⁵),ten5,暂无
松江,瞪(瞪),[空],ten5(ɗəŋ³⁵),ten5,暂无
松江,镫(鐙),[空],ten5(ɗəŋ³⁵),ten5,暂无
松江,憕(憕),呆~~,ten5(ɗəŋ³⁵),ten5,暂无
松江,膯(膯),[空],ten5(ɗəŋ³⁵),ten5,暂无
松江,𤺌(𤺌),~食：积食,ten5(ɗəŋ³⁵),ten5,暂无
松江,吞(吞),[空],then1(tʰəŋ⁵³),then1,暂无
松江,暾(暾),[空],then1(tʰəŋ⁵³),then1,暂无
松江,氽(氽),[空],then3(tʰəŋ⁴⁴),then3,暂无
松江,𦜯(𦜯),用大量的油煠,then3(tʰəŋ⁴⁴),then3,暂无
松江,屯(屯),[空],den2(dəŋ³¹),den2,暂无
松江,臀(臀),[空],den2(dəŋ³¹),den2,暂无
松江,豚(豚),[空],den2(dəŋ³¹),den2,暂无
松江,饨(飩),[空],den2(dəŋ³¹),den2,暂无
松江,藤(藤),[空],den2(dəŋ³¹),den2,暂无
松江,滕(滕),[空],den2(dəŋ³¹),den2,暂无
松江,腾(騰),[空],den2(dəŋ³¹),den2,暂无
松江,誊(謄),[空],den2(dəŋ³¹),den2,暂无
松江,疼(疼),[空],den2(dəŋ³¹),den2,暂无
松江,囤(囤),草~,den4(dəŋ²²),den4,暂无
松江,𨄇(𨄇),急匆匆走路,den4(dəŋ²²),den4,暂无
松江,屯(屯),[空],den6(dəŋ¹³),den6,暂无
松江,囤(囤),文,den6(dəŋ¹³),den6,暂无
松江,沌(沌),[空],den6(dəŋ¹³),den6,暂无
松江,盾(盾),[空],den6(dəŋ¹³),den6,暂无
松江,钝(鈍),[空],den6(dəŋ¹³),den6,暂无
松江,遁(遁),[空],den6(dəŋ¹³),den6,暂无
松江,邓(鄧),[空],den6(dəŋ¹³),den6,暂无
松江,瞪(瞪),又,den6(dəŋ¹³),den6,暂无
松江,能(能),[空],nen2(nəŋ³¹),nen2,暂无
松江,嫩(嫩),[空],nen6(nəŋ¹³),nen6,暂无
松江,睖(睖),瞪眼,len1(ləŋ⁵³),len1,暂无
松江,疄(疄),畦,len2(ləŋ³¹),len2,暂无
松江,仑(崙),[空],len2(ləŋ³¹),len2,暂无
松江,崙(崙),[空],len2(ləŋ³¹),len2,暂无
松江,伦(倫),[空],len2(ləŋ³¹),len2,暂无
松江,沦(淪),[空],len2(ləŋ³¹),len2,暂无
松江,囵(圇),[空],len2(ləŋ³¹),len2,暂无
松江,论(論),~语,len2(ləŋ³¹),len2,暂无
松江,轮(輪),[空],len2(ləŋ³¹),len2,暂无
松江,埨(埨),[空],len2(ləŋ³¹),len2,暂无
松江,楞(楞),瓦~,len2(ləŋ³¹),len2,暂无
松江,冷(冷),文,len4(ləŋ²²),len4,暂无
松江,愣(愣),[空],len5(ləŋ³⁵),len5,暂无
松江,论(論),议~,len6(ləŋ¹³),len6,暂无
松江,针(針),[空],tsen1(ʦəŋ⁵³),tsen1,暂无
松江,箴(箴),[空],tsen1(ʦəŋ⁵³),tsen1,暂无
松江,斟(斟),[空],tsen1(ʦəŋ⁵³),tsen1,暂无
松江,砧(砧),[空],tsen1(ʦəŋ⁵³),tsen1,暂无
松江,椹(椹),[空],tsen1(ʦəŋ⁵³),tsen1,暂无
松江,枮(枮),[空],tsen1(ʦəŋ⁵³),tsen1,暂无
松江,甄(甄),[空],tsen1(ʦəŋ⁵³),tsen1,暂无
松江,真(真),[空],tsen1(ʦəŋ⁵³),tsen1,暂无
松江,槙(槙),楔子,tsen1(ʦəŋ⁵³),tsen1,暂无
松江,臻(臻),[空],tsen1(ʦəŋ⁵³),tsen1,暂无
松江,榛(榛),[空],tsen1(ʦəŋ⁵³),tsen1,暂无
松江,珍(珍),[空],tsen1(ʦəŋ⁵³),tsen1,暂无
松江,尊(尊),[空],tsen1(ʦəŋ⁵³),tsen1,暂无
松江,樽(樽),[空],tsen1(ʦəŋ⁵³),tsen1,暂无
松江,遵(遵),[空],tsen1(ʦəŋ⁵³),tsen1,暂无
松江,谆(諄),[空],tsen1(ʦəŋ⁵³),tsen1,暂无
松江,肫(肫),[空],tsen1(ʦəŋ⁵³),tsen1,暂无
松江,曾(曾),姓,tsen1(ʦəŋ⁵³),tsen1,暂无
松江,增(增),[空],tsen1(ʦəŋ⁵³),tsen1,暂无
松江,憎(憎),[空],tsen1(ʦəŋ⁵³),tsen1,暂无
松江,徵(徵),~求,tsen1(ʦəŋ⁵³),tsen1,暂无
松江,蒸(蒸),[空],tsen1(ʦəŋ⁵³),tsen1,暂无
松江,症(症),~结,tsen1(ʦəŋ⁵³),tsen1,暂无
松江,争(爭),文,tsen1(ʦəŋ⁵³),tsen1,暂无
松江,睁(睜),文,tsen1(ʦəŋ⁵³),tsen1,暂无
松江,挣(掙),[空],tsen1(ʦəŋ⁵³),tsen1,暂无
松江,筝(箏),[空],tsen1(ʦəŋ⁵³),tsen1,暂无
松江,贞(貞),[空],tsen1(ʦəŋ⁵³),tsen1,暂无
松江,侦(偵),[空],tsen1(ʦəŋ⁵³),tsen1,暂无
松江,正(正),~月,tsen1(ʦəŋ⁵³),tsen1,暂无
松江,征(征),[空],tsen1(ʦəŋ⁵³),tsen1,暂无
松江,㲀(㲀),用手挤压,tsen1(ʦəŋ⁵³),tsen1,暂无
松江,怎(怎),[空],tsen3(ʦəŋ⁴⁴),tsen3,暂无
松江,疹(疹),[空],tsen3(ʦəŋ⁴⁴),tsen3,暂无
松江,撙(撙),[空],tsen3(ʦəŋ⁴⁴),tsen3,暂无
松江,准(準),[空],tsen3(ʦəŋ⁴⁴),tsen3,暂无
松江,凖(凖),[空],tsen3(ʦəŋ⁴⁴),tsen3,暂无
松江,拯(拯),[空],tsen3(ʦəŋ⁴⁴),tsen3,暂无
松江,整(整),[空],tsen3(ʦəŋ⁴⁴),tsen3,暂无
松江,枕(枕),[空],tsen5(ʦəŋ³⁵),tsen5,暂无
松江,诊(診),[空],tsen5(ʦəŋ³⁵),tsen5,暂无
松江,镇(鎮),[空],tsen5(ʦəŋ³⁵),tsen5,暂无
松江,震(震),[空],tsen5(ʦəŋ³⁵),tsen5,暂无
松江,振(振),[空],tsen5(ʦəŋ³⁵),tsen5,暂无
松江,甑(甑),[空],tsen5(ʦəŋ³⁵),tsen5,暂无
松江,证(證),[空],tsen5(ʦəŋ³⁵),tsen5,暂无
松江,症(症),[空],tsen5(ʦəŋ³⁵),tsen5,暂无
松江,帧(幀),[空],tsen5(ʦəŋ³⁵),tsen5,暂无
松江,正(正),端~,tsen5(ʦəŋ³⁵),tsen5,暂无
松江,政(政),[空],tsen5(ʦəŋ³⁵),tsen5,暂无
松江,参(參),[空],tshen1(ʦʰəŋ⁵³),tshen1,暂无
松江,琛(琛),[空],tshen1(ʦʰəŋ⁵³),tshen1,暂无
松江,村(村),[空],tshen1(ʦʰəŋ⁵³),tshen1,暂无
松江,忖(忖),又,tshen1(ʦʰəŋ⁵³),tshen1,暂无
松江,皴(皴),[空],tshen1(ʦʰəŋ⁵³),tshen1,暂无
松江,春(春),[空],tshen1(ʦʰəŋ⁵³),tshen1,暂无
松江,椿(椿),[空],tshen1(ʦʰəŋ⁵³),tshen1,暂无
松江,称(稱),~呼,tshen1(ʦʰəŋ⁵³),tshen1,暂无
松江,撑(撐),文,tshen1(ʦʰəŋ⁵³),tshen1,暂无
松江,谶(讖),[空],tshen3(ʦʰəŋ⁴⁴),tshen3,暂无
松江,蠢(蠢),[空],tshen3(ʦʰəŋ⁴⁴),tshen3,暂无
松江,抻(抻),抖动衣物,tshen3(ʦʰəŋ⁴⁴),tshen3,暂无
松江,趁(趁),[空],tshen5(ʦʰəŋ³⁵),tshen5,暂无
松江,衬(襯),[空],tshen5(ʦʰəŋ³⁵),tshen5,暂无
松江,忖(忖),[空],tshen5(ʦʰəŋ³⁵),tshen5,暂无
松江,寸(寸),[空],tshen5(ʦʰəŋ³⁵),tshen5,暂无
松江,称(稱),~心,tshen5(ʦʰəŋ³⁵),tshen5,暂无
松江,秤(秤),[空],tshen5(ʦʰəŋ³⁵),tshen5,暂无
松江,骋(騁),[空],tshen5(ʦʰəŋ³⁵),tshen5,暂无
松江,逞(逞),[空],tshen5(ʦʰəŋ³⁵),tshen5,暂无
松江,森(森),[空],sen1(səŋ⁵³),sen1,暂无
松江,参(參),人~,sen1(səŋ⁵³),sen1,暂无
松江,深(深),[空],sen1(səŋ⁵³),sen1,暂无
松江,申(申),[空],sen1(səŋ⁵³),sen1,暂无
松江,伸(伸),[空],sen1(səŋ⁵³),sen1,暂无
松江,身(身),[空],sen1(səŋ⁵³),sen1,暂无
松江,孙(孫),[空],sen1(səŋ⁵³),sen1,暂无
松江,荪(蓀),[空],sen1(səŋ⁵³),sen1,暂无
松江,狲(猻),[空],sen1(səŋ⁵³),sen1,暂无
松江,僧(僧),[空],sen1(səŋ⁵³),sen1,暂无
松江,升(升),[空],sen1(səŋ⁵³),sen1,暂无
松江,生(生),文,sen1(səŋ⁵³),sen1,暂无
松江,笙(笙),文,sen1(səŋ⁵³),sen1,暂无
松江,牲(牲),文,sen1(səŋ⁵³),sen1,暂无
松江,甥(甥),文,sen1(səŋ⁵³),sen1,暂无
松江,声(聲),文,sen1(səŋ⁵³),sen1,暂无
松江,沈(沈),[空],sen3(səŋ⁴⁴),sen3,暂无
松江,婶(嬸),[空],sen3(səŋ⁴⁴),sen3,暂无
松江,审(審),[空],sen3(səŋ⁴⁴),sen3,暂无
松江,笋(筍),[空],sen3(səŋ⁴⁴),sen3,暂无
松江,榫(榫),[空],sen3(səŋ⁴⁴),sen3,暂无
松江,省(省),文,sen3(səŋ⁴⁴),sen3,暂无
松江,逊(遜),[空],sen5(səŋ³⁵),sen5,暂无
松江,损(損),[空],sen5(səŋ³⁵),sen5,暂无
松江,舜(舜),[空],sen5(səŋ³⁵),sen5,暂无
松江,瞬(瞬),[空],sen5(səŋ³⁵),sen5,暂无
松江,胜(勝),[空],sen5(səŋ³⁵),sen5,暂无
松江,圣(聖),[空],sen5(səŋ³⁵),sen5,暂无
松江,沉(沉),[空],zen2(zəŋ³¹),zen2,暂无
松江,陈(陳),[空],zen2(zəŋ³¹),zen2,暂无
松江,尘(塵),[空],zen2(zəŋ³¹),zen2,暂无
松江,神(神),[空],zen2(zəŋ³¹),zen2,暂无
松江,辰(辰),[空],zen2(zəŋ³¹),zen2,暂无
松江,晨(晨),[空],zen2(zəŋ³¹),zen2,暂无
松江,臣(臣),[空],zen2(zəŋ³¹),zen2,暂无
松江,人(人),文,zen2(zəŋ³¹),zen2,暂无
松江,仁(仁),文,zen2(zəŋ³¹),zen2,暂无
松江,存(存),[空],zen2(zəŋ³¹),zen2,暂无
松江,唇(唇),[空],zen2(zəŋ³¹),zen2,暂无
松江,纯(純),[空],zen2(zəŋ³¹),zen2,暂无
松江,莼(蓴),[空],zen2(zəŋ³¹),zen2,暂无
松江,醇(醇),[空],zen2(zəŋ³¹),zen2,暂无
松江,淳(淳),[空],zen2(zəŋ³¹),zen2,暂无
松江,鹑(鶉),[空],zen2(zəŋ³¹),zen2,暂无
松江,谆(諄),[空],zen2(zəŋ³¹),zen2,暂无
松江,曾(曾),~经,zen2(zəŋ³¹),zen2,暂无
松江,层(層),[空],zen2(zəŋ³¹),zen2,暂无
松江,澄(澄),[空],zen2(zəŋ³¹),zen2,暂无
松江,橙(橙),文,zen2(zəŋ³¹),zen2,暂无
松江,惩(懲),[空],zen2(zəŋ³¹),zen2,暂无
松江,乘(乘),[空],zen2(zəŋ³¹),zen2,暂无
松江,绳(繩),[空],zen2(zəŋ³¹),zen2,暂无
松江,塍(塍),[空],zen2(zəŋ³¹),zen2,暂无
松江,承(承),[空],zen2(zəŋ³¹),zen2,暂无
松江,丞(丞),[空],zen2(zəŋ³¹),zen2,暂无
松江,仍(仍),文,zen2(zəŋ³¹),zen2,暂无
松江,呈(呈),[空],zen2(zəŋ³¹),zen2,暂无
松江,程(程),[空],zen2(zəŋ³¹),zen2,暂无
松江,成(成),[空],zen2(zəŋ³¹),zen2,暂无
松江,城(城),[空],zen2(zəŋ³¹),zen2,暂无
松江,诚(誠),[空],zen2(zəŋ³¹),zen2,暂无
松江,盛(盛),~饭,zen2(zəŋ³¹),zen2,暂无
松江,稔(稔),[空],zen4(zəŋ²²),zen4,暂无
松江,忍(忍),文,zen4(zəŋ²²),zen4,暂无
松江,肾(腎),[空],zen4(zəŋ²²),zen4,暂无
松江,葚(葚),[空],zen6(zəŋ¹³),zen6,暂无
松江,甚(甚),[空],zen6(zəŋ¹³),zen6,暂无
松江,任(任),责~,zen6(zəŋ¹³),zen6,暂无
松江,纫(紉),[空],zen6(zəŋ¹³),zen6,暂无
松江,妊(妊),[空],zen6(zəŋ¹³),zen6,暂无
松江,朕(朕),[空],zen6(zəŋ¹³),zen6,暂无
松江,阵(陣),[空],zen6(zəŋ¹³),zen6,暂无
松江,娠(娠),[空],zen6(zəŋ¹³),zen6,暂无
松江,慎(慎),[空],zen6(zəŋ¹³),zen6,暂无
松江,刃(刃),[空],zen6(zəŋ¹³),zen6,暂无
松江,认(認),文,zen6(zəŋ¹³),zen6,暂无
松江,韧(韌),文,zen6(zəŋ¹³),zen6,暂无
松江,仞(仞),[空],zen6(zəŋ¹³),zen6,暂无
松江,顺(順),[空],zen6(zəŋ¹³),zen6,暂无
松江,闰(閏),文,zen6(zəŋ¹³),zen6,暂无
松江,润(潤),文,zen6(zəŋ¹³),zen6,暂无
松江,赠(贈),[空],zen6(zəŋ¹³),zen6,暂无
松江,剩(剩),文,zen6(zəŋ¹³),zen6,暂无
松江,郑(鄭),[空],zen6(zəŋ¹³),zen6,暂无
松江,盛(盛),茂~,zen6(zəŋ¹³),zen6,暂无
松江,跟(跟),[空],ken1(kəŋ⁵³),ken1,暂无
松江,根(根),[空],ken1(kəŋ⁵³),ken1,暂无
松江,更(更),文,ken1(kəŋ⁵³),ken1,暂无
松江,粳(粳),文,ken1(kəŋ⁵³),ken1,暂无
松江,庚(庚),文,ken1(kəŋ⁵³),ken1,暂无
松江,赓(賡),[空],ken1(kəŋ⁵³),ken1,暂无
松江,羹(羹),文,ken1(kəŋ⁵³),ken1,暂无
松江,耕(耕),文,ken1(kəŋ⁵³),ken1,暂无
松江,艮(艮),[空],ken3(kəŋ⁴⁴),ken3,暂无
松江,亘(亙),[空],ken3(kəŋ⁴⁴),ken3,暂无
松江,梗(梗),文,ken3(kəŋ⁴⁴),ken3,暂无
松江,哽(哽),文,ken3(kəŋ⁴⁴),ken3,暂无
松江,骾(骾),文,ken3(kəŋ⁴⁴),ken3,暂无
松江,埂(埂),文,ken3(kəŋ⁴⁴),ken3,暂无
松江,耿(耿),文,ken3(kəŋ⁴⁴),ken3,暂无
松江,垦(墾),[空],khen1(kʰəŋ⁵³),khen1,暂无
松江,掯(掯),翻检,khen1(kʰəŋ⁵³),khen1,暂无
松江,坑(坑),文,khen1(kʰəŋ⁵³),khen1,暂无
松江,铿(鏗),[空],khen1(kʰəŋ⁵³),khen1,暂无
松江,恳(懇),[空],khen3(kʰəŋ⁴⁴),khen3,暂无
松江,肯(肯),[空],khen3(kʰəŋ⁴⁴),khen3,暂无
松江,啃(啃),[空],khen3(kʰəŋ⁴⁴),khen3,暂无
松江,掯(掯),勒~,khen5(kʰəŋ³⁵),khen5,暂无
松江,亨(亨),文,hen1(həŋ⁵³),hen1,暂无
松江,哼(哼),[空],hen1(həŋ⁵³),hen1,暂无
松江,狠(狠),[空],hen3(həŋ⁴⁴),hen3,暂无
松江,很(很),[空],hen3(həŋ⁴⁴),hen3,暂无
松江,擤(擤),[空],hen5(həŋ³⁵),hen5,暂无
松江,痕(痕),[空],ghen2(ɦəŋ³¹),ghen2,暂无
松江,恒(恆),[空],ghen2(ɦəŋ³¹),ghen2,暂无
松江,衡(衡),[空],ghen2(ɦəŋ³¹),ghen2,暂无
松江,蘅(蘅),[空],ghen2(ɦəŋ³¹),ghen2,暂无
松江,恨(恨),[空],ghen6(ɦəŋ¹³),ghen6,暂无
松江,恩(恩),[空],en1(əŋ⁵³),en1,暂无
松江,嗯(嗯),[空],en1(əŋ⁵³),en1,暂无
松江,彬(彬),[空],pin1(ɓiŋ⁵³),pin1,暂无
松江,宾(賓),[空],pin1(ɓiŋ⁵³),pin1,暂无
松江,槟(檳),[空],pin1(ɓiŋ⁵³),pin1,暂无
松江,滨(濱),[空],pin1(ɓiŋ⁵³),pin1,暂无
松江,缤(繽),[空],pin1(ɓiŋ⁵³),pin1,暂无
松江,傧(儐),[空],pin1(ɓiŋ⁵³),pin1,暂无
松江,斌(斌),[空],pin1(ɓiŋ⁵³),pin1,暂无
松江,冰(冰),[空],pin1(ɓiŋ⁵³),pin1,暂无
松江,兵(兵),[空],pin1(ɓiŋ⁵³),pin1,暂无
松江,禀(禀),[空],pin3(ɓiŋ⁴⁴),pin3,暂无
松江,丙(丙),[空],pin3(ɓiŋ⁴⁴),pin3,暂无
松江,秉(秉),[空],pin3(ɓiŋ⁴⁴),pin3,暂无
松江,饼(餅),[空],pin3(ɓiŋ⁴⁴),pin3,暂无
松江,併(併),[空],pin3(ɓiŋ⁴⁴),pin3,暂无
松江,鬓(鬢),[空],pin5(ɓiŋ³⁵),pin5,暂无
松江,殡(殯),[空],pin5(ɓiŋ³⁵),pin5,暂无
松江,迸(迸),文,pin5(ɓiŋ³⁵),pin5,暂无
松江,柄(柄),[空],pin5(ɓiŋ³⁵),pin5,暂无
松江,摒(摒),[空],pin5(ɓiŋ³⁵),pin5,暂无
松江,鈵(鈵),用力坚持,pin5(ɓiŋ³⁵),pin5,暂无
松江,拼(拼),[空],phin1(pʰiŋ⁵³),phin1,暂无
松江,姘(姘),[空],phin1(pʰiŋ⁵³),phin1,暂无
松江,乒(乒),[空],phin1(pʰiŋ⁵³),phin1,暂无
松江,品(品),[空],phin3(pʰiŋ⁴⁴),phin3,暂无
松江,牝(牝),[空],phin3(pʰiŋ⁴⁴),phin3,暂无
松江,聘(聘),[空],phin3(pʰiŋ⁴⁴),phin3,暂无
松江,贫(貧),[空],bin2(biŋ³¹),bin2,暂无
松江,频(頻),[空],bin2(biŋ³¹),bin2,暂无
松江,苹(蘋),[空],bin2(biŋ³¹),bin2,暂无
松江,凭(憑),[空],bin2(biŋ³¹),bin2,暂无
松江,平(平),[空],bin2(biŋ³¹),bin2,暂无
松江,坪(坪),[空],bin2(biŋ³¹),bin2,暂无
松江,评(評),[空],bin2(biŋ³¹),bin2,暂无
松江,瓶(瓶),[空],bin2(biŋ³¹),bin2,暂无
松江,屏(屏),[空],bin2(biŋ³¹),bin2,暂无
松江,萍(萍),[空],bin2(biŋ³¹),bin2,暂无
松江,呯(呯),[空],bin2(biŋ³¹),bin2,暂无
松江,并(並),[空],bin4(biŋ²²),bin4,暂无
松江,病(病),[空],bin6(biŋ¹³),bin6,暂无
松江,民(民),[空],min2(miŋ³¹),min2,暂无
松江,明(明),[空],min2(miŋ³¹),min2,暂无
松江,鸣(鳴),[空],min2(miŋ³¹),min2,暂无
松江,名(名),[空],min2(miŋ³¹),min2,暂无
松江,铭(銘),[空],min2(miŋ³¹),min2,暂无
松江,茗(茗),[空],min2(miŋ³¹),min2,暂无
松江,酩(酩),[空],min2(miŋ³¹),min2,暂无
松江,闽(閩),[空],min3(miŋ⁴⁴),min3,暂无
松江,岷(岷),[空],min3(miŋ⁴⁴),min3,暂无
松江,敏(敏),[空],min3(miŋ⁴⁴),min3,暂无
松江,悯(憫),又,min3(miŋ⁴⁴),min3,暂无
松江,抿(抿),[空],min3(miŋ⁴⁴),min3,暂无
松江,呡(呡),[空],min3(miŋ⁴⁴),min3,暂无
松江,泯(泯),[空],min3(miŋ⁴⁴),min3,暂无
松江,皿(皿),[空],min3(miŋ⁴⁴),min3,暂无
松江,冥(冥),[空],min3(miŋ⁴⁴),min3,暂无
松江,螟(螟),[空],min3(miŋ⁴⁴),min3,暂无
松江,悯(憫),[空],min4(miŋ²²),min4,暂无
松江,闵(閔),[空],min4(miŋ²²),min4,暂无
松江,脗(脗),~缝：合缝,min4(miŋ²²),min4,暂无
松江,命(命),[空],min6(miŋ¹³),min6,暂无
松江,丁(丁),[空],tin1(ɗiŋ⁵³),tin1,暂无
松江,钉(釘),铁~,tin1(ɗiŋ⁵³),tin1,暂无
松江,疔(疔),[空],tin1(ɗiŋ⁵³),tin1,暂无
松江,盯(盯),[空],tin1(ɗiŋ⁵³),tin1,暂无
松江,叮(叮),[空],tin1(ɗiŋ⁵³),tin1,暂无
松江,酊(酊),[空],tin1(ɗiŋ⁵³),tin1,暂无
松江,仃(仃),[空],tin1(ɗiŋ⁵³),tin1,暂无
松江,顶(頂),[空],tin3(ɗiŋ⁴⁴),tin3,暂无
松江,鼎(鼎),[空],tin3(ɗiŋ⁴⁴),tin3,暂无
松江,订(訂),[空],tin5(ɗiŋ³⁵),tin5,暂无
松江,钉(釘),动词,tin5(ɗiŋ³⁵),tin5,暂无
松江,濎(濎),沉淀,tin5(ɗiŋ³⁵),tin5,暂无
松江,听(聽),~话,thin1(tʰiŋ⁵³),thin1,暂无
松江,厅(廳),[空],thin1(tʰiŋ⁵³),thin1,暂无
松江,汀(汀),[空],thin1(tʰiŋ⁵³),thin1,暂无
松江,挺(挺),[空],thin3(tʰiŋ⁴⁴),thin3,暂无
松江,艇(艇),[空],thin3(tʰiŋ⁴⁴),thin3,暂无
松江,听(聽),~任,thin5(tʰiŋ³⁵),thin5,暂无
松江,亭(亭),[空],din2(diŋ³¹),din2,暂无
松江,停(停),[空],din2(diŋ³¹),din2,暂无
松江,婷(婷),[空],din2(diŋ³¹),din2,暂无
松江,廷(廷),[空],din2(diŋ³¹),din2,暂无
松江,庭(庭),[空],din2(diŋ³¹),din2,暂无
松江,蜓(蜓),[空],din2(diŋ³¹),din2,暂无
松江,霆(霆),[空],din2(diŋ³¹),din2,暂无
松江,锭(錠),纸~,din4(diŋ²²),din4,暂无
松江,定(定),[空],din6(diŋ¹³),din6,暂无
松江,锭(錠),量词,din6(diŋ¹³),din6,暂无
松江,碇(碇),[空],din6(diŋ¹³),din6,暂无
松江,拎(拎),[空],lin1(liŋ⁵³),lin1,暂无
松江,林(林),[空],lin2(liŋ³¹),lin2,暂无
松江,淋(淋),[空],lin2(liŋ³¹),lin2,暂无
松江,临(臨),[空],lin2(liŋ³¹),lin2,暂无
松江,琳(琳),[空],lin2(liŋ³¹),lin2,暂无
松江,霖(霖),[空],lin2(liŋ³¹),lin2,暂无
松江,凛(凜),又,lin2(liŋ³¹),lin2,暂无
松江,邻(鄰),[空],lin2(liŋ³¹),lin2,暂无
松江,繗(繗),[空],lin2(liŋ³¹),lin2,暂无
松江,鳞(鱗),[空],lin2(liŋ³¹),lin2,暂无
松江,磷(磷),[空],lin2(liŋ³¹),lin2,暂无
松江,麟(麟),[空],lin2(liŋ³¹),lin2,暂无
松江,辚(轔),[空],lin2(liŋ³¹),lin2,暂无
松江,蔺(藺),[空],lin2(liŋ³¹),lin2,暂无
松江,躏(躪),[空],lin2(liŋ³¹),lin2,暂无
松江,陵(陵),[空],lin2(liŋ³¹),lin2,暂无
松江,凌(凌),[空],lin2(liŋ³¹),lin2,暂无
松江,菱(菱),[空],lin2(liŋ³¹),lin2,暂无
松江,绫(綾),[空],lin2(liŋ³¹),lin2,暂无
松江,灵(靈),[空],lin2(liŋ³¹),lin2,暂无
松江,零(零),[空],lin2(liŋ³¹),lin2,暂无
松江,蛉(蛉),[空],lin2(liŋ³¹),lin2,暂无
松江,铃(鈴),[空],lin2(liŋ³¹),lin2,暂无
松江,苓(苓),[空],lin2(liŋ³¹),lin2,暂无
松江,龄(齡),[空],lin2(liŋ³¹),lin2,暂无
松江,翎(翎),[空],lin2(liŋ³¹),lin2,暂无
松江,聆(聆),[空],lin2(liŋ³¹),lin2,暂无
松江,玲(玲),[空],lin2(liŋ³¹),lin2,暂无
松江,伶(伶),[空],lin2(liŋ³¹),lin2,暂无
松江,凛(凜),[空],lin3(liŋ⁴⁴),lin3,暂无
松江,吝(吝),文,lin3(liŋ⁴⁴),lin3,暂无
松江,赁(賃),[空],lin4(liŋ²²),lin4,暂无
松江,檩(檁),[空],lin4(liŋ²²),lin4,暂无
松江,领(領),[空],lin4(liŋ²²),lin4,暂无
松江,岭(嶺),[空],lin4(liŋ²²),lin4,暂无
松江,吝(吝),[空],lin6(liŋ¹³),lin6,暂无
松江,令(令),[空],lin6(liŋ¹³),lin6,暂无
松江,另(另),[空],lin6(liŋ¹³),lin6,暂无
松江,泠(泠),[空],lin6(liŋ¹³),lin6,暂无
松江,津(津),[空],tsin1(ʦiŋ⁵³),tsin1,暂无
松江,晶(晶),[空],tsin1(ʦiŋ⁵³),tsin1,暂无
松江,精(精),[空],tsin1(ʦiŋ⁵³),tsin1,暂无
松江,睛(睛),[空],tsin1(ʦiŋ⁵³),tsin1,暂无
松江,精(精),[空],tsin1(ʦiŋ⁵³),tsin1,暂无
松江,菁(菁),[空],tsin1(ʦiŋ⁵³),tsin1,暂无
松江,腈(腈),~肉,tsin1(ʦiŋ⁵³),tsin1,暂无
松江,旌(旌),[空],tsin1(ʦiŋ⁵³),tsin1,暂无
松江,儘(儘),[空],tsin3(ʦiŋ⁴⁴),tsin3,暂无
松江,井(井),[空],tsin3(ʦiŋ⁴⁴),tsin3,暂无
松江,阱(阱),[空],tsin3(ʦiŋ⁴⁴),tsin3,暂无
松江,浸(浸),[空],tsin5(ʦiŋ³⁵),tsin5,暂无
松江,进(進),[空],tsin5(ʦiŋ³⁵),tsin5,暂无
松江,晋(晉),[空],tsin5(ʦiŋ³⁵),tsin5,暂无
松江,缙(縉),[空],tsin5(ʦiŋ³⁵),tsin5,暂无
松江,濬(濬),[空],tsin5(ʦiŋ³⁵),tsin5,暂无
松江,俊(俊),[空],tsin5(ʦiŋ³⁵),tsin5,暂无
松江,骏(駿),[空],tsin5(ʦiŋ³⁵),tsin5,暂无
松江,峻(峻),[空],tsin5(ʦiŋ³⁵),tsin5,暂无
松江,竣(竣),[空],tsin5(ʦiŋ³⁵),tsin5,暂无
松江,侵(侵),[空],tshin1(ʦʰiŋ⁵³),tshin1,暂无
松江,亲(親),[空],tshin1(ʦʰiŋ⁵³),tshin1,暂无
松江,清(清),[空],tshin1(ʦʰiŋ⁵³),tshin1,暂无
松江,青(青),[空],tshin1(ʦʰiŋ⁵³),tshin1,暂无
松江,蜻(蜻),[空],tshin1(ʦʰiŋ⁵³),tshin1,暂无
松江,请(請),[空],tshin3(ʦʰiŋ⁴⁴),tshin3,暂无
松江,寝(寢),[空],tshin5(ʦʰiŋ³⁵),tshin5,暂无
松江,心(心),[空],sin1(siŋ⁵³),sin1,暂无
松江,辛(辛),[空],sin1(siŋ⁵³),sin1,暂无
松江,莘(莘),[空],sin1(siŋ⁵³),sin1,暂无
松江,锌(鋅),[空],sin1(siŋ⁵³),sin1,暂无
松江,新(新),[空],sin1(siŋ⁵³),sin1,暂无
松江,薪(薪),[空],sin1(siŋ⁵³),sin1,暂无
松江,蜻(蜻),文,sin1(siŋ⁵³),sin1,暂无
松江,星(星),[空],sin1(siŋ⁵³),sin1,暂无
松江,猩(猩),[空],sin1(siŋ⁵³),sin1,暂无
松江,省(省),反~,sin3(siŋ⁴⁴),sin3,暂无
松江,腥(腥),[空],sin3(siŋ⁴⁴),sin3,暂无
松江,醒(醒),[空],sin3(siŋ⁴⁴),sin3,暂无
松江,信(信),[空],sin5(siŋ³⁵),sin5,暂无
松江,迅(迅),[空],sin5(siŋ³⁵),sin5,暂无
松江,讯(訊),[空],sin5(siŋ³⁵),sin5,暂无
松江,汛(汛),[空],sin5(siŋ³⁵),sin5,暂无
松江,荀(荀),[空],sin5(siŋ³⁵),sin5,暂无
松江,询(詢),[空],sin5(siŋ³⁵),sin5,暂无
松江,殉(殉),又,sin5(siŋ³⁵),sin5,暂无
松江,性(性),[空],sin5(siŋ³⁵),sin5,暂无
松江,姓(姓),[空],sin5(siŋ³⁵),sin5,暂无
松江,寻(尋),[空],zin2(ziŋ³¹),zin2,暂无
松江,秦(秦),[空],zin2(ziŋ³¹),zin2,暂无
松江,旬(旬),[空],zin2(ziŋ³¹),zin2,暂无
松江,循(循),[空],zin2(ziŋ³¹),zin2,暂无
松江,巡(巡),[空],zin2(ziŋ³¹),zin2,暂无
松江,驯(馴),[空],zin2(ziŋ³¹),zin2,暂无
松江,晴(晴),[空],zin2(ziŋ³¹),zin2,暂无
松江,情(情),[空],zin2(ziŋ³¹),zin2,暂无
松江,饧(餳),~糖,zin2(ziŋ³¹),zin2,暂无
松江,蕈(蕈),[空],zin4(ziŋ²²),zin4,暂无
松江,尽(盡),[空],zin4(ziŋ²²),zin4,暂无
松江,静(靜),[空],zin4(ziŋ²²),zin4,暂无
松江,靖(靖),[空],zin4(ziŋ²²),zin4,暂无
松江,徇(徇),[空],zin6(ziŋ¹³),zin6,暂无
松江,殉(殉),[空],zin6(ziŋ¹³),zin6,暂无
松江,净(淨),[空],zin6(ziŋ¹³),zin6,暂无
松江,今(今),[空],cin1(ciŋ⁵³),cin1,暂无
松江,金(金),[空],cin1(ciŋ⁵³),cin1,暂无
松江,襟(襟),[空],cin1(ciŋ⁵³),cin1,暂无
松江,巾(巾),[空],cin1(ciŋ⁵³),cin1,暂无
松江,斤(斤),[空],cin1(ciŋ⁵³),cin1,暂无
松江,筋(筋),[空],cin1(ciŋ⁵³),cin1,暂无
松江,卺(卺),[空],cin1(ciŋ⁵³),cin1,暂无
松江,茎(莖),[空],cin1(ciŋ⁵³),cin1,暂无
松江,京(京),[空],cin1(ciŋ⁵³),cin1,暂无
松江,惊(驚),[空],cin1(ciŋ⁵³),cin1,暂无
松江,荆(荊),[空],cin1(ciŋ⁵³),cin1,暂无
松江,经(經),[空],cin1(ciŋ⁵³),cin1,暂无
松江,泾(涇),[空],cin1(ciŋ⁵³),cin1,暂无
松江,锦(錦),[空],cin3(ciŋ⁴⁴),cin3,暂无
松江,紧(緊),[空],cin3(ciŋ⁴⁴),cin3,暂无
松江,谨(謹),[空],cin3(ciŋ⁴⁴),cin3,暂无
松江,景(景),[空],cin3(ciŋ⁴⁴),cin3,暂无
松江,警(警),[空],cin3(ciŋ⁴⁴),cin3,暂无
松江,颈(頸),[空],cin3(ciŋ⁴⁴),cin3,暂无
松江,禁(禁),[空],cin5(ciŋ³⁵),cin5,暂无
松江,噤(噤),[空],cin5(ciŋ³⁵),cin5,暂无
松江,劲(勁),[空],cin5(ciŋ³⁵),cin5,暂无
松江,景(景),又,cin5(ciŋ³⁵),cin5,暂无
松江,境(境),[空],cin5(ciŋ³⁵),cin5,暂无
松江,警(警),又,cin5(ciŋ³⁵),cin5,暂无
松江,敬(敬),[空],cin5(ciŋ³⁵),cin5,暂无
松江,竟(竟),[空],cin5(ciŋ³⁵),cin5,暂无
松江,镜(鏡),[空],cin5(ciŋ³⁵),cin5,暂无
松江,径(徑),[空],cin5(ciŋ³⁵),cin5,暂无
松江,迳(迳),[空],cin5(ciŋ³⁵),cin5,暂无
松江,钦(欽),[空],chin1(cʰiŋ⁵³),chin1,暂无
松江,衾(衾),[空],chin1(cʰiŋ⁵³),chin1,暂无
松江,卿(卿),[空],chin1(cʰiŋ⁵³),chin1,暂无
松江,轻(輕),[空],chin1(cʰiŋ⁵³),chin1,暂无
松江,氢(氫),[空],chin1(cʰiŋ⁵³),chin1,暂无
松江,磬(磬),[空],chin1(cʰiŋ⁵³),chin1,暂无
松江,罄(罄),[空],chin1(cʰiŋ⁵³),chin1,暂无
松江,倾(傾),[空],chin1(cʰiŋ⁵³),chin1,暂无
松江,顷(頃),[空],chin3(cʰiŋ⁴⁴),chin3,暂无
松江,沁(沁),[空],chin5(cʰiŋ³⁵),chin5,暂无
松江,揿(撳),[空],chin5(cʰiŋ³⁵),chin5,暂无
松江,庆(慶),[空],chin5(cʰiŋ³⁵),chin5,暂无
松江,矜(矜),[空],jin2(ɟiŋ³¹),jin2,暂无
松江,禽(禽),[空],jin2(ɟiŋ³¹),jin2,暂无
松江,擒(擒),[空],jin2(ɟiŋ³¹),jin2,暂无
松江,噙(噙),[空],jin2(ɟiŋ³¹),jin2,暂无
松江,琴(琴),[空],jin2(ɟiŋ³¹),jin2,暂无
松江,勤(勤),[空],jin2(ɟiŋ³¹),jin2,暂无
松江,芹(芹),[空],jin2(ɟiŋ³¹),jin2,暂无
松江,鲸(鯨),[空],jin2(ɟiŋ³¹),jin2,暂无
松江,擎(擎),[空],jin2(ɟiŋ³¹),jin2,暂无
松江,兢(兢),[空],jin2(ɟiŋ³¹),jin2,暂无
松江,凚(凚),发抖,jin4(ɟiŋ²²),jin4,暂无
松江,仅(僅),[空],jin4(ɟiŋ²²),jin4,暂无
松江,近(近),[空],jin4(ɟiŋ²²),jin4,暂无
松江,竞(競),[空],jin6(ɟiŋ¹³),jin6,暂无
松江,痉(痙),[空],jin6(ɟiŋ¹³),jin6,暂无
松江,壬(壬),[空],gnin2(ɲiŋ³¹),gnin2,暂无
松江,任(任),姓,gnin2(ɲiŋ³¹),gnin2,暂无
松江,吟(吟),[空],gnin2(ɲiŋ³¹),gnin2,暂无
松江,人(人),白,gnin2(ɲiŋ³¹),gnin2,暂无
松江,仁(仁),白,gnin2(ɲiŋ³¹),gnin2,暂无
松江,银(銀),[空],gnin2(ɲiŋ³¹),gnin2,暂无
松江,龈(齦),[空],gnin2(ɲiŋ³¹),gnin2,暂无
松江,垠(垠),[空],gnin2(ɲiŋ³¹),gnin2,暂无
松江,仍(仍),白,gnin2(ɲiŋ³¹),gnin2,暂无
松江,凝(凝),[空],gnin2(ɲiŋ³¹),gnin2,暂无
松江,迎(迎),[空],gnin2(ɲiŋ³¹),gnin2,暂无
松江,宁(寧),安~,gnin2(ɲiŋ³¹),gnin2,暂无
松江,咛(嚀),[空],gnin2(ɲiŋ³¹),gnin2,暂无
松江,柠(檸),[空],gnin2(ɲiŋ³¹),gnin2,暂无
松江,狞(獰),[空],gnin2(ɲiŋ³¹),gnin2,暂无
松江,忍(忍),白,gnin4(ɲiŋ²²),gnin4,暂无
松江,垽(垽),[空],gnin6(ɲiŋ¹³),gnin6,暂无
松江,认(認),白,gnin6(ɲiŋ¹³),gnin6,暂无
松江,韧(韌),白,gnin6(ɲiŋ¹³),gnin6,暂无
松江,闰(閏),白,gnin6(ɲiŋ¹³),gnin6,暂无
松江,润(潤),白,gnin6(ɲiŋ¹³),gnin6,暂无
松江,宁(寧),~可,gnin6(ɲiŋ¹³),gnin6,暂无
松江,佞(佞),[空],gnin6(ɲiŋ¹³),gnin6,暂无
松江,鑫(鑫),[空],shin1(çiŋ⁵³),shin1,暂无
松江,欣(欣),[空],shin1(çiŋ⁵³),shin1,暂无
松江,昕(昕),[空],shin1(çiŋ⁵³),shin1,暂无
松江,兴(興),~旺,shin1(çiŋ⁵³),shin1,暂无
松江,馨(馨),[空],shin1(çiŋ⁵³),shin1,暂无
松江,衅(釁),[空],shin5(çiŋ³⁵),shin5,暂无
松江,兴(興),茂盛,shin5(çiŋ³⁵),shin5,暂无
松江,臖(臖),[空],shin5(çiŋ³⁵),shin5,暂无
松江,淫(淫),[空],yin2(ɦiŋ³¹),yin2,暂无
松江,寅(寅),[空],yin2(ɦiŋ³¹),yin2,暂无
松江,行(行),文，~为,yin2(ɦiŋ³¹),yin2,暂无
松江,嬴(嬴),[空],yin2(ɦiŋ³¹),yin2,暂无
松江,嬴(嬴),[空],yin2(ɦiŋ³¹),yin2,暂无
松江,形(形),[空],yin2(ɦiŋ³¹),yin2,暂无
松江,刑(刑),[空],yin2(ɦiŋ³¹),yin2,暂无
松江,邢(邢),[空],yin2(ɦiŋ³¹),yin2,暂无
松江,型(型),[空],yin2(ɦiŋ³¹),yin2,暂无
松江,营(營),又,yin2(ɦiŋ³¹),yin2,暂无
松江,萤(螢),又,yin2(ɦiŋ³¹),yin2,暂无
松江,引(引),[空],yin4(ɦiŋ²²),yin4,暂无
松江,蚓(蚓),[空],yin4(ɦiŋ²²),yin4,暂无
松江,尹(尹),[空],yin4(ɦiŋ²²),yin4,暂无
松江,行(行),文，品~,yin6(ɦiŋ¹³),yin6,暂无
松江,幸(幸),[空],yin6(ɦiŋ¹³),yin6,暂无
松江,倖(倖),[空],yin6(ɦiŋ¹³),yin6,暂无
松江,音(音),[空],in1(iŋ⁵³),in1,暂无
松江,阴(陰),[空],in1(iŋ⁵³),in1,暂无
松江,荫(蔭),树~,in1(iŋ⁵³),in1,暂无
松江,因(因),[空],in1(iŋ⁵³),in1,暂无
松江,姻(姻),[空],in1(iŋ⁵³),in1,暂无
松江,殷(殷),[空],in1(iŋ⁵³),in1,暂无
松江,应(應),~该,in1(iŋ⁵³),in1,暂无
松江,鹰(鷹),[空],in1(iŋ⁵³),in1,暂无
松江,蝇(蠅),[空],in1(iŋ⁵³),in1,暂无
松江,莺(鶯),[空],in1(iŋ⁵³),in1,暂无
松江,鹦(鸚),文,in1(iŋ⁵³),in1,暂无
松江,樱(櫻),文,in1(iŋ⁵³),in1,暂无
松江,英(英),[空],in1(iŋ⁵³),in1,暂无
松江,婴(嬰),[空],in1(iŋ⁵³),in1,暂无
松江,缨(纓),[空],in1(iŋ⁵³),in1,暂无
松江,罂(罌),[空],in1(iŋ⁵³),in1,暂无
松江,嘤(嚶),[空],in1(iŋ⁵³),in1,暂无
松江,璎(瓔),[空],in1(iŋ⁵³),in1,暂无
松江,撄(攖),[空],in1(iŋ⁵³),in1,暂无
松江,盈(盈),[空],in1(iŋ⁵³),in1,暂无
松江,隐(隱),[空],in3(iŋ⁴⁴),in3,暂无
松江,瘾(癮),[空],in3(iŋ⁴⁴),in3,暂无
松江,影(影),[空],in3(iŋ⁴⁴),in3,暂无
松江,颖(穎),[空],in3(iŋ⁴⁴),in3,暂无
松江,饮(飲),[空],in5(iŋ³⁵),in5,暂无
松江,窨(窨),[空],in5(iŋ³⁵),in5,暂无
松江,洇(湮),[空],in5(iŋ³⁵),in5,暂无
松江,印(印),[空],in5(iŋ³⁵),in5,暂无
松江,应(應),答~,in5(iŋ³⁵),in5,暂无
松江,映(映),文,in5(iŋ³⁵),in5,暂无
松江,瀴(瀴),[空],in5(iŋ³⁵),in5,暂无
松江,滚(滾),[空],kuen3(kuəŋ⁴⁴),kuen3,暂无
松江,磙(磙),[空],kuen3(kuəŋ⁴⁴),kuen3,暂无
松江,绲(緄),[空],kuen3(kuəŋ⁴⁴),kuen3,暂无
松江,棍(棍),[空],kuen3(kuəŋ⁴⁴),kuen3,暂无
松江,昆(昆),[空],khuen1(kʰuəŋ⁵³),khuen1,暂无
松江,崑(崑),[空],khuen1(kʰuəŋ⁵³),khuen1,暂无
松江,坤(坤),[空],khuen1(kʰuəŋ⁵³),khuen1,暂无
松江,髠(髠),[空],khuen1(kʰuəŋ⁵³),khuen1,暂无
松江,壸(壼),[空],khuen1(kʰuəŋ⁵³),khuen1,暂无
松江,捆(捆),[空],khuen3(kʰuəŋ⁴⁴),khuen3,暂无
松江,困(困),[空],khuen5(kʰuəŋ³⁵),khuen5,暂无
松江,睏(睏),[空],khuen5(kʰuəŋ³⁵),khuen5,暂无
松江,温(溫),[空],uen1(uəŋ⁵³),uen1,暂无
松江,瘟(瘟),[空],uen1(uəŋ⁵³),uen1,暂无
松江,稳(穩),[空],uen3(uəŋ⁴⁴),uen3,暂无
松江,均(均),[空],ciun1(cyœ̃⁵³),ciun1,暂无
松江,钧(鈞),[空],ciun1(cyœ̃⁵³),ciun1,暂无
松江,军(軍),[空],ciun1(cyœ̃⁵³),ciun1,暂无
松江,君(君),[空],ciun1(cyœ̃⁵³),ciun1,暂无
松江,窘(窘),文,ciun3(cyœ̃⁴⁴),ciun3,暂无
松江,菌(菌),文，又,ciun3(cyœ̃⁴⁴),ciun3,暂无
松江,菌(菌),文,chiun3(cʰyœ̃⁴⁴),chiun3,暂无
松江,裙(裙),文,jiun2(ɟyœ̃³¹),jiun2,暂无
松江,群(群),文,jiun2(ɟyœ̃³¹),jiun2,暂无
松江,郡(郡),文,jiun6(ɟyœ̃¹³),jiun6,暂无
松江,熏(熏),文,shiun1(çyœ̃⁵³),shiun1,暂无
松江,勋(勳),文,shiun1(çyœ̃⁵³),shiun1,暂无
松江,训(訓),文,shiun5(çyœ̃³⁵),shiun5,暂无
松江,匀(勻),文,yun2(ɦyœ̃³¹),yun2,暂无
松江,云(云),文,yun2(ɦyœ̃³¹),yun2,暂无
松江,云(雲),文,yun2(ɦyœ̃³¹),yun2,暂无
松江,耘(耘),文,yun2(ɦyœ̃³¹),yun2,暂无
松江,芸(芸),文,yun2(ɦyœ̃³¹),yun2,暂无
松江,熨(熨),文,yun6(ɦyœ̃¹³),yun6,暂无
松江,韵(韻),文,yun6(ɦyœ̃¹³),yun6,暂无
松江,运(運),文,yun6(ɦyœ̃¹³),yun6,暂无
松江,晕(暈),文,yun6(ɦyœ̃¹³),yun6,暂无
松江,蹦(蹦),文,pon1(ɓoŋ⁵³),pon1,暂无
松江,蹦(蹦),往上跳,pon5(ɓoŋ³⁵),pon5,暂无
松江,捧(捧),[空],phon3(pʰoŋ⁴⁴),phon3,暂无
松江,篷(篷),[空],bon2(boŋ³¹),bon2,暂无
松江,蓬(蓬),[空],bon2(boŋ³¹),bon2,暂无
松江,髼(髼),[空],bon2(boŋ³¹),bon2,暂无
松江,塳(塳),[空],bon2(boŋ³¹),bon2,暂无
松江,埲(埲),[空],bon4(boŋ²²),bon4,暂无
松江,熢(熢),量词，团,bon4(boŋ²²),bon4,暂无
松江,凤(鳳),~仙花,bon6(boŋ¹³),bon6,暂无
松江,蒙(蒙),[空],mon2(moŋ³¹),mon2,暂无
松江,朦(朦),[空],mon2(moŋ³¹),mon2,暂无
松江,矇(矇),[空],mon2(moŋ³¹),mon2,暂无
松江,蠓(蠓),[空],mon2(moŋ³¹),mon2,暂无
松江,檬(檬),[空],mon2(moŋ³¹),mon2,暂无
松江,濛(濛),[空],mon2(moŋ³¹),mon2,暂无
松江,懵(懵),[空],mon4(moŋ²²),mon4,暂无
松江,风(風),[空],fon1(ɸoŋ⁵³),fon1,暂无
松江,枫(楓),[空],fon1(ɸoŋ⁵³),fon1,暂无
松江,疯(瘋),[空],fon1(ɸoŋ⁵³),fon1,暂无
松江,讽(諷),[空],fon1(ɸoŋ⁵³),fon1,暂无
松江,封(封),[空],fon1(ɸoŋ⁵³),fon1,暂无
松江,丰(豐),[空],fon1(ɸoŋ⁵³),fon1,暂无
松江,酆(酆),[空],fon1(ɸoŋ⁵³),fon1,暂无
松江,峰(峰),[空],fon1(ɸoŋ⁵³),fon1,暂无
松江,锋(鋒),[空],fon1(ɸoŋ⁵³),fon1,暂无
松江,蜂(蜂),[空],fon1(ɸoŋ⁵³),fon1,暂无
松江,烽(烽),[空],fon1(ɸoŋ⁵³),fon1,暂无
松江,捧(捧),又,fon3(ɸoŋ⁴⁴),fon3,暂无
松江,俸(俸),又,fon3(ɸoŋ⁴⁴),fon3,暂无
松江,俸(俸),[空],fon5(ɸoŋ³⁵),fon5,暂无
松江,冯(馮),[空],von2(βoŋ³¹),von2,暂无
松江,逢(逢),[空],von2(βoŋ³¹),von2,暂无
松江,缝(縫),裁~,von2(βoŋ³¹),von2,暂无
松江,凤(鳳),~凰,von6(βoŋ¹³),von6,暂无
松江,奉(奉),[空],von6(βoŋ¹³),von6,暂无
松江,缝(縫),一条~,von6(βoŋ¹³),von6,暂无
松江,东(東),[空],ton1(ɗoŋ⁵³),ton1,暂无
松江,冬(冬),[空],ton1(ɗoŋ⁵³),ton1,暂无
松江,咚(咚),[空],ton1(ɗoŋ⁵³),ton1,暂无
松江,董(董),[空],ton3(ɗoŋ⁴⁴),ton3,暂无
松江,懂(懂),[空],ton3(ɗoŋ⁴⁴),ton3,暂无
松江,冻(凍),[空],ton5(ɗoŋ³⁵),ton5,暂无
松江,栋(棟),[空],ton5(ɗoŋ³⁵),ton5,暂无
松江,通(通),[空],thon1(tʰoŋ⁵³),thon1,暂无
松江,熥(熥),[空],thon1(tʰoŋ⁵³),thon1,暂无
松江,捅(捅),[空],thon3(tʰoŋ⁴⁴),thon3,暂无
松江,统(統),[空],thon3(tʰoŋ⁴⁴),thon3,暂无
松江,痛(痛),[空],thon5(tʰoŋ³⁵),thon5,暂无
松江,同(同),[空],don2(doŋ³¹),don2,暂无
松江,铜(銅),[空],don2(doŋ³¹),don2,暂无
松江,筒(筒),[空],don2(doŋ³¹),don2,暂无
松江,桐(桐),[空],don2(doŋ³¹),don2,暂无
松江,烔(烔),[空],don2(doŋ³¹),don2,暂无
松江,挏(挏),[空],don2(doŋ³¹),don2,暂无
松江,童(童),[空],don2(doŋ³¹),don2,暂无
松江,僮(僮),[空],don2(doŋ³¹),don2,暂无
松江,瞳(瞳),[空],don2(doŋ³¹),don2,暂无
松江,曈(曈),[空],don2(doŋ³¹),don2,暂无
松江,潼(潼),[空],don2(doŋ³¹),don2,暂无
松江,彤(彤),[空],don2(doŋ³¹),don2,暂无
松江,桶(桶),[空],don4(doŋ²²),don4,暂无
松江,动(動),[空],don4(doŋ²²),don4,暂无
松江,洞(洞),[空],don6(doŋ¹³),don6,暂无
松江,恫(恫),[空],don6(doŋ¹³),don6,暂无
松江,侗(侗),[空],don6(doŋ¹³),don6,暂无
松江,胴(胴),[空],don6(doŋ¹³),don6,暂无
松江,弄(弄),敷衍,non1(noŋ⁵³),non1,暂无
松江,农(農),[空],non2(noŋ³¹),non2,暂无
松江,脓(膿),[空],non2(noŋ³¹),non2,暂无
松江,哝(噥),[空],non2(noŋ³¹),non2,暂无
松江,浓(濃),文,non2(noŋ³¹),non2,暂无
松江,侬(儂),[空],non6(noŋ¹³),non6,暂无
松江,弄(弄),敷衍，又,lon1(loŋ⁵³),lon1,暂无
松江,龙(龍),[空],lon2(loŋ³¹),lon2,暂无
松江,聋(聾),[空],lon2(loŋ³¹),lon2,暂无
松江,笼(籠),[空],lon2(loŋ³¹),lon2,暂无
松江,砻(礱),[空],lon2(loŋ³¹),lon2,暂无
松江,垄(壟),[空],lon2(loŋ³¹),lon2,暂无
松江,咙(嚨),[空],lon2(loŋ³¹),lon2,暂无
松江,胧(朧),[空],lon2(loŋ³¹),lon2,暂无
松江,眬(矓),[空],lon2(loŋ³¹),lon2,暂无
松江,珑(瓏),[空],lon2(loŋ³¹),lon2,暂无
松江,隆(隆),[空],lon2(loŋ³¹),lon2,暂无
松江,窿(窿),[空],lon2(loŋ³¹),lon2,暂无
松江,拢(攏),[空],lon4(loŋ²²),lon4,暂无
松江,陇(隴),[空],lon4(loŋ²²),lon4,暂无
松江,弄(弄),[空],lon6(loŋ¹³),lon6,暂无
松江,棕(棕),[空],tson1(ʦoŋ⁵³),tson1,暂无
松江,鬃(鬃),[空],tson1(ʦoŋ⁵³),tson1,暂无
松江,宗(宗),[空],tson1(ʦoŋ⁵³),tson1,暂无
松江,中(中),当~,tson1(ʦoŋ⁵³),tson1,暂无
松江,忠(忠),[空],tson1(ʦoŋ⁵³),tson1,暂无
松江,衷(衷),[空],tson1(ʦoŋ⁵³),tson1,暂无
松江,终(終),[空],tson1(ʦoŋ⁵³),tson1,暂无
松江,踪(踪),[空],tson1(ʦoŋ⁵³),tson1,暂无
松江,纵(縱),~横,tson1(ʦoŋ⁵³),tson1,暂无
松江,锺(鍾),[空],tson1(ʦoŋ⁵³),tson1,暂无
松江,鐘(鐘),[空],tson1(ʦoŋ⁵³),tson1,暂无
松江,盅(盅),[空],tson1(ʦoŋ⁵³),tson1,暂无
松江,琮(琮),[空],tson1(ʦoŋ⁵³),tson1,暂无
松江,淙(淙),[空],tson1(ʦoŋ⁵³),tson1,暂无
松江,总(總),[空],tson3(ʦoŋ⁴⁴),tson3,暂无
松江,综(綜),[空],tson3(ʦoŋ⁴⁴),tson3,暂无
松江,种(種),~子,tson3(ʦoŋ⁴⁴),tson3,暂无
松江,肿(腫),[空],tson3(ʦoŋ⁴⁴),tson3,暂无
松江,冢(塚),[空],tson3(ʦoŋ⁴⁴),tson3,暂无
松江,踵(踵),[空],tson3(ʦoŋ⁴⁴),tson3,暂无
松江,粽(粽),[空],tson5(ʦoŋ³⁵),tson5,暂无
松江,中(中),射~,tson5(ʦoŋ³⁵),tson5,暂无
松江,众(眾),[空],tson5(ʦoŋ³⁵),tson5,暂无
松江,纵(縱),放~,tson5(ʦoŋ³⁵),tson5,暂无
松江,种(種),~田,tson5(ʦoŋ³⁵),tson5,暂无
松江,聪(聰),[空],tshon1(ʦʰoŋ⁵³),tshon1,暂无
松江,匆(匆),[空],tshon1(ʦʰoŋ⁵³),tshon1,暂无
松江,葱(蔥),[空],tshon1(ʦʰoŋ⁵³),tshon1,暂无
松江,囱(囪),[空],tshon1(ʦʰoŋ⁵³),tshon1,暂无
松江,充(充),[空],tshon1(ʦʰoŋ⁵³),tshon1,暂无
松江,从(從),~容,tshon1(ʦʰoŋ⁵³),tshon1,暂无
松江,冲(衝),[空],tshon1(ʦʰoŋ⁵³),tshon1,暂无
松江,舂(舂),文,tshon1(ʦʰoŋ⁵³),tshon1,暂无
松江,宠(寵),[空],tshon3(ʦʰoŋ⁴⁴),tshon3,暂无
松江,铳(銃),[空],tshon5(ʦʰoŋ³⁵),tshon5,暂无
松江,蹱(蹱),[空],tshon5(ʦʰoŋ³⁵),tshon5,暂无
松江,𠑙(𠑙),走路不稳,tshon5(ʦʰoŋ³⁵),tshon5,暂无
松江,鍯(鍯),打洞,tshon5(ʦʰoŋ³⁵),tshon5,暂无
松江,冲(衝),凸出：~额角,tshon5(ʦʰoŋ³⁵),tshon5,暂无
松江,松(鬆),[空],son1(soŋ⁵³),son1,暂无
松江,嵩(嵩),[空],son1(soŋ⁵³),son1,暂无
松江,松(松),[空],son1(soŋ⁵³),son1,暂无
松江,怂(慫),[空],son1(soŋ⁵³),son1,暂无
松江,舂(舂),[空],son1(soŋ⁵³),son1,暂无
松江,摏(摏),捶打,son1(soŋ⁵³),son1,暂无
松江,㩳(㩳),[空],son1(soŋ⁵³),son1,暂无
松江,耸(聳),[空],son3(soŋ⁴⁴),son3,暂无
松江,悚(悚),[空],son3(soŋ⁴⁴),son3,暂无
松江,送(送),[空],son5(soŋ³⁵),son5,暂无
松江,宋(宋),[空],son5(soŋ³⁵),son5,暂无
松江,丛(叢),[空],zon2(zoŋ³¹),zon2,暂无
松江,虫(蟲),[空],zon2(zoŋ³¹),zon2,暂无
松江,崇(崇),[空],zon2(zoŋ³¹),zon2,暂无
松江,从(從),跟~,zon2(zoŋ³¹),zon2,暂无
松江,㞞(㞞),[空],zon2(zoŋ³¹),zon2,暂无
松江,重(重),~复,zon2(zoŋ³¹),zon2,暂无
松江,茸(茸),[空],zon2(zoŋ³¹),zon2,暂无
松江,戎(戎),[空],zon2(zoŋ³¹),zon2,暂无
松江,讼(訟),[空],zon4(zoŋ²²),zon4,暂无
松江,重(重),轻~,zon4(zoŋ²²),zon4,暂无
松江,仲(仲),[空],zon6(zoŋ¹³),zon6,暂无
松江,颂(頌),[空],zon6(zoŋ¹³),zon6,暂无
松江,诵(誦),[空],zon6(zoŋ¹³),zon6,暂无
松江,疘(疘),[空],kon1(koŋ⁵³),kon1,暂无
松江,工(工),[空],kon1(koŋ⁵³),kon1,暂无
松江,功(功),[空],kon1(koŋ⁵³),kon1,暂无
松江,攻(攻),[空],kon1(koŋ⁵³),kon1,暂无
松江,公(公),[空],kon1(koŋ⁵³),kon1,暂无
松江,蚣(蚣),[空],kon1(koŋ⁵³),kon1,暂无
松江,弓(弓),[空],kon1(koŋ⁵³),kon1,暂无
松江,躬(躬),[空],kon1(koŋ⁵³),kon1,暂无
松江,宫(宮),[空],kon1(koŋ⁵³),kon1,暂无
松江,恭(恭),[空],kon1(koŋ⁵³),kon1,暂无
松江,供(供),~给,kon1(koŋ⁵³),kon1,暂无
松江,觥(觥),[空],kon1(koŋ⁵³),kon1,暂无
松江,巩(鞏),[空],kon3(koŋ⁴⁴),kon3,暂无
松江,拱(拱),[空],kon3(koŋ⁴⁴),kon3,暂无
松江,肱(肱),[空],kon3(koŋ⁴⁴),kon3,暂无
松江,贡(貢),[空],kon5(koŋ³⁵),kon5,暂无
松江,汞(汞),[空],kon5(koŋ³⁵),kon5,暂无
松江,供(供),上~,kon5(koŋ³⁵),kon5,暂无
松江,空(空),天~,khon1(kʰoŋ⁵³),khon1,暂无
松江,孔(孔),[空],khon3(kʰoŋ⁴⁴),khon3,暂无
松江,控(控),[空],khon3(kʰoŋ⁴⁴),khon3,暂无
松江,恐(恐),[空],khon3(kʰoŋ⁴⁴),khon3,暂无
松江,空(空),~闲,khon5(kʰoŋ³⁵),khon5,暂无
松江,共(共),[空],gon6(ɡoŋ¹³),gon6,暂无
松江,轰(轟),[空],hon1(hoŋ⁵³),hon1,暂无
松江,訇(訇),[空],hon1(hoŋ⁵³),hon1,暂无
松江,揈(揈),~出去,hon1(hoŋ⁵³),hon1,暂无
松江,烘(烘),[空],hon1(hoŋ⁵³),hon1,暂无
松江,哄(哄),~堂大笑,hon1(hoŋ⁵³),hon1,暂无
松江,哄(哄),~骗,hon3(hoŋ⁴⁴),hon3,暂无
松江,捧(捧),又,hon3(hoŋ⁴⁴),hon3,暂无
松江,讧(訌),[空],hon5(hoŋ³⁵),hon5,暂无
松江,鬨(鬨),起~,hon5(hoŋ³⁵),hon5,暂无
松江,蕻(蕻),[空],hon5(hoŋ³⁵),hon5,暂无
松江,嗅(嗅),闻,hon5(hoŋ³⁵),hon5,暂无
松江,弘(弘),[空],ghon2(ɦoŋ³¹),ghon2,暂无
松江,泓(泓),[空],ghon2(ɦoŋ³¹),ghon2,暂无
松江,宏(宏),[空],ghon2(ɦoŋ³¹),ghon2,暂无
松江,红(紅),[空],ghon2(ɦoŋ³¹),ghon2,暂无
松江,洪(洪),[空],ghon2(ɦoŋ³¹),ghon2,暂无
松江,鸿(鴻),[空],ghon2(ɦoŋ³¹),ghon2,暂无
松江,虹(虹),[空],ghon2(ɦoŋ³¹),ghon2,暂无
松江,翁(翁),[空],on1(oŋ⁵³),on1,暂无
松江,嗡(嗡),[空],on1(oŋ⁵³),on1,暂无
松江,瓮(甕),[空],on3(oŋ⁴⁴),on3,暂无
松江,蕹(蕹),[空],on3(oŋ⁴⁴),on3,暂无
松江,齆(齆),[空],on5(oŋ³⁵),on5,暂无
松江,慃(慃),懊丧,on5(oŋ³⁵),on5,暂无
松江,䐥(䐥),形容臭,on5(oŋ³⁵),on5,暂无
松江,龚(龔),[空],cion1(cioŋ⁵³),cion1,暂无
松江,窘(窘),白,cion3(cioŋ⁴⁴),cion3,暂无
松江,菌(菌),白，又,cion3(cioŋ⁴⁴),cion3,暂无
松江,迥(迥),[空],cion3(cioŋ⁴⁴),cion3,暂无
松江,炯(炯),[空],cion3(cioŋ⁴⁴),cion3,暂无
松江,供(供),坐，詈语,cion5(cioŋ³⁵),cion5,暂无
松江,穹(穹),[空],chion1(cʰioŋ⁵³),chion1,暂无
松江,菌(菌),白,chion3(cʰioŋ⁴⁴),chion3,暂无
松江,裙(裙),白,jion2(ɟioŋ³¹),jion2,暂无
松江,群(群),白,jion2(ɟioŋ³¹),jion2,暂无
松江,琼(瓊),[空],jion2(ɟioŋ³¹),jion2,暂无
松江,茕(煢),[空],jion2(ɟioŋ³¹),jion2,暂无
松江,穷(窮),[空],jion2(ɟioŋ³¹),jion2,暂无
松江,邛(邛),[空],jion2(ɟioŋ³¹),jion2,暂无
松江,郡(郡),白,jion6(ɟioŋ¹³),jion6,暂无
松江,浓(濃),白,gnion2(ɲioŋ³¹),gnion2,暂无
松江,绒(絨),[空],gnion2(ɲioŋ³¹),gnion2,暂无
松江,氄(氄),[空],gnion2(ɲioŋ³¹),gnion2,暂无
松江,熏(熏),白,shion1(çioŋ⁵³),shion1,暂无
松江,勋(勳),白,shion1(çioŋ⁵³),shion1,暂无
松江,兄(兄),[空],shion1(çioŋ⁵³),shion1,暂无
松江,凶(兇),[空],shion1(çioŋ⁵³),shion1,暂无
松江,兇(兇),[空],shion1(çioŋ⁵³),shion1,暂无
松江,胸(胸),[空],shion1(çioŋ⁵³),shion1,暂无
松江,匈(匈),[空],shion1(çioŋ⁵³),shion1,暂无
松江,汹(洶),[空],shion1(çioŋ⁵³),shion1,暂无
松江,训(訓),白,shion5(çioŋ³⁵),shion5,暂无
松江,匀(勻),白,yon2(ɦioŋ³¹),yon2,暂无
松江,云(云),白,yon2(ɦioŋ³¹),yon2,暂无
松江,云(雲),白,yon2(ɦioŋ³¹),yon2,暂无
松江,耘(耘),白,yon2(ɦioŋ³¹),yon2,暂无
松江,芸(芸),白,yon2(ɦioŋ³¹),yon2,暂无
松江,荣(榮),[空],yon2(ɦioŋ³¹),yon2,暂无
松江,营(營),[空],yon2(ɦioŋ³¹),yon2,暂无
松江,茔(塋),[空],yon2(ɦioŋ³¹),yon2,暂无
松江,荧(熒),[空],yon2(ɦioŋ³¹),yon2,暂无
松江,莹(瑩),[空],yon2(ɦioŋ³¹),yon2,暂无
松江,萤(螢),[空],yon2(ɦioŋ³¹),yon2,暂无
松江,荥(滎),[空],yon2(ɦioŋ³¹),yon2,暂无
松江,雄(雄),[空],yon2(ɦioŋ³¹),yon2,暂无
松江,熊(熊),[空],yon2(ɦioŋ³¹),yon2,暂无
松江,融(融),[空],yon2(ɦioŋ³¹),yon2,暂无
松江,冗(冗),[空],yon2(ɦioŋ³¹),yon2,暂无
松江,容(容),[空],yon2(ɦioŋ³¹),yon2,暂无
松江,溶(溶),[空],yon2(ɦioŋ³¹),yon2,暂无
松江,熔(熔),[空],yon2(ɦioŋ³¹),yon2,暂无
松江,蓉(蓉),[空],yon2(ɦioŋ³¹),yon2,暂无
松江,鎔(鎔),[空],yon2(ɦioŋ³¹),yon2,暂无
松江,庸(庸),[空],yon2(ɦioŋ³¹),yon2,暂无
松江,允(允),求~,yon4(ɦioŋ²²),yon4,暂无
松江,熨(熨),白,yon6(ɦioŋ¹³),yon6,暂无
松江,韵(韻),白,yon6(ɦioŋ¹³),yon6,暂无
松江,运(運),白,yon6(ɦioŋ¹³),yon6,暂无
松江,晕(暈),白,yon6(ɦioŋ¹³),yon6,暂无
松江,壅(壅),[空],yon6(ɦioŋ¹³),yon6,暂无
松江,用(用),[空],yon6(ɦioŋ¹³),yon6,暂无
松江,佣(傭),[空],yon6(ɦioŋ¹³),yon6,暂无
松江,痈(癰),[空],ion1(ioŋ⁵³),ion1,暂无
松江,允(允),~许,ion3(ioŋ⁴⁴),ion3,暂无
松江,孕(孕),[空],ion3(ioŋ⁴⁴),ion3,暂无
松江,蕴(蘊),[空],ion3(ioŋ⁴⁴),ion3,暂无
松江,酝(醞),[空],ion3(ioŋ⁴⁴),ion3,暂无
松江,陨(隕),[空],ion3(ioŋ⁴⁴),ion3,暂无
松江,永(永),[空],ion3(ioŋ⁴⁴),ion3,暂无
松江,泳(泳),[空],ion3(ioŋ⁴⁴),ion3,暂无
松江,咏(詠),[空],ion3(ioŋ⁴⁴),ion3,暂无
松江,雍(雍),[空],ion3(ioŋ⁴⁴),ion3,暂无
松江,拥(擁),[空],ion3(ioŋ⁴⁴),ion3,暂无
松江,壅(壅),文,ion3(ioŋ⁴⁴),ion3,暂无
松江,甬(甬),[空],ion3(ioŋ⁴⁴),ion3,暂无
松江,勇(勇),[空],ion3(ioŋ⁴⁴),ion3,暂无
松江,涌(湧),[空],ion3(ioŋ⁴⁴),ion3,暂无
松江,蛹(蛹),[空],ion3(ioŋ⁴⁴),ion3,暂无
松江,百(百),[空],paq7(ɓaʔ⁴),paq7,暂无
松江,伯(伯),[空],paq7(ɓaʔ⁴),paq7,暂无
松江,柏(柏),[空],paq7(ɓaʔ⁴),paq7,暂无
松江,袹(袹),[空],paq7(ɓaʔ⁴),paq7,暂无
松江,擘(擘),[空],paq7(ɓaʔ⁴),paq7,暂无
松江,檗(蘗),[空],paq7(ɓaʔ⁴),paq7,暂无
松江,帕(帕),[空],phaq7(pʰaʔ⁴),phaq7,暂无
松江,泊(泊),[空],phaq7(pʰaʔ⁴),phaq7,暂无
松江,迫(迫),[空],phaq7(pʰaʔ⁴),phaq7,暂无
松江,拍(拍),[空],phaq7(pʰaʔ⁴),phaq7,暂无
松江,魄(魄),[空],phaq7(pʰaʔ⁴),phaq7,暂无
松江,舶(舶),[空],phaq7(pʰaʔ⁴),phaq7,暂无
松江,粕(粕),[空],phaq7(pʰaʔ⁴),phaq7,暂无
松江,珀(珀),[空],phaq7(pʰaʔ⁴),phaq7,暂无
松江,𤖼(𤖼),掰,phaq7(pʰaʔ⁴),phaq7,暂无
松江,白(白),[空],baq8(baʔ²),baq8,暂无
松江,帛(帛),[空],baq8(baʔ²),baq8,暂无
松江,𧻙(𧻙),蹣跚,maq7(maʔ⁴),maq7,暂无
松江,陌(陌),[空],maq8(maʔ²),maq8,暂无
松江,麦(麥),[空],maq8(maʔ²),maq8,暂无
松江,脉(脈),[空],maq8(maʔ²),maq8,暂无
松江,划(劃),笔~,vaq8(βaʔ²),vaq8,暂无
松江,嗒(嗒),滴~滴~：象声词,taq7(ɗaʔ⁴),taq7,暂无
松江,跶(躂),踢~踢~：象声词,thaq7(tʰaʔ⁴),thaq7,暂无
松江,哒(噠),白~：象声词,daq8(daʔ²),daq8,暂无
松江,喇(喇),[空],laq8(laʔ²),laq8,暂无
松江,着(著),~衣裳,tsaq7(ʦaʔ⁴),tsaq7,暂无
松江,酌(酌),[空],tsaq7(ʦaʔ⁴),tsaq7,暂无
松江,灼(灼),[空],tsaq7(ʦaʔ⁴),tsaq7,暂无
松江,摘(摘),[空],tsaq7(ʦaʔ⁴),tsaq7,暂无
松江,只(只),量词,tsaq7(ʦaʔ⁴),tsaq7,暂无
松江,绰(綽),宽~,tshaq7(ʦʰaʔ⁴),tshaq7,暂无
松江,焯(焯),[空],tshaq7(ʦʰaʔ⁴),tshaq7,暂无
松江,拆(拆),[空],tshaq7(ʦʰaʔ⁴),tshaq7,暂无
松江,坼(坼),[空],tshaq7(ʦʰaʔ⁴),tshaq7,暂无
松江,㿭(㿭),[空],tshaq7(ʦʰaʔ⁴),tshaq7,暂无
松江,策(策),[空],tshaq7(ʦʰaʔ⁴),tshaq7,暂无
松江,册(冊),[空],tshaq7(ʦʰaʔ⁴),tshaq7,暂无
松江,赤(赤),白,tshaq7(ʦʰaʔ⁴),tshaq7,暂无
松江,斥(斥),白,tshaq7(ʦʰaʔ⁴),tshaq7,暂无
松江,尺(尺),[空],tshaq7(ʦʰaʔ⁴),tshaq7,暂无
松江,拺(拺),搀扶,tshaq7(ʦʰaʔ⁴),tshaq7,暂无
松江,湿(濕),白,saq7(saʔ⁴),saq7,暂无
松江,煞(煞),~白,saq7(saʔ⁴),saq7,暂无
松江,烁(爍),[空],saq7(saʔ⁴),saq7,暂无
松江,栅(柵),[空],saq7(saʔ⁴),saq7,暂无
松江,螫(螫),[空],saq7(saʔ⁴),saq7,暂无
松江,煠(煠),油~餜,zaq8(zaʔ²),zaq8,暂无
松江,着(著),~火,zaq8(zaʔ²),zaq8,暂无
松江,芍(芍),[空],zaq8(zaʔ²),zaq8,暂无
松江,硕(碩),[空],zaq8(zaʔ²),zaq8,暂无
松江,若(若),[空],zaq8(zaʔ²),zaq8,暂无
松江,弱(弱),[空],zaq8(zaʔ²),zaq8,暂无
松江,宅(宅),[空],zaq8(zaʔ²),zaq8,暂无
松江,泽(澤),地名用字,zaq8(zaʔ²),zaq8,暂无
松江,掷(擲),白,zaq8(zaʔ²),zaq8,暂无
松江,射(射),眼睛直~,zaq8(zaʔ²),zaq8,暂无
松江,石(石),[空],zaq8(zaʔ²),zaq8,暂无
松江,格(格),白,kaq7(kaʔ⁴),kaq7,暂无
松江,骼(骼),[空],kaq7(kaʔ⁴),kaq7,暂无
松江,革(革),~职,kaq7(kaʔ⁴),kaq7,暂无
松江,隔(隔),[空],kaq7(kaʔ⁴),kaq7,暂无
松江,膈(膈),[空],kaq7(kaʔ⁴),kaq7,暂无
松江,嗝(嗝),[空],kaq7(kaʔ⁴),kaq7,暂无
松江,客(客),[空],khaq7(kʰaʔ⁴),khaq7,暂无
松江,额(額),[空],ngaq8(ŋaʔ²),ngaq8,暂无
松江,吓(嚇),白,haq7(haʔ⁴),haq7,暂无
松江,阿(阿),~妈,aq7(aʔ⁴),aq7,暂无
松江,略(略),[空],liaq8(liaʔ²),liaq8,暂无
松江,掠(掠),[空],liaq8(liaʔ²),liaq8,暂无
松江,爵(爵),[空],tsiaq7(ʦiaʔ⁴),tsiaq7,暂无
松江,雀(雀),~子斑,tsiaq7(ʦiaʔ⁴),tsiaq7,暂无
松江,雀(雀),文,tshiaq7(ʦʰiaʔ⁴),tshiaq7,暂无
松江,鹊(鵲),[空],tshiaq7(ʦʰiaʔ⁴),tshiaq7,暂无
松江,皵(皵),[空],tshiaq7(ʦʰiaʔ⁴),tshiaq7,暂无
松江,削(削),[空],siaq7(siaʔ⁴),siaq7,暂无
松江,嚼(嚼),[空],ziaq8(ziaʔ²),ziaq8,暂无
松江,脚(腳),[空],ciaq7(ciaʔ⁴),ciaq7,暂无
松江,角(角),文，~色,ciaq7(ciaʔ⁴),ciaq7,暂无
松江,觉(覺),文，感~,ciaq7(ciaʔ⁴),ciaq7,暂无
松江,却(卻),[空],chiaq7(cʰiaʔ⁴),chiaq7,暂无
松江,确(確),[空],chiaq7(cʰiaʔ⁴),chiaq7,暂无
松江,榷(榷),[空],chiaq7(cʰiaʔ⁴),chiaq7,暂无
松江,剧(劇),[空],jiaq8(ɟiaʔ²),jiaq8,暂无
松江,屐(屐),[空],jiaq8(ɟiaʔ²),jiaq8,暂无
松江,箬(箬),[空],gniaq8(ɲiaʔ²),gniaq8,暂无
松江,虐(虐),[空],gniaq8(ɲiaʔ²),gniaq8,暂无
松江,疟(瘧),文,gniaq8(ɲiaʔ²),gniaq8,暂无
松江,匿(匿),又,gniaq8(ɲiaʔ²),gniaq8,暂无
松江,溺(溺),又,gniaq8(ɲiaʔ²),gniaq8,暂无
松江,吓(嚇),文,shiaq7(çiaʔ⁴),shiaq7,暂无
松江,药(藥),[空],yaq8(ɦiaʔ²),yaq8,暂无
松江,钥(鑰),[空],yaq8(ɦiaʔ²),yaq8,暂无
松江,跃(躍),[空],yaq8(ɦiaʔ²),yaq8,暂无
松江,乐(樂),音~,yaq8(ɦiaʔ²),yaq8,暂无
松江,学(學),文,yaq8(ɦiaʔ²),yaq8,暂无
松江,岳(岳),文,yaq8(ɦiaʔ²),yaq8,暂无
松江,嶽(嶽),文,yaq8(ɦiaʔ²),yaq8,暂无
松江,约(約),[空],iaq7(iaʔ⁴),iaq7,暂无
松江,呱(呱),~~叫,kuaq7(kuaʔ⁴),kuaq7,暂无
松江,八(八),[空],paeq7(ɓæʔ⁴),paeq7,暂无
松江,捌(捌),[空],paeq7(ɓæʔ⁴),paeq7,暂无
松江,拔(拔),[空],baeq8(bæʔ²),baeq8,暂无
松江,跋(跋),[空],baeq8(bæʔ²),baeq8,暂无
松江,钹(鈸),[空],baeq8(bæʔ²),baeq8,暂无
松江,坺(坺),[空],baeq8(bæʔ²),baeq8,暂无
松江,袜(襪),[空],maeq8(mæʔ²),maeq8,暂无
松江,法(法),[空],faeq7(ɸæʔ⁴),faeq7,暂无
松江,珐(琺),[空],faeq7(ɸæʔ⁴),faeq7,暂无
松江,辖(轄),[空],faeq7(ɸæʔ⁴),faeq7,暂无
松江,豁(豁),[空],faeq7(ɸæʔ⁴),faeq7,暂无
松江,发(髪),[空],faeq7(ɸæʔ⁴),faeq7,暂无
松江,发(發),[空],faeq7(ɸæʔ⁴),faeq7,暂无
松江,眓(眓),[空],faeq7(ɸæʔ⁴),faeq7,暂无
松江,𩭳(𩭳),甩,faeq7(ɸæʔ⁴),faeq7,暂无
松江,乏(乏),[空],vaeq8(βæʔ²),vaeq8,暂无
松江,滑(滑),[空],vaeq8(βæʔ²),vaeq8,暂无
松江,猾(猾),[空],vaeq8(βæʔ²),vaeq8,暂无
松江,罚(罰),[空],vaeq8(βæʔ²),vaeq8,暂无
松江,伐(伐),[空],vaeq8(βæʔ²),vaeq8,暂无
松江,筏(筏),[空],vaeq8(βæʔ²),vaeq8,暂无
松江,阀(閥),[空],vaeq8(βæʔ²),vaeq8,暂无
松江,搭(搭),[空],taeq7(ɗæʔ⁴),taeq7,暂无
松江,褡(褡),[空],taeq7(ɗæʔ⁴),taeq7,暂无
松江,瘩(瘩),[空],taeq7(ɗæʔ⁴),taeq7,暂无
松江,嗒(嗒),尝,taeq7(ɗæʔ⁴),taeq7,暂无
松江,鎝(鎝),[空],taeq7(ɗæʔ⁴),taeq7,暂无
松江,遢(遢),[空],taeq7(ɗæʔ⁴),taeq7,暂无
松江,溻(溻),湿~~,taeq7(ɗæʔ⁴),taeq7,暂无
松江,耷(耷),[空],taeq7(ɗæʔ⁴),taeq7,暂无
松江,𡍲(𡍲),处所,taeq7(ɗæʔ⁴),taeq7,暂无
松江,䵬(䵬),[空],thaeq7(tʰæʔ⁴),thaeq7,暂无
松江,㧺(㧺),[空],thaeq7(tʰæʔ⁴),thaeq7,暂无
松江,搨(搨),[空],thaeq7(tʰæʔ⁴),thaeq7,暂无
松江,塌(塌),[空],thaeq7(tʰæʔ⁴),thaeq7,暂无
松江,榻(榻),[空],thaeq7(tʰæʔ⁴),thaeq7,暂无
松江,蹋(蹋),[空],thaeq7(tʰæʔ⁴),thaeq7,暂无
松江,鳎(鰨),[空],thaeq7(tʰæʔ⁴),thaeq7,暂无
松江,溻(溻),水~鬼,thaeq7(tʰæʔ⁴),thaeq7,暂无
松江,遢(遢),又,thaeq7(tʰæʔ⁴),thaeq7,暂无
松江,獭(獺),[空],thaeq7(tʰæʔ⁴),thaeq7,暂无
松江,挞(撻),[空],thaeq7(tʰæʔ⁴),thaeq7,暂无
松江,㳠(㳠),滑~,thaeq7(tʰæʔ⁴),thaeq7,暂无
松江,踏(踏),[空],daeq8(dæʔ²),daeq8,暂无
松江,沓(沓),[空],daeq8(dæʔ²),daeq8,暂无
松江,䈳(䈳),竹~,daeq8(dæʔ²),daeq8,暂无
松江,捺(捺),[空],naeq7(næʔ⁴),naeq7,暂无
松江,腊(臘),[空],laeq8(læʔ²),laeq8,暂无
松江,蜡(蠟),[空],laeq8(læʔ²),laeq8,暂无
松江,镴(鑞),[空],laeq8(læʔ²),laeq8,暂无
松江,邋(邋),[空],laeq8(læʔ²),laeq8,暂无
松江,辣(辣),[空],laeq8(læʔ²),laeq8,暂无
松江,瘌(瘌),[空],laeq8(læʔ²),laeq8,暂无
松江,劄(劄),[空],tsaeq7(ʦæʔ⁴),tsaeq7,暂无
松江,眨(眨),[空],tsaeq7(ʦæʔ⁴),tsaeq7,暂无
松江,匝(匝),[空],tsaeq7(ʦæʔ⁴),tsaeq7,暂无
松江,咂(咂),[空],tsaeq7(ʦæʔ⁴),tsaeq7,暂无
松江,砸(砸),[空],tsaeq7(ʦæʔ⁴),tsaeq7,暂无
松江,扎(扎),[空],tsaeq7(ʦæʔ⁴),tsaeq7,暂无
松江,札(札),[空],tsaeq7(ʦæʔ⁴),tsaeq7,暂无
松江,紮(紮),[空],tsaeq7(ʦæʔ⁴),tsaeq7,暂无
松江,窄(窄),白,tsaeq7(ʦæʔ⁴),tsaeq7,暂无
松江,𡇠(𡇠),硬~,tsaeq7(ʦæʔ⁴),tsaeq7,暂无
松江,插(插),[空],tshaeq7(ʦʰæʔ⁴),tshaeq7,暂无
松江,擦(擦),[空],tshaeq7(ʦʰæʔ⁴),tshaeq7,暂无
松江,察(察),[空],tshaeq7(ʦʰæʔ⁴),tshaeq7,暂无
松江,𥈊(𥈊),眨,saeq7(sæʔ⁴),saeq7,暂无
松江,撒(撒),[空],saeq7(sæʔ⁴),saeq7,暂无
松江,萨(薩),[空],saeq7(sæʔ⁴),saeq7,暂无
松江,杀(殺),[空],saeq7(sæʔ⁴),saeq7,暂无
松江,煞(煞),凶神恶~,saeq7(sæʔ⁴),saeq7,暂无
松江,刹(剎),[空],saeq7(sæʔ⁴),saeq7,暂无
松江,霎(霎),[空],saeq7(sæʔ⁴),saeq7,暂无
松江,闸(閘),[空],zaeq8(zæʔ²),zaeq8,暂无
松江,煠(煠),[空],zaeq8(zæʔ²),zaeq8,暂无
松江,铡(鍘),[空],zaeq8(zæʔ²),zaeq8,暂无
松江,𧾓(𧾓),乱窜,zaeq8(zæʔ²),zaeq8,暂无
松江,夹(夾),白,kaeq7(kæʔ⁴),kaeq7,暂无
松江,裌(裌),[空],kaeq7(kæʔ⁴),kaeq7,暂无
松江,筴(筴),[空],kaeq7(kæʔ⁴),kaeq7,暂无
松江,间(間),~壁：隔壁,kaeq7(kæʔ⁴),kaeq7,暂无
松江,䀹(䀹),[空],kaeq7(kæʔ⁴),kaeq7,暂无
松江,䀫(䀫),挤眼,kaeq7(kæʔ⁴),kaeq7,暂无
松江,䛟(䛟),[空],kaeq7(kæʔ⁴),kaeq7,暂无
松江,唊(唊),口角,kaeq7(kæʔ⁴),kaeq7,暂无
松江,掐(掐),[空],khaeq7(kʰæʔ⁴),khaeq7,暂无
松江,甲(甲),节~：指甲,khaeq7(kʰæʔ⁴),khaeq7,暂无
松江,狭(狹),促~,khaeq7(kʰæʔ⁴),khaeq7,暂无
松江,轧(軋),[空],gaeq8(ɡæʔ²),gaeq8,暂无
松江,齾(齾),[空],ngaeq8(ŋæʔ²),ngaeq8,暂无
松江,恰(恰),白,haeq7(hæʔ⁴),haeq7,暂无
松江,呷(呷),[空],haeq7(hæʔ⁴),haeq7,暂无
松江,瞎(瞎),白,haeq7(hæʔ⁴),haeq7,暂无
松江,盒(盒),[空],ghaeq8(ɦæʔ²),ghaeq8,暂无
松江,狭(狹),[空],ghaeq8(ɦæʔ²),ghaeq8,暂无
松江,硖(硤),[空],ghaeq8(ɦæʔ²),ghaeq8,暂无
松江,匣(匣),[空],ghaeq8(ɦæʔ²),ghaeq8,暂无
松江,阿(阿),~哥,aeq7(æʔ⁴),aeq7,暂无
松江,压(壓),白,aeq7(æʔ⁴),aeq7,暂无
松江,押(押),白,aeq7(æʔ⁴),aeq7,暂无
松江,鸭(鴨),白,aeq7(æʔ⁴),aeq7,暂无
松江,夹(夾),文,ciaeq7(ciæʔ⁴),ciaeq7,暂无
松江,甲(甲),~乙,ciaeq7(ciæʔ⁴),ciaeq7,暂无
松江,胛(胛),文,ciaeq7(ciæʔ⁴),ciaeq7,暂无
松江,峡(峽),[空],ciaeq7(ciæʔ⁴),ciaeq7,暂无
松江,荚(莢),文,ciaeq7(ciæʔ⁴),ciaeq7,暂无
松江,挟(挾),文,ciaeq7(ciæʔ⁴),ciaeq7,暂无
松江,恰(恰),文,chiaeq7(cʰiæʔ⁴),chiaeq7,暂无
松江,捏(捏),[空],gniaeq8(ɲiæʔ²),gniaeq8,暂无
松江,瞎(瞎),文,shiaeq7(çiæʔ⁴),shiaeq7,暂无
松江,洽(洽),[空],yaeq8(ɦiæʔ²),yaeq8,暂无
松江,协(協),[空],yaeq8(ɦiæʔ²),yaeq8,暂无
松江,挟(挾),~持,yaeq8(ɦiæʔ²),yaeq8,暂无
松江,侠(俠),[空],yaeq8(ɦiæʔ²),yaeq8,暂无
松江,压(壓),文,iaeq7(iæʔ⁴),iaeq7,暂无
松江,押(押),文,iaeq7(iæʔ⁴),iaeq7,暂无
松江,鸭(鴨),[空],iaeq7(iæʔ⁴),iaeq7,暂无
松江,括(括),[空],kuaeq7(kuæʔ⁴),kuaeq7,暂无
松江,聒(聒),[空],kuaeq7(kuæʔ⁴),kuaeq7,暂无
松江,刮(刮),[空],kuaeq7(kuæʔ⁴),kuaeq7,暂无
松江,掴(摑),[空],kuaeq7(kuæʔ⁴),kuaeq7,暂无
松江,𢼛(𢼛),[空],kuaeq7(kuæʔ⁴),kuaeq7,暂无
松江,挖(挖),[空],uaeq7(uæʔ⁴),uaeq7,暂无
松江,掇(掇),端,toeq7(ɗœʔ⁴),toeq7,暂无
松江,脱(脫),[空],thoeq7(tʰœʔ⁴),thoeq7,暂无
松江,叠(疊),量词,doeq8(dœʔ²),doeq8,暂无
松江,夺(奪),[空],doeq8(dœʔ²),doeq8,暂无
松江,衲(衲),尿布,noeq8(nœʔ²),noeq8,暂无
松江,捋(捋),[空],loeq8(lœʔ²),loeq8,暂无
松江,撮(撮),[空],tshoeq7(ʦʰœʔ⁴),tshoeq7,暂无
松江,说(說),[空],soeq7(sœʔ⁴),soeq7,暂无
松江,蟀(蟀),[空],soeq7(sœʔ⁴),soeq7,暂无
松江,窣(窣),[空],soeq7(sœʔ⁴),soeq7,暂无
松江,割(割),[空],koeq7(kœʔ⁴),koeq7,暂无
松江,渴(渴),[空],khoeq7(kʰœʔ⁴),khoeq7,暂无
松江,喝(喝),吆~,hoeq7(hœʔ⁴),hoeq7,暂无
松江,厥(厥),[空],ciuq7(cyœʔ⁴),ciuq7,暂无
松江,蕨(蕨),[空],ciuq7(cyœʔ⁴),ciuq7,暂无
松江,噘(噘),[空],ciuq7(cyœʔ⁴),ciuq7,暂无
松江,蹶(蹶),[空],ciuq7(cyœʔ⁴),ciuq7,暂无
松江,憠(憠),[空],ciuq7(cyœʔ⁴),ciuq7,暂无
松江,瘚(瘚),昏倒,ciuq7(cyœʔ⁴),ciuq7,暂无
松江,决(決),[空],ciuq7(cyœʔ⁴),ciuq7,暂无
松江,诀(訣),[空],ciuq7(cyœʔ⁴),ciuq7,暂无
松江,抉(抉),[空],ciuq7(cyœʔ⁴),ciuq7,暂无
松江,玦(玦),[空],ciuq7(cyœʔ⁴),ciuq7,暂无
松江,孓(孓),[空],ciuq7(cyœʔ⁴),ciuq7,暂无
松江,阙(闕),[空],chiuq7(cʰyœʔ⁴),chiuq7,暂无
松江,阕(闋),[空],chiuq7(cʰyœʔ⁴),chiuq7,暂无
松江,缺(缺),[空],chiuq7(cʰyœʔ⁴),chiuq7,暂无
松江,屈(屈),[空],chiuq7(cʰyœʔ⁴),chiuq7,暂无
松江,掘(掘),[空],jiuq8(ɟyœʔ²),jiuq8,暂无
松江,崛(崛),[空],jiuq8(ɟyœʔ²),jiuq8,暂无
松江,橛(橛),[空],jiuq8(ɟyœʔ²),jiuq8,暂无
松江,鐝(鐝),[空],jiuq8(ɟyœʔ²),jiuq8,暂无
松江,䞷(䞷),[空],jiuq8(ɟyœʔ²),jiuq8,暂无
松江,𧤼(𧤼),用角顶,jiuq8(ɟyœʔ²),jiuq8,暂无
松江,㭾(㭾),短,jiuq8(ɟyœʔ²),jiuq8,暂无
松江,月(月),白,gniuq8(ɲyœʔ²),gniuq8,暂无
松江,血(血),[空],shiuq7(çyœʔ⁴),shiuq7,暂无
松江,噱(噱),[空],shiuq7(çyœʔ⁴),shiuq7,暂无
松江,悦(悅),[空],yuq8(ɦyœʔ²),yuq8,暂无
松江,阅(閱),[空],yuq8(ɦyœʔ²),yuq8,暂无
松江,月(月),文,yuq8(ɦyœʔ²),yuq8,暂无
松江,曰(曰),[空],yuq8(ɦyœʔ²),yuq8,暂无
松江,越(越),[空],yuq8(ɦyœʔ²),yuq8,暂无
松江,粤(粵),[空],yuq8(ɦyœʔ²),yuq8,暂无
松江,钺(鉞),[空],yuq8(ɦyœʔ²),yuq8,暂无
松江,穴(穴),[空],yuq8(ɦyœʔ²),yuq8,暂无
松江,燏(燏),[空],yuq8(ɦyœʔ²),yuq8,暂无
松江,哕(噦),[空],iuq7(yœʔ⁴),iuq7,暂无
松江,郁(鬱),忧~,iuq7(yœʔ⁴),iuq7,暂无
松江,博(博),[空],paoq7(ɓɒʔ⁴),paoq7,暂无
松江,搏(搏),[空],paoq7(ɓɒʔ⁴),paoq7,暂无
松江,膊(膊),[空],paoq7(ɓɒʔ⁴),paoq7,暂无
松江,扑(撲),[空],phaoq7(pʰɒʔ⁴),phaoq7,暂无
松江,朴(樸),[空],phaoq7(pʰɒʔ⁴),phaoq7,暂无
松江,樸(樸),[空],phaoq7(pʰɒʔ⁴),phaoq7,暂无
松江,璞(璞),[空],phaoq7(pʰɒʔ⁴),phaoq7,暂无
松江,濮(濮),[空],phaoq7(pʰɒʔ⁴),phaoq7,暂无
松江,蹼(蹼),[空],phaoq7(pʰɒʔ⁴),phaoq7,暂无
松江,薄(薄),[空],baoq8(bɒʔ²),baoq8,暂无
松江,箔(箔),[空],baoq8(bɒʔ²),baoq8,暂无
松江,缚(縛),白,baoq8(bɒʔ²),baoq8,暂无
松江,仆(僕),~人,baoq8(bɒʔ²),baoq8,暂无
松江,雹(雹),[空],baoq8(bɒʔ²),baoq8,暂无
松江,曝(曝),又,baoq8(bɒʔ²),baoq8,暂无
松江,瀑(瀑),又,baoq8(bɒʔ²),baoq8,暂无
松江,亳(亳),[空],baoq8(bɒʔ²),baoq8,暂无
松江,莫(莫),[空],maoq8(mɒʔ²),maoq8,暂无
松江,摸(摸),[空],maoq8(mɒʔ²),maoq8,暂无
松江,寞(寞),[空],maoq8(mɒʔ²),maoq8,暂无
松江,膜(膜),文,maoq8(mɒʔ²),maoq8,暂无
松江,漠(漠),[空],maoq8(mɒʔ²),maoq8,暂无
松江,木(木),[空],maoq8(mɒʔ²),maoq8,暂无
松江,沐(沐),[空],maoq8(mɒʔ²),maoq8,暂无
松江,目(目),[空],maoq8(mɒʔ²),maoq8,暂无
松江,睦(睦),[空],maoq8(mɒʔ²),maoq8,暂无
松江,牧(牧),[空],maoq8(mɒʔ²),maoq8,暂无
松江,穆(穆),[空],maoq8(mɒʔ²),maoq8,暂无
松江,缚(縛),文,vaoq8(βɒʔ²),vaoq8,暂无
松江,厾(厾),[空],taoq7(ɗɒʔ⁴),taoq7,暂无
松江,沰(沰),[空],taoq7(ɗɒʔ⁴),taoq7,暂无
松江,涿(涿),~雨：淋雨,taoq7(ɗɒʔ⁴),taoq7,暂无
松江,豛(豛),敲击,taoq7(ɗɒʔ⁴),taoq7,暂无
松江,笃(篤),[空],taoq7(ɗɒʔ⁴),taoq7,暂无
松江,𧝴(𧝴),[空],taoq7(ɗɒʔ⁴),taoq7,暂无
松江,托(托),[空],thaoq7(tʰɒʔ⁴),thaoq7,暂无
松江,託(託),[空],thaoq7(tʰɒʔ⁴),thaoq7,暂无
松江,拓(拓),[空],thaoq7(tʰɒʔ⁴),thaoq7,暂无
松江,庹(庹),[空],thaoq7(tʰɒʔ⁴),thaoq7,暂无
松江,槖(槖),[空],thaoq7(tʰɒʔ⁴),thaoq7,暂无
松江,箨(籜),[空],thaoq7(tʰɒʔ⁴),thaoq7,暂无
松江,柝(柝),[空],thaoq7(tʰɒʔ⁴),thaoq7,暂无
松江,铎(鐸),[空],daoq8(dɒʔ²),daoq8,暂无
松江,踱(踱),[空],daoq8(dɒʔ²),daoq8,暂无
松江,度(度),忖~,daoq8(dɒʔ²),daoq8,暂无
松江,凙(凙),[空],daoq8(dɒʔ²),daoq8,暂无
松江,喥(喥),疯，傻,daoq8(dɒʔ²),daoq8,暂无
松江,诺(諾),[空],naoq8(nɒʔ²),naoq8,暂无
松江,落(落),~脉：惬意,laoq7(lɒʔ⁴),laoq7,暂无
松江,乐(樂),快~,laoq8(lɒʔ²),laoq8,暂无
松江,落(落),[空],laoq8(lɒʔ²),laoq8,暂无
松江,洛(洛),[空],laoq8(lɒʔ²),laoq8,暂无
松江,烙(烙),[空],laoq8(lɒʔ²),laoq8,暂无
松江,骆(駱),[空],laoq8(lɒʔ²),laoq8,暂无
松江,络(絡),[空],laoq8(lɒʔ²),laoq8,暂无
松江,酪(酪),[空],laoq8(lɒʔ²),laoq8,暂无
松江,作(作),[空],tsaoq7(ʦɒʔ⁴),tsaoq7,暂无
松江,卓(卓),[空],tsaoq7(ʦɒʔ⁴),tsaoq7,暂无
松江,桌(桌),[空],tsaoq7(ʦɒʔ⁴),tsaoq7,暂无
松江,啄(啄),[空],tsaoq7(ʦɒʔ⁴),tsaoq7,暂无
松江,琢(琢),[空],tsaoq7(ʦɒʔ⁴),tsaoq7,暂无
松江,涿(涿),文,tsaoq7(ʦɒʔ⁴),tsaoq7,暂无
松江,斫(斫),[空],tsaoq7(ʦɒʔ⁴),tsaoq7,暂无
松江,斲(斲),[空],tsaoq7(ʦɒʔ⁴),tsaoq7,暂无
松江,捉(捉),[空],tsaoq7(ʦɒʔ⁴),tsaoq7,暂无
松江,篫(篫),收拾整齐,tsaoq7(ʦɒʔ⁴),tsaoq7,暂无
松江,𡎺(𡎺),[空],tsaoq7(ʦɒʔ⁴),tsaoq7,暂无
松江,瘃(瘃),冻~：冻疮,tsaoq7(ʦɒʔ⁴),tsaoq7,暂无
松江,肏(肏),[空],tshaoq7(ʦʰɒʔ⁴),tshaoq7,暂无
松江,龊(齪),[空],tshaoq7(ʦʰɒʔ⁴),tshaoq7,暂无
松江,索(索),[空],saoq7(sɒʔ⁴),saoq7,暂无
松江,朔(朔),[空],saoq7(sɒʔ⁴),saoq7,暂无
松江,欶(欶),[空],saoq7(sɒʔ⁴),saoq7,暂无
松江,嗍(嗍),[空],saoq7(sɒʔ⁴),saoq7,暂无
松江,缩(縮),[空],saoq7(sɒʔ⁴),saoq7,暂无
松江,凿(鑿),[空],zaoq8(zɒʔ²),zaoq8,暂无
松江,勺(勺),[空],zaoq8(zɒʔ²),zaoq8,暂无
松江,濯(濯),[空],zaoq8(zɒʔ²),zaoq8,暂无
松江,浊(濁),[空],zaoq8(zɒʔ²),zaoq8,暂无
松江,镯(鐲),[空],zaoq8(zɒʔ²),zaoq8,暂无
松江,射(射),~箭,zaoq8(zɒʔ²),zaoq8,暂无
松江,蜀(蜀),魏~吴,zaoq8(zɒʔ²),zaoq8,暂无
松江,𧮙(𧮙),骂,zaoq8(zɒʔ²),zaoq8,暂无
松江,各(各),[空],kaoq7(kɒʔ⁴),kaoq7,暂无
松江,阁(閣),[空],kaoq7(kɒʔ⁴),kaoq7,暂无
松江,搁(擱),[空],kaoq7(kɒʔ⁴),kaoq7,暂无
松江,角(角),白,kaoq7(kɒʔ⁴),kaoq7,暂无
松江,觉(覺),白,kaoq7(kɒʔ⁴),kaoq7,暂无
松江,啯(啯),~嘴：漱口,kaoq7(kɒʔ⁴),kaoq7,暂无
松江,壳(殼),[空],khaoq7(kʰɒʔ⁴),khaoq7,暂无
松江,毃(毃),敲打,khaoq7(kʰɒʔ⁴),khaoq7,暂无
松江,𤿩(𤿩),石灰墙面翘起,khaoq7(kʰɒʔ⁴),khaoq7,暂无
松江,鄂(鄂),[空],ngaoq8(ŋɒʔ²),ngaoq8,暂无
松江,愕(愕),[空],ngaoq8(ŋɒʔ²),ngaoq8,暂无
松江,腭(腭),[空],ngaoq8(ŋɒʔ²),ngaoq8,暂无
松江,颚(顎),[空],ngaoq8(ŋɒʔ²),ngaoq8,暂无
松江,萼(萼),[空],ngaoq8(ŋɒʔ²),ngaoq8,暂无
松江,鳄(鱷),[空],ngaoq8(ŋɒʔ²),ngaoq8,暂无
松江,鹤(鶴),[空],ngaoq8(ŋɒʔ²),ngaoq8,暂无
松江,噩(噩),[空],ngaoq8(ŋɒʔ²),ngaoq8,暂无
松江,疟(瘧),~子：疟疾,ngaoq8(ŋɒʔ²),ngaoq8,暂无
松江,岳(岳),白,ngaoq8(ŋɒʔ²),ngaoq8,暂无
松江,嶽(嶽),白,ngaoq8(ŋɒʔ²),ngaoq8,暂无
松江,壑(壑),[空],haoq7(hɒʔ⁴),haoq7,暂无
松江,貉(貉),[空],haoq7(hɒʔ⁴),haoq7,暂无
松江,霍(霍),[空],haoq7(hɒʔ⁴),haoq7,暂无
松江,藿(藿),[空],haoq7(hɒʔ⁴),haoq7,暂无
松江,熇(熇),烤,haoq7(hɒʔ⁴),haoq7,暂无
松江,嗀(嗀),咳痰,haoq7(hɒʔ⁴),haoq7,暂无
松江,攉(攉),受骗,haoq7(hɒʔ⁴),haoq7,暂无
松江,歊(歊),上~：上腭,haoq7(hɒʔ⁴),haoq7,暂无
松江,镬(鑊),[空],ghaoq8(ɦɒʔ²),ghaoq8,暂无
松江,学(學),白,ghaoq8(ɦɒʔ²),ghaoq8,暂无
松江,恶(惡),[空],aoq7(ɒʔ⁴),aoq7,暂无
松江,郭(郭),[空],aoq7(ɒʔ⁴),aoq7,暂无
松江,𢫭(𢫭),又,gniaoq7(ɲiɒʔ⁴),gniaoq7,暂无
松江,𢫭(𢫭),揉,gniaoq8(ɲiɒʔ²),gniaoq8,暂无
松江,搦(搦),[空],gniaoq8(ɲiɒʔ²),gniaoq8,暂无
松江,掉(掉),推搡,gniaoq8(ɲiɒʔ²),gniaoq8,暂无
松江,郭(郭),[空],kuaoq7(kuɒʔ⁴),kuaoq7,暂无
松江,椁(槨),[空],kuaoq7(kuɒʔ⁴),kuaoq7,暂无
松江,漷(漷),晃动溢出,kuaoq7(kuɒʔ⁴),kuaoq7,暂无
松江,扩(擴),[空],khuaoq7(kʰuɒʔ⁴),khuaoq7,暂无
松江,廓(廓),[空],khuaoq7(kʰuɒʔ⁴),khuaoq7,暂无
松江,握(握),[空],uaoq7(uɒʔ⁴),uaoq7,暂无
松江,沃(沃),[空],uaoq7(uɒʔ⁴),uaoq7,暂无
松江,葡(葡),白，又,beoq8(bʌʔ²),beoq8,暂无
松江,墨(墨),[空],meoq8(mʌʔ²),meoq8,暂无
松江,默(默),[空],meoq8(mʌʔ²),meoq8,暂无
松江,啄(啄),[空],teoq7(ɗʌʔ⁴),teoq7,暂无
松江,得(得),[空],teoq7(ɗʌʔ⁴),teoq7,暂无
松江,德(德),[空],teoq7(ɗʌʔ⁴),teoq7,暂无
松江,忒(忒),[空],theoq7(tʰʌʔ⁴),theoq7,暂无
松江,忑(忑),[空],theoq7(tʰʌʔ⁴),theoq7,暂无
松江,特(特),[空],deoq8(dʌʔ²),deoq8,暂无
松江,肋(肋),[空],leoq8(lʌʔ²),leoq8,暂无
松江,勒(勒),[空],leoq8(lʌʔ²),leoq8,暂无
松江,窒(窒),[空],tseoq7(ʦʌʔ⁴),tseoq7,暂无
松江,则(則),[空],tseoq7(ʦʌʔ⁴),tseoq7,暂无
松江,仄(仄),[空],tseoq7(ʦʌʔ⁴),tseoq7,暂无
松江,侧(側),白,tseoq7(ʦʌʔ⁴),tseoq7,暂无
松江,织(織),[空],tseoq7(ʦʌʔ⁴),tseoq7,暂无
松江,职(職),[空],tseoq7(ʦʌʔ⁴),tseoq7,暂无
松江,窄(窄),文,tseoq7(ʦʌʔ⁴),tseoq7,暂无
松江,责(責),[空],tseoq7(ʦʌʔ⁴),tseoq7,暂无
松江,谪(謫),[空],tseoq7(ʦʌʔ⁴),tseoq7,暂无
松江,炙(炙),[空],tseoq7(ʦʌʔ⁴),tseoq7,暂无
松江,黢(黢),[空],tsheoq7(ʦʰʌʔ⁴),tsheoq7,暂无
松江,饬(飭),文,tsheoq7(ʦʰʌʔ⁴),tsheoq7,暂无
松江,侧(側),文,tsheoq7(ʦʰʌʔ⁴),tsheoq7,暂无
松江,测(測),[空],tsheoq7(ʦʰʌʔ⁴),tsheoq7,暂无
松江,恻(惻),[空],tsheoq7(ʦʰʌʔ⁴),tsheoq7,暂无
松江,赤(赤),文,tsheoq7(ʦʰʌʔ⁴),tsheoq7,暂无
松江,斥(斥),文,tsheoq7(ʦʰʌʔ⁴),tsheoq7,暂无
松江,敕(敕),[空],tsheoq7(ʦʰʌʔ⁴),tsheoq7,暂无
松江,瑟(瑟),[空],seoq7(sʌʔ⁴),seoq7,暂无
松江,室(室),[空],seoq7(sʌʔ⁴),seoq7,暂无
松江,塞(塞),[空],seoq7(sʌʔ⁴),seoq7,暂无
松江,色(色),[空],seoq7(sʌʔ⁴),seoq7,暂无
松江,啬(嗇),[空],seoq7(sʌʔ⁴),seoq7,暂无
松江,穑(穡),稻~头：稻穗,seoq7(sʌʔ⁴),seoq7,暂无
松江,式(式),[空],seoq7(sʌʔ⁴),seoq7,暂无
松江,识(識),[空],seoq7(sʌʔ⁴),seoq7,暂无
松江,轼(軾),[空],seoq7(sʌʔ⁴),seoq7,暂无
松江,饰(飾),[空],seoq7(sʌʔ⁴),seoq7,暂无
松江,适(適),[空],seoq7(sʌʔ⁴),seoq7,暂无
松江,释(釋),[空],seoq7(sʌʔ⁴),seoq7,暂无
松江,秩(秩),[空],zeoq8(zʌʔ²),zeoq8,暂无
松江,贼(賊),[空],zeoq8(zʌʔ²),zeoq8,暂无
松江,直(直),[空],zeoq8(zʌʔ²),zeoq8,暂无
松江,值(值),[空],zeoq8(zʌʔ²),zeoq8,暂无
松江,食(食),[空],zeoq8(zʌʔ²),zeoq8,暂无
松江,蚀(蝕),[空],zeoq8(zʌʔ²),zeoq8,暂无
松江,殖(殖),[空],zeoq8(zʌʔ²),zeoq8,暂无
松江,植(植),[空],zeoq8(zʌʔ²),zeoq8,暂无
松江,泽(澤),文,zeoq8(zʌʔ²),zeoq8,暂无
松江,择(擇),文,zeoq8(zʌʔ²),zeoq8,暂无
松江,葛(葛),又,keoq7(kʌʔ⁴),keoq7,暂无
松江,割(割),文,keoq7(kʌʔ⁴),keoq7,暂无
松江,胳(胳),[空],keoq7(kʌʔ⁴),keoq7,暂无
松江,格(格),文,keoq7(kʌʔ⁴),keoq7,暂无
松江,革(革),文,keoq7(kʌʔ⁴),keoq7,暂无
松江,刻(刻),[空],kheoq7(kʰʌʔ⁴),kheoq7,暂无
松江,克(克),[空],kheoq7(kʰʌʔ⁴),kheoq7,暂无
松江,剋(剋),[空],kheoq7(kʰʌʔ⁴),kheoq7,暂无
松江,搿(搿),夹，又,geoq8(ɡʌʔ²),geoq8,暂无
松江,额(額),文,ngeoq8(ŋʌʔ²),ngeoq8,暂无
松江,厄(厄),[空],ngeoq8(ŋʌʔ²),ngeoq8,暂无
松江,扼(扼),[空],ngeoq8(ŋʌʔ²),ngeoq8,暂无
松江,轭(軛),[空],ngeoq8(ŋʌʔ²),ngeoq8,暂无
松江,核(核),审~,ngeoq8(ŋʌʔ²),ngeoq8,暂无
松江,覈(覈),[空],ngeoq8(ŋʌʔ²),ngeoq8,暂无
松江,郝(郝),[空],heoq7(hʌʔ⁴),heoq7,暂无
松江,黑(黑),[空],heoq7(hʌʔ⁴),heoq7,暂无
松江,赫(赫),[空],heoq7(hʌʔ⁴),heoq7,暂无
松江,阂(閡),隔~,gheoq8(ɦʌʔ²),gheoq8,暂无
松江,遏(遏),[空],eoq7(ʌʔ⁴),eoq7,暂无
松江,笔(筆),[空],pieq7(ɓiʌʔ⁴),pieq7,暂无
松江,滗(滗),[空],pieq7(ɓiʌʔ⁴),pieq7,暂无
松江,逼(逼),[空],pieq7(ɓiʌʔ⁴),pieq7,暂无
松江,碧(碧),[空],pieq7(ɓiʌʔ⁴),pieq7,暂无
松江,壁(壁),墙~,pieq7(ɓiʌʔ⁴),pieq7,暂无
松江,璧(璧),[空],pieq7(ɓiʌʔ⁴),pieq7,暂无
松江,撇(撇),[空],phieq7(pʰiʌʔ⁴),phieq7,暂无
松江,潎(潎),[空],phieq7(pʰiʌʔ⁴),phieq7,暂无
松江,匹(匹),一~布,phieq7(pʰiʌʔ⁴),phieq7,暂无
松江,僻(僻),[空],phieq7(pʰiʌʔ⁴),phieq7,暂无
松江,辟(闢),[空],phieq7(pʰiʌʔ⁴),phieq7,暂无
松江,癖(癖),[空],phieq7(pʰiʌʔ⁴),phieq7,暂无
松江,霹(霹),[空],phieq7(pʰiʌʔ⁴),phieq7,暂无
松江,劈(劈),[空],phieq7(pʰiʌʔ⁴),phieq7,暂无
松江,的(的),[空],tieq7(ɗiʌʔ⁴),tieq7,暂无
松江,滴(滴),[空],tieq7(ɗiʌʔ⁴),tieq7,暂无
松江,嫡(嫡),[空],tieq7(ɗiʌʔ⁴),tieq7,暂无
松江,擿(擿),[空],tieq7(ɗiʌʔ⁴),tieq7,暂无
松江,扚(扚),[空],tieq7(ɗiʌʔ⁴),tieq7,暂无
松江,踢(踢),[空],thieq7(tʰiʌʔ⁴),thieq7,暂无
松江,剔(剔),[空],thieq7(tʰiʌʔ⁴),thieq7,暂无
松江,惕(惕),[空],thieq7(tʰiʌʔ⁴),thieq7,暂无
松江,倜(倜),[空],thieq7(tʰiʌʔ⁴),thieq7,暂无
松江,笛(笛),[空],dieq8(diʌʔ²),dieq8,暂无
松江,敌(敵),[空],dieq8(diʌʔ²),dieq8,暂无
松江,狄(狄),[空],dieq8(diʌʔ²),dieq8,暂无
松江,荻(荻),[空],dieq8(diʌʔ²),dieq8,暂无
松江,籴(糴),[空],dieq8(diʌʔ²),dieq8,暂无
松江,翟(翟),[空],dieq8(diʌʔ²),dieq8,暂无
松江,涤(滌),[空],dieq8(diʌʔ²),dieq8,暂无
松江,粒(粒),[空],lieq8(liʌʔ²),lieq8,暂无
松江,力(力),[空],lieq8(liʌʔ²),lieq8,暂无
松江,雳(靂),[空],lieq8(liʌʔ²),lieq8,暂无
松江,疖(癤),文,tsieq7(ʦiʌʔ⁴),tsieq7,暂无
松江,即(即),[空],tsieq7(ʦiʌʔ⁴),tsieq7,暂无
松江,鲫(鯽),文，过江之~,tsieq7(ʦiʌʔ⁴),tsieq7,暂无
松江,唧(唧),[空],tsieq7(ʦiʌʔ⁴),tsieq7,暂无
松江,稷(稷),[空],tsieq7(ʦiʌʔ⁴),tsieq7,暂无
松江,积(積),[空],tsieq7(ʦiʌʔ⁴),tsieq7,暂无
松江,迹(跡),[空],tsieq7(ʦiʌʔ⁴),tsieq7,暂无
松江,脊(脊),[空],tsieq7(ʦiʌʔ⁴),tsieq7,暂无
松江,瘠(瘠),[空],tsieq7(ʦiʌʔ⁴),tsieq7,暂无
松江,绩(績),[空],tsieq7(ʦiʌʔ⁴),tsieq7,暂无
松江,缉(緝),[空],tshieq7(ʦʰiʌʔ⁴),tshieq7,暂无
松江,漆(漆),[空],tshieq7(ʦʰiʌʔ⁴),tshieq7,暂无
松江,饬(飭),~紧,tshieq7(ʦʰiʌʔ⁴),tshieq7,暂无
松江,亵(褻),[空],sieq7(siʌʔ⁴),sieq7,暂无
松江,悉(悉),[空],sieq7(siʌʔ⁴),sieq7,暂无
松江,蟋(蟋),[空],sieq7(siʌʔ⁴),sieq7,暂无
松江,膝(膝),[空],sieq7(siʌʔ⁴),sieq7,暂无
松江,戌(戌),[空],sieq7(siʌʔ⁴),sieq7,暂无
松江,恤(卹),[空],sieq7(siʌʔ⁴),sieq7,暂无
松江,息(息),[空],sieq7(siʌʔ⁴),sieq7,暂无
松江,熄(熄),[空],sieq7(siʌʔ⁴),sieq7,暂无
松江,媳(媳),[空],sieq7(siʌʔ⁴),sieq7,暂无
松江,昔(昔),[空],sieq7(siʌʔ⁴),sieq7,暂无
松江,惜(惜),[空],sieq7(siʌʔ⁴),sieq7,暂无
松江,锡(錫),[空],sieq7(siʌʔ⁴),sieq7,暂无
松江,析(析),[空],sieq7(siʌʔ⁴),sieq7,暂无
松江,晰(晰),[空],sieq7(siʌʔ⁴),sieq7,暂无
松江,皙(皙),[空],sieq7(siʌʔ⁴),sieq7,暂无
松江,蜥(蜥),[空],sieq7(siʌʔ⁴),sieq7,暂无
松江,疾(疾),[空],zieq8(ziʌʔ²),zieq8,暂无
松江,嫉(嫉),[空],zieq8(ziʌʔ²),zieq8,暂无
松江,藉(藉),狼~,zieq8(ziʌʔ²),zieq8,暂无
松江,席(席),[空],zieq8(ziʌʔ²),zieq8,暂无
松江,蓆(蓆),[空],zieq8(ziʌʔ²),zieq8,暂无
松江,夕(夕),[空],zieq8(ziʌʔ²),zieq8,暂无
松江,汐(汐),[空],zieq8(ziʌʔ²),zieq8,暂无
松江,寂(寂),[空],zieq8(ziʌʔ²),zieq8,暂无
松江,级(級),[空],cieq7(ciʌʔ⁴),cieq7,暂无
松江,亟(亟),[空],cieq7(ciʌʔ⁴),cieq7,暂无
松江,戟(戟),[空],cieq7(ciʌʔ⁴),cieq7,暂无
松江,激(激),[空],cieq7(ciʌʔ⁴),cieq7,暂无
松江,击(擊),[空],cieq7(ciʌʔ⁴),cieq7,暂无
松江,棘(棘),[空],cieq7(ciʌʔ⁴),cieq7,暂无
松江,契(契),~丹,chieq7(cʰiʌʔ⁴),chieq7,暂无
松江,乞(乞),[空],chieq7(cʰiʌʔ⁴),chieq7,暂无
松江,迄(迄),[空],chieq7(cʰiʌʔ⁴),chieq7,暂无
松江,讫(訖),[空],chieq7(cʰiʌʔ⁴),chieq7,暂无
松江,吃(吃),[空],chieq7(cʰiʌʔ⁴),chieq7,暂无
松江,𠊬(𠊬),[空],chieq7(cʰiʌʔ⁴),chieq7,暂无
松江,极(極),[空],jieq8(ɟiʌʔ²),jieq8,暂无
松江,匿(匿),[空],gnieq8(ɲiʌʔ²),gnieq8,暂无
松江,逆(逆),[空],gnieq8(ɲiʌʔ²),gnieq8,暂无
松江,溺(溺),[空],gnieq8(ɲiʌʔ²),gnieq8,暂无
松江,阒(闃),[空],shieq7(çiʌʔ⁴),shieq7,暂无
松江,逸(逸),[空],yeq8(ɦiʌʔ²),yeq8,暂无
松江,轶(軼),[空],yeq8(ɦiʌʔ²),yeq8,暂无
松江,佚(佚),[空],yeq8(ɦiʌʔ²),yeq8,暂无
松江,翼(翼),[空],yeq8(ɦiʌʔ²),yeq8,暂无
松江,弋(弋),[空],yeq8(ɦiʌʔ²),yeq8,暂无
松江,亦(亦),[空],yeq8(ɦiʌʔ²),yeq8,暂无
松江,弈(弈),[空],yeq8(ɦiʌʔ²),yeq8,暂无
松江,奕(奕),[空],yeq8(ɦiʌʔ²),yeq8,暂无
松江,液(液),[空],yeq8(ɦiʌʔ²),yeq8,暂无
松江,腋(腋),[空],yeq8(ɦiʌʔ²),yeq8,暂无
松江,译(譯),[空],yeq8(ɦiʌʔ²),yeq8,暂无
松江,驿(驛),[空],yeq8(ɦiʌʔ²),yeq8,暂无
松江,燡(燡),[空],yeq8(ɦiʌʔ²),yeq8,暂无
松江,缢(縊),[空],ieq7(iʌʔ⁴),ieq7,暂无
松江,忆(憶),[空],ieq7(iʌʔ⁴),ieq7,暂无
松江,亿(億),[空],ieq7(iʌʔ⁴),ieq7,暂无
松江,抑(抑),[空],ieq7(iʌʔ⁴),ieq7,暂无
松江,益(益),[空],ieq7(iʌʔ⁴),ieq7,暂无
松江,溢(溢),[空],ieq7(iʌʔ⁴),ieq7,暂无
松江,拨(撥),[空],peq7(ɓəʔ⁴),peq7,暂无
松江,钵(缽),[空],peq7(ɓəʔ⁴),peq7,暂无
松江,不(不),[空],peq7(ɓəʔ⁴),peq7,暂无
松江,泼(潑),[空],pheq7(pʰəʔ⁴),pheq7,暂无
松江,葡(葡),白,beq8(bəʔ²),beq8,暂无
松江,鼻(鼻),[空],beq8(bəʔ²),beq8,暂无
松江,钹(鈸),[空],beq8(bəʔ²),beq8,暂无
松江,别(別),~人,beq8(bəʔ²),beq8,暂无
松江,孛(孛),[空],beq8(bəʔ²),beq8,暂无
松江,荸(荸),[空],beq8(bəʔ²),beq8,暂无
松江,勃(勃),[空],beq8(bəʔ²),beq8,暂无
松江,渤(渤),[空],beq8(bəʔ²),beq8,暂无
松江,饽(餑),[空],beq8(bəʔ²),beq8,暂无
松江,𡋯(𡋯),量词，块,beq8(bəʔ²),beq8,暂无
松江,末(末),[空],meq8(məʔ²),meq8,暂无
松江,抹(抹),[空],meq8(məʔ²),meq8,暂无
松江,沫(沫),[空],meq8(məʔ²),meq8,暂无
松江,没(沒),沉~,meq8(məʔ²),meq8,暂无
松江,殁(歿),[空],meq8(məʔ²),meq8,暂无
松江,物(物),~事,meq8(məʔ²),meq8,暂无
松江,忽(忽),[空],feq7(ɸəʔ⁴),feq7,暂无
松江,笏(笏),[空],feq7(ɸəʔ⁴),feq7,暂无
松江,寣(寣),[空],feq7(ɸəʔ⁴),feq7,暂无
松江,弗(弗),[空],feq7(ɸəʔ⁴),feq7,暂无
松江,彿(彿),[空],feq7(ɸəʔ⁴),feq7,暂无
松江,拂(拂),[空],feq7(ɸəʔ⁴),feq7,暂无
松江,勿(勿),文,feq7(ɸəʔ⁴),feq7,暂无
松江,猢(猢),[空],veq8(βəʔ²),veq8,暂无
松江,活(活),[空],veq8(βəʔ²),veq8,暂无
松江,佛(佛),[空],veq8(βəʔ²),veq8,暂无
松江,物(物),人~,veq8(βəʔ²),veq8,暂无
松江,答(答),[空],teq7(ɗəʔ⁴),teq7,暂无
松江,脱(脫),相当于“掉”,theq7(tʰəʔ⁴),theq7,暂无
松江,忒(忒),又,theq7(tʰəʔ⁴),theq7,暂无
松江,叠(疊),~起来,deq8(dəʔ²),deq8,暂无
松江,突(突),[空],deq8(dəʔ²),deq8,暂无
松江,凸(凸),[空],deq8(dəʔ²),deq8,暂无
松江,纳(納),[空],neq8(nəʔ²),neq8,暂无
松江,呐(吶),[空],neq8(nəʔ²),neq8,暂无
松江,衲(衲),老~,neq8(nəʔ²),neq8,暂无
松江,肋(肋),又,leq8(ləʔ²),leq8,暂无
松江,勒(勒),又,leq8(ləʔ²),leq8,暂无
松江,这(這),[空],tseq7(ʦəʔ⁴),tseq7,暂无
松江,只(只),~要,tseq7(ʦəʔ⁴),tseq7,暂无
松江,摺(摺),[空],tseq7(ʦəʔ⁴),tseq7,暂无
松江,褶(褶),[空],tseq7(ʦəʔ⁴),tseq7,暂无
松江,执(執),[空],tseq7(ʦəʔ⁴),tseq7,暂无
松江,汁(汁),[空],tseq7(ʦəʔ⁴),tseq7,暂无
松江,折(折),骨~,tseq7(ʦəʔ⁴),tseq7,暂无
松江,浙(浙),[空],tseq7(ʦəʔ⁴),tseq7,暂无
松江,哲(哲),[空],tseq7(ʦəʔ⁴),tseq7,暂无
松江,蜇(蜇),[空],tseq7(ʦəʔ⁴),tseq7,暂无
松江,辄(輒),[空],tseq7(ʦəʔ⁴),tseq7,暂无
松江,嘬(嘬),[空],tseq7(ʦəʔ⁴),tseq7,暂无
松江,㰵(㰵),[空],tseq7(ʦəʔ⁴),tseq7,暂无
松江,质(質),[空],tseq7(ʦəʔ⁴),tseq7,暂无
松江,卒(卒),[空],tseq7(ʦəʔ⁴),tseq7,暂无
松江,拙(拙),[空],tseq7(ʦəʔ⁴),tseq7,暂无
松江,䂐(䂐),[空],tseq7(ʦəʔ⁴),tseq7,暂无
松江,摘(摘),指~,tseq7(ʦəʔ⁴),tseq7,暂无
松江,彻(徹),[空],tsheq7(ʦʰəʔ⁴),tsheq7,暂无
松江,撤(撤),[空],tsheq7(ʦʰəʔ⁴),tsheq7,暂无
松江,澈(澈),[空],tsheq7(ʦʰəʔ⁴),tsheq7,暂无
松江,辙(轍),[空],tsheq7(ʦʰəʔ⁴),tsheq7,暂无
松江,猝(猝),[空],tsheq7(ʦʰəʔ⁴),tsheq7,暂无
松江,焌(焌),[空],tsheq7(ʦʰəʔ⁴),tsheq7,暂无
松江,黢(黢),又,tsheq7(ʦʰəʔ⁴),tsheq7,暂无
松江,出(出),[空],tsheq7(ʦʰəʔ⁴),tsheq7,暂无
松江,掣(掣),[空],tsheq7(ʦʰəʔ⁴),tsheq7,暂无
松江,叱(叱),[空],tsheq7(ʦʰəʔ⁴),tsheq7,暂无
松江,摄(攝),[空],seq7(səʔ⁴),seq7,暂无
松江,涩(澀),[空],seq7(səʔ⁴),seq7,暂无
松江,湿(濕),文,seq7(səʔ⁴),seq7,暂无
松江,十(十),五~,seq7(səʔ⁴),seq7,暂无
松江,设(設),[空],seq7(səʔ⁴),seq7,暂无
松江,涮(涮),[空],seq7(səʔ⁴),seq7,暂无
松江,刷(刷),[空],seq7(səʔ⁴),seq7,暂无
松江,说(說),又,seq7(səʔ⁴),seq7,暂无
松江,虱(蝨),[空],seq7(səʔ⁴),seq7,暂无
松江,失(失),[空],seq7(səʔ⁴),seq7,暂无
松江,率(率),~领,seq7(səʔ⁴),seq7,暂无
松江,摔(摔),~跤,seq7(səʔ⁴),seq7,暂无
松江,蟀(蟀),又,seq7(səʔ⁴),seq7,暂无
松江,穑(穡),又,seq7(səʔ⁴),seq7,暂无
松江,释(釋),又，保~,seq7(səʔ⁴),seq7,暂无
松江,𢶍(𢶍),塞紧,seq7(səʔ⁴),seq7,暂无
松江,杂(雜),[空],zeq8(zəʔ²),zeq8,暂无
松江,涉(涉),[空],zeq8(zəʔ²),zeq8,暂无
松江,蛰(蟄),[空],zeq8(zəʔ²),zeq8,暂无
松江,十(十),[空],zeq8(zəʔ²),zeq8,暂无
松江,什(什),[空],zeq8(zəʔ²),zeq8,暂无
松江,拾(拾),[空],zeq8(zəʔ²),zeq8,暂无
松江,入(入),文,zeq8(zəʔ²),zeq8,暂无
松江,舌(舌),[空],zeq8(zəʔ²),zeq8,暂无
松江,热(熱),文,zeq8(zəʔ²),zeq8,暂无
松江,折(折),~脚,zeq8(zəʔ²),zeq8,暂无
松江,侄(侄),[空],zeq8(zəʔ²),zeq8,暂无
松江,秩(秩),[空],zeq8(zəʔ²),zeq8,暂无
松江,实(實),[空],zeq8(zəʔ²),zeq8,暂无
松江,日(日),文,zeq8(zəʔ²),zeq8,暂无
松江,朮(朮),白~,zeq8(zəʔ²),zeq8,暂无
松江,術(術),[空],zeq8(zəʔ²),zeq8,暂无
松江,述(述),[空],zeq8(zəʔ²),zeq8,暂无
松江,秫(秫),[空],zeq8(zəʔ²),zeq8,暂无
松江,掷(擲),文,zeq8(zəʔ²),zeq8,暂无
松江,柑(柑),金~：金桔,keq7(kəʔ⁴),keq7,暂无
松江,合(合),十~一升,keq7(kəʔ⁴),keq7,暂无
松江,蛤(蛤),[空],keq7(kəʔ⁴),keq7,暂无
松江,佮(佮),[空],keq7(kəʔ⁴),keq7,暂无
松江,鸽(鴿),[空],keq7(kəʔ⁴),keq7,暂无
松江,葛(葛),[空],keq7(kəʔ⁴),keq7,暂无
松江,吃(吃),~嘴：口吃,keq7(kəʔ⁴),keq7,暂无
松江,虼(虼),[空],keq7(kəʔ⁴),keq7,暂无
松江,胳(胳),[空],keq7(kəʔ⁴),keq7,暂无
松江,咳(咳),[空],kheq7(kʰəʔ⁴),kheq7,暂无
松江,磕(磕),[空],kheq7(kʰəʔ⁴),kheq7,暂无
松江,嗑(嗑),[空],kheq7(kʰəʔ⁴),kheq7,暂无
松江,瞌(瞌),[空],kheq7(kʰəʔ⁴),kheq7,暂无
松江,搕(搕),撞击,kheq7(kʰəʔ⁴),kheq7,暂无
松江,渴(渴),又,kheq7(kʰəʔ⁴),kheq7,暂无
松江,搿(搿),夹,geq8(ɡəʔ²),geq8,暂无
松江,杌(杌),[空],ngeq8(ŋəʔ²),ngeq8,暂无
松江,喝(喝),~彩,heq7(həʔ⁴),heq7,暂无
松江,合(合),~作,gheq8(ɦəʔ²),gheq8,暂无
松江,阖(闔),[空],gheq8(ɦəʔ²),gheq8,暂无
松江,閤(閤),[空],gheq8(ɦəʔ²),gheq8,暂无
松江,曷(曷),[空],eq7(əʔ⁴),eq7,暂无
松江,盦(盦),[空],eq7(əʔ⁴),eq7,暂无
松江,鳖(鱉),[空],piq7(ɓiɪʔ⁴),piq7,暂无
松江,憋(憋),[空],piq7(ɓiɪʔ⁴),piq7,暂无
松江,瘪(癟),[空],piq7(ɓiɪʔ⁴),piq7,暂无
松江,必(必),[空],piq7(ɓiɪʔ⁴),piq7,暂无
松江,毕(畢),[空],piq7(ɓiɪʔ⁴),piq7,暂无
松江,哔(嗶),~叽,piq7(ɓiɪʔ⁴),piq7,暂无
松江,壁(壁),听~脚,piq7(ɓiɪʔ⁴),piq7,暂无
松江,撇(撇),脚向内斜,phiq7(pʰiɪʔ⁴),phiq7,暂无
松江,瞥(瞥),[空],phiq7(pʰiɪʔ⁴),phiq7,暂无
松江,枇(枇),~杷,biq8(biɪʔ²),biq8,暂无
松江,鼻(鼻),又,biq8(biɪʔ²),biq8,暂无
松江,别(別),区~,biq8(biɪʔ²),biq8,暂无
松江,蹩(蹩),[空],biq8(biɪʔ²),biq8,暂无
松江,㧙(㧙),[空],biq8(biɪʔ²),biq8,暂无
松江,弼(弼),[空],biq8(biɪʔ²),biq8,暂无
松江,愎(愎),[空],biq8(biɪʔ²),biq8,暂无
松江,𧼱(𧼱),比：~苗头,biq8(biɪʔ²),biq8,暂无
松江,灭(滅),[空],miq8(miɪʔ²),miq8,暂无
松江,篾(篾),[空],miq8(miɪʔ²),miq8,暂无
松江,蔑(蔑),[空],miq8(miɪʔ²),miq8,暂无
松江,密(密),[空],miq8(miɪʔ²),miq8,暂无
松江,蜜(蜜),[空],miq8(miɪʔ²),miq8,暂无
松江,幂(冪),[空],miq8(miɪʔ²),miq8,暂无
松江,觅(覓),[空],miq8(miɪʔ²),miq8,暂无
松江,跌(跌),[空],tiq7(ɗiɪʔ⁴),tiq7,暂无
松江,贴(貼),[空],thiq7(tʰiɪʔ⁴),thiq7,暂无
松江,帖(帖),[空],thiq7(tʰiɪʔ⁴),thiq7,暂无
松江,铁(鐵),[空],thiq7(tʰiɪʔ⁴),thiq7,暂无
松江,迭(迭),[空],diq8(diɪʔ²),diq8,暂无
松江,碟(碟),[空],diq8(diɪʔ²),diq8,暂无
松江,蝶(蝶),[空],diq8(diɪʔ²),diq8,暂无
松江,谍(諜),[空],diq8(diɪʔ²),diq8,暂无
松江,喋(喋),[空],diq8(diɪʔ²),diq8,暂无
松江,牒(牒),[空],diq8(diɪʔ²),diq8,暂无
松江,立(立),[空],liq8(liɪʔ²),liq8,暂无
松江,笠(笠),[空],liq8(liɪʔ²),liq8,暂无
松江,列(列),[空],liq8(liɪʔ²),liq8,暂无
松江,裂(裂),[空],liq8(liɪʔ²),liq8,暂无
松江,烈(烈),[空],liq8(liɪʔ²),liq8,暂无
松江,捩(捩),[空],liq8(liɪʔ²),liq8,暂无
松江,挒(挒),[空],liq8(liɪʔ²),liq8,暂无
松江,劣(劣),[空],liq8(liɪʔ²),liq8,暂无
松江,栗(栗),[空],liq8(liɪʔ²),liq8,暂无
松江,率(率),速~,liq8(liɪʔ²),liq8,暂无
松江,律(律),[空],liq8(liɪʔ²),liq8,暂无
松江,曆(曆),[空],liq8(liɪʔ²),liq8,暂无
松江,歷(歷),[空],liq8(liɪʔ²),liq8,暂无
松江,雳(靂),又,liq8(liɪʔ²),liq8,暂无
松江,沥(瀝),[空],liq8(liɪʔ²),liq8,暂无
松江,砾(礫),[空],liq8(liɪʔ²),liq8,暂无
松江,𧛿(𧛿),斜缠于身,liq8(liɪʔ²),liq8,暂无
松江,接(接),[空],tsiq7(ʦiɪʔ⁴),tsiq7,暂无
松江,节(節),[空],tsiq7(ʦiɪʔ⁴),tsiq7,暂无
松江,疖(癤),[空],tsiq7(ʦiɪʔ⁴),tsiq7,暂无
松江,妾(妾),[空],tshiq7(ʦʰiɪʔ⁴),tshiq7,暂无
松江,缉(緝),文,tshiq7(ʦʰiɪʔ⁴),tshiq7,暂无
松江,辑(輯),[空],tshiq7(ʦʰiɪʔ⁴),tshiq7,暂无
松江,楫(楫),[空],tshiq7(ʦʰiɪʔ⁴),tshiq7,暂无
松江,切(切),[空],tshiq7(ʦʰiɪʔ⁴),tshiq7,暂无
松江,窃(竊),[空],tshiq7(ʦʰiɪʔ⁴),tshiq7,暂无
松江,七(七),[空],tshiq7(ʦʰiɪʔ⁴),tshiq7,暂无
松江,柒(柒),[空],tshiq7(ʦʰiɪʔ⁴),tshiq7,暂无
松江,戚(戚),[空],tshiq7(ʦʰiɪʔ⁴),tshiq7,暂无
松江,槭(槭),[空],tshiq7(ʦʰiɪʔ⁴),tshiq7,暂无
松江,髓(髓),[空],siq7(siɪʔ⁴),siq7,暂无
松江,薛(薛),[空],siq7(siɪʔ⁴),siq7,暂无
松江,泄(洩),[空],siq7(siɪʔ⁴),siq7,暂无
松江,屑(屑),[空],siq7(siɪʔ⁴),siq7,暂无
松江,雪(雪),[空],siq7(siɪʔ⁴),siq7,暂无
松江,捷(捷),[空],ziq8(ziɪʔ²),ziq8,暂无
松江,集(集),[空],ziq8(ziɪʔ²),ziq8,暂无
松江,习(習),[空],ziq8(ziɪʔ²),ziq8,暂无
松江,袭(襲),[空],ziq8(ziɪʔ²),ziq8,暂无
松江,截(截),[空],ziq8(ziɪʔ²),ziq8,暂无
松江,绝(絕),[空],ziq8(ziɪʔ²),ziq8,暂无
松江,籍(籍),[空],ziq8(ziɪʔ²),ziq8,暂无
松江,藉(藉),又,ziq8(ziɪʔ²),ziq8,暂无
松江,髻(髻),[空],ciq7(ciɪʔ⁴),ciq7,暂无
松江,挟(挾),白,ciq7(ciɪʔ⁴),ciq7,暂无
松江,荚(莢),白,ciq7(ciɪʔ⁴),ciq7,暂无
松江,颊(頰),[空],ciq7(ciɪʔ⁴),ciq7,暂无
松江,急(急),[空],ciq7(ciɪʔ⁴),ciq7,暂无
松江,劫(劫),[空],ciq7(ciɪʔ⁴),ciq7,暂无
松江,给(給),[空],ciq7(ciɪʔ⁴),ciq7,暂无
松江,孑(孑),[空],ciq7(ciɪʔ⁴),ciq7,暂无
松江,揭(揭),文,ciq7(ciɪʔ⁴),ciq7,暂无
松江,洁(潔),[空],ciq7(ciɪʔ⁴),ciq7,暂无
松江,结(結),[空],ciq7(ciɪʔ⁴),ciq7,暂无
松江,诘(詰),[空],ciq7(ciɪʔ⁴),ciq7,暂无
松江,䥛(䥛),镰刀,ciq7(ciɪʔ⁴),ciq7,暂无
松江,吉(吉),[空],ciq7(ciɪʔ⁴),ciq7,暂无
松江,咭(咭),[空],ciq7(ciɪʔ⁴),ciq7,暂无
松江,墼(墼),[空],ciq7(ciɪʔ⁴),ciq7,暂无
松江,泣(泣),[空],chiq7(cʰiɪʔ⁴),chiq7,暂无
松江,怯(怯),[空],chiq7(cʰiɪʔ⁴),chiq7,暂无
松江,及(及),[空],jiq8(ɟiɪʔ²),jiq8,暂无
松江,笈(笈),[空],jiq8(ɟiɪʔ²),jiq8,暂无
松江,汲(汲),[空],jiq8(ɟiɪʔ²),jiq8,暂无
松江,桀(桀),[空],jiq8(ɟiɪʔ²),jiq8,暂无
松江,杰(傑),[空],jiq8(ɟiɪʔ²),jiq8,暂无
松江,竭(竭),[空],jiq8(ɟiɪʔ²),jiq8,暂无
松江,聂(聶),[空],gniq8(ɲiɪʔ²),gniq8,暂无
松江,镊(鑷),[空],gniq8(ɲiɪʔ²),gniq8,暂无
松江,蹑(躡),[空],gniq8(ɲiɪʔ²),gniq8,暂无
松江,业(業),[空],gniq8(ɲiɪʔ²),gniq8,暂无
松江,臬(臬),[空],gniq8(ɲiɪʔ²),gniq8,暂无
松江,镍(鎳),[空],gniq8(ɲiɪʔ²),gniq8,暂无
松江,入(入),~舍：入赘。白,gniq8(ɲiɪʔ²),gniq8,暂无
松江,热(熱),白,gniq8(ɲiɪʔ²),gniq8,暂无
松江,孽(孽),[空],gniq8(ɲiɪʔ²),gniq8,暂无
松江,日(日),白,gniq8(ɲiɪʔ²),gniq8,暂无
松江,胁(脅),[空],shiq7(çiɪʔ⁴),shiq7,暂无
松江,吸(吸),[空],shiq7(çiɪʔ⁴),shiq7,暂无
松江,揭(揭),白,shiq7(çiɪʔ⁴),shiq7,暂无
松江,歇(歇),[空],shiq7(çiɪʔ⁴),shiq7,暂无
松江,蝎(蠍),[空],shiq7(çiɪʔ⁴),shiq7,暂无
松江,楔(楔),[空],shiq7(çiɪʔ⁴),shiq7,暂无
松江,隙(隙),[空],shiq7(çiɪʔ⁴),shiq7,暂无
松江,叶(葉),[空],ghiq8(ɦiɪʔ²),ghiq8,暂无
松江,页(頁),[空],ghiq8(ɦiɪʔ²),ghiq8,暂无
松江,拽(拽),[空],ghiq8(ɦiɪʔ²),ghiq8,暂无
松江,曳(曳),[空],ghiq8(ɦiɪʔ²),ghiq8,暂无
松江,掖(掖),[空],ghiq8(ɦiɪʔ²),ghiq8,暂无
松江,烨(燁),[空],ghiq8(ɦiɪʔ²),ghiq8,暂无
松江,晔(曄),[空],ghiq8(ɦiɪʔ²),ghiq8,暂无
松江,靥(靨),[空],iq7(iɪʔ⁴),iq7,暂无
松江,揖(揖),[空],iq7(iɪʔ⁴),iq7,暂无
松江,𨜯(𨜯),[空],iq7(iɪʔ⁴),iq7,暂无
松江,谒(謁),[空],iq7(iɪʔ⁴),iq7,暂无
松江,咽(咽),呜~,iq7(iɪʔ⁴),iq7,暂无
松江,噎(噎),[空],iq7(iɪʔ⁴),iq7,暂无
松江,壹(壹),[空],iq7(iɪʔ⁴),iq7,暂无
松江,一(一),[空],iq7(iɪʔ⁴),iq7,暂无
松江,乙(乙),[空],iq7(iɪʔ⁴),iq7,暂无
松江,邑(邑),[空],iq7(iɪʔ⁴),iq7,暂无
松江,剐(剮),白,kueq7(kuəʔ⁴),kueq7,暂无
松江,割(割),又,kueq7(kuəʔ⁴),kueq7,暂无
松江,骨(骨),[空],kueq7(kuəʔ⁴),kueq7,暂无
松江,虢(虢),[空],kueq7(kuəʔ⁴),kueq7,暂无
松江,汩(汩),[空],kueq7(kuəʔ⁴),kueq7,暂无
松江,阔(闊),[空],khueq7(kʰuəʔ⁴),khueq7,暂无
松江,窟(窟),[空],khueq7(kʰuəʔ⁴),khueq7,暂无
松江,勿(勿),白,ueq7(uəʔ⁴),ueq7,暂无
松江,殟(殟),~塞：胸闷,ueq7(uəʔ⁴),ueq7,暂无
松江,𩑦(𩑦),纳头入水,ueq7(uəʔ⁴),ueq7,暂无
松江,膊(膊),赤~,poq7(ɓoʔ⁴),poq7,暂无
松江,剥(剝),[空],poq7(ɓoʔ⁴),poq7,暂无
松江,驳(駁),[空],poq7(ɓoʔ⁴),poq7,暂无
松江,北(北),[空],poq7(ɓoʔ⁴),poq7,暂无
松江,卜(卜),占~,poq7(ɓoʔ⁴),poq7,暂无
松江,仆(僕),倒,phoq7(pʰoʔ⁴),phoq7,暂无
松江,覆(覆),合~,phoq7(pʰoʔ⁴),phoq7,暂无
松江,伏(伏),趴,boq8(boʔ²),boq8,暂无
松江,卜(蔔),萝~,boq8(boʔ²),boq8,暂无
松江,福(福),[空],foq7(ɸoʔ⁴),foq7,暂无
松江,幅(幅),[空],foq7(ɸoʔ⁴),foq7,暂无
松江,蝠(蝠),[空],foq7(ɸoʔ⁴),foq7,暂无
松江,辐(輻),[空],foq7(ɸoʔ⁴),foq7,暂无
松江,腹(腹),[空],foq7(ɸoʔ⁴),foq7,暂无
松江,複(複),[空],foq7(ɸoʔ⁴),foq7,暂无
松江,馥(馥),[空],foq7(ɸoʔ⁴),foq7,暂无
松江,覆(覆),上~,foq7(ɸoʔ⁴),foq7,暂无
松江,蝮(蝮),[空],foq7(ɸoʔ⁴),foq7,暂无
松江,復(復),恢~,voq8(βoʔ²),voq8,暂无
松江,服(服),[空],voq8(βoʔ²),voq8,暂无
松江,伏(伏),三~,voq8(βoʔ²),voq8,暂无
松江,茯(茯),[空],voq8(βoʔ²),voq8,暂无
松江,袱(袱),[空],voq8(βoʔ²),voq8,暂无
松江,笃(篤),又,toq7(ɗoʔ⁴),toq7,暂无
松江,督(督),[空],toq7(ɗoʔ⁴),toq7,暂无
松江,𧝴(𧝴),又,toq7(ɗoʔ⁴),toq7,暂无
松江,㞘(㞘),[空],toq7(ɗoʔ⁴),toq7,暂无
松江,䐁(䐁),女阴,toq7(ɗoʔ⁴),toq7,暂无
松江,秃(禿),[空],thoq7(tʰoʔ⁴),thoq7,暂无
松江,独(獨),[空],doq8(doʔ²),doq8,暂无
松江,读(讀),[空],doq8(doʔ²),doq8,暂无
松江,牍(牘),[空],doq8(doʔ²),doq8,暂无
松江,犊(犢),[空],doq8(doʔ²),doq8,暂无
松江,渎(瀆),[空],doq8(doʔ²),doq8,暂无
松江,椟(櫝),[空],doq8(doʔ²),doq8,暂无
松江,黩(黷),[空],doq8(doʔ²),doq8,暂无
松江,毒(毒),[空],doq8(doʔ²),doq8,暂无
松江,鹿(鹿),[空],loq8(loʔ²),loq8,暂无
松江,簏(簏),[空],loq8(loʔ²),loq8,暂无
松江,麓(麓),[空],loq8(loʔ²),loq8,暂无
松江,辘(轆),[空],loq8(loʔ²),loq8,暂无
松江,蹗(蹗),起身,loq8(loʔ²),loq8,暂无
松江,盝(盝),~水：略洗,loq8(loʔ²),loq8,暂无
松江,䃙(䃙),~砖,loq8(loʔ²),loq8,暂无
松江,禄(祿),[空],loq8(loʔ²),loq8,暂无
松江,六(六),[空],loq8(loʔ²),loq8,暂无
松江,陆(陸),[空],loq8(loʔ²),loq8,暂无
松江,戮(戮),[空],loq8(loʔ²),loq8,暂无
松江,录(錄),[空],loq8(loʔ²),loq8,暂无
松江,绿(綠),[空],loq8(loʔ²),loq8,暂无
松江,碌(碌),[空],loq8(loʔ²),loq8,暂无
松江,簇(簇),挤在一起,tsoq7(ʦoʔ⁴),tsoq7,暂无
松江,竹(竹),[空],tsoq7(ʦoʔ⁴),tsoq7,暂无
松江,筑(築),[空],tsoq7(ʦoʔ⁴),tsoq7,暂无
松江,竺(竺),[空],tsoq7(ʦoʔ⁴),tsoq7,暂无
松江,粥(粥),[空],tsoq7(ʦoʔ⁴),tsoq7,暂无
松江,祝(祝),[空],tsoq7(ʦoʔ⁴),tsoq7,暂无
松江,足(足),[空],tsoq7(ʦoʔ⁴),tsoq7,暂无
松江,烛(燭),[空],tsoq7(ʦoʔ⁴),tsoq7,暂无
松江,嘱(囑),[空],tsoq7(ʦoʔ⁴),tsoq7,暂无
松江,瞩(矚),[空],tsoq7(ʦoʔ⁴),tsoq7,暂无
松江,喌(喌),[空],tsoq7(ʦoʔ⁴),tsoq7,暂无
松江,戳(戳),[空],tshoq7(ʦʰoʔ⁴),tshoq7,暂无
松江,擉(擉),[空],tshoq7(ʦʰoʔ⁴),tshoq7,暂无
松江,簇(簇),[空],tshoq7(ʦʰoʔ⁴),tshoq7,暂无
松江,镞(鏃),[空],tshoq7(ʦʰoʔ⁴),tshoq7,暂无
松江,畜(畜),~牲,tshoq7(ʦʰoʔ⁴),tshoq7,暂无
松江,促(促),[空],tshoq7(ʦʰoʔ⁴),tshoq7,暂无
松江,蹙(蹙),[空],tshoq7(ʦʰoʔ⁴),tshoq7,暂无
松江,蹴(蹴),[空],tshoq7(ʦʰoʔ⁴),tshoq7,暂无
松江,触(觸),[空],tshoq7(ʦʰoʔ⁴),tshoq7,暂无
松江,矗(矗),[空],tshoq7(ʦʰoʔ⁴),tshoq7,暂无
松江,十(十),~五，又,soq7(soʔ⁴),soq7,暂无
松江,速(速),[空],soq7(soʔ⁴),soq7,暂无
松江,簌(簌),[空],soq7(soʔ⁴),soq7,暂无
松江,肃(肅),[空],soq7(soʔ⁴),soq7,暂无
松江,宿(宿),~舍,soq7(soʔ⁴),soq7,暂无
松江,夙(夙),[空],soq7(soʔ⁴),soq7,暂无
松江,叔(叔),[空],soq7(soʔ⁴),soq7,暂无
松江,粟(粟),[空],soq7(soʔ⁴),soq7,暂无
松江,束(束),[空],soq7(soʔ⁴),soq7,暂无
松江,族(族),[空],zoq8(zoʔ²),zoq8,暂无
松江,逐(逐),白,zoq8(zoʔ²),zoq8,暂无
松江,熟(熟),[空],zoq8(zoʔ²),zoq8,暂无
松江,孰(孰),[空],zoq8(zoʔ²),zoq8,暂无
松江,塾(塾),[空],zoq8(zoʔ²),zoq8,暂无
松江,淑(淑),[空],zoq8(zoʔ²),zoq8,暂无
松江,肉(肉),文,zoq8(zoʔ²),zoq8,暂无
松江,俗(俗),[空],zoq8(zoʔ²),zoq8,暂无
松江,续(續),[空],zoq8(zoʔ²),zoq8,暂无
松江,赎(贖),[空],zoq8(zoʔ²),zoq8,暂无
松江,蜀(蜀),~萁,zoq8(zoʔ²),zoq8,暂无
松江,属(屬),[空],zoq8(zoʔ²),zoq8,暂无
松江,国(國),[空],koq7(koʔ⁴),koq7,暂无
松江,谷(谷),[空],koq7(koʔ⁴),koq7,暂无
松江,谷(穀),[空],koq7(koʔ⁴),koq7,暂无
松江,哭(哭),[空],khoq7(kʰoʔ⁴),khoq7,暂无
松江,酷(酷),[空],khoq7(kʰoʔ⁴),khoq7,暂无
松江,或(或),[空],ghoq8(ɦoʔ²),ghoq8,暂无
松江,惑(惑),[空],ghoq8(ɦoʔ²),ghoq8,暂无
松江,获(獲),[空],ghoq8(ɦoʔ²),ghoq8,暂无
松江,斛(斛),[空],ghoq8(ɦoʔ²),ghoq8,暂无
松江,屋(屋),[空],oq7(oʔ⁴),oq7,暂无
松江,菊(菊),[空],cioq7(cioʔ⁴),cioq7,暂无
松江,鞠(鞠),[空],cioq7(cioʔ⁴),cioq7,暂无
松江,掬(掬),[空],cioq7(cioʔ⁴),cioq7,暂无
松江,麴(麴),文,cioq7(cioʔ⁴),cioq7,暂无
松江,麴(麴),[空],chioq7(cʰioʔ⁴),chioq7,暂无
松江,曲(曲),[空],chioq7(cʰioʔ⁴),chioq7,暂无
松江,蛐(蛐),[空],chioq7(cʰioʔ⁴),chioq7,暂无
松江,轴(軸),[空],jioq8(ɟioʔ²),jioq8,暂无
松江,碡(碡),[空],jioq8(ɟioʔ²),jioq8,暂无
松江,逐(逐),文,jioq8(ɟioʔ²),jioq8,暂无
松江,妯(妯),[空],jioq8(ɟioʔ²),jioq8,暂无
松江,局(局),[空],jioq8(ɟioʔ²),jioq8,暂无
松江,侷(侷),曲背,jioq8(ɟioʔ²),jioq8,暂无
松江,肉(肉),白,gnioq8(ɲioʔ²),gnioq8,暂无
松江,褥(褥),[空],gnioq8(ɲioʔ²),gnioq8,暂无
松江,玉(玉),[空],gnioq8(ɲioʔ²),gnioq8,暂无
松江,狱(獄),白,gnioq8(ɲioʔ²),gnioq8,暂无
松江,畜(畜),~牧,shioq7(çioʔ⁴),shioq7,暂无
松江,蓄(蓄),[空],shioq7(çioʔ⁴),shioq7,暂无
松江,旭(旭),[空],shioq7(çioʔ⁴),shioq7,暂无
松江,域(域),[空],yoq8(ɦioʔ²),yoq8,暂无
松江,疫(疫),[空],yoq8(ɦioʔ²),yoq8,暂无
松江,役(役),[空],yoq8(ɦioʔ²),yoq8,暂无
松江,育(育),[空],yoq8(ɦioʔ²),yoq8,暂无
松江,煜(煜),[空],yoq8(ɦioʔ²),yoq8,暂无
松江,昱(昱),[空],yoq8(ɦioʔ²),yoq8,暂无
松江,毓(毓),[空],yoq8(ɦioʔ²),yoq8,暂无
松江,浴(浴),[空],yoq8(ɦioʔ²),yoq8,暂无
松江,欲(欲),[空],yoq8(ɦioʔ²),yoq8,暂无
松江,慾(慾),[空],yoq8(ɦioʔ²),yoq8,暂无
松江,狱(獄),文,yoq8(ɦioʔ²),yoq8,暂无
松江,郁(郁),姓,ioq7(ioʔ⁴),ioq7,暂无
松江,儿(兒),文,əl2(ɦəl³¹),əl2,暂无
松江,而(而),[空],əl2(ɦəl³¹),əl2,暂无
松江,二(二),文,əl6(ɦəl¹³),əl6,暂无
松江,贰(貳),文,əl6(ɦəl¹³),əl6,暂无
松江,尔(爾),[空],əl3(əl⁴⁴),əl3,暂无
松江,耳(耳),文,əl3(əl⁴⁴),əl3,暂无
松江,饵(餌),[空],əl3(əl⁴⁴),əl3,暂无
松江,洱(洱),[空],əl3(əl⁴⁴),əl3,暂无
松江,母(母),丈~,m4(ɦm̩²²),m4,暂无
松江,亩(畝),白,m4(ɦm̩²²),m4,暂无
松江,姆(姆),伯~：妯娌,m4(ɦm̩²²),m4,暂无
松江,姆(姆),~妈,m1(m̩⁵³),m1,暂无
松江,呒(嘸),没有,m1(m̩⁵³),m1,暂无
松江,我(我),~奴，又,n4(ɦn̩²²),n4,暂无
松江,吴(吳),白,ng2(ɦŋ̍³¹),ng2,暂无
松江,梧(梧),白,ng2(ɦŋ̍³¹),ng2,暂无
松江,鱼(魚),白,ng2(ɦŋ̍³¹),ng2,暂无
松江,儿(兒),白,ng2(ɦŋ̍³¹),ng2,暂无
松江,我(我),~奴：我,ng4(ɦŋ̍²²),ng4,暂无
松江,五(五),白,ng4(ɦŋ̍²²),ng4,暂无
松江,伍(伍),白,ng4(ɦŋ̍²²),ng4,暂无
松江,午(午),白,ng4(ɦŋ̍²²),ng4,暂无
松江,仵(仵),白,ng4(ɦŋ̍²²),ng4,暂无
松江,忤(忤),白,ng6(ɦŋ̍¹³),ng6,暂无
松江,恨(恨),~勿则得：恨不得,ng6(ɦŋ̍¹³),ng6,暂无
松江,嗯(嗯),[空],ng1(ŋ̍⁵³),ng1,暂无